[{"stream_name":"stderr","time":6.339497119,"data":"0.00s - Debugger warning: It seems that frozen modules are being used, which may\n"}
,{"stream_name":"stderr","time":6.339541569,"data":"0.00s - make the debugger miss breakpoints. Please pass -Xfrozen_modules=off\n"}
,{"stream_name":"stderr","time":6.339545974,"data":"0.00s - to python to disable frozen modules.\n"}
,{"stream_name":"stderr","time":6.339548614,"data":"0.00s - Note: Debugging will proceed. Set PYDEVD_DISABLE_FILE_VALIDATION=1 to disable this validation.\n"}
,{"stream_name":"stderr","time":6.910098809,"data":"0.00s - Debugger warning: It seems that frozen modules are being used, which may\n"}
,{"stream_name":"stderr","time":6.910128872,"data":"0.00s - make the debugger miss breakpoints. Please pass -Xfrozen_modules=off\n"}
,{"stream_name":"stderr","time":6.910134697,"data":"0.00s - to python to disable frozen modules.\n"}
,{"stream_name":"stderr","time":6.910144663,"data":"0.00s - Note: Debugging will proceed. Set PYDEVD_DISABLE_FILE_VALIDATION=1 to disable this validation.\n"}
,{"stream_name":"stdout","time":7.935431335,"data":"BIOHUB_PRESET: harmonic_v3_division_wide\n"}
,{"stream_name":"stdout","time":7.935457988,"data":"BIOHUB_SCORE_AXIS: 080: 061 Base + Layer 0 Continuous Sigmoid Adaptive Background Removal\n"}
,{"stream_name":"stdout","time":7.968469466,"data":"Configuration guard: PASS\n"}
,{"stream_name":"stdout","time":7.968488172,"data":"Baseline: fixed-90 dual-seed clean pipeline (public LB 0.913)\n"}
,{"stream_name":"stdout","time":7.968492907,"data":"Single model-level change: harmonic mutual-support association fusion\n"}
,{"stream_name":"stdout","time":7.968497252,"data":"Reverse-time association weight: 0.200\n"}
,{"stream_name":"stdout","time":8.752987388,"data":"Biohub learned UNet + node-transformer + ILP submission\n"}
,{"stream_name":"stdout","time":8.753017513,"data":"COMP_DIR: /kaggle/input/competitions/biohub-cell-tracking-during-development exists: True\n"}
,{"stream_name":"stdout","time":8.753022333,"data":"TEST_DIR: /kaggle/input/competitions/biohub-cell-tracking-during-development/test exists: True\n"}
,{"stream_name":"stdout","time":8.753026148,"data":"{\n"}
,{"stream_name":"stdout","time":8.753029444,"data":"  \"adaptive_short_track_rescue\": true,\n"}
,{"stream_name":"stdout","time":8.753032742,"data":"  \"allow_artifact_fallback\": false,\n"}
,{"stream_name":"stdout","time":8.753036036,"data":"  \"allow_pip_install\": false,\n"}
,{"stream_name":"stdout","time":8.753041188,"data":"  \"boundary_min_track_len\": 2,\n"}
,{"stream_name":"stdout","time":8.753047869,"data":"  \"boundary_t_margin\": 2,\n"}
,{"stream_name":"stdout","time":8.753050535,"data":"  \"boundary_track_rescue\": true,\n"}
,{"stream_name":"stdout","time":8.753052802,"data":"  \"boundary_z_margin\": 3.0,\n"}
,{"stream_name":"stdout","time":8.75305506,"data":"  \"continuous_survival_enable\": true,\n"}
,{"stream_name":"stdout","time":8.753057371,"data":"  \"deepcenter_checkpoint_default\": \"/kaggle/input/biohub-deepcenter-unet3d-center-prior-v1/weights/full_frame_center/best.pt\",\n"}
,{"stream_name":"stdout","time":8.753059952,"data":"  \"deepcenter_expected_epoch\": 2,\n"}
,{"stream_name":"stdout","time":8.753067700999999,"data":"  \"deepcenter_gap_add_gate\": true,\n"}
,{"stream_name":"stdout","time":8.753070006,"data":"  \"deepcenter_gap_confirm_min_span_um\": 8.5,\n"}
,{"stream_name":"stdout","time":8.753072444,"data":"  \"deepcenter_gap_threshold\": 0.25,\n"}
,{"stream_name":"stdout","time":8.753074903,"data":"  \"deepcenter_safe_div_add_gate\": true,\n"}
,{"stream_name":"stdout","time":8.753077205,"data":"  \"deepcenter_safe_div_threshold\": 0.25,\n"}
,{"stream_name":"stdout","time":8.753089233,"data":"  \"det_threshold\": 0.965,\n"}
,{"stream_name":"stdout","time":8.753091692,"data":"  \"div_drop_to_single_if_bad\": true,\n"}
,{"stream_name":"stdout","time":8.753094016,"data":"  \"div_parent_max_um\": 10.5,\n"}
,{"stream_name":"stdout","time":8.753096239,"data":"  \"div_sister_max_um\": 8.0,\n"}
,{"stream_name":"stdout","time":8.753098448,"data":"  \"experiment_tag\": \"061-LAYER1_SPATIAL_DETECTION\",\n"}
,{"stream_name":"stdout","time":8.753100793,"data":"  \"gap2_frame_frac_cap\": 0.006,\n"}
,{"stream_name":"stdout","time":8.753103482,"data":"  \"gap2_max_links_abs\": 180,\n"}
,{"stream_name":"stdout","time":8.753105716,"data":"  \"gap2_max_links_frac\": 0.0045,\n"}
,{"stream_name":"stdout","time":8.753107981,"data":"  \"gap2_max_step_um\": 4.0,\n"}
,{"stream_name":"stdout","time":8.753110197,"data":"  \"gap2_max_total_um\": 10.2,\n"}
,{"stream_name":"stdout","time":8.753112491,"data":"  \"gap2_require_context\": true,\n"}
,{"stream_name":"stdout","time":8.753114737,"data":"  \"gap_close_effective_max_gap\": 1,\n"}
,{"stream_name":"stdout","time":8.753117003,"data":"  \"gap_close_max_added_abs\": 2000,\n"}
,{"stream_name":"stdout","time":8.753119244,"data":"  \"gap_close_max_added_frac\": 0.05,\n"}
,{"stream_name":"stdout","time":8.753121568,"data":"  \"gap_close_max_gap\": 2,\n"}
,{"stream_name":"stdout","time":8.753123793,"data":"  \"gap_close_reuse_existing\": true,\n"}
,{"stream_name":"stdout","time":8.753126028,"data":"  \"gap_close_reuse_um\": 2.8,\n"}
,{"stream_name":"stdout","time":8.753128236,"data":"  \"gap_close_um\": 4.5,\n"}
,{"stream_name":"stdout","time":8.753130518,"data":"  \"gap_density_adaptive\": true,\n"}
,{"stream_name":"stdout","time":8.753132738,"data":"  \"gap_density_gain\": 0.04,\n"}
,{"stream_name":"stdout","time":8.753135023,"data":"  \"gap_density_max_step_delta_um\": 0.125,\n"}
,{"stream_name":"stdout","time":8.753137292,"data":"  \"gap_density_neighbors\": 3,\n"}
,{"stream_name":"stdout","time":8.75313959,"data":"  \"gap_density_reference_um\": 6.5,\n"}
,{"stream_name":"stdout","time":8.753141838,"data":"  \"gap_refine_max_shift_um\": 3.2,\n"}
,{"stream_name":"stdout","time":8.753144053,"data":"  \"gap_refine_synthetic\": true,\n"}
,{"stream_name":"stdout","time":8.753146274,"data":"  \"gap_refine_win_yx\": 3,\n"}
,{"stream_name":"stdout","time":8.75314848,"data":"  \"gap_refine_win_z\": 1,\n"}
,{"stream_name":"stdout","time":8.753150704,"data":"  \"ilp_appearance_weight\": 0.0,\n"}
,{"stream_name":"stdout","time":8.75315297,"data":"  \"ilp_disappearance_weight\": 2.0,\n"}
,{"stream_name":"stdout","time":8.753155396,"data":"  \"ilp_division_weight\": 1.2,\n"}
,{"stream_name":"stdout","time":8.753157628,"data":"  \"ilp_edge_weight\": -1.0,\n"}
,{"stream_name":"stdout","time":8.753159861,"data":"  \"method\": \"unet_transformer\",\n"}
,{"stream_name":"stdout","time":8.753162178,"data":"  \"motion_relink_learned_bonus\": 1.0,\n"}
,{"stream_name":"stdout","time":8.75316445,"data":"  \"motion_relink_max_frame_nodes\": 2600,\n"}
,{"stream_name":"stdout","time":8.753166704,"data":"  \"motion_relink_relaxed_um\": 9.0,\n"}
,{"stream_name":"stdout","time":8.753168954,"data":"  \"motion_relink_tight_um\": 5.0,\n"}
,{"stream_name":"stdout","time":8.753171979,"data":"  \"motion_relink_velocity_weight\": 0.5,\n"}
,{"stream_name":"stdout","time":8.753174247,"data":"  \"output_division_geometry_filter\": false,\n"}
,{"stream_name":"stdout","time":8.753176548,"data":"  \"output_edge_max_um\": 14.0,\n"}
,{"stream_name":"stdout","time":8.753180898,"data":"  \"output_enforce_next_frame\": true,\n"}
,{"stream_name":"stdout","time":8.75318322,"data":"  \"output_filter_short_tracks\": true,\n"}
,{"stream_name":"stdout","time":8.753185453,"data":"  \"output_gap2_recovery\": true,\n"}
,{"stream_name":"stdout","time":8.753187689,"data":"  \"output_gap_close\": true,\n"}
,{"stream_name":"stdout","time":8.753189933,"data":"  \"output_keep_division_components\": true,\n"}
,{"stream_name":"stdout","time":8.753192186,"data":"  \"output_linefit_smooth\": true,\n"}
,{"stream_name":"stdout","time":8.753194434,"data":"  \"output_linefit_weight\": 0.8,\n"}
,{"stream_name":"stdout","time":8.753196693,"data":"  \"output_linefit_window\": 2,\n"}
,{"stream_name":"stdout","time":8.753198929,"data":"  \"output_min_track_len\": 6,\n"}
,{"stream_name":"stdout","time":8.753201149,"data":"  \"output_motion_relink\": true,\n"}
,{"stream_name":"stdout","time":8.753203388,"data":"  \"output_prune_isolated\": true,\n"}
,{"stream_name":"stdout","time":8.753205603,"data":"  \"output_safe_divisions\": true,\n"}
,{"stream_name":"stdout","time":8.753207821,"data":"  \"output_single_child_repair\": false,\n"}
,{"stream_name":"stdout","time":8.753210077,"data":"  \"output_single_parent_repair\": true,\n"}
,{"stream_name":"stdout","time":8.753212444999999,"data":"  \"primary_artifact_manifest\": \"/kaggle/input/datasets/pilkwang/biohub-tracking-support-pack-50ep-v1/ARTIFACT_MANIFEST.json\",\n"}
,{"stream_name":"stdout","time":8.753214966,"data":"  \"safe_div_existing_child_max_um\": 10.0,\n"}
,{"stream_name":"stdout","time":8.753217225,"data":"  \"safe_div_frame_frac_cap\": 0.0076,\n"}
,{"stream_name":"stdout","time":8.753219476,"data":"  \"safe_div_global_frac_cap\": 0.00375,\n"}
,{"stream_name":"stdout","time":8.753221758,"data":"  \"safe_div_max_um\": 9.0,\n"}
,{"stream_name":"stdout","time":8.753223972,"data":"  \"safe_div_sister_max_um\": 14.0,\n"}
,{"stream_name":"stdout","time":8.753226198,"data":"  \"short_track_rescue_max_mean_edge_dist_um\": 3.0,\n"}
,{"stream_name":"stdout","time":8.75322849,"data":"  \"short_track_rescue_max_nodes_abs\": 120,\n"}
,{"stream_name":"stdout","time":8.75323074,"data":"  \"short_track_rescue_max_nodes_frac\": 0.012,\n"}
,{"stream_name":"stdout","time":8.753233033,"data":"  \"short_track_rescue_min_len\": 4,\n"}
,{"stream_name":"stdout","time":8.753235276,"data":"  \"short_track_rescue_min_mean_edge_prob\": 0.88,\n"}
,{"stream_name":"stdout","time":8.753237544,"data":"  \"short_track_rescue_trigger_removed_frac\": 0.1,\n"}
,{"stream_name":"stdout","time":8.753239841,"data":"  \"slice\": \"\",\n"}
,{"stream_name":"stdout","time":8.753242084,"data":"  \"survival_boundary_max_bonus\": 4.5,\n"}
,{"stream_name":"stdout","time":8.753244328,"data":"  \"survival_decay_scale\": 3.0,\n"}
,{"stream_name":"stdout","time":8.753246543,"data":"  \"survival_edge_prob_weight\": 2.0,\n"}
,{"stream_name":"stdout","time":8.753248794,"data":"  \"survival_threshold\": 5.0,\n"}
,{"stream_name":"stdout","time":8.753251065,"data":"  \"target_artifact_slug\": \"biohub-tracking-support-pack-50ep-v1\",\n"}
,{"stream_name":"stdout","time":8.753253416,"data":"  \"unet_batch_size\": 8,\n"}
,{"stream_name":"stdout","time":8.753255629,"data":"  \"use_deepcenter_add_only_gate\": true,\n"}
,{"stream_name":"stdout","time":8.753257873,"data":"  \"use_ilp\": true,\n"}
,{"stream_name":"stdout","time":8.75326016,"data":"  \"weights\": \"weights/unet_transformer/split_0/edge_predictor_best.pth\"\n"}
,{"stream_name":"stdout","time":8.75326255,"data":"}\n"}
,{"stream_name":"stdout","time":8.962100761,"data":"ARTIFACTS: /kaggle/input/biohub-tracking-support-pack-50ep-v1\n"}
,{"stream_name":"stdout","time":8.96212678,"data":"Has offline wheels: True\n"}
,{"stream_name":"stdout","time":8.962131927,"data":"Artifact name: biohub-tracking-support-pack-400ep-snapshot-v1\n"}
,{"stream_name":"stdout","time":8.962136173,"data":"Weight sha256: 12f6881ee3620a831697ca098ff8f48e687a24225f4e048b538deec3562fe771\n"}
,{"stream_name":"stdout","time":8.962140091,"data":"Weight path: weights/unet_transformer/split_0/edge_predictor_best.pth\n"}
,{"stream_name":"stdout","time":9.801544406,"data":"Installing missing packages from offline package dirs: ['polars']\n"}
,{"stream_name":"stdout","time":9.801580263,"data":"Dependency resolver is disabled with --no-deps to avoid replacing Kaggle numpy/scipy in a live kernel.\n"}
,{"stream_name":"stdout","time":9.801584028,"data":"Offline package dirs: ['/kaggle/input/biohub-tracking-support-pack-50ep-v1/wheels']\n"}
,{"stream_name":"stdout","time":14.797752887,"data":"Offline dependency install succeeded.\n"}
,{"stream_name":"stdout","time":14.797794525,"data":"Installing missing packages from offline package dirs: ['tracksdata', 'zarr', 'pyscipopt', 'geff', 'geff_spec', 'ilpy', 'imagecodecs', 'rustworkx', 'numcodecs', 'donfig', 'bidict']\n"}
,{"stream_name":"stdout","time":14.797799991,"data":"Dependency resolver is disabled with --no-deps to avoid replacing Kaggle numpy/scipy in a live kernel.\n"}
,{"stream_name":"stdout","time":14.797803523,"data":"Offline package dirs: ['/kaggle/input/biohub-tracking-support-pack-50ep-v1/wheels']\n"}
,{"stream_name":"stdout","time":36.189304994,"data":"Offline dependency install succeeded.\n"}
,{"stream_name":"stderr","time":44.255890416,"data":"/usr/local/lib/python3.12/dist-packages/dask/array/image.py:7: FutureWarning: `find_available_plugins` is deprecated since version 0.25 and will be removed in version 0.27. The plugin infrastructure of `skimage.io` is deprecated. Instead, use `imageio` or other I/O packages directly.\n"}
,{"stream_name":"stderr","time":44.255932909,"data":"  from skimage.io import imread as sk_imread\n"}
,{"stream_name":"stderr","time":44.255939746,"data":"/usr/lib/python3.12/importlib/__init__.py:90: FutureWarning: `reset_plugins` is deprecated since version 0.25 and will be removed in version 0.27. The plugin infrastructure of `skimage.io` is deprecated. Instead, use `imageio` or other I/O packages directly.\n"}
,{"stream_name":"stderr","time":44.255945533,"data":"  return _bootstrap._gcd_import(name[level:], package, level)\n"}
,{"stream_name":"stderr","time":44.25595083,"data":"\n"}
,{"stream_name":"stderr","time":44.255955625,"data":"/usr/local/lib/python3.12/dist-packages/dask/array/image.py:7: FutureWarning: `find_available_plugins` is deprecated since version 0.25 and will be removed in version 0.27. The plugin infrastructure of `skimage.io` is deprecated. Instead, use `imageio` or other I/O packages directly.\n"}
,{"stream_name":"stderr","time":44.255960864,"data":"  from skimage.io import imread as sk_imread\n"}
,{"stream_name":"stderr","time":44.255965238,"data":"/usr/lib/python3.12/importlib/__init__.py:90: FutureWarning: `reset_plugins` is deprecated since version 0.25 and will be removed in version 0.27. The plugin infrastructure of `skimage.io` is deprecated. Instead, use `imageio` or other I/O packages directly.\n"}
,{"stream_name":"stderr","time":44.255970359,"data":"  return _bootstrap._gcd_import(name[level:], package, level)\n"}
,{"stream_name":"stdout","time":44.447029481,"data":"Required graph/Zarr/ILP packages import successfully.\n"}
,{"stream_name":"stdout","time":44.447072557,"data":"Inference repo: /kaggle/working/tracking_repo\n"}
,{"stream_name":"stdout","time":44.447090267,"data":"Weights: /kaggle/working/tracking_repo/weights/unet_transformer/split_0/edge_predictor_best.pth\n"}
,{"stream_name":"stdout","time":44.972282147,"data":"Support repo Python manifest SHA256: 978b626d1fd1e7397435a437dfe68691defe1572fc3c20e61012d7c9b52ed029\n"}
,{"stream_name":"stdout","time":44.972307471,"data":"Primary materialized SHA256: 12f6881ee3620a831697ca098ff8f48e687a24225f4e048b538deec3562fe771\n"}
,{"stream_name":"stdout","time":44.972310768,"data":"DeepCenter materialized SHA256: 8040999a92f6b7bbd98fa8cf458141e045c0f9ad7c936bdb3b18e1f7edafe2a0\n"}
,{"stream_name":"stdout","time":662.441206975,"data":"Secondary artifact: /kaggle/input/datasets/pilkwang/biohub-temporal-unet3d-seed314159-v1\n"}
,{"stream_name":"stdout","time":662.44125475,"data":"Secondary weight: /kaggle/working/secondary_seed_weights/unet_transformer/split_0/edge_predictor_best.pth\n"}
,{"stream_name":"stdout","time":662.441258925,"data":"Secondary SHA256: 9bac2fa0dadc4a6fc1899e0caf187f4b553e0a7cd90ba1261a68b35ffe9e305f\n"}
,{"stream_name":"stdout","time":662.44126241,"data":"Secondary edge-logit weight: 0.15\n"}
,{"stream_name":"stdout","time":662.441265526,"data":"Runtime integrity receipt: /kaggle/working/bidirectional_production_runtime_integrity.json\n"}
,{"stream_name":"stdout","time":666.31806323,"data":"CUDA device: Tesla T4\n"}
,{"stream_name":"stdout","time":666.318092191,"data":"TTA patch applied (400ep spatial D4-style)\n"}
,{"stream_name":"stdout","time":666.318097745,"data":"Calibrated dual-seed runtime patch applied\n"}
,{"stream_name":"stdout","time":666.318102627,"data":"Frozen frame retention guard applied at 0.90\n"}
,{"stream_name":"stdout","time":666.318106965,"data":"Bidirectional harmonic-probability association fusion applied | weight= 0.15\n"}
,{"stream_name":"stdout","time":666.318111703,"data":"Pre-ILP detector-coordinate manifest hook applied\n"}
,{"stream_name":"stdout","time":666.318116443,"data":"EDGE_TTA patch installed and enabled in /kaggle/working/tracking_repo/scripts/predict_unet_transformer.py\n"}
,{"stream_name":"stdout","time":666.318121975,"data":"secondary edge-feature TTA patch installed and enabled\n"}
,{"stream_name":"stdout","time":666.331216896,"data":"[s8_080] Continuous Sigmoid Adaptive Background Preprocessor patch applied successfully!\n"}
,{"stream_name":"stdout","time":666.331238647,"data":"Found 4 test videos\n"}
,{"stream_name":"stdout","time":666.331281997,"data":"['44b6_0113de3b', '44b6_0b24845f', '6bba_05b6850b', '6bba_05db0fb1']\n"}
,{"stream_name":"stdout","time":666.331289256,"data":"Launching 2 independent video shards on CUDA devices ['0', '1']\n"}
,{"stream_name":"stdout","time":666.331294799,"data":"GPU shard 0: CUDA_VISIBLE_DEVICES=0 | /usr/bin/python3 scripts/predict_unet_transformer.py --data-dir /kaggle/input/competitions/biohub-cell-tracking-during-development/test --splits kaggle_test_splits_50ep.json --split 0 --weights weights/unet_transformer/split_0/edge_predictor_best.pth --unet-batch-size 8 --det-threshold 0.965 --ilp-edge-weight -1.0 --ilp-appearance-weight 0.0 --ilp-disappearance-weight 2.0 --ilp-division-weight 1.2 --use-ilp --method unet_transformer_gpu0 --slice 0::2\n"}
,{"stream_name":"stdout","time":666.334014636,"data":"GPU shard 1: CUDA_VISIBLE_DEVICES=1 | /usr/bin/python3 scripts/predict_unet_transformer.py --data-dir /kaggle/input/competitions/biohub-cell-tracking-during-development/test --splits kaggle_test_splits_50ep.json --split 0 --weights weights/unet_transformer/split_0/edge_predictor_best.pth --unet-batch-size 8 --det-threshold 0.965 --ilp-edge-weight -1.0 --ilp-appearance-weight 0.0 --ilp-disappearance-weight 2.0 --ilp-division-weight 1.2 --use-ilp --method unet_transformer_gpu1 --slice 1::2\n"}
,{"stream_name":"stderr","time":671.432625113,"data":"/usr/local/lib/python3.12/dist-packages/dask/array/image.py:7: FutureWarning: `find_available_plugins` is deprecated since version 0.25 and will be removed in version 0.27. The plugin infrastructure of `skimage.io` is deprecated. Instead, use `imageio` or other I/O packages directly.\n"}
,{"stream_name":"stderr","time":671.432692483,"data":"  from skimage.io import imread as sk_imread\n"}
,{"stream_name":"stderr","time":671.437167126,"data":"/usr/lib/python3.12/importlib/__init__.py:90: FutureWarning: `reset_plugins` is deprecated since version 0.25 and will be removed in version 0.27. The plugin infrastructure of `skimage.io` is deprecated. Instead, use `imageio` or other I/O packages directly.\n"}
,{"stream_name":"stderr","time":671.437198854,"data":"  return _bootstrap._gcd_import(name[level:], package, level)\n"}
,{"stream_name":"stderr","time":671.470155901,"data":"/usr/local/lib/python3.12/dist-packages/dask/array/image.py:7: FutureWarning: `find_available_plugins` is deprecated since version 0.25 and will be removed in version 0.27. The plugin infrastructure of `skimage.io` is deprecated. Instead, use `imageio` or other I/O packages directly.\n"}
,{"stream_name":"stderr","time":671.470187817,"data":"  from skimage.io import imread as sk_imread\n"}
,{"stream_name":"stderr","time":671.474884542,"data":"/usr/lib/python3.12/importlib/__init__.py:90: FutureWarning: `reset_plugins` is deprecated since version 0.25 and will be removed in version 0.27. The plugin infrastructure of `skimage.io` is deprecated. Instead, use `imageio` or other I/O packages directly.\n"}
,{"stream_name":"stderr","time":671.474925562,"data":"  return _bootstrap._gcd_import(name[level:], package, level)\n"}
,{"stream_name":"stderr","time":671.635104408,"data":"/usr/local/lib/python3.12/dist-packages/dask/array/image.py:7: FutureWarning: `find_available_plugins` is deprecated since version 0.25 and will be removed in version 0.27. The plugin infrastructure of `skimage.io` is deprecated. Instead, use `imageio` or other I/O packages directly.\n"}
,{"stream_name":"stderr","time":671.635127504,"data":"  from skimage.io import imread as sk_imread\n"}
,{"stream_name":"stderr","time":671.635133683,"data":"/usr/lib/python3.12/importlib/__init__.py:90: FutureWarning: `reset_plugins` is deprecated since version 0.25 and will be removed in version 0.27. The plugin infrastructure of `skimage.io` is deprecated. Instead, use `imageio` or other I/O packages directly.\n"}
,{"stream_name":"stderr","time":671.635140665,"data":"  return _bootstrap._gcd_import(name[level:], package, level)\n"}
,{"stream_name":"stderr","time":671.635143282,"data":"/usr/local/lib/python3.12/dist-packages/dask/array/image.py:7: FutureWarning: `find_available_plugins` is deprecated since version 0.25 and will be removed in version 0.27. The plugin infrastructure of `skimage.io` is deprecated. Instead, use `imageio` or other I/O packages directly.\n"}
,{"stream_name":"stderr","time":671.63514609,"data":"  from skimage.io import imread as sk_imread\n"}
,{"stream_name":"stderr","time":671.635148357,"data":"/usr/lib/python3.12/importlib/__init__.py:90: FutureWarning: `reset_plugins` is deprecated since version 0.25 and will be removed in version 0.27. The plugin infrastructure of `skimage.io` is deprecated. Instead, use `imageio` or other I/O packages directly.\n"}
,{"stream_name":"stderr","time":671.635151465,"data":"  return _bootstrap._gcd_import(name[level:], package, level)\n"}
,{"stream_name":"stderr","time":671.635153762,"data":"\n"}
,{"stream_name":"stderr","time":671.635155928,"data":"/usr/local/lib/python3.12/dist-packages/dask/array/image.py:7: FutureWarning: `find_available_plugins` is deprecated since version 0.25 and will be removed in version 0.27. The plugin infrastructure of `skimage.io` is deprecated. Instead, use `imageio` or other I/O packages directly.\n"}
,{"stream_name":"stderr","time":671.635167076,"data":"  from skimage.io import imread as sk_imread\n"}
,{"stream_name":"stderr","time":671.635169557,"data":"/usr/lib/python3.12/importlib/__init__.py:90: FutureWarning: `reset_plugins` is deprecated since version 0.25 and will be removed in version 0.27. The plugin infrastructure of `skimage.io` is deprecated. Instead, use `imageio` or other I/O packages directly.\n"}
,{"stream_name":"stderr","time":671.63517214,"data":"  return _bootstrap._gcd_import(name[level:], package, level)\n"}
,{"stream_name":"stderr","time":671.635175239,"data":"/usr/local/lib/python3.12/dist-packages/dask/array/image.py:7: FutureWarning: `find_available_plugins` is deprecated since version 0.25 and will be removed in version 0.27. The plugin infrastructure of `skimage.io` is deprecated. Instead, use `imageio` or other I/O packages directly.\n"}
,{"stream_name":"stderr","time":671.635178023,"data":"  from skimage.io import imread as sk_imread\n"}
,{"stream_name":"stderr","time":671.635181526,"data":"/usr/lib/python3.12/importlib/__init__.py:90: FutureWarning: `reset_plugins` is deprecated since version 0.25 and will be removed in version 0.27. The plugin infrastructure of `skimage.io` is deprecated. Instead, use `imageio` or other I/O packages directly.\n"}
,{"stream_name":"stderr","time":671.635185294,"data":"  return _bootstrap._gcd_import(name[level:], package, level)\n"}
,{"stream_name":"stdout","time":672.131227122,"data":"Secondary model: /kaggle/working/secondary_seed_weights/unet_transformer/split_0/edge_predictor_best.pth | edge weight=0.150 | detection weight=0.800 | link mode=low_margin_consensus | temperature=1.000 | low-margin max=0.350 | edge threshold=0.480\n"}
,{"stream_name":"stdout","time":672.131255575,"data":"Fold 0: 2 datasets | weights=weights/unet_transformer/split_0/edge_predictor_best.pth | device=cuda | window_size=2 | pool_kernel_um=3.0\n"}
,{"stream_name":"stdout","time":672.132734197,"data":"Secondary model: /kaggle/working/secondary_seed_weights/unet_transformer/split_0/edge_predictor_best.pth | edge weight=0.150 | detection weight=0.800 | link mode=low_margin_consensus | temperature=1.000 | low-margin max=0.350 | edge threshold=0.480\n"}
,{"stream_name":"stdout","time":672.132754633,"data":"Fold 0: 2 datasets | weights=weights/unet_transformer/split_0/edge_predictor_best.pth | device=cuda | window_size=2 | pool_kernel_um=3.0\n"}
,{"stream_name":"stdout","time":672.333468027,"data":"Secondary model: /kaggle/working/secondary_seed_weights/unet_transformer/split_0/edge_predictor_best.pth | edge weight=0.150 | detection weight=0.800 | link mode=low_margin_consensus | temperature=1.000 | low-margin max=0.350 | edge threshold=0.480\n"}
,{"stream_name":"stdout","time":672.333499359,"data":"Fold 0: 2 datasets | weights=weights/unet_transformer/split_0/edge_predictor_best.pth | device=cuda | window_size=2 | pool_kernel_um=3.0\n"}
,{"stream_name":"stdout","time":672.333504651,"data":"Secondary model: /kaggle/working/secondary_seed_weights/unet_transformer/split_0/edge_predictor_best.pth | edge weight=0.150 | detection weight=0.800 | link mode=low_margin_consensus | temperature=1.000 | low-margin max=0.350 | edge threshold=0.480\n"}
,{"stream_name":"stdout","time":672.333510801,"data":"Fold 0: 2 datasets | weights=weights/unet_transformer/split_0/edge_predictor_best.pth | device=cuda | window_size=2 | pool_kernel_um=3.0\n"}
,{"stream_name":"stdout","time":673.969812062,"data":"EDGE_TTA_ACTIVE views= 8 mean_abs_feat_delta= 0.323238\n"}
,{"stream_name":"stdout","time":673.969850026,"data":"EDGE_TTA_ACTIVE views= 8 mean_abs_feat_delta= 0.409603\n"}
,{"stream_name":"stdout","time":674.172314187,"data":"EDGE_TTA_ACTIVE views= 8 mean_abs_feat_delta= 0.323238\n"}
,{"stream_name":"stdout","time":674.172378763,"data":"EDGE_TTA_ACTIVE views= 8 mean_abs_feat_delta= 0.409603\n"}
,{"stream_name":"stdout","time":674.811977854,"data":"SECONDARY_EDGE_TTA_ACTIVE views= 8 weight= 0.75 mean_abs_feat_delta= 0.230737\n"}
,{"stream_name":"stdout","time":674.838093098,"data":"SECONDARY_EDGE_TTA_ACTIVE views= 8 weight= 0.75 mean_abs_feat_delta= 0.306307\n"}
,{"stream_name":"stdout","time":674.953080443,"data":"BIOHUB_RETENTION_GUARD {\"blended_candidates\": 388, \"dataset\": \"44b6_0b24845f\", \"frame\": 0, \"minimum_retention\": 0.9, \"primary_candidates\": 442, \"retention\": 0.8778280542986425, \"use_primary\": true}\n"}
,{"stream_name":"stdout","time":674.954915007,"data":"BIOHUB_RETENTION_GUARD {\"blended_candidates\": 391, \"dataset\": \"44b6_0b24845f\", \"frame\": 1, \"minimum_retention\": 0.9, \"primary_candidates\": 439, \"retention\": 0.8906605922551253, \"use_primary\": true}\n"}
,{"stream_name":"stdout","time":675.015058269,"data":"SECONDARY_EDGE_TTA_ACTIVE views= 8 weight= 0.75 mean_abs_feat_delta= 0.230737\n"}
,{"stream_name":"stdout","time":675.015090763,"data":"SECONDARY_EDGE_TTA_ACTIVE views= 8 weight= 0.75 mean_abs_feat_delta= 0.306307\n"}
,{"stream_name":"stdout","time":675.015096398,"data":"BIOHUB_RETENTION_GUARD {\"blended_candidates\": 388, \"dataset\": \"44b6_0b24845f\", \"frame\": 0, \"minimum_retention\": 0.9, \"primary_candidates\": 442, \"retention\": 0.8778280542986425, \"use_primary\": true}\n"}
,{"stream_name":"stdout","time":675.015101282,"data":"BIOHUB_RETENTION_GUARD {\"blended_candidates\": 391, \"dataset\": \"44b6_0b24845f\", \"frame\": 1, \"minimum_retention\": 0.9, \"primary_candidates\": 439, \"retention\": 0.8906605922551253, \"use_primary\": true}\n"}
,{"stream_name":"stdout","time":678.77449398,"data":"EDGE_TTA_ACTIVE views= 8 mean_abs_feat_delta= 0.328294\n"}
,{"stream_name":"stdout","time":678.847568181,"data":"EDGE_TTA_ACTIVE views= 8 mean_abs_feat_delta= 0.416119\n"}
,{"stream_name":"stdout","time":678.976990967,"data":"EDGE_TTA_ACTIVE views= 8 mean_abs_feat_delta= 0.328294\n"}
,{"stream_name":"stdout","time":678.977452018,"data":"EDGE_TTA_ACTIVE views= 8 mean_abs_feat_delta= 0.416119\n"}
,{"stream_name":"stdout","time":679.625752067,"data":"SECONDARY_EDGE_TTA_ACTIVE views= 8 weight= 0.75 mean_abs_feat_delta= 0.23209\n"}
,{"stream_name":"stdout","time":679.705445207,"data":"SECONDARY_EDGE_TTA_ACTIVE views= 8 weight= 0.75 mean_abs_feat_delta= 0.313253\n"}
,{"stream_name":"stdout","time":679.710247197,"data":"BIOHUB_RETENTION_GUARD {\"blended_candidates\": 329, \"dataset\": \"44b6_0b24845f\", \"frame\": 2, \"minimum_retention\": 0.9, \"primary_candidates\": 398, \"retention\": 0.8266331658291457, \"use_primary\": true}\n"}
,{"stream_name":"stdout","time":679.827927041,"data":"SECONDARY_EDGE_TTA_ACTIVE views= 8 weight= 0.75 mean_abs_feat_delta= 0.23209\n"}
,{"stream_name":"stdout","time":679.827957278,"data":"SECONDARY_EDGE_TTA_ACTIVE views= 8 weight= 0.75 mean_abs_feat_delta= 0.313253\n"}
,{"stream_name":"stdout","time":679.827963792,"data":"BIOHUB_RETENTION_GUARD {\"blended_candidates\": 329, \"dataset\": \"44b6_0b24845f\", \"frame\": 2, \"minimum_retention\": 0.9, \"primary_candidates\": 398, \"retention\": 0.8266331658291457, \"use_primary\": true}\n"}
,{"stream_name":"stdout","time":680.588388202,"data":"EDGE_TTA_ACTIVE views= 8 mean_abs_feat_delta= 0.326314\n"}
,{"stream_name":"stdout","time":680.790913598,"data":"EDGE_TTA_ACTIVE views= 8 mean_abs_feat_delta= 0.326314\n"}
,{"stream_name":"stdout","time":680.811486434,"data":"EDGE_TTA_ACTIVE views= 8 mean_abs_feat_delta= 0.407382\n"}
,{"stream_name":"stdout","time":681.013664538,"data":"EDGE_TTA_ACTIVE views= 8 mean_abs_feat_delta= 0.407382\n"}
,{"stream_name":"stdout","time":681.442369808,"data":"SECONDARY_EDGE_TTA_ACTIVE views= 8 weight= 0.75 mean_abs_feat_delta= 0.232786\n"}
,{"stream_name":"stdout","time":681.644923646,"data":"SECONDARY_EDGE_TTA_ACTIVE views= 8 weight= 0.75 mean_abs_feat_delta= 0.232786\n"}
,{"stream_name":"stdout","time":681.672070404,"data":"SECONDARY_EDGE_TTA_ACTIVE views= 8 weight= 0.75 mean_abs_feat_delta= 0.311044\n"}
,{"stream_name":"stdout","time":681.676112399,"data":"BIOHUB_RETENTION_GUARD {\"blended_candidates\": 362, \"dataset\": \"44b6_0b24845f\", \"frame\": 3, \"minimum_retention\": 0.9, \"primary_candidates\": 420, \"retention\": 0.861904761904762, \"use_primary\": true}\n"}
,{"stream_name":"stdout","time":681.874483402,"data":"SECONDARY_EDGE_TTA_ACTIVE views= 8 weight= 0.75 mean_abs_feat_delta= 0.311044\n"}
,{"stream_name":"stdout","time":681.874512295,"data":"BIOHUB_RETENTION_GUARD {\"blended_candidates\": 362, \"dataset\": \"44b6_0b24845f\", \"frame\": 3, \"minimum_retention\": 0.9, \"primary_candidates\": 420, \"retention\": 0.861904761904762, \"use_primary\": true}\n"}
,{"stream_name":"stdout","time":682.442943915,"data":"EDGE_TTA_ACTIVE views= 8 mean_abs_feat_delta= 0.32686\n"}
,{"stream_name":"stdout","time":682.645492664,"data":"EDGE_TTA_ACTIVE views= 8 mean_abs_feat_delta= 0.32686\n"}
,{"stream_name":"stdout","time":682.78647404,"data":"EDGE_TTA_ACTIVE views= 8 mean_abs_feat_delta= 0.409693\n"}
,{"stream_name":"stdout","time":682.988565786,"data":"EDGE_TTA_ACTIVE views= 8 mean_abs_feat_delta= 0.409693\n"}
,{"stream_name":"stdout","time":683.298485471,"data":"SECONDARY_EDGE_TTA_ACTIVE views= 8 weight= 0.75 mean_abs_feat_delta= 0.232764\n"}
,{"stream_name":"stdout","time":683.500902129,"data":"SECONDARY_EDGE_TTA_ACTIVE views= 8 weight= 0.75 mean_abs_feat_delta= 0.232764\n"}
,{"stream_name":"stdout","time":683.646565267,"data":"SECONDARY_EDGE_TTA_ACTIVE views= 8 weight= 0.75 mean_abs_feat_delta= 0.306843\n"}
,{"stream_name":"stdout","time":683.848639332,"data":"SECONDARY_EDGE_TTA_ACTIVE views= 8 weight= 0.75 mean_abs_feat_delta= 0.306843\n"}
,{"stream_name":"stdout","time":684.282054235,"data":"EDGE_TTA_ACTIVE views= 8 mean_abs_feat_delta= 0.327781\n"}
,{"stream_name":"stdout","time":684.484252141,"data":"EDGE_TTA_ACTIVE views= 8 mean_abs_feat_delta= 0.327781\n"}
,{"stream_name":"stdout","time":684.75253407,"data":"EDGE_TTA_ACTIVE views= 8 mean_abs_feat_delta= 0.406339\n"}
,{"stream_name":"stdout","time":684.954764649,"data":"EDGE_TTA_ACTIVE views= 8 mean_abs_feat_delta= 0.406339\n"}
,{"stream_name":"stdout","time":685.138896334,"data":"SECONDARY_EDGE_TTA_ACTIVE views= 8 weight= 0.75 mean_abs_feat_delta= 0.236445\n"}
,{"stream_name":"stdout","time":685.341398086,"data":"SECONDARY_EDGE_TTA_ACTIVE views= 8 weight= 0.75 mean_abs_feat_delta= 0.236445\n"}
,{"stream_name":"stdout","time":685.631416177,"data":"SECONDARY_EDGE_TTA_ACTIVE views= 8 weight= 0.75 mean_abs_feat_delta= 0.307361\n"}
,{"stream_name":"stdout","time":685.635233572,"data":"BIOHUB_RETENTION_GUARD {\"blended_candidates\": 324, \"dataset\": \"44b6_0b24845f\", \"frame\": 5, \"minimum_retention\": 0.9, \"primary_candidates\": 372, \"retention\": 0.8709677419354839, \"use_primary\": true}\n"}
,{"stream_name":"stdout","time":685.833637248,"data":"SECONDARY_EDGE_TTA_ACTIVE views= 8 weight= 0.75 mean_abs_feat_delta= 0.307361\n"}
,{"stream_name":"stdout","time":685.83366475,"data":"BIOHUB_RETENTION_GUARD {\"blended_candidates\": 324, \"dataset\": \"44b6_0b24845f\", \"frame\": 5, \"minimum_retention\": 0.9, \"primary_candidates\": 372, \"retention\": 0.8709677419354839, \"use_primary\": true}\n"}
,{"stream_name":"stdout","time":686.123887193,"data":"EDGE_TTA_ACTIVE views= 8 mean_abs_feat_delta= 0.332086\n"}
,{"stream_name":"stdout","time":686.326003049,"data":"EDGE_TTA_ACTIVE views= 8 mean_abs_feat_delta= 0.332086\n"}
,{"stream_name":"stdout","time":686.746371403,"data":"EDGE_TTA_ACTIVE views= 8 mean_abs_feat_delta= 0.3947\n"}
,{"stream_name":"stdout","time":686.948506792,"data":"EDGE_TTA_ACTIVE views= 8 mean_abs_feat_delta= 0.3947\n"}
,{"stream_name":"stdout","time":686.984859315,"data":"SECONDARY_EDGE_TTA_ACTIVE views= 8 weight= 0.75 mean_abs_feat_delta= 0.236059\n"}
,{"stream_name":"stdout","time":687.187121069,"data":"SECONDARY_EDGE_TTA_ACTIVE views= 8 weight= 0.75 mean_abs_feat_delta= 0.236059\n"}
,{"stream_name":"stdout","time":687.614482147,"data":"SECONDARY_EDGE_TTA_ACTIVE views= 8 weight= 0.75 mean_abs_feat_delta= 0.314245\n"}
,{"stream_name":"stdout","time":687.618534337,"data":"BIOHUB_RETENTION_GUARD {\"blended_candidates\": 341, \"dataset\": \"44b6_0b24845f\", \"frame\": 6, \"minimum_retention\": 0.9, \"primary_candidates\": 399, \"retention\": 0.8546365914786967, \"use_primary\": true}\n"}
,{"stream_name":"stdout","time":687.817461917,"data":"SECONDARY_EDGE_TTA_ACTIVE views= 8 weight= 0.75 mean_abs_feat_delta= 0.314245\n"}
,{"stream_name":"stdout","time":687.817491644,"data":"BIOHUB_RETENTION_GUARD {\"blended_candidates\": 341, \"dataset\": \"44b6_0b24845f\", \"frame\": 6, \"minimum_retention\": 0.9, \"primary_candidates\": 399, \"retention\": 0.8546365914786967, \"use_primary\": true}\n"}
,{"stream_name":"stdout","time":687.981810808,"data":"EDGE_TTA_ACTIVE views= 8 mean_abs_feat_delta= 0.337311\n"}
,{"stream_name":"stdout","time":688.18394354,"data":"EDGE_TTA_ACTIVE views= 8 mean_abs_feat_delta= 0.337311\n"}
,{"stream_name":"stdout","time":688.719625699,"data":"EDGE_TTA_ACTIVE views= 8 mean_abs_feat_delta= 0.394579\n"}
,{"stream_name":"stdout","time":688.847001051,"data":"SECONDARY_EDGE_TTA_ACTIVE views= 8 weight= 0.75 mean_abs_feat_delta= 0.242392\n"}
,{"stream_name":"stdout","time":688.921361131,"data":"EDGE_TTA_ACTIVE views= 8 mean_abs_feat_delta= 0.394579\n"}
,{"stream_name":"stdout","time":688.921380825,"data":"SECONDARY_EDGE_TTA_ACTIVE views= 8 weight= 0.75 mean_abs_feat_delta= 0.242392\n"}
,{"stream_name":"stdout","time":689.599858692,"data":"SECONDARY_EDGE_TTA_ACTIVE views= 8 weight= 0.75 mean_abs_feat_delta= 0.313847\n"}
,{"stream_name":"stdout","time":689.604089475,"data":"BIOHUB_RETENTION_GUARD {\"blended_candidates\": 311, \"dataset\": \"44b6_0b24845f\", \"frame\": 7, \"minimum_retention\": 0.9, \"primary_candidates\": 359, \"retention\": 0.8662952646239555, \"use_primary\": true}\n"}
,{"stream_name":"stdout","time":689.801978701,"data":"SECONDARY_EDGE_TTA_ACTIVE views= 8 weight= 0.75 mean_abs_feat_delta= 0.313847\n"}
,{"stream_name":"stdout","time":689.802008568,"data":"BIOHUB_RETENTION_GUARD {\"blended_candidates\": 311, \"dataset\": \"44b6_0b24845f\", \"frame\": 7, \"minimum_retention\": 0.9, \"primary_candidates\": 359, \"retention\": 0.8662952646239555, \"use_primary\": true}\n"}
,{"stream_name":"stdout","time":689.861291839,"data":"EDGE_TTA_ACTIVE views= 8 mean_abs_feat_delta= 0.336476\n"}
,{"stream_name":"stdout","time":690.063476047,"data":"EDGE_TTA_ACTIVE views= 8 mean_abs_feat_delta= 0.336476\n"}
,{"stream_name":"stdout","time":690.711634405,"data":"EDGE_TTA_ACTIVE views= 8 mean_abs_feat_delta= 0.395376\n"}
,{"stream_name":"stdout","time":690.72991131,"data":"SECONDARY_EDGE_TTA_ACTIVE views= 8 weight= 0.75 mean_abs_feat_delta= 0.241164\n"}
,{"stream_name":"stdout","time":690.914032912,"data":"EDGE_TTA_ACTIVE views= 8 mean_abs_feat_delta= 0.395376\n"}
,{"stream_name":"stdout","time":690.914058139,"data":"SECONDARY_EDGE_TTA_ACTIVE views= 8 weight= 0.75 mean_abs_feat_delta= 0.241164\n"}
,{"stream_name":"stdout","time":691.582023905,"data":"SECONDARY_EDGE_TTA_ACTIVE views= 8 weight= 0.75 mean_abs_feat_delta= 0.308779\n"}
,{"stream_name":"stdout","time":691.586214364,"data":"BIOHUB_RETENTION_GUARD {\"blended_candidates\": 368, \"dataset\": \"44b6_0b24845f\", \"frame\": 8, \"minimum_retention\": 0.9, \"primary_candidates\": 435, \"retention\": 0.8459770114942529, \"use_primary\": true}\n"}
,{"stream_name":"stdout","time":691.715843526,"data":"EDGE_TTA_ACTIVE views= 8 mean_abs_feat_delta= 0.33307\n"}
,{"stream_name":"stdout","time":691.784475437,"data":"SECONDARY_EDGE_TTA_ACTIVE views= 8 weight= 0.75 mean_abs_feat_delta= 0.308779\n"}
,{"stream_name":"stdout","time":691.784502716,"data":"BIOHUB_RETENTION_GUARD {\"blended_candidates\": 368, \"dataset\": \"44b6_0b24845f\", \"frame\": 8, \"minimum_retention\": 0.9, \"primary_candidates\": 435, \"retention\": 0.8459770114942529, \"use_primary\": true}\n"}
,{"stream_name":"stdout","time":691.784508462,"data":"EDGE_TTA_ACTIVE views= 8 mean_abs_feat_delta= 0.33307\n"}
,{"stream_name":"stdout","time":692.587753572,"data":"SECONDARY_EDGE_TTA_ACTIVE views= 8 weight= 0.75 mean_abs_feat_delta= 0.240446\n"}
,{"stream_name":"stdout","time":692.729582627,"data":"EDGE_TTA_ACTIVE views= 8 mean_abs_feat_delta= 0.390279\n"}
,{"stream_name":"stdout","time":692.804948912,"data":"SECONDARY_EDGE_TTA_ACTIVE views= 8 weight= 0.75 mean_abs_feat_delta= 0.240446\n"}
,{"stream_name":"stdout","time":692.804967623,"data":"EDGE_TTA_ACTIVE views= 8 mean_abs_feat_delta= 0.390279\n"}
,{"stream_name":"stdout","time":693.566193656,"data":"EDGE_TTA_ACTIVE views= 8 mean_abs_feat_delta= 0.333216\n"}
,{"stream_name":"stdout","time":693.605287525,"data":"SECONDARY_EDGE_TTA_ACTIVE views= 8 weight= 0.75 mean_abs_feat_delta= 0.310636\n"}
,{"stream_name":"stdout","time":693.609435964,"data":"BIOHUB_RETENTION_GUARD {\"blended_candidates\": 347, \"dataset\": \"44b6_0b24845f\", \"frame\": 9, \"minimum_retention\": 0.9, \"primary_candidates\": 422, \"retention\": 0.8222748815165877, \"use_primary\": true}\n"}
,{"stream_name":"stdout","time":693.768616588,"data":"EDGE_TTA_ACTIVE views= 8 mean_abs_feat_delta= 0.333216\n"}
,{"stream_name":"stdout","time":693.768643941,"data":"SECONDARY_EDGE_TTA_ACTIVE views= 8 weight= 0.75 mean_abs_feat_delta= 0.310636\n"}
,{"stream_name":"stdout","time":693.768647635,"data":"BIOHUB_RETENTION_GUARD {\"blended_candidates\": 347, \"dataset\": \"44b6_0b24845f\", \"frame\": 9, \"minimum_retention\": 0.9, \"primary_candidates\": 422, \"retention\": 0.8222748815165877, \"use_primary\": true}\n"}
,{"stream_name":"stdout","time":694.447170993,"data":"SECONDARY_EDGE_TTA_ACTIVE views= 8 weight= 0.75 mean_abs_feat_delta= 0.24216\n"}
,{"stream_name":"stdout","time":694.649376466,"data":"SECONDARY_EDGE_TTA_ACTIVE views= 8 weight= 0.75 mean_abs_feat_delta= 0.24216\n"}
,{"stream_name":"stdout","time":694.76024854,"data":"EDGE_TTA_ACTIVE views= 8 mean_abs_feat_delta= 0.382431\n"}
,{"stream_name":"stdout","time":694.96257676,"data":"EDGE_TTA_ACTIVE views= 8 mean_abs_feat_delta= 0.382431\n"}
,{"stream_name":"stdout","time":695.431852491,"data":"EDGE_TTA_ACTIVE views= 8 mean_abs_feat_delta= 0.341654\n"}
,{"stream_name":"stdout","time":695.634346617,"data":"EDGE_TTA_ACTIVE views= 8 mean_abs_feat_delta= 0.341654\n"}
,{"stream_name":"stdout","time":695.637456909,"data":"SECONDARY_EDGE_TTA_ACTIVE views= 8 weight= 0.75 mean_abs_feat_delta= 0.313269\n"}
,{"stream_name":"stdout","time":695.641711884,"data":"BIOHUB_RETENTION_GUARD {\"blended_candidates\": 305, \"dataset\": \"44b6_0b24845f\", \"frame\": 10, \"minimum_retention\": 0.9, \"primary_candidates\": 403, \"retention\": 0.7568238213399504, \"use_primary\": true}\n"}
,{"stream_name":"stdout","time":695.839847227,"data":"SECONDARY_EDGE_TTA_ACTIVE views= 8 weight= 0.75 mean_abs_feat_delta= 0.313269\n"}
,{"stream_name":"stdout","time":695.83987469,"data":"BIOHUB_RETENTION_GUARD {\"blended_candidates\": 305, \"dataset\": \"44b6_0b24845f\", \"frame\": 10, \"minimum_retention\": 0.9, \"primary_candidates\": 403, \"retention\": 0.7568238213399504, \"use_primary\": true}\n"}
,{"stream_name":"stdout","time":696.309468034,"data":"SECONDARY_EDGE_TTA_ACTIVE views= 8 weight= 0.75 mean_abs_feat_delta= 0.243727\n"}
,{"stream_name":"stdout","time":696.512051306,"data":"SECONDARY_EDGE_TTA_ACTIVE views= 8 weight= 0.75 mean_abs_feat_delta= 0.243727\n"}
,{"stream_name":"stdout","time":696.76571446,"data":"EDGE_TTA_ACTIVE views= 8 mean_abs_feat_delta= 0.382137\n"}
,{"stream_name":"stdout","time":696.967903998,"data":"EDGE_TTA_ACTIVE views= 8 mean_abs_feat_delta= 0.382137\n"}
,{"stream_name":"stdout","time":697.316905101,"data":"EDGE_TTA_ACTIVE views= 8 mean_abs_feat_delta= 0.334228\n"}
,{"stream_name":"stdout","time":697.519041323,"data":"EDGE_TTA_ACTIVE views= 8 mean_abs_feat_delta= 0.334228\n"}
,{"stream_name":"stdout","time":697.644271465,"data":"SECONDARY_EDGE_TTA_ACTIVE views= 8 weight= 0.75 mean_abs_feat_delta= 0.296628\n"}
,{"stream_name":"stdout","time":697.648532514,"data":"BIOHUB_RETENTION_GUARD {\"blended_candidates\": 340, \"dataset\": \"44b6_0b24845f\", \"frame\": 11, \"minimum_retention\": 0.9, \"primary_candidates\": 390, \"retention\": 0.8717948717948718, \"use_primary\": true}\n"}
,{"stream_name":"stdout","time":697.846548965,"data":"SECONDARY_EDGE_TTA_ACTIVE views= 8 weight= 0.75 mean_abs_feat_delta= 0.296628\n"}
,{"stream_name":"stdout","time":697.84658642,"data":"BIOHUB_RETENTION_GUARD {\"blended_candidates\": 340, \"dataset\": \"44b6_0b24845f\", \"frame\": 11, \"minimum_retention\": 0.9, \"primary_candidates\": 390, \"retention\": 0.8717948717948718, \"use_primary\": true}\n"}
,{"stream_name":"stdout","time":698.210099123,"data":"SECONDARY_EDGE_TTA_ACTIVE views= 8 weight= 0.75 mean_abs_feat_delta= 0.241899\n"}
,{"stream_name":"stdout","time":698.412470274,"data":"SECONDARY_EDGE_TTA_ACTIVE views= 8 weight= 0.75 mean_abs_feat_delta= 0.241899\n"}
,{"stream_name":"stdout","time":698.766459375,"data":"EDGE_TTA_ACTIVE views= 8 mean_abs_feat_delta= 0.390851\n"}
,{"stream_name":"stdout","time":698.968723256,"data":"EDGE_TTA_ACTIVE views= 8 mean_abs_feat_delta= 0.390851\n"}
,{"stream_name":"stdout","time":699.190447537,"data":"EDGE_TTA_ACTIVE views= 8 mean_abs_feat_delta= 0.335161\n"}
,{"stream_name":"stdout","time":699.392710844,"data":"EDGE_TTA_ACTIVE views= 8 mean_abs_feat_delta= 0.335161\n"}
,{"stream_name":"stdout","time":699.656817522,"data":"SECONDARY_EDGE_TTA_ACTIVE views= 8 weight= 0.75 mean_abs_feat_delta= 0.299359\n"}
,{"stream_name":"stdout","time":699.661024765,"data":"BIOHUB_RETENTION_GUARD {\"blended_candidates\": 282, \"dataset\": \"44b6_0b24845f\", \"frame\": 12, \"minimum_retention\": 0.9, \"primary_candidates\": 337, \"retention\": 0.8367952522255193, \"use_primary\": true}\n"}
,{"stream_name":"stdout","time":699.85937088,"data":"SECONDARY_EDGE_TTA_ACTIVE views= 8 weight= 0.75 mean_abs_feat_delta= 0.299359\n"}
,{"stream_name":"stdout","time":699.859406601,"data":"BIOHUB_RETENTION_GUARD {\"blended_candidates\": 282, \"dataset\": \"44b6_0b24845f\", \"frame\": 12, \"minimum_retention\": 0.9, \"primary_candidates\": 337, \"retention\": 0.8367952522255193, \"use_primary\": true}\n"}
,{"stream_name":"stdout","time":700.069160422,"data":"SECONDARY_EDGE_TTA_ACTIVE views= 8 weight= 0.75 mean_abs_feat_delta= 0.237416\n"}
,{"stream_name":"stdout","time":700.271433245,"data":"SECONDARY_EDGE_TTA_ACTIVE views= 8 weight= 0.75 mean_abs_feat_delta= 0.237416\n"}
,{"stream_name":"stdout","time":700.769854335,"data":"EDGE_TTA_ACTIVE views= 8 mean_abs_feat_delta= 0.390516\n"}
,{"stream_name":"stdout","time":700.972211843,"data":"EDGE_TTA_ACTIVE views= 8 mean_abs_feat_delta= 0.390516\n"}
,{"stream_name":"stdout","time":701.058966311,"data":"EDGE_TTA_ACTIVE views= 8 mean_abs_feat_delta= 0.330752\n"}
,{"stream_name":"stdout","time":701.261125396,"data":"EDGE_TTA_ACTIVE views= 8 mean_abs_feat_delta= 0.330752\n"}
,{"stream_name":"stdout","time":701.65402193,"data":"SECONDARY_EDGE_TTA_ACTIVE views= 8 weight= 0.75 mean_abs_feat_delta= 0.295563\n"}
,{"stream_name":"stdout","time":701.658015015,"data":"BIOHUB_RETENTION_GUARD {\"blended_candidates\": 305, \"dataset\": \"44b6_0b24845f\", \"frame\": 13, \"minimum_retention\": 0.9, \"primary_candidates\": 356, \"retention\": 0.8567415730337079, \"use_primary\": true}\n"}
,{"stream_name":"stdout","time":701.856294042,"data":"SECONDARY_EDGE_TTA_ACTIVE views= 8 weight= 0.75 mean_abs_feat_delta= 0.295563\n"}
,{"stream_name":"stdout","time":701.856320933,"data":"BIOHUB_RETENTION_GUARD {\"blended_candidates\": 305, \"dataset\": \"44b6_0b24845f\", \"frame\": 13, \"minimum_retention\": 0.9, \"primary_candidates\": 356, \"retention\": 0.8567415730337079, \"use_primary\": true}\n"}
,{"stream_name":"stdout","time":701.942891756,"data":"SECONDARY_EDGE_TTA_ACTIVE views= 8 weight= 0.75 mean_abs_feat_delta= 0.238386\n"}
,{"stream_name":"stdout","time":702.145042316,"data":"SECONDARY_EDGE_TTA_ACTIVE views= 8 weight= 0.75 mean_abs_feat_delta= 0.238386\n"}
,{"stream_name":"stdout","time":702.782817847,"data":"EDGE_TTA_ACTIVE views= 8 mean_abs_feat_delta= 0.385724\n"}
,{"stream_name":"stdout","time":702.962064882,"data":"EDGE_TTA_ACTIVE views= 8 mean_abs_feat_delta= 0.32964\n"}
,{"stream_name":"stdout","time":702.984865871,"data":"EDGE_TTA_ACTIVE views= 8 mean_abs_feat_delta= 0.385724\n"}
,{"stream_name":"stdout","time":702.984886216,"data":"EDGE_TTA_ACTIVE views= 8 mean_abs_feat_delta= 0.32964\n"}
,{"stream_name":"stdout","time":703.670028755,"data":"SECONDARY_EDGE_TTA_ACTIVE views= 8 weight= 0.75 mean_abs_feat_delta= 0.291254\n"}
,{"stream_name":"stdout","time":703.674097936,"data":"BIOHUB_RETENTION_GUARD {\"blended_candidates\": 298, \"dataset\": \"44b6_0b24845f\", \"frame\": 14, \"minimum_retention\": 0.9, \"primary_candidates\": 355, \"retention\": 0.8394366197183099, \"use_primary\": true}\n"}
,{"stream_name":"stdout","time":703.849281145,"data":"SECONDARY_EDGE_TTA_ACTIVE views= 8 weight= 0.75 mean_abs_feat_delta= 0.238478\n"}
,{"stream_name":"stdout","time":703.872348902,"data":"SECONDARY_EDGE_TTA_ACTIVE views= 8 weight= 0.75 mean_abs_feat_delta= 0.291254\n"}
,{"stream_name":"stdout","time":703.872370382,"data":"BIOHUB_RETENTION_GUARD {\"blended_candidates\": 298, \"dataset\": \"44b6_0b24845f\", \"frame\": 14, \"minimum_retention\": 0.9, \"primary_candidates\": 355, \"retention\": 0.8394366197183099, \"use_primary\": true}\n"}
,{"stream_name":"stdout","time":703.87237706,"data":"SECONDARY_EDGE_TTA_ACTIVE views= 8 weight= 0.75 mean_abs_feat_delta= 0.238478\n"}
,{"stream_name":"stdout","time":704.876864561,"data":"EDGE_TTA_ACTIVE views= 8 mean_abs_feat_delta= 0.32447\n"}
,{"stream_name":"stdout","time":704.88281058,"data":"EDGE_TTA_ACTIVE views= 8 mean_abs_feat_delta= 0.383518\n"}
,{"stream_name":"stdout","time":705.079338876,"data":"EDGE_TTA_ACTIVE views= 8 mean_abs_feat_delta= 0.32447\n"}
,{"stream_name":"stdout","time":705.079365125,"data":"EDGE_TTA_ACTIVE views= 8 mean_abs_feat_delta= 0.383518\n"}
,{"stream_name":"stdout","time":705.76793333,"data":"SECONDARY_EDGE_TTA_ACTIVE views= 8 weight= 0.75 mean_abs_feat_delta= 0.234529\n"}
,{"stream_name":"stdout","time":705.77477026,"data":"SECONDARY_EDGE_TTA_ACTIVE views= 8 weight= 0.75 mean_abs_feat_delta= 0.292761\n"}
,{"stream_name":"stdout","time":705.778897169,"data":"BIOHUB_RETENTION_GUARD {\"blended_candidates\": 313, \"dataset\": \"44b6_0b24845f\", \"frame\": 15, \"minimum_retention\": 0.9, \"primary_candidates\": 362, \"retention\": 0.8646408839779005, \"use_primary\": true}\n"}
,{"stream_name":"stdout","time":705.970684225,"data":"SECONDARY_EDGE_TTA_ACTIVE views= 8 weight= 0.75 mean_abs_feat_delta= 0.234529\n"}
,{"stream_name":"stdout","time":705.970724319,"data":"SECONDARY_EDGE_TTA_ACTIVE views= 8 weight= 0.75 mean_abs_feat_delta= 0.292761\n"}
,{"stream_name":"stdout","time":705.970742682,"data":"BIOHUB_RETENTION_GUARD {\"blended_candidates\": 313, \"dataset\": \"44b6_0b24845f\", \"frame\": 15, \"minimum_retention\": 0.9, \"primary_candidates\": 362, \"retention\": 0.8646408839779005, \"use_primary\": true}\n"}
,{"stream_name":"stdout","time":706.821509154,"data":"EDGE_TTA_ACTIVE views= 8 mean_abs_feat_delta= 0.325522\n"}
,{"stream_name":"stdout","time":706.937936273,"data":"EDGE_TTA_ACTIVE views= 8 mean_abs_feat_delta= 0.385471\n"}
,{"stream_name":"stdout","time":707.023551096,"data":"EDGE_TTA_ACTIVE views= 8 mean_abs_feat_delta= 0.325522\n"}
,{"stream_name":"stdout","time":707.023582808,"data":"EDGE_TTA_ACTIVE views= 8 mean_abs_feat_delta= 0.385471\n"}
,{"stream_name":"stdout","time":707.716000241,"data":"SECONDARY_EDGE_TTA_ACTIVE views= 8 weight= 0.75 mean_abs_feat_delta= 0.238533\n"}
,{"stream_name":"stdout","time":707.830647756,"data":"SECONDARY_EDGE_TTA_ACTIVE views= 8 weight= 0.75 mean_abs_feat_delta= 0.289362\n"}
,{"stream_name":"stdout","time":707.834750674,"data":"BIOHUB_RETENTION_GUARD {\"blended_candidates\": 312, \"dataset\": \"44b6_0b24845f\", \"frame\": 16, \"minimum_retention\": 0.9, \"primary_candidates\": 355, \"retention\": 0.8788732394366198, \"use_primary\": true}\n"}
,{"stream_name":"stdout","time":707.918342097,"data":"SECONDARY_EDGE_TTA_ACTIVE views= 8 weight= 0.75 mean_abs_feat_delta= 0.238533\n"}
,{"stream_name":"stdout","time":707.918367739,"data":"SECONDARY_EDGE_TTA_ACTIVE views= 8 weight= 0.75 mean_abs_feat_delta= 0.289362\n"}
,{"stream_name":"stdout","time":707.918373416,"data":"BIOHUB_RETENTION_GUARD {\"blended_candidates\": 312, \"dataset\": \"44b6_0b24845f\", \"frame\": 16, \"minimum_retention\": 0.9, \"primary_candidates\": 355, \"retention\": 0.8788732394366198, \"use_primary\": true}\n"}
,{"stream_name":"stdout","time":708.730585332,"data":"EDGE_TTA_ACTIVE views= 8 mean_abs_feat_delta= 0.319866\n"}
,{"stream_name":"stdout","time":708.932951564,"data":"EDGE_TTA_ACTIVE views= 8 mean_abs_feat_delta= 0.319866\n"}
,{"stream_name":"stdout","time":708.939458401,"data":"EDGE_TTA_ACTIVE views= 8 mean_abs_feat_delta= 0.384377\n"}
,{"stream_name":"stdout","time":709.14132636,"data":"EDGE_TTA_ACTIVE views= 8 mean_abs_feat_delta= 0.384377\n"}
,{"stream_name":"stdout","time":709.625465263,"data":"SECONDARY_EDGE_TTA_ACTIVE views= 8 weight= 0.75 mean_abs_feat_delta= 0.239819\n"}
,{"stream_name":"stdout","time":709.827860005,"data":"SECONDARY_EDGE_TTA_ACTIVE views= 8 weight= 0.75 mean_abs_feat_delta= 0.239819\n"}
,{"stream_name":"stdout","time":709.831458178,"data":"SECONDARY_EDGE_TTA_ACTIVE views= 8 weight= 0.75 mean_abs_feat_delta= 0.286833\n"}
,{"stream_name":"stdout","time":709.835494623,"data":"BIOHUB_RETENTION_GUARD {\"blended_candidates\": 308, \"dataset\": \"44b6_0b24845f\", \"frame\": 17, \"minimum_retention\": 0.9, \"primary_candidates\": 350, \"retention\": 0.88, \"use_primary\": true}\n"}
,{"stream_name":"stdout","time":710.034153181,"data":"SECONDARY_EDGE_TTA_ACTIVE views= 8 weight= 0.75 mean_abs_feat_delta= 0.286833\n"}
,{"stream_name":"stdout","time":710.034209076,"data":"BIOHUB_RETENTION_GUARD {\"blended_candidates\": 308, \"dataset\": \"44b6_0b24845f\", \"frame\": 17, \"minimum_retention\": 0.9, \"primary_candidates\": 350, \"retention\": 0.88, \"use_primary\": true}\n"}
,{"stream_name":"stdout","time":710.623022506,"data":"EDGE_TTA_ACTIVE views= 8 mean_abs_feat_delta= 0.323582\n"}
,{"stream_name":"stdout","time":710.825212214,"data":"EDGE_TTA_ACTIVE views= 8 mean_abs_feat_delta= 0.323582\n"}
,{"stream_name":"stdout","time":710.953393088,"data":"EDGE_TTA_ACTIVE views= 8 mean_abs_feat_delta= 0.382582\n"}
,{"stream_name":"stdout","time":711.156723084,"data":"EDGE_TTA_ACTIVE views= 8 mean_abs_feat_delta= 0.382582\n"}
,{"stream_name":"stdout","time":711.523671842,"data":"SECONDARY_EDGE_TTA_ACTIVE views= 8 weight= 0.75 mean_abs_feat_delta= 0.242037\n"}
,{"stream_name":"stdout","time":711.726062398,"data":"SECONDARY_EDGE_TTA_ACTIVE views= 8 weight= 0.75 mean_abs_feat_delta= 0.242037\n"}
,{"stream_name":"stdout","time":711.845955336,"data":"SECONDARY_EDGE_TTA_ACTIVE views= 8 weight= 0.75 mean_abs_feat_delta= 0.278925\n"}
,{"stream_name":"stdout","time":711.850062058,"data":"BIOHUB_RETENTION_GUARD {\"blended_candidates\": 329, \"dataset\": \"44b6_0b24845f\", \"frame\": 18, \"minimum_retention\": 0.9, \"primary_candidates\": 370, \"retention\": 0.8891891891891892, \"use_primary\": true}\n"}
,{"stream_name":"stdout","time":712.048715656,"data":"SECONDARY_EDGE_TTA_ACTIVE views= 8 weight= 0.75 mean_abs_feat_delta= 0.278925\n"}
,{"stream_name":"stdout","time":712.048746462,"data":"BIOHUB_RETENTION_GUARD {\"blended_candidates\": 329, \"dataset\": \"44b6_0b24845f\", \"frame\": 18, \"minimum_retention\": 0.9, \"primary_candidates\": 370, \"retention\": 0.8891891891891892, \"use_primary\": true}\n"}
,{"stream_name":"stdout","time":712.559790843,"data":"EDGE_TTA_ACTIVE views= 8 mean_abs_feat_delta= 0.326415\n"}
,{"stream_name":"stdout","time":712.76205242,"data":"EDGE_TTA_ACTIVE views= 8 mean_abs_feat_delta= 0.326415\n"}
,{"stream_name":"stdout","time":712.981668008,"data":"EDGE_TTA_ACTIVE views= 8 mean_abs_feat_delta= 0.372763\n"}
,{"stream_name":"stdout","time":713.183964572,"data":"EDGE_TTA_ACTIVE views= 8 mean_abs_feat_delta= 0.372763\n"}
,{"stream_name":"stdout","time":713.456152149,"data":"SECONDARY_EDGE_TTA_ACTIVE views= 8 weight= 0.75 mean_abs_feat_delta= 0.241724\n"}
,{"stream_name":"stdout","time":713.658579166,"data":"SECONDARY_EDGE_TTA_ACTIVE views= 8 weight= 0.75 mean_abs_feat_delta= 0.241724\n"}
,{"stream_name":"stdout","time":713.879764194,"data":"SECONDARY_EDGE_TTA_ACTIVE views= 8 weight= 0.75 mean_abs_feat_delta= 0.279475\n"}
,{"stream_name":"stdout","time":713.883829622,"data":"BIOHUB_RETENTION_GUARD {\"blended_candidates\": 276, \"dataset\": \"44b6_0b24845f\", \"frame\": 19, \"minimum_retention\": 0.9, \"primary_candidates\": 332, \"retention\": 0.8313253012048193, \"use_primary\": true}\n"}
,{"stream_name":"stdout","time":714.08245494,"data":"SECONDARY_EDGE_TTA_ACTIVE views= 8 weight= 0.75 mean_abs_feat_delta= 0.279475\n"}
,{"stream_name":"stdout","time":714.082488471,"data":"BIOHUB_RETENTION_GUARD {\"blended_candidates\": 276, \"dataset\": \"44b6_0b24845f\", \"frame\": 19, \"minimum_retention\": 0.9, \"primary_candidates\": 332, \"retention\": 0.8313253012048193, \"use_primary\": true}\n"}
,{"stream_name":"stdout","time":714.466132045,"data":"EDGE_TTA_ACTIVE views= 8 mean_abs_feat_delta= 0.32326\n"}
,{"stream_name":"stdout","time":714.66848085,"data":"EDGE_TTA_ACTIVE views= 8 mean_abs_feat_delta= 0.32326\n"}
,{"stream_name":"stdout","time":715.012717566,"data":"EDGE_TTA_ACTIVE views= 8 mean_abs_feat_delta= 0.372366\n"}
,{"stream_name":"stdout","time":715.215148619,"data":"EDGE_TTA_ACTIVE views= 8 mean_abs_feat_delta= 0.372366\n"}
,{"stream_name":"stdout","time":715.364313605,"data":"SECONDARY_EDGE_TTA_ACTIVE views= 8 weight= 0.75 mean_abs_feat_delta= 0.234753\n"}
,{"stream_name":"stdout","time":715.566617326,"data":"SECONDARY_EDGE_TTA_ACTIVE views= 8 weight= 0.75 mean_abs_feat_delta= 0.234753\n"}
,{"stream_name":"stdout","time":715.923974035,"data":"SECONDARY_EDGE_TTA_ACTIVE views= 8 weight= 0.75 mean_abs_feat_delta= 0.284561\n"}
,{"stream_name":"stdout","time":715.928192126,"data":"BIOHUB_RETENTION_GUARD {\"blended_candidates\": 269, \"dataset\": \"44b6_0b24845f\", \"frame\": 20, \"minimum_retention\": 0.9, \"primary_candidates\": 328, \"retention\": 0.8201219512195121, \"use_primary\": true}\n"}
,{"stream_name":"stdout","time":716.126585259,"data":"SECONDARY_EDGE_TTA_ACTIVE views= 8 weight= 0.75 mean_abs_feat_delta= 0.284561\n"}
,{"stream_name":"stdout","time":716.126631355,"data":"BIOHUB_RETENTION_GUARD {\"blended_candidates\": 269, \"dataset\": \"44b6_0b24845f\", \"frame\": 20, \"minimum_retention\": 0.9, \"primary_candidates\": 328, \"retention\": 0.8201219512195121, \"use_primary\": true}\n"}
,{"stream_name":"stdout","time":716.369262,"data":"EDGE_TTA_ACTIVE views= 8 mean_abs_feat_delta= 0.324888\n"}
,{"stream_name":"stdout","time":716.571420098,"data":"EDGE_TTA_ACTIVE views= 8 mean_abs_feat_delta= 0.324888\n"}
,{"stream_name":"stdout","time":717.053448361,"data":"EDGE_TTA_ACTIVE views= 8 mean_abs_feat_delta= 0.371789\n"}
,{"stream_name":"stdout","time":717.25547371,"data":"EDGE_TTA_ACTIVE views= 8 mean_abs_feat_delta= 0.371789\n"}
,{"stream_name":"stdout","time":717.270150973,"data":"SECONDARY_EDGE_TTA_ACTIVE views= 8 weight= 0.75 mean_abs_feat_delta= 0.238746\n"}
,{"stream_name":"stdout","time":717.472564496,"data":"SECONDARY_EDGE_TTA_ACTIVE views= 8 weight= 0.75 mean_abs_feat_delta= 0.238746\n"}
,{"stream_name":"stdout","time":717.964725079,"data":"SECONDARY_EDGE_TTA_ACTIVE views= 8 weight= 0.75 mean_abs_feat_delta= 0.285181\n"}
,{"stream_name":"stdout","time":717.968772104,"data":"BIOHUB_RETENTION_GUARD {\"blended_candidates\": 267, \"dataset\": \"44b6_0b24845f\", \"frame\": 21, \"minimum_retention\": 0.9, \"primary_candidates\": 313, \"retention\": 0.853035143769968, \"use_primary\": true}\n"}
,{"stream_name":"stdout","time":718.167177753,"data":"SECONDARY_EDGE_TTA_ACTIVE views= 8 weight= 0.75 mean_abs_feat_delta= 0.285181\n"}
,{"stream_name":"stdout","time":718.167237979,"data":"BIOHUB_RETENTION_GUARD {\"blended_candidates\": 267, \"dataset\": \"44b6_0b24845f\", \"frame\": 21, \"minimum_retention\": 0.9, \"primary_candidates\": 313, \"retention\": 0.853035143769968, \"use_primary\": true}\n"}
,{"stream_name":"stdout","time":718.278044319,"data":"EDGE_TTA_ACTIVE views= 8 mean_abs_feat_delta= 0.325752\n"}
,{"stream_name":"stdout","time":718.480322454,"data":"EDGE_TTA_ACTIVE views= 8 mean_abs_feat_delta= 0.325752\n"}
,{"stream_name":"stdout","time":719.088071113,"data":"EDGE_TTA_ACTIVE views= 8 mean_abs_feat_delta= 0.374281\n"}
,{"stream_name":"stdout","time":719.185760001,"data":"SECONDARY_EDGE_TTA_ACTIVE views= 8 weight= 0.75 mean_abs_feat_delta= 0.238954\n"}
,{"stream_name":"stdout","time":719.290161148,"data":"EDGE_TTA_ACTIVE views= 8 mean_abs_feat_delta= 0.374281\n"}
,{"stream_name":"stdout","time":719.290187351,"data":"SECONDARY_EDGE_TTA_ACTIVE views= 8 weight= 0.75 mean_abs_feat_delta= 0.238954\n"}
,{"stream_name":"stdout","time":719.992361001,"data":"SECONDARY_EDGE_TTA_ACTIVE views= 8 weight= 0.75 mean_abs_feat_delta= 0.283807\n"}
,{"stream_name":"stdout","time":719.996397407,"data":"BIOHUB_RETENTION_GUARD {\"blended_candidates\": 267, \"dataset\": \"44b6_0b24845f\", \"frame\": 22, \"minimum_retention\": 0.9, \"primary_candidates\": 300, \"retention\": 0.89, \"use_primary\": true}\n"}
,{"stream_name":"stdout","time":720.194880025,"data":"SECONDARY_EDGE_TTA_ACTIVE views= 8 weight= 0.75 mean_abs_feat_delta= 0.283807\n"}
,{"stream_name":"stdout","time":720.194908076,"data":"BIOHUB_RETENTION_GUARD {\"blended_candidates\": 267, \"dataset\": \"44b6_0b24845f\", \"frame\": 22, \"minimum_retention\": 0.9, \"primary_candidates\": 300, \"retention\": 0.89, \"use_primary\": true}\n"}
,{"stream_name":"stdout","time":720.245121714,"data":"EDGE_TTA_ACTIVE views= 8 mean_abs_feat_delta= 0.330364\n"}
,{"stream_name":"stdout","time":720.447369151,"data":"EDGE_TTA_ACTIVE views= 8 mean_abs_feat_delta= 0.330364\n"}
,{"stream_name":"stdout","time":721.127234316,"data":"EDGE_TTA_ACTIVE views= 8 mean_abs_feat_delta= 0.376351\n"}
,{"stream_name":"stdout","time":721.155403764,"data":"SECONDARY_EDGE_TTA_ACTIVE views= 8 weight= 0.75 mean_abs_feat_delta= 0.235145\n"}
,{"stream_name":"stdout","time":721.330566343,"data":"EDGE_TTA_ACTIVE views= 8 mean_abs_feat_delta= 0.376351\n"}
,{"stream_name":"stdout","time":721.330605869,"data":"SECONDARY_EDGE_TTA_ACTIVE views= 8 weight= 0.75 mean_abs_feat_delta= 0.235145\n"}
,{"stream_name":"stdout","time":722.037382415,"data":"SECONDARY_EDGE_TTA_ACTIVE views= 8 weight= 0.75 mean_abs_feat_delta= 0.283023\n"}
,{"stream_name":"stdout","time":722.041469516,"data":"BIOHUB_RETENTION_GUARD {\"blended_candidates\": 291, \"dataset\": \"44b6_0b24845f\", \"frame\": 23, \"minimum_retention\": 0.9, \"primary_candidates\": 337, \"retention\": 0.8635014836795252, \"use_primary\": true}\n"}
,{"stream_name":"stdout","time":722.224117701,"data":"EDGE_TTA_ACTIVE views= 8 mean_abs_feat_delta= 0.329773\n"}
,{"stream_name":"stdout","time":722.23966107,"data":"SECONDARY_EDGE_TTA_ACTIVE views= 8 weight= 0.75 mean_abs_feat_delta= 0.283023\n"}
,{"stream_name":"stdout","time":722.23968435,"data":"BIOHUB_RETENTION_GUARD {\"blended_candidates\": 291, \"dataset\": \"44b6_0b24845f\", \"frame\": 23, \"minimum_retention\": 0.9, \"primary_candidates\": 337, \"retention\": 0.8635014836795252, \"use_primary\": true}\n"}
,{"stream_name":"stdout","time":722.239691068,"data":"EDGE_TTA_ACTIVE views= 8 mean_abs_feat_delta= 0.329773\n"}
,{"stream_name":"stdout","time":723.138211201,"data":"SECONDARY_EDGE_TTA_ACTIVE views= 8 weight= 0.75 mean_abs_feat_delta= 0.236219\n"}
,{"stream_name":"stdout","time":723.163908529,"data":"EDGE_TTA_ACTIVE views= 8 mean_abs_feat_delta= 0.376414\n"}
,{"stream_name":"stdout","time":723.355797258,"data":"SECONDARY_EDGE_TTA_ACTIVE views= 8 weight= 0.75 mean_abs_feat_delta= 0.236219\n"}
,{"stream_name":"stdout","time":723.355824806,"data":"EDGE_TTA_ACTIVE views= 8 mean_abs_feat_delta= 0.376414\n"}
,{"stream_name":"stdout","time":724.07304239,"data":"SECONDARY_EDGE_TTA_ACTIVE views= 8 weight= 0.75 mean_abs_feat_delta= 0.282779\n"}
,{"stream_name":"stdout","time":724.077124174,"data":"BIOHUB_RETENTION_GUARD {\"blended_candidates\": 237, \"dataset\": \"44b6_0b24845f\", \"frame\": 24, \"minimum_retention\": 0.9, \"primary_candidates\": 304, \"retention\": 0.7796052631578947, \"use_primary\": true}\n"}
,{"stream_name":"stdout","time":724.162975222,"data":"EDGE_TTA_ACTIVE views= 8 mean_abs_feat_delta= 0.325156\n"}
,{"stream_name":"stdout","time":724.275410002,"data":"SECONDARY_EDGE_TTA_ACTIVE views= 8 weight= 0.75 mean_abs_feat_delta= 0.282779\n"}
,{"stream_name":"stdout","time":724.275442866,"data":"BIOHUB_RETENTION_GUARD {\"blended_candidates\": 237, \"dataset\": \"44b6_0b24845f\", \"frame\": 24, \"minimum_retention\": 0.9, \"primary_candidates\": 304, \"retention\": 0.7796052631578947, \"use_primary\": true}\n"}
,{"stream_name":"stdout","time":724.275450458,"data":"EDGE_TTA_ACTIVE views= 8 mean_abs_feat_delta= 0.325156\n"}
,{"stream_name":"stdout","time":725.079628636,"data":"SECONDARY_EDGE_TTA_ACTIVE views= 8 weight= 0.75 mean_abs_feat_delta= 0.234985\n"}
,{"stream_name":"stdout","time":725.238089348,"data":"EDGE_TTA_ACTIVE views= 8 mean_abs_feat_delta= 0.372882\n"}
,{"stream_name":"stdout","time":725.281947945,"data":"SECONDARY_EDGE_TTA_ACTIVE views= 8 weight= 0.75 mean_abs_feat_delta= 0.234985\n"}
,{"stream_name":"stdout","time":725.281973979,"data":"EDGE_TTA_ACTIVE views= 8 mean_abs_feat_delta= 0.372882\n"}
,{"stream_name":"stdout","time":726.102172351,"data":"EDGE_TTA_ACTIVE views= 8 mean_abs_feat_delta= 0.328005\n"}
,{"stream_name":"stdout","time":726.151103137,"data":"SECONDARY_EDGE_TTA_ACTIVE views= 8 weight= 0.75 mean_abs_feat_delta= 0.277254\n"}
,{"stream_name":"stdout","time":726.155266621,"data":"BIOHUB_RETENTION_GUARD {\"blended_candidates\": 255, \"dataset\": \"44b6_0b24845f\", \"frame\": 25, \"minimum_retention\": 0.9, \"primary_candidates\": 314, \"retention\": 0.8121019108280255, \"use_primary\": true}\n"}
,{"stream_name":"stdout","time":726.304456851,"data":"EDGE_TTA_ACTIVE views= 8 mean_abs_feat_delta= 0.328005\n"}
,{"stream_name":"stdout","time":726.304482243,"data":"SECONDARY_EDGE_TTA_ACTIVE views= 8 weight= 0.75 mean_abs_feat_delta= 0.277254\n"}
,{"stream_name":"stdout","time":726.304486698,"data":"BIOHUB_RETENTION_GUARD {\"blended_candidates\": 255, \"dataset\": \"44b6_0b24845f\", \"frame\": 25, \"minimum_retention\": 0.9, \"primary_candidates\": 314, \"retention\": 0.8121019108280255, \"use_primary\": true}\n"}
,{"stream_name":"stdout","time":727.023858806,"data":"SECONDARY_EDGE_TTA_ACTIVE views= 8 weight= 0.75 mean_abs_feat_delta= 0.230623\n"}
,{"stream_name":"stdout","time":727.226281342,"data":"SECONDARY_EDGE_TTA_ACTIVE views= 8 weight= 0.75 mean_abs_feat_delta= 0.230623\n"}
,{"stream_name":"stdout","time":727.314352306,"data":"EDGE_TTA_ACTIVE views= 8 mean_abs_feat_delta= 0.37166\n"}
,{"stream_name":"stdout","time":727.516810865,"data":"EDGE_TTA_ACTIVE views= 8 mean_abs_feat_delta= 0.37166\n"}
,{"stream_name":"stdout","time":728.055936965,"data":"EDGE_TTA_ACTIVE views= 8 mean_abs_feat_delta= 0.332057\n"}
,{"stream_name":"stdout","time":728.228727747,"data":"SECONDARY_EDGE_TTA_ACTIVE views= 8 weight= 0.75 mean_abs_feat_delta= 0.281262\n"}
,{"stream_name":"stdout","time":728.232825255,"data":"BIOHUB_RETENTION_GUARD {\"blended_candidates\": 264, \"dataset\": \"44b6_0b24845f\", \"frame\": 26, \"minimum_retention\": 0.9, \"primary_candidates\": 313, \"retention\": 0.8434504792332268, \"use_primary\": true}\n"}
,{"stream_name":"stdout","time":728.258355021,"data":"EDGE_TTA_ACTIVE views= 8 mean_abs_feat_delta= 0.332057\n"}
,{"stream_name":"stdout","time":728.258372954,"data":"SECONDARY_EDGE_TTA_ACTIVE views= 8 weight= 0.75 mean_abs_feat_delta= 0.281262\n"}
,{"stream_name":"stdout","time":728.258377706,"data":"BIOHUB_RETENTION_GUARD {\"blended_candidates\": 264, \"dataset\": \"44b6_0b24845f\", \"frame\": 26, \"minimum_retention\": 0.9, \"primary_candidates\": 313, \"retention\": 0.8434504792332268, \"use_primary\": true}\n"}
,{"stream_name":"stdout","time":728.975161587,"data":"SECONDARY_EDGE_TTA_ACTIVE views= 8 weight= 0.75 mean_abs_feat_delta= 0.233514\n"}
,{"stream_name":"stdout","time":729.177505632,"data":"SECONDARY_EDGE_TTA_ACTIVE views= 8 weight= 0.75 mean_abs_feat_delta= 0.233514\n"}
,{"stream_name":"stdout","time":729.405199289,"data":"EDGE_TTA_ACTIVE views= 8 mean_abs_feat_delta= 0.380369\n"}
,{"stream_name":"stdout","time":729.607526897,"data":"EDGE_TTA_ACTIVE views= 8 mean_abs_feat_delta= 0.380369\n"}
,{"stream_name":"stdout","time":730.00666299,"data":"EDGE_TTA_ACTIVE views= 8 mean_abs_feat_delta= 0.327244\n"}
,{"stream_name":"stdout","time":730.208645358,"data":"EDGE_TTA_ACTIVE views= 8 mean_abs_feat_delta= 0.327244\n"}
,{"stream_name":"stdout","time":730.32174571,"data":"SECONDARY_EDGE_TTA_ACTIVE views= 8 weight= 0.75 mean_abs_feat_delta= 0.286689\n"}
,{"stream_name":"stdout","time":730.326742881,"data":"BIOHUB_RETENTION_GUARD {\"blended_candidates\": 251, \"dataset\": \"44b6_0b24845f\", \"frame\": 27, \"minimum_retention\": 0.9, \"primary_candidates\": 306, \"retention\": 0.8202614379084967, \"use_primary\": true}\n"}
,{"stream_name":"stdout","time":730.524210917,"data":"SECONDARY_EDGE_TTA_ACTIVE views= 8 weight= 0.75 mean_abs_feat_delta= 0.286689\n"}
,{"stream_name":"stdout","time":730.524244612,"data":"BIOHUB_RETENTION_GUARD {\"blended_candidates\": 251, \"dataset\": \"44b6_0b24845f\", \"frame\": 27, \"minimum_retention\": 0.9, \"primary_candidates\": 306, \"retention\": 0.8202614379084967, \"use_primary\": true}\n"}
,{"stream_name":"stdout","time":730.925879918,"data":"SECONDARY_EDGE_TTA_ACTIVE views= 8 weight= 0.75 mean_abs_feat_delta= 0.236419\n"}
,{"stream_name":"stdout","time":731.128644055,"data":"SECONDARY_EDGE_TTA_ACTIVE views= 8 weight= 0.75 mean_abs_feat_delta= 0.236419\n"}
,{"stream_name":"stdout","time":731.46793763,"data":"EDGE_TTA_ACTIVE views= 8 mean_abs_feat_delta= 0.376619\n"}
,{"stream_name":"stdout","time":731.670380839,"data":"EDGE_TTA_ACTIVE views= 8 mean_abs_feat_delta= 0.376619\n"}
,{"stream_name":"stdout","time":731.996683562,"data":"EDGE_TTA_ACTIVE views= 8 mean_abs_feat_delta= 0.331491\n"}
,{"stream_name":"stdout","time":732.198971373,"data":"EDGE_TTA_ACTIVE views= 8 mean_abs_feat_delta= 0.331491\n"}
,{"stream_name":"stdout","time":732.388553004,"data":"SECONDARY_EDGE_TTA_ACTIVE views= 8 weight= 0.75 mean_abs_feat_delta= 0.289543\n"}
,{"stream_name":"stdout","time":732.590917855,"data":"SECONDARY_EDGE_TTA_ACTIVE views= 8 weight= 0.75 mean_abs_feat_delta= 0.289543\n"}
,{"stream_name":"stdout","time":732.926896913,"data":"SECONDARY_EDGE_TTA_ACTIVE views= 8 weight= 0.75 mean_abs_feat_delta= 0.240106\n"}
,{"stream_name":"stdout","time":733.129428338,"data":"SECONDARY_EDGE_TTA_ACTIVE views= 8 weight= 0.75 mean_abs_feat_delta= 0.240106\n"}
,{"stream_name":"stdout","time":733.534268,"data":"EDGE_TTA_ACTIVE views= 8 mean_abs_feat_delta= 0.376866\n"}
,{"stream_name":"stdout","time":733.736523942,"data":"EDGE_TTA_ACTIVE views= 8 mean_abs_feat_delta= 0.376866\n"}
,{"stream_name":"stdout","time":733.990126525,"data":"EDGE_TTA_ACTIVE views= 8 mean_abs_feat_delta= 0.332767\n"}
,{"stream_name":"stdout","time":734.192640208,"data":"EDGE_TTA_ACTIVE views= 8 mean_abs_feat_delta= 0.332767\n"}
,{"stream_name":"stdout","time":734.455416373,"data":"SECONDARY_EDGE_TTA_ACTIVE views= 8 weight= 0.75 mean_abs_feat_delta= 0.279696\n"}
,{"stream_name":"stdout","time":734.657803833,"data":"SECONDARY_EDGE_TTA_ACTIVE views= 8 weight= 0.75 mean_abs_feat_delta= 0.279696\n"}
,{"stream_name":"stdout","time":734.924269572,"data":"SECONDARY_EDGE_TTA_ACTIVE views= 8 weight= 0.75 mean_abs_feat_delta= 0.251196\n"}
,{"stream_name":"stdout","time":735.126845871,"data":"SECONDARY_EDGE_TTA_ACTIVE views= 8 weight= 0.75 mean_abs_feat_delta= 0.251196\n"}
,{"stream_name":"stdout","time":735.600614093,"data":"EDGE_TTA_ACTIVE views= 8 mean_abs_feat_delta= 0.386917\n"}
,{"stream_name":"stdout","time":735.803009489,"data":"EDGE_TTA_ACTIVE views= 8 mean_abs_feat_delta= 0.386917\n"}
,{"stream_name":"stdout","time":736.021384861,"data":"EDGE_TTA_ACTIVE views= 8 mean_abs_feat_delta= 0.333532\n"}
,{"stream_name":"stdout","time":736.223625625,"data":"EDGE_TTA_ACTIVE views= 8 mean_abs_feat_delta= 0.333532\n"}
,{"stream_name":"stdout","time":736.538952688,"data":"SECONDARY_EDGE_TTA_ACTIVE views= 8 weight= 0.75 mean_abs_feat_delta= 0.278123\n"}
,{"stream_name":"stdout","time":736.542963207,"data":"BIOHUB_RETENTION_GUARD {\"blended_candidates\": 236, \"dataset\": \"44b6_0b24845f\", \"frame\": 30, \"minimum_retention\": 0.9, \"primary_candidates\": 277, \"retention\": 0.851985559566787, \"use_primary\": true}\n"}
,{"stream_name":"stdout","time":736.741062141,"data":"SECONDARY_EDGE_TTA_ACTIVE views= 8 weight= 0.75 mean_abs_feat_delta= 0.278123\n"}
,{"stream_name":"stdout","time":736.741092711,"data":"BIOHUB_RETENTION_GUARD {\"blended_candidates\": 236, \"dataset\": \"44b6_0b24845f\", \"frame\": 30, \"minimum_retention\": 0.9, \"primary_candidates\": 277, \"retention\": 0.851985559566787, \"use_primary\": true}\n"}
,{"stream_name":"stdout","time":736.962710744,"data":"SECONDARY_EDGE_TTA_ACTIVE views= 8 weight= 0.75 mean_abs_feat_delta= 0.251416\n"}
,{"stream_name":"stdout","time":737.16488501,"data":"SECONDARY_EDGE_TTA_ACTIVE views= 8 weight= 0.75 mean_abs_feat_delta= 0.251416\n"}
,{"stream_name":"stdout","time":737.709469289,"data":"EDGE_TTA_ACTIVE views= 8 mean_abs_feat_delta= 0.380402\n"}
,{"stream_name":"stdout","time":737.911923725,"data":"EDGE_TTA_ACTIVE views= 8 mean_abs_feat_delta= 0.380402\n"}
,{"stream_name":"stdout","time":738.140268878,"data":"EDGE_TTA_ACTIVE views= 8 mean_abs_feat_delta= 0.339086\n"}
,{"stream_name":"stdout","time":738.342380901,"data":"EDGE_TTA_ACTIVE views= 8 mean_abs_feat_delta= 0.339086\n"}
,{"stream_name":"stdout","time":738.650563186,"data":"SECONDARY_EDGE_TTA_ACTIVE views= 8 weight= 0.75 mean_abs_feat_delta= 0.280595\n"}
,{"stream_name":"stdout","time":738.654734659,"data":"BIOHUB_RETENTION_GUARD {\"blended_candidates\": 225, \"dataset\": \"44b6_0b24845f\", \"frame\": 31, \"minimum_retention\": 0.9, \"primary_candidates\": 291, \"retention\": 0.7731958762886598, \"use_primary\": true}\n"}
,{"stream_name":"stdout","time":738.852934035,"data":"SECONDARY_EDGE_TTA_ACTIVE views= 8 weight= 0.75 mean_abs_feat_delta= 0.280595\n"}
,{"stream_name":"stdout","time":738.852963072,"data":"BIOHUB_RETENTION_GUARD {\"blended_candidates\": 225, \"dataset\": \"44b6_0b24845f\", \"frame\": 31, \"minimum_retention\": 0.9, \"primary_candidates\": 291, \"retention\": 0.7731958762886598, \"use_primary\": true}\n"}
,{"stream_name":"stdout","time":739.080099957,"data":"SECONDARY_EDGE_TTA_ACTIVE views= 8 weight= 0.75 mean_abs_feat_delta= 0.251129\n"}
,{"stream_name":"stdout","time":739.282512746,"data":"SECONDARY_EDGE_TTA_ACTIVE views= 8 weight= 0.75 mean_abs_feat_delta= 0.251129\n"}
,{"stream_name":"stdout","time":739.806055928,"data":"EDGE_TTA_ACTIVE views= 8 mean_abs_feat_delta= 0.37605\n"}
,{"stream_name":"stdout","time":740.008299852,"data":"EDGE_TTA_ACTIVE views= 8 mean_abs_feat_delta= 0.37605\n"}
,{"stream_name":"stdout","time":740.127755278,"data":"EDGE_TTA_ACTIVE views= 8 mean_abs_feat_delta= 0.336421\n"}
,{"stream_name":"stdout","time":740.329725465,"data":"EDGE_TTA_ACTIVE views= 8 mean_abs_feat_delta= 0.336421\n"}
,{"stream_name":"stdout","time":740.740249532,"data":"SECONDARY_EDGE_TTA_ACTIVE views= 8 weight= 0.75 mean_abs_feat_delta= 0.279727\n"}
,{"stream_name":"stdout","time":740.744474019,"data":"BIOHUB_RETENTION_GUARD {\"blended_candidates\": 213, \"dataset\": \"44b6_0b24845f\", \"frame\": 32, \"minimum_retention\": 0.9, \"primary_candidates\": 285, \"retention\": 0.7473684210526316, \"use_primary\": true}\n"}
,{"stream_name":"stdout","time":740.942565615,"data":"SECONDARY_EDGE_TTA_ACTIVE views= 8 weight= 0.75 mean_abs_feat_delta= 0.279727\n"}
,{"stream_name":"stdout","time":740.94262946,"data":"BIOHUB_RETENTION_GUARD {\"blended_candidates\": 213, \"dataset\": \"44b6_0b24845f\", \"frame\": 32, \"minimum_retention\": 0.9, \"primary_candidates\": 285, \"retention\": 0.7473684210526316, \"use_primary\": true}\n"}
,{"stream_name":"stdout","time":741.074622176,"data":"SECONDARY_EDGE_TTA_ACTIVE views= 8 weight= 0.75 mean_abs_feat_delta= 0.248917\n"}
,{"stream_name":"stdout","time":741.277742122,"data":"SECONDARY_EDGE_TTA_ACTIVE views= 8 weight= 0.75 mean_abs_feat_delta= 0.248917\n"}
,{"stream_name":"stdout","time":741.88777658,"data":"EDGE_TTA_ACTIVE views= 8 mean_abs_feat_delta= 0.37454\n"}
,{"stream_name":"stdout","time":742.089912263,"data":"EDGE_TTA_ACTIVE views= 8 mean_abs_feat_delta= 0.37454\n"}
,{"stream_name":"stdout","time":742.1864285,"data":"EDGE_TTA_ACTIVE views= 8 mean_abs_feat_delta= 0.329875\n"}
,{"stream_name":"stdout","time":742.388626548,"data":"EDGE_TTA_ACTIVE views= 8 mean_abs_feat_delta= 0.329875\n"}
,{"stream_name":"stdout","time":742.824840115,"data":"SECONDARY_EDGE_TTA_ACTIVE views= 8 weight= 0.75 mean_abs_feat_delta= 0.277852\n"}
,{"stream_name":"stdout","time":742.828939035,"data":"BIOHUB_RETENTION_GUARD {\"blended_candidates\": 207, \"dataset\": \"44b6_0b24845f\", \"frame\": 33, \"minimum_retention\": 0.9, \"primary_candidates\": 284, \"retention\": 0.7288732394366197, \"use_primary\": true}\n"}
,{"stream_name":"stdout","time":743.027200711,"data":"SECONDARY_EDGE_TTA_ACTIVE views= 8 weight= 0.75 mean_abs_feat_delta= 0.277852\n"}
,{"stream_name":"stdout","time":743.027232704,"data":"BIOHUB_RETENTION_GUARD {\"blended_candidates\": 207, \"dataset\": \"44b6_0b24845f\", \"frame\": 33, \"minimum_retention\": 0.9, \"primary_candidates\": 284, \"retention\": 0.7288732394366197, \"use_primary\": true}\n"}
,{"stream_name":"stdout","time":743.136244784,"data":"SECONDARY_EDGE_TTA_ACTIVE views= 8 weight= 0.75 mean_abs_feat_delta= 0.248317\n"}
,{"stream_name":"stdout","time":743.338511897,"data":"SECONDARY_EDGE_TTA_ACTIVE views= 8 weight= 0.75 mean_abs_feat_delta= 0.248317\n"}
,{"stream_name":"stdout","time":744.00274958,"data":"EDGE_TTA_ACTIVE views= 8 mean_abs_feat_delta= 0.372821\n"}
,{"stream_name":"stdout","time":744.189549784,"data":"EDGE_TTA_ACTIVE views= 8 mean_abs_feat_delta= 0.328572\n"}
,{"stream_name":"stdout","time":744.205282195,"data":"EDGE_TTA_ACTIVE views= 8 mean_abs_feat_delta= 0.372821\n"}
,{"stream_name":"stdout","time":744.205298584,"data":"EDGE_TTA_ACTIVE views= 8 mean_abs_feat_delta= 0.328572\n"}
,{"stream_name":"stdout","time":744.938400788,"data":"SECONDARY_EDGE_TTA_ACTIVE views= 8 weight= 0.75 mean_abs_feat_delta= 0.27334\n"}
,{"stream_name":"stdout","time":744.9422774,"data":"BIOHUB_RETENTION_GUARD {\"blended_candidates\": 270, \"dataset\": \"44b6_0b24845f\", \"frame\": 34, \"minimum_retention\": 0.9, \"primary_candidates\": 325, \"retention\": 0.8307692307692308, \"use_primary\": true}\n"}
,{"stream_name":"stdout","time":745.140704195,"data":"SECONDARY_EDGE_TTA_ACTIVE views= 8 weight= 0.75 mean_abs_feat_delta= 0.27334\n"}
,{"stream_name":"stdout","time":745.140766115,"data":"BIOHUB_RETENTION_GUARD {\"blended_candidates\": 270, \"dataset\": \"44b6_0b24845f\", \"frame\": 34, \"minimum_retention\": 0.9, \"primary_candidates\": 325, \"retention\": 0.8307692307692308, \"use_primary\": true}\n"}
,{"stream_name":"stdout","time":745.144543985,"data":"SECONDARY_EDGE_TTA_ACTIVE views= 8 weight= 0.75 mean_abs_feat_delta= 0.247468\n"}
,{"stream_name":"stdout","time":745.346834921,"data":"SECONDARY_EDGE_TTA_ACTIVE views= 8 weight= 0.75 mean_abs_feat_delta= 0.247468\n"}
,{"stream_name":"stdout","time":746.109429048,"data":"EDGE_TTA_ACTIVE views= 8 mean_abs_feat_delta= 0.373902\n"}
,{"stream_name":"stdout","time":746.249386988,"data":"EDGE_TTA_ACTIVE views= 8 mean_abs_feat_delta= 0.326071\n"}
,{"stream_name":"stdout","time":746.311715275,"data":"EDGE_TTA_ACTIVE views= 8 mean_abs_feat_delta= 0.373902\n"}
,{"stream_name":"stdout","time":746.311733799,"data":"EDGE_TTA_ACTIVE views= 8 mean_abs_feat_delta= 0.326071\n"}
,{"stream_name":"stdout","time":747.048776944,"data":"SECONDARY_EDGE_TTA_ACTIVE views= 8 weight= 0.75 mean_abs_feat_delta= 0.274833\n"}
,{"stream_name":"stdout","time":747.052883748,"data":"BIOHUB_RETENTION_GUARD {\"blended_candidates\": 296, \"dataset\": \"44b6_0b24845f\", \"frame\": 35, \"minimum_retention\": 0.9, \"primary_candidates\": 331, \"retention\": 0.8942598187311178, \"use_primary\": true}\n"}
,{"stream_name":"stdout","time":747.205416754,"data":"SECONDARY_EDGE_TTA_ACTIVE views= 8 weight= 0.75 mean_abs_feat_delta= 0.246968\n"}
,{"stream_name":"stdout","time":747.251316559,"data":"SECONDARY_EDGE_TTA_ACTIVE views= 8 weight= 0.75 mean_abs_feat_delta= 0.274833\n"}
,{"stream_name":"stdout","time":747.251341634,"data":"BIOHUB_RETENTION_GUARD {\"blended_candidates\": 296, \"dataset\": \"44b6_0b24845f\", \"frame\": 35, \"minimum_retention\": 0.9, \"primary_candidates\": 331, \"retention\": 0.8942598187311178, \"use_primary\": true}\n"}
,{"stream_name":"stdout","time":747.251364138,"data":"SECONDARY_EDGE_TTA_ACTIVE views= 8 weight= 0.75 mean_abs_feat_delta= 0.246968\n"}
,{"stream_name":"stdout","time":748.222515874,"data":"EDGE_TTA_ACTIVE views= 8 mean_abs_feat_delta= 0.382961\n"}
,{"stream_name":"stdout","time":748.342018118,"data":"EDGE_TTA_ACTIVE views= 8 mean_abs_feat_delta= 0.328178\n"}
,{"stream_name":"stdout","time":748.425299619,"data":"EDGE_TTA_ACTIVE views= 8 mean_abs_feat_delta= 0.382961\n"}
,{"stream_name":"stdout","time":748.425320816,"data":"EDGE_TTA_ACTIVE views= 8 mean_abs_feat_delta= 0.328178\n"}
,{"stream_name":"stdout","time":749.164503343,"data":"SECONDARY_EDGE_TTA_ACTIVE views= 8 weight= 0.75 mean_abs_feat_delta= 0.281367\n"}
,{"stream_name":"stdout","time":749.302905026,"data":"SECONDARY_EDGE_TTA_ACTIVE views= 8 weight= 0.75 mean_abs_feat_delta= 0.250361\n"}
,{"stream_name":"stdout","time":749.366882517,"data":"SECONDARY_EDGE_TTA_ACTIVE views= 8 weight= 0.75 mean_abs_feat_delta= 0.281367\n"}
,{"stream_name":"stdout","time":749.366909229,"data":"SECONDARY_EDGE_TTA_ACTIVE views= 8 weight= 0.75 mean_abs_feat_delta= 0.250361\n"}
,{"stream_name":"stdout","time":750.333428497,"data":"EDGE_TTA_ACTIVE views= 8 mean_abs_feat_delta= 0.378492\n"}
,{"stream_name":"stdout","time":750.454226661,"data":"EDGE_TTA_ACTIVE views= 8 mean_abs_feat_delta= 0.331242\n"}
,{"stream_name":"stdout","time":750.535694165,"data":"EDGE_TTA_ACTIVE views= 8 mean_abs_feat_delta= 0.378492\n"}
,{"stream_name":"stdout","time":750.53571575,"data":"EDGE_TTA_ACTIVE views= 8 mean_abs_feat_delta= 0.331242\n"}
,{"stream_name":"stdout","time":751.28314227,"data":"SECONDARY_EDGE_TTA_ACTIVE views= 8 weight= 0.75 mean_abs_feat_delta= 0.279908\n"}
,{"stream_name":"stdout","time":751.287292421,"data":"BIOHUB_RETENTION_GUARD {\"blended_candidates\": 262, \"dataset\": \"44b6_0b24845f\", \"frame\": 37, \"minimum_retention\": 0.9, \"primary_candidates\": 294, \"retention\": 0.891156462585034, \"use_primary\": true}\n"}
,{"stream_name":"stdout","time":751.426076425,"data":"SECONDARY_EDGE_TTA_ACTIVE views= 8 weight= 0.75 mean_abs_feat_delta= 0.24375\n"}
,{"stream_name":"stdout","time":751.485355571,"data":"SECONDARY_EDGE_TTA_ACTIVE views= 8 weight= 0.75 mean_abs_feat_delta= 0.279908\n"}
,{"stream_name":"stdout","time":751.485382038,"data":"BIOHUB_RETENTION_GUARD {\"blended_candidates\": 262, \"dataset\": \"44b6_0b24845f\", \"frame\": 37, \"minimum_retention\": 0.9, \"primary_candidates\": 294, \"retention\": 0.891156462585034, \"use_primary\": true}\n"}
,{"stream_name":"stdout","time":751.485390064,"data":"SECONDARY_EDGE_TTA_ACTIVE views= 8 weight= 0.75 mean_abs_feat_delta= 0.24375\n"}
,{"stream_name":"stdout","time":752.459119704,"data":"EDGE_TTA_ACTIVE views= 8 mean_abs_feat_delta= 0.376768\n"}
,{"stream_name":"stdout","time":752.522898285,"data":"EDGE_TTA_ACTIVE views= 8 mean_abs_feat_delta= 0.332742\n"}
,{"stream_name":"stdout","time":752.661454878,"data":"EDGE_TTA_ACTIVE views= 8 mean_abs_feat_delta= 0.376768\n"}
,{"stream_name":"stdout","time":752.661474176,"data":"EDGE_TTA_ACTIVE views= 8 mean_abs_feat_delta= 0.332742\n"}
,{"stream_name":"stdout","time":753.413370261,"data":"SECONDARY_EDGE_TTA_ACTIVE views= 8 weight= 0.75 mean_abs_feat_delta= 0.275562\n"}
,{"stream_name":"stdout","time":753.417510722,"data":"BIOHUB_RETENTION_GUARD {\"blended_candidates\": 260, \"dataset\": \"44b6_0b24845f\", \"frame\": 38, \"minimum_retention\": 0.9, \"primary_candidates\": 304, \"retention\": 0.8552631578947368, \"use_primary\": true}\n"}
,{"stream_name":"stdout","time":753.497837839,"data":"SECONDARY_EDGE_TTA_ACTIVE views= 8 weight= 0.75 mean_abs_feat_delta= 0.239566\n"}
,{"stream_name":"stdout","time":753.627579706,"data":"SECONDARY_EDGE_TTA_ACTIVE views= 8 weight= 0.75 mean_abs_feat_delta= 0.275562\n"}
,{"stream_name":"stdout","time":753.627629753,"data":"BIOHUB_RETENTION_GUARD {\"blended_candidates\": 260, \"dataset\": \"44b6_0b24845f\", \"frame\": 38, \"minimum_retention\": 0.9, \"primary_candidates\": 304, \"retention\": 0.8552631578947368, \"use_primary\": true}\n"}
,{"stream_name":"stdout","time":753.627637708,"data":"SECONDARY_EDGE_TTA_ACTIVE views= 8 weight= 0.75 mean_abs_feat_delta= 0.239566\n"}
,{"stream_name":"stdout","time":754.626618756,"data":"EDGE_TTA_ACTIVE views= 8 mean_abs_feat_delta= 0.325998\n"}
,{"stream_name":"stdout","time":754.647044181,"data":"EDGE_TTA_ACTIVE views= 8 mean_abs_feat_delta= 0.383232\n"}
,{"stream_name":"stdout","time":754.82904689,"data":"EDGE_TTA_ACTIVE views= 8 mean_abs_feat_delta= 0.325998\n"}
,{"stream_name":"stdout","time":754.829067224,"data":"EDGE_TTA_ACTIVE views= 8 mean_abs_feat_delta= 0.383232\n"}
,{"stream_name":"stdout","time":755.60161861,"data":"SECONDARY_EDGE_TTA_ACTIVE views= 8 weight= 0.75 mean_abs_feat_delta= 0.242074\n"}
,{"stream_name":"stdout","time":755.602247873,"data":"SECONDARY_EDGE_TTA_ACTIVE views= 8 weight= 0.75 mean_abs_feat_delta= 0.278592\n"}
,{"stream_name":"stdout","time":755.606332121,"data":"BIOHUB_RETENTION_GUARD {\"blended_candidates\": 241, \"dataset\": \"44b6_0b24845f\", \"frame\": 39, \"minimum_retention\": 0.9, \"primary_candidates\": 295, \"retention\": 0.8169491525423729, \"use_primary\": true}\n"}
,{"stream_name":"stdout","time":755.804118823,"data":"SECONDARY_EDGE_TTA_ACTIVE views= 8 weight= 0.75 mean_abs_feat_delta= 0.242074\n"}
,{"stream_name":"stdout","time":755.804152457,"data":"SECONDARY_EDGE_TTA_ACTIVE views= 8 weight= 0.75 mean_abs_feat_delta= 0.278592\n"}
,{"stream_name":"stdout","time":755.804179875,"data":"BIOHUB_RETENTION_GUARD {\"blended_candidates\": 241, \"dataset\": \"44b6_0b24845f\", \"frame\": 39, \"minimum_retention\": 0.9, \"primary_candidates\": 295, \"retention\": 0.8169491525423729, \"use_primary\": true}\n"}
,{"stream_name":"stdout","time":756.696624224,"data":"EDGE_TTA_ACTIVE views= 8 mean_abs_feat_delta= 0.326187\n"}
,{"stream_name":"stdout","time":756.816773596,"data":"EDGE_TTA_ACTIVE views= 8 mean_abs_feat_delta= 0.382186\n"}
,{"stream_name":"stdout","time":756.899004749,"data":"EDGE_TTA_ACTIVE views= 8 mean_abs_feat_delta= 0.326187\n"}
,{"stream_name":"stdout","time":756.89902415,"data":"EDGE_TTA_ACTIVE views= 8 mean_abs_feat_delta= 0.382186\n"}
,{"stream_name":"stdout","time":757.670503835,"data":"SECONDARY_EDGE_TTA_ACTIVE views= 8 weight= 0.75 mean_abs_feat_delta= 0.24388\n"}
,{"stream_name":"stdout","time":757.773308104,"data":"SECONDARY_EDGE_TTA_ACTIVE views= 8 weight= 0.75 mean_abs_feat_delta= 0.283369\n"}
,{"stream_name":"stdout","time":757.777627409,"data":"BIOHUB_RETENTION_GUARD {\"blended_candidates\": 255, \"dataset\": \"44b6_0b24845f\", \"frame\": 40, \"minimum_retention\": 0.9, \"primary_candidates\": 290, \"retention\": 0.8793103448275862, \"use_primary\": true}\n"}
,{"stream_name":"stdout","time":757.872950845,"data":"SECONDARY_EDGE_TTA_ACTIVE views= 8 weight= 0.75 mean_abs_feat_delta= 0.24388\n"}
,{"stream_name":"stdout","time":757.87298498,"data":"SECONDARY_EDGE_TTA_ACTIVE views= 8 weight= 0.75 mean_abs_feat_delta= 0.283369\n"}
,{"stream_name":"stdout","time":757.872989362,"data":"BIOHUB_RETENTION_GUARD {\"blended_candidates\": 255, \"dataset\": \"44b6_0b24845f\", \"frame\": 40, \"minimum_retention\": 0.9, \"primary_candidates\": 290, \"retention\": 0.8793103448275862, \"use_primary\": true}\n"}
,{"stream_name":"stdout","time":758.752020901,"data":"EDGE_TTA_ACTIVE views= 8 mean_abs_feat_delta= 0.329641\n"}
,{"stream_name":"stdout","time":758.9545687,"data":"EDGE_TTA_ACTIVE views= 8 mean_abs_feat_delta= 0.329641\n"}
,{"stream_name":"stdout","time":759.063572212,"data":"EDGE_TTA_ACTIVE views= 8 mean_abs_feat_delta= 0.374552\n"}
,{"stream_name":"stdout","time":759.26570708,"data":"EDGE_TTA_ACTIVE views= 8 mean_abs_feat_delta= 0.374552\n"}
,{"stream_name":"stdout","time":759.72436102,"data":"SECONDARY_EDGE_TTA_ACTIVE views= 8 weight= 0.75 mean_abs_feat_delta= 0.242396\n"}
,{"stream_name":"stdout","time":759.926764477,"data":"SECONDARY_EDGE_TTA_ACTIVE views= 8 weight= 0.75 mean_abs_feat_delta= 0.242396\n"}
,{"stream_name":"stdout","time":760.031686016,"data":"SECONDARY_EDGE_TTA_ACTIVE views= 8 weight= 0.75 mean_abs_feat_delta= 0.279116\n"}
,{"stream_name":"stdout","time":760.233999983,"data":"SECONDARY_EDGE_TTA_ACTIVE views= 8 weight= 0.75 mean_abs_feat_delta= 0.279116\n"}
,{"stream_name":"stdout","time":760.805202517,"data":"EDGE_TTA_ACTIVE views= 8 mean_abs_feat_delta= 0.331184\n"}
,{"stream_name":"stdout","time":761.007409906,"data":"EDGE_TTA_ACTIVE views= 8 mean_abs_feat_delta= 0.331184\n"}
,{"stream_name":"stdout","time":761.227200487,"data":"EDGE_TTA_ACTIVE views= 8 mean_abs_feat_delta= 0.377956\n"}
,{"stream_name":"stdout","time":761.429569708,"data":"EDGE_TTA_ACTIVE views= 8 mean_abs_feat_delta= 0.377956\n"}
,{"stream_name":"stdout","time":761.788014266,"data":"SECONDARY_EDGE_TTA_ACTIVE views= 8 weight= 0.75 mean_abs_feat_delta= 0.24245\n"}
,{"stream_name":"stdout","time":761.990099754,"data":"SECONDARY_EDGE_TTA_ACTIVE views= 8 weight= 0.75 mean_abs_feat_delta= 0.24245\n"}
,{"stream_name":"stdout","time":762.188094066,"data":"SECONDARY_EDGE_TTA_ACTIVE views= 8 weight= 0.75 mean_abs_feat_delta= 0.276578\n"}
,{"stream_name":"stdout","time":762.192126647,"data":"BIOHUB_RETENTION_GUARD {\"blended_candidates\": 226, \"dataset\": \"44b6_0b24845f\", \"frame\": 42, \"minimum_retention\": 0.9, \"primary_candidates\": 270, \"retention\": 0.837037037037037, \"use_primary\": true}\n"}
,{"stream_name":"stdout","time":762.390541803,"data":"SECONDARY_EDGE_TTA_ACTIVE views= 8 weight= 0.75 mean_abs_feat_delta= 0.276578\n"}
,{"stream_name":"stdout","time":762.390585307,"data":"BIOHUB_RETENTION_GUARD {\"blended_candidates\": 226, \"dataset\": \"44b6_0b24845f\", \"frame\": 42, \"minimum_retention\": 0.9, \"primary_candidates\": 270, \"retention\": 0.837037037037037, \"use_primary\": true}\n"}
,{"stream_name":"stdout","time":762.883951925,"data":"EDGE_TTA_ACTIVE views= 8 mean_abs_feat_delta= 0.330506\n"}
,{"stream_name":"stdout","time":763.086297656,"data":"EDGE_TTA_ACTIVE views= 8 mean_abs_feat_delta= 0.330506\n"}
,{"stream_name":"stdout","time":763.364398523,"data":"EDGE_TTA_ACTIVE views= 8 mean_abs_feat_delta= 0.385865\n"}
,{"stream_name":"stdout","time":763.566664406,"data":"EDGE_TTA_ACTIVE views= 8 mean_abs_feat_delta= 0.385865\n"}
,{"stream_name":"stdout","time":763.858124356,"data":"SECONDARY_EDGE_TTA_ACTIVE views= 8 weight= 0.75 mean_abs_feat_delta= 0.246663\n"}
,{"stream_name":"stdout","time":764.060638272,"data":"SECONDARY_EDGE_TTA_ACTIVE views= 8 weight= 0.75 mean_abs_feat_delta= 0.246663\n"}
,{"stream_name":"stdout","time":764.339436337,"data":"SECONDARY_EDGE_TTA_ACTIVE views= 8 weight= 0.75 mean_abs_feat_delta= 0.277385\n"}
,{"stream_name":"stdout","time":764.343334226,"data":"BIOHUB_RETENTION_GUARD {\"blended_candidates\": 209, \"dataset\": \"44b6_0b24845f\", \"frame\": 43, \"minimum_retention\": 0.9, \"primary_candidates\": 255, \"retention\": 0.8196078431372549, \"use_primary\": true}\n"}
,{"stream_name":"stdout","time":764.541823418,"data":"SECONDARY_EDGE_TTA_ACTIVE views= 8 weight= 0.75 mean_abs_feat_delta= 0.277385\n"}
,{"stream_name":"stdout","time":764.541852392,"data":"BIOHUB_RETENTION_GUARD {\"blended_candidates\": 209, \"dataset\": \"44b6_0b24845f\", \"frame\": 43, \"minimum_retention\": 0.9, \"primary_candidates\": 255, \"retention\": 0.8196078431372549, \"use_primary\": true}\n"}
,{"stream_name":"stdout","time":764.972355938,"data":"EDGE_TTA_ACTIVE views= 8 mean_abs_feat_delta= 0.326851\n"}
,{"stream_name":"stdout","time":765.174735027,"data":"EDGE_TTA_ACTIVE views= 8 mean_abs_feat_delta= 0.326851\n"}
,{"stream_name":"stdout","time":765.542368874,"data":"EDGE_TTA_ACTIVE views= 8 mean_abs_feat_delta= 0.384137\n"}
,{"stream_name":"stdout","time":765.744513029,"data":"EDGE_TTA_ACTIVE views= 8 mean_abs_feat_delta= 0.384137\n"}
,{"stream_name":"stdout","time":765.964542631,"data":"SECONDARY_EDGE_TTA_ACTIVE views= 8 weight= 0.75 mean_abs_feat_delta= 0.248161\n"}
,{"stream_name":"stdout","time":766.166783323,"data":"SECONDARY_EDGE_TTA_ACTIVE views= 8 weight= 0.75 mean_abs_feat_delta= 0.248161\n"}
,{"stream_name":"stdout","time":766.506721725,"data":"SECONDARY_EDGE_TTA_ACTIVE views= 8 weight= 0.75 mean_abs_feat_delta= 0.277411\n"}
,{"stream_name":"stdout","time":766.510835141,"data":"BIOHUB_RETENTION_GUARD {\"blended_candidates\": 227, \"dataset\": \"44b6_0b24845f\", \"frame\": 44, \"minimum_retention\": 0.9, \"primary_candidates\": 280, \"retention\": 0.8107142857142857, \"use_primary\": true}\n"}
,{"stream_name":"stdout","time":766.709063897,"data":"SECONDARY_EDGE_TTA_ACTIVE views= 8 weight= 0.75 mean_abs_feat_delta= 0.277411\n"}
,{"stream_name":"stdout","time":766.709095386,"data":"BIOHUB_RETENTION_GUARD {\"blended_candidates\": 227, \"dataset\": \"44b6_0b24845f\", \"frame\": 44, \"minimum_retention\": 0.9, \"primary_candidates\": 280, \"retention\": 0.8107142857142857, \"use_primary\": true}\n"}
,{"stream_name":"stdout","time":767.071668283,"data":"EDGE_TTA_ACTIVE views= 8 mean_abs_feat_delta= 0.32759\n"}
,{"stream_name":"stdout","time":767.273947646,"data":"EDGE_TTA_ACTIVE views= 8 mean_abs_feat_delta= 0.32759\n"}
,{"stream_name":"stdout","time":767.721154883,"data":"EDGE_TTA_ACTIVE views= 8 mean_abs_feat_delta= 0.384017\n"}
,{"stream_name":"stdout","time":767.923469178,"data":"EDGE_TTA_ACTIVE views= 8 mean_abs_feat_delta= 0.384017\n"}
,{"stream_name":"stdout","time":768.067936188,"data":"SECONDARY_EDGE_TTA_ACTIVE views= 8 weight= 0.75 mean_abs_feat_delta= 0.244572\n"}
,{"stream_name":"stdout","time":768.270352093,"data":"SECONDARY_EDGE_TTA_ACTIVE views= 8 weight= 0.75 mean_abs_feat_delta= 0.244572\n"}
,{"stream_name":"stdout","time":768.693908124,"data":"SECONDARY_EDGE_TTA_ACTIVE views= 8 weight= 0.75 mean_abs_feat_delta= 0.278503\n"}
,{"stream_name":"stdout","time":768.697919575,"data":"BIOHUB_RETENTION_GUARD {\"blended_candidates\": 262, \"dataset\": \"44b6_0b24845f\", \"frame\": 45, \"minimum_retention\": 0.9, \"primary_candidates\": 312, \"retention\": 0.8397435897435898, \"use_primary\": true}\n"}
,{"stream_name":"stdout","time":768.896258539,"data":"SECONDARY_EDGE_TTA_ACTIVE views= 8 weight= 0.75 mean_abs_feat_delta= 0.278503\n"}
,{"stream_name":"stdout","time":768.896289568,"data":"BIOHUB_RETENTION_GUARD {\"blended_candidates\": 262, \"dataset\": \"44b6_0b24845f\", \"frame\": 45, \"minimum_retention\": 0.9, \"primary_candidates\": 312, \"retention\": 0.8397435897435898, \"use_primary\": true}\n"}
,{"stream_name":"stdout","time":769.169104736,"data":"EDGE_TTA_ACTIVE views= 8 mean_abs_feat_delta= 0.323605\n"}
,{"stream_name":"stdout","time":769.371556732,"data":"EDGE_TTA_ACTIVE views= 8 mean_abs_feat_delta= 0.323605\n"}
,{"stream_name":"stdout","time":769.885505292,"data":"EDGE_TTA_ACTIVE views= 8 mean_abs_feat_delta= 0.388955\n"}
,{"stream_name":"stdout","time":770.087749439,"data":"EDGE_TTA_ACTIVE views= 8 mean_abs_feat_delta= 0.388955\n"}
,{"stream_name":"stdout","time":770.172077668,"data":"SECONDARY_EDGE_TTA_ACTIVE views= 8 weight= 0.75 mean_abs_feat_delta= 0.244253\n"}
,{"stream_name":"stdout","time":770.374459773,"data":"SECONDARY_EDGE_TTA_ACTIVE views= 8 weight= 0.75 mean_abs_feat_delta= 0.244253\n"}
,{"stream_name":"stdout","time":770.86034689,"data":"SECONDARY_EDGE_TTA_ACTIVE views= 8 weight= 0.75 mean_abs_feat_delta= 0.284378\n"}
,{"stream_name":"stdout","time":770.864249352,"data":"BIOHUB_RETENTION_GUARD {\"blended_candidates\": 197, \"dataset\": \"44b6_0b24845f\", \"frame\": 46, \"minimum_retention\": 0.9, \"primary_candidates\": 283, \"retention\": 0.696113074204947, \"use_primary\": true}\n"}
,{"stream_name":"stdout","time":771.062726933,"data":"SECONDARY_EDGE_TTA_ACTIVE views= 8 weight= 0.75 mean_abs_feat_delta= 0.284378\n"}
,{"stream_name":"stdout","time":771.062755072,"data":"BIOHUB_RETENTION_GUARD {\"blended_candidates\": 197, \"dataset\": \"44b6_0b24845f\", \"frame\": 46, \"minimum_retention\": 0.9, \"primary_candidates\": 283, \"retention\": 0.696113074204947, \"use_primary\": true}\n"}
,{"stream_name":"stdout","time":771.351723785,"data":"EDGE_TTA_ACTIVE views= 8 mean_abs_feat_delta= 0.332571\n"}
,{"stream_name":"stdout","time":771.554197578,"data":"EDGE_TTA_ACTIVE views= 8 mean_abs_feat_delta= 0.332571\n"}
,{"stream_name":"stdout","time":772.074828348,"data":"EDGE_TTA_ACTIVE views= 8 mean_abs_feat_delta= 0.392302\n"}
,{"stream_name":"stdout","time":772.277134597,"data":"EDGE_TTA_ACTIVE views= 8 mean_abs_feat_delta= 0.392302\n"}
,{"stream_name":"stdout","time":772.361057543,"data":"SECONDARY_EDGE_TTA_ACTIVE views= 8 weight= 0.75 mean_abs_feat_delta= 0.251298\n"}
,{"stream_name":"stdout","time":772.563386033,"data":"SECONDARY_EDGE_TTA_ACTIVE views= 8 weight= 0.75 mean_abs_feat_delta= 0.251298\n"}
,{"stream_name":"stdout","time":773.048481301,"data":"SECONDARY_EDGE_TTA_ACTIVE views= 8 weight= 0.75 mean_abs_feat_delta= 0.294342\n"}
,{"stream_name":"stdout","time":773.052649252,"data":"BIOHUB_RETENTION_GUARD {\"blended_candidates\": 199, \"dataset\": \"44b6_0b24845f\", \"frame\": 47, \"minimum_retention\": 0.9, \"primary_candidates\": 282, \"retention\": 0.7056737588652482, \"use_primary\": true}\n"}
,{"stream_name":"stdout","time":773.250933292,"data":"SECONDARY_EDGE_TTA_ACTIVE views= 8 weight= 0.75 mean_abs_feat_delta= 0.294342\n"}
,{"stream_name":"stdout","time":773.250967324,"data":"BIOHUB_RETENTION_GUARD {\"blended_candidates\": 199, \"dataset\": \"44b6_0b24845f\", \"frame\": 47, \"minimum_retention\": 0.9, \"primary_candidates\": 282, \"retention\": 0.7056737588652482, \"use_primary\": true}\n"}
,{"stream_name":"stdout","time":773.513640588,"data":"EDGE_TTA_ACTIVE views= 8 mean_abs_feat_delta= 0.328319\n"}
,{"stream_name":"stdout","time":773.716028285,"data":"EDGE_TTA_ACTIVE views= 8 mean_abs_feat_delta= 0.328319\n"}
,{"stream_name":"stdout","time":774.261773801,"data":"EDGE_TTA_ACTIVE views= 8 mean_abs_feat_delta= 0.392885\n"}
,{"stream_name":"stdout","time":774.463968206,"data":"EDGE_TTA_ACTIVE views= 8 mean_abs_feat_delta= 0.392885\n"}
,{"stream_name":"stdout","time":774.547974835,"data":"SECONDARY_EDGE_TTA_ACTIVE views= 8 weight= 0.75 mean_abs_feat_delta= 0.241945\n"}
,{"stream_name":"stdout","time":774.750732536,"data":"SECONDARY_EDGE_TTA_ACTIVE views= 8 weight= 0.75 mean_abs_feat_delta= 0.241945\n"}
,{"stream_name":"stdout","time":775.252351122,"data":"SECONDARY_EDGE_TTA_ACTIVE views= 8 weight= 0.75 mean_abs_feat_delta= 0.292034\n"}
,{"stream_name":"stdout","time":775.256712197,"data":"BIOHUB_RETENTION_GUARD {\"blended_candidates\": 243, \"dataset\": \"44b6_0b24845f\", \"frame\": 48, \"minimum_retention\": 0.9, \"primary_candidates\": 318, \"retention\": 0.7641509433962265, \"use_primary\": true}\n"}
,{"stream_name":"stdout","time":775.454721539,"data":"SECONDARY_EDGE_TTA_ACTIVE views= 8 weight= 0.75 mean_abs_feat_delta= 0.292034\n"}
,{"stream_name":"stdout","time":775.454779493,"data":"BIOHUB_RETENTION_GUARD {\"blended_candidates\": 243, \"dataset\": \"44b6_0b24845f\", \"frame\": 48, \"minimum_retention\": 0.9, \"primary_candidates\": 318, \"retention\": 0.7641509433962265, \"use_primary\": true}\n"}
,{"stream_name":"stdout","time":775.725076276,"data":"EDGE_TTA_ACTIVE views= 8 mean_abs_feat_delta= 0.327289\n"}
,{"stream_name":"stdout","time":775.927561263,"data":"EDGE_TTA_ACTIVE views= 8 mean_abs_feat_delta= 0.327289\n"}
,{"stream_name":"stdout","time":776.527404141,"data":"EDGE_TTA_ACTIVE views= 8 mean_abs_feat_delta= 0.391542\n"}
,{"stream_name":"stdout","time":776.72982101,"data":"EDGE_TTA_ACTIVE views= 8 mean_abs_feat_delta= 0.391542\n"}
,{"stream_name":"stdout","time":776.735841274,"data":"SECONDARY_EDGE_TTA_ACTIVE views= 8 weight= 0.75 mean_abs_feat_delta= 0.241039\n"}
,{"stream_name":"stdout","time":776.93805429,"data":"SECONDARY_EDGE_TTA_ACTIVE views= 8 weight= 0.75 mean_abs_feat_delta= 0.241039\n"}
,{"stream_name":"stdout","time":777.517008341,"data":"SECONDARY_EDGE_TTA_ACTIVE views= 8 weight= 0.75 mean_abs_feat_delta= 0.296342\n"}
,{"stream_name":"stdout","time":777.521165965,"data":"BIOHUB_RETENTION_GUARD {\"blended_candidates\": 210, \"dataset\": \"44b6_0b24845f\", \"frame\": 49, \"minimum_retention\": 0.9, \"primary_candidates\": 288, \"retention\": 0.7291666666666666, \"use_primary\": true}\n"}
,{"stream_name":"stdout","time":777.719805655,"data":"SECONDARY_EDGE_TTA_ACTIVE views= 8 weight= 0.75 mean_abs_feat_delta= 0.296342\n"}
,{"stream_name":"stdout","time":777.719834222,"data":"BIOHUB_RETENTION_GUARD {\"blended_candidates\": 210, \"dataset\": \"44b6_0b24845f\", \"frame\": 49, \"minimum_retention\": 0.9, \"primary_candidates\": 288, \"retention\": 0.7291666666666666, \"use_primary\": true}\n"}
,{"stream_name":"stdout","time":777.898937079,"data":"EDGE_TTA_ACTIVE views= 8 mean_abs_feat_delta= 0.337614\n"}
,{"stream_name":"stdout","time":778.101172928,"data":"EDGE_TTA_ACTIVE views= 8 mean_abs_feat_delta= 0.337614\n"}
,{"stream_name":"stdout","time":778.736652111,"data":"EDGE_TTA_ACTIVE views= 8 mean_abs_feat_delta= 0.392506\n"}
,{"stream_name":"stdout","time":778.928015628,"data":"SECONDARY_EDGE_TTA_ACTIVE views= 8 weight= 0.75 mean_abs_feat_delta= 0.250851\n"}
,{"stream_name":"stdout","time":778.938982965,"data":"EDGE_TTA_ACTIVE views= 8 mean_abs_feat_delta= 0.392506\n"}
,{"stream_name":"stdout","time":778.939001949,"data":"SECONDARY_EDGE_TTA_ACTIVE views= 8 weight= 0.75 mean_abs_feat_delta= 0.250851\n"}
,{"stream_name":"stdout","time":779.734692108,"data":"SECONDARY_EDGE_TTA_ACTIVE views= 8 weight= 0.75 mean_abs_feat_delta= 0.29874\n"}
,{"stream_name":"stdout","time":779.738852739,"data":"BIOHUB_RETENTION_GUARD {\"blended_candidates\": 195, \"dataset\": \"44b6_0b24845f\", \"frame\": 50, \"minimum_retention\": 0.9, \"primary_candidates\": 281, \"retention\": 0.693950177935943, \"use_primary\": true}\n"}
,{"stream_name":"stdout","time":779.937269682,"data":"SECONDARY_EDGE_TTA_ACTIVE views= 8 weight= 0.75 mean_abs_feat_delta= 0.29874\n"}
,{"stream_name":"stdout","time":779.937303487,"data":"BIOHUB_RETENTION_GUARD {\"blended_candidates\": 195, \"dataset\": \"44b6_0b24845f\", \"frame\": 50, \"minimum_retention\": 0.9, \"primary_candidates\": 281, \"retention\": 0.693950177935943, \"use_primary\": true}\n"}
,{"stream_name":"stdout","time":780.124777492,"data":"EDGE_TTA_ACTIVE views= 8 mean_abs_feat_delta= 0.338693\n"}
,{"stream_name":"stdout","time":780.327262119,"data":"EDGE_TTA_ACTIVE views= 8 mean_abs_feat_delta= 0.338693\n"}
,{"stream_name":"stdout","time":780.955300963,"data":"EDGE_TTA_ACTIVE views= 8 mean_abs_feat_delta= 0.388826\n"}
,{"stream_name":"stdout","time":781.159379921,"data":"EDGE_TTA_ACTIVE views= 8 mean_abs_feat_delta= 0.388826\n"}
,{"stream_name":"stdout","time":781.159401023,"data":"SECONDARY_EDGE_TTA_ACTIVE views= 8 weight= 0.75 mean_abs_feat_delta= 0.253217\n"}
,{"stream_name":"stdout","time":781.36142259,"data":"SECONDARY_EDGE_TTA_ACTIVE views= 8 weight= 0.75 mean_abs_feat_delta= 0.253217\n"}
,{"stream_name":"stdout","time":781.95044746,"data":"SECONDARY_EDGE_TTA_ACTIVE views= 8 weight= 0.75 mean_abs_feat_delta= 0.295582\n"}
,{"stream_name":"stdout","time":781.954609217,"data":"BIOHUB_RETENTION_GUARD {\"blended_candidates\": 250, \"dataset\": \"44b6_0b24845f\", \"frame\": 51, \"minimum_retention\": 0.9, \"primary_candidates\": 319, \"retention\": 0.7836990595611285, \"use_primary\": true}\n"}
,{"stream_name":"stdout","time":782.152929429,"data":"SECONDARY_EDGE_TTA_ACTIVE views= 8 weight= 0.75 mean_abs_feat_delta= 0.295582\n"}
,{"stream_name":"stdout","time":782.152960039,"data":"BIOHUB_RETENTION_GUARD {\"blended_candidates\": 250, \"dataset\": \"44b6_0b24845f\", \"frame\": 51, \"minimum_retention\": 0.9, \"primary_candidates\": 319, \"retention\": 0.7836990595611285, \"use_primary\": true}\n"}
,{"stream_name":"stdout","time":782.355192099,"data":"EDGE_TTA_ACTIVE views= 8 mean_abs_feat_delta= 0.338257\n"}
,{"stream_name":"stdout","time":782.557372777,"data":"EDGE_TTA_ACTIVE views= 8 mean_abs_feat_delta= 0.338257\n"}
,{"stream_name":"stdout","time":783.171088587,"data":"EDGE_TTA_ACTIVE views= 8 mean_abs_feat_delta= 0.386089\n"}
,{"stream_name":"stdout","time":783.373315202,"data":"EDGE_TTA_ACTIVE views= 8 mean_abs_feat_delta= 0.386089\n"}
,{"stream_name":"stdout","time":783.397397815,"data":"SECONDARY_EDGE_TTA_ACTIVE views= 8 weight= 0.75 mean_abs_feat_delta= 0.261342\n"}
,{"stream_name":"stdout","time":783.599582172,"data":"SECONDARY_EDGE_TTA_ACTIVE views= 8 weight= 0.75 mean_abs_feat_delta= 0.261342\n"}
,{"stream_name":"stdout","time":784.183256751,"data":"SECONDARY_EDGE_TTA_ACTIVE views= 8 weight= 0.75 mean_abs_feat_delta= 0.298921\n"}
,{"stream_name":"stdout","time":784.187745349,"data":"BIOHUB_RETENTION_GUARD {\"blended_candidates\": 244, \"dataset\": \"44b6_0b24845f\", \"frame\": 52, \"minimum_retention\": 0.9, \"primary_candidates\": 324, \"retention\": 0.7530864197530864, \"use_primary\": true}\n"}
,{"stream_name":"stdout","time":784.410389346,"data":"SECONDARY_EDGE_TTA_ACTIVE views= 8 weight= 0.75 mean_abs_feat_delta= 0.298921\n"}
,{"stream_name":"stdout","time":784.410413848,"data":"BIOHUB_RETENTION_GUARD {\"blended_candidates\": 244, \"dataset\": \"44b6_0b24845f\", \"frame\": 52, \"minimum_retention\": 0.9, \"primary_candidates\": 324, \"retention\": 0.7530864197530864, \"use_primary\": true}\n"}
,{"stream_name":"stdout","time":784.563764392,"data":"EDGE_TTA_ACTIVE views= 8 mean_abs_feat_delta= 0.33887\n"}
,{"stream_name":"stdout","time":784.766110486,"data":"EDGE_TTA_ACTIVE views= 8 mean_abs_feat_delta= 0.33887\n"}
,{"stream_name":"stdout","time":785.454162904,"data":"EDGE_TTA_ACTIVE views= 8 mean_abs_feat_delta= 0.384761\n"}
,{"stream_name":"stdout","time":785.615914512,"data":"SECONDARY_EDGE_TTA_ACTIVE views= 8 weight= 0.75 mean_abs_feat_delta= 0.263655\n"}
,{"stream_name":"stdout","time":785.65647639,"data":"EDGE_TTA_ACTIVE views= 8 mean_abs_feat_delta= 0.384761\n"}
,{"stream_name":"stdout","time":785.656525014,"data":"SECONDARY_EDGE_TTA_ACTIVE views= 8 weight= 0.75 mean_abs_feat_delta= 0.263655\n"}
,{"stream_name":"stdout","time":786.470980093,"data":"SECONDARY_EDGE_TTA_ACTIVE views= 8 weight= 0.75 mean_abs_feat_delta= 0.303741\n"}
,{"stream_name":"stdout","time":786.476728214,"data":"BIOHUB_RETENTION_GUARD {\"blended_candidates\": 220, \"dataset\": \"44b6_0b24845f\", \"frame\": 53, \"minimum_retention\": 0.9, \"primary_candidates\": 306, \"retention\": 0.7189542483660131, \"use_primary\": true}\n"}
,{"stream_name":"stdout","time":786.672725341,"data":"SECONDARY_EDGE_TTA_ACTIVE views= 8 weight= 0.75 mean_abs_feat_delta= 0.303741\n"}
,{"stream_name":"stdout","time":786.672753116,"data":"BIOHUB_RETENTION_GUARD {\"blended_candidates\": 220, \"dataset\": \"44b6_0b24845f\", \"frame\": 53, \"minimum_retention\": 0.9, \"primary_candidates\": 306, \"retention\": 0.7189542483660131, \"use_primary\": true}\n"}
,{"stream_name":"stdout","time":786.777522425,"data":"EDGE_TTA_ACTIVE views= 8 mean_abs_feat_delta= 0.339106\n"}
,{"stream_name":"stdout","time":786.979839847,"data":"EDGE_TTA_ACTIVE views= 8 mean_abs_feat_delta= 0.339106\n"}
,{"stream_name":"stdout","time":787.793207577,"data":"EDGE_TTA_ACTIVE views= 8 mean_abs_feat_delta= 0.384431\n"}
,{"stream_name":"stdout","time":787.830534385,"data":"SECONDARY_EDGE_TTA_ACTIVE views= 8 weight= 0.75 mean_abs_feat_delta= 0.264049\n"}
,{"stream_name":"stdout","time":787.995869169,"data":"EDGE_TTA_ACTIVE views= 8 mean_abs_feat_delta= 0.384431\n"}
,{"stream_name":"stdout","time":787.995925316,"data":"SECONDARY_EDGE_TTA_ACTIVE views= 8 weight= 0.75 mean_abs_feat_delta= 0.264049\n"}
,{"stream_name":"stdout","time":788.819125562,"data":"SECONDARY_EDGE_TTA_ACTIVE views= 8 weight= 0.75 mean_abs_feat_delta= 0.305836\n"}
,{"stream_name":"stdout","time":788.823324529,"data":"BIOHUB_RETENTION_GUARD {\"blended_candidates\": 219, \"dataset\": \"44b6_0b24845f\", \"frame\": 54, \"minimum_retention\": 0.9, \"primary_candidates\": 312, \"retention\": 0.7019230769230769, \"use_primary\": true}\n"}
,{"stream_name":"stdout","time":789.021668011,"data":"SECONDARY_EDGE_TTA_ACTIVE views= 8 weight= 0.75 mean_abs_feat_delta= 0.305836\n"}
,{"stream_name":"stdout","time":789.02169566,"data":"BIOHUB_RETENTION_GUARD {\"blended_candidates\": 219, \"dataset\": \"44b6_0b24845f\", \"frame\": 54, \"minimum_retention\": 0.9, \"primary_candidates\": 312, \"retention\": 0.7019230769230769, \"use_primary\": true}\n"}
,{"stream_name":"stdout","time":789.024962461,"data":"EDGE_TTA_ACTIVE views= 8 mean_abs_feat_delta= 0.341611\n"}
,{"stream_name":"stdout","time":789.227482416,"data":"EDGE_TTA_ACTIVE views= 8 mean_abs_feat_delta= 0.341611\n"}
,{"stream_name":"stdout","time":790.095018684,"data":"SECONDARY_EDGE_TTA_ACTIVE views= 8 weight= 0.75 mean_abs_feat_delta= 0.262185\n"}
,{"stream_name":"stdout","time":790.099085346,"data":"EDGE_TTA_ACTIVE views= 8 mean_abs_feat_delta= 0.3821\n"}
,{"stream_name":"stdout","time":790.297168942,"data":"SECONDARY_EDGE_TTA_ACTIVE views= 8 weight= 0.75 mean_abs_feat_delta= 0.262185\n"}
,{"stream_name":"stdout","time":790.297231499,"data":"EDGE_TTA_ACTIVE views= 8 mean_abs_feat_delta= 0.3821\n"}
,{"stream_name":"stdout","time":791.129642732,"data":"SECONDARY_EDGE_TTA_ACTIVE views= 8 weight= 0.75 mean_abs_feat_delta= 0.308772\n"}
,{"stream_name":"stdout","time":791.135744371,"data":"BIOHUB_RETENTION_GUARD {\"blended_candidates\": 254, \"dataset\": \"44b6_0b24845f\", \"frame\": 55, \"minimum_retention\": 0.9, \"primary_candidates\": 332, \"retention\": 0.7650602409638554, \"use_primary\": true}\n"}
,{"stream_name":"stdout","time":791.273965363,"data":"EDGE_TTA_ACTIVE views= 8 mean_abs_feat_delta= 0.346143\n"}
,{"stream_name":"stdout","time":791.332203598,"data":"SECONDARY_EDGE_TTA_ACTIVE views= 8 weight= 0.75 mean_abs_feat_delta= 0.308772\n"}
,{"stream_name":"stdout","time":791.332228818,"data":"BIOHUB_RETENTION_GUARD {\"blended_candidates\": 254, \"dataset\": \"44b6_0b24845f\", \"frame\": 55, \"minimum_retention\": 0.9, \"primary_candidates\": 332, \"retention\": 0.7650602409638554, \"use_primary\": true}\n"}
,{"stream_name":"stdout","time":791.332235506,"data":"EDGE_TTA_ACTIVE views= 8 mean_abs_feat_delta= 0.346143\n"}
,{"stream_name":"stdout","time":792.349403932,"data":"SECONDARY_EDGE_TTA_ACTIVE views= 8 weight= 0.75 mean_abs_feat_delta= 0.257653\n"}
,{"stream_name":"stdout","time":792.418568222,"data":"EDGE_TTA_ACTIVE views= 8 mean_abs_feat_delta= 0.380706\n"}
,{"stream_name":"stdout","time":792.551549958,"data":"SECONDARY_EDGE_TTA_ACTIVE views= 8 weight= 0.75 mean_abs_feat_delta= 0.257653\n"}
,{"stream_name":"stdout","time":792.551603141,"data":"EDGE_TTA_ACTIVE views= 8 mean_abs_feat_delta= 0.380706\n"}
,{"stream_name":"stdout","time":793.452868315,"data":"SECONDARY_EDGE_TTA_ACTIVE views= 8 weight= 0.75 mean_abs_feat_delta= 0.309438\n"}
,{"stream_name":"stdout","time":793.45704602,"data":"BIOHUB_RETENTION_GUARD {\"blended_candidates\": 290, \"dataset\": \"44b6_0b24845f\", \"frame\": 56, \"minimum_retention\": 0.9, \"primary_candidates\": 365, \"retention\": 0.7945205479452054, \"use_primary\": true}\n"}
,{"stream_name":"stdout","time":793.5646568,"data":"EDGE_TTA_ACTIVE views= 8 mean_abs_feat_delta= 0.340083\n"}
,{"stream_name":"stdout","time":793.655244974,"data":"SECONDARY_EDGE_TTA_ACTIVE views= 8 weight= 0.75 mean_abs_feat_delta= 0.309438\n"}
,{"stream_name":"stdout","time":793.655270662,"data":"BIOHUB_RETENTION_GUARD {\"blended_candidates\": 290, \"dataset\": \"44b6_0b24845f\", \"frame\": 56, \"minimum_retention\": 0.9, \"primary_candidates\": 365, \"retention\": 0.7945205479452054, \"use_primary\": true}\n"}
,{"stream_name":"stdout","time":793.655276135,"data":"EDGE_TTA_ACTIVE views= 8 mean_abs_feat_delta= 0.340083\n"}
,{"stream_name":"stdout","time":794.645459912,"data":"SECONDARY_EDGE_TTA_ACTIVE views= 8 weight= 0.75 mean_abs_feat_delta= 0.252778\n"}
,{"stream_name":"stdout","time":794.722770058,"data":"EDGE_TTA_ACTIVE views= 8 mean_abs_feat_delta= 0.385179\n"}
,{"stream_name":"stdout","time":794.847790624,"data":"SECONDARY_EDGE_TTA_ACTIVE views= 8 weight= 0.75 mean_abs_feat_delta= 0.252778\n"}
,{"stream_name":"stdout","time":794.847824176,"data":"EDGE_TTA_ACTIVE views= 8 mean_abs_feat_delta= 0.385179\n"}
,{"stream_name":"stdout","time":795.764138274,"data":"SECONDARY_EDGE_TTA_ACTIVE views= 8 weight= 0.75 mean_abs_feat_delta= 0.304936\n"}
,{"stream_name":"stdout","time":795.76831384,"data":"BIOHUB_RETENTION_GUARD {\"blended_candidates\": 159, \"dataset\": \"44b6_0b24845f\", \"frame\": 57, \"minimum_retention\": 0.9, \"primary_candidates\": 258, \"retention\": 0.6162790697674418, \"use_primary\": true}\n"}
,{"stream_name":"stdout","time":795.836015035,"data":"EDGE_TTA_ACTIVE views= 8 mean_abs_feat_delta= 0.339203\n"}
,{"stream_name":"stdout","time":795.966684276,"data":"SECONDARY_EDGE_TTA_ACTIVE views= 8 weight= 0.75 mean_abs_feat_delta= 0.304936\n"}
,{"stream_name":"stdout","time":795.966711076,"data":"BIOHUB_RETENTION_GUARD {\"blended_candidates\": 159, \"dataset\": \"44b6_0b24845f\", \"frame\": 57, \"minimum_retention\": 0.9, \"primary_candidates\": 258, \"retention\": 0.6162790697674418, \"use_primary\": true}\n"}
,{"stream_name":"stdout","time":795.966718166,"data":"EDGE_TTA_ACTIVE views= 8 mean_abs_feat_delta= 0.339203\n"}
,{"stream_name":"stdout","time":796.923652581,"data":"SECONDARY_EDGE_TTA_ACTIVE views= 8 weight= 0.75 mean_abs_feat_delta= 0.255196\n"}
,{"stream_name":"stdout","time":797.075086449,"data":"EDGE_TTA_ACTIVE views= 8 mean_abs_feat_delta= 0.383311\n"}
,{"stream_name":"stdout","time":797.125981599,"data":"SECONDARY_EDGE_TTA_ACTIVE views= 8 weight= 0.75 mean_abs_feat_delta= 0.255196\n"}
,{"stream_name":"stdout","time":797.126006336,"data":"EDGE_TTA_ACTIVE views= 8 mean_abs_feat_delta= 0.383311\n"}
,{"stream_name":"stdout","time":798.109634873,"data":"EDGE_TTA_ACTIVE views= 8 mean_abs_feat_delta= 0.336994\n"}
,{"stream_name":"stdout","time":798.116912227,"data":"SECONDARY_EDGE_TTA_ACTIVE views= 8 weight= 0.75 mean_abs_feat_delta= 0.302499\n"}
,{"stream_name":"stdout","time":798.121150748,"data":"BIOHUB_RETENTION_GUARD {\"blended_candidates\": 155, \"dataset\": \"44b6_0b24845f\", \"frame\": 58, \"minimum_retention\": 0.9, \"primary_candidates\": 261, \"retention\": 0.5938697318007663, \"use_primary\": true}\n"}
,{"stream_name":"stdout","time":798.312032332,"data":"EDGE_TTA_ACTIVE views= 8 mean_abs_feat_delta= 0.336994\n"}
,{"stream_name":"stdout","time":798.312058274,"data":"SECONDARY_EDGE_TTA_ACTIVE views= 8 weight= 0.75 mean_abs_feat_delta= 0.302499\n"}
,{"stream_name":"stdout","time":798.312062419,"data":"BIOHUB_RETENTION_GUARD {\"blended_candidates\": 155, \"dataset\": \"44b6_0b24845f\", \"frame\": 58, \"minimum_retention\": 0.9, \"primary_candidates\": 261, \"retention\": 0.5938697318007663, \"use_primary\": true}\n"}
,{"stream_name":"stdout","time":799.196263708,"data":"SECONDARY_EDGE_TTA_ACTIVE views= 8 weight= 0.75 mean_abs_feat_delta= 0.255652\n"}
,{"stream_name":"stdout","time":799.389036831,"data":"EDGE_TTA_ACTIVE views= 8 mean_abs_feat_delta= 0.383536\n"}
,{"stream_name":"stdout","time":799.398724394,"data":"SECONDARY_EDGE_TTA_ACTIVE views= 8 weight= 0.75 mean_abs_feat_delta= 0.255652\n"}
,{"stream_name":"stdout","time":799.39874638,"data":"EDGE_TTA_ACTIVE views= 8 mean_abs_feat_delta= 0.383536\n"}
,{"stream_name":"stdout","time":800.417965821,"data":"EDGE_TTA_ACTIVE views= 8 mean_abs_feat_delta= 0.342499\n"}
,{"stream_name":"stdout","time":800.432111291,"data":"SECONDARY_EDGE_TTA_ACTIVE views= 8 weight= 0.75 mean_abs_feat_delta= 0.300366\n"}
,{"stream_name":"stdout","time":800.436314156,"data":"BIOHUB_RETENTION_GUARD {\"blended_candidates\": 202, \"dataset\": \"44b6_0b24845f\", \"frame\": 59, \"minimum_retention\": 0.9, \"primary_candidates\": 294, \"retention\": 0.6870748299319728, \"use_primary\": true}\n"}
,{"stream_name":"stdout","time":800.62054392,"data":"EDGE_TTA_ACTIVE views= 8 mean_abs_feat_delta= 0.342499\n"}
,{"stream_name":"stdout","time":800.620575549,"data":"SECONDARY_EDGE_TTA_ACTIVE views= 8 weight= 0.75 mean_abs_feat_delta= 0.300366\n"}
,{"stream_name":"stdout","time":800.620581889,"data":"BIOHUB_RETENTION_GUARD {\"blended_candidates\": 202, \"dataset\": \"44b6_0b24845f\", \"frame\": 59, \"minimum_retention\": 0.9, \"primary_candidates\": 294, \"retention\": 0.6870748299319728, \"use_primary\": true}\n"}
,{"stream_name":"stdout","time":801.504527284,"data":"SECONDARY_EDGE_TTA_ACTIVE views= 8 weight= 0.75 mean_abs_feat_delta= 0.256616\n"}
,{"stream_name":"stdout","time":801.680622093,"data":"EDGE_TTA_ACTIVE views= 8 mean_abs_feat_delta= 0.383261\n"}
,{"stream_name":"stdout","time":801.706965658,"data":"SECONDARY_EDGE_TTA_ACTIVE views= 8 weight= 0.75 mean_abs_feat_delta= 0.256616\n"}
,{"stream_name":"stdout","time":801.706988938,"data":"EDGE_TTA_ACTIVE views= 8 mean_abs_feat_delta= 0.383261\n"}
,{"stream_name":"stdout","time":802.721013968,"data":"SECONDARY_EDGE_TTA_ACTIVE views= 8 weight= 0.75 mean_abs_feat_delta= 0.302139\n"}
,{"stream_name":"stdout","time":802.725311903,"data":"BIOHUB_RETENTION_GUARD {\"blended_candidates\": 221, \"dataset\": \"44b6_0b24845f\", \"frame\": 60, \"minimum_retention\": 0.9, \"primary_candidates\": 339, \"retention\": 0.6519174041297935, \"use_primary\": true}\n"}
,{"stream_name":"stdout","time":802.728787502,"data":"EDGE_TTA_ACTIVE views= 8 mean_abs_feat_delta= 0.346059\n"}
,{"stream_name":"stdout","time":802.923551684,"data":"SECONDARY_EDGE_TTA_ACTIVE views= 8 weight= 0.75 mean_abs_feat_delta= 0.302139\n"}
,{"stream_name":"stdout","time":802.923623026,"data":"BIOHUB_RETENTION_GUARD {\"blended_candidates\": 221, \"dataset\": \"44b6_0b24845f\", \"frame\": 60, \"minimum_retention\": 0.9, \"primary_candidates\": 339, \"retention\": 0.6519174041297935, \"use_primary\": true}\n"}
,{"stream_name":"stdout","time":802.923632531,"data":"EDGE_TTA_ACTIVE views= 8 mean_abs_feat_delta= 0.346059\n"}
,{"stream_name":"stdout","time":803.804433511,"data":"SECONDARY_EDGE_TTA_ACTIVE views= 8 weight= 0.75 mean_abs_feat_delta= 0.257121\n"}
,{"stream_name":"stdout","time":803.997607403,"data":"EDGE_TTA_ACTIVE views= 8 mean_abs_feat_delta= 0.381737\n"}
,{"stream_name":"stdout","time":804.007631955,"data":"SECONDARY_EDGE_TTA_ACTIVE views= 8 weight= 0.75 mean_abs_feat_delta= 0.257121\n"}
,{"stream_name":"stdout","time":804.007655276,"data":"EDGE_TTA_ACTIVE views= 8 mean_abs_feat_delta= 0.381737\n"}
,{"stream_name":"stdout","time":804.979983565,"data":"EDGE_TTA_ACTIVE views= 8 mean_abs_feat_delta= 0.346159\n"}
,{"stream_name":"stdout","time":805.023553587,"data":"SECONDARY_EDGE_TTA_ACTIVE views= 8 weight= 0.75 mean_abs_feat_delta= 0.301732\n"}
,{"stream_name":"stdout","time":805.027921119,"data":"BIOHUB_RETENTION_GUARD {\"blended_candidates\": 127, \"dataset\": \"44b6_0b24845f\", \"frame\": 61, \"minimum_retention\": 0.9, \"primary_candidates\": 279, \"retention\": 0.4551971326164875, \"use_primary\": true}\n"}
,{"stream_name":"stdout","time":805.182224051,"data":"EDGE_TTA_ACTIVE views= 8 mean_abs_feat_delta= 0.346159\n"}
,{"stream_name":"stdout","time":805.182254705,"data":"SECONDARY_EDGE_TTA_ACTIVE views= 8 weight= 0.75 mean_abs_feat_delta= 0.301732\n"}
,{"stream_name":"stdout","time":805.182259947,"data":"BIOHUB_RETENTION_GUARD {\"blended_candidates\": 127, \"dataset\": \"44b6_0b24845f\", \"frame\": 61, \"minimum_retention\": 0.9, \"primary_candidates\": 279, \"retention\": 0.4551971326164875, \"use_primary\": true}\n"}
,{"stream_name":"stdout","time":806.042122825,"data":"SECONDARY_EDGE_TTA_ACTIVE views= 8 weight= 0.75 mean_abs_feat_delta= 0.257896\n"}
,{"stream_name":"stdout","time":806.244574307,"data":"SECONDARY_EDGE_TTA_ACTIVE views= 8 weight= 0.75 mean_abs_feat_delta= 0.257896\n"}
,{"stream_name":"stdout","time":806.299686524,"data":"EDGE_TTA_ACTIVE views= 8 mean_abs_feat_delta= 0.383886\n"}
,{"stream_name":"stdout","time":806.501853136,"data":"EDGE_TTA_ACTIVE views= 8 mean_abs_feat_delta= 0.383886\n"}
,{"stream_name":"stdout","time":807.2675562,"data":"EDGE_TTA_ACTIVE views= 8 mean_abs_feat_delta= 0.345426\n"}
,{"stream_name":"stdout","time":807.322088142,"data":"SECONDARY_EDGE_TTA_ACTIVE views= 8 weight= 0.75 mean_abs_feat_delta= 0.302064\n"}
,{"stream_name":"stdout","time":807.326448969,"data":"BIOHUB_RETENTION_GUARD {\"blended_candidates\": 147, \"dataset\": \"44b6_0b24845f\", \"frame\": 62, \"minimum_retention\": 0.9, \"primary_candidates\": 295, \"retention\": 0.49830508474576274, \"use_primary\": true}\n"}
,{"stream_name":"stdout","time":807.470058499,"data":"EDGE_TTA_ACTIVE views= 8 mean_abs_feat_delta= 0.345426\n"}
,{"stream_name":"stdout","time":807.470089717,"data":"SECONDARY_EDGE_TTA_ACTIVE views= 8 weight= 0.75 mean_abs_feat_delta= 0.302064\n"}
,{"stream_name":"stdout","time":807.470095528,"data":"BIOHUB_RETENTION_GUARD {\"blended_candidates\": 147, \"dataset\": \"44b6_0b24845f\", \"frame\": 62, \"minimum_retention\": 0.9, \"primary_candidates\": 295, \"retention\": 0.49830508474576274, \"use_primary\": true}\n"}
,{"stream_name":"stdout","time":808.321462683,"data":"SECONDARY_EDGE_TTA_ACTIVE views= 8 weight= 0.75 mean_abs_feat_delta= 0.259858\n"}
,{"stream_name":"stdout","time":808.523739214,"data":"SECONDARY_EDGE_TTA_ACTIVE views= 8 weight= 0.75 mean_abs_feat_delta= 0.259858\n"}
,{"stream_name":"stdout","time":808.547518044,"data":"EDGE_TTA_ACTIVE views= 8 mean_abs_feat_delta= 0.386677\n"}
,{"stream_name":"stdout","time":808.749624656,"data":"EDGE_TTA_ACTIVE views= 8 mean_abs_feat_delta= 0.386677\n"}
,{"stream_name":"stdout","time":809.507242442,"data":"EDGE_TTA_ACTIVE views= 8 mean_abs_feat_delta= 0.344989\n"}
,{"stream_name":"stdout","time":809.563184623,"data":"SECONDARY_EDGE_TTA_ACTIVE views= 8 weight= 0.75 mean_abs_feat_delta= 0.304759\n"}
,{"stream_name":"stdout","time":809.567358767,"data":"BIOHUB_RETENTION_GUARD {\"blended_candidates\": 190, \"dataset\": \"44b6_0b24845f\", \"frame\": 63, \"minimum_retention\": 0.9, \"primary_candidates\": 293, \"retention\": 0.6484641638225256, \"use_primary\": true}\n"}
,{"stream_name":"stdout","time":809.709825801,"data":"EDGE_TTA_ACTIVE views= 8 mean_abs_feat_delta= 0.344989\n"}
,{"stream_name":"stdout","time":809.709853863,"data":"SECONDARY_EDGE_TTA_ACTIVE views= 8 weight= 0.75 mean_abs_feat_delta= 0.304759\n"}
,{"stream_name":"stdout","time":809.709897956,"data":"BIOHUB_RETENTION_GUARD {\"blended_candidates\": 190, \"dataset\": \"44b6_0b24845f\", \"frame\": 63, \"minimum_retention\": 0.9, \"primary_candidates\": 293, \"retention\": 0.6484641638225256, \"use_primary\": true}\n"}
,{"stream_name":"stdout","time":810.553049003,"data":"SECONDARY_EDGE_TTA_ACTIVE views= 8 weight= 0.75 mean_abs_feat_delta= 0.25507\n"}
,{"stream_name":"stdout","time":810.755442964,"data":"SECONDARY_EDGE_TTA_ACTIVE views= 8 weight= 0.75 mean_abs_feat_delta= 0.25507\n"}
,{"stream_name":"stdout","time":810.785012525,"data":"EDGE_TTA_ACTIVE views= 8 mean_abs_feat_delta= 0.377234\n"}
,{"stream_name":"stdout","time":810.987605811,"data":"EDGE_TTA_ACTIVE views= 8 mean_abs_feat_delta= 0.377234\n"}
,{"stream_name":"stdout","time":811.714203585,"data":"EDGE_TTA_ACTIVE views= 8 mean_abs_feat_delta= 0.343404\n"}
,{"stream_name":"stdout","time":811.793808565,"data":"SECONDARY_EDGE_TTA_ACTIVE views= 8 weight= 0.75 mean_abs_feat_delta= 0.305178\n"}
,{"stream_name":"stdout","time":811.797960602,"data":"BIOHUB_RETENTION_GUARD {\"blended_candidates\": 159, \"dataset\": \"44b6_0b24845f\", \"frame\": 64, \"minimum_retention\": 0.9, \"primary_candidates\": 282, \"retention\": 0.5638297872340425, \"use_primary\": true}\n"}
,{"stream_name":"stdout","time":811.916398018,"data":"EDGE_TTA_ACTIVE views= 8 mean_abs_feat_delta= 0.343404\n"}
,{"stream_name":"stdout","time":811.916420567,"data":"SECONDARY_EDGE_TTA_ACTIVE views= 8 weight= 0.75 mean_abs_feat_delta= 0.305178\n"}
,{"stream_name":"stdout","time":811.91642555,"data":"BIOHUB_RETENTION_GUARD {\"blended_candidates\": 159, \"dataset\": \"44b6_0b24845f\", \"frame\": 64, \"minimum_retention\": 0.9, \"primary_candidates\": 282, \"retention\": 0.5638297872340425, \"use_primary\": true}\n"}
,{"stream_name":"stdout","time":812.750427649,"data":"SECONDARY_EDGE_TTA_ACTIVE views= 8 weight= 0.75 mean_abs_feat_delta= 0.262098\n"}
,{"stream_name":"stdout","time":812.952999782,"data":"SECONDARY_EDGE_TTA_ACTIVE views= 8 weight= 0.75 mean_abs_feat_delta= 0.262098\n"}
,{"stream_name":"stdout","time":813.064775882,"data":"EDGE_TTA_ACTIVE views= 8 mean_abs_feat_delta= 0.378211\n"}
,{"stream_name":"stdout","time":813.266936479,"data":"EDGE_TTA_ACTIVE views= 8 mean_abs_feat_delta= 0.378211\n"}
,{"stream_name":"stdout","time":813.891234772,"data":"EDGE_TTA_ACTIVE views= 8 mean_abs_feat_delta= 0.341221\n"}
,{"stream_name":"stdout","time":814.064813525,"data":"SECONDARY_EDGE_TTA_ACTIVE views= 8 weight= 0.75 mean_abs_feat_delta= 0.303892\n"}
,{"stream_name":"stdout","time":814.068959768,"data":"BIOHUB_RETENTION_GUARD {\"blended_candidates\": 171, \"dataset\": \"44b6_0b24845f\", \"frame\": 65, \"minimum_retention\": 0.9, \"primary_candidates\": 308, \"retention\": 0.5551948051948052, \"use_primary\": true}\n"}
,{"stream_name":"stdout","time":814.093515189,"data":"EDGE_TTA_ACTIVE views= 8 mean_abs_feat_delta= 0.341221\n"}
,{"stream_name":"stdout","time":814.093531869,"data":"SECONDARY_EDGE_TTA_ACTIVE views= 8 weight= 0.75 mean_abs_feat_delta= 0.303892\n"}
,{"stream_name":"stdout","time":814.093537155,"data":"BIOHUB_RETENTION_GUARD {\"blended_candidates\": 171, \"dataset\": \"44b6_0b24845f\", \"frame\": 65, \"minimum_retention\": 0.9, \"primary_candidates\": 308, \"retention\": 0.5551948051948052, \"use_primary\": true}\n"}
,{"stream_name":"stdout","time":814.923633684,"data":"SECONDARY_EDGE_TTA_ACTIVE views= 8 weight= 0.75 mean_abs_feat_delta= 0.262847\n"}
,{"stream_name":"stdout","time":815.150540933,"data":"SECONDARY_EDGE_TTA_ACTIVE views= 8 weight= 0.75 mean_abs_feat_delta= 0.262847\n"}
,{"stream_name":"stdout","time":815.297785625,"data":"EDGE_TTA_ACTIVE views= 8 mean_abs_feat_delta= 0.383219\n"}
,{"stream_name":"stdout","time":815.500132394,"data":"EDGE_TTA_ACTIVE views= 8 mean_abs_feat_delta= 0.383219\n"}
,{"stream_name":"stdout","time":816.065348885,"data":"EDGE_TTA_ACTIVE views= 8 mean_abs_feat_delta= 0.343003\n"}
,{"stream_name":"stdout","time":816.267329483,"data":"EDGE_TTA_ACTIVE views= 8 mean_abs_feat_delta= 0.343003\n"}
,{"stream_name":"stdout","time":816.293997512,"data":"SECONDARY_EDGE_TTA_ACTIVE views= 8 weight= 0.75 mean_abs_feat_delta= 0.302059\n"}
,{"stream_name":"stdout","time":816.298250565,"data":"BIOHUB_RETENTION_GUARD {\"blended_candidates\": 147, \"dataset\": \"44b6_0b24845f\", \"frame\": 66, \"minimum_retention\": 0.9, \"primary_candidates\": 307, \"retention\": 0.4788273615635179, \"use_primary\": true}\n"}
,{"stream_name":"stdout","time":816.496216099,"data":"SECONDARY_EDGE_TTA_ACTIVE views= 8 weight= 0.75 mean_abs_feat_delta= 0.302059\n"}
,{"stream_name":"stdout","time":816.496245906,"data":"BIOHUB_RETENTION_GUARD {\"blended_candidates\": 147, \"dataset\": \"44b6_0b24845f\", \"frame\": 66, \"minimum_retention\": 0.9, \"primary_candidates\": 307, \"retention\": 0.4788273615635179, \"use_primary\": true}\n"}
,{"stream_name":"stdout","time":817.090266241,"data":"SECONDARY_EDGE_TTA_ACTIVE views= 8 weight= 0.75 mean_abs_feat_delta= 0.261047\n"}
,{"stream_name":"stdout","time":817.292659204,"data":"SECONDARY_EDGE_TTA_ACTIVE views= 8 weight= 0.75 mean_abs_feat_delta= 0.261047\n"}
,{"stream_name":"stdout","time":817.554551878,"data":"EDGE_TTA_ACTIVE views= 8 mean_abs_feat_delta= 0.380103\n"}
,{"stream_name":"stdout","time":817.757048737,"data":"EDGE_TTA_ACTIVE views= 8 mean_abs_feat_delta= 0.380103\n"}
,{"stream_name":"stdout","time":818.228956332,"data":"EDGE_TTA_ACTIVE views= 8 mean_abs_feat_delta= 0.343125\n"}
,{"stream_name":"stdout","time":818.431063353,"data":"EDGE_TTA_ACTIVE views= 8 mean_abs_feat_delta= 0.343125\n"}
,{"stream_name":"stdout","time":818.552634819,"data":"SECONDARY_EDGE_TTA_ACTIVE views= 8 weight= 0.75 mean_abs_feat_delta= 0.298878\n"}
,{"stream_name":"stdout","time":818.556831629,"data":"BIOHUB_RETENTION_GUARD {\"blended_candidates\": 123, \"dataset\": \"44b6_0b24845f\", \"frame\": 67, \"minimum_retention\": 0.9, \"primary_candidates\": 239, \"retention\": 0.5146443514644351, \"use_primary\": true}\n"}
,{"stream_name":"stdout","time":818.754875041,"data":"SECONDARY_EDGE_TTA_ACTIVE views= 8 weight= 0.75 mean_abs_feat_delta= 0.298878\n"}
,{"stream_name":"stdout","time":818.754905881,"data":"BIOHUB_RETENTION_GUARD {\"blended_candidates\": 123, \"dataset\": \"44b6_0b24845f\", \"frame\": 67, \"minimum_retention\": 0.9, \"primary_candidates\": 239, \"retention\": 0.5146443514644351, \"use_primary\": true}\n"}
,{"stream_name":"stdout","time":819.247745603,"data":"SECONDARY_EDGE_TTA_ACTIVE views= 8 weight= 0.75 mean_abs_feat_delta= 0.257455\n"}
,{"stream_name":"stdout","time":819.450250048,"data":"SECONDARY_EDGE_TTA_ACTIVE views= 8 weight= 0.75 mean_abs_feat_delta= 0.257455\n"}
,{"stream_name":"stdout","time":819.760901833,"data":"EDGE_TTA_ACTIVE views= 8 mean_abs_feat_delta= 0.379931\n"}
,{"stream_name":"stdout","time":819.963110485,"data":"EDGE_TTA_ACTIVE views= 8 mean_abs_feat_delta= 0.379931\n"}
,{"stream_name":"stdout","time":820.410784721,"data":"EDGE_TTA_ACTIVE views= 8 mean_abs_feat_delta= 0.337095\n"}
,{"stream_name":"stdout","time":820.613065764,"data":"EDGE_TTA_ACTIVE views= 8 mean_abs_feat_delta= 0.337095\n"}
,{"stream_name":"stdout","time":820.755177172,"data":"SECONDARY_EDGE_TTA_ACTIVE views= 8 weight= 0.75 mean_abs_feat_delta= 0.301881\n"}
,{"stream_name":"stdout","time":820.759251334,"data":"BIOHUB_RETENTION_GUARD {\"blended_candidates\": 147, \"dataset\": \"44b6_0b24845f\", \"frame\": 68, \"minimum_retention\": 0.9, \"primary_candidates\": 241, \"retention\": 0.6099585062240664, \"use_primary\": true}\n"}
,{"stream_name":"stdout","time":820.957448521,"data":"SECONDARY_EDGE_TTA_ACTIVE views= 8 weight= 0.75 mean_abs_feat_delta= 0.301881\n"}
,{"stream_name":"stdout","time":820.957474028,"data":"BIOHUB_RETENTION_GUARD {\"blended_candidates\": 147, \"dataset\": \"44b6_0b24845f\", \"frame\": 68, \"minimum_retention\": 0.9, \"primary_candidates\": 241, \"retention\": 0.6099585062240664, \"use_primary\": true}\n"}
,{"stream_name":"stdout","time":821.428549426,"data":"SECONDARY_EDGE_TTA_ACTIVE views= 8 weight= 0.75 mean_abs_feat_delta= 0.254838\n"}
,{"stream_name":"stdout","time":821.630912859,"data":"SECONDARY_EDGE_TTA_ACTIVE views= 8 weight= 0.75 mean_abs_feat_delta= 0.254838\n"}
,{"stream_name":"stdout","time":821.951747344,"data":"EDGE_TTA_ACTIVE views= 8 mean_abs_feat_delta= 0.377554\n"}
,{"stream_name":"stdout","time":822.153939124,"data":"EDGE_TTA_ACTIVE views= 8 mean_abs_feat_delta= 0.377554\n"}
,{"stream_name":"stdout","time":822.550830699,"data":"EDGE_TTA_ACTIVE views= 8 mean_abs_feat_delta= 0.337123\n"}
,{"stream_name":"stdout","time":822.752929677,"data":"EDGE_TTA_ACTIVE views= 8 mean_abs_feat_delta= 0.337123\n"}
,{"stream_name":"stdout","time":822.945259232,"data":"SECONDARY_EDGE_TTA_ACTIVE views= 8 weight= 0.75 mean_abs_feat_delta= 0.303653\n"}
,{"stream_name":"stdout","time":822.949229092,"data":"BIOHUB_RETENTION_GUARD {\"blended_candidates\": 114, \"dataset\": \"44b6_0b24845f\", \"frame\": 69, \"minimum_retention\": 0.9, \"primary_candidates\": 254, \"retention\": 0.44881889763779526, \"use_primary\": true}\n"}
,{"stream_name":"stdout","time":823.147857892,"data":"SECONDARY_EDGE_TTA_ACTIVE views= 8 weight= 0.75 mean_abs_feat_delta= 0.303653\n"}
,{"stream_name":"stdout","time":823.147886536,"data":"BIOHUB_RETENTION_GUARD {\"blended_candidates\": 114, \"dataset\": \"44b6_0b24845f\", \"frame\": 69, \"minimum_retention\": 0.9, \"primary_candidates\": 254, \"retention\": 0.44881889763779526, \"use_primary\": true}\n"}
,{"stream_name":"stdout","time":823.566365766,"data":"SECONDARY_EDGE_TTA_ACTIVE views= 8 weight= 0.75 mean_abs_feat_delta= 0.260524\n"}
,{"stream_name":"stdout","time":823.768584113,"data":"SECONDARY_EDGE_TTA_ACTIVE views= 8 weight= 0.75 mean_abs_feat_delta= 0.260524\n"}
,{"stream_name":"stdout","time":824.140065459,"data":"EDGE_TTA_ACTIVE views= 8 mean_abs_feat_delta= 0.389556\n"}
,{"stream_name":"stdout","time":824.342373985,"data":"EDGE_TTA_ACTIVE views= 8 mean_abs_feat_delta= 0.389556\n"}
,{"stream_name":"stdout","time":824.694282124,"data":"EDGE_TTA_ACTIVE views= 8 mean_abs_feat_delta= 0.338112\n"}
,{"stream_name":"stdout","time":824.896701439,"data":"EDGE_TTA_ACTIVE views= 8 mean_abs_feat_delta= 0.338112\n"}
,{"stream_name":"stdout","time":825.130553563,"data":"SECONDARY_EDGE_TTA_ACTIVE views= 8 weight= 0.75 mean_abs_feat_delta= 0.303567\n"}
,{"stream_name":"stdout","time":825.134504485,"data":"BIOHUB_RETENTION_GUARD {\"blended_candidates\": 93, \"dataset\": \"44b6_0b24845f\", \"frame\": 70, \"minimum_retention\": 0.9, \"primary_candidates\": 207, \"retention\": 0.4492753623188406, \"use_primary\": true}\n"}
,{"stream_name":"stdout","time":825.332734009,"data":"SECONDARY_EDGE_TTA_ACTIVE views= 8 weight= 0.75 mean_abs_feat_delta= 0.303567\n"}
,{"stream_name":"stdout","time":825.332766703,"data":"BIOHUB_RETENTION_GUARD {\"blended_candidates\": 93, \"dataset\": \"44b6_0b24845f\", \"frame\": 70, \"minimum_retention\": 0.9, \"primary_candidates\": 207, \"retention\": 0.4492753623188406, \"use_primary\": true}\n"}
,{"stream_name":"stdout","time":825.706527685,"data":"SECONDARY_EDGE_TTA_ACTIVE views= 8 weight= 0.75 mean_abs_feat_delta= 0.262847\n"}
,{"stream_name":"stdout","time":825.909269947,"data":"SECONDARY_EDGE_TTA_ACTIVE views= 8 weight= 0.75 mean_abs_feat_delta= 0.262847\n"}
,{"stream_name":"stdout","time":826.327766824,"data":"EDGE_TTA_ACTIVE views= 8 mean_abs_feat_delta= 0.387405\n"}
,{"stream_name":"stdout","time":826.530051028,"data":"EDGE_TTA_ACTIVE views= 8 mean_abs_feat_delta= 0.387405\n"}
,{"stream_name":"stdout","time":826.850640811,"data":"EDGE_TTA_ACTIVE views= 8 mean_abs_feat_delta= 0.338704\n"}
,{"stream_name":"stdout","time":827.052832663,"data":"EDGE_TTA_ACTIVE views= 8 mean_abs_feat_delta= 0.338704\n"}
,{"stream_name":"stdout","time":827.313214818,"data":"SECONDARY_EDGE_TTA_ACTIVE views= 8 weight= 0.75 mean_abs_feat_delta= 0.305519\n"}
,{"stream_name":"stdout","time":827.317383191,"data":"BIOHUB_RETENTION_GUARD {\"blended_candidates\": 132, \"dataset\": \"44b6_0b24845f\", \"frame\": 71, \"minimum_retention\": 0.9, \"primary_candidates\": 236, \"retention\": 0.559322033898305, \"use_primary\": true}\n"}
,{"stream_name":"stdout","time":827.515651226,"data":"SECONDARY_EDGE_TTA_ACTIVE views= 8 weight= 0.75 mean_abs_feat_delta= 0.305519\n"}
,{"stream_name":"stdout","time":827.515681534,"data":"BIOHUB_RETENTION_GUARD {\"blended_candidates\": 132, \"dataset\": \"44b6_0b24845f\", \"frame\": 71, \"minimum_retention\": 0.9, \"primary_candidates\": 236, \"retention\": 0.559322033898305, \"use_primary\": true}\n"}
,{"stream_name":"stdout","time":827.858916104,"data":"SECONDARY_EDGE_TTA_ACTIVE views= 8 weight= 0.75 mean_abs_feat_delta= 0.260131\n"}
,{"stream_name":"stdout","time":828.061682485,"data":"SECONDARY_EDGE_TTA_ACTIVE views= 8 weight= 0.75 mean_abs_feat_delta= 0.260131\n"}
,{"stream_name":"stdout","time":828.556107016,"data":"EDGE_TTA_ACTIVE views= 8 mean_abs_feat_delta= 0.390114\n"}
,{"stream_name":"stdout","time":828.758772982,"data":"EDGE_TTA_ACTIVE views= 8 mean_abs_feat_delta= 0.390114\n"}
,{"stream_name":"stdout","time":829.032002532,"data":"EDGE_TTA_ACTIVE views= 8 mean_abs_feat_delta= 0.340176\n"}
,{"stream_name":"stdout","time":829.234154386,"data":"EDGE_TTA_ACTIVE views= 8 mean_abs_feat_delta= 0.340176\n"}
,{"stream_name":"stdout","time":829.544562866,"data":"SECONDARY_EDGE_TTA_ACTIVE views= 8 weight= 0.75 mean_abs_feat_delta= 0.305177\n"}
,{"stream_name":"stdout","time":829.548905787,"data":"BIOHUB_RETENTION_GUARD {\"blended_candidates\": 125, \"dataset\": \"44b6_0b24845f\", \"frame\": 72, \"minimum_retention\": 0.9, \"primary_candidates\": 227, \"retention\": 0.5506607929515418, \"use_primary\": true}\n"}
,{"stream_name":"stdout","time":829.747121038,"data":"SECONDARY_EDGE_TTA_ACTIVE views= 8 weight= 0.75 mean_abs_feat_delta= 0.305177\n"}
,{"stream_name":"stdout","time":829.747151468,"data":"BIOHUB_RETENTION_GUARD {\"blended_candidates\": 125, \"dataset\": \"44b6_0b24845f\", \"frame\": 72, \"minimum_retention\": 0.9, \"primary_candidates\": 227, \"retention\": 0.5506607929515418, \"use_primary\": true}\n"}
,{"stream_name":"stdout","time":830.040067474,"data":"SECONDARY_EDGE_TTA_ACTIVE views= 8 weight= 0.75 mean_abs_feat_delta= 0.256523\n"}
,{"stream_name":"stdout","time":830.241937141,"data":"SECONDARY_EDGE_TTA_ACTIVE views= 8 weight= 0.75 mean_abs_feat_delta= 0.256523\n"}
,{"stream_name":"stdout","time":830.801658279,"data":"EDGE_TTA_ACTIVE views= 8 mean_abs_feat_delta= 0.391195\n"}
,{"stream_name":"stdout","time":831.004265625,"data":"EDGE_TTA_ACTIVE views= 8 mean_abs_feat_delta= 0.391195\n"}
,{"stream_name":"stdout","time":831.251043556,"data":"EDGE_TTA_ACTIVE views= 8 mean_abs_feat_delta= 0.346094\n"}
,{"stream_name":"stdout","time":831.454137859,"data":"EDGE_TTA_ACTIVE views= 8 mean_abs_feat_delta= 0.346094\n"}
,{"stream_name":"stdout","time":831.77687927,"data":"SECONDARY_EDGE_TTA_ACTIVE views= 8 weight= 0.75 mean_abs_feat_delta= 0.307887\n"}
,{"stream_name":"stdout","time":831.781068841,"data":"BIOHUB_RETENTION_GUARD {\"blended_candidates\": 84, \"dataset\": \"44b6_0b24845f\", \"frame\": 73, \"minimum_retention\": 0.9, \"primary_candidates\": 220, \"retention\": 0.38181818181818183, \"use_primary\": true}\n"}
,{"stream_name":"stdout","time":831.979394476,"data":"SECONDARY_EDGE_TTA_ACTIVE views= 8 weight= 0.75 mean_abs_feat_delta= 0.307887\n"}
,{"stream_name":"stdout","time":831.979440717,"data":"BIOHUB_RETENTION_GUARD {\"blended_candidates\": 84, \"dataset\": \"44b6_0b24845f\", \"frame\": 73, \"minimum_retention\": 0.9, \"primary_candidates\": 220, \"retention\": 0.38181818181818183, \"use_primary\": true}\n"}
,{"stream_name":"stdout","time":832.254745338,"data":"SECONDARY_EDGE_TTA_ACTIVE views= 8 weight= 0.75 mean_abs_feat_delta= 0.265074\n"}
,{"stream_name":"stdout","time":832.457025737,"data":"SECONDARY_EDGE_TTA_ACTIVE views= 8 weight= 0.75 mean_abs_feat_delta= 0.265074\n"}
,{"stream_name":"stdout","time":832.967171683,"data":"EDGE_TTA_ACTIVE views= 8 mean_abs_feat_delta= 0.391649\n"}
,{"stream_name":"stdout","time":833.169563317,"data":"EDGE_TTA_ACTIVE views= 8 mean_abs_feat_delta= 0.391649\n"}
,{"stream_name":"stdout","time":833.36597673,"data":"EDGE_TTA_ACTIVE views= 8 mean_abs_feat_delta= 0.348292\n"}
,{"stream_name":"stdout","time":833.568330972,"data":"EDGE_TTA_ACTIVE views= 8 mean_abs_feat_delta= 0.348292\n"}
,{"stream_name":"stdout","time":833.94279464,"data":"SECONDARY_EDGE_TTA_ACTIVE views= 8 weight= 0.75 mean_abs_feat_delta= 0.306084\n"}
,{"stream_name":"stdout","time":833.946999427,"data":"BIOHUB_RETENTION_GUARD {\"blended_candidates\": 77, \"dataset\": \"44b6_0b24845f\", \"frame\": 74, \"minimum_retention\": 0.9, \"primary_candidates\": 209, \"retention\": 0.3684210526315789, \"use_primary\": true}\n"}
,{"stream_name":"stdout","time":834.145288631,"data":"SECONDARY_EDGE_TTA_ACTIVE views= 8 weight= 0.75 mean_abs_feat_delta= 0.306084\n"}
,{"stream_name":"stdout","time":834.145322138,"data":"BIOHUB_RETENTION_GUARD {\"blended_candidates\": 77, \"dataset\": \"44b6_0b24845f\", \"frame\": 74, \"minimum_retention\": 0.9, \"primary_candidates\": 209, \"retention\": 0.3684210526315789, \"use_primary\": true}\n"}
,{"stream_name":"stdout","time":834.375145036,"data":"SECONDARY_EDGE_TTA_ACTIVE views= 8 weight= 0.75 mean_abs_feat_delta= 0.26712\n"}
,{"stream_name":"stdout","time":834.577435309,"data":"SECONDARY_EDGE_TTA_ACTIVE views= 8 weight= 0.75 mean_abs_feat_delta= 0.26712\n"}
,{"stream_name":"stdout","time":835.152526539,"data":"EDGE_TTA_ACTIVE views= 8 mean_abs_feat_delta= 0.371291\n"}
,{"stream_name":"stdout","time":835.354962018,"data":"EDGE_TTA_ACTIVE views= 8 mean_abs_feat_delta= 0.371291\n"}
,{"stream_name":"stdout","time":835.511154852,"data":"EDGE_TTA_ACTIVE views= 8 mean_abs_feat_delta= 0.344312\n"}
,{"stream_name":"stdout","time":835.713619603,"data":"EDGE_TTA_ACTIVE views= 8 mean_abs_feat_delta= 0.344312\n"}
,{"stream_name":"stdout","time":836.129559721,"data":"SECONDARY_EDGE_TTA_ACTIVE views= 8 weight= 0.75 mean_abs_feat_delta= 0.306139\n"}
,{"stream_name":"stdout","time":836.133610868,"data":"BIOHUB_RETENTION_GUARD {\"blended_candidates\": 122, \"dataset\": \"44b6_0b24845f\", \"frame\": 75, \"minimum_retention\": 0.9, \"primary_candidates\": 285, \"retention\": 0.4280701754385965, \"use_primary\": true}\n"}
,{"stream_name":"stdout","time":836.331875478,"data":"SECONDARY_EDGE_TTA_ACTIVE views= 8 weight= 0.75 mean_abs_feat_delta= 0.306139\n"}
,{"stream_name":"stdout","time":836.331919163,"data":"BIOHUB_RETENTION_GUARD {\"blended_candidates\": 122, \"dataset\": \"44b6_0b24845f\", \"frame\": 75, \"minimum_retention\": 0.9, \"primary_candidates\": 285, \"retention\": 0.4280701754385965, \"use_primary\": true}\n"}
,{"stream_name":"stdout","time":836.514815926,"data":"SECONDARY_EDGE_TTA_ACTIVE views= 8 weight= 0.75 mean_abs_feat_delta= 0.263739\n"}
,{"stream_name":"stdout","time":836.7171156,"data":"SECONDARY_EDGE_TTA_ACTIVE views= 8 weight= 0.75 mean_abs_feat_delta= 0.263739\n"}
,{"stream_name":"stdout","time":837.322437015,"data":"EDGE_TTA_ACTIVE views= 8 mean_abs_feat_delta= 0.368495\n"}
,{"stream_name":"stdout","time":837.524716296,"data":"EDGE_TTA_ACTIVE views= 8 mean_abs_feat_delta= 0.368495\n"}
,{"stream_name":"stdout","time":837.659293053,"data":"EDGE_TTA_ACTIVE views= 8 mean_abs_feat_delta= 0.341477\n"}
,{"stream_name":"stdout","time":837.861471738,"data":"EDGE_TTA_ACTIVE views= 8 mean_abs_feat_delta= 0.341477\n"}
,{"stream_name":"stdout","time":838.310952103,"data":"SECONDARY_EDGE_TTA_ACTIVE views= 8 weight= 0.75 mean_abs_feat_delta= 0.303285\n"}
,{"stream_name":"stdout","time":838.315271567,"data":"BIOHUB_RETENTION_GUARD {\"blended_candidates\": 118, \"dataset\": \"44b6_0b24845f\", \"frame\": 76, \"minimum_retention\": 0.9, \"primary_candidates\": 268, \"retention\": 0.44029850746268656, \"use_primary\": true}\n"}
,{"stream_name":"stdout","time":838.513294132,"data":"SECONDARY_EDGE_TTA_ACTIVE views= 8 weight= 0.75 mean_abs_feat_delta= 0.303285\n"}
,{"stream_name":"stdout","time":838.513324171,"data":"BIOHUB_RETENTION_GUARD {\"blended_candidates\": 118, \"dataset\": \"44b6_0b24845f\", \"frame\": 76, \"minimum_retention\": 0.9, \"primary_candidates\": 268, \"retention\": 0.44029850746268656, \"use_primary\": true}\n"}
,{"stream_name":"stdout","time":838.669648133,"data":"SECONDARY_EDGE_TTA_ACTIVE views= 8 weight= 0.75 mean_abs_feat_delta= 0.262727\n"}
,{"stream_name":"stdout","time":838.871951397,"data":"SECONDARY_EDGE_TTA_ACTIVE views= 8 weight= 0.75 mean_abs_feat_delta= 0.262727\n"}
,{"stream_name":"stdout","time":839.519847615,"data":"EDGE_TTA_ACTIVE views= 8 mean_abs_feat_delta= 0.382695\n"}
,{"stream_name":"stdout","time":839.722183481,"data":"EDGE_TTA_ACTIVE views= 8 mean_abs_feat_delta= 0.382695\n"}
,{"stream_name":"stdout","time":839.78519831,"data":"EDGE_TTA_ACTIVE views= 8 mean_abs_feat_delta= 0.34091\n"}
,{"stream_name":"stdout","time":839.987314391,"data":"EDGE_TTA_ACTIVE views= 8 mean_abs_feat_delta= 0.34091\n"}
,{"stream_name":"stdout","time":840.506843611,"data":"SECONDARY_EDGE_TTA_ACTIVE views= 8 weight= 0.75 mean_abs_feat_delta= 0.300239\n"}
,{"stream_name":"stdout","time":840.511030197,"data":"BIOHUB_RETENTION_GUARD {\"blended_candidates\": 93, \"dataset\": \"44b6_0b24845f\", \"frame\": 77, \"minimum_retention\": 0.9, \"primary_candidates\": 259, \"retention\": 0.3590733590733591, \"use_primary\": true}\n"}
,{"stream_name":"stdout","time":840.709172102,"data":"SECONDARY_EDGE_TTA_ACTIVE views= 8 weight= 0.75 mean_abs_feat_delta= 0.300239\n"}
,{"stream_name":"stdout","time":840.709204382,"data":"BIOHUB_RETENTION_GUARD {\"blended_candidates\": 93, \"dataset\": \"44b6_0b24845f\", \"frame\": 77, \"minimum_retention\": 0.9, \"primary_candidates\": 259, \"retention\": 0.3590733590733591, \"use_primary\": true}\n"}
,{"stream_name":"stdout","time":840.791996112,"data":"SECONDARY_EDGE_TTA_ACTIVE views= 8 weight= 0.75 mean_abs_feat_delta= 0.256411\n"}
,{"stream_name":"stdout","time":840.994607922,"data":"SECONDARY_EDGE_TTA_ACTIVE views= 8 weight= 0.75 mean_abs_feat_delta= 0.256411\n"}
,{"stream_name":"stdout","time":841.713312637,"data":"EDGE_TTA_ACTIVE views= 8 mean_abs_feat_delta= 0.384353\n"}
,{"stream_name":"stdout","time":841.91432077,"data":"EDGE_TTA_ACTIVE views= 8 mean_abs_feat_delta= 0.337156\n"}
,{"stream_name":"stdout","time":841.91550971,"data":"EDGE_TTA_ACTIVE views= 8 mean_abs_feat_delta= 0.384353\n"}
,{"stream_name":"stdout","time":842.116515252,"data":"EDGE_TTA_ACTIVE views= 8 mean_abs_feat_delta= 0.337156\n"}
,{"stream_name":"stdout","time":842.693508275,"data":"SECONDARY_EDGE_TTA_ACTIVE views= 8 weight= 0.75 mean_abs_feat_delta= 0.305007\n"}
,{"stream_name":"stdout","time":842.697387322,"data":"BIOHUB_RETENTION_GUARD {\"blended_candidates\": 132, \"dataset\": \"44b6_0b24845f\", \"frame\": 78, \"minimum_retention\": 0.9, \"primary_candidates\": 319, \"retention\": 0.41379310344827586, \"use_primary\": true}\n"}
,{"stream_name":"stdout","time":842.895811159,"data":"SECONDARY_EDGE_TTA_ACTIVE views= 8 weight= 0.75 mean_abs_feat_delta= 0.305007\n"}
,{"stream_name":"stdout","time":842.895840253,"data":"BIOHUB_RETENTION_GUARD {\"blended_candidates\": 132, \"dataset\": \"44b6_0b24845f\", \"frame\": 78, \"minimum_retention\": 0.9, \"primary_candidates\": 319, \"retention\": 0.41379310344827586, \"use_primary\": true}\n"}
,{"stream_name":"stdout","time":842.923518038,"data":"SECONDARY_EDGE_TTA_ACTIVE views= 8 weight= 0.75 mean_abs_feat_delta= 0.260031\n"}
,{"stream_name":"stdout","time":843.125825455,"data":"SECONDARY_EDGE_TTA_ACTIVE views= 8 weight= 0.75 mean_abs_feat_delta= 0.260031\n"}
,{"stream_name":"stdout","time":843.903808052,"data":"EDGE_TTA_ACTIVE views= 8 mean_abs_feat_delta= 0.380111\n"}
,{"stream_name":"stdout","time":844.100797033,"data":"EDGE_TTA_ACTIVE views= 8 mean_abs_feat_delta= 0.339841\n"}
,{"stream_name":"stdout","time":844.106306272,"data":"EDGE_TTA_ACTIVE views= 8 mean_abs_feat_delta= 0.380111\n"}
,{"stream_name":"stdout","time":844.106328035,"data":"EDGE_TTA_ACTIVE views= 8 mean_abs_feat_delta= 0.339841\n"}
,{"stream_name":"stdout","time":844.894104137,"data":"SECONDARY_EDGE_TTA_ACTIVE views= 8 weight= 0.75 mean_abs_feat_delta= 0.309337\n"}
,{"stream_name":"stdout","time":844.898223942,"data":"BIOHUB_RETENTION_GUARD {\"blended_candidates\": 160, \"dataset\": \"44b6_0b24845f\", \"frame\": 79, \"minimum_retention\": 0.9, \"primary_candidates\": 344, \"retention\": 0.46511627906976744, \"use_primary\": true}\n"}
,{"stream_name":"stdout","time":845.096529559,"data":"SECONDARY_EDGE_TTA_ACTIVE views= 8 weight= 0.75 mean_abs_feat_delta= 0.309337\n"}
,{"stream_name":"stdout","time":845.096558329,"data":"BIOHUB_RETENTION_GUARD {\"blended_candidates\": 160, \"dataset\": \"44b6_0b24845f\", \"frame\": 79, \"minimum_retention\": 0.9, \"primary_candidates\": 344, \"retention\": 0.46511627906976744, \"use_primary\": true}\n"}
,{"stream_name":"stdout","time":845.110267438,"data":"SECONDARY_EDGE_TTA_ACTIVE views= 8 weight= 0.75 mean_abs_feat_delta= 0.262153\n"}
,{"stream_name":"stdout","time":845.339572518,"data":"SECONDARY_EDGE_TTA_ACTIVE views= 8 weight= 0.75 mean_abs_feat_delta= 0.262153\n"}
,{"stream_name":"stdout","time":846.111508589,"data":"EDGE_TTA_ACTIVE views= 8 mean_abs_feat_delta= 0.383517\n"}
,{"stream_name":"stdout","time":846.263526998,"data":"EDGE_TTA_ACTIVE views= 8 mean_abs_feat_delta= 0.34054\n"}
,{"stream_name":"stdout","time":846.313832359,"data":"EDGE_TTA_ACTIVE views= 8 mean_abs_feat_delta= 0.383517\n"}
,{"stream_name":"stdout","time":846.313852724,"data":"EDGE_TTA_ACTIVE views= 8 mean_abs_feat_delta= 0.34054\n"}
,{"stream_name":"stdout","time":847.103571927,"data":"SECONDARY_EDGE_TTA_ACTIVE views= 8 weight= 0.75 mean_abs_feat_delta= 0.309755\n"}
,{"stream_name":"stdout","time":847.107949918,"data":"BIOHUB_RETENTION_GUARD {\"blended_candidates\": 146, \"dataset\": \"44b6_0b24845f\", \"frame\": 80, \"minimum_retention\": 0.9, \"primary_candidates\": 311, \"retention\": 0.4694533762057878, \"use_primary\": true}\n"}
,{"stream_name":"stdout","time":847.2781064,"data":"SECONDARY_EDGE_TTA_ACTIVE views= 8 weight= 0.75 mean_abs_feat_delta= 0.258925\n"}
,{"stream_name":"stdout","time":847.305975617,"data":"SECONDARY_EDGE_TTA_ACTIVE views= 8 weight= 0.75 mean_abs_feat_delta= 0.309755\n"}
,{"stream_name":"stdout","time":847.306011621,"data":"BIOHUB_RETENTION_GUARD {\"blended_candidates\": 146, \"dataset\": \"44b6_0b24845f\", \"frame\": 80, \"minimum_retention\": 0.9, \"primary_candidates\": 311, \"retention\": 0.4694533762057878, \"use_primary\": true}\n"}
,{"stream_name":"stdout","time":847.306040215,"data":"SECONDARY_EDGE_TTA_ACTIVE views= 8 weight= 0.75 mean_abs_feat_delta= 0.258925\n"}
,{"stream_name":"stdout","time":848.3841358,"data":"EDGE_TTA_ACTIVE views= 8 mean_abs_feat_delta= 0.382973\n"}
,{"stream_name":"stdout","time":848.436050986,"data":"EDGE_TTA_ACTIVE views= 8 mean_abs_feat_delta= 0.345761\n"}
,{"stream_name":"stdout","time":848.586355743,"data":"EDGE_TTA_ACTIVE views= 8 mean_abs_feat_delta= 0.382973\n"}
,{"stream_name":"stdout","time":848.586375302,"data":"EDGE_TTA_ACTIVE views= 8 mean_abs_feat_delta= 0.345761\n"}
,{"stream_name":"stdout","time":849.376394481,"data":"SECONDARY_EDGE_TTA_ACTIVE views= 8 weight= 0.75 mean_abs_feat_delta= 0.314898\n"}
,{"stream_name":"stdout","time":849.380441852,"data":"BIOHUB_RETENTION_GUARD {\"blended_candidates\": 151, \"dataset\": \"44b6_0b24845f\", \"frame\": 81, \"minimum_retention\": 0.9, \"primary_candidates\": 299, \"retention\": 0.5050167224080268, \"use_primary\": true}\n"}
,{"stream_name":"stdout","time":849.452896264,"data":"SECONDARY_EDGE_TTA_ACTIVE views= 8 weight= 0.75 mean_abs_feat_delta= 0.260799\n"}
,{"stream_name":"stdout","time":849.57871545,"data":"SECONDARY_EDGE_TTA_ACTIVE views= 8 weight= 0.75 mean_abs_feat_delta= 0.314898\n"}
,{"stream_name":"stdout","time":849.578745801,"data":"BIOHUB_RETENTION_GUARD {\"blended_candidates\": 151, \"dataset\": \"44b6_0b24845f\", \"frame\": 81, \"minimum_retention\": 0.9, \"primary_candidates\": 299, \"retention\": 0.5050167224080268, \"use_primary\": true}\n"}
,{"stream_name":"stdout","time":849.578750883,"data":"SECONDARY_EDGE_TTA_ACTIVE views= 8 weight= 0.75 mean_abs_feat_delta= 0.260799\n"}
,{"stream_name":"stdout","time":850.584947086,"data":"EDGE_TTA_ACTIVE views= 8 mean_abs_feat_delta= 0.34535\n"}
,{"stream_name":"stdout","time":850.674985405,"data":"EDGE_TTA_ACTIVE views= 8 mean_abs_feat_delta= 0.390296\n"}
,{"stream_name":"stdout","time":850.787213183,"data":"EDGE_TTA_ACTIVE views= 8 mean_abs_feat_delta= 0.34535\n"}
,{"stream_name":"stdout","time":850.787235635,"data":"EDGE_TTA_ACTIVE views= 8 mean_abs_feat_delta= 0.390296\n"}
,{"stream_name":"stdout","time":851.599356315,"data":"SECONDARY_EDGE_TTA_ACTIVE views= 8 weight= 0.75 mean_abs_feat_delta= 0.261693\n"}
,{"stream_name":"stdout","time":851.672209246,"data":"SECONDARY_EDGE_TTA_ACTIVE views= 8 weight= 0.75 mean_abs_feat_delta= 0.317806\n"}
,{"stream_name":"stdout","time":851.676284245,"data":"BIOHUB_RETENTION_GUARD {\"blended_candidates\": 132, \"dataset\": \"44b6_0b24845f\", \"frame\": 82, \"minimum_retention\": 0.9, \"primary_candidates\": 309, \"retention\": 0.42718446601941745, \"use_primary\": true}\n"}
,{"stream_name":"stdout","time":851.80153358,"data":"SECONDARY_EDGE_TTA_ACTIVE views= 8 weight= 0.75 mean_abs_feat_delta= 0.261693\n"}
,{"stream_name":"stdout","time":851.801562208,"data":"SECONDARY_EDGE_TTA_ACTIVE views= 8 weight= 0.75 mean_abs_feat_delta= 0.317806\n"}
,{"stream_name":"stdout","time":851.801567756,"data":"BIOHUB_RETENTION_GUARD {\"blended_candidates\": 132, \"dataset\": \"44b6_0b24845f\", \"frame\": 82, \"minimum_retention\": 0.9, \"primary_candidates\": 309, \"retention\": 0.42718446601941745, \"use_primary\": true}\n"}
,{"stream_name":"stdout","time":852.76273979,"data":"EDGE_TTA_ACTIVE views= 8 mean_abs_feat_delta= 0.345018\n"}
,{"stream_name":"stdout","time":852.893558301,"data":"EDGE_TTA_ACTIVE views= 8 mean_abs_feat_delta= 0.385221\n"}
,{"stream_name":"stdout","time":852.964923694,"data":"EDGE_TTA_ACTIVE views= 8 mean_abs_feat_delta= 0.345018\n"}
,{"stream_name":"stdout","time":852.964941491,"data":"EDGE_TTA_ACTIVE views= 8 mean_abs_feat_delta= 0.385221\n"}
,{"stream_name":"stdout","time":853.783179432,"data":"SECONDARY_EDGE_TTA_ACTIVE views= 8 weight= 0.75 mean_abs_feat_delta= 0.264586\n"}
,{"stream_name":"stdout","time":853.89327891,"data":"SECONDARY_EDGE_TTA_ACTIVE views= 8 weight= 0.75 mean_abs_feat_delta= 0.316994\n"}
,{"stream_name":"stdout","time":853.897445099,"data":"BIOHUB_RETENTION_GUARD {\"blended_candidates\": 100, \"dataset\": \"44b6_0b24845f\", \"frame\": 83, \"minimum_retention\": 0.9, \"primary_candidates\": 294, \"retention\": 0.3401360544217687, \"use_primary\": true}\n"}
,{"stream_name":"stdout","time":853.985545104,"data":"SECONDARY_EDGE_TTA_ACTIVE views= 8 weight= 0.75 mean_abs_feat_delta= 0.264586\n"}
,{"stream_name":"stdout","time":853.985573496,"data":"SECONDARY_EDGE_TTA_ACTIVE views= 8 weight= 0.75 mean_abs_feat_delta= 0.316994\n"}
,{"stream_name":"stdout","time":853.985577911,"data":"BIOHUB_RETENTION_GUARD {\"blended_candidates\": 100, \"dataset\": \"44b6_0b24845f\", \"frame\": 83, \"minimum_retention\": 0.9, \"primary_candidates\": 294, \"retention\": 0.3401360544217687, \"use_primary\": true}\n"}
,{"stream_name":"stdout","time":854.954853672,"data":"EDGE_TTA_ACTIVE views= 8 mean_abs_feat_delta= 0.339492\n"}
,{"stream_name":"stdout","time":855.157231059,"data":"EDGE_TTA_ACTIVE views= 8 mean_abs_feat_delta= 0.339492\n"}
,{"stream_name":"stdout","time":855.165532505,"data":"EDGE_TTA_ACTIVE views= 8 mean_abs_feat_delta= 0.38394\n"}
,{"stream_name":"stdout","time":855.367844545,"data":"EDGE_TTA_ACTIVE views= 8 mean_abs_feat_delta= 0.38394\n"}
,{"stream_name":"stdout","time":855.978332106,"data":"SECONDARY_EDGE_TTA_ACTIVE views= 8 weight= 0.75 mean_abs_feat_delta= 0.262994\n"}
,{"stream_name":"stdout","time":856.170517101,"data":"SECONDARY_EDGE_TTA_ACTIVE views= 8 weight= 0.75 mean_abs_feat_delta= 0.319654\n"}
,{"stream_name":"stdout","time":856.174648666,"data":"BIOHUB_RETENTION_GUARD {\"blended_candidates\": 106, \"dataset\": \"44b6_0b24845f\", \"frame\": 84, \"minimum_retention\": 0.9, \"primary_candidates\": 286, \"retention\": 0.3706293706293706, \"use_primary\": true}\n"}
,{"stream_name":"stdout","time":856.180946881,"data":"SECONDARY_EDGE_TTA_ACTIVE views= 8 weight= 0.75 mean_abs_feat_delta= 0.262994\n"}
,{"stream_name":"stdout","time":856.180966704,"data":"SECONDARY_EDGE_TTA_ACTIVE views= 8 weight= 0.75 mean_abs_feat_delta= 0.319654\n"}
,{"stream_name":"stdout","time":856.18097279,"data":"BIOHUB_RETENTION_GUARD {\"blended_candidates\": 106, \"dataset\": \"44b6_0b24845f\", \"frame\": 84, \"minimum_retention\": 0.9, \"primary_candidates\": 286, \"retention\": 0.3706293706293706, \"use_primary\": true}\n"}
,{"stream_name":"stdout","time":857.119544386,"data":"EDGE_TTA_ACTIVE views= 8 mean_abs_feat_delta= 0.333718\n"}
,{"stream_name":"stdout","time":857.321833699,"data":"EDGE_TTA_ACTIVE views= 8 mean_abs_feat_delta= 0.333718\n"}
,{"stream_name":"stdout","time":857.449887301,"data":"EDGE_TTA_ACTIVE views= 8 mean_abs_feat_delta= 0.383879\n"}
,{"stream_name":"stdout","time":857.651963177,"data":"EDGE_TTA_ACTIVE views= 8 mean_abs_feat_delta= 0.383879\n"}
,{"stream_name":"stdout","time":858.147633817,"data":"SECONDARY_EDGE_TTA_ACTIVE views= 8 weight= 0.75 mean_abs_feat_delta= 0.257147\n"}
,{"stream_name":"stdout","time":858.350137279,"data":"SECONDARY_EDGE_TTA_ACTIVE views= 8 weight= 0.75 mean_abs_feat_delta= 0.257147\n"}
,{"stream_name":"stdout","time":858.45773382,"data":"SECONDARY_EDGE_TTA_ACTIVE views= 8 weight= 0.75 mean_abs_feat_delta= 0.3207\n"}
,{"stream_name":"stdout","time":858.461675164,"data":"BIOHUB_RETENTION_GUARD {\"blended_candidates\": 107, \"dataset\": \"44b6_0b24845f\", \"frame\": 85, \"minimum_retention\": 0.9, \"primary_candidates\": 246, \"retention\": 0.4349593495934959, \"use_primary\": true}\n"}
,{"stream_name":"stdout","time":858.659917169,"data":"SECONDARY_EDGE_TTA_ACTIVE views= 8 weight= 0.75 mean_abs_feat_delta= 0.3207\n"}
,{"stream_name":"stdout","time":858.659946485,"data":"BIOHUB_RETENTION_GUARD {\"blended_candidates\": 107, \"dataset\": \"44b6_0b24845f\", \"frame\": 85, \"minimum_retention\": 0.9, \"primary_candidates\": 246, \"retention\": 0.4349593495934959, \"use_primary\": true}\n"}
,{"stream_name":"stdout","time":859.296910194,"data":"EDGE_TTA_ACTIVE views= 8 mean_abs_feat_delta= 0.334199\n"}
,{"stream_name":"stdout","time":859.499190622,"data":"EDGE_TTA_ACTIVE views= 8 mean_abs_feat_delta= 0.334199\n"}
,{"stream_name":"stdout","time":859.677227023,"data":"EDGE_TTA_ACTIVE views= 8 mean_abs_feat_delta= 0.390394\n"}
,{"stream_name":"stdout","time":859.879427455,"data":"EDGE_TTA_ACTIVE views= 8 mean_abs_feat_delta= 0.390394\n"}
,{"stream_name":"stdout","time":860.327325626,"data":"SECONDARY_EDGE_TTA_ACTIVE views= 8 weight= 0.75 mean_abs_feat_delta= 0.259374\n"}
,{"stream_name":"stdout","time":860.52964277,"data":"SECONDARY_EDGE_TTA_ACTIVE views= 8 weight= 0.75 mean_abs_feat_delta= 0.259374\n"}
,{"stream_name":"stdout","time":860.687331669,"data":"SECONDARY_EDGE_TTA_ACTIVE views= 8 weight= 0.75 mean_abs_feat_delta= 0.324922\n"}
,{"stream_name":"stdout","time":860.691307671,"data":"BIOHUB_RETENTION_GUARD {\"blended_candidates\": 66, \"dataset\": \"44b6_0b24845f\", \"frame\": 86, \"minimum_retention\": 0.9, \"primary_candidates\": 213, \"retention\": 0.30985915492957744, \"use_primary\": true}\n"}
,{"stream_name":"stdout","time":860.889578776,"data":"SECONDARY_EDGE_TTA_ACTIVE views= 8 weight= 0.75 mean_abs_feat_delta= 0.324922\n"}
,{"stream_name":"stdout","time":860.889680025,"data":"BIOHUB_RETENTION_GUARD {\"blended_candidates\": 66, \"dataset\": \"44b6_0b24845f\", \"frame\": 86, \"minimum_retention\": 0.9, \"primary_candidates\": 213, \"retention\": 0.30985915492957744, \"use_primary\": true}\n"}
,{"stream_name":"stdout","time":861.505043497,"data":"EDGE_TTA_ACTIVE views= 8 mean_abs_feat_delta= 0.338008\n"}
,{"stream_name":"stdout","time":861.707390697,"data":"EDGE_TTA_ACTIVE views= 8 mean_abs_feat_delta= 0.338008\n"}
,{"stream_name":"stdout","time":861.978282986,"data":"EDGE_TTA_ACTIVE views= 8 mean_abs_feat_delta= 0.37661\n"}
,{"stream_name":"stdout","time":862.180471982,"data":"EDGE_TTA_ACTIVE views= 8 mean_abs_feat_delta= 0.37661\n"}
,{"stream_name":"stdout","time":862.536890005,"data":"SECONDARY_EDGE_TTA_ACTIVE views= 8 weight= 0.75 mean_abs_feat_delta= 0.257413\n"}
,{"stream_name":"stdout","time":862.739291526,"data":"SECONDARY_EDGE_TTA_ACTIVE views= 8 weight= 0.75 mean_abs_feat_delta= 0.257413\n"}
,{"stream_name":"stdout","time":862.987343593,"data":"SECONDARY_EDGE_TTA_ACTIVE views= 8 weight= 0.75 mean_abs_feat_delta= 0.32623\n"}
,{"stream_name":"stdout","time":862.991454452,"data":"BIOHUB_RETENTION_GUARD {\"blended_candidates\": 110, \"dataset\": \"44b6_0b24845f\", \"frame\": 87, \"minimum_retention\": 0.9, \"primary_candidates\": 255, \"retention\": 0.43137254901960786, \"use_primary\": true}\n"}
,{"stream_name":"stdout","time":863.189684489,"data":"SECONDARY_EDGE_TTA_ACTIVE views= 8 weight= 0.75 mean_abs_feat_delta= 0.32623\n"}
,{"stream_name":"stdout","time":863.189714288,"data":"BIOHUB_RETENTION_GUARD {\"blended_candidates\": 110, \"dataset\": \"44b6_0b24845f\", \"frame\": 87, \"minimum_retention\": 0.9, \"primary_candidates\": 255, \"retention\": 0.43137254901960786, \"use_primary\": true}\n"}
,{"stream_name":"stdout","time":863.685031118,"data":"EDGE_TTA_ACTIVE views= 8 mean_abs_feat_delta= 0.338144\n"}
,{"stream_name":"stdout","time":863.88721941,"data":"EDGE_TTA_ACTIVE views= 8 mean_abs_feat_delta= 0.338144\n"}
,{"stream_name":"stdout","time":864.209403425,"data":"EDGE_TTA_ACTIVE views= 8 mean_abs_feat_delta= 0.385441\n"}
,{"stream_name":"stdout","time":864.411773821,"data":"EDGE_TTA_ACTIVE views= 8 mean_abs_feat_delta= 0.385441\n"}
,{"stream_name":"stdout","time":864.71998836,"data":"SECONDARY_EDGE_TTA_ACTIVE views= 8 weight= 0.75 mean_abs_feat_delta= 0.257555\n"}
,{"stream_name":"stdout","time":864.922396648,"data":"SECONDARY_EDGE_TTA_ACTIVE views= 8 weight= 0.75 mean_abs_feat_delta= 0.257555\n"}
,{"stream_name":"stdout","time":865.22223349,"data":"SECONDARY_EDGE_TTA_ACTIVE views= 8 weight= 0.75 mean_abs_feat_delta= 0.328865\n"}
,{"stream_name":"stdout","time":865.226312075,"data":"BIOHUB_RETENTION_GUARD {\"blended_candidates\": 140, \"dataset\": \"44b6_0b24845f\", \"frame\": 88, \"minimum_retention\": 0.9, \"primary_candidates\": 271, \"retention\": 0.5166051660516605, \"use_primary\": true}\n"}
,{"stream_name":"stdout","time":865.42456562,"data":"SECONDARY_EDGE_TTA_ACTIVE views= 8 weight= 0.75 mean_abs_feat_delta= 0.328865\n"}
,{"stream_name":"stdout","time":865.424621017,"data":"BIOHUB_RETENTION_GUARD {\"blended_candidates\": 140, \"dataset\": \"44b6_0b24845f\", \"frame\": 88, \"minimum_retention\": 0.9, \"primary_candidates\": 271, \"retention\": 0.5166051660516605, \"use_primary\": true}\n"}
,{"stream_name":"stdout","time":865.9183029,"data":"EDGE_TTA_ACTIVE views= 8 mean_abs_feat_delta= 0.336404\n"}
,{"stream_name":"stdout","time":866.120742762,"data":"EDGE_TTA_ACTIVE views= 8 mean_abs_feat_delta= 0.336404\n"}
,{"stream_name":"stdout","time":866.532680859,"data":"EDGE_TTA_ACTIVE views= 8 mean_abs_feat_delta= 0.40014\n"}
,{"stream_name":"stdout","time":866.734701564,"data":"EDGE_TTA_ACTIVE views= 8 mean_abs_feat_delta= 0.40014\n"}
,{"stream_name":"stdout","time":866.958723416,"data":"SECONDARY_EDGE_TTA_ACTIVE views= 8 weight= 0.75 mean_abs_feat_delta= 0.253368\n"}
,{"stream_name":"stdout","time":867.161017499,"data":"SECONDARY_EDGE_TTA_ACTIVE views= 8 weight= 0.75 mean_abs_feat_delta= 0.253368\n"}
,{"stream_name":"stdout","time":867.548440335,"data":"SECONDARY_EDGE_TTA_ACTIVE views= 8 weight= 0.75 mean_abs_feat_delta= 0.328742\n"}
,{"stream_name":"stdout","time":867.552462725,"data":"BIOHUB_RETENTION_GUARD {\"blended_candidates\": 107, \"dataset\": \"44b6_0b24845f\", \"frame\": 89, \"minimum_retention\": 0.9, \"primary_candidates\": 253, \"retention\": 0.42292490118577075, \"use_primary\": true}\n"}
,{"stream_name":"stdout","time":867.750958079,"data":"SECONDARY_EDGE_TTA_ACTIVE views= 8 weight= 0.75 mean_abs_feat_delta= 0.328742\n"}
,{"stream_name":"stdout","time":867.750990937,"data":"BIOHUB_RETENTION_GUARD {\"blended_candidates\": 107, \"dataset\": \"44b6_0b24845f\", \"frame\": 89, \"minimum_retention\": 0.9, \"primary_candidates\": 253, \"retention\": 0.42292490118577075, \"use_primary\": true}\n"}
,{"stream_name":"stdout","time":868.110901877,"data":"EDGE_TTA_ACTIVE views= 8 mean_abs_feat_delta= 0.336923\n"}
,{"stream_name":"stdout","time":868.313290638,"data":"EDGE_TTA_ACTIVE views= 8 mean_abs_feat_delta= 0.336923\n"}
,{"stream_name":"stdout","time":868.771505226,"data":"EDGE_TTA_ACTIVE views= 8 mean_abs_feat_delta= 0.394903\n"}
,{"stream_name":"stdout","time":868.973629402,"data":"EDGE_TTA_ACTIVE views= 8 mean_abs_feat_delta= 0.394903\n"}
,{"stream_name":"stdout","time":869.155401526,"data":"SECONDARY_EDGE_TTA_ACTIVE views= 8 weight= 0.75 mean_abs_feat_delta= 0.253968\n"}
,{"stream_name":"stdout","time":869.358008703,"data":"SECONDARY_EDGE_TTA_ACTIVE views= 8 weight= 0.75 mean_abs_feat_delta= 0.253968\n"}
,{"stream_name":"stdout","time":869.786813036,"data":"SECONDARY_EDGE_TTA_ACTIVE views= 8 weight= 0.75 mean_abs_feat_delta= 0.32404\n"}
,{"stream_name":"stdout","time":869.791793788,"data":"BIOHUB_RETENTION_GUARD {\"blended_candidates\": 71, \"dataset\": \"44b6_0b24845f\", \"frame\": 90, \"minimum_retention\": 0.9, \"primary_candidates\": 194, \"retention\": 0.36597938144329895, \"use_primary\": true}\n"}
,{"stream_name":"stdout","time":869.989190095,"data":"SECONDARY_EDGE_TTA_ACTIVE views= 8 weight= 0.75 mean_abs_feat_delta= 0.32404\n"}
,{"stream_name":"stdout","time":869.989219609,"data":"BIOHUB_RETENTION_GUARD {\"blended_candidates\": 71, \"dataset\": \"44b6_0b24845f\", \"frame\": 90, \"minimum_retention\": 0.9, \"primary_candidates\": 194, \"retention\": 0.36597938144329895, \"use_primary\": true}\n"}
,{"stream_name":"stdout","time":870.333582302,"data":"EDGE_TTA_ACTIVE views= 8 mean_abs_feat_delta= 0.340204\n"}
,{"stream_name":"stdout","time":870.535948588,"data":"EDGE_TTA_ACTIVE views= 8 mean_abs_feat_delta= 0.340204\n"}
,{"stream_name":"stdout","time":871.022347315,"data":"EDGE_TTA_ACTIVE views= 8 mean_abs_feat_delta= 0.395464\n"}
,{"stream_name":"stdout","time":871.224498812,"data":"EDGE_TTA_ACTIVE views= 8 mean_abs_feat_delta= 0.395464\n"}
,{"stream_name":"stdout","time":871.374110305,"data":"SECONDARY_EDGE_TTA_ACTIVE views= 8 weight= 0.75 mean_abs_feat_delta= 0.25869\n"}
,{"stream_name":"stdout","time":871.576506799,"data":"SECONDARY_EDGE_TTA_ACTIVE views= 8 weight= 0.75 mean_abs_feat_delta= 0.25869\n"}
,{"stream_name":"stdout","time":872.04341137,"data":"SECONDARY_EDGE_TTA_ACTIVE views= 8 weight= 0.75 mean_abs_feat_delta= 0.321632\n"}
,{"stream_name":"stdout","time":872.047563385,"data":"BIOHUB_RETENTION_GUARD {\"blended_candidates\": 72, \"dataset\": \"44b6_0b24845f\", \"frame\": 91, \"minimum_retention\": 0.9, \"primary_candidates\": 187, \"retention\": 0.3850267379679144, \"use_primary\": true}\n"}
,{"stream_name":"stdout","time":872.245753669,"data":"SECONDARY_EDGE_TTA_ACTIVE views= 8 weight= 0.75 mean_abs_feat_delta= 0.321632\n"}
,{"stream_name":"stdout","time":872.245783619,"data":"BIOHUB_RETENTION_GUARD {\"blended_candidates\": 72, \"dataset\": \"44b6_0b24845f\", \"frame\": 91, \"minimum_retention\": 0.9, \"primary_candidates\": 187, \"retention\": 0.3850267379679144, \"use_primary\": true}\n"}
,{"stream_name":"stdout","time":872.54327911,"data":"EDGE_TTA_ACTIVE views= 8 mean_abs_feat_delta= 0.343273\n"}
,{"stream_name":"stdout","time":872.7453062,"data":"EDGE_TTA_ACTIVE views= 8 mean_abs_feat_delta= 0.343273\n"}
,{"stream_name":"stdout","time":873.259568455,"data":"EDGE_TTA_ACTIVE views= 8 mean_abs_feat_delta= 0.401657\n"}
,{"stream_name":"stdout","time":873.461997355,"data":"EDGE_TTA_ACTIVE views= 8 mean_abs_feat_delta= 0.401657\n"}
,{"stream_name":"stdout","time":873.587147877,"data":"SECONDARY_EDGE_TTA_ACTIVE views= 8 weight= 0.75 mean_abs_feat_delta= 0.249107\n"}
,{"stream_name":"stdout","time":873.789380803,"data":"SECONDARY_EDGE_TTA_ACTIVE views= 8 weight= 0.75 mean_abs_feat_delta= 0.249107\n"}
,{"stream_name":"stdout","time":874.279699859,"data":"SECONDARY_EDGE_TTA_ACTIVE views= 8 weight= 0.75 mean_abs_feat_delta= 0.328035\n"}
,{"stream_name":"stdout","time":874.284051037,"data":"BIOHUB_RETENTION_GUARD {\"blended_candidates\": 74, \"dataset\": \"44b6_0b24845f\", \"frame\": 92, \"minimum_retention\": 0.9, \"primary_candidates\": 211, \"retention\": 0.35071090047393366, \"use_primary\": true}\n"}
,{"stream_name":"stdout","time":874.482250966,"data":"SECONDARY_EDGE_TTA_ACTIVE views= 8 weight= 0.75 mean_abs_feat_delta= 0.328035\n"}
,{"stream_name":"stdout","time":874.482281479,"data":"BIOHUB_RETENTION_GUARD {\"blended_candidates\": 74, \"dataset\": \"44b6_0b24845f\", \"frame\": 92, \"minimum_retention\": 0.9, \"primary_candidates\": 211, \"retention\": 0.35071090047393366, \"use_primary\": true}\n"}
,{"stream_name":"stdout","time":874.739918832,"data":"EDGE_TTA_ACTIVE views= 8 mean_abs_feat_delta= 0.340039\n"}
,{"stream_name":"stdout","time":874.942187828,"data":"EDGE_TTA_ACTIVE views= 8 mean_abs_feat_delta= 0.340039\n"}
,{"stream_name":"stdout","time":875.546138227,"data":"EDGE_TTA_ACTIVE views= 8 mean_abs_feat_delta= 0.403263\n"}
,{"stream_name":"stdout","time":875.777705456,"data":"EDGE_TTA_ACTIVE views= 8 mean_abs_feat_delta= 0.403263\n"}
,{"stream_name":"stdout","time":875.784723636,"data":"SECONDARY_EDGE_TTA_ACTIVE views= 8 weight= 0.75 mean_abs_feat_delta= 0.250998\n"}
,{"stream_name":"stdout","time":875.987167471,"data":"SECONDARY_EDGE_TTA_ACTIVE views= 8 weight= 0.75 mean_abs_feat_delta= 0.250998\n"}
,{"stream_name":"stdout","time":876.567440479,"data":"SECONDARY_EDGE_TTA_ACTIVE views= 8 weight= 0.75 mean_abs_feat_delta= 0.323842\n"}
,{"stream_name":"stdout","time":876.571542736,"data":"BIOHUB_RETENTION_GUARD {\"blended_candidates\": 47, \"dataset\": \"44b6_0b24845f\", \"frame\": 93, \"minimum_retention\": 0.9, \"primary_candidates\": 177, \"retention\": 0.2655367231638418, \"use_primary\": true}\n"}
,{"stream_name":"stdout","time":876.769791177,"data":"SECONDARY_EDGE_TTA_ACTIVE views= 8 weight= 0.75 mean_abs_feat_delta= 0.323842\n"}
,{"stream_name":"stdout","time":876.769819806,"data":"BIOHUB_RETENTION_GUARD {\"blended_candidates\": 47, \"dataset\": \"44b6_0b24845f\", \"frame\": 93, \"minimum_retention\": 0.9, \"primary_candidates\": 177, \"retention\": 0.2655367231638418, \"use_primary\": true}\n"}
,{"stream_name":"stdout","time":876.955395448,"data":"EDGE_TTA_ACTIVE views= 8 mean_abs_feat_delta= 0.338922\n"}
,{"stream_name":"stdout","time":877.157915524,"data":"EDGE_TTA_ACTIVE views= 8 mean_abs_feat_delta= 0.338922\n"}
,{"stream_name":"stdout","time":877.846476841,"data":"EDGE_TTA_ACTIVE views= 8 mean_abs_feat_delta= 0.393166\n"}
,{"stream_name":"stdout","time":878.003248453,"data":"SECONDARY_EDGE_TTA_ACTIVE views= 8 weight= 0.75 mean_abs_feat_delta= 0.249091\n"}
,{"stream_name":"stdout","time":878.048823687,"data":"EDGE_TTA_ACTIVE views= 8 mean_abs_feat_delta= 0.393166\n"}
,{"stream_name":"stdout","time":878.048843062,"data":"SECONDARY_EDGE_TTA_ACTIVE views= 8 weight= 0.75 mean_abs_feat_delta= 0.249091\n"}
,{"stream_name":"stdout","time":878.868176371,"data":"SECONDARY_EDGE_TTA_ACTIVE views= 8 weight= 0.75 mean_abs_feat_delta= 0.323674\n"}
,{"stream_name":"stdout","time":878.872374137,"data":"BIOHUB_RETENTION_GUARD {\"blended_candidates\": 66, \"dataset\": \"44b6_0b24845f\", \"frame\": 94, \"minimum_retention\": 0.9, \"primary_candidates\": 218, \"retention\": 0.30275229357798167, \"use_primary\": true}\n"}
,{"stream_name":"stdout","time":879.0705062,"data":"SECONDARY_EDGE_TTA_ACTIVE views= 8 weight= 0.75 mean_abs_feat_delta= 0.323674\n"}
,{"stream_name":"stdout","time":879.070535145,"data":"BIOHUB_RETENTION_GUARD {\"blended_candidates\": 66, \"dataset\": \"44b6_0b24845f\", \"frame\": 94, \"minimum_retention\": 0.9, \"primary_candidates\": 218, \"retention\": 0.30275229357798167, \"use_primary\": true}\n"}
,{"stream_name":"stdout","time":879.185330922,"data":"EDGE_TTA_ACTIVE views= 8 mean_abs_feat_delta= 0.342488\n"}
,{"stream_name":"stdout","time":879.387509977,"data":"EDGE_TTA_ACTIVE views= 8 mean_abs_feat_delta= 0.342488\n"}
,{"stream_name":"stdout","time":880.092907565,"data":"EDGE_TTA_ACTIVE views= 8 mean_abs_feat_delta= 0.399205\n"}
,{"stream_name":"stdout","time":880.230694676,"data":"SECONDARY_EDGE_TTA_ACTIVE views= 8 weight= 0.75 mean_abs_feat_delta= 0.25058\n"}
,{"stream_name":"stdout","time":880.295195822,"data":"EDGE_TTA_ACTIVE views= 8 mean_abs_feat_delta= 0.399205\n"}
,{"stream_name":"stdout","time":880.295215427,"data":"SECONDARY_EDGE_TTA_ACTIVE views= 8 weight= 0.75 mean_abs_feat_delta= 0.25058\n"}
,{"stream_name":"stdout","time":881.110256075,"data":"SECONDARY_EDGE_TTA_ACTIVE views= 8 weight= 0.75 mean_abs_feat_delta= 0.327019\n"}
,{"stream_name":"stdout","time":881.114357434,"data":"BIOHUB_RETENTION_GUARD {\"blended_candidates\": 59, \"dataset\": \"44b6_0b24845f\", \"frame\": 95, \"minimum_retention\": 0.9, \"primary_candidates\": 211, \"retention\": 0.2796208530805687, \"use_primary\": true}\n"}
,{"stream_name":"stdout","time":881.312590882,"data":"SECONDARY_EDGE_TTA_ACTIVE views= 8 weight= 0.75 mean_abs_feat_delta= 0.327019\n"}
,{"stream_name":"stdout","time":881.312636326,"data":"BIOHUB_RETENTION_GUARD {\"blended_candidates\": 59, \"dataset\": \"44b6_0b24845f\", \"frame\": 95, \"minimum_retention\": 0.9, \"primary_candidates\": 211, \"retention\": 0.2796208530805687, \"use_primary\": true}\n"}
,{"stream_name":"stdout","time":881.45034841,"data":"EDGE_TTA_ACTIVE views= 8 mean_abs_feat_delta= 0.341683\n"}
,{"stream_name":"stdout","time":881.652843964,"data":"EDGE_TTA_ACTIVE views= 8 mean_abs_feat_delta= 0.341683\n"}
,{"stream_name":"stdout","time":882.445406932,"data":"EDGE_TTA_ACTIVE views= 8 mean_abs_feat_delta= 0.401824\n"}
,{"stream_name":"stdout","time":882.494044695,"data":"SECONDARY_EDGE_TTA_ACTIVE views= 8 weight= 0.75 mean_abs_feat_delta= 0.25428\n"}
,{"stream_name":"stdout","time":882.648288932,"data":"EDGE_TTA_ACTIVE views= 8 mean_abs_feat_delta= 0.401824\n"}
,{"stream_name":"stdout","time":882.648318065,"data":"SECONDARY_EDGE_TTA_ACTIVE views= 8 weight= 0.75 mean_abs_feat_delta= 0.25428\n"}
,{"stream_name":"stdout","time":883.465999328,"data":"SECONDARY_EDGE_TTA_ACTIVE views= 8 weight= 0.75 mean_abs_feat_delta= 0.329644\n"}
,{"stream_name":"stdout","time":883.470720632,"data":"BIOHUB_RETENTION_GUARD {\"blended_candidates\": 37, \"dataset\": \"44b6_0b24845f\", \"frame\": 96, \"minimum_retention\": 0.9, \"primary_candidates\": 213, \"retention\": 0.17370892018779344, \"use_primary\": true}\n"}
,{"stream_name":"stdout","time":883.668696761,"data":"SECONDARY_EDGE_TTA_ACTIVE views= 8 weight= 0.75 mean_abs_feat_delta= 0.329644\n"}
,{"stream_name":"stdout","time":883.668913502,"data":"BIOHUB_RETENTION_GUARD {\"blended_candidates\": 37, \"dataset\": \"44b6_0b24845f\", \"frame\": 96, \"minimum_retention\": 0.9, \"primary_candidates\": 213, \"retention\": 0.17370892018779344, \"use_primary\": true}\n"}
,{"stream_name":"stdout","time":884.827117658,"data":"EDGE_TTA_ACTIVE views= 8 mean_abs_feat_delta= 0.385932\n"}
,{"stream_name":"stdout","time":885.029952475,"data":"EDGE_TTA_ACTIVE views= 8 mean_abs_feat_delta= 0.385932\n"}
,{"stream_name":"stdout","time":885.84270159,"data":"SECONDARY_EDGE_TTA_ACTIVE views= 8 weight= 0.75 mean_abs_feat_delta= 0.331564\n"}
,{"stream_name":"stdout","time":885.847726892,"data":"BIOHUB_RETENTION_GUARD {\"blended_candidates\": 60, \"dataset\": \"44b6_0b24845f\", \"frame\": 97, \"minimum_retention\": 0.9, \"primary_candidates\": 262, \"retention\": 0.22900763358778625, \"use_primary\": true}\n"}
,{"stream_name":"stdout","time":886.046672467,"data":"SECONDARY_EDGE_TTA_ACTIVE views= 8 weight= 0.75 mean_abs_feat_delta= 0.331564\n"}
,{"stream_name":"stdout","time":886.046698375,"data":"BIOHUB_RETENTION_GUARD {\"blended_candidates\": 60, \"dataset\": \"44b6_0b24845f\", \"frame\": 97, \"minimum_retention\": 0.9, \"primary_candidates\": 262, \"retention\": 0.22900763358778625, \"use_primary\": true}\n"}
,{"stream_name":"stdout","time":887.264282806,"data":"EDGE_TTA_ACTIVE views= 8 mean_abs_feat_delta= 0.389874\n"}
,{"stream_name":"stdout","time":887.468120161,"data":"EDGE_TTA_ACTIVE views= 8 mean_abs_feat_delta= 0.389874\n"}
,{"stream_name":"stdout","time":888.277903817,"data":"SECONDARY_EDGE_TTA_ACTIVE views= 8 weight= 0.75 mean_abs_feat_delta= 0.336267\n"}
,{"stream_name":"stdout","time":888.282775841,"data":"BIOHUB_RETENTION_GUARD {\"blended_candidates\": 74, \"dataset\": \"44b6_0b24845f\", \"frame\": 98, \"minimum_retention\": 0.9, \"primary_candidates\": 237, \"retention\": 0.31223628691983124, \"use_primary\": true}\n"}
,{"stream_name":"stdout","time":888.480330813,"data":"SECONDARY_EDGE_TTA_ACTIVE views= 8 weight= 0.75 mean_abs_feat_delta= 0.336267\n"}
,{"stream_name":"stdout","time":888.480359982,"data":"BIOHUB_RETENTION_GUARD {\"blended_candidates\": 74, \"dataset\": \"44b6_0b24845f\", \"frame\": 98, \"minimum_retention\": 0.9, \"primary_candidates\": 237, \"retention\": 0.31223628691983124, \"use_primary\": true}\n"}
,{"stream_name":"stdout","time":889.661541792,"data":"EDGE_TTA_ACTIVE views= 8 mean_abs_feat_delta= 0.399851\n"}
,{"stream_name":"stdout","time":889.863440658,"data":"EDGE_TTA_ACTIVE views= 8 mean_abs_feat_delta= 0.399851\n"}
,{"stream_name":"stdout","time":890.677438457,"data":"SECONDARY_EDGE_TTA_ACTIVE views= 8 weight= 0.75 mean_abs_feat_delta= 0.33146\n"}
,{"stream_name":"stdout","time":890.681474404,"data":"BIOHUB_RETENTION_GUARD {\"blended_candidates\": 48, \"dataset\": \"44b6_0b24845f\", \"frame\": 99, \"minimum_retention\": 0.9, \"primary_candidates\": 189, \"retention\": 0.25396825396825395, \"use_primary\": true}\n"}
,{"stream_name":"stdout","time":890.880067695,"data":"SECONDARY_EDGE_TTA_ACTIVE views= 8 weight= 0.75 mean_abs_feat_delta= 0.33146\n"}
,{"stream_name":"stdout","time":890.880275113,"data":"BIOHUB_RETENTION_GUARD {\"blended_candidates\": 48, \"dataset\": \"44b6_0b24845f\", \"frame\": 99, \"minimum_retention\": 0.9, \"primary_candidates\": 189, \"retention\": 0.25396825396825395, \"use_primary\": true}\n"}
,{"stream_name":"stdout","time":909.316554811,"data":"EDGE_TTA_ACTIVE views= 8 mean_abs_feat_delta= 0.336227\n"}
,{"stream_name":"stdout","time":909.549513357,"data":"EDGE_TTA_ACTIVE views= 8 mean_abs_feat_delta= 0.336227\n"}
,{"stream_name":"stdout","time":910.29008884,"data":"SECONDARY_EDGE_TTA_ACTIVE views= 8 weight= 0.75 mean_abs_feat_delta= 0.228017\n"}
,{"stream_name":"stdout","time":910.475431611,"data":"EDGE_TTA_ACTIVE views= 8 mean_abs_feat_delta= 0.353265\n"}
,{"stream_name":"stdout","time":910.49266733,"data":"SECONDARY_EDGE_TTA_ACTIVE views= 8 weight= 0.75 mean_abs_feat_delta= 0.228017\n"}
,{"stream_name":"stdout","time":910.492686336,"data":"EDGE_TTA_ACTIVE views= 8 mean_abs_feat_delta= 0.353265\n"}
,{"stream_name":"stdout","time":911.443339663,"data":"SECONDARY_EDGE_TTA_ACTIVE views= 8 weight= 0.75 mean_abs_feat_delta= 0.229197\n"}
,{"stream_name":"stdout","time":911.645530351,"data":"SECONDARY_EDGE_TTA_ACTIVE views= 8 weight= 0.75 mean_abs_feat_delta= 0.229197\n"}
,{"stream_name":"stdout","time":911.726366438,"data":"EDGE_TTA_ACTIVE views= 8 mean_abs_feat_delta= 0.336449\n"}
,{"stream_name":"stdout","time":911.928584767,"data":"EDGE_TTA_ACTIVE views= 8 mean_abs_feat_delta= 0.336449\n"}
,{"stream_name":"stdout","time":912.504858607,"data":"EDGE_TTA_ACTIVE views= 8 mean_abs_feat_delta= 0.356556\n"}
,{"stream_name":"stdout","time":912.698312655,"data":"SECONDARY_EDGE_TTA_ACTIVE views= 8 weight= 0.75 mean_abs_feat_delta= 0.229538\n"}
,{"stream_name":"stdout","time":912.707150345,"data":"EDGE_TTA_ACTIVE views= 8 mean_abs_feat_delta= 0.356556\n"}
,{"stream_name":"stdout","time":912.707172147,"data":"SECONDARY_EDGE_TTA_ACTIVE views= 8 weight= 0.75 mean_abs_feat_delta= 0.229538\n"}
,{"stream_name":"stdout","time":913.477802229,"data":"SECONDARY_EDGE_TTA_ACTIVE views= 8 weight= 0.75 mean_abs_feat_delta= 0.228531\n"}
,{"stream_name":"stdout","time":913.680248942,"data":"SECONDARY_EDGE_TTA_ACTIVE views= 8 weight= 0.75 mean_abs_feat_delta= 0.228531\n"}
,{"stream_name":"stdout","time":914.114932592,"data":"EDGE_TTA_ACTIVE views= 8 mean_abs_feat_delta= 0.334867\n"}
,{"stream_name":"stdout","time":914.317469186,"data":"EDGE_TTA_ACTIVE views= 8 mean_abs_feat_delta= 0.334867\n"}
,{"stream_name":"stdout","time":914.531719545,"data":"EDGE_TTA_ACTIVE views= 8 mean_abs_feat_delta= 0.359353\n"}
,{"stream_name":"stdout","time":914.733815319,"data":"EDGE_TTA_ACTIVE views= 8 mean_abs_feat_delta= 0.359353\n"}
,{"stream_name":"stdout","time":915.102732611,"data":"SECONDARY_EDGE_TTA_ACTIVE views= 8 weight= 0.75 mean_abs_feat_delta= 0.229701\n"}
,{"stream_name":"stdout","time":915.30520511,"data":"SECONDARY_EDGE_TTA_ACTIVE views= 8 weight= 0.75 mean_abs_feat_delta= 0.229701\n"}
,{"stream_name":"stdout","time":915.506741588,"data":"SECONDARY_EDGE_TTA_ACTIVE views= 8 weight= 0.75 mean_abs_feat_delta= 0.232233\n"}
,{"stream_name":"stdout","time":915.708607875,"data":"SECONDARY_EDGE_TTA_ACTIVE views= 8 weight= 0.75 mean_abs_feat_delta= 0.232233\n"}
,{"stream_name":"stdout","time":916.524224573,"data":"EDGE_TTA_ACTIVE views= 8 mean_abs_feat_delta= 0.332302\n"}
,{"stream_name":"stdout","time":916.575521512,"data":"EDGE_TTA_ACTIVE views= 8 mean_abs_feat_delta= 0.361838\n"}
,{"stream_name":"stdout","time":916.7263392,"data":"EDGE_TTA_ACTIVE views= 8 mean_abs_feat_delta= 0.332302\n"}
,{"stream_name":"stdout","time":916.72636192,"data":"EDGE_TTA_ACTIVE views= 8 mean_abs_feat_delta= 0.361838\n"}
,{"stream_name":"stdout","time":917.515236883,"data":"SECONDARY_EDGE_TTA_ACTIVE views= 8 weight= 0.75 mean_abs_feat_delta= 0.231014\n"}
,{"stream_name":"stdout","time":917.556748064,"data":"SECONDARY_EDGE_TTA_ACTIVE views= 8 weight= 0.75 mean_abs_feat_delta= 0.231136\n"}
,{"stream_name":"stdout","time":917.717578597,"data":"SECONDARY_EDGE_TTA_ACTIVE views= 8 weight= 0.75 mean_abs_feat_delta= 0.231014\n"}
,{"stream_name":"stdout","time":917.717727739,"data":"SECONDARY_EDGE_TTA_ACTIVE views= 8 weight= 0.75 mean_abs_feat_delta= 0.231136\n"}
,{"stream_name":"stdout","time":918.627743336,"data":"EDGE_TTA_ACTIVE views= 8 mean_abs_feat_delta= 0.349332\n"}
,{"stream_name":"stdout","time":918.829182279,"data":"EDGE_TTA_ACTIVE views= 8 mean_abs_feat_delta= 0.349332\n"}
,{"stream_name":"stdout","time":918.97064677,"data":"EDGE_TTA_ACTIVE views= 8 mean_abs_feat_delta= 0.335289\n"}
,{"stream_name":"stdout","time":919.17257811,"data":"EDGE_TTA_ACTIVE views= 8 mean_abs_feat_delta= 0.335289\n"}
,{"stream_name":"stdout","time":919.623915362,"data":"SECONDARY_EDGE_TTA_ACTIVE views= 8 weight= 0.75 mean_abs_feat_delta= 0.237962\n"}
,{"stream_name":"stdout","time":919.826067034,"data":"SECONDARY_EDGE_TTA_ACTIVE views= 8 weight= 0.75 mean_abs_feat_delta= 0.237962\n"}
,{"stream_name":"stdout","time":919.967771703,"data":"SECONDARY_EDGE_TTA_ACTIVE views= 8 weight= 0.75 mean_abs_feat_delta= 0.228785\n"}
,{"stream_name":"stdout","time":920.169944665,"data":"SECONDARY_EDGE_TTA_ACTIVE views= 8 weight= 0.75 mean_abs_feat_delta= 0.228785\n"}
,{"stream_name":"stdout","time":920.695584233,"data":"EDGE_TTA_ACTIVE views= 8 mean_abs_feat_delta= 0.36765\n"}
,{"stream_name":"stdout","time":920.897887177,"data":"EDGE_TTA_ACTIVE views= 8 mean_abs_feat_delta= 0.36765\n"}
,{"stream_name":"stdout","time":921.402416173,"data":"EDGE_TTA_ACTIVE views= 8 mean_abs_feat_delta= 0.333404\n"}
,{"stream_name":"stdout","time":921.604607022,"data":"EDGE_TTA_ACTIVE views= 8 mean_abs_feat_delta= 0.333404\n"}
,{"stream_name":"stdout","time":921.708777973,"data":"SECONDARY_EDGE_TTA_ACTIVE views= 8 weight= 0.75 mean_abs_feat_delta= 0.23324\n"}
,{"stream_name":"stdout","time":921.911318902,"data":"SECONDARY_EDGE_TTA_ACTIVE views= 8 weight= 0.75 mean_abs_feat_delta= 0.23324\n"}
,{"stream_name":"stdout","time":922.39867394,"data":"SECONDARY_EDGE_TTA_ACTIVE views= 8 weight= 0.75 mean_abs_feat_delta= 0.226638\n"}
,{"stream_name":"stdout","time":922.600993215,"data":"SECONDARY_EDGE_TTA_ACTIVE views= 8 weight= 0.75 mean_abs_feat_delta= 0.226638\n"}
,{"stream_name":"stdout","time":922.817703417,"data":"EDGE_TTA_ACTIVE views= 8 mean_abs_feat_delta= 0.37095\n"}
,{"stream_name":"stdout","time":923.020151867,"data":"EDGE_TTA_ACTIVE views= 8 mean_abs_feat_delta= 0.37095\n"}
,{"stream_name":"stdout","time":923.828437567,"data":"SECONDARY_EDGE_TTA_ACTIVE views= 8 weight= 0.75 mean_abs_feat_delta= 0.233703\n"}
,{"stream_name":"stdout","time":923.849118916,"data":"EDGE_TTA_ACTIVE views= 8 mean_abs_feat_delta= 0.332888\n"}
,{"stream_name":"stdout","time":924.030720652,"data":"SECONDARY_EDGE_TTA_ACTIVE views= 8 weight= 0.75 mean_abs_feat_delta= 0.233703\n"}
,{"stream_name":"stdout","time":924.030748285,"data":"EDGE_TTA_ACTIVE views= 8 mean_abs_feat_delta= 0.332888\n"}
,{"stream_name":"stdout","time":924.869437096,"data":"SECONDARY_EDGE_TTA_ACTIVE views= 8 weight= 0.75 mean_abs_feat_delta= 0.230415\n"}
,{"stream_name":"stdout","time":924.951784644,"data":"EDGE_TTA_ACTIVE views= 8 mean_abs_feat_delta= 0.362298\n"}
,{"stream_name":"stdout","time":925.0718417,"data":"SECONDARY_EDGE_TTA_ACTIVE views= 8 weight= 0.75 mean_abs_feat_delta= 0.230415\n"}
,{"stream_name":"stdout","time":925.071890905,"data":"EDGE_TTA_ACTIVE views= 8 mean_abs_feat_delta= 0.362298\n"}
,{"stream_name":"stdout","time":925.967880834,"data":"SECONDARY_EDGE_TTA_ACTIVE views= 8 weight= 0.75 mean_abs_feat_delta= 0.23047\n"}
,{"stream_name":"stdout","time":926.170060827,"data":"SECONDARY_EDGE_TTA_ACTIVE views= 8 weight= 0.75 mean_abs_feat_delta= 0.23047\n"}
,{"stream_name":"stdout","time":926.341162557,"data":"EDGE_TTA_ACTIVE views= 8 mean_abs_feat_delta= 0.332287\n"}
,{"stream_name":"stdout","time":926.543348918,"data":"EDGE_TTA_ACTIVE views= 8 mean_abs_feat_delta= 0.332287\n"}
,{"stream_name":"stdout","time":927.117826817,"data":"EDGE_TTA_ACTIVE views= 8 mean_abs_feat_delta= 0.357762\n"}
,{"stream_name":"stdout","time":927.320115877,"data":"EDGE_TTA_ACTIVE views= 8 mean_abs_feat_delta= 0.357762\n"}
,{"stream_name":"stdout","time":927.366235751,"data":"SECONDARY_EDGE_TTA_ACTIVE views= 8 weight= 0.75 mean_abs_feat_delta= 0.225989\n"}
,{"stream_name":"stdout","time":927.568464354,"data":"SECONDARY_EDGE_TTA_ACTIVE views= 8 weight= 0.75 mean_abs_feat_delta= 0.225989\n"}
,{"stream_name":"stdout","time":928.14866077,"data":"SECONDARY_EDGE_TTA_ACTIVE views= 8 weight= 0.75 mean_abs_feat_delta= 0.222866\n"}
,{"stream_name":"stdout","time":928.35098758,"data":"SECONDARY_EDGE_TTA_ACTIVE views= 8 weight= 0.75 mean_abs_feat_delta= 0.222866\n"}
,{"stream_name":"stdout","time":928.901731886,"data":"EDGE_TTA_ACTIVE views= 8 mean_abs_feat_delta= 0.335308\n"}
,{"stream_name":"stdout","time":929.104085083,"data":"EDGE_TTA_ACTIVE views= 8 mean_abs_feat_delta= 0.335308\n"}
,{"stream_name":"stdout","time":929.266553031,"data":"EDGE_TTA_ACTIVE views= 8 mean_abs_feat_delta= 0.360193\n"}
,{"stream_name":"stdout","time":929.468885203,"data":"EDGE_TTA_ACTIVE views= 8 mean_abs_feat_delta= 0.360193\n"}
,{"stream_name":"stdout","time":929.939778917,"data":"SECONDARY_EDGE_TTA_ACTIVE views= 8 weight= 0.75 mean_abs_feat_delta= 0.226394\n"}
,{"stream_name":"stdout","time":930.142067394,"data":"SECONDARY_EDGE_TTA_ACTIVE views= 8 weight= 0.75 mean_abs_feat_delta= 0.226394\n"}
,{"stream_name":"stdout","time":930.306803116,"data":"SECONDARY_EDGE_TTA_ACTIVE views= 8 weight= 0.75 mean_abs_feat_delta= 0.223297\n"}
,{"stream_name":"stdout","time":930.509085263,"data":"SECONDARY_EDGE_TTA_ACTIVE views= 8 weight= 0.75 mean_abs_feat_delta= 0.223297\n"}
,{"stream_name":"stdout","time":931.440998936,"data":"EDGE_TTA_ACTIVE views= 8 mean_abs_feat_delta= 0.33832\n"}
,{"stream_name":"stdout","time":931.442944531,"data":"EDGE_TTA_ACTIVE views= 8 mean_abs_feat_delta= 0.35856\n"}
,{"stream_name":"stdout","time":931.643426258,"data":"EDGE_TTA_ACTIVE views= 8 mean_abs_feat_delta= 0.33832\n"}
,{"stream_name":"stdout","time":931.643448574,"data":"EDGE_TTA_ACTIVE views= 8 mean_abs_feat_delta= 0.35856\n"}
,{"stream_name":"stdout","time":932.484622958,"data":"SECONDARY_EDGE_TTA_ACTIVE views= 8 weight= 0.75 mean_abs_feat_delta= 0.228233\n"}
,{"stream_name":"stdout","time":932.492015381,"data":"SECONDARY_EDGE_TTA_ACTIVE views= 8 weight= 0.75 mean_abs_feat_delta= 0.226482\n"}
,{"stream_name":"stdout","time":932.686970046,"data":"SECONDARY_EDGE_TTA_ACTIVE views= 8 weight= 0.75 mean_abs_feat_delta= 0.228233\n"}
,{"stream_name":"stdout","time":932.68699785,"data":"SECONDARY_EDGE_TTA_ACTIVE views= 8 weight= 0.75 mean_abs_feat_delta= 0.226482\n"}
,{"stream_name":"stdout","time":933.617299395,"data":"EDGE_TTA_ACTIVE views= 8 mean_abs_feat_delta= 0.365065\n"}
,{"stream_name":"stdout","time":933.819511683,"data":"EDGE_TTA_ACTIVE views= 8 mean_abs_feat_delta= 0.365065\n"}
,{"stream_name":"stdout","time":933.976163731,"data":"EDGE_TTA_ACTIVE views= 8 mean_abs_feat_delta= 0.333525\n"}
,{"stream_name":"stdout","time":934.178298507,"data":"EDGE_TTA_ACTIVE views= 8 mean_abs_feat_delta= 0.333525\n"}
,{"stream_name":"stdout","time":934.675512186,"data":"SECONDARY_EDGE_TTA_ACTIVE views= 8 weight= 0.75 mean_abs_feat_delta= 0.229453\n"}
,{"stream_name":"stdout","time":934.877743545,"data":"SECONDARY_EDGE_TTA_ACTIVE views= 8 weight= 0.75 mean_abs_feat_delta= 0.229453\n"}
,{"stream_name":"stdout","time":935.032446528,"data":"SECONDARY_EDGE_TTA_ACTIVE views= 8 weight= 0.75 mean_abs_feat_delta= 0.224536\n"}
,{"stream_name":"stdout","time":935.234828714,"data":"SECONDARY_EDGE_TTA_ACTIVE views= 8 weight= 0.75 mean_abs_feat_delta= 0.224536\n"}
,{"stream_name":"stdout","time":935.808474312,"data":"EDGE_TTA_ACTIVE views= 8 mean_abs_feat_delta= 0.353373\n"}
,{"stream_name":"stdout","time":936.010613992,"data":"EDGE_TTA_ACTIVE views= 8 mean_abs_feat_delta= 0.353373\n"}
,{"stream_name":"stdout","time":936.539111256,"data":"EDGE_TTA_ACTIVE views= 8 mean_abs_feat_delta= 0.32859\n"}
,{"stream_name":"stdout","time":936.74148439,"data":"EDGE_TTA_ACTIVE views= 8 mean_abs_feat_delta= 0.32859\n"}
,{"stream_name":"stdout","time":936.870309026,"data":"SECONDARY_EDGE_TTA_ACTIVE views= 8 weight= 0.75 mean_abs_feat_delta= 0.233899\n"}
,{"stream_name":"stdout","time":937.072566834,"data":"SECONDARY_EDGE_TTA_ACTIVE views= 8 weight= 0.75 mean_abs_feat_delta= 0.233899\n"}
,{"stream_name":"stdout","time":937.598775371,"data":"SECONDARY_EDGE_TTA_ACTIVE views= 8 weight= 0.75 mean_abs_feat_delta= 0.225446\n"}
,{"stream_name":"stdout","time":937.801011926,"data":"SECONDARY_EDGE_TTA_ACTIVE views= 8 weight= 0.75 mean_abs_feat_delta= 0.225446\n"}
,{"stream_name":"stdout","time":938.019189646,"data":"EDGE_TTA_ACTIVE views= 8 mean_abs_feat_delta= 0.366767\n"}
,{"stream_name":"stdout","time":938.221404064,"data":"EDGE_TTA_ACTIVE views= 8 mean_abs_feat_delta= 0.366767\n"}
,{"stream_name":"stdout","time":939.08998158,"data":"SECONDARY_EDGE_TTA_ACTIVE views= 8 weight= 0.75 mean_abs_feat_delta= 0.228562\n"}
,{"stream_name":"stdout","time":939.156359753,"data":"EDGE_TTA_ACTIVE views= 8 mean_abs_feat_delta= 0.32899\n"}
,{"stream_name":"stdout","time":939.292358469,"data":"SECONDARY_EDGE_TTA_ACTIVE views= 8 weight= 0.75 mean_abs_feat_delta= 0.228562\n"}
,{"stream_name":"stdout","time":939.292386775,"data":"EDGE_TTA_ACTIVE views= 8 mean_abs_feat_delta= 0.32899\n"}
,{"stream_name":"stdout","time":940.241766536,"data":"SECONDARY_EDGE_TTA_ACTIVE views= 8 weight= 0.75 mean_abs_feat_delta= 0.224393\n"}
,{"stream_name":"stdout","time":940.244687992,"data":"EDGE_TTA_ACTIVE views= 8 mean_abs_feat_delta= 0.360859\n"}
,{"stream_name":"stdout","time":940.475197775,"data":"SECONDARY_EDGE_TTA_ACTIVE views= 8 weight= 0.75 mean_abs_feat_delta= 0.224393\n"}
,{"stream_name":"stdout","time":940.475220036,"data":"EDGE_TTA_ACTIVE views= 8 mean_abs_feat_delta= 0.360859\n"}
,{"stream_name":"stdout","time":941.320006959,"data":"SECONDARY_EDGE_TTA_ACTIVE views= 8 weight= 0.75 mean_abs_feat_delta= 0.229373\n"}
,{"stream_name":"stdout","time":941.522368136,"data":"SECONDARY_EDGE_TTA_ACTIVE views= 8 weight= 0.75 mean_abs_feat_delta= 0.229373\n"}
,{"stream_name":"stdout","time":941.762155859,"data":"EDGE_TTA_ACTIVE views= 8 mean_abs_feat_delta= 0.331655\n"}
,{"stream_name":"stdout","time":941.964720471,"data":"EDGE_TTA_ACTIVE views= 8 mean_abs_feat_delta= 0.331655\n"}
,{"stream_name":"stdout","time":942.472355294,"data":"EDGE_TTA_ACTIVE views= 8 mean_abs_feat_delta= 0.358711\n"}
,{"stream_name":"stdout","time":942.674472909,"data":"EDGE_TTA_ACTIVE views= 8 mean_abs_feat_delta= 0.358711\n"}
,{"stream_name":"stdout","time":942.829535612,"data":"SECONDARY_EDGE_TTA_ACTIVE views= 8 weight= 0.75 mean_abs_feat_delta= 0.221606\n"}
,{"stream_name":"stdout","time":943.031722593,"data":"SECONDARY_EDGE_TTA_ACTIVE views= 8 weight= 0.75 mean_abs_feat_delta= 0.221606\n"}
,{"stream_name":"stdout","time":943.550146844,"data":"SECONDARY_EDGE_TTA_ACTIVE views= 8 weight= 0.75 mean_abs_feat_delta= 0.228983\n"}
,{"stream_name":"stdout","time":943.75231945,"data":"SECONDARY_EDGE_TTA_ACTIVE views= 8 weight= 0.75 mean_abs_feat_delta= 0.228983\n"}
,{"stream_name":"stdout","time":944.376213452,"data":"EDGE_TTA_ACTIVE views= 8 mean_abs_feat_delta= 0.332781\n"}
,{"stream_name":"stdout","time":944.578613206,"data":"EDGE_TTA_ACTIVE views= 8 mean_abs_feat_delta= 0.332781\n"}
,{"stream_name":"stdout","time":944.702524641,"data":"EDGE_TTA_ACTIVE views= 8 mean_abs_feat_delta= 0.357908\n"}
,{"stream_name":"stdout","time":944.904697957,"data":"EDGE_TTA_ACTIVE views= 8 mean_abs_feat_delta= 0.357908\n"}
,{"stream_name":"stdout","time":945.439710392,"data":"SECONDARY_EDGE_TTA_ACTIVE views= 8 weight= 0.75 mean_abs_feat_delta= 0.220927\n"}
,{"stream_name":"stdout","time":945.642047843,"data":"SECONDARY_EDGE_TTA_ACTIVE views= 8 weight= 0.75 mean_abs_feat_delta= 0.220927\n"}
,{"stream_name":"stdout","time":945.780530417,"data":"SECONDARY_EDGE_TTA_ACTIVE views= 8 weight= 0.75 mean_abs_feat_delta= 0.22723\n"}
,{"stream_name":"stdout","time":945.982700153,"data":"SECONDARY_EDGE_TTA_ACTIVE views= 8 weight= 0.75 mean_abs_feat_delta= 0.22723\n"}
,{"stream_name":"stdout","time":946.923799311,"data":"EDGE_TTA_ACTIVE views= 8 mean_abs_feat_delta= 0.36076\n"}
,{"stream_name":"stdout","time":946.951834817,"data":"EDGE_TTA_ACTIVE views= 8 mean_abs_feat_delta= 0.331497\n"}
,{"stream_name":"stdout","time":947.126129203,"data":"EDGE_TTA_ACTIVE views= 8 mean_abs_feat_delta= 0.36076\n"}
,{"stream_name":"stdout","time":947.126156731,"data":"EDGE_TTA_ACTIVE views= 8 mean_abs_feat_delta= 0.331497\n"}
,{"stream_name":"stdout","time":947.997129443,"data":"SECONDARY_EDGE_TTA_ACTIVE views= 8 weight= 0.75 mean_abs_feat_delta= 0.227184\n"}
,{"stream_name":"stdout","time":948.008800761,"data":"SECONDARY_EDGE_TTA_ACTIVE views= 8 weight= 0.75 mean_abs_feat_delta= 0.220799\n"}
,{"stream_name":"stdout","time":948.199570611,"data":"SECONDARY_EDGE_TTA_ACTIVE views= 8 weight= 0.75 mean_abs_feat_delta= 0.227184\n"}
,{"stream_name":"stdout","time":948.199679508,"data":"SECONDARY_EDGE_TTA_ACTIVE views= 8 weight= 0.75 mean_abs_feat_delta= 0.220799\n"}
,{"stream_name":"stdout","time":949.164599277,"data":"EDGE_TTA_ACTIVE views= 8 mean_abs_feat_delta= 0.363026\n"}
,{"stream_name":"stdout","time":949.366896654,"data":"EDGE_TTA_ACTIVE views= 8 mean_abs_feat_delta= 0.363026\n"}
,{"stream_name":"stdout","time":949.527687978,"data":"EDGE_TTA_ACTIVE views= 8 mean_abs_feat_delta= 0.331409\n"}
,{"stream_name":"stdout","time":949.729807449,"data":"EDGE_TTA_ACTIVE views= 8 mean_abs_feat_delta= 0.331409\n"}
,{"stream_name":"stdout","time":950.220133083,"data":"SECONDARY_EDGE_TTA_ACTIVE views= 8 weight= 0.75 mean_abs_feat_delta= 0.228674\n"}
,{"stream_name":"stdout","time":950.422380469,"data":"SECONDARY_EDGE_TTA_ACTIVE views= 8 weight= 0.75 mean_abs_feat_delta= 0.228674\n"}
,{"stream_name":"stdout","time":950.574661425,"data":"SECONDARY_EDGE_TTA_ACTIVE views= 8 weight= 0.75 mean_abs_feat_delta= 0.220784\n"}
,{"stream_name":"stdout","time":950.77683122,"data":"SECONDARY_EDGE_TTA_ACTIVE views= 8 weight= 0.75 mean_abs_feat_delta= 0.220784\n"}
,{"stream_name":"stdout","time":951.37157979,"data":"EDGE_TTA_ACTIVE views= 8 mean_abs_feat_delta= 0.36528\n"}
,{"stream_name":"stdout","time":951.57368783,"data":"EDGE_TTA_ACTIVE views= 8 mean_abs_feat_delta= 0.36528\n"}
,{"stream_name":"stdout","time":952.099057654,"data":"EDGE_TTA_ACTIVE views= 8 mean_abs_feat_delta= 0.33126\n"}
,{"stream_name":"stdout","time":952.301240463,"data":"EDGE_TTA_ACTIVE views= 8 mean_abs_feat_delta= 0.33126\n"}
,{"stream_name":"stdout","time":952.419493941,"data":"SECONDARY_EDGE_TTA_ACTIVE views= 8 weight= 0.75 mean_abs_feat_delta= 0.22969\n"}
,{"stream_name":"stdout","time":952.621530901,"data":"SECONDARY_EDGE_TTA_ACTIVE views= 8 weight= 0.75 mean_abs_feat_delta= 0.22969\n"}
,{"stream_name":"stdout","time":953.133552825,"data":"SECONDARY_EDGE_TTA_ACTIVE views= 8 weight= 0.75 mean_abs_feat_delta= 0.220701\n"}
,{"stream_name":"stdout","time":953.33585093,"data":"SECONDARY_EDGE_TTA_ACTIVE views= 8 weight= 0.75 mean_abs_feat_delta= 0.220701\n"}
,{"stream_name":"stdout","time":953.54121138,"data":"EDGE_TTA_ACTIVE views= 8 mean_abs_feat_delta= 0.365255\n"}
,{"stream_name":"stdout","time":953.743541487,"data":"EDGE_TTA_ACTIVE views= 8 mean_abs_feat_delta= 0.365255\n"}
,{"stream_name":"stdout","time":954.582414669,"data":"SECONDARY_EDGE_TTA_ACTIVE views= 8 weight= 0.75 mean_abs_feat_delta= 0.227887\n"}
,{"stream_name":"stdout","time":954.633543028,"data":"EDGE_TTA_ACTIVE views= 8 mean_abs_feat_delta= 0.332038\n"}
,{"stream_name":"stdout","time":954.784531757,"data":"SECONDARY_EDGE_TTA_ACTIVE views= 8 weight= 0.75 mean_abs_feat_delta= 0.227887\n"}
,{"stream_name":"stdout","time":954.784559284,"data":"EDGE_TTA_ACTIVE views= 8 mean_abs_feat_delta= 0.332038\n"}
,{"stream_name":"stdout","time":955.651749749,"data":"SECONDARY_EDGE_TTA_ACTIVE views= 8 weight= 0.75 mean_abs_feat_delta= 0.223255\n"}
,{"stream_name":"stdout","time":955.731376644,"data":"EDGE_TTA_ACTIVE views= 8 mean_abs_feat_delta= 0.364292\n"}
,{"stream_name":"stdout","time":955.854052504,"data":"SECONDARY_EDGE_TTA_ACTIVE views= 8 weight= 0.75 mean_abs_feat_delta= 0.223255\n"}
,{"stream_name":"stdout","time":955.854105089,"data":"EDGE_TTA_ACTIVE views= 8 mean_abs_feat_delta= 0.364292\n"}
,{"stream_name":"stdout","time":956.759054135,"data":"SECONDARY_EDGE_TTA_ACTIVE views= 8 weight= 0.75 mean_abs_feat_delta= 0.229597\n"}
,{"stream_name":"stdout","time":956.96141718,"data":"SECONDARY_EDGE_TTA_ACTIVE views= 8 weight= 0.75 mean_abs_feat_delta= 0.229597\n"}
,{"stream_name":"stdout","time":957.128334031,"data":"EDGE_TTA_ACTIVE views= 8 mean_abs_feat_delta= 0.32495\n"}
,{"stream_name":"stdout","time":957.330464052,"data":"EDGE_TTA_ACTIVE views= 8 mean_abs_feat_delta= 0.32495\n"}
,{"stream_name":"stdout","time":957.915478913,"data":"EDGE_TTA_ACTIVE views= 8 mean_abs_feat_delta= 0.369457\n"}
,{"stream_name":"stdout","time":958.117911792,"data":"EDGE_TTA_ACTIVE views= 8 mean_abs_feat_delta= 0.369457\n"}
,{"stream_name":"stdout","time":958.140766592,"data":"SECONDARY_EDGE_TTA_ACTIVE views= 8 weight= 0.75 mean_abs_feat_delta= 0.223885\n"}
,{"stream_name":"stdout","time":958.342810807,"data":"SECONDARY_EDGE_TTA_ACTIVE views= 8 weight= 0.75 mean_abs_feat_delta= 0.223885\n"}
,{"stream_name":"stdout","time":958.938756245,"data":"SECONDARY_EDGE_TTA_ACTIVE views= 8 weight= 0.75 mean_abs_feat_delta= 0.229355\n"}
,{"stream_name":"stdout","time":959.141056498,"data":"SECONDARY_EDGE_TTA_ACTIVE views= 8 weight= 0.75 mean_abs_feat_delta= 0.229355\n"}
,{"stream_name":"stdout","time":959.605818678,"data":"EDGE_TTA_ACTIVE views= 8 mean_abs_feat_delta= 0.331313\n"}
,{"stream_name":"stdout","time":959.808354219,"data":"EDGE_TTA_ACTIVE views= 8 mean_abs_feat_delta= 0.331313\n"}
,{"stream_name":"stdout","time":960.038001467,"data":"EDGE_TTA_ACTIVE views= 8 mean_abs_feat_delta= 0.366989\n"}
,{"stream_name":"stdout","time":960.240248239,"data":"EDGE_TTA_ACTIVE views= 8 mean_abs_feat_delta= 0.366989\n"}
,{"stream_name":"stdout","time":960.613932397,"data":"SECONDARY_EDGE_TTA_ACTIVE views= 8 weight= 0.75 mean_abs_feat_delta= 0.227705\n"}
,{"stream_name":"stdout","time":960.81604384,"data":"SECONDARY_EDGE_TTA_ACTIVE views= 8 weight= 0.75 mean_abs_feat_delta= 0.227705\n"}
,{"stream_name":"stdout","time":961.053087412,"data":"SECONDARY_EDGE_TTA_ACTIVE views= 8 weight= 0.75 mean_abs_feat_delta= 0.228164\n"}
,{"stream_name":"stdout","time":961.255434277,"data":"SECONDARY_EDGE_TTA_ACTIVE views= 8 weight= 0.75 mean_abs_feat_delta= 0.228164\n"}
,{"stream_name":"stdout","time":962.167079035,"data":"EDGE_TTA_ACTIVE views= 8 mean_abs_feat_delta= 0.364738\n"}
,{"stream_name":"stdout","time":962.186974117,"data":"EDGE_TTA_ACTIVE views= 8 mean_abs_feat_delta= 0.331903\n"}
,{"stream_name":"stdout","time":962.369340042,"data":"EDGE_TTA_ACTIVE views= 8 mean_abs_feat_delta= 0.364738\n"}
,{"stream_name":"stdout","time":962.369359668,"data":"EDGE_TTA_ACTIVE views= 8 mean_abs_feat_delta= 0.331903\n"}
,{"stream_name":"stdout","time":963.180140292,"data":"SECONDARY_EDGE_TTA_ACTIVE views= 8 weight= 0.75 mean_abs_feat_delta= 0.230204\n"}
,{"stream_name":"stdout","time":963.185513136,"data":"SECONDARY_EDGE_TTA_ACTIVE views= 8 weight= 0.75 mean_abs_feat_delta= 0.228343\n"}
,{"stream_name":"stdout","time":963.382527732,"data":"SECONDARY_EDGE_TTA_ACTIVE views= 8 weight= 0.75 mean_abs_feat_delta= 0.230204\n"}
,{"stream_name":"stdout","time":963.382556862,"data":"SECONDARY_EDGE_TTA_ACTIVE views= 8 weight= 0.75 mean_abs_feat_delta= 0.228343\n"}
,{"stream_name":"stdout","time":964.273419411,"data":"EDGE_TTA_ACTIVE views= 8 mean_abs_feat_delta= 0.368159\n"}
,{"stream_name":"stdout","time":964.475577381,"data":"EDGE_TTA_ACTIVE views= 8 mean_abs_feat_delta= 0.368159\n"}
,{"stream_name":"stdout","time":964.62799244,"data":"EDGE_TTA_ACTIVE views= 8 mean_abs_feat_delta= 0.329514\n"}
,{"stream_name":"stdout","time":964.829940976,"data":"EDGE_TTA_ACTIVE views= 8 mean_abs_feat_delta= 0.329514\n"}
,{"stream_name":"stdout","time":965.280801599,"data":"SECONDARY_EDGE_TTA_ACTIVE views= 8 weight= 0.75 mean_abs_feat_delta= 0.229792\n"}
,{"stream_name":"stdout","time":965.482920853,"data":"SECONDARY_EDGE_TTA_ACTIVE views= 8 weight= 0.75 mean_abs_feat_delta= 0.229792\n"}
,{"stream_name":"stdout","time":965.622840021,"data":"SECONDARY_EDGE_TTA_ACTIVE views= 8 weight= 0.75 mean_abs_feat_delta= 0.228404\n"}
,{"stream_name":"stdout","time":965.825093633,"data":"SECONDARY_EDGE_TTA_ACTIVE views= 8 weight= 0.75 mean_abs_feat_delta= 0.228404\n"}
,{"stream_name":"stdout","time":966.425763575,"data":"EDGE_TTA_ACTIVE views= 8 mean_abs_feat_delta= 0.370711\n"}
,{"stream_name":"stdout","time":966.628331688,"data":"EDGE_TTA_ACTIVE views= 8 mean_abs_feat_delta= 0.370711\n"}
,{"stream_name":"stdout","time":967.057366737,"data":"EDGE_TTA_ACTIVE views= 8 mean_abs_feat_delta= 0.331459\n"}
,{"stream_name":"stdout","time":967.259478263,"data":"EDGE_TTA_ACTIVE views= 8 mean_abs_feat_delta= 0.331459\n"}
,{"stream_name":"stdout","time":967.430675145,"data":"SECONDARY_EDGE_TTA_ACTIVE views= 8 weight= 0.75 mean_abs_feat_delta= 0.231598\n"}
,{"stream_name":"stdout","time":967.632905339,"data":"SECONDARY_EDGE_TTA_ACTIVE views= 8 weight= 0.75 mean_abs_feat_delta= 0.231598\n"}
,{"stream_name":"stdout","time":968.046543646,"data":"SECONDARY_EDGE_TTA_ACTIVE views= 8 weight= 0.75 mean_abs_feat_delta= 0.230069\n"}
,{"stream_name":"stdout","time":968.248773851,"data":"SECONDARY_EDGE_TTA_ACTIVE views= 8 weight= 0.75 mean_abs_feat_delta= 0.230069\n"}
,{"stream_name":"stdout","time":968.550028976,"data":"EDGE_TTA_ACTIVE views= 8 mean_abs_feat_delta= 0.360618\n"}
,{"stream_name":"stdout","time":968.752448424,"data":"EDGE_TTA_ACTIVE views= 8 mean_abs_feat_delta= 0.360618\n"}
,{"stream_name":"stdout","time":969.490155729,"data":"EDGE_TTA_ACTIVE views= 8 mean_abs_feat_delta= 0.329663\n"}
,{"stream_name":"stdout","time":969.553707583,"data":"SECONDARY_EDGE_TTA_ACTIVE views= 8 weight= 0.75 mean_abs_feat_delta= 0.237748\n"}
,{"stream_name":"stdout","time":969.692547629,"data":"EDGE_TTA_ACTIVE views= 8 mean_abs_feat_delta= 0.329663\n"}
,{"stream_name":"stdout","time":969.692576578,"data":"SECONDARY_EDGE_TTA_ACTIVE views= 8 weight= 0.75 mean_abs_feat_delta= 0.237748\n"}
,{"stream_name":"stdout","time":970.470863068,"data":"SECONDARY_EDGE_TTA_ACTIVE views= 8 weight= 0.75 mean_abs_feat_delta= 0.22821\n"}
,{"stream_name":"stdout","time":970.632305436,"data":"EDGE_TTA_ACTIVE views= 8 mean_abs_feat_delta= 0.372812\n"}
,{"stream_name":"stdout","time":970.71215423,"data":"SECONDARY_EDGE_TTA_ACTIVE views= 8 weight= 0.75 mean_abs_feat_delta= 0.22821\n"}
,{"stream_name":"stdout","time":970.712173559,"data":"EDGE_TTA_ACTIVE views= 8 mean_abs_feat_delta= 0.372812\n"}
,{"stream_name":"stdout","time":971.627511519,"data":"SECONDARY_EDGE_TTA_ACTIVE views= 8 weight= 0.75 mean_abs_feat_delta= 0.229174\n"}
,{"stream_name":"stdout","time":971.829595299,"data":"SECONDARY_EDGE_TTA_ACTIVE views= 8 weight= 0.75 mean_abs_feat_delta= 0.229174\n"}
,{"stream_name":"stdout","time":971.926030156,"data":"EDGE_TTA_ACTIVE views= 8 mean_abs_feat_delta= 0.32516\n"}
,{"stream_name":"stdout","time":972.128759264,"data":"EDGE_TTA_ACTIVE views= 8 mean_abs_feat_delta= 0.32516\n"}
,{"stream_name":"stdout","time":972.723214383,"data":"EDGE_TTA_ACTIVE views= 8 mean_abs_feat_delta= 0.374406\n"}
,{"stream_name":"stdout","time":972.91499082,"data":"SECONDARY_EDGE_TTA_ACTIVE views= 8 weight= 0.75 mean_abs_feat_delta= 0.221896\n"}
,{"stream_name":"stdout","time":972.925615597,"data":"EDGE_TTA_ACTIVE views= 8 mean_abs_feat_delta= 0.374406\n"}
,{"stream_name":"stdout","time":972.925634287,"data":"SECONDARY_EDGE_TTA_ACTIVE views= 8 weight= 0.75 mean_abs_feat_delta= 0.221896\n"}
,{"stream_name":"stdout","time":973.716848604,"data":"SECONDARY_EDGE_TTA_ACTIVE views= 8 weight= 0.75 mean_abs_feat_delta= 0.23239\n"}
,{"stream_name":"stdout","time":973.919145636,"data":"SECONDARY_EDGE_TTA_ACTIVE views= 8 weight= 0.75 mean_abs_feat_delta= 0.23239\n"}
,{"stream_name":"stdout","time":974.353960616,"data":"EDGE_TTA_ACTIVE views= 8 mean_abs_feat_delta= 0.331685\n"}
,{"stream_name":"stdout","time":974.556362171,"data":"EDGE_TTA_ACTIVE views= 8 mean_abs_feat_delta= 0.331685\n"}
,{"stream_name":"stdout","time":974.812928905,"data":"EDGE_TTA_ACTIVE views= 8 mean_abs_feat_delta= 0.3777\n"}
,{"stream_name":"stdout","time":975.015354772,"data":"EDGE_TTA_ACTIVE views= 8 mean_abs_feat_delta= 0.3777\n"}
,{"stream_name":"stdout","time":975.34081293,"data":"SECONDARY_EDGE_TTA_ACTIVE views= 8 weight= 0.75 mean_abs_feat_delta= 0.228914\n"}
,{"stream_name":"stdout","time":975.543194287,"data":"SECONDARY_EDGE_TTA_ACTIVE views= 8 weight= 0.75 mean_abs_feat_delta= 0.228914\n"}
,{"stream_name":"stdout","time":975.804351473,"data":"SECONDARY_EDGE_TTA_ACTIVE views= 8 weight= 0.75 mean_abs_feat_delta= 0.233543\n"}
,{"stream_name":"stdout","time":976.006539357,"data":"SECONDARY_EDGE_TTA_ACTIVE views= 8 weight= 0.75 mean_abs_feat_delta= 0.233543\n"}
,{"stream_name":"stdout","time":976.781539476,"data":"EDGE_TTA_ACTIVE views= 8 mean_abs_feat_delta= 0.324314\n"}
,{"stream_name":"stdout","time":976.93150673,"data":"EDGE_TTA_ACTIVE views= 8 mean_abs_feat_delta= 0.376339\n"}
,{"stream_name":"stdout","time":976.983702542,"data":"EDGE_TTA_ACTIVE views= 8 mean_abs_feat_delta= 0.324314\n"}
,{"stream_name":"stdout","time":976.983720377,"data":"EDGE_TTA_ACTIVE views= 8 mean_abs_feat_delta= 0.376339\n"}
,{"stream_name":"stdout","time":977.76128964,"data":"SECONDARY_EDGE_TTA_ACTIVE views= 8 weight= 0.75 mean_abs_feat_delta= 0.227032\n"}
,{"stream_name":"stdout","time":977.92367636,"data":"SECONDARY_EDGE_TTA_ACTIVE views= 8 weight= 0.75 mean_abs_feat_delta= 0.230711\n"}
,{"stream_name":"stdout","time":977.96351413,"data":"SECONDARY_EDGE_TTA_ACTIVE views= 8 weight= 0.75 mean_abs_feat_delta= 0.227032\n"}
,{"stream_name":"stdout","time":977.963534009,"data":"SECONDARY_EDGE_TTA_ACTIVE views= 8 weight= 0.75 mean_abs_feat_delta= 0.230711\n"}
,{"stream_name":"stdout","time":978.994009506,"data":"EDGE_TTA_ACTIVE views= 8 mean_abs_feat_delta= 0.369146\n"}
,{"stream_name":"stdout","time":979.196296665,"data":"EDGE_TTA_ACTIVE views= 8 mean_abs_feat_delta= 0.369146\n"}
,{"stream_name":"stdout","time":979.231173422,"data":"EDGE_TTA_ACTIVE views= 8 mean_abs_feat_delta= 0.331339\n"}
,{"stream_name":"stdout","time":979.433110379,"data":"EDGE_TTA_ACTIVE views= 8 mean_abs_feat_delta= 0.331339\n"}
,{"stream_name":"stdout","time":979.98561446,"data":"SECONDARY_EDGE_TTA_ACTIVE views= 8 weight= 0.75 mean_abs_feat_delta= 0.230076\n"}
,{"stream_name":"stdout","time":980.187839509,"data":"SECONDARY_EDGE_TTA_ACTIVE views= 8 weight= 0.75 mean_abs_feat_delta= 0.230076\n"}
,{"stream_name":"stdout","time":980.21783457,"data":"SECONDARY_EDGE_TTA_ACTIVE views= 8 weight= 0.75 mean_abs_feat_delta= 0.231263\n"}
,{"stream_name":"stdout","time":980.419982386,"data":"SECONDARY_EDGE_TTA_ACTIVE views= 8 weight= 0.75 mean_abs_feat_delta= 0.231263\n"}
,{"stream_name":"stdout","time":981.054161059,"data":"EDGE_TTA_ACTIVE views= 8 mean_abs_feat_delta= 0.367025\n"}
,{"stream_name":"stdout","time":981.256558425,"data":"EDGE_TTA_ACTIVE views= 8 mean_abs_feat_delta= 0.367025\n"}
,{"stream_name":"stdout","time":981.658130133,"data":"EDGE_TTA_ACTIVE views= 8 mean_abs_feat_delta= 0.333171\n"}
,{"stream_name":"stdout","time":981.860448144,"data":"EDGE_TTA_ACTIVE views= 8 mean_abs_feat_delta= 0.333171\n"}
,{"stream_name":"stdout","time":982.048064491,"data":"SECONDARY_EDGE_TTA_ACTIVE views= 8 weight= 0.75 mean_abs_feat_delta= 0.23\n"}
,{"stream_name":"stdout","time":982.25027119,"data":"SECONDARY_EDGE_TTA_ACTIVE views= 8 weight= 0.75 mean_abs_feat_delta= 0.23\n"}
,{"stream_name":"stdout","time":982.636383868,"data":"SECONDARY_EDGE_TTA_ACTIVE views= 8 weight= 0.75 mean_abs_feat_delta= 0.229933\n"}
,{"stream_name":"stdout","time":982.83847382,"data":"SECONDARY_EDGE_TTA_ACTIVE views= 8 weight= 0.75 mean_abs_feat_delta= 0.229933\n"}
,{"stream_name":"stdout","time":983.14758382,"data":"EDGE_TTA_ACTIVE views= 8 mean_abs_feat_delta= 0.371094\n"}
,{"stream_name":"stdout","time":983.349867472,"data":"EDGE_TTA_ACTIVE views= 8 mean_abs_feat_delta= 0.371094\n"}
,{"stream_name":"stdout","time":984.080500448,"data":"EDGE_TTA_ACTIVE views= 8 mean_abs_feat_delta= 0.328017\n"}
,{"stream_name":"stdout","time":984.140768977,"data":"SECONDARY_EDGE_TTA_ACTIVE views= 8 weight= 0.75 mean_abs_feat_delta= 0.231427\n"}
,{"stream_name":"stdout","time":984.282768251,"data":"EDGE_TTA_ACTIVE views= 8 mean_abs_feat_delta= 0.328017\n"}
,{"stream_name":"stdout","time":984.282795159,"data":"SECONDARY_EDGE_TTA_ACTIVE views= 8 weight= 0.75 mean_abs_feat_delta= 0.231427\n"}
,{"stream_name":"stdout","time":985.061391807,"data":"SECONDARY_EDGE_TTA_ACTIVE views= 8 weight= 0.75 mean_abs_feat_delta= 0.23052\n"}
,{"stream_name":"stdout","time":985.206570983,"data":"EDGE_TTA_ACTIVE views= 8 mean_abs_feat_delta= 0.375255\n"}
,{"stream_name":"stdout","time":985.263953248,"data":"SECONDARY_EDGE_TTA_ACTIVE views= 8 weight= 0.75 mean_abs_feat_delta= 0.23052\n"}
,{"stream_name":"stdout","time":985.26400832,"data":"EDGE_TTA_ACTIVE views= 8 mean_abs_feat_delta= 0.375255\n"}
,{"stream_name":"stdout","time":986.197988867,"data":"SECONDARY_EDGE_TTA_ACTIVE views= 8 weight= 0.75 mean_abs_feat_delta= 0.229981\n"}
,{"stream_name":"stdout","time":986.400093366,"data":"SECONDARY_EDGE_TTA_ACTIVE views= 8 weight= 0.75 mean_abs_feat_delta= 0.229981\n"}
,{"stream_name":"stdout","time":986.497507447,"data":"EDGE_TTA_ACTIVE views= 8 mean_abs_feat_delta= 0.330226\n"}
,{"stream_name":"stdout","time":986.699654491,"data":"EDGE_TTA_ACTIVE views= 8 mean_abs_feat_delta= 0.330226\n"}
,{"stream_name":"stdout","time":987.29718353,"data":"EDGE_TTA_ACTIVE views= 8 mean_abs_feat_delta= 0.373994\n"}
,{"stream_name":"stdout","time":987.475322712,"data":"SECONDARY_EDGE_TTA_ACTIVE views= 8 weight= 0.75 mean_abs_feat_delta= 0.233626\n"}
,{"stream_name":"stdout","time":987.499940892,"data":"EDGE_TTA_ACTIVE views= 8 mean_abs_feat_delta= 0.373994\n"}
,{"stream_name":"stdout","time":987.499996452,"data":"SECONDARY_EDGE_TTA_ACTIVE views= 8 weight= 0.75 mean_abs_feat_delta= 0.233626\n"}
,{"stream_name":"stdout","time":988.291604439,"data":"SECONDARY_EDGE_TTA_ACTIVE views= 8 weight= 0.75 mean_abs_feat_delta= 0.229437\n"}
,{"stream_name":"stdout","time":988.494086333,"data":"SECONDARY_EDGE_TTA_ACTIVE views= 8 weight= 0.75 mean_abs_feat_delta= 0.229437\n"}
,{"stream_name":"stdout","time":988.980564214,"data":"EDGE_TTA_ACTIVE views= 8 mean_abs_feat_delta= 0.329202\n"}
,{"stream_name":"stdout","time":989.182699927,"data":"EDGE_TTA_ACTIVE views= 8 mean_abs_feat_delta= 0.329202\n"}
,{"stream_name":"stdout","time":989.379005142,"data":"EDGE_TTA_ACTIVE views= 8 mean_abs_feat_delta= 0.366011\n"}
,{"stream_name":"stdout","time":989.581277814,"data":"EDGE_TTA_ACTIVE views= 8 mean_abs_feat_delta= 0.366011\n"}
,{"stream_name":"stdout","time":989.965746092,"data":"SECONDARY_EDGE_TTA_ACTIVE views= 8 weight= 0.75 mean_abs_feat_delta= 0.227328\n"}
,{"stream_name":"stdout","time":990.167909905,"data":"SECONDARY_EDGE_TTA_ACTIVE views= 8 weight= 0.75 mean_abs_feat_delta= 0.227328\n"}
,{"stream_name":"stdout","time":990.377356828,"data":"SECONDARY_EDGE_TTA_ACTIVE views= 8 weight= 0.75 mean_abs_feat_delta= 0.229485\n"}
,{"stream_name":"stdout","time":990.57983471,"data":"SECONDARY_EDGE_TTA_ACTIVE views= 8 weight= 0.75 mean_abs_feat_delta= 0.229485\n"}
,{"stream_name":"stdout","time":991.419401558,"data":"EDGE_TTA_ACTIVE views= 8 mean_abs_feat_delta= 0.331318\n"}
,{"stream_name":"stdout","time":991.458577225,"data":"EDGE_TTA_ACTIVE views= 8 mean_abs_feat_delta= 0.364698\n"}
,{"stream_name":"stdout","time":991.621715035,"data":"EDGE_TTA_ACTIVE views= 8 mean_abs_feat_delta= 0.331318\n"}
,{"stream_name":"stdout","time":991.621738243,"data":"EDGE_TTA_ACTIVE views= 8 mean_abs_feat_delta= 0.364698\n"}
,{"stream_name":"stdout","time":992.411661199,"data":"SECONDARY_EDGE_TTA_ACTIVE views= 8 weight= 0.75 mean_abs_feat_delta= 0.228289\n"}
,{"stream_name":"stdout","time":992.464208711,"data":"SECONDARY_EDGE_TTA_ACTIVE views= 8 weight= 0.75 mean_abs_feat_delta= 0.234306\n"}
,{"stream_name":"stdout","time":992.614052873,"data":"SECONDARY_EDGE_TTA_ACTIVE views= 8 weight= 0.75 mean_abs_feat_delta= 0.228289\n"}
,{"stream_name":"stdout","time":992.614096761,"data":"SECONDARY_EDGE_TTA_ACTIVE views= 8 weight= 0.75 mean_abs_feat_delta= 0.234306\n"}
,{"stream_name":"stdout","time":993.541119605,"data":"EDGE_TTA_ACTIVE views= 8 mean_abs_feat_delta= 0.366732\n"}
,{"stream_name":"stdout","time":993.743688808,"data":"EDGE_TTA_ACTIVE views= 8 mean_abs_feat_delta= 0.366732\n"}
,{"stream_name":"stdout","time":993.835129561,"data":"EDGE_TTA_ACTIVE views= 8 mean_abs_feat_delta= 0.334653\n"}
,{"stream_name":"stdout","time":994.037357075,"data":"EDGE_TTA_ACTIVE views= 8 mean_abs_feat_delta= 0.334653\n"}
,{"stream_name":"stdout","time":994.543518596,"data":"SECONDARY_EDGE_TTA_ACTIVE views= 8 weight= 0.75 mean_abs_feat_delta= 0.235733\n"}
,{"stream_name":"stdout","time":994.745921792,"data":"SECONDARY_EDGE_TTA_ACTIVE views= 8 weight= 0.75 mean_abs_feat_delta= 0.235733\n"}
,{"stream_name":"stdout","time":994.824577092,"data":"SECONDARY_EDGE_TTA_ACTIVE views= 8 weight= 0.75 mean_abs_feat_delta= 0.234618\n"}
,{"stream_name":"stdout","time":995.026741656,"data":"SECONDARY_EDGE_TTA_ACTIVE views= 8 weight= 0.75 mean_abs_feat_delta= 0.234618\n"}
,{"stream_name":"stdout","time":995.692769234,"data":"EDGE_TTA_ACTIVE views= 8 mean_abs_feat_delta= 0.370041\n"}
,{"stream_name":"stdout","time":995.895045498,"data":"EDGE_TTA_ACTIVE views= 8 mean_abs_feat_delta= 0.370041\n"}
,{"stream_name":"stdout","time":996.259201522,"data":"EDGE_TTA_ACTIVE views= 8 mean_abs_feat_delta= 0.330458\n"}
,{"stream_name":"stdout","time":996.461342053,"data":"EDGE_TTA_ACTIVE views= 8 mean_abs_feat_delta= 0.330458\n"}
,{"stream_name":"stdout","time":996.699694137,"data":"SECONDARY_EDGE_TTA_ACTIVE views= 8 weight= 0.75 mean_abs_feat_delta= 0.231775\n"}
,{"stream_name":"stdout","time":996.901945963,"data":"SECONDARY_EDGE_TTA_ACTIVE views= 8 weight= 0.75 mean_abs_feat_delta= 0.231775\n"}
,{"stream_name":"stdout","time":997.256533725,"data":"SECONDARY_EDGE_TTA_ACTIVE views= 8 weight= 0.75 mean_abs_feat_delta= 0.22889\n"}
,{"stream_name":"stdout","time":997.459000983,"data":"SECONDARY_EDGE_TTA_ACTIVE views= 8 weight= 0.75 mean_abs_feat_delta= 0.22889\n"}
,{"stream_name":"stdout","time":997.787181695,"data":"EDGE_TTA_ACTIVE views= 8 mean_abs_feat_delta= 0.367914\n"}
,{"stream_name":"stdout","time":997.989387079,"data":"EDGE_TTA_ACTIVE views= 8 mean_abs_feat_delta= 0.367914\n"}
,{"stream_name":"stdout","time":998.700469027,"data":"EDGE_TTA_ACTIVE views= 8 mean_abs_feat_delta= 0.332999\n"}
,{"stream_name":"stdout","time":998.796714722,"data":"SECONDARY_EDGE_TTA_ACTIVE views= 8 weight= 0.75 mean_abs_feat_delta= 0.227854\n"}
,{"stream_name":"stdout","time":998.902732435,"data":"EDGE_TTA_ACTIVE views= 8 mean_abs_feat_delta= 0.332999\n"}
,{"stream_name":"stdout","time":998.902759495,"data":"SECONDARY_EDGE_TTA_ACTIVE views= 8 weight= 0.75 mean_abs_feat_delta= 0.227854\n"}
,{"stream_name":"stdout","time":999.698943971,"data":"SECONDARY_EDGE_TTA_ACTIVE views= 8 weight= 0.75 mean_abs_feat_delta= 0.230568\n"}
,{"stream_name":"stdout","time":999.897378836,"data":"EDGE_TTA_ACTIVE views= 8 mean_abs_feat_delta= 0.352519\n"}
,{"stream_name":"stdout","time":999.901281051,"data":"SECONDARY_EDGE_TTA_ACTIVE views= 8 weight= 0.75 mean_abs_feat_delta= 0.230568\n"}
,{"stream_name":"stdout","time":999.901301953,"data":"EDGE_TTA_ACTIVE views= 8 mean_abs_feat_delta= 0.352519\n"}
,{"stream_name":"stdout","time":1000.913291534,"data":"SECONDARY_EDGE_TTA_ACTIVE views= 8 weight= 0.75 mean_abs_feat_delta= 0.232249\n"}
,{"stream_name":"stdout","time":1000.917395976,"data":"BIOHUB_RETENTION_GUARD {\"blended_candidates\": 66, \"dataset\": \"6bba_05b6850b\", \"frame\": 43, \"minimum_retention\": 0.9, \"primary_candidates\": 74, \"retention\": 0.8918918918918919, \"use_primary\": true}\n"}
,{"stream_name":"stdout","time":1001.155700705,"data":"EDGE_TTA_ACTIVE views= 8 mean_abs_feat_delta= 0.334113\n"}
,{"stream_name":"stdout","time":1001.163038674,"data":"SECONDARY_EDGE_TTA_ACTIVE views= 8 weight= 0.75 mean_abs_feat_delta= 0.232249\n"}
,{"stream_name":"stdout","time":1001.163058255,"data":"BIOHUB_RETENTION_GUARD {\"blended_candidates\": 66, \"dataset\": \"6bba_05b6850b\", \"frame\": 43, \"minimum_retention\": 0.9, \"primary_candidates\": 74, \"retention\": 0.8918918918918919, \"use_primary\": true}\n"}
,{"stream_name":"stdout","time":1001.35820172,"data":"EDGE_TTA_ACTIVE views= 8 mean_abs_feat_delta= 0.334113\n"}
,{"stream_name":"stdout","time":1002.029289071,"data":"EDGE_TTA_ACTIVE views= 8 mean_abs_feat_delta= 0.36891\n"}
,{"stream_name":"stdout","time":1002.165884731,"data":"SECONDARY_EDGE_TTA_ACTIVE views= 8 weight= 0.75 mean_abs_feat_delta= 0.229718\n"}
,{"stream_name":"stdout","time":1002.231551848,"data":"EDGE_TTA_ACTIVE views= 8 mean_abs_feat_delta= 0.36891\n"}
,{"stream_name":"stdout","time":1002.231574564,"data":"SECONDARY_EDGE_TTA_ACTIVE views= 8 weight= 0.75 mean_abs_feat_delta= 0.229718\n"}
,{"stream_name":"stdout","time":1003.045567589,"data":"SECONDARY_EDGE_TTA_ACTIVE views= 8 weight= 0.75 mean_abs_feat_delta= 0.226463\n"}
,{"stream_name":"stdout","time":1003.247722382,"data":"SECONDARY_EDGE_TTA_ACTIVE views= 8 weight= 0.75 mean_abs_feat_delta= 0.226463\n"}
,{"stream_name":"stdout","time":1003.6272918,"data":"EDGE_TTA_ACTIVE views= 8 mean_abs_feat_delta= 0.325634\n"}
,{"stream_name":"stdout","time":1003.829499375,"data":"EDGE_TTA_ACTIVE views= 8 mean_abs_feat_delta= 0.325634\n"}
,{"stream_name":"stdout","time":1004.181478234,"data":"EDGE_TTA_ACTIVE views= 8 mean_abs_feat_delta= 0.372785\n"}
,{"stream_name":"stdout","time":1004.383634906,"data":"EDGE_TTA_ACTIVE views= 8 mean_abs_feat_delta= 0.372785\n"}
,{"stream_name":"stdout","time":1004.63936105,"data":"SECONDARY_EDGE_TTA_ACTIVE views= 8 weight= 0.75 mean_abs_feat_delta= 0.227067\n"}
,{"stream_name":"stdout","time":1004.841558039,"data":"SECONDARY_EDGE_TTA_ACTIVE views= 8 weight= 0.75 mean_abs_feat_delta= 0.227067\n"}
,{"stream_name":"stdout","time":1005.206058648,"data":"SECONDARY_EDGE_TTA_ACTIVE views= 8 weight= 0.75 mean_abs_feat_delta= 0.232529\n"}
,{"stream_name":"stdout","time":1005.408473561,"data":"SECONDARY_EDGE_TTA_ACTIVE views= 8 weight= 0.75 mean_abs_feat_delta= 0.232529\n"}
,{"stream_name":"stdout","time":1006.108326954,"data":"EDGE_TTA_ACTIVE views= 8 mean_abs_feat_delta= 0.326542\n"}
,{"stream_name":"stdout","time":1006.310553489,"data":"EDGE_TTA_ACTIVE views= 8 mean_abs_feat_delta= 0.326542\n"}
,{"stream_name":"stdout","time":1006.331936852,"data":"EDGE_TTA_ACTIVE views= 8 mean_abs_feat_delta= 0.372432\n"}
,{"stream_name":"stdout","time":1006.537130118,"data":"EDGE_TTA_ACTIVE views= 8 mean_abs_feat_delta= 0.372432\n"}
,{"stream_name":"stdout","time":1007.123051158,"data":"SECONDARY_EDGE_TTA_ACTIVE views= 8 weight= 0.75 mean_abs_feat_delta= 0.232848\n"}
,{"stream_name":"stdout","time":1007.325425554,"data":"SECONDARY_EDGE_TTA_ACTIVE views= 8 weight= 0.75 mean_abs_feat_delta= 0.232848\n"}
,{"stream_name":"stdout","time":1007.363554163,"data":"SECONDARY_EDGE_TTA_ACTIVE views= 8 weight= 0.75 mean_abs_feat_delta= 0.234792\n"}
,{"stream_name":"stdout","time":1007.565833739,"data":"SECONDARY_EDGE_TTA_ACTIVE views= 8 weight= 0.75 mean_abs_feat_delta= 0.234792\n"}
,{"stream_name":"stdout","time":1008.473215867,"data":"EDGE_TTA_ACTIVE views= 8 mean_abs_feat_delta= 0.371331\n"}
,{"stream_name":"stdout","time":1008.589065308,"data":"EDGE_TTA_ACTIVE views= 8 mean_abs_feat_delta= 0.330817\n"}
,{"stream_name":"stdout","time":1008.675340087,"data":"EDGE_TTA_ACTIVE views= 8 mean_abs_feat_delta= 0.371331\n"}
,{"stream_name":"stdout","time":1008.675358783,"data":"EDGE_TTA_ACTIVE views= 8 mean_abs_feat_delta= 0.330817\n"}
,{"stream_name":"stdout","time":1009.509259701,"data":"SECONDARY_EDGE_TTA_ACTIVE views= 8 weight= 0.75 mean_abs_feat_delta= 0.233309\n"}
,{"stream_name":"stdout","time":1009.604522396,"data":"SECONDARY_EDGE_TTA_ACTIVE views= 8 weight= 0.75 mean_abs_feat_delta= 0.237853\n"}
,{"stream_name":"stdout","time":1009.7120498,"data":"SECONDARY_EDGE_TTA_ACTIVE views= 8 weight= 0.75 mean_abs_feat_delta= 0.233309\n"}
,{"stream_name":"stdout","time":1009.712077072,"data":"SECONDARY_EDGE_TTA_ACTIVE views= 8 weight= 0.75 mean_abs_feat_delta= 0.237853\n"}
,{"stream_name":"stdout","time":1010.661584218,"data":"EDGE_TTA_ACTIVE views= 8 mean_abs_feat_delta= 0.369641\n"}
,{"stream_name":"stdout","time":1010.863915344,"data":"EDGE_TTA_ACTIVE views= 8 mean_abs_feat_delta= 0.369641\n"}
,{"stream_name":"stdout","time":1011.089333313,"data":"EDGE_TTA_ACTIVE views= 8 mean_abs_feat_delta= 0.333516\n"}
,{"stream_name":"stdout","time":1011.291738311,"data":"EDGE_TTA_ACTIVE views= 8 mean_abs_feat_delta= 0.333516\n"}
,{"stream_name":"stdout","time":1011.698372598,"data":"SECONDARY_EDGE_TTA_ACTIVE views= 8 weight= 0.75 mean_abs_feat_delta= 0.231091\n"}
,{"stream_name":"stdout","time":1011.9006612,"data":"SECONDARY_EDGE_TTA_ACTIVE views= 8 weight= 0.75 mean_abs_feat_delta= 0.231091\n"}
,{"stream_name":"stdout","time":1012.112584641,"data":"SECONDARY_EDGE_TTA_ACTIVE views= 8 weight= 0.75 mean_abs_feat_delta= 0.239154\n"}
,{"stream_name":"stdout","time":1012.314720112,"data":"SECONDARY_EDGE_TTA_ACTIVE views= 8 weight= 0.75 mean_abs_feat_delta= 0.239154\n"}
,{"stream_name":"stdout","time":1012.850912979,"data":"EDGE_TTA_ACTIVE views= 8 mean_abs_feat_delta= 0.371647\n"}
,{"stream_name":"stdout","time":1013.053052973,"data":"EDGE_TTA_ACTIVE views= 8 mean_abs_feat_delta= 0.371647\n"}
,{"stream_name":"stdout","time":1013.565063609,"data":"EDGE_TTA_ACTIVE views= 8 mean_abs_feat_delta= 0.338251\n"}
,{"stream_name":"stdout","time":1013.767138862,"data":"EDGE_TTA_ACTIVE views= 8 mean_abs_feat_delta= 0.338251\n"}
,{"stream_name":"stdout","time":1013.894229816,"data":"SECONDARY_EDGE_TTA_ACTIVE views= 8 weight= 0.75 mean_abs_feat_delta= 0.231415\n"}
,{"stream_name":"stdout","time":1014.096521116,"data":"SECONDARY_EDGE_TTA_ACTIVE views= 8 weight= 0.75 mean_abs_feat_delta= 0.231415\n"}
,{"stream_name":"stdout","time":1014.588216892,"data":"SECONDARY_EDGE_TTA_ACTIVE views= 8 weight= 0.75 mean_abs_feat_delta= 0.237397\n"}
,{"stream_name":"stdout","time":1014.790543822,"data":"SECONDARY_EDGE_TTA_ACTIVE views= 8 weight= 0.75 mean_abs_feat_delta= 0.237397\n"}
,{"stream_name":"stdout","time":1015.01270405,"data":"EDGE_TTA_ACTIVE views= 8 mean_abs_feat_delta= 0.368025\n"}
,{"stream_name":"stdout","time":1015.215292177,"data":"EDGE_TTA_ACTIVE views= 8 mean_abs_feat_delta= 0.368025\n"}
,{"stream_name":"stdout","time":1016.060475351,"data":"SECONDARY_EDGE_TTA_ACTIVE views= 8 weight= 0.75 mean_abs_feat_delta= 0.232042\n"}
,{"stream_name":"stdout","time":1016.066066289,"data":"EDGE_TTA_ACTIVE views= 8 mean_abs_feat_delta= 0.33547\n"}
,{"stream_name":"stdout","time":1016.262895693,"data":"SECONDARY_EDGE_TTA_ACTIVE views= 8 weight= 0.75 mean_abs_feat_delta= 0.232042\n"}
,{"stream_name":"stdout","time":1016.262924347,"data":"EDGE_TTA_ACTIVE views= 8 mean_abs_feat_delta= 0.33547\n"}
,{"stream_name":"stdout","time":1017.093659677,"data":"SECONDARY_EDGE_TTA_ACTIVE views= 8 weight= 0.75 mean_abs_feat_delta= 0.234414\n"}
,{"stream_name":"stdout","time":1017.203655285,"data":"EDGE_TTA_ACTIVE views= 8 mean_abs_feat_delta= 0.362922\n"}
,{"stream_name":"stdout","time":1017.296153913,"data":"SECONDARY_EDGE_TTA_ACTIVE views= 8 weight= 0.75 mean_abs_feat_delta= 0.234414\n"}
,{"stream_name":"stdout","time":1017.296178112,"data":"EDGE_TTA_ACTIVE views= 8 mean_abs_feat_delta= 0.362922\n"}
,{"stream_name":"stdout","time":1018.254844785,"data":"SECONDARY_EDGE_TTA_ACTIVE views= 8 weight= 0.75 mean_abs_feat_delta= 0.232766\n"}
,{"stream_name":"stdout","time":1018.45726948,"data":"SECONDARY_EDGE_TTA_ACTIVE views= 8 weight= 0.75 mean_abs_feat_delta= 0.232766\n"}
,{"stream_name":"stdout","time":1018.578223279,"data":"EDGE_TTA_ACTIVE views= 8 mean_abs_feat_delta= 0.33764\n"}
,{"stream_name":"stdout","time":1018.780499021,"data":"EDGE_TTA_ACTIVE views= 8 mean_abs_feat_delta= 0.33764\n"}
,{"stream_name":"stdout","time":1019.416824513,"data":"EDGE_TTA_ACTIVE views= 8 mean_abs_feat_delta= 0.352705\n"}
,{"stream_name":"stdout","time":1019.610471619,"data":"SECONDARY_EDGE_TTA_ACTIVE views= 8 weight= 0.75 mean_abs_feat_delta= 0.240575\n"}
,{"stream_name":"stdout","time":1019.619274127,"data":"EDGE_TTA_ACTIVE views= 8 mean_abs_feat_delta= 0.352705\n"}
,{"stream_name":"stdout","time":1019.619292834,"data":"SECONDARY_EDGE_TTA_ACTIVE views= 8 weight= 0.75 mean_abs_feat_delta= 0.240575\n"}
,{"stream_name":"stdout","time":1020.464142389,"data":"SECONDARY_EDGE_TTA_ACTIVE views= 8 weight= 0.75 mean_abs_feat_delta= 0.235979\n"}
,{"stream_name":"stdout","time":1020.66648193,"data":"SECONDARY_EDGE_TTA_ACTIVE views= 8 weight= 0.75 mean_abs_feat_delta= 0.235979\n"}
,{"stream_name":"stdout","time":1021.071161307,"data":"EDGE_TTA_ACTIVE views= 8 mean_abs_feat_delta= 0.33672\n"}
,{"stream_name":"stdout","time":1021.273504302,"data":"EDGE_TTA_ACTIVE views= 8 mean_abs_feat_delta= 0.33672\n"}
,{"stream_name":"stdout","time":1021.595068449,"data":"EDGE_TTA_ACTIVE views= 8 mean_abs_feat_delta= 0.336896\n"}
,{"stream_name":"stdout","time":1021.797330612,"data":"EDGE_TTA_ACTIVE views= 8 mean_abs_feat_delta= 0.336896\n"}
,{"stream_name":"stdout","time":1022.101932171,"data":"SECONDARY_EDGE_TTA_ACTIVE views= 8 weight= 0.75 mean_abs_feat_delta= 0.243445\n"}
,{"stream_name":"stdout","time":1022.303944777,"data":"SECONDARY_EDGE_TTA_ACTIVE views= 8 weight= 0.75 mean_abs_feat_delta= 0.243445\n"}
,{"stream_name":"stdout","time":1022.645662044,"data":"SECONDARY_EDGE_TTA_ACTIVE views= 8 weight= 0.75 mean_abs_feat_delta= 0.241376\n"}
,{"stream_name":"stdout","time":1022.848224795,"data":"SECONDARY_EDGE_TTA_ACTIVE views= 8 weight= 0.75 mean_abs_feat_delta= 0.241376\n"}
,{"stream_name":"stdout","time":1023.570632021,"data":"EDGE_TTA_ACTIVE views= 8 mean_abs_feat_delta= 0.334338\n"}
,{"stream_name":"stdout","time":1023.772699048,"data":"EDGE_TTA_ACTIVE views= 8 mean_abs_feat_delta= 0.334338\n"}
,{"stream_name":"stdout","time":1023.776833987,"data":"EDGE_TTA_ACTIVE views= 8 mean_abs_feat_delta= 0.34476\n"}
,{"stream_name":"stdout","time":1023.978935887,"data":"EDGE_TTA_ACTIVE views= 8 mean_abs_feat_delta= 0.34476\n"}
,{"stream_name":"stdout","time":1024.596088083,"data":"SECONDARY_EDGE_TTA_ACTIVE views= 8 weight= 0.75 mean_abs_feat_delta= 0.242483\n"}
,{"stream_name":"stdout","time":1024.7984436,"data":"SECONDARY_EDGE_TTA_ACTIVE views= 8 weight= 0.75 mean_abs_feat_delta= 0.242483\n"}
,{"stream_name":"stdout","time":1024.824476478,"data":"SECONDARY_EDGE_TTA_ACTIVE views= 8 weight= 0.75 mean_abs_feat_delta= 0.233304\n"}
,{"stream_name":"stdout","time":1025.026799386,"data":"SECONDARY_EDGE_TTA_ACTIVE views= 8 weight= 0.75 mean_abs_feat_delta= 0.233304\n"}
,{"stream_name":"stdout","time":1025.954131897,"data":"EDGE_TTA_ACTIVE views= 8 mean_abs_feat_delta= 0.351291\n"}
,{"stream_name":"stdout","time":1026.0544383,"data":"EDGE_TTA_ACTIVE views= 8 mean_abs_feat_delta= 0.334525\n"}
,{"stream_name":"stdout","time":1026.156452119,"data":"EDGE_TTA_ACTIVE views= 8 mean_abs_feat_delta= 0.351291\n"}
,{"stream_name":"stdout","time":1026.156472166,"data":"EDGE_TTA_ACTIVE views= 8 mean_abs_feat_delta= 0.334525\n"}
,{"stream_name":"stdout","time":1027.000983889,"data":"SECONDARY_EDGE_TTA_ACTIVE views= 8 weight= 0.75 mean_abs_feat_delta= 0.237349\n"}
,{"stream_name":"stdout","time":1027.080356867,"data":"SECONDARY_EDGE_TTA_ACTIVE views= 8 weight= 0.75 mean_abs_feat_delta= 0.240926\n"}
,{"stream_name":"stdout","time":1027.20335089,"data":"SECONDARY_EDGE_TTA_ACTIVE views= 8 weight= 0.75 mean_abs_feat_delta= 0.237349\n"}
,{"stream_name":"stdout","time":1027.203376299,"data":"SECONDARY_EDGE_TTA_ACTIVE views= 8 weight= 0.75 mean_abs_feat_delta= 0.240926\n"}
,{"stream_name":"stdout","time":1028.128778614,"data":"EDGE_TTA_ACTIVE views= 8 mean_abs_feat_delta= 0.350787\n"}
,{"stream_name":"stdout","time":1028.331218028,"data":"EDGE_TTA_ACTIVE views= 8 mean_abs_feat_delta= 0.350787\n"}
,{"stream_name":"stdout","time":1028.515020824,"data":"EDGE_TTA_ACTIVE views= 8 mean_abs_feat_delta= 0.333381\n"}
,{"stream_name":"stdout","time":1028.717176995,"data":"EDGE_TTA_ACTIVE views= 8 mean_abs_feat_delta= 0.333381\n"}
,{"stream_name":"stdout","time":1029.169399267,"data":"SECONDARY_EDGE_TTA_ACTIVE views= 8 weight= 0.75 mean_abs_feat_delta= 0.237192\n"}
,{"stream_name":"stdout","time":1029.37152257,"data":"SECONDARY_EDGE_TTA_ACTIVE views= 8 weight= 0.75 mean_abs_feat_delta= 0.237192\n"}
,{"stream_name":"stdout","time":1029.537904513,"data":"SECONDARY_EDGE_TTA_ACTIVE views= 8 weight= 0.75 mean_abs_feat_delta= 0.239347\n"}
,{"stream_name":"stdout","time":1029.740209882,"data":"SECONDARY_EDGE_TTA_ACTIVE views= 8 weight= 0.75 mean_abs_feat_delta= 0.239347\n"}
,{"stream_name":"stdout","time":1030.390740194,"data":"EDGE_TTA_ACTIVE views= 8 mean_abs_feat_delta= 0.352459\n"}
,{"stream_name":"stdout","time":1030.593132067,"data":"EDGE_TTA_ACTIVE views= 8 mean_abs_feat_delta= 0.352459\n"}
,{"stream_name":"stdout","time":1031.000881743,"data":"EDGE_TTA_ACTIVE views= 8 mean_abs_feat_delta= 0.333347\n"}
,{"stream_name":"stdout","time":1031.246793241,"data":"EDGE_TTA_ACTIVE views= 8 mean_abs_feat_delta= 0.333347\n"}
,{"stream_name":"stdout","time":1031.432185746,"data":"SECONDARY_EDGE_TTA_ACTIVE views= 8 weight= 0.75 mean_abs_feat_delta= 0.23579\n"}
,{"stream_name":"stdout","time":1031.634674169,"data":"SECONDARY_EDGE_TTA_ACTIVE views= 8 weight= 0.75 mean_abs_feat_delta= 0.23579\n"}
,{"stream_name":"stdout","time":1032.019281755,"data":"SECONDARY_EDGE_TTA_ACTIVE views= 8 weight= 0.75 mean_abs_feat_delta= 0.242044\n"}
,{"stream_name":"stdout","time":1032.221316781,"data":"SECONDARY_EDGE_TTA_ACTIVE views= 8 weight= 0.75 mean_abs_feat_delta= 0.242044\n"}
,{"stream_name":"stdout","time":1032.563027234,"data":"EDGE_TTA_ACTIVE views= 8 mean_abs_feat_delta= 0.343926\n"}
,{"stream_name":"stdout","time":1032.765094865,"data":"EDGE_TTA_ACTIVE views= 8 mean_abs_feat_delta= 0.343926\n"}
,{"stream_name":"stdout","time":1033.460767604,"data":"EDGE_TTA_ACTIVE views= 8 mean_abs_feat_delta= 0.328851\n"}
,{"stream_name":"stdout","time":1033.60061184,"data":"SECONDARY_EDGE_TTA_ACTIVE views= 8 weight= 0.75 mean_abs_feat_delta= 0.245733\n"}
,{"stream_name":"stdout","time":1033.663096494,"data":"EDGE_TTA_ACTIVE views= 8 mean_abs_feat_delta= 0.328851\n"}
,{"stream_name":"stdout","time":1033.663120594,"data":"SECONDARY_EDGE_TTA_ACTIVE views= 8 weight= 0.75 mean_abs_feat_delta= 0.245733\n"}
,{"stream_name":"stdout","time":1034.476383347,"data":"SECONDARY_EDGE_TTA_ACTIVE views= 8 weight= 0.75 mean_abs_feat_delta= 0.234375\n"}
,{"stream_name":"stdout","time":1034.678678299,"data":"SECONDARY_EDGE_TTA_ACTIVE views= 8 weight= 0.75 mean_abs_feat_delta= 0.234375\n"}
,{"stream_name":"stdout","time":1034.729794454,"data":"EDGE_TTA_ACTIVE views= 8 mean_abs_feat_delta= 0.361961\n"}
,{"stream_name":"stdout","time":1034.93198359,"data":"EDGE_TTA_ACTIVE views= 8 mean_abs_feat_delta= 0.361961\n"}
,{"stream_name":"stdout","time":1035.764845206,"data":"SECONDARY_EDGE_TTA_ACTIVE views= 8 weight= 0.75 mean_abs_feat_delta= 0.237609\n"}
,{"stream_name":"stdout","time":1035.896021355,"data":"EDGE_TTA_ACTIVE views= 8 mean_abs_feat_delta= 0.330146\n"}
,{"stream_name":"stdout","time":1035.967198281,"data":"SECONDARY_EDGE_TTA_ACTIVE views= 8 weight= 0.75 mean_abs_feat_delta= 0.237609\n"}
,{"stream_name":"stdout","time":1035.967222587,"data":"EDGE_TTA_ACTIVE views= 8 mean_abs_feat_delta= 0.330146\n"}
,{"stream_name":"stdout","time":1036.872278267,"data":"EDGE_TTA_ACTIVE views= 8 mean_abs_feat_delta= 0.359198\n"}
,{"stream_name":"stdout","time":1036.910247945,"data":"SECONDARY_EDGE_TTA_ACTIVE views= 8 weight= 0.75 mean_abs_feat_delta= 0.237823\n"}
,{"stream_name":"stdout","time":1037.074438479,"data":"EDGE_TTA_ACTIVE views= 8 mean_abs_feat_delta= 0.359198\n"}
,{"stream_name":"stdout","time":1037.074459647,"data":"SECONDARY_EDGE_TTA_ACTIVE views= 8 weight= 0.75 mean_abs_feat_delta= 0.237823\n"}
,{"stream_name":"stdout","time":1037.901646846,"data":"SECONDARY_EDGE_TTA_ACTIVE views= 8 weight= 0.75 mean_abs_feat_delta= 0.24975\n"}
,{"stream_name":"stdout","time":1038.10396256,"data":"SECONDARY_EDGE_TTA_ACTIVE views= 8 weight= 0.75 mean_abs_feat_delta= 0.24975\n"}
,{"stream_name":"stdout","time":1038.322606567,"data":"EDGE_TTA_ACTIVE views= 8 mean_abs_feat_delta= 0.332437\n"}
,{"stream_name":"stdout","time":1038.524765099,"data":"EDGE_TTA_ACTIVE views= 8 mean_abs_feat_delta= 0.332437\n"}
,{"stream_name":"stdout","time":1039.038291939,"data":"EDGE_TTA_ACTIVE views= 8 mean_abs_feat_delta= 0.364122\n"}
,{"stream_name":"stdout","time":1039.240392872,"data":"EDGE_TTA_ACTIVE views= 8 mean_abs_feat_delta= 0.364122\n"}
,{"stream_name":"stdout","time":1039.333777378,"data":"SECONDARY_EDGE_TTA_ACTIVE views= 8 weight= 0.75 mean_abs_feat_delta= 0.245629\n"}
,{"stream_name":"stdout","time":1039.5359131,"data":"SECONDARY_EDGE_TTA_ACTIVE views= 8 weight= 0.75 mean_abs_feat_delta= 0.245629\n"}
,{"stream_name":"stdout","time":1040.066958332,"data":"SECONDARY_EDGE_TTA_ACTIVE views= 8 weight= 0.75 mean_abs_feat_delta= 0.23735\n"}
,{"stream_name":"stdout","time":1040.269404654,"data":"SECONDARY_EDGE_TTA_ACTIVE views= 8 weight= 0.75 mean_abs_feat_delta= 0.23735\n"}
,{"stream_name":"stdout","time":1040.794196019,"data":"EDGE_TTA_ACTIVE views= 8 mean_abs_feat_delta= 0.333403\n"}
,{"stream_name":"stdout","time":1040.996218323,"data":"EDGE_TTA_ACTIVE views= 8 mean_abs_feat_delta= 0.333403\n"}
,{"stream_name":"stdout","time":1041.167915267,"data":"EDGE_TTA_ACTIVE views= 8 mean_abs_feat_delta= 0.357428\n"}
,{"stream_name":"stdout","time":1041.369945625,"data":"EDGE_TTA_ACTIVE views= 8 mean_abs_feat_delta= 0.357428\n"}
,{"stream_name":"stdout","time":1041.80576323,"data":"SECONDARY_EDGE_TTA_ACTIVE views= 8 weight= 0.75 mean_abs_feat_delta= 0.250556\n"}
,{"stream_name":"stdout","time":1042.007676982,"data":"SECONDARY_EDGE_TTA_ACTIVE views= 8 weight= 0.75 mean_abs_feat_delta= 0.250556\n"}
,{"stream_name":"stdout","time":1042.193463448,"data":"SECONDARY_EDGE_TTA_ACTIVE views= 8 weight= 0.75 mean_abs_feat_delta= 0.239857\n"}
,{"stream_name":"stdout","time":1042.395750399,"data":"SECONDARY_EDGE_TTA_ACTIVE views= 8 weight= 0.75 mean_abs_feat_delta= 0.239857\n"}
,{"stream_name":"stdout","time":1043.235671503,"data":"EDGE_TTA_ACTIVE views= 8 mean_abs_feat_delta= 0.334041\n"}
,{"stream_name":"stdout","time":1043.313308125,"data":"EDGE_TTA_ACTIVE views= 8 mean_abs_feat_delta= 0.343652\n"}
,{"stream_name":"stdout","time":1043.437961939,"data":"EDGE_TTA_ACTIVE views= 8 mean_abs_feat_delta= 0.334041\n"}
,{"stream_name":"stdout","time":1043.43798076,"data":"EDGE_TTA_ACTIVE views= 8 mean_abs_feat_delta= 0.343652\n"}
,{"stream_name":"stdout","time":1044.240653388,"data":"SECONDARY_EDGE_TTA_ACTIVE views= 8 weight= 0.75 mean_abs_feat_delta= 0.247411\n"}
,{"stream_name":"stdout","time":1044.335742768,"data":"SECONDARY_EDGE_TTA_ACTIVE views= 8 weight= 0.75 mean_abs_feat_delta= 0.246472\n"}
,{"stream_name":"stdout","time":1044.443161334,"data":"SECONDARY_EDGE_TTA_ACTIVE views= 8 weight= 0.75 mean_abs_feat_delta= 0.247411\n"}
,{"stream_name":"stdout","time":1044.44322197,"data":"SECONDARY_EDGE_TTA_ACTIVE views= 8 weight= 0.75 mean_abs_feat_delta= 0.246472\n"}
,{"stream_name":"stdout","time":1045.433832769,"data":"EDGE_TTA_ACTIVE views= 8 mean_abs_feat_delta= 0.355033\n"}
,{"stream_name":"stdout","time":1045.63615784,"data":"EDGE_TTA_ACTIVE views= 8 mean_abs_feat_delta= 0.355033\n"}
,{"stream_name":"stdout","time":1045.649672847,"data":"EDGE_TTA_ACTIVE views= 8 mean_abs_feat_delta= 0.334594\n"}
,{"stream_name":"stdout","time":1045.851761925,"data":"EDGE_TTA_ACTIVE views= 8 mean_abs_feat_delta= 0.334594\n"}
,{"stream_name":"stdout","time":1046.449978662,"data":"SECONDARY_EDGE_TTA_ACTIVE views= 8 weight= 0.75 mean_abs_feat_delta= 0.23837\n"}
,{"stream_name":"stdout","time":1046.652150164,"data":"SECONDARY_EDGE_TTA_ACTIVE views= 8 weight= 0.75 mean_abs_feat_delta= 0.23837\n"}
,{"stream_name":"stdout","time":1046.657285521,"data":"SECONDARY_EDGE_TTA_ACTIVE views= 8 weight= 0.75 mean_abs_feat_delta= 0.23999\n"}
,{"stream_name":"stdout","time":1046.859371319,"data":"SECONDARY_EDGE_TTA_ACTIVE views= 8 weight= 0.75 mean_abs_feat_delta= 0.23999\n"}
,{"stream_name":"stdout","time":1047.542801337,"data":"EDGE_TTA_ACTIVE views= 8 mean_abs_feat_delta= 0.351347\n"}
,{"stream_name":"stdout","time":1047.745293395,"data":"EDGE_TTA_ACTIVE views= 8 mean_abs_feat_delta= 0.351347\n"}
,{"stream_name":"stdout","time":1048.057327334,"data":"EDGE_TTA_ACTIVE views= 8 mean_abs_feat_delta= 0.341383\n"}
,{"stream_name":"stdout","time":1048.259309972,"data":"EDGE_TTA_ACTIVE views= 8 mean_abs_feat_delta= 0.341383\n"}
,{"stream_name":"stdout","time":1048.564761756,"data":"SECONDARY_EDGE_TTA_ACTIVE views= 8 weight= 0.75 mean_abs_feat_delta= 0.23794\n"}
,{"stream_name":"stdout","time":1048.767106232,"data":"SECONDARY_EDGE_TTA_ACTIVE views= 8 weight= 0.75 mean_abs_feat_delta= 0.23794\n"}
,{"stream_name":"stdout","time":1049.061220173,"data":"SECONDARY_EDGE_TTA_ACTIVE views= 8 weight= 0.75 mean_abs_feat_delta= 0.238628\n"}
,{"stream_name":"stdout","time":1049.263426833,"data":"SECONDARY_EDGE_TTA_ACTIVE views= 8 weight= 0.75 mean_abs_feat_delta= 0.238628\n"}
,{"stream_name":"stdout","time":1049.698913344,"data":"EDGE_TTA_ACTIVE views= 8 mean_abs_feat_delta= 0.353252\n"}
,{"stream_name":"stdout","time":1049.901148034,"data":"EDGE_TTA_ACTIVE views= 8 mean_abs_feat_delta= 0.353252\n"}
,{"stream_name":"stdout","time":1050.608330076,"data":"EDGE_TTA_ACTIVE views= 8 mean_abs_feat_delta= 0.342063\n"}
,{"stream_name":"stdout","time":1050.714769409,"data":"SECONDARY_EDGE_TTA_ACTIVE views= 8 weight= 0.75 mean_abs_feat_delta= 0.237401\n"}
,{"stream_name":"stdout","time":1050.810440628,"data":"EDGE_TTA_ACTIVE views= 8 mean_abs_feat_delta= 0.342063\n"}
,{"stream_name":"stdout","time":1050.810467641,"data":"SECONDARY_EDGE_TTA_ACTIVE views= 8 weight= 0.75 mean_abs_feat_delta= 0.237401\n"}
,{"stream_name":"stdout","time":1051.611320563,"data":"SECONDARY_EDGE_TTA_ACTIVE views= 8 weight= 0.75 mean_abs_feat_delta= 0.240102\n"}
,{"stream_name":"stdout","time":1051.81367554,"data":"SECONDARY_EDGE_TTA_ACTIVE views= 8 weight= 0.75 mean_abs_feat_delta= 0.240102\n"}
,{"stream_name":"stdout","time":1051.840154691,"data":"EDGE_TTA_ACTIVE views= 8 mean_abs_feat_delta= 0.33905\n"}
,{"stream_name":"stdout","time":1052.042505354,"data":"EDGE_TTA_ACTIVE views= 8 mean_abs_feat_delta= 0.33905\n"}
,{"stream_name":"stdout","time":1052.855512121,"data":"SECONDARY_EDGE_TTA_ACTIVE views= 8 weight= 0.75 mean_abs_feat_delta= 0.245673\n"}
,{"stream_name":"stdout","time":1053.018443967,"data":"EDGE_TTA_ACTIVE views= 8 mean_abs_feat_delta= 0.340994\n"}
,{"stream_name":"stdout","time":1053.058182548,"data":"SECONDARY_EDGE_TTA_ACTIVE views= 8 weight= 0.75 mean_abs_feat_delta= 0.245673\n"}
,{"stream_name":"stdout","time":1053.058204718,"data":"EDGE_TTA_ACTIVE views= 8 mean_abs_feat_delta= 0.340994\n"}
,{"stream_name":"stdout","time":1053.961251184,"data":"EDGE_TTA_ACTIVE views= 8 mean_abs_feat_delta= 0.354422\n"}
,{"stream_name":"stdout","time":1054.019570072,"data":"SECONDARY_EDGE_TTA_ACTIVE views= 8 weight= 0.75 mean_abs_feat_delta= 0.238697\n"}
,{"stream_name":"stdout","time":1054.163503372,"data":"EDGE_TTA_ACTIVE views= 8 mean_abs_feat_delta= 0.354422\n"}
,{"stream_name":"stdout","time":1054.163521558,"data":"SECONDARY_EDGE_TTA_ACTIVE views= 8 weight= 0.75 mean_abs_feat_delta= 0.238697\n"}
,{"stream_name":"stdout","time":1054.973458866,"data":"SECONDARY_EDGE_TTA_ACTIVE views= 8 weight= 0.75 mean_abs_feat_delta= 0.235875\n"}
,{"stream_name":"stdout","time":1055.17629388,"data":"SECONDARY_EDGE_TTA_ACTIVE views= 8 weight= 0.75 mean_abs_feat_delta= 0.235875\n"}
,{"stream_name":"stdout","time":1055.486890109,"data":"EDGE_TTA_ACTIVE views= 8 mean_abs_feat_delta= 0.349258\n"}
,{"stream_name":"stdout","time":1055.689197616,"data":"EDGE_TTA_ACTIVE views= 8 mean_abs_feat_delta= 0.349258\n"}
,{"stream_name":"stdout","time":1056.149218885,"data":"EDGE_TTA_ACTIVE views= 8 mean_abs_feat_delta= 0.359708\n"}
,{"stream_name":"stdout","time":1056.351207925,"data":"EDGE_TTA_ACTIVE views= 8 mean_abs_feat_delta= 0.359708\n"}
,{"stream_name":"stdout","time":1056.48516708,"data":"SECONDARY_EDGE_TTA_ACTIVE views= 8 weight= 0.75 mean_abs_feat_delta= 0.23773\n"}
,{"stream_name":"stdout","time":1056.687295164,"data":"SECONDARY_EDGE_TTA_ACTIVE views= 8 weight= 0.75 mean_abs_feat_delta= 0.23773\n"}
,{"stream_name":"stdout","time":1057.160711796,"data":"SECONDARY_EDGE_TTA_ACTIVE views= 8 weight= 0.75 mean_abs_feat_delta= 0.241531\n"}
,{"stream_name":"stdout","time":1057.363044648,"data":"SECONDARY_EDGE_TTA_ACTIVE views= 8 weight= 0.75 mean_abs_feat_delta= 0.241531\n"}
,{"stream_name":"stdout","time":1057.888714672,"data":"EDGE_TTA_ACTIVE views= 8 mean_abs_feat_delta= 0.350251\n"}
,{"stream_name":"stdout","time":1058.090762632,"data":"EDGE_TTA_ACTIVE views= 8 mean_abs_feat_delta= 0.350251\n"}
,{"stream_name":"stdout","time":1058.25328495,"data":"EDGE_TTA_ACTIVE views= 8 mean_abs_feat_delta= 0.359515\n"}
,{"stream_name":"stdout","time":1058.455448864,"data":"EDGE_TTA_ACTIVE views= 8 mean_abs_feat_delta= 0.359515\n"}
,{"stream_name":"stdout","time":1058.881755755,"data":"SECONDARY_EDGE_TTA_ACTIVE views= 8 weight= 0.75 mean_abs_feat_delta= 0.24202\n"}
,{"stream_name":"stdout","time":1059.084126802,"data":"SECONDARY_EDGE_TTA_ACTIVE views= 8 weight= 0.75 mean_abs_feat_delta= 0.24202\n"}
,{"stream_name":"stdout","time":1059.266447954,"data":"SECONDARY_EDGE_TTA_ACTIVE views= 8 weight= 0.75 mean_abs_feat_delta= 0.238654\n"}
,{"stream_name":"stdout","time":1059.468888614,"data":"SECONDARY_EDGE_TTA_ACTIVE views= 8 weight= 0.75 mean_abs_feat_delta= 0.238654\n"}
,{"stream_name":"stdout","time":1060.355909382,"data":"EDGE_TTA_ACTIVE views= 8 mean_abs_feat_delta= 0.356987\n"}
,{"stream_name":"stdout","time":1060.366921247,"data":"EDGE_TTA_ACTIVE views= 8 mean_abs_feat_delta= 0.347378\n"}
,{"stream_name":"stdout","time":1060.558296308,"data":"EDGE_TTA_ACTIVE views= 8 mean_abs_feat_delta= 0.356987\n"}
,{"stream_name":"stdout","time":1060.55831747,"data":"EDGE_TTA_ACTIVE views= 8 mean_abs_feat_delta= 0.347378\n"}
,{"stream_name":"stdout","time":1061.361137369,"data":"SECONDARY_EDGE_TTA_ACTIVE views= 8 weight= 0.75 mean_abs_feat_delta= 0.244002\n"}
,{"stream_name":"stdout","time":1061.369624173,"data":"SECONDARY_EDGE_TTA_ACTIVE views= 8 weight= 0.75 mean_abs_feat_delta= 0.235897\n"}
,{"stream_name":"stdout","time":1061.613316152,"data":"SECONDARY_EDGE_TTA_ACTIVE views= 8 weight= 0.75 mean_abs_feat_delta= 0.244002\n"}
,{"stream_name":"stdout","time":1061.613346264,"data":"SECONDARY_EDGE_TTA_ACTIVE views= 8 weight= 0.75 mean_abs_feat_delta= 0.235897\n"}
,{"stream_name":"stdout","time":1062.462445244,"data":"EDGE_TTA_ACTIVE views= 8 mean_abs_feat_delta= 0.358806\n"}
,{"stream_name":"stdout","time":1062.664704239,"data":"EDGE_TTA_ACTIVE views= 8 mean_abs_feat_delta= 0.358806\n"}
,{"stream_name":"stdout","time":1062.833129008,"data":"EDGE_TTA_ACTIVE views= 8 mean_abs_feat_delta= 0.347056\n"}
,{"stream_name":"stdout","time":1063.035264521,"data":"EDGE_TTA_ACTIVE views= 8 mean_abs_feat_delta= 0.347056\n"}
,{"stream_name":"stdout","time":1063.478183649,"data":"SECONDARY_EDGE_TTA_ACTIVE views= 8 weight= 0.75 mean_abs_feat_delta= 0.232787\n"}
,{"stream_name":"stdout","time":1063.680540393,"data":"SECONDARY_EDGE_TTA_ACTIVE views= 8 weight= 0.75 mean_abs_feat_delta= 0.232787\n"}
,{"stream_name":"stdout","time":1063.833339003,"data":"SECONDARY_EDGE_TTA_ACTIVE views= 8 weight= 0.75 mean_abs_feat_delta= 0.243466\n"}
,{"stream_name":"stdout","time":1064.035522621,"data":"SECONDARY_EDGE_TTA_ACTIVE views= 8 weight= 0.75 mean_abs_feat_delta= 0.243466\n"}
,{"stream_name":"stdout","time":1064.608309359,"data":"EDGE_TTA_ACTIVE views= 8 mean_abs_feat_delta= 0.360605\n"}
,{"stream_name":"stdout","time":1064.810486428,"data":"EDGE_TTA_ACTIVE views= 8 mean_abs_feat_delta= 0.360605\n"}
,{"stream_name":"stdout","time":1065.267883252,"data":"EDGE_TTA_ACTIVE views= 8 mean_abs_feat_delta= 0.346893\n"}
,{"stream_name":"stdout","time":1065.470299837,"data":"EDGE_TTA_ACTIVE views= 8 mean_abs_feat_delta= 0.346893\n"}
,{"stream_name":"stdout","time":1065.620798359,"data":"SECONDARY_EDGE_TTA_ACTIVE views= 8 weight= 0.75 mean_abs_feat_delta= 0.235419\n"}
,{"stream_name":"stdout","time":1065.82313084,"data":"SECONDARY_EDGE_TTA_ACTIVE views= 8 weight= 0.75 mean_abs_feat_delta= 0.235419\n"}
,{"stream_name":"stdout","time":1066.264285134,"data":"SECONDARY_EDGE_TTA_ACTIVE views= 8 weight= 0.75 mean_abs_feat_delta= 0.244332\n"}
,{"stream_name":"stdout","time":1066.466630612,"data":"SECONDARY_EDGE_TTA_ACTIVE views= 8 weight= 0.75 mean_abs_feat_delta= 0.244332\n"}
,{"stream_name":"stdout","time":1066.739267732,"data":"EDGE_TTA_ACTIVE views= 8 mean_abs_feat_delta= 0.35888\n"}
,{"stream_name":"stdout","time":1066.941494014,"data":"EDGE_TTA_ACTIVE views= 8 mean_abs_feat_delta= 0.35888\n"}
,{"stream_name":"stdout","time":1067.670737716,"data":"EDGE_TTA_ACTIVE views= 8 mean_abs_feat_delta= 0.350486\n"}
,{"stream_name":"stdout","time":1067.754401503,"data":"SECONDARY_EDGE_TTA_ACTIVE views= 8 weight= 0.75 mean_abs_feat_delta= 0.232021\n"}
,{"stream_name":"stdout","time":1067.872984587,"data":"EDGE_TTA_ACTIVE views= 8 mean_abs_feat_delta= 0.350486\n"}
,{"stream_name":"stdout","time":1067.873011012,"data":"SECONDARY_EDGE_TTA_ACTIVE views= 8 weight= 0.75 mean_abs_feat_delta= 0.232021\n"}
,{"stream_name":"stdout","time":1068.669953642,"data":"SECONDARY_EDGE_TTA_ACTIVE views= 8 weight= 0.75 mean_abs_feat_delta= 0.250322\n"}
,{"stream_name":"stdout","time":1068.865318433,"data":"EDGE_TTA_ACTIVE views= 8 mean_abs_feat_delta= 0.364525\n"}
,{"stream_name":"stdout","time":1068.872340528,"data":"SECONDARY_EDGE_TTA_ACTIVE views= 8 weight= 0.75 mean_abs_feat_delta= 0.250322\n"}
,{"stream_name":"stdout","time":1068.872361763,"data":"EDGE_TTA_ACTIVE views= 8 mean_abs_feat_delta= 0.364525\n"}
,{"stream_name":"stdout","time":1069.881368012,"data":"SECONDARY_EDGE_TTA_ACTIVE views= 8 weight= 0.75 mean_abs_feat_delta= 0.235438\n"}
,{"stream_name":"stdout","time":1070.08383463,"data":"SECONDARY_EDGE_TTA_ACTIVE views= 8 weight= 0.75 mean_abs_feat_delta= 0.235438\n"}
,{"stream_name":"stdout","time":1070.096218945,"data":"EDGE_TTA_ACTIVE views= 8 mean_abs_feat_delta= 0.338761\n"}
,{"stream_name":"stdout","time":1070.298366882,"data":"EDGE_TTA_ACTIVE views= 8 mean_abs_feat_delta= 0.338761\n"}
,{"stream_name":"stdout","time":1070.975759141,"data":"EDGE_TTA_ACTIVE views= 8 mean_abs_feat_delta= 0.367055\n"}
,{"stream_name":"stdout","time":1071.097918412,"data":"SECONDARY_EDGE_TTA_ACTIVE views= 8 weight= 0.75 mean_abs_feat_delta= 0.239771\n"}
,{"stream_name":"stdout","time":1071.178364337,"data":"EDGE_TTA_ACTIVE views= 8 mean_abs_feat_delta= 0.367055\n"}
,{"stream_name":"stdout","time":1071.17838322,"data":"SECONDARY_EDGE_TTA_ACTIVE views= 8 weight= 0.75 mean_abs_feat_delta= 0.239771\n"}
,{"stream_name":"stdout","time":1071.993859231,"data":"SECONDARY_EDGE_TTA_ACTIVE views= 8 weight= 0.75 mean_abs_feat_delta= 0.238512\n"}
,{"stream_name":"stdout","time":1072.196307744,"data":"SECONDARY_EDGE_TTA_ACTIVE views= 8 weight= 0.75 mean_abs_feat_delta= 0.238512\n"}
,{"stream_name":"stdout","time":1072.541683459,"data":"EDGE_TTA_ACTIVE views= 8 mean_abs_feat_delta= 0.341688\n"}
,{"stream_name":"stdout","time":1072.743824236,"data":"EDGE_TTA_ACTIVE views= 8 mean_abs_feat_delta= 0.341688\n"}
,{"stream_name":"stdout","time":1073.123909813,"data":"EDGE_TTA_ACTIVE views= 8 mean_abs_feat_delta= 0.351417\n"}
,{"stream_name":"stdout","time":1073.326063896,"data":"EDGE_TTA_ACTIVE views= 8 mean_abs_feat_delta= 0.351417\n"}
,{"stream_name":"stdout","time":1073.544332434,"data":"SECONDARY_EDGE_TTA_ACTIVE views= 8 weight= 0.75 mean_abs_feat_delta= 0.245536\n"}
,{"stream_name":"stdout","time":1073.746757941,"data":"SECONDARY_EDGE_TTA_ACTIVE views= 8 weight= 0.75 mean_abs_feat_delta= 0.245536\n"}
,{"stream_name":"stdout","time":1074.144673203,"data":"SECONDARY_EDGE_TTA_ACTIVE views= 8 weight= 0.75 mean_abs_feat_delta= 0.246384\n"}
,{"stream_name":"stdout","time":1074.347050814,"data":"SECONDARY_EDGE_TTA_ACTIVE views= 8 weight= 0.75 mean_abs_feat_delta= 0.246384\n"}
,{"stream_name":"stdout","time":1074.941426928,"data":"EDGE_TTA_ACTIVE views= 8 mean_abs_feat_delta= 0.34422\n"}
,{"stream_name":"stdout","time":1075.143752657,"data":"EDGE_TTA_ACTIVE views= 8 mean_abs_feat_delta= 0.34422\n"}
,{"stream_name":"stdout","time":1075.249164213,"data":"EDGE_TTA_ACTIVE views= 8 mean_abs_feat_delta= 0.363487\n"}
,{"stream_name":"stdout","time":1075.451399693,"data":"EDGE_TTA_ACTIVE views= 8 mean_abs_feat_delta= 0.363487\n"}
,{"stream_name":"stdout","time":1075.946552214,"data":"SECONDARY_EDGE_TTA_ACTIVE views= 8 weight= 0.75 mean_abs_feat_delta= 0.244617\n"}
,{"stream_name":"stdout","time":1076.148632788,"data":"SECONDARY_EDGE_TTA_ACTIVE views= 8 weight= 0.75 mean_abs_feat_delta= 0.244617\n"}
,{"stream_name":"stdout","time":1076.268286099,"data":"SECONDARY_EDGE_TTA_ACTIVE views= 8 weight= 0.75 mean_abs_feat_delta= 0.234938\n"}
,{"stream_name":"stdout","time":1076.47087334,"data":"SECONDARY_EDGE_TTA_ACTIVE views= 8 weight= 0.75 mean_abs_feat_delta= 0.234938\n"}
,{"stream_name":"stdout","time":1077.328987807,"data":"EDGE_TTA_ACTIVE views= 8 mean_abs_feat_delta= 0.341185\n"}
,{"stream_name":"stdout","time":1077.370985174,"data":"EDGE_TTA_ACTIVE views= 8 mean_abs_feat_delta= 0.361591\n"}
,{"stream_name":"stdout","time":1077.531347565,"data":"EDGE_TTA_ACTIVE views= 8 mean_abs_feat_delta= 0.341185\n"}
,{"stream_name":"stdout","time":1077.531371118,"data":"EDGE_TTA_ACTIVE views= 8 mean_abs_feat_delta= 0.361591\n"}
,{"stream_name":"stdout","time":1078.335010003,"data":"SECONDARY_EDGE_TTA_ACTIVE views= 8 weight= 0.75 mean_abs_feat_delta= 0.245991\n"}
,{"stream_name":"stdout","time":1078.397035915,"data":"SECONDARY_EDGE_TTA_ACTIVE views= 8 weight= 0.75 mean_abs_feat_delta= 0.237752\n"}
,{"stream_name":"stdout","time":1078.537385613,"data":"SECONDARY_EDGE_TTA_ACTIVE views= 8 weight= 0.75 mean_abs_feat_delta= 0.245991\n"}
,{"stream_name":"stdout","time":1078.537409956,"data":"SECONDARY_EDGE_TTA_ACTIVE views= 8 weight= 0.75 mean_abs_feat_delta= 0.237752\n"}
,{"stream_name":"stdout","time":1079.575118706,"data":"EDGE_TTA_ACTIVE views= 8 mean_abs_feat_delta= 0.35878\n"}
,{"stream_name":"stdout","time":1079.717254126,"data":"EDGE_TTA_ACTIVE views= 8 mean_abs_feat_delta= 0.339136\n"}
,{"stream_name":"stdout","time":1079.77757566,"data":"EDGE_TTA_ACTIVE views= 8 mean_abs_feat_delta= 0.35878\n"}
,{"stream_name":"stdout","time":1079.777609105,"data":"EDGE_TTA_ACTIVE views= 8 mean_abs_feat_delta= 0.339136\n"}
,{"stream_name":"stdout","time":1080.596822316,"data":"SECONDARY_EDGE_TTA_ACTIVE views= 8 weight= 0.75 mean_abs_feat_delta= 0.23573\n"}
,{"stream_name":"stdout","time":1080.721402006,"data":"SECONDARY_EDGE_TTA_ACTIVE views= 8 weight= 0.75 mean_abs_feat_delta= 0.247398\n"}
,{"stream_name":"stdout","time":1080.799169789,"data":"SECONDARY_EDGE_TTA_ACTIVE views= 8 weight= 0.75 mean_abs_feat_delta= 0.23573\n"}
,{"stream_name":"stdout","time":1080.799211193,"data":"SECONDARY_EDGE_TTA_ACTIVE views= 8 weight= 0.75 mean_abs_feat_delta= 0.247398\n"}
,{"stream_name":"stdout","time":1081.730741656,"data":"EDGE_TTA_ACTIVE views= 8 mean_abs_feat_delta= 0.361252\n"}
,{"stream_name":"stdout","time":1081.932847323,"data":"EDGE_TTA_ACTIVE views= 8 mean_abs_feat_delta= 0.361252\n"}
,{"stream_name":"stdout","time":1082.173936593,"data":"EDGE_TTA_ACTIVE views= 8 mean_abs_feat_delta= 0.336056\n"}
,{"stream_name":"stdout","time":1082.37587818,"data":"EDGE_TTA_ACTIVE views= 8 mean_abs_feat_delta= 0.336056\n"}
,{"stream_name":"stdout","time":1082.761611111,"data":"SECONDARY_EDGE_TTA_ACTIVE views= 8 weight= 0.75 mean_abs_feat_delta= 0.235636\n"}
,{"stream_name":"stdout","time":1082.963507784,"data":"SECONDARY_EDGE_TTA_ACTIVE views= 8 weight= 0.75 mean_abs_feat_delta= 0.235636\n"}
,{"stream_name":"stdout","time":1083.183003484,"data":"SECONDARY_EDGE_TTA_ACTIVE views= 8 weight= 0.75 mean_abs_feat_delta= 0.24611\n"}
,{"stream_name":"stdout","time":1083.385408878,"data":"SECONDARY_EDGE_TTA_ACTIVE views= 8 weight= 0.75 mean_abs_feat_delta= 0.24611\n"}
,{"stream_name":"stdout","time":1083.87208756,"data":"EDGE_TTA_ACTIVE views= 8 mean_abs_feat_delta= 0.357825\n"}
,{"stream_name":"stdout","time":1084.074267109,"data":"EDGE_TTA_ACTIVE views= 8 mean_abs_feat_delta= 0.357825\n"}
,{"stream_name":"stdout","time":1084.601328007,"data":"EDGE_TTA_ACTIVE views= 8 mean_abs_feat_delta= 0.336426\n"}
,{"stream_name":"stdout","time":1084.803650886,"data":"EDGE_TTA_ACTIVE views= 8 mean_abs_feat_delta= 0.336426\n"}
,{"stream_name":"stdout","time":1084.897537528,"data":"SECONDARY_EDGE_TTA_ACTIVE views= 8 weight= 0.75 mean_abs_feat_delta= 0.23299\n"}
,{"stream_name":"stdout","time":1085.099988917,"data":"SECONDARY_EDGE_TTA_ACTIVE views= 8 weight= 0.75 mean_abs_feat_delta= 0.23299\n"}
,{"stream_name":"stdout","time":1085.613687472,"data":"SECONDARY_EDGE_TTA_ACTIVE views= 8 weight= 0.75 mean_abs_feat_delta= 0.251308\n"}
,{"stream_name":"stdout","time":1085.815822007,"data":"SECONDARY_EDGE_TTA_ACTIVE views= 8 weight= 0.75 mean_abs_feat_delta= 0.251308\n"}
,{"stream_name":"stdout","time":1086.061057245,"data":"EDGE_TTA_ACTIVE views= 8 mean_abs_feat_delta= 0.356818\n"}
,{"stream_name":"stdout","time":1086.263537281,"data":"EDGE_TTA_ACTIVE views= 8 mean_abs_feat_delta= 0.356818\n"}
,{"stream_name":"stdout","time":1087.026682534,"data":"EDGE_TTA_ACTIVE views= 8 mean_abs_feat_delta= 0.336276\n"}
,{"stream_name":"stdout","time":1087.089132196,"data":"SECONDARY_EDGE_TTA_ACTIVE views= 8 weight= 0.75 mean_abs_feat_delta= 0.232458\n"}
,{"stream_name":"stdout","time":1087.228863087,"data":"EDGE_TTA_ACTIVE views= 8 mean_abs_feat_delta= 0.336276\n"}
,{"stream_name":"stdout","time":1087.228889187,"data":"SECONDARY_EDGE_TTA_ACTIVE views= 8 weight= 0.75 mean_abs_feat_delta= 0.232458\n"}
,{"stream_name":"stdout","time":1088.035715132,"data":"SECONDARY_EDGE_TTA_ACTIVE views= 8 weight= 0.75 mean_abs_feat_delta= 0.247578\n"}
,{"stream_name":"stdout","time":1088.19997908,"data":"EDGE_TTA_ACTIVE views= 8 mean_abs_feat_delta= 0.358323\n"}
,{"stream_name":"stdout","time":1088.237887759,"data":"SECONDARY_EDGE_TTA_ACTIVE views= 8 weight= 0.75 mean_abs_feat_delta= 0.247578\n"}
,{"stream_name":"stdout","time":1088.237908766,"data":"EDGE_TTA_ACTIVE views= 8 mean_abs_feat_delta= 0.358323\n"}
,{"stream_name":"stdout","time":1089.230728574,"data":"SECONDARY_EDGE_TTA_ACTIVE views= 8 weight= 0.75 mean_abs_feat_delta= 0.232166\n"}
,{"stream_name":"stdout","time":1089.43301302,"data":"SECONDARY_EDGE_TTA_ACTIVE views= 8 weight= 0.75 mean_abs_feat_delta= 0.232166\n"}
,{"stream_name":"stdout","time":1089.455811804,"data":"EDGE_TTA_ACTIVE views= 8 mean_abs_feat_delta= 0.341791\n"}
,{"stream_name":"stdout","time":1089.6578502,"data":"EDGE_TTA_ACTIVE views= 8 mean_abs_feat_delta= 0.341791\n"}
,{"stream_name":"stdout","time":1090.350845566,"data":"EDGE_TTA_ACTIVE views= 8 mean_abs_feat_delta= 0.352135\n"}
,{"stream_name":"stdout","time":1090.464364995,"data":"SECONDARY_EDGE_TTA_ACTIVE views= 8 weight= 0.75 mean_abs_feat_delta= 0.251252\n"}
,{"stream_name":"stdout","time":1090.553098551,"data":"EDGE_TTA_ACTIVE views= 8 mean_abs_feat_delta= 0.352135\n"}
,{"stream_name":"stdout","time":1090.553118088,"data":"SECONDARY_EDGE_TTA_ACTIVE views= 8 weight= 0.75 mean_abs_feat_delta= 0.251252\n"}
,{"stream_name":"stdout","time":1091.382167664,"data":"SECONDARY_EDGE_TTA_ACTIVE views= 8 weight= 0.75 mean_abs_feat_delta= 0.232609\n"}
,{"stream_name":"stdout","time":1091.584513206,"data":"SECONDARY_EDGE_TTA_ACTIVE views= 8 weight= 0.75 mean_abs_feat_delta= 0.232609\n"}
,{"stream_name":"stdout","time":1091.864389357,"data":"EDGE_TTA_ACTIVE views= 8 mean_abs_feat_delta= 0.343844\n"}
,{"stream_name":"stdout","time":1092.112260053,"data":"EDGE_TTA_ACTIVE views= 8 mean_abs_feat_delta= 0.343844\n"}
,{"stream_name":"stdout","time":1092.508004251,"data":"EDGE_TTA_ACTIVE views= 8 mean_abs_feat_delta= 0.351911\n"}
,{"stream_name":"stdout","time":1092.710205071,"data":"EDGE_TTA_ACTIVE views= 8 mean_abs_feat_delta= 0.351911\n"}
,{"stream_name":"stdout","time":1092.873836428,"data":"SECONDARY_EDGE_TTA_ACTIVE views= 8 weight= 0.75 mean_abs_feat_delta= 0.253581\n"}
,{"stream_name":"stdout","time":1093.075921364,"data":"SECONDARY_EDGE_TTA_ACTIVE views= 8 weight= 0.75 mean_abs_feat_delta= 0.253581\n"}
,{"stream_name":"stdout","time":1093.537806611,"data":"SECONDARY_EDGE_TTA_ACTIVE views= 8 weight= 0.75 mean_abs_feat_delta= 0.232939\n"}
,{"stream_name":"stdout","time":1093.740135937,"data":"SECONDARY_EDGE_TTA_ACTIVE views= 8 weight= 0.75 mean_abs_feat_delta= 0.232939\n"}
,{"stream_name":"stdout","time":1094.234893299,"data":"EDGE_TTA_ACTIVE views= 8 mean_abs_feat_delta= 0.338597\n"}
,{"stream_name":"stdout","time":1094.437101681,"data":"EDGE_TTA_ACTIVE views= 8 mean_abs_feat_delta= 0.338597\n"}
,{"stream_name":"stdout","time":1094.654476907,"data":"EDGE_TTA_ACTIVE views= 8 mean_abs_feat_delta= 0.356519\n"}
,{"stream_name":"stdout","time":1094.856549061,"data":"EDGE_TTA_ACTIVE views= 8 mean_abs_feat_delta= 0.356519\n"}
,{"stream_name":"stdout","time":1095.245779414,"data":"SECONDARY_EDGE_TTA_ACTIVE views= 8 weight= 0.75 mean_abs_feat_delta= 0.249457\n"}
,{"stream_name":"stdout","time":1095.448139053,"data":"SECONDARY_EDGE_TTA_ACTIVE views= 8 weight= 0.75 mean_abs_feat_delta= 0.249457\n"}
,{"stream_name":"stdout","time":1095.688382685,"data":"SECONDARY_EDGE_TTA_ACTIVE views= 8 weight= 0.75 mean_abs_feat_delta= 0.231872\n"}
,{"stream_name":"stdout","time":1095.890473738,"data":"SECONDARY_EDGE_TTA_ACTIVE views= 8 weight= 0.75 mean_abs_feat_delta= 0.231872\n"}
,{"stream_name":"stdout","time":1096.536972957,"data":"EDGE_TTA_ACTIVE views= 8 mean_abs_feat_delta= 0.334467\n"}
,{"stream_name":"stdout","time":1096.739316667,"data":"EDGE_TTA_ACTIVE views= 8 mean_abs_feat_delta= 0.334467\n"}
,{"stream_name":"stdout","time":1096.836941273,"data":"EDGE_TTA_ACTIVE views= 8 mean_abs_feat_delta= 0.353385\n"}
,{"stream_name":"stdout","time":1097.039022333,"data":"EDGE_TTA_ACTIVE views= 8 mean_abs_feat_delta= 0.353385\n"}
,{"stream_name":"stdout","time":1097.547524461,"data":"SECONDARY_EDGE_TTA_ACTIVE views= 8 weight= 0.75 mean_abs_feat_delta= 0.249429\n"}
,{"stream_name":"stdout","time":1097.749777955,"data":"SECONDARY_EDGE_TTA_ACTIVE views= 8 weight= 0.75 mean_abs_feat_delta= 0.249429\n"}
,{"stream_name":"stdout","time":1097.869563844,"data":"SECONDARY_EDGE_TTA_ACTIVE views= 8 weight= 0.75 mean_abs_feat_delta= 0.232685\n"}
,{"stream_name":"stdout","time":1098.071734085,"data":"SECONDARY_EDGE_TTA_ACTIVE views= 8 weight= 0.75 mean_abs_feat_delta= 0.232685\n"}
,{"stream_name":"stdout","time":1098.848615663,"data":"EDGE_TTA_ACTIVE views= 8 mean_abs_feat_delta= 0.334048\n"}
,{"stream_name":"stdout","time":1098.983563366,"data":"EDGE_TTA_ACTIVE views= 8 mean_abs_feat_delta= 0.351229\n"}
,{"stream_name":"stdout","time":1099.050920394,"data":"EDGE_TTA_ACTIVE views= 8 mean_abs_feat_delta= 0.334048\n"}
,{"stream_name":"stdout","time":1099.050938491,"data":"EDGE_TTA_ACTIVE views= 8 mean_abs_feat_delta= 0.351229\n"}
,{"stream_name":"stdout","time":1099.861942378,"data":"SECONDARY_EDGE_TTA_ACTIVE views= 8 weight= 0.75 mean_abs_feat_delta= 0.246018\n"}
,{"stream_name":"stdout","time":1100.016561632,"data":"SECONDARY_EDGE_TTA_ACTIVE views= 8 weight= 0.75 mean_abs_feat_delta= 0.233018\n"}
,{"stream_name":"stdout","time":1100.063944966,"data":"SECONDARY_EDGE_TTA_ACTIVE views= 8 weight= 0.75 mean_abs_feat_delta= 0.246018\n"}
,{"stream_name":"stdout","time":1100.063965881,"data":"SECONDARY_EDGE_TTA_ACTIVE views= 8 weight= 0.75 mean_abs_feat_delta= 0.233018\n"}
,{"stream_name":"stdout","time":1101.16870395,"data":"EDGE_TTA_ACTIVE views= 8 mean_abs_feat_delta= 0.350705\n"}
,{"stream_name":"stdout","time":1101.221506842,"data":"EDGE_TTA_ACTIVE views= 8 mean_abs_feat_delta= 0.334845\n"}
,{"stream_name":"stdout","time":1101.371288733,"data":"EDGE_TTA_ACTIVE views= 8 mean_abs_feat_delta= 0.350705\n"}
,{"stream_name":"stdout","time":1101.371313124,"data":"EDGE_TTA_ACTIVE views= 8 mean_abs_feat_delta= 0.334845\n"}
,{"stream_name":"stdout","time":1102.201773854,"data":"SECONDARY_EDGE_TTA_ACTIVE views= 8 weight= 0.75 mean_abs_feat_delta= 0.234885\n"}
,{"stream_name":"stdout","time":1102.233773361,"data":"SECONDARY_EDGE_TTA_ACTIVE views= 8 weight= 0.75 mean_abs_feat_delta= 0.244333\n"}
,{"stream_name":"stdout","time":1102.403966223,"data":"SECONDARY_EDGE_TTA_ACTIVE views= 8 weight= 0.75 mean_abs_feat_delta= 0.234885\n"}
,{"stream_name":"stdout","time":1102.404045887,"data":"SECONDARY_EDGE_TTA_ACTIVE views= 8 weight= 0.75 mean_abs_feat_delta= 0.244333\n"}
,{"stream_name":"stdout","time":1103.318827911,"data":"EDGE_TTA_ACTIVE views= 8 mean_abs_feat_delta= 0.353278\n"}
,{"stream_name":"stdout","time":1103.521207273,"data":"EDGE_TTA_ACTIVE views= 8 mean_abs_feat_delta= 0.353278\n"}
,{"stream_name":"stdout","time":1103.558125085,"data":"EDGE_TTA_ACTIVE views= 8 mean_abs_feat_delta= 0.334767\n"}
,{"stream_name":"stdout","time":1103.760426216,"data":"EDGE_TTA_ACTIVE views= 8 mean_abs_feat_delta= 0.334767\n"}
,{"stream_name":"stdout","time":1104.351792628,"data":"SECONDARY_EDGE_TTA_ACTIVE views= 8 weight= 0.75 mean_abs_feat_delta= 0.232744\n"}
,{"stream_name":"stdout","time":1104.55404664,"data":"SECONDARY_EDGE_TTA_ACTIVE views= 8 weight= 0.75 mean_abs_feat_delta= 0.232744\n"}
,{"stream_name":"stdout","time":1104.569350455,"data":"SECONDARY_EDGE_TTA_ACTIVE views= 8 weight= 0.75 mean_abs_feat_delta= 0.248241\n"}
,{"stream_name":"stdout","time":1104.771464855,"data":"SECONDARY_EDGE_TTA_ACTIVE views= 8 weight= 0.75 mean_abs_feat_delta= 0.248241\n"}
,{"stream_name":"stdout","time":1105.457799513,"data":"EDGE_TTA_ACTIVE views= 8 mean_abs_feat_delta= 0.358064\n"}
,{"stream_name":"stdout","time":1105.659903604,"data":"EDGE_TTA_ACTIVE views= 8 mean_abs_feat_delta= 0.358064\n"}
,{"stream_name":"stdout","time":1105.858904307,"data":"EDGE_TTA_ACTIVE views= 8 mean_abs_feat_delta= 0.330452\n"}
,{"stream_name":"stdout","time":1106.061141473,"data":"EDGE_TTA_ACTIVE views= 8 mean_abs_feat_delta= 0.330452\n"}
,{"stream_name":"stdout","time":1106.486077848,"data":"SECONDARY_EDGE_TTA_ACTIVE views= 8 weight= 0.75 mean_abs_feat_delta= 0.229484\n"}
,{"stream_name":"stdout","time":1106.688553088,"data":"SECONDARY_EDGE_TTA_ACTIVE views= 8 weight= 0.75 mean_abs_feat_delta= 0.229484\n"}
,{"stream_name":"stdout","time":1106.8686081,"data":"SECONDARY_EDGE_TTA_ACTIVE views= 8 weight= 0.75 mean_abs_feat_delta= 0.239474\n"}
,{"stream_name":"stdout","time":1107.070736761,"data":"SECONDARY_EDGE_TTA_ACTIVE views= 8 weight= 0.75 mean_abs_feat_delta= 0.239474\n"}
,{"stream_name":"stdout","time":1107.599439006,"data":"EDGE_TTA_ACTIVE views= 8 mean_abs_feat_delta= 0.35946\n"}
,{"stream_name":"stdout","time":1107.801712321,"data":"EDGE_TTA_ACTIVE views= 8 mean_abs_feat_delta= 0.35946\n"}
,{"stream_name":"stdout","time":1108.17304092,"data":"EDGE_TTA_ACTIVE views= 8 mean_abs_feat_delta= 0.33197\n"}
,{"stream_name":"stdout","time":1108.375675478,"data":"EDGE_TTA_ACTIVE views= 8 mean_abs_feat_delta= 0.33197\n"}
,{"stream_name":"stdout","time":1108.629720557,"data":"SECONDARY_EDGE_TTA_ACTIVE views= 8 weight= 0.75 mean_abs_feat_delta= 0.231302\n"}
,{"stream_name":"stdout","time":1108.832098314,"data":"SECONDARY_EDGE_TTA_ACTIVE views= 8 weight= 0.75 mean_abs_feat_delta= 0.231302\n"}
,{"stream_name":"stdout","time":1109.178934151,"data":"SECONDARY_EDGE_TTA_ACTIVE views= 8 weight= 0.75 mean_abs_feat_delta= 0.247447\n"}
,{"stream_name":"stdout","time":1109.381288983,"data":"SECONDARY_EDGE_TTA_ACTIVE views= 8 weight= 0.75 mean_abs_feat_delta= 0.247447\n"}
,{"stream_name":"stdout","time":1109.767559159,"data":"EDGE_TTA_ACTIVE views= 8 mean_abs_feat_delta= 0.357537\n"}
,{"stream_name":"stdout","time":1109.969952135,"data":"EDGE_TTA_ACTIVE views= 8 mean_abs_feat_delta= 0.357537\n"}
,{"stream_name":"stdout","time":1110.490172141,"data":"EDGE_TTA_ACTIVE views= 8 mean_abs_feat_delta= 0.33369\n"}
,{"stream_name":"stdout","time":1110.692200071,"data":"EDGE_TTA_ACTIVE views= 8 mean_abs_feat_delta= 0.33369\n"}
,{"stream_name":"stdout","time":1110.795270038,"data":"SECONDARY_EDGE_TTA_ACTIVE views= 8 weight= 0.75 mean_abs_feat_delta= 0.233885\n"}
,{"stream_name":"stdout","time":1110.997528407,"data":"SECONDARY_EDGE_TTA_ACTIVE views= 8 weight= 0.75 mean_abs_feat_delta= 0.233885\n"}
,{"stream_name":"stdout","time":1111.502419645,"data":"SECONDARY_EDGE_TTA_ACTIVE views= 8 weight= 0.75 mean_abs_feat_delta= 0.242876\n"}
,{"stream_name":"stdout","time":1111.70506178,"data":"SECONDARY_EDGE_TTA_ACTIVE views= 8 weight= 0.75 mean_abs_feat_delta= 0.242876\n"}
,{"stream_name":"stdout","time":1111.90345605,"data":"EDGE_TTA_ACTIVE views= 8 mean_abs_feat_delta= 0.357561\n"}
,{"stream_name":"stdout","time":1112.105724855,"data":"EDGE_TTA_ACTIVE views= 8 mean_abs_feat_delta= 0.357561\n"}
,{"stream_name":"stdout","time":1112.790968512,"data":"EDGE_TTA_ACTIVE views= 8 mean_abs_feat_delta= 0.335249\n"}
,{"stream_name":"stdout","time":1112.932157429,"data":"SECONDARY_EDGE_TTA_ACTIVE views= 8 weight= 0.75 mean_abs_feat_delta= 0.235923\n"}
,{"stream_name":"stdout","time":1112.993008321,"data":"EDGE_TTA_ACTIVE views= 8 mean_abs_feat_delta= 0.335249\n"}
,{"stream_name":"stdout","time":1112.993027635,"data":"SECONDARY_EDGE_TTA_ACTIVE views= 8 weight= 0.75 mean_abs_feat_delta= 0.235923\n"}
,{"stream_name":"stdout","time":1113.801124995,"data":"SECONDARY_EDGE_TTA_ACTIVE views= 8 weight= 0.75 mean_abs_feat_delta= 0.249719\n"}
,{"stream_name":"stdout","time":1114.003425188,"data":"SECONDARY_EDGE_TTA_ACTIVE views= 8 weight= 0.75 mean_abs_feat_delta= 0.249719\n"}
,{"stream_name":"stdout","time":1114.03550992,"data":"EDGE_TTA_ACTIVE views= 8 mean_abs_feat_delta= 0.356691\n"}
,{"stream_name":"stdout","time":1114.237898144,"data":"EDGE_TTA_ACTIVE views= 8 mean_abs_feat_delta= 0.356691\n"}
,{"stream_name":"stdout","time":1115.064921249,"data":"SECONDARY_EDGE_TTA_ACTIVE views= 8 weight= 0.75 mean_abs_feat_delta= 0.236514\n"}
,{"stream_name":"stdout","time":1115.090323965,"data":"EDGE_TTA_ACTIVE views= 8 mean_abs_feat_delta= 0.33665\n"}
,{"stream_name":"stdout","time":1115.267387735,"data":"SECONDARY_EDGE_TTA_ACTIVE views= 8 weight= 0.75 mean_abs_feat_delta= 0.236514\n"}
,{"stream_name":"stdout","time":1115.267417072,"data":"EDGE_TTA_ACTIVE views= 8 mean_abs_feat_delta= 0.33665\n"}
,{"stream_name":"stdout","time":1116.100935123,"data":"SECONDARY_EDGE_TTA_ACTIVE views= 8 weight= 0.75 mean_abs_feat_delta= 0.250474\n"}
,{"stream_name":"stdout","time":1116.171893907,"data":"EDGE_TTA_ACTIVE views= 8 mean_abs_feat_delta= 0.360713\n"}
,{"stream_name":"stdout","time":1116.303349167,"data":"SECONDARY_EDGE_TTA_ACTIVE views= 8 weight= 0.75 mean_abs_feat_delta= 0.250474\n"}
,{"stream_name":"stdout","time":1116.303368971,"data":"EDGE_TTA_ACTIVE views= 8 mean_abs_feat_delta= 0.360713\n"}
,{"stream_name":"stdout","time":1117.196241468,"data":"SECONDARY_EDGE_TTA_ACTIVE views= 8 weight= 0.75 mean_abs_feat_delta= 0.236886\n"}
,{"stream_name":"stdout","time":1117.398683905,"data":"SECONDARY_EDGE_TTA_ACTIVE views= 8 weight= 0.75 mean_abs_feat_delta= 0.236886\n"}
,{"stream_name":"stdout","time":1117.454809399,"data":"EDGE_TTA_ACTIVE views= 8 mean_abs_feat_delta= 0.338336\n"}
,{"stream_name":"stdout","time":1117.656948151,"data":"EDGE_TTA_ACTIVE views= 8 mean_abs_feat_delta= 0.338336\n"}
,{"stream_name":"stdout","time":1118.30557837,"data":"EDGE_TTA_ACTIVE views= 8 mean_abs_feat_delta= 0.361191\n"}
,{"stream_name":"stdout","time":1118.466670998,"data":"SECONDARY_EDGE_TTA_ACTIVE views= 8 weight= 0.75 mean_abs_feat_delta= 0.243806\n"}
,{"stream_name":"stdout","time":1118.507862017,"data":"EDGE_TTA_ACTIVE views= 8 mean_abs_feat_delta= 0.361191\n"}
,{"stream_name":"stdout","time":1118.507879932,"data":"SECONDARY_EDGE_TTA_ACTIVE views= 8 weight= 0.75 mean_abs_feat_delta= 0.243806\n"}
,{"stream_name":"stdout","time":1119.33577294,"data":"SECONDARY_EDGE_TTA_ACTIVE views= 8 weight= 0.75 mean_abs_feat_delta= 0.236659\n"}
,{"stream_name":"stdout","time":1119.538122599,"data":"SECONDARY_EDGE_TTA_ACTIVE views= 8 weight= 0.75 mean_abs_feat_delta= 0.236659\n"}
,{"stream_name":"stdout","time":1119.767378713,"data":"EDGE_TTA_ACTIVE views= 8 mean_abs_feat_delta= 0.337788\n"}
,{"stream_name":"stdout","time":1119.969800983,"data":"EDGE_TTA_ACTIVE views= 8 mean_abs_feat_delta= 0.337788\n"}
,{"stream_name":"stdout","time":1120.443237831,"data":"EDGE_TTA_ACTIVE views= 8 mean_abs_feat_delta= 0.363957\n"}
,{"stream_name":"stdout","time":1120.645621594,"data":"EDGE_TTA_ACTIVE views= 8 mean_abs_feat_delta= 0.363957\n"}
,{"stream_name":"stdout","time":1120.774862832,"data":"SECONDARY_EDGE_TTA_ACTIVE views= 8 weight= 0.75 mean_abs_feat_delta= 0.245508\n"}
,{"stream_name":"stdout","time":1120.977133282,"data":"SECONDARY_EDGE_TTA_ACTIVE views= 8 weight= 0.75 mean_abs_feat_delta= 0.245508\n"}
,{"stream_name":"stdout","time":1121.471622108,"data":"SECONDARY_EDGE_TTA_ACTIVE views= 8 weight= 0.75 mean_abs_feat_delta= 0.238038\n"}
,{"stream_name":"stdout","time":1121.674154804,"data":"SECONDARY_EDGE_TTA_ACTIVE views= 8 weight= 0.75 mean_abs_feat_delta= 0.238038\n"}
,{"stream_name":"stdout","time":1122.091724937,"data":"EDGE_TTA_ACTIVE views= 8 mean_abs_feat_delta= 0.325091\n"}
,{"stream_name":"stdout","time":1122.353249019,"data":"EDGE_TTA_ACTIVE views= 8 mean_abs_feat_delta= 0.325091\n"}
,{"stream_name":"stdout","time":1123.101197182,"data":"SECONDARY_EDGE_TTA_ACTIVE views= 8 weight= 0.75 mean_abs_feat_delta= 0.241957\n"}
,{"stream_name":"stdout","time":1123.303409748,"data":"SECONDARY_EDGE_TTA_ACTIVE views= 8 weight= 0.75 mean_abs_feat_delta= 0.241957\n"}
,{"stream_name":"stdout","time":1124.503865596,"data":"EDGE_TTA_ACTIVE views= 8 mean_abs_feat_delta= 0.32712\n"}
,{"stream_name":"stdout","time":1124.706266744,"data":"EDGE_TTA_ACTIVE views= 8 mean_abs_feat_delta= 0.32712\n"}
,{"stream_name":"stdout","time":1125.515800887,"data":"SECONDARY_EDGE_TTA_ACTIVE views= 8 weight= 0.75 mean_abs_feat_delta= 0.252361\n"}
,{"stream_name":"stdout","time":1125.718481117,"data":"SECONDARY_EDGE_TTA_ACTIVE views= 8 weight= 0.75 mean_abs_feat_delta= 0.252361\n"}
,{"stream_name":"stdout","time":1125.913637394,"data":"Saved 2 predictions to /kaggle/working/tracking_repo/predictions/unknown/unet_transformer_gpu0/split_0\n"}
,{"stream_name":"stdout","time":1126.11607801,"data":"Saved 2 predictions to /kaggle/working/tracking_repo/predictions/unknown/unet_transformer_gpu0/split_0\n"}
,{"stream_name":"stdout","time":1126.822133402,"data":"EDGE_TTA_ACTIVE views= 8 mean_abs_feat_delta= 0.323213\n"}
,{"stream_name":"stdout","time":1127.02443962,"data":"EDGE_TTA_ACTIVE views= 8 mean_abs_feat_delta= 0.323213\n"}
,{"stream_name":"stdout","time":1127.834163887,"data":"SECONDARY_EDGE_TTA_ACTIVE views= 8 weight= 0.75 mean_abs_feat_delta= 0.245152\n"}
,{"stream_name":"stdout","time":1128.036466371,"data":"SECONDARY_EDGE_TTA_ACTIVE views= 8 weight= 0.75 mean_abs_feat_delta= 0.245152\n"}
,{"stream_name":"stdout","time":1129.148776643,"data":"EDGE_TTA_ACTIVE views= 8 mean_abs_feat_delta= 0.321976\n"}
,{"stream_name":"stdout","time":1129.350985934,"data":"EDGE_TTA_ACTIVE views= 8 mean_abs_feat_delta= 0.321976\n"}
,{"stream_name":"stdout","time":1130.15739994,"data":"SECONDARY_EDGE_TTA_ACTIVE views= 8 weight= 0.75 mean_abs_feat_delta= 0.249767\n"}
,{"stream_name":"stdout","time":1130.35955949,"data":"SECONDARY_EDGE_TTA_ACTIVE views= 8 weight= 0.75 mean_abs_feat_delta= 0.249767\n"}
,{"stream_name":"stdout","time":1131.463139018,"data":"EDGE_TTA_ACTIVE views= 8 mean_abs_feat_delta= 0.323768\n"}
,{"stream_name":"stdout","time":1131.665251952,"data":"EDGE_TTA_ACTIVE views= 8 mean_abs_feat_delta= 0.323768\n"}
,{"stream_name":"stdout","time":1132.472276221,"data":"SECONDARY_EDGE_TTA_ACTIVE views= 8 weight= 0.75 mean_abs_feat_delta= 0.251085\n"}
,{"stream_name":"stdout","time":1132.674481152,"data":"SECONDARY_EDGE_TTA_ACTIVE views= 8 weight= 0.75 mean_abs_feat_delta= 0.251085\n"}
,{"stream_name":"stdout","time":1133.815083523,"data":"EDGE_TTA_ACTIVE views= 8 mean_abs_feat_delta= 0.324555\n"}
,{"stream_name":"stdout","time":1134.017164029,"data":"EDGE_TTA_ACTIVE views= 8 mean_abs_feat_delta= 0.324555\n"}
,{"stream_name":"stdout","time":1134.825218676,"data":"SECONDARY_EDGE_TTA_ACTIVE views= 8 weight= 0.75 mean_abs_feat_delta= 0.240115\n"}
,{"stream_name":"stdout","time":1135.027261134,"data":"SECONDARY_EDGE_TTA_ACTIVE views= 8 weight= 0.75 mean_abs_feat_delta= 0.240115\n"}
,{"stream_name":"stdout","time":1136.170211509,"data":"EDGE_TTA_ACTIVE views= 8 mean_abs_feat_delta= 0.322809\n"}
,{"stream_name":"stdout","time":1136.372309695,"data":"EDGE_TTA_ACTIVE views= 8 mean_abs_feat_delta= 0.322809\n"}
,{"stream_name":"stdout","time":1137.179867207,"data":"SECONDARY_EDGE_TTA_ACTIVE views= 8 weight= 0.75 mean_abs_feat_delta= 0.247767\n"}
,{"stream_name":"stdout","time":1137.381987712,"data":"SECONDARY_EDGE_TTA_ACTIVE views= 8 weight= 0.75 mean_abs_feat_delta= 0.247767\n"}
,{"stream_name":"stdout","time":1138.477251334,"data":"EDGE_TTA_ACTIVE views= 8 mean_abs_feat_delta= 0.322603\n"}
,{"stream_name":"stdout","time":1138.679389725,"data":"EDGE_TTA_ACTIVE views= 8 mean_abs_feat_delta= 0.322603\n"}
,{"stream_name":"stdout","time":1139.486673811,"data":"SECONDARY_EDGE_TTA_ACTIVE views= 8 weight= 0.75 mean_abs_feat_delta= 0.251849\n"}
,{"stream_name":"stdout","time":1139.688740201,"data":"SECONDARY_EDGE_TTA_ACTIVE views= 8 weight= 0.75 mean_abs_feat_delta= 0.251849\n"}
,{"stream_name":"stdout","time":1140.822561566,"data":"EDGE_TTA_ACTIVE views= 8 mean_abs_feat_delta= 0.324787\n"}
,{"stream_name":"stdout","time":1141.024612596,"data":"EDGE_TTA_ACTIVE views= 8 mean_abs_feat_delta= 0.324787\n"}
,{"stream_name":"stdout","time":1141.83255977,"data":"SECONDARY_EDGE_TTA_ACTIVE views= 8 weight= 0.75 mean_abs_feat_delta= 0.251337\n"}
,{"stream_name":"stdout","time":1142.034939302,"data":"SECONDARY_EDGE_TTA_ACTIVE views= 8 weight= 0.75 mean_abs_feat_delta= 0.251337\n"}
,{"stream_name":"stdout","time":1143.214310378,"data":"EDGE_TTA_ACTIVE views= 8 mean_abs_feat_delta= 0.328006\n"}
,{"stream_name":"stdout","time":1143.416539553,"data":"EDGE_TTA_ACTIVE views= 8 mean_abs_feat_delta= 0.328006\n"}
,{"stream_name":"stdout","time":1144.226457782,"data":"SECONDARY_EDGE_TTA_ACTIVE views= 8 weight= 0.75 mean_abs_feat_delta= 0.245223\n"}
,{"stream_name":"stdout","time":1144.428784285,"data":"SECONDARY_EDGE_TTA_ACTIVE views= 8 weight= 0.75 mean_abs_feat_delta= 0.245223\n"}
,{"stream_name":"stdout","time":1145.61460511,"data":"EDGE_TTA_ACTIVE views= 8 mean_abs_feat_delta= 0.327848\n"}
,{"stream_name":"stdout","time":1145.81689986,"data":"EDGE_TTA_ACTIVE views= 8 mean_abs_feat_delta= 0.327848\n"}
,{"stream_name":"stdout","time":1146.622269501,"data":"SECONDARY_EDGE_TTA_ACTIVE views= 8 weight= 0.75 mean_abs_feat_delta= 0.244281\n"}
,{"stream_name":"stdout","time":1146.824331969,"data":"SECONDARY_EDGE_TTA_ACTIVE views= 8 weight= 0.75 mean_abs_feat_delta= 0.244281\n"}
,{"stream_name":"stdout","time":1148.014231504,"data":"EDGE_TTA_ACTIVE views= 8 mean_abs_feat_delta= 0.327032\n"}
,{"stream_name":"stdout","time":1148.216275061,"data":"EDGE_TTA_ACTIVE views= 8 mean_abs_feat_delta= 0.327032\n"}
,{"stream_name":"stdout","time":1149.023827388,"data":"SECONDARY_EDGE_TTA_ACTIVE views= 8 weight= 0.75 mean_abs_feat_delta= 0.248899\n"}
,{"stream_name":"stdout","time":1149.225996281,"data":"SECONDARY_EDGE_TTA_ACTIVE views= 8 weight= 0.75 mean_abs_feat_delta= 0.248899\n"}
,{"stream_name":"stdout","time":1229.124875388,"data":"Saved 2 predictions to /kaggle/working/tracking_repo/predictions/unknown/unet_transformer_gpu1/split_0\n"}
,{"stream_name":"stdout","time":1229.3623175,"data":"Saved 2 predictions to /kaggle/working/tracking_repo/predictions/unknown/unet_transformer_gpu1/split_0\n"}
,{"stream_name":"stdout","time":1231.412341988,"data":"Merged 4 prediction graphs into /kaggle/working/tracking_repo/predictions/unknown/unet_transformer/split_0\n"}
,{"stream_name":"stdout","time":1231.412367163,"data":"Prediction completed in 9.42 minutes\n"}
,{"stream_name":"stdout","time":1231.975750917,"data":"Trying DeepCenter add-only gate checkpoint: /kaggle/input/biohub-deepcenter-unet3d-center-prior-v1/weights/full_frame_center/best.pt\n"}
,{"stream_name":"stdout","time":1232.263022786,"data":"Loaded DeepCenter add-only gate checkpoint: /kaggle/input/biohub-deepcenter-unet3d-center-prior-v1/weights/full_frame_center/best.pt\n"}
,{"stream_name":"stdout","time":1232.263056074,"data":"DeepCenter checkpoint epoch: 2 best_score: -0.04500306242456039\n"}
,{"stream_name":"stdout","time":1232.263062572,"data":"DivNet mitosis checkpoint not found. Operating in geometric baseline mode.\n"}
,{"stream_name":"stdout","time":1232.263067179,"data":"Found 4 prediction graphs\n"}
,{"stream_name":"stdout","time":1232.263071644,"data":"Executing parallel post-processing across 4 datasets (ThreadPoolExecutor max_workers=4)...\n"}
,{"stream_name":"stdout","time":1233.313138101,"data":"  [6bba_05b6850b] Density Group: LOW -\u003e tight=7.25um, relaxed=11.0um, bonus=3.0\n"}
,{"stream_name":"stdout","time":1233.313175549,"data":"  [44b6_0b24845f] Density Group: MIDDLE -\u003e tight=6.5um, relaxed=9.0um, bonus=6.0\n"}
,{"stream_name":"stdout","time":1233.917233129,"data":"  [44b6_0113de3b] Density Group: MIDDLE -\u003e tight=6.5um, relaxed=9.0um, bonus=6.0\n"}
,{"stream_name":"stdout","time":1234.8794881,"data":"  [6bba_05db0fb1] Density Group: HIGH -\u003e tight=5.5um, relaxed=10.0um, bonus=1.0\n"}
,{"stream_name":"stdout","time":1242.348488156,"data":"  [6bba_05b6850b] after edge-filter+motion-relink: 6305 nodes, 6046 edges\n"}
,{"stream_name":"stdout","time":1249.160534067,"data":"DEEPCENTER_TTA_ACTIVE views= 8 mean_abs_logit_delta= 0.139295\n"}
,{"stream_name":"stdout","time":1254.165557807,"data":"  [6bba_05b6850b] after gap-closing (single-frame + gap2): 6337 nodes, 6103 edges\n"}
,{"stream_name":"stdout","time":1283.750885159,"data":"  [6bba_05b6850b] after safe-division repair: 6337 nodes, 6111 edges (geometric_candidates=20, deepcenter_rejected=12, post_veto_candidates=8, added=8, cap_skipped=0, mutual_nn_rejected=5, divergence_rejected=81)\n"}
,{"stream_name":"stdout","time":1283.750926547,"data":"  [6bba_05b6850b] after division-geometry-filter+prune-isolated: 6337 nodes, 6111 edges\n"}
,{"stream_name":"stdout","time":1283.750933996,"data":"  [6bba_05b6850b] after short-track filtering: 6299 nodes, 6083 edges (components_removed=10)\n"}
,{"stream_name":"stdout","time":1285.856416425,"data":"  [6bba_05b6850b] after kinematic-filter (low): 6083 edges (severed=0)\n"}
,{"stream_name":"stdout","time":1285.856455306,"data":"  [6bba_05b6850b] FINAL: 6299 nodes, 6083 edges\n"}
,{"stream_name":"stdout","time":1285.856462205,"data":"  [6bba_05b6850b] post-process done: 6299 nodes, 6083 edges, 8 divisions\n"}
,{"stream_name":"stdout","time":1473.745030493,"data":"  [44b6_0b24845f] after edge-filter+motion-relink: 20819 nodes, 18792 edges\n"}
,{"stream_name":"stdout","time":1515.930432116,"data":"  [44b6_0b24845f] after gap-closing (single-frame + gap2): 21200 nodes, 19482 edges\n"}
,{"stream_name":"stdout","time":1547.783481864,"data":"  [44b6_0113de3b] after edge-filter+motion-relink: 25822 nodes, 25018 edges\n"}
,{"stream_name":"stdout","time":1554.939786912,"data":"  [44b6_0113de3b] after gap-closing (single-frame + gap2): 25882 nodes, 25129 edges\n"}
,{"stream_name":"stdout","time":1587.639539139,"data":"  [44b6_0b24845f] after safe-division repair: 21200 nodes, 19497 edges (geometric_candidates=222, deepcenter_rejected=207, post_veto_candidates=15, added=15, cap_skipped=0, mutual_nn_rejected=63, divergence_rejected=872)\n"}
,{"stream_name":"stdout","time":1587.639574235,"data":"  [44b6_0b24845f] after division-geometry-filter+prune-isolated: 21188 nodes, 19497 edges\n"}
,{"stream_name":"stdout","time":1587.639581454,"data":"  [44b6_0b24845f] after short-track filtering: 20582 nodes, 19046 edges (components_removed=155)\n"}
,{"stream_name":"stdout","time":1592.463994253,"data":"  [44b6_0b24845f] after kinematic-filter (middle): 19046 edges (severed=0)\n"}
,{"stream_name":"stdout","time":1592.464037292,"data":"  [44b6_0b24845f] FINAL: 20582 nodes, 19046 edges\n"}
,{"stream_name":"stdout","time":1592.464044605,"data":"  [44b6_0b24845f] post-process done: 20582 nodes, 19046 edges, 15 divisions\n"}
,{"stream_name":"stdout","time":1604.419595325,"data":"  [44b6_0113de3b] after safe-division repair: 25882 nodes, 25170 edges (geometric_candidates=161, deepcenter_rejected=116, post_veto_candidates=45, added=41, cap_skipped=0, mutual_nn_rejected=59, divergence_rejected=458)\n"}
,{"stream_name":"stdout","time":1604.419668194,"data":"  [44b6_0113de3b] after division-geometry-filter+prune-isolated: 25879 nodes, 25170 edges\n"}
,{"stream_name":"stdout","time":1604.419675713,"data":"  [44b6_0113de3b] after short-track filtering: 25839 nodes, 25140 edges (components_removed=10)\n"}
,{"stream_name":"stdout","time":1610.661814706,"data":"  [44b6_0113de3b] after kinematic-filter (middle): 25140 edges (severed=0)\n"}
,{"stream_name":"stdout","time":1610.661854125,"data":"  [44b6_0113de3b] FINAL: 25839 nodes, 25140 edges\n"}
,{"stream_name":"stdout","time":1610.661860321,"data":"  [44b6_0113de3b] post-process done: 25839 nodes, 25140 edges, 41 divisions\n"}
,{"stream_name":"stdout","time":1731.983153897,"data":"  [6bba_05db0fb1] after edge-filter+motion-relink: 70268 nodes, 67666 edges\n"}
,{"stream_name":"stdout","time":1741.846098648,"data":"  [6bba_05db0fb1] after gap-closing (single-frame + gap2): 70680 nodes, 68433 edges\n"}
,{"stream_name":"stdout","time":1769.194637067,"data":"  [6bba_05db0fb1] after safe-division repair: 70680 nodes, 68449 edges (geometric_candidates=274, deepcenter_rejected=257, post_veto_candidates=17, added=16, cap_skipped=0, mutual_nn_rejected=240, divergence_rejected=2465)\n"}
,{"stream_name":"stdout","time":1769.1946769,"data":"  [6bba_05db0fb1] after division-geometry-filter+prune-isolated: 70673 nodes, 68449 edges\n"}
,{"stream_name":"stdout","time":1769.669115377,"data":"  [6bba_05db0fb1] after short-track filtering: 70522 nodes, 68338 edges (components_removed=40)\n"}
,{"stream_name":"stdout","time":1783.581570782,"data":"  [6bba_05db0fb1] after kinematic-filter (high): 68338 edges (severed=0)\n"}
,{"stream_name":"stdout","time":1786.627061549,"data":"  [6bba_05db0fb1] 050b Shielded Mitosis added 12 high-confidence division edges.\n"}
,{"stream_name":"stdout","time":1786.627091401,"data":"  [6bba_05db0fb1] FINAL: 70522 nodes, 68350 edges\n"}
,{"stream_name":"stdout","time":1786.62709735,"data":"  [6bba_05db0fb1] post-process done: 70522 nodes, 68350 edges, 28 divisions\n"}
,{"stream_name":"stdout","time":1787.667465793,"data":"Executing strict multi-point submission validation...\n"}
,{"stream_name":"stdout","time":1787.699923235,"data":"[PASS] 100% strict submission validation checks passed successfully!\n"}
,{"stream_name":"stdout","time":1787.699946995,"data":"Wrote /kaggle/working/submission.csv with 241,861 rows\n"}
,{"stream_name":"stdout","time":1787.699952251,"data":"Node rows: 123,242 | edge rows: 118,619\n"}
,{"stream_name":"stdout","time":1787.699967728,"data":"Wrote /kaggle/working/run_stats.csv\n"}
,{"stream_name":"stdout","time":1788.52388844,"data":"{\n"}
,{"stream_name":"stdout","time":1788.52394795,"data":"  \"configuration\": {\n"}
,{"stream_name":"stdout","time":1788.523954018,"data":"    \"bidirectional_primary_weight\": 0.3,\n"}
,{"stream_name":"stdout","time":1788.523958652,"data":"    \"deepcenter_gap_confirm_min_span_um\": 8.5,\n"}
,{"stream_name":"stdout","time":1788.52396327,"data":"    \"deepcenter_gap_threshold\": 0.25,\n"}
,{"stream_name":"stdout","time":1788.523967622,"data":"    \"detector_threshold\": 0.96875,\n"}
,{"stream_name":"stdout","time":1788.523972004,"data":"    \"edge_candidate_threshold\": 0.48,\n"}
,{"stream_name":"stdout","time":1788.523976436,"data":"    \"fallback_scope\": \"individual_frame\",\n"}
,{"stream_name":"stdout","time":1788.523981105,"data":"    \"gap_close_um\": 5.8,\n"}
,{"stream_name":"stdout","time":1788.52398561,"data":"    \"ilp_appearance_weight\": 0.0,\n"}
,{"stream_name":"stdout","time":1788.523990025,"data":"    \"ilp_disappearance_weight\": 1.5,\n"}
,{"stream_name":"stdout","time":1788.523994522,"data":"    \"minimum_candidate_retention\": 0.9,\n"}
,{"stream_name":"stdout","time":1788.52399892,"data":"    \"secondary_detection_weight\": 0.475,\n"}
,{"stream_name":"stdout","time":1788.524003294,"data":"    \"secondary_edge_weight\": 0.15,\n"}
,{"stream_name":"stdout","time":1788.524007344,"data":"    \"secondary_link_mode\": \"low_margin_consensus\",\n"}
,{"stream_name":"stdout","time":1788.524012657,"data":"    \"secondary_low_margin_max\": 0.35\n"}
,{"stream_name":"stdout","time":1788.524016844,"data":"  },\n"}
,{"stream_name":"stdout","time":1788.524020919,"data":"  \"diagnostics\": {\n"}
,{"stream_name":"stdout","time":1788.524024612,"data":"    \"by_movie\": {\n"}
,{"stream_name":"stdout","time":1788.524028497,"data":"      \"44b6_0113de3b\": {\n"}
,{"stream_name":"stdout","time":1788.524032711,"data":"        \"fallback_frames\": 0,\n"}
,{"stream_name":"stdout","time":1788.524036848,"data":"        \"frames\": 100,\n"}
,{"stream_name":"stdout","time":1788.524040794,"data":"        \"median_retention\": 1.0118578927634045,\n"}
,{"stream_name":"stdout","time":1788.524045091,"data":"        \"minimum_retention\": 0.9926739926739927\n"}
,{"stream_name":"stdout","time":1788.524049118,"data":"      },\n"}
,{"stream_name":"stdout","time":1788.524053103,"data":"      \"44b6_0b24845f\": {\n"}
,{"stream_name":"stdout","time":1788.52405775,"data":"        \"fallback_frames\": 95,\n"}
,{"stream_name":"stdout","time":1788.52406241,"data":"        \"frames\": 100,\n"}
,{"stream_name":"stdout","time":1788.524067288,"data":"        \"median_retention\": 0.7382675438596491,\n"}
,{"stream_name":"stdout","time":1788.524083768,"data":"        \"minimum_retention\": 0.17370892018779344\n"}
,{"stream_name":"stdout","time":1788.524087989,"data":"      },\n"}
,{"stream_name":"stdout","time":1788.524091433,"data":"      \"6bba_05b6850b\": {\n"}
,{"stream_name":"stdout","time":1788.52409508,"data":"        \"fallback_frames\": 1,\n"}
,{"stream_name":"stdout","time":1788.52409874,"data":"        \"frames\": 100,\n"}
,{"stream_name":"stdout","time":1788.524102553,"data":"        \"median_retention\": 1.0137012012012012,\n"}
,{"stream_name":"stdout","time":1788.524106172,"data":"        \"minimum_retention\": 0.8918918918918919\n"}
,{"stream_name":"stdout","time":1788.524109665,"data":"      },\n"}
,{"stream_name":"stdout","time":1788.524113162,"data":"      \"6bba_05db0fb1\": {\n"}
,{"stream_name":"stdout","time":1788.524128331,"data":"        \"fallback_frames\": 0,\n"}
,{"stream_name":"stdout","time":1788.524132101,"data":"        \"frames\": 100,\n"}
,{"stream_name":"stdout","time":1788.524135243,"data":"        \"median_retention\": 1.0114957716701904,\n"}
,{"stream_name":"stdout","time":1788.524138649,"data":"        \"minimum_retention\": 0.9728506787330317\n"}
,{"stream_name":"stdout","time":1788.524141991,"data":"      }\n"}
,{"stream_name":"stdout","time":1788.52414524,"data":"    },\n"}
,{"stream_name":"stdout","time":1788.524148355,"data":"    \"fallback_frames\": 96,\n"}
,{"stream_name":"stdout","time":1788.524151639,"data":"    \"rows\": 400\n"}
,{"stream_name":"stdout","time":1788.524155049,"data":"  },\n"}
,{"stream_name":"stdout","time":1788.524158248,"data":"  \"experiment\": \"harmonic_bidirectional_association_v1\",\n"}
,{"stream_name":"stdout","time":1788.524161505,"data":"  \"hardware\": {\n"}
,{"stream_name":"stdout","time":1788.524165199,"data":"    \"visible_gpu_count\": 2\n"}
,{"stream_name":"stdout","time":1788.524168371,"data":"  },\n"}
,{"stream_name":"stdout","time":1788.524181474,"data":"  \"leaderboard_feedback_used_for_configuration\": true,\n"}
,{"stream_name":"stdout","time":1788.524185264,"data":"  \"method_attribution\": \"fixed-90 dual-seed baseline with harmonic mutual-support association fusion (rule from public CC0 notebook yusuketogashi/no-hack-biohub-cell-another-approch-3rd v18)\",\n"}
,{"stream_name":"stdout","time":1788.524190544,"data":"  \"metric_hack_used\": false,\n"}
,{"stream_name":"stdout","time":1788.524193822,"data":"  \"organizer_labels_used_for_configuration\": false,\n"}
,{"stream_name":"stdout","time":1788.524197907,"data":"  \"parent_experiment\": \"paired_bidirectional_primary_weight020_vs_forward_v1\",\n"}
,{"stream_name":"stdout","time":1788.524201429,"data":"  \"public_output_used\": false,\n"}
,{"stream_name":"stdout","time":1788.52420496,"data":"  \"quality_promotion\": {\n"}
,{"stream_name":"stdout","time":1788.524208054,"data":"    \"execute_push_submit\": \"FORBIDDEN_UNTIL_REQUIRED_CONDITION\",\n"}
,{"stream_name":"stdout","time":1788.524213399,"data":"    \"required_condition\": \"promote=true\",\n"}
,{"stream_name":"stdout","time":1788.524217044,"data":"    \"required_receipt\": \"bidirectional_blend_union13_receipt.json\",\n"}
,{"stream_name":"stdout","time":1788.52422081,"data":"    \"status\": \"candidate_unverified\",\n"}
,{"stream_name":"stdout","time":1788.524224026,"data":"    \"validated_receipt_sha256\": null\n"}
,{"stream_name":"stdout","time":1788.524227213,"data":"  },\n"}
,{"stream_name":"stdout","time":1788.524230416,"data":"  \"source_kernel\": \"raykkretzschmar/biohub-bidirectional-primary-union13-diagnostic-v1\",\n"}
,{"stream_name":"stdout","time":1788.524234066,"data":"  \"source_notebook_sha256\": \"3e65ca691941949196bf417030ea84fccafe16baaec174b2a63540451bb937e8\",\n"}
,{"stream_name":"stdout","time":1788.524237855,"data":"  \"status\": \"clean_graph_audit_pass_candidate_unverified_quality\",\n"}
,{"stream_name":"stdout","time":1788.524241929,"data":"  \"submission\": {\n"}
,{"stream_name":"stdout","time":1788.524245223,"data":"    \"datasets\": [\n"}
,{"stream_name":"stdout","time":1788.524249609,"data":"      \"44b6_0113de3b\",\n"}
,{"stream_name":"stdout","time":1788.524253396,"data":"      \"44b6_0b24845f\",\n"}
,{"stream_name":"stdout","time":1788.524257118,"data":"      \"6bba_05b6850b\",\n"}
,{"stream_name":"stdout","time":1788.524260816,"data":"      \"6bba_05db0fb1\"\n"}
,{"stream_name":"stdout","time":1788.524264487,"data":"    ],\n"}
,{"stream_name":"stdout","time":1788.524268198,"data":"    \"rows\": 241861,\n"}
,{"stream_name":"stdout","time":1788.524278801,"data":"    \"sha256\": \"7f6f53b11d83a3f70d20ae17193233015306d0fae0c8ed8e985478b5695aa129\"\n"}
,{"stream_name":"stdout","time":1788.524283447,"data":"  },\n"}
,{"stream_name":"stdout","time":1788.524287234,"data":"  \"topology\": {\n"}
,{"stream_name":"stdout","time":1788.524291463,"data":"    \"44b6_0113de3b\": {\n"}
,{"stream_name":"stdout","time":1788.524295497,"data":"      \"division_parents\": 41,\n"}
,{"stream_name":"stdout","time":1788.524299334,"data":"      \"edges\": 25140,\n"}
,{"stream_name":"stdout","time":1788.524303634,"data":"      \"max_indegree\": 1,\n"}
,{"stream_name":"stdout","time":1788.524307826,"data":"      \"max_outdegree\": 2,\n"}
,{"stream_name":"stdout","time":1788.524311634,"data":"      \"nodes\": 25839\n"}
,{"stream_name":"stdout","time":1788.524315758,"data":"    },\n"}
,{"stream_name":"stdout","time":1788.524319214,"data":"    \"44b6_0b24845f\": {\n"}
,{"stream_name":"stdout","time":1788.524322666,"data":"      \"division_parents\": 15,\n"}
,{"stream_name":"stdout","time":1788.524325741,"data":"      \"edges\": 19046,\n"}
,{"stream_name":"stdout","time":1788.524328863,"data":"      \"max_indegree\": 1,\n"}
,{"stream_name":"stdout","time":1788.524332448,"data":"      \"max_outdegree\": 2,\n"}
,{"stream_name":"stdout","time":1788.524335669,"data":"      \"nodes\": 20582\n"}
,{"stream_name":"stdout","time":1788.524339236,"data":"    },\n"}
,{"stream_name":"stdout","time":1788.524350164,"data":"    \"6bba_05b6850b\": {\n"}
,{"stream_name":"stdout","time":1788.524353549,"data":"      \"division_parents\": 8,\n"}
,{"stream_name":"stdout","time":1788.524356891,"data":"      \"edges\": 6083,\n"}
,{"stream_name":"stdout","time":1788.52436001,"data":"      \"max_indegree\": 1,\n"}
,{"stream_name":"stdout","time":1788.524363145,"data":"      \"max_outdegree\": 2,\n"}
,{"stream_name":"stdout","time":1788.524366391,"data":"      \"nodes\": 6299\n"}
,{"stream_name":"stdout","time":1788.524369789,"data":"    },\n"}
,{"stream_name":"stdout","time":1788.524372931,"data":"    \"6bba_05db0fb1\": {\n"}
,{"stream_name":"stdout","time":1788.524376064,"data":"      \"division_parents\": 28,\n"}
,{"stream_name":"stdout","time":1788.524379449,"data":"      \"edges\": 68350,\n"}
,{"stream_name":"stdout","time":1788.524382586,"data":"      \"max_indegree\": 1,\n"}
,{"stream_name":"stdout","time":1788.524385834,"data":"      \"max_outdegree\": 2,\n"}
,{"stream_name":"stdout","time":1788.524389204,"data":"      \"nodes\": 70522\n"}
,{"stream_name":"stdout","time":1788.524392833,"data":"    }\n"}
,{"stream_name":"stdout","time":1788.524396469,"data":"  }\n"}
,{"stream_name":"stdout","time":1788.524399604,"data":"}\n"}
,{"stream_name":"stdout","time":1789.053294375,"data":"Total submission rows: 241,861\n"}
,{"stream_name":"stderr","time":1794.168273969,"data":"/usr/local/lib/python3.12/dist-packages/mistune.py:435: SyntaxWarning: invalid escape sequence '\\|'\n"}
,{"stream_name":"stderr","time":1794.168305033,"data":"  cells[i][c] = re.sub('\\\\\\\\\\|', '|', cell)\n"}
,{"stream_name":"stderr","time":1794.289650669,"data":"/usr/local/lib/python3.12/dist-packages/nbconvert/filters/filter_links.py:36: SyntaxWarning: invalid escape sequence '\\_'\n"}
,{"stream_name":"stderr","time":1794.289673878,"data":"  text = re.sub(r'_', '\\_', text) # Escape underscores in display text\n"}
,{"stream_name":"stderr","time":1794.992294993,"data":"[NbConvertApp] Converting notebook __notebook__.ipynb to notebook\n"}
,{"stream_name":"stderr","time":1795.377038294,"data":"[NbConvertApp] Writing 504665 bytes to __notebook__.ipynb\n"}
,{"stream_name":"stderr","time":1797.787508025,"data":"[NbConvertApp] Converting notebook __notebook__.ipynb to html\n"}
,{"stream_name":"stderr","time":1799.27108411,"data":"[NbConvertApp] Support files will be in __results___files/\n"}
,{"stream_name":"stderr","time":1799.271116451,"data":"[NbConvertApp] Making directory __results___files\n"}
,{"stream_name":"stderr","time":1799.271464128,"data":"[NbConvertApp] Writing 1250685 bytes to __results__.html\n"}
]