[{"stream_name":"stderr","time":5.902827953,"data":"0.00s - Debugger warning: It seems that frozen modules are being used, which may\n"}
,{"stream_name":"stderr","time":5.902910249,"data":"0.00s - make the debugger miss breakpoints. Please pass -Xfrozen_modules=off\n"}
,{"stream_name":"stderr","time":5.902915362,"data":"0.00s - to python to disable frozen modules.\n"}
,{"stream_name":"stderr","time":5.90291798,"data":"0.00s - Note: Debugging will proceed. Set PYDEVD_DISABLE_FILE_VALIDATION=1 to disable this validation.\n"}
,{"stream_name":"stderr","time":6.453441711,"data":"0.00s - Debugger warning: It seems that frozen modules are being used, which may\n"}
,{"stream_name":"stderr","time":6.453486895,"data":"0.00s - make the debugger miss breakpoints. Please pass -Xfrozen_modules=off\n"}
,{"stream_name":"stderr","time":6.453492548,"data":"0.00s - to python to disable frozen modules.\n"}
,{"stream_name":"stderr","time":6.453497148,"data":"0.00s - Note: Debugging will proceed. Set PYDEVD_DISABLE_FILE_VALIDATION=1 to disable this validation.\n"}
,{"stream_name":"stdout","time":7.460664181,"data":"BIOHUB_PRESET: harmonic_v3_division_wide\n"}
,{"stream_name":"stdout","time":7.460706596,"data":"BIOHUB_SCORE_AXIS: public 0.939 base + holdout-selected post-process configuration\n"}
,{"stream_name":"stdout","time":7.492446892,"data":"Configuration guard: PASS\n"}
,{"stream_name":"stdout","time":7.492470598,"data":"Baseline: fixed-90 dual-seed clean pipeline (public LB 0.913)\n"}
,{"stream_name":"stdout","time":7.492493143,"data":"Single model-level change: harmonic mutual-support association fusion\n"}
,{"stream_name":"stdout","time":7.492516805,"data":"Reverse-time association weight: 0.200\n"}
,{"stream_name":"stdout","time":8.167045633,"data":"Biohub learned UNet + node-transformer + ILP submission\n"}
,{"stream_name":"stdout","time":8.167074284,"data":"COMP_DIR: /kaggle/input/competitions/biohub-cell-tracking-during-development exists: True\n"}
,{"stream_name":"stdout","time":8.16707943,"data":"TEST_DIR: /kaggle/input/competitions/biohub-cell-tracking-during-development/test exists: True\n"}
,{"stream_name":"stdout","time":8.167083223,"data":"{\n"}
,{"stream_name":"stdout","time":8.167086493,"data":"  \"adaptive_short_track_rescue\": true,\n"}
,{"stream_name":"stdout","time":8.167090025,"data":"  \"allow_artifact_fallback\": false,\n"}
,{"stream_name":"stdout","time":8.167093498,"data":"  \"allow_pip_install\": false,\n"}
,{"stream_name":"stdout","time":8.167097141,"data":"  \"deepcenter_checkpoint_default\": \"/kaggle/input/biohub-deepcenter-unet3d-center-prior-v1/weights/full_frame_center/best.pt\",\n"}
,{"stream_name":"stdout","time":8.167106671,"data":"  \"deepcenter_expected_epoch\": 2,\n"}
,{"stream_name":"stdout","time":8.167109325,"data":"  \"deepcenter_gap_add_gate\": true,\n"}
,{"stream_name":"stdout","time":8.167111631,"data":"  \"deepcenter_gap_confirm_min_span_um\": 8.5,\n"}
,{"stream_name":"stdout","time":8.167114105,"data":"  \"deepcenter_gap_threshold\": 0.25,\n"}
,{"stream_name":"stdout","time":8.167116421,"data":"  \"deepcenter_safe_div_add_gate\": true,\n"}
,{"stream_name":"stdout","time":8.167118648,"data":"  \"deepcenter_safe_div_threshold\": 0.25,\n"}
,{"stream_name":"stdout","time":8.167121322,"data":"  \"det_threshold\": 0.965,\n"}
,{"stream_name":"stdout","time":8.167123669,"data":"  \"div_drop_to_single_if_bad\": true,\n"}
,{"stream_name":"stdout","time":8.167126063,"data":"  \"div_parent_max_um\": 10.5,\n"}
,{"stream_name":"stdout","time":8.167128265,"data":"  \"div_sister_max_um\": 8.0,\n"}
,{"stream_name":"stdout","time":8.167130587,"data":"  \"experiment_tag\": \"selected_101_dual_seed_near_balanced_center_confirmed_synthetic_gap\",\n"}
,{"stream_name":"stdout","time":8.167161491,"data":"  \"gap2_frame_frac_cap\": 0.006,\n"}
,{"stream_name":"stdout","time":8.167166075,"data":"  \"gap2_max_links_abs\": 180,\n"}
,{"stream_name":"stdout","time":8.167170184,"data":"  \"gap2_max_links_frac\": 0.0045,\n"}
,{"stream_name":"stdout","time":8.167174508,"data":"  \"gap2_max_step_um\": 4.0,\n"}
,{"stream_name":"stdout","time":8.167177919,"data":"  \"gap2_max_total_um\": 10.2,\n"}
,{"stream_name":"stdout","time":8.167181386,"data":"  \"gap2_require_context\": true,\n"}
,{"stream_name":"stdout","time":8.167184737,"data":"  \"gap_close_effective_max_gap\": 1,\n"}
,{"stream_name":"stdout","time":8.16718837,"data":"  \"gap_close_max_added_abs\": 2000,\n"}
,{"stream_name":"stdout","time":8.167191723,"data":"  \"gap_close_max_added_frac\": 0.05,\n"}
,{"stream_name":"stdout","time":8.16719506,"data":"  \"gap_close_max_gap\": 2,\n"}
,{"stream_name":"stdout","time":8.167198437,"data":"  \"gap_close_reuse_existing\": true,\n"}
,{"stream_name":"stdout","time":8.167201841,"data":"  \"gap_close_reuse_um\": 2.8,\n"}
,{"stream_name":"stdout","time":8.167205202,"data":"  \"gap_close_um\": 4.5,\n"}
,{"stream_name":"stdout","time":8.167208522,"data":"  \"gap_density_adaptive\": true,\n"}
,{"stream_name":"stdout","time":8.167211814,"data":"  \"gap_density_gain\": 0.04,\n"}
,{"stream_name":"stdout","time":8.167215273,"data":"  \"gap_density_max_step_delta_um\": 0.125,\n"}
,{"stream_name":"stdout","time":8.167220235,"data":"  \"gap_density_neighbors\": 3,\n"}
,{"stream_name":"stdout","time":8.167226604,"data":"  \"gap_density_reference_um\": 6.5,\n"}
,{"stream_name":"stdout","time":8.167228892,"data":"  \"gap_refine_max_shift_um\": 3.2,\n"}
,{"stream_name":"stdout","time":8.167231076,"data":"  \"gap_refine_synthetic\": true,\n"}
,{"stream_name":"stdout","time":8.167233257,"data":"  \"gap_refine_win_yx\": 3,\n"}
,{"stream_name":"stdout","time":8.167235446,"data":"  \"gap_refine_win_z\": 1,\n"}
,{"stream_name":"stdout","time":8.167249387,"data":"  \"ilp_appearance_weight\": 0.0,\n"}
,{"stream_name":"stdout","time":8.167253545,"data":"  \"ilp_disappearance_weight\": 2.0,\n"}
,{"stream_name":"stdout","time":8.167257423,"data":"  \"ilp_division_weight\": 1.2,\n"}
,{"stream_name":"stdout","time":8.167261324,"data":"  \"ilp_edge_weight\": -1.0,\n"}
,{"stream_name":"stdout","time":8.167265209,"data":"  \"method\": \"unet_transformer\",\n"}
,{"stream_name":"stdout","time":8.167269249,"data":"  \"motion_relink_learned_bonus\": 1.0,\n"}
,{"stream_name":"stdout","time":8.167272672,"data":"  \"motion_relink_max_frame_nodes\": 2600,\n"}
,{"stream_name":"stdout","time":8.167276886,"data":"  \"motion_relink_relaxed_um\": 9.0,\n"}
,{"stream_name":"stdout","time":8.16728073,"data":"  \"motion_relink_tight_um\": 5.0,\n"}
,{"stream_name":"stdout","time":8.167284706,"data":"  \"motion_relink_velocity_weight\": 0.5,\n"}
,{"stream_name":"stdout","time":8.167288055,"data":"  \"output_division_geometry_filter\": false,\n"}
,{"stream_name":"stdout","time":8.16729236,"data":"  \"output_edge_max_um\": 14.0,\n"}
,{"stream_name":"stdout","time":8.167297592,"data":"  \"output_enforce_next_frame\": true,\n"}
,{"stream_name":"stdout","time":8.167301259,"data":"  \"output_filter_short_tracks\": true,\n"}
,{"stream_name":"stdout","time":8.167304469,"data":"  \"output_gap2_recovery\": true,\n"}
,{"stream_name":"stdout","time":8.167307678,"data":"  \"output_gap_close\": true,\n"}
,{"stream_name":"stdout","time":8.16731123,"data":"  \"output_keep_division_components\": true,\n"}
,{"stream_name":"stdout","time":8.167320062,"data":"  \"output_linefit_smooth\": true,\n"}
,{"stream_name":"stdout","time":8.167323718,"data":"  \"output_linefit_weight\": 0.8,\n"}
,{"stream_name":"stdout","time":8.167327396,"data":"  \"output_linefit_window\": 2,\n"}
,{"stream_name":"stdout","time":8.167330923,"data":"  \"output_min_track_len\": 6,\n"}
,{"stream_name":"stdout","time":8.167334738,"data":"  \"output_motion_relink\": true,\n"}
,{"stream_name":"stdout","time":8.167338326,"data":"  \"output_prune_isolated\": true,\n"}
,{"stream_name":"stdout","time":8.167342721,"data":"  \"output_safe_divisions\": true,\n"}
,{"stream_name":"stdout","time":8.167346332,"data":"  \"output_single_child_repair\": false,\n"}
,{"stream_name":"stdout","time":8.167350237,"data":"  \"output_single_parent_repair\": true,\n"}
,{"stream_name":"stdout","time":8.167354229,"data":"  \"primary_artifact_manifest\": \"/kaggle/input/datasets/pilkwang/biohub-tracking-support-pack-50ep-v1/ARTIFACT_MANIFEST.json\",\n"}
,{"stream_name":"stdout","time":8.167358496,"data":"  \"safe_div_existing_child_max_um\": 10.0,\n"}
,{"stream_name":"stdout","time":8.167362519,"data":"  \"safe_div_frame_frac_cap\": 0.0076,\n"}
,{"stream_name":"stdout","time":8.167366532,"data":"  \"safe_div_global_frac_cap\": 0.00375,\n"}
,{"stream_name":"stdout","time":8.167370237,"data":"  \"safe_div_max_um\": 9.0,\n"}
,{"stream_name":"stdout","time":8.167373489,"data":"  \"safe_div_sister_max_um\": 14.0,\n"}
,{"stream_name":"stdout","time":8.167376894,"data":"  \"short_track_rescue_max_mean_edge_dist_um\": 3.0,\n"}
,{"stream_name":"stdout","time":8.167380885,"data":"  \"short_track_rescue_max_nodes_abs\": 120,\n"}
,{"stream_name":"stdout","time":8.167384357,"data":"  \"short_track_rescue_max_nodes_frac\": 0.012,\n"}
,{"stream_name":"stdout","time":8.167387711,"data":"  \"short_track_rescue_min_len\": 4,\n"}
,{"stream_name":"stdout","time":8.167391195,"data":"  \"short_track_rescue_min_mean_edge_prob\": 0.88,\n"}
,{"stream_name":"stdout","time":8.167395113,"data":"  \"short_track_rescue_trigger_removed_frac\": 0.1,\n"}
,{"stream_name":"stdout","time":8.167403942,"data":"  \"slice\": \"\",\n"}
,{"stream_name":"stdout","time":8.167407932,"data":"  \"target_artifact_slug\": \"biohub-tracking-support-pack-50ep-v1\",\n"}
,{"stream_name":"stdout","time":8.167411954,"data":"  \"unet_batch_size\": 8,\n"}
,{"stream_name":"stdout","time":8.167415292,"data":"  \"use_deepcenter_add_only_gate\": true,\n"}
,{"stream_name":"stdout","time":8.167418723,"data":"  \"use_ilp\": true,\n"}
,{"stream_name":"stdout","time":8.167422086,"data":"  \"weights\": \"weights/unet_transformer/split_0/edge_predictor_best.pth\"\n"}
,{"stream_name":"stdout","time":8.167425751,"data":"}\n"}
,{"stream_name":"stdout","time":8.387055034,"data":"ARTIFACTS: /kaggle/input/datasets/pilkwang/biohub-tracking-support-pack-50ep-v1\n"}
,{"stream_name":"stdout","time":8.387080726,"data":"Has offline wheels: True\n"}
,{"stream_name":"stdout","time":8.387085867,"data":"Artifact name: biohub-tracking-support-pack-400ep-snapshot-v1\n"}
,{"stream_name":"stdout","time":8.38708972,"data":"Weight sha256: 12f6881ee3620a831697ca098ff8f48e687a24225f4e048b538deec3562fe771\n"}
,{"stream_name":"stdout","time":8.387093226,"data":"Weight path: weights/unet_transformer/split_0/edge_predictor_best.pth\n"}
,{"stream_name":"stdout","time":9.003048888,"data":"Installing missing packages from offline package dirs: ['polars']\n"}
,{"stream_name":"stdout","time":9.003085034,"data":"Dependency resolver is disabled with --no-deps to avoid replacing Kaggle numpy/scipy in a live kernel.\n"}
,{"stream_name":"stdout","time":9.003098294,"data":"Offline package dirs: ['/kaggle/input/datasets/pilkwang/biohub-tracking-support-pack-50ep-v1/wheels']\n"}
,{"stream_name":"stdout","time":14.547135014,"data":"Offline dependency install succeeded.\n"}
,{"stream_name":"stdout","time":14.54717228,"data":"Installing missing packages from offline package dirs: ['tracksdata', 'zarr', 'pyscipopt', 'geff', 'geff_spec', 'ilpy', 'imagecodecs', 'rustworkx', 'numcodecs', 'donfig', 'bidict']\n"}
,{"stream_name":"stdout","time":14.547177298,"data":"Dependency resolver is disabled with --no-deps to avoid replacing Kaggle numpy/scipy in a live kernel.\n"}
,{"stream_name":"stdout","time":14.547180629,"data":"Offline package dirs: ['/kaggle/input/datasets/pilkwang/biohub-tracking-support-pack-50ep-v1/wheels']\n"}
,{"stream_name":"stdout","time":34.522572273,"data":"Offline dependency install succeeded.\n"}
,{"stream_name":"stderr","time":41.009276992,"data":"/usr/local/lib/python3.12/dist-packages/dask/array/image.py:7: FutureWarning: `find_available_plugins` is deprecated since version 0.25 and will be removed in version 0.27. The plugin infrastructure of `skimage.io` is deprecated. Instead, use `imageio` or other I/O packages directly.\n"}
,{"stream_name":"stderr","time":41.009306521,"data":"  from skimage.io import imread as sk_imread\n"}
,{"stream_name":"stderr","time":41.009310558,"data":"/usr/lib/python3.12/importlib/__init__.py:90: FutureWarning: `reset_plugins` is deprecated since version 0.25 and will be removed in version 0.27. The plugin infrastructure of `skimage.io` is deprecated. Instead, use `imageio` or other I/O packages directly.\n"}
,{"stream_name":"stderr","time":41.009314151,"data":"  return _bootstrap._gcd_import(name[level:], package, level)\n"}
,{"stream_name":"stderr","time":41.009317265,"data":"\n"}
,{"stream_name":"stderr","time":41.009320202,"data":"/usr/local/lib/python3.12/dist-packages/dask/array/image.py:7: FutureWarning: `find_available_plugins` is deprecated since version 0.25 and will be removed in version 0.27. The plugin infrastructure of `skimage.io` is deprecated. Instead, use `imageio` or other I/O packages directly.\n"}
,{"stream_name":"stderr","time":41.009323791,"data":"  from skimage.io import imread as sk_imread\n"}
,{"stream_name":"stderr","time":41.009327028,"data":"/usr/lib/python3.12/importlib/__init__.py:90: FutureWarning: `reset_plugins` is deprecated since version 0.25 and will be removed in version 0.27. The plugin infrastructure of `skimage.io` is deprecated. Instead, use `imageio` or other I/O packages directly.\n"}
,{"stream_name":"stderr","time":41.00933035,"data":"  return _bootstrap._gcd_import(name[level:], package, level)\n"}
,{"stream_name":"stdout","time":41.18908497,"data":"Required graph/Zarr/ILP packages import successfully.\n"}
,{"stream_name":"stdout","time":41.189115851,"data":"Inference repo: /kaggle/working/tracking_repo\n"}
,{"stream_name":"stdout","time":41.189120721,"data":"Weights: /kaggle/working/tracking_repo/weights/unet_transformer/split_0/edge_predictor_best.pth\n"}
,{"stream_name":"stdout","time":42.04924205,"data":"Support repo Python manifest SHA256: 978b626d1fd1e7397435a437dfe68691defe1572fc3c20e61012d7c9b52ed029\n"}
,{"stream_name":"stdout","time":42.049273705,"data":"Primary materialized SHA256: 12f6881ee3620a831697ca098ff8f48e687a24225f4e048b538deec3562fe771\n"}
,{"stream_name":"stdout","time":42.049280002,"data":"DeepCenter materialized SHA256: 8040999a92f6b7bbd98fa8cf458141e045c0f9ad7c936bdb3b18e1f7edafe2a0\n"}
,{"stream_name":"stdout","time":260.848650504,"data":"Secondary artifact: /kaggle/input/datasets/pilkwang/biohub-temporal-unet3d-seed314159-v1\n"}
,{"stream_name":"stdout","time":260.848685988,"data":"Secondary weight: /kaggle/working/secondary_seed_weights/unet_transformer/split_0/edge_predictor_best.pth\n"}
,{"stream_name":"stdout","time":260.848701914,"data":"Secondary SHA256: 9bac2fa0dadc4a6fc1899e0caf187f4b553e0a7cd90ba1261a68b35ffe9e305f\n"}
,{"stream_name":"stdout","time":260.848706467,"data":"Secondary edge-logit weight: 0.15\n"}
,{"stream_name":"stdout","time":260.848710393,"data":"Runtime integrity receipt: /kaggle/working/bidirectional_production_runtime_integrity.json\n"}
,{"stream_name":"stdout","time":264.528418076,"data":"CUDA device: Tesla T4\n"}
,{"stream_name":"stdout","time":264.528445697,"data":"TTA patch applied (400ep spatial D4-style)\n"}
,{"stream_name":"stdout","time":264.528450805,"data":"Calibrated dual-seed runtime patch applied\n"}
,{"stream_name":"stdout","time":264.528454675,"data":"Frozen frame retention guard applied at 0.90\n"}
,{"stream_name":"stdout","time":264.528458317,"data":"Bidirectional harmonic-probability association fusion applied | weight= 0.15\n"}
,{"stream_name":"stdout","time":264.528461841,"data":"Pre-ILP detector-coordinate manifest hook applied\n"}
,{"stream_name":"stdout","time":264.528465263,"data":"EDGE_TTA patch installed and enabled in /kaggle/working/tracking_repo/scripts/predict_unet_transformer.py\n"}
,{"stream_name":"stdout","time":264.528469276,"data":"secondary edge-feature TTA patch installed and enabled\n"}
,{"stream_name":"stdout","time":264.532794604,"data":"Found 4 test videos\n"}
,{"stream_name":"stdout","time":264.532814381,"data":"['44b6_0113de3b', '44b6_0b24845f', '6bba_05b6850b', '6bba_05db0fb1']\n"}
,{"stream_name":"stdout","time":264.532819022,"data":"Launching 2 independent video shards on CUDA devices ['0', '1']\n"}
,{"stream_name":"stdout","time":264.532824502,"data":"GPU shard 0: CUDA_VISIBLE_DEVICES=0 | /usr/bin/python3 scripts/predict_unet_transformer.py --data-dir /kaggle/input/competitions/biohub-cell-tracking-during-development/test --splits kaggle_test_splits_50ep.json --split 0 --weights weights/unet_transformer/split_0/edge_predictor_best.pth --unet-batch-size 8 --det-threshold 0.965 --ilp-edge-weight -1.0 --ilp-appearance-weight 0.0 --ilp-disappearance-weight 2.0 --ilp-division-weight 1.2 --use-ilp --method unet_transformer_gpu0 --slice 0::2\n"}
,{"stream_name":"stdout","time":264.534670779,"data":"GPU shard 1: CUDA_VISIBLE_DEVICES=1 | /usr/bin/python3 scripts/predict_unet_transformer.py --data-dir /kaggle/input/competitions/biohub-cell-tracking-during-development/test --splits kaggle_test_splits_50ep.json --split 0 --weights weights/unet_transformer/split_0/edge_predictor_best.pth --unet-batch-size 8 --det-threshold 0.965 --ilp-edge-weight -1.0 --ilp-appearance-weight 0.0 --ilp-disappearance-weight 2.0 --ilp-division-weight 1.2 --use-ilp --method unet_transformer_gpu1 --slice 1::2\n"}
,{"stream_name":"stderr","time":269.491599261,"data":"/usr/local/lib/python3.12/dist-packages/dask/array/image.py:7: FutureWarning: `find_available_plugins` is deprecated since version 0.25 and will be removed in version 0.27. The plugin infrastructure of `skimage.io` is deprecated. Instead, use `imageio` or other I/O packages directly.\n"}
,{"stream_name":"stderr","time":269.491638321,"data":"  from skimage.io import imread as sk_imread\n"}
,{"stream_name":"stderr","time":269.496268675,"data":"/usr/lib/python3.12/importlib/__init__.py:90: FutureWarning: `reset_plugins` is deprecated since version 0.25 and will be removed in version 0.27. The plugin infrastructure of `skimage.io` is deprecated. Instead, use `imageio` or other I/O packages directly.\n"}
,{"stream_name":"stderr","time":269.496291617,"data":"  return _bootstrap._gcd_import(name[level:], package, level)\n"}
,{"stream_name":"stderr","time":269.518785065,"data":"/usr/local/lib/python3.12/dist-packages/dask/array/image.py:7: FutureWarning: `find_available_plugins` is deprecated since version 0.25 and will be removed in version 0.27. The plugin infrastructure of `skimage.io` is deprecated. Instead, use `imageio` or other I/O packages directly.\n"}
,{"stream_name":"stderr","time":269.518815534,"data":"  from skimage.io import imread as sk_imread\n"}
,{"stream_name":"stderr","time":269.523637859,"data":"/usr/lib/python3.12/importlib/__init__.py:90: FutureWarning: `reset_plugins` is deprecated since version 0.25 and will be removed in version 0.27. The plugin infrastructure of `skimage.io` is deprecated. Instead, use `imageio` or other I/O packages directly.\n"}
,{"stream_name":"stderr","time":269.523656528,"data":"  return _bootstrap._gcd_import(name[level:], package, level)\n"}
,{"stream_name":"stderr","time":269.694451842,"data":"/usr/local/lib/python3.12/dist-packages/dask/array/image.py:7: FutureWarning: `find_available_plugins` is deprecated since version 0.25 and will be removed in version 0.27. The plugin infrastructure of `skimage.io` is deprecated. Instead, use `imageio` or other I/O packages directly.\n"}
,{"stream_name":"stderr","time":269.69448771,"data":"  from skimage.io import imread as sk_imread\n"}
,{"stream_name":"stderr","time":269.694493409,"data":"/usr/lib/python3.12/importlib/__init__.py:90: FutureWarning: `reset_plugins` is deprecated since version 0.25 and will be removed in version 0.27. The plugin infrastructure of `skimage.io` is deprecated. Instead, use `imageio` or other I/O packages directly.\n"}
,{"stream_name":"stderr","time":269.69449801,"data":"  return _bootstrap._gcd_import(name[level:], package, level)\n"}
,{"stream_name":"stderr","time":269.694501698,"data":"/usr/local/lib/python3.12/dist-packages/dask/array/image.py:7: FutureWarning: `find_available_plugins` is deprecated since version 0.25 and will be removed in version 0.27. The plugin infrastructure of `skimage.io` is deprecated. Instead, use `imageio` or other I/O packages directly.\n"}
,{"stream_name":"stderr","time":269.694506406,"data":"  from skimage.io import imread as sk_imread\n"}
,{"stream_name":"stderr","time":269.694510243,"data":"/usr/lib/python3.12/importlib/__init__.py:90: FutureWarning: `reset_plugins` is deprecated since version 0.25 and will be removed in version 0.27. The plugin infrastructure of `skimage.io` is deprecated. Instead, use `imageio` or other I/O packages directly.\n"}
,{"stream_name":"stderr","time":269.694514747,"data":"  return _bootstrap._gcd_import(name[level:], package, level)\n"}
,{"stream_name":"stderr","time":269.694519389,"data":"\n"}
,{"stream_name":"stderr","time":269.694523269,"data":"/usr/local/lib/python3.12/dist-packages/dask/array/image.py:7: FutureWarning: `find_available_plugins` is deprecated since version 0.25 and will be removed in version 0.27. The plugin infrastructure of `skimage.io` is deprecated. Instead, use `imageio` or other I/O packages directly.\n"}
,{"stream_name":"stderr","time":269.694527701,"data":"  from skimage.io import imread as sk_imread\n"}
,{"stream_name":"stderr","time":269.694531497,"data":"/usr/lib/python3.12/importlib/__init__.py:90: FutureWarning: `reset_plugins` is deprecated since version 0.25 and will be removed in version 0.27. The plugin infrastructure of `skimage.io` is deprecated. Instead, use `imageio` or other I/O packages directly.\n"}
,{"stream_name":"stderr","time":269.694535969,"data":"  return _bootstrap._gcd_import(name[level:], package, level)\n"}
,{"stream_name":"stderr","time":269.694541844,"data":"/usr/local/lib/python3.12/dist-packages/dask/array/image.py:7: FutureWarning: `find_available_plugins` is deprecated since version 0.25 and will be removed in version 0.27. The plugin infrastructure of `skimage.io` is deprecated. Instead, use `imageio` or other I/O packages directly.\n"}
,{"stream_name":"stderr","time":269.694545915,"data":"  from skimage.io import imread as sk_imread\n"}
,{"stream_name":"stderr","time":269.694559997,"data":"/usr/lib/python3.12/importlib/__init__.py:90: FutureWarning: `reset_plugins` is deprecated since version 0.25 and will be removed in version 0.27. The plugin infrastructure of `skimage.io` is deprecated. Instead, use `imageio` or other I/O packages directly.\n"}
,{"stream_name":"stderr","time":269.694565399,"data":"  return _bootstrap._gcd_import(name[level:], package, level)\n"}
,{"stream_name":"stdout","time":270.187824851,"data":"Secondary model: /kaggle/working/secondary_seed_weights/unet_transformer/split_0/edge_predictor_best.pth | edge weight=0.150 | detection weight=0.800 | link mode=low_margin_consensus | temperature=1.000 | low-margin max=0.350 | edge threshold=0.480\n"}
,{"stream_name":"stdout","time":270.187876787,"data":"Fold 0: 2 datasets | weights=weights/unet_transformer/split_0/edge_predictor_best.pth | device=cuda | window_size=2 | pool_kernel_um=3.0\n"}
,{"stream_name":"stdout","time":270.18850869,"data":"Secondary model: /kaggle/working/secondary_seed_weights/unet_transformer/split_0/edge_predictor_best.pth | edge weight=0.150 | detection weight=0.800 | link mode=low_margin_consensus | temperature=1.000 | low-margin max=0.350 | edge threshold=0.480\n"}
,{"stream_name":"stdout","time":270.188523754,"data":"Fold 0: 2 datasets | weights=weights/unet_transformer/split_0/edge_predictor_best.pth | device=cuda | window_size=2 | pool_kernel_um=3.0\n"}
,{"stream_name":"stdout","time":270.390399746,"data":"Secondary model: /kaggle/working/secondary_seed_weights/unet_transformer/split_0/edge_predictor_best.pth | edge weight=0.150 | detection weight=0.800 | link mode=low_margin_consensus | temperature=1.000 | low-margin max=0.350 | edge threshold=0.480\n"}
,{"stream_name":"stdout","time":270.390433241,"data":"Fold 0: 2 datasets | weights=weights/unet_transformer/split_0/edge_predictor_best.pth | device=cuda | window_size=2 | pool_kernel_um=3.0\n"}
,{"stream_name":"stdout","time":270.390438423,"data":"Secondary model: /kaggle/working/secondary_seed_weights/unet_transformer/split_0/edge_predictor_best.pth | edge weight=0.150 | detection weight=0.800 | link mode=low_margin_consensus | temperature=1.000 | low-margin max=0.350 | edge threshold=0.480\n"}
,{"stream_name":"stdout","time":270.390442425,"data":"Fold 0: 2 datasets | weights=weights/unet_transformer/split_0/edge_predictor_best.pth | device=cuda | window_size=2 | pool_kernel_um=3.0\n"}
,{"stream_name":"stdout","time":272.239210572,"data":"EDGE_TTA_ACTIVE views= 10 mean_abs_feat_delta= 0.317101\n"}
,{"stream_name":"stdout","time":272.239432462,"data":"EDGE_TTA_ACTIVE views= 10 mean_abs_feat_delta= 0.346398\n"}
,{"stream_name":"stdout","time":272.44147574,"data":"EDGE_TTA_ACTIVE views= 10 mean_abs_feat_delta= 0.317101\n"}
,{"stream_name":"stdout","time":272.441497447,"data":"EDGE_TTA_ACTIVE views= 10 mean_abs_feat_delta= 0.346398\n"}
,{"stream_name":"stdout","time":273.153843815,"data":"SECONDARY_EDGE_TTA_ACTIVE views= 8 weight= 0.75 mean_abs_feat_delta= 0.230737\n"}
,{"stream_name":"stdout","time":273.166948679,"data":"SECONDARY_EDGE_TTA_ACTIVE views= 8 weight= 0.75 mean_abs_feat_delta= 0.28166\n"}
,{"stream_name":"stdout","time":273.25582513,"data":"BIOHUB_RETENTION_GUARD {\"blended_candidates\": 391, \"dataset\": \"44b6_0b24845f\", \"frame\": 0, \"minimum_retention\": 0.9, \"primary_candidates\": 459, \"retention\": 0.8518518518518519, \"use_primary\": true}\n"}
,{"stream_name":"stdout","time":273.257304946,"data":"BIOHUB_RETENTION_GUARD {\"blended_candidates\": 392, \"dataset\": \"44b6_0b24845f\", \"frame\": 1, \"minimum_retention\": 0.9, \"primary_candidates\": 456, \"retention\": 0.8596491228070176, \"use_primary\": true}\n"}
,{"stream_name":"stdout","time":273.357080924,"data":"SECONDARY_EDGE_TTA_ACTIVE views= 8 weight= 0.75 mean_abs_feat_delta= 0.230737\n"}
,{"stream_name":"stdout","time":273.357142612,"data":"SECONDARY_EDGE_TTA_ACTIVE views= 8 weight= 0.75 mean_abs_feat_delta= 0.28166\n"}
,{"stream_name":"stdout","time":273.357149529,"data":"BIOHUB_RETENTION_GUARD {\"blended_candidates\": 391, \"dataset\": \"44b6_0b24845f\", \"frame\": 0, \"minimum_retention\": 0.9, \"primary_candidates\": 459, \"retention\": 0.8518518518518519, \"use_primary\": true}\n"}
,{"stream_name":"stdout","time":273.357155378,"data":"BIOHUB_RETENTION_GUARD {\"blended_candidates\": 392, \"dataset\": \"44b6_0b24845f\", \"frame\": 1, \"minimum_retention\": 0.9, \"primary_candidates\": 456, \"retention\": 0.8596491228070176, \"use_primary\": true}\n"}
,{"stream_name":"stdout","time":277.245065323,"data":"EDGE_TTA_ACTIVE views= 10 mean_abs_feat_delta= 0.347899\n"}
,{"stream_name":"stdout","time":277.279906722,"data":"EDGE_TTA_ACTIVE views= 10 mean_abs_feat_delta= 0.322136\n"}
,{"stream_name":"stdout","time":277.447495226,"data":"EDGE_TTA_ACTIVE views= 10 mean_abs_feat_delta= 0.347899\n"}
,{"stream_name":"stdout","time":277.447524536,"data":"EDGE_TTA_ACTIVE views= 10 mean_abs_feat_delta= 0.322136\n"}
,{"stream_name":"stdout","time":278.168307916,"data":"SECONDARY_EDGE_TTA_ACTIVE views= 8 weight= 0.75 mean_abs_feat_delta= 0.288809\n"}
,{"stream_name":"stdout","time":278.172488745,"data":"BIOHUB_RETENTION_GUARD {\"blended_candidates\": 333, \"dataset\": \"44b6_0b24845f\", \"frame\": 2, \"minimum_retention\": 0.9, \"primary_candidates\": 395, \"retention\": 0.8430379746835444, \"use_primary\": true}\n"}
,{"stream_name":"stdout","time":278.197382627,"data":"SECONDARY_EDGE_TTA_ACTIVE views= 8 weight= 0.75 mean_abs_feat_delta= 0.23209\n"}
,{"stream_name":"stdout","time":278.371033297,"data":"SECONDARY_EDGE_TTA_ACTIVE views= 8 weight= 0.75 mean_abs_feat_delta= 0.288809\n"}
,{"stream_name":"stdout","time":278.371067903,"data":"BIOHUB_RETENTION_GUARD {\"blended_candidates\": 333, \"dataset\": \"44b6_0b24845f\", \"frame\": 2, \"minimum_retention\": 0.9, \"primary_candidates\": 395, \"retention\": 0.8430379746835444, \"use_primary\": true}\n"}
,{"stream_name":"stdout","time":278.371075149,"data":"SECONDARY_EDGE_TTA_ACTIVE views= 8 weight= 0.75 mean_abs_feat_delta= 0.23209\n"}
,{"stream_name":"stdout","time":279.542244634,"data":"EDGE_TTA_ACTIVE views= 10 mean_abs_feat_delta= 0.321052\n"}
,{"stream_name":"stdout","time":279.553798155,"data":"EDGE_TTA_ACTIVE views= 10 mean_abs_feat_delta= 0.340017\n"}
,{"stream_name":"stdout","time":279.744769213,"data":"EDGE_TTA_ACTIVE views= 10 mean_abs_feat_delta= 0.321052\n"}
,{"stream_name":"stdout","time":279.74482186,"data":"EDGE_TTA_ACTIVE views= 10 mean_abs_feat_delta= 0.340017\n"}
,{"stream_name":"stdout","time":280.469081475,"data":"SECONDARY_EDGE_TTA_ACTIVE views= 8 weight= 0.75 mean_abs_feat_delta= 0.232786\n"}
,{"stream_name":"stdout","time":280.488147154,"data":"SECONDARY_EDGE_TTA_ACTIVE views= 8 weight= 0.75 mean_abs_feat_delta= 0.287127\n"}
,{"stream_name":"stdout","time":280.492195374,"data":"BIOHUB_RETENTION_GUARD {\"blended_candidates\": 369, \"dataset\": \"44b6_0b24845f\", \"frame\": 3, \"minimum_retention\": 0.9, \"primary_candidates\": 432, \"retention\": 0.8541666666666666, \"use_primary\": true}\n"}
,{"stream_name":"stdout","time":280.671766443,"data":"SECONDARY_EDGE_TTA_ACTIVE views= 8 weight= 0.75 mean_abs_feat_delta= 0.232786\n"}
,{"stream_name":"stdout","time":280.671803788,"data":"SECONDARY_EDGE_TTA_ACTIVE views= 8 weight= 0.75 mean_abs_feat_delta= 0.287127\n"}
,{"stream_name":"stdout","time":280.671808055,"data":"BIOHUB_RETENTION_GUARD {\"blended_candidates\": 369, \"dataset\": \"44b6_0b24845f\", \"frame\": 3, \"minimum_retention\": 0.9, \"primary_candidates\": 432, \"retention\": 0.8541666666666666, \"use_primary\": true}\n"}
,{"stream_name":"stdout","time":281.784530389,"data":"EDGE_TTA_ACTIVE views= 10 mean_abs_feat_delta= 0.322552\n"}
,{"stream_name":"stdout","time":281.886560712,"data":"EDGE_TTA_ACTIVE views= 10 mean_abs_feat_delta= 0.344572\n"}
,{"stream_name":"stdout","time":281.986937697,"data":"EDGE_TTA_ACTIVE views= 10 mean_abs_feat_delta= 0.322552\n"}
,{"stream_name":"stdout","time":281.986957223,"data":"EDGE_TTA_ACTIVE views= 10 mean_abs_feat_delta= 0.344572\n"}
,{"stream_name":"stdout","time":282.716234865,"data":"SECONDARY_EDGE_TTA_ACTIVE views= 8 weight= 0.75 mean_abs_feat_delta= 0.232764\n"}
,{"stream_name":"stdout","time":282.828920964,"data":"SECONDARY_EDGE_TTA_ACTIVE views= 8 weight= 0.75 mean_abs_feat_delta= 0.283303\n"}
,{"stream_name":"stdout","time":282.834002508,"data":"BIOHUB_RETENTION_GUARD {\"blended_candidates\": 346, \"dataset\": \"44b6_0b24845f\", \"frame\": 4, \"minimum_retention\": 0.9, \"primary_candidates\": 418, \"retention\": 0.8277511961722488, \"use_primary\": true}\n"}
,{"stream_name":"stdout","time":282.918471891,"data":"SECONDARY_EDGE_TTA_ACTIVE views= 8 weight= 0.75 mean_abs_feat_delta= 0.232764\n"}
,{"stream_name":"stdout","time":282.918499549,"data":"SECONDARY_EDGE_TTA_ACTIVE views= 8 weight= 0.75 mean_abs_feat_delta= 0.283303\n"}
,{"stream_name":"stdout","time":282.918504911,"data":"BIOHUB_RETENTION_GUARD {\"blended_candidates\": 346, \"dataset\": \"44b6_0b24845f\", \"frame\": 4, \"minimum_retention\": 0.9, \"primary_candidates\": 418, \"retention\": 0.8277511961722488, \"use_primary\": true}\n"}
,{"stream_name":"stdout","time":284.026493875,"data":"EDGE_TTA_ACTIVE views= 10 mean_abs_feat_delta= 0.324932\n"}
,{"stream_name":"stdout","time":284.195753413,"data":"EDGE_TTA_ACTIVE views= 10 mean_abs_feat_delta= 0.347738\n"}
,{"stream_name":"stdout","time":284.228838465,"data":"EDGE_TTA_ACTIVE views= 10 mean_abs_feat_delta= 0.324932\n"}
,{"stream_name":"stdout","time":284.228896945,"data":"EDGE_TTA_ACTIVE views= 10 mean_abs_feat_delta= 0.347738\n"}
,{"stream_name":"stdout","time":284.962099612,"data":"SECONDARY_EDGE_TTA_ACTIVE views= 8 weight= 0.75 mean_abs_feat_delta= 0.236445\n"}
,{"stream_name":"stdout","time":285.131743585,"data":"SECONDARY_EDGE_TTA_ACTIVE views= 8 weight= 0.75 mean_abs_feat_delta= 0.289665\n"}
,{"stream_name":"stdout","time":285.135939448,"data":"BIOHUB_RETENTION_GUARD {\"blended_candidates\": 331, \"dataset\": \"44b6_0b24845f\", \"frame\": 5, \"minimum_retention\": 0.9, \"primary_candidates\": 392, \"retention\": 0.8443877551020408, \"use_primary\": true}\n"}
,{"stream_name":"stdout","time":285.164571508,"data":"SECONDARY_EDGE_TTA_ACTIVE views= 8 weight= 0.75 mean_abs_feat_delta= 0.236445\n"}
,{"stream_name":"stdout","time":285.164591743,"data":"SECONDARY_EDGE_TTA_ACTIVE views= 8 weight= 0.75 mean_abs_feat_delta= 0.289665\n"}
,{"stream_name":"stdout","time":285.164597415,"data":"BIOHUB_RETENTION_GUARD {\"blended_candidates\": 331, \"dataset\": \"44b6_0b24845f\", \"frame\": 5, \"minimum_retention\": 0.9, \"primary_candidates\": 392, \"retention\": 0.8443877551020408, \"use_primary\": true}\n"}
,{"stream_name":"stdout","time":286.275280295,"data":"EDGE_TTA_ACTIVE views= 10 mean_abs_feat_delta= 0.328529\n"}
,{"stream_name":"stdout","time":286.477741038,"data":"EDGE_TTA_ACTIVE views= 10 mean_abs_feat_delta= 0.328529\n"}
,{"stream_name":"stdout","time":286.511607412,"data":"EDGE_TTA_ACTIVE views= 10 mean_abs_feat_delta= 0.348674\n"}
,{"stream_name":"stdout","time":286.714011545,"data":"EDGE_TTA_ACTIVE views= 10 mean_abs_feat_delta= 0.348674\n"}
,{"stream_name":"stdout","time":287.215411384,"data":"SECONDARY_EDGE_TTA_ACTIVE views= 8 weight= 0.75 mean_abs_feat_delta= 0.236059\n"}
,{"stream_name":"stdout","time":287.417472709,"data":"SECONDARY_EDGE_TTA_ACTIVE views= 8 weight= 0.75 mean_abs_feat_delta= 0.236059\n"}
,{"stream_name":"stdout","time":287.462390835,"data":"SECONDARY_EDGE_TTA_ACTIVE views= 8 weight= 0.75 mean_abs_feat_delta= 0.296162\n"}
,{"stream_name":"stdout","time":287.466598856,"data":"BIOHUB_RETENTION_GUARD {\"blended_candidates\": 333, \"dataset\": \"44b6_0b24845f\", \"frame\": 6, \"minimum_retention\": 0.9, \"primary_candidates\": 413, \"retention\": 0.8062953995157385, \"use_primary\": true}\n"}
,{"stream_name":"stdout","time":287.664698848,"data":"SECONDARY_EDGE_TTA_ACTIVE views= 8 weight= 0.75 mean_abs_feat_delta= 0.296162\n"}
,{"stream_name":"stdout","time":287.664727427,"data":"BIOHUB_RETENTION_GUARD {\"blended_candidates\": 333, \"dataset\": \"44b6_0b24845f\", \"frame\": 6, \"minimum_retention\": 0.9, \"primary_candidates\": 413, \"retention\": 0.8062953995157385, \"use_primary\": true}\n"}
,{"stream_name":"stdout","time":288.611277884,"data":"EDGE_TTA_ACTIVE views= 10 mean_abs_feat_delta= 0.33308\n"}
,{"stream_name":"stdout","time":288.813803076,"data":"EDGE_TTA_ACTIVE views= 10 mean_abs_feat_delta= 0.33308\n"}
,{"stream_name":"stdout","time":288.899124352,"data":"EDGE_TTA_ACTIVE views= 10 mean_abs_feat_delta= 0.349167\n"}
,{"stream_name":"stdout","time":289.101383807,"data":"EDGE_TTA_ACTIVE views= 10 mean_abs_feat_delta= 0.349167\n"}
,{"stream_name":"stdout","time":289.553913776,"data":"SECONDARY_EDGE_TTA_ACTIVE views= 8 weight= 0.75 mean_abs_feat_delta= 0.242392\n"}
,{"stream_name":"stdout","time":289.756302936,"data":"SECONDARY_EDGE_TTA_ACTIVE views= 8 weight= 0.75 mean_abs_feat_delta= 0.242392\n"}
,{"stream_name":"stdout","time":289.857005923,"data":"SECONDARY_EDGE_TTA_ACTIVE views= 8 weight= 0.75 mean_abs_feat_delta= 0.297976\n"}
,{"stream_name":"stdout","time":289.861211003,"data":"BIOHUB_RETENTION_GUARD {\"blended_candidates\": 310, \"dataset\": \"44b6_0b24845f\", \"frame\": 7, \"minimum_retention\": 0.9, \"primary_candidates\": 389, \"retention\": 0.7969151670951157, \"use_primary\": true}\n"}
,{"stream_name":"stdout","time":290.059396764,"data":"SECONDARY_EDGE_TTA_ACTIVE views= 8 weight= 0.75 mean_abs_feat_delta= 0.297976\n"}
,{"stream_name":"stdout","time":290.059424089,"data":"BIOHUB_RETENTION_GUARD {\"blended_candidates\": 310, \"dataset\": \"44b6_0b24845f\", \"frame\": 7, \"minimum_retention\": 0.9, \"primary_candidates\": 389, \"retention\": 0.7969151670951157, \"use_primary\": true}\n"}
,{"stream_name":"stdout","time":290.885998484,"data":"EDGE_TTA_ACTIVE views= 10 mean_abs_feat_delta= 0.331023\n"}
,{"stream_name":"stdout","time":291.096553355,"data":"EDGE_TTA_ACTIVE views= 10 mean_abs_feat_delta= 0.331023\n"}
,{"stream_name":"stdout","time":291.276672941,"data":"EDGE_TTA_ACTIVE views= 10 mean_abs_feat_delta= 0.354313\n"}
,{"stream_name":"stdout","time":291.478931257,"data":"EDGE_TTA_ACTIVE views= 10 mean_abs_feat_delta= 0.354313\n"}
,{"stream_name":"stdout","time":291.847915672,"data":"SECONDARY_EDGE_TTA_ACTIVE views= 8 weight= 0.75 mean_abs_feat_delta= 0.241164\n"}
,{"stream_name":"stdout","time":292.050979134,"data":"SECONDARY_EDGE_TTA_ACTIVE views= 8 weight= 0.75 mean_abs_feat_delta= 0.241164\n"}
,{"stream_name":"stdout","time":292.246941024,"data":"SECONDARY_EDGE_TTA_ACTIVE views= 8 weight= 0.75 mean_abs_feat_delta= 0.292587\n"}
,{"stream_name":"stdout","time":292.247760955,"data":"BIOHUB_RETENTION_GUARD {\"blended_candidates\": 382, \"dataset\": \"44b6_0b24845f\", \"frame\": 8, \"minimum_retention\": 0.9, \"primary_candidates\": 458, \"retention\": 0.834061135371179, \"use_primary\": true}\n"}
,{"stream_name":"stdout","time":292.44540178,"data":"SECONDARY_EDGE_TTA_ACTIVE views= 8 weight= 0.75 mean_abs_feat_delta= 0.292587\n"}
,{"stream_name":"stdout","time":292.445428507,"data":"BIOHUB_RETENTION_GUARD {\"blended_candidates\": 382, \"dataset\": \"44b6_0b24845f\", \"frame\": 8, \"minimum_retention\": 0.9, \"primary_candidates\": 458, \"retention\": 0.834061135371179, \"use_primary\": true}\n"}
,{"stream_name":"stdout","time":293.220775957,"data":"EDGE_TTA_ACTIVE views= 10 mean_abs_feat_delta= 0.327041\n"}
,{"stream_name":"stdout","time":293.423144946,"data":"EDGE_TTA_ACTIVE views= 10 mean_abs_feat_delta= 0.327041\n"}
,{"stream_name":"stdout","time":293.726724752,"data":"EDGE_TTA_ACTIVE views= 10 mean_abs_feat_delta= 0.358364\n"}
,{"stream_name":"stdout","time":293.928895898,"data":"EDGE_TTA_ACTIVE views= 10 mean_abs_feat_delta= 0.358364\n"}
,{"stream_name":"stdout","time":294.17046097,"data":"SECONDARY_EDGE_TTA_ACTIVE views= 8 weight= 0.75 mean_abs_feat_delta= 0.240446\n"}
,{"stream_name":"stdout","time":294.372896965,"data":"SECONDARY_EDGE_TTA_ACTIVE views= 8 weight= 0.75 mean_abs_feat_delta= 0.240446\n"}
,{"stream_name":"stdout","time":294.696937611,"data":"SECONDARY_EDGE_TTA_ACTIVE views= 8 weight= 0.75 mean_abs_feat_delta= 0.291168\n"}
,{"stream_name":"stdout","time":294.701004715,"data":"BIOHUB_RETENTION_GUARD {\"blended_candidates\": 363, \"dataset\": \"44b6_0b24845f\", \"frame\": 9, \"minimum_retention\": 0.9, \"primary_candidates\": 435, \"retention\": 0.8344827586206897, \"use_primary\": true}\n"}
,{"stream_name":"stdout","time":294.899258157,"data":"SECONDARY_EDGE_TTA_ACTIVE views= 8 weight= 0.75 mean_abs_feat_delta= 0.291168\n"}
,{"stream_name":"stdout","time":294.899289017,"data":"BIOHUB_RETENTION_GUARD {\"blended_candidates\": 363, \"dataset\": \"44b6_0b24845f\", \"frame\": 9, \"minimum_retention\": 0.9, \"primary_candidates\": 435, \"retention\": 0.8344827586206897, \"use_primary\": true}\n"}
,{"stream_name":"stdout","time":295.49904738,"data":"EDGE_TTA_ACTIVE views= 10 mean_abs_feat_delta= 0.326535\n"}
,{"stream_name":"stdout","time":295.701536379,"data":"EDGE_TTA_ACTIVE views= 10 mean_abs_feat_delta= 0.326535\n"}
,{"stream_name":"stdout","time":296.09458525,"data":"EDGE_TTA_ACTIVE views= 10 mean_abs_feat_delta= 0.353528\n"}
,{"stream_name":"stdout","time":296.297128417,"data":"EDGE_TTA_ACTIVE views= 10 mean_abs_feat_delta= 0.353528\n"}
,{"stream_name":"stdout","time":296.457621833,"data":"SECONDARY_EDGE_TTA_ACTIVE views= 8 weight= 0.75 mean_abs_feat_delta= 0.24216\n"}
,{"stream_name":"stdout","time":296.660089209,"data":"SECONDARY_EDGE_TTA_ACTIVE views= 8 weight= 0.75 mean_abs_feat_delta= 0.24216\n"}
,{"stream_name":"stdout","time":297.067051245,"data":"SECONDARY_EDGE_TTA_ACTIVE views= 8 weight= 0.75 mean_abs_feat_delta= 0.301242\n"}
,{"stream_name":"stdout","time":297.071207645,"data":"BIOHUB_RETENTION_GUARD {\"blended_candidates\": 331, \"dataset\": \"44b6_0b24845f\", \"frame\": 10, \"minimum_retention\": 0.9, \"primary_candidates\": 421, \"retention\": 0.7862232779097387, \"use_primary\": true}\n"}
,{"stream_name":"stdout","time":297.269912133,"data":"SECONDARY_EDGE_TTA_ACTIVE views= 8 weight= 0.75 mean_abs_feat_delta= 0.301242\n"}
,{"stream_name":"stdout","time":297.269971116,"data":"BIOHUB_RETENTION_GUARD {\"blended_candidates\": 331, \"dataset\": \"44b6_0b24845f\", \"frame\": 10, \"minimum_retention\": 0.9, \"primary_candidates\": 421, \"retention\": 0.7862232779097387, \"use_primary\": true}\n"}
,{"stream_name":"stdout","time":297.77736185,"data":"EDGE_TTA_ACTIVE views= 10 mean_abs_feat_delta= 0.333464\n"}
,{"stream_name":"stdout","time":297.97963742,"data":"EDGE_TTA_ACTIVE views= 10 mean_abs_feat_delta= 0.333464\n"}
,{"stream_name":"stdout","time":298.445760384,"data":"EDGE_TTA_ACTIVE views= 10 mean_abs_feat_delta= 0.346975\n"}
,{"stream_name":"stdout","time":298.648047583,"data":"EDGE_TTA_ACTIVE views= 10 mean_abs_feat_delta= 0.346975\n"}
,{"stream_name":"stdout","time":298.743947135,"data":"SECONDARY_EDGE_TTA_ACTIVE views= 8 weight= 0.75 mean_abs_feat_delta= 0.243727\n"}
,{"stream_name":"stdout","time":298.946273356,"data":"SECONDARY_EDGE_TTA_ACTIVE views= 8 weight= 0.75 mean_abs_feat_delta= 0.243727\n"}
,{"stream_name":"stdout","time":299.429457323,"data":"SECONDARY_EDGE_TTA_ACTIVE views= 8 weight= 0.75 mean_abs_feat_delta= 0.289865\n"}
,{"stream_name":"stdout","time":299.433525694,"data":"BIOHUB_RETENTION_GUARD {\"blended_candidates\": 377, \"dataset\": \"44b6_0b24845f\", \"frame\": 11, \"minimum_retention\": 0.9, \"primary_candidates\": 439, \"retention\": 0.8587699316628702, \"use_primary\": true}\n"}
,{"stream_name":"stdout","time":299.631758266,"data":"SECONDARY_EDGE_TTA_ACTIVE views= 8 weight= 0.75 mean_abs_feat_delta= 0.289865\n"}
,{"stream_name":"stdout","time":299.631786801,"data":"BIOHUB_RETENTION_GUARD {\"blended_candidates\": 377, \"dataset\": \"44b6_0b24845f\", \"frame\": 11, \"minimum_retention\": 0.9, \"primary_candidates\": 439, \"retention\": 0.8587699316628702, \"use_primary\": true}\n"}
,{"stream_name":"stdout","time":300.104146685,"data":"EDGE_TTA_ACTIVE views= 10 mean_abs_feat_delta= 0.326692\n"}
,{"stream_name":"stdout","time":300.306575412,"data":"EDGE_TTA_ACTIVE views= 10 mean_abs_feat_delta= 0.326692\n"}
,{"stream_name":"stdout","time":300.88123919,"data":"EDGE_TTA_ACTIVE views= 10 mean_abs_feat_delta= 0.350445\n"}
,{"stream_name":"stdout","time":301.073842179,"data":"SECONDARY_EDGE_TTA_ACTIVE views= 8 weight= 0.75 mean_abs_feat_delta= 0.241899\n"}
,{"stream_name":"stdout","time":301.083635961,"data":"EDGE_TTA_ACTIVE views= 10 mean_abs_feat_delta= 0.350445\n"}
,{"stream_name":"stdout","time":301.083657199,"data":"SECONDARY_EDGE_TTA_ACTIVE views= 8 weight= 0.75 mean_abs_feat_delta= 0.241899\n"}
,{"stream_name":"stdout","time":301.875368261,"data":"SECONDARY_EDGE_TTA_ACTIVE views= 8 weight= 0.75 mean_abs_feat_delta= 0.298743\n"}
,{"stream_name":"stdout","time":301.879525957,"data":"BIOHUB_RETENTION_GUARD {\"blended_candidates\": 308, \"dataset\": \"44b6_0b24845f\", \"frame\": 12, \"minimum_retention\": 0.9, \"primary_candidates\": 362, \"retention\": 0.850828729281768, \"use_primary\": true}\n"}
,{"stream_name":"stdout","time":302.078523811,"data":"SECONDARY_EDGE_TTA_ACTIVE views= 8 weight= 0.75 mean_abs_feat_delta= 0.298743\n"}
,{"stream_name":"stdout","time":302.078585004,"data":"BIOHUB_RETENTION_GUARD {\"blended_candidates\": 308, \"dataset\": \"44b6_0b24845f\", \"frame\": 12, \"minimum_retention\": 0.9, \"primary_candidates\": 362, \"retention\": 0.850828729281768, \"use_primary\": true}\n"}
,{"stream_name":"stdout","time":302.443880751,"data":"EDGE_TTA_ACTIVE views= 10 mean_abs_feat_delta= 0.326056\n"}
,{"stream_name":"stdout","time":302.646226129,"data":"EDGE_TTA_ACTIVE views= 10 mean_abs_feat_delta= 0.326056\n"}
,{"stream_name":"stdout","time":303.349006719,"data":"EDGE_TTA_ACTIVE views= 10 mean_abs_feat_delta= 0.356398\n"}
,{"stream_name":"stdout","time":303.423149339,"data":"SECONDARY_EDGE_TTA_ACTIVE views= 8 weight= 0.75 mean_abs_feat_delta= 0.237416\n"}
,{"stream_name":"stdout","time":303.551437428,"data":"EDGE_TTA_ACTIVE views= 10 mean_abs_feat_delta= 0.356398\n"}
,{"stream_name":"stdout","time":303.551477797,"data":"SECONDARY_EDGE_TTA_ACTIVE views= 8 weight= 0.75 mean_abs_feat_delta= 0.237416\n"}
,{"stream_name":"stdout","time":304.348280961,"data":"SECONDARY_EDGE_TTA_ACTIVE views= 8 weight= 0.75 mean_abs_feat_delta= 0.295579\n"}
,{"stream_name":"stdout","time":304.352438034,"data":"BIOHUB_RETENTION_GUARD {\"blended_candidates\": 318, \"dataset\": \"44b6_0b24845f\", \"frame\": 13, \"minimum_retention\": 0.9, \"primary_candidates\": 372, \"retention\": 0.8548387096774194, \"use_primary\": true}\n"}
,{"stream_name":"stdout","time":304.550890149,"data":"SECONDARY_EDGE_TTA_ACTIVE views= 8 weight= 0.75 mean_abs_feat_delta= 0.295579\n"}
,{"stream_name":"stdout","time":304.551021463,"data":"BIOHUB_RETENTION_GUARD {\"blended_candidates\": 318, \"dataset\": \"44b6_0b24845f\", \"frame\": 13, \"minimum_retention\": 0.9, \"primary_candidates\": 372, \"retention\": 0.8548387096774194, \"use_primary\": true}\n"}
,{"stream_name":"stdout","time":304.762952799,"data":"EDGE_TTA_ACTIVE views= 10 mean_abs_feat_delta= 0.322631\n"}
,{"stream_name":"stdout","time":304.965213998,"data":"EDGE_TTA_ACTIVE views= 10 mean_abs_feat_delta= 0.322631\n"}
,{"stream_name":"stdout","time":305.73705519,"data":"SECONDARY_EDGE_TTA_ACTIVE views= 8 weight= 0.75 mean_abs_feat_delta= 0.238386\n"}
,{"stream_name":"stdout","time":305.798320141,"data":"EDGE_TTA_ACTIVE views= 10 mean_abs_feat_delta= 0.354703\n"}
,{"stream_name":"stdout","time":305.939443847,"data":"SECONDARY_EDGE_TTA_ACTIVE views= 8 weight= 0.75 mean_abs_feat_delta= 0.238386\n"}
,{"stream_name":"stdout","time":305.939473056,"data":"EDGE_TTA_ACTIVE views= 10 mean_abs_feat_delta= 0.354703\n"}
,{"stream_name":"stdout","time":306.804304689,"data":"SECONDARY_EDGE_TTA_ACTIVE views= 8 weight= 0.75 mean_abs_feat_delta= 0.29037\n"}
,{"stream_name":"stdout","time":306.808146876,"data":"BIOHUB_RETENTION_GUARD {\"blended_candidates\": 328, \"dataset\": \"44b6_0b24845f\", \"frame\": 14, \"minimum_retention\": 0.9, \"primary_candidates\": 385, \"retention\": 0.8519480519480519, \"use_primary\": true}\n"}
,{"stream_name":"stdout","time":307.00605953,"data":"SECONDARY_EDGE_TTA_ACTIVE views= 8 weight= 0.75 mean_abs_feat_delta= 0.29037\n"}
,{"stream_name":"stdout","time":307.006089833,"data":"BIOHUB_RETENTION_GUARD {\"blended_candidates\": 328, \"dataset\": \"44b6_0b24845f\", \"frame\": 14, \"minimum_retention\": 0.9, \"primary_candidates\": 385, \"retention\": 0.8519480519480519, \"use_primary\": true}\n"}
,{"stream_name":"stdout","time":307.113576111,"data":"EDGE_TTA_ACTIVE views= 10 mean_abs_feat_delta= 0.32339\n"}
,{"stream_name":"stdout","time":307.316302861,"data":"EDGE_TTA_ACTIVE views= 10 mean_abs_feat_delta= 0.32339\n"}
,{"stream_name":"stdout","time":308.090621445,"data":"SECONDARY_EDGE_TTA_ACTIVE views= 8 weight= 0.75 mean_abs_feat_delta= 0.238478\n"}
,{"stream_name":"stdout","time":308.275099473,"data":"EDGE_TTA_ACTIVE views= 10 mean_abs_feat_delta= 0.351391\n"}
,{"stream_name":"stdout","time":308.293014293,"data":"SECONDARY_EDGE_TTA_ACTIVE views= 8 weight= 0.75 mean_abs_feat_delta= 0.238478\n"}
,{"stream_name":"stdout","time":308.293039409,"data":"EDGE_TTA_ACTIVE views= 10 mean_abs_feat_delta= 0.351391\n"}
,{"stream_name":"stdout","time":309.295944139,"data":"SECONDARY_EDGE_TTA_ACTIVE views= 8 weight= 0.75 mean_abs_feat_delta= 0.286822\n"}
,{"stream_name":"stdout","time":309.444335458,"data":"EDGE_TTA_ACTIVE views= 10 mean_abs_feat_delta= 0.31805\n"}
,{"stream_name":"stdout","time":309.498308398,"data":"SECONDARY_EDGE_TTA_ACTIVE views= 8 weight= 0.75 mean_abs_feat_delta= 0.286822\n"}
,{"stream_name":"stdout","time":309.498371655,"data":"EDGE_TTA_ACTIVE views= 10 mean_abs_feat_delta= 0.31805\n"}
,{"stream_name":"stdout","time":310.432595804,"data":"SECONDARY_EDGE_TTA_ACTIVE views= 8 weight= 0.75 mean_abs_feat_delta= 0.234529\n"}
,{"stream_name":"stdout","time":310.635194326,"data":"SECONDARY_EDGE_TTA_ACTIVE views= 8 weight= 0.75 mean_abs_feat_delta= 0.234529\n"}
,{"stream_name":"stdout","time":310.719040303,"data":"EDGE_TTA_ACTIVE views= 10 mean_abs_feat_delta= 0.357895\n"}
,{"stream_name":"stdout","time":310.921353658,"data":"EDGE_TTA_ACTIVE views= 10 mean_abs_feat_delta= 0.357895\n"}
,{"stream_name":"stdout","time":311.748844564,"data":"SECONDARY_EDGE_TTA_ACTIVE views= 8 weight= 0.75 mean_abs_feat_delta= 0.282972\n"}
,{"stream_name":"stdout","time":311.784064277,"data":"EDGE_TTA_ACTIVE views= 10 mean_abs_feat_delta= 0.319469\n"}
,{"stream_name":"stdout","time":311.951195868,"data":"SECONDARY_EDGE_TTA_ACTIVE views= 8 weight= 0.75 mean_abs_feat_delta= 0.282972\n"}
,{"stream_name":"stdout","time":311.951235954,"data":"EDGE_TTA_ACTIVE views= 10 mean_abs_feat_delta= 0.319469\n"}
,{"stream_name":"stdout","time":312.781042396,"data":"SECONDARY_EDGE_TTA_ACTIVE views= 8 weight= 0.75 mean_abs_feat_delta= 0.238533\n"}
,{"stream_name":"stdout","time":312.983661342,"data":"SECONDARY_EDGE_TTA_ACTIVE views= 8 weight= 0.75 mean_abs_feat_delta= 0.238533\n"}
,{"stream_name":"stdout","time":313.210117659,"data":"EDGE_TTA_ACTIVE views= 10 mean_abs_feat_delta= 0.360937\n"}
,{"stream_name":"stdout","time":313.41243871,"data":"EDGE_TTA_ACTIVE views= 10 mean_abs_feat_delta= 0.360937\n"}
,{"stream_name":"stdout","time":314.193555334,"data":"EDGE_TTA_ACTIVE views= 10 mean_abs_feat_delta= 0.314969\n"}
,{"stream_name":"stdout","time":314.241591553,"data":"SECONDARY_EDGE_TTA_ACTIVE views= 8 weight= 0.75 mean_abs_feat_delta= 0.284899\n"}
,{"stream_name":"stdout","time":314.395816759,"data":"EDGE_TTA_ACTIVE views= 10 mean_abs_feat_delta= 0.314969\n"}
,{"stream_name":"stdout","time":314.395857331,"data":"SECONDARY_EDGE_TTA_ACTIVE views= 8 weight= 0.75 mean_abs_feat_delta= 0.284899\n"}
,{"stream_name":"stdout","time":315.200536526,"data":"SECONDARY_EDGE_TTA_ACTIVE views= 8 weight= 0.75 mean_abs_feat_delta= 0.239819\n"}
,{"stream_name":"stdout","time":315.402824868,"data":"SECONDARY_EDGE_TTA_ACTIVE views= 8 weight= 0.75 mean_abs_feat_delta= 0.239819\n"}
,{"stream_name":"stdout","time":315.736134593,"data":"EDGE_TTA_ACTIVE views= 10 mean_abs_feat_delta= 0.357411\n"}
,{"stream_name":"stdout","time":315.938903647,"data":"EDGE_TTA_ACTIVE views= 10 mean_abs_feat_delta= 0.357411\n"}
,{"stream_name":"stdout","time":316.652540027,"data":"EDGE_TTA_ACTIVE views= 10 mean_abs_feat_delta= 0.316482\n"}
,{"stream_name":"stdout","time":316.781515486,"data":"SECONDARY_EDGE_TTA_ACTIVE views= 8 weight= 0.75 mean_abs_feat_delta= 0.276632\n"}
,{"stream_name":"stdout","time":316.855308232,"data":"EDGE_TTA_ACTIVE views= 10 mean_abs_feat_delta= 0.316482\n"}
,{"stream_name":"stdout","time":316.855332209,"data":"SECONDARY_EDGE_TTA_ACTIVE views= 8 weight= 0.75 mean_abs_feat_delta= 0.276632\n"}
,{"stream_name":"stdout","time":317.665703989,"data":"SECONDARY_EDGE_TTA_ACTIVE views= 8 weight= 0.75 mean_abs_feat_delta= 0.242037\n"}
,{"stream_name":"stdout","time":317.867891066,"data":"SECONDARY_EDGE_TTA_ACTIVE views= 8 weight= 0.75 mean_abs_feat_delta= 0.242037\n"}
,{"stream_name":"stdout","time":318.295677816,"data":"EDGE_TTA_ACTIVE views= 10 mean_abs_feat_delta= 0.348481\n"}
,{"stream_name":"stdout","time":318.49793221,"data":"EDGE_TTA_ACTIVE views= 10 mean_abs_feat_delta= 0.348481\n"}
,{"stream_name":"stdout","time":319.08264432,"data":"EDGE_TTA_ACTIVE views= 10 mean_abs_feat_delta= 0.320002\n"}
,{"stream_name":"stdout","time":319.284842624,"data":"EDGE_TTA_ACTIVE views= 10 mean_abs_feat_delta= 0.320002\n"}
,{"stream_name":"stdout","time":319.34511016,"data":"SECONDARY_EDGE_TTA_ACTIVE views= 8 weight= 0.75 mean_abs_feat_delta= 0.278285\n"}
,{"stream_name":"stdout","time":319.547422677,"data":"SECONDARY_EDGE_TTA_ACTIVE views= 8 weight= 0.75 mean_abs_feat_delta= 0.278285\n"}
,{"stream_name":"stdout","time":320.100655006,"data":"SECONDARY_EDGE_TTA_ACTIVE views= 8 weight= 0.75 mean_abs_feat_delta= 0.241724\n"}
,{"stream_name":"stdout","time":320.303151683,"data":"SECONDARY_EDGE_TTA_ACTIVE views= 8 weight= 0.75 mean_abs_feat_delta= 0.241724\n"}
,{"stream_name":"stdout","time":320.817495365,"data":"EDGE_TTA_ACTIVE views= 10 mean_abs_feat_delta= 0.345898\n"}
,{"stream_name":"stdout","time":321.020165742,"data":"EDGE_TTA_ACTIVE views= 10 mean_abs_feat_delta= 0.345898\n"}
,{"stream_name":"stdout","time":321.534929937,"data":"EDGE_TTA_ACTIVE views= 10 mean_abs_feat_delta= 0.31717\n"}
,{"stream_name":"stdout","time":321.751733565,"data":"EDGE_TTA_ACTIVE views= 10 mean_abs_feat_delta= 0.31717\n"}
,{"stream_name":"stdout","time":321.880500315,"data":"SECONDARY_EDGE_TTA_ACTIVE views= 8 weight= 0.75 mean_abs_feat_delta= 0.280197\n"}
,{"stream_name":"stdout","time":321.884668562,"data":"BIOHUB_RETENTION_GUARD {\"blended_candidates\": 288, \"dataset\": \"44b6_0b24845f\", \"frame\": 20, \"minimum_retention\": 0.9, \"primary_candidates\": 323, \"retention\": 0.891640866873065, \"use_primary\": true}\n"}
,{"stream_name":"stdout","time":322.083155623,"data":"SECONDARY_EDGE_TTA_ACTIVE views= 8 weight= 0.75 mean_abs_feat_delta= 0.280197\n"}
,{"stream_name":"stdout","time":322.083185609,"data":"BIOHUB_RETENTION_GUARD {\"blended_candidates\": 288, \"dataset\": \"44b6_0b24845f\", \"frame\": 20, \"minimum_retention\": 0.9, \"primary_candidates\": 323, \"retention\": 0.891640866873065, \"use_primary\": true}\n"}
,{"stream_name":"stdout","time":322.560422956,"data":"SECONDARY_EDGE_TTA_ACTIVE views= 8 weight= 0.75 mean_abs_feat_delta= 0.234753\n"}
,{"stream_name":"stdout","time":322.762647546,"data":"SECONDARY_EDGE_TTA_ACTIVE views= 8 weight= 0.75 mean_abs_feat_delta= 0.234753\n"}
,{"stream_name":"stdout","time":323.423624258,"data":"EDGE_TTA_ACTIVE views= 10 mean_abs_feat_delta= 0.346272\n"}
,{"stream_name":"stdout","time":323.625934839,"data":"EDGE_TTA_ACTIVE views= 10 mean_abs_feat_delta= 0.346272\n"}
,{"stream_name":"stdout","time":323.95034313,"data":"EDGE_TTA_ACTIVE views= 10 mean_abs_feat_delta= 0.319496\n"}
,{"stream_name":"stdout","time":324.153448542,"data":"EDGE_TTA_ACTIVE views= 10 mean_abs_feat_delta= 0.319496\n"}
,{"stream_name":"stdout","time":324.497886828,"data":"SECONDARY_EDGE_TTA_ACTIVE views= 8 weight= 0.75 mean_abs_feat_delta= 0.281334\n"}
,{"stream_name":"stdout","time":324.502113163,"data":"BIOHUB_RETENTION_GUARD {\"blended_candidates\": 271, \"dataset\": \"44b6_0b24845f\", \"frame\": 21, \"minimum_retention\": 0.9, \"primary_candidates\": 328, \"retention\": 0.8262195121951219, \"use_primary\": true}\n"}
,{"stream_name":"stdout","time":324.700094586,"data":"SECONDARY_EDGE_TTA_ACTIVE views= 8 weight= 0.75 mean_abs_feat_delta= 0.281334\n"}
,{"stream_name":"stdout","time":324.700125605,"data":"BIOHUB_RETENTION_GUARD {\"blended_candidates\": 271, \"dataset\": \"44b6_0b24845f\", \"frame\": 21, \"minimum_retention\": 0.9, \"primary_candidates\": 328, \"retention\": 0.8262195121951219, \"use_primary\": true}\n"}
,{"stream_name":"stdout","time":324.988725094,"data":"SECONDARY_EDGE_TTA_ACTIVE views= 8 weight= 0.75 mean_abs_feat_delta= 0.238746\n"}
,{"stream_name":"stdout","time":325.190770266,"data":"SECONDARY_EDGE_TTA_ACTIVE views= 8 weight= 0.75 mean_abs_feat_delta= 0.238746\n"}
,{"stream_name":"stdout","time":326.005021584,"data":"EDGE_TTA_ACTIVE views= 10 mean_abs_feat_delta= 0.347816\n"}
,{"stream_name":"stdout","time":326.207477618,"data":"EDGE_TTA_ACTIVE views= 10 mean_abs_feat_delta= 0.347816\n"}
,{"stream_name":"stdout","time":326.381896272,"data":"EDGE_TTA_ACTIVE views= 10 mean_abs_feat_delta= 0.321435\n"}
,{"stream_name":"stdout","time":326.584161978,"data":"EDGE_TTA_ACTIVE views= 10 mean_abs_feat_delta= 0.321435\n"}
,{"stream_name":"stdout","time":327.097618584,"data":"SECONDARY_EDGE_TTA_ACTIVE views= 8 weight= 0.75 mean_abs_feat_delta= 0.280031\n"}
,{"stream_name":"stdout","time":327.101926861,"data":"BIOHUB_RETENTION_GUARD {\"blended_candidates\": 292, \"dataset\": \"44b6_0b24845f\", \"frame\": 22, \"minimum_retention\": 0.9, \"primary_candidates\": 328, \"retention\": 0.8902439024390244, \"use_primary\": true}\n"}
,{"stream_name":"stdout","time":327.299902527,"data":"SECONDARY_EDGE_TTA_ACTIVE views= 8 weight= 0.75 mean_abs_feat_delta= 0.280031\n"}
,{"stream_name":"stdout","time":327.299943847,"data":"BIOHUB_RETENTION_GUARD {\"blended_candidates\": 292, \"dataset\": \"44b6_0b24845f\", \"frame\": 22, \"minimum_retention\": 0.9, \"primary_candidates\": 328, \"retention\": 0.8902439024390244, \"use_primary\": true}\n"}
,{"stream_name":"stdout","time":327.428578165,"data":"SECONDARY_EDGE_TTA_ACTIVE views= 8 weight= 0.75 mean_abs_feat_delta= 0.238954\n"}
,{"stream_name":"stdout","time":327.631105148,"data":"SECONDARY_EDGE_TTA_ACTIVE views= 8 weight= 0.75 mean_abs_feat_delta= 0.238954\n"}
,{"stream_name":"stdout","time":328.673327208,"data":"EDGE_TTA_ACTIVE views= 10 mean_abs_feat_delta= 0.351414\n"}
,{"stream_name":"stdout","time":328.875639737,"data":"EDGE_TTA_ACTIVE views= 10 mean_abs_feat_delta= 0.351414\n"}
,{"stream_name":"stdout","time":328.88533249,"data":"EDGE_TTA_ACTIVE views= 10 mean_abs_feat_delta= 0.32666\n"}
,{"stream_name":"stdout","time":329.087261528,"data":"EDGE_TTA_ACTIVE views= 10 mean_abs_feat_delta= 0.32666\n"}
,{"stream_name":"stdout","time":329.793740019,"data":"SECONDARY_EDGE_TTA_ACTIVE views= 8 weight= 0.75 mean_abs_feat_delta= 0.277655\n"}
,{"stream_name":"stdout","time":329.942196453,"data":"SECONDARY_EDGE_TTA_ACTIVE views= 8 weight= 0.75 mean_abs_feat_delta= 0.235145\n"}
,{"stream_name":"stdout","time":329.9969161,"data":"SECONDARY_EDGE_TTA_ACTIVE views= 8 weight= 0.75 mean_abs_feat_delta= 0.277655\n"}
,{"stream_name":"stdout","time":329.996943425,"data":"SECONDARY_EDGE_TTA_ACTIVE views= 8 weight= 0.75 mean_abs_feat_delta= 0.235145\n"}
,{"stream_name":"stdout","time":331.350333082,"data":"EDGE_TTA_ACTIVE views= 10 mean_abs_feat_delta= 0.351369\n"}
,{"stream_name":"stdout","time":331.417132556,"data":"EDGE_TTA_ACTIVE views= 10 mean_abs_feat_delta= 0.325373\n"}
,{"stream_name":"stdout","time":331.552806036,"data":"EDGE_TTA_ACTIVE views= 10 mean_abs_feat_delta= 0.351369\n"}
,{"stream_name":"stdout","time":331.552831134,"data":"EDGE_TTA_ACTIVE views= 10 mean_abs_feat_delta= 0.325373\n"}
,{"stream_name":"stdout","time":332.463707501,"data":"SECONDARY_EDGE_TTA_ACTIVE views= 8 weight= 0.75 mean_abs_feat_delta= 0.282322\n"}
,{"stream_name":"stdout","time":332.46800304,"data":"BIOHUB_RETENTION_GUARD {\"blended_candidates\": 262, \"dataset\": \"44b6_0b24845f\", \"frame\": 24, \"minimum_retention\": 0.9, \"primary_candidates\": 308, \"retention\": 0.8506493506493507, \"use_primary\": true}\n"}
,{"stream_name":"stdout","time":332.482140251,"data":"SECONDARY_EDGE_TTA_ACTIVE views= 8 weight= 0.75 mean_abs_feat_delta= 0.236219\n"}
,{"stream_name":"stdout","time":332.665686049,"data":"SECONDARY_EDGE_TTA_ACTIVE views= 8 weight= 0.75 mean_abs_feat_delta= 0.282322\n"}
,{"stream_name":"stdout","time":332.665718822,"data":"BIOHUB_RETENTION_GUARD {\"blended_candidates\": 262, \"dataset\": \"44b6_0b24845f\", \"frame\": 24, \"minimum_retention\": 0.9, \"primary_candidates\": 308, \"retention\": 0.8506493506493507, \"use_primary\": true}\n"}
,{"stream_name":"stdout","time":332.665733634,"data":"SECONDARY_EDGE_TTA_ACTIVE views= 8 weight= 0.75 mean_abs_feat_delta= 0.236219\n"}
,{"stream_name":"stdout","time":333.980174929,"data":"EDGE_TTA_ACTIVE views= 10 mean_abs_feat_delta= 0.321938\n"}
,{"stream_name":"stdout","time":334.066938775,"data":"EDGE_TTA_ACTIVE views= 10 mean_abs_feat_delta= 0.353042\n"}
,{"stream_name":"stdout","time":334.182446394,"data":"EDGE_TTA_ACTIVE views= 10 mean_abs_feat_delta= 0.321938\n"}
,{"stream_name":"stdout","time":334.182467906,"data":"EDGE_TTA_ACTIVE views= 10 mean_abs_feat_delta= 0.353042\n"}
,{"stream_name":"stdout","time":335.052710628,"data":"SECONDARY_EDGE_TTA_ACTIVE views= 8 weight= 0.75 mean_abs_feat_delta= 0.234985\n"}
,{"stream_name":"stdout","time":335.195613691,"data":"SECONDARY_EDGE_TTA_ACTIVE views= 8 weight= 0.75 mean_abs_feat_delta= 0.280181\n"}
,{"stream_name":"stdout","time":335.199775061,"data":"BIOHUB_RETENTION_GUARD {\"blended_candidates\": 288, \"dataset\": \"44b6_0b24845f\", \"frame\": 25, \"minimum_retention\": 0.9, \"primary_candidates\": 322, \"retention\": 0.8944099378881988, \"use_primary\": true}\n"}
,{"stream_name":"stdout","time":335.258080652,"data":"SECONDARY_EDGE_TTA_ACTIVE views= 8 weight= 0.75 mean_abs_feat_delta= 0.234985\n"}
,{"stream_name":"stdout","time":335.258106334,"data":"SECONDARY_EDGE_TTA_ACTIVE views= 8 weight= 0.75 mean_abs_feat_delta= 0.280181\n"}
,{"stream_name":"stdout","time":335.258110708,"data":"BIOHUB_RETENTION_GUARD {\"blended_candidates\": 288, \"dataset\": \"44b6_0b24845f\", \"frame\": 25, \"minimum_retention\": 0.9, \"primary_candidates\": 322, \"retention\": 0.8944099378881988, \"use_primary\": true}\n"}
,{"stream_name":"stdout","time":336.576602838,"data":"EDGE_TTA_ACTIVE views= 10 mean_abs_feat_delta= 0.323613\n"}
,{"stream_name":"stdout","time":336.779105987,"data":"EDGE_TTA_ACTIVE views= 10 mean_abs_feat_delta= 0.323613\n"}
,{"stream_name":"stdout","time":336.857787561,"data":"EDGE_TTA_ACTIVE views= 10 mean_abs_feat_delta= 0.357163\n"}
,{"stream_name":"stdout","time":337.060082484,"data":"EDGE_TTA_ACTIVE views= 10 mean_abs_feat_delta= 0.357163\n"}
,{"stream_name":"stdout","time":337.651863883,"data":"SECONDARY_EDGE_TTA_ACTIVE views= 8 weight= 0.75 mean_abs_feat_delta= 0.230623\n"}
,{"stream_name":"stdout","time":337.854297398,"data":"SECONDARY_EDGE_TTA_ACTIVE views= 8 weight= 0.75 mean_abs_feat_delta= 0.230623\n"}
,{"stream_name":"stdout","time":337.998043656,"data":"SECONDARY_EDGE_TTA_ACTIVE views= 8 weight= 0.75 mean_abs_feat_delta= 0.284381\n"}
,{"stream_name":"stdout","time":338.002299816,"data":"BIOHUB_RETENTION_GUARD {\"blended_candidates\": 268, \"dataset\": \"44b6_0b24845f\", \"frame\": 26, \"minimum_retention\": 0.9, \"primary_candidates\": 302, \"retention\": 0.8874172185430463, \"use_primary\": true}\n"}
,{"stream_name":"stdout","time":338.200466969,"data":"SECONDARY_EDGE_TTA_ACTIVE views= 8 weight= 0.75 mean_abs_feat_delta= 0.284381\n"}
,{"stream_name":"stdout","time":338.200496328,"data":"BIOHUB_RETENTION_GUARD {\"blended_candidates\": 268, \"dataset\": \"44b6_0b24845f\", \"frame\": 26, \"minimum_retention\": 0.9, \"primary_candidates\": 302, \"retention\": 0.8874172185430463, \"use_primary\": true}\n"}
,{"stream_name":"stdout","time":339.119553304,"data":"EDGE_TTA_ACTIVE views= 10 mean_abs_feat_delta= 0.325989\n"}
,{"stream_name":"stdout","time":339.321857829,"data":"EDGE_TTA_ACTIVE views= 10 mean_abs_feat_delta= 0.325989\n"}
,{"stream_name":"stdout","time":339.663208494,"data":"EDGE_TTA_ACTIVE views= 10 mean_abs_feat_delta= 0.361215\n"}
,{"stream_name":"stdout","time":339.865551964,"data":"EDGE_TTA_ACTIVE views= 10 mean_abs_feat_delta= 0.361215\n"}
,{"stream_name":"stdout","time":340.233653194,"data":"SECONDARY_EDGE_TTA_ACTIVE views= 8 weight= 0.75 mean_abs_feat_delta= 0.233514\n"}
,{"stream_name":"stdout","time":340.436151076,"data":"SECONDARY_EDGE_TTA_ACTIVE views= 8 weight= 0.75 mean_abs_feat_delta= 0.233514\n"}
,{"stream_name":"stdout","time":340.808310715,"data":"SECONDARY_EDGE_TTA_ACTIVE views= 8 weight= 0.75 mean_abs_feat_delta= 0.289602\n"}
,{"stream_name":"stdout","time":340.812531162,"data":"BIOHUB_RETENTION_GUARD {\"blended_candidates\": 255, \"dataset\": \"44b6_0b24845f\", \"frame\": 27, \"minimum_retention\": 0.9, \"primary_candidates\": 298, \"retention\": 0.8557046979865772, \"use_primary\": true}\n"}
,{"stream_name":"stdout","time":341.013549459,"data":"SECONDARY_EDGE_TTA_ACTIVE views= 8 weight= 0.75 mean_abs_feat_delta= 0.289602\n"}
,{"stream_name":"stdout","time":341.013580117,"data":"BIOHUB_RETENTION_GUARD {\"blended_candidates\": 255, \"dataset\": \"44b6_0b24845f\", \"frame\": 27, \"minimum_retention\": 0.9, \"primary_candidates\": 298, \"retention\": 0.8557046979865772, \"use_primary\": true}\n"}
,{"stream_name":"stdout","time":341.731733698,"data":"EDGE_TTA_ACTIVE views= 10 mean_abs_feat_delta= 0.324182\n"}
,{"stream_name":"stdout","time":341.934281815,"data":"EDGE_TTA_ACTIVE views= 10 mean_abs_feat_delta= 0.324182\n"}
,{"stream_name":"stdout","time":342.421920311,"data":"EDGE_TTA_ACTIVE views= 10 mean_abs_feat_delta= 0.357015\n"}
,{"stream_name":"stdout","time":342.624272541,"data":"EDGE_TTA_ACTIVE views= 10 mean_abs_feat_delta= 0.357015\n"}
,{"stream_name":"stdout","time":342.834497251,"data":"SECONDARY_EDGE_TTA_ACTIVE views= 8 weight= 0.75 mean_abs_feat_delta= 0.236419\n"}
,{"stream_name":"stdout","time":343.036731604,"data":"SECONDARY_EDGE_TTA_ACTIVE views= 8 weight= 0.75 mean_abs_feat_delta= 0.236419\n"}
,{"stream_name":"stdout","time":343.58413440100003,"data":"SECONDARY_EDGE_TTA_ACTIVE views= 8 weight= 0.75 mean_abs_feat_delta= 0.291319\n"}
,{"stream_name":"stdout","time":343.786477798,"data":"SECONDARY_EDGE_TTA_ACTIVE views= 8 weight= 0.75 mean_abs_feat_delta= 0.291319\n"}
,{"stream_name":"stdout","time":344.316104467,"data":"EDGE_TTA_ACTIVE views= 10 mean_abs_feat_delta= 0.330074\n"}
,{"stream_name":"stdout","time":344.518586546,"data":"EDGE_TTA_ACTIVE views= 10 mean_abs_feat_delta= 0.330074\n"}
,{"stream_name":"stdout","time":345.158588838,"data":"EDGE_TTA_ACTIVE views= 10 mean_abs_feat_delta= 0.357955\n"}
,{"stream_name":"stdout","time":345.361083531,"data":"EDGE_TTA_ACTIVE views= 10 mean_abs_feat_delta= 0.357955\n"}
,{"stream_name":"stdout","time":345.427906515,"data":"SECONDARY_EDGE_TTA_ACTIVE views= 8 weight= 0.75 mean_abs_feat_delta= 0.240106\n"}
,{"stream_name":"stdout","time":345.62999738,"data":"SECONDARY_EDGE_TTA_ACTIVE views= 8 weight= 0.75 mean_abs_feat_delta= 0.240106\n"}
,{"stream_name":"stdout","time":346.33097196,"data":"SECONDARY_EDGE_TTA_ACTIVE views= 8 weight= 0.75 mean_abs_feat_delta= 0.283865\n"}
,{"stream_name":"stdout","time":346.533346806,"data":"SECONDARY_EDGE_TTA_ACTIVE views= 8 weight= 0.75 mean_abs_feat_delta= 0.283865\n"}
,{"stream_name":"stdout","time":346.929587658,"data":"EDGE_TTA_ACTIVE views= 10 mean_abs_feat_delta= 0.331234\n"}
,{"stream_name":"stdout","time":347.131933963,"data":"EDGE_TTA_ACTIVE views= 10 mean_abs_feat_delta= 0.331234\n"}
,{"stream_name":"stdout","time":347.923404739,"data":"EDGE_TTA_ACTIVE views= 10 mean_abs_feat_delta= 0.356232\n"}
,{"stream_name":"stdout","time":348.043477455,"data":"SECONDARY_EDGE_TTA_ACTIVE views= 8 weight= 0.75 mean_abs_feat_delta= 0.251196\n"}
,{"stream_name":"stdout","time":348.125497482,"data":"EDGE_TTA_ACTIVE views= 10 mean_abs_feat_delta= 0.356232\n"}
,{"stream_name":"stdout","time":348.125529542,"data":"SECONDARY_EDGE_TTA_ACTIVE views= 8 weight= 0.75 mean_abs_feat_delta= 0.251196\n"}
,{"stream_name":"stdout","time":349.097382215,"data":"SECONDARY_EDGE_TTA_ACTIVE views= 8 weight= 0.75 mean_abs_feat_delta= 0.282155\n"}
,{"stream_name":"stdout","time":349.29978965,"data":"SECONDARY_EDGE_TTA_ACTIVE views= 8 weight= 0.75 mean_abs_feat_delta= 0.282155\n"}
,{"stream_name":"stdout","time":349.526271719,"data":"EDGE_TTA_ACTIVE views= 10 mean_abs_feat_delta= 0.331022\n"}
,{"stream_name":"stdout","time":349.728611249,"data":"EDGE_TTA_ACTIVE views= 10 mean_abs_feat_delta= 0.331022\n"}
,{"stream_name":"stdout","time":350.633861679,"data":"SECONDARY_EDGE_TTA_ACTIVE views= 8 weight= 0.75 mean_abs_feat_delta= 0.251416\n"}
,{"stream_name":"stdout","time":350.675021754,"data":"EDGE_TTA_ACTIVE views= 10 mean_abs_feat_delta= 0.352263\n"}
,{"stream_name":"stdout","time":350.836394397,"data":"SECONDARY_EDGE_TTA_ACTIVE views= 8 weight= 0.75 mean_abs_feat_delta= 0.251416\n"}
,{"stream_name":"stdout","time":350.836438847,"data":"EDGE_TTA_ACTIVE views= 10 mean_abs_feat_delta= 0.352263\n"}
,{"stream_name":"stdout","time":351.831288942,"data":"SECONDARY_EDGE_TTA_ACTIVE views= 8 weight= 0.75 mean_abs_feat_delta= 0.283753\n"}
,{"stream_name":"stdout","time":352.052920624,"data":"SECONDARY_EDGE_TTA_ACTIVE views= 8 weight= 0.75 mean_abs_feat_delta= 0.283753\n"}
,{"stream_name":"stdout","time":352.110139999,"data":"EDGE_TTA_ACTIVE views= 10 mean_abs_feat_delta= 0.335074\n"}
,{"stream_name":"stdout","time":352.312954741,"data":"EDGE_TTA_ACTIVE views= 10 mean_abs_feat_delta= 0.335074\n"}
,{"stream_name":"stdout","time":353.210246408,"data":"SECONDARY_EDGE_TTA_ACTIVE views= 8 weight= 0.75 mean_abs_feat_delta= 0.251129\n"}
,{"stream_name":"stdout","time":353.372771851,"data":"EDGE_TTA_ACTIVE views= 10 mean_abs_feat_delta= 0.355215\n"}
,{"stream_name":"stdout","time":353.412721193,"data":"SECONDARY_EDGE_TTA_ACTIVE views= 8 weight= 0.75 mean_abs_feat_delta= 0.251129\n"}
,{"stream_name":"stdout","time":353.412747868,"data":"EDGE_TTA_ACTIVE views= 10 mean_abs_feat_delta= 0.355215\n"}
,{"stream_name":"stdout","time":354.505521232,"data":"SECONDARY_EDGE_TTA_ACTIVE views= 8 weight= 0.75 mean_abs_feat_delta= 0.282429\n"}
,{"stream_name":"stdout","time":354.509694847,"data":"BIOHUB_RETENTION_GUARD {\"blended_candidates\": 241, \"dataset\": \"44b6_0b24845f\", \"frame\": 32, \"minimum_retention\": 0.9, \"primary_candidates\": 294, \"retention\": 0.8197278911564626, \"use_primary\": true}\n"}
,{"stream_name":"stdout","time":354.670563476,"data":"EDGE_TTA_ACTIVE views= 10 mean_abs_feat_delta= 0.330505\n"}
,{"stream_name":"stdout","time":354.707997952,"data":"SECONDARY_EDGE_TTA_ACTIVE views= 8 weight= 0.75 mean_abs_feat_delta= 0.282429\n"}
,{"stream_name":"stdout","time":354.708055218,"data":"BIOHUB_RETENTION_GUARD {\"blended_candidates\": 241, \"dataset\": \"44b6_0b24845f\", \"frame\": 32, \"minimum_retention\": 0.9, \"primary_candidates\": 294, \"retention\": 0.8197278911564626, \"use_primary\": true}\n"}
,{"stream_name":"stdout","time":354.708062702,"data":"EDGE_TTA_ACTIVE views= 10 mean_abs_feat_delta= 0.330505\n"}
,{"stream_name":"stdout","time":355.759483025,"data":"SECONDARY_EDGE_TTA_ACTIVE views= 8 weight= 0.75 mean_abs_feat_delta= 0.248917\n"}
,{"stream_name":"stdout","time":355.961945949,"data":"SECONDARY_EDGE_TTA_ACTIVE views= 8 weight= 0.75 mean_abs_feat_delta= 0.248917\n"}
,{"stream_name":"stdout","time":356.024119773,"data":"EDGE_TTA_ACTIVE views= 10 mean_abs_feat_delta= 0.359452\n"}
,{"stream_name":"stdout","time":356.226313027,"data":"EDGE_TTA_ACTIVE views= 10 mean_abs_feat_delta= 0.359452\n"}
,{"stream_name":"stdout","time":357.154011515,"data":"SECONDARY_EDGE_TTA_ACTIVE views= 8 weight= 0.75 mean_abs_feat_delta= 0.280468\n"}
,{"stream_name":"stdout","time":357.158433907,"data":"BIOHUB_RETENTION_GUARD {\"blended_candidates\": 232, \"dataset\": \"44b6_0b24845f\", \"frame\": 33, \"minimum_retention\": 0.9, \"primary_candidates\": 277, \"retention\": 0.8375451263537906, \"use_primary\": true}\n"}
,{"stream_name":"stdout","time":357.206095818,"data":"EDGE_TTA_ACTIVE views= 10 mean_abs_feat_delta= 0.32512\n"}
,{"stream_name":"stdout","time":357.356356873,"data":"SECONDARY_EDGE_TTA_ACTIVE views= 8 weight= 0.75 mean_abs_feat_delta= 0.280468\n"}
,{"stream_name":"stdout","time":357.356388693,"data":"BIOHUB_RETENTION_GUARD {\"blended_candidates\": 232, \"dataset\": \"44b6_0b24845f\", \"frame\": 33, \"minimum_retention\": 0.9, \"primary_candidates\": 277, \"retention\": 0.8375451263537906, \"use_primary\": true}\n"}
,{"stream_name":"stdout","time":357.356395658,"data":"EDGE_TTA_ACTIVE views= 10 mean_abs_feat_delta= 0.32512\n"}
,{"stream_name":"stdout","time":358.289946692,"data":"SECONDARY_EDGE_TTA_ACTIVE views= 8 weight= 0.75 mean_abs_feat_delta= 0.248317\n"}
,{"stream_name":"stdout","time":358.492473601,"data":"SECONDARY_EDGE_TTA_ACTIVE views= 8 weight= 0.75 mean_abs_feat_delta= 0.248317\n"}
,{"stream_name":"stdout","time":358.664971232,"data":"EDGE_TTA_ACTIVE views= 10 mean_abs_feat_delta= 0.359024\n"}
,{"stream_name":"stdout","time":358.867060658,"data":"EDGE_TTA_ACTIVE views= 10 mean_abs_feat_delta= 0.359024\n"}
,{"stream_name":"stdout","time":359.741224272,"data":"EDGE_TTA_ACTIVE views= 10 mean_abs_feat_delta= 0.323351\n"}
,{"stream_name":"stdout","time":359.783889862,"data":"SECONDARY_EDGE_TTA_ACTIVE views= 8 weight= 0.75 mean_abs_feat_delta= 0.273313\n"}
,{"stream_name":"stdout","time":359.943419018,"data":"EDGE_TTA_ACTIVE views= 10 mean_abs_feat_delta= 0.323351\n"}
,{"stream_name":"stdout","time":359.943447395,"data":"SECONDARY_EDGE_TTA_ACTIVE views= 8 weight= 0.75 mean_abs_feat_delta= 0.273313\n"}
,{"stream_name":"stdout","time":360.814058748,"data":"SECONDARY_EDGE_TTA_ACTIVE views= 8 weight= 0.75 mean_abs_feat_delta= 0.247468\n"}
,{"stream_name":"stdout","time":361.016632751,"data":"SECONDARY_EDGE_TTA_ACTIVE views= 8 weight= 0.75 mean_abs_feat_delta= 0.247468\n"}
,{"stream_name":"stdout","time":361.340730972,"data":"EDGE_TTA_ACTIVE views= 10 mean_abs_feat_delta= 0.357904\n"}
,{"stream_name":"stdout","time":361.543242153,"data":"EDGE_TTA_ACTIVE views= 10 mean_abs_feat_delta= 0.357904\n"}
,{"stream_name":"stdout","time":362.25255868,"data":"EDGE_TTA_ACTIVE views= 10 mean_abs_feat_delta= 0.321032\n"}
,{"stream_name":"stdout","time":362.439992726,"data":"SECONDARY_EDGE_TTA_ACTIVE views= 8 weight= 0.75 mean_abs_feat_delta= 0.27435\n"}
,{"stream_name":"stdout","time":362.455262509,"data":"EDGE_TTA_ACTIVE views= 10 mean_abs_feat_delta= 0.321032\n"}
,{"stream_name":"stdout","time":362.455279314,"data":"SECONDARY_EDGE_TTA_ACTIVE views= 8 weight= 0.75 mean_abs_feat_delta= 0.27435\n"}
,{"stream_name":"stdout","time":363.314944194,"data":"SECONDARY_EDGE_TTA_ACTIVE views= 8 weight= 0.75 mean_abs_feat_delta= 0.246968\n"}
,{"stream_name":"stdout","time":363.517341707,"data":"SECONDARY_EDGE_TTA_ACTIVE views= 8 weight= 0.75 mean_abs_feat_delta= 0.246968\n"}
,{"stream_name":"stdout","time":363.926736253,"data":"EDGE_TTA_ACTIVE views= 10 mean_abs_feat_delta= 0.367641\n"}
,{"stream_name":"stdout","time":364.129011883,"data":"EDGE_TTA_ACTIVE views= 10 mean_abs_feat_delta= 0.367641\n"}
,{"stream_name":"stdout","time":364.733744533,"data":"EDGE_TTA_ACTIVE views= 10 mean_abs_feat_delta= 0.32336\n"}
,{"stream_name":"stdout","time":364.93631175,"data":"EDGE_TTA_ACTIVE views= 10 mean_abs_feat_delta= 0.32336\n"}
,{"stream_name":"stdout","time":365.019353906,"data":"SECONDARY_EDGE_TTA_ACTIVE views= 8 weight= 0.75 mean_abs_feat_delta= 0.28122\n"}
,{"stream_name":"stdout","time":365.221305046,"data":"SECONDARY_EDGE_TTA_ACTIVE views= 8 weight= 0.75 mean_abs_feat_delta= 0.28122\n"}
,{"stream_name":"stdout","time":365.793378298,"data":"SECONDARY_EDGE_TTA_ACTIVE views= 8 weight= 0.75 mean_abs_feat_delta= 0.250361\n"}
,{"stream_name":"stdout","time":365.99603155,"data":"SECONDARY_EDGE_TTA_ACTIVE views= 8 weight= 0.75 mean_abs_feat_delta= 0.250361\n"}
,{"stream_name":"stdout","time":366.524686884,"data":"EDGE_TTA_ACTIVE views= 10 mean_abs_feat_delta= 0.362452\n"}
,{"stream_name":"stdout","time":366.727019611,"data":"EDGE_TTA_ACTIVE views= 10 mean_abs_feat_delta= 0.362452\n"}
,{"stream_name":"stdout","time":367.211315553,"data":"EDGE_TTA_ACTIVE views= 10 mean_abs_feat_delta= 0.327252\n"}
,{"stream_name":"stdout","time":367.413721588,"data":"EDGE_TTA_ACTIVE views= 10 mean_abs_feat_delta= 0.327252\n"}
,{"stream_name":"stdout","time":367.610807793,"data":"SECONDARY_EDGE_TTA_ACTIVE views= 8 weight= 0.75 mean_abs_feat_delta= 0.277064\n"}
,{"stream_name":"stdout","time":367.813095744,"data":"SECONDARY_EDGE_TTA_ACTIVE views= 8 weight= 0.75 mean_abs_feat_delta= 0.277064\n"}
,{"stream_name":"stdout","time":368.262212005,"data":"SECONDARY_EDGE_TTA_ACTIVE views= 8 weight= 0.75 mean_abs_feat_delta= 0.24375\n"}
,{"stream_name":"stdout","time":368.464567261,"data":"SECONDARY_EDGE_TTA_ACTIVE views= 8 weight= 0.75 mean_abs_feat_delta= 0.24375\n"}
,{"stream_name":"stdout","time":369.083376837,"data":"EDGE_TTA_ACTIVE views= 10 mean_abs_feat_delta= 0.36048\n"}
,{"stream_name":"stdout","time":369.285682255,"data":"EDGE_TTA_ACTIVE views= 10 mean_abs_feat_delta= 0.36048\n"}
,{"stream_name":"stdout","time":369.682030803,"data":"EDGE_TTA_ACTIVE views= 10 mean_abs_feat_delta= 0.329145\n"}
,{"stream_name":"stdout","time":369.884429593,"data":"EDGE_TTA_ACTIVE views= 10 mean_abs_feat_delta= 0.329145\n"}
,{"stream_name":"stdout","time":370.159204893,"data":"SECONDARY_EDGE_TTA_ACTIVE views= 8 weight= 0.75 mean_abs_feat_delta= 0.274933\n"}
,{"stream_name":"stdout","time":370.361587954,"data":"SECONDARY_EDGE_TTA_ACTIVE views= 8 weight= 0.75 mean_abs_feat_delta= 0.274933\n"}
,{"stream_name":"stdout","time":370.728540736,"data":"SECONDARY_EDGE_TTA_ACTIVE views= 8 weight= 0.75 mean_abs_feat_delta= 0.239566\n"}
,{"stream_name":"stdout","time":370.930968907,"data":"SECONDARY_EDGE_TTA_ACTIVE views= 8 weight= 0.75 mean_abs_feat_delta= 0.239566\n"}
,{"stream_name":"stdout","time":371.619739243,"data":"EDGE_TTA_ACTIVE views= 10 mean_abs_feat_delta= 0.365102\n"}
,{"stream_name":"stdout","time":371.822017804,"data":"EDGE_TTA_ACTIVE views= 10 mean_abs_feat_delta= 0.365102\n"}
,{"stream_name":"stdout","time":372.159185299,"data":"EDGE_TTA_ACTIVE views= 10 mean_abs_feat_delta= 0.323561\n"}
,{"stream_name":"stdout","time":372.361564737,"data":"EDGE_TTA_ACTIVE views= 10 mean_abs_feat_delta= 0.323561\n"}
,{"stream_name":"stdout","time":372.692422364,"data":"SECONDARY_EDGE_TTA_ACTIVE views= 8 weight= 0.75 mean_abs_feat_delta= 0.278308\n"}
,{"stream_name":"stdout","time":372.894914508,"data":"SECONDARY_EDGE_TTA_ACTIVE views= 8 weight= 0.75 mean_abs_feat_delta= 0.278308\n"}
,{"stream_name":"stdout","time":373.199860434,"data":"SECONDARY_EDGE_TTA_ACTIVE views= 8 weight= 0.75 mean_abs_feat_delta= 0.242074\n"}
,{"stream_name":"stdout","time":373.402094966,"data":"SECONDARY_EDGE_TTA_ACTIVE views= 8 weight= 0.75 mean_abs_feat_delta= 0.242074\n"}
,{"stream_name":"stdout","time":374.141703748,"data":"EDGE_TTA_ACTIVE views= 10 mean_abs_feat_delta= 0.366496\n"}
,{"stream_name":"stdout","time":374.344101241,"data":"EDGE_TTA_ACTIVE views= 10 mean_abs_feat_delta= 0.366496\n"}
,{"stream_name":"stdout","time":374.629487049,"data":"EDGE_TTA_ACTIVE views= 10 mean_abs_feat_delta= 0.322833\n"}
,{"stream_name":"stdout","time":374.831678664,"data":"EDGE_TTA_ACTIVE views= 10 mean_abs_feat_delta= 0.322833\n"}
,{"stream_name":"stdout","time":375.206840306,"data":"SECONDARY_EDGE_TTA_ACTIVE views= 8 weight= 0.75 mean_abs_feat_delta= 0.285352\n"}
,{"stream_name":"stdout","time":375.211083764,"data":"BIOHUB_RETENTION_GUARD {\"blended_candidates\": 296, \"dataset\": \"44b6_0b24845f\", \"frame\": 40, \"minimum_retention\": 0.9, \"primary_candidates\": 329, \"retention\": 0.8996960486322189, \"use_primary\": true}\n"}
,{"stream_name":"stdout","time":375.409248901,"data":"SECONDARY_EDGE_TTA_ACTIVE views= 8 weight= 0.75 mean_abs_feat_delta= 0.285352\n"}
,{"stream_name":"stdout","time":375.409279645,"data":"BIOHUB_RETENTION_GUARD {\"blended_candidates\": 296, \"dataset\": \"44b6_0b24845f\", \"frame\": 40, \"minimum_retention\": 0.9, \"primary_candidates\": 329, \"retention\": 0.8996960486322189, \"use_primary\": true}\n"}
,{"stream_name":"stdout","time":375.671925883,"data":"SECONDARY_EDGE_TTA_ACTIVE views= 8 weight= 0.75 mean_abs_feat_delta= 0.24388\n"}
,{"stream_name":"stdout","time":375.873983578,"data":"SECONDARY_EDGE_TTA_ACTIVE views= 8 weight= 0.75 mean_abs_feat_delta= 0.24388\n"}
,{"stream_name":"stdout","time":376.657175498,"data":"EDGE_TTA_ACTIVE views= 10 mean_abs_feat_delta= 0.361587\n"}
,{"stream_name":"stdout","time":376.859655785,"data":"EDGE_TTA_ACTIVE views= 10 mean_abs_feat_delta= 0.361587\n"}
,{"stream_name":"stdout","time":377.036268083,"data":"EDGE_TTA_ACTIVE views= 10 mean_abs_feat_delta= 0.325711\n"}
,{"stream_name":"stdout","time":377.238421558,"data":"EDGE_TTA_ACTIVE views= 10 mean_abs_feat_delta= 0.325711\n"}
,{"stream_name":"stdout","time":377.721471215,"data":"SECONDARY_EDGE_TTA_ACTIVE views= 8 weight= 0.75 mean_abs_feat_delta= 0.280788\n"}
,{"stream_name":"stdout","time":377.923804529,"data":"SECONDARY_EDGE_TTA_ACTIVE views= 8 weight= 0.75 mean_abs_feat_delta= 0.280788\n"}
,{"stream_name":"stdout","time":378.073408012,"data":"SECONDARY_EDGE_TTA_ACTIVE views= 8 weight= 0.75 mean_abs_feat_delta= 0.242396\n"}
,{"stream_name":"stdout","time":378.275923313,"data":"SECONDARY_EDGE_TTA_ACTIVE views= 8 weight= 0.75 mean_abs_feat_delta= 0.242396\n"}
,{"stream_name":"stdout","time":379.180674948,"data":"EDGE_TTA_ACTIVE views= 10 mean_abs_feat_delta= 0.358241\n"}
,{"stream_name":"stdout","time":379.382874573,"data":"EDGE_TTA_ACTIVE views= 10 mean_abs_feat_delta= 0.358241\n"}
,{"stream_name":"stdout","time":379.465100746,"data":"EDGE_TTA_ACTIVE views= 10 mean_abs_feat_delta= 0.32711\n"}
,{"stream_name":"stdout","time":379.667261124,"data":"EDGE_TTA_ACTIVE views= 10 mean_abs_feat_delta= 0.32711\n"}
,{"stream_name":"stdout","time":380.238370578,"data":"SECONDARY_EDGE_TTA_ACTIVE views= 8 weight= 0.75 mean_abs_feat_delta= 0.282166\n"}
,{"stream_name":"stdout","time":380.440711587,"data":"SECONDARY_EDGE_TTA_ACTIVE views= 8 weight= 0.75 mean_abs_feat_delta= 0.282166\n"}
,{"stream_name":"stdout","time":380.503560622,"data":"SECONDARY_EDGE_TTA_ACTIVE views= 8 weight= 0.75 mean_abs_feat_delta= 0.24245\n"}
,{"stream_name":"stdout","time":380.706084918,"data":"SECONDARY_EDGE_TTA_ACTIVE views= 8 weight= 0.75 mean_abs_feat_delta= 0.24245\n"}
,{"stream_name":"stdout","time":381.675577991,"data":"EDGE_TTA_ACTIVE views= 10 mean_abs_feat_delta= 0.361825\n"}
,{"stream_name":"stdout","time":381.877897958,"data":"EDGE_TTA_ACTIVE views= 10 mean_abs_feat_delta= 0.361825\n"}
,{"stream_name":"stdout","time":381.915184384,"data":"EDGE_TTA_ACTIVE views= 10 mean_abs_feat_delta= 0.328334\n"}
,{"stream_name":"stdout","time":382.136795757,"data":"EDGE_TTA_ACTIVE views= 10 mean_abs_feat_delta= 0.328334\n"}
,{"stream_name":"stdout","time":382.732053604,"data":"SECONDARY_EDGE_TTA_ACTIVE views= 8 weight= 0.75 mean_abs_feat_delta= 0.283823\n"}
,{"stream_name":"stdout","time":382.934509916,"data":"SECONDARY_EDGE_TTA_ACTIVE views= 8 weight= 0.75 mean_abs_feat_delta= 0.283823\n"}
,{"stream_name":"stdout","time":382.95366288,"data":"SECONDARY_EDGE_TTA_ACTIVE views= 8 weight= 0.75 mean_abs_feat_delta= 0.246663\n"}
,{"stream_name":"stdout","time":383.15594418,"data":"SECONDARY_EDGE_TTA_ACTIVE views= 8 weight= 0.75 mean_abs_feat_delta= 0.246663\n"}
,{"stream_name":"stdout","time":384.184641938,"data":"EDGE_TTA_ACTIVE views= 10 mean_abs_feat_delta= 0.363905\n"}
,{"stream_name":"stdout","time":384.373351188,"data":"EDGE_TTA_ACTIVE views= 10 mean_abs_feat_delta= 0.326127\n"}
,{"stream_name":"stdout","time":384.387375959,"data":"EDGE_TTA_ACTIVE views= 10 mean_abs_feat_delta= 0.363905\n"}
,{"stream_name":"stdout","time":384.387407789,"data":"EDGE_TTA_ACTIVE views= 10 mean_abs_feat_delta= 0.326127\n"}
,{"stream_name":"stdout","time":385.24532944,"data":"SECONDARY_EDGE_TTA_ACTIVE views= 8 weight= 0.75 mean_abs_feat_delta= 0.281373\n"}
,{"stream_name":"stdout","time":385.41111251,"data":"SECONDARY_EDGE_TTA_ACTIVE views= 8 weight= 0.75 mean_abs_feat_delta= 0.248161\n"}
,{"stream_name":"stdout","time":385.44782752,"data":"SECONDARY_EDGE_TTA_ACTIVE views= 8 weight= 0.75 mean_abs_feat_delta= 0.281373\n"}
,{"stream_name":"stdout","time":385.447955181,"data":"SECONDARY_EDGE_TTA_ACTIVE views= 8 weight= 0.75 mean_abs_feat_delta= 0.248161\n"}
,{"stream_name":"stdout","time":386.677222808,"data":"EDGE_TTA_ACTIVE views= 10 mean_abs_feat_delta= 0.364969\n"}
,{"stream_name":"stdout","time":386.803411679,"data":"EDGE_TTA_ACTIVE views= 10 mean_abs_feat_delta= 0.326027\n"}
,{"stream_name":"stdout","time":386.87968703,"data":"EDGE_TTA_ACTIVE views= 10 mean_abs_feat_delta= 0.364969\n"}
,{"stream_name":"stdout","time":386.879716429,"data":"EDGE_TTA_ACTIVE views= 10 mean_abs_feat_delta= 0.326027\n"}
,{"stream_name":"stdout","time":387.735708694,"data":"SECONDARY_EDGE_TTA_ACTIVE views= 8 weight= 0.75 mean_abs_feat_delta= 0.281151\n"}
,{"stream_name":"stdout","time":387.841765705,"data":"SECONDARY_EDGE_TTA_ACTIVE views= 8 weight= 0.75 mean_abs_feat_delta= 0.244572\n"}
,{"stream_name":"stdout","time":387.938318257,"data":"SECONDARY_EDGE_TTA_ACTIVE views= 8 weight= 0.75 mean_abs_feat_delta= 0.281151\n"}
,{"stream_name":"stdout","time":387.938348801,"data":"SECONDARY_EDGE_TTA_ACTIVE views= 8 weight= 0.75 mean_abs_feat_delta= 0.244572\n"}
,{"stream_name":"stdout","time":389.173654831,"data":"EDGE_TTA_ACTIVE views= 10 mean_abs_feat_delta= 0.360361\n"}
,{"stream_name":"stdout","time":389.271004481,"data":"EDGE_TTA_ACTIVE views= 10 mean_abs_feat_delta= 0.321175\n"}
,{"stream_name":"stdout","time":389.376031931,"data":"EDGE_TTA_ACTIVE views= 10 mean_abs_feat_delta= 0.360361\n"}
,{"stream_name":"stdout","time":389.376052058,"data":"EDGE_TTA_ACTIVE views= 10 mean_abs_feat_delta= 0.321175\n"}
,{"stream_name":"stdout","time":390.231173932,"data":"SECONDARY_EDGE_TTA_ACTIVE views= 8 weight= 0.75 mean_abs_feat_delta= 0.288338\n"}
,{"stream_name":"stdout","time":390.235440418,"data":"BIOHUB_RETENTION_GUARD {\"blended_candidates\": 274, \"dataset\": \"44b6_0b24845f\", \"frame\": 46, \"minimum_retention\": 0.9, \"primary_candidates\": 305, \"retention\": 0.898360655737705, \"use_primary\": true}\n"}
,{"stream_name":"stdout","time":390.30679544,"data":"SECONDARY_EDGE_TTA_ACTIVE views= 8 weight= 0.75 mean_abs_feat_delta= 0.244253\n"}
,{"stream_name":"stdout","time":390.433974657,"data":"SECONDARY_EDGE_TTA_ACTIVE views= 8 weight= 0.75 mean_abs_feat_delta= 0.288338\n"}
,{"stream_name":"stdout","time":390.434032856,"data":"BIOHUB_RETENTION_GUARD {\"blended_candidates\": 274, \"dataset\": \"44b6_0b24845f\", \"frame\": 46, \"minimum_retention\": 0.9, \"primary_candidates\": 305, \"retention\": 0.898360655737705, \"use_primary\": true}\n"}
,{"stream_name":"stdout","time":390.434042009,"data":"SECONDARY_EDGE_TTA_ACTIVE views= 8 weight= 0.75 mean_abs_feat_delta= 0.244253\n"}
,{"stream_name":"stdout","time":391.672169478,"data":"EDGE_TTA_ACTIVE views= 10 mean_abs_feat_delta= 0.363005\n"}
,{"stream_name":"stdout","time":391.721119607,"data":"EDGE_TTA_ACTIVE views= 10 mean_abs_feat_delta= 0.328597\n"}
,{"stream_name":"stdout","time":391.874819529,"data":"EDGE_TTA_ACTIVE views= 10 mean_abs_feat_delta= 0.363005\n"}
,{"stream_name":"stdout","time":391.87484486,"data":"EDGE_TTA_ACTIVE views= 10 mean_abs_feat_delta= 0.328597\n"}
,{"stream_name":"stdout","time":392.730894292,"data":"SECONDARY_EDGE_TTA_ACTIVE views= 8 weight= 0.75 mean_abs_feat_delta= 0.292434\n"}
,{"stream_name":"stdout","time":392.735050412,"data":"BIOHUB_RETENTION_GUARD {\"blended_candidates\": 262, \"dataset\": \"44b6_0b24845f\", \"frame\": 47, \"minimum_retention\": 0.9, \"primary_candidates\": 311, \"retention\": 0.842443729903537, \"use_primary\": true}\n"}
,{"stream_name":"stdout","time":392.760291358,"data":"SECONDARY_EDGE_TTA_ACTIVE views= 8 weight= 0.75 mean_abs_feat_delta= 0.251298\n"}
,{"stream_name":"stdout","time":392.933575096,"data":"SECONDARY_EDGE_TTA_ACTIVE views= 8 weight= 0.75 mean_abs_feat_delta= 0.292434\n"}
,{"stream_name":"stdout","time":392.933607805,"data":"BIOHUB_RETENTION_GUARD {\"blended_candidates\": 262, \"dataset\": \"44b6_0b24845f\", \"frame\": 47, \"minimum_retention\": 0.9, \"primary_candidates\": 311, \"retention\": 0.842443729903537, \"use_primary\": true}\n"}
,{"stream_name":"stdout","time":392.933613808,"data":"SECONDARY_EDGE_TTA_ACTIVE views= 8 weight= 0.75 mean_abs_feat_delta= 0.251298\n"}
,{"stream_name":"stdout","time":394.161903304,"data":"EDGE_TTA_ACTIVE views= 10 mean_abs_feat_delta= 0.324783\n"}
,{"stream_name":"stdout","time":394.184107291,"data":"EDGE_TTA_ACTIVE views= 10 mean_abs_feat_delta= 0.370704\n"}
,{"stream_name":"stdout","time":394.364219318,"data":"EDGE_TTA_ACTIVE views= 10 mean_abs_feat_delta= 0.324783\n"}
,{"stream_name":"stdout","time":394.364239352,"data":"EDGE_TTA_ACTIVE views= 10 mean_abs_feat_delta= 0.370704\n"}
,{"stream_name":"stdout","time":395.199747836,"data":"SECONDARY_EDGE_TTA_ACTIVE views= 8 weight= 0.75 mean_abs_feat_delta= 0.241945\n"}
,{"stream_name":"stdout","time":395.24218846,"data":"SECONDARY_EDGE_TTA_ACTIVE views= 8 weight= 0.75 mean_abs_feat_delta= 0.288129\n"}
,{"stream_name":"stdout","time":395.401955854,"data":"SECONDARY_EDGE_TTA_ACTIVE views= 8 weight= 0.75 mean_abs_feat_delta= 0.241945\n"}
,{"stream_name":"stdout","time":395.401983627,"data":"SECONDARY_EDGE_TTA_ACTIVE views= 8 weight= 0.75 mean_abs_feat_delta= 0.288129\n"}
,{"stream_name":"stdout","time":396.641885339,"data":"EDGE_TTA_ACTIVE views= 10 mean_abs_feat_delta= 0.326798\n"}
,{"stream_name":"stdout","time":396.722780949,"data":"EDGE_TTA_ACTIVE views= 10 mean_abs_feat_delta= 0.365343\n"}
,{"stream_name":"stdout","time":396.844237473,"data":"EDGE_TTA_ACTIVE views= 10 mean_abs_feat_delta= 0.326798\n"}
,{"stream_name":"stdout","time":396.844257469,"data":"EDGE_TTA_ACTIVE views= 10 mean_abs_feat_delta= 0.365343\n"}
,{"stream_name":"stdout","time":397.686270823,"data":"SECONDARY_EDGE_TTA_ACTIVE views= 8 weight= 0.75 mean_abs_feat_delta= 0.241039\n"}
,{"stream_name":"stdout","time":397.786589489,"data":"SECONDARY_EDGE_TTA_ACTIVE views= 8 weight= 0.75 mean_abs_feat_delta= 0.299885\n"}
,{"stream_name":"stdout","time":397.888555765,"data":"SECONDARY_EDGE_TTA_ACTIVE views= 8 weight= 0.75 mean_abs_feat_delta= 0.241039\n"}
,{"stream_name":"stdout","time":397.888585584,"data":"SECONDARY_EDGE_TTA_ACTIVE views= 8 weight= 0.75 mean_abs_feat_delta= 0.299885\n"}
,{"stream_name":"stdout","time":399.11020652,"data":"EDGE_TTA_ACTIVE views= 10 mean_abs_feat_delta= 0.33539\n"}
,{"stream_name":"stdout","time":399.266018798,"data":"EDGE_TTA_ACTIVE views= 10 mean_abs_feat_delta= 0.366355\n"}
,{"stream_name":"stdout","time":399.31242021,"data":"EDGE_TTA_ACTIVE views= 10 mean_abs_feat_delta= 0.33539\n"}
,{"stream_name":"stdout","time":399.312443398,"data":"EDGE_TTA_ACTIVE views= 10 mean_abs_feat_delta= 0.366355\n"}
,{"stream_name":"stdout","time":400.155580826,"data":"SECONDARY_EDGE_TTA_ACTIVE views= 8 weight= 0.75 mean_abs_feat_delta= 0.250851\n"}
,{"stream_name":"stdout","time":400.334589314,"data":"SECONDARY_EDGE_TTA_ACTIVE views= 8 weight= 0.75 mean_abs_feat_delta= 0.305548\n"}
,{"stream_name":"stdout","time":400.33872032,"data":"BIOHUB_RETENTION_GUARD {\"blended_candidates\": 247, \"dataset\": \"44b6_0b24845f\", \"frame\": 50, \"minimum_retention\": 0.9, \"primary_candidates\": 288, \"retention\": 0.8576388888888888, \"use_primary\": true}\n"}
,{"stream_name":"stdout","time":400.358080931,"data":"SECONDARY_EDGE_TTA_ACTIVE views= 8 weight= 0.75 mean_abs_feat_delta= 0.250851\n"}
,{"stream_name":"stdout","time":400.358098858,"data":"SECONDARY_EDGE_TTA_ACTIVE views= 8 weight= 0.75 mean_abs_feat_delta= 0.305548\n"}
,{"stream_name":"stdout","time":400.358102794,"data":"BIOHUB_RETENTION_GUARD {\"blended_candidates\": 247, \"dataset\": \"44b6_0b24845f\", \"frame\": 50, \"minimum_retention\": 0.9, \"primary_candidates\": 288, \"retention\": 0.8576388888888888, \"use_primary\": true}\n"}
,{"stream_name":"stdout","time":401.58593585,"data":"EDGE_TTA_ACTIVE views= 10 mean_abs_feat_delta= 0.333945\n"}
,{"stream_name":"stdout","time":401.788231943,"data":"EDGE_TTA_ACTIVE views= 10 mean_abs_feat_delta= 0.333945\n"}
,{"stream_name":"stdout","time":401.803554937,"data":"EDGE_TTA_ACTIVE views= 10 mean_abs_feat_delta= 0.364641\n"}
,{"stream_name":"stdout","time":402.0056959,"data":"EDGE_TTA_ACTIVE views= 10 mean_abs_feat_delta= 0.364641\n"}
,{"stream_name":"stdout","time":402.638730036,"data":"SECONDARY_EDGE_TTA_ACTIVE views= 8 weight= 0.75 mean_abs_feat_delta= 0.253217\n"}
,{"stream_name":"stdout","time":402.841123544,"data":"SECONDARY_EDGE_TTA_ACTIVE views= 8 weight= 0.75 mean_abs_feat_delta= 0.253217\n"}
,{"stream_name":"stdout","time":402.876765185,"data":"SECONDARY_EDGE_TTA_ACTIVE views= 8 weight= 0.75 mean_abs_feat_delta= 0.296505\n"}
,{"stream_name":"stdout","time":402.880870609,"data":"BIOHUB_RETENTION_GUARD {\"blended_candidates\": 306, \"dataset\": \"44b6_0b24845f\", \"frame\": 51, \"minimum_retention\": 0.9, \"primary_candidates\": 353, \"retention\": 0.8668555240793201, \"use_primary\": true}\n"}
,{"stream_name":"stdout","time":403.079177469,"data":"SECONDARY_EDGE_TTA_ACTIVE views= 8 weight= 0.75 mean_abs_feat_delta= 0.296505\n"}
,{"stream_name":"stdout","time":403.079204418,"data":"BIOHUB_RETENTION_GUARD {\"blended_candidates\": 306, \"dataset\": \"44b6_0b24845f\", \"frame\": 51, \"minimum_retention\": 0.9, \"primary_candidates\": 353, \"retention\": 0.8668555240793201, \"use_primary\": true}\n"}
,{"stream_name":"stdout","time":404.085563325,"data":"EDGE_TTA_ACTIVE views= 10 mean_abs_feat_delta= 0.332409\n"}
,{"stream_name":"stdout","time":404.287751546,"data":"EDGE_TTA_ACTIVE views= 10 mean_abs_feat_delta= 0.332409\n"}
,{"stream_name":"stdout","time":404.357991937,"data":"EDGE_TTA_ACTIVE views= 10 mean_abs_feat_delta= 0.360963\n"}
,{"stream_name":"stdout","time":404.560114667,"data":"EDGE_TTA_ACTIVE views= 10 mean_abs_feat_delta= 0.360963\n"}
,{"stream_name":"stdout","time":405.139104364,"data":"SECONDARY_EDGE_TTA_ACTIVE views= 8 weight= 0.75 mean_abs_feat_delta= 0.261342\n"}
,{"stream_name":"stdout","time":405.341620641,"data":"SECONDARY_EDGE_TTA_ACTIVE views= 8 weight= 0.75 mean_abs_feat_delta= 0.261342\n"}
,{"stream_name":"stdout","time":405.436093213,"data":"SECONDARY_EDGE_TTA_ACTIVE views= 8 weight= 0.75 mean_abs_feat_delta= 0.295986\n"}
,{"stream_name":"stdout","time":405.63847326,"data":"SECONDARY_EDGE_TTA_ACTIVE views= 8 weight= 0.75 mean_abs_feat_delta= 0.295986\n"}
,{"stream_name":"stdout","time":406.597346807,"data":"EDGE_TTA_ACTIVE views= 10 mean_abs_feat_delta= 0.333488\n"}
,{"stream_name":"stdout","time":406.799956331,"data":"EDGE_TTA_ACTIVE views= 10 mean_abs_feat_delta= 0.333488\n"}
,{"stream_name":"stdout","time":406.934544346,"data":"EDGE_TTA_ACTIVE views= 10 mean_abs_feat_delta= 0.362296\n"}
,{"stream_name":"stdout","time":407.136918807,"data":"EDGE_TTA_ACTIVE views= 10 mean_abs_feat_delta= 0.362296\n"}
,{"stream_name":"stdout","time":407.65633299,"data":"SECONDARY_EDGE_TTA_ACTIVE views= 8 weight= 0.75 mean_abs_feat_delta= 0.263655\n"}
,{"stream_name":"stdout","time":407.858945199,"data":"SECONDARY_EDGE_TTA_ACTIVE views= 8 weight= 0.75 mean_abs_feat_delta= 0.263655\n"}
,{"stream_name":"stdout","time":408.01223217,"data":"SECONDARY_EDGE_TTA_ACTIVE views= 8 weight= 0.75 mean_abs_feat_delta= 0.30285\n"}
,{"stream_name":"stdout","time":408.01635671,"data":"BIOHUB_RETENTION_GUARD {\"blended_candidates\": 301, \"dataset\": \"44b6_0b24845f\", \"frame\": 53, \"minimum_retention\": 0.9, \"primary_candidates\": 339, \"retention\": 0.887905604719764, \"use_primary\": true}\n"}
,{"stream_name":"stdout","time":408.214825839,"data":"SECONDARY_EDGE_TTA_ACTIVE views= 8 weight= 0.75 mean_abs_feat_delta= 0.30285\n"}
,{"stream_name":"stdout","time":408.214890396,"data":"BIOHUB_RETENTION_GUARD {\"blended_candidates\": 301, \"dataset\": \"44b6_0b24845f\", \"frame\": 53, \"minimum_retention\": 0.9, \"primary_candidates\": 339, \"retention\": 0.887905604719764, \"use_primary\": true}\n"}
,{"stream_name":"stdout","time":409.098123912,"data":"EDGE_TTA_ACTIVE views= 10 mean_abs_feat_delta= 0.33334\n"}
,{"stream_name":"stdout","time":409.300618492,"data":"EDGE_TTA_ACTIVE views= 10 mean_abs_feat_delta= 0.33334\n"}
,{"stream_name":"stdout","time":409.510052579,"data":"EDGE_TTA_ACTIVE views= 10 mean_abs_feat_delta= 0.360497\n"}
,{"stream_name":"stdout","time":409.712278204,"data":"EDGE_TTA_ACTIVE views= 10 mean_abs_feat_delta= 0.360497\n"}
,{"stream_name":"stdout","time":410.1613416,"data":"SECONDARY_EDGE_TTA_ACTIVE views= 8 weight= 0.75 mean_abs_feat_delta= 0.264049\n"}
,{"stream_name":"stdout","time":410.363745475,"data":"SECONDARY_EDGE_TTA_ACTIVE views= 8 weight= 0.75 mean_abs_feat_delta= 0.264049\n"}
,{"stream_name":"stdout","time":410.598058822,"data":"SECONDARY_EDGE_TTA_ACTIVE views= 8 weight= 0.75 mean_abs_feat_delta= 0.30254\n"}
,{"stream_name":"stdout","time":410.602314528,"data":"BIOHUB_RETENTION_GUARD {\"blended_candidates\": 316, \"dataset\": \"44b6_0b24845f\", \"frame\": 54, \"minimum_retention\": 0.9, \"primary_candidates\": 354, \"retention\": 0.8926553672316384, \"use_primary\": true}\n"}
,{"stream_name":"stdout","time":410.800638862,"data":"SECONDARY_EDGE_TTA_ACTIVE views= 8 weight= 0.75 mean_abs_feat_delta= 0.30254\n"}
,{"stream_name":"stdout","time":410.800669317,"data":"BIOHUB_RETENTION_GUARD {\"blended_candidates\": 316, \"dataset\": \"44b6_0b24845f\", \"frame\": 54, \"minimum_retention\": 0.9, \"primary_candidates\": 354, \"retention\": 0.8926553672316384, \"use_primary\": true}\n"}
,{"stream_name":"stdout","time":411.608091751,"data":"EDGE_TTA_ACTIVE views= 10 mean_abs_feat_delta= 0.33643\n"}
,{"stream_name":"stdout","time":411.810627641,"data":"EDGE_TTA_ACTIVE views= 10 mean_abs_feat_delta= 0.33643\n"}
,{"stream_name":"stdout","time":412.099549253,"data":"EDGE_TTA_ACTIVE views= 10 mean_abs_feat_delta= 0.360896\n"}
,{"stream_name":"stdout","time":412.32796216,"data":"EDGE_TTA_ACTIVE views= 10 mean_abs_feat_delta= 0.360896\n"}
,{"stream_name":"stdout","time":412.671815548,"data":"SECONDARY_EDGE_TTA_ACTIVE views= 8 weight= 0.75 mean_abs_feat_delta= 0.262185\n"}
,{"stream_name":"stdout","time":412.874299726,"data":"SECONDARY_EDGE_TTA_ACTIVE views= 8 weight= 0.75 mean_abs_feat_delta= 0.262185\n"}
,{"stream_name":"stdout","time":413.188135346,"data":"SECONDARY_EDGE_TTA_ACTIVE views= 8 weight= 0.75 mean_abs_feat_delta= 0.304896\n"}
,{"stream_name":"stdout","time":413.390959476,"data":"SECONDARY_EDGE_TTA_ACTIVE views= 8 weight= 0.75 mean_abs_feat_delta= 0.304896\n"}
,{"stream_name":"stdout","time":414.114766115,"data":"EDGE_TTA_ACTIVE views= 10 mean_abs_feat_delta= 0.342377\n"}
,{"stream_name":"stdout","time":414.317347364,"data":"EDGE_TTA_ACTIVE views= 10 mean_abs_feat_delta= 0.342377\n"}
,{"stream_name":"stdout","time":414.691040554,"data":"EDGE_TTA_ACTIVE views= 10 mean_abs_feat_delta= 0.363846\n"}
,{"stream_name":"stdout","time":414.893339587,"data":"EDGE_TTA_ACTIVE views= 10 mean_abs_feat_delta= 0.363846\n"}
,{"stream_name":"stdout","time":415.187288747,"data":"SECONDARY_EDGE_TTA_ACTIVE views= 8 weight= 0.75 mean_abs_feat_delta= 0.257653\n"}
,{"stream_name":"stdout","time":415.389841237,"data":"SECONDARY_EDGE_TTA_ACTIVE views= 8 weight= 0.75 mean_abs_feat_delta= 0.257653\n"}
,{"stream_name":"stdout","time":415.783925566,"data":"SECONDARY_EDGE_TTA_ACTIVE views= 8 weight= 0.75 mean_abs_feat_delta= 0.308335\n"}
,{"stream_name":"stdout","time":415.986313844,"data":"SECONDARY_EDGE_TTA_ACTIVE views= 8 weight= 0.75 mean_abs_feat_delta= 0.308335\n"}
,{"stream_name":"stdout","time":416.644919846,"data":"EDGE_TTA_ACTIVE views= 10 mean_abs_feat_delta= 0.33519\n"}
,{"stream_name":"stdout","time":416.847418734,"data":"EDGE_TTA_ACTIVE views= 10 mean_abs_feat_delta= 0.33519\n"}
,{"stream_name":"stdout","time":417.284103079,"data":"EDGE_TTA_ACTIVE views= 10 mean_abs_feat_delta= 0.357998\n"}
,{"stream_name":"stdout","time":417.486243701,"data":"EDGE_TTA_ACTIVE views= 10 mean_abs_feat_delta= 0.357998\n"}
,{"stream_name":"stdout","time":417.715533459,"data":"SECONDARY_EDGE_TTA_ACTIVE views= 8 weight= 0.75 mean_abs_feat_delta= 0.252778\n"}
,{"stream_name":"stdout","time":417.918018428,"data":"SECONDARY_EDGE_TTA_ACTIVE views= 8 weight= 0.75 mean_abs_feat_delta= 0.252778\n"}
,{"stream_name":"stdout","time":418.383118815,"data":"SECONDARY_EDGE_TTA_ACTIVE views= 8 weight= 0.75 mean_abs_feat_delta= 0.3079\n"}
,{"stream_name":"stdout","time":418.58546074,"data":"SECONDARY_EDGE_TTA_ACTIVE views= 8 weight= 0.75 mean_abs_feat_delta= 0.3079\n"}
,{"stream_name":"stdout","time":419.170753022,"data":"EDGE_TTA_ACTIVE views= 10 mean_abs_feat_delta= 0.33396\n"}
,{"stream_name":"stdout","time":419.373005671,"data":"EDGE_TTA_ACTIVE views= 10 mean_abs_feat_delta= 0.33396\n"}
,{"stream_name":"stdout","time":419.935363613,"data":"EDGE_TTA_ACTIVE views= 10 mean_abs_feat_delta= 0.353406\n"}
,{"stream_name":"stdout","time":420.137734196,"data":"EDGE_TTA_ACTIVE views= 10 mean_abs_feat_delta= 0.353406\n"}
,{"stream_name":"stdout","time":420.244277734,"data":"SECONDARY_EDGE_TTA_ACTIVE views= 8 weight= 0.75 mean_abs_feat_delta= 0.255196\n"}
,{"stream_name":"stdout","time":420.446731164,"data":"SECONDARY_EDGE_TTA_ACTIVE views= 8 weight= 0.75 mean_abs_feat_delta= 0.255196\n"}
,{"stream_name":"stdout","time":421.030510815,"data":"SECONDARY_EDGE_TTA_ACTIVE views= 8 weight= 0.75 mean_abs_feat_delta= 0.304751\n"}
,{"stream_name":"stdout","time":421.034681095,"data":"BIOHUB_RETENTION_GUARD {\"blended_candidates\": 253, \"dataset\": \"44b6_0b24845f\", \"frame\": 58, \"minimum_retention\": 0.9, \"primary_candidates\": 311, \"retention\": 0.8135048231511254, \"use_primary\": true}\n"}
,{"stream_name":"stdout","time":421.2328325,"data":"SECONDARY_EDGE_TTA_ACTIVE views= 8 weight= 0.75 mean_abs_feat_delta= 0.304751\n"}
,{"stream_name":"stdout","time":421.23287672,"data":"BIOHUB_RETENTION_GUARD {\"blended_candidates\": 253, \"dataset\": \"44b6_0b24845f\", \"frame\": 58, \"minimum_retention\": 0.9, \"primary_candidates\": 311, \"retention\": 0.8135048231511254, \"use_primary\": true}\n"}
,{"stream_name":"stdout","time":421.717833451,"data":"EDGE_TTA_ACTIVE views= 10 mean_abs_feat_delta= 0.332575\n"}
,{"stream_name":"stdout","time":421.920104842,"data":"EDGE_TTA_ACTIVE views= 10 mean_abs_feat_delta= 0.332575\n"}
,{"stream_name":"stdout","time":422.582691413,"data":"EDGE_TTA_ACTIVE views= 10 mean_abs_feat_delta= 0.355159\n"}
,{"stream_name":"stdout","time":422.785109285,"data":"EDGE_TTA_ACTIVE views= 10 mean_abs_feat_delta= 0.355159\n"}
,{"stream_name":"stdout","time":422.790723354,"data":"SECONDARY_EDGE_TTA_ACTIVE views= 8 weight= 0.75 mean_abs_feat_delta= 0.255652\n"}
,{"stream_name":"stdout","time":422.993085055,"data":"SECONDARY_EDGE_TTA_ACTIVE views= 8 weight= 0.75 mean_abs_feat_delta= 0.255652\n"}
,{"stream_name":"stdout","time":423.67934039,"data":"SECONDARY_EDGE_TTA_ACTIVE views= 8 weight= 0.75 mean_abs_feat_delta= 0.300835\n"}
,{"stream_name":"stdout","time":423.684015016,"data":"BIOHUB_RETENTION_GUARD {\"blended_candidates\": 298, \"dataset\": \"44b6_0b24845f\", \"frame\": 59, \"minimum_retention\": 0.9, \"primary_candidates\": 333, \"retention\": 0.8948948948948949, \"use_primary\": true}\n"}
,{"stream_name":"stdout","time":423.881780656,"data":"SECONDARY_EDGE_TTA_ACTIVE views= 8 weight= 0.75 mean_abs_feat_delta= 0.300835\n"}
,{"stream_name":"stdout","time":423.881805092,"data":"BIOHUB_RETENTION_GUARD {\"blended_candidates\": 298, \"dataset\": \"44b6_0b24845f\", \"frame\": 59, \"minimum_retention\": 0.9, \"primary_candidates\": 333, \"retention\": 0.8948948948948949, \"use_primary\": true}\n"}
,{"stream_name":"stdout","time":424.279622754,"data":"EDGE_TTA_ACTIVE views= 10 mean_abs_feat_delta= 0.336933\n"}
,{"stream_name":"stdout","time":424.481990734,"data":"EDGE_TTA_ACTIVE views= 10 mean_abs_feat_delta= 0.336933\n"}
,{"stream_name":"stdout","time":425.270612429,"data":"EDGE_TTA_ACTIVE views= 10 mean_abs_feat_delta= 0.356591\n"}
,{"stream_name":"stdout","time":425.356539027,"data":"SECONDARY_EDGE_TTA_ACTIVE views= 8 weight= 0.75 mean_abs_feat_delta= 0.256616\n"}
,{"stream_name":"stdout","time":425.472841866,"data":"EDGE_TTA_ACTIVE views= 10 mean_abs_feat_delta= 0.356591\n"}
,{"stream_name":"stdout","time":425.472886733,"data":"SECONDARY_EDGE_TTA_ACTIVE views= 8 weight= 0.75 mean_abs_feat_delta= 0.256616\n"}
,{"stream_name":"stdout","time":426.367702437,"data":"SECONDARY_EDGE_TTA_ACTIVE views= 8 weight= 0.75 mean_abs_feat_delta= 0.300158\n"}
,{"stream_name":"stdout","time":426.371942749,"data":"BIOHUB_RETENTION_GUARD {\"blended_candidates\": 325, \"dataset\": \"44b6_0b24845f\", \"frame\": 60, \"minimum_retention\": 0.9, \"primary_candidates\": 388, \"retention\": 0.8376288659793815, \"use_primary\": true}\n"}
,{"stream_name":"stdout","time":426.570190194,"data":"SECONDARY_EDGE_TTA_ACTIVE views= 8 weight= 0.75 mean_abs_feat_delta= 0.300158\n"}
,{"stream_name":"stdout","time":426.570221349,"data":"BIOHUB_RETENTION_GUARD {\"blended_candidates\": 325, \"dataset\": \"44b6_0b24845f\", \"frame\": 60, \"minimum_retention\": 0.9, \"primary_candidates\": 388, \"retention\": 0.8376288659793815, \"use_primary\": true}\n"}
,{"stream_name":"stdout","time":426.840696788,"data":"EDGE_TTA_ACTIVE views= 10 mean_abs_feat_delta= 0.338815\n"}
,{"stream_name":"stdout","time":427.04296741,"data":"EDGE_TTA_ACTIVE views= 10 mean_abs_feat_delta= 0.338815\n"}
,{"stream_name":"stdout","time":427.918064055,"data":"SECONDARY_EDGE_TTA_ACTIVE views= 8 weight= 0.75 mean_abs_feat_delta= 0.257121\n"}
,{"stream_name":"stdout","time":427.951017196,"data":"EDGE_TTA_ACTIVE views= 10 mean_abs_feat_delta= 0.353716\n"}
,{"stream_name":"stdout","time":428.120417222,"data":"SECONDARY_EDGE_TTA_ACTIVE views= 8 weight= 0.75 mean_abs_feat_delta= 0.257121\n"}
,{"stream_name":"stdout","time":428.120448617,"data":"EDGE_TTA_ACTIVE views= 10 mean_abs_feat_delta= 0.353716\n"}
,{"stream_name":"stdout","time":429.053233986,"data":"SECONDARY_EDGE_TTA_ACTIVE views= 8 weight= 0.75 mean_abs_feat_delta= 0.300168\n"}
,{"stream_name":"stdout","time":429.058141594,"data":"BIOHUB_RETENTION_GUARD {\"blended_candidates\": 270, \"dataset\": \"44b6_0b24845f\", \"frame\": 61, \"minimum_retention\": 0.9, \"primary_candidates\": 322, \"retention\": 0.8385093167701864, \"use_primary\": true}\n"}
,{"stream_name":"stdout","time":429.258628029,"data":"SECONDARY_EDGE_TTA_ACTIVE views= 8 weight= 0.75 mean_abs_feat_delta= 0.300168\n"}
,{"stream_name":"stdout","time":429.25865889,"data":"BIOHUB_RETENTION_GUARD {\"blended_candidates\": 270, \"dataset\": \"44b6_0b24845f\", \"frame\": 61, \"minimum_retention\": 0.9, \"primary_candidates\": 322, \"retention\": 0.8385093167701864, \"use_primary\": true}\n"}
,{"stream_name":"stdout","time":429.447990621,"data":"EDGE_TTA_ACTIVE views= 10 mean_abs_feat_delta= 0.340508\n"}
,{"stream_name":"stdout","time":429.650357895,"data":"EDGE_TTA_ACTIVE views= 10 mean_abs_feat_delta= 0.340508\n"}
,{"stream_name":"stdout","time":430.52536743,"data":"SECONDARY_EDGE_TTA_ACTIVE views= 8 weight= 0.75 mean_abs_feat_delta= 0.257896\n"}
,{"stream_name":"stdout","time":430.589079039,"data":"EDGE_TTA_ACTIVE views= 10 mean_abs_feat_delta= 0.354795\n"}
,{"stream_name":"stdout","time":430.728245025,"data":"SECONDARY_EDGE_TTA_ACTIVE views= 8 weight= 0.75 mean_abs_feat_delta= 0.257896\n"}
,{"stream_name":"stdout","time":430.728332529,"data":"EDGE_TTA_ACTIVE views= 10 mean_abs_feat_delta= 0.354795\n"}
,{"stream_name":"stdout","time":431.687371637,"data":"SECONDARY_EDGE_TTA_ACTIVE views= 8 weight= 0.75 mean_abs_feat_delta= 0.300845\n"}
,{"stream_name":"stdout","time":431.69164591,"data":"BIOHUB_RETENTION_GUARD {\"blended_candidates\": 294, \"dataset\": \"44b6_0b24845f\", \"frame\": 62, \"minimum_retention\": 0.9, \"primary_candidates\": 332, \"retention\": 0.8855421686746988, \"use_primary\": true}\n"}
,{"stream_name":"stdout","time":431.889919323,"data":"SECONDARY_EDGE_TTA_ACTIVE views= 8 weight= 0.75 mean_abs_feat_delta= 0.300845\n"}
,{"stream_name":"stdout","time":431.889960625,"data":"BIOHUB_RETENTION_GUARD {\"blended_candidates\": 294, \"dataset\": \"44b6_0b24845f\", \"frame\": 62, \"minimum_retention\": 0.9, \"primary_candidates\": 332, \"retention\": 0.8855421686746988, \"use_primary\": true}\n"}
,{"stream_name":"stdout","time":432.035270906,"data":"EDGE_TTA_ACTIVE views= 10 mean_abs_feat_delta= 0.341313\n"}
,{"stream_name":"stdout","time":432.237634561,"data":"EDGE_TTA_ACTIVE views= 10 mean_abs_feat_delta= 0.341313\n"}
,{"stream_name":"stdout","time":433.107282556,"data":"SECONDARY_EDGE_TTA_ACTIVE views= 8 weight= 0.75 mean_abs_feat_delta= 0.259858\n"}
,{"stream_name":"stdout","time":433.242253732,"data":"EDGE_TTA_ACTIVE views= 10 mean_abs_feat_delta= 0.362046\n"}
,{"stream_name":"stdout","time":433.310901086,"data":"SECONDARY_EDGE_TTA_ACTIVE views= 8 weight= 0.75 mean_abs_feat_delta= 0.259858\n"}
,{"stream_name":"stdout","time":433.310928864,"data":"EDGE_TTA_ACTIVE views= 10 mean_abs_feat_delta= 0.362046\n"}
,{"stream_name":"stdout","time":434.340586466,"data":"SECONDARY_EDGE_TTA_ACTIVE views= 8 weight= 0.75 mean_abs_feat_delta= 0.303221\n"}
,{"stream_name":"stdout","time":434.542942695,"data":"SECONDARY_EDGE_TTA_ACTIVE views= 8 weight= 0.75 mean_abs_feat_delta= 0.303221\n"}
,{"stream_name":"stdout","time":434.558255798,"data":"EDGE_TTA_ACTIVE views= 10 mean_abs_feat_delta= 0.340936\n"}
,{"stream_name":"stdout","time":434.760672784,"data":"EDGE_TTA_ACTIVE views= 10 mean_abs_feat_delta= 0.340936\n"}
,{"stream_name":"stdout","time":435.632813305,"data":"SECONDARY_EDGE_TTA_ACTIVE views= 8 weight= 0.75 mean_abs_feat_delta= 0.25507\n"}
,{"stream_name":"stdout","time":435.835130414,"data":"SECONDARY_EDGE_TTA_ACTIVE views= 8 weight= 0.75 mean_abs_feat_delta= 0.25507\n"}
,{"stream_name":"stdout","time":435.935751186,"data":"EDGE_TTA_ACTIVE views= 10 mean_abs_feat_delta= 0.356709\n"}
,{"stream_name":"stdout","time":436.137944039,"data":"EDGE_TTA_ACTIVE views= 10 mean_abs_feat_delta= 0.356709\n"}
,{"stream_name":"stdout","time":437.032577632,"data":"SECONDARY_EDGE_TTA_ACTIVE views= 8 weight= 0.75 mean_abs_feat_delta= 0.299317\n"}
,{"stream_name":"stdout","time":437.036674631,"data":"BIOHUB_RETENTION_GUARD {\"blended_candidates\": 294, \"dataset\": \"44b6_0b24845f\", \"frame\": 64, \"minimum_retention\": 0.9, \"primary_candidates\": 352, \"retention\": 0.8352272727272727, \"use_primary\": true}\n"}
,{"stream_name":"stdout","time":437.186382879,"data":"EDGE_TTA_ACTIVE views= 10 mean_abs_feat_delta= 0.339056\n"}
,{"stream_name":"stdout","time":437.234976187,"data":"SECONDARY_EDGE_TTA_ACTIVE views= 8 weight= 0.75 mean_abs_feat_delta= 0.299317\n"}
,{"stream_name":"stdout","time":437.235002275,"data":"BIOHUB_RETENTION_GUARD {\"blended_candidates\": 294, \"dataset\": \"44b6_0b24845f\", \"frame\": 64, \"minimum_retention\": 0.9, \"primary_candidates\": 352, \"retention\": 0.8352272727272727, \"use_primary\": true}\n"}
,{"stream_name":"stdout","time":437.235008466,"data":"EDGE_TTA_ACTIVE views= 10 mean_abs_feat_delta= 0.339056\n"}
,{"stream_name":"stdout","time":438.261564773,"data":"SECONDARY_EDGE_TTA_ACTIVE views= 8 weight= 0.75 mean_abs_feat_delta= 0.262098\n"}
,{"stream_name":"stdout","time":438.464056762,"data":"SECONDARY_EDGE_TTA_ACTIVE views= 8 weight= 0.75 mean_abs_feat_delta= 0.262098\n"}
,{"stream_name":"stdout","time":438.559462034,"data":"EDGE_TTA_ACTIVE views= 10 mean_abs_feat_delta= 0.357802\n"}
,{"stream_name":"stdout","time":438.761701311,"data":"EDGE_TTA_ACTIVE views= 10 mean_abs_feat_delta= 0.357802\n"}
,{"stream_name":"stdout","time":439.655786232,"data":"SECONDARY_EDGE_TTA_ACTIVE views= 8 weight= 0.75 mean_abs_feat_delta= 0.299955\n"}
,{"stream_name":"stdout","time":439.660639484,"data":"BIOHUB_RETENTION_GUARD {\"blended_candidates\": 325, \"dataset\": \"44b6_0b24845f\", \"frame\": 65, \"minimum_retention\": 0.9, \"primary_candidates\": 375, \"retention\": 0.8666666666666667, \"use_primary\": true}\n"}
,{"stream_name":"stdout","time":439.780940759,"data":"EDGE_TTA_ACTIVE views= 10 mean_abs_feat_delta= 0.337714\n"}
,{"stream_name":"stdout","time":439.858330178,"data":"SECONDARY_EDGE_TTA_ACTIVE views= 8 weight= 0.75 mean_abs_feat_delta= 0.299955\n"}
,{"stream_name":"stdout","time":439.85835675,"data":"BIOHUB_RETENTION_GUARD {\"blended_candidates\": 325, \"dataset\": \"44b6_0b24845f\", \"frame\": 65, \"minimum_retention\": 0.9, \"primary_candidates\": 375, \"retention\": 0.8666666666666667, \"use_primary\": true}\n"}
,{"stream_name":"stdout","time":439.858363516,"data":"EDGE_TTA_ACTIVE views= 10 mean_abs_feat_delta= 0.337714\n"}
,{"stream_name":"stdout","time":440.854824445,"data":"SECONDARY_EDGE_TTA_ACTIVE views= 8 weight= 0.75 mean_abs_feat_delta= 0.262847\n"}
,{"stream_name":"stdout","time":441.057348316,"data":"SECONDARY_EDGE_TTA_ACTIVE views= 8 weight= 0.75 mean_abs_feat_delta= 0.262847\n"}
,{"stream_name":"stdout","time":441.258661872,"data":"EDGE_TTA_ACTIVE views= 10 mean_abs_feat_delta= 0.357594\n"}
,{"stream_name":"stdout","time":441.461009031,"data":"EDGE_TTA_ACTIVE views= 10 mean_abs_feat_delta= 0.357594\n"}
,{"stream_name":"stdout","time":442.348565359,"data":"SECONDARY_EDGE_TTA_ACTIVE views= 8 weight= 0.75 mean_abs_feat_delta= 0.296912\n"}
,{"stream_name":"stdout","time":442.352797457,"data":"BIOHUB_RETENTION_GUARD {\"blended_candidates\": 308, \"dataset\": \"44b6_0b24845f\", \"frame\": 66, \"minimum_retention\": 0.9, \"primary_candidates\": 361, \"retention\": 0.853185595567867, \"use_primary\": true}\n"}
,{"stream_name":"stdout","time":442.383140155,"data":"EDGE_TTA_ACTIVE views= 10 mean_abs_feat_delta= 0.339361\n"}
,{"stream_name":"stdout","time":442.567126113,"data":"SECONDARY_EDGE_TTA_ACTIVE views= 8 weight= 0.75 mean_abs_feat_delta= 0.296912\n"}
,{"stream_name":"stdout","time":442.567148687,"data":"BIOHUB_RETENTION_GUARD {\"blended_candidates\": 308, \"dataset\": \"44b6_0b24845f\", \"frame\": 66, \"minimum_retention\": 0.9, \"primary_candidates\": 361, \"retention\": 0.853185595567867, \"use_primary\": true}\n"}
,{"stream_name":"stdout","time":442.567155401,"data":"EDGE_TTA_ACTIVE views= 10 mean_abs_feat_delta= 0.339361\n"}
,{"stream_name":"stdout","time":443.455394347,"data":"SECONDARY_EDGE_TTA_ACTIVE views= 8 weight= 0.75 mean_abs_feat_delta= 0.261047\n"}
,{"stream_name":"stdout","time":443.657548103,"data":"SECONDARY_EDGE_TTA_ACTIVE views= 8 weight= 0.75 mean_abs_feat_delta= 0.261047\n"}
,{"stream_name":"stdout","time":443.930263224,"data":"EDGE_TTA_ACTIVE views= 10 mean_abs_feat_delta= 0.355145\n"}
,{"stream_name":"stdout","time":444.132573154,"data":"EDGE_TTA_ACTIVE views= 10 mean_abs_feat_delta= 0.355145\n"}
,{"stream_name":"stdout","time":444.96631022,"data":"EDGE_TTA_ACTIVE views= 10 mean_abs_feat_delta= 0.339296\n"}
,{"stream_name":"stdout","time":445.018885791,"data":"SECONDARY_EDGE_TTA_ACTIVE views= 8 weight= 0.75 mean_abs_feat_delta= 0.291366\n"}
,{"stream_name":"stdout","time":445.023128209,"data":"BIOHUB_RETENTION_GUARD {\"blended_candidates\": 277, \"dataset\": \"44b6_0b24845f\", \"frame\": 67, \"minimum_retention\": 0.9, \"primary_candidates\": 316, \"retention\": 0.8765822784810127, \"use_primary\": true}\n"}
,{"stream_name":"stdout","time":445.168762836,"data":"EDGE_TTA_ACTIVE views= 10 mean_abs_feat_delta= 0.339296\n"}
,{"stream_name":"stdout","time":445.168786738,"data":"SECONDARY_EDGE_TTA_ACTIVE views= 8 weight= 0.75 mean_abs_feat_delta= 0.291366\n"}
,{"stream_name":"stdout","time":445.168793311,"data":"BIOHUB_RETENTION_GUARD {\"blended_candidates\": 277, \"dataset\": \"44b6_0b24845f\", \"frame\": 67, \"minimum_retention\": 0.9, \"primary_candidates\": 316, \"retention\": 0.8765822784810127, \"use_primary\": true}\n"}
,{"stream_name":"stdout","time":446.032166991,"data":"SECONDARY_EDGE_TTA_ACTIVE views= 8 weight= 0.75 mean_abs_feat_delta= 0.257455\n"}
,{"stream_name":"stdout","time":446.234594263,"data":"SECONDARY_EDGE_TTA_ACTIVE views= 8 weight= 0.75 mean_abs_feat_delta= 0.257455\n"}
,{"stream_name":"stdout","time":446.58509321,"data":"EDGE_TTA_ACTIVE views= 10 mean_abs_feat_delta= 0.355354\n"}
,{"stream_name":"stdout","time":446.787565678,"data":"EDGE_TTA_ACTIVE views= 10 mean_abs_feat_delta= 0.355354\n"}
,{"stream_name":"stdout","time":447.502709788,"data":"EDGE_TTA_ACTIVE views= 10 mean_abs_feat_delta= 0.331206\n"}
,{"stream_name":"stdout","time":447.673657845,"data":"SECONDARY_EDGE_TTA_ACTIVE views= 8 weight= 0.75 mean_abs_feat_delta= 0.293296\n"}
,{"stream_name":"stdout","time":447.705179236,"data":"EDGE_TTA_ACTIVE views= 10 mean_abs_feat_delta= 0.331206\n"}
,{"stream_name":"stdout","time":447.705201713,"data":"SECONDARY_EDGE_TTA_ACTIVE views= 8 weight= 0.75 mean_abs_feat_delta= 0.293296\n"}
,{"stream_name":"stdout","time":448.568110058,"data":"SECONDARY_EDGE_TTA_ACTIVE views= 8 weight= 0.75 mean_abs_feat_delta= 0.254838\n"}
,{"stream_name":"stdout","time":448.77017961,"data":"SECONDARY_EDGE_TTA_ACTIVE views= 8 weight= 0.75 mean_abs_feat_delta= 0.254838\n"}
,{"stream_name":"stdout","time":449.190329891,"data":"EDGE_TTA_ACTIVE views= 10 mean_abs_feat_delta= 0.354618\n"}
,{"stream_name":"stdout","time":449.392575004,"data":"EDGE_TTA_ACTIVE views= 10 mean_abs_feat_delta= 0.354618\n"}
,{"stream_name":"stdout","time":450.082722567,"data":"EDGE_TTA_ACTIVE views= 10 mean_abs_feat_delta= 0.331217\n"}
,{"stream_name":"stdout","time":450.276230711,"data":"SECONDARY_EDGE_TTA_ACTIVE views= 8 weight= 0.75 mean_abs_feat_delta= 0.301719\n"}
,{"stream_name":"stdout","time":450.280429821,"data":"BIOHUB_RETENTION_GUARD {\"blended_candidates\": 309, \"dataset\": \"44b6_0b24845f\", \"frame\": 69, \"minimum_retention\": 0.9, \"primary_candidates\": 357, \"retention\": 0.865546218487395, \"use_primary\": true}\n"}
,{"stream_name":"stdout","time":450.285083371,"data":"EDGE_TTA_ACTIVE views= 10 mean_abs_feat_delta= 0.331217\n"}
,{"stream_name":"stdout","time":450.28510436,"data":"SECONDARY_EDGE_TTA_ACTIVE views= 8 weight= 0.75 mean_abs_feat_delta= 0.301719\n"}
,{"stream_name":"stdout","time":450.285166886,"data":"BIOHUB_RETENTION_GUARD {\"blended_candidates\": 309, \"dataset\": \"44b6_0b24845f\", \"frame\": 69, \"minimum_retention\": 0.9, \"primary_candidates\": 357, \"retention\": 0.865546218487395, \"use_primary\": true}\n"}
,{"stream_name":"stdout","time":451.149994842,"data":"SECONDARY_EDGE_TTA_ACTIVE views= 8 weight= 0.75 mean_abs_feat_delta= 0.260524\n"}
,{"stream_name":"stdout","time":451.352272717,"data":"SECONDARY_EDGE_TTA_ACTIVE views= 8 weight= 0.75 mean_abs_feat_delta= 0.260524\n"}
,{"stream_name":"stdout","time":451.812490967,"data":"EDGE_TTA_ACTIVE views= 10 mean_abs_feat_delta= 0.353093\n"}
,{"stream_name":"stdout","time":452.014798794,"data":"EDGE_TTA_ACTIVE views= 10 mean_abs_feat_delta= 0.353093\n"}
,{"stream_name":"stdout","time":452.616297555,"data":"EDGE_TTA_ACTIVE views= 10 mean_abs_feat_delta= 0.335169\n"}
,{"stream_name":"stdout","time":452.818660286,"data":"EDGE_TTA_ACTIVE views= 10 mean_abs_feat_delta= 0.335169\n"}
,{"stream_name":"stdout","time":452.893162001,"data":"SECONDARY_EDGE_TTA_ACTIVE views= 8 weight= 0.75 mean_abs_feat_delta= 0.301488\n"}
,{"stream_name":"stdout","time":452.897518787,"data":"BIOHUB_RETENTION_GUARD {\"blended_candidates\": 246, \"dataset\": \"44b6_0b24845f\", \"frame\": 70, \"minimum_retention\": 0.9, \"primary_candidates\": 289, \"retention\": 0.8512110726643599, \"use_primary\": true}\n"}
,{"stream_name":"stdout","time":453.096128713,"data":"SECONDARY_EDGE_TTA_ACTIVE views= 8 weight= 0.75 mean_abs_feat_delta= 0.301488\n"}
,{"stream_name":"stdout","time":453.096158287,"data":"BIOHUB_RETENTION_GUARD {\"blended_candidates\": 246, \"dataset\": \"44b6_0b24845f\", \"frame\": 70, \"minimum_retention\": 0.9, \"primary_candidates\": 289, \"retention\": 0.8512110726643599, \"use_primary\": true}\n"}
,{"stream_name":"stdout","time":453.681226022,"data":"SECONDARY_EDGE_TTA_ACTIVE views= 8 weight= 0.75 mean_abs_feat_delta= 0.262847\n"}
,{"stream_name":"stdout","time":453.88355566,"data":"SECONDARY_EDGE_TTA_ACTIVE views= 8 weight= 0.75 mean_abs_feat_delta= 0.262847\n"}
,{"stream_name":"stdout","time":454.404102226,"data":"EDGE_TTA_ACTIVE views= 10 mean_abs_feat_delta= 0.347881\n"}
,{"stream_name":"stdout","time":454.606476911,"data":"EDGE_TTA_ACTIVE views= 10 mean_abs_feat_delta= 0.347881\n"}
,{"stream_name":"stdout","time":455.121237692,"data":"EDGE_TTA_ACTIVE views= 10 mean_abs_feat_delta= 0.333736\n"}
,{"stream_name":"stdout","time":455.323834302,"data":"EDGE_TTA_ACTIVE views= 10 mean_abs_feat_delta= 0.333736\n"}
,{"stream_name":"stdout","time":455.48425805,"data":"SECONDARY_EDGE_TTA_ACTIVE views= 8 weight= 0.75 mean_abs_feat_delta= 0.299423\n"}
,{"stream_name":"stdout","time":455.686718719,"data":"SECONDARY_EDGE_TTA_ACTIVE views= 8 weight= 0.75 mean_abs_feat_delta= 0.299423\n"}
,{"stream_name":"stdout","time":456.185271239,"data":"SECONDARY_EDGE_TTA_ACTIVE views= 8 weight= 0.75 mean_abs_feat_delta= 0.260131\n"}
,{"stream_name":"stdout","time":456.387702275,"data":"SECONDARY_EDGE_TTA_ACTIVE views= 8 weight= 0.75 mean_abs_feat_delta= 0.260131\n"}
,{"stream_name":"stdout","time":456.95426438,"data":"EDGE_TTA_ACTIVE views= 10 mean_abs_feat_delta= 0.348186\n"}
,{"stream_name":"stdout","time":457.156647613,"data":"EDGE_TTA_ACTIVE views= 10 mean_abs_feat_delta= 0.348186\n"}
,{"stream_name":"stdout","time":457.660260123,"data":"EDGE_TTA_ACTIVE views= 10 mean_abs_feat_delta= 0.334709\n"}
,{"stream_name":"stdout","time":457.862708734,"data":"EDGE_TTA_ACTIVE views= 10 mean_abs_feat_delta= 0.334709\n"}
,{"stream_name":"stdout","time":458.033661485,"data":"SECONDARY_EDGE_TTA_ACTIVE views= 8 weight= 0.75 mean_abs_feat_delta= 0.301712\n"}
,{"stream_name":"stdout","time":458.235575524,"data":"SECONDARY_EDGE_TTA_ACTIVE views= 8 weight= 0.75 mean_abs_feat_delta= 0.301712\n"}
,{"stream_name":"stdout","time":458.724475356,"data":"SECONDARY_EDGE_TTA_ACTIVE views= 8 weight= 0.75 mean_abs_feat_delta= 0.256523\n"}
,{"stream_name":"stdout","time":458.926702421,"data":"SECONDARY_EDGE_TTA_ACTIVE views= 8 weight= 0.75 mean_abs_feat_delta= 0.256523\n"}
,{"stream_name":"stdout","time":459.557150269,"data":"EDGE_TTA_ACTIVE views= 10 mean_abs_feat_delta= 0.348199\n"}
,{"stream_name":"stdout","time":459.759447747,"data":"EDGE_TTA_ACTIVE views= 10 mean_abs_feat_delta= 0.348199\n"}
,{"stream_name":"stdout","time":460.272452166,"data":"EDGE_TTA_ACTIVE views= 10 mean_abs_feat_delta= 0.340506\n"}
,{"stream_name":"stdout","time":460.474765158,"data":"EDGE_TTA_ACTIVE views= 10 mean_abs_feat_delta= 0.340506\n"}
,{"stream_name":"stdout","time":460.635425858,"data":"SECONDARY_EDGE_TTA_ACTIVE views= 8 weight= 0.75 mean_abs_feat_delta= 0.305584\n"}
,{"stream_name":"stdout","time":460.639997596,"data":"BIOHUB_RETENTION_GUARD {\"blended_candidates\": 185, \"dataset\": \"44b6_0b24845f\", \"frame\": 73, \"minimum_retention\": 0.9, \"primary_candidates\": 263, \"retention\": 0.7034220532319392, \"use_primary\": true}\n"}
,{"stream_name":"stdout","time":460.837916706,"data":"SECONDARY_EDGE_TTA_ACTIVE views= 8 weight= 0.75 mean_abs_feat_delta= 0.305584\n"}
,{"stream_name":"stdout","time":460.837944158,"data":"BIOHUB_RETENTION_GUARD {\"blended_candidates\": 185, \"dataset\": \"44b6_0b24845f\", \"frame\": 73, \"minimum_retention\": 0.9, \"primary_candidates\": 263, \"retention\": 0.7034220532319392, \"use_primary\": true}\n"}
,{"stream_name":"stdout","time":461.330918292,"data":"SECONDARY_EDGE_TTA_ACTIVE views= 8 weight= 0.75 mean_abs_feat_delta= 0.265074\n"}
,{"stream_name":"stdout","time":461.533391798,"data":"SECONDARY_EDGE_TTA_ACTIVE views= 8 weight= 0.75 mean_abs_feat_delta= 0.265074\n"}
,{"stream_name":"stdout","time":462.123694058,"data":"EDGE_TTA_ACTIVE views= 10 mean_abs_feat_delta= 0.357103\n"}
,{"stream_name":"stdout","time":462.326147414,"data":"EDGE_TTA_ACTIVE views= 10 mean_abs_feat_delta= 0.357103\n"}
,{"stream_name":"stdout","time":462.824740268,"data":"EDGE_TTA_ACTIVE views= 10 mean_abs_feat_delta= 0.340934\n"}
,{"stream_name":"stdout","time":463.02706975,"data":"EDGE_TTA_ACTIVE views= 10 mean_abs_feat_delta= 0.340934\n"}
,{"stream_name":"stdout","time":463.204983827,"data":"SECONDARY_EDGE_TTA_ACTIVE views= 8 weight= 0.75 mean_abs_feat_delta= 0.304789\n"}
,{"stream_name":"stdout","time":463.209192796,"data":"BIOHUB_RETENTION_GUARD {\"blended_candidates\": 208, \"dataset\": \"44b6_0b24845f\", \"frame\": 74, \"minimum_retention\": 0.9, \"primary_candidates\": 279, \"retention\": 0.7455197132616488, \"use_primary\": true}\n"}
,{"stream_name":"stdout","time":463.408965478,"data":"SECONDARY_EDGE_TTA_ACTIVE views= 8 weight= 0.75 mean_abs_feat_delta= 0.304789\n"}
,{"stream_name":"stdout","time":463.408994391,"data":"BIOHUB_RETENTION_GUARD {\"blended_candidates\": 208, \"dataset\": \"44b6_0b24845f\", \"frame\": 74, \"minimum_retention\": 0.9, \"primary_candidates\": 279, \"retention\": 0.7455197132616488, \"use_primary\": true}\n"}
,{"stream_name":"stdout","time":463.883559063,"data":"SECONDARY_EDGE_TTA_ACTIVE views= 8 weight= 0.75 mean_abs_feat_delta= 0.26712\n"}
,{"stream_name":"stdout","time":464.086533478,"data":"SECONDARY_EDGE_TTA_ACTIVE views= 8 weight= 0.75 mean_abs_feat_delta= 0.26712\n"}
,{"stream_name":"stdout","time":464.712829765,"data":"EDGE_TTA_ACTIVE views= 10 mean_abs_feat_delta= 0.347642\n"}
,{"stream_name":"stdout","time":464.914966322,"data":"EDGE_TTA_ACTIVE views= 10 mean_abs_feat_delta= 0.347642\n"}
,{"stream_name":"stdout","time":465.364892188,"data":"EDGE_TTA_ACTIVE views= 10 mean_abs_feat_delta= 0.336875\n"}
,{"stream_name":"stdout","time":465.567257046,"data":"EDGE_TTA_ACTIVE views= 10 mean_abs_feat_delta= 0.336875\n"}
,{"stream_name":"stdout","time":465.786392352,"data":"SECONDARY_EDGE_TTA_ACTIVE views= 8 weight= 0.75 mean_abs_feat_delta= 0.299735\n"}
,{"stream_name":"stdout","time":465.790904819,"data":"BIOHUB_RETENTION_GUARD {\"blended_candidates\": 310, \"dataset\": \"44b6_0b24845f\", \"frame\": 75, \"minimum_retention\": 0.9, \"primary_candidates\": 359, \"retention\": 0.8635097493036211, \"use_primary\": true}\n"}
,{"stream_name":"stdout","time":465.988626727,"data":"SECONDARY_EDGE_TTA_ACTIVE views= 8 weight= 0.75 mean_abs_feat_delta= 0.299735\n"}
,{"stream_name":"stdout","time":465.988653823,"data":"BIOHUB_RETENTION_GUARD {\"blended_candidates\": 310, \"dataset\": \"44b6_0b24845f\", \"frame\": 75, \"minimum_retention\": 0.9, \"primary_candidates\": 359, \"retention\": 0.8635097493036211, \"use_primary\": true}\n"}
,{"stream_name":"stdout","time":466.424013129,"data":"SECONDARY_EDGE_TTA_ACTIVE views= 8 weight= 0.75 mean_abs_feat_delta= 0.263739\n"}
,{"stream_name":"stdout","time":466.626418247,"data":"SECONDARY_EDGE_TTA_ACTIVE views= 8 weight= 0.75 mean_abs_feat_delta= 0.263739\n"}
,{"stream_name":"stdout","time":467.267863487,"data":"EDGE_TTA_ACTIVE views= 10 mean_abs_feat_delta= 0.34824\n"}
,{"stream_name":"stdout","time":467.470266322,"data":"EDGE_TTA_ACTIVE views= 10 mean_abs_feat_delta= 0.34824\n"}
,{"stream_name":"stdout","time":467.905581644,"data":"EDGE_TTA_ACTIVE views= 10 mean_abs_feat_delta= 0.334335\n"}
,{"stream_name":"stdout","time":468.107898305,"data":"EDGE_TTA_ACTIVE views= 10 mean_abs_feat_delta= 0.334335\n"}
,{"stream_name":"stdout","time":468.338754886,"data":"SECONDARY_EDGE_TTA_ACTIVE views= 8 weight= 0.75 mean_abs_feat_delta= 0.295727\n"}
,{"stream_name":"stdout","time":468.343093386,"data":"BIOHUB_RETENTION_GUARD {\"blended_candidates\": 308, \"dataset\": \"44b6_0b24845f\", \"frame\": 76, \"minimum_retention\": 0.9, \"primary_candidates\": 363, \"retention\": 0.8484848484848485, \"use_primary\": true}\n"}
,{"stream_name":"stdout","time":468.541137229,"data":"SECONDARY_EDGE_TTA_ACTIVE views= 8 weight= 0.75 mean_abs_feat_delta= 0.295727\n"}
,{"stream_name":"stdout","time":468.54117024,"data":"BIOHUB_RETENTION_GUARD {\"blended_candidates\": 308, \"dataset\": \"44b6_0b24845f\", \"frame\": 76, \"minimum_retention\": 0.9, \"primary_candidates\": 363, \"retention\": 0.8484848484848485, \"use_primary\": true}\n"}
,{"stream_name":"stdout","time":468.961165689,"data":"SECONDARY_EDGE_TTA_ACTIVE views= 8 weight= 0.75 mean_abs_feat_delta= 0.262727\n"}
,{"stream_name":"stdout","time":469.163574949,"data":"SECONDARY_EDGE_TTA_ACTIVE views= 8 weight= 0.75 mean_abs_feat_delta= 0.262727\n"}
,{"stream_name":"stdout","time":469.891106571,"data":"EDGE_TTA_ACTIVE views= 10 mean_abs_feat_delta= 0.351399\n"}
,{"stream_name":"stdout","time":470.093399115,"data":"EDGE_TTA_ACTIVE views= 10 mean_abs_feat_delta= 0.351399\n"}
,{"stream_name":"stdout","time":470.420106949,"data":"EDGE_TTA_ACTIVE views= 10 mean_abs_feat_delta= 0.335356\n"}
,{"stream_name":"stdout","time":470.622436842,"data":"EDGE_TTA_ACTIVE views= 10 mean_abs_feat_delta= 0.335356\n"}
,{"stream_name":"stdout","time":470.962986117,"data":"SECONDARY_EDGE_TTA_ACTIVE views= 8 weight= 0.75 mean_abs_feat_delta= 0.301815\n"}
,{"stream_name":"stdout","time":470.967529403,"data":"BIOHUB_RETENTION_GUARD {\"blended_candidates\": 233, \"dataset\": \"44b6_0b24845f\", \"frame\": 77, \"minimum_retention\": 0.9, \"primary_candidates\": 316, \"retention\": 0.7373417721518988, \"use_primary\": true}\n"}
,{"stream_name":"stdout","time":471.165897571,"data":"SECONDARY_EDGE_TTA_ACTIVE views= 8 weight= 0.75 mean_abs_feat_delta= 0.301815\n"}
,{"stream_name":"stdout","time":471.165952599,"data":"BIOHUB_RETENTION_GUARD {\"blended_candidates\": 233, \"dataset\": \"44b6_0b24845f\", \"frame\": 77, \"minimum_retention\": 0.9, \"primary_candidates\": 316, \"retention\": 0.7373417721518988, \"use_primary\": true}\n"}
,{"stream_name":"stdout","time":471.480259822,"data":"SECONDARY_EDGE_TTA_ACTIVE views= 8 weight= 0.75 mean_abs_feat_delta= 0.256411\n"}
,{"stream_name":"stdout","time":471.682566866,"data":"SECONDARY_EDGE_TTA_ACTIVE views= 8 weight= 0.75 mean_abs_feat_delta= 0.256411\n"}
,{"stream_name":"stdout","time":472.459409925,"data":"EDGE_TTA_ACTIVE views= 10 mean_abs_feat_delta= 0.354131\n"}
,{"stream_name":"stdout","time":472.687890443,"data":"EDGE_TTA_ACTIVE views= 10 mean_abs_feat_delta= 0.354131\n"}
,{"stream_name":"stdout","time":472.982686426,"data":"EDGE_TTA_ACTIVE views= 10 mean_abs_feat_delta= 0.33158\n"}
,{"stream_name":"stdout","time":473.185268646,"data":"EDGE_TTA_ACTIVE views= 10 mean_abs_feat_delta= 0.33158\n"}
,{"stream_name":"stdout","time":473.532820412,"data":"SECONDARY_EDGE_TTA_ACTIVE views= 8 weight= 0.75 mean_abs_feat_delta= 0.305391\n"}
,{"stream_name":"stdout","time":473.536870071,"data":"BIOHUB_RETENTION_GUARD {\"blended_candidates\": 272, \"dataset\": \"44b6_0b24845f\", \"frame\": 78, \"minimum_retention\": 0.9, \"primary_candidates\": 386, \"retention\": 0.7046632124352331, \"use_primary\": true}\n"}
,{"stream_name":"stdout","time":473.734760456,"data":"SECONDARY_EDGE_TTA_ACTIVE views= 8 weight= 0.75 mean_abs_feat_delta= 0.305391\n"}
,{"stream_name":"stdout","time":473.734787446,"data":"BIOHUB_RETENTION_GUARD {\"blended_candidates\": 272, \"dataset\": \"44b6_0b24845f\", \"frame\": 78, \"minimum_retention\": 0.9, \"primary_candidates\": 386, \"retention\": 0.7046632124352331, \"use_primary\": true}\n"}
,{"stream_name":"stdout","time":474.038979045,"data":"SECONDARY_EDGE_TTA_ACTIVE views= 8 weight= 0.75 mean_abs_feat_delta= 0.260031\n"}
,{"stream_name":"stdout","time":474.241329721,"data":"SECONDARY_EDGE_TTA_ACTIVE views= 8 weight= 0.75 mean_abs_feat_delta= 0.260031\n"}
,{"stream_name":"stdout","time":475.058668099,"data":"EDGE_TTA_ACTIVE views= 10 mean_abs_feat_delta= 0.354239\n"}
,{"stream_name":"stdout","time":475.260966123,"data":"EDGE_TTA_ACTIVE views= 10 mean_abs_feat_delta= 0.354239\n"}
,{"stream_name":"stdout","time":475.541436457,"data":"EDGE_TTA_ACTIVE views= 10 mean_abs_feat_delta= 0.334993\n"}
,{"stream_name":"stdout","time":475.743768167,"data":"EDGE_TTA_ACTIVE views= 10 mean_abs_feat_delta= 0.334993\n"}
,{"stream_name":"stdout","time":476.129739121,"data":"SECONDARY_EDGE_TTA_ACTIVE views= 8 weight= 0.75 mean_abs_feat_delta= 0.302826\n"}
,{"stream_name":"stdout","time":476.134149133,"data":"BIOHUB_RETENTION_GUARD {\"blended_candidates\": 286, \"dataset\": \"44b6_0b24845f\", \"frame\": 79, \"minimum_retention\": 0.9, \"primary_candidates\": 416, \"retention\": 0.6875, \"use_primary\": true}\n"}
,{"stream_name":"stdout","time":476.33197361,"data":"SECONDARY_EDGE_TTA_ACTIVE views= 8 weight= 0.75 mean_abs_feat_delta= 0.302826\n"}
,{"stream_name":"stdout","time":476.331998602,"data":"BIOHUB_RETENTION_GUARD {\"blended_candidates\": 286, \"dataset\": \"44b6_0b24845f\", \"frame\": 79, \"minimum_retention\": 0.9, \"primary_candidates\": 416, \"retention\": 0.6875, \"use_primary\": true}\n"}
,{"stream_name":"stdout","time":476.598314021,"data":"SECONDARY_EDGE_TTA_ACTIVE views= 8 weight= 0.75 mean_abs_feat_delta= 0.262153\n"}
,{"stream_name":"stdout","time":476.80119521,"data":"SECONDARY_EDGE_TTA_ACTIVE views= 8 weight= 0.75 mean_abs_feat_delta= 0.262153\n"}
,{"stream_name":"stdout","time":477.660663585,"data":"EDGE_TTA_ACTIVE views= 10 mean_abs_feat_delta= 0.354194\n"}
,{"stream_name":"stdout","time":477.862990854,"data":"EDGE_TTA_ACTIVE views= 10 mean_abs_feat_delta= 0.354194\n"}
,{"stream_name":"stdout","time":478.079669796,"data":"EDGE_TTA_ACTIVE views= 10 mean_abs_feat_delta= 0.336195\n"}
,{"stream_name":"stdout","time":478.281790372,"data":"EDGE_TTA_ACTIVE views= 10 mean_abs_feat_delta= 0.336195\n"}
,{"stream_name":"stdout","time":478.734787664,"data":"SECONDARY_EDGE_TTA_ACTIVE views= 8 weight= 0.75 mean_abs_feat_delta= 0.303473\n"}
,{"stream_name":"stdout","time":478.739050959,"data":"BIOHUB_RETENTION_GUARD {\"blended_candidates\": 286, \"dataset\": \"44b6_0b24845f\", \"frame\": 80, \"minimum_retention\": 0.9, \"primary_candidates\": 376, \"retention\": 0.7606382978723404, \"use_primary\": true}\n"}
,{"stream_name":"stdout","time":478.937412688,"data":"SECONDARY_EDGE_TTA_ACTIVE views= 8 weight= 0.75 mean_abs_feat_delta= 0.303473\n"}
,{"stream_name":"stdout","time":478.937443456,"data":"BIOHUB_RETENTION_GUARD {\"blended_candidates\": 286, \"dataset\": \"44b6_0b24845f\", \"frame\": 80, \"minimum_retention\": 0.9, \"primary_candidates\": 376, \"retention\": 0.7606382978723404, \"use_primary\": true}\n"}
,{"stream_name":"stdout","time":479.140683395,"data":"SECONDARY_EDGE_TTA_ACTIVE views= 8 weight= 0.75 mean_abs_feat_delta= 0.258925\n"}
,{"stream_name":"stdout","time":479.342906144,"data":"SECONDARY_EDGE_TTA_ACTIVE views= 8 weight= 0.75 mean_abs_feat_delta= 0.258925\n"}
,{"stream_name":"stdout","time":480.222492948,"data":"EDGE_TTA_ACTIVE views= 10 mean_abs_feat_delta= 0.35833\n"}
,{"stream_name":"stdout","time":480.424776817,"data":"EDGE_TTA_ACTIVE views= 10 mean_abs_feat_delta= 0.35833\n"}
,{"stream_name":"stdout","time":480.57687046,"data":"EDGE_TTA_ACTIVE views= 10 mean_abs_feat_delta= 0.341164\n"}
,{"stream_name":"stdout","time":480.779256452,"data":"EDGE_TTA_ACTIVE views= 10 mean_abs_feat_delta= 0.341164\n"}
,{"stream_name":"stdout","time":481.29151596,"data":"SECONDARY_EDGE_TTA_ACTIVE views= 8 weight= 0.75 mean_abs_feat_delta= 0.308215\n"}
,{"stream_name":"stdout","time":481.295965118,"data":"BIOHUB_RETENTION_GUARD {\"blended_candidates\": 285, \"dataset\": \"44b6_0b24845f\", \"frame\": 81, \"minimum_retention\": 0.9, \"primary_candidates\": 371, \"retention\": 0.7681940700808625, \"use_primary\": true}\n"}
,{"stream_name":"stdout","time":481.494047444,"data":"SECONDARY_EDGE_TTA_ACTIVE views= 8 weight= 0.75 mean_abs_feat_delta= 0.308215\n"}
,{"stream_name":"stdout","time":481.49407681,"data":"BIOHUB_RETENTION_GUARD {\"blended_candidates\": 285, \"dataset\": \"44b6_0b24845f\", \"frame\": 81, \"minimum_retention\": 0.9, \"primary_candidates\": 371, \"retention\": 0.7681940700808625, \"use_primary\": true}\n"}
,{"stream_name":"stdout","time":481.635267129,"data":"SECONDARY_EDGE_TTA_ACTIVE views= 8 weight= 0.75 mean_abs_feat_delta= 0.260799\n"}
,{"stream_name":"stdout","time":481.837663961,"data":"SECONDARY_EDGE_TTA_ACTIVE views= 8 weight= 0.75 mean_abs_feat_delta= 0.260799\n"}
,{"stream_name":"stdout","time":482.818054297,"data":"EDGE_TTA_ACTIVE views= 10 mean_abs_feat_delta= 0.362109\n"}
,{"stream_name":"stdout","time":483.020315242,"data":"EDGE_TTA_ACTIVE views= 10 mean_abs_feat_delta= 0.362109\n"}
,{"stream_name":"stdout","time":483.087425934,"data":"EDGE_TTA_ACTIVE views= 10 mean_abs_feat_delta= 0.341271\n"}
,{"stream_name":"stdout","time":483.289714782,"data":"EDGE_TTA_ACTIVE views= 10 mean_abs_feat_delta= 0.341271\n"}
,{"stream_name":"stdout","time":483.888657398,"data":"SECONDARY_EDGE_TTA_ACTIVE views= 8 weight= 0.75 mean_abs_feat_delta= 0.312577\n"}
,{"stream_name":"stdout","time":483.892882625,"data":"BIOHUB_RETENTION_GUARD {\"blended_candidates\": 254, \"dataset\": \"44b6_0b24845f\", \"frame\": 82, \"minimum_retention\": 0.9, \"primary_candidates\": 374, \"retention\": 0.679144385026738, \"use_primary\": true}\n"}
,{"stream_name":"stdout","time":484.091336862,"data":"SECONDARY_EDGE_TTA_ACTIVE views= 8 weight= 0.75 mean_abs_feat_delta= 0.312577\n"}
,{"stream_name":"stdout","time":484.091417273,"data":"BIOHUB_RETENTION_GUARD {\"blended_candidates\": 254, \"dataset\": \"44b6_0b24845f\", \"frame\": 82, \"minimum_retention\": 0.9, \"primary_candidates\": 374, \"retention\": 0.679144385026738, \"use_primary\": true}\n"}
,{"stream_name":"stdout","time":484.148909891,"data":"SECONDARY_EDGE_TTA_ACTIVE views= 8 weight= 0.75 mean_abs_feat_delta= 0.261693\n"}
,{"stream_name":"stdout","time":484.351280877,"data":"SECONDARY_EDGE_TTA_ACTIVE views= 8 weight= 0.75 mean_abs_feat_delta= 0.261693\n"}
,{"stream_name":"stdout","time":485.390952117,"data":"EDGE_TTA_ACTIVE views= 10 mean_abs_feat_delta= 0.354667\n"}
,{"stream_name":"stdout","time":485.57718104,"data":"EDGE_TTA_ACTIVE views= 10 mean_abs_feat_delta= 0.340732\n"}
,{"stream_name":"stdout","time":485.593531259,"data":"EDGE_TTA_ACTIVE views= 10 mean_abs_feat_delta= 0.354667\n"}
,{"stream_name":"stdout","time":485.593549374,"data":"EDGE_TTA_ACTIVE views= 10 mean_abs_feat_delta= 0.340732\n"}
,{"stream_name":"stdout","time":486.461343768,"data":"SECONDARY_EDGE_TTA_ACTIVE views= 8 weight= 0.75 mean_abs_feat_delta= 0.311063\n"}
,{"stream_name":"stdout","time":486.465749153,"data":"BIOHUB_RETENTION_GUARD {\"blended_candidates\": 244, \"dataset\": \"44b6_0b24845f\", \"frame\": 83, \"minimum_retention\": 0.9, \"primary_candidates\": 352, \"retention\": 0.6931818181818182, \"use_primary\": true}\n"}
,{"stream_name":"stdout","time":486.633053094,"data":"SECONDARY_EDGE_TTA_ACTIVE views= 8 weight= 0.75 mean_abs_feat_delta= 0.264586\n"}
,{"stream_name":"stdout","time":486.663794664,"data":"SECONDARY_EDGE_TTA_ACTIVE views= 8 weight= 0.75 mean_abs_feat_delta= 0.311063\n"}
,{"stream_name":"stdout","time":486.663862806,"data":"BIOHUB_RETENTION_GUARD {\"blended_candidates\": 244, \"dataset\": \"44b6_0b24845f\", \"frame\": 83, \"minimum_retention\": 0.9, \"primary_candidates\": 352, \"retention\": 0.6931818181818182, \"use_primary\": true}\n"}
,{"stream_name":"stdout","time":486.663871837,"data":"SECONDARY_EDGE_TTA_ACTIVE views= 8 weight= 0.75 mean_abs_feat_delta= 0.264586\n"}
,{"stream_name":"stdout","time":487.936357387,"data":"EDGE_TTA_ACTIVE views= 10 mean_abs_feat_delta= 0.355684\n"}
,{"stream_name":"stdout","time":488.092931962,"data":"EDGE_TTA_ACTIVE views= 10 mean_abs_feat_delta= 0.335199\n"}
,{"stream_name":"stdout","time":488.138782027,"data":"EDGE_TTA_ACTIVE views= 10 mean_abs_feat_delta= 0.355684\n"}
,{"stream_name":"stdout","time":488.138800217,"data":"EDGE_TTA_ACTIVE views= 10 mean_abs_feat_delta= 0.335199\n"}
,{"stream_name":"stdout","time":489.008558718,"data":"SECONDARY_EDGE_TTA_ACTIVE views= 8 weight= 0.75 mean_abs_feat_delta= 0.311139\n"}
,{"stream_name":"stdout","time":489.012680208,"data":"BIOHUB_RETENTION_GUARD {\"blended_candidates\": 268, \"dataset\": \"44b6_0b24845f\", \"frame\": 84, \"minimum_retention\": 0.9, \"primary_candidates\": 353, \"retention\": 0.7592067988668555, \"use_primary\": true}\n"}
,{"stream_name":"stdout","time":489.14831952,"data":"SECONDARY_EDGE_TTA_ACTIVE views= 8 weight= 0.75 mean_abs_feat_delta= 0.262994\n"}
,{"stream_name":"stdout","time":489.211704611,"data":"SECONDARY_EDGE_TTA_ACTIVE views= 8 weight= 0.75 mean_abs_feat_delta= 0.311139\n"}
,{"stream_name":"stdout","time":489.211729645,"data":"BIOHUB_RETENTION_GUARD {\"blended_candidates\": 268, \"dataset\": \"44b6_0b24845f\", \"frame\": 84, \"minimum_retention\": 0.9, \"primary_candidates\": 353, \"retention\": 0.7592067988668555, \"use_primary\": true}\n"}
,{"stream_name":"stdout","time":489.211734298,"data":"SECONDARY_EDGE_TTA_ACTIVE views= 8 weight= 0.75 mean_abs_feat_delta= 0.262994\n"}
,{"stream_name":"stdout","time":490.503582824,"data":"EDGE_TTA_ACTIVE views= 10 mean_abs_feat_delta= 0.353477\n"}
,{"stream_name":"stdout","time":490.632895879,"data":"EDGE_TTA_ACTIVE views= 10 mean_abs_feat_delta= 0.329252\n"}
,{"stream_name":"stdout","time":490.705691269,"data":"EDGE_TTA_ACTIVE views= 10 mean_abs_feat_delta= 0.353477\n"}
,{"stream_name":"stdout","time":490.70571281,"data":"EDGE_TTA_ACTIVE views= 10 mean_abs_feat_delta= 0.329252\n"}
,{"stream_name":"stdout","time":491.573480239,"data":"SECONDARY_EDGE_TTA_ACTIVE views= 8 weight= 0.75 mean_abs_feat_delta= 0.312248\n"}
,{"stream_name":"stdout","time":491.577678035,"data":"BIOHUB_RETENTION_GUARD {\"blended_candidates\": 186, \"dataset\": \"44b6_0b24845f\", \"frame\": 85, \"minimum_retention\": 0.9, \"primary_candidates\": 289, \"retention\": 0.643598615916955, \"use_primary\": true}\n"}
,{"stream_name":"stdout","time":491.687082949,"data":"SECONDARY_EDGE_TTA_ACTIVE views= 8 weight= 0.75 mean_abs_feat_delta= 0.257147\n"}
,{"stream_name":"stdout","time":491.775974977,"data":"SECONDARY_EDGE_TTA_ACTIVE views= 8 weight= 0.75 mean_abs_feat_delta= 0.312248\n"}
,{"stream_name":"stdout","time":491.776001332,"data":"BIOHUB_RETENTION_GUARD {\"blended_candidates\": 186, \"dataset\": \"44b6_0b24845f\", \"frame\": 85, \"minimum_retention\": 0.9, \"primary_candidates\": 289, \"retention\": 0.643598615916955, \"use_primary\": true}\n"}
,{"stream_name":"stdout","time":491.776007952,"data":"SECONDARY_EDGE_TTA_ACTIVE views= 8 weight= 0.75 mean_abs_feat_delta= 0.257147\n"}
,{"stream_name":"stdout","time":493.116113055,"data":"EDGE_TTA_ACTIVE views= 10 mean_abs_feat_delta= 0.354156\n"}
,{"stream_name":"stdout","time":493.144905513,"data":"EDGE_TTA_ACTIVE views= 10 mean_abs_feat_delta= 0.329048\n"}
,{"stream_name":"stdout","time":493.318464724,"data":"EDGE_TTA_ACTIVE views= 10 mean_abs_feat_delta= 0.354156\n"}
,{"stream_name":"stdout","time":493.318487505,"data":"EDGE_TTA_ACTIVE views= 10 mean_abs_feat_delta= 0.329048\n"}
,{"stream_name":"stdout","time":494.185992126,"data":"SECONDARY_EDGE_TTA_ACTIVE views= 8 weight= 0.75 mean_abs_feat_delta= 0.317294\n"}
,{"stream_name":"stdout","time":494.190217959,"data":"BIOHUB_RETENTION_GUARD {\"blended_candidates\": 156, \"dataset\": \"44b6_0b24845f\", \"frame\": 86, \"minimum_retention\": 0.9, \"primary_candidates\": 269, \"retention\": 0.5799256505576208, \"use_primary\": true}\n"}
,{"stream_name":"stdout","time":494.201291928,"data":"SECONDARY_EDGE_TTA_ACTIVE views= 8 weight= 0.75 mean_abs_feat_delta= 0.259374\n"}
,{"stream_name":"stdout","time":494.388159935,"data":"SECONDARY_EDGE_TTA_ACTIVE views= 8 weight= 0.75 mean_abs_feat_delta= 0.317294\n"}
,{"stream_name":"stdout","time":494.388193599,"data":"BIOHUB_RETENTION_GUARD {\"blended_candidates\": 156, \"dataset\": \"44b6_0b24845f\", \"frame\": 86, \"minimum_retention\": 0.9, \"primary_candidates\": 269, \"retention\": 0.5799256505576208, \"use_primary\": true}\n"}
,{"stream_name":"stdout","time":494.388200451,"data":"SECONDARY_EDGE_TTA_ACTIVE views= 8 weight= 0.75 mean_abs_feat_delta= 0.259374\n"}
,{"stream_name":"stdout","time":495.629307669,"data":"EDGE_TTA_ACTIVE views= 10 mean_abs_feat_delta= 0.33396\n"}
,{"stream_name":"stdout","time":495.731627868,"data":"EDGE_TTA_ACTIVE views= 10 mean_abs_feat_delta= 0.349695\n"}
,{"stream_name":"stdout","time":495.831815109,"data":"EDGE_TTA_ACTIVE views= 10 mean_abs_feat_delta= 0.33396\n"}
,{"stream_name":"stdout","time":495.831840842,"data":"EDGE_TTA_ACTIVE views= 10 mean_abs_feat_delta= 0.349695\n"}
,{"stream_name":"stdout","time":496.691108075,"data":"SECONDARY_EDGE_TTA_ACTIVE views= 8 weight= 0.75 mean_abs_feat_delta= 0.257413\n"}
,{"stream_name":"stdout","time":496.803482055,"data":"SECONDARY_EDGE_TTA_ACTIVE views= 8 weight= 0.75 mean_abs_feat_delta= 0.318325\n"}
,{"stream_name":"stdout","time":496.807964447,"data":"BIOHUB_RETENTION_GUARD {\"blended_candidates\": 213, \"dataset\": \"44b6_0b24845f\", \"frame\": 87, \"minimum_retention\": 0.9, \"primary_candidates\": 311, \"retention\": 0.684887459807074, \"use_primary\": true}\n"}
,{"stream_name":"stdout","time":496.893276819,"data":"SECONDARY_EDGE_TTA_ACTIVE views= 8 weight= 0.75 mean_abs_feat_delta= 0.257413\n"}
,{"stream_name":"stdout","time":496.893307405,"data":"SECONDARY_EDGE_TTA_ACTIVE views= 8 weight= 0.75 mean_abs_feat_delta= 0.318325\n"}
,{"stream_name":"stdout","time":496.893312772,"data":"BIOHUB_RETENTION_GUARD {\"blended_candidates\": 213, \"dataset\": \"44b6_0b24845f\", \"frame\": 87, \"minimum_retention\": 0.9, \"primary_candidates\": 311, \"retention\": 0.684887459807074, \"use_primary\": true}\n"}
,{"stream_name":"stdout","time":498.169489126,"data":"EDGE_TTA_ACTIVE views= 10 mean_abs_feat_delta= 0.335123\n"}
,{"stream_name":"stdout","time":498.363807455,"data":"EDGE_TTA_ACTIVE views= 10 mean_abs_feat_delta= 0.35627\n"}
,{"stream_name":"stdout","time":498.372110667,"data":"EDGE_TTA_ACTIVE views= 10 mean_abs_feat_delta= 0.335123\n"}
,{"stream_name":"stdout","time":498.372132545,"data":"EDGE_TTA_ACTIVE views= 10 mean_abs_feat_delta= 0.35627\n"}
,{"stream_name":"stdout","time":499.228303175,"data":"SECONDARY_EDGE_TTA_ACTIVE views= 8 weight= 0.75 mean_abs_feat_delta= 0.257555\n"}
,{"stream_name":"stdout","time":499.430358797,"data":"SECONDARY_EDGE_TTA_ACTIVE views= 8 weight= 0.75 mean_abs_feat_delta= 0.257555\n"}
,{"stream_name":"stdout","time":499.437885115,"data":"SECONDARY_EDGE_TTA_ACTIVE views= 8 weight= 0.75 mean_abs_feat_delta= 0.319785\n"}
,{"stream_name":"stdout","time":499.442085181,"data":"BIOHUB_RETENTION_GUARD {\"blended_candidates\": 257, \"dataset\": \"44b6_0b24845f\", \"frame\": 88, \"minimum_retention\": 0.9, \"primary_candidates\": 351, \"retention\": 0.7321937321937322, \"use_primary\": true}\n"}
,{"stream_name":"stdout","time":499.640344666,"data":"SECONDARY_EDGE_TTA_ACTIVE views= 8 weight= 0.75 mean_abs_feat_delta= 0.319785\n"}
,{"stream_name":"stdout","time":499.640390014,"data":"BIOHUB_RETENTION_GUARD {\"blended_candidates\": 257, \"dataset\": \"44b6_0b24845f\", \"frame\": 88, \"minimum_retention\": 0.9, \"primary_candidates\": 351, \"retention\": 0.7321937321937322, \"use_primary\": true}\n"}
,{"stream_name":"stdout","time":500.762429588,"data":"EDGE_TTA_ACTIVE views= 10 mean_abs_feat_delta= 0.332274\n"}
,{"stream_name":"stdout","time":500.965003569,"data":"EDGE_TTA_ACTIVE views= 10 mean_abs_feat_delta= 0.332274\n"}
,{"stream_name":"stdout","time":500.995801054,"data":"EDGE_TTA_ACTIVE views= 10 mean_abs_feat_delta= 0.362769\n"}
,{"stream_name":"stdout","time":501.198009873,"data":"EDGE_TTA_ACTIVE views= 10 mean_abs_feat_delta= 0.362769\n"}
,{"stream_name":"stdout","time":501.818162576,"data":"SECONDARY_EDGE_TTA_ACTIVE views= 8 weight= 0.75 mean_abs_feat_delta= 0.253368\n"}
,{"stream_name":"stdout","time":502.020514906,"data":"SECONDARY_EDGE_TTA_ACTIVE views= 8 weight= 0.75 mean_abs_feat_delta= 0.253368\n"}
,{"stream_name":"stdout","time":502.066246335,"data":"SECONDARY_EDGE_TTA_ACTIVE views= 8 weight= 0.75 mean_abs_feat_delta= 0.325312\n"}
,{"stream_name":"stdout","time":502.070345623,"data":"BIOHUB_RETENTION_GUARD {\"blended_candidates\": 205, \"dataset\": \"44b6_0b24845f\", \"frame\": 89, \"minimum_retention\": 0.9, \"primary_candidates\": 313, \"retention\": 0.6549520766773163, \"use_primary\": true}\n"}
,{"stream_name":"stdout","time":502.269365571,"data":"SECONDARY_EDGE_TTA_ACTIVE views= 8 weight= 0.75 mean_abs_feat_delta= 0.325312\n"}
,{"stream_name":"stdout","time":502.269444919,"data":"BIOHUB_RETENTION_GUARD {\"blended_candidates\": 205, \"dataset\": \"44b6_0b24845f\", \"frame\": 89, \"minimum_retention\": 0.9, \"primary_candidates\": 313, \"retention\": 0.6549520766773163, \"use_primary\": true}\n"}
,{"stream_name":"stdout","time":503.244017863,"data":"EDGE_TTA_ACTIVE views= 10 mean_abs_feat_delta= 0.334423\n"}
,{"stream_name":"stdout","time":503.475728407,"data":"EDGE_TTA_ACTIVE views= 10 mean_abs_feat_delta= 0.334423\n"}
,{"stream_name":"stdout","time":503.63017054,"data":"EDGE_TTA_ACTIVE views= 10 mean_abs_feat_delta= 0.350487\n"}
,{"stream_name":"stdout","time":503.832295548,"data":"EDGE_TTA_ACTIVE views= 10 mean_abs_feat_delta= 0.350487\n"}
,{"stream_name":"stdout","time":504.299376846,"data":"SECONDARY_EDGE_TTA_ACTIVE views= 8 weight= 0.75 mean_abs_feat_delta= 0.253968\n"}
,{"stream_name":"stdout","time":504.501900711,"data":"SECONDARY_EDGE_TTA_ACTIVE views= 8 weight= 0.75 mean_abs_feat_delta= 0.253968\n"}
,{"stream_name":"stdout","time":504.701793667,"data":"SECONDARY_EDGE_TTA_ACTIVE views= 8 weight= 0.75 mean_abs_feat_delta= 0.321967\n"}
,{"stream_name":"stdout","time":504.705967958,"data":"BIOHUB_RETENTION_GUARD {\"blended_candidates\": 153, \"dataset\": \"44b6_0b24845f\", \"frame\": 90, \"minimum_retention\": 0.9, \"primary_candidates\": 252, \"retention\": 0.6071428571428571, \"use_primary\": true}\n"}
,{"stream_name":"stdout","time":504.904146,"data":"SECONDARY_EDGE_TTA_ACTIVE views= 8 weight= 0.75 mean_abs_feat_delta= 0.321967\n"}
,{"stream_name":"stdout","time":504.904173596,"data":"BIOHUB_RETENTION_GUARD {\"blended_candidates\": 153, \"dataset\": \"44b6_0b24845f\", \"frame\": 90, \"minimum_retention\": 0.9, \"primary_candidates\": 252, \"retention\": 0.6071428571428571, \"use_primary\": true}\n"}
,{"stream_name":"stdout","time":505.777071422,"data":"EDGE_TTA_ACTIVE views= 10 mean_abs_feat_delta= 0.337428\n"}
,{"stream_name":"stdout","time":505.979433199,"data":"EDGE_TTA_ACTIVE views= 10 mean_abs_feat_delta= 0.337428\n"}
,{"stream_name":"stdout","time":506.167617079,"data":"EDGE_TTA_ACTIVE views= 10 mean_abs_feat_delta= 0.349817\n"}
,{"stream_name":"stdout","time":506.3696873,"data":"EDGE_TTA_ACTIVE views= 10 mean_abs_feat_delta= 0.349817\n"}
,{"stream_name":"stdout","time":506.832425198,"data":"SECONDARY_EDGE_TTA_ACTIVE views= 8 weight= 0.75 mean_abs_feat_delta= 0.25869\n"}
,{"stream_name":"stdout","time":507.034786191,"data":"SECONDARY_EDGE_TTA_ACTIVE views= 8 weight= 0.75 mean_abs_feat_delta= 0.25869\n"}
,{"stream_name":"stdout","time":507.238995716,"data":"SECONDARY_EDGE_TTA_ACTIVE views= 8 weight= 0.75 mean_abs_feat_delta= 0.320952\n"}
,{"stream_name":"stdout","time":507.242995751,"data":"BIOHUB_RETENTION_GUARD {\"blended_candidates\": 126, \"dataset\": \"44b6_0b24845f\", \"frame\": 91, \"minimum_retention\": 0.9, \"primary_candidates\": 235, \"retention\": 0.5361702127659574, \"use_primary\": true}\n"}
,{"stream_name":"stdout","time":507.441200099,"data":"SECONDARY_EDGE_TTA_ACTIVE views= 8 weight= 0.75 mean_abs_feat_delta= 0.320952\n"}
,{"stream_name":"stdout","time":507.441229157,"data":"BIOHUB_RETENTION_GUARD {\"blended_candidates\": 126, \"dataset\": \"44b6_0b24845f\", \"frame\": 91, \"minimum_retention\": 0.9, \"primary_candidates\": 235, \"retention\": 0.5361702127659574, \"use_primary\": true}\n"}
,{"stream_name":"stdout","time":508.282337784,"data":"EDGE_TTA_ACTIVE views= 10 mean_abs_feat_delta= 0.339232\n"}
,{"stream_name":"stdout","time":508.484403848,"data":"EDGE_TTA_ACTIVE views= 10 mean_abs_feat_delta= 0.339232\n"}
,{"stream_name":"stdout","time":508.719439277,"data":"EDGE_TTA_ACTIVE views= 10 mean_abs_feat_delta= 0.349629\n"}
,{"stream_name":"stdout","time":508.921728814,"data":"EDGE_TTA_ACTIVE views= 10 mean_abs_feat_delta= 0.349629\n"}
,{"stream_name":"stdout","time":509.341018836,"data":"SECONDARY_EDGE_TTA_ACTIVE views= 8 weight= 0.75 mean_abs_feat_delta= 0.249107\n"}
,{"stream_name":"stdout","time":509.543604631,"data":"SECONDARY_EDGE_TTA_ACTIVE views= 8 weight= 0.75 mean_abs_feat_delta= 0.249107\n"}
,{"stream_name":"stdout","time":509.791140705,"data":"SECONDARY_EDGE_TTA_ACTIVE views= 8 weight= 0.75 mean_abs_feat_delta= 0.322162\n"}
,{"stream_name":"stdout","time":509.795254642,"data":"BIOHUB_RETENTION_GUARD {\"blended_candidates\": 136, \"dataset\": \"44b6_0b24845f\", \"frame\": 92, \"minimum_retention\": 0.9, \"primary_candidates\": 273, \"retention\": 0.4981684981684982, \"use_primary\": true}\n"}
,{"stream_name":"stdout","time":509.993959219,"data":"SECONDARY_EDGE_TTA_ACTIVE views= 8 weight= 0.75 mean_abs_feat_delta= 0.322162\n"}
,{"stream_name":"stdout","time":509.993986617,"data":"BIOHUB_RETENTION_GUARD {\"blended_candidates\": 136, \"dataset\": \"44b6_0b24845f\", \"frame\": 92, \"minimum_retention\": 0.9, \"primary_candidates\": 273, \"retention\": 0.4981684981684982, \"use_primary\": true}\n"}
,{"stream_name":"stdout","time":510.818144338,"data":"EDGE_TTA_ACTIVE views= 10 mean_abs_feat_delta= 0.336428\n"}
,{"stream_name":"stdout","time":511.020507599,"data":"EDGE_TTA_ACTIVE views= 10 mean_abs_feat_delta= 0.336428\n"}
,{"stream_name":"stdout","time":511.292345221,"data":"EDGE_TTA_ACTIVE views= 10 mean_abs_feat_delta= 0.344551\n"}
,{"stream_name":"stdout","time":511.494595126,"data":"EDGE_TTA_ACTIVE views= 10 mean_abs_feat_delta= 0.344551\n"}
,{"stream_name":"stdout","time":511.878650283,"data":"SECONDARY_EDGE_TTA_ACTIVE views= 8 weight= 0.75 mean_abs_feat_delta= 0.250998\n"}
,{"stream_name":"stdout","time":512.081219747,"data":"SECONDARY_EDGE_TTA_ACTIVE views= 8 weight= 0.75 mean_abs_feat_delta= 0.250998\n"}
,{"stream_name":"stdout","time":512.367345716,"data":"SECONDARY_EDGE_TTA_ACTIVE views= 8 weight= 0.75 mean_abs_feat_delta= 0.314236\n"}
,{"stream_name":"stdout","time":512.371958752,"data":"BIOHUB_RETENTION_GUARD {\"blended_candidates\": 120, \"dataset\": \"44b6_0b24845f\", \"frame\": 93, \"minimum_retention\": 0.9, \"primary_candidates\": 240, \"retention\": 0.5, \"use_primary\": true}\n"}
,{"stream_name":"stdout","time":512.569782018,"data":"SECONDARY_EDGE_TTA_ACTIVE views= 8 weight= 0.75 mean_abs_feat_delta= 0.314236\n"}
,{"stream_name":"stdout","time":512.569814292,"data":"BIOHUB_RETENTION_GUARD {\"blended_candidates\": 120, \"dataset\": \"44b6_0b24845f\", \"frame\": 93, \"minimum_retention\": 0.9, \"primary_candidates\": 240, \"retention\": 0.5, \"use_primary\": true}\n"}
,{"stream_name":"stdout","time":513.358224125,"data":"EDGE_TTA_ACTIVE views= 10 mean_abs_feat_delta= 0.335405\n"}
,{"stream_name":"stdout","time":513.560732437,"data":"EDGE_TTA_ACTIVE views= 10 mean_abs_feat_delta= 0.335405\n"}
,{"stream_name":"stdout","time":513.90073028,"data":"EDGE_TTA_ACTIVE views= 10 mean_abs_feat_delta= 0.34195\n"}
,{"stream_name":"stdout","time":514.103007583,"data":"EDGE_TTA_ACTIVE views= 10 mean_abs_feat_delta= 0.34195\n"}
,{"stream_name":"stdout","time":514.416632964,"data":"SECONDARY_EDGE_TTA_ACTIVE views= 8 weight= 0.75 mean_abs_feat_delta= 0.249091\n"}
,{"stream_name":"stdout","time":514.61895712,"data":"SECONDARY_EDGE_TTA_ACTIVE views= 8 weight= 0.75 mean_abs_feat_delta= 0.249091\n"}
,{"stream_name":"stdout","time":514.970928931,"data":"SECONDARY_EDGE_TTA_ACTIVE views= 8 weight= 0.75 mean_abs_feat_delta= 0.314665\n"}
,{"stream_name":"stdout","time":514.97494526,"data":"BIOHUB_RETENTION_GUARD {\"blended_candidates\": 156, \"dataset\": \"44b6_0b24845f\", \"frame\": 94, \"minimum_retention\": 0.9, \"primary_candidates\": 284, \"retention\": 0.5492957746478874, \"use_primary\": true}\n"}
,{"stream_name":"stdout","time":515.174907646,"data":"SECONDARY_EDGE_TTA_ACTIVE views= 8 weight= 0.75 mean_abs_feat_delta= 0.314665\n"}
,{"stream_name":"stdout","time":515.174938002,"data":"BIOHUB_RETENTION_GUARD {\"blended_candidates\": 156, \"dataset\": \"44b6_0b24845f\", \"frame\": 94, \"minimum_retention\": 0.9, \"primary_candidates\": 284, \"retention\": 0.5492957746478874, \"use_primary\": true}\n"}
,{"stream_name":"stdout","time":515.906716893,"data":"EDGE_TTA_ACTIVE views= 10 mean_abs_feat_delta= 0.337564\n"}
,{"stream_name":"stdout","time":516.109305539,"data":"EDGE_TTA_ACTIVE views= 10 mean_abs_feat_delta= 0.337564\n"}
,{"stream_name":"stdout","time":516.479777354,"data":"EDGE_TTA_ACTIVE views= 10 mean_abs_feat_delta= 0.349752\n"}
,{"stream_name":"stdout","time":516.682120869,"data":"EDGE_TTA_ACTIVE views= 10 mean_abs_feat_delta= 0.349752\n"}
,{"stream_name":"stdout","time":516.968988866,"data":"SECONDARY_EDGE_TTA_ACTIVE views= 8 weight= 0.75 mean_abs_feat_delta= 0.25058\n"}
,{"stream_name":"stdout","time":517.171311346,"data":"SECONDARY_EDGE_TTA_ACTIVE views= 8 weight= 0.75 mean_abs_feat_delta= 0.25058\n"}
,{"stream_name":"stdout","time":517.555440456,"data":"SECONDARY_EDGE_TTA_ACTIVE views= 8 weight= 0.75 mean_abs_feat_delta= 0.321701\n"}
,{"stream_name":"stdout","time":517.560182221,"data":"BIOHUB_RETENTION_GUARD {\"blended_candidates\": 123, \"dataset\": \"44b6_0b24845f\", \"frame\": 95, \"minimum_retention\": 0.9, \"primary_candidates\": 279, \"retention\": 0.44086021505376344, \"use_primary\": true}\n"}
,{"stream_name":"stdout","time":517.757911233,"data":"SECONDARY_EDGE_TTA_ACTIVE views= 8 weight= 0.75 mean_abs_feat_delta= 0.321701\n"}
,{"stream_name":"stdout","time":517.757931276,"data":"BIOHUB_RETENTION_GUARD {\"blended_candidates\": 123, \"dataset\": \"44b6_0b24845f\", \"frame\": 95, \"minimum_retention\": 0.9, \"primary_candidates\": 279, \"retention\": 0.44086021505376344, \"use_primary\": true}\n"}
,{"stream_name":"stdout","time":518.445325888,"data":"EDGE_TTA_ACTIVE views= 10 mean_abs_feat_delta= 0.335409\n"}
,{"stream_name":"stdout","time":518.647803824,"data":"EDGE_TTA_ACTIVE views= 10 mean_abs_feat_delta= 0.335409\n"}
,{"stream_name":"stdout","time":519.085219208,"data":"EDGE_TTA_ACTIVE views= 10 mean_abs_feat_delta= 0.347311\n"}
,{"stream_name":"stdout","time":519.287278495,"data":"EDGE_TTA_ACTIVE views= 10 mean_abs_feat_delta= 0.347311\n"}
,{"stream_name":"stdout","time":519.504675295,"data":"SECONDARY_EDGE_TTA_ACTIVE views= 8 weight= 0.75 mean_abs_feat_delta= 0.25428\n"}
,{"stream_name":"stdout","time":519.70737178,"data":"SECONDARY_EDGE_TTA_ACTIVE views= 8 weight= 0.75 mean_abs_feat_delta= 0.25428\n"}
,{"stream_name":"stdout","time":520.163386696,"data":"SECONDARY_EDGE_TTA_ACTIVE views= 8 weight= 0.75 mean_abs_feat_delta= 0.325788\n"}
,{"stream_name":"stdout","time":520.167630353,"data":"BIOHUB_RETENTION_GUARD {\"blended_candidates\": 115, \"dataset\": \"44b6_0b24845f\", \"frame\": 96, \"minimum_retention\": 0.9, \"primary_candidates\": 267, \"retention\": 0.4307116104868914, \"use_primary\": true}\n"}
,{"stream_name":"stdout","time":520.365984986,"data":"SECONDARY_EDGE_TTA_ACTIVE views= 8 weight= 0.75 mean_abs_feat_delta= 0.325788\n"}
,{"stream_name":"stdout","time":520.366018888,"data":"BIOHUB_RETENTION_GUARD {\"blended_candidates\": 115, \"dataset\": \"44b6_0b24845f\", \"frame\": 96, \"minimum_retention\": 0.9, \"primary_candidates\": 267, \"retention\": 0.4307116104868914, \"use_primary\": true}\n"}
,{"stream_name":"stdout","time":521.672110972,"data":"EDGE_TTA_ACTIVE views= 10 mean_abs_feat_delta= 0.342513\n"}
,{"stream_name":"stdout","time":521.875618442,"data":"EDGE_TTA_ACTIVE views= 10 mean_abs_feat_delta= 0.342513\n"}
,{"stream_name":"stdout","time":522.747407968,"data":"SECONDARY_EDGE_TTA_ACTIVE views= 8 weight= 0.75 mean_abs_feat_delta= 0.328691\n"}
,{"stream_name":"stdout","time":522.752779094,"data":"BIOHUB_RETENTION_GUARD {\"blended_candidates\": 166, \"dataset\": \"44b6_0b24845f\", \"frame\": 97, \"minimum_retention\": 0.9, \"primary_candidates\": 311, \"retention\": 0.5337620578778135, \"use_primary\": true}\n"}
,{"stream_name":"stdout","time":522.949960229,"data":"SECONDARY_EDGE_TTA_ACTIVE views= 8 weight= 0.75 mean_abs_feat_delta= 0.328691\n"}
,{"stream_name":"stdout","time":522.949990308,"data":"BIOHUB_RETENTION_GUARD {\"blended_candidates\": 166, \"dataset\": \"44b6_0b24845f\", \"frame\": 97, \"minimum_retention\": 0.9, \"primary_candidates\": 311, \"retention\": 0.5337620578778135, \"use_primary\": true}\n"}
,{"stream_name":"stdout","time":524.364018952,"data":"EDGE_TTA_ACTIVE views= 10 mean_abs_feat_delta= 0.349762\n"}
,{"stream_name":"stdout","time":524.566681295,"data":"EDGE_TTA_ACTIVE views= 10 mean_abs_feat_delta= 0.349762\n"}
,{"stream_name":"stdout","time":525.441077316,"data":"SECONDARY_EDGE_TTA_ACTIVE views= 8 weight= 0.75 mean_abs_feat_delta= 0.327921\n"}
,{"stream_name":"stdout","time":525.446185186,"data":"BIOHUB_RETENTION_GUARD {\"blended_candidates\": 134, \"dataset\": \"44b6_0b24845f\", \"frame\": 98, \"minimum_retention\": 0.9, \"primary_candidates\": 280, \"retention\": 0.4785714285714286, \"use_primary\": true}\n"}
,{"stream_name":"stdout","time":525.643915369,"data":"SECONDARY_EDGE_TTA_ACTIVE views= 8 weight= 0.75 mean_abs_feat_delta= 0.327921\n"}
,{"stream_name":"stdout","time":525.643942624,"data":"BIOHUB_RETENTION_GUARD {\"blended_candidates\": 134, \"dataset\": \"44b6_0b24845f\", \"frame\": 98, \"minimum_retention\": 0.9, \"primary_candidates\": 280, \"retention\": 0.4785714285714286, \"use_primary\": true}\n"}
,{"stream_name":"stdout","time":527.104906048,"data":"EDGE_TTA_ACTIVE views= 10 mean_abs_feat_delta= 0.348835\n"}
,{"stream_name":"stdout","time":527.307458836,"data":"EDGE_TTA_ACTIVE views= 10 mean_abs_feat_delta= 0.348835\n"}
,{"stream_name":"stdout","time":528.181488106,"data":"SECONDARY_EDGE_TTA_ACTIVE views= 8 weight= 0.75 mean_abs_feat_delta= 0.328126\n"}
,{"stream_name":"stdout","time":528.185866852,"data":"BIOHUB_RETENTION_GUARD {\"blended_candidates\": 85, \"dataset\": \"44b6_0b24845f\", \"frame\": 99, \"minimum_retention\": 0.9, \"primary_candidates\": 222, \"retention\": 0.38288288288288286, \"use_primary\": true}\n"}
,{"stream_name":"stdout","time":528.384342122,"data":"SECONDARY_EDGE_TTA_ACTIVE views= 8 weight= 0.75 mean_abs_feat_delta= 0.328126\n"}
,{"stream_name":"stdout","time":528.384428344,"data":"BIOHUB_RETENTION_GUARD {\"blended_candidates\": 85, \"dataset\": \"44b6_0b24845f\", \"frame\": 99, \"minimum_retention\": 0.9, \"primary_candidates\": 222, \"retention\": 0.38288288288288286, \"use_primary\": true}\n"}
,{"stream_name":"stdout","time":547.760259657,"data":"EDGE_TTA_ACTIVE views= 10 mean_abs_feat_delta= 0.345811\n"}
,{"stream_name":"stdout","time":547.992708973,"data":"EDGE_TTA_ACTIVE views= 10 mean_abs_feat_delta= 0.345811\n"}
,{"stream_name":"stdout","time":548.034026805,"data":"EDGE_TTA_ACTIVE views= 10 mean_abs_feat_delta= 0.330506\n"}
,{"stream_name":"stdout","time":548.236060216,"data":"EDGE_TTA_ACTIVE views= 10 mean_abs_feat_delta= 0.330506\n"}
,{"stream_name":"stdout","time":548.782576399,"data":"SECONDARY_EDGE_TTA_ACTIVE views= 8 weight= 0.75 mean_abs_feat_delta= 0.229197\n"}
,{"stream_name":"stdout","time":548.985038332,"data":"SECONDARY_EDGE_TTA_ACTIVE views= 8 weight= 0.75 mean_abs_feat_delta= 0.229197\n"}
,{"stream_name":"stdout","time":549.087312813,"data":"SECONDARY_EDGE_TTA_ACTIVE views= 8 weight= 0.75 mean_abs_feat_delta= 0.229228\n"}
,{"stream_name":"stdout","time":549.289643855,"data":"SECONDARY_EDGE_TTA_ACTIVE views= 8 weight= 0.75 mean_abs_feat_delta= 0.229228\n"}
,{"stream_name":"stdout","time":550.188303667,"data":"EDGE_TTA_ACTIVE views= 10 mean_abs_feat_delta= 0.349297\n"}
,{"stream_name":"stdout","time":550.390543667,"data":"EDGE_TTA_ACTIVE views= 10 mean_abs_feat_delta= 0.349297\n"}
,{"stream_name":"stdout","time":550.846148954,"data":"EDGE_TTA_ACTIVE views= 10 mean_abs_feat_delta= 0.329564\n"}
,{"stream_name":"stdout","time":551.048542894,"data":"EDGE_TTA_ACTIVE views= 10 mean_abs_feat_delta= 0.329564\n"}
,{"stream_name":"stdout","time":551.224668149,"data":"SECONDARY_EDGE_TTA_ACTIVE views= 8 weight= 0.75 mean_abs_feat_delta= 0.228531\n"}
,{"stream_name":"stdout","time":551.426957194,"data":"SECONDARY_EDGE_TTA_ACTIVE views= 8 weight= 0.75 mean_abs_feat_delta= 0.228531\n"}
,{"stream_name":"stdout","time":551.918067152,"data":"SECONDARY_EDGE_TTA_ACTIVE views= 8 weight= 0.75 mean_abs_feat_delta= 0.231364\n"}
,{"stream_name":"stdout","time":552.120499123,"data":"SECONDARY_EDGE_TTA_ACTIVE views= 8 weight= 0.75 mean_abs_feat_delta= 0.231364\n"}
,{"stream_name":"stdout","time":552.631010938,"data":"EDGE_TTA_ACTIVE views= 10 mean_abs_feat_delta= 0.350721\n"}
,{"stream_name":"stdout","time":552.83332767,"data":"EDGE_TTA_ACTIVE views= 10 mean_abs_feat_delta= 0.350721\n"}
,{"stream_name":"stdout","time":553.627657925,"data":"EDGE_TTA_ACTIVE views= 10 mean_abs_feat_delta= 0.328084\n"}
,{"stream_name":"stdout","time":553.673452098,"data":"SECONDARY_EDGE_TTA_ACTIVE views= 8 weight= 0.75 mean_abs_feat_delta= 0.232233\n"}
,{"stream_name":"stdout","time":553.830083382,"data":"EDGE_TTA_ACTIVE views= 10 mean_abs_feat_delta= 0.328084\n"}
,{"stream_name":"stdout","time":553.830110968,"data":"SECONDARY_EDGE_TTA_ACTIVE views= 8 weight= 0.75 mean_abs_feat_delta= 0.232233\n"}
,{"stream_name":"stdout","time":554.724170261,"data":"SECONDARY_EDGE_TTA_ACTIVE views= 8 weight= 0.75 mean_abs_feat_delta= 0.231505\n"}
,{"stream_name":"stdout","time":554.926411135,"data":"SECONDARY_EDGE_TTA_ACTIVE views= 8 weight= 0.75 mean_abs_feat_delta= 0.231505\n"}
,{"stream_name":"stdout","time":555.076433149,"data":"EDGE_TTA_ACTIVE views= 10 mean_abs_feat_delta= 0.352911\n"}
,{"stream_name":"stdout","time":555.278620662,"data":"EDGE_TTA_ACTIVE views= 10 mean_abs_feat_delta= 0.352911\n"}
,{"stream_name":"stdout","time":556.129365121,"data":"SECONDARY_EDGE_TTA_ACTIVE views= 8 weight= 0.75 mean_abs_feat_delta= 0.231136\n"}
,{"stream_name":"stdout","time":556.332029146,"data":"SECONDARY_EDGE_TTA_ACTIVE views= 8 weight= 0.75 mean_abs_feat_delta= 0.231136\n"}
,{"stream_name":"stdout","time":556.554512409,"data":"EDGE_TTA_ACTIVE views= 10 mean_abs_feat_delta= 0.32487\n"}
,{"stream_name":"stdout","time":556.756835585,"data":"EDGE_TTA_ACTIVE views= 10 mean_abs_feat_delta= 0.32487\n"}
,{"stream_name":"stdout","time":557.55188757,"data":"EDGE_TTA_ACTIVE views= 10 mean_abs_feat_delta= 0.341653\n"}
,{"stream_name":"stdout","time":557.667833248,"data":"SECONDARY_EDGE_TTA_ACTIVE views= 8 weight= 0.75 mean_abs_feat_delta= 0.233103\n"}
,{"stream_name":"stdout","time":557.754172698,"data":"EDGE_TTA_ACTIVE views= 10 mean_abs_feat_delta= 0.341653\n"}
,{"stream_name":"stdout","time":557.754192725,"data":"SECONDARY_EDGE_TTA_ACTIVE views= 8 weight= 0.75 mean_abs_feat_delta= 0.233103\n"}
,{"stream_name":"stdout","time":558.620425127,"data":"SECONDARY_EDGE_TTA_ACTIVE views= 8 weight= 0.75 mean_abs_feat_delta= 0.237962\n"}
,{"stream_name":"stdout","time":558.822878545,"data":"SECONDARY_EDGE_TTA_ACTIVE views= 8 weight= 0.75 mean_abs_feat_delta= 0.237962\n"}
,{"stream_name":"stdout","time":559.450066825,"data":"EDGE_TTA_ACTIVE views= 10 mean_abs_feat_delta= 0.327779\n"}
,{"stream_name":"stdout","time":559.652315995,"data":"EDGE_TTA_ACTIVE views= 10 mean_abs_feat_delta= 0.327779\n"}
,{"stream_name":"stdout","time":560.09659036,"data":"EDGE_TTA_ACTIVE views= 10 mean_abs_feat_delta= 0.358983\n"}
,{"stream_name":"stdout","time":560.298657447,"data":"EDGE_TTA_ACTIVE views= 10 mean_abs_feat_delta= 0.358983\n"}
,{"stream_name":"stdout","time":560.58544424,"data":"SECONDARY_EDGE_TTA_ACTIVE views= 8 weight= 0.75 mean_abs_feat_delta= 0.230713\n"}
,{"stream_name":"stdout","time":560.78775846,"data":"SECONDARY_EDGE_TTA_ACTIVE views= 8 weight= 0.75 mean_abs_feat_delta= 0.230713\n"}
,{"stream_name":"stdout","time":561.176351627,"data":"SECONDARY_EDGE_TTA_ACTIVE views= 8 weight= 0.75 mean_abs_feat_delta= 0.23324\n"}
,{"stream_name":"stdout","time":561.378975364,"data":"SECONDARY_EDGE_TTA_ACTIVE views= 8 weight= 0.75 mean_abs_feat_delta= 0.23324\n"}
,{"stream_name":"stdout","time":562.412379915,"data":"EDGE_TTA_ACTIVE views= 10 mean_abs_feat_delta= 0.327313\n"}
,{"stream_name":"stdout","time":562.614826592,"data":"EDGE_TTA_ACTIVE views= 10 mean_abs_feat_delta= 0.327313\n"}
,{"stream_name":"stdout","time":562.714528302,"data":"EDGE_TTA_ACTIVE views= 10 mean_abs_feat_delta= 0.363096\n"}
,{"stream_name":"stdout","time":562.916971261,"data":"EDGE_TTA_ACTIVE views= 10 mean_abs_feat_delta= 0.363096\n"}
,{"stream_name":"stdout","time":563.569442493,"data":"SECONDARY_EDGE_TTA_ACTIVE views= 8 weight= 0.75 mean_abs_feat_delta= 0.228063\n"}
,{"stream_name":"stdout","time":563.771758352,"data":"SECONDARY_EDGE_TTA_ACTIVE views= 8 weight= 0.75 mean_abs_feat_delta= 0.228063\n"}
,{"stream_name":"stdout","time":563.828091499,"data":"SECONDARY_EDGE_TTA_ACTIVE views= 8 weight= 0.75 mean_abs_feat_delta= 0.233703\n"}
,{"stream_name":"stdout","time":564.030304976,"data":"SECONDARY_EDGE_TTA_ACTIVE views= 8 weight= 0.75 mean_abs_feat_delta= 0.233703\n"}
,{"stream_name":"stdout","time":565.303746687,"data":"EDGE_TTA_ACTIVE views= 10 mean_abs_feat_delta= 0.355823\n"}
,{"stream_name":"stdout","time":565.380225348,"data":"EDGE_TTA_ACTIVE views= 10 mean_abs_feat_delta= 0.327608\n"}
,{"stream_name":"stdout","time":565.505969331,"data":"EDGE_TTA_ACTIVE views= 10 mean_abs_feat_delta= 0.355823\n"}
,{"stream_name":"stdout","time":565.50599104,"data":"EDGE_TTA_ACTIVE views= 10 mean_abs_feat_delta= 0.327608\n"}
,{"stream_name":"stdout","time":566.414619856,"data":"SECONDARY_EDGE_TTA_ACTIVE views= 8 weight= 0.75 mean_abs_feat_delta= 0.23047\n"}
,{"stream_name":"stdout","time":566.563014684,"data":"SECONDARY_EDGE_TTA_ACTIVE views= 8 weight= 0.75 mean_abs_feat_delta= 0.23148\n"}
,{"stream_name":"stdout","time":566.617316861,"data":"SECONDARY_EDGE_TTA_ACTIVE views= 8 weight= 0.75 mean_abs_feat_delta= 0.23047\n"}
,{"stream_name":"stdout","time":566.617347663,"data":"SECONDARY_EDGE_TTA_ACTIVE views= 8 weight= 0.75 mean_abs_feat_delta= 0.23148\n"}
,{"stream_name":"stdout","time":567.944382124,"data":"EDGE_TTA_ACTIVE views= 10 mean_abs_feat_delta= 0.350931\n"}
,{"stream_name":"stdout","time":568.146696235,"data":"EDGE_TTA_ACTIVE views= 10 mean_abs_feat_delta= 0.350931\n"}
,{"stream_name":"stdout","time":568.506886035,"data":"EDGE_TTA_ACTIVE views= 10 mean_abs_feat_delta= 0.326722\n"}
,{"stream_name":"stdout","time":568.709186694,"data":"EDGE_TTA_ACTIVE views= 10 mean_abs_feat_delta= 0.326722\n"}
,{"stream_name":"stdout","time":569.069680503,"data":"SECONDARY_EDGE_TTA_ACTIVE views= 8 weight= 0.75 mean_abs_feat_delta= 0.222866\n"}
,{"stream_name":"stdout","time":569.271752996,"data":"SECONDARY_EDGE_TTA_ACTIVE views= 8 weight= 0.75 mean_abs_feat_delta= 0.222866\n"}
,{"stream_name":"stdout","time":569.708543041,"data":"SECONDARY_EDGE_TTA_ACTIVE views= 8 weight= 0.75 mean_abs_feat_delta= 0.226861\n"}
,{"stream_name":"stdout","time":569.911075254,"data":"SECONDARY_EDGE_TTA_ACTIVE views= 8 weight= 0.75 mean_abs_feat_delta= 0.226861\n"}
,{"stream_name":"stdout","time":570.609423379,"data":"EDGE_TTA_ACTIVE views= 10 mean_abs_feat_delta= 0.352382\n"}
,{"stream_name":"stdout","time":570.811865352,"data":"EDGE_TTA_ACTIVE views= 10 mean_abs_feat_delta= 0.352382\n"}
,{"stream_name":"stdout","time":571.614642857,"data":"EDGE_TTA_ACTIVE views= 10 mean_abs_feat_delta= 0.329245\n"}
,{"stream_name":"stdout","time":571.746963352,"data":"SECONDARY_EDGE_TTA_ACTIVE views= 8 weight= 0.75 mean_abs_feat_delta= 0.223297\n"}
,{"stream_name":"stdout","time":571.816778374,"data":"EDGE_TTA_ACTIVE views= 10 mean_abs_feat_delta= 0.329245\n"}
,{"stream_name":"stdout","time":571.816800657,"data":"SECONDARY_EDGE_TTA_ACTIVE views= 8 weight= 0.75 mean_abs_feat_delta= 0.223297\n"}
,{"stream_name":"stdout","time":572.863718181,"data":"SECONDARY_EDGE_TTA_ACTIVE views= 8 weight= 0.75 mean_abs_feat_delta= 0.226753\n"}
,{"stream_name":"stdout","time":573.066032606,"data":"SECONDARY_EDGE_TTA_ACTIVE views= 8 weight= 0.75 mean_abs_feat_delta= 0.226753\n"}
,{"stream_name":"stdout","time":573.24856028,"data":"EDGE_TTA_ACTIVE views= 10 mean_abs_feat_delta= 0.351451\n"}
,{"stream_name":"stdout","time":573.450836748,"data":"EDGE_TTA_ACTIVE views= 10 mean_abs_feat_delta= 0.351451\n"}
,{"stream_name":"stdout","time":574.383223793,"data":"SECONDARY_EDGE_TTA_ACTIVE views= 8 weight= 0.75 mean_abs_feat_delta= 0.226482\n"}
,{"stream_name":"stdout","time":574.585363607,"data":"SECONDARY_EDGE_TTA_ACTIVE views= 8 weight= 0.75 mean_abs_feat_delta= 0.226482\n"}
,{"stream_name":"stdout","time":574.838107962,"data":"EDGE_TTA_ACTIVE views= 10 mean_abs_feat_delta= 0.332881\n"}
,{"stream_name":"stdout","time":575.040229034,"data":"EDGE_TTA_ACTIVE views= 10 mean_abs_feat_delta= 0.332881\n"}
,{"stream_name":"stdout","time":575.86216367,"data":"EDGE_TTA_ACTIVE views= 10 mean_abs_feat_delta= 0.357478\n"}
,{"stream_name":"stdout","time":576.044432614,"data":"SECONDARY_EDGE_TTA_ACTIVE views= 8 weight= 0.75 mean_abs_feat_delta= 0.229067\n"}
,{"stream_name":"stdout","time":576.064682296,"data":"EDGE_TTA_ACTIVE views= 10 mean_abs_feat_delta= 0.357478\n"}
,{"stream_name":"stdout","time":576.064703142,"data":"SECONDARY_EDGE_TTA_ACTIVE views= 8 weight= 0.75 mean_abs_feat_delta= 0.229067\n"}
,{"stream_name":"stdout","time":576.994892469,"data":"SECONDARY_EDGE_TTA_ACTIVE views= 8 weight= 0.75 mean_abs_feat_delta= 0.229453\n"}
,{"stream_name":"stdout","time":577.19734547,"data":"SECONDARY_EDGE_TTA_ACTIVE views= 8 weight= 0.75 mean_abs_feat_delta= 0.229453\n"}
,{"stream_name":"stdout","time":577.911695344,"data":"EDGE_TTA_ACTIVE views= 10 mean_abs_feat_delta= 0.328438\n"}
,{"stream_name":"stdout","time":578.146709326,"data":"EDGE_TTA_ACTIVE views= 10 mean_abs_feat_delta= 0.328438\n"}
,{"stream_name":"stdout","time":578.532292433,"data":"EDGE_TTA_ACTIVE views= 10 mean_abs_feat_delta= 0.346519\n"}
,{"stream_name":"stdout","time":578.734688372,"data":"EDGE_TTA_ACTIVE views= 10 mean_abs_feat_delta= 0.346519\n"}
,{"stream_name":"stdout","time":579.099713071,"data":"SECONDARY_EDGE_TTA_ACTIVE views= 8 weight= 0.75 mean_abs_feat_delta= 0.224805\n"}
,{"stream_name":"stdout","time":579.30203722,"data":"SECONDARY_EDGE_TTA_ACTIVE views= 8 weight= 0.75 mean_abs_feat_delta= 0.224805\n"}
,{"stream_name":"stdout","time":579.661557584,"data":"SECONDARY_EDGE_TTA_ACTIVE views= 8 weight= 0.75 mean_abs_feat_delta= 0.233899\n"}
,{"stream_name":"stdout","time":579.863905716,"data":"SECONDARY_EDGE_TTA_ACTIVE views= 8 weight= 0.75 mean_abs_feat_delta= 0.233899\n"}
,{"stream_name":"stdout","time":580.937150386,"data":"EDGE_TTA_ACTIVE views= 10 mean_abs_feat_delta= 0.323295\n"}
,{"stream_name":"stdout","time":581.139481488,"data":"EDGE_TTA_ACTIVE views= 10 mean_abs_feat_delta= 0.323295\n"}
,{"stream_name":"stdout","time":581.15064519,"data":"EDGE_TTA_ACTIVE views= 10 mean_abs_feat_delta= 0.359908\n"}
,{"stream_name":"stdout","time":581.352693624,"data":"EDGE_TTA_ACTIVE views= 10 mean_abs_feat_delta= 0.359908\n"}
,{"stream_name":"stdout","time":582.083290622,"data":"SECONDARY_EDGE_TTA_ACTIVE views= 8 weight= 0.75 mean_abs_feat_delta= 0.22475\n"}
,{"stream_name":"stdout","time":582.257443977,"data":"SECONDARY_EDGE_TTA_ACTIVE views= 8 weight= 0.75 mean_abs_feat_delta= 0.228562\n"}
,{"stream_name":"stdout","time":582.286320507,"data":"SECONDARY_EDGE_TTA_ACTIVE views= 8 weight= 0.75 mean_abs_feat_delta= 0.22475\n"}
,{"stream_name":"stdout","time":582.286341279,"data":"SECONDARY_EDGE_TTA_ACTIVE views= 8 weight= 0.75 mean_abs_feat_delta= 0.228562\n"}
,{"stream_name":"stdout","time":583.781028825,"data":"EDGE_TTA_ACTIVE views= 10 mean_abs_feat_delta= 0.353066\n"}
,{"stream_name":"stdout","time":583.962414725,"data":"EDGE_TTA_ACTIVE views= 10 mean_abs_feat_delta= 0.323923\n"}
,{"stream_name":"stdout","time":583.983518329,"data":"EDGE_TTA_ACTIVE views= 10 mean_abs_feat_delta= 0.353066\n"}
,{"stream_name":"stdout","time":583.983538638,"data":"EDGE_TTA_ACTIVE views= 10 mean_abs_feat_delta= 0.323923\n"}
,{"stream_name":"stdout","time":584.873090312,"data":"SECONDARY_EDGE_TTA_ACTIVE views= 8 weight= 0.75 mean_abs_feat_delta= 0.229373\n"}
,{"stream_name":"stdout","time":585.075612037,"data":"SECONDARY_EDGE_TTA_ACTIVE views= 8 weight= 0.75 mean_abs_feat_delta= 0.229373\n"}
,{"stream_name":"stdout","time":585.095086928,"data":"SECONDARY_EDGE_TTA_ACTIVE views= 8 weight= 0.75 mean_abs_feat_delta= 0.223629\n"}
,{"stream_name":"stdout","time":585.297253069,"data":"SECONDARY_EDGE_TTA_ACTIVE views= 8 weight= 0.75 mean_abs_feat_delta= 0.223629\n"}
,{"stream_name":"stdout","time":586.319777865,"data":"EDGE_TTA_ACTIVE views= 10 mean_abs_feat_delta= 0.349882\n"}
,{"stream_name":"stdout","time":586.522290591,"data":"EDGE_TTA_ACTIVE views= 10 mean_abs_feat_delta= 0.349882\n"}
,{"stream_name":"stdout","time":586.900612755,"data":"EDGE_TTA_ACTIVE views= 10 mean_abs_feat_delta= 0.325909\n"}
,{"stream_name":"stdout","time":587.10296794,"data":"EDGE_TTA_ACTIVE views= 10 mean_abs_feat_delta= 0.325909\n"}
,{"stream_name":"stdout","time":587.405089852,"data":"SECONDARY_EDGE_TTA_ACTIVE views= 8 weight= 0.75 mean_abs_feat_delta= 0.228983\n"}
,{"stream_name":"stdout","time":587.607443359,"data":"SECONDARY_EDGE_TTA_ACTIVE views= 8 weight= 0.75 mean_abs_feat_delta= 0.228983\n"}
,{"stream_name":"stdout","time":588.014233117,"data":"SECONDARY_EDGE_TTA_ACTIVE views= 8 weight= 0.75 mean_abs_feat_delta= 0.221381\n"}
,{"stream_name":"stdout","time":588.216406722,"data":"SECONDARY_EDGE_TTA_ACTIVE views= 8 weight= 0.75 mean_abs_feat_delta= 0.221381\n"}
,{"stream_name":"stdout","time":588.82602417,"data":"EDGE_TTA_ACTIVE views= 10 mean_abs_feat_delta= 0.350046\n"}
,{"stream_name":"stdout","time":589.028584891,"data":"EDGE_TTA_ACTIVE views= 10 mean_abs_feat_delta= 0.350046\n"}
,{"stream_name":"stdout","time":589.802042671,"data":"EDGE_TTA_ACTIVE views= 10 mean_abs_feat_delta= 0.327006\n"}
,{"stream_name":"stdout","time":589.900978421,"data":"SECONDARY_EDGE_TTA_ACTIVE views= 8 weight= 0.75 mean_abs_feat_delta= 0.22723\n"}
,{"stream_name":"stdout","time":590.004368086,"data":"EDGE_TTA_ACTIVE views= 10 mean_abs_feat_delta= 0.327006\n"}
,{"stream_name":"stdout","time":590.004420557,"data":"SECONDARY_EDGE_TTA_ACTIVE views= 8 weight= 0.75 mean_abs_feat_delta= 0.22723\n"}
,{"stream_name":"stdout","time":590.901281502,"data":"SECONDARY_EDGE_TTA_ACTIVE views= 8 weight= 0.75 mean_abs_feat_delta= 0.220825\n"}
,{"stream_name":"stdout","time":591.10348145,"data":"SECONDARY_EDGE_TTA_ACTIVE views= 8 weight= 0.75 mean_abs_feat_delta= 0.220825\n"}
,{"stream_name":"stdout","time":591.299046025,"data":"EDGE_TTA_ACTIVE views= 10 mean_abs_feat_delta= 0.354635\n"}
,{"stream_name":"stdout","time":591.501378825,"data":"EDGE_TTA_ACTIVE views= 10 mean_abs_feat_delta= 0.354635\n"}
,{"stream_name":"stdout","time":592.36004822,"data":"SECONDARY_EDGE_TTA_ACTIVE views= 8 weight= 0.75 mean_abs_feat_delta= 0.227184\n"}
,{"stream_name":"stdout","time":592.562400191,"data":"SECONDARY_EDGE_TTA_ACTIVE views= 8 weight= 0.75 mean_abs_feat_delta= 0.227184\n"}
,{"stream_name":"stdout","time":592.679363953,"data":"EDGE_TTA_ACTIVE views= 10 mean_abs_feat_delta= 0.326306\n"}
,{"stream_name":"stdout","time":592.881616234,"data":"EDGE_TTA_ACTIVE views= 10 mean_abs_feat_delta= 0.326306\n"}
,{"stream_name":"stdout","time":593.76506915,"data":"SECONDARY_EDGE_TTA_ACTIVE views= 8 weight= 0.75 mean_abs_feat_delta= 0.220942\n"}
,{"stream_name":"stdout","time":593.773210472,"data":"EDGE_TTA_ACTIVE views= 10 mean_abs_feat_delta= 0.355655\n"}
,{"stream_name":"stdout","time":593.967431699,"data":"SECONDARY_EDGE_TTA_ACTIVE views= 8 weight= 0.75 mean_abs_feat_delta= 0.220942\n"}
,{"stream_name":"stdout","time":593.967454096,"data":"EDGE_TTA_ACTIVE views= 10 mean_abs_feat_delta= 0.355655\n"}
,{"stream_name":"stdout","time":594.831845877,"data":"SECONDARY_EDGE_TTA_ACTIVE views= 8 weight= 0.75 mean_abs_feat_delta= 0.228674\n"}
,{"stream_name":"stdout","time":595.034239257,"data":"SECONDARY_EDGE_TTA_ACTIVE views= 8 weight= 0.75 mean_abs_feat_delta= 0.228674\n"}
,{"stream_name":"stdout","time":595.523306531,"data":"EDGE_TTA_ACTIVE views= 10 mean_abs_feat_delta= 0.326468\n"}
,{"stream_name":"stdout","time":595.725762151,"data":"EDGE_TTA_ACTIVE views= 10 mean_abs_feat_delta= 0.326468\n"}
,{"stream_name":"stdout","time":596.241157206,"data":"EDGE_TTA_ACTIVE views= 10 mean_abs_feat_delta= 0.358453\n"}
,{"stream_name":"stdout","time":596.443440528,"data":"EDGE_TTA_ACTIVE views= 10 mean_abs_feat_delta= 0.358453\n"}
,{"stream_name":"stdout","time":596.597688248,"data":"SECONDARY_EDGE_TTA_ACTIVE views= 8 weight= 0.75 mean_abs_feat_delta= 0.220064\n"}
,{"stream_name":"stdout","time":596.799860597,"data":"SECONDARY_EDGE_TTA_ACTIVE views= 8 weight= 0.75 mean_abs_feat_delta= 0.220064\n"}
,{"stream_name":"stdout","time":597.288920834,"data":"SECONDARY_EDGE_TTA_ACTIVE views= 8 weight= 0.75 mean_abs_feat_delta= 0.22969\n"}
,{"stream_name":"stdout","time":597.491294109,"data":"SECONDARY_EDGE_TTA_ACTIVE views= 8 weight= 0.75 mean_abs_feat_delta= 0.22969\n"}
,{"stream_name":"stdout","time":598.334297549,"data":"EDGE_TTA_ACTIVE views= 10 mean_abs_feat_delta= 0.326114\n"}
,{"stream_name":"stdout","time":598.536732879,"data":"EDGE_TTA_ACTIVE views= 10 mean_abs_feat_delta= 0.326114\n"}
,{"stream_name":"stdout","time":598.725338036,"data":"EDGE_TTA_ACTIVE views= 10 mean_abs_feat_delta= 0.358802\n"}
,{"stream_name":"stdout","time":598.927687455,"data":"EDGE_TTA_ACTIVE views= 10 mean_abs_feat_delta= 0.358802\n"}
,{"stream_name":"stdout","time":599.397928871,"data":"SECONDARY_EDGE_TTA_ACTIVE views= 8 weight= 0.75 mean_abs_feat_delta= 0.219385\n"}
,{"stream_name":"stdout","time":599.600488663,"data":"SECONDARY_EDGE_TTA_ACTIVE views= 8 weight= 0.75 mean_abs_feat_delta= 0.219385\n"}
,{"stream_name":"stdout","time":599.774715093,"data":"SECONDARY_EDGE_TTA_ACTIVE views= 8 weight= 0.75 mean_abs_feat_delta= 0.227887\n"}
,{"stream_name":"stdout","time":599.977071667,"data":"SECONDARY_EDGE_TTA_ACTIVE views= 8 weight= 0.75 mean_abs_feat_delta= 0.227887\n"}
,{"stream_name":"stdout","time":601.142219724,"data":"EDGE_TTA_ACTIVE views= 10 mean_abs_feat_delta= 0.357716\n"}
,{"stream_name":"stdout","time":601.149393815,"data":"EDGE_TTA_ACTIVE views= 10 mean_abs_feat_delta= 0.326584\n"}
,{"stream_name":"stdout","time":601.344607152,"data":"EDGE_TTA_ACTIVE views= 10 mean_abs_feat_delta= 0.357716\n"}
,{"stream_name":"stdout","time":601.3446459,"data":"EDGE_TTA_ACTIVE views= 10 mean_abs_feat_delta= 0.326584\n"}
,{"stream_name":"stdout","time":602.180250883,"data":"SECONDARY_EDGE_TTA_ACTIVE views= 8 weight= 0.75 mean_abs_feat_delta= 0.229597\n"}
,{"stream_name":"stdout","time":602.205630611,"data":"SECONDARY_EDGE_TTA_ACTIVE views= 8 weight= 0.75 mean_abs_feat_delta= 0.221891\n"}
,{"stream_name":"stdout","time":602.382940908,"data":"SECONDARY_EDGE_TTA_ACTIVE views= 8 weight= 0.75 mean_abs_feat_delta= 0.229597\n"}
,{"stream_name":"stdout","time":602.382969095,"data":"SECONDARY_EDGE_TTA_ACTIVE views= 8 weight= 0.75 mean_abs_feat_delta= 0.221891\n"}
,{"stream_name":"stdout","time":603.60218595,"data":"EDGE_TTA_ACTIVE views= 10 mean_abs_feat_delta= 0.36287\n"}
,{"stream_name":"stdout","time":603.804611324,"data":"EDGE_TTA_ACTIVE views= 10 mean_abs_feat_delta= 0.36287\n"}
,{"stream_name":"stdout","time":603.955598749,"data":"EDGE_TTA_ACTIVE views= 10 mean_abs_feat_delta= 0.320159\n"}
,{"stream_name":"stdout","time":604.15773284,"data":"EDGE_TTA_ACTIVE views= 10 mean_abs_feat_delta= 0.320159\n"}
,{"stream_name":"stdout","time":604.638714778,"data":"SECONDARY_EDGE_TTA_ACTIVE views= 8 weight= 0.75 mean_abs_feat_delta= 0.229355\n"}
,{"stream_name":"stdout","time":604.840805081,"data":"SECONDARY_EDGE_TTA_ACTIVE views= 8 weight= 0.75 mean_abs_feat_delta= 0.229355\n"}
,{"stream_name":"stdout","time":605.003446587,"data":"SECONDARY_EDGE_TTA_ACTIVE views= 8 weight= 0.75 mean_abs_feat_delta= 0.22287\n"}
,{"stream_name":"stdout","time":605.205927701,"data":"SECONDARY_EDGE_TTA_ACTIVE views= 8 weight= 0.75 mean_abs_feat_delta= 0.22287\n"}
,{"stream_name":"stdout","time":606.077385275,"data":"EDGE_TTA_ACTIVE views= 10 mean_abs_feat_delta= 0.361019\n"}
,{"stream_name":"stdout","time":606.279637442,"data":"EDGE_TTA_ACTIVE views= 10 mean_abs_feat_delta= 0.361019\n"}
,{"stream_name":"stdout","time":606.670696827,"data":"EDGE_TTA_ACTIVE views= 10 mean_abs_feat_delta= 0.324638\n"}
,{"stream_name":"stdout","time":606.872887769,"data":"EDGE_TTA_ACTIVE views= 10 mean_abs_feat_delta= 0.324638\n"}
,{"stream_name":"stdout","time":607.110007161,"data":"SECONDARY_EDGE_TTA_ACTIVE views= 8 weight= 0.75 mean_abs_feat_delta= 0.228164\n"}
,{"stream_name":"stdout","time":607.312105868,"data":"SECONDARY_EDGE_TTA_ACTIVE views= 8 weight= 0.75 mean_abs_feat_delta= 0.228164\n"}
,{"stream_name":"stdout","time":607.718423007,"data":"SECONDARY_EDGE_TTA_ACTIVE views= 8 weight= 0.75 mean_abs_feat_delta= 0.226905\n"}
,{"stream_name":"stdout","time":607.920777004,"data":"SECONDARY_EDGE_TTA_ACTIVE views= 8 weight= 0.75 mean_abs_feat_delta= 0.226905\n"}
,{"stream_name":"stdout","time":608.490426681,"data":"EDGE_TTA_ACTIVE views= 10 mean_abs_feat_delta= 0.358268\n"}
,{"stream_name":"stdout","time":608.728248699,"data":"EDGE_TTA_ACTIVE views= 10 mean_abs_feat_delta= 0.358268\n"}
,{"stream_name":"stdout","time":609.465498594,"data":"EDGE_TTA_ACTIVE views= 10 mean_abs_feat_delta= 0.324371\n"}
,{"stream_name":"stdout","time":609.522098669,"data":"SECONDARY_EDGE_TTA_ACTIVE views= 8 weight= 0.75 mean_abs_feat_delta= 0.230204\n"}
,{"stream_name":"stdout","time":609.667943352,"data":"EDGE_TTA_ACTIVE views= 10 mean_abs_feat_delta= 0.324371\n"}
,{"stream_name":"stdout","time":609.667969252,"data":"SECONDARY_EDGE_TTA_ACTIVE views= 8 weight= 0.75 mean_abs_feat_delta= 0.230204\n"}
,{"stream_name":"stdout","time":610.506796237,"data":"SECONDARY_EDGE_TTA_ACTIVE views= 8 weight= 0.75 mean_abs_feat_delta= 0.227329\n"}
,{"stream_name":"stdout","time":610.70924915,"data":"SECONDARY_EDGE_TTA_ACTIVE views= 8 weight= 0.75 mean_abs_feat_delta= 0.227329\n"}
,{"stream_name":"stdout","time":610.942996944,"data":"EDGE_TTA_ACTIVE views= 10 mean_abs_feat_delta= 0.361194\n"}
,{"stream_name":"stdout","time":611.143437366,"data":"EDGE_TTA_ACTIVE views= 10 mean_abs_feat_delta= 0.361194\n"}
,{"stream_name":"stdout","time":611.973572989,"data":"SECONDARY_EDGE_TTA_ACTIVE views= 8 weight= 0.75 mean_abs_feat_delta= 0.229792\n"}
,{"stream_name":"stdout","time":612.176175767,"data":"SECONDARY_EDGE_TTA_ACTIVE views= 8 weight= 0.75 mean_abs_feat_delta= 0.229792\n"}
,{"stream_name":"stdout","time":612.215152348,"data":"EDGE_TTA_ACTIVE views= 10 mean_abs_feat_delta= 0.323362\n"}
,{"stream_name":"stdout","time":612.417484496,"data":"EDGE_TTA_ACTIVE views= 10 mean_abs_feat_delta= 0.323362\n"}
,{"stream_name":"stdout","time":613.260104115,"data":"SECONDARY_EDGE_TTA_ACTIVE views= 8 weight= 0.75 mean_abs_feat_delta= 0.227094\n"}
,{"stream_name":"stdout","time":613.339489421,"data":"EDGE_TTA_ACTIVE views= 10 mean_abs_feat_delta= 0.365006\n"}
,{"stream_name":"stdout","time":613.462384932,"data":"SECONDARY_EDGE_TTA_ACTIVE views= 8 weight= 0.75 mean_abs_feat_delta= 0.227094\n"}
,{"stream_name":"stdout","time":613.462407156,"data":"EDGE_TTA_ACTIVE views= 10 mean_abs_feat_delta= 0.365006\n"}
,{"stream_name":"stdout","time":614.367032174,"data":"SECONDARY_EDGE_TTA_ACTIVE views= 8 weight= 0.75 mean_abs_feat_delta= 0.231598\n"}
,{"stream_name":"stdout","time":614.569633623,"data":"SECONDARY_EDGE_TTA_ACTIVE views= 8 weight= 0.75 mean_abs_feat_delta= 0.231598\n"}
,{"stream_name":"stdout","time":615.026212483,"data":"EDGE_TTA_ACTIVE views= 10 mean_abs_feat_delta= 0.324972\n"}
,{"stream_name":"stdout","time":615.228425244,"data":"EDGE_TTA_ACTIVE views= 10 mean_abs_feat_delta= 0.324972\n"}
,{"stream_name":"stdout","time":615.752036595,"data":"EDGE_TTA_ACTIVE views= 10 mean_abs_feat_delta= 0.355569\n"}
,{"stream_name":"stdout","time":615.954432838,"data":"EDGE_TTA_ACTIVE views= 10 mean_abs_feat_delta= 0.355569\n"}
,{"stream_name":"stdout","time":616.07119911,"data":"SECONDARY_EDGE_TTA_ACTIVE views= 8 weight= 0.75 mean_abs_feat_delta= 0.228038\n"}
,{"stream_name":"stdout","time":616.273537161,"data":"SECONDARY_EDGE_TTA_ACTIVE views= 8 weight= 0.75 mean_abs_feat_delta= 0.228038\n"}
,{"stream_name":"stdout","time":616.783825166,"data":"SECONDARY_EDGE_TTA_ACTIVE views= 8 weight= 0.75 mean_abs_feat_delta= 0.237748\n"}
,{"stream_name":"stdout","time":616.98643673,"data":"SECONDARY_EDGE_TTA_ACTIVE views= 8 weight= 0.75 mean_abs_feat_delta= 0.237748\n"}
,{"stream_name":"stdout","time":617.835282922,"data":"EDGE_TTA_ACTIVE views= 10 mean_abs_feat_delta= 0.32288\n"}
,{"stream_name":"stdout","time":618.037495303,"data":"EDGE_TTA_ACTIVE views= 10 mean_abs_feat_delta= 0.32288\n"}
,{"stream_name":"stdout","time":618.170421771,"data":"EDGE_TTA_ACTIVE views= 10 mean_abs_feat_delta= 0.366613\n"}
,{"stream_name":"stdout","time":618.372591071,"data":"EDGE_TTA_ACTIVE views= 10 mean_abs_feat_delta= 0.366613\n"}
,{"stream_name":"stdout","time":618.87838561,"data":"SECONDARY_EDGE_TTA_ACTIVE views= 8 weight= 0.75 mean_abs_feat_delta= 0.226869\n"}
,{"stream_name":"stdout","time":619.080982344,"data":"SECONDARY_EDGE_TTA_ACTIVE views= 8 weight= 0.75 mean_abs_feat_delta= 0.226869\n"}
,{"stream_name":"stdout","time":619.20409251,"data":"SECONDARY_EDGE_TTA_ACTIVE views= 8 weight= 0.75 mean_abs_feat_delta= 0.229174\n"}
,{"stream_name":"stdout","time":619.40654734,"data":"SECONDARY_EDGE_TTA_ACTIVE views= 8 weight= 0.75 mean_abs_feat_delta= 0.229174\n"}
,{"stream_name":"stdout","time":620.5318394,"data":"EDGE_TTA_ACTIVE views= 10 mean_abs_feat_delta= 0.319776\n"}
,{"stream_name":"stdout","time":620.646583145,"data":"EDGE_TTA_ACTIVE views= 10 mean_abs_feat_delta= 0.368053\n"}
,{"stream_name":"stdout","time":620.734462843,"data":"EDGE_TTA_ACTIVE views= 10 mean_abs_feat_delta= 0.319776\n"}
,{"stream_name":"stdout","time":620.734484183,"data":"EDGE_TTA_ACTIVE views= 10 mean_abs_feat_delta= 0.368053\n"}
,{"stream_name":"stdout","time":621.578536467,"data":"SECONDARY_EDGE_TTA_ACTIVE views= 8 weight= 0.75 mean_abs_feat_delta= 0.219975\n"}
,{"stream_name":"stdout","time":621.683314042,"data":"SECONDARY_EDGE_TTA_ACTIVE views= 8 weight= 0.75 mean_abs_feat_delta= 0.23239\n"}
,{"stream_name":"stdout","time":621.780971422,"data":"SECONDARY_EDGE_TTA_ACTIVE views= 8 weight= 0.75 mean_abs_feat_delta= 0.219975\n"}
,{"stream_name":"stdout","time":621.781004212,"data":"SECONDARY_EDGE_TTA_ACTIVE views= 8 weight= 0.75 mean_abs_feat_delta= 0.23239\n"}
,{"stream_name":"stdout","time":623.121890147,"data":"EDGE_TTA_ACTIVE views= 10 mean_abs_feat_delta= 0.371221\n"}
,{"stream_name":"stdout","time":623.324469768,"data":"EDGE_TTA_ACTIVE views= 10 mean_abs_feat_delta= 0.371221\n"}
,{"stream_name":"stdout","time":623.346793631,"data":"EDGE_TTA_ACTIVE views= 10 mean_abs_feat_delta= 0.325155\n"}
,{"stream_name":"stdout","time":623.54895898,"data":"EDGE_TTA_ACTIVE views= 10 mean_abs_feat_delta= 0.325155\n"}
,{"stream_name":"stdout","time":624.160488669,"data":"SECONDARY_EDGE_TTA_ACTIVE views= 8 weight= 0.75 mean_abs_feat_delta= 0.233543\n"}
,{"stream_name":"stdout","time":624.362691577,"data":"SECONDARY_EDGE_TTA_ACTIVE views= 8 weight= 0.75 mean_abs_feat_delta= 0.233543\n"}
,{"stream_name":"stdout","time":624.399792325,"data":"SECONDARY_EDGE_TTA_ACTIVE views= 8 weight= 0.75 mean_abs_feat_delta= 0.22725\n"}
,{"stream_name":"stdout","time":624.601801934,"data":"SECONDARY_EDGE_TTA_ACTIVE views= 8 weight= 0.75 mean_abs_feat_delta= 0.22725\n"}
,{"stream_name":"stdout","time":625.538037469,"data":"EDGE_TTA_ACTIVE views= 10 mean_abs_feat_delta= 0.368669\n"}
,{"stream_name":"stdout","time":625.740386204,"data":"EDGE_TTA_ACTIVE views= 10 mean_abs_feat_delta= 0.368669\n"}
,{"stream_name":"stdout","time":626.147812512,"data":"EDGE_TTA_ACTIVE views= 10 mean_abs_feat_delta= 0.31724\n"}
,{"stream_name":"stdout","time":626.350018247,"data":"EDGE_TTA_ACTIVE views= 10 mean_abs_feat_delta= 0.31724\n"}
,{"stream_name":"stdout","time":626.578273542,"data":"SECONDARY_EDGE_TTA_ACTIVE views= 8 weight= 0.75 mean_abs_feat_delta= 0.230711\n"}
,{"stream_name":"stdout","time":626.780823663,"data":"SECONDARY_EDGE_TTA_ACTIVE views= 8 weight= 0.75 mean_abs_feat_delta= 0.230711\n"}
,{"stream_name":"stdout","time":627.206367761,"data":"SECONDARY_EDGE_TTA_ACTIVE views= 8 weight= 0.75 mean_abs_feat_delta= 0.225732\n"}
,{"stream_name":"stdout","time":627.408727822,"data":"SECONDARY_EDGE_TTA_ACTIVE views= 8 weight= 0.75 mean_abs_feat_delta= 0.225732\n"}
,{"stream_name":"stdout","time":628.039116114,"data":"EDGE_TTA_ACTIVE views= 10 mean_abs_feat_delta= 0.363425\n"}
,{"stream_name":"stdout","time":628.241323687,"data":"EDGE_TTA_ACTIVE views= 10 mean_abs_feat_delta= 0.363425\n"}
,{"stream_name":"stdout","time":628.968971946,"data":"EDGE_TTA_ACTIVE views= 10 mean_abs_feat_delta= 0.32337\n"}
,{"stream_name":"stdout","time":629.083152869,"data":"SECONDARY_EDGE_TTA_ACTIVE views= 8 weight= 0.75 mean_abs_feat_delta= 0.230076\n"}
,{"stream_name":"stdout","time":629.171239448,"data":"EDGE_TTA_ACTIVE views= 10 mean_abs_feat_delta= 0.32337\n"}
,{"stream_name":"stdout","time":629.171267092,"data":"SECONDARY_EDGE_TTA_ACTIVE views= 8 weight= 0.75 mean_abs_feat_delta= 0.230076\n"}
,{"stream_name":"stdout","time":630.024560196,"data":"SECONDARY_EDGE_TTA_ACTIVE views= 8 weight= 0.75 mean_abs_feat_delta= 0.229625\n"}
,{"stream_name":"stdout","time":630.226980782,"data":"SECONDARY_EDGE_TTA_ACTIVE views= 8 weight= 0.75 mean_abs_feat_delta= 0.229625\n"}
,{"stream_name":"stdout","time":630.481351731,"data":"EDGE_TTA_ACTIVE views= 10 mean_abs_feat_delta= 0.361628\n"}
,{"stream_name":"stdout","time":630.683672533,"data":"EDGE_TTA_ACTIVE views= 10 mean_abs_feat_delta= 0.361628\n"}
,{"stream_name":"stdout","time":631.526835406,"data":"SECONDARY_EDGE_TTA_ACTIVE views= 8 weight= 0.75 mean_abs_feat_delta= 0.23\n"}
,{"stream_name":"stdout","time":631.729175046,"data":"SECONDARY_EDGE_TTA_ACTIVE views= 8 weight= 0.75 mean_abs_feat_delta= 0.23\n"}
,{"stream_name":"stdout","time":631.763184578,"data":"EDGE_TTA_ACTIVE views= 10 mean_abs_feat_delta= 0.325874\n"}
,{"stream_name":"stdout","time":631.96578102,"data":"EDGE_TTA_ACTIVE views= 10 mean_abs_feat_delta= 0.325874\n"}
,{"stream_name":"stdout","time":632.823934476,"data":"SECONDARY_EDGE_TTA_ACTIVE views= 8 weight= 0.75 mean_abs_feat_delta= 0.229021\n"}
,{"stream_name":"stdout","time":632.904792677,"data":"EDGE_TTA_ACTIVE views= 10 mean_abs_feat_delta= 0.365582\n"}
,{"stream_name":"stdout","time":633.026320137,"data":"SECONDARY_EDGE_TTA_ACTIVE views= 8 weight= 0.75 mean_abs_feat_delta= 0.229021\n"}
,{"stream_name":"stdout","time":633.026345177,"data":"EDGE_TTA_ACTIVE views= 10 mean_abs_feat_delta= 0.365582\n"}
,{"stream_name":"stdout","time":633.955188016,"data":"SECONDARY_EDGE_TTA_ACTIVE views= 8 weight= 0.75 mean_abs_feat_delta= 0.231427\n"}
,{"stream_name":"stdout","time":634.157748902,"data":"SECONDARY_EDGE_TTA_ACTIVE views= 8 weight= 0.75 mean_abs_feat_delta= 0.231427\n"}
,{"stream_name":"stdout","time":634.643334351,"data":"EDGE_TTA_ACTIVE views= 10 mean_abs_feat_delta= 0.321951\n"}
,{"stream_name":"stdout","time":634.845800673,"data":"EDGE_TTA_ACTIVE views= 10 mean_abs_feat_delta= 0.321951\n"}
,{"stream_name":"stdout","time":635.367002344,"data":"EDGE_TTA_ACTIVE views= 10 mean_abs_feat_delta= 0.369151\n"}
,{"stream_name":"stdout","time":635.569451113,"data":"EDGE_TTA_ACTIVE views= 10 mean_abs_feat_delta= 0.369151\n"}
,{"stream_name":"stdout","time":635.714562047,"data":"SECONDARY_EDGE_TTA_ACTIVE views= 8 weight= 0.75 mean_abs_feat_delta= 0.229917\n"}
,{"stream_name":"stdout","time":635.916619096,"data":"SECONDARY_EDGE_TTA_ACTIVE views= 8 weight= 0.75 mean_abs_feat_delta= 0.229917\n"}
,{"stream_name":"stdout","time":636.421748418,"data":"SECONDARY_EDGE_TTA_ACTIVE views= 8 weight= 0.75 mean_abs_feat_delta= 0.229981\n"}
,{"stream_name":"stdout","time":636.624047813,"data":"SECONDARY_EDGE_TTA_ACTIVE views= 8 weight= 0.75 mean_abs_feat_delta= 0.229981\n"}
,{"stream_name":"stdout","time":637.433303026,"data":"EDGE_TTA_ACTIVE views= 10 mean_abs_feat_delta= 0.324834\n"}
,{"stream_name":"stdout","time":637.635683565,"data":"EDGE_TTA_ACTIVE views= 10 mean_abs_feat_delta= 0.324834\n"}
,{"stream_name":"stdout","time":637.868182052,"data":"EDGE_TTA_ACTIVE views= 10 mean_abs_feat_delta= 0.3675\n"}
,{"stream_name":"stdout","time":638.070318785,"data":"EDGE_TTA_ACTIVE views= 10 mean_abs_feat_delta= 0.3675\n"}
,{"stream_name":"stdout","time":638.510660914,"data":"SECONDARY_EDGE_TTA_ACTIVE views= 8 weight= 0.75 mean_abs_feat_delta= 0.232737\n"}
,{"stream_name":"stdout","time":638.712945298,"data":"SECONDARY_EDGE_TTA_ACTIVE views= 8 weight= 0.75 mean_abs_feat_delta= 0.232737\n"}
,{"stream_name":"stdout","time":638.931701311,"data":"SECONDARY_EDGE_TTA_ACTIVE views= 8 weight= 0.75 mean_abs_feat_delta= 0.229437\n"}
,{"stream_name":"stdout","time":639.171808763,"data":"SECONDARY_EDGE_TTA_ACTIVE views= 8 weight= 0.75 mean_abs_feat_delta= 0.229437\n"}
,{"stream_name":"stdout","time":640.270245957,"data":"EDGE_TTA_ACTIVE views= 10 mean_abs_feat_delta= 0.324127\n"}
,{"stream_name":"stdout","time":640.329950939,"data":"EDGE_TTA_ACTIVE views= 10 mean_abs_feat_delta= 0.360457\n"}
,{"stream_name":"stdout","time":640.472405186,"data":"EDGE_TTA_ACTIVE views= 10 mean_abs_feat_delta= 0.324127\n"}
,{"stream_name":"stdout","time":640.472423621,"data":"EDGE_TTA_ACTIVE views= 10 mean_abs_feat_delta= 0.360457\n"}
,{"stream_name":"stdout","time":641.348242768,"data":"SECONDARY_EDGE_TTA_ACTIVE views= 8 weight= 0.75 mean_abs_feat_delta= 0.227525\n"}
,{"stream_name":"stdout","time":641.391342244,"data":"SECONDARY_EDGE_TTA_ACTIVE views= 8 weight= 0.75 mean_abs_feat_delta= 0.229485\n"}
,{"stream_name":"stdout","time":641.550433517,"data":"SECONDARY_EDGE_TTA_ACTIVE views= 8 weight= 0.75 mean_abs_feat_delta= 0.227525\n"}
,{"stream_name":"stdout","time":641.55046236,"data":"SECONDARY_EDGE_TTA_ACTIVE views= 8 weight= 0.75 mean_abs_feat_delta= 0.229485\n"}
,{"stream_name":"stdout","time":642.81325822,"data":"EDGE_TTA_ACTIVE views= 10 mean_abs_feat_delta= 0.358336\n"}
,{"stream_name":"stdout","time":643.015761329,"data":"EDGE_TTA_ACTIVE views= 10 mean_abs_feat_delta= 0.358336\n"}
,{"stream_name":"stdout","time":643.132633241,"data":"EDGE_TTA_ACTIVE views= 10 mean_abs_feat_delta= 0.325027\n"}
,{"stream_name":"stdout","time":643.334871094,"data":"EDGE_TTA_ACTIVE views= 10 mean_abs_feat_delta= 0.325027\n"}
,{"stream_name":"stdout","time":643.881116369,"data":"SECONDARY_EDGE_TTA_ACTIVE views= 8 weight= 0.75 mean_abs_feat_delta= 0.234306\n"}
,{"stream_name":"stdout","time":644.083733166,"data":"SECONDARY_EDGE_TTA_ACTIVE views= 8 weight= 0.75 mean_abs_feat_delta= 0.234306\n"}
,{"stream_name":"stdout","time":644.219602154,"data":"SECONDARY_EDGE_TTA_ACTIVE views= 8 weight= 0.75 mean_abs_feat_delta= 0.228923\n"}
,{"stream_name":"stdout","time":644.421947243,"data":"SECONDARY_EDGE_TTA_ACTIVE views= 8 weight= 0.75 mean_abs_feat_delta= 0.228923\n"}
,{"stream_name":"stdout","time":645.338760365,"data":"EDGE_TTA_ACTIVE views= 10 mean_abs_feat_delta= 0.359627\n"}
,{"stream_name":"stdout","time":645.541167159,"data":"EDGE_TTA_ACTIVE views= 10 mean_abs_feat_delta= 0.359627\n"}
,{"stream_name":"stdout","time":646.010099467,"data":"EDGE_TTA_ACTIVE views= 10 mean_abs_feat_delta= 0.328328\n"}
,{"stream_name":"stdout","time":646.212174055,"data":"EDGE_TTA_ACTIVE views= 10 mean_abs_feat_delta= 0.328328\n"}
,{"stream_name":"stdout","time":646.413808356,"data":"SECONDARY_EDGE_TTA_ACTIVE views= 8 weight= 0.75 mean_abs_feat_delta= 0.235733\n"}
,{"stream_name":"stdout","time":646.615947057,"data":"SECONDARY_EDGE_TTA_ACTIVE views= 8 weight= 0.75 mean_abs_feat_delta= 0.235733\n"}
,{"stream_name":"stdout","time":647.098991221,"data":"SECONDARY_EDGE_TTA_ACTIVE views= 8 weight= 0.75 mean_abs_feat_delta= 0.234703\n"}
,{"stream_name":"stdout","time":647.301543909,"data":"SECONDARY_EDGE_TTA_ACTIVE views= 8 weight= 0.75 mean_abs_feat_delta= 0.234703\n"}
,{"stream_name":"stdout","time":647.907292133,"data":"EDGE_TTA_ACTIVE views= 10 mean_abs_feat_delta= 0.363054\n"}
,{"stream_name":"stdout","time":648.109918859,"data":"EDGE_TTA_ACTIVE views= 10 mean_abs_feat_delta= 0.363054\n"}
,{"stream_name":"stdout","time":648.832412136,"data":"EDGE_TTA_ACTIVE views= 10 mean_abs_feat_delta= 0.32396\n"}
,{"stream_name":"stdout","time":648.982614563,"data":"SECONDARY_EDGE_TTA_ACTIVE views= 8 weight= 0.75 mean_abs_feat_delta= 0.231775\n"}
,{"stream_name":"stdout","time":649.034474278,"data":"EDGE_TTA_ACTIVE views= 10 mean_abs_feat_delta= 0.32396\n"}
,{"stream_name":"stdout","time":649.034497491,"data":"SECONDARY_EDGE_TTA_ACTIVE views= 8 weight= 0.75 mean_abs_feat_delta= 0.231775\n"}
,{"stream_name":"stdout","time":649.92482952,"data":"SECONDARY_EDGE_TTA_ACTIVE views= 8 weight= 0.75 mean_abs_feat_delta= 0.228868\n"}
,{"stream_name":"stdout","time":650.12722607,"data":"SECONDARY_EDGE_TTA_ACTIVE views= 8 weight= 0.75 mean_abs_feat_delta= 0.228868\n"}
,{"stream_name":"stdout","time":650.449816967,"data":"EDGE_TTA_ACTIVE views= 10 mean_abs_feat_delta= 0.360642\n"}
,{"stream_name":"stdout","time":650.652096827,"data":"EDGE_TTA_ACTIVE views= 10 mean_abs_feat_delta= 0.360642\n"}
,{"stream_name":"stdout","time":651.526492152,"data":"SECONDARY_EDGE_TTA_ACTIVE views= 8 weight= 0.75 mean_abs_feat_delta= 0.227854\n"}
,{"stream_name":"stdout","time":651.668428275,"data":"EDGE_TTA_ACTIVE views= 10 mean_abs_feat_delta= 0.326763\n"}
,{"stream_name":"stdout","time":651.729017588,"data":"SECONDARY_EDGE_TTA_ACTIVE views= 8 weight= 0.75 mean_abs_feat_delta= 0.227854\n"}
,{"stream_name":"stdout","time":651.729039946,"data":"EDGE_TTA_ACTIVE views= 10 mean_abs_feat_delta= 0.326763\n"}
,{"stream_name":"stdout","time":652.760389199,"data":"SECONDARY_EDGE_TTA_ACTIVE views= 8 weight= 0.75 mean_abs_feat_delta= 0.229406\n"}
,{"stream_name":"stdout","time":652.962991612,"data":"SECONDARY_EDGE_TTA_ACTIVE views= 8 weight= 0.75 mean_abs_feat_delta= 0.229406\n"}
,{"stream_name":"stdout","time":652.964184529,"data":"EDGE_TTA_ACTIVE views= 10 mean_abs_feat_delta= 0.345403\n"}
,{"stream_name":"stdout","time":653.166482176,"data":"EDGE_TTA_ACTIVE views= 10 mean_abs_feat_delta= 0.345403\n"}
,{"stream_name":"stdout","time":654.040933885,"data":"SECONDARY_EDGE_TTA_ACTIVE views= 8 weight= 0.75 mean_abs_feat_delta= 0.232249\n"}
,{"stream_name":"stdout","time":654.045038728,"data":"BIOHUB_RETENTION_GUARD {\"blended_candidates\": 66, \"dataset\": \"6bba_05b6850b\", \"frame\": 43, \"minimum_retention\": 0.9, \"primary_candidates\": 75, \"retention\": 0.88, \"use_primary\": true}\n"}
,{"stream_name":"stdout","time":654.243304951,"data":"SECONDARY_EDGE_TTA_ACTIVE views= 8 weight= 0.75 mean_abs_feat_delta= 0.232249\n"}
,{"stream_name":"stdout","time":654.243338413,"data":"BIOHUB_RETENTION_GUARD {\"blended_candidates\": 66, \"dataset\": \"6bba_05b6850b\", \"frame\": 43, \"minimum_retention\": 0.9, \"primary_candidates\": 75, \"retention\": 0.88, \"use_primary\": true}\n"}
,{"stream_name":"stdout","time":654.476495594,"data":"EDGE_TTA_ACTIVE views= 10 mean_abs_feat_delta= 0.326839\n"}
,{"stream_name":"stdout","time":654.678876859,"data":"EDGE_TTA_ACTIVE views= 10 mean_abs_feat_delta= 0.326839\n"}
,{"stream_name":"stdout","time":655.453686791,"data":"EDGE_TTA_ACTIVE views= 10 mean_abs_feat_delta= 0.361877\n"}
,{"stream_name":"stdout","time":655.570201311,"data":"SECONDARY_EDGE_TTA_ACTIVE views= 8 weight= 0.75 mean_abs_feat_delta= 0.228734\n"}
,{"stream_name":"stdout","time":655.656148933,"data":"EDGE_TTA_ACTIVE views= 10 mean_abs_feat_delta= 0.361877\n"}
,{"stream_name":"stdout","time":655.656180828,"data":"SECONDARY_EDGE_TTA_ACTIVE views= 8 weight= 0.75 mean_abs_feat_delta= 0.228734\n"}
,{"stream_name":"stdout","time":656.530840691,"data":"SECONDARY_EDGE_TTA_ACTIVE views= 8 weight= 0.75 mean_abs_feat_delta= 0.226463\n"}
,{"stream_name":"stdout","time":656.733475362,"data":"SECONDARY_EDGE_TTA_ACTIVE views= 8 weight= 0.75 mean_abs_feat_delta= 0.226463\n"}
,{"stream_name":"stdout","time":657.396415513,"data":"EDGE_TTA_ACTIVE views= 10 mean_abs_feat_delta= 0.319326\n"}
,{"stream_name":"stdout","time":657.599001959,"data":"EDGE_TTA_ACTIVE views= 10 mean_abs_feat_delta= 0.319326\n"}
,{"stream_name":"stdout","time":658.004362707,"data":"EDGE_TTA_ACTIVE views= 10 mean_abs_feat_delta= 0.365889\n"}
,{"stream_name":"stdout","time":658.206748815,"data":"EDGE_TTA_ACTIVE views= 10 mean_abs_feat_delta= 0.365889\n"}
,{"stream_name":"stdout","time":658.489629928,"data":"SECONDARY_EDGE_TTA_ACTIVE views= 8 weight= 0.75 mean_abs_feat_delta= 0.227258\n"}
,{"stream_name":"stdout","time":658.69170398,"data":"SECONDARY_EDGE_TTA_ACTIVE views= 8 weight= 0.75 mean_abs_feat_delta= 0.227258\n"}
,{"stream_name":"stdout","time":659.08239308,"data":"SECONDARY_EDGE_TTA_ACTIVE views= 8 weight= 0.75 mean_abs_feat_delta= 0.232529\n"}
,{"stream_name":"stdout","time":659.284725226,"data":"SECONDARY_EDGE_TTA_ACTIVE views= 8 weight= 0.75 mean_abs_feat_delta= 0.232529\n"}
,{"stream_name":"stdout","time":660.207285593,"data":"EDGE_TTA_ACTIVE views= 10 mean_abs_feat_delta= 0.320831\n"}
,{"stream_name":"stdout","time":660.409716825,"data":"EDGE_TTA_ACTIVE views= 10 mean_abs_feat_delta= 0.320831\n"}
,{"stream_name":"stdout","time":660.521329059,"data":"EDGE_TTA_ACTIVE views= 10 mean_abs_feat_delta= 0.365426\n"}
,{"stream_name":"stdout","time":660.723830904,"data":"EDGE_TTA_ACTIVE views= 10 mean_abs_feat_delta= 0.365426\n"}
,{"stream_name":"stdout","time":661.300642996,"data":"SECONDARY_EDGE_TTA_ACTIVE views= 8 weight= 0.75 mean_abs_feat_delta= 0.232919\n"}
,{"stream_name":"stdout","time":661.502922419,"data":"SECONDARY_EDGE_TTA_ACTIVE views= 8 weight= 0.75 mean_abs_feat_delta= 0.232919\n"}
,{"stream_name":"stdout","time":661.601543435,"data":"SECONDARY_EDGE_TTA_ACTIVE views= 8 weight= 0.75 mean_abs_feat_delta= 0.234792\n"}
,{"stream_name":"stdout","time":661.804030557,"data":"SECONDARY_EDGE_TTA_ACTIVE views= 8 weight= 0.75 mean_abs_feat_delta= 0.234792\n"}
,{"stream_name":"stdout","time":663.01256663,"data":"EDGE_TTA_ACTIVE views= 10 mean_abs_feat_delta= 0.363725\n"}
,{"stream_name":"stdout","time":663.134868723,"data":"EDGE_TTA_ACTIVE views= 10 mean_abs_feat_delta= 0.324308\n"}
,{"stream_name":"stdout","time":663.215029826,"data":"EDGE_TTA_ACTIVE views= 10 mean_abs_feat_delta= 0.363725\n"}
,{"stream_name":"stdout","time":663.215051113,"data":"EDGE_TTA_ACTIVE views= 10 mean_abs_feat_delta= 0.324308\n"}
,{"stream_name":"stdout","time":664.089472145,"data":"SECONDARY_EDGE_TTA_ACTIVE views= 8 weight= 0.75 mean_abs_feat_delta= 0.233309\n"}
,{"stream_name":"stdout","time":664.227478684,"data":"SECONDARY_EDGE_TTA_ACTIVE views= 8 weight= 0.75 mean_abs_feat_delta= 0.237762\n"}
,{"stream_name":"stdout","time":664.291488912,"data":"SECONDARY_EDGE_TTA_ACTIVE views= 8 weight= 0.75 mean_abs_feat_delta= 0.233309\n"}
,{"stream_name":"stdout","time":664.291514177,"data":"SECONDARY_EDGE_TTA_ACTIVE views= 8 weight= 0.75 mean_abs_feat_delta= 0.237762\n"}
,{"stream_name":"stdout","time":665.558522844,"data":"EDGE_TTA_ACTIVE views= 10 mean_abs_feat_delta= 0.361952\n"}
,{"stream_name":"stdout","time":665.760785558,"data":"EDGE_TTA_ACTIVE views= 10 mean_abs_feat_delta= 0.361952\n"}
,{"stream_name":"stdout","time":665.970607541,"data":"EDGE_TTA_ACTIVE views= 10 mean_abs_feat_delta= 0.32669\n"}
,{"stream_name":"stdout","time":666.172909814,"data":"EDGE_TTA_ACTIVE views= 10 mean_abs_feat_delta= 0.32669\n"}
,{"stream_name":"stdout","time":666.635005573,"data":"SECONDARY_EDGE_TTA_ACTIVE views= 8 weight= 0.75 mean_abs_feat_delta= 0.231091\n"}
,{"stream_name":"stdout","time":666.837347283,"data":"SECONDARY_EDGE_TTA_ACTIVE views= 8 weight= 0.75 mean_abs_feat_delta= 0.231091\n"}
,{"stream_name":"stdout","time":667.06209576,"data":"SECONDARY_EDGE_TTA_ACTIVE views= 8 weight= 0.75 mean_abs_feat_delta= 0.238631\n"}
,{"stream_name":"stdout","time":667.264334349,"data":"SECONDARY_EDGE_TTA_ACTIVE views= 8 weight= 0.75 mean_abs_feat_delta= 0.238631\n"}
,{"stream_name":"stdout","time":668.104860152,"data":"EDGE_TTA_ACTIVE views= 10 mean_abs_feat_delta= 0.363581\n"}
,{"stream_name":"stdout","time":668.307348283,"data":"EDGE_TTA_ACTIVE views= 10 mean_abs_feat_delta= 0.363581\n"}
,{"stream_name":"stdout","time":668.757197498,"data":"EDGE_TTA_ACTIVE views= 10 mean_abs_feat_delta= 0.331915\n"}
,{"stream_name":"stdout","time":668.959584263,"data":"EDGE_TTA_ACTIVE views= 10 mean_abs_feat_delta= 0.331915\n"}
,{"stream_name":"stdout","time":669.180968918,"data":"SECONDARY_EDGE_TTA_ACTIVE views= 8 weight= 0.75 mean_abs_feat_delta= 0.231415\n"}
,{"stream_name":"stdout","time":669.423202376,"data":"SECONDARY_EDGE_TTA_ACTIVE views= 8 weight= 0.75 mean_abs_feat_delta= 0.231415\n"}
,{"stream_name":"stdout","time":669.841932166,"data":"SECONDARY_EDGE_TTA_ACTIVE views= 8 weight= 0.75 mean_abs_feat_delta= 0.236776\n"}
,{"stream_name":"stdout","time":670.044312979,"data":"SECONDARY_EDGE_TTA_ACTIVE views= 8 weight= 0.75 mean_abs_feat_delta= 0.236776\n"}
,{"stream_name":"stdout","time":670.642292377,"data":"EDGE_TTA_ACTIVE views= 10 mean_abs_feat_delta= 0.36092\n"}
,{"stream_name":"stdout","time":670.844771829,"data":"EDGE_TTA_ACTIVE views= 10 mean_abs_feat_delta= 0.36092\n"}
,{"stream_name":"stdout","time":671.587845984,"data":"EDGE_TTA_ACTIVE views= 10 mean_abs_feat_delta= 0.328024\n"}
,{"stream_name":"stdout","time":671.716905081,"data":"SECONDARY_EDGE_TTA_ACTIVE views= 8 weight= 0.75 mean_abs_feat_delta= 0.232042\n"}
,{"stream_name":"stdout","time":671.790057028,"data":"EDGE_TTA_ACTIVE views= 10 mean_abs_feat_delta= 0.328024\n"}
,{"stream_name":"stdout","time":671.790079463,"data":"SECONDARY_EDGE_TTA_ACTIVE views= 8 weight= 0.75 mean_abs_feat_delta= 0.232042\n"}
,{"stream_name":"stdout","time":672.666844291,"data":"SECONDARY_EDGE_TTA_ACTIVE views= 8 weight= 0.75 mean_abs_feat_delta= 0.233805\n"}
,{"stream_name":"stdout","time":672.869041937,"data":"SECONDARY_EDGE_TTA_ACTIVE views= 8 weight= 0.75 mean_abs_feat_delta= 0.233805\n"}
,{"stream_name":"stdout","time":673.140585092,"data":"EDGE_TTA_ACTIVE views= 10 mean_abs_feat_delta= 0.355302\n"}
,{"stream_name":"stdout","time":673.342912622,"data":"EDGE_TTA_ACTIVE views= 10 mean_abs_feat_delta= 0.355302\n"}
,{"stream_name":"stdout","time":674.214761798,"data":"SECONDARY_EDGE_TTA_ACTIVE views= 8 weight= 0.75 mean_abs_feat_delta= 0.232766\n"}
,{"stream_name":"stdout","time":674.409664043,"data":"EDGE_TTA_ACTIVE views= 10 mean_abs_feat_delta= 0.329025\n"}
,{"stream_name":"stdout","time":674.417075813,"data":"SECONDARY_EDGE_TTA_ACTIVE views= 8 weight= 0.75 mean_abs_feat_delta= 0.232766\n"}
,{"stream_name":"stdout","time":674.417096783,"data":"EDGE_TTA_ACTIVE views= 10 mean_abs_feat_delta= 0.329025\n"}
,{"stream_name":"stdout","time":675.488893428,"data":"SECONDARY_EDGE_TTA_ACTIVE views= 8 weight= 0.75 mean_abs_feat_delta= 0.2393\n"}
,{"stream_name":"stdout","time":675.621988771,"data":"EDGE_TTA_ACTIVE views= 10 mean_abs_feat_delta= 0.346163\n"}
,{"stream_name":"stdout","time":675.691133056,"data":"SECONDARY_EDGE_TTA_ACTIVE views= 8 weight= 0.75 mean_abs_feat_delta= 0.2393\n"}
,{"stream_name":"stdout","time":675.691153613,"data":"EDGE_TTA_ACTIVE views= 10 mean_abs_feat_delta= 0.346163\n"}
,{"stream_name":"stdout","time":676.690700785,"data":"SECONDARY_EDGE_TTA_ACTIVE views= 8 weight= 0.75 mean_abs_feat_delta= 0.235979\n"}
,{"stream_name":"stdout","time":676.893146715,"data":"SECONDARY_EDGE_TTA_ACTIVE views= 8 weight= 0.75 mean_abs_feat_delta= 0.235979\n"}
,{"stream_name":"stdout","time":677.279843979,"data":"EDGE_TTA_ACTIVE views= 10 mean_abs_feat_delta= 0.327615\n"}
,{"stream_name":"stdout","time":677.482167365,"data":"EDGE_TTA_ACTIVE views= 10 mean_abs_feat_delta= 0.327615\n"}
,{"stream_name":"stdout","time":678.17167165,"data":"EDGE_TTA_ACTIVE views= 10 mean_abs_feat_delta= 0.331509\n"}
,{"stream_name":"stdout","time":678.353994673,"data":"SECONDARY_EDGE_TTA_ACTIVE views= 8 weight= 0.75 mean_abs_feat_delta= 0.241418\n"}
,{"stream_name":"stdout","time":678.374291521,"data":"EDGE_TTA_ACTIVE views= 10 mean_abs_feat_delta= 0.331509\n"}
,{"stream_name":"stdout","time":678.374309445,"data":"SECONDARY_EDGE_TTA_ACTIVE views= 8 weight= 0.75 mean_abs_feat_delta= 0.241418\n"}
,{"stream_name":"stdout","time":679.240272417,"data":"SECONDARY_EDGE_TTA_ACTIVE views= 8 weight= 0.75 mean_abs_feat_delta= 0.241376\n"}
,{"stream_name":"stdout","time":679.442639735,"data":"SECONDARY_EDGE_TTA_ACTIVE views= 8 weight= 0.75 mean_abs_feat_delta= 0.241376\n"}
,{"stream_name":"stdout","time":680.095145024,"data":"EDGE_TTA_ACTIVE views= 10 mean_abs_feat_delta= 0.325243\n"}
,{"stream_name":"stdout","time":680.297466707,"data":"EDGE_TTA_ACTIVE views= 10 mean_abs_feat_delta= 0.325243\n"}
,{"stream_name":"stdout","time":680.643309101,"data":"EDGE_TTA_ACTIVE views= 10 mean_abs_feat_delta= 0.340924\n"}
,{"stream_name":"stdout","time":680.845543673,"data":"EDGE_TTA_ACTIVE views= 10 mean_abs_feat_delta= 0.340924\n"}
,{"stream_name":"stdout","time":681.172611085,"data":"SECONDARY_EDGE_TTA_ACTIVE views= 8 weight= 0.75 mean_abs_feat_delta= 0.240548\n"}
,{"stream_name":"stdout","time":681.374909242,"data":"SECONDARY_EDGE_TTA_ACTIVE views= 8 weight= 0.75 mean_abs_feat_delta= 0.240548\n"}
,{"stream_name":"stdout","time":681.70156997,"data":"SECONDARY_EDGE_TTA_ACTIVE views= 8 weight= 0.75 mean_abs_feat_delta= 0.233304\n"}
,{"stream_name":"stdout","time":681.903995727,"data":"SECONDARY_EDGE_TTA_ACTIVE views= 8 weight= 0.75 mean_abs_feat_delta= 0.233304\n"}
,{"stream_name":"stdout","time":682.883480068,"data":"EDGE_TTA_ACTIVE views= 10 mean_abs_feat_delta= 0.325567\n"}
,{"stream_name":"stdout","time":683.085982194,"data":"EDGE_TTA_ACTIVE views= 10 mean_abs_feat_delta= 0.325567\n"}
,{"stream_name":"stdout","time":683.197416554,"data":"EDGE_TTA_ACTIVE views= 10 mean_abs_feat_delta= 0.347582\n"}
,{"stream_name":"stdout","time":683.399563107,"data":"EDGE_TTA_ACTIVE views= 10 mean_abs_feat_delta= 0.347582\n"}
,{"stream_name":"stdout","time":683.950230388,"data":"SECONDARY_EDGE_TTA_ACTIVE views= 8 weight= 0.75 mean_abs_feat_delta= 0.239217\n"}
,{"stream_name":"stdout","time":684.152754446,"data":"SECONDARY_EDGE_TTA_ACTIVE views= 8 weight= 0.75 mean_abs_feat_delta= 0.239217\n"}
,{"stream_name":"stdout","time":684.25821958,"data":"SECONDARY_EDGE_TTA_ACTIVE views= 8 weight= 0.75 mean_abs_feat_delta= 0.237349\n"}
,{"stream_name":"stdout","time":684.460508884,"data":"SECONDARY_EDGE_TTA_ACTIVE views= 8 weight= 0.75 mean_abs_feat_delta= 0.237349\n"}
,{"stream_name":"stdout","time":685.681349096,"data":"EDGE_TTA_ACTIVE views= 10 mean_abs_feat_delta= 0.324765\n"}
,{"stream_name":"stdout","time":685.690127124,"data":"EDGE_TTA_ACTIVE views= 10 mean_abs_feat_delta= 0.346686\n"}
,{"stream_name":"stdout","time":685.883729399,"data":"EDGE_TTA_ACTIVE views= 10 mean_abs_feat_delta= 0.324765\n"}
,{"stream_name":"stdout","time":685.883757376,"data":"EDGE_TTA_ACTIVE views= 10 mean_abs_feat_delta= 0.346686\n"}
,{"stream_name":"stdout","time":686.74879924,"data":"SECONDARY_EDGE_TTA_ACTIVE views= 8 weight= 0.75 mean_abs_feat_delta= 0.237192\n"}
,{"stream_name":"stdout","time":686.75246925,"data":"SECONDARY_EDGE_TTA_ACTIVE views= 8 weight= 0.75 mean_abs_feat_delta= 0.238117\n"}
,{"stream_name":"stdout","time":686.951395978,"data":"SECONDARY_EDGE_TTA_ACTIVE views= 8 weight= 0.75 mean_abs_feat_delta= 0.237192\n"}
,{"stream_name":"stdout","time":686.951427613,"data":"SECONDARY_EDGE_TTA_ACTIVE views= 8 weight= 0.75 mean_abs_feat_delta= 0.238117\n"}
,{"stream_name":"stdout","time":688.169753037,"data":"EDGE_TTA_ACTIVE views= 10 mean_abs_feat_delta= 0.349223\n"}
,{"stream_name":"stdout","time":688.372220331,"data":"EDGE_TTA_ACTIVE views= 10 mean_abs_feat_delta= 0.349223\n"}
,{"stream_name":"stdout","time":688.435974282,"data":"EDGE_TTA_ACTIVE views= 10 mean_abs_feat_delta= 0.326157\n"}
,{"stream_name":"stdout","time":688.638217045,"data":"EDGE_TTA_ACTIVE views= 10 mean_abs_feat_delta= 0.326157\n"}
,{"stream_name":"stdout","time":689.227658263,"data":"SECONDARY_EDGE_TTA_ACTIVE views= 8 weight= 0.75 mean_abs_feat_delta= 0.23579\n"}
,{"stream_name":"stdout","time":689.430089086,"data":"SECONDARY_EDGE_TTA_ACTIVE views= 8 weight= 0.75 mean_abs_feat_delta= 0.23579\n"}
,{"stream_name":"stdout","time":689.498679226,"data":"SECONDARY_EDGE_TTA_ACTIVE views= 8 weight= 0.75 mean_abs_feat_delta= 0.241111\n"}
,{"stream_name":"stdout","time":689.700955327,"data":"SECONDARY_EDGE_TTA_ACTIVE views= 8 weight= 0.75 mean_abs_feat_delta= 0.241111\n"}
,{"stream_name":"stdout","time":690.620158138,"data":"EDGE_TTA_ACTIVE views= 10 mean_abs_feat_delta= 0.340872\n"}
,{"stream_name":"stdout","time":690.822738582,"data":"EDGE_TTA_ACTIVE views= 10 mean_abs_feat_delta= 0.340872\n"}
,{"stream_name":"stdout","time":691.249759128,"data":"EDGE_TTA_ACTIVE views= 10 mean_abs_feat_delta= 0.322649\n"}
,{"stream_name":"stdout","time":691.452088653,"data":"EDGE_TTA_ACTIVE views= 10 mean_abs_feat_delta= 0.322649\n"}
,{"stream_name":"stdout","time":691.679782127,"data":"SECONDARY_EDGE_TTA_ACTIVE views= 8 weight= 0.75 mean_abs_feat_delta= 0.245733\n"}
,{"stream_name":"stdout","time":691.882115388,"data":"SECONDARY_EDGE_TTA_ACTIVE views= 8 weight= 0.75 mean_abs_feat_delta= 0.245733\n"}
,{"stream_name":"stdout","time":692.312126975,"data":"SECONDARY_EDGE_TTA_ACTIVE views= 8 weight= 0.75 mean_abs_feat_delta= 0.233408\n"}
,{"stream_name":"stdout","time":692.514672011,"data":"SECONDARY_EDGE_TTA_ACTIVE views= 8 weight= 0.75 mean_abs_feat_delta= 0.233408\n"}
,{"stream_name":"stdout","time":693.097208019,"data":"EDGE_TTA_ACTIVE views= 10 mean_abs_feat_delta= 0.358966\n"}
,{"stream_name":"stdout","time":693.299433629,"data":"EDGE_TTA_ACTIVE views= 10 mean_abs_feat_delta= 0.358966\n"}
,{"stream_name":"stdout","time":694.040755726,"data":"EDGE_TTA_ACTIVE views= 10 mean_abs_feat_delta= 0.322826\n"}
,{"stream_name":"stdout","time":694.154473948,"data":"SECONDARY_EDGE_TTA_ACTIVE views= 8 weight= 0.75 mean_abs_feat_delta= 0.237609\n"}
,{"stream_name":"stdout","time":694.243222171,"data":"EDGE_TTA_ACTIVE views= 10 mean_abs_feat_delta= 0.322826\n"}
,{"stream_name":"stdout","time":694.243254107,"data":"SECONDARY_EDGE_TTA_ACTIVE views= 8 weight= 0.75 mean_abs_feat_delta= 0.237609\n"}
,{"stream_name":"stdout","time":695.10321613,"data":"SECONDARY_EDGE_TTA_ACTIVE views= 8 weight= 0.75 mean_abs_feat_delta= 0.236893\n"}
,{"stream_name":"stdout","time":695.305781621,"data":"SECONDARY_EDGE_TTA_ACTIVE views= 8 weight= 0.75 mean_abs_feat_delta= 0.236893\n"}
,{"stream_name":"stdout","time":695.57078286,"data":"EDGE_TTA_ACTIVE views= 10 mean_abs_feat_delta= 0.355674\n"}
,{"stream_name":"stdout","time":695.773016862,"data":"EDGE_TTA_ACTIVE views= 10 mean_abs_feat_delta= 0.355674\n"}
,{"stream_name":"stdout","time":696.626064349,"data":"SECONDARY_EDGE_TTA_ACTIVE views= 8 weight= 0.75 mean_abs_feat_delta= 0.24975\n"}
,{"stream_name":"stdout","time":696.798330466,"data":"EDGE_TTA_ACTIVE views= 10 mean_abs_feat_delta= 0.323802\n"}
,{"stream_name":"stdout","time":696.828481926,"data":"SECONDARY_EDGE_TTA_ACTIVE views= 8 weight= 0.75 mean_abs_feat_delta= 0.24975\n"}
,{"stream_name":"stdout","time":696.828502337,"data":"EDGE_TTA_ACTIVE views= 10 mean_abs_feat_delta= 0.323802\n"}
,{"stream_name":"stdout","time":697.85831876,"data":"SECONDARY_EDGE_TTA_ACTIVE views= 8 weight= 0.75 mean_abs_feat_delta= 0.244446\n"}
,{"stream_name":"stdout","time":698.036504588,"data":"EDGE_TTA_ACTIVE views= 10 mean_abs_feat_delta= 0.360707\n"}
,{"stream_name":"stdout","time":698.060805432,"data":"SECONDARY_EDGE_TTA_ACTIVE views= 8 weight= 0.75 mean_abs_feat_delta= 0.244446\n"}
,{"stream_name":"stdout","time":698.060830936,"data":"EDGE_TTA_ACTIVE views= 10 mean_abs_feat_delta= 0.360707\n"}
,{"stream_name":"stdout","time":699.096272962,"data":"SECONDARY_EDGE_TTA_ACTIVE views= 8 weight= 0.75 mean_abs_feat_delta= 0.23735\n"}
,{"stream_name":"stdout","time":699.298554423,"data":"SECONDARY_EDGE_TTA_ACTIVE views= 8 weight= 0.75 mean_abs_feat_delta= 0.23735\n"}
,{"stream_name":"stdout","time":699.482153672,"data":"EDGE_TTA_ACTIVE views= 10 mean_abs_feat_delta= 0.324162\n"}
,{"stream_name":"stdout","time":699.726691655,"data":"EDGE_TTA_ACTIVE views= 10 mean_abs_feat_delta= 0.324162\n"}
,{"stream_name":"stdout","time":700.479881863,"data":"EDGE_TTA_ACTIVE views= 10 mean_abs_feat_delta= 0.354028\n"}
,{"stream_name":"stdout","time":700.546892784,"data":"SECONDARY_EDGE_TTA_ACTIVE views= 8 weight= 0.75 mean_abs_feat_delta= 0.249633\n"}
,{"stream_name":"stdout","time":700.682299345,"data":"EDGE_TTA_ACTIVE views= 10 mean_abs_feat_delta= 0.354028\n"}
,{"stream_name":"stdout","time":700.682319211,"data":"SECONDARY_EDGE_TTA_ACTIVE views= 8 weight= 0.75 mean_abs_feat_delta= 0.249633\n"}
,{"stream_name":"stdout","time":701.536409178,"data":"SECONDARY_EDGE_TTA_ACTIVE views= 8 weight= 0.75 mean_abs_feat_delta= 0.239857\n"}
,{"stream_name":"stdout","time":701.738973943,"data":"SECONDARY_EDGE_TTA_ACTIVE views= 8 weight= 0.75 mean_abs_feat_delta= 0.239857\n"}
,{"stream_name":"stdout","time":702.252054775,"data":"EDGE_TTA_ACTIVE views= 10 mean_abs_feat_delta= 0.325109\n"}
,{"stream_name":"stdout","time":702.452902718,"data":"EDGE_TTA_ACTIVE views= 10 mean_abs_feat_delta= 0.325109\n"}
,{"stream_name":"stdout","time":703.007754364,"data":"EDGE_TTA_ACTIVE views= 10 mean_abs_feat_delta= 0.34048\n"}
,{"stream_name":"stdout","time":703.2101819,"data":"EDGE_TTA_ACTIVE views= 10 mean_abs_feat_delta= 0.34048\n"}
,{"stream_name":"stdout","time":703.310589006,"data":"SECONDARY_EDGE_TTA_ACTIVE views= 8 weight= 0.75 mean_abs_feat_delta= 0.246702\n"}
,{"stream_name":"stdout","time":703.512886498,"data":"SECONDARY_EDGE_TTA_ACTIVE views= 8 weight= 0.75 mean_abs_feat_delta= 0.246702\n"}
,{"stream_name":"stdout","time":704.062342375,"data":"SECONDARY_EDGE_TTA_ACTIVE views= 8 weight= 0.75 mean_abs_feat_delta= 0.246472\n"}
,{"stream_name":"stdout","time":704.264718958,"data":"SECONDARY_EDGE_TTA_ACTIVE views= 8 weight= 0.75 mean_abs_feat_delta= 0.246472\n"}
,{"stream_name":"stdout","time":704.981006936,"data":"EDGE_TTA_ACTIVE views= 10 mean_abs_feat_delta= 0.326699\n"}
,{"stream_name":"stdout","time":705.183411014,"data":"EDGE_TTA_ACTIVE views= 10 mean_abs_feat_delta= 0.326699\n"}
,{"stream_name":"stdout","time":705.452170166,"data":"EDGE_TTA_ACTIVE views= 10 mean_abs_feat_delta= 0.352084\n"}
,{"stream_name":"stdout","time":705.654418558,"data":"EDGE_TTA_ACTIVE views= 10 mean_abs_feat_delta= 0.352084\n"}
,{"stream_name":"stdout","time":706.042614493,"data":"SECONDARY_EDGE_TTA_ACTIVE views= 8 weight= 0.75 mean_abs_feat_delta= 0.239557\n"}
,{"stream_name":"stdout","time":706.244781524,"data":"SECONDARY_EDGE_TTA_ACTIVE views= 8 weight= 0.75 mean_abs_feat_delta= 0.239557\n"}
,{"stream_name":"stdout","time":706.504202706,"data":"SECONDARY_EDGE_TTA_ACTIVE views= 8 weight= 0.75 mean_abs_feat_delta= 0.23837\n"}
,{"stream_name":"stdout","time":706.706517807,"data":"SECONDARY_EDGE_TTA_ACTIVE views= 8 weight= 0.75 mean_abs_feat_delta= 0.23837\n"}
,{"stream_name":"stdout","time":707.717280325,"data":"EDGE_TTA_ACTIVE views= 10 mean_abs_feat_delta= 0.334673\n"}
,{"stream_name":"stdout","time":707.91753814,"data":"EDGE_TTA_ACTIVE views= 10 mean_abs_feat_delta= 0.347989\n"}
,{"stream_name":"stdout","time":707.919810182,"data":"EDGE_TTA_ACTIVE views= 10 mean_abs_feat_delta= 0.334673\n"}
,{"stream_name":"stdout","time":707.919831075,"data":"EDGE_TTA_ACTIVE views= 10 mean_abs_feat_delta= 0.347989\n"}
,{"stream_name":"stdout","time":708.77757745,"data":"SECONDARY_EDGE_TTA_ACTIVE views= 8 weight= 0.75 mean_abs_feat_delta= 0.238104\n"}
,{"stream_name":"stdout","time":708.97019613,"data":"SECONDARY_EDGE_TTA_ACTIVE views= 8 weight= 0.75 mean_abs_feat_delta= 0.23794\n"}
,{"stream_name":"stdout","time":708.980405176,"data":"SECONDARY_EDGE_TTA_ACTIVE views= 8 weight= 0.75 mean_abs_feat_delta= 0.238104\n"}
,{"stream_name":"stdout","time":708.980427395,"data":"SECONDARY_EDGE_TTA_ACTIVE views= 8 weight= 0.75 mean_abs_feat_delta= 0.23794\n"}
,{"stream_name":"stdout","time":710.376072854,"data":"EDGE_TTA_ACTIVE views= 10 mean_abs_feat_delta= 0.349774\n"}
,{"stream_name":"stdout","time":710.482619211,"data":"EDGE_TTA_ACTIVE views= 10 mean_abs_feat_delta= 0.333342\n"}
,{"stream_name":"stdout","time":710.578500641,"data":"EDGE_TTA_ACTIVE views= 10 mean_abs_feat_delta= 0.349774\n"}
,{"stream_name":"stdout","time":710.578521613,"data":"EDGE_TTA_ACTIVE views= 10 mean_abs_feat_delta= 0.333342\n"}
,{"stream_name":"stdout","time":711.434377979,"data":"SECONDARY_EDGE_TTA_ACTIVE views= 8 weight= 0.75 mean_abs_feat_delta= 0.237401\n"}
,{"stream_name":"stdout","time":711.547069186,"data":"SECONDARY_EDGE_TTA_ACTIVE views= 8 weight= 0.75 mean_abs_feat_delta= 0.239919\n"}
,{"stream_name":"stdout","time":711.63675215,"data":"SECONDARY_EDGE_TTA_ACTIVE views= 8 weight= 0.75 mean_abs_feat_delta= 0.237401\n"}
,{"stream_name":"stdout","time":711.636776152,"data":"SECONDARY_EDGE_TTA_ACTIVE views= 8 weight= 0.75 mean_abs_feat_delta= 0.239919\n"}
,{"stream_name":"stdout","time":712.827161018,"data":"EDGE_TTA_ACTIVE views= 10 mean_abs_feat_delta= 0.334972\n"}
,{"stream_name":"stdout","time":713.029625683,"data":"EDGE_TTA_ACTIVE views= 10 mean_abs_feat_delta= 0.334972\n"}
,{"stream_name":"stdout","time":713.236641306,"data":"EDGE_TTA_ACTIVE views= 10 mean_abs_feat_delta= 0.332673\n"}
,{"stream_name":"stdout","time":713.438801562,"data":"EDGE_TTA_ACTIVE views= 10 mean_abs_feat_delta= 0.332673\n"}
,{"stream_name":"stdout","time":713.884929951,"data":"SECONDARY_EDGE_TTA_ACTIVE views= 8 weight= 0.75 mean_abs_feat_delta= 0.245673\n"}
,{"stream_name":"stdout","time":714.087163645,"data":"SECONDARY_EDGE_TTA_ACTIVE views= 8 weight= 0.75 mean_abs_feat_delta= 0.245673\n"}
,{"stream_name":"stdout","time":714.300757723,"data":"SECONDARY_EDGE_TTA_ACTIVE views= 8 weight= 0.75 mean_abs_feat_delta= 0.238456\n"}
,{"stream_name":"stdout","time":714.503113326,"data":"SECONDARY_EDGE_TTA_ACTIVE views= 8 weight= 0.75 mean_abs_feat_delta= 0.238456\n"}
,{"stream_name":"stdout","time":715.294893317,"data":"EDGE_TTA_ACTIVE views= 10 mean_abs_feat_delta= 0.351497\n"}
,{"stream_name":"stdout","time":715.497298262,"data":"EDGE_TTA_ACTIVE views= 10 mean_abs_feat_delta= 0.351497\n"}
,{"stream_name":"stdout","time":716.002659,"data":"EDGE_TTA_ACTIVE views= 10 mean_abs_feat_delta= 0.340696\n"}
,{"stream_name":"stdout","time":716.204924019,"data":"EDGE_TTA_ACTIVE views= 10 mean_abs_feat_delta= 0.340696\n"}
,{"stream_name":"stdout","time":716.345862164,"data":"SECONDARY_EDGE_TTA_ACTIVE views= 8 weight= 0.75 mean_abs_feat_delta= 0.235875\n"}
,{"stream_name":"stdout","time":716.548012284,"data":"SECONDARY_EDGE_TTA_ACTIVE views= 8 weight= 0.75 mean_abs_feat_delta= 0.235875\n"}
,{"stream_name":"stdout","time":717.063272256,"data":"SECONDARY_EDGE_TTA_ACTIVE views= 8 weight= 0.75 mean_abs_feat_delta= 0.237938\n"}
,{"stream_name":"stdout","time":717.265549593,"data":"SECONDARY_EDGE_TTA_ACTIVE views= 8 weight= 0.75 mean_abs_feat_delta= 0.237938\n"}
,{"stream_name":"stdout","time":717.76023012,"data":"EDGE_TTA_ACTIVE views= 10 mean_abs_feat_delta= 0.356089\n"}
,{"stream_name":"stdout","time":717.962557364,"data":"EDGE_TTA_ACTIVE views= 10 mean_abs_feat_delta= 0.356089\n"}
,{"stream_name":"stdout","time":718.756181178,"data":"EDGE_TTA_ACTIVE views= 10 mean_abs_feat_delta= 0.339871\n"}
,{"stream_name":"stdout","time":718.816011229,"data":"SECONDARY_EDGE_TTA_ACTIVE views= 8 weight= 0.75 mean_abs_feat_delta= 0.241531\n"}
,{"stream_name":"stdout","time":718.958558412,"data":"EDGE_TTA_ACTIVE views= 10 mean_abs_feat_delta= 0.339871\n"}
,{"stream_name":"stdout","time":718.958610728,"data":"SECONDARY_EDGE_TTA_ACTIVE views= 8 weight= 0.75 mean_abs_feat_delta= 0.241531\n"}
,{"stream_name":"stdout","time":719.817048463,"data":"SECONDARY_EDGE_TTA_ACTIVE views= 8 weight= 0.75 mean_abs_feat_delta= 0.242027\n"}
,{"stream_name":"stdout","time":720.019748834,"data":"SECONDARY_EDGE_TTA_ACTIVE views= 8 weight= 0.75 mean_abs_feat_delta= 0.242027\n"}
,{"stream_name":"stdout","time":720.287710582,"data":"EDGE_TTA_ACTIVE views= 10 mean_abs_feat_delta= 0.35637\n"}
,{"stream_name":"stdout","time":720.490126375,"data":"EDGE_TTA_ACTIVE views= 10 mean_abs_feat_delta= 0.35637\n"}
,{"stream_name":"stdout","time":721.346527906,"data":"SECONDARY_EDGE_TTA_ACTIVE views= 8 weight= 0.75 mean_abs_feat_delta= 0.238654\n"}
,{"stream_name":"stdout","time":721.497267931,"data":"EDGE_TTA_ACTIVE views= 10 mean_abs_feat_delta= 0.336599\n"}
,{"stream_name":"stdout","time":721.548868416,"data":"SECONDARY_EDGE_TTA_ACTIVE views= 8 weight= 0.75 mean_abs_feat_delta= 0.238654\n"}
,{"stream_name":"stdout","time":721.548890834,"data":"EDGE_TTA_ACTIVE views= 10 mean_abs_feat_delta= 0.336599\n"}
,{"stream_name":"stdout","time":722.56322221,"data":"SECONDARY_EDGE_TTA_ACTIVE views= 8 weight= 0.75 mean_abs_feat_delta= 0.244117\n"}
,{"stream_name":"stdout","time":722.739715629,"data":"EDGE_TTA_ACTIVE views= 10 mean_abs_feat_delta= 0.352802\n"}
,{"stream_name":"stdout","time":722.765553341,"data":"SECONDARY_EDGE_TTA_ACTIVE views= 8 weight= 0.75 mean_abs_feat_delta= 0.244117\n"}
,{"stream_name":"stdout","time":722.765572764,"data":"EDGE_TTA_ACTIVE views= 10 mean_abs_feat_delta= 0.352802\n"}
,{"stream_name":"stdout","time":723.795422496,"data":"SECONDARY_EDGE_TTA_ACTIVE views= 8 weight= 0.75 mean_abs_feat_delta= 0.235897\n"}
,{"stream_name":"stdout","time":723.997793856,"data":"SECONDARY_EDGE_TTA_ACTIVE views= 8 weight= 0.75 mean_abs_feat_delta= 0.235897\n"}
,{"stream_name":"stdout","time":724.2173366,"data":"EDGE_TTA_ACTIVE views= 10 mean_abs_feat_delta= 0.337248\n"}
,{"stream_name":"stdout","time":724.419608567,"data":"EDGE_TTA_ACTIVE views= 10 mean_abs_feat_delta= 0.337248\n"}
,{"stream_name":"stdout","time":725.218133301,"data":"EDGE_TTA_ACTIVE views= 10 mean_abs_feat_delta= 0.35378\n"}
,{"stream_name":"stdout","time":725.282006195,"data":"SECONDARY_EDGE_TTA_ACTIVE views= 8 weight= 0.75 mean_abs_feat_delta= 0.243325\n"}
,{"stream_name":"stdout","time":725.420417268,"data":"EDGE_TTA_ACTIVE views= 10 mean_abs_feat_delta= 0.35378\n"}
,{"stream_name":"stdout","time":725.420440292,"data":"SECONDARY_EDGE_TTA_ACTIVE views= 8 weight= 0.75 mean_abs_feat_delta= 0.243325\n"}
,{"stream_name":"stdout","time":726.278703216,"data":"SECONDARY_EDGE_TTA_ACTIVE views= 8 weight= 0.75 mean_abs_feat_delta= 0.232787\n"}
,{"stream_name":"stdout","time":726.480907421,"data":"SECONDARY_EDGE_TTA_ACTIVE views= 8 weight= 0.75 mean_abs_feat_delta= 0.232787\n"}
,{"stream_name":"stdout","time":726.965932141,"data":"EDGE_TTA_ACTIVE views= 10 mean_abs_feat_delta= 0.337822\n"}
,{"stream_name":"stdout","time":727.168120606,"data":"EDGE_TTA_ACTIVE views= 10 mean_abs_feat_delta= 0.337822\n"}
,{"stream_name":"stdout","time":727.70663825,"data":"EDGE_TTA_ACTIVE views= 10 mean_abs_feat_delta= 0.356135\n"}
,{"stream_name":"stdout","time":727.909158079,"data":"EDGE_TTA_ACTIVE views= 10 mean_abs_feat_delta= 0.356135\n"}
,{"stream_name":"stdout","time":728.029752881,"data":"SECONDARY_EDGE_TTA_ACTIVE views= 8 weight= 0.75 mean_abs_feat_delta= 0.244042\n"}
,{"stream_name":"stdout","time":728.232240465,"data":"SECONDARY_EDGE_TTA_ACTIVE views= 8 weight= 0.75 mean_abs_feat_delta= 0.244042\n"}
,{"stream_name":"stdout","time":728.764569849,"data":"SECONDARY_EDGE_TTA_ACTIVE views= 8 weight= 0.75 mean_abs_feat_delta= 0.235419\n"}
,{"stream_name":"stdout","time":728.966948571,"data":"SECONDARY_EDGE_TTA_ACTIVE views= 8 weight= 0.75 mean_abs_feat_delta= 0.235419\n"}
,{"stream_name":"stdout","time":729.74032127,"data":"EDGE_TTA_ACTIVE views= 10 mean_abs_feat_delta= 0.340939\n"}
,{"stream_name":"stdout","time":729.987569847,"data":"EDGE_TTA_ACTIVE views= 10 mean_abs_feat_delta= 0.340939\n"}
,{"stream_name":"stdout","time":730.2119279,"data":"EDGE_TTA_ACTIVE views= 10 mean_abs_feat_delta= 0.35435\n"}
,{"stream_name":"stdout","time":730.414166779,"data":"EDGE_TTA_ACTIVE views= 10 mean_abs_feat_delta= 0.35435\n"}
,{"stream_name":"stdout","time":730.805107449,"data":"SECONDARY_EDGE_TTA_ACTIVE views= 8 weight= 0.75 mean_abs_feat_delta= 0.24973\n"}
,{"stream_name":"stdout","time":731.007571302,"data":"SECONDARY_EDGE_TTA_ACTIVE views= 8 weight= 0.75 mean_abs_feat_delta= 0.24973\n"}
,{"stream_name":"stdout","time":731.266872756,"data":"SECONDARY_EDGE_TTA_ACTIVE views= 8 weight= 0.75 mean_abs_feat_delta= 0.232021\n"}
,{"stream_name":"stdout","time":731.469218773,"data":"SECONDARY_EDGE_TTA_ACTIVE views= 8 weight= 0.75 mean_abs_feat_delta= 0.232021\n"}
,{"stream_name":"stdout","time":732.582707953,"data":"EDGE_TTA_ACTIVE views= 10 mean_abs_feat_delta= 0.330161\n"}
,{"stream_name":"stdout","time":732.704038376,"data":"EDGE_TTA_ACTIVE views= 10 mean_abs_feat_delta= 0.360518\n"}
,{"stream_name":"stdout","time":732.78486109,"data":"EDGE_TTA_ACTIVE views= 10 mean_abs_feat_delta= 0.330161\n"}
,{"stream_name":"stdout","time":732.784883748,"data":"EDGE_TTA_ACTIVE views= 10 mean_abs_feat_delta= 0.360518\n"}
,{"stream_name":"stdout","time":733.650592258,"data":"SECONDARY_EDGE_TTA_ACTIVE views= 8 weight= 0.75 mean_abs_feat_delta= 0.239339\n"}
,{"stream_name":"stdout","time":733.764396179,"data":"SECONDARY_EDGE_TTA_ACTIVE views= 8 weight= 0.75 mean_abs_feat_delta= 0.235438\n"}
,{"stream_name":"stdout","time":733.852926926,"data":"SECONDARY_EDGE_TTA_ACTIVE views= 8 weight= 0.75 mean_abs_feat_delta= 0.239339\n"}
,{"stream_name":"stdout","time":733.852953915,"data":"SECONDARY_EDGE_TTA_ACTIVE views= 8 weight= 0.75 mean_abs_feat_delta= 0.235438\n"}
,{"stream_name":"stdout","time":735.189317632,"data":"EDGE_TTA_ACTIVE views= 10 mean_abs_feat_delta= 0.363443\n"}
,{"stream_name":"stdout","time":735.342803634,"data":"EDGE_TTA_ACTIVE views= 10 mean_abs_feat_delta= 0.332052\n"}
,{"stream_name":"stdout","time":735.39150674,"data":"EDGE_TTA_ACTIVE views= 10 mean_abs_feat_delta= 0.363443\n"}
,{"stream_name":"stdout","time":735.391526797,"data":"EDGE_TTA_ACTIVE views= 10 mean_abs_feat_delta= 0.332052\n"}
,{"stream_name":"stdout","time":736.253531141,"data":"SECONDARY_EDGE_TTA_ACTIVE views= 8 weight= 0.75 mean_abs_feat_delta= 0.238512\n"}
,{"stream_name":"stdout","time":736.411283713,"data":"SECONDARY_EDGE_TTA_ACTIVE views= 8 weight= 0.75 mean_abs_feat_delta= 0.244666\n"}
,{"stream_name":"stdout","time":736.45579397,"data":"SECONDARY_EDGE_TTA_ACTIVE views= 8 weight= 0.75 mean_abs_feat_delta= 0.238512\n"}
,{"stream_name":"stdout","time":736.455820475,"data":"SECONDARY_EDGE_TTA_ACTIVE views= 8 weight= 0.75 mean_abs_feat_delta= 0.244666\n"}
,{"stream_name":"stdout","time":737.735015301,"data":"EDGE_TTA_ACTIVE views= 10 mean_abs_feat_delta= 0.347792\n"}
,{"stream_name":"stdout","time":737.937473299,"data":"EDGE_TTA_ACTIVE views= 10 mean_abs_feat_delta= 0.347792\n"}
,{"stream_name":"stdout","time":738.117885941,"data":"EDGE_TTA_ACTIVE views= 10 mean_abs_feat_delta= 0.334823\n"}
,{"stream_name":"stdout","time":738.320189297,"data":"EDGE_TTA_ACTIVE views= 10 mean_abs_feat_delta= 0.334823\n"}
,{"stream_name":"stdout","time":738.797226269,"data":"SECONDARY_EDGE_TTA_ACTIVE views= 8 weight= 0.75 mean_abs_feat_delta= 0.246384\n"}
,{"stream_name":"stdout","time":738.999661054,"data":"SECONDARY_EDGE_TTA_ACTIVE views= 8 weight= 0.75 mean_abs_feat_delta= 0.246384\n"}
,{"stream_name":"stdout","time":739.185965445,"data":"SECONDARY_EDGE_TTA_ACTIVE views= 8 weight= 0.75 mean_abs_feat_delta= 0.244039\n"}
,{"stream_name":"stdout","time":739.388461583,"data":"SECONDARY_EDGE_TTA_ACTIVE views= 8 weight= 0.75 mean_abs_feat_delta= 0.244039\n"}
,{"stream_name":"stdout","time":740.243136032,"data":"EDGE_TTA_ACTIVE views= 10 mean_abs_feat_delta= 0.360021\n"}
,{"stream_name":"stdout","time":740.445535976,"data":"EDGE_TTA_ACTIVE views= 10 mean_abs_feat_delta= 0.360021\n"}
,{"stream_name":"stdout","time":740.858475845,"data":"EDGE_TTA_ACTIVE views= 10 mean_abs_feat_delta= 0.333544\n"}
,{"stream_name":"stdout","time":741.060629985,"data":"EDGE_TTA_ACTIVE views= 10 mean_abs_feat_delta= 0.333544\n"}
,{"stream_name":"stdout","time":741.309068348,"data":"SECONDARY_EDGE_TTA_ACTIVE views= 8 weight= 0.75 mean_abs_feat_delta= 0.234938\n"}
,{"stream_name":"stdout","time":741.511554047,"data":"SECONDARY_EDGE_TTA_ACTIVE views= 8 weight= 0.75 mean_abs_feat_delta= 0.234938\n"}
,{"stream_name":"stdout","time":741.931204163,"data":"SECONDARY_EDGE_TTA_ACTIVE views= 8 weight= 0.75 mean_abs_feat_delta= 0.245322\n"}
,{"stream_name":"stdout","time":742.133626048,"data":"SECONDARY_EDGE_TTA_ACTIVE views= 8 weight= 0.75 mean_abs_feat_delta= 0.245322\n"}
,{"stream_name":"stdout","time":742.713835818,"data":"EDGE_TTA_ACTIVE views= 10 mean_abs_feat_delta= 0.357839\n"}
,{"stream_name":"stdout","time":742.916322679,"data":"EDGE_TTA_ACTIVE views= 10 mean_abs_feat_delta= 0.357839\n"}
,{"stream_name":"stdout","time":743.639923799,"data":"EDGE_TTA_ACTIVE views= 10 mean_abs_feat_delta= 0.332593\n"}
,{"stream_name":"stdout","time":743.781223263,"data":"SECONDARY_EDGE_TTA_ACTIVE views= 8 weight= 0.75 mean_abs_feat_delta= 0.237752\n"}
,{"stream_name":"stdout","time":743.842100399,"data":"EDGE_TTA_ACTIVE views= 10 mean_abs_feat_delta= 0.332593\n"}
,{"stream_name":"stdout","time":743.842125456,"data":"SECONDARY_EDGE_TTA_ACTIVE views= 8 weight= 0.75 mean_abs_feat_delta= 0.237752\n"}
,{"stream_name":"stdout","time":744.71317252,"data":"SECONDARY_EDGE_TTA_ACTIVE views= 8 weight= 0.75 mean_abs_feat_delta= 0.2464\n"}
,{"stream_name":"stdout","time":744.915382603,"data":"SECONDARY_EDGE_TTA_ACTIVE views= 8 weight= 0.75 mean_abs_feat_delta= 0.2464\n"}
,{"stream_name":"stdout","time":745.223304569,"data":"EDGE_TTA_ACTIVE views= 10 mean_abs_feat_delta= 0.355093\n"}
,{"stream_name":"stdout","time":745.425714805,"data":"EDGE_TTA_ACTIVE views= 10 mean_abs_feat_delta= 0.355093\n"}
,{"stream_name":"stdout","time":746.284727832,"data":"SECONDARY_EDGE_TTA_ACTIVE views= 8 weight= 0.75 mean_abs_feat_delta= 0.23573\n"}
,{"stream_name":"stdout","time":746.373922979,"data":"EDGE_TTA_ACTIVE views= 10 mean_abs_feat_delta= 0.329312\n"}
,{"stream_name":"stdout","time":746.487327256,"data":"SECONDARY_EDGE_TTA_ACTIVE views= 8 weight= 0.75 mean_abs_feat_delta= 0.23573\n"}
,{"stream_name":"stdout","time":746.4873572,"data":"EDGE_TTA_ACTIVE views= 10 mean_abs_feat_delta= 0.329312\n"}
,{"stream_name":"stdout","time":747.447078954,"data":"SECONDARY_EDGE_TTA_ACTIVE views= 8 weight= 0.75 mean_abs_feat_delta= 0.244837\n"}
,{"stream_name":"stdout","time":747.649350898,"data":"SECONDARY_EDGE_TTA_ACTIVE views= 8 weight= 0.75 mean_abs_feat_delta= 0.244837\n"}
,{"stream_name":"stdout","time":747.723869991,"data":"EDGE_TTA_ACTIVE views= 10 mean_abs_feat_delta= 0.357941\n"}
,{"stream_name":"stdout","time":747.926104922,"data":"EDGE_TTA_ACTIVE views= 10 mean_abs_feat_delta= 0.357941\n"}
,{"stream_name":"stdout","time":748.790546748,"data":"SECONDARY_EDGE_TTA_ACTIVE views= 8 weight= 0.75 mean_abs_feat_delta= 0.235636\n"}
,{"stream_name":"stdout","time":748.992943069,"data":"SECONDARY_EDGE_TTA_ACTIVE views= 8 weight= 0.75 mean_abs_feat_delta= 0.235636\n"}
,{"stream_name":"stdout","time":749.208661966,"data":"EDGE_TTA_ACTIVE views= 10 mean_abs_feat_delta= 0.328036\n"}
,{"stream_name":"stdout","time":749.410761733,"data":"EDGE_TTA_ACTIVE views= 10 mean_abs_feat_delta= 0.328036\n"}
,{"stream_name":"stdout","time":750.217274224,"data":"EDGE_TTA_ACTIVE views= 10 mean_abs_feat_delta= 0.353779\n"}
,{"stream_name":"stdout","time":750.275365615,"data":"SECONDARY_EDGE_TTA_ACTIVE views= 8 weight= 0.75 mean_abs_feat_delta= 0.249715\n"}
,{"stream_name":"stdout","time":750.419368385,"data":"EDGE_TTA_ACTIVE views= 10 mean_abs_feat_delta= 0.353779\n"}
,{"stream_name":"stdout","time":750.41939227,"data":"SECONDARY_EDGE_TTA_ACTIVE views= 8 weight= 0.75 mean_abs_feat_delta= 0.249715\n"}
,{"stream_name":"stdout","time":751.287302483,"data":"SECONDARY_EDGE_TTA_ACTIVE views= 8 weight= 0.75 mean_abs_feat_delta= 0.23299\n"}
,{"stream_name":"stdout","time":751.489801979,"data":"SECONDARY_EDGE_TTA_ACTIVE views= 8 weight= 0.75 mean_abs_feat_delta= 0.23299\n"}
,{"stream_name":"stdout","time":751.95743321,"data":"EDGE_TTA_ACTIVE views= 10 mean_abs_feat_delta= 0.328035\n"}
,{"stream_name":"stdout","time":752.159949554,"data":"EDGE_TTA_ACTIVE views= 10 mean_abs_feat_delta= 0.328035\n"}
,{"stream_name":"stdout","time":752.777546628,"data":"EDGE_TTA_ACTIVE views= 10 mean_abs_feat_delta= 0.353794\n"}
,{"stream_name":"stdout","time":752.979912974,"data":"EDGE_TTA_ACTIVE views= 10 mean_abs_feat_delta= 0.353794\n"}
,{"stream_name":"stdout","time":753.027252894,"data":"SECONDARY_EDGE_TTA_ACTIVE views= 8 weight= 0.75 mean_abs_feat_delta= 0.246366\n"}
,{"stream_name":"stdout","time":753.229260282,"data":"SECONDARY_EDGE_TTA_ACTIVE views= 8 weight= 0.75 mean_abs_feat_delta= 0.246366\n"}
,{"stream_name":"stdout","time":753.843816311,"data":"SECONDARY_EDGE_TTA_ACTIVE views= 8 weight= 0.75 mean_abs_feat_delta= 0.232458\n"}
,{"stream_name":"stdout","time":754.045958511,"data":"SECONDARY_EDGE_TTA_ACTIVE views= 8 weight= 0.75 mean_abs_feat_delta= 0.232458\n"}
,{"stream_name":"stdout","time":754.706714067,"data":"EDGE_TTA_ACTIVE views= 10 mean_abs_feat_delta= 0.335276\n"}
,{"stream_name":"stdout","time":754.909204658,"data":"EDGE_TTA_ACTIVE views= 10 mean_abs_feat_delta= 0.335276\n"}
,{"stream_name":"stdout","time":755.304401953,"data":"EDGE_TTA_ACTIVE views= 10 mean_abs_feat_delta= 0.355372\n"}
,{"stream_name":"stdout","time":755.506717208,"data":"EDGE_TTA_ACTIVE views= 10 mean_abs_feat_delta= 0.355372\n"}
,{"stream_name":"stdout","time":755.775345711,"data":"SECONDARY_EDGE_TTA_ACTIVE views= 8 weight= 0.75 mean_abs_feat_delta= 0.250553\n"}
,{"stream_name":"stdout","time":755.977681438,"data":"SECONDARY_EDGE_TTA_ACTIVE views= 8 weight= 0.75 mean_abs_feat_delta= 0.250553\n"}
,{"stream_name":"stdout","time":756.368030832,"data":"SECONDARY_EDGE_TTA_ACTIVE views= 8 weight= 0.75 mean_abs_feat_delta= 0.232166\n"}
,{"stream_name":"stdout","time":756.570309278,"data":"SECONDARY_EDGE_TTA_ACTIVE views= 8 weight= 0.75 mean_abs_feat_delta= 0.232166\n"}
,{"stream_name":"stdout","time":757.391404095,"data":"EDGE_TTA_ACTIVE views= 10 mean_abs_feat_delta= 0.337087\n"}
,{"stream_name":"stdout","time":757.593594021,"data":"EDGE_TTA_ACTIVE views= 10 mean_abs_feat_delta= 0.337087\n"}
,{"stream_name":"stdout","time":757.820954368,"data":"EDGE_TTA_ACTIVE views= 10 mean_abs_feat_delta= 0.348763\n"}
,{"stream_name":"stdout","time":758.023155803,"data":"EDGE_TTA_ACTIVE views= 10 mean_abs_feat_delta= 0.348763\n"}
,{"stream_name":"stdout","time":758.461997765,"data":"SECONDARY_EDGE_TTA_ACTIVE views= 8 weight= 0.75 mean_abs_feat_delta= 0.253052\n"}
,{"stream_name":"stdout","time":758.66456912,"data":"SECONDARY_EDGE_TTA_ACTIVE views= 8 weight= 0.75 mean_abs_feat_delta= 0.253052\n"}
,{"stream_name":"stdout","time":758.885943492,"data":"SECONDARY_EDGE_TTA_ACTIVE views= 8 weight= 0.75 mean_abs_feat_delta= 0.232609\n"}
,{"stream_name":"stdout","time":759.088465297,"data":"SECONDARY_EDGE_TTA_ACTIVE views= 8 weight= 0.75 mean_abs_feat_delta= 0.232609\n"}
,{"stream_name":"stdout","time":760.182890582,"data":"EDGE_TTA_ACTIVE views= 10 mean_abs_feat_delta= 0.331792\n"}
,{"stream_name":"stdout","time":760.333488213,"data":"EDGE_TTA_ACTIVE views= 10 mean_abs_feat_delta= 0.34842\n"}
,{"stream_name":"stdout","time":760.43220209,"data":"EDGE_TTA_ACTIVE views= 10 mean_abs_feat_delta= 0.331792\n"}
,{"stream_name":"stdout","time":760.432222119,"data":"EDGE_TTA_ACTIVE views= 10 mean_abs_feat_delta= 0.34842\n"}
,{"stream_name":"stdout","time":761.254094822,"data":"SECONDARY_EDGE_TTA_ACTIVE views= 8 weight= 0.75 mean_abs_feat_delta= 0.249056\n"}
,{"stream_name":"stdout","time":761.396312077,"data":"SECONDARY_EDGE_TTA_ACTIVE views= 8 weight= 0.75 mean_abs_feat_delta= 0.232939\n"}
,{"stream_name":"stdout","time":761.456299735,"data":"SECONDARY_EDGE_TTA_ACTIVE views= 8 weight= 0.75 mean_abs_feat_delta= 0.249056\n"}
,{"stream_name":"stdout","time":761.456324369,"data":"SECONDARY_EDGE_TTA_ACTIVE views= 8 weight= 0.75 mean_abs_feat_delta= 0.232939\n"}
,{"stream_name":"stdout","time":762.785279511,"data":"EDGE_TTA_ACTIVE views= 10 mean_abs_feat_delta= 0.352112\n"}
,{"stream_name":"stdout","time":762.887188837,"data":"EDGE_TTA_ACTIVE views= 10 mean_abs_feat_delta= 0.328528\n"}
,{"stream_name":"stdout","time":762.987728175,"data":"EDGE_TTA_ACTIVE views= 10 mean_abs_feat_delta= 0.352112\n"}
,{"stream_name":"stdout","time":762.987748626,"data":"EDGE_TTA_ACTIVE views= 10 mean_abs_feat_delta= 0.328528\n"}
,{"stream_name":"stdout","time":763.848178453,"data":"SECONDARY_EDGE_TTA_ACTIVE views= 8 weight= 0.75 mean_abs_feat_delta= 0.231872\n"}
,{"stream_name":"stdout","time":763.950653908,"data":"SECONDARY_EDGE_TTA_ACTIVE views= 8 weight= 0.75 mean_abs_feat_delta= 0.249429\n"}
,{"stream_name":"stdout","time":764.050545499,"data":"SECONDARY_EDGE_TTA_ACTIVE views= 8 weight= 0.75 mean_abs_feat_delta= 0.231872\n"}
,{"stream_name":"stdout","time":764.050572185,"data":"SECONDARY_EDGE_TTA_ACTIVE views= 8 weight= 0.75 mean_abs_feat_delta= 0.249429\n"}
,{"stream_name":"stdout","time":765.297601836,"data":"EDGE_TTA_ACTIVE views= 10 mean_abs_feat_delta= 0.348451\n"}
,{"stream_name":"stdout","time":765.500172699,"data":"EDGE_TTA_ACTIVE views= 10 mean_abs_feat_delta= 0.348451\n"}
,{"stream_name":"stdout","time":765.61142598,"data":"EDGE_TTA_ACTIVE views= 10 mean_abs_feat_delta= 0.328207\n"}
,{"stream_name":"stdout","time":765.813683692,"data":"EDGE_TTA_ACTIVE views= 10 mean_abs_feat_delta= 0.328207\n"}
,{"stream_name":"stdout","time":766.360974117,"data":"SECONDARY_EDGE_TTA_ACTIVE views= 8 weight= 0.75 mean_abs_feat_delta= 0.232685\n"}
,{"stream_name":"stdout","time":766.563372748,"data":"SECONDARY_EDGE_TTA_ACTIVE views= 8 weight= 0.75 mean_abs_feat_delta= 0.232685\n"}
,{"stream_name":"stdout","time":766.677542629,"data":"SECONDARY_EDGE_TTA_ACTIVE views= 8 weight= 0.75 mean_abs_feat_delta= 0.246018\n"}
,{"stream_name":"stdout","time":766.879754029,"data":"SECONDARY_EDGE_TTA_ACTIVE views= 8 weight= 0.75 mean_abs_feat_delta= 0.246018\n"}
,{"stream_name":"stdout","time":767.787253693,"data":"EDGE_TTA_ACTIVE views= 10 mean_abs_feat_delta= 0.34625\n"}
,{"stream_name":"stdout","time":767.989626893,"data":"EDGE_TTA_ACTIVE views= 10 mean_abs_feat_delta= 0.34625\n"}
,{"stream_name":"stdout","time":768.365294651,"data":"EDGE_TTA_ACTIVE views= 10 mean_abs_feat_delta= 0.328839\n"}
,{"stream_name":"stdout","time":768.567768715,"data":"EDGE_TTA_ACTIVE views= 10 mean_abs_feat_delta= 0.328839\n"}
,{"stream_name":"stdout","time":768.844579937,"data":"SECONDARY_EDGE_TTA_ACTIVE views= 8 weight= 0.75 mean_abs_feat_delta= 0.233018\n"}
,{"stream_name":"stdout","time":769.047226764,"data":"SECONDARY_EDGE_TTA_ACTIVE views= 8 weight= 0.75 mean_abs_feat_delta= 0.233018\n"}
,{"stream_name":"stdout","time":769.434603305,"data":"SECONDARY_EDGE_TTA_ACTIVE views= 8 weight= 0.75 mean_abs_feat_delta= 0.244333\n"}
,{"stream_name":"stdout","time":769.636941364,"data":"SECONDARY_EDGE_TTA_ACTIVE views= 8 weight= 0.75 mean_abs_feat_delta= 0.244333\n"}
,{"stream_name":"stdout","time":770.296730979,"data":"EDGE_TTA_ACTIVE views= 10 mean_abs_feat_delta= 0.346904\n"}
,{"stream_name":"stdout","time":770.499199107,"data":"EDGE_TTA_ACTIVE views= 10 mean_abs_feat_delta= 0.346904\n"}
,{"stream_name":"stdout","time":771.071188149,"data":"EDGE_TTA_ACTIVE views= 10 mean_abs_feat_delta= 0.328334\n"}
,{"stream_name":"stdout","time":771.273548312,"data":"EDGE_TTA_ACTIVE views= 10 mean_abs_feat_delta= 0.328334\n"}
,{"stream_name":"stdout","time":771.356077671,"data":"SECONDARY_EDGE_TTA_ACTIVE views= 8 weight= 0.75 mean_abs_feat_delta= 0.234885\n"}
,{"stream_name":"stdout","time":771.558326271,"data":"SECONDARY_EDGE_TTA_ACTIVE views= 8 weight= 0.75 mean_abs_feat_delta= 0.234885\n"}
,{"stream_name":"stdout","time":772.136051069,"data":"SECONDARY_EDGE_TTA_ACTIVE views= 8 weight= 0.75 mean_abs_feat_delta= 0.248241\n"}
,{"stream_name":"stdout","time":772.338230014,"data":"SECONDARY_EDGE_TTA_ACTIVE views= 8 weight= 0.75 mean_abs_feat_delta= 0.248241\n"}
,{"stream_name":"stdout","time":772.753833631,"data":"EDGE_TTA_ACTIVE views= 10 mean_abs_feat_delta= 0.348692\n"}
,{"stream_name":"stdout","time":772.956368471,"data":"EDGE_TTA_ACTIVE views= 10 mean_abs_feat_delta= 0.348692\n"}
,{"stream_name":"stdout","time":773.794272171,"data":"EDGE_TTA_ACTIVE views= 10 mean_abs_feat_delta= 0.323822\n"}
,{"stream_name":"stdout","time":773.81872551,"data":"SECONDARY_EDGE_TTA_ACTIVE views= 8 weight= 0.75 mean_abs_feat_delta= 0.232744\n"}
,{"stream_name":"stdout","time":773.996613417,"data":"EDGE_TTA_ACTIVE views= 10 mean_abs_feat_delta= 0.323822\n"}
,{"stream_name":"stdout","time":773.996641831,"data":"SECONDARY_EDGE_TTA_ACTIVE views= 8 weight= 0.75 mean_abs_feat_delta= 0.232744\n"}
,{"stream_name":"stdout","time":774.860552765,"data":"SECONDARY_EDGE_TTA_ACTIVE views= 8 weight= 0.75 mean_abs_feat_delta= 0.239474\n"}
,{"stream_name":"stdout","time":775.062879064,"data":"SECONDARY_EDGE_TTA_ACTIVE views= 8 weight= 0.75 mean_abs_feat_delta= 0.239474\n"}
,{"stream_name":"stdout","time":775.243374472,"data":"EDGE_TTA_ACTIVE views= 10 mean_abs_feat_delta= 0.352827\n"}
,{"stream_name":"stdout","time":775.446008369,"data":"EDGE_TTA_ACTIVE views= 10 mean_abs_feat_delta= 0.352827\n"}
,{"stream_name":"stdout","time":776.303952215,"data":"SECONDARY_EDGE_TTA_ACTIVE views= 8 weight= 0.75 mean_abs_feat_delta= 0.229484\n"}
,{"stream_name":"stdout","time":776.490544148,"data":"EDGE_TTA_ACTIVE views= 10 mean_abs_feat_delta= 0.325642\n"}
,{"stream_name":"stdout","time":776.506328897,"data":"SECONDARY_EDGE_TTA_ACTIVE views= 8 weight= 0.75 mean_abs_feat_delta= 0.229484\n"}
,{"stream_name":"stdout","time":776.506351367,"data":"EDGE_TTA_ACTIVE views= 10 mean_abs_feat_delta= 0.325642\n"}
,{"stream_name":"stdout","time":777.558141772,"data":"SECONDARY_EDGE_TTA_ACTIVE views= 8 weight= 0.75 mean_abs_feat_delta= 0.247447\n"}
,{"stream_name":"stdout","time":777.732561284,"data":"EDGE_TTA_ACTIVE views= 10 mean_abs_feat_delta= 0.353937\n"}
,{"stream_name":"stdout","time":777.760179133,"data":"SECONDARY_EDGE_TTA_ACTIVE views= 8 weight= 0.75 mean_abs_feat_delta= 0.247447\n"}
,{"stream_name":"stdout","time":777.76019725,"data":"EDGE_TTA_ACTIVE views= 10 mean_abs_feat_delta= 0.353937\n"}
,{"stream_name":"stdout","time":778.791350228,"data":"SECONDARY_EDGE_TTA_ACTIVE views= 8 weight= 0.75 mean_abs_feat_delta= 0.231302\n"}
,{"stream_name":"stdout","time":778.99367401,"data":"SECONDARY_EDGE_TTA_ACTIVE views= 8 weight= 0.75 mean_abs_feat_delta= 0.231302\n"}
,{"stream_name":"stdout","time":779.216439351,"data":"EDGE_TTA_ACTIVE views= 10 mean_abs_feat_delta= 0.326732\n"}
,{"stream_name":"stdout","time":779.418516966,"data":"EDGE_TTA_ACTIVE views= 10 mean_abs_feat_delta= 0.326732\n"}
,{"stream_name":"stdout","time":780.261941879,"data":"EDGE_TTA_ACTIVE views= 10 mean_abs_feat_delta= 0.351685\n"}
,{"stream_name":"stdout","time":780.282837159,"data":"SECONDARY_EDGE_TTA_ACTIVE views= 8 weight= 0.75 mean_abs_feat_delta= 0.242876\n"}
,{"stream_name":"stdout","time":780.464541333,"data":"EDGE_TTA_ACTIVE views= 10 mean_abs_feat_delta= 0.351685\n"}
,{"stream_name":"stdout","time":780.464571695,"data":"SECONDARY_EDGE_TTA_ACTIVE views= 8 weight= 0.75 mean_abs_feat_delta= 0.242876\n"}
,{"stream_name":"stdout","time":781.321234513,"data":"SECONDARY_EDGE_TTA_ACTIVE views= 8 weight= 0.75 mean_abs_feat_delta= 0.233885\n"}
,{"stream_name":"stdout","time":781.523623005,"data":"SECONDARY_EDGE_TTA_ACTIVE views= 8 weight= 0.75 mean_abs_feat_delta= 0.233885\n"}
,{"stream_name":"stdout","time":781.931744994,"data":"EDGE_TTA_ACTIVE views= 10 mean_abs_feat_delta= 0.328499\n"}
,{"stream_name":"stdout","time":782.134116845,"data":"EDGE_TTA_ACTIVE views= 10 mean_abs_feat_delta= 0.328499\n"}
,{"stream_name":"stdout","time":782.716973076,"data":"EDGE_TTA_ACTIVE views= 10 mean_abs_feat_delta= 0.352149\n"}
,{"stream_name":"stdout","time":782.919443039,"data":"EDGE_TTA_ACTIVE views= 10 mean_abs_feat_delta= 0.352149\n"}
,{"stream_name":"stdout","time":782.999423405,"data":"SECONDARY_EDGE_TTA_ACTIVE views= 8 weight= 0.75 mean_abs_feat_delta= 0.249719\n"}
,{"stream_name":"stdout","time":783.201732847,"data":"SECONDARY_EDGE_TTA_ACTIVE views= 8 weight= 0.75 mean_abs_feat_delta= 0.249719\n"}
,{"stream_name":"stdout","time":783.775721044,"data":"SECONDARY_EDGE_TTA_ACTIVE views= 8 weight= 0.75 mean_abs_feat_delta= 0.235923\n"}
,{"stream_name":"stdout","time":783.977981059,"data":"SECONDARY_EDGE_TTA_ACTIVE views= 8 weight= 0.75 mean_abs_feat_delta= 0.235923\n"}
,{"stream_name":"stdout","time":784.656538002,"data":"EDGE_TTA_ACTIVE views= 10 mean_abs_feat_delta= 0.329569\n"}
,{"stream_name":"stdout","time":784.859043063,"data":"EDGE_TTA_ACTIVE views= 10 mean_abs_feat_delta= 0.329569\n"}
,{"stream_name":"stdout","time":785.168286908,"data":"EDGE_TTA_ACTIVE views= 10 mean_abs_feat_delta= 0.350599\n"}
,{"stream_name":"stdout","time":785.370544451,"data":"EDGE_TTA_ACTIVE views= 10 mean_abs_feat_delta= 0.350599\n"}
,{"stream_name":"stdout","time":785.723580631,"data":"SECONDARY_EDGE_TTA_ACTIVE views= 8 weight= 0.75 mean_abs_feat_delta= 0.250474\n"}
,{"stream_name":"stdout","time":785.925936139,"data":"SECONDARY_EDGE_TTA_ACTIVE views= 8 weight= 0.75 mean_abs_feat_delta= 0.250474\n"}
,{"stream_name":"stdout","time":786.234499236,"data":"SECONDARY_EDGE_TTA_ACTIVE views= 8 weight= 0.75 mean_abs_feat_delta= 0.236514\n"}
,{"stream_name":"stdout","time":786.436614083,"data":"SECONDARY_EDGE_TTA_ACTIVE views= 8 weight= 0.75 mean_abs_feat_delta= 0.236514\n"}
,{"stream_name":"stdout","time":787.344727318,"data":"EDGE_TTA_ACTIVE views= 10 mean_abs_feat_delta= 0.33007\n"}
,{"stream_name":"stdout","time":787.547192138,"data":"EDGE_TTA_ACTIVE views= 10 mean_abs_feat_delta= 0.33007\n"}
,{"stream_name":"stdout","time":787.662389889,"data":"EDGE_TTA_ACTIVE views= 10 mean_abs_feat_delta= 0.353845\n"}
,{"stream_name":"stdout","time":787.864512475,"data":"EDGE_TTA_ACTIVE views= 10 mean_abs_feat_delta= 0.353845\n"}
,{"stream_name":"stdout","time":788.413664627,"data":"SECONDARY_EDGE_TTA_ACTIVE views= 8 weight= 0.75 mean_abs_feat_delta= 0.243806\n"}
,{"stream_name":"stdout","time":788.616068985,"data":"SECONDARY_EDGE_TTA_ACTIVE views= 8 weight= 0.75 mean_abs_feat_delta= 0.243806\n"}
,{"stream_name":"stdout","time":788.720491351,"data":"SECONDARY_EDGE_TTA_ACTIVE views= 8 weight= 0.75 mean_abs_feat_delta= 0.236886\n"}
,{"stream_name":"stdout","time":788.922860252,"data":"SECONDARY_EDGE_TTA_ACTIVE views= 8 weight= 0.75 mean_abs_feat_delta= 0.236886\n"}
,{"stream_name":"stdout","time":790.040781452,"data":"EDGE_TTA_ACTIVE views= 10 mean_abs_feat_delta= 0.329728\n"}
,{"stream_name":"stdout","time":790.170492107,"data":"EDGE_TTA_ACTIVE views= 10 mean_abs_feat_delta= 0.354593\n"}
,{"stream_name":"stdout","time":790.24321718,"data":"EDGE_TTA_ACTIVE views= 10 mean_abs_feat_delta= 0.329728\n"}
,{"stream_name":"stdout","time":790.243237562,"data":"EDGE_TTA_ACTIVE views= 10 mean_abs_feat_delta= 0.354593\n"}
,{"stream_name":"stdout","time":791.106717607,"data":"SECONDARY_EDGE_TTA_ACTIVE views= 8 weight= 0.75 mean_abs_feat_delta= 0.245508\n"}
,{"stream_name":"stdout","time":791.230201733,"data":"SECONDARY_EDGE_TTA_ACTIVE views= 8 weight= 0.75 mean_abs_feat_delta= 0.236659\n"}
,{"stream_name":"stdout","time":791.339640751,"data":"SECONDARY_EDGE_TTA_ACTIVE views= 8 weight= 0.75 mean_abs_feat_delta= 0.245508\n"}
,{"stream_name":"stdout","time":791.339667413,"data":"SECONDARY_EDGE_TTA_ACTIVE views= 8 weight= 0.75 mean_abs_feat_delta= 0.236659\n"}
,{"stream_name":"stdout","time":792.669361,"data":"EDGE_TTA_ACTIVE views= 10 mean_abs_feat_delta= 0.357867\n"}
,{"stream_name":"stdout","time":792.77057796,"data":"EDGE_TTA_ACTIVE views= 10 mean_abs_feat_delta= 0.3169\n"}
,{"stream_name":"stdout","time":792.871607832,"data":"EDGE_TTA_ACTIVE views= 10 mean_abs_feat_delta= 0.357867\n"}
,{"stream_name":"stdout","time":792.87162841,"data":"EDGE_TTA_ACTIVE views= 10 mean_abs_feat_delta= 0.3169\n"}
,{"stream_name":"stdout","time":793.734241411,"data":"SECONDARY_EDGE_TTA_ACTIVE views= 8 weight= 0.75 mean_abs_feat_delta= 0.238038\n"}
,{"stream_name":"stdout","time":793.836819089,"data":"SECONDARY_EDGE_TTA_ACTIVE views= 8 weight= 0.75 mean_abs_feat_delta= 0.241957\n"}
,{"stream_name":"stdout","time":793.937267525,"data":"SECONDARY_EDGE_TTA_ACTIVE views= 8 weight= 0.75 mean_abs_feat_delta= 0.238038\n"}
,{"stream_name":"stdout","time":793.937301182,"data":"SECONDARY_EDGE_TTA_ACTIVE views= 8 weight= 0.75 mean_abs_feat_delta= 0.241957\n"}
,{"stream_name":"stdout","time":795.672957907,"data":"EDGE_TTA_ACTIVE views= 10 mean_abs_feat_delta= 0.318411\n"}
,{"stream_name":"stdout","time":795.875515547,"data":"EDGE_TTA_ACTIVE views= 10 mean_abs_feat_delta= 0.318411\n"}
,{"stream_name":"stdout","time":796.739591361,"data":"SECONDARY_EDGE_TTA_ACTIVE views= 8 weight= 0.75 mean_abs_feat_delta= 0.252361\n"}
,{"stream_name":"stdout","time":796.942518191,"data":"SECONDARY_EDGE_TTA_ACTIVE views= 8 weight= 0.75 mean_abs_feat_delta= 0.252361\n"}
,{"stream_name":"stdout","time":798.24358533,"data":"Saved 2 predictions to /kaggle/working/tracking_repo/predictions/unknown/unet_transformer_gpu0/split_0\n"}
,{"stream_name":"stdout","time":798.336454042,"data":"EDGE_TTA_ACTIVE views= 10 mean_abs_feat_delta= 0.314949\n"}
,{"stream_name":"stdout","time":798.446139976,"data":"Saved 2 predictions to /kaggle/working/tracking_repo/predictions/unknown/unet_transformer_gpu0/split_0\n"}
,{"stream_name":"stdout","time":798.446194296,"data":"EDGE_TTA_ACTIVE views= 10 mean_abs_feat_delta= 0.314949\n"}
,{"stream_name":"stdout","time":799.406242174,"data":"SECONDARY_EDGE_TTA_ACTIVE views= 8 weight= 0.75 mean_abs_feat_delta= 0.245152\n"}
,{"stream_name":"stdout","time":799.60857481,"data":"SECONDARY_EDGE_TTA_ACTIVE views= 8 weight= 0.75 mean_abs_feat_delta= 0.245152\n"}
,{"stream_name":"stdout","time":801.029047201,"data":"EDGE_TTA_ACTIVE views= 10 mean_abs_feat_delta= 0.314114\n"}
,{"stream_name":"stdout","time":801.231380406,"data":"EDGE_TTA_ACTIVE views= 10 mean_abs_feat_delta= 0.314114\n"}
,{"stream_name":"stdout","time":802.098686058,"data":"SECONDARY_EDGE_TTA_ACTIVE views= 8 weight= 0.75 mean_abs_feat_delta= 0.249767\n"}
,{"stream_name":"stdout","time":802.301263794,"data":"SECONDARY_EDGE_TTA_ACTIVE views= 8 weight= 0.75 mean_abs_feat_delta= 0.249767\n"}
,{"stream_name":"stdout","time":803.768827844,"data":"EDGE_TTA_ACTIVE views= 10 mean_abs_feat_delta= 0.316485\n"}
,{"stream_name":"stdout","time":803.971126791,"data":"EDGE_TTA_ACTIVE views= 10 mean_abs_feat_delta= 0.316485\n"}
,{"stream_name":"stdout","time":804.839297945,"data":"SECONDARY_EDGE_TTA_ACTIVE views= 8 weight= 0.75 mean_abs_feat_delta= 0.251085\n"}
,{"stream_name":"stdout","time":805.041463572,"data":"SECONDARY_EDGE_TTA_ACTIVE views= 8 weight= 0.75 mean_abs_feat_delta= 0.251085\n"}
,{"stream_name":"stdout","time":806.522069916,"data":"EDGE_TTA_ACTIVE views= 10 mean_abs_feat_delta= 0.316535\n"}
,{"stream_name":"stdout","time":806.724148499,"data":"EDGE_TTA_ACTIVE views= 10 mean_abs_feat_delta= 0.316535\n"}
,{"stream_name":"stdout","time":807.595871371,"data":"SECONDARY_EDGE_TTA_ACTIVE views= 8 weight= 0.75 mean_abs_feat_delta= 0.239244\n"}
,{"stream_name":"stdout","time":807.797974619,"data":"SECONDARY_EDGE_TTA_ACTIVE views= 8 weight= 0.75 mean_abs_feat_delta= 0.239244\n"}
,{"stream_name":"stdout","time":809.323717214,"data":"EDGE_TTA_ACTIVE views= 10 mean_abs_feat_delta= 0.314438\n"}
,{"stream_name":"stdout","time":809.525800394,"data":"EDGE_TTA_ACTIVE views= 10 mean_abs_feat_delta= 0.314438\n"}
,{"stream_name":"stdout","time":810.401814376,"data":"SECONDARY_EDGE_TTA_ACTIVE views= 8 weight= 0.75 mean_abs_feat_delta= 0.247015\n"}
,{"stream_name":"stdout","time":810.603911134,"data":"SECONDARY_EDGE_TTA_ACTIVE views= 8 weight= 0.75 mean_abs_feat_delta= 0.247015\n"}
,{"stream_name":"stdout","time":812.120188081,"data":"EDGE_TTA_ACTIVE views= 10 mean_abs_feat_delta= 0.315375\n"}
,{"stream_name":"stdout","time":812.322249831,"data":"EDGE_TTA_ACTIVE views= 10 mean_abs_feat_delta= 0.315375\n"}
,{"stream_name":"stdout","time":813.197456265,"data":"SECONDARY_EDGE_TTA_ACTIVE views= 8 weight= 0.75 mean_abs_feat_delta= 0.251849\n"}
,{"stream_name":"stdout","time":813.399653673,"data":"SECONDARY_EDGE_TTA_ACTIVE views= 8 weight= 0.75 mean_abs_feat_delta= 0.251849\n"}
,{"stream_name":"stdout","time":814.842828124,"data":"EDGE_TTA_ACTIVE views= 10 mean_abs_feat_delta= 0.318177\n"}
,{"stream_name":"stdout","time":815.044982698,"data":"EDGE_TTA_ACTIVE views= 10 mean_abs_feat_delta= 0.318177\n"}
,{"stream_name":"stdout","time":815.928129913,"data":"SECONDARY_EDGE_TTA_ACTIVE views= 8 weight= 0.75 mean_abs_feat_delta= 0.251093\n"}
,{"stream_name":"stdout","time":816.130311074,"data":"SECONDARY_EDGE_TTA_ACTIVE views= 8 weight= 0.75 mean_abs_feat_delta= 0.251093\n"}
,{"stream_name":"stdout","time":817.657993517,"data":"EDGE_TTA_ACTIVE views= 10 mean_abs_feat_delta= 0.319783\n"}
,{"stream_name":"stdout","time":817.860205232,"data":"EDGE_TTA_ACTIVE views= 10 mean_abs_feat_delta= 0.319783\n"}
,{"stream_name":"stdout","time":818.747405229,"data":"SECONDARY_EDGE_TTA_ACTIVE views= 8 weight= 0.75 mean_abs_feat_delta= 0.244661\n"}
,{"stream_name":"stdout","time":818.949597586,"data":"SECONDARY_EDGE_TTA_ACTIVE views= 8 weight= 0.75 mean_abs_feat_delta= 0.244661\n"}
,{"stream_name":"stdout","time":820.392558862,"data":"EDGE_TTA_ACTIVE views= 10 mean_abs_feat_delta= 0.319297\n"}
,{"stream_name":"stdout","time":820.594655958,"data":"EDGE_TTA_ACTIVE views= 10 mean_abs_feat_delta= 0.319297\n"}
,{"stream_name":"stdout","time":821.48633402,"data":"SECONDARY_EDGE_TTA_ACTIVE views= 8 weight= 0.75 mean_abs_feat_delta= 0.243635\n"}
,{"stream_name":"stdout","time":821.719846012,"data":"SECONDARY_EDGE_TTA_ACTIVE views= 8 weight= 0.75 mean_abs_feat_delta= 0.243635\n"}
,{"stream_name":"stdout","time":823.136113048,"data":"EDGE_TTA_ACTIVE views= 10 mean_abs_feat_delta= 0.319427\n"}
,{"stream_name":"stdout","time":823.337973546,"data":"EDGE_TTA_ACTIVE views= 10 mean_abs_feat_delta= 0.319427\n"}
,{"stream_name":"stdout","time":824.233925555,"data":"SECONDARY_EDGE_TTA_ACTIVE views= 8 weight= 0.75 mean_abs_feat_delta= 0.248058\n"}
,{"stream_name":"stdout","time":824.436092297,"data":"SECONDARY_EDGE_TTA_ACTIVE views= 8 weight= 0.75 mean_abs_feat_delta= 0.248058\n"}
,{"stream_name":"stdout","time":906.665567759,"data":"Saved 2 predictions to /kaggle/working/tracking_repo/predictions/unknown/unet_transformer_gpu1/split_0\n"}
,{"stream_name":"stdout","time":906.897759407,"data":"Saved 2 predictions to /kaggle/working/tracking_repo/predictions/unknown/unet_transformer_gpu1/split_0\n"}
,{"stream_name":"stdout","time":908.61931889,"data":"Merged 4 prediction graphs into /kaggle/working/tracking_repo/predictions/unknown/unet_transformer/split_0\n"}
,{"stream_name":"stdout","time":908.619345386,"data":"Prediction completed in 10.73 minutes\n"}
,{"stream_name":"stdout","time":909.213830268,"data":"Trying DeepCenter add-only gate checkpoint: /kaggle/input/datasets/pilkwang/biohub-deepcenter-unet3d-center-prior-v1/weights/full_frame_center/best.pt\n"}
,{"stream_name":"stdout","time":909.513201789,"data":"Loaded DeepCenter add-only gate checkpoint: /kaggle/input/datasets/pilkwang/biohub-deepcenter-unet3d-center-prior-v1/weights/full_frame_center/best.pt\n"}
,{"stream_name":"stdout","time":909.513234753,"data":"DeepCenter checkpoint epoch: 2 best_score: -0.04500306242456039\n"}
,{"stream_name":"stdout","time":909.513241026,"data":"Loading DivNet checkpoint from direct path: /kaggle/input/datasets/giorgosi/biohub-divnet-v2/best_overall.pt\n"}
,{"stream_name":"stdout","time":909.513246,"data":"[OK] DivNet loaded successfully from /kaggle/input/datasets/giorgosi/biohub-divnet-v2/best_overall.pt\n"}
,{"stream_name":"stdout","time":909.513250994,"data":"Found 4 prediction graphs\n"}
,{"stream_name":"stdout","time":909.513255494,"data":"Executing parallel post-processing across 4 datasets (ThreadPoolExecutor max_workers=4)...\n"}
,{"stream_name":"stdout","time":910.971960097,"data":"  [6bba_05b6850b] Density Group: LOW -\u003e tight=7.25um, relaxed=11.0um, bonus=3.0\n"}
,{"stream_name":"stdout","time":910.972002995,"data":"  [44b6_0b24845f] Density Group: MIDDLE -\u003e tight=6.5um, relaxed=9.0um, bonus=6.0\n"}
,{"stream_name":"stdout","time":910.972007549,"data":"  [44b6_0113de3b] Density Group: MIDDLE -\u003e tight=6.5um, relaxed=9.0um, bonus=6.0\n"}
,{"stream_name":"stdout","time":912.344947122,"data":"  [6bba_05db0fb1] Density Group: HIGH -\u003e tight=5.5um, relaxed=10.0um, bonus=1.0\n"}
,{"stream_name":"stdout","time":935.03768999,"data":"  [6bba_05b6850b] after edge-filter+motion-relink: 6332 nodes, 6075 edges\n"}
,{"stream_name":"stdout","time":946.731935372,"data":"DEEPCENTER_TTA_ACTIVE views= 8 mean_abs_logit_delta= 0.139295\n"}
,{"stream_name":"stdout","time":950.398987646,"data":"  [6bba_05b6850b] after gap-closing (single-frame + gap2): 6359 nodes, 6125 edges\n"}
,{"stream_name":"stdout","time":999.202758205,"data":"  [6bba_05b6850b] after safe-division repair: 6359 nodes, 6135 edges (geometric_candidates=22, deepcenter_rejected=11, post_veto_candidates=11, added=10, cap_skipped=0, mutual_nn_rejected=7, divergence_rejected=73)\n"}
,{"stream_name":"stdout","time":999.202796805,"data":"  [6bba_05b6850b] after division-geometry-filter+prune-isolated: 6359 nodes, 6135 edges\n"}
,{"stream_name":"stdout","time":999.20280456,"data":"  [6bba_05b6850b] after short-track filtering: 6216 nodes, 6024 edges (components_removed=32)\n"}
,{"stream_name":"stdout","time":1001.430797519,"data":"  [6bba_05b6850b] after kinematic-filter (low): 6024 edges (severed=0)\n"}
,{"stream_name":"stdout","time":1001.430834256,"data":"  [6bba_05b6850b] after spline-gap-closing: 6228 nodes, 6040 edges (gaps_closed=4)\n"}
,{"stream_name":"stdout","time":1001.430840364,"data":"  [6bba_05b6850b] after collective-motion-filter: 6040 edges (severed=0)\n"}
,{"stream_name":"stdout","time":1001.430845264,"data":"  [6bba_05b6850b] FINAL: 6228 nodes, 6040 edges\n"}
,{"stream_name":"stdout","time":1001.430867559,"data":"  [6bba_05b6850b] post-process done: 6228 nodes, 6040 edges, 10 divisions\n"}
,{"stream_name":"stdout","time":1129.66700359,"data":"  [44b6_0b24845f] after edge-filter+motion-relink: 22839 nodes, 20631 edges\n"}
,{"stream_name":"stdout","time":1175.57020389,"data":"  [44b6_0113de3b] after edge-filter+motion-relink: 25730 nodes, 24811 edges\n"}
,{"stream_name":"stdout","time":1183.159877509,"data":"  [44b6_0b24845f] after gap-closing (single-frame + gap2): 23272 nodes, 21423 edges\n"}
,{"stream_name":"stdout","time":1185.706248795,"data":"  [44b6_0113de3b] after gap-closing (single-frame + gap2): 25802 nodes, 24944 edges\n"}
,{"stream_name":"stdout","time":1244.765163673,"data":"  [44b6_0b24845f] after safe-division repair: 23272 nodes, 21436 edges (geometric_candidates=215, deepcenter_rejected=201, post_veto_candidates=14, added=13, cap_skipped=0, mutual_nn_rejected=61, divergence_rejected=918)\n"}
,{"stream_name":"stdout","time":1244.765203542,"data":"  [44b6_0b24845f] after division-geometry-filter+prune-isolated: 23255 nodes, 21436 edges\n"}
,{"stream_name":"stdout","time":1244.765210214,"data":"  [44b6_0b24845f] after short-track filtering: 21024 nodes, 19714 edges (components_removed=509)\n"}
,{"stream_name":"stdout","time":1250.697382924,"data":"  [44b6_0b24845f] after kinematic-filter (middle): 19714 edges (severed=0)\n"}
,{"stream_name":"stdout","time":1251.925117894,"data":"  [44b6_0b24845f] after spline-gap-closing: 21173 nodes, 19919 edges (gaps_closed=56)\n"}
,{"stream_name":"stdout","time":1253.131374694,"data":"  [44b6_0b24845f] after collective-motion-filter: 19764 edges (severed=155)\n"}
,{"stream_name":"stdout","time":1253.131419149,"data":"  [44b6_0b24845f] FINAL: 21173 nodes, 19764 edges\n"}
,{"stream_name":"stdout","time":1253.131425363,"data":"  [44b6_0b24845f] post-process done: 21173 nodes, 19764 edges, 7 divisions\n"}
,{"stream_name":"stdout","time":1253.561727191,"data":"  [44b6_0113de3b] after safe-division repair: 25802 nodes, 24985 edges (geometric_candidates=167, deepcenter_rejected=116, post_veto_candidates=51, added=41, cap_skipped=0, mutual_nn_rejected=74, divergence_rejected=560)\n"}
,{"stream_name":"stdout","time":1253.561767078,"data":"  [44b6_0113de3b] after division-geometry-filter+prune-isolated: 25796 nodes, 24985 edges\n"}
,{"stream_name":"stdout","time":1253.561774088,"data":"  [44b6_0113de3b] after short-track filtering: 25521 nodes, 24775 edges (components_removed=65)\n"}
,{"stream_name":"stdout","time":1259.869895505,"data":"  [44b6_0113de3b] after kinematic-filter (middle): 24775 edges (severed=0)\n"}
,{"stream_name":"stdout","time":1259.869966297,"data":"  [44b6_0113de3b] after spline-gap-closing: 25539 nodes, 24799 edges (gaps_closed=6)\n"}
,{"stream_name":"stdout","time":1260.681042397,"data":"  [44b6_0113de3b] after collective-motion-filter: 24743 edges (severed=56)\n"}
,{"stream_name":"stdout","time":1260.681075825,"data":"  [44b6_0113de3b] FINAL: 25539 nodes, 24743 edges\n"}
,{"stream_name":"stdout","time":1260.681080865,"data":"  [44b6_0113de3b] post-process done: 25539 nodes, 24743 edges, 20 divisions\n"}
,{"stream_name":"stdout","time":1350.198739422,"data":"  [6bba_05db0fb1] after edge-filter+motion-relink: 70346 nodes, 67654 edges\n"}
,{"stream_name":"stdout","time":1360.8556868,"data":"  [6bba_05db0fb1] after gap-closing (single-frame + gap2): 70747 nodes, 68403 edges\n"}
,{"stream_name":"stdout","time":1391.075031953,"data":"  [6bba_05db0fb1] after safe-division repair: 70747 nodes, 68429 edges (geometric_candidates=313, deepcenter_rejected=282, post_veto_candidates=31, added=26, cap_skipped=0, mutual_nn_rejected=254, divergence_rejected=2637)\n"}
,{"stream_name":"stdout","time":1391.075068663,"data":"  [6bba_05db0fb1] after division-geometry-filter+prune-isolated: 70717 nodes, 68429 edges\n"}
,{"stream_name":"stdout","time":1391.28656326,"data":"  [6bba_05db0fb1] after short-track filtering: 69842 nodes, 67757 edges (components_removed=203)\n"}
,{"stream_name":"stdout","time":1404.815094151,"data":"  [6bba_05db0fb1] after kinematic-filter (high): 67757 edges (severed=0)\n"}
,{"stream_name":"stdout","time":1405.143871987,"data":"  [6bba_05db0fb1] after spline-gap-closing: 69999 nodes, 67973 edges (gaps_closed=59)\n"}
,{"stream_name":"stdout","time":1405.775595552,"data":"  [6bba_05db0fb1] after collective-motion-filter: 67500 edges (severed=473)\n"}
,{"stream_name":"stdout","time":1405.775623963,"data":"  [6bba_05db0fb1] FINAL: 69999 nodes, 67500 edges\n"}
,{"stream_name":"stdout","time":1405.77562982,"data":"  [6bba_05db0fb1] post-process done: 69999 nodes, 67500 edges, 14 divisions\n"}
,{"stream_name":"stdout","time":1406.812108956,"data":"Executing strict multi-point submission validation...\n"}
,{"stream_name":"stdout","time":1406.844060552,"data":"[PASS] 100% strict submission validation checks passed successfully!\n"}
,{"stream_name":"stdout","time":1406.844092569,"data":"Wrote /kaggle/working/submission.csv with 240,986 rows\n"}
,{"stream_name":"stdout","time":1406.844096511,"data":"Node rows: 122,939 | edge rows: 118,047\n"}
,{"stream_name":"stdout","time":1406.844100122,"data":"Wrote /kaggle/working/run_stats.csv\n"}
,{"stream_name":"stdout","time":1407.691816023,"data":"{\n"}
,{"stream_name":"stdout","time":1407.691863013,"data":"  \"configuration\": {\n"}
,{"stream_name":"stdout","time":1407.691878908,"data":"    \"bidirectional_primary_weight\": 0.3,\n"}
,{"stream_name":"stdout","time":1407.691884576,"data":"    \"deepcenter_gap_confirm_min_span_um\": 8.5,\n"}
,{"stream_name":"stdout","time":1407.691890211,"data":"    \"deepcenter_gap_threshold\": 0.25,\n"}
,{"stream_name":"stdout","time":1407.691895423,"data":"    \"detector_threshold\": 0.96875,\n"}
,{"stream_name":"stdout","time":1407.691899926,"data":"    \"edge_candidate_threshold\": 0.48,\n"}
,{"stream_name":"stdout","time":1407.691904408,"data":"    \"fallback_scope\": \"individual_frame\",\n"}
,{"stream_name":"stdout","time":1407.69190892,"data":"    \"gap_close_um\": 5.8,\n"}
,{"stream_name":"stdout","time":1407.691915053,"data":"    \"ilp_appearance_weight\": 0.0,\n"}
,{"stream_name":"stdout","time":1407.691923529,"data":"    \"ilp_disappearance_weight\": 1.5,\n"}
,{"stream_name":"stdout","time":1407.691926944,"data":"    \"minimum_candidate_retention\": 0.9,\n"}
,{"stream_name":"stdout","time":1407.691930043,"data":"    \"secondary_detection_weight\": 0.475,\n"}
,{"stream_name":"stdout","time":1407.691943306,"data":"    \"secondary_edge_weight\": 0.15,\n"}
,{"stream_name":"stdout","time":1407.691945827,"data":"    \"secondary_link_mode\": \"low_margin_consensus\",\n"}
,{"stream_name":"stdout","time":1407.691948187,"data":"    \"secondary_low_margin_max\": 0.35\n"}
,{"stream_name":"stdout","time":1407.691950494,"data":"  },\n"}
,{"stream_name":"stdout","time":1407.69195264,"data":"  \"diagnostics\": {\n"}
,{"stream_name":"stdout","time":1407.691954946,"data":"    \"by_movie\": {\n"}
,{"stream_name":"stdout","time":1407.691957225,"data":"      \"44b6_0113de3b\": {\n"}
,{"stream_name":"stdout","time":1407.691960386,"data":"        \"fallback_frames\": 0,\n"}
,{"stream_name":"stdout","time":1407.691980565,"data":"        \"frames\": 100,\n"}
,{"stream_name":"stdout","time":1407.691984465,"data":"        \"median_retention\": 1.0072478991596638,\n"}
,{"stream_name":"stdout","time":1407.691988477,"data":"        \"minimum_retention\": 0.9853479853479854\n"}
,{"stream_name":"stdout","time":1407.691992321,"data":"      },\n"}
,{"stream_name":"stdout","time":1407.692000136,"data":"      \"44b6_0b24845f\": {\n"}
,{"stream_name":"stdout","time":1407.692003629,"data":"        \"fallback_frames\": 69,\n"}
,{"stream_name":"stdout","time":1407.692007104,"data":"        \"frames\": 100,\n"}
,{"stream_name":"stdout","time":1407.692010519,"data":"        \"median_retention\": 0.8552717038319984,\n"}
,{"stream_name":"stdout","time":1407.692013927,"data":"        \"minimum_retention\": 0.38288288288288286\n"}
,{"stream_name":"stdout","time":1407.692017358,"data":"      },\n"}
,{"stream_name":"stdout","time":1407.692020493,"data":"      \"6bba_05b6850b\": {\n"}
,{"stream_name":"stdout","time":1407.692025546,"data":"        \"fallback_frames\": 1,\n"}
,{"stream_name":"stdout","time":1407.692032303,"data":"        \"frames\": 100,\n"}
,{"stream_name":"stdout","time":1407.692034646,"data":"        \"median_retention\": 1.0,\n"}
,{"stream_name":"stdout","time":1407.692036877,"data":"        \"minimum_retention\": 0.88\n"}
,{"stream_name":"stdout","time":1407.692039048,"data":"      },\n"}
,{"stream_name":"stdout","time":1407.692041136,"data":"      \"6bba_05db0fb1\": {\n"}
,{"stream_name":"stdout","time":1407.692043296,"data":"        \"fallback_frames\": 0,\n"}
,{"stream_name":"stdout","time":1407.692045451,"data":"        \"frames\": 100,\n"}
,{"stream_name":"stdout","time":1407.692047702,"data":"        \"median_retention\": 1.0057314119144394,\n"}
,{"stream_name":"stdout","time":1407.692049981,"data":"        \"minimum_retention\": 0.9633967789165446\n"}
,{"stream_name":"stdout","time":1407.692052381,"data":"      }\n"}
,{"stream_name":"stdout","time":1407.692054491,"data":"    },\n"}
,{"stream_name":"stdout","time":1407.69205656,"data":"    \"fallback_frames\": 70,\n"}
,{"stream_name":"stdout","time":1407.692058761,"data":"    \"rows\": 400\n"}
,{"stream_name":"stdout","time":1407.692060913,"data":"  },\n"}
,{"stream_name":"stdout","time":1407.692063109,"data":"  \"experiment\": \"harmonic_bidirectional_association_v1\",\n"}
,{"stream_name":"stdout","time":1407.692077637,"data":"  \"hardware\": {\n"}
,{"stream_name":"stdout","time":1407.6920816,"data":"    \"visible_gpu_count\": 2\n"}
,{"stream_name":"stdout","time":1407.692085411,"data":"  },\n"}
,{"stream_name":"stdout","time":1407.69208914,"data":"  \"leaderboard_feedback_used_for_configuration\": true,\n"}
,{"stream_name":"stdout","time":1407.692093334,"data":"  \"method_attribution\": \"fixed-90 dual-seed baseline with harmonic mutual-support association fusion (rule from public CC0 notebook yusuketogashi/no-hack-biohub-cell-another-approch-3rd v18)\",\n"}
,{"stream_name":"stdout","time":1407.692103406,"data":"  \"metric_hack_used\": false,\n"}
,{"stream_name":"stdout","time":1407.692106973,"data":"  \"organizer_labels_used_for_configuration\": false,\n"}
,{"stream_name":"stdout","time":1407.692110576,"data":"  \"parent_experiment\": \"paired_bidirectional_primary_weight020_vs_forward_v1\",\n"}
,{"stream_name":"stdout","time":1407.692114166,"data":"  \"public_output_used\": false,\n"}
,{"stream_name":"stdout","time":1407.692117612,"data":"  \"quality_promotion\": {\n"}
,{"stream_name":"stdout","time":1407.692121016,"data":"    \"execute_push_submit\": \"FORBIDDEN_UNTIL_REQUIRED_CONDITION\",\n"}
,{"stream_name":"stdout","time":1407.69212465,"data":"    \"required_condition\": \"promote=true\",\n"}
,{"stream_name":"stdout","time":1407.692129914,"data":"    \"required_receipt\": \"bidirectional_blend_union13_receipt.json\",\n"}
,{"stream_name":"stdout","time":1407.692133503,"data":"    \"status\": \"candidate_unverified\",\n"}
,{"stream_name":"stdout","time":1407.692137081,"data":"    \"validated_receipt_sha256\": null\n"}
,{"stream_name":"stdout","time":1407.692142229,"data":"  },\n"}
,{"stream_name":"stdout","time":1407.692148323,"data":"  \"source_kernel\": \"raykkretzschmar/biohub-bidirectional-primary-union13-diagnostic-v1\",\n"}
,{"stream_name":"stdout","time":1407.692150863,"data":"  \"source_notebook_sha256\": \"3e65ca691941949196bf417030ea84fccafe16baaec174b2a63540451bb937e8\",\n"}
,{"stream_name":"stdout","time":1407.692153197,"data":"  \"status\": \"clean_graph_audit_pass_candidate_unverified_quality\",\n"}
,{"stream_name":"stdout","time":1407.692155551,"data":"  \"submission\": {\n"}
,{"stream_name":"stdout","time":1407.692157737,"data":"    \"datasets\": [\n"}
,{"stream_name":"stdout","time":1407.692160284,"data":"      \"44b6_0113de3b\",\n"}
,{"stream_name":"stdout","time":1407.692174316,"data":"      \"44b6_0b24845f\",\n"}
,{"stream_name":"stdout","time":1407.692178241,"data":"      \"6bba_05b6850b\",\n"}
,{"stream_name":"stdout","time":1407.692182071,"data":"      \"6bba_05db0fb1\"\n"}
,{"stream_name":"stdout","time":1407.692185753,"data":"    ],\n"}
,{"stream_name":"stdout","time":1407.692189652,"data":"    \"rows\": 240986,\n"}
,{"stream_name":"stdout","time":1407.692193681,"data":"    \"sha256\": \"85a2112408f84ee1c6cc476e500a8cdf7c4c1c447070c3fa832494e2351066ca\"\n"}
,{"stream_name":"stdout","time":1407.692197223,"data":"  },\n"}
,{"stream_name":"stdout","time":1407.692200379,"data":"  \"topology\": {\n"}
,{"stream_name":"stdout","time":1407.692203641,"data":"    \"44b6_0113de3b\": {\n"}
,{"stream_name":"stdout","time":1407.692206963,"data":"      \"division_parents\": 20,\n"}
,{"stream_name":"stdout","time":1407.692210305,"data":"      \"edges\": 24743,\n"}
,{"stream_name":"stdout","time":1407.692213701,"data":"      \"max_indegree\": 1,\n"}
,{"stream_name":"stdout","time":1407.692217026,"data":"      \"max_outdegree\": 2,\n"}
,{"stream_name":"stdout","time":1407.692220284,"data":"      \"nodes\": 25539\n"}
,{"stream_name":"stdout","time":1407.692223561,"data":"    },\n"}
,{"stream_name":"stdout","time":1407.692226713,"data":"    \"44b6_0b24845f\": {\n"}
,{"stream_name":"stdout","time":1407.692230009,"data":"      \"division_parents\": 7,\n"}
,{"stream_name":"stdout","time":1407.692233345,"data":"      \"edges\": 19764,\n"}
,{"stream_name":"stdout","time":1407.692236659,"data":"      \"max_indegree\": 1,\n"}
,{"stream_name":"stdout","time":1407.692240055,"data":"      \"max_outdegree\": 2,\n"}
,{"stream_name":"stdout","time":1407.692243417,"data":"      \"nodes\": 21173\n"}
,{"stream_name":"stdout","time":1407.692255754,"data":"    },\n"}
,{"stream_name":"stdout","time":1407.692269571,"data":"    \"6bba_05b6850b\": {\n"}
,{"stream_name":"stdout","time":1407.692273927,"data":"      \"division_parents\": 10,\n"}
,{"stream_name":"stdout","time":1407.692277698,"data":"      \"edges\": 6040,\n"}
,{"stream_name":"stdout","time":1407.692281624,"data":"      \"max_indegree\": 1,\n"}
,{"stream_name":"stdout","time":1407.692285628,"data":"      \"max_outdegree\": 2,\n"}
,{"stream_name":"stdout","time":1407.692289143,"data":"      \"nodes\": 6228\n"}
,{"stream_name":"stdout","time":1407.692292447,"data":"    },\n"}
,{"stream_name":"stdout","time":1407.692295587,"data":"    \"6bba_05db0fb1\": {\n"}
,{"stream_name":"stdout","time":1407.692298838,"data":"      \"division_parents\": 14,\n"}
,{"stream_name":"stdout","time":1407.692302174,"data":"      \"edges\": 67500,\n"}
,{"stream_name":"stdout","time":1407.692305465,"data":"      \"max_indegree\": 1,\n"}
,{"stream_name":"stdout","time":1407.692308734,"data":"      \"max_outdegree\": 2,\n"}
,{"stream_name":"stdout","time":1407.692312008,"data":"      \"nodes\": 69999\n"}
,{"stream_name":"stdout","time":1407.692315403,"data":"    }\n"}
,{"stream_name":"stdout","time":1407.692318607,"data":"  }\n"}
,{"stream_name":"stdout","time":1407.692321796,"data":"}\n"}
,{"stream_name":"stdout","time":1408.221918691,"data":"Total submission rows: 240,986\n"}
,{"stream_name":"stderr","time":1413.663222528,"data":"/usr/local/lib/python3.12/dist-packages/mistune.py:435: SyntaxWarning: invalid escape sequence '\\|'\n"}
,{"stream_name":"stderr","time":1413.663259611,"data":"  cells[i][c] = re.sub('\\\\\\\\\\|', '|', cell)\n"}
,{"stream_name":"stderr","time":1413.78681641,"data":"/usr/local/lib/python3.12/dist-packages/nbconvert/filters/filter_links.py:36: SyntaxWarning: invalid escape sequence '\\_'\n"}
,{"stream_name":"stderr","time":1413.786842072,"data":"  text = re.sub(r'_', '\\_', text) # Escape underscores in display text\n"}
,{"stream_name":"stderr","time":1414.445320624,"data":"[NbConvertApp] Converting notebook __notebook__.ipynb to notebook\n"}
,{"stream_name":"stderr","time":1414.829001224,"data":"[NbConvertApp] Writing 494677 bytes to __notebook__.ipynb\n"}
,{"stream_name":"stderr","time":1417.204699104,"data":"[NbConvertApp] Converting notebook __notebook__.ipynb to html\n"}
,{"stream_name":"stderr","time":1418.640472239,"data":"[NbConvertApp] Support files will be in __results___files/\n"}
,{"stream_name":"stderr","time":1418.640527022,"data":"[NbConvertApp] Making directory __results___files\n"}
,{"stream_name":"stderr","time":1418.640891753,"data":"[NbConvertApp] Writing 1227866 bytes to __results__.html\n"}
]