dataset,t,source_id,target_id,source_is_tp,target_is_tp,spatial_dist,spatial_dist_xy,delta_z_scaled,delta_y_scaled,delta_x_scaled,abs_delta_z,spatial_rank,spatial_margin,int_diff,int_ratio,snr_diff,snr_ratio,snr_min,radius_diff,radius_ratio,volume_diff,volume_ratio,z_depth_diff,density_source,density_target,density_diff,mahalanobis_dist,total_cost_4d,label
44b6_0113de3b,0,0,289,False,False,1.8168052317185792,1.8168052317185792,0.0,0.8125,1.625,0.0,1,0.0,0.06623100000000015,1.050954317166675,0.18411500000000025,0.9666107958517416,5.330382,0.004671800000000115,1.0021835001988748,0.2681869999999975,1.0065786639702132,0.0,0,2,2,0.3518318510792648,2.168637082797844,0
44b6_0113de3b,0,0,302,False,False,2.6012692214570947,2.6012692214570947,0.0,-2.03125,1.625,0.0,2,0.7844639897385155,0.4067402000000001,1.424072253126584,2.8093127,2.114325400236319,2.5210693,0.08237819999999996,1.0400369220718746,4.559204000000001,1.1249996881309607,0.0,0,2,2,1.9557392325356378,4.557008453992733,0
44b6_0113de3b,0,0,295,False,False,3.7454399357752353,3.7454399357752353,0.0,2.84375,2.4375,0.0,3,1.928634704056656,0.32715150000000004,1.314954463034659,2.3257812,1.7740673767131503,3.0046008,0.028343500000000077,1.0134196721542856,1.6091309999999979,1.0408160661465802,0.0,0,2,2,1.6099565993835085,5.355396535158744,0
44b6_0113de3b,0,1,288,False,False,1.8168052317185792,1.8168052317185792,0.0,1.625,0.8125,0.0,1,0.0,0.07864920000000009,0.9386151097018298,0.7838721,1.13306375148295,5.8908663,0.0,0.999995316186454,0.0,0.9999997546894785,0.0,0,0,0,0.7439748009343806,2.5607800326529597,0
44b6_0113de3b,0,2,418,False,False,3.6787502123683256,3.6787502123683256,0.0,3.65625,0.40625,0.0,1,0.0,0.17595117000000005,1.3402168946595219,4.2812187,1.586868483837839,7.2949953,0.025049200000000216,0.9897911319502876,1.8773180000000025,0.9696968346941064,0.0,0,1,1,2.7829160495753977,6.461666261943723,0
44b6_0113de3b,0,2,462,False,False,6.512682938889317,6.3066959703556345,-1.625,1.625,-6.09375,1.625,2,2.8339327265209917,0.1996325,1.404534039850623,6.436956,2.2525024964644773,5.139258,0.0,0.9999958840978416,0.0,0.9999998335392729,0.015873020000000015,0,0,0,4.16684347305075,10.679526411940067,0
44b6_0113de3b,0,3,306,False,False,1.6750116604071745,1.6750116604071745,0.0,0.40625,1.625,0.0,1,0.0,0.2504854999999999,1.3293959759787009,0.9190028000000003,1.2839712983417801,3.2362072,0.10323359999999981,1.0508045462429274,5.6319600000000065,1.1603050719130612,0.0,2,1,1,1.055888329427876,2.7308999898350503,0
44b6_0113de3b,0,3,421,False,False,3.8540258983302125,3.8540258983302125,0.0,-3.65625,1.21875,0.0,2,2.179014237923038,0.4296838999999999,1.7392746616068784,2.7360288000000006,2.927871875192011,1.4191812,0.30321849999999984,1.1655254447566399,15.018556000000004,1.5833327636678545,0.0,2,1,1,3.0205192306131554,6.8745451289433674,0
44b6_0113de3b,0,5,296,False,False,1.4647552056572457,1.4647552056572457,0.0,0.8125,1.21875,0.0,1,0.0,0.07592390000000004,1.055855674762,1.4567955000000001,1.2419597975343706,6.020765,0.0033118999999999232,1.0013015623202142,0.26819000000000415,1.0039214441934097,0.0,1,1,0,0.9170249333419883,2.381780138999234,0
44b6_0113de3b,0,6,368,False,False,2.03125,2.03125,0.0,2.03125,0.0,0.0,1,0.0,0.17825900000000006,1.178742095819738,1.2098640000000005,1.2986209943551357,4.05146,0.0,0.999995326413122,0.0,0.999999756292806,0.0,3,2,1,0.8695747851608495,2.9008247851608493,0
44b6_0113de3b,0,6,455,False,False,6.613270867165506,4.46875,4.875,4.46875,0.0,4.875,2,4.582020867165506,0.33789540000000007,1.4033947270365779,2.9870556,2.313403671247988,2.2742684,0.2935268,0.879362373423431,19.30957,0.6799998912870858,0.04761905,3,2,1,3.0225957209274266,9.635866588092933,0
44b6_0113de3b,0,7,293,False,False,2.6012692214570947,2.03125,1.625,1.625,1.21875,1.625,1,0.0,0.04566849999999989,0.9636403132002733,0.2931304000000008,1.0379949814339189,7.7147036,0.0,0.9999960581413119,0.0,0.9999998537756658,0.015873009999999965,0,0,0,0.33328429268259285,2.9345535141396875,0
44b6_0113de3b,0,8,290,False,False,2.569350598886808,2.569350598886808,0.0,0.8125,2.4375,0.0,1,0.0,0.17882620000000005,0.8608902590308907,3.5995099999999987,0.7281272630758769,9.640204,0.014139399999999913,0.9933726848612214,0.8045670000000058,0.980262879660961,0.0,0,0,0,2.269921162022954,4.839271760909762,0
44b6_0113de3b,0,9,300,False,False,1.86167137607581,0.9084026158592896,1.625,0.40625,0.8125,1.625,1,0.0,0.04828409999999983,1.0422293377030467,0.6170432999999997,1.1214445054149125,5.080774,0.0,0.9999960632807153,0.0,0.9999998543468578,0.015873019999999988,1,2,1,0.38989665528797995,2.25156803136379,0
44b6_0113de3b,0,9,331,False,False,2.4375,1.8168052317185792,1.625,1.625,-0.8125,1.625,2,0.5758286239241901,0.22958279999999986,1.2386802164928024,2.7153350999999994,1.91042152599762,2.9824822,0.03351550000000003,1.0133665343437412,2.681884999999994,1.0406502524654457,0.015873019999999988,1,1,0,1.7183021087620072,4.155802108762007,0
44b6_0113de3b,0,9,573,False,False,5.28125,5.28125,0.0,-4.875,-2.03125,0.0,3,3.41957862392419,0.8723975999999999,3.7345190607213534,5.8014526559999995,-54.984779014896695,-0.103635356,1.0762611999999998,1.73518192530355,55.515015,5.224485960044121,0.0,1,2,1,8.34026323706949,13.62151323706949,0
44b6_0113de3b,0,10,297,False,False,1.9902104160113323,1.1490485194281397,1.625,0.8125,0.8125,1.625,1,0.0,0.026124119999999973,0.971287316182372,0.04375700000000027,1.0057543382793783,7.602428,0.0,0.9999960581413119,0.0,0.9999998537756658,0.015873020000000015,0,0,0,0.1268072074808445,2.1170176234921767,0
44b6_0113de3b,0,11,291,False,False,1.7235727791422095,0.5745242597140698,1.625,0.40625,0.40625,1.625,1,0.0,0.03991850000000019,0.9672772385836255,0.5226575999999996,0.9382678128833034,7.9440274,0.0,0.9999960581413119,0.0,0.9999998537756658,0.01587301999999996,0,0,0,0.3299407046209543,2.053513483763164,0
44b6_0113de3b,0,12,304,False,False,0.8125,0.8125,0.0,0.8125,0.0,0.0,1,0.0,0.005593299999999912,1.0051268621295286,0.5566389999999997,1.1085334513633245,5.12863,0.0,0.9999960581413119,0.0,0.9999998537756658,0.0,2,2,0,0.3749892332952458,1.1874892332952458,0
44b6_0113de3b,0,12,346,False,False,3.65625,3.2752922102462856,1.625,2.84375,1.625,1.625,2,2.84375,0.1737380999999999,1.1886536402688763,2.7884594,1.962589938289564,2.8968096,0.05075099999999999,1.0204096876450175,4.022825999999995,1.0624998174480624,0.015873010000000076,2,2,0,1.795567678302401,5.451817678302401,0
44b6_0113de3b,0,13,305,False,False,2.1877232028983924,1.4647552056572457,1.625,0.8125,1.21875,1.625,1,0.0,0.030433859999999924,1.0315096249587536,0.8081760000000004,1.221428446176541,3.649774,0.031208499999999972,0.9874947885772664,2.4136959999999945,0.9629628197473646,0.015873020000000015,1,1,0,0.6779064137126408,2.865629616611033,0
44b6_0113de3b,0,13,327,False,False,4.375446405796785,4.0625,1.625,-3.25,2.4375,1.625,2,2.1877232028983924,0.03875096,1.0404721691782504,1.4669038000000003,1.490426692751544,2.9910462,0.007043700000000097,1.002861336423958,0.5363770000000017,1.0086205282417056,0.015873020000000015,1,2,1,0.9508504126963644,5.326296818493149,0
44b6_0113de3b,0,14,317,False,False,2.368824207280903,1.7235727791422095,1.625,1.21875,1.21875,1.625,1,0.0,0.029477419999999976,1.037390119318041,1.3977442,0.8228429218085951,6.4921603,0.0033292999999998685,0.9986819699664559,0.26818500000000256,0.996062896763764,0.015873009999999965,1,1,0,1.0203575118154855,3.3891817190963884,0
44b6_0113de3b,0,15,313,False,False,1.7235727791422095,1.7235727791422095,0.0,1.21875,-1.21875,0.0,1,0.0,0.04113975999999997,1.046995324457819,1.6975653,1.4038670287037207,4.203243,0.07164359999999981,1.029057564470538,5.631955999999995,1.0897433834096226,0.0,0,1,1,1.3676221166376663,3.091194895779876,0
44b6_0113de3b,0,15,320,False,False,2.7252078475778685,2.1877232028983924,1.625,2.03125,0.8125,1.625,2,1.001635068435659,0.024775700000000067,1.0277781765827787,1.4461607999999995,1.3246379323213961,4.4546475,0.026811599999999824,1.010677661558016,2.1455100000000016,1.0323885429548616,0.015873000000000026,0,1,1,0.9938331487553714,3.71904099633324,0
44b6_0113de3b,0,16,325,False,False,2.1877232028983924,2.1877232028983924,0.0,2.03125,0.8125,0.0,1,0.0,0.042771869999999934,1.0509641243390642,0.3248955000000002,0.9464330744199179,5.740507,0.037933299999999726,1.0153614151104122,2.9500730000000033,1.0468083406937216,0.0,0,0,0,0.5819295551967272,2.76965275809512,0
44b6_0113de3b,0,17,311,False,False,2.368824207280903,2.368824207280903,0.0,2.03125,1.21875,0.0,1,0.0,0.12090620000000007,1.126243785770197,0.13755369999999978,1.0303556668581446,4.5310616,0.023428899999999864,1.0093174492670498,1.8773199999999974,1.0282256627688005,0.0,1,2,1,0.5500459805644198,2.918870187845323,0
44b6_0113de3b,0,17,310,False,False,2.471122277933652,2.471122277933652,0.0,2.4375,-0.40625,0.0,2,0.10229807065274876,0.09469300000000003,1.096236840018946,0.20408130000000035,1.045709326641198,4.464534,0.0033205000000000595,1.0013066626017573,0.26818999999998994,1.0039368830362,0.0,1,3,2,0.3661783080910279,2.83730058602468,0
44b6_0113de3b,0,18,359,False,False,1.6750116604071745,1.6750116604071745,0.0,-0.40625,1.625,0.0,1,0.0,0.04809775999999999,1.0603806051325027,0.2858278999999997,0.9261953375684397,3.5870597,0.017385899999999843,1.0070383751629475,1.3409419999999983,1.0212764276231094,0.0,2,2,0,0.39493749688959107,2.0699491572967657,0
44b6_0113de3b,0,19,405,False,False,2.03125,1.21875,1.625,0.0,1.21875,1.625,1,0.0,0.09413115000000005,1.1045309713087537,3.4658308000000004,2.033960126753479,3.3519769,0.023777700000000124,1.0112828021540323,1.3409419999999983,1.0342463010586906,0.015873009999999965,0,1,1,2.2452429141036148,4.276492914103615,0
44b6_0113de3b,0,19,384,False,False,2.569350598886808,2.569350598886808,0.0,2.4375,0.8125,0.0,2,0.5381005988868082,0.13655311000000003,1.1591426302742855,1.3994551,1.2582782296629613,5.4183526,0.3729494,0.8510110817477335,25.209720000000004,0.6163264069945312,0.0,0,1,1,2.95469131048219,5.524041909368998,0
44b6_0113de3b,0,20,301,False,False,2.6012692214570947,2.03125,1.625,1.21875,1.625,1.625,1,0.0,0.03050144999999993,0.9689627668556414,0.3101596999999998,1.0847874122050305,3.6579587,0.04458519999999977,0.9822811269081229,3.486450000000005,0.9477910251345707,0.015873040000000005,1,2,1,0.6395789423429961,3.2408481638000906,0
44b6_0113de3b,0,20,309,False,False,4.021669817998489,3.6787502123683256,1.625,3.65625,0.40625,1.625,2,1.420400596541394,0.06633685,0.9348835257803797,1.3412940999999998,0.7473728828323608,3.9681184,0.06464029999999976,0.9745157653258579,5.095579999999998,0.925490074511534,0.015873040000000005,1,1,0,1.1184070115516371,5.140076829550126,0
44b6_0113de3b,0,20,346,False,False,6.039340428598143,6.039340428598143,0.0,-5.6875,2.03125,0.0,3,3.438071207141048,0.031674250000000015,1.0343846276387285,1.0713087999999997,1.3698189559336038,2.8968096,0.013889299999999771,0.9944092475220356,1.0727540000000033,0.9833331790057378,0.0,1,2,1,0.7333139510205199,6.772654379618663,0
44b6_0113de3b,0,21,365,True,True,2.7252078475778685,2.7252078475778685,0.0,2.4375,1.21875,0.0,1,0.0,0.025009100000000006,1.0313097685861792,0.1851685999999999,1.0378523250980805,4.8915944,0.004692399999999708,1.0021979796462501,0.26819000000000415,1.006622305598488,0.0,1,1,0,0.12485253477967564,2.8500603823575443,1
44b6_0113de3b,0,22,319,False,False,2.03125,1.21875,1.625,0.0,1.21875,1.625,1,0.0,0.001705100000000126,0.9984863687137328,0.6827616999999995,1.1424020087862499,4.794527,0.0033920000000002837,1.0013491999567394,0.26818499999998835,1.0040648357790427,0.015873009999999993,2,1,1,0.4725823623606932,2.503832362360693,0
44b6_0113de3b,0,23,315,False,False,2.8726212985703494,2.368824207280903,1.625,2.03125,1.21875,1.625,1,0.0,0.00014855999999996428,0.9998380532827987,0.01981210000000022,1.0055160721575032,3.5898814,0.020491100000000095,0.991832435102119,1.6091299999999933,0.9757083663433298,0.015873029999999955,1,1,0,0.2644580802370502,3.1370793788073996,0
44b6_0113de3b,0,23,308,False,False,5.540511314400504,5.296851954227152,1.625,2.84375,4.46875,1.625,2,2.667890015830155,0.10531499999999994,0.9028594686170831,0.4127002000000002,0.8973971210298957,3.6096935,0.05061459999999984,0.9800705160905134,4.022829999999999,0.9414060713473178,0.015873029999999955,1,2,1,0.7392582045489311,6.279769518949435,0
44b6_0113de3b,0,24,309,False,False,0.9084026158592896,0.9084026158592896,0.0,0.8125,0.40625,0.0,1,0.0,0.03849430000000009,0.9622097468335794,1.0276804999999998,0.8064402484450993,4.281732,0.061153299999999966,0.9758902914503884,4.827389999999994,0.929411664929278,0.0,1,1,0,0.975766903742916,1.8841695196022057,0
44b6_0113de3b,0,24,301,False,False,2.2980970388562794,2.2980970388562794,0.0,-1.625,1.625,0.0,2,1.3896944229969899,0.0026589000000000196,0.9972851086546534,0.6237732999999999,1.1705217707302962,3.6579587,0.041098199999999974,0.9836666058491607,3.218260000000001,0.9518071116432815,0.0,1,2,1,0.7066540869529118,3.0047511258091912,0
44b6_0113de3b,0,25,333,False,False,4.823951472859154,4.5420130792964475,1.625,4.0625,2.03125,1.625,1,0.0,0.13589225000000005,0.8596980419425708,0.15791789999999972,0.9540617696340915,3.2799037,0.01366069999999997,0.9945462720731526,1.0727550000000008,0.9837396716528197,0.015873040000000005,1,1,0,0.5508144702150493,5.374765943074203,0
44b6_0113de3b,0,26,345,False,False,2.03125,1.21875,1.625,0.0,1.21875,1.625,1,0.0,0.08755669999999993,1.1033639107624718,2.3675758000000005,1.746247715458028,3.1726172,0.02355380000000018,1.0093924582913902,1.8773199999999974,1.0284551388323118,0.015873020000000015,0,2,2,1.5170973067731723,3.5483473067731723,0
44b6_0113de3b,0,26,350,False,False,2.8726212985703494,2.368824207280903,1.625,2.03125,1.21875,1.625,2,0.8413712985703494,0.010589730000000075,0.9887848015546523,1.2343725,1.286672338820583,4.3058205,0.006685000000000052,1.0026450943208933,0.5363750000000067,1.0079679484551214,0.015873020000000015,0,2,2,0.8691109215046144,3.741732220074964,0
44b6_0113de3b,0,27,303,False,False,2.6012692214570947,2.03125,1.625,1.21875,-1.625,1.625,1,0.0,0.10521239999999998,0.8715280584281264,1.617528,1.3425517592066036,4.7219567,0.0033737999999998713,1.0013383222886003,0.26819000000000415,1.004032130144375,0.015873009999999965,1,0,1,1.3617374940764129,3.9630067155335076,0
44b6_0113de3b,0,28,298,False,False,1.4647552056572457,1.4647552056572457,0.0,-1.21875,0.8125,0.0,1,0.0,0.18218053999999995,1.2042709718790898,0.12832799999999978,1.038513821160661,3.331729,0.0890941999999999,1.0438454225430445,4.827393000000001,1.1374042700959504,0.0,1,1,0,0.849721138080671,2.3144763437379168,0
44b6_0113de3b,0,28,302,False,False,5.296851954227152,5.296851954227152,0.0,-0.40625,-5.28125,0.0,2,3.832096748569906,0.1148828999999999,1.1197708198854788,0.9389876999999998,1.3724506801511558,2.5210693,0.06356699999999993,1.0308933138774687,3.486449999999998,1.0955879290697668,0.0,1,2,1,0.670603550576625,5.967455504803777,0
44b6_0113de3b,0,28,289,False,False,5.816614806956019,5.816614806956019,0.0,2.4375,-5.28125,0.0,3,4.351859601298774,0.22562630000000006,0.8263822111639053,2.0544400000000005,0.6274462975566084,3.460057,0.014139399999999913,0.9933726848612214,0.8045670000000058,0.980262879660961,0.0,1,2,1,1.3339441108767809,7.1505589178328,0
44b6_0113de3b,0,28,295,False,False,6.319766856854769,6.319766856854769,0.0,4.46875,-4.46875,0.0,4,4.855011651197524,0.03529419999999983,1.033969753958478,0.4554562,1.1515824279137916,3.0046008,0.009532300000000049,1.0045100726756226,0.5363769999999946,1.0136051862792435,0.0,1,2,1,0.28269261912779575,6.602459475982565,0
44b6_0113de3b,0,29,330,False,False,3.350023320814349,3.350023320814349,0.0,3.25,0.8125,0.0,1,0.0,0.024905399999999966,1.0276188751870998,0.5582883000000001,1.1489238268098223,3.7487407,0.010460799999999715,0.9957765377532141,0.8045649999999966,0.9873948099376415,0.0,1,1,0,0.39114345708707904,3.741166777901428,0
44b6_0113de3b,0,30,294,False,False,2.9575446425202108,2.9575446425202108,0.0,2.84375,0.8125,0.0,1,0.0,0.08023939999999996,0.9223897670166906,1.6723995,0.7821021602042943,6.0027905,0.010734999999999939,0.9956098875383522,0.8045639999999992,0.9868994256630731,0.0,0,0,0,1.051536633035188,4.009081275555399,0
44b6_0113de3b,0,31,421,False,False,1.284675299443404,1.284675299443404,0.0,-0.40625,1.21875,0.0,1,0.0,0.20024505000000004,1.3445140578252168,0.5254854,1.370263992617767,1.4191812,0.19998490000000002,1.1091688863032025,9.386595999999997,1.3645827733780613,0.0,2,1,1,2.0053874976500863,3.2900627970934906,0
44b6_0113de3b,0,31,306,False,False,4.0010984819796676,4.0010984819796676,0.0,3.65625,1.625,0.0,2,2.7164231825362632,0.021046650000000056,1.0276649327302365,1.2915406,0.600907318581707,1.9446666,0.0,0.9999950782043793,0.0,0.9999997153648879,0.0,2,1,1,0.9315397371497696,4.932638219129437,0
44b6_0113de3b,0,32,304,False,False,1.7235727791422095,1.7235727791422095,0.0,-1.21875,-1.21875,0.0,1,0.0,0.13528980000000002,0.8757610336623818,2.1443404000000004,0.581887127971548,2.9842896,0.03360489999999983,0.986749481438635,2.6818799999999925,0.960784242046895,0.0,2,2,0,1.3674613429792646,3.0910341221214743,0
44b6_0113de3b,0,32,346,False,False,1.86167137607581,0.9084026158592896,1.625,0.8125,0.40625,1.625,2,0.13809859693360038,0.03285499999999997,1.0356668196718393,0.08747999999999978,1.0301951837111292,2.8968096,0.017146100000000164,1.0068926991674145,1.3409460000000024,1.0208332310524606,0.015873010000000076,2,2,0,0.23451984284884145,2.0961912189246514,0
44b6_0113de3b,0,33,383,False,False,2.0714766773970688,1.284675299443404,1.625,0.40625,1.21875,1.625,1,0.0,0.0807907000000001,1.0774296233318221,0.46307149999999986,1.1313786428260757,3.524623,0.03782869999999994,1.015297378807993,2.9500699999999966,1.0466099532503776,0.015872999999999915,3,2,1,0.5438159834432278,2.6152926608402964,0
44b6_0113de3b,0,33,366,False,False,2.333728575156074,1.6750116604071745,1.625,1.625,-0.40625,1.625,2,0.26225189775900537,0.17873970000000006,1.1890659346471604,1.4568827,1.5756520273375232,2.5308118,0.08771420000000019,1.0362062684209148,6.7047099999999915,1.1126123969877983,0.015872999999999915,3,2,1,1.2864202316826616,3.6201488068387357,0
44b6_0113de3b,0,33,354,False,False,4.394265616971737,4.0827619710803615,1.625,-0.40625,4.0625,1.625,3,2.322788939574668,0.2370622400000001,1.2672494321524648,1.4180338,1.5518309408283326,2.5696607,0.04483199999999998,1.0181816655130898,3.4864459999999937,1.0555553200760646,0.015872999999999915,3,2,1,1.1269855730504157,5.521251190022152,0
44b6_0113de3b,0,34,323,False,False,2.1877232028983924,1.4647552056572457,1.625,0.8125,1.21875,1.625,1,0.0,0.03508429999999996,1.0397008415388094,0.3055411000000001,1.0816843878792708,3.7403755,0.035321600000000064,1.0144695987058512,2.6818859999999987,1.0440527123451229,0.015873000000000026,1,1,0,0.41591985651731644,2.6036430594157087,0
44b6_0113de3b,0,35,327,False,False,2.0714766773970688,1.284675299443404,1.625,0.40625,1.21875,1.625,1,0.0,0.08980769999999993,0.9061686352222211,0.21548299999999987,0.9279542122946403,2.7755632,0.007043700000000097,1.002861336423958,0.5363770000000017,1.0086205282417056,0.015873020000000015,2,2,0,0.3711174133607536,2.4425940907578223,0
44b6_0113de3b,0,35,305,False,False,4.755034338729848,4.46875,1.625,4.46875,0.0,1.625,2,2.683557661332779,0.09812480000000001,0.8983629709247182,0.8742107999999997,0.7604732773227129,2.7755632,0.031208499999999972,0.9874947885772664,2.4136959999999945,0.9629628197473646,0.015873020000000015,2,1,1,0.6350418767062691,5.3900762154361175,0
44b6_0113de3b,0,36,336,False,False,2.2980970388562794,1.625,1.625,1.625,0.0,1.625,1,0.0,0.002766959999999985,1.0035003406438232,0.6287640000000003,1.1306592770613644,4.812155,0.0,0.9999960581413119,0.0,0.9999998537756658,0.015873009999999993,1,2,1,0.4291903675906199,2.7272874064468993,0
44b6_0113de3b,0,36,353,False,False,4.021669817998489,3.6787502123683256,1.625,3.65625,-0.40625,1.625,2,1.7235727791422093,0.019085059999999987,1.024730791754942,0.8119060000000005,1.175392518032423,4.629013,0.0033205000000000595,1.0013066626017573,0.26818999999998994,1.0039368830362,0.015873009999999993,1,1,0,0.5295435580023078,4.5512133760007965,0
44b6_0113de3b,0,37,318,False,False,1.6750116604071745,0.40625,1.625,0.40625,0.0,1.625,1,0.0,0.07381646000000008,0.924856313251768,0.11015180000000058,0.9778692035452169,4.8675985,0.007003300000000046,1.0028367730452163,0.5363759999999971,1.0085468325843119,0.015873009999999965,0,0,0,0.31423426598605947,1.989245926393234,0
44b6_0113de3b,0,38,373,False,False,4.33756303988772,2.8726212985703494,3.25,2.03125,2.03125,3.25,1,0.0,0.04153689999999988,1.0397785568473028,0.06471689999999963,1.0202234240662962,3.1995916,0.01660280000000025,1.006566500179826,1.3409440000000075,1.0198411428966117,0.031746029999999995,1,2,1,0.26959964066193465,4.607162680549655,0
44b6_0113de3b,0,38,434,False,False,5.296851954227152,2.0714766773970688,-4.875,-2.03125,-0.40625,4.875,2,0.9592889143394316,0.17886799999999992,1.197279832979786,0.9141279,1.3889547937090718,2.3501806,0.06776820000000017,1.0273690775333733,5.363770000000002,1.0843880210218015,0.04761905,1,1,0,1.076042657265734,6.372894611492885,0
44b6_0113de3b,0,38,339,False,False,6.90625,4.89189779763437,4.875,3.25,3.65625,4.875,3,2.56868696011228,0.13044469999999997,1.1365745309562145,0.18344479999999974,1.0595398636432256,3.0808637,0.05736590000000019,1.0230704164994553,4.559206000000003,1.0708331968725233,0.04761904999999998,1,1,0,0.8712297211644291,7.777479721164429,0
44b6_0113de3b,0,39,389,False,False,2.1877232028983924,1.4647552056572457,1.625,1.21875,0.8125,1.625,1,0.0,0.11114075000000001,1.118440904883259,1.3667217000000003,1.5838741217985939,2.3407543,0.04434130000000014,1.0178813053349265,3.4864529999999974,1.0546217278147831,0.01587299999999997,2,4,2,0.9642091829881503,3.1519323858865427,0
44b6_0113de3b,0,39,362,False,False,2.8145825622994254,2.2980970388562794,1.625,-1.625,1.625,1.625,2,0.626859359401033,0.11689090000000002,0.8997687410862172,0.1851029999999998,0.9524447610574864,3.707476,0.03741620000000001,1.0150459955063371,2.9500759999999957,1.0458332139624917,0.01587299999999997,2,4,2,0.7132283778968904,3.527810940196316,0
44b6_0113de3b,0,39,378,False,False,3.7454399357752353,3.7454399357752353,0.0,-3.65625,0.8125,0.0,3,1.5577167328768429,0.05480700000000005,1.0550937403951424,1.0877410000000003,1.4152049149821835,2.619735,0.03396789999999994,1.0136400575906312,2.6818899999999957,1.0414936976112825,0.0,2,4,2,0.7714825127963982,4.516922448571633,0
44b6_0113de3b,0,40,333,False,False,2.7252078475778685,2.1877232028983924,1.625,0.8125,2.03125,1.625,1,0.0,0.11371054999999997,0.882597853704646,0.2210242,0.9357053440313946,3.2167974,0.01709909999999981,0.9931745721526166,1.340945000000005,0.9796746085127748,0.015873040000000005,1,1,0,0.4677465115537594,3.192954359131628,0
44b6_0113de3b,0,40,409,False,False,6.9181882111576005,6.9181882111576005,0.0,-0.40625,6.90625,0.0,2,4.192980363579732,0.021773730000000047,1.0261220074918185,1.1135406999999997,1.529429149427412,2.1032567,0.056360600000000094,1.02315894511409,4.2910129999999995,1.0711108903708646,0.0,1,5,4,0.9249584563017497,7.84314666745935,0
44b6_0113de3b,0,41,348,False,False,4.33756303988772,4.021669817998489,1.625,2.84375,2.84375,1.625,1,0.0,0.04877602999999997,1.0575621655306313,0.09053230000000001,0.971342333840163,3.068902,0.014087200000000077,1.0057349108235463,1.0727540000000033,1.0173158546417598,0.015873029999999955,0,1,1,0.2799189019752271,4.617481941862947,0
44b6_0113de3b,0,42,358,False,False,1.6750116604071745,0.40625,1.625,0.40625,0.0,1.625,1,0.0,0.07013889999999989,1.0629265984216867,0.6256491999999998,1.1650018549677623,3.7917001,0.02355380000000018,0.9906870714436603,1.8773199999999974,0.9723318628959822,0.015873040000000005,3,4,1,0.5594275263017867,2.2344391867089612,0
44b6_0113de3b,0,42,344,False,False,1.8168052317185792,1.8168052317185792,0.0,-1.625,-0.8125,0.0,2,0.1417935713114047,0.2531858699999999,1.271820403897267,1.9633992999999998,1.8000901807690426,2.45395,0.06269309999999972,1.0256479846623798,4.827392000000003,1.078947182071109,0.0,3,2,1,1.4202837237138977,3.237088955432477,0
44b6_0113de3b,0,42,335,False,False,4.737648414561806,3.447145558284419,3.25,2.4375,2.4375,3.25,3,3.0626367541546315,0.2357328999999999,1.24842706249257,1.6858524999999998,1.6171840758368237,2.7314968,0.0414399999999997,1.016805729378593,3.2182610000000054,1.0512818719145038,0.03174604999999997,3,3,0,1.2082930214083776,5.945941435970184,0
44b6_0113de3b,0,43,363,False,False,0.0,0.0,0.0,0.0,0.0,0.0,1,0.0,0.048246300000000075,1.0590510440190501,0.4638933999999999,1.1108786906906851,4.183692,0.01789200000000024,0.9926963493578196,1.3409429999999958,0.9782607011031824,0.0,0,3,3,0.38560707191713195,0.38560707191713195,0
44b6_0113de3b,0,43,379,False,False,2.2980970388562794,1.625,1.625,0.0,1.625,1.625,2,2.2980970388562794,0.027485900000000063,1.0328024191454317,0.43406760000000055,0.9145796169482313,4.6475854,0.014334499999999917,0.9941392305066443,1.0727529999999987,0.9825326055435489,0.015873020000000015,0,2,2,0.38919305730514975,2.687290096161429,0
44b6_0113de3b,0,43,486,False,False,6.319766856854769,5.420051026051323,-3.25,5.28125,-1.21875,3.25,3,6.319766856854769,0.28189575,1.4833363554099244,3.1631113999999996,3.1307750033008097,1.484474,0.05909960000000014,1.0248891437865975,4.291017000000004,1.0765548585762355,0.03174602999999998,0,3,3,1.9921010800594723,8.311867936914242,0
44b6_0113de3b,0,44,344,False,False,0.5745242597140698,0.5745242597140698,0.0,0.40625,0.40625,0.0,1,0.0,0.07044697,1.0756241328792497,0.2746271,1.1119077328073808,2.45395,0.01773619999999987,1.0072530124662353,1.3409419999999983,1.021929651050813,0.0,5,2,3,0.3141616899922138,0.8886859497062836,0
44b6_0113de3b,0,44,358,False,False,3.1729139308370784,2.7252078475778685,1.625,2.4375,1.21875,1.625,2,2.598389671123009,0.11260000000000003,0.898955149043174,1.063123,0.7196164865030161,2.7285771,0.06851070000000004,0.97291912239408,5.363770000000002,0.9209484744633128,0.015873040000000005,5,4,1,1.0216770112397155,4.194590942076794,0
44b6_0113de3b,0,44,335,False,False,6.625736987309412,5.773897351442957,3.25,4.46875,3.65625,3.25,3,6.051212727595342,0.052993999999999986,1.0558395449873827,0.0029197000000000806,0.9989274418061123,2.7285771,0.003516900000000156,0.9985693428205319,0.26818899999999957,0.9957263287526057,0.03174604999999997,5,3,2,0.23473106542245287,6.860468052731865,0
44b6_0113de3b,0,45,336,False,False,1.8168052317185792,0.8125,1.625,0.0,0.8125,1.625,1,0.0,0.028523630000000022,0.9637726246282818,0.10530300000000015,0.9781152558152101,4.706852,0.01333479999999998,0.9947396684179425,1.0727499999999992,0.9843136383290243,0.015873009999999993,1,2,1,0.2026104423234793,2.0194156740420586,0
44b6_0113de3b,0,45,353,False,False,2.632800908728193,2.0714766773970688,1.625,2.03125,0.40625,1.625,2,0.815995677009614,0.01220553000000002,0.9841625804266804,0.07783899999999999,1.0168132670760115,4.629013,0.01001429999999992,0.9960433838034148,0.8045600000000093,0.9881889104913277,0.015873009999999993,1,1,0,0.16470286841342105,2.797503777141614,0
44b6_0113de3b,0,46,335,False,False,1.7235727791422095,0.5745242597140698,1.625,0.40625,0.40625,1.625,1,0.0,0.03758375000000003,1.0395987676179541,0.0950546000000001,1.0347956666262006,2.7314968,0.013967499999999688,1.0056617419213543,1.0727529999999987,1.0170938404503502,0.015873009999999965,2,3,1,0.20291470336584688,1.9264874825080565,0
44b6_0113de3b,0,46,358,False,False,2.6012692214570947,2.6012692214570947,0.0,-1.625,-2.03125,0.0,2,0.8776964423148852,0.12801025,0.8851275456823942,0.9651486999999999,0.7454555663419522,2.8265514,0.05102630000000019,0.9798293392542835,4.022828000000004,0.9407113116334086,0.0,2,4,2,0.8595176838778702,3.460786905334965,0
44b6_0113de3b,0,46,344,False,False,4.908737426772795,4.631962664465248,-1.625,-3.65625,-2.84375,1.625,3,3.185164647630586,0.05503672000000004,1.0590790317242391,0.3726014000000002,1.1518327112096367,2.45395,0.03522059999999971,1.0144070878554696,2.6818839999999966,1.0438594656419924,0.015873040000000005,2,2,0,0.442142158467772,5.350879585240567,0
44b6_0113de3b,0,47,308,False,False,2.84375,2.84375,0.0,2.84375,0.0,0.0,1,0.0,0.08068529999999985,0.9255752734668513,1.1646177000000004,0.7104647402745776,2.857776,0.03351550000000003,0.9868019517624338,2.681884999999994,0.9609373566226882,0.0,2,2,0,0.8111736971952521,3.654923697195252,0
44b6_0113de3b,0,47,315,False,False,3.832554834897995,3.832554834897995,0.0,2.03125,-3.25,0.0,2,0.9888048348979952,0.024481140000000123,1.024993824351504,0.7321054,0.7960619644371414,2.857776,0.0033920000000002837,0.9986446553705609,0.26818499999998835,0.9959513189103804,0.0,2,1,1,0.5552955624358342,4.387850397333829,0
44b6_0113de3b,0,48,299,False,False,2.9295104113144914,2.4375,1.625,0.0,2.4375,1.625,1,0.0,0.2378903,0.7360964814073329,5.980521599999999,0.2625330674577989,2.1290274,0.06053059999999988,0.9709933208638749,3.2182619999999957,0.9154927106938167,0.015873000000000026,1,0,1,3.806959904863105,6.736470316177597,0
44b6_0113de3b,0,49,337,False,False,2.1877232028983924,1.4647552056572457,1.625,1.21875,0.8125,1.625,1,0.0,0.017577289999999968,0.9782882307065156,0.3090556000000002,1.078964429805844,3.9137218,0.0,0.9999960581413119,0.0,0.9999998537756658,0.015873019999999988,2,0,2,0.25333036297460004,2.4410535658729926,0
44b6_0113de3b,0,50,360,False,False,1.21875,1.21875,0.0,1.21875,0.0,0.0,1,0.0,0.11261893999999995,1.1309266826928666,1.9687960000000002,1.6528747335449312,3.0155547,0.06464029999999976,1.0261424687145309,5.095579999999998,1.080508287792122,0.0,1,1,0,1.4058975545398262,2.624647554539826,0
44b6_0113de3b,0,52,300,False,False,2.6012692214570947,2.03125,1.625,1.21875,-1.625,1.625,1,0.0,0.19908677000000008,0.8258336305406864,2.5247099,0.5030845830092364,2.5560641,0.020002400000000087,0.9921216798988987,1.6091299999999933,0.9765623702776703,0.015873019999999988,1,2,1,1.5812297085691789,4.182498930026274,0
44b6_0113de3b,0,52,331,False,False,4.375446405796785,4.0625,1.625,2.4375,-3.25,1.625,2,1.77417718433969,0.017788070000000045,0.9814958601334564,0.42641810000000024,0.85702289514789,2.5560641,0.013513099999999945,1.005386866332303,1.0727550000000008,1.0162600251991776,0.015873019999999988,1,1,0,0.3436754767767459,4.719121882573531,0
44b6_0113de3b,0,52,573,False,False,6.039340428598143,6.039340428598143,0.0,-4.0625,-4.46875,0.0,3,3.438071207141048,0.62502673,2.959129361140314,2.659699456,-24.666396320993098,-0.103635356,1.0562587999999997,1.7215183837969839,53.905885000000005,5.102037135750837,0.0,1,2,1,8.013043486993434,14.052383915591577,0
44b6_0113de3b,0,53,359,False,False,2.0714766773970688,2.0714766773970688,0.0,2.03125,0.40625,0.0,1,0.0,0.012559399999999998,0.98421743956981,0.24580000000000046,1.063464110179417,3.8728876,0.017385899999999843,1.0070383751629475,1.3409419999999983,1.0212764276231094,0.0,1,2,1,0.2808993721980464,2.352376049595115,0
44b6_0113de3b,0,54,341,False,False,3.6787502123683256,1.7235727791422095,3.25,1.21875,1.21875,3.25,1,0.0,0.003501960000000026,0.9962766572695013,0.1566109,0.9545742999444465,3.2912269,0.010580500000000104,0.9957040531744148,0.8045660000000012,0.9871793208865672,0.03174604999999997,4,2,2,0.149668423138466,3.8284186355067917,0
44b6_0113de3b,0,54,324,False,False,5.450415695155737,4.375446405796785,3.25,4.0625,1.625,3.25,2,1.7716654827874114,0.0011295099999999447,0.9987888572657697,0.7170415000000006,0.8211073612052495,3.2912269,0.010580500000000104,0.9957040531744148,0.8045660000000012,0.9871793208865672,0.03174604999999997,4,3,1,0.496595785292436,5.947011480448173,0
44b6_0113de3b,0,55,373,False,False,0.40625,0.40625,0.0,0.40625,0.0,0.0,1,0.0,0.07885055000000007,0.9244595943548739,0.3068881000000001,0.9040824020090501,2.8927035,0.030447199999999786,0.9879467474279809,2.4136960000000016,0.9642855758326595,0.0,1,2,1,0.47133226191956523,0.8775822619195652,0
44b6_0113de3b,0,55,339,False,False,2.8145825622994254,2.2980970388562794,1.625,1.625,1.625,1.625,2,2.4083325622994254,0.010057250000000018,1.0105201948266054,0.1881602,0.9389231048322428,2.8927035,0.010315900000000156,1.0041453696202438,0.8045659999999941,1.0124998516279995,0.015873019999999988,1,1,0,0.20421362621284372,3.018796188512269,0
44b6_0113de3b,0,56,328,False,False,3.040096626753827,2.569350598886808,1.625,2.4375,0.8125,1.625,1,0.0,0.007606510000000011,1.0089376759317688,0.0499676,0.9862119142396162,3.574717,0.006774700000000244,1.0026986791683488,0.5363749999999925,1.0081298989190877,0.015873040000000005,1,1,0,0.10545084916675362,3.145547475920581,0
44b6_0113de3b,0,57,361,False,False,1.21875,1.21875,0.0,0.0,1.21875,0.0,1,0.0,0.12221154000000001,1.1507288870960628,0.39960299999999993,1.1830764902943935,2.182646,0.03891050000000007,1.015963695166284,2.9500740000000008,1.048672405618251,0.0,2,2,0,0.5917578731461046,1.8105078731461046,0
44b6_0113de3b,0,57,382,False,False,3.25,3.25,0.0,3.25,0.0,0.0,2,2.03125,0.12079826000000005,1.1487264234625243,0.2681977999999998,1.1158948605162213,2.3140512,0.03891050000000007,1.015963695166284,2.9500740000000008,1.048672405618251,0.0,2,3,1,0.5911567049252513,3.8411567049252513,0
44b6_0113de3b,0,57,396,False,False,5.343384490423649,5.090297909995052,1.625,4.46875,2.4375,1.625,3,4.124634490423649,0.11218664,1.1366737305879537,0.3340421,1.1485764563018808,2.2482069,0.04612000000000016,1.0189784248524758,3.486450000000005,1.0580355337055507,0.015873000000000026,2,2,0,0.616270576052284,5.959655066475933,0
44b6_0113de3b,0,58,380,False,False,2.4375,1.8168052317185792,1.625,1.625,0.8125,1.625,1,0.0,0.12746444,0.8789756495753613,0.2770055,0.9020285498295764,2.550497,0.0269550999999999,0.9893428033757479,2.145505,0.9683793455712492,0.01587301000000002,2,2,0,0.5737865173553958,3.011286517355396,0
44b6_0113de3b,0,59,342,False,False,2.0714766773970688,1.284675299443404,1.625,1.21875,0.40625,1.625,1,0.0,0.01607225999999995,0.9836556113092805,0.3360572000000004,0.8866229865603581,2.6280892,0.009961699999999851,0.9960744216309813,0.8045649999999966,0.988281112312264,0.015873020000000015,2,1,1,0.24126131507063464,2.3127379924677034,0
44b6_0113de3b,0,60,377,False,False,2.8726212985703494,2.368824207280903,1.625,1.21875,2.03125,1.625,1,0.0,0.045690099999999956,1.050887561572088,0.29113619999999996,1.1276232581332777,2.2811275,0.03239700000000001,1.0133902177445295,2.413696999999999,1.0407238185241579,0.015873029999999955,2,2,0,0.36678204034225487,3.2394033389126045,0
44b6_0113de3b,0,60,316,False,False,6.039340428598143,5.816614806956019,1.625,5.6875,1.21875,1.625,2,3.1667191300277935,0.018912139999999966,1.020447008403721,0.2262432999999997,0.9191524296618532,2.5722637,0.03846859999999985,0.9845440878261947,2.9500700000000037,0.954356746965154,0.015873029999999955,2,2,0,0.4914495813806205,6.530790009978763,0
44b6_0113de3b,0,61,314,False,False,4.021669817998489,2.368824207280903,3.25,2.03125,1.21875,3.25,1,0.0,0.13531934000000012,0.8667470474820207,1.3025750999999994,0.7137326917115702,3.2476554,0.016690500000000164,0.9934168988979863,1.3409399999999891,0.9803920479112805,0.03174605000000008,3,1,2,0.8433270963682334,4.864996914366722,0
44b6_0113de3b,0,61,379,False,False,6.423376497217021,6.423376497217021,0.0,-3.65625,-5.28125,0.0,2,2.401706679218532,0.04264486000000001,1.0509001178460686,1.8339976,0.6390930291914282,3.2476554,0.07263829999999993,1.0296739325172912,5.6319600000000065,1.09170291314019,0.0,3,2,1,1.6667694449498807,8.0901459421669,0
44b6_0113de3b,0,62,340,False,False,2.7252078475778685,2.1877232028983924,1.625,2.03125,0.8125,1.625,1,0.0,0.016066850000000077,0.9804894372927431,0.28663369999999944,0.9422212292436065,4.674412,0.0,0.9999960683929776,0.0,0.9999998549136047,0.015873030000000066,0,0,0,0.1809308494902082,2.9061386970680765,0
44b6_0113de3b,0,63,324,False,False,3.6787502123683256,1.7235727791422095,3.25,1.21875,1.21875,3.25,1,0.0,0.023311250000000006,0.9752127120510834,0.0189743,1.004731283136421,4.0082684,0.0414399999999997,1.016805729378593,3.2182610000000054,1.0512818719145038,0.03174604999999997,4,3,1,0.5306173128542927,4.209367525222619,0
44b6_0113de3b,0,63,341,False,False,3.72334275215162,1.8168052317185792,3.25,-1.625,0.8125,3.25,2,0.04459253978329425,0.025683700000000087,0.9727598118672723,0.5794049000000006,1.1680453818176082,3.4478378,0.0414399999999997,1.016805729378593,3.2182610000000054,1.0512818719145038,0.03174604999999997,4,2,2,0.6669954843274314,4.390338236479051,0
44b6_0113de3b,0,64,354,False,False,1.284675299443404,1.284675299443404,0.0,-0.40625,1.21875,0.0,1,0.0,0.02325440000000001,1.0262054165812766,0.01151649999999993,1.0044778111063024,2.5696607,0.0,0.9999959435845092,0.0,0.999999840652976,0.0,3,2,1,0.0962176797939254,1.3808929792373295,0
44b6_0113de3b,0,64,383,False,False,1.6750116604071745,1.6750116604071745,0.0,0.40625,-1.625,0.0,2,0.39033636096377045,0.13301713999999998,0.8724913086528148,0.9434458000000001,0.7323250959745312,2.5811772,0.007003300000000046,0.9971631730653328,0.5363759999999971,0.9915252820674301,0.0,3,2,1,0.6565123937451229,2.3315240541522977,0
44b6_0113de3b,0,64,366,False,False,3.6336104634371584,3.6336104634371584,0.0,1.625,-3.25,0.0,3,2.3489351639937546,0.035068140000000025,0.9628932330508922,0.050365400000000005,1.0198968572184735,2.5308118,0.042882200000000203,1.0176986094279994,3.218263999999998,1.0540539169620669,0.0,3,2,1,0.5068918910099968,4.140502354447155,0
44b6_0113de3b,0,65,354,False,False,2.333728575156074,1.6750116604071745,1.625,0.40625,1.625,1.625,1,0.0,0.027415639999999963,1.0308967412743069,0.07023659999999987,1.027329027022801,2.5696607,0.0,0.9999959435845092,0.0,0.999999840652976,0.015872999999999915,3,2,1,0.1067270738269783,2.4404556489830522,0
44b6_0113de3b,0,65,383,False,False,2.368824207280903,1.7235727791422095,1.625,1.21875,-1.21875,1.625,2,0.035095632124829024,0.12885590000000002,0.8764799253124044,0.8847257000000002,0.7489850148937491,2.6398973,0.007003300000000046,0.9971631730653328,0.5363759999999971,0.9915252820674301,0.015872999999999915,3,2,1,0.62339667857205,2.9922208858529533,0
44b6_0113de3b,0,65,366,False,False,4.0827619710803615,3.7454399357752353,1.625,2.4375,-2.84375,1.625,3,1.7490333959242874,0.03090690000000007,0.9672951244538944,0.10908549999999995,1.0430988463905282,2.5308118,0.042882200000000203,1.0176986094279994,3.218263999999998,1.0540539169620669,0.015872999999999915,3,2,1,0.5048938433154225,4.587655814395784,0
44b6_0113de3b,0,66,364,False,False,2.368824207280903,1.7235727791422095,1.625,1.21875,1.21875,1.625,1,0.0,0.014394199999999913,0.9816324852098548,0.09694000000000003,0.9860380108853112,6.846903,0.0,0.9999960632807153,0.0,0.9999998543468578,0.015873020000000015,0,0,0,0.06990443154227997,2.438728638823183,0
44b6_0113de3b,0,67,321,False,False,2.7252078475778685,2.1877232028983924,1.625,2.03125,0.8125,1.625,1,0.0,0.013456570000000001,0.9837638163278988,0.8792957999999995,0.8429458933685204,4.7194386,0.3384174,1.1588528483983627,22.527832000000004,1.556291005117236,0.01587301000000002,0,0,0,2.379953431549346,5.1051612791272145,0
44b6_0113de3b,0,68,355,False,False,2.4375,1.8168052317185792,1.625,0.8125,1.625,1.625,1,0.0,0.019071599999999966,0.9844937705615027,0.10897840000000025,1.0286379524643483,3.8050246,0.023428899999999864,0.9907607168396164,1.8773199999999974,0.9725488670757926,0.015872999999999915,2,2,0,0.3470595215574502,2.7845595215574503,0
44b6_0113de3b,0,68,390,False,False,4.5420130792964475,4.241374519244911,1.625,4.0625,1.21875,1.625,2,2.1045130792964475,0.24415266000000013,1.2523824054392438,1.8296681000000001,1.8778096657611703,2.0843349,0.07304600000000017,1.0299278880334097,5.631955999999995,1.0925108010516764,0.015872999999999915,2,2,0,1.4092946214071478,5.9513077007035955,0
44b6_0113de3b,0,69,366,False,False,1.86167137607581,0.9084026158592896,1.625,-0.40625,0.8125,1.625,1,0.0,0.007490200000000002,1.007912792358224,0.15446999999999989,1.0610315589979507,2.5308118,0.02162910000000018,1.0089248512342466,1.609133,1.0270268912968807,0.015872999999999915,3,2,1,0.23398689581245613,2.095658271888266,0
44b6_0113de3b,0,69,383,False,False,3.350023320814349,2.9295104113144914,1.625,-1.625,2.4375,1.625,2,1.4883519447385392,0.09045879999999995,0.9132841742237695,0.8393412000000002,0.7618613909590018,2.6852818,0.02825640000000007,0.9885664544699247,2.145506999999995,0.9661015548606162,0.015872999999999915,3,2,1,0.5861664513791426,3.9361897721934915,0
44b6_0113de3b,0,69,354,False,False,6.039340428598143,5.816614806956019,1.625,-2.4375,5.28125,1.625,3,4.177669052522333,0.06581274000000004,1.0741851032459186,0.11562109999999981,1.0449906285657535,2.5696607,0.021253100000000025,0.9913748031776498,1.6091309999999979,0.9743588170548609,0.015872999999999915,3,2,1,0.376861675993488,6.416202104591631,0
44b6_0113de3b,0,70,329,False,False,1.9902104160113323,1.1490485194281397,1.625,0.8125,0.8125,1.625,1,0.0,0.02565658000000004,0.9718867010364225,0.11165950000000002,1.037385772809743,2.9864068,0.017839700000000125,1.0073168184395134,1.3409419999999983,1.022123718743218,0.015873000000000026,2,2,0,0.25451757164079825,2.2447279876521304,0
44b6_0113de3b,0,70,376,False,False,3.8540258983302125,3.8540258983302125,0.0,-3.65625,1.21875,0.0,2,1.8638154823188802,0.05887376,1.07105382532691,0.9779715000000002,1.461279791451819,2.1200948,0.039598000000000244,1.0163921922681423,2.950072999999996,1.049999817801165,0.0,2,2,0,0.6907017425578441,4.544727640888056,0
44b6_0113de3b,0,70,442,False,False,6.187815648514426,6.187815648514426,0.0,5.6875,-2.4375,0.0,3,4.1976052325030935,0.12402185999999993,1.1624699835934111,1.3947270000000003,1.8188085673326078,1.7033393,0.08053880000000024,1.033919554069788,5.9001480000000015,1.1052629907549143,0.0,2,4,2,1.0812898199259697,7.2691054684403955,0
44b6_0113de3b,0,71,378,False,False,0.40625,0.40625,0.0,-0.40625,0.0,0.0,1,0.0,0.05697960000000002,0.9427017860900597,0.06833390000000028,1.0260803627834008,2.619735,0.027857800000000044,0.9888061865744291,2.145505,0.9668048717204084,0.0,2,4,2,0.40902235271217247,0.8152723527121725,0
44b6_0113de3b,0,71,362,False,False,2.4375,1.8168052317185792,1.625,1.625,0.8125,1.625,2,2.03125,0.2286775000000001,0.8039225016843694,1.2045100999999998,0.6905606782529571,2.6880689,0.024409499999999973,0.9901776794417235,1.877319,0.9708331875507222,0.01587299999999997,2,4,2,0.9803613775241816,3.4178613775241815,0
44b6_0113de3b,0,71,389,False,False,4.755034338729848,4.46875,1.625,4.46875,0.0,1.625,3,4.348784338729848,0.0006458500000000589,0.9993010083395668,0.34731460000000025,1.1483723072844199,2.3407543,0.017484399999999845,0.9929435250477352,1.3409419999999983,0.9789914491197219,0.01587299999999997,2,4,2,0.3301199954394232,5.085154334169271,0
44b6_0113de3b,0,72,442,False,False,3.6336104634371584,1.625,3.25,-1.625,0.0,3.25,1,0.0,0.2202227,1.2885042910900681,2.1738917000000004,2.2762395240952635,1.7033393,0.11546020000000023,1.0486288048656858,8.582030000000003,1.1531098241970763,0.03174602999999998,3,4,1,1.6818793137795216,5.31548977721668,0
44b6_0113de3b,0,72,369,False,False,4.487177913232324,3.093907824257213,3.25,2.84375,1.21875,3.25,2,0.853567449795166,0.17085507,1.2102298366326139,1.3321148000000003,1.5233943998533355,2.5451162,0.052761100000000116,1.021647600418662,4.022824,1.066371453207381,0.03174602999999998,3,3,0,1.0006719587993274,5.487849872031652,0
44b6_0113de3b,0,72,400,False,False,5.701990469344894,2.9575446425202108,4.875,0.8125,2.84375,4.875,3,2.0683800059077355,0.18010165,1.2241585403353785,1.6777630000000001,1.7627959906850625,2.199468,0.04202610000000018,1.0171666267286963,3.218260000000001,1.052401548347094,0.04761903000000001,3,3,0,1.1238637513509262,6.82585422069582,0
44b6_0113de3b,0,73,379,False,False,5.343384490423649,5.090297909995052,1.625,-2.4375,-4.46875,1.625,1,0.0,0.02869104999999994,0.965734921439735,2.5611647000000004,0.495996743585712,2.5204883,0.03512000000000004,1.0143449835764033,2.6818860000000058,1.0436679732385339,0.015873020000000015,3,2,1,1.8072572107188876,7.150641701142536,0
44b6_0113de3b,0,73,314,False,False,6.20113711850496,3.832554834897995,4.875,3.25,2.03125,4.875,2,0.857752628081311,0.20665525000000007,0.7965056598564192,2.0297422,0.5539241936772353,2.5204883,0.05420880000000006,0.9786277152163195,4.29101399999999,0.9372547872750321,0.0476190700000001,3,1,2,1.396173273020727,7.597310391525687,0
44b6_0113de3b,0,73,363,False,False,6.563169608695177,6.563169608695177,0.0,-2.4375,-6.09375,0.0,3,1.2197851182715285,0.007930649999999928,0.9902790290157026,1.6632037,0.6024540705815089,2.5204883,0.031562499999999716,1.0128727760522507,2.4136960000000087,1.0391302613865394,0.0,3,3,0,1.2245444105975836,7.7877140192927605,0
44b6_0113de3b,0,74,347,False,False,2.632800908728193,2.0714766773970688,-1.625,2.03125,-0.40625,1.625,1,0.0,0.05622559999999999,1.0682539688321333,0.5641313000000006,1.1248283149937865,4.5191674,0.06813689999999983,1.0275958471727287,5.363767999999993,1.0851061864992966,0.015873040000000005,0,0,0,0.9002981062112303,3.5330990149394235,0
44b6_0113de3b,0,75,377,False,False,2.8145825622994254,2.2980970388562794,1.625,-1.625,1.625,1.625,1,0.0,0.09811930000000002,1.109293610227308,0.8638643999999998,1.3786945767188516,2.2811275,0.08115300000000003,1.0335481038208034,6.168337000000001,1.1040722468761126,0.015873029999999955,1,2,1,0.9979630713030249,3.81254563360245,0
44b6_0113de3b,0,75,316,False,False,3.374565944310468,2.9575446425202108,1.625,2.84375,0.8125,1.625,2,0.5599833820110427,0.07134134000000003,1.0771612372159278,0.3464849000000001,1.12380660900041,2.798507,0.010287400000000169,1.004128180125448,0.8045699999999982,1.0124480473959063,0.015873029999999955,1,2,1,0.3063773691383703,3.6809433134488385,0
44b6_0113de3b,0,76,393,False,False,2.1877232028983924,1.4647552056572457,1.625,-1.21875,-0.8125,1.625,1,0.0,0.00951689999999994,1.0109045391438878,0.2297210999999999,1.0876653219575678,2.6203089,0.03626590000000007,1.0150582397385866,2.681885000000001,1.0458713846678236,0.015873000000000026,3,2,1,0.3801179356673278,2.5678411385657203,0
44b6_0113de3b,0,76,356,False,False,2.7252078475778685,2.1877232028983924,1.625,2.03125,0.8125,1.625,2,0.5374846446794761,0.01992270000000007,0.9778837443906881,0.22080370000000027,0.9280934747672113,2.85003,0.0,0.9999959083094706,0.0,0.9999998364596336,0.015873000000000026,3,2,1,0.1408933508359872,2.8661011984138556,0
44b6_0113de3b,0,77,393,False,False,1.284675299443404,1.284675299443404,0.0,-0.40625,-1.21875,0.0,1,0.0,0.06437254999999997,1.0738246900541115,0.8188541000000003,1.312497879551989,2.6203089,0.05400209999999994,1.0224246532506363,4.0228269999999995,1.0688071539707331,0.0,3,2,1,0.7035062321633544,1.9881815316067586,0
44b6_0113de3b,0,77,356,False,False,2.8726212985703494,2.8726212985703494,0.0,2.84375,0.40625,0.0,2,1.5879459991269453,0.03493294999999996,1.0387486335936034,0.3683293000000001,1.1199407511362431,3.0708337,0.01773619999999987,1.0072530124662353,1.3409419999999983,1.021929651050813,0.0,3,2,1,0.2815506809861883,3.154171979556538,0
44b6_0113de3b,0,78,382,False,False,1.4647552056572457,1.4647552056572457,0.0,0.8125,1.21875,0.0,1,0.0,0.10914396000000004,1.1343764994139511,0.4458061999999998,1.1926466767603205,2.3140512,0.0319269000000002,1.0130978178237495,2.4136960000000016,1.0398228323273981,0.0,3,3,0,0.5139255584306962,1.978680764087942,0
44b6_0113de3b,0,78,361,False,False,3.447145558284419,3.447145558284419,0.0,-2.4375,2.4375,0.0,2,1.9823903526271733,0.11055724,1.136353948213266,0.5772113999999999,1.264449093214872,2.182646,0.0319269000000002,1.0130978178237495,2.4136960000000016,1.0398228323273981,0.0,3,2,1,0.5394155531079512,3.98656111139237,0
44b6_0113de3b,0,78,396,False,False,4.487177913232324,4.182599744775969,1.625,2.03125,3.65625,1.625,3,3.0224227075750787,0.10053234,1.1224743691309589,0.5116505,1.2275761293316494,2.2482069,0.03913640000000029,1.0161040434211215,2.950072000000006,1.0491069465226603,0.015873000000000026,3,2,1,0.5490599708723555,5.03623788410468,0
44b6_0113de3b,0,79,422,False,False,2.333728575156074,1.6750116604071745,1.625,1.625,-0.40625,1.625,1,0.0,0.10713355000000002,1.1616519429996595,0.8557246000000003,1.3421184756417162,2.501213,0.06832309999999975,1.0277106317068012,5.363766000000005,1.0854698555745501,0.01587302,1,2,1,0.9674290504849927,3.301157625641067,0
44b6_0113de3b,0,80,416,False,False,3.040096626753827,2.569350598886808,1.625,2.4375,0.8125,1.625,1,0.0,0.039983250000000026,1.0560922380590043,1.1091353999999995,1.3146334269779658,3.5251253,0.06832309999999975,1.0277106317068012,5.363766000000005,1.0854698555745501,0.015873009999999993,0,0,0,1.0635933304968206,4.103689957250648,0
44b6_0113de3b,0,80,456,False,False,6.5253412267099105,5.658407737606049,3.25,2.03125,-5.28125,3.25,2,3.4852445999560833,0.09131529999999999,1.1380689494152598,2.2886924999999994,1.975743422240196,2.3455682,0.1185016000000001,1.0490637842113724,9.118405000000003,1.154545204166506,0.031746019999999986,0,1,1,1.9049273305225443,8.430268557232456,0
44b6_0113de3b,0,81,393,False,False,2.569350598886808,2.569350598886808,0.0,2.4375,0.8125,0.0,1,0.0,0.001472640000000025,0.9982993924500843,0.014799399999999796,0.9943482451697006,2.6055095,0.02188929999999978,1.009087176010317,1.6091319999999953,1.0275227794880288,0.0,3,2,1,0.2206302832231631,2.789980882109971,0
44b6_0113de3b,0,81,356,False,False,6.187815648514426,6.187815648514426,0.0,5.6875,2.4375,0.0,2,3.6184650496276176,0.030912240000000035,0.9656903398008053,0.46532419999999997,0.8484669864506618,2.6055095,0.014376600000000295,0.9941134485029649,1.0727530000000058,0.9824559945991119,0.0,3,2,1,0.30877304408352,6.496588692597946,0
44b6_0113de3b,0,82,314,False,False,4.0625,2.4375,3.25,0.0,2.4375,3.25,1,0.0,0.1366433400000001,0.8654433619018369,1.4943534999999994,0.6715858205736599,3.055877,0.061153299999999966,0.9758902914503884,4.827389999999994,0.929411664929278,0.03174605000000008,3,1,2,1.1487481790035379,5.211248179003538,0
44b6_0113de3b,0,82,429,False,False,5.887121803139459,4.908737426772795,-3.25,2.03125,-4.46875,3.25,2,1.8246218031394594,0.19313945999999993,1.281612132992223,0.9558327000000002,1.4551418979975899,2.1000443,0.057014999999999816,1.0235683873939205,4.291017000000004,1.0723980327001352,0.03174604999999997,3,3,0,0.9316155523479601,6.8187373554874195,0
44b6_0113de3b,0,82,379,False,False,6.989389279472134,6.989389279472134,0.0,-5.6875,-4.0625,0.0,3,2.9268892794721344,0.041320860000000015,1.0493194452221126,2.025776,0.6013537300682867,3.055877,0.02817550000000013,1.0115076512367187,2.1455100000000016,1.0349343655647294,0.0,3,2,1,1.536008991300868,8.525398270773003,0
44b6_0113de3b,0,83,338,False,False,1.86167137607581,0.9084026158592896,1.625,0.8125,0.40625,1.625,1,0.0,0.06449956000000001,0.925820922828051,0.5455480000000001,0.8307828459156716,2.6784532,0.026811599999999824,0.9894273043012025,2.1455100000000016,0.9686272766580486,0.015873020000000015,1,1,0,0.47508753575250995,2.33675891182832,0
44b6_0113de3b,0,84,392,False,False,4.162823748671087,3.832554834897995,1.625,3.25,2.03125,1.625,1,0.0,0.11533196000000001,0.8730054604522008,0.7915228999999995,0.8084517682603278,3.3407574,0.4218177000000001,1.2006962577064195,28.427979999999998,1.7310340588993742,0.01587301000000002,0,0,0,3.1153740202124145,7.278197768883501,0
44b6_0113de3b,0,85,357,False,False,2.8726212985703494,2.8726212985703494,0.0,2.84375,-0.40625,0.0,1,0.0,0.09960060000000004,0.850382617752196,0.05451870000000003,0.9906404056472468,5.7714396,0.0,0.9999950782043793,0.0,0.9999997153648879,0.0,0,0,0,0.4109085776284657,3.283529876198815,0
44b6_0113de3b,0,86,349,False,False,2.8726212985703494,2.368824207280903,1.625,2.03125,-1.21875,1.625,1,0.0,0.024713600000000002,1.0287509620567048,0.8881538,1.2918713132154824,3.0429194,0.03369479999999969,1.0134746799719503,2.6818800000000067,1.0409833735749872,0.015873000000000026,1,2,1,0.6956081987370186,3.5682294973073683,0
44b6_0113de3b,0,86,334,False,False,3.917733121653388,2.1877232028983924,3.25,2.03125,0.8125,3.25,2,1.0451118230830385,0.06314310000000001,0.9333183469759164,0.6570437999999994,0.8567925866045122,3.9310732,0.0,0.999996052975074,0.0,0.9999998531999762,0.031746030000000036,1,2,1,0.4222196558999238,4.339952777553312,0
44b6_0113de3b,0,87,391,False,False,0.5745242597140698,0.5745242597140698,0.0,0.40625,0.40625,0.0,1,0.0,0.04187204,0.9520811993267347,0.060097499999999915,1.0175733203378745,3.4192357,0.0,0.9999960477815308,0.0,0.9999998526197466,0.0,2,2,0,0.19918832061776534,0.7737125803318352,0
44b6_0113de3b,0,87,407,False,False,2.03125,1.21875,-1.625,0.0,-1.21875,1.625,2,1.4567257402859302,0.031282400000000044,0.963758093578714,0.4022732000000002,1.130729297676036,3.07706,0.04755900000000013,1.0191523989035172,3.7546389999999974,1.0585772457318476,0.015873030000000066,2,2,0,0.7065276390753885,2.7377776390753885,0
44b6_0113de3b,0,88,326,False,False,5.025034981221523,3.832554834897995,3.25,2.03125,3.25,3.25,1,0.0,0.25260225999999997,0.7741106126464912,1.8392740000000005,0.5779986550353919,2.519195,0.10395280000000007,0.9589656237021689,8.045650000000009,0.8818896921133741,0.03174602999999998,4,0,4,1.640693060478578,6.665728041700102,0
44b6_0113de3b,0,89,322,False,False,1.4647552056572457,1.4647552056572457,0.0,1.21875,-0.8125,0.0,1,0.0,0.3159632,0.6979780688628263,0.5296236999999997,0.8717324056805175,3.5994973,0.09807679999999985,0.9540579717476114,5.363770000000002,0.8684208331432176,0.0,0,1,1,1.2681591029787036,2.7329143086359493,0
44b6_0113de3b,0,90,376,False,False,3.300390601883359,2.8726212985703494,1.625,-2.03125,2.03125,1.625,1,0.0,0.022935550000000027,1.0276731901805687,0.7149138000000002,1.3372021043488038,2.1200948,0.02175830000000012,1.0090053125973841,1.6091309999999979,1.0272725554742486,0.015872999999999915,2,2,0,0.486968179310039,3.7873587811933977,0
44b6_0113de3b,0,90,329,False,False,4.375446405796785,2.9295104113144914,3.25,2.4375,1.625,3.25,2,1.075055803913426,0.06159479000000001,0.9325226080428944,0.15139820000000004,0.9493010486680894,2.8350086,0.0,0.9999958962750694,0.0,0.9999998350123739,0.03174599999999994,2,2,0,0.239797340866434,4.615243746663219,0
44b6_0113de3b,0,91,326,False,False,2.6012692214570947,2.03125,1.625,1.625,1.21875,1.625,1,0.0,0.11212719999999998,0.89972536009322,0.7142396000000004,0.8361241157752509,3.6442294,0.023491099999999765,0.990724057251123,1.8773200000000116,0.9724407911464317,0.015873009999999965,4,0,4,0.5711962747155197,3.1724654961726144,0
44b6_0113de3b,0,92,382,False,False,1.4647552056572457,1.4647552056572457,0.0,-0.8125,-1.21875,0.0,1,0.0,0.022560000000000024,1.0277657849287665,0.28081400000000034,0.8786445233168421,2.0332372,0.0,0.9999958962750694,0.0,0.9999998350123739,0.0,4,3,1,0.24910886634902998,1.7138640720062757,0
44b6_0113de3b,0,92,396,False,False,2.0714766773970688,1.284675299443404,1.625,0.40625,1.21875,1.625,2,0.606721471739823,0.013948379999999982,1.016982237950366,0.21496970000000015,0.9043776870461208,2.0332372,0.007209500000000091,1.0029632437589546,0.5363760000000042,1.008928387430018,0.015873000000000026,4,2,2,0.19874407574888803,2.270220753145957,0
44b6_0113de3b,0,92,361,False,False,4.0625,4.0625,0.0,-4.0625,0.0,0.0,3,2.5977447943427543,0.023973279999999986,1.0295573895842176,0.14940880000000023,0.9315426709476893,2.0332372,0.0,0.9999958962750694,0.0,0.9999998350123739,0.0,4,2,2,0.1723548820158898,4.23485488201589,0
44b6_0113de3b,0,93,394,False,False,2.1877232028983924,1.4647552056572457,1.625,1.21875,0.8125,1.625,1,0.0,0.002051000000000025,1.0020276223559819,0.015106199999999959,0.994803496311033,2.8938012,0.010287400000000169,1.004128180125448,0.8045699999999982,1.0124480473959063,0.015873009999999965,2,2,0,0.1311199988559985,2.3188432017543907,0
44b6_0113de3b,0,93,367,False,False,4.0625,2.4375,3.25,0.0,2.4375,3.25,2,1.8747767971016076,0.09960010000000008,1.109554208652871,0.43074119999999994,1.1748757444977203,2.46306,0.010287400000000169,1.004128180125448,0.8045699999999982,1.0124480473959063,0.03174602999999998,2,2,0,0.4058491661994918,4.468349166199491,0
44b6_0113de3b,0,94,395,False,False,2.8726212985703494,2.368824207280903,1.625,1.21875,2.03125,1.625,1,0.0,0.025072869999999914,1.033166259458282,0.8434523999999994,0.8469291752640895,4.666813,0.006632399999999983,0.9973850735824011,0.5363799999999941,0.9921873111060813,0.015873009999999993,0,0,0,0.6347170992023555,3.507338397772705,0
44b6_0113de3b,0,95,372,False,False,3.0671202393287422,2.6012692214570947,1.625,1.625,2.03125,1.625,1,0.0,0.011838000000000015,0.9837713836128231,0.4985771999999997,0.8763840335442744,3.5347688,0.03782869999999994,0.9849251972869044,2.9500699999999966,0.9554654892564538,0.015873009999999993,1,1,0,0.5459057271245832,3.6130259664533253,0
44b6_0113de3b,0,96,292,False,False,1.4647552056572457,1.4647552056572457,0.0,0.8125,1.21875,0.0,1,0.0,0.13659675999999998,0.8718936593687802,1.3961735000000002,0.7328699746741978,3.8304229,0.009364199999999823,0.9956188861889059,0.5363770000000017,0.9869278629386841,0.0,1,2,1,0.8895004364703112,2.3542556421275567,0
44b6_0113de3b,0,97,326,False,False,1.86167137607581,0.9084026158592896,1.625,-0.40625,0.8125,1.625,1,0.0,0.21445373,0.8082235574027629,1.6987130000000006,0.610248667023519,2.659756,0.07536679999999985,0.9702485891556754,5.900143000000007,0.9133857399631354,0.015873009999999965,3,0,3,1.3713881058726214,3.2330594819484313,0
44b6_0113de3b,0,98,404,False,False,2.1877232028983924,1.4647552056572457,1.625,0.8125,1.21875,1.625,1,0.0,0.02075766000000001,0.9729841793555165,0.27058329999999975,0.9346578336487794,3.870581,0.031384599999999985,0.9873895573037546,2.413693000000002,0.9626555019592802,0.01587301000000002,1,1,0,0.3863755123166392,2.5740987152150314,0
44b6_0113de3b,0,99,328,False,False,2.6012692214570947,2.03125,1.625,-1.625,1.21875,1.625,1,0.0,0.08761613000000001,0.896903452625609,0.45480300000000007,0.8745237736718563,3.1698816,0.0034012999999997184,0.9986391112322812,0.26818500000000256,0.9959348610729544,0.015873040000000005,1,1,0,0.3723010871161099,2.973570308573205,0
44b6_0113de3b,0,99,343,False,False,3.65625,3.2752922102462856,1.625,3.25,0.40625,1.625,2,1.0549807785429053,0.0369946000000001,0.9537049512905267,0.03642270000000014,0.9886372025350103,3.1698816,0.0034012999999997184,0.9986391112322812,0.26818500000000256,0.9959348610729544,0.015873040000000005,1,1,0,0.1506066478989426,3.8068566478989427,0
44b6_0113de3b,0,100,472,False,False,4.908737426772795,3.6787502123683256,3.25,3.65625,-0.40625,3.25,1,0.0,0.06994885000000006,1.117519665838073,3.0596477,2.4070707145495875,2.1744633,0.07005840000000019,1.0287884610089302,5.363773000000002,1.0888887662554185,0.03174602999999998,0,1,1,2.0841144308070616,6.992851857579857,0
44b6_0113de3b,0,101,399,False,False,2.632800908728193,2.0714766773970688,1.625,2.03125,-0.40625,1.625,1,0.0,0.05039453999999999,0.9452135998900894,0.16592129999999994,0.9490852726784011,3.0930727,0.007252499999999884,1.0029898670649577,0.5363799999999941,1.0090088909827948,0.015873000000000026,2,3,1,0.2239075441548105,2.856708452883004,0
44b6_0113de3b,0,101,401,False,False,4.685103554085011,4.394265616971737,1.625,3.65625,-2.4375,1.625,2,2.0523026453568174,0.04112895999999999,1.049630867124597,0.3829826999999999,1.1413131249769382,2.71009,0.0404393999999999,1.0169220030993298,2.9500739999999936,1.0516430212115517,0.015873000000000026,2,3,1,0.4229290248612787,5.10803257894629,0
44b6_0113de3b,0,102,438,False,False,2.7252078475778685,2.1877232028983924,1.625,0.8125,2.03125,1.625,1,0.0,0.002725399999999989,1.0036375010632932,2.3735474000000005,2.199980727809326,1.9779696,0.3506662999999999,1.1672277067749062,22.79602,1.5902773623966346,0.015873009999999993,0,1,1,2.5048275064390895,5.230035354016958,0
44b6_0113de3b,0,103,406,False,False,3.7454399357752353,3.7454399357752353,0.0,-3.65625,-0.8125,0.0,1,0.0,0.026051109999999933,0.9660581731101405,0.06861650000000008,1.0352851891798704,1.9443327,0.0,0.999995931961238,0.0,0.9999998392792949,0.0,1,1,0,0.13744736848804842,3.8828873042632837,0
44b6_0113de3b,0,104,326,False,False,0.40625,0.40625,0.0,0.0,-0.40625,0.0,1,0.0,0.24478489999999997,0.7811010044078485,1.7803510000000005,0.5915178207810569,2.578118,0.06832309999999975,0.9730287551028126,5.363766000000005,0.9212597555955764,0.0,3,0,3,1.3969681555808036,1.8032181555808036,0
44b6_0113de3b,0,105,371,False,False,1.284675299443404,1.284675299443404,0.0,1.21875,0.40625,0.0,1,0.0,0.07460277999999998,0.9133916851895655,0.302562,1.1002057159572416,3.0192988,0.024340899999999888,0.9902188392573245,1.8773160000000004,0.9709542569534062,0.0,2,2,0,0.5252781741915985,1.8099534736350025,0
44b6_0113de3b,0,105,352,False,False,3.2752922102462856,3.2752922102462856,0.0,3.25,0.40625,0.0,2,1.9906169108028815,0.07327335000000001,0.9148033760409168,0.13595869999999977,0.960678020706342,3.3218608,0.0414399999999997,0.9834641223516117,3.2182610000000054,0.9512193787360622,0.0,2,2,0,0.5498582708926032,3.8251504811388886,0
44b6_0113de3b,0,106,430,False,False,2.0714766773970688,2.0714766773970688,0.0,2.03125,0.40625,0.0,1,0.0,0.04484966999999995,1.065253210222535,0.36559509999999973,1.1474821281570267,2.4788334,0.0323017000000001,1.013330740807939,2.4136979999999966,1.0405403957314547,0.0,1,2,1,0.38469332615186025,2.456170003548929,0
44b6_0113de3b,0,106,456,False,False,2.9575446425202108,2.9575446425202108,0.0,0.8125,2.84375,0.0,2,0.886067965123142,0.07071167,1.1069128002296076,0.4988602999999996,1.2126768998791,2.3455682,0.039598000000000244,1.0163921922681423,2.950072999999996,1.049999817801165,0.0,1,1,0,0.4923818242486309,3.449926466768842,0
44b6_0113de3b,0,107,391,False,False,3.2752922102462856,3.2752922102462856,0.0,3.25,0.40625,0.0,1,0.0,0.04176404,0.9522047661461331,0.23662760000000027,0.9307924551897513,3.1826081,0.0269550999999999,0.9893428033757479,2.145505,0.9683793455712492,0.0,3,2,1,0.37932478712822626,3.6546169973745117,0
44b6_0113de3b,0,107,407,False,False,3.494694639736067,3.093907824257213,-1.625,2.84375,-1.21875,1.625,2,0.21940242948978161,0.031174400000000047,0.9638831758956183,0.10554810000000003,1.0342982447588127,3.07706,0.02060390000000023,1.0082950764007477,1.6091339999999974,1.0251044915385816,0.015873030000000066,3,2,1,0.3191991242295139,3.813893763965581,0
44b6_0113de3b,0,108,307,False,False,2.0714766773970688,2.0714766773970688,0.0,0.40625,2.03125,0.0,1,0.0,0.20506985,0.7554892308415008,1.6909360999999996,0.6680563007022866,3.4031289,0.10323359999999981,0.9516426227782097,5.6319600000000065,0.8618418502693262,0.0,0,0,0,1.1882066522139378,3.259683329611007,0
44b6_0113de3b,0,109,390,False,False,2.1877232028983924,1.4647552056572457,1.625,0.8125,1.21875,1.625,1,0.0,0.05945188000000001,0.938531298436989,0.2276528,0.8907748904703823,1.8566821,0.021693399999999752,0.9911066196787297,1.609131000000005,0.973568119631279,0.015872999999999915,3,2,1,0.29450088970104377,2.482224092599436,0
44b6_0113de3b,0,109,355,False,False,3.350023320814349,2.9295104113144914,1.625,-2.4375,1.625,1.625,2,1.1623001179159567,0.3226761400000001,0.7377764273717583,1.9483424999999999,0.48795406485922627,1.8566821,0.11816829999999978,0.9534157841403494,9.118406999999998,0.8666665545613438,0.015872999999999915,3,2,1,1.862107476021855,5.212130796836204,0
44b6_0113de3b,0,110,414,False,False,2.1877232028983924,1.4647552056572457,1.625,1.21875,0.8125,1.625,1,0.0,0.010995039999999956,0.9845362508026929,0.34986700000000015,1.1298207296383869,2.694914,0.06481639999999977,0.9744128583336182,5.095578000000003,0.9251967560717957,0.01587302,1,2,1,0.8909477769408705,3.078670979839263,0
44b6_0113de3b,0,110,408,False,False,6.9181882111576005,4.908737426772795,-4.875,-2.03125,-4.46875,4.875,2,4.730465008259208,0.16106524,0.8130807861143746,0.31339300000000003,0.9066748576016085,3.044781,0.0,0.9999959493464149,0.0,0.9999998413310471,0.04761904,1,1,0,0.6303217459381913,7.548509957095792,0
44b6_0113de3b,0,111,401,False,False,1.1490485194281397,1.1490485194281397,0.0,0.8125,-0.8125,0.0,1,0.0,0.01014914999999994,0.9877378361770618,0.09669719999999993,0.9643160030995166,2.6133928,0.0548160000000002,1.0229394277892296,4.0228269999999995,1.070422344620724,0.0,1,3,2,0.5590551547517346,1.7081036741798743,0
44b6_0113de3b,0,111,399,False,False,1.4647552056572457,1.4647552056572457,0.0,-0.8125,1.21875,0.0,2,0.315706686229106,0.10167264999999992,0.8894776869874021,0.6456011999999998,0.8018992305624664,2.6133928,0.02162910000000018,1.0089248512342466,1.609133,1.0270268912968807,0.0,1,3,2,0.5673691615333827,2.0321243671906286,0
44b6_0113de3b,0,112,466,False,False,1.6750116604071745,0.40625,1.625,0.0,0.40625,1.625,1,0.0,0.07673750000000001,1.1405460169942945,1.0941069999999997,1.3466064000931635,3.1565878,0.03879879999999991,1.015894447441677,2.950072999999996,1.0484579737239865,0.015873000000000026,0,2,2,0.7608647873887093,2.435876447795884,0
44b6_0113de3b,0,112,485,False,False,3.1729139308370784,3.1729139308370784,0.0,2.4375,2.03125,0.0,2,1.4979022704299039,0.15899810000000003,1.3428952184751106,1.9438627999999998,1.8426467005542642,2.306832,0.09378149999999996,1.0393103225947902,6.972900000000003,1.122641305177344,0.0,0,3,3,1.4402466775331284,4.613160608370206,0
44b6_0113de3b,0,112,526,False,False,4.182599744775969,4.182599744775969,0.0,-3.65625,2.03125,0.0,3,2.507588084368794,0.22491900000000004,1.5654632678546871,2.6135810999999998,2.5964408187359327,1.6371137,0.1396660999999999,1.0596940302721214,10.191161999999998,1.1899997772089614,0.0,0,2,2,1.947922603021024,6.130522347796992,0
44b6_0113de3b,0,113,398,False,False,6.894291116568838,2.2980970388562794,6.5,1.625,1.625,6.5,1,0.0,0.041601699999999964,0.9578614160011116,0.3928950000000002,0.8675059088780027,2.572548,0.3385327,1.1599734891847924,22.259642999999997,1.5608103969814497,0.06349205999999996,3,1,2,2.199732970469991,9.094024087038829,0
44b6_0113de3b,0,114,412,False,False,1.284675299443404,1.284675299443404,0.0,1.21875,-0.40625,0.0,1,0.0,0.012451369999999962,1.0165139618601078,0.2387771999999999,1.0935888990512905,2.5512242,0.010994300000000123,0.9954503358407346,0.8045649999999966,0.9864251801128007,0.0,2,2,0,0.19820005151953826,1.4828753509629424,0
44b6_0113de3b,0,114,413,False,False,2.333728575156074,1.6750116604071745,1.625,1.625,0.40625,1.625,2,1.04905327571267,0.0067742000000000635,0.9912191201129159,0.21106760000000024,0.9296660967605317,2.7900014,0.0036871000000000542,1.0015295600552507,0.2681880000000021,1.0046081140734104,0.015873000000000026,2,2,0,0.14528948825518093,2.479018063411255,0
44b6_0113de3b,0,114,498,False,False,5.170718337426629,4.021669817998489,3.25,-2.84375,2.84375,3.25,3,3.8860430379832245,0.13834839999999993,1.2204638527691132,1.5200795999999999,2.196969475053699,1.2699218,0.10381240000000025,1.0450550942048553,7.241088000000005,1.1413610141025663,0.03174600000000005,2,3,1,1.1439618155764326,6.314680153003062,0
44b6_0113de3b,0,115,386,False,False,1.4647552056572457,1.4647552056572457,0.0,0.8125,1.21875,0.0,1,0.0,0.01743679999999992,0.9768715660569806,0.2929626000000001,0.8952145405747215,2.5029554,0.025196999999999914,0.9897011107658673,1.8773199999999974,0.9694321451849762,0.0,1,1,0,0.3000131536056829,1.7647683592629286,0
44b6_0113de3b,0,115,500,False,False,5.540511314400504,5.296851954227152,1.625,5.28125,0.40625,1.625,2,4.075756108743258,0.12752370000000002,1.2092502638321307,1.6300223699999998,2.8672608795559085,0.87293303,0.05202960000000001,1.021946245292142,3.7546370000000024,1.0673074711562418,0.015873000000000026,1,3,2,1.0573468448996333,6.597858159300138,0
44b6_0113de3b,0,116,351,False,False,0.40625,0.40625,0.0,0.0,-0.40625,0.0,1,0.0,0.07807734999999993,1.1021837728964148,0.8615042999999996,0.8063083524342579,3.5863507,0.02859820000000024,1.013602276000563,1.6091300000000004,1.041379019495805,0.0,0,1,1,0.8049689268228513,1.2112189268228513,0
44b6_0113de3b,0,117,387,False,False,2.6012692214570947,2.03125,1.625,1.21875,1.625,1.625,1,0.0,0.01378343999999998,0.9822096235115111,0.19122649999999997,0.9132968772159029,2.0144107,0.007104700000000186,0.997101542207521,0.5363779999999991,0.991341814412773,0.015873040000000005,2,3,1,0.1334428003609662,2.7347120218180607,0
44b6_0113de3b,0,117,431,False,False,5.816614806956019,3.1729139308370784,4.875,-2.4375,2.03125,4.875,2,3.215345585498924,0.13102833999999997,0.8531909042994682,0.23542930000000006,1.1323330174614672,1.7789814,0.08600830000000004,0.9660483625806564,6.704710000000006,0.9015746944944705,0.047619069999999986,2,3,1,1.2150879029762987,7.0317027099323175,0
44b6_0113de3b,0,118,371,False,False,0.8125,0.8125,0.0,-0.8125,0.0,0.0,1,0.0,0.10601227999999996,0.8769324638063339,0.10583589999999976,1.035049710715247,3.0192988,0.04917220000000011,0.9802447135884743,3.754635999999998,0.9419086067380301,0.0,2,2,0,0.716017392137659,1.5285173921376591,0
44b6_0113de3b,0,118,352,False,False,1.21875,1.21875,0.0,1.21875,0.0,0.0,2,0.40625,0.10468285,0.8782878051746446,0.3326848,0.9037850767367217,3.1251347,0.06627129999999992,0.9735580345675242,5.095581000000003,0.9227640883297492,0.0,2,2,0,0.8259391517281429,2.044689151728143,0
44b6_0113de3b,0,119,407,False,False,2.84375,2.84375,0.0,2.84375,0.0,0.0,1,0.0,0.057579500000000006,0.9333015917651363,0.3647260000000001,0.881466459976536,2.712334,0.028015299999999854,0.9887116085513735,2.1455080000000066,0.9665270429893066,0.0,3,2,1,0.38572772912297854,3.2294777291229786,0
44b6_0113de3b,0,119,391,False,False,3.9804208320226646,3.6336104634371584,1.625,3.25,1.625,1.625,2,1.1366708320226646,0.06816913999999996,0.9219937085267422,0.7069017000000004,0.7932550737725573,2.712334,0.07557429999999998,0.9701274333562101,5.900147000000004,0.9130433366476695,0.015873030000000066,3,2,1,0.9863348396215358,4.966755671644201,0
44b6_0113de3b,0,120,375,False,False,2.0714766773970688,1.284675299443404,1.625,1.21875,0.40625,1.625,1,0.0,0.05098359999999991,0.9401497898407128,0.37303640000000016,0.8826547442778261,2.8060033,0.03751829999999989,0.9851089035648908,2.9500740000000008,0.9559998466750179,0.015873010000000076,3,2,1,0.5095676307749851,2.581044308172054,0
44b6_0113de3b,0,121,442,False,False,3.65625,1.6750116604071745,3.25,0.40625,1.625,3.25,1,0.0,0.07294909999999999,1.095558718176779,0.6301589000000003,1.3699469627280794,1.7033393,0.06269910000000012,1.0264052899960803,4.559206000000003,1.0813395561930657,0.03174602999999998,3,4,1,0.6606736543291883,4.316923654329188,0
44b6_0113de3b,0,121,369,False,False,6.512682938889317,5.6438053707139835,3.25,4.875,2.84375,3.25,2,2.8564329388893173,0.023581469999999993,1.0290053806486226,0.21161799999999964,0.9168497027770176,2.3334982,0.0,0.9999958962750694,0.0,0.9999998350123739,0.03174602999999998,3,3,0,0.208449052154492,6.721131991043809,0
44b6_0113de3b,0,122,409,False,False,1.7235727791422095,0.5745242597140698,1.625,-0.40625,0.40625,1.625,1,0.0,0.013518690000000055,1.016213861382431,0.4713433,1.2240958314986872,2.1032567,0.04251000000000005,1.0174666315416132,3.2182630000000003,1.0533331802072163,0.015873020000000015,2,5,3,0.535521289675462,2.2590940688176717,0
44b6_0113de3b,0,122,420,False,False,4.021669817998489,2.368824207280903,3.25,1.21875,2.03125,3.25,2,2.2980970388562794,0.06763666000000002,1.086807808955368,0.28364420000000035,1.1238055146872992,2.2909558,0.01753399999999994,1.0071288311263544,1.3409430000000029,1.021551569721357,0.03174606000000002,2,2,0,0.3118741082058179,4.333543926204307,0
44b6_0113de3b,0,122,333,False,False,5.58501412822743,4.5420130792964475,3.25,0.8125,-4.46875,3.25,3,3.8614413490852204,0.12196558999999996,0.8740755645163331,0.8632215999999997,0.7489023022535485,2.5746,0.030949699999999858,0.9876490757242266,2.413695000000004,0.9634145075265964,0.03174606000000002,2,1,1,0.6643653388965775,6.249379467124007,0
44b6_0113de3b,0,123,458,False,False,1.1490485194281397,1.1490485194281397,0.0,0.8125,0.8125,0.0,1,0.0,0.04825442999999996,1.065017945542336,0.7820620000000003,1.2889144896572535,2.7068532,0.01696019999999976,1.0067804624180803,1.3409400000000034,1.0204916103792903,0.0,0,1,1,0.5130233518529626,1.6620718712811022,0
44b6_0113de3b,0,124,398,False,False,5.041429918683786,1.284675299443404,4.875,-0.40625,1.21875,4.875,1,0.0,0.12857269999999998,1.1301905505680832,1.9918239999999998,1.6716727596087342,2.965443,0.3526199000000001,1.1666305864395525,23.332397,1.5878374192420341,0.047619039999999946,4,1,3,2.3561967171784253,7.397626635862212,0
44b6_0113de3b,0,125,397,False,False,2.1877232028983924,1.4647552056572457,1.625,1.21875,0.8125,1.625,1,0.0,0.04687909999999995,0.941637933159028,0.08333710000000005,1.0311963215437734,2.6710453,0.0033292999999998685,1.0013118598764654,0.26818500000000256,1.0039523699444797,0.015873020000000015,0,0,0,0.2370104844912101,2.4247336873896024,0
44b6_0113de3b,0,126,423,False,False,1.8168052317185792,0.8125,-1.625,0.8125,0.0,1.625,1,0.0,0.07491320000000001,1.1014637656403643,0.6738195999999999,1.121578973322601,5.5421457,0.024831300000000223,1.0101709990585968,1.8773199999999974,1.030836846078127,0.015873020000000015,0,1,1,0.4799913740466203,2.2967966057651994,0
44b6_0113de3b,0,127,443,False,False,1.86167137607581,0.9084026158592896,1.625,-0.8125,-0.40625,1.625,1,0.0,0.022608629999999907,0.9715447457731986,0.46368339999999986,1.2973140364577804,1.5595309,0.0,0.9999958274500379,0.0,0.9999998265711457,0.015873000000000026,1,3,2,0.3700087636255706,2.2316801397013806,0
44b6_0113de3b,0,127,431,False,False,5.154734625807618,4.0010984819796676,-3.25,1.625,-3.65625,3.25,2,3.2930632497318078,0.12030093999999991,0.8652093707514844,0.24423289999999986,1.137281664205909,1.7789814,0.1369378000000001,0.9459463619837083,10.459348000000006,0.8464565997473864,0.03174602999999998,1,3,2,1.6596972561919654,6.8144318819995835,0
44b6_0113de3b,0,128,375,False,False,4.1429533547941375,2.569350598886808,3.25,2.4375,0.8125,3.25,1,0.0,0.05528809999999995,0.9350976807597565,0.22408250000000018,0.9295095952730779,2.9549572,0.06553359999999975,0.9739925318145447,5.095582000000007,0.9239998490613989,0.03174603000000009,3,2,1,0.8046145971839177,4.947567951978055,0
44b6_0113de3b,0,129,445,False,False,0.9084026158592896,0.9084026158592896,0.0,0.40625,0.8125,0.0,1,0.0,0.0038370000000000903,1.005998720314799,0.03850329999999991,1.010544312722599,3.650612,0.003496600000000072,0.9985816067572891,0.268187999999995,0.995762562035401,0.0,0,0,0,0.05149824795626853,0.9599008638155582,0
44b6_0113de3b,0,130,459,False,False,2.0714766773970688,2.0714766773970688,0.0,0.40625,2.03125,0.0,1,0.0,0.029988110000000012,0.9615189282038425,0.4394522999999997,1.1873236230545303,2.345889,0.0479497999999996,0.9809697213354043,3.754640000000009,0.94399984011247,0.0,1,1,0,0.7259568581027549,2.797433535499824,0
44b6_0113de3b,0,131,417,False,False,2.333728575156074,1.6750116604071745,1.625,0.40625,1.625,1.625,1,0.0,0.004263879999999998,1.005783511431717,0.10972879999999963,1.0492875862384965,2.226084,0.024831300000000223,1.0101709990585968,1.8773199999999974,1.030836846078127,0.015873000000000026,2,1,1,0.2769776919365783,2.6107062670926524,0
44b6_0113de3b,0,131,436,False,False,4.182599744775969,3.8540258983302125,1.625,3.65625,1.21875,1.625,2,1.8488711696198945,0.04969459999999992,1.0719975010717475,0.16263079999999963,1.0748303877430063,2.173182,0.06120610000000015,1.0254556879326444,4.559204000000001,1.078340825999181,0.015873000000000026,2,1,1,0.6386932434101514,4.82129298818612,0
44b6_0113de3b,0,132,413,False,False,1.8168052317185792,1.8168052317185792,0.0,1.625,-0.8125,0.0,1,0.0,0.01069500000000001,1.0138297369761349,0.11074300000000026,0.9630956066134879,2.890326,0.01832389999999995,1.0076180168871816,1.3409400000000034,1.0230412576887673,0.0,2,2,0,0.2090020200340403,2.0258072517526196,0
44b6_0113de3b,0,132,412,False,False,2.6012692214570947,2.03125,-1.625,1.21875,-1.625,1.625,2,0.7844639897385155,0.029920570000000035,1.0397015772534766,0.3391017999999999,1.1329128466528082,2.5512242,0.003642499999999771,1.0015018361057524,0.2681870000000046,1.004524692505844,0.015873000000000026,2,2,0,0.21260864879551547,2.81387787025261,0
44b6_0113de3b,0,132,498,False,False,3.65625,3.2752922102462856,1.625,-2.84375,1.625,1.625,3,1.8394447682814208,0.1558176,1.2483037521520337,1.6204041999999999,2.2759694654468845,1.2699218,0.11844920000000014,1.0514081496530687,8.313840000000006,1.1623033807778813,0.015873000000000026,2,3,1,1.2746635748045412,4.930913574804541,0
44b6_0113de3b,0,133,424,False,False,2.0714766773970688,1.284675299443404,1.625,1.21875,0.40625,1.625,1,0.0,0.00669856000000002,0.99052752749174,1.8853790000000004,0.6951713955472517,4.29969,0.0,0.9999960581413119,0.0,0.9999998537756658,0.015873000000000026,0,0,0,1.2895931487564112,3.36106982615348,0
44b6_0113de3b,0,134,394,False,False,3.5648292823780494,3.1729139308370784,1.625,-2.03125,2.4375,1.625,1,0.0,0.25271290000000013,0.7489335610442979,1.1290799999999999,0.6118521619073818,1.7798274,0.09667689999999984,0.9611632378839797,7.241086000000003,0.8879667070121452,0.015873009999999965,2,2,0,1.3253566344636354,4.890185916841685,0
44b6_0113de3b,0,134,367,False,False,6.1342404786574845,5.202538442914189,3.25,-3.25,4.0625,3.25,2,2.569411196279435,0.15516380000000007,0.8293008756627533,0.6832326,0.7226052852740685,1.7798274,0.09667689999999984,0.9611632378839797,7.241086000000003,0.8879667070121452,0.03174602999999998,2,2,0,1.1126849957088443,7.2469254743663285,0
44b6_0113de3b,0,135,436,False,False,2.1877232028983924,1.4647552056572457,1.625,0.8125,1.21875,1.625,1,0.0,0.039164459999999957,1.0567383711615612,0.1987981999999997,1.0914729117353643,2.173182,0.04352089999999986,1.0180991908319075,3.218260000000001,1.0552993277478133,0.015873000000000026,2,1,1,0.44365035613512027,2.6313735590335128,0
44b6_0113de3b,0,135,417,False,False,3.350023320814349,2.9295104113144914,1.625,-2.4375,1.625,1.625,2,1.1623001179159567,0.006266259999999968,0.991466891059826,0.1458961999999997,1.0655346090506508,2.226084,0.007146099999999933,1.002924152497333,0.5363759999999971,1.0088103913490796,0.015873000000000026,2,1,1,0.13453790295097223,3.484561223765321,0
44b6_0113de3b,0,136,436,False,False,1.284675299443404,1.284675299443404,0.0,1.21875,0.40625,0.0,1,0.0,0.08793228999999991,1.127407389181064,0.04012659999999979,1.0184597587327764,2.173182,0.04352089999999986,1.0180991908319075,3.218260000000001,1.0552993277478133,0.0,3,1,2,0.5373554833828982,1.8220307828263023,0
44b6_0113de3b,0,136,417,False,False,2.1877232028983924,2.1877232028983924,0.0,-2.03125,0.8125,0.0,2,0.9030479034549883,0.04250156999999999,1.0577709011177094,0.012775400000000214,0.9942565767663,2.2133086,0.007146099999999933,1.002924152497333,0.5363759999999971,1.0088103913490796,0.0,3,1,2,0.19279403179704685,2.3805172346954393,0
44b6_0113de3b,0,137,426,False,False,2.8726212985703494,2.8726212985703494,0.0,2.84375,-0.40625,0.0,1,0.0,0.04145586000000001,0.9506941692489413,0.23998130000000018,0.9012489985668241,2.1902757,0.010490299999999841,1.004251245126876,0.8045660000000012,1.0128203604193848,0.0,2,2,0,0.24147146019150384,3.114092758761853,0
44b6_0113de3b,0,137,521,False,False,6.358818311015027,5.465534769123694,3.25,-4.0625,3.65625,3.25,2,3.486197012444678,0.39497951,1.9762996701137732,0.1777365999999998,1.0883091995122005,2.0125391,0.04612000000000016,1.0189784248524758,3.486450000000005,1.0580355337055507,0.03174603999999992,2,1,1,1.6564257307601746,8.015244041775201,0
44b6_0113de3b,0,137,459,False,False,6.797862715589364,4.737648414561806,4.875,2.4375,-4.0625,4.875,3,3.9252414170190146,0.01998221999999994,1.0256200284534143,0.15561330000000018,0.9336615514990201,2.1902757,0.0444627999999998,0.9823533505770492,3.486450000000005,0.9479998621864947,0.047619039999999946,2,1,1,0.5897591574040021,7.387621872993366,0
44b6_0113de3b,0,138,402,False,False,0.9084026158592896,0.9084026158592896,0.0,0.8125,0.40625,0.0,1,0.0,0.08267527000000008,0.8746106494055296,0.007295099999999444,1.0014839693886475,4.9091883,0.050436499999999995,0.9757726782624255,2.681885000000001,0.9290777619270447,0.0,1,0,1,0.45114473234706515,1.3595473482063547,0
44b6_0113de3b,0,139,415,False,False,1.284675299443404,1.284675299443404,0.0,-0.40625,1.21875,0.0,1,0.0,0.04791126000000001,0.9428901650392699,0.5712887,0.7628733637529632,1.837957,0.0074086000000002095,0.9969140914780987,0.5363779999999991,0.9907832219958069,0.0,3,1,2,0.3565248466508507,1.641200146094255,0
44b6_0113de3b,0,140,411,False,False,2.1877232028983924,1.4647552056572457,1.625,1.21875,0.8125,1.625,1,0.0,0.0737219400000001,0.8961395057232626,0.06292909999999985,1.025321754273731,2.4847744,0.007083999999999868,0.9971141333023078,0.5363770000000017,0.9913791503168841,0.015873009999999993,1,2,1,0.33661784412275136,2.5243410470211436,0
44b6_0113de3b,0,141,332,False,False,4.241374519244911,2.7252078475778685,3.25,2.4375,1.21875,3.25,1,0.0,0.12659149999999997,0.8326801637283177,0.3865607000000004,0.9412455459653939,6.1928573,0.026811599999999824,0.9894273043012025,2.1455100000000016,0.9686272766580486,0.031746039999999975,0,0,0,0.5711034057359288,4.81247792498084,0
44b6_0113de3b,0,142,435,False,False,1.9902104160113323,1.1490485194281397,1.625,0.8125,0.8125,1.625,1,0.0,0.005615000000000037,1.0079410011243495,0.19228800000000001,1.0621881544370326,3.091865,0.030779900000000193,0.9877499228747916,2.4136939999999925,0.9637095657468906,0.015873020000000015,1,1,0,0.42530582892590385,2.415516244937236,0
44b6_0113de3b,0,143,460,False,False,1.4647552056572457,1.4647552056572457,0.0,1.21875,0.8125,0.0,1,0.0,0.05351178999999995,1.073415374945779,0.6007723999999999,1.3007057216147666,1.9978316,0.3844325999999998,1.185060453057583,24.941527999999998,1.6642852575175187,0.0,0,1,1,2.230198384871047,3.694953590528293,0
44b6_0113de3b,0,144,453,False,False,2.1877232028983924,1.4647552056572457,1.625,0.8125,1.21875,1.625,1,0.0,0.034233100000000016,1.0437064459763445,0.3490605000000002,1.1551053677400582,2.2503989,0.03453200000000001,1.0139836663065096,2.6818880000000007,1.042553077382753,0.01587302,1,3,2,0.448681460799639,2.6364046636980314,0
44b6_0113de3b,0,144,465,False,False,2.8726212985703494,2.368824207280903,1.625,-1.21875,2.03125,1.625,2,0.684898095671957,0.0717466000000001,1.0962250856227893,0.7232724000000001,1.38549384739449,1.876187,0.1141078000000002,1.047756417983614,8.582034,1.1502345872733768,0.01587302,1,2,1,1.2543127062498545,4.126934004820204,0
44b6_0113de3b,0,145,425,False,False,1.6750116604071745,1.6750116604071745,0.0,1.625,0.40625,0.0,1,0.0,0.04012340000000003,1.0616065711791998,0.4158078999999999,0.8006289459253509,1.6698304,0.027332299999999865,1.0139242096497554,1.3409430000000029,1.0423725717897065,0.0,1,2,1,0.4493090063187485,2.124320666725923,0
44b6_0113de3b,0,146,451,False,False,2.368824207280903,1.7235727791422095,1.625,1.21875,1.21875,1.625,1,0.0,0.05940069999999997,1.0887190149989985,0.03009649999999997,0.9899584573343418,2.9680882,0.021314400000000067,1.0087298824938247,1.6091309999999979,1.0264315518471012,0.015873000000000026,2,0,2,0.33506021246804096,2.703884419748944,0
44b6_0113de3b,0,147,374,False,False,2.0714766773970688,2.0714766773970688,0.0,2.03125,-0.40625,0.0,1,0.0,0.0773938999999999,1.1163338785426073,6.4570374,0.3599429315548396,3.6311896,0.40289449999999993,1.1953534540100688,26.014284000000004,1.7080288053153585,0.0,2,1,1,5.379604190534886,7.451080867931955,0
44b6_0113de3b,0,148,420,False,False,3.374565944310468,2.9575446425202108,-1.625,2.84375,-0.8125,1.625,1,0.0,0.013551050000000009,1.0173817379337542,0.023654400000000297,1.010320712775372,2.2909558,0.08199919999999983,1.0333535243657215,6.436523000000001,1.1034480907561535,0.015872999999999915,1,2,1,1.0449784719244348,4.419544416234903,0
44b6_0113de3b,0,148,486,False,False,4.021669817998489,3.6787502123683256,1.625,-3.65625,0.40625,1.625,2,0.6471038736880206,0.2093817,1.3589998941201535,0.8301362000000001,1.5592018506093699,1.484474,0.16607480000000008,1.0699481919845883,12.604860000000002,1.2248801992456924,0.015873000000000026,1,3,2,1.917645205749695,5.9393150237481835,0
44b6_0113de3b,0,148,409,False,False,4.241374519244911,2.7252078475778685,-3.25,1.21875,-2.4375,3.25,3,0.8668085749344425,0.04056691999999995,0.9512973829286195,0.21135349999999997,1.1004834527166716,2.1032567,0.10697519999999994,1.0439605114394106,8.313842999999999,1.1377775934961305,0.03174603999999992,1,5,4,1.3545528859508786,5.5959274051957895,0
44b6_0113de3b,0,148,429,False,False,4.487177913232324,3.093907824257213,3.25,-1.21875,2.84375,3.25,4,1.1126119689218563,0.10679044999999998,1.1557021403486005,0.2145659000000002,1.1021668344480426,2.1000443,0.1214801999999997,1.0502211513098325,9.386597000000002,1.1583708515433941,0.03174600000000005,1,3,2,1.4690454536143942,5.956223366846719,0
44b6_0113de3b,0,149,441,False,False,3.374565944310468,2.9575446425202108,1.625,2.84375,0.8125,1.625,1,0.0,0.127386,1.1558856641019828,0.7201960000000001,1.3285701745917704,2.1918688,0.13986019999999977,1.0582630026088122,10.727539999999998,1.1851849997721335,0.01587302,1,0,1,1.6428146320029813,5.01738057631345,0
44b6_0113de3b,0,150,432,False,False,3.72334275215162,3.350023320814349,1.625,3.25,0.8125,1.625,1,0.0,0.07011179999999995,0.8999818568436501,0.11356290000000002,1.0808854792725122,1.4038625,0.007043700000000097,1.002861336423958,0.5363770000000017,1.0086205282417056,0.015873009999999965,4,3,1,0.3541372633622683,4.077480015513888,0
44b6_0113de3b,0,151,374,False,False,0.40625,0.40625,0.0,0.0,0.40625,0.0,1,0.0,0.14418566,1.216744228699255,7.362574,0.27018130125214146,2.725653,0.019879099999999816,1.009634268166364,1.0727550000000008,1.0291968309689528,0.0,2,1,1,5.36809365044189,5.77434365044189,0
44b6_0113de3b,0,152,444,False,False,1.8168052317185792,1.8168052317185792,0.0,1.625,0.8125,0.0,1,0.0,0.0020559999999999468,1.002853126964401,0.9317663000000005,0.7766246867979338,3.2395723,0.0,0.999995326413122,0.0,0.999999756292806,0.0,0,0,0,0.6466018594112547,2.463407091129834,0
44b6_0113de3b,0,153,415,False,False,3.832554834897995,3.832554834897995,0.0,3.25,2.03125,0.0,1,0.0,0.01732330999999998,0.9793431459560293,0.8434806000000001,0.6498957748652415,1.5657651,0.08415319999999982,0.9649907076658034,5.900146999999997,0.8986173492716366,0.0,3,1,2,0.8291265637543251,4.661681398652321,0
44b6_0113de3b,0,154,461,False,False,2.2980970388562794,1.625,1.625,1.625,0.0,1.625,1,0.0,0.02279781999999997,1.0383968400707924,0.9960940000000003,1.2029170326742211,4.908814,0.0033920000000002837,1.0013491999567394,0.26818499999998835,1.0040648357790427,0.015873029999999982,1,0,1,0.6505619986663139,2.948659037522593,0
44b6_0113de3b,0,155,439,False,False,0.8125,0.8125,0.0,0.0,-0.8125,0.0,1,0.0,0.16376174,1.239583846329935,0.32409089999999985,1.135686694898922,2.3884401,0.014202500000000118,1.0067068581966738,0.8045649999999966,1.0202700021578706,0.0,2,2,0,0.626959671891152,1.4394596718911519,0
44b6_0113de3b,0,156,564,False,False,0.40625,0.40625,0.0,0.0,-0.40625,0.0,1,0.0,0.48888433,2.6900215081999037,2.56818259,18.4247820742524,0.14737621,0.5365244999999998,1.340683884252651,23.064209,2.4098345995389714,0.0,2,1,1,6.564667869152865,6.970917869152865,0
44b6_0113de3b,0,157,448,False,False,2.9295104113144914,2.9295104113144914,0.0,-2.4375,1.625,0.0,1,0.0,0.08136345,0.890030075235727,1.1768917,0.7119580436866675,2.9089673,0.033141899999999946,0.9845061715182082,1.877319,0.9542481417387392,0.0,1,0,1,0.7306013489761438,3.6601117602906355,0
44b6_0113de3b,0,158,426,False,False,1.86167137607581,0.9084026158592896,-1.625,-0.40625,-0.8125,1.625,1,0.0,0.04048852999999997,0.9518443928126255,0.9206714,0.6211603910187646,1.5095856,0.039250700000000194,0.9840742288338368,2.9500740000000008,0.9529912894224138,0.015873040000000005,4,2,2,0.6784405800686695,2.5401119561444796,0
44b6_0113de3b,0,158,459,False,False,5.58501412822743,4.5420130792964475,3.25,-0.8125,-4.46875,3.25,2,3.72334275215162,0.020949549999999983,1.0268609031345386,0.8363034,0.6434998267188826,1.5095856,0.09420379999999984,0.9626162980652443,7.241090000000007,0.8919998514477799,0.03174599999999994,4,1,3,1.2416230191582118,6.826637147385641,0
44b6_0113de3b,0,159,529,False,False,3.350023320814349,0.8125,3.25,-0.8125,0.0,3.25,1,0.0,0.1627866,1.2892311270082377,3.0933206,1.9806873760195445,3.154217,0.3149660000000001,0.8716819202996826,20.918701,0.6623375577314065,0.031746034,0,1,1,3.091070247745096,6.441093568559445,0
44b6_0113de3b,0,160,411,False,False,2.569350598886808,2.569350598886808,0.0,-2.4375,0.8125,0.0,1,0.0,0.0467951900000001,0.9340691406178028,0.16743439999999987,0.9326121010740409,2.31734,0.007083999999999868,0.9971141333023078,0.5363770000000017,0.9913791503168841,0.0,1,2,1,0.1883047099293444,2.7576553088161524,0
44b6_0113de3b,0,161,490,False,False,2.03125,1.21875,1.625,0.0,1.21875,1.625,1,0.0,0.09670880000000004,1.1857477640839662,0.5280628000000003,1.2261686998398988,2.334764,0.030203600000000108,1.0120452997675362,2.41369499999999,1.0365851893254008,0.015873020000000015,0,0,0,0.5409246034473204,2.5721746034473205,0
44b6_0113de3b,0,162,452,False,False,2.8145825622994254,2.2980970388562794,1.625,1.625,1.625,1.625,1,0.0,0.04451740000000004,0.9413487364347038,0.17140719999999998,0.9131898662123688,1.8032048,0.01821359999999972,0.9924993445425814,1.3409440000000004,0.9776783822281201,0.015873000000000026,2,2,0,0.22939498627999297,3.0439775485794183,0
44b6_0113de3b,0,162,463,False,False,6.1342404786574845,5.202538442914189,3.25,3.25,4.0625,3.25,2,3.319657916358059,0.11331332999999999,0.8631336003743932,0.31064939999999996,0.8530372007813936,1.8032048,0.05384330000000004,0.9781548639646586,4.022828000000004,0.935897273690337,0.03174604000000003,2,2,0,0.6609174421197624,6.795157920777247,0
44b6_0113de3b,0,163,433,False,False,2.333728575156074,1.6750116604071745,1.625,1.625,0.40625,1.625,1,0.0,0.016047900000000004,0.9758731247202548,0.7092361999999994,1.1520097911950873,4.6656513,0.0,0.9999960373118788,0.0,0.9999998514454065,0.015873009999999993,0,1,1,0.5211508044417635,2.8548793795978376,0
44b6_0113de3b,0,163,520,False,False,6.2541392543258905,5.343384490423649,-3.25,0.8125,-5.28125,3.25,2,3.9204106791698163,0.11783396000000002,1.221607389904778,3.6129548,3.0505461386457116,1.7619327,0.10848730000000018,1.0449171657656096,8.313844999999993,1.1409089349037458,0.03174603000000001,0,2,2,2.523046260210549,8.77718551453644,0
44b6_0113de3b,0,164,501,False,False,2.632800908728193,2.0714766773970688,1.625,2.03125,0.40625,1.625,1,0.0,0.06553445999999996,1.116360645857074,0.5925625999999997,1.3442236012793407,1.7214077,0.046524699999999974,1.0192312335604243,3.4864510000000024,1.058823364661277,0.015873000000000026,1,1,0,0.5774150164614911,3.2102159251896842,0
44b6_0113de3b,0,165,385,False,False,2.7252078475778685,2.7252078475778685,0.0,2.4375,-1.21875,0.0,1,0.0,0.28120004,0.6920776465725962,1.144794,0.6551620268931713,2.1750276,0.12077479999999996,0.9405521900317101,5.900145999999996,0.832060843601545,0.0,0,0,0,1.438450460624271,4.163658308202139,0
44b6_0113de3b,0,165,357,False,False,6.989389279472134,6.989389279472134,0.0,-4.0625,-5.6875,0.0,2,4.264181431894266,0.0337191,0.9493381261876307,3.6509307,0.3733332362965312,2.1750276,0.12077479999999996,0.9405521900317101,5.900145999999996,0.832060843601545,0.0,0,0,0,2.6428600172155536,9.632249296687688,0
44b6_0113de3b,0,166,481,False,False,2.368824207280903,1.7235727791422095,1.625,1.21875,1.21875,1.625,1,0.0,0.07484639999999998,1.1107696224415486,0.20995380000000008,1.1138056048544036,1.844748,0.0795758000000002,1.0333028121664103,5.9001459999999994,1.1032861824689366,0.015873040000000005,1,1,0,0.8228373076237819,3.191661514904685,0
44b6_0113de3b,0,166,470,False,False,4.4502457797294745,4.1429533547941375,1.625,4.0625,0.8125,1.625,2,2.0814215724485714,0.12271957,1.1954811905606102,0.47970580000000007,0.8107195120488431,2.0547018,0.03453200000000001,0.9862012454592382,2.6818880000000007,0.9591834802778855,0.015873040000000005,1,1,0,0.8533262389799335,5.303572018709408,0
44b6_0113de3b,0,167,452,False,False,1.86167137607581,0.9084026158592896,1.625,0.40625,-0.8125,1.625,1,0.0,0.059489860000000006,1.078346567409885,0.5245082000000001,1.2656195464245814,1.974612,0.03562970000000032,1.0146607200112283,2.6818840000000037,1.044642669577288,0.015873000000000026,2,2,0,0.47397592740686567,2.3356473034826757,0
44b6_0113de3b,0,167,463,False,False,4.162823748671087,2.6012692214570947,3.25,2.03125,1.625,3.25,2,2.3011523725952774,0.009306069999999944,0.9887485043056878,0.3852660000000001,1.1822520103230851,2.1138542,0.0,0.9999959435845092,0.0,0.999999840652976,0.03174604000000003,2,2,0,0.28439760506890793,4.447221353739995,0
44b6_0113de3b,0,168,449,False,False,2.03125,2.03125,0.0,2.03125,0.0,0.0,1,0.0,0.024202950000000056,0.9702896285582379,0.1864178999999997,1.0946544393614974,1.9693419,0.010734999999999939,0.9956098875383522,0.8045639999999992,0.9868994256630731,0.0,1,1,0,0.2268507079749638,2.2581007079749638,0
44b6_0113de3b,0,169,431,False,False,2.7252078475778685,2.1877232028983924,-1.625,2.03125,-0.8125,1.625,1,0.0,0.013794420000000085,1.015443405609048,0.2533046000000001,1.1423810143208113,1.7789814,0.12216639999999979,0.9517766703829222,9.38659400000001,0.8622046310122682,0.015873030000000066,3,3,0,1.4784884225695771,4.203696270147446,0
44b6_0113de3b,0,169,443,False,False,4.0827619710803615,2.471122277933652,3.25,-0.40625,2.4375,3.25,2,1.357554123502493,0.11148673000000009,1.1402427420459385,0.4727551000000001,1.3031309406505467,1.5595309,0.014771400000000323,1.006159267901074,1.0727539999999962,1.018604476281974,0.03174599999999994,3,3,0,0.44666885754863006,4.529430828628992,0
44b6_0113de3b,0,170,427,False,False,1.86167137607581,0.9084026158592896,1.625,0.40625,0.8125,1.625,1,0.0,0.043760750000000015,0.942036137471982,0.008865099999999959,0.9959667522341782,2.1916096,0.006649799999999928,1.0026241940191472,0.5363749999999925,1.0079049609593391,0.015873040000000005,2,2,0,0.2146280430098014,2.076299419085611,0
44b6_0113de3b,0,171,440,False,False,2.03125,1.21875,1.625,1.21875,0.0,1.625,1,0.0,0.0012158599999999575,0.9982197065096446,0.07255370000000028,1.0147469825165287,4.9192133,0.05144639999999967,1.0208351038065042,4.022828000000004,1.063829631941025,0.015873010000000007,0,1,1,0.6486267740776522,2.6798767740776523,0
44b6_0113de3b,0,172,546,False,False,1.8168052317185792,1.8168052317185792,0.0,0.8125,1.625,0.0,1,0.0,0.29158944000000003,1.7260140512050293,0.6826577399999999,2.816371509642938,0.37582046,0.14871710000000005,1.0873738992486615,5.9001470000000005,1.285713683861663,0.0,1,2,1,2.283598839967551,4.10040407168613,0
44b6_0113de3b,0,173,454,False,False,3.1729139308370784,2.7252078475778685,1.625,2.4375,1.21875,1.625,1,0.0,0.04275828000000004,0.9376262846902481,0.3649336000000001,1.1806740841396632,2.0197794,0.01061079999999981,1.0043249100506995,0.8045650000000037,1.0130433069793863,0.01587299999999997,2,2,0,0.38465259927238066,3.557566530109459,0
44b6_0113de3b,0,174,483,False,False,1.7235727791422095,0.5745242597140698,1.625,-0.40625,0.40625,1.625,1,0.0,0.021708840000000063,1.0428731865845988,0.3159925000000001,1.086453338535413,3.6549385,0.04743049999999993,0.9812751163997386,3.754636000000005,0.9448817878128968,0.015873020000000015,1,1,0,0.6827696336842314,2.406342412826441,0
44b6_0113de3b,0,174,476,False,False,3.374565944310468,2.9575446425202108,1.625,-2.84375,0.8125,1.625,2,1.6509931651682586,0.006574210000000025,0.9876792442961951,0.45124200000000014,1.1282018718077882,3.519689,0.05075099999999999,0.9799907311134809,4.022825999999995,0.9411763484479091,0.015873020000000015,1,2,1,0.7679301279020919,4.14249607221256,0
44b6_0113de3b,0,175,459,False,False,4.182599744775969,4.182599744775969,0.0,3.65625,2.03125,0.0,1,0.0,0.11432125000000004,0.8533377922877663,0.11271900000000024,0.95194635404167,2.23317,0.07263829999999993,0.9711734120344715,5.6319600000000065,0.9159998347431126,0.0,1,1,0,0.9505384765428658,5.133138221318834,0
44b6_0113de3b,0,175,413,False,False,6.039340428598143,6.039340428598143,0.0,-5.6875,-2.03125,0.0,2,1.8567406838221743,0.10737680000000005,0.8610078428910816,0.7678990000000003,0.7441223639897516,2.23317,0.04352089999999986,1.0180991908319075,3.218260000000001,1.0552993277478133,0.0,1,2,1,0.7640285961044679,6.803369024702611,0
44b6_0113de3b,0,175,412,False,False,6.9181882111576005,6.724634051381532,-1.625,-6.09375,-2.84375,1.625,3,2.735588466381632,0.08815123000000002,0.8829798334299042,0.3180542000000002,0.8753292818040773,2.23317,0.028839499999999685,1.0119193899547938,2.145507000000002,1.0361989066818214,0.015873000000000026,1,2,1,0.5024753775417735,7.420663588699374,0
44b6_0113de3b,0,176,499,False,False,1.625,0.0,1.625,0.0,0.0,1.625,1,0.0,0.08979409999999999,1.1835714715807923,3.2428094000000005,2.3327951680699903,2.4330716,0.038577800000000106,1.0157577458723444,2.9500740000000008,1.048034777075436,0.01587301000000002,0,0,0,2.1069322480567796,3.7319322480567796,0
44b6_0113de3b,0,177,462,False,False,2.9575446425202108,2.471122277933652,1.625,2.4375,0.40625,1.625,1,0.0,0.03028808000000005,0.9386010860393122,0.16480599999999956,0.9679300631918788,4.974452,0.003610000000000113,1.0014817247770313,0.2681870000000046,1.0044640938385727,0.015873009999999965,0,0,0,0.14482778162443852,3.102372424144649,0
44b6_0113de3b,0,177,332,False,False,5.970631248033997,5.745242597140699,1.625,-5.6875,-0.8125,1.625,2,3.013086605513786,0.29346898,0.6121305444028676,1.6049660000000001,0.7560614691733081,4.974452,0.10366330000000001,0.9591334501673969,8.045652999999994,0.882352828497719,0.015873009999999965,0,0,0,1.6466267681864455,7.617258016220442,0
44b6_0113de3b,0,178,477,False,False,2.6012692214570947,2.03125,1.625,2.03125,0.0,1.625,1,0.0,0.041018129999999986,1.0732129320536585,1.1877764,1.831737851893255,1.4280438,0.08332070000000025,1.034925009118952,6.168335000000006,1.1084903718197248,0.015873040000000005,2,3,1,1.0725604360994356,3.6738296575565306,0
44b6_0113de3b,0,179,489,False,False,2.0714766773970688,2.0714766773970688,0.0,2.03125,-0.40625,0.0,1,0.0,0.03841060000000007,1.0680152679137995,0.31018919999999994,1.2250129307687005,1.378485,0.04470799999999997,1.0181056113947153,3.4864479999999958,1.055318946650135,0.0,1,1,0,0.5637499076940924,2.635226585091161,0
44b6_0113de3b,0,180,403,False,False,2.368824207280903,1.7235727791422095,1.625,1.21875,1.21875,1.625,1,0.0,0.06041399999999997,0.9131953822195917,0.9322720000000002,0.8225143968295278,4.320437,0.0033205000000000595,1.0013066626017573,0.26818999999998994,1.0039368830362,0.01587301999999996,1,1,0,0.5950810548457207,2.963905262126624,0
44b6_0113de3b,0,181,437,False,False,1.8168052317185792,0.8125,1.625,0.0,0.8125,1.625,1,0.0,0.040583049999999954,0.9341104010174058,0.9609399999999999,0.7753725888405562,3.317023,0.020775999999999684,0.9916622877565675,1.6091300000000075,0.9752064740448696,0.015873009999999965,0,0,0,0.6338161233909282,2.4506213551095075,0
44b6_0113de3b,0,182,474,False,False,2.0714766773970688,1.284675299443404,1.625,-0.40625,1.21875,1.625,1,0.0,0.025178309999999926,1.0361894611714713,0.050486199999999926,1.0287405809576013,1.7562593,0.016690500000000164,0.9934168988979863,1.3409399999999891,0.9803920479112805,0.015873040000000005,3,2,1,0.2636506793608575,2.3351273567579263,0
44b6_0113de3b,0,183,419,False,False,1.284675299443404,1.284675299443404,0.0,1.21875,0.40625,0.0,1,0.0,0.08437094,0.8695474236521584,1.4364921,0.5060344857229905,1.4715999,0.03552640000000018,0.985605435393817,2.681885000000001,0.9574466528800271,0.0,1,1,0,0.9342443616239279,2.218919661067332,0
44b6_0113de3b,0,184,448,False,False,2.368824207280903,2.368824207280903,0.0,2.03125,1.21875,0.0,1,0.0,0.14105844999999995,0.8093568991715037,1.980598,0.5152541601309294,2.105261,0.09761789999999992,0.9543727527641696,5.363770000000002,0.8692808227515871,0.0,3,0,3,1.2915639336719091,3.6603881409528123,0
44b6_0113de3b,0,184,530,False,False,6.319766856854769,6.319766856854769,0.0,-4.46875,4.46875,0.0,2,3.9509426495738658,0.21673923000000006,1.5671116169798318,1.1769365,0.641416181030602,2.105261,0.0633608000000001,1.0320162853946684,3.2182609999999983,1.0991731918235892,0.0,3,0,3,1.5121818390227648,7.831948695877534,0
44b6_0113de3b,0,185,487,False,False,2.03125,2.03125,0.0,1.625,1.21875,0.0,1,0.0,0.010679959999999933,0.9822921996764878,0.08596840000000006,0.9664667557210971,2.4779966,0.14690150000000002,0.930884918990199,7.777464000000002,0.806666504260187,0.0,2,1,1,0.9818727628542504,3.0131227628542505,0
44b6_0113de3b,0,186,480,False,False,4.0827619710803615,2.471122277933652,3.25,2.4375,0.40625,3.25,1,0.0,0.03629490000000002,1.0650074798670646,0.4597945000000001,1.1474092307001773,3.1190925,0.021070799999999945,1.0085799597840865,1.6091320000000024,1.0259738788125197,0.03174603000000001,1,0,1,0.34940186615209895,4.43216383723246,0
44b6_0113de3b,0,187,370,False,False,3.350023320814349,0.8125,3.25,0.0,0.8125,3.25,1,0.0,0.17705610999999993,0.7348921434840098,0.0684771999999998,1.0185713317759937,3.6867046,0.009987099999999582,0.995175897505954,0.5363800000000012,0.985611165342971,0.03174603999999999,1,1,0,0.7690498279281318,4.119073148742481,0
44b6_0113de3b,0,188,467,False,False,2.368824207280903,1.7235727791422095,1.625,1.21875,1.21875,1.625,1,0.0,0.03428179999999992,0.9410191743840235,0.6619226,0.7750438097511514,2.280563,0.0035066999999999737,0.9985755066537251,0.2681880000000021,0.9957445304193927,0.015873030000000066,2,1,1,0.4152900023333187,2.7841142096142217,0
44b6_0113de3b,0,189,469,False,False,1.8168052317185792,0.8125,1.625,0.0,0.8125,1.625,1,0.0,0.03620650000000003,0.9429028853225582,1.3697838999999998,0.6273310751821143,2.3058383,0.053283700000000156,0.974927773572443,2.9500700000000037,0.9266665142034408,0.015873000000000026,1,0,1,0.9135479671321576,2.730353198850737,0
44b6_0113de3b,0,190,410,False,False,0.9084026158592896,0.9084026158592896,0.0,-0.40625,0.8125,0.0,1,0.0,0.2340232,0.7175188200527876,1.9228011999999999,0.38042746711311204,1.1806369,0.18735150000000012,0.9077844989818773,8.850219999999997,0.7480913792563623,0.0,0,1,1,2.101412500839457,3.0098151166987464,0
44b6_0113de3b,0,191,479,False,False,2.9575446425202108,2.9575446425202108,0.0,2.84375,-0.8125,0.0,1,0.0,0.029207330000000087,1.0483825173339594,0.2811093000000007,1.0483015460485339,5.819665,0.3964141000000003,1.1912848733592873,25.746092000000004,1.6906469489817242,0.0,0,0,0,2.331913752172543,5.289458394692754,0
44b6_0113de3b,0,192,469,False,False,4.667457150312148,4.375446405796785,1.625,4.0625,1.625,1.625,1,0.0,0.05550349999999993,0.9124802044469741,1.2848012,0.6504516420331719,2.390821,0.3639646000000001,1.171223843353922,24.40515,1.6066662556788407,0.015873000000000026,2,0,2,2.73209207558127,7.399549225893418,0
44b6_0113de3b,0,193,473,False,False,2.6012692214570947,2.03125,-1.625,2.03125,0.0,1.625,1,0.0,0.08608680000000002,0.9035897091346827,0.048680600000000185,1.0275444112076924,1.7669764,0.006983599999999868,0.9971751259532072,0.5363779999999991,0.9915610091018535,0.015873000000000026,3,2,1,0.3832828168184916,2.984552038275586,0
44b6_0113de3b,0,194,500,False,False,2.569350598886808,2.569350598886808,0.0,2.4375,0.8125,0.0,1,0.0,0.0031668999999999725,0.9947867000709079,0.35223117000000004,1.4034870064773872,0.87293303,0.007621599999999784,0.9967803488382935,0.5363770000000017,0.990384436981068,0.0,3,3,0,0.2625500576745821,2.8319006565613902,0
44b6_0113de3b,0,194,386,False,False,3.0671202393287422,2.6012692214570947,-1.625,-2.03125,1.625,1.625,2,0.49776964044193406,0.1481273999999999,0.8036209465122157,1.5707537999999999,0.4381959049016999,1.2251642,0.08484819999999971,0.9653292655846439,6.1683340000000015,0.899563186098809,0.015873000000000026,3,1,2,1.1704111102935282,4.23753134962227,0
44b6_0113de3b,0,195,475,False,False,3.350023320814349,2.9295104113144914,1.625,1.625,2.4375,1.625,1,0.0,0.09783291999999999,0.8701950294644112,0.18036980000000002,0.9101021914646027,1.8261185,0.10667870000000024,0.9580541957874245,8.313844000000003,0.8793772891912811,0.01587301999999996,3,1,2,1.3341402634237405,4.68416358423809,0
44b6_0113de3b,0,196,475,False,False,1.284675299443404,1.284675299443404,0.0,1.21875,0.40625,0.0,1,0.0,0.056368870000000015,0.9252040151788214,0.1329635,0.9337285757979461,1.8735248,0.026670000000000194,0.9895104724643611,2.1455100000000016,0.9688714237110343,0.0,2,1,1,0.4055264330031005,1.6902017324465046,0
44b6_0113de3b,0,197,478,False,False,2.4375,1.8168052317185792,1.625,0.8125,1.625,1.625,1,0.0,0.040239939999999974,0.9360506717120354,0.17789980000000005,1.102366952878981,1.7377559,0.04730269999999992,0.9813500022448886,3.754639999999995,0.9450978803759194,0.015873020000000015,2,1,1,0.6717900702167646,3.1092900702167645,0
44b6_0113de3b,0,198,447,False,False,1.7235727791422095,1.7235727791422095,0.0,1.21875,1.21875,0.0,1,0.0,0.061675849999999977,0.8962457752924876,0.7436023999999999,0.7779322444231194,2.604971,0.0,0.9999959720711469,0.0,0.9999998439865943,0.0,1,1,0,0.47131728421247554,2.194890063354685,0
44b6_0113de3b,0,198,506,False,False,3.350023320814349,2.9295104113144914,1.625,-2.4375,1.625,1.625,2,1.6264505416721395,0.02721304999999996,1.0537982550356542,1.0346430999999998,1.6588601727055048,1.5703279,0.01743479999999975,1.007068222864497,1.3409420000000054,1.0213673523507207,0.01587301000000002,1,2,1,0.6835782421080631,4.033601562922412,0
44b6_0113de3b,0,199,478,False,False,2.7252078475778685,2.1877232028983924,1.625,2.03125,0.8125,1.625,1,0.0,0.03125268999999997,0.9503296644423602,0.6150944999999999,1.3539513003448853,1.7377559,0.0,0.9999960581413119,0.0,0.9999998537756658,0.015873020000000015,1,1,0,0.494154042781346,3.2193618903592145,0
44b6_0113de3b,0,200,492,False,False,3.917733121653388,2.1877232028983924,3.25,2.03125,0.8125,3.25,1,0.0,0.002042749999999982,0.9964088154461787,0.20847539999999976,1.0577643359271285,3.6088846,0.03701529999999975,1.0148029548866555,2.9500699999999966,1.0450817567774076,0.03174603000000001,1,0,1,0.5109417230966768,4.428674844750065,0
44b6_0113de3b,0,201,494,False,False,2.03125,2.03125,0.0,1.21875,1.625,0.0,1,0.0,0.0006592799999999843,1.0013383495055375,0.9876721000000002,1.3462615464969938,2.8523486,0.03814520000000021,1.015491321533803,2.9500749999999982,1.0472101610031057,0.0,0,1,1,0.7887518686662425,2.8200018686662425,0
44b6_0113de3b,0,201,524,False,False,6.662995408410545,4.5420130792964475,-4.875,-0.8125,-4.46875,4.875,2,4.631745408410545,0.06385641999999997,1.151317165955203,1.4005139,1.5740906969773685,2.4395068,0.0995330000000001,1.0414622847063273,7.509279999999997,1.129629482577899,0.04761904999999998,0,0,0,1.3208346987588535,7.983830107169398,0
44b6_0113de3b,0,202,484,False,False,2.569350598886808,2.569350598886808,0.0,2.4375,-0.8125,0.0,1,0.0,0.041034400000000026,0.9289970545931975,0.3546054999999999,1.1341286209938921,2.6436875,0.06813689999999983,0.9731374550169869,5.363767999999993,0.921568513338657,0.0,1,1,0,0.9537881727135529,3.523138771600361,0
44b6_0113de3b,0,203,563,False,False,1.7235727791422095,1.7235727791422095,0.0,1.21875,1.21875,0.0,1,0.0,0.15595951,1.6276358070109815,1.55803795,3.6872217910805327,0.57978135,0.13941809999999988,1.083002469031131,5.363770000000002,1.2702696574420675,0.0,0,0,0,2.2325661976820177,3.956138976824227,0
44b6_0113de3b,0,204,545,False,False,1.6750116604071745,0.40625,1.625,0.0,0.40625,1.625,1,0.0,0.1791394,1.5875490355642035,0.6667581,1.927672375375366,0.7187223,0.10567930000000025,1.0540050225463649,5.363767999999997,1.1709397476491696,0.015873040000000005,1,1,0,0.9958999436104363,2.670911604017611,0
44b6_0113de3b,0,205,544,False,False,1.284675299443404,1.284675299443404,0.0,1.21875,0.40625,0.0,1,0.0,0.10831973,1.3571515766809084,1.0548978,1.303326058005274,3.4777255,0.01571060000000024,0.9922428529895159,0.8045650000000037,0.9769228090730194,0.0,0,0,0,0.7094998418019228,1.9941751412453268,0
44b6_0113de3b,0,206,524,False,False,3.0671202393287422,2.6012692214570947,1.625,2.03125,1.625,1.625,1,0.0,0.07545661999999997,1.1788098489985677,1.5558466999999996,1.6377642900430116,2.4395068,0.09611320000000001,1.040037561564554,7.241089999999993,1.1249998273740554,0.01587302,0,0,0,1.3447621202436468,4.411882359572389,0
44b6_0113de3b,0,207,513,False,False,2.6012692214570947,2.03125,1.625,1.21875,1.625,1.625,1,0.0,0.07973411999999996,1.1986036681487267,1.7298525999999996,1.579736661659699,2.983832,0.0504753,1.0209598599367191,3.7546389999999974,1.0642200069518397,0.015873029999999955,0,1,1,1.1524010919213363,3.7536703133784313,0
44b6_0113de3b,0,207,527,False,False,3.1729139308370784,2.7252078475778685,1.625,-2.4375,1.21875,1.625,2,0.5716447093799837,0.07900723999999998,1.1964372107050183,3.4364712999999996,3.6905720401436453,1.2772133,0.11088220000000026,1.047233831754615,8.045654999999996,1.1485146531878472,0.015873029999999955,0,3,3,2.3686858712750016,5.54159980211208,0
44b6_0113de3b,0,208,506,False,False,2.368824207280903,1.7235727791422095,1.625,1.21875,1.21875,1.625,1,0.0,0.0403616,1.079801554160166,0.4022174999999999,1.256127996401284,1.5703279,0.013967499999999688,1.0056617419213543,1.0727529999999987,1.0170938404503502,0.01587301000000002,2,2,0,0.2841986015234604,2.6530228088043635,0
44b6_0113de3b,0,208,447,False,False,4.942244555867304,4.942244555867304,0.0,4.875,0.8125,0.0,2,2.5734203485864007,0.04852729999999994,0.9183613433081341,1.3760279999999998,0.589068619285397,1.9725454,0.003467300000000062,0.9985993682999179,0.26818900000000667,0.995815736061263,0.0,2,1,1,0.8813230064668846,5.823567562334189,0
44b6_0113de3b,0,209,491,False,False,5.773897351442957,3.093907824257213,4.875,2.84375,1.21875,4.875,1,0.0,0.01469139999999991,1.025118583310122,0.24191209999999996,0.9350897983738998,3.4851053,0.006614900000000201,1.0026035582448842,0.5363800000000083,1.0078430346111538,0.04761905000000001,0,1,1,0.22545999968421995,5.999357351127177,0
44b6_0113de3b,0,210,468,False,False,2.1877232028983924,1.4647552056572457,1.625,0.8125,1.21875,1.625,1,0.0,0.048043660000000044,0.9329255442590272,0.39307380000000003,0.7826859159632645,1.4157442,0.039250700000000194,0.9840742288338368,2.9500740000000008,0.9529912894224138,0.015873009999999993,2,2,0,0.4604953300527177,2.64821853295111,0
44b6_0113de3b,0,211,493,False,False,2.4375,1.8168052317185792,1.625,1.625,0.8125,1.625,1,0.0,0.01337810000000006,0.9770047324759009,0.035327600000000015,0.9663809839300844,1.0157818,0.01486300000000007,1.0062168251825243,1.0727539999999962,1.0187791658576102,0.015873030000000066,3,2,1,0.15622390010011342,2.5937239001001133,0
44b6_0113de3b,0,212,503,False,False,0.40625,0.40625,0.0,0.40625,0.0,0.0,1,0.0,0.05083948999999999,1.1149241896321966,3.1396522000000004,3.023557538552842,1.5515358,0.08350940000000007,1.048850098446819,3.218262000000003,1.1538456169694205,0.0,1,1,0,2.4101921356535834,2.8164421356535834,0
44b6_0113de3b,0,212,444,False,False,6.423376497217021,6.423376497217021,0.0,-5.28125,-3.65625,0.0,2,6.017126497217021,0.22398132000000004,0.6876462977107742,0.5198494,1.1246214233929048,4.1713386,0.3468762999999999,0.8378796740191847,16.895874,0.5882351521940459,0.0,1,0,1,3.1580496180632682,9.581426115280289,0
44b6_0113de3b,0,213,432,False,False,1.284675299443404,1.284675299443404,0.0,0.40625,-1.21875,0.0,1,0.0,0.16128399999999998,0.7699385015464474,0.59601107,0.5754450137031675,0.80785143,0.0765267999999999,0.9688645330888171,5.631957,0.9094826292820877,0.0,3,3,0,0.9011388196836175,2.1858141191270217,0
44b6_0113de3b,0,214,476,False,False,1.6750116604071745,0.40625,1.625,0.40625,0.0,1.625,1,0.0,0.07867488000000006,0.8527602880128053,0.7457048,0.7881310873458214,2.7739842,0.05075099999999999,0.9799907311134809,4.022825999999995,0.9411763484479091,0.015873020000000015,2,2,0,0.766303281172514,2.4413149415796886,0
44b6_0113de3b,0,214,483,False,False,3.300390601883359,2.8726212985703494,1.625,2.84375,-0.40625,1.625,2,1.6253789414761843,0.05039182999999997,0.9004146276116503,0.8809543,0.7589666995307868,2.7739842,0.04743049999999993,0.9812751163997386,3.754636000000005,0.9448817878128968,0.015873020000000015,2,1,1,0.7814552002110755,4.081845802094435,0
44b6_0113de3b,0,216,495,False,False,2.0714766773970688,1.284675299443404,1.625,0.40625,1.21875,1.625,1,0.0,0.008989950000000024,1.0158254112581158,0.6786274999999997,0.7136616720280761,1.6914172,0.061487099999999906,0.9756950025580734,4.827393000000001,0.9288536122789562,0.015873020000000015,3,0,3,0.8945699642703333,2.9660466416674023,0
44b6_0113de3b,0,216,344,False,False,6.1342404786574845,5.202538442914189,-3.25,3.25,-4.0625,3.25,2,4.062763801260416,0.35498003,0.6188675748044121,0.7625327999999998,0.6892602976413634,1.6914172,0.0247598,1.0101268522264688,1.877319,1.030701580158092,0.03174604999999997,3,2,1,1.4547984204204139,7.589038899077899,0
44b6_0113de3b,0,216,358,False,False,6.410516871711672,6.20113711850496,-1.625,5.28125,-3.25,1.625,3,4.339040194314603,0.538027,0.51721988744998,2.1002829,0.446082942891652,1.6914172,0.061487099999999906,0.9756950025580734,4.827393000000001,0.9288536122789562,0.015873009999999965,3,4,1,2.170905839843908,8.58142271155558,0
44b6_0113de3b,0,217,464,False,False,2.632800908728193,2.0714766773970688,1.625,0.40625,2.03125,1.625,1,0.0,0.08152565,0.8656326109945547,0.7053248999999999,0.7466980439577994,2.0792267,0.01789200000000024,0.9926963493578196,1.3409429999999958,0.9782607011031824,0.01587299999999997,0,0,0,0.47324505519524873,3.106045963923442,0
44b6_0113de3b,0,218,505,False,False,6.822097597147082,2.0714766773970688,6.5,-0.40625,2.03125,6.5,1,0.0,0.08802387,1.1803216936062042,5.0693605,3.783644405640485,1.82111,0.2680275000000001,0.8886754174098169,17.432251,0.7018347424988495,0.06349207,0,0,0,3.931758120735657,10.75385571788274,0
44b6_0113de3b,0,219,511,False,False,1.21875,1.21875,0.0,1.21875,0.0,0.0,1,0.0,0.004652290000000003,1.0122612779013807,0.6550713999999997,1.1462463335238897,4.4791546,0.005183199999999832,1.002552655300347,0.268187999999995,1.0076920049820284,0.0,0,0,0,0.4439165936643815,1.6626665936643814,0
44b6_0113de3b,0,220,497,False,False,3.5648292823780494,3.1729139308370784,-1.625,2.4375,2.03125,1.625,1,0.0,0.0057555000000000245,1.011122782509577,0.26705010000000007,0.8502042597032894,1.5157683,0.07051369999999979,1.0298403439154054,5.095581000000003,1.0922328113052484,0.015873000000000026,2,1,1,0.6996270988283704,4.26445638120642,0
44b6_0113de3b,0,220,419,False,False,6.809990937035085,6.809990937035085,0.0,-6.5,2.03125,0.0,2,3.2451616546570357,0.12452439999999998,0.8074703443226321,1.3923237,0.5212225362109032,1.5157683,0.03552640000000018,0.985605435393817,2.681885000000001,0.9574466528800271,0.0,2,1,1,0.9096027319091151,7.7195936689442,0
44b6_0113de3b,0,221,482,False,False,3.374565944310468,2.9575446425202108,1.625,2.84375,0.8125,1.625,1,0.0,0.06521022000000004,0.8718081224473991,0.3241008000000001,0.9235659482907029,3.9162872,0.00998790000000005,1.0039486935384194,0.8045639999999992,1.011904591040305,0.015873020000000015,1,0,1,0.32948318233984963,3.7040491266503177,0
44b6_0113de3b,0,222,498,False,False,2.2980970388562794,1.625,1.625,1.625,0.0,1.625,1,0.0,0.01039240000000008,0.9834221504510285,0.07609140000000014,0.9400744197444302,1.1938304,0.016196499999999947,0.992965621370691,1.0727549999999937,0.9790573795374474,0.015873000000000026,4,3,1,0.10414221340520757,2.402239252261487,0
44b6_0113de3b,0,222,413,False,False,6.563169608695177,6.563169608695177,0.0,6.09375,-2.4375,0.0,2,4.265072569838898,0.15551500000000007,0.7987019332509718,1.8072386000000003,0.39780039112599164,1.1938304,0.11632180000000014,0.9516095633963145,8.045654999999996,0.8617509933087513,0.0,4,2,2,1.3074328642076347,7.870602472902812,0
44b6_0113de3b,0,222,412,False,False,6.749131888620936,6.550584420492571,-1.625,5.6875,-3.25,1.625,3,4.451034849764657,0.13628943000000004,0.8190839442461372,1.3573938,0.4679423002404091,1.1938304,0.13100320000000032,0.9458333505601754,9.118407999999995,0.8461537059861468,0.015873000000000026,4,2,2,1.2127740833924352,7.961905972013371,0
44b6_0113de3b,0,223,509,False,False,2.6012692214570947,2.03125,1.625,2.03125,0.0,1.625,1,0.0,0.01336740000000003,0.9729480888599488,0.6697609999999998,1.3825819372469448,1.750598,0.07495379999999985,1.031126567188256,5.6319580000000045,1.0963300873967576,0.01587301000000002,1,2,1,0.9200189627174237,3.5212881841745185,0
44b6_0113de3b,0,224,450,False,False,4.375446405796785,2.9295104113144914,3.25,1.625,-2.4375,3.25,1,0.0,0.11790476000000005,0.788180682577845,1.3036790000000007,0.8030125865548042,5.3144445,0.0,0.9999959720711469,0.0,0.9999998439865943,0.03174603,0,0,0,0.8320593763260274,5.207505782122812,0
44b6_0113de3b,0,225,488,False,False,1.284675299443404,1.284675299443404,0.0,0.40625,1.21875,0.0,1,0.0,0.012959359999999975,0.9796134526162923,0.13183356000000002,0.8334573569249237,0.6598069,0.04172300000000018,1.0177413669958686,2.9500740000000008,1.0541870131425453,0.0,3,3,0,0.3810988013142777,1.6657741007576818,0
44b6_0113de3b,0,226,457,False,False,2.569350598886808,2.569350598886808,0.0,0.8125,2.4375,0.0,1,0.0,0.09756810000000005,0.8191527592158735,1.5574775,0.7513683232879477,4.7067485,0.059291800000000006,0.9763102604937367,4.559207000000001,0.9306120625773614,0.0,0,0,0,1.1241100883875985,3.6934606872744067,0
44b6_0113de3b,0,227,536,False,False,2.03125,2.03125,0.0,-1.625,-1.21875,0.0,1,0.0,0.11906618000000008,1.2793725119273904,0.11253707999999996,1.1293382199691142,0.87001187,0.09578230000000021,1.040600959468735,6.972900000000003,1.1268290555271567,0.0,1,3,2,0.9725837468662597,3.0038337468662597,0
44b6_0113de3b,0,227,507,False,False,2.2980970388562794,1.625,1.625,1.625,0.0,1.625,2,0.26684703885627936,0.0060824499999999615,0.9889490250665559,0.015345520000000001,0.9846122344757109,0.98254895,0.010672599999999921,1.0043628059438843,0.8045649999999966,1.013157721943534,0.015873009999999965,1,2,1,0.12384908875423592,2.421946127610515,0
44b6_0113de3b,0,228,496,False,False,5.28125,5.025034981221523,1.625,4.875,-1.21875,1.625,1,0.0,0.0257457499999999,0.9541665739822137,0.07730520000000007,0.9389896125181643,1.1899313,0.0,0.9999957675492328,0.0,0.9999998189941591,0.01587303000000001,3,1,2,0.10058009757318295,5.381830097573183,0
44b6_0113de3b,0,229,446,False,False,5.138701197773616,5.138701197773616,0.0,4.875,1.625,0.0,1,0.0,0.24718138,0.6225264580462162,0.47287349999999995,1.149561686227054,3.161652,0.09610509999999994,0.9530498078421955,4.827392999999997,0.8656713896933618,0.0,0,1,1,1.3836458228238553,6.522347020597472,0
44b6_0113de3b,0,230,538,False,False,6.953879874753374,2.471122277933652,6.5,-0.40625,2.4375,6.5,1,0.0,0.09937376000000003,1.2478156090192292,0.7899454000000001,1.3224720623484998,2.4496143,0.37037850000000017,0.8524385466546313,25.209712999999994,0.619433140868952,0.06349207,0,1,1,2.8532882810271754,9.80716815578055,0
44b6_0113de3b,0,231,554,False,False,2.7252078475778685,2.1877232028983924,1.625,-2.03125,0.8125,1.625,1,0.0,0.19273402,1.685611787609355,1.7876235999999999,1.966896958321952,1.848805,0.11484779999999972,1.0474790239078249,8.850217000000008,1.149321027858721,0.015873010000000007,1,0,1,1.6509782125958594,4.376186060173728,0
44b6_0113de3b,0,231,532,False,False,4.46875,4.46875,0.0,4.46875,0.0,0.0,2,1.7435421524221315,0.10652562000000004,1.289991284657589,0.6483895999999998,1.2169909529596066,2.988039,0.06832309999999975,1.0277106317068012,5.363766000000005,1.0854698555745501,0.0,1,0,1,0.9280625992595788,5.396812599259579,0
44b6_0113de3b,0,232,523,False,False,1.8168052317185792,0.8125,1.625,0.8125,0.0,1.625,1,0.0,0.011524500000000049,0.9776633270327694,0.14010859999999958,0.9374425125681,2.0997188,0.0033118999999999232,1.0013015623202142,0.26819000000000415,1.0039214441934097,0.015873000000000026,3,2,1,0.10623675019882671,1.9230419819174058,0
44b6_0113de3b,0,233,515,False,False,2.8726212985703494,2.368824207280903,1.625,2.03125,1.21875,1.625,1,0.0,0.004709779999999997,1.0109913095832288,0.024902699999999944,1.0157655810411488,1.5789169,0.003516900000000156,1.0014245766506245,0.26818899999999957,1.0042916931551176,0.015873040000000005,1,1,0,0.041923268204517,2.9145445667748664,0
44b6_0113de3b,0,234,517,False,False,2.368824207280903,1.7235727791422095,1.625,1.21875,1.21875,1.625,1,0.0,0.012259499999999979,0.976060231555969,0.03998600000000008,1.025011806403513,1.5982752,0.013889299999999771,0.9944092475220356,1.0727540000000033,0.9833331790057378,0.015873000000000026,1,1,0,0.17838852916119863,2.547212736442102,0
44b6_0113de3b,0,235,497,False,False,2.632800908728193,2.0714766773970688,-1.625,-0.40625,2.03125,1.625,1,0.0,0.07017402999999994,0.8641298927272434,0.1350530000000001,0.924242288265096,1.6477654,0.07411319999999977,1.031363814569052,5.363770000000002,1.0970871888482445,0.015873000000000026,1,1,0,0.79028757927383,3.423088488002023,0
44b6_0113de3b,0,236,508,False,False,1.8168052317185792,1.8168052317185792,0.0,1.625,-0.8125,0.0,1,0.0,0.011716400000000016,0.9716904361358893,0.08558699999999986,0.9602365118543015,2.0670562,0.07599400000000012,0.9698819852037187,5.9001499999999965,0.9123504129520591,0.0,1,1,0,0.9277173838565218,2.744522615575101,0
44b6_0113de3b,0,237,496,False,False,1.21875,1.21875,0.0,1.21875,0.0,0.0,1,0.0,0.040458799999999906,0.9279840908989802,0.2125836000000001,0.8322397418339683,1.0546529,0.07092380000000009,0.9699776183770981,4.827391999999996,0.9126212042260665,0.0,2,1,1,0.4985596228850494,1.7173096228850495,0
44b6_0113de3b,0,238,534,False,False,1.86167137607581,0.9084026158592896,1.625,0.8125,0.40625,1.625,1,0.0,0.011702829999999997,0.9742330764149195,0.44816199999999995,1.506816346928406,0.8842393,0.007318600000000064,1.0030308692829697,0.5363770000000017,1.0091322491304164,0.015873000000000026,3,2,1,0.3355331172234815,2.1972044932992914,0
44b6_0113de3b,0,239,519,False,False,0.40625,0.40625,0.0,0.0,-0.40625,0.0,1,0.0,0.02032810000000007,0.9654664075103487,0.2579931,0.8260293393273822,1.2250234,0.010175999999999963,1.0040610890701576,0.8045599999999951,1.012244660662869,0.0,3,4,1,0.2253638337821354,0.6316138337821354,0
44b6_0113de3b,0,239,514,False,False,2.0714766773970688,1.284675299443404,1.625,1.21875,0.40625,1.625,2,1.6652266773970688,0.011913569999999929,1.0213825691959204,0.24319420000000003,0.8343552457398293,1.2250234,0.04470799999999997,1.0181056113947153,3.4864479999999958,1.055318946650135,0.015873009999999993,3,3,0,0.6010650925447886,2.672541769941857,0
44b6_0113de3b,0,239,518,False,False,2.1877232028983924,1.4647552056572457,-1.625,-0.8125,-1.21875,1.625,3,1.7814732028983924,0.023757070000000047,0.9598777052694495,0.2634613000000001,0.8229948013923059,1.2250234,0.0033826999999999607,1.0013436716142587,0.26819000000000415,1.0040484546490958,0.015873020000000015,3,4,1,0.18037018572958025,2.3680933886279725,0
44b6_0113de3b,0,239,537,False,False,3.8540258983302125,3.8540258983302125,0.0,3.65625,-1.21875,0.0,4,3.4477758983302125,0.04377153999999994,1.0833811926314807,0.53269995,1.7694124124726318,0.69232345,0.07663490000000017,1.03144475124348,5.900143999999997,1.0973449102290775,0.0,3,5,2,0.92540292737688,4.779428825707092,0
44b6_0113de3b,0,240,521,False,False,2.471122277933652,2.471122277933652,0.0,2.4375,0.40625,0.0,1,0.0,0.022484340000000047,1.0555528722407581,0.3340731000000001,0.8340000251422437,1.678466,0.03211280000000016,1.0132131983811334,2.413695000000004,1.040178375985843,0.0,1,1,0,0.4584769885953885,2.9295992665290402,0
44b6_0113de3b,0,241,388,False,False,2.03125,1.21875,1.625,0.0,1.21875,1.625,1,0.0,0.24308735999999997,0.624596912154847,0.86090354,0.15555093672146064,0.15858376,0.3656431,0.8243922710586172,16.627685,0.5602835519681096,0.015873009999999965,1,1,0,3.8579733436991357,5.889223343699136,0
44b6_0113de3b,0,242,533,False,False,2.4375,1.8168052317185792,1.625,1.625,0.8125,1.625,1,0.0,0.006320250000000027,1.0125285740933054,0.307031,1.660612740742985,0.46474186,0.04199189999999975,1.017914763042535,2.950072999999996,1.054726167791596,0.015873020000000015,2,4,2,0.37915721794142154,2.8166572179414215,0
44b6_0113de3b,0,242,525,False,False,4.4502457797294745,4.1429533547941375,1.625,4.0625,0.8125,1.625,2,2.0127457797294745,0.00415314,1.0081906822878637,0.20196146000000004,1.354411856065778,0.5698114,0.022295000000000176,0.9907360171070314,1.609131000000005,0.972476895531758,0.015873020000000015,2,4,2,0.2589498978512233,4.709195677580698,0
44b6_0113de3b,0,243,510,False,False,0.40625,0.40625,0.0,0.0,0.40625,0.0,1,0.0,0.03896451000000001,0.9319787210358786,0.13739180000000006,1.1127282361987467,1.2186891,0.024831300000000223,1.0101709990585968,1.8773199999999974,1.030836846078127,0.0,3,1,2,0.3629612176849576,0.7692112176849576,0
44b6_0113de3b,0,244,528,False,False,1.7235727791422095,0.5745242597140698,-1.625,0.40625,-0.40625,1.625,1,0.0,0.033033370000000006,1.0827083234977992,0.21595160000000013,1.1266913989005258,1.7044593,0.03803869999999998,1.0154260207776902,2.950076000000003,1.0470084237529431,0.015873040000000005,2,1,1,0.4658239238812066,2.1893967030234163,0
44b6_0113de3b,0,245,518,False,False,0.40625,0.40625,0.0,0.40625,0.0,0.0,1,0.0,0.0008916300000000321,0.9984779165207194,0.3913487000000002,0.7370775320866105,1.097136,0.03434170000000014,0.9863144056122581,2.6818799999999925,0.959514094865899,0.0,4,4,0,0.48825939659165757,0.8945093965916575,0
44b6_0113de3b,0,245,519,False,False,2.1877232028983924,1.4647552056572457,1.625,1.21875,0.8125,1.625,2,1.7814732028983924,0.0025373399999999435,1.0042913610240285,0.38588050000000007,0.7397952767533148,1.097136,0.02754840000000014,0.9889910370813464,2.1455100000000016,0.9673467598714823,0.015873020000000015,4,4,0,0.4196990312161389,2.6074222341145314,0
44b6_0113de3b,0,245,514,False,False,4.375446405796785,2.9295104113144914,3.25,2.4375,1.625,3.25,3,3.969196405796785,0.034779009999999944,1.0624561171311337,0.3710816000000001,0.7472519928109238,1.097136,0.006983599999999868,1.0028247637841108,0.5363779999999991,1.0085104948881465,0.03174603000000001,4,3,1,0.35579925061888873,4.731245656415673,0
44b6_0113de3b,0,245,537,False,False,5.138701197773616,4.875,1.625,4.875,0.0,1.625,4,4.732451197773616,0.06663697999999996,1.1269479331356669,0.40481254999999994,1.584693040615039,0.69232345,0.03891050000000007,1.015963695166284,2.9500740000000008,1.048672405618251,0.015873020000000015,4,5,1,0.48641769803559465,5.625118895809211,0
44b6_0113de3b,0,246,510,False,False,2.4375,2.4375,0.0,2.4375,0.0,0.0,1,0.0,0.08105272000000002,0.8585231760268324,0.36070336999999997,0.7040176939492283,0.85798573,0.010798400000000097,0.995571052836679,0.8045640000000063,0.986784002324356,0.0,4,1,3,0.3310530385354214,2.7685530385354213,0
44b6_0113de3b,0,247,516,False,False,1.625,1.625,0.0,1.625,0.0,0.0,1,0.0,0.025910639999999985,0.9388562009073356,0.20873110000000006,0.8804296079567908,1.537018,0.01789200000000024,1.0073491365935796,1.3409429999999958,1.0222220631301526,0.0,2,2,0,0.25922431850370964,1.8842243185037097,0
44b6_0113de3b,0,247,560,False,False,5.759587794495366,5.525597394173774,1.625,5.28125,1.625,1.625,2,4.134587794495366,0.08140129000000002,1.2570652501424118,0.6741498,1.7812687816194686,0.8628682,0.01061079999999981,0.9956856073195837,0.8045650000000037,0.9871243124171589,0.015873020000000015,2,1,1,0.488355870299159,6.2479436647945255,0
44b6_0113de3b,0,248,482,False,False,3.0671202393287422,2.6012692214570947,1.625,-1.625,2.03125,1.625,1,0.0,0.15129164000000006,0.7026130652673711,1.7463232000000004,0.5881676201149043,2.4940648,0.02021570000000006,0.9919958016316047,1.6091309999999908,0.976190329634571,0.015873020000000015,1,0,1,1.103739086692882,4.170859326021624,0
44b6_0113de3b,0,249,537,False,False,1.9902104160113323,1.1490485194281397,1.625,0.8125,0.8125,1.625,1,0.0,0.000840339999999995,1.0015820910207829,0.052323549999999996,0.9244099068158559,0.6399999,0.014292500000000263,1.0058611451321309,1.0727539999999962,1.0176989485965542,0.015873020000000015,3,5,2,0.16234158915207045,2.1525520051634026,0
44b6_0113de3b,0,249,519,False,False,3.65625,3.2752922102462856,1.625,-2.84375,1.625,1.625,2,1.6660395839886677,0.06325930000000002,0.8925702881141556,0.8430166,0.4315498745302258,0.6399999,0.052166399999999946,0.9791566980365757,4.022830000000006,0.938775326951692,0.015873020000000015,3,4,1,0.7590709775619949,4.415320977561995,0
44b6_0113de3b,0,249,518,False,False,3.7454399357752353,3.7454399357752353,0.0,-3.65625,0.8125,0.0,3,1.755229519763903,0.06668827,0.8874035526062812,0.8484848000000001,0.429964513813855,0.6399999,0.05895969999999995,0.9765066824824734,4.559199999999997,0.9311740065601329,0.0,3,4,1,0.8270418439135939,4.572481779688829,0
44b6_0113de3b,0,249,514,False,False,4.375446405796785,2.9295104113144914,3.25,-1.625,2.4375,3.25,4,2.3852359897854525,0.031017630000000018,0.9442645823513101,0.8282177000000001,0.435899652070292,0.6399999,0.01763439999999994,0.9928528647882922,1.3409420000000054,0.9787232550389847,0.03174603000000001,3,3,0,0.5442994295822722,4.919745835379057,0
44b6_0113de3b,0,250,522,False,False,2.1877232028983924,1.4647552056572457,1.625,0.8125,1.21875,1.625,1,0.0,0.03607868999999997,0.9085142530283922,0.1776914999999999,0.9463082034782866,3.1319568,0.0,0.9999960477815308,0.0,0.9999998526197466,0.015873030000000066,0,2,2,0.15261273268264994,2.3403359355810425,0
44b6_0113de3b,0,250,539,False,False,5.154734625807618,4.89189779763437,1.625,4.875,-0.40625,1.625,2,2.9670114229092253,0.014067230000000042,1.0408251808220688,0.8578830000000002,1.3772389566294787,2.2740738,0.05450350000000004,1.0220111636165787,4.291015000000002,1.0675103696184496,0.015873030000000066,0,2,2,0.8625026236509922,6.01723724945861,0
44b6_0113de3b,0,251,535,False,False,1.284675299443404,1.284675299443404,0.0,0.40625,1.21875,0.0,1,0.0,0.0005295699999999792,0.9982017360410997,0.012629299999999954,0.9946617544203459,2.3550487,0.0035066999999999737,1.0014184068046856,0.2681880000000021,1.004273336618644,0.0,0,1,1,0.04263429599170758,1.3273095954351117,0
44b6_0113de3b,0,252,549,False,False,1.7235727791422095,0.5745242597140698,-1.625,0.40625,0.40625,1.625,1,0.0,0.04642780000000002,1.1217009789501338,0.1683806000000001,1.1075837349205515,1.5650091,0.04755900000000013,1.0191523989035172,3.7546389999999974,1.0585772457318476,0.015873000000000026,2,2,0,0.6199376802650276,2.343510459407237,0
44b6_0113de3b,0,252,548,False,False,1.86167137607581,0.9084026158592896,-1.625,-0.8125,-0.40625,1.625,2,0.13809859693360038,0.06426715,1.176739782036022,0.09661350000000013,1.0590202312311774,1.6367762,0.04065289999999999,1.0163252585304234,3.2182650000000024,1.0497924216616694,0.015873000000000026,2,1,1,0.563985106889989,2.425656482965799,0
44b6_0113de3b,0,253,543,False,False,3.6336104634371584,1.625,3.25,1.625,0.0,3.25,1,0.0,0.01835816999999995,1.0492822499486176,0.9436452999999996,1.3000952820941185,3.1444423,0.01333479999999998,1.0052802026677212,1.0727499999999992,1.015936045464836,0.031746059999999965,0,1,1,0.6327991693273226,4.266409632764481,0
44b6_0113de3b,0,253,472,False,False,6.858289350304491,6.039340428598143,-3.25,-4.46875,-4.0625,3.25,2,3.224678886867333,0.2044586,0.656427271160756,1.9136242999999995,1.8800357769396383,2.1744633,0.10366330000000001,1.0425993882158184,8.045652999999994,1.133333124524992,0.031746030000000036,0,1,1,2.238310399213273,9.096599749517765,0
44b6_0113de3b,0,254,550,False,False,2.8726212985703494,2.8726212985703494,0.0,2.84375,-0.40625,0.0,1,0.0,0.04517667999999997,1.1383432694911493,0.5977758299999999,0.579786986739076,0.82479227,0.025653999999999844,0.9894211823675381,1.8773199999999974,0.968609692265196,0.0,2,0,2,0.5724560718114008,3.44507737038175,0
44b6_0113de3b,0,255,542,False,False,0.8125,0.8125,0.0,0.8125,0.0,0.0,1,0.0,0.0013159500000000102,0.9969475140236056,0.01201209999999997,0.9922375078152124,1.5367202,0.01763439999999994,1.007190395507655,1.3409420000000054,1.0217389584484373,0.0,0,0,0,0.2025789607314463,1.0150789607314463,0
44b6_0113de3b,0,256,541,False,False,3.374565944310468,2.9575446425202108,1.625,2.84375,0.8125,1.625,1,0.0,0.00818742,0.9787399177338956,0.2810629000000002,1.0798403028610715,3.5201783,0.0,0.9999960632807153,0.0,0.9999998543468578,0.01587301000000002,0,1,1,0.21064973264804096,3.585215676958509,0
44b6_0113de3b,0,256,556,False,False,6.712351604504937,6.512682938889317,1.625,6.5,-0.40625,1.625,2,3.3377856601944687,0.07218170000000002,1.2364665798714638,1.7898498000000003,1.8898471483613366,2.0113914,0.05061459999999984,1.0203266296900237,4.022829999999999,1.0622405464169238,0.01587301000000002,0,1,1,1.2602212697249147,7.972572874229852,0
44b6_0113de3b,0,257,516,False,False,2.368824207280903,1.7235727791422095,-1.625,-1.21875,-1.21875,1.625,1,0.0,0.07047397,0.8337364470578894,0.3284638,0.8118447155738727,1.4172853,0.014504999999999768,0.9940346316040821,1.0727540000000033,0.9822220578270836,0.015873020000000015,1,2,1,0.30170214791631095,2.670526355197214,0
44b6_0113de3b,0,257,560,False,False,2.471122277933652,2.471122277933652,0.0,2.4375,0.40625,0.0,2,0.10229807065274876,0.03683796,1.1163169762960474,0.5544171000000001,1.642509104993034,0.8628682,0.04300779999999982,0.9825252634973246,3.218262000000003,0.9484976977552062,0.0,1,1,0,0.6194473465450342,3.090569624478686,0
44b6_0113de3b,0,258,303,False,False,4.375446405796785,2.9295104113144914,3.25,-2.4375,-1.625,3.25,1,0.0,0.43402506999999996,0.47006219062496113,3.6798475999999996,0.2206938689338915,1.0421091,0.17002059999999997,0.9323515840049679,12.604855999999998,0.8104837789379912,0.031746039999999975,1,0,1,2.7400265788525915,7.115472984649376,0
44b6_0113de3b,0,259,551,False,False,3.8540258983302125,2.0714766773970688,3.25,2.03125,0.40625,3.25,1,0.0,0.02512700000000001,1.081327479991115,2.2870432999999997,3.251436512728208,1.0158007,0.08813599999999999,1.0372387370420173,6.436523000000001,1.1159418193543098,0.03174605,0,2,2,1.67782272350622,5.531848621836432,0
44b6_0113de3b,0,260,532,False,False,2.2980970388562794,1.625,-1.625,1.625,0.0,1.625,1,0.0,0.010846290000000036,1.0295020547974296,0.7915225000000001,0.7351005622732425,2.1965165,0.003516900000000156,0.9985693428205319,0.26818899999999957,0.9957263287526057,0.015873010000000007,1,0,1,0.5649968965028968,2.863093935359176,0
44b6_0113de3b,0,260,554,False,False,4.942244555867304,4.942244555867304,0.0,-4.875,0.8125,0.0,2,2.6441475170110245,0.09705469,1.3452345140418702,0.34771149999999995,1.1880672214364336,1.848805,0.04300779999999982,1.0177771916057594,3.218262000000003,1.0542984696909783,0.0,1,0,1,0.5438395992282584,5.486084155095562,0
44b6_0113de3b,0,261,471,False,False,4.614113030962723,3.2752922102462856,3.25,3.25,-0.40625,3.25,1,0.0,0.16096248000000002,0.6477816625665964,2.329732,0.6335777467411546,4.028338,0.017839700000000125,1.0073168184395134,1.3409419999999983,1.022123718743218,0.03174602999999998,1,0,1,1.509649960057608,6.123762991020331,0
44b6_0113de3b,0,262,471,False,False,3.917733121653388,2.1877232028983924,3.25,2.03125,0.8125,3.25,1,0.0,0.16119217000000002,0.6472790857912055,2.5769866999999995,0.5946894817303338,3.7810833,0.0,0.9999958962750694,0.0,0.9999998350123739,0.03174602999999998,1,0,1,1.6233618546778548,5.541094976331243,0
44b6_0113de3b,0,263,540,False,False,3.5648292823780494,3.1729139308370784,1.625,2.4375,2.03125,1.625,1,0.0,0.05528266000000004,0.8497760714276203,0.7196385999999997,0.7898620237758742,2.7049994,0.013513099999999945,0.9946340818475223,1.0727550000000008,0.9839998371294938,0.015873020000000015,1,0,1,0.46442008407529206,4.0292493664533415,0
44b6_0113de3b,0,264,547,False,False,2.8726212985703494,2.368824207280903,1.625,2.03125,1.21875,1.625,1,0.0,0.024521700000000035,0.9292097171903427,0.061407699999999954,0.9598170330735475,1.4670334,0.034628300000000056,0.9861438985158762,2.6818859999999987,0.9590162291023564,0.015873000000000026,1,1,0,0.4189180576260388,3.291539356196388,0
44b6_0113de3b,0,265,552,False,False,1.284675299443404,1.284675299443404,0.0,0.40625,1.21875,0.0,1,0.0,0.016866590000000015,1.051217164174252,0.13218081000000004,0.7994346729398718,0.52690023,0.03615809999999975,0.9852227057678806,2.6818840000000037,0.9563317336742696,0.0,2,1,1,0.39873967143611816,1.6834149708795223,0
44b6_0113de3b,0,265,320,False,False,6.397631397634597,6.187815648514426,1.625,-5.6875,-2.4375,1.625,2,5.112956098191193,0.5455658699999999,0.3880607914913358,3.9277472700000002,0.11828074997909492,0.52690023,0.09867530000000002,0.9606841295239358,7.509273999999998,0.8866395863927964,0.015873000000000026,2,1,1,2.7846039522395607,9.182235349874158,0
44b6_0113de3b,0,266,557,False,False,4.162823748671087,2.6012692214570947,3.25,1.625,2.03125,3.25,1,0.0,0.01689092000000003,1.0484411161166116,0.10654963000000006,0.794029044402397,0.41079307,0.07044719999999982,0.9702752233043411,4.827393000000001,0.9134613669528142,0.03174600000000005,3,2,1,0.5413292966228466,4.704153045293934,0
44b6_0113de3b,0,267,559,False,False,1.7235727791422095,0.5745242597140698,1.625,-0.40625,0.40625,1.625,1,0.0,0.0020130800000000004,1.0063636516129164,0.4616838000000001,1.5945531615680766,0.7764955,0.08029520000000012,1.0337631846831719,5.900146999999997,1.1047617179031308,0.015873020000000015,2,4,2,0.830846390798382,2.5544191699405916,0
44b6_0113de3b,0,268,523,False,False,2.9295104113144914,2.4375,-1.625,-2.4375,0.0,1.625,1,0.0,0.14781126,0.7137426726582025,1.1690857,0.47804438840069374,1.0707417,0.023428899999999864,0.9907607168396164,1.8773199999999974,0.9725488670757926,0.015873000000000026,2,2,0,0.8093471270758212,3.7388575383903127,0
44b6_0113de3b,0,269,562,False,False,2.6012692214570947,2.03125,1.625,1.625,1.21875,1.625,1,0.0,0.004004509999999961,0.9884948590532754,0.011232760000000008,1.0481511832753116,0.2330634,0.00397230000000004,1.0017109121895682,0.26818899999999957,1.005154456087918,0.015873000000000026,2,2,0,0.036577312471013805,2.6378465339281085,0
44b6_0113de3b,0,270,558,False,False,2.333728575156074,1.6750116604071745,1.625,1.625,0.40625,1.625,1,0.0,0.003823489999999985,1.0140748620754014,0.4203921000000004,0.8272016958811073,2.0125043,0.007003300000000046,0.9971631730653328,0.5363759999999971,0.9915252820674301,0.015873040000000005,1,0,1,0.3018005784130591,2.6355291535691334,0
44b6_0113de3b,0,271,557,False,False,1.86167137607581,0.9084026158592896,1.625,-0.8125,0.40625,1.625,1,0.0,0.009111539999999974,0.9738250297790454,0.05521885999999998,1.1067141623113208,0.5173427,0.044733299999999865,1.0188680518895579,3.218262000000003,1.0576921232557903,0.015873000000000026,3,2,1,0.4155592726748195,2.2772306487506295,0
44b6_0113de3b,0,272,561,False,False,4.5420130792964475,3.1729139308370784,3.25,2.4375,2.03125,3.25,1,0.0,0.020260480000000025,0.9391667159843756,0.56431037,1.969284105917073,0.58217263,0.0765267999999999,1.0321275050068015,5.631957,1.0995258516944824,0.031746039999999975,1,1,0,0.8577665660112433,5.3997796453076905,0
44b6_0113de3b,0,273,428,False,False,3.25,0.0,3.25,0.0,0.0,3.25,1,0.0,0.40310912,0.38204419344082446,2.1204947400000003,0.1228932256734225,0.29710826,0.33472979999999986,0.8421688615961447,16.091309,0.5973152765185006,0.03174602999999998,2,0,2,3.316044819273245,6.566044819273245,0
44b6_0113de3b,0,273,492,False,False,6.953879874753374,6.761347521944128,-1.625,5.6875,-3.65625,1.625,2,3.7038798747533743,0.32237421,0.4360047763498083,3.31177634,0.08232666589930335,0.29710826,0.7137158000000001,0.7144935774377674,41.569216,0.3647540267123078,0.015873029999999982,2,0,2,3.808668624100956,10.762548498854331,0
44b6_0113de3b,0,275,530,False,False,2.9575446425202108,2.9575446425202108,0.0,0.8125,2.84375,0.0,1,0.0,0.11599948999999998,0.6964399796976827,3.260404662,0.006639689294476354,0.021792838,0.44814909999999997,0.7735089430943615,17.432251,0.46280977957534253,0.0,2,0,2,6.712924418375383,9.670469060895595,0
44b6_0113de3b,0,276,569,False,False,0.8125,0.8125,0.0,0.0,0.8125,0.0,1,0.0,0.028199350000000012,1.1596648874486684,0.9235287700000001,3.777751269114774,0.33245993,0.32427819999999996,1.2477961328091327,8.850219000000001,1.9428549634601728,0.0,1,0,1,6.947816097481255,7.760316097481255,0
44b6_0113de3b,0,276,421,False,False,5.745242597140699,5.745242597140699,0.0,4.0625,-4.0625,0.0,2,4.932742597140699,0.37645753,0.35226946331455705,0.16319249999999985,0.885003162364592,1.2559887,0.1989069000000001,0.8914086895911161,7.509277999999998,0.7083330355536512,0.0,1,1,0,3.2857964927683145,9.031039089909013,0
44b6_0113de3b,0,277,502,False,False,1.8168052317185792,0.8125,1.625,0.0,0.8125,1.625,1,0.0,0.2934565599999999,0.4772847485836099,1.6759558,0.3073914739638348,0.7438222,0.15709079999999997,0.925078755132866,8.045654000000003,0.7916664659890235,0.015873016000000004,1,1,0,1.6189378736305118,3.4357431053490908,0
44b6_0113de3b,0,278,504,False,False,1.4647552056572457,1.4647552056572457,0.0,0.8125,1.21875,0.0,1,0.0,0.22904410999999997,0.5333052214456024,2.54532115,0.028594625319873276,0.07492525,0.47436520000000004,0.7665222218087914,19.309569999999997,0.45038155336766034,0.0,1,1,0,6.413505478747613,7.878260684404859,0
44b6_0113de3b,0,279,566,False,False,2.368824207280903,1.7235727791422095,1.625,1.21875,1.21875,1.625,1,0.0,0.005385340000000016,1.0216091029874956,0.5905458000000001,1.626168879331689,0.9430835,0.007318600000000064,1.0030308692829697,0.5363770000000017,1.0091322491304164,0.015873020000000015,0,0,0,0.39762548060898556,2.7664496878898888,0
44b6_0113de3b,0,280,565,False,False,2.7252078475778685,2.1877232028983924,1.625,2.03125,0.8125,1.625,1,0.0,0.007760449999999974,0.9702567417975372,0.05355774000000002,1.060325985870168,0.8876297,0.02188929999999978,0.9909864623862108,1.6091319999999953,0.9732141052827478,0.015873000000000026,1,1,0,0.22595245564255145,2.95116030322042,0
44b6_0113de3b,0,280,568,False,False,6.080193253507654,5.138701197773616,3.25,4.875,1.625,3.25,2,3.354985405929786,0.02389754999999999,0.913811849759849,0.015756309999999996,0.9835244806763128,0.94118744,0.010994300000000123,0.9954503358407346,0.8045649999999966,0.9864251801128007,0.03174604000000003,1,1,0,0.1351996886851255,6.21539294219278,0
44b6_0113de3b,0,281,555,False,False,1.8168052317185792,1.8168052317185792,0.0,0.8125,1.625,0.0,1,0.0,0.08406412999999999,0.7162941761028442,0.4873894999999999,0.7310043570274549,1.3245239,0.0570735,1.0299523605064609,2.6818849999999976,1.09259222496333,0.0,0,0,0,0.7008837642934145,2.5176889960119935,0
44b6_0113de3b,0,282,568,False,False,1.21875,1.21875,0.0,1.21875,0.0,0.0,1,0.0,0.0032885000000000275,0.9881087098608121,0.051569549999999964,0.9461002686911464,0.9053742,0.007318600000000064,0.9969700327365127,0.5363770000000017,0.9909500582110614,0.0,1,1,0,0.07436101027043186,1.293111010270432,0
44b6_0113de3b,0,282,565,False,False,2.4375,1.8168052317185792,-1.625,-1.625,-0.8125,1.625,2,1.21875,0.012848599999999988,1.0491428160219987,0.017744500000000052,1.0199793902863967,0.8876297,0.01821359999999972,0.9924993445425814,1.3409440000000004,0.9776783822281201,0.015873040000000005,1,1,0,0.19745770474552918,2.634957704745529,0
44b6_0113de3b,0,284,512,False,False,3.2752922102462856,3.2752922102462856,0.0,2.84375,1.625,0.0,1,0.0,0.1884123,0.5373243470943405,0.9057472,0.3668118659386919,0.5247137,0.060324400000000056,1.0325904062486018,2.681884,1.101009654370304,0.0,1,1,0,1.0791347476711635,4.354426957917449,0
44b6_0113de3b,0,284,402,False,False,4.908737426772795,4.908737426772795,0.0,-4.46875,-2.03125,0.0,2,1.6334452165265096,0.44059557000000005,0.33183690044664005,4.384474600000001,0.10688378589229121,0.5247137,0.17121129999999996,0.9177696465874591,8.582030999999997,0.7730494463974681,0.0,1,0,1,3.0043427234739206,7.913080150246715,0
44b6_0113de3b,0,285,567,False,False,3.5648292823780494,1.4647552056572457,3.25,1.21875,-0.8125,3.25,1,0.0,0.02687797,0.8740667991883088,1.1068403999999998,2.8390273826115333,0.6018464,0.11632180000000014,1.0508421810735207,8.045654999999996,1.1604275904959904,0.031746029999999995,0,0,0,1.1676662323012026,4.732495514679252,0
44b6_0113de3b,0,285,450,False,False,6.662995408410545,6.662995408410545,0.0,-5.28125,-4.0625,0.0,2,3.0981661260324955,0.37004433000000003,0.33524305532477106,4.9094367000000005,0.25818258274783973,1.7086868,0.0786408999999999,0.9683199770569173,5.9001460000000066,0.9079496568453939,0.0,0,0,0,3.0795712591480573,9.742566667558602,0
44b6_0113de3b,0,286,571,False,False,2.1877232028983924,1.4647552056572457,1.625,1.21875,0.8125,1.625,1,0.0,0.0018643999999999883,0.9929670580360292,0.08528918999999999,0.6563872714163098,0.16294304,0.05879570000000012,0.9742488858796285,3.7546389999999974,0.9247309913803015,0.015873020000000015,2,2,0,0.3280763137609002,2.5157995166592926,0
44b6_0113de3b,1,288,585,False,False,0.0,0.0,0.0,0.0,0.0,0.0,1,0.0,0.15339970000000003,1.135982559021413,1.7639899000000003,1.4274360205311203,4.1268764,0.004671800000000115,0.9978119200954981,0.2681869999999975,0.9934638461718243,0.0,0,0,0,1.127455120172316,1.127455120172316,0
44b6_0113de3b,1,289,583,False,False,1.4647552056572457,1.4647552056572457,0.0,1.21875,0.8125,0.0,1,0.0,0.36432,1.3895134273664003,0.6149330000000006,1.1255054010818086,4.899564,0.10323359999999981,1.0508045462429274,5.6319600000000065,1.1603050719130612,0.0,2,0,2,1.4488370629983405,2.913592268655586,0
44b6_0113de3b,1,289,587,False,False,6.989389279472134,6.989389279472134,0.0,-4.0625,5.6875,0.0,2,5.524634073814889,0.47594859999999994,1.5778292549229573,1.4090244000000007,1.343203110883968,4.1054726,0.10323359999999981,1.0508045462429274,5.6319600000000065,1.1603050719130612,0.0,2,1,1,1.8308542944869175,8.820243573959052,0
44b6_0113de3b,1,290,577,False,False,1.21875,1.21875,0.0,0.0,1.21875,0.0,1,0.0,0.2444443999999999,1.2347775306109117,5.624833999999999,1.7386612281989628,7.61488,0.10323359999999981,1.0508045462429274,5.6319600000000065,1.1603050719130612,0.0,0,0,0,3.5634864833835724,4.782236483383572,0
44b6_0113de3b,1,291,575,False,False,1.6750116604071745,0.40625,1.625,0.40625,0.0,1.625,1,0.0,0.07594289999999981,0.9414010862643374,0.8880529999999993,0.9050682070751667,8.466685,0.0,0.9999960581413119,0.0,0.9999998537756658,0.015873000000000026,0,0,0,0.5640606618506266,2.239072322257801,0
44b6_0113de3b,1,292,634,False,False,1.6750116604071745,1.6750116604071745,0.0,1.625,-0.40625,0.0,1,0.0,0.18602485999999996,1.2113013951570908,2.5754648,1.9714512419857166,2.6511316,0.10790539999999993,1.0531039107209899,5.900147000000004,1.1679386155917422,0.0,2,2,0,1.6536446798348823,3.328656340242057,0
44b6_0113de3b,1,293,581,False,False,1.6750116604071745,0.40625,1.625,0.0,0.40625,1.625,1,0.0,0.022749099999999967,0.982206167526801,0.17144859999999973,1.0227273733588838,7.543255,0.0,0.9999960581413119,0.0,0.9999998537756658,0.015873020000000015,0,0,0,0.1811055953726053,1.8561172557797798,0
44b6_0113de3b,1,295,583,False,False,0.8125,0.8125,0.0,-0.8125,0.0,0.0,1,0.0,0.10339950000000009,1.1105421166004186,1.8949631999999998,0.6132371508216837,3.0046008,0.07956189999999985,1.0391538193035579,4.291016000000006,1.1221370973480547,0.0,2,0,2,1.625811038208247,2.438311038208247,0
44b6_0113de3b,1,295,611,False,False,6.423376497217021,6.423376497217021,0.0,6.09375,-2.03125,0.0,2,5.610876497217021,0.037776800000000055,1.037732169414911,0.18802740000000018,1.066753713026925,2.8165734,0.028343500000000077,0.9867487454457063,1.6091309999999979,0.9607840762304405,0.0,2,0,2,0.24984832808451413,6.673224825301535,0
44b6_0113de3b,1,296,588,False,False,1.86167137607581,0.9084026158592896,1.625,-0.40625,0.8125,1.625,1,0.0,0.019260800000000078,1.0143679059546562,0.7728754999999996,1.147271398775834,5.2478895,0.0,0.9999960581413119,0.0,0.9999998537756658,0.015872999999999915,1,3,2,0.5053323575562922,2.367003733632102,0
44b6_0113de3b,1,296,628,False,False,2.6012692214570947,2.03125,1.625,-1.625,-1.21875,1.625,2,0.7395978453812848,0.11701539999999988,1.0942002154911625,2.336744,1.634287279341569,3.684021,0.026811599999999824,1.010677661558016,2.1455100000000016,1.0323885429548616,0.015872999999999915,1,4,3,1.4809379394118443,4.082207160868939,0
44b6_0113de3b,1,296,600,False,False,2.8726212985703494,2.368824207280903,1.625,1.21875,2.03125,1.625,3,1.0109499224945395,0.3067202,1.2914421574022277,3.3254732,2.2337999403257918,2.6952918,0.04730269999999992,1.0189963204914452,3.754639999999995,1.0580911457120563,0.015872999999999915,1,4,3,2.1254783624874323,4.998099661057782,0
44b6_0113de3b,1,297,578,False,False,3.832554834897995,2.03125,3.25,1.21875,1.625,3.25,1,0.0,0.06757194,0.9308812883898012,1.1964359999999994,1.1867664106255351,6.405992,0.0,0.9999960581413119,0.0,0.9999998537756658,0.03174602999999998,0,1,1,0.9794148280000505,4.811969662898045,0
44b6_0113de3b,1,298,587,False,False,0.5745242597140698,0.5745242597140698,0.0,-0.40625,-0.40625,0.0,1,0.0,0.06814175999999994,1.0827176533220666,0.7737435999999995,0.8115316333334358,3.331729,0.0,0.9999950782043793,0.0,0.9999997153648879,0.0,1,1,0,0.7045850041538932,1.279109263867963,0
44b6_0113de3b,1,299,582,False,False,1.6750116604071745,0.40625,1.625,0.0,0.40625,1.625,1,0.0,0.0016612500000000585,1.0018351184038956,0.16393000000000058,0.9801849014363831,8.109549,0.019784400000000257,1.0095651333514373,1.0727539999999962,1.0289852315670187,0.015873040000000005,0,0,0,0.1738924939785202,1.8489041543856948,0
44b6_0113de3b,1,300,594,False,False,3.6336104634371584,1.625,3.25,0.0,1.625,3.25,1,0.0,0.019822599999999913,0.9829465041864154,0.2732330000000003,1.0568320544077432,4.807541,0.0033118999999999232,1.0013015623202142,0.26819000000000415,1.0039214441934097,0.03174603000000001,2,2,0,0.23926744820007745,3.872877911637236,0
44b6_0113de3b,1,300,656,False,False,5.2183757350827085,4.0827619710803615,3.25,-0.40625,4.0625,3.25,2,1.58476527164555,0.20303725000000006,1.2159625309560151,2.3983466,1.8940885628868729,2.6824274,0.03351550000000003,1.0133665343437412,2.681884999999994,1.0406502524654457,0.03174603000000001,2,2,0,1.5253305810768218,6.74370631615953,0
44b6_0113de3b,1,300,859,False,False,5.816614806956019,5.816614806956019,0.0,-5.28125,-2.4375,0.0,3,2.1830043435188604,0.8000939,3.332283818504382,5.23176729,-33.65123385508423,-0.15099329,1.2971195,2.04347538229445,60.610596,8.53332304207583,0.0,2,1,1,12.898354157264114,18.714968964220134,0
44b6_0113de3b,1,301,596,False,False,0.9084026158592896,0.9084026158592896,0.0,0.40625,-0.8125,0.0,1,0.0,0.02251144999999999,1.023425634623314,0.9325077999999998,0.7968581692989825,3.6579587,0.010067199999999943,0.9960120090875474,0.8045659999999941,0.9880950834364823,0.0,2,3,1,0.6931848642014269,1.6015874800607164,0
44b6_0113de3b,1,301,609,False,False,3.093907824257213,3.093907824257213,0.0,2.84375,-1.21875,0.0,2,2.1855052083979234,0.06074353999999993,1.0658489455339204,0.8308308999999996,0.8149079990115844,3.6579587,0.023809200000000086,1.0095463716551478,1.8773199999999974,1.0289254721222674,0.0,2,2,0,0.7922407915693286,3.8861486158265413,0
44b6_0113de3b,1,301,637,False,False,6.712351604504937,6.512682938889317,-1.625,-6.5,-0.40625,1.625,3,5.803948988645647,0.0038288499999999948,1.0038998468951266,0.4996037000000002,1.1581811158621629,3.158355,0.0033737999999998713,1.0013383222886003,0.26819000000000415,1.004032130144375,0.015873040000000005,2,3,1,0.33735498721023893,7.049706591715176,0
44b6_0113de3b,1,302,583,False,False,4.1429533547941375,4.1429533547941375,0.0,4.0625,0.8125,0.0,1,0.0,0.02381080000000002,1.0254473694986748,2.3784946999999996,0.514548673007082,2.5210693,0.025527199999999972,1.0125590443211632,1.3409430000000029,1.038167661466383,0.0,2,0,2,1.701817419112453,5.844770773906591,0
44b6_0113de3b,1,302,587,False,False,5.816614806956019,5.816614806956019,0.0,-1.21875,5.6875,0.0,2,1.6736614521618813,0.1354394,1.1644226152210877,1.5844032999999995,0.6140737997525554,2.5210693,0.025527199999999972,1.0125590443211632,1.3409430000000029,1.038167661466383,0.0,2,1,1,1.4379875830403692,7.254602389996388,0
44b6_0113de3b,1,303,584,False,False,1.284675299443404,1.284675299443404,0.0,0.40625,1.21875,0.0,1,0.0,0.004509849999999926,1.0055245396876824,2.2785507000000003,0.6745153865341439,4.7219567,0.020108399999999804,0.9920592173728461,1.6091300000000075,0.9763778209826557,0.0,0,0,0,1.581898365541836,2.86657366498524,0
44b6_0113de3b,1,304,586,False,False,1.6750116604071745,0.40625,1.625,0.40625,0.0,1.625,1,0.0,0.010911099999999951,0.9900711838957005,0.07214559999999981,0.9861260191152661,5.12863,0.0,0.9999960581413119,0.0,0.9999998537756658,0.015873010000000076,2,3,1,0.05244255557431973,1.7274542159814943,0
44b6_0113de3b,1,304,593,False,False,2.368824207280903,1.7235727791422095,1.625,-1.21875,-1.21875,1.625,2,0.6938125468737286,0.11087619999999998,1.1133424491579789,1.9383646000000003,1.6075822168832197,3.1902654,0.023428899999999864,1.0093174492670498,1.8773199999999974,1.0282256627688005,0.015873010000000076,2,2,0,1.2244963096775021,3.5933205169584053,0
44b6_0113de3b,1,304,637,False,False,3.040096626753827,2.569350598886808,1.625,2.4375,0.8125,1.625,3,1.3650849663466527,0.10979795000000003,1.1121165261609687,1.9702750000000004,1.6238243521568914,3.158355,0.023428899999999864,1.0093174492670498,1.8773199999999974,1.0282256627688005,0.015873010000000076,2,3,1,1.2450523815396122,4.285149008293439,0
44b6_0113de3b,1,305,601,False,False,0.9084026158592896,0.9084026158592896,0.0,-0.8125,0.40625,0.0,1,0.0,0.03689745,1.0397218267682349,0.08328479999999994,1.0233491710863134,3.5664892,0.03472540000000013,1.014102126737885,2.681884999999994,1.0429182918139783,0.0,1,2,1,0.4226758556047052,1.3310784714639947,0
44b6_0113de3b,1,305,642,False,False,5.343384490423649,5.090297909995052,1.625,-4.46875,2.4375,1.625,2,4.434981874564359,0.0851978000000001,1.0967664912806814,1.0692179999999998,1.4143308095975842,2.580556,0.04889370000000026,1.0199725398363382,3.754639999999995,1.0611352211513865,0.01587301000000002,1,2,1,0.8194948025839246,6.162879293007573,0
44b6_0113de3b,1,306,640,False,False,0.9084026158592896,0.9084026158592896,0.0,-0.8125,0.40625,0.0,1,0.0,0.12322080000000002,1.1933665700075504,1.3428258,0.7067431338819051,3.2362072,0.0,0.9999950782043793,0.0,0.9999997153648879,0.0,1,0,1,1.2381739487992625,2.146576564658552,0
44b6_0113de3b,1,307,579,False,False,1.284675299443404,1.284675299443404,0.0,1.21875,0.40625,0.0,1,0.0,0.07951169999999996,0.9133983699268765,0.035199000000000424,0.9931356757311074,5.094065,0.0,0.999995316186454,0.0,0.9999997546894785,0.0,0,0,0,0.3299768796071838,1.6146521790505879,0
44b6_0113de3b,1,308,691,False,False,1.86167137607581,0.9084026158592896,1.625,-0.8125,-0.40625,1.625,1,0.0,0.15457463999999987,1.1662558762470403,0.4348177000000004,1.1211978472432438,3.587576,0.07495549999999973,1.0304010087169528,5.9001459999999994,1.0940169112446956,0.015873000000000026,2,3,1,1.061975821495422,2.923647197571232,0
44b6_0113de3b,1,308,672,False,False,3.040096626753827,2.569350598886808,1.625,-0.8125,-2.4375,1.625,2,1.1784252506780173,0.22809922999999988,1.266411243192775,1.0638459000000005,1.3595792179554513,2.9585478,0.08199919999999983,1.0333535243657215,6.436523000000001,1.1034480907561535,0.015873000000000026,2,2,0,1.2921159208921358,4.3322125476459625,0
44b6_0113de3b,1,308,697,False,False,3.5648292823780494,1.4647552056572457,3.25,0.8125,1.21875,3.25,3,1.7031579063022395,0.21945519999999996,1.2537529253917703,1.7078727000000002,1.7378871572685783,2.314521,0.12879879999999977,1.0534085895945213,9.922974000000004,1.168949579970717,0.03174600000000005,2,3,1,1.7656194360386575,5.330448718416707,0
44b6_0113de3b,1,309,609,False,False,0.40625,0.40625,0.0,0.40625,0.0,0.0,1,0.0,0.09657894,1.1047026547493926,0.8206229,1.1828134408138873,4.4887896,0.04386430000000008,1.017590904168054,3.4864499999999907,1.0537188439980387,0.0,1,2,1,0.7363870762699805,1.1426370762699805,0
44b6_0113de3b,1,309,596,False,False,2.0714766773970688,2.0714766773970688,0.0,-2.03125,0.40625,0.0,2,1.6652266773970688,0.05834685000000006,1.0607328742447737,0.7189459999999999,1.1566146782365623,4.5904665,0.00998790000000005,1.0039486935384194,0.8045639999999992,1.011904591040305,0.0,1,3,2,0.45697056009835213,2.528447237495421,0
44b6_0113de3b,1,310,631,False,False,1.86167137607581,0.9084026158592896,1.625,-0.40625,0.8125,1.625,1,0.0,0.08635976000000001,1.0962120492271907,0.6747979999999996,1.1780562602348545,3.789736,0.013370000000000104,1.005301200650524,1.0727499999999992,1.015999789998468,0.015873000000000026,3,0,3,0.46843606570770574,2.3301074417835155,0
44b6_0113de3b,1,311,631,False,False,1.8168052317185792,0.8125,1.625,0.0,-0.8125,1.625,1,0.0,0.06014655999999996,1.0670049537031012,0.7413256000000001,1.1956108931838705,3.789736,0.0067383999999997,0.9973222587971561,0.5363800000000083,0.9919998067031354,0.015873000000000026,2,0,2,0.4905814835847279,2.307386715303307,0
44b6_0113de3b,1,312,611,False,False,0.40625,0.40625,0.0,0.0,-0.40625,0.0,1,0.0,0.01834150000000001,0.9816653275623632,0.015363000000000238,1.0054509303718826,2.8165734,0.0,0.999995326413122,0.0,0.999999756292806,0.0,0,0,0,0.08313498424569792,0.48938498424569793,0
44b6_0113de3b,1,313,608,False,False,0.5745242597140698,0.5745242597140698,0.0,0.40625,-0.40625,0.0,1,0.0,0.006601259999999942,0.9925024518320471,0.015012500000000095,0.9964387021158342,4.203243,0.03803869999999998,0.984800397432254,2.950076000000003,0.9551018557003532,0.0,1,0,1,0.4635894374185287,1.0381136971325986,0
44b6_0113de3b,1,314,620,False,False,2.0714766773970688,1.284675299443404,1.625,-1.21875,0.40625,1.625,1,0.0,0.07667535000000014,1.0816538316177127,1.1545025999999998,1.339982835542166,3.3957279,0.030203600000000108,1.0120452997675362,2.41369499999999,1.0365851893254008,0.015872999999999915,1,2,1,0.7862975056914835,2.8577741830885524,0
44b6_0113de3b,1,315,672,False,False,1.8168052317185792,0.8125,1.625,0.0,0.8125,1.625,1,0.0,0.1229327899999999,1.1435754476466267,0.6313336,1.2133889694499125,2.9585478,0.05187570000000008,1.0210991678013104,4.022822999999995,1.0646549341730582,0.015873000000000026,1,2,1,0.7519821660723429,2.5687873977909224,0
44b6_0113de3b,1,315,691,False,False,3.2752922102462856,2.84375,1.625,0.0,2.84375,1.625,2,1.4584869785277064,0.0494081999999999,1.053134669262171,0.002305400000000013,1.0006398174148299,3.587576,0.04483199999999998,1.0181816655130898,3.4864459999999937,1.0555553200760646,0.015873000000000026,1,3,2,0.573218340440035,3.8485105506863206,0
44b6_0113de3b,1,315,697,False,False,5.759587794495366,4.755034338729848,3.25,1.625,4.46875,3.25,3,3.942782562776787,0.11428875999999999,1.1321449257497729,1.2753603999999998,1.5510189321292305,2.314521,0.09867530000000002,1.0409164035608711,7.509273999999998,1.1278536331170028,0.03174600000000005,1,3,2,1.279108848554797,7.038696643050163,0
44b6_0113de3b,1,316,625,False,False,1.8168052317185792,0.8125,1.625,-0.8125,0.0,1.625,1,0.0,0.009154800000000018,1.0099911453245127,0.37475039999999993,1.1546107616137626,2.4237566,0.013850600000000046,1.0055905330204817,1.0727499999999992,1.016877415408394,0.015873000000000026,2,2,0,0.28239941661793183,2.099204648336511,0
44b6_0113de3b,1,316,653,False,False,4.908737426772795,4.631962664465248,1.625,-3.65625,2.84375,1.625,2,3.0919321950542162,0.027215780000000023,0.9713913054589268,0.14318539999999969,1.053919969920141,2.6553216,0.01709909999999981,0.9931745721526166,1.340945000000005,0.9796746085127748,0.015873000000000026,2,1,1,0.28091549883394157,5.189652925606737,0
44b6_0113de3b,1,317,589,False,False,1.6750116604071745,0.40625,1.625,0.0,0.40625,1.625,1,0.0,0.07160886,0.9166947457067218,1.6659498,1.267665367703644,6.2239547,0.06481639999999977,1.0262508276497937,5.095578000000003,1.0808508438538518,0.015873020000000015,1,2,1,1.5122314234088416,3.187243083816016,0
44b6_0113de3b,1,318,604,False,False,2.6012692214570947,2.03125,-1.625,0.0,-2.03125,1.625,1,0.0,0.04708983999999994,0.9542524751340475,0.4433993000000003,1.0977842963981035,4.534351,0.01743479999999975,0.9929733586743764,1.3409420000000054,0.9790793511639597,0.015873009999999965,0,3,3,0.47915131556308854,3.080420537020183,0
44b6_0113de3b,1,318,599,False,False,2.632800908728193,2.0714766773970688,-1.625,2.03125,-0.40625,1.625,2,0.03153168727109845,0.007938840000000003,0.9919741876440188,0.38733730000000044,1.084377256736471,4.590413,0.020892599999999817,0.9915922915005865,1.6091300000000004,0.9749998617266175,0.015873009999999965,0,1,1,0.3903677290874002,3.0231686378155933,0
44b6_0113de3b,1,319,649,False,False,1.8168052317185792,0.8125,1.625,0.8125,0.0,1.625,1,0.0,0.03020170000000011,1.0273748002087586,0.7332680000000007,1.1805489860435252,4.061259,0.0,0.9999960106447169,0.0,0.9999998484259986,0.015873020000000015,1,3,2,0.46832784654844034,2.2851330782670196,0
44b6_0113de3b,1,319,636,False,False,2.7252078475778685,2.7252078475778685,0.0,1.21875,-2.4375,0.0,2,0.9084026158592893,0.17226010000000003,1.179269803551632,1.8392080000000006,1.6223327419722138,2.955319,0.09161850000000005,1.0379323063907273,6.972900000000003,1.118181621730643,0.0,1,1,0,1.4420398386880593,4.167247686265927,0
44b6_0113de3b,1,320,608,False,False,2.9575446425202108,2.471122277933652,-1.625,-0.40625,-2.4375,1.625,1,0.0,0.00976279999999996,1.0110602347770943,0.23639200000000038,1.0560377245102284,4.2182555,0.006793300000000002,1.0027097762629942,0.5363699999999909,1.0081630056468043,0.015873000000000026,1,0,1,0.16585906412061355,3.1234037066408242,0
44b6_0113de3b,1,321,597,False,False,1.6750116604071745,0.40625,1.625,0.0,0.40625,1.625,1,0.0,0.10112109999999996,1.1388324062149997,4.9243936,0.5320403856720305,5.5987344,0.014202500000000118,1.0067068581966738,0.8045649999999966,1.0202700021578706,0.01587301999999996,0,0,0,3.6014487079156545,5.276460368322829,0
44b6_0113de3b,1,322,607,False,False,1.6750116604071745,1.6750116604071745,0.0,1.625,0.40625,0.0,1,0.0,0.03911960000000003,1.038834909037902,0.18279960000000006,0.9576037703389754,4.129121,0.0,0.999995316186454,0.0,0.9999997546894785,0.0,1,1,0,0.2469112174109025,1.921922877818077,0
44b6_0113de3b,1,323,626,False,False,1.86167137607581,0.9084026158592896,1.625,0.40625,0.8125,1.625,1,0.0,0.019757850000000077,1.0228640602157875,0.8575001000000002,0.813499035295702,3.7403755,0.021314400000000067,0.9913375795350376,1.6091309999999979,0.9742487688621442,0.015873000000000026,1,1,0,0.6579977963342155,2.5196691724100253,0
44b6_0113de3b,1,324,617,False,False,2.03125,1.21875,1.625,0.0,1.21875,1.625,1,0.0,0.021822249999999932,1.023733913798525,0.08054009999999945,0.9802999081519517,4.0082684,0.024340899999999888,0.9902188392573245,1.8773160000000004,0.9709542569534062,0.015873010000000076,3,3,0,0.3232694502041788,2.3545194502041786,0
44b6_0113de3b,1,324,616,False,False,2.9575446425202108,2.471122277933652,1.625,-2.4375,0.40625,1.625,2,0.9262946425202108,0.009719490000000053,0.989764623873763,0.010831599999999497,0.9973024873666062,4.0082684,0.010490299999999841,0.995758690094724,0.8045660000000012,0.9873416080507634,0.015873010000000076,3,3,0,0.12457889783486592,3.082123540355077,0
44b6_0113de3b,1,325,692,False,False,1.7235727791422095,0.5745242597140698,1.625,-0.40625,0.40625,1.625,1,0.0,0.08352247000000002,1.1105341004357439,1.1746825000000003,1.2401834695434018,4.89072,0.0,0.9999959493464149,0.0,0.9999998413310471,0.015873040000000005,0,0,0,0.7401879078227173,2.463760686964927,0
44b6_0113de3b,1,326,610,False,False,2.8145825622994254,2.2980970388562794,1.625,1.625,1.625,1.625,1,0.0,0.044695700000000116,0.9615598982077673,0.07509660000000018,1.0175297447176326,4.2833724,0.0,0.999996052975074,0.0,0.9999998531999762,0.015873020000000015,0,1,1,0.21705036873891212,3.0316329310383376,0
44b6_0113de3b,1,326,664,False,False,5.745242597140699,4.737648414561806,3.25,4.0625,2.4375,3.25,2,2.9306600348412735,0.16009512999999997,1.167067626208852,1.8039746000000005,1.7061896624644688,2.5544944,0.0508883,1.0204934172565736,4.022824,1.0627612912518165,0.031746030000000036,0,2,2,1.2401373279274484,6.985379925068147,0
44b6_0113de3b,1,327,642,False,False,2.0714766773970688,1.284675299443404,1.625,-0.40625,1.21875,1.625,1,0.0,0.07688070000000002,1.0873189344165464,0.4104901999999999,1.1590659568482262,2.580556,0.010641500000000192,1.004343739472872,0.8045669999999987,1.0131002975323522,0.01587301000000002,2,2,0,0.33334769636894657,2.404824373766015,0
44b6_0113de3b,1,327,601,False,False,3.350023320814349,3.350023320814349,0.0,3.25,-0.8125,0.0,2,1.2785466434172803,0.02858034999999992,1.030765653180359,0.5754429999999999,0.8386504614945659,2.9910462,0.003526799999999941,0.998563277339551,0.2681880000000021,0.9957080027861382,0.0,2,2,0,0.46037556517356526,3.8103988859879143,0
44b6_0113de3b,1,328,605,False,False,2.2980970388562794,1.625,1.625,1.625,0.0,1.625,1,0.0,0.04057777000000007,0.9544224038938139,0.2643884999999999,0.9320152094461546,3.6246846,0.013513099999999945,0.9946340818475223,1.0727550000000008,0.9839998371294938,0.015872999999999915,1,1,0,0.24153012545787725,2.539627164314157,0
44b6_0113de3b,1,328,602,False,False,6.700046641628698,6.5,1.625,6.5,0.0,1.625,2,4.401949602772419,0.032333570000000034,0.9633407573140378,0.42186119999999994,1.131711877364586,3.2028234,0.02021570000000006,0.9919958016316047,1.6091309999999908,0.976190329634571,0.015872999999999915,1,2,1,0.46545667679846225,7.16550331842716,0
44b6_0113de3b,1,329,651,False,False,0.8125,0.8125,0.0,-0.8125,0.0,0.0,1,0.0,0.04309604,1.049531397273603,0.16186809999999996,1.0573040571047685,2.8245387,0.02137650000000013,0.9912998889018614,1.6091309999999979,0.9741377723920627,0.0,2,2,0,0.3146752856633156,1.1271752856633155,0
44b6_0113de3b,1,329,688,False,False,5.296851954227152,5.296851954227152,0.0,-5.28125,0.40625,0.0,2,4.484351954227152,0.11613161000000005,1.1457280518079886,0.7381648000000003,1.3283238711674672,2.248242,0.051393800000000045,1.0215408066858926,3.7546390000000045,1.0660375541585636,0.0,2,2,0,0.6619260222052157,5.958777976432367,0
44b6_0113de3b,1,330,606,False,False,1.7235727791422095,0.5745242597140698,1.625,0.40625,0.40625,1.625,1,0.0,0.0759187,0.9223084396498755,0.17017170000000004,0.956574363401531,3.7487407,0.04434130000000014,0.9824249630330731,3.4864529999999974,0.9482069906226398,0.015873000000000026,1,1,0,0.6050307827614554,2.328603561903665,0
44b6_0113de3b,1,331,594,False,False,4.755034338729848,3.471001521535247,3.25,-1.21875,3.25,3.25,1,0.0,0.20112129999999995,0.8270528431707983,1.8250587999999994,0.6203745316482343,2.9824822,0.030203600000000108,0.9880902258342086,2.41369499999999,0.9647057593524719,0.03174603000000001,1,2,1,1.2062258764525908,5.961260215182438,0
44b6_0113de3b,1,331,859,False,False,6.550584420492571,6.550584420492571,0.0,-6.5,-0.8125,0.0,2,1.7955500817627232,0.6187952000000001,2.803789213968682,3.1334754900000004,-19.753723739892013,-0.15099329,1.263604,2.016513434073972,57.92871100000001,8.199990081614146,0.0,1,1,0,12.996335268114601,19.546919688607172,0
44b6_0113de3b,1,331,656,False,False,6.749131888620936,5.9150892850404215,3.25,-1.625,5.6875,3.25,3,1.9940975498910882,0.021738550000000023,1.0231129203198306,0.3000548000000003,1.111855285047845,2.6824274,0.0,0.9999960106447169,0.0,0.9999998484259986,0.03174603000000001,1,2,1,0.1891355548072611,6.938267443428197,0
44b6_0113de3b,1,332,652,False,False,1.4647552056572457,1.4647552056572457,0.0,1.21875,0.8125,0.0,1,0.0,0.05302363999999993,1.0753441281932752,0.06151299999999971,0.9907358008450912,6.579418,0.05420880000000006,1.0218308910322393,4.29101399999999,1.0669454147784883,0.0,0,0,0,0.739221697481244,2.2039769031384897,0
44b6_0113de3b,1,333,630,False,False,3.447145558284419,1.1490485194281397,3.25,0.8125,0.8125,3.25,1,0.0,0.008822380000000019,0.9909639800064971,0.4702752000000001,0.879664189320517,3.4378216,0.02355380000000018,0.9906870714436603,1.8773199999999974,0.9723318628959822,0.03174599999999994,1,1,0,0.4226637151237965,3.8698092734082157,0
44b6_0113de3b,1,333,695,False,False,6.550584420492571,6.550584420492571,0.0,0.8125,6.5,0.0,2,3.103438862208152,0.1517402,1.1857387973413425,0.8688259,1.338191503428739,2.5689957,0.048483699999999796,1.0197192890532738,3.754638000000007,1.0603446459440997,0.0,1,1,0,0.8183536403203621,7.368938060812933,0
44b6_0113de3b,1,334,629,False,False,3.374565944310468,0.9084026158592896,3.25,0.40625,0.8125,3.25,1,0.0,0.015661460000000016,0.9837221081144785,0.06940969999999957,1.0153582743492273,4.5187073,0.016734599999999933,1.0066451336671303,1.3409400000000034,1.0200801330479339,0.03174602999999998,2,1,1,0.2521613954554652,3.6267273397659334,0
44b6_0113de3b,1,335,624,False,False,0.9084026158592896,0.9084026158592896,0.0,-0.8125,0.40625,0.0,1,0.0,0.11873369999999994,0.8887746133764358,0.4800602999999999,0.8505183653176669,2.7314968,0.04483199999999998,0.9821351076210167,3.4864459999999937,0.9473683384217035,0.0,3,3,0,0.6693482694485172,1.5777508853078068,0
44b6_0113de3b,1,335,627,False,False,2.368824207280903,2.368824207280903,0.0,-2.03125,-1.21875,0.0,2,1.4604215914216137,0.20395049999999992,0.8230756772938105,1.7256152000000005,0.6128386882836054,2.7314968,0.06499379999999988,0.974309078107496,5.095581000000003,0.9249010507401473,0.0,3,3,0,1.3045575336545028,3.673381740935406,0
44b6_0113de3b,1,335,613,False,False,5.008586377412294,4.737648414561806,-1.625,-4.0625,-2.4375,1.625,3,4.100183761553004,0.07927189999999995,0.9228875433005539,0.29002050000000024,0.9040119544840782,2.7314968,0.02777929999999973,0.9888531133048003,2.1455060000000046,0.9669420270249031,0.015873009999999965,3,2,1,0.41974859435035333,5.428334971762647,0
44b6_0113de3b,1,336,612,False,False,1.86167137607581,0.9084026158592896,1.625,0.8125,0.40625,1.625,1,0.0,0.013945630000000042,0.9825896700985612,0.07140849999999954,1.0150605710291174,4.7407465,0.0,0.9999960581413119,0.0,0.9999998537756658,0.01587302,2,2,0,0.09145003098369066,1.9531214070595007,0
44b6_0113de3b,1,336,615,False,False,3.374565944310468,2.9575446425202108,1.625,2.84375,-0.8125,1.625,2,1.5128945682346582,0.009406099999999973,1.0120738336108255,0.22155069999999988,1.0482594889315795,4.5906043,0.023428899999999864,1.0093174492670498,1.8773199999999974,1.0282256627688005,0.01587302,2,1,1,0.3368602461817741,3.7114261904922423,0
44b6_0113de3b,1,337,641,False,False,2.0714766773970688,1.284675299443404,1.625,1.21875,-0.40625,1.625,1,0.0,0.016072160000000002,1.020230371023727,1.1732538,0.7693597166856537,3.9137218,0.0033205000000000595,1.0013066626017573,0.26818999999998994,1.0039368830362,0.015873020000000015,0,1,1,0.844618267876811,2.91609494527388,0
44b6_0113de3b,1,338,681,False,False,0.5745242597140698,0.5745242597140698,0.0,-0.40625,-0.40625,0.0,1,0.0,0.048808399999999974,1.0594494966667596,0.7550116,1.3057925161267745,2.4689896,0.07516049999999996,1.0305277160976227,5.900144999999995,1.0944204020216703,0.0,1,1,0,1.0141545417946896,1.5886788015087594,0
44b6_0113de3b,1,339,591,False,False,1.7235727791422095,0.5745242597140698,1.625,0.40625,0.40625,1.625,1,0.0,0.10505300000000006,0.9008930408355988,1.0612456999999997,0.7437892060764836,3.0808637,0.04410120000000006,0.9825662900663558,3.4864510000000024,0.948616449449052,0.01587301000000002,1,0,1,0.8258978120687426,2.549470591210952,0
44b6_0113de3b,1,340,621,False,False,1.625,0.0,1.625,0.0,0.0,1.625,1,0.0,0.0013969999999999816,0.9982953812342918,0.2734203000000006,0.9477635774812989,4.9610457,0.0,0.9999960683929776,0.0,0.9999998549136047,0.015872999999999915,0,1,1,0.18631764957266184,1.8113176495726617,0
44b6_0113de3b,1,341,616,False,False,1.86167137607581,0.9084026158592896,1.625,0.40625,0.8125,1.625,1,0.0,0.007347039999999971,0.9922604297269672,0.5712622,0.8578610189818144,3.4478378,0.010490299999999841,0.995758690094724,0.8045660000000012,0.9873416080507634,0.015873010000000076,2,3,1,0.3899822680992429,2.251653644175053,0
44b6_0113de3b,1,341,617,False,False,3.65625,3.2752922102462856,1.625,2.84375,1.625,1.625,2,1.79457862392419,0.024194700000000013,1.0263153771409732,0.6409707,0.8432357171148586,3.4478378,0.024340899999999888,0.9902188392573245,1.8773160000000004,0.9709542569534062,0.015873010000000076,2,3,1,0.5593706527351788,4.215620652735179,0
44b6_0113de3b,1,342,657,False,False,2.1877232028983924,1.4647552056572457,1.625,-0.8125,-1.21875,1.625,1,0.0,0.12153596,1.1409117209101487,0.0618344000000004,1.0213017025678062,2.902312,0.020002400000000087,1.007932913464486,1.6091299999999933,1.0239998341465173,0.015873009999999965,1,1,0,0.5490245801462822,2.7367477830446747,0
44b6_0113de3b,1,342,655,False,False,2.333728575156074,1.6750116604071745,1.625,1.625,-0.40625,1.625,2,0.14600537225768173,0.060857159999999966,1.0659157517292182,0.2953574000000003,1.1106667830735848,2.668789,0.0033118999999999232,1.0013015623202142,0.26819000000000415,1.0039214441934097,0.015873009999999965,1,2,1,0.2531337018469641,2.5868622770030383,0
44b6_0113de3b,1,343,602,False,False,2.4375,1.8168052317185792,1.625,1.625,0.8125,1.625,1,0.0,0.08295509999999995,0.9059646867873546,0.003480900000000009,1.0010836967042993,3.2028234,0.02021570000000006,0.9919958016316047,1.6091309999999908,0.976190329634571,0.015872999999999915,1,2,1,0.4260596337052571,2.863559633705257,0
44b6_0113de3b,1,343,605,False,False,3.72334275215162,3.350023320814349,1.625,-3.25,0.8125,1.625,2,1.2858427521516198,0.09119929999999998,0.8975775058218781,0.6827687999999998,0.824437076183844,3.2063043,0.013513099999999945,0.9946340818475223,1.0727550000000008,0.9839998371294938,0.015872999999999915,1,1,0,0.47759431026212157,4.200937062413741,0
44b6_0113de3b,1,344,613,False,False,1.8168052317185792,0.8125,1.625,0.0,0.8125,1.625,1,0.0,0.09672486999999996,0.9059121505135277,0.5675673000000003,0.8121554950041324,2.45395,0.049032399999999754,0.9803280371919889,3.7546370000000024,0.9421486397411959,0.015873040000000005,2,2,0,0.6558240664454087,2.472629298163988,0
44b6_0113de3b,1,344,627,False,False,4.33756303988772,2.8726212985703494,3.25,2.03125,2.03125,3.25,2,2.520757808169141,0.22140346999999994,0.8079362022657465,2.0031620000000006,0.5505682815054198,2.45395,0.0862468999999999,0.9659093886728233,6.704712000000001,0.9011856372932172,0.03174604999999997,2,3,1,1.5529249808509173,5.890488020738637,0
44b6_0113de3b,1,344,624,False,False,5.87308811976289,4.89189779763437,3.25,3.25,3.65625,3.25,3,4.056282888044311,0.13618666999999995,0.8724266864044831,0.7576071,0.7640973778813465,2.45395,0.06608510000000001,0.9736679486133951,5.095576999999992,0.9230768406293477,0.03174604999999997,2,3,1,0.9069208716522313,6.780008991415122,0
44b6_0113de3b,1,345,666,False,False,2.569350598886808,2.569350598886808,0.0,2.4375,-0.8125,0.0,1,0.0,0.01865810000000001,1.0225132298319461,0.5460072,1.2078706474480512,2.62661,0.0520204999999998,1.0211885587608367,4.022827000000007,1.0649348907310598,0.0,2,2,0,0.6859889741259976,3.255339573012806,0
44b6_0113de3b,1,345,658,False,False,2.632800908728193,2.0714766773970688,1.625,2.03125,0.40625,1.625,2,0.063450309841385,0.024462299999999937,0.9719173301869624,0.30143319999999996,1.1049818298589367,2.871184,0.0034012999999997184,1.0013547483143443,0.26818500000000256,1.004081426727071,0.01587301000000002,2,3,1,0.2705775689538204,2.9033784776820135,0
44b6_0113de3b,1,345,668,False,False,4.823951472859154,4.5420130792964475,1.625,4.46875,0.8125,1.625,3,2.2546008739723455,0.12900729999999994,0.8678078138262274,0.1335238000000003,0.959610495709361,3.1726172,0.02021570000000006,0.9919958016316047,1.6091309999999908,0.976190329634571,0.01587301000000002,2,3,1,0.5575641960056076,5.381515668864761,0
44b6_0113de3b,1,346,637,False,False,0.9084026158592896,0.9084026158592896,0.0,0.40625,-0.8125,0.0,1,0.0,0.05834684999999995,0.9404054151689988,0.2615453999999997,0.9171864556503128,2.8968096,0.027322100000000127,0.9891256440263233,2.1455059999999975,0.9677418161725736,0.0,2,3,1,0.39050843911969413,1.2989110549789837,0
44b6_0113de3b,1,346,586,False,False,2.2980970388562794,2.2980970388562794,0.0,-1.625,-1.625,0.0,2,1.3896944229969899,0.17905589999999993,0.8372039087957359,2.303966,0.5569946201973794,2.8968096,0.05075099999999999,0.9799907311134809,4.022825999999995,0.9411763484479091,0.0,2,3,1,1.513712933612561,3.8118099724688403,0
44b6_0113de3b,1,346,593,False,False,4.318496736423452,4.318496736423452,0.0,-3.25,-2.84375,0.0,3,3.410094120564162,0.0572686,0.9414420553032375,0.2934557999999998,0.9080123929112829,2.8968096,0.027322100000000127,0.9891256440263233,2.1455059999999975,0.9677418161725736,0.0,2,2,0,0.392362374014205,4.7108591104376565,0
44b6_0113de3b,1,348,632,False,False,1.8168052317185792,0.8125,1.625,0.0,0.8125,1.625,1,0.0,0.007730740000000069,1.0091972893945167,0.39827900000000005,0.888049472537676,3.1594343,0.014087200000000077,0.9942897126280016,1.0727540000000033,0.982978565950639,0.015873000000000026,1,1,0,0.32144778135308527,2.1382530130716644,0
44b6_0113de3b,1,349,629,False,False,5.658407737606049,2.8726212985703494,4.875,0.40625,2.84375,4.875,1,0.0,0.10351816000000003,0.8924656544069933,1.4757878999999998,0.6734033571872267,3.0429194,0.01696019999999976,0.9932572828433605,1.3409400000000034,0.9799195674564465,0.04761905999999999,2,1,1,0.9254664479371724,6.5838741855432215,0
44b6_0113de3b,1,350,666,False,False,0.9084026158592896,0.9084026158592896,0.0,0.40625,-0.8125,0.0,1,0.0,0.11680453000000002,1.1410021448299892,1.6792105000000004,1.6393008885944675,2.62661,0.06888929999999993,1.028060739570958,5.363771999999997,1.0865799511579597,0.0,2,2,0,1.26289133542573,2.1712939512850196,0
44b6_0113de3b,1,350,658,False,False,1.6750116604071745,0.40625,1.625,0.0,0.40625,1.625,2,0.7666090445478849,0.07368413000000007,1.084543188280334,1.4346365000000003,1.4996619873125954,2.871184,0.020270099999999847,1.0080934557023706,1.6091299999999933,1.024489625711063,0.01587301000000002,2,3,1,0.9143998323864161,2.5894114927935905,0
44b6_0113de3b,1,350,668,False,False,3.040096626753827,2.569350598886808,1.625,2.4375,0.8125,1.625,3,2.1316940108945377,0.03086086999999993,0.9683694528223245,0.9996795,1.3023665585752133,3.306141,0.0033468999999999305,0.9986715271410698,0.26818600000000004,0.9960316352927887,0.01587301000000002,2,3,1,0.7574171324530408,3.797513759206868,0
44b6_0113de3b,1,351,663,False,False,1.6750116604071745,0.40625,1.625,0.0,0.40625,1.625,1,0.0,0.013888900000000093,1.0185027132353413,0.16346500000000042,0.9645492732031756,4.447855,0.019151200000000035,0.9909654184856895,1.0727529999999987,0.973154141558179,0.015873000000000026,1,1,0,0.183688513569722,1.8587001739768965,0
44b6_0113de3b,1,352,644,False,False,1.8168052317185792,0.8125,1.625,0.8125,0.0,1.625,1,0.0,0.00034325000000001715,1.00038757929602,0.15711339999999963,1.0475967624116473,3.3007061,0.0414399999999997,1.016805729378593,3.2182610000000054,1.0512818719145038,0.015872999999999915,2,2,0,0.5128026475706331,2.3296078792892123,0
44b6_0113de3b,1,352,671,False,False,2.03125,2.03125,0.0,-1.21875,-1.625,0.0,2,0.21444476828142078,0.014821059999999942,0.9830499916593177,0.4990815999999998,1.1686766216209228,2.9587379,0.01366069999999997,1.005475589748938,1.0727550000000008,1.0165287861843817,0.0,2,2,0,0.40380942733022634,2.435059427330226,0
44b6_0113de3b,1,353,615,False,False,1.86167137607581,0.9084026158592896,1.625,0.8125,-0.40625,1.625,1,0.0,0.006912000000000029,0.9911053441050932,0.03840869999999974,1.0083646103746944,4.5906043,0.020108399999999804,1.0079963543270125,1.6091300000000075,1.0241933822727904,0.01587302,1,1,0,0.28026466021340946,2.1419360362892195,0
44b6_0113de3b,1,353,612,False,False,2.1877232028983924,1.4647552056572457,1.625,-1.21875,0.8125,1.625,2,0.3260518268225825,0.030263730000000044,0.9622320435088144,0.1117335000000006,0.976429183823299,4.629013,0.0033205000000000595,0.9986871639639378,0.26818999999998994,0.996078263357922,0.01587302,1,2,1,0.12232618719212719,2.3100493900905197,0
44b6_0113de3b,1,354,623,False,False,1.7235727791422095,0.5745242597140698,1.625,0.40625,0.40625,1.625,1,0.0,0.028107409999999944,0.9692744474800198,0.05362270000000002,1.0213082977749233,2.516038,0.02842020000000023,1.0116587646023358,2.1455079999999995,1.0353980621807344,0.015873000000000026,2,3,1,0.35370193028418473,2.077274709426394,0
44b6_0113de3b,1,354,660,False,False,2.6012692214570947,2.03125,1.625,1.21875,-1.625,1.625,2,0.8776964423148852,0.20444764000000004,0.8126742547632054,0.8974758999999999,0.7411456729288575,2.5696607,0.032019700000000206,1.0131553326037077,2.413696999999999,1.0399998395821632,0.015873000000000026,2,2,0,0.9677740953310066,3.5690433167881013,0
44b6_0113de3b,1,354,633,False,False,5.759587794495366,5.525597394173774,1.625,3.25,-4.46875,1.625,3,4.036015015353157,0.057517240000000025,0.9390939802844753,0.16864230000000013,1.0702333633371435,2.4010184,0.06120610000000015,1.0254556879326444,4.559204000000001,1.078340825999181,0.015873000000000026,2,2,0,0.7317974337421156,6.4913852282374815,0
44b6_0113de3b,1,355,673,False,False,1.86167137607581,0.9084026158592896,1.625,0.40625,0.8125,1.625,1,0.0,0.06899319999999998,1.0593872225424747,0.19716159999999983,1.0546448281300367,3.607863,0.01333479999999998,1.0052802026677212,1.0727499999999992,1.015936045464836,0.015873000000000026,2,2,0,0.3043427894834187,2.1660141655592287,0
44b6_0113de3b,1,355,684,False,False,3.1729139308370784,2.7252078475778685,1.625,2.4375,1.21875,1.625,2,1.3112425547612685,0.2306448000000001,1.2306505764994327,1.4289768,1.6014023732924343,2.3760478,0.07516049999999996,1.0305277160976227,5.900144999999995,1.0944204020216703,0.015873000000000026,2,2,0,1.3128262318510042,4.485740162688082,0
44b6_0113de3b,1,356,639,False,False,1.4647552056572457,1.4647552056572457,0.0,0.8125,-1.21875,0.0,1,0.0,0.03153640000000002,1.0362483742133217,0.32815839999999996,1.1196449333797063,2.7426753,0.014376600000000295,1.005913151994916,1.0727530000000058,1.0178569579668355,0.0,2,2,0,0.23773027528335045,1.702485480940596,0
44b6_0113de3b,1,356,662,False,False,4.162823748671087,3.832554834897995,1.625,-3.25,-2.03125,1.625,2,2.6980685430138416,0.04433365,1.0517234347437214,0.5146763000000001,1.2013429558643147,2.5561574,0.003578200000000198,1.0014621377140152,0.26818899999999957,1.004405129970216,0.015873029999999955,2,2,0,0.3229152902250869,4.485739038896174,0
44b6_0113de3b,1,357,614,False,False,1.1490485194281397,1.1490485194281397,0.0,-0.8125,-0.8125,0.0,1,0.0,0.014683139999999928,0.9784067955766583,1.4741888999999997,1.3387531316500096,4.3517694,0.0,0.9999950782043793,0.0,0.9999997153648879,0.0,0,0,0,1.0444355308603297,2.193484050288469,0
44b6_0113de3b,1,358,613,False,False,2.03125,2.03125,0.0,-2.03125,0.0,0.0,1,0.0,0.08632210000000007,1.0839502846663396,0.7701827999999997,1.2548951981999301,3.0215173,0.03721450000000015,1.0149235261791971,2.9500749999999982,1.0454544123860081,0.0,4,2,2,0.6498885503058887,2.6811385503058887,0
44b6_0113de3b,1,358,627,False,False,2.03125,1.21875,1.625,0.0,1.21875,1.625,2,0.0,0.038356499999999905,0.9667192077529374,0.6654119000000005,0.8507059263802965,3.7917001,0.0,0.9999960477815308,0.0,0.9999998526197466,0.015873009999999965,4,3,1,0.41974209163510534,2.450992091635105,0
44b6_0113de3b,1,358,624,False,False,3.494694639736067,3.093907824257213,1.625,1.21875,2.84375,1.625,3,1.4634446397360672,0.04686030000000008,1.043883951156398,0.5801430000000001,1.180638604748442,3.2115571,0.020161799999999896,1.008028405027492,1.609135000000009,1.0242914072161464,0.015873009999999965,4,3,1,0.4255585030968102,3.9202531428328773,0
44b6_0113de3b,1,359,592,False,False,3.447145558284419,1.1490485194281397,3.25,0.8125,0.8125,3.25,1,0.0,0.10181860000000009,0.8866340699418288,0.7517204000000004,0.837450271568376,3.8728876,0.024272599999999755,0.9902597261944397,1.8773180000000025,0.9710742505348864,0.031746019999999986,2,1,1,0.5540665907173427,4.001212149001762,0
44b6_0113de3b,1,360,676,False,False,5.87308811976289,3.2752922102462856,4.875,1.625,2.84375,4.875,1,0.0,0.04953260000000004,0.9455350902053837,1.5132332999999996,0.6658620455140637,3.0155547,0.06795219999999969,0.9732451896636555,5.363770000000002,0.9218748588985184,0.04761905999999999,1,2,1,1.2448594276714458,7.117947547434336,0
44b6_0113de3b,1,361,667,False,False,0.8125,0.8125,0.0,0.0,-0.8125,0.0,1,0.0,0.09051834000000003,0.899553101300774,0.24918899999999988,0.8975267749383699,2.182646,0.024903300000000073,0.9898796927571353,1.877319,0.9699569316792004,0.0,2,3,1,0.4089920082878314,1.2214920082878313,0
44b6_0113de3b,1,361,669,False,False,1.86167137607581,0.9084026158592896,1.625,0.40625,0.8125,1.625,2,1.04917137607581,0.07979364,0.9103864548230214,0.044146999999999714,0.9801702261044197,2.182646,0.010734999999999939,0.9956098875383522,0.8045639999999992,0.9868994256630731,0.015873000000000026,2,3,1,0.3346542937016715,2.1963256697774813,0
44b6_0113de3b,1,361,654,False,False,2.6012692214570947,2.6012692214570947,0.0,1.625,-2.03125,0.0,3,1.7887692214570947,0.053437170000000034,0.9381523429069357,0.18390780000000007,0.9222848756496655,2.182646,0.003588900000000006,0.9985252823779582,0.2681880000000021,0.9955945579342454,0.0,2,4,2,0.2072507579269875,2.8085199793840823,0
44b6_0113de3b,1,361,677,False,False,4.394265616971737,4.0827619710803615,1.625,4.0625,0.40625,1.625,4,3.5817656169717367,0.03057723999999995,0.9636435169436024,0.10557820000000007,0.9538560344915743,2.182646,0.0035994999999999777,1.0014752111510263,0.26818899999999957,1.004444286678142,0.015873000000000026,2,4,2,0.1329016752865018,4.527167292258238,0
44b6_0113de3b,1,362,643,False,False,0.40625,0.40625,0.0,0.0,-0.40625,0.0,1,0.0,0.008271399999999929,0.9929494990222915,0.1124833999999999,1.0297540365009907,3.7800956,0.04076309999999994,0.9838642924351486,3.2182619999999957,0.9523808072342385,0.0,4,4,0,0.5450886353315599,0.9513386353315599,0
44b6_0113de3b,1,362,679,False,False,1.8168052317185792,1.8168052317185792,0.0,-1.625,0.8125,0.0,2,1.4105552317185792,0.16846086000000005,1.1688136506640963,1.5805902,1.6836423098489497,2.3119888,0.006925100000000128,1.002789248556247,0.5363770000000017,1.008403204148994,0.0,4,5,1,1.0215783991329197,2.838383630851499,0
44b6_0113de3b,1,362,680,False,False,2.368824207280903,1.7235727791422095,1.625,1.21875,1.21875,1.625,3,1.9625742072809031,0.2017698000000001,1.2091767906426056,1.4716357000000002,1.6078703376888765,2.4209433,0.020892599999999817,1.0084708502129232,1.6091300000000004,1.0256408483163888,0.015873020000000015,4,4,0,1.014772684279186,3.383596891560089,0
44b6_0113de3b,1,362,678,False,False,2.632800908728193,2.0714766773970688,1.625,2.03125,0.40625,1.625,4,2.226550908728193,0.2316336000000001,1.247811064813537,1.5988346999999998,1.6970339848518212,2.2937443,0.024409499999999973,1.0099115908599936,1.877319,1.0300427482589636,0.015873020000000015,4,4,0,1.1265701248966562,3.7593710336248494,0
44b6_0113de3b,1,363,635,False,False,1.9902104160113323,1.1490485194281397,1.625,-0.8125,0.8125,1.625,1,0.0,0.07952605000000001,0.9112700894008844,1.1443333000000004,0.785222275085152,4.183692,0.055567699999999665,0.9778280808883274,4.291015000000009,0.9349592171202833,0.015873020000000015,3,2,1,0.9107401927905511,2.9009506088018835,0
44b6_0113de3b,1,363,740,False,False,5.28125,5.025034981221523,-1.625,4.875,-1.21875,1.625,2,3.2910395839886677,0.1493433999999999,1.2237156567282528,2.1909343999999997,2.0994379876509432,1.9927576,0.021502000000000354,1.008845896918877,1.6091300000000004,1.026785528503653,0.015873029999999955,3,2,1,1.3634612898788427,6.644711289878843,0
44b6_0113de3b,1,364,665,False,False,1.7235727791422095,0.5745242597140698,1.625,-0.40625,0.40625,1.625,1,0.0,0.023527299999999918,1.0309155768507239,0.5745059999999995,0.9235849205923794,6.943843,0.0,0.9999960632807153,0.0,0.9999998543468578,0.01587301000000002,0,0,0,0.4469490412093933,2.170521820351603,0
44b6_0113de3b,1,365,622,True,True,0.5745242597140698,0.5745242597140698,0.0,-0.40625,0.40625,0.0,1,0.0,0.08392336,1.1174400619917626,0.5738430000000001,1.1329005813058592,4.3177514,0.05303879999999994,1.0255279834044615,2.950072999999996,1.0785711342688884,0.0,1,0,1,0.45353741154322014,1.0280616712572899,1
44b6_0113de3b,1,366,633,False,False,2.03125,1.21875,1.625,1.21875,0.0,1.625,1,0.0,0.0008053000000000088,1.000842010801835,0.12979340000000006,1.0540532548469648,2.4010184,0.01832389999999995,1.0076180168871816,1.3409400000000034,1.0230412576887673,0.015873000000000026,2,2,0,0.1919536686200042,2.223203668620004,0
44b6_0113de3b,1,366,660,False,False,3.374565944310468,2.9575446425202108,1.625,-0.8125,2.84375,1.625,2,1.343315944310468,0.1461251,0.8661098381417613,0.9363248,0.729940810694304,2.5308118,0.010862499999999997,0.9955316246720897,0.8045669999999987,0.9866664770819504,0.015873000000000026,2,2,0,0.6774896567118721,4.0520556010223405,0
44b6_0113de3b,1,366,623,False,False,5.3895152843275245,5.138701197773616,1.625,-1.625,4.875,1.625,3,3.3582652843275245,0.03021513000000009,1.0330069273161304,0.014773799999999948,1.0058678530775247,2.516038,0.014461999999999975,0.9940610892804344,1.0727559999999983,0.9823006884306683,0.015873000000000026,2,3,1,0.2072351225102388,5.596750406837764,0
44b6_0113de3b,1,367,638,False,False,2.1877232028983924,1.4647552056572457,1.625,0.8125,1.21875,1.625,1,0.0,0.03710809999999998,0.9607696061339523,0.48691070000000014,0.8349410557160594,2.46306,0.027247599999999927,0.9891698219721147,2.1455100000000016,0.9678713079303145,0.015873030000000066,2,1,1,0.43347247211001083,2.621195675008403,0
44b6_0113de3b,1,367,675,False,False,6.3066959703556345,6.09375,-1.625,-3.65625,4.875,1.625,2,4.118972767457242,0.09811930000000002,1.1209837898322332,0.16313470000000008,1.0709257777816619,2.2999253,0.03492139999999999,1.0142225560285534,2.6818820000000017,1.0432898303041596,0.015873020000000015,2,3,1,0.5243971013194669,6.8310930716751015,0
44b6_0113de3b,1,368,706,False,False,6.700046641628698,1.625,6.5,1.625,0.0,6.5,1,0.0,0.08309390000000005,1.090886765088431,1.2680381999999994,1.4555628774522154,2.7834218,0.33254980000000023,0.865482070062947,22.259642999999997,0.648304988474936,0.06349207,2,2,0,2.5242342748428617,9.22428091647156,0
44b6_0113de3b,1,368,709,False,False,6.894291116568838,2.2980970388562794,6.5,-1.625,1.625,6.5,2,0.19424447494013997,0.07633040000000002,1.0828749013612502,1.6218914999999998,1.6675567387511867,2.4295685,0.3255465000000002,0.8679407570252957,21.723267,0.653846045980476,0.06349207,2,5,3,2.558044051482017,9.452335168050855,0
44b6_0113de3b,1,369,685,False,False,1.9902104160113323,1.1490485194281397,1.625,-0.8125,0.8125,1.625,1,0.0,0.025394619999999923,0.9696861469943764,0.1724300000000003,0.936545930494464,2.5451162,0.007167100000000204,0.99706335279014,0.5363770000000017,0.9912279073523544,0.015873000000000026,3,2,1,0.13285690553226134,2.123067321543594,0
44b6_0113de3b,1,369,713,False,False,4.182599744775969,4.182599744775969,0.0,-3.65625,-2.03125,0.0,2,2.1923893287646363,0.03762693000000006,1.048535995177487,0.6303318999999998,1.3291851767054037,1.9147843,0.05891869999999999,1.0247734989455786,4.291015999999999,1.0761902918682469,0.0,3,2,1,0.6390519277804889,4.821651672556458,0
44b6_0113de3b,1,370,743,False,False,1.6750116604071745,0.40625,1.625,0.0,0.40625,1.625,1,0.0,0.051820059999999946,1.084096032006124,1.6580181,1.8172775474300862,2.0286865,0.019690700000000394,0.9905829024088747,1.0727520000000013,0.9720277681691529,0.01587301000000002,1,2,1,1.0921594039303781,2.7671710643375524,0
44b6_0113de3b,1,370,741,False,False,6.550584420492571,5.6875,-3.25,0.0,5.6875,3.25,2,4.875572760085396,0.013575740000000058,0.9800642984900905,0.6038320000000001,1.19586279412651,3.0828726,0.053283700000000156,0.974927773572443,2.9500700000000037,0.9266665142034408,0.03174603999999999,1,2,1,0.5538104622525036,7.1043948827450745,0
44b6_0113de3b,1,370,656,False,False,6.700046641628698,5.859020822628983,3.25,4.875,-3.25,3.25,3,5.025034981221523,0.27220189000000006,0.7104449342602024,1.0042772000000002,1.374386071414006,2.6824274,0.43434740000000005,0.8267194011562826,28.696165000000008,0.5650405934122149,0.03174603000000001,1,2,1,3.080008160620823,9.780054802249522,0
44b6_0113de3b,1,371,671,False,False,1.8168052317185792,1.8168052317185792,0.0,0.8125,-1.625,0.0,1,0.0,0.013491629999999977,0.9845693604426922,0.06056090000000003,1.0204650419861725,2.9587379,0.0034383999999998416,0.9986167724958985,0.26819000000000415,0.995867591594786,0.0,2,2,0,0.09319014711137397,1.909995378829953,0
44b6_0113de3b,1,371,644,False,False,3.2752922102462856,2.84375,1.625,2.84375,0.0,1.625,2,1.4584869785277064,0.001672679999999982,1.0019337444678362,0.28140730000000014,0.9147405316076714,3.0192988,0.024340899999999888,1.0098696239666332,1.8773160000000004,1.029914312412652,0.015872999999999915,2,2,0,0.3661372853983666,3.641429495644652,0
44b6_0113de3b,1,372,707,False,False,2.368824207280903,1.7235727791422095,1.625,1.21875,1.21875,1.625,1,0.0,0.03340635000000003,1.0479376621706322,0.12153539999999996,1.0310661997127373,3.9118106,0.016823699999999775,0.9933381651031088,1.3409460000000024,0.9801585315801757,0.01587302,1,1,0,0.28059437935455556,2.6494185866354587,0
44b6_0113de3b,1,373,591,False,False,4.162823748671087,2.6012692214570947,3.25,1.625,2.03125,3.25,1,0.0,0.01614519999999997,0.9847606412657859,0.9425177999999996,0.7724527689858484,3.1995916,0.0033381000000001215,0.9986767577343433,0.26818900000000667,0.9960472763429121,0.03174603000000001,2,0,2,0.6226565010744134,4.7854802497455005,0
44b6_0113de3b,1,374,805,False,False,3.350023320814349,0.8125,3.25,0.0,0.8125,3.25,1,0.0,0.28333792,1.741987326544491,8.8675178,8.264166730563424,1.2207092,0.1225478000000002,1.0631707045985017,6.168333999999998,1.2017539636291512,0.03174599999999994,1,1,0,5.751947297087557,9.101970617901905,0
44b6_0113de3b,1,375,659,False,False,2.1877232028983924,1.4647552056572457,1.625,0.8125,1.21875,1.625,1,0.0,0.015874999999999972,1.0189739727085745,0.1557390999999999,0.9532956629817156,3.1790397,0.030612199999999756,1.012292155003696,2.4137000000000057,1.0373442969064153,0.015873040000000005,2,1,1,0.42765145702697077,2.6153746599253633,0
44b6_0113de3b,1,376,688,False,False,1.8168052317185792,0.8125,1.625,-0.8125,0.0,1.625,1,0.0,0.031601270000000015,1.039645800908549,0.1281471999999999,0.9429969594155816,2.1200948,0.029635499999999926,1.0124194234072394,2.1455080000000066,1.0377356698550215,0.015873000000000026,2,2,0,0.32908181853925655,2.1458870502578358,0
44b6_0113de3b,1,376,651,False,False,4.021669817998489,3.6787502123683256,1.625,3.65625,-0.40625,1.625,2,2.2048645862799097,0.041434300000000035,0.9523559350539901,0.7044439000000002,0.7505959447610161,2.1200948,0.04313480000000025,0.9824485281225552,3.2182619999999957,0.9482757055048304,0.015873000000000026,2,2,0,0.5883381183852563,4.610007936383745,0
44b6_0113de3b,1,377,653,False,False,2.7252078475778685,2.1877232028983924,1.625,0.8125,2.03125,1.625,1,0.0,0.05399374000000001,0.9432531776229907,0.3741941,0.8590744372567253,2.2811275,0.08796469999999967,0.9649037665777161,6.704712000000008,0.8983738459060808,0.015873000000000026,2,1,1,0.9987720987465506,3.723979946324419,0
44b6_0113de3b,1,377,625,False,False,4.0827619710803615,3.7454399357752353,1.625,3.65625,-0.8125,1.625,2,1.357554123502493,0.01762315999999997,0.9807349024483442,0.14262909999999973,0.9411498202838509,2.2811275,0.057014999999999816,0.9769663059771275,4.291017000000004,0.9324892842556121,0.015873000000000026,2,2,0,0.6147665030096209,4.6975284740899825,0
44b6_0113de3b,1,378,679,False,False,2.333728575156074,1.6750116604071745,1.625,0.40625,1.625,1.625,1,0.0,0.0032370400000000243,0.9967459668875995,0.30774619999999997,1.1331039618186654,2.3119888,0.010373400000000199,1.0041801417893899,0.8045630000000017,1.0126048453907226,0.01587299999999997,4,5,1,0.24404365056783905,2.5777722257239133,0
44b6_0113de3b,1,378,643,False,False,2.632800908728193,2.0714766773970688,1.625,2.03125,0.40625,1.625,2,0.29907233357211904,0.1799693,0.8467717740216274,1.1603606000000002,0.6930322264012941,2.619735,0.03731479999999987,0.9852289362909231,2.9500759999999957,0.956349023976353,0.01587299999999997,4,4,0,0.9101120773451771,3.5429129860733704,0
44b6_0113de3b,1,378,680,False,False,5.025034981221523,3.832554834897995,3.25,3.25,2.03125,3.25,3,2.6913064060654492,0.03007190000000004,1.0311670202023344,0.19879170000000013,1.0821088535660726,2.4209433,0.024340899999999888,1.0098696239666332,1.8773160000000004,1.029914312412652,0.031746019999999986,4,4,0,0.3026125637484326,5.327647544969956,0
44b6_0113de3b,1,378,678,False,False,5.343384490423649,4.241374519244911,3.25,4.0625,1.21875,3.25,4,3.0096559152675746,0.059935700000000036,1.0641137238463463,0.32599069999999974,1.1421166600101849,2.2937443,0.027857800000000044,1.0113123629562462,2.145505,1.0343345534357238,0.031746019999999986,4,4,0,0.3856812595805378,5.729065750004186,0
44b6_0113de3b,1,379,635,False,False,1.1490485194281397,1.1490485194281397,0.0,-0.8125,-0.8125,0.0,1,0.0,0.05876565,0.9344302593615736,0.2463723,0.9537573822005272,5.081653,0.05912519999999999,0.9764088677463697,4.559205000000006,0.9308941539802384,0.0,2,2,0,0.7090345847121418,1.8580831041402814,0
44b6_0113de3b,1,379,740,False,False,6.512682938889317,5.6438053707139835,-3.25,4.875,-2.84375,3.25,2,5.363634419461178,0.17010379999999992,1.2548167132898875,3.0888954,2.550047983517998,1.9927576,0.01794450000000003,1.0073816647260188,1.3409400000000034,1.022321218266135,0.03174604999999997,2,2,0,1.932421361617631,8.445104300506948,0
44b6_0113de3b,1,380,646,False,False,3.471001521535247,1.21875,3.25,-1.21875,0.0,3.25,1,0.0,0.0634053,1.0640427400808474,0.5547651999999998,1.244090137077712,2.2727373,0.04410120000000006,1.017734920870578,3.4864510000000024,1.0541665157052773,0.031746039999999975,2,2,0,0.6346367710260763,4.1056382925613235,0
44b6_0113de3b,1,380,603,False,False,6.9181882111576005,2.368824207280903,6.5,1.21875,2.03125,6.5,2,3.4471866896223533,0.016650399999999843,0.9844287497819985,0.010898800000000097,1.0038659188514207,2.8166037,0.01326470000000013,0.9947809096260365,1.0727550000000008,0.9844356393123195,0.06349208999999995,2,2,0,0.19708636024743342,7.115274571405034,0
44b6_0113de3b,1,381,682,False,False,1.9902104160113323,1.1490485194281397,1.625,0.8125,0.8125,1.625,1,0.0,0.003974849999999974,0.9952594628727619,0.21484139999999963,1.0778866480575722,2.7582471,0.034822999999999826,0.9860277335429862,2.6818830000000062,0.9586775645970007,0.015873010000000007,2,1,1,0.4550767499004694,2.4452871659118016,0
44b6_0113de3b,1,381,698,False,False,2.4375,1.8168052317185792,1.625,-1.625,0.8125,1.625,2,0.4472895839886677,0.09542267999999998,0.8976086206249287,0.6127200000000004,0.8291240897998601,2.9730885,0.04167200000000015,0.9833262596010414,3.2182630000000003,0.950819508542437,0.015873010000000007,2,2,0,0.6139638570975158,3.0514638570975157,0
44b6_0113de3b,1,382,654,False,False,1.8168052317185792,1.8168052317185792,0.0,-1.625,-0.8125,0.0,1,0.0,0.05202389000000007,0.9397877532909932,0.052502599999999955,0.9778106130077711,2.3140512,0.003588900000000006,0.9985252823779582,0.2681880000000021,0.9955945579342454,0.0,3,4,1,0.20789593005015214,2.024701161768731,0
44b6_0113de3b,1,382,677,False,False,2.4375,1.8168052317185792,1.625,0.8125,1.625,1.625,2,0.6206947682814208,0.02916395999999999,0.9653233641731643,0.025827000000000044,1.0112824989679814,2.2882242,0.0035994999999999777,1.0014752111510263,0.26818899999999957,1.004444286678142,0.015873000000000026,3,4,1,0.14150911178215927,2.579009111782159,0
44b6_0113de3b,1,382,667,False,False,3.2752922102462856,3.2752922102462856,0.0,-3.25,0.40625,0.0,3,1.4584869785277064,0.08910506000000007,0.9011212245315064,0.11778379999999977,0.9515619622138747,2.3140512,0.024903300000000073,0.9898796927571353,1.877319,0.9699569316792004,0.0,3,3,0,0.41668994672584386,3.6919821569721294,0
44b6_0113de3b,1,382,669,False,False,3.8540258983302125,3.494694639736067,1.625,-2.84375,2.03125,1.625,4,2.037220666611633,0.07838036000000004,0.9119734630237465,0.0872582000000004,1.0391809244014851,2.226793,0.010734999999999939,0.9956098875383522,0.8045639999999992,0.9868994256630731,0.015873000000000026,3,3,0,0.37101529671349837,4.225041195043711,0
44b6_0113de3b,1,383,660,False,False,2.0714766773970688,1.284675299443404,1.625,0.40625,1.21875,1.625,1,0.0,0.048176100000000055,0.9558515050229733,0.05748640000000016,1.0165774357507698,3.4671366,0.03902300000000025,1.0160335457960696,2.950072999999996,1.0488887112360779,0.015873000000000026,2,2,0,0.5066591855090454,2.578135862906114,0
44b6_0113de3b,1,383,633,False,False,3.350023320814349,2.9295104113144914,1.625,2.4375,-1.625,1.625,2,1.2785466434172803,0.09875429999999996,1.1045439044632712,1.1236046000000002,1.4679638941380286,2.4010184,0.0682094000000002,1.0283688444785466,5.095579999999998,1.0875573978068593,0.015873000000000026,2,2,0,0.9294677649457231,4.279491085760072,0
44b6_0113de3b,1,383,623,False,False,3.65625,3.2752922102462856,1.625,-0.40625,3.25,1.625,3,1.5847733226029312,0.12816413000000004,1.1400415775125587,1.008585,1.400856819901687,2.516038,0.035423500000000274,1.0145327262829835,2.6818839999999966,1.044247602474062,0.015873000000000026,2,3,1,0.729104132755872,4.385354132755872,0
44b6_0113de3b,1,384,699,False,False,4.737648414561806,3.447145558284419,-3.25,-2.4375,-2.4375,3.25,1,0.0,0.16862564000000002,1.244595094858119,4.1523633,4.279901734542824,1.2659893,0.4818834000000001,1.2383876211668627,31.109867,1.8992243771108275,0.031746030000000036,1,3,2,3.508206325022081,8.245854739583887,0
44b6_0113de3b,1,384,670,False,False,5.154734625807618,1.6750116604071745,4.875,-0.40625,1.625,4.875,2,0.41708621124581136,0.033114489999999996,0.9628276879533135,1.0836676,1.2499962742476691,4.334685,0.006793300000000002,0.9972895896186179,0.5363699999999909,0.99190278878111,0.04761904,1,1,0,0.8259347293452064,5.980669355152824,0
44b6_0113de3b,1,385,576,False,False,0.8125,0.8125,0.0,0.0,0.8125,0.0,1,0.0,0.47519966,0.6577407676692598,1.6931425999999998,0.6622458978544116,3.3198216,0.10790539999999993,0.9495648002635155,5.900147000000004,0.8562089293974653,0.0,0,1,1,1.8510110859044842,2.663511085904484,0
44b6_0113de3b,1,386,696,False,False,3.374565944310468,0.9084026158592896,3.25,0.8125,-0.40625,3.25,1,0.0,0.012032500000000002,0.984286448165765,0.3789102999999998,1.1567635603165007,2.4170077,0.003567899999999735,1.0014557825734571,0.2681869999999975,1.0043857764822182,0.03174600000000005,1,3,2,0.28649259389250986,3.661058538202978,0
44b6_0113de3b,1,386,758,False,False,5.58501412822743,4.5420130792964475,3.25,4.46875,-0.8125,3.25,2,2.2104481839169616,0.14071009999999995,1.2292898976768076,1.80024035,2.8080271960790113,0.99567765,0.09251929999999975,1.0392816436606946,6.704709999999999,1.122548777692602,0.03174600000000005,1,3,2,1.3069500949785875,6.891964223206017,0
44b6_0113de3b,1,387,675,False,False,2.0714766773970688,1.284675299443404,1.625,0.40625,1.21875,1.625,1,0.0,0.035597760000000034,0.9560901795014682,0.09428809999999999,0.9589996727299241,2.2056372,0.0,0.9999959260997758,0.0,0.999999838583533,0.015873009999999965,3,3,0,0.13860904445294459,2.2100857218500134,0
44b6_0113de3b,1,387,705,False,False,3.8540258983302125,2.0714766773970688,3.25,-2.03125,0.40625,3.25,2,1.7825492209331437,0.12785071000000003,0.8584331014033989,0.17577379999999998,0.9261853322029158,2.2056372,0.06553359999999975,0.9739925318145447,5.095582000000007,0.9239998490613989,0.03174602999999998,3,2,1,0.8993070675289074,4.75333296585912,0
44b6_0113de3b,1,388,793,False,False,3.471001521535247,1.21875,3.25,0.0,1.21875,3.25,1,0.0,0.12853576,1.247627891993454,0.52441556,2.05923025963349,0.49507174,0.0980738000000001,1.049423793615526,5.095580999999996,1.1557373506846356,0.03174605000000008,1,3,2,0.7974207749627051,4.268422296497953,0
44b6_0113de3b,1,389,678,False,False,2.1877232028983924,1.4647552056572457,1.625,-0.8125,1.21875,1.625,1,0.0,0.003601950000000076,1.0038429803968896,0.047009999999999774,1.0204904248026911,2.2937443,0.017484399999999845,1.0070984693671539,1.3409419999999983,1.0214590578899843,0.015873020000000015,4,4,0,0.20347307433084233,2.3911962772292346,0
44b6_0113de3b,1,389,643,False,False,2.8726212985703494,2.8726212985703494,0.0,-2.84375,0.40625,0.0,2,0.684898095671957,0.23630304999999996,0.7988111442424853,1.4393413000000002,0.6192298701919862,2.3407543,0.04768820000000007,0.9811237260210827,3.7546389999999974,0.944444299767461,0.0,4,4,0,1.1566272569475418,4.029248555517891,0
44b6_0113de3b,1,389,680,False,False,3.0671202393287422,2.6012692214570947,1.625,-1.625,2.03125,1.625,3,0.8793970364303498,0.02626184999999992,0.9727623576785668,0.08018899999999984,0.9668729669424024,2.3407543,0.013967499999999688,1.0056617419213543,1.0727529999999987,1.0170938404503502,0.015873020000000015,4,4,0,0.2084315281562798,3.275551767485022,0
44b6_0113de3b,1,389,679,False,False,4.755034338729848,4.755034338729848,0.0,-4.46875,1.625,0.0,4,2.5673111358314555,0.059570789999999985,0.9402908915433803,0.0287655,1.0124375064554532,2.3119888,0.0,0.9999959664378588,0.0,0.9999998433310746,0.0,4,5,1,0.2628411680066206,5.017875506736469,0
44b6_0113de3b,1,390,684,False,False,2.4375,1.8168052317185792,1.625,-0.8125,1.625,1.625,1,0.0,0.032579460000000005,0.9674083107284539,0.29171289999999983,0.8772239884063426,2.0843349,0.021314400000000067,0.9913375795350376,1.6091309999999979,0.9742487688621442,0.015873000000000026,2,2,0,0.2771834766162389,2.714683476616239,0
44b6_0113de3b,1,390,673,False,False,3.494694639736067,3.093907824257213,1.625,-2.84375,1.21875,1.625,2,1.0571946397360672,0.19423106000000012,0.8327790381265844,1.5235281,0.577718478449768,2.0843349,0.08314010000000005,0.9670502086454362,6.4365259999999935,0.9043823010868849,0.015873000000000026,2,2,0,1.3213928392460654,4.816087478982133,0
44b6_0113de3b,1,391,648,False,False,0.9084026158592896,0.9084026158592896,0.0,0.40625,-0.8125,0.0,1,0.0,0.06842296000000003,0.9273877705200522,0.7316552999999995,0.8237333774040867,3.4192357,0.006649799999999928,0.9973748009509182,0.5363749999999925,0.9921567460523452,0.0,2,0,2,0.46427589335831926,1.3726785092176088,0
44b6_0113de3b,1,392,618,False,False,1.8168052317185792,0.8125,1.625,0.0,0.8125,1.625,1,0.0,0.10291850000000002,1.1277850620698509,1.0342660000000006,0.7998132721402842,4.1322803,0.02859820000000024,0.9865709376995004,1.6091300000000004,0.9602646847984527,0.01587303000000001,0,0,0,0.9952029485546225,2.8120081802732018,0
44b6_0113de3b,1,393,662,False,False,1.6750116604071745,0.40625,1.625,0.0,-0.40625,1.625,1,0.0,0.014894049999999992,1.0173689258194505,0.06415149999999992,1.0250928401637545,2.5561574,0.032687699999999875,0.9866014964599648,2.4136960000000016,0.960352269790364,0.015873029999999955,2,2,0,0.3494332192758772,2.0244448796830516,0
44b6_0113de3b,1,393,639,False,False,4.0827619710803615,4.0827619710803615,0.0,4.0625,0.40625,0.0,2,2.407750310673187,0.0020968000000000098,1.0023993575958041,0.12236640000000021,0.955380808727855,2.6203089,0.02188929999999978,0.9909864623862108,1.6091319999999953,0.9732141052827478,0.0,2,2,0,0.2293766651441275,4.312138636224489,0
44b6_0113de3b,1,394,638,False,False,4.33756303988772,2.8726212985703494,3.25,-0.40625,2.84375,3.25,1,0.0,0.06044100000000008,1.0638699699531802,0.04106330000000025,0.9860767563665754,2.9089074,0.027247599999999927,0.9891698219721147,2.1455100000000016,0.9678713079303145,0.03174605000000008,2,1,1,0.4628978184457785,4.800460858333499,0
44b6_0113de3b,1,395,732,False,False,3.471001521535247,1.21875,3.25,0.0,1.21875,3.25,1,0.0,0.08307935,1.123505869473926,0.14392139999999998,1.0268173512220775,5.366344,0.03351550000000003,1.0133665343437412,2.681884999999994,1.0406502524654457,0.03174603000000001,0,1,1,0.5284842987030295,3.999485820238277,0
44b6_0113de3b,1,395,730,False,False,3.832554834897995,2.03125,3.25,-1.21875,1.625,3.25,2,0.361553313362748,0.09808970000000006,1.1491515912795933,1.0176631,1.2265170088235748,4.4926023,0.020002400000000087,1.007932913464486,1.6091299999999933,1.0239998341465173,0.03174603000000001,0,2,2,0.6721777959747236,4.504732630872719,0
44b6_0113de3b,1,396,677,False,False,0.9084026158592896,0.9084026158592896,0.0,-0.40625,-0.8125,0.0,1,0.0,0.020552339999999947,0.9755592735464238,0.040017300000000144,0.9825073412502967,2.2482069,0.003610000000000113,0.9985122539722202,0.2681870000000046,0.9955554150242274,0.0,2,4,2,0.08312231024803825,0.9915249261073279,0
44b6_0113de3b,1,396,669,False,False,4.0827619710803615,4.0827619710803615,0.0,-4.0625,-0.40625,0.0,2,3.174359355221072,0.06976874,0.9216436710232435,0.021413900000000208,1.0096119414245446,2.226793,0.01794450000000003,0.9926642834627589,1.3409400000000034,0.9781658179892687,0.0,2,3,1,0.34101779814431327,4.423779769224675,0
44b6_0113de3b,1,396,654,False,False,4.614113030962723,4.318496736423452,-1.625,-2.84375,-3.25,1.625,3,3.7057104151034332,0.04341227000000003,0.9497528930874647,0.11834690000000014,0.9499878684867907,2.2482069,0.010798400000000097,0.995571052836679,0.8045640000000063,0.986784002324356,0.015873000000000026,2,4,2,0.18677049445638508,4.800883525419108,0
44b6_0113de3b,1,396,667,False,False,5.170718337426629,4.908737426772795,-1.625,-4.46875,-2.03125,1.625,4,4.262315721567339,0.08049344000000003,0.9106763596613037,0.18362809999999996,0.9244861000598311,2.2482069,0.03211280000000016,0.9869510419935899,2.413695000000004,0.9613732573133128,0.015873000000000026,2,3,1,0.43070106349359233,5.601419400920221,0
44b6_0113de3b,1,397,717,False,False,1.9902104160113323,1.1490485194281397,1.625,0.8125,0.8125,1.625,1,0.0,0.006552699999999967,1.0082105531842482,0.4704219999999997,1.2137621020276297,2.2006233,0.06499379999999988,1.0263601292974325,5.095581000000003,1.0811964074129892,0.01587301000000002,0,1,1,0.8578208166440066,2.8480312326553388,0
44b6_0113de3b,1,398,580,False,False,1.1490485194281397,1.1490485194281397,0.0,0.8125,0.8125,0.0,1,0.0,0.1491013,0.8688090781813125,1.7797166,0.6249393067004392,2.965443,0.02356669999999994,0.9889812244255484,1.3409419999999983,0.967320035092861,0.0,1,2,1,1.1100158958549582,2.259064415283098,0
44b6_0113de3b,1,399,708,False,False,0.0,0.0,0.0,0.0,0.0,0.0,1,0.0,0.01962554999999999,1.021785526808191,0.683427,1.2653452022595324,2.575567,0.05684969999999989,0.9770652866721184,4.2910169999999965,0.9327729411208254,0.0,3,2,1,0.8124642306765997,0.8124642306765997,0
44b6_0113de3b,1,399,704,False,False,2.8726212985703494,2.368824207280903,1.625,2.03125,-1.21875,1.625,2,2.8726212985703494,0.07512695000000003,1.0889071357915758,0.7665639999999998,1.3075516361477106,2.49243,0.007296300000000144,1.0030170362363182,0.5363749999999996,1.0090907049357665,0.01587303000000001,3,1,2,0.4859664335325864,3.3585877321029356,0
44b6_0113de3b,1,400,685,False,False,1.4647552056572457,1.4647552056572457,0.0,1.21875,-0.8125,0.0,1,0.0,0.03464119999999993,0.9586527417741942,0.5180782000000002,0.8093551110368941,2.199468,0.003567899999999735,1.0014557825734571,0.2681869999999975,1.0043857764822182,0.0,3,2,1,0.3344007463704892,1.799155952027735,0
44b6_0113de3b,1,400,713,False,False,4.318496736423452,4.0010984819796676,-1.625,-1.625,-3.65625,1.625,2,2.853741530766206,0.028380350000000054,1.0366054106697071,0.2846837,1.1486706431077218,1.9147843,0.06965369999999993,1.029288002086554,5.095579999999998,1.0904759782519722,0.015873000000000026,3,2,1,0.6731353526753097,4.991632089098761,0
44b6_0113de3b,1,401,704,False,False,1.86167137607581,0.9084026158592896,1.625,0.40625,0.8125,1.625,1,0.0,0.016396549999999954,0.9805814883495501,0.21765999999999996,1.0873240679815763,2.49243,0.025890599999999875,0.9892753456840395,1.877319,0.9681816598652829,0.01587303000000001,3,1,2,0.3141186812112077,2.1757900572870175,0
44b6_0113de3b,1,401,708,False,False,2.6012692214570947,2.6012692214570947,0.0,-1.625,2.03125,0.0,2,0.7395978453812848,0.07189794999999999,0.9201372088752514,0.13452300000000017,1.052226355492381,2.575567,0.09003659999999991,0.963679144329808,6.704710999999996,0.8949578566074188,0.0,3,2,1,0.9852661427325323,3.586535364189627,0
44b6_0113de3b,1,402,598,False,False,0.40625,0.40625,0.0,0.0,-0.40625,0.0,1,0.0,0.15095757999999992,0.8137089898236736,0.46296930000000014,0.9138189024482408,4.9091883,0.05279709999999982,0.9752661389694973,2.9500750000000053,0.9276313110424567,0.0,0,0,0,0.5956958925021345,1.0019458925021345,0
44b6_0113de3b,1,403,619,False,False,1.7235727791422095,0.5745242597140698,1.625,0.40625,-0.40625,1.625,1,0.0,0.04160710000000001,0.9435852639646707,1.2940844999999994,0.8023318555383556,5.252709,0.0033205000000000595,0.9986871639639378,0.26818999999998994,0.996078263357922,0.015873040000000005,1,1,0,0.8325520256358597,2.556124804778069,0
44b6_0113de3b,1,404,700,False,False,1.7235727791422095,0.5745242597140698,1.625,0.40625,0.40625,1.625,1,0.0,0.01693146000000001,1.0225082060738448,0.027344699999999555,1.0066445873207777,4.1138196,0.0034383999999998416,0.9986167724958985,0.26819000000000415,0.995867591594786,0.015873020000000015,1,2,1,0.0841824027643816,1.8077551819065911,0
44b6_0113de3b,1,404,702,False,False,2.368824207280903,1.7235727791422095,1.625,-1.21875,1.21875,1.625,2,0.6452514281386936,0.009911359999999925,1.0130485227674673,0.1291177000000001,0.9697613886825539,4.1411643,0.023873800000000056,0.9904975855055375,1.8773199999999974,0.9717740365279297,0.015873020000000015,1,3,2,0.32484896839988575,2.693673175680789,0
44b6_0113de3b,1,405,670,False,False,4.021669817998489,2.368824207280903,3.25,2.03125,1.21875,3.25,1,0.0,0.009307469999999984,1.010433623463628,0.9827081000000004,0.773290139213947,3.3519769,0.4035204000000001,0.8392349322588635,27.087031999999994,0.591093067659221,0.031746030000000036,1,1,0,2.7689410770209633,6.7906108950194515,0
44b6_0113de3b,1,405,699,False,False,5.6438053707139835,2.84375,-4.875,0.0,-2.84375,4.875,2,1.6221355527154948,0.2110476,1.306132703885771,2.0859876,2.6476925382186227,1.2659893,0.08515629999999996,1.0421227316306731,4.559204999999999,1.1317826463812353,0.04761904,1,3,2,1.3728201794326684,7.016625550146652,0
44b6_0113de3b,1,406,694,False,False,0.8125,0.8125,0.0,0.0,0.8125,0.0,1,0.0,0.012343279999999957,0.984165714266158,0.5148796,0.7906290944092366,1.9443327,0.007043700000000097,0.9971387262052188,0.5363770000000017,0.9914528327869376,0.0,1,1,0,0.3378808146797058,1.1503808146797059,0
44b6_0113de3b,1,407,648,False,False,1.9902104160113323,1.1490485194281397,1.625,0.8125,0.8125,1.625,1,0.0,0.07901259999999999,0.9161514105877909,1.0738309999999998,0.7412992986342003,3.07706,0.05420880000000006,0.9786277152163195,4.29101399999999,0.9372547872750321,0.015873030000000066,2,0,2,0.9133125798250399,2.903522995836372,0
44b6_0113de3b,1,408,698,False,False,2.333728575156074,1.6750116604071745,1.625,1.625,0.40625,1.625,1,0.0,0.07030102999999999,0.9245620750985719,0.22763450000000018,0.9365153311580047,3.358174,0.031121600000000083,0.9875466576314904,2.4136979999999966,0.9631145817414958,0.015873010000000007,1,2,1,0.4333168411626436,2.7670454163187177,0
44b6_0113de3b,1,408,682,False,False,4.394265616971737,4.0827619710803615,1.625,4.0625,0.40625,1.625,2,2.0605370418156626,0.02114680000000002,1.0251451836709056,0.5999268999999998,1.217498542829818,2.7582471,0.024272599999999755,0.9902597261944397,1.8773180000000025,0.9710742505348864,0.015873010000000007,1,1,0,0.5126310071505821,4.906896624122319,0
44b6_0113de3b,1,409,695,False,False,3.0671202393287422,2.6012692214570947,1.625,2.03125,1.625,1.625,1,0.0,0.01625591999999998,1.019887258057418,0.4657389999999997,0.8187045672962112,2.1032567,0.02497600000000011,0.9898355983495153,1.8773199999999974,0.969827419874822,0.015873040000000005,5,1,4,0.4345063336640702,3.501626572992812,0
44b6_0113de3b,1,409,630,False,False,6.662995408410545,4.5420130792964475,4.875,2.03125,-4.0625,4.875,2,3.5958751690818027,0.14430666000000003,0.8523559646261176,1.8048400999999998,0.538177897287761,2.1032567,0.09701350000000009,0.9616541931358265,7.509278000000002,0.8893279232007394,0.047619039999999946,5,1,4,1.513857349845578,8.176852758256123,0
44b6_0113de3b,1,410,590,False,False,0.0,0.0,0.0,0.0,0.0,0.0,1,0.0,0.3990015,0.6749378081891804,1.6270929,0.6560429557634107,3.1034381,0.10323359999999981,0.9516426227782097,5.6319600000000065,0.8618418502693262,0.0,1,1,0,1.5963938794837196,1.5963938794837196,0
44b6_0113de3b,1,411,718,False,False,1.6750116604071745,0.40625,1.625,0.40625,0.0,1.625,1,0.0,0.03940231000000005,1.058749691075133,0.33285240000000016,1.1546714301381271,2.151922,0.02497600000000011,1.010260515836892,1.8773199999999974,1.0311109513561578,0.015873020000000015,2,1,1,0.31900193492254886,1.9940135953297233,0
44b6_0113de3b,1,411,750,False,False,4.4502457797294745,4.1429533547941375,1.625,4.0625,0.8125,1.625,2,2.7752341193223,0.057041700000000084,1.0873551633143637,0.44201900000000016,1.2163777592865046,2.0427554,0.0504753,1.0209598599367191,3.7546389999999974,1.0642200069518397,0.015873020000000015,2,2,0,0.5573051251262968,5.007550904855771,0
44b6_0113de3b,1,412,650,False,False,2.1877232028983924,1.4647552056572457,1.625,-0.8125,1.21875,1.625,1,0.0,0.06195963000000004,0.9239957767057402,0.33537380000000017,0.8838138742773525,2.5512242,0.010894999999999655,0.9955116086962428,0.8045669999999987,0.9866069527649376,0.015873000000000026,2,2,0,0.27162220752466626,2.4593454104230585,0
44b6_0113de3b,1,412,754,False,False,6.858289350304491,6.039340428598143,3.25,-4.46875,4.0625,3.25,2,4.670566147406099,0.02834523,1.039080935843927,0.8792935,1.5259059128113812,1.6719307,0.05219180000000012,1.0220500684086324,3.754638,1.0676326453964489,0.03174600000000005,2,5,3,0.6913611342548311,7.549650484559322,0
44b6_0113de3b,1,413,650,False,False,1.284675299443404,1.284675299443404,0.0,-1.21875,0.40625,0.0,1,0.0,0.04273406000000002,0.9475754642920534,0.11447099999999999,1.03965242249727,2.886598,0.025576399999999833,0.9894688881013797,1.8773199999999974,0.9687498283373752,0.0,2,2,0,0.3289095438863341,1.6135848433297382,0
44b6_0113de3b,1,413,754,False,False,6.080193253507654,5.859020822628983,1.625,-4.875,3.25,1.625,2,4.79551795406425,0.047570800000000024,1.06559751141903,1.3291383,1.7949613882836872,1.6719307,0.037510399999999944,1.0158462602928813,2.681885000000001,1.048308993826446,0.015873000000000026,2,5,3,0.8730601046637056,6.95325335817136,0
44b6_0113de3b,1,414,727,False,False,3.471001521535247,1.21875,3.25,0.0,1.21875,3.25,1,0.0,0.02537020000000001,1.0369522340771515,0.05814900000000023,0.9788748790896572,2.694914,0.057832799999999907,1.023355943581688,4.559200000000004,1.071729723470548,0.03174603000000001,2,3,1,0.7564780926271953,4.2274796141624424,0
44b6_0113de3b,1,414,682,False,False,6.942003043070494,4.942244555867304,-4.875,0.8125,-4.875,4.875,2,3.471001521535247,0.12892340000000002,0.8466156644187228,0.06333310000000036,0.9770350994474009,2.694914,0.04054380000000002,1.016258980108383,3.218260000000001,1.0495865896721839,0.047619049999999996,2,1,1,0.7990192440788431,7.741022287149337,0
44b6_0113de3b,1,415,715,False,False,4.0010984819796676,3.65625,1.625,3.65625,0.0,1.625,1,0.0,0.031671400000000016,1.039212293300533,0.203017,1.0920149755327926,2.2062287,0.4037514,1.2018431282286839,24.673339999999996,1.7359994773826293,0.015873000000000026,1,0,1,2.0291716287574864,6.030270110737154,0
44b6_0113de3b,1,416,701,False,False,1.86167137607581,0.9084026158592896,1.625,-0.8125,0.40625,1.625,1,0.0,0.025737649999999945,1.037454909516221,0.026099900000000176,0.9926476567927688,3.5251253,0.003516900000000156,1.0014245766506245,0.26818899999999957,1.0042916931551176,0.015873009999999993,0,2,2,0.12164461768533913,1.983315993761149,0
44b6_0113de3b,1,416,703,False,False,2.03125,1.21875,1.625,1.21875,0.0,1.625,2,0.1695786239241901,0.01605875000000001,0.9779485325095754,0.6835184000000001,1.240535027786469,2.8416069,0.020892599999999817,0.9915922915005865,1.6091300000000004,0.9749998617266175,0.015873009999999993,0,1,1,0.5771674046349422,2.608417404634942,0
44b6_0113de3b,1,417,714,False,False,1.7235727791422095,0.5745242597140698,1.625,0.40625,0.40625,1.625,1,0.0,0.001040339999999973,0.9985739904846714,0.07091119999999984,0.9691244930573079,2.226084,0.021693399999999752,1.0089648762602812,1.609131000000005,1.0271491504852996,0.015873000000000026,1,1,0,0.2345201652558887,1.9580929443980981,0
44b6_0113de3b,1,417,710,False,False,3.6336104634371584,3.25,1.625,3.25,0.0,1.625,2,1.910037684294949,0.012370360000000025,1.01709243001642,0.32496599999999987,0.8726113850713038,2.226084,0.03637479999999993,1.01512663389551,2.6818840000000037,1.046082755940135,0.015873000000000026,1,1,0,0.45704133269043173,4.09065179612759,0
44b6_0113de3b,1,418,647,False,False,2.9295104113144914,2.4375,1.625,0.0,-2.4375,1.625,1,0.0,0.06662347000000002,0.8858561694756613,3.0631766000000002,1.723839932367773,4.2318187,0.021439200000000103,1.0088069633089773,1.6091309999999979,1.02666649895711,0.01587301000000002,1,1,0,2.240266211050693,5.169776622365184,0
44b6_0113de3b,1,418,735,False,False,6.9181882111576005,6.724634051381532,1.625,-2.84375,-6.09375,1.625,2,3.988677799843109,0.027315740000000033,0.9498112872855073,4.4161315000000005,2.533975369118299,2.8788638,0.007063599999999948,0.997126554679102,0.5363770000000017,0.9914161496001027,0.01587301000000002,1,2,1,3.104605061672124,10.022793272829725,0
44b6_0113de3b,1,419,687,False,False,2.03125,1.21875,1.625,0.0,1.21875,1.625,1,0.0,0.016034340000000036,0.9757955235158614,0.20083570000000028,0.935397322371561,2.908092,0.0035066999999999737,1.0014184068046856,0.2681880000000021,1.004273336618644,0.015873029999999955,1,1,0,0.13933645684130852,2.1705864568413085,0
44b6_0113de3b,1,420,695,False,False,0.40625,0.40625,0.0,0.40625,0.0,0.0,1,0.0,0.03786204999999998,0.9536393610510553,0.2780399,0.8917675036688318,2.2909558,0.0,0.999995931961238,0.0,0.9999998392792949,0.0,2,1,1,0.19380465576193834,0.6000546557619384,0
44b6_0113de3b,1,420,630,False,False,6.563169608695177,5.701990469344894,3.25,0.40625,-5.6875,3.25,2,6.156919608695177,0.19842463,0.796990246787008,1.6171410000000002,0.5862060371533346,2.2909558,0.07203749999999998,0.9715252539843796,5.6319580000000045,0.9169959129245039,0.03174599999999994,2,1,1,1.2989379744540868,7.862107583149264,0
44b6_0113de3b,1,421,640,False,False,3.350023320814349,3.350023320814349,0.0,3.25,0.8125,0.0,1,0.0,0.05597759999999996,0.9121332693647415,3.1598518,0.30992965123935284,1.4191812,0.19998490000000002,0.9015665977024664,9.386595999999997,0.7328242349719777,0.0,1,0,1,2.807227600072175,6.157250920886524,0
44b6_0113de3b,1,422,737,False,False,4.0827619710803615,2.471122277933652,3.25,-0.40625,2.4375,3.25,1,0.0,0.0002216099999999832,1.0003194312629087,0.40382570000000007,1.192531810735143,2.0973873,0.003516900000000156,1.0014245766506245,0.26818899999999957,1.0042916931551176,0.03174603000000001,2,1,1,0.27758524784127825,4.36034721892164,0
44b6_0113de3b,1,423,574,False,False,6.9181882111576005,2.368824207280903,6.5,2.03125,1.21875,6.5,1,0.0,0.26223320000000006,0.7378771930052526,2.3176937000000004,0.7051211057555378,5.5421457,0.30071519999999996,1.1405371876840515,19.845947000000002,1.483659761653877,0.06349205999999996,1,0,1,2.7341299332310607,9.652318144388662,0
44b6_0113de3b,1,424,723,False,False,1.284675299443404,1.284675299443404,0.0,-0.40625,-1.21875,0.0,1,0.0,0.028712689999999985,1.0422406695757802,2.4417917000000005,1.6523094553816375,3.7432773,0.006649799999999928,1.0026241940191472,0.5363749999999925,1.0079049609593391,0.0,0,0,0,1.6328312739153426,2.9175065733587466,0
44b6_0113de3b,1,425,768,False,False,0.40625,0.40625,0.0,0.0,0.40625,0.0,1,0.0,0.1249093,1.2373551156490303,0.5060075999999998,1.3203244889803103,1.5796307,0.11153590000000002,1.0602621328943163,5.095579999999998,1.1919186973436076,0.0,2,2,0,1.213721133097709,1.619971133097709,0
44b6_0113de3b,1,426,674,False,False,3.72334275215162,1.8168052317185792,3.25,0.8125,-1.625,3.25,1,0.0,0.04754917000000003,0.9464750576843733,0.5470609999999998,0.8162543730485858,2.430257,0.07495549999999973,0.9704881870470756,5.9001459999999994,0.9140623739189988,0.03174603999999992,2,0,2,0.9803050565098904,4.70364780866151,0
44b6_0113de3b,1,427,747,False,False,2.03125,1.21875,1.625,0.0,1.21875,1.625,1,0.0,0.029901600000000084,1.0412163196306865,0.45709639999999996,1.2621827850972729,1.7433783,0.061487099999999906,1.0249022435517037,4.827393000000001,1.0765955805428833,0.015873009999999965,2,2,0,0.801294847997258,2.832544847997258,0
44b6_0113de3b,1,428,720,False,False,1.6750116604071745,0.40625,1.625,0.40625,0.0,1.625,1,0.0,0.022937140000000023,0.9660183381681172,1.3441338999999997,0.642680931032335,2.417603,0.12952370000000002,0.9424396152020663,7.7774670000000015,0.8370784556227842,0.015873000000000026,0,1,1,1.0313508761948211,2.7063625366019957,0
44b6_0113de3b,1,429,738,False,False,1.6750116604071745,0.40625,1.625,0.0,0.40625,1.625,1,0.0,0.037451300000000076,1.057748752907774,0.1911638,1.100138693130905,1.9088805,0.010894999999999655,0.9955116086962428,0.8045669999999987,0.9866069527649376,0.015873029999999955,3,1,2,0.21215874354626268,1.8871704039534372,0
44b6_0113de3b,1,429,740,False,False,3.7454399357752353,3.7454399357752353,0.0,-2.84375,-2.4375,0.0,2,2.0704282753680605,0.0182852,1.0273779902542912,0.10728669999999996,1.0538330209704332,1.9927576,0.010894999999999655,0.9955116086962428,0.8045669999999987,0.9866069527649376,0.0,3,2,1,0.1508825229001842,3.8963224586754195,0
44b6_0113de3b,1,430,683,False,False,1.86167137607581,0.9084026158592896,1.625,0.8125,-0.40625,1.625,1,0.0,0.08548953999999997,0.8893430063510727,0.5473564,0.8191241701886306,2.4788334,0.0323017000000001,0.9868365358127198,2.4136979999999966,0.961038778240053,0.015873020000000015,2,2,0,0.4779007241233694,2.339572100199179,0
44b6_0113de3b,1,430,711,False,False,3.8540258983302125,2.0714766773970688,3.25,0.40625,2.03125,3.25,2,1.9923545222544026,0.0390239,0.9462482241171399,0.41405780000000014,0.856867631704809,2.4788334,0.02162910000000018,0.9911459499465133,1.609133,0.973684016429723,0.03174605,2,2,0,0.3175978310637285,4.171623729393941,0
44b6_0113de3b,1,431,705,False,False,1.625,1.625,0.0,1.625,0.0,0.0,1,0.0,0.010605810000000049,0.9882462149804206,0.6024296,0.7470251585083023,1.7789814,0.013370000000000104,1.005301200650524,1.0727499999999992,1.015999789998468,0.0,3,2,1,0.45605639299295886,2.081056392992959,0
44b6_0113de3b,1,431,675,False,False,4.4502457797294745,4.1429533547941375,-1.625,4.0625,0.8125,1.625,2,2.8252457797294745,0.08164713999999995,1.100671094261855,0.5209439,0.7734919325774077,1.7789814,0.07890359999999985,1.0321404654724327,6.168332000000007,1.099566874422573,0.015873020000000015,3,3,0,1.1563294793334729,5.606575259062947,0
44b6_0113de3b,1,431,603,False,False,4.823951472859154,4.5420130792964475,-1.625,-4.0625,2.03125,1.625,3,3.1989514728591537,0.17736975999999993,0.8342161876924279,1.0376223,0.6316029067102812,1.7789814,0.00993540000000026,0.9960898595519886,0.8045699999999982,0.9883266388052425,0.015873020000000015,3,2,1,0.7912075433958565,5.61515901625501,0
44b6_0113de3b,1,432,739,False,False,2.8726212985703494,2.368824207280903,1.625,1.21875,-2.03125,1.625,1,0.0,0.04262049999999995,1.0647113468899052,0.09513100000000008,0.9365305017633381,1.4038625,0.007043700000000097,0.9971387262052188,0.5363770000000017,0.9914528327869376,0.015873020000000015,3,2,1,0.23643420564249654,3.109055504212846,0
44b6_0113de3b,1,433,721,False,False,3.471001521535247,1.21875,3.25,0.0,1.21875,3.25,1,0.0,0.0031938999999999718,0.9952091544491807,2.0326746999999994,0.696538856814588,4.6656513,0.01001429999999992,0.9960433838034148,0.8045600000000093,0.9881889104913277,0.03174603999999999,1,0,1,1.3924125054680863,4.8634140270033335,0
44b6_0113de3b,1,433,820,False,False,6.9181882111576005,6.107276653713994,-3.25,-0.40625,-6.09375,3.25,2,3.4471866896223533,0.12458115000000003,1.2302696100065151,2.9042839000000003,2.6488652006094777,1.7613674,0.08672900000000006,1.0355870922256778,6.704713999999996,1.1106193196616445,0.031746029999999995,1,4,3,2.0121965358476563,8.930384747005256,0
44b6_0113de3b,1,434,719,False,False,1.86167137607581,0.9084026158592896,1.625,0.8125,0.40625,1.625,1,0.0,0.06081800000000004,1.0718938267879936,0.08859079999999997,1.0391673186387795,2.2615898,0.049741000000000035,1.0204993445947617,3.754640000000002,1.0627801138480326,0.015873019999999995,1,0,1,0.5691009599367648,2.430772336012575,0
44b6_0113de3b,1,435,748,False,False,1.284675299443404,1.284675299443404,0.0,-1.21875,-0.40625,0.0,1,0.0,0.008703550000000004,1.0124705424844849,0.4111024999999997,1.1533485217414008,2.6807625,0.06234239999999991,1.025430347072318,4.827390000000001,1.0782606524676994,0.0,1,2,1,0.7798644160458145,2.0645397154892184,0
44b6_0113de3b,1,435,749,False,False,1.7235727791422095,0.5745242597140698,1.625,0.40625,0.40625,1.625,2,0.43889747969880544,0.037883699999999965,1.0567016799394322,0.4848939999999997,1.1859944510527693,2.606971,0.0517316000000001,1.0210104034027025,4.022824999999997,1.0643774777286972,0.015873009999999965,1,1,0,0.6680351591558188,2.391607938298028,0
44b6_0113de3b,1,436,710,False,False,1.6750116604071745,0.40625,1.625,0.0,0.40625,1.625,1,0.0,0.0330603599999999,0.9542689036631774,0.37786799999999987,0.8518741229136124,2.173182,0.0,0.9999958403087889,0.0,0.9999998281695711,0.015873000000000026,1,1,0,0.24044396295465884,1.9154556233618334,0
44b6_0113de3b,1,436,714,False,False,3.374565944310468,2.9575446425202108,1.625,-2.84375,0.8125,1.625,2,1.6995542839032936,0.0464710599999999,0.936894306755373,0.12381319999999985,0.9460936353126236,2.173182,0.014681400000000178,0.9939259256809219,1.0727529999999987,0.9819003020145398,0.015873000000000026,1,1,0,0.20926953804428747,3.5838354823547554,0
44b6_0113de3b,1,437,746,False,False,1.7235727791422095,0.5745242597140698,1.625,0.40625,-0.40625,1.625,1,0.0,0.013880749999999997,1.0230336136407416,1.2018385999999999,1.3906944377982964,3.0761244,0.017288999999999888,1.0069793809560932,1.3409400000000034,1.0210968479254785,0.015873020000000015,0,0,0,0.8142338621892345,2.537806641331444,0
44b6_0113de3b,1,438,736,False,False,1.8168052317185792,0.8125,1.625,0.0,0.8125,1.625,1,0.0,0.09639169999999997,1.1482544948560998,0.2969896000000001,1.1766694626380882,1.68098,0.009663100000000036,0.995408067523733,0.5363779999999991,0.9863010913810177,0.01587302,1,1,0,0.3937423160325528,2.210547547751132,0
44b6_0113de3b,1,439,724,False,False,1.21875,1.21875,0.0,0.0,1.21875,0.0,1,0.0,0.002941199999999977,0.9957006244204942,0.4974666000000001,0.8276192102149033,2.3884401,0.014395700000000122,1.0068447213137344,0.8045650000000037,1.0206893811713529,0.0,2,2,0,0.3549355633996313,1.5736855633996312,0
44b6_0113de3b,1,440,755,False,False,1.284675299443404,1.284675299443404,0.0,-1.21875,0.40625,0.0,1,0.0,0.09353911999999998,1.1571831492835167,2.2425847,1.83783245896551,2.6766286,0.0795758000000002,1.0333028121664103,5.9001459999999994,1.1032861824689366,0.0,1,1,0,1.552116825528292,2.836792124971696,0
44b6_0113de3b,1,441,726,False,False,4.875,3.6336104634371584,3.25,-3.25,1.625,3.25,1,0.0,0.03480865,0.9591292190637306,0.1289327,0.9444406837866841,2.1918688,0.05077700000000007,0.9792799405002564,3.754639999999995,0.9391302613865393,0.03174603000000001,0,2,2,0.5114969490393169,5.386496949039317,0
44b6_0113de3b,1,441,690,False,False,6.461801823988415,4.241374519244911,4.875,-1.21875,4.0625,4.875,2,1.5868018239884147,0.10438289999999995,0.8867134978327601,0.6165588,0.780458429982564,2.1918688,0.13986019999999977,0.9449370286319956,10.727539999999998,0.8437498634501792,0.047619049999999996,0,1,1,1.6301005543483873,8.091902378336801,0
44b6_0113de3b,1,441,821,False,False,6.712351604504937,1.6750116604071745,-6.5,-0.40625,-1.625,6.5,3,1.8373516045049367,0.241591,1.4197607488314496,1.4609011,2.9985440048307903,0.7309677,0.06079390000000018,1.0259812207748722,4.291015000000002,1.0799997874629423,0.06349206,0,2,2,1.1122582274508999,7.824609831955836,0
44b6_0113de3b,1,442,713,False,False,1.1490485194281397,1.1490485194281397,0.0,0.8125,-0.8125,0.0,1,0.0,0.011740699999999937,0.9848384246526207,0.2114450000000001,0.8895677723711627,1.7033393,0.003780400000000128,0.9984059829803862,0.26819000000000415,0.9952378914690251,0.0,4,2,2,0.13215981935561208,1.2812083387837518,0
44b6_0113de3b,1,442,685,False,False,4.487177913232324,4.182599744775969,1.625,3.65625,2.03125,1.625,2,3.3381293938041847,0.07476224999999992,0.9107786302097906,1.0142069000000002,0.626790827729708,1.7033393,0.06986620000000032,0.9714088214229131,5.095583000000005,0.9166664854094272,0.015873000000000026,4,2,2,0.8487812665408038,5.335959179773128,0
44b6_0113de3b,1,442,651,False,False,6.749131888620936,6.550584420492571,1.625,-5.6875,3.25,1.625,3,5.600083369192797,0.10658239999999997,0.8774621545459552,1.1211994000000003,0.6030483029023361,1.7033393,0.08407560000000025,0.9657936519882335,6.168337000000001,0.9008618921034655,0.015873000000000026,4,2,2,0.9977356150684551,7.7468675036893915,0
44b6_0113de3b,1,443,603,False,False,6.809990937035085,2.03125,-6.5,-1.625,-1.21875,6.5,1,0.0,0.27506206999999994,0.7429103725028418,1.2570728,0.5536900214608769,1.5595309,0.14687320000000037,0.9422512979414261,11.263918000000004,0.8365757289321858,0.06349205000000002,3,2,1,1.8938839712951991,8.703874908330285,0
44b6_0113de3b,1,444,725,False,False,2.1877232028983924,2.1877232028983924,0.0,2.03125,-0.8125,0.0,1,0.0,0.0015067999999999193,0.99788927235197,0.5807388000000002,1.1617354244396036,3.5905998,0.0,0.999995326413122,0.0,0.999999756292806,0.0,0,1,1,0.4034100841325762,2.5911332870309685,0
44b6_0113de3b,1,444,829,False,False,6.761347521944128,6.761347521944128,0.0,5.6875,3.65625,0.0,2,4.573624319045735,0.29505124000000005,1.6990559325322878,3.3773384500000003,5.253507905409019,0.79400015,0.5148410999999999,1.3168497315217695,23.064209,2.2835808145280687,0.0,0,1,1,5.868177267046697,12.629524788990825,0
44b6_0113de3b,1,445,722,False,False,0.9084026158592896,0.9084026158592896,0.0,-0.8125,0.40625,0.0,1,0.0,0.00681480000000001,1.0107815105839362,0.4326804999999996,0.8940341794417633,3.650612,0.007003300000000046,1.0028367730452163,0.5363759999999971,1.0085468325843119,0.0,0,1,1,0.3280999187758174,1.236502534635107,0
44b6_0113de3b,1,446,780,False,False,1.7235727791422095,1.7235727791422095,0.0,1.21875,1.21875,0.0,1,0.0,0.02147790000000005,1.0338942081494258,0.692761,0.8202659645814692,3.161652,0.07370140000000003,0.9652447836339092,4.0228269999999995,0.8993286376986159,0.0,1,0,1,0.6778903971527092,2.401463176294919,0
44b6_0113de3b,1,447,778,False,False,4.182599744775969,3.8540258983302125,1.625,-3.65625,1.21875,1.625,1,0.0,0.03228759999999997,1.0574078533664526,0.9879601,1.4185123903504637,2.3606133,0.030779900000000193,0.9877499228747916,2.4136939999999925,0.9637095657468906,0.01587301000000002,1,1,0,0.7862194441454672,4.968819188921436,0
44b6_0113de3b,1,448,840,False,False,5.658407737606049,5.658407737606049,0.0,-5.28125,-2.03125,0.0,1,0.0,0.38578432,2.089214497297577,3.63359028,9.033940398522398,0.45226872,0.32717360000000006,1.1805029995410785,16.091309,1.6451606552891807,0.0,0,1,1,3.454644063343634,9.113051800949682,0
44b6_0113de3b,1,449,751,False,False,2.03125,1.21875,-1.625,1.21875,0.0,1.625,1,0.0,0.03784584999999996,0.9556105618107437,0.5088085,0.7946789481423397,1.9693419,0.08600830000000004,0.9660483625806564,6.704710000000006,0.9015746944944705,0.015873000000000026,1,1,0,1.0763029201956418,3.1075529201956416,0
44b6_0113de3b,1,450,731,False,False,3.300390601883359,0.5745242597140698,3.25,-0.40625,0.40625,3.25,1,0.0,0.0012322000000000166,0.9977734693838777,3.4194681000000005,2.069026507117625,3.1986554,0.060316999999999954,1.0248960874126907,4.559206000000003,1.0765764299517029,0.031746029999999995,0,0,0,2.396443210737967,5.6968338126213265,0
44b6_0113de3b,1,451,744,False,False,2.03125,2.03125,0.0,1.21875,-1.625,0.0,1,0.0,0.05339115999999999,0.9261206581715017,0.5974955999999998,1.248879836710898,2.4006891,0.0,0.9999959023100891,0.0,0.9999998357391902,0.0,0,3,3,0.546470966608751,2.577720966608751,0
44b6_0113de3b,1,451,733,False,False,2.2980970388562794,1.625,1.625,1.625,0.0,1.625,2,0.26684703885627936,0.019476949999999937,0.9717130159290519,0.2970940999999998,1.1099863144675173,2.7010906,0.010798400000000097,1.00444039988459,0.8045640000000063,1.0133926643753903,0.015873000000000026,0,2,2,0.27145177207679017,2.5695488109330693,0
44b6_0113de3b,1,452,752,False,False,3.1729139308370784,2.7252078475778685,1.625,1.21875,2.4375,1.625,1,0.0,0.11499406000000001,0.8684439768892368,0.6725735999999998,0.7459259905085971,1.974612,0.05306450000000007,0.9786219690087126,4.022826000000009,0.9372383655186908,0.015873040000000005,2,1,1,0.7158281088001457,3.888742039637224,0
44b6_0113de3b,1,453,712,False,False,1.6750116604071745,0.40625,1.625,0.40625,0.0,1.625,1,0.0,0.017933959999999916,0.9775968150850181,0.22224090000000007,0.9101163051880617,2.2503989,0.01055040000000007,1.0042878755765936,0.8045650000000037,1.0129308646868758,0.015873019999999988,3,2,1,0.19981696358154005,1.8748286239887146,0
44b6_0113de3b,1,454,716,False,False,1.9902104160113323,1.1490485194281397,1.625,-0.8125,0.8125,1.625,1,0.0,0.04217736999999999,0.9420387953484711,0.7280006000000001,0.7350559540576245,2.0197794,0.07243649999999979,0.9712917115028317,5.631959999999999,0.9163344985955648,0.015873020000000015,2,0,2,0.9508530259933952,2.9410634420047277,0
44b6_0113de3b,1,455,706,False,False,1.8168052317185792,0.8125,1.625,-0.8125,0.0,1.625,1,0.0,0.07654249999999996,0.9162580345357872,0.5091534000000002,0.8170735133513959,2.2742684,0.03902300000000025,0.9842114460038975,2.950072999999996,0.9533896833573778,0.015873019999999995,2,2,0,0.5158482990250761,2.3326535307436553,0
44b6_0113de3b,1,455,709,False,False,4.667457150312148,4.375446405796785,1.625,-4.0625,1.625,1.625,2,2.8506519185935693,0.08330599999999999,0.9095287068488386,0.15530009999999983,0.9360752904258908,2.2742684,0.032019700000000206,0.9870074228752708,2.413696999999999,0.9615382972884522,0.015873019999999995,2,5,3,0.442835321168352,5.1102924714805,0
44b6_0113de3b,1,456,711,False,False,3.65625,1.6750116604071745,3.25,1.625,-0.40625,3.25,1,0.0,0.06488590000000005,0.9106348616839081,0.547323,0.8108013505611599,2.3455682,0.028925400000000323,0.9881605297855429,2.1455079999999995,0.9649121200305173,0.03174605,1,2,1,0.4272972222473144,4.083547222247314,0
44b6_0113de3b,1,456,683,False,False,3.8540258983302125,3.494694639736067,1.625,2.03125,-2.84375,1.625,2,0.19777589833021247,0.11135154000000003,0.855871350600076,0.6806215999999998,0.7750870249875769,2.3455682,0.039598000000000244,0.9838640959921702,2.950072999999996,0.9523808024942331,0.015873020000000015,1,2,1,0.5957976680133151,4.449823566343528,0
44b6_0113de3b,1,456,703,False,False,6.3066959703556345,6.3066959703556345,0.0,1.625,6.09375,0.0,3,2.6504459703556345,0.06739079999999997,0.9075045320869009,0.4960386999999997,0.8254343504221137,2.3455682,0.07107110000000016,0.9714088597295234,5.363768999999998,0.9166665320184291,0.0,1,1,0,0.7996307080209284,7.106326678376563,0
44b6_0113de3b,1,456,701,False,False,6.512682938889317,6.512682938889317,0.0,-0.40625,6.5,0.0,4,2.8564329388893173,0.025594400000000017,0.9627245206920518,1.205657,0.6604936220501532,2.3455682,0.04666160000000019,0.9810410129723446,3.486449999999998,0.9442058605722625,0.0,1,2,1,0.8876606034258344,7.400343542315151,0
44b6_0113de3b,1,457,765,False,False,3.5648292823780494,1.4647552056572457,3.25,0.8125,1.21875,3.25,1,0.0,0.02923965000000006,1.0572769603460568,1.4060493000000003,1.289416481256268,4.8581767,0.03453200000000001,1.0139836663065096,2.6818880000000007,1.042553077382753,0.031746019999999986,0,0,0,0.978116389641063,4.542945672019112,0
44b6_0113de3b,1,458,757,False,False,1.21875,1.21875,0.0,1.21875,0.0,0.0,1,0.0,0.05535553999999998,1.0806008956959294,0.20021849999999963,1.0798711121683897,2.5066347,0.01373570000000024,1.0055209248873538,1.0727559999999983,1.01666654134023,0.0,1,2,1,0.256234802731246,1.474984802731246,0
44b6_0113de3b,1,458,771,False,False,4.46875,4.46875,0.0,4.46875,0.0,0.0,2,3.25,0.07045774000000005,1.1049017257445881,0.5815968999999996,1.2736536593084826,2.1252563,0.031121600000000083,1.0126022314078444,2.4136979999999966,1.0382977347373081,0.0,1,4,3,0.4981816694497989,4.966931669449799,0
44b6_0113de3b,1,459,674,False,False,2.8726212985703494,2.368824207280903,-1.625,1.21875,2.03125,1.625,1,0.0,0.10898724999999998,0.8773302494805537,0.6314289999999998,0.7879175556069067,2.345889,0.020002400000000087,0.9921216798988987,1.6091299999999933,0.9765623702776703,0.015873000000000026,1,0,1,0.5234764099719831,3.3960977085423325,0
44b6_0113de3b,1,460,766,False,False,1.625,0.0,1.625,0.0,0.0,1.625,1,0.0,0.07012527000000002,1.1064563480549683,0.2672709,1.1544351236271364,1.7305607,0.014944999999999986,1.0072417872507886,0.8045670000000058,1.0218975755970783,0.015873009999999965,1,1,0,0.2766026083848605,1.9016026083848605,0
44b6_0113de3b,1,461,767,False,False,3.494694639736067,1.284675299443404,3.25,1.21875,0.40625,3.25,1,0.0,0.04390935000000007,1.0798791169060016,1.9136323999999996,1.638898159303064,2.9951816,0.006774700000000244,0.9973006376028696,0.5363749999999925,0.9919353638321625,0.03174602999999998,0,1,1,1.2679913792075634,4.762686018943631,0
44b6_0113de3b,1,462,735,False,False,3.374565944310468,0.9084026158592896,3.25,-0.8125,0.40625,3.25,1,0.0,0.05099706999999998,0.9063161992085845,2.2603942,1.7851626563137293,2.8788638,0.03211280000000016,0.9869510419935899,2.413695000000004,0.9613732573133128,0.031746030000000036,0,2,2,1.721335456835575,5.095901401146043,0
44b6_0113de3b,1,462,647,False,False,5.58501412822743,4.5420130792964475,3.25,2.03125,4.0625,3.25,2,2.2104481839169616,0.09030479999999996,0.8452898036821503,0.9074393000000001,1.2144295916325727,4.2318187,0.003610000000000113,0.9985122539722202,0.2681870000000046,0.9955554150242274,0.031746030000000036,0,1,1,0.860275897366306,6.445290025593736,0
44b6_0113de3b,1,462,652,False,False,6.9181882111576005,6.9181882111576005,0.0,-6.90625,-0.40625,0.0,3,3.5436222668471324,0.21015726,0.7013057586789098,1.5016730000000003,0.7738749674180211,5.139258,0.05306450000000007,0.9786219690087126,4.022826000000009,0.9372383655186908,0.0,0,0,0,1.1157222759769718,8.033910487134573,0
44b6_0113de3b,1,463,752,False,False,0.40625,0.40625,0.0,-0.40625,0.0,0.0,1,0.0,0.04619813000000006,0.9471413633728657,0.5333313999999998,0.798525881502674,2.1138542,0.01743479999999975,0.9929733586743764,1.3409420000000054,0.9790793511639597,0.0,2,1,1,0.36862891966856165,0.7748789196685617,0
44b6_0113de3b,1,464,734,False,False,1.625,0.0,1.625,0.0,0.0,1.625,1,0.0,0.018406699999999998,0.9705435544082225,0.2618524,0.9140424118324035,2.7845516,0.04875600000000002,0.9804924997769874,3.754640000000002,0.9426227879825178,0.015873020000000015,0,0,0,0.5820229491412142,2.2070229491412143,0
44b6_0113de3b,1,465,712,False,False,3.040096626753827,2.569350598886808,1.625,2.4375,-0.8125,1.625,1,0.0,0.055447460000000004,0.9307608949587928,0.5964528,0.7587758687057099,1.876187,0.06902540000000013,0.971916131685669,5.095580999999996,0.9181033021724281,0.015873019999999988,2,2,0,0.7368790761685724,3.7769757029223996,0
44b6_0113de3b,1,466,761,False,False,0.40625,0.40625,0.0,-0.40625,0.0,0.0,1,0.0,0.007003900000000063,1.0129776098701015,0.05009839999999999,1.0161237436582153,3.1064894,0.010798400000000097,1.00444039988459,0.8045640000000063,1.0133926643753903,0.0,2,1,1,0.11255137059596622,0.5188013705959662,0
44b6_0113de3b,1,466,774,False,False,2.7252078475778685,2.1877232028983924,-1.625,-0.8125,2.03125,1.625,2,2.3189578475778685,0.025964670000000023,1.0499166925869434,0.020303999999999878,0.9936057198872185,3.1565878,0.007146099999999933,0.9970762137006237,0.5363759999999971,0.9912662294999753,0.015873000000000026,2,1,1,0.14664637890744592,2.8718542264853144,0
44b6_0113de3b,1,467,769,False,False,2.1877232028983924,1.4647552056572457,1.625,-1.21875,-0.8125,1.625,1,0.0,0.007249749999999944,1.0126093746448592,0.651789,1.2845318558037944,2.2906966,0.05144639999999967,0.9795822828477829,4.022828000000004,0.9399998478682084,0.015872999999999915,1,1,0,0.8179422048602766,3.005665407758669,0
44b6_0113de3b,1,468,690,False,False,5.138701197773616,1.625,-4.875,0.0,-1.625,4.875,1,0.0,0.20507193999999995,0.7774464006625759,0.9996095999999999,0.6440655829419176,1.808818,0.07495549999999973,0.9704881870470756,5.9001459999999994,0.9140623739189988,0.04761904,2,1,1,1.1860380306170366,6.324739228390653,0
44b6_0113de3b,1,469,753,False,False,0.40625,0.40625,0.0,0.0,0.40625,0.0,1,0.0,0.014656000000000002,1.0236362858786667,0.23228430000000033,0.940558018575883,3.6756222,0.014266300000000065,1.006752249885582,0.8045639999999992,1.020407868197914,0.0,0,0,0,0.210623375723992,0.616873375723992,0
44b6_0113de3b,1,470,693,False,False,1.284675299443404,1.284675299443404,0.0,-0.40625,1.21875,0.0,1,0.0,0.08429357000000004,0.8816001670729262,1.6316957999999997,0.6083386016328793,2.5344076,0.43094610000000033,1.207948296484434,28.427980000000005,1.7625894590968827,0.0,1,0,1,3.1012507474296016,4.3859260468730055,0
44b6_0113de3b,1,471,790,False,False,1.8168052317185792,0.8125,1.625,0.0,0.8125,1.625,1,0.0,0.06262698,1.158766080087887,1.3112499999999994,1.2598145766748632,5.04682,0.0,0.9999958962750694,0.0,0.9999998350123739,0.01587301000000002,0,0,0,0.8321412695627134,2.6489465012812925,0
44b6_0113de3b,1,472,742,False,False,4.162823748671087,2.6012692214570947,3.25,-1.625,2.03125,3.25,1,0.0,0.005123150000000076,0.9914482818595919,0.2705721999999997,0.8893344929572886,2.1744633,0.007188399999999984,0.9970503188945219,0.5363770000000017,0.9911892637032198,0.031746030000000036,1,1,0,0.1864990186422959,4.349322767313383,0
44b6_0113de3b,1,473,779,False,False,2.1877232028983924,1.4647552056572457,1.625,1.21875,0.8125,1.625,1,0.0,0.08008537000000004,1.0985010043119685,0.443986,1.335582664978786,1.3229904,0.010490299999999841,1.004251245126876,0.8045660000000012,1.0128203604193848,0.015873000000000026,2,2,0,0.35286796127346065,2.540591164171853,0
44b6_0113de3b,1,474,728,False,False,1.1490485194281397,1.1490485194281397,0.0,0.8125,-0.8125,0.0,1,0.0,0.05356134999999995,0.9284781735091541,0.06510879999999997,1.038493566991424,1.6911505,0.03360489999999983,1.0134204093255004,2.6818799999999925,1.0408160935826591,0.0,2,1,1,0.5361723867014104,1.6852209061295502,0
44b6_0113de3b,1,475,745,False,False,3.5648292823780494,3.1729139308370784,-1.625,2.4375,-2.03125,1.625,1,0.0,0.025635969999999952,1.0351940930547412,0.10939150000000009,1.0576570069750422,1.8970968,0.49631760000000025,1.242435758682858,32.987184000000006,1.9179099489649547,0.01587301999999996,1,1,0,3.221722568925029,6.786551851303079,0
44b6_0113de3b,1,476,689,False,False,2.8726212985703494,2.8726212985703494,0.0,2.84375,-0.40625,0.0,1,0.0,0.11552637999999993,0.8222315477250397,2.6734153,0.5683229518305516,3.519689,0.06813689999999983,1.0275958471727287,5.363767999999993,1.0851061864992966,0.0,2,0,2,2.0109256806738856,4.883546979244235,0
44b6_0113de3b,1,477,784,False,False,2.6012692214570947,2.6012692214570947,0.0,2.03125,-1.625,0.0,1,0.0,0.04044000000000003,1.077797666031534,0.10337219999999991,1.0780279578126546,1.3246716,0.0,0.9999958078603206,0.0,0.9999998241169655,0.0,3,3,0,0.15742916847405505,2.75869838993115,0
44b6_0113de3b,1,478,773,False,False,1.7235727791422095,1.7235727791422095,0.0,1.21875,-1.21875,0.0,1,0.0,0.05364243999999996,1.0931504936421559,0.0987397000000001,1.0602368040242431,1.6390162,0.05767610000000012,1.0232599797789463,4.559202999999997,1.071428386783052,0.0,1,2,1,0.7587542712516606,2.48232705039387,0
44b6_0113de3b,1,479,776,False,False,6.5,0.0,6.5,0.0,0.0,6.5,1,0.0,0.04991000000000001,1.090144024498942,0.6518363999999996,1.1261313385445126,5.1678286,0.27289989999999986,1.1516540798569141,12.873048999999998,1.5274719965994077,0.06349205999999996,0,0,0,2.610975534664513,9.110975534664513,0
44b6_0113de3b,1,480,762,False,False,2.1877232028983924,1.4647552056572457,1.625,1.21875,0.8125,1.625,1,0.0,0.002402200000000021,0.9956968584676378,0.0474591000000002,0.9850092605177805,3.1190925,0.007063599999999948,0.997126554679102,0.5363770000000017,0.9914161496001027,0.015873009999999993,0,1,1,0.08165823434303568,2.269381437241428,0
44b6_0113de3b,1,481,693,False,False,2.569350598886808,2.569350598886808,0.0,2.4375,0.8125,0.0,1,0.0,0.03642040000000002,0.9488354612566648,2.3213554,0.4427983165316624,1.844748,0.31683830000000013,1.1528855560326905,19.845946000000005,1.5323736306008255,0.0,1,0,1,2.4534386709298177,5.022789269816625,0
44b6_0113de3b,1,482,782,False,False,1.7235727791422095,0.5745242597140698,1.625,0.40625,0.40625,1.625,1,0.0,0.018382550000000053,1.0374653526724515,0.4711533000000001,1.124996740063069,3.7692347,0.04076309999999994,1.0163922280121827,3.2182619999999957,1.0499998415293819,0.01587301000000002,0,0,0,0.5811753415906358,2.304748120732845,0
44b6_0113de3b,1,483,689,False,False,0.40625,0.40625,0.0,0.40625,0.0,0.0,1,0.0,0.14380943000000002,0.7787142242281867,2.5381658,0.5901616412924916,3.6549385,0.06481639999999977,1.0262508276497937,5.095578000000003,1.0808508438538518,0.0,1,0,1,1.9010998405048194,2.3073498405048194,0
44b6_0113de3b,1,484,759,False,False,1.625,1.625,0.0,0.0,-1.625,0.0,1,0.0,0.010073479999999968,0.9828552960654039,1.2516710999999998,0.6786745418649214,2.6436875,0.006649799999999928,1.0026241940191472,0.5363749999999925,1.0079049609593391,0.0,1,0,1,0.8604101834180812,2.485410183418081,0
44b6_0113de3b,1,485,774,False,False,3.2752922102462856,3.2752922102462856,0.0,-3.25,0.40625,0.0,1,0.0,0.056295929999999994,0.8917109792329495,0.8700597999999999,0.7261263158968275,2.306832,0.062128799999999984,0.9746117896480372,4.559203000000004,0.9257640579680882,0.0,3,1,2,0.7569458895448368,4.0322380997911225,0
44b6_0113de3b,1,485,761,False,False,3.65625,3.2752922102462856,1.625,-2.84375,-1.625,1.625,2,0.3809577897537144,0.07525669999999995,0.8603380275940515,0.7996574000000001,0.742582470802988,2.306832,0.044184299999999954,0.9818100585240128,3.2182630000000003,0.946428393672295,0.015873000000000026,3,1,2,0.6030172726036074,4.259267272603608,0
44b6_0113de3b,1,486,740,False,False,1.6750116604071745,0.40625,1.625,-0.40625,0.0,1.625,1,0.0,0.08430605000000002,0.8736865262661789,0.5082836,0.7449308188270424,1.484474,0.05548960000000003,0.9771569076568539,4.022829999999999,0.9330355128979597,0.015873000000000026,3,2,1,0.5826390684611064,2.2576507288682808,0
44b6_0113de3b,1,486,738,False,False,4.958913218891817,3.7454399357752353,3.25,2.4375,2.84375,3.25,2,3.283901558484642,0.06513994999999995,0.8995139494487686,0.4244064999999999,0.7776632551736206,1.484474,0.05548960000000003,0.9771569076568539,4.022829999999999,0.9330355128979597,0.03174602999999998,3,1,2,0.5509998422070066,5.509913061098823,0
44b6_0113de3b,1,487,783,False,False,2.0714766773970688,2.0714766773970688,0.0,2.03125,-0.40625,0.0,1,0.0,0.06678929999999994,1.1243800489181168,0.36865749999999986,1.1679244573962535,2.1953075,0.09382819999999992,1.0461754005898674,5.095580000000005,1.1450378137746318,0.0,1,1,0,0.5942184123394822,2.665695089736551,0
44b6_0113de3b,1,488,795,False,False,1.86167137607581,0.9084026158592896,1.625,0.40625,-0.8125,1.625,1,0.0,0.0010240599999999933,1.001596571761812,0.05833560000000004,1.0795369126980463,0.73330486,0.05285289999999998,0.9780106659474284,3.754640000000002,0.935483688051479,0.015873020000000015,3,3,0,0.46480209658856286,2.3264734726643725,0
44b6_0113de3b,1,488,769,False,False,6.512682938889317,4.318496736423452,-4.875,2.84375,3.25,4.875,2,4.651011562813507,0.06201630999999996,1.10799555138441,1.49905614,0.3455878897803848,0.79164046,0.16901209999999978,0.9329326297550203,12.60486000000001,0.8119998574137326,0.04761904000000006,3,1,2,2.0804091648810243,8.593092103770342,0
44b6_0113de3b,1,489,763,False,False,2.569350598886808,2.569350598886808,0.0,2.4375,-0.8125,0.0,1,0.0,0.007122739999999905,1.0127590744677872,0.6925552000000001,0.6655970965841387,1.378485,0.024272599999999755,0.9902597261944397,1.8773180000000025,0.9710742505348864,0.0,1,1,0,0.5526121372565099,3.121962736143318,0
44b6_0113de3b,1,490,760,False,False,2.9575446425202108,2.9575446425202108,0.0,2.84375,-0.8125,0.0,1,0.0,0.07631330000000003,0.8721349936078637,1.0074563000000003,0.6985646680302071,2.334764,0.030203600000000108,0.9880902258342086,2.41369499999999,0.9647057593524719,0.0,0,0,0,0.707784813228028,3.665329455748239,0
44b6_0113de3b,1,491,787,False,False,0.40625,0.40625,0.0,0.0,-0.40625,0.0,1,0.0,0.016358540000000032,1.0287763049917216,0.6247591999999997,1.2013846513979674,3.1022582,0.06813689999999983,1.0275958471727287,5.363767999999993,1.0851061864992966,0.0,1,1,0,0.9313730397964786,1.3376230397964786,0
44b6_0113de3b,1,491,788,False,False,2.368824207280903,1.7235727791422095,1.625,1.21875,1.21875,1.625,2,1.9625742072809031,0.0204685,1.0362729650323192,0.121969,1.033829965140093,3.6050484,0.00998790000000005,1.0039486935384194,0.8045639999999992,1.011904591040305,0.015873019999999988,1,1,0,0.1552501587139616,2.524074365994865,0
44b6_0113de3b,1,492,729,False,False,2.6012692214570947,2.03125,1.625,1.625,1.21875,1.625,1,0.0,0.055679850000000086,0.9112212271271293,1.4035243999999998,0.719988612284807,3.6088846,0.0,0.9999959997743872,0.0,0.9999998471835936,0.015873029999999982,0,0,0,0.8979678097884859,3.4992370312455807,0
44b6_0113de3b,1,493,772,False,False,1.625,1.625,0.0,1.625,0.0,0.0,1,0.0,0.044122899999999965,0.9295377546165465,0.057320599999999944,0.9482781206019271,1.0511094,0.07606910000000022,0.9691391560230042,5.631957999999997,0.9102562660269244,0.0,2,2,0,0.7754284052026365,2.4004284052026366,0
44b6_0113de3b,1,494,807,False,False,3.471001521535247,1.21875,3.25,1.21875,0.0,3.25,1,0.0,0.021408890000000014,1.0461455501403123,0.41794449999999994,1.1716776533622606,2.4344041,0.003526799999999941,1.0014306478717852,0.2681880000000021,1.004310175724465,0.03174603000000001,1,2,1,0.26212851026572426,3.7331300318009717,0
44b6_0113de3b,1,494,818,False,False,6.214430032191206,5.296851954227152,-3.25,-0.40625,-5.28125,3.25,2,2.743428510655959,0.06184339999999999,1.1460775986361738,0.7125007999999999,1.33296175100981,2.1398478,0.01773619999999987,1.0072530124662353,1.3409419999999983,1.021929651050813,0.03174603999999999,1,1,0,0.463803331209821,6.678233363401027,0
44b6_0113de3b,1,495,796,False,False,1.8168052317185792,0.8125,1.625,0.0,0.8125,1.625,1,0.0,0.017544849999999945,1.0318877026800448,0.6796645999999997,1.4020696761061247,1.6903801,0.06851070000000004,1.027826427263803,5.363770000000002,1.085836743658875,0.015873029999999955,0,0,0,0.932976121589813,2.7497813533083924,0
44b6_0113de3b,1,495,627,False,False,6.080193253507654,5.859020822628983,-1.625,4.875,-3.25,1.625,2,4.263388021789075,0.58537345,0.49221260776149034,2.0870673000000006,0.5317432863628143,2.3700447,0.0,0.9999960477815308,0.0,0.9999998526197466,0.015873020000000015,0,3,3,2.317056266703192,8.397249520210845,0
44b6_0113de3b,1,495,613,False,False,6.214430032191206,5.296851954227152,-3.25,2.84375,-4.46875,3.25,3,4.397624800472627,0.46069485,0.5519017228793731,0.6514726000000004,0.78438632674277,2.3700447,0.03721450000000015,1.0149235261791971,2.9500749999999982,1.0454544123860081,0.03174602999999998,0,2,2,1.952334068834707,8.166764101025914,0
44b6_0113de3b,1,495,624,False,False,6.512682938889317,6.3066959703556345,-1.625,6.09375,-1.625,1.625,4,4.695877707170738,0.50015665,0.5315016373713897,0.8415124,0.7379714096585432,2.3700447,0.020161799999999896,1.008028405027492,1.609135000000009,1.0242914072161464,0.015873020000000015,0,3,3,2.0221484331983026,8.53483137208762,0
44b6_0113de3b,1,496,806,False,False,1.6750116604071745,0.40625,1.625,0.0,-0.40625,1.625,1,0.0,0.010929999999999995,1.0198180622036706,0.2493086,1.2449055094618247,1.0179279,0.030989600000000284,1.01328622794358,2.1455059999999975,1.0404038090948002,0.015873009999999965,1,3,2,0.2665151742044387,1.9415268346116132,0
44b6_0113de3b,1,496,811,False,False,4.182599744775969,3.8540258983302125,1.625,-3.65625,1.21875,1.625,2,2.507588084368794,0.010430099999999998,1.018893682172876,0.2512014,1.2472246556771938,1.0160351,0.02707090000000001,1.01158614237277,1.877319,1.0351756790304099,0.015873009999999965,1,2,1,0.24496976519892028,4.427569509974889,0
44b6_0113de3b,1,497,791,False,False,3.494694639736067,1.284675299443404,3.25,-1.21875,-0.40625,3.25,1,0.0,0.02917745999999999,0.946516652029999,0.031838800000000056,0.9824492336666469,1.7828184,0.10604009999999997,0.9570427782233947,7.777466000000004,0.8765956027565366,0.03174602999999998,1,2,1,1.0387405340726243,4.533435173808692,0
44b6_0113de3b,1,498,754,False,False,0.9084026158592896,0.9084026158592896,0.0,-0.40625,0.8125,0.0,1,0.0,0.09755179999999997,0.8654393683545881,0.4020089,0.7595495462249349,1.2699218,0.06261490000000025,0.9735370698388371,4.291015000000002,0.922705159549149,0.0,3,5,2,0.5330769756117735,1.441479591471063,0
44b6_0113de3b,1,498,650,False,False,4.162823748671087,3.832554834897995,-1.625,3.25,-2.03125,1.625,2,3.254421132811798,0.18785666,0.7695861734822883,1.6166762000000001,0.43993566150997987,1.2699218,0.12570170000000003,0.948258294263132,8.85022,0.85267842800482,0.015873000000000026,3,2,1,1.333210092922702,5.496033841593789,0
44b6_0113de3b,1,499,770,False,False,1.6750116604071745,0.40625,1.625,0.0,-0.40625,1.625,1,0.0,0.053610049999999965,0.9011987517371279,0.45420819999999984,1.2295236269283318,1.9788634,0.014168300000000134,0.9942404758831022,1.0727550000000008,0.9828324432280315,0.015873020000000015,0,1,1,0.48507854896013325,2.160090209367308,0
44b6_0113de3b,1,500,758,False,False,1.625,0.0,1.625,0.0,0.0,1.625,1,0.0,0.0042503999999999875,0.9930571003143405,0.12274461999999997,0.8767137264382059,0.87293303,0.015292699999999826,1.0064893970181732,1.0727529999999987,1.0196076399284524,0.015873000000000026,3,3,0,0.15790670192975767,1.7829067019297578,0
44b6_0113de3b,1,500,696,False,False,4.021669817998489,3.6787502123683256,1.625,-3.65625,0.40625,1.625,2,2.3966698179984887,0.15699299999999994,0.7951359951313761,1.54407467,0.36116120705280724,0.87293303,0.07365870000000019,0.969857047789636,5.363770000000002,0.9122805453868427,0.015873000000000026,3,3,0,1.111684243407366,5.133354061405854,0
44b6_0113de3b,1,501,785,False,False,0.9084026158592896,0.9084026158592896,0.0,-0.8125,0.40625,0.0,1,0.0,0.03974280000000008,1.0759168660944167,0.2896234000000002,1.2022730499765226,1.4317843,0.04459460000000037,1.0187794894544546,3.2182630000000003,1.0574161037904495,0.0,1,2,1,0.4209383999382419,1.3293410157975316,0
44b6_0113de3b,1,501,812,False,False,3.65625,3.2752922102462856,1.625,2.84375,1.625,1.625,2,2.7478473841407105,0.01181633999999998,1.0214154947798197,0.8465745000000001,1.967675693198507,0.8748332,0.03704580000000002,1.0155504131109887,2.681882999999999,1.0473931474251155,0.015873000000000026,1,3,2,0.6295416177690805,4.28579161776908,0
44b6_0113de3b,1,502,741,False,False,6.700046641628698,1.625,6.5,0.0,1.625,6.5,1,0.0,0.12005070000000007,0.8238230469396,0.6630946,0.7849076056285763,2.419778,0.02872779999999997,0.9864801913053541,1.6091300000000004,0.9599997812484152,0.06349205999999999,1,2,1,0.5144730083669204,7.214519649995618,0
44b6_0113de3b,1,503,829,False,False,0.0,0.0,0.0,0.0,0.0,0.0,1,0.0,0.02023043000000002,1.0479092738013638,0.7575356499999999,1.954050335502638,0.79400015,0.08445539999999996,1.0519714180403017,2.9500729999999997,1.164178442461805,0.0,1,1,0,1.491587327486874,1.491587327486874,0
44b6_0113de3b,1,503,725,False,False,5.773897351442957,5.773897351442957,0.0,-3.65625,-4.46875,0.0,2,5.773897351442957,0.27632760999999995,0.6154579156002284,2.039064,0.4321092757001888,1.5515358,0.4303857,0.7988508304169372,20.114136000000002,0.5098037920693146,0.0,1,1,0,4.316789777284752,10.090687128727708,0
44b6_0113de3b,1,504,775,False,False,2.471122277933652,2.471122277933652,0.0,0.40625,2.4375,0.0,1,0.0,0.14702252999999998,0.7694776075878081,4.9788476,0.34480991443201725,2.6202464,0.10790539999999993,0.9495648002635155,5.900147000000004,0.8562089293974653,0.0,1,0,1,3.228341884261398,5.699464162195049,0
44b6_0113de3b,1,505,777,False,False,4.667457150312148,3.350023320814349,3.25,3.25,-0.8125,3.25,1,0.0,0.02235197,0.9561912767981545,1.5011978,0.5481444309752668,1.82111,0.046938499999999994,0.9808736495326299,3.486449999999998,0.9437227944651198,0.03174603000000001,0,1,1,1.065173883996462,5.732631034308611,0
44b6_0113de3b,1,505,686,False,False,6.894291116568838,6.700046641628698,1.625,-6.5,-1.625,1.625,2,2.22683396625669,0.28850797000000006,0.6284865109729364,1.1940715000000002,0.6039782216154429,1.82111,0.11582779999999993,0.9540970925955389,8.850221999999995,0.8685257382717634,0.015873010000000007,0,0,0,1.6178049415539424,8.512096058122781,0
44b6_0113de3b,1,506,778,False,False,0.8125,0.8125,0.0,0.0,0.8125,0.0,1,0.0,0.056601299999999966,0.8993130465312088,0.7902853999999997,0.6652174872627921,1.5703279,0.048214699999999944,0.9808133090935653,3.754635999999998,0.9435482835481482,0.0,2,1,1,0.7227263726356545,1.5352263726356545,0
44b6_0113de3b,1,507,789,False,False,0.0,0.0,0.0,0.0,0.0,0.0,1,0.0,0.008503499999999997,0.9847921018606745,0.21470733000000009,0.8229298692293774,0.99789447,0.01773619999999987,0.9927911197475515,1.3409419999999983,0.9785406220481797,0.0,2,2,0,0.22604368626797638,0.22604368626797638,0
44b6_0113de3b,1,507,786,False,False,2.8726212985703494,2.368824207280903,1.625,2.03125,1.21875,1.625,2,2.8726212985703494,0.04271780000000003,0.9280703529380473,0.44854253,0.6898935598746445,0.99789447,0.049032399999999754,0.9803280371919889,3.7546370000000024,0.9421486397411959,0.015873020000000015,2,2,0,0.5985905596719903,3.4712118582423397,0
44b6_0113de3b,1,508,808,False,False,1.6750116604071745,0.40625,-1.625,0.40625,0.0,1.625,1,0.0,0.010697690000000037,1.0264859664046204,0.20855509999999988,1.1072708728021492,1.9440881,0.05830879999999983,1.0236484155417989,4.559205999999996,1.0726494314163555,0.015873000000000026,1,2,1,0.7317355119885911,2.4067471723957654,0
44b6_0113de3b,1,509,810,False,False,2.0714766773970688,1.284675299443404,1.625,1.21875,0.40625,1.625,1,0.0,0.035224829999999985,1.0766733770438648,0.13401370000000012,1.0828925971098624,1.6165843,0.04339130000000013,0.9822931553671959,3.2182619999999957,0.9478259290674179,0.01587301999999996,2,3,1,0.49532163208826735,2.566798309485336,0
44b6_0113de3b,1,510,800,False,False,1.4647552056572457,1.4647552056572457,0.0,0.8125,-1.21875,0.0,1,0.0,0.017990769999999934,0.9695400935312646,0.009795100000000057,0.992018602936831,1.2186891,0.021314400000000067,0.9913375795350376,1.6091309999999979,0.9742487688621442,0.0,1,3,2,0.2388408764491301,1.7035960821063758,0
44b6_0113de3b,1,510,801,False,False,3.2752922102462856,2.84375,1.625,2.84375,0.0,1.625,2,1.8105370045890399,0.01740426000000006,1.0313087976154265,0.47928989999999994,0.7177249675940186,1.2186891,0.003578200000000198,0.9985318196042385,0.26818899999999957,0.9956138637289758,0.015873029999999955,1,2,1,0.36711140598183045,3.642403616228116,0
44b6_0113de3b,1,511,764,False,False,1.284675299443404,1.284675299443404,0.0,1.21875,-0.40625,0.0,1,0.0,0.10492462000000002,0.7829860083530059,0.004959600000000286,1.001106252395677,4.474195,0.005183199999999832,0.9974440130982763,0.268187999999995,0.9923661432226957,0.0,0,0,0,0.44558504612352773,1.7302603455669319,0
44b6_0113de3b,1,512,661,False,False,0.8125,0.8125,0.0,0.8125,0.0,0.0,1,0.0,0.25751644999999995,0.6126031545004836,1.6469562,0.4648236508998052,1.4304609,0.18109920000000002,0.9108617532577857,8.582029999999996,0.7557250083255771,0.0,1,1,0,1.9884314135981516,2.8009314135981516,0
44b6_0113de3b,1,513,781,False,False,4.772356925566235,4.487177913232324,1.625,-4.46875,0.40625,1.625,1,0.0,0.08658396999999995,0.8225559472824959,1.0065747,1.5090686019032429,1.9772573,0.010994300000000123,0.9954503358407346,0.8045649999999966,0.9864251801128007,0.015873020000000015,1,1,0,0.9190846907626126,5.691441616328847,0
44b6_0113de3b,1,514,815,False,False,1.4647552056572457,1.4647552056572457,0.0,-1.21875,-0.8125,0.0,1,0.0,0.03827011999999996,0.935659895373704,0.2243231000000001,1.1803298404338918,1.2438945,0.017385899999999843,0.9930028007862683,1.3409419999999983,0.9791665203661777,0.0,3,5,2,0.3368324681437672,1.8015876738010128,0
44b6_0113de3b,1,514,814,False,False,1.8168052317185792,0.8125,1.625,0.8125,0.0,1.625,2,0.3520500260613335,0.006736369999999936,0.9880262796855129,0.37088750000000004,1.3379786266810079,1.0973301,0.01055040000000007,1.0042878755765936,0.8045650000000037,1.0129308646868758,0.015873009999999993,3,4,1,0.28692885982177413,2.1037340915403533,0
44b6_0113de3b,1,514,813,False,False,2.8145825622994254,2.2980970388562794,-1.625,-1.625,-1.625,1.625,3,1.3498273566421797,0.04295563999999996,0.9283488835258036,0.21571049999999992,1.172213616883953,1.2525071,0.024272599999999755,0.9902597261944397,1.8773180000000025,0.9710742505348864,0.015873009999999993,3,5,2,0.4016747223456116,3.216257284645037,0
44b6_0113de3b,1,514,832,False,False,4.375446405796785,4.375446405796785,0.0,4.0625,-1.625,0.0,4,2.910691200139539,0.04806533000000002,1.094479992025633,0.83423345,2.315821999303937,0.63398415,0.06102570000000007,1.0253417799149291,4.559204000000001,1.0779814651127413,0.0,3,5,2,0.7741396980272022,5.149586103823987,0
44b6_0113de3b,1,515,822,False,False,3.832554834897995,2.03125,3.25,1.625,1.21875,3.25,1,0.0,0.0312095,1.0787108788048994,0.6722070999999998,0.7013873452224524,1.5789169,0.03814520000000021,0.9847370591701371,2.9500749999999982,0.9549178611815764,0.03174602999999998,1,2,1,0.687986672005704,4.520541506903699,0
44b6_0113de3b,1,516,834,False,False,2.1877232028983924,1.4647552056572457,1.625,0.8125,1.21875,1.625,1,0.0,0.04336095000000001,1.1139111142806406,0.21678600000000015,1.1417788187378837,1.5289631,0.02850280000000005,0.9884175000359505,2.1455079999999995,0.9656650784931649,0.015873020000000015,2,3,1,0.39160428066348174,2.5793274835618742,0
44b6_0113de3b,1,516,833,False,False,4.755034338729848,3.471001521535247,3.25,1.21875,3.25,3.25,2,2.5673111358314555,0.060478809999999994,1.1663743296333506,0.1138612000000001,1.069766129363853,1.6318879,0.014334499999999917,0.9941392305066443,1.0727529999999987,0.9825326055435489,0.03174602999999998,2,2,0,0.3019414893224701,5.056975828052318,0
44b6_0113de3b,1,516,831,False,False,5.28125,5.025034981221523,1.625,4.875,1.21875,1.625,3,3.0935267971016076,0.04930017000000003,1.1315706205339149,0.5959973000000001,1.5183571936378475,1.1497518,0.014334499999999917,0.9941392305066443,1.0727529999999987,0.9825326055435489,0.015873020000000015,2,3,1,0.43059679937449735,5.711846799374498,0
44b6_0113de3b,1,517,823,False,False,0.5745242597140698,0.5745242597140698,0.0,0.40625,0.40625,0.0,1,0.0,0.03437095000000001,1.0718631158429215,0.24325360000000007,1.1795113855647352,1.3550216,0.03147309999999992,1.0128177530142584,2.4136960000000016,1.0389608666437198,0.0,1,1,0,0.37972082367361737,0.9542450833876872,0
44b6_0113de3b,1,518,813,False,False,1.6750116604071745,0.40625,1.625,0.40625,0.0,1.625,1,0.0,0.007284999999999986,0.987834583758574,0.2359776,1.1883947133336543,1.2525071,0.017052700000000254,1.0068361939984196,1.3409399999999891,1.0206609634705572,0.015873020000000015,4,5,1,0.274320724373281,1.9493323847804556,0
44b6_0113de3b,1,518,815,False,False,3.447145558284419,1.1490485194281397,3.25,0.8125,0.8125,3.25,2,1.7721338978772445,0.0025994799999999874,0.9956140624371025,0.2445902000000002,1.1966229722619381,1.2438945,0.023939400000000166,1.009625186329254,1.8773159999999933,1.0291664551135702,0.03174603000000001,4,5,1,0.33981515637521753,3.7869607146596365,0
44b6_0113de3b,1,518,814,False,False,5.87308811976289,3.2752922102462856,4.875,2.84375,1.625,4.875,3,4.198076459355716,0.02893427000000004,1.0513359212851823,0.39115460000000013,1.3564479234833395,1.0973301,0.05187570000000008,1.0210991678013104,4.022822999999995,1.0646549341730582,0.04761904,4,4,0,0.6477282126409204,6.520816332403811,0
44b6_0113de3b,1,518,712,False,False,6.358818311015027,5.465534769123694,-3.25,-3.65625,4.0625,3.25,4,4.683806650607853,0.20859008999999995,0.7395610339327606,0.9841551,0.6019795848162567,1.4884847,0.05187570000000008,1.0210991678013104,4.022822999999995,1.0646549341730582,0.03174603000000001,4,2,2,1.1645394183439117,7.523357729358939,0
44b6_0113de3b,1,519,813,False,False,0.9084026158592896,0.9084026158592896,0.0,-0.40625,-0.8125,0.0,1,0.0,0.010713969999999962,0.9821163044810741,0.23050939999999986,1.184028944594848,1.2525071,0.010259400000000252,1.0041112550691735,0.8045699999999982,1.0123966088982062,0.0,4,5,1,0.21941795933656844,1.127820575195858,0
44b6_0113de3b,1,519,815,False,False,1.625,0.0,1.625,0.0,0.0,1.625,2,0.7165973841407104,0.006028449999999963,0.9898507500817486,0.23912200000000006,1.1922269756239325,1.2438945,0.017146100000000164,1.0068926991674145,1.3409460000000024,1.0208332310524606,0.015873009999999993,4,5,1,0.2708676840494829,1.8958676840494828,0
44b6_0113de3b,1,519,814,False,False,3.917733121653388,2.1877232028983924,3.25,2.03125,0.8125,3.25,3,3.0093305057940984,0.025505300000000064,1.045250051736556,0.3856864,1.3514647828872743,1.0973301,0.04508240000000008,1.0183356270291886,3.4864530000000045,1.0560343577151412,0.031746019999999986,4,4,0,0.5663739856421108,4.4841071072954986,0
44b6_0113de3b,1,519,832,False,False,5.58501412822743,5.343384490423649,1.625,5.28125,-0.8125,1.625,4,4.67661151236814,0.08030700000000002,1.1578692711023364,0.84903235,2.339164328251294,0.63398415,0.09555770000000008,1.03968402861522,7.241092000000002,1.1238530721354474,0.015873009999999993,4,5,1,1.121189448258086,6.706203576485516,0
44b6_0113de3b,1,520,820,False,False,1.7235727791422095,0.5745242597140698,1.625,0.40625,-0.40625,1.625,1,0.0,0.00930070999999999,0.9827891645811752,0.0005653000000001018,1.0003152646332354,1.7613674,0.02175830000000012,0.99106688845932,1.6091309999999979,0.9734511646361035,0.015873010000000007,2,4,2,0.22149908930800233,1.9450718684502117,0
44b6_0113de3b,1,520,794,False,False,4.755034338729848,4.46875,1.625,4.46875,0.0,1.625,2,3.0314615595876386,0.008055040000000013,1.0153641602998185,0.3470963,0.835419686406937,1.7619327,0.011027599999999804,1.0045829813887928,0.8045650000000037,1.0138247030641319,0.015873010000000007,2,3,1,0.2841060339297032,5.039140372659551,0
44b6_0113de3b,1,521,827,False,False,1.86167137607581,0.9084026158592896,1.625,-0.40625,-0.8125,1.625,1,0.0,0.006606700000000021,0.9839074087063382,0.5001413000000001,1.3306854804636685,1.5123978,0.03211280000000016,0.9869510419935899,2.413695000000004,0.9613732573133128,0.015873000000000026,1,2,1,0.5199930983855591,2.381664474461369,0
44b6_0113de3b,1,522,824,False,False,4.394265616971737,4.394265616971737,0.0,3.65625,-2.4375,0.0,1,0.0,0.01816093999999996,1.0482336990099874,0.6975701000000001,0.8259195557707667,3.3096483,0.0269550999999999,1.0107639633193295,2.145505,1.0326528596468612,0.0,2,2,0,0.6508378416632564,5.045103458634993,0
44b6_0113de3b,1,523,803,False,False,1.284675299443404,1.284675299443404,0.0,1.21875,-0.40625,0.0,1,0.0,0.0045205900000000465,1.0088119432278762,0.30197790000000024,0.881192036258496,2.2398274,0.0,0.9999960581413119,0.0,0.9999998537756658,0.0,2,2,0,0.21697792281596434,1.5016532222593684,0
44b6_0113de3b,1,524,818,False,False,2.4375,1.8168052317185792,1.625,1.625,0.8125,1.625,1,0.0,0.0013537399999999922,0.9967782482547605,0.2996590000000001,1.140032202139787,2.1398478,0.04365160000000001,0.9821350244781294,3.2182630000000003,0.9473682454619224,0.015873009999999993,0,1,1,0.5050839611509566,2.9425839611509566,0
44b6_0113de3b,1,525,804,False,False,1.86167137607581,0.9084026158592896,1.625,-0.40625,0.8125,1.625,1,0.0,0.044595779999999974,0.9189621655764858,0.1909457,0.7489958490581415,0.5698114,0.010994300000000123,0.9954503358407346,0.8045649999999966,0.9864251801128007,0.015873029999999982,4,4,0,0.1919917097429452,2.053663085818755,0
44b6_0113de3b,1,526,774,False,False,2.8726212985703494,2.8726212985703494,0.0,2.84375,0.40625,0.0,1,0.0,0.12221683,0.7649301994983343,1.5397781,0.5153176909654558,1.6371137,0.10801339999999993,0.9558645998613713,7.777464999999999,0.8733623142295299,0.0,2,1,1,1.2596593738084332,4.132280672378783,0
44b6_0113de3b,1,526,761,False,False,3.9804208320226646,3.6336104634371584,1.625,3.25,-1.625,1.625,2,1.1077995334523152,0.14117759999999996,0.7380177595767837,1.4693757,0.5269963032988192,1.6371137,0.0900688999999999,0.9629244061061878,6.436524999999996,0.8928569704513899,0.015873000000000026,2,1,1,1.1136633695330258,5.09408420155569,0
44b6_0113de3b,1,527,781,False,False,1.9902104160113323,1.1490485194281397,1.625,-0.8125,0.8125,1.625,1,0.0,0.08585708999999997,0.8240454335947565,0.7000439999999999,0.6459487293397307,1.2772133,0.07140120000000039,0.9704754525767082,5.095580999999996,0.9140269955643244,0.015873020000000015,3,1,2,0.7054126301468964,2.6956230461582287,0
44b6_0113de3b,1,528,809,False,False,0.40625,0.40625,0.0,0.40625,0.0,0.0,1,0.0,0.03065007999999997,0.9286850712820626,0.10301239999999989,1.064317934500766,1.6014469,0.0035066999999999737,0.9985755066537251,0.2681880000000021,0.9957445304193927,0.0,1,2,1,0.17543138553567295,0.581681385535673,0
44b6_0113de3b,1,529,819,False,False,3.494694639736067,1.284675299443404,-3.25,-0.40625,-1.21875,3.25,1,0.0,0.0077984599999999515,0.9863150932404611,1.2630265,1.6678384972931215,1.8911905,0.3149660000000001,1.1471974228720294,20.918701,1.5098035483621206,0.031746034,1,3,2,2.149416030398407,5.644110670134474,0
44b6_0113de3b,1,529,828,False,False,4.596194077712559,3.25,-3.25,0.0,-3.25,3.25,2,1.1014994379764915,0.05180123999999997,1.10135480278949,1.8771131,2.4698008533146494,1.2771039,0.5035837000000001,1.2581017612674914,30.841675,1.9913786854739008,0.031746034,1,3,2,2.6758187718132924,7.272012849525851,0
44b6_0113de3b,1,529,820,False,False,5.154734625807618,1.6750116604071745,4.875,-1.625,0.40625,4.875,3,1.6600399860715505,0.02181118999999998,1.0402994715789164,1.3928496000000001,1.7907672711140725,1.7613674,0.017839700000000125,1.0073168184395134,1.3409419999999983,1.022123718743218,0.047619046000000005,1,4,3,0.9267307973715468,6.081465423179164,0
44b6_0113de3b,1,529,794,False,False,5.51064311128928,2.569350598886808,4.875,2.4375,0.8125,4.875,4,2.0159484715532128,0.03916693999999998,1.0747806726890565,1.045188,1.4955707315037796,2.109029,0.05062560000000005,1.0210545266466906,3.754638,1.0645159339215775,0.047619046000000005,1,3,2,0.795261738935914,6.305904850225194,0
44b6_0113de3b,1,530,756,False,False,3.093907824257213,3.093907824257213,0.0,1.21875,2.84375,0.0,1,0.0,0.24713593,0.607268005425718,2.7725354999999996,0.5420870051792455,3.2821975,0.16097870000000003,0.924760532418756,8.582031,0.7908494869975753,0.0,0,0,0,1.919173504645518,5.0130813289027305,0
44b6_0113de3b,1,530,840,False,False,5.420051026051323,5.420051026051323,0.0,1.21875,-5.28125,0.0,2,2.32614320179411,0.027986640000000007,1.0789906437361494,2.82992878,7.257023943111894,0.45226872,0.16619490000000003,1.0916876844747831,7.509277999999998,1.3010747773453264,0.0,0,1,1,2.576726601244328,7.996777627295651,0
44b6_0113de3b,1,531,792,False,False,3.5648292823780494,1.4647552056572457,3.25,0.8125,1.21875,3.25,1,0.0,0.04039395000000001,0.9116843648979058,1.6286093999999998,0.6353175292709842,2.8372366,0.02688310000000005,0.9893852263962186,2.145505,0.9685038347102196,0.03174603000000001,1,0,1,1.08966104020753,4.65449032258558,0
44b6_0113de3b,1,532,816,False,False,3.040096626753827,2.569350598886808,1.625,-2.4375,0.8125,1.625,1,0.0,0.07233840000000002,0.8354389276358353,0.7908499999999998,0.7907168198991293,2.988039,0.06165569999999976,0.9755961724278543,4.827391999999996,0.9285712996304157,0.015873010000000007,0,0,0,0.8639995656041214,3.9040961923579487,0
44b6_0113de3b,1,533,804,False,False,2.7252078475778685,2.1877232028983924,1.625,2.03125,0.8125,1.625,1,0.0,0.04676289,0.9150250547052592,0.29601523999999996,0.6108858545539102,0.46474186,0.07528120000000005,0.9688712890281002,5.363768999999998,0.9095021174660636,0.015873029999999982,4,4,0,0.6498571711048973,3.3750650186827658,0
44b6_0113de3b,1,534,802,False,False,1.86167137607581,0.9084026158592896,-1.625,-0.40625,-0.8125,1.625,1,0.0,0.03858628999999997,0.9217359412072544,0.026892099999999974,1.0313546092573784,0.8573472,0.041068500000000174,1.0173219308169885,2.950072999999996,1.0528844224157543,0.015873000000000026,2,1,1,0.4291062104225776,2.2907775864983875,0
44b6_0113de3b,1,535,842,False,False,1.6750116604071745,0.40625,1.625,0.0,-0.40625,1.625,1,0.0,0.044387679999999985,1.1735789349425152,1.4117782,2.4768843252783896,0.9558998,0.021253100000000025,1.008692019108522,1.6091309999999979,1.0263156237814708,0.015873009999999965,1,1,0,0.915904509954686,2.5909161703618606,0
44b6_0113de3b,1,536,789,False,False,3.832554834897995,3.471001521535247,1.625,3.25,1.21875,1.625,1,0.0,0.13365213000000004,0.7612356776736587,0.34258993000000004,0.7174694077692465,0.87001187,0.10284590000000016,0.9582177668256967,7.509277000000004,0.8798281908064637,0.015873009999999965,3,2,1,1.0400957663540722,4.872650601252067,0
44b6_0113de3b,1,536,786,False,False,6.662995408410545,5.816614806956019,3.25,5.28125,2.4375,3.25,2,2.8304405735125497,0.16786643000000007,0.7173902620794748,0.57642513,0.6014820245746992,0.87001187,0.13414210000000004,0.9461887036153084,9.922972000000009,0.847107329524286,0.03174602999999998,3,2,1,1.4097658793257355,8.07276128773628,0
44b6_0113de3b,1,537,832,False,False,2.2980970388562794,1.625,1.625,1.625,0.0,1.625,1,0.0,0.016207360000000004,1.0318450928052374,0.05833929999999998,1.0920028993958384,0.63398415,0.02909879999999987,1.0120815129153544,2.1455079999999995,1.0366970735258152,0.015873009999999993,5,5,0,0.28898770663572165,2.587084745492001,0
44b6_0113de3b,1,537,814,False,False,3.9804208320226646,2.2980970388562794,3.25,-1.625,1.625,3.25,2,1.6823237931663853,0.03859433999999995,0.931483513343417,0.40500665,0.6309105536196116,0.69232345,0.02137650000000013,0.9912998889018614,1.6091309999999979,0.9741377723920627,0.031746019999999986,5,4,1,0.3191396577988679,4.299560489821532,0
44b6_0113de3b,1,537,813,False,False,4.0625,4.0625,0.0,-4.0625,0.0,0.0,3,1.7644029611437206,0.07481360999999997,0.875221335114993,0.5601836500000001,0.5527457070246784,0.69232345,0.05619949999999996,0.9774531590326553,4.291014000000004,0.9338841773132934,0.0,5,5,0,0.6956850304139541,4.758185030413954,0
44b6_0113de3b,1,537,815,False,False,4.0827619710803615,3.7454399357752353,1.625,-3.65625,0.8125,1.625,4,1.7846649322240822,0.07012808999999998,0.88211395238864,0.55157105,0.5565728317567787,0.69232345,0.049312800000000045,0.980160758720213,3.754638,0.9416665304647955,0.015873009999999993,5,5,0,0.6204648806678594,4.703226851748221,0
44b6_0113de3b,1,538,792,False,False,5.58501412822743,4.5420130792964475,3.25,4.46875,0.8125,3.25,1,0.0,0.05653642999999997,0.8763998599590855,2.0162317,0.5485206643474398,2.4496143,0.023491099999999765,0.990724057251123,1.8773200000000116,0.9724407911464317,0.03174603000000001,1,0,1,1.316625680436653,6.901639808664083,0
44b6_0113de3b,1,539,824,False,False,0.9084026158592896,0.9084026158592896,0.0,-0.40625,-0.8125,0.0,1,0.0,0.03198498000000005,0.9149776135478067,1.7331446000000001,0.5674929335198363,2.2740738,0.02754840000000014,0.9889910370813464,2.1455100000000016,0.9673467598714823,0.0,2,2,0,1.1631168245961185,2.071519440455408,0
44b6_0113de3b,1,540,799,False,False,6.550584420492571,4.375446405796785,4.875,4.0625,1.625,4.875,1,0.0,0.019060739999999965,0.9507380227262747,0.41103880000000004,1.1363908764281712,3.0135992,0.03751829999999989,1.0151080763800036,2.9500740000000008,1.046024953158535,0.047619039999999946,0,0,0,0.5695743172086136,7.120158737701185,0
44b6_0113de3b,1,541,836,False,False,3.5648292823780494,1.4647552056572457,3.25,1.21875,0.8125,3.25,1,0.0,0.035281600000000024,1.100690729336642,0.0636416999999998,0.9822391966136786,3.5201783,0.030123499999999748,1.0119971106697851,2.4137000000000057,1.0364371485643067,0.03174602999999998,1,0,1,0.43965367309158687,4.004482955469636,0
44b6_0113de3b,1,542,838,False,False,0.5745242597140698,0.5745242597140698,0.0,0.40625,-0.40625,0.0,1,0.0,0.03190664999999998,1.079250864024528,0.2802662,1.2209392829711179,1.2684661,0.054487000000000396,1.0227308004286044,4.022827999999997,1.069767271658194,0.0,0,2,2,0.550229726825189,1.1247539865392588,0
44b6_0113de3b,1,542,837,False,False,2.0714766773970688,1.284675299443404,1.625,1.21875,0.40625,1.625,2,1.496952417682999,0.015756009999999987,1.0376134026888428,0.39510709999999993,1.3424801011619616,1.1536252,0.04707840000000019,1.019579000980273,3.486449999999998,1.0599076480177383,0.01587301000000002,0,2,2,0.5156768949577543,2.587153572354823,0
44b6_0113de3b,1,543,830,False,False,0.5745242597140698,0.5745242597140698,0.0,0.40625,-0.40625,0.0,1,0.0,0.03107705999999999,0.9229345051900054,0.2098453,0.9374368869357328,3.1444423,0.016646699999999903,0.99344272478923,1.3409400000000034,0.9804686418980585,0.0,1,1,0,0.2569468153663942,0.831471075080464,0
44b6_0113de3b,1,544,849,False,False,1.21875,1.21875,0.0,1.21875,0.0,0.0,1,0.0,0.04630539,1.1801696370699164,0.7281449000000002,1.2648157511158207,2.7495806,0.07028359999999978,0.9664770388298954,3.754638,0.9027775598375417,0.0,0,0,0,0.6898229082742225,1.9085729082742224,0
44b6_0113de3b,1,546,645,False,False,6.942003043070494,6.942003043070494,0.0,2.4375,-6.5,0.0,1,0.0,0.6931509,0.366842025025035,8.72953754,0.041274604167563574,0.37582046,0.3900515000000002,0.8135473758779815,17.700439,0.5384614080867124,0.0,2,0,2,6.6796213513224725,13.621624394392967,0
44b6_0113de3b,1,547,843,False,False,0.5745242597140698,0.5745242597140698,0.0,0.40625,-0.40625,0.0,1,0.0,0.037308160000000035,1.1206153276206494,0.0838327000000001,1.0580241121115446,1.4446084,0.06304850000000028,1.0258692664037685,4.827393999999998,1.0796458626399479,0.0,1,1,0,0.7297775179584132,1.304301777672483,0
44b6_0113de3b,1,548,825,False,False,1.9902104160113323,1.1490485194281397,1.625,0.8125,-0.8125,1.625,1,0.0,0.04891371,0.8813921670849142,1.6718321,0.4947008242080992,1.6367762,0.05061459999999984,0.9800705160905134,4.022829999999999,0.9414060713473178,0.015873000000000026,1,0,1,1.216026034782148,3.2062364507934804,0
44b6_0113de3b,1,549,825,False,False,2.333728575156074,1.6750116604071745,1.625,-0.40625,-1.625,1.625,1,0.0,0.031074360000000023,0.9246408627401238,1.7435992,0.47300986638440584,1.5650091,0.05752069999999998,0.9773517783853798,4.559203999999994,0.9335936154984266,0.015873000000000026,2,0,2,1.320141900422952,3.6538704755790263,0
44b6_0113de3b,1,550,835,False,False,2.4375,1.8168052317185792,1.625,0.8125,1.625,1.625,1,0.0,0.018128480000000002,0.9473653710856424,0.8580344000000002,0.6237658085273144,1.4225681,0.056685499999999944,0.9771634559710118,4.291016000000006,0.9330542419920189,0.015873020000000015,0,0,0,0.8023404693784902,3.2398404693784904,0
44b6_0113de3b,1,551,848,False,False,2.8145825622994254,2.2980970388562794,1.625,1.625,1.625,1.625,1,0.0,0.017555669999999968,1.060235998686222,0.009937400000000096,1.0098694338541445,1.0058633,0.003816899999999901,1.001611251682558,0.26818899999999957,1.0048541965371556,0.01587301000000002,2,1,1,0.07424637515596723,2.8888289374553926,0
44b6_0113de3b,1,552,841,False,False,1.4647552056572457,1.4647552056572457,0.0,0.8125,-1.21875,0.0,1,0.0,0.017128770000000015,1.0548694054386218,0.20528846,0.762490364475326,0.65908104,0.03249330000000006,1.0134503510938604,2.413694999999997,1.0409088925319239,0.0,1,1,0,0.38923137408667985,1.8539865797439257,0
44b6_0113de3b,1,553,798,False,False,3.72334275215162,3.350023320814349,1.625,0.8125,3.25,1.625,1,0.0,0.06182538999999998,0.844793667993072,1.7148908,0.37220085141078474,1.0167066,0.022022499999999834,0.9909044879380486,1.6091300000000004,0.9729728231704705,0.015873019999999995,1,0,1,1.0944270314741786,4.817769783625798,0
44b6_0113de3b,1,554,816,False,False,4.0625,4.0625,0.0,4.0625,0.0,0.0,1,0.0,0.1585468,0.6393523970311662,1.930084,0.48924435397717697,1.848805,0.10818039999999973,0.9571843039718763,8.313842999999999,0.8769839936981073,0.0,0,0,0,1.6296891615562994,5.6921891615563,0
44b6_0113de3b,1,555,826,False,False,0.40625,0.40625,0.0,0.40625,0.0,0.0,1,0.0,0.07524055000000002,0.7974866623403136,0.7215758000000001,0.7151821480740944,1.8119134,0.08978299999999995,0.9549892853114779,4.291014999999998,0.8709674945828314,0.0,0,0,0,0.9132919124367163,1.3195419124367163,0
44b6_0113de3b,1,556,836,False,False,4.5420130792964475,3.1729139308370784,3.25,-2.4375,2.03125,3.25,1,0.0,0.04508751999999999,0.8712589681195696,1.5724285999999998,0.5612407396556198,2.0113914,0.020491100000000095,0.991832435102119,1.6091299999999933,0.9757083663433298,0.03174602999999998,1,0,1,1.0266987702123103,5.568711849508758,0
44b6_0113de3b,1,557,850,False,False,1.7235727791422095,0.5745242597140698,1.625,-0.40625,0.40625,1.625,1,0.0,0.015420999999999963,1.0462706226432712,0.08348463000000006,1.1923963429712632,0.43385807,0.07044719999999982,1.0306265779956334,4.827393000000001,1.0947366365608482,0.015873040000000005,2,2,0,0.5117574917910059,2.2353302709332157,0
44b6_0113de3b,1,558,845,False,False,2.0714766773970688,1.284675299443404,1.625,-1.21875,0.40625,1.625,1,0.0,0.007238949999999966,0.9739417262666767,0.2622249000000001,1.12079842206238,2.1706715,0.014047000000000143,1.0057103060100798,1.0727529999999987,1.0172412011320457,0.015873020000000015,0,0,0,0.24617789721972486,2.317654574616794,0
44b6_0113de3b,1,559,844,False,False,3.471001521535247,1.21875,3.25,0.0,1.21875,3.25,1,0.0,0.009497970000000022,0.9706785702754208,0.2002562,1.347499250758309,0.5762393,0.0,0.9999957945941863,0.0,0.9999998224418891,0.03174605000000008,4,4,0,0.15910483954341306,3.6301063610786604,0
44b6_0113de3b,1,559,851,False,False,4.755034338729848,3.471001521535247,3.25,3.25,1.21875,3.25,2,1.2840328171946007,0.02455141999999999,1.0845621529284548,0.16859519999999995,0.8216008093105847,0.7764955,0.022434200000000182,0.990649520106852,1.6091300000000004,0.9722220687769382,0.03174605000000008,4,3,1,0.2765330164019007,5.031567355131749,0
44b6_0113de3b,1,560,831,False,False,1.284675299443404,1.284675299443404,0.0,1.21875,-0.40625,0.0,1,0.0,0.05801175999999997,0.8451220807785836,0.2868836,0.7504756202545605,0.8628682,0.014168300000000134,1.005784693277408,1.0727550000000008,1.0174671013692544,0.0,1,3,2,0.3163502025475244,1.6010255019909285,0
44b6_0113de3b,1,560,834,False,False,2.8726212985703494,2.8726212985703494,0.0,-2.84375,-0.40625,0.0,2,1.5879459991269453,0.06395097999999999,0.8319329449001286,0.6660948999999999,0.5643449188216588,0.8628682,0.0,0.9999959377893564,0.0,0.9999998399690819,0.0,1,3,2,0.42798339972904065,3.30060469829939,0
44b6_0113de3b,1,560,833,False,False,3.350023320814349,2.9295104113144914,1.625,-2.4375,1.625,1.625,3,2.065348021370945,0.046833120000000006,0.8711154942864825,0.7690197,0.5287513391615982,0.8628682,0.014168300000000134,1.005784693277408,1.0727550000000008,1.0174671013692544,0.015873009999999965,1,2,1,0.531431606100778,3.881454926915127,0
44b6_0113de3b,1,561,853,False,False,0.40625,0.40625,0.0,0.40625,0.0,0.0,1,0.0,0.0029101600000000505,1.00878028896335,0.18413622999999996,1.4625747902757065,0.3980364,0.01495579999999963,0.9937554451777006,1.0727520000000013,0.9813952115460883,0.0,1,1,0,0.1926987215568695,0.5989487215568695,0
44b6_0113de3b,1,562,846,False,False,3.0671202393287422,2.6012692214570947,1.625,1.625,2.03125,1.625,1,0.0,0.005674440000000003,1.016502018601784,0.24659266999999999,0.48588677535603053,0.2330634,0.05821229999999966,0.9754761718426525,4.022825999999995,0.9282295179067784,0.015873000000000026,2,2,0,0.47060634546399727,3.5377265847927397,0
44b6_0113de3b,1,564,664,False,False,3.65625,3.2752922102462856,-1.625,-3.25,-0.40625,1.625,1,0.0,0.6689345,0.3018778840953722,2.40711819,0.057692681993423076,0.14737621,0.9078492999999999,0.634320733099163,47.737549,0.2552300842023072,0.015873020000000015,1,2,1,6.330310274877522,9.986560274877522,0
44b6_0113de3b,1,564,610,False,False,6.662995408410545,5.816614806956019,-3.25,-5.6875,-1.21875,3.25,2,3.006745408410545,0.8737253300000001,0.24872052054503346,4.13599619,0.03440650314106908,0.14737621,0.9587375999999999,0.621579932504295,51.760373,0.24015745476944467,0.031746030000000036,1,1,0,6.392080320222774,13.05507572863332,0
44b6_0113de3b,1,565,855,False,False,0.5745242597140698,0.5745242597140698,0.0,-0.40625,-0.40625,0.0,1,0.0,0.0010808600000000168,1.0041160020254454,0.32458869999999995,1.5764641213673363,0.563041,0.06308679999999978,1.0266538861250019,4.559204999999999,1.0821254246035195,0.0,1,2,1,0.6069790843052931,1.181503344019363,0
44b6_0113de3b,1,565,857,False,False,3.65625,3.2752922102462856,1.625,3.25,0.40625,1.625,2,3.08172574028593,0.01803393000000003,0.9353923503085899,0.1260266,1.1654601266706153,0.7616031,0.007209500000000091,0.9970373157863527,0.5363760000000042,0.9911502947190463,0.015873040000000005,1,1,0,0.15656940589689697,3.812819405896897,0
44b6_0113de3b,1,566,856,False,False,1.7235727791422095,0.5745242597140698,1.625,0.40625,0.40625,1.625,1,0.0,0.00010268999999998862,0.9995471681857703,0.11775810000000009,0.8889872061276053,0.9430835,0.0036757000000000595,1.0015224829451135,0.268187999999995,1.0045869759766757,0.015873010000000076,0,0,0,0.09168508262265392,1.8152578617648634,0
44b6_0113de3b,1,567,861,False,False,2.6012692214570947,2.03125,1.625,1.625,1.21875,1.625,1,0.0,0.02344444000000001,1.1232967567890073,0.20903872999999995,0.7422000425628404,0.6018464,0.04007290000000019,0.9827806003817291,2.681884999999994,0.9492383946893939,0.01587302,0,0,0,0.3401848990635012,2.941454120520596,0
44b6_0113de3b,1,568,857,False,False,0.5745242597140698,0.5745242597140698,0.0,0.40625,-0.40625,0.0,1,0.0,0.001896830000000016,0.9931724516410187,0.19534065,1.2564696563123718,0.7616031,0.018104499999999746,0.9925663074744631,1.3409430000000029,0.9778759347827671,0.0,1,1,0,0.2413060746025154,0.8158303343165852,0
44b6_0113de3b,1,568,855,False,False,3.832554834897995,3.471001521535247,-1.625,-3.25,-1.21875,1.625,2,3.258030575183925,0.017217960000000032,1.066141230612576,0.39390274999999997,1.6995685115557917,0.563041,0.05219180000000012,1.0220500684086324,3.754638,1.0676326453964489,0.015873040000000005,1,2,1,0.5057699666651932,4.338324801563188,0
44b6_0113de3b,1,570,858,False,False,3.5648292823780494,1.4647552056572457,3.25,1.21875,0.8125,3.25,1,0.0,0.017077399999999993,0.9094851197433457,0.7970140000000001,1.7705489732655655,1.0343227,0.0,0.9999959260997758,0.0,0.999999838583533,0.03174604999999997,0,0,0,0.5835584479811038,4.148387730359153,0
44b6_0113de3b,1,571,860,False,False,0.40625,0.40625,0.0,0.0,-0.40625,0.0,1,0.0,0.018079940000000017,0.9364366767705395,0.15460047,0.6162013858014556,0.24823223,0.07907960000000003,0.9665257161804011,5.363768999999998,0.9029124672406579,0.0,2,1,1,0.5481170255845027,0.9543670255845027,0
44b6_0113de3b,1,573,859,False,False,1.6750116604071745,0.40625,1.625,0.0,0.40625,1.625,1,0.0,0.024019599999999974,0.9299525371712482,0.047357934000000004,0.6864028198087352,-0.15099329,0.22085830000000017,1.1776640786853996,5.095580999999999,1.6333313198264308,0.015873019999999988,2,1,1,5.290406610141425,6.9654182705486,0
44b6_0113de3b,2,574,862,False,False,2.03125,2.03125,0.0,1.21875,1.625,0.0,1,0.0,0.008460399999999924,0.9916044854709448,1.3105114000000002,1.2000967731395145,6.549328,0.004671800000000115,1.0021835001988748,0.2681869999999975,1.0065786639702132,0.0,0,0,0,0.9179236741339132,2.949173674133913,0
44b6_0113de3b,2,575,865,False,False,1.9902104160113323,1.1490485194281397,1.625,0.8125,0.8125,1.625,1,0.0,0.07917750000000012,0.942422746139988,0.1364730000000005,0.9856200798611685,9.354738,0.0,0.9999960581413119,0.0,0.9999998537756658,0.01587303000000001,0,0,0,0.311335536342727,2.301545952354059,0
44b6_0113de3b,2,576,866,False,False,2.0714766773970688,2.0714766773970688,0.0,0.40625,2.03125,0.0,1,0.0,0.04461230000000005,1.0331902554863044,0.3722614999999996,1.0802142955326668,4.6407027,0.0,0.999995326413122,0.0,0.999999756292806,0.0,1,0,1,0.24946671253648225,2.320943389933551,0
44b6_0113de3b,2,576,900,False,False,6.989389279472134,6.989389279472134,0.0,-5.6875,-4.0625,0.0,2,4.917912602075066,0.5894290400000001,1.7376770301977,0.18104750000000003,0.9651411737459626,5.0129642,0.10274859999999997,1.050437824347515,5.631957,1.159090548288475,0.0,1,0,1,2.544052333215526,9.53344161268766,0
44b6_0113de3b,2,577,1041,False,False,2.0714766773970688,2.0714766773970688,0.0,0.40625,2.03125,0.0,1,0.0,0.5831064000000001,2.2730650863183195,4.1866209,2.2212025304548,3.4282591,0.15045330000000012,1.0799666511722719,7.241087999999998,1.259614897840971,0.0,0,1,1,3.102589550091141,5.174066227488209,0
44b6_0113de3b,2,578,869,False,False,0.40625,0.40625,0.0,0.0,0.40625,0.0,1,0.0,0.04788154,1.0514811589643818,0.21968460000000078,1.0355097525387238,6.1863074,0.01333479999999998,1.0052802026677212,1.0727499999999992,1.015936045464836,0.0,1,1,0,0.24956444351763538,0.6558144435176354,0
44b6_0113de3b,2,578,870,False,False,2.9575446425202108,2.471122277933652,1.625,0.40625,2.4375,1.625,2,2.5512946425202108,0.04794096999999997,1.0515483646319213,1.0447087000000002,1.194859456765777,5.3612833,0.026811599999999824,1.010677661558016,2.1455100000000016,1.0323885429548616,0.015873000000000026,1,1,0,0.7196468308957218,3.6771914734159328,0
44b6_0113de3b,2,579,910,False,False,1.284675299443404,1.284675299443404,0.0,0.40625,1.21875,0.0,1,0.0,0.05636798999999992,1.0653896655303743,1.4518722,1.3948065180149745,3.6773918,0.004671800000000115,0.9978119200954981,0.2681869999999975,0.9934638461718243,0.0,0,0,0,0.9338857290868026,2.218561028530207,0
44b6_0113de3b,2,580,864,False,False,2.03125,2.03125,0.0,1.21875,1.625,0.0,1,0.0,0.02635720000000008,0.9773274096871684,1.0541821000000002,0.8182224230339402,4.7451596,0.0,0.999995326413122,0.0,0.999999756292806,0.0,2,2,0,0.6891618246717611,2.720411824671761,0
44b6_0113de3b,2,580,887,False,False,2.7252078475778685,2.7252078475778685,0.0,-1.21875,2.4375,0.0,2,0.6939578475778685,0.19166660000000002,1.202826004985972,1.9534938,1.6997531017032852,2.7916658,0.004671800000000115,1.0021835001988748,0.2681869999999975,1.0065786639702132,0.0,2,2,0,1.253416698983703,3.9786245465615715,0
44b6_0113de3b,2,581,875,False,False,2.333728575156074,1.6750116604071745,1.625,0.40625,1.625,1.625,1,0.0,0.016853100000000065,1.0133443332515708,1.2289187000000004,1.19462168237431,6.3143363,0.0033205000000000595,1.0013066626017573,0.26818999999998994,1.0039368830362,0.01587301000000002,0,1,1,0.8182422000146167,3.1519707751706907,0
44b6_0113de3b,2,581,897,False,False,4.772356925566235,3.494694639736067,3.25,2.03125,2.84375,3.25,2,2.4386283504101605,0.24781949999999986,1.2403059934167602,4.397678000000001,2.39804367197601,3.145577,0.05420880000000006,1.0218308910322393,4.29101399999999,1.0669454147784883,0.03174604000000003,0,1,1,2.775249548786487,7.547606474352722,0
44b6_0113de3b,2,582,891,False,False,1.625,1.625,0.0,0.0,1.625,0.0,1,0.0,0.06758799999999998,1.0812023104050779,0.6640240000000004,1.087261588035427,7.609455,0.0,0.9999951628705035,0.0,0.999999729802902,0.0,0,0,0,0.43019734622999783,2.0551973462299977,0
44b6_0113de3b,2,583,1034,False,False,2.471122277933652,2.471122277933652,0.0,0.40625,2.4375,0.0,1,0.0,0.45795211999999996,1.9593565616069182,2.7428565,2.271769019354644,2.1567075,0.21279500000000007,1.116980151225096,9.922972999999995,1.393616440193898,0.0,0,1,1,2.80547658470295,5.276598862636602,0
44b6_0113de3b,2,584,974,False,False,2.632800908728193,2.0714766773970688,1.625,0.40625,2.03125,1.625,1,0.0,0.18642995000000007,1.2968043294404756,3.4647122,1.9798905776822773,3.5357952,0.08245079999999971,1.0336341638845856,6.436520000000009,1.104347590663025,0.015873020000000015,0,1,1,2.2964191235395486,4.929220032267741,0
44b6_0113de3b,2,584,1065,False,False,4.737648414561806,4.737648414561806,0.0,4.0625,2.4375,0.0,2,2.104847505833613,0.31093270000000006,1.6174152602828924,5.2332321,3.9611642783426078,1.7672753,0.11120529999999995,1.0459039234032592,8.582030000000003,1.1441439353285348,0.0,0,3,3,3.384947807446145,8.122596222007951,0
44b6_0113de3b,2,585,1004,False,False,0.8125,0.8125,0.0,0.0,0.8125,0.0,1,0.0,0.23052819999999996,1.256849971013343,1.5538232999999995,1.6038768734431734,2.5730531,0.10790539999999993,1.0531039107209899,5.900147000000004,1.1679386155917422,0.0,0,1,1,1.1731551967486478,1.9856551967486478,0
44b6_0113de3b,2,586,909,False,False,0.40625,0.40625,0.0,0.0,0.40625,0.0,1,0.0,0.11688299999999996,1.1188873318408459,1.9961430999999998,1.6228879196353414,3.2046325,0.07164359999999981,1.029057564470538,5.631955999999995,1.0897433834096226,0.0,3,2,1,1.4587989525513936,1.8650489525513936,0
44b6_0113de3b,2,586,882,False,False,2.8726212985703494,2.368824207280903,1.625,1.21875,2.03125,1.625,2,2.4663712985703494,0.02754000000000012,0.9755649724278872,0.17262310000000003,1.0343292604405685,5.0281525,0.0,0.9999960581413119,0.0,0.9999998537756658,0.015873040000000005,3,2,1,0.19856956890733718,3.0711908674776867,0
44b6_0113de3b,2,587,935,False,False,1.6750116604071745,1.6750116604071745,0.0,0.40625,1.625,0.0,1,0.0,0.07391979999999998,1.098579693648535,0.7146439000000004,0.8517354471921017,4.1054726,0.0,0.9999950782043793,0.0,0.9999997153648879,0.0,1,1,0,0.6853721607787027,2.360383821185877,0
44b6_0113de3b,2,587,1034,False,False,6.187815648514426,6.187815648514426,0.0,5.6875,-2.4375,0.0,2,4.512803988107251,0.34632352,1.725502488797468,1.9487650999999997,1.903574575715178,2.1567075,0.21279500000000007,1.116980151225096,9.922972999999995,1.393616440193898,0.0,1,1,0,2.467252290536466,8.655067939050891,0
44b6_0113de3b,2,588,872,False,False,1.284675299443404,1.284675299443404,0.0,-0.40625,1.21875,0.0,1,0.0,0.07341120000000001,0.9480482869906672,0.7235214999999995,0.8788342841678725,5.2478895,0.0033118999999999232,0.9986922612208506,0.26819000000000415,0.9960935827264694,0.0,3,2,1,0.46386014974146356,1.7485354491848677,0
44b6_0113de3b,2,588,903,False,False,3.350023320814349,2.9295104113144914,1.625,1.625,2.4375,1.625,2,2.065348021370945,0.23135269999999997,1.208699889020659,2.3317115000000004,1.7995717354299519,2.916178,0.04730269999999992,1.0189963204914452,3.754639999999995,1.0580911457120563,0.015873000000000026,3,1,2,1.539848389804154,4.889871710618503,0
44b6_0113de3b,2,589,874,False,False,2.8145825622994254,2.2980970388562794,1.625,-1.625,1.625,1.625,1,0.0,0.02711034999999995,1.0325488423000733,1.6862021,1.3715910788281434,4.5377526,0.003496600000000072,0.9985816067572891,0.268187999999995,0.995762562035401,0.015873029999999955,2,1,1,1.1262538601122294,3.940836422411655,0
44b6_0113de3b,2,590,873,False,False,1.284675299443404,1.284675299443404,0.0,0.40625,1.21875,0.0,1,0.0,0.045315900000000076,0.964389071193495,1.1049147000000001,1.3047486443928322,3.6256163,0.004671800000000115,0.9978119200954981,0.2681869999999975,0.9934638461718243,0.0,1,0,1,0.8610776322904024,2.1457529317338064,0
44b6_0113de3b,2,591,892,False,False,0.5745242597140698,0.5745242597140698,0.0,0.40625,0.40625,0.0,1,0.0,0.11717460000000002,0.9004608706724199,0.6318150000000005,0.8676510929852743,4.1421094,0.0,0.9999960477815308,0.0,0.9999998526197466,0.0,0,1,1,0.5116012743413924,1.086125534055462,0
44b6_0113de3b,2,592,898,False,False,0.8125,0.8125,0.0,0.0,0.8125,0.0,1,0.0,0.009954640000000015,1.0111954561441616,0.7414562000000005,1.1909387860171061,3.8831518,0.020775999999999684,1.0083996903205763,1.6091300000000075,1.0254235534105232,0.0,1,2,1,0.5341470385606812,1.3466470385606812,0
44b6_0113de3b,2,592,914,False,False,3.093907824257213,3.093907824257213,0.0,-1.21875,2.84375,0.0,2,2.281407824257213,0.046911500000000106,1.0550928219755304,1.0774817000000003,1.3037581893878734,3.5471263,0.020775999999999684,1.0083996903205763,1.6091300000000075,1.0254235534105232,0.0,1,2,1,0.7015319228479745,3.7954397471051875,0
44b6_0113de3b,2,593,909,False,False,2.2980970388562794,2.2980970388562794,0.0,1.625,1.625,0.0,1,0.0,0.004904299999999973,0.9950010009594563,0.014367100000000299,0.995513664940785,3.1902654,0.048214699999999944,1.0195538291811796,3.754635999999998,1.0598288479111373,0.0,2,2,0,0.6037502463617499,2.9018472852180293,0
44b6_0113de3b,2,593,882,False,False,4.614113030962723,4.318496736423452,1.625,2.84375,3.25,1.625,2,2.3160159921064434,0.14932730000000005,0.8675476935373919,1.8378871,0.6344793749207589,3.1902654,0.023428899999999864,0.9907607168396164,1.8773199999999974,0.9725488670757926,0.015873040000000005,2,2,0,1.1624116323001035,5.776524663262826,0
44b6_0113de3b,2,594,868,False,False,2.0714766773970688,1.284675299443404,1.625,0.40625,1.21875,1.625,1,0.0,0.06184070000000008,0.9495015776394046,0.569178,0.8941386110402813,4.807541,0.0033118999999999232,0.9986922612208506,0.26819000000000415,0.9960935827264694,0.015873020000000015,2,2,0,0.3688532617591059,2.440329939156175,0
44b6_0113de3b,2,594,1156,False,False,5.887121803139459,5.658407737606049,-1.625,-5.28125,-2.03125,1.625,2,3.8156451257423907,0.8282362400000001,3.4743286527321944,5.01634348,-23.025450916623047,-0.20880248,1.3991677,2.229805382160919,62.219725,11.086938230595079,0.015873019999999988,2,0,2,15.606716938289036,21.493838741428497,0
44b6_0113de3b,2,595,896,False,False,2.9575446425202108,2.9575446425202108,0.0,0.8125,2.84375,0.0,1,0.0,0.015286939999999971,0.9818046377813376,1.1827474000000002,0.7643499286529168,3.8363686,0.0,0.999995326413122,0.0,0.999999756292806,0.0,0,0,0,0.7917407817781925,3.749285424298403,0
44b6_0113de3b,2,596,890,False,False,2.4375,1.8168052317185792,1.625,0.8125,1.625,1.625,1,0.0,0.05228858999999997,1.0575590858630763,0.7243828999999997,1.187365587837811,3.8660836,0.06165569999999976,1.0250060572424315,4.827391999999996,1.0769228955126189,0.015872999999999915,3,3,0,0.8480849365203572,3.2855849365203573,0
44b6_0113de3b,2,596,883,False,False,4.958913218891817,3.7454399357752353,3.25,3.65625,0.8125,3.25,2,2.5214132188918166,0.021295309999999956,1.0226619596912798,0.03971449999999965,1.0087248025715254,4.550752,0.058148999999999784,1.0235500948784588,4.559203999999994,1.0723402537643334,0.03174599999999994,3,2,1,0.7353475568953348,5.694260775787152,0
44b6_0113de3b,2,597,1021,False,False,2.03125,1.21875,1.625,0.0,1.21875,1.625,1,0.0,0.23203517000000007,1.4675467198274104,1.871734,0.8489904534714033,10.523128,0.05378129999999981,1.0260730040039057,2.9500750000000053,1.0802917274398145,0.015873000000000026,0,1,1,1.9363763623827273,3.9676263623827275,0
44b6_0113de3b,2,598,876,False,False,0.9084026158592896,0.9084026158592896,0.0,0.40625,0.8125,0.0,1,0.0,0.03274335000000006,0.9611526277529739,0.1528243999999992,0.9723376251042537,5.3721576,0.0,0.999995316186454,0.0,0.9999997546894785,0.0,0,0,0,0.13633108780959907,1.0447337036688886,0
44b6_0113de3b,2,599,889,False,False,2.03125,1.21875,1.625,-1.21875,0.0,1.625,1,0.0,0.06470209999999987,0.9386679985954092,1.2121763999999997,0.7910959698510293,4.590413,0.01373570000000024,0.9945014098795171,1.0727559999999983,0.9836063755004737,0.015873009999999965,1,1,0,0.7631688141480498,2.7944188141480497,0
44b6_0113de3b,2,599,884,False,False,2.2980970388562794,1.625,1.625,0.0,1.625,1.625,2,0.26684703885627936,0.025059299999999896,0.9753125822588131,0.34019770000000005,0.9310010400921734,4.590413,0.0,0.9999959776733519,0.0,0.9999998446366489,0.015873009999999965,1,1,0,0.2145214302141239,2.512618469070403,0
44b6_0113de3b,2,600,872,False,False,2.03125,2.03125,0.0,-2.03125,0.0,0.0,1,0.0,0.36087059999999993,0.7446464323405803,3.2761191999999997,0.4513652278075856,2.6952918,0.05061459999999984,0.9800705160905134,4.022829999999999,0.9414060713473178,0.0,4,2,2,2.1531695811112095,4.184419581111209,0
44b6_0113de3b,2,600,903,False,False,2.03125,1.21875,1.625,0.0,1.21875,1.625,2,0.0,0.056106699999999954,0.9493757569951176,0.2208861999999998,0.9242517286265495,2.6952918,0.0,0.9999959832446674,0.0,0.999999845281304,0.015873000000000026,4,1,3,0.22513343783670428,2.2563834378367043,0
44b6_0113de3b,2,601,880,False,False,4.0827619710803615,2.471122277933652,3.25,-0.40625,2.4375,3.25,1,0.0,0.09428504999999987,0.9078186138750143,1.0832007999999997,0.7670364109512443,3.5664892,0.00702360000000013,0.9971509322943785,0.5363770000000017,0.9914892036408431,0.031746030000000036,2,3,1,0.6807002876029135,4.763462258683275,0
44b6_0113de3b,2,601,1153,False,False,5.87308811976289,4.89189779763437,3.25,0.40625,-4.875,3.25,2,1.7903261486825288,0.6753458700000001,3.6661662951945075,3.22163306,10.34166242009146,0.34485614,0.1863106000000001,1.081875862704245,13.141235000000002,1.2663040824014742,0.031746030000000036,2,1,1,2.910751450800367,8.783839570563257,0
44b6_0113de3b,2,601,893,False,False,6.1342404786574845,5.202538442914189,3.25,-3.25,4.0625,3.25,3,2.051478507577123,0.01984970999999991,0.9790618509513914,0.07627849999999992,0.9790576021150014,3.5664892,0.017484399999999845,0.9929435250477352,1.3409419999999983,0.9789914491197219,0.031746030000000036,2,3,1,0.2074239789615633,6.341664457619048,0
44b6_0113de3b,2,602,948,False,False,2.4375,1.8168052317185792,1.625,0.8125,1.625,1.625,1,0.0,0.1373918999999999,0.8652483813602448,0.7233855999999999,0.8157526108451923,3.2028234,0.0,0.9999960425605203,0.0,0.9999998520349033,0.015873000000000026,2,3,1,0.5945192587351934,3.0320192587351933,0
44b6_0113de3b,2,602,934,False,False,2.6012692214570947,2.03125,1.625,-1.21875,1.625,1.625,2,0.16376922145709472,0.1210658,0.879327463482534,1.4388139,0.6900186922862493,3.2028234,0.00998790000000005,0.9960589691022531,0.8045639999999992,0.9882351702570346,0.015873000000000026,2,2,0,0.903624406014213,3.504893627471308,0
44b6_0113de3b,2,603,867,False,False,2.03125,1.21875,1.625,0.0,1.21875,1.625,1,0.0,0.017885300000000104,0.9835495662701437,0.39103129999999986,0.8780908423469554,2.8166037,0.0,0.9999960683929776,0.0,0.9999998549136047,0.015873020000000015,2,1,1,0.24859412223205138,2.2798441222320514,0
44b6_0113de3b,2,603,964,False,False,3.040096626753827,2.569350598886808,-1.625,-2.4375,-0.8125,1.625,2,1.0088466267538272,0.1266860999999999,1.1342960441133894,0.7093476999999999,1.336615168659296,2.107256,0.0853022000000001,1.0346971975687773,6.704713000000005,1.1077584593454646,0.015873009999999965,2,2,0,1.1453440957258507,4.185440722479678,0
44b6_0113de3b,2,604,889,False,False,2.4375,1.8168052317185792,1.625,0.8125,1.625,1.625,1,0.0,0.025551099999999938,0.9757740295693867,1.2682383999999995,0.7814344378141976,4.534351,0.017193500000000306,0.9931182118671492,1.3409439999999933,0.9795080228613344,0.015873009999999965,3,1,2,0.8419498949529232,3.279449894952923,0
44b6_0113de3b,2,604,884,False,False,4.162823748671087,3.832554834897995,1.625,2.03125,3.25,1.625,2,1.7253237486710873,0.01409170000000004,1.0138671925584708,0.3962596999999999,0.9196308691925948,4.534351,0.0034578000000000664,0.9986051375649792,0.268187999999995,0.9958331859970888,0.015873009999999965,3,1,2,0.30353308583561533,4.466356834506703,0
44b6_0113de3b,2,605,934,False,False,4.318496736423452,4.0010984819796676,1.625,3.65625,1.625,1.625,1,0.0,0.11282159999999997,0.887544204776478,0.7525642000000001,0.8378648459567362,3.8890731,0.016690500000000164,0.9934168988979863,1.3409399999999891,0.9803920479112805,0.015873000000000026,1,2,1,0.5567218222848861,4.875218558708338,0
44b6_0113de3b,2,605,948,False,False,6.1342404786574845,5.9150892850404215,1.625,5.6875,1.625,1.625,2,1.8157437422340328,0.12914769999999987,0.8733335628198162,0.0371359,0.9905390147620395,3.8890731,0.006702600000000114,0.997343529174877,0.53637599999999,0.9920633593646356,0.015873000000000026,1,3,2,0.539479934742355,6.673720413399839,0
44b6_0113de3b,2,606,878,False,False,3.350023320814349,2.9295104113144914,1.625,1.625,2.4375,1.625,1,0.0,0.024594600000000022,1.025804781682327,1.6751326000000004,0.7005494940611059,3.9189124,0.006685000000000052,0.997353989734903,0.5363750000000067,0.9920947442801538,0.015873000000000026,1,0,1,1.1996005342540375,4.549623855068386,0
44b6_0113de3b,2,607,1012,False,False,3.832554834897995,2.03125,3.25,1.21875,1.625,3.25,1,0.0,0.09683649999999999,1.1063750663563592,0.42244999999999955,1.1086109029570683,3.8894706,0.07770639999999984,1.0377660882727215,4.291017000000004,1.1176467894912498,0.031746034,1,1,0,0.5316702344032012,4.364225069301196,0
44b6_0113de3b,2,608,915,False,False,2.6012692214570947,2.6012692214570947,0.0,1.625,2.03125,0.0,1,0.0,0.043922950000000016,1.052410428318158,0.9454039999999999,1.288858541676756,3.2728515,0.02060390000000023,1.0082950764007477,1.6091339999999974,1.0251044915385816,0.0,0,1,1,0.6237323423613461,3.2250015638184406,0
44b6_0113de3b,2,609,890,False,False,3.0671202393287422,2.6012692214570947,1.625,-1.625,2.03125,1.625,1,0.0,0.014056500000000027,1.015465292762787,0.6227059999999995,1.1610659400486318,3.8660836,0.02777929999999973,1.011264381869007,2.1455060000000046,1.0341878402477247,0.015872999999999915,2,3,1,0.5003966020849805,3.5675168414137226,0
44b6_0113de3b,2,609,883,False,False,3.6787502123683256,1.7235727791422095,3.25,1.21875,1.21875,3.25,2,0.6116299730395833,0.016936779999999985,0.9819571692751018,0.06196240000000053,0.986381972953101,4.4887896,0.024272599999999755,1.0098279387674038,1.8773180000000025,1.0297870494464183,0.03174599999999994,2,2,0,0.3132194260250726,3.9919696383933982,0
44b6_0113de3b,2,610,921,False,False,3.917733121653388,2.1877232028983924,3.25,0.8125,2.03125,3.25,1,0.0,0.04456870000000013,1.0398404832069164,0.4801586000000002,1.1262477900984948,3.8032138,0.01001429999999992,1.0039643920770807,0.8045600000000093,1.0119519598213305,0.031746030000000036,1,1,0,0.31815729162442913,4.235890413277817,0
44b6_0113de3b,2,610,977,False,False,6.512682938889317,4.318496736423452,4.875,3.25,2.84375,4.875,2,2.5949498172359293,0.24116415000000013,1.2616030736611787,2.0968904000000004,1.9590158116288559,2.186482,0.0718399999999999,1.029178859053396,5.631955000000005,1.0901285328325432,0.047619049999999996,1,2,1,1.5358322271535751,8.048515166042893,0
44b6_0113de3b,2,611,881,False,False,2.368824207280903,2.368824207280903,0.0,1.21875,2.03125,0.0,1,0.0,0.0075072999999999945,1.007547031161841,0.6527146000000004,0.8118568655676162,2.8165734,0.0,0.999995326413122,0.0,0.999999756292806,0.0,0,1,1,0.46441813377066476,2.8332423410515677,0
44b6_0113de3b,2,612,895,False,False,1.1490485194281397,1.1490485194281397,0.0,0.8125,0.8125,0.0,1,0.0,0.05305886999999998,0.9379043252249188,0.5479525000000001,1.1306864093814069,4.192794,0.006649799999999928,1.0026241940191472,0.5363749999999925,1.0079049609593391,0.0,2,2,0,0.5206400831721575,1.669688602600297,0
44b6_0113de3b,2,612,888,False,False,2.8726212985703494,2.8726212985703494,0.0,2.84375,-0.40625,0.0,2,1.7235727791422097,0.022289769999999987,0.9729326260624358,0.3600694999999998,1.0821924734636372,4.380677,0.020055099999999992,1.007964457677373,1.6091299999999933,1.0240962195566445,0.0,2,1,1,0.4008304083064978,3.2734517068768474,0
44b6_0113de3b,2,613,894,False,False,2.7252078475778685,2.1877232028983924,1.625,0.8125,2.03125,1.625,1,0.0,0.04187995,1.042453535401723,0.1149600000000004,1.0395483703405046,2.9065573,0.003429200000000243,0.9986223577966568,0.26818999999998994,0.995884597484633,0.015873009999999965,2,2,0,0.1750938542280875,2.900301701805956,0
44b6_0113de3b,2,613,918,False,False,5.658407737606049,4.631962664465248,3.25,2.84375,3.65625,3.25,2,2.93319989002818,0.12600539999999993,0.890814355187231,1.5686773999999994,0.6582532800770302,3.0215173,0.030529500000000098,0.9878981486122963,2.4136999999999915,0.9641432292084477,0.03174602999999998,2,4,2,1.015069609258072,6.673477346864121,0
44b6_0113de3b,2,614,900,False,False,2.6012692214570947,2.6012692214570947,0.0,1.625,2.03125,0.0,1,0.0,0.11856842000000001,0.8515952645317744,0.8422422999999997,0.8378419751307548,4.3517694,0.005156799999999961,0.9974634445978557,0.26819000000000415,0.9924239192856449,0.0,0,0,0,0.5895344061131337,3.1908036275702285,0
44b6_0113de3b,2,615,888,False,False,1.1490485194281397,1.1490485194281397,0.0,0.8125,0.8125,0.0,1,0.0,0.0456415,0.9445883871757101,0.20992729999999948,1.047918808168673,4.380677,0.0033737999999998713,0.9986555251962478,0.26819000000000415,0.9959837637434795,0.0,1,1,0,0.28876292427143396,1.4378114436995737,0
44b6_0113de3b,2,615,895,False,False,2.368824207280903,2.368824207280903,0.0,-1.21875,2.03125,0.0,2,1.2197756878527635,0.0764106,0.910580558362811,0.39781029999999973,1.0948769129203273,4.192794,0.016779099999999936,0.9933645808899566,1.340945000000005,0.9802369712355747,0.0,1,2,1,0.5508305061480118,2.919654713428915,0
44b6_0113de3b,2,616,912,False,False,1.6750116604071745,1.6750116604071745,0.0,0.40625,1.625,0.0,1,0.0,0.018098740000000002,1.0193986118677585,0.3129679999999997,0.9277533784017741,4.0191,0.006944499999999909,0.9971987768791245,0.5363760000000042,0.9916316593386129,0.0,3,3,0,0.2673270929852171,1.9423387533923917,0
44b6_0113de3b,2,616,906,False,False,3.494694639736067,3.494694639736067,0.0,2.84375,2.03125,0.0,2,1.8196829793288927,0.014461640000000053,1.0154379209093432,0.5962674000000003,0.8708063613606116,4.0191,0.017288999999999888,0.9930609985519513,1.3409400000000034,0.9793387283707247,0.0,3,4,1,0.47582390764922927,3.9705185473852964,0
44b6_0113de3b,2,617,906,False,False,1.284675299443404,1.284675299443404,0.0,0.40625,1.21875,0.0,1,0.0,0.01708009999999993,0.9817435521412958,0.5265589000000004,0.8859098933057998,4.0888085,0.0034383999999998416,0.9986167724958985,0.26819000000000415,0.995867591594786,0.0,3,4,1,0.3379474046928831,1.6226227041362873,0
44b6_0113de3b,2,617,912,False,False,2.1877232028983924,2.1877232028983924,0.0,-2.03125,0.8125,0.0,2,0.9030479034549883,0.013442999999999983,0.9855728190323397,0.24325949999999974,0.9438446168328457,4.0888085,0.006906100000000137,1.0027777000163736,0.536373999999995,1.0083679974318944,0.0,3,3,0,0.1853128217138265,2.373036024612219,0
44b6_0113de3b,2,618,942,False,False,3.832554834897995,2.03125,3.25,0.0,2.03125,3.25,1,0.0,0.10907766000000008,1.1566507475145686,2.4713027000000003,1.916905444445005,2.6952436,0.057996700000000345,1.0279814930421332,3.218260000000001,1.0863305936631613,0.031746019999999986,0,0,0,1.5646982798522289,5.3972531147502245,0
44b6_0113de3b,2,619,1047,False,False,2.0714766773970688,1.284675299443404,1.625,-0.40625,1.21875,1.625,1,0.0,0.1651859,1.2885102037822012,3.4892628999999995,2.14119593375146,3.0575306,0.06813689999999983,1.0275958471727287,5.363767999999993,1.0851061864992966,0.015873009999999965,1,1,0,2.280494099362244,4.3519707767593125,0
44b6_0113de3b,2,619,972,False,False,3.350023320814349,3.350023320814349,0.0,-3.25,0.8125,0.0,2,1.2785466434172803,0.06796636,1.101467878067302,2.6053352999999997,1.6610037599694447,3.9414582,0.07164359999999981,1.029057564470538,5.631955999999995,1.0897433834096226,0.0,1,2,1,1.845544168199648,5.195567489013997,0
44b6_0113de3b,2,620,908,False,False,2.333728575156074,1.6750116604071745,1.625,0.40625,1.625,1.625,1,0.0,0.03329274999999998,1.036751576996032,0.3077565,1.0996594409538865,3.0879714,0.020547399999999882,1.0082608131302255,1.609131000000005,1.0249998430830154,0.015873000000000026,2,4,2,0.3030429797455391,2.636771554901613,0
44b6_0113de3b,2,620,939,False,False,2.7252078475778685,2.7252078475778685,0.0,2.4375,-1.21875,0.0,2,0.39147927242179437,0.08291444999999997,1.0968518415757147,0.5283978999999999,1.1842780765448115,2.86733,0.0414399999999997,1.016805729378593,3.2182610000000054,1.0512818719145038,0.0,2,2,0,0.5865873604836812,3.31179520806155,0
44b6_0113de3b,2,620,954,False,False,3.6336104634371584,3.25,1.625,3.25,0.0,1.625,3,1.2998818882810843,0.0361218499999999,1.0400004940267622,0.6599473999999996,1.2412236609491842,2.7357805,0.044956899999999855,1.0182583775579435,3.486450000000005,1.0557938193659016,0.015873000000000026,2,4,2,0.6454678506700439,4.279078314107203,0
44b6_0113de3b,2,621,1002,False,False,1.9902104160113323,1.1490485194281397,1.625,0.8125,0.8125,1.625,1,0.0,0.07829117000000008,1.1047781733462045,1.3333058000000002,1.341768169971154,3.9011602,0.0,0.9999960683929776,0.0,0.9999998549136047,0.015873000000000026,1,1,0,0.8407209568121488,2.830931372823481,0
44b6_0113de3b,2,622,1022,True,False,2.6012692214570947,2.6012692214570947,0.0,2.03125,1.625,0.0,1,0.0,0.23931989000000004,1.5035973525720756,0.6290881999999995,1.1705432186293976,3.6886632,0.3901838000000002,1.2312692794144546,17.432251000000004,1.8666657286866668,0.0,0,0,0,4.2798003912119,6.881069612668995,0
44b6_0113de3b,2,623,951,False,False,1.6750116604071745,0.40625,1.625,-0.40625,0.0,1.625,1,0.0,0.01775296999999998,1.0197723683165065,0.2755025,1.1229577797014165,2.2405355,0.007209500000000091,1.0029632437589546,0.5363760000000042,1.008928387430018,0.015873000000000026,3,2,1,0.17829694104278085,1.8533086014499554,0
44b6_0113de3b,2,623,919,False,False,3.5648292823780494,3.1729139308370784,1.625,2.4375,-2.03125,1.625,2,1.8898176219708749,0.002704730000000044,0.9970421965275094,0.022352300000000103,1.008959513384091,2.4936857,0.010830499999999965,1.0044602593591043,0.8045660000000012,1.0134527549391332,0.015873000000000026,3,3,0,0.11501531970525938,3.6798446020833087,0
44b6_0113de3b,2,623,958,False,False,3.832554834897995,2.03125,3.25,1.21875,1.625,3.25,3,2.1575431744908204,0.10514473000000013,0.896933358921592,0.6033778000000001,0.8065708759605694,2.516038,0.035423500000000274,0.9856674165956781,2.6818839999999966,0.9576269791250115,0.03174604000000003,3,3,0,0.5568026267538638,4.389357461651859,0
44b6_0113de3b,2,624,918,False,False,1.86167137607581,0.9084026158592896,1.625,-0.40625,0.8125,1.625,1,0.0,0.08654359999999994,0.925005907001315,1.3786375999999998,0.6996544402475123,3.2115571,0.013476799999999844,0.9946556017847155,1.0727600000000024,0.9840635088713832,0.015873020000000015,3,4,1,0.8633399213905191,2.725011297466329,0
44b6_0113de3b,2,624,894,False,False,2.569350598886808,2.569350598886808,0.0,-2.4375,-0.8125,0.0,2,0.7076792228109983,0.08134174999999999,1.0824653558914947,0.30499980000000004,1.1049312706435526,2.9065573,0.01362350000000001,1.0054531670548996,1.0727499999999992,1.016460689389765,0.0,3,2,1,0.34305546891771377,2.912406067804522,0
44b6_0113de3b,2,624,924,False,False,2.8726212985703494,2.368824207280903,1.625,1.21875,2.03125,1.625,3,1.0109499224945395,0.008611499999999994,1.0081224094268486,0.1427676,1.0465190378191862,3.0687895,0.006793300000000002,1.0027097762629942,0.5363699999999909,1.0081630056468043,0.015873020000000015,3,5,2,0.11778533193325065,2.9904066305036,0
44b6_0113de3b,2,625,911,False,False,1.21875,1.21875,0.0,0.0,1.21875,0.0,1,0.0,0.010251879999999991,0.988912576381973,0.0012848000000000859,1.0005262371837014,2.4224718,0.02071820000000013,0.9916968937196627,1.6091299999999933,0.9753085055795008,0.0,2,2,0,0.25492484866850146,1.4736748486685014,0
44b6_0113de3b,2,625,961,False,False,4.737648414561806,4.737648414561806,0.0,-4.0625,2.4375,0.0,2,3.5188984145618063,0.011465009999999998,1.0126739183987352,0.40297530000000004,1.199409656999216,2.0207813,0.06066880000000019,1.0251169726269271,4.559204999999999,1.0772725597114308,0.0,2,4,2,0.681681664822422,5.4193300793842285,0
44b6_0113de3b,2,625,963,False,False,5.759587794495366,5.525597394173774,1.625,-1.625,5.28125,1.625,3,4.540837794495366,0.09889488999999996,1.121123746421113,0.5511683999999999,1.2943281692783855,1.8725882,0.04251000000000005,1.0174666315416132,3.2182630000000003,1.0533331802072163,0.015873000000000026,2,2,0,0.5839662246138155,6.343554019109182,0
44b6_0113de3b,2,626,905,False,False,1.4647552056572457,1.4647552056572457,0.0,0.8125,1.21875,0.0,1,0.0,0.0034479499999999774,1.0039964122437066,0.21511169999999957,0.9553040056764629,4.5978756,0.003516900000000156,0.9985693428205319,0.26818899999999957,0.9957263287526057,0.0,1,1,0,0.15726639444086976,1.6220216000981154,0
44b6_0113de3b,2,627,894,False,False,1.4647552056572457,1.4647552056572457,0.0,-1.21875,0.8125,0.0,1,0.0,0.16655854999999997,1.16886991179905,1.5505547000000006,1.533462514354992,2.9065573,0.03378529999999991,1.0135293901810225,2.6818850000000083,1.0411521070876224,0.0,3,2,1,1.04308346534064,2.5078386709978857,0
44b6_0113de3b,2,627,918,False,False,3.040096626753827,2.569350598886808,1.625,0.8125,2.4375,1.625,2,1.5753414210965815,0.0013267999999999613,0.9988417338675614,0.13308269999999922,0.9710050621489715,4.457112,0.006685000000000052,1.0026450943208933,0.5363750000000067,1.0079679484551214,0.015873020000000015,3,4,1,0.13452834953796025,3.1746249762917875,0
44b6_0113de3b,2,627,924,False,False,4.685103554085011,4.394265616971737,1.625,2.4375,3.65625,1.625,3,3.220348348427765,0.09382829999999998,1.0885927622311125,1.3883225000000006,1.452395961352314,3.0687895,0.0269550999999999,1.0107639633193295,2.145505,1.0326528596468612,0.015873020000000015,3,5,2,0.9000336627098668,5.585137216794878,0
44b6_0113de3b,2,628,872,False,False,3.350023320814349,3.350023320814349,0.0,0.8125,3.25,0.0,1,0.0,0.1711657999999998,0.8788786340220137,2.28739,0.6169420980366316,3.684021,0.030123499999999748,0.9881372869437682,2.4137000000000057,0.9648435554165052,0.0,4,2,2,1.4452313070341523,4.795254627848501,0
44b6_0113de3b,2,628,903,False,False,5.540511314400504,5.296851954227152,1.625,2.84375,4.46875,1.625,2,2.190487993586155,0.13359810000000016,1.120513081434948,0.767843,1.2633002399022286,2.916178,0.020491100000000095,1.0082267567640955,1.6091299999999933,1.0248960947918127,0.015873000000000026,4,1,3,0.6116097718645964,6.152121086265101,0
44b6_0113de3b,2,629,916,False,False,2.6012692214570947,2.03125,1.625,1.21875,1.625,1.625,1,0.0,0.04898404000000012,0.9515739539368788,0.24689029999999956,1.0577926727837996,4.271817,0.016734599999999933,0.9933908646423849,1.3409400000000034,0.9803148508188798,0.01587301000000002,1,1,0,0.3902685377664752,2.99153775922357,0
44b6_0113de3b,2,630,904,False,False,1.21875,1.21875,0.0,0.0,1.21875,0.0,1,0.0,0.07662672999999998,1.0850506218218439,0.6559794000000001,1.20170470566436,3.2521174,0.07203749999999998,1.029301066192279,5.6319580000000045,1.0905170653485725,0.0,1,2,1,0.942297385530686,2.161047385530686,0
44b6_0113de3b,2,630,901,False,False,3.6336104634371584,3.6336104634371584,0.0,3.25,1.625,0.0,2,2.4148604634371584,0.13087707999999998,1.1545820630604235,0.7946778000000001,1.2552387737121997,3.113419,0.07203749999999998,1.029301066192279,5.6319580000000045,1.0905170653485725,0.0,1,1,0,1.0008219166362344,4.634432380073393,0
44b6_0113de3b,2,631,950,False,False,2.1877232028983924,1.4647552056572457,1.625,1.21875,0.8125,1.625,1,0.0,0.08084454000000008,1.0989831258126956,1.2392368,1.4858742716944522,2.5504992,0.054953099999999644,1.0222872041955342,4.291016000000006,1.068375903581283,0.015873000000000026,0,1,1,0.9678029761352775,3.1555261790336697,0
44b6_0113de3b,2,631,985,False,False,4.908737426772795,4.631962664465248,1.625,4.46875,1.21875,1.625,2,2.721014223874403,0.14028579000000008,1.1852538623941666,1.592343,1.7246431355559266,2.197393,0.07620619999999967,1.0311771269916712,5.900147000000004,1.0964910566397037,0.015873000000000026,0,3,3,1.2639387323915816,6.172676159164377,0
44b6_0113de3b,2,632,913,False,False,5.154734625807618,4.0010984819796676,3.25,1.625,3.65625,3.25,1,0.0,0.035897599999999974,0.9589794229957693,1.0894223999999997,0.765569562409029,3.5577133,0.05144639999999967,0.9795822828477829,4.022828000000004,0.9399998478682084,0.03174600000000005,1,0,1,0.9018234817551272,6.056558107562745,0
44b6_0113de3b,2,633,919,False,False,3.300390601883359,2.8726212985703494,1.625,-0.40625,2.84375,1.625,1,0.0,0.026705100000000037,1.0290853453118676,0.09266730000000001,0.9628353611870125,2.4010184,0.02195539999999996,0.9909457621249969,1.6091300000000004,0.9730940219415964,0.015873000000000026,2,3,1,0.2709687033218308,3.5713593052051897,0
44b6_0113de3b,2,633,951,False,False,6.080193253507654,5.859020822628983,1.625,-3.25,4.875,1.625,2,2.7798026516242955,0.04716280000000006,1.0525460240734537,0.16048289999999987,1.071622245564752,2.2405355,0.025576399999999833,0.9894688881013797,1.8773199999999974,0.9687498283373752,0.015873000000000026,2,2,0,0.3419888325716077,6.422182086079262,0
44b6_0113de3b,2,634,1123,False,False,3.65625,3.65625,0.0,0.0,3.65625,0.0,1,0.0,0.47124184,2.15190908942019,2.37864014,9.728871177424148,0.27249146,0.5196645,1.3436608594998407,20.650512,2.425924176650655,0.0,2,3,1,7.324850308650316,10.981100308650316,0
44b6_0113de3b,2,635,933,False,False,1.6750116604071745,1.6750116604071745,0.0,-0.40625,1.625,0.0,1,0.0,0.015342549999999955,1.0174027616415668,0.44895879999999977,1.0920151180248967,4.8790665,0.055567699999999665,1.0226664077356193,4.291015000000009,1.069565033422304,0.0,2,2,0,0.6988911493005419,2.373902809707716,0
44b6_0113de3b,2,635,932,False,False,1.86167137607581,0.9084026158592896,-1.625,-0.8125,0.40625,1.625,2,0.18665971566863537,0.05791994999999994,1.0690667265539668,1.5526108,1.4112387362003929,3.7754145,0.048483699999999796,1.0197192890532738,3.754638000000007,1.0603446459440997,0.015873020000000015,2,2,0,1.0962172399533145,2.9578886160291242,0
44b6_0113de3b,2,635,938,False,False,6.410516871711672,5.525597394173774,-3.25,5.28125,-1.625,3.25,3,4.735505211304497,0.10119700999999992,1.1272493678654651,2.1221621,1.6619575908367181,3.2058632,0.030949699999999858,1.0124972482763606,2.413695000000004,1.0379744993288305,0.03174604999999997,2,0,2,1.3536002313324162,7.7641171030440885,0
44b6_0113de3b,2,636,941,False,False,3.65625,3.2752922102462856,1.625,-0.40625,3.25,1.625,1,0.0,0.19238809999999995,0.8331660207856033,1.4141050000000006,0.6763619727406341,2.955319,0.10176700000000016,0.9595612589096586,7.777464999999999,0.8835340153647242,0.015873020000000015,1,2,1,1.397806907112901,5.054056907112901,0
44b6_0113de3b,2,637,909,False,False,2.0714766773970688,2.0714766773970688,0.0,-2.03125,-0.40625,0.0,1,0.0,0.0038260500000000253,0.9960978348351794,0.046277500000000416,0.9855561111730871,3.158355,0.048214699999999944,1.0195538291811796,3.754635999999998,1.0598288479111373,0.0,3,2,1,0.6055797077379881,2.6770563851350566,0
44b6_0113de3b,2,637,882,False,False,2.1877232028983924,1.4647552056572457,1.625,-0.8125,1.21875,1.625,2,0.11624652550132364,0.1482490500000001,0.8685040299613349,1.8697975000000002,0.628133040648547,3.158355,0.023428899999999864,0.9907607168396164,1.8773199999999974,0.9725488670757926,0.015873040000000005,3,2,1,1.1807579501227186,3.368481153021111,0
44b6_0113de3b,2,638,886,False,False,4.772356925566235,3.494694639736067,3.25,2.84375,2.03125,3.25,1,0.0,0.1270969999999999,0.8815685424611162,1.4022427,0.6778077384538671,2.9499707,0.020055099999999992,0.9920906211237979,1.6091299999999933,0.9764704574935366,0.03174599999999994,1,0,1,0.8975538769063935,5.669910802472629,0
44b6_0113de3b,2,639,902,False,False,2.368824207280903,1.7235727791422095,1.625,1.21875,1.21875,1.625,1,0.0,0.08994000000000002,0.9062701370717187,0.8184459,0.7701696865310663,2.7426753,0.010798400000000097,0.995571052836679,0.8045640000000063,0.986784002324356,0.015873029999999955,2,2,0,0.5289369148897718,2.897761122170675,0
44b6_0113de3b,2,639,966,False,False,2.9295104113144914,2.4375,1.625,-2.4375,0.0,1.625,2,0.5606862040335883,0.018204200000000004,0.9794870582034537,0.2649593000000001,1.1069324453147766,2.477716,0.007209500000000091,0.9970373157863527,0.5363760000000042,0.9911502947190463,0.015873029999999955,2,2,0,0.24076476190037022,3.1702751732148617,0
44b6_0113de3b,2,640,1118,False,False,2.569350598886808,2.569350598886808,0.0,0.8125,2.4375,0.0,1,0.0,0.30811542,1.9362849401961173,2.5178309999999997,2.221524520524817,2.061202,0.17488879999999996,1.0941783304342205,8.313841999999998,1.3099994787250075,0.0,0,0,0,2.2388119154972563,4.8081625143840645,0
44b6_0113de3b,2,641,968,False,False,0.8125,0.8125,0.0,0.0,0.8125,0.0,1,0.0,0.030744799999999906,1.0402700198724375,0.8140339999999995,1.1905062533355164,4.2729416,0.0718399999999999,1.029178859053396,5.631955000000005,1.0901285328325432,0.0,1,1,0,1.0001381070326532,1.8126381070326532,0
44b6_0113de3b,2,641,1124,False,False,6.080193253507654,5.859020822628983,1.625,-4.875,-3.25,1.625,2,5.267693253507654,0.27420559999999994,1.5275456554609836,4.473711639999999,8.29478492776703,0.61326396,0.1295291999999999,1.0538759877914725,9.922970000000007,1.170506647174223,0.015873009999999993,1,3,2,3.0065771068029283,9.086770360310583,0
44b6_0113de3b,2,642,893,False,False,2.632800908728193,2.0714766773970688,1.625,0.40625,2.03125,1.625,1,0.0,0.06815006000000001,0.9281386538150803,1.0622116999999998,0.7084033703182053,2.580556,0.03165269999999998,0.987228653199248,2.413696999999999,0.9621847118169903,0.015873020000000015,2,3,1,0.7139551719150105,3.3467560806432037,0
44b6_0113de3b,2,642,880,False,False,3.65625,3.2752922102462856,1.625,3.25,0.40625,1.625,2,1.0234490912718068,0.14258539999999997,0.8606009368779507,2.0691339999999996,0.5549940856399339,2.580556,0.021191900000000263,0.9914118447753899,1.6091320000000024,0.9744679123935398,0.015873020000000015,2,3,1,1.2893016710175529,4.945551671017553,0
44b6_0113de3b,2,643,981,False,False,2.368824207280903,1.7235727791422095,1.625,-1.21875,1.21875,1.625,1,0.0,0.22648634,1.2388746862846904,1.5726916000000002,1.7124543017304412,2.207404,0.07934090000000005,1.0324124311478582,6.1683359999999965,1.1004365208139941,0.015873020000000015,4,3,1,1.3559999583479632,3.724824165628866,0
44b6_0113de3b,2,643,936,False,False,4.1429533547941375,2.569350598886808,3.25,0.8125,2.4375,3.25,2,1.7741291475132344,0.03397659999999991,1.0297794173731765,0.009566799999999986,1.0025345979731066,3.7705288,0.006702600000000114,1.0026555999606062,0.53637599999999,1.007999835339708,0.03174602999999998,4,4,0,0.16150535988445364,4.304458714678591,0
44b6_0113de3b,2,643,975,False,False,4.755034338729848,3.471001521535247,3.25,3.25,1.21875,3.25,3,2.386210131448945,0.27261689999999994,1.3022362365423188,1.6173003000000001,1.7477743373386407,2.1627953,0.07578339999999972,1.030914000758026,5.9001459999999994,1.0956519878294566,0.03174602999999998,4,4,0,1.4210568223407418,6.176091161070589,0
44b6_0113de3b,2,644,937,False,False,2.333728575156074,1.6750116604071745,1.625,0.40625,1.625,1.625,1,0.0,0.03631105000000001,1.0440807248944461,0.2927584999999997,0.9185277391413871,3.3007061,0.0,0.9999959435845092,0.0,0.999999840652976,0.015873000000000026,2,2,0,0.300638292222755,2.634366867378829,0
44b6_0113de3b,2,644,928,False,False,2.368824207280903,1.7235727791422095,1.625,-1.21875,1.21875,1.625,2,0.035095632124829024,0.00649865000000005,0.9924870374515178,0.10004750000000007,1.0312551883690801,3.2006586,0.0,0.9999959435845092,0.0,0.999999840652976,0.015873000000000026,2,2,0,0.08425741237236477,2.453081619653268,0
44b6_0113de3b,2,645,863,False,False,2.9295104113144914,2.9295104113144914,0.0,1.625,2.4375,0.0,1,0.0,0.18261159999999999,0.8570341636192162,2.0437220000000007,1.2894101460197809,7.061636,0.047670199999999774,0.9777162442943684,2.681885000000001,0.9346402895221966,0.0,0,0,0,1.8844135722465802,4.813923983561072,0
44b6_0113de3b,2,646,964,False,False,2.03125,1.21875,1.625,0.0,1.21875,1.625,1,0.0,0.04663040000000007,1.0494247556956984,0.16548130000000016,1.078524163537019,2.107256,0.027936299999999914,1.0113605270876462,2.145507000000002,1.0344825790568675,0.015873040000000005,2,2,0,0.3502232808858393,2.381473280885839,0
44b6_0113de3b,2,646,867,False,False,6.345827861674157,4.0625,4.875,2.4375,3.25,4.875,2,4.314577861674157,0.09794099999999994,0.9099575623614503,0.9348976999999996,0.7085376654835558,2.2727373,0.05736590000000019,0.9774420508646153,4.559206000000003,0.9338519785069013,0.047619069999999986,2,1,1,0.9029093246760261,7.248737186350183,0
44b6_0113de3b,2,647,871,False,False,0.8125,0.8125,0.0,-0.8125,0.0,0.0,1,0.0,0.19011829999999996,0.7543199843801264,1.8193973000000003,0.699332449325145,4.2318187,0.021439200000000103,0.9912618099312073,1.6091309999999979,0.9740258144961931,0.0,1,0,1,1.165670565953553,1.978170565953553,0
44b6_0113de3b,2,648,955,False,False,2.4375,1.8168052317185792,1.625,0.8125,1.625,1.625,1,0.0,0.026034800000000025,1.028398667320232,0.6259779999999995,1.1775834535960075,3.524913,0.01333479999999998,1.0052802026677212,1.0727499999999992,1.015936045464836,0.015872999999999915,0,0,0,0.4210164812612207,2.858516481261221,0
44b6_0113de3b,2,649,941,False,False,0.8125,0.8125,0.0,0.0,0.8125,0.0,1,0.0,0.05032970000000003,0.9563489844054646,0.3081650000000007,0.9294702700624382,4.061259,0.010148500000000116,0.9959637545676701,0.8045649999999966,0.9879516655999631,0.0,3,2,1,0.2483633084782788,1.0608633084782788,0
44b6_0113de3b,2,650,923,False,False,3.0671202393287422,2.6012692214570947,1.625,1.625,2.03125,1.625,1,0.0,0.04410927999999992,0.9486659108998805,0.3316699999999999,0.896938673414789,2.886598,0.05306450000000007,0.9786219690087126,4.022826000000009,0.9372383655186908,0.015873000000000026,2,2,0,0.6005117471922105,3.6676319865209526,0
44b6_0113de3b,2,650,1027,False,False,5.759587794495366,4.755034338729848,3.25,-1.625,4.46875,3.25,2,2.692467555166624,0.07313286000000008,1.0985202200396464,1.1013480000000002,1.616906220942608,1.78525,0.0517091999999999,1.0217416116242126,3.754639999999995,1.0666665009457632,0.03174604000000003,2,3,1,0.781429948014778,6.541017742510144,0
44b6_0113de3b,2,651,965,False,False,2.4375,1.8168052317185792,1.625,-0.8125,1.625,1.625,1,0.0,0.04307179999999999,0.9528100868277841,0.2867797000000003,1.1130007104665556,2.537759,0.014209399999999928,1.0058099550503246,1.0727539999999962,1.0175436946741918,0.015873000000000026,2,4,2,0.3582271991460639,2.795727199146064,0
44b6_0113de3b,2,651,959,False,False,4.1429533547941375,2.569350598886808,3.25,0.8125,2.4375,3.25,2,1.7054533547941375,0.014240200000000036,1.0166311939077626,0.4147510000000003,1.1721061481633916,2.4097877,0.007083999999999868,1.0028860476283534,0.5363770000000017,1.0086954893507747,0.03174604000000003,2,4,2,0.2692836003974731,4.41223695519161,0
44b6_0113de3b,2,651,970,False,False,4.375446405796785,4.375446405796785,0.0,-4.0625,1.625,0.0,3,1.9379464057967848,0.08310910000000005,1.105621353894852,0.8203471000000002,1.409308674336953,2.0041916,0.035838500000000106,1.0147908114790254,2.681886999999996,1.0450449084070048,0.0,2,4,2,0.5983874952786418,4.973833901075427,0
44b6_0113de3b,2,651,978,False,False,4.908737426772795,4.631962664465248,1.625,-3.65625,2.84375,1.625,4,2.4712374267727952,0.01992550000000004,1.0234314389660166,0.4773327000000003,1.2033569556444743,2.347206,0.003526799999999941,0.998563277339551,0.2681880000000021,0.9957080027861382,0.015873000000000026,2,4,2,0.3123721101114575,5.221109536884253,0
44b6_0113de3b,2,652,879,False,False,3.350023320814349,0.8125,3.25,0.8125,0.0,3.25,1,0.0,0.11641804,0.858021182186535,0.48173149999999954,0.9323650638155834,6.640931,0.05420880000000006,0.9786277152163195,4.29101399999999,0.9372547872750321,0.031746030000000036,0,0,0,0.7904067132080775,4.140430034022427,0
44b6_0113de3b,2,653,961,False,False,1.284675299443404,1.284675299443404,0.0,-1.21875,-0.40625,0.0,1,0.0,0.04783559000000004,1.0529146308062027,0.6345403000000003,1.3140009064765867,2.0207813,0.09161850000000005,1.0379323063907273,6.972900000000003,1.118181621730643,0.0,1,4,3,1.0628775886495792,2.3475528880929835,0
44b6_0113de3b,2,653,963,False,False,3.1729139308370784,2.7252078475778685,1.625,1.21875,2.4375,1.625,2,1.8882386313936743,0.13526547,1.1656739391665245,0.7827334000000001,1.417987905787798,1.8725882,0.0734596999999999,1.0301863258056945,5.6319580000000045,1.0933331523661043,0.015873000000000026,1,2,1,0.9625768876834204,4.135490818520498,0
44b6_0113de3b,2,653,911,False,False,3.2752922102462856,3.2752922102462856,0.0,2.84375,-1.625,0.0,3,1.9906169108028815,0.02611870000000005,1.0282090822554915,0.23284980000000033,1.0961162226275551,2.4224718,0.010231499999999727,1.0040944317810743,0.8045650000000109,1.012345517042324,0.0,1,2,1,0.18566405718510934,3.4609562674313947,0
44b6_0113de3b,2,654,952,False,False,2.9575446425202108,2.471122277933652,1.625,0.40625,2.4375,1.625,1,0.0,0.02317339000000007,1.0275426380515966,0.1962101999999999,0.923434450326092,2.3665538,0.014250800000000119,0.9941902923683382,1.0727539999999962,0.9826838225253064,0.015873000000000026,4,3,1,0.2512405719957701,3.2087852145159808,0
44b6_0113de3b,2,654,946,False,False,4.5420130792964475,4.241374519244911,1.625,-1.21875,4.0625,1.625,2,1.5844684367762367,0.026418680000000028,1.0315231221602332,0.07333330000000027,1.0319738028950862,2.2932205,0.010703600000000257,0.9956290698514096,0.8045659999999941,0.9869563525722335,0.015873000000000026,4,2,2,0.1682550488595636,4.710268128156011,0
44b6_0113de3b,2,654,987,False,False,6.214430032191206,5.296851954227152,3.25,2.84375,4.46875,3.25,3,3.2568853896709955,0.04601163000000008,1.0562255145032855,0.05998950000000036,1.0260037146863208,2.3065643,0.003578200000000198,0.9985318196042385,0.26818899999999957,0.9956138637289758,0.03174604000000003,4,4,0,0.1926553634749326,6.407085395666138,0
44b6_0113de3b,2,654,874,False,False,6.358818311015027,5.465534769123694,-3.25,4.0625,-3.65625,3.25,4,3.4012736684948166,0.03156888000000002,1.0379037543163443,2.1711988,0.5215243741486169,2.3665538,0.03183460000000027,0.9871190995674356,2.4136959999999945,0.9618642590929825,0.03174600000000005,4,1,3,1.5717364865940504,7.930554797609078,0
44b6_0113de3b,2,655,907,False,False,3.6787502123683256,1.7235727791422095,3.25,-1.21875,1.21875,3.25,1,0.0,0.0010240599999999933,0.9988810437364669,0.9165665000000001,0.7443561890691479,2.668789,0.0033205000000000595,1.0013066626017573,0.26818999999998994,1.0039368830362,0.031746030000000036,2,0,2,0.636317776438984,4.31506798880731,0
44b6_0113de3b,2,655,981,False,False,5.87308811976289,5.6438053707139835,-1.625,4.875,-2.84375,1.625,2,2.194337907394565,0.024991859999999977,0.9736294243185238,0.46138499999999993,1.2090115402004336,2.207404,0.0893288000000001,1.0364932133028784,6.972899999999996,1.1135369323247009,0.015873009999999965,2,3,1,1.1672205832382994,7.040308703001189,0
44b6_0113de3b,2,656,868,False,False,2.1877232028983924,1.4647552056572457,1.625,0.8125,-1.21875,1.625,1,0.0,0.28470055000000005,0.7675461457280613,2.6942915999999997,0.4988957784556373,2.6824274,0.03351550000000003,0.9868019517624338,2.681884999999994,0.9609373566226882,0.015873020000000015,2,2,0,1.7461296011171215,3.9338528040155136,0
44b6_0113de3b,2,656,1156,False,False,6.809990937035085,6.613270867165506,-1.625,-4.875,-4.46875,1.625,2,4.622267734136693,0.60537639,2.8085341079969313,2.89122988,-12.84733722210685,-0.20880248,1.3689641,2.203257588555784,59.80603000000001,10.695634728602244,0.015873019999999988,2,0,2,15.723250851530667,22.533241788565753,0
44b6_0113de3b,2,657,907,False,False,4.021669817998489,2.368824207280903,3.25,1.21875,2.03125,3.25,1,0.0,0.061702860000000026,0.9332205179220314,0.6830435000000001,0.8094884607998821,2.902312,0.013370000000000104,0.9947188806489918,1.0727499999999992,0.9842518806551038,0.031746030000000036,1,0,1,0.4479357236640037,4.469605541662492,0
44b6_0113de3b,2,658,885,False,False,3.0671202393287422,2.6012692214570947,1.625,1.625,2.03125,1.625,1,0.0,0.1838358,0.8257837588280422,1.8090004,0.6134753718777152,2.871184,0.03360489999999983,0.986749481438635,2.6818799999999925,0.960784242046895,0.015873020000000015,3,1,2,1.1907652250757164,4.257885464404459,0
44b6_0113de3b,2,659,930,False,False,2.6012692214570947,2.03125,1.625,1.21875,1.625,1.625,1,0.0,0.01223249999999998,0.9855695203752951,0.7207041999999997,0.8222869081514875,3.3347788,0.006906100000000137,1.0027777000163736,0.536373999999995,1.0083679974318944,0.015872999999999915,1,1,0,0.49432769385839115,3.095596915315486,0
44b6_0113de3b,2,660,919,False,False,2.2980970388562794,1.625,1.625,1.625,0.0,1.625,1,0.0,0.17363550000000005,1.1891717065096454,0.9734509,1.3903607404864995,2.4936857,0.0072309999999999874,1.002976529072787,0.5363770000000017,1.0089684419834517,0.015873000000000026,2,3,1,0.7589618934778758,3.0570589323341553,0
44b6_0113de3b,2,660,951,False,False,2.8726212985703494,2.368824207280903,1.625,-1.21875,2.03125,1.625,2,0.5745242597140701,0.19409320000000008,1.2162819705182493,1.2266010999999999,1.5474519932757447,2.2405355,0.003610000000000113,1.0014817247770313,0.2681870000000046,1.0044640938385727,0.015873000000000026,2,2,0,0.9038994634504174,3.776520762020767,0
44b6_0113de3b,2,660,958,False,False,4.908737426772795,3.6787502123683256,3.25,0.40625,3.65625,3.25,3,2.610640387916516,0.07119549999999997,1.0697719482374877,0.34772079999999983,1.1114662833140636,3.1194158,0.03902300000000025,0.9842114460038975,2.950072999999996,0.9533896833573778,0.03174604000000003,2,3,1,0.5727844893632927,5.481521916136088,0
44b6_0113de3b,2,661,877,False,False,1.625,1.625,0.0,0.0,1.625,0.0,1,0.0,0.35265985,0.653368880066584,1.7827131999999999,0.6331951157870895,3.0774171,0.10323359999999981,0.9516426227782097,5.6319600000000065,0.8618418502693262,0.0,1,1,0,1.4994064297490675,3.1244064297490675,0
44b6_0113de3b,2,662,966,False,False,1.8168052317185792,1.8168052317185792,0.0,1.625,0.8125,0.0,1,0.0,0.031001449999999986,0.965074718138787,0.0784414,1.0316545897326823,2.477716,0.003588900000000006,1.0014686821154126,0.2681880000000021,1.0044246051590378,0.0,2,2,0,0.1688911354622887,1.9856963671808678,0
44b6_0113de3b,2,662,902,False,False,5.658407737606049,5.658407737606049,0.0,5.28125,2.03125,0.0,2,3.8416025058874697,0.10273725,0.8929351233045263,1.0049638,0.717793660621097,2.5561574,0.0,0.9999959023100891,0.0,0.9999998357391902,0.0,2,2,0,0.6515294676548639,6.309937205260913,0
44b6_0113de3b,2,663,1055,False,False,2.6012692214570947,2.03125,1.625,0.0,2.03125,1.625,1,0.0,0.26196896,1.5366561624007153,2.8639780000000004,2.6390332342882257,1.747342,0.04854970000000014,1.0234228414070334,2.681882999999999,1.071942107735323,0.015873000000000026,1,0,1,1.799703981775838,4.400973203232933,0
44b6_0113de3b,2,663,1048,False,False,6.2541392543258905,6.039340428598143,1.625,-2.03125,-5.6875,1.625,2,3.6528700328687957,0.1320401000000001,0.8503072468355112,1.6643908,1.5647828770949872,2.9469292,0.4093515000000001,0.8382113919140376,27.891602000000006,0.5889327156823421,0.015873000000000026,1,1,0,3.3491599403524117,9.603299194678302,0
44b6_0113de3b,2,664,921,False,False,2.6012692214570947,2.03125,1.625,-1.625,1.21875,1.625,1,0.0,0.16022212999999996,0.8567344764440294,1.2487194000000001,0.6716655485801282,2.5544944,0.04087400000000008,0.9837989458853328,3.2182639999999907,0.9521910614106864,0.015873020000000015,2,1,1,0.9269325512548244,3.528201772711919,0
44b6_0113de3b,2,664,977,False,False,3.917733121653388,2.1877232028983924,3.25,0.8125,2.03125,3.25,2,1.3164639001962932,0.03637332000000004,1.0394467865492882,0.3680124,1.1683072245404968,2.186482,0.020951699999999907,1.0085069596636294,1.609131000000005,1.02575091107602,0.031746039999999975,2,2,0,0.31387660939810613,4.231609731051494,0
44b6_0113de3b,2,664,942,False,False,6.90625,4.89189779763437,-4.875,3.25,-3.65625,4.875,3,4.304980778542905,0.26195827000000005,1.3762287767579136,0.14074920000000013,0.9477751555549354,2.5544944,0.4103422000000001,1.198005880646133,26.818846000000008,1.719423920837401,0.04761904,2,0,2,2.586148572136664,9.492398572136665,0
44b6_0113de3b,2,665,1000,False,False,1.8168052317185792,0.8125,1.625,0.0,0.8125,1.625,1,0.0,0.051210599999999995,1.0721660091931653,2.1756319999999993,1.4072118975946177,5.342717,0.020002400000000087,1.007932913464486,1.6091299999999933,1.0239998341465173,0.01587303000000001,0,1,1,1.425149058278255,3.2419542899968343,0
44b6_0113de3b,2,666,885,False,False,4.755034338729848,3.471001521535247,3.25,1.21875,3.25,3.25,1,0.0,0.22695619999999994,0.7849219387275489,2.0535744,0.5612181408532945,2.62661,0.08222409999999991,0.967584479845927,6.4365219999999965,0.9058822394022817,0.031746030000000036,2,1,1,1.566933674706911,6.321968013436759,0
44b6_0113de3b,2,667,952,False,False,2.8726212985703494,2.368824207280903,1.625,2.03125,1.21875,1.625,1,0.0,0.06025456000000007,1.071634338093763,0.13092900000000007,0.9489073168371459,2.431835,0.007063599999999948,1.0028735662621093,0.5363770000000017,1.0086578466126463,0.015873000000000026,3,3,0,0.3104553308371661,3.1830766294075157,0
44b6_0113de3b,2,667,946,False,False,3.300390601883359,2.8726212985703494,1.625,0.40625,2.84375,1.625,2,0.42776930331300944,0.06349985000000002,1.0757856241767814,0.13861450000000008,1.0604407188897933,2.2932205,0.01061079999999981,1.0043249100506995,0.8045650000000037,1.0130433069793863,0.015873000000000026,3,2,1,0.2576913045769319,3.558081906460291,0
44b6_0113de3b,2,667,987,False,False,6.410516871711672,5.525597394173774,3.25,4.46875,3.25,3.25,3,3.5378955731413226,0.08309280000000008,1.1015479924596925,0.12527070000000018,1.0543059462684554,2.3065643,0.01773619999999987,1.0072530124662353,1.3409419999999983,1.021929651050813,0.03174604000000003,3,4,1,0.35833296639913825,6.76884983811081,0
44b6_0113de3b,2,668,885,False,False,2.4375,1.8168052317185792,1.625,-0.8125,1.625,1.625,1,0.0,0.0792908,0.924852853326379,1.3740433999999997,0.7064110413875118,3.306141,0.00998790000000005,0.9960589691022531,0.8045639999999992,0.9882351702570346,0.015873020000000015,3,1,2,0.860338266280863,3.2978382662808627,0
44b6_0113de3b,2,669,946,False,False,1.21875,1.21875,0.0,0.0,1.21875,0.0,1,0.0,0.05277514999999999,1.0629839230606388,0.06642750000000008,0.971028860814471,2.226793,0.0035575000000003243,0.9985445328082906,0.26818999999999704,0.9956519878294567,0.0,3,2,1,0.2538131659246966,1.4725631659246967,0
44b6_0113de3b,2,669,952,False,False,1.6750116604071745,1.6750116604071745,0.0,1.625,-0.40625,0.0,2,0.45626166040717453,0.04952986000000004,1.058882036711627,0.33597100000000024,0.8688994815773844,2.226793,0.007104700000000186,0.997101542207521,0.5363779999999991,0.991341814412773,0.0,3,3,0,0.3808716412309716,2.055883301638146,0
44b6_0113de3b,2,669,987,False,False,4.667457150312148,4.375446405796785,1.625,4.0625,1.625,1.625,3,3.4487071503121483,0.07236810000000005,1.0884397227006994,0.07977129999999999,0.9654113461682114,2.226793,0.003567899999999735,1.0014557825734571,0.2681869999999975,1.0043857764822182,0.015873040000000005,3,4,1,0.33373914345994654,5.001196293772095,0
44b6_0113de3b,2,670,953,False,False,2.632800908728193,2.0714766773970688,1.625,0.40625,2.03125,1.625,1,0.0,0.10253190999999995,0.8968015871044603,0.27680170000000004,1.068210689522073,4.0578833,0.026811599999999824,0.9894273043012025,2.1455100000000016,0.9686272766580486,0.01587303000000001,1,1,0,0.6421191800112978,3.274920088739491,0
44b6_0113de3b,2,671,928,False,False,4.394265616971737,2.9575446425202108,3.25,0.8125,2.84375,3.25,1,0.0,0.008665659999999908,1.0099912653795173,0.2419207000000001,0.9244124493238693,2.9587379,0.02777929999999973,1.011264381869007,2.1455060000000046,1.0341878402477247,0.03174599999999994,2,2,0,0.39265566924850426,4.786921286220241,0
44b6_0113de3b,2,671,937,False,False,5.202538442914189,4.0625,3.25,2.4375,3.25,3.25,2,0.8082728259424528,0.05147535999999997,1.0624948968625876,0.6347266999999999,0.823364077764735,2.9587379,0.02777929999999973,1.011264381869007,2.1455060000000046,1.0341878402477247,0.03174599999999994,2,2,0,0.6645643274665576,5.867102770380747,0
44b6_0113de3b,2,671,1157,False,False,6.319766856854769,6.107276653713994,-1.625,-0.40625,-6.09375,1.625,3,1.9255012398830322,0.60774696,3.274112319423562,2.4980217700000003,6.421901662056806,0.46071613,0.16917999999999989,1.072797924116652,12.336670000000005,1.2346936504267578,0.015873040000000005,2,0,2,2.665118370617056,8.984885227471825,0
44b6_0113de3b,2,672,899,False,False,6.809990937035085,6.809990937035085,0.0,6.5,2.03125,0.0,1,0.0,0.002564310000000014,1.0029924307017712,0.6249278,0.8256061640097004,2.9585478,0.03948099999999988,1.0163190565533802,2.9500740000000008,1.0497735915927175,0.0,2,1,1,0.6320755508752084,7.442066487910293,0
44b6_0113de3b,2,673,925,False,False,2.4375,1.8168052317185792,1.625,-0.8125,1.625,1.625,1,0.0,0.20812260000000005,1.2182707916824251,1.2964704999999999,1.5608977666157233,2.3113925,0.07243649999999979,1.029548533864142,5.631959999999999,1.0913042026245003,0.015873000000000026,2,3,1,1.2003729811865325,3.6378729811865327,0
44b6_0113de3b,2,673,967,False,False,4.667457150312148,4.375446405796785,1.625,4.0625,1.625,1.625,2,2.2299571503121483,0.26583984000000005,1.2967700927194148,1.7554085000000001,1.947601694931266,1.8524545,0.14187929999999982,1.059567397565782,10.727539999999998,1.1895732612235361,0.015873000000000026,2,4,2,1.8404237141288406,6.507880864440989,0
44b6_0113de3b,2,673,984,False,False,4.875,3.6336104634371584,3.25,1.625,3.25,3.25,3,2.4375,0.16260543000000005,1.1627618100050416,1.2870229000000002,1.5545437423985289,2.3208401,0.06535249999999992,1.0265815822799484,5.095582999999998,1.0818964085303027,0.03174604000000003,2,4,2,1.0925866753970923,5.967586675397092,0
44b6_0113de3b,2,674,944,False,False,3.374565944310468,0.9084026158592896,3.25,0.40625,0.8125,3.25,1,0.0,0.015104870000000048,1.017282144329691,0.1386902000000001,1.0488544892906027,2.8386278,0.003303000000000278,0.9986974585934942,0.26819000000000415,0.9961087828774838,0.03174600000000005,0,1,1,0.10877531968182963,3.4833412639922976,0
44b6_0113de3b,2,674,993,False,False,3.832554834897995,3.832554834897995,0.0,2.03125,3.25,0.0,2,0.4579888905875271,0.02732650000000003,1.0317185346249496,0.22863599999999984,1.0831762889403396,2.748682,0.06446519999999989,1.0260349207362218,5.095579999999998,1.080168588504717,0.0,0,2,2,0.8358004110274292,4.668355245925424,0
44b6_0113de3b,2,675,917,False,False,2.632800908728193,2.0714766773970688,1.625,0.40625,2.03125,1.625,1,0.0,0.034659969999999984,0.9589990421709113,0.7204212999999999,0.7614747543386102,2.2999253,0.06553359999999975,0.9739925318145447,5.095582000000007,0.9239998490613989,0.015873020000000015,3,0,3,0.8792855043888074,3.5120864131170006,0
44b6_0113de3b,2,676,949,False,False,4.162823748671087,2.6012692214570947,3.25,1.625,2.03125,3.25,1,0.0,0.018825599999999998,0.9797128503878185,0.3569386999999997,1.0855562650447008,4.1718493,0.003303000000000278,0.9986974585934942,0.26819000000000415,0.9961087828774838,0.03174602999999998,2,0,2,0.2945440155979405,4.457367764269028,0
44b6_0113de3b,2,677,952,False,False,2.03125,2.03125,0.0,-2.03125,0.0,0.0,1,0.0,0.00031345999999998764,1.0003608318533315,0.2745397999999999,0.8928700696979133,2.2882242,0.021439200000000103,0.9912618099312073,1.6091309999999979,0.9740258144961931,0.0,4,3,1,0.2866199520276359,2.317869952027636,0
44b6_0113de3b,2,677,987,False,False,2.632800908728193,2.0714766773970688,1.625,0.40625,2.03125,1.625,2,0.6015509087281932,0.023151699999999997,1.0282849540109922,0.018340099999999637,0.9920444357677966,2.2882242,0.010766600000000182,0.9955905487840804,0.8045660000000012,0.9868419346216967,0.015873040000000005,4,4,0,0.16271233699141904,2.7955132457196123,0
44b6_0113de3b,2,677,946,False,False,4.0010984819796676,4.0010984819796676,0.0,-3.65625,1.625,0.0,3,1.9698484819796676,0.003558749999999944,1.0042360193605333,0.0049962999999997315,0.9978169224593866,2.2882242,0.01789200000000024,0.9926963493578196,1.3409429999999958,0.9782607011031824,0.0,4,2,2,0.19511317093036842,4.196211652910036,0
44b6_0113de3b,2,678,975,False,False,2.0714766773970688,1.284675299443404,1.625,1.21875,0.40625,1.625,1,0.0,0.032711899999999905,1.0362562326330818,0.1309490000000002,1.0605412794207598,2.1627953,0.01061079999999981,1.0043249100506995,0.8045650000000037,1.0130433069793863,0.015873009999999965,4,4,0,0.16123628355301664,2.2327129609500855,0
44b6_0113de3b,2,678,936,False,False,2.6012692214570947,2.03125,1.625,-1.21875,1.625,1.625,2,0.529792544060026,0.20592840000000012,0.8194483531832972,1.4767845,0.6083332970874084,2.2937443,0.0584699999999998,0.9767953432602813,4.559205000000006,0.9319998484648037,0.015873009999999965,4,4,0,1.1635516041896194,3.764820825646714,0
44b6_0113de3b,2,678,981,False,False,3.2752922102462856,3.2752922102462856,0.0,-3.25,0.40625,0.0,3,1.2038155328492168,0.013418660000000027,0.9858361939939344,0.08634030000000026,1.0391092472911743,2.207404,0.014168300000000134,1.005784693277408,1.0727550000000008,1.0174671013692544,0.0,4,3,1,0.18757859599333407,3.4628708062396196,0
44b6_0113de3b,2,679,981,False,False,1.6750116604071745,0.40625,1.625,0.40625,0.0,1.625,1,0.0,0.049754080000000034,1.0524672974868834,0.10458480000000003,1.0473743484457378,2.207404,0.03165269999999998,1.0129283398408733,2.413696999999999,1.0393011531190095,0.015873020000000015,5,3,2,0.3862766468835827,2.061288307290757,0
44b6_0113de3b,2,679,936,False,False,4.241374519244911,2.7252078475778685,3.25,2.4375,1.21875,3.25,2,2.566362858837736,0.14275566000000006,0.8748335666302474,1.4585400000000002,0.6131719954718408,2.3119888,0.040985599999999955,0.9837330912134266,3.2182630000000074,0.9519998395158747,0.03174602999999998,5,4,1,1.0024668610318572,5.243841380276768,0
44b6_0113de3b,2,679,975,False,False,5.859020822628983,4.875,3.25,4.875,0.0,3.25,3,4.184009162221808,0.09588463999999997,1.1062951465038107,0.14919349999999998,1.0689768514993003,2.1627953,0.028095199999999654,1.0114581884155824,2.145507000000002,1.0347824275461,0.03174602999999998,5,4,1,0.463211798782028,6.322232621411011,0
44b6_0113de3b,2,680,936,False,False,1.86167137607581,0.9084026158592896,1.625,-0.40625,0.8125,1.625,1,0.0,0.17606460000000013,0.8456307371884397,1.3495855000000003,0.6420682635595739,2.4209433,0.054953099999999644,0.9781908367159571,4.291016000000006,0.9359998556239468,0.015873009999999965,4,4,0,1.0587569205056542,2.920428296581464,0
44b6_0113de3b,2,680,981,False,False,2.471122277933652,2.471122277933652,0.0,-2.4375,-0.40625,0.0,2,0.609450901857842,0.01644513999999997,1.01733487441357,0.21353929999999988,1.0967327832477278,2.207404,0.01768520000000029,1.0072216022133196,1.3409440000000004,1.0218339214887786,0.0,4,3,1,0.22262384838133442,2.6937461263149864,0
44b6_0113de3b,2,680,975,False,False,2.632800908728193,2.0714766773970688,1.625,2.03125,-0.40625,1.625,3,0.7711295326523833,0.0625756999999999,1.0693658953776874,0.2581479999999998,1.119353323204821,2.1627953,0.014127699999999965,1.0057597334750925,1.0727540000000033,1.0173911408198257,0.015873009999999965,4,4,0,0.2742192443979637,2.907020153126157,0
44b6_0113de3b,2,681,940,False,False,2.632800908728193,2.0714766773970688,1.625,0.40625,2.03125,1.625,1,0.0,0.03955629999999999,0.9540137532307866,1.0326667,0.7050899167633421,2.4689896,0.0718399999999999,0.9716406259065823,5.631955000000005,0.9173227404393548,0.01587301999999996,1,0,1,1.0654420588692506,3.6982429675974435,0
44b6_0113de3b,2,682,926,False,False,2.4375,1.8168052317185792,1.625,0.8125,1.625,1.625,1,0.0,0.051324099999999984,0.9424450437794206,0.1427145000000003,1.0545601895377275,2.6155326,0.020775999999999684,1.0083996903205763,1.6091300000000075,1.0254235534105232,0.01587302,1,2,1,0.3831461898814868,2.820646189881487,0
44b6_0113de3b,2,683,920,False,False,2.632800908728193,2.0714766773970688,1.625,0.40625,2.03125,1.625,1,0.0,0.04679255999999998,0.9428851408566981,0.2703896000000001,0.9179759541785822,3.0261898,0.03835979999999983,0.9846090468951187,2.950072000000006,0.9545453256790816,0.015873029999999982,2,1,1,0.4669814805767946,3.0997823893049876,0
44b6_0113de3b,2,684,967,False,False,2.8726212985703494,2.368824207280903,1.625,2.03125,1.21875,1.625,1,0.0,0.10418823999999993,1.1163036698368605,0.5235932999999999,1.2826414757205873,1.8524545,0.08005359999999984,1.033608320783964,5.900145000000002,1.1042651788071558,0.015873000000000026,2,4,2,0.841024428130586,3.7136457267009355,0
44b6_0113de3b,2,684,925,False,False,3.494694639736067,3.093907824257213,1.625,-2.84375,1.21875,1.625,2,0.6220733411657178,0.04647099999999993,1.048728809559619,0.06465529999999964,1.0279679977848946,2.3113925,0.01061079999999981,1.0043249100506995,0.8045650000000037,1.0130433069793863,0.015873000000000026,2,3,1,0.2053140148262234,3.7000086545622906,0
44b6_0113de3b,2,684,984,False,False,4.33756303988772,2.8726212985703494,3.25,-0.40625,2.84375,3.25,3,1.4649417413173706,0.0009538299999999333,1.0009447957986093,0.05520769999999997,1.0237833972991188,2.3208401,0.003526799999999941,1.0014306478717852,0.2681880000000021,1.004310175724465,0.03174604000000003,2,4,2,0.05145642412629659,4.389019464014017,0
44b6_0113de3b,2,685,943,False,False,2.632800908728193,2.0714766773970688,1.625,0.40625,2.03125,1.625,1,0.0,0.04447414999999999,0.9495945904449642,0.25334600000000007,0.9147208548298896,2.7175462,0.04559399999999991,0.9816819889815581,3.4864469999999983,0.946057991971028,0.015873000000000026,2,3,1,0.5320261522675237,3.1648270609957168,0
44b6_0113de3b,2,685,979,False,False,3.374565944310468,2.9575446425202108,1.625,-2.84375,0.8125,1.625,2,0.7417650355822749,0.03215794999999999,1.0398909808620278,0.496356,1.223458470785299,2.2211902,0.014376600000000295,1.005913151994916,1.0727530000000058,1.0178569579668355,0.015873000000000026,2,3,1,0.3261748729773011,3.700740817287769,0
44b6_0113de3b,2,685,922,False,False,4.614113030962723,3.2752922102462856,3.25,-0.40625,3.25,3.25,3,1.9813121222345296,0.013216049999999924,1.0160104946782824,0.0616304999999997,0.9778206696225195,2.7175462,0.01773619999999987,0.9927911197475515,1.3409419999999983,0.9785406220481797,0.03174604000000003,2,3,1,0.21692948728045244,4.8310425182431755,0
44b6_0113de3b,2,686,971,False,False,1.86167137607581,0.9084026158592896,1.625,0.40625,0.8125,1.625,1,0.0,0.00807934999999993,0.989690905583983,0.48552870000000015,1.1919302050850413,2.5296528,0.02368049999999977,1.0094687340365995,1.8773199999999974,1.0286883767841315,0.01587302,0,0,0,0.4539410796369679,2.315612455712778,0
44b6_0113de3b,2,687,960,False,False,1.6750116604071745,0.40625,1.625,0.0,0.40625,1.625,1,0.0,0.0021697899999999493,1.0032689576164924,1.7428103,0.640785073750739,3.1089277,0.04483199999999998,0.9821351076210167,3.4864459999999937,0.9473683384217035,0.015873020000000015,1,1,0,1.284345333337459,2.959356993744634,0
44b6_0113de3b,2,688,970,False,False,1.284675299443404,1.284675299443404,0.0,0.40625,1.21875,0.0,1,0.0,0.010073529999999997,1.012791037009564,0.2440503999999999,1.1217643973540385,2.0041916,0.03693180000000007,0.9847495932150142,2.6818830000000062,0.9549548228563844,0.0,2,4,2,0.4036107712815417,1.6882860707249459,0
44b6_0113de3b,2,688,978,False,False,3.040096626753827,2.569350598886808,1.625,0.8125,2.4375,1.625,2,1.755421327310423,0.05311007000000001,0.9375019618851888,0.09896400000000005,0.957833450351395,2.248242,0.07629710000000012,0.9690024486193317,5.6319580000000045,0.9098710990963453,0.015873000000000026,2,4,2,0.7690979064325697,3.809194533186397,0
44b6_0113de3b,2,688,965,False,False,4.182599744775969,3.8540258983302125,1.625,3.65625,1.21875,1.625,3,2.8979244453325643,0.11610737000000004,0.8728101284513166,0.289517,0.8859127840240778,2.248242,0.05856090000000025,0.9760346003171223,4.291016000000006,0.9298244036014007,0.015873000000000026,2,4,2,0.6670167203736039,4.849616465149572,0
44b6_0113de3b,2,688,959,False,False,6.5253412267099105,5.658407737606049,3.25,5.28125,2.03125,3.25,4,5.240665927266506,0.05879537000000001,0.9312726798437321,0.16154570000000001,0.9329588122687643,2.248242,0.06568630000000031,0.9731972503807468,4.827393000000001,0.9217389746602649,0.03174604000000003,2,4,2,0.6541846928349186,7.1795259195448295,0
44b6_0113de3b,2,689,973,False,False,2.6012692214570947,2.03125,1.625,1.21875,1.625,1.625,1,0.0,0.008546830000000005,1.0133101094297696,0.30837819999999994,0.9525665529876409,6.1931043,0.0,0.9999959493464149,0.0,0.9999998413310471,0.015873029999999955,0,0,0,0.23011827608299615,2.831387497540091,0
44b6_0113de3b,2,690,995,False,False,1.284675299443404,1.284675299443404,0.0,-1.21875,-0.40625,0.0,1,0.0,0.06793404999999997,1.0795773070814954,0.5518462999999998,1.2445441937137662,2.2565813,0.15102459999999995,1.0632081982231758,11.532103999999997,1.2018777135193033,0.0,1,3,2,1.7234033772557114,3.0080786766991157,0
44b6_0113de3b,2,690,998,False,False,1.6750116604071745,1.6750116604071745,0.0,1.625,-0.40625,0.0,2,0.39033636096377045,0.016407260000000035,1.018116770918484,0.2586263,1.1014256623617598,2.5498013,0.1472914999999997,1.0615495115602034,11.263916000000002,1.19626147348155,0.0,1,4,3,1.6999416176756836,3.374953278082858,0
44b6_0113de3b,2,690,1011,False,False,2.333728575156074,1.6750116604071745,1.625,0.40625,1.625,1.625,3,1.04905327571267,0.012040739999999994,1.013228532561289,0.2499558999999998,1.0976930575661337,2.5584717,0.05061459999999984,1.0203266296900237,4.022829999999999,1.0622405464169238,0.015873020000000015,1,3,2,0.6769153719040055,3.0106439470600797,0
44b6_0113de3b,2,691,927,False,False,6.214430032191206,5.296851954227152,3.25,-2.84375,4.46875,3.25,1,0.0,0.18026646000000002,1.2405302658294601,2.309302,0.6083846259247251,3.587576,0.024831300000000223,1.0101709990585968,1.8773199999999974,1.030836846078127,0.03174600000000005,3,1,2,2.0594924241733414,8.273922456364549,0
44b6_0113de3b,2,691,899,False,False,6.5,6.5,0.0,6.5,0.0,0.0,2,0.28556996780879373,0.07608890000000001,1.0891281152706551,0.004100400000000004,1.0011414584727227,3.5834756,0.046524699999999974,1.0192312335604243,3.4864510000000024,1.058823364661277,0.0,3,1,2,0.564277825980345,7.064277825980345,0
44b6_0113de3b,2,692,945,False,False,6.858289350304491,2.1877232028983924,6.5,-0.8125,2.03125,6.5,1,0.0,0.03901169999999998,1.0544318048757886,0.5606073,0.8971596749296729,4.89072,0.6693140000000002,1.371954705046072,38.619141,2.5824165634473792,0.06349205999999996,0,0,0,3.5611295073141225,10.419418857618613,0
44b6_0113de3b,2,693,1110,False,False,3.2752922102462856,0.40625,3.25,0.40625,0.0,3.25,1,0.0,0.32582333,1.8436365285057341,1.9498796999999999,1.8798123140172445,2.2162237,0.0353876999999998,1.0173680994136485,1.8773199999999974,1.0530300226915197,0.03174602999999998,0,0,0,1.4622204494772033,4.737512659723489,0
44b6_0113de3b,2,694,988,False,False,3.494694639736067,1.284675299443404,3.25,-0.40625,1.21875,3.25,1,0.0,0.05266969999999993,1.0723854096080123,0.059691700000000125,0.9762986350466907,2.4592123,0.0035066999999999737,0.9985755066537251,0.2681880000000021,0.9957445304193927,0.03174604999999997,1,1,0,0.25117635314926784,3.745870992885335,0
44b6_0113de3b,2,694,989,False,False,3.72334275215162,1.8168052317185792,3.25,0.8125,1.625,3.25,2,0.2286481124155526,0.006906629999999914,1.0089189756116232,0.2416132000000002,0.9105376095656325,2.4592123,0.020892599999999817,0.9915922915005865,1.6091300000000004,0.9749998617266175,0.03174604999999997,1,2,1,0.29893165990953524,4.022274412061155,0
44b6_0113de3b,2,695,956,False,False,2.632800908728193,2.0714766773970688,1.625,-0.40625,2.03125,1.625,1,0.0,0.015266950000000001,0.9816419859501911,0.5726864000000003,0.8177108444204318,2.5689957,0.014047000000000143,0.9943140495600334,1.0727529999999987,0.9830507063318255,0.015872999999999915,1,0,1,0.3900041987199196,3.0228051074481126,0
44b6_0113de3b,2,695,904,False,False,5.525597394173774,4.46875,3.25,0.0,-4.46875,3.25,2,2.8927964854455808,0.08393585000000003,0.9068134760924509,0.6831217,0.7899431307641883,2.5689957,0.0,0.999995931961238,0.0,0.9999998392792949,0.03174599999999994,1,2,1,0.4608788571230828,5.986476251296857,0
44b6_0113de3b,2,695,901,False,False,6.1342404786574845,5.202538442914189,3.25,3.25,-4.0625,3.25,3,3.5014395699292913,0.02968550000000003,0.9649232514883743,0.5444233,0.8251338636596498,2.5689957,0.0,0.999995931961238,0.0,0.9999998392792949,0.03174599999999994,1,1,0,0.34391394519306867,6.478154423850553,0
44b6_0113de3b,2,696,1017,False,False,1.6750116604071745,1.6750116604071745,0.0,1.625,0.40625,0.0,1,0.0,0.022614040000000002,1.0303914692356295,0.15177269999999998,0.9409127735762326,2.4170077,0.02527159999999995,1.0104442623452374,1.8773200000000045,1.0316740454555984,0.0,3,2,1,0.3114061815171517,1.9864178419243261,0
44b6_0113de3b,2,696,1028,False,False,3.350023320814349,2.9295104113144914,-1.625,2.4375,-1.625,1.625,2,1.6750116604071745,0.009262900000000074,0.9880448342245548,0.10165029999999975,0.9596372765287049,2.4170077,0.07284159999999984,0.9710540987608487,5.631957,0.915662527737038,0.015873000000000026,3,2,1,0.8758623747876745,4.225885695602024,0
44b6_0113de3b,2,697,899,False,False,5.3895152843275245,5.138701197773616,-1.625,4.875,-1.625,1.625,1,0.0,0.011208339999999928,1.0131191031726272,1.2689545999999998,0.6458853915863371,2.314521,0.007318600000000064,0.9969700327365127,0.5363770000000017,0.9909500582110614,0.015873000000000026,3,1,2,0.8928739301629475,6.282389214490472,0
44b6_0113de3b,2,697,927,False,False,5.540511314400504,5.296851954227152,1.625,-4.46875,2.84375,1.625,2,0.1509960300729798,0.11538589999999993,1.1539550698893855,3.582357,0.3924987213594696,2.314521,0.029011999999999816,0.9881076843405223,2.1455080000000066,0.9647575475953086,0.015873000000000026,3,1,2,2.7079038584047,8.248415172805204,0
44b6_0113de3b,2,698,926,False,False,3.9804208320226646,3.6336104634371584,1.625,3.25,1.625,1.625,1,0.0,0.040123730000000024,1.0449748602584665,0.9702759000000003,1.370961612324724,2.6155326,0.02762500000000001,1.0111700591448867,2.1455100000000016,1.033898176545116,0.01587302,2,2,0,0.6695999378313798,4.650020769854044,0
44b6_0113de3b,2,699,999,False,False,2.2980970388562794,1.625,1.625,0.0,1.625,1.625,1,0.0,0.11796925999999996,0.8538659124756115,0.24477140000000008,0.8379758093005112,1.2659893,0.021112800000000043,1.0105499588756175,1.0727529999999987,1.0319996647135135,0.015873000000000026,3,4,1,0.5108993855313413,2.8089964243876206,0
44b6_0113de3b,2,700,992,False,False,2.9575446425202108,2.471122277933652,1.625,-0.40625,2.4375,1.625,1,0.0,0.03772969999999998,0.9521992085321672,0.20310879999999987,0.9529484136257308,4.1138196,0.030529500000000098,0.9878981486122963,2.4136999999999915,0.9641432292084477,0.01587301999999996,2,2,0,0.40743464975463334,3.3649792922748443,0
44b6_0113de3b,2,700,997,False,False,3.9804208320226646,3.6336104634371584,1.625,-1.625,3.25,1.625,2,1.0228761895024538,0.03552202999999998,0.9548692296643039,0.05054330000000018,1.012436559048276,4.0632763,0.04054380000000002,0.9839933140555372,3.218260000000001,0.9527557887653354,0.01587301999999996,2,2,0,0.554886501069642,4.535307333092307,0
44b6_0113de3b,2,701,1005,False,False,3.1729139308370784,2.7252078475778685,1.625,2.4375,1.21875,1.625,1,0.0,0.07207364999999999,0.9050244064243625,1.1793904000000004,1.4972418094134998,2.3718348,0.003516900000000156,0.9985693428205319,0.26818899999999957,0.9957263287526057,0.015873020000000015,2,1,1,0.9829725586943917,4.15588648953147,0
44b6_0113de3b,2,702,992,False,False,2.6012692214570947,2.03125,1.625,1.21875,1.625,1.625,1,0.0,0.030709599999999893,0.9610908090531924,0.0466464000000002,0.989192247913475,4.270282,0.010094099999999884,0.9959960602954699,0.8045699999999982,0.988047594514889,0.01587301999999996,3,2,1,0.17094124718099507,2.77221046863809,0
44b6_0113de3b,2,702,997,False,False,2.9295104113144914,2.4375,1.625,0.0,2.4375,1.625,2,0.3282411898573967,0.028501929999999898,0.9637857627425891,0.20700569999999985,1.0509429276494744,4.0632763,0.020108399999999804,0.9920592173728461,1.6091300000000075,0.9763778209826557,0.01587301999999996,3,2,1,0.3543483485227975,3.283858759837289,0
44b6_0113de3b,2,703,1005,False,False,2.333728575156074,1.6750116604071745,1.625,0.40625,1.625,1.625,1,0.0,0.030277250000000033,0.9600942856455836,0.46977210000000014,1.1980576891034356,2.3718348,0.020892599999999817,1.0084708502129232,1.6091300000000004,1.0256408483163888,0.015873020000000015,1,1,0,0.45937207144689896,2.793100646602973,0
44b6_0113de3b,2,704,931,False,False,2.4375,1.8168052317185792,1.625,0.8125,1.625,1.625,1,0.0,0.10303169000000001,0.8912975127519198,0.7804823000000001,0.7615304524644535,2.49243,0.04666160000000019,0.9810410129723446,3.486449999999998,0.9442058605722625,0.015873009999999965,1,1,0,0.6608076178876193,3.0983076178876194,0
44b6_0113de3b,2,704,969,False,False,3.65625,3.2752922102462856,1.625,-1.625,2.84375,1.625,2,1.21875,0.1486650100000001,0.8503609042120028,0.6728324999999997,0.78742983424018,2.49243,0.05017850000000035,0.9796414591137452,3.7546389999999974,0.9401707855907075,0.015873009999999965,1,2,1,0.7357131509346776,4.391963150934678,0
44b6_0113de3b,2,705,917,False,False,4.021669817998489,4.021669817998489,0.0,2.84375,2.84375,0.0,1,0.0,0.057592980000000016,1.0680980495412389,0.6389355999999999,0.7884535885597085,2.381411,0.0,0.9999960320354412,0.0,0.9999998508511848,0.0,2,0,2,0.5859169335707403,4.607586751569229,0
44b6_0113de3b,2,705,867,False,False,6.550584420492571,6.550584420492571,0.0,-5.6875,3.25,0.0,2,2.5289146024940825,0.18464925,0.8302501352461296,0.8262239999999998,0.7424172562736837,2.381411,0.023305400000000365,0.990833300963102,1.8773199999999974,0.972762495747155,0.0,2,1,1,0.77877033398481,7.329354754477381,0
44b6_0113de3b,2,706,1009,False,False,2.7252078475778685,2.1877232028983924,1.625,0.8125,2.03125,1.625,1,0.0,0.008546700000000018,1.0094265607347699,0.08629949999999997,1.031993054252474,2.6971223,0.007003300000000046,1.0028367730452163,0.5363759999999971,1.0085468325843119,0.015873010000000007,2,3,1,0.09121923048357532,2.816427078061444,0
44b6_0113de3b,2,706,1003,False,False,3.832554834897995,3.471001521535247,1.625,-1.21875,3.25,1.625,2,1.1073469873201267,0.03247420000000001,0.9656840705937833,0.08913819999999983,0.9689656997044459,2.7834218,0.003496600000000072,1.0014123008789837,0.268187999999995,1.0042551522427015,0.015873010000000007,2,5,3,0.1391786559521071,3.9717334908501023,0
44b6_0113de3b,2,707,957,False,False,2.6012692214570947,2.03125,1.625,1.21875,1.625,1.625,1,0.0,0.04740595000000003,0.9362747087631775,0.8800334000000003,0.8163459487705593,3.9118106,0.0033381000000001215,0.9986767577343433,0.26818900000000667,0.9960472763429121,0.015873019999999988,1,0,1,0.5522797475097577,3.1535489689668523,0
44b6_0113de3b,2,708,969,False,False,3.65625,1.6750116604071745,3.25,0.40625,1.625,3.25,1,0.0,0.09316361000000006,0.9062222040428751,0.5896954999999999,0.8136951873811812,2.575567,0.013967499999999688,1.0056617419213543,1.0727529999999987,1.0170938404503502,0.031746039999999975,2,2,0,0.4944944185929662,4.150744418592966,0
44b6_0113de3b,2,708,931,False,False,4.33756303988772,2.8726212985703494,3.25,2.84375,0.40625,3.25,2,0.6813130398877201,0.047530289999999975,0.9498479909685582,0.6973453000000003,0.7869319109714275,2.575567,0.017484399999999845,1.0070984693671539,1.3409419999999983,1.0214590578899843,0.031746039999999975,2,1,1,0.5116178843427099,4.84918092423043,0
44b6_0113de3b,2,708,1015,False,False,5.87308811976289,4.89189779763437,-3.25,-4.875,-0.40625,3.25,3,2.2168381197628904,0.09744644999999996,1.1213485145723157,0.6743964999999998,1.3547198701017602,1.9011705,0.010460799999999715,1.0042332570487245,0.8045649999999966,1.0127657899329054,0.031746019999999986,2,4,2,0.47486140688501133,6.347949526647902,0
44b6_0113de3b,2,709,1003,False,False,3.0671202393287422,2.6012692214570947,1.625,2.03125,1.625,1.625,1,0.0,0.025710699999999975,0.972828952983959,0.4429915000000002,0.8457821741506734,2.4295685,0.0035066999999999737,0.9985755066537251,0.2681880000000021,0.9957445304193927,0.015873010000000007,5,5,0,0.27666492225949346,3.3437851615882357,0
44b6_0113de3b,2,709,1009,False,False,4.394265616971737,4.0827619710803615,1.625,4.0625,0.40625,1.625,2,1.3271453776429945,0.015310200000000052,1.0168950841137823,0.2675538000000004,0.9007969316151082,2.4295685,0.0,0.9999959435845092,0.0,0.999999840652976,0.015873010000000007,5,3,2,0.21956654524861907,4.613832162220356,0
44b6_0113de3b,2,710,1013,False,False,3.040096626753827,2.569350598886808,1.625,-0.8125,2.4375,1.625,1,0.0,0.015040050000000083,0.9796121788717173,0.1655622000000001,1.0693994352038387,2.3854878,0.03995300000000013,0.9836483771373354,2.9500730000000033,0.9517542345466169,0.015873029999999955,1,1,0,0.43672147532451244,3.4768181020783397,0
44b6_0113de3b,2,710,1158,False,False,5.87308811976289,3.2752922102462856,4.875,-0.40625,-3.25,4.875,2,2.832991493009063,0.4429258,2.5805867054168403,2.16514232,6.61034757464338,0.38590768,0.0801946,1.0345053639896205,5.631959999999999,1.1071426872849683,0.047619060000000046,1,1,0,1.8354815582219572,7.708569677984848,0
44b6_0113de3b,2,711,920,False,False,0.9084026158592896,0.9084026158592896,0.0,0.8125,-0.40625,0.0,1,0.0,0.09325819999999996,0.8861814373925418,0.40368819999999994,0.8775406485260191,2.8928912,0.049032399999999754,0.9803280371919889,3.7546370000000024,0.9421486397411959,0.0,2,1,1,0.6302299359149589,1.5386325517742485,0
44b6_0113de3b,2,712,1006,False,False,2.6012692214570947,2.03125,1.625,1.21875,1.625,1.625,1,0.0,0.02307064000000003,0.9719904119576751,0.1992468999999999,0.925424923800385,2.4726398,0.05525840000000004,0.9780109008932519,4.2910129999999995,0.9354837676616186,0.01587301000000002,2,4,2,0.6718688075265702,3.2731380289836647,0
44b6_0113de3b,2,712,1018,False,False,3.040096626753827,2.569350598886808,1.625,-0.8125,2.4375,1.625,2,0.4388274052967325,0.03483027000000005,0.9583143666567386,0.0439607999999998,0.982527769691505,2.4726398,0.021011199999999786,0.9915209683517842,1.6091300000000004,0.9747897765442084,0.01587301000000002,2,4,2,0.26584980698066935,3.3059464337344964,0
44b6_0113de3b,2,713,979,False,False,4.89189779763437,3.65625,3.25,0.0,3.65625,3.25,1,0.0,0.03086359999999999,0.9616903041487281,0.3064059000000001,0.8620494001396182,1.9147843,0.0517091999999999,0.9787128833088231,3.754639999999995,0.9374998231354776,0.03174600000000005,2,3,1,0.49392676833953925,5.38582456597391,0
44b6_0113de3b,2,713,943,False,False,6.700046641628698,5.859020822628983,3.25,3.25,4.875,3.25,2,1.8081488439943278,0.10749569999999997,0.8781842782653863,1.0561079000000002,0.644512734212523,1.9147843,0.1116798000000001,0.9551369400261474,8.313839999999999,0.871369197023893,0.03174600000000005,2,3,1,1.248479836255239,7.948526477883937,0
44b6_0113de3b,2,714,1013,False,False,3.300390601883359,2.8726212985703494,1.625,2.03125,2.03125,1.625,1,0.0,0.001629350000000085,0.9977792250147574,0.08849259999999992,0.9628997352250754,2.2969952,0.02527159999999995,0.9896555516711774,1.8773200000000045,0.9692980764071384,0.015873029999999955,1,1,0,0.2632223562863571,3.563612958169716,0
44b6_0113de3b,2,714,1158,False,False,6.563169608695177,4.394265616971737,4.875,2.4375,-3.65625,4.875,2,3.2627790068118183,0.4563365,2.6284440501544486,1.9110875200000002,5.952034122924869,0.38590768,0.09487600000000018,1.040823123894605,6.704712999999998,1.1275508299732044,0.047619060000000046,1,1,0,1.8495250890197013,8.412694697714878,0
44b6_0113de3b,2,715,982,False,False,2.9295104113144914,2.4375,1.625,0.0,2.4375,1.625,1,0.0,0.029316340000000052,0.9649521680201741,0.9375228999999998,0.7017798995954401,2.2062287,0.010611799999999949,0.9947178481116523,0.5363769999999946,0.9842516783716664,0.015873040000000005,0,0,0,0.6069027973976633,3.5364132087121547,0
44b6_0113de3b,2,716,1023,False,False,1.6750116604071745,1.6750116604071745,0.0,1.625,0.40625,0.0,1,0.0,0.023427439999999966,0.9688034361071574,0.42371300000000023,1.1823102246612311,2.324067,0.054802099999999854,1.0221943816300592,4.291017999999994,1.0680849745864698,0.0,0,0,0,0.7635680125921874,2.438579672999362,0
44b6_0113de3b,2,717,980,False,False,2.8145825622994254,2.2980970388562794,1.625,1.625,1.625,1.625,1,0.0,0.02367599999999992,0.9711336683238261,0.20838619999999963,0.9134933527935329,2.2006233,0.007003300000000046,0.9971631730653328,0.5363759999999971,0.9915252820674301,0.01587303000000001,1,1,0,0.1478497796821246,2.96243234198155,0
44b6_0113de3b,2,718,1019,False,False,1.8168052317185792,1.8168052317185792,0.0,0.8125,1.625,0.0,1,0.0,0.015191320000000008,0.9778310192215354,0.06811210000000001,1.0326813751994595,2.0838099,0.0072309999999999874,1.002976529072787,0.5363770000000017,1.0089684419834517,0.0,1,2,1,0.12247312805293335,1.9392783597715126,0
44b6_0113de3b,2,718,1016,False,False,4.021669817998489,3.6787502123683256,-1.625,3.65625,0.40625,1.625,2,2.2048645862799097,0.14144517,0.8257847068332882,0.3622725,0.8559057149090299,2.151922,0.09367539999999996,0.9629245699371368,7.241088999999995,0.8928570086316623,0.015873020000000015,1,3,2,1.1831154754696496,5.204785293468138,0
44b6_0113de3b,2,719,962,False,False,1.284675299443404,1.284675299443404,0.0,0.40625,1.21875,0.0,1,0.0,0.016193800000000036,0.981202014021865,0.1343388000000001,0.9439264428562568,2.2615898,0.01799760000000017,0.9926318473622671,1.3409430000000029,0.9780700055144175,0.0,0,1,1,0.19434333370400908,1.479018633147413,0
44b6_0113de3b,2,719,1008,False,False,3.72334275215162,3.350023320814349,1.625,3.25,0.8125,1.625,2,2.4386674527082155,0.01599929999999994,0.9814234613723964,0.36602849999999987,1.1930913914976449,1.8955613,0.07387900000000025,0.9704427329701394,5.631959999999999,0.9139342583819798,0.015873010000000007,0,2,2,0.9118483445397964,4.6351910966914165,0
44b6_0113de3b,2,720,983,False,False,2.0714766773970688,1.284675299443404,1.625,-0.40625,1.21875,1.625,1,0.0,0.03373495999999998,0.9524058628599512,0.5652005999999998,1.1768128933405406,3.1965363,0.12007669999999981,1.056360875361448,7.24109,1.178807683731446,0.01587303000000001,1,1,0,0.7569596292250548,2.8284363066221236,0
44b6_0113de3b,2,721,1029,False,False,1.8168052317185792,1.8168052317185792,0.0,-1.625,0.8125,0.0,1,0.0,0.008973739999999952,0.9867443347580833,1.9006236999999997,1.3961499942378788,4.7977023,0.0033205000000000595,0.9986871639639378,0.26818999999998994,0.996078263357922,0.0,0,0,0,1.3321344138629123,3.1489396455814918,0
44b6_0113de3b,2,722,1031,False,False,3.917733121653388,2.1877232028983924,3.25,2.03125,0.8125,3.25,1,0.0,0.007617249999999909,1.0122001512820362,1.1249404999999997,1.3802545124633157,2.958352,0.0,0.9999959435845092,0.0,0.999999840652976,0.03174605000000008,1,2,1,0.7635611074693585,4.681294229122747,0
44b6_0113de3b,2,723,947,False,False,3.9804208320226646,3.6336104634371584,1.625,1.625,3.25,1.625,1,0.0,0.06785282999999998,0.9091961734460061,1.2107687,0.7555985035292294,3.7432773,0.009961699999999851,0.9960744216309813,0.8045649999999966,0.988281112312264,0.015873000000000026,0,0,0,0.7597044163935054,4.74012524841617,0
44b6_0113de3b,2,724,1122,False,False,2.6012692214570947,2.03125,1.625,0.0,2.03125,1.625,1,0.0,0.33767251,1.9682002794243199,1.2588588,1.7736963755254191,1.6270479,0.09612849999999984,1.0479252199336724,5.095582,1.1507933384229372,0.015873000000000026,2,2,0,1.3751307967464483,3.976400018203543,0
44b6_0113de3b,2,725,986,False,False,2.1877232028983924,2.1877232028983924,0.0,0.8125,2.03125,0.0,1,0.0,0.08064636000000003,0.8990863436241299,0.8257622000000002,0.8130202347084893,3.5905998,0.0,0.999995326413122,0.0,0.999999756292806,0.0,1,0,1,0.531759992796937,2.7194831956953296,0
44b6_0113de3b,2,726,995,False,False,2.7252078475778685,2.1877232028983924,1.625,0.8125,2.03125,1.625,1,0.0,0.0016401999999999806,0.9980666866574376,0.06422019999999984,1.0284545101277311,2.2565813,0.06194140000000026,1.0259218129070884,4.559203999999994,1.0798120150781745,0.015873019999999988,2,3,1,0.6204392006981299,3.3456470482759983,0
44b6_0113de3b,2,726,998,False,False,4.487177913232324,4.182599744775969,1.625,3.65625,2.03125,1.625,2,1.761970065654456,0.053166989999999914,0.9412465652209876,0.22899979999999998,0.9101855890277056,2.3208015,0.05820829999999999,1.0243212958764962,4.291015999999999,1.0747661743873014,0.015873019999999988,2,4,2,0.6655250948904625,5.152703008122787,0
44b6_0113de3b,2,726,1011,False,False,5.745242597140699,4.737648414561806,3.25,2.4375,4.0625,3.25,3,3.0200347495628304,0.057533509999999954,0.936727400332327,0.23767020000000016,0.907101074828872,2.3208015,0.03846859999999985,0.9845440878261947,2.9500700000000037,0.954356746965154,0.03174604,2,3,1,0.47148933513101,6.216731932271709,0
44b6_0113de3b,2,727,1001,False,False,0.9084026158592896,0.9084026158592896,0.0,0.40625,0.8125,0.0,1,0.0,0.05446110000000004,0.9264657184216327,0.001365900000000142,0.9995004790267811,2.753063,0.010402299999999975,0.9958118328242207,0.8045639999999992,0.9874998687179684,0.0,3,3,0,0.2522035296278604,1.16060614548715,0
44b6_0113de3b,2,728,1032,False,False,2.8726212985703494,2.368824207280903,1.625,1.21875,2.03125,1.625,1,0.0,0.04510643000000003,1.064065203253287,0.2573224999999999,1.1794571632220654,1.433828,0.03453200000000001,1.0139836663065096,2.6818880000000007,1.042553077382753,0.015873009999999965,1,1,0,0.43811903090290355,3.310740329473253,0
44b6_0113de3b,2,729,1057,False,False,4.908737426772795,3.6787502123683256,3.25,0.40625,3.65625,3.25,1,0.0,0.0540018000000001,1.094179503043943,0.3274457000000002,0.9386771541233995,5.012409,0.0034103999999999246,0.9986336268881009,0.26819000000000415,0.9959181927912727,0.03174602999999998,0,0,0,0.3859144873486955,5.2946519141214905,0
44b6_0113de3b,2,730,1020,False,False,3.2752922102462856,3.2752922102462856,0.0,3.25,-0.40625,0.0,1,0.0,0.027302260000000023,0.9601214660080931,0.38939659999999954,1.0948979114112865,4.1032057,0.05144639999999967,1.0208351038065042,4.022828000000004,1.063829631941025,0.0,2,2,0,0.720801755500003,3.9960939657462884,0
44b6_0113de3b,2,731,1094,False,False,3.5648292823780494,3.1729139308370784,1.625,2.03125,2.4375,1.625,1,0.0,0.10649866000000002,1.235902473336416,0.7657930999999998,1.3147650207534525,2.4328623,0.025196999999999914,0.9897011107658673,1.8773199999999974,0.9694321451849762,0.01587302,0,0,0,0.6435894398196484,4.208418722197698,0
44b6_0113de3b,2,732,1020,False,False,2.03125,2.03125,0.0,2.03125,0.0,0.0,1,0.0,0.012291909999999961,0.9820380248247352,1.2631382999999996,1.3078386300773805,4.1032057,0.037933299999999726,1.0153614151104122,2.9500730000000033,1.0468083406937216,0.0,1,2,1,0.977247396768146,3.008497396768146,0
44b6_0113de3b,2,733,1025,False,False,2.6012692214570947,2.03125,1.625,0.0,2.03125,1.625,1,0.0,0.0048853500000000105,0.9929440159587886,0.10032789999999991,0.9641833086227258,2.7010906,0.01794450000000003,0.9926642834627589,1.3409400000000034,0.9781658179892687,0.015873000000000026,2,1,1,0.19306869007728697,2.794337911534382,0
44b6_0113de3b,2,734,1035,False,False,1.7235727791422095,1.7235727791422095,0.0,1.21875,1.21875,0.0,1,0.0,0.01446174,1.023662041548293,1.2851976,0.703295743321031,3.046404,0.034628300000000056,1.0140426208386906,2.6818859999999987,1.0427348959178702,0.0,0,0,0,1.036168460933727,2.7597412400759365,0
44b6_0113de3b,2,735,871,False,False,4.182599744775969,4.182599744775969,0.0,2.03125,3.65625,0.0,1,0.0,0.22942602999999995,0.7035273158484993,3.1723522,0.4757488482499249,2.8788638,0.007063599999999948,1.0028735662621093,0.5363770000000017,1.0086578466126463,0.0,2,0,2,2.013353115694577,6.195952860470546,0
44b6_0113de3b,2,735,879,False,False,5.343384490423649,5.343384490423649,0.0,-5.28125,-0.8125,0.0,2,1.16078474564768,0.27557823000000004,0.6639324075308208,4.243798699999999,0.4041830927927685,2.8788638,0.07516049999999996,0.970368851148833,5.900144999999995,0.9137253763704694,0.0,2,0,2,2.713539045980472,8.05692353640412,0
44b6_0113de3b,2,736,1054,False,False,2.03125,1.21875,1.625,0.0,1.21875,1.625,1,0.0,0.11959419999999998,1.2254112791405192,0.19264379999999992,1.1294280860192338,1.4883362,0.039200500000000194,1.0189569523530169,2.1455079999999995,1.0579707333311357,0.015873019999999988,1,1,0,0.4843045003847419,2.515554500384742,0
44b6_0113de3b,2,737,996,False,False,3.6787502123683256,1.7235727791422095,3.25,1.21875,1.21875,3.25,1,0.0,0.05970335999999998,0.9173130682589226,0.14632119999999982,1.0749900016713851,1.9510661,0.01773619999999987,1.0072530124662353,1.3409419999999983,1.021929651050813,0.03174604,1,1,0,0.3779746163183973,4.056724828686723,0
44b6_0113de3b,2,738,938,False,False,4.375446405796785,4.0625,-1.625,-3.25,-2.4375,1.625,1,0.0,0.14683854000000007,0.8153282334662673,1.2969827,0.5954323146654709,1.9088805,0.04612000000000016,0.9813670441863198,3.486450000000005,0.9451475346078738,0.015873029999999955,1,0,1,0.918625815057889,5.294072220854674,0
44b6_0113de3b,2,738,956,False,False,6.662995408410545,4.5420130792964475,-4.875,4.0625,-2.03125,4.875,2,2.28754900261376,0.18381970000000003,0.7790954205275161,1.2328016000000002,0.6075963013689343,1.9088805,0.042633000000000365,0.9827512282413394,3.218260000000001,0.9491524191890696,0.04761903000000001,1,0,1,0.9274677572250754,7.5904631656356205,0
44b6_0113de3b,2,739,929,False,False,2.471122277933652,2.471122277933652,0.0,0.40625,2.4375,0.0,1,0.0,0.10026749999999995,0.8678364251787641,0.6610204999999998,0.6939707614359841,1.4989935,0.0035066999999999737,0.9985755066537251,0.2681880000000021,0.9957445304193927,0.0,2,3,1,0.4754635916969951,2.946585869630647,0
44b6_0113de3b,2,740,938,False,False,0.5745242597140698,0.5745242597140698,0.0,-0.40625,0.40625,0.0,1,0.0,0.12767244,0.839430873809591,1.2131056,0.6215958884462429,1.9927576,0.04612000000000016,0.9813670441863198,3.486450000000005,0.9451475346078738,0.0,2,0,2,0.8650368258923962,1.439561085606466,0
44b6_0113de3b,2,741,1038,False,False,3.6336104634371584,1.625,3.25,0.0,1.625,3.25,1,0.0,0.03441810000000001,0.9519090761786628,1.1248326,1.574460611322489,1.95804,0.014266300000000065,1.006752249885582,0.8045639999999992,1.020407868197914,0.03174603999999999,2,3,1,0.8470215849313086,4.480632048368467,0
44b6_0113de3b,2,741,991,False,False,4.375446405796785,2.9295104113144914,3.25,2.4375,1.625,3.25,2,0.7418359423596264,0.01852940000000003,0.973515419053487,0.14911649999999987,0.9538593621514313,3.0828726,0.40794679999999994,0.8389784341662687,27.891600000000004,0.5905510990330576,0.03174603999999999,2,4,2,2.9838543357604586,7.359300741557243,0
44b6_0113de3b,2,742,1043,False,False,4.021669817998489,4.021669817998489,0.0,2.84375,2.84375,0.0,1,0.0,0.037011000000000016,1.065693505822063,1.7884255000000002,0.5775486592443884,2.4450355,0.024831300000000223,0.9899233365867136,1.8773199999999974,0.9700853051544907,0.0,1,0,1,1.315961990587848,5.337631808586337,0
44b6_0113de3b,2,743,1039,False,False,3.832554834897995,2.03125,3.25,0.0,2.03125,3.25,1,0.0,0.09158496000000005,1.1745957280148374,0.7519477000000001,1.5889472541505425,1.2767388,0.11877460000000029,1.0601876285259662,6.168334999999999,1.1916662987145206,0.03174604,2,3,1,0.9230704586185503,4.7556252935165455,0
44b6_0113de3b,2,744,1025,False,False,4.908737426772795,3.6787502123683256,3.25,0.40625,3.65625,3.25,1,0.0,0.029028860000000045,1.041826756627034,0.4007293999999999,0.8569517658580257,2.4006891,0.007146099999999933,0.9970762137006237,0.5363759999999971,0.9912662294999753,0.03174600000000005,3,1,2,0.35222537302861756,5.260962799801413,0
44b6_0113de3b,2,745,1058,False,False,1.8168052317185792,0.8125,1.625,0.0,0.8125,1.625,1,0.0,0.06327610000000006,1.0951575121612693,0.1409187999999999,1.0802356011998715,1.756178,0.00507970000000002,0.9975199430985864,0.2681880000000021,0.9925923315310449,0.01587301999999996,1,2,1,0.2550826707336642,2.0718879024522434,0
44b6_0113de3b,2,745,1068,False,False,4.241374519244911,2.7252078475778685,3.25,-2.4375,1.21875,3.25,2,2.4245692875263316,0.07609880000000002,1.116694546096453,0.04487039999999998,0.976889327021965,1.8970968,0.4354939,0.8245821275560481,28.159790000000008,0.5606693699005457,0.031746059999999965,1,3,2,2.643189248247582,6.884563767492493,0
44b6_0113de3b,2,746,1036,False,False,1.1490485194281397,1.1490485194281397,0.0,0.8125,0.8125,0.0,1,0.0,0.005082750000000025,0.9916138182012791,0.44756550000000006,1.1702658431361643,2.6285589,0.010490299999999841,1.004251245126876,0.8045660000000012,1.0128203604193848,0.0,0,0,0,0.3322768339899835,1.4813253534181232,0
44b6_0113de3b,2,747,1030,False,False,2.0714766773970688,1.284675299443404,1.625,0.40625,1.21875,1.625,1,0.0,0.007709140000000003,0.9894683393789345,0.10512370000000004,0.9431252272097773,1.7433783,0.0035066999999999737,1.0014184068046856,0.2681880000000021,1.004273336618644,0.015873020000000015,2,2,0,0.08294558312562815,2.154422260522697,0
44b6_0113de3b,2,748,1037,False,False,2.9575446425202108,2.471122277933652,1.625,0.40625,2.4375,1.625,1,0.0,0.03374944999999996,0.9538096255139209,0.00855130000000015,1.003196329705041,2.6722112,0.03502029999999978,0.9859096690819801,2.6818840000000037,0.9583331960957064,0.015873009999999965,2,3,1,0.42112391252523174,3.3786685550454427,0
44b6_0113de3b,2,748,1061,False,False,3.65625,3.2752922102462856,1.625,-2.84375,1.625,1.625,2,0.6987053574797892,0.09323395000000001,1.1543716609352421,0.7221456000000002,1.368694823909546,1.9586169,0.03971560000000007,1.0164658735464902,2.9500740000000008,1.0502281449057693,0.015873009999999965,2,3,1,0.581423643915779,4.237673643915779,0
44b6_0113de3b,2,749,1037,False,False,2.03125,2.03125,0.0,-1.21875,1.625,0.0,1,0.0,0.06292959999999992,0.9138847435605726,0.06524019999999986,0.9755820363972864,2.606971,0.024409499999999973,0.9901776794417235,1.877319,0.9708331875507222,0.0,1,3,2,0.36011785342481806,2.391367853424818,0
44b6_0113de3b,2,749,1061,False,False,4.5420130792964475,4.5420130792964475,0.0,-4.46875,0.8125,0.0,2,2.5107630792964475,0.06405380000000005,1.1060515862994913,0.6483541000000002,1.3310197056927995,1.9586169,0.05032639999999988,1.0208661619447792,3.7546390000000045,1.06392676548014,0.0,1,3,2,0.6171787106639658,5.159191789960413,0
44b6_0113de3b,2,750,1016,False,False,1.6750116604071745,0.40625,-1.625,0.0,-0.40625,1.625,1,0.0,0.15908456000000004,0.804060145616247,0.4714391,0.8124857783048276,2.0427554,0.11917469999999986,0.9528333762847432,9.118407999999995,0.865079239896196,0.015873020000000015,2,3,1,1.4270122378244519,3.1020238982316264,0
44b6_0113de3b,2,750,1019,False,False,2.9575446425202108,2.9575446425202108,0.0,-2.84375,0.8125,0.0,2,1.2825329821130362,0.03283071000000004,0.9521064572852138,0.041054499999999994,0.9802936424592164,2.0427554,0.018268299999999904,0.9924656015301033,1.3409419999999983,0.9775783181765587,0.0,2,2,0,0.20700785871577854,3.164552501235989,0
44b6_0113de3b,2,751,1048,False,False,3.0671202393287422,2.6012692214570947,1.625,1.625,2.03125,1.625,1,0.0,0.029328800000000044,0.9667413675071636,0.46877879999999994,0.8409234910581121,2.4781504,0.0033292999999998685,1.0013118598764654,0.26818500000000256,1.0039523699444797,0.015873000000000026,1,1,0,0.3048859003180849,3.3720061396468273,0
44b6_0113de3b,2,751,934,False,False,6.107276653713994,6.107276653713994,0.0,-0.40625,-6.09375,0.0,2,3.0401564143852515,0.1505297,0.8499616979976314,2.1634869,0.533894593843871,2.4781504,0.0033205000000000595,0.9986871639639378,0.26818999999998994,0.996078263357922,0.0,1,2,1,1.3573869538218708,7.464663607535865,0
44b6_0113de3b,2,751,948,False,False,6.3066959703556345,6.3066959703556345,0.0,1.625,-6.09375,0.0,3,3.2395757310268922,0.1668557999999999,0.8363527968272808,1.4480586,0.6311798705064593,2.4781504,0.00666739999999999,1.0026346257591952,0.5363740000000092,1.0079363151121519,0.0,1,3,2,0.9797694840404166,7.286465454396051,0
44b6_0113de3b,2,752,994,False,False,6.953879874753374,2.471122277933652,6.5,0.40625,2.4375,6.5,1,0.0,0.05153490000000005,0.9443190078845388,0.42687779999999975,1.1922552708445608,2.2203078,0.35234549999999976,1.1653908802433435,23.600586000000007,1.5827810670905391,0.06349205999999996,1,1,0,2.423469922202149,9.377349796955524,0
44b6_0113de3b,2,753,1072,False,False,2.2980970388562794,1.625,1.625,0.0,1.625,1.625,1,0.0,0.05374449999999997,1.0949547266635566,0.8667056,1.2849837214512154,3.0412009,0.018979300000000254,0.9910861748469711,1.0727539999999962,0.9735096910915939,0.015873040000000005,0,0,0,0.5732147282244872,2.8713117670807664,0
44b6_0113de3b,2,754,1027,False,False,3.0671202393287422,2.6012692214570947,1.625,2.03125,1.625,1.625,1,0.0,0.017171999999999965,0.9768502706168605,0.1133192999999999,0.9365194425461838,1.6719307,0.011377599999999877,0.9952110520756243,0.8045650000000037,0.9857141183023526,0.015873040000000005,5,3,2,0.11241654601447856,3.179536785343221,0
44b6_0113de3b,2,754,923,False,False,5.343384490423649,5.343384490423649,0.0,5.28125,-0.8125,0.0,2,2.2762642510949065,0.13441413999999996,0.8435935314455051,1.5463373,0.5195109620735064,1.6719307,0.11615129999999985,0.9532110548118544,8.582031000000008,0.8661086555987842,0.0,5,2,3,1.402750689667704,6.746135180091352,0
44b6_0113de3b,2,754,883,False,False,6.563169608695177,6.358818311015027,-1.625,-2.84375,-5.6875,1.625,3,3.496049369366435,0.21421314000000002,0.771921754316974,2.8788213000000002,0.36739576800544615,1.6719307,0.10222320000000007,0.9585888721902944,7.509277000000004,0.8808509295350863,0.015873000000000026,5,2,3,1.9287545087741362,8.491924117469313,0
44b6_0113de3b,2,755,1010,False,False,2.8726212985703494,2.368824207280903,1.625,2.03125,1.21875,1.625,1,0.0,0.09334196000000006,0.8643878689905367,1.7807604000000001,0.6004911384419479,2.6766286,0.0795758000000002,0.9677625493906318,5.9001459999999994,0.9063828426056983,0.01587302,1,0,1,1.2952883580545886,4.167909656624938,0
44b6_0113de3b,2,756,1033,False,False,2.1877232028983924,2.1877232028983924,0.0,0.8125,2.03125,0.0,1,0.0,0.02771425999999999,0.9578025996605916,0.07236700000000074,0.9881874162533396,6.054733,0.0,0.999995326413122,0.0,0.999999756292806,0.0,0,0,0,0.10789953373858624,2.295622736636979,0
44b6_0113de3b,2,757,1079,False,False,1.6750116604071745,1.6750116604071745,0.0,0.40625,1.625,0.0,1,0.0,0.09400130000000007,1.1585921986001089,0.6266307000000002,1.3333064009097806,1.880004,0.04214569999999984,1.0172406244639884,3.2182609999999983,1.0526313947492716,0.0,2,3,1,0.6035117112125993,2.278523371619774,0
44b6_0113de3b,2,757,1093,False,False,3.8540258983302125,3.8540258983302125,0.0,3.65625,1.21875,0.0,2,2.179014237923038,0.07252230000000004,1.1180714212557314,0.9267191000000001,1.5865523667696757,1.5799156,0.03147309999999992,1.0128177530142584,2.4136960000000016,1.0389608666437198,0.0,2,4,2,0.6431849310811204,4.497210829411333,0
44b6_0113de3b,2,757,1090,False,False,5.2183757350827085,4.958913218891817,1.625,4.0625,2.84375,1.625,3,3.5433640746755337,0.045287500000000036,1.0705945250985347,0.1939533,1.083860432048997,2.3126814,0.0034483000000000708,0.9986108855033532,0.26818600000000004,0.995850506463915,0.015873040000000005,2,2,0,0.19648446979195341,5.414860204874662,0
44b6_0113de3b,2,758,1017,False,False,2.1877232028983924,2.1877232028983924,0.0,-2.03125,0.8125,0.0,1,0.0,0.13012855999999995,0.8250267632419193,1.57310275,0.38760564116091367,0.99567765,0.06367980000000006,0.9736678207272814,4.559202999999997,0.9230767855049218,0.0,3,2,1,1.0539957065687071,3.2417189094670995,0
44b6_0113de3b,2,758,1028,False,False,2.368824207280903,1.7235727791422095,-1.625,-1.21875,-1.21875,1.625,2,0.18110100438251076,0.16200550000000002,0.7911201284720378,1.5229803499999999,0.3953191329702843,0.99567765,0.16179299999999985,0.9357113137089864,12.068480000000001,0.8192770055948776,0.015873000000000026,3,2,1,1.8198131519951337,4.188637359276036,0
44b6_0113de3b,2,759,1067,False,False,4.182599744775969,3.8540258983302125,1.625,3.65625,1.21875,1.625,1,0.0,0.01398894000000006,1.0243471618165756,0.4124933999999998,0.904244054243149,3.8953586,0.03378529999999991,1.0135293901810225,2.6818850000000083,1.0411521070876224,0.01587301000000002,0,1,1,0.5636227326480409,4.746222477424009,0
44b6_0113de3b,2,760,1085,False,False,3.65625,1.6750116604071745,3.25,0.40625,1.625,3.25,1,0.0,0.06939580000000001,1.1315346927401309,0.7405269000000003,1.2846277173639395,2.6016934,0.0,0.9999960581413119,0.0,0.9999998537756658,0.03174602999999998,0,1,1,0.4744218255176125,4.130671825517613,0
44b6_0113de3b,2,761,1075,False,False,3.917733121653388,2.1877232028983924,-3.25,2.03125,-0.8125,3.25,1,0.0,0.10112409999999994,1.2309614697608293,0.9596598000000003,1.4470058219533497,2.1468296,0.06308679999999978,1.0266538861250019,4.559204999999999,1.0821254246035195,0.03174600000000005,1,0,1,0.7710112166548573,4.688744338308245,0
44b6_0113de3b,2,762,1044,False,False,2.1877232028983924,2.1877232028983924,0.0,0.8125,2.03125,0.0,1,0.0,0.008708939999999998,0.9846841639981609,0.8002218999999999,0.7982668073515986,3.1665516,0.003516900000000156,0.9985693428205319,0.26818899999999957,0.9957263287526057,0.0,1,1,0,0.5355774719200441,2.7233006748184367,0
44b6_0113de3b,2,762,1059,False,False,2.2980970388562794,2.2980970388562794,0.0,-1.625,1.625,0.0,2,0.11037383595788697,0.00810635999999998,1.0146550839693906,0.5969037999999998,0.8413925102114663,3.1665516,0.00702360000000013,0.9971509322943785,0.5363770000000017,0.9914892036408431,0.0,1,1,0,0.4286678040109944,2.726764842867274,0
44b6_0113de3b,2,763,1050,False,False,4.614113030962723,3.2752922102462856,3.25,-0.40625,3.25,3.25,1,0.0,0.012345949999999939,0.9783157103893108,0.042268799999999995,0.9799941229885313,2.0710402,0.03387640000000003,0.9865896622816126,2.6818859999999916,0.9603172999045063,0.03174599999999994,1,1,0,0.4424364422868481,5.056549473249571,0
44b6_0113de3b,2,764,1024,False,False,1.21875,1.21875,0.0,0.0,1.21875,0.0,1,0.0,0.12296204999999993,0.7972433001091261,0.1136039999999996,1.026050078876742,4.360591,0.0,0.9999950782043793,0.0,0.9999997153648879,0.0,0,0,0,0.5611258575858113,1.7798758575858113,0
44b6_0113de3b,2,765,1103,False,False,2.333728575156074,1.6750116604071745,1.625,1.625,0.40625,1.625,1,0.0,0.058444090000000004,1.1293141038595533,1.5368039999999996,1.4626970568612885,3.3213727,0.0035066999999999737,1.0014184068046856,0.2681880000000021,1.004273336618644,0.015873020000000015,0,0,0,0.981006137677502,3.3147347128335762,0
44b6_0113de3b,2,766,1088,False,False,1.8168052317185792,0.8125,-1.625,0.0,0.8125,1.625,1,0.0,0.05603667000000001,1.0929760292620905,0.5100097000000001,1.4178404028967009,1.220551,0.00500559999999961,0.9975738893297665,0.26819000000000415,0.9927533138323079,0.015873009999999965,1,1,0,0.3420088927372409,2.1588141244558203,0
44b6_0113de3b,2,767,1046,False,False,1.6750116604071745,1.6750116604071745,0.0,1.625,0.40625,0.0,1,0.0,0.04376330000000006,0.9262250571177593,2.2587160999999996,0.5700864520326462,2.9951816,0.2546516000000003,1.112733442069834,18.236813999999995,1.3777774408119527,0.0,1,1,0,2.876686503379695,4.551698163786869,0
44b6_0113de3b,2,768,1131,False,False,3.494694639736067,3.494694639736067,0.0,2.84375,2.03125,0.0,1,0.0,0.1617034,1.443591852500923,2.3963446,0.3972928924058145,1.5796307,0.06453639999999994,1.0361261067981558,2.681886000000002,1.112359138194891,0.0,2,1,1,2.1795505984097256,5.674245238145793,0
44b6_0113de3b,2,769,1051,False,False,3.300390601883359,0.5745242597140698,3.25,-0.40625,0.40625,3.25,1,0.0,0.09499835000000001,0.8580173188703057,0.11112240000000018,0.9537300948568778,2.2906966,0.023305400000000365,0.990833300963102,1.8773199999999974,0.972762495747155,0.03174600000000005,1,2,1,0.47189518132294705,3.772285783206306,0
44b6_0113de3b,2,770,1042,False,False,0.40625,0.40625,0.0,0.0,0.40625,0.0,1,0.0,0.03866190000000003,0.9334812143975564,0.5935308000000001,1.4284288954948763,1.3853326,0.01061079999999981,1.0043249100506995,0.8045650000000037,1.0130433069793863,0.0,1,2,1,0.5099228509514777,0.9161728509514777,0
44b6_0113de3b,2,771,1093,False,False,1.284675299443404,1.284675299443404,0.0,0.40625,1.21875,0.0,1,0.0,0.057420099999999974,1.093480583313916,0.5453407000000001,1.345162265868722,1.5799156,0.014087200000000077,1.0057349108235463,1.0727540000000033,1.0173158546417598,0.0,4,4,0,0.3644002788640953,1.6490755783074995,0
44b6_0113de3b,2,771,1079,False,False,3.2752922102462856,3.2752922102462856,0.0,-2.84375,1.625,0.0,2,1.9906169108028815,0.0788991,1.1331101475837002,0.2452523000000002,1.1304470605006134,1.880004,0.0247598,1.0101268522264688,1.877319,1.030701580158092,0.0,4,3,1,0.37939712863601116,3.6546893388822967,0
44b6_0113de3b,2,771,1090,False,False,3.374565944310468,2.9575446425202108,1.625,0.8125,2.84375,1.625,3,2.089890644867064,0.03018529999999997,1.047047892953582,0.1874251,0.9189536917895746,2.1252563,0.020834199999999914,0.9916273948497806,1.6091279999999983,0.9751036267145345,0.015873040000000005,4,2,2,0.33378813152251186,3.70835407583298,0
44b6_0113de3b,2,772,1049,False,False,1.86167137607581,0.9084026158592896,1.625,-0.40625,0.8125,1.625,1,0.0,0.00897110000000001,0.9858633277145108,0.15847710000000004,0.8749033381900047,1.10843,0.01768520000000029,1.0072216022133196,1.3409440000000004,1.0218339214887786,0.015872999999999915,2,2,0,0.23539836539659945,2.0970697414724095,0
44b6_0113de3b,2,773,1052,False,False,3.1729139308370784,2.7252078475778685,1.625,1.21875,2.4375,1.625,1,0.0,0.05426659999999994,0.9138504681856897,0.23598280000000016,0.8741377774720014,1.6390162,0.05767610000000012,0.9772609545534044,4.559202999999997,0.9333332114797216,0.015873009999999965,2,4,2,0.753805774868959,3.9267197057060375,0
44b6_0113de3b,2,774,1075,False,False,4.0827619710803615,3.7454399357752353,-1.625,2.4375,-2.84375,1.625,1,0.0,0.08216332999999998,1.1876519085127242,1.0300622000000001,1.479799329209318,2.1468296,0.0810312999999998,1.034236557718521,5.900145000000002,1.1062799665495961,0.015873000000000026,1,0,1,0.9244707532128287,5.00723272429319,0
44b6_0113de3b,2,775,1104,False,False,1.4647552056572457,1.4647552056572457,0.0,1.21875,0.8125,0.0,1,0.0,0.09584700000000002,1.17682879801733,1.6984116,1.287830899302597,5.9006824,0.0,0.999995326413122,0.0,0.999999756292806,0.0,0,0,0,1.07189782302043,2.5366530286776756,0
44b6_0113de3b,2,776,1115,False,False,2.84375,2.84375,0.0,0.0,2.84375,0.0,1,0.0,0.22344314999999992,1.6768333623888245,2.1380729,0.707348918748879,5.1678286,0.2873090999999999,1.1899982693107258,9.922973,1.6851839652958518,0.0,0,0,0,5.21998703900499,8.063737039004991,0
44b6_0113de3b,2,777,1076,False,False,2.2980970388562794,1.625,1.625,0.0,1.625,1.625,1,0.0,0.007184960000000018,0.9861002024300884,0.4992032000000002,0.8693679296803549,3.3223078,0.014250800000000119,1.0058354382483459,1.0727539999999962,1.0176209798111309,0.015873009999999993,1,0,1,0.3825341743277237,2.680631213184003,0
44b6_0113de3b,2,778,1045,False,False,5.202538442914189,4.942244555867304,1.625,4.875,0.8125,1.625,1,0.0,0.05361539999999998,0.9129268379809895,1.0569826,0.6907213321465766,2.3606133,0.006774700000000244,1.0026986791683488,0.5363749999999925,1.0081298989190877,0.01587303000000001,1,0,1,0.6862340401844007,5.88877248309859,0
44b6_0113de3b,2,780,1077,False,False,5.170718337426629,1.7235727791422095,4.875,1.21875,1.21875,4.875,1,0.0,0.0018626000000000476,0.9970521479838713,2.0377888000000004,2.121733148038279,1.8166242,0.3159375,0.8703438367488978,20.650513000000004,0.6592919232650469,0.04761905,0,2,2,2.5231059182321007,7.693824255658729,0
44b6_0113de3b,2,781,1096,False,False,5.265601817456386,4.1429533547941375,3.25,0.8125,4.0625,3.25,1,0.0,0.013434909999999967,1.0282884423122411,0.28278819999999993,1.166882081933026,1.6944691,0.022090000000000387,1.0092129903163463,1.6091309999999979,1.027906801137388,0.03174605000000008,1,1,0,0.2575647210821169,5.523166538538503,0
44b6_0113de3b,2,782,1062,False,False,2.9575446425202108,2.471122277933652,1.625,2.4375,0.40625,1.625,1,0.0,0.05267245000000004,0.9029896685487171,0.29195340000000014,1.0839571306551166,3.4772813,0.054062899999999914,0.9787130171796068,4.291015999999999,0.9374998579881864,0.01587303000000001,0,1,1,0.800093633499338,3.7576382760195486,0
44b6_0113de3b,2,784,1007,False,False,2.8726212985703494,2.368824207280903,1.625,1.21875,2.03125,1.625,1,0.0,0.09855709999999995,0.8405678391106346,0.8255853999999998,0.6160498207896973,1.3246716,0.07277030000000018,0.9703926918497249,5.363770000000002,0.9137929496551873,0.015872999999999915,3,2,1,0.8313525985419552,3.703973897112305,0
44b6_0113de3b,2,785,1082,False,False,2.6012692214570947,2.03125,1.625,1.21875,1.625,1.625,1,0.0,0.006728299999999909,1.0130037267426983,0.2017456000000002,0.876491783273858,1.4317843,0.048237100000000144,0.9800825108360749,3.486450000000005,0.9414412848297342,0.015873000000000026,2,2,0,0.465614770351313,3.0668839918084077,0
44b6_0113de3b,2,785,1102,False,False,5.343384490423649,5.090297909995052,1.625,4.46875,2.4375,1.625,2,2.742115268966554,0.024038100000000062,0.9560693563478675,0.4366036299999999,1.4387034999031894,0.99518067,0.015050200000000125,0.9936964498341174,1.0727560000000054,0.9812204490163494,0.015873000000000026,2,3,1,0.38527570766096986,5.728660198084619,0
44b6_0113de3b,2,786,1081,False,False,0.9084026158592896,0.9084026158592896,0.0,0.40625,0.8125,0.0,1,0.0,0.03786476000000005,1.0680648393492391,0.8851564999999999,0.6203614808435483,1.446437,0.017288999999999888,1.0069793809560932,1.3409400000000034,1.0210968479254785,0.0,2,3,1,0.7350382507896531,1.6434408666489428,0
44b6_0113de3b,2,786,1087,False,False,3.350023320814349,2.9295104113144914,1.625,2.4375,1.625,1.625,2,2.4416207049550596,0.05322905,1.09840927134696,1.2346324000000002,0.5394980096449213,1.446437,0.04054380000000002,0.9839933140555372,3.218260000000001,0.9527557887653354,0.015873029999999955,2,2,0,1.0836034633305365,4.433626784144885,0
44b6_0113de3b,2,787,1080,False,False,2.03125,1.21875,1.625,0.0,1.21875,1.625,1,0.0,0.004739530000000047,1.0083948375457923,0.24942680000000017,1.0874275029800116,2.8528314,0.013928099999999777,0.9943858324852866,1.0727540000000033,0.9832634434879505,0.015873019999999988,1,1,0,0.24637057989998662,2.2776205798999865,0
44b6_0113de3b,2,787,1053,False,False,5.658407737606049,4.631962664465248,3.25,2.84375,3.65625,3.25,2,3.6271577376060486,0.014253760000000004,1.0257167323889143,0.10781960000000002,1.036003155973357,2.9944386,0.017385899999999843,0.9930028007862683,1.3409419999999983,0.9791665203661777,0.03174604,1,1,0,0.23374210922031302,5.892149846826362,0
44b6_0113de3b,2,788,1080,False,False,1.284675299443404,1.284675299443404,0.0,-1.21875,-0.40625,0.0,1,0.0,0.0006295700000000792,1.001099726505223,0.7522169999999999,1.2636694069288255,2.8528314,0.04422090000000001,1.01780783597307,3.4864499999999907,1.0543931378065161,0.0,1,1,0,0.7407419937513761,2.02541729319478,0
44b6_0113de3b,2,788,1053,False,False,3.0671202393287422,2.6012692214570947,1.625,1.625,2.03125,1.625,2,1.7824449398853381,0.010143800000000036,1.0182963081856744,0.6106097999999998,1.2039105964283374,2.9944386,0.04076309999999994,1.0163922280121827,3.2182619999999957,1.0499998415293819,0.015873020000000015,1,1,0,0.6373930547402787,3.704513294069021,0
44b6_0113de3b,2,789,1081,False,False,3.5648292823780494,3.1729139308370784,1.625,2.4375,2.03125,1.625,1,0.0,0.003650460000000022,1.0065457375785063,1.1189916999999998,0.5200720448395278,1.2126018,0.014007199999999997,0.994338134224333,1.0727550000000008,0.9831221912666761,0.015873020000000015,2,3,1,0.7818535305013252,4.346682812879375,0
44b6_0113de3b,2,789,1087,False,False,6.214430032191206,5.296851954227152,3.25,4.46875,2.84375,3.25,2,2.649600749813157,0.01901474999999997,1.0351423710049528,1.4684676,0.45228119689405694,1.2126018,0.0718399999999999,0.9716406259065823,5.631955000000005,0.9173227404393548,0.03174604999999997,2,2,0,1.3403982945763757,7.554828326767582,0
44b6_0113de3b,2,790,1097,False,False,2.1877232028983924,1.4647552056572457,1.625,-1.21875,0.8125,1.625,1,0.0,0.01719088000000002,0.9582085606841394,1.204873,0.8072712347339598,5.04682,0.010734999999999939,0.9956098875383522,0.8045639999999992,0.9868994256630731,0.015873020000000015,0,0,0,0.8003352301987053,2.988058433097098,0
44b6_0113de3b,2,792,1091,False,False,2.6012692214570947,2.03125,1.625,1.21875,1.625,1.625,1,0.0,0.002553530000000026,0.9944276949990478,0.20638359999999967,1.0484505076262496,4.2594624,0.06481639999999977,1.0262508276497937,5.095578000000003,1.0808508438538518,0.015873009999999993,0,1,1,0.8371092236108291,3.438378445067924,0
44b6_0113de3b,2,792,1128,False,False,6.5253412267099105,5.658407737606049,3.25,5.28125,2.03125,3.25,2,3.9240720052528157,0.12757784,1.3866664294353037,2.5793241,2.36722527724021,1.8865219,0.08600830000000004,1.0351365480233157,6.704710000000006,1.1091700959225548,0.031746029999999995,0,2,2,1.8381089679871376,8.363450194697048,0
44b6_0113de3b,2,793,1064,False,False,4.0010984819796676,3.65625,1.625,0.0,3.65625,1.625,1,0.0,0.09906495999999998,0.8397085900181067,1.10862236,0.3087051657472223,0.49507174,0.1319760000000001,0.9376282271660245,6.972901,0.824324103365661,0.015872999999999915,3,1,2,1.0580797477703174,5.059178229749985,0
44b6_0113de3b,2,794,1106,False,False,2.4375,2.4375,0.0,0.0,2.4375,0.0,1,0.0,0.012021729999999953,0.9775378877893373,0.12425940000000013,1.0626011069440657,1.9847696,0.03278589999999992,0.9865414647548506,2.4136960000000016,0.9601768376973494,0.0,3,1,2,0.3512650787099364,2.7887650787099365,0
44b6_0113de3b,2,795,1073,False,False,3.040096626753827,2.569350598886808,1.625,0.8125,2.4375,1.625,1,0.0,0.056752499999999984,0.917961517321339,0.15708514000000007,0.8235679020664869,0.73330486,0.025576399999999833,0.9894688881013797,1.8773199999999974,0.9687498283373752,0.015873040000000005,3,4,1,0.3049848915103269,3.3450815182641542,0
44b6_0113de3b,2,795,1051,False,False,5.887121803139459,4.908737426772795,-3.25,2.03125,4.46875,3.25,2,2.8470251763856322,0.03400610000000004,0.9491655514533639,1.66851414,0.30531101922743037,0.73330486,0.13946460000000016,0.945164068320007,10.727540000000005,0.8443578439871482,0.03174606000000002,3,2,1,1.8916424166813846,7.778764219820844,0
44b6_0113de3b,2,796,1105,False,False,5.404804720107841,4.318496736423452,3.25,2.84375,3.25,3.25,1,0.0,0.014780559999999943,0.9738069212138482,0.3694499,1.2796795040381086,1.3209302,0.014168300000000134,1.005784693277408,1.0727550000000008,1.0174671013692544,0.03174600000000005,0,2,2,0.31980140633530874,5.72460612644315,0
44b6_0113de3b,2,796,894,False,False,5.87308811976289,4.89189779763437,-3.25,3.65625,-3.25,3.25,2,0.46828339965504906,0.43635974999999994,0.5575481071779159,1.2161771999999997,0.5815726682124306,1.6903801,0.03472540000000013,0.9860860220429161,2.681884999999994,0.9588475860218099,0.03174604999999997,0,2,2,1.6859020640485025,7.558990183811392,0
44b6_0113de3b,2,796,918,False,False,6.1342404786574845,5.9150892850404215,-1.625,5.6875,-1.625,1.625,3,0.7294357585496432,0.6042450999999999,0.476445079530722,2.8998145999999996,0.3682581084020066,1.6903801,0.06182569999999998,0.9754964406144623,4.827394999999996,0.9282866812487856,0.015873029999999955,0,4,4,2.5219346652008126,8.656175143858297,0
44b6_0113de3b,2,797,1014,False,False,0.9084026158592896,0.9084026158592896,0.0,-0.40625,0.8125,0.0,1,0.0,0.1862563399999999,0.7420574298045779,0.8158418000000001,0.5621457553107253,1.0474436,0.09767890000000001,0.9519195199792418,4.827391999999996,0.8625951890973367,0.0,1,1,0,1.0386523223046351,1.9470549381639248,0
44b6_0113de3b,2,797,976,False,False,3.471001521535247,3.471001521535247,0.0,3.25,1.21875,0.0,2,2.5625989056759577,0.37582604,0.5877603096656441,0.8435444999999999,0.5539104454943662,1.0474436,0.16277929999999996,0.9223659140688696,8.313842000000001,0.7847220355704358,0.0,1,2,1,1.7632577653759827,5.23425928691123,0
44b6_0113de3b,2,798,1066,False,False,3.447145558284419,1.1490485194281397,3.25,-0.8125,0.8125,3.25,1,0.0,0.06103817,0.8671265090625919,0.4902153,1.218705732031446,2.2413821,0.010961099999999835,1.0045414104759773,0.8045640000000063,1.0136984332870462,0.03174603000000001,0,1,1,0.5157616031737177,3.9629071614581366,0
44b6_0113de3b,2,799,1119,False,False,3.040096626753827,2.569350598886808,-1.625,-2.4375,0.8125,1.625,1,0.0,0.011467759999999994,1.030500245380652,0.6367573000000002,0.8255607210947175,3.0135992,0.05420880000000006,0.9786277152163195,4.29101399999999,0.9372547872750321,0.015873000000000026,0,0,0,0.8240472662019622,3.8641438929557896,0
44b6_0113de3b,2,800,1078,False,False,3.350023320814349,2.9295104113144914,1.625,1.625,2.4375,1.625,1,0.0,0.03798637000000005,0.9395878448035178,0.8623780999999999,0.5875462599987574,1.2284842,0.0584699999999998,0.9767953432602813,4.559205000000006,0.9319998484648037,0.015873029999999955,3,2,1,0.8588219561692957,4.208845276983645,0
44b6_0113de3b,2,801,1078,False,False,1.284675299443404,1.284675299443404,0.0,-0.40625,1.21875,0.0,1,0.0,0.07338140000000004,0.8833116782764483,0.39288330000000005,0.8120912023178077,1.697979,0.07620619999999967,0.969757681959546,5.900147000000004,0.9119998574137326,0.0,2,2,0,0.9279457927602075,2.2126210922036114,0
44b6_0113de3b,2,802,1074,False,False,4.394265616971737,2.9575446425202108,3.25,0.8125,2.84375,3.25,1,0.0,0.020030830000000055,0.960948179464523,0.3664594000000001,0.7005520271583175,0.8573472,0.05202960000000001,0.9785168814479006,3.7546370000000024,0.9369368057462605,0.03174600000000005,1,3,2,0.5011303195137959,4.895395936485532,0
44b6_0113de3b,2,803,1113,False,False,2.8145825622994254,2.2980970388562794,1.625,1.625,1.625,1.625,1,0.0,0.04790588999999995,1.1032313651127144,1.1472121999999998,0.6890177153734962,2.5418053,0.0033118999999999232,0.9986922612208506,0.26819000000000415,0.9960935827264694,0.015873000000000026,2,1,1,0.8936493058053382,3.7082318681047637,0
44b6_0113de3b,2,804,1084,False,False,2.8145825622994254,2.2980970388562794,1.625,1.625,1.625,1.625,1,0.0,0.012502730000000017,0.9777723072357987,0.18175930000000007,0.8071467281977459,0.7607571,0.003642499999999771,0.9984921657639271,0.2681870000000046,0.9954953529561446,0.01587301000000002,4,3,1,0.11445301194326231,2.929035574242688,0
44b6_0113de3b,2,804,1144,False,False,3.0671202393287422,2.6012692214570947,1.625,-2.03125,1.625,1.625,2,0.25253767702931684,0.12830737999999997,1.3039328049832541,0.49634966999999997,2.8771064751669355,0.26440743,0.10679300000000014,1.0461881567342717,7.509276999999997,1.1450774922737244,0.01587301000000002,4,4,0,0.9215916213103417,3.988711860639084,0
44b6_0113de3b,2,806,1089,False,False,0.9084026158592896,0.9084026158592896,0.0,-0.40625,0.8125,0.0,1,0.0,0.0658803,0.8931900323686709,0.13427689999999992,0.8834532415310062,1.0179279,0.06861830000000024,0.9714087586436174,4.827390000000001,0.9166665515827036,0.0,3,2,1,0.5796308535818833,1.4880334694411728,0
44b6_0113de3b,2,806,1092,False,False,4.875,4.596194077712559,1.625,-3.25,3.25,1.625,2,3.9665973841407105,0.027996660000000007,0.9516300225716637,0.1663885999999999,0.8594993863600958,1.0179279,0.03861120000000007,0.9837063274481758,2.681882999999999,0.9519229378200212,0.015873020000000015,3,2,1,0.30108840900835504,5.176088409008355,0
44b6_0113de3b,2,807,1083,False,False,2.1877232028983924,1.4647552056572457,1.625,0.8125,1.21875,1.625,1,0.0,0.05738213000000003,0.889865212227559,0.2481888999999997,0.9074783335439497,2.4344041,0.007043700000000097,0.9971387262052188,0.5363770000000017,0.9914528327869376,0.015873020000000015,2,2,0,0.2338543280523419,2.421577530950734,0
44b6_0113de3b,2,808,1112,False,False,1.86167137607581,0.9084026158592896,1.625,-0.40625,0.8125,1.625,1,0.0,0.012670249999999994,1.0323913752630467,1.3207822999999999,0.5954546145090032,1.9440881,0.007003300000000046,0.9971631730653328,0.5363759999999971,0.9915252820674301,0.015873000000000026,2,1,1,0.9318137613658267,2.7934851374416367,0
44b6_0113de3b,2,809,1130,False,False,2.1877232028983924,1.4647552056572457,1.625,1.21875,0.8125,1.625,1,0.0,0.06471843,1.1771830308699156,0.61572656,1.6246298150871568,0.98572034,0.05003139999999995,1.020681058384111,3.7546390000000045,1.063348242759538,0.015873040000000005,2,1,1,0.6151262269873621,2.8028494298857547,0
44b6_0113de3b,2,810,1099,False,False,1.284675299443404,1.284675299443404,0.0,0.40625,1.21875,0.0,1,0.0,0.01930930999999997,0.9596331103728266,0.2820669,0.8514337892405448,1.6165843,0.010703600000000257,1.0043819056831436,0.8045659999999941,1.013215702006186,0.0,3,2,1,0.2270394525702372,1.5117147520136414,0
44b6_0113de3b,2,811,1092,False,False,2.333728575156074,1.6750116604071745,1.625,0.40625,1.625,1.625,1,0.0,0.02749676000000001,0.9524933940596035,0.16828139999999991,0.857901178433481,1.0160351,0.03469249999999979,0.9853595649091774,2.4136960000000016,0.956730602806977,0.015873020000000015,2,2,0,0.27504943740146925,2.6087780125575435,0
44b6_0113de3b,2,811,1089,False,False,3.350023320814349,3.350023320814349,0.0,3.25,-0.8125,0.0,2,1.016294745658275,0.0653804,0.8940003838592379,0.13616969999999995,0.8818104922797381,1.0160351,0.06469959999999997,0.9730413285528715,4.559203000000004,0.9212961549987639,0.0,2,2,0,0.5532506922834721,3.903274013097821,0
44b6_0113de3b,2,812,1102,False,False,1.4647552056572457,1.4647552056572457,0.0,0.8125,1.21875,0.0,1,0.0,0.003888360000000035,1.0070849194370735,0.12034747000000001,0.8790608939289996,0.8748332,0.007501399999999769,0.9968560519305183,0.5363760000000042,0.9906101719909873,0.0,3,3,0,0.10934068827598811,1.574095893933234,0
44b6_0113de3b,2,812,1082,False,False,2.471122277933652,2.471122277933652,0.0,-2.4375,0.40625,0.0,2,1.0063670722764062,0.03465476000000001,1.0670572901040989,0.7586967000000001,0.5355444332887124,0.8748332,0.04068829999999979,0.9831988254373804,2.9500700000000037,0.9504503437729107,0.0,3,2,1,0.6943756780303401,3.1654979559639917,0
44b6_0113de3b,2,813,1109,False,False,0.8125,0.8125,0.0,0.0,0.8125,0.0,1,0.0,0.015364269999999958,1.0262786708709974,0.1390448999999998,0.9000727958941105,1.2525071,0.006849000000000327,0.9972562452522321,0.5363799999999941,0.9918030807787525,0.0,5,4,1,0.1610551689350226,0.9735551689350226,0
44b6_0113de3b,2,813,1111,False,False,2.1877232028983924,1.4647552056572457,1.625,0.8125,1.21875,1.625,2,1.3752232028983924,0.008127969999999984,1.0137238520178515,0.024222499999999814,0.9810200137913794,1.2525071,0.024272599999999755,1.0098279387674038,1.8773180000000025,1.0297870494464183,0.015873009999999993,5,4,1,0.29599758307313484,2.4837207859715273,0
44b6_0113de3b,2,813,1108,False,False,5.202538442914189,4.0625,3.25,3.25,2.4375,3.25,3,4.390038442914189,0.014515869999999986,1.0247906465313634,0.28995217000000006,1.3012182980736688,0.96255493,0.020775999999999684,1.0083996903205763,1.6091300000000075,1.0254235534105232,0.031746019999999986,5,5,0,0.29321595972109404,5.495754402635283,0
44b6_0113de3b,2,814,1108,False,False,1.1490485194281397,1.1490485194281397,0.0,0.8125,0.8125,0.0,1,0.0,0.02170340000000004,0.9628916277069831,0.13477516999999994,1.1400063162492322,0.96255493,0.014047000000000143,0.9943140495600334,1.0727529999999987,0.9830507063318255,0.0,4,5,1,0.22402854478222478,1.3730770642103645,0
44b6_0113de3b,2,814,1111,False,False,2.333728575156074,1.6750116604071745,-1.625,-1.625,-0.40625,1.625,2,1.1846800557279344,0.02809130000000004,0.952493285549312,0.17939949999999993,0.8594783932447932,1.0973301,0.01055040000000007,0.9957223477879826,0.8045650000000037,0.9872338927291887,0.015873009999999993,4,4,0,0.1627258500772431,2.4964544252333174,0
44b6_0113de3b,2,814,1109,False,False,4.1429533547941375,2.569350598886808,-3.25,-2.4375,-0.8125,3.25,3,2.993904835365998,0.020855000000000068,0.9642897729606577,0.2942218999999999,0.7885599779240882,1.0973301,0.04167200000000015,0.9833262596010414,3.2182630000000003,0.950819508542437,0.031746019999999986,4,4,0,0.5104336474890903,4.653387002283228,0
44b6_0113de3b,2,814,1124,False,False,4.908737426772795,4.631962664465248,-1.625,4.46875,-1.21875,1.625,4,3.7596889073446556,0.043674299999999944,1.0840090496118282,0.4840661399999999,1.7892983749057272,0.61326396,0.054162400000000055,1.022525726234249,4.0228269999999995,1.0691242370084597,0.015873009999999993,4,3,1,0.5943141189635786,5.503051545736374,0
44b6_0113de3b,2,815,1111,False,False,0.5745242597140698,0.5745242597140698,0.0,0.40625,0.40625,0.0,1,0.0,0.003442449999999986,1.0058027358882424,0.032835100000000006,0.9742742372837813,1.2438945,0.017385899999999843,1.0070383751629475,1.3409419999999983,1.0212764276231094,0.0,5,4,1,0.2118548945853027,0.7863791542993726,0
44b6_0113de3b,2,815,1109,False,False,1.6750116604071745,0.40625,-1.625,-0.40625,0.0,1.625,2,1.1004874006931047,0.010678749999999959,1.0182594528984417,0.1476575,0.8938836357991954,1.2438945,0.01373570000000024,0.9945014098795171,1.0727559999999983,0.9836063755004737,0.015873009999999993,5,4,1,0.21142949913084044,1.886441159538015,0
44b6_0113de3b,2,815,1108,False,False,3.65625,3.2752922102462856,1.625,2.84375,1.625,1.625,3,3.08172574028593,0.009830349999999988,1.0167830558018427,0.2813395699999999,1.2922707458290632,0.96255493,0.013889299999999771,1.0056140721307125,1.0727540000000033,1.0169489934745812,0.015873009999999993,5,5,0,0.23192689901425567,3.8881768990142556,0
44b6_0113de3b,2,815,1124,False,False,6.512682938889317,6.512682938889317,0.0,6.5,-0.40625,0.0,4,5.938158679175247,0.07520804999999997,1.1446792165032473,0.6306305399999999,2.028285205522178,0.61326396,0.08209869999999997,1.0341463643924442,6.1683340000000015,1.1059905757883022,0.0,5,3,2,0.9168633144563447,7.429546253345662,0
44b6_0113de3b,2,816,1098,False,False,2.6012692214570947,2.03125,1.625,1.625,1.21875,1.625,1,0.0,0.04616302,0.9049561791630721,0.4711669999999999,0.8891365451736515,3.778889,0.010067199999999943,1.0039959962161764,0.8045659999999941,1.0120480498791984,0.01587302,0,0,0,0.35156565877422236,2.952834880231317,0
44b6_0113de3b,2,817,1060,False,False,2.1877232028983924,2.1877232028983924,0.0,0.8125,2.03125,0.0,1,0.0,0.1206835,0.7856624045462618,0.2132120000000004,0.9072031356185031,2.0845065,0.0868072000000002,0.9571610636083487,4.291016000000003,0.8769228148095116,0.0,0,0,0,0.8144103047795244,3.0021335076779168,0
44b6_0113de3b,2,818,1117,False,False,3.2752922102462856,3.2752922102462856,0.0,-3.25,0.40625,0.0,1,0.0,0.007579390000000019,0.9823859284052285,1.20757125,2.2952683378302523,0.93227655,0.17684860000000002,1.0780011194775418,12.336670000000005,1.2527469963161268,0.0,1,1,0,1.5807313281547382,4.856023538401024,0
44b6_0113de3b,2,819,1071,False,False,2.03125,2.03125,0.0,1.625,1.21875,0.0,1,0.0,0.09657310000000008,0.8552329770432172,0.6926713000000002,0.7319211812288828,1.8911905,0.014077200000000012,1.0066179684203147,0.8045669999999987,1.019999786220042,0.0,3,1,2,0.5111946523505404,2.5424446523505404,0
44b6_0113de3b,2,820,1106,False,False,4.958913218891817,4.958913218891817,0.0,4.0625,2.84375,0.0,1,0.0,0.00533402000000005,1.0099394463349674,0.2234022,0.8874372751513568,1.7613674,0.0,0.9999958962750694,0.0,0.9999998350123739,0.0,4,1,3,0.16477373733138742,5.123686956223204,0
44b6_0113de3b,2,821,1086,False,False,3.040096626753827,2.569350598886808,1.625,2.4375,0.8125,1.625,1,0.0,0.006276999999999977,0.9891938383393404,0.46668370000000003,0.6103291798499976,0.7309677,0.030786800000000003,0.9870073178760883,2.1455079999999995,0.9615382857204728,0.015873010000000007,2,1,1,0.3732702434242428,3.41336687017807,0
44b6_0113de3b,2,822,1121,False,False,4.162823748671087,3.832554834897995,1.625,2.03125,3.25,1.625,1,0.0,0.06042745999999999,1.179838714622419,1.0029139000000002,0.6917919063207397,2.251124,0.020660800000000368,1.0083296285065069,1.609133,1.0252099571186184,0.015873030000000066,2,1,1,0.8801642224645072,5.042987971135594,0
44b6_0113de3b,2,823,1101,False,False,3.5648292823780494,1.4647552056572457,3.25,0.8125,1.21875,3.25,1,0.0,0.05677695000000005,0.8938405717176393,0.16339750000000008,0.8923838459102238,1.3550216,0.0520204999999998,0.9792431849943434,4.022827000000007,0.9390242499455279,0.031746039999999975,1,4,3,0.6352270368700587,4.200056319248108,0
44b6_0113de3b,2,823,1143,False,False,5.540511314400504,4.487177913232324,3.25,4.46875,0.40625,3.25,2,1.9756820320224548,0.1121298,1.3063259899569593,0.7424637,2.212034943391582,0.6125579,0.08053880000000024,1.033919554069788,5.9001480000000015,1.1052629907549143,0.031746039999999975,1,2,1,0.865244265576585,6.4057555799770896,0
44b6_0113de3b,2,824,1116,False,False,3.1729139308370784,2.7252078475778685,1.625,1.21875,2.4375,1.625,1,0.0,0.015688480000000005,1.043475982210166,0.18601699999999965,0.9556365100883437,4.0072184,0.020270099999999847,0.9919636288633485,1.6091299999999933,0.9760954861389651,0.015872999999999915,2,1,1,0.31420982592435814,3.4871237567614366,0
44b6_0113de3b,2,825,1129,False,False,2.6012692214570947,2.03125,1.625,1.21875,1.625,1.625,1,0.0,0.03866729000000002,1.1034127060537617,0.3074808,1.1024514205030593,3.0011275,0.06795219999999969,1.0274821072762528,5.363770000000002,1.0847455993594184,0.015873040000000005,0,0,0,0.8785342160854119,3.4798034375425067,0
44b6_0113de3b,2,826,990,False,False,0.9084026158592896,0.9084026158592896,0.0,-0.40625,0.8125,0.0,1,0.0,0.28142702,0.5690158897977398,2.8306632,0.47229912353138304,2.5334892,0.04714130000000005,0.9769100053215706,2.413696999999999,0.9323305450264384,0.0,0,0,0,1.8162195166818107,2.7246221325411004,0
44b6_0113de3b,2,827,1095,False,False,2.8145825622994254,2.2980970388562794,1.625,1.625,1.625,1.625,1,0.0,0.06726652,0.8593808994937785,0.5718081000000002,0.7256435381766351,1.5123978,0.003516900000000156,0.9985693428205319,0.26818899999999957,0.9957263287526057,0.015873000000000026,2,1,1,0.37644012425962065,3.191022686559046,0
44b6_0113de3b,2,828,1071,False,False,3.471001521535247,3.471001521535247,0.0,1.21875,3.25,0.0,1,0.0,0.1561728,0.7658998417626416,1.3067579000000002,0.49425977712980956,1.2771039,0.1745405,0.9178820449876199,9.118407000000001,0.7733331626408089,0.0,3,1,2,1.3936089148475421,4.864610436382789,0
44b6_0113de3b,2,829,986,False,False,3.7454399357752353,3.7454399357752353,0.0,-2.84375,-2.4375,0.0,1,0.0,0.3772044,0.5280460915713276,3.6223618500000003,0.17978561362131631,0.79400015,0.5148410999999999,0.7593798654960391,23.064209,0.4379083908070039,0.0,1,0,1,5.91837208410946,9.663812019884695,0
44b6_0113de3b,2,830,1125,False,False,2.6012692214570947,2.03125,1.625,1.21875,1.625,1.625,1,0.0,0.00707144000000004,1.0178178134229594,1.6569818,1.9762307049754677,1.6973058,0.06795219999999969,1.0274821072762528,5.363770000000002,1.0847455993594184,0.015873009999999965,1,2,1,1.3754673141141385,3.9767365355712334,0
44b6_0113de3b,2,830,1043,False,False,6.319766856854769,5.420051026051323,-3.25,-5.28125,1.21875,3.25,2,3.718497635397674,0.15985186,0.7161729134175893,0.8791734,0.7923256353946916,3.3542876,0.07495549999999973,1.0304010087169528,5.9001459999999994,1.0940169112446956,0.031746059999999965,1,0,1,1.2912835848952124,7.611050441749981,0
44b6_0113de3b,2,831,1120,False,False,2.368824207280903,1.7235727791422095,1.625,1.21875,1.21875,1.625,1,0.0,0.05607168000000001,0.8697896645995543,0.05109279999999994,0.9574446398423256,1.1497518,0.007104700000000186,0.997101542207521,0.5363779999999991,0.991341814412773,0.015873009999999965,3,2,1,0.23027202284259823,2.5990962301235014,0
44b6_0113de3b,2,831,1100,False,False,4.182599744775969,3.8540258983302125,1.625,-3.65625,1.21875,1.625,2,1.8137755374950655,0.06715844000000004,0.8479620878311976,1.5839439000000002,0.42058360561636166,1.1497518,0.021191900000000263,0.9914118447753899,1.6091320000000024,0.9744679123935398,0.015873009999999965,3,1,2,1.007972679098353,5.190572423874322,0
44b6_0113de3b,2,832,1124,False,False,1.284675299443404,1.284675299443404,0.0,1.21875,0.40625,0.0,1,0.0,0.01112740000000001,0.978571913688144,0.020720189999999916,1.0337698832019542,0.61326396,0.0036871000000000542,1.0015295600552507,0.2681880000000021,1.0046081140734104,0.0,5,3,2,0.06770353148456071,1.3523788309279647,0
44b6_0113de3b,2,832,1108,False,False,3.8109628048565365,3.447145558284419,1.625,-2.4375,2.4375,1.625,2,2.5262875054131326,0.07650509999999999,0.8692350890769103,0.32857078000000006,0.6586403994585591,0.63398415,0.06452230000000014,0.973897171546059,4.827391999999996,0.9237286761825929,0.015873009999999993,5,5,0,0.7028991808006564,4.513861985657193,0
44b6_0113de3b,2,832,1111,False,False,5.025034981221523,5.025034981221523,0.0,-4.875,1.21875,0.0,3,3.740359681778119,0.082893,0.8598481512205703,0.6427454499999999,0.4965649612497333,0.63398415,0.06102570000000007,0.9752765522975428,4.559204000000001,0.9276594288977607,0.0,5,4,1,0.7136892216324779,5.7387242028540015,0
44b6_0113de3b,2,832,1109,False,False,5.970631248033997,5.745242597140699,-1.625,-5.6875,0.8125,1.625,4,4.685955948590593,0.07565670000000002,0.870497242448224,0.7575678499999999,0.4555917379175344,0.63398415,0.09214730000000015,0.9631350008140458,6.972901999999998,0.8934424646230019,0.015873009999999993,5,4,1,1.063629905459193,7.03426115349319,0
44b6_0113de3b,2,833,1100,False,False,0.8125,0.8125,0.0,0.0,-0.8125,0.0,1,0.0,0.07833708,0.8226588786679857,1.1018078000000002,0.5969508349051618,1.6318879,0.021191900000000263,0.9914118447753899,1.6091320000000024,0.9744679123935398,0.0,2,1,1,0.6993917200020437,1.5118917200020436,0
44b6_0113de3b,2,833,1120,False,False,4.942244555867304,4.942244555867304,0.0,4.875,-0.8125,0.0,2,4.129744555867304,0.06725031999999997,0.8438351200188493,0.4310433,1.3589387924233292,1.2008446,0.007104700000000186,0.997101542207521,0.5363779999999991,0.991341814412773,0.0,2,2,0,0.4958949499956101,5.438139505862914,0
44b6_0113de3b,2,834,1100,False,False,2.0714766773970688,1.284675299443404,1.625,0.40625,1.21875,1.625,1,0.0,0.06121922000000002,0.8614057022535543,1.2047326000000003,0.5593005494336862,1.5289631,0.00702360000000013,0.9971509322943785,0.5363770000000017,0.9914892036408431,0.015873009999999965,3,1,2,0.7561498136764045,2.8276264910734734,0
44b6_0113de3b,2,834,1120,False,False,5.658407737606049,5.420051026051323,1.625,5.28125,1.21875,1.625,2,3.58693106020898,0.05013245999999999,0.8835793340284487,0.3281185,1.273229165296115,1.2008446,0.007063599999999948,1.0028735662621093,0.5363770000000017,1.0086578466126463,0.015873009999999965,3,2,1,0.37883345961597625,6.037241197222025,0
44b6_0113de3b,2,835,1127,False,False,2.2980970388562794,2.2980970388562794,0.0,1.625,1.625,0.0,1,0.0,0.009976249999999964,0.9718369857473785,2.5181574999999996,0.47524730295471557,2.2806025,0.0034578000000000664,0.9986051375649792,0.268187999999995,0.9958331859970888,0.0,0,0,0,1.7173884495567089,4.015485488412988,0
44b6_0113de3b,2,836,1138,False,False,3.0671202393287422,2.6012692214570947,1.625,2.03125,1.625,1.625,1,0.0,0.03955355999999999,1.1272549353027732,0.5530389999999996,1.1824701868258152,3.030781,0.026811599999999824,0.9894273043012025,2.1455100000000016,0.9686272766580486,0.015873020000000015,0,1,1,0.5400122733273016,3.607132512656044,0
44b6_0113de3b,2,836,1140,False,False,3.1729139308370784,2.7252078475778685,1.625,-1.21875,2.4375,1.625,2,0.10579369150833617,0.05731189999999997,1.1955799709540946,0.889478,1.3301231613389788,2.694342,0.013476799999999844,0.9946556017847155,1.0727600000000024,0.9840635088713832,0.015873020000000015,0,2,2,0.6114573823061208,3.784371313143199,0
44b6_0113de3b,2,837,1126,False,False,1.6750116604071745,1.6750116604071745,0.0,0.40625,1.625,0.0,1,0.0,0.011854140000000013,0.9724398556426708,0.3384917999999999,0.7731414283100567,1.1536252,0.025576399999999833,0.9894688881013797,1.8773199999999974,0.9687498283373752,0.0,2,0,2,0.31219686845814254,1.9872085288653172,0
44b6_0113de3b,2,838,1126,False,False,3.1729139308370784,2.7252078475778685,1.625,1.21875,2.4375,1.625,1,0.0,0.028004780000000007,0.9349222631443309,0.22365089999999999,0.8501059896376112,1.2684661,0.03298500000000004,0.9864195808282923,2.4136979999999966,0.9598212411544851,0.01587301000000002,2,0,2,0.3293454576680459,3.5022593885051245,0
44b6_0113de3b,2,839,1114,False,False,0.9084026158592896,0.9084026158592896,0.0,0.8125,0.40625,0.0,1,0.0,0.11825069999999993,0.7785329552472924,0.432777383,0.12186755363875783,0.060062397,0.1742047,0.9085555302439398,7.241088000000001,0.7499997669550152,0.0,2,2,0,2.2299414448621064,3.138344060721396,0
44b6_0113de3b,2,839,1107,False,False,3.65625,3.65625,0.0,3.65625,0.0,0.0,2,2.7478473841407105,0.08356939999999996,0.8326090287228386,1.342905403,0.042810653882050013,0.060062397,0.274656,0.8630500012141046,12.068480999999998,0.6428569652990531,0.0,2,2,0,3.1941993341720827,6.850449334172083,0
44b6_0113de3b,2,840,1069,False,False,3.471001521535247,3.471001521535247,0.0,3.25,1.21875,0.0,1,0.0,0.18907507000000007,0.6519383740538686,1.10715228,0.29002162968416045,0.45226872,0.1552323,0.9211064108019396,6.972900999999997,0.7815123430494894,0.0,1,1,0,1.8127104613370013,5.283711982872249,0
44b6_0113de3b,2,841,1133,False,False,2.1877232028983924,1.4647552056572457,1.625,0.8125,1.21875,1.625,1,0.0,0.005463690000000021,0.9827575800855591,0.08895755999999999,0.906677749420546,0.8643695,0.04313480000000025,0.9824485281225552,3.2182619999999957,0.9482757055048304,0.015873000000000026,1,1,0,0.4520584164828874,2.6397816193812798,0
44b6_0113de3b,2,841,915,False,False,6.358818311015027,6.358818311015027,0.0,-5.6875,-2.84375,0.0,2,4.171095108116635,0.5258754800000001,0.3723518175595126,2.408482,0.26410207092478555,0.8643695,0.0676133000000001,0.9727618158789413,5.095581000000003,0.9205019494187064,0.0,1,1,0,2.1674007895612886,8.526219100576316,0
44b6_0113de3b,2,842,1134,False,False,1.6750116604071745,0.40625,1.625,0.0,0.40625,1.625,1,0.0,0.018663549999999973,0.9319294386463832,0.20108289999999995,0.8261934582646892,0.9558998,0.0247598,0.9899666120827594,1.877319,0.9702126173487807,0.015873020000000015,1,1,0,0.2874137074997236,1.9624253679068981,0
44b6_0113de3b,2,843,1148,False,False,3.300390601883359,2.8726212985703494,-1.625,2.03125,-2.03125,1.625,1,0.0,0.05136185999999998,1.1991381875118081,0.2570709999999998,1.216463780729931,1.1875374,0.06304850000000028,0.9747751773200007,4.827393999999998,0.9262293468626791,0.015873000000000026,1,1,0,0.8062162249803292,4.106606826863688,0
44b6_0113de3b,2,844,1142,False,False,3.1729139308370784,2.7252078475778685,1.625,1.21875,2.4375,1.625,1,0.0,0.00546907000000002,0.9833834643472352,0.28130393,0.6719574713746924,0.5762393,0.07321120000000025,0.9701272447547082,5.363769999999995,0.913043323191214,0.015872999999999915,4,4,0,0.7239549173454631,3.8968688481825415,0
44b6_0113de3b,2,844,1141,False,False,5.745242597140699,4.737648414561806,3.25,2.4375,4.0625,3.25,2,2.5723286663036204,0.0015240300000000095,1.0046911334068076,0.48387539999999996,0.5435580361442385,0.5762393,0.09434220000000026,0.9618352469871378,6.972899999999996,0.8898303732401743,0.03174599999999994,4,2,2,0.9908687215722933,6.736111318712992,0
44b6_0113de3b,2,845,1145,False,False,3.7454399357752353,3.7454399357752353,0.0,2.84375,2.4375,0.0,1,0.0,0.007060609999999967,1.0260053355380998,0.033640899999999974,1.0157371366739592,2.1370306,0.007083999999999868,1.0028860476283534,0.5363770000000017,1.0086954893507747,0.0,0,0,0,0.07951318554133888,3.824953121316574,0
44b6_0113de3b,2,845,1135,False,False,5.420051026051323,5.420051026051323,0.0,-1.21875,-5.28125,0.0,2,1.6746110902760876,0.12950716,0.6823141654098276,1.8091501700000001,6.004103434133911,0.36152133,0.061571000000000264,1.0256866348217655,4.559204999999999,1.0790695965136081,0.0,0,3,3,1.662380096291154,7.082431122342477,0
44b6_0113de3b,2,846,1135,False,False,3.832554834897995,2.03125,3.25,0.0,2.03125,3.25,1,0.0,0.06443204000000002,0.8419335070341777,0.11813474000000002,1.326734449266126,0.36152133,0.022504599999999986,0.9906056706623005,1.6091320000000024,0.9720928346620179,0.03174606000000002,2,3,1,0.3594601756209099,4.192015010518905,0
44b6_0113de3b,2,847,1026,False,False,2.1877232028983924,2.1877232028983924,0.0,0.8125,2.03125,0.0,1,0.0,0.30569166000000003,0.504151496223251,2.8239345,0.256260152880521,0.9730075,0.21926820000000014,0.8920757515532693,10.191161999999995,0.7099234616183784,0.0,1,1,0,2.7377703941620735,4.925493597060466,0
44b6_0113de3b,2,848,1136,False,False,4.487177913232324,4.182599744775969,1.625,3.65625,2.03125,1.625,1,0.0,0.06972546999999996,0.8068310196239636,0.24115629999999988,1.3153405769716116,0.764707,0.08128029999999997,0.9667385249357441,5.900147000000004,0.9035086162795635,0.01587301999999996,1,2,1,0.8474679668538307,5.334645880086155,0
44b6_0113de3b,2,849,1147,False,False,0.9084026158592896,0.9084026158592896,0.0,0.40625,0.8125,0.0,1,0.0,0.009200279999999977,1.037094350420015,0.1231743999999999,1.0468944716378157,2.6264062,0.03454299999999977,1.0167446025531626,1.8773200000000045,1.0510946243015113,0.0,0,0,0,0.2160335188018699,1.1244361346611595,0
44b6_0113de3b,2,850,1150,False,False,1.4647552056572457,1.4647552056572457,0.0,0.8125,1.21875,0.0,1,0.0,0.04058038000000003,1.1387107278289201,0.24407417999999997,2.2859432935380584,0.18978389,0.09682039999999992,1.0439437792483544,6.1683340000000015,1.1377242741421119,0.0,2,3,1,0.5196557853531796,1.9844109910104253,0
44b6_0113de3b,2,850,1139,False,False,5.658407737606049,4.631962664465248,3.25,3.65625,2.84375,3.25,2,4.193652531948803,0.004901679999999964,0.9854668535978303,0.13509873000000006,0.7625367068869396,0.43385807,0.05899619999999972,0.9749853732801231,4.022827999999997,0.9268290846293638,0.03174606000000002,2,4,2,0.42495062921235605,6.083358366818405,0
44b6_0113de3b,2,851,1142,False,False,3.5648292823780494,3.1729139308370784,1.625,-2.03125,2.4375,1.625,1,0.0,0.03951846000000003,0.8801208845864569,0.08754746999999996,1.102078176534884,0.85754323,0.05077700000000007,0.9792799405002564,3.754639999999995,0.9391302613865393,0.015872999999999915,3,4,1,0.5431159730095572,4.107945255387607,0
44b6_0113de3b,2,851,1141,False,False,5.265601817456386,4.1429533547941375,3.25,-0.8125,4.0625,3.25,2,1.700772535078337,0.03252536,0.8991910898737043,0.11502400000000002,0.8914901237561957,0.9450907,0.07190800000000008,0.970909711621149,5.363769999999995,0.9152540846473255,0.03174599999999994,3,2,1,0.7484610122480971,6.014062829704484,0
44b6_0113de3b,2,852,1146,False,False,0.40625,0.40625,0.0,0.0,0.40625,0.0,1,0.0,0.010861480000000007,0.9459885111790051,0.6471297000000007,0.873201051079403,4.456528,0.04319380000000006,0.9797195726463629,2.4136960000000016,0.9403971259717204,0.0,0,0,0,0.47288069855863746,0.8791306985586375,0
44b6_0113de3b,2,853,1149,False,False,1.21875,1.21875,0.0,0.0,1.21875,0.0,1,0.0,0.00939527999999995,1.0292459962070148,0.06150777000000002,1.1827361393846525,0.33652863,0.06490829999999992,1.027832948357978,4.559201999999999,1.0858583391414112,0.0,1,3,2,0.5284443003856157,1.7471943003856159,0
44b6_0113de3b,2,853,1151,False,False,4.5420130792964475,4.5420130792964475,0.0,4.0625,2.03125,0.0,2,3.3232630792964475,0.06731517999999997,1.255924617178787,0.25082348,2.7036306575090348,0.14721292,0.18480499999999989,1.0835491820955767,12.336669,1.27218904531593,0.0,1,3,2,1.1907805852093454,5.732793664505793,0
44b6_0113de3b,2,854,1063,False,False,2.03125,2.03125,0.0,1.21875,1.625,0.0,1,0.0,0.19965503,0.5672607380179367,1.9398239,0.28091030760249647,0.7577905,0.10943159999999996,0.9416397404094256,4.559203999999998,0.834951157211762,0.0,0,0,0,1.8258656744418804,3.8571156744418804,0
44b6_0113de3b,2,855,1157,False,False,6.039340428598143,5.090297909995052,3.25,4.46875,2.4375,3.25,1,0.0,0.007071460000000029,0.9735016355998732,0.10232487000000001,1.2220730784251372,0.46071613,0.04268420000000006,1.0183637357293778,2.9500749999999982,1.056122283004169,0.03174606000000002,2,0,2,0.33790913967390557,6.377249568272049,0
44b6_0113de3b,2,856,1155,False,False,3.0671202393287422,2.6012692214570947,1.625,1.625,2.03125,1.625,1,0.0,0.010967909999999997,0.9577486845908443,0.6038828300000001,2.3214750539736007,0.45695877,0.056540000000000035,1.0240433312462889,4.022828000000004,1.0738914450113854,0.015873040000000005,0,0,0,0.6326191979970135,3.6997394373257557,0
44b6_0113de3b,2,857,1157,False,False,2.4375,1.8168052317185792,1.625,0.8125,1.625,1.625,1,0.0,0.012043330000000019,1.0450279410300949,0.30088697,1.653049502532014,0.46071613,0.11298049999999993,1.0486139261477818,8.045656000000001,1.153061041625646,0.015873020000000015,1,0,1,0.9809350305463069,3.418435030546307,0
44b6_0113de3b,2,858,1154,False,False,2.333728575156074,1.6750116604071745,1.625,0.40625,1.625,1.625,1,0.0,0.015275089999999991,1.0879807327653876,0.5931824000000001,0.6355226443060343,1.0343227,0.0035368000000000066,0.9985571480119291,0.26818899999999957,0.9956894867620543,0.015873020000000015,0,1,1,0.43911378346326896,2.772842358619343,0
44b6_0113de3b,2,859,1156,False,False,2.6012692214570947,2.03125,1.625,0.0,2.03125,1.625,1,0.0,0.00831974000000002,1.0248253759489132,0.05780919000000001,0.7231739859596475,-0.20880248,0.10536009999999996,1.0925986541697128,1.8773190000000008,1.304345655114946,0.01587301000000002,1,0,1,2.86619652905958,5.467465750516675,0
44b6_0113de3b,2,860,1159,False,False,1.625,1.625,0.0,0.0,1.625,0.0,1,0.0,0.010843640000000043,1.0395744346647624,0.14966041999999996,1.5910777800089324,0.25317228,0.04282589999999997,1.0184561523539624,2.950072999999996,1.0564100497003992,0.0,1,2,1,0.32124998685373946,1.9462499868537395,0
44b6_0113de3b,2,861,1152,False,False,2.0714766773970688,1.284675299443404,1.625,1.21875,0.40625,1.625,1,0.0,0.018436850000000005,0.9115268285671243,0.0934016299999999,1.130163729706262,0.7174835,0.35453630000000014,1.179667150372124,20.650512999999997,1.641666169762959,0.015873019999999988,0,1,1,1.8507655987357863,3.922242276132855,0
44b6_0113de3b,2,861,1094,False,False,6.700046641628698,6.700046641628698,0.0,-6.5,-1.625,0.0,2,4.628569964231629,0.26134434000000006,0.42102628370751816,1.62197717,0.333303614003908,0.81088513,0.11976979999999982,0.9510612570838827,8.582030000000003,0.8602618864362013,0.0,0,0,0,1.4403338282129823,8.14038046984168,0
44b6_0113de3b,3,862,1167,False,False,2.8726212985703494,2.8726212985703494,0.0,0.40625,2.84375,0.0,1,0.0,0.16732480000000005,1.198806813111629,1.7270056,1.3581245457073843,4.8223224,0.10323359999999981,1.0508045462429274,5.6319600000000065,1.1603050719130612,0.0,0,0,0,1.1767799292746848,4.049401227845034,0
44b6_0113de3b,3,863,1163,False,False,2.7252078475778685,2.7252078475778685,0.0,1.21875,2.4375,0.0,1,0.0,0.031050400000000034,1.02490546436017,1.0772467,1.1800074904761118,5.9843893,0.004671800000000115,1.0021835001988748,0.2681869999999975,1.0065786639702132,0.0,0,1,1,0.6968131539042296,3.422021001482098,0
44b6_0113de3b,3,864,1185,False,False,1.1490485194281397,1.1490485194281397,0.0,0.8125,0.8125,0.0,1,0.0,0.23755460000000006,1.2566938869589734,2.277273,1.6465678918531832,3.5220687,0.09251260000000006,1.0451855623632138,5.095581000000003,1.1417907249816945,0.0,2,2,0,1.4778847294779502,2.6269332489060897,0
44b6_0113de3b,3,865,1166,False,False,3.917733121653388,2.1877232028983924,3.25,0.8125,2.03125,3.25,1,0.0,0.07879100000000006,1.0607627205773296,1.9164854,1.2530088839008453,7.5747256,0.0033205000000000595,1.0013066626017573,0.26818999999998994,1.0039368830362,0.03174602999999998,0,0,0,1.2196793071036791,5.137412428757067,0
44b6_0113de3b,3,866,1259,False,False,6.625736987309412,1.284675299443404,6.5,0.40625,1.21875,6.5,1,0.0,0.3449864,1.3453733029998074,1.8792565000000003,1.6805273608902433,2.7614462,0.3149660000000001,0.8716819202996826,20.918701,0.6623375577314065,0.06349207,0,1,1,2.8594247700478697,9.485161757357282,0
44b6_0113de3b,3,867,1269,False,False,1.86167137607581,0.9084026158592896,-1.625,-0.8125,-0.40625,1.625,1,0.0,0.22925030000000002,1.2669989745873775,1.0638218999999998,1.4962218664403792,2.1438131,0.0959437000000003,1.0391958801174483,7.509280000000004,1.1222706051289935,0.015873020000000015,1,1,0,1.4126696386769204,3.2743410147527303,0
44b6_0113de3b,3,867,1188,False,False,2.368824207280903,1.7235727791422095,1.625,1.21875,1.21875,1.625,2,0.5071528312050932,0.09403636000000004,1.0946134230441096,0.17905399999999982,1.0591179198511782,3.028581,0.0,0.9999960683929776,0.0,0.9999998549136047,0.015873030000000066,1,1,0,0.36829397919693374,2.737118186477837,0
44b6_0113de3b,3,868,1183,False,False,2.0714766773970688,1.284675299443404,1.625,0.40625,1.21875,1.625,1,0.0,0.06526960000000015,1.0562808367147176,0.4038079999999997,1.081199359491132,4.972911,0.0033118999999999232,1.0013015623202142,0.26819000000000415,1.0039214441934097,0.015873009999999993,2,4,2,0.29899282036898106,2.3704694977660496,0
44b6_0113de3b,3,868,1202,False,False,2.333728575156074,1.6750116604071745,1.625,1.625,-0.40625,1.625,2,0.26225189775900537,0.1702686,1.1614535682044045,2.2434207999999995,1.715987913349858,3.1332982,0.026740799999999787,1.0106351226089891,2.1455100000000016,1.0322579432648105,0.015873009999999993,2,2,0,1.4129381227417674,3.7466666978978416,0
44b6_0113de3b,3,868,1223,False,False,3.6336104634371584,3.25,1.625,0.0,3.25,1.625,3,1.5621337860400897,0.2660505500000001,1.2774857117943859,2.6681663999999996,1.9850820505311562,2.7085526,0.0033118999999999232,1.0013015623202142,0.26819000000000415,1.0039214441934097,0.015873009999999993,2,4,2,1.716878821474426,5.350489284911585,0
44b6_0113de3b,3,868,1422,False,False,5.9150892850404215,5.9150892850404215,0.0,-5.6875,-1.625,0.0,4,3.8436126076433528,0.8811580600000001,3.564111543215305,5.3764899243599995,22489.614583903236,0.00022907564,0.9916216999999998,1.6403425236727303,53.101318,4.413790163923466,0.0,2,1,1,6.913474331108524,12.828563616148944,0
44b6_0113de3b,3,869,1170,False,False,5.404804720107841,4.318496736423452,3.25,2.84375,3.25,3.25,1,0.0,0.01861765999999998,1.020419547728602,0.4043769999999993,1.0699362103421197,5.7819304,0.01001429999999992,0.9960433838034148,0.8045600000000093,0.9881889104913277,0.03174600000000005,1,1,0,0.30644059115799505,5.711245311265836,0
44b6_0113de3b,3,870,1170,False,False,3.1729139308370784,2.7252078475778685,1.625,2.4375,1.21875,1.625,1,0.0,0.01855823000000001,1.0203543308382725,0.42064710000000005,0.9272463790875465,5.3612833,0.023491099999999765,0.990724057251123,1.8773200000000116,0.9724407911464317,0.015873000000000026,1,1,0,0.4488429976652233,3.6217569285023017,0
44b6_0113de3b,3,871,1162,False,False,3.300390601883359,0.5745242597140698,3.25,0.40625,-0.40625,3.25,1,0.0,0.14904890000000004,0.8384946585609298,2.1969980000000007,0.7336386596678266,6.051216,0.08553599999999983,0.9663229412080107,6.704712000000001,0.9023436173190907,0.03174602999999998,0,1,1,1.637668916346647,4.9380595182300056,0
44b6_0113de3b,3,872,1164,False,False,3.917733121653388,2.1877232028983924,3.25,0.8125,2.03125,3.25,1,0.0,0.037424400000000135,0.974195325525654,0.37547900000000034,0.9408389922639399,5.971411,0.0,0.9999960632807153,0.0,0.9999998543468578,0.03174600000000005,2,1,1,0.2424864386461272,4.160219560299515,0
44b6_0113de3b,3,872,1181,False,False,5.404804720107841,4.318496736423452,3.25,2.84375,3.25,3.25,2,1.4870715984544534,0.27734539999999996,1.2441519514124804,3.1482476999999998,2.1151414969814284,2.8231633,0.040327199999999674,1.0161277896073337,3.218260000000001,1.0491801399798282,0.03174600000000005,2,2,0,1.9989630872994941,7.403767807407336,0
44b6_0113de3b,3,873,1300,False,False,5.154734625807618,1.6750116604071745,4.875,0.40625,1.625,4.875,1,0.0,0.13207880000000016,1.1157756976476203,0.3075044,0.9218143449949425,3.6256163,0.377135,0.8501501418933867,25.746093000000002,0.6144577467087677,0.04761905,0,1,1,2.906530328951982,8.0612649547596,0
44b6_0113de3b,3,874,1172,False,False,4.162823748671087,3.832554834897995,1.625,3.25,2.03125,1.625,1,0.0,0.019528209999999935,0.9770714310073304,2.1973313999999995,0.673747478505868,4.5377526,0.03782869999999994,0.9849251972869044,2.9500699999999966,0.9554654892564538,0.015873000000000026,1,0,1,1.5149930672512424,5.67781681592233,0
44b6_0113de3b,3,875,1199,False,False,1.86167137607581,0.9084026158592896,1.625,-0.40625,0.8125,1.625,1,0.0,0.2150264999999998,1.205332074314575,3.0294955,1.9222596959350482,3.2848408,0.08600830000000004,1.0351365480233157,6.704710000000006,1.1091700959225548,0.01587303000000001,1,2,1,2.0520319747591826,3.9137033508349925,0
44b6_0113de3b,3,875,1182,False,False,4.241374519244911,2.7252078475778685,3.25,1.21875,2.4375,3.25,2,2.3797031431691007,0.08203919999999987,1.0695073177014485,0.5294436999999999,1.0915198987101355,5.7848926,0.013370000000000104,1.005301200650524,1.0727499999999992,1.015999789998468,0.03174602999999998,1,1,0,0.4028220606706756,4.644196579915587,0
44b6_0113de3b,3,876,1165,False,False,0.5745242597140698,0.5745242597140698,0.0,0.40625,0.40625,0.0,1,0.0,0.04962776999999996,0.944399453347248,0.23043799999999948,1.043521701733517,5.294544,0.004671800000000115,0.9978119200954981,0.2681869999999975,0.9934638461718243,0.0,0,0,0,0.31134119156907586,0.8858654512831456,0
44b6_0113de3b,3,877,1161,False,False,2.1877232028983924,2.1877232028983924,0.0,2.03125,0.8125,0.0,1,0.0,0.19427640000000013,0.8396576835672529,0.6767466999999998,0.8777730699579024,4.8601303,0.004671800000000115,0.9978119200954981,0.2681869999999975,0.9934638461718243,0.0,1,0,1,0.7608659524321494,2.948589155330542,0
44b6_0113de3b,3,878,1176,False,False,2.8726212985703494,2.368824207280903,1.625,1.21875,2.03125,1.625,1,0.0,0.03849720000000001,1.0420985067342277,1.6778309999999994,0.7692701728272419,5.594045,0.006649799999999928,0.9973748009509182,0.5363749999999925,0.9921567460523452,0.015873040000000005,0,0,0,1.2315564204912635,4.104177719061613,0
44b6_0113de3b,3,879,1203,False,False,2.4375,1.8168052317185792,1.625,0.8125,1.625,1.625,1,0.0,0.01752050000000005,1.0218194591620173,0.05493399999999937,1.0077710854752195,7.0677285,0.01333479999999998,1.0052802026677212,1.0727499999999992,1.015936045464836,0.01587303000000001,0,0,0,0.1886839743304441,2.626183974330444,0
44b6_0113de3b,3,880,1171,False,False,2.8726212985703494,2.368824207280903,1.625,1.21875,2.03125,1.625,1,0.0,0.030296199999999884,1.0305109682005396,0.39604269999999975,1.0931040448416003,4.2536473,0.0035066999999999737,1.0014184068046856,0.2681880000000021,1.004273336618644,0.01587301999999996,3,2,1,0.24709600783610508,3.1197173064064545,0
44b6_0113de3b,3,880,1168,False,False,5.296851954227152,4.182599744775969,3.25,-2.03125,3.65625,3.25,2,2.4242306556568023,0.0515321299999999,1.0530391957967928,0.6321539999999999,1.157345802636734,4.017536,0.017385899999999843,0.9930028007862683,1.3409419999999983,0.9791665203661777,0.031746059999999965,3,2,1,0.4791428811757584,5.77599483540291,0
44b6_0113de3b,3,881,1208,False,False,1.4647552056572457,1.4647552056572457,0.0,0.8125,1.21875,0.0,1,0.0,0.06266782999999998,1.067320250827224,0.34148500000000004,1.109173726178643,3.127803,0.004671800000000115,1.0021835001988748,0.2681869999999975,1.0065786639702132,0.0,1,2,1,0.2691593675809379,1.7339145732381835,0
44b6_0113de3b,3,882,1180,False,False,2.1877232028983924,1.4647552056572457,1.625,0.8125,1.21875,1.625,1,0.0,0.012381100000000034,1.0110941748923212,0.2854858,1.060192970775343,4.7426667,0.0,0.9999960581413119,0.0,0.9999998537756658,0.015872999999999915,2,1,1,0.18191207441789553,2.369635277316288,0
44b6_0113de3b,3,883,1200,False,False,2.03125,2.03125,0.0,1.21875,1.625,0.0,1,0.0,0.024691939999999968,1.0269877489842394,0.3405170000000002,0.9303807858844282,4.550752,0.04808179999999984,0.9808918336287327,3.754638,0.9437749685754221,0.0,2,1,1,0.6639405469135168,2.695190546913517,0
44b6_0113de3b,3,883,1201,False,False,2.9575446425202108,2.9575446425202108,0.0,-0.8125,2.84375,0.0,2,0.9262946425202108,0.013632140000000015,1.0147167624924551,0.16266040000000004,1.037066233835607,4.3880916,0.061487099999999906,0.9756950025580734,4.827393000000001,0.9288536122789562,0.0,2,2,0,0.8103523109081145,3.767896953428325,0
44b6_0113de3b,3,884,1173,False,False,3.5648292823780494,1.4647552056572457,3.25,-0.8125,1.21875,3.25,1,0.0,0.13006930000000017,0.8864469794978428,3.304660299999999,0.5987179672436194,4.9306107,0.04743049999999993,0.9812751163997386,3.754636000000005,0.9448817878128968,0.031746030000000036,1,0,1,2.1347705743714345,5.699599856749484,0
44b6_0113de3b,3,885,1212,False,False,2.4375,1.8168052317185792,1.625,1.625,0.8125,1.625,1,0.0,0.08344669999999998,1.085855516038916,0.07525660000000034,0.9841725632332243,4.6801844,0.0,0.9999960581413119,0.0,0.9999998537756658,0.01587301999999996,1,1,0,0.3801406768351033,2.8176406768351034,0
44b6_0113de3b,3,886,1177,False,False,2.4375,1.8168052317185792,1.625,0.8125,1.625,1.625,1,0.0,0.022503300000000115,0.9794541125450258,0.06432099999999963,0.9854340873376028,4.3522134,0.0,0.9999960581413119,0.0,0.9999998537756658,0.015873000000000026,0,0,0,0.08775285050403901,2.525252850504039,0
44b6_0113de3b,3,887,1185,False,False,3.25,3.25,0.0,3.25,0.0,0.0,1,0.0,0.01953079999999996,1.021094438806644,0.7304029000000001,0.7926188020727646,2.7916658,0.08784079999999994,1.0429034869377827,4.827394000000005,1.1343280816075436,0.0,2,2,0,0.7704851894772428,4.020485189477243,0
44b6_0113de3b,3,888,1228,False,False,3.832554834897995,2.03125,3.25,1.21875,1.625,3.25,1,0.0,0.05784423999999999,1.0754999077305507,0.35218360000000004,1.0874204549510869,4.0284934,0.01696019999999976,1.0067804624180803,1.3409400000000034,1.0204916103792903,0.03174603000000001,1,0,1,0.317330739689174,4.149885574587169,0
44b6_0113de3b,3,889,1173,False,False,4.33756303988772,2.8726212985703494,3.25,0.40625,2.84375,3.25,1,0.0,0.09042650000000019,0.921053251834509,2.4326815999999996,0.7046012637577274,5.8025894,0.03369479999999969,0.9866966314273651,2.6818800000000067,0.9606298484377833,0.031746030000000036,1,0,1,1.5754561399299083,5.913019179817629,0
44b6_0113de3b,3,890,1201,False,False,3.300390601883359,2.8726212985703494,1.625,2.03125,2.03125,1.625,1,0.0,0.017361139999999997,0.9812329823652388,0.522008,0.8810378501719286,3.8660836,0.06499379999999988,0.974309078107496,5.095581000000003,0.9249010507401473,0.015873000000000026,3,2,1,0.8589644892804775,4.159355091163836,0
44b6_0113de3b,3,890,1200,False,False,4.4502457797294745,4.1429533547941375,1.625,4.0625,0.8125,1.625,2,1.1498551778461157,0.006301340000000044,0.9930990489534377,1.0251854000000002,0.7904034098238927,3.8660836,0.051588499999999815,0.9794985273475346,4.022826000000002,0.9397589120162734,0.015873000000000026,3,1,2,0.9056500509198705,5.355895830649345,0
44b6_0113de3b,3,891,1186,False,False,4.318496736423452,2.84375,3.25,0.0,2.84375,3.25,1,0.0,0.050826099999999985,0.9424308284594717,3.5861360000000007,0.6796825824714546,7.609455,0.06297820000000032,0.9704325171805173,3.486449999999998,0.9139070639984176,0.03174602999999998,0,0,0,2.388473715239999,6.706970451663451,0
44b6_0113de3b,3,892,1189,False,False,3.9804208320226646,2.2980970388562794,3.25,1.625,1.625,3.25,1,0.0,0.06823120000000005,1.0615137138815038,0.9032875999999996,0.8408909146057704,4.7739244,0.0033381000000001215,1.0013170754332288,0.26818900000000667,1.003968113166547,0.03174604,1,0,1,0.7911603795739839,4.771581211596649,0
44b6_0113de3b,3,893,1168,False,False,3.917733121653388,2.1877232028983924,3.25,0.8125,2.03125,3.25,1,0.0,0.022903210000000063,0.9764121120085091,0.37476829999999994,0.9067146213136079,3.6427677,0.006925100000000128,0.9972104762462907,0.5363770000000017,0.9916665118211934,0.031746059999999965,3,2,1,0.23956147164097868,4.157294593294367,0
44b6_0113de3b,3,893,1171,False,False,4.394265616971737,4.0827619710803615,1.625,4.0625,0.40625,1.625,2,0.47653249531834874,0.04413914000000008,0.9555232083714307,0.6108796000000001,0.8563848573320658,3.6427677,0.013967499999999688,1.0056617419213543,1.0727529999999987,1.0170938404503502,0.01587301999999996,3,2,1,0.4410637762322522,4.835329393203989,0
44b6_0113de3b,3,894,1198,False,False,2.0714766773970688,1.284675299443404,1.625,0.40625,1.21875,1.625,1,0.0,0.04543885000000003,0.9559472862260107,0.10544590000000031,0.9649882344473124,2.9065573,0.0,0.9999959942945936,0.0,0.999999846554716,0.015873020000000015,2,2,0,0.17700492384287708,2.248481601239946,0
44b6_0113de3b,3,894,1191,False,False,3.5648292823780494,3.1729139308370784,1.625,2.03125,2.4375,1.625,2,1.4933526049809807,0.23054474999999996,0.8105234450113876,2.0540283,0.5859290969011867,2.9065573,0.027100299999999855,0.9892570336228144,2.1455100000000016,0.9681273148519534,0.015873020000000015,2,3,1,1.3454872301983134,4.910316512576363,0
44b6_0113de3b,3,894,1238,False,False,6.625736987309412,5.773897351442957,3.25,3.65625,4.46875,3.25,3,4.554260309912343,0.04764634999999995,0.9539062243840046,0.04929159999999966,1.0172477580654886,2.8572657,0.02071820000000013,1.0083645128025331,1.6091299999999933,1.0253162804425628,0.03174604999999997,2,3,1,0.35018674440445774,6.97592373171387,0
44b6_0113de3b,3,895,1228,False,False,4.614113030962723,3.2752922102462856,3.25,3.25,0.40625,3.25,1,0.0,0.08861333999999998,1.1156675352631695,0.1643005999999998,1.0407820432769153,4.0284934,0.030365499999999823,1.012142884858706,2.413695000000004,1.0368850667807696,0.03174603000000001,2,0,2,0.4987169831525288,5.112830014115252,0
44b6_0113de3b,3,896,1308,False,False,2.4375,2.4375,0.0,0.0,2.4375,0.0,1,0.0,0.19651814,1.305048143606681,2.9813159999999996,0.627354838645165,5.019116,0.34026080000000003,1.1890887936657932,16.627686,1.6813180212169059,0.0,0,0,0,3.8543638295615743,6.291863829561574,0
44b6_0113de3b,3,897,1182,False,False,2.0714766773970688,1.284675299443404,1.625,-0.40625,1.21875,1.625,1,0.0,0.14892719999999993,0.8737982903897126,2.6393156,0.5437562596127374,3.145577,0.03751829999999989,0.9851089035648908,2.9500740000000008,0.9559998466750179,0.01587299999999997,1,1,0,1.672569736470716,3.7440464138677845,0
44b6_0113de3b,3,897,1199,False,False,2.0714766773970688,2.0714766773970688,0.0,-2.03125,-0.40625,0.0,2,0.0,0.015939900000000007,0.9847684896177268,0.13926380000000016,0.9576011793290581,3.145577,0.03512000000000004,1.0143449835764033,2.6818860000000058,1.0436679732385339,0.0,1,2,1,0.43248395139073265,2.5039606287878016,0
44b6_0113de3b,3,898,1220,False,False,4.162823748671087,2.6012692214570947,3.25,1.625,2.03125,3.25,1,0.0,0.06466979000000006,1.0785082657415566,0.08014679999999963,1.0210719126798078,3.803005,0.01758380000000015,1.007159390775924,1.3409419999999983,1.021644850585493,0.03174605,2,1,1,0.3059013999206109,4.468725148591698,0
44b6_0113de3b,3,899,1179,False,False,2.368824207280903,2.368824207280903,0.0,2.03125,1.21875,0.0,1,0.0,0.13310628999999996,0.865088940962757,0.9305354000000001,0.7938544370972134,3.5834756,0.010894999999999655,0.9955116086962428,0.8045669999999987,0.9866069527649376,0.0,1,0,1,0.6482853371179538,3.017109544398857,0
44b6_0113de3b,3,900,1160,False,False,0.9084026158592896,0.9084026158592896,0.0,0.40625,0.8125,0.0,1,0.0,0.54391344,0.5949737809135655,2.2374473000000004,0.6989212630773269,5.1940117,0.10274859999999997,0.9519748755447183,5.631957,0.8627449126306054,0.0,0,0,0,2.147683745515991,3.0560863613752804,0
44b6_0113de3b,3,901,1234,False,False,4.021669817998489,2.368824207280903,3.25,-1.21875,2.03125,3.25,1,0.0,0.032838849999999975,0.9626473675478748,0.41174299999999997,1.1523985392825074,2.701676,0.0,0.999995931961238,0.0,0.9999998392792949,0.03174602999999998,1,1,0,0.3645360881093598,4.386205906107849,0
44b6_0113de3b,3,901,1206,False,False,4.958913218891817,3.7454399357752353,3.25,2.4375,2.84375,3.25,2,0.9372434008933279,0.019568680000000005,0.9773958736467913,0.2946564999999999,1.1045300747045035,2.8187625,0.01753399999999994,0.9929135795188553,1.3409430000000029,0.978902790215586,0.03174602999999998,1,1,0,0.32805048674367066,5.286963705635487,0
44b6_0113de3b,3,902,1217,False,False,3.0671202393287422,2.6012692214570947,1.625,1.625,2.03125,1.625,1,0.0,0.0209549,1.0223122409831538,0.3245821000000002,1.1002833851647733,3.2365391,0.007188399999999984,1.0029501757143133,0.5363770000000017,1.0088887225050995,0.015873020000000015,2,2,0,0.206981272120217,3.274101511448959,0
44b6_0113de3b,3,902,1265,False,False,4.241374519244911,2.7252078475778685,3.25,-2.4375,1.21875,3.25,2,1.1742542799161684,0.07957210000000003,1.0904011325067688,1.1076476,1.451455065768526,2.4534736,0.01805089999999998,1.0074476897110387,1.3409440000000004,1.0225223786213307,0.03174603000000009,2,3,1,0.6933291527484206,4.934703671993331,0
44b6_0113de3b,3,902,1261,False,False,4.33756303988772,2.8726212985703494,3.25,-0.40625,2.84375,3.25,3,1.2704428005589778,0.0012564999999999937,1.0013005830556096,0.11010000000000009,1.0319006098814754,3.4510212,0.014250800000000119,0.9941902923683382,1.0727539999999962,0.9826838225253064,0.03174603000000009,2,3,1,0.17962783088241066,4.517190870770131,0
44b6_0113de3b,3,903,1164,False,False,2.1877232028983924,1.4647552056572457,1.625,-1.21875,0.8125,1.625,1,0.0,0.3421883000000001,0.7641122674017871,3.430712,0.45946493563787044,2.916178,0.05061459999999984,0.9800705160905134,4.022829999999999,0.9414060713473178,0.015873000000000026,1,1,0,2.215666663012309,4.403389865910702,0
44b6_0113de3b,3,903,1181,False,False,2.7252078475778685,2.1877232028983924,1.625,0.8125,2.03125,1.625,2,0.5374846446794761,0.027418500000000012,0.9758533465280046,0.0930146999999999,1.0329433194908721,2.8231633,0.010287400000000169,0.9958808076775529,0.8045699999999982,0.9877046975763317,0.015873000000000026,1,2,1,0.1980435523376264,2.923251399915495,0
44b6_0113de3b,3,904,1234,False,False,4.5420130792964475,3.1729139308370784,3.25,2.03125,2.4375,3.25,1,0.0,0.021411500000000028,1.0243357792867684,0.5504414,1.203736259506101,2.701676,0.0,0.999995931961238,0.0,0.9999998392792949,0.03174602999999998,2,1,1,0.352494167756639,4.894507247053086,0
44b6_0113de3b,3,905,1187,False,False,3.0671202393287422,2.6012692214570947,1.625,-1.625,2.03125,1.625,1,0.0,0.05746865000000001,1.0715736591036926,1.3129686999999994,1.3751279918112667,3.5000186,0.0,0.9999959435845092,0.0,0.999999840652976,0.015873000000000026,1,2,1,0.8362865068719908,3.903406746200733,0
44b6_0113de3b,3,905,1194,False,False,3.0671202393287422,2.6012692214570947,1.625,1.625,2.03125,1.625,2,0.0,0.09031296,1.1172847752701247,1.9083658999999997,1.6570044997792146,2.9046214,0.05017850000000035,1.0207732569921264,3.7546389999999974,1.063636188756298,0.015873000000000026,1,2,1,1.2563465635461306,4.323466802874873,0
44b6_0113de3b,3,906,1193,False,False,2.03125,1.21875,1.625,0.0,1.21875,1.625,1,0.0,0.004669299999999987,1.0050022341659262,0.24869680000000027,1.0569509938510273,4.3666706,0.027173799999999915,0.989213564502716,2.1455100000000016,0.9679998234078028,0.015873040000000005,4,4,0,0.4064114275587192,2.4376614275587194,0
44b6_0113de3b,3,906,1197,False,False,3.494694639736067,3.093907824257213,1.625,-2.84375,1.21875,1.625,2,1.4634446397360672,0.05901973999999999,1.0672787444200924,1.4380617000000004,1.4525995638393756,3.1773057,0.02777929999999973,1.011264381869007,2.1455060000000046,1.0341878402477247,0.015873040000000005,4,3,1,0.9383627942475795,4.433057433983647,0
44b6_0113de3b,3,906,1181,False,False,6.809990937035085,4.755034338729848,-4.875,-1.625,-4.46875,4.875,3,4.778740937035085,0.19979999999999998,0.8240974595679899,1.7922041000000002,1.6348154751959436,2.8231633,0.006849000000000327,0.9972562452522321,0.5363799999999941,0.9918030807787525,0.047619060000000046,4,2,2,1.76878494874589,8.578775885780974,0
44b6_0113de3b,3,907,1207,False,False,4.33756303988772,2.8726212985703494,3.25,2.03125,2.03125,3.25,1,0.0,0.03479790000000005,0.9637011978472271,0.2431483000000001,1.0727476059904186,3.3422072,0.0033205000000000595,0.9986871639639378,0.26818999999998994,0.996078263357922,0.031746039999999975,0,2,2,0.26972746684761056,4.607290506735331,0
44b6_0113de3b,3,907,1281,False,False,6.625736987309412,6.423376497217021,-1.625,6.09375,-2.03125,1.625,2,2.288173947421692,0.05186184000000005,0.9468521274122536,1.5479579,1.7597634857158677,2.0373976,0.11120529999999995,1.0459039234032592,8.582030000000003,1.1441439353285348,0.01587301000000002,0,4,4,1.7291782262143642,8.354915213523777,0
44b6_0113de3b,3,908,1230,False,False,1.21875,1.21875,0.0,0.0,1.21875,0.0,1,0.0,0.11657209999999996,1.147726084577743,0.08075689999999991,1.0268509717182737,3.0072145,0.020892599999999817,1.0084708502129232,1.6091300000000004,1.0256408483163888,0.0,4,2,2,0.511295634918884,1.730045634918884,0
44b6_0113de3b,3,908,1226,False,False,3.2752922102462856,3.2752922102462856,0.0,3.25,0.40625,0.0,2,2.0565422102462856,0.057849660000000025,1.0682260902301954,0.3355482000000003,0.9019847236022144,3.0879714,0.020892599999999817,1.0084708502129232,1.6091300000000004,1.0256408483163888,0.0,4,2,2,0.46989055066107804,3.7451827609073636,0
44b6_0113de3b,3,909,1180,False,False,4.772356925566235,3.494694639736067,3.25,2.03125,2.84375,3.25,1,0.0,0.13204190000000005,0.8815782854020007,1.5380341999999998,0.6757012342840069,3.2046325,0.07164359999999981,0.9717551634308409,5.631955999999995,0.9176469521657799,0.03174603999999992,2,1,1,1.2394936368288272,6.011850562395062,0
44b6_0113de3b,3,911,1169,False,False,2.368824207280903,2.368824207280903,0.0,1.21875,2.03125,0.0,1,0.0,0.11440476,0.88998021149345,0.3128664000000003,0.8856173411487428,2.4224718,0.041789000000000076,1.0170203477464936,3.2182619999999957,1.0519478867582128,0.0,2,3,1,0.7202957667554873,3.0891199740363904,0
44b6_0113de3b,3,911,1190,False,False,3.447145558284419,3.447145558284419,0.0,-2.4375,2.4375,0.0,2,1.078321351003516,0.08231186000000013,0.9183196736194579,0.21695619999999982,1.098364852350841,2.2055156,0.04533619999999994,1.0184921645479605,3.486449999999998,1.056521564324641,0.0,2,5,3,0.7109182100093957,4.158063768293815,0
44b6_0113de3b,3,911,1216,False,False,6.319766856854769,6.107276653713994,1.625,-0.40625,6.09375,1.625,3,3.9509426495738658,0.028364139999999982,1.031603688096746,0.4566682999999998,1.2322999104442003,1.9658035,0.056039800000000195,1.0229592746170975,4.291015999999992,1.070484412026953,0.015873000000000026,2,2,0,0.677640793658324,6.997407650513093,0
44b6_0113de3b,3,912,1197,False,False,2.333728575156074,1.6750116604071745,1.625,-0.40625,1.625,1.625,1,0.0,0.05538264000000004,1.0631319794736562,1.1547622999999998,1.363436437871125,3.1773057,0.01743479999999975,1.007068222864497,1.3409420000000054,1.0213673523507207,0.015873040000000005,3,3,0,0.7350981867588445,3.0688267619149188,0
44b6_0113de3b,3,912,1193,False,False,3.350023320814349,2.9295104113144914,1.625,2.4375,1.625,1.625,2,1.016294745658275,0.0010322000000000386,1.0010974360449874,0.03460260000000037,0.9920734756739479,4.332068,0.03751829999999989,0.9851089035648908,2.9500740000000008,0.9559998466750179,0.015873040000000005,3,4,1,0.48286012104205817,3.8328834418564073,0
44b6_0113de3b,3,912,1181,False,False,6.397631397634597,4.1429533547941375,-4.875,0.8125,-4.0625,4.875,3,4.063902822478523,0.20343709999999993,0.8208955420973665,1.5089046999999995,1.5344676148644503,2.8231633,0.017193500000000306,0.9931182118671492,1.3409439999999933,0.9795080228613344,0.047619060000000046,3,2,1,1.6195041985433558,8.017135596177953,0
44b6_0113de3b,3,913,1247,False,False,3.65625,3.2752922102462856,1.625,1.625,2.84375,1.625,1,0.0,0.0022751399999999533,1.0025944223755914,0.6085186999999994,1.150672171507792,4.038617,0.027173799999999915,1.010895985174548,2.1455100000000016,1.0330577264481224,0.015873040000000005,0,0,0,0.5230257036513606,4.179275703651361,0
44b6_0113de3b,3,914,1220,False,False,4.318496736423452,2.84375,3.25,2.84375,0.0,3.25,1,0.0,0.02771292999999997,1.033636190130833,0.25587870000000024,0.9327142543481947,3.5471263,0.01758380000000015,1.007159390775924,1.3409419999999983,1.021644850585493,0.03174605,2,1,1,0.3232173259227458,4.641714062346198,0
44b6_0113de3b,3,915,1184,False,False,2.4375,1.8168052317185792,1.625,0.8125,1.625,1.625,1,0.0,0.03720275000000006,0.957474515735552,0.6174278000000002,0.8412874333021968,3.2728515,0.04087400000000008,0.9837989458853328,3.2182639999999907,0.9521910614106864,0.015873000000000026,1,1,0,0.6138843339992908,3.051384333999291,0
44b6_0113de3b,3,916,1178,False,False,2.6012692214570947,2.03125,1.625,0.0,2.03125,1.625,1,0.0,0.04774909999999988,0.9549220550267103,0.07216999999999985,0.9833839664253913,4.271817,0.0033205000000000595,0.9986871639639378,0.26818999999998994,0.996078263357922,0.01587303000000001,1,1,0,0.1890085006442238,2.7902777221013184,0
44b6_0113de3b,3,917,1263,False,False,1.6750116604071745,0.40625,1.625,0.0,-0.40625,1.625,1,0.0,0.03495722999999995,1.0431110889720077,0.2199008,1.0785196466946558,2.8004458,0.0444627999999998,1.0179554966007882,3.486450000000005,1.0548521507321822,0.015873030000000066,0,2,2,0.5632844758127288,2.2382961362199034,0
44b6_0113de3b,3,917,1250,False,False,2.6012692214570947,2.03125,1.625,1.625,1.21875,1.625,2,0.9262575610499202,0.07364886999999998,1.0953945019589595,0.6593283999999997,1.2792505400824943,2.3610182,0.10147779999999962,1.0419512747725435,7.777467000000009,1.1312215492097535,0.015873030000000066,0,3,3,1.197008204011749,3.798277425468844,0
44b6_0113de3b,3,918,1191,False,False,0.8125,0.8125,0.0,0.0,0.8125,0.0,1,0.0,0.06265940000000003,0.9484964763675293,0.3703909000000003,0.9253313654513583,4.5901947,0.0,0.9999960373118788,0.0,0.9999998514454065,0.0,4,3,1,0.2844483376916228,1.096948337691623,0
44b6_0113de3b,3,918,1198,False,False,1.6750116604071745,1.6750116604071745,0.0,-1.625,-0.40625,0.0,2,0.8625116604071745,0.1224464999999999,1.118675392006377,1.5781914999999995,1.5239623451849411,3.0120032,0.027100299999999855,1.0108515761168948,2.1455100000000016,1.0329216856700978,0.0,4,2,2,1.0097904078090163,2.684802068216191,0
44b6_0113de3b,3,918,1238,False,False,3.65625,3.2752922102462856,1.625,1.625,2.84375,1.625,3,2.84375,0.12023899999999998,1.1162868861869508,1.7329289999999995,1.6064934510869915,2.8572657,0.047818499999999986,1.0193109401261289,3.754639999999995,1.0590715832492665,0.015873029999999955,4,3,1,1.1746732796688144,4.830923279668815,0
44b6_0113de3b,3,919,1232,False,False,5.296851954227152,4.182599744775969,3.25,2.03125,3.65625,3.25,1,0.0,0.041693749999999974,0.9565365609556137,0.006960700000000042,1.0027951108582136,2.486725,0.0036209999999998743,0.9985055159262777,0.26818999999999704,0.9955355233017552,0.03174606000000002,3,3,0,0.1794188598868623,5.476270814114014,0
44b6_0113de3b,3,919,1236,False,False,6.600781203766718,5.745242597140699,3.25,0.8125,5.6875,3.25,2,1.303929249539566,0.20626349999999993,0.8164962181176819,1.360008,0.6470880727026315,2.4936857,0.04625400000000024,0.9812865610617764,3.486449999999998,0.9449151076217731,0.03174606000000002,3,3,0,1.0253303367560944,7.626111540522812,0
44b6_0113de3b,3,920,1211,False,False,2.4375,1.8168052317185792,1.625,1.625,0.8125,1.625,1,0.0,0.013310600000000061,1.0164992072674615,0.33160679999999987,0.9086000916929465,3.2965794,0.006886699999999912,1.0027660333660844,0.5363760000000042,1.0083331619157694,0.01587301000000002,1,1,0,0.2756187638842938,2.7131187638842937,0
44b6_0113de3b,3,921,1218,False,False,2.6012692214570947,2.03125,1.625,1.21875,1.625,1.625,1,0.0,0.023113799999999962,0.9797433558044101,0.31335099999999994,0.9238782203107303,3.8032138,0.006685000000000052,0.997353989734903,0.5363750000000067,0.9920947442801538,0.01587301999999996,1,1,0,0.20634465283864029,2.807613874295735,0
44b6_0113de3b,3,921,1410,False,False,6.345827861674157,5.450415695155737,-3.25,4.875,-2.4375,3.25,2,3.744558640217062,0.68261974,2.5663085639830903,3.2681912,7.108377695116149,0.5350226,0.5837511,1.300930297345834,36.741823999999994,2.2017537673807404,0.031746030000000036,1,1,0,3.5710141738487646,9.916842035522922,0
44b6_0113de3b,3,922,1239,False,False,2.4375,1.8168052317185792,1.625,0.8125,1.625,1.625,1,0.0,0.021857399999999916,0.9741732112349851,0.417465,1.176758760356904,2.3617117,0.01061079999999981,1.0043249100506995,0.8045650000000037,1.0130433069793863,0.015873020000000015,3,3,0,0.35244204818818525,2.7899420481881854,0
44b6_0113de3b,3,922,1278,False,False,2.8145825622994254,2.2980970388562794,-1.625,-1.625,-1.625,1.625,2,0.3770825622994254,0.021733200000000008,1.0270490530552772,0.7276661,1.354691100835156,2.0515106,0.03936530000000005,1.0162467539249616,2.9500749999999982,1.0495494042865168,0.015873040000000005,3,3,0,0.5954161674080616,3.409998729707487,0
44b6_0113de3b,3,922,1246,False,False,2.8726212985703494,2.8726212985703494,0.0,2.84375,0.40625,0.0,3,0.4351212985703494,0.006436500000000067,1.0078525113495764,0.5011188999999998,1.2199710210556507,2.2780578,0.024903300000000073,1.0102155255814926,1.877319,1.030973275535308,0.0,3,3,0,0.4111148536472442,3.2837361522175934,0
44b6_0113de3b,3,923,1266,False,False,4.737648414561806,3.447145558284419,3.25,2.4375,2.4375,3.25,1,0.0,0.07000099999999998,1.088657607463924,0.0052320000000003475,1.0016252490627275,3.213036,0.024478499999999848,1.0099538806445563,1.877319000000007,1.0301722426116975,0.03174604999999997,2,1,1,0.3908135114913832,5.128461926053189,0
44b6_0113de3b,3,923,1322,False,False,5.887121803139459,4.908737426772795,3.25,-2.03125,4.46875,3.25,2,1.1494733885776531,0.14861103999999992,1.2090490893345194,1.2796533,1.6600778892376642,1.9386147,0.09724880000000002,1.0407638631858325,7.241089000000009,1.1273582946887528,0.03174604999999997,2,2,0,1.2037210920769401,7.090842895216399,0
44b6_0113de3b,3,924,1191,False,False,1.6750116604071745,1.6750116604071745,0.0,-1.625,-0.40625,0.0,1,0.0,0.15781449999999997,0.8702952658628796,1.8917961,0.6186332746011386,3.0687895,0.020270099999999847,0.9919636288633485,1.6091299999999933,0.9760954861389651,0.0,5,3,2,1.190550639755135,2.86556230016231,0
44b6_0113de3b,3,924,1238,False,False,2.2980970388562794,1.625,1.625,0.0,1.625,1.625,2,0.6230853784491048,0.025083900000000048,1.0242517675066996,0.2115237999999997,1.0740263881430832,2.8572657,0.02754840000000014,1.0111233858742565,2.1455100000000016,1.0337551454767318,0.015873029999999955,5,3,2,0.34872697059100605,2.6468240094472852,0
44b6_0113de3b,3,924,1198,False,False,3.6336104634371584,3.6336104634371584,0.0,-3.25,-1.625,0.0,3,1.958598803029984,0.027291399999999966,1.0264433468735448,0.056786299999999734,1.0188499505911859,3.0120032,0.0068302000000000085,1.0027319712012213,0.5363800000000083,1.0082303446948826,0.0,5,2,3,0.12813177821797495,3.761742241655133,0
44b6_0113de3b,3,925,1286,False,False,5.658407737606049,4.631962664465248,3.25,3.65625,2.84375,3.25,1,0.0,0.10402339999999999,0.9016217739464616,0.9183974999999998,0.7156457056164469,2.3113925,0.014127699999999965,0.9942651614715005,1.0727540000000033,0.9829058249208993,0.03174604999999997,3,3,0,0.6002586698987261,6.258666407504775,0
44b6_0113de3b,3,926,1204,False,False,4.241374519244911,2.7252078475778685,3.25,2.4375,1.21875,3.25,1,0.0,0.043304229999999944,1.0510178011397386,0.6630068000000002,0.7977712948293534,2.6155326,0.003486999999999796,0.9985874821920564,0.26819000000000415,0.9957804101529435,0.031746029999999995,2,0,2,0.5590456231636629,4.800420142408574,0
44b6_0113de3b,3,927,1242,False,False,3.494694639736067,3.093907824257213,1.625,-1.21875,2.84375,1.625,1,0.0,0.09306369999999997,0.8895236840434125,2.2073533,1.5982714568316703,3.6895247,0.032687699999999875,1.013572098353802,2.4136960000000016,1.0412842205447086,0.015873040000000005,1,2,1,1.7374472781063663,5.2321419178424335,0
44b6_0113de3b,3,928,1209,False,False,2.4375,1.8168052317185792,1.625,0.8125,1.625,1.625,1,0.0,0.006712059999999909,0.9923003523937582,0.2590637,0.9251174144311686,3.2006586,0.0414399999999997,0.9834641223516117,3.2182610000000054,0.9512193787360622,0.015873000000000026,2,1,1,0.5204143635480842,2.9579143635480842,0
44b6_0113de3b,3,929,1262,False,False,4.958913218891817,3.7454399357752353,3.25,0.8125,3.65625,3.25,1,0.0,0.006347300000000056,0.9916907282601635,0.5892225999999998,1.3751031798163662,1.5707914,0.058148999999999784,0.97698392773019,4.559203999999994,0.9325395459655497,0.031746030000000036,3,3,0,0.8794229265292465,5.838336145421063,0
44b6_0113de3b,3,930,1213,False,False,2.7252078475778685,2.1877232028983924,1.625,0.8125,2.03125,1.625,1,0.0,0.025791730000000013,0.9704842983392137,0.3586299999999998,1.0970065701650291,3.696853,0.027397200000000232,0.9890810695685011,2.1455039999999883,0.9676112457006494,0.015873000000000026,1,1,0,0.47314281828549565,3.198350665863364,0
44b6_0113de3b,3,931,1254,False,False,3.917733121653388,2.1877232028983924,3.25,0.8125,2.03125,3.25,1,0.0,0.04930829999999997,1.054860273742843,0.5247605000000002,1.1909459988855096,2.7481518,0.04666160000000019,1.0193170151767321,3.486449999999998,1.0590907261216773,0.031746030000000036,1,2,1,0.5502353258123316,4.4679684474657195,0
44b6_0113de3b,3,931,1275,False,False,5.025034981221523,3.832554834897995,3.25,-2.03125,3.25,3.25,2,1.1073018595681354,0.0644158600000001,0.936359451638669,0.1294849,1.0411889544865758,3.1434274,0.003516900000000156,0.9985693428205319,0.26818899999999957,0.9957263287526057,0.031746030000000036,1,1,0,0.3215857116674112,5.346620692888934,0
44b6_0113de3b,3,932,1192,False,False,2.7252078475778685,2.1877232028983924,1.625,0.8125,2.03125,1.625,1,0.0,0.0482167,0.9456098335307928,2.9512858,0.5612571868897045,3.7754145,0.0035368000000000066,1.0014367831310547,0.26818899999999957,1.004328850668913,0.015873020000000015,2,0,2,1.9660662767339951,4.691274124311864,0
44b6_0113de3b,3,933,1192,False,False,0.9084026158592896,0.9084026158592896,0.0,0.40625,0.8125,0.0,1,0.0,0.005639300000000014,0.9936287084242859,1.8476337999999997,0.7253272821931993,4.8790665,0.0035471999999998616,0.9985508322122639,0.2681880000000021,0.9956708426397997,0.0,2,0,2,1.2622374947191755,2.170640110578465,0
44b6_0113de3b,3,934,1214,False,False,2.03125,2.03125,0.0,1.625,1.21875,0.0,1,0.0,0.06153810000000004,1.065330068250953,1.5127416999999994,0.7541995314238344,4.6416373,0.0,0.9999960581413119,0.0,0.9999998537756658,0.0,2,2,0,1.1758374398904832,3.207087439890483,0
44b6_0113de3b,3,934,1231,False,False,4.375446405796785,4.375446405796785,0.0,4.0625,1.625,0.0,2,2.344196405796785,0.08829850000000006,0.9191047637211633,0.20942430000000023,1.0472481416210333,4.432213,0.4065542999999998,1.1908371981674113,27.891599999999997,1.6887412655967295,0.0,2,2,0,3.115845387400579,7.491291793197364,0
44b6_0113de3b,3,935,1306,False,False,1.6750116604071745,1.6750116604071745,0.0,0.40625,1.625,0.0,1,0.0,0.16818909999999998,1.2891873479084446,0.8979984999999999,1.228954409443037,3.922118,0.35221309999999995,1.209698912046132,15.286742999999998,1.7702693803075356,0.0,1,1,0,4.111708562749054,5.7867202231562285,0
44b6_0113de3b,3,935,1435,False,False,6.700046641628698,6.700046641628698,0.0,6.5,-1.625,0.0,2,5.025034981221523,0.48089594,2.7886724218298657,4.639093770000001,26.625663215706904,0.18102273,0.46561549999999996,1.297290518811161,19.041380999999998,2.1833318946694176,0.0,1,2,1,6.682768309441013,13.382814951069712,0
44b6_0113de3b,3,936,1274,False,False,2.1877232028983924,1.4647552056572457,1.625,0.8125,1.21875,1.625,1,0.0,0.016436899999999977,1.0146124735438073,0.48475840000000003,1.1475291531959957,3.2857704,0.0444627999999998,1.0179554966007882,3.486450000000005,1.0548521507321822,0.015873020000000015,4,3,1,0.6159819419871118,2.8037051448855044,0
44b6_0113de3b,3,936,1281,False,False,2.7252078475778685,2.1877232028983924,1.625,-2.03125,0.8125,1.625,2,0.5374846446794761,0.16461570000000003,1.1686549536476212,1.7331312000000003,1.8506502086278662,2.0373976,0.09783529999999985,1.0403844863775793,7.509280000000004,1.1261259854025631,0.015873020000000015,4,4,0,1.4676353158063233,4.192843163384191,0
44b6_0113de3b,3,936,1268,False,False,4.0827619710803615,2.471122277933652,3.25,2.4375,-0.40625,3.25,3,1.8950387681819691,0.2266239000000001,1.2479411262379476,1.5674248,1.7114542415871352,2.203104,0.0584699999999998,1.0237476834228252,4.559205000000006,1.072961216106952,0.031746030000000036,4,4,0,1.2264067969199708,5.309168768000332,0
44b6_0113de3b,3,937,1209,False,False,2.1877232028983924,1.4647552056572457,1.625,-0.8125,1.21875,1.625,1,0.0,0.04952175999999997,0.943264847782235,0.13374229999999976,1.0386539444106702,3.4597223,0.0414399999999997,0.9834641223516117,3.2182610000000054,0.9512193787360622,0.015873000000000026,2,1,1,0.562218060482666,2.7499412633810585,0
44b6_0113de3b,3,938,1196,False,False,4.614113030962723,4.318496736423452,1.625,2.84375,3.25,1.625,1,0.0,0.03570035999999999,0.9570214051945205,1.4115712999999999,0.6942938242138049,3.2058632,0.061153299999999966,0.9758902914503884,4.827389999999994,0.929411664929278,0.015873029999999955,0,1,1,1.1550788822832965,5.769191913246019,0
44b6_0113de3b,3,939,1226,False,False,3.832554834897995,3.471001521535247,1.625,1.21875,3.25,1.625,1,0.0,0.008227960000000034,1.00969368216321,0.5561896000000002,0.8375362082454317,2.86733,0.0,0.9999959435845092,0.0,0.999999840652976,0.015873000000000026,2,2,0,0.39943326567256954,4.231988100570565,0
44b6_0113de3b,3,939,1230,False,False,4.823951472859154,4.5420130792964475,1.625,-2.03125,4.0625,1.625,2,0.9913966379611585,0.06695039999999997,1.0848375517605462,0.13988449999999997,0.9534805266450842,2.86733,0.0,0.9999959435845092,0.0,0.999999840652976,0.015873000000000026,2,2,0,0.33676570388081656,5.16071717673997,0
44b6_0113de3b,3,940,1264,False,False,1.6750116604071745,0.40625,1.625,0.0,0.40625,1.625,1,0.0,0.030858200000000058,1.0371872950661576,0.4344804,1.1416511467400785,3.0671759,0.06832309999999975,1.0277106317068012,5.363766000000005,1.0854698555745501,0.015873040000000005,0,2,2,0.8800218900673327,2.555033550474507,0
44b6_0113de3b,3,940,1267,False,False,2.4375,1.8168052317185792,1.625,-1.625,0.8125,1.625,2,0.7624883395928255,0.009581660000000047,1.0112500222434428,0.4671440000000002,1.1539398804220355,3.0345123,0.04743049999999993,1.0190740740815227,3.754636000000005,1.058333127735832,0.015873040000000005,0,1,1,0.6693330953607256,3.1068330953607255,0
44b6_0113de3b,3,941,1175,False,False,5.773897351442957,3.093907824257213,4.875,1.21875,2.84375,4.875,1,0.0,0.011170499999999972,1.0097722502242437,0.06695799999999963,0.9849048506083323,4.369424,0.026670000000000194,0.9895104724643611,2.1455100000000016,0.9688714237110343,0.04761905999999996,2,0,2,0.3812098721057709,6.155107223548728,0
44b6_0113de3b,3,942,1410,False,False,4.0625,2.4375,3.25,0.0,2.4375,3.25,1,0.0,0.26043933999999996,1.5975782085301975,2.160221,5.037531544806803,0.5350226,0.1325348999999998,1.0683192558528547,6.704713999999999,1.219297917385699,0.03174602999999998,0,1,1,1.6660108857142384,5.728510885714238,0
44b6_0113de3b,3,943,1278,False,False,2.471122277933652,2.471122277933652,0.0,-2.4375,-0.40625,0.0,1,0.0,0.07942339999999992,1.0988830959481084,0.9193816000000004,1.448141539500018,2.0515106,0.06722310000000009,1.0277470809835991,5.095579999999998,1.0855853881186506,0.0,3,3,0,0.8783044487071057,3.3494267266407576,0
44b6_0113de3b,3,943,1246,False,False,3.0671202393287422,2.6012692214570947,1.625,2.03125,1.625,1.625,2,0.5959979613950903,0.06412669999999998,1.0783439063949856,0.6928344000000002,1.3041280860912041,2.2780578,0.052761100000000116,1.021647600418662,4.022824,1.066371453207381,0.015873040000000005,3,3,0,0.6911205821991689,3.7582408215279113,0
44b6_0113de3b,3,943,1239,False,False,4.318496736423452,2.84375,3.25,0.0,2.84375,3.25,3,1.8473744584897998,0.0358328,1.042309002833962,0.6091805000000003,1.257934920951948,2.3617117,0.03846859999999985,1.0156903239072368,2.9500700000000037,1.0478258642201073,0.03174606000000002,3,3,0,0.5514073588722623,4.869904095295714,0
44b6_0113de3b,3,944,1288,False,False,5.170718337426629,1.7235727791422095,4.875,1.21875,1.21875,4.875,1,0.0,0.02397592999999998,1.0282130889055112,0.10366890000000017,0.9647627149134385,2.8386278,0.003303000000000278,1.001296361660417,0.26819000000000415,1.0039061259672462,0.047619069999999986,1,2,1,0.15325293538811724,5.323971272814746,0
44b6_0113de3b,3,944,1279,False,False,6.20113711850496,6.20113711850496,0.0,3.25,5.28125,0.0,2,1.030418781078331,0.010041120000000014,0.9886232425929574,0.21914719999999965,1.0836564177783266,2.6194806,0.00993540000000026,1.003917580120067,0.8045699999999982,1.0118109427086484,0.0,1,4,3,0.21848461223637672,6.419621730741336,0
44b6_0113de3b,3,945,1222,False,False,0.40625,0.40625,0.0,-0.40625,0.0,0.0,1,0.0,0.02226030000000001,0.969855481518018,1.5062389999999999,0.7835095247176809,5.4513273,0.0,0.9999944426642445,0.0,0.9999995902506031,0.0,0,0,0,1.0043130401676037,1.4105630401676037,0
44b6_0113de3b,3,946,1256,False,False,2.4375,1.8168052317185792,1.625,0.8125,1.625,1.625,1,0.0,0.04516589999999998,1.0569725871492568,0.2030341,1.0971315901223444,2.0901864,0.054487000000000396,1.0227308004286044,4.022827999999997,1.069767271658194,0.015873040000000005,2,3,1,0.5486753725312512,2.9861753725312514,0
44b6_0113de3b,3,946,1277,False,False,2.9575446425202108,2.471122277933652,1.625,2.4375,-0.40625,1.625,2,0.5200446425202108,0.02610515000000002,1.0321507145869524,0.10929030000000006,1.0500381374911272,2.1839302,0.05077700000000007,1.021150043785719,3.754639999999995,1.0648146549759772,0.015873040000000005,2,3,1,0.5095533379516087,3.4670979804718196,0
44b6_0113de3b,3,946,1327,False,False,6.761347521944128,6.563169608695177,1.625,6.09375,2.4375,1.625,3,4.323847521944128,0.10500432000000004,1.1432877526710863,0.42173189999999994,1.2253391479961566,1.8714886,0.08840570000000003,1.0374130448280445,6.436523999999999,1.1165046628190616,0.015873040000000005,2,4,2,0.8695349022057269,7.6308824241498545,0
44b6_0113de3b,3,947,1294,False,False,3.72334275215162,3.350023320814349,1.625,0.8125,3.25,1.625,1,0.0,0.09020212999999999,1.1372464889794465,1.0998009999999998,1.2853446385877425,3.854245,0.016646699999999903,1.0065926053465777,1.3409400000000034,1.0199201311083421,0.015873040000000005,0,0,0,0.7027850496356176,4.426127801787238,0
44b6_0113de3b,3,948,1214,False,False,1.284675299443404,1.284675299443404,0.0,-0.40625,1.21875,0.0,1,0.0,0.07786419999999994,1.0826649969627429,2.2281699999999995,0.6379526870985894,3.926209,0.00998790000000005,0.9960589691022531,0.8045639999999992,0.9882351702570346,0.0,3,2,1,1.6984717434579284,2.9831470429013325,0
44b6_0113de3b,3,948,1231,False,False,2.6012692214570947,2.6012692214570947,0.0,2.03125,1.625,0.0,2,1.3165939220136906,0.07197240000000016,0.934060331044942,0.5060039999999999,0.8858329104830692,3.926209,0.39656639999999976,1.1861487476059933,27.087035999999998,1.668873756157018,0.0,3,2,1,3.0167780128237904,5.618047234280885,0
44b6_0113de3b,3,949,1305,False,False,2.1877232028983924,2.1877232028983924,0.0,2.03125,0.8125,0.0,1,0.0,0.12177369999999998,1.1509449703542722,1.2583618999999997,1.4319042467654166,2.9134874,0.07475180000000003,1.0302753140127419,5.9001480000000015,1.0936168717901866,0.0,0,1,1,1.1686988784921661,3.3564220813905585,0
44b6_0113de3b,3,949,1287,False,False,4.908737426772795,4.631962664465248,1.625,3.65625,2.84375,1.625,2,2.721014223874403,0.14277450000000003,1.181709288811803,1.2306247,1.4184007287279974,2.9412246,0.07475180000000003,1.0302753140127419,5.9001480000000015,1.0936168717901866,0.015873000000000026,0,2,2,1.1687269800853295,6.077464406858125,0
44b6_0113de3b,3,950,1317,False,False,2.632800908728193,2.0714766773970688,1.625,-0.40625,2.03125,1.625,1,0.0,0.13119873999999998,1.1913904096071293,0.8439208,1.4945016619121518,1.7065784,0.010580500000000104,1.004306316231942,0.8045660000000012,1.0129868586980264,0.015873040000000005,1,1,0,0.610714377673745,3.243515286401938,0
44b6_0113de3b,3,950,1241,False,False,4.375446405796785,4.0625,1.625,3.25,2.4375,1.625,2,1.7426454970685916,0.07891806000000001,0.911868131563825,0.8887463000000002,0.7415846830803934,2.5504992,0.054953099999999644,0.9781908367159571,4.291016000000006,0.9359998556239468,0.015873040000000005,1,1,0,0.8234769112832409,5.198923317080026,0
44b6_0113de3b,3,951,1170,False,False,5.090297909995052,5.090297909995052,0.0,-4.46875,2.4375,0.0,1,0.0,0.013905100000000004,0.9847299419379831,3.5413949000000002,0.3875058103331539,2.2405355,0.10395280000000007,0.9589656237021689,8.045650000000009,0.8818896921133741,0.0,2,1,1,2.6276085888087186,7.717906498803771,0
44b6_0113de3b,3,951,1232,False,False,6.080193253507654,5.138701197773616,3.25,4.875,1.625,3.25,2,0.9898953435126021,0.06215145,0.9352156486410533,0.24618949999999984,0.9009948788270564,2.2405355,0.0,0.9999958840978416,0.0,0.9999998335392729,0.03174606000000002,2,3,1,0.24964254426324445,6.329835797770899,0
44b6_0113de3b,3,951,1236,False,False,6.107276653713994,5.170718337426629,3.25,3.65625,3.65625,3.25,3,1.0169787437189415,0.22672119999999996,0.7982967629350535,1.6131582,0.58139796788217,2.2405355,0.042633000000000365,0.9827512282413394,3.218260000000001,0.9491524191890696,0.03174606000000002,2,3,1,1.1486088574486049,7.255885511162599,0
44b6_0113de3b,3,952,1277,False,False,2.1877232028983924,1.4647552056572457,1.625,0.8125,1.21875,1.625,1,0.0,0.029350439999999978,1.0361490971424039,0.3788338000000002,1.17345887034819,2.1839302,0.054324199999999934,1.0226278430513187,4.022827999999997,1.069444275654632,0.015873040000000005,3,3,0,0.5704231862421347,2.758146389140527,0
44b6_0113de3b,3,952,1256,False,False,3.72334275215162,3.350023320814349,1.625,-0.8125,3.25,1.625,2,1.5356195492532274,0.04841118999999994,1.0610671255672621,0.47257760000000015,1.226087653772631,2.0901864,0.05803420000000026,1.0242108873511653,4.291015999999999,1.0744184254144584,0.015873040000000005,3,3,0,0.6165658509100371,4.339908603061657,0
44b6_0113de3b,3,952,1327,False,False,6.2541392543258905,6.039340428598143,1.625,4.46875,4.0625,1.625,3,4.066416051427498,0.10824961,1.1477166618812793,0.6912754000000001,1.369364636446963,1.8714886,0.09195289999999989,1.0389143797641787,6.704712000000001,1.121359022261474,0.015873040000000005,3,4,1,0.9303022501945237,7.184441504520414,0
44b6_0113de3b,3,953,1225,False,False,4.021669817998489,2.368824207280903,3.25,1.21875,2.03125,3.25,1,0.0,0.015928960000000103,0.9842120892572401,0.1928981000000003,1.0499064267919402,3.8649852,0.0033118999999999232,0.9986922612208506,0.26819000000000415,0.9960935827264694,0.031746019999999986,1,3,2,0.18000060498444892,4.201670422982938,0
44b6_0113de3b,3,953,1224,False,False,5.465534769123694,2.471122277933652,4.875,0.40625,2.4375,4.875,2,1.4438649511252057,0.053201860000000156,0.9491690757415432,0.02338269999999998,1.005793193355348,4.0345006,0.006649799999999928,1.0026241940191472,0.5363749999999925,1.0079049609593391,0.04761902999999995,1,2,1,0.259288439034319,5.724823208158013,0
44b6_0113de3b,3,953,1314,False,False,5.816614806956019,3.1729139308370784,-4.875,-2.03125,-2.4375,4.875,3,1.7949449889575302,0.1482054399999999,1.1752893960846098,2.3189851000000004,2.3335810941601176,1.7388982,0.3879073000000002,1.1805040747484723,26.818845999999994,1.6451608526538766,0.047619060000000046,1,5,4,3.085578309373024,8.902193116329043,0
44b6_0113de3b,3,953,1438,False,False,6.662995408410545,5.816614806956019,3.25,1.21875,-5.6875,3.25,4,2.6413255904120563,0.72043076,3.636897908580022,3.7846071200000004,14.848476055393656,0.27327618,0.2739053,1.1210336067352227,19.845945999999998,1.4088394648738485,0.031746019999999986,1,1,0,3.6060525220251045,10.269047930435649,0
44b6_0113de3b,3,954,1226,False,False,2.0714766773970688,2.0714766773970688,0.0,0.40625,2.03125,0.0,1,0.0,0.05502056000000011,1.0648889607956475,0.6877390999999999,0.7991110986743039,2.7357805,0.003516900000000156,0.9985693428205319,0.26818899999999957,0.9957263287526057,0.0,4,2,2,0.60962532970687,2.681102007103939,0
44b6_0113de3b,3,954,1230,False,False,4.021669817998489,4.021669817998489,0.0,-2.84375,2.84375,0.0,2,1.95019314060142,0.11374300000000004,1.1441405978210797,0.27143399999999973,0.9097360373327632,2.7357805,0.003516900000000156,0.9985693428205319,0.26818899999999957,0.9957263287526057,0.0,4,2,2,0.5910558793218263,4.612725697320315,0
44b6_0113de3b,3,955,1243,False,False,2.368824207280903,1.7235727791422095,1.625,-1.21875,1.21875,1.625,1,0.0,0.009225150000000015,1.0101579718029656,0.8364557000000001,1.31112362794965,2.6884573,0.054802099999999854,1.0221943816300592,4.291017999999994,1.0680849745864698,0.015873000000000026,0,2,2,0.8522365523902554,3.2210607596711585,0
44b6_0113de3b,3,955,1244,False,False,4.1429533547941375,2.569350598886808,3.25,-0.8125,2.4375,3.25,2,1.7741291475132344,0.008957500000000063,0.9903092471341362,0.2810392000000004,1.0866335594388432,3.2438738,0.016868800000000128,1.0067255742846477,1.3409449999999907,1.0203250883392225,0.03174600000000005,0,1,1,0.30089669429698035,4.443850049091118,0
44b6_0113de3b,3,956,1237,False,False,4.375446405796785,2.9295104113144914,3.25,1.625,2.4375,3.25,1,0.0,0.04037780000000002,0.9537126823271262,0.31610359999999993,1.111868235590568,2.8255785,0.003486999999999796,0.9985874821920564,0.26819000000000415,0.9957804101529435,0.03174600000000005,0,1,1,0.3312977438694564,4.706744149666241,0
44b6_0113de3b,3,956,1234,False,False,6.797862715589364,4.737648414561806,4.875,2.4375,-4.0625,4.875,2,2.4224163097925793,0.047257400000000005,0.9462519443095395,0.4400061000000002,1.1628598216076924,2.701676,0.014047000000000143,1.0057103060100798,1.0727529999999987,1.0172412011320457,0.04761903000000001,0,1,1,0.4557086160605421,7.253571331649906,0
44b6_0113de3b,3,957,1276,False,False,4.162823748671087,2.6012692214570947,3.25,2.03125,1.625,3.25,1,0.0,0.008009060000000012,1.0108674177641264,1.445068,1.4317748430882644,3.346776,0.06499379999999988,1.0263601292974325,5.095581000000003,1.0811964074129892,0.03174603000000001,0,1,1,1.2281652560589795,5.390989004730066,0
44b6_0113de3b,3,958,1236,False,False,3.300390601883359,2.8726212985703494,1.625,2.03125,2.03125,1.625,1,0.0,0.10382349999999985,0.9076282705433434,0.7342778999999999,0.8094591704079377,3.1194158,0.0,0.9999959550754499,0.0,0.9999998420033719,0.015873020000000015,3,3,0,0.5190392007159155,3.8194298025992746,0
44b6_0113de3b,3,958,1232,False,False,3.6336104634371584,3.25,1.625,3.25,0.0,1.625,2,0.33321986155379957,0.06074625000000011,1.06329901506842,0.6326908000000002,1.254422284642312,2.486725,0.042633000000000365,1.0175432097698347,3.218260000000001,1.0535712234680328,0.015873020000000015,3,3,0,0.5689377823262388,4.202548245763397,0
44b6_0113de3b,3,958,1245,False,False,4.823951472859154,4.5420130792964475,1.625,0.8125,4.46875,1.625,3,1.5235608709757948,0.10201835000000004,1.1110910123020503,0.6554557999999999,1.2660120861861142,2.46396,0.014047000000000143,1.0057103060100798,1.0727529999999987,1.0172412011320457,0.015873020000000015,3,4,1,0.4806566714774897,5.304608144336643,0
44b6_0113de3b,3,958,1170,False,False,6.358818311015027,6.147678042358757,-1.625,-6.09375,0.8125,1.625,4,3.0584277091316685,0.1089926000000001,1.1195945864384425,2.6625146,0.5395101962655997,3.1194158,0.0613197999999997,0.9757929750692487,4.827390000000008,0.9291337565480149,0.015873040000000005,3,1,2,2.1785276106292497,8.537345921644278,0
44b6_0113de3b,3,959,1248,False,False,0.9084026158592896,0.9084026158592896,0.0,-0.40625,0.8125,0.0,1,0.0,0.062173030000000074,0.932248186226431,0.39998690000000003,0.8576414362866107,2.4097877,0.0,0.9999959202040877,0.0,0.9999998378817236,0.0,4,4,0,0.2943948164517114,1.2027974323110011,0
44b6_0113de3b,3,959,1240,False,False,2.1877232028983924,1.4647552056572457,1.625,0.8125,1.21875,1.625,2,1.279320587039103,0.021381900000000065,0.9756082849210105,0.26385710000000007,0.901308463605698,2.4097877,0.010703600000000257,1.0043819056831436,0.8045659999999941,1.013215702006186,0.015873020000000015,4,4,0,0.21873341710013333,2.406456619998526,0
44b6_0113de3b,3,959,1289,False,False,3.72334275215162,3.350023320814349,-1.625,-3.25,0.8125,1.625,3,2.8149401362923303,0.04770585999999999,1.0590348457616061,0.24604589999999993,1.1137080047720815,2.1637418,0.014292500000000263,1.0058611451321309,1.0727539999999962,1.0176989485965542,0.015873040000000005,4,4,0,0.2323140100503621,3.955656762201982,0
44b6_0113de3b,3,959,1292,False,False,3.7454399357752353,3.7454399357752353,0.0,-2.84375,2.4375,0.0,4,2.8370373199159458,0.02104684000000001,0.9759811545362839,0.08323189999999991,0.9666101437383655,2.4097877,0.028095199999999654,0.9886635929309727,2.145507000000002,0.9663864157262888,0.0,4,4,0,0.32162031720720224,4.067060252982437,0
44b6_0113de3b,3,960,1332,False,False,2.8145825622994254,2.2980970388562794,1.625,1.625,1.625,1.625,1,0.0,0.08299559000000001,1.143647929727555,1.2041884,1.3301326179838158,3.6475496,0.08408270000000018,1.034655149671473,6.4365199999999945,1.1076230761976549,0.015873010000000076,1,1,0,1.1496817512571695,3.964264313556595,0
44b6_0113de3b,3,961,1190,False,False,2.03125,2.03125,0.0,1.625,1.21875,0.0,1,0.0,0.10402875000000011,0.8967720231755743,0.18473430000000013,0.916235703634544,2.0207813,0.03605080000000038,0.9852879295566117,2.681884999999994,0.9565215805364689,0.0,4,5,1,0.5109700707513337,2.5422200707513336,0
44b6_0113de3b,3,961,1169,False,False,5.343384490423649,5.343384490423649,0.0,5.28125,0.8125,0.0,2,3.3121344904236487,0.13612164999999998,0.8690975242875334,0.7145569000000003,0.7387656533087815,2.0207813,0.039598000000000244,0.9838640959921702,2.950072999999996,0.9523808024942331,0.0,4,3,1,0.6520882325284552,5.995472722952104,0
44b6_0113de3b,3,961,1216,False,False,6.3066959703556345,6.09375,1.625,3.65625,4.875,1.625,3,4.2754459703556345,0.0066472499999999934,1.0073979171584866,0.054977799999999855,1.0279618590471578,1.9658035,0.025347200000000125,0.9896094057390769,1.877319,0.9691628418263344,0.015873000000000026,4,2,2,0.27031239962132597,6.57700836997696,0
44b6_0113de3b,3,962,1227,False,False,1.6750116604071745,0.40625,1.625,0.0,0.40625,1.625,1,0.0,0.028715399999999947,0.9677500696072356,1.022558,0.7008720149085419,2.3959286,0.01773619999999987,0.9927911197475515,1.3409419999999983,0.9785406220481797,0.015873010000000007,1,1,0,0.6713046882221921,2.3463163486293666,0
44b6_0113de3b,3,963,1216,False,False,2.368824207280903,2.368824207280903,0.0,1.21875,2.03125,0.0,1,0.0,0.08078262999999997,0.9099480682878831,0.0932153,0.952576732228159,1.8725882,0.007188399999999984,0.9970503188945219,0.5363770000000017,0.9911892637032198,0.0,2,2,0,0.32175823044019947,2.6905824377211025,0
44b6_0113de3b,3,963,1190,False,False,2.4375,1.8168052317185792,-1.625,-0.8125,-1.625,1.625,2,0.06867579271909685,0.19145863000000007,0.8100234835554586,0.3329274,0.8490439648490138,1.8725882,0.01789200000000024,0.9926963493578196,1.3409429999999958,0.9782607011031824,0.015873000000000026,2,5,3,0.7477874206528999,3.1852874206529,0
44b6_0113de3b,3,963,1169,False,False,3.8540258983302125,3.494694639736067,-1.625,2.84375,-2.03125,1.625,3,1.4852016910493093,0.22355152999999994,0.7850260556522538,0.8627500000000001,0.6845886019191267,1.8725882,0.021439200000000103,0.9912618099312073,1.6091309999999979,0.9740258144961931,0.015873000000000026,2,3,1,0.8817568478492526,4.735782746179465,0
44b6_0113de3b,3,964,1269,False,False,2.8145825622994254,2.2980970388562794,1.625,1.625,1.625,1.625,1,0.0,0.0846789,1.0986149009552038,0.03655710000000001,0.9829430422687394,2.107256,0.010641500000000192,1.004343739472872,0.8045669999999987,1.0131002975323522,0.015873009999999965,2,1,1,0.37894079685577037,3.1935233591551957,0
44b6_0113de3b,3,964,1188,False,False,6.90625,4.89189779763437,4.875,3.65625,3.25,4.875,2,4.091667437700575,0.050535039999999976,0.9491393769544899,0.921325,0.6957875791085689,2.107256,0.0853022000000001,0.9664585955387582,6.704713000000005,0.9027235908302496,0.047619060000000046,2,1,1,1.1742442047433501,8.08049420474335,0
44b6_0113de3b,3,965,1289,False,False,2.2980970388562794,2.2980970388562794,0.0,-1.625,1.625,0.0,1,0.0,0.10501786000000002,1.1299719266799324,0.37401719999999994,1.1728512484657436,2.1637418,0.007167100000000204,1.0029370769700805,0.5363770000000017,1.008849391804464,0.0,4,4,0,0.40871604032135517,2.7068130791776346,0
44b6_0113de3b,3,965,1248,False,False,2.6012692214570947,2.03125,1.625,1.21875,1.625,1.625,2,0.30317218260081535,0.004861030000000044,0.9946927462774736,0.2720156,0.9031863154207621,2.537759,0.0071254000000000595,0.997088902424745,0.5363769999999946,0.9913041864126727,0.015873040000000005,4,4,0,0.18852993416828523,2.78979915562538,0
44b6_0113de3b,3,965,1292,False,False,3.832554834897995,3.471001521535247,1.625,-1.21875,3.25,1.625,3,1.5344577960417158,0.03626516000000002,1.041355069673432,0.044739400000000096,1.0179417845660557,2.4930196,0.03522059999999971,0.9857895185628968,2.6818839999999966,0.9579830549083693,0.015873040000000005,4,4,0,0.4470199818355041,4.2795748167335,0
44b6_0113de3b,3,965,1240,False,False,4.5420130792964475,3.1729139308370784,3.25,2.4375,2.03125,3.25,4,2.243916040440168,0.035930099999999965,1.0409572242207945,0.13588580000000006,0.949172271603649,2.537759,0.003578200000000198,1.0014621377140152,0.26818899999999957,1.004405129970216,0.03174606000000002,4,4,0,0.2117239056412882,4.753736984937736,0
44b6_0113de3b,3,966,1265,False,False,4.241374519244911,2.7252078475778685,3.25,1.21875,2.4375,3.25,1,0.0,0.007836300000000018,1.0088925051417412,0.024242399999999886,1.0098767320066862,2.4534736,0.014461999999999975,1.0059661109869202,1.0727559999999983,1.0180178827418187,0.03174603000000009,2,3,1,0.14735340955807993,4.38872792880299,0
44b6_0113de3b,3,966,1261,False,False,6.1342404786574845,5.202538442914189,3.25,3.25,4.0625,3.25,2,1.8928659594125739,0.07047930000000002,0.9264523151369609,0.9733052,0.7179639523398108,2.477716,0.017839700000000125,0.9927282103168915,1.3409419999999983,0.978354826581573,0.03174603000000009,2,3,1,0.6139993740703714,6.748239852727856,0
44b6_0113de3b,3,966,1217,False,False,6.410516871711672,6.20113711850496,1.625,5.28125,3.25,1.625,3,2.1691423524667615,0.05078090000000002,0.9458933296147863,0.7588230999999999,0.7655425341762929,2.477716,0.0035994999999999777,1.0014752111510263,0.26818899999999957,1.004444286678142,0.015873020000000015,2,2,0,0.4852122360967725,6.895729107808444,0
44b6_0113de3b,3,967,1286,False,False,4.487177913232324,3.093907824257213,3.25,-1.21875,2.84375,3.25,1,0.0,0.16174064,0.8470419977985482,1.3773355,0.5735508390612422,1.8524545,0.08357049999999999,0.9660962765066977,6.1683340000000015,0.9017092740955884,0.03174604999999997,4,3,1,1.1266598699054962,5.613837783137821,0
44b6_0113de3b,3,967,1252,False,False,4.755034338729848,3.471001521535247,3.25,1.21875,3.25,3.25,2,0.26785642549752353,0.03448717999999995,0.9629154510450711,0.25139200000000006,0.8805042073924718,1.8524545,0.04068829999999979,0.9831988254373804,2.9500700000000037,0.9504503437729107,0.03174604999999997,4,3,1,0.38864566107402615,5.143679999803874,0
44b6_0113de3b,3,968,1235,False,False,3.832554834897995,2.03125,3.25,0.0,2.03125,3.25,1,0.0,0.018682499999999935,0.9760935024460917,0.7690485000000002,1.2194805273011118,3.5038931,0.020951699999999907,0.9915567763760361,1.609131000000005,0.9748952432386285,0.031746019999999986,1,0,1,0.6348842966259891,4.467439131523984,0
44b6_0113de3b,3,969,1275,False,False,3.8540258983302125,2.0714766773970688,3.25,0.40625,2.03125,3.25,1,0.0,0.018782540000000014,0.981436529513114,0.021835099999999663,1.0069430681202685,3.1434274,0.0,0.9999959435845092,0.0,0.999999840652976,0.031746030000000036,2,1,1,0.08736615286047912,3.9413920511906917,0
44b6_0113de3b,3,969,1254,False,False,4.667457150312148,3.350023320814349,3.25,3.25,0.8125,3.25,2,0.8134312519819358,0.09494162000000006,1.1056420740685085,0.41711069999999983,1.1517744333685156,2.7481518,0.05017850000000035,1.0207732569921264,3.7546389999999974,1.063636188756298,0.031746030000000036,2,2,0,0.6015290259319439,5.268986176244092,0
44b6_0113de3b,3,970,1289,False,False,2.8145825622994254,2.2980970388562794,1.625,1.625,1.625,1.625,1,0.0,0.021163040000000022,0.9737933826813415,0.15955019999999998,0.9262576234483086,2.0041916,0.014461999999999975,0.9940610892804344,1.0727559999999983,0.9823006884306683,0.015873000000000026,4,4,0,0.16814826483910658,2.982730827138532,0
44b6_0113de3b,3,970,1292,False,False,5.025034981221523,3.832554834897995,3.25,2.03125,3.25,3.25,2,2.210452418922098,0.08991574000000002,0.8974246633269606,0.4888279999999998,0.8039180922681384,2.0041916,0.05684969999999989,0.9770652866721184,4.2910169999999965,0.9327729411208254,0.03174604000000003,4,4,0,0.6776419547826728,5.702676936004196,0
44b6_0113de3b,3,970,1248,False,False,5.759587794495366,4.755034338729848,3.25,4.46875,1.625,3.25,3,2.945005232195941,0.13104193000000008,0.8572117512442415,0.8055829999999999,0.7132901219545441,2.0041916,0.028754500000000238,0.9882646710480953,2.1455099999999945,0.9652171995818646,0.03174604000000003,4,4,0,0.6238236973890573,6.383411491884424,0
44b6_0113de3b,3,971,1285,False,False,2.0714766773970688,1.284675299443404,1.625,0.40625,1.21875,1.625,1,0.0,0.006514849999999961,1.008359205059177,0.6768451999999998,0.7889120501180724,2.5296528,0.02368049999999977,0.9906121937064984,1.8773199999999974,0.9721114004954593,0.015873009999999993,0,0,0,0.5525627910579063,2.624039468454975,0
44b6_0113de3b,3,972,1282,False,False,6.1342404786574845,5.9150892850404215,1.625,5.6875,1.625,1.625,1,0.0,0.03490329000000003,1.0549648255921336,0.13497400000000015,1.0354562473784934,3.8064842,0.0,0.9999959435845092,0.0,0.999999840652976,0.015873009999999965,2,0,2,0.13965460798551016,6.273895086642995,0
44b6_0113de3b,3,973,1313,False,False,3.374565944310468,2.9575446425202108,1.625,0.8125,2.84375,1.625,1,0.0,0.1518042,1.3100528784954792,0.016658800000000085,1.0025673441710619,6.4848237,0.3964141000000003,1.1912848733592873,25.746092000000004,1.6906469489817242,0.015873000000000026,0,0,0,2.335796841678217,5.710362785988686,0
44b6_0113de3b,3,974,1210,False,False,2.4375,1.8168052317185792,1.625,0.8125,1.625,1.625,1,0.0,0.1006728,0.8618442863196166,1.9140810999999998,0.6487832966350142,3.5357952,0.04875600000000002,0.9804924997769874,3.754640000000002,0.9426227879825178,0.01587301000000002,1,0,1,1.2714718559288698,3.70897185592887,0
44b6_0113de3b,3,975,1268,False,False,3.350023320814349,0.8125,3.25,0.0,0.8125,3.25,1,0.0,0.012016399999999927,0.9868417640727775,0.0403087000000002,0.9816992221010804,2.1627953,0.01061079999999981,0.9956856073195837,0.8045650000000037,0.9871243124171589,0.031746030000000036,4,4,0,0.1208253062249059,3.470848627039255,0
44b6_0113de3b,3,975,1274,False,False,3.350023320814349,2.9295104113144914,1.625,-1.625,2.4375,1.625,2,0.0,0.22220340000000005,0.802331089336423,1.1229751000000001,0.6582288031178224,2.1627953,0.024617999999999807,0.9900521908567242,1.8773200000000045,0.9704639723804086,0.015873020000000015,4,3,1,0.9386021255633629,4.288625446377712,0
44b6_0113de3b,3,975,1281,False,False,5.170718337426629,4.908737426772795,1.625,-4.46875,2.03125,1.625,3,1.8206950166122797,0.0740246,0.924144169786829,0.12539770000000017,1.061542766405701,2.0373976,0.028754500000000238,1.0118663767826968,2.1455099999999945,1.0360358998519428,0.015873020000000015,4,4,0,0.4898601112764491,5.6605784487030775,0
44b6_0113de3b,3,975,1442,False,False,6.512682938889317,4.318496736423452,4.875,2.84375,-3.25,4.875,4,3.162659618074968,0.65522587,3.655486455948869,1.8608197,7.1619153363604084,0.3019756,0.14319000000000015,1.0620387336957675,10.191161999999998,1.1979164299803242,0.04761905000000005,4,1,3,2.6100533646130817,9.1227363035024,0
44b6_0113de3b,3,976,1215,False,False,2.6012692214570947,2.6012692214570947,0.0,-2.03125,1.625,0.0,1,0.0,0.03292030000000001,0.9651388562917758,0.8734758999999999,0.6840317904961306,1.8909881,0.04280499999999998,0.979990037782211,2.413696999999999,0.9411762240138979,0.0,2,0,2,0.5780041477925714,3.179273369249666,0
44b6_0113de3b,3,977,1218,False,False,1.4647552056572457,1.4647552056572457,0.0,-1.21875,0.8125,0.0,1,0.0,0.21970924999999997,0.8075240803772793,1.9300828,0.5311410836018333,2.186482,0.06851070000000004,0.97291912239408,5.363770000000002,0.9209484744633128,0.0,2,1,1,1.423163312076656,2.887918517733902,0
44b6_0113de3b,3,977,1410,False,False,6.345827861674157,4.0625,-4.875,2.4375,-3.25,4.875,2,4.8810726560169115,0.48602428999999997,2.115202875137939,1.6514593999999998,4.086633225713722,0.5350226,0.5219254,1.2690579034290543,31.914429000000002,2.0438590012735216,0.047619049999999996,2,1,1,2.7910495155724657,9.136877377246623,0
44b6_0113de3b,3,978,1289,False,False,1.284675299443404,1.284675299443404,0.0,1.21875,0.40625,0.0,1,0.0,0.042020559999999985,1.0519979497163632,0.18346419999999997,1.0847852327609848,2.1637418,0.024903300000000073,1.0102155255814926,1.877319,1.030973275535308,0.0,4,4,0,0.29598566070589166,1.5806609601492958,0
44b6_0113de3b,3,978,1292,False,False,3.0671202393287422,2.6012692214570947,1.625,1.625,2.03125,1.625,2,1.7824449398853381,0.026732140000000015,0.9694961196443026,0.14581359999999988,0.9415074734772504,2.347206,0.017484399999999845,0.9929435250477352,1.3409419999999983,0.9789914491197219,0.015873040000000005,4,4,0,0.21778882509879866,3.284909064427541,0
44b6_0113de3b,3,978,1248,False,False,4.394265616971737,4.0827619710803615,1.625,4.0625,0.40625,1.625,3,3.1095903175283324,0.06785833000000008,0.9260537407829255,0.4625686,0.8353686613557495,2.347206,0.01061079999999981,1.0043249100506995,0.8045650000000037,1.0130433069793863,0.015873040000000005,4,4,0,0.37286299467643624,4.767128611648173,0
44b6_0113de3b,3,978,1240,False,False,6.2541392543258905,5.343384490423649,3.25,5.28125,0.8125,3.25,4,4.969463954882486,0.02706720000000007,0.969125727610132,0.32643880000000003,0.8779016647923285,2.347206,0.021314400000000067,1.0087298824938247,1.6091309999999979,1.0264315518471012,0.03174606000000002,4,4,0,0.3384141220084884,6.592553376334379,0
44b6_0113de3b,3,979,1278,False,False,1.1490485194281397,1.1490485194281397,0.0,0.8125,0.8125,0.0,1,0.0,0.002791299999999941,1.0034631882624403,0.16967960000000026,1.0827043121087843,2.0515106,0.007252499999999884,1.0029898670649577,0.5363799999999941,1.0090088909827948,0.0,3,3,0,0.12795354802195286,1.2770020674500926,0
44b6_0113de3b,3,979,1239,False,False,6.1342404786574845,5.202538442914189,3.25,3.25,4.0625,3.25,2,4.985191959229345,0.04079929999999998,0.9518016238442556,0.14052149999999974,0.9404961643025087,2.2211902,0.021502000000000354,0.9912235430334831,1.6091300000000004,0.9739128996863984,0.03174606000000002,3,3,0,0.2562371840838484,6.390477662741333,0
44b6_0113de3b,3,979,1246,False,False,6.214430032191206,5.998209368219819,1.625,5.28125,2.84375,1.625,3,5.065381512763066,0.0125054,0.9847074892173834,0.05686759999999991,0.9750325253708428,2.2211902,0.007209500000000091,0.9970373157863527,0.5363760000000042,0.9911502947190463,0.015873040000000005,3,3,0,0.08294631609770425,6.2973763482889105,0
44b6_0113de3b,3,980,1271,False,False,2.2980970388562794,2.2980970388562794,0.0,1.625,1.625,0.0,1,0.0,0.0585602999999999,1.0768396404946898,0.5148553000000002,0.8239099362257234,2.4090095,0.003496600000000072,1.0014123008789837,0.268187999999995,1.0042551522427015,0.0,1,0,1,0.5130859000276266,2.811182938883906,0
44b6_0113de3b,3,981,1281,False,False,3.832554834897995,2.03125,3.25,0.0,2.03125,3.25,1,0.0,0.027894040000000064,0.9714095285109727,0.1700064000000001,1.0834375998204777,2.0373976,0.025196999999999914,1.0103977606855494,1.8773199999999974,1.0315313703803546,0.03174602999999998,3,4,1,0.3338419103112058,4.166396745209201,0
44b6_0113de3b,3,981,1274,False,False,4.958913218891817,3.7454399357752353,3.25,2.84375,2.4375,3.25,2,1.1263583839938214,0.17607284000000012,0.8433663173807299,1.0783664000000002,0.6718050908088684,2.207404,0.02817550000000013,0.9886152357232498,2.1455100000000016,0.9662445398633243,0.03174602999999998,3,3,0,0.8179547716447314,5.776867990536548,0
44b6_0113de3b,3,981,1275,False,False,6.563169608695177,4.394265616971737,-4.875,-2.4375,-3.65625,4.875,3,2.730614773797182,0.06424294000000008,0.9365302638501419,0.9360234000000003,0.7022261680795678,2.207404,0.01768520000000029,0.9928220916606303,1.3409440000000004,0.9786322970858266,0.047619049999999996,3,1,2,0.5932943396009861,7.156463948296163,0
44b6_0113de3b,3,981,1268,False,False,6.662995408410545,4.5420130792964475,4.875,4.46875,0.8125,4.875,4,2.8304405735125497,0.034114160000000004,1.0373137916067778,0.0042999999999997485,1.0019472437649617,2.203104,0.014168300000000134,0.9942404758831022,1.0727550000000008,0.9828324432280315,0.04761904,3,4,1,0.22654861690450262,6.889544025315048,0
44b6_0113de3b,3,982,1296,False,False,2.9295104113144914,2.4375,1.625,0.0,2.4375,1.625,1,0.0,0.12004325000000005,1.1674784446929727,1.2796298999999998,1.6864428623793049,1.8641217,0.021337200000000056,1.0107196218155703,1.0727539999999962,1.0325200146614473,0.015873020000000015,0,1,1,0.8182549344193144,3.747765345733806,0
44b6_0113de3b,3,983,1284,False,False,3.832554834897995,2.03125,3.25,0.0,2.03125,3.25,1,0.0,0.02763704,0.9624693393258501,0.4739707000000002,0.8708681365595091,3.1965363,0.03344080000000016,1.015943121568472,1.8773199999999974,1.048610857566777,0.03174602999999998,1,0,1,0.3775967764687353,4.21015161136673,0
44b6_0113de3b,3,984,1286,False,False,2.368824207280903,1.7235727791422095,1.625,1.21875,1.21875,1.625,1,0.0,0.05850622999999999,0.9446646663211925,0.9089499000000001,0.718570840299709,2.3208401,0.007043700000000097,0.9971387262052188,0.5363770000000017,0.9914528327869376,0.015873009999999965,4,3,1,0.566349856035537,2.93517406331644,0
44b6_0113de3b,3,984,1252,False,False,4.318496736423452,4.0010984819796676,1.625,3.65625,1.625,1.625,2,1.9496725291425485,0.06874723000000005,1.073892682560175,0.2169935999999999,1.103136121688908,2.1038465,0.035838500000000106,1.0147908114790254,2.681886999999996,1.0450449084070048,0.015873009999999965,4,3,1,0.428351691283079,4.746848427706531,0
44b6_0113de3b,3,985,1241,False,False,2.6012692214570947,2.03125,1.625,0.0,2.03125,1.625,1,0.0,0.13835931,0.8454954318587797,1.2418525000000002,0.6389153117586058,2.197393,0.07620619999999967,0.969757681959546,5.900147000000004,0.9119998574137326,0.015873040000000005,3,1,2,1.1312025182076175,3.732471739664712,0
44b6_0113de3b,3,985,1317,False,False,4.318496736423452,4.0010984819796676,1.625,-3.65625,1.625,1.625,2,1.717227514966357,0.07175748999999998,1.1046719520241097,0.4908146,1.2875940091940152,1.7065784,0.010672599999999921,0.9956480153465451,0.8045649999999966,0.9870128346106865,0.015873040000000005,3,1,2,0.39102557666929527,4.709522313092747,0
44b6_0113de3b,3,986,1283,False,False,2.4375,2.4375,0.0,0.0,2.4375,0.0,1,0.0,0.03763839999999996,0.955014431242939,1.5148725000000005,1.5220964194548372,2.9014895,0.3468762999999999,1.1934765570812131,16.895874,1.69999929154331,0.0,0,0,0,3.222505136745249,5.660005136745249,0
44b6_0113de3b,3,987,1277,False,False,1.8168052317185792,1.8168052317185792,0.0,-1.625,-0.8125,0.0,1,0.0,0.006512199999999968,1.0080110816142955,0.12263409999999997,1.0561481033226092,2.1839302,0.04365160000000001,1.0181815303421284,3.2182630000000003,1.0555553963560733,0.0,4,3,1,0.4366214775805671,2.2534267092991462,0
44b6_0113de3b,3,987,1327,False,False,2.8726212985703494,2.8726212985703494,0.0,2.03125,2.03125,0.0,2,1.0558160668517702,0.08541136999999999,1.116548879809231,0.43507569999999984,1.2324691560015058,1.8714886,0.08128029999999997,1.034397254358398,5.900147000000004,1.1067959258336533,0.0,4,4,0,0.7820927300966471,3.6547140286669966,0
44b6_0113de3b,3,987,1256,False,False,3.471001521535247,3.471001521535247,0.0,-3.25,1.21875,0.0,3,1.654196289816668,0.025572949999999928,1.0322524276266687,0.2163778999999999,1.1035155835116737,2.0901864,0.04736160000000034,1.0197576916786002,3.4864510000000024,1.06046494680278,0.0,4,3,1,0.47022508543500086,3.941226606970248,0
44b6_0113de3b,3,988,1318,False,False,4.614113030962723,4.318496736423452,1.625,3.25,2.84375,1.625,1,0.0,0.03636782999999999,1.0526069104661155,0.4340169999999999,1.208167118087848,2.084887,0.01055040000000007,1.0042878755765936,0.8045650000000037,1.0129308646868758,0.015873010000000076,1,0,1,0.2827506726378372,4.89686370360056,0
44b6_0113de3b,3,989,1318,False,False,3.5648292823780494,3.1729139308370784,1.625,2.03125,2.4375,1.625,1,0.0,0.0821309,1.1188224609031074,0.6159384999999999,1.2954239466026378,2.084887,0.027936299999999914,1.0113605270876462,2.145507000000002,1.0344825790568675,0.015873010000000076,2,0,2,0.49136311536650196,4.056192397744551,0
44b6_0113de3b,3,990,1205,False,False,0.9084026158592896,0.9084026158592896,0.0,-0.8125,0.40625,0.0,1,0.0,0.16193714999999997,0.8012790028705536,0.7163236,0.8821913906223944,5.3641524,0.09294609999999981,0.9564610959636581,5.095583000000005,0.8749997424239523,0.0,0,0,0,0.7673737521043528,1.6757763679636424,0
44b6_0113de3b,3,991,1233,False,False,5.87308811976289,3.2752922102462856,4.875,0.40625,3.25,4.875,1,0.0,0.07542149999999992,0.9027228547611336,0.1685466,1.055015248318686,3.0634425,0.01001429999999992,1.0039643920770807,0.8045600000000093,1.0119519598213305,0.047619050000000024,4,2,2,0.41560507912281264,6.288693198885703,0
44b6_0113de3b,3,992,1302,False,False,1.86167137607581,0.9084026158592896,1.625,0.40625,0.8125,1.625,1,0.0,0.049889239999999946,1.0674379916606,0.9913728000000002,1.2981035165867725,3.3255556,0.05830879999999983,1.0236484155417989,4.559205999999996,1.0726494314163555,0.015873040000000005,2,1,1,0.9049860716869205,2.7666574477627304,0
44b6_0113de3b,3,992,1311,False,False,3.0671202393287422,2.6012692214570947,1.625,-2.03125,1.625,1.625,2,1.2054488632529323,0.03822419999999993,1.0508643594896394,1.1195316000000002,1.3501342400347682,3.1973968,0.04434130000000014,1.0178813053349265,3.4864529999999974,1.0546217278147831,0.015873040000000005,2,2,0,0.8680263534459675,3.93514659277471,0
44b6_0113de3b,3,993,1279,False,False,4.614113030962723,3.2752922102462856,3.25,1.625,2.84375,3.25,1,0.0,0.022262749999999998,0.974789707660668,0.1292013999999999,1.0493192836805751,2.6194806,0.057832799999999907,0.97716930266095,4.559200000000004,0.933070786384239,0.03174600000000005,2,4,2,0.7664886113594495,5.380601642322172,0
44b6_0113de3b,3,994,1229,False,False,2.0714766773970688,2.0714766773970688,0.0,0.40625,2.03125,0.0,1,0.0,0.08717774,0.9139223007934281,0.17689060000000012,0.9262055814588335,2.2203078,0.009364199999999823,0.9956188861889059,0.5363770000000017,0.9869278629386841,0.0,1,2,1,0.33211494953020776,2.4035916269272763,0
44b6_0113de3b,3,995,1258,False,False,3.471001521535247,1.21875,3.25,0.0,1.21875,3.25,1,0.0,0.03247409999999995,0.9633376640518518,0.2357153999999997,0.9054187833303181,2.2565813,0.03681840000000003,0.9848191658628678,2.6818839999999966,0.9551568035603093,0.03174603000000001,3,1,2,0.3595501679457906,3.830551689481038,0
44b6_0113de3b,3,995,1255,False,False,6.080193253507654,3.6336104634371584,4.875,1.625,3.25,4.875,2,2.609191731972407,0.11990924999999997,0.8768125626496067,0.7193551,0.7582735025066312,2.2565813,0.14439219999999997,0.9430040917228598,10.995724000000003,0.8385825987949479,0.04761904,3,1,2,1.6457497095391853,7.7259429630468395,0
44b6_0113de3b,3,996,1315,False,False,3.494694639736067,1.284675299443404,3.25,0.40625,1.21875,3.25,1,0.0,0.002477950000000062,1.003429213138738,0.3163851,1.1935381671520795,1.634681,0.014376600000000295,1.005913151994916,1.0727530000000058,1.0178569579668355,0.031746019999999986,1,1,0,0.2501412863972844,3.7448359261333515,0
44b6_0113de3b,3,997,1311,False,False,1.9902104160113323,1.1490485194281397,1.625,-0.8125,0.8125,1.625,1,0.0,0.036016529999999936,1.0479258779693015,0.8658795000000001,1.2708036712751096,3.1973968,0.05435560000000006,1.0219206354699677,4.291013000000007,1.0672266828737538,0.015873040000000005,2,2,0,0.8470086382192543,2.8372190542305864,0
44b6_0113de3b,3,997,1302,False,False,2.2980970388562794,1.625,1.625,1.625,0.0,1.625,2,0.30788662284494706,0.04768156999999995,1.0644531660888923,0.7377207000000001,1.2218301452240186,3.3255556,0.06832309999999975,1.0277106317068012,5.363766000000005,1.0854698555745501,0.015873040000000005,2,1,1,0.9335425221665417,3.231639561022821,0
44b6_0113de3b,3,998,1258,False,False,4.487177913232324,3.093907824257213,3.25,-2.84375,1.21875,3.25,1,0.0,0.019052689999999983,1.0214920375856633,0.05750460000000013,1.0230688301724664,2.4922967,0.03308529999999976,0.9863579666773841,2.4136960000000016,0.9596410997952715,0.03174603000000001,4,1,3,0.34242398137504276,4.829601894607367,0
44b6_0113de3b,3,998,1255,False,False,5.984436194204096,3.471001521535247,4.875,-1.21875,3.25,4.875,2,1.4972582809717716,0.06838246000000003,0.9297436243014421,0.4261351000000002,0.8568035029125524,2.5498013,0.1406590999999997,0.9444775555979905,10.727536000000008,0.8425195992711672,0.04761904,4,1,3,1.5948216636895254,7.579257857893621,0
44b6_0113de3b,3,999,1314,False,False,3.8540258983302125,2.0714766773970688,3.25,0.40625,2.03125,3.25,1,0.0,0.03809734000000009,0.954925653481707,0.22813749999999988,0.8687984219063434,1.5107607,0.14869379999999977,0.9308021947289093,8.045653999999999,0.8064514266612242,0.031746039999999975,4,5,1,0.9137347592271959,4.7677606575574085,0
44b6_0113de3b,3,1000,1272,False,False,3.5648292823780494,3.1729139308370784,1.625,2.03125,2.4375,1.625,1,0.0,0.03324689999999997,0.9552234626153094,0.7880984999999994,0.8714514872426236,5.342717,0.0067383999999997,1.0026769628653958,0.5363800000000083,1.0080644106403853,0.01587299999999997,1,0,1,0.5213021815002823,4.086131463878331,0
44b6_0113de3b,3,1001,1310,False,False,3.832554834897995,2.03125,3.25,1.21875,1.625,3.25,1,0.0,0.047035700000000014,1.0677875091787463,0.0515873,0.981611967842638,2.7544289,0.017146100000000164,0.9931465227034693,1.3409460000000024,0.979591633604079,0.03174604,3,1,2,0.3191544201187461,4.151709255016741,0
44b6_0113de3b,3,1001,1204,False,False,6.358818311015027,5.465534769123694,-3.25,3.65625,-4.0625,3.25,2,2.526263476117032,0.10785237000000003,0.8728952808926057,0.5241104999999999,0.8401364640105774,2.7544289,0.010402299999999975,1.0041976862497834,0.8045639999999992,1.0126580458232983,0.03174603000000001,3,0,3,0.4924499207372554,6.851268231752282,0
44b6_0113de3b,3,1002,1319,False,False,1.284675299443404,1.284675299443404,0.0,0.40625,1.21875,0.0,1,0.0,0.004145029999999994,0.9944692395835703,0.6171405000000001,1.1879186719900858,3.2840197,0.003303000000000278,1.001296361660417,0.26819000000000415,1.0039061259672462,0.0,1,1,0,0.43237604046140654,1.7170513399048106,0
44b6_0113de3b,3,1003,1253,False,False,3.65625,1.6750116604071745,3.25,1.625,-0.40625,3.25,1,0.0,0.09543330000000005,0.9084085684928883,1.7026572,0.6278507873882199,2.87256,0.07144879999999976,0.9718686763986042,5.631957999999997,0.9179686164087586,0.031746029999999995,5,3,2,1.326221349171299,4.982471349171299,0
44b6_0113de3b,3,1004,1251,False,False,6.662995408410545,1.4647552056572457,6.5,1.21875,0.8125,6.5,1,0.0,0.018243699999999974,0.9800664085398508,0.4503752999999997,0.8510353973145278,2.5730531,0.42993499999999996,0.8253472844812423,27.355225000000004,0.5622316631573219,0.06349207,1,1,0,2.3645802616212417,9.027575670031787,0
44b6_0113de3b,3,1005,1298,False,False,3.494694639736067,3.093907824257213,1.625,1.21875,2.84375,1.625,1,0.0,0.0524211,1.0741789866989437,0.6175539000000003,0.7934153446979152,2.3718348,0.0414399999999997,0.9834641223516117,3.2182610000000054,0.9512193787360622,0.015873029999999982,1,2,1,0.7459290582223594,4.240623697958426,0
44b6_0113de3b,3,1006,1297,False,False,3.6787502123683256,1.7235727791422095,3.25,1.21875,1.21875,3.25,1,0.0,0.05454760000000003,1.0708760267339401,0.07356050000000014,0.9732028239230973,2.6718867,0.0412113999999999,1.0166656554355291,3.218260000000001,1.0508472648176743,0.03174604,4,2,2,0.5614196294707926,4.240169841839118,0
44b6_0113de3b,3,1007,1293,False,False,2.8145825622994254,2.2980970388562794,1.625,1.625,1.625,1.625,1,0.0,0.01514804000000003,0.9760682631493874,0.7016863,0.7539594003870961,2.150257,0.0,0.999995931961238,0.0,0.9999998392792949,0.015873000000000026,2,2,0,0.4615684143378445,3.27615097663727,0
44b6_0113de3b,3,1008,1227,False,False,2.9575446425202108,2.9575446425202108,0.0,-2.84375,0.8125,0.0,1,0.0,0.028909900000000044,0.9675317049731001,1.5229253,0.5545014437048146,1.8955613,0.03814520000000021,1.015491321533803,2.9500749999999982,1.0472101610031057,0.0,2,1,1,1.1511709987176844,4.108715641237895,0
44b6_0113de3b,3,1009,1253,False,False,3.374565944310468,0.9084026158592896,3.25,-0.40625,0.8125,3.25,1,0.0,0.13645420000000008,0.8690431761320827,1.8780948999999998,0.5895056534023054,2.6971223,0.07495549999999973,0.9704881870470756,5.9001459999999994,0.9140623739189988,0.031746029999999995,3,3,0,1.4202470384727846,4.794812982783252,0
44b6_0113de3b,3,1010,1320,False,False,2.368824207280903,1.7235727791422095,1.625,1.21875,1.21875,1.625,1,0.0,0.009538550000000035,1.014036597785784,1.751372,1.647207880778721,2.706017,0.014087200000000077,1.0057349108235463,1.0727540000000033,1.0173158546417598,0.015873009999999993,0,1,1,1.1881514754311548,3.556975682712058,0
44b6_0113de3b,3,1011,1258,False,False,2.4375,1.8168052317185792,1.625,-1.625,-0.8125,1.625,1,0.0,0.023419210000000024,1.0264201969979392,0.06617500000000032,1.0265476957551012,2.4922967,0.06359160000000008,1.0262086249680542,4.827390000000001,1.0807172653464432,0.015873009999999993,3,1,2,0.7110059425532228,3.1485059425532227,0
44b6_0113de3b,3,1011,1255,False,False,3.471001521535247,1.21875,3.25,0.0,1.21875,3.25,2,1.0335015215352472,0.06401594,0.9342291460916405,0.4174647,0.8597169962469754,2.5584717,0.04398219999999986,0.9826361690049764,3.486450000000005,0.9488187589291114,0.031746019999999986,3,1,2,0.6119322205987908,4.082933742134038,0
44b6_0113de3b,3,1012,1280,False,False,4.241374519244911,2.7252078475778685,3.25,-2.4375,1.21875,3.25,1,0.0,0.03462425999999996,1.0395314804422513,1.1956467000000002,0.7648718253326716,3.8894706,0.4425530000000002,0.8229648152155781,28.964357,0.5573769522295914,0.031746036,1,1,0,2.801127408941934,7.042501928186844,0
44b6_0113de3b,3,1013,1307,False,False,5.658407737606049,4.631962664465248,3.25,3.65625,2.84375,3.25,1,0.0,0.01909041999999994,0.9747775544767425,0.2525189000000001,0.90427319887702,2.3854878,0.010672599999999921,0.9956480153465451,0.8045649999999966,0.9870128346106865,0.03174603000000009,1,1,0,0.18262813608866596,5.8410358736947146,0
44b6_0113de3b,3,1013,1439,False,False,6.423376497217021,4.182599744775969,4.875,2.03125,-3.65625,4.875,2,0.764968759610972,0.45069447,2.567632071900825,2.18376904,11.825224127685114,0.20171876,0.23653760000000013,1.107150183017432,16.091309000000003,1.3571425654402596,0.0476190700000001,1,0,1,2.2112944475091973,8.634670944726217,0
44b6_0113de3b,3,1014,1215,False,False,2.6012692214570947,2.6012692214570947,0.0,1.625,2.03125,0.0,1,0.0,0.22249000000000008,0.7644538775814399,0.9011785999999997,0.6740108244823428,1.8632854,0.10790539999999993,0.9495648002635155,5.900147000000004,0.8562089293974653,0.0,1,0,1,0.9870594892766714,3.5883287107337662,0
44b6_0113de3b,3,1015,1255,False,False,5.090297909995052,1.4647552056572457,-4.875,1.21875,-0.8125,4.875,1,0.0,0.17052259999999997,0.8248198351916003,1.0747659,0.6388456794786358,1.9011705,0.06481639999999977,0.9744128583336182,5.095578000000003,0.9251967560717957,0.04761906000000002,4,1,3,1.0531213839102729,6.143419293905325,0
44b6_0113de3b,3,1016,1297,False,False,5.465534769123694,4.394265616971737,-3.25,3.65625,-2.4375,3.25,1,0.0,0.04247730000000005,1.055189694634862,0.2312527000000002,0.9157653231673033,2.5141945,0.05465239999999971,1.022102438523214,4.291015999999999,1.0677964478882092,0.031746019999999986,3,2,1,0.7529991150102406,6.218533884133935,0
44b6_0113de3b,3,1016,1270,False,False,6.345827861674157,4.0625,4.875,-2.4375,3.25,4.875,2,0.8802930925504624,0.10716340000000002,1.15203534315835,0.06450770000000006,0.9749806511948095,2.5141945,0.051165399999999917,1.0206628291313924,4.022825999999995,1.0632909528343621,0.04761906000000002,3,2,1,0.7794159771214352,7.125243838795592,0
44b6_0113de3b,3,1017,1303,False,False,2.4375,1.8168052317185792,1.625,1.625,0.8125,1.625,1,0.0,0.009365640000000064,0.9875510719753858,0.3205022999999998,0.889068940644193,2.5687804,0.03594419999999987,0.9853526176560717,2.681885000000001,0.9567097984379663,0.015873040000000005,2,1,1,0.4113625348897546,2.8488625348897547,0
44b6_0113de3b,3,1017,1361,False,False,5.025034981221523,4.755034338729848,1.625,4.46875,1.625,1.625,2,2.5875349812215234,0.14033180999999995,1.232540000233664,1.3172792,2.0525428777625,1.2515012,0.03704580000000002,1.0155504131109887,2.681882999999999,1.0473931474251155,0.015873040000000005,2,2,0,0.8631726104218352,5.888207591643359,0
44b6_0113de3b,3,1018,1297,False,False,4.614113030962723,3.2752922102462856,3.25,3.25,0.40625,3.25,1,0.0,0.06630723000000005,1.0861586180152074,0.22884660000000023,0.9166417163596648,2.5166006,0.006964199999999643,1.0028129214305763,0.5363770000000017,1.0084744177389766,0.03174604,4,2,2,0.38173261945846937,4.995845650421192,0
44b6_0113de3b,3,1019,1270,False,False,3.8540258983302125,2.0714766773970688,3.25,0.40625,2.03125,3.25,1,0.0,0.01909044999999998,0.9728991943304749,0.49489230000000006,0.8080816075558955,2.0838099,0.049741000000000035,0.9799044399591068,3.754640000000002,0.9409281020907894,0.03174604,2,2,0,0.6002371992037372,4.45426309753395,0
44b6_0113de3b,3,1019,1291,False,False,6.3066959703556345,4.0010984819796676,4.875,3.65625,1.625,4.875,2,2.452670072025422,0.06129225000000005,0.917934804071516,0.6776835000000001,0.7545925527377586,2.0838099,0.03573380000000004,0.9854801155195213,2.681885000000001,0.9570813881241855,0.04761905999999996,2,1,1,0.52987300388812,6.836568974243755,0
44b6_0113de3b,3,1020,1316,False,False,1.86167137607581,0.9084026158592896,1.625,-0.40625,0.8125,1.625,1,0.0,0.004990810000000012,1.007325846937202,1.3365942999999998,0.7542920984372616,4.1032057,0.058148999999999784,0.97698392773019,4.559203999999994,0.9325395459655497,0.015873029999999982,2,0,2,1.1419802110639337,3.0036515871397436,0
44b6_0113de3b,3,1021,1392,False,False,1.8168052317185792,0.8125,1.625,0.0,0.8125,1.625,1,0.0,0.17351582999999998,1.5375940022017374,5.694221,1.849799668718756,6.700641,0.03574060000000001,1.0176308485027796,1.8773179999999954,1.0538458131867725,0.01587303000000001,1,0,1,3.6769589198746946,5.493764151593274,0
44b6_0113de3b,3,1022,1405,False,False,5.296851954227152,5.296851954227152,0.0,2.84375,-4.46875,0.0,1,0.0,0.06096607999999998,1.1471534608260914,0.4844398000000001,1.1511843051133541,3.2042234,0.45258679999999996,0.7884749534534115,20.918701000000002,0.4901959642234914,0.0,0,0,0,4.599756425326202,9.896608379553353,0
44b6_0113de3b,3,1023,1312,False,False,1.86167137607581,0.9084026158592896,1.625,0.40625,0.8125,1.625,1,0.0,0.030144810000000022,0.9614106131784067,0.40879330000000014,0.850412476581856,2.324067,0.006983599999999868,0.9971751259532072,0.5363779999999991,0.9915610091018535,0.015873009999999965,0,2,2,0.258652579926919,2.120323956002729,0
44b6_0113de3b,3,1024,1221,False,False,1.21875,1.21875,0.0,-1.21875,0.0,0.0,1,0.0,0.19200705000000007,0.759530090884545,0.005666000000000615,1.0012987564682367,4.354925,0.10323359999999981,0.9516426227782097,5.6319600000000065,0.8618418502693262,0.0,0,0,0,0.9507621130026925,2.1695121130026926,0
44b6_0113de3b,3,1025,1328,False,False,2.7252078475778685,2.1877232028983924,1.625,0.8125,2.03125,1.625,1,0.0,0.00828203999999999,1.012067075342533,0.15431600000000012,0.9477877739432484,2.8014185,0.014334499999999917,1.005887076788655,1.0727529999999987,1.0177775941590141,0.015873040000000005,1,2,1,0.20262516647219622,2.927833014050065,0
44b6_0113de3b,3,1025,1326,False,False,3.5648292823780494,3.1729139308370784,1.625,2.03125,2.4375,1.625,2,0.8396214348001809,0.011284100000000019,0.9839816154711206,0.4230621000000001,0.8687941282880465,2.8014185,0.025196999999999914,1.0103977606855494,1.8773199999999974,1.0315313703803546,0.015873040000000005,1,2,1,0.40493533704890844,3.969764619426958,0
44b6_0113de3b,3,1026,1219,False,False,2.1877232028983924,2.1877232028983924,0.0,0.8125,2.03125,0.0,1,0.0,0.25137529999999997,0.7103514285556269,3.1630137,0.5455403321887061,3.796942,0.10323359999999981,0.9516426227782097,5.6319600000000065,0.8618418502693262,0.0,1,0,1,1.9982624298396678,4.18598563273806,0
44b6_0113de3b,3,1027,1322,False,False,2.8726212985703494,2.368824207280903,1.625,1.21875,2.03125,1.625,1,0.0,0.03136889999999992,1.0441150983030285,0.15336470000000002,0.9208847901298276,1.78525,0.0075248999999999455,0.9968412646729605,0.5363769999999946,0.9905658626824516,0.015873009999999965,3,2,1,0.214615055283555,3.0872363538539043,0
44b6_0113de3b,3,1027,1266,False,False,5.9150892850404215,5.6875,1.625,5.6875,0.0,1.625,2,3.042467986470072,0.047241140000000015,0.940146975720551,1.4277859999999998,0.5556254096580006,1.78525,0.08029520000000012,0.9673315333617825,5.900146999999997,0.9051722606927767,0.015873009999999965,3,1,2,1.1403226398468806,7.055411924887302,0
44b6_0113de3b,3,1028,1303,False,False,4.394265616971737,2.9575446425202108,3.25,0.8125,2.84375,3.25,1,0.0,0.022511300000000012,1.0298771138994511,0.37062470000000003,0.8717213039717298,2.518658,0.06216899999999992,1.0253229564033197,4.827392000000003,1.0779218947039064,0.03174604000000003,2,1,1,0.8369940761319092,5.231259693103646,0
44b6_0113de3b,3,1028,1361,False,False,6.107276653713994,5.170718337426629,3.25,3.65625,3.65625,3.25,2,1.713011036742257,0.17220875000000002,1.2853661691310614,1.2671567999999998,2.0124933760081407,1.2515012,0.1351589999999998,1.056745710408227,10.191160000000004,1.18009453631155,0.03174604000000003,2,2,0,1.5876500270857348,7.694926680799728,0
44b6_0113de3b,3,1029,1304,False,False,3.65625,3.2752922102462856,1.625,2.84375,1.625,1.625,1,0.0,0.018460860000000023,0.9734686203118348,0.4575893000000004,1.1054300304392297,4.340113,0.006649799999999928,1.0026241940191472,0.5363749999999925,1.0079049609593391,0.01587301000000002,0,0,0,0.36266992448081886,4.0189199244808185,0
44b6_0113de3b,3,1030,1339,False,False,2.632800908728193,2.0714766773970688,1.625,0.40625,2.03125,1.625,1,0.0,0.032422740000000005,1.046269318055614,0.11998360000000008,1.069407942617547,1.7285184,0.0,0.9999959435845092,0.0,0.999999840652976,0.015873030000000066,2,2,0,0.12891946185701592,2.761720370585209,0
44b6_0113de3b,3,1031,1324,False,False,3.1729139308370784,2.7252078475778685,1.625,1.21875,2.4375,1.625,1,0.0,0.03274690999999996,0.9500873142988376,0.09721029999999997,0.9681826216319607,2.958352,0.003516900000000156,1.0014245766506245,0.26818899999999957,1.0042916931551176,0.015872999999999915,2,2,0,0.1404016656215837,3.3133155964586622,0
44b6_0113de3b,3,1032,1295,False,False,1.1490485194281397,1.1490485194281397,0.0,-0.8125,0.8125,0.0,1,0.0,0.01986873,0.9725349700663168,0.0892799999999998,0.9413768335742865,1.433828,0.01055040000000007,1.0042878755765936,0.8045650000000037,1.0129308646868758,0.0,1,2,1,0.15837353431761733,1.307422053745757,0
44b6_0113de3b,3,1032,1354,False,False,3.1729139308370784,3.1729139308370784,0.0,2.03125,2.4375,0.0,2,2.0238654114089387,0.11870681999999999,1.2028285168813981,0.3656144000000001,1.3422545616854,1.0682136,0.06471280000000013,1.026914366849657,4.827392000000003,1.0829491119030203,0.0,1,2,1,0.7563987940138391,3.9293127248509174,0
44b6_0113de3b,3,1033,1342,False,False,6.613270867165506,1.21875,6.5,0.0,1.21875,6.5,1,0.0,0.09027735999999997,1.1592758252033002,0.5476393999999996,0.9179520657359812,6.1271,0.33254980000000023,0.865482070062947,22.259642999999997,0.648304988474936,0.06349207,0,0,0,2.351739408935679,8.965010276101184,0
44b6_0113de3b,3,1034,1435,False,False,2.7252078475778685,2.7252078475778685,0.0,1.21875,2.4375,0.0,1,0.0,0.20849222,1.7754570602664466,1.97568477,11.913356772557094,0.18102273,0.2528204999999999,1.1614202682440584,9.118408000000002,1.5666656661271834,0.0,1,2,1,4.206702472864178,6.9319103204420465,0
44b6_0113de3b,3,1035,1345,False,False,3.832554834897995,2.03125,3.25,1.21875,1.625,3.25,1,0.0,0.09971891999999993,1.195110830844572,0.9419361999999998,1.2778809439983545,3.3896654,0.01768520000000029,1.0072216022133196,1.3409440000000004,1.0218339214887786,0.03174602999999998,0,1,1,0.6123318998704036,4.4448867347683985,0
44b6_0113de3b,3,1035,1401,False,False,4.241374519244911,2.7252078475778685,3.25,-2.4375,1.21875,3.25,2,0.4088196843469154,0.2064391,1.5105623021293482,2.9670625,3.1743830984169055,1.3645391,0.07981400000000027,1.0334549514975728,5.900147000000004,1.1037733998966195,0.03174602999999998,0,2,2,1.9159559549285035,6.157330474173414,0
44b6_0113de3b,3,1036,1323,False,False,3.300390601883359,2.8726212985703494,1.625,2.84375,-0.40625,1.625,1,0.0,0.06576674999999998,0.9022699802613643,0.014458199999999977,1.0055270038870197,2.6141007,0.0,0.9999959435845092,0.0,0.999999840652976,0.01587301000000002,0,1,1,0.2847550121820945,3.5851456140654534,0
44b6_0113de3b,3,1037,1331,False,False,4.021669817998489,2.368824207280903,3.25,1.21875,2.03125,3.25,1,0.0,0.019409300000000074,0.9741174560727275,0.1999019999999998,0.9303957434695003,2.6722112,0.013889299999999771,1.0056140721307125,1.0727540000000033,1.0169489934745812,0.031746030000000036,3,1,2,0.2273535247734839,4.249023342771973,0
44b6_0113de3b,3,1038,1233,False,False,6.512682938889317,4.318496736423452,4.875,2.84375,3.25,4.875,1,0.0,0.05953279999999994,0.9232130661125819,1.1054024999999998,0.6391612078202616,1.95804,0.4121988000000001,0.8366545084790628,27.891603999999994,0.5856572619724604,0.047619050000000024,3,2,1,2.8634339465438385,9.376116885433156,0
44b6_0113de3b,3,1039,1174,False,False,1.8168052317185792,0.8125,1.625,0.0,0.8125,1.625,1,0.0,0.27684726000000004,0.6545090225875416,2.7868972,0.31418553683071804,1.2767388,0.09908389999999989,0.9521822198302746,5.095582999999998,0.8633090751943293,0.015873009999999993,3,2,1,1.8515447167379293,3.6683499484565085,0
44b6_0113de3b,3,1039,1223,False,False,6.953879874753374,6.761347521944128,1.625,5.6875,-3.65625,1.625,2,5.137074643034795,0.43425691,0.5470507686512511,1.4318138,0.471371346558503,1.2767388,0.5636349,0.7778191453947876,36.205442999999995,0.47058817422395455,0.015873009999999993,3,4,1,3.216947140456997,10.17082701521037,0
44b6_0113de3b,3,1040,1249,False,False,2.0714766773970688,1.284675299443404,1.625,1.21875,-0.40625,1.625,1,0.0,0.10479899999999998,0.886014605843425,1.2088320000000001,0.6363788186229541,2.1156123,0.07981400000000027,0.9676200689858355,5.900147000000004,0.905982754126554,0.015873010000000007,2,1,1,1.01971842725617,3.091195104653239,0
44b6_0113de3b,3,1040,1251,False,False,2.368824207280903,2.368824207280903,0.0,1.21875,-2.03125,0.0,2,0.2973475298838344,0.10102959999999994,0.8896617065199445,0.9078160999999998,0.6997371932565255,2.1156123,0.07629710000000012,0.9690024486193317,5.6319580000000045,0.9098710990963453,0.0,2,1,1,0.8863288395174052,3.2551530467983083,0
44b6_0113de3b,3,1041,1335,False,False,2.7252078475778685,2.7252078475778685,0.0,2.4375,1.21875,0.0,1,0.0,0.019235699999999967,0.9596747106878349,0.7901215000000001,1.2994948046121453,2.6381376,0.062341699999999944,1.034267320027809,2.6818849999999976,1.1063825482917764,0.0,1,1,0,0.9442153668669291,3.6694232144447976,0
44b6_0113de3b,3,1042,1340,False,False,1.86167137607581,0.9084026158592896,1.625,0.8125,0.40625,1.625,1,0.0,0.024124499999999993,1.04327461096009,0.5055351399999999,1.5745861031912596,0.87979746,0.03971560000000007,1.0164658735464902,2.9500740000000008,1.0502281449057693,0.01587301999999996,2,2,0,0.48675577879839615,2.348427154874206,0
44b6_0113de3b,3,1043,1347,False,False,3.2752922102462856,0.40625,3.25,0.0,0.40625,3.25,1,0.0,0.0072686000000000694,1.0130557826868518,0.8402563000000001,1.2476254449799478,3.3932047,0.003516900000000156,1.0014245766506245,0.26818899999999957,1.0042916931551176,0.031746059999999965,0,0,0,0.5653537902162097,3.8406460004624954,0
44b6_0113de3b,3,1044,1343,False,False,2.333728575156074,1.6750116604071745,1.625,0.40625,1.625,1.625,1,0.0,0.009525000000000006,1.0169986254963232,0.013133300000000236,0.9966975942813678,3.9667735,0.0035066999999999737,0.9985755066537251,0.2681880000000021,0.9957445304193927,0.015873020000000015,1,0,1,0.06321434399676353,2.3969429191528375,0
44b6_0113de3b,3,1045,1344,False,False,3.832554834897995,2.03125,3.25,0.0,2.03125,3.25,1,0.0,0.06370239999999994,1.1153505953670253,1.0908268999999997,1.468809843994638,2.326769,0.020547399999999882,1.0082608131302255,1.609131000000005,1.0249998430830154,0.031746019999999986,0,2,2,0.702454701358328,4.535009536256323,0
44b6_0113de3b,3,1045,1353,False,False,4.5420130792964475,4.241374519244911,1.625,-4.0625,1.21875,1.625,2,0.7094582443984523,0.058917,1.1057673144219669,1.7218965999999998,2.0154373747905963,1.6956993,0.048483699999999796,1.0197192890532738,3.754638000000007,1.0603446459440997,0.01587299999999997,0,3,3,1.1947676335229667,5.736780712819414,0
44b6_0113de3b,3,1046,1330,False,False,2.9575446425202108,2.471122277933652,1.625,0.40625,2.4375,1.625,1,0.0,0.046021700000000054,1.0840682102172083,0.28841369999999955,1.0580815725484716,4.965484,0.18647049999999998,1.089976549508467,10.995726000000005,1.2949636262041553,0.015873000000000026,1,0,1,0.914735608723254,3.8722802512434646,0
44b6_0113de3b,3,1046,1419,False,False,6.625736987309412,5.773897351442957,-3.25,-4.46875,-3.65625,3.25,2,3.668192344789201,0.26377524,1.8003548727765681,1.0431332999999992,1.2477271876641027,4.2107644,0.22040440000000006,0.9110944820789237,15.554930999999996,0.7563024109451919,0.03174602999999998,1,0,1,2.333409037551762,8.959146024861173,0
44b6_0113de3b,3,1047,1282,False,False,3.093907824257213,3.093907824257213,0.0,2.84375,1.21875,0.0,1,0.0,0.06231624999999996,0.9018220563018935,0.7489535999999997,0.8032405776422831,3.0575306,0.0035066999999999737,1.0014184068046856,0.2681880000000021,1.004273336618644,0.0,1,0,1,0.48291781862148536,3.576825642878698,0
44b6_0113de3b,3,1048,1301,False,False,3.0671202393287422,2.6012692214570947,-1.625,2.03125,1.625,1.625,1,0.0,0.046568900000000024,1.05572099112943,0.29559710000000017,0.9088346057991702,2.9469292,0.39054030000000006,1.1825177285507833,26.818848000000003,1.6535943752574613,0.015873000000000026,1,1,0,2.9428855233872375,6.01000576271598,0
44b6_0113de3b,3,1049,1360,False,False,2.8726212985703494,2.368824207280903,1.625,1.21875,2.03125,1.625,1,0.0,0.04259619999999997,1.0718501105686113,0.08426120000000004,1.0712389799940962,1.1826459,0.003567899999999735,1.0014557825734571,0.2681869999999975,1.0043857764822182,0.015873000000000026,2,2,0,0.1650641616279808,3.0376854601983303,0
44b6_0113de3b,3,1050,1357,False,False,4.487177913232324,4.182599744775969,1.625,-2.03125,3.65625,1.625,1,0.0,0.030247510000000033,1.056040673904565,0.43033699999999975,0.8308155662558145,2.113309,0.0,0.9999960425605203,0.0,0.9999998520349033,0.015873000000000026,1,2,1,0.36899011562745365,4.856168028859778,0
44b6_0113de3b,3,1051,1377,False,False,5.343384490423649,2.1877232028983924,4.875,2.03125,0.8125,4.875,1,0.0,0.06971464999999999,1.116282976515492,0.9029181000000002,1.6023760985392794,1.4989009,0.01994970000000018,1.0079014812330063,1.6091300000000075,1.023904216751848,0.047619100000000025,2,3,1,0.599903655675272,5.94328814609892,0
44b6_0113de3b,3,1051,1383,False,False,6.512682938889317,0.40625,6.5,0.0,-0.40625,6.5,2,1.1692984484656685,0.05605005000000007,1.0914037567334574,1.5988430500000002,2.9911096202866316,0.80297595,0.13210180000000005,1.0547783404690594,10.191164000000008,1.1735158152057081,0.06349209999999994,2,4,2,1.7884087473561199,8.301091686245437,0
44b6_0113de3b,3,1052,1349,False,False,3.1729139308370784,3.1729139308370784,0.0,2.03125,2.4375,0.0,1,0.0,0.022205999999999948,1.0365172818743915,0.4572735000000001,0.8039330569945965,1.874999,0.006649799999999928,1.0026241940191472,0.5363749999999925,1.0079049609593391,0.0,4,4,0,0.3807238774309295,3.553637808268008,0
44b6_0113de3b,3,1053,1355,False,False,2.6012692214570947,2.6012692214570947,0.0,-1.625,-2.03125,0.0,1,0.0,0.042282700000000006,0.9290574247593744,0.36950759999999994,0.8901538610996184,2.9944386,0.05075099999999999,0.9799907311134809,4.022825999999995,0.9411763484479091,0.0,1,0,1,0.6787385357501031,3.2800077572071977,0
44b6_0113de3b,3,1054,1373,False,False,1.6750116604071745,0.40625,1.625,0.0,0.40625,1.625,1,0.0,0.0855165,1.1921498268198745,0.4532906000000001,1.437928745083839,1.0350456,0.05119279999999993,1.0253864173729224,2.681885000000001,1.078124692762948,0.01587301000000002,1,1,0,0.4666853160950616,2.141696976502236,0
44b6_0113de3b,3,1055,1412,False,False,2.2980970388562794,1.625,1.625,0.0,1.625,1.625,1,0.0,0.14804830999999996,1.4352998511865598,1.33410413,4.228314594821747,0.41323787,0.3133497999999999,1.178137874163539,14.48218,1.6352935138267497,0.015873029999999955,0,1,1,3.20687123367271,5.5049682725289895,0
44b6_0113de3b,3,1055,1301,False,False,6.3066959703556345,6.09375,-1.625,0.0,-6.09375,1.625,2,4.008598931499355,0.34744016000000005,0.584176875242349,1.4951843000000002,0.5388812455237586,1.747342,0.06736090000000017,0.968513624580674,3.7546370000000024,0.9084965515553916,0.015873000000000026,0,1,1,1.3770803372071843,7.683776307562819,0
44b6_0113de3b,3,1056,1329,False,False,3.917733121653388,2.1877232028983924,3.25,-2.03125,0.8125,3.25,1,0.0,0.03605975,0.9271577029495983,0.7317065,0.7617753634984405,2.3398235,0.06308679999999978,0.9740299744690589,4.559204999999999,0.9241069756532876,0.03174599999999994,1,2,1,0.6920812714083829,4.609814393061771,0
44b6_0113de3b,3,1057,1338,False,False,1.8168052317185792,0.8125,1.625,0.8125,0.0,1.625,1,0.0,0.03241190000000005,0.9464718391013344,0.06564070000000033,1.0124436694383858,5.274214,0.03360489999999983,0.986749481438635,2.6818799999999925,0.960784242046895,0.015873000000000026,0,0,0,0.47541414198300896,2.292219373701588,0
44b6_0113de3b,3,1058,1336,False,False,2.03125,1.21875,1.625,0.0,1.21875,1.625,1,0.0,0.0257807000000001,0.9626566650831051,0.18301999999999996,0.9056161071942772,1.756178,0.020071999999999868,0.990309427105317,1.0727559999999983,0.9712227062404551,0.015873040000000005,2,2,0,0.16622533023857858,2.1974753302385786,0
44b6_0113de3b,3,1059,1343,False,False,3.8540258983302125,3.494694639736067,1.625,2.84375,2.03125,1.625,1,0.0,0.007290299999999972,0.9869579542080077,0.2164514000000004,0.9456115766038123,3.7634554,0.0,0.9999959493464149,0.0,0.9999998413310471,0.015873020000000015,1,0,1,0.13956642195153773,3.99359232028175,0
44b6_0113de3b,3,1060,1325,False,False,3.093907824257213,3.093907824257213,0.0,1.21875,2.84375,0.0,1,0.0,0.2336511,0.706732629550182,0.29746219999999957,0.8853755910885471,2.2977185,0.10841679999999965,0.9492149085410465,5.9001480000000015,0.8552629164575394,0.0,0,1,1,1.040091123311115,4.133998947568328,0
44b6_0113de3b,3,1061,1331,False,False,6.214430032191206,5.296851954227152,3.25,4.46875,2.84375,3.25,1,0.0,0.14639270000000004,0.8048707052354463,0.9134962999999998,0.6819404195474623,1.9586169,0.060846600000000084,0.9753839644629109,4.559204000000001,0.9279659561505638,0.031746030000000036,3,1,2,0.8514788583997446,7.065908890590951,0
44b6_0113de3b,3,1062,1337,False,False,2.1877232028983924,2.1877232028983924,0.0,2.03125,0.8125,0.0,1,0.0,0.03967245999999991,0.9319028042807831,1.6858003,0.6734882061747656,3.4772813,0.0,0.9999960632807153,0.0,0.9999998543468578,0.0,1,1,0,1.104958493999556,3.292681696897948,0
44b6_0113de3b,3,1063,1195,False,False,3.093907824257213,3.093907824257213,0.0,2.84375,1.21875,0.0,1,0.0,0.38527135999999995,0.5449447231679673,1.2127409,0.6898625046616489,2.6976144,0.1565027000000001,0.9229676478561544,7.509276999999997,0.7862593253578575,0.0,0,0,0,1.9459205079298811,5.039828332187094,0
44b6_0113de3b,3,1064,1273,False,False,4.596194077712559,3.25,3.25,0.0,3.25,3.25,1,0.0,0.04384989000000006,0.9337406495864861,1.4401966,0.5268549332111918,1.6036941,0.014202500000000118,0.9933284670847571,0.8045649999999966,0.9801322189316748,0.03174600000000005,1,0,1,0.9262928919344126,5.522486969646971,0
44b6_0113de3b,3,1065,1210,False,False,4.487177913232324,3.093907824257213,3.25,-2.84375,1.21875,3.25,1,0.0,0.22517555,0.6910031269416458,3.6826009999999996,0.32427746244907907,1.7672753,0.07751050000000026,0.9689900510388785,5.9001499999999965,0.9098358751795593,0.031746030000000036,3,0,3,2.3624297477865537,6.849607661018878,0
44b6_0113de3b,3,1065,1390,False,False,6.662995408410545,5.816614806956019,-3.25,5.6875,-1.21875,3.25,2,2.1758174951782205,0.00695260999999997,1.0139792995677468,0.4664471000000001,1.3585665765350372,1.3008282,0.022022499999999834,1.0091706293228502,1.6091300000000004,1.0277775859711729,0.031746039999999975,3,2,1,0.35758744166986756,7.020582850080412,0
44b6_0113de3b,3,1066,1350,False,False,2.0714766773970688,2.0714766773970688,0.0,2.03125,0.40625,0.0,1,0.0,0.030825729999999996,0.9371047942716644,0.2662654,0.8938150843964935,2.2413821,0.07818419999999993,0.9685913030177562,5.9001440000000045,0.9087135867615256,0.0,1,1,0,0.852408558540559,2.923885235937628,0
44b6_0113de3b,3,1067,1366,False,False,4.958913218891817,3.7454399357752353,3.25,0.8125,3.65625,3.25,1,0.0,0.037843199999999966,1.0705438577681647,2.1162780999999997,1.965634078622315,2.1915739,0.02374459999999967,0.9905742589092114,1.8773200000000116,0.9719998454818273,0.031746039999999975,1,0,1,1.4663592474332978,6.425272466325114,0
44b6_0113de3b,3,1068,1336,False,False,2.569350598886808,2.569350598886808,0.0,2.4375,0.8125,0.0,1,0.0,0.038603400000000065,0.9440901903213162,0.002769199999999916,1.0014228489156398,1.939198,0.4103422000000001,1.198005880646133,26.818846000000008,1.719423920837401,0.0,3,2,1,2.5482365662934123,5.11758716518022,0
44b6_0113de3b,3,1069,1309,False,False,1.284675299443404,1.284675299443404,0.0,0.40625,1.21875,0.0,1,0.0,0.15650412999999996,0.7763303665508583,2.5174819999999998,0.38250043599164374,1.559421,0.16726949999999996,0.9216494011931734,8.850221000000005,0.7828945218726219,0.0,1,0,1,1.8335316612241845,3.118206960667589,0
44b6_0113de3b,3,1070,1333,False,False,1.625,1.625,0.0,0.0,1.625,0.0,1,0.0,0.06285130000000005,0.9054434903416269,0.7331869000000002,0.6539917566443703,1.3858188,0.056685499999999944,0.9771634559710118,4.291016000000006,0.9330542419920189,0.0,2,3,1,0.7242092328517913,2.3492092328517913,0
44b6_0113de3b,3,1070,1334,False,False,3.374565944310468,2.9575446425202108,1.625,0.8125,2.84375,1.625,2,1.749565944310468,0.047473549999999975,0.9268835528241081,0.4849728,0.7407620348411077,1.3858188,0.056685499999999944,0.9771634559710118,4.291016000000006,0.9330542419920189,0.015873000000000026,2,3,1,0.6588597494651698,4.033425693775638,0
44b6_0113de3b,3,1071,1363,False,False,0.40625,0.40625,0.0,0.40625,0.0,0.0,1,0.0,0.009113999999999955,0.9865084729421985,0.08966610000000008,1.035945752188763,2.4941957,0.009405399999999897,0.9955900021938983,0.5363800000000012,0.9868417889416959,0.0,1,2,1,0.09845924707806607,0.5047092470780661,0
44b6_0113de3b,3,1072,1368,False,False,2.6012692214570947,2.03125,-1.625,0.0,-2.03125,1.625,1,0.0,0.0016431000000000084,0.9970872491428344,0.6500289000000001,1.271839993777136,2.391172,0.004713000000000189,1.0022125444637697,0.26818999999999704,1.0066664545439177,0.015873040000000005,0,1,1,0.4500210238154818,3.0512902452725763,0
44b6_0113de3b,3,1073,1383,False,False,2.6012692214570947,2.03125,1.625,1.21875,1.625,1.625,1,0.0,0.07879645000000002,1.1285041235632853,0.08741405000000002,1.1088487911899332,0.80297595,0.01821359999999972,1.00754901514373,1.3409440000000004,1.022830903757028,0.015872999999999915,4,4,0,0.3412708482493104,2.9425400697064052,0
44b6_0113de3b,3,1073,1377,False,False,4.318496736423452,4.318496736423452,0.0,3.25,2.84375,0.0,2,1.717227514966357,0.09246104999999993,1.1542290690216874,0.6085109,0.5940246348198549,0.89039,0.09393850000000015,0.962771139504652,7.24109,0.8924301332891235,0.0,4,3,1,1.3221887887524446,5.640685525175896,0
44b6_0113de3b,3,1074,1415,False,False,4.375446405796785,4.0625,1.625,0.0,4.0625,1.625,1,0.0,0.19268269000000005,1.6011574748506145,0.0660676,0.9487724556979611,1.2238066,0.029453799999999752,1.0123046785134338,2.1455060000000046,1.0373829652261632,0.015873029999999955,3,2,1,0.8557672277274401,5.2312136335242245,0
44b6_0113de3b,3,1074,1329,False,False,5.970631248033997,5.745242597140699,-1.625,5.6875,0.8125,1.625,2,1.5951848422372121,0.018009650000000044,1.0363500121875884,1.8477234,0.39843420564277204,1.2238066,0.007252499999999884,0.9970108260574473,0.5363799999999941,0.9910712130642374,0.015873000000000026,3,2,1,1.3041161323578494,7.2747473803918465,0
44b6_0113de3b,3,1074,1393,False,False,6.319766856854769,6.319766856854769,0.0,-4.46875,4.46875,0.0,3,1.9443204510579841,0.15824151000000003,1.4457928354001943,1.3625438,0.47317713339563966,1.2238066,0.025196999999999914,0.9897011107658673,1.8773199999999974,0.9694321451849762,0.0,3,1,2,1.3872916901912726,7.707058547046041,0
44b6_0113de3b,3,1075,1290,False,False,2.03125,1.21875,1.625,1.21875,0.0,1.625,1,0.0,0.12484870000000003,0.7780862216697524,0.0894377000000004,0.9600015168065247,2.1468296,0.007646300000000217,1.0032372732699446,0.5363770000000017,1.0097559146961925,0.015873000000000026,0,1,1,0.5243402256333684,2.5555902256333685,0
44b6_0113de3b,3,1076,1365,False,False,2.0714766773970688,1.284675299443404,1.625,0.40625,1.21875,1.625,1,0.0,0.010630160000000055,1.0209470446177165,1.5483510000000003,1.6811373544433545,2.27316,0.017787600000000126,0.9927598673331198,1.3409429999999958,0.9784481088372328,0.01587302,0,0,0,1.0875308043807381,3.159007481777807,0
44b6_0113de3b,3,1077,1351,False,False,1.8168052317185792,0.8125,1.625,0.0,0.8125,1.625,1,0.0,0.034726900000000005,1.0578118492567967,0.6429066000000001,0.7386029945101947,1.8166242,0.02175830000000012,1.0090053125973841,1.6091309999999979,1.0272725554742486,0.015873019999999995,2,1,1,0.5768556057503792,2.3936608374689583,0
44b6_0113de3b,3,1078,1362,False,False,2.2980970388562794,1.625,1.625,0.0,1.625,1.625,1,0.0,0.022973450000000062,1.0378947981608935,0.3664007,1.2124654879790424,1.7244616,0.03751829999999989,1.0151080763800036,2.9500740000000008,1.046024953158535,0.015873000000000026,2,3,1,0.5069833920136058,2.805080430869885,0
44b6_0113de3b,3,1078,1359,False,False,4.772356925566235,3.494694639736067,3.25,2.84375,2.03125,3.25,2,2.4742598867099552,0.012445999999999957,1.0201717289552874,0.4426036,0.8252939370767253,2.0908623,0.003364599999999829,1.0013328728579312,0.26819000000000415,1.004015936760901,0.03174600000000005,2,2,0,0.3365744025802465,5.108931328146481,0
44b6_0113de3b,3,1079,1382,False,False,2.333728575156074,1.6750116604071745,1.625,0.40625,1.625,1.625,1,0.0,0.00719039999999993,1.012264336731914,0.19354549999999993,1.1147578505023958,1.6864585,0.02527159999999995,1.0104442623452374,1.8773200000000045,1.0316740454555984,0.015873040000000005,3,1,2,0.2761176386260502,2.6098462137821246,0
44b6_0113de3b,3,1079,1388,False,False,4.182599744775969,3.8540258983302125,1.625,3.65625,1.21875,1.625,2,1.8488711696198945,0.0030426999999999538,1.0051435031790097,0.7437218000000001,1.6545075289613007,1.1362822,0.05856090000000025,1.0245453551155235,4.291016000000006,1.0754715155930776,0.015873040000000005,3,2,1,0.7300195428377151,4.912619287613683,0
44b6_0113de3b,3,1080,1355,False,False,2.0714766773970688,1.284675299443404,1.625,1.21875,0.40625,1.625,1,0.0,0.03276847000000005,0.9450167741892196,0.5111148000000001,0.8480584259688042,2.8528314,0.05420880000000006,0.9786277152163195,4.29101399999999,0.9372547872750321,0.015873020000000015,1,0,1,0.7441125414543481,2.815589218851417,0
44b6_0113de3b,3,1081,1375,False,False,2.4375,1.8168052317185792,1.625,0.8125,1.625,1.625,1,0.0,0.06289183999999998,1.127480717787885,0.15651890000000002,1.071955316128853,2.1750746,0.02754840000000014,0.9889910370813464,2.1455100000000016,0.9673467598714823,0.015873029999999955,3,1,2,0.45054232094345376,2.8880423209434536,0
44b6_0113de3b,3,1081,1364,False,False,5.745242597140699,4.737648414561806,3.25,4.0625,2.4375,3.25,2,3.307742597140699,0.05741733999999998,1.1151047439547659,0.27597249999999995,0.8941612823557203,2.3315935,0.017288999999999888,0.9930609985519513,1.3409400000000034,0.9793387283707247,0.03174602999999998,3,1,2,0.42795509558689787,6.173197692727597,0
44b6_0113de3b,3,1082,1367,False,False,2.8145825622994254,2.2980970388562794,1.625,1.625,1.625,1.625,1,0.0,0.050807999999999964,0.9104453203283027,0.2848948,0.8514910098321303,1.6335299,0.042882200000000203,0.9826011415483344,3.218263999999998,0.9487177615873411,0.015873029999999955,2,1,1,0.47653675910951176,3.291119321408937,0
44b6_0113de3b,3,1083,1380,False,False,3.1729139308370784,2.7252078475778685,1.625,2.4375,1.21875,1.625,1,0.0,0.05032422000000003,1.106873285465934,0.5292834000000002,0.8352079326342301,2.682593,0.0,0.9999959435845092,0.0,0.999999840652976,0.015873009999999993,2,1,1,0.49353159751552134,3.6664455283526,0
44b6_0113de3b,3,1084,1384,False,False,2.4375,1.8168052317185792,1.625,-1.625,0.8125,1.625,1,0.0,0.014086269999999956,1.0256469368568346,0.268628,1.398603112872801,0.6738884,0.029453799999999752,1.0123046785134338,2.1455060000000046,1.0373829652261632,0.01587301999999996,3,3,0,0.3078820026701152,2.745382002670115,0
44b6_0113de3b,3,1085,1402,False,False,1.625,1.625,0.0,0.0,1.625,0.0,1,0.0,0.10042695000000001,1.2351230458842208,1.3242492999999997,2.036623781629414,1.2774441,0.10727330000000013,1.044148524798928,8.313839999999999,1.1383926185986903,0.0,1,2,1,1.447955580462384,3.0729555804623843,0
44b6_0113de3b,3,1085,1341,False,False,3.471001521535247,3.471001521535247,0.0,3.25,1.21875,0.0,2,1.8460015215352472,0.059649300000000016,0.8983932455751323,0.1885690999999996,1.0781386680384923,2.4131243,0.020055099999999992,1.007964457677373,1.6091299999999933,1.0240962195566445,0.0,1,1,0,0.43939769547537155,3.9103992170106188,0
44b6_0113de3b,3,1086,1348,False,False,3.6787502123683256,1.7235727791422095,3.25,1.21875,1.21875,3.25,1,0.0,0.03305775,0.9462186600118777,0.49684799999999996,0.7067835681525284,1.1976514,0.09139490000000006,0.9628694042337497,6.704712000000001,0.8927037183583868,0.031746029999999995,1,1,0,0.9093855791487198,4.588135791517045,0
44b6_0113de3b,3,1086,1257,False,False,3.8540258983302125,3.494694639736067,-1.625,-2.03125,-2.84375,1.625,2,0.17527568596188692,0.42355699999999996,0.5786889940435948,1.4501861999999999,0.45231130371702666,1.1976514,0.08786810000000012,0.9642508482877827,6.436523999999999,0.8965515717303658,0.015873010000000007,1,2,1,1.7271691333891037,5.581195031719316,0
44b6_0113de3b,3,1086,1259,False,False,6.358818311015027,6.147678042358757,-1.625,-6.09375,-0.8125,1.625,3,2.680068098646702,0.41705309999999995,0.5824570596529532,1.5637948,0.4337028412762802,1.1976514,0.08433130000000011,0.9656401959024548,6.168334999999999,0.900432754319553,0.015873010000000007,1,1,0,1.7042695206753502,8.063087831690378,0
44b6_0113de3b,3,1087,1375,False,False,1.4647552056572457,1.4647552056572457,0.0,-1.21875,0.8125,0.0,1,0.0,0.04752755000000003,1.0963326038411363,0.5059948000000003,1.2326276412420925,2.1750746,0.030284399999999767,1.0120939440237633,2.4136900000000026,1.0367344385665946,0.0,2,1,1,0.4827363191494945,1.9474915248067401,0
44b6_0113de3b,3,1087,1364,False,False,3.0671202393287422,2.6012692214570947,1.625,2.03125,1.625,1.625,2,1.6023650336714965,0.042053050000000036,1.0842985323013996,0.07350340000000033,1.0281845668160776,2.607566,0.04054380000000002,1.016258980108383,3.218260000000001,1.0495865896721839,0.015873000000000026,2,1,1,0.5440855732932487,3.611205812621991,0
44b6_0113de3b,3,1088,1395,False,False,1.8168052317185792,0.8125,1.625,0.0,0.8125,1.625,1,0.0,0.09781229000000002,1.193752177432267,0.3331754699999999,1.3754461378246725,0.88737553,0.05645679999999986,1.0280706256200627,2.9500730000000033,1.0866138458759198,0.015873009999999965,1,1,0,0.5017317281122488,2.318536959830828,0
44b6_0113de3b,3,1089,1175,False,False,5.154734625807618,1.6750116604071745,-4.875,-1.625,0.40625,4.875,1,0.0,0.5251676000000001,0.5401490148857275,3.2841772000000002,0.2597166345985657,1.1522048,0.14316320000000005,0.9437099241467194,10.995730000000002,0.8404667719510275,0.04761904,2,0,2,2.7180866920315414,7.8728213178391595,0
44b6_0113de3b,3,1090,1388,False,False,0.0,0.0,0.0,0.0,0.0,0.0,1,0.0,0.05175649999999998,1.0877628144071683,1.1763992000000003,2.0352875783183237,1.1362822,0.10415490000000016,1.0436589967698306,7.7774630000000045,1.1367922033583564,0.0,2,2,0,1.2505718030815829,1.2505718030815829,0
44b6_0113de3b,3,1090,1382,False,False,3.2752922102462856,3.2752922102462856,0.0,-3.25,0.40625,0.0,2,3.2752922102462856,0.05590419999999996,1.0954689557908954,0.6262229000000001,1.3713160963279183,1.6864585,0.07086559999999986,1.0292948378182383,5.363767000000003,1.0904975113491029,0.0,2,1,1,0.8278330209466292,4.103125231192915,0
44b6_0113de3b,3,1092,1175,False,False,6.9181882111576005,2.368824207280903,-6.5,1.21875,-2.03125,6.5,1,0.0,0.5630512400000001,0.5069777045066968,3.2520655,0.2669548813540373,1.1843165,0.17317030000000022,0.9319123116386733,13.141237000000004,0.8093383842743757,0.06349206000000002,2,0,2,2.8989034638346434,9.817091674992245,0
44b6_0113de3b,3,1093,1388,False,False,2.333728575156074,1.6750116604071745,1.625,0.40625,1.625,1.625,1,0.0,0.02452169999999998,1.0415721986589275,0.4436334000000002,1.3904131349313145,1.1362822,0.06923350000000017,1.0290194581097718,5.095581000000003,1.0896224489506967,0.015873040000000005,4,2,2,0.7094715196989285,3.0432000948550026,0
44b6_0113de3b,3,1093,1382,False,False,3.8540258983302125,3.494694639736067,1.625,-2.84375,2.03125,1.625,2,1.5202973231741383,0.028669399999999956,1.048951107477942,0.1065429,0.9368189207210215,1.5799156,0.03594419999999987,1.0148567870588652,2.681885000000001,1.0452486966224188,0.015873040000000005,4,1,3,0.4088403080473451,4.2628662063775575,0
44b6_0113de3b,3,1094,1370,False,False,3.494694639736067,3.093907824257213,1.625,1.21875,2.84375,1.625,1,0.0,0.010300489999999995,0.9776689129459721,0.5257980999999998,0.8222822995085901,2.4328623,0.04889370000000026,0.9804106184520736,3.754639999999995,0.942386666464119,0.015873019999999988,0,1,1,0.6423647088375064,4.137059348573573,0
44b6_0113de3b,3,1095,1374,False,False,2.7252078475778685,2.1877232028983924,1.625,0.8125,2.03125,1.625,1,0.0,0.0006242399999999981,0.9986760604917446,0.43921640000000006,1.2669948531899249,1.6449895,0.021253100000000025,1.008692019108522,1.6091309999999979,1.0263156237814708,0.015873040000000005,1,3,2,0.36935314373516726,3.0945609913130356,0
44b6_0113de3b,3,1096,1358,False,False,2.9295104113144914,2.9295104113144914,0.0,2.4375,1.625,0.0,1,0.0,0.030839289999999964,0.9389620399454663,1.7175591999999997,0.4966149119721195,1.6944691,0.08950730000000018,0.963993217874592,6.704712000000001,0.8958331922116227,0.0,1,0,1,1.4081911239261766,4.337701535240668,0
44b6_0113de3b,3,1097,1385,False,False,2.569350598886808,2.569350598886808,0.0,2.4375,0.8125,0.0,1,0.0,0.016442420000000013,1.0415856734335633,2.211971,1.5475514217279762,4.039722,0.014168300000000134,0.9942404758831022,1.0727550000000008,0.9828324432280315,0.0,0,0,0,1.5227684742040255,4.092119073090833,0
44b6_0113de3b,3,1098,1371,False,False,2.6012692214570947,2.03125,1.625,1.21875,1.625,1.625,1,0.0,0.01836895999999999,0.9635465870236835,0.7013350000000003,0.8583542314589345,4.250056,0.010067199999999943,0.9960120090875474,0.8045659999999941,0.9880950834364823,0.015873009999999993,0,0,0,0.4638249534301405,3.065094174887235,0
44b6_0113de3b,3,1099,1390,False,False,4.908737426772795,4.631962664465248,1.625,1.21875,4.46875,1.625,1,0.0,0.018042060000000026,0.9636512558598361,0.597823,1.459559843799175,1.3008282,0.040073399999999815,1.0166908161641377,2.9500740000000008,1.0509257584148242,0.015873000000000026,2,2,0,0.5832455855836268,5.491983012356422,0
44b6_0113de3b,3,1099,1298,False,False,5.87308811976289,4.89189779763437,-3.25,-3.25,-3.65625,3.25,2,0.9643506929900951,0.22795617,0.6773527078760196,1.0907375000000001,0.6351281279409133,1.8986512,0.06627129999999992,0.9735580345675242,5.095581000000003,0.9227640883297492,0.03174602999999998,2,2,0,1.1255433616933177,6.998631481456208,0
44b6_0113de3b,3,1100,1389,False,False,5.008586377412294,4.737648414561806,1.625,4.0625,2.4375,1.625,1,0.0,0.028137159999999994,0.9401028164943908,0.6532957000000001,1.3140177657288707,2.0804,0.003496600000000072,0.9985816067572891,0.268187999999995,0.995762562035401,0.015873020000000015,1,1,0,0.5155507077699086,5.524137085182202,0
44b6_0113de3b,3,1101,1391,False,False,1.8168052317185792,1.8168052317185792,0.0,0.8125,1.625,0.0,1,0.0,0.04742492000000004,1.0972620766410457,0.19438409999999995,1.1468032430921908,1.324035,0.05912519999999999,1.0241528502738764,4.559205000000006,1.0742356489447151,0.0,4,1,3,0.7030480660874472,2.5198532978060264,0
44b6_0113de3b,3,1102,1367,False,False,2.4375,1.8168052317185792,1.625,-1.625,0.8125,1.625,1,0.0,0.020041599999999993,0.9646638078061907,0.9232440300000001,0.5187461788509142,0.99518067,0.07606910000000022,0.9691391560230042,5.631957999999997,0.9102562660269244,0.015873029999999955,3,1,2,0.932949115933168,3.3704491159331678,0
44b6_0113de3b,3,1103,1352,False,False,2.9575446425202108,2.471122277933652,1.625,-0.40625,2.4375,1.625,1,0.0,0.05540693999999996,0.8907575853451746,0.2605887,0.9272471298905401,3.3213727,0.0035066999999999737,0.9985755066537251,0.2681880000000021,0.9957445304193927,0.015873029999999982,0,1,1,0.22742727185130646,3.184971914371517,0
44b6_0113de3b,3,1103,1432,False,False,5.465534769123694,4.394265616971737,3.25,3.65625,2.4375,3.25,2,2.5079901266034836,0.20827389999999998,1.8549306770360954,2.655723,4.989595584650836,0.6656497,0.1734572000000001,1.075682522727486,12.336669999999998,1.2446806037765905,0.03174604,0,1,1,2.043002603695226,7.50853737281892,0
44b6_0113de3b,3,1104,1387,False,False,6.512682938889317,0.40625,6.5,0.40625,0.0,6.5,1,0.0,0.04829996999999997,1.0978170855015643,2.5483555,1.76016986836854,3.3523269,0.3149660000000001,0.8716819202996826,20.918701,0.6623375577314065,0.06349207,0,0,0,2.83536091242979,9.348043851319108,0
44b6_0113de3b,3,1105,1376,False,False,2.6012692214570947,2.03125,1.625,0.0,2.03125,1.625,1,0.0,0.021771040000000075,0.9628592192896388,0.5254003999999999,0.7154314864765472,1.3209302,0.06251720000000027,0.9750893872093314,4.827389999999994,0.927125400950688,0.015873000000000026,2,0,2,0.7872436744253437,3.3885128958824384,0
44b6_0113de3b,3,1105,1238,False,False,5.887121803139459,4.908737426772795,-3.25,4.46875,-2.03125,3.25,2,3.2858525816823647,0.46922553999999994,0.5461499319228099,1.5363355,0.4623040751720249,1.3209302,0.02817550000000013,0.9886152357232498,2.1455100000000016,0.9662445398633243,0.03174600000000005,2,3,1,1.8156606802983561,7.702782483437815,0
44b6_0113de3b,3,1105,1191,False,False,6.953879874753374,4.958913218891817,-4.875,2.84375,-4.0625,4.875,3,4.35261065329628,0.65212394,0.4640574859448768,3.6396553999999997,0.2662845969544464,1.3209302,0.07599400000000012,0.9698819852037187,5.9001499999999965,0.9123504129520591,0.04761903000000001,2,3,1,2.8747305100796883,9.828610384833063,0
44b6_0113de3b,3,1106,1386,False,False,2.1877232028983924,1.4647552056572457,1.625,0.8125,1.21875,1.625,1,0.0,0.01635862999999993,1.031482846958011,0.24055199999999988,1.1379074611593119,1.7442176,0.0,0.9999958962750694,0.0,0.9999998350123739,0.01587302,1,2,1,0.1515023204395763,2.339225523337969,0
44b6_0113de3b,3,1106,1372,False,False,2.9575446425202108,2.471122277933652,1.625,-2.4375,0.40625,1.625,2,0.7698214396218184,0.04575497000000006,0.9212849490153517,0.09273720000000019,0.9553567027713084,1.9847696,0.010830499999999965,1.0044602593591043,0.8045660000000012,1.0134527549391332,0.01587302,1,2,1,0.22641064581965195,3.1839552883398627,0
44b6_0113de3b,3,1107,1346,False,False,2.471122277933652,2.471122277933652,0.0,-0.40625,2.4375,0.0,1,0.0,0.20485650000000005,0.7090638105097825,2.1318881999999997,0.39689419627222083,1.4029678,0.1294190999999998,0.939377822817329,6.972902000000005,0.8289471321482871,0.0,2,3,1,1.4774013159686776,3.9485235939023298,0
44b6_0113de3b,3,1107,1356,False,False,3.447145558284419,3.447145558284419,0.0,-2.4375,2.4375,0.0,2,0.9760232803507671,0.21651237000000007,0.6975179349491024,0.8574314999999999,0.6206698052427939,1.4029678,0.1294190999999998,0.939377822817329,6.972902000000005,0.8289471321482871,0.0,2,3,1,1.0671323988359653,4.514277957120385,0
44b6_0113de3b,3,1108,1398,False,False,1.625,1.625,0.0,-1.625,0.0,0.0,1,0.0,0.009279099999999985,1.0160962199384325,0.29802857000000005,0.7635728170897279,0.96255493,0.003486999999999796,0.9985874821920564,0.26819000000000415,0.9957804101529435,0.0,5,4,1,0.2260136377602674,1.8510136377602673,0
44b6_0113de3b,3,1108,1403,False,False,2.368824207280903,1.7235727791422095,1.625,1.21875,1.21875,1.625,2,0.7438242072809031,0.020873800000000053,1.0369754422155706,0.08091883,1.0917701898755068,0.8816361,0.014047000000000143,1.0057103060100798,1.0727529999999987,1.0172412011320457,0.015873020000000015,5,3,2,0.1694595984248689,2.538283805705772,0
44b6_0113de3b,3,1108,1397,False,False,2.7252078475778685,2.1877232028983924,-1.625,-2.03125,-0.8125,1.625,3,1.1002078475778685,0.014196940000000047,1.0248484835109728,0.36214247,0.7266170099147933,0.96255493,0.020775999999999684,0.9916622877565675,1.6091300000000075,0.9752064740448696,0.015873009999999993,5,4,1,0.36740562111105746,3.092613468688926,0
44b6_0113de3b,3,1109,1397,False,False,2.1877232028983924,1.4647552056572457,1.625,1.21875,0.8125,1.625,1,0.0,0.013348540000000075,1.0233625074364487,0.06685459999999988,1.0504598977857298,1.3246974,0.006849000000000327,1.002743270183433,0.5363799999999941,1.008264354572351,0.015873009999999993,4,4,0,0.09546710187184926,2.2831903047702418,0
44b6_0113de3b,3,1109,1398,False,False,3.9804208320226646,2.2980970388562794,3.25,1.625,1.625,3.25,2,1.7926976291242722,0.008430700000000013,1.0146229341829907,0.13096849999999982,1.1038863836756256,1.2605835,0.024138000000000215,1.0097458477752541,1.8773199999999974,1.0295357129596472,0.031746019999999986,4,4,0,0.29907954419263466,4.279500376215299,0
44b6_0113de3b,3,1109,1297,False,False,6.3066959703556345,6.3066959703556345,0.0,-1.625,6.09375,0.0,3,4.118972767457242,0.18519239999999992,0.7593144866369289,1.3538952000000002,0.5068561986688409,1.391552,0.02762500000000001,1.0111700591448867,2.1455100000000016,1.033898176545116,0.0,4,2,2,1.058444703348753,7.365140673704388,0
44b6_0113de3b,3,1110,1435,False,False,5.025034981221523,3.832554834897995,3.25,-2.03125,-3.25,3.25,1,0.0,0.11735031000000001,1.4364514721847912,2.03520097,12.242116107954622,0.18102273,0.4707722999999999,1.3005831511950254,19.309571000000002,2.1999986452322524,0.03174602999999998,0,2,2,6.234094418900491,11.259129400122013,0
44b6_0113de3b,3,1110,1334,False,False,6.563169608695177,4.394265616971737,-4.875,2.4375,-3.65625,4.875,2,1.5381346274736538,0.26322257999999993,0.594667394696821,0.3454321,1.1846385528000403,1.8707916,0.4457298999999999,0.8204591395820339,28.696166000000005,0.5523011852525644,0.047619069999999986,0,3,3,2.6928032035165783,9.255972812211755,0
44b6_0113de3b,3,1111,1397,False,False,0.5745242597140698,0.5745242597140698,0.0,0.40625,0.40625,0.0,1,0.0,0.02058484000000005,1.0360369165218788,0.047967800000000116,0.963782341670319,1.2767296,0.024272599999999755,0.9902597261944397,1.8773180000000025,0.9710742505348864,0.0,4,4,0,0.31909018229026914,0.893614442004339,0
44b6_0113de3b,3,1111,1398,False,False,2.1877232028983924,1.4647552056572457,1.625,0.8125,1.21875,1.625,2,1.6131989431843226,0.015666999999999986,1.0271891031034337,0.01614609999999983,1.0128003991770542,1.2605835,0.006983599999999868,0.9971751259532072,0.5363779999999991,0.9915610091018535,0.015873009999999993,4,4,0,0.11025445147909027,2.297977654377483,0
44b6_0113de3b,3,1111,1403,False,False,5.465534769123694,4.394265616971737,3.25,3.65625,2.4375,3.25,3,4.891010509409624,0.027261700000000055,1.0482962671529665,0.3950934999999999,1.4481202831839215,0.8816361,0.01055040000000007,1.0042878755765936,0.8045650000000037,1.0129308646868758,0.03174603000000001,4,3,1,0.26022279345457894,5.7257575625782735,0
44b6_0113de3b,3,1111,1297,False,False,6.397631397634597,6.187815648514426,-1.625,-2.4375,5.6875,1.625,4,5.823107137920527,0.17795609999999995,0.7687186443603126,1.4687176000000002,0.4650335106298506,1.2767296,0.003496600000000072,0.9985816067572891,0.268187999999995,0.995762562035401,0.015873009999999993,4,2,2,0.9808150638654078,7.378446461500005,0
44b6_0113de3b,3,1112,1404,False,False,2.6012692214570947,2.03125,1.625,1.21875,1.625,1.625,1,0.0,0.023881299999999994,1.0650495188723257,0.026097099999999873,1.0080545987747929,3.2387733,0.05465239999999971,0.9783676860186513,4.291015999999999,0.9365077923006835,0.015873040000000005,1,1,0,0.7190490044768191,3.3203182259339137,0
44b6_0113de3b,3,1113,1396,False,False,2.4375,1.8168052317185792,1.625,1.625,0.8125,1.625,1,0.0,0.009227730000000045,1.0202703873556227,0.5271250999999997,1.1667082133844484,3.1618924,0.006632399999999983,1.0026138777870042,0.5363799999999941,1.0078739128724241,0.015873040000000005,1,2,1,0.35320228492722494,2.790702284927225,0
44b6_0113de3b,3,1113,1433,False,False,2.632800908728193,2.0714766773970688,1.625,-2.03125,-0.40625,1.625,2,0.19530090872819317,0.18160129000000003,1.6431079882518085,2.9292139699999997,4.855161634197275,0.75980353,0.1928814000000001,1.0821671731766578,14.482177999999998,1.267326504951205,0.015873040000000005,1,2,1,2.578074394419553,5.210875303147747,0
44b6_0113de3b,3,1114,1356,False,False,2.0714766773970688,2.0714766773970688,0.0,0.40625,2.03125,0.0,1,0.0,0.1818310700000001,0.7459677613695765,1.76755952,0.21803121231185874,0.49283978,0.2298703999999998,0.8923283068519884,11.800295000000002,0.7105261027566524,0.0,2,3,1,1.931200151577852,4.002676828974921,0
44b6_0113de3b,3,1114,1346,False,False,3.1729139308370784,3.1729139308370784,0.0,2.4375,2.03125,0.0,2,1.1014372534400096,0.17017520000000008,0.7583156172647526,3.04201622,0.13942247881532144,0.49283978,0.2298703999999998,0.8923283068519884,11.800295000000002,0.7105261027566524,0.0,2,3,1,2.4482475736141986,5.621161504451277,0
44b6_0113de3b,3,1117,1381,False,False,4.162823748671087,2.6012692214570947,3.25,2.03125,1.625,3.25,1,0.0,0.045025469999999956,0.9053670555805097,1.1357802499999998,0.45079614933134654,0.93227655,0.1479231999999997,0.9387453405769036,10.191162000000006,0.8272725893717062,0.03174603999999999,1,1,0,1.2409334553354134,5.403757204006501,0
44b6_0113de3b,3,1118,1409,False,False,1.6750116604071745,1.6750116604071745,0.0,0.40625,1.625,0.0,1,0.0,0.02544508000000001,1.0837707557162204,0.7980643000000003,1.6317980866370578,1.2631377,0.33549870000000004,1.2205144067801623,12.068482,1.8181806348529692,0.0,0,1,1,5.401281858044508,7.076293518451683,0
44b6_0113de3b,3,1119,1394,False,False,3.832554834897995,3.471001521535247,1.625,-1.21875,3.25,1.625,1,0.0,0.007020089999999979,0.981629388609055,0.1152384999999998,1.0325952836785541,3.535118,0.0,0.9999960581413119,0.0,0.9999998537756658,0.015873000000000026,0,0,0,0.09574452996917612,3.928299364867171,0
44b6_0113de3b,3,1120,1389,False,False,3.040096626753827,2.569350598886808,1.625,-0.8125,2.4375,1.625,1,0.0,0.03922392000000002,0.9165101805693934,0.8795554000000001,0.5772153565883648,1.2008446,0.01758380000000015,0.9928834406451815,1.3409419999999983,0.9788134105641917,0.015873020000000015,2,1,1,0.5701362803230011,3.610232907076828,0
44b6_0113de3b,3,1121,1420,False,False,2.1877232028983924,1.4647552056572457,1.625,0.8125,1.21875,1.625,1,0.0,0.06466165000000001,1.2383102586206673,1.8824201,2.372391329484573,1.3716178,0.06414600000000004,1.026556775874244,4.827391999999996,1.0818179884485937,0.015872999999999915,1,2,1,1.3242870317926572,3.51201023469105,0
44b6_0113de3b,3,1121,1407,False,False,6.712351604504937,6.512682938889317,1.625,6.5,0.40625,1.625,2,4.524628401606544,0.006379679999999999,1.019327015883236,1.9434137000000002,2.4827964202368595,1.3106242,0.04238769999999992,1.0173906423991523,3.2182609999999983,1.0530971592661522,0.015872999999999915,1,2,1,1.3716184637314723,8.08397006823641,0
44b6_0113de3b,3,1123,1163,False,False,6.942003043070494,6.942003043070494,0.0,-6.5,-2.4375,0.0,1,0.0,0.8372411999999999,0.3282261207294479,5.71189784,0.04553363609944945,0.27249146,0.6228980999999998,0.7082414603306286,26.282472000000006,0.35526306364385224,0.0,3,1,2,8.478550516096778,15.420553559167272,0
44b6_0113de3b,3,1124,1403,False,False,5.202538442914189,4.0625,3.25,-2.4375,3.25,3.25,1,0.0,0.04450389999999993,0.9211111524631334,0.26837214,0.695589715646675,0.61326396,0.054162400000000055,0.9779624576974819,4.0228269999999995,0.9353446800972495,0.03174603000000001,3,3,0,0.5609028302473151,5.763441273161504,0
44b6_0113de3b,3,1124,1397,False,False,5.816614806956019,5.816614806956019,0.0,-5.6875,1.21875,0.0,2,0.6140763640418294,0.051180759999999936,0.9103391742141607,0.71143344,0.46294295630869126,0.61326396,0.08898539999999988,0.9643020284716066,6.704710000000006,0.8966941040917005,0.0,3,4,1,1.012255784771609,6.828870591727628,0
44b6_0113de3b,3,1124,1398,False,False,5.887121803139459,5.658407737606049,1.625,-5.28125,2.03125,1.625,3,0.68458336022527,0.0560986,0.9025648265702676,0.64731954,0.48648827714881915,0.61326396,0.0716964,0.9710361547201805,5.363770000000002,0.9156116643182546,0.015873009999999993,3,4,1,0.8081719315214458,6.695293734660905,0
44b6_0113de3b,3,1125,1414,False,False,2.632800908728193,2.0714766773970688,1.625,2.03125,0.40625,1.625,1,0.0,0.02385699999999996,1.0640262688394482,0.5479428,0.7559511407728268,1.6973058,0.0,0.9999959550754499,0.0,0.9999998420033719,0.015873020000000015,2,1,1,0.4298613252420196,3.0626622339702125,0
44b6_0113de3b,3,1125,1413,False,False,4.667457150312148,4.375446405796785,1.625,4.0625,1.625,1.625,2,2.034656241583955,0.029580079999999953,1.0806309934884035,0.366773,1.275649156118841,1.3305328,0.003496600000000072,1.0014123008789837,0.268187999999995,1.0042551522427015,0.015873020000000015,2,2,0,0.22935948695874572,4.896816637270894,0
44b6_0113de3b,3,1125,1347,False,False,6.700046641628698,6.5,-1.625,-6.5,0.0,1.625,3,4.0672457329005045,0.15965469999999998,0.7128168481578623,1.6958989,0.5002058372551551,1.6973058,0.010520200000000202,1.0042694646306976,0.8045649999999966,1.012875367521005,0.015873009999999965,2,0,2,1.1136705358618293,7.813717177490528,0
44b6_0113de3b,3,1126,1411,False,False,1.8168052317185792,0.8125,1.625,0.0,0.8125,1.625,1,0.0,0.00840086000000001,1.0198797424910844,0.05323880000000014,0.96554291547024,1.492117,0.01821359999999972,1.00754901514373,1.3409440000000004,1.022830903757028,0.01587303000000001,0,0,0,0.19210794442224585,2.008913176140825,0
44b6_0113de3b,3,1127,1419,False,False,2.9575446425202108,2.471122277933652,1.625,0.40625,2.4375,1.625,1,0.0,0.02502704,1.0759103431007297,0.5879955999999993,1.13963835250827,4.2107644,0.006925100000000128,1.002789248556247,0.5363770000000017,1.008403204148994,0.015873029999999982,0,0,0,0.37404408460846345,3.331588727128674,0
44b6_0113de3b,3,1128,1369,False,False,4.021669817998489,2.368824207280903,3.25,2.03125,1.21875,3.25,1,0.0,0.16134351000000002,0.671552064816767,2.4668368000000003,0.43334760503974773,1.8865219,0.07599400000000012,0.9698819852037187,5.9001499999999965,0.9123504129520591,0.03174603000000001,2,1,1,1.6971022129825872,5.718772030981076,0
44b6_0113de3b,3,1130,1400,False,False,3.300390601883359,2.8726212985703494,1.625,2.03125,2.03125,1.625,1,0.0,0.03570040000000002,0.9109259975690128,0.3244694600000001,0.7523435280634296,0.98572034,0.028839499999999685,0.9882128851128611,2.145507000000002,0.965065357630696,0.015872999999999915,1,2,1,0.3365886376547818,3.6369792395381406,0
44b6_0113de3b,3,1131,1434,False,False,1.21875,1.21875,0.0,0.0,1.21875,0.0,1,0.0,0.12750304999999998,1.5379309457320447,2.8260503,3.4575652536882515,1.149925,0.1776312,1.1104257848247323,6.4365229999999976,1.369229958179263,0.0,1,1,0,3.3325733670490103,4.55132336704901,0
44b6_0113de3b,3,1132,1399,False,False,1.4647552056572457,1.4647552056572457,0.0,-1.21875,0.8125,0.0,1,0.0,0.18621548999999998,0.6469853366369114,1.4605603999999999,0.506081198366119,1.4965359,0.19424050000000004,0.9092153412171758,10.191162000000002,0.7516338069352096,0.0,1,1,0,1.5406479730413052,3.005403178698551,0
44b6_0113de3b,3,1132,1356,False,False,5.090297909995052,5.090297909995052,0.0,2.4375,-4.46875,0.0,2,3.6255427043378066,0.37450531000000004,0.47680156853087713,0.7638634,0.6620641226347812,1.4965359,0.18956869999999992,0.911204871690675,9.922975000000005,0.7565787375633697,0.0,1,3,2,1.8010604871714788,6.891358397166531,0
44b6_0113de3b,3,1132,1346,False,False,6.319766856854769,6.319766856854769,0.0,4.46875,-4.46875,0.0,3,4.855011651197524,0.36284944,0.4846939700041042,2.0383201,0.4233642519971054,1.4965359,0.18956869999999992,0.911204871690675,9.922975000000005,0.7565787375633697,0.0,1,3,2,1.897007448440434,8.216774305295203,0
44b6_0113de3b,3,1133,1417,False,False,2.368824207280903,1.7235727791422095,1.625,1.21875,1.21875,1.625,1,0.0,0.023540859999999997,0.9309350275716071,0.10793383999999995,0.8982881373643619,0.95332706,0.007043700000000097,0.9971387262052188,0.5363770000000017,0.9914528327869376,0.015873000000000026,1,1,0,0.11482620508750983,2.483650412368413,0
44b6_0113de3b,3,1133,1184,False,False,6.187815648514426,6.187815648514426,0.0,-5.6875,-2.4375,0.0,2,3.8189914412335226,0.5576145400000001,0.3627653532394116,2.93695224,0.24505299901475194,0.95332706,0.06535249999999992,0.9740988797678816,5.095582999999998,0.9243026253161984,0.0,1,1,0,2.4103119927598176,8.598127641274242,0
44b6_0113de3b,3,1134,1408,False,False,5.450415695155737,2.4375,4.875,0.0,2.4375,4.875,1,0.0,0.05477313,0.8335362709454132,0.43814030000000015,0.7253205218624402,1.1569827,0.34313040000000017,1.161422313720269,22.796022,1.5666663352248715,0.04761903000000001,1,2,1,2.33462073828758,7.785036433443317,0
44b6_0113de3b,3,1135,1428,False,False,2.9575446425202108,2.471122277933652,1.625,0.40625,2.4375,1.625,1,0.0,0.07742378,1.2343985142142844,0.012463329999999995,1.0356759427962459,0.349058,0.08870299999999975,1.0384299581483356,6.1683340000000015,1.1197914293734363,0.015873040000000005,3,1,2,0.7284273465546416,3.6859719890748526,0
44b6_0113de3b,3,1136,1416,False,False,2.7252078475778685,2.1877232028983924,1.625,-2.03125,-0.8125,1.625,1,0.0,0.012659379999999998,1.0363124576896072,0.8488682000000001,0.47391795611412396,0.764707,0.014376600000000295,1.005913151994916,1.0727530000000058,1.0178569579668355,0.015873000000000026,2,1,1,0.6401248580766998,3.365332705654568,0
44b6_0113de3b,3,1137,1406,False,False,2.632800908728193,2.0714766773970688,1.625,-0.40625,2.03125,1.625,1,0.0,0.019222889999999992,0.9532823008840099,0.4955578999999999,0.6361682066034756,0.8665118,0.03318690000000002,1.0138864194033588,2.4136939999999996,1.042253298236914,0.015873029999999955,1,2,1,0.47877323872770183,3.111574147455895,0
44b6_0113de3b,3,1138,1424,False,False,4.875,4.596194077712559,1.625,-3.25,3.25,1.625,1,0.0,0.039148340000000004,1.1441057900657046,0.5946280000000002,1.2440797270133404,2.436153,0.061153299999999966,1.02469716902672,4.827389999999994,1.0759491559876324,0.015873009999999965,1,1,0,0.8352734845960154,5.710273484596016,0
44b6_0113de3b,3,1138,1418,False,False,4.958913218891817,3.7454399357752353,3.25,2.4375,2.84375,3.25,2,0.08391321889181658,0.0014321400000000262,1.0045977717550671,0.1457514999999998,0.9541131591974608,3.030781,0.020055099999999992,1.007964457677373,1.6091299999999933,1.0240962195566445,0.03174602999999998,1,1,0,0.30322210512508563,5.262135324016902,0
44b6_0113de3b,3,1139,1425,False,False,1.9902104160113323,1.1490485194281397,-1.625,-0.8125,0.8125,1.625,1,0.0,0.011362429999999979,1.0347592655331854,0.009166700000000083,1.0163570888965545,0.5597901,0.02654880000000004,0.9888661800682454,1.877319,0.9669809678903183,0.015873040000000005,4,3,1,0.2377147890652327,2.227925205076565,0
44b6_0113de3b,3,1139,1426,False,False,3.9804208320226646,3.6336104634371584,-1.625,3.25,-1.625,1.625,2,1.9902104160113323,0.03927531000000001,1.1314589870449387,0.04041265999999999,0.9336658639593793,0.5689568,0.02279230000000032,0.9904258802326208,1.6091320000000024,0.9715637899207213,0.015873040000000005,4,2,2,0.2787965325981911,4.259217364620856,0
44b6_0113de3b,3,1140,1424,False,False,2.9295104113144914,2.4375,1.625,0.0,2.4375,1.625,1,0.0,0.02139000000000002,1.0787202980914563,0.2581889999999998,1.1059777198816334,2.436153,0.047818499999999986,1.0193109401261289,3.754639999999995,1.0590715832492665,0.015873009999999965,2,1,1,0.6109542245970601,3.5404646359115515,0
44b6_0113de3b,3,1140,1418,False,False,6.858289350304491,6.039340428598143,3.25,5.6875,2.03125,3.25,2,3.92877893899,0.016326199999999957,0.9471851442578613,0.4821905000000002,0.8481995754818328,2.694342,0.006720300000000012,1.002666182775465,0.5363799999999941,1.0080320232696116,0.03174602999999998,2,1,1,0.3335118900047231,7.191801240309214,0
44b6_0113de3b,3,1141,1431,False,False,2.03125,2.03125,0.0,-2.03125,0.0,0.0,1,0.0,0.019882149999999987,1.0656148081255163,0.85316167,5.122241880590943,0.20695303,0.1968308000000003,1.0864993070239157,13.945799999999998,1.2826084181127446,0.0,2,4,2,1.7093246606983357,3.7405746606983357,0
44b6_0113de3b,3,1141,1430,False,False,4.0010984819796676,4.0010984819796676,0.0,-1.625,3.65625,0.0,2,1.9698484819796676,0.02588626999999999,1.0871675663770757,0.7885328,3.903336955189017,0.2715819,0.18046050000000013,1.078738365724187,12.873045999999995,1.2553188805493372,0.0,2,3,1,1.6046187150044655,5.605717196984133,0
44b6_0113de3b,3,1142,1431,False,False,2.4375,1.8168052317185792,1.625,-0.8125,1.625,1.625,1,0.0,0.026875250000000017,1.0887049576414243,0.6505902,4.14346093599422,0.20695303,0.1756998000000003,1.0772126012655692,12.336669999999998,1.2499997466902035,0.015873000000000026,4,4,0,1.4471079170281134,3.8846079170281134,0
44b6_0113de3b,3,1142,1430,False,False,5.540511314400504,5.296851954227152,1.625,-0.40625,5.28125,1.625,2,3.1030113144005043,0.03287937000000002,1.1107247293078817,0.58596133,3.1574698288130096,0.2715819,0.15932950000000012,1.0695179955610796,11.263915999999995,1.2234040105638608,0.015873000000000026,4,3,1,1.343634358753629,6.8841456731541335,0
44b6_0113de3b,3,1143,1391,False,False,3.7454399357752353,3.7454399357752353,0.0,-2.84375,2.4375,0.0,1,0.0,0.12148183000000001,0.7507841902776405,0.7114771000000001,0.46264129995581715,0.6125579,0.07343410000000006,0.9699927539651458,5.363770000000002,0.9126635976095157,0.0,2,1,1,0.8076660568064132,4.553105992581648,0
44b6_0113de3b,3,1144,1384,False,False,2.7252078475778685,2.1877232028983924,1.625,2.03125,0.8125,1.625,1,0.0,0.12672384000000003,0.7690911873597062,0.40948097000000006,0.3923550345274599,0.26440743,0.08098170000000016,0.966153253630425,5.631957999999997,0.9018690019003232,0.01587301999999996,4,3,1,0.7196689967666421,3.4448768443445106,0
44b6_0113de3b,3,1145,1427,False,False,2.7252078475778685,2.1877232028983924,1.625,0.8125,2.03125,1.625,1,0.0,0.006955199999999995,0.9749522497142606,0.4717766000000001,1.283298383919907,1.665254,0.0035471999999998616,0.9985508322122639,0.2681880000000021,0.9956708426397997,0.015873040000000005,0,0,0,0.3440904720282165,3.069298319606085,0
44b6_0113de3b,3,1145,1428,False,False,6.625736987309412,6.423376497217021,1.625,-3.65625,-5.28125,1.625,2,3.9005291397315434,0.05914398999999998,0.8208896740884294,1.7879726000000002,6.122104002658508,0.349058,0.14319000000000015,1.0620387336957675,10.191161999999998,1.1979164299803242,0.015873040000000005,0,1,1,1.7837296662655246,8.409466653574937,0
44b6_0113de3b,3,1146,1423,False,False,4.0625,2.4375,3.25,0.0,2.4375,3.25,1,0.0,0.02947532,0.8722230648623959,0.28795959999999976,0.9465894832901378,5.1036577,0.03830599999999995,1.01830580483687,2.1455079999999995,1.0559437857125982,0.031746019999999986,0,0,0,0.31362228668041636,4.376122286680417,0
44b6_0113de3b,3,1147,1379,False,False,0.40625,0.40625,0.0,0.0,0.40625,0.0,1,0.0,0.12652054999999998,0.6619313481818917,1.332068,0.6634878572964874,2.6264062,0.06741120000000023,1.0337863328195296,3.486449999999998,1.1048383750238306,0.0,0,0,0,1.04015197990622,1.44640197990622,0
44b6_0113de3b,3,1148,1429,False,False,2.569350598886808,2.569350598886808,0.0,-0.8125,2.4375,0.0,1,0.0,0.007390320000000006,1.0294646889398347,0.49964469999999994,0.7038542913993019,1.1875374,0.031121600000000083,1.0126022314078444,2.4136979999999966,1.0382977347373081,0.0,1,2,1,0.543125024085064,3.112475622971872,0
44b6_0113de3b,3,1149,1421,False,False,1.21875,1.21875,0.0,1.21875,0.0,0.0,1,0.0,0.012481039999999999,0.9625331639377444,0.27456957000000004,0.5506858359943461,0.33652863,0.12647930000000018,0.9485436624634334,9.118406999999998,0.8534481590624531,0.0,3,2,1,1.1543099445204568,2.373059944520457,0
44b6_0113de3b,3,1150,1425,False,False,3.5648292823780494,3.1729139308370784,1.625,2.03125,2.4375,1.625,1,0.0,0.03411963000000001,0.8955007102691337,0.37000620999999995,0.33902082189695937,0.18978389,0.18236539999999968,0.9235456849111521,12.068480999999998,0.7877357182228559,0.015873020000000015,3,3,0,1.1409933005384778,4.705822582916527,0
44b6_0113de3b,3,1150,1273,False,False,5.525597394173774,5.28125,-1.625,-4.875,-2.03125,1.625,2,1.9607681117957245,0.36946073,0.4418387605028925,2.8541068099999998,0.06234890973940116,0.18978389,0.07273130000000005,1.0341363269367982,4.291015999999999,1.105960000958108,0.015873040000000005,3,0,3,2.0873671414416037,7.612964535615378,0
44b6_0113de3b,3,1150,1426,False,False,6.3066959703556345,6.09375,1.625,6.09375,0.0,1.625,3,2.741866687977585,0.006206749999999983,0.97918652220722,0.41958557,0.31143795033721683,0.18978389,0.17860889999999996,0.9250023575991235,11.800294000000001,0.7914690415492531,0.015873020000000015,3,2,1,1.137027909703199,7.443723880058833,0
44b6_0113de3b,3,1151,1421,False,False,2.9575446425202108,2.9575446425202108,0.0,-2.84375,-0.8125,0.0,1,0.0,0.07040094000000002,0.7888026020275879,0.46388528000000007,0.2408950166271701,0.14721292,0.24637600000000015,0.8997692201610373,16.895874,0.7284481610714619,0.0,3,2,1,1.787730810297258,4.745275452817468,0
44b6_0113de3b,3,1152,1370,False,False,6.550584420492571,6.550584420492571,0.0,-6.5,0.8125,0.0,1,0.0,0.25320798,0.4515650803186769,2.2411768999999997,0.2425020036026994,0.7174835,0.5231998000000002,0.7904175675498124,32.987182999999995,0.49382708036129,0.0,1,1,0,2.8276570129563585,9.37824143344893,0
44b6_0113de3b,3,1154,1413,False,False,6.512682938889317,6.512682938889317,0.0,0.40625,-6.5,0.0,1,0.0,0.19322850000000003,0.4730818369375771,0.29697229999999997,1.223188836916783,1.3305328,0.01055040000000007,0.9957223477879826,0.8045650000000037,0.9872338927291887,0.0,1,2,1,0.9256568740838531,7.438339812973171,0
44b6_0113de3b,3,1155,1441,False,False,2.2980970388562794,1.625,1.625,0.0,1.625,1.625,1,0.0,0.00027290000000002035,0.9989123288619245,0.27353792,2.4911773019642007,0.18342085,0.15695019999999982,1.071524319673287,10.191159999999996,1.230302697491656,0.015872999999999915,0,2,2,0.9350975424371173,3.2331945812933967,0
44b6_0113de3b,3,1155,1440,False,False,3.5648292823780494,3.1729139308370784,1.625,2.03125,2.4375,1.625,2,1.26673224352177,0.008138800000000002,0.9695898200833025,0.29165342000000005,2.764164186810239,0.16530535,0.1613920000000002,1.0736978244889201,10.45935,1.2378045841431173,0.015872999999999915,0,2,2,0.9653513778151327,4.530180660193182,0
44b6_0113de3b,3,1156,1422,False,False,3.6336104634371584,1.625,3.25,0.0,1.625,3.25,1,0.0,0.008918880000000018,0.9740172562191372,0.20903155564,-873.3741338097014,-0.20880248,0.4108579000000001,0.7346782132742936,9.386597000000002,0.3965514625512586,0.03174604,0,1,1,9.893268609333496,13.526879072770654,0
44b6_0113de3b,3,1157,1436,False,False,1.1490485194281397,1.1490485194281397,0.0,-0.8125,0.8125,0.0,1,0.0,0.004558479999999976,0.983191751225203,0.056707799999999975,1.1403347219419475,0.40400833,0.03205649999999993,1.0139832753978524,2.1455059999999975,1.0425529484220413,0.0,0,1,1,0.22055000950954617,1.369598528937686,0
44b6_0113de3b,3,1158,1439,False,False,3.0671202393287422,2.6012692214570947,1.625,1.625,2.03125,1.625,1,0.0,0.0072713800000000495,0.974672912923542,0.18418891999999998,1.9130027865139307,0.20171876,0.11639,1.0527217047801978,7.509276,1.1666663781347493,0.015873040000000005,1,0,1,0.6857062009609787,3.752826440289721,0
44b6_0113de3b,3,1159,1437,False,False,2.333728575156074,1.6750116604071745,1.625,0.40625,1.625,1.625,1,0.0,0.008379300000000034,0.9702647122206278,0.10310001999999996,0.7105946043348211,0.25317228,0.04282589999999997,0.9818699162182138,2.950072999999996,0.9466017746247043,0.015873029999999955,2,2,0,0.31916831910801974,2.652896894264094,0
44b6_0113de3b,4,1160,1454,False,False,4.755034338729848,4.755034338729848,0.0,4.46875,-1.625,0.0,1,0.0,0.3759893999999999,1.388832451086903,1.7522326000000001,1.3085313722809637,5.6792264,0.009364199999999823,1.0043909835142137,0.5363770000000017,1.0132447840515482,0.0,0,0,0,1.552185839841518,6.307220178571366,0
44b6_0113de3b,4,1160,1450,False,False,4.908737426772795,4.908737426772795,0.0,-4.46875,2.03125,0.0,2,0.1537030880429473,0.22131900000000004,1.1973128210047852,0.6239019999999993,0.9225470806993248,7.431459,0.0,0.999995326413122,0.0,0.999999756292806,0.0,0,0,0,1.186957597607555,6.09569502438035,0
44b6_0113de3b,4,1161,1444,False,False,1.6750116604071745,1.6750116604071745,0.0,1.625,-0.40625,0.0,1,0.0,0.0071213999999999444,0.9941489261325923,0.5984079999999992,1.1211705061416681,4.938469,0.0,0.999995326413122,0.0,0.999999756292806,0.0,0,0,0,0.42625309707665987,2.1012647574838343,0
44b6_0113de3b,4,1162,1490,False,False,3.72334275215162,1.8168052317185792,-3.25,0.8125,-1.625,3.25,1,0.0,0.17684009999999994,1.2370075809411325,4.322897999999999,0.6561239322949854,8.248214,0.0,0.9999960632807153,0.0,0.9999998543468578,0.03174602999999998,1,0,1,3.362606362789907,7.085949114941527,0
44b6_0113de3b,4,1163,1571,False,False,1.8168052317185792,1.8168052317185792,0.0,0.8125,1.625,0.0,1,0.0,0.5001270399999999,1.670216823099315,4.3515983,3.665106341801603,1.632791,0.15630689999999992,1.0789894706412853,8.313844000000003,1.2561979951444056,0.0,1,1,0,2.89913891833591,4.715944150054489,0
44b6_0113de3b,4,1163,1487,False,False,4.241374519244911,4.241374519244911,0.0,4.0625,-1.21875,0.0,2,2.4245692875263316,0.10458409999999985,1.0915914834908815,0.8677333000000003,1.1695876377312884,5.116656,0.018894899999999826,1.0089243154030907,1.0727550000000008,1.027026795514098,0.0,1,1,0,0.5672915116359687,4.808666030880879,0
44b6_0113de3b,4,1164,1503,False,False,1.6750116604071745,1.6750116604071745,0.0,-1.625,-0.40625,0.0,1,0.0,0.2756379,1.2345679527167044,3.9181540000000004,2.613237448461058,2.428736,0.06795219999999969,1.0274821072762528,5.363770000000002,1.0847455993594184,0.0,1,2,1,2.5040632471958397,4.179074907603014,0
44b6_0113de3b,4,1164,1463,False,False,2.333728575156074,1.6750116604071745,1.625,0.40625,1.625,1.625,2,0.6587169147488996,0.07519459999999989,0.9507138679219007,1.2571599999999998,1.2469968996451686,5.08973,0.0033118999999999232,1.0013015623202142,0.26819000000000415,1.0039214441934097,0.015873029999999955,1,2,1,1.0398411981420757,3.3735697732981498,0
44b6_0113de3b,4,1164,1491,False,False,3.8109628048565365,3.447145558284419,1.625,2.4375,2.4375,1.625,3,2.135951144449362,0.2240949000000001,1.1826896235736857,3.662535,2.3643915786415035,2.684355,0.04374699999999976,1.0175197537356406,3.486450000000005,1.05349777757523,0.015873029999999955,1,4,3,2.3060580501815364,6.1170208550380725,0
44b6_0113de3b,4,1165,1445,False,False,2.1877232028983924,2.1877232028983924,0.0,2.03125,-0.8125,0.0,1,0.0,0.022943930000000057,0.974932936609862,0.323569,1.065089514452367,4.970975,0.0,0.999995326413122,0.0,0.999999756292806,0.0,0,0,0,0.278024883037751,2.4657480859361436,0
44b6_0113de3b,4,1166,1484,False,False,2.333728575156074,1.6750116604071745,1.625,1.625,-0.40625,1.625,1,0.0,0.13149330000000004,1.1128571524214839,1.9080863,1.3367203790077498,5.6666393,0.04743049999999993,1.0190740740815227,3.754636000000005,1.058333127735832,0.01587301000000002,0,0,0,1.27634539670196,3.610073971858034,0
44b6_0113de3b,4,1167,1488,False,False,1.4647552056572457,1.4647552056572457,0.0,0.8125,1.21875,0.0,1,0.0,0.11828249999999996,1.1635151008056823,0.41979270000000035,1.0953501225667541,4.4025297,0.0,0.9999950782043793,0.0,0.9999997153648879,0.0,0,1,1,0.46795315156178013,1.9327083572190258,0
44b6_0113de3b,4,1167,1537,False,False,3.471001521535247,3.471001521535247,0.0,3.25,1.21875,0.0,2,2.0062463158780015,0.17262164999999996,1.258024741646994,1.1331734,1.3071603582279863,3.689149,0.0,0.9999950782043793,0.0,0.9999997153648879,0.0,0,1,1,0.8263652611242641,4.297366782659512,0
44b6_0113de3b,4,1168,1452,False,False,3.374565944310468,0.9084026158592896,3.25,0.40625,0.8125,3.25,1,0.0,0.007484869999999977,1.0077547192047742,0.02103599999999961,1.0052610903012877,3.9965,0.0034483000000000708,0.9986108855033532,0.26818600000000004,0.995850506463915,0.03174602999999998,2,1,1,0.05537508558448735,3.4299410298949553,0
44b6_0113de3b,4,1168,1451,False,False,4.0827619710803615,3.7454399357752353,1.625,3.65625,-0.8125,1.625,2,0.7081960267698935,0.027421130000000016,0.9725364190327291,0.2593867000000003,0.9393498289089282,4.017536,0.024409499999999973,1.0099115908599936,1.877319,1.0300427482589636,0.015873009999999965,2,1,1,0.35961003810521835,4.44237200918558,0
44b6_0113de3b,4,1169,1477,False,False,1.86167137607581,0.9084026158592896,1.625,0.40625,0.8125,1.625,1,0.0,0.08825150000000015,0.9217677632289207,0.23789740000000004,0.9199839394364192,2.7353382,0.048619200000000085,0.9805737249055175,3.754642000000004,0.9428569515292241,0.015873000000000026,3,2,1,0.632287074060784,2.493958450136594,0
44b6_0113de3b,4,1169,1460,False,False,5.859020822628983,4.875,3.25,0.0,4.875,3.25,2,3.997349446553173,0.09097510000000009,0.9195478698711546,0.3677799999999998,0.8814776650220253,2.7353382,0.028015299999999854,0.9887116085513735,2.1455080000000066,0.9665270429893066,0.03174600000000005,3,2,1,0.4471704378014614,6.306191260430444,0
44b6_0113de3b,4,1170,1458,False,False,2.03125,1.21875,1.625,0.0,1.21875,1.625,1,0.0,0.019185149999999984,0.9793700836738354,1.8882313000000002,0.7538202045724739,5.7819304,0.006632399999999983,0.9973850735824011,0.5363799999999941,0.9921873111060813,0.015873040000000005,1,0,1,1.2667528892415227,3.2980028892415225,0
44b6_0113de3b,4,1171,1451,False,False,3.374565944310468,0.9084026158592896,3.25,0.40625,0.8125,3.25,1,0.0,0.006185200000000002,0.9937974710918421,0.023275400000000168,0.9945555841923817,4.2536473,0.003516900000000156,1.0014245766506245,0.26818899999999957,1.0042916931551176,0.03174604999999997,2,1,1,0.050987184777641,3.425553129088109,0
44b6_0113de3b,4,1171,1452,False,False,6.147678042358757,3.7454399357752353,4.875,-2.84375,2.4375,4.875,2,2.7731120980482893,0.02872079999999999,1.0297856942186863,0.25714729999999975,1.0643404620531414,3.9965,0.024340899999999888,0.9902188392573245,1.8773160000000004,0.9709542569534062,0.047619069999999986,2,1,1,0.3619633715275733,6.509641413886331,0
44b6_0113de3b,4,1172,1472,False,False,1.21875,1.21875,0.0,1.21875,0.0,0.0,1,0.0,0.015775040000000073,0.9818125612031401,0.8316679999999996,1.140877178777205,5.903416,0.04132530000000001,1.016735396806481,3.2182579999999916,1.05106360400469,0.0,0,1,1,0.7658065426106146,1.9845565426106146,0
44b6_0113de3b,4,1173,1455,False,False,2.471122277933652,2.471122277933652,0.0,2.4375,-0.40625,0.0,1,0.0,0.09076139999999988,0.9265781411848942,1.317781,0.862055642473586,8.235271,0.00666739999999999,1.0026346257591952,0.5363740000000092,1.0079363151121519,0.0,0,0,0,0.8475195544392747,3.3186418323729265,0
44b6_0113de3b,4,1174,1466,False,False,1.625,0.0,1.625,0.0,0.0,1.625,1,0.0,0.1357889,0.8550911593900249,1.8759760000000005,0.6841573419992046,4.063636,0.0,0.9999951744981104,0.0,0.9999997317467764,0.015873009999999993,2,0,2,1.1824743600896415,2.8074743600896417,0
44b6_0113de3b,4,1175,1468,False,False,1.7235727791422095,0.5745242597140698,1.625,0.40625,0.40625,1.625,1,0.0,0.014099700000000048,1.012491303996673,0.37596960000000035,1.092591253560221,4.0604124,0.003303000000000278,1.001296361660417,0.26819000000000415,1.0039061259672462,0.015873000000000026,0,1,1,0.24063158395531054,1.9642043630975201,0
44b6_0113de3b,4,1175,1539,False,False,2.8726212985703494,2.368824207280903,-1.625,1.21875,-2.03125,1.625,2,1.14904851942814,0.12761829999999996,1.1257916050605548,1.5996850999999999,1.5639197690815358,2.8366969,0.08883900000000011,1.0361880483011388,6.972902000000005,1.112553959103653,0.01587301999999996,0,1,1,1.4073127662551945,4.279934064825544,0
44b6_0113de3b,4,1176,1469,False,False,2.2980970388562794,1.625,1.625,1.625,0.0,1.625,1,0.0,0.0023589700000000713,0.9974154153410865,2.3447579999999997,1.4758853433480925,4.927118,0.040435099999999835,1.0161931041621202,3.218260000000001,1.0493825285051468,0.015873020000000015,0,0,0,1.6677212552220937,3.965818294078373,0
44b6_0113de3b,4,1177,1448,False,False,1.86167137607581,0.9084026158592896,1.625,-0.40625,0.8125,1.625,1,0.0,0.10469339999999994,0.9127799032763037,0.5825475999999998,0.8834673176648881,4.4165344,0.0033118999999999232,0.9986922612208506,0.26819000000000415,0.9960935827264694,0.015873040000000005,0,1,1,0.45771828208515797,2.3193896581609676,0
44b6_0113de3b,4,1177,1492,False,False,3.300390601883359,2.8726212985703494,1.625,2.84375,0.40625,1.625,2,1.438719225807549,0.19667113000000003,1.2187345353342056,2.0093604999999997,1.8347307823054149,2.4071739,0.03360489999999983,1.0134204093255004,2.6818799999999925,1.0408160935826591,0.015873040000000005,0,2,2,1.3057899365668681,4.606180538450227,0
44b6_0113de3b,4,1178,1457,False,False,1.86167137607581,0.9084026158592896,1.625,0.8125,0.40625,1.625,1,0.0,0.05508259999999998,0.9505701259186577,0.47621999999999964,0.9012015434159916,4.343987,0.0033118999999999232,0.9986922612208506,0.26819000000000415,0.9960935827264694,0.01587299999999997,1,1,0,0.312612096057217,2.174283472133027,0
44b6_0113de3b,4,1179,1465,False,False,4.021669817998489,2.368824207280903,3.25,1.21875,2.03125,3.25,1,0.0,0.10038915000000004,0.9076437664809898,0.7435844999999999,1.197211781712807,3.7704265,0.0036209999999998743,1.0014884706386697,0.26818999999999704,1.0044841624692087,0.03174600000000005,0,2,2,0.7924012071820744,4.814071025180563,0
44b6_0113de3b,4,1180,1462,False,False,2.333728575156074,1.6750116604071745,1.625,0.40625,1.625,1.625,1,0.0,0.06723940000000006,0.9431216840597456,0.24113659999999992,0.9516140381903954,4.7426667,0.0,0.9999960581413119,0.0,0.9999998537756658,0.015873000000000026,1,2,1,0.26632764861121533,2.6000562237672895,0
44b6_0113de3b,4,1180,1501,False,False,5.296851954227152,4.182599744775969,3.25,2.03125,3.65625,3.25,2,2.9631233790710776,0.1331658400000001,1.1356058498745019,1.9091654,1.673777231804228,2.8335013,0.05420880000000006,1.0218308910322393,4.29101399999999,1.0669454147784883,0.03174600000000005,1,2,1,1.3115859677859194,6.608437922013071,0
44b6_0113de3b,4,1181,1491,False,False,2.0714766773970688,1.284675299443404,1.625,0.40625,1.21875,1.625,1,0.0,0.0906749,0.926067351058383,0.1388083,1.0517061949474085,2.684355,0.003419800000000084,1.0013658654294484,0.26819000000000415,1.0041150956247993,0.015873029999999955,2,4,2,0.4400500454582609,2.5115267228553297,0
44b6_0113de3b,4,1181,1463,False,False,2.333728575156074,1.6750116604071745,1.625,-1.625,0.40625,1.625,2,0.26225189775900537,0.3899644,0.7444261416791321,2.2665667000000003,0.5546773116112022,2.8231633,0.03701529999999975,0.9854051499516552,2.9500699999999966,0.9568626516291511,0.015873029999999955,2,2,0,1.7453554562144324,4.079084031370506,0
44b6_0113de3b,4,1181,1503,False,False,4.0010984819796676,4.0010984819796676,0.0,-3.65625,-1.625,0.0,3,1.9296218045825988,0.03913190000000011,0.9666890204204944,0.39442730000000026,1.1623954501623472,2.428736,0.02762500000000001,1.0111700591448867,2.1455100000000016,1.033898176545116,0.0,2,2,0,0.5008141640010952,4.501912645980763,0
44b6_0113de3b,4,1181,1475,False,False,6.1342404786574845,5.202538442914189,3.25,4.0625,-3.25,3.25,4,4.062763801260416,0.1667937399999999,1.1720982439149703,1.3839436999999997,0.6710446369806213,2.8231633,0.04520880000000016,1.01841354014515,3.486452,1.0562769149852398,0.03174604999999997,2,1,1,1.5094701151125542,7.643710593770039,0
44b6_0113de3b,4,1182,1446,False,False,3.917733121653388,2.1877232028983924,3.25,2.03125,0.8125,3.25,1,0.0,0.13740569999999996,0.8957042260843681,1.5067848999999995,0.793354432701621,5.7848926,0.010040700000000236,0.9960277437832097,0.8045649999999966,0.9881421532652943,0.03174602999999998,1,1,0,0.9520376773458209,4.869770798999209,0
44b6_0113de3b,4,1183,1456,False,False,2.03125,1.21875,1.625,1.21875,0.0,1.625,1,0.0,0.016680200000000145,0.9858102496890023,0.4976460000000005,0.9090302705368566,4.972911,0.0033118999999999232,0.9986922612208506,0.26819000000000415,0.9960935827264694,0.015873009999999993,4,1,3,0.3193426873368531,2.350592687336853,0
44b6_0113de3b,4,1183,1482,False,False,3.494694639736067,3.093907824257213,1.625,2.84375,-1.21875,1.625,2,1.4634446397360672,0.12657819999999997,1.12253000319084,1.7435014999999998,1.539877677706473,3.2294095,0.00998790000000005,1.0039486935384194,0.8045639999999992,1.011904591040305,0.015873009999999993,4,1,3,1.088910309441231,4.583604949177298,0
44b6_0113de3b,4,1183,1447,False,False,6.9181882111576005,6.724634051381532,-1.625,-6.09375,-2.84375,1.625,3,4.8869382111576005,0.37695862999999996,1.4816764784247192,1.3798135999999999,1.3840140152782519,3.5930974,0.43515250000000005,1.2070409604163597,29.500729999999997,1.7586201576142773,0.015873009999999993,4,1,3,3.08833832848314,10.00652653964074,0
44b6_0113de3b,4,1184,1499,False,False,2.2980970388562794,1.625,1.625,-1.625,0.0,1.625,1,0.0,0.06535349999999995,0.9304956312739727,0.49994059999999996,1.1474569857666852,3.3903387,0.006720300000000012,1.002666182775465,0.5363799999999941,1.0080320232696116,0.015873000000000026,1,0,1,0.5322706885027392,2.8303677273590186,0
44b6_0113de3b,4,1185,1562,False,False,1.625,1.625,0.0,0.0,1.625,0.0,1,0.0,0.2633896,1.3978479501917418,0.7401232000000002,1.2660406322099689,2.7819455,0.15386299999999986,1.0812614488731525,7.509276999999997,1.2641504821181688,0.0,2,0,2,1.57649500599725,3.2014950059972502,0
44b6_0113de3b,4,1186,1453,False,False,0.8125,0.8125,0.0,0.0,0.8125,0.0,1,0.0,0.011864650000000032,1.013607591503998,2.1342300000000005,1.2355294800312229,9.061361,0.018979300000000254,1.0089844808088055,1.0727539999999962,1.027210626212912,0.0,0,0,0,1.4468677813058521,2.259367781305852,0
44b6_0113de3b,4,1187,1470,False,False,2.1877232028983924,1.4647552056572457,1.625,0.8125,1.21875,1.625,1,0.0,0.09599815,0.8931804987290671,0.8820108999999996,0.7987190895928712,3.5000186,0.013967499999999688,0.9943620885171667,1.0727529999999987,0.983193137362128,0.015873040000000005,2,2,0,0.5740000407711471,2.7617232436695396,0
44b6_0113de3b,4,1187,1500,False,False,4.0827619710803615,3.7454399357752353,1.625,3.65625,0.8125,1.625,2,1.8950387681819691,0.012175680000000022,1.0153876204463017,0.48867700000000003,1.1622749731383077,3.0113416,0.010580500000000104,1.004306316231942,0.8045660000000012,1.0129868586980264,0.015873040000000005,2,2,0,0.3285804317572439,4.411342402837605,0
44b6_0113de3b,4,1187,1472,False,False,6.858289350304491,6.039340428598143,-3.25,-4.46875,-4.0625,3.25,3,4.670566147406099,0.06511845000000005,0.9249593476919064,2.4033974,0.5928792196260274,3.5000186,0.0035066999999999737,0.9985755066537251,0.2681880000000021,0.9957445304193927,0.03174600000000005,2,1,1,1.5614767538300292,8.41976610413452,0
44b6_0113de3b,4,1188,1518,False,False,2.03125,1.21875,1.625,0.0,1.21875,1.625,1,0.0,0.018442039999999937,1.0188978124947776,0.5021285,1.1987436979571238,2.5264525,0.0,0.9999960683929776,0.0,0.9999998549136047,0.015872999999999915,1,1,0,0.32243114276843754,2.3536811427684374,0
44b6_0113de3b,4,1188,1575,False,False,2.8145825622994254,2.2980970388562794,-1.625,-1.625,-1.625,1.625,2,0.7833325622994254,0.14543883999999996,1.1714242470999507,0.9620725000000001,1.4655474896547018,2.0665085,0.0959437000000003,1.0391958801174483,7.509280000000004,1.1222706051289935,0.015873030000000066,1,1,0,1.295651411676154,4.110233973975579,0
44b6_0113de3b,4,1189,1467,False,False,1.6750116604071745,0.40625,1.625,0.0,-0.40625,1.625,1,0.0,0.05761729999999998,0.9506047960250211,2.713946000000001,0.6765699363902618,5.677212,0.02021570000000006,1.0080607716043435,1.6091309999999908,1.0243900908496668,0.015873009999999993,0,1,1,1.8339669361912525,3.508978596598427,0
44b6_0113de3b,4,1190,1477,False,False,4.394265616971737,4.0827619710803615,1.625,4.0625,0.40625,1.625,1,0.0,0.12034440000000002,0.8933216190837322,0.7677200000000002,0.7417872240355791,2.2055156,0.052166399999999946,0.9791566980365757,4.022830000000006,0.938775326951692,0.015873000000000026,5,2,3,0.7672617018020874,5.161527318773824,0
44b6_0113de3b,4,1190,1460,False,False,6.625736987309412,5.773897351442957,3.25,3.65625,4.46875,3.25,2,2.231471370337675,0.12306799999999996,0.8911702325765645,0.8976025999999999,0.7107394402848068,2.2055156,0.031562499999999716,0.9872828216286086,2.4136960000000087,0.9623429506653158,0.03174600000000005,5,2,3,0.6680987634046258,7.293835750714038,0
44b6_0113de3b,4,1191,1493,False,False,2.4375,1.8168052317185792,1.625,-1.625,0.8125,1.625,1,0.0,0.1420207,1.1321303123548536,1.9212439,1.6321196391980566,3.0393417,0.027100299999999855,1.0108515761168948,2.1455100000000016,1.0329216856700978,0.015873029999999955,3,2,1,1.2140021502315756,3.6515021502315754,0
44b6_0113de3b,4,1191,1486,False,False,2.6012692214570947,2.03125,1.625,0.0,2.03125,1.625,2,0.16376922145709472,0.01809090000000002,1.0150836642870478,0.2603226000000003,1.0553824426793934,4.700263,0.006720300000000012,1.002666182775465,0.5363799999999941,1.0080320232696116,0.015873029999999955,3,2,1,0.17649745910576736,2.7777666805628622,0
44b6_0113de3b,4,1191,1495,False,False,5.343384490423649,4.241374519244911,3.25,1.21875,4.0625,3.25,3,2.9058844904236487,0.18214989999999998,1.1760403824139678,2.1805904,1.7843799716633622,2.7799952,0.02368049999999977,1.0094687340365995,1.8773199999999974,1.0286883767841315,0.03174602999999998,3,3,0,1.3724938164462008,6.7158783068698495,0
44b6_0113de3b,4,1191,1548,False,False,6.345827861674157,5.450415695155737,-3.25,4.875,-2.4375,3.25,4,3.908327861674157,0.3634808999999999,1.4259504142303907,2.1576923999999997,1.7698026817337107,2.8028932,0.03741620000000001,1.0150459955063371,2.9500759999999957,1.0458332139624917,0.03174602999999998,3,2,1,1.6426944147628288,7.988522276436986,0
44b6_0113de3b,4,1192,1475,False,False,1.21875,1.21875,0.0,-1.21875,0.0,0.0,1,0.0,0.08243886,0.914923936717145,2.5195933000000004,1.5988859591972369,4.207107,0.0,0.9999959260997758,0.0,0.999999838583533,0.0,0,1,1,1.909561186168567,3.128311186168567,0
44b6_0113de3b,4,1192,1508,False,False,6.550584420492571,6.550584420492571,0.0,6.5,-0.8125,0.0,2,5.331834420492571,0.09934070000000006,1.1261598867477551,2.3092728000000005,1.522760718176545,4.4174275,0.03147309999999992,0.9873364687905866,2.4136960000000016,0.9624998547352667,0.0,0,1,1,1.5627624601395642,8.113346880632136,0
44b6_0113de3b,4,1192,1491,False,False,6.809990937035085,6.613270867165506,-1.625,-4.875,4.46875,1.625,3,5.591240937035085,0.3399074999999999,0.7228755702811376,4.0423453,2.505881390943482,2.684355,0.041789000000000076,0.9832565519721048,3.2182619999999957,0.9506171339152285,0.015873020000000015,0,4,4,3.67847758069206,10.488468517727146,0
44b6_0113de3b,4,1193,1471,False,False,3.832554834897995,3.471001521535247,1.625,-3.25,1.21875,1.625,1,0.0,0.05108624000000006,0.9479952389038405,0.5235069000000001,1.136214738355438,3.8431637,0.020324799999999588,1.0081263783277374,1.6091300000000075,1.024589993581711,0.015872999999999915,4,1,3,0.556347941235222,4.388902776133217,0
44b6_0113de3b,4,1193,1491,False,False,6.724634051381532,4.631962664465248,-4.875,-1.21875,-4.46875,4.875,2,2.8920792164835367,0.29514419999999997,0.759369731319726,1.6823156,1.6267052356888871,2.684355,0.02374459999999967,1.0095073815536943,1.8773200000000116,1.0288064366000147,0.0476190700000001,4,4,0,2.059334555992454,8.783968607373986,0
44b6_0113de3b,4,1194,1500,False,False,1.86167137607581,0.9084026158592896,1.625,0.40625,0.8125,1.625,1,0.0,0.020668629999999966,0.9738448726425893,0.10672020000000026,0.9645573768270699,2.9046214,0.039598000000000244,0.9838640959921702,2.950072999999996,0.9523808024942331,0.015873040000000005,2,2,0,0.40939246067899726,2.271063836754807,0
44b6_0113de3b,4,1194,1470,False,False,3.1729139308370784,2.7252078475778685,1.625,-2.4375,1.21875,1.625,2,1.3112425547612685,0.12884246,0.8566376342557083,1.4774081,0.6628469232191997,2.9046214,0.06414600000000004,0.9741222787270497,4.827391999999996,0.924369611636691,0.015873040000000005,2,2,0,1.076475937724578,4.249389868561656,0
44b6_0113de3b,4,1195,1476,False,False,0.9084026158592896,0.9084026158592896,0.0,0.8125,-0.40625,0.0,1,0.0,0.13972414,0.8583383406318067,2.2366927,0.6361344402476763,3.9103553,0.10323359999999981,0.9516426227782097,5.6319600000000065,0.8618418502693262,0.0,0,0,0,1.45953198697081,2.3679346028300996,0
44b6_0113de3b,4,1196,1508,False,False,2.2980970388562794,1.625,1.625,-1.625,0.0,1.625,1,0.0,0.043547300000000067,1.0552967092480274,0.20000700000000027,1.045274437951867,4.4174275,0.05075099999999999,1.0204096876450175,4.022825999999995,1.0624998174480624,0.015873020000000015,1,1,0,0.6677338687486358,2.965830907604915,0
44b6_0113de3b,4,1196,1560,False,False,5.202538442914189,4.942244555867304,-1.625,4.875,-0.8125,1.625,2,2.90444140405791,0.014640070000000005,1.0179235812962162,2.4191642,2.100475767353235,2.1982703,0.0893288000000001,1.0364932133028784,6.972899999999996,1.1135369323247009,0.015873029999999955,1,1,0,1.9046855185577238,7.107223961471913,0
44b6_0113de3b,4,1196,1527,False,False,5.343384490423649,5.343384490423649,0.0,5.28125,0.8125,0.0,3,3.0452874515673694,0.025151339999999967,0.9706072311425642,2.1703463,1.8869020049951406,2.4470882,0.06813689999999983,1.0275958471727287,5.363767999999993,1.0851061864992966,0.0,1,2,1,1.7199728384011126,7.063357328824761,0
44b6_0113de3b,4,1197,1471,False,False,2.0714766773970688,1.284675299443404,1.625,-0.40625,1.21875,1.625,1,0.0,0.10543668000000006,0.8926784162243019,0.6658580000000001,0.8267400716236166,3.1773057,0.034628300000000056,0.9861438985158762,2.6818859999999987,0.9590162291023564,0.015872999999999915,3,1,2,0.5913872337384227,2.6628639111354913,0
44b6_0113de3b,4,1197,1491,False,False,6.809990937035085,4.755034338729848,-4.875,1.625,-4.46875,4.875,2,4.738514259638016,0.34949463999999997,0.7150594657700874,0.49295069999999974,1.18363400655276,2.684355,0.031208499999999972,0.9874947885772664,2.4136959999999945,0.9629628197473646,0.0476190700000001,3,4,1,1.6735943897633818,8.483585326798467,0
44b6_0113de3b,4,1198,1493,False,False,2.6012692214570947,2.03125,1.625,0.0,2.03125,1.625,1,0.0,0.043085199999999935,0.9599031464742102,0.027338499999999932,0.9910018639830329,3.0120032,0.0,0.9999959942945936,0.0,0.999999846554716,0.015873029999999955,2,2,0,0.1769097576972045,2.778178979154299,0
44b6_0113de3b,4,1198,1486,False,False,3.9804208320226646,3.6336104634371584,1.625,1.625,3.25,1.625,2,1.37915161056557,0.1670149999999999,0.8606624101928461,1.6882597999999995,0.6408145229011167,3.0120032,0.020379999999999843,0.9918985042707875,1.6091300000000075,0.9759034809477357,0.015873029999999955,2,2,0,1.0804305282539284,5.060851360276593,0
44b6_0113de3b,4,1198,1495,False,False,6.822097597147082,5.998209368219819,3.25,2.84375,5.28125,3.25,3,4.220828375689988,0.0029559999999999587,0.997133325678559,0.232008,1.0834523618876684,2.7799952,0.003419800000000084,0.9986280026193477,0.26819000000000415,0.9959014639811729,0.03174602999999998,2,3,1,0.1744502990479577,6.99654789619504,0
44b6_0113de3b,4,1199,1446,False,False,6.563169608695177,4.394265616971737,4.875,3.65625,2.4375,4.875,1,0.0,0.2703929999999999,0.7947695193918263,4.006836699999999,0.450491165453813,3.2848408,0.08267900000000017,0.9673195007004318,6.436525000000003,0.9051381840940008,0.04761902999999995,2,1,1,2.5867076583088475,9.149877267004024,0
44b6_0113de3b,4,1200,1478,False,False,1.86167137607581,0.9084026158592896,1.625,0.8125,0.40625,1.625,1,0.0,0.028458699999999948,0.9698111258769172,0.3686726,1.0815155172468691,4.5225964,0.010067199999999943,0.9960120090875474,0.8045659999999941,0.9880950834364823,0.015873000000000026,1,1,0,0.3552758649782173,2.216947241054027,0
44b6_0113de3b,4,1200,1489,False,False,2.8145825622994254,2.2980970388562794,1.625,-1.625,1.625,1.625,2,0.9529111862236155,0.012324329999999994,0.9866927105958955,1.1007100000000003,1.290378568494598,3.790559,0.027247599999999927,1.010940677504515,2.1455100000000016,1.0331948962015476,0.015873000000000026,1,4,3,0.8337411089139168,3.6483236712133422,0
44b6_0113de3b,4,1201,1489,False,False,1.7235727791422095,0.5745242597140698,1.625,0.40625,0.40625,1.625,1,0.0,0.0012645300000000415,0.998624932236756,0.5975326000000001,1.1576340122023896,3.790559,0.04065289999999999,1.0163252585304234,3.2182650000000024,1.0497924216616694,0.015873000000000026,2,4,2,0.6506546300209874,2.374227409163197,0
44b6_0113de3b,4,1201,1478,False,False,3.374565944310468,2.9575446425202108,1.625,2.84375,-0.8125,1.625,2,1.6509931651682586,0.017398899999999995,0.9815391960039855,0.1345048000000002,0.9702572392768913,4.3880916,0.0033381000000001215,1.0013170754332288,0.26818900000000667,1.003968113166547,0.015873000000000026,2,1,1,0.10954420174457427,3.4841101460550425,0
44b6_0113de3b,4,1202,1456,False,False,2.2980970388562794,1.625,1.625,0.0,1.625,1.625,1,0.0,0.12167919999999999,0.8965417212768547,2.3372588000000003,0.5727556576859401,3.1332982,0.026740799999999787,0.9894689609761679,2.1455100000000016,0.9687498270368936,0.015873009999999993,2,1,1,1.4792920348950789,3.7773890737513582,0
44b6_0113de3b,4,1202,1482,False,False,2.333728575156074,1.6750116604071745,1.625,1.625,0.40625,1.625,2,0.035631536299794764,0.02157920000000013,1.0208810281320575,0.09611130000000001,0.970235734316957,3.1332982,0.013440999999999814,0.9946768481558965,1.0727559999999983,0.984126807508329,0.015873009999999993,2,1,1,0.22892195435952692,2.5626505295156012,0
44b6_0113de3b,4,1203,1592,False,False,3.5648292823780494,1.4647552056572457,3.25,-1.21875,0.8125,3.25,1,0.0,0.13557609999999998,1.2032653538578721,3.2269957000000002,1.8401983335098617,3.8407328,0.05130549999999978,1.0207486427255672,4.022829999999999,1.0635591995195637,0.031746019999999986,0,1,1,2.0841744301088267,5.649003712486876,0
44b6_0113de3b,4,1204,1473,False,False,2.03125,1.21875,1.625,1.21875,0.0,1.625,1,0.0,0.07545122999999998,0.918337437497396,1.3098715999999997,0.7145245390516696,3.2785394,0.006944499999999909,0.9971987768791245,0.5363760000000042,0.9916316593386129,0.015873019999999988,0,1,1,0.8190501429764064,2.8503001429764065,0
44b6_0113de3b,4,1204,1461,False,False,4.0827619710803615,3.7454399357752353,1.625,3.65625,0.8125,1.625,2,2.0515119710803615,0.032155329999999926,0.9634802608094596,1.1606685999999997,0.7385398509377104,3.2785394,0.024138000000000215,0.9903402551903926,1.8773199999999974,0.9713113175830557,0.015873019999999988,0,1,1,0.7810833538300527,4.8638453249104145,0
44b6_0113de3b,4,1205,1449,False,False,1.21875,1.21875,0.0,1.21875,0.0,0.0,1,0.0,0.10705794999999996,0.8838749083112647,1.6225899999999998,0.7893568750976883,6.080476,0.004671800000000115,0.9978119200954981,0.2681869999999975,0.9934638461718243,0.0,0,0,0,1.0174669697095484,2.2362169697095484,0
44b6_0113de3b,4,1206,1496,False,False,2.333728575156074,1.6750116604071745,1.625,0.40625,1.625,1.625,1,0.0,0.019871289999999986,1.0234688281416315,0.08209549999999988,1.0299945883273764,2.736667,0.021070799999999945,1.0085799597840865,1.6091320000000024,1.0259738788125197,0.015873020000000015,1,1,0,0.24316317459659353,2.5768917497526678,0
44b6_0113de3b,4,1206,1481,False,False,2.9295104113144914,2.4375,1.625,-2.4375,0.0,1.625,2,0.5957818361584173,0.07401376999999998,0.9212654556005841,0.5892746999999998,0.8270902175298511,2.8187625,0.003486999999999796,1.0014064202660427,0.26819000000000415,1.0042371535706685,0.015873020000000015,1,1,0,0.40931300112600644,3.338823412440498,0
44b6_0113de3b,4,1207,1479,False,False,1.86167137607581,0.9084026158592896,1.625,0.40625,0.8125,1.625,1,0.0,0.017574670000000014,0.9819921754764506,0.7676213000000001,0.8132210547932723,3.3422072,0.0033118999999999232,0.9986922612208506,0.26819000000000415,0.9960935827264694,0.015873040000000005,2,0,2,0.5012322547871078,2.3629036308629177,0
44b6_0113de3b,4,1207,1544,False,False,6.625736987309412,5.773897351442957,-3.25,4.46875,-3.65625,3.25,2,4.764065611233602,0.0020157699999999723,0.9978918930996024,1.0434379999999996,1.4539052728509112,2.2987692,0.07164359999999981,1.029057564470538,5.631955999999995,1.0897433834096226,0.031746039999999975,2,3,1,1.1242039289122574,7.74994091622167,0
44b6_0113de3b,4,1208,1586,False,False,1.625,1.625,0.0,0.0,1.625,0.0,1,0.0,0.15314102000000007,1.1969273341948286,0.7048985000000001,1.2909258663481522,2.4229045,0.009405399999999897,1.004420102116713,0.5363800000000012,1.013333157669182,0.0,2,1,1,0.6237867760084292,2.248786776008429,0
44b6_0113de3b,4,1209,1535,False,False,3.1729139308370784,2.7252078475778685,1.625,2.4375,1.21875,1.625,1,0.0,0.07900185999999998,1.0994818476665136,0.5528255,1.19017310771711,2.9068968,0.07706970000000002,1.0317170185557216,5.900145000000009,1.0982140761521206,0.015873029999999955,1,1,0,0.9165075919144839,4.089421522751563,0
44b6_0113de3b,4,1210,1547,False,False,1.1490485194281397,1.1490485194281397,0.0,0.8125,-0.8125,0.0,1,0.0,0.0062094400000000105,0.9915378618719739,0.8462495999999993,1.1838198048946824,4.6036267,0.03814520000000021,1.015491321533803,2.9500749999999982,1.0472101610031057,0.0,0,1,1,0.7240633536351037,1.8731118730632432,0
44b6_0113de3b,4,1211,1497,False,False,2.1877232028983924,1.4647552056572457,1.625,0.8125,1.21875,1.625,1,0.0,0.04931910000000006,0.9423358194962492,0.5264727999999996,0.8732792431839939,3.6281862,0.013889299999999771,1.0056140721307125,1.0727540000000033,1.0169489934745812,0.01587301999999996,1,1,0,0.4000115717231198,2.587734774621512,0
44b6_0113de3b,4,1211,1517,False,False,3.65625,3.2752922102462856,1.625,0.40625,3.25,1.625,2,1.4685267971016076,0.0039018400000000453,0.9951707917141717,0.005643300000000018,1.0015550635575259,3.6225429,0.006925100000000128,1.002789248556247,0.5363770000000017,1.008403204148994,0.01587301999999996,1,1,0,0.08792985380152146,3.7441798538015214,0
44b6_0113de3b,4,1212,1519,False,False,2.0714766773970688,1.284675299443404,1.625,-1.21875,0.40625,1.625,1,0.0,0.10739029999999994,1.1242199832815964,1.4955752000000002,1.458779809954723,3.2598658,0.061153299999999966,1.02469716902672,4.827389999999994,1.0759491559876324,0.015873040000000005,1,2,1,1.1471252935817131,3.218601970978782,0
44b6_0113de3b,4,1212,1554,False,False,2.6012692214570947,2.03125,1.625,2.03125,0.0,1.625,2,0.529792544060026,0.1076011,1.1244942004739966,1.8378290000000002,1.6299030511834638,2.917612,0.08222409999999991,1.033493204041863,6.4365219999999965,1.1038959026495996,0.015873040000000005,1,2,1,1.452052104289073,4.053321325746168,0
44b6_0113de3b,4,1213,1529,False,False,1.6750116604071745,0.40625,1.625,-0.40625,0.0,1.625,1,0.0,0.038818589999999986,1.0464578220911773,0.23531600000000008,1.06797712121199,3.461537,0.006793300000000002,1.0027097762629942,0.5363699999999909,1.0081630056468043,0.015873000000000026,1,2,1,0.18537650295489452,1.8603881633620691,0
44b6_0113de3b,4,1213,1548,False,False,4.1429533547941375,2.569350598886808,3.25,0.8125,2.4375,3.25,2,2.4679416943869628,0.020852229999999916,1.0244249443407576,0.8939597999999997,1.318937093510757,2.8028932,0.023939400000000166,1.009625186329254,1.8773159999999933,1.0291664551135702,0.03174604000000003,1,2,1,0.6319605156418917,4.774913870436029,0
44b6_0113de3b,4,1214,1459,False,False,2.9295104113144914,2.4375,1.625,2.4375,0.0,1.625,1,0.0,0.08948349999999994,0.9132215545776191,1.7925840000000006,0.7744305913710793,6.154379,0.4065542999999998,1.1908371981674113,27.891599999999997,1.6887412655967295,0.015873000000000026,2,1,1,3.4216299453757193,6.351140356690211,0
44b6_0113de3b,4,1215,1589,False,False,3.350023320814349,3.350023320814349,0.0,3.25,-0.8125,0.0,1,0.0,0.08447710000000008,1.098202005682356,0.41605959999999964,1.1771619182713235,2.3484044,0.0,0.999995326413122,0.0,0.999999756292806,0.0,0,0,0,0.35733807187253946,3.7073613926868885,0
44b6_0113de3b,4,1216,1460,False,False,2.4375,1.8168052317185792,1.625,1.625,0.8125,1.625,1,0.0,0.23374400000000006,0.7933067367498842,1.1373147,0.633490907658923,1.9658035,0.04226609999999997,0.9829714877014242,3.218262000000003,0.9497906424906628,0.015873000000000026,2,2,0,1.0154205046304075,3.4529205046304075,0
44b6_0113de3b,4,1216,1477,False,False,3.832554834897995,3.832554834897995,0.0,2.03125,-3.25,0.0,2,1.3950548348979952,0.23102040000000013,0.7952218696247273,1.0074321000000002,0.6611641836786035,1.9658035,0.0628700000000002,0.9748808498198395,4.827396,0.926530422780563,0.0,2,2,0,1.095151929999311,4.927706764897306,0
44b6_0113de3b,4,1217,1540,False,False,1.6750116604071745,1.6750116604071745,0.0,1.625,0.40625,0.0,1,0.0,0.052059069999999985,1.0587024774794156,0.6351415999999999,1.2441492153766758,2.6013975,0.0,0.9999958902043431,0.0,0.9999998342790942,0.0,2,3,1,0.4022805699850649,2.0772922303922394,0
44b6_0113de3b,4,1217,1538,False,False,2.632800908728193,2.0714766773970688,1.625,-0.40625,2.03125,1.625,2,0.9577892483210186,0.012248599999999943,0.9871093250918934,0.3149432999999999,1.1077945902215829,2.9215958,0.007188399999999984,0.9970503188945219,0.5363770000000017,0.9911892637032198,0.015873010000000076,2,3,1,0.25921840787901645,2.8920193166072097,0
44b6_0113de3b,4,1217,1568,False,False,2.9295104113144914,2.4375,1.625,-2.4375,0.0,1.625,3,1.2544987509073169,0.01663155999999999,1.0180260343082406,0.7201860999999998,1.286197221942939,2.516353,0.0035994999999999777,0.9985187604862996,0.26818899999999957,0.9955750483669474,0.015873010000000076,2,3,1,0.47828728977812945,3.407797701092621,0
44b6_0113de3b,4,1218,1523,False,False,3.8540258983302125,2.0714766773970688,3.25,2.03125,0.40625,3.25,1,0.0,0.03848349999999989,1.0348789456220795,1.0750992000000004,0.7929166584804824,4.1165648,0.010040700000000236,1.003980146209971,0.8045649999999966,1.011999842498851,0.03174604999999997,1,0,1,0.8418484072325666,4.695874305562779,0
44b6_0113de3b,4,1219,1557,False,False,1.6750116604071745,1.6750116604071745,0.0,1.625,0.40625,0.0,1,0.0,0.029597859999999976,1.0352950843095812,0.46996470000000024,1.0724121151907373,6.489991,0.004671800000000115,0.9978119200954981,0.2681869999999975,0.9934638461718243,0.0,0,1,1,0.30159428608967853,1.976605946496853,0
44b6_0113de3b,4,1219,1711,False,False,5.998209368219819,5.998209368219819,0.0,-2.84375,5.28125,0.0,2,4.3231977078126445,0.53123636,2.577925513492435,6.80766959,45.700154127377246,0.15228611,0.44044989999999995,1.2599136355253937,20.382326000000003,1.9999991168822964,0.0,0,1,1,5.962700663692616,11.960910031912436,0
44b6_0113de3b,4,1220,1531,False,False,1.8168052317185792,0.8125,1.625,0.0,0.8125,1.625,1,0.0,0.01687466999999998,1.0209049692201928,0.2779262,1.078839489093154,3.5250788,0.010672599999999921,1.0043628059438843,0.8045649999999966,1.013157721943534,0.01587301000000002,1,2,1,0.19624064277125083,2.01304587448983,0
44b6_0113de3b,4,1220,1534,False,False,3.917733121653388,2.1877232028983924,3.25,2.03125,0.8125,3.25,2,2.100927889934809,0.021049500000000054,0.9750673165877304,0.2202430000000004,1.0614700014402256,3.582762,0.024547999999999792,0.9900943780936918,1.877319,0.9705880883018023,0.03174602999999998,1,4,3,0.3553551797280287,4.273088301381416,0
44b6_0113de3b,4,1221,1464,False,False,1.284675299443404,1.284675299443404,0.0,1.21875,-0.40625,0.0,1,0.0,0.09002365000000001,0.8986713748109592,0.22987249999999992,1.0557233981303313,4.1250525,0.004671800000000115,0.9978119200954981,0.2681869999999975,0.9934638461718243,0.0,0,0,0,0.46912013368401484,1.753795433127419,0
44b6_0113de3b,4,1222,1699,False,False,1.6750116604071745,0.40625,-1.625,0.40625,0.0,1.625,1,0.0,0.45291258000000006,2.5842855025024853,1.6386218000000001,1.3080702796010006,5.3189445,0.15723350000000003,0.9196366516786872,6.972901,0.7777775121994469,0.015873000000000026,0,0,0,2.6177237059937895,4.292735366400964,0
44b6_0113de3b,4,1223,1456,False,False,3.0671202393287422,2.6012692214570947,1.625,1.625,-2.03125,1.625,1,0.0,0.2174611500000001,0.8151093864456095,2.7620044000000004,0.4951136874843138,2.7085526,0.0033118999999999232,0.9986922612208506,0.26819000000000415,0.9960935827264694,0.015873009999999993,4,1,3,1.7398373638590254,4.806957603187768,0
44b6_0113de3b,4,1223,1482,False,False,4.875,4.596194077712559,1.625,3.25,-3.25,1.625,2,1.8078797606712578,0.07420274999999998,0.9281550302974916,0.5208569000000001,0.8387119109177361,2.7085526,0.00998790000000005,1.0039486935384194,0.8045639999999992,1.011904591040305,0.015873009999999993,4,1,3,0.4153449473352517,5.290344947335251,0
44b6_0113de3b,4,1224,1530,False,False,2.0714766773970688,1.284675299443404,1.625,-0.40625,1.21875,1.625,1,0.0,0.06695575000000009,1.068320038314718,1.1399250000000003,1.3938093936486107,2.8945756,0.0033292999999998685,0.9986819699664559,0.26818500000000256,0.996062896763764,0.015873020000000015,2,2,0,0.7261850938235038,2.7976617712205725,0
44b6_0113de3b,4,1225,1530,False,False,3.832554834897995,2.03125,3.25,-1.21875,1.625,3.25,1,0.0,0.02968285000000004,1.0302819857706706,0.9704096,1.3352464684409402,2.8945756,0.006632399999999983,1.0026138777870042,0.5363799999999941,1.0078739128724241,0.03174602999999998,3,2,1,0.6256922431880697,4.458247078086065,0
44b6_0113de3b,4,1225,1594,False,False,6.423376497217021,4.182599744775969,-4.875,-2.03125,-3.65625,4.875,2,2.5908216623190254,0.11439416000000002,1.1277787973197233,1.9844872,2.0552878264809293,1.880498,0.16986729999999994,1.0716601044694871,12.873047,1.2307690128928213,0.047619049999999996,3,5,2,2.1313460692661628,8.554722566483184,0
44b6_0113de3b,4,1226,1513,False,False,3.832554834897995,2.03125,3.25,-1.21875,1.625,3.25,1,0.0,0.07375426000000007,0.9199536026828753,1.4474183999999997,0.7028446208007149,3.4235196,0.06165569999999976,0.9755961724278543,4.827391999999996,0.9285712996304157,0.03174604000000003,2,0,2,1.126531797772423,4.959086632670418,0
44b6_0113de3b,4,1227,1505,False,False,0.5745242597140698,0.5745242597140698,0.0,-0.40625,-0.40625,0.0,1,0.0,0.018495999999999957,0.979646021592419,0.3330215999999999,0.9112275131705345,3.4184866,0.00702360000000013,0.9971509322943785,0.5363770000000017,0.9914892036408431,0.0,1,2,1,0.2147272811868128,0.7892515409008827,0
44b6_0113de3b,4,1227,1520,False,False,2.03125,1.21875,1.625,1.21875,0.0,1.625,2,1.4567257402859302,0.013667300000000049,0.9848765888383336,0.47255590000000014,0.8785506235138179,3.4184866,0.007063599999999948,1.0028735662621093,0.5363770000000017,1.0086578466126463,0.01587302,1,1,0,0.32609806671568076,2.357348066715681,0
44b6_0113de3b,4,1228,1485,False,False,2.1877232028983924,1.4647552056572457,1.625,1.21875,0.8125,1.625,1,0.0,0.09813823999999993,0.8864229543846041,2.9520456,0.5771026605500513,4.0284934,0.020324799999999588,0.9919312234290215,1.6091300000000075,0.975999867555852,0.015873019999999988,0,0,0,1.8935864065446284,4.081309609443021,0
44b6_0113de3b,4,1229,1483,False,False,0.40625,0.40625,0.0,0.40625,0.0,0.0,1,0.0,0.08080519999999991,0.926108506803962,0.3347623999999998,0.8774612085897844,2.3971984,0.0,0.999995326413122,0.0,0.999999756292806,0.0,2,1,1,0.327212502416268,0.733462502416268,0
44b6_0113de3b,4,1230,1513,False,False,3.917733121653388,2.1877232028983924,3.25,2.03125,0.8125,3.25,1,0.0,0.1324767,0.8562300628050128,1.8637234999999999,0.617377664471064,3.0072145,0.06165569999999976,0.9755961724278543,4.827391999999996,0.9285712996304157,0.03174604000000003,2,0,2,1.31547016194064,5.233203283594028,0
44b6_0113de3b,4,1231,1459,False,False,1.6750116604071745,0.40625,1.625,0.0,-0.40625,1.625,1,0.0,0.06035310000000016,1.0585124105098949,3.5147500000000003,0.5577234250072323,4.432213,0.0,0.9999953058695407,0.0,0.9999997530648966,0.015873000000000026,2,1,1,2.5414824699889293,4.216494130396104,0
44b6_0113de3b,4,1232,1507,False,False,3.917733121653388,2.1877232028983924,3.25,0.8125,2.03125,3.25,1,0.0,0.042053049999999925,0.9580027345166531,0.1853722000000002,0.9306232175116327,2.486725,0.01794450000000003,0.9926642834627589,1.3409400000000034,0.9781658179892687,0.03174603999999992,3,3,0,0.23214521142453756,4.149878333077925,0
44b6_0113de3b,4,1232,1514,False,False,4.667457150312148,3.350023320814349,3.25,-0.8125,3.25,3.25,2,0.7497240286587603,0.17100364999999995,0.8487296962363238,1.3669814000000002,0.645279709736814,2.486725,0.05997060000000021,0.9759072605102017,4.559200000000004,0.9294604974546453,0.03174603999999992,3,3,0,1.0491539898470534,5.716611140159202,0
44b6_0113de3b,4,1233,1581,False,False,2.0714766773970688,1.284675299443404,1.625,1.21875,0.40625,1.625,1,0.0,0.0925475,1.1355103734719343,0.4281058999999998,1.162443869812039,2.6353366,0.006720300000000012,1.002666182775465,0.5363799999999941,1.0080320232696116,0.015873009999999993,2,2,0,0.38042383990772904,2.451900517304798,0
44b6_0113de3b,4,1233,1625,False,False,2.6012692214570947,2.03125,1.625,-2.03125,0.0,1.625,2,0.529792544060026,0.12730409999999992,1.1964037167538901,1.9838211,2.8374892579078375,1.0796214,0.21964020000000017,1.0953297741789323,16.09131,1.3141358905716283,0.015873009999999993,2,2,0,2.3209531017929685,4.922222323250063,0
44b6_0113de3b,4,1234,1481,False,False,2.1877232028983924,1.4647552056572457,1.625,1.21875,0.8125,1.625,1,0.0,0.06074360000000001,0.9353801215930457,0.7063611999999999,0.7927343259799923,2.701676,0.014047000000000143,0.9943140495600334,1.0727529999999987,0.9830507063318255,0.015873020000000015,1,1,0,0.4524045963795816,2.640127799277974,0
44b6_0113de3b,4,1234,1496,False,False,5.008586377412294,4.737648414561806,1.625,4.0625,2.4375,1.625,2,2.8208631745139012,0.033141459999999956,1.0391493473395403,0.034991000000000216,0.9872104015197993,2.701676,0.0035368000000000066,1.0014367831310547,0.26818899999999957,1.004328850668913,0.015873020000000015,1,1,0,0.15450935936366048,5.163095736775954,0
44b6_0113de3b,4,1234,1560,False,False,6.625736987309412,6.423376497217021,-1.625,-2.03125,6.09375,1.625,3,4.4380137844110195,0.06317826999999998,1.0773886674968973,0.5034057000000001,1.2289952286794363,2.1982703,0.010641500000000192,1.004343739472872,0.8045669999999987,1.0131002975323522,0.015873029999999955,1,1,0,0.34090698578681133,6.9666439730962235,0
44b6_0113de3b,4,1235,1545,False,False,1.8168052317185792,0.8125,1.625,0.8125,0.0,1.625,1,0.0,0.023367930000000037,0.9709687701241151,0.49239180000000005,1.1634999011957883,3.0115013,0.04422090000000001,0.9824958890118685,3.4864499999999907,0.9484125608991046,0.015873020000000015,0,0,0,0.7115070263176935,2.528312258036273,0
44b6_0113de3b,4,1236,1514,False,False,3.494694639736067,1.284675299443404,3.25,0.40625,1.21875,3.25,1,0.0,0.006433899999999992,0.9943000414854443,1.2700000000087641e-05,0.9999941095821165,3.8536937,0.017337599999999842,0.993031893519351,1.3409400000000034,0.9792529964756628,0.03174603999999992,3,3,0,0.20952417986613514,3.704218819602202,0
44b6_0113de3b,4,1236,1507,False,False,3.832554834897995,2.03125,3.25,2.03125,0.0,3.25,2,0.337860195161928,0.12251670000000003,1.122315105618559,1.1815965,1.442192775798815,2.6720972,0.024688500000000335,1.0100829586211983,1.8773199999999974,1.030567529162583,0.03174603999999992,3,3,0,0.7715212273980349,4.60407606229603,0
44b6_0113de3b,4,1236,1516,False,False,5.343384490423649,4.241374519244911,3.25,-1.21875,4.0625,3.25,3,1.8486898506875815,0.21364289999999997,1.2346479208628969,1.5274062000000002,1.6565781891611027,2.3262875,0.042633000000000365,1.0175432097698347,3.218260000000001,1.0535712234680328,0.03174603999999992,3,3,0,1.091855561630122,6.4352400520537705,0
44b6_0113de3b,4,1237,1560,False,False,1.284675299443404,1.284675299443404,0.0,-1.21875,-0.40625,0.0,1,0.0,0.056298669999999995,1.0689603366765084,0.6273082000000003,1.2853586050878045,2.1982703,0.02817550000000013,1.0115076512367187,2.1455100000000016,1.0349343655647294,0.0,1,1,0,0.471543737071684,1.756219036515088,0
44b6_0113de3b,4,1237,1527,False,False,2.1877232028983924,1.4647552056572457,1.625,-0.8125,1.21875,1.625,2,0.9030479034549883,0.016507260000000024,1.0192716345775314,0.37849030000000017,1.1546649415213497,2.4470882,0.006983599999999868,1.0028247637841108,0.5363779999999991,1.0085104948881465,0.015873029999999955,1,2,1,0.2447771901852254,2.4325003930836178,0
44b6_0113de3b,4,1237,1481,False,False,6.858289350304491,6.039340428598143,3.25,2.03125,-5.6875,3.25,3,5.573614050861087,0.0676232,0.9280627129869963,0.5824586999999997,0.8290901898307043,2.8255785,0.003486999999999796,1.0014064202660427,0.26819000000000415,1.0042371535706685,0.03174604999999997,1,1,0,0.39643712150922705,7.2547264718137185,0
44b6_0113de3b,4,1238,1486,False,False,1.625,1.625,0.0,-1.625,0.0,0.0,1,0.0,0.1648075,0.8625039772007748,1.8429972999999995,0.6078935627781622,2.8572657,0.041098199999999974,0.9836666058491607,3.218260000000001,0.9518071116432815,0.0,3,2,1,1.2106094190013146,2.8356094190013144,0
44b6_0113de3b,4,1238,1495,False,False,2.632800908728193,2.0714766773970688,1.625,-0.40625,2.03125,1.625,2,1.0078009087281932,0.0007485000000000408,0.9992669007171904,0.07727050000000002,1.027791494778499,2.7799952,0.024138000000000215,0.9903402551903926,1.8773199999999974,0.9713113175830557,0.015873000000000026,3,3,0,0.3083753026587992,2.9411762113869924,0
44b6_0113de3b,4,1238,1493,False,False,3.471001521535247,3.471001521535247,0.0,-3.25,-1.21875,0.0,3,1.8460015215352472,0.04087770000000002,0.9619570597675277,0.1820759999999999,0.9400905133815215,2.8572657,0.02071820000000013,0.9916968937196627,1.6091299999999933,0.9753085055795008,0.0,3,2,1,0.2807534866572093,3.7517550081924567,0
44b6_0113de3b,4,1239,1525,False,False,1.86167137607581,0.9084026158592896,1.625,0.40625,0.8125,1.625,1,0.0,0.004723299999999986,1.0055979349412427,0.43523829999999997,0.8443852253875637,2.3617117,0.0035471999999998616,0.9985508322122639,0.2681880000000021,0.9956708426397997,0.015873040000000005,3,3,0,0.3084562047217125,2.1701275807975224,0
44b6_0113de3b,4,1239,1511,False,False,2.0714766773970688,2.0714766773970688,0.0,2.03125,-0.40625,0.0,2,0.20980530132125885,0.0426907700000001,0.9519884447827655,0.8234904000000003,0.7414613613956822,2.3617117,0.031562499999999716,0.9872828216286086,2.4136960000000087,0.9623429506653158,0.0,3,2,1,0.5958301025413496,2.6673067799384182,0
44b6_0113de3b,4,1240,1504,False,False,1.86167137607581,0.9084026158592896,1.625,0.40625,0.8125,1.625,1,0.0,0.008392799999999978,0.9905096837863864,0.1336946000000001,0.952373366849171,2.6736448,0.014250800000000119,0.9941902923683382,1.0727539999999962,0.9826838225253064,0.015873040000000005,4,1,3,0.16621787225108992,2.0278892483269,0
44b6_0113de3b,4,1240,1552,False,False,5.090297909995052,5.090297909995052,0.0,-4.46875,2.4375,0.0,2,3.2286265339192424,0.07888570000000006,1.0988257165850197,0.6679548999999998,1.3330233501033728,2.0056899,0.0512378,1.021441747598823,3.754638,1.065727500639134,0.0,4,1,3,0.6062857175891329,5.696583627584185,0
44b6_0113de3b,4,1241,1509,False,False,6.214430032191206,3.8540258983302125,4.875,1.21875,3.65625,4.875,1,0.0,0.022276880000000054,0.9757182435580819,0.05231809999999992,0.9850130325192057,3.4392455,0.18847609999999992,1.080827498232304,13.945800000000006,1.262626002022925,0.047619059999999935,1,0,1,1.9493279445696696,8.163757976760875,0
44b6_0113de3b,4,1242,1487,False,False,6.822097597147082,2.0714766773970688,6.5,-0.40625,2.03125,6.5,1,0.0,0.29926830000000004,0.7378763625636832,1.4271312999999997,0.7210798398801096,3.6895247,0.2915942,1.1377920649491344,18.773193,1.4729725872315778,0.06349205999999996,2,1,1,2.378433121955643,9.200530719102726,0
44b6_0113de3b,4,1243,1551,False,False,3.9804208320226646,2.2980970388562794,3.25,1.625,1.625,3.25,1,0.0,0.035554409999999925,1.0407792580344102,0.2150479999999999,0.9259318523308625,2.6884573,0.031121600000000083,0.9875466576314904,2.4136979999999966,0.9631145817414958,0.03174604000000003,2,3,1,0.4597833152031193,4.440204147225784,0
44b6_0113de3b,4,1243,1569,False,False,5.450415695155737,4.375446405796785,3.25,4.0625,1.625,3.25,2,1.4699948631330724,0.013580799999999948,1.0151866054650092,0.2749449999999998,0.9072167581945989,2.6884573,0.04132530000000001,0.9835321643558943,3.2182579999999916,0.9514169138390788,0.03174604000000003,2,2,0,0.5500144373807818,6.000430132536518,0
44b6_0113de3b,4,1243,1564,False,False,6.512682938889317,4.318496736423452,4.875,2.84375,3.25,4.875,3,2.5322621068666527,0.0495216799999999,1.0577286374357313,0.20289749999999973,0.9298229334465163,2.6884573,0.020834199999999914,0.9916273948497806,1.6091279999999983,0.9751036267145345,0.047619060000000046,2,2,0,0.39595875085181975,6.908641689741137,0
44b6_0113de3b,4,1244,1551,False,False,2.0714766773970688,1.284675299443404,1.625,1.21875,0.40625,1.625,1,0.0,0.05373706,1.061639780859219,0.34036849999999985,1.1172229056275336,2.9035053,0.006811699999999643,1.0027208334550066,0.5363750000000067,1.0081965371802317,0.015873040000000005,1,3,2,0.25287880562358,2.324355483020649,0
44b6_0113de3b,4,1244,1569,False,False,4.021669817998489,3.6787502123683256,1.625,3.65625,0.40625,1.625,2,1.95019314060142,0.031763450000000026,1.0355341702259924,0.2804715,1.0946414037628176,2.9634023,0.0033920000000002837,0.9986446553705609,0.26818499999998835,0.9959513189103804,0.015873040000000005,1,2,1,0.197501524216281,4.21917134221477,0
44b6_0113de3b,4,1244,1564,False,False,4.5420130792964475,3.1729139308370784,3.25,2.4375,2.03125,3.25,3,2.4705364018993787,0.06770432999999998,1.0789288796709129,0.352519,1.1219178569234847,2.8913548,0.01709909999999981,1.0068642733553033,1.340945000000005,1.0207467714462934,0.03174606000000002,1,2,1,0.33331749217701956,4.875330571473467,0
44b6_0113de3b,4,1245,1516,False,False,3.6336104634371584,1.625,3.25,0.0,1.625,3.25,1,0.0,0.007801050000000087,1.0085574538558382,0.1376725000000003,1.059176653029116,2.3262875,0.028586000000000222,1.0117616020079019,2.145507000000002,1.0357140990404705,0.03174603999999992,4,3,1,0.30965469271020046,3.943265156147359,0
44b6_0113de3b,4,1245,1514,False,False,3.832554834897995,2.03125,3.25,1.625,-1.21875,3.25,2,0.19894437146083677,0.21227574999999987,0.8122224168234534,1.3897464,0.6393724250180942,2.46396,0.031384599999999985,0.9873895573037546,2.413693000000002,0.9626555019592802,0.03174603999999992,4,3,1,1.0169147372140748,4.84946957211207,0
44b6_0113de3b,4,1245,1507,False,False,5.202538442914189,4.0625,3.25,3.25,-2.4375,3.25,3,1.568927979477031,0.08332514999999985,0.9167951820268732,0.2081371999999999,0.9221037239823313,2.46396,0.010641500000000192,1.004343739472872,0.8045669999999987,1.0131002975323522,0.03174603999999992,4,3,1,0.36310007054105936,5.565638513455249,0
44b6_0113de3b,4,1246,1511,False,False,1.8168052317185792,0.8125,1.625,0.0,0.8125,1.625,1,0.0,0.07098467000000008,0.9201755725052653,0.9071443000000001,0.7151981495988916,2.2780578,0.04585499999999998,0.9815259043153417,3.486450000000005,0.9456065501666722,0.015873020000000015,3,2,1,0.7128405068258269,2.529645738544406,0
44b6_0113de3b,4,1246,1525,False,False,4.162823748671087,2.6012692214570947,3.25,-1.625,2.03125,3.25,2,2.3460185169525083,0.023570599999999997,0.9719935788777574,0.5188921999999998,0.8144763600480522,2.2780578,0.017839700000000125,0.9927282103168915,1.3409419999999983,0.978354826581573,0.03174606000000002,3,3,0,0.35990974394618824,4.5227334926172755,0
44b6_0113de3b,4,1248,1504,False,False,3.832554834897995,2.03125,3.25,1.625,1.21875,3.25,1,0.0,0.03239833000000003,1.0365801272588744,0.0024351999999998597,1.0008638753694141,2.8073394,0.0035471999999998616,0.9985508322122639,0.2681880000000021,0.9956708426397997,0.03174606000000002,4,1,3,0.14735112252038618,3.9799059574183815,0
44b6_0113de3b,4,1248,1552,False,False,4.614113030962723,4.318496736423452,1.625,-3.25,2.84375,1.625,2,0.7815581960647275,0.11967683000000007,1.1499341397440241,0.8040846999999998,1.4008948198082871,2.0056899,0.06194140000000026,1.0259218129070884,4.559203999999994,1.0798120150781745,0.015873020000000015,4,1,3,0.7620856229115499,5.3761986538742725,0
44b6_0113de3b,4,1249,1532,False,False,1.86167137607581,0.9084026158592896,1.625,0.8125,-0.40625,1.625,1,0.0,0.00806304999999996,0.991296447699419,0.32616210000000034,1.1087792910911085,2.9982822,0.0,0.9999959435845092,0.0,0.999999840652976,0.01587302,1,2,1,0.24117981801348137,2.102851194089291,0
44b6_0113de3b,4,1249,1566,False,False,4.0010984819796676,3.65625,1.625,3.65625,0.0,1.625,2,2.1394271059038577,0.02215199999999995,1.0246750685078059,0.4896066000000001,1.1727064914280934,2.8348377,0.042882200000000203,1.0176986094279994,3.218263999999998,1.0540539169620669,0.01587302,1,1,0,0.5236686623328884,4.524767144312556,0
44b6_0113de3b,4,1250,1555,False,False,2.03125,1.21875,1.625,0.0,1.21875,1.625,1,0.0,0.0006890299999999794,1.0008804263128894,0.024208600000000136,1.0103553564853702,2.3368096,0.03594419999999987,0.9853526176560717,2.681885000000001,0.9567097984379663,0.015872999999999915,3,2,1,0.3831418753986726,2.414391875398673,0
44b6_0113de3b,4,1251,1532,False,False,3.5648292823780494,1.4647552056572457,3.25,0.8125,1.21875,3.25,1,0.0,0.011832449999999994,0.9872326589155256,0.025146200000000007,1.0083835057837258,2.9982822,0.003516900000000156,0.9985693428205319,0.26818899999999957,0.9957263287526057,0.03174603000000001,1,2,1,0.06990922920902978,3.6347385115870794,0
44b6_0113de3b,4,1251,1566,False,False,5.154734625807618,4.0010984819796676,3.25,3.65625,1.625,3.25,2,1.5899053434295682,0.018382599999999916,1.0204744451118468,0.18859069999999978,1.066522339101321,2.8348377,0.03936530000000005,1.0162467539249616,2.9500749999999982,1.0495494042865168,0.03174603000000001,1,1,0,0.4207693594427662,5.575503985250384,0
44b6_0113de3b,4,1251,1614,False,False,6.953879874753374,2.471122277933652,-6.5,-2.4375,-0.40625,6.5,3,3.389050592375325,0.3024030999999999,1.493040936864374,1.6997379999999997,2.284073042510223,1.3236904,0.45082880000000003,1.2241892500068379,28.427978000000003,1.834645103822387,0.06349207,1,1,0,2.419488698439188,9.373368573192563,0
44b6_0113de3b,4,1252,1559,False,False,3.8540258983302125,2.0714766773970688,3.25,-0.40625,2.03125,3.25,1,0.0,0.0020697200000000526,0.9977692594443769,0.1795388,1.0932947818335819,1.9243077,0.01805089999999998,0.9925992032287829,1.3409440000000004,0.9779733810101429,0.03174604999999997,3,2,1,0.23588096606381223,4.089906864394025,0
44b6_0113de3b,4,1252,1521,False,False,4.0010984819796676,3.65625,1.625,-3.65625,0.0,1.625,2,0.14707258364945508,0.049197460000000026,0.9497589817730349,0.21146650000000022,0.9086622039343969,2.1038465,0.0036315000000000097,0.9984989571224824,0.26818999999999704,0.9955155031164077,0.015873020000000015,3,2,1,0.19690847615010473,4.198006958129772,0
44b6_0113de3b,4,1253,1515,False,False,2.333728575156074,1.6750116604071745,1.625,1.625,-0.40625,1.625,1,0.0,0.033217300000000005,0.9690987082154638,0.24465380000000003,0.9492386222813386,4.5752172,0.0,0.9999960632807153,0.0,0.9999998543468578,0.01587302,3,1,2,0.17035369459570693,2.5040822697517813,0
44b6_0113de3b,4,1254,1533,False,False,2.8726212985703494,2.368824207280903,1.625,-2.03125,1.21875,1.625,1,0.0,0.12132796000000012,0.88103463760153,0.5864395999999998,0.8241320236955457,2.7481518,0.04666160000000019,0.9810410129723446,3.486449999999998,0.9442058605722625,0.01587303000000001,2,0,2,0.6408243453021998,3.513445643872549,0
44b6_0113de3b,4,1255,1474,False,False,3.494694639736067,1.284675299443404,3.25,1.21875,0.40625,3.25,1,0.0,0.04099920000000001,0.9595756992081571,0.4009217999999999,0.8812711138681694,2.9759364,0.00993540000000026,0.9960898595519886,0.8045699999999982,0.9883266388052425,0.03174605,1,0,1,0.27699188372289163,3.7716865234589587,0
44b6_0113de3b,4,1256,1561,False,False,0.40625,0.40625,0.0,0.40625,0.0,0.0,1,0.0,0.07094685,0.9178299639343686,0.04602459999999997,0.9784504505854029,2.0901864,0.04019450000000013,0.9835011791027656,2.9500740000000008,0.9513272644064967,0.0,3,1,2,0.46021735240151446,0.8664673524015145,0
44b6_0113de3b,4,1256,1610,False,False,4.667457150312148,3.350023320814349,3.25,3.25,0.8125,3.25,2,4.261207150312148,0.17733725,0.8171540606346539,0.4461561999999999,0.8240914137884456,2.0901864,0.0493112,1.0210033226192015,3.486449999999998,1.0643562358841632,0.03174602999999998,3,3,0,0.8760947359695654,5.543551886281714,0
44b6_0113de3b,4,1257,1498,False,False,2.4375,1.8168052317185792,1.625,1.625,-0.8125,1.625,1,0.0,0.023614000000000024,0.9770410897824199,0.14385920000000008,0.9484655050451573,2.6478376,0.007083999999999868,1.0028860476283534,0.5363770000000017,1.0086954893507747,0.015873010000000007,2,2,0,0.14611240337523895,2.583612403375239,0
44b6_0113de3b,4,1257,1550,False,False,3.040096626753827,2.569350598886808,1.625,-2.4375,0.8125,1.625,2,0.6025966267538272,0.05126469999999994,0.9514728766100641,0.14498640000000007,0.9480827002249328,2.6478376,0.007083999999999868,1.0028860476283534,0.5363770000000017,1.0086954893507747,0.015873010000000007,2,1,1,0.22707267670152317,3.26716930345535,0
44b6_0113de3b,4,1258,1474,False,False,6.147678042358757,3.7454399357752353,4.875,2.84375,2.4375,4.875,1,0.0,0.12843435000000003,0.8733876047469168,0.8845615000000002,0.7380497408812106,2.4922967,0.1175092000000002,0.9537960688018646,9.118410000000004,0.8677041311174771,0.04761905999999999,1,0,1,1.4729140767038342,7.620592119062591,0
44b6_0113de3b,4,1258,1482,False,False,6.2541392543258905,6.039340428598143,1.625,-5.6875,2.03125,1.625,2,0.1064612119671331,0.14692214999999997,0.8577557648102999,0.7371128000000002,0.7717475849761852,2.4922967,0.10090639999999995,0.9600629454493879,7.777465999999997,0.8849205011648849,0.015873009999999993,1,1,0,1.2599129785320078,7.514052232857898,0
44b6_0113de3b,4,1259,1550,False,False,2.6012692214570947,2.03125,1.625,1.625,-1.21875,1.625,1,0.0,0.05776859999999995,0.9453174908581085,0.03137780000000001,0.988761308405727,2.7614462,0.0035471999999998616,1.001443105410095,0.2681880000000021,1.0043476555103354,0.015873010000000007,1,1,0,0.24643252269774785,2.8477017441548425,0
44b6_0113de3b,4,1259,1498,False,False,6.563169608695177,6.358818311015027,1.625,5.6875,-2.84375,1.625,2,3.9619003872380825,0.03011790000000003,0.9707202949905084,0.030250600000000016,0.9891605379189533,2.7614462,0.0035471999999998616,1.001443105410095,0.2681880000000021,1.0043476555103354,0.015873010000000007,1,2,1,0.13266578488008748,6.695835393575265,0
44b6_0113de3b,4,1260,1479,False,False,2.7252078475778685,2.7252078475778685,0.0,-2.4375,-1.21875,0.0,1,0.0,0.017979980000000007,0.9815771121651892,1.7414928,0.5762600403884484,2.3683357,0.006632399999999983,0.9973850735824011,0.5363799999999941,0.9921873111060813,0.0,1,0,1,1.1677772483003754,3.892985095878244,0
44b6_0113de3b,4,1261,1568,False,False,0.9084026158592896,0.9084026158592896,0.0,-0.40625,-0.8125,0.0,1,0.0,0.036329959999999994,1.0393888928015136,0.9346682,1.3714321820818378,2.516353,0.017839700000000125,1.0073168184395134,1.3409419999999983,1.022123718743218,0.0,3,3,0,0.6052269289010419,1.5136295447603314,0
44b6_0113de3b,4,1261,1538,False,False,2.03125,2.03125,0.0,1.625,1.21875,0.0,2,1.1228473841407105,0.007449800000000062,1.0078234091316571,0.5294254,1.1812069924012336,2.9215958,0.014250800000000119,1.0058354382483459,1.0727539999999962,1.0176209798111309,0.0,3,3,0,0.37130393100408843,2.402553931004088,0
44b6_0113de3b,4,1261,1540,False,False,4.021669817998489,3.6787502123683256,-1.625,3.65625,-0.40625,1.625,3,3.113267202139199,0.07175746999999999,1.0809189144374731,0.8496237,1.3265976975925533,2.6013975,0.021439200000000103,1.0088069633089773,1.6091309999999979,1.02666649895711,0.015873010000000076,3,3,0,0.5508662856698983,4.572536103668387,0
44b6_0113de3b,4,1262,1632,False,False,1.7235727791422095,1.7235727791422095,0.0,1.21875,-1.21875,0.0,1,0.0,0.19652230000000004,1.3456298934787856,0.4164721,1.360782750641433,1.1543193,0.10090639999999995,1.0415899553994674,7.777465999999997,1.130044657696781,0.0,3,3,0,1.3333599304717534,3.056932709613963,0
44b6_0113de3b,4,1262,1546,False,False,2.6012692214570947,2.03125,1.625,-2.03125,0.0,1.625,2,0.8776964423148852,0.05657420000000002,1.0798353278686328,0.33449479999999987,0.8244342270771338,1.5707914,0.04768820000000007,1.0192312982479577,3.7546389999999974,1.0588233690565116,0.01587301999999996,3,2,1,0.7302737764620443,3.331542997919139,0
44b6_0113de3b,4,1263,1555,False,False,3.65625,3.2752922102462856,1.625,1.625,2.84375,1.625,1,0.0,0.039380670000000007,1.051047779662291,0.46363619999999983,1.1984005098211261,2.3368096,0.021070799999999945,1.0085799597840865,1.6091320000000024,1.0259738788125197,0.015872999999999915,2,2,0,0.35132415811025575,4.0075741581102555,0
44b6_0113de3b,4,1264,1528,False,False,2.7252078475778685,2.1877232028983924,1.625,2.03125,0.8125,1.625,1,0.0,0.06391330000000006,0.9284533548797901,0.005894399999999855,0.9980786704467176,3.0671759,0.054953099999999644,0.9781908367159571,4.291016000000006,0.9359998556239468,0.015873009999999965,2,1,1,0.7157673727374687,3.4409752203153374,0
44b6_0113de3b,4,1265,1568,False,False,1.8168052317185792,1.8168052317185792,0.0,1.625,0.8125,0.0,1,0.0,0.041985640000000046,0.9544558484620865,0.06287939999999992,0.9750078188242316,2.4534736,0.014461999999999975,0.9940610892804344,1.0727559999999983,0.9823006884306683,0.0,3,3,0,0.20601802897357568,2.022823260692155,0
44b6_0113de3b,4,1265,1538,False,False,4.631962664465248,4.631962664465248,0.0,3.65625,2.84375,0.0,2,2.815157432746669,0.07086579999999998,0.9254697194906446,0.4681221999999998,0.8397688695716582,2.4534736,0.01805089999999998,0.9925992032287829,1.3409440000000004,0.9779733810101429,0.0,3,3,0,0.3555960096556727,4.987558674120921,0
44b6_0113de3b,4,1265,1540,False,False,6.039340428598143,5.816614806956019,-1.625,5.6875,1.21875,1.625,3,4.222535196879564,0.006558130000000051,0.9925922691143785,0.14792389999999989,0.9431331308147609,2.4534736,0.010862499999999997,0.9955316246720897,0.8045669999999987,0.9866664770819504,0.015873010000000076,3,3,0,0.13595154109471613,6.175291969692859,0
44b6_0113de3b,4,1266,1542,False,False,0.5745242597140698,0.5745242597140698,0.0,0.40625,0.40625,0.0,1,0.0,0.00546096000000007,0.9931175430593858,0.19917939999999978,1.0660843449408144,3.0138566,0.0035368000000000066,1.0014367831310547,0.26818899999999957,1.004328850668913,0.0,1,1,0,0.151193699890423,0.7257179596044928,0
44b6_0113de3b,4,1266,1573,False,False,4.908737426772795,4.631962664465248,1.625,-3.65625,2.84375,1.625,2,4.334213167058725,0.041104640000000026,1.054913795476491,1.1267527999999998,1.5400692481766223,2.0862832,0.061571000000000264,1.0256866348217655,4.559204999999999,1.0790695965136081,0.015873020000000015,1,3,2,0.897618952579002,5.806356379351797,0
44b6_0113de3b,4,1267,1528,False,False,4.021669817998489,3.6787502123683256,1.625,3.65625,0.40625,1.625,1,0.0,0.04263676000000005,0.9522672858997148,0.03855800000000009,0.98744972593134,3.0345123,0.03406049999999983,0.9864809463500241,2.6818860000000058,0.9599998389192795,0.015873009999999965,1,1,0,0.4546222623644062,4.476292080362895,0
44b6_0113de3b,4,1268,1526,False,False,2.6012692214570947,2.03125,1.625,-1.21875,1.625,1.625,1,0.0,0.18240370000000006,0.8336227994072162,1.3908763,0.6129966460955668,2.203104,0.003516900000000156,0.9985693428205319,0.26818899999999957,0.9957263287526057,0.015873020000000015,4,3,1,0.9506948243418669,3.551964045798962,0
44b6_0113de3b,4,1268,1541,False,False,3.8540258983302125,3.8540258983302125,0.0,-1.21875,3.65625,0.0,2,1.2527566768731178,0.046176470000000025,0.9518970693161218,0.1172926999999997,0.9494473533454287,2.203104,0.003526799999999941,1.0014306478717852,0.2681880000000021,1.004310175724465,0.0,4,3,1,0.19041007976367086,4.044435978093883,0
44b6_0113de3b,4,1268,1544,False,False,4.375446405796785,4.375446405796785,0.0,-4.0625,1.625,0.0,3,1.77417718433969,0.04696003000000004,0.9511208852165415,0.0956652,0.958379995782109,2.203104,0.003516900000000156,0.9985693428205319,0.26818899999999957,0.9957263287526057,0.0,4,3,1,0.18184221086813482,4.55728861666492,0
44b6_0113de3b,4,1268,1722,False,False,6.358818311015027,5.465534769123694,3.25,4.0625,-3.65625,3.25,4,3.7575490895579327,0.6785100799999999,3.8814393792365323,1.7716973500000002,5.106673560234636,0.43140665,0.13393809999999995,1.0575347959857129,9.654785000000004,1.1827408895250215,0.031746039999999975,4,0,4,2.6964579065496697,9.055276217564696,0
44b6_0113de3b,4,1269,1575,False,False,1.6750116604071745,0.40625,1.625,0.40625,0.0,1.625,1,0.0,0.010224899999999981,1.0120408135119643,0.07730460000000017,1.0374032944781284,2.0665085,0.0,0.9999959142741166,0.0,0.9999998371737796,0.015873020000000015,1,1,0,0.05334473566103899,1.7283563960682136,0
44b6_0113de3b,4,1269,1518,False,False,5.998209368219819,3.494694639736067,4.875,2.03125,2.84375,4.875,2,4.3231977078126445,0.11677190000000004,0.8802670540545777,0.38263939999999996,0.8485434080260443,2.1438131,0.0959437000000003,0.9622747759259208,7.509280000000004,0.8910504182478061,0.047619049999999996,1,1,0,1.2302643354386549,7.228473703658474,0
44b6_0113de3b,4,1270,1536,False,False,3.6336104634371584,1.625,3.25,1.625,0.0,3.25,1,0.0,0.05093225000000001,0.9325915466996293,0.44139930000000005,0.8538433763124308,2.5787022,0.010402299999999975,0.9958118328242207,0.8045639999999992,0.9874998687179684,0.031746019999999986,2,1,1,0.29897570885025077,3.9325861722874094,0
44b6_0113de3b,4,1270,1524,False,False,5.2183757350827085,4.0827619710803615,3.25,4.0625,-0.40625,3.25,2,1.58476527164555,0.12856414000000005,0.8457153840604464,0.8133132999999999,0.7602248862810731,2.5787022,0.05450350000000004,0.9784550738481901,4.291015000000002,0.936758764832625,0.031746019999999986,2,1,1,0.8474993303591041,6.065875065441812,0
44b6_0113de3b,4,1271,1553,False,False,1.6750116604071745,0.40625,1.625,0.40625,0.0,1.625,1,0.0,0.0017265999999999115,0.9977260912889369,0.9697611999999998,0.7509342938066117,2.9238648,0.017385899999999843,0.9930028007862683,1.3409419999999983,0.9791665203661777,0.01587299999999997,0,0,0,0.6801983737814128,2.3552100341885875,0
44b6_0113de3b,4,1272,1588,False,False,1.86167137607581,0.9084026158592896,1.625,0.8125,0.40625,1.625,1,0.0,0.037856699999999965,1.0536928738165612,0.6656144999999993,1.1217893508594636,5.465201,0.030779900000000193,1.0123938968016433,2.4136939999999925,1.0376567061051913,0.015873020000000015,0,0,0,0.5360098222410573,2.3976811983168673,0
44b6_0113de3b,4,1273,1480,False,False,1.625,0.0,1.625,0.0,0.0,1.625,1,0.0,0.18363744999999998,0.7828148391855485,0.8282845000000001,1.373834827530147,2.2156062,0.018979300000000254,1.0089844808088055,1.0727539999999962,1.027210626212912,0.015873040000000005,0,0,0,1.156456830961937,2.781456830961937,0
44b6_0113de3b,4,1274,1541,False,False,2.632800908728193,2.0714766773970688,1.625,0.40625,2.03125,1.625,1,0.0,0.1640105300000001,1.1708055654980623,0.9653737000000002,1.4160321119569255,2.3203967,0.01753399999999994,1.0071288311263544,1.3409430000000029,1.021551569721357,0.01587301000000002,3,3,0,0.7340512702910615,3.3668521790192547,0
44b6_0113de3b,4,1274,1544,False,False,2.9295104113144914,2.4375,1.625,-2.4375,0.0,1.625,2,0.29670950258629825,0.16322697000000008,1.1698508817481768,0.9870011999999999,1.4293545025985965,2.2987692,0.010490299999999841,1.004251245126876,0.8045660000000012,1.0128203604193848,0.01587301000000002,3,3,0,0.7368080279379777,3.666318439252469,0
44b6_0113de3b,4,1274,1526,False,False,3.2752922102462856,0.40625,3.25,0.40625,0.0,3.25,3,0.6424913015180924,0.027783300000000066,1.025331671388846,0.30820990000000004,0.9142401970311383,3.2857704,0.010490299999999841,1.004251245126876,0.8045660000000012,1.0128203604193848,0.031746030000000036,3,3,0,0.31090088112958514,3.5861930913758706,0
44b6_0113de3b,4,1275,1533,False,False,1.8168052317185792,0.8125,1.625,0.8125,0.0,1.625,1,0.0,0.007603800000000049,0.9925350774297715,0.19116399999999967,0.9426696096271058,3.1434274,0.003516900000000156,1.0014245766506245,0.26818899999999957,1.0042916931551176,0.01587303000000001,1,0,1,0.13356511633879808,1.9503703480573773,0
44b6_0113de3b,4,1276,1558,False,False,1.6750116604071745,0.40625,1.625,0.0,0.40625,1.625,1,0.0,0.026110560000000005,0.9657286732150788,0.1987698,0.9439355037086146,3.346776,0.0,0.9999959435845092,0.0,0.999999840652976,0.015873020000000015,1,2,1,0.1368504980669386,1.811862158474113,0
44b6_0113de3b,4,1277,1561,False,False,2.368824207280903,2.368824207280903,0.0,-1.21875,2.03125,0.0,1,0.0,0.051886100000000046,0.9399028506949559,0.04771919999999996,1.0223334570720912,2.136211,0.03648449999999981,0.9850236610520187,2.6818859999999987,0.9557520345531605,0.0,3,1,2,0.4139594232611144,2.7827836305420175,0
44b6_0113de3b,4,1277,1610,False,False,4.614113030962723,3.2752922102462856,3.25,1.625,2.84375,3.25,2,2.2452888236818196,0.15827650000000004,0.8368057932595353,0.35241239999999996,0.8610514957581213,2.1839302,0.053021200000000324,1.022583858730234,3.754638,1.0693067212472562,0.03174602999999998,3,3,0,0.8333372764756612,5.447450307438384,0
44b6_0113de3b,4,1278,1511,False,False,6.214430032191206,5.296851954227152,3.25,4.46875,2.84375,3.25,1,0.0,0.08628137000000002,0.9029763895235189,1.1336915000000003,0.6440734668815303,2.0515106,0.060316999999999954,0.9757007136080152,4.559206000000003,0.9288701184653472,0.03174606000000002,3,2,1,0.9017683213029818,7.116198353494188,0
44b6_0113de3b,4,1278,1525,False,False,6.953879874753374,4.958913218891817,4.875,2.84375,4.0625,4.875,2,0.7394498425621681,0.03886729999999994,0.953825855326168,0.7454394,0.7334787054516332,2.0515106,0.0323017000000001,0.9868365358127198,2.4136979999999966,0.961038778240053,0.047619100000000025,3,3,0,0.5430547643862275,7.496934639139602,0
44b6_0113de3b,4,1279,1512,False,False,5.658407737606049,2.8726212985703494,4.875,0.40625,-2.84375,4.875,1,0.0,0.09375315000000006,0.9040522737905733,0.4302649999999999,0.8589149241991719,2.6194806,0.006632399999999983,0.9973850735824011,0.5363799999999941,0.9921873111060813,0.047619069999999986,4,0,4,0.38517769450989636,6.043585432115945,0
44b6_0113de3b,4,1280,1522,False,False,1.7235727791422095,0.5745242597140698,1.625,0.40625,0.40625,1.625,1,0.0,0.0022941300000000053,0.9973754271624341,0.1775966999999996,0.9662519448103303,5.0851173,0.01696019999999976,0.9932572828433605,1.3409400000000034,0.9799195674564465,0.015873010000000007,1,0,1,0.24251722478668125,1.9660900039288909,0
44b6_0113de3b,4,1281,1544,False,False,1.7235727791422095,0.5745242597140698,1.625,0.40625,0.40625,1.625,1,0.0,0.015048170000000027,1.015649392550168,0.26137160000000037,0.8862954737018673,2.0373976,0.042882200000000203,0.9826011415483344,3.218263999999998,0.9487177615873411,0.01587301000000002,4,3,1,0.5036892554857109,2.2272620346279206,0
44b6_0113de3b,4,1281,1541,False,False,4.375446405796785,4.0625,1.625,3.25,2.4375,1.625,2,2.6518736266545755,0.015831730000000044,1.0164782366240381,0.28299910000000006,0.878034699692946,2.0373976,0.035838500000000106,0.9854166912444008,2.681886999999996,0.9568963623231002,0.01587301000000002,4,3,1,0.4395961502316689,4.8150425560284535,0
44b6_0113de3b,4,1281,1526,False,False,4.614113030962723,3.2752922102462856,3.25,3.25,0.40625,3.25,3,2.8905402518205134,0.12039549999999999,0.8901796848264444,1.5565827000000003,0.5668901221018876,2.0373976,0.042882200000000203,0.9826011415483344,3.218263999999998,0.9487177615873411,0.031746030000000036,4,3,1,1.017982529095652,5.632095560058374,0
44b6_0113de3b,4,1282,1577,False,False,3.374565944310468,0.9084026158592896,3.25,-0.40625,0.8125,3.25,1,0.0,0.0557420500000001,0.9192667956902362,0.5155254000000005,0.8807188657820987,3.8064842,0.048214699999999944,0.9808133090935653,3.754635999999998,0.9435482835481482,0.03174605000000008,0,1,1,0.6390178647780396,4.013583809088508,0
44b6_0113de3b,4,1282,1584,False,False,4.0827619710803615,2.471122277933652,3.25,-2.4375,0.40625,3.25,2,0.7081960267698935,0.05381810000000009,0.9218350519071765,0.08017580000000013,0.979369022839603,3.8064842,0.06499379999999988,0.974309078107496,5.095581000000003,0.9249010507401473,0.03174605000000008,0,2,2,0.828913535812616,4.911675506892977,0
44b6_0113de3b,4,1283,1615,False,False,0.8125,0.8125,0.0,-0.8125,0.0,0.0,1,0.0,0.1767552,1.2677372204834612,0.8893825,1.442008342457223,2.012107,0.054776500000000006,1.031510650498029,2.145508000000003,1.0975604853974033,0.0,0,1,1,1.048785221213977,1.861285221213977,0
44b6_0113de3b,4,1284,1605,False,False,0.9084026158592896,0.9084026158592896,0.0,0.8125,0.40625,0.0,1,0.0,0.056163349999999945,1.082519145246707,0.5612540000000004,1.180507084797909,3.109253,0.2885374999999999,0.8790368575855112,18.236816999999995,0.6792451529317934,0.0,0,1,1,1.7108610966557938,2.6192637125150835,0
44b6_0113de3b,4,1285,1583,False,False,2.1877232028983924,2.1877232028983924,0.0,2.03125,0.8125,0.0,1,0.0,0.010994999999999977,1.0143188396956038,0.6744724,1.2663716102569806,2.5320256,0.010094099999999884,1.00401206248602,0.8045699999999982,1.012096691136395,0.0,0,1,1,0.4558281648767076,2.6435513677751,0
44b6_0113de3b,4,1286,1521,False,False,2.0714766773970688,1.284675299443404,1.625,-1.21875,0.40625,1.625,1,0.0,0.07805600000000001,1.0796852856973662,0.9144769999999998,1.3949630353950613,2.315313,0.039250700000000194,1.0161751951788556,2.9500740000000008,1.0493271917017077,0.015873020000000015,3,2,1,0.662218824172514,2.7336955015695827,0
44b6_0113de3b,4,1286,1559,False,False,4.5420130792964475,3.1729139308370784,3.25,2.03125,2.4375,3.25,2,2.4705364018993787,0.12518374,1.1342633327164362,1.3054823,1.6784078845192765,1.9243077,0.024831300000000223,1.0101709990585968,1.8773199999999974,1.030836846078127,0.03174604999999997,3,2,1,0.837714755978655,5.379727835275102,0
44b6_0113de3b,4,1287,1572,False,False,2.632800908728193,2.0714766773970688,1.625,2.03125,-0.40625,1.625,1,0.0,0.05264804000000001,0.9371864798610999,0.4529589999999999,0.8665459153537971,2.9412246,0.006983599999999868,0.9971751259532072,0.5363779999999991,0.9915610091018535,0.01587303000000001,2,1,1,0.29841669184669123,2.9312176005748842,0
44b6_0113de3b,4,1287,1567,False,False,3.917733121653388,2.1877232028983924,3.25,2.03125,0.8125,3.25,2,1.2849322129251948,0.019244469999999958,0.9760790196518593,0.02579790000000015,1.0088452958007972,2.9154267,0.0035066999999999737,1.0014184068046856,0.2681880000000021,1.004273336618644,0.031746039999999975,2,2,0,0.102540788892011,4.020273910545399,0
44b6_0113de3b,4,1288,1512,False,False,2.7252078475778685,2.7252078475778685,0.0,2.4375,1.21875,0.0,1,0.0,0.12777020000000006,0.8692426646866516,0.10744890000000007,0.9647647503295018,2.9422967,0.0,0.9999960632807153,0.0,0.9999998543468578,0.0,2,0,2,0.5191282789903807,3.2443361265682493,0
44b6_0113de3b,4,1289,1552,False,False,4.33756303988772,2.8726212985703494,3.25,-0.40625,2.84375,3.25,1,0.0,0.009797940000000005,1.0122636019000932,0.1580518999999998,1.0787963842447217,2.0056899,0.047648899999999994,1.0199395888499128,3.486449999999998,1.0610326741632734,0.03174606000000002,4,1,3,0.4620585687922167,4.799621608679937,0
44b6_0113de3b,4,1289,1504,False,False,6.724634051381532,4.631962664465248,4.875,4.46875,1.21875,4.875,2,2.387071011493812,0.07748056000000003,0.9124803734505162,0.6435976000000001,0.7707418962527428,2.1637418,0.017839700000000125,0.9927282103168915,1.3409419999999983,0.978354826581573,0.047619100000000025,4,1,3,0.44028858557674494,7.164922636958277,0
44b6_0113de3b,4,1290,1506,False,False,3.300390601883359,0.5745242597140698,3.25,-0.40625,-0.40625,3.25,1,0.0,0.1618001699999999,0.776642657905683,0.053936000000000206,1.0247101587638927,2.1823313,0.052519500000000274,0.978216067646368,3.754638,0.9360729110235718,0.03174604000000003,1,1,0,0.7964172350102974,4.096807836893657,0
44b6_0113de3b,4,1291,1524,False,False,1.8168052317185792,0.8125,1.625,0.8125,0.0,1.625,1,0.0,0.08636233999999998,0.8963561155866916,0.6305220999999999,0.8141133962583713,2.7614934,0.06851070000000004,0.97291912239408,5.363770000000002,0.9209484744633128,0.015873000000000026,1,1,0,0.90615420821133,2.7229594399299093,0
44b6_0113de3b,4,1291,1536,False,False,2.333728575156074,1.6750116604071745,1.625,-1.625,0.40625,1.625,2,0.5169233434374949,0.008730449999999945,0.9884343503545835,0.2586081,0.9143680291274014,2.7614934,0.024409499999999973,0.9901776794417235,1.877319,0.9708331875507222,0.015873000000000026,1,1,0,0.3173534275530273,2.6510820027091015,0
44b6_0113de3b,4,1292,1552,False,False,2.1877232028983924,1.4647552056572457,1.625,-0.8125,1.21875,1.625,1,0.0,0.07855064,1.0984059099196084,0.48732969999999964,1.2429674050439947,2.0056899,0.09003659999999991,1.0376812518667635,6.704710999999996,1.1173706794022478,0.015873020000000015,4,1,3,0.9466271968967352,3.1343503997951276,0
44b6_0113de3b,4,1292,1504,False,False,5.2183757350827085,4.0827619710803615,3.25,4.0625,-0.40625,3.25,2,3.030652532184316,0.008727860000000032,0.9901312592909166,0.31431980000000026,0.8880332458795474,2.4930196,0.024547999999999792,1.0099965363700294,1.877319,1.0303028586146064,0.03174606000000002,4,1,3,0.3700502412380792,5.588425976320788,0
44b6_0113de3b,4,1293,1563,False,False,1.9902104160113323,1.1490485194281397,1.625,0.8125,0.8125,1.625,1,0.0,0.03134996000000001,0.9528234721577649,0.04861049999999967,1.0173366239762043,2.8033328,0.007043700000000097,0.9971387262052188,0.5363770000000017,0.9914528327869376,0.015873000000000026,2,1,1,0.16528137025639064,2.155491786267723,0
44b6_0113de3b,4,1294,1597,False,False,2.9295104113144914,2.4375,1.625,2.4375,0.0,1.625,1,0.0,0.06168132999999998,0.9141788172178984,0.0032783000000002893,1.0008486937872152,3.8509667,0.016646699999999903,0.99344272478923,1.3409400000000034,0.9804686418980585,0.015873009999999965,0,0,0,0.33593214418175527,3.2654425554962465,0
44b6_0113de3b,4,1295,1585,False,False,3.1729139308370784,2.7252078475778685,1.625,1.21875,2.4375,1.625,1,0.0,0.03671897000000002,0.9517043256162799,0.02466070000000009,0.9840605766186082,1.523108,0.02497600000000011,1.010260515836892,1.8773199999999974,1.0311109513561578,0.015873020000000015,2,1,1,0.32774858289179903,3.5006625137288774,0
44b6_0113de3b,4,1296,1637,False,False,0.0,0.0,0.0,0.0,0.0,0.0,1,0.0,0.21621888999999994,1.4319946326174584,0.9075955400000001,1.9488251233492315,0.95652616,0.12648879999999996,1.0678877051129352,5.9001470000000005,1.2178213526864465,0.0,1,0,1,1.4425214987014192,1.4425214987014192,0
44b6_0113de3b,4,1297,1591,False,False,2.0714766773970688,1.284675299443404,1.625,1.21875,0.40625,1.625,1,0.0,0.02882356999999991,1.0389028104209834,0.0375068999999999,1.013846967575439,2.7079403,0.010520200000000202,1.0042694646306976,0.8045649999999966,1.012875367521005,0.015873009999999993,2,0,2,0.1561695053418632,2.227646182738932,0
44b6_0113de3b,4,1297,1677,False,False,6.953879874753374,6.761347521944128,1.625,3.65625,-5.6875,1.625,2,4.882403197356306,0.21442932999999997,1.3863067016350814,1.2995025,1.8987089982832794,1.4459447,0.024205199999999927,0.9903001042444775,1.8773199999999974,0.9711932565094175,0.015873009999999993,2,1,1,1.0774790363472246,8.031358911100599,0
44b6_0113de3b,4,1298,1543,False,False,3.471001521535247,1.21875,3.25,0.0,1.21875,3.25,1,0.0,0.033098280000000035,0.9552377542905814,1.6794282999999997,0.6402868857638119,2.9893887,0.030949699999999858,1.0124972482763606,2.413695000000004,1.0379744993288305,0.03174602999999998,2,0,2,1.2115719989243472,4.682573520459594,0
44b6_0113de3b,4,1299,1570,False,False,1.7235727791422095,0.5745242597140698,1.625,0.40625,-0.40625,1.625,1,0.0,0.02507026000000001,0.9661969374581089,0.4580816999999997,0.8732400145993845,3.1557593,0.003516900000000156,0.9985693428205319,0.26818899999999957,0.9957263287526057,0.015873010000000007,0,0,0,0.286578440273254,2.0101512194154636,0
44b6_0113de3b,4,1300,1579,False,False,1.86167137607581,0.9084026158592896,1.625,-0.8125,0.40625,1.625,1,0.0,0.140401,1.1403448405819325,1.5676112,1.6626879211944776,2.3655095,0.013549799999999834,1.005408846526866,1.0727499999999992,1.0163263156789337,0.015873019999999995,1,2,1,0.9887500775909361,2.850421453666746,0
44b6_0113de3b,4,1300,1576,False,False,2.0714766773970688,1.284675299443404,1.625,1.21875,0.40625,1.625,2,0.20980530132125885,0.033412700000000184,0.9715343775108746,0.6134363,0.8650748355847391,3.9331207,0.020055099999999992,0.9920906211237979,1.6091299999999933,0.9764704574935366,0.015873019999999995,1,1,0,0.44756130724220217,2.519037984639271,0
44b6_0113de3b,4,1301,1502,False,False,1.6750116604071745,0.40625,1.625,0.0,-0.40625,1.625,1,0.0,0.05867369999999994,0.9343763129081863,3.2794573000000002,0.49716796716881173,3.2425263,0.0,0.999995326413122,0.0,0.999999756292806,0.015873000000000026,1,0,1,2.1727248950914513,3.847736555498626,0
44b6_0113de3b,4,1302,1574,False,False,2.6012692214570947,2.03125,1.625,-1.21875,1.625,1.625,1,0.0,0.06018153999999998,0.9247429554444435,0.3829859,1.130149711832784,2.9425697,0.020892599999999817,0.9915922915005865,1.6091300000000004,0.9749998617266175,0.015873009999999965,1,2,1,0.5016985689692697,3.1029677904263644,0
44b6_0113de3b,4,1302,1587,False,False,2.6012692214570947,2.03125,1.625,1.625,1.21875,1.625,2,0.0,0.015156240000000043,0.9799066068140512,0.03762259999999973,1.0114395535445717,3.287933,0.03803869999999998,0.984800397432254,2.950076000000003,0.9551018557003532,0.015873009999999965,1,2,1,0.46893263152915676,3.0702018529862514,0
44b6_0113de3b,4,1303,1599,False,False,1.8168052317185792,1.8168052317185792,0.0,1.625,-0.8125,0.0,1,0.0,0.029598899999999984,0.9621721335351576,0.8040954999999999,1.3856160462904898,2.0851872,0.08553599999999983,0.9663229412080107,6.704712000000001,0.9023436173190907,0.0,1,2,1,1.2831348675183445,3.0999400992369237,0
44b6_0113de3b,4,1304,1613,False,False,2.1877232028983924,1.4647552056572457,1.625,-0.8125,-1.21875,1.625,1,0.0,0.044498550000000026,1.0682663622686623,0.7620547999999996,1.2129766000547444,3.5780582,0.05102630000000019,1.0205777416263049,4.022828000000004,1.0630250572989177,0.015873019999999988,0,1,1,0.7667324816972251,2.9544556845956174,0
44b6_0113de3b,4,1304,1616,False,False,2.4375,1.8168052317185792,1.625,1.625,-0.8125,1.625,2,0.2497767971016076,0.03869429999999996,1.0588358936320266,1.1344819999999998,1.3538986430483013,3.205631,0.03378529999999991,1.0135293901810225,2.6818850000000083,1.0411521070876224,0.015873019999999988,0,2,2,0.8147153512353021,3.2522153512353023,0
44b6_0113de3b,4,1305,1572,False,False,5.154734625807618,4.0010984819796676,3.25,3.65625,1.625,3.25,1,0.0,0.031647239999999965,0.9622374345440509,0.4806961999999997,0.8583739595761422,2.9134874,0.006983599999999868,0.9971751259532072,0.5363779999999991,0.9915610091018535,0.031746030000000036,1,1,0,0.30208165260810493,5.456816278415722,0
44b6_0113de3b,4,1305,1567,False,False,6.724634051381532,4.631962664465248,4.875,3.65625,2.84375,4.875,2,1.5698994255739143,0.0017563300000000837,1.002169570266612,0.001939299999999644,0.999331386615254,2.9134874,0.0035066999999999737,1.0014184068046856,0.2681880000000021,1.004273336618644,0.04761904,1,2,1,0.0409780292769936,6.765612080658525,0
44b6_0113de3b,4,1306,1582,False,False,0.0,0.0,0.0,0.0,0.0,0.0,1,0.0,0.03915594,1.0721714974102403,2.0679333,0.654770928638076,3.922118,0.007531699999999919,0.9955297779488013,0.26818899999999957,0.9866661502805041,0.0,1,1,0,1.5095369047310956,1.5095369047310956,0
44b6_0113de3b,4,1307,1604,False,False,3.5648292823780494,1.4647552056572457,3.25,-0.8125,1.21875,3.25,1,0.0,0.07383806999999998,1.1080241208965345,0.8281672,1.4575834620502974,1.8098395,0.09195289999999989,1.0389143797641787,6.704712000000001,1.121359022261474,0.03174603999999992,1,1,0,0.9486796641275711,4.51350894650562,0
44b6_0113de3b,4,1307,1595,False,False,4.614113030962723,3.2752922102462856,3.25,1.625,2.84375,3.25,2,1.0492837485846733,0.03114996999999997,1.042884918334725,0.8280708000000001,1.4575058293178818,1.8099359,0.06548860000000012,1.0274065178345408,4.827391999999996,1.0845068415540353,0.03174603999999992,1,2,1,0.7916424404509206,5.405755471413643,0
44b6_0113de3b,4,1307,1716,False,False,6.600781203766718,5.745242597140699,3.25,-0.8125,-5.6875,3.25,3,3.0359519213886683,0.47351113,2.6686233034264597,2.42443427,12.351234602958678,0.21357243,0.24721020000000005,1.1119850143152248,16.895874,1.3749996948220105,0.03174603999999992,1,0,1,2.366336611301149,8.967117815067866,0
44b6_0113de3b,4,1308,1713,False,False,1.625,1.625,0.0,1.625,0.0,0.0,1,0.0,0.44778687999999994,3.279918138667931,5.3146376,2.978784307598871,2.6857944,0.03357889999999997,1.0190101110261973,1.3409419999999983,1.0581390594669604,0.0,0,1,1,3.3878852873925296,5.01288528739253,0
44b6_0113de3b,4,1308,1717,False,False,4.89189779763437,3.65625,-3.25,3.65625,0.0,3.25,2,3.2668977976343703,0.46788833999999996,3.65389166220833,5.3226814000000005,2.987732361137885,2.6777506,0.24774819999999997,0.8789753628860424,11.532104999999998,0.6791042757676669,0.03174602999999998,0,1,1,4.325684037406307,9.217581835040678,0
44b6_0113de3b,4,1309,1580,False,False,2.0714766773970688,2.0714766773970688,0.0,2.03125,0.40625,0.0,1,0.0,0.10880997000000003,0.865416061376823,1.0156590000000003,0.8005587353502317,4.076903,0.004671800000000115,0.9978119200954981,0.2681869999999975,0.9934638461718243,0.0,0,0,0,0.6584819157993692,2.729958593196438,0
44b6_0113de3b,4,1310,1611,False,False,2.03125,1.21875,1.625,0.0,1.21875,1.625,1,0.0,0.027218500000000034,1.0408227291161325,0.6821671,0.8044325410521257,2.8060162,0.0068302000000000085,1.0027319712012213,0.5363800000000083,1.0082303446948826,0.015873009999999993,1,1,0,0.5407763584417072,2.572026358441707,0
44b6_0113de3b,4,1311,1574,False,False,2.1877232028983924,1.4647552056572457,1.625,1.21875,0.8125,1.625,1,0.0,0.04851649999999996,0.9393276700907601,0.2548271,1.086596498983528,2.9425697,0.006925100000000128,0.9972104762462907,0.5363770000000017,0.9916665118211934,0.015873009999999965,2,2,0,0.3310644374030392,2.5187876403014315,0
44b6_0113de3b,4,1311,1587,False,False,4.394265616971737,4.0827619710803615,1.625,4.0625,0.40625,1.625,2,2.2065424140733443,0.0034912000000000276,0.9953613428099092,0.09053620000000029,0.9724611405976319,3.1973968,0.024071200000000292,0.9903801005197441,1.877323000000004,0.9714283692297483,0.015873009999999965,2,2,0,0.3000849835047456,4.694350600476482,0
44b6_0113de3b,4,1312,1598,False,False,2.8726212985703494,2.368824207280903,1.625,2.03125,1.21875,1.625,1,0.0,0.029398950000000035,0.963729663497678,0.353853,0.8853596627854528,2.7328603,0.02754840000000014,0.9889910370813464,2.1455100000000016,0.9673467598714823,0.015873020000000015,2,2,0,0.3805571463488981,3.2531784449192473,0
44b6_0113de3b,4,1314,1594,False,False,3.5648292823780494,1.4647552056572457,3.25,1.21875,0.8125,3.25,1,0.0,0.04974023999999999,0.9444238972112259,0.14159980000000005,0.9246959864036738,1.7388982,0.22135190000000016,0.9066109205811926,14.213988999999998,0.7451921781558191,0.031746030000000036,5,5,0,1.234084284839549,4.798913567217598,0
44b6_0113de3b,4,1315,1556,False,False,0.9084026158592896,0.9084026158592896,0.0,0.8125,-0.40625,0.0,1,0.0,0.0509404,0.9338842674924213,0.5090992000000001,0.762519112178048,1.634681,0.03562970000000032,0.9855430568830738,2.6818840000000037,0.9572648172574866,0.0,1,1,0,0.4653626446088025,1.373765260468092,0
44b6_0113de3b,4,1316,1596,False,False,2.6012692214570947,2.03125,1.625,1.21875,-1.625,1.625,1,0.0,0.005477150000000042,0.9919939168855014,1.4619045000000002,1.367503576945204,3.9778955,0.0270273999999997,1.0108075695469223,2.1455059999999975,1.0327866988599894,0.01587301000000002,0,0,0,1.0526050559605138,3.6538742774176085,0
44b6_0113de3b,4,1318,1590,False,False,3.832554834897995,2.03125,3.25,0.0,2.03125,3.25,1,0.0,0.019079599999999974,1.0283755610317256,0.2162303999999997,0.9060284971618695,2.084887,0.05786099999999994,1.0241013095721163,4.2910169999999965,1.0740739135958812,0.03174603999999992,0,1,1,0.6343591342195966,4.466913969117591,0
44b6_0113de3b,4,1318,1593,False,False,4.162823748671087,2.6012692214570947,3.25,1.625,2.03125,3.25,2,0.3302689137730921,0.024248839999999938,0.9660891737459951,0.16593400000000003,0.9262743404547031,2.084887,0.06529229999999986,1.0272817270229233,4.827393000000001,1.0841119679656226,0.03174603999999992,0,1,1,0.7004373731692878,4.863261121840375,0
44b6_0113de3b,4,1319,1608,False,False,3.9804208320226646,2.2980970388562794,-3.25,1.625,-1.625,3.25,1,0.0,0.047886909999999894,1.0680677471341777,0.9891081000000002,1.4309942875608475,2.2949116,0.07144879999999976,1.0289373831335806,5.631957999999997,1.0893615291447416,0.03174599999999994,1,4,3,1.0546182753657278,5.035039107388393,0
44b6_0113de3b,4,1319,1621,False,False,5.28125,2.03125,4.875,1.625,1.21875,4.875,2,1.3008291679773354,0.038113359999999985,1.053430031760722,0.5704066999999999,1.2101974740043109,2.713613,0.006632399999999983,1.0026138777870042,0.5363799999999941,1.0078739128724241,0.047619060000000046,1,3,2,0.35921790454437363,5.640467904544374,0
44b6_0113de3b,4,1320,1600,False,False,3.350023320814349,0.8125,3.25,0.8125,0.0,3.25,1,0.0,0.003350550000000063,1.0049454052018283,0.21528120000000017,1.0864284103179056,2.4907358,0.0035471999999998616,1.001443105410095,0.2681880000000021,1.0043476555103354,0.03174603999999999,1,1,0,0.14460539642423562,3.4946287172385846,0
44b6_0113de3b,4,1321,1579,False,False,1.8168052317185792,1.8168052317185792,0.0,0.8125,-1.625,0.0,1,0.0,0.009473500000000135,1.0094603884782296,0.20436290000000001,0.9136033754953193,2.1611466,0.0068302000000000085,0.9972674934627491,0.5363800000000083,0.9918365377752079,0.0,2,2,0,0.18017926493867562,1.9969844966572547,0
44b6_0113de3b,4,1321,1576,False,False,3.2752922102462856,3.2752922102462856,0.0,2.84375,-1.625,0.0,2,1.4584869785277064,0.16434020000000005,0.8600253495614586,2.3854104,0.4753359182873584,2.1611466,0.040435099999999835,0.9840571131175084,3.218260000000001,0.9529410612114071,0.0,2,1,1,1.5265632639977338,4.80185547424402,0
44b6_0113de3b,4,1322,1573,False,False,1.9902104160113323,1.1490485194281397,1.625,0.8125,0.8125,1.625,1,0.0,0.03750539999999991,0.9498690582806241,0.14766849999999998,0.9292148869583623,1.9386147,0.011199299999999912,0.9953228635709684,0.8045650000000037,0.9860463479594672,0.015873020000000015,2,3,1,0.16324164660678686,2.1534520626181193,0
44b6_0113de3b,4,1322,1542,False,False,5.138701197773616,5.138701197773616,0.0,4.875,-1.625,0.0,2,3.148490781762284,0.084071,0.894226267049333,1.0752419,0.6432317541858024,1.9386147,0.06923350000000017,0.9717908889828782,5.095581000000003,0.9177487703777797,0.0,2,1,1,0.8864802457389976,6.025181443512614,0
44b6_0113de3b,4,1323,1578,False,False,1.1490485194281397,1.1490485194281397,0.0,0.8125,0.8125,0.0,1,0.0,0.02249789999999996,0.9676398338335179,0.6108036000000001,0.8105954009382512,2.6141007,0.0,0.9999959435845092,0.0,0.999999840652976,0.0,1,1,0,0.39216104250104017,1.54120956192918,0
44b6_0113de3b,4,1324,1565,False,False,2.1877232028983924,1.4647552056572457,1.625,0.8125,1.21875,1.625,1,0.0,0.07792639999999995,0.8938500838437842,0.16026260000000025,1.0553490357180098,2.8952997,0.003516900000000156,0.9985693428205319,0.26818899999999957,0.9957263287526057,0.015873000000000026,2,2,0,0.3902323281148176,2.57795553101321,0
44b6_0113de3b,4,1324,1606,False,False,6.600781203766718,5.745242597140699,-3.25,5.6875,-0.8125,3.25,2,4.413058000868325,0.017685300000000015,1.027678247393325,0.15715290000000026,1.054216756898605,2.8984094,0.0,0.9999959377893564,0.0,0.9999998399690819,0.03174603999999992,2,2,0,0.10374206736873676,6.7045232711354545,0
44b6_0113de3b,4,1325,1549,False,False,2.03125,2.03125,0.0,1.625,1.21875,0.0,1,0.0,0.09537039999999997,0.8930858633044939,0.9366615,0.7347931207313828,2.5951807,0.004671800000000115,0.9978119200954981,0.2681869999999975,0.9934638461718243,0.0,1,1,0,0.6016744875362906,2.6329244875362905,0
44b6_0113de3b,4,1326,1609,False,False,1.284675299443404,1.284675299443404,0.0,1.21875,-0.40625,0.0,1,0.0,0.029045100000000046,0.9604216607670557,0.9658854000000003,1.4276424228546007,2.2585952,0.007296300000000144,1.0030170362363182,0.5363749999999996,1.0090907049357665,0.0,2,1,1,0.7248237723593417,2.009499071802746,0
44b6_0113de3b,4,1327,1610,False,False,3.832554834897995,2.03125,3.25,-2.03125,0.0,3.25,1,0.0,0.23717567000000006,0.7554603376418354,0.6648539999999998,0.7378660995320604,1.8714886,0.015392500000000364,1.0065532605735736,1.0727539999999962,1.0198017937802804,0.03174602999999998,4,3,1,0.9582336123025091,4.790788447200504,0
44b6_0113de3b,4,1327,1561,False,False,4.942244555867304,4.942244555867304,0.0,-4.875,-0.8125,0.0,2,1.1096897209693086,0.13078527000000006,0.8485353837844548,0.2647223999999999,0.876074432373804,1.8714886,0.07411319999999977,0.9695818776224086,5.363770000000002,0.9115042670914724,0.0,4,1,3,0.786877541605362,5.729122097472666,0
44b6_0113de3b,4,1328,1609,False,False,2.4375,2.4375,0.0,2.4375,0.0,0.0,1,0.0,0.048611240000000056,0.9337690136793058,0.6971393000000004,1.308654783934793,2.2585952,0.01815880000000014,1.0075148686227156,1.3409419999999983,1.0227270928396281,0.0,2,1,1,0.6185003014190174,3.0560003014190174,0
44b6_0113de3b,4,1329,1510,False,False,2.9575446425202108,2.471122277933652,1.625,0.40625,2.4375,1.625,1,0.0,0.10302910000000004,0.827752860641419,0.15150219999999992,0.9529909350861121,3.07153,0.007252499999999884,1.0029898670649577,0.5363799999999941,1.0090088909827948,0.015873000000000026,2,2,0,0.4257977842487071,3.383342426768918,0
44b6_0113de3b,4,1330,1679,False,False,1.6750116604071745,0.40625,1.625,0.0,0.40625,1.625,1,0.0,0.21190539999999997,1.631753220326855,2.200169,1.7956240224928353,2.765315,0.009987099999999582,1.0048377660247634,0.5363800000000012,1.0145983474421387,0.01587303000000001,0,0,0,1.4052302953236862,3.0802419557308607,0
44b6_0113de3b,4,1331,1602,False,False,3.6336104634371584,1.625,3.25,0.0,1.625,3.25,1,0.0,0.01986600000000005,1.0271843745704525,0.4706611999999999,1.1959852789675622,2.401452,0.007003300000000046,1.0028367730452163,0.5363759999999971,1.0085468325843119,0.031746039999999975,1,2,1,0.30111508409806925,3.9347255475352276,0
44b6_0113de3b,4,1331,1603,False,False,4.614113030962723,3.2752922102462856,3.25,3.25,0.40625,3.25,2,0.9805025675255643,0.05734437000000003,1.0827405954758964,0.09565119999999983,1.0344470248574449,2.776462,0.006964199999999643,0.9971869130914988,0.5363770000000017,0.991596482513155,0.031746039999999975,1,2,1,0.25140033265578376,4.865513363618507,0
44b6_0113de3b,4,1332,1606,False,False,1.284675299443404,1.284675299443404,0.0,-1.21875,-0.40625,0.0,1,0.0,0.060897699999999944,0.9046229264137857,0.7491402000000003,1.2584616291210307,2.8984094,0.03573380000000004,0.9854801155195213,2.681885000000001,0.9570813881241855,0.0,1,2,1,0.7799816350334295,2.0646569344768335,0
44b6_0113de3b,4,1333,1601,False,False,0.0,0.0,0.0,0.0,0.0,0.0,1,0.0,0.01689089999999993,0.9752074359648776,0.2999126999999997,0.8760100960408751,2.1190057,0.01743479999999975,1.007068222864497,1.3409420000000054,1.0213673523507207,0.0,3,1,2,0.29934893495500964,0.29934893495500964,0
44b6_0113de3b,4,1334,1601,False,False,2.1877232028983924,1.4647552056572457,-1.625,-0.8125,-1.21875,1.625,1,0.0,0.03226865000000001,0.9526492377866085,0.5481267999999999,0.7733968479596172,1.8707916,0.01743479999999975,1.007068222864497,1.3409420000000054,1.0213673523507207,0.015873000000000026,3,1,2,0.4270521018198567,2.614775304718249,0
44b6_0113de3b,4,1335,1712,False,False,3.2752922102462856,3.2752922102462856,0.0,-0.40625,3.25,0.0,1,0.0,0.2474719,2.0769073769286135,1.9247049299999999,3.697756962027517,0.71343267,0.12080460000000004,0.9377176397178166,5.363768999999998,0.8245611493039593,0.0,1,0,1,1.9461367830291099,5.221428993275396,0
44b6_0113de3b,4,1335,1494,False,False,5.6438053707139835,5.6438053707139835,0.0,-2.84375,-4.875,0.0,2,2.368513160467698,0.46026235,0.5090552115671962,0.7368125999999999,0.7816796180292733,2.6381376,0.3207004,0.8501132082949436,15.82312,0.6143789389022897,0.0,1,0,1,3.055231202618389,8.699036573332373,0
44b6_0113de3b,4,1336,1607,False,False,1.6750116604071745,0.40625,1.625,0.0,-0.40625,1.625,1,0.0,0.03733210000000009,1.0571281232722471,0.49684400000000006,0.7960412996110099,1.939198,0.029398500000000105,0.986007424959859,1.6091300000000004,0.9586204661979965,0.015873009999999965,2,1,1,0.4691727143730817,2.1441843747802563,0
44b6_0113de3b,4,1337,1641,False,False,2.632800908728193,2.0714766773970688,-1.625,0.40625,-2.03125,1.625,1,0.0,0.052072559999999934,1.0981090532338873,1.2192045999999999,1.3091352769488578,3.943877,0.006632399999999983,1.0026138777870042,0.5363799999999941,1.0078739128724241,0.01587303000000001,1,0,1,0.7722878010971743,3.4050887098253675,0
44b6_0113de3b,4,1338,1626,False,False,1.7235727791422095,0.5745242597140698,1.625,0.40625,0.40625,1.625,1,0.0,0.004717900000000053,1.007833703645096,0.37960499999999975,1.0775535337888404,4.894609,0.07164359999999981,1.029057564470538,5.631955999999995,1.0897433834096226,0.01587303000000001,0,0,0,0.9336360815017095,2.657208860643919,0
44b6_0113de3b,4,1339,1623,False,False,2.333728575156074,1.6750116604071745,1.625,1.625,-0.40625,1.625,1,0.0,0.022146550000000098,0.969340706639317,0.07069780000000003,0.9607009946831587,1.7285184,0.0035066999999999737,0.9985755066537251,0.2681880000000021,0.9957445304193927,0.015872999999999915,2,2,0,0.08954047210941962,2.4232690472654936,0
44b6_0113de3b,4,1340,1648,False,False,4.021669817998489,3.6787502123683256,1.625,0.40625,3.65625,1.625,1,0.0,0.06826365000000001,1.1395837395786883,0.06535614000000001,0.9308414543260024,0.87979746,0.08361170000000007,1.035914843513488,5.9001459999999994,1.1116749070753698,0.015873040000000005,2,3,1,0.7372471544578315,4.75891697245632,0
44b6_0113de3b,4,1341,1619,False,False,1.1490485194281397,1.1490485194281397,0.0,0.8125,0.8125,0.0,1,0.0,0.023243530000000012,0.9619045851283039,0.9957349999999998,0.7078958116698696,2.4131243,0.03762100000000013,1.0151706305691897,2.9500730000000033,1.046218319996186,0.0,1,1,0,0.8502843337453262,1.999332853173466,0
44b6_0113de3b,4,1342,1647,False,False,2.333728575156074,1.6750116604071745,1.625,1.625,0.40625,1.625,1,0.0,0.02160340000000005,1.0396112726314164,0.803833,1.1369161039322584,5.8709064,0.007003300000000046,1.0028367730452163,0.5363759999999971,1.0085468325843119,0.015873010000000007,0,0,0,0.5209700568563437,2.854698632012418,0
44b6_0113de3b,4,1343,1629,False,False,1.7235727791422095,0.5745242597140698,1.625,0.40625,0.40625,1.625,1,0.0,0.02350306000000002,0.9596864283189046,1.2096159000000002,0.7669104387761156,3.9799068,0.0,0.9999959493464149,0.0,0.9999998413310471,0.015873029999999982,0,1,1,0.798971207929918,2.522543987072128,0
44b6_0113de3b,4,1343,1630,False,False,2.0714766773970688,1.284675299443404,1.625,-1.21875,0.40625,1.625,2,0.34790389825485923,0.016899060000000077,0.9706770933227804,0.9167407000000001,0.8127803098337999,3.9799068,0.013928099999999777,0.9943858324852866,1.0727540000000033,0.9832634434879505,0.015873029999999982,0,1,1,0.6121962183540004,2.6836728957510694,0
44b6_0113de3b,4,1344,1685,False,False,1.8168052317185792,0.8125,1.625,0.0,0.8125,1.625,1,0.0,0.13407103000000004,1.3206491567166574,1.11905,1.926565479507406,1.207719,0.08579729999999985,1.0357398536698763,6.436523999999999,1.1111109308129024,0.015873009999999965,2,2,0,1.082345771340544,2.8991510030591234,0
44b6_0113de3b,4,1344,1620,False,False,3.7454399357752353,3.7454399357752353,0.0,-3.65625,0.8125,0.0,2,1.928634704056656,0.06278644999999994,0.8978836573799777,0.061820899999999845,0.9741141662109255,2.326769,0.030695899999999998,0.9877997195825587,2.4136960000000016,0.9638552813207277,0.0,2,2,0,0.44373335766920846,4.189173293444444,0
44b6_0113de3b,4,1345,1631,False,False,1.1490485194281397,1.1490485194281397,0.0,0.8125,-0.8125,0.0,1,0.0,0.011524559999999906,0.9779269020569623,0.5488847999999997,0.8606356708728231,3.3896654,0.01768520000000029,0.9928220916606303,1.3409440000000004,0.9786322970858266,0.0,1,1,0,0.3932332437362815,1.5422817631644212,0
44b6_0113de3b,4,1345,1686,False,False,3.093907824257213,3.093907824257213,0.0,-2.84375,1.21875,0.0,2,1.9448593048290732,0.12218437000000004,1.3141916853560358,2.1537074,2.7425187383492133,1.235958,0.021565499999999904,1.0088852752289796,1.6091300000000004,1.0269056436440198,0.0,1,2,1,1.344815697308312,4.4387235215655245,0
44b6_0113de3b,4,1346,1617,False,False,1.6750116604071745,1.6750116604071745,0.0,1.625,-0.40625,0.0,1,0.0,0.040364100000000014,0.9457721552378685,0.7532055999999998,0.8243463098890421,3.534856,0.004671800000000115,0.9978119200954981,0.2681869999999975,0.9934638461718243,0.0,3,0,3,0.47243158876907504,2.1474432491762494,0
44b6_0113de3b,4,1346,1660,False,False,6.761347521944128,6.761347521944128,0.0,-3.65625,5.6875,0.0,2,5.086335861536953,0.15334964000000006,1.278387655666159,0.03718129999999986,1.0106274016065542,3.4976747,0.004671800000000115,0.9978119200954981,0.2681869999999975,0.9934638461718243,0.0,3,0,3,0.6494870451705627,7.410834567114691,0
44b6_0113de3b,4,1347,1628,False,False,0.5745242597140698,0.5745242597140698,0.0,0.40625,0.40625,0.0,1,0.0,0.024254200000000004,0.9581812077575772,0.4781534999999999,1.1640252012547798,2.9150512,0.05510539999999997,0.9781011683318372,4.291015000000002,0.9357428404823436,0.0,0,0,0,0.8017756695692538,1.3762999292833236,0
44b6_0113de3b,4,1348,1640,False,False,0.8125,0.8125,0.0,0.0,0.8125,0.0,1,0.0,0.002672310000000011,1.004348878343824,0.1628889,1.1063441629306998,1.5316105,0.024903300000000073,1.0102155255814926,1.877319,1.030973275535308,0.0,1,1,0,0.28432446798340616,1.096824467983406,0
44b6_0113de3b,4,1348,1498,False,False,6.080193253507654,5.138701197773616,-3.25,-1.625,-4.875,3.25,2,5.267693253507654,0.41411325,0.5975356198881462,1.0971974,0.6069761337401192,1.6944994,0.01061079999999981,1.0043249100506995,0.8045650000000037,1.0130433069793863,0.031746029999999995,1,2,1,1.63632985662666,7.716523110134315,0
44b6_0113de3b,4,1349,1636,False,False,3.374565944310468,2.9575446425202108,1.625,-2.84375,-0.8125,1.625,1,0.0,0.034173699999999974,1.0595551523660587,0.6407239999999996,0.7844828122642854,2.3322725,0.010040700000000236,1.003980146209971,0.8045649999999966,1.011999842498851,0.015873020000000015,4,0,4,0.5430101210431352,3.9175760653536034,0
44b6_0113de3b,4,1350,1671,False,False,4.241374519244911,2.7252078475778685,3.25,2.4375,-1.21875,3.25,1,0.0,0.03970488,1.088099903173042,0.6385482,1.3416269984853213,1.8690993,0.03492139999999999,1.0142225560285534,2.6818820000000017,1.0432898303041596,0.031746029999999995,1,1,0,0.534335067575853,4.7757095868207635,0
44b6_0113de3b,4,1351,1627,False,False,3.040096626753827,2.569350598886808,1.625,2.4375,0.8125,1.625,1,0.0,0.005009759999999974,0.991710070595592,0.7212968000000002,0.7732336916540473,2.4595308,0.03605080000000038,0.9852879295566117,2.681884999999994,0.9565215805364689,0.015873010000000007,1,2,1,0.5875062990337839,3.627602925787611,0
44b6_0113de3b,4,1352,1622,False,False,2.1877232028983924,2.1877232028983924,0.0,0.8125,-2.03125,0.0,1,0.0,0.0620731000000001,0.8909593134151986,1.8116805999999999,0.6641068797171193,3.5819614,0.03453200000000001,0.9862012454592382,2.6818880000000007,0.9591834802778855,0.0,1,0,1,1.195026398812969,3.382749601711361,0
44b6_0113de3b,4,1353,1620,False,False,2.333728575156074,1.6750116604071745,1.625,0.40625,1.625,1.625,1,0.0,0.05800105,0.9056654276229428,0.6928905999999999,0.7099134936746837,1.6956993,0.05863219999999991,0.9766998757797143,4.559203000000004,0.9317267839231949,0.015873020000000015,3,2,1,0.789666263764144,3.123394838920218,0
44b6_0113de3b,4,1353,1685,False,False,5.450415695155737,4.375446405796785,3.25,4.0625,1.625,3.25,2,3.116687119999663,0.13885642999999998,1.3320949472983936,0.48798030000000003,1.4040395651673512,1.207719,0.05786099999999994,1.0241013095721163,4.2910169999999965,1.0740739135958812,0.03174602999999998,3,2,1,0.73311080026531,6.183526495421047,0
44b6_0113de3b,4,1354,1585,False,False,2.4375,1.8168052317185792,1.625,-1.625,0.8125,1.625,1,0.0,0.17529452,0.7694884986996817,0.4795551,0.6901591293380636,1.0682136,0.029186399999999946,0.988000876208434,2.145507000000002,0.9644442979471637,0.015873020000000015,2,1,1,0.6925107940701833,3.1300107940701833,0
44b6_0113de3b,4,1355,1642,False,False,2.4375,1.8168052317185792,1.625,1.625,-0.8125,1.625,1,0.0,0.026832100000000025,0.9569138059420588,0.6009855000000002,1.2175106308583006,2.7629607,0.016690500000000164,1.0066187632822654,1.3409399999999891,1.0199998120724927,0.015873009999999993,0,2,2,0.5165490792142096,2.95404907921421,0
44b6_0113de3b,4,1356,1617,False,False,3.6787502123683256,3.6787502123683256,0.0,3.65625,-0.40625,0.0,1,0.0,0.02870823,0.9614275558270479,2.0276623,0.5271365571414434,2.2603993,0.004671800000000115,0.9978119200954981,0.2681869999999975,0.9934638461718243,0.0,3,0,3,1.351166689038816,5.029916901407142,0
44b6_0113de3b,4,1356,1660,False,False,5.9150892850404215,5.9150892850404215,0.0,-1.625,5.6875,0.0,2,2.236339072672096,0.16500551000000008,1.2995488526276853,1.2372754000000001,0.6462558789247069,2.2603993,0.004671800000000115,0.9978119200954981,0.2681869999999975,0.9934638461718243,0.0,3,0,3,1.311143749373085,7.226233034413506,0
44b6_0113de3b,4,1357,1646,False,False,2.03125,1.21875,1.625,0.0,1.21875,1.625,1,0.0,0.027275239999999923,1.0532224426709642,0.3620296999999999,1.1659402895903848,2.1816163,0.0270273999999997,1.0108075695469223,2.1455059999999975,1.0327866988599894,0.015873040000000005,2,2,0,0.3985230369665219,2.429773036966522,0
44b6_0113de3b,4,1358,1644,False,False,2.7252078475778685,2.7252078475778685,0.0,-1.21875,2.4375,0.0,1,0.0,0.01863110000000001,0.9644282769732578,0.9993282999999997,1.4141891483021165,2.4127,0.020892599999999817,1.0084708502129232,1.6091300000000004,1.0256408483163888,0.0,0,2,2,0.7503364276199709,3.4755442751978394,0
44b6_0113de3b,4,1359,1639,False,False,1.4647552056572457,1.4647552056572457,0.0,1.21875,-0.8125,0.0,1,0.0,0.025710599999999917,0.959950297173697,0.1577831999999999,0.9413682614208346,2.5334659,0.01696019999999976,1.0067804624180803,1.3409400000000034,1.0204916103792903,0.0,2,0,2,0.26969497695309064,1.7344501826103365,0
44b6_0113de3b,4,1360,1634,False,False,1.7235727791422095,0.5745242597140698,1.625,0.40625,0.40625,1.625,1,0.0,0.020795499999999967,0.9660874477835857,0.32842170000000004,0.7826506726060924,1.1826459,0.04736160000000034,1.0197576916786002,3.4864510000000024,1.06046494680278,0.015873000000000026,2,2,0,0.5476676895272239,2.2712404686694336,0
44b6_0113de3b,4,1361,1599,False,False,2.03125,2.03125,0.0,-1.21875,-1.625,0.0,1,0.0,0.17929635,0.7709210182040436,0.8336859999999999,0.6001836181249428,1.2515012,0.15852599999999972,0.9375888271497579,12.068480000000001,0.8242186510013799,0.0,2,2,0,1.8332617648451976,3.8645117648451976,0
44b6_0113de3b,4,1362,1639,False,False,4.394265616971737,4.0827619710803615,1.625,4.0625,-0.40625,1.625,1,0.0,0.03623805000000002,0.9435579406960576,0.9667874999999999,0.6407638714533282,1.7244616,0.017193500000000306,0.9931182118671492,1.3409439999999933,0.9795080228613344,0.015873000000000026,3,0,3,0.6320309345137063,5.0262965514854425,0
44b6_0113de3b,4,1363,1643,False,False,2.4375,2.4375,0.0,2.4375,0.0,0.0,1,0.0,0.010357700000000025,0.9849006894502749,0.35619310000000004,0.8750339426188364,2.4941957,0.004671800000000115,0.9978119200954981,0.2681869999999975,0.9934638461718243,0.0,2,1,1,0.22923509558563912,2.666735095585639,0
44b6_0113de3b,4,1364,1664,False,False,2.0714766773970688,2.0714766773970688,0.0,-2.03125,0.40625,0.0,1,0.0,0.02958820000000001,1.0630461185484101,0.5410569999999999,1.2618156426338203,2.066509,0.031296199999999885,1.0127091134639614,2.413695000000004,1.0386264226248512,0.0,1,1,0,0.472968400598237,2.544445077995306,0
44b6_0113de3b,4,1364,1618,False,False,2.6012692214570947,2.03125,1.625,1.21875,1.625,1.625,2,0.529792544060026,0.08002323,0.8617168025688157,0.9860000000000002,0.7256187151739659,2.607566,0.03387640000000003,0.9865896622816126,2.6818859999999916,0.9603172999045063,0.015873000000000026,1,1,0,0.7131735969867784,3.3144428184438732,0
44b6_0113de3b,4,1365,1624,False,False,3.5648292823780494,3.1729139308370784,1.625,2.4375,2.03125,1.625,1,0.0,0.03433580000000003,0.9365536611074596,3.5737630000000005,0.3887781850758337,2.27316,0.007043700000000097,0.9971387262052188,0.5363770000000017,0.9914528327869376,0.015873019999999988,0,0,0,2.4033269562588737,5.968156238636923,0
44b6_0113de3b,4,1366,1649,False,False,1.1490485194281397,1.1490485194281397,0.0,-0.8125,-0.8125,0.0,1,0.0,0.011332629999999955,1.0215679466714283,1.7980718000000002,0.5493140423119719,2.1915739,0.0033557000000001835,0.9986662780590515,0.26818999999998994,0.9960157658019008,0.0,0,0,0,1.2585481016183695,2.407596621046509,0
44b6_0113de3b,4,1367,1652,False,False,0.9084026158592896,0.9084026158592896,0.0,-0.8125,-0.40625,0.0,1,0.0,0.05038100000000001,1.0974159844911109,0.08701739999999969,0.9566045980355253,1.9184247,0.05384330000000004,1.0223246169404385,4.022828000000004,1.0684929836890107,0.0,1,3,2,0.6059498643242409,1.5143524801835304,0
44b6_0113de3b,4,1367,1655,False,False,1.86167137607581,0.9084026158592896,1.625,0.8125,0.40625,1.625,2,0.9532687602165203,0.013459349999999981,1.024277118377972,0.0769835000000001,1.0418004560750782,1.8414412,0.003516900000000156,1.0014245766506245,0.26818899999999957,1.0042916931551176,0.015873020000000015,1,2,1,0.06614842551105332,1.9278198015868633,0
44b6_0113de3b,4,1368,1663,False,False,1.21875,1.21875,0.0,0.0,-1.21875,0.0,1,0.0,0.10327710000000001,1.2224328073372364,0.7102142,1.422497206668682,1.6809578,0.06327079999999974,1.030674339130545,3.486450000000005,1.0948902109666285,0.0,1,1,0,0.5621959326727055,1.7809459326727055,0
44b6_0113de3b,4,1368,1682,False,False,3.494694639736067,3.093907824257213,1.625,-2.84375,1.21875,1.625,2,2.275944639736067,0.11188710000000002,1.245531897149579,0.43947800000000004,1.225171439931465,1.951694,0.3535911999999999,0.8573727586604412,23.600586999999997,0.6302519830095057,0.015873040000000005,1,2,1,2.508366226944604,6.003060866680672,0
44b6_0113de3b,4,1369,1675,False,False,5.58501412822743,2.7252078475778685,4.875,1.21875,2.4375,4.875,1,0.0,0.05531778000000004,1.1268693623906039,1.7286579000000004,1.6586050927972713,2.6247008,0.03396789999999994,1.0136400575906312,2.6818899999999957,1.0414936976112825,0.047619049999999996,1,1,0,1.1556994969633692,6.740713625190799,0
44b6_0113de3b,4,1369,1669,False,False,6.662995408410545,4.5420130792964475,4.875,4.0625,2.03125,4.875,2,1.0779812801831152,0.007409240000000039,1.015292384251112,1.8048770000000003,1.7082098795927019,2.5484817,0.01333479999999998,0.9947396684179425,1.0727499999999992,0.9843136383290243,0.047619049999999996,1,1,0,1.2625034115216396,7.9254988199321845,0
44b6_0113de3b,4,1370,1638,False,False,3.494694639736067,1.284675299443404,3.25,0.40625,1.21875,3.25,1,0.0,0.06310522999999996,0.8797382279559633,0.0728652000000003,0.9759609618306971,2.9586604,0.031208499999999972,1.0126554078691297,2.4136959999999945,1.0384613680827974,0.03174603000000001,1,2,1,0.4819221745922239,3.976616814328291,0
44b6_0113de3b,4,1371,1672,False,False,1.6750116604071745,0.40625,1.625,0.0,0.40625,1.625,1,0.0,0.06303776,1.1428750899093234,1.5778102999999999,1.46769167937296,3.3735807,0.013440999999999814,1.0053436609364976,1.0727559999999983,1.0161289114917513,0.01587302,0,2,2,1.0046044173697322,2.679616077776907,0
44b6_0113de3b,4,1371,1670,False,False,3.65625,1.6750116604071745,3.25,0.40625,1.625,3.25,2,1.9812383395928255,0.04924877999999999,1.1082342546251507,1.2110238,1.3237678274800733,3.7403672,0.00998790000000005,0.9960589691022531,0.8045639999999992,0.9882351702570346,0.03174603999999999,0,2,2,0.802050627225921,4.458300627225921,0
44b6_0113de3b,4,1371,1681,False,False,4.667457150312148,3.350023320814349,3.25,3.25,0.8125,3.25,3,2.9924454899049735,0.09985678999999997,1.2469499953094068,2.2448323,1.8293978645360083,2.7065587,0.0033468999999999305,1.0013223093991594,0.26818600000000004,1.0039838776670749,0.03174603999999999,0,2,2,1.4241245062513008,6.091581656563449,0
44b6_0113de3b,4,1372,1668,False,False,2.8726212985703494,2.8726212985703494,0.0,2.84375,0.40625,0.0,1,0.0,0.008198200000000044,1.0142850089750164,0.18721770000000015,1.0990360202784841,1.8902891,0.02195539999999996,1.0091286087505094,1.6091300000000004,1.0276495779586923,0.0,2,2,0,0.23225058977719334,3.104871888347543,0
44b6_0113de3b,4,1374,1659,False,False,2.368824207280903,2.368824207280903,0.0,1.21875,-2.03125,0.0,1,0.0,0.01636937999999999,0.9669386960071615,0.04993180000000019,1.0312976057379886,1.5950577,0.05588140000000008,0.9776421790188966,4.2910169999999965,0.9344260674225985,0.0,3,1,2,0.6626389134769647,3.0314631207578677,0
44b6_0113de3b,4,1375,1664,False,False,2.368824207280903,1.7235727791422095,1.625,1.21875,1.21875,1.625,1,0.0,0.024113700000000016,1.05137718751159,0.10856559999999993,1.0525306566259491,2.066509,0.04155560000000014,1.016876697851716,3.2182650000000024,1.051502030192233,0.015873000000000026,1,1,0,0.49969110214614737,2.8685153094270506,0
44b6_0113de3b,4,1375,1618,False,False,6.039340428598143,5.090297909995052,3.25,4.46875,2.4375,3.25,2,3.6705162213172398,0.08549773,0.8522578395313746,1.4184914000000002,0.6052674550364316,2.1750746,0.023616999999999777,0.9906497577413849,1.8773159999999933,0.9722221276889661,0.03174600000000005,1,1,0,0.9084074067428993,6.947747835341042,0
44b6_0113de3b,4,1376,1665,False,False,2.2980970388562794,1.625,1.625,0.0,1.625,1.625,1,0.0,0.014021360000000094,1.0244772389363663,0.20263259999999983,1.12327165165589,1.643698,0.08408270000000018,1.034655149671473,6.4365199999999945,1.1076230761976549,0.015873040000000005,0,1,1,0.9724691433364198,3.2705661821926992,0
44b6_0113de3b,4,1376,1495,False,False,5.58501412822743,4.5420130792964475,-3.25,4.0625,-2.03125,3.25,2,3.2869170893711503,0.4482029999999999,0.5667967978300649,0.9336646000000002,0.6641464555533925,1.8463306,0.010203699999999927,1.004077709982843,0.8045599999999951,1.012294843974449,0.03174600000000005,0,3,3,1.7735545102524726,7.358568638479902,0
44b6_0113de3b,4,1376,1486,False,False,6.953879874753374,4.958913218891817,-4.875,2.84375,-4.0625,4.875,3,4.655782835897095,0.6122619999999999,0.48922314152728186,2.8539323999999997,0.39281348125949284,1.8463306,0.006756499999999832,0.9973114874520983,0.5363800000000083,0.9919676772347688,0.04761900000000008,0,2,2,2.5350884056863308,9.488968280439705,0
44b6_0113de3b,4,1377,1635,False,False,2.368824207280903,1.7235727791422095,1.625,-1.21875,1.21875,1.625,1,0.0,0.10045128999999997,0.8564615491489149,0.3057438000000001,0.8305749016695547,1.4989009,0.01994970000000018,0.9921526303315932,1.6091300000000075,0.9766535677832756,0.015872999999999915,3,3,0,0.4484164993002315,2.8172407065811345,0
44b6_0113de3b,4,1378,1673,False,False,3.300390601883359,2.8726212985703494,1.625,-0.40625,2.84375,1.625,1,0.0,0.006806620000000041,1.017122403689597,0.42591290000000015,1.1427118901114537,2.9843447,0.02137650000000013,1.0087682238729685,1.6091309999999979,1.0265485053886443,0.015873040000000005,1,2,1,0.34798673544297654,3.6483773373263353,0
44b6_0113de3b,4,1379,1612,False,False,0.40625,0.40625,0.0,0.0,-0.40625,0.0,1,0.0,0.10465227999999999,0.7814650667011883,2.1207385000000003,0.6511480818098669,3.9584742,0.031670600000000215,0.9843675768367403,1.6091320000000024,0.9538458476057257,0.0,0,0,0,1.3457867408210038,1.7520367408210038,0
44b6_0113de3b,4,1380,1656,False,False,3.350023320814349,0.8125,3.25,0.0,-0.8125,3.25,1,0.0,0.017439450000000023,0.9642592868308854,1.2741405,1.657532290482462,1.9377359,0.014127699999999965,1.0057597334750925,1.0727540000000033,1.0173911408198257,0.03174603000000001,1,1,0,0.9137772152628375,4.263800536077187,0
44b6_0113de3b,4,1381,1645,False,False,1.9902104160113323,1.1490485194281397,1.625,0.8125,0.8125,1.625,1,0.0,0.03748914000000003,0.9269571444426962,0.7384082000000003,0.7368876615683374,2.0680568,0.014548800000000028,0.9940077403655991,1.0727549999999937,0.9821426758195653,0.01587301000000002,1,0,1,0.46939189108962226,2.4596023071009547,0
44b6_0113de3b,4,1382,1651,False,False,1.1490485194281397,1.1490485194281397,0.0,0.8125,0.8125,0.0,1,0.0,0.045300999999999925,0.9281656779030233,0.3098836999999999,0.8447700260505135,1.6864585,0.018104499999999746,0.9925663074744631,1.3409430000000029,0.9778759347827671,0.0,1,2,1,0.26063966843066766,1.4096881878588072,0
44b6_0113de3b,4,1382,1661,False,False,4.0827619710803615,4.0827619710803615,0.0,4.0625,0.40625,0.0,2,2.933713451652222,0.04738169999999997,0.9251140393735278,0.2190546,1.1492725399425479,1.4674039,0.007273999999999781,0.9969975020404126,0.5363770000000017,0.9910312236021646,0.0,1,2,1,0.3042878828408714,4.387049853921233,0
44b6_0113de3b,4,1383,1635,False,False,2.569350598886808,2.569350598886808,0.0,0.8125,2.4375,0.0,1,0.0,0.08678669000000006,0.8759854425361063,1.00166875,0.4449471414115952,0.80297595,0.13210180000000005,0.9480588319384253,10.191164000000008,0.8521399300248313,0.0,4,3,1,1.617490228434015,4.1868408273208235,0
44b6_0113de3b,4,1384,1657,False,False,2.03125,1.21875,1.625,1.21875,0.0,1.625,1,0.0,0.016453349999999922,0.9708768606337136,0.24332259999999994,0.73470668464852,0.6738884,0.07233599999999996,0.9706534564898937,5.363770000000002,0.9145297619925924,0.015873000000000026,3,3,0,0.7396297499158955,2.7708797499158955,0
44b6_0113de3b,4,1385,1674,False,False,4.772356925566235,4.487177913232324,-1.625,-4.46875,0.40625,1.625,1,0.0,0.002788579999999985,1.0070817539917667,2.1608715,0.6515046478943542,4.039722,0.00702360000000013,0.9971509322943785,0.5363770000000017,0.9914892036408431,0.015873020000000015,0,0,0,1.4910610888759748,6.263418014442209,0
44b6_0113de3b,4,1385,1648,False,False,6.822097597147082,5.998209368219819,3.25,2.84375,-5.28125,3.25,2,2.0497406715808477,0.09383376999999998,0.8080825808910979,3.0945684,4.274098156128738,0.9451536,0.13393809999999995,1.0575347959857129,9.654785000000004,1.1827408895250215,0.031746059999999965,0,3,3,2.559815901790795,9.381913498937877,0
44b6_0113de3b,4,1386,1668,False,False,0.5745242597140698,0.5745242597140698,0.0,-0.40625,-0.40625,0.0,1,0.0,0.05391539999999995,0.9059225686986951,0.1460714999999999,0.922720430856683,1.7442176,0.03278589999999992,1.0136337623167415,2.4136960000000016,1.0414744700362957,0.0,2,2,0,0.4212130827804078,0.9957373424944777,0
44b6_0113de3b,4,1387,1662,False,False,1.7235727791422095,1.7235727791422095,0.0,1.21875,1.21875,0.0,1,0.0,0.002191429999999994,0.9955604485277382,0.3847999,1.1296664203344389,2.967527,0.06548860000000012,1.0274065178345408,4.827391999999996,1.0845068415540353,0.0,0,2,2,0.6916623914083254,2.415235170550535,0
44b6_0113de3b,4,1388,1661,False,False,1.1490485194281397,1.1490485194281397,0.0,0.8125,0.8125,0.0,1,0.0,0.043233999999999995,0.9316680245416146,0.3311217000000002,0.7743433532965714,1.1362822,0.04056330000000008,0.9832755010346333,2.9500730000000033,0.9506724906046278,0.0,2,2,0,0.40856957225079216,1.5576180916789317,0
44b6_0113de3b,4,1388,1651,False,False,2.7252078475778685,2.7252078475778685,0.0,-2.4375,1.21875,0.0,2,1.5761593281497288,0.04115329999999995,0.9347412824529479,0.86006,0.5691792259902836,1.1362822,0.051393800000000045,0.9789052944412377,3.7546390000000045,0.9380529374677428,0.0,2,2,0,0.6850950275488206,3.410302875126689,0
44b6_0113de3b,4,1389,1658,False,False,4.1429533547941375,2.569350598886808,3.25,2.4375,0.8125,3.25,1,0.0,0.040937100000000004,0.9198469957720457,0.34459470000000003,1.1985146115488208,1.7358053,0.020775999999999684,0.9916622877565675,1.6091300000000075,0.9752064740448696,0.031746030000000036,1,2,1,0.43200441318052074,4.5749577679746585,0
44b6_0113de3b,4,1390,1693,False,False,6.397631397634597,6.187815648514426,1.625,5.6875,2.4375,1.625,1,0.0,0.05248592000000002,1.11814932786538,0.5785878,1.8010764687703877,0.7222404,0.08045459999999993,1.0346763186959413,5.631957,1.1076920764675242,0.01587303000000001,2,1,1,0.6849936461896554,7.082625043824252,0
44b6_0113de3b,4,1391,1654,False,False,2.632800908728193,2.0714766773970688,1.625,2.03125,-0.40625,1.625,1,0.0,0.04669262000000002,0.9125728697946103,0.017692400000000053,1.013535702382343,1.3063426,0.010641500000000192,0.9956669285127615,0.8045669999999987,0.987068781727573,0.015873020000000015,1,2,1,0.22554716681436893,2.858348075542562,0
44b6_0113de3b,4,1392,1572,False,False,6.953879874753374,6.953879874753374,0.0,-6.90625,0.8125,0.0,1,0.0,0.51557824,0.3849768753903476,3.3064574,1.9741481452324936,3.3941836,0.4491253999999998,0.8185840003780718,28.696168,0.5485231120875359,0.0,0,1,1,4.449619301041898,11.403499175795272,0
44b6_0113de3b,4,1393,1653,False,False,1.86167137607581,0.9084026158592896,1.625,-0.40625,0.8125,1.625,1,0.0,0.06526428000000001,0.8446620952198186,0.15955739999999974,0.9418892291677486,2.5863504,0.007104700000000186,0.997101542207521,0.5363779999999991,0.991341814412773,0.015873029999999955,1,1,0,0.2535095909510635,2.1151809670268733,0
44b6_0113de3b,4,1394,1687,False,False,3.374565944310468,2.9575446425202108,1.625,2.84375,0.8125,1.625,1,0.0,0.026286229999999966,1.0737278093890739,0.22497829999999963,0.9401643777996384,3.535118,0.0,0.9999960581413119,0.0,0.9999998537756658,0.015873000000000026,0,0,0,0.22562191645851395,3.600187860768982,0
44b6_0113de3b,4,1396,1683,False,False,1.284675299443404,1.284675299443404,0.0,1.21875,-0.40625,0.0,1,0.0,0.013467369999999979,1.0304968133553198,0.31916710000000004,1.112271128444495,2.8427253,0.0033205000000000595,0.9986871639639378,0.26818999999998994,0.996078263357922,0.0,2,1,1,0.21415904621161344,1.4988343456550175,0
44b6_0113de3b,4,1396,1692,False,False,2.333728575156074,1.6750116604071745,-1.625,-1.625,-0.40625,1.625,2,1.04905327571267,0.057066019999999995,1.1434748223853435,1.0856634,1.5228942332746855,2.076229,0.0508883,1.0204934172565736,4.022824,1.0627612912518165,0.015873040000000005,2,2,0,0.8955604423234644,3.2292890174795383,0
44b6_0113de3b,4,1397,1677,False,False,0.9084026158592896,0.9084026158592896,0.0,0.8125,-0.40625,0.0,1,0.0,0.015888389999999974,1.0286071618084782,0.12124730000000006,0.9161403189187046,1.3246974,0.003429200000000243,0.9986223577966568,0.26818999999998994,0.995884597484633,0.0,4,1,3,0.13446972363352264,1.0428723394928123,0
44b6_0113de3b,4,1397,1678,False,False,2.333728575156074,1.6750116604071745,1.625,1.625,0.40625,1.625,2,1.4253259592967846,0.00802264000000008,0.9861257546931094,0.018161300000000047,0.9864682973100795,1.3246974,0.006886699999999912,1.0027660333660844,0.5363760000000042,1.0083331619157694,0.015873009999999993,4,2,2,0.09554309110136253,2.4292716662574367,0
44b6_0113de3b,4,1397,1591,False,False,5.9150892850404215,5.9150892850404215,0.0,-1.625,5.6875,0.0,3,5.006686669181132,0.1697173700000001,0.770841596568487,1.3832429000000002,0.4891882247617321,1.3246974,0.031296199999999885,1.0127091134639614,2.413695000000004,1.0386264226248512,0.0,4,0,4,1.0640110181894464,6.979100303229868,0
44b6_0113de3b,4,1398,1678,False,False,1.284675299443404,1.284675299443404,0.0,1.21875,-0.40625,0.0,1,0.0,0.0031048000000000187,0.9946200129369793,0.08227519999999999,0.9387243145960584,1.2605835,0.010402299999999975,0.9958118328242207,0.8045639999999992,0.9874998687179684,0.0,4,2,2,0.13096591538452043,1.4156412148279245,0
44b6_0113de3b,4,1398,1677,False,False,2.0714766773970688,1.284675299443404,-1.625,0.40625,-1.21875,1.625,2,0.7868013779536647,0.020806230000000037,1.0374673450278227,0.1853612,0.8718001331576984,1.2605835,0.02071820000000013,0.9916968937196627,1.6091299999999933,0.9753085055795008,0.015873009999999993,4,1,3,0.31278695802745854,2.3842636354245275,0
44b6_0113de3b,4,1398,1591,False,False,5.525597394173774,5.28125,-1.625,-2.03125,4.875,1.625,3,4.24092209473037,0.16479953000000003,0.7774814470695091,1.4473568,0.46551205167982584,1.2605835,0.014007199999999997,1.005685957482141,1.0727550000000008,1.0171672367101323,0.015873009999999993,4,0,4,0.9992173007106485,6.524814694884422,0
44b6_0113de3b,4,1399,1660,False,False,2.0714766773970688,2.0714766773970688,0.0,2.03125,0.40625,0.0,1,0.0,0.023284309999999975,0.9577092501895743,0.5405784000000002,0.8454439303805743,2.9570963,0.0,0.999995326413122,0.0,0.999999756292806,0.0,1,0,1,0.34456207481204176,2.4160387522091105,0
44b6_0113de3b,4,1401,1686,False,False,1.8168052317185792,1.8168052317185792,0.0,0.8125,1.625,0.0,1,0.0,0.015464189999999989,1.0397430164928405,0.12858110000000011,1.1040246187603564,1.235958,0.04056330000000008,0.9832755010346333,2.9500730000000033,0.9506724906046278,0.0,2,2,0,0.41370638966530143,2.2305116213838807,0
44b6_0113de3b,4,1401,1631,False,False,4.487177913232324,4.487177913232324,0.0,4.46875,-0.40625,0.0,2,2.6703726815137454,0.11824473999999996,0.7737019480371609,2.5740111,0.3464563268577182,1.3645391,0.07981400000000027,0.9676200689858355,5.900147000000004,0.905982754126554,0.0,2,1,1,1.7233099003252328,6.210487813557557,0
44b6_0113de3b,4,1402,1619,False,False,4.0827619710803615,4.0827619710803615,0.0,4.0625,0.40625,0.0,1,0.0,0.18331978000000004,0.6996574701803645,2.1314152,0.37474129618287216,1.2774441,0.04959720000000001,0.9799906276150088,3.7546370000000024,0.9411763489394226,0.0,2,1,1,1.3779354709072937,5.460697441987655,0
44b6_0113de3b,4,1403,1678,False,False,2.8145825622994254,2.2980970388562794,-1.625,-1.625,-1.625,1.625,1,0.0,0.014699500000000087,0.9745932580892823,0.46122260000000004,0.6565318709118769,0.8816361,0.027936299999999914,0.9887590852794791,2.145507000000002,0.966666528911162,0.015873020000000015,3,2,1,0.4185938437424877,3.2331764060419133,0
44b6_0113de3b,4,1403,1677,False,False,4.737648414561806,3.447145558284419,-3.25,-2.4375,-2.4375,3.25,2,1.923065852262381,0.009211529999999968,1.0165778556639284,0.5643086,0.6097259478460839,0.8816361,0.03825220000000007,0.9846732898602136,2.950072999999996,0.9547323676407834,0.03174603000000001,3,1,2,0.5911748247072993,5.328823239269106,0
44b6_0113de3b,4,1403,1591,False,False,6.90625,6.09375,-3.25,-4.875,3.65625,3.25,3,4.091667437700575,0.1763942300000001,0.7618267949042903,1.8263042,0.32557322045386133,0.8816361,0.003526799999999941,0.998563277339551,0.2681880000000021,0.9957080027861382,0.03174603000000001,3,0,3,1.1683151532016258,8.074565153201625,0
44b6_0113de3b,4,1404,1666,False,False,2.4375,1.8168052317185792,1.625,0.8125,-1.625,1.625,1,0.0,0.02869379999999999,0.9274542858226025,0.7794299999999996,0.806023239234214,3.2387733,0.023616999999999777,1.0094304672121985,1.8773159999999933,1.0285712198500627,0.015873009999999965,1,0,1,0.6217151073113641,3.0592151073113643,0
44b6_0113de3b,4,1405,1676,False,False,0.9084026158592896,0.9084026158592896,0.0,0.8125,0.40625,0.0,1,0.0,0.021182779999999957,0.9513276853447915,0.07771740000000005,1.0248543106768044,3.126506,0.0,0.999995326413122,0.0,0.999999756292806,0.0,0,0,0,0.1224828618243976,1.0308854776836873,0
44b6_0113de3b,4,1406,1684,False,False,2.6012692214570947,2.03125,1.625,2.03125,0.0,1.625,1,0.0,0.04919207000000003,0.8932421037251231,0.14672810000000003,1.1207207033750561,1.2153416,0.0512378,0.9790002406983054,3.754638,0.9383258479134786,0.015873020000000015,2,1,1,0.5573356175072324,3.158604838964327,0
44b6_0113de3b,4,1407,1700,False,False,3.65625,1.6750116604071745,3.25,0.40625,1.625,3.25,1,0.0,0.040931750000000044,1.1417732995683412,0.7656081499999999,2.404700105618805,0.54501605,0.13291120000000012,1.057685333729647,9.386596000000004,1.1832458255415772,0.03174600000000005,2,2,0,1.149826095240177,4.8060760952401775,0
44b6_0113de3b,4,1407,1667,False,False,5.025034981221523,4.755034338729848,1.625,-4.46875,1.625,1.625,2,1.3687849812215234,0.07588629999999996,0.8128144266687581,1.4782747999999999,0.4699415434494277,1.3106242,0.0319269000000002,0.9870634681517766,2.4136960000000016,0.9617019796585767,0.015873000000000026,2,2,0,0.954218119675361,5.9792531008968846,0
44b6_0113de3b,4,1408,1726,False,False,1.6750116604071745,0.40625,1.625,0.40625,0.0,1.625,1,0.0,0.13412309999999997,1.6878427337872683,1.1799641600000002,3.8421067438490812,0.41515884,0.2322983999999999,1.122689137946133,11.800291000000001,1.41509376551398,0.015873000000000026,2,1,1,1.8560420468836174,3.531053707290792,0
44b6_0113de3b,4,1411,1689,False,False,2.03125,1.21875,1.625,1.21875,0.0,1.625,1,0.0,0.01647749999999998,0.9624052366843168,0.1773123000000001,1.1296018759500268,1.3680435,0.007362800000000114,1.0030585377537318,0.5363759999999971,1.0092163999772497,0.01587299999999997,0,1,1,0.17761307868128814,2.208863078681288,0
44b6_0113de3b,4,1413,1688,False,False,3.471001521535247,1.21875,3.25,1.21875,0.0,3.25,1,0.0,0.048376019999999964,0.8834379194074701,0.411772,1.4481661802921906,0.9187608,0.04132530000000001,0.9835321643558943,3.2182579999999916,0.9514169138390788,0.03174602999999998,2,1,1,0.6631140060586553,4.134115527593902,0
44b6_0113de3b,4,1414,1688,False,False,4.755034338729848,3.471001521535247,3.25,3.25,1.21875,3.25,1,0.0,0.04265293999999997,0.8972248378644437,1.3264878,2.4437526747693767,0.9187608,0.03782869999999994,0.9849251972869044,2.9500699999999966,0.9554654892564538,0.03174602999999998,1,1,0,1.135133189988534,5.890167528718382,0
44b6_0113de3b,4,1415,1653,False,False,5.025034981221523,5.025034981221523,0.0,-4.875,1.21875,0.0,1,0.0,0.09970546000000002,0.762699938925531,1.4560335999999998,0.46974246643508416,1.2898742,0.06175549999999985,0.9748373515705008,4.559204000000001,0.926406778406893,0.0,2,1,1,1.0253376717851526,6.050372653006676,0
44b6_0113de3b,4,1415,1510,False,False,6.358818311015027,6.147678042358757,-1.625,6.09375,-0.8125,1.625,2,1.333783329793504,0.27770214000000004,0.5357575747444437,1.933158,0.4002039439632531,1.2898742,0.029453799999999752,0.987836679982257,2.1455060000000046,0.9639638314114466,0.015873029999999955,2,2,0,1.346526372438994,7.705344683454022,0
44b6_0113de3b,4,1416,1695,False,False,2.1877232028983924,1.4647552056572457,1.625,1.21875,-0.8125,1.625,1,0.0,0.0026021199999999856,1.007497177842353,0.4521677000000002,1.3893153840027381,1.1614075,0.01821359999999972,1.00754901514373,1.3409440000000004,1.022830903757028,0.01587303000000001,1,2,1,0.3417860755426596,2.529509278441052,0
44b6_0113de3b,4,1417,1694,False,False,1.86167137607581,0.9084026158592896,1.625,-0.40625,-0.8125,1.625,1,0.0,0.0018752599999999897,1.0055002874199923,0.5565045,0.6560001468683477,1.0612609,0.0,0.9999959435845092,0.0,0.999999840652976,0.015873040000000005,1,1,0,0.3873557724976174,2.2490271485734272,0
44b6_0113de3b,4,1418,1696,False,False,1.21875,1.21875,0.0,1.21875,0.0,0.0,1,0.0,0.001994150000000028,0.9935620983739892,0.2704833,0.9215284956671923,3.1765325,0.0,0.9999960267308832,0.0,0.9999998502521903,0.0,1,0,1,0.18333469419357903,1.402084694193579,0
44b6_0113de3b,4,1419,1698,False,False,2.0714766773970688,1.284675299443404,1.625,1.21875,-0.40625,1.625,1,0.0,0.006258099999999989,1.019325877895193,1.6029627000000004,1.6146734827518414,2.6078017,0.021011199999999786,1.0085433695646424,1.6091300000000004,1.0258618900944567,0.01587301000000002,0,2,2,1.1004255318374434,3.171902209234512,0
44b6_0113de3b,4,1419,1705,False,False,5.154734625807618,4.89189779763437,1.625,4.875,-0.40625,1.625,2,3.083257948410549,0.020046029999999992,1.0647337717772227,2.2094304000000005,2.103968333280036,2.001334,0.4118564,1.1992154369441956,26.818846999999998,1.7246371928466937,0.01587301000000002,0,1,1,2.727631980394677,7.882366606202295,0
44b6_0113de3b,4,1420,1667,False,False,2.1877232028983924,1.4647552056572457,1.625,1.21875,0.8125,1.625,1,0.0,0.13416826999999998,0.6690716622741271,1.4172811999999997,0.49181160088048775,1.3716178,0.05368520000000032,0.9782499345616912,4.0228269999999995,0.9361700665879648,0.015873000000000026,2,2,0,0.9903603219134871,3.1780835248118793,0
44b6_0113de3b,4,1420,1700,False,False,6.953879874753374,6.147678042358757,3.25,6.09375,0.8125,3.25,2,4.766156671854982,0.017350219999999972,0.9398555616357487,0.8266017500000001,2.5166096189347287,0.54501605,0.1111529,1.0482412143621034,7.7774650000000065,1.1518322169623192,0.03174600000000005,2,2,0,1.046207851474743,8.000087726228116,0
44b6_0113de3b,4,1421,1691,False,False,1.21875,1.21875,0.0,0.0,-1.21875,0.0,1,0.0,0.04576849999999999,0.8792626520033588,2.3135731999999996,0.20894522049478623,0.6110982,0.01055040000000007,0.9957223477879826,0.8045650000000037,0.9872338927291887,0.0,2,0,2,1.5188762088460492,2.7376262088460495,0
44b6_0113de3b,4,1422,1447,False,False,0.0,0.0,0.0,0.0,0.0,0.0,1,0.0,0.43892982999999997,0.43910927185291837,3.59286832436,6.375418669645109e-05,0.00022907564,0.5531572999999999,0.7368027966403546,23.332397999999998,0.39999989713876033,0.0,1,1,0,7.117321002939156,7.117321002939156,0
44b6_0113de3b,4,1423,1690,False,False,3.6336104634371584,1.625,3.25,0.0,1.625,3.25,1,0.0,0.08705066,0.7260579585978729,1.3221642999999998,1.324896503543588,4.069453,0.004865199999999792,0.9976750210503305,0.2681880000000021,0.9930553106425178,0.031746039999999975,0,0,0,1.1172590217890759,4.750869485226234,0
44b6_0113de3b,4,1425,1701,False,False,2.4375,1.8168052317185792,1.625,1.625,-0.8125,1.625,1,0.0,0.07645104999999996,0.8102951078841819,0.06590099999999999,0.894660565563973,0.5597901,0.06923350000000017,0.9717908889828782,5.095581000000003,0.9177487703777797,0.015873040000000005,3,3,0,0.7197664224207407,3.157266422420741,0
44b6_0113de3b,4,1425,1702,False,False,4.021669817998489,3.6787502123683256,1.625,3.65625,0.40625,1.625,2,1.5841698179984887,0.0005566499999999919,1.0016766095712584,0.30172995,0.6497627099600298,0.5597901,0.007478000000000318,0.9968707356826022,0.5363770000000017,0.9906540321824109,0.015873040000000005,3,2,1,0.213452890217581,4.235122708216069,0
44b6_0113de3b,4,1425,1697,False,False,5.154734625807618,4.89189779763437,1.625,3.25,-3.65625,1.625,3,2.7172346258076177,0.04234493,0.8852003412527475,0.15667050000000005,0.781316218697599,0.5597901,0.014909300000000236,0.9937844692762565,1.0727530000000058,0.981481327396842,0.015873040000000005,3,3,0,0.19379656842606446,5.348531194233682,0
44b6_0113de3b,4,1426,1697,False,False,2.1877232028983924,1.4647552056572457,1.625,-0.8125,-1.21875,1.625,1,0.0,0.07025781000000003,0.8095447068637163,0.10709113999999997,0.8505156527008925,0.60936946,0.018665799999999955,0.9922194735215133,1.3409400000000034,0.9768517239807818,0.015873040000000005,2,3,1,0.3000399520070717,2.487763154905464,0
44b6_0113de3b,4,1426,1702,False,False,3.300390601883359,2.8726212985703494,1.625,-0.40625,2.84375,1.625,2,1.1126673989849665,0.027356230000000037,0.9160660694278608,0.25215058999999995,0.7073107432526585,0.60936946,0.011234500000000036,0.9953008797252967,0.8045639999999992,0.9859811615291405,0.015873040000000005,2,2,0,0.175507782530439,3.475898384413798,0
44b6_0113de3b,4,1426,1701,False,False,3.350023320814349,2.9295104113144914,1.625,-2.4375,1.625,1.625,3,1.1623001179159567,0.10436393,0.7410414174229368,0.016321639999999915,0.973898655444269,0.60936946,0.07298999999999989,0.9702605283636748,5.363768,0.9134197905756931,0.015873040000000005,2,3,1,0.8021601761877922,4.152183497002142,0
44b6_0113de3b,4,1427,1706,False,False,3.350023320814349,0.8125,3.25,0.8125,0.0,3.25,1,0.0,0.00556367999999996,0.9803494951620988,0.17319020000000007,1.1160667790024863,1.4920638,0.03147309999999992,0.9873364687905866,2.4136960000000016,0.9624998547352667,0.03174599999999994,0,1,1,0.4005035939048551,3.750526914719204,0
44b6_0113de3b,4,1427,1708,False,False,3.494694639736067,1.284675299443404,3.25,-1.21875,0.40625,3.25,2,0.14467131892171814,0.007598369999999965,0.9733670653431499,0.37165059999999994,1.287288768035334,1.2936034,0.010580500000000104,0.9957040531744148,0.8045660000000012,0.9871793208865672,0.03174599999999994,0,1,1,0.3047421268428021,3.7994367665788693,0
44b6_0113de3b,4,1428,1703,False,False,2.03125,2.03125,0.0,1.625,-1.21875,0.0,1,0.0,0.04745724000000001,0.8743331685741055,0.07475637999999996,1.272487107910339,0.27430162,0.004013700000000231,1.0017377929669062,0.2681880000000021,1.0052353964478766,0.0,1,3,2,0.23332042396300864,2.2645704239630087,0
44b6_0113de3b,4,1429,1704,False,False,2.03125,1.21875,1.625,-1.21875,0.0,1.625,1,0.0,0.005080020000000018,0.980082890847862,0.5551799,0.7524095466764658,1.6871821,0.024272599999999755,0.9902597261944397,1.8773180000000025,0.9710742505348864,0.015873000000000026,2,1,1,0.4542292460885944,2.4854792460885946,0
44b6_0113de3b,4,1430,1710,False,False,2.333728575156074,1.6750116604071745,1.625,1.625,-0.40625,1.625,1,0.0,0.012989069999999991,0.9580466341795287,0.003751360000000037,0.986339378708598,0.2715819,0.03297970000000028,1.0145961530441603,2.1455079999999995,1.0444442317692926,0.015873000000000026,3,3,0,0.21582250632597574,2.5495510814820497,0
44b6_0113de3b,4,1430,1709,False,False,3.917733121653388,2.1877232028983924,3.25,0.8125,2.03125,3.25,2,1.5840045464973138,0.008917000000000008,0.9708051999121049,0.1211123,0.6915686157672875,0.2715819,0.020139499999999977,0.9912844903765842,1.3409419999999983,0.9740930834634811,0.03174604000000003,3,3,0,0.13846578765280917,4.056198909306197,0
44b6_0113de3b,4,1431,1710,False,False,4.162823748671087,3.832554834897995,1.625,2.03125,3.25,1.625,1,0.0,0.00698494999999999,0.977424408342604,0.06838023000000001,0.7516182891130148,0.20695303,0.016609400000000107,1.0073487894291193,1.0727539999999962,1.0222220123090853,0.015873000000000026,4,3,1,0.11682500862244052,4.279648757293528,0
44b6_0113de3b,4,1431,1709,False,False,6.662995408410545,5.816614806956019,3.25,1.21875,5.6875,3.25,2,2.5001716597394577,0.0029128800000000066,0.9904410331263687,0.18574116999999998,0.526994694734612,0.20695303,0.03650980000000015,0.9842036443412878,2.4136960000000016,0.953367697064701,0.03174604000000003,4,3,1,0.2489944012803977,6.911989809690943,0
44b6_0113de3b,4,1432,1622,False,False,4.162823748671087,3.832554834897995,-1.625,-3.25,-2.03125,1.625,1,0.0,0.32575394,0.42783907887702133,4.7279922999999995,0.12341354243840724,0.6656497,0.21149590000000007,0.915508135081266,15.286746,0.7673467903100148,0.01587301000000002,1,0,1,3.2838659300259128,7.446689678697,0
44b6_0113de3b,4,1433,1692,False,False,2.7252078475778685,2.1877232028983924,-1.625,2.03125,0.8125,1.625,1,0.0,0.11530753999999999,0.7100189678597499,1.31642547,0.36595186295990006,0.75980353,0.1353607000000001,0.945473645160816,9.922974000000004,0.8451881471748093,0.015873040000000005,2,2,0,1.4473975598550994,4.172605407432968,0
44b6_0113de3b,4,1433,1683,False,False,4.942244555867304,4.942244555867304,0.0,4.875,0.8125,0.0,2,2.2170367082894353,0.15890619,0.6398674194461073,2.08292177,0.2672790287579712,0.75980353,0.18956950000000017,0.9252704400844771,14.213987999999993,0.7921567606747786,0.0,2,1,1,2.2501307258944645,7.192375281761768,0
44b6_0113de3b,4,1434,1537,False,False,6.09375,6.09375,0.0,-3.65625,-4.875,0.0,1,0.0,0.43196690000000004,0.3542687992382356,2.539224,0.3117038327705583,1.149925,0.42326679999999994,0.7916718099430903,17.700438999999996,0.49618307161134784,0.0,1,1,0,5.543245434178478,11.636995434178477,0
44b6_0113de3b,4,1435,1582,False,False,6.90625,6.90625,0.0,-6.09375,3.25,0.0,1,0.0,0.27355090000000004,0.49564885181214235,5.809028570000001,0.030220513770034374,0.18102273,0.12093409999999993,0.9283123191346273,4.0228269999999995,0.7999996122132156,0.0,2,1,1,4.260427439980333,11.166677439980333,0
44b6_0113de3b,4,1436,1724,False,False,4.0010984819796676,3.65625,1.625,3.65625,0.0,1.625,1,0.0,0.008060390000000028,0.9711627877726265,0.08907321000000001,1.2827896174419213,0.31493512,0.004070700000000205,1.001775012033906,0.26818899999999957,1.0053474035694618,0.015873040000000005,1,1,0,0.08543005804175008,4.086528540021417,0
44b6_0113de3b,4,1437,1723,False,False,0.9084026158592896,0.9084026158592896,0.0,0.40625,-0.8125,0.0,1,0.0,0.012799899999999975,0.95656670148817,0.025134340000000033,0.9340764472153076,0.3562723,0.041327299999999845,0.9828049596497473,2.9500740000000008,0.9493085801290824,0.0,2,1,1,0.360142066039534,1.2685446818988235,0
44b6_0113de3b,4,1437,1719,False,False,1.8168052317185792,0.8125,1.625,0.0,0.8125,1.625,2,0.9084026158592896,0.007987460000000002,0.9724339830661947,0.14153884,0.7156632601018108,0.3562723,0.0632826999999998,0.9739104609271305,4.559204000000001,0.9237666630326969,0.015873000000000026,2,1,1,0.5749324429784708,2.3917376746970502,0
44b6_0113de3b,4,1438,1721,False,False,1.8168052317185792,0.8125,1.625,0.8125,0.0,1.625,1,0.0,8.110000000005613e-06,0.9999930819803267,0.12245500000000004,0.6905426925749804,0.27327618,0.03286079999999991,0.9856823881282489,2.1455079999999995,0.9576717649780917,0.015873009999999965,1,2,1,0.20821077960019074,2.02501601131877,0
44b6_0113de3b,4,1438,1720,False,False,3.72334275215162,1.8168052317185792,3.25,1.625,0.8125,3.25,2,1.9065375204330406,0.004653069999999981,0.9832179607951105,0.06846735000000004,0.7996294288459872,0.27327618,0.024733799999999917,0.9891839971520776,1.609131000000005,0.9679142426246361,0.03174602999999998,1,2,1,0.14583218494044756,3.869174937092067,0
44b6_0113de3b,4,1438,1594,False,False,6.662995408410545,4.5420130792964475,-4.875,-2.03125,4.0625,4.875,3,4.846190176691966,0.62196556,0.30518973064923166,1.60722182,0.14532040278477942,0.27327618,0.1073499,0.9547065586828843,7.241089000000002,0.8701921490251914,0.047619049999999996,1,5,4,2.3622974559121257,9.02529286432267,0
44b6_0113de3b,4,1439,1716,False,False,1.9902104160113323,1.1490485194281397,1.625,0.8125,0.8125,1.625,1,0.0,0.0037262400000000473,1.0130960715238961,0.01185367000000001,0.9444539047523711,0.20171876,0.0,0.9999954698655455,0.0,0.9999997780523713,0.015872999999999915,0,0,0,0.02063577492927641,2.0108461909406086,0
44b6_0113de3b,4,1440,1716,False,False,6.809990937035085,6.809990937035085,0.0,6.5,-2.03125,0.0,1,0.0,0.01580463999999998,0.9442690309117103,0.04826708000000002,0.7739651150143763,0.16530535,0.017660300000000184,0.991995116515058,1.0727540000000033,0.9761902574135278,0.0,2,0,2,0.0931629015276012,6.9031538385626865,0
44b6_0113de3b,4,1442,1722,False,False,2.0714766773970688,1.284675299443404,1.625,1.21875,0.40625,1.625,1,0.0,0.01126780999999999,1.0478094225986867,0.12943105,0.6999627853955104,0.3019756,0.01986270000000001,0.9914627942889858,1.3409419999999983,0.9746191121708836,0.01587301999999996,1,0,1,0.1801673368926819,2.2516440142897505,0
44b6_0113de3b,4,1442,1526,False,False,6.989389279472134,6.989389279472134,0.0,-4.0625,5.6875,0.0,2,4.917912602075066,0.8496459700000001,0.22503966667226077,3.2920047,0.08402237479605885,0.3019756,0.15731770000000012,0.9361813480580133,11.263916000000002,0.8205126914008728,0.0,1,3,2,3.397777624759917,10.387166904232052,0
44b6_0113de3b,4,1443,1727,False,False,1.6750116604071745,0.40625,1.625,0.0,0.40625,1.625,1,0.0,0.00895971000000001,0.9373213916358736,0.3188031,0.8284228385220106,1.5393194,0.07549319999999993,0.9639925847898153,4.0228269999999995,0.8958331035250646,0.015873009999999993,0,0,0,0.5224443744577886,2.197456034864963,0
44b6_0113de3b,5,1444,1793,False,False,2.9575446425202108,2.471122277933652,1.625,2.4375,-0.40625,1.625,1,0.0,0.1799096,1.1731619715828925,0.9659140000000006,1.243143661588923,3.972555,0.1920234999999999,0.9176425501361084,12.068483,0.7727271049519852,0.015873017,0,0,0,1.4753040212208348,4.432848663741046,0
44b6_0113de3b,5,1445,1734,False,False,2.7252078475778685,2.7252078475778685,0.0,2.4375,-1.21875,0.0,1,0.0,0.0009940000000000504,1.0010757545477962,0.25148100000000007,1.0532833535049446,4.719494,0.0,0.999995326413122,0.0,0.999999756292806,0.0,0,0,0,0.17184538778226577,2.897053235360134,0
44b6_0113de3b,5,1446,1729,False,False,2.1877232028983924,1.4647552056572457,1.625,1.21875,-0.8125,1.625,1,0.0,0.030566199999999988,0.9773194437098844,0.0417165000000006,0.9943100775574344,7.2916775,0.006649799999999928,0.9973748009509182,0.5363749999999925,0.9921567460523452,0.015873020000000015,1,2,1,0.14430557087763315,2.3320287737760257,0
44b6_0113de3b,5,1446,1741,False,False,4.021669817998489,3.6787502123683256,1.625,3.65625,-0.40625,1.625,2,1.8339466151000963,0.21337819999999996,1.1932368786053353,4.014879,2.2252376054322367,3.2767985,0.020161799999999896,1.008028405027492,1.609135000000009,1.0242914072161464,0.015873020000000015,1,2,1,2.5186015744591392,6.540271392457628,0
44b6_0113de3b,5,1447,1772,False,False,3.350023320814349,0.8125,3.25,0.0,0.8125,3.25,1,0.0,0.28128162999999995,0.7355928798768256,5.0562316,0.41541872737327096,3.5930974,0.0,0.9999952419963479,0.0,0.9999997428469007,0.031746019999999986,1,0,1,3.192259641807429,6.542282962621778,0
44b6_0113de3b,5,1448,1735,False,False,2.9575446425202108,2.471122277933652,1.625,2.4375,0.40625,1.625,1,0.0,0.035121999999999876,1.0301305623376207,0.015060000000000073,0.9969945067481002,4.999082,0.0,0.9999960632807153,0.0,0.9999998543468578,0.015873020000000015,1,1,0,0.15435444413069097,3.1118990866509018,0
44b6_0113de3b,5,1448,1788,False,False,5.970631248033997,5.745242597140699,1.625,5.6875,-0.8125,1.625,2,3.013086605513786,0.2763131999999999,1.2989850424807052,2.4417737999999996,1.9548142268725102,2.5573082,0.054062899999999914,1.0217418420075945,4.291015999999999,1.0666665071602928,0.015873020000000015,1,1,0,1.6598633127182094,7.630494560752206,0
44b6_0113de3b,5,1449,1763,False,False,2.569350598886808,2.569350598886808,0.0,2.4375,-0.8125,0.0,1,0.0,0.04211606000000001,1.0478538185101571,1.3710939999999994,1.2165331487044657,6.331972,0.0,0.999995326413122,0.0,0.999999756292806,0.0,0,0,0,0.8879547113023474,3.4573053101891555,0
44b6_0113de3b,5,1451,1732,False,False,3.6336104634371584,1.625,3.25,0.0,1.625,3.25,1,0.0,0.01807185,1.0184164298105356,0.13464170000000042,1.0325017484285872,4.142281,0.027857800000000044,0.9888061865744291,2.145505,0.9668048717204084,0.03174605000000008,1,1,0,0.3613709141461636,3.994981377583322,0
44b6_0113de3b,5,1451,1737,False,False,4.89189779763437,3.65625,3.25,3.65625,0.0,3.25,2,1.2582873341972118,0.019557970000000036,1.0199619727307883,0.2680277000000002,1.0668555877477766,4.008895,0.031296199999999885,0.9874424089754955,2.413695000000004,0.9628097881069839,0.03174605000000008,1,1,0,0.4346385403794005,5.326536338013771,0
44b6_0113de3b,5,1452,1732,False,False,3.6336104634371584,3.25,1.625,3.25,0.0,1.625,1,0.0,0.016834149999999992,0.9828251753727811,0.1457809999999995,0.9648042592855018,3.9965,0.0,0.9999959832446674,0.0,0.999999845281304,0.015873030000000066,1,1,0,0.09679898545200322,3.7304094488891617,0
44b6_0113de3b,5,1453,1762,False,False,2.9575446425202108,2.471122277933652,1.625,2.4375,0.40625,1.625,1,0.0,0.10964298000000006,0.888202991504688,1.500927,1.1985223354607217,7.560434,0.4088430999999999,0.8377685389454531,27.623414000000004,0.587999903948163,0.015873029999999955,0,0,0,3.1803910851028916,6.137935727623102,0
44b6_0113de3b,5,1454,1801,False,False,5.6438053707139835,5.6438053707139835,0.0,2.84375,4.875,0.0,1,0.0,0.08366923999999998,1.0947148004575606,3.2990646,2.3860573425834217,2.3801618,0.07806870000000021,1.0380356440753626,4.291015999999999,1.118518221039294,0.0,0,1,1,2.1580207536616354,7.801826124375619,0
44b6_0113de3b,5,1455,1747,False,False,3.832554834897995,2.03125,3.25,2.03125,0.0,3.25,1,0.0,0.06763940000000002,1.0578691835093184,1.2625149999999987,1.1522824730382686,8.290537,0.00666739999999999,0.9973644135759028,0.5363740000000092,0.9921258816075423,0.031746039999999975,0,0,0,0.8147190421066849,4.64727387700468,0
44b6_0113de3b,5,1456,1756,False,False,2.6012692214570947,2.03125,1.625,2.03125,0.0,1.625,1,0.0,0.03119329999999998,1.0272338022530398,0.6599067000000005,1.1371738303783372,4.8106503,0.0033118999999999232,1.0013015623202142,0.26819000000000415,1.0039214441934097,0.015873020000000015,1,0,1,0.41604771572734056,3.017316937184435,0
44b6_0113de3b,5,1457,1752,False,False,2.9575446425202108,2.471122277933652,1.625,2.4375,-0.40625,1.625,1,0.0,0.016869299999999976,1.015358869044718,0.8455306,1.2127263675443678,3.9746764,0.0,0.9999960632807153,0.0,0.9999998543468578,0.015873020000000015,1,3,2,0.557923162138109,3.5154678046583197,0
44b6_0113de3b,5,1457,1790,False,False,4.614113030962723,3.2752922102462856,3.25,2.84375,1.625,3.25,2,1.656568388442512,0.17722103,1.1890574108468694,1.8746735,1.6364406093476467,2.9455335,0.013299799999999973,1.0052593579196911,1.0727540000000033,1.0158728669684582,0.03174602999999998,1,3,2,1.1892990967060755,5.803412127668798,0
44b6_0113de3b,5,1458,1738,False,False,2.7252078475778685,2.1877232028983924,1.625,2.03125,-0.8125,1.625,1,0.0,0.0028615000000000723,0.9969233279723274,2.6199307000000003,1.5187714210074332,5.050231,0.07144879999999976,1.0289373831335806,5.631957999999997,1.0893615291447416,0.015873020000000015,0,0,0,1.9666512771277538,4.691859124705623,0
44b6_0113de3b,5,1458,1788,False,False,6.358818311015027,6.147678042358757,1.625,-6.09375,-0.8125,1.625,2,3.633610463437159,0.00631494999999993,1.0068225259193115,5.1128535,2.999298913995138,2.5573082,0.054062899999999914,1.0217418420075945,4.291015999999999,1.0666665071602928,0.015873020000000015,0,1,1,3.529796527859094,9.88861483887412,0
44b6_0113de3b,5,1459,2016,False,False,2.03125,1.21875,-1.625,0.0,-1.21875,1.625,1,0.0,0.7611019799999998,3.8169267734186194,6.0448069,4.177849137359771,1.9021561,0.07301400000000013,1.035485241378774,4.0228269999999995,1.1102938086003638,0.015873000000000026,1,1,0,4.039822494646507,6.071072494646507,0
44b6_0113de3b,5,1460,1769,False,False,3.1729139308370784,3.1729139308370784,0.0,2.03125,-2.4375,0.0,1,0.0,0.15693099999999993,0.8781375082191045,0.5589542000000001,0.8473643848101288,3.1031182,0.010431499999999705,1.0042154181198057,0.8045660000000083,1.0127117135066104,0.0,2,2,0,0.6539618740158987,3.826875804852977,0
44b6_0113de3b,5,1460,1746,False,False,3.9804208320226646,3.6336104634371584,1.625,3.25,1.625,1.625,2,0.8075069011855862,0.0936283,1.0902524347246232,0.7220423,1.3032365611001266,2.3810759,0.0034578000000000664,0.9986051375649792,0.268187999999995,0.9958331859970888,0.015873040000000005,2,3,1,0.5040332086589648,4.484454040681629,0
44b6_0113de3b,5,1460,1784,False,False,5.2183757350827085,4.958913218891817,1.625,2.84375,-4.0625,1.625,3,2.04546180424563,0.015042699999999964,1.0134716158868406,0.008452399999999916,1.0027280402037588,3.0946658,0.024478499999999848,1.0099538806445563,1.877319000000007,1.0301722426116975,0.015873040000000005,2,2,0,0.28748471411595977,5.505860449198668,0
44b6_0113de3b,5,1460,1899,False,False,6.2541392543258905,6.039340428598143,1.625,-4.0625,4.46875,1.625,4,3.081225323488812,0.5222708,1.8580622668410853,1.2565941,1.6805095557130518,1.8465241,0.0786408999999999,1.032708026365454,5.9001460000000066,1.101382289884463,0.015873040000000005,2,1,1,2.07131828849749,8.325457542823381,0
44b6_0113de3b,5,1461,1758,False,False,4.0827619710803615,2.471122277933652,3.25,2.4375,-0.40625,3.25,1,0.0,0.006187800000000077,0.9930122597196199,0.2056136000000004,0.9557306663173752,4.439208,0.034628300000000056,1.0140426208386906,2.6818859999999987,1.0427348959178702,0.03174603000000001,1,0,1,0.45742619599445894,4.54018816707482,0
44b6_0113de3b,5,1462,1749,False,False,3.300390601883359,2.8726212985703494,1.625,2.84375,0.40625,1.625,1,0.0,0.04001560000000004,1.035021283394138,0.10637140000000045,0.979100679784763,4.9838033,0.0,0.9999960581413119,0.0,0.9999998537756658,0.015873000000000026,2,3,1,0.21157892413543755,3.511969526018796,0
44b6_0113de3b,5,1462,1812,False,False,5.154734625807618,4.89189779763437,1.625,4.875,0.40625,1.625,2,1.8543440239242588,0.1900453500000001,1.1915113760530853,2.0306661,1.6876244096467659,2.9531372,0.05420880000000006,1.0218308910322393,4.29101399999999,1.0669454147784883,0.015873000000000026,2,4,2,1.3862693091192204,6.541003934926838,0
44b6_0113de3b,5,1462,1802,False,False,6.080193253507654,5.138701197773616,3.25,4.875,1.625,3.25,3,2.7798026516242955,0.21689635000000007,1.2246498558820356,2.2276907,1.808266185256055,2.7561126,0.04386430000000008,1.017590904168054,3.4864499999999907,1.0537188439980387,0.03174604000000003,2,4,2,1.4645962417729093,7.544789495280564,0
44b6_0113de3b,5,1463,1786,False,False,2.0714766773970688,1.284675299443404,1.625,0.40625,-1.21875,1.625,1,0.0,0.3006188999999999,1.245343227952042,2.3783955000000003,1.877197825654394,2.7113345,0.04730269999999992,1.0189963204914452,3.754639999999995,1.0580911457120563,0.015873020000000015,2,3,1,1.6383763955523694,3.7098530729494383,0
44b6_0113de3b,5,1463,1745,False,False,2.632800908728193,2.0714766773970688,1.625,2.03125,0.40625,1.625,2,0.5613242313311244,0.012259299999999973,0.9920232712721001,0.02882169999999995,0.9943672262463887,5.08973,0.006649799999999928,1.0026241940191472,0.5363749999999925,1.0079049609593391,0.015873020000000015,2,3,1,0.11077528571765521,2.7435761944458483,0
44b6_0113de3b,5,1463,1794,False,False,5.28125,5.025034981221523,1.625,4.875,1.21875,1.625,3,3.2097733226029312,0.3643456999999999,1.313668295607576,2.708931,2.137815339239729,2.380799,0.06813689999999983,1.0275958471727287,5.363767999999993,1.0851061864992966,0.015873020000000015,2,5,3,1.9391298137309954,7.220379813730995,0
44b6_0113de3b,5,1464,1781,False,False,2.9295104113144914,2.9295104113144914,0.0,2.4375,-1.625,0.0,1,0.0,0.040627250000000004,1.0479031234668077,0.4619772999999996,1.1261142656468923,3.6630752,0.0,0.999995326413122,0.0,0.999999756292806,0.0,0,0,0,0.29409252705740324,3.2236029383718945,0
44b6_0113de3b,5,1464,2013,False,False,3.447145558284419,3.447145558284419,0.0,-2.4375,2.4375,0.0,2,0.5176351469699276,0.48032862000000004,2.176667137102963,3.62211393,8.201738201581923,0.50293857,0.09251260000000006,1.0451855623632138,5.095581000000003,1.1417907249816945,0.0,0,1,1,2.4460268227181428,5.893172381002562,0
44b6_0113de3b,5,1465,1791,False,False,2.9575446425202108,2.471122277933652,1.625,2.4375,0.40625,1.625,1,0.0,0.059114300000000064,1.0574960492581749,0.7903165000000003,1.2651928445834397,2.98011,0.03573380000000004,0.9854801155195213,2.681885000000001,0.9570813881241855,0.015873040000000005,2,4,2,0.6781362233318216,3.6356808658520325,0
44b6_0113de3b,5,1466,1817,False,False,3.350023320814349,0.8125,3.25,0.0,0.8125,3.25,1,0.0,0.12223119999999998,0.884608932997094,1.6641120000000003,1.3892171928027301,4.2755,0.04379420000000023,0.9792997317020438,2.413695000000004,0.9391889857642256,0.03174605,0,1,1,1.4644194892885458,4.814442810102895,0
44b6_0113de3b,5,1466,1789,False,False,3.8540258983302125,2.0714766773970688,3.25,2.03125,0.40625,3.25,2,0.5040025775158634,0.04443739999999996,0.954718086022739,0.08577300000000054,1.0146507024694351,5.853839,0.43094610000000033,0.8278427004300855,28.427980000000005,0.5673468511870798,0.03174605,0,1,1,2.7179943318204014,6.572020230150613,0
44b6_0113de3b,5,1467,1743,False,False,3.040096626753827,2.569350598886808,1.625,2.4375,-0.8125,1.625,1,0.0,0.04250170000000009,1.037798754105413,2.365465500000001,1.3925609503622194,6.0256925,0.02021570000000006,0.9919958016316047,1.6091309999999908,0.976190329634571,0.015873009999999993,1,1,0,1.6165056599415966,4.656602286695424,0
44b6_0113de3b,5,1468,1739,False,False,3.300390601883359,2.8726212985703494,1.625,2.84375,-0.40625,1.625,1,0.0,0.08417640000000004,0.9305471303534888,0.5322619,0.884104400557208,4.0604124,0.003303000000000278,0.9986974585934942,0.26819000000000415,0.9961087828774838,0.01587303000000001,1,1,0,0.39026551519759867,3.6906561170809575,0
44b6_0113de3b,5,1468,1814,False,False,4.318496736423452,4.318496736423452,0.0,3.25,-2.84375,0.0,2,1.0181061345400928,0.09211780000000003,1.088920626863398,1.1090499999999999,1.3757709464247887,2.9513624,0.08199919999999983,1.0333535243657215,6.436523000000001,1.1034480907561535,0.0,1,1,0,1.17412756192014,5.492624298343592,0
44b6_0113de3b,5,1469,1754,False,False,1.86167137607581,0.9084026158592896,1.625,0.8125,-0.40625,1.625,1,0.0,0.010678829999999917,0.9884726162314488,0.45228230000000025,0.9159215834493978,4.927118,0.006867600000000085,1.0027545301368317,0.5363799999999941,1.0082986466910389,0.015873040000000005,0,1,1,0.31743936543029283,2.179110741506103,0
44b6_0113de3b,5,1469,1759,False,False,2.0714766773970688,1.284675299443404,1.625,-0.40625,-1.21875,1.625,2,0.20980530132125885,0.05920082999999998,0.9393193325322629,1.2406505,0.798848077958701,4.927118,0.0,0.9999959942945936,0.0,0.999999846554716,0.015873040000000005,0,2,2,0.7873665114557289,2.8588431888527976,0
44b6_0113de3b,5,1470,1767,False,False,2.1877232028983924,2.1877232028983924,0.0,2.03125,0.8125,0.0,1,0.0,0.00799284999999994,1.0089614819109767,0.1533099,0.9661944678396774,4.3820295,0.013967499999999688,1.0056617419213543,1.0727529999999987,1.0170938404503502,0.0,2,1,1,0.21101179911877052,2.3987350020171627,0
44b6_0113de3b,5,1470,1899,False,False,5.6875,5.6875,0.0,5.6875,0.0,0.0,2,3.4997767971016076,0.2901372,1.4766721969258594,2.5355054,2.373110520948408,1.8465241,0.07517359999999984,1.031265736631813,5.631957,1.0967739867975808,0.0,2,1,1,1.728131477604711,7.415631477604711,0
44b6_0113de3b,5,1470,1744,False,False,5.984436194204096,5.025034981221523,-3.25,-1.21875,-4.875,3.25,3,3.7967129913057036,0.01302419999999993,1.0146926202949678,0.7076634999999998,0.8609597652358105,4.3820295,0.01381180000000004,0.9944557783562842,1.0727530000000058,0.9834709364727721,0.03174604000000003,2,1,1,0.5294113578099958,6.5138475520140915,0
44b6_0113de3b,5,1471,1766,False,False,4.0827619710803615,3.7454399357752353,1.625,3.65625,0.8125,1.625,1,0.0,0.08449254000000006,1.0940746238325239,0.5215223,1.1570039228077937,3.3216414,0.034628300000000056,1.0140426208386906,2.6818859999999987,1.0427348959178702,0.015873000000000026,1,3,2,0.5233134712865276,4.6060754423668895,0
44b6_0113de3b,5,1471,1864,False,False,5.998209368219819,5.773897351442957,-1.625,-4.46875,-3.65625,1.625,2,1.9154473971394577,0.3315941400000001,1.5093959942906823,2.9197018999999997,4.161647058415861,0.9234618,0.5888550000000001,1.3081338395942657,36.205445999999995,2.2385313989328472,0.015872999999999915,1,1,0,3.1201201264040344,9.118329494623854,0
44b6_0113de3b,5,1471,1777,False,False,6.600781203766718,5.745242597140699,3.25,5.6875,0.8125,3.25,3,2.518019232686356,0.007971280000000025,1.008169112347828,1.3394953000000003,0.7415414142790134,3.8431637,0.034628300000000056,1.0140426208386906,2.6818859999999987,1.0427348959178702,0.03174600000000005,1,4,3,1.0606694869222446,7.661450690688962,0
44b6_0113de3b,5,1472,1744,False,False,4.394265616971737,4.0827619710803615,1.625,4.0625,0.40625,1.625,1,0.0,0.017855500000000024,0.9798304154016576,0.8137230000000004,1.1598743580912287,5.089693,0.024272599999999755,0.9902597261944397,1.8773180000000025,0.9710742505348864,0.015873000000000026,1,1,0,0.6835321364010756,5.0777977533728125,0
44b6_0113de3b,5,1473,1758,False,False,5.87308811976289,4.89189779763437,3.25,4.875,0.40625,3.25,1,0.0,0.03710809999999998,1.04182643642834,0.05641060000000042,0.9878530364803753,4.588411,0.01743479999999975,1.007068222864497,1.3409420000000054,1.0213673523507207,0.03174603000000001,1,0,1,0.26286295144474525,6.135951071207636,0
44b6_0113de3b,5,1474,1792,False,False,2.9575446425202108,2.471122277933652,1.625,2.4375,-0.40625,1.625,1,0.0,0.015302099999999985,1.0153048504709274,0.25045699999999993,1.080106865021466,3.1264012,0.0,0.9999960683929776,0.0,0.9999998549136047,0.01587301000000002,0,1,1,0.1578196673193104,3.115364309839521,0
44b6_0113de3b,5,1474,1851,False,False,4.0625,4.0625,0.0,2.4375,-3.25,0.0,2,1.1049553574797892,0.08268750000000002,1.088730566125213,0.9350882,1.3829494057613707,2.44177,0.09951160000000003,1.0407129754380728,7.7774670000000015,1.1271928166921987,0.0,0,2,2,1.3047577389730634,5.367257738973064,0
44b6_0113de3b,5,1475,1765,False,False,1.7235727791422095,1.7235727791422095,0.0,1.21875,-1.21875,0.0,1,0.0,0.14231524000000007,0.8719445660590375,1.4491650000000007,0.743793714669813,4.207107,0.010580500000000104,0.9957040531744148,0.8045660000000012,0.9871793208865672,0.0,1,2,1,0.9214093568057693,2.644982135947979,0
44b6_0113de3b,5,1475,1757,False,False,2.9295104113144914,2.4375,1.625,2.4375,0.0,1.625,2,1.205937632172282,0.04027774000000006,0.9600873234131542,0.4203673999999995,1.1110074455411574,3.7867396,0.010580500000000104,0.9957040531744148,0.8045660000000012,0.9871793208865672,0.015873010000000076,1,3,2,0.4131464435458453,3.3426568548603366,0
44b6_0113de3b,5,1475,1794,False,False,4.942244555867304,4.942244555867304,0.0,-0.8125,4.875,0.0,3,3.2186717767250945,0.19241244000000002,0.8343373465969679,1.8263079999999996,1.7670913542413522,2.380799,0.014087200000000077,0.9942897126280016,1.0727540000000033,0.982978565950639,0.0,1,5,4,1.772297176563498,6.714541732430802,0
44b6_0113de3b,5,1475,1745,False,False,5.465534769123694,5.465534769123694,0.0,-3.65625,4.0625,0.0,4,3.741961989981485,0.5690174399999999,0.6300540758143229,0.9114447000000006,0.8219314812596671,4.207107,0.07557429999999998,0.9701274333562101,5.900147000000004,0.9130433366476695,0.0,1,3,2,2.3172015286390444,7.782736297762739,0
44b6_0113de3b,5,1476,1730,False,False,3.350023320814349,3.350023320814349,0.0,3.25,-0.8125,0.0,1,0.0,0.1012301000000001,0.9069162346238164,0.9412417,0.8672105103005169,6.147048,0.004671800000000115,0.9978119200954981,0.2681869999999975,0.9934638461718243,0.0,0,0,0,0.6103194447383892,3.9603427655527383,0
44b6_0113de3b,5,1477,1769,False,False,2.8145825622994254,2.2980970388562794,1.625,1.625,1.625,1.625,1,0.0,0.15965459999999987,0.8760226709069016,0.6888367999999998,0.811897514922111,2.9732356,0.031035399999999935,1.0125495402134264,2.4137000000000057,1.0381354881124127,0.015873000000000026,2,2,0,0.8115094293859278,3.626091991685353,0
44b6_0113de3b,5,1477,1784,False,False,4.0625,2.4375,3.25,2.4375,0.0,3.25,2,1.2479174377005746,0.012319100000000027,1.0110308505533079,0.12143019999999982,0.960758345025996,2.9732356,0.04508240000000008,1.0183356270291886,3.4864530000000045,1.0560343577151412,0.03174604000000003,2,2,0,0.561299822433063,4.623799822433063,0
44b6_0113de3b,5,1478,1796,False,False,0.40625,0.40625,0.0,0.0,0.40625,0.0,1,0.0,0.016677500000000012,1.0179928128064135,0.39344409999999996,1.095281820237485,4.1291523,0.0270273999999997,1.0108075695469223,2.1455059999999975,1.0327866988599894,0.0,1,2,1,0.414086180994375,0.820336180994375,0
44b6_0113de3b,5,1478,1773,False,False,2.471122277933652,2.471122277933652,0.0,2.4375,-0.40625,0.0,2,2.064872277933652,0.05905203999999997,1.0667920890671598,0.6429596000000002,1.165723745780157,3.8796368,0.03731479999999987,1.0149844254328735,2.9500759999999957,1.0456430364286715,0.0,1,2,1,0.5903563552763675,3.0614786332100197,0
44b6_0113de3b,5,1479,1748,False,False,3.6336104634371584,1.625,3.25,1.625,0.0,3.25,1,0.0,0.012097480000000105,1.0125336250367651,0.05485650000000053,0.9868258059713856,4.1098285,0.0033118999999999232,1.0013015623202142,0.26819000000000415,1.0039214441934097,0.03174602999999998,0,0,0,0.08815474748614276,3.721765210923301,0
44b6_0113de3b,5,1480,1829,False,False,2.6012692214570947,2.6012692214570947,0.0,2.03125,-1.625,0.0,1,0.0,0.02806525000000004,0.9678642483474559,0.4544417999999999,1.2580277115088658,1.7611644,0.3713248,0.8504289844926752,24.673340000000003,0.6150626637204679,0.0,0,3,3,2.4716292050603874,5.072898426517482,0
44b6_0113de3b,5,1481,1776,False,False,4.1429533547941375,4.1429533547941375,0.0,4.0625,0.8125,0.0,1,0.0,0.03951585000000002,1.0438635610016533,0.10562350000000009,0.9699364257441655,3.4080372,0.02825640000000007,1.011557552736981,2.145506999999995,1.0350875365347132,0.0,1,1,0,0.37242710448772337,4.515380459281861,0
44b6_0113de3b,5,1481,1838,False,False,4.908737426772795,4.631962664465248,-1.625,-1.21875,4.46875,1.625,2,0.7657840719786577,0.11262154000000002,1.1360786650325367,1.2470224,1.5770467789171139,2.1610148,0.024688500000000335,1.0100829586211983,1.8773199999999974,1.030567529162583,0.015873020000000015,1,1,0,0.7995662279693757,5.708303654742171,0
44b6_0113de3b,5,1481,1779,False,False,5.138701197773616,5.138701197773616,0.0,4.875,1.625,0.0,3,0.9957478429794788,0.06689089999999998,1.0765860356037826,0.31778320000000004,1.1028304377878395,3.090254,0.02113100000000001,1.0086169369463462,1.6091300000000004,1.026086776077049,0.0,1,2,1,0.33524177096781305,5.473942968741429,0
44b6_0113de3b,5,1482,1756,False,False,2.0714766773970688,1.284675299443404,1.625,0.40625,1.21875,1.625,1,0.0,0.11206510000000014,0.9021196887151239,1.5812407999999998,0.6713027523477392,3.2294095,0.00998790000000005,0.9960589691022531,0.8045639999999992,0.9882351702570346,0.015873020000000015,1,0,1,0.9872549874214203,3.058731664818489,0
44b6_0113de3b,5,1483,1873,False,False,0.8125,0.8125,0.0,0.0,0.8125,0.0,1,0.0,0.28175843999999994,1.3470053842232386,1.1305095,1.7059174642559267,1.6014513,0.10790539999999993,1.0531039107209899,5.900147000000004,1.1679386155917422,0.0,1,2,1,1.1778664059541921,1.9903664059541921,0
44b6_0113de3b,5,1483,1832,False,False,2.471122277933652,2.471122277933652,0.0,2.4375,-0.40625,0.0,2,1.658622277933652,0.08075539999999992,1.0797134614139199,0.40252739999999987,1.1727955270344839,2.3294334,0.004671800000000115,1.0021835001988748,0.2681869999999975,1.0065786639702132,0.0,1,2,1,0.3370617623179294,2.8081840402515814,0
44b6_0113de3b,5,1484,1775,False,False,2.2980970388562794,1.625,1.625,1.625,0.0,1.625,1,0.0,0.002880299999999947,1.0024697944304641,0.08340260000000033,1.0149362198163303,5.5832367,0.0,0.9999959776733519,0.0,0.9999998446366489,0.01587303000000001,0,0,0,0.05371303882962051,2.3518100776859,0
44b6_0113de3b,5,1485,1800,False,False,3.374565944310468,2.9575446425202108,1.625,2.84375,-0.8125,1.625,1,0.0,0.01509399999999994,1.017765495459929,2.008478,1.4039499838196199,4.972061,0.010121099999999661,1.0040282260678188,0.8045700000000124,1.012145665867986,0.015873020000000015,0,2,2,1.3554659044955681,4.730031848806036,0
44b6_0113de3b,5,1485,1799,False,False,4.0625,2.4375,3.25,2.4375,0.0,3.25,2,0.6879340556895319,0.02889649999999999,1.0345838794213675,1.0119254,1.169539154722372,5.9686136,0.016914399999999663,1.0067529287898456,1.3409400000000034,1.0204079706949984,0.03174603000000001,0,1,1,0.6716231313963845,4.734123131396385,0
44b6_0113de3b,5,1486,1753,False,False,2.333728575156074,1.6750116604071745,1.625,1.625,-0.40625,1.625,1,0.0,0.0032859000000000638,0.9972579714046658,0.3542934000000004,0.9299042940656591,4.700263,0.020055099999999992,0.9920906211237979,1.6091299999999933,0.9764704574935366,0.015873000000000026,2,1,1,0.34960060368910484,2.683329178845179,0
44b6_0113de3b,5,1486,1764,False,False,2.4375,2.4375,0.0,0.0,-2.4375,0.0,2,0.10377142484392587,0.16669899999999993,1.1615190341473964,1.7422329999999997,1.588978850860705,2.95803,0.006756499999999832,1.0026877814645825,0.5363800000000083,1.0080970602585408,0.0,2,1,1,1.1088580632407352,3.546358063240735,0
44b6_0113de3b,5,1487,1782,False,False,2.471122277933652,2.471122277933652,0.0,2.4375,-0.40625,0.0,1,0.0,0.21200980000000003,1.2280217481325324,0.28622199999999953,1.0592516961173755,4.830434,0.02356669999999994,0.9889812244255484,1.3409419999999983,0.967320035092861,0.0,1,1,0,0.8804528174800754,3.351575095413727,0
44b6_0113de3b,5,1487,1916,False,False,2.569350598886808,2.569350598886808,0.0,-0.8125,2.4375,0.0,2,0.09822832095315626,0.55718966,1.9531686950866605,3.7311923,3.6930733510134472,1.3854637,0.2530585000000001,1.1358242009512314,12.604859000000001,1.465346018166765,0.0,1,1,0,3.174736654161589,5.744087253048397,0
44b6_0113de3b,5,1488,1837,False,False,2.1877232028983924,2.1877232028983924,0.0,2.03125,-0.8125,0.0,1,0.0,0.06429276000000006,1.0975430110095052,0.35828109999999924,1.0885875843844406,4.0442486,0.05853940000000013,1.0296615808502507,2.950072999999996,1.0916663204653863,0.0,1,0,1,0.5058576704075856,2.693580873305978,0
44b6_0113de3b,5,1489,1796,False,False,2.569350598886808,2.569350598886808,0.0,2.4375,-0.8125,0.0,1,0.0,0.0005431300000000583,1.000575521721403,0.3385933000000003,0.917997095924275,3.790559,0.010287400000000169,0.9958808076775529,0.8045699999999982,0.9877046975763317,0.0,4,2,2,0.25848145413429996,2.8278320530211083,0
44b6_0113de3b,5,1489,1812,False,False,4.942244555867304,4.942244555867304,0.0,-4.875,0.8125,0.0,2,2.3728939569804957,0.06540751999999994,0.9340743747245962,0.8374218,1.2835658852359273,2.9531372,0.006906100000000137,1.0027777000163736,0.536373999999995,1.0083679974318944,0.0,4,4,0,0.7397311387644661,5.68197569463177,0
44b6_0113de3b,5,1489,1773,False,False,5.138701197773616,5.138701197773616,0.0,4.875,-1.625,0.0,3,2.569350598886808,0.04291767000000002,1.0485398694947585,0.0890778000000001,0.9770371364733511,3.790559,0.0,0.9999959832446674,0.0,0.999999845281304,0.0,4,2,2,0.21562017701144762,5.354321374785064,0
44b6_0113de3b,5,1489,1802,False,False,5.525597394173774,5.28125,1.625,-4.875,2.03125,1.625,4,2.9562467952869658,0.03855651999999998,0.9600529809281607,1.0344464000000002,1.3753230716224307,2.7561126,0.0034383999999998416,0.9986167724958985,0.26819000000000415,0.995867591594786,0.015873040000000005,4,4,0,0.7989257764246175,6.3245231705983915,0
44b6_0113de3b,5,1490,1821,False,False,4.0010984819796676,3.65625,-1.625,3.65625,0.0,1.625,1,0.0,0.10575564000000004,1.1651400743849674,7.499668,2.4787983879968154,5.071444,0.07495549999999973,1.0304010087169528,5.9001459999999994,1.0940169112446956,0.01587301000000002,0,0,0,5.007820832249218,9.008919314228885,0
44b6_0113de3b,5,1491,1745,False,False,1.6750116604071745,0.40625,1.625,0.0,-0.40625,1.625,1,0.0,0.31154879999999996,0.7974440244846882,2.4341967,0.524435409267412,2.684355,0.03378529999999991,0.9866433591169479,2.6818850000000083,0.9604741635415296,0.015873020000000015,4,3,1,1.6499380397628751,3.3249497001700496,0
44b6_0113de3b,5,1491,1786,False,False,3.0671202393287422,2.6012692214570947,1.625,-1.625,-2.03125,1.625,2,1.3921085789215677,0.001329399999999925,1.0010768339026552,0.026979499999999934,0.990045713482739,2.684355,0.006867600000000085,1.0027545301368317,0.5363799999999941,1.0082986466910389,0.015873020000000015,4,3,1,0.09007786458657434,3.1571981039153165,0
44b6_0113de3b,5,1491,1794,False,False,3.300390601883359,2.8726212985703494,1.625,2.84375,0.40625,1.625,3,1.6253789414761843,0.0650561999999999,1.056000360902732,0.30355599999999994,1.1274969978692115,2.380799,0.0277018,1.011216988894809,2.1455079999999924,1.034042392091863,0.015873020000000015,4,5,1,0.39481418489332815,3.695204786776687,0
44b6_0113de3b,5,1492,1735,False,False,1.9902104160113323,1.1490485194281397,1.625,-0.8125,0.8125,1.625,1,0.0,0.2662425300000001,0.7715214612464606,2.6069680999999996,0.4800759729661168,2.4071739,0.03691679999999975,0.9854629554321649,2.9500699999999966,0.9570311578288709,0.015873020000000015,2,1,1,1.6881347548902517,3.6783451709015837,0
44b6_0113de3b,5,1492,1788,False,False,2.9575446425202108,2.471122277933652,1.625,2.4375,-0.40625,1.625,2,0.9673342265088785,0.02505133000000004,0.9728813751897446,0.15013429999999994,0.9412883778014015,2.4071739,0.017146100000000164,1.0068926991674145,1.3409460000000024,1.0208332310524606,0.015873020000000015,2,1,1,0.2620448499222725,3.2195894924424833,0
44b6_0113de3b,5,1493,1764,False,False,2.03125,2.03125,0.0,1.625,-1.21875,0.0,1,0.0,0.04276919999999995,1.0414329960880162,0.0813117000000001,1.0274849900609864,2.95803,0.01362350000000001,0.9945684623734697,1.0727499999999992,0.9838055775622198,0.0,2,1,1,0.25943252419388807,2.290682524193888,0
44b6_0113de3b,5,1493,1753,False,False,3.72334275215162,3.350023320814349,1.625,3.25,0.8125,1.625,2,1.6920927521516198,0.12721570000000004,0.8941544016925884,2.0152147,0.6013061179688924,3.0393417,0.040435099999999835,0.9840571131175084,3.218260000000001,0.9529410612114071,0.015873000000000026,2,1,1,1.313013031387229,5.036355783538848,0
44b6_0113de3b,5,1494,1733,False,False,2.0714766773970688,2.0714766773970688,0.0,2.03125,0.40625,0.0,1,0.0,0.12092855000000002,0.8857401874170604,0.9223062999999998,0.7853713983063421,3.3749502,0.0,0.999995326413122,0.0,0.999999756292806,0.0,0,0,0,0.6346064891234384,2.706083166520507,0
44b6_0113de3b,5,1494,1832,False,False,5.9150892850404215,5.9150892850404215,0.0,-5.6875,1.625,0.0,2,3.8436126076433528,0.07542195000000007,0.9255320818808037,1.0455167999999997,1.4488225813943363,2.3294334,0.004671800000000115,1.0021835001988748,0.2681869999999975,1.0065786639702132,0.0,0,2,2,0.9023095793330177,6.817398864373439,0
44b6_0113de3b,5,1495,1753,False,False,2.471122277933652,2.471122277933652,0.0,0.40625,-2.4375,0.0,1,0.0,0.16734490000000002,0.8607688578630179,2.2745612,0.5499967712364012,2.7799952,0.03701529999999975,0.9854051499516552,2.9500699999999966,0.9568626516291511,0.0,3,1,2,1.4518707748966524,3.9229930528303045,0
44b6_0113de3b,5,1495,1764,False,False,4.908737426772795,4.631962664465248,-1.625,-1.21875,-4.46875,1.625,2,2.4376151488391433,0.0026399999999999757,1.0025484288693773,0.17803479999999983,0.9398098741058268,2.7799952,0.010203699999999927,0.9959308984592298,0.8045599999999951,0.9878541831716648,0.015873000000000026,3,1,2,0.17758552920565118,5.086322955978447,0
44b6_0113de3b,5,1496,1776,False,False,1.4647552056572457,1.4647552056572457,0.0,1.21875,-0.8125,0.0,1,0.0,0.054369209999999946,0.9396224661649678,0.7769936999999998,0.7788626862500234,2.736667,0.010672599999999921,1.0043628059438843,0.8045649999999966,1.013157721943534,0.0,1,1,0,0.5206930932581466,1.9854482989153923,0
44b6_0113de3b,5,1496,1779,False,False,2.03125,2.03125,0.0,2.03125,0.0,0.0,2,0.5664947943427543,0.02699415999999999,0.9690772468790008,0.35358699999999965,0.8855770898538119,2.736667,0.0035471999999998616,1.001443105410095,0.2681880000000021,1.0043476555103354,0.0,1,2,1,0.2327160850293427,2.2639660850293426,0
44b6_0113de3b,5,1496,1838,False,False,5.2183757350827085,4.958913218891817,-1.625,-4.0625,2.84375,1.625,3,3.7536205294254628,0.018736480000000055,1.0226288922002,0.5756522000000004,1.2663746385511172,2.1610148,0.007104700000000186,1.0028986999424525,0.5363779999999991,1.008733477412828,0.015873020000000015,1,1,0,0.37058077604723,5.588956511129939,0
44b6_0113de3b,5,1496,1798,False,False,6.761347521944128,6.761347521944128,0.0,-3.65625,5.6875,0.0,4,5.2965923162868815,0.057303759999999926,0.9365708869842837,0.04547179999999962,0.9836522762549581,2.736667,0.01758380000000015,0.9928834406451815,1.3409419999999983,0.9788134105641917,0.0,1,1,0,0.2891549463449963,7.050502468289124,0
44b6_0113de3b,5,1497,1771,False,False,2.333728575156074,1.6750116604071745,1.625,1.625,-0.40625,1.625,1,0.0,0.032433500000000004,0.9634599307142577,0.18110269999999984,1.0455743496717294,3.9735563,0.006964199999999643,0.9971869130914988,0.5363770000000017,0.991596482513155,0.015873000000000026,1,2,1,0.23499863862564185,2.568727213781716,0
44b6_0113de3b,5,1497,1770,False,False,3.9804208320226646,2.2980970388562794,3.25,1.625,1.625,3.25,2,1.6466922568665905,0.0002810500000000049,1.000316953133793,0.06493299999999991,0.9846092119588531,4.154659,0.007003300000000046,1.0028367730452163,0.5363759999999971,1.0085468325843119,0.031746030000000036,1,1,0,0.09702849607024024,4.0774493280929045,0
44b6_0113de3b,5,1498,1840,False,False,2.0714766773970688,1.284675299443404,1.625,-0.40625,1.21875,1.625,1,0.0,0.09329049999999994,0.9168636799769607,0.062443000000000026,1.0228753995857784,2.7292538,0.02113100000000001,0.9914486250087977,1.6091300000000004,0.9745761305962207,0.01587302,2,2,0,0.4622627476968222,2.533739425093891,0
44b6_0113de3b,5,1498,1783,False,False,3.65625,3.2752922102462856,1.625,3.25,0.40625,1.625,2,1.5847733226029312,0.05623369999999994,0.94817215664101,0.1339412000000002,0.9542148611179471,2.7916968,0.031562499999999716,0.9872828216286086,2.4136960000000087,0.9623429506653158,0.01587302,2,2,0,0.3975233606459244,4.053773360645924,0
44b6_0113de3b,5,1499,1778,False,False,3.6336104634371584,1.625,3.25,1.625,0.0,3.25,1,0.0,0.011294899999999997,0.9881215839401134,0.04276180000000007,1.0127709306067603,3.3475769,0.016734599999999933,0.9933908646423849,1.3409400000000034,0.9803148508188798,0.03174606000000002,0,0,0,0.237716624623733,3.8713270880608914,0
44b6_0113de3b,5,1500,1767,False,False,1.4647552056572457,1.4647552056572457,0.0,-0.8125,1.21875,0.0,1,0.0,0.10018098000000009,0.8875264279157147,1.5239977999999996,0.663971247727904,3.0113416,0.010580500000000104,0.9957040531744148,0.8045660000000012,0.9871793208865672,0.0,2,1,1,0.9495160628117766,2.4142712684690224,0
44b6_0113de3b,5,1500,1899,False,False,2.8726212985703494,2.8726212985703494,0.0,2.84375,0.40625,0.0,2,1.4078660929131037,0.18196336999999996,1.298945126882153,1.1648175000000003,1.6308074678934985,1.8465241,0.05062560000000005,1.0210545266466906,3.754638,1.0645159339215775,0.0,2,1,1,0.9150523268636573,3.7876736254340067,0
44b6_0113de3b,5,1500,1744,False,False,6.858289350304491,6.039340428598143,-3.25,-4.0625,-4.46875,3.25,3,5.393534144647246,0.0951496300000001,0.8925677866484586,2.0783513999999994,0.5916536976715538,3.0113416,0.03835979999999983,0.9846090468951187,2.950072000000006,0.9545453256790816,0.03174604000000003,2,1,1,1.3413518223396765,8.199641172644167,0
44b6_0113de3b,5,1501,1749,False,False,2.03125,2.03125,0.0,1.21875,-1.625,0.0,1,0.0,0.1603896400000001,0.8595846269332871,2.2566734000000004,0.5566598202222407,2.8335013,0.05420880000000006,0.9786277152163195,4.29101399999999,0.9372547872750321,0.0,2,3,1,1.5002092431190508,3.531459243119051,0
44b6_0113de3b,5,1501,1812,False,False,3.6336104634371584,3.6336104634371584,0.0,3.25,-1.625,0.0,2,1.6023604634371584,0.010359890000000038,0.9895495658917189,0.11963590000000002,0.9594852908111048,2.8335013,0.0,0.9999959720711469,0.0,0.9999998439865943,0.0,2,4,2,0.07606218615813631,3.7096726495952947,0
44b6_0113de3b,5,1501,1802,False,False,3.65625,3.2752922102462856,1.625,3.25,-0.40625,1.625,3,1.625,0.01649110999999992,1.017071055814605,0.0773887000000002,1.0280752024601518,2.7561126,0.010344499999999979,0.9958465870574125,0.8045639999999992,0.9876031753906913,0.015873040000000005,2,4,2,0.15561666466604326,3.8118666646660433,0
44b6_0113de3b,5,1502,1843,False,False,3.471001521535247,1.21875,3.25,0.0,-1.21875,3.25,1,0.0,0.17497279999999993,1.2432495371367391,0.9717197999999998,0.870327333308477,6.5219836,0.0,0.999995326413122,0.0,0.999999756292806,0.03174604999999997,0,0,0,1.1898868668287372,4.6608883883639844,0
44b6_0113de3b,5,1503,1786,False,False,4.1429533547941375,2.569350598886808,3.25,2.4375,0.8125,3.25,1,0.0,0.05021359999999997,0.9590097959728664,0.2825985000000002,0.8957681327474246,2.428736,0.017337599999999842,0.993031893519351,1.3409400000000034,0.9792529964756628,0.03174604999999997,2,3,1,0.2784181858036214,4.421371540597759,0
44b6_0113de3b,5,1503,1745,False,False,5.745242597140699,4.737648414561806,3.25,4.0625,2.4375,3.25,2,1.6022892423465613,0.36309179999999985,0.763934001188971,2.6898157000000005,0.47449579439474177,2.428736,0.057990499999999834,0.977076935267997,4.559205000000006,0.9328061738177652,0.03174604999999997,2,3,1,1.8934971954565936,7.638739792597292,0
44b6_0113de3b,5,1504,1856,False,False,1.4647552056572457,1.4647552056572457,0.0,-1.21875,0.8125,0.0,1,0.0,0.08602200000000004,1.107597608063591,0.8465259,1.4317144811860936,1.9608135,0.025049200000000216,1.0103058897325117,1.8773180000000025,1.0312498054490253,0.0,1,2,1,0.5672396791398541,2.0319948847970997,0
44b6_0113de3b,5,1504,1805,False,False,2.333728575156074,1.6750116604071745,1.625,1.625,0.40625,1.625,2,0.8689733694988284,0.0890185,0.9086349578208224,0.3012883999999998,0.9030770326475475,2.8073394,0.021070799999999945,0.9914849855860172,1.6091320000000024,0.9746833734314988,0.015872999999999915,1,2,1,0.39155731923891446,2.7252858943949887,0
44b6_0113de3b,5,1504,1806,False,False,4.1429533547941375,2.569350598886808,3.25,2.4375,0.8125,3.25,3,2.678198149136892,0.0987732,0.8996290316516983,0.4605375999999999,0.859068688727609,2.8073394,0.014087200000000077,0.9942897126280016,1.0727540000000033,0.982978565950639,0.03174599999999994,1,2,1,0.41356713369690723,4.556520488491045,0
44b6_0113de3b,5,1505,1780,False,False,4.614113030962723,3.2752922102462856,3.25,3.25,0.40625,3.25,1,0.0,0.0003106999999999971,0.9996473959248997,0.24612690000000015,0.9384295269232378,3.7515082,0.04132530000000001,0.9835321643558943,3.2182579999999916,0.9514169138390788,0.031746029999999995,2,1,1,0.5276036483508035,5.141716679313526,0
44b6_0113de3b,5,1506,1809,False,False,4.614113030962723,3.2752922102462856,3.25,3.25,-0.40625,3.25,1,0.0,0.043579819999999936,1.0639918209978196,0.07826630000000012,1.037192733148771,2.104065,0.03971560000000007,0.983792765950676,2.9500740000000008,0.9521737466960295,0.03174606000000002,1,1,0,0.47187372681204315,5.085986757774766,0
44b6_0113de3b,5,1507,1819,False,False,3.2752922102462856,2.84375,1.625,2.84375,0.0,1.625,1,0.0,0.002299499999999899,1.0022911796638114,0.18427900000000008,1.0740682174114755,2.4878182,0.0035575000000003243,0.9985445328082906,0.26818999999999704,0.9956519878294567,0.015873000000000026,3,2,1,0.1333532345915271,3.4086454448378127,0
44b6_0113de3b,5,1507,1803,False,False,4.241374519244911,2.7252078475778685,3.25,1.21875,2.4375,3.25,2,0.966082308998625,0.15295610000000015,0.8675070429549877,1.2663250000000001,0.6784672337383388,2.6720972,0.04546450000000002,0.98175919871962,3.486450000000005,0.9462808478432433,0.03174600000000005,3,2,1,0.9229715707436186,5.164346089988529,0
44b6_0113de3b,5,1508,1761,False,False,3.350023320814349,2.9295104113144914,1.625,2.4375,1.625,1.625,1,0.0,0.06253510000000007,0.9264066982093482,1.3427411000000005,0.7668907175899025,4.4174275,0.04076309999999994,0.9838642924351486,3.2182619999999957,0.9523808072342385,0.015873010000000076,1,1,0,0.9488557255637032,4.298879046378052,0
44b6_0113de3b,5,1508,1757,False,False,5.58501412822743,5.343384490423649,1.625,-5.28125,0.8125,1.625,2,2.2349908074130806,0.22205730000000012,0.7800000614228036,0.6306878999999994,1.1665486146747066,3.7867396,0.020892599999999817,1.0084708502129232,1.6091300000000004,1.0256408483163888,0.015873010000000076,1,3,2,1.231663654831231,6.816677783058661,0
44b6_0113de3b,5,1508,1765,False,False,6.512682938889317,6.512682938889317,0.0,-6.5,-0.40625,0.0,3,3.162659618074968,0.3240948000000001,0.7083905791667813,1.2388445000000008,0.7809772391121941,4.4174275,0.020892599999999817,1.0084708502129232,1.6091300000000004,1.0256408483163888,0.0,1,2,1,1.359696799855552,7.872379738744869,0
44b6_0113de3b,5,1509,1728,False,False,2.4375,1.8168052317185792,1.625,1.625,-0.8125,1.625,1,0.0,0.22898366000000003,0.8003243728812761,1.5972463999999995,0.6861244060509117,3.4915636,0.1920234999999999,1.0897391773982348,12.068483,1.294117368945908,0.015873000000000026,0,0,0,1.7454316813612814,4.182931681361281,0
44b6_0113de3b,5,1510,1869,False,False,2.632800908728193,2.0714766773970688,-1.625,2.03125,0.40625,1.625,1,0.0,0.05151320000000004,1.0942088394228706,0.8429721000000003,0.792676061173715,3.2230322,0.06722310000000009,0.9729941087052888,5.095579999999998,0.9211616960449105,0.015873000000000026,2,1,1,1.0109912057399821,3.6437921144681753,0
44b6_0113de3b,5,1510,2002,False,False,5.28125,5.025034981221523,1.625,-4.875,1.21875,1.625,2,2.648449091271807,0.32912074,2.2230768904877602,2.5309939,4.657235918360034,0.6920383,0.10247709999999977,1.0441693017983669,7.241087,1.1384612848791424,0.015873029999999955,2,1,1,1.7659640880874234,7.047214088087424,0
44b6_0113de3b,5,1511,1755,False,False,3.300390601883359,0.5745242597140698,3.25,0.40625,0.40625,3.25,1,0.0,0.10568528999999993,0.8937811103566365,0.42613679999999965,0.8819978872714294,3.1852021,0.030779900000000193,0.9877499228747916,2.4136939999999925,0.9637095657468906,0.03174603999999992,2,2,0,0.5296191087515838,3.8300097106349424,0
44b6_0113de3b,5,1511,1797,False,False,3.5648292823780494,3.1729139308370784,1.625,-2.03125,-2.4375,1.625,2,0.26443868049469055,0.020174029999999954,0.9778090004686886,0.7170210000000004,1.2905006018375158,2.4681811,0.04945449999999996,1.0203206791355126,3.7546390000000045,1.0622220518611312,0.015873040000000005,2,2,0,0.749616869529309,4.314446151907358,0
44b6_0113de3b,5,1512,1740,False,False,1.4647552056572457,1.4647552056572457,0.0,1.21875,-0.8125,0.0,1,0.0,0.05015639999999999,1.0540909734183377,1.9075551000000002,0.6152016253490022,3.0497456,0.4005019999999999,1.1871734155909548,27.623413,1.6732022031032845,0.0,0,0,0,3.473016484559189,4.937771690216435,0
44b6_0113de3b,5,1513,1811,False,False,3.300390601883359,2.8726212985703494,1.625,2.84375,0.40625,1.625,1,0.0,0.005958249999999943,0.9935650698850178,0.05640160000000005,0.9885513299076648,4.870938,0.013440999999999814,1.0053436609364976,1.0727559999999983,1.0161289114917513,0.015873009999999965,0,0,0,0.19175294772682253,3.4921435496101814,0
44b6_0113de3b,5,1514,1803,False,False,4.487177913232324,3.093907824257213,3.25,2.84375,1.21875,3.25,1,0.0,0.024005500000000124,0.979198759660379,0.08471580000000012,0.9784874295919072,3.8537064,0.0034383999999998416,0.9986167724958985,0.26819000000000415,0.995867591594786,0.03174600000000005,3,2,1,0.09762444243245717,4.584802355664782,0
44b6_0113de3b,5,1514,1819,False,False,4.908737426772795,4.631962664465248,1.625,4.46875,-1.21875,1.625,2,0.42155951354047083,0.13125009999999993,1.131336382702159,1.3658882,1.5490243257150955,2.4878182,0.03846859999999985,1.0156903239072368,2.9500700000000037,1.0478258642201073,0.015873000000000026,3,2,1,0.9195412543088398,5.828278681081635,0
44b6_0113de3b,5,1515,1787,False,False,4.0625,2.4375,3.25,2.4375,0.0,3.25,1,0.0,0.029707200000000045,1.02840301655086,0.11484439999999996,1.0244066964324996,4.7050266,0.003303000000000278,0.9986974585934942,0.26819000000000415,0.9961087828774838,0.03174603000000001,1,0,1,0.13455162093838685,4.197051620938387,0
44b6_0113de3b,5,1516,1803,False,False,5.759587794495366,4.755034338729848,3.25,4.46875,-1.625,3.25,1,0.0,0.24408230000000009,0.7885772689575127,1.6121347000000004,0.5906633355272689,2.3262875,0.06340900000000005,0.9745612733202033,4.827390000000008,0.9256197302933269,0.03174600000000005,3,2,1,1.2616110812344836,7.02119887572985,0
44b6_0113de3b,5,1517,1771,False,False,3.5648292823780494,3.1729139308370784,1.625,2.03125,-2.4375,1.625,1,0.0,0.07785076000000002,0.912307933329001,0.3510133999999998,0.9116603641419045,3.6225429,0.0,0.9999959664378588,0.0,0.9999998433310746,0.015873000000000026,1,2,1,0.3212190154935431,3.8860482978715924,0
44b6_0113de3b,5,1517,1770,False,False,3.8540258983302125,2.0714766773970688,3.25,2.03125,-0.40625,3.25,2,0.28919661595216306,0.04513621000000001,0.9472081433743728,0.5970490999999996,0.8585034560131503,3.6225429,0.013967499999999688,1.0056617419213543,1.0727529999999987,1.0170938404503502,0.031746030000000036,1,1,0,0.43371604333507036,4.287741941665283,0
44b6_0113de3b,5,1518,1831,False,False,2.333728575156074,1.6750116604071745,1.625,1.625,-0.40625,1.625,1,0.0,0.02811280000000005,1.0296680789446988,0.10634610000000011,1.0439384237882112,2.4201064,0.0,0.9999960683929776,0.0,0.9999998549136047,0.015873000000000026,1,1,0,0.11211822340669957,2.4458467985627736,0
44b6_0113de3b,5,1518,1845,False,False,4.0010984819796676,3.65625,-1.625,0.0,-3.65625,1.625,2,1.6673699068235934,0.11711519999999997,1.1364484136624589,0.17730990000000002,1.0754739815540293,2.3491426,0.11388820000000033,1.0468711529177015,8.850220000000007,1.147321239073726,0.015872999999999915,1,2,1,1.4216368226460934,5.4227353046257605,0
44b6_0113de3b,5,1519,1828,False,False,2.8726212985703494,2.368824207280903,1.625,2.03125,-1.21875,1.625,1,0.0,0.05728490000000008,1.0709592756851036,0.3990064000000002,1.139466834802036,2.8608594,0.04612000000000016,1.0189784248524758,3.486450000000005,1.0580355337055507,0.015873009999999965,2,2,0,0.539558448581256,3.4121797471516055,0
44b6_0113de3b,5,1519,1855,False,False,4.1429533547941375,2.569350598886808,3.25,2.4375,0.8125,3.25,2,1.270332056223788,0.0394833,1.0478491327933352,0.35507560000000016,1.1222340868745466,2.9047902,0.014007199999999997,1.005685957482141,1.0727550000000008,1.0171672367101323,0.03174602999999998,2,2,0,0.2617271817691141,4.4046805365632515,0
44b6_0113de3b,5,1520,1780,False,False,2.2980970388562794,1.625,1.625,1.625,0.0,1.625,1,0.0,0.005139399999999905,0.9943383242147744,0.10659259999999993,0.9733336508535988,3.8910425,0.05541250000000009,0.9779198742724633,4.291011999999995,0.9352225819775082,0.015873009999999993,1,1,0,0.670805105285692,2.968902144141971,0
44b6_0113de3b,5,1521,1826,False,False,2.7252078475778685,2.1877232028983924,1.625,2.03125,0.8125,1.625,1,0.0,0.00182665999999998,1.0018582830502258,0.1570305000000003,1.0727521872035417,2.1582825,0.029364000000000168,1.0122481031587873,2.1455079999999995,1.037209125992802,0.015873029999999955,2,1,1,0.2941209327100937,3.019328780287962,0
44b6_0113de3b,5,1521,1865,False,False,6.662995408410545,5.816614806956019,3.25,5.28125,2.4375,3.25,2,3.9377875608326764,0.014853459999999985,0.9850510538535034,0.28757560000000026,1.141815297112451,2.0277374,0.0072309999999999874,0.9970240969648748,0.5363770000000017,0.9911109460530889,0.03174602999999998,2,2,0,0.2468574479639038,6.909852856374449,0
44b6_0113de3b,5,1522,1807,False,False,2.632800908728193,2.0714766773970688,1.625,2.03125,-0.40625,1.625,1,0.0,0.24956967000000008,1.3971748759025813,1.7280705999999997,0.7528062689754896,5.262714,0.42480519999999977,1.2030556200866722,28.427978000000003,1.7412582766502702,0.01587302,0,0,0,3.392278111228897,6.02507901995709,0
44b6_0113de3b,5,1523,1731,False,False,2.2980970388562794,2.2980970388562794,0.0,1.625,-1.625,0.0,1,0.0,0.19637135000000006,1.2165702450786058,3.755335999999999,0.5802680448552088,5.191664,0.39457679999999984,1.185625470747885,26.818850000000005,1.6666663352248716,0.0,0,0,0,4.253093917222229,6.551190956078508,0
44b6_0113de3b,5,1524,1804,False,False,1.6750116604071745,0.40625,1.625,-0.40625,0.0,1.625,1,0.0,0.03718384000000008,1.046690656427686,0.7021734999999998,1.2610416855648563,2.689842,0.04065289999999999,1.0163252585304234,3.2182650000000024,1.0497924216616694,0.01587303000000001,1,2,1,0.6518046946410487,2.3268163550482233,0
44b6_0113de3b,5,1524,1818,False,False,2.7252078475778685,2.1877232028983924,1.625,2.03125,-0.8125,1.625,2,1.050196187170694,0.054571990000000015,0.9385288683553613,0.041399500000000256,0.9879393025914356,3.3920155,0.006649799999999928,0.9973748009509182,0.5363749999999925,0.9921567460523452,0.01587303000000001,1,2,1,0.23205918528909966,2.957267032866968,0
44b6_0113de3b,5,1525,1755,False,False,2.7252078475778685,2.1877232028983924,1.625,2.03125,-0.8125,1.625,1,0.0,0.15309936000000002,0.8461321577034698,0.8143889,0.7744890004950782,2.79695,0.05879520000000005,0.9766037487824482,4.559201999999999,0.931451502200772,0.015872999999999915,3,2,1,0.8910832149921016,3.61629106256997,0
44b6_0113de3b,5,1525,1797,False,False,3.6787502123683256,3.6787502123683256,0.0,-0.40625,-3.65625,0.0,2,0.9535423647904571,0.06758810000000004,0.9256803816969383,0.32876890000000003,1.1331983167753907,2.4681811,0.021439200000000103,1.0088069633089773,1.6091309999999979,1.02666649895711,0.0,3,2,1,0.49778131204367365,4.176531524411999,0
44b6_0113de3b,5,1525,1806,False,False,6.600781203766718,5.745242597140699,3.25,-5.6875,0.8125,3.25,3,3.8755733561888492,0.14220980000000005,0.855494263758394,0.4709270000000001,0.8558894478297444,2.79695,0.014087200000000077,0.9942897126280016,1.0727540000000033,0.982978565950639,0.03174599999999994,3,2,1,0.5546615696612877,7.155442773428005,0
44b6_0113de3b,5,1525,1805,False,False,6.712351604504937,6.512682938889317,1.625,-6.5,0.40625,1.625,4,3.9871437569270682,0.13245510000000005,0.8640583695247142,0.3116778,0.8997349256963935,2.79695,0.021070799999999945,0.9914849855860172,1.6091320000000024,0.9746833734314988,0.015872999999999915,3,2,1,0.5352139906575445,7.247565595162481,0
44b6_0113de3b,5,1526,1852,False,False,1.1490485194281397,1.1490485194281397,0.0,0.8125,0.8125,0.0,1,0.0,0.16988484000000004,1.1833508407692266,1.2110973,1.508242417934838,2.382883,0.003516900000000156,1.0014245766506245,0.26818899999999957,1.0042916931551176,0.0,3,4,1,0.8471155385744552,1.996164058002595,0
44b6_0113de3b,5,1526,1808,False,False,4.908737426772795,4.631962664465248,1.625,4.46875,1.21875,1.625,2,3.7596889073446556,0.21687464,1.2465738945889706,1.3042581000000002,1.5696072667362586,2.2897222,0.03562970000000032,1.0146607200112283,2.6818840000000037,1.044642669577288,0.01587301999999996,3,3,0,0.9957629718070184,5.904500398579813,0
44b6_0113de3b,5,1526,1857,False,False,5.525597394173774,5.28125,1.625,4.875,-2.03125,1.625,3,4.376548874745634,0.2971519,1.3717831249777133,1.6410808000000001,1.8403209672542429,1.9528995,0.07606910000000022,1.031835058792172,5.631957999999997,1.0985913559930758,0.01587301999999996,3,4,1,1.386857871404637,6.91245526557841,0
44b6_0113de3b,5,1527,1798,False,False,2.632800908728193,2.0714766773970688,1.625,2.03125,0.40625,1.625,1,0.0,0.04754915999999998,0.9473662985193688,0.33505059999999975,0.8795676924253657,2.4470882,0.003496600000000072,0.9985816067572891,0.268187999999995,0.995762562035401,0.015873020000000015,2,1,1,0.23339853303640337,2.8661994417645964,0
44b6_0113de3b,5,1527,1838,False,False,2.9295104113144914,2.9295104113144914,0.0,1.625,-2.4375,0.0,2,0.29670950258629825,0.028491080000000002,1.0344162538322883,0.28607340000000026,1.132373955171639,2.1610148,0.021191900000000263,1.00865434370883,1.6091320000000024,1.0262007253256809,0.0,2,1,1,0.2772891240787989,3.2067995353932903,0
44b6_0113de3b,5,1527,1761,False,False,5.58501412822743,4.5420130792964475,3.25,-4.46875,0.8125,3.25,3,2.9522132194992365,0.006163539999999967,1.0072405244583644,3.3130804,0.42482852875429944,2.4470882,0.058148999999999784,0.97698392773019,4.559203999999994,0.9325395459655497,0.03174603000000009,2,1,1,2.353971544120687,7.938985672348117,0
44b6_0113de3b,5,1528,1822,False,False,2.632800908728193,2.0714766773970688,1.625,2.03125,0.40625,1.625,1,0.0,0.008498200000000011,1.0095917164236532,0.23551129999999976,1.0829940346825044,2.837559,0.013513099999999945,1.005386866332303,1.0727550000000008,1.0162600251991776,0.015873020000000015,1,2,1,0.22182030853264875,2.854621217260842,0
44b6_0113de3b,5,1529,1785,False,False,3.1729139308370784,2.7252078475778685,1.625,2.4375,1.21875,1.625,1,0.0,0.056409360000000075,0.9367326021653349,0.44172940000000027,0.886828562794067,3.461537,0.020270099999999847,0.9919636288633485,1.6091299999999933,0.9760954861389651,0.015873040000000005,2,1,1,0.37076821395702103,3.5436821447940994,0
44b6_0113de3b,5,1530,1816,False,False,3.350023320814349,2.9295104113144914,1.625,2.4375,-1.625,1.625,1,0.0,0.06914744999999989,0.9340749853197996,0.019942299999999857,1.0069338341908367,2.8746333,0.0,0.999996052975074,0.0,0.9999998531999762,0.01587301000000002,2,3,1,0.30083899349003757,3.6508623143043866,0
44b6_0113de3b,5,1530,1866,False,False,3.471001521535247,1.21875,3.25,1.21875,0.0,3.25,2,0.12097820072089815,0.05244809000000006,1.0565408976912554,0.8224638,1.3969138300653947,2.0721118,0.08957619999999977,1.0366477172294868,6.972897000000003,1.1140348494381154,0.031746030000000036,2,4,2,1.1614492541967498,4.632450775731997,0
44b6_0113de3b,5,1530,1795,False,False,5.525597394173774,5.28125,1.625,4.875,-2.03125,1.625,3,2.175574073359425,0.01033004999999998,1.0106441154158947,0.12251460000000014,1.0441924467302606,2.772061,0.03369479999999969,1.0134746799719503,2.6818800000000067,1.0409833735749872,0.01587301000000002,2,3,1,0.44879092855600755,5.974388322729782,0
44b6_0113de3b,5,1531,1810,False,False,3.72334275215162,1.8168052317185792,3.25,1.625,0.8125,3.25,1,0.0,0.05038900000000002,0.9411995437740749,0.044267399999999846,0.9875951299004566,3.5250788,0.01773619999999987,0.9927911197475515,1.3409419999999983,0.9785406220481797,0.031746019999999986,2,2,0,0.26513482519387843,3.988477577345498,0
44b6_0113de3b,5,1531,1839,False,False,6.625736987309412,4.487177913232324,4.875,4.46875,0.40625,4.875,2,2.902394235157792,0.06670989999999999,0.9236125064557948,0.056442800000000126,1.016269403104266,3.468636,0.059291800000000006,0.9763102604937367,4.559207000000001,0.9306120625773614,0.047619049999999996,2,2,0,0.7420881140559747,7.367825101365387,0
44b6_0113de3b,5,1532,1815,False,False,4.182599744775969,3.8540258983302125,1.625,3.65625,-1.21875,1.625,1,0.0,0.019471550000000004,0.9794287844857226,0.1526761999999997,1.0536496140027325,2.845606,0.032019700000000206,1.0131553326037077,2.413696999999999,1.0399998395821632,0.015873009999999993,2,2,0,0.38691671651077203,4.5695164612867405,0
44b6_0113de3b,5,1532,1842,False,False,6.319766856854769,6.107276653713994,1.625,6.09375,0.40625,1.625,2,2.1371671120788003,0.06477244999999998,1.0750620432237163,0.3174347999999996,1.1184042090414803,2.6808474,0.032019700000000206,1.0131553326037077,2.413696999999999,1.0399998395821632,0.015873009999999993,2,2,0,0.40425699205155935,6.724023848906328,0
44b6_0113de3b,5,1532,1783,False,False,6.9181882111576005,6.9181882111576005,0.0,-6.90625,-0.40625,0.0,3,2.735588466381632,0.15764435,0.8547235520304783,0.0726441999999996,1.0248267050581614,2.925638,0.01743479999999975,0.9929733586743764,1.3409420000000054,0.9790793511639597,0.0,2,2,0,0.7053331878152902,7.6235213989728905,0
44b6_0113de3b,5,1533,1820,False,False,2.9575446425202108,2.471122277933652,1.625,2.4375,0.40625,1.625,1,0.0,0.022627550000000052,1.0226784177392916,0.3824095999999999,1.1295307439035633,2.9521818,0.03936530000000005,1.0162467539249616,2.9500749999999982,1.0495494042865168,0.01587299999999997,0,1,1,0.4563079378035475,3.4138525803237583,0
44b6_0113de3b,5,1533,1834,False,False,6.1342404786574845,5.9150892850404215,1.625,5.6875,-1.625,1.625,2,3.1766958361372737,0.11163540000000016,1.122893749060066,0.6515841999999998,1.2428512944307624,2.6830072,0.03936530000000005,1.0162467539249616,2.9500749999999982,1.0495494042865168,0.01587299999999997,0,2,2,0.5936263697044648,6.727866848361949,0
44b6_0113de3b,5,1534,1810,False,False,1.86167137607581,0.9084026158592896,1.625,-0.40625,0.8125,1.625,1,0.0,0.012464829999999982,0.9854456299660538,0.013415799999999756,1.0037558033574794,3.5693462,0.017484399999999845,1.0070984693671539,1.3409419999999983,1.0214590578899843,0.015873000000000026,4,2,2,0.21840738251137778,2.0800787585871876,0
44b6_0113de3b,5,1534,1839,False,False,4.0827619710803615,2.471122277933652,3.25,2.4375,0.40625,3.25,2,2.2210905950045516,0.028785729999999954,0.9670318204991963,0.11412599999999973,1.0328992926923068,3.468636,0.024071200000000292,0.9903801005197441,1.877323000000004,0.9714283692297483,0.031746030000000036,4,2,2,0.3414353948888753,4.424197365969237,0
44b6_0113de3b,5,1535,1849,False,False,3.374565944310468,2.9575446425202108,1.625,2.84375,-0.8125,1.625,1,0.0,0.049051500000000026,1.0658291602984988,0.10731100000000016,1.038327318536483,2.7995858,0.014376600000000295,0.9941134485029649,1.0727530000000058,0.9824559945991119,0.015873020000000015,1,1,0,0.2633418168165703,3.6379077611270385,0
44b6_0113de3b,5,1536,1804,False,False,2.632800908728193,2.0714766773970688,1.625,2.03125,-0.40625,1.625,1,0.0,0.04044804999999996,0.9491843481253447,0.33025949999999993,1.122776085821822,2.689842,0.0034483000000000708,0.9986108855033532,0.26818600000000004,0.995850506463915,0.01587303000000001,1,2,1,0.34036679002743175,2.973167698755625,0
44b6_0113de3b,5,1536,1818,False,False,4.908737426772795,4.631962664465248,1.625,4.46875,-1.21875,1.625,2,2.275936518044602,0.13220388000000005,0.851098561581788,0.4133135000000001,0.8796177286528757,3.0201015,0.05075099999999999,0.9799907311134809,4.022825999999995,0.9411763484479091,0.01587303000000001,1,2,1,0.7841460037916025,5.692883430564398,0
44b6_0113de3b,5,1537,1837,False,False,0.9084026158592896,0.9084026158592896,0.0,-0.40625,-0.8125,0.0,1,0.0,0.009953610000000057,1.0150884881063638,0.3550996000000004,0.9121941410967143,3.689149,0.05853940000000013,1.0296615808502507,2.950072999999996,1.0916663204653863,0.0,1,0,1,0.5365198358108905,1.44492245167018,0
44b6_0113de3b,5,1538,1827,False,False,2.7252078475778685,2.1877232028983924,1.625,2.03125,-0.8125,1.625,1,0.0,0.0194202,0.9799768484048679,0.03212070000000011,0.9891219786259831,2.9215958,0.003578200000000198,0.9985318196042385,0.26818899999999957,0.9956138637289758,0.015873040000000005,3,3,0,0.0803090536391045,2.805516901216973,0
44b6_0113de3b,5,1538,1847,False,False,3.374565944310468,2.9575446425202108,1.625,0.8125,-2.84375,1.625,2,0.6493580967325996,0.03645434000000003,0.9630711257825995,0.08549830000000025,0.971564569380887,2.9215958,0.010703600000000257,0.9956290698514096,0.8045659999999941,0.9869563525722335,0.015873040000000005,3,3,0,0.1685108010925951,3.5430767454030634,0
44b6_0113de3b,5,1538,1836,False,False,5.090297909995052,5.090297909995052,0.0,4.46875,-2.4375,0.0,3,2.365090062417184,0.04327709999999996,1.0476672967647302,0.25336310000000006,1.094951295097706,2.6682327,0.029011999999999816,1.0120271010788229,2.1455080000000066,1.0365295073052783,0.0,3,3,0,0.3216361740532741,5.411934084048326,0
44b6_0113de3b,5,1539,1814,False,False,4.0827619710803615,2.471122277933652,3.25,2.4375,-0.40625,3.25,1,0.0,0.021400799999999887,0.9793300702259001,0.11466549999999964,0.9611450252770543,2.8366969,0.0035368000000000066,0.9985571480119291,0.26818899999999957,0.9956894867620543,0.031746019999999986,1,1,0,0.09435691908759278,4.177118890167955,0
44b6_0113de3b,5,1539,1739,False,False,5.658407737606049,2.8726212985703494,4.875,2.03125,2.03125,4.875,2,1.575645766525687,0.19769499999999995,0.8368955128920648,1.7559773999999995,0.6176555397025658,2.8366969,0.08883900000000011,0.9650680647670923,6.972902000000005,0.8988325333027684,0.047619049999999996,1,1,0,1.4872339462843813,7.14564168389043,0
44b6_0113de3b,5,1540,1836,False,False,3.040096626753827,2.569350598886808,1.625,2.4375,-0.8125,1.625,1,0.0,0.02103056999999997,0.9768196367612094,0.06683519999999987,0.9749478561301789,2.6013975,0.021823599999999832,1.009046078618475,1.609131000000005,1.0273970879136578,0.015873010000000076,3,3,0,0.24942719146994966,3.2895238182237767,0
44b6_0113de3b,5,1540,1827,False,False,3.350023320814349,0.8125,3.25,0.0,0.8125,3.25,2,0.30992669406052187,0.08372786999999993,0.9137067006380035,0.35231900000000005,0.8807171212365126,2.6013975,0.010766600000000182,0.9955905487840804,0.8045660000000012,0.9868419346216967,0.03174605000000008,3,3,0,0.3378927735221161,3.6879160943364653,0
44b6_0113de3b,5,1540,1847,False,False,3.6787502123683256,1.7235727791422095,3.25,-1.21875,-1.21875,3.25,3,0.6386535856144984,0.10076200999999996,0.897944213938203,0.4056966000000002,0.8650839523646686,2.6013975,0.01789200000000024,0.9926963493578196,1.3409429999999958,0.9782607011031824,0.03174605000000008,3,3,0,0.4158770274368134,4.094627239805139,0
44b6_0113de3b,5,1541,1852,False,False,2.1877232028983924,1.4647552056572457,1.625,0.8125,-1.21875,1.625,1,0.0,0.033657610000000004,1.0363168411718595,0.06248630000000022,0.9737729306351564,2.3203967,0.003526799999999941,0.998563277339551,0.2681880000000021,0.9957080027861382,0.015873020000000015,3,4,1,0.17351476078571335,2.361237963684106,0
44b6_0113de3b,5,1541,1808,False,False,5.58501412822743,4.5420130792964475,3.25,4.46875,-0.8125,3.25,2,3.3972909253290373,0.08064740999999997,1.0916842885648284,0.030674499999999938,1.013392177478222,2.2897222,0.028586000000000222,1.0117616020079019,2.145507000000002,1.0357140990404705,0.031746039999999975,3,3,0,0.4281666907278866,6.013180818955316,0
44b6_0113de3b,5,1542,1824,False,False,2.632800908728193,2.0714766773970688,1.625,2.03125,-0.40625,1.625,1,0.0,0.008706199999999997,1.0110609462437148,0.19020919999999997,0.9406321161315846,3.0138566,0.0035368000000000066,0.9985571480119291,0.26818899999999957,0.9956894867620543,0.015873020000000015,1,1,0,0.1535167844164476,2.7863176931446407,0
44b6_0113de3b,5,1542,1867,False,False,4.241374519244911,2.7252078475778685,3.25,-1.21875,2.4375,3.25,2,1.6085736105167174,0.0702766600000001,1.09696806321575,0.9226469000000002,1.4411955855236063,2.0912097,0.054324199999999934,1.0226278430513187,4.022827999999997,1.069444275654632,0.03174604999999997,1,2,1,0.7379517835098016,4.979326302754712,0
44b6_0113de3b,5,1543,1760,False,False,2.03125,1.21875,1.625,1.21875,0.0,1.625,1,0.0,0.039434670000000005,0.9493703295198286,0.2196119999999997,1.0493574709246463,4.449205,0.0444627999999998,0.9823533505770492,3.486450000000005,0.9479998621864947,0.015873000000000026,0,0,0,0.6244044820554864,2.6556544820554864,0
44b6_0113de3b,5,1544,1852,False,False,4.0827619710803615,3.7454399357752353,1.625,3.65625,0.8125,1.625,1,0.0,0.03444117000000002,1.037162560201194,0.0841137999999999,0.9646967782439245,2.2987692,0.003516900000000156,1.0014245766506245,0.26818899999999957,1.0042916931551176,0.015873020000000015,3,4,1,0.18080111007231164,4.2635630811526735,0
44b6_0113de3b,5,1545,1835,False,False,4.182599744775969,3.8540258983302125,1.625,3.65625,-1.21875,1.625,1,0.0,0.04523348000000005,1.0595018504743567,1.5961824,0.65358105292459,3.0115013,0.0270273999999997,1.0108075695469223,2.1455059999999975,1.0327866988599894,0.015873029999999982,0,0,0,1.267742336513389,5.4503420812893575,0
44b6_0113de3b,5,1546,1823,False,False,2.0714766773970688,2.0714766773970688,0.0,2.03125,0.40625,0.0,1,0.0,0.04152339999999999,0.9446246658319494,0.15451820000000005,0.9249795515557129,1.9052862,0.04768820000000007,0.9811237260210827,3.7546389999999974,0.944444299767461,0.0,2,2,0,0.6131936423608199,2.6846703197578887,0
44b6_0113de3b,5,1547,1768,False,False,1.86167137607581,0.9084026158592896,1.625,0.8125,0.40625,1.625,1,0.0,0.040499390000000024,0.947761636225616,1.2815582999999995,0.7822386004202071,4.6036267,0.003516900000000156,0.9985693428205319,0.26818899999999957,0.9957263287526057,0.01587303000000001,1,0,1,0.8250527939036052,2.6867241699794153,0
44b6_0113de3b,5,1548,1785,False,False,1.7235727791422095,1.7235727791422095,0.0,1.21875,-1.21875,0.0,1,0.0,0.038443000000000005,0.9568796730601629,1.1003732,0.7180872971230016,2.8028932,0.03741620000000001,0.9851691641838775,2.9500759999999957,0.9561751173432734,0.0,2,1,1,0.8126826365863854,2.536255415728595,0
44b6_0113de3b,5,1549,1919,False,False,2.4375,2.4375,0.0,2.4375,0.0,0.0,1,0.0,0.10107113999999995,1.1277556336615535,1.4288725999999996,1.679446724067128,2.1029696,0.009364199999999823,1.0043909835142137,0.5363770000000017,1.0132447840515482,0.0,1,2,1,0.892015783625978,3.329515783625978,0
44b6_0113de3b,5,1549,1910,False,False,6.761347521944128,6.761347521944128,0.0,3.65625,-5.6875,0.0,2,4.323847521944128,0.24892432999999992,1.3869953749951978,1.0419554,1.4184693116598246,2.4898868,0.10790539999999993,1.0531039107209899,5.900147000000004,1.1679386155917422,0.0,1,1,0,1.0754913298510098,7.836838851795138,0
44b6_0113de3b,5,1550,1840,False,False,4.021669817998489,3.6787502123683256,1.625,3.65625,-0.40625,1.625,1,0.0,0.06563980000000003,0.9415021057523966,0.06357020000000002,1.0232884047339066,2.7292538,0.02113100000000001,0.9914486250087977,1.6091300000000004,0.9745761305962207,0.01587302,1,2,1,0.3689242061124433,4.390594024110932,0
44b6_0113de3b,5,1551,1825,False,False,2.6012692214570947,2.6012692214570947,0.0,2.03125,-1.625,0.0,1,0.0,0.013126840000000084,1.0152787387530946,0.3247095999999998,1.1259108431472753,2.5787957,0.05588140000000008,1.0228608478244645,4.2910169999999965,1.070175285671903,0.0,3,3,0,0.6677625184028746,3.2690317398599693,0
44b6_0113de3b,5,1551,1850,False,False,3.6336104634371584,3.25,1.625,3.25,0.0,1.625,2,1.0323412419800637,0.032163319999999995,0.964401891335821,0.46981030000000024,0.8607248882230638,2.9035053,0.006849000000000327,1.002743270183433,0.5363799999999941,1.008264354572351,0.015873020000000015,3,2,1,0.3199627203970827,3.953573183834241,0
44b6_0113de3b,5,1551,1841,False,False,5.525597394173774,5.28125,1.625,5.28125,0.0,1.625,3,2.924328172716679,0.009627700000000017,0.989063693926226,0.13058930000000002,1.0470907986725935,2.772916,0.01373570000000024,1.0055209248873538,1.0727559999999983,1.01666654134023,0.015873020000000015,3,3,0,0.20365781097475696,5.729255205148531,0
44b6_0113de3b,5,1552,1856,False,False,4.0827619710803615,3.7454399357752353,1.625,3.65625,-0.8125,1.625,1,0.0,0.0012564999999999937,0.9984156586219071,0.04487640000000015,1.0228814067150869,1.9608135,0.0404393999999999,0.9833514227233197,2.9500739999999936,0.9508926872637402,0.015873040000000005,1,2,1,0.39539858368187175,4.478160554762233,0
44b6_0113de3b,5,1552,1819,False,False,5.9150892850404215,3.350023320814349,4.875,-3.25,0.8125,4.875,2,1.83232731396006,0.20113760000000003,0.7987048305112479,0.48212829999999984,0.8062011275537435,2.0056899,0.06194140000000026,0.97472509315194,4.559203999999994,0.9260868085007042,0.047619039999999946,1,2,1,0.9115303216797884,6.82661960672021,0
44b6_0113de3b,5,1553,1878,False,False,3.917733121653388,2.1877232028983924,3.25,2.03125,-0.8125,3.25,1,0.0,0.04142883999999991,1.0573447215959015,0.9262161999999998,1.3121250993876903,2.9674098,0.04076309999999994,0.9838642924351486,3.2182619999999957,0.9523808072342385,0.03174602999999998,0,0,0,0.8413712098946902,4.7591043315480785,0
44b6_0113de3b,5,1554,1828,False,False,2.1877232028983924,1.4647552056572457,1.625,-1.21875,-0.8125,1.625,1,0.0,0.057074100000000016,1.0706981104047728,0.056752600000000264,1.0198340406591089,2.8608594,0.025049200000000216,1.0103058897325117,1.8773180000000025,1.0312498054490253,0.015873009999999965,2,2,0,0.3300107220145163,2.5177339249129087,0
44b6_0113de3b,5,1554,1855,False,False,3.5648292823780494,1.4647552056572457,3.25,-0.8125,1.21875,3.25,2,1.377106079479657,0.03927249999999993,1.047593603177295,0.012821800000000216,1.0044105615250234,2.9047902,0.007063599999999948,0.997126554679102,0.5363770000000017,0.9914161496001027,0.03174602999999998,2,2,0,0.19088443878390185,3.755713721161951,0
44b6_0113de3b,5,1555,1876,False,False,1.86167137607581,0.9084026158592896,1.625,-0.40625,-0.8125,1.625,1,0.0,0.01160019000000001,0.9851693595654328,0.20311600000000007,0.9200271061990705,2.3368096,0.014250800000000119,1.0058354382483459,1.0727539999999962,1.0176209798111309,0.015873000000000026,2,1,1,0.21591209003834222,2.0775834661141523,0
44b6_0113de3b,5,1556,1853,False,False,3.832554834897995,2.03125,3.25,2.03125,0.0,3.25,1,0.0,0.011800250000000068,0.9849055762171107,0.3723588000000002,1.2101965675893518,1.7714214,0.024340899999999888,0.9902188392573245,1.8773160000000004,0.9709542569534062,0.03174605,1,3,2,0.4181547847928141,4.250709619690809,0
44b6_0113de3b,5,1556,1874,False,False,5.2183757350827085,4.0827619710803615,3.25,4.0625,0.40625,3.25,2,1.3858209001847133,0.020244309999999932,1.0269654124907943,0.28206229999999977,0.8837224027429533,2.1437802,0.07164359999999981,0.9717551634308409,5.631955999999995,0.9176469521657799,0.03174605,1,3,2,0.946684704302986,6.1650604393856945,0
44b6_0113de3b,5,1557,1907,False,False,2.8726212985703494,2.8726212985703494,0.0,2.84375,-0.40625,0.0,1,0.0,0.10546023999999998,1.143892680457317,2.370007,1.5752428280235362,4.119984,0.0,0.999995326413122,0.0,0.999999756292806,0.0,1,1,0,1.5084755153870375,4.381096813957387,0
44b6_0113de3b,5,1557,1990,False,False,3.832554834897995,3.832554834897995,0.0,-2.03125,3.25,0.0,2,0.9599335363276458,0.42744646000000003,2.0403627786542193,5.8480891,10.110407674324156,0.6419019,0.29525690000000004,1.1600751084089895,14.750367,1.5612239408153266,0.0,1,2,1,4.201503056301199,8.034057891199193,0
44b6_0113de3b,5,1558,1813,False,False,2.4375,1.8168052317185792,1.625,0.8125,-1.625,1.625,1,0.0,0.01026539999999998,0.986697390291402,1.2659175999999999,0.7368939834521376,3.5455458,0.051588499999999815,0.9794985273475346,4.022826000000002,0.9397589120162734,0.015873009999999993,2,1,1,1.0235149780973776,3.461014978097378,0
44b6_0113de3b,5,1559,1826,False,False,1.7235727791422095,1.7235727791422095,0.0,-1.21875,-1.21875,0.0,1,0.0,0.045301079999999994,0.9536507591120937,0.23397479999999993,0.8915880030162733,1.9243077,0.04378340000000014,1.0182646698511568,3.218262000000003,1.0558137757036303,0.0,2,1,1,0.5130303071239322,2.2366030862661415,0
44b6_0113de3b,5,1559,1865,False,False,2.632800908728193,2.0714766773970688,1.625,2.03125,0.40625,1.625,2,0.9092281295859836,0.06198119999999996,0.9376522619661439,0.10342969999999996,0.9489878768923585,1.9243077,0.007188399999999984,1.0029501757143133,0.5363770000000017,1.0088887225050995,0.015873000000000026,2,2,0,0.26660433261346916,2.8994052413416624,0
44b6_0113de3b,5,1560,1838,False,False,2.7252078475778685,2.1877232028983924,1.625,2.03125,-0.8125,1.625,1,0.0,0.01130032999999997,0.9863327097073937,0.03725550000000011,1.017235109934879,2.1610148,0.0,0.9999959142741166,0.0,0.9999998371737796,0.015873029999999955,1,1,0,0.06322571629069369,2.788433563868562,0
44b6_0113de3b,5,1560,1798,False,False,4.5420130792964475,3.1729139308370784,3.25,2.4375,2.03125,3.25,2,1.816805231718579,0.08734056999999995,0.9033291625515889,0.5838684999999999,0.7901339784557893,2.1982703,0.024688500000000335,0.9900096431001271,1.8773199999999974,0.9703388190289243,0.03174604999999997,1,1,0,0.4628483995247185,5.004861478821166,0
44b6_0113de3b,5,1560,1761,False,False,6.797862715589364,4.737648414561806,4.875,-4.0625,2.4375,4.875,3,4.072654868011496,0.033627870000000004,0.9604202100803307,3.5618983,0.3816323160535335,2.1982703,0.07934090000000005,0.9685973615592691,6.1683359999999965,0.9087300087687076,0.047619060000000046,1,1,0,2.5082141096684887,9.306076825257852,0
44b6_0113de3b,5,1561,1887,False,False,3.300390601883359,2.8726212985703494,1.625,2.84375,0.40625,1.625,1,0.0,0.005798400000000092,1.006748444514085,0.04440889999999964,1.0212250899590836,2.0918021,0.018104499999999746,1.00748106632224,1.3409430000000029,1.022624272387039,0.015873020000000015,1,1,0,0.1830238451002212,3.48341444698358,0
44b6_0113de3b,5,1562,1862,False,False,1.284675299443404,1.284675299443404,0.0,1.21875,-0.40625,0.0,1,0.0,0.0046477499999999505,0.9930132888887857,1.167672,1.7233314346581625,1.6142735,0.05517620000000001,1.030012092708882,2.413696999999999,1.092783113220994,0.0,0,3,3,1.0271640730818523,2.3118393725252564,0
44b6_0113de3b,5,1563,1859,False,False,1.8168052317185792,1.8168052317185792,0.0,1.625,0.8125,0.0,1,0.0,0.0029939399999999727,0.9955012684459916,1.2749009,0.6873872691815843,2.8033328,0.010490299999999841,0.995758690094724,0.8045660000000012,0.9873416080507634,0.0,1,1,0,0.8721344139276892,2.6889396456462684,0
44b6_0113de3b,5,1564,1850,False,False,2.6012692214570947,2.6012692214570947,0.0,2.03125,-1.625,0.0,1,0.0,0.04613058999999997,0.9489478320344519,0.4819608000000004,0.8571229530881928,2.8913548,0.0034383999999998416,0.9986167724958985,0.26819000000000415,0.995867591594786,0.0,2,2,0,0.30574854637954574,2.9070177678366402,0
44b6_0113de3b,5,1564,1825,False,False,3.72334275215162,3.350023320814349,-1.625,0.8125,-3.25,1.625,2,1.122073530694525,0.0008404299999998921,0.999009403347316,0.31255909999999965,1.1211991659549998,2.5787957,0.04559399999999991,1.0186515621092436,3.4864469999999983,1.0570173184178195,0.015873020000000015,2,3,1,0.5559627985232323,4.279305550674852,0
44b6_0113de3b,5,1564,1841,False,False,4.375446405796785,4.375446405796785,0.0,4.0625,-1.625,0.0,3,1.77417718433969,0.023594969999999993,0.9732144415387225,0.11843879999999984,1.042708965186954,2.772916,0.0034483000000000708,1.001382996571409,0.26818600000000004,1.0041664722035388,0.0,2,3,1,0.160128074880244,4.535574480677028,0
44b6_0113de3b,5,1565,1860,False,False,3.1729139308370784,2.7252078475778685,1.625,2.4375,-1.21875,1.625,1,0.0,0.029315259999999954,1.0415739129521913,0.22948860000000026,0.926555707611592,2.8952997,0.007043700000000097,1.002861336423958,0.5363770000000017,1.0086205282417056,0.015873000000000026,2,3,1,0.25200290363021643,3.424916834467295,0
44b6_0113de3b,5,1566,1815,False,False,2.4375,1.8168052317185792,1.625,0.8125,-1.625,1.625,1,0.0,0.049686599999999914,0.9475237099241672,0.010768300000000064,0.9962123139594379,2.8348377,0.010862499999999997,0.9955316246720897,0.8045669999999987,0.9866664770819504,0.015873009999999993,1,2,1,0.22445033004022574,2.661950330040226,0
44b6_0113de3b,5,1566,1842,False,False,3.6336104634371584,3.25,1.625,3.25,0.0,1.625,2,1.1961104634371584,0.03455740000000007,1.0400416974970377,0.1539902999999998,1.057436960279946,2.6808474,0.010862499999999997,0.9955316246720897,0.8045669999999987,0.9866664770819504,0.015873009999999993,1,2,1,0.19720771022861258,3.830818173665771,0
44b6_0113de3b,5,1567,1846,False,False,2.632800908728193,2.0714766773970688,1.625,2.03125,-0.40625,1.625,1,0.0,3.24299999999722e-05,1.0000278672540681,0.00039010000000017087,0.9998627833450189,2.9154267,0.0,0.9999959435845092,0.0,0.999999840652976,0.015873020000000015,2,2,0,0.00034930103686441055,2.6331502097650574,0
44b6_0113de3b,5,1567,1881,False,False,2.84375,2.84375,0.0,0.0,-2.84375,0.0,2,0.21094909127180683,0.00639866999999994,1.0080006276603086,0.3085652999999997,1.1183623020299351,2.6068614,0.003516900000000156,1.0014245766506245,0.26818899999999957,1.0042916931551176,0.0,2,1,1,0.2029548440457231,3.046704844045723,0
44b6_0113de3b,5,1568,1847,False,False,3.374565944310468,2.9575446425202108,1.625,2.84375,-0.8125,1.625,1,0.0,0.06533449999999996,0.9338230495520027,0.49074110000000015,0.8368027565124865,2.516353,0.014292500000000263,0.9941648718964481,1.0727539999999962,0.9826085349436218,0.015873040000000005,3,3,0,0.34596521025466387,3.720531154565132,0
44b6_0113de3b,5,1568,1827,False,False,4.5420130792964475,4.241374519244911,1.625,4.0625,1.21875,1.625,2,1.1674471349859794,0.04830035999999993,0.9502153522920297,0.4373635,0.8519248481536797,2.516353,0.007167100000000204,0.99706335279014,0.5363770000000017,0.9912279073523544,0.015873040000000005,3,3,0,0.28401738547497485,4.8260304647714225,0
44b6_0113de3b,5,1568,1836,False,False,6.512682938889317,6.512682938889317,0.0,6.5,-0.40625,0.0,3,3.138116994578849,0.014396940000000025,1.015850069418019,0.15187969999999984,0.9430750058830856,2.516353,0.02542309999999981,1.0105387877534733,1.8773200000000045,1.0319633061225282,0.0,3,3,0,0.2969586307122459,6.809641569601563,0
44b6_0113de3b,5,1569,1825,False,False,1.6750116604071745,1.6750116604071745,0.0,-0.40625,-1.625,0.0,1,0.0,0.03510045000000006,1.0408740076328231,0.3846065999999997,1.1491374863953494,2.5787957,0.06608510000000001,1.0270358860899542,5.095576999999992,1.0833330893856201,0.0,2,3,1,0.792709310640539,2.4677209710477133,0
44b6_0113de3b,5,1569,1850,False,False,1.8168052317185792,0.8125,1.625,0.8125,0.0,1.625,2,0.1417935713114047,0.010189710000000018,0.9887145502881545,0.40991330000000037,0.8784809565966593,2.9634023,0.017052700000000254,1.0068361939984196,1.3409399999999891,1.0206609634705572,0.015873020000000015,2,2,0,0.36428863993448607,2.1810938716530655,0
44b6_0113de3b,5,1569,1841,False,False,3.2752922102462856,2.84375,1.625,2.84375,0.0,1.625,3,1.600280549839111,0.01234590999999996,1.0139980791535876,0.1904862999999999,1.0686914472293887,2.772916,0.023939400000000166,1.009625186329254,1.8773159999999933,1.0291664551135702,0.015873020000000015,2,3,1,0.3126748294699401,3.5879670397162258,0
44b6_0113de3b,5,1570,1858,False,False,2.0714766773970688,1.284675299443404,1.625,1.21875,-0.40625,1.625,1,0.0,0.01138673999999995,0.9848716986710261,0.28062999999999994,0.9279390501584165,3.613841,0.02777929999999973,0.9888531133048003,2.1455060000000046,0.9669420270249031,0.01587302,0,1,1,0.36064465561665937,2.432121333013728,0
44b6_0113de3b,5,1571,1916,False,False,2.471122277933652,2.471122277933652,0.0,2.4375,-0.40625,0.0,1,0.0,0.16164672000000002,1.2765123577563617,0.24732730000000003,1.178507394258007,1.3854637,0.11564649999999999,1.0620680826533138,5.363769999999999,1.1980193779713004,0.0,1,1,0,1.2617336102230596,3.7328558881567115,0
44b6_0113de3b,5,1571,1782,False,False,6.550584420492571,6.550584420492571,0.0,5.6875,-3.25,0.0,2,4.079462142558919,0.18353313999999998,0.8025855324366621,3.1976430000000002,0.33802089414554853,1.632791,0.16097870000000003,0.924760532418756,8.582031,0.7908494869975753,0.0,1,1,0,2.1633363658112823,8.713920786303854,0
44b6_0113de3b,5,1572,1881,False,False,2.2980970388562794,1.625,1.625,0.0,-1.625,1.625,1,0.0,0.03980223999999999,1.0498324214601218,0.7873221999999998,1.3020142075286105,2.6068614,0.014007199999999997,1.005685957482141,1.0727550000000008,1.0171672367101323,0.015873009999999965,1,1,0,0.5036748511406806,2.80177188999696,0
44b6_0113de3b,5,1572,1846,False,False,3.917733121653388,2.1877232028983924,3.25,2.03125,0.8125,3.25,2,1.6196360827971086,0.03343600000000002,1.0415287933339838,0.47836679999999987,1.1640552861370228,2.9158168,0.010490299999999841,1.004251245126876,0.8045660000000012,1.0128203604193848,0.03174602999999998,1,2,1,0.3083547003930478,4.226087822046436,0
44b6_0113de3b,5,1573,1867,False,False,3.2752922102462856,2.84375,1.625,2.84375,0.0,1.625,1,0.0,0.023711060000000006,1.0327074872259516,0.004926499999999834,0.997639415887293,2.0862832,0.003710000000000324,0.9984502105130718,0.2681880000000021,0.9953702066954008,0.015873029999999955,3,2,1,0.11226489375589348,3.387557104002179,0
44b6_0113de3b,5,1573,1824,False,False,6.724634051381532,6.724634051381532,0.0,6.09375,-2.84375,0.0,2,3.4493418411352463,0.0378594000000001,0.9518328237987015,1.1177826,0.6511341585614173,2.0862832,0.061571000000000264,0.9749486105003402,4.559204999999999,0.9267239750627683,0.0,3,1,2,0.896615101926529,7.621249153308061,0
44b6_0113de3b,5,1574,1871,False,False,4.318496736423452,2.84375,3.25,2.84375,0.0,3.25,1,0.0,0.015323700000000051,0.9811887924524043,1.7297443000000001,0.6297871680131772,2.9425697,0.054062899999999914,0.9787130171796068,4.291015999999999,0.9374998579881864,0.03174605000000008,2,0,2,1.315614089306328,5.634110825729779,0
44b6_0113de3b,5,1574,1747,False,False,6.822097597147082,5.998209368219819,-3.25,-2.84375,-5.28125,3.25,2,2.5036008607236306,0.3688473,0.6843758663768761,5.3479673000000005,0.3549307060197596,2.9425697,0.04743049999999993,0.9812751163997386,3.754636000000005,0.9448817878128968,0.03174604999999997,2,0,2,3.340268376898868,10.16236597404595,0
44b6_0113de3b,5,1575,1845,False,False,2.4375,1.8168052317185792,1.625,1.625,-0.8125,1.625,1,0.0,0.009881600000000046,0.9884745243713894,0.2826341000000001,0.8796825289255368,2.0665085,0.01794450000000003,1.0073816647260188,1.3409400000000034,1.022321218266135,0.015873030000000066,1,2,1,0.2801248269681723,2.7176248269681724,0
44b6_0113de3b,5,1575,1922,False,False,5.525597394173774,5.525597394173774,0.0,-4.46875,-3.25,0.0,2,3.088097394173774,0.28615493000000003,1.5089723100461319,0.8506665999999998,1.6996383358861384,1.2158419,0.43139649999999996,1.2139655848848472,27.087035,1.7890619458353911,0.0,1,2,1,2.271717955894736,7.79731535006851,0
44b6_0113de3b,5,1575,1831,False,False,6.345827861674157,4.0625,4.875,3.25,2.4375,4.875,3,3.908327861674157,0.09888399999999997,0.8955977696472586,0.3535979,0.8538880609213673,2.0665085,0.0959437000000003,0.9622747759259208,7.509280000000004,0.8910504182478061,0.04761903000000001,1,1,0,1.2163382533088927,7.562166114983049,0
44b6_0113de3b,5,1576,1848,False,False,3.494694639736067,1.284675299443404,3.25,1.21875,0.40625,3.25,1,0.0,0.19188020000000006,1.1953349736282282,2.1535562,1.8999316676715376,2.3930008,0.05767610000000012,1.0232599797789463,4.559202999999997,1.071428386783052,0.03174603000000001,1,1,0,1.4649937188092803,4.959688358545348,0
44b6_0113de3b,5,1576,1830,False,False,4.614113030962723,3.2752922102462856,3.25,3.25,-0.40625,3.25,2,1.1194183912266555,0.022184399999999993,1.0192493095669617,0.6345678000000001,1.1622080597562494,3.9119892,0.0,0.9999960581413119,0.0,0.9999998537756658,0.03174603000000001,1,1,0,0.40843595819891276,5.022548989161636,0
44b6_0113de3b,5,1577,1906,False,False,1.8168052317185792,1.8168052317185792,0.0,-0.8125,-1.625,0.0,1,0.0,0.1344925400000001,1.2418407270794785,1.7548991000000003,1.6836021526843015,2.5671105,0.08384440000000026,1.0345054187909868,6.436520000000002,1.1071426133967925,0.0,1,1,0,1.3695740631726665,3.1863792948912457,0
44b6_0113de3b,5,1577,1893,False,False,3.2752922102462856,3.2752922102462856,0.0,2.84375,-1.625,0.0,2,1.4584869785277064,0.10707953000000003,1.1834978637323836,0.9643448000000006,1.2872031561841548,3.3576648,0.04470799999999997,1.0181056113947153,3.4864479999999958,1.055318946650135,0.0,1,1,0,0.7744659431573154,4.049758153403601,0
44b6_0113de3b,5,1578,1872,False,False,1.86167137607581,0.9084026158592896,1.625,0.40625,0.8125,1.625,1,0.0,0.02315719999999999,1.0344254537050286,0.7275412000000001,0.81592425265762,3.2249043,0.06499379999999988,0.974309078107496,5.095581000000003,0.9249010507401473,0.015873020000000015,1,0,1,0.9671686778309853,2.828840053906795,0
44b6_0113de3b,5,1579,1848,False,False,4.614113030962723,3.2752922102462856,3.25,3.25,0.40625,3.25,1,0.0,0.018066499999999874,1.018382562541333,0.027491299999999885,0.9885076573829086,2.3655095,0.024071200000000292,1.0097052345391346,1.877323000000004,1.0294116610279171,0.03174603000000001,2,1,1,0.30755722093409715,4.92167025189682,0
44b6_0113de3b,5,1579,1830,False,False,6.214430032191206,5.296851954227152,3.25,5.28125,-0.40625,3.25,2,1.6003170012284835,0.1516293000000002,0.8683638868146429,1.5464797,0.6046804661923244,2.3655095,0.03360489999999983,0.986749481438635,2.6818799999999925,0.960784242046895,0.03174603000000001,2,1,1,1.0313317766252321,7.245761808816439,0
44b6_0113de3b,5,1579,1751,False,False,6.2541392543258905,6.039340428598143,1.625,-2.03125,-5.6875,1.625,3,1.6400262233631677,0.00815049999999995,1.0082046736756212,8.0487095,0.22714206687792252,2.3655095,0.03803869999999998,1.0154260207776902,2.950076000000003,1.0470084237529431,0.015873010000000007,2,0,2,5.627740989444303,11.881880243770194,0
44b6_0113de3b,5,1580,1896,False,False,2.569350598886808,2.569350598886808,0.0,2.4375,-0.8125,0.0,1,0.0,0.02662506000000009,1.0340371829200254,1.2317019999999999,1.3190192883987286,3.86086,0.0,0.999995326413122,0.0,0.999999756292806,0.0,0,0,0,0.8101692692286412,3.3795198681154495,0
44b6_0113de3b,5,1581,1891,False,False,1.1490485194281397,1.1490485194281397,0.0,-0.8125,-0.8125,0.0,1,0.0,0.018109639999999927,1.0272268526007862,1.0312683,1.6428977313638617,1.6040683,0.05510539999999997,1.0223809120296599,4.291015000000002,1.0686693469178246,0.0,2,2,0,0.9181562269406401,2.06720474636878,0
44b6_0113de3b,5,1581,1889,False,False,3.040096626753827,2.569350598886808,1.625,2.4375,-0.8125,1.625,2,1.8910481073256875,0.03759190000000001,1.0582403802077023,0.13689609999999997,1.0547883978489867,2.4984405,0.05863219999999991,1.0238477381907884,4.559203000000004,1.0732756713516807,0.015873009999999993,2,1,1,0.7169192755496587,3.757015902303486,0
44b6_0113de3b,5,1582,1945,False,False,3.65625,3.65625,0.0,3.65625,0.0,0.0,1,0.0,0.08970544000000008,1.198136048054477,4.1769113,3.3036711248379893,1.81314,0.16570609999999997,1.1089109028032433,5.363769999999999,1.363635476139727,0.0,1,2,1,4.096069141441759,7.752319141441759,0
44b6_0113de3b,5,1583,1879,False,False,3.1729139308370784,2.7252078475778685,1.625,2.4375,-1.21875,1.625,1,0.0,0.02145746000000004,1.0287609865899732,0.0012872000000001549,0.9994879452393511,2.5320256,0.048214699999999944,1.0195538291811796,3.754635999999998,1.0598288479111373,0.01587302,1,1,0,0.5981903773113623,3.7711043081484408,0
44b6_0113de3b,5,1584,1906,False,False,1.7235727791422095,1.7235727791422095,0.0,1.21875,-1.21875,0.0,1,0.0,0.1325685900000001,1.2383808767013953,1.3195495,1.5140154114308229,2.5671105,0.1006235000000002,1.0414115321816217,7.7774650000000065,1.1294640813540182,0.0,2,1,1,1.3698211001492748,3.0933938792914843,0
44b6_0113de3b,5,1584,1893,False,False,5.025034981221523,5.025034981221523,0.0,4.875,-1.21875,0.0,2,3.301462202079314,0.10515558000000003,1.1802005604293064,0.5289952000000002,1.1575450963863445,3.3576648,0.061487099999999906,1.0249022435517037,4.827393000000001,1.0765955805428833,0.0,2,1,1,0.8381402833132419,5.863175264534766,0
44b6_0113de3b,5,1585,1883,False,False,2.9575446425202108,2.9575446425202108,0.0,2.84375,-0.8125,0.0,1,0.0,0.019295819999999964,1.0260194983462434,0.1387102,0.917746152969047,1.5477687,0.02850280000000005,0.9884175000359505,2.1455079999999995,0.9656650784931649,0.0,1,2,1,0.34710175497809004,3.304646397498301,0
44b6_0113de3b,5,1586,1854,False,False,2.4375,2.4375,0.0,2.4375,0.0,0.0,1,0.0,0.04394519000000008,0.9464970372230997,0.07238480000000003,0.9709875284299563,2.4229045,0.014077200000000012,0.9934162246933449,0.8045669999999987,0.9803918797055442,0.0,1,2,1,0.17203127770216026,2.6095312777021604,0
44b6_0113de3b,5,1587,1871,False,False,3.2752922102462856,0.40625,3.25,0.0,0.40625,3.25,1,0.0,0.060348999999999986,0.9259522700740638,1.3843809999999999,0.7037039811451433,3.287933,0.03691679999999975,0.9854629554321649,2.9500699999999966,0.9570311578288709,0.03174605000000008,2,0,2,0.9627410419045088,4.238033252150794,0
44b6_0113de3b,5,1588,1870,False,False,5.87308811976289,3.2752922102462856,4.875,2.84375,1.625,4.875,1,0.0,0.05628506999999994,0.9260403153417894,0.8679219999999992,0.862953770274523,5.465201,0.05420880000000006,0.9786277152163195,4.29101399999999,0.9372547872750321,0.04761904,0,0,0,0.839718347505103,6.712806467267994,0
44b6_0113de3b,5,1589,2013,False,False,6.358818311015027,6.358818311015027,0.0,2.84375,-5.6875,0.0,1,0.0,0.45193356999999995,2.1071059733250617,1.8454658300000002,4.669273440821197,0.50293857,0.09251260000000006,1.0451855623632138,5.095581000000003,1.1417907249816945,0.0,0,1,1,1.7817908649894996,8.140609176004528,0
44b6_0113de3b,5,1589,1892,False,False,6.600781203766718,1.1490485194281397,6.5,-0.8125,0.8125,6.5,2,0.24196289275169036,0.0839507599999999,1.1081452391067783,0.18961940000000022,1.0878311280135446,2.158785,0.27536799999999984,0.8859743073048276,17.968628000000002,0.695454427198642,0.06349207,0,2,2,1.7860815595233133,8.386862763290031,0
44b6_0113de3b,5,1590,1895,False,False,1.625,1.625,0.0,1.625,0.0,0.0,1,0.0,0.0372406500000001,1.0586491907836841,0.5319805999999998,1.3006933059483812,1.7691368,0.018380000000000063,0.9923967609126533,1.3409429999999958,0.9773753901722033,0.0,1,1,0,0.4046642642474868,2.029664264247487,0
44b6_0113de3b,5,1590,1902,False,False,4.46875,4.46875,0.0,4.46875,0.0,0.0,2,2.84375,0.03486814999999999,0.9506612039347232,0.5867051999999999,1.3422116209181145,1.7144122,0.011061399999999999,0.9954087012314985,0.8045659999999941,0.9863011921383047,0.0,1,2,1,0.5007977720222633,4.969547772022263,0
44b6_0113de3b,5,1591,1868,False,False,4.394265616971737,2.9575446425202108,3.25,2.84375,0.8125,3.25,1,0.0,0.010940830000000012,1.0149796002381206,0.14154100000000014,1.0551474778399532,2.5663993,0.04300779999999982,1.0177771916057594,3.218262000000003,1.0542984696909783,0.03174603000000001,0,1,1,0.4552311555947304,4.849496772566467,0
44b6_0113de3b,5,1592,1905,False,False,2.03125,2.03125,0.0,0.0,-2.03125,0.0,1,0.0,0.004128759999999954,0.9938325980948702,1.9893336000000001,2.074491581871798,1.8513992,0.034436699999999654,0.9862579875370149,2.6818850000000083,0.9593494443865515,0.0,1,0,1,1.4794239563078597,3.5106739563078597,0
44b6_0113de3b,5,1593,1895,False,False,0.0,0.0,0.0,0.0,0.0,0.0,1,0.0,0.08056909000000001,1.1269041888543436,0.4816842000000001,1.272263556647758,1.7691368,0.02581129999999998,0.9893243329284336,1.877319,0.9683256339756816,0.0,1,1,0,0.4833755425089641,0.4833755425089641,0
44b6_0113de3b,5,1593,1902,False,False,2.84375,2.84375,0.0,2.84375,0.0,0.0,2,2.84375,0.008460289999999926,1.011953820228494,0.5364088000000002,1.3128743899839843,1.7144122,0.018492699999999918,0.9923269483783485,1.3409419999999983,0.9771687897728044,0.0,1,2,1,0.4149444409176078,3.258694440917608,0
44b6_0113de3b,5,1594,1880,False,False,1.7235727791422095,0.5745242597140698,1.625,0.40625,0.40625,1.625,1,0.0,0.010567959999999932,0.988321211401226,0.14572889999999994,1.0839985333002915,1.7347691,0.0037924999999998654,0.9983983481145831,0.2681869999999975,0.9952151596570291,0.01587303000000001,5,3,2,0.13096016692601523,1.8545329460682247,0
44b6_0113de3b,5,1595,1898,False,False,2.1877232028983924,1.4647552056572457,1.625,-0.8125,-1.21875,1.625,1,0.0,0.05169699999999999,1.0766378567318233,0.011256199999999827,1.0062524403180826,1.7986797,0.01884269999999999,1.0079452178354567,1.3409430000000029,1.0240382890816992,0.015873000000000026,2,1,1,0.2534291177195138,2.441152320617906,0
44b6_0113de3b,5,1595,1908,False,False,3.917733121653388,2.1877232028983924,3.25,2.03125,0.8125,3.25,2,1.7300099187549955,0.007784769999999996,0.9893791702719397,0.11977979999999988,1.0708627394668488,1.6901561,0.022647399999999873,1.0095657148391504,1.609131000000005,1.0289853242433018,0.03174600000000005,2,1,1,0.21755849858180076,4.135291620235189,0
44b6_0113de3b,5,1596,1863,False,False,2.333728575156074,1.6750116604071745,1.625,1.625,-0.40625,1.625,1,0.0,0.07675909999999997,0.8992705591435182,0.2384333999999999,1.0637585716978608,3.7394621,0.017193500000000306,1.0069213915446926,1.3409439999999933,1.0209203680119099,0.01587301999999996,0,0,0,0.48263466126081483,2.816363236416889,0
44b6_0113de3b,5,1597,1923,False,False,4.0010984819796676,3.65625,1.625,3.65625,0.0,1.625,1,0.0,0.05445040000000001,1.0819410062203363,0.3058082999999998,1.086257764229197,3.5451584,0.0,0.9999960632807153,0.0,0.9999998543468578,0.015873020000000015,0,0,0,0.2416694706265242,4.242767952606192,0
44b6_0113de3b,5,1598,1875,False,False,1.9902104160113323,1.1490485194281397,1.625,0.8125,0.8125,1.625,1,0.0,0.013140350000000023,1.0164605465445276,0.2938508999999998,0.9130736725139771,3.0867133,0.03360489999999983,0.986749481438635,2.6818799999999925,0.960784242046895,0.01587301000000002,2,2,0,0.5013809045829133,2.4915913205942455,0
44b6_0113de3b,5,1599,1901,False,False,3.374565944310468,2.9575446425202108,1.625,2.84375,-0.8125,1.625,1,0.0,0.0027561999999999864,0.9964783469644298,0.2710448999999999,1.1494003011764777,1.8141423,0.020002400000000087,1.007932913464486,1.6091299999999933,1.0239998341465173,0.015873009999999965,2,5,3,0.3269792757404993,3.7015452200509675,0
44b6_0113de3b,5,1599,1925,False,False,3.447145558284419,1.1490485194281397,3.25,0.8125,0.8125,3.25,2,0.07257961397395096,0.09430393999999998,1.1369708803854188,0.5941217000000001,1.3984450820900753,1.4910655,0.1547695,1.0648773440715829,11.800293000000003,1.2075469580879699,0.03174602999999998,2,5,3,1.756612576081275,5.203758134365694,0
44b6_0113de3b,5,1599,1918,False,False,4.823951472859154,4.5420130792964475,1.625,4.46875,0.8125,1.625,3,1.4493855285486856,0.09150440000000004,1.132366004130651,0.7159572999999999,1.522879372708902,1.3692299,0.16607480000000008,1.0699481919845883,12.604860000000002,1.2248801992456924,0.015873009999999965,2,5,3,1.855868627105859,6.679820099965013,0
44b6_0113de3b,5,1600,1911,False,False,4.4502457797294745,4.1429533547941375,1.625,4.0625,-0.8125,1.625,1,0.0,0.03631913000000009,0.9489619435375204,0.21156499999999978,1.0928206309916264,2.2791708,0.0035471999999998616,0.9985508322122639,0.2681880000000021,0.9956708426397997,0.01587301000000002,1,1,0,0.2550428903358056,4.70528867006528,0
44b6_0113de3b,5,1601,1915,False,False,3.374565944310468,2.9575446425202108,1.625,2.84375,0.8125,1.625,1,0.0,0.014310399999999945,1.0214276113871232,0.36339789999999983,1.1767854575740908,2.0555205,0.010580500000000104,1.004306316231942,0.8045660000000012,1.0129868586980264,0.015873000000000026,1,2,1,0.24819108794383501,3.6227570322543032,0
44b6_0113de3b,5,1601,1914,False,False,6.5253412267099105,5.658407737606049,3.25,5.28125,2.03125,3.25,2,3.1507752823994424,0.04306642999999999,0.9405644551532343,0.18758339999999984,1.0840629306539329,2.231335,0.051588499999999815,0.9794985273475346,4.022826000000002,0.9397589120162734,0.03174604000000003,1,2,1,0.6906564621277648,7.215997688837676,0
44b6_0113de3b,5,1601,1899,False,False,6.90625,6.09375,3.25,-3.65625,-4.875,3.25,3,3.531684055689532,0.07304089999999996,1.119988058846164,0.5723943,1.3099776494785556,1.8465241,0.06120610000000015,1.0254556879326444,4.559204000000001,1.078340825999181,0.03174604000000003,1,1,0,0.6880223897904367,7.5942723897904365,0
44b6_0113de3b,5,1602,1884,False,False,2.9295104113144914,2.4375,1.625,2.4375,0.0,1.625,1,0.0,0.0014808000000000598,0.9979631108276481,0.017765000000000253,0.9926526117640054,2.401452,0.0035066999999999737,0.9985755066537251,0.2681880000000021,0.9957445304193927,0.015873040000000005,2,3,1,0.04063901779214885,2.97014942910664,0
44b6_0113de3b,5,1602,1877,False,False,5.525597394173774,5.28125,1.625,4.875,-2.03125,1.625,2,2.5960869828592825,0.014388700000000032,1.020081116611029,0.36980499999999994,0.8665538181633167,2.401452,0.01768520000000029,1.0072216022133196,1.3409440000000004,1.0218339214887786,0.015873040000000005,2,2,0,0.3576904570588842,5.883287851232658,0
44b6_0113de3b,5,1603,1884,False,False,2.1877232028983924,1.4647552056572457,1.625,-0.8125,1.21875,1.625,1,0.0,0.03895917000000004,0.9467561843114173,0.3572449999999998,1.1476649359485487,2.419217,0.010460799999999715,1.0042332570487245,0.8045649999999966,1.0127657899329054,0.015873040000000005,2,3,1,0.3692714792620701,2.5569946821604623,0
44b6_0113de3b,5,1603,1877,False,False,2.4375,1.8168052317185792,1.625,1.625,-0.8125,1.625,2,0.2497767971016076,0.02308966999999995,0.967739283318639,0.005205000000000126,1.0018745938229698,2.771257,0.03165269999999998,1.0129283398408733,2.413696999999999,1.0393011531190095,0.015873040000000005,2,2,0,0.38813809353174034,2.8256380935317402,0
44b6_0113de3b,5,1604,1898,False,False,2.333728575156074,1.6750116604071745,1.625,1.625,0.40625,1.625,1,0.0,0.009008899999999986,1.0133429374686866,0.011159799999999942,1.006198845748658,1.7986797,0.007621599999999784,0.9967803488382935,0.5363770000000017,0.990384436981068,0.015873000000000026,1,1,0,0.07827879617814983,2.412007371334224,0
44b6_0113de3b,5,1604,1908,False,False,6.039340428598143,5.090297909995052,3.25,4.46875,2.4375,3.25,2,3.705611853442069,0.05047287,0.9312141389093186,0.1196834,1.0708057036524399,1.6901561,0.003816899999999901,0.9983828958220492,0.26818899999999957,0.9951688934662283,0.03174600000000005,1,1,0,0.2594323292861957,6.298772757884339,0
44b6_0113de3b,5,1605,1903,False,False,2.333728575156074,1.6750116604071745,1.625,1.625,0.40625,1.625,1,0.0,0.008107850000000028,1.0120435455558003,0.9518933,0.7656078147004587,3.109253,0.07981400000000027,0.9676200689858355,5.900147000000004,0.905982754126554,0.01587301000000002,1,2,1,1.0108907569294576,3.3446193320855317,0
44b6_0113de3b,5,1606,1920,False,False,3.300390601883359,2.8726212985703494,1.625,2.84375,-0.40625,1.625,1,0.0,0.058741330000000036,1.1012857759584884,0.3516396000000004,0.8918020872851845,2.8984094,0.003516900000000156,0.9985693428205319,0.26818899999999957,0.9957263287526057,0.015873040000000005,2,1,1,0.41649444057500207,3.716885042458361,0
44b6_0113de3b,5,1606,1860,False,False,6.989389279472134,2.569350598886808,6.5,-2.4375,0.8125,6.5,2,3.6889986775887755,0.06629644000000001,0.905934355650498,0.22637890000000027,0.9275508758437303,2.8984094,0.003526799999999941,1.0014306478717852,0.2681880000000021,1.004310175724465,0.06349203999999997,2,3,1,0.27110975972364093,7.260499039195775,0
44b6_0113de3b,5,1607,1998,False,False,1.625,0.0,1.625,0.0,0.0,1.625,1,0.0,0.32485474,1.989022027857717,1.5206595,2.661199430845239,0.9153825,0.10679679999999991,1.0535292304221962,5.631959999999999,1.1693545525566087,0.015873020000000015,1,2,1,1.4126262651558785,3.0376262651558785,0
44b6_0113de3b,5,1608,1947,False,False,2.333728575156074,1.6750116604071745,1.625,1.625,-0.40625,1.625,1,0.0,0.07535940000000008,1.119980818839384,0.48857079999999975,1.270468394068306,1.8063408,0.0319269000000002,1.0130978178237495,2.4136960000000016,1.0398228323273981,0.015872999999999915,4,2,2,0.4558472486321536,2.7895758237882275,0
44b6_0113de3b,5,1609,1917,False,False,6.749131888620936,1.8168052317185792,6.5,1.625,0.8125,6.5,1,0.0,0.009006400000000081,1.0124069485752367,0.9261708000000004,0.7091849473871945,2.2585952,0.3678805999999999,1.179697002439854,23.064209000000005,1.6417905858503539,0.06349205999999996,1,0,1,2.1431681985744815,8.892300087195418,0
44b6_0113de3b,5,1610,1887,False,False,1.6750116604071745,0.40625,-1.625,0.0,-0.40625,1.625,1,0.0,0.11218880000000009,1.1307843976671677,0.44454049999999956,1.212509766054035,2.0918021,0.07140120000000039,0.9704754525767082,5.095580999999996,0.9140269955643244,0.015873009999999965,3,1,2,0.8500842483956578,2.5250959088028324,0
44b6_0113de3b,5,1610,1844,False,False,4.908737426772795,3.6787502123683256,3.25,3.65625,-0.40625,3.25,2,3.2337257663656205,0.021985449999999962,0.9778252147505127,0.32126259999999984,1.1450291410281297,2.21508,0.20762059999999982,1.0970286175875859,13.141235000000002,1.320261106912713,0.03174602999999998,3,3,0,1.1661860887209283,6.074923515493723,0
44b6_0113de3b,5,1611,1886,False,False,3.832554834897995,3.471001521535247,1.625,3.25,-1.21875,1.625,1,0.0,0.032679450000000054,0.9532462274012181,0.5335172000000004,1.180563683444016,2.9546661,0.031208499999999972,1.0126554078691297,2.4136959999999945,1.0384613680827974,0.015873009999999993,1,1,0,0.5720842179070367,4.404639052805032,0
44b6_0113de3b,5,1612,1750,False,False,2.9575446425202108,2.9575446425202108,0.0,2.84375,-0.8125,0.0,1,0.0,0.2200526,0.6851659190053616,2.248572799999999,0.7299906319745725,6.0792127,0.005183199999999832,0.9974440130982763,0.268187999999995,0.9923661432226957,0.0,0,0,0,1.443815464360547,4.401360106880758,0
44b6_0113de3b,5,1613,1900,False,False,3.832554834897995,3.471001521535247,1.625,3.25,-1.21875,1.625,1,0.0,0.04827615000000007,0.931016513926089,0.12702040000000014,0.965714612060829,3.5780582,0.040985599999999955,0.9837330912134266,3.2182630000000074,0.9519998395158747,0.015873020000000015,1,1,0,0.5313715704187649,4.36392640531676,0
44b6_0113de3b,5,1613,1911,False,False,6.749131888620936,6.550584420492571,-1.625,-5.6875,-3.25,1.625,2,2.916577053722941,0.06011408000000007,0.9155329018395255,1.2988874,1.5698878298729086,2.2791708,0.024547999999999792,1.0099965363700294,1.877319,1.0303028586146064,0.015873019999999988,1,1,0,1.053109787526599,7.802241676147535,0
44b6_0113de3b,5,1614,1736,False,False,2.9295104113144914,2.9295104113144914,0.0,2.4375,-1.625,0.0,1,0.0,0.45831070000000007,0.5723156953330673,3.9551555999999994,0.2507532692689477,1.3236904,0.12412739999999989,0.9418563564314661,6.704713000000005,0.8355260904911262,0.0,1,1,0,2.6027842868063797,5.532294698120872,0
44b6_0113de3b,5,1615,1952,False,False,1.21875,1.21875,0.0,1.21875,0.0,0.0,1,0.0,0.04937426999999994,1.0808230063285849,0.6583455999999999,1.4862974649929817,1.3537614,0.043468900000000144,1.0256460885921883,1.6091309999999979,1.07894684681352,0.0,1,2,1,0.780913740630926,1.999663740630926,0
44b6_0113de3b,5,1615,1927,False,False,3.65625,3.65625,0.0,3.65625,0.0,0.0,2,2.4375,0.08150960000000007,0.8900840405477541,0.1162175000000003,0.9453903979849031,2.012107,0.054776500000000006,0.9694409534897743,2.145508000000003,0.9111107262704399,0.0,1,3,2,0.8198358010758177,4.4760858010758175,0
44b6_0113de3b,5,1615,2021,False,False,5.658407737606049,5.658407737606049,0.0,-2.03125,-5.28125,0.0,3,4.439657737606049,0.45072981999999995,3.152285840024051,1.5721919999999998,4.573750071034835,0.439915,0.13115619999999995,0.9298271612758399,5.363770000000002,0.8039212604095706,0.0,1,1,0,2.558625065087195,8.217032802693243,0
44b6_0113de3b,5,1616,1900,False,False,2.4375,1.8168052317185792,1.625,0.8125,-1.625,1.625,1,0.0,0.04247190000000001,0.9393086929265788,0.4994476000000003,0.8651968538620101,3.205631,0.02374459999999967,0.9905742589092114,1.8773200000000116,0.9719998454818273,0.015873020000000015,2,1,1,0.4107866479796426,2.8482866479796427,0
44b6_0113de3b,5,1617,1913,False,False,2.6012692214570947,2.6012692214570947,0.0,2.03125,-1.625,0.0,1,0.0,0.035870540000000006,0.9540227466602795,1.4890879999999997,1.5320066898569893,2.7989736,0.0,0.999995326413122,0.0,0.999999756292806,0.0,0,0,0,1.0990037619885562,3.700272983445651,0
44b6_0113de3b,5,1618,1939,False,False,2.9295104113144914,2.4375,1.625,2.4375,0.0,1.625,1,0.0,0.023713760000000028,1.0427056709017308,0.6429961,1.2179185522140918,2.9505699,0.023616999999999777,1.0094304672121985,1.8773159999999933,1.0285712198500627,0.015873000000000026,1,0,1,0.4907353632129486,3.42024577452744,0
44b6_0113de3b,5,1619,1940,False,False,2.03125,1.21875,1.625,1.21875,0.0,1.625,1,0.0,0.05736322999999999,1.1037055607822304,1.4759038,1.763538614631249,1.9329555,0.03522059999999971,1.0144070878554696,2.6818839999999966,1.0438594656419924,0.015873000000000026,1,4,3,0.980337265344782,3.011587265344782,0
44b6_0113de3b,5,1619,1944,False,False,3.65625,3.2752922102462856,1.625,3.25,-0.40625,1.625,2,1.625,0.05256703000000007,1.0942160347328327,1.2640042999999999,1.5893118214899304,2.144855,0.006964199999999643,1.0028129214305763,0.5363770000000017,1.0084744177389766,0.015873000000000026,1,2,1,0.8008591844901269,4.457109184490127,0
44b6_0113de3b,5,1620,1888,False,False,4.487177913232324,4.182599744775969,1.625,3.65625,-2.03125,1.625,1,0.0,0.04579815000000009,0.9306723045178178,0.15346690000000018,0.9396251506844745,2.3885899,0.010067199999999943,0.9960120090875474,0.8045659999999941,0.9880950834364823,0.015873009999999965,2,1,1,0.2093238263493723,4.696501739581697,0
44b6_0113de3b,5,1621,1912,False,False,3.040096626753827,2.569350598886808,1.625,2.4375,-0.8125,1.625,1,0.0,0.004371950000000013,0.9938928968855719,0.26708940000000014,0.9103907508822386,2.713613,0.00993540000000026,0.9960898595519886,0.8045699999999982,0.9883266388052425,0.015873040000000005,3,1,2,0.21650607119800727,3.2566026979518345,0
44b6_0113de3b,5,1622,1929,False,False,1.1490485194281397,1.1490485194281397,0.0,-0.8125,-0.8125,0.0,1,0.0,0.023481400000000097,1.0429976928817877,1.7935624999999997,1.4981966420557042,3.6000795,0.048619200000000085,1.0198029030775952,3.754642000000004,1.0606059432122665,0.0,0,1,1,1.2828853346208342,2.4319338540489737,0
44b6_0113de3b,5,1622,1931,False,False,2.333728575156074,1.6750116604071745,-1.625,-1.625,-0.40625,1.625,2,1.1846800557279344,0.02591604000000003,1.0476703678462633,2.3000106999999996,1.7434606914512032,3.0936313,0.03803869999999998,1.0154260207776902,2.950076000000003,1.0470084237529431,0.015873029999999982,0,2,2,1.5703759100214156,3.9041044851774895,0
44b6_0113de3b,5,1623,1861,False,False,2.569350598886808,2.569350598886808,0.0,2.4375,-0.8125,0.0,1,0.0,0.03512751999999997,0.9536320436646484,0.4039522,0.816645715117759,1.7992162,0.0035066999999999737,1.0014184068046856,0.2681880000000021,1.004273336618644,0.0,2,1,1,0.2664974973961292,2.8358480962829375,0
44b6_0113de3b,5,1624,1924,False,False,3.494694639736067,3.093907824257213,1.625,2.84375,-1.21875,1.625,1,0.0,0.008568400000000032,1.0160640338999467,1.1430190000000007,1.242991049581264,4.703904,0.0,0.9999959435845092,0.0,0.999999840652976,0.01587301000000002,0,0,0,0.7745201009017691,4.269214740637836,0
44b6_0113de3b,5,1625,1891,False,False,2.471122277933652,2.471122277933652,0.0,2.4375,-0.40625,0.0,1,0.0,0.01664695999999999,0.9749433361825323,0.5244469,0.6730478181769555,1.0796214,0.1578145000000002,0.9358883636269983,11.263915000000004,0.8197423742267005,0.0,2,2,0,1.3916097900893185,3.8627320680229706,0
44b6_0113de3b,5,1625,1889,False,False,5.92902355472636,5.701990469344894,1.625,5.6875,-0.40625,1.625,2,3.457901276792708,0.002835300000000096,1.004378345591916,1.4188191,0.43211638573587907,1.0796214,0.15428770000000025,0.9372310975527898,10.995727000000002,0.8232757396579802,0.015873009999999993,2,1,1,1.5954227633072677,7.524446318033627,0
44b6_0113de3b,5,1626,1894,False,False,3.832554834897995,2.03125,3.25,1.625,-1.21875,3.25,1,0.0,0.05507190000000006,0.9160403443629468,1.461312,1.425625206251582,3.433297,0.02777929999999973,0.9888531133048003,2.1455060000000046,0.9669420270249031,0.03174602999999998,0,2,2,1.1920934860418693,5.024648320939864,0
44b6_0113de3b,5,1627,1953,False,False,2.6012692214570947,2.03125,1.625,2.03125,0.0,1.625,1,0.0,0.05844415999999997,1.106810820849348,0.9945588000000001,1.4549048364737378,2.1862688,0.04707840000000019,1.019579000980273,3.486449999999998,1.0599076480177383,0.01587302,2,3,1,0.7325221140801139,3.3337913355372084,0
44b6_0113de3b,5,1627,1926,False,False,5.202538442914189,4.942244555867304,1.625,4.875,-0.8125,1.625,2,2.6012692214570947,0.025305359999999943,1.0435961757244712,0.26627820000000035,1.0913579596284777,2.9145494,0.03971560000000007,1.0164658735464902,2.9500740000000008,1.0502281449057693,0.01587302,2,2,0,0.41888909170976113,5.62142753462395,0
44b6_0113de3b,5,1628,1909,False,False,2.0714766773970688,2.0714766773970688,0.0,2.03125,-0.40625,0.0,1,0.0,0.006390470000000037,0.9890891074380963,0.4657228,0.8622411842933473,2.9150512,0.006720300000000012,0.9973329920137964,0.5363799999999941,0.9920316801583949,0.0,0,0,0,0.3159721587216593,2.387448836118728,0
44b6_0113de3b,5,1629,1921,False,False,2.9575446425202108,2.471122277933652,1.625,2.4375,-0.40625,1.625,1,0.0,0.013367299999999971,0.9775782468449429,0.6606677000000003,1.145877101657921,4.528855,0.06813689999999983,0.9731374550169869,5.363767999999993,0.921568513338657,0.01587301000000002,1,0,1,1.03385181427828,3.9913964567984905,0
44b6_0113de3b,5,1630,1921,False,False,4.394265616971737,4.0827619710803615,1.625,4.0625,-0.40625,1.625,1,0.0,0.019971299999999914,0.9665092525160426,0.3677925000000002,1.0812085367967472,4.528855,0.05420880000000006,0.9786277152163195,4.29101399999999,0.9372547872750321,0.01587301000000002,1,0,1,0.7875282600481988,5.181793877019936,0
44b6_0113de3b,5,1631,1935,False,False,3.6336104634371584,3.25,1.625,3.25,0.0,1.625,1,0.0,0.012683799999999912,1.0248565294332115,0.5317103999999997,1.156068048553241,3.4068398,0.0,0.9999959435845092,0.0,0.999999840652976,0.01587301000000002,1,1,0,0.34830838694260147,3.98191885037976,0
44b6_0113de3b,5,1632,1823,False,False,2.6012692214570947,2.03125,1.625,-1.21875,1.625,1.625,1,0.0,0.1814715,0.7580357324991671,0.9054850999999999,0.5603996651348782,1.1543193,0.10090639999999995,0.9600629454493879,7.777465999999997,0.8849205011648849,0.01587301999999996,3,2,1,1.314674075459742,3.9159432969168364,0
44b6_0113de3b,5,1633,1912,False,False,2.2980970388562794,1.625,-1.625,0.0,-1.625,1.625,1,0.0,0.10898714999999992,0.8480911844660953,1.0877459000000003,0.6350684822863151,1.8929565,0.0853022000000001,0.9664585955387582,6.704713000000005,0.9027235908302496,0.015872999999999915,2,1,1,1.2076347326643257,3.505731771520605,0
44b6_0113de3b,5,1634,1928,False,False,2.6012692214570947,2.03125,1.625,2.03125,0.0,1.625,1,0.0,0.015226500000000032,1.0254338326720744,0.04455650000000011,1.030375628417484,1.4665111,0.029364000000000168,0.9878919034781819,2.1455079999999995,0.9641253960302337,0.015873040000000005,2,2,0,0.30297655522382727,2.9042457766809218,0
44b6_0113de3b,5,1635,1948,False,False,2.632800908728193,2.0714766773970688,-1.625,2.03125,0.40625,1.625,1,0.0,0.09278803999999996,1.152820896483645,0.051346299999999845,0.9723295946500029,1.8046447,0.0,0.9999960683929776,0.0,0.9999998549136047,0.015872999999999915,3,0,3,0.4115478701543165,3.04434877888251,0
44b6_0113de3b,5,1636,1882,False,False,1.86167137607581,0.9084026158592896,1.625,0.8125,0.40625,1.625,1,0.0,0.08839169999999996,0.8664707167152188,0.8341729,0.7808921481346531,2.9729965,0.016690500000000164,0.9934168988979863,1.3409399999999891,0.9803920479112805,0.01587301000000002,0,0,0,0.5580579627478673,2.4197293388236774,0
44b6_0113de3b,5,1638,1943,False,False,2.6012692214570947,2.03125,1.625,1.625,-1.21875,1.625,1,0.0,0.016450499999999924,1.03233995895468,0.6742391000000003,1.2860179447091191,2.3572865,0.054953099999999644,0.9781908367159571,4.291016000000006,0.9359998556239468,0.015873020000000015,2,2,0,0.858788655802539,3.4600578772596338,0
44b6_0113de3b,5,1639,1961,False,False,3.1729139308370784,2.7252078475778685,-1.625,2.4375,1.21875,1.625,1,0.0,0.09180709999999992,1.1667795219526391,0.12478710000000026,0.95568357507771,2.6912491,0.04363019999999995,0.9828423883223094,3.486450000000005,0.949416208616826,0.015873000000000026,0,0,0,0.7606399719959778,3.933553902833056,0
44b6_0113de3b,5,1640,1955,False,False,4.394265616971737,2.9575446425202108,3.25,2.84375,-0.8125,3.25,1,0.0,0.03811078999999995,1.066369317386563,0.4540903999999999,1.4214085527633982,1.0775201,0.05515029999999976,1.023152043267969,4.022826000000002,1.0710898360034622,0.03174603999999999,1,2,1,0.5602782318503026,4.9545438488220395,0
44b6_0113de3b,5,1640,1840,False,False,5.170718337426629,4.908737426772795,-1.625,-2.03125,-4.46875,1.625,2,0.7764527204548921,0.5100760599999999,0.5454828438920349,1.1976433,0.5611808209964899,1.5316105,0.035423500000000274,0.9856674165956781,2.6818839999999966,0.9576269791250115,0.015873009999999993,1,2,1,1.9628240202044964,7.133542357631125,0
44b6_0113de3b,5,1640,1783,False,False,5.759587794495366,5.525597394173774,-1.625,1.625,-5.28125,1.625,3,1.3653221775236295,0.47301925999999994,0.5641096444313061,1.3940275000000002,0.5235115434255931,1.5316105,0.04585499999999998,0.9815259043153417,3.486450000000005,0.9456065501666722,0.015873009999999993,1,2,1,1.8331814136152418,7.592769208110608,0
44b6_0113de3b,5,1641,1937,False,False,2.333728575156074,1.6750116604071745,1.625,1.625,0.40625,1.625,1,0.0,0.01993617000000003,1.0390155401568908,0.7497859999999998,0.8402538907162899,3.943877,0.0033205000000000595,0.9986871639639378,0.26818999999998994,0.996078263357922,0.01587303000000001,0,0,0,0.5566556954786165,2.8903842706346907,0
44b6_0113de3b,5,1642,1957,False,False,3.0671202393287422,2.6012692214570947,1.625,1.625,-2.03125,1.625,1,0.0,0.03379545000000006,1.0573421353512655,0.7289746999999998,1.3583904294797038,2.033986,0.054953099999999644,1.0222872041955342,4.291016000000006,1.068375903581283,0.015873009999999993,2,3,1,0.7823911674630061,3.8495114067917484,0
44b6_0113de3b,5,1642,1968,False,False,4.614113030962723,3.2752922102462856,-3.25,0.40625,3.25,3.25,2,1.5469927916339805,0.13929958000000003,1.2879749057302652,0.5917046999999998,1.2725113827601038,2.171256,0.0,0.9999960320354412,0.0,0.9999998508511848,0.03174603000000001,2,2,0,0.5669386918949993,5.181051722857722,0
44b6_0113de3b,5,1642,1951,False,False,6.461801823988415,4.241374519244911,4.875,4.0625,1.21875,4.875,3,3.3946815846596725,0.07316520000000004,1.1330527813693516,1.0144784999999998,1.580196182745339,1.7484822,0.06553359999999975,1.0266936608727384,5.095582000000007,1.0822509229309332,0.04761905999999999,2,3,1,0.9576744350260694,7.419476259014484,0
44b6_0113de3b,5,1643,1938,False,False,2.9575446425202108,2.9575446425202108,0.0,2.84375,-0.8125,0.0,1,0.0,0.013571149999999976,1.0201484155603002,0.18609189999999964,0.9387115198475662,2.8503888,0.0,0.999995326413122,0.0,0.999999756292806,0.0,1,1,0,0.16099249200314816,3.118537134523359,0
44b6_0113de3b,5,1644,1954,False,False,3.300390601883359,2.8726212985703494,1.625,2.84375,-0.40625,1.625,1,0.0,0.016250549999999975,1.0319826755871153,0.8624402,1.5563097468582565,1.5502598,0.034628300000000056,0.9861438985158762,2.6818859999999987,0.9590162291023564,0.015872999999999915,2,2,0,0.7442379605275619,4.044628562410921,0
44b6_0113de3b,5,1645,1950,False,False,4.375446405796785,4.0625,1.625,3.25,-2.4375,1.625,1,0.0,0.012600040000000035,0.9760258790403918,0.24666080000000035,1.0963549620124775,2.5598042,0.025049200000000216,0.9897911319502876,1.8773180000000025,0.9696968346941064,0.015873019999999988,0,2,2,0.3426800220167791,4.718126427813564,0
44b6_0113de3b,5,1646,1942,False,False,4.823951472859154,4.5420130792964475,1.625,4.0625,2.03125,1.625,1,0.0,0.0034506499999999996,1.0067617821201356,0.9703932000000002,0.6921328691018567,2.1816163,0.034628300000000056,1.0140426208386906,2.6818859999999987,1.0427348959178702,0.015873009999999965,2,1,1,0.8266800030794991,5.650631475938653,0
44b6_0113de3b,5,1647,1933,False,False,2.0714766773970688,2.0714766773970688,0.0,2.03125,0.40625,0.0,1,0.0,0.015210200000000063,0.9728377034847768,0.23273839999999968,1.041277235305448,5.638168,0.0035066999999999737,0.9985755066537251,0.2681880000000021,0.9957445304193927,0.0,0,0,0,0.20195361230202374,2.2734302896990926,0
44b6_0113de3b,5,1648,1936,False,False,4.33756303988772,2.8726212985703494,3.25,2.84375,-0.40625,3.25,1,0.0,0.048478690000000046,0.909781541515455,0.16255266000000002,1.207692803272083,0.78260094,0.04254319999999989,0.9820474789278354,2.9500730000000033,0.9471152190534452,0.03174602999999998,3,2,1,0.41535741152754385,4.752920451415264,0
44b6_0113de3b,5,1649,1932,False,False,0.8125,0.8125,0.0,0.0,-0.8125,0.0,1,0.0,0.03096363000000002,0.9442858697499814,1.1146828999999996,0.7816185430958676,3.9896457,0.01333479999999998,0.9947396684179425,1.0727499999999992,0.9843136383290243,0.0,0,0,0,0.7297423389791997,1.5422423389791997,0
44b6_0113de3b,5,1650,1956,False,False,2.0714766773970688,1.284675299443404,1.625,1.21875,-0.40625,1.625,1,0.0,0.06785019999999997,0.8879606420400944,0.03024350000000009,1.028733671318011,1.0521876,0.06231739999999997,0.974497556769751,4.559203000000004,0.9254384635788162,0.015873040000000005,2,5,3,0.6484978295019539,2.719974506899023,0
44b6_0113de3b,5,1651,1960,False,False,2.1877232028983924,2.1877232028983924,0.0,2.03125,-0.8125,0.0,1,0.0,0.004890850000000002,1.0077983792581342,0.4954247999999999,1.3300724605334007,1.5009174,0.0035994999999999777,1.0014752111510263,0.26818899999999957,1.004444286678142,0.0,2,4,2,0.3321458199395314,2.519869022837924,0
44b6_0113de3b,5,1651,1964,False,False,5.420051026051323,5.420051026051323,0.0,5.28125,-1.21875,0.0,2,3.2323278231529304,0.012670199999999965,1.0204824230097136,0.6718682999999999,1.5072604506555343,1.3244739,0.003588900000000006,0.9985252823779582,0.2681880000000021,0.9955945579342454,0.0,2,4,2,0.4501197984188506,5.870170824470174,0
44b6_0113de3b,5,1651,1976,False,False,6.080193253507654,3.6336104634371584,4.875,3.25,1.625,4.875,3,3.892470050609262,0.014686650000000023,0.9772306482432501,0.4510270999999999,1.2918590398874643,1.5453151,0.1531927999999998,1.0670790036353281,10.727539,1.2150535170582033,0.047619059999999935,2,2,0,1.2734945368000181,7.3536877903076725,0
44b6_0113de3b,5,1652,1930,False,False,3.917733121653388,2.1877232028983924,3.25,2.03125,0.8125,3.25,1,0.0,0.04129914000000001,0.9260183841426821,0.6314039,0.7605428965404254,2.0054421,0.029011999999999816,0.9881076843405223,2.1455080000000066,0.9647575475953086,0.03174603000000009,3,1,2,0.45751243853558904,4.375245560188977,0
44b6_0113de3b,5,1653,1962,False,False,2.6012692214570947,2.03125,1.625,1.625,-1.21875,1.625,1,0.0,0.004996210000000001,0.9882263483881509,1.4355574999999998,2.0955364719153957,1.3103503,0.06923350000000017,1.0290194581097718,5.095581000000003,1.0896224489506967,0.015873020000000015,1,2,1,1.1639630427757213,3.765232264232816,0
44b6_0113de3b,5,1653,2002,False,False,6.147678042358757,6.147678042358757,0.0,6.09375,-0.8125,0.0,2,3.5464088209016627,0.15112406,1.5615863967665742,2.0538695,3.9677979123711453,0.6920383,0.13477879999999987,1.0580932201672901,9.654784999999997,1.1846151548614967,0.0,1,1,0,1.6099683001978466,7.757646342556604,0
44b6_0113de3b,5,1654,1949,False,False,2.0714766773970688,1.284675299443404,1.625,1.21875,-0.40625,1.625,1,0.0,0.016634229999999972,1.032120710215711,0.018013500000000127,1.0139741935954596,1.2883291,0.02137650000000013,1.0087682238729685,1.6091309999999979,1.0265485053886443,0.01587301000000002,2,3,1,0.23482624453282971,2.3063029219298983,0
44b6_0113de3b,5,1654,1967,False,False,2.333728575156074,1.6750116604071745,1.625,-1.625,-0.40625,1.625,2,0.26225189775900537,0.03256053999999997,1.0648897263744312,0.4285364999999999,0.7529833463130295,1.3063426,0.01753399999999994,0.9929135795188553,1.3409430000000029,0.978902790215586,0.01587301000000002,2,2,0,0.42122121080733416,2.7549497859634084,0
44b6_0113de3b,5,1655,1930,False,False,1.6750116604071745,0.40625,1.625,0.40625,0.0,1.625,1,0.0,0.004377489999999984,0.9921423297662982,0.7954047999999998,0.6983472741780363,1.8414412,0.021314400000000067,1.0087298824938247,1.6091309999999979,1.0264315518471012,0.015873010000000076,2,1,1,0.6113159453350269,2.2863276057422013,0
44b6_0113de3b,5,1656,1958,False,False,3.350023320814349,2.9295104113144914,1.625,1.625,-2.4375,1.625,1,0.0,0.000680970000000003,0.9985866968238978,0.2596372,1.1547141731641102,1.6780987,0.010703600000000257,1.0043819056831436,0.8045659999999941,1.013215702006186,0.015873029999999982,1,3,2,0.20594571855129032,3.5559690393656394,0
44b6_0113de3b,5,1657,1963,False,False,1.284675299443404,1.284675299443404,0.0,-1.21875,-0.40625,0.0,1,0.0,0.06089228999999996,1.1207002308800718,0.21414299999999997,0.8107125558175795,0.917211,0.01768520000000029,1.0072216022133196,1.3409440000000004,1.0218339214887786,0.0,3,2,1,0.3928026546732257,1.6774779541166298,0
44b6_0113de3b,5,1657,1946,False,False,2.9575446425202108,2.9575446425202108,0.0,2.84375,-0.8125,0.0,2,1.6728693430768067,0.03876734999999998,1.0736084469378997,0.5088037000000001,0.6431943289621841,0.917211,0.03562970000000032,1.0146607200112283,2.6818840000000037,1.044642669577288,0.0,3,4,1,0.6009684792005081,3.558513121720719,0
44b6_0113de3b,5,1658,1970,False,False,1.8168052317185792,0.8125,1.625,-0.8125,0.0,1.625,1,0.0,0.07432713000000002,1.1702434013416165,0.8402025000000002,0.6738328050372944,1.7358053,0.03721450000000015,0.9852880643595063,2.9500749999999982,0.9565215725266701,0.01587301999999996,2,1,1,0.901742202945563,2.718547434664142,0
44b6_0113de3b,5,1658,1993,False,False,4.162823748671087,2.6012692214570947,3.25,2.03125,1.625,3.25,2,2.3460185169525083,0.11149748000000004,1.279162414700045,0.4354226000000001,1.3348316243239446,1.3003827,0.0034383999999998416,1.0013771043982025,0.26819000000000415,1.0041492459861716,0.031746059999999965,2,1,1,0.4416885833381093,4.604512332009197,0
44b6_0113de3b,5,1659,1975,False,False,2.569350598886808,2.569350598886808,0.0,2.4375,-0.8125,0.0,1,0.0,0.048457099999999975,1.1083906790517608,0.19264859999999984,1.1373616488822775,1.4024091,0.034628300000000056,1.0140426208386906,2.6818859999999987,1.0427348959178702,0.0,1,0,1,0.4343500376915613,3.0037006365783694,0
44b6_0113de3b,5,1660,1983,False,False,5.773897351442957,3.093907824257213,4.875,2.84375,-1.21875,4.875,1,0.0,0.07115925999999995,1.148334518562439,0.011063099999999881,0.9968441447971838,3.4976747,0.377135,0.8501501418933867,25.746093000000002,0.6144577467087677,0.04761905,0,0,0,2.8245928029272624,8.59849015437022,0
44b6_0113de3b,5,1661,1960,False,False,1.284675299443404,1.284675299443404,0.0,-1.21875,-0.40625,0.0,1,0.0,0.0069715500000000485,1.011122818182174,0.033513499999999974,0.9776648091040246,1.4674039,0.0072309999999999874,0.9970240969648748,0.5363770000000017,0.9911109460530889,0.0,2,4,2,0.08828419168344115,1.3729594911268452,0
44b6_0113de3b,5,1661,1964,False,False,2.1877232028983924,2.1877232028983924,0.0,2.03125,-0.8125,0.0,2,0.9030479034549883,0.014750900000000011,1.0238487029702443,0.14293,1.1079061814190416,1.3244739,0.014419399999999971,0.9940872793199342,1.0727540000000033,0.9823786916672494,0.0,2,4,2,0.19093384560336465,2.378657048501757,0
44b6_0113de3b,5,1661,1976,False,False,5.28125,2.03125,4.875,0.0,2.03125,4.875,3,3.9965747005565957,0.012605949999999977,0.9804542529559072,0.07791119999999996,0.9495761765598708,1.4674039,0.14236229999999983,1.0623363096196003,9.922972999999999,1.1989244767167182,0.047619059999999935,2,2,0,1.1542294925976697,6.43547949259767,0
44b6_0113de3b,5,1662,1966,False,False,3.72334275215162,3.350023320814349,1.625,3.25,0.8125,1.625,1,0.0,0.026264609999999966,1.0559080908865477,1.0615312000000001,1.5569349264309689,1.9059958,0.022647399999999873,1.0095657148391504,1.609131000000005,1.0289853242433018,0.015873010000000007,2,1,1,0.6967004651609008,4.420043217312521,0
44b6_0113de3b,5,1662,1926,False,False,5.343384490423649,4.241374519244911,3.25,-4.0625,-1.21875,3.25,2,1.620041738272029,0.08435204000000007,0.8546032821705295,0.05297760000000018,1.0181734501619697,2.9145494,0.022225800000000184,0.9907788354538137,1.6091299999999933,0.9726025885900544,0.03174603000000001,2,2,0,0.40896624916398805,5.752350739587637,0
44b6_0113de3b,5,1663,2018,False,False,2.6012692214570947,2.03125,1.625,0.0,2.03125,1.625,1,0.0,0.25785676,2.249225843297389,1.37548194,5.50257154291855,0.30547586,0.2116566000000002,1.114361556695173,10.191159999999996,1.3838377713255445,0.015873040000000005,1,1,0,2.0968140171793532,4.698083238636448,0
44b6_0113de3b,5,1664,1939,False,False,6.662995408410545,5.816614806956019,3.25,5.6875,1.21875,3.25,1,0.0,0.08589766999999998,0.8452252012780052,0.8840609000000001,0.7003738485441454,2.066509,0.04155560000000014,0.9833954747339618,3.2182650000000024,0.9510202159035548,0.03174600000000005,1,0,1,0.6988169061908628,7.361812314601408,0
44b6_0113de3b,5,1665,1959,False,False,6.9181882111576005,2.368824207280903,6.5,2.03125,1.21875,6.5,1,0.0,0.026596460000000044,0.9555833898839856,0.9608129999999999,0.6310941628038322,1.643698,0.2862958,1.1337981558213124,18.773193,1.457515974945633,0.06349205999999996,1,0,1,1.9728645829358094,8.89105279409341,0
44b6_0113de3b,5,1666,2010,False,False,1.6750116604071745,1.6750116604071745,0.0,1.625,-0.40625,0.0,1,0.0,0.20410635,2.0654509728482635,3.18145,4.802078795759805,0.8367533,0.5355265000000002,1.2721475961112603,33.791751000000005,2.0588229672468943,0.0,0,0,0,3.1583133214015193,4.833324981808694,0
44b6_0113de3b,5,1667,1986,False,False,6.563169608695177,4.394265616971737,4.875,3.65625,2.4375,4.875,1,0.0,0.034244,1.0922211907777732,1.1426525999999997,1.694085441368671,1.6462464,0.0,0.9999959493464149,0.0,0.9999998413310471,0.047619060000000046,2,1,1,0.7408696052084286,7.304039213903605,0
44b6_0113de3b,5,1668,1941,False,False,2.8726212985703494,2.8726212985703494,0.0,2.84375,-0.40625,0.0,1,0.0,0.05763879999999999,0.9086159731824702,0.4006349,0.8251172229317824,1.8902891,0.06471280000000013,0.9737830358141777,4.827392000000003,0.9234041179861063,0.0,2,2,0,0.6902402347709186,3.562861533341268,0
44b6_0113de3b,5,1669,1934,False,False,1.86167137607581,0.9084026158592896,1.625,0.8125,-0.40625,1.625,1,0.0,0.052148160000000054,0.9026899019637071,1.8010700000000002,0.5859168982474717,2.5484817,0.0,0.9999960581413119,0.0,0.9999998537756658,0.015873009999999993,1,0,1,1.1696517885295754,3.0313231646053853,0
44b6_0113de3b,5,1670,1982,False,False,2.1877232028983924,2.1877232028983924,0.0,0.8125,-2.03125,0.0,1,0.0,0.05802801000000002,1.14617795163299,0.7714492000000002,1.2598376248935643,2.968918,0.03360489999999983,1.0134204093255004,2.6818799999999925,1.0408160935826591,0.0,2,2,0,0.6190481080197481,2.8067713109181405,0
44b6_0113de3b,5,1670,1984,False,False,3.65625,3.2752922102462856,1.625,2.84375,-1.625,1.625,2,1.4685267971016076,0.04220172999999999,1.1022269366745965,0.21153719999999998,1.0599424173382754,3.52883,0.00998790000000005,1.0039486935384194,0.8045639999999992,1.011904591040305,0.01587301000000002,2,2,0,0.2092599248873119,3.865509924887312,0
44b6_0113de3b,5,1670,1977,False,False,5.3895152843275245,5.138701197773616,1.625,4.875,-1.625,1.625,3,3.201792081429132,0.056957959999999974,1.1430961415375311,0.6953750000000003,1.2283627249924485,3.0449922,0.0033205000000000595,1.0013066626017573,0.26818999999998994,1.0039368830362,0.01587301000000002,2,2,0,0.4363115020754268,5.825826786402951,0
44b6_0113de3b,5,1671,1968,False,False,5.6875,2.9295104113144914,4.875,2.4375,-1.625,4.875,1,0.0,0.033119850000000006,0.9315055337907701,0.30215670000000006,0.8608338637458515,1.8690993,0.06553359999999975,0.9739925318145447,5.095582000000007,0.9239998490613989,0.047619049999999996,1,2,1,0.8032759420547552,6.490775942054755,0
44b6_0113de3b,5,1672,1982,False,False,2.1877232028983924,1.4647552056572457,1.625,1.21875,-0.8125,1.625,1,0.0,0.04423903000000001,1.1114362420929995,0.40466270000000026,1.1362958953534745,2.968918,0.010175999999999963,1.0040610890701576,0.8045599999999951,1.012244660662869,0.015873019999999988,2,2,0,0.27774971141359545,2.465472914311988,0
44b6_0113de3b,5,1672,1984,False,False,4.614113030962723,3.2752922102462856,3.25,3.25,-0.40625,3.25,2,2.4263898280643303,0.028412749999999987,1.0688174228843992,0.15524929999999992,0.9560027374434659,3.3735807,0.013440999999999814,0.9946768481558965,1.0727559999999983,0.984126807508329,0.03174603000000001,2,2,0,0.2666461056283044,4.880759136591027,0
44b6_0113de3b,5,1672,1977,False,False,6.214430032191206,5.296851954227152,3.25,5.28125,-0.40625,3.25,3,4.026706829292814,0.04316897999999997,1.1084478445004085,0.3285885000000004,1.1079074754034661,3.0449922,0.020108399999999804,0.9920592173728461,1.6091300000000075,0.9763778209826557,0.03174603000000001,2,2,0,0.38365606937947255,6.598086101570678,0
44b6_0113de3b,5,1673,1965,False,False,3.374565944310468,2.9575446425202108,1.625,2.84375,0.8125,1.625,1,0.0,0.004534179999999999,1.0115292486215655,0.47106550000000036,0.8636705602404013,2.9843447,0.02842020000000023,0.9884675296312023,2.1455079999999995,0.9658118091888226,0.015872999999999915,2,2,0,0.4396433359470136,3.8142092802574816,0
44b6_0113de3b,5,1673,2006,False,False,4.162823748671087,2.6012692214570947,3.25,-1.625,2.03125,3.25,2,0.7882578043606192,0.11455901999999996,1.4056497094312113,1.7471858999999998,2.4122372791813045,1.2371588,0.014292500000000263,0.9941648718964481,1.0727539999999962,0.9826085349436218,0.03174599999999994,2,2,0,1.1341842682301397,5.297008016901227,0
44b6_0113de3b,5,1674,1969,False,False,1.4647552056572457,1.4647552056572457,0.0,1.21875,-0.8125,0.0,1,0.0,0.014380700000000024,1.0380200483151218,1.1050684999999998,1.2168680030654289,5.095525,0.01763439999999994,1.007190395507655,1.3409420000000054,1.0217389584484373,0.0,0,0,0,0.7464581223539904,2.2112133280112363,0
44b6_0113de3b,5,1675,1934,False,False,4.0827619710803615,3.7454399357752353,1.625,3.65625,-0.8125,1.625,1,0.0,0.10005670000000005,0.8133082074373732,1.7248509000000003,0.6034402960647736,2.6247008,0.04730269999999992,0.9813500022448886,3.754639999999995,0.9450978803759194,0.015873009999999993,1,0,1,1.1844353361098823,5.267197307190244,0
44b6_0113de3b,5,1676,1978,False,False,3.471001521535247,3.471001521535247,0.0,3.25,-1.21875,0.0,1,0.0,0.007620780000000049,0.9827762532420162,0.42607300000000015,0.8800640884718158,3.126506,0.0,0.999995326413122,0.0,0.999999756292806,0.0,0,0,0,0.28228714299624164,3.753288664531489,0
44b6_0113de3b,5,1677,1974,False,False,3.65625,1.6750116604071745,3.25,1.625,0.40625,3.25,1,0.0,0.01043556999999995,1.0191430479464443,0.09245239999999999,0.9398973132664299,1.4459447,0.031208499999999972,1.0126554078691297,2.4136959999999945,1.0384613680827974,0.03174603000000001,1,1,0,0.39084486785424083,4.04709486785424,0
44b6_0113de3b,5,1678,1974,False,False,1.86167137607581,0.9084026158592896,1.625,0.8125,-0.40625,1.625,1,0.0,0.034346600000000005,1.0630476012455798,0.1955384,0.8728890421787575,1.3428587,0.020892599999999817,1.0084708502129232,1.6091300000000004,1.0256408483163888,0.015873020000000015,2,1,1,0.3412711534607129,2.202942529536523,0
44b6_0113de3b,5,1678,1868,False,False,6.319766856854769,6.107276653713994,1.625,-0.40625,6.09375,1.625,2,4.458095480778959,0.1507539,0.7933932782469416,1.2235406,0.5232441684184982,1.3428587,0.06741729999999979,1.0278691581366233,5.095581000000003,1.0859726669949177,0.015873020000000015,2,1,1,1.212408436530807,7.532175293385576,0
44b6_0113de3b,5,1680,1885,False,False,2.4375,2.4375,0.0,2.4375,0.0,0.0,1,0.0,0.21568625999999996,0.66936524691042,2.5002866999999998,0.3769838032519082,1.5129163,0.12077479999999996,0.9405521900317101,5.900145999999996,0.832060843601545,0.0,0,0,0,1.8200977625804573,4.257597762580457,0
44b6_0113de3b,5,1681,1984,False,False,1.8168052317185792,0.8125,1.625,0.0,-0.8125,1.625,1,0.0,0.008406279999999988,0.979608076687169,0.8222713000000001,0.7669825495063534,2.7065587,0.0033468999999999305,0.9986715271410698,0.26818600000000004,0.9960316352927887,0.01587301000000002,2,2,0,0.5514417724718544,2.3682470041904335,0
44b6_0113de3b,5,1681,1982,False,False,2.368824207280903,2.368824207280903,0.0,-2.03125,-1.21875,0.0,2,0.5520189755623239,0.007420000000000038,1.0186696962133044,0.26235929999999996,0.9116282712143912,2.7065587,0.020270099999999847,1.0080934557023706,1.6091299999999933,1.024489625711063,0.0,2,2,0,0.34362564503960963,2.7124498523205127,0
44b6_0113de3b,5,1681,1977,False,False,2.7252078475778685,2.1877232028983924,1.625,2.03125,-0.8125,1.625,3,0.9084026158592893,0.006349949999999993,1.015930726623761,0.33843349999999983,0.8888527896630092,2.7065587,0.01001429999999992,0.9960433838034148,0.8045600000000093,0.9881889104913277,0.01587301000000002,2,2,0,0.27416107226324926,2.9993689198411175,0
44b6_0113de3b,5,1682,2018,False,False,2.8726212985703494,2.8726212985703494,0.0,2.84375,-0.40625,0.0,1,0.0,0.24924675999999998,2.20751178603799,1.64621814,6.388819436683583,0.30547586,0.6285185999999998,1.3396096223246854,37.278197,2.4040394084217085,0.0,2,1,1,3.0764686003664683,5.949089898936817,0
44b6_0113de3b,5,1683,1991,False,False,2.2980970388562794,2.2980970388562794,0.0,1.625,-1.625,0.0,1,0.0,0.00898454999999998,0.9800234710972139,0.6900920999999998,0.8046601144454439,2.8427253,0.0,0.9999960581413119,0.0,0.9999998537756658,0.0,1,1,0,0.46185916010815165,2.759956198964431,0
44b6_0113de3b,5,1684,1972,False,False,4.4502457797294745,4.1429533547941375,1.625,4.0625,-0.8125,1.625,1,0.0,0.046151869999999984,0.9089558132099843,1.0961797,0.5257733693677433,1.2153416,0.35327319999999984,1.1692581886040239,22.796020000000006,1.5985911110361866,0.015873010000000076,1,1,0,2.2978736345630404,6.748119414292515,0
44b6_0113de3b,5,1685,1888,False,False,2.03125,2.03125,0.0,0.0,-2.03125,0.0,1,0.0,0.24265563000000007,0.6327411410277016,1.3343378000000001,0.4750933374370807,1.207719,0.1265603999999998,0.9499105302082437,9.654785999999994,0.8571427176329088,0.0,2,1,1,1.6444807265726913,3.6757307265726915,0
44b6_0113de3b,5,1687,1987,False,False,1.8168052317185792,0.8125,1.625,-0.8125,0.0,1.625,1,0.0,0.020922529999999995,1.0623375258370602,1.7697082999999998,1.8891178045797874,1.990388,0.0786872999999999,1.0320062306081677,6.168332999999997,1.0991377221668421,0.015873029999999955,0,1,1,1.479795595204883,3.296600826923462,0
44b6_0113de3b,5,1687,1988,False,False,3.65625,1.6750116604071745,3.25,1.625,0.40625,3.25,2,1.8394447682814208,0.014750849999999982,0.9602289880840678,0.5939807999999998,1.1876017864737198,3.1661155,0.0,0.9999960581413119,0.0,0.9999998537756658,0.03174604999999997,0,1,1,0.43936756951000333,4.095617569510003,0
44b6_0113de3b,5,1688,1994,False,False,1.21875,1.21875,0.0,1.21875,0.0,0.0,1,0.0,0.039902209999999994,1.106320472555926,0.018848900000000057,1.0209339277108382,0.8999119,0.0804617000000003,1.033113132567858,6.168329999999997,1.1026783031592746,0.0,1,2,1,0.9409342917496115,2.1596842917496115,0
44b6_0113de3b,5,1688,2003,False,False,2.0714766773970688,2.0714766773970688,0.0,-2.03125,-0.40625,0.0,2,0.8527266773970688,0.09514700999999998,1.297338065597264,0.11989260000000002,0.8845606767312683,0.9187608,0.08408270000000018,1.034655149671473,6.4365199999999945,1.1076230761976549,0.0,1,3,2,1.0459456410535797,3.1174223184506484,0
44b6_0113de3b,5,1690,1980,False,False,3.25,0.0,3.25,0.0,0.0,3.25,1,0.0,0.029339139999999986,0.9154559176830498,2.0203264,0.6682419920793977,4.069453,0.03813319999999987,0.9821344363152177,2.1455100000000016,0.9473681370088698,0.031746030000000036,0,0,0,1.3428750801669795,4.59287508016698,0
44b6_0113de3b,5,1691,1985,False,False,2.0714766773970688,1.284675299443404,1.625,1.21875,-0.40625,1.625,1,0.0,0.025162130000000005,0.937742040726319,1.7197030000000004,0.6297220789907054,2.9246714,0.04808179999999984,0.9808918336287327,3.754638,0.9437749685754221,0.015873020000000015,0,0,0,1.2428776678124773,3.314354345209546,0
44b6_0113de3b,5,1692,1991,False,False,5.025034981221523,4.755034338729848,1.625,4.46875,-1.625,1.625,1,0.0,0.0525832,0.8831926466704823,1.4565883999999998,0.5876961325650951,2.076229,0.05420880000000006,0.9786277152163195,4.29101399999999,0.9372547872750321,0.015873040000000005,2,1,1,1.111679501918425,6.136714483139948,0
44b6_0113de3b,5,1693,1973,False,False,3.1729139308370784,2.7252078475778685,1.625,1.21875,-2.4375,1.625,1,0.0,0.04131267999999999,0.9148796465550946,0.7832722999999999,0.4797273398800297,0.7222404,0.11693909999999974,0.9520073062718665,8.313842999999999,0.8628317129843579,0.015873009999999965,1,1,0,1.0586051555462648,4.231519086383344,0
44b6_0113de3b,5,1694,1999,False,False,2.333728575156074,1.6750116604071745,1.625,1.625,0.40625,1.625,1,0.0,0.009957309999999997,1.0302199988060632,0.5686519999999999,1.5420163157165305,1.0491134,0.042882200000000203,1.0176986094279994,3.218263999999998,1.0540539169620669,0.015873020000000015,1,1,0,0.5659425902147418,2.899671165370816,0
44b6_0113de3b,5,1695,1992,False,False,2.632800908728193,2.0714766773970688,1.625,2.03125,-0.40625,1.625,1,0.0,0.01035448,0.9708945152518426,0.32283890000000004,0.7824844144178862,1.1614075,0.043262799999999935,0.9823710930380223,3.218262000000003,0.948051790408853,0.015873009999999965,2,2,0,0.4746700495241092,3.1074709582523026,0
44b6_0113de3b,5,1695,1973,False,False,6.563169608695177,6.358818311015027,1.625,-5.6875,2.84375,1.625,2,3.930368699966984,0.1397157,0.7121798254775143,0.3441052,0.7714314104994896,1.1614075,0.02542309999999981,0.9895629553467535,1.8773200000000045,0.9690263779906769,0.015873009999999965,2,1,1,0.5603265352287299,7.123496143923907,0
44b6_0113de3b,5,1696,1997,False,False,2.6012692214570947,2.03125,1.625,1.21875,-1.625,1.625,1,0.0,0.020938699999999977,0.9369477601596781,0.1712646000000002,0.952664219544125,3.4470158,0.013405300000000064,0.9946979803570789,1.0727550000000008,0.9841895622504345,0.01587301000000002,0,0,0,0.20095115440415304,2.8022203758612476,0
44b6_0113de3b,5,1697,2011,False,False,1.86167137607581,0.9084026158592896,1.625,0.40625,0.8125,1.625,1,0.0,0.011354299999999984,0.9701176000743412,0.50046577,3.3168730532553368,0.21599483,0.08841300000000007,1.0382380305833308,6.1683340000000015,1.1191707496153525,0.015872999999999915,3,5,2,0.7735530493053117,2.6352244253811214,0
44b6_0113de3b,5,1697,2012,False,False,3.040096626753827,2.569350598886808,1.625,2.4375,-0.8125,1.625,2,1.1784252506780173,0.03613008000000001,1.1085285460692442,0.37683092,2.1094726034366773,0.33962968,0.09642670000000031,1.0418493551345755,6.704710000000006,1.1308897917207186,0.015872999999999915,3,4,1,0.7515113031929654,3.7916079299467924,0
44b6_0113de3b,5,1698,2000,False,False,5.343384490423649,2.1877232028983924,4.875,2.03125,-0.8125,4.875,1,0.0,0.012213589999999996,1.039228654646921,0.40519570000000016,0.8655145354106996,2.6078017,0.02137650000000013,1.0087682238729685,1.6091309999999979,1.0265485053886443,0.047619049999999996,2,0,2,0.3962176905316122,5.739602180955261,0
44b6_0113de3b,5,1700,1986,False,False,4.241374519244911,2.7252078475778685,3.25,-1.21875,2.4375,3.25,1,0.0,0.08257405000000001,0.7775311260661576,1.1012303500000002,0.3310638913841124,0.54501605,0.16483810000000032,0.933225745273677,11.800292000000006,0.8127658438803493,0.03174606000000002,2,1,1,1.5165915776299843,5.757966096874895,0
44b6_0113de3b,5,1701,2011,False,False,3.300390601883359,2.8726212985703494,1.625,2.03125,-2.03125,1.625,1,0.0,0.022751819999999978,1.0597995618099967,0.40969627,2.89665328316964,0.21599483,0.1427372,1.0617355410865374,10.191161999999998,1.1968909582706744,0.015872999999999915,3,5,2,1.2496266335045343,4.550017235387893,0
44b6_0113de3b,5,1701,2012,False,False,5.701990469344894,5.465534769123694,1.625,4.0625,-3.65625,1.625,2,2.401599867461535,0.07023619999999997,1.2110058278378109,0.28606141999999996,1.8422202611897407,0.33962968,0.15075090000000024,1.0654285975085804,10.727538000000003,1.2094238229299112,0.015872999999999915,3,4,1,1.2864873287258063,6.988477798070701,0
44b6_0113de3b,5,1702,2011,False,False,3.6336104634371584,3.25,1.625,0.0,-3.25,1.625,1,0.0,0.05425587999999998,0.8573079971069215,0.64552522,3.988429564283354,0.21599483,0.08098170000000016,1.0350236795242729,5.631957999999997,1.1088080757357566,0.015872999999999915,2,5,3,0.8554578982135633,4.489068361650721,0
44b6_0113de3b,5,1702,2012,False,False,5.525597394173774,5.28125,1.625,2.03125,-4.875,1.625,2,1.8919869307366155,0.006771499999999986,0.9796239007452758,0.5218903699999999,2.536570668067995,0.33962968,0.08899540000000039,1.038623823532565,6.1683340000000015,1.120418608383061,0.015872999999999915,2,4,2,0.7583413537901885,6.283938747963963,0
44b6_0113de3b,5,1703,1989,False,False,2.2980970388562794,2.2980970388562794,0.0,1.625,1.625,0.0,1,0.0,0.0029723399999999622,0.9921660696361742,0.33916612999999995,0.44712562110035786,0.27430162,0.10381240000000025,0.9568792227076023,7.241088000000005,0.8761466541970048,0.0,3,3,0,0.8382962357523921,3.1363932746086713,0
44b6_0113de3b,5,1704,2007,False,False,4.823951472859154,4.5420130792964475,1.625,4.46875,-0.8125,1.625,1,0.0,0.005842020000000003,1.0233544088263344,0.9708064999999999,1.7634655863185968,1.2715555,0.11134979999999972,1.0467488183242932,8.313840000000006,1.1469191758361965,0.015873000000000026,1,1,0,1.296994413243252,6.1209458861024055,0
44b6_0113de3b,5,1705,2000,False,False,5.202538442914189,1.8168052317185792,4.875,-1.625,-0.8125,4.875,1,0.0,0.0015743400000000074,0.9949071112104468,1.0116634000000002,0.664231359006951,2.001334,0.3694687000000001,0.8483761047483995,23.600586,0.6106193691579325,0.047619049999999996,1,0,1,2.1185912630691277,7.321129705983317,0
44b6_0113de3b,5,1706,2005,False,False,1.6750116604071745,1.6750116604071745,0.0,1.625,-0.40625,0.0,1,0.0,0.020374000000000003,0.932950577529924,0.027720999999999885,1.0189237183826192,1.4643428,0.0,0.9999959776733519,0.0,0.9999998446366489,0.0,1,1,0,0.09632115255884727,1.7713328129660217,0
44b6_0113de3b,5,1707,2008,False,False,1.8168052317185792,0.8125,1.625,0.0,0.8125,1.625,1,0.0,0.03408678000000001,0.8408033717761797,0.06922770000000078,0.9873431838953153,5.4011507,0.014266300000000065,0.9932836596793292,0.8045639999999992,0.9799997911916691,0.015873040000000005,0,0,0,0.13840223692773235,1.9552074686463117,0
44b6_0113de3b,5,1708,2005,False,False,3.7454399357752353,3.7454399357752353,0.0,3.65625,-0.8125,0.0,1,0.0,0.018339309999999998,0.9396433164136387,0.17073939999999999,0.8833959958283277,1.2936034,0.020892599999999817,0.9915922915005865,1.6091300000000004,0.9749998617266175,0.0,1,1,0,0.2561293763103115,4.001569312085547,0
44b6_0113de3b,5,1709,2009,False,False,2.03125,2.03125,0.0,2.03125,0.0,0.0,1,0.0,0.0005944399999999739,0.998027078996842,0.0002283000000000146,0.9993935345129252,0.3926942,0.008013700000000235,1.003473979960843,0.5363760000000042,1.0104709881167055,0.0,3,4,1,0.054480314239563,2.085730314239563,0
44b6_0113de3b,5,1709,2015,False,False,4.908737426772795,4.631962664465248,-1.625,2.84375,-3.65625,1.625,2,2.8774874267727952,0.00507458999999999,1.016842720881317,0.22472417,2.3377433615174374,0.16797003,0.03239510000000001,1.014206995259831,2.1455059999999975,1.0432429948434823,0.015873040000000005,3,2,1,0.23743473791524605,5.146172164688041,0
44b6_0113de3b,5,1710,2015,False,False,2.368824207280903,2.368824207280903,0.0,2.03125,-1.21875,0.0,1,0.0,0.009146659999999973,1.0303847328544846,0.10736323000000003,1.6390832886504427,0.16797003,0.020724100000000245,0.9909041732025881,1.3409440000000004,0.9729727452731922,0.0,3,2,1,0.15350876748528836,2.5223329747661913,0
44b6_0113de3b,5,1710,2009,False,False,3.1729139308370784,2.7252078475778685,1.625,1.21875,2.4375,1.625,2,0.8040897235561753,0.0034776300000000093,1.0113185097911803,0.11758923999999998,0.700713888517748,0.27533326,0.04510550000000002,0.9804177639187616,2.9500739999999936,0.9424081792893606,0.015873040000000005,3,4,1,0.2841507344054328,3.457064665242511,0
44b6_0113de3b,5,1711,1990,False,False,2.9295104113144914,2.9295104113144914,0.0,2.4375,-1.625,0.0,1,0.0,0.07419203999999996,0.8193952838833367,0.48961579,0.23723833441941178,0.15228611,0.14986480000000002,0.9187418230038126,5.9001459999999994,0.7755099214381596,0.0,1,2,1,2.1105833718245557,5.0400937831390475,0
44b6_0113de3b,5,1712,2021,False,False,2.0714766773970688,2.0714766773970688,0.0,2.03125,0.40625,0.0,1,0.0,0.02037491999999999,1.09724695255075,0.27351767,1.6217143149400466,0.439915,0.07060080000000002,1.0377654976953623,3.2182609999999983,1.1176466223009964,0.0,0,1,1,0.7459204644612178,2.8173971418582866,0
44b6_0113de3b,5,1713,1904,False,False,5.28125,5.28125,0.0,5.28125,0.0,0.0,1,0.0,0.22337451999999997,0.4678469372183104,7.0218376000000005,0.2766680518296822,2.6857944,0.020298700000000114,0.9886298590169029,0.8045649999999966,0.9662917474136933,0.0,1,0,1,4.545502413770934,9.826752413770933,0
44b6_0113de3b,5,1714,1979,False,False,3.7454399357752353,3.7454399357752353,0.0,3.65625,-0.8125,0.0,1,0.0,0.18790403,0.5958144256074236,2.99693824,0.023877711945474306,0.07331076,0.5437246,0.7330624492988389,21.455079,0.3939392766679029,0.0,2,1,1,7.772437268545066,11.517877204320301,0
44b6_0113de3b,5,1714,2025,False,False,5.6438053707139835,5.6438053707139835,0.0,-4.875,-2.84375,0.0,2,1.8983654349387482,0.02623907000000003,1.1045911771522343,0.20741448,-0.5467128512804328,-0.13410372,0.009633800000000026,1.0064868885825422,0.26818899999999957,1.0196071363867198,0.0,2,2,0,0.24557606487326092,5.889381435587245,0
44b6_0113de3b,5,1715,1971,False,False,4.89189779763437,4.89189779763437,0.0,4.875,0.40625,0.0,1,0.0,0.19875636,0.5391856338090601,2.3907758300000004,0.09969548454014945,0.26474437,0.35575109999999976,0.8283274139705905,16.09131,0.5683451539116282,0.0,0,0,0,3.983441683237126,8.875339480871496,0
44b6_0113de3b,5,1717,1904,False,False,4.596194077712559,3.25,3.25,3.25,0.0,3.25,1,0.0,0.24347597999999998,0.4199606579659091,7.029881400000001,0.27583944690172957,2.6777506,0.2610283999999998,1.1461352034932024,12.068482,1.5056173787487457,0.03174602999999998,1,0,1,5.321816914064799,9.918010991777358,0
44b6_0113de3b,5,1718,1943,False,False,4.908737426772795,4.631962664465248,1.625,-4.46875,1.21875,1.625,1,0.0,0.2908893800000001,0.42777445885819415,2.2120244199999997,0.06162232031481826,0.14526208,0.7543392999999998,0.7006768712662942,43.982911,0.34399994451664073,0.015873020000000015,0,2,2,3.797507698388439,8.706245125161235,0
44b6_0113de3b,5,1719,2020,False,False,3.6336104634371584,3.6336104634371584,0.0,3.25,-1.625,0.0,1,0.0,0.013505219999999984,0.9554872008765536,0.19668576,0.7167835769522233,0.49781114,0.04275740000000017,0.9826764077864255,3.218262000000003,0.9489360151898231,0.0,1,0,1,0.46626173512383023,4.0998721985609885,0
44b6_0113de3b,5,1720,2017,False,False,1.8168052317185792,1.8168052317185792,0.0,1.625,-0.8125,0.0,1,0.0,0.01971465,0.9337154549737646,0.95796367,0.26293683733661444,0.34174353,0.1704842000000002,0.9306422985720776,12.068481999999996,0.8060343456610882,0.0,2,0,2,1.5135667625892124,3.3303719943077916,0
44b6_0113de3b,5,1721,2017,False,False,2.9295104113144914,2.4375,1.625,2.4375,0.0,1.625,1,0.0,0.024375829999999987,0.9180515929744193,0.90397602,0.30447483498718025,0.39573118,0.1623572000000002,0.9339483936738742,11.532105000000001,0.8146550346234989,0.015873020000000015,2,0,2,1.4525062273966565,4.382016638711148,0
44b6_0113de3b,5,1722,2022,False,False,3.093907824257213,3.093907824257213,0.0,2.84375,-1.21875,0.0,1,0.0,0.008076619999999979,0.9667967758799001,0.040971250000000015,1.1049090346563182,0.3904354,0.052372500000000155,1.0230124050102418,3.486449999999998,1.0706519525423082,0.0,0,1,1,0.35165442903972693,3.4455622532969397,0
44b6_0113de3b,5,1722,1857,False,False,3.2752922102462856,3.2752922102462856,0.0,-0.40625,3.25,0.0,2,0.1813843859890727,0.5637618799999999,0.29461018011609863,1.52149285,0.22090457852757642,0.43140665,0.06138589999999988,0.9743023242965231,4.291016000000006,0.9248824612831039,0.0,0,4,4,2.147258437320185,5.422550647566471,0
44b6_0113de3b,5,1722,1808,False,False,6.550584420492571,6.550584420492571,0.0,-0.8125,6.5,0.0,3,3.4566765962353583,0.6440391400000001,0.26771969484524005,1.85831555,0.1884092165887347,0.43140665,0.10182529999999979,0.9580855868926627,7.24109,0.8794641229691998,0.0,0,3,3,2.4899652483150154,9.040549668807586,0
44b6_0113de3b,5,1723,2020,False,False,3.2752922102462856,2.84375,1.625,2.84375,0.0,1.625,1,0.0,0.008692780000000011,0.9713371222994854,0.31309025999999995,0.5491761708918947,0.38140664,0.06471280000000013,0.9737830358141777,4.827392000000003,0.9234041179861063,0.015873000000000026,1,0,1,0.6911557997922195,3.966448010038505,0
44b6_0113de3b,5,1725,2024,False,False,4.614113030962723,3.2752922102462856,3.25,3.25,-0.40625,3.25,1,0.0,0.018863489999999983,0.8908669397052171,0.2854443,1.2306070011919188,1.2377421,0.01805089999999998,0.9925992032287829,1.3409440000000004,0.9779733810101429,0.03174599999999994,0,0,0,0.31133803336867105,4.925451064331394,0
44b6_0113de3b,5,1726,2001,False,False,3.25,3.25,0.0,3.25,0.0,0.0,1,0.0,0.10476578,0.6504469941467698,0.74947516,0.35646844872767985,0.41515884,0.12284039999999985,0.9390668050823625,5.9001459999999994,0.8281247728721645,0.0,1,1,0,1.1825484266670012,4.432548426667001,0
44b6_0113de3b,5,1727,1996,False,False,2.03125,2.03125,0.0,0.0,-2.03125,0.0,1,0.0,0.15931375999999997,0.4731708362299657,3.0916525,0.37539458784573476,1.8581225,0.009663100000000036,0.995408067523733,0.5363779999999991,0.9863010913810177,0.0,0,0,0,1.949291753181632,3.9805417531816323,0
44b6_0113de3b,6,1728,2026,False,False,1.7235727791422095,1.7235727791422095,0.0,1.21875,1.21875,0.0,1,0.0,0.031722100000000086,1.0284386366069886,0.040344700000000344,0.9921323056754251,5.08881,0.0,0.999995326413122,0.0,0.999999756292806,0.0,0,0,0,0.14887666778127018,1.8724494469234796,0
44b6_0113de3b,6,1728,2270,False,False,6.700046641628698,6.700046641628698,0.0,-1.625,-6.5,0.0,2,4.976473862486489,0.7076208,2.611108189181651,4.257248,6.119506188279547,0.831562,0.31427289999999997,1.1721600496282674,15.554932,1.6105257043207815,0.0,0,2,2,3.886291450448674,10.586338092077373,0
44b6_0113de3b,6,1729,2038,False,False,1.7235727791422095,0.5745242597140698,1.625,-0.40625,-0.40625,1.625,1,0.0,0.2159397999999999,1.1907196894921945,3.7256180000000003,2.0326577019812153,3.607776,0.030203600000000108,1.0120452997675362,2.41369499999999,1.0365851893254008,0.01587301000000002,2,2,0,2.333072454268578,4.056645233410787,0
44b6_0113de3b,6,1729,2030,False,False,2.333728575156074,1.6750116604071745,1.625,1.625,0.40625,1.625,2,0.6101557960138646,0.009306100000000095,0.9931369573384998,0.18528279999999953,0.9753556964229446,7.333394,0.0,0.9999960581413119,0.0,0.9999998537756658,0.01587301000000002,2,2,0,0.11735891031936585,2.45108748547544,0
44b6_0113de3b,6,1729,2037,False,False,4.182599744775969,3.8540258983302125,1.625,3.65625,1.21875,1.625,3,2.4590269656337593,0.21075169999999988,1.185288246011288,3.8868703,2.1277592614283733,3.4465237,0.023428899999999864,1.0093174492670498,1.8773199999999974,1.0282256627688005,0.01587301000000002,2,3,1,2.4365358691470194,6.619135613922988,0
44b6_0113de3b,6,1730,2179,False,False,2.4375,1.8168052317185792,1.625,1.625,0.8125,1.625,1,0.0,0.2074509000000001,1.2356820428536357,2.2014597,1.450485323849359,4.88683,0.17621490000000017,0.9239064862540859,10.995727000000002,0.7886596507526805,0.015873017,0,0,0,1.8827815346221017,4.320281534622102,0
44b6_0113de3b,6,1731,2048,False,False,2.03125,1.21875,1.625,0.0,1.21875,1.625,1,0.0,0.18944715,1.264119795410041,0.2260610000000014,0.9753549274828461,8.947,0.02388520000000005,1.0113598288793502,1.3409400000000034,1.0344824305288045,0.015873020000000015,0,1,1,0.8733084276296621,2.904558427629662,0
44b6_0113de3b,6,1732,2033,False,False,2.1877232028983924,1.4647552056572457,1.625,0.8125,1.21875,1.625,1,0.0,0.003358789999999945,0.9965767993901955,0.04545969999999944,1.01109386661833,4.0968213,0.0034383999999998416,0.9986167724958985,0.26819000000000415,0.995867591594786,0.015872999999999915,1,1,0,0.05931797651986114,2.2470411794182534,0
44b6_0113de3b,6,1732,2041,False,False,3.65625,3.2752922102462856,1.625,3.25,-0.40625,1.625,2,1.4685267971016076,0.0949578499999999,0.9117156627787336,1.2750745000000006,0.764630150946987,4.142281,0.03731479999999987,0.9852289362909231,2.9500759999999957,0.956349023976353,0.015872999999999915,1,1,0,0.880678465729292,4.536928465729292,0
44b6_0113de3b,6,1733,2039,False,False,0.40625,0.40625,0.0,0.0,0.40625,0.0,1,0.0,0.044458099999999945,0.959681127286598,0.3120814999999997,1.0783079079139362,3.985175,0.004671800000000115,1.0021835001988748,0.2681869999999975,1.0065786639702132,0.0,0,0,0,0.34231267754630107,0.748562677546301,0
44b6_0113de3b,6,1734,2186,False,False,3.447145558284419,1.1490485194281397,3.25,0.8125,0.8125,3.25,1,0.0,0.11526415999999995,1.1441681419444927,0.8405193,1.2166828087772554,3.8789747,0.32905320000000016,0.8667078969192915,21.991455000000002,0.6510637277664733,0.031746034,0,0,0,2.4201526988005146,5.867298257084934,0
44b6_0113de3b,6,1735,2029,False,False,3.72334275215162,1.8168052317185792,3.25,0.8125,1.625,3.25,1,0.0,0.05123759999999988,0.9578751995370576,0.41091999999999995,0.9242535398608536,5.014142,0.003303000000000278,0.9986974585934942,0.26819000000000415,0.9961087828774838,0.03174603999999992,1,0,1,0.2750918737355311,3.998434625887151,0
44b6_0113de3b,6,1735,2201,False,False,6.90625,6.09375,-3.25,-4.875,3.65625,3.25,2,3.18290724784838,0.5184556000000001,1.8014645228551893,3.7653749999999997,4.015242112883245,1.248767,0.15852599999999972,1.0665569336885252,12.068480000000001,1.2132698967869033,0.03174606000000002,1,3,2,2.9181081607005295,9.82435816070053,0
44b6_0113de3b,6,1736,2027,False,False,1.7235727791422095,1.7235727791422095,0.0,1.21875,1.21875,0.0,1,0.0,0.0504083999999998,0.9550654806381511,1.2810977000000001,0.8047078137152096,5.278846,0.004671800000000115,0.9978119200954981,0.2681869999999975,0.9934638461718243,0.0,1,0,1,0.8165818466567126,2.5401546257989223,0
44b6_0113de3b,6,1737,2041,False,False,2.0714766773970688,1.284675299443404,1.625,-0.40625,1.21875,1.625,1,0.0,0.09644396999999993,0.9103341308262753,1.4084605000000003,0.7400082198625881,4.008895,0.03387640000000003,0.9865896622816126,2.6818859999999916,0.9603172999045063,0.015872999999999915,1,1,0,0.936966222549031,3.0084428999460995,0
44b6_0113de3b,6,1737,2033,False,False,4.33756303988772,4.021669817998489,1.625,-2.84375,2.84375,1.625,2,2.2660863624906513,0.00484490999999998,0.9950666765003023,0.08792630000000035,0.978535533059416,4.008895,0.0,0.9999959887846418,0.0,0.9999998459206411,0.015872999999999915,1,1,0,0.055526884585587986,4.393089924473308,0
44b6_0113de3b,6,1738,2034,False,False,4.487177913232324,3.093907824257213,3.25,1.21875,2.84375,3.25,1,0.0,0.023135489999999925,0.9758006055606889,2.2089505000000003,0.6957015805410286,5.050231,0.06813689999999983,0.9731374550169869,5.363767999999993,0.921568513338657,0.03174603999999992,0,0,0,1.6560866107327679,6.143264523965092,0
44b6_0113de3b,6,1739,2036,False,False,2.368824207280903,1.7235727791422095,1.625,1.21875,1.21875,1.625,1,0.0,0.0004622000000000792,0.9996105885926208,0.03025149999999943,1.0066283716003444,4.5624228,0.0,0.9999960683929776,0.0,0.9999998549136047,0.015873009999999965,1,0,1,0.02175553768646877,2.390579744967372,0
44b6_0113de3b,6,1740,2180,False,False,1.625,0.0,1.625,0.0,0.0,1.625,1,0.0,0.20054925,1.2760248962889764,2.008636,0.7116478080430906,4.9573007,0.0,0.999995326413122,0.0,0.999999756292806,0.015873029999999955,0,0,0,1.9032567473891229,3.528256747389123,0
44b6_0113de3b,6,1741,2030,False,False,1.8168052317185792,0.8125,1.625,-0.8125,0.0,1.625,1,0.0,0.25325050000000005,0.8134264750300199,4.2418783,0.43582058771220533,3.2767985,0.026811599999999824,0.9894273043012025,2.1455100000000016,0.9686272766580486,0.01587301000000002,2,2,0,2.6516119847209603,4.46841721643954,0
44b6_0113de3b,6,1741,2037,False,False,2.1877232028983924,1.4647552056572457,1.625,1.21875,0.8125,1.625,2,0.3709179711798132,0.033192700000000075,0.9708075333650672,0.16972520000000024,0.950751910535504,3.2767985,0.0033826999999999607,0.9986501795503495,0.26819000000000415,0.995967569152355,0.01587301000000002,2,3,1,0.14177709457466256,2.329500297473055,0
44b6_0113de3b,6,1741,2038,False,False,3.374565944310468,2.9575446425202108,1.625,-2.84375,-0.8125,1.625,3,1.5577607125918889,0.028004600000000046,0.975256144296674,0.3309774999999999,0.9082574465336913,3.2767985,0.0033920000000002837,1.0013491999567394,0.26818499999998835,1.0040648357790427,0.01587301000000002,2,2,0,0.2210875347841892,3.5956534790946573,0
44b6_0113de3b,6,1742,2028,False,False,2.471122277933652,2.471122277933652,0.0,2.4375,-0.40625,0.0,1,0.0,0.36821880000000007,0.6874012965294835,6.6350874,0.5041899333427339,6.7472396,0.10323359999999981,0.9516426227782097,5.6319600000000065,0.8618418502693262,0.0,0,0,0,4.151818643507158,6.62294092144081,0
44b6_0113de3b,6,1742,2319,False,False,5.296851954227152,5.296851954227152,0.0,-4.46875,2.84375,0.0,2,2.8257296762935,0.47608026000000003,2.4268080564635297,6.4587108,23.38416739793747,0.2885288,0.05853940000000013,1.0296615808502507,2.950072999999996,1.0916663204653863,0.0,0,1,1,4.052667079357102,9.349519033584254,0
44b6_0113de3b,6,1743,2047,False,False,0.40625,0.40625,0.0,-0.40625,0.0,0.0,1,0.0,0.07945570000000002,0.9339773006545797,1.2868765,1.2715580821072563,4.738816,0.023616999999999777,1.0094304672121985,1.8773159999999933,1.0285712198500627,0.0,1,0,1,1.1060174130942628,1.5122674130942628,0
44b6_0113de3b,6,1744,2042,False,False,1.6750116604071745,0.40625,1.625,0.0,-0.40625,1.625,1,0.0,0.05662289999999992,0.939904856527672,0.6396604000000004,0.8883522731338703,5.089693,0.006886699999999912,1.0027660333660844,0.5363760000000042,1.0083331619157694,0.015873000000000026,1,0,1,0.4291319912089534,2.104143651616128,0
44b6_0113de3b,6,1745,2046,False,False,3.6336104634371584,1.625,3.25,-1.625,0.0,3.25,1,0.0,0.32104659999999985,1.2637738764144184,2.5175717000000004,1.967924405707058,2.60098,0.0269550999999999,1.0107639633193295,2.145505,1.0326528596468612,0.03174605000000008,3,2,1,1.6967468965681334,5.330357360005292,0
44b6_0113de3b,6,1745,2035,False,False,3.65625,1.6750116604071745,3.25,0.40625,1.625,3.25,2,0.022639536562841567,0.03461700000000012,0.9779832037283902,0.7101002999999997,0.8781692436445964,5.1185517,0.009961699999999851,0.9960744216309813,0.8045649999999966,0.988281112312264,0.03174605000000008,3,2,1,0.45548065376932473,4.111730653769325,0
44b6_0113de3b,6,1745,2040,False,False,6.410516871711672,6.20113711850496,1.625,5.28125,-3.25,1.625,3,2.7769064082745136,0.4764130999999998,1.4487072295739463,0.3304227000000006,1.0690064970962625,4.788129,0.016779099999999936,1.0066717582168285,1.340945000000005,1.020161176952598,0.015873010000000076,3,0,3,1.9385515705981182,8.34906844230979,0
44b6_0113de3b,6,1746,2104,False,False,2.333728575156074,1.6750116604071745,1.625,1.625,-0.40625,1.625,1,0.0,0.05834879999999987,0.9467355553046628,0.014800500000000216,0.9938183630075281,2.3810759,0.04214569999999984,1.0172406244639884,3.2182609999999983,1.0526313947492716,0.015873020000000015,3,3,0,0.5705874391708906,2.9043160143269646,0
44b6_0113de3b,6,1746,2072,False,False,4.0625,2.4375,3.25,0.0,-2.4375,3.25,2,1.7287714248439259,0.3287207999999999,0.7593504667263098,1.2377836000000002,0.657961250053366,2.3810759,0.017385899999999843,1.0070383751629475,1.3409419999999983,1.0212764276231094,0.03174602999999998,3,2,1,1.3613232910635689,5.423823291063568,0
44b6_0113de3b,6,1746,2083,False,False,5.745242597140699,5.745242597140699,0.0,-0.8125,-5.6875,0.0,3,3.4115140219846247,0.1674852,0.8609743479115798,0.4583222,0.838581780477417,2.3810759,0.03147309999999992,1.0128177530142584,2.4136960000000016,1.0389608666437198,0.0,3,2,1,0.8002543150650622,6.545496912205761,0
44b6_0113de3b,6,1747,2062,False,False,2.0714766773970688,1.284675299443404,1.625,0.40625,1.21875,1.625,1,0.0,0.14043720000000004,1.13657273501424,3.555713000000001,1.750966770957546,4.734824,0.04398219999999986,1.0176625568832807,3.486450000000005,1.053941745007189,0.015873040000000005,0,1,1,2.282348996302681,4.35382567369975,0
44b6_0113de3b,6,1747,2055,False,False,3.65625,3.2752922102462856,1.625,2.84375,1.625,1.625,2,1.5847733226029312,0.10567979999999988,1.0994090012212832,4.217545,2.0354856196977074,4.072992,0.05435560000000006,1.0219206354699677,4.291013000000007,1.0672266828737538,0.015873040000000005,0,2,2,2.773574067479017,6.429824067479017,0
44b6_0113de3b,6,1748,2059,False,False,2.1877232028983924,1.4647552056572457,1.625,0.8125,1.21875,1.625,1,0.0,0.030333949999999943,1.0324643158512068,0.3377528000000005,1.0882539589962974,3.8269322,0.030203600000000108,1.0120452997675362,2.41369499999999,1.0365851893254008,0.015873030000000066,0,0,0,0.43608801568219335,2.6238112185805855,0
44b6_0113de3b,6,1749,2045,False,False,1.9902104160113323,1.1490485194281397,1.625,0.8125,0.8125,1.625,1,0.0,0.007976499999999831,0.9930570225654374,0.15744120000000006,1.0319155455782367,4.9327335,0.0,0.9999960581413119,0.0,0.9999998537756658,0.015873040000000005,3,2,1,0.12642406003126583,2.116634476042598,0
44b6_0113de3b,6,1749,2088,False,False,3.832554834897995,3.471001521535247,1.625,3.25,1.21875,1.625,2,1.842344418886663,0.14998100000000003,1.1511284169814526,2.4416063000000006,1.921851624252467,2.6485684,0.05767610000000012,1.0232599797789463,4.559202999999997,1.071428386783052,0.015873040000000005,3,3,0,1.6217857797843374,5.454340614682333,0
44b6_0113de3b,6,1750,2032,False,False,1.284675299443404,1.284675299443404,0.0,-0.40625,1.21875,0.0,1,0.0,0.20745740000000001,0.7711176838544764,2.6727771999999987,1.472636348497758,5.6550083,0.05534740000000005,0.9734767356185744,2.9500740000000008,0.92253494979121,0.0,0,0,0,2.3733850990321383,3.658060398475542,0
44b6_0113de3b,6,1751,2058,False,False,1.9902104160113323,1.1490485194281397,1.625,0.8125,0.8125,1.625,1,0.0,0.0659704000000001,0.9376454426825412,4.046416399999999,1.6354468408822207,6.3678026,0.07495549999999973,0.9704881870470756,5.9001459999999994,0.9140623739189988,0.01587302,0,0,0,3.140950608716168,5.131161024727501,0
44b6_0113de3b,6,1752,2044,False,False,3.72334275215162,1.8168052317185792,3.25,0.8125,1.625,3.25,1,0.0,0.040453300000000025,1.03825372560318,0.9075810999999998,0.8141045938183438,3.9746764,0.0,0.9999960632807153,0.0,0.9999998543468578,0.03174602999999998,3,1,2,0.7143907206512199,4.43773347280284,0
44b6_0113de3b,6,1753,2050,False,False,0.5745242597140698,0.5745242597140698,0.0,-0.40625,-0.40625,0.0,1,0.0,0.14573609999999992,0.8918580391583059,0.4359941000000003,0.9205902384647251,5.0545564,0.0033118999999999232,0.9986922612208506,0.26819000000000415,0.9960935827264694,0.0,1,1,0,0.5644097099590863,1.1389339696731562,0
44b6_0113de3b,6,1753,2066,False,False,2.2980970388562794,2.2980970388562794,0.0,1.625,1.625,0.0,2,1.7235727791422095,0.12219509999999989,1.1131554951656706,2.4338734,1.9287098488834822,2.620683,0.05420880000000006,1.0218308910322393,4.29101399999999,1.0669454147784883,0.0,1,1,0,1.616597206531712,3.9146942453879916,0
44b6_0113de3b,6,1754,2043,False,False,0.9084026158592896,0.9084026158592896,0.0,0.8125,-0.40625,0.0,1,0.0,0.11031659999999999,0.8936684978325843,2.7203897,0.6641398923430208,5.3794003,0.04065289999999999,0.9839291335610734,3.2182650000000024,0.9525689815118104,0.0,1,0,1,1.758460933345215,2.6668635492045047,0
44b6_0113de3b,6,1755,2092,False,False,1.6750116604071745,1.6750116604071745,0.0,1.625,-0.40625,0.0,1,0.0,0.06630729999999996,1.0713823455936446,0.13253499999999985,1.0380948805568473,3.4788039,0.048214699999999944,1.0195538291811796,3.754635999999998,1.0598288479111373,0.0,2,2,0,0.6192738977691072,2.2942855581762815,0
44b6_0113de3b,6,1755,2096,False,False,2.0714766773970688,1.284675299443404,1.625,0.40625,1.21875,1.625,2,0.3964650169898942,0.13027458999999997,1.1506304313605902,0.7926238999999997,1.2811958953072753,2.818715,0.06234239999999991,1.025430347072318,4.827390000000001,1.0782606524676994,0.015873000000000026,2,2,0,0.8817070429214299,2.9531837203184987,0
44b6_0113de3b,6,1756,2056,False,False,1.9902104160113323,1.1490485194281397,1.625,0.8125,0.8125,1.625,1,0.0,0.02290049999999999,0.9803835426052279,0.5137562999999998,1.1195619683381337,4.296894,0.0033118999999999232,0.9986922612208506,0.26819000000000415,0.9960935827264694,0.015873029999999982,0,0,0,0.40946130737341146,2.3996717233847438,0
44b6_0113de3b,6,1757,2040,False,False,1.1490485194281397,1.1490485194281397,0.0,-0.8125,0.8125,0.0,1,0.0,0.0523266,0.9507060075987754,1.0013893999999994,0.7908583272123054,3.7867396,0.048214699999999944,0.9808133090935653,3.754635999999998,0.9435482835481482,0.0,3,0,3,0.8140273908620161,1.9630759102901558,0
44b6_0113de3b,6,1758,2049,False,False,2.333728575156074,1.6750116604071745,1.625,1.625,0.40625,1.625,1,0.0,0.005760970000000087,1.0065263497554107,0.3059143999999998,1.0705024746727134,4.3389072,0.010490299999999841,0.995758690094724,0.8045660000000012,0.9873416080507634,0.015873020000000015,0,0,0,0.2478893192598163,2.5816178944158903,0
44b6_0113de3b,6,1759,2043,False,False,2.0714766773970688,2.0714766773970688,0.0,2.03125,0.40625,0.0,1,0.0,0.06179459999999992,0.9404334407218544,1.9320215000000003,0.7614717030050124,6.1677685,0.03378529999999991,0.9866433591169479,2.6818850000000083,0.9604741635415296,0.0,2,0,2,1.2801058161543242,3.351582493551393,0
44b6_0113de3b,6,1760,2077,False,False,2.8726212985703494,2.368824207280903,1.625,1.21875,2.03125,1.625,1,0.0,0.000343200000000099,1.0004278712672503,0.7576428000000002,1.205233098244699,3.6915622,0.05144639999999967,1.0208351038065042,4.022828000000004,1.063829631941025,0.01587303000000001,0,1,1,0.7981438672927411,3.6707651658630907,0
44b6_0113de3b,6,1761,2057,False,False,2.6012692214570947,2.03125,1.625,1.21875,1.625,1.625,1,0.0,0.007522640000000025,1.0089186440836522,0.24187000000000047,1.0438286470604419,5.5182986,0.016823699999999775,1.0066985179294523,1.3409460000000024,1.0202428167027362,0.015873040000000005,1,1,0,0.2617948908758672,2.863064112332962,0
44b6_0113de3b,6,1762,2054,False,False,2.569350598886808,2.569350598886808,0.0,-2.4375,0.8125,0.0,1,0.0,0.053288270000000026,0.9484597872722292,2.1931607,1.4086146710385123,5.3672733,0.4088430999999999,1.1936367257070353,27.623414000000004,1.7006798648813317,0.0,0,0,0,3.174077291872821,5.743427890759629,0
44b6_0113de3b,6,1763,2205,False,False,4.958913218891817,0.9084026158592896,4.875,-0.40625,0.8125,4.875,1,0.0,0.14848823999999994,1.2030052460961906,2.7440468000000005,1.7647955291946187,3.5879252,0.39386959999999993,0.8445347400951185,27.087033000000005,0.6023621445017224,0.04761905,0,1,1,3.6959610701144943,8.654874289006312,0
44b6_0113de3b,6,1763,2206,False,False,5.090297909995052,1.4647552056572457,4.875,1.21875,0.8125,4.875,2,0.1313846911032357,0.12220233999999996,1.1612702291672194,0.5968927000000006,1.1040755721100979,5.7350793,0.3971901,0.8434293334912178,27.355222999999995,0.599999926887833,0.04761905,0,1,1,3.183511561757754,8.273809471752806,0
44b6_0113de3b,6,1764,2050,False,False,2.6012692214570947,2.03125,1.625,1.21875,1.625,1.625,1,0.0,0.3157209999999999,0.765731162353511,2.5325205000000004,0.5387482753354598,2.95803,0.030123499999999748,0.9881372869437682,2.4137000000000057,0.9648435554165052,0.015873000000000026,1,1,0,1.6999786998436877,4.301247921300782,0
44b6_0113de3b,6,1764,2066,False,False,5.154734625807618,4.89189779763437,1.625,3.25,3.65625,1.625,2,2.553465404350523,0.047789800000000104,0.9557326544904408,0.33734699999999984,1.1287205330803722,2.620683,0.027397200000000232,1.0110313693085113,2.1455039999999883,1.0334725825785194,0.015873000000000026,1,1,0,0.5061419399073828,5.660876565715,0
44b6_0113de3b,6,1765,2040,False,False,2.632800908728193,2.0714766773970688,1.625,0.40625,2.03125,1.625,1,0.0,0.0497109,1.0468115197955927,0.8681430000000008,1.181309063918153,4.788129,0.048214699999999944,0.9808133090935653,3.754635999999998,0.9435482835481482,0.015873010000000076,2,0,2,0.8653001562472998,3.498101064975493,0
44b6_0113de3b,6,1765,2210,False,False,6.358818311015027,4.0827619710803615,-4.875,-0.40625,-4.0625,4.875,2,3.726017402286834,0.38936720000000014,1.5392255625998352,4.2396868,3.992864016481208,1.4165852,0.18982750000000026,1.083421478883391,13.409424000000001,1.2717388744817535,0.047619049999999996,2,3,1,2.866324385697089,9.225142696712116,0
44b6_0113de3b,6,1766,2093,False,False,2.7252078475778685,2.1877232028983924,1.625,2.03125,0.8125,1.625,1,0.0,0.0049016000000000615,0.9945604304875046,0.36252369999999967,1.1225069468951947,2.9591177,0.003516900000000156,1.0014245766506245,0.26818899999999957,1.0042916931551176,0.015873000000000026,3,4,1,0.2594402084150199,2.9846480559928885,0
44b6_0113de3b,6,1766,2061,False,False,4.772356925566235,4.487177913232324,1.625,4.46875,-0.40625,1.625,2,2.047149077988366,0.0003701999999999872,1.000401262249388,0.4210537999999997,1.1451576047639285,2.9005876,0.007043700000000097,1.002861336423958,0.5363770000000017,1.0086205282417056,0.015873000000000026,3,4,1,0.2938312052362228,5.066188130802457,0
44b6_0113de3b,6,1766,2035,False,False,6.319766856854769,5.420051026051323,-3.25,-1.21875,-5.28125,3.25,3,3.5945590092769004,0.6747163,0.5709905135819732,2.5070106,0.5698806003847882,3.3216414,0.07495549999999973,0.9704881870470756,5.9001459999999994,0.9140623739189988,0.03174599999999994,3,2,1,2.703108730877348,9.022875587732116,0
44b6_0113de3b,6,1767,2136,False,False,3.494694639736067,1.284675299443404,3.25,1.21875,0.40625,3.25,1,0.0,0.034193549999999906,0.963022761452484,1.6799376000000006,0.7297071559205552,4.5353394,0.014127699999999965,1.0057597334750925,1.0727540000000033,1.0173911408198257,0.03174602999999998,1,0,1,1.1362811470786878,4.630975786814755,0
44b6_0113de3b,6,1768,2091,False,False,3.0671202393287422,2.6012692214570947,1.625,2.03125,1.625,1.625,1,0.0,0.018325829999999987,1.0241906120640902,0.3877109999999995,1.0705233521370867,5.497474,0.051588499999999815,0.9794985273475346,4.022826000000002,0.9397589120162734,0.01587299999999997,0,0,0,0.7193792761046871,3.7864995154334293,0
44b6_0113de3b,6,1769,2083,False,False,2.333728575156074,1.6750116604071745,1.625,0.40625,-1.625,1.625,1,0.0,0.08307409999999993,1.0689455021256593,0.8226743000000001,1.2897309125799845,2.8393981,0.01758380000000015,1.007159390775924,1.3409419999999983,1.021644850585493,0.015873040000000005,2,2,0,0.5368831260394188,2.870611701195493,0
44b6_0113de3b,6,1769,2072,False,False,5.28125,2.03125,4.875,1.21875,1.625,4.875,2,2.947521424843926,0.0781615,0.9427740418898859,0.04321289999999989,1.0119382309862237,3.6188595,0.003496600000000072,1.0014123008789837,0.268187999999995,1.0042551522427015,0.047619069999999986,2,2,0,0.3529758062143162,5.6342258062143165,0
44b6_0113de3b,6,1769,2104,False,False,5.658407737606049,4.631962664465248,3.25,2.84375,3.65625,3.25,3,3.3246791624499745,0.19221050000000006,1.1754226081185044,1.2661959999999999,1.5284833204111847,2.3958764,0.02825640000000007,1.011557552736981,2.145506999999995,1.0350875365347132,0.03174606000000002,2,3,1,0.9188150333952022,6.577222771001251,0
44b6_0113de3b,6,1770,2068,False,False,1.7235727791422095,1.7235727791422095,0.0,1.21875,-1.21875,0.0,1,0.0,0.04885972000000005,0.9459425766614592,0.6168673999999994,1.1712192177575331,3.6027246,0.013967499999999688,0.9943620885171667,1.0727529999999987,0.983193137362128,0.0,1,2,1,0.5740915594854342,2.297664338627644,0
44b6_0113de3b,6,1770,2067,False,False,2.368824207280903,1.7235727791422095,1.625,1.21875,1.21875,1.625,2,0.6452514281386936,0.01787715000000001,0.9795119047469054,0.28442249999999936,1.072274339709281,3.9351695,0.0035066999999999737,0.9985755066537251,0.2681880000000021,0.9957445304193927,0.015873009999999965,1,1,0,0.24288774137916674,2.6117119486600697,0
44b6_0113de3b,6,1771,2068,False,False,2.1877232028983924,1.4647552056572457,1.625,1.21875,0.8125,1.625,1,0.0,0.016145170000000042,0.9821298983543164,0.37083169999999965,1.1029278426448619,3.6027246,0.0,0.9999959664378588,0.0,0.9999998433310746,0.01587303000000001,2,2,0,0.290916242037896,2.4786394449362885,0
44b6_0113de3b,6,1771,2067,False,False,4.755034338729848,3.471001521535247,3.25,1.21875,3.25,3.25,2,2.5673111358314555,0.0148374,1.0169834313211292,0.03838679999999961,1.00975223620676,3.9351695,0.010460799999999715,1.0042332570487245,0.8045649999999966,1.0127657899329054,0.031746039999999975,2,1,1,0.12875313640925573,4.883787475139104,0
44b6_0113de3b,6,1771,2182,False,False,5.9150892850404215,3.350023320814349,-4.875,-3.25,-0.8125,4.875,3,3.727366082142029,0.18025833000000002,1.2547211645091856,1.4326189,1.5638089556674806,2.5409374,0.010460799999999715,1.0042332570487245,0.8045649999999966,1.0127657899329054,0.04761903000000001,2,2,0,0.9594406422958521,6.874529927336273,0
44b6_0113de3b,6,1772,2094,False,False,2.9575446425202108,2.471122277933652,1.625,2.4375,0.40625,1.625,1,0.0,0.15978939999999986,1.176733712463855,4.4324816,2.051131489530569,4.2168474,0.3386776,0.8612163238525627,21.991454000000004,0.6387664315426484,0.015873020000000015,0,1,1,3.7676851055510556,6.725229748071266,0
44b6_0113de3b,6,1772,2085,False,False,4.737648414561806,3.447145558284419,3.25,2.4375,2.4375,3.25,2,1.7801037720415955,0.12062213999999993,1.1278706049195373,3.8448393999999997,1.8002559517332462,4.8044896,0.35646520000000015,0.8549845068743752,23.332397,0.6249999095946034,0.03174605,0,1,1,3.575829823617868,8.313478238179673,0
44b6_0113de3b,6,1773,2052,False,False,0.40625,0.40625,0.0,0.0,0.40625,0.0,1,0.0,0.08348464,0.9136963666008512,1.2060488999999999,0.7628527204252509,3.8796368,0.006867600000000085,0.9972450360497463,0.5363799999999941,0.9917693484145497,0.0,2,1,1,0.7523146249636792,1.1585646249636792,0
44b6_0113de3b,6,1773,2060,False,False,2.7252078475778685,2.7252078475778685,0.0,-2.4375,1.21875,0.0,2,2.3189578475778685,0.041620679999999965,0.9550224622560028,0.042611600000000305,1.0111027389063307,3.8370252,0.0034383999999998416,0.9986167724958985,0.26819000000000415,0.995867591594786,0.0,2,2,0,0.1927844900220474,2.917992337599916,0
44b6_0113de3b,6,1774,2061,False,False,1.21875,1.21875,0.0,1.21875,0.0,0.0,1,0.0,0.016007340000000037,1.017821012306007,0.9129874,1.3147549318802443,2.9005876,0.007043700000000097,1.002861336423958,0.5363770000000017,1.0086205282417056,0.0,4,4,0,0.6021675925271064,1.8209175925271064,0
44b6_0113de3b,6,1774,2093,False,False,1.7235727791422095,1.7235727791422095,0.0,-1.21875,1.21875,0.0,2,0.5048227791422095,0.010735539999999988,1.0118784755250936,0.8544573,1.2887497217507713,2.9591177,0.003516900000000156,1.0014245766506245,0.26818899999999957,1.0042916931551176,0.0,4,4,0,0.5697734110770184,2.293346190219228,0
44b6_0113de3b,6,1775,2053,False,False,0.9084026158592896,0.9084026158592896,0.0,0.8125,0.40625,0.0,1,0.0,0.015145399999999976,0.9871270609218378,0.6900730000000008,0.889997157326447,5.5832367,0.03741620000000001,0.9851691641838775,2.9500759999999957,0.9561751173432734,0.0,0,0,0,0.6304967335284481,1.5388993493877376,0
44b6_0113de3b,6,1776,2051,False,False,3.72334275215162,1.8168052317185792,3.25,0.8125,1.625,3.25,1,0.0,0.07406241000000002,0.9240061196936387,0.2628457000000002,0.9303973100712604,3.5136607,0.059291800000000006,0.9763102604937367,4.559207000000001,0.9306120625773614,0.03174605000000008,1,0,1,0.7161869921072204,4.43952974425884,0
44b6_0113de3b,6,1777,2093,False,False,0.8125,0.8125,0.0,0.0,0.8125,0.0,1,0.0,0.07161965999999997,1.079307297690398,2.2235413,1.7514144455475849,2.9591177,0.003516900000000156,1.0014245766506245,0.26818899999999957,1.0042916931551176,0.0,4,4,0,1.4325443989920388,2.2450443989920386,0
44b6_0113de3b,6,1777,2061,False,False,2.471122277933652,2.471122277933652,0.0,2.4375,-0.40625,0.0,2,1.658622277933652,0.07689146000000002,1.0856458289167936,2.2820714,1.7867555982256897,2.9005876,0.007043700000000097,1.002861336423958,0.5363770000000017,1.0086205282417056,0.0,4,4,0,1.4639261907364542,3.9350484686701064,0
44b6_0113de3b,6,1778,2079,False,False,2.8145825622994254,2.2980970388562794,1.625,1.625,1.625,1.625,1,0.0,0.07979899999999995,1.0915096681021215,0.07639599999999991,1.0233511287892125,3.2711809,0.0033292999999998685,1.0013118598764654,0.26818500000000256,1.0039523699444797,0.015873040000000005,0,1,1,0.3205992019723243,3.1351817642717497,0
44b6_0113de3b,6,1778,2149,False,False,4.375446405796785,2.9295104113144914,3.25,1.625,-2.4375,3.25,2,1.5608638434973594,0.04486880000000004,1.0494666697542812,1.2990518999999998,1.6341321480960782,2.048525,0.00993540000000026,0.9960898595519886,0.8045699999999982,0.9883266388052425,0.03174603999999992,0,4,4,0.8635777836414699,5.239024189438255,0
44b6_0113de3b,6,1778,2127,False,False,6.749131888620936,5.9150892850404215,3.25,-1.625,-5.6875,3.25,3,3.9345493263215108,0.10900356,1.129336321645639,1.1595946000000001,1.5299765451642586,2.1879823,0.11484779999999972,1.0474790239078249,8.850217000000008,1.149321027858721,0.03174603999999992,0,5,5,1.4554020156905678,8.204533904311504,0
44b6_0113de3b,6,1779,2051,False,False,3.350023320814349,0.8125,3.25,0.0,0.8125,3.25,1,0.0,0.10143745999999998,0.8959209490736918,0.6862524000000003,0.8182816311879381,3.090254,0.052166399999999946,0.9791566980365757,4.022830000000006,0.938775326951692,0.03174605000000008,2,0,2,0.726391335634127,4.076414656448476,0
44b6_0113de3b,6,1780,2078,False,False,1.86167137607581,0.9084026158592896,1.625,0.8125,0.40625,1.625,1,0.0,0.060105859999999955,1.0707498841199528,0.9244181,1.3007939537170536,3.073217,0.05187570000000008,1.0210991678013104,4.022822999999995,1.0646549341730582,0.01587302,1,0,1,0.7996138700689548,2.6612852461447645,0
44b6_0113de3b,6,1781,2166,False,False,0.9084026158592896,0.9084026158592896,0.0,0.8125,-0.40625,0.0,1,0.0,0.076457,1.0990955956792885,1.1100052000000002,1.4347671048302444,2.55307,0.0,0.999995326413122,0.0,0.999999756292806,0.0,0,0,0,0.6991585664643605,1.60756118232365,0
44b6_0113de3b,6,1781,2190,False,False,6.039340428598143,6.039340428598143,0.0,-2.03125,5.6875,0.0,2,5.130937812738853,0.11832790000000004,1.1621734867685498,1.7406304000000001,1.9054155135402924,1.9224448,0.15554270000000003,1.07838790731407,8.313842999999999,1.2540979853787724,0.0,0,1,1,1.3921116199609127,7.431452048559056,0
44b6_0113de3b,6,1782,2107,False,False,1.284675299443404,1.284675299443404,0.0,1.21875,0.40625,0.0,1,0.0,0.07263983000000007,1.0847395161496478,0.2755415999999995,0.9460336120023528,4.830434,0.0,0.999995326413122,0.0,0.999999756292806,0.0,1,1,0,0.4246476476721255,1.7093229471155296,0
44b6_0113de3b,6,1782,2270,False,False,5.090297909995052,5.090297909995052,0.0,-2.4375,4.46875,0.0,2,3.805622610551648,0.4905275,2.116824052412584,3.9988720000000004,5.808798276036231,0.831562,0.31427289999999997,1.1721600496282674,15.554932,1.6105257043207815,0.0,1,2,1,3.5295105055350176,8.61980841553007,0
44b6_0113de3b,6,1783,2064,False,False,1.86167137607581,0.9084026158592896,1.625,0.8125,0.40625,1.625,1,0.0,0.06096789999999985,1.0595155699207552,0.23692750000000018,1.0881153321812365,2.6887105,0.056685499999999944,1.0233618991088138,4.291016000000006,1.0717487063179572,0.015873009999999993,2,1,1,0.6384541122695668,2.5001254883453767,0
44b6_0113de3b,6,1784,2083,False,False,0.40625,0.40625,0.0,-0.40625,0.0,0.0,1,0.0,0.08889959999999997,0.9262025710771377,0.2552677000000001,1.0898982080103243,2.8393981,0.0035368000000000066,1.0014367831310547,0.26818899999999957,1.004328850668913,0.0,2,2,0,0.48281873423814764,0.8890687342381476,0
44b6_0113de3b,6,1784,2072,False,False,4.614113030962723,3.2752922102462856,3.25,0.40625,3.25,3.25,2,4.207863030962723,0.2501351999999999,0.8168795694511927,0.5241937000000001,0.8551471115496151,3.0946658,0.01055040000000007,0.9957223477879826,0.8045650000000037,0.9872338927291887,0.03174602999999998,2,2,0,0.9655943591371663,5.579707390099889,0
44b6_0113de3b,6,1784,2104,False,False,5.887121803139459,5.658407737606049,1.625,2.03125,5.28125,1.625,3,5.480871803139459,0.020236800000000166,1.0184611278841178,0.6987893999999999,1.2916579851198287,2.3958764,0.014209399999999928,1.0058099550503246,1.0727539999999962,1.0175436946741918,0.015873020000000015,2,3,1,0.46250758188748065,6.34962938502694,0
44b6_0113de3b,6,1785,2069,False,False,1.9902104160113323,1.1490485194281397,1.625,0.8125,0.8125,1.625,1,0.0,0.017299049999999982,0.980959386099556,0.1458185999999997,0.9639848904508294,3.9032664,0.01333479999999998,0.9947396684179425,1.0727499999999992,0.9843136383290243,0.015873009999999965,1,1,0,0.19622915128497995,2.186439567296312,0
44b6_0113de3b,6,1786,2046,False,False,3.6336104634371584,1.625,3.25,0.0,1.625,3.25,1,0.0,0.008168399999999965,1.0067032007981003,0.11035450000000013,1.0424240385391716,2.60098,0.013697800000000093,0.9945240412398282,1.0727600000000024,0.9836732277430786,0.03174605000000008,3,2,1,0.19659374033332538,3.8302042037704838,0
44b6_0113de3b,6,1786,2035,False,False,5.025034981221523,3.832554834897995,3.25,2.03125,3.25,3.25,2,1.391424517784365,0.3474952,0.7790466632476106,3.1173175,0.4651727103064134,2.7113345,0.05061459999999984,0.9800705160905134,4.022829999999999,0.9414060713473178,0.03174605000000008,3,2,1,2.058752612558528,7.083787593780052,0
44b6_0113de3b,6,1787,2076,False,False,2.368824207280903,1.7235727791422095,1.625,1.21875,1.21875,1.625,1,0.0,0.02288699999999988,0.9785699310778585,0.2474021999999998,1.055498539763602,4.4576244,0.003303000000000278,1.001296361660417,0.26819000000000415,1.0039061259672462,0.015873019999999988,0,0,0,0.23258128197562383,2.601405489256527,0
44b6_0113de3b,6,1788,2029,False,False,4.958913218891817,3.7454399357752353,3.25,-2.4375,2.84375,3.25,1,0.0,0.29242879999999993,0.7596194534451892,2.8677537999999996,0.4713869603942584,2.5573082,0.05736590000000019,0.9774420508646153,4.559206000000003,0.9338519785069013,0.03174603999999992,1,0,1,1.8983986710194058,6.857311889911222,0
44b6_0113de3b,6,1789,2089,False,False,1.9902104160113323,1.1490485194281397,1.625,0.8125,0.8125,1.625,1,0.0,0.009911299999999956,1.0101900933598749,1.8536260000000002,1.4633781666672085,4.000213,0.017146100000000164,1.0068926991674145,1.3409460000000024,1.0208332310524606,0.01587301000000002,1,2,1,1.2614419520491849,3.251652368060517,0
44b6_0113de3b,6,1789,2085,False,False,6.512682938889317,6.512682938889317,0.0,0.40625,-6.5,0.0,2,4.522472522877985,0.03833483999999998,1.0406312372390083,1.0493493999999997,1.2184076360418472,4.8044896,0.04508240000000008,1.0183356270291886,3.4864530000000045,1.0560343577151412,0.0,1,1,0,0.8160880209537701,7.328770959843087,0
44b6_0113de3b,6,1790,2044,False,False,1.7235727791422095,0.5745242597140698,1.625,0.40625,-0.40625,1.625,1,0.0,0.11989843,0.8865833357137493,1.936724,0.6033126001391772,2.9455335,0.013299799999999973,0.9947603053665909,1.0727540000000033,0.9843748552571898,0.015873020000000015,3,1,2,1.2103945286633748,2.9339673078055846,0
44b6_0113de3b,6,1791,2086,False,False,1.625,1.625,0.0,1.625,0.0,0.0,1,0.0,0.07362455999999995,1.0771360570402206,0.0003221999999998282,1.0001047722097116,2.9797878,0.014007199999999997,0.994338134224333,1.0727550000000008,0.9831221912666761,0.0,4,2,2,0.36955520577574513,1.9945552057757452,0
44b6_0113de3b,6,1792,2073,False,False,2.0714766773970688,1.284675299443404,1.625,0.40625,1.21875,1.625,1,0.0,0.0077091500000000535,1.0077654847117794,0.14439540000000006,1.0484187240054195,2.9820058,0.0,0.9999960683929776,0.0,0.9999998549136047,0.01587301999999996,1,2,1,0.09127256658983206,2.1627492439869007,0
44b6_0113de3b,6,1792,2138,False,False,2.2980970388562794,1.625,-1.625,0.0,-1.625,1.625,2,0.2266203614592106,0.08412229999999998,1.091921530382235,0.7842929999999999,1.334860554860126,2.3421082,0.09238619999999997,1.0376876043152816,7.241090000000007,1.1173911408198256,0.01587301000000002,1,3,2,1.2065726185714116,3.5046696574276908,0
44b6_0113de3b,6,1792,2132,False,False,2.84375,2.84375,0.0,2.84375,0.0,0.0,3,0.7722733226029312,0.07946110000000006,1.0863875165297425,0.7567215000000003,1.3193293619835542,2.3696797,0.07825850000000001,1.0317408427535808,6.168336000000004,1.0982904390797683,0.0,1,2,1,1.0584133869503836,3.9021633869503836,0
44b6_0113de3b,6,1793,2314,False,False,4.755034338729848,4.46875,-1.625,0.0,-4.46875,1.625,1,0.0,0.71269206,3.184684787142216,3.4051169299999997,7.0007375300439385,0.56743807,0.24458149999999979,1.1171809831144852,15.018556000000004,1.3943658621086794,0.015873017,0,0,0,2.865881670110606,7.620916008840454,0
44b6_0113de3b,6,1793,2126,False,False,5.58501412822743,2.7252078475778685,4.875,2.4375,1.21875,4.875,2,0.8299797894975818,0.08923170000000002,1.0939494525353182,0.8617036999999996,1.2769952167266343,3.1108513,0.20184610000000003,0.9203268941831825,15.018550000000005,0.7795275035716445,0.047619052999999995,0,1,1,2.2835719045112315,7.868586032738661,0
44b6_0113de3b,6,1793,2128,False,False,6.989389279472134,2.569350598886808,6.5,-0.8125,2.4375,6.5,3,2.2343549407422865,0.14190415,1.1581865323530716,1.0856874999999997,1.3760732833312115,2.8868675,0.14749049999999997,0.9405047567394974,10.727536999999998,0.8319326739733607,0.063492063,0,1,1,1.723506471270154,8.712895750742288,0
44b6_0113de3b,6,1794,2035,False,False,4.1429533547941375,2.569350598886808,3.25,-2.4375,0.8125,3.25,1,0.0,0.411222,0.7385274160520229,3.447853,0.4084640694553914,2.380799,0.07144879999999976,0.9718686763986042,5.631957999999997,0.9179686164087586,0.03174605000000008,5,2,3,2.343439304121108,6.486392658915245,0
44b6_0113de3b,6,1794,2040,False,False,5.008586377412294,4.737648414561806,1.625,2.4375,-4.0625,1.625,2,0.8656330226181561,0.09980809999999996,1.0939963005441056,2.4073299999999995,0.49722846391886294,2.380799,0.04470799999999997,0.9822084856110261,3.4864479999999958,0.9475805339738314,0.015873010000000076,5,0,5,1.928860084320761,6.937446461733055,0
44b6_0113de3b,6,1794,2046,False,False,5.58501412822743,4.5420130792964475,3.25,-4.46875,-0.8125,3.25,3,1.4420607734332922,0.05555840000000001,0.9543432360230983,0.22018099999999974,0.9153433884790023,2.380799,0.03453200000000001,0.9862012454592382,2.6818880000000007,0.9591834802778855,0.03174605000000008,5,2,3,0.4462243107801313,6.031238439007561,0
44b6_0113de3b,6,1795,2070,False,False,2.1877232028983924,1.4647552056572457,1.625,0.8125,1.21875,1.625,1,0.0,0.012008159999999934,0.9877560949598471,0.11180240000000019,0.9612283951160963,2.772061,0.01696019999999976,0.9932572828433605,1.3409400000000034,0.9799195674564465,0.015873020000000015,3,2,1,0.2234329760083669,2.4111561789067593,0
44b6_0113de3b,6,1795,2063,False,False,2.8145825622994254,2.2980970388562794,1.625,-1.625,1.625,1.625,2,0.626859359401033,0.11964419999999998,0.8901447458576658,0.3832880000000003,0.8785247574047833,2.772061,0.03701529999999975,0.9854051499516552,2.9500699999999966,0.9568626516291511,0.015873020000000015,3,2,1,0.6319886348876146,3.44657119718704,0
44b6_0113de3b,6,1796,2060,False,False,0.40625,0.40625,0.0,0.0,0.40625,0.0,1,0.0,0.0007538599999999951,1.0008036618961365,0.29212710000000053,1.0761309408889448,3.8370252,0.006849000000000327,1.002743270183433,0.5363799999999941,1.008264354572351,0.0,2,2,0,0.21126299352437253,0.6175129935243725,0
44b6_0113de3b,6,1796,2052,False,False,2.471122277933652,2.471122277933652,0.0,2.4375,-0.40625,0.0,2,2.064872277933652,0.04111010000000004,0.9574965047368749,0.9565333999999996,0.8119149362396969,4.1291523,0.003419800000000084,1.0013658654294484,0.26819000000000415,1.0041150956247993,0.0,2,1,1,0.616576343341903,3.087698621275555,0
44b6_0113de3b,6,1796,2088,False,False,6.9181882111576005,6.724634051381532,1.625,-6.09375,2.84375,1.625,3,6.5119382111576005,0.06599940000000004,0.9334811655060279,1.4805839000000005,1.5590070129696747,2.6485684,0.020660800000000368,1.0083296285065069,1.609133,1.0252099571186184,0.015873040000000005,2,3,1,1.180642171541161,8.098830382698761,0
44b6_0113de3b,6,1797,2092,False,False,5.008586377412294,4.737648414561806,1.625,4.0625,2.4375,1.625,1,0.0,0.01920396000000002,0.9793123168976344,1.0106228000000002,0.7094892601182259,2.4681811,0.032019700000000206,0.9870074228752708,2.413696999999999,0.9615382972884522,0.015872999999999915,2,2,0,0.7208693998244184,5.729455777236712,0
44b6_0113de3b,6,1797,2096,False,False,5.92902355472636,4.958913218891817,3.25,2.84375,4.0625,3.25,2,0.9204371773140663,0.04476332999999999,1.0517501602140908,0.3505339000000003,0.8756374247221703,2.4681811,0.01789200000000024,0.9926963493578196,1.3409429999999958,0.9782607011031824,0.03174599999999994,2,2,0,0.41211924300397784,6.341142797730337,0
44b6_0113de3b,6,1798,2099,False,False,2.0714766773970688,1.284675299443404,1.625,1.21875,0.40625,1.625,1,0.0,0.018852740000000034,0.9795512629033548,0.056199800000000355,0.9801963014691005,2.7821388,0.003496600000000072,1.0014123008789837,0.268187999999995,1.0042551522427015,0.015873010000000076,1,1,0,0.09004816599346144,2.1615248433905303,0
44b6_0113de3b,6,1798,2105,False,False,3.9804208320226646,2.2980970388562794,3.25,1.625,1.625,3.25,2,1.9089441546255959,0.033500899999999945,1.0384914514840877,0.10322539999999991,1.038528686561176,2.6789134,0.014047000000000143,1.0057103060100798,1.0727529999999987,1.0172412011320457,0.03174605000000008,1,1,0,0.19120461034542424,4.1716254423680885,0
44b6_0113de3b,6,1798,2057,False,False,6.5253412267099105,5.658407737606049,3.25,-5.28125,2.03125,3.25,3,4.453864549312842,0.06123533999999997,1.0726837724635534,2.7361598,0.504165134947328,2.7821388,0.03782869999999994,0.9849251972869044,2.9500699999999966,0.9554654892564538,0.03174605000000008,1,1,0,2.032655948465162,8.557997175175073,0
44b6_0113de3b,6,1799,2100,False,False,3.9804208320226646,2.2980970388562794,3.25,1.625,1.625,3.25,1,0.0,0.0028696400000000066,1.0034354591659536,0.27915339999999933,0.9553179634932555,5.9686136,0.010259400000000252,1.0041112550691735,0.8045699999999982,1.0123966088982062,0.03174603000000001,1,0,1,0.2456571869613975,4.226078018984062,0
44b6_0113de3b,6,1800,2100,False,False,5.58501412822743,2.7252078475778685,4.875,1.21875,2.4375,4.875,1,0.0,0.016672140000000057,1.0200172404874037,1.2757059999999996,0.7958128147019333,4.972061,0.017052700000000254,1.0068361939984196,1.3409399999999891,1.0206609634705572,0.04761904,2,0,2,0.9536126193476302,6.53862674757506,0
44b6_0113de3b,6,1801,2090,False,False,2.569350598886808,2.569350598886808,0.0,2.4375,0.8125,0.0,1,0.0,0.20442983999999986,0.812044790449176,0.1860908000000001,1.0848103602373842,2.194071,0.08743290000000004,0.959132800999325,4.827393000000001,0.8823527161057091,0.0,1,1,0,0.9952584439043631,3.5646090427911714,0
44b6_0113de3b,6,1801,2319,False,False,4.1429533547941375,4.1429533547941375,0.0,0.8125,-4.0625,0.0,2,1.5736027559073293,0.54961422,2.6471932713510693,2.0916330000000003,8.249018156310349,0.2885288,0.07901190000000002,1.0400366524203803,4.0228269999999995,1.124999646548431,0.0,1,1,0,2.1807685090079674,6.323721863802104,0
44b6_0113de3b,6,1802,2088,False,False,1.21875,1.21875,0.0,1.21875,0.0,0.0,1,0.0,0.02689975,0.9728825711713156,0.10754419999999998,1.0406007237694002,2.6485684,0.01381180000000004,1.005567041796013,1.0727530000000058,1.0168065493000213,0.0,4,3,1,0.23770441047589014,1.45645441047589,0
44b6_0113de3b,6,1802,2045,False,False,1.284675299443404,1.284675299443404,0.0,-1.21875,-0.40625,0.0,2,0.06592529944340408,0.18485724999999986,0.8392876547749759,2.1766209000000005,0.5587382761743034,2.7561126,0.04386430000000008,0.9827053709361949,3.4864499999999907,0.9490194707936633,0.0,4,2,2,1.4202824410511776,2.7049577404945815,0
44b6_0113de3b,6,1803,2082,False,False,3.040096626753827,2.569350598886808,1.625,0.8125,2.4375,1.625,1,0.0,0.006082400000000154,1.0052875200021316,0.2763752000000004,1.0754672032685455,3.662047,0.006849000000000327,0.9972562452522321,0.5363799999999941,0.9918030807787525,0.015873029999999955,2,2,0,0.2094634578401988,3.249560084594026,0
44b6_0113de3b,6,1803,2118,False,False,3.374565944310468,2.9575446425202108,1.625,2.84375,-0.8125,1.625,2,0.3344693175566409,0.1888105000000001,1.195503939062578,1.7016532000000004,1.7607560693300504,2.236769,0.041906999999999694,1.0170931209337182,3.218260000000008,1.0521737142723744,0.015873029999999955,2,3,1,1.1454705942381298,4.520036538548598,0
44b6_0113de3b,6,1804,2144,False,False,2.0714766773970688,1.284675299443404,1.625,0.40625,1.21875,1.625,1,0.0,0.03265783999999994,1.042759910621814,0.30850750000000016,1.1295476148033181,2.3813345,0.024340899999999888,1.0098696239666332,1.8773160000000004,1.029914312412652,0.015873009999999965,2,2,0,0.3265010553431441,2.397977732740213,0
44b6_0113de3b,6,1804,2129,False,False,2.84375,2.84375,0.0,2.84375,0.0,0.0,2,0.7722733226029312,0.06305387000000007,0.9266039363969145,0.4288751999999998,0.8624806940472383,2.689842,0.05391760000000012,0.9787977869141334,4.291020000000003,0.9377429925084639,0.0,2,2,0,0.7399273635623441,3.583677363562344,0
44b6_0113de3b,6,1805,2124,False,False,1.21875,1.21875,0.0,-1.21875,0.0,0.0,1,0.0,0.08744589999999997,1.098577037327995,0.5984726,1.2384156230036174,2.5101552,0.04251000000000005,1.0174666315416132,3.2182630000000003,1.0533331802072163,0.0,2,4,2,0.5793941234785525,1.7981441234785525,0
44b6_0113de3b,6,1805,2117,False,False,2.632800908728193,2.0714766773970688,1.625,-0.40625,2.03125,1.625,2,1.4140509087281932,0.058611700000000044,0.9432531039516454,0.08615039999999974,1.0284998375841037,3.0224774,0.051165399999999917,0.9797476451652121,4.022825999999995,0.9404760682288368,0.015873000000000026,2,3,1,0.6978544216872035,3.3306553304153965,0
44b6_0113de3b,6,1805,2127,False,False,3.471001521535247,3.471001521535247,0.0,-3.25,1.21875,0.0,3,2.252251521535247,0.13171206000000002,1.1562831785066312,0.9206455,1.4207672485867524,2.1879823,0.057014999999999816,1.0235683873939205,4.291017000000004,1.0723980327001352,0.0,2,5,3,0.8159473278595698,4.286948849394817,0
44b6_0113de3b,6,1805,2149,False,False,4.46875,4.46875,0.0,0.0,4.46875,0.0,4,3.25,0.06757730000000006,1.0745077736205257,1.0601027999999997,1.5174882538008867,2.048525,0.06776820000000017,0.9733522752917527,5.363770000000002,0.9221788494503764,0.0,2,4,2,1.1858867180538375,5.654636718053838,0
44b6_0113de3b,6,1806,2117,False,False,2.03125,2.03125,0.0,-1.21875,1.625,0.0,1,0.0,0.04885700000000004,0.9526958350031653,0.24539959999999983,1.0811879645883717,3.0224774,0.058148999999999784,0.97698392773019,4.559203999999994,0.9325395459655497,0.0,2,3,1,0.8013553488033927,2.8326053488033924,0
44b6_0113de3b,6,1806,2124,False,False,2.632800908728193,2.0714766773970688,-1.625,-2.03125,-0.40625,1.625,2,0.6015509087281932,0.09720059999999997,1.109574687332437,0.7577218000000001,1.3018573438911512,2.5101552,0.03552640000000018,1.0145965146466953,2.681885000000001,1.0444442754091205,0.015873000000000026,2,4,2,0.5908644238041898,3.223665332532383,0
44b6_0113de3b,6,1806,2127,False,False,4.4502457797294745,4.1429533547941375,-1.625,-4.0625,0.8125,1.625,3,2.4189957797294745,0.14146676000000002,1.1678585139370614,1.0798947,1.4935505028971081,2.1879823,0.05003139999999995,1.020681058384111,3.7546390000000045,1.063348242759538,0.015873000000000026,2,5,3,0.8347358348198408,5.284981614549316,0
44b6_0113de3b,6,1806,2149,False,False,4.4502457797294745,4.1429533547941375,-1.625,-0.8125,4.0625,1.625,4,2.4189957797294745,0.07733200000000007,1.0852644707112211,1.2193519999999998,1.5952263446804666,2.048525,0.07475180000000003,0.970606598211622,5.9001480000000015,0.914396734395414,0.015873000000000026,2,4,2,1.3216813947334503,5.771927174462925,0
44b6_0113de3b,6,1807,2263,False,False,1.8168052317185792,0.8125,1.625,0.0,0.8125,1.625,1,0.0,0.27344319999999994,1.7704648545564896,4.705023,3.0583915733312987,2.2857616,0.0758650000000003,1.0376237073748023,4.0228269999999995,1.1171871702322307,0.015873009999999993,0,0,0,2.9513138439504565,4.768119075669036,0
44b6_0113de3b,6,1808,2110,False,False,1.6750116604071745,0.40625,1.625,-0.40625,0.0,1.625,1,0.0,0.17377863999999998,0.8350040596591405,1.2362175,0.6493916234823203,2.2897222,0.04959720000000001,0.9799906276150088,3.7546370000000024,0.9411763489394226,0.015873040000000005,3,4,1,0.9442884026353123,2.6193000630424867,0
44b6_0113de3b,6,1808,2080,False,False,2.7252078475778685,2.1877232028983924,1.625,0.8125,2.03125,1.625,2,1.050196187170694,0.035513939999999966,0.9611771122931302,0.13885590000000025,0.9428203160511244,2.2897222,0.003610000000000113,0.9985122539722202,0.2681870000000046,0.9955554150242274,0.015873040000000005,3,3,0,0.14019740724690935,2.8654052548247777,0
44b6_0113de3b,6,1808,2101,False,False,3.2752922102462856,2.84375,1.625,-2.84375,0.0,1.625,3,1.600280549839111,0.04715197999999998,0.9491056162400399,0.13157890000000005,0.9456538649659681,2.2897222,0.01794450000000003,0.9926642834627589,1.3409400000000034,0.9781658179892687,0.015873040000000005,3,4,1,0.2413008479006288,3.5165930581469143,0
44b6_0113de3b,6,1808,2098,False,False,3.917733121653388,2.1877232028983924,3.25,0.8125,-2.03125,3.25,4,2.242721461246213,0.027675039999999984,0.969482536562481,0.10612580000000005,0.9557002960943428,2.2897222,0.01794450000000003,0.9926642834627589,1.3409400000000034,0.9781658179892687,0.03174604999999997,3,4,1,0.20248619336462584,4.120219315018014,0
44b6_0113de3b,6,1809,2198,False,False,2.03125,2.03125,0.0,1.21875,1.625,0.0,1,0.0,0.12400555000000002,1.2226692027923003,0.14602799999999982,1.0745732865452156,1.958037,0.021502000000000354,1.008845896918877,1.6091300000000004,1.026785528503653,0.0,1,0,1,0.5167846797966715,2.5480346797966718,0
44b6_0113de3b,6,1810,2115,False,False,2.0714766773970688,1.284675299443404,1.625,1.21875,0.40625,1.625,1,0.0,0.009176300000000026,1.0108100439310241,0.25721360000000004,1.0776547483191092,3.3121326,0.01773619999999987,1.0072530124662353,1.3409419999999983,1.021929651050813,0.01587303000000001,2,3,1,0.24165813259325108,2.31313480999032,0
44b6_0113de3b,6,1810,2116,False,False,4.614113030962723,3.2752922102462856,3.25,3.25,0.40625,3.25,2,2.542636353565654,0.05594739999999998,0.9387148757823363,0.10002349999999982,0.9727383077853732,3.5693462,0.03814520000000021,0.9847370591701371,2.9500749999999982,0.9549178611815764,0.031746039999999975,2,4,2,0.483908321673168,5.09802135263589,0
44b6_0113de3b,6,1810,2122,False,False,6.461801823988415,4.241374519244911,4.875,4.0625,1.21875,4.875,3,4.390325146591346,0.023962499999999998,0.9727919669651521,0.19355870000000008,1.0573342151002838,3.3757875,0.06517259999999991,0.9742043805372493,5.095580999999996,0.9246030384987722,0.04761905999999999,2,2,0,0.8481693305803201,7.309971154568735,0
44b6_0113de3b,6,1811,2112,False,False,2.333728575156074,1.6750116604071745,1.625,-1.625,0.40625,1.625,1,0.0,0.046754749999999956,1.0530754699863965,1.8187138999999997,1.5850489010339808,3.1086257,0.07304600000000017,1.0299278880334097,5.631955999999995,1.0925108010516764,0.015873020000000015,0,2,2,1.3962466691474444,3.7299752443035183,0
44b6_0113de3b,6,1811,2075,False,False,2.8145825622994254,2.2980970388562794,1.625,1.625,1.625,1.625,2,0.48085398714335126,0.04311234999999991,1.048738207212477,1.8608639999999999,1.6068360471022594,3.0664756,0.030779900000000193,1.0123938968016433,2.4136939999999925,1.0376567061051913,0.015873020000000015,0,2,2,1.242327329030335,4.05690989132976,0
44b6_0113de3b,6,1812,2045,False,False,2.1877232028983924,1.4647552056572457,1.625,-1.21875,0.8125,1.625,1,0.0,0.1580062499999999,0.8626302813442418,1.9795963000000003,0.5986804706143751,2.9531372,0.05420880000000006,0.9786277152163195,4.29101399999999,0.9372547872750321,0.015873040000000005,4,2,2,1.349326992947526,3.5370501958459184,0
44b6_0113de3b,6,1812,2088,False,False,2.368824207280903,1.7235727791422095,1.625,1.21875,1.21875,1.625,2,0.18110100438251076,4.8750000000041815e-05,0.9999407965906898,0.3045688000000002,1.1149895355183748,2.6485684,0.003467300000000062,1.00139452343907,0.26818900000000667,1.0042015315734807,0.015873040000000005,4,3,1,0.21080095080197558,2.579625158082879,0
44b6_0113de3b,6,1813,2113,False,False,4.021669817998489,2.368824207280903,3.25,1.21875,2.03125,3.25,1,0.0,0.008622440000000009,0.9889477512624105,0.20778609999999986,1.0451325397361373,4.6036773,0.020379999999999843,1.0081596219126825,1.6091300000000075,1.0246911875299314,0.03174603000000001,1,2,1,0.304619269314012,4.3262890873125,0
44b6_0113de3b,6,1814,2036,False,False,4.958913218891817,3.7454399357752353,3.25,0.8125,3.65625,3.25,1,0.0,0.17675640000000015,0.8542252168544051,1.6110604000000004,0.646883478481042,2.9513624,0.0853022000000001,0.9664585955387582,6.704713000000005,0.9027235908302496,0.031746039999999975,1,0,1,1.3972731757191648,6.356186394610981,0
44b6_0113de3b,6,1815,2084,False,False,2.6012692214570947,2.03125,1.625,1.625,1.21875,1.625,1,0.0,0.06953359999999997,0.9315894968458429,0.3938432999999999,0.8784200499138853,2.845606,0.04945449999999996,0.980076051324675,3.7546390000000045,0.9414224422413409,0.01587302,2,2,0,0.5881871133057496,3.1894563347628444,0
44b6_0113de3b,6,1815,2109,False,False,5.008586377412294,4.737648414561806,1.625,4.0625,2.4375,1.625,2,2.407317155955199,0.02492706,0.9743434444906217,0.5759795999999997,0.8316605270359829,2.845606,0.02850280000000005,0.9884175000359505,2.1455079999999995,0.9656650784931649,0.01587302,2,2,0,0.4496932974017045,5.458279674813998,0
44b6_0113de3b,6,1816,2063,False,False,2.1877232028983924,1.4647552056572457,1.625,0.8125,1.21875,1.625,1,0.0,0.04016670000000011,0.9631135255670061,0.2807157,0.9110320885832642,2.8746333,0.0033205000000000595,0.9986871639639378,0.26818999999998994,0.996078263357922,0.015873020000000015,3,2,1,0.19741106320754723,2.38513426610594,0
44b6_0113de3b,6,1816,2070,False,False,3.72334275215162,3.350023320814349,1.625,3.25,0.8125,1.625,2,1.5356195492532274,0.06746933999999993,1.0687264733562705,0.009230099999999908,0.9967959411810519,2.8746333,0.016734599999999933,1.0066451336671303,1.3409400000000034,1.0200801330479339,0.015873020000000015,3,2,1,0.3538275819880423,4.077170334139662,0
44b6_0113de3b,6,1817,2089,False,False,3.300390601883359,2.8726212985703494,1.625,2.84375,0.40625,1.625,1,0.0,0.08770509999999998,1.0902529219601025,0.2752870000000005,1.0688154135406953,4.000213,0.37000579999999994,0.8511675587449745,24.673339,0.6166665817347015,0.01587301000000002,1,2,1,2.561867252506687,5.862257854390046,0
44b6_0113de3b,6,1818,2129,False,False,0.9084026158592896,0.9084026158592896,0.0,0.40625,0.8125,0.0,1,0.0,0.028701960000000026,1.033392763892498,0.31469780000000025,1.1009026374605642,3.1187172,0.006614900000000201,0.997395349663761,0.5363800000000083,0.9922177108413631,0.0,2,2,0,0.2342820116587933,1.1426846275180829,0
44b6_0113de3b,6,1818,2144,False,False,3.300390601883359,2.8726212985703494,1.625,-2.03125,2.03125,1.625,2,2.3919879860240694,0.12441367000000003,1.1629354288132276,1.0520805000000002,1.4417968504766951,2.3813345,0.07164359999999981,1.029057564470538,5.631955999999995,1.0897433834096226,0.015873009999999965,2,2,0,1.0648089605879656,4.365199562471324,0
44b6_0113de3b,6,1819,2118,False,False,3.832554834897995,2.03125,3.25,1.21875,1.625,3.25,1,0.0,0.033554900000000054,1.0347359254104744,0.2510492000000002,1.112232455687397,2.236769,0.0,0.9999959202040877,0.0,0.9999998378817236,0.03174602999999998,2,3,1,0.17385319993532233,4.006408034833317,0
44b6_0113de3b,6,1819,2082,False,False,5.9150892850404215,4.942244555867304,3.25,-0.8125,4.875,3.25,2,2.0825344501424263,0.1491731999999999,0.870099276401094,1.1742287999999999,0.679349939118916,2.4878182,0.04875600000000002,0.9804924997769874,3.754640000000002,0.9426227879825178,0.03174602999999998,2,2,0,0.9045037406280685,6.81959302566849,0
44b6_0113de3b,6,1819,2127,False,False,6.749131888620936,6.550584420492571,-1.625,6.5,-0.8125,1.625,3,2.916577053722941,0.15655266,1.1857600744945287,0.29983590000000016,1.1370324292274703,2.1879823,0.03239700000000001,1.0133902177445295,2.413696999999999,1.0407238185241579,0.015873000000000026,2,5,3,0.6525117170993864,7.401643605720323,0
44b6_0113de3b,6,1820,2074,False,False,2.1877232028983924,1.4647552056572457,1.625,0.8125,1.21875,1.625,1,0.0,0.01825835000000009,1.0186386869742203,0.3447556999999999,0.8954288171103726,2.9521818,0.02162910000000018,0.9911459499465133,1.609133,0.973684016429723,0.015873020000000015,1,1,0,0.3511019327002026,2.538825135598595,0
44b6_0113de3b,6,1820,2114,False,False,4.4502457797294745,4.1429533547941375,1.625,4.0625,-0.8125,1.625,2,2.262522576831082,0.12077935000000006,1.1377801408657506,0.22541639999999985,1.0826640874052185,2.7267654,0.029453799999999752,1.0123046785134338,2.1455060000000046,1.0373829652261632,0.015873020000000015,1,2,1,0.5090203434639153,4.95926612319339,0
44b6_0113de3b,6,1821,2178,False,False,4.614113030962723,3.2752922102462856,3.25,1.625,2.84375,3.25,1,0.0,0.10820353000000005,1.2033195002032662,1.2041710999999995,1.3113713506710356,3.8672729,0.06490470000000004,1.0270357859724053,4.827393999999998,1.083333172215785,0.03174604000000003,0,1,1,0.9339590061945668,5.54807203715729,0
44b6_0113de3b,6,1821,2236,False,False,5.041429918683786,1.284675299443404,4.875,-1.21875,-0.40625,4.875,2,0.42731688772106313,0.13554365999999995,1.2684922643906817,1.8073441999999997,1.5536989595141681,3.2640998,0.06832309999999975,0.9730287551028126,5.363766000000005,0.9212597555955764,0.04761904,0,1,1,1.5346829776196396,6.576112896303425,0
44b6_0113de3b,6,1822,2120,False,False,0.40625,0.40625,0.0,0.0,0.40625,0.0,1,0.0,0.010662559999999988,0.9880835225313558,0.18445250000000035,1.0695191862098783,2.6531065,0.0414399999999997,1.016805729378593,3.2182610000000054,1.0512818719145038,0.0,2,0,2,0.5268970412574259,0.9331470412574259,0
44b6_0113de3b,6,1823,2142,False,False,1.9902104160113323,1.1490485194281397,1.625,0.8125,0.8125,1.625,1,0.0,0.015139999999999931,1.0205879947633285,0.04607539999999988,1.0228755563655467,2.013729,0.0033468999999999305,1.0013223093991594,0.26818600000000004,1.0039838776670749,0.015873040000000005,2,2,0,0.06944350651672063,2.059653922528053,0
44b6_0113de3b,6,1824,2121,False,False,0.9084026158592896,0.9084026158592896,0.0,0.8125,-0.40625,0.0,1,0.0,0.0025562000000000085,1.003249148792435,0.5828044000000001,1.222332719915992,2.6212614,0.04679959999999994,1.0194036014287873,3.4864510000000024,1.05936056429739,0.0,1,2,1,0.6026327164383756,1.511035332297665,0
44b6_0113de3b,6,1824,2151,False,False,1.9902104160113323,1.1490485194281397,1.625,0.8125,0.8125,1.625,2,1.0818078001520428,0.017182769999999903,0.9785997310373538,0.0712872,1.0227519980122501,3.1327786,0.014209399999999928,1.0058099550503246,1.0727539999999962,1.0175436946741918,0.015873029999999955,1,2,1,0.19176194399415866,2.1819723600054908,0
44b6_0113de3b,6,1824,2169,False,False,4.0827619710803615,3.7454399357752353,1.625,-2.84375,2.4375,1.625,3,3.174359355221072,0.08317660000000004,1.1182972016881192,1.28509,1.6696662372384412,1.9189758,0.06529229999999986,1.0272817270229233,4.827393000000001,1.0841119679656226,0.015873029999999955,1,2,1,0.9654373220148547,5.048199293095216,0
44b6_0113de3b,6,1825,2133,False,False,3.9804208320226646,2.2980970388562794,3.25,1.625,1.625,3.25,1,0.0,0.042901599999999984,1.0525889368480577,0.22041059999999968,0.921256317348538,2.5787957,0.003567899999999735,0.9985381681362002,0.2681869999999975,0.9956330496194995,0.03174606000000002,3,0,3,0.28536008359305026,4.265780915615715,0
44b6_0113de3b,6,1826,2106,False,False,2.8726212985703494,2.368824207280903,1.625,2.03125,1.21875,1.625,1,0.0,0.31488056,0.7563675282415947,1.5937135000000002,0.5752342880048699,2.1582825,0.11344670000000034,0.9547992566082113,8.582027999999994,0.8704452545312259,0.015873000000000026,1,2,1,1.6677095886215898,4.5403308871919394,0
44b6_0113de3b,6,1826,2153,False,False,5.745242597140699,4.737648414561806,3.25,4.0625,2.4375,3.25,2,2.8726212985703494,0.08750806,0.917831858398771,0.08225349999999976,1.0396155852563462,2.076029,0.04019450000000013,0.9835011791027656,2.9500740000000008,0.9513272644064967,0.03174600000000005,1,2,1,0.5354921950097059,6.280734792150405,0
44b6_0113de3b,6,1827,2123,False,False,2.03125,1.21875,1.625,1.21875,0.0,1.625,1,0.0,0.01716390000000001,1.0179956878916452,0.11354949999999997,1.0399762057083062,2.840167,0.0,0.9999959083094706,0.0,0.9999998364596336,0.015872999999999915,3,3,0,0.08251980981636467,2.1137698098163646,0
44b6_0113de3b,6,1827,2125,False,False,2.632800908728193,2.0714766773970688,1.625,-0.40625,-2.03125,1.625,2,0.6015509087281932,0.032549700000000015,1.0346965410833653,0.4274745000000002,1.1692089704431705,2.526242,0.01799760000000017,1.0074145706065178,1.3409430000000029,1.0224213641297768,0.015872999999999915,3,3,0,0.3036625461721531,2.936463454900346,0
44b6_0113de3b,6,1827,2087,False,False,4.1429533547941375,4.1429533547941375,0.0,4.0625,-0.8125,0.0,3,2.1117033547941375,0.046335970000000004,1.0501335787051431,0.11270520000000017,1.0396671436430274,2.8410113,0.032590200000000014,1.0135109771246213,2.413697000000006,1.0410957255141489,0.0,3,2,1,0.35260195377820275,4.4955553085723405,0
44b6_0113de3b,6,1828,2140,False,False,2.0714766773970688,1.284675299443404,1.625,0.40625,1.21875,1.625,1,0.0,0.02043876999999994,1.0259672483074607,0.23766609999999977,1.0905976673634101,2.6231933,0.003610000000000113,0.9985122539722202,0.2681870000000046,0.9955554150242274,0.015873020000000015,2,3,1,0.16171027106547683,2.2331869484625457,0
44b6_0113de3b,6,1828,2143,False,False,4.5420130792964475,4.241374519244911,1.625,4.0625,1.21875,1.625,2,2.4705364018993787,0.02032807000000003,0.9754216710337221,0.015316499999999955,0.9946712415216277,2.8608594,0.021502000000000354,0.9912235430334831,1.6091300000000004,0.9739128996863984,0.015873020000000015,2,2,0,0.23446103189157133,4.776474111188019,0
44b6_0113de3b,6,1828,2147,False,False,5.745242597140699,4.737648414561806,3.25,4.0625,2.4375,3.25,3,3.67376591974363,0.016080300000000047,0.9804547199331416,0.17061780000000004,1.063417042480339,2.6902416,0.03211280000000016,0.9869510419935899,2.413695000000004,0.9613732573133128,0.03174605000000008,2,2,0,0.38716707560281904,6.132409672743518,0
44b6_0113de3b,6,1829,2065,False,False,1.7235727791422095,0.5745242597140698,-1.625,0.40625,-0.40625,1.625,1,0.0,0.03348202,0.9630790326610915,0.8481281,0.6749560083585555,1.7611644,0.02400519999999995,0.9904194835005651,1.877319,0.9715445731770858,0.015873040000000005,3,4,1,0.589469964959456,2.3130427441016654,0
44b6_0113de3b,6,1830,2102,False,False,3.6787502123683256,1.7235727791422095,3.25,1.21875,1.21875,3.25,1,0.0,0.053234400000000015,1.0484420197323476,0.4358476999999996,1.1253793742879157,3.4761415,0.0033205000000000595,1.0013066626017573,0.26818999999998994,1.0039368830362,0.031746029999999995,1,0,1,0.2900015866380402,3.9687517990063657,0
44b6_0113de3b,6,1831,2145,False,False,2.03125,2.03125,0.0,-2.03125,0.0,0.0,1,0.0,0.11993345,1.1449564330332815,0.2116203999999997,1.0958165194775085,2.208486,0.12114070000000021,1.0500054802188867,9.386600000000001,1.1576575237432993,0.0,1,3,2,1.4904909573116316,3.5217409573116316,0
44b6_0113de3b,6,1831,2119,False,False,2.7252078475778685,2.1877232028983924,-1.625,-0.8125,-2.03125,1.625,2,0.6939578475778685,0.11106784999999997,1.1328169207201217,0.047812399999999755,1.0201501999743707,2.372294,0.10308980000000023,1.0422389056479855,8.045656000000001,1.1321584327048266,0.015873000000000026,1,3,2,1.3249285965653965,4.050136444143265,0
44b6_0113de3b,6,1831,2152,False,False,3.832554834897995,2.03125,3.25,1.21875,1.625,3.25,3,1.8013048348979952,0.046611569999999936,1.0517433748754605,0.2849385999999998,1.1334449056186326,2.1351678,0.0,0.9999960683929776,0.0,0.9999998549136047,0.03174604000000003,1,3,2,0.21500989156952124,4.047564726467517,0
44b6_0113de3b,6,1832,2103,False,False,0.8125,0.8125,0.0,0.0,0.8125,0.0,1,0.0,0.04520687000000001,1.0467035870311816,0.2966063000000001,0.8870484819841756,2.3294334,0.02847009999999983,1.0135103387195215,1.6091320000000024,1.04109565321147,0.0,2,2,0,0.36092214571246567,1.1734221457124656,0
44b6_0113de3b,6,1832,2162,False,False,3.2752922102462856,3.2752922102462856,0.0,-0.40625,3.25,0.0,2,2.4627922102462856,0.2202069000000001,1.2777673147532727,0.5080764000000002,1.2789478452173562,1.821357,0.10323359999999981,1.0508045462429274,5.6319600000000065,1.1603050719130612,0.0,2,2,0,0.9548206834856304,4.230112893731916,0
44b6_0113de3b,6,1833,2230,False,False,1.1490485194281397,1.1490485194281397,0.0,0.8125,0.8125,0.0,1,0.0,0.25413674,1.5598838895238174,7.2381983000000005,2.7941653812079625,4.0342827,0.06706859999999981,1.0335247205231763,3.486449999999998,1.103999663520323,0.0,0,1,1,4.643208547771821,5.7922570671999605,0
44b6_0113de3b,6,1834,2114,False,False,2.1877232028983924,1.4647552056572457,1.625,0.8125,1.21875,1.625,1,0.0,0.03177149999999995,1.0362352198145268,0.04375820000000008,0.9839487329979579,2.6830072,0.029453799999999752,1.0123046785134338,2.1455060000000046,1.0373829652261632,0.015873020000000015,2,2,0,0.308209782487794,2.4959329853861862,0
44b6_0113de3b,6,1834,2074,False,False,4.375446405796785,4.0625,1.625,-2.4375,3.25,1.625,2,2.1877232028983924,0.07074950000000002,0.927726935807767,0.6139302999999998,0.8137852361919624,2.6830072,0.02162910000000018,0.9911459499465133,1.609133,0.973684016429723,0.015873020000000015,2,1,1,0.428232247257093,4.803678653053878,0
44b6_0113de3b,6,1835,2137,False,False,2.1877232028983924,1.4647552056572457,1.625,0.8125,1.21875,1.625,1,0.0,0.01592905,0.9794590315348434,0.3878047000000002,1.0918968958662185,4.219879,0.017193500000000306,1.0069213915446926,1.3409439999999933,1.0209203680119099,0.01587301000000002,0,0,0,0.3612483299254729,2.5489715328238653,0
44b6_0113de3b,6,1836,2087,False,False,2.4375,1.8168052317185792,1.625,1.625,0.8125,1.625,1,0.0,0.016361329999999952,0.9822830830943666,0.1727786,0.9391808150118409,2.6682327,0.0,0.9999958530097652,0.0,0.9999998297387958,0.015873040000000005,3,2,1,0.11082685431655054,2.5483268543165507,0
44b6_0113de3b,6,1836,2123,False,False,3.832554834897995,2.03125,3.25,-1.21875,1.625,3.25,2,1.3950548348979952,0.045533399999999946,0.9522216631830461,0.1719343000000002,0.9394600054855735,2.6682327,0.032590200000000014,0.9866610070403263,2.413697000000006,0.9605261472998593,0.03174603999999992,3,3,0,0.34991388058401846,4.182468715482013,0
44b6_0113de3b,6,1836,2125,False,False,4.33756303988772,2.8726212985703494,3.25,-2.84375,-0.40625,3.25,3,1.90006303988772,0.03014759999999994,0.9678434525402603,0.14199070000000003,1.0562021128533496,2.526242,0.014592599999999845,0.9939807418033125,1.0727540000000033,0.9820626144115209,0.03174603999999992,3,3,0,0.23627997401888076,4.5738430139066,0
44b6_0113de3b,6,1837,2250,False,False,0.40625,0.40625,0.0,-0.40625,0.0,0.0,1,0.0,0.21356663999999997,1.4794145285810174,2.2208760000000005,2.2179923182331565,1.8233726,0.15425559999999994,1.0847976765928316,6.972899999999999,1.2765952205670454,0.0,0,1,1,2.100568470710563,2.506818470710563,0
44b6_0113de3b,6,1838,2099,False,False,4.875,3.6336104634371584,3.25,1.625,3.25,3.25,1,0.0,0.09489298000000002,0.8971174872946255,0.6773238000000004,0.761363420969503,2.1610148,0.021191900000000263,0.9914118447753899,1.6091320000000024,0.9744679123935398,0.03174603000000009,1,1,0,0.49363934512063257,5.3686393451206325,0
44b6_0113de3b,6,1838,2105,False,False,6.9181882111576005,4.908737426772795,4.875,2.03125,4.46875,4.875,2,2.0431882111576005,0.04253934000000004,0.9510975860221745,0.5178986000000001,0.8066728597017742,2.1610148,0.010641500000000192,0.9956669285127615,0.8045669999999987,0.987068781727573,0.0476190700000001,1,1,0,0.33046698664630997,7.24865519780391,0
44b6_0113de3b,6,1839,2115,False,False,1.8168052317185792,1.8168052317185792,0.0,-1.625,0.8125,0.0,1,0.0,0.025497199999999998,1.030057684308696,0.15650340000000007,1.0472483883997024,3.3121326,0.059291800000000006,1.024256277962613,4.559207000000001,1.0745612747565976,0.0,2,3,1,0.6936195453835126,2.5104247771020916,0
44b6_0113de3b,6,1839,2116,False,False,1.86167137607581,0.9084026158592896,1.625,0.40625,0.8125,1.625,2,0.044866144357230686,0.03962650000000001,0.9565896945524018,0.2007336999999998,0.9452921974795904,3.468636,0.0034103999999999246,1.0013602367173509,0.26819000000000415,1.0040982303860142,0.015873009999999965,2,4,2,0.18184600607074447,2.0435173821465544,0
44b6_0113de3b,6,1839,2122,False,False,3.832554834897995,2.03125,3.25,1.21875,1.625,3.25,3,2.015749603179416,0.007641600000000026,0.9913156748119953,0.09284850000000011,1.0275012052707546,3.3757875,0.023616999999999777,0.9906497577413849,1.8773159999999933,0.9722221276889661,0.03174602999999998,2,2,0,0.32921935570035205,4.161774190598347,0
44b6_0113de3b,6,1840,2064,False,False,4.772356925566235,4.487177913232324,1.625,4.46875,-0.40625,1.625,1,0.0,0.09802469999999985,1.0956955658103684,0.04054329999999995,1.0150753118444256,2.6887105,0.04625400000000024,1.019061987320588,3.486449999999998,1.058295784171632,0.015873009999999993,2,1,1,0.6126859831674671,5.385042908733702,0
44b6_0113de3b,6,1841,2133,False,False,2.2980970388562794,1.625,1.625,-1.625,0.0,1.625,1,0.0,0.06565614000000008,1.080488037535992,0.026290299999999878,0.9906044059546238,2.772916,0.038577800000000106,1.0157577458723444,2.9500740000000008,1.048034777075436,0.015873040000000005,3,0,3,0.5089759460367317,2.807072984893011,0
44b6_0113de3b,6,1842,2084,False,False,1.86167137607581,0.9084026158592896,1.625,-0.8125,-0.40625,1.625,1,0.0,0.15377759999999996,0.8487181121645954,0.5586018999999998,0.8275601425213153,2.6808474,0.04945449999999996,0.980076051324675,3.7546390000000045,0.9414224422413409,0.01587302,2,2,0,0.752469124254631,2.614140500330441,0
44b6_0113de3b,6,1842,2109,False,False,2.4375,1.8168052317185792,1.625,1.625,0.8125,1.625,2,0.5758286239241901,0.10917105999999999,0.8876687979071002,0.7407381999999996,0.7835079633607199,2.6808474,0.02850280000000005,0.9884175000359505,2.1455079999999995,0.9656650784931649,0.01587302,2,2,0,0.5648419092387754,3.0023419092387753,0
44b6_0113de3b,6,1843,2183,False,False,3.350023320814349,0.8125,3.25,0.0,0.8125,3.25,1,0.0,0.10118920000000009,1.1636982175715038,1.9607754000000002,1.3543805117642744,5.532928,0.033141899999999946,1.0157280962266932,1.877319,1.0479449287467149,0.03174605000000008,0,1,1,1.2252224117994777,4.575245732613826,0
44b6_0113de3b,6,1843,2241,False,False,6.942003043070494,2.4375,-6.5,0.0,2.4375,6.5,2,3.5919797222561454,0.18138160000000003,1.3371900605196627,3.8882834,2.0784492834419197,3.60542,0.02356669999999994,1.0111320378003583,1.3409419999999983,1.0337835132881628,0.06349205000000002,0,1,1,2.453379546400162,9.395382589470657,0
44b6_0113de3b,6,1844,2031,False,False,0.9084026158592896,0.9084026158592896,0.0,-0.8125,0.40625,0.0,1,0.0,0.19982295000000005,0.8323177137613409,1.3157467999999999,0.6273527000738182,2.21508,0.0,0.999995326413122,0.0,0.999999756292806,0.0,3,3,0,0.958195215021174,1.8665978308804636,0
44b6_0113de3b,6,1844,2095,False,False,2.471122277933652,2.471122277933652,0.0,2.4375,0.40625,0.0,2,1.5627196620743624,0.061378900000000014,1.0659502140572548,0.3253474999999999,1.1721596990066105,1.8897325,0.057468899999999934,1.0275950810658243,3.218262000000003,1.0851061039014445,0.0,3,3,0,0.3664887813642973,2.837611059297949,0
44b6_0113de3b,6,1845,2119,False,False,2.1877232028983924,1.4647552056572457,1.625,0.8125,1.21875,1.625,1,0.0,0.022065450000000042,1.0263766762466284,0.023151400000000155,0.9902367487472093,2.3491426,0.010798400000000097,0.995571052836679,0.8045640000000063,0.986784002324356,0.015872999999999915,2,3,1,0.15958483530411596,2.347308038202508,0
44b6_0113de3b,6,1845,2145,False,False,4.614113030962723,3.2752922102462856,3.25,-0.40625,3.25,3.25,2,2.4263898280643303,0.03093105000000007,1.0373755517677632,0.1406565999999998,1.0636843354029166,2.208486,0.007252499999999884,1.0029898670649577,0.5363799999999941,1.0090088909827948,0.03174599999999994,2,3,1,0.1347636476088674,4.74887667857159,0
44b6_0113de3b,6,1845,2160,False,False,6.625736987309412,6.423376497217021,-1.625,-6.09375,-2.03125,1.625,3,4.4380137844110195,0.22513514,1.3555902046612465,0.2612652999999998,1.1251290239659966,2.0878773,0.3622592,1.1752246290381203,23.064209999999996,1.6231879907117044,0.015873030000000066,2,1,1,2.015850785991351,8.641587773300763,0
44b6_0113de3b,6,1846,2156,False,False,1.7235727791422095,0.5745242597140698,1.625,-0.40625,-0.40625,1.625,1,0.0,0.015358810000000056,0.9812631732559793,0.03433149999999996,0.9883594382037059,2.9158168,0.046524699999999974,1.0192312335604243,3.4864510000000024,1.058823364661277,0.01587301000000002,2,2,0,0.5146262114965354,2.238198990638745,0
44b6_0113de3b,6,1846,2135,False,False,3.72334275215162,1.8168052317185792,3.25,0.8125,1.625,3.25,2,1.9997699730094103,0.0019320800000000027,1.002393757281072,0.055620799999999804,1.0194429352291408,2.860196,0.003516900000000156,1.0014245766506245,0.26818899999999957,1.0042916931551176,0.03174604000000003,2,3,1,0.05073903254751429,3.774081784699134,0
44b6_0113de3b,6,1847,2125,False,False,1.8168052317185792,0.8125,1.625,0.8125,0.0,1.625,1,0.0,0.049583840000000046,1.0528597613444555,0.48085210000000034,1.1903381372879667,2.526242,0.02512300000000023,1.0103516929240968,1.8773199999999974,1.0313899733204204,0.015872999999999915,3,3,0,0.37363525126845565,2.190440482987035,0
44b6_0113de3b,6,1847,2123,False,False,3.5648292823780494,3.1729139308370784,1.625,2.4375,2.03125,1.625,2,1.7480240506594702,0.03419804000000004,1.0358657388388108,0.1669271000000001,1.058769963984639,2.840167,0.0071254000000000595,1.0029114014792935,0.5363769999999946,1.0087717655669126,0.015872999999999915,3,3,0,0.1506300495428482,3.7154593319208975,0
44b6_0113de3b,6,1847,2087,False,False,5.420051026051323,5.420051026051323,0.0,5.28125,1.21875,0.0,3,3.603245794332744,0.06337011000000004,1.068567783069659,0.1660828000000003,1.058455316755281,2.8410113,0.03971560000000007,1.0164658735464902,2.9500740000000008,1.0502281449057693,0.0,3,2,1,0.44339907985704663,5.8634501059083695,0
44b6_0113de3b,6,1848,2102,False,False,4.614113030962723,3.2752922102462856,3.25,3.25,0.40625,3.25,1,0.0,0.11646140000000005,0.893993922767487,1.0831407000000004,0.6884052090364875,2.3930008,0.05435560000000006,0.9785417621682239,4.291013000000007,0.9370077721804558,0.031746029999999995,1,0,1,0.9206784362399539,5.534791467202677,0
44b6_0113de3b,6,1848,2058,False,False,6.9181882111576005,6.9181882111576005,0.0,-4.46875,-5.28125,0.0,2,2.304075180194878,0.07588640000000002,0.9282743599009893,3.9748018000000003,0.3757963605901342,2.3930008,0.06098800000000004,0.9759867997078324,4.827393000000001,0.9296873584433524,0.0,1,0,1,2.669635440183039,9.587823651340639,0
44b6_0113de3b,6,1849,2081,False,False,1.6750116604071745,1.6750116604071745,0.0,1.625,0.40625,0.0,1,0.0,0.05254530000000002,0.9341021435395204,0.278359,0.9095604003021747,2.7995858,0.014209399999999928,0.9942154929629031,1.0727539999999962,0.9827584613544734,0.0,1,2,1,0.2516698032992692,1.9266814637064438,0
44b6_0113de3b,6,1849,2131,False,False,2.0714766773970688,2.0714766773970688,0.0,-2.03125,0.40625,0.0,2,0.3964650169898942,0.06462115000000002,0.9201692855339945,0.3573780000000002,1.1463292913514922,2.4422078,0.010766600000000182,1.0044207427962475,0.8045660000000012,1.0133331749041474,0.0,1,3,2,0.4556946936642064,2.527171371061275,0
44b6_0113de3b,6,1850,2133,False,False,1.6750116604071745,0.40625,1.625,0.40625,0.0,1.625,1,0.0,0.08819176000000006,1.1081187227287064,0.5741093000000004,1.2050928683146067,2.7992063,0.04546450000000002,1.0185714627164235,3.486450000000005,1.0567683847492404,0.015873040000000005,2,0,2,0.6182866562171079,2.2932983166242824,0
44b6_0113de3b,6,1851,2138,False,False,1.21875,1.21875,0.0,0.0,1.21875,0.0,1,0.0,0.016736899999999943,1.018279874008327,0.0996617999999998,1.0425477245341417,2.3421082,0.0071254000000000595,0.997088902424745,0.5363769999999946,0.9913041864126727,0.0,2,3,1,0.11903422702697405,1.337784227026974,0
44b6_0113de3b,6,1851,2132,False,False,4.33756303988772,4.021669817998489,1.625,2.84375,2.84375,1.625,2,3.11881303988772,0.012075700000000023,1.0131190865600719,0.07209030000000016,1.0304176112171985,2.3696797,0.021253100000000025,0.9913748031776498,1.6091309999999979,0.9743588170548609,0.01587301000000002,2,2,0,0.25442557139996613,4.591988611287686,0
44b6_0113de3b,6,1851,2073,False,False,5.2183757350827085,4.0827619710803615,3.25,0.40625,4.0625,3.25,3,3.9996257350827085,0.059676249999999986,0.9397995022985095,0.5402358,0.818832012895438,2.44177,0.09951160000000003,0.9608720178564155,7.7774670000000015,0.887159389737604,0.03174602999999998,2,2,0,1.24805181404845,6.466427549131159,0
44b6_0113de3b,6,1852,2101,False,False,3.374565944310468,0.9084026158592896,3.25,0.8125,0.40625,3.25,1,0.0,0.00016218000000001176,0.9998141936577771,0.0384180999999999,0.9841292182570014,2.382883,0.014168300000000134,1.005784693277408,1.0727550000000008,1.0174671013692544,0.031746059999999965,4,4,0,0.16350219593629906,3.538068140246767,0
44b6_0113de3b,6,1852,2110,False,False,4.614113030962723,3.2752922102462856,3.25,3.25,0.40625,3.25,2,1.2395470866522547,0.12678884,0.8796164476577399,1.1430566999999998,0.6758131007938089,2.382883,0.017484399999999845,0.9929435250477352,1.3409419999999983,0.9789914491197219,0.031746059999999965,4,4,0,0.7454321217174252,5.359545152680148,0
44b6_0113de3b,6,1852,2080,False,False,6.039340428598143,5.090297909995052,3.25,4.46875,2.4375,3.25,3,2.664774484287675,0.011475860000000004,1.0125306425819516,0.0456951000000001,0.9811803821323178,2.382883,0.02850280000000005,1.01170995856915,2.1455079999999995,1.0355553871831154,0.031746059999999965,4,3,1,0.3173560889281149,6.356696517526258,0
44b6_0113de3b,6,1852,2098,False,False,6.809990937035085,4.755034338729848,4.875,4.46875,-1.625,4.875,4,3.435424992724617,0.019314759999999986,1.0212798069813185,0.012964999999999893,0.994584403583184,2.382883,0.014168300000000134,1.005784693277408,1.0727550000000008,1.0174671013692544,0.04761906999999993,4,4,0,0.17340681563001,6.983397752665095,0
44b6_0113de3b,6,1853,2111,False,False,0.5745242597140698,0.5745242597140698,0.0,0.40625,0.40625,0.0,1,0.0,0.023662359999999993,0.9706329983761308,1.1200588000000002,0.6126326833132617,1.7714214,0.020491100000000095,0.991832435102119,1.6091299999999933,0.9757083663433298,0.0,3,1,2,0.7569488697134593,1.331473129427529,0
44b6_0113de3b,6,1854,2167,False,False,0.40625,0.40625,0.0,0.40625,0.0,0.0,1,0.0,0.04938264000000003,1.0639405970906188,0.17500250000000017,1.0754181534017546,2.3202868,0.0,0.999995326413122,0.0,0.999999756292806,0.0,2,1,1,0.1953373185540305,0.6015873185540305,0
44b6_0113de3b,6,1854,2189,False,False,6.953879874753374,2.471122277933652,-6.5,-0.40625,2.4375,6.5,2,6.547629874753374,0.06627854,1.0877417203926076,0.07631670000000002,0.9703195578188967,2.4952893,0.34298129999999993,0.8618455446374068,23.064209000000005,0.6401672644684335,0.06349205999999996,2,1,1,2.4163831593062626,9.370263034059636,0
44b6_0113de3b,6,1855,2140,False,False,0.8125,0.8125,0.0,0.0,-0.8125,0.0,1,0.0,0.038240370000000024,1.0485950701229736,0.2815968999999998,1.1073446728280647,2.6231933,0.02850280000000005,1.01170995856915,2.1455079999999995,1.0355553871831154,0.0,2,3,1,0.33693279867870557,1.1494327986787056,0
44b6_0113de3b,6,1855,2143,False,False,3.7454399357752353,3.7454399357752353,0.0,3.65625,-0.8125,0.0,2,2.9329399357752353,0.0025264699999999474,0.9969347045185166,0.028614300000000092,1.009945219465821,2.8761759,0.01061079999999981,1.0043249100506995,0.8045650000000037,1.0130433069793863,0.0,2,2,0,0.12191677509398495,3.8673567108692204,0
44b6_0113de3b,6,1855,2147,False,False,4.021669817998489,3.6787502123683256,1.625,3.65625,0.40625,1.625,3,3.2091698179984887,0.0017213000000000367,1.0020787578714143,0.2145486000000001,1.079746667560759,2.6902416,0.0,0.9999959377893564,0.0,0.9999998399690819,0.015873030000000066,2,2,0,0.1452028888766838,4.166872706875172,0
44b6_0113de3b,6,1856,2127,False,False,1.86167137607581,0.9084026158592896,1.625,-0.40625,0.8125,1.625,1,0.0,0.043328440000000024,0.9485727925993039,0.22716879999999984,0.8961702013302333,1.9608135,0.010894999999999655,1.0045003402645876,0.8045669999999987,1.0135745161905172,0.015872999999999915,2,5,3,0.23569868668538568,2.0973700627611955,0
44b6_0113de3b,6,1856,2124,False,False,2.333728575156074,1.6750116604071745,1.625,1.625,-0.40625,1.625,2,0.4720571990802642,0.08759460000000008,0.9012327668119836,0.5493416999999998,0.7811491849221717,1.9608135,0.003610000000000113,0.9985122539722202,0.2681870000000046,0.9955554150242274,0.015872999999999915,2,4,2,0.40364548950986956,2.7373740646659437,0
44b6_0113de3b,6,1856,2117,False,False,4.375446405796785,2.9295104113144914,3.25,2.4375,1.625,3.25,3,2.513775029720975,0.2336522000000001,0.7738106439453339,1.0616639,0.6487416622481205,1.9608135,0.09728540000000008,0.9614959342849762,7.509276,0.888888777093038,0.03174599999999994,2,3,1,1.3830983141860775,5.758544719982862,0
44b6_0113de3b,6,1856,2149,False,False,5.2183757350827085,4.958913218891817,1.625,2.84375,4.0625,1.625,4,3.3567043590068986,0.10746319999999998,0.8814872156224466,0.08771150000000016,0.9571784226288542,1.9608135,0.11388820000000033,0.9552197037046588,8.850220000000007,0.8715952031535977,0.015872999999999915,2,4,2,1.4228900513841547,6.641265786466863,0
44b6_0113de3b,6,1857,2098,False,False,3.494694639736067,1.284675299443404,3.25,0.40625,1.21875,3.25,1,0.0,0.1079523,0.8809922057948816,0.44294849999999997,0.8151148774259577,1.9528995,0.05838389999999993,0.9761418531340889,4.291013999999997,0.9301308780876125,0.03174604999999997,4,4,0,0.6560214449918581,4.150716084727925,0
44b6_0113de3b,6,1857,2110,False,False,3.72334275215162,3.350023320814349,1.625,-0.8125,3.25,1.625,2,0.2286481124155526,0.2540559,0.7587883645384027,1.5730401999999999,0.5538648211572615,1.9528995,0.09003659999999991,0.963679144329808,6.704710999999996,0.8949578566074188,0.015873040000000005,4,4,0,1.3621268361773884,5.085469588329008,0
44b6_0113de3b,6,1857,2101,False,False,4.875,4.596194077712559,1.625,-3.25,3.25,1.625,3,1.3803053602639328,0.12742924,0.8624752059468735,0.4684016,0.8065462963433323,1.9528995,0.05838389999999993,0.9761418531340889,4.291013999999997,0.9301308780876125,0.015873040000000005,4,4,0,0.6945853263011014,5.569585326301102,0
44b6_0113de3b,6,1857,2317,False,False,5.420051026051323,5.170718337426629,1.625,3.65625,-3.65625,1.625,4,1.9253563863152556,0.5475005500000001,3.174877683363726,1.34082435,3.1905683384084718,0.61207515,0.06533159999999993,1.0281094572322416,4.559206000000003,1.0867345255726486,0.015873040000000005,4,1,3,2.0875937416510384,7.507644767702361,0
44b6_0113de3b,6,1858,2174,False,False,3.917733121653388,2.1877232028983924,3.25,2.03125,0.8125,3.25,1,0.0,0.07474064000000002,1.1101249870320946,0.6498418999999998,1.2002786380771902,3.2446291,0.041906999999999694,1.0170931209337182,3.218260000000008,1.0521737142723744,0.031746029999999995,1,0,1,0.5989322290932412,4.516665350746629,0
44b6_0113de3b,6,1859,2176,False,False,2.7252078475778685,2.1877232028983924,1.625,2.03125,0.8125,1.625,1,0.0,0.01539117000000001,1.023578482405329,0.6973687000000002,1.2062657448145822,3.380865,0.013850600000000046,0.9944325361038019,1.0727499999999992,0.9834023971805302,0.015873029999999955,1,1,0,0.505118960336282,3.2303268079141505,0
44b6_0113de3b,6,1860,2097,False,False,1.9902104160113323,1.1490485194281397,1.625,0.8125,0.8125,1.625,1,0.0,0.07284374999999998,0.906326240616793,0.10709869999999988,0.9668588757624392,3.1247883,0.0786872999999999,0.968978636426724,6.168332999999997,0.9098038151975922,0.015873040000000005,3,2,1,1.007521284883317,2.9977317008946494,0
44b6_0113de3b,6,1861,2200,False,False,2.1877232028983924,1.4647552056572457,1.625,-0.8125,1.21875,1.625,1,0.0,0.05226156999999998,1.0740594064738591,0.16533679999999995,0.930189681704386,2.2031684,0.07164359999999981,0.9717551634308409,5.631955999999995,0.9176469521657799,0.015873000000000026,1,2,1,0.9789875535172387,3.166710756415631,0
44b6_0113de3b,6,1861,2213,False,False,2.6012692214570947,2.03125,1.625,1.625,1.21875,1.625,2,0.4135460185587023,0.08929414000000002,1.1335582576679162,0.6398145,1.409248608081586,1.5633539,0.010490299999999841,0.995758690094724,0.8045660000000012,0.9873416080507634,0.015873000000000026,1,3,2,0.4873421268357918,3.0886113482928863,0
44b6_0113de3b,6,1862,2225,False,False,0.5745242597140698,0.5745242597140698,0.0,-0.40625,0.40625,0.0,1,0.0,0.1230209499999999,1.2262738497620196,0.96839817,2.4993190354702746,0.64587533,0.02562180000000014,1.0141305656364161,1.0727539999999998,1.043010338817117,0.0,3,2,1,0.7169632357170639,1.2914874954311337,0
44b6_0113de3b,6,1863,2158,False,False,2.6012692214570947,2.03125,1.625,1.625,1.21875,1.625,1,0.0,0.006071600000000066,1.0080173520597107,0.40449990000000025,0.902385947588449,3.7394621,0.0508883,0.9799103141208211,4.022824,0.9409447873366776,0.015873000000000026,0,0,0,0.7095916365912265,3.310860858048321,0
44b6_0113de3b,6,1864,2071,False,False,2.2980970388562794,1.625,1.625,0.0,1.625,1.625,1,0.0,0.02492279999999991,1.0397959723207069,1.0568502,0.46631901276661064,0.9234618,0.08392099999999991,0.9579277416444227,4.0228259999999985,0.8790320242920092,0.015872999999999915,1,1,0,1.0886642172909493,3.3867612561472287,0
44b6_0113de3b,6,1864,2046,False,False,5.450415695155737,5.450415695155737,0.0,4.875,-2.4375,0.0,2,3.1523186562994576,0.5661543000000001,0.5348214125789525,1.6775181999999997,0.35504242615311865,0.9234618,0.5922654,0.7633992569876817,36.473636,0.4448978703528541,0.0,1,2,1,3.2183895411562338,8.668805236311972,0
44b6_0113de3b,6,1864,2035,False,False,6.953879874753374,6.953879874753374,0.0,6.90625,-0.8125,0.0,3,4.655782835897095,0.9218179000000001,0.41387653935409335,4.9051902,0.15843461157981026,0.9234618,0.6291821999999998,0.7523046932543764,39.423705999999996,0.4257811887801637,0.0,1,2,1,4.387410927417101,11.341290802170477,0
44b6_0113de3b,6,1865,2106,False,False,1.284675299443404,1.284675299443404,0.0,-1.21875,-0.40625,0.0,1,0.0,0.29820044,0.7692730242489275,1.7242586000000002,0.5404408734954048,2.0277374,0.07685170000000019,0.9693785736906093,5.900142999999993,0.9109310841851523,0.0,2,2,0,1.4777446177684808,2.7624199172118846,0
44b6_0113de3b,6,1865,2153,False,False,1.9902104160113323,1.1490485194281397,1.625,0.8125,0.8125,1.625,2,0.7055351165679282,0.07082794000000003,0.9334923342146825,0.04829160000000021,0.9767337704156809,2.0277374,0.0035994999999999777,0.9985187604862996,0.26818899999999957,0.9955750483669474,0.015873000000000026,2,2,0,0.2875322339086078,2.27774264991994,0
44b6_0113de3b,6,1866,2063,False,False,2.0714766773970688,2.0714766773970688,0.0,2.03125,-0.40625,0.0,1,0.0,0.16176224000000006,0.8514759152760648,1.0832372000000001,0.656696052652012,2.0721118,0.09289669999999983,0.9633774917424959,7.241086999999993,0.8941175412612171,0.0,4,2,2,1.2836078622925469,3.3550845396896154,0
44b6_0113de3b,6,1866,2070,False,False,4.5420130792964475,4.5420130792964475,0.0,4.46875,-0.8125,0.0,2,2.4705364018993787,0.05412620000000001,0.9448469239854744,0.8117516,0.7185169085439048,2.0721118,0.07284159999999984,0.9710540987608487,5.631957,0.915662527737038,0.0,4,2,2,0.955634110994708,5.497647190291156,0
44b6_0113de3b,6,1867,2169,False,False,0.5745242597140698,0.5745242597140698,0.0,0.40625,-0.40625,0.0,1,0.0,0.02160613999999994,1.0307186169599918,0.17223389999999994,1.089747355087255,1.9189758,0.0074312999999999185,1.003101390128032,0.5363760000000042,1.0093456019151266,0.0,2,2,0,0.12306350958043237,0.6975877692945022,0
44b6_0113de3b,6,1867,2151,False,False,4.5420130792964475,4.5420130792964475,0.0,4.0625,-2.03125,0.0,2,3.9674888195823774,0.07875323000000001,0.9019614462144973,1.0415689000000001,0.6675234007171756,2.0912097,0.04365160000000001,0.9821350244781294,3.2182630000000003,0.9473682454619224,0.0,2,2,0,0.7284828667846414,5.2704959460810885,0
44b6_0113de3b,6,1867,2121,False,False,5.450415695155737,5.202538442914189,-1.625,4.0625,-3.25,1.625,3,4.875891435441667,0.059014260000000096,0.9246804637878525,0.5300517,0.7977845025890871,2.0912097,0.011061399999999999,0.9954087012314985,0.8045659999999941,0.9863011921383047,0.015873029999999955,2,2,0,0.3446751284496119,5.795090823605349,0
44b6_0113de3b,6,1868,2173,False,False,1.9902104160113323,1.1490485194281397,1.625,-0.8125,0.8125,1.625,1,0.0,0.015464199999999928,0.9792342399526772,0.18107430000000013,1.075907283463329,2.385325,0.010894999999999655,0.9955116086962428,0.8045669999999987,0.9866069527649376,0.015873029999999982,1,1,0,0.19960810721060893,2.189818523221941,0
44b6_0113de3b,6,1868,2281,False,False,6.563169608695177,6.358818311015027,1.625,2.84375,-5.6875,1.625,2,4.572959192683845,0.1926854,1.3587802520906693,1.3559783,2.1202359324901625,1.210421,0.02527159999999995,0.9896555516711774,1.8773200000000045,0.9692980764071384,0.015873029999999982,1,1,0,1.043454736457393,7.60662434515257,0
44b6_0113de3b,6,1869,2251,False,False,5.041429918683786,3.8540258983302125,3.25,3.65625,-1.21875,3.25,1,0.0,0.11214059999999998,1.2580377179950255,1.9870483000000005,1.9557820089409834,2.078956,0.06359160000000008,1.0262086249680542,4.827390000000001,1.0807172653464432,0.03174602999999998,1,1,0,1.3556172796160029,6.397047198299789,0
44b6_0113de3b,6,1870,2146,False,False,2.368824207280903,1.7235727791422095,1.625,1.21875,1.21875,1.625,1,0.0,0.0048017300000000596,0.9937180450273813,0.294219,0.9556038369472454,6.333123,0.0033118999999999232,0.9986922612208506,0.26819000000000415,0.9960935827264694,0.015873020000000015,0,0,0,0.19680173495090175,2.565625942231805,0
44b6_0113de3b,6,1871,2148,False,False,2.4375,1.8168052317185792,1.625,0.8125,1.625,1.625,1,0.0,0.04203689999999993,0.9509470255314767,0.3483426999999999,1.0805583271139494,4.3239713,0.0,0.9999960632807153,0.0,0.9999998543468578,0.015872999999999915,0,0,0,0.35379563275240394,2.791295632752404,0
44b6_0113de3b,6,1871,2055,False,False,6.724634051381532,4.631962664465248,-4.875,-2.84375,-3.65625,4.875,2,4.287134051381532,0.24784380000000006,0.7668312166115605,0.5993219999999999,1.14714257444509,4.072992,0.06098800000000004,1.0245958552244834,4.827393000000001,1.0756300906923508,0.047619060000000046,0,2,2,1.5506356112726036,8.275269662654136,0
44b6_0113de3b,6,1872,2170,False,False,0.5745242597140698,0.5745242597140698,0.0,-0.40625,-0.40625,0.0,1,0.0,0.002929100000000018,1.0043603988963596,0.6358215,0.8614225993766288,3.9524455,0.05450350000000004,1.0220111636165787,4.291015000000002,1.0675103696184496,0.0,0,0,0,0.8638928469736792,1.4384171066877491,0
44b6_0113de3b,6,1873,2103,False,False,2.471122277933652,2.471122277933652,0.0,2.4375,-0.40625,0.0,1,0.0,0.15579617,0.8389997577135309,1.0245884000000003,0.6098328222805531,1.6014513,0.07476349999999998,0.9645041545095011,4.022828000000004,0.8972600241784504,0.0,2,2,0,0.8040716297819394,3.2751939077155914,0
44b6_0113de3b,6,1873,2162,False,False,2.8726212985703494,2.8726212985703494,0.0,2.03125,2.03125,0.0,2,0.4014990206366975,0.019203860000000073,1.024212089052799,0.21990569999999998,0.8792578870705354,1.6014513,0.0,0.9999950782043793,0.0,0.9999997153648879,0.0,2,2,0,0.19974935035136554,3.072370648921715,0
44b6_0113de3b,6,1874,2111,False,False,1.625,1.625,0.0,-1.625,0.0,0.0,1,0.0,0.05570691999999999,0.9308797737058327,0.46563770000000027,0.8389592674393292,2.4258425,0.026811599999999824,1.010677661558016,2.1455100000000016,1.0323885429548616,0.0,3,1,2,0.5182309392254333,2.1432309392254334,0
44b6_0113de3b,6,1875,2175,False,False,1.8168052317185792,0.8125,1.625,-0.8125,0.0,1.625,1,0.0,0.004620620000000075,1.0058136683862684,0.8113631999999997,1.3157985856358234,2.569201,0.01333479999999998,1.0052802026677212,1.0727499999999992,1.015936045464836,0.015873020000000015,2,2,0,0.5671426160132852,2.3839478477318643,0
44b6_0113de3b,6,1876,2193,False,False,1.6750116604071745,0.40625,1.625,0.0,-0.40625,1.625,1,0.0,0.06292152000000006,1.08738560207878,0.6538099000000002,1.346636441038898,1.8861157,0.025347200000000125,1.010491367432969,1.877319,1.0318180011601403,0.015873000000000026,1,3,2,0.4536685305589532,2.1286801909661275,0
44b6_0113de3b,6,1876,2163,False,False,3.65625,1.6750116604071745,3.25,0.40625,1.625,3.25,2,1.9812383395928255,0.018406839999999924,0.9770151052394584,0.3221712000000001,1.1452639423736806,2.2177544,0.03879879999999991,0.9843462293575399,2.950072999999996,0.9537813666659632,0.03174604000000003,1,4,3,0.5248499889943866,4.1810999889943865,0
44b6_0113de3b,6,1876,2201,False,False,4.182599744775969,3.8540258983302125,1.625,3.65625,1.21875,1.625,3,2.507588084368794,0.1359787600000001,1.2101939670364872,1.2911586000000002,2.0339304775792635,1.248767,0.05873919999999977,1.0246589332936746,4.291014000000004,1.0758291631161356,0.015873000000000026,1,3,2,0.9240783653675884,5.106678110143557,0
44b6_0113de3b,6,1876,2152,False,False,6.989389279472134,6.187815648514426,3.25,-5.6875,2.4375,3.25,4,5.31437761906496,0.11777716999999999,0.869216730405658,0.40475780000000006,1.189561637443027,2.1351678,0.10308980000000023,0.9594652102316769,8.045656000000001,0.8832683322101228,0.03174604000000003,1,3,2,1.4317269098912224,8.421116189363357,0
44b6_0113de3b,6,1877,2191,False,False,2.6012692214570947,2.03125,1.625,1.625,1.21875,1.625,1,0.0,0.019163350000000023,0.9739207019097335,0.08072420000000013,0.9716919883904269,2.771257,0.01768520000000029,0.9928220916606303,1.3409440000000004,0.9786322970858266,0.015873009999999965,2,2,0,0.20056341182938667,2.8018326332864816,0
44b6_0113de3b,6,1877,2185,False,False,3.300390601883359,2.8726212985703494,1.625,-0.40625,2.84375,1.625,2,0.6991213804262641,0.02039556000000009,0.9722911096920661,0.18391879999999983,1.0710800347630056,2.5873382,0.01768520000000029,0.9928220916606303,1.3409440000000004,0.9786322970858266,0.015873009999999965,2,3,1,0.27056480118713483,3.5709554030704935,0
44b6_0113de3b,6,1877,2188,False,False,4.487177913232324,3.093907824257213,3.25,1.21875,2.84375,3.25,3,1.8859086917752297,0.040283200000000075,0.9467242512072696,0.22237410000000013,0.9257145086630457,2.771257,0.04546450000000002,0.98175919871962,3.486450000000005,0.9462808478432433,0.03174602999999998,2,3,1,0.5325378089021852,5.019715722134509,0
44b6_0113de3b,6,1878,2157,False,False,2.1877232028983924,2.1877232028983924,0.0,0.8125,2.03125,0.0,1,0.0,0.0076065399999999395,0.9895647353616265,1.1726861999999998,0.7167473006729781,2.9674098,0.00666739999999999,0.9973644135759028,0.5363740000000092,0.9921258816075423,0.0,0,0,0,0.7937979537675892,2.9815211566659814,0
44b6_0113de3b,6,1879,2195,False,False,2.1877232028983924,1.4647552056572457,1.625,0.8125,1.21875,1.625,1,0.0,0.010397729999999994,0.9862351891362248,0.40698979999999985,0.8615794116584747,2.5333128,0.010490299999999841,0.995758690094724,0.8045660000000012,0.9873416080507634,0.015873019999999988,1,1,0,0.2803592037152751,2.4680824066136675,0
44b6_0113de3b,6,1880,2134,False,False,2.03125,1.21875,1.625,0.0,1.21875,1.625,1,0.0,0.1066796000000001,0.8946193124439955,0.5799586999999999,0.7494451855411011,1.7347691,0.04459460000000037,0.981558486231894,3.2182630000000003,0.9457011759962258,0.01587299999999997,3,2,1,0.5545351388762851,2.585785138876285,0
44b6_0113de3b,6,1881,2156,False,False,4.162823748671087,2.6012692214570947,3.25,1.625,2.03125,3.25,1,0.0,0.021725050000000024,0.9735017957719155,0.34328689999999984,0.8836344137872195,2.6068614,0.04300779999999982,1.0177771916057594,3.218262000000003,1.0542984696909783,0.031746030000000036,1,2,1,0.5378687210992812,4.7006924697703685,0
44b6_0113de3b,6,1881,2135,False,False,6.953879874753374,4.958913218891817,4.875,2.84375,4.0625,4.875,2,2.791056126082287,0.004434159999999965,0.994465245797132,0.2533346000000001,0.9114243519522719,2.6068614,0.0,0.9999959377893564,0.0,0.9999998399690819,0.047619060000000046,1,3,2,0.16797152132054424,7.121851396073919,0
44b6_0113de3b,6,1882,2224,False,False,2.9575446425202108,2.471122277933652,1.625,2.4375,0.40625,1.625,1,0.0,0.01582634000000005,1.024475410957859,0.1473905999999996,1.0402702472885865,3.6597788,0.0,0.9999960581413119,0.0,0.9999998537756658,0.015873020000000015,0,2,2,0.09637484155432686,3.053919484074538,0
44b6_0113de3b,6,1883,2177,False,False,2.9575446425202108,2.471122277933652,1.625,2.4375,0.40625,1.625,1,0.0,0.01115434999999998,0.985160909499804,0.09419529999999998,0.9470960095001685,1.6864789,0.003516900000000156,0.9985693428205319,0.26818899999999957,0.9957263287526057,0.015873029999999955,2,2,0,0.06864477479796088,3.0261894173181716,0
44b6_0113de3b,6,1884,2185,False,False,2.7252078475778685,2.1877232028983924,1.625,2.03125,0.8125,1.625,1,0.0,0.004526059999999998,0.9938404440275002,0.16812119999999986,0.9350179461736151,2.419217,0.0035066999999999737,1.0014184068046856,0.2681880000000021,1.004273336618644,0.015873009999999965,3,3,0,0.12117418833293377,2.846382035910802,0
44b6_0113de3b,6,1884,2191,False,False,4.4502457797294745,4.1429533547941375,1.625,4.0625,-0.8125,1.625,2,1.725037932151606,0.0032938499999999316,0.9955061536457883,0.4327641999999998,0.8482554223869976,2.419217,0.0035066999999999737,1.0014184068046856,0.2681880000000021,1.004273336618644,0.015873009999999965,3,2,1,0.2998500068852976,4.750095786614772,0
44b6_0113de3b,6,1884,2188,False,False,4.958913218891817,3.7454399357752353,3.25,3.65625,0.8125,3.25,3,2.233705371313948,0.024413699999999983,0.9677069355179284,0.5744140999999998,0.8081185817498298,2.419217,0.024272599999999755,0.9902597261944397,1.8773180000000025,0.9710742505348864,0.03174602999999998,3,3,0,0.4408197876819601,5.3997330065737765,0
44b6_0113de3b,6,1885,2155,False,False,0.5745242597140698,0.5745242597140698,0.0,-0.40625,0.40625,0.0,1,0.0,0.14538395000000004,0.8177459183383753,2.6446406,0.6027772974761716,4.013203,0.10790539999999993,0.9495648002635155,5.900147000000004,0.8562089293974653,0.0,0,0,0,1.7094165997076836,2.2839408594217536,0
44b6_0113de3b,6,1886,2182,False,False,3.6787502123683256,1.7235727791422095,3.25,1.21875,1.21875,3.25,1,0.0,0.008446819999999966,0.9880490929461341,0.41372870000000006,1.1628206471334275,2.5409374,0.0035066999999999737,0.9985755066537251,0.2681880000000021,0.9957445304193927,0.03174605,1,2,1,0.3076380702175432,3.9863882825858687,0
44b6_0113de3b,6,1887,2031,False,False,5.658407737606049,2.8726212985703494,4.875,2.84375,0.40625,4.875,1,0.0,0.3339972000000001,0.7197304502777293,1.4390246999999996,0.592438058876015,2.0918021,0.2790218000000002,1.1303985887263177,18.236815999999997,1.4444440815915112,0.047619039999999946,1,3,2,2.464249769115932,8.12265750672198,0
44b6_0113de3b,6,1888,2184,False,False,1.9902104160113323,1.1490485194281397,1.625,0.8125,0.8125,1.625,1,0.0,0.0012699999999999934,0.9980665184129379,0.024706399999999906,0.9903706334474741,2.5420568,0.0033381000000001215,0.9986767577343433,0.26818900000000667,0.9960472763429121,0.015873020000000015,1,3,2,0.04711010649050305,2.0373205225018354,0
44b6_0113de3b,6,1889,2181,False,False,2.84375,2.84375,0.0,-2.84375,0.0,0.0,1,0.0,0.08256865000000002,0.88654566642493,0.8924895000000002,1.555729248717746,1.605951,0.04167200000000015,0.9833262596010414,3.2182630000000003,0.950819508542437,0.0,1,2,1,0.9753010397659333,3.819051039765933,0
44b6_0113de3b,6,1890,2108,False,False,1.625,0.0,1.625,0.0,0.0,1.625,1,0.0,0.24992780000000003,0.6957529074088118,0.17690200000000011,0.9652880270456405,4.919658,0.17051369999999988,0.9128494627750016,7.509278000000002,0.7606834991912502,0.015873017,0,0,0,2.1050557180638467,3.7300557180638467,0
44b6_0113de3b,6,1891,2181,False,False,1.6750116604071745,0.40625,1.625,0.40625,0.0,1.625,1,0.0,0.06308638999999994,0.9133122316913306,0.001882699999999904,0.9988214533229637,1.6040683,0.03814520000000021,0.9847370591701371,2.9500749999999982,0.9549178611815764,0.015873009999999993,2,2,0,0.5104702648173596,2.185481925224534,0
44b6_0113de3b,6,1892,2150,False,False,3.832554834897995,2.03125,3.25,1.625,1.21875,3.25,1,0.0,0.03765129999999994,0.9537237652849146,0.6624352,0.7651927871748998,2.158785,0.04666160000000019,0.9810410129723446,3.486449999999998,0.9442058605722625,0.03174603000000001,2,1,1,0.6011572171960562,4.433712052094052,0
44b6_0113de3b,6,1892,2165,False,False,5.540511314400504,4.487177913232324,3.25,4.46875,-0.40625,3.25,2,1.707956479502509,0.006304029999999905,0.9919308434910953,0.1353922999999999,0.9409802765449883,2.158785,0.04666160000000019,0.9810410129723446,3.486449999999998,0.9442058605722625,0.03174603000000001,2,2,0,0.49290832296036025,6.033419637360865,0
44b6_0113de3b,6,1892,2126,False,False,5.701990469344894,5.701990469344894,0.0,-5.6875,0.40625,0.0,3,1.8694356344468988,0.17349225999999995,0.8173040601037596,0.9520663000000003,0.6939509003503306,2.158785,0.1185016000000001,0.9532231760778082,9.118405000000003,0.86614164616849,0.0,2,1,1,1.4805078925274875,7.182498361872382,0
44b6_0113de3b,6,1893,2171,False,False,1.284675299443404,1.284675299443404,0.0,0.40625,1.21875,0.0,1,0.0,0.06652342999999994,0.8976433019894607,1.2944505000000004,0.7217485737110305,3.3576648,0.0,0.9999959493464149,0.0,0.9999998413310471,0.0,1,1,0,0.8192468640414062,2.1039221634848104,0
44b6_0113de3b,6,1893,2161,False,False,2.03125,2.03125,0.0,-1.625,1.21875,0.0,2,0.7465747005565959,0.06889053,0.8943862994485597,1.0459669000000003,0.7624745673563769,3.3576648,0.0035066999999999737,1.0014184068046856,0.2681880000000021,1.004273336618644,0.0,1,1,0,0.6658870208773215,2.6971370208773218,0
44b6_0113de3b,6,1894,2231,False,False,1.4647552056572457,1.4647552056572457,0.0,0.8125,1.21875,0.0,1,0.0,0.10130247000000003,1.1825913579413039,0.7783530000000001,1.293166284613594,2.654944,0.0,0.9999959887846418,0.0,0.9999998459206411,0.0,2,1,1,0.53427371947958,1.9990289251368258,0
44b6_0113de3b,6,1895,2154,False,False,1.8168052317185792,0.8125,1.625,0.8125,0.0,1.625,1,0.0,0.09909215000000005,0.8649640561464821,0.2501414999999998,0.8761189771663611,1.7691368,0.03948099999999988,0.9839349081253786,2.9500740000000008,0.9525860419500005,0.015873000000000026,1,1,0,0.5207266665500746,2.337531898268654,0
44b6_0113de3b,6,1895,2164,False,False,2.9295104113144914,2.4375,1.625,2.4375,0.0,1.625,2,1.1127051795959122,0.15656888000000002,0.8021423394249069,0.14176339999999987,0.9258084445831102,1.7691368,0.010894999999999655,0.9955116086962428,0.8045669999999987,0.9866069527649376,0.015873000000000026,1,3,2,0.6281480748467863,3.5576584861612774,0
44b6_0113de3b,6,1896,2234,False,False,2.333728575156074,1.6750116604071745,1.625,1.625,0.40625,1.625,1,0.0,0.054444069999999956,1.0748238064100004,0.013272599999999635,0.9965714736468401,3.86086,0.18809150000000008,0.9191926009022261,11.800292999999996,0.7766495990963248,0.015873017,0,1,1,1.0815031307088765,3.415231705864951,0
44b6_0113de3b,6,1896,2308,False,False,5.296851954227152,5.296851954227152,0.0,-0.40625,5.28125,0.0,2,2.9631233790710776,0.42027041,2.161998580309311,3.46329434,9.711006956512378,0.39756566,0.30789029999999995,1.1680758408465057,15.286743000000001,1.5937493688365434,0.0,0,2,2,3.235381823701067,8.53223377792822,0
44b6_0113de3b,6,1897,2165,False,False,3.494694639736067,1.284675299443404,3.25,0.40625,1.21875,3.25,1,0.0,0.01615869999999997,0.9793368465392897,0.05825110000000011,1.0253863753844334,2.2941773,0.0,0.9999959377893564,0.0,0.9999998399690819,0.03174603000000001,2,2,0,0.09290667191405437,3.5876013116501215,0
44b6_0113de3b,6,1897,2150,False,False,4.958913218891817,3.7454399357752353,3.25,-2.4375,2.84375,3.25,2,1.4642185791557494,0.04750597000000001,0.9416148624600065,0.4687918,0.8338307168270068,2.3524284,0.0,0.9999959377893564,0.0,0.9999998399690819,0.03174603000000001,2,1,1,0.30350395508387257,5.262417173975689,0
44b6_0113de3b,6,1898,2194,False,False,1.9902104160113323,1.1490485194281397,1.625,0.8125,0.8125,1.625,1,0.0,0.024129949999999956,0.9654433506334053,0.022016999999999953,0.9879019503800365,1.7986797,0.03370570000000006,0.9859753099032347,2.413696999999999,0.9585251691198038,0.015873000000000026,1,1,0,0.3029147653163398,2.2931251813276723,0
44b6_0113de3b,6,1898,2199,False,False,5.202538442914189,4.0625,3.25,3.25,2.4375,3.25,2,3.212328026902857,0.12339493000000001,0.8453236262620114,0.03905369999999997,0.9787436592072647,1.7986797,0.02629709999999985,0.9890232310891691,1.877319,0.967441698248639,0.03174604000000003,1,2,1,0.5347998226467062,5.737338265560895,0
44b6_0113de3b,6,1899,2136,False,False,4.241374519244911,2.7252078475778685,3.25,-2.4375,1.21875,3.25,1,0.0,0.31633789999999995,0.657998314142661,4.3687529000000005,0.29709393950754004,1.8465241,0.04707840000000019,0.9807888938163756,3.486449999999998,0.9434781114388062,0.03174602999999998,1,0,1,2.71793703324372,6.95931155248863,0
44b6_0113de3b,6,1900,2214,False,False,4.958913218891817,3.7454399357752353,3.25,2.4375,2.84375,3.25,1,0.0,0.07742110000000002,1.1243460520247752,0.2523236000000004,1.0730758102564177,3.452755,0.03751829999999989,1.0151080763800036,2.9500740000000008,1.046024953158535,0.031746019999999986,1,1,0,0.5293674110530073,5.488280629944824,0
44b6_0113de3b,6,1901,2187,False,False,2.0714766773970688,1.284675299443404,-1.625,0.40625,1.21875,1.625,1,0.0,0.015672259999999993,1.020345587620361,0.17837729999999996,0.9104719448082478,1.8141423,0.010040700000000236,0.9960277437832097,0.8045649999999966,0.9881421532652943,0.015873009999999965,5,3,2,0.21072250578113533,2.282199183178204,0
44b6_0113de3b,6,1901,2197,False,False,4.0827619710803615,3.7454399357752353,1.625,2.4375,2.84375,1.625,2,2.011285293683293,0.053823459999999934,1.073549824253054,0.1619733000000001,1.0980301165914832,1.652169,0.13102219999999987,1.0548360562969035,9.922974000000004,1.1737087196526808,0.015873020000000015,5,3,2,1.4504091731742543,5.533171144254616,0
44b6_0113de3b,6,1902,2164,False,False,1.6750116604071745,0.40625,1.625,-0.40625,0.0,1.625,1,0.0,0.08446007999999994,0.8932611319138895,0.196488,0.8971704688163786,1.7144122,0.01821359999999972,0.9924993445425814,1.3409440000000004,0.9776783822281201,0.015873000000000026,2,3,1,0.34782017185963265,2.022831832266807,0
