[{"stream_name":"stderr","time":7.477391023,"data":"0.00s - Debugger warning: It seems that frozen modules are being used, which may\n"}
,{"stream_name":"stderr","time":7.477441607,"data":"0.00s - make the debugger miss breakpoints. Please pass -Xfrozen_modules=off\n"}
,{"stream_name":"stderr","time":7.477447199,"data":"0.00s - to python to disable frozen modules.\n"}
,{"stream_name":"stderr","time":7.477450713,"data":"0.00s - Note: Debugging will proceed. Set PYDEVD_DISABLE_FILE_VALIDATION=1 to disable this validation.\n"}
,{"stream_name":"stderr","time":8.087056256,"data":"0.00s - Debugger warning: It seems that frozen modules are being used, which may\n"}
,{"stream_name":"stderr","time":8.087083504,"data":"0.00s - make the debugger miss breakpoints. Please pass -Xfrozen_modules=off\n"}
,{"stream_name":"stderr","time":8.087088226,"data":"0.00s - to python to disable frozen modules.\n"}
,{"stream_name":"stderr","time":8.087091957,"data":"0.00s - Note: Debugging will proceed. Set PYDEVD_DISABLE_FILE_VALIDATION=1 to disable this validation.\n"}
,{"stream_name":"stdout","time":9.224066998,"data":"BIOHUB_PRESET: harmonic_v3_division_wide\n"}
,{"stream_name":"stdout","time":9.224113813,"data":"BIOHUB_SCORE_AXIS: public 0.939 base + holdout-selected post-process configuration\n"}
,{"stream_name":"stdout","time":9.256581406,"data":"Configuration guard: PASS\n"}
,{"stream_name":"stdout","time":9.256602303,"data":"Baseline: fixed-90 dual-seed clean pipeline (public LB 0.913)\n"}
,{"stream_name":"stdout","time":9.256608588,"data":"Single model-level change: harmonic mutual-support association fusion\n"}
,{"stream_name":"stdout","time":9.256613758,"data":"Reverse-time association weight: 0.200\n"}
,{"stream_name":"stdout","time":10.178242313,"data":"Biohub learned UNet + node-transformer + ILP submission\n"}
,{"stream_name":"stdout","time":10.178277446,"data":"COMP_DIR: /kaggle/input/competitions/biohub-cell-tracking-during-development exists: True\n"}
,{"stream_name":"stdout","time":10.178282743,"data":"TEST_DIR: /kaggle/input/competitions/biohub-cell-tracking-during-development/test exists: True\n"}
,{"stream_name":"stdout","time":10.178287023,"data":"{\n"}
,{"stream_name":"stdout","time":10.178291064,"data":"  \"adaptive_short_track_rescue\": true,\n"}
,{"stream_name":"stdout","time":10.178294959,"data":"  \"allow_artifact_fallback\": false,\n"}
,{"stream_name":"stdout","time":10.17829857,"data":"  \"allow_pip_install\": false,\n"}
,{"stream_name":"stdout","time":10.178301927,"data":"  \"deepcenter_checkpoint_default\": \"/kaggle/input/biohub-deepcenter-unet3d-center-prior-v1/weights/full_frame_center/best.pt\",\n"}
,{"stream_name":"stdout","time":10.178306029,"data":"  \"deepcenter_expected_epoch\": 2,\n"}
,{"stream_name":"stdout","time":10.178310195,"data":"  \"deepcenter_gap_add_gate\": true,\n"}
,{"stream_name":"stdout","time":10.178314743,"data":"  \"deepcenter_gap_confirm_min_span_um\": 8.5,\n"}
,{"stream_name":"stdout","time":10.178319417,"data":"  \"deepcenter_gap_threshold\": 0.25,\n"}
,{"stream_name":"stdout","time":10.178323082,"data":"  \"deepcenter_safe_div_add_gate\": true,\n"}
,{"stream_name":"stdout","time":10.178326811,"data":"  \"deepcenter_safe_div_threshold\": 0.25,\n"}
,{"stream_name":"stdout","time":10.17833047,"data":"  \"det_threshold\": 0.965,\n"}
,{"stream_name":"stdout","time":10.178334449,"data":"  \"div_drop_to_single_if_bad\": true,\n"}
,{"stream_name":"stdout","time":10.178338008,"data":"  \"div_parent_max_um\": 10.5,\n"}
,{"stream_name":"stdout","time":10.178341629,"data":"  \"div_sister_max_um\": 8.0,\n"}
,{"stream_name":"stdout","time":10.178345425,"data":"  \"experiment_tag\": \"selected_101_dual_seed_near_balanced_center_confirmed_synthetic_gap\",\n"}
,{"stream_name":"stdout","time":10.178361965,"data":"  \"gap2_frame_frac_cap\": 0.006,\n"}
,{"stream_name":"stdout","time":10.178366265,"data":"  \"gap2_max_links_abs\": 180,\n"}
,{"stream_name":"stdout","time":10.178369932,"data":"  \"gap2_max_links_frac\": 0.0045,\n"}
,{"stream_name":"stdout","time":10.178373409,"data":"  \"gap2_max_step_um\": 4.0,\n"}
,{"stream_name":"stdout","time":10.178377033,"data":"  \"gap2_max_total_um\": 10.2,\n"}
,{"stream_name":"stdout","time":10.178380485,"data":"  \"gap2_require_context\": true,\n"}
,{"stream_name":"stdout","time":10.178384299,"data":"  \"gap_close_effective_max_gap\": 1,\n"}
,{"stream_name":"stdout","time":10.178387787,"data":"  \"gap_close_max_added_abs\": 2000,\n"}
,{"stream_name":"stdout","time":10.178391743,"data":"  \"gap_close_max_added_frac\": 0.05,\n"}
,{"stream_name":"stdout","time":10.178395181,"data":"  \"gap_close_max_gap\": 2,\n"}
,{"stream_name":"stdout","time":10.178398895,"data":"  \"gap_close_reuse_existing\": true,\n"}
,{"stream_name":"stdout","time":10.178402521,"data":"  \"gap_close_reuse_um\": 2.8,\n"}
,{"stream_name":"stdout","time":10.178406133,"data":"  \"gap_close_um\": 4.5,\n"}
,{"stream_name":"stdout","time":10.178409968,"data":"  \"gap_density_adaptive\": true,\n"}
,{"stream_name":"stdout","time":10.178413572,"data":"  \"gap_density_gain\": 0.04,\n"}
,{"stream_name":"stdout","time":10.178417582,"data":"  \"gap_density_max_step_delta_um\": 0.125,\n"}
,{"stream_name":"stdout","time":10.17842099,"data":"  \"gap_density_neighbors\": 3,\n"}
,{"stream_name":"stdout","time":10.178424797,"data":"  \"gap_density_reference_um\": 6.5,\n"}
,{"stream_name":"stdout","time":10.178428627,"data":"  \"gap_refine_max_shift_um\": 3.2,\n"}
,{"stream_name":"stdout","time":10.178432353,"data":"  \"gap_refine_synthetic\": true,\n"}
,{"stream_name":"stdout","time":10.178436019,"data":"  \"gap_refine_win_yx\": 3,\n"}
,{"stream_name":"stdout","time":10.178439513,"data":"  \"gap_refine_win_z\": 1,\n"}
,{"stream_name":"stdout","time":10.178442721,"data":"  \"ilp_appearance_weight\": 0.0,\n"}
,{"stream_name":"stdout","time":10.178446199,"data":"  \"ilp_disappearance_weight\": 2.0,\n"}
,{"stream_name":"stdout","time":10.178449905,"data":"  \"ilp_division_weight\": 1.2,\n"}
,{"stream_name":"stdout","time":10.17845319,"data":"  \"ilp_edge_weight\": -1.0,\n"}
,{"stream_name":"stdout","time":10.178456647,"data":"  \"method\": \"unet_transformer\",\n"}
,{"stream_name":"stdout","time":10.178460406,"data":"  \"motion_relink_learned_bonus\": 1.0,\n"}
,{"stream_name":"stdout","time":10.178464096,"data":"  \"motion_relink_max_frame_nodes\": 2600,\n"}
,{"stream_name":"stdout","time":10.178467753,"data":"  \"motion_relink_relaxed_um\": 9.0,\n"}
,{"stream_name":"stdout","time":10.178471335,"data":"  \"motion_relink_tight_um\": 5.0,\n"}
,{"stream_name":"stdout","time":10.178474702,"data":"  \"motion_relink_velocity_weight\": 0.5,\n"}
,{"stream_name":"stdout","time":10.178478565,"data":"  \"output_division_geometry_filter\": false,\n"}
,{"stream_name":"stdout","time":10.178482699,"data":"  \"output_edge_max_um\": 14.0,\n"}
,{"stream_name":"stdout","time":10.178488637,"data":"  \"output_enforce_next_frame\": true,\n"}
,{"stream_name":"stdout","time":10.178492395,"data":"  \"output_filter_short_tracks\": true,\n"}
,{"stream_name":"stdout","time":10.178495631,"data":"  \"output_gap2_recovery\": true,\n"}
,{"stream_name":"stdout","time":10.178498998,"data":"  \"output_gap_close\": true,\n"}
,{"stream_name":"stdout","time":10.178502601,"data":"  \"output_keep_division_components\": true,\n"}
,{"stream_name":"stdout","time":10.178511949,"data":"  \"output_linefit_smooth\": true,\n"}
,{"stream_name":"stdout","time":10.178516039,"data":"  \"output_linefit_weight\": 0.8,\n"}
,{"stream_name":"stdout","time":10.178519514,"data":"  \"output_linefit_window\": 2,\n"}
,{"stream_name":"stdout","time":10.178527757,"data":"  \"output_min_track_len\": 6,\n"}
,{"stream_name":"stdout","time":10.178531571,"data":"  \"output_motion_relink\": true,\n"}
,{"stream_name":"stdout","time":10.178536465,"data":"  \"output_prune_isolated\": true,\n"}
,{"stream_name":"stdout","time":10.178540445,"data":"  \"output_safe_divisions\": true,\n"}
,{"stream_name":"stdout","time":10.178544531,"data":"  \"output_single_child_repair\": false,\n"}
,{"stream_name":"stdout","time":10.178548611,"data":"  \"output_single_parent_repair\": true,\n"}
,{"stream_name":"stdout","time":10.17855348,"data":"  \"primary_artifact_manifest\": \"/kaggle/input/datasets/pilkwang/biohub-tracking-support-pack-50ep-v1/ARTIFACT_MANIFEST.json\",\n"}
,{"stream_name":"stdout","time":10.178557491,"data":"  \"safe_div_existing_child_max_um\": 10.0,\n"}
,{"stream_name":"stdout","time":10.178561064,"data":"  \"safe_div_frame_frac_cap\": 0.0076,\n"}
,{"stream_name":"stdout","time":10.178565404,"data":"  \"safe_div_global_frac_cap\": 0.00375,\n"}
,{"stream_name":"stdout","time":10.178569704,"data":"  \"safe_div_max_um\": 9.0,\n"}
,{"stream_name":"stdout","time":10.178574243,"data":"  \"safe_div_sister_max_um\": 14.0,\n"}
,{"stream_name":"stdout","time":10.178578681,"data":"  \"short_track_rescue_max_mean_edge_dist_um\": 3.0,\n"}
,{"stream_name":"stdout","time":10.1785825,"data":"  \"short_track_rescue_max_nodes_abs\": 120,\n"}
,{"stream_name":"stdout","time":10.178586725,"data":"  \"short_track_rescue_max_nodes_frac\": 0.012,\n"}
,{"stream_name":"stdout","time":10.178590974,"data":"  \"short_track_rescue_min_len\": 4,\n"}
,{"stream_name":"stdout","time":10.178595186,"data":"  \"short_track_rescue_min_mean_edge_prob\": 0.88,\n"}
,{"stream_name":"stdout","time":10.178599027,"data":"  \"short_track_rescue_trigger_removed_frac\": 0.1,\n"}
,{"stream_name":"stdout","time":10.178603283,"data":"  \"slice\": \"\",\n"}
,{"stream_name":"stdout","time":10.178607433,"data":"  \"target_artifact_slug\": \"biohub-tracking-support-pack-50ep-v1\",\n"}
,{"stream_name":"stdout","time":10.178611259,"data":"  \"unet_batch_size\": 8,\n"}
,{"stream_name":"stdout","time":10.178614693,"data":"  \"use_deepcenter_add_only_gate\": true,\n"}
,{"stream_name":"stdout","time":10.178618471,"data":"  \"use_ilp\": true,\n"}
,{"stream_name":"stdout","time":10.178622017,"data":"  \"weights\": \"weights/unet_transformer/split_0/edge_predictor_best.pth\"\n"}
,{"stream_name":"stdout","time":10.178627316,"data":"}\n"}
,{"stream_name":"stdout","time":10.395502626,"data":"ARTIFACTS: /kaggle/input/datasets/pilkwang/biohub-tracking-support-pack-50ep-v1\n"}
,{"stream_name":"stdout","time":10.395532214,"data":"Has offline wheels: True\n"}
,{"stream_name":"stdout","time":10.395537229,"data":"Artifact name: biohub-tracking-support-pack-400ep-snapshot-v1\n"}
,{"stream_name":"stdout","time":10.395541631,"data":"Weight sha256: 12f6881ee3620a831697ca098ff8f48e687a24225f4e048b538deec3562fe771\n"}
,{"stream_name":"stdout","time":10.395545405,"data":"Weight path: weights/unet_transformer/split_0/edge_predictor_best.pth\n"}
,{"stream_name":"stdout","time":11.137638756,"data":"Installing missing packages from offline package dirs: ['polars']\n"}
,{"stream_name":"stdout","time":11.137664814,"data":"Dependency resolver is disabled with --no-deps to avoid replacing Kaggle numpy/scipy in a live kernel.\n"}
,{"stream_name":"stdout","time":11.137680086,"data":"Offline package dirs: ['/kaggle/input/datasets/pilkwang/biohub-tracking-support-pack-50ep-v1/wheels']\n"}
,{"stream_name":"stdout","time":17.881242557,"data":"Offline dependency install succeeded.\n"}
,{"stream_name":"stdout","time":17.88128073,"data":"Installing missing packages from offline package dirs: ['tracksdata', 'zarr', 'pyscipopt', 'geff', 'geff_spec', 'ilpy', 'imagecodecs', 'rustworkx', 'numcodecs', 'donfig', 'bidict']\n"}
,{"stream_name":"stdout","time":17.881287899,"data":"Dependency resolver is disabled with --no-deps to avoid replacing Kaggle numpy/scipy in a live kernel.\n"}
,{"stream_name":"stdout","time":17.881292767,"data":"Offline package dirs: ['/kaggle/input/datasets/pilkwang/biohub-tracking-support-pack-50ep-v1/wheels']\n"}
,{"stream_name":"stdout","time":45.388194587,"data":"Offline dependency install succeeded.\n"}
,{"stream_name":"stderr","time":53.217801124,"data":"/usr/local/lib/python3.12/dist-packages/dask/array/image.py:7: FutureWarning: `find_available_plugins` is deprecated since version 0.25 and will be removed in version 0.27. The plugin infrastructure of `skimage.io` is deprecated. Instead, use `imageio` or other I/O packages directly.\n"}
,{"stream_name":"stderr","time":53.217835191,"data":"  from skimage.io import imread as sk_imread\n"}
,{"stream_name":"stderr","time":53.217840846,"data":"/usr/lib/python3.12/importlib/__init__.py:90: FutureWarning: `reset_plugins` is deprecated since version 0.25 and will be removed in version 0.27. The plugin infrastructure of `skimage.io` is deprecated. Instead, use `imageio` or other I/O packages directly.\n"}
,{"stream_name":"stderr","time":53.217846104,"data":"  return _bootstrap._gcd_import(name[level:], package, level)\n"}
,{"stream_name":"stderr","time":53.217856334,"data":"\n"}
,{"stream_name":"stderr","time":53.217865642,"data":"/usr/local/lib/python3.12/dist-packages/dask/array/image.py:7: FutureWarning: `find_available_plugins` is deprecated since version 0.25 and will be removed in version 0.27. The plugin infrastructure of `skimage.io` is deprecated. Instead, use `imageio` or other I/O packages directly.\n"}
,{"stream_name":"stderr","time":53.21786927,"data":"  from skimage.io import imread as sk_imread\n"}
,{"stream_name":"stderr","time":53.217872434,"data":"/usr/lib/python3.12/importlib/__init__.py:90: FutureWarning: `reset_plugins` is deprecated since version 0.25 and will be removed in version 0.27. The plugin infrastructure of `skimage.io` is deprecated. Instead, use `imageio` or other I/O packages directly.\n"}
,{"stream_name":"stderr","time":53.217875994,"data":"  return _bootstrap._gcd_import(name[level:], package, level)\n"}
,{"stream_name":"stdout","time":53.436765267,"data":"Required graph/Zarr/ILP packages import successfully.\n"}
,{"stream_name":"stdout","time":53.436801475,"data":"Inference repo: /kaggle/working/tracking_repo\n"}
,{"stream_name":"stdout","time":53.436806119,"data":"Weights: /kaggle/working/tracking_repo/weights/unet_transformer/split_0/edge_predictor_best.pth\n"}
,{"stream_name":"stdout","time":54.655819257,"data":"Support repo Python manifest SHA256: 978b626d1fd1e7397435a437dfe68691defe1572fc3c20e61012d7c9b52ed029\n"}
,{"stream_name":"stdout","time":54.655853097,"data":"Primary materialized SHA256: 12f6881ee3620a831697ca098ff8f48e687a24225f4e048b538deec3562fe771\n"}
,{"stream_name":"stdout","time":54.655864909,"data":"DeepCenter materialized SHA256: 8040999a92f6b7bbd98fa8cf458141e045c0f9ad7c936bdb3b18e1f7edafe2a0\n"}
,{"stream_name":"stdout","time":276.019405569,"data":"Secondary artifact: /kaggle/input/datasets/pilkwang/biohub-temporal-unet3d-seed314159-v1\n"}
,{"stream_name":"stdout","time":276.019451046,"data":"Secondary weight: /kaggle/working/secondary_seed_weights/unet_transformer/split_0/edge_predictor_best.pth\n"}
,{"stream_name":"stdout","time":276.019461449,"data":"Secondary SHA256: 9bac2fa0dadc4a6fc1899e0caf187f4b553e0a7cd90ba1261a68b35ffe9e305f\n"}
,{"stream_name":"stdout","time":276.019465127,"data":"Secondary edge-logit weight: 0.15\n"}
,{"stream_name":"stdout","time":276.019467639,"data":"Runtime integrity receipt: /kaggle/working/bidirectional_production_runtime_integrity.json\n"}
,{"stream_name":"stdout","time":280.566441188,"data":"CUDA device: Tesla T4\n"}
,{"stream_name":"stdout","time":280.56646894,"data":"TTA patch applied (400ep spatial D4-style)\n"}
,{"stream_name":"stdout","time":280.566474089,"data":"Calibrated dual-seed runtime patch applied\n"}
,{"stream_name":"stdout","time":280.566477883,"data":"Frozen frame retention guard applied at 0.90\n"}
,{"stream_name":"stdout","time":280.566481773,"data":"Bidirectional harmonic-probability association fusion applied | weight= 0.15\n"}
,{"stream_name":"stdout","time":280.566485736,"data":"Pre-ILP detector-coordinate manifest hook applied\n"}
,{"stream_name":"stdout","time":280.566489386,"data":"EDGE_TTA patch installed and enabled in /kaggle/working/tracking_repo/scripts/predict_unet_transformer.py\n"}
,{"stream_name":"stdout","time":280.566492857,"data":"secondary edge-feature TTA patch installed and enabled\n"}
,{"stream_name":"stdout","time":280.570955585,"data":"Found 4 test videos\n"}
,{"stream_name":"stdout","time":280.571019341,"data":"['44b6_0113de3b', '44b6_0b24845f', '6bba_05b6850b', '6bba_05db0fb1']\n"}
,{"stream_name":"stdout","time":280.571028813,"data":"Launching 2 independent video shards on CUDA devices ['0', '1']\n"}
,{"stream_name":"stdout","time":280.571034335,"data":"GPU shard 0: CUDA_VISIBLE_DEVICES=0 | /usr/bin/python3 scripts/predict_unet_transformer.py --data-dir /kaggle/input/competitions/biohub-cell-tracking-during-development/test --splits kaggle_test_splits_50ep.json --split 0 --weights weights/unet_transformer/split_0/edge_predictor_best.pth --unet-batch-size 8 --det-threshold 0.965 --ilp-edge-weight -1.0 --ilp-appearance-weight 0.0 --ilp-disappearance-weight 2.0 --ilp-division-weight 1.2 --use-ilp --method unet_transformer_gpu0 --slice 0::2\n"}
,{"stream_name":"stdout","time":280.572422907,"data":"GPU shard 1: CUDA_VISIBLE_DEVICES=1 | /usr/bin/python3 scripts/predict_unet_transformer.py --data-dir /kaggle/input/competitions/biohub-cell-tracking-during-development/test --splits kaggle_test_splits_50ep.json --split 0 --weights weights/unet_transformer/split_0/edge_predictor_best.pth --unet-batch-size 8 --det-threshold 0.965 --ilp-edge-weight -1.0 --ilp-appearance-weight 0.0 --ilp-disappearance-weight 2.0 --ilp-division-weight 1.2 --use-ilp --method unet_transformer_gpu1 --slice 1::2\n"}
,{"stream_name":"stderr","time":285.957291368,"data":"/usr/local/lib/python3.12/dist-packages/dask/array/image.py:7: FutureWarning: `find_available_plugins` is deprecated since version 0.25 and will be removed in version 0.27. The plugin infrastructure of `skimage.io` is deprecated. Instead, use `imageio` or other I/O packages directly.\n"}
,{"stream_name":"stderr","time":285.957326163,"data":"  from skimage.io import imread as sk_imread\n"}
,{"stream_name":"stderr","time":285.962540431,"data":"/usr/lib/python3.12/importlib/__init__.py:90: FutureWarning: `reset_plugins` is deprecated since version 0.25 and will be removed in version 0.27. The plugin infrastructure of `skimage.io` is deprecated. Instead, use `imageio` or other I/O packages directly.\n"}
,{"stream_name":"stderr","time":285.962567546,"data":"  return _bootstrap._gcd_import(name[level:], package, level)\n"}
,{"stream_name":"stderr","time":286.01319235,"data":"/usr/local/lib/python3.12/dist-packages/dask/array/image.py:7: FutureWarning: `find_available_plugins` is deprecated since version 0.25 and will be removed in version 0.27. The plugin infrastructure of `skimage.io` is deprecated. Instead, use `imageio` or other I/O packages directly.\n"}
,{"stream_name":"stderr","time":286.013229867,"data":"  from skimage.io import imread as sk_imread\n"}
,{"stream_name":"stderr","time":286.018178706,"data":"/usr/lib/python3.12/importlib/__init__.py:90: FutureWarning: `reset_plugins` is deprecated since version 0.25 and will be removed in version 0.27. The plugin infrastructure of `skimage.io` is deprecated. Instead, use `imageio` or other I/O packages directly.\n"}
,{"stream_name":"stderr","time":286.018198657,"data":"  return _bootstrap._gcd_import(name[level:], package, level)\n"}
,{"stream_name":"stderr","time":286.160151881,"data":"/usr/local/lib/python3.12/dist-packages/dask/array/image.py:7: FutureWarning: `find_available_plugins` is deprecated since version 0.25 and will be removed in version 0.27. The plugin infrastructure of `skimage.io` is deprecated. Instead, use `imageio` or other I/O packages directly.\n"}
,{"stream_name":"stderr","time":286.160183473,"data":"  from skimage.io import imread as sk_imread\n"}
,{"stream_name":"stderr","time":286.160188639,"data":"/usr/lib/python3.12/importlib/__init__.py:90: FutureWarning: `reset_plugins` is deprecated since version 0.25 and will be removed in version 0.27. The plugin infrastructure of `skimage.io` is deprecated. Instead, use `imageio` or other I/O packages directly.\n"}
,{"stream_name":"stderr","time":286.160194223,"data":"  return _bootstrap._gcd_import(name[level:], package, level)\n"}
,{"stream_name":"stderr","time":286.160197931,"data":"/usr/local/lib/python3.12/dist-packages/dask/array/image.py:7: FutureWarning: `find_available_plugins` is deprecated since version 0.25 and will be removed in version 0.27. The plugin infrastructure of `skimage.io` is deprecated. Instead, use `imageio` or other I/O packages directly.\n"}
,{"stream_name":"stderr","time":286.160202395,"data":"  from skimage.io import imread as sk_imread\n"}
,{"stream_name":"stderr","time":286.160206236,"data":"/usr/lib/python3.12/importlib/__init__.py:90: FutureWarning: `reset_plugins` is deprecated since version 0.25 and will be removed in version 0.27. The plugin infrastructure of `skimage.io` is deprecated. Instead, use `imageio` or other I/O packages directly.\n"}
,{"stream_name":"stderr","time":286.160211219,"data":"  return _bootstrap._gcd_import(name[level:], package, level)\n"}
,{"stream_name":"stderr","time":286.160214788,"data":"\n"}
,{"stream_name":"stderr","time":286.160218316,"data":"/usr/local/lib/python3.12/dist-packages/dask/array/image.py:7: FutureWarning: `find_available_plugins` is deprecated since version 0.25 and will be removed in version 0.27. The plugin infrastructure of `skimage.io` is deprecated. Instead, use `imageio` or other I/O packages directly.\n"}
,{"stream_name":"stderr","time":286.160223153,"data":"  from skimage.io import imread as sk_imread\n"}
,{"stream_name":"stderr","time":286.160227547,"data":"/usr/lib/python3.12/importlib/__init__.py:90: FutureWarning: `reset_plugins` is deprecated since version 0.25 and will be removed in version 0.27. The plugin infrastructure of `skimage.io` is deprecated. Instead, use `imageio` or other I/O packages directly.\n"}
,{"stream_name":"stderr","time":286.160232135,"data":"  return _bootstrap._gcd_import(name[level:], package, level)\n"}
,{"stream_name":"stderr","time":286.160237017,"data":"/usr/local/lib/python3.12/dist-packages/dask/array/image.py:7: FutureWarning: `find_available_plugins` is deprecated since version 0.25 and will be removed in version 0.27. The plugin infrastructure of `skimage.io` is deprecated. Instead, use `imageio` or other I/O packages directly.\n"}
,{"stream_name":"stderr","time":286.160241498,"data":"  from skimage.io import imread as sk_imread\n"}
,{"stream_name":"stderr","time":286.160257195,"data":"/usr/lib/python3.12/importlib/__init__.py:90: FutureWarning: `reset_plugins` is deprecated since version 0.25 and will be removed in version 0.27. The plugin infrastructure of `skimage.io` is deprecated. Instead, use `imageio` or other I/O packages directly.\n"}
,{"stream_name":"stderr","time":286.160261727,"data":"  return _bootstrap._gcd_import(name[level:], package, level)\n"}
,{"stream_name":"stdout","time":286.696015402,"data":"Secondary model: /kaggle/working/secondary_seed_weights/unet_transformer/split_0/edge_predictor_best.pth | edge weight=0.150 | detection weight=0.800 | link mode=low_margin_consensus | temperature=1.000 | low-margin max=0.350 | edge threshold=0.480\n"}
,{"stream_name":"stdout","time":286.696062291,"data":"Secondary model: /kaggle/working/secondary_seed_weights/unet_transformer/split_0/edge_predictor_best.pth | edge weight=0.150 | detection weight=0.800 | link mode=low_margin_consensus | temperature=1.000 | low-margin max=0.350 | edge threshold=0.480\n"}
,{"stream_name":"stdout","time":286.696067824,"data":"Fold 0: 2 datasets | weights=weights/unet_transformer/split_0/edge_predictor_best.pth | device=cuda | window_size=2 | pool_kernel_um=3.0\n"}
,{"stream_name":"stdout","time":286.696071903,"data":"Fold 0: 2 datasets | weights=weights/unet_transformer/split_0/edge_predictor_best.pth | device=cuda | window_size=2 | pool_kernel_um=3.0\n"}
,{"stream_name":"stdout","time":286.89781464,"data":"Secondary model: /kaggle/working/secondary_seed_weights/unet_transformer/split_0/edge_predictor_best.pth | edge weight=0.150 | detection weight=0.800 | link mode=low_margin_consensus | temperature=1.000 | low-margin max=0.350 | edge threshold=0.480\n"}
,{"stream_name":"stdout","time":286.897842231,"data":"Secondary model: /kaggle/working/secondary_seed_weights/unet_transformer/split_0/edge_predictor_best.pth | edge weight=0.150 | detection weight=0.800 | link mode=low_margin_consensus | temperature=1.000 | low-margin max=0.350 | edge threshold=0.480\n"}
,{"stream_name":"stdout","time":286.897846112,"data":"Fold 0: 2 datasets | weights=weights/unet_transformer/split_0/edge_predictor_best.pth | device=cuda | window_size=2 | pool_kernel_um=3.0\n"}
,{"stream_name":"stdout","time":286.897848922,"data":"Fold 0: 2 datasets | weights=weights/unet_transformer/split_0/edge_predictor_best.pth | device=cuda | window_size=2 | pool_kernel_um=3.0\n"}
,{"stream_name":"stdout","time":289.08167646,"data":"EDGE_TTA_ACTIVE views= 10 mean_abs_feat_delta= 0.317101\n"}
,{"stream_name":"stdout","time":289.09764221,"data":"EDGE_TTA_ACTIVE views= 10 mean_abs_feat_delta= 0.346398\n"}
,{"stream_name":"stdout","time":289.284394016,"data":"EDGE_TTA_ACTIVE views= 10 mean_abs_feat_delta= 0.317101\n"}
,{"stream_name":"stdout","time":289.284426992,"data":"EDGE_TTA_ACTIVE views= 10 mean_abs_feat_delta= 0.346398\n"}
,{"stream_name":"stdout","time":289.960714146,"data":"SECONDARY_EDGE_TTA_ACTIVE views= 8 weight= 0.75 mean_abs_feat_delta= 0.230737\n"}
,{"stream_name":"stdout","time":290.016536543,"data":"SECONDARY_EDGE_TTA_ACTIVE views= 8 weight= 0.75 mean_abs_feat_delta= 0.28166\n"}
,{"stream_name":"stdout","time":290.087710591,"data":"BIOHUB_RETENTION_GUARD {\"blended_candidates\": 391, \"dataset\": \"44b6_0b24845f\", \"frame\": 0, \"minimum_retention\": 0.9, \"primary_candidates\": 459, \"retention\": 0.8518518518518519, \"use_primary\": true}\n"}
,{"stream_name":"stdout","time":290.08914223,"data":"BIOHUB_RETENTION_GUARD {\"blended_candidates\": 392, \"dataset\": \"44b6_0b24845f\", \"frame\": 1, \"minimum_retention\": 0.9, \"primary_candidates\": 456, \"retention\": 0.8596491228070176, \"use_primary\": true}\n"}
,{"stream_name":"stdout","time":290.163072915,"data":"SECONDARY_EDGE_TTA_ACTIVE views= 8 weight= 0.75 mean_abs_feat_delta= 0.230737\n"}
,{"stream_name":"stdout","time":290.16312729,"data":"SECONDARY_EDGE_TTA_ACTIVE views= 8 weight= 0.75 mean_abs_feat_delta= 0.28166\n"}
,{"stream_name":"stdout","time":290.163131699,"data":"BIOHUB_RETENTION_GUARD {\"blended_candidates\": 391, \"dataset\": \"44b6_0b24845f\", \"frame\": 0, \"minimum_retention\": 0.9, \"primary_candidates\": 459, \"retention\": 0.8518518518518519, \"use_primary\": true}\n"}
,{"stream_name":"stdout","time":290.163135272,"data":"BIOHUB_RETENTION_GUARD {\"blended_candidates\": 392, \"dataset\": \"44b6_0b24845f\", \"frame\": 1, \"minimum_retention\": 0.9, \"primary_candidates\": 456, \"retention\": 0.8596491228070176, \"use_primary\": true}\n"}
,{"stream_name":"stdout","time":294.283527604,"data":"EDGE_TTA_ACTIVE views= 10 mean_abs_feat_delta= 0.322136\n"}
,{"stream_name":"stdout","time":294.435666618,"data":"EDGE_TTA_ACTIVE views= 10 mean_abs_feat_delta= 0.347899\n"}
,{"stream_name":"stdout","time":294.486012518,"data":"EDGE_TTA_ACTIVE views= 10 mean_abs_feat_delta= 0.322136\n"}
,{"stream_name":"stdout","time":294.486042263,"data":"EDGE_TTA_ACTIVE views= 10 mean_abs_feat_delta= 0.347899\n"}
,{"stream_name":"stdout","time":295.162114157,"data":"SECONDARY_EDGE_TTA_ACTIVE views= 8 weight= 0.75 mean_abs_feat_delta= 0.23209\n"}
,{"stream_name":"stdout","time":295.364503919,"data":"SECONDARY_EDGE_TTA_ACTIVE views= 8 weight= 0.75 mean_abs_feat_delta= 0.288809\n"}
,{"stream_name":"stdout","time":295.364709215,"data":"SECONDARY_EDGE_TTA_ACTIVE views= 8 weight= 0.75 mean_abs_feat_delta= 0.23209\n"}
,{"stream_name":"stdout","time":295.368557251,"data":"BIOHUB_RETENTION_GUARD {\"blended_candidates\": 333, \"dataset\": \"44b6_0b24845f\", \"frame\": 2, \"minimum_retention\": 0.9, \"primary_candidates\": 395, \"retention\": 0.8430379746835444, \"use_primary\": true}\n"}
,{"stream_name":"stdout","time":295.569541245,"data":"SECONDARY_EDGE_TTA_ACTIVE views= 8 weight= 0.75 mean_abs_feat_delta= 0.288809\n"}
,{"stream_name":"stdout","time":295.569569414,"data":"BIOHUB_RETENTION_GUARD {\"blended_candidates\": 333, \"dataset\": \"44b6_0b24845f\", \"frame\": 2, \"minimum_retention\": 0.9, \"primary_candidates\": 395, \"retention\": 0.8430379746835444, \"use_primary\": true}\n"}
,{"stream_name":"stdout","time":296.382325167,"data":"EDGE_TTA_ACTIVE views= 10 mean_abs_feat_delta= 0.321052\n"}
,{"stream_name":"stdout","time":296.584956866,"data":"EDGE_TTA_ACTIVE views= 10 mean_abs_feat_delta= 0.321052\n"}
,{"stream_name":"stdout","time":296.694966769,"data":"EDGE_TTA_ACTIVE views= 10 mean_abs_feat_delta= 0.340017\n"}
,{"stream_name":"stdout","time":296.897518802,"data":"EDGE_TTA_ACTIVE views= 10 mean_abs_feat_delta= 0.340017\n"}
,{"stream_name":"stdout","time":297.271077362,"data":"SECONDARY_EDGE_TTA_ACTIVE views= 8 weight= 0.75 mean_abs_feat_delta= 0.232786\n"}
,{"stream_name":"stdout","time":297.473648803,"data":"SECONDARY_EDGE_TTA_ACTIVE views= 8 weight= 0.75 mean_abs_feat_delta= 0.232786\n"}
,{"stream_name":"stdout","time":297.628779251,"data":"SECONDARY_EDGE_TTA_ACTIVE views= 8 weight= 0.75 mean_abs_feat_delta= 0.287127\n"}
,{"stream_name":"stdout","time":297.632742625,"data":"BIOHUB_RETENTION_GUARD {\"blended_candidates\": 369, \"dataset\": \"44b6_0b24845f\", \"frame\": 3, \"minimum_retention\": 0.9, \"primary_candidates\": 432, \"retention\": 0.8541666666666666, \"use_primary\": true}\n"}
,{"stream_name":"stdout","time":297.83128026,"data":"SECONDARY_EDGE_TTA_ACTIVE views= 8 weight= 0.75 mean_abs_feat_delta= 0.287127\n"}
,{"stream_name":"stdout","time":297.831316322,"data":"BIOHUB_RETENTION_GUARD {\"blended_candidates\": 369, \"dataset\": \"44b6_0b24845f\", \"frame\": 3, \"minimum_retention\": 0.9, \"primary_candidates\": 432, \"retention\": 0.8541666666666666, \"use_primary\": true}\n"}
,{"stream_name":"stdout","time":298.536878463,"data":"EDGE_TTA_ACTIVE views= 10 mean_abs_feat_delta= 0.322552\n"}
,{"stream_name":"stdout","time":298.73943058,"data":"EDGE_TTA_ACTIVE views= 10 mean_abs_feat_delta= 0.322552\n"}
,{"stream_name":"stdout","time":298.939534828,"data":"EDGE_TTA_ACTIVE views= 10 mean_abs_feat_delta= 0.344572\n"}
,{"stream_name":"stdout","time":299.142190615,"data":"EDGE_TTA_ACTIVE views= 10 mean_abs_feat_delta= 0.344572\n"}
,{"stream_name":"stdout","time":299.419959142,"data":"SECONDARY_EDGE_TTA_ACTIVE views= 8 weight= 0.75 mean_abs_feat_delta= 0.232764\n"}
,{"stream_name":"stdout","time":299.622867889,"data":"SECONDARY_EDGE_TTA_ACTIVE views= 8 weight= 0.75 mean_abs_feat_delta= 0.232764\n"}
,{"stream_name":"stdout","time":299.879234211,"data":"SECONDARY_EDGE_TTA_ACTIVE views= 8 weight= 0.75 mean_abs_feat_delta= 0.283303\n"}
,{"stream_name":"stdout","time":299.88311661,"data":"BIOHUB_RETENTION_GUARD {\"blended_candidates\": 346, \"dataset\": \"44b6_0b24845f\", \"frame\": 4, \"minimum_retention\": 0.9, \"primary_candidates\": 418, \"retention\": 0.8277511961722488, \"use_primary\": true}\n"}
,{"stream_name":"stdout","time":300.08152463,"data":"SECONDARY_EDGE_TTA_ACTIVE views= 8 weight= 0.75 mean_abs_feat_delta= 0.283303\n"}
,{"stream_name":"stdout","time":300.081561953,"data":"BIOHUB_RETENTION_GUARD {\"blended_candidates\": 346, \"dataset\": \"44b6_0b24845f\", \"frame\": 4, \"minimum_retention\": 0.9, \"primary_candidates\": 418, \"retention\": 0.8277511961722488, \"use_primary\": true}\n"}
,{"stream_name":"stdout","time":300.702148949,"data":"EDGE_TTA_ACTIVE views= 10 mean_abs_feat_delta= 0.324932\n"}
,{"stream_name":"stdout","time":300.904670463,"data":"EDGE_TTA_ACTIVE views= 10 mean_abs_feat_delta= 0.324932\n"}
,{"stream_name":"stdout","time":301.290332432,"data":"EDGE_TTA_ACTIVE views= 10 mean_abs_feat_delta= 0.347738\n"}
,{"stream_name":"stdout","time":301.492778352,"data":"EDGE_TTA_ACTIVE views= 10 mean_abs_feat_delta= 0.347738\n"}
,{"stream_name":"stdout","time":301.590147437,"data":"SECONDARY_EDGE_TTA_ACTIVE views= 8 weight= 0.75 mean_abs_feat_delta= 0.236445\n"}
,{"stream_name":"stdout","time":301.792441583,"data":"SECONDARY_EDGE_TTA_ACTIVE views= 8 weight= 0.75 mean_abs_feat_delta= 0.236445\n"}
,{"stream_name":"stdout","time":302.230527604,"data":"SECONDARY_EDGE_TTA_ACTIVE views= 8 weight= 0.75 mean_abs_feat_delta= 0.289665\n"}
,{"stream_name":"stdout","time":302.234750124,"data":"BIOHUB_RETENTION_GUARD {\"blended_candidates\": 331, \"dataset\": \"44b6_0b24845f\", \"frame\": 5, \"minimum_retention\": 0.9, \"primary_candidates\": 392, \"retention\": 0.8443877551020408, \"use_primary\": true}\n"}
,{"stream_name":"stdout","time":302.432873532,"data":"SECONDARY_EDGE_TTA_ACTIVE views= 8 weight= 0.75 mean_abs_feat_delta= 0.289665\n"}
,{"stream_name":"stdout","time":302.432907292,"data":"BIOHUB_RETENTION_GUARD {\"blended_candidates\": 331, \"dataset\": \"44b6_0b24845f\", \"frame\": 5, \"minimum_retention\": 0.9, \"primary_candidates\": 392, \"retention\": 0.8443877551020408, \"use_primary\": true}\n"}
,{"stream_name":"stdout","time":302.785251412,"data":"EDGE_TTA_ACTIVE views= 10 mean_abs_feat_delta= 0.328529\n"}
,{"stream_name":"stdout","time":302.987779244,"data":"EDGE_TTA_ACTIVE views= 10 mean_abs_feat_delta= 0.328529\n"}
,{"stream_name":"stdout","time":303.572141531,"data":"EDGE_TTA_ACTIVE views= 10 mean_abs_feat_delta= 0.348674\n"}
,{"stream_name":"stdout","time":303.673541202,"data":"SECONDARY_EDGE_TTA_ACTIVE views= 8 weight= 0.75 mean_abs_feat_delta= 0.236059\n"}
,{"stream_name":"stdout","time":303.774601525,"data":"EDGE_TTA_ACTIVE views= 10 mean_abs_feat_delta= 0.348674\n"}
,{"stream_name":"stdout","time":303.774638261,"data":"SECONDARY_EDGE_TTA_ACTIVE views= 8 weight= 0.75 mean_abs_feat_delta= 0.236059\n"}
,{"stream_name":"stdout","time":304.517935278,"data":"SECONDARY_EDGE_TTA_ACTIVE views= 8 weight= 0.75 mean_abs_feat_delta= 0.296162\n"}
,{"stream_name":"stdout","time":304.522110773,"data":"BIOHUB_RETENTION_GUARD {\"blended_candidates\": 333, \"dataset\": \"44b6_0b24845f\", \"frame\": 6, \"minimum_retention\": 0.9, \"primary_candidates\": 413, \"retention\": 0.8062953995157385, \"use_primary\": true}\n"}
,{"stream_name":"stdout","time":304.72077275,"data":"SECONDARY_EDGE_TTA_ACTIVE views= 8 weight= 0.75 mean_abs_feat_delta= 0.296162\n"}
,{"stream_name":"stdout","time":304.72081648,"data":"BIOHUB_RETENTION_GUARD {\"blended_candidates\": 333, \"dataset\": \"44b6_0b24845f\", \"frame\": 6, \"minimum_retention\": 0.9, \"primary_candidates\": 413, \"retention\": 0.8062953995157385, \"use_primary\": true}\n"}
,{"stream_name":"stdout","time":304.925255407,"data":"EDGE_TTA_ACTIVE views= 10 mean_abs_feat_delta= 0.33308\n"}
,{"stream_name":"stdout","time":305.127636246,"data":"EDGE_TTA_ACTIVE views= 10 mean_abs_feat_delta= 0.33308\n"}
,{"stream_name":"stdout","time":305.821299363,"data":"SECONDARY_EDGE_TTA_ACTIVE views= 8 weight= 0.75 mean_abs_feat_delta= 0.242392\n"}
,{"stream_name":"stdout","time":305.85941906,"data":"EDGE_TTA_ACTIVE views= 10 mean_abs_feat_delta= 0.349167\n"}
,{"stream_name":"stdout","time":306.023801114,"data":"SECONDARY_EDGE_TTA_ACTIVE views= 8 weight= 0.75 mean_abs_feat_delta= 0.242392\n"}
,{"stream_name":"stdout","time":306.023836219,"data":"EDGE_TTA_ACTIVE views= 10 mean_abs_feat_delta= 0.349167\n"}
,{"stream_name":"stdout","time":306.810769966,"data":"SECONDARY_EDGE_TTA_ACTIVE views= 8 weight= 0.75 mean_abs_feat_delta= 0.297976\n"}
,{"stream_name":"stdout","time":306.815018112,"data":"BIOHUB_RETENTION_GUARD {\"blended_candidates\": 310, \"dataset\": \"44b6_0b24845f\", \"frame\": 7, \"minimum_retention\": 0.9, \"primary_candidates\": 389, \"retention\": 0.7969151670951157, \"use_primary\": true}\n"}
,{"stream_name":"stdout","time":307.025938947,"data":"SECONDARY_EDGE_TTA_ACTIVE views= 8 weight= 0.75 mean_abs_feat_delta= 0.297976\n"}
,{"stream_name":"stdout","time":307.025964029,"data":"BIOHUB_RETENTION_GUARD {\"blended_candidates\": 310, \"dataset\": \"44b6_0b24845f\", \"frame\": 7, \"minimum_retention\": 0.9, \"primary_candidates\": 389, \"retention\": 0.7969151670951157, \"use_primary\": true}\n"}
,{"stream_name":"stdout","time":307.077295499,"data":"EDGE_TTA_ACTIVE views= 10 mean_abs_feat_delta= 0.331023\n"}
,{"stream_name":"stdout","time":307.279444654,"data":"EDGE_TTA_ACTIVE views= 10 mean_abs_feat_delta= 0.331023\n"}
,{"stream_name":"stdout","time":307.964498621,"data":"SECONDARY_EDGE_TTA_ACTIVE views= 8 weight= 0.75 mean_abs_feat_delta= 0.241164\n"}
,{"stream_name":"stdout","time":308.163421667,"data":"EDGE_TTA_ACTIVE views= 10 mean_abs_feat_delta= 0.354313\n"}
,{"stream_name":"stdout","time":308.167393632,"data":"SECONDARY_EDGE_TTA_ACTIVE views= 8 weight= 0.75 mean_abs_feat_delta= 0.241164\n"}
,{"stream_name":"stdout","time":308.167423145,"data":"EDGE_TTA_ACTIVE views= 10 mean_abs_feat_delta= 0.354313\n"}
,{"stream_name":"stdout","time":309.12199582,"data":"SECONDARY_EDGE_TTA_ACTIVE views= 8 weight= 0.75 mean_abs_feat_delta= 0.292587\n"}
,{"stream_name":"stdout","time":309.126055576,"data":"BIOHUB_RETENTION_GUARD {\"blended_candidates\": 382, \"dataset\": \"44b6_0b24845f\", \"frame\": 8, \"minimum_retention\": 0.9, \"primary_candidates\": 458, \"retention\": 0.834061135371179, \"use_primary\": true}\n"}
,{"stream_name":"stdout","time":309.273740213,"data":"EDGE_TTA_ACTIVE views= 10 mean_abs_feat_delta= 0.327041\n"}
,{"stream_name":"stdout","time":309.324950833,"data":"SECONDARY_EDGE_TTA_ACTIVE views= 8 weight= 0.75 mean_abs_feat_delta= 0.292587\n"}
,{"stream_name":"stdout","time":309.325017777,"data":"BIOHUB_RETENTION_GUARD {\"blended_candidates\": 382, \"dataset\": \"44b6_0b24845f\", \"frame\": 8, \"minimum_retention\": 0.9, \"primary_candidates\": 458, \"retention\": 0.834061135371179, \"use_primary\": true}\n"}
,{"stream_name":"stdout","time":309.325042424,"data":"EDGE_TTA_ACTIVE views= 10 mean_abs_feat_delta= 0.327041\n"}
,{"stream_name":"stdout","time":310.179754182,"data":"SECONDARY_EDGE_TTA_ACTIVE views= 8 weight= 0.75 mean_abs_feat_delta= 0.240446\n"}
,{"stream_name":"stdout","time":310.382022964,"data":"SECONDARY_EDGE_TTA_ACTIVE views= 8 weight= 0.75 mean_abs_feat_delta= 0.240446\n"}
,{"stream_name":"stdout","time":310.49105829,"data":"EDGE_TTA_ACTIVE views= 10 mean_abs_feat_delta= 0.358364\n"}
,{"stream_name":"stdout","time":310.693328038,"data":"EDGE_TTA_ACTIVE views= 10 mean_abs_feat_delta= 0.358364\n"}
,{"stream_name":"stdout","time":311.437072994,"data":"EDGE_TTA_ACTIVE views= 10 mean_abs_feat_delta= 0.326535\n"}
,{"stream_name":"stdout","time":311.456801718,"data":"SECONDARY_EDGE_TTA_ACTIVE views= 8 weight= 0.75 mean_abs_feat_delta= 0.291168\n"}
,{"stream_name":"stdout","time":311.46090712,"data":"BIOHUB_RETENTION_GUARD {\"blended_candidates\": 363, \"dataset\": \"44b6_0b24845f\", \"frame\": 9, \"minimum_retention\": 0.9, \"primary_candidates\": 435, \"retention\": 0.8344827586206897, \"use_primary\": true}\n"}
,{"stream_name":"stdout","time":311.639851271,"data":"EDGE_TTA_ACTIVE views= 10 mean_abs_feat_delta= 0.326535\n"}
,{"stream_name":"stdout","time":311.639907375,"data":"SECONDARY_EDGE_TTA_ACTIVE views= 8 weight= 0.75 mean_abs_feat_delta= 0.291168\n"}
,{"stream_name":"stdout","time":311.639913892,"data":"BIOHUB_RETENTION_GUARD {\"blended_candidates\": 363, \"dataset\": \"44b6_0b24845f\", \"frame\": 9, \"minimum_retention\": 0.9, \"primary_candidates\": 435, \"retention\": 0.8344827586206897, \"use_primary\": true}\n"}
,{"stream_name":"stdout","time":312.342609094,"data":"SECONDARY_EDGE_TTA_ACTIVE views= 8 weight= 0.75 mean_abs_feat_delta= 0.24216\n"}
,{"stream_name":"stdout","time":312.545140969,"data":"SECONDARY_EDGE_TTA_ACTIVE views= 8 weight= 0.75 mean_abs_feat_delta= 0.24216\n"}
,{"stream_name":"stdout","time":312.820280035,"data":"EDGE_TTA_ACTIVE views= 10 mean_abs_feat_delta= 0.353528\n"}
,{"stream_name":"stdout","time":313.023087301,"data":"EDGE_TTA_ACTIVE views= 10 mean_abs_feat_delta= 0.353528\n"}
,{"stream_name":"stdout","time":313.625092856,"data":"EDGE_TTA_ACTIVE views= 10 mean_abs_feat_delta= 0.333464\n"}
,{"stream_name":"stdout","time":313.793588691,"data":"SECONDARY_EDGE_TTA_ACTIVE views= 8 weight= 0.75 mean_abs_feat_delta= 0.301242\n"}
,{"stream_name":"stdout","time":313.797700872,"data":"BIOHUB_RETENTION_GUARD {\"blended_candidates\": 331, \"dataset\": \"44b6_0b24845f\", \"frame\": 10, \"minimum_retention\": 0.9, \"primary_candidates\": 421, \"retention\": 0.7862232779097387, \"use_primary\": true}\n"}
,{"stream_name":"stdout","time":313.827830796,"data":"EDGE_TTA_ACTIVE views= 10 mean_abs_feat_delta= 0.333464\n"}
,{"stream_name":"stdout","time":313.827853429,"data":"SECONDARY_EDGE_TTA_ACTIVE views= 8 weight= 0.75 mean_abs_feat_delta= 0.301242\n"}
,{"stream_name":"stdout","time":313.827859039,"data":"BIOHUB_RETENTION_GUARD {\"blended_candidates\": 331, \"dataset\": \"44b6_0b24845f\", \"frame\": 10, \"minimum_retention\": 0.9, \"primary_candidates\": 421, \"retention\": 0.7862232779097387, \"use_primary\": true}\n"}
,{"stream_name":"stdout","time":314.53558034,"data":"SECONDARY_EDGE_TTA_ACTIVE views= 8 weight= 0.75 mean_abs_feat_delta= 0.243727\n"}
,{"stream_name":"stdout","time":314.738594104,"data":"SECONDARY_EDGE_TTA_ACTIVE views= 8 weight= 0.75 mean_abs_feat_delta= 0.243727\n"}
,{"stream_name":"stdout","time":315.211751913,"data":"EDGE_TTA_ACTIVE views= 10 mean_abs_feat_delta= 0.346975\n"}
,{"stream_name":"stdout","time":315.414535567,"data":"EDGE_TTA_ACTIVE views= 10 mean_abs_feat_delta= 0.346975\n"}
,{"stream_name":"stdout","time":315.790412181,"data":"EDGE_TTA_ACTIVE views= 10 mean_abs_feat_delta= 0.326692\n"}
,{"stream_name":"stdout","time":315.993043143,"data":"EDGE_TTA_ACTIVE views= 10 mean_abs_feat_delta= 0.326692\n"}
,{"stream_name":"stdout","time":316.186170152,"data":"SECONDARY_EDGE_TTA_ACTIVE views= 8 weight= 0.75 mean_abs_feat_delta= 0.289865\n"}
,{"stream_name":"stdout","time":316.190256366,"data":"BIOHUB_RETENTION_GUARD {\"blended_candidates\": 377, \"dataset\": \"44b6_0b24845f\", \"frame\": 11, \"minimum_retention\": 0.9, \"primary_candidates\": 439, \"retention\": 0.8587699316628702, \"use_primary\": true}\n"}
,{"stream_name":"stdout","time":316.388327445,"data":"SECONDARY_EDGE_TTA_ACTIVE views= 8 weight= 0.75 mean_abs_feat_delta= 0.289865\n"}
,{"stream_name":"stdout","time":316.388365255,"data":"BIOHUB_RETENTION_GUARD {\"blended_candidates\": 377, \"dataset\": \"44b6_0b24845f\", \"frame\": 11, \"minimum_retention\": 0.9, \"primary_candidates\": 439, \"retention\": 0.8587699316628702, \"use_primary\": true}\n"}
,{"stream_name":"stdout","time":316.704507941,"data":"SECONDARY_EDGE_TTA_ACTIVE views= 8 weight= 0.75 mean_abs_feat_delta= 0.241899\n"}
,{"stream_name":"stdout","time":316.907100069,"data":"SECONDARY_EDGE_TTA_ACTIVE views= 8 weight= 0.75 mean_abs_feat_delta= 0.241899\n"}
,{"stream_name":"stdout","time":317.685281074,"data":"EDGE_TTA_ACTIVE views= 10 mean_abs_feat_delta= 0.350445\n"}
,{"stream_name":"stdout","time":317.887721642,"data":"EDGE_TTA_ACTIVE views= 10 mean_abs_feat_delta= 0.350445\n"}
,{"stream_name":"stdout","time":318.018716352,"data":"EDGE_TTA_ACTIVE views= 10 mean_abs_feat_delta= 0.326056\n"}
,{"stream_name":"stdout","time":318.221125241,"data":"EDGE_TTA_ACTIVE views= 10 mean_abs_feat_delta= 0.326056\n"}
,{"stream_name":"stdout","time":318.660133409,"data":"SECONDARY_EDGE_TTA_ACTIVE views= 8 weight= 0.75 mean_abs_feat_delta= 0.298743\n"}
,{"stream_name":"stdout","time":318.664331492,"data":"BIOHUB_RETENTION_GUARD {\"blended_candidates\": 308, \"dataset\": \"44b6_0b24845f\", \"frame\": 12, \"minimum_retention\": 0.9, \"primary_candidates\": 362, \"retention\": 0.850828729281768, \"use_primary\": true}\n"}
,{"stream_name":"stdout","time":318.862417645,"data":"SECONDARY_EDGE_TTA_ACTIVE views= 8 weight= 0.75 mean_abs_feat_delta= 0.298743\n"}
,{"stream_name":"stdout","time":318.862453205,"data":"BIOHUB_RETENTION_GUARD {\"blended_candidates\": 308, \"dataset\": \"44b6_0b24845f\", \"frame\": 12, \"minimum_retention\": 0.9, \"primary_candidates\": 362, \"retention\": 0.850828729281768, \"use_primary\": true}\n"}
,{"stream_name":"stdout","time":318.937173786,"data":"SECONDARY_EDGE_TTA_ACTIVE views= 8 weight= 0.75 mean_abs_feat_delta= 0.237416\n"}
,{"stream_name":"stdout","time":319.139891604,"data":"SECONDARY_EDGE_TTA_ACTIVE views= 8 weight= 0.75 mean_abs_feat_delta= 0.237416\n"}
,{"stream_name":"stdout","time":320.12086551,"data":"EDGE_TTA_ACTIVE views= 10 mean_abs_feat_delta= 0.356398\n"}
,{"stream_name":"stdout","time":320.206828866,"data":"EDGE_TTA_ACTIVE views= 10 mean_abs_feat_delta= 0.322631\n"}
,{"stream_name":"stdout","time":320.323418655,"data":"EDGE_TTA_ACTIVE views= 10 mean_abs_feat_delta= 0.356398\n"}
,{"stream_name":"stdout","time":320.323461584,"data":"EDGE_TTA_ACTIVE views= 10 mean_abs_feat_delta= 0.322631\n"}
,{"stream_name":"stdout","time":321.097494879,"data":"SECONDARY_EDGE_TTA_ACTIVE views= 8 weight= 0.75 mean_abs_feat_delta= 0.295579\n"}
,{"stream_name":"stdout","time":321.102206294,"data":"BIOHUB_RETENTION_GUARD {\"blended_candidates\": 318, \"dataset\": \"44b6_0b24845f\", \"frame\": 13, \"minimum_retention\": 0.9, \"primary_candidates\": 372, \"retention\": 0.8548387096774194, \"use_primary\": true}\n"}
,{"stream_name":"stdout","time":321.125120398,"data":"SECONDARY_EDGE_TTA_ACTIVE views= 8 weight= 0.75 mean_abs_feat_delta= 0.238386\n"}
,{"stream_name":"stdout","time":321.299477503,"data":"SECONDARY_EDGE_TTA_ACTIVE views= 8 weight= 0.75 mean_abs_feat_delta= 0.295579\n"}
,{"stream_name":"stdout","time":321.29951422,"data":"BIOHUB_RETENTION_GUARD {\"blended_candidates\": 318, \"dataset\": \"44b6_0b24845f\", \"frame\": 13, \"minimum_retention\": 0.9, \"primary_candidates\": 372, \"retention\": 0.8548387096774194, \"use_primary\": true}\n"}
,{"stream_name":"stdout","time":321.299528304,"data":"SECONDARY_EDGE_TTA_ACTIVE views= 8 weight= 0.75 mean_abs_feat_delta= 0.238386\n"}
,{"stream_name":"stdout","time":322.509672261,"data":"EDGE_TTA_ACTIVE views= 10 mean_abs_feat_delta= 0.32339\n"}
,{"stream_name":"stdout","time":322.56076524,"data":"EDGE_TTA_ACTIVE views= 10 mean_abs_feat_delta= 0.354703\n"}
,{"stream_name":"stdout","time":322.712167763,"data":"EDGE_TTA_ACTIVE views= 10 mean_abs_feat_delta= 0.32339\n"}
,{"stream_name":"stdout","time":322.712197363,"data":"EDGE_TTA_ACTIVE views= 10 mean_abs_feat_delta= 0.354703\n"}
,{"stream_name":"stdout","time":323.430180913,"data":"SECONDARY_EDGE_TTA_ACTIVE views= 8 weight= 0.75 mean_abs_feat_delta= 0.238478\n"}
,{"stream_name":"stdout","time":323.550840883,"data":"SECONDARY_EDGE_TTA_ACTIVE views= 8 weight= 0.75 mean_abs_feat_delta= 0.29037\n"}
,{"stream_name":"stdout","time":323.554935334,"data":"BIOHUB_RETENTION_GUARD {\"blended_candidates\": 328, \"dataset\": \"44b6_0b24845f\", \"frame\": 14, \"minimum_retention\": 0.9, \"primary_candidates\": 385, \"retention\": 0.8519480519480519, \"use_primary\": true}\n"}
,{"stream_name":"stdout","time":323.632709758,"data":"SECONDARY_EDGE_TTA_ACTIVE views= 8 weight= 0.75 mean_abs_feat_delta= 0.238478\n"}
,{"stream_name":"stdout","time":323.632745164,"data":"SECONDARY_EDGE_TTA_ACTIVE views= 8 weight= 0.75 mean_abs_feat_delta= 0.29037\n"}
,{"stream_name":"stdout","time":323.632751775,"data":"BIOHUB_RETENTION_GUARD {\"blended_candidates\": 328, \"dataset\": \"44b6_0b24845f\", \"frame\": 14, \"minimum_retention\": 0.9, \"primary_candidates\": 385, \"retention\": 0.8519480519480519, \"use_primary\": true}\n"}
,{"stream_name":"stdout","time":324.753005304,"data":"EDGE_TTA_ACTIVE views= 10 mean_abs_feat_delta= 0.31805\n"}
,{"stream_name":"stdout","time":324.955493699,"data":"EDGE_TTA_ACTIVE views= 10 mean_abs_feat_delta= 0.31805\n"}
,{"stream_name":"stdout","time":325.029277256,"data":"EDGE_TTA_ACTIVE views= 10 mean_abs_feat_delta= 0.351391\n"}
,{"stream_name":"stdout","time":325.231874474,"data":"EDGE_TTA_ACTIVE views= 10 mean_abs_feat_delta= 0.351391\n"}
,{"stream_name":"stdout","time":325.679673261,"data":"SECONDARY_EDGE_TTA_ACTIVE views= 8 weight= 0.75 mean_abs_feat_delta= 0.234529\n"}
,{"stream_name":"stdout","time":325.882001323,"data":"SECONDARY_EDGE_TTA_ACTIVE views= 8 weight= 0.75 mean_abs_feat_delta= 0.234529\n"}
,{"stream_name":"stdout","time":326.037092134,"data":"SECONDARY_EDGE_TTA_ACTIVE views= 8 weight= 0.75 mean_abs_feat_delta= 0.286822\n"}
,{"stream_name":"stdout","time":326.239398028,"data":"SECONDARY_EDGE_TTA_ACTIVE views= 8 weight= 0.75 mean_abs_feat_delta= 0.286822\n"}
,{"stream_name":"stdout","time":327.030190975,"data":"EDGE_TTA_ACTIVE views= 10 mean_abs_feat_delta= 0.319469\n"}
,{"stream_name":"stdout","time":327.232696809,"data":"EDGE_TTA_ACTIVE views= 10 mean_abs_feat_delta= 0.319469\n"}
,{"stream_name":"stdout","time":327.524301784,"data":"EDGE_TTA_ACTIVE views= 10 mean_abs_feat_delta= 0.357895\n"}
,{"stream_name":"stdout","time":327.72688299,"data":"EDGE_TTA_ACTIVE views= 10 mean_abs_feat_delta= 0.357895\n"}
,{"stream_name":"stdout","time":327.955592412,"data":"SECONDARY_EDGE_TTA_ACTIVE views= 8 weight= 0.75 mean_abs_feat_delta= 0.238533\n"}
,{"stream_name":"stdout","time":328.158130074,"data":"SECONDARY_EDGE_TTA_ACTIVE views= 8 weight= 0.75 mean_abs_feat_delta= 0.238533\n"}
,{"stream_name":"stdout","time":328.522878447,"data":"SECONDARY_EDGE_TTA_ACTIVE views= 8 weight= 0.75 mean_abs_feat_delta= 0.282972\n"}
,{"stream_name":"stdout","time":328.725521106,"data":"SECONDARY_EDGE_TTA_ACTIVE views= 8 weight= 0.75 mean_abs_feat_delta= 0.282972\n"}
,{"stream_name":"stdout","time":329.290431722,"data":"EDGE_TTA_ACTIVE views= 10 mean_abs_feat_delta= 0.314969\n"}
,{"stream_name":"stdout","time":329.493105002,"data":"EDGE_TTA_ACTIVE views= 10 mean_abs_feat_delta= 0.314969\n"}
,{"stream_name":"stdout","time":329.936390467,"data":"EDGE_TTA_ACTIVE views= 10 mean_abs_feat_delta= 0.360937\n"}
,{"stream_name":"stdout","time":330.138762554,"data":"EDGE_TTA_ACTIVE views= 10 mean_abs_feat_delta= 0.360937\n"}
,{"stream_name":"stdout","time":330.221789401,"data":"SECONDARY_EDGE_TTA_ACTIVE views= 8 weight= 0.75 mean_abs_feat_delta= 0.239819\n"}
,{"stream_name":"stdout","time":330.424121867,"data":"SECONDARY_EDGE_TTA_ACTIVE views= 8 weight= 0.75 mean_abs_feat_delta= 0.239819\n"}
,{"stream_name":"stdout","time":330.941135343,"data":"SECONDARY_EDGE_TTA_ACTIVE views= 8 weight= 0.75 mean_abs_feat_delta= 0.284899\n"}
,{"stream_name":"stdout","time":331.143641069,"data":"SECONDARY_EDGE_TTA_ACTIVE views= 8 weight= 0.75 mean_abs_feat_delta= 0.284899\n"}
,{"stream_name":"stdout","time":331.604373571,"data":"EDGE_TTA_ACTIVE views= 10 mean_abs_feat_delta= 0.316482\n"}
,{"stream_name":"stdout","time":331.806747753,"data":"EDGE_TTA_ACTIVE views= 10 mean_abs_feat_delta= 0.316482\n"}
,{"stream_name":"stdout","time":332.413724027,"data":"EDGE_TTA_ACTIVE views= 10 mean_abs_feat_delta= 0.357411\n"}
,{"stream_name":"stdout","time":332.542330238,"data":"SECONDARY_EDGE_TTA_ACTIVE views= 8 weight= 0.75 mean_abs_feat_delta= 0.242037\n"}
,{"stream_name":"stdout","time":332.615989589,"data":"EDGE_TTA_ACTIVE views= 10 mean_abs_feat_delta= 0.357411\n"}
,{"stream_name":"stdout","time":332.616019867,"data":"SECONDARY_EDGE_TTA_ACTIVE views= 8 weight= 0.75 mean_abs_feat_delta= 0.242037\n"}
,{"stream_name":"stdout","time":333.429558863,"data":"SECONDARY_EDGE_TTA_ACTIVE views= 8 weight= 0.75 mean_abs_feat_delta= 0.276632\n"}
,{"stream_name":"stdout","time":333.63204235,"data":"SECONDARY_EDGE_TTA_ACTIVE views= 8 weight= 0.75 mean_abs_feat_delta= 0.276632\n"}
,{"stream_name":"stdout","time":333.864234738,"data":"EDGE_TTA_ACTIVE views= 10 mean_abs_feat_delta= 0.320002\n"}
,{"stream_name":"stdout","time":334.066806449,"data":"EDGE_TTA_ACTIVE views= 10 mean_abs_feat_delta= 0.320002\n"}
,{"stream_name":"stdout","time":334.805342674,"data":"SECONDARY_EDGE_TTA_ACTIVE views= 8 weight= 0.75 mean_abs_feat_delta= 0.241724\n"}
,{"stream_name":"stdout","time":334.84957475,"data":"EDGE_TTA_ACTIVE views= 10 mean_abs_feat_delta= 0.348481\n"}
,{"stream_name":"stdout","time":335.007885063,"data":"SECONDARY_EDGE_TTA_ACTIVE views= 8 weight= 0.75 mean_abs_feat_delta= 0.241724\n"}
,{"stream_name":"stdout","time":335.007918462,"data":"EDGE_TTA_ACTIVE views= 10 mean_abs_feat_delta= 0.348481\n"}
,{"stream_name":"stdout","time":335.875881646,"data":"SECONDARY_EDGE_TTA_ACTIVE views= 8 weight= 0.75 mean_abs_feat_delta= 0.278285\n"}
,{"stream_name":"stdout","time":336.078931683,"data":"SECONDARY_EDGE_TTA_ACTIVE views= 8 weight= 0.75 mean_abs_feat_delta= 0.278285\n"}
,{"stream_name":"stdout","time":336.161947917,"data":"EDGE_TTA_ACTIVE views= 10 mean_abs_feat_delta= 0.31717\n"}
,{"stream_name":"stdout","time":336.364346964,"data":"EDGE_TTA_ACTIVE views= 10 mean_abs_feat_delta= 0.31717\n"}
,{"stream_name":"stdout","time":337.100143688,"data":"SECONDARY_EDGE_TTA_ACTIVE views= 8 weight= 0.75 mean_abs_feat_delta= 0.234753\n"}
,{"stream_name":"stdout","time":337.317761762,"data":"SECONDARY_EDGE_TTA_ACTIVE views= 8 weight= 0.75 mean_abs_feat_delta= 0.234753\n"}
,{"stream_name":"stdout","time":337.334231104,"data":"EDGE_TTA_ACTIVE views= 10 mean_abs_feat_delta= 0.345898\n"}
,{"stream_name":"stdout","time":337.536624076,"data":"EDGE_TTA_ACTIVE views= 10 mean_abs_feat_delta= 0.345898\n"}
,{"stream_name":"stdout","time":338.371380804,"data":"SECONDARY_EDGE_TTA_ACTIVE views= 8 weight= 0.75 mean_abs_feat_delta= 0.280197\n"}
,{"stream_name":"stdout","time":338.375661954,"data":"BIOHUB_RETENTION_GUARD {\"blended_candidates\": 288, \"dataset\": \"44b6_0b24845f\", \"frame\": 20, \"minimum_retention\": 0.9, \"primary_candidates\": 323, \"retention\": 0.891640866873065, \"use_primary\": true}\n"}
,{"stream_name":"stdout","time":338.431474901,"data":"EDGE_TTA_ACTIVE views= 10 mean_abs_feat_delta= 0.319496\n"}
,{"stream_name":"stdout","time":338.574099618,"data":"SECONDARY_EDGE_TTA_ACTIVE views= 8 weight= 0.75 mean_abs_feat_delta= 0.280197\n"}
,{"stream_name":"stdout","time":338.574159411,"data":"BIOHUB_RETENTION_GUARD {\"blended_candidates\": 288, \"dataset\": \"44b6_0b24845f\", \"frame\": 20, \"minimum_retention\": 0.9, \"primary_candidates\": 323, \"retention\": 0.891640866873065, \"use_primary\": true}\n"}
,{"stream_name":"stdout","time":338.574165551,"data":"EDGE_TTA_ACTIVE views= 10 mean_abs_feat_delta= 0.319496\n"}
,{"stream_name":"stdout","time":339.378859119,"data":"SECONDARY_EDGE_TTA_ACTIVE views= 8 weight= 0.75 mean_abs_feat_delta= 0.238746\n"}
,{"stream_name":"stdout","time":339.581134318,"data":"SECONDARY_EDGE_TTA_ACTIVE views= 8 weight= 0.75 mean_abs_feat_delta= 0.238746\n"}
,{"stream_name":"stdout","time":339.853768523,"data":"EDGE_TTA_ACTIVE views= 10 mean_abs_feat_delta= 0.346272\n"}
,{"stream_name":"stdout","time":340.056186548,"data":"EDGE_TTA_ACTIVE views= 10 mean_abs_feat_delta= 0.346272\n"}
,{"stream_name":"stdout","time":340.750015455,"data":"EDGE_TTA_ACTIVE views= 10 mean_abs_feat_delta= 0.321435\n"}
,{"stream_name":"stdout","time":340.895615823,"data":"SECONDARY_EDGE_TTA_ACTIVE views= 8 weight= 0.75 mean_abs_feat_delta= 0.281334\n"}
,{"stream_name":"stdout","time":340.899775975,"data":"BIOHUB_RETENTION_GUARD {\"blended_candidates\": 271, \"dataset\": \"44b6_0b24845f\", \"frame\": 21, \"minimum_retention\": 0.9, \"primary_candidates\": 328, \"retention\": 0.8262195121951219, \"use_primary\": true}\n"}
,{"stream_name":"stdout","time":340.952476749,"data":"EDGE_TTA_ACTIVE views= 10 mean_abs_feat_delta= 0.321435\n"}
,{"stream_name":"stdout","time":340.952497261,"data":"SECONDARY_EDGE_TTA_ACTIVE views= 8 weight= 0.75 mean_abs_feat_delta= 0.281334\n"}
,{"stream_name":"stdout","time":340.952501647,"data":"BIOHUB_RETENTION_GUARD {\"blended_candidates\": 271, \"dataset\": \"44b6_0b24845f\", \"frame\": 21, \"minimum_retention\": 0.9, \"primary_candidates\": 328, \"retention\": 0.8262195121951219, \"use_primary\": true}\n"}
,{"stream_name":"stdout","time":341.705851944,"data":"SECONDARY_EDGE_TTA_ACTIVE views= 8 weight= 0.75 mean_abs_feat_delta= 0.238954\n"}
,{"stream_name":"stdout","time":341.908298227,"data":"SECONDARY_EDGE_TTA_ACTIVE views= 8 weight= 0.75 mean_abs_feat_delta= 0.238954\n"}
,{"stream_name":"stdout","time":342.413722489,"data":"EDGE_TTA_ACTIVE views= 10 mean_abs_feat_delta= 0.347816\n"}
,{"stream_name":"stdout","time":342.615955957,"data":"EDGE_TTA_ACTIVE views= 10 mean_abs_feat_delta= 0.347816\n"}
,{"stream_name":"stdout","time":343.086119433,"data":"EDGE_TTA_ACTIVE views= 10 mean_abs_feat_delta= 0.32666\n"}
,{"stream_name":"stdout","time":343.288570796,"data":"EDGE_TTA_ACTIVE views= 10 mean_abs_feat_delta= 0.32666\n"}
,{"stream_name":"stdout","time":343.465254977,"data":"SECONDARY_EDGE_TTA_ACTIVE views= 8 weight= 0.75 mean_abs_feat_delta= 0.280031\n"}
,{"stream_name":"stdout","time":343.469158506,"data":"BIOHUB_RETENTION_GUARD {\"blended_candidates\": 292, \"dataset\": \"44b6_0b24845f\", \"frame\": 22, \"minimum_retention\": 0.9, \"primary_candidates\": 328, \"retention\": 0.8902439024390244, \"use_primary\": true}\n"}
,{"stream_name":"stdout","time":343.667513111,"data":"SECONDARY_EDGE_TTA_ACTIVE views= 8 weight= 0.75 mean_abs_feat_delta= 0.280031\n"}
,{"stream_name":"stdout","time":343.667547757,"data":"BIOHUB_RETENTION_GUARD {\"blended_candidates\": 292, \"dataset\": \"44b6_0b24845f\", \"frame\": 22, \"minimum_retention\": 0.9, \"primary_candidates\": 328, \"retention\": 0.8902439024390244, \"use_primary\": true}\n"}
,{"stream_name":"stdout","time":344.04686831,"data":"SECONDARY_EDGE_TTA_ACTIVE views= 8 weight= 0.75 mean_abs_feat_delta= 0.235145\n"}
,{"stream_name":"stdout","time":344.249458482,"data":"SECONDARY_EDGE_TTA_ACTIVE views= 8 weight= 0.75 mean_abs_feat_delta= 0.235145\n"}
,{"stream_name":"stdout","time":344.927225111,"data":"EDGE_TTA_ACTIVE views= 10 mean_abs_feat_delta= 0.351414\n"}
,{"stream_name":"stdout","time":345.129774781,"data":"EDGE_TTA_ACTIVE views= 10 mean_abs_feat_delta= 0.351414\n"}
,{"stream_name":"stdout","time":345.40514939,"data":"EDGE_TTA_ACTIVE views= 10 mean_abs_feat_delta= 0.325373\n"}
,{"stream_name":"stdout","time":345.607669261,"data":"EDGE_TTA_ACTIVE views= 10 mean_abs_feat_delta= 0.325373\n"}
,{"stream_name":"stdout","time":345.988497253,"data":"SECONDARY_EDGE_TTA_ACTIVE views= 8 weight= 0.75 mean_abs_feat_delta= 0.277655\n"}
,{"stream_name":"stdout","time":346.190677294,"data":"SECONDARY_EDGE_TTA_ACTIVE views= 8 weight= 0.75 mean_abs_feat_delta= 0.277655\n"}
,{"stream_name":"stdout","time":346.367129103,"data":"SECONDARY_EDGE_TTA_ACTIVE views= 8 weight= 0.75 mean_abs_feat_delta= 0.236219\n"}
,{"stream_name":"stdout","time":346.568701844,"data":"SECONDARY_EDGE_TTA_ACTIVE views= 8 weight= 0.75 mean_abs_feat_delta= 0.236219\n"}
,{"stream_name":"stdout","time":347.505135323,"data":"EDGE_TTA_ACTIVE views= 10 mean_abs_feat_delta= 0.351369\n"}
,{"stream_name":"stdout","time":347.707773815,"data":"EDGE_TTA_ACTIVE views= 10 mean_abs_feat_delta= 0.351369\n"}
,{"stream_name":"stdout","time":347.737825801,"data":"EDGE_TTA_ACTIVE views= 10 mean_abs_feat_delta= 0.321938\n"}
,{"stream_name":"stdout","time":347.939868502,"data":"EDGE_TTA_ACTIVE views= 10 mean_abs_feat_delta= 0.321938\n"}
,{"stream_name":"stdout","time":348.57797097,"data":"SECONDARY_EDGE_TTA_ACTIVE views= 8 weight= 0.75 mean_abs_feat_delta= 0.282322\n"}
,{"stream_name":"stdout","time":348.582028902,"data":"BIOHUB_RETENTION_GUARD {\"blended_candidates\": 262, \"dataset\": \"44b6_0b24845f\", \"frame\": 24, \"minimum_retention\": 0.9, \"primary_candidates\": 308, \"retention\": 0.8506493506493507, \"use_primary\": true}\n"}
,{"stream_name":"stdout","time":348.714153609,"data":"SECONDARY_EDGE_TTA_ACTIVE views= 8 weight= 0.75 mean_abs_feat_delta= 0.234985\n"}
,{"stream_name":"stdout","time":348.780349032,"data":"SECONDARY_EDGE_TTA_ACTIVE views= 8 weight= 0.75 mean_abs_feat_delta= 0.282322\n"}
,{"stream_name":"stdout","time":348.780380611,"data":"BIOHUB_RETENTION_GUARD {\"blended_candidates\": 262, \"dataset\": \"44b6_0b24845f\", \"frame\": 24, \"minimum_retention\": 0.9, \"primary_candidates\": 308, \"retention\": 0.8506493506493507, \"use_primary\": true}\n"}
,{"stream_name":"stdout","time":348.780387419,"data":"SECONDARY_EDGE_TTA_ACTIVE views= 8 weight= 0.75 mean_abs_feat_delta= 0.234985\n"}
,{"stream_name":"stdout","time":350.127139244,"data":"EDGE_TTA_ACTIVE views= 10 mean_abs_feat_delta= 0.323613\n"}
,{"stream_name":"stdout","time":350.184424393,"data":"EDGE_TTA_ACTIVE views= 10 mean_abs_feat_delta= 0.353042\n"}
,{"stream_name":"stdout","time":350.329700401,"data":"EDGE_TTA_ACTIVE views= 10 mean_abs_feat_delta= 0.323613\n"}
,{"stream_name":"stdout","time":350.329732123,"data":"EDGE_TTA_ACTIVE views= 10 mean_abs_feat_delta= 0.353042\n"}
,{"stream_name":"stdout","time":351.10756197,"data":"SECONDARY_EDGE_TTA_ACTIVE views= 8 weight= 0.75 mean_abs_feat_delta= 0.230623\n"}
,{"stream_name":"stdout","time":351.266008988,"data":"SECONDARY_EDGE_TTA_ACTIVE views= 8 weight= 0.75 mean_abs_feat_delta= 0.280181\n"}
,{"stream_name":"stdout","time":351.270257235,"data":"BIOHUB_RETENTION_GUARD {\"blended_candidates\": 288, \"dataset\": \"44b6_0b24845f\", \"frame\": 25, \"minimum_retention\": 0.9, \"primary_candidates\": 322, \"retention\": 0.8944099378881988, \"use_primary\": true}\n"}
,{"stream_name":"stdout","time":351.309786983,"data":"SECONDARY_EDGE_TTA_ACTIVE views= 8 weight= 0.75 mean_abs_feat_delta= 0.230623\n"}
,{"stream_name":"stdout","time":351.309819093,"data":"SECONDARY_EDGE_TTA_ACTIVE views= 8 weight= 0.75 mean_abs_feat_delta= 0.280181\n"}
,{"stream_name":"stdout","time":351.309823848,"data":"BIOHUB_RETENTION_GUARD {\"blended_candidates\": 288, \"dataset\": \"44b6_0b24845f\", \"frame\": 25, \"minimum_retention\": 0.9, \"primary_candidates\": 322, \"retention\": 0.8944099378881988, \"use_primary\": true}\n"}
,{"stream_name":"stdout","time":352.546077842,"data":"EDGE_TTA_ACTIVE views= 10 mean_abs_feat_delta= 0.325989\n"}
,{"stream_name":"stdout","time":352.748591097,"data":"EDGE_TTA_ACTIVE views= 10 mean_abs_feat_delta= 0.325989\n"}
,{"stream_name":"stdout","time":352.79348011,"data":"EDGE_TTA_ACTIVE views= 10 mean_abs_feat_delta= 0.357163\n"}
,{"stream_name":"stdout","time":352.995931176,"data":"EDGE_TTA_ACTIVE views= 10 mean_abs_feat_delta= 0.357163\n"}
,{"stream_name":"stdout","time":353.519089326,"data":"SECONDARY_EDGE_TTA_ACTIVE views= 8 weight= 0.75 mean_abs_feat_delta= 0.233514\n"}
,{"stream_name":"stdout","time":353.721574111,"data":"SECONDARY_EDGE_TTA_ACTIVE views= 8 weight= 0.75 mean_abs_feat_delta= 0.233514\n"}
,{"stream_name":"stdout","time":353.88511291,"data":"SECONDARY_EDGE_TTA_ACTIVE views= 8 weight= 0.75 mean_abs_feat_delta= 0.284381\n"}
,{"stream_name":"stdout","time":353.889051088,"data":"BIOHUB_RETENTION_GUARD {\"blended_candidates\": 268, \"dataset\": \"44b6_0b24845f\", \"frame\": 26, \"minimum_retention\": 0.9, \"primary_candidates\": 302, \"retention\": 0.8874172185430463, \"use_primary\": true}\n"}
,{"stream_name":"stdout","time":354.087390727,"data":"SECONDARY_EDGE_TTA_ACTIVE views= 8 weight= 0.75 mean_abs_feat_delta= 0.284381\n"}
,{"stream_name":"stdout","time":354.087424916,"data":"BIOHUB_RETENTION_GUARD {\"blended_candidates\": 268, \"dataset\": \"44b6_0b24845f\", \"frame\": 26, \"minimum_retention\": 0.9, \"primary_candidates\": 302, \"retention\": 0.8874172185430463, \"use_primary\": true}\n"}
,{"stream_name":"stdout","time":354.879123795,"data":"EDGE_TTA_ACTIVE views= 10 mean_abs_feat_delta= 0.324182\n"}
,{"stream_name":"stdout","time":355.081353537,"data":"EDGE_TTA_ACTIVE views= 10 mean_abs_feat_delta= 0.324182\n"}
,{"stream_name":"stdout","time":355.390875358,"data":"EDGE_TTA_ACTIVE views= 10 mean_abs_feat_delta= 0.361215\n"}
,{"stream_name":"stdout","time":355.593219914,"data":"EDGE_TTA_ACTIVE views= 10 mean_abs_feat_delta= 0.361215\n"}
,{"stream_name":"stdout","time":355.853078407,"data":"SECONDARY_EDGE_TTA_ACTIVE views= 8 weight= 0.75 mean_abs_feat_delta= 0.236419\n"}
,{"stream_name":"stdout","time":356.055552221,"data":"SECONDARY_EDGE_TTA_ACTIVE views= 8 weight= 0.75 mean_abs_feat_delta= 0.236419\n"}
,{"stream_name":"stdout","time":356.49073129,"data":"SECONDARY_EDGE_TTA_ACTIVE views= 8 weight= 0.75 mean_abs_feat_delta= 0.289602\n"}
,{"stream_name":"stdout","time":356.494827796,"data":"BIOHUB_RETENTION_GUARD {\"blended_candidates\": 255, \"dataset\": \"44b6_0b24845f\", \"frame\": 27, \"minimum_retention\": 0.9, \"primary_candidates\": 298, \"retention\": 0.8557046979865772, \"use_primary\": true}\n"}
,{"stream_name":"stdout","time":356.693603967,"data":"SECONDARY_EDGE_TTA_ACTIVE views= 8 weight= 0.75 mean_abs_feat_delta= 0.289602\n"}
,{"stream_name":"stdout","time":356.693688752,"data":"BIOHUB_RETENTION_GUARD {\"blended_candidates\": 255, \"dataset\": \"44b6_0b24845f\", \"frame\": 27, \"minimum_retention\": 0.9, \"primary_candidates\": 298, \"retention\": 0.8557046979865772, \"use_primary\": true}\n"}
,{"stream_name":"stdout","time":357.228906187,"data":"EDGE_TTA_ACTIVE views= 10 mean_abs_feat_delta= 0.330074\n"}
,{"stream_name":"stdout","time":357.431245737,"data":"EDGE_TTA_ACTIVE views= 10 mean_abs_feat_delta= 0.330074\n"}
,{"stream_name":"stdout","time":358.038362519,"data":"EDGE_TTA_ACTIVE views= 10 mean_abs_feat_delta= 0.357015\n"}
,{"stream_name":"stdout","time":358.203184736,"data":"SECONDARY_EDGE_TTA_ACTIVE views= 8 weight= 0.75 mean_abs_feat_delta= 0.240106\n"}
,{"stream_name":"stdout","time":358.241035515,"data":"EDGE_TTA_ACTIVE views= 10 mean_abs_feat_delta= 0.357015\n"}
,{"stream_name":"stdout","time":358.241060938,"data":"SECONDARY_EDGE_TTA_ACTIVE views= 8 weight= 0.75 mean_abs_feat_delta= 0.240106\n"}
,{"stream_name":"stdout","time":359.151329676,"data":"SECONDARY_EDGE_TTA_ACTIVE views= 8 weight= 0.75 mean_abs_feat_delta= 0.291319\n"}
,{"stream_name":"stdout","time":359.353998761,"data":"SECONDARY_EDGE_TTA_ACTIVE views= 8 weight= 0.75 mean_abs_feat_delta= 0.291319\n"}
,{"stream_name":"stdout","time":359.620068884,"data":"EDGE_TTA_ACTIVE views= 10 mean_abs_feat_delta= 0.331234\n"}
,{"stream_name":"stdout","time":359.822378852,"data":"EDGE_TTA_ACTIVE views= 10 mean_abs_feat_delta= 0.331234\n"}
,{"stream_name":"stdout","time":360.59553837,"data":"SECONDARY_EDGE_TTA_ACTIVE views= 8 weight= 0.75 mean_abs_feat_delta= 0.251196\n"}
,{"stream_name":"stdout","time":360.723373084,"data":"EDGE_TTA_ACTIVE views= 10 mean_abs_feat_delta= 0.357955\n"}
,{"stream_name":"stdout","time":360.797345521,"data":"SECONDARY_EDGE_TTA_ACTIVE views= 8 weight= 0.75 mean_abs_feat_delta= 0.251196\n"}
,{"stream_name":"stdout","time":360.797380555,"data":"EDGE_TTA_ACTIVE views= 10 mean_abs_feat_delta= 0.357955\n"}
,{"stream_name":"stdout","time":361.845071532,"data":"SECONDARY_EDGE_TTA_ACTIVE views= 8 weight= 0.75 mean_abs_feat_delta= 0.283865\n"}
,{"stream_name":"stdout","time":362.011433367,"data":"EDGE_TTA_ACTIVE views= 10 mean_abs_feat_delta= 0.331022\n"}
,{"stream_name":"stdout","time":362.047783824,"data":"SECONDARY_EDGE_TTA_ACTIVE views= 8 weight= 0.75 mean_abs_feat_delta= 0.283865\n"}
,{"stream_name":"stdout","time":362.04782956,"data":"EDGE_TTA_ACTIVE views= 10 mean_abs_feat_delta= 0.331022\n"}
,{"stream_name":"stdout","time":363.00315221,"data":"SECONDARY_EDGE_TTA_ACTIVE views= 8 weight= 0.75 mean_abs_feat_delta= 0.251416\n"}
,{"stream_name":"stdout","time":363.205636447,"data":"SECONDARY_EDGE_TTA_ACTIVE views= 8 weight= 0.75 mean_abs_feat_delta= 0.251416\n"}
,{"stream_name":"stdout","time":363.409669084,"data":"EDGE_TTA_ACTIVE views= 10 mean_abs_feat_delta= 0.356232\n"}
,{"stream_name":"stdout","time":363.612250345,"data":"EDGE_TTA_ACTIVE views= 10 mean_abs_feat_delta= 0.356232\n"}
,{"stream_name":"stdout","time":364.344367892,"data":"EDGE_TTA_ACTIVE views= 10 mean_abs_feat_delta= 0.335074\n"}
,{"stream_name":"stdout","time":364.536339852,"data":"SECONDARY_EDGE_TTA_ACTIVE views= 8 weight= 0.75 mean_abs_feat_delta= 0.282155\n"}
,{"stream_name":"stdout","time":364.547027117,"data":"EDGE_TTA_ACTIVE views= 10 mean_abs_feat_delta= 0.335074\n"}
,{"stream_name":"stdout","time":364.547100644,"data":"SECONDARY_EDGE_TTA_ACTIVE views= 8 weight= 0.75 mean_abs_feat_delta= 0.282155\n"}
,{"stream_name":"stdout","time":365.337966413,"data":"SECONDARY_EDGE_TTA_ACTIVE views= 8 weight= 0.75 mean_abs_feat_delta= 0.251129\n"}
,{"stream_name":"stdout","time":365.540605153,"data":"SECONDARY_EDGE_TTA_ACTIVE views= 8 weight= 0.75 mean_abs_feat_delta= 0.251129\n"}
,{"stream_name":"stdout","time":366.085754854,"data":"EDGE_TTA_ACTIVE views= 10 mean_abs_feat_delta= 0.352263\n"}
,{"stream_name":"stdout","time":366.288187958,"data":"EDGE_TTA_ACTIVE views= 10 mean_abs_feat_delta= 0.352263\n"}
,{"stream_name":"stdout","time":366.768037073,"data":"EDGE_TTA_ACTIVE views= 10 mean_abs_feat_delta= 0.330505\n"}
,{"stream_name":"stdout","time":366.970477664,"data":"EDGE_TTA_ACTIVE views= 10 mean_abs_feat_delta= 0.330505\n"}
,{"stream_name":"stdout","time":367.219752814,"data":"SECONDARY_EDGE_TTA_ACTIVE views= 8 weight= 0.75 mean_abs_feat_delta= 0.283753\n"}
,{"stream_name":"stdout","time":367.439131259,"data":"SECONDARY_EDGE_TTA_ACTIVE views= 8 weight= 0.75 mean_abs_feat_delta= 0.283753\n"}
,{"stream_name":"stdout","time":367.764931984,"data":"SECONDARY_EDGE_TTA_ACTIVE views= 8 weight= 0.75 mean_abs_feat_delta= 0.248917\n"}
,{"stream_name":"stdout","time":367.967823313,"data":"SECONDARY_EDGE_TTA_ACTIVE views= 8 weight= 0.75 mean_abs_feat_delta= 0.248917\n"}
,{"stream_name":"stdout","time":368.790079871,"data":"EDGE_TTA_ACTIVE views= 10 mean_abs_feat_delta= 0.355215\n"}
,{"stream_name":"stdout","time":368.992447334,"data":"EDGE_TTA_ACTIVE views= 10 mean_abs_feat_delta= 0.355215\n"}
,{"stream_name":"stdout","time":369.178704104,"data":"EDGE_TTA_ACTIVE views= 10 mean_abs_feat_delta= 0.32512\n"}
,{"stream_name":"stdout","time":369.381048351,"data":"EDGE_TTA_ACTIVE views= 10 mean_abs_feat_delta= 0.32512\n"}
,{"stream_name":"stdout","time":369.925546684,"data":"SECONDARY_EDGE_TTA_ACTIVE views= 8 weight= 0.75 mean_abs_feat_delta= 0.282429\n"}
,{"stream_name":"stdout","time":369.929723489,"data":"BIOHUB_RETENTION_GUARD {\"blended_candidates\": 241, \"dataset\": \"44b6_0b24845f\", \"frame\": 32, \"minimum_retention\": 0.9, \"primary_candidates\": 294, \"retention\": 0.8197278911564626, \"use_primary\": true}\n"}
,{"stream_name":"stdout","time":370.128126491,"data":"SECONDARY_EDGE_TTA_ACTIVE views= 8 weight= 0.75 mean_abs_feat_delta= 0.282429\n"}
,{"stream_name":"stdout","time":370.128160516,"data":"BIOHUB_RETENTION_GUARD {\"blended_candidates\": 241, \"dataset\": \"44b6_0b24845f\", \"frame\": 32, \"minimum_retention\": 0.9, \"primary_candidates\": 294, \"retention\": 0.8197278911564626, \"use_primary\": true}\n"}
,{"stream_name":"stdout","time":370.176096231,"data":"SECONDARY_EDGE_TTA_ACTIVE views= 8 weight= 0.75 mean_abs_feat_delta= 0.248317\n"}
,{"stream_name":"stdout","time":370.378444003,"data":"SECONDARY_EDGE_TTA_ACTIVE views= 8 weight= 0.75 mean_abs_feat_delta= 0.248317\n"}
,{"stream_name":"stdout","time":371.505419173,"data":"EDGE_TTA_ACTIVE views= 10 mean_abs_feat_delta= 0.359452\n"}
,{"stream_name":"stdout","time":371.574349936,"data":"EDGE_TTA_ACTIVE views= 10 mean_abs_feat_delta= 0.323351\n"}
,{"stream_name":"stdout","time":371.707850591,"data":"EDGE_TTA_ACTIVE views= 10 mean_abs_feat_delta= 0.359452\n"}
,{"stream_name":"stdout","time":371.707898401,"data":"EDGE_TTA_ACTIVE views= 10 mean_abs_feat_delta= 0.323351\n"}
,{"stream_name":"stdout","time":372.579332668,"data":"SECONDARY_EDGE_TTA_ACTIVE views= 8 weight= 0.75 mean_abs_feat_delta= 0.247468\n"}
,{"stream_name":"stdout","time":372.640844917,"data":"SECONDARY_EDGE_TTA_ACTIVE views= 8 weight= 0.75 mean_abs_feat_delta= 0.280468\n"}
,{"stream_name":"stdout","time":372.645390088,"data":"BIOHUB_RETENTION_GUARD {\"blended_candidates\": 232, \"dataset\": \"44b6_0b24845f\", \"frame\": 33, \"minimum_retention\": 0.9, \"primary_candidates\": 277, \"retention\": 0.8375451263537906, \"use_primary\": true}\n"}
,{"stream_name":"stdout","time":372.781629113,"data":"SECONDARY_EDGE_TTA_ACTIVE views= 8 weight= 0.75 mean_abs_feat_delta= 0.247468\n"}
,{"stream_name":"stdout","time":372.781663466,"data":"SECONDARY_EDGE_TTA_ACTIVE views= 8 weight= 0.75 mean_abs_feat_delta= 0.280468\n"}
,{"stream_name":"stdout","time":372.781668431,"data":"BIOHUB_RETENTION_GUARD {\"blended_candidates\": 232, \"dataset\": \"44b6_0b24845f\", \"frame\": 33, \"minimum_retention\": 0.9, \"primary_candidates\": 277, \"retention\": 0.8375451263537906, \"use_primary\": true}\n"}
,{"stream_name":"stdout","time":374.021628885,"data":"EDGE_TTA_ACTIVE views= 10 mean_abs_feat_delta= 0.321032\n"}
,{"stream_name":"stdout","time":374.224091713,"data":"EDGE_TTA_ACTIVE views= 10 mean_abs_feat_delta= 0.321032\n"}
,{"stream_name":"stdout","time":374.301366173,"data":"EDGE_TTA_ACTIVE views= 10 mean_abs_feat_delta= 0.359024\n"}
,{"stream_name":"stdout","time":374.503891284,"data":"EDGE_TTA_ACTIVE views= 10 mean_abs_feat_delta= 0.359024\n"}
,{"stream_name":"stdout","time":375.030944806,"data":"SECONDARY_EDGE_TTA_ACTIVE views= 8 weight= 0.75 mean_abs_feat_delta= 0.246968\n"}
,{"stream_name":"stdout","time":375.233371125,"data":"SECONDARY_EDGE_TTA_ACTIVE views= 8 weight= 0.75 mean_abs_feat_delta= 0.246968\n"}
,{"stream_name":"stdout","time":375.428669141,"data":"SECONDARY_EDGE_TTA_ACTIVE views= 8 weight= 0.75 mean_abs_feat_delta= 0.273313\n"}
,{"stream_name":"stdout","time":375.630649409,"data":"SECONDARY_EDGE_TTA_ACTIVE views= 8 weight= 0.75 mean_abs_feat_delta= 0.273313\n"}
,{"stream_name":"stdout","time":376.412048584,"data":"EDGE_TTA_ACTIVE views= 10 mean_abs_feat_delta= 0.32336\n"}
,{"stream_name":"stdout","time":376.614633522,"data":"EDGE_TTA_ACTIVE views= 10 mean_abs_feat_delta= 0.32336\n"}
,{"stream_name":"stdout","time":377.060827893,"data":"EDGE_TTA_ACTIVE views= 10 mean_abs_feat_delta= 0.357904\n"}
,{"stream_name":"stdout","time":377.263356192,"data":"EDGE_TTA_ACTIVE views= 10 mean_abs_feat_delta= 0.357904\n"}
,{"stream_name":"stdout","time":377.420141625,"data":"SECONDARY_EDGE_TTA_ACTIVE views= 8 weight= 0.75 mean_abs_feat_delta= 0.250361\n"}
,{"stream_name":"stdout","time":377.622604337,"data":"SECONDARY_EDGE_TTA_ACTIVE views= 8 weight= 0.75 mean_abs_feat_delta= 0.250361\n"}
,{"stream_name":"stdout","time":378.197364744,"data":"SECONDARY_EDGE_TTA_ACTIVE views= 8 weight= 0.75 mean_abs_feat_delta= 0.27435\n"}
,{"stream_name":"stdout","time":378.399662157,"data":"SECONDARY_EDGE_TTA_ACTIVE views= 8 weight= 0.75 mean_abs_feat_delta= 0.27435\n"}
,{"stream_name":"stdout","time":378.906999757,"data":"EDGE_TTA_ACTIVE views= 10 mean_abs_feat_delta= 0.327252\n"}
,{"stream_name":"stdout","time":379.109595344,"data":"EDGE_TTA_ACTIVE views= 10 mean_abs_feat_delta= 0.327252\n"}
,{"stream_name":"stdout","time":379.855180809,"data":"EDGE_TTA_ACTIVE views= 10 mean_abs_feat_delta= 0.367641\n"}
,{"stream_name":"stdout","time":379.915226231,"data":"SECONDARY_EDGE_TTA_ACTIVE views= 8 weight= 0.75 mean_abs_feat_delta= 0.24375\n"}
,{"stream_name":"stdout","time":380.057876518,"data":"EDGE_TTA_ACTIVE views= 10 mean_abs_feat_delta= 0.367641\n"}
,{"stream_name":"stdout","time":380.057908926,"data":"SECONDARY_EDGE_TTA_ACTIVE views= 8 weight= 0.75 mean_abs_feat_delta= 0.24375\n"}
,{"stream_name":"stdout","time":380.990276939,"data":"SECONDARY_EDGE_TTA_ACTIVE views= 8 weight= 0.75 mean_abs_feat_delta= 0.28122\n"}
,{"stream_name":"stdout","time":381.193032072,"data":"SECONDARY_EDGE_TTA_ACTIVE views= 8 weight= 0.75 mean_abs_feat_delta= 0.28122\n"}
,{"stream_name":"stdout","time":381.355490938,"data":"EDGE_TTA_ACTIVE views= 10 mean_abs_feat_delta= 0.329145\n"}
,{"stream_name":"stdout","time":381.558096954,"data":"EDGE_TTA_ACTIVE views= 10 mean_abs_feat_delta= 0.329145\n"}
,{"stream_name":"stdout","time":382.360469649,"data":"SECONDARY_EDGE_TTA_ACTIVE views= 8 weight= 0.75 mean_abs_feat_delta= 0.239566\n"}
,{"stream_name":"stdout","time":382.563507243,"data":"SECONDARY_EDGE_TTA_ACTIVE views= 8 weight= 0.75 mean_abs_feat_delta= 0.239566\n"}
,{"stream_name":"stdout","time":382.650224119,"data":"EDGE_TTA_ACTIVE views= 10 mean_abs_feat_delta= 0.362452\n"}
,{"stream_name":"stdout","time":382.852668864,"data":"EDGE_TTA_ACTIVE views= 10 mean_abs_feat_delta= 0.362452\n"}
,{"stream_name":"stdout","time":383.780769925,"data":"SECONDARY_EDGE_TTA_ACTIVE views= 8 weight= 0.75 mean_abs_feat_delta= 0.277064\n"}
,{"stream_name":"stdout","time":383.788407654,"data":"EDGE_TTA_ACTIVE views= 10 mean_abs_feat_delta= 0.323561\n"}
,{"stream_name":"stdout","time":383.982926604,"data":"SECONDARY_EDGE_TTA_ACTIVE views= 8 weight= 0.75 mean_abs_feat_delta= 0.277064\n"}
,{"stream_name":"stdout","time":383.982959464,"data":"EDGE_TTA_ACTIVE views= 10 mean_abs_feat_delta= 0.323561\n"}
,{"stream_name":"stdout","time":384.783738862,"data":"SECONDARY_EDGE_TTA_ACTIVE views= 8 weight= 0.75 mean_abs_feat_delta= 0.242074\n"}
,{"stream_name":"stdout","time":384.986353557,"data":"SECONDARY_EDGE_TTA_ACTIVE views= 8 weight= 0.75 mean_abs_feat_delta= 0.242074\n"}
,{"stream_name":"stdout","time":385.385213233,"data":"EDGE_TTA_ACTIVE views= 10 mean_abs_feat_delta= 0.36048\n"}
,{"stream_name":"stdout","time":385.58777546,"data":"EDGE_TTA_ACTIVE views= 10 mean_abs_feat_delta= 0.36048\n"}
,{"stream_name":"stdout","time":386.20324734,"data":"EDGE_TTA_ACTIVE views= 10 mean_abs_feat_delta= 0.322833\n"}
,{"stream_name":"stdout","time":386.405845635,"data":"EDGE_TTA_ACTIVE views= 10 mean_abs_feat_delta= 0.322833\n"}
,{"stream_name":"stdout","time":386.501764632,"data":"SECONDARY_EDGE_TTA_ACTIVE views= 8 weight= 0.75 mean_abs_feat_delta= 0.274933\n"}
,{"stream_name":"stdout","time":386.704169326,"data":"SECONDARY_EDGE_TTA_ACTIVE views= 8 weight= 0.75 mean_abs_feat_delta= 0.274933\n"}
,{"stream_name":"stdout","time":387.196914325,"data":"SECONDARY_EDGE_TTA_ACTIVE views= 8 weight= 0.75 mean_abs_feat_delta= 0.24388\n"}
,{"stream_name":"stdout","time":387.399491402,"data":"SECONDARY_EDGE_TTA_ACTIVE views= 8 weight= 0.75 mean_abs_feat_delta= 0.24388\n"}
,{"stream_name":"stdout","time":388.081221523,"data":"EDGE_TTA_ACTIVE views= 10 mean_abs_feat_delta= 0.365102\n"}
,{"stream_name":"stdout","time":388.283648693,"data":"EDGE_TTA_ACTIVE views= 10 mean_abs_feat_delta= 0.365102\n"}
,{"stream_name":"stdout","time":388.654745435,"data":"EDGE_TTA_ACTIVE views= 10 mean_abs_feat_delta= 0.325711\n"}
,{"stream_name":"stdout","time":388.857244624,"data":"EDGE_TTA_ACTIVE views= 10 mean_abs_feat_delta= 0.325711\n"}
,{"stream_name":"stdout","time":389.183377759,"data":"SECONDARY_EDGE_TTA_ACTIVE views= 8 weight= 0.75 mean_abs_feat_delta= 0.278308\n"}
,{"stream_name":"stdout","time":389.386536505,"data":"SECONDARY_EDGE_TTA_ACTIVE views= 8 weight= 0.75 mean_abs_feat_delta= 0.278308\n"}
,{"stream_name":"stdout","time":389.632738681,"data":"SECONDARY_EDGE_TTA_ACTIVE views= 8 weight= 0.75 mean_abs_feat_delta= 0.242396\n"}
,{"stream_name":"stdout","time":389.835129027,"data":"SECONDARY_EDGE_TTA_ACTIVE views= 8 weight= 0.75 mean_abs_feat_delta= 0.242396\n"}
,{"stream_name":"stdout","time":390.726533687,"data":"EDGE_TTA_ACTIVE views= 10 mean_abs_feat_delta= 0.366496\n"}
,{"stream_name":"stdout","time":390.928865459,"data":"EDGE_TTA_ACTIVE views= 10 mean_abs_feat_delta= 0.366496\n"}
,{"stream_name":"stdout","time":391.071172774,"data":"EDGE_TTA_ACTIVE views= 10 mean_abs_feat_delta= 0.32711\n"}
,{"stream_name":"stdout","time":391.273738974,"data":"EDGE_TTA_ACTIVE views= 10 mean_abs_feat_delta= 0.32711\n"}
,{"stream_name":"stdout","time":391.821462061,"data":"SECONDARY_EDGE_TTA_ACTIVE views= 8 weight= 0.75 mean_abs_feat_delta= 0.285352\n"}
,{"stream_name":"stdout","time":391.825731731,"data":"BIOHUB_RETENTION_GUARD {\"blended_candidates\": 296, \"dataset\": \"44b6_0b24845f\", \"frame\": 40, \"minimum_retention\": 0.9, \"primary_candidates\": 329, \"retention\": 0.8996960486322189, \"use_primary\": true}\n"}
,{"stream_name":"stdout","time":392.023620766,"data":"SECONDARY_EDGE_TTA_ACTIVE views= 8 weight= 0.75 mean_abs_feat_delta= 0.285352\n"}
,{"stream_name":"stdout","time":392.02365316,"data":"BIOHUB_RETENTION_GUARD {\"blended_candidates\": 296, \"dataset\": \"44b6_0b24845f\", \"frame\": 40, \"minimum_retention\": 0.9, \"primary_candidates\": 329, \"retention\": 0.8996960486322189, \"use_primary\": true}\n"}
,{"stream_name":"stdout","time":392.063101733,"data":"SECONDARY_EDGE_TTA_ACTIVE views= 8 weight= 0.75 mean_abs_feat_delta= 0.24245\n"}
,{"stream_name":"stdout","time":392.265389712,"data":"SECONDARY_EDGE_TTA_ACTIVE views= 8 weight= 0.75 mean_abs_feat_delta= 0.24245\n"}
,{"stream_name":"stdout","time":393.42419898,"data":"EDGE_TTA_ACTIVE views= 10 mean_abs_feat_delta= 0.361587\n"}
,{"stream_name":"stdout","time":393.462845907,"data":"EDGE_TTA_ACTIVE views= 10 mean_abs_feat_delta= 0.328334\n"}
,{"stream_name":"stdout","time":393.626764529,"data":"EDGE_TTA_ACTIVE views= 10 mean_abs_feat_delta= 0.361587\n"}
,{"stream_name":"stdout","time":393.626835505,"data":"EDGE_TTA_ACTIVE views= 10 mean_abs_feat_delta= 0.328334\n"}
,{"stream_name":"stdout","time":394.438366789,"data":"SECONDARY_EDGE_TTA_ACTIVE views= 8 weight= 0.75 mean_abs_feat_delta= 0.246663\n"}
,{"stream_name":"stdout","time":394.515230685,"data":"SECONDARY_EDGE_TTA_ACTIVE views= 8 weight= 0.75 mean_abs_feat_delta= 0.280788\n"}
,{"stream_name":"stdout","time":394.640612593,"data":"SECONDARY_EDGE_TTA_ACTIVE views= 8 weight= 0.75 mean_abs_feat_delta= 0.246663\n"}
,{"stream_name":"stdout","time":394.640646188,"data":"SECONDARY_EDGE_TTA_ACTIVE views= 8 weight= 0.75 mean_abs_feat_delta= 0.280788\n"}
,{"stream_name":"stdout","time":395.797783644,"data":"EDGE_TTA_ACTIVE views= 10 mean_abs_feat_delta= 0.326127\n"}
,{"stream_name":"stdout","time":396.000210415,"data":"EDGE_TTA_ACTIVE views= 10 mean_abs_feat_delta= 0.326127\n"}
,{"stream_name":"stdout","time":396.057839724,"data":"EDGE_TTA_ACTIVE views= 10 mean_abs_feat_delta= 0.358241\n"}
,{"stream_name":"stdout","time":396.260363221,"data":"EDGE_TTA_ACTIVE views= 10 mean_abs_feat_delta= 0.358241\n"}
,{"stream_name":"stdout","time":396.770610483,"data":"SECONDARY_EDGE_TTA_ACTIVE views= 8 weight= 0.75 mean_abs_feat_delta= 0.248161\n"}
,{"stream_name":"stdout","time":396.974025205,"data":"SECONDARY_EDGE_TTA_ACTIVE views= 8 weight= 0.75 mean_abs_feat_delta= 0.248161\n"}
,{"stream_name":"stdout","time":397.138525481,"data":"SECONDARY_EDGE_TTA_ACTIVE views= 8 weight= 0.75 mean_abs_feat_delta= 0.282166\n"}
,{"stream_name":"stdout","time":397.341030069,"data":"SECONDARY_EDGE_TTA_ACTIVE views= 8 weight= 0.75 mean_abs_feat_delta= 0.282166\n"}
,{"stream_name":"stdout","time":398.161653101,"data":"EDGE_TTA_ACTIVE views= 10 mean_abs_feat_delta= 0.326027\n"}
,{"stream_name":"stdout","time":398.383048195,"data":"EDGE_TTA_ACTIVE views= 10 mean_abs_feat_delta= 0.326027\n"}
,{"stream_name":"stdout","time":398.676539903,"data":"EDGE_TTA_ACTIVE views= 10 mean_abs_feat_delta= 0.361825\n"}
,{"stream_name":"stdout","time":398.879033122,"data":"EDGE_TTA_ACTIVE views= 10 mean_abs_feat_delta= 0.361825\n"}
,{"stream_name":"stdout","time":399.143102618,"data":"SECONDARY_EDGE_TTA_ACTIVE views= 8 weight= 0.75 mean_abs_feat_delta= 0.244572\n"}
,{"stream_name":"stdout","time":399.345647675,"data":"SECONDARY_EDGE_TTA_ACTIVE views= 8 weight= 0.75 mean_abs_feat_delta= 0.244572\n"}
,{"stream_name":"stdout","time":399.753714248,"data":"SECONDARY_EDGE_TTA_ACTIVE views= 8 weight= 0.75 mean_abs_feat_delta= 0.283823\n"}
,{"stream_name":"stdout","time":399.955986214,"data":"SECONDARY_EDGE_TTA_ACTIVE views= 8 weight= 0.75 mean_abs_feat_delta= 0.283823\n"}
,{"stream_name":"stdout","time":400.492504797,"data":"EDGE_TTA_ACTIVE views= 10 mean_abs_feat_delta= 0.321175\n"}
,{"stream_name":"stdout","time":400.694948467,"data":"EDGE_TTA_ACTIVE views= 10 mean_abs_feat_delta= 0.321175\n"}
,{"stream_name":"stdout","time":401.302367406,"data":"EDGE_TTA_ACTIVE views= 10 mean_abs_feat_delta= 0.363905\n"}
,{"stream_name":"stdout","time":401.473824084,"data":"SECONDARY_EDGE_TTA_ACTIVE views= 8 weight= 0.75 mean_abs_feat_delta= 0.244253\n"}
,{"stream_name":"stdout","time":401.504733191,"data":"EDGE_TTA_ACTIVE views= 10 mean_abs_feat_delta= 0.363905\n"}
,{"stream_name":"stdout","time":401.504754917,"data":"SECONDARY_EDGE_TTA_ACTIVE views= 8 weight= 0.75 mean_abs_feat_delta= 0.244253\n"}
,{"stream_name":"stdout","time":402.377612277,"data":"SECONDARY_EDGE_TTA_ACTIVE views= 8 weight= 0.75 mean_abs_feat_delta= 0.281373\n"}
,{"stream_name":"stdout","time":402.580014083,"data":"SECONDARY_EDGE_TTA_ACTIVE views= 8 weight= 0.75 mean_abs_feat_delta= 0.281373\n"}
,{"stream_name":"stdout","time":402.850748482,"data":"EDGE_TTA_ACTIVE views= 10 mean_abs_feat_delta= 0.328597\n"}
,{"stream_name":"stdout","time":403.053158892,"data":"EDGE_TTA_ACTIVE views= 10 mean_abs_feat_delta= 0.328597\n"}
,{"stream_name":"stdout","time":403.823032371,"data":"SECONDARY_EDGE_TTA_ACTIVE views= 8 weight= 0.75 mean_abs_feat_delta= 0.251298\n"}
,{"stream_name":"stdout","time":403.900548659,"data":"EDGE_TTA_ACTIVE views= 10 mean_abs_feat_delta= 0.364969\n"}
,{"stream_name":"stdout","time":404.025650431,"data":"SECONDARY_EDGE_TTA_ACTIVE views= 8 weight= 0.75 mean_abs_feat_delta= 0.251298\n"}
,{"stream_name":"stdout","time":404.025679101,"data":"EDGE_TTA_ACTIVE views= 10 mean_abs_feat_delta= 0.364969\n"}
,{"stream_name":"stdout","time":404.972811629,"data":"SECONDARY_EDGE_TTA_ACTIVE views= 8 weight= 0.75 mean_abs_feat_delta= 0.281151\n"}
,{"stream_name":"stdout","time":405.175021911,"data":"SECONDARY_EDGE_TTA_ACTIVE views= 8 weight= 0.75 mean_abs_feat_delta= 0.281151\n"}
,{"stream_name":"stdout","time":405.220209712,"data":"EDGE_TTA_ACTIVE views= 10 mean_abs_feat_delta= 0.324783\n"}
,{"stream_name":"stdout","time":405.422738965,"data":"EDGE_TTA_ACTIVE views= 10 mean_abs_feat_delta= 0.324783\n"}
,{"stream_name":"stdout","time":406.193078746,"data":"SECONDARY_EDGE_TTA_ACTIVE views= 8 weight= 0.75 mean_abs_feat_delta= 0.241945\n"}
,{"stream_name":"stdout","time":406.39592223,"data":"SECONDARY_EDGE_TTA_ACTIVE views= 8 weight= 0.75 mean_abs_feat_delta= 0.241945\n"}
,{"stream_name":"stdout","time":406.546146219,"data":"EDGE_TTA_ACTIVE views= 10 mean_abs_feat_delta= 0.360361\n"}
,{"stream_name":"stdout","time":406.748380918,"data":"EDGE_TTA_ACTIVE views= 10 mean_abs_feat_delta= 0.360361\n"}
,{"stream_name":"stdout","time":407.57718657,"data":"EDGE_TTA_ACTIVE views= 10 mean_abs_feat_delta= 0.326798\n"}
,{"stream_name":"stdout","time":407.617662006,"data":"SECONDARY_EDGE_TTA_ACTIVE views= 8 weight= 0.75 mean_abs_feat_delta= 0.288338\n"}
,{"stream_name":"stdout","time":407.62180926999997,"data":"BIOHUB_RETENTION_GUARD {\"blended_candidates\": 274, \"dataset\": \"44b6_0b24845f\", \"frame\": 46, \"minimum_retention\": 0.9, \"primary_candidates\": 305, \"retention\": 0.898360655737705, \"use_primary\": true}\n"}
,{"stream_name":"stdout","time":407.779361233,"data":"EDGE_TTA_ACTIVE views= 10 mean_abs_feat_delta= 0.326798\n"}
,{"stream_name":"stdout","time":407.77939164,"data":"SECONDARY_EDGE_TTA_ACTIVE views= 8 weight= 0.75 mean_abs_feat_delta= 0.288338\n"}
,{"stream_name":"stdout","time":407.779396112,"data":"BIOHUB_RETENTION_GUARD {\"blended_candidates\": 274, \"dataset\": \"44b6_0b24845f\", \"frame\": 46, \"minimum_retention\": 0.9, \"primary_candidates\": 305, \"retention\": 0.898360655737705, \"use_primary\": true}\n"}
,{"stream_name":"stdout","time":408.558566188,"data":"SECONDARY_EDGE_TTA_ACTIVE views= 8 weight= 0.75 mean_abs_feat_delta= 0.241039\n"}
,{"stream_name":"stdout","time":408.760949209,"data":"SECONDARY_EDGE_TTA_ACTIVE views= 8 weight= 0.75 mean_abs_feat_delta= 0.241039\n"}
,{"stream_name":"stdout","time":409.200932502,"data":"EDGE_TTA_ACTIVE views= 10 mean_abs_feat_delta= 0.363005\n"}
,{"stream_name":"stdout","time":409.403567507,"data":"EDGE_TTA_ACTIVE views= 10 mean_abs_feat_delta= 0.363005\n"}
,{"stream_name":"stdout","time":409.9990895,"data":"EDGE_TTA_ACTIVE views= 10 mean_abs_feat_delta= 0.33539\n"}
,{"stream_name":"stdout","time":410.201645315,"data":"EDGE_TTA_ACTIVE views= 10 mean_abs_feat_delta= 0.33539\n"}
,{"stream_name":"stdout","time":410.272492345,"data":"SECONDARY_EDGE_TTA_ACTIVE views= 8 weight= 0.75 mean_abs_feat_delta= 0.292434\n"}
,{"stream_name":"stdout","time":410.276660142,"data":"BIOHUB_RETENTION_GUARD {\"blended_candidates\": 262, \"dataset\": \"44b6_0b24845f\", \"frame\": 47, \"minimum_retention\": 0.9, \"primary_candidates\": 311, \"retention\": 0.842443729903537, \"use_primary\": true}\n"}
,{"stream_name":"stdout","time":410.475363485,"data":"SECONDARY_EDGE_TTA_ACTIVE views= 8 weight= 0.75 mean_abs_feat_delta= 0.292434\n"}
,{"stream_name":"stdout","time":410.47539848,"data":"BIOHUB_RETENTION_GUARD {\"blended_candidates\": 262, \"dataset\": \"44b6_0b24845f\", \"frame\": 47, \"minimum_retention\": 0.9, \"primary_candidates\": 311, \"retention\": 0.842443729903537, \"use_primary\": true}\n"}
,{"stream_name":"stdout","time":410.970999891,"data":"SECONDARY_EDGE_TTA_ACTIVE views= 8 weight= 0.75 mean_abs_feat_delta= 0.250851\n"}
,{"stream_name":"stdout","time":411.17318828,"data":"SECONDARY_EDGE_TTA_ACTIVE views= 8 weight= 0.75 mean_abs_feat_delta= 0.250851\n"}
,{"stream_name":"stdout","time":411.775320515,"data":"EDGE_TTA_ACTIVE views= 10 mean_abs_feat_delta= 0.370704\n"}
,{"stream_name":"stdout","time":411.977701474,"data":"EDGE_TTA_ACTIVE views= 10 mean_abs_feat_delta= 0.370704\n"}
,{"stream_name":"stdout","time":412.408586163,"data":"EDGE_TTA_ACTIVE views= 10 mean_abs_feat_delta= 0.333945\n"}
,{"stream_name":"stdout","time":412.611074079,"data":"EDGE_TTA_ACTIVE views= 10 mean_abs_feat_delta= 0.333945\n"}
,{"stream_name":"stdout","time":412.846152583,"data":"SECONDARY_EDGE_TTA_ACTIVE views= 8 weight= 0.75 mean_abs_feat_delta= 0.288129\n"}
,{"stream_name":"stdout","time":413.047554328,"data":"SECONDARY_EDGE_TTA_ACTIVE views= 8 weight= 0.75 mean_abs_feat_delta= 0.288129\n"}
,{"stream_name":"stdout","time":413.383402531,"data":"SECONDARY_EDGE_TTA_ACTIVE views= 8 weight= 0.75 mean_abs_feat_delta= 0.253217\n"}
,{"stream_name":"stdout","time":413.585796654,"data":"SECONDARY_EDGE_TTA_ACTIVE views= 8 weight= 0.75 mean_abs_feat_delta= 0.253217\n"}
,{"stream_name":"stdout","time":414.405149531,"data":"EDGE_TTA_ACTIVE views= 10 mean_abs_feat_delta= 0.365343\n"}
,{"stream_name":"stdout","time":414.607641028,"data":"EDGE_TTA_ACTIVE views= 10 mean_abs_feat_delta= 0.365343\n"}
,{"stream_name":"stdout","time":414.818072902,"data":"EDGE_TTA_ACTIVE views= 10 mean_abs_feat_delta= 0.332409\n"}
,{"stream_name":"stdout","time":415.020443415,"data":"EDGE_TTA_ACTIVE views= 10 mean_abs_feat_delta= 0.332409\n"}
,{"stream_name":"stdout","time":415.476052041,"data":"SECONDARY_EDGE_TTA_ACTIVE views= 8 weight= 0.75 mean_abs_feat_delta= 0.299885\n"}
,{"stream_name":"stdout","time":415.678401127,"data":"SECONDARY_EDGE_TTA_ACTIVE views= 8 weight= 0.75 mean_abs_feat_delta= 0.299885\n"}
,{"stream_name":"stdout","time":415.792555999,"data":"SECONDARY_EDGE_TTA_ACTIVE views= 8 weight= 0.75 mean_abs_feat_delta= 0.261342\n"}
,{"stream_name":"stdout","time":415.995043224,"data":"SECONDARY_EDGE_TTA_ACTIVE views= 8 weight= 0.75 mean_abs_feat_delta= 0.261342\n"}
,{"stream_name":"stdout","time":417.046552641,"data":"EDGE_TTA_ACTIVE views= 10 mean_abs_feat_delta= 0.366355\n"}
,{"stream_name":"stdout","time":417.170132381,"data":"EDGE_TTA_ACTIVE views= 10 mean_abs_feat_delta= 0.333488\n"}
,{"stream_name":"stdout","time":417.248949236,"data":"EDGE_TTA_ACTIVE views= 10 mean_abs_feat_delta= 0.366355\n"}
,{"stream_name":"stdout","time":417.248991813,"data":"EDGE_TTA_ACTIVE views= 10 mean_abs_feat_delta= 0.333488\n"}
,{"stream_name":"stdout","time":418.118012452,"data":"SECONDARY_EDGE_TTA_ACTIVE views= 8 weight= 0.75 mean_abs_feat_delta= 0.305548\n"}
,{"stream_name":"stdout","time":418.122085676,"data":"BIOHUB_RETENTION_GUARD {\"blended_candidates\": 247, \"dataset\": \"44b6_0b24845f\", \"frame\": 50, \"minimum_retention\": 0.9, \"primary_candidates\": 288, \"retention\": 0.8576388888888888, \"use_primary\": true}\n"}
,{"stream_name":"stdout","time":418.143109026,"data":"SECONDARY_EDGE_TTA_ACTIVE views= 8 weight= 0.75 mean_abs_feat_delta= 0.263655\n"}
,{"stream_name":"stdout","time":418.320453026,"data":"SECONDARY_EDGE_TTA_ACTIVE views= 8 weight= 0.75 mean_abs_feat_delta= 0.305548\n"}
,{"stream_name":"stdout","time":418.320502246,"data":"BIOHUB_RETENTION_GUARD {\"blended_candidates\": 247, \"dataset\": \"44b6_0b24845f\", \"frame\": 50, \"minimum_retention\": 0.9, \"primary_candidates\": 288, \"retention\": 0.8576388888888888, \"use_primary\": true}\n"}
,{"stream_name":"stdout","time":418.320507814,"data":"SECONDARY_EDGE_TTA_ACTIVE views= 8 weight= 0.75 mean_abs_feat_delta= 0.263655\n"}
,{"stream_name":"stdout","time":419.59892315,"data":"EDGE_TTA_ACTIVE views= 10 mean_abs_feat_delta= 0.33334\n"}
,{"stream_name":"stdout","time":419.659580598,"data":"EDGE_TTA_ACTIVE views= 10 mean_abs_feat_delta= 0.364641\n"}
,{"stream_name":"stdout","time":419.801527324,"data":"EDGE_TTA_ACTIVE views= 10 mean_abs_feat_delta= 0.33334\n"}
,{"stream_name":"stdout","time":419.801559541,"data":"EDGE_TTA_ACTIVE views= 10 mean_abs_feat_delta= 0.364641\n"}
,{"stream_name":"stdout","time":420.572184824,"data":"SECONDARY_EDGE_TTA_ACTIVE views= 8 weight= 0.75 mean_abs_feat_delta= 0.264049\n"}
,{"stream_name":"stdout","time":420.733006479,"data":"SECONDARY_EDGE_TTA_ACTIVE views= 8 weight= 0.75 mean_abs_feat_delta= 0.296505\n"}
,{"stream_name":"stdout","time":420.737082729,"data":"BIOHUB_RETENTION_GUARD {\"blended_candidates\": 306, \"dataset\": \"44b6_0b24845f\", \"frame\": 51, \"minimum_retention\": 0.9, \"primary_candidates\": 353, \"retention\": 0.8668555240793201, \"use_primary\": true}\n"}
,{"stream_name":"stdout","time":420.77474183,"data":"SECONDARY_EDGE_TTA_ACTIVE views= 8 weight= 0.75 mean_abs_feat_delta= 0.264049\n"}
,{"stream_name":"stdout","time":420.774766048,"data":"SECONDARY_EDGE_TTA_ACTIVE views= 8 weight= 0.75 mean_abs_feat_delta= 0.296505\n"}
,{"stream_name":"stdout","time":420.774772051,"data":"BIOHUB_RETENTION_GUARD {\"blended_candidates\": 306, \"dataset\": \"44b6_0b24845f\", \"frame\": 51, \"minimum_retention\": 0.9, \"primary_candidates\": 353, \"retention\": 0.8668555240793201, \"use_primary\": true}\n"}
,{"stream_name":"stdout","time":421.96741292,"data":"EDGE_TTA_ACTIVE views= 10 mean_abs_feat_delta= 0.33643\n"}
,{"stream_name":"stdout","time":422.169911643,"data":"EDGE_TTA_ACTIVE views= 10 mean_abs_feat_delta= 0.33643\n"}
,{"stream_name":"stdout","time":422.310523601,"data":"EDGE_TTA_ACTIVE views= 10 mean_abs_feat_delta= 0.360963\n"}
,{"stream_name":"stdout","time":422.512952049,"data":"EDGE_TTA_ACTIVE views= 10 mean_abs_feat_delta= 0.360963\n"}
,{"stream_name":"stdout","time":422.94088132,"data":"SECONDARY_EDGE_TTA_ACTIVE views= 8 weight= 0.75 mean_abs_feat_delta= 0.262185\n"}
,{"stream_name":"stdout","time":423.142964399,"data":"SECONDARY_EDGE_TTA_ACTIVE views= 8 weight= 0.75 mean_abs_feat_delta= 0.262185\n"}
,{"stream_name":"stdout","time":423.383665829,"data":"SECONDARY_EDGE_TTA_ACTIVE views= 8 weight= 0.75 mean_abs_feat_delta= 0.295986\n"}
,{"stream_name":"stdout","time":423.585751768,"data":"SECONDARY_EDGE_TTA_ACTIVE views= 8 weight= 0.75 mean_abs_feat_delta= 0.295986\n"}
,{"stream_name":"stdout","time":424.358717614,"data":"EDGE_TTA_ACTIVE views= 10 mean_abs_feat_delta= 0.342377\n"}
,{"stream_name":"stdout","time":424.561067856,"data":"EDGE_TTA_ACTIVE views= 10 mean_abs_feat_delta= 0.342377\n"}
,{"stream_name":"stdout","time":424.97342754700003,"data":"EDGE_TTA_ACTIVE views= 10 mean_abs_feat_delta= 0.362296\n"}
,{"stream_name":"stdout","time":425.176154304,"data":"EDGE_TTA_ACTIVE views= 10 mean_abs_feat_delta= 0.362296\n"}
,{"stream_name":"stdout","time":425.333366734,"data":"SECONDARY_EDGE_TTA_ACTIVE views= 8 weight= 0.75 mean_abs_feat_delta= 0.257653\n"}
,{"stream_name":"stdout","time":425.53578932,"data":"SECONDARY_EDGE_TTA_ACTIVE views= 8 weight= 0.75 mean_abs_feat_delta= 0.257653\n"}
,{"stream_name":"stdout","time":426.052118024,"data":"SECONDARY_EDGE_TTA_ACTIVE views= 8 weight= 0.75 mean_abs_feat_delta= 0.30285\n"}
,{"stream_name":"stdout","time":426.056803665,"data":"BIOHUB_RETENTION_GUARD {\"blended_candidates\": 301, \"dataset\": \"44b6_0b24845f\", \"frame\": 53, \"minimum_retention\": 0.9, \"primary_candidates\": 339, \"retention\": 0.887905604719764, \"use_primary\": true}\n"}
,{"stream_name":"stdout","time":426.254730528,"data":"SECONDARY_EDGE_TTA_ACTIVE views= 8 weight= 0.75 mean_abs_feat_delta= 0.30285\n"}
,{"stream_name":"stdout","time":426.254767395,"data":"BIOHUB_RETENTION_GUARD {\"blended_candidates\": 301, \"dataset\": \"44b6_0b24845f\", \"frame\": 53, \"minimum_retention\": 0.9, \"primary_candidates\": 339, \"retention\": 0.887905604719764, \"use_primary\": true}\n"}
,{"stream_name":"stdout","time":426.729149857,"data":"EDGE_TTA_ACTIVE views= 10 mean_abs_feat_delta= 0.33519\n"}
,{"stream_name":"stdout","time":426.931769637,"data":"EDGE_TTA_ACTIVE views= 10 mean_abs_feat_delta= 0.33519\n"}
,{"stream_name":"stdout","time":427.607944646,"data":"EDGE_TTA_ACTIVE views= 10 mean_abs_feat_delta= 0.360497\n"}
,{"stream_name":"stdout","time":427.703084377,"data":"SECONDARY_EDGE_TTA_ACTIVE views= 8 weight= 0.75 mean_abs_feat_delta= 0.252778\n"}
,{"stream_name":"stdout","time":427.810277696,"data":"EDGE_TTA_ACTIVE views= 10 mean_abs_feat_delta= 0.360497\n"}
,{"stream_name":"stdout","time":427.810310165,"data":"SECONDARY_EDGE_TTA_ACTIVE views= 8 weight= 0.75 mean_abs_feat_delta= 0.252778\n"}
,{"stream_name":"stdout","time":428.690035402,"data":"SECONDARY_EDGE_TTA_ACTIVE views= 8 weight= 0.75 mean_abs_feat_delta= 0.30254\n"}
,{"stream_name":"stdout","time":428.694138464,"data":"BIOHUB_RETENTION_GUARD {\"blended_candidates\": 316, \"dataset\": \"44b6_0b24845f\", \"frame\": 54, \"minimum_retention\": 0.9, \"primary_candidates\": 354, \"retention\": 0.8926553672316384, \"use_primary\": true}\n"}
,{"stream_name":"stdout","time":428.910268512,"data":"SECONDARY_EDGE_TTA_ACTIVE views= 8 weight= 0.75 mean_abs_feat_delta= 0.30254\n"}
,{"stream_name":"stdout","time":428.910296874,"data":"BIOHUB_RETENTION_GUARD {\"blended_candidates\": 316, \"dataset\": \"44b6_0b24845f\", \"frame\": 54, \"minimum_retention\": 0.9, \"primary_candidates\": 354, \"retention\": 0.8926553672316384, \"use_primary\": true}\n"}
,{"stream_name":"stdout","time":429.142302174,"data":"EDGE_TTA_ACTIVE views= 10 mean_abs_feat_delta= 0.33396\n"}
,{"stream_name":"stdout","time":429.344493243,"data":"EDGE_TTA_ACTIVE views= 10 mean_abs_feat_delta= 0.33396\n"}
,{"stream_name":"stdout","time":430.119129731,"data":"SECONDARY_EDGE_TTA_ACTIVE views= 8 weight= 0.75 mean_abs_feat_delta= 0.255196\n"}
,{"stream_name":"stdout","time":430.308810748,"data":"EDGE_TTA_ACTIVE views= 10 mean_abs_feat_delta= 0.360896\n"}
,{"stream_name":"stdout","time":430.322061856,"data":"SECONDARY_EDGE_TTA_ACTIVE views= 8 weight= 0.75 mean_abs_feat_delta= 0.255196\n"}
,{"stream_name":"stdout","time":430.322092654,"data":"EDGE_TTA_ACTIVE views= 10 mean_abs_feat_delta= 0.360896\n"}
,{"stream_name":"stdout","time":431.392963503,"data":"SECONDARY_EDGE_TTA_ACTIVE views= 8 weight= 0.75 mean_abs_feat_delta= 0.304896\n"}
,{"stream_name":"stdout","time":431.515000576,"data":"EDGE_TTA_ACTIVE views= 10 mean_abs_feat_delta= 0.332575\n"}
,{"stream_name":"stdout","time":431.595392334,"data":"SECONDARY_EDGE_TTA_ACTIVE views= 8 weight= 0.75 mean_abs_feat_delta= 0.304896\n"}
,{"stream_name":"stdout","time":431.595425751,"data":"EDGE_TTA_ACTIVE views= 10 mean_abs_feat_delta= 0.332575\n"}
,{"stream_name":"stdout","time":432.504383415,"data":"SECONDARY_EDGE_TTA_ACTIVE views= 8 weight= 0.75 mean_abs_feat_delta= 0.255652\n"}
,{"stream_name":"stdout","time":432.707050447,"data":"SECONDARY_EDGE_TTA_ACTIVE views= 8 weight= 0.75 mean_abs_feat_delta= 0.255652\n"}
,{"stream_name":"stdout","time":433.010453264,"data":"EDGE_TTA_ACTIVE views= 10 mean_abs_feat_delta= 0.363846\n"}
,{"stream_name":"stdout","time":433.21308418,"data":"EDGE_TTA_ACTIVE views= 10 mean_abs_feat_delta= 0.363846\n"}
,{"stream_name":"stdout","time":433.925841784,"data":"EDGE_TTA_ACTIVE views= 10 mean_abs_feat_delta= 0.336933\n"}
,{"stream_name":"stdout","time":434.098003511,"data":"SECONDARY_EDGE_TTA_ACTIVE views= 8 weight= 0.75 mean_abs_feat_delta= 0.308335\n"}
,{"stream_name":"stdout","time":434.128568366,"data":"EDGE_TTA_ACTIVE views= 10 mean_abs_feat_delta= 0.336933\n"}
,{"stream_name":"stdout","time":434.128592703,"data":"SECONDARY_EDGE_TTA_ACTIVE views= 8 weight= 0.75 mean_abs_feat_delta= 0.308335\n"}
,{"stream_name":"stdout","time":434.917301634,"data":"SECONDARY_EDGE_TTA_ACTIVE views= 8 weight= 0.75 mean_abs_feat_delta= 0.256616\n"}
,{"stream_name":"stdout","time":435.119842269,"data":"SECONDARY_EDGE_TTA_ACTIVE views= 8 weight= 0.75 mean_abs_feat_delta= 0.256616\n"}
,{"stream_name":"stdout","time":435.669803101,"data":"EDGE_TTA_ACTIVE views= 10 mean_abs_feat_delta= 0.357998\n"}
,{"stream_name":"stdout","time":435.872183087,"data":"EDGE_TTA_ACTIVE views= 10 mean_abs_feat_delta= 0.357998\n"}
,{"stream_name":"stdout","time":436.277248582,"data":"EDGE_TTA_ACTIVE views= 10 mean_abs_feat_delta= 0.338815\n"}
,{"stream_name":"stdout","time":436.479650627,"data":"EDGE_TTA_ACTIVE views= 10 mean_abs_feat_delta= 0.338815\n"}
,{"stream_name":"stdout","time":436.760186446,"data":"SECONDARY_EDGE_TTA_ACTIVE views= 8 weight= 0.75 mean_abs_feat_delta= 0.3079\n"}
,{"stream_name":"stdout","time":436.962445388,"data":"SECONDARY_EDGE_TTA_ACTIVE views= 8 weight= 0.75 mean_abs_feat_delta= 0.3079\n"}
,{"stream_name":"stdout","time":437.271434658,"data":"SECONDARY_EDGE_TTA_ACTIVE views= 8 weight= 0.75 mean_abs_feat_delta= 0.257121\n"}
,{"stream_name":"stdout","time":437.474120108,"data":"SECONDARY_EDGE_TTA_ACTIVE views= 8 weight= 0.75 mean_abs_feat_delta= 0.257121\n"}
,{"stream_name":"stdout","time":438.295280216,"data":"EDGE_TTA_ACTIVE views= 10 mean_abs_feat_delta= 0.353406\n"}
,{"stream_name":"stdout","time":438.497911096,"data":"EDGE_TTA_ACTIVE views= 10 mean_abs_feat_delta= 0.353406\n"}
,{"stream_name":"stdout","time":438.704166422,"data":"EDGE_TTA_ACTIVE views= 10 mean_abs_feat_delta= 0.340508\n"}
,{"stream_name":"stdout","time":438.906737534,"data":"EDGE_TTA_ACTIVE views= 10 mean_abs_feat_delta= 0.340508\n"}
,{"stream_name":"stdout","time":439.391813952,"data":"SECONDARY_EDGE_TTA_ACTIVE views= 8 weight= 0.75 mean_abs_feat_delta= 0.304751\n"}
,{"stream_name":"stdout","time":439.395836068,"data":"BIOHUB_RETENTION_GUARD {\"blended_candidates\": 253, \"dataset\": \"44b6_0b24845f\", \"frame\": 58, \"minimum_retention\": 0.9, \"primary_candidates\": 311, \"retention\": 0.8135048231511254, \"use_primary\": true}\n"}
,{"stream_name":"stdout","time":439.594280455,"data":"SECONDARY_EDGE_TTA_ACTIVE views= 8 weight= 0.75 mean_abs_feat_delta= 0.304751\n"}
,{"stream_name":"stdout","time":439.594312108,"data":"BIOHUB_RETENTION_GUARD {\"blended_candidates\": 253, \"dataset\": \"44b6_0b24845f\", \"frame\": 58, \"minimum_retention\": 0.9, \"primary_candidates\": 311, \"retention\": 0.8135048231511254, \"use_primary\": true}\n"}
,{"stream_name":"stdout","time":439.696417338,"data":"SECONDARY_EDGE_TTA_ACTIVE views= 8 weight= 0.75 mean_abs_feat_delta= 0.257896\n"}
,{"stream_name":"stdout","time":439.898808264,"data":"SECONDARY_EDGE_TTA_ACTIVE views= 8 weight= 0.75 mean_abs_feat_delta= 0.257896\n"}
,{"stream_name":"stdout","time":440.956908044,"data":"EDGE_TTA_ACTIVE views= 10 mean_abs_feat_delta= 0.355159\n"}
,{"stream_name":"stdout","time":441.06085307,"data":"EDGE_TTA_ACTIVE views= 10 mean_abs_feat_delta= 0.341313\n"}
,{"stream_name":"stdout","time":441.159456295,"data":"EDGE_TTA_ACTIVE views= 10 mean_abs_feat_delta= 0.355159\n"}
,{"stream_name":"stdout","time":441.159480415,"data":"EDGE_TTA_ACTIVE views= 10 mean_abs_feat_delta= 0.341313\n"}
,{"stream_name":"stdout","time":442.055481862,"data":"SECONDARY_EDGE_TTA_ACTIVE views= 8 weight= 0.75 mean_abs_feat_delta= 0.300835\n"}
,{"stream_name":"stdout","time":442.059520297,"data":"BIOHUB_RETENTION_GUARD {\"blended_candidates\": 298, \"dataset\": \"44b6_0b24845f\", \"frame\": 59, \"minimum_retention\": 0.9, \"primary_candidates\": 333, \"retention\": 0.8948948948948949, \"use_primary\": true}\n"}
,{"stream_name":"stdout","time":442.062177007,"data":"SECONDARY_EDGE_TTA_ACTIVE views= 8 weight= 0.75 mean_abs_feat_delta= 0.259858\n"}
,{"stream_name":"stdout","time":442.258005323,"data":"SECONDARY_EDGE_TTA_ACTIVE views= 8 weight= 0.75 mean_abs_feat_delta= 0.300835\n"}
,{"stream_name":"stdout","time":442.258039025,"data":"BIOHUB_RETENTION_GUARD {\"blended_candidates\": 298, \"dataset\": \"44b6_0b24845f\", \"frame\": 59, \"minimum_retention\": 0.9, \"primary_candidates\": 333, \"retention\": 0.8948948948948949, \"use_primary\": true}\n"}
,{"stream_name":"stdout","time":442.258045898,"data":"SECONDARY_EDGE_TTA_ACTIVE views= 8 weight= 0.75 mean_abs_feat_delta= 0.259858\n"}
,{"stream_name":"stdout","time":443.410655834,"data":"EDGE_TTA_ACTIVE views= 10 mean_abs_feat_delta= 0.340936\n"}
,{"stream_name":"stdout","time":443.573024734,"data":"EDGE_TTA_ACTIVE views= 10 mean_abs_feat_delta= 0.356591\n"}
,{"stream_name":"stdout","time":443.61336086,"data":"EDGE_TTA_ACTIVE views= 10 mean_abs_feat_delta= 0.340936\n"}
,{"stream_name":"stdout","time":443.613415972,"data":"EDGE_TTA_ACTIVE views= 10 mean_abs_feat_delta= 0.356591\n"}
,{"stream_name":"stdout","time":444.412475504,"data":"SECONDARY_EDGE_TTA_ACTIVE views= 8 weight= 0.75 mean_abs_feat_delta= 0.25507\n"}
,{"stream_name":"stdout","time":444.614570455,"data":"SECONDARY_EDGE_TTA_ACTIVE views= 8 weight= 0.75 mean_abs_feat_delta= 0.25507\n"}
,{"stream_name":"stdout","time":444.680394981,"data":"SECONDARY_EDGE_TTA_ACTIVE views= 8 weight= 0.75 mean_abs_feat_delta= 0.300158\n"}
,{"stream_name":"stdout","time":444.684500968,"data":"BIOHUB_RETENTION_GUARD {\"blended_candidates\": 325, \"dataset\": \"44b6_0b24845f\", \"frame\": 60, \"minimum_retention\": 0.9, \"primary_candidates\": 388, \"retention\": 0.8376288659793815, \"use_primary\": true}\n"}
,{"stream_name":"stdout","time":444.882524762,"data":"SECONDARY_EDGE_TTA_ACTIVE views= 8 weight= 0.75 mean_abs_feat_delta= 0.300158\n"}
,{"stream_name":"stdout","time":444.88255809,"data":"BIOHUB_RETENTION_GUARD {\"blended_candidates\": 325, \"dataset\": \"44b6_0b24845f\", \"frame\": 60, \"minimum_retention\": 0.9, \"primary_candidates\": 388, \"retention\": 0.8376288659793815, \"use_primary\": true}\n"}
,{"stream_name":"stdout","time":445.878565878,"data":"EDGE_TTA_ACTIVE views= 10 mean_abs_feat_delta= 0.339056\n"}
,{"stream_name":"stdout","time":446.081080175,"data":"EDGE_TTA_ACTIVE views= 10 mean_abs_feat_delta= 0.339056\n"}
,{"stream_name":"stdout","time":446.269237901,"data":"EDGE_TTA_ACTIVE views= 10 mean_abs_feat_delta= 0.353716\n"}
,{"stream_name":"stdout","time":446.471674415,"data":"EDGE_TTA_ACTIVE views= 10 mean_abs_feat_delta= 0.353716\n"}
,{"stream_name":"stdout","time":446.878082511,"data":"SECONDARY_EDGE_TTA_ACTIVE views= 8 weight= 0.75 mean_abs_feat_delta= 0.262098\n"}
,{"stream_name":"stdout","time":447.080867597,"data":"SECONDARY_EDGE_TTA_ACTIVE views= 8 weight= 0.75 mean_abs_feat_delta= 0.262098\n"}
,{"stream_name":"stdout","time":447.376247636,"data":"SECONDARY_EDGE_TTA_ACTIVE views= 8 weight= 0.75 mean_abs_feat_delta= 0.300168\n"}
,{"stream_name":"stdout","time":447.380619374,"data":"BIOHUB_RETENTION_GUARD {\"blended_candidates\": 270, \"dataset\": \"44b6_0b24845f\", \"frame\": 61, \"minimum_retention\": 0.9, \"primary_candidates\": 322, \"retention\": 0.8385093167701864, \"use_primary\": true}\n"}
,{"stream_name":"stdout","time":447.578588156,"data":"SECONDARY_EDGE_TTA_ACTIVE views= 8 weight= 0.75 mean_abs_feat_delta= 0.300168\n"}
,{"stream_name":"stdout","time":447.578622389,"data":"BIOHUB_RETENTION_GUARD {\"blended_candidates\": 270, \"dataset\": \"44b6_0b24845f\", \"frame\": 61, \"minimum_retention\": 0.9, \"primary_candidates\": 322, \"retention\": 0.8385093167701864, \"use_primary\": true}\n"}
,{"stream_name":"stdout","time":448.291474221,"data":"EDGE_TTA_ACTIVE views= 10 mean_abs_feat_delta= 0.337714\n"}
,{"stream_name":"stdout","time":448.494164443,"data":"EDGE_TTA_ACTIVE views= 10 mean_abs_feat_delta= 0.337714\n"}
,{"stream_name":"stdout","time":448.966893361,"data":"EDGE_TTA_ACTIVE views= 10 mean_abs_feat_delta= 0.354795\n"}
,{"stream_name":"stdout","time":449.169536736,"data":"EDGE_TTA_ACTIVE views= 10 mean_abs_feat_delta= 0.354795\n"}
,{"stream_name":"stdout","time":449.294091769,"data":"SECONDARY_EDGE_TTA_ACTIVE views= 8 weight= 0.75 mean_abs_feat_delta= 0.262847\n"}
,{"stream_name":"stdout","time":449.496785402,"data":"SECONDARY_EDGE_TTA_ACTIVE views= 8 weight= 0.75 mean_abs_feat_delta= 0.262847\n"}
,{"stream_name":"stdout","time":450.074617236,"data":"SECONDARY_EDGE_TTA_ACTIVE views= 8 weight= 0.75 mean_abs_feat_delta= 0.300845\n"}
,{"stream_name":"stdout","time":450.078706559,"data":"BIOHUB_RETENTION_GUARD {\"blended_candidates\": 294, \"dataset\": \"44b6_0b24845f\", \"frame\": 62, \"minimum_retention\": 0.9, \"primary_candidates\": 332, \"retention\": 0.8855421686746988, \"use_primary\": true}\n"}
,{"stream_name":"stdout","time":450.277597729,"data":"SECONDARY_EDGE_TTA_ACTIVE views= 8 weight= 0.75 mean_abs_feat_delta= 0.300845\n"}
,{"stream_name":"stdout","time":450.277685087,"data":"BIOHUB_RETENTION_GUARD {\"blended_candidates\": 294, \"dataset\": \"44b6_0b24845f\", \"frame\": 62, \"minimum_retention\": 0.9, \"primary_candidates\": 332, \"retention\": 0.8855421686746988, \"use_primary\": true}\n"}
,{"stream_name":"stdout","time":450.70589999,"data":"EDGE_TTA_ACTIVE views= 10 mean_abs_feat_delta= 0.339361\n"}
,{"stream_name":"stdout","time":450.908314172,"data":"EDGE_TTA_ACTIVE views= 10 mean_abs_feat_delta= 0.339361\n"}
,{"stream_name":"stdout","time":451.622559581,"data":"EDGE_TTA_ACTIVE views= 10 mean_abs_feat_delta= 0.362046\n"}
,{"stream_name":"stdout","time":451.712491923,"data":"SECONDARY_EDGE_TTA_ACTIVE views= 8 weight= 0.75 mean_abs_feat_delta= 0.261047\n"}
,{"stream_name":"stdout","time":451.824670539,"data":"EDGE_TTA_ACTIVE views= 10 mean_abs_feat_delta= 0.362046\n"}
,{"stream_name":"stdout","time":451.824702243,"data":"SECONDARY_EDGE_TTA_ACTIVE views= 8 weight= 0.75 mean_abs_feat_delta= 0.261047\n"}
,{"stream_name":"stdout","time":452.724786254,"data":"SECONDARY_EDGE_TTA_ACTIVE views= 8 weight= 0.75 mean_abs_feat_delta= 0.303221\n"}
,{"stream_name":"stdout","time":452.927756525,"data":"SECONDARY_EDGE_TTA_ACTIVE views= 8 weight= 0.75 mean_abs_feat_delta= 0.303221\n"}
,{"stream_name":"stdout","time":453.150771212,"data":"EDGE_TTA_ACTIVE views= 10 mean_abs_feat_delta= 0.339296\n"}
,{"stream_name":"stdout","time":453.353066396,"data":"EDGE_TTA_ACTIVE views= 10 mean_abs_feat_delta= 0.339296\n"}
,{"stream_name":"stdout","time":454.152874142,"data":"SECONDARY_EDGE_TTA_ACTIVE views= 8 weight= 0.75 mean_abs_feat_delta= 0.257455\n"}
,{"stream_name":"stdout","time":454.267383629,"data":"EDGE_TTA_ACTIVE views= 10 mean_abs_feat_delta= 0.356709\n"}
,{"stream_name":"stdout","time":454.355719262,"data":"SECONDARY_EDGE_TTA_ACTIVE views= 8 weight= 0.75 mean_abs_feat_delta= 0.257455\n"}
,{"stream_name":"stdout","time":454.355802444,"data":"EDGE_TTA_ACTIVE views= 10 mean_abs_feat_delta= 0.356709\n"}
,{"stream_name":"stdout","time":455.374907025,"data":"SECONDARY_EDGE_TTA_ACTIVE views= 8 weight= 0.75 mean_abs_feat_delta= 0.299317\n"}
,{"stream_name":"stdout","time":455.379266711,"data":"BIOHUB_RETENTION_GUARD {\"blended_candidates\": 294, \"dataset\": \"44b6_0b24845f\", \"frame\": 64, \"minimum_retention\": 0.9, \"primary_candidates\": 352, \"retention\": 0.8352272727272727, \"use_primary\": true}\n"}
,{"stream_name":"stdout","time":455.549016183,"data":"EDGE_TTA_ACTIVE views= 10 mean_abs_feat_delta= 0.331206\n"}
,{"stream_name":"stdout","time":455.577234883,"data":"SECONDARY_EDGE_TTA_ACTIVE views= 8 weight= 0.75 mean_abs_feat_delta= 0.299317\n"}
,{"stream_name":"stdout","time":455.577261979,"data":"BIOHUB_RETENTION_GUARD {\"blended_candidates\": 294, \"dataset\": \"44b6_0b24845f\", \"frame\": 64, \"minimum_retention\": 0.9, \"primary_candidates\": 352, \"retention\": 0.8352272727272727, \"use_primary\": true}\n"}
,{"stream_name":"stdout","time":455.577269036,"data":"EDGE_TTA_ACTIVE views= 10 mean_abs_feat_delta= 0.331206\n"}
,{"stream_name":"stdout","time":456.54847367,"data":"SECONDARY_EDGE_TTA_ACTIVE views= 8 weight= 0.75 mean_abs_feat_delta= 0.254838\n"}
,{"stream_name":"stdout","time":456.751268513,"data":"SECONDARY_EDGE_TTA_ACTIVE views= 8 weight= 0.75 mean_abs_feat_delta= 0.254838\n"}
,{"stream_name":"stdout","time":456.983478998,"data":"EDGE_TTA_ACTIVE views= 10 mean_abs_feat_delta= 0.357802\n"}
,{"stream_name":"stdout","time":457.186009178,"data":"EDGE_TTA_ACTIVE views= 10 mean_abs_feat_delta= 0.357802\n"}
,{"stream_name":"stdout","time":457.949989546,"data":"EDGE_TTA_ACTIVE views= 10 mean_abs_feat_delta= 0.331217\n"}
,{"stream_name":"stdout","time":458.086011979,"data":"SECONDARY_EDGE_TTA_ACTIVE views= 8 weight= 0.75 mean_abs_feat_delta= 0.299955\n"}
,{"stream_name":"stdout","time":458.090285686,"data":"BIOHUB_RETENTION_GUARD {\"blended_candidates\": 325, \"dataset\": \"44b6_0b24845f\", \"frame\": 65, \"minimum_retention\": 0.9, \"primary_candidates\": 375, \"retention\": 0.8666666666666667, \"use_primary\": true}\n"}
,{"stream_name":"stdout","time":458.152828791,"data":"EDGE_TTA_ACTIVE views= 10 mean_abs_feat_delta= 0.331217\n"}
,{"stream_name":"stdout","time":458.152886781,"data":"SECONDARY_EDGE_TTA_ACTIVE views= 8 weight= 0.75 mean_abs_feat_delta= 0.299955\n"}
,{"stream_name":"stdout","time":458.152893188,"data":"BIOHUB_RETENTION_GUARD {\"blended_candidates\": 325, \"dataset\": \"44b6_0b24845f\", \"frame\": 65, \"minimum_retention\": 0.9, \"primary_candidates\": 375, \"retention\": 0.8666666666666667, \"use_primary\": true}\n"}
,{"stream_name":"stdout","time":458.956335983,"data":"SECONDARY_EDGE_TTA_ACTIVE views= 8 weight= 0.75 mean_abs_feat_delta= 0.260524\n"}
,{"stream_name":"stdout","time":459.183872032,"data":"SECONDARY_EDGE_TTA_ACTIVE views= 8 weight= 0.75 mean_abs_feat_delta= 0.260524\n"}
,{"stream_name":"stdout","time":459.619822237,"data":"EDGE_TTA_ACTIVE views= 10 mean_abs_feat_delta= 0.357594\n"}
,{"stream_name":"stdout","time":459.822487451,"data":"EDGE_TTA_ACTIVE views= 10 mean_abs_feat_delta= 0.357594\n"}
,{"stream_name":"stdout","time":460.393623942,"data":"EDGE_TTA_ACTIVE views= 10 mean_abs_feat_delta= 0.335169\n"}
,{"stream_name":"stdout","time":460.596088405,"data":"EDGE_TTA_ACTIVE views= 10 mean_abs_feat_delta= 0.335169\n"}
,{"stream_name":"stdout","time":460.730348733,"data":"SECONDARY_EDGE_TTA_ACTIVE views= 8 weight= 0.75 mean_abs_feat_delta= 0.296912\n"}
,{"stream_name":"stdout","time":460.734649949,"data":"BIOHUB_RETENTION_GUARD {\"blended_candidates\": 308, \"dataset\": \"44b6_0b24845f\", \"frame\": 66, \"minimum_retention\": 0.9, \"primary_candidates\": 361, \"retention\": 0.853185595567867, \"use_primary\": true}\n"}
,{"stream_name":"stdout","time":460.93258184,"data":"SECONDARY_EDGE_TTA_ACTIVE views= 8 weight= 0.75 mean_abs_feat_delta= 0.296912\n"}
,{"stream_name":"stdout","time":460.932611943,"data":"BIOHUB_RETENTION_GUARD {\"blended_candidates\": 308, \"dataset\": \"44b6_0b24845f\", \"frame\": 66, \"minimum_retention\": 0.9, \"primary_candidates\": 361, \"retention\": 0.853185595567867, \"use_primary\": true}\n"}
,{"stream_name":"stdout","time":461.39130113,"data":"SECONDARY_EDGE_TTA_ACTIVE views= 8 weight= 0.75 mean_abs_feat_delta= 0.262847\n"}
,{"stream_name":"stdout","time":461.594011643,"data":"SECONDARY_EDGE_TTA_ACTIVE views= 8 weight= 0.75 mean_abs_feat_delta= 0.262847\n"}
,{"stream_name":"stdout","time":462.319815217,"data":"EDGE_TTA_ACTIVE views= 10 mean_abs_feat_delta= 0.355145\n"}
,{"stream_name":"stdout","time":462.522404095,"data":"EDGE_TTA_ACTIVE views= 10 mean_abs_feat_delta= 0.355145\n"}
,{"stream_name":"stdout","time":462.78838603,"data":"EDGE_TTA_ACTIVE views= 10 mean_abs_feat_delta= 0.333736\n"}
,{"stream_name":"stdout","time":462.990720436,"data":"EDGE_TTA_ACTIVE views= 10 mean_abs_feat_delta= 0.333736\n"}
,{"stream_name":"stdout","time":463.420226504,"data":"SECONDARY_EDGE_TTA_ACTIVE views= 8 weight= 0.75 mean_abs_feat_delta= 0.291366\n"}
,{"stream_name":"stdout","time":463.424358137,"data":"BIOHUB_RETENTION_GUARD {\"blended_candidates\": 277, \"dataset\": \"44b6_0b24845f\", \"frame\": 67, \"minimum_retention\": 0.9, \"primary_candidates\": 316, \"retention\": 0.8765822784810127, \"use_primary\": true}\n"}
,{"stream_name":"stdout","time":463.622542145,"data":"SECONDARY_EDGE_TTA_ACTIVE views= 8 weight= 0.75 mean_abs_feat_delta= 0.291366\n"}
,{"stream_name":"stdout","time":463.622575312,"data":"BIOHUB_RETENTION_GUARD {\"blended_candidates\": 277, \"dataset\": \"44b6_0b24845f\", \"frame\": 67, \"minimum_retention\": 0.9, \"primary_candidates\": 316, \"retention\": 0.8765822784810127, \"use_primary\": true}\n"}
,{"stream_name":"stdout","time":463.795226179,"data":"SECONDARY_EDGE_TTA_ACTIVE views= 8 weight= 0.75 mean_abs_feat_delta= 0.260131\n"}
,{"stream_name":"stdout","time":463.99800694,"data":"SECONDARY_EDGE_TTA_ACTIVE views= 8 weight= 0.75 mean_abs_feat_delta= 0.260131\n"}
,{"stream_name":"stdout","time":464.973556052,"data":"EDGE_TTA_ACTIVE views= 10 mean_abs_feat_delta= 0.355354\n"}
,{"stream_name":"stdout","time":465.175669124,"data":"EDGE_TTA_ACTIVE views= 10 mean_abs_feat_delta= 0.355354\n"}
,{"stream_name":"stdout","time":465.184988602,"data":"EDGE_TTA_ACTIVE views= 10 mean_abs_feat_delta= 0.334709\n"}
,{"stream_name":"stdout","time":465.387302289,"data":"EDGE_TTA_ACTIVE views= 10 mean_abs_feat_delta= 0.334709\n"}
,{"stream_name":"stdout","time":466.074664354,"data":"SECONDARY_EDGE_TTA_ACTIVE views= 8 weight= 0.75 mean_abs_feat_delta= 0.293296\n"}
,{"stream_name":"stdout","time":466.190248391,"data":"SECONDARY_EDGE_TTA_ACTIVE views= 8 weight= 0.75 mean_abs_feat_delta= 0.256523\n"}
,{"stream_name":"stdout","time":466.276915418,"data":"SECONDARY_EDGE_TTA_ACTIVE views= 8 weight= 0.75 mean_abs_feat_delta= 0.293296\n"}
,{"stream_name":"stdout","time":466.27694914,"data":"SECONDARY_EDGE_TTA_ACTIVE views= 8 weight= 0.75 mean_abs_feat_delta= 0.256523\n"}
,{"stream_name":"stdout","time":467.571163846,"data":"EDGE_TTA_ACTIVE views= 10 mean_abs_feat_delta= 0.340506\n"}
,{"stream_name":"stdout","time":467.646227847,"data":"EDGE_TTA_ACTIVE views= 10 mean_abs_feat_delta= 0.354618\n"}
,{"stream_name":"stdout","time":467.773604011,"data":"EDGE_TTA_ACTIVE views= 10 mean_abs_feat_delta= 0.340506\n"}
,{"stream_name":"stdout","time":467.773670502,"data":"EDGE_TTA_ACTIVE views= 10 mean_abs_feat_delta= 0.354618\n"}
,{"stream_name":"stdout","time":468.567783256,"data":"SECONDARY_EDGE_TTA_ACTIVE views= 8 weight= 0.75 mean_abs_feat_delta= 0.265074\n"}
,{"stream_name":"stdout","time":468.744847527,"data":"SECONDARY_EDGE_TTA_ACTIVE views= 8 weight= 0.75 mean_abs_feat_delta= 0.301719\n"}
,{"stream_name":"stdout","time":468.7490875,"data":"BIOHUB_RETENTION_GUARD {\"blended_candidates\": 309, \"dataset\": \"44b6_0b24845f\", \"frame\": 69, \"minimum_retention\": 0.9, \"primary_candidates\": 357, \"retention\": 0.865546218487395, \"use_primary\": true}\n"}
,{"stream_name":"stdout","time":468.770572668,"data":"SECONDARY_EDGE_TTA_ACTIVE views= 8 weight= 0.75 mean_abs_feat_delta= 0.265074\n"}
,{"stream_name":"stdout","time":468.770598461,"data":"SECONDARY_EDGE_TTA_ACTIVE views= 8 weight= 0.75 mean_abs_feat_delta= 0.301719\n"}
,{"stream_name":"stdout","time":468.770604061,"data":"BIOHUB_RETENTION_GUARD {\"blended_candidates\": 309, \"dataset\": \"44b6_0b24845f\", \"frame\": 69, \"minimum_retention\": 0.9, \"primary_candidates\": 357, \"retention\": 0.865546218487395, \"use_primary\": true}\n"}
,{"stream_name":"stdout","time":469.97545385,"data":"EDGE_TTA_ACTIVE views= 10 mean_abs_feat_delta= 0.340934\n"}
,{"stream_name":"stdout","time":470.17787069,"data":"EDGE_TTA_ACTIVE views= 10 mean_abs_feat_delta= 0.340934\n"}
,{"stream_name":"stdout","time":470.312193087,"data":"EDGE_TTA_ACTIVE views= 10 mean_abs_feat_delta= 0.353093\n"}
,{"stream_name":"stdout","time":470.514417644,"data":"EDGE_TTA_ACTIVE views= 10 mean_abs_feat_delta= 0.353093\n"}
,{"stream_name":"stdout","time":470.976719993,"data":"SECONDARY_EDGE_TTA_ACTIVE views= 8 weight= 0.75 mean_abs_feat_delta= 0.26712\n"}
,{"stream_name":"stdout","time":471.179374629,"data":"SECONDARY_EDGE_TTA_ACTIVE views= 8 weight= 0.75 mean_abs_feat_delta= 0.26712\n"}
,{"stream_name":"stdout","time":471.407710848,"data":"SECONDARY_EDGE_TTA_ACTIVE views= 8 weight= 0.75 mean_abs_feat_delta= 0.301488\n"}
,{"stream_name":"stdout","time":471.411835402,"data":"BIOHUB_RETENTION_GUARD {\"blended_candidates\": 246, \"dataset\": \"44b6_0b24845f\", \"frame\": 70, \"minimum_retention\": 0.9, \"primary_candidates\": 289, \"retention\": 0.8512110726643599, \"use_primary\": true}\n"}
,{"stream_name":"stdout","time":471.609839226,"data":"SECONDARY_EDGE_TTA_ACTIVE views= 8 weight= 0.75 mean_abs_feat_delta= 0.301488\n"}
,{"stream_name":"stdout","time":471.609878011,"data":"BIOHUB_RETENTION_GUARD {\"blended_candidates\": 246, \"dataset\": \"44b6_0b24845f\", \"frame\": 70, \"minimum_retention\": 0.9, \"primary_candidates\": 289, \"retention\": 0.8512110726643599, \"use_primary\": true}\n"}
,{"stream_name":"stdout","time":472.378131762,"data":"EDGE_TTA_ACTIVE views= 10 mean_abs_feat_delta= 0.336875\n"}
,{"stream_name":"stdout","time":472.580395082,"data":"EDGE_TTA_ACTIVE views= 10 mean_abs_feat_delta= 0.336875\n"}
,{"stream_name":"stdout","time":472.975777428,"data":"EDGE_TTA_ACTIVE views= 10 mean_abs_feat_delta= 0.347881\n"}
,{"stream_name":"stdout","time":473.178152323,"data":"EDGE_TTA_ACTIVE views= 10 mean_abs_feat_delta= 0.347881\n"}
,{"stream_name":"stdout","time":473.379697568,"data":"SECONDARY_EDGE_TTA_ACTIVE views= 8 weight= 0.75 mean_abs_feat_delta= 0.263739\n"}
,{"stream_name":"stdout","time":473.582362189,"data":"SECONDARY_EDGE_TTA_ACTIVE views= 8 weight= 0.75 mean_abs_feat_delta= 0.263739\n"}
,{"stream_name":"stdout","time":474.0734767,"data":"SECONDARY_EDGE_TTA_ACTIVE views= 8 weight= 0.75 mean_abs_feat_delta= 0.299423\n"}
,{"stream_name":"stdout","time":474.275494352,"data":"SECONDARY_EDGE_TTA_ACTIVE views= 8 weight= 0.75 mean_abs_feat_delta= 0.299423\n"}
,{"stream_name":"stdout","time":474.782603401,"data":"EDGE_TTA_ACTIVE views= 10 mean_abs_feat_delta= 0.334335\n"}
,{"stream_name":"stdout","time":474.984966158,"data":"EDGE_TTA_ACTIVE views= 10 mean_abs_feat_delta= 0.334335\n"}
,{"stream_name":"stdout","time":475.628336797,"data":"EDGE_TTA_ACTIVE views= 10 mean_abs_feat_delta= 0.348186\n"}
,{"stream_name":"stdout","time":475.779117625,"data":"SECONDARY_EDGE_TTA_ACTIVE views= 8 weight= 0.75 mean_abs_feat_delta= 0.262727\n"}
,{"stream_name":"stdout","time":475.831048546,"data":"EDGE_TTA_ACTIVE views= 10 mean_abs_feat_delta= 0.348186\n"}
,{"stream_name":"stdout","time":475.831073374,"data":"SECONDARY_EDGE_TTA_ACTIVE views= 8 weight= 0.75 mean_abs_feat_delta= 0.262727\n"}
,{"stream_name":"stdout","time":476.719347765,"data":"SECONDARY_EDGE_TTA_ACTIVE views= 8 weight= 0.75 mean_abs_feat_delta= 0.301712\n"}
,{"stream_name":"stdout","time":476.921229033,"data":"SECONDARY_EDGE_TTA_ACTIVE views= 8 weight= 0.75 mean_abs_feat_delta= 0.301712\n"}
,{"stream_name":"stdout","time":477.212196929,"data":"EDGE_TTA_ACTIVE views= 10 mean_abs_feat_delta= 0.335356\n"}
,{"stream_name":"stdout","time":477.414714207,"data":"EDGE_TTA_ACTIVE views= 10 mean_abs_feat_delta= 0.335356\n"}
,{"stream_name":"stdout","time":478.210433031,"data":"SECONDARY_EDGE_TTA_ACTIVE views= 8 weight= 0.75 mean_abs_feat_delta= 0.256411\n"}
,{"stream_name":"stdout","time":478.266789245,"data":"EDGE_TTA_ACTIVE views= 10 mean_abs_feat_delta= 0.348199\n"}
,{"stream_name":"stdout","time":478.413023224,"data":"SECONDARY_EDGE_TTA_ACTIVE views= 8 weight= 0.75 mean_abs_feat_delta= 0.256411\n"}
,{"stream_name":"stdout","time":478.413057408,"data":"EDGE_TTA_ACTIVE views= 10 mean_abs_feat_delta= 0.348199\n"}
,{"stream_name":"stdout","time":479.359453794,"data":"SECONDARY_EDGE_TTA_ACTIVE views= 8 weight= 0.75 mean_abs_feat_delta= 0.305584\n"}
,{"stream_name":"stdout","time":479.363524079,"data":"BIOHUB_RETENTION_GUARD {\"blended_candidates\": 185, \"dataset\": \"44b6_0b24845f\", \"frame\": 73, \"minimum_retention\": 0.9, \"primary_candidates\": 263, \"retention\": 0.7034220532319392, \"use_primary\": true}\n"}
,{"stream_name":"stdout","time":479.56183609,"data":"SECONDARY_EDGE_TTA_ACTIVE views= 8 weight= 0.75 mean_abs_feat_delta= 0.305584\n"}
,{"stream_name":"stdout","time":479.561891777,"data":"BIOHUB_RETENTION_GUARD {\"blended_candidates\": 185, \"dataset\": \"44b6_0b24845f\", \"frame\": 73, \"minimum_retention\": 0.9, \"primary_candidates\": 263, \"retention\": 0.7034220532319392, \"use_primary\": true}\n"}
,{"stream_name":"stdout","time":479.609660801,"data":"EDGE_TTA_ACTIVE views= 10 mean_abs_feat_delta= 0.33158\n"}
,{"stream_name":"stdout","time":479.811835646,"data":"EDGE_TTA_ACTIVE views= 10 mean_abs_feat_delta= 0.33158\n"}
,{"stream_name":"stdout","time":480.603132397,"data":"SECONDARY_EDGE_TTA_ACTIVE views= 8 weight= 0.75 mean_abs_feat_delta= 0.260031\n"}
,{"stream_name":"stdout","time":480.805577388,"data":"SECONDARY_EDGE_TTA_ACTIVE views= 8 weight= 0.75 mean_abs_feat_delta= 0.260031\n"}
,{"stream_name":"stdout","time":480.848044115,"data":"EDGE_TTA_ACTIVE views= 10 mean_abs_feat_delta= 0.357103\n"}
,{"stream_name":"stdout","time":481.050356351,"data":"EDGE_TTA_ACTIVE views= 10 mean_abs_feat_delta= 0.357103\n"}
,{"stream_name":"stdout","time":481.940645458,"data":"SECONDARY_EDGE_TTA_ACTIVE views= 8 weight= 0.75 mean_abs_feat_delta= 0.304789\n"}
,{"stream_name":"stdout","time":481.944702006,"data":"BIOHUB_RETENTION_GUARD {\"blended_candidates\": 208, \"dataset\": \"44b6_0b24845f\", \"frame\": 74, \"minimum_retention\": 0.9, \"primary_candidates\": 279, \"retention\": 0.7455197132616488, \"use_primary\": true}\n"}
,{"stream_name":"stdout","time":482.039509268,"data":"EDGE_TTA_ACTIVE views= 10 mean_abs_feat_delta= 0.334993\n"}
,{"stream_name":"stdout","time":482.142936234,"data":"SECONDARY_EDGE_TTA_ACTIVE views= 8 weight= 0.75 mean_abs_feat_delta= 0.304789\n"}
,{"stream_name":"stdout","time":482.143008123,"data":"BIOHUB_RETENTION_GUARD {\"blended_candidates\": 208, \"dataset\": \"44b6_0b24845f\", \"frame\": 74, \"minimum_retention\": 0.9, \"primary_candidates\": 279, \"retention\": 0.7455197132616488, \"use_primary\": true}\n"}
,{"stream_name":"stdout","time":482.143019753,"data":"EDGE_TTA_ACTIVE views= 10 mean_abs_feat_delta= 0.334993\n"}
,{"stream_name":"stdout","time":483.032113433,"data":"SECONDARY_EDGE_TTA_ACTIVE views= 8 weight= 0.75 mean_abs_feat_delta= 0.262153\n"}
,{"stream_name":"stdout","time":483.234179373,"data":"SECONDARY_EDGE_TTA_ACTIVE views= 8 weight= 0.75 mean_abs_feat_delta= 0.262153\n"}
,{"stream_name":"stdout","time":483.46118896,"data":"EDGE_TTA_ACTIVE views= 10 mean_abs_feat_delta= 0.347642\n"}
,{"stream_name":"stdout","time":483.663882901,"data":"EDGE_TTA_ACTIVE views= 10 mean_abs_feat_delta= 0.347642\n"}
,{"stream_name":"stdout","time":484.414749099,"data":"EDGE_TTA_ACTIVE views= 10 mean_abs_feat_delta= 0.336195\n"}
,{"stream_name":"stdout","time":484.545070597,"data":"SECONDARY_EDGE_TTA_ACTIVE views= 8 weight= 0.75 mean_abs_feat_delta= 0.299735\n"}
,{"stream_name":"stdout","time":484.54945574,"data":"BIOHUB_RETENTION_GUARD {\"blended_candidates\": 310, \"dataset\": \"44b6_0b24845f\", \"frame\": 75, \"minimum_retention\": 0.9, \"primary_candidates\": 359, \"retention\": 0.8635097493036211, \"use_primary\": true}\n"}
,{"stream_name":"stdout","time":484.617178846,"data":"EDGE_TTA_ACTIVE views= 10 mean_abs_feat_delta= 0.336195\n"}
,{"stream_name":"stdout","time":484.617202168,"data":"SECONDARY_EDGE_TTA_ACTIVE views= 8 weight= 0.75 mean_abs_feat_delta= 0.299735\n"}
,{"stream_name":"stdout","time":484.617207269,"data":"BIOHUB_RETENTION_GUARD {\"blended_candidates\": 310, \"dataset\": \"44b6_0b24845f\", \"frame\": 75, \"minimum_retention\": 0.9, \"primary_candidates\": 359, \"retention\": 0.8635097493036211, \"use_primary\": true}\n"}
,{"stream_name":"stdout","time":485.409258723,"data":"SECONDARY_EDGE_TTA_ACTIVE views= 8 weight= 0.75 mean_abs_feat_delta= 0.258925\n"}
,{"stream_name":"stdout","time":485.611404172,"data":"SECONDARY_EDGE_TTA_ACTIVE views= 8 weight= 0.75 mean_abs_feat_delta= 0.258925\n"}
,{"stream_name":"stdout","time":486.073702513,"data":"EDGE_TTA_ACTIVE views= 10 mean_abs_feat_delta= 0.34824\n"}
,{"stream_name":"stdout","time":486.276064726,"data":"EDGE_TTA_ACTIVE views= 10 mean_abs_feat_delta= 0.34824\n"}
,{"stream_name":"stdout","time":486.812058453,"data":"EDGE_TTA_ACTIVE views= 10 mean_abs_feat_delta= 0.341164\n"}
,{"stream_name":"stdout","time":487.014568601,"data":"EDGE_TTA_ACTIVE views= 10 mean_abs_feat_delta= 0.341164\n"}
,{"stream_name":"stdout","time":487.159160274,"data":"SECONDARY_EDGE_TTA_ACTIVE views= 8 weight= 0.75 mean_abs_feat_delta= 0.295727\n"}
,{"stream_name":"stdout","time":487.163495339,"data":"BIOHUB_RETENTION_GUARD {\"blended_candidates\": 308, \"dataset\": \"44b6_0b24845f\", \"frame\": 76, \"minimum_retention\": 0.9, \"primary_candidates\": 363, \"retention\": 0.8484848484848485, \"use_primary\": true}\n"}
,{"stream_name":"stdout","time":487.361604646,"data":"SECONDARY_EDGE_TTA_ACTIVE views= 8 weight= 0.75 mean_abs_feat_delta= 0.295727\n"}
,{"stream_name":"stdout","time":487.361682481,"data":"BIOHUB_RETENTION_GUARD {\"blended_candidates\": 308, \"dataset\": \"44b6_0b24845f\", \"frame\": 76, \"minimum_retention\": 0.9, \"primary_candidates\": 363, \"retention\": 0.8484848484848485, \"use_primary\": true}\n"}
,{"stream_name":"stdout","time":487.80723465,"data":"SECONDARY_EDGE_TTA_ACTIVE views= 8 weight= 0.75 mean_abs_feat_delta= 0.260799\n"}
,{"stream_name":"stdout","time":488.00985387,"data":"SECONDARY_EDGE_TTA_ACTIVE views= 8 weight= 0.75 mean_abs_feat_delta= 0.260799\n"}
,{"stream_name":"stdout","time":488.759262374,"data":"EDGE_TTA_ACTIVE views= 10 mean_abs_feat_delta= 0.351399\n"}
,{"stream_name":"stdout","time":488.961901317,"data":"EDGE_TTA_ACTIVE views= 10 mean_abs_feat_delta= 0.351399\n"}
,{"stream_name":"stdout","time":489.246178505,"data":"EDGE_TTA_ACTIVE views= 10 mean_abs_feat_delta= 0.341271\n"}
,{"stream_name":"stdout","time":489.475837196,"data":"EDGE_TTA_ACTIVE views= 10 mean_abs_feat_delta= 0.341271\n"}
,{"stream_name":"stdout","time":489.846746384,"data":"SECONDARY_EDGE_TTA_ACTIVE views= 8 weight= 0.75 mean_abs_feat_delta= 0.301815\n"}
,{"stream_name":"stdout","time":489.850908631,"data":"BIOHUB_RETENTION_GUARD {\"blended_candidates\": 233, \"dataset\": \"44b6_0b24845f\", \"frame\": 77, \"minimum_retention\": 0.9, \"primary_candidates\": 316, \"retention\": 0.7373417721518988, \"use_primary\": true}\n"}
,{"stream_name":"stdout","time":490.049052371,"data":"SECONDARY_EDGE_TTA_ACTIVE views= 8 weight= 0.75 mean_abs_feat_delta= 0.301815\n"}
,{"stream_name":"stdout","time":490.049083332,"data":"BIOHUB_RETENTION_GUARD {\"blended_candidates\": 233, \"dataset\": \"44b6_0b24845f\", \"frame\": 77, \"minimum_retention\": 0.9, \"primary_candidates\": 316, \"retention\": 0.7373417721518988, \"use_primary\": true}\n"}
,{"stream_name":"stdout","time":490.239158442,"data":"SECONDARY_EDGE_TTA_ACTIVE views= 8 weight= 0.75 mean_abs_feat_delta= 0.261693\n"}
,{"stream_name":"stdout","time":490.44203651,"data":"SECONDARY_EDGE_TTA_ACTIVE views= 8 weight= 0.75 mean_abs_feat_delta= 0.261693\n"}
,{"stream_name":"stdout","time":491.461197926,"data":"EDGE_TTA_ACTIVE views= 10 mean_abs_feat_delta= 0.354131\n"}
,{"stream_name":"stdout","time":491.637097259,"data":"EDGE_TTA_ACTIVE views= 10 mean_abs_feat_delta= 0.340732\n"}
,{"stream_name":"stdout","time":491.663755063,"data":"EDGE_TTA_ACTIVE views= 10 mean_abs_feat_delta= 0.354131\n"}
,{"stream_name":"stdout","time":491.663776681,"data":"EDGE_TTA_ACTIVE views= 10 mean_abs_feat_delta= 0.340732\n"}
,{"stream_name":"stdout","time":492.547969838,"data":"SECONDARY_EDGE_TTA_ACTIVE views= 8 weight= 0.75 mean_abs_feat_delta= 0.305391\n"}
,{"stream_name":"stdout","time":492.552180263,"data":"BIOHUB_RETENTION_GUARD {\"blended_candidates\": 272, \"dataset\": \"44b6_0b24845f\", \"frame\": 78, \"minimum_retention\": 0.9, \"primary_candidates\": 386, \"retention\": 0.7046632124352331, \"use_primary\": true}\n"}
,{"stream_name":"stdout","time":492.631941497,"data":"SECONDARY_EDGE_TTA_ACTIVE views= 8 weight= 0.75 mean_abs_feat_delta= 0.264586\n"}
,{"stream_name":"stdout","time":492.750214352,"data":"SECONDARY_EDGE_TTA_ACTIVE views= 8 weight= 0.75 mean_abs_feat_delta= 0.305391\n"}
,{"stream_name":"stdout","time":492.750244511,"data":"BIOHUB_RETENTION_GUARD {\"blended_candidates\": 272, \"dataset\": \"44b6_0b24845f\", \"frame\": 78, \"minimum_retention\": 0.9, \"primary_candidates\": 386, \"retention\": 0.7046632124352331, \"use_primary\": true}\n"}
,{"stream_name":"stdout","time":492.75025115,"data":"SECONDARY_EDGE_TTA_ACTIVE views= 8 weight= 0.75 mean_abs_feat_delta= 0.264586\n"}
,{"stream_name":"stdout","time":494.03100377,"data":"EDGE_TTA_ACTIVE views= 10 mean_abs_feat_delta= 0.335199\n"}
,{"stream_name":"stdout","time":494.197676016,"data":"EDGE_TTA_ACTIVE views= 10 mean_abs_feat_delta= 0.354239\n"}
,{"stream_name":"stdout","time":494.233559638,"data":"EDGE_TTA_ACTIVE views= 10 mean_abs_feat_delta= 0.335199\n"}
,{"stream_name":"stdout","time":494.233584409,"data":"EDGE_TTA_ACTIVE views= 10 mean_abs_feat_delta= 0.354239\n"}
,{"stream_name":"stdout","time":495.023273274,"data":"SECONDARY_EDGE_TTA_ACTIVE views= 8 weight= 0.75 mean_abs_feat_delta= 0.262994\n"}
,{"stream_name":"stdout","time":495.225816089,"data":"SECONDARY_EDGE_TTA_ACTIVE views= 8 weight= 0.75 mean_abs_feat_delta= 0.262994\n"}
,{"stream_name":"stdout","time":495.278437766,"data":"SECONDARY_EDGE_TTA_ACTIVE views= 8 weight= 0.75 mean_abs_feat_delta= 0.302826\n"}
,{"stream_name":"stdout","time":495.282650576,"data":"BIOHUB_RETENTION_GUARD {\"blended_candidates\": 286, \"dataset\": \"44b6_0b24845f\", \"frame\": 79, \"minimum_retention\": 0.9, \"primary_candidates\": 416, \"retention\": 0.6875, \"use_primary\": true}\n"}
,{"stream_name":"stdout","time":495.48062067,"data":"SECONDARY_EDGE_TTA_ACTIVE views= 8 weight= 0.75 mean_abs_feat_delta= 0.302826\n"}
,{"stream_name":"stdout","time":495.480652253,"data":"BIOHUB_RETENTION_GUARD {\"blended_candidates\": 286, \"dataset\": \"44b6_0b24845f\", \"frame\": 79, \"minimum_retention\": 0.9, \"primary_candidates\": 416, \"retention\": 0.6875, \"use_primary\": true}\n"}
,{"stream_name":"stdout","time":496.404816871,"data":"EDGE_TTA_ACTIVE views= 10 mean_abs_feat_delta= 0.329252\n"}
,{"stream_name":"stdout","time":496.607286787,"data":"EDGE_TTA_ACTIVE views= 10 mean_abs_feat_delta= 0.329252\n"}
,{"stream_name":"stdout","time":496.908602118,"data":"EDGE_TTA_ACTIVE views= 10 mean_abs_feat_delta= 0.354194\n"}
,{"stream_name":"stdout","time":497.110905787,"data":"EDGE_TTA_ACTIVE views= 10 mean_abs_feat_delta= 0.354194\n"}
,{"stream_name":"stdout","time":497.399055271,"data":"SECONDARY_EDGE_TTA_ACTIVE views= 8 weight= 0.75 mean_abs_feat_delta= 0.257147\n"}
,{"stream_name":"stdout","time":497.601649292,"data":"SECONDARY_EDGE_TTA_ACTIVE views= 8 weight= 0.75 mean_abs_feat_delta= 0.257147\n"}
,{"stream_name":"stdout","time":497.993571566,"data":"SECONDARY_EDGE_TTA_ACTIVE views= 8 weight= 0.75 mean_abs_feat_delta= 0.303473\n"}
,{"stream_name":"stdout","time":497.997727051,"data":"BIOHUB_RETENTION_GUARD {\"blended_candidates\": 286, \"dataset\": \"44b6_0b24845f\", \"frame\": 80, \"minimum_retention\": 0.9, \"primary_candidates\": 376, \"retention\": 0.7606382978723404, \"use_primary\": true}\n"}
,{"stream_name":"stdout","time":498.19596124,"data":"SECONDARY_EDGE_TTA_ACTIVE views= 8 weight= 0.75 mean_abs_feat_delta= 0.303473\n"}
,{"stream_name":"stdout","time":498.196009266,"data":"BIOHUB_RETENTION_GUARD {\"blended_candidates\": 286, \"dataset\": \"44b6_0b24845f\", \"frame\": 80, \"minimum_retention\": 0.9, \"primary_candidates\": 376, \"retention\": 0.7606382978723404, \"use_primary\": true}\n"}
,{"stream_name":"stdout","time":498.795274346,"data":"EDGE_TTA_ACTIVE views= 10 mean_abs_feat_delta= 0.329048\n"}
,{"stream_name":"stdout","time":498.997935939,"data":"EDGE_TTA_ACTIVE views= 10 mean_abs_feat_delta= 0.329048\n"}
,{"stream_name":"stdout","time":499.5308908,"data":"EDGE_TTA_ACTIVE views= 10 mean_abs_feat_delta= 0.35833\n"}
,{"stream_name":"stdout","time":499.733723889,"data":"EDGE_TTA_ACTIVE views= 10 mean_abs_feat_delta= 0.35833\n"}
,{"stream_name":"stdout","time":499.787866606,"data":"SECONDARY_EDGE_TTA_ACTIVE views= 8 weight= 0.75 mean_abs_feat_delta= 0.259374\n"}
,{"stream_name":"stdout","time":499.990237754,"data":"SECONDARY_EDGE_TTA_ACTIVE views= 8 weight= 0.75 mean_abs_feat_delta= 0.259374\n"}
,{"stream_name":"stdout","time":500.611492547,"data":"SECONDARY_EDGE_TTA_ACTIVE views= 8 weight= 0.75 mean_abs_feat_delta= 0.308215\n"}
,{"stream_name":"stdout","time":500.615630877,"data":"BIOHUB_RETENTION_GUARD {\"blended_candidates\": 285, \"dataset\": \"44b6_0b24845f\", \"frame\": 81, \"minimum_retention\": 0.9, \"primary_candidates\": 371, \"retention\": 0.7681940700808625, \"use_primary\": true}\n"}
,{"stream_name":"stdout","time":500.814126655,"data":"SECONDARY_EDGE_TTA_ACTIVE views= 8 weight= 0.75 mean_abs_feat_delta= 0.308215\n"}
,{"stream_name":"stdout","time":500.814176213,"data":"BIOHUB_RETENTION_GUARD {\"blended_candidates\": 285, \"dataset\": \"44b6_0b24845f\", \"frame\": 81, \"minimum_retention\": 0.9, \"primary_candidates\": 371, \"retention\": 0.7681940700808625, \"use_primary\": true}\n"}
,{"stream_name":"stdout","time":501.199047021,"data":"EDGE_TTA_ACTIVE views= 10 mean_abs_feat_delta= 0.33396\n"}
,{"stream_name":"stdout","time":501.40148457,"data":"EDGE_TTA_ACTIVE views= 10 mean_abs_feat_delta= 0.33396\n"}
,{"stream_name":"stdout","time":502.185077089,"data":"EDGE_TTA_ACTIVE views= 10 mean_abs_feat_delta= 0.362109\n"}
,{"stream_name":"stdout","time":502.186399619,"data":"SECONDARY_EDGE_TTA_ACTIVE views= 8 weight= 0.75 mean_abs_feat_delta= 0.257413\n"}
,{"stream_name":"stdout","time":502.387538765,"data":"EDGE_TTA_ACTIVE views= 10 mean_abs_feat_delta= 0.362109\n"}
,{"stream_name":"stdout","time":502.387570132,"data":"SECONDARY_EDGE_TTA_ACTIVE views= 8 weight= 0.75 mean_abs_feat_delta= 0.257413\n"}
,{"stream_name":"stdout","time":503.270983831,"data":"SECONDARY_EDGE_TTA_ACTIVE views= 8 weight= 0.75 mean_abs_feat_delta= 0.312577\n"}
,{"stream_name":"stdout","time":503.275104034,"data":"BIOHUB_RETENTION_GUARD {\"blended_candidates\": 254, \"dataset\": \"44b6_0b24845f\", \"frame\": 82, \"minimum_retention\": 0.9, \"primary_candidates\": 374, \"retention\": 0.679144385026738, \"use_primary\": true}\n"}
,{"stream_name":"stdout","time":503.473256495,"data":"SECONDARY_EDGE_TTA_ACTIVE views= 8 weight= 0.75 mean_abs_feat_delta= 0.312577\n"}
,{"stream_name":"stdout","time":503.473288635,"data":"BIOHUB_RETENTION_GUARD {\"blended_candidates\": 254, \"dataset\": \"44b6_0b24845f\", \"frame\": 82, \"minimum_retention\": 0.9, \"primary_candidates\": 374, \"retention\": 0.679144385026738, \"use_primary\": true}\n"}
,{"stream_name":"stdout","time":503.554153693,"data":"EDGE_TTA_ACTIVE views= 10 mean_abs_feat_delta= 0.335123\n"}
,{"stream_name":"stdout","time":503.756698688,"data":"EDGE_TTA_ACTIVE views= 10 mean_abs_feat_delta= 0.335123\n"}
,{"stream_name":"stdout","time":504.549820128,"data":"SECONDARY_EDGE_TTA_ACTIVE views= 8 weight= 0.75 mean_abs_feat_delta= 0.257555\n"}
,{"stream_name":"stdout","time":504.752661433,"data":"SECONDARY_EDGE_TTA_ACTIVE views= 8 weight= 0.75 mean_abs_feat_delta= 0.257555\n"}
,{"stream_name":"stdout","time":504.816951379,"data":"EDGE_TTA_ACTIVE views= 10 mean_abs_feat_delta= 0.354667\n"}
,{"stream_name":"stdout","time":505.019461462,"data":"EDGE_TTA_ACTIVE views= 10 mean_abs_feat_delta= 0.354667\n"}
,{"stream_name":"stdout","time":505.906117069,"data":"SECONDARY_EDGE_TTA_ACTIVE views= 8 weight= 0.75 mean_abs_feat_delta= 0.311063\n"}
,{"stream_name":"stdout","time":505.910389563,"data":"BIOHUB_RETENTION_GUARD {\"blended_candidates\": 244, \"dataset\": \"44b6_0b24845f\", \"frame\": 83, \"minimum_retention\": 0.9, \"primary_candidates\": 352, \"retention\": 0.6931818181818182, \"use_primary\": true}\n"}
,{"stream_name":"stdout","time":505.951623194,"data":"EDGE_TTA_ACTIVE views= 10 mean_abs_feat_delta= 0.332274\n"}
,{"stream_name":"stdout","time":506.108627957,"data":"SECONDARY_EDGE_TTA_ACTIVE views= 8 weight= 0.75 mean_abs_feat_delta= 0.311063\n"}
,{"stream_name":"stdout","time":506.108660538,"data":"BIOHUB_RETENTION_GUARD {\"blended_candidates\": 244, \"dataset\": \"44b6_0b24845f\", \"frame\": 83, \"minimum_retention\": 0.9, \"primary_candidates\": 352, \"retention\": 0.6931818181818182, \"use_primary\": true}\n"}
,{"stream_name":"stdout","time":506.108666672,"data":"EDGE_TTA_ACTIVE views= 10 mean_abs_feat_delta= 0.332274\n"}
,{"stream_name":"stdout","time":506.943617968,"data":"SECONDARY_EDGE_TTA_ACTIVE views= 8 weight= 0.75 mean_abs_feat_delta= 0.253368\n"}
,{"stream_name":"stdout","time":507.145740364,"data":"SECONDARY_EDGE_TTA_ACTIVE views= 8 weight= 0.75 mean_abs_feat_delta= 0.253368\n"}
,{"stream_name":"stdout","time":507.416936603,"data":"EDGE_TTA_ACTIVE views= 10 mean_abs_feat_delta= 0.355684\n"}
,{"stream_name":"stdout","time":507.6191853,"data":"EDGE_TTA_ACTIVE views= 10 mean_abs_feat_delta= 0.355684\n"}
,{"stream_name":"stdout","time":508.391539268,"data":"EDGE_TTA_ACTIVE views= 10 mean_abs_feat_delta= 0.334423\n"}
,{"stream_name":"stdout","time":508.503527011,"data":"SECONDARY_EDGE_TTA_ACTIVE views= 8 weight= 0.75 mean_abs_feat_delta= 0.311139\n"}
,{"stream_name":"stdout","time":508.507780701,"data":"BIOHUB_RETENTION_GUARD {\"blended_candidates\": 268, \"dataset\": \"44b6_0b24845f\", \"frame\": 84, \"minimum_retention\": 0.9, \"primary_candidates\": 353, \"retention\": 0.7592067988668555, \"use_primary\": true}\n"}
,{"stream_name":"stdout","time":508.59415085,"data":"EDGE_TTA_ACTIVE views= 10 mean_abs_feat_delta= 0.334423\n"}
,{"stream_name":"stdout","time":508.594215059,"data":"SECONDARY_EDGE_TTA_ACTIVE views= 8 weight= 0.75 mean_abs_feat_delta= 0.311139\n"}
,{"stream_name":"stdout","time":508.594222015,"data":"BIOHUB_RETENTION_GUARD {\"blended_candidates\": 268, \"dataset\": \"44b6_0b24845f\", \"frame\": 84, \"minimum_retention\": 0.9, \"primary_candidates\": 353, \"retention\": 0.7592067988668555, \"use_primary\": true}\n"}
,{"stream_name":"stdout","time":509.383850936,"data":"SECONDARY_EDGE_TTA_ACTIVE views= 8 weight= 0.75 mean_abs_feat_delta= 0.253968\n"}
,{"stream_name":"stdout","time":509.586323238,"data":"SECONDARY_EDGE_TTA_ACTIVE views= 8 weight= 0.75 mean_abs_feat_delta= 0.253968\n"}
,{"stream_name":"stdout","time":510.132827023,"data":"EDGE_TTA_ACTIVE views= 10 mean_abs_feat_delta= 0.353477\n"}
,{"stream_name":"stdout","time":510.335199581,"data":"EDGE_TTA_ACTIVE views= 10 mean_abs_feat_delta= 0.353477\n"}
,{"stream_name":"stdout","time":510.727170383,"data":"EDGE_TTA_ACTIVE views= 10 mean_abs_feat_delta= 0.337428\n"}
,{"stream_name":"stdout","time":510.929812871,"data":"EDGE_TTA_ACTIVE views= 10 mean_abs_feat_delta= 0.337428\n"}
,{"stream_name":"stdout","time":511.226395042,"data":"SECONDARY_EDGE_TTA_ACTIVE views= 8 weight= 0.75 mean_abs_feat_delta= 0.312248\n"}
,{"stream_name":"stdout","time":511.230565331,"data":"BIOHUB_RETENTION_GUARD {\"blended_candidates\": 186, \"dataset\": \"44b6_0b24845f\", \"frame\": 85, \"minimum_retention\": 0.9, \"primary_candidates\": 289, \"retention\": 0.643598615916955, \"use_primary\": true}\n"}
,{"stream_name":"stdout","time":511.428543796,"data":"SECONDARY_EDGE_TTA_ACTIVE views= 8 weight= 0.75 mean_abs_feat_delta= 0.312248\n"}
,{"stream_name":"stdout","time":511.428575528,"data":"BIOHUB_RETENTION_GUARD {\"blended_candidates\": 186, \"dataset\": \"44b6_0b24845f\", \"frame\": 85, \"minimum_retention\": 0.9, \"primary_candidates\": 289, \"retention\": 0.643598615916955, \"use_primary\": true}\n"}
,{"stream_name":"stdout","time":511.726544465,"data":"SECONDARY_EDGE_TTA_ACTIVE views= 8 weight= 0.75 mean_abs_feat_delta= 0.25869\n"}
,{"stream_name":"stdout","time":511.928916739,"data":"SECONDARY_EDGE_TTA_ACTIVE views= 8 weight= 0.75 mean_abs_feat_delta= 0.25869\n"}
,{"stream_name":"stdout","time":512.785628447,"data":"EDGE_TTA_ACTIVE views= 10 mean_abs_feat_delta= 0.354156\n"}
,{"stream_name":"stdout","time":512.988279686,"data":"EDGE_TTA_ACTIVE views= 10 mean_abs_feat_delta= 0.354156\n"}
,{"stream_name":"stdout","time":513.135157798,"data":"EDGE_TTA_ACTIVE views= 10 mean_abs_feat_delta= 0.339232\n"}
,{"stream_name":"stdout","time":513.33762976,"data":"EDGE_TTA_ACTIVE views= 10 mean_abs_feat_delta= 0.339232\n"}
,{"stream_name":"stdout","time":513.871087592,"data":"SECONDARY_EDGE_TTA_ACTIVE views= 8 weight= 0.75 mean_abs_feat_delta= 0.317294\n"}
,{"stream_name":"stdout","time":513.875239571,"data":"BIOHUB_RETENTION_GUARD {\"blended_candidates\": 156, \"dataset\": \"44b6_0b24845f\", \"frame\": 86, \"minimum_retention\": 0.9, \"primary_candidates\": 269, \"retention\": 0.5799256505576208, \"use_primary\": true}\n"}
,{"stream_name":"stdout","time":514.07329238,"data":"SECONDARY_EDGE_TTA_ACTIVE views= 8 weight= 0.75 mean_abs_feat_delta= 0.317294\n"}
,{"stream_name":"stdout","time":514.073324623,"data":"BIOHUB_RETENTION_GUARD {\"blended_candidates\": 156, \"dataset\": \"44b6_0b24845f\", \"frame\": 86, \"minimum_retention\": 0.9, \"primary_candidates\": 269, \"retention\": 0.5799256505576208, \"use_primary\": true}\n"}
,{"stream_name":"stdout","time":514.134750597,"data":"SECONDARY_EDGE_TTA_ACTIVE views= 8 weight= 0.75 mean_abs_feat_delta= 0.249107\n"}
,{"stream_name":"stdout","time":514.337391802,"data":"SECONDARY_EDGE_TTA_ACTIVE views= 8 weight= 0.75 mean_abs_feat_delta= 0.249107\n"}
,{"stream_name":"stdout","time":515.448262841,"data":"EDGE_TTA_ACTIVE views= 10 mean_abs_feat_delta= 0.349695\n"}
,{"stream_name":"stdout","time":515.505725697,"data":"EDGE_TTA_ACTIVE views= 10 mean_abs_feat_delta= 0.336428\n"}
,{"stream_name":"stdout","time":515.650706517,"data":"EDGE_TTA_ACTIVE views= 10 mean_abs_feat_delta= 0.349695\n"}
,{"stream_name":"stdout","time":515.650736299,"data":"EDGE_TTA_ACTIVE views= 10 mean_abs_feat_delta= 0.336428\n"}
,{"stream_name":"stdout","time":516.501264402,"data":"SECONDARY_EDGE_TTA_ACTIVE views= 8 weight= 0.75 mean_abs_feat_delta= 0.250998\n"}
,{"stream_name":"stdout","time":516.535924359,"data":"SECONDARY_EDGE_TTA_ACTIVE views= 8 weight= 0.75 mean_abs_feat_delta= 0.318325\n"}
,{"stream_name":"stdout","time":516.540271041,"data":"BIOHUB_RETENTION_GUARD {\"blended_candidates\": 213, \"dataset\": \"44b6_0b24845f\", \"frame\": 87, \"minimum_retention\": 0.9, \"primary_candidates\": 311, \"retention\": 0.684887459807074, \"use_primary\": true}\n"}
,{"stream_name":"stdout","time":516.703602751,"data":"SECONDARY_EDGE_TTA_ACTIVE views= 8 weight= 0.75 mean_abs_feat_delta= 0.250998\n"}
,{"stream_name":"stdout","time":516.703635784,"data":"SECONDARY_EDGE_TTA_ACTIVE views= 8 weight= 0.75 mean_abs_feat_delta= 0.318325\n"}
,{"stream_name":"stdout","time":516.703641178,"data":"BIOHUB_RETENTION_GUARD {\"blended_candidates\": 213, \"dataset\": \"44b6_0b24845f\", \"frame\": 87, \"minimum_retention\": 0.9, \"primary_candidates\": 311, \"retention\": 0.684887459807074, \"use_primary\": true}\n"}
,{"stream_name":"stdout","time":517.881123589,"data":"EDGE_TTA_ACTIVE views= 10 mean_abs_feat_delta= 0.335405\n"}
,{"stream_name":"stdout","time":518.083487353,"data":"EDGE_TTA_ACTIVE views= 10 mean_abs_feat_delta= 0.335405\n"}
,{"stream_name":"stdout","time":518.170895647,"data":"EDGE_TTA_ACTIVE views= 10 mean_abs_feat_delta= 0.35627\n"}
,{"stream_name":"stdout","time":518.373532766,"data":"EDGE_TTA_ACTIVE views= 10 mean_abs_feat_delta= 0.35627\n"}
,{"stream_name":"stdout","time":518.879510611,"data":"SECONDARY_EDGE_TTA_ACTIVE views= 8 weight= 0.75 mean_abs_feat_delta= 0.249091\n"}
,{"stream_name":"stdout","time":519.081509542,"data":"SECONDARY_EDGE_TTA_ACTIVE views= 8 weight= 0.75 mean_abs_feat_delta= 0.249091\n"}
,{"stream_name":"stdout","time":519.259826753,"data":"SECONDARY_EDGE_TTA_ACTIVE views= 8 weight= 0.75 mean_abs_feat_delta= 0.319785\n"}
,{"stream_name":"stdout","time":519.26409781,"data":"BIOHUB_RETENTION_GUARD {\"blended_candidates\": 257, \"dataset\": \"44b6_0b24845f\", \"frame\": 88, \"minimum_retention\": 0.9, \"primary_candidates\": 351, \"retention\": 0.7321937321937322, \"use_primary\": true}\n"}
,{"stream_name":"stdout","time":519.462111495,"data":"SECONDARY_EDGE_TTA_ACTIVE views= 8 weight= 0.75 mean_abs_feat_delta= 0.319785\n"}
,{"stream_name":"stdout","time":519.462149217,"data":"BIOHUB_RETENTION_GUARD {\"blended_candidates\": 257, \"dataset\": \"44b6_0b24845f\", \"frame\": 88, \"minimum_retention\": 0.9, \"primary_candidates\": 351, \"retention\": 0.7321937321937322, \"use_primary\": true}\n"}
,{"stream_name":"stdout","time":520.274186996,"data":"EDGE_TTA_ACTIVE views= 10 mean_abs_feat_delta= 0.337564\n"}
,{"stream_name":"stdout","time":520.50846686,"data":"EDGE_TTA_ACTIVE views= 10 mean_abs_feat_delta= 0.337564\n"}
,{"stream_name":"stdout","time":520.882889339,"data":"EDGE_TTA_ACTIVE views= 10 mean_abs_feat_delta= 0.362769\n"}
,{"stream_name":"stdout","time":521.085852116,"data":"EDGE_TTA_ACTIVE views= 10 mean_abs_feat_delta= 0.362769\n"}
,{"stream_name":"stdout","time":521.2733664,"data":"SECONDARY_EDGE_TTA_ACTIVE views= 8 weight= 0.75 mean_abs_feat_delta= 0.25058\n"}
,{"stream_name":"stdout","time":521.475627022,"data":"SECONDARY_EDGE_TTA_ACTIVE views= 8 weight= 0.75 mean_abs_feat_delta= 0.25058\n"}
,{"stream_name":"stdout","time":521.974081827,"data":"SECONDARY_EDGE_TTA_ACTIVE views= 8 weight= 0.75 mean_abs_feat_delta= 0.325312\n"}
,{"stream_name":"stdout","time":521.978260961,"data":"BIOHUB_RETENTION_GUARD {\"blended_candidates\": 205, \"dataset\": \"44b6_0b24845f\", \"frame\": 89, \"minimum_retention\": 0.9, \"primary_candidates\": 313, \"retention\": 0.6549520766773163, \"use_primary\": true}\n"}
,{"stream_name":"stdout","time":522.176151333,"data":"SECONDARY_EDGE_TTA_ACTIVE views= 8 weight= 0.75 mean_abs_feat_delta= 0.325312\n"}
,{"stream_name":"stdout","time":522.176183032,"data":"BIOHUB_RETENTION_GUARD {\"blended_candidates\": 205, \"dataset\": \"44b6_0b24845f\", \"frame\": 89, \"minimum_retention\": 0.9, \"primary_candidates\": 313, \"retention\": 0.6549520766773163, \"use_primary\": true}\n"}
,{"stream_name":"stdout","time":522.711789031,"data":"EDGE_TTA_ACTIVE views= 10 mean_abs_feat_delta= 0.335409\n"}
,{"stream_name":"stdout","time":522.914161107,"data":"EDGE_TTA_ACTIVE views= 10 mean_abs_feat_delta= 0.335409\n"}
,{"stream_name":"stdout","time":523.567176171,"data":"EDGE_TTA_ACTIVE views= 10 mean_abs_feat_delta= 0.350487\n"}
,{"stream_name":"stdout","time":523.709211133,"data":"SECONDARY_EDGE_TTA_ACTIVE views= 8 weight= 0.75 mean_abs_feat_delta= 0.25428\n"}
,{"stream_name":"stdout","time":523.769840782,"data":"EDGE_TTA_ACTIVE views= 10 mean_abs_feat_delta= 0.350487\n"}
,{"stream_name":"stdout","time":523.769905249,"data":"SECONDARY_EDGE_TTA_ACTIVE views= 8 weight= 0.75 mean_abs_feat_delta= 0.25428\n"}
,{"stream_name":"stdout","time":524.660786251,"data":"SECONDARY_EDGE_TTA_ACTIVE views= 8 weight= 0.75 mean_abs_feat_delta= 0.321967\n"}
,{"stream_name":"stdout","time":524.664642857,"data":"BIOHUB_RETENTION_GUARD {\"blended_candidates\": 153, \"dataset\": \"44b6_0b24845f\", \"frame\": 90, \"minimum_retention\": 0.9, \"primary_candidates\": 252, \"retention\": 0.6071428571428571, \"use_primary\": true}\n"}
,{"stream_name":"stdout","time":524.862740789,"data":"SECONDARY_EDGE_TTA_ACTIVE views= 8 weight= 0.75 mean_abs_feat_delta= 0.321967\n"}
,{"stream_name":"stdout","time":524.862798509,"data":"BIOHUB_RETENTION_GUARD {\"blended_candidates\": 153, \"dataset\": \"44b6_0b24845f\", \"frame\": 90, \"minimum_retention\": 0.9, \"primary_candidates\": 252, \"retention\": 0.6071428571428571, \"use_primary\": true}\n"}
,{"stream_name":"stdout","time":526.286296291,"data":"EDGE_TTA_ACTIVE views= 10 mean_abs_feat_delta= 0.349817\n"}
,{"stream_name":"stdout","time":526.488932594,"data":"EDGE_TTA_ACTIVE views= 10 mean_abs_feat_delta= 0.349817\n"}
,{"stream_name":"stdout","time":527.37840305,"data":"SECONDARY_EDGE_TTA_ACTIVE views= 8 weight= 0.75 mean_abs_feat_delta= 0.320952\n"}
,{"stream_name":"stdout","time":527.382701941,"data":"BIOHUB_RETENTION_GUARD {\"blended_candidates\": 126, \"dataset\": \"44b6_0b24845f\", \"frame\": 91, \"minimum_retention\": 0.9, \"primary_candidates\": 235, \"retention\": 0.5361702127659574, \"use_primary\": true}\n"}
,{"stream_name":"stdout","time":527.580988701,"data":"SECONDARY_EDGE_TTA_ACTIVE views= 8 weight= 0.75 mean_abs_feat_delta= 0.320952\n"}
,{"stream_name":"stdout","time":527.581021804,"data":"BIOHUB_RETENTION_GUARD {\"blended_candidates\": 126, \"dataset\": \"44b6_0b24845f\", \"frame\": 91, \"minimum_retention\": 0.9, \"primary_candidates\": 235, \"retention\": 0.5361702127659574, \"use_primary\": true}\n"}
,{"stream_name":"stdout","time":529.012627006,"data":"EDGE_TTA_ACTIVE views= 10 mean_abs_feat_delta= 0.349629\n"}
,{"stream_name":"stdout","time":529.21516827,"data":"EDGE_TTA_ACTIVE views= 10 mean_abs_feat_delta= 0.349629\n"}
,{"stream_name":"stdout","time":530.108492723,"data":"SECONDARY_EDGE_TTA_ACTIVE views= 8 weight= 0.75 mean_abs_feat_delta= 0.322162\n"}
,{"stream_name":"stdout","time":530.113274234,"data":"BIOHUB_RETENTION_GUARD {\"blended_candidates\": 136, \"dataset\": \"44b6_0b24845f\", \"frame\": 92, \"minimum_retention\": 0.9, \"primary_candidates\": 273, \"retention\": 0.4981684981684982, \"use_primary\": true}\n"}
,{"stream_name":"stdout","time":530.311175984,"data":"SECONDARY_EDGE_TTA_ACTIVE views= 8 weight= 0.75 mean_abs_feat_delta= 0.322162\n"}
,{"stream_name":"stdout","time":530.311216222,"data":"BIOHUB_RETENTION_GUARD {\"blended_candidates\": 136, \"dataset\": \"44b6_0b24845f\", \"frame\": 92, \"minimum_retention\": 0.9, \"primary_candidates\": 273, \"retention\": 0.4981684981684982, \"use_primary\": true}\n"}
,{"stream_name":"stdout","time":531.746177328,"data":"EDGE_TTA_ACTIVE views= 10 mean_abs_feat_delta= 0.344551\n"}
,{"stream_name":"stdout","time":531.948859861,"data":"EDGE_TTA_ACTIVE views= 10 mean_abs_feat_delta= 0.344551\n"}
,{"stream_name":"stdout","time":532.841254509,"data":"SECONDARY_EDGE_TTA_ACTIVE views= 8 weight= 0.75 mean_abs_feat_delta= 0.314236\n"}
,{"stream_name":"stdout","time":532.845536165,"data":"BIOHUB_RETENTION_GUARD {\"blended_candidates\": 120, \"dataset\": \"44b6_0b24845f\", \"frame\": 93, \"minimum_retention\": 0.9, \"primary_candidates\": 240, \"retention\": 0.5, \"use_primary\": true}\n"}
,{"stream_name":"stdout","time":533.043636753,"data":"SECONDARY_EDGE_TTA_ACTIVE views= 8 weight= 0.75 mean_abs_feat_delta= 0.314236\n"}
,{"stream_name":"stdout","time":533.043691353,"data":"BIOHUB_RETENTION_GUARD {\"blended_candidates\": 120, \"dataset\": \"44b6_0b24845f\", \"frame\": 93, \"minimum_retention\": 0.9, \"primary_candidates\": 240, \"retention\": 0.5, \"use_primary\": true}\n"}
,{"stream_name":"stdout","time":534.393725305,"data":"EDGE_TTA_ACTIVE views= 10 mean_abs_feat_delta= 0.34195\n"}
,{"stream_name":"stdout","time":534.596430673,"data":"EDGE_TTA_ACTIVE views= 10 mean_abs_feat_delta= 0.34195\n"}
,{"stream_name":"stdout","time":535.491903163,"data":"SECONDARY_EDGE_TTA_ACTIVE views= 8 weight= 0.75 mean_abs_feat_delta= 0.314665\n"}
,{"stream_name":"stdout","time":535.496056835,"data":"BIOHUB_RETENTION_GUARD {\"blended_candidates\": 156, \"dataset\": \"44b6_0b24845f\", \"frame\": 94, \"minimum_retention\": 0.9, \"primary_candidates\": 284, \"retention\": 0.5492957746478874, \"use_primary\": true}\n"}
,{"stream_name":"stdout","time":535.694580054,"data":"SECONDARY_EDGE_TTA_ACTIVE views= 8 weight= 0.75 mean_abs_feat_delta= 0.314665\n"}
,{"stream_name":"stdout","time":535.694614223,"data":"BIOHUB_RETENTION_GUARD {\"blended_candidates\": 156, \"dataset\": \"44b6_0b24845f\", \"frame\": 94, \"minimum_retention\": 0.9, \"primary_candidates\": 284, \"retention\": 0.5492957746478874, \"use_primary\": true}\n"}
,{"stream_name":"stdout","time":536.993505774,"data":"EDGE_TTA_ACTIVE views= 10 mean_abs_feat_delta= 0.349752\n"}
,{"stream_name":"stdout","time":537.196312489,"data":"EDGE_TTA_ACTIVE views= 10 mean_abs_feat_delta= 0.349752\n"}
,{"stream_name":"stdout","time":538.086635055,"data":"SECONDARY_EDGE_TTA_ACTIVE views= 8 weight= 0.75 mean_abs_feat_delta= 0.321701\n"}
,{"stream_name":"stdout","time":538.09087102,"data":"BIOHUB_RETENTION_GUARD {\"blended_candidates\": 123, \"dataset\": \"44b6_0b24845f\", \"frame\": 95, \"minimum_retention\": 0.9, \"primary_candidates\": 279, \"retention\": 0.44086021505376344, \"use_primary\": true}\n"}
,{"stream_name":"stdout","time":538.289065289,"data":"SECONDARY_EDGE_TTA_ACTIVE views= 8 weight= 0.75 mean_abs_feat_delta= 0.321701\n"}
,{"stream_name":"stdout","time":538.289102858,"data":"BIOHUB_RETENTION_GUARD {\"blended_candidates\": 123, \"dataset\": \"44b6_0b24845f\", \"frame\": 95, \"minimum_retention\": 0.9, \"primary_candidates\": 279, \"retention\": 0.44086021505376344, \"use_primary\": true}\n"}
,{"stream_name":"stdout","time":539.653551185,"data":"EDGE_TTA_ACTIVE views= 10 mean_abs_feat_delta= 0.347311\n"}
,{"stream_name":"stdout","time":539.855950659,"data":"EDGE_TTA_ACTIVE views= 10 mean_abs_feat_delta= 0.347311\n"}
,{"stream_name":"stdout","time":540.749483438,"data":"SECONDARY_EDGE_TTA_ACTIVE views= 8 weight= 0.75 mean_abs_feat_delta= 0.325788\n"}
,{"stream_name":"stdout","time":540.753773275,"data":"BIOHUB_RETENTION_GUARD {\"blended_candidates\": 115, \"dataset\": \"44b6_0b24845f\", \"frame\": 96, \"minimum_retention\": 0.9, \"primary_candidates\": 267, \"retention\": 0.4307116104868914, \"use_primary\": true}\n"}
,{"stream_name":"stdout","time":540.951540706,"data":"SECONDARY_EDGE_TTA_ACTIVE views= 8 weight= 0.75 mean_abs_feat_delta= 0.325788\n"}
,{"stream_name":"stdout","time":540.95157318,"data":"BIOHUB_RETENTION_GUARD {\"blended_candidates\": 115, \"dataset\": \"44b6_0b24845f\", \"frame\": 96, \"minimum_retention\": 0.9, \"primary_candidates\": 267, \"retention\": 0.4307116104868914, \"use_primary\": true}\n"}
,{"stream_name":"stdout","time":542.340137948,"data":"EDGE_TTA_ACTIVE views= 10 mean_abs_feat_delta= 0.342513\n"}
,{"stream_name":"stdout","time":542.542886671,"data":"EDGE_TTA_ACTIVE views= 10 mean_abs_feat_delta= 0.342513\n"}
,{"stream_name":"stdout","time":543.43415338,"data":"SECONDARY_EDGE_TTA_ACTIVE views= 8 weight= 0.75 mean_abs_feat_delta= 0.328691\n"}
,{"stream_name":"stdout","time":543.43840707,"data":"BIOHUB_RETENTION_GUARD {\"blended_candidates\": 166, \"dataset\": \"44b6_0b24845f\", \"frame\": 97, \"minimum_retention\": 0.9, \"primary_candidates\": 311, \"retention\": 0.5337620578778135, \"use_primary\": true}\n"}
,{"stream_name":"stdout","time":543.636916475,"data":"SECONDARY_EDGE_TTA_ACTIVE views= 8 weight= 0.75 mean_abs_feat_delta= 0.328691\n"}
,{"stream_name":"stdout","time":543.636952482,"data":"BIOHUB_RETENTION_GUARD {\"blended_candidates\": 166, \"dataset\": \"44b6_0b24845f\", \"frame\": 97, \"minimum_retention\": 0.9, \"primary_candidates\": 311, \"retention\": 0.5337620578778135, \"use_primary\": true}\n"}
,{"stream_name":"stdout","time":545.066807432,"data":"EDGE_TTA_ACTIVE views= 10 mean_abs_feat_delta= 0.349762\n"}
,{"stream_name":"stdout","time":545.269377725,"data":"EDGE_TTA_ACTIVE views= 10 mean_abs_feat_delta= 0.349762\n"}
,{"stream_name":"stdout","time":546.164929964,"data":"SECONDARY_EDGE_TTA_ACTIVE views= 8 weight= 0.75 mean_abs_feat_delta= 0.327921\n"}
,{"stream_name":"stdout","time":546.169192011,"data":"BIOHUB_RETENTION_GUARD {\"blended_candidates\": 134, \"dataset\": \"44b6_0b24845f\", \"frame\": 98, \"minimum_retention\": 0.9, \"primary_candidates\": 280, \"retention\": 0.4785714285714286, \"use_primary\": true}\n"}
,{"stream_name":"stdout","time":546.367340148,"data":"SECONDARY_EDGE_TTA_ACTIVE views= 8 weight= 0.75 mean_abs_feat_delta= 0.327921\n"}
,{"stream_name":"stdout","time":546.367381148,"data":"BIOHUB_RETENTION_GUARD {\"blended_candidates\": 134, \"dataset\": \"44b6_0b24845f\", \"frame\": 98, \"minimum_retention\": 0.9, \"primary_candidates\": 280, \"retention\": 0.4785714285714286, \"use_primary\": true}\n"}
,{"stream_name":"stdout","time":547.789530316,"data":"EDGE_TTA_ACTIVE views= 10 mean_abs_feat_delta= 0.348835\n"}
,{"stream_name":"stdout","time":547.991947862,"data":"EDGE_TTA_ACTIVE views= 10 mean_abs_feat_delta= 0.348835\n"}
,{"stream_name":"stdout","time":548.886215856,"data":"SECONDARY_EDGE_TTA_ACTIVE views= 8 weight= 0.75 mean_abs_feat_delta= 0.328126\n"}
,{"stream_name":"stdout","time":548.890434806,"data":"BIOHUB_RETENTION_GUARD {\"blended_candidates\": 85, \"dataset\": \"44b6_0b24845f\", \"frame\": 99, \"minimum_retention\": 0.9, \"primary_candidates\": 222, \"retention\": 0.38288288288288286, \"use_primary\": true}\n"}
,{"stream_name":"stdout","time":549.088943381,"data":"SECONDARY_EDGE_TTA_ACTIVE views= 8 weight= 0.75 mean_abs_feat_delta= 0.328126\n"}
,{"stream_name":"stdout","time":549.089038798,"data":"BIOHUB_RETENTION_GUARD {\"blended_candidates\": 85, \"dataset\": \"44b6_0b24845f\", \"frame\": 99, \"minimum_retention\": 0.9, \"primary_candidates\": 222, \"retention\": 0.38288288288288286, \"use_primary\": true}\n"}
,{"stream_name":"stdout","time":549.156673753,"data":"EDGE_TTA_ACTIVE views= 10 mean_abs_feat_delta= 0.345811\n"}
,{"stream_name":"stdout","time":549.359270392,"data":"EDGE_TTA_ACTIVE views= 10 mean_abs_feat_delta= 0.345811\n"}
,{"stream_name":"stdout","time":550.124204036,"data":"SECONDARY_EDGE_TTA_ACTIVE views= 8 weight= 0.75 mean_abs_feat_delta= 0.229197\n"}
,{"stream_name":"stdout","time":550.327848483,"data":"SECONDARY_EDGE_TTA_ACTIVE views= 8 weight= 0.75 mean_abs_feat_delta= 0.229197\n"}
,{"stream_name":"stdout","time":551.457365675,"data":"EDGE_TTA_ACTIVE views= 10 mean_abs_feat_delta= 0.349297\n"}
,{"stream_name":"stdout","time":551.692608302,"data":"EDGE_TTA_ACTIVE views= 10 mean_abs_feat_delta= 0.349297\n"}
,{"stream_name":"stdout","time":552.430727959,"data":"SECONDARY_EDGE_TTA_ACTIVE views= 8 weight= 0.75 mean_abs_feat_delta= 0.228531\n"}
,{"stream_name":"stdout","time":552.633567888,"data":"SECONDARY_EDGE_TTA_ACTIVE views= 8 weight= 0.75 mean_abs_feat_delta= 0.228531\n"}
,{"stream_name":"stdout","time":553.847683883,"data":"EDGE_TTA_ACTIVE views= 10 mean_abs_feat_delta= 0.350721\n"}
,{"stream_name":"stdout","time":554.051109407,"data":"EDGE_TTA_ACTIVE views= 10 mean_abs_feat_delta= 0.350721\n"}
,{"stream_name":"stdout","time":554.811673726,"data":"SECONDARY_EDGE_TTA_ACTIVE views= 8 weight= 0.75 mean_abs_feat_delta= 0.232233\n"}
,{"stream_name":"stdout","time":555.015917834,"data":"SECONDARY_EDGE_TTA_ACTIVE views= 8 weight= 0.75 mean_abs_feat_delta= 0.232233\n"}
,{"stream_name":"stdout","time":556.222084539,"data":"EDGE_TTA_ACTIVE views= 10 mean_abs_feat_delta= 0.352911\n"}
,{"stream_name":"stdout","time":556.424875648,"data":"EDGE_TTA_ACTIVE views= 10 mean_abs_feat_delta= 0.352911\n"}
,{"stream_name":"stdout","time":557.196665688,"data":"SECONDARY_EDGE_TTA_ACTIVE views= 8 weight= 0.75 mean_abs_feat_delta= 0.231136\n"}
,{"stream_name":"stdout","time":557.398920934,"data":"SECONDARY_EDGE_TTA_ACTIVE views= 8 weight= 0.75 mean_abs_feat_delta= 0.231136\n"}
,{"stream_name":"stdout","time":558.610844318,"data":"EDGE_TTA_ACTIVE views= 10 mean_abs_feat_delta= 0.341653\n"}
,{"stream_name":"stdout","time":558.813369638,"data":"EDGE_TTA_ACTIVE views= 10 mean_abs_feat_delta= 0.341653\n"}
,{"stream_name":"stdout","time":559.584956553,"data":"SECONDARY_EDGE_TTA_ACTIVE views= 8 weight= 0.75 mean_abs_feat_delta= 0.237962\n"}
,{"stream_name":"stdout","time":559.787281228,"data":"SECONDARY_EDGE_TTA_ACTIVE views= 8 weight= 0.75 mean_abs_feat_delta= 0.237962\n"}
,{"stream_name":"stdout","time":560.920848351,"data":"EDGE_TTA_ACTIVE views= 10 mean_abs_feat_delta= 0.358983\n"}
,{"stream_name":"stdout","time":561.123293502,"data":"EDGE_TTA_ACTIVE views= 10 mean_abs_feat_delta= 0.358983\n"}
,{"stream_name":"stdout","time":561.891595349,"data":"SECONDARY_EDGE_TTA_ACTIVE views= 8 weight= 0.75 mean_abs_feat_delta= 0.23324\n"}
,{"stream_name":"stdout","time":562.094157118,"data":"SECONDARY_EDGE_TTA_ACTIVE views= 8 weight= 0.75 mean_abs_feat_delta= 0.23324\n"}
,{"stream_name":"stdout","time":563.237431762,"data":"EDGE_TTA_ACTIVE views= 10 mean_abs_feat_delta= 0.363096\n"}
,{"stream_name":"stdout","time":563.439951616,"data":"EDGE_TTA_ACTIVE views= 10 mean_abs_feat_delta= 0.363096\n"}
,{"stream_name":"stdout","time":564.214926099,"data":"SECONDARY_EDGE_TTA_ACTIVE views= 8 weight= 0.75 mean_abs_feat_delta= 0.233703\n"}
,{"stream_name":"stdout","time":564.417906192,"data":"SECONDARY_EDGE_TTA_ACTIVE views= 8 weight= 0.75 mean_abs_feat_delta= 0.233703\n"}
,{"stream_name":"stdout","time":565.59936455,"data":"EDGE_TTA_ACTIVE views= 10 mean_abs_feat_delta= 0.355823\n"}
,{"stream_name":"stdout","time":565.802019608,"data":"EDGE_TTA_ACTIVE views= 10 mean_abs_feat_delta= 0.355823\n"}
,{"stream_name":"stdout","time":566.573843389,"data":"SECONDARY_EDGE_TTA_ACTIVE views= 8 weight= 0.75 mean_abs_feat_delta= 0.23047\n"}
,{"stream_name":"stdout","time":566.776663948,"data":"SECONDARY_EDGE_TTA_ACTIVE views= 8 weight= 0.75 mean_abs_feat_delta= 0.23047\n"}
,{"stream_name":"stdout","time":567.87635363,"data":"EDGE_TTA_ACTIVE views= 10 mean_abs_feat_delta= 0.350931\n"}
,{"stream_name":"stdout","time":568.078677533,"data":"EDGE_TTA_ACTIVE views= 10 mean_abs_feat_delta= 0.350931\n"}
,{"stream_name":"stdout","time":568.845687832,"data":"SECONDARY_EDGE_TTA_ACTIVE views= 8 weight= 0.75 mean_abs_feat_delta= 0.222866\n"}
,{"stream_name":"stdout","time":569.04866699,"data":"SECONDARY_EDGE_TTA_ACTIVE views= 8 weight= 0.75 mean_abs_feat_delta= 0.222866\n"}
,{"stream_name":"stdout","time":569.742888426,"data":"EDGE_TTA_ACTIVE views= 10 mean_abs_feat_delta= 0.330506\n"}
,{"stream_name":"stdout","time":569.945507375,"data":"EDGE_TTA_ACTIVE views= 10 mean_abs_feat_delta= 0.330506\n"}
,{"stream_name":"stdout","time":570.224458055,"data":"EDGE_TTA_ACTIVE views= 10 mean_abs_feat_delta= 0.352382\n"}
,{"stream_name":"stdout","time":570.426910962,"data":"EDGE_TTA_ACTIVE views= 10 mean_abs_feat_delta= 0.352382\n"}
,{"stream_name":"stdout","time":570.800716219,"data":"SECONDARY_EDGE_TTA_ACTIVE views= 8 weight= 0.75 mean_abs_feat_delta= 0.229228\n"}
,{"stream_name":"stdout","time":571.003106281,"data":"SECONDARY_EDGE_TTA_ACTIVE views= 8 weight= 0.75 mean_abs_feat_delta= 0.229228\n"}
,{"stream_name":"stdout","time":571.201950201,"data":"SECONDARY_EDGE_TTA_ACTIVE views= 8 weight= 0.75 mean_abs_feat_delta= 0.223297\n"}
,{"stream_name":"stdout","time":571.404063382,"data":"SECONDARY_EDGE_TTA_ACTIVE views= 8 weight= 0.75 mean_abs_feat_delta= 0.223297\n"}
,{"stream_name":"stdout","time":572.577539734,"data":"EDGE_TTA_ACTIVE views= 10 mean_abs_feat_delta= 0.351451\n"}
,{"stream_name":"stdout","time":572.622407926,"data":"EDGE_TTA_ACTIVE views= 10 mean_abs_feat_delta= 0.329564\n"}
,{"stream_name":"stdout","time":572.780247432,"data":"EDGE_TTA_ACTIVE views= 10 mean_abs_feat_delta= 0.351451\n"}
,{"stream_name":"stdout","time":572.780281147,"data":"EDGE_TTA_ACTIVE views= 10 mean_abs_feat_delta= 0.329564\n"}
,{"stream_name":"stdout","time":573.568252205,"data":"SECONDARY_EDGE_TTA_ACTIVE views= 8 weight= 0.75 mean_abs_feat_delta= 0.226482\n"}
,{"stream_name":"stdout","time":573.694871666,"data":"SECONDARY_EDGE_TTA_ACTIVE views= 8 weight= 0.75 mean_abs_feat_delta= 0.231364\n"}
,{"stream_name":"stdout","time":573.770710751,"data":"SECONDARY_EDGE_TTA_ACTIVE views= 8 weight= 0.75 mean_abs_feat_delta= 0.226482\n"}
,{"stream_name":"stdout","time":573.77074577,"data":"SECONDARY_EDGE_TTA_ACTIVE views= 8 weight= 0.75 mean_abs_feat_delta= 0.231364\n"}
,{"stream_name":"stdout","time":574.92834139,"data":"EDGE_TTA_ACTIVE views= 10 mean_abs_feat_delta= 0.357478\n"}
,{"stream_name":"stdout","time":575.130744635,"data":"EDGE_TTA_ACTIVE views= 10 mean_abs_feat_delta= 0.357478\n"}
,{"stream_name":"stdout","time":575.496757521,"data":"EDGE_TTA_ACTIVE views= 10 mean_abs_feat_delta= 0.328084\n"}
,{"stream_name":"stdout","time":575.699200466,"data":"EDGE_TTA_ACTIVE views= 10 mean_abs_feat_delta= 0.328084\n"}
,{"stream_name":"stdout","time":575.920890153,"data":"SECONDARY_EDGE_TTA_ACTIVE views= 8 weight= 0.75 mean_abs_feat_delta= 0.229453\n"}
,{"stream_name":"stdout","time":576.123308113,"data":"SECONDARY_EDGE_TTA_ACTIVE views= 8 weight= 0.75 mean_abs_feat_delta= 0.229453\n"}
,{"stream_name":"stdout","time":576.584711062,"data":"SECONDARY_EDGE_TTA_ACTIVE views= 8 weight= 0.75 mean_abs_feat_delta= 0.231505\n"}
,{"stream_name":"stdout","time":576.787428212,"data":"SECONDARY_EDGE_TTA_ACTIVE views= 8 weight= 0.75 mean_abs_feat_delta= 0.231505\n"}
,{"stream_name":"stdout","time":577.295799193,"data":"EDGE_TTA_ACTIVE views= 10 mean_abs_feat_delta= 0.346519\n"}
,{"stream_name":"stdout","time":577.498379444,"data":"EDGE_TTA_ACTIVE views= 10 mean_abs_feat_delta= 0.346519\n"}
,{"stream_name":"stdout","time":578.297989979,"data":"SECONDARY_EDGE_TTA_ACTIVE views= 8 weight= 0.75 mean_abs_feat_delta= 0.233899\n"}
,{"stream_name":"stdout","time":578.436403592,"data":"EDGE_TTA_ACTIVE views= 10 mean_abs_feat_delta= 0.32487\n"}
,{"stream_name":"stdout","time":578.500541825,"data":"SECONDARY_EDGE_TTA_ACTIVE views= 8 weight= 0.75 mean_abs_feat_delta= 0.233899\n"}
,{"stream_name":"stdout","time":578.500575105,"data":"EDGE_TTA_ACTIVE views= 10 mean_abs_feat_delta= 0.32487\n"}
,{"stream_name":"stdout","time":579.536704451,"data":"SECONDARY_EDGE_TTA_ACTIVE views= 8 weight= 0.75 mean_abs_feat_delta= 0.233103\n"}
,{"stream_name":"stdout","time":579.689165121,"data":"EDGE_TTA_ACTIVE views= 10 mean_abs_feat_delta= 0.359908\n"}
,{"stream_name":"stdout","time":579.73910304,"data":"SECONDARY_EDGE_TTA_ACTIVE views= 8 weight= 0.75 mean_abs_feat_delta= 0.233103\n"}
,{"stream_name":"stdout","time":579.73917657,"data":"EDGE_TTA_ACTIVE views= 10 mean_abs_feat_delta= 0.359908\n"}
,{"stream_name":"stdout","time":580.699361123,"data":"SECONDARY_EDGE_TTA_ACTIVE views= 8 weight= 0.75 mean_abs_feat_delta= 0.228562\n"}
,{"stream_name":"stdout","time":580.901886498,"data":"SECONDARY_EDGE_TTA_ACTIVE views= 8 weight= 0.75 mean_abs_feat_delta= 0.228562\n"}
,{"stream_name":"stdout","time":581.394733456,"data":"EDGE_TTA_ACTIVE views= 10 mean_abs_feat_delta= 0.327779\n"}
,{"stream_name":"stdout","time":581.597238902,"data":"EDGE_TTA_ACTIVE views= 10 mean_abs_feat_delta= 0.327779\n"}
,{"stream_name":"stdout","time":582.095126392,"data":"EDGE_TTA_ACTIVE views= 10 mean_abs_feat_delta= 0.353066\n"}
,{"stream_name":"stdout","time":582.330904827,"data":"EDGE_TTA_ACTIVE views= 10 mean_abs_feat_delta= 0.353066\n"}
,{"stream_name":"stdout","time":582.512757313,"data":"SECONDARY_EDGE_TTA_ACTIVE views= 8 weight= 0.75 mean_abs_feat_delta= 0.230713\n"}
,{"stream_name":"stdout","time":582.715338165,"data":"SECONDARY_EDGE_TTA_ACTIVE views= 8 weight= 0.75 mean_abs_feat_delta= 0.230713\n"}
,{"stream_name":"stdout","time":583.111688197,"data":"SECONDARY_EDGE_TTA_ACTIVE views= 8 weight= 0.75 mean_abs_feat_delta= 0.229373\n"}
,{"stream_name":"stdout","time":583.314295456,"data":"SECONDARY_EDGE_TTA_ACTIVE views= 8 weight= 0.75 mean_abs_feat_delta= 0.229373\n"}
,{"stream_name":"stdout","time":584.37366443,"data":"EDGE_TTA_ACTIVE views= 10 mean_abs_feat_delta= 0.327313\n"}
,{"stream_name":"stdout","time":584.516930261,"data":"EDGE_TTA_ACTIVE views= 10 mean_abs_feat_delta= 0.349882\n"}
,{"stream_name":"stdout","time":584.576371896,"data":"EDGE_TTA_ACTIVE views= 10 mean_abs_feat_delta= 0.327313\n"}
,{"stream_name":"stdout","time":584.576403595,"data":"EDGE_TTA_ACTIVE views= 10 mean_abs_feat_delta= 0.349882\n"}
,{"stream_name":"stdout","time":585.512076939,"data":"SECONDARY_EDGE_TTA_ACTIVE views= 8 weight= 0.75 mean_abs_feat_delta= 0.228063\n"}
,{"stream_name":"stdout","time":585.557785252,"data":"SECONDARY_EDGE_TTA_ACTIVE views= 8 weight= 0.75 mean_abs_feat_delta= 0.228983\n"}
,{"stream_name":"stdout","time":585.714219511,"data":"SECONDARY_EDGE_TTA_ACTIVE views= 8 weight= 0.75 mean_abs_feat_delta= 0.228063\n"}
,{"stream_name":"stdout","time":585.714300783,"data":"SECONDARY_EDGE_TTA_ACTIVE views= 8 weight= 0.75 mean_abs_feat_delta= 0.228983\n"}
,{"stream_name":"stdout","time":586.983589599,"data":"EDGE_TTA_ACTIVE views= 10 mean_abs_feat_delta= 0.350046\n"}
,{"stream_name":"stdout","time":587.186310849,"data":"EDGE_TTA_ACTIVE views= 10 mean_abs_feat_delta= 0.350046\n"}
,{"stream_name":"stdout","time":587.402450333,"data":"EDGE_TTA_ACTIVE views= 10 mean_abs_feat_delta= 0.327608\n"}
,{"stream_name":"stdout","time":587.604908125,"data":"EDGE_TTA_ACTIVE views= 10 mean_abs_feat_delta= 0.327608\n"}
,{"stream_name":"stdout","time":588.012660807,"data":"SECONDARY_EDGE_TTA_ACTIVE views= 8 weight= 0.75 mean_abs_feat_delta= 0.22723\n"}
,{"stream_name":"stdout","time":588.215226806,"data":"SECONDARY_EDGE_TTA_ACTIVE views= 8 weight= 0.75 mean_abs_feat_delta= 0.22723\n"}
,{"stream_name":"stdout","time":588.584943056,"data":"SECONDARY_EDGE_TTA_ACTIVE views= 8 weight= 0.75 mean_abs_feat_delta= 0.23148\n"}
,{"stream_name":"stdout","time":588.787268445,"data":"SECONDARY_EDGE_TTA_ACTIVE views= 8 weight= 0.75 mean_abs_feat_delta= 0.23148\n"}
,{"stream_name":"stdout","time":589.493090507,"data":"EDGE_TTA_ACTIVE views= 10 mean_abs_feat_delta= 0.354635\n"}
,{"stream_name":"stdout","time":589.695670567,"data":"EDGE_TTA_ACTIVE views= 10 mean_abs_feat_delta= 0.354635\n"}
,{"stream_name":"stdout","time":590.511756263,"data":"EDGE_TTA_ACTIVE views= 10 mean_abs_feat_delta= 0.326722\n"}
,{"stream_name":"stdout","time":590.528525063,"data":"SECONDARY_EDGE_TTA_ACTIVE views= 8 weight= 0.75 mean_abs_feat_delta= 0.227184\n"}
,{"stream_name":"stdout","time":590.714241075,"data":"EDGE_TTA_ACTIVE views= 10 mean_abs_feat_delta= 0.326722\n"}
,{"stream_name":"stdout","time":590.714283825,"data":"SECONDARY_EDGE_TTA_ACTIVE views= 8 weight= 0.75 mean_abs_feat_delta= 0.227184\n"}
,{"stream_name":"stdout","time":591.674344228,"data":"SECONDARY_EDGE_TTA_ACTIVE views= 8 weight= 0.75 mean_abs_feat_delta= 0.226861\n"}
,{"stream_name":"stdout","time":591.878616838,"data":"SECONDARY_EDGE_TTA_ACTIVE views= 8 weight= 0.75 mean_abs_feat_delta= 0.226861\n"}
,{"stream_name":"stdout","time":591.958467219,"data":"EDGE_TTA_ACTIVE views= 10 mean_abs_feat_delta= 0.355655\n"}
,{"stream_name":"stdout","time":592.160685993,"data":"EDGE_TTA_ACTIVE views= 10 mean_abs_feat_delta= 0.355655\n"}
,{"stream_name":"stdout","time":593.004769811,"data":"SECONDARY_EDGE_TTA_ACTIVE views= 8 weight= 0.75 mean_abs_feat_delta= 0.228674\n"}
,{"stream_name":"stdout","time":593.207616788,"data":"SECONDARY_EDGE_TTA_ACTIVE views= 8 weight= 0.75 mean_abs_feat_delta= 0.228674\n"}
,{"stream_name":"stdout","time":593.624841794,"data":"EDGE_TTA_ACTIVE views= 10 mean_abs_feat_delta= 0.329245\n"}
,{"stream_name":"stdout","time":593.827437669,"data":"EDGE_TTA_ACTIVE views= 10 mean_abs_feat_delta= 0.329245\n"}
,{"stream_name":"stdout","time":594.465465992,"data":"EDGE_TTA_ACTIVE views= 10 mean_abs_feat_delta= 0.358453\n"}
,{"stream_name":"stdout","time":594.668007242,"data":"EDGE_TTA_ACTIVE views= 10 mean_abs_feat_delta= 0.358453\n"}
,{"stream_name":"stdout","time":594.792195433,"data":"SECONDARY_EDGE_TTA_ACTIVE views= 8 weight= 0.75 mean_abs_feat_delta= 0.226753\n"}
,{"stream_name":"stdout","time":594.994469298,"data":"SECONDARY_EDGE_TTA_ACTIVE views= 8 weight= 0.75 mean_abs_feat_delta= 0.226753\n"}
,{"stream_name":"stdout","time":595.514996831,"data":"SECONDARY_EDGE_TTA_ACTIVE views= 8 weight= 0.75 mean_abs_feat_delta= 0.22969\n"}
,{"stream_name":"stdout","time":595.717488889,"data":"SECONDARY_EDGE_TTA_ACTIVE views= 8 weight= 0.75 mean_abs_feat_delta= 0.22969\n"}
,{"stream_name":"stdout","time":596.661679361,"data":"EDGE_TTA_ACTIVE views= 10 mean_abs_feat_delta= 0.332881\n"}
,{"stream_name":"stdout","time":596.864361132,"data":"EDGE_TTA_ACTIVE views= 10 mean_abs_feat_delta= 0.332881\n"}
,{"stream_name":"stdout","time":596.945762657,"data":"EDGE_TTA_ACTIVE views= 10 mean_abs_feat_delta= 0.358802\n"}
,{"stream_name":"stdout","time":597.148157236,"data":"EDGE_TTA_ACTIVE views= 10 mean_abs_feat_delta= 0.358802\n"}
,{"stream_name":"stdout","time":597.842789028,"data":"SECONDARY_EDGE_TTA_ACTIVE views= 8 weight= 0.75 mean_abs_feat_delta= 0.229067\n"}
,{"stream_name":"stdout","time":597.997002074,"data":"SECONDARY_EDGE_TTA_ACTIVE views= 8 weight= 0.75 mean_abs_feat_delta= 0.227887\n"}
,{"stream_name":"stdout","time":598.045439336,"data":"SECONDARY_EDGE_TTA_ACTIVE views= 8 weight= 0.75 mean_abs_feat_delta= 0.229067\n"}
,{"stream_name":"stdout","time":598.045469412,"data":"SECONDARY_EDGE_TTA_ACTIVE views= 8 weight= 0.75 mean_abs_feat_delta= 0.227887\n"}
,{"stream_name":"stdout","time":599.403768024,"data":"EDGE_TTA_ACTIVE views= 10 mean_abs_feat_delta= 0.357716\n"}
,{"stream_name":"stdout","time":599.606425293,"data":"EDGE_TTA_ACTIVE views= 10 mean_abs_feat_delta= 0.357716\n"}
,{"stream_name":"stdout","time":599.716236901,"data":"EDGE_TTA_ACTIVE views= 10 mean_abs_feat_delta= 0.328438\n"}
,{"stream_name":"stdout","time":599.918760155,"data":"EDGE_TTA_ACTIVE views= 10 mean_abs_feat_delta= 0.328438\n"}
,{"stream_name":"stdout","time":600.453446795,"data":"SECONDARY_EDGE_TTA_ACTIVE views= 8 weight= 0.75 mean_abs_feat_delta= 0.229597\n"}
,{"stream_name":"stdout","time":600.655936379,"data":"SECONDARY_EDGE_TTA_ACTIVE views= 8 weight= 0.75 mean_abs_feat_delta= 0.229597\n"}
,{"stream_name":"stdout","time":600.892926841,"data":"SECONDARY_EDGE_TTA_ACTIVE views= 8 weight= 0.75 mean_abs_feat_delta= 0.224805\n"}
,{"stream_name":"stdout","time":601.09568136,"data":"SECONDARY_EDGE_TTA_ACTIVE views= 8 weight= 0.75 mean_abs_feat_delta= 0.224805\n"}
,{"stream_name":"stdout","time":601.891047183,"data":"EDGE_TTA_ACTIVE views= 10 mean_abs_feat_delta= 0.36287\n"}
,{"stream_name":"stdout","time":602.093596685,"data":"EDGE_TTA_ACTIVE views= 10 mean_abs_feat_delta= 0.36287\n"}
,{"stream_name":"stdout","time":602.790951189,"data":"EDGE_TTA_ACTIVE views= 10 mean_abs_feat_delta= 0.323295\n"}
,{"stream_name":"stdout","time":602.929839173,"data":"SECONDARY_EDGE_TTA_ACTIVE views= 8 weight= 0.75 mean_abs_feat_delta= 0.229355\n"}
,{"stream_name":"stdout","time":602.993478036,"data":"EDGE_TTA_ACTIVE views= 10 mean_abs_feat_delta= 0.323295\n"}
,{"stream_name":"stdout","time":602.993507243,"data":"SECONDARY_EDGE_TTA_ACTIVE views= 8 weight= 0.75 mean_abs_feat_delta= 0.229355\n"}
,{"stream_name":"stdout","time":603.948154436,"data":"SECONDARY_EDGE_TTA_ACTIVE views= 8 weight= 0.75 mean_abs_feat_delta= 0.22475\n"}
,{"stream_name":"stdout","time":604.150626729,"data":"SECONDARY_EDGE_TTA_ACTIVE views= 8 weight= 0.75 mean_abs_feat_delta= 0.22475\n"}
,{"stream_name":"stdout","time":604.286223775,"data":"EDGE_TTA_ACTIVE views= 10 mean_abs_feat_delta= 0.361019\n"}
,{"stream_name":"stdout","time":604.48885047,"data":"EDGE_TTA_ACTIVE views= 10 mean_abs_feat_delta= 0.361019\n"}
,{"stream_name":"stdout","time":605.317321246,"data":"SECONDARY_EDGE_TTA_ACTIVE views= 8 weight= 0.75 mean_abs_feat_delta= 0.228164\n"}
,{"stream_name":"stdout","time":605.519962753,"data":"SECONDARY_EDGE_TTA_ACTIVE views= 8 weight= 0.75 mean_abs_feat_delta= 0.228164\n"}
,{"stream_name":"stdout","time":605.856443705,"data":"EDGE_TTA_ACTIVE views= 10 mean_abs_feat_delta= 0.323923\n"}
,{"stream_name":"stdout","time":606.059007945,"data":"EDGE_TTA_ACTIVE views= 10 mean_abs_feat_delta= 0.323923\n"}
,{"stream_name":"stdout","time":606.698099396,"data":"EDGE_TTA_ACTIVE views= 10 mean_abs_feat_delta= 0.358268\n"}
,{"stream_name":"stdout","time":606.90048568,"data":"EDGE_TTA_ACTIVE views= 10 mean_abs_feat_delta= 0.358268\n"}
,{"stream_name":"stdout","time":606.988420138,"data":"SECONDARY_EDGE_TTA_ACTIVE views= 8 weight= 0.75 mean_abs_feat_delta= 0.223629\n"}
,{"stream_name":"stdout","time":607.190852797,"data":"SECONDARY_EDGE_TTA_ACTIVE views= 8 weight= 0.75 mean_abs_feat_delta= 0.223629\n"}
,{"stream_name":"stdout","time":607.722102557,"data":"SECONDARY_EDGE_TTA_ACTIVE views= 8 weight= 0.75 mean_abs_feat_delta= 0.230204\n"}
,{"stream_name":"stdout","time":607.924470204,"data":"SECONDARY_EDGE_TTA_ACTIVE views= 8 weight= 0.75 mean_abs_feat_delta= 0.230204\n"}
,{"stream_name":"stdout","time":608.865205346,"data":"EDGE_TTA_ACTIVE views= 10 mean_abs_feat_delta= 0.325909\n"}
,{"stream_name":"stdout","time":609.067861334,"data":"EDGE_TTA_ACTIVE views= 10 mean_abs_feat_delta= 0.325909\n"}
,{"stream_name":"stdout","time":609.123496147,"data":"EDGE_TTA_ACTIVE views= 10 mean_abs_feat_delta= 0.361194\n"}
,{"stream_name":"stdout","time":609.325870866,"data":"EDGE_TTA_ACTIVE views= 10 mean_abs_feat_delta= 0.361194\n"}
,{"stream_name":"stdout","time":609.995137295,"data":"SECONDARY_EDGE_TTA_ACTIVE views= 8 weight= 0.75 mean_abs_feat_delta= 0.221381\n"}
,{"stream_name":"stdout","time":610.138627948,"data":"SECONDARY_EDGE_TTA_ACTIVE views= 8 weight= 0.75 mean_abs_feat_delta= 0.229792\n"}
,{"stream_name":"stdout","time":610.197412577,"data":"SECONDARY_EDGE_TTA_ACTIVE views= 8 weight= 0.75 mean_abs_feat_delta= 0.221381\n"}
,{"stream_name":"stdout","time":610.197444505,"data":"SECONDARY_EDGE_TTA_ACTIVE views= 8 weight= 0.75 mean_abs_feat_delta= 0.229792\n"}
,{"stream_name":"stdout","time":611.499021524,"data":"EDGE_TTA_ACTIVE views= 10 mean_abs_feat_delta= 0.365006\n"}
,{"stream_name":"stdout","time":611.701635477,"data":"EDGE_TTA_ACTIVE views= 10 mean_abs_feat_delta= 0.365006\n"}
,{"stream_name":"stdout","time":611.822128975,"data":"EDGE_TTA_ACTIVE views= 10 mean_abs_feat_delta= 0.327006\n"}
,{"stream_name":"stdout","time":612.024556353,"data":"EDGE_TTA_ACTIVE views= 10 mean_abs_feat_delta= 0.327006\n"}
,{"stream_name":"stdout","time":612.510472223,"data":"SECONDARY_EDGE_TTA_ACTIVE views= 8 weight= 0.75 mean_abs_feat_delta= 0.231598\n"}
,{"stream_name":"stdout","time":612.750561411,"data":"SECONDARY_EDGE_TTA_ACTIVE views= 8 weight= 0.75 mean_abs_feat_delta= 0.231598\n"}
,{"stream_name":"stdout","time":612.933512006,"data":"SECONDARY_EDGE_TTA_ACTIVE views= 8 weight= 0.75 mean_abs_feat_delta= 0.220825\n"}
,{"stream_name":"stdout","time":613.135855251,"data":"SECONDARY_EDGE_TTA_ACTIVE views= 8 weight= 0.75 mean_abs_feat_delta= 0.220825\n"}
,{"stream_name":"stdout","time":613.926059646,"data":"EDGE_TTA_ACTIVE views= 10 mean_abs_feat_delta= 0.355569\n"}
,{"stream_name":"stdout","time":614.12873509,"data":"EDGE_TTA_ACTIVE views= 10 mean_abs_feat_delta= 0.355569\n"}
,{"stream_name":"stdout","time":614.778989856,"data":"EDGE_TTA_ACTIVE views= 10 mean_abs_feat_delta= 0.326306\n"}
,{"stream_name":"stdout","time":614.93377198,"data":"SECONDARY_EDGE_TTA_ACTIVE views= 8 weight= 0.75 mean_abs_feat_delta= 0.237748\n"}
,{"stream_name":"stdout","time":614.981176216,"data":"EDGE_TTA_ACTIVE views= 10 mean_abs_feat_delta= 0.326306\n"}
,{"stream_name":"stdout","time":614.981206729,"data":"SECONDARY_EDGE_TTA_ACTIVE views= 8 weight= 0.75 mean_abs_feat_delta= 0.237748\n"}
,{"stream_name":"stdout","time":615.878874665,"data":"SECONDARY_EDGE_TTA_ACTIVE views= 8 weight= 0.75 mean_abs_feat_delta= 0.220942\n"}
,{"stream_name":"stdout","time":616.081443329,"data":"SECONDARY_EDGE_TTA_ACTIVE views= 8 weight= 0.75 mean_abs_feat_delta= 0.220942\n"}
,{"stream_name":"stdout","time":616.279840744,"data":"EDGE_TTA_ACTIVE views= 10 mean_abs_feat_delta= 0.366613\n"}
,{"stream_name":"stdout","time":616.482377035,"data":"EDGE_TTA_ACTIVE views= 10 mean_abs_feat_delta= 0.366613\n"}
,{"stream_name":"stdout","time":617.283731272,"data":"SECONDARY_EDGE_TTA_ACTIVE views= 8 weight= 0.75 mean_abs_feat_delta= 0.229174\n"}
,{"stream_name":"stdout","time":617.486301896,"data":"SECONDARY_EDGE_TTA_ACTIVE views= 8 weight= 0.75 mean_abs_feat_delta= 0.229174\n"}
,{"stream_name":"stdout","time":617.733941904,"data":"EDGE_TTA_ACTIVE views= 10 mean_abs_feat_delta= 0.326468\n"}
,{"stream_name":"stdout","time":617.936092725,"data":"EDGE_TTA_ACTIVE views= 10 mean_abs_feat_delta= 0.326468\n"}
,{"stream_name":"stdout","time":618.657733795,"data":"EDGE_TTA_ACTIVE views= 10 mean_abs_feat_delta= 0.368053\n"}
,{"stream_name":"stdout","time":618.823582099,"data":"SECONDARY_EDGE_TTA_ACTIVE views= 8 weight= 0.75 mean_abs_feat_delta= 0.220064\n"}
,{"stream_name":"stdout","time":618.860510932,"data":"EDGE_TTA_ACTIVE views= 10 mean_abs_feat_delta= 0.368053\n"}
,{"stream_name":"stdout","time":618.860562403,"data":"SECONDARY_EDGE_TTA_ACTIVE views= 8 weight= 0.75 mean_abs_feat_delta= 0.220064\n"}
,{"stream_name":"stdout","time":619.660025399,"data":"SECONDARY_EDGE_TTA_ACTIVE views= 8 weight= 0.75 mean_abs_feat_delta= 0.23239\n"}
,{"stream_name":"stdout","time":619.862605787,"data":"SECONDARY_EDGE_TTA_ACTIVE views= 8 weight= 0.75 mean_abs_feat_delta= 0.23239\n"}
,{"stream_name":"stdout","time":620.544657339,"data":"EDGE_TTA_ACTIVE views= 10 mean_abs_feat_delta= 0.326114\n"}
,{"stream_name":"stdout","time":620.747170099,"data":"EDGE_TTA_ACTIVE views= 10 mean_abs_feat_delta= 0.326114\n"}
,{"stream_name":"stdout","time":621.029582896,"data":"EDGE_TTA_ACTIVE views= 10 mean_abs_feat_delta= 0.371221\n"}
,{"stream_name":"stdout","time":621.232108442,"data":"EDGE_TTA_ACTIVE views= 10 mean_abs_feat_delta= 0.371221\n"}
,{"stream_name":"stdout","time":621.630666213,"data":"SECONDARY_EDGE_TTA_ACTIVE views= 8 weight= 0.75 mean_abs_feat_delta= 0.219385\n"}
,{"stream_name":"stdout","time":621.833032318,"data":"SECONDARY_EDGE_TTA_ACTIVE views= 8 weight= 0.75 mean_abs_feat_delta= 0.219385\n"}
,{"stream_name":"stdout","time":622.023261853,"data":"SECONDARY_EDGE_TTA_ACTIVE views= 8 weight= 0.75 mean_abs_feat_delta= 0.233543\n"}
,{"stream_name":"stdout","time":622.225511597,"data":"SECONDARY_EDGE_TTA_ACTIVE views= 8 weight= 0.75 mean_abs_feat_delta= 0.233543\n"}
,{"stream_name":"stdout","time":623.401322208,"data":"EDGE_TTA_ACTIVE views= 10 mean_abs_feat_delta= 0.326584\n"}
,{"stream_name":"stdout","time":623.421722783,"data":"EDGE_TTA_ACTIVE views= 10 mean_abs_feat_delta= 0.368669\n"}
,{"stream_name":"stdout","time":623.604032393,"data":"EDGE_TTA_ACTIVE views= 10 mean_abs_feat_delta= 0.326584\n"}
,{"stream_name":"stdout","time":623.604068217,"data":"EDGE_TTA_ACTIVE views= 10 mean_abs_feat_delta= 0.368669\n"}
,{"stream_name":"stdout","time":624.410984672,"data":"SECONDARY_EDGE_TTA_ACTIVE views= 8 weight= 0.75 mean_abs_feat_delta= 0.230711\n"}
,{"stream_name":"stdout","time":624.483053692,"data":"SECONDARY_EDGE_TTA_ACTIVE views= 8 weight= 0.75 mean_abs_feat_delta= 0.221891\n"}
,{"stream_name":"stdout","time":624.613471295,"data":"SECONDARY_EDGE_TTA_ACTIVE views= 8 weight= 0.75 mean_abs_feat_delta= 0.230711\n"}
,{"stream_name":"stdout","time":624.61350698,"data":"SECONDARY_EDGE_TTA_ACTIVE views= 8 weight= 0.75 mean_abs_feat_delta= 0.221891\n"}
,{"stream_name":"stdout","time":625.739817857,"data":"EDGE_TTA_ACTIVE views= 10 mean_abs_feat_delta= 0.363425\n"}
,{"stream_name":"stdout","time":625.94234938,"data":"EDGE_TTA_ACTIVE views= 10 mean_abs_feat_delta= 0.363425\n"}
,{"stream_name":"stdout","time":626.298915177,"data":"EDGE_TTA_ACTIVE views= 10 mean_abs_feat_delta= 0.320159\n"}
,{"stream_name":"stdout","time":626.501396354,"data":"EDGE_TTA_ACTIVE views= 10 mean_abs_feat_delta= 0.320159\n"}
,{"stream_name":"stdout","time":626.732355605,"data":"SECONDARY_EDGE_TTA_ACTIVE views= 8 weight= 0.75 mean_abs_feat_delta= 0.230076\n"}
,{"stream_name":"stdout","time":626.935138479,"data":"SECONDARY_EDGE_TTA_ACTIVE views= 8 weight= 0.75 mean_abs_feat_delta= 0.230076\n"}
,{"stream_name":"stdout","time":627.373978678,"data":"SECONDARY_EDGE_TTA_ACTIVE views= 8 weight= 0.75 mean_abs_feat_delta= 0.22287\n"}
,{"stream_name":"stdout","time":627.576756324,"data":"SECONDARY_EDGE_TTA_ACTIVE views= 8 weight= 0.75 mean_abs_feat_delta= 0.22287\n"}
,{"stream_name":"stdout","time":628.089542741,"data":"EDGE_TTA_ACTIVE views= 10 mean_abs_feat_delta= 0.361628\n"}
,{"stream_name":"stdout","time":628.292138558,"data":"EDGE_TTA_ACTIVE views= 10 mean_abs_feat_delta= 0.361628\n"}
,{"stream_name":"stdout","time":629.080919478,"data":"SECONDARY_EDGE_TTA_ACTIVE views= 8 weight= 0.75 mean_abs_feat_delta= 0.23\n"}
,{"stream_name":"stdout","time":629.171738645,"data":"EDGE_TTA_ACTIVE views= 10 mean_abs_feat_delta= 0.324638\n"}
,{"stream_name":"stdout","time":629.283723544,"data":"SECONDARY_EDGE_TTA_ACTIVE views= 8 weight= 0.75 mean_abs_feat_delta= 0.23\n"}
,{"stream_name":"stdout","time":629.283759927,"data":"EDGE_TTA_ACTIVE views= 10 mean_abs_feat_delta= 0.324638\n"}
,{"stream_name":"stdout","time":630.242048423,"data":"SECONDARY_EDGE_TTA_ACTIVE views= 8 weight= 0.75 mean_abs_feat_delta= 0.226905\n"}
,{"stream_name":"stdout","time":630.375991083,"data":"EDGE_TTA_ACTIVE views= 10 mean_abs_feat_delta= 0.365582\n"}
,{"stream_name":"stdout","time":630.44464911,"data":"SECONDARY_EDGE_TTA_ACTIVE views= 8 weight= 0.75 mean_abs_feat_delta= 0.226905\n"}
,{"stream_name":"stdout","time":630.444676513,"data":"EDGE_TTA_ACTIVE views= 10 mean_abs_feat_delta= 0.365582\n"}
,{"stream_name":"stdout","time":631.350748625,"data":"SECONDARY_EDGE_TTA_ACTIVE views= 8 weight= 0.75 mean_abs_feat_delta= 0.231427\n"}
,{"stream_name":"stdout","time":631.55338399,"data":"SECONDARY_EDGE_TTA_ACTIVE views= 8 weight= 0.75 mean_abs_feat_delta= 0.231427\n"}
,{"stream_name":"stdout","time":632.018214873,"data":"EDGE_TTA_ACTIVE views= 10 mean_abs_feat_delta= 0.324371\n"}
,{"stream_name":"stdout","time":632.220430815,"data":"EDGE_TTA_ACTIVE views= 10 mean_abs_feat_delta= 0.324371\n"}
,{"stream_name":"stdout","time":632.669334204,"data":"EDGE_TTA_ACTIVE views= 10 mean_abs_feat_delta= 0.369151\n"}
,{"stream_name":"stdout","time":632.871876132,"data":"EDGE_TTA_ACTIVE views= 10 mean_abs_feat_delta= 0.369151\n"}
,{"stream_name":"stdout","time":633.080467476,"data":"SECONDARY_EDGE_TTA_ACTIVE views= 8 weight= 0.75 mean_abs_feat_delta= 0.227329\n"}
,{"stream_name":"stdout","time":633.283048462,"data":"SECONDARY_EDGE_TTA_ACTIVE views= 8 weight= 0.75 mean_abs_feat_delta= 0.227329\n"}
,{"stream_name":"stdout","time":633.657782159,"data":"SECONDARY_EDGE_TTA_ACTIVE views= 8 weight= 0.75 mean_abs_feat_delta= 0.229981\n"}
,{"stream_name":"stdout","time":633.86025438,"data":"SECONDARY_EDGE_TTA_ACTIVE views= 8 weight= 0.75 mean_abs_feat_delta= 0.229981\n"}
,{"stream_name":"stdout","time":634.853164867,"data":"EDGE_TTA_ACTIVE views= 10 mean_abs_feat_delta= 0.323362\n"}
,{"stream_name":"stdout","time":635.056216751,"data":"EDGE_TTA_ACTIVE views= 10 mean_abs_feat_delta= 0.323362\n"}
,{"stream_name":"stdout","time":635.073833043,"data":"EDGE_TTA_ACTIVE views= 10 mean_abs_feat_delta= 0.3675\n"}
,{"stream_name":"stdout","time":635.276243615,"data":"EDGE_TTA_ACTIVE views= 10 mean_abs_feat_delta= 0.3675\n"}
,{"stream_name":"stdout","time":635.916223183,"data":"SECONDARY_EDGE_TTA_ACTIVE views= 8 weight= 0.75 mean_abs_feat_delta= 0.227094\n"}
,{"stream_name":"stdout","time":636.058187391,"data":"SECONDARY_EDGE_TTA_ACTIVE views= 8 weight= 0.75 mean_abs_feat_delta= 0.229437\n"}
,{"stream_name":"stdout","time":636.118557521,"data":"SECONDARY_EDGE_TTA_ACTIVE views= 8 weight= 0.75 mean_abs_feat_delta= 0.227094\n"}
,{"stream_name":"stdout","time":636.118608304,"data":"SECONDARY_EDGE_TTA_ACTIVE views= 8 weight= 0.75 mean_abs_feat_delta= 0.229437\n"}
,{"stream_name":"stdout","time":637.4075333,"data":"EDGE_TTA_ACTIVE views= 10 mean_abs_feat_delta= 0.360457\n"}
,{"stream_name":"stdout","time":637.610175694,"data":"EDGE_TTA_ACTIVE views= 10 mean_abs_feat_delta= 0.360457\n"}
,{"stream_name":"stdout","time":637.719747199,"data":"EDGE_TTA_ACTIVE views= 10 mean_abs_feat_delta= 0.324972\n"}
,{"stream_name":"stdout","time":637.922258771,"data":"EDGE_TTA_ACTIVE views= 10 mean_abs_feat_delta= 0.324972\n"}
,{"stream_name":"stdout","time":638.396945465,"data":"SECONDARY_EDGE_TTA_ACTIVE views= 8 weight= 0.75 mean_abs_feat_delta= 0.229485\n"}
,{"stream_name":"stdout","time":638.599306613,"data":"SECONDARY_EDGE_TTA_ACTIVE views= 8 weight= 0.75 mean_abs_feat_delta= 0.229485\n"}
,{"stream_name":"stdout","time":638.78502768,"data":"SECONDARY_EDGE_TTA_ACTIVE views= 8 weight= 0.75 mean_abs_feat_delta= 0.228038\n"}
,{"stream_name":"stdout","time":638.98714108,"data":"SECONDARY_EDGE_TTA_ACTIVE views= 8 weight= 0.75 mean_abs_feat_delta= 0.228038\n"}
,{"stream_name":"stdout","time":639.778411531,"data":"EDGE_TTA_ACTIVE views= 10 mean_abs_feat_delta= 0.358336\n"}
,{"stream_name":"stdout","time":639.980890466,"data":"EDGE_TTA_ACTIVE views= 10 mean_abs_feat_delta= 0.358336\n"}
,{"stream_name":"stdout","time":640.495343299,"data":"EDGE_TTA_ACTIVE views= 10 mean_abs_feat_delta= 0.32288\n"}
,{"stream_name":"stdout","time":640.699040984,"data":"EDGE_TTA_ACTIVE views= 10 mean_abs_feat_delta= 0.32288\n"}
,{"stream_name":"stdout","time":640.768272429,"data":"SECONDARY_EDGE_TTA_ACTIVE views= 8 weight= 0.75 mean_abs_feat_delta= 0.234306\n"}
,{"stream_name":"stdout","time":640.970699789,"data":"SECONDARY_EDGE_TTA_ACTIVE views= 8 weight= 0.75 mean_abs_feat_delta= 0.234306\n"}
,{"stream_name":"stdout","time":641.565291681,"data":"SECONDARY_EDGE_TTA_ACTIVE views= 8 weight= 0.75 mean_abs_feat_delta= 0.226869\n"}
,{"stream_name":"stdout","time":641.76784752,"data":"SECONDARY_EDGE_TTA_ACTIVE views= 8 weight= 0.75 mean_abs_feat_delta= 0.226869\n"}
,{"stream_name":"stdout","time":642.094223103,"data":"EDGE_TTA_ACTIVE views= 10 mean_abs_feat_delta= 0.359627\n"}
,{"stream_name":"stdout","time":642.296727805,"data":"EDGE_TTA_ACTIVE views= 10 mean_abs_feat_delta= 0.359627\n"}
,{"stream_name":"stdout","time":643.079980283,"data":"SECONDARY_EDGE_TTA_ACTIVE views= 8 weight= 0.75 mean_abs_feat_delta= 0.235733\n"}
,{"stream_name":"stdout","time":643.304867524,"data":"EDGE_TTA_ACTIVE views= 10 mean_abs_feat_delta= 0.319776\n"}
,{"stream_name":"stdout","time":643.321304985,"data":"SECONDARY_EDGE_TTA_ACTIVE views= 8 weight= 0.75 mean_abs_feat_delta= 0.235733\n"}
,{"stream_name":"stdout","time":643.507519776,"data":"EDGE_TTA_ACTIVE views= 10 mean_abs_feat_delta= 0.319776\n"}
,{"stream_name":"stdout","time":644.376438821,"data":"SECONDARY_EDGE_TTA_ACTIVE views= 8 weight= 0.75 mean_abs_feat_delta= 0.219975\n"}
,{"stream_name":"stdout","time":644.457659918,"data":"EDGE_TTA_ACTIVE views= 10 mean_abs_feat_delta= 0.363054\n"}
,{"stream_name":"stdout","time":644.579032751,"data":"SECONDARY_EDGE_TTA_ACTIVE views= 8 weight= 0.75 mean_abs_feat_delta= 0.219975\n"}
,{"stream_name":"stdout","time":644.579117185,"data":"EDGE_TTA_ACTIVE views= 10 mean_abs_feat_delta= 0.363054\n"}
,{"stream_name":"stdout","time":645.448218592,"data":"SECONDARY_EDGE_TTA_ACTIVE views= 8 weight= 0.75 mean_abs_feat_delta= 0.231775\n"}
,{"stream_name":"stdout","time":645.650851872,"data":"SECONDARY_EDGE_TTA_ACTIVE views= 8 weight= 0.75 mean_abs_feat_delta= 0.231775\n"}
,{"stream_name":"stdout","time":646.168821871,"data":"EDGE_TTA_ACTIVE views= 10 mean_abs_feat_delta= 0.325155\n"}
,{"stream_name":"stdout","time":646.371380004,"data":"EDGE_TTA_ACTIVE views= 10 mean_abs_feat_delta= 0.325155\n"}
,{"stream_name":"stdout","time":646.749952526,"data":"EDGE_TTA_ACTIVE views= 10 mean_abs_feat_delta= 0.360642\n"}
,{"stream_name":"stdout","time":646.952269535,"data":"EDGE_TTA_ACTIVE views= 10 mean_abs_feat_delta= 0.360642\n"}
,{"stream_name":"stdout","time":647.244619496,"data":"SECONDARY_EDGE_TTA_ACTIVE views= 8 weight= 0.75 mean_abs_feat_delta= 0.22725\n"}
,{"stream_name":"stdout","time":647.447182576,"data":"SECONDARY_EDGE_TTA_ACTIVE views= 8 weight= 0.75 mean_abs_feat_delta= 0.22725\n"}
,{"stream_name":"stdout","time":647.742293521,"data":"SECONDARY_EDGE_TTA_ACTIVE views= 8 weight= 0.75 mean_abs_feat_delta= 0.227854\n"}
,{"stream_name":"stdout","time":647.944732492,"data":"SECONDARY_EDGE_TTA_ACTIVE views= 8 weight= 0.75 mean_abs_feat_delta= 0.227854\n"}
,{"stream_name":"stdout","time":649.060058874,"data":"EDGE_TTA_ACTIVE views= 10 mean_abs_feat_delta= 0.31724\n"}
,{"stream_name":"stdout","time":649.075160107,"data":"EDGE_TTA_ACTIVE views= 10 mean_abs_feat_delta= 0.345403\n"}
,{"stream_name":"stdout","time":649.262489105,"data":"EDGE_TTA_ACTIVE views= 10 mean_abs_feat_delta= 0.31724\n"}
,{"stream_name":"stdout","time":649.262515691,"data":"EDGE_TTA_ACTIVE views= 10 mean_abs_feat_delta= 0.345403\n"}
,{"stream_name":"stdout","time":650.065730281,"data":"SECONDARY_EDGE_TTA_ACTIVE views= 8 weight= 0.75 mean_abs_feat_delta= 0.232249\n"}
,{"stream_name":"stdout","time":650.069683568,"data":"BIOHUB_RETENTION_GUARD {\"blended_candidates\": 66, \"dataset\": \"6bba_05b6850b\", \"frame\": 43, \"minimum_retention\": 0.9, \"primary_candidates\": 75, \"retention\": 0.88, \"use_primary\": true}\n"}
,{"stream_name":"stdout","time":650.137663339,"data":"SECONDARY_EDGE_TTA_ACTIVE views= 8 weight= 0.75 mean_abs_feat_delta= 0.225732\n"}
,{"stream_name":"stdout","time":650.268482944,"data":"SECONDARY_EDGE_TTA_ACTIVE views= 8 weight= 0.75 mean_abs_feat_delta= 0.232249\n"}
,{"stream_name":"stdout","time":650.268518856,"data":"BIOHUB_RETENTION_GUARD {\"blended_candidates\": 66, \"dataset\": \"6bba_05b6850b\", \"frame\": 43, \"minimum_retention\": 0.9, \"primary_candidates\": 75, \"retention\": 0.88, \"use_primary\": true}\n"}
,{"stream_name":"stdout","time":650.268525114,"data":"SECONDARY_EDGE_TTA_ACTIVE views= 8 weight= 0.75 mean_abs_feat_delta= 0.225732\n"}
,{"stream_name":"stdout","time":651.465167335,"data":"EDGE_TTA_ACTIVE views= 10 mean_abs_feat_delta= 0.361877\n"}
,{"stream_name":"stdout","time":651.667849998,"data":"EDGE_TTA_ACTIVE views= 10 mean_abs_feat_delta= 0.361877\n"}
,{"stream_name":"stdout","time":651.94131304,"data":"EDGE_TTA_ACTIVE views= 10 mean_abs_feat_delta= 0.32337\n"}
,{"stream_name":"stdout","time":652.143641033,"data":"EDGE_TTA_ACTIVE views= 10 mean_abs_feat_delta= 0.32337\n"}
,{"stream_name":"stdout","time":652.461712707,"data":"SECONDARY_EDGE_TTA_ACTIVE views= 8 weight= 0.75 mean_abs_feat_delta= 0.226463\n"}
,{"stream_name":"stdout","time":652.663627649,"data":"SECONDARY_EDGE_TTA_ACTIVE views= 8 weight= 0.75 mean_abs_feat_delta= 0.226463\n"}
,{"stream_name":"stdout","time":653.019138315,"data":"SECONDARY_EDGE_TTA_ACTIVE views= 8 weight= 0.75 mean_abs_feat_delta= 0.229625\n"}
,{"stream_name":"stdout","time":653.22173241,"data":"SECONDARY_EDGE_TTA_ACTIVE views= 8 weight= 0.75 mean_abs_feat_delta= 0.229625\n"}
,{"stream_name":"stdout","time":653.859667361,"data":"EDGE_TTA_ACTIVE views= 10 mean_abs_feat_delta= 0.365889\n"}
,{"stream_name":"stdout","time":654.062303816,"data":"EDGE_TTA_ACTIVE views= 10 mean_abs_feat_delta= 0.365889\n"}
,{"stream_name":"stdout","time":654.816736613,"data":"EDGE_TTA_ACTIVE views= 10 mean_abs_feat_delta= 0.325874\n"}
,{"stream_name":"stdout","time":654.857210604,"data":"SECONDARY_EDGE_TTA_ACTIVE views= 8 weight= 0.75 mean_abs_feat_delta= 0.232529\n"}
,{"stream_name":"stdout","time":655.019431485,"data":"EDGE_TTA_ACTIVE views= 10 mean_abs_feat_delta= 0.325874\n"}
,{"stream_name":"stdout","time":655.019517238,"data":"SECONDARY_EDGE_TTA_ACTIVE views= 8 weight= 0.75 mean_abs_feat_delta= 0.232529\n"}
,{"stream_name":"stdout","time":655.900324081,"data":"SECONDARY_EDGE_TTA_ACTIVE views= 8 weight= 0.75 mean_abs_feat_delta= 0.229021\n"}
,{"stream_name":"stdout","time":656.103001683,"data":"SECONDARY_EDGE_TTA_ACTIVE views= 8 weight= 0.75 mean_abs_feat_delta= 0.229021\n"}
,{"stream_name":"stdout","time":656.233305104,"data":"EDGE_TTA_ACTIVE views= 10 mean_abs_feat_delta= 0.365426\n"}
,{"stream_name":"stdout","time":656.435943947,"data":"EDGE_TTA_ACTIVE views= 10 mean_abs_feat_delta= 0.365426\n"}
,{"stream_name":"stdout","time":657.230443176,"data":"SECONDARY_EDGE_TTA_ACTIVE views= 8 weight= 0.75 mean_abs_feat_delta= 0.234792\n"}
,{"stream_name":"stdout","time":657.433027567,"data":"SECONDARY_EDGE_TTA_ACTIVE views= 8 weight= 0.75 mean_abs_feat_delta= 0.234792\n"}
,{"stream_name":"stdout","time":657.659826701,"data":"EDGE_TTA_ACTIVE views= 10 mean_abs_feat_delta= 0.321951\n"}
,{"stream_name":"stdout","time":657.862227765,"data":"EDGE_TTA_ACTIVE views= 10 mean_abs_feat_delta= 0.321951\n"}
,{"stream_name":"stdout","time":658.554725269,"data":"EDGE_TTA_ACTIVE views= 10 mean_abs_feat_delta= 0.363725\n"}
,{"stream_name":"stdout","time":658.749420332,"data":"SECONDARY_EDGE_TTA_ACTIVE views= 8 weight= 0.75 mean_abs_feat_delta= 0.229917\n"}
,{"stream_name":"stdout","time":658.757435194,"data":"EDGE_TTA_ACTIVE views= 10 mean_abs_feat_delta= 0.363725\n"}
,{"stream_name":"stdout","time":658.757465645,"data":"SECONDARY_EDGE_TTA_ACTIVE views= 8 weight= 0.75 mean_abs_feat_delta= 0.229917\n"}
,{"stream_name":"stdout","time":659.558464275,"data":"SECONDARY_EDGE_TTA_ACTIVE views= 8 weight= 0.75 mean_abs_feat_delta= 0.233309\n"}
,{"stream_name":"stdout","time":659.760692949,"data":"SECONDARY_EDGE_TTA_ACTIVE views= 8 weight= 0.75 mean_abs_feat_delta= 0.233309\n"}
,{"stream_name":"stdout","time":660.562816476,"data":"EDGE_TTA_ACTIVE views= 10 mean_abs_feat_delta= 0.324834\n"}
,{"stream_name":"stdout","time":660.765295112,"data":"EDGE_TTA_ACTIVE views= 10 mean_abs_feat_delta= 0.324834\n"}
,{"stream_name":"stdout","time":661.031260743,"data":"EDGE_TTA_ACTIVE views= 10 mean_abs_feat_delta= 0.361952\n"}
,{"stream_name":"stdout","time":661.23376338,"data":"EDGE_TTA_ACTIVE views= 10 mean_abs_feat_delta= 0.361952\n"}
,{"stream_name":"stdout","time":661.655964608,"data":"SECONDARY_EDGE_TTA_ACTIVE views= 8 weight= 0.75 mean_abs_feat_delta= 0.232737\n"}
,{"stream_name":"stdout","time":661.858192277,"data":"SECONDARY_EDGE_TTA_ACTIVE views= 8 weight= 0.75 mean_abs_feat_delta= 0.232737\n"}
,{"stream_name":"stdout","time":662.036080328,"data":"SECONDARY_EDGE_TTA_ACTIVE views= 8 weight= 0.75 mean_abs_feat_delta= 0.231091\n"}
,{"stream_name":"stdout","time":662.238540049,"data":"SECONDARY_EDGE_TTA_ACTIVE views= 8 weight= 0.75 mean_abs_feat_delta= 0.231091\n"}
,{"stream_name":"stdout","time":663.419160924,"data":"EDGE_TTA_ACTIVE views= 10 mean_abs_feat_delta= 0.363581\n"}
,{"stream_name":"stdout","time":663.442242675,"data":"EDGE_TTA_ACTIVE views= 10 mean_abs_feat_delta= 0.324127\n"}
,{"stream_name":"stdout","time":663.621799529,"data":"EDGE_TTA_ACTIVE views= 10 mean_abs_feat_delta= 0.363581\n"}
,{"stream_name":"stdout","time":663.621835356,"data":"EDGE_TTA_ACTIVE views= 10 mean_abs_feat_delta= 0.324127\n"}
,{"stream_name":"stdout","time":664.420437203,"data":"SECONDARY_EDGE_TTA_ACTIVE views= 8 weight= 0.75 mean_abs_feat_delta= 0.231415\n"}
,{"stream_name":"stdout","time":664.535533244,"data":"SECONDARY_EDGE_TTA_ACTIVE views= 8 weight= 0.75 mean_abs_feat_delta= 0.227525\n"}
,{"stream_name":"stdout","time":664.622702393,"data":"SECONDARY_EDGE_TTA_ACTIVE views= 8 weight= 0.75 mean_abs_feat_delta= 0.231415\n"}
,{"stream_name":"stdout","time":664.622734363,"data":"SECONDARY_EDGE_TTA_ACTIVE views= 8 weight= 0.75 mean_abs_feat_delta= 0.227525\n"}
,{"stream_name":"stdout","time":665.877834959,"data":"EDGE_TTA_ACTIVE views= 10 mean_abs_feat_delta= 0.36092\n"}
,{"stream_name":"stdout","time":666.080184653,"data":"EDGE_TTA_ACTIVE views= 10 mean_abs_feat_delta= 0.36092\n"}
,{"stream_name":"stdout","time":666.416317499,"data":"EDGE_TTA_ACTIVE views= 10 mean_abs_feat_delta= 0.325027\n"}
,{"stream_name":"stdout","time":666.619029957,"data":"EDGE_TTA_ACTIVE views= 10 mean_abs_feat_delta= 0.325027\n"}
,{"stream_name":"stdout","time":666.887202781,"data":"SECONDARY_EDGE_TTA_ACTIVE views= 8 weight= 0.75 mean_abs_feat_delta= 0.232042\n"}
,{"stream_name":"stdout","time":667.089339671,"data":"SECONDARY_EDGE_TTA_ACTIVE views= 8 weight= 0.75 mean_abs_feat_delta= 0.232042\n"}
,{"stream_name":"stdout","time":667.51331669,"data":"SECONDARY_EDGE_TTA_ACTIVE views= 8 weight= 0.75 mean_abs_feat_delta= 0.228923\n"}
,{"stream_name":"stdout","time":667.715839437,"data":"SECONDARY_EDGE_TTA_ACTIVE views= 8 weight= 0.75 mean_abs_feat_delta= 0.228923\n"}
,{"stream_name":"stdout","time":668.338898778,"data":"EDGE_TTA_ACTIVE views= 10 mean_abs_feat_delta= 0.355302\n"}
,{"stream_name":"stdout","time":668.541465161,"data":"EDGE_TTA_ACTIVE views= 10 mean_abs_feat_delta= 0.355302\n"}
,{"stream_name":"stdout","time":669.343816574,"data":"SECONDARY_EDGE_TTA_ACTIVE views= 8 weight= 0.75 mean_abs_feat_delta= 0.232766\n"}
,{"stream_name":"stdout","time":669.360930351,"data":"EDGE_TTA_ACTIVE views= 10 mean_abs_feat_delta= 0.328328\n"}
,{"stream_name":"stdout","time":669.546325002,"data":"SECONDARY_EDGE_TTA_ACTIVE views= 8 weight= 0.75 mean_abs_feat_delta= 0.232766\n"}
,{"stream_name":"stdout","time":669.546362037,"data":"EDGE_TTA_ACTIVE views= 10 mean_abs_feat_delta= 0.328328\n"}
,{"stream_name":"stdout","time":670.458818902,"data":"SECONDARY_EDGE_TTA_ACTIVE views= 8 weight= 0.75 mean_abs_feat_delta= 0.234703\n"}
,{"stream_name":"stdout","time":670.661373422,"data":"SECONDARY_EDGE_TTA_ACTIVE views= 8 weight= 0.75 mean_abs_feat_delta= 0.234703\n"}
,{"stream_name":"stdout","time":670.741467928,"data":"EDGE_TTA_ACTIVE views= 10 mean_abs_feat_delta= 0.346163\n"}
,{"stream_name":"stdout","time":670.944374683,"data":"EDGE_TTA_ACTIVE views= 10 mean_abs_feat_delta= 0.346163\n"}
,{"stream_name":"stdout","time":671.750708973,"data":"SECONDARY_EDGE_TTA_ACTIVE views= 8 weight= 0.75 mean_abs_feat_delta= 0.235979\n"}
,{"stream_name":"stdout","time":671.953141304,"data":"SECONDARY_EDGE_TTA_ACTIVE views= 8 weight= 0.75 mean_abs_feat_delta= 0.235979\n"}
,{"stream_name":"stdout","time":672.284064083,"data":"EDGE_TTA_ACTIVE views= 10 mean_abs_feat_delta= 0.32396\n"}
,{"stream_name":"stdout","time":672.486461473,"data":"EDGE_TTA_ACTIVE views= 10 mean_abs_feat_delta= 0.32396\n"}
,{"stream_name":"stdout","time":673.107695814,"data":"EDGE_TTA_ACTIVE views= 10 mean_abs_feat_delta= 0.331509\n"}
,{"stream_name":"stdout","time":673.309986481,"data":"EDGE_TTA_ACTIVE views= 10 mean_abs_feat_delta= 0.331509\n"}
,{"stream_name":"stdout","time":673.384339234,"data":"SECONDARY_EDGE_TTA_ACTIVE views= 8 weight= 0.75 mean_abs_feat_delta= 0.228868\n"}
,{"stream_name":"stdout","time":673.63072282,"data":"SECONDARY_EDGE_TTA_ACTIVE views= 8 weight= 0.75 mean_abs_feat_delta= 0.228868\n"}
,{"stream_name":"stdout","time":674.116242202,"data":"SECONDARY_EDGE_TTA_ACTIVE views= 8 weight= 0.75 mean_abs_feat_delta= 0.241376\n"}
,{"stream_name":"stdout","time":674.318807341,"data":"SECONDARY_EDGE_TTA_ACTIVE views= 8 weight= 0.75 mean_abs_feat_delta= 0.241376\n"}
,{"stream_name":"stdout","time":675.233445595,"data":"EDGE_TTA_ACTIVE views= 10 mean_abs_feat_delta= 0.326763\n"}
,{"stream_name":"stdout","time":675.435961442,"data":"EDGE_TTA_ACTIVE views= 10 mean_abs_feat_delta= 0.326763\n"}
,{"stream_name":"stdout","time":675.502931025,"data":"EDGE_TTA_ACTIVE views= 10 mean_abs_feat_delta= 0.340924\n"}
,{"stream_name":"stdout","time":675.70521561,"data":"EDGE_TTA_ACTIVE views= 10 mean_abs_feat_delta= 0.340924\n"}
,{"stream_name":"stdout","time":676.332298739,"data":"SECONDARY_EDGE_TTA_ACTIVE views= 8 weight= 0.75 mean_abs_feat_delta= 0.229406\n"}
,{"stream_name":"stdout","time":676.514879401,"data":"SECONDARY_EDGE_TTA_ACTIVE views= 8 weight= 0.75 mean_abs_feat_delta= 0.233304\n"}
,{"stream_name":"stdout","time":676.535016017,"data":"SECONDARY_EDGE_TTA_ACTIVE views= 8 weight= 0.75 mean_abs_feat_delta= 0.229406\n"}
,{"stream_name":"stdout","time":676.535040118,"data":"SECONDARY_EDGE_TTA_ACTIVE views= 8 weight= 0.75 mean_abs_feat_delta= 0.233304\n"}
,{"stream_name":"stdout","time":677.935849026,"data":"EDGE_TTA_ACTIVE views= 10 mean_abs_feat_delta= 0.347582\n"}
,{"stream_name":"stdout","time":678.120699342,"data":"EDGE_TTA_ACTIVE views= 10 mean_abs_feat_delta= 0.326839\n"}
,{"stream_name":"stdout","time":678.13847973,"data":"EDGE_TTA_ACTIVE views= 10 mean_abs_feat_delta= 0.347582\n"}
,{"stream_name":"stdout","time":678.138505375,"data":"EDGE_TTA_ACTIVE views= 10 mean_abs_feat_delta= 0.326839\n"}
,{"stream_name":"stdout","time":678.945566486,"data":"SECONDARY_EDGE_TTA_ACTIVE views= 8 weight= 0.75 mean_abs_feat_delta= 0.237349\n"}
,{"stream_name":"stdout","time":679.14816484,"data":"SECONDARY_EDGE_TTA_ACTIVE views= 8 weight= 0.75 mean_abs_feat_delta= 0.237349\n"}
,{"stream_name":"stdout","time":679.225095398,"data":"SECONDARY_EDGE_TTA_ACTIVE views= 8 weight= 0.75 mean_abs_feat_delta= 0.228734\n"}
,{"stream_name":"stdout","time":679.427787391,"data":"SECONDARY_EDGE_TTA_ACTIVE views= 8 weight= 0.75 mean_abs_feat_delta= 0.228734\n"}
,{"stream_name":"stdout","time":680.342154842,"data":"EDGE_TTA_ACTIVE views= 10 mean_abs_feat_delta= 0.346686\n"}
,{"stream_name":"stdout","time":680.544682881,"data":"EDGE_TTA_ACTIVE views= 10 mean_abs_feat_delta= 0.346686\n"}
,{"stream_name":"stdout","time":680.98673302,"data":"EDGE_TTA_ACTIVE views= 10 mean_abs_feat_delta= 0.319326\n"}
,{"stream_name":"stdout","time":681.18896132,"data":"EDGE_TTA_ACTIVE views= 10 mean_abs_feat_delta= 0.319326\n"}
,{"stream_name":"stdout","time":681.355312259,"data":"SECONDARY_EDGE_TTA_ACTIVE views= 8 weight= 0.75 mean_abs_feat_delta= 0.237192\n"}
,{"stream_name":"stdout","time":681.558106987,"data":"SECONDARY_EDGE_TTA_ACTIVE views= 8 weight= 0.75 mean_abs_feat_delta= 0.237192\n"}
,{"stream_name":"stdout","time":682.089440212,"data":"SECONDARY_EDGE_TTA_ACTIVE views= 8 weight= 0.75 mean_abs_feat_delta= 0.227258\n"}
,{"stream_name":"stdout","time":682.291963324,"data":"SECONDARY_EDGE_TTA_ACTIVE views= 8 weight= 0.75 mean_abs_feat_delta= 0.227258\n"}
,{"stream_name":"stdout","time":682.770609352,"data":"EDGE_TTA_ACTIVE views= 10 mean_abs_feat_delta= 0.349223\n"}
,{"stream_name":"stdout","time":682.972893635,"data":"EDGE_TTA_ACTIVE views= 10 mean_abs_feat_delta= 0.349223\n"}
,{"stream_name":"stdout","time":683.783904291,"data":"SECONDARY_EDGE_TTA_ACTIVE views= 8 weight= 0.75 mean_abs_feat_delta= 0.23579\n"}
,{"stream_name":"stdout","time":683.877199766,"data":"EDGE_TTA_ACTIVE views= 10 mean_abs_feat_delta= 0.320831\n"}
,{"stream_name":"stdout","time":683.986564521,"data":"SECONDARY_EDGE_TTA_ACTIVE views= 8 weight= 0.75 mean_abs_feat_delta= 0.23579\n"}
,{"stream_name":"stdout","time":683.986596975,"data":"EDGE_TTA_ACTIVE views= 10 mean_abs_feat_delta= 0.320831\n"}
,{"stream_name":"stdout","time":684.979766187,"data":"SECONDARY_EDGE_TTA_ACTIVE views= 8 weight= 0.75 mean_abs_feat_delta= 0.232919\n"}
,{"stream_name":"stdout","time":685.18233161,"data":"SECONDARY_EDGE_TTA_ACTIVE views= 8 weight= 0.75 mean_abs_feat_delta= 0.232919\n"}
,{"stream_name":"stdout","time":685.196213352,"data":"EDGE_TTA_ACTIVE views= 10 mean_abs_feat_delta= 0.340872\n"}
,{"stream_name":"stdout","time":685.39861807,"data":"EDGE_TTA_ACTIVE views= 10 mean_abs_feat_delta= 0.340872\n"}
,{"stream_name":"stdout","time":686.204781351,"data":"SECONDARY_EDGE_TTA_ACTIVE views= 8 weight= 0.75 mean_abs_feat_delta= 0.245733\n"}
,{"stream_name":"stdout","time":686.407383375,"data":"SECONDARY_EDGE_TTA_ACTIVE views= 8 weight= 0.75 mean_abs_feat_delta= 0.245733\n"}
,{"stream_name":"stdout","time":686.767168921,"data":"EDGE_TTA_ACTIVE views= 10 mean_abs_feat_delta= 0.324308\n"}
,{"stream_name":"stdout","time":686.969616119,"data":"EDGE_TTA_ACTIVE views= 10 mean_abs_feat_delta= 0.324308\n"}
,{"stream_name":"stdout","time":687.58777771,"data":"EDGE_TTA_ACTIVE views= 10 mean_abs_feat_delta= 0.358966\n"}
,{"stream_name":"stdout","time":687.790360549,"data":"EDGE_TTA_ACTIVE views= 10 mean_abs_feat_delta= 0.358966\n"}
,{"stream_name":"stdout","time":687.865948051,"data":"SECONDARY_EDGE_TTA_ACTIVE views= 8 weight= 0.75 mean_abs_feat_delta= 0.237762\n"}
,{"stream_name":"stdout","time":688.068381213,"data":"SECONDARY_EDGE_TTA_ACTIVE views= 8 weight= 0.75 mean_abs_feat_delta= 0.237762\n"}
,{"stream_name":"stdout","time":688.594949294,"data":"SECONDARY_EDGE_TTA_ACTIVE views= 8 weight= 0.75 mean_abs_feat_delta= 0.237609\n"}
,{"stream_name":"stdout","time":688.797571678,"data":"SECONDARY_EDGE_TTA_ACTIVE views= 8 weight= 0.75 mean_abs_feat_delta= 0.237609\n"}
,{"stream_name":"stdout","time":689.61573413,"data":"EDGE_TTA_ACTIVE views= 10 mean_abs_feat_delta= 0.32669\n"}
,{"stream_name":"stdout","time":689.818272481,"data":"EDGE_TTA_ACTIVE views= 10 mean_abs_feat_delta= 0.32669\n"}
,{"stream_name":"stdout","time":689.960359523,"data":"EDGE_TTA_ACTIVE views= 10 mean_abs_feat_delta= 0.355674\n"}
,{"stream_name":"stdout","time":690.16301767,"data":"EDGE_TTA_ACTIVE views= 10 mean_abs_feat_delta= 0.355674\n"}
,{"stream_name":"stdout","time":690.713220005,"data":"SECONDARY_EDGE_TTA_ACTIVE views= 8 weight= 0.75 mean_abs_feat_delta= 0.238631\n"}
,{"stream_name":"stdout","time":690.915300242,"data":"SECONDARY_EDGE_TTA_ACTIVE views= 8 weight= 0.75 mean_abs_feat_delta= 0.238631\n"}
,{"stream_name":"stdout","time":690.971951458,"data":"SECONDARY_EDGE_TTA_ACTIVE views= 8 weight= 0.75 mean_abs_feat_delta= 0.24975\n"}
,{"stream_name":"stdout","time":691.174396617,"data":"SECONDARY_EDGE_TTA_ACTIVE views= 8 weight= 0.75 mean_abs_feat_delta= 0.24975\n"}
,{"stream_name":"stdout","time":692.372769993,"data":"EDGE_TTA_ACTIVE views= 10 mean_abs_feat_delta= 0.360707\n"}
,{"stream_name":"stdout","time":692.538646992,"data":"EDGE_TTA_ACTIVE views= 10 mean_abs_feat_delta= 0.331915\n"}
,{"stream_name":"stdout","time":692.575205645,"data":"EDGE_TTA_ACTIVE views= 10 mean_abs_feat_delta= 0.360707\n"}
,{"stream_name":"stdout","time":692.575242518,"data":"EDGE_TTA_ACTIVE views= 10 mean_abs_feat_delta= 0.331915\n"}
,{"stream_name":"stdout","time":693.381650348,"data":"SECONDARY_EDGE_TTA_ACTIVE views= 8 weight= 0.75 mean_abs_feat_delta= 0.23735\n"}
,{"stream_name":"stdout","time":693.584488909,"data":"SECONDARY_EDGE_TTA_ACTIVE views= 8 weight= 0.75 mean_abs_feat_delta= 0.23735\n"}
,{"stream_name":"stdout","time":693.634196935,"data":"SECONDARY_EDGE_TTA_ACTIVE views= 8 weight= 0.75 mean_abs_feat_delta= 0.236776\n"}
,{"stream_name":"stdout","time":693.836790757,"data":"SECONDARY_EDGE_TTA_ACTIVE views= 8 weight= 0.75 mean_abs_feat_delta= 0.236776\n"}
,{"stream_name":"stdout","time":694.766496876,"data":"EDGE_TTA_ACTIVE views= 10 mean_abs_feat_delta= 0.354028\n"}
,{"stream_name":"stdout","time":694.969053414,"data":"EDGE_TTA_ACTIVE views= 10 mean_abs_feat_delta= 0.354028\n"}
,{"stream_name":"stdout","time":695.397379546,"data":"EDGE_TTA_ACTIVE views= 10 mean_abs_feat_delta= 0.328024\n"}
,{"stream_name":"stdout","time":695.600110627,"data":"EDGE_TTA_ACTIVE views= 10 mean_abs_feat_delta= 0.328024\n"}
,{"stream_name":"stdout","time":695.772591299,"data":"SECONDARY_EDGE_TTA_ACTIVE views= 8 weight= 0.75 mean_abs_feat_delta= 0.239857\n"}
,{"stream_name":"stdout","time":695.975150967,"data":"SECONDARY_EDGE_TTA_ACTIVE views= 8 weight= 0.75 mean_abs_feat_delta= 0.239857\n"}
,{"stream_name":"stdout","time":696.490664599,"data":"SECONDARY_EDGE_TTA_ACTIVE views= 8 weight= 0.75 mean_abs_feat_delta= 0.233805\n"}
,{"stream_name":"stdout","time":696.693329064,"data":"SECONDARY_EDGE_TTA_ACTIVE views= 8 weight= 0.75 mean_abs_feat_delta= 0.233805\n"}
,{"stream_name":"stdout","time":697.191408977,"data":"EDGE_TTA_ACTIVE views= 10 mean_abs_feat_delta= 0.34048\n"}
,{"stream_name":"stdout","time":697.394158488,"data":"EDGE_TTA_ACTIVE views= 10 mean_abs_feat_delta= 0.34048\n"}
,{"stream_name":"stdout","time":698.202575856,"data":"SECONDARY_EDGE_TTA_ACTIVE views= 8 weight= 0.75 mean_abs_feat_delta= 0.246472\n"}
,{"stream_name":"stdout","time":698.264426454,"data":"EDGE_TTA_ACTIVE views= 10 mean_abs_feat_delta= 0.329025\n"}
,{"stream_name":"stdout","time":698.405195142,"data":"SECONDARY_EDGE_TTA_ACTIVE views= 8 weight= 0.75 mean_abs_feat_delta= 0.246472\n"}
,{"stream_name":"stdout","time":698.405231262,"data":"EDGE_TTA_ACTIVE views= 10 mean_abs_feat_delta= 0.329025\n"}
,{"stream_name":"stdout","time":699.35900668,"data":"SECONDARY_EDGE_TTA_ACTIVE views= 8 weight= 0.75 mean_abs_feat_delta= 0.2393\n"}
,{"stream_name":"stdout","time":699.54285082,"data":"EDGE_TTA_ACTIVE views= 10 mean_abs_feat_delta= 0.352084\n"}
,{"stream_name":"stdout","time":699.56175401,"data":"SECONDARY_EDGE_TTA_ACTIVE views= 8 weight= 0.75 mean_abs_feat_delta= 0.2393\n"}
,{"stream_name":"stdout","time":699.561789408,"data":"EDGE_TTA_ACTIVE views= 10 mean_abs_feat_delta= 0.352084\n"}
,{"stream_name":"stdout","time":700.548205172,"data":"SECONDARY_EDGE_TTA_ACTIVE views= 8 weight= 0.75 mean_abs_feat_delta= 0.23837\n"}
,{"stream_name":"stdout","time":700.750739497,"data":"SECONDARY_EDGE_TTA_ACTIVE views= 8 weight= 0.75 mean_abs_feat_delta= 0.23837\n"}
,{"stream_name":"stdout","time":701.199112722,"data":"EDGE_TTA_ACTIVE views= 10 mean_abs_feat_delta= 0.327615\n"}
,{"stream_name":"stdout","time":701.402021258,"data":"EDGE_TTA_ACTIVE views= 10 mean_abs_feat_delta= 0.327615\n"}
,{"stream_name":"stdout","time":701.933665604,"data":"EDGE_TTA_ACTIVE views= 10 mean_abs_feat_delta= 0.347989\n"}
,{"stream_name":"stdout","time":702.13624013,"data":"EDGE_TTA_ACTIVE views= 10 mean_abs_feat_delta= 0.347989\n"}
,{"stream_name":"stdout","time":702.291652882,"data":"SECONDARY_EDGE_TTA_ACTIVE views= 8 weight= 0.75 mean_abs_feat_delta= 0.241418\n"}
,{"stream_name":"stdout","time":702.494398981,"data":"SECONDARY_EDGE_TTA_ACTIVE views= 8 weight= 0.75 mean_abs_feat_delta= 0.241418\n"}
,{"stream_name":"stdout","time":702.940070629,"data":"SECONDARY_EDGE_TTA_ACTIVE views= 8 weight= 0.75 mean_abs_feat_delta= 0.23794\n"}
,{"stream_name":"stdout","time":703.142470734,"data":"SECONDARY_EDGE_TTA_ACTIVE views= 8 weight= 0.75 mean_abs_feat_delta= 0.23794\n"}
,{"stream_name":"stdout","time":704.071325817,"data":"EDGE_TTA_ACTIVE views= 10 mean_abs_feat_delta= 0.325243\n"}
,{"stream_name":"stdout","time":704.321183344,"data":"EDGE_TTA_ACTIVE views= 10 mean_abs_feat_delta= 0.325243\n"}
,{"stream_name":"stdout","time":704.359811447,"data":"EDGE_TTA_ACTIVE views= 10 mean_abs_feat_delta= 0.349774\n"}
,{"stream_name":"stdout","time":704.562582684,"data":"EDGE_TTA_ACTIVE views= 10 mean_abs_feat_delta= 0.349774\n"}
,{"stream_name":"stdout","time":705.160343724,"data":"SECONDARY_EDGE_TTA_ACTIVE views= 8 weight= 0.75 mean_abs_feat_delta= 0.240548\n"}
,{"stream_name":"stdout","time":705.358193098,"data":"SECONDARY_EDGE_TTA_ACTIVE views= 8 weight= 0.75 mean_abs_feat_delta= 0.237401\n"}
,{"stream_name":"stdout","time":705.362708253,"data":"SECONDARY_EDGE_TTA_ACTIVE views= 8 weight= 0.75 mean_abs_feat_delta= 0.240548\n"}
,{"stream_name":"stdout","time":705.362730143,"data":"SECONDARY_EDGE_TTA_ACTIVE views= 8 weight= 0.75 mean_abs_feat_delta= 0.237401\n"}
,{"stream_name":"stdout","time":706.770904121,"data":"EDGE_TTA_ACTIVE views= 10 mean_abs_feat_delta= 0.334972\n"}
,{"stream_name":"stdout","time":706.973124096,"data":"EDGE_TTA_ACTIVE views= 10 mean_abs_feat_delta= 0.334972\n"}
,{"stream_name":"stdout","time":706.99307264,"data":"EDGE_TTA_ACTIVE views= 10 mean_abs_feat_delta= 0.325567\n"}
,{"stream_name":"stdout","time":707.195617491,"data":"EDGE_TTA_ACTIVE views= 10 mean_abs_feat_delta= 0.325567\n"}
,{"stream_name":"stdout","time":707.769477419,"data":"SECONDARY_EDGE_TTA_ACTIVE views= 8 weight= 0.75 mean_abs_feat_delta= 0.245673\n"}
,{"stream_name":"stdout","time":707.971948702,"data":"SECONDARY_EDGE_TTA_ACTIVE views= 8 weight= 0.75 mean_abs_feat_delta= 0.245673\n"}
,{"stream_name":"stdout","time":708.083342318,"data":"SECONDARY_EDGE_TTA_ACTIVE views= 8 weight= 0.75 mean_abs_feat_delta= 0.239217\n"}
,{"stream_name":"stdout","time":708.285955952,"data":"SECONDARY_EDGE_TTA_ACTIVE views= 8 weight= 0.75 mean_abs_feat_delta= 0.239217\n"}
,{"stream_name":"stdout","time":709.155173038,"data":"EDGE_TTA_ACTIVE views= 10 mean_abs_feat_delta= 0.351497\n"}
,{"stream_name":"stdout","time":709.357604551,"data":"EDGE_TTA_ACTIVE views= 10 mean_abs_feat_delta= 0.351497\n"}
,{"stream_name":"stdout","time":709.827298223,"data":"EDGE_TTA_ACTIVE views= 10 mean_abs_feat_delta= 0.324765\n"}
,{"stream_name":"stdout","time":710.030163189,"data":"EDGE_TTA_ACTIVE views= 10 mean_abs_feat_delta= 0.324765\n"}
,{"stream_name":"stdout","time":710.156170941,"data":"SECONDARY_EDGE_TTA_ACTIVE views= 8 weight= 0.75 mean_abs_feat_delta= 0.235875\n"}
,{"stream_name":"stdout","time":710.358745405,"data":"SECONDARY_EDGE_TTA_ACTIVE views= 8 weight= 0.75 mean_abs_feat_delta= 0.235875\n"}
,{"stream_name":"stdout","time":710.913082616,"data":"SECONDARY_EDGE_TTA_ACTIVE views= 8 weight= 0.75 mean_abs_feat_delta= 0.238117\n"}
,{"stream_name":"stdout","time":711.116806951,"data":"SECONDARY_EDGE_TTA_ACTIVE views= 8 weight= 0.75 mean_abs_feat_delta= 0.238117\n"}
,{"stream_name":"stdout","time":711.592053151,"data":"EDGE_TTA_ACTIVE views= 10 mean_abs_feat_delta= 0.356089\n"}
,{"stream_name":"stdout","time":711.794767525,"data":"EDGE_TTA_ACTIVE views= 10 mean_abs_feat_delta= 0.356089\n"}
,{"stream_name":"stdout","time":712.588729839,"data":"SECONDARY_EDGE_TTA_ACTIVE views= 8 weight= 0.75 mean_abs_feat_delta= 0.241531\n"}
,{"stream_name":"stdout","time":712.777294975,"data":"EDGE_TTA_ACTIVE views= 10 mean_abs_feat_delta= 0.326157\n"}
,{"stream_name":"stdout","time":712.791393655,"data":"SECONDARY_EDGE_TTA_ACTIVE views= 8 weight= 0.75 mean_abs_feat_delta= 0.241531\n"}
,{"stream_name":"stdout","time":712.791416399,"data":"EDGE_TTA_ACTIVE views= 10 mean_abs_feat_delta= 0.326157\n"}
,{"stream_name":"stdout","time":713.866014227,"data":"SECONDARY_EDGE_TTA_ACTIVE views= 8 weight= 0.75 mean_abs_feat_delta= 0.241111\n"}
,{"stream_name":"stdout","time":713.928317774,"data":"EDGE_TTA_ACTIVE views= 10 mean_abs_feat_delta= 0.35637\n"}
,{"stream_name":"stdout","time":714.068725882,"data":"SECONDARY_EDGE_TTA_ACTIVE views= 8 weight= 0.75 mean_abs_feat_delta= 0.241111\n"}
,{"stream_name":"stdout","time":714.0687597,"data":"EDGE_TTA_ACTIVE views= 10 mean_abs_feat_delta= 0.35637\n"}
,{"stream_name":"stdout","time":714.930136578,"data":"SECONDARY_EDGE_TTA_ACTIVE views= 8 weight= 0.75 mean_abs_feat_delta= 0.238654\n"}
,{"stream_name":"stdout","time":715.132107183,"data":"SECONDARY_EDGE_TTA_ACTIVE views= 8 weight= 0.75 mean_abs_feat_delta= 0.238654\n"}
,{"stream_name":"stdout","time":715.614617116,"data":"EDGE_TTA_ACTIVE views= 10 mean_abs_feat_delta= 0.322649\n"}
,{"stream_name":"stdout","time":715.817335435,"data":"EDGE_TTA_ACTIVE views= 10 mean_abs_feat_delta= 0.322649\n"}
,{"stream_name":"stdout","time":716.373799612,"data":"EDGE_TTA_ACTIVE views= 10 mean_abs_feat_delta= 0.352802\n"}
,{"stream_name":"stdout","time":716.576456636,"data":"EDGE_TTA_ACTIVE views= 10 mean_abs_feat_delta= 0.352802\n"}
,{"stream_name":"stdout","time":716.698155418,"data":"SECONDARY_EDGE_TTA_ACTIVE views= 8 weight= 0.75 mean_abs_feat_delta= 0.233408\n"}
,{"stream_name":"stdout","time":716.900862771,"data":"SECONDARY_EDGE_TTA_ACTIVE views= 8 weight= 0.75 mean_abs_feat_delta= 0.233408\n"}
,{"stream_name":"stdout","time":717.372016158,"data":"SECONDARY_EDGE_TTA_ACTIVE views= 8 weight= 0.75 mean_abs_feat_delta= 0.235897\n"}
,{"stream_name":"stdout","time":717.57476717,"data":"SECONDARY_EDGE_TTA_ACTIVE views= 8 weight= 0.75 mean_abs_feat_delta= 0.235897\n"}
,{"stream_name":"stdout","time":718.455458375,"data":"EDGE_TTA_ACTIVE views= 10 mean_abs_feat_delta= 0.322826\n"}
,{"stream_name":"stdout","time":718.658118634,"data":"EDGE_TTA_ACTIVE views= 10 mean_abs_feat_delta= 0.322826\n"}
,{"stream_name":"stdout","time":718.725387808,"data":"EDGE_TTA_ACTIVE views= 10 mean_abs_feat_delta= 0.35378\n"}
,{"stream_name":"stdout","time":718.927967312,"data":"EDGE_TTA_ACTIVE views= 10 mean_abs_feat_delta= 0.35378\n"}
,{"stream_name":"stdout","time":719.540044058,"data":"SECONDARY_EDGE_TTA_ACTIVE views= 8 weight= 0.75 mean_abs_feat_delta= 0.236893\n"}
,{"stream_name":"stdout","time":719.723660605,"data":"SECONDARY_EDGE_TTA_ACTIVE views= 8 weight= 0.75 mean_abs_feat_delta= 0.232787\n"}
,{"stream_name":"stdout","time":719.742818517,"data":"SECONDARY_EDGE_TTA_ACTIVE views= 8 weight= 0.75 mean_abs_feat_delta= 0.236893\n"}
,{"stream_name":"stdout","time":719.742845689,"data":"SECONDARY_EDGE_TTA_ACTIVE views= 8 weight= 0.75 mean_abs_feat_delta= 0.232787\n"}
,{"stream_name":"stdout","time":721.102764962,"data":"EDGE_TTA_ACTIVE views= 10 mean_abs_feat_delta= 0.356135\n"}
,{"stream_name":"stdout","time":721.240252854,"data":"EDGE_TTA_ACTIVE views= 10 mean_abs_feat_delta= 0.323802\n"}
,{"stream_name":"stdout","time":721.306714151,"data":"EDGE_TTA_ACTIVE views= 10 mean_abs_feat_delta= 0.356135\n"}
,{"stream_name":"stdout","time":721.306746451,"data":"EDGE_TTA_ACTIVE views= 10 mean_abs_feat_delta= 0.323802\n"}
,{"stream_name":"stdout","time":722.101201695,"data":"SECONDARY_EDGE_TTA_ACTIVE views= 8 weight= 0.75 mean_abs_feat_delta= 0.235419\n"}
,{"stream_name":"stdout","time":722.303837651,"data":"SECONDARY_EDGE_TTA_ACTIVE views= 8 weight= 0.75 mean_abs_feat_delta= 0.235419\n"}
,{"stream_name":"stdout","time":722.324268204,"data":"SECONDARY_EDGE_TTA_ACTIVE views= 8 weight= 0.75 mean_abs_feat_delta= 0.244446\n"}
,{"stream_name":"stdout","time":722.526902552,"data":"SECONDARY_EDGE_TTA_ACTIVE views= 8 weight= 0.75 mean_abs_feat_delta= 0.244446\n"}
,{"stream_name":"stdout","time":723.426600354,"data":"EDGE_TTA_ACTIVE views= 10 mean_abs_feat_delta= 0.35435\n"}
,{"stream_name":"stdout","time":723.629459134,"data":"EDGE_TTA_ACTIVE views= 10 mean_abs_feat_delta= 0.35435\n"}
,{"stream_name":"stdout","time":724.064908558,"data":"EDGE_TTA_ACTIVE views= 10 mean_abs_feat_delta= 0.324162\n"}
,{"stream_name":"stdout","time":724.26731628,"data":"EDGE_TTA_ACTIVE views= 10 mean_abs_feat_delta= 0.324162\n"}
,{"stream_name":"stdout","time":724.426436975,"data":"SECONDARY_EDGE_TTA_ACTIVE views= 8 weight= 0.75 mean_abs_feat_delta= 0.232021\n"}
,{"stream_name":"stdout","time":724.629209616,"data":"SECONDARY_EDGE_TTA_ACTIVE views= 8 weight= 0.75 mean_abs_feat_delta= 0.232021\n"}
,{"stream_name":"stdout","time":725.148924281,"data":"SECONDARY_EDGE_TTA_ACTIVE views= 8 weight= 0.75 mean_abs_feat_delta= 0.249633\n"}
,{"stream_name":"stdout","time":725.351384948,"data":"SECONDARY_EDGE_TTA_ACTIVE views= 8 weight= 0.75 mean_abs_feat_delta= 0.249633\n"}
,{"stream_name":"stdout","time":725.806913705,"data":"EDGE_TTA_ACTIVE views= 10 mean_abs_feat_delta= 0.360518\n"}
,{"stream_name":"stdout","time":726.009716366,"data":"EDGE_TTA_ACTIVE views= 10 mean_abs_feat_delta= 0.360518\n"}
,{"stream_name":"stdout","time":726.808777973,"data":"SECONDARY_EDGE_TTA_ACTIVE views= 8 weight= 0.75 mean_abs_feat_delta= 0.235438\n"}
,{"stream_name":"stdout","time":726.892997727,"data":"EDGE_TTA_ACTIVE views= 10 mean_abs_feat_delta= 0.325109\n"}
,{"stream_name":"stdout","time":727.011496058,"data":"SECONDARY_EDGE_TTA_ACTIVE views= 8 weight= 0.75 mean_abs_feat_delta= 0.235438\n"}
,{"stream_name":"stdout","time":727.011576974,"data":"EDGE_TTA_ACTIVE views= 10 mean_abs_feat_delta= 0.325109\n"}
,{"stream_name":"stdout","time":727.978802417,"data":"SECONDARY_EDGE_TTA_ACTIVE views= 8 weight= 0.75 mean_abs_feat_delta= 0.246702\n"}
,{"stream_name":"stdout","time":728.181442789,"data":"SECONDARY_EDGE_TTA_ACTIVE views= 8 weight= 0.75 mean_abs_feat_delta= 0.246702\n"}
,{"stream_name":"stdout","time":728.222332154,"data":"EDGE_TTA_ACTIVE views= 10 mean_abs_feat_delta= 0.363443\n"}
,{"stream_name":"stdout","time":728.424670978,"data":"EDGE_TTA_ACTIVE views= 10 mean_abs_feat_delta= 0.363443\n"}
,{"stream_name":"stdout","time":729.225324263,"data":"SECONDARY_EDGE_TTA_ACTIVE views= 8 weight= 0.75 mean_abs_feat_delta= 0.238512\n"}
,{"stream_name":"stdout","time":729.428062968,"data":"SECONDARY_EDGE_TTA_ACTIVE views= 8 weight= 0.75 mean_abs_feat_delta= 0.238512\n"}
,{"stream_name":"stdout","time":729.727909323,"data":"EDGE_TTA_ACTIVE views= 10 mean_abs_feat_delta= 0.326699\n"}
,{"stream_name":"stdout","time":729.930396753,"data":"EDGE_TTA_ACTIVE views= 10 mean_abs_feat_delta= 0.326699\n"}
,{"stream_name":"stdout","time":730.572798172,"data":"EDGE_TTA_ACTIVE views= 10 mean_abs_feat_delta= 0.347792\n"}
,{"stream_name":"stdout","time":730.775445571,"data":"EDGE_TTA_ACTIVE views= 10 mean_abs_feat_delta= 0.347792\n"}
,{"stream_name":"stdout","time":730.811062423,"data":"SECONDARY_EDGE_TTA_ACTIVE views= 8 weight= 0.75 mean_abs_feat_delta= 0.239557\n"}
,{"stream_name":"stdout","time":731.013660113,"data":"SECONDARY_EDGE_TTA_ACTIVE views= 8 weight= 0.75 mean_abs_feat_delta= 0.239557\n"}
,{"stream_name":"stdout","time":731.577964439,"data":"SECONDARY_EDGE_TTA_ACTIVE views= 8 weight= 0.75 mean_abs_feat_delta= 0.246384\n"}
,{"stream_name":"stdout","time":731.781292439,"data":"SECONDARY_EDGE_TTA_ACTIVE views= 8 weight= 0.75 mean_abs_feat_delta= 0.246384\n"}
,{"stream_name":"stdout","time":732.548250507,"data":"EDGE_TTA_ACTIVE views= 10 mean_abs_feat_delta= 0.334673\n"}
,{"stream_name":"stdout","time":732.750935799,"data":"EDGE_TTA_ACTIVE views= 10 mean_abs_feat_delta= 0.334673\n"}
,{"stream_name":"stdout","time":732.950088893,"data":"EDGE_TTA_ACTIVE views= 10 mean_abs_feat_delta= 0.360021\n"}
,{"stream_name":"stdout","time":733.152761883,"data":"EDGE_TTA_ACTIVE views= 10 mean_abs_feat_delta= 0.360021\n"}
,{"stream_name":"stdout","time":733.63632786,"data":"SECONDARY_EDGE_TTA_ACTIVE views= 8 weight= 0.75 mean_abs_feat_delta= 0.238104\n"}
,{"stream_name":"stdout","time":733.839091634,"data":"SECONDARY_EDGE_TTA_ACTIVE views= 8 weight= 0.75 mean_abs_feat_delta= 0.238104\n"}
,{"stream_name":"stdout","time":733.95392129,"data":"SECONDARY_EDGE_TTA_ACTIVE views= 8 weight= 0.75 mean_abs_feat_delta= 0.234938\n"}
,{"stream_name":"stdout","time":734.156564488,"data":"SECONDARY_EDGE_TTA_ACTIVE views= 8 weight= 0.75 mean_abs_feat_delta= 0.234938\n"}
,{"stream_name":"stdout","time":735.283632262,"data":"EDGE_TTA_ACTIVE views= 10 mean_abs_feat_delta= 0.357839\n"}
,{"stream_name":"stdout","time":735.432192529,"data":"EDGE_TTA_ACTIVE views= 10 mean_abs_feat_delta= 0.333342\n"}
,{"stream_name":"stdout","time":735.53622541,"data":"EDGE_TTA_ACTIVE views= 10 mean_abs_feat_delta= 0.357839\n"}
,{"stream_name":"stdout","time":735.536254186,"data":"EDGE_TTA_ACTIVE views= 10 mean_abs_feat_delta= 0.333342\n"}
,{"stream_name":"stdout","time":736.286008686,"data":"SECONDARY_EDGE_TTA_ACTIVE views= 8 weight= 0.75 mean_abs_feat_delta= 0.237752\n"}
,{"stream_name":"stdout","time":736.489700383,"data":"SECONDARY_EDGE_TTA_ACTIVE views= 8 weight= 0.75 mean_abs_feat_delta= 0.237752\n"}
,{"stream_name":"stdout","time":736.520028713,"data":"SECONDARY_EDGE_TTA_ACTIVE views= 8 weight= 0.75 mean_abs_feat_delta= 0.239919\n"}
,{"stream_name":"stdout","time":736.722702645,"data":"SECONDARY_EDGE_TTA_ACTIVE views= 8 weight= 0.75 mean_abs_feat_delta= 0.239919\n"}
,{"stream_name":"stdout","time":737.707437353,"data":"EDGE_TTA_ACTIVE views= 10 mean_abs_feat_delta= 0.355093\n"}
,{"stream_name":"stdout","time":737.909963038,"data":"EDGE_TTA_ACTIVE views= 10 mean_abs_feat_delta= 0.355093\n"}
,{"stream_name":"stdout","time":738.272552357,"data":"EDGE_TTA_ACTIVE views= 10 mean_abs_feat_delta= 0.332673\n"}
,{"stream_name":"stdout","time":738.475223061,"data":"EDGE_TTA_ACTIVE views= 10 mean_abs_feat_delta= 0.332673\n"}
,{"stream_name":"stdout","time":738.705376417,"data":"SECONDARY_EDGE_TTA_ACTIVE views= 8 weight= 0.75 mean_abs_feat_delta= 0.23573\n"}
,{"stream_name":"stdout","time":738.907814906,"data":"SECONDARY_EDGE_TTA_ACTIVE views= 8 weight= 0.75 mean_abs_feat_delta= 0.23573\n"}
,{"stream_name":"stdout","time":739.357866349,"data":"SECONDARY_EDGE_TTA_ACTIVE views= 8 weight= 0.75 mean_abs_feat_delta= 0.238456\n"}
,{"stream_name":"stdout","time":739.560530116,"data":"SECONDARY_EDGE_TTA_ACTIVE views= 8 weight= 0.75 mean_abs_feat_delta= 0.238456\n"}
,{"stream_name":"stdout","time":740.06389023,"data":"EDGE_TTA_ACTIVE views= 10 mean_abs_feat_delta= 0.357941\n"}
,{"stream_name":"stdout","time":740.266733287,"data":"EDGE_TTA_ACTIVE views= 10 mean_abs_feat_delta= 0.357941\n"}
,{"stream_name":"stdout","time":741.068767243,"data":"EDGE_TTA_ACTIVE views= 10 mean_abs_feat_delta= 0.340696\n"}
,{"stream_name":"stdout","time":741.07230775,"data":"SECONDARY_EDGE_TTA_ACTIVE views= 8 weight= 0.75 mean_abs_feat_delta= 0.235636\n"}
,{"stream_name":"stdout","time":741.271784114,"data":"EDGE_TTA_ACTIVE views= 10 mean_abs_feat_delta= 0.340696\n"}
,{"stream_name":"stdout","time":741.271856981,"data":"SECONDARY_EDGE_TTA_ACTIVE views= 8 weight= 0.75 mean_abs_feat_delta= 0.235636\n"}
,{"stream_name":"stdout","time":742.157489679,"data":"SECONDARY_EDGE_TTA_ACTIVE views= 8 weight= 0.75 mean_abs_feat_delta= 0.237938\n"}
,{"stream_name":"stdout","time":742.359927377,"data":"SECONDARY_EDGE_TTA_ACTIVE views= 8 weight= 0.75 mean_abs_feat_delta= 0.237938\n"}
,{"stream_name":"stdout","time":742.479253012,"data":"EDGE_TTA_ACTIVE views= 10 mean_abs_feat_delta= 0.353779\n"}
,{"stream_name":"stdout","time":742.681938516,"data":"EDGE_TTA_ACTIVE views= 10 mean_abs_feat_delta= 0.353779\n"}
,{"stream_name":"stdout","time":743.485733478,"data":"SECONDARY_EDGE_TTA_ACTIVE views= 8 weight= 0.75 mean_abs_feat_delta= 0.23299\n"}
,{"stream_name":"stdout","time":743.688493007,"data":"SECONDARY_EDGE_TTA_ACTIVE views= 8 weight= 0.75 mean_abs_feat_delta= 0.23299\n"}
,{"stream_name":"stdout","time":743.935267191,"data":"EDGE_TTA_ACTIVE views= 10 mean_abs_feat_delta= 0.339871\n"}
,{"stream_name":"stdout","time":744.138039659,"data":"EDGE_TTA_ACTIVE views= 10 mean_abs_feat_delta= 0.339871\n"}
,{"stream_name":"stdout","time":744.87074225,"data":"EDGE_TTA_ACTIVE views= 10 mean_abs_feat_delta= 0.353794\n"}
,{"stream_name":"stdout","time":745.02771595,"data":"SECONDARY_EDGE_TTA_ACTIVE views= 8 weight= 0.75 mean_abs_feat_delta= 0.242027\n"}
,{"stream_name":"stdout","time":745.07331975,"data":"EDGE_TTA_ACTIVE views= 10 mean_abs_feat_delta= 0.353794\n"}
,{"stream_name":"stdout","time":745.073393036,"data":"SECONDARY_EDGE_TTA_ACTIVE views= 8 weight= 0.75 mean_abs_feat_delta= 0.242027\n"}
,{"stream_name":"stdout","time":745.877750611,"data":"SECONDARY_EDGE_TTA_ACTIVE views= 8 weight= 0.75 mean_abs_feat_delta= 0.232458\n"}
,{"stream_name":"stdout","time":746.080685151,"data":"SECONDARY_EDGE_TTA_ACTIVE views= 8 weight= 0.75 mean_abs_feat_delta= 0.232458\n"}
,{"stream_name":"stdout","time":746.734737951,"data":"EDGE_TTA_ACTIVE views= 10 mean_abs_feat_delta= 0.336599\n"}
,{"stream_name":"stdout","time":746.937150703,"data":"EDGE_TTA_ACTIVE views= 10 mean_abs_feat_delta= 0.336599\n"}
,{"stream_name":"stdout","time":747.230928553,"data":"EDGE_TTA_ACTIVE views= 10 mean_abs_feat_delta= 0.355372\n"}
,{"stream_name":"stdout","time":747.433634929,"data":"EDGE_TTA_ACTIVE views= 10 mean_abs_feat_delta= 0.355372\n"}
,{"stream_name":"stdout","time":747.829070879,"data":"SECONDARY_EDGE_TTA_ACTIVE views= 8 weight= 0.75 mean_abs_feat_delta= 0.244117\n"}
,{"stream_name":"stdout","time":748.031419142,"data":"SECONDARY_EDGE_TTA_ACTIVE views= 8 weight= 0.75 mean_abs_feat_delta= 0.244117\n"}
,{"stream_name":"stdout","time":748.237448033,"data":"SECONDARY_EDGE_TTA_ACTIVE views= 8 weight= 0.75 mean_abs_feat_delta= 0.232166\n"}
,{"stream_name":"stdout","time":748.439751804,"data":"SECONDARY_EDGE_TTA_ACTIVE views= 8 weight= 0.75 mean_abs_feat_delta= 0.232166\n"}
,{"stream_name":"stdout","time":749.562924252,"data":"EDGE_TTA_ACTIVE views= 10 mean_abs_feat_delta= 0.348763\n"}
,{"stream_name":"stdout","time":749.577097637,"data":"EDGE_TTA_ACTIVE views= 10 mean_abs_feat_delta= 0.337248\n"}
,{"stream_name":"stdout","time":749.766068483,"data":"EDGE_TTA_ACTIVE views= 10 mean_abs_feat_delta= 0.348763\n"}
,{"stream_name":"stdout","time":749.766106307,"data":"EDGE_TTA_ACTIVE views= 10 mean_abs_feat_delta= 0.337248\n"}
,{"stream_name":"stdout","time":750.568022305,"data":"SECONDARY_EDGE_TTA_ACTIVE views= 8 weight= 0.75 mean_abs_feat_delta= 0.232609\n"}
,{"stream_name":"stdout","time":750.670116647,"data":"SECONDARY_EDGE_TTA_ACTIVE views= 8 weight= 0.75 mean_abs_feat_delta= 0.243325\n"}
,{"stream_name":"stdout","time":750.77121027,"data":"SECONDARY_EDGE_TTA_ACTIVE views= 8 weight= 0.75 mean_abs_feat_delta= 0.232609\n"}
,{"stream_name":"stdout","time":750.771256137,"data":"SECONDARY_EDGE_TTA_ACTIVE views= 8 weight= 0.75 mean_abs_feat_delta= 0.243325\n"}
,{"stream_name":"stdout","time":751.98867215,"data":"EDGE_TTA_ACTIVE views= 10 mean_abs_feat_delta= 0.34842\n"}
,{"stream_name":"stdout","time":752.191120343,"data":"EDGE_TTA_ACTIVE views= 10 mean_abs_feat_delta= 0.34842\n"}
,{"stream_name":"stdout","time":752.467028798,"data":"EDGE_TTA_ACTIVE views= 10 mean_abs_feat_delta= 0.337822\n"}
,{"stream_name":"stdout","time":752.66958537,"data":"EDGE_TTA_ACTIVE views= 10 mean_abs_feat_delta= 0.337822\n"}
,{"stream_name":"stdout","time":752.995549374,"data":"SECONDARY_EDGE_TTA_ACTIVE views= 8 weight= 0.75 mean_abs_feat_delta= 0.232939\n"}
,{"stream_name":"stdout","time":753.198513468,"data":"SECONDARY_EDGE_TTA_ACTIVE views= 8 weight= 0.75 mean_abs_feat_delta= 0.232939\n"}
,{"stream_name":"stdout","time":753.560259492,"data":"SECONDARY_EDGE_TTA_ACTIVE views= 8 weight= 0.75 mean_abs_feat_delta= 0.244042\n"}
,{"stream_name":"stdout","time":753.762990718,"data":"SECONDARY_EDGE_TTA_ACTIVE views= 8 weight= 0.75 mean_abs_feat_delta= 0.244042\n"}
,{"stream_name":"stdout","time":754.419901878,"data":"EDGE_TTA_ACTIVE views= 10 mean_abs_feat_delta= 0.352112\n"}
,{"stream_name":"stdout","time":754.622389728,"data":"EDGE_TTA_ACTIVE views= 10 mean_abs_feat_delta= 0.352112\n"}
,{"stream_name":"stdout","time":755.391201036,"data":"EDGE_TTA_ACTIVE views= 10 mean_abs_feat_delta= 0.340939\n"}
,{"stream_name":"stdout","time":755.428012074,"data":"SECONDARY_EDGE_TTA_ACTIVE views= 8 weight= 0.75 mean_abs_feat_delta= 0.231872\n"}
,{"stream_name":"stdout","time":755.59427447,"data":"EDGE_TTA_ACTIVE views= 10 mean_abs_feat_delta= 0.340939\n"}
,{"stream_name":"stdout","time":755.594382763,"data":"SECONDARY_EDGE_TTA_ACTIVE views= 8 weight= 0.75 mean_abs_feat_delta= 0.231872\n"}
,{"stream_name":"stdout","time":756.487937019,"data":"SECONDARY_EDGE_TTA_ACTIVE views= 8 weight= 0.75 mean_abs_feat_delta= 0.24973\n"}
,{"stream_name":"stdout","time":756.690508604,"data":"SECONDARY_EDGE_TTA_ACTIVE views= 8 weight= 0.75 mean_abs_feat_delta= 0.24973\n"}
,{"stream_name":"stdout","time":756.816021627,"data":"EDGE_TTA_ACTIVE views= 10 mean_abs_feat_delta= 0.348451\n"}
,{"stream_name":"stdout","time":757.018532731,"data":"EDGE_TTA_ACTIVE views= 10 mean_abs_feat_delta= 0.348451\n"}
,{"stream_name":"stdout","time":757.827418151,"data":"SECONDARY_EDGE_TTA_ACTIVE views= 8 weight= 0.75 mean_abs_feat_delta= 0.232685\n"}
,{"stream_name":"stdout","time":758.030144103,"data":"SECONDARY_EDGE_TTA_ACTIVE views= 8 weight= 0.75 mean_abs_feat_delta= 0.232685\n"}
,{"stream_name":"stdout","time":758.236529068,"data":"EDGE_TTA_ACTIVE views= 10 mean_abs_feat_delta= 0.330161\n"}
,{"stream_name":"stdout","time":758.439520969,"data":"EDGE_TTA_ACTIVE views= 10 mean_abs_feat_delta= 0.330161\n"}
,{"stream_name":"stdout","time":759.249942938,"data":"EDGE_TTA_ACTIVE views= 10 mean_abs_feat_delta= 0.34625\n"}
,{"stream_name":"stdout","time":759.333936543,"data":"SECONDARY_EDGE_TTA_ACTIVE views= 8 weight= 0.75 mean_abs_feat_delta= 0.239339\n"}
,{"stream_name":"stdout","time":759.45260135,"data":"EDGE_TTA_ACTIVE views= 10 mean_abs_feat_delta= 0.34625\n"}
,{"stream_name":"stdout","time":759.452642863,"data":"SECONDARY_EDGE_TTA_ACTIVE views= 8 weight= 0.75 mean_abs_feat_delta= 0.239339\n"}
,{"stream_name":"stdout","time":760.258856296,"data":"SECONDARY_EDGE_TTA_ACTIVE views= 8 weight= 0.75 mean_abs_feat_delta= 0.233018\n"}
,{"stream_name":"stdout","time":760.461558818,"data":"SECONDARY_EDGE_TTA_ACTIVE views= 8 weight= 0.75 mean_abs_feat_delta= 0.233018\n"}
,{"stream_name":"stdout","time":761.072604174,"data":"EDGE_TTA_ACTIVE views= 10 mean_abs_feat_delta= 0.332052\n"}
,{"stream_name":"stdout","time":761.275330364,"data":"EDGE_TTA_ACTIVE views= 10 mean_abs_feat_delta= 0.332052\n"}
,{"stream_name":"stdout","time":761.649535751,"data":"EDGE_TTA_ACTIVE views= 10 mean_abs_feat_delta= 0.346904\n"}
,{"stream_name":"stdout","time":761.852296984,"data":"EDGE_TTA_ACTIVE views= 10 mean_abs_feat_delta= 0.346904\n"}
,{"stream_name":"stdout","time":762.169715641,"data":"SECONDARY_EDGE_TTA_ACTIVE views= 8 weight= 0.75 mean_abs_feat_delta= 0.244666\n"}
,{"stream_name":"stdout","time":762.372563195,"data":"SECONDARY_EDGE_TTA_ACTIVE views= 8 weight= 0.75 mean_abs_feat_delta= 0.244666\n"}
,{"stream_name":"stdout","time":762.662459825,"data":"SECONDARY_EDGE_TTA_ACTIVE views= 8 weight= 0.75 mean_abs_feat_delta= 0.234885\n"}
,{"stream_name":"stdout","time":762.865062885,"data":"SECONDARY_EDGE_TTA_ACTIVE views= 8 weight= 0.75 mean_abs_feat_delta= 0.234885\n"}
,{"stream_name":"stdout","time":763.896078314,"data":"EDGE_TTA_ACTIVE views= 10 mean_abs_feat_delta= 0.334823\n"}
,{"stream_name":"stdout","time":764.054610693,"data":"EDGE_TTA_ACTIVE views= 10 mean_abs_feat_delta= 0.348692\n"}
,{"stream_name":"stdout","time":764.098751677,"data":"EDGE_TTA_ACTIVE views= 10 mean_abs_feat_delta= 0.334823\n"}
,{"stream_name":"stdout","time":764.0988181,"data":"EDGE_TTA_ACTIVE views= 10 mean_abs_feat_delta= 0.348692\n"}
,{"stream_name":"stdout","time":764.993175394,"data":"SECONDARY_EDGE_TTA_ACTIVE views= 8 weight= 0.75 mean_abs_feat_delta= 0.244039\n"}
,{"stream_name":"stdout","time":765.063283613,"data":"SECONDARY_EDGE_TTA_ACTIVE views= 8 weight= 0.75 mean_abs_feat_delta= 0.232744\n"}
,{"stream_name":"stdout","time":765.195429869,"data":"SECONDARY_EDGE_TTA_ACTIVE views= 8 weight= 0.75 mean_abs_feat_delta= 0.244039\n"}
,{"stream_name":"stdout","time":765.195490433,"data":"SECONDARY_EDGE_TTA_ACTIVE views= 8 weight= 0.75 mean_abs_feat_delta= 0.232744\n"}
,{"stream_name":"stdout","time":766.496558524,"data":"EDGE_TTA_ACTIVE views= 10 mean_abs_feat_delta= 0.352827\n"}
,{"stream_name":"stdout","time":766.692291466,"data":"EDGE_TTA_ACTIVE views= 10 mean_abs_feat_delta= 0.333544\n"}
,{"stream_name":"stdout","time":766.7523338,"data":"EDGE_TTA_ACTIVE views= 10 mean_abs_feat_delta= 0.352827\n"}
,{"stream_name":"stdout","time":766.752361647,"data":"EDGE_TTA_ACTIVE views= 10 mean_abs_feat_delta= 0.333544\n"}
,{"stream_name":"stdout","time":767.505786157,"data":"SECONDARY_EDGE_TTA_ACTIVE views= 8 weight= 0.75 mean_abs_feat_delta= 0.229484\n"}
,{"stream_name":"stdout","time":767.708591661,"data":"SECONDARY_EDGE_TTA_ACTIVE views= 8 weight= 0.75 mean_abs_feat_delta= 0.229484\n"}
,{"stream_name":"stdout","time":767.791707661,"data":"SECONDARY_EDGE_TTA_ACTIVE views= 8 weight= 0.75 mean_abs_feat_delta= 0.245322\n"}
,{"stream_name":"stdout","time":767.994349273,"data":"SECONDARY_EDGE_TTA_ACTIVE views= 8 weight= 0.75 mean_abs_feat_delta= 0.245322\n"}
,{"stream_name":"stdout","time":768.888128333,"data":"EDGE_TTA_ACTIVE views= 10 mean_abs_feat_delta= 0.353937\n"}
,{"stream_name":"stdout","time":769.090812945,"data":"EDGE_TTA_ACTIVE views= 10 mean_abs_feat_delta= 0.353937\n"}
,{"stream_name":"stdout","time":769.628131797,"data":"EDGE_TTA_ACTIVE views= 10 mean_abs_feat_delta= 0.332593\n"}
,{"stream_name":"stdout","time":769.830813576,"data":"EDGE_TTA_ACTIVE views= 10 mean_abs_feat_delta= 0.332593\n"}
,{"stream_name":"stdout","time":769.897950905,"data":"SECONDARY_EDGE_TTA_ACTIVE views= 8 weight= 0.75 mean_abs_feat_delta= 0.231302\n"}
,{"stream_name":"stdout","time":770.10055657,"data":"SECONDARY_EDGE_TTA_ACTIVE views= 8 weight= 0.75 mean_abs_feat_delta= 0.231302\n"}
,{"stream_name":"stdout","time":770.72377156,"data":"SECONDARY_EDGE_TTA_ACTIVE views= 8 weight= 0.75 mean_abs_feat_delta= 0.2464\n"}
,{"stream_name":"stdout","time":770.926478512,"data":"SECONDARY_EDGE_TTA_ACTIVE views= 8 weight= 0.75 mean_abs_feat_delta= 0.2464\n"}
,{"stream_name":"stdout","time":771.274185022,"data":"EDGE_TTA_ACTIVE views= 10 mean_abs_feat_delta= 0.351685\n"}
,{"stream_name":"stdout","time":771.476762016,"data":"EDGE_TTA_ACTIVE views= 10 mean_abs_feat_delta= 0.351685\n"}
,{"stream_name":"stdout","time":772.284786429,"data":"SECONDARY_EDGE_TTA_ACTIVE views= 8 weight= 0.75 mean_abs_feat_delta= 0.233885\n"}
,{"stream_name":"stdout","time":772.465006764,"data":"EDGE_TTA_ACTIVE views= 10 mean_abs_feat_delta= 0.329312\n"}
,{"stream_name":"stdout","time":772.487613735,"data":"SECONDARY_EDGE_TTA_ACTIVE views= 8 weight= 0.75 mean_abs_feat_delta= 0.233885\n"}
,{"stream_name":"stdout","time":772.487647753,"data":"EDGE_TTA_ACTIVE views= 10 mean_abs_feat_delta= 0.329312\n"}
,{"stream_name":"stdout","time":773.561019557,"data":"SECONDARY_EDGE_TTA_ACTIVE views= 8 weight= 0.75 mean_abs_feat_delta= 0.244837\n"}
,{"stream_name":"stdout","time":773.675369268,"data":"EDGE_TTA_ACTIVE views= 10 mean_abs_feat_delta= 0.352149\n"}
,{"stream_name":"stdout","time":773.763277736,"data":"SECONDARY_EDGE_TTA_ACTIVE views= 8 weight= 0.75 mean_abs_feat_delta= 0.244837\n"}
,{"stream_name":"stdout","time":773.76331565,"data":"EDGE_TTA_ACTIVE views= 10 mean_abs_feat_delta= 0.352149\n"}
,{"stream_name":"stdout","time":774.684067479,"data":"SECONDARY_EDGE_TTA_ACTIVE views= 8 weight= 0.75 mean_abs_feat_delta= 0.235923\n"}
,{"stream_name":"stdout","time":774.886772604,"data":"SECONDARY_EDGE_TTA_ACTIVE views= 8 weight= 0.75 mean_abs_feat_delta= 0.235923\n"}
,{"stream_name":"stdout","time":775.317143178,"data":"EDGE_TTA_ACTIVE views= 10 mean_abs_feat_delta= 0.328036\n"}
,{"stream_name":"stdout","time":775.520134559,"data":"EDGE_TTA_ACTIVE views= 10 mean_abs_feat_delta= 0.328036\n"}
,{"stream_name":"stdout","time":776.138651408,"data":"EDGE_TTA_ACTIVE views= 10 mean_abs_feat_delta= 0.350599\n"}
,{"stream_name":"stdout","time":776.341366605,"data":"EDGE_TTA_ACTIVE views= 10 mean_abs_feat_delta= 0.350599\n"}
,{"stream_name":"stdout","time":776.413549563,"data":"SECONDARY_EDGE_TTA_ACTIVE views= 8 weight= 0.75 mean_abs_feat_delta= 0.249715\n"}
,{"stream_name":"stdout","time":776.61633625,"data":"SECONDARY_EDGE_TTA_ACTIVE views= 8 weight= 0.75 mean_abs_feat_delta= 0.249715\n"}
,{"stream_name":"stdout","time":777.148830877,"data":"SECONDARY_EDGE_TTA_ACTIVE views= 8 weight= 0.75 mean_abs_feat_delta= 0.236514\n"}
,{"stream_name":"stdout","time":777.351947598,"data":"SECONDARY_EDGE_TTA_ACTIVE views= 8 weight= 0.75 mean_abs_feat_delta= 0.236514\n"}
,{"stream_name":"stdout","time":778.172539553,"data":"EDGE_TTA_ACTIVE views= 10 mean_abs_feat_delta= 0.328035\n"}
,{"stream_name":"stdout","time":778.375247792,"data":"EDGE_TTA_ACTIVE views= 10 mean_abs_feat_delta= 0.328035\n"}
,{"stream_name":"stdout","time":778.565538889,"data":"EDGE_TTA_ACTIVE views= 10 mean_abs_feat_delta= 0.353845\n"}
,{"stream_name":"stdout","time":778.768466439,"data":"EDGE_TTA_ACTIVE views= 10 mean_abs_feat_delta= 0.353845\n"}
,{"stream_name":"stdout","time":779.269634991,"data":"SECONDARY_EDGE_TTA_ACTIVE views= 8 weight= 0.75 mean_abs_feat_delta= 0.246366\n"}
,{"stream_name":"stdout","time":779.472281811,"data":"SECONDARY_EDGE_TTA_ACTIVE views= 8 weight= 0.75 mean_abs_feat_delta= 0.246366\n"}
,{"stream_name":"stdout","time":779.577064394,"data":"SECONDARY_EDGE_TTA_ACTIVE views= 8 weight= 0.75 mean_abs_feat_delta= 0.236886\n"}
,{"stream_name":"stdout","time":779.779573213,"data":"SECONDARY_EDGE_TTA_ACTIVE views= 8 weight= 0.75 mean_abs_feat_delta= 0.236886\n"}
,{"stream_name":"stdout","time":780.968310321,"data":"EDGE_TTA_ACTIVE views= 10 mean_abs_feat_delta= 0.335276\n"}
,{"stream_name":"stdout","time":780.974853501,"data":"EDGE_TTA_ACTIVE views= 10 mean_abs_feat_delta= 0.354593\n"}
,{"stream_name":"stdout","time":781.170864115,"data":"EDGE_TTA_ACTIVE views= 10 mean_abs_feat_delta= 0.335276\n"}
,{"stream_name":"stdout","time":781.170911074,"data":"EDGE_TTA_ACTIVE views= 10 mean_abs_feat_delta= 0.354593\n"}
,{"stream_name":"stdout","time":781.988522361,"data":"SECONDARY_EDGE_TTA_ACTIVE views= 8 weight= 0.75 mean_abs_feat_delta= 0.236659\n"}
,{"stream_name":"stdout","time":782.066718178,"data":"SECONDARY_EDGE_TTA_ACTIVE views= 8 weight= 0.75 mean_abs_feat_delta= 0.250553\n"}
,{"stream_name":"stdout","time":782.191165609,"data":"SECONDARY_EDGE_TTA_ACTIVE views= 8 weight= 0.75 mean_abs_feat_delta= 0.236659\n"}
,{"stream_name":"stdout","time":782.191203481,"data":"SECONDARY_EDGE_TTA_ACTIVE views= 8 weight= 0.75 mean_abs_feat_delta= 0.250553\n"}
,{"stream_name":"stdout","time":783.380911196,"data":"EDGE_TTA_ACTIVE views= 10 mean_abs_feat_delta= 0.357867\n"}
,{"stream_name":"stdout","time":783.583905321,"data":"EDGE_TTA_ACTIVE views= 10 mean_abs_feat_delta= 0.357867\n"}
,{"stream_name":"stdout","time":783.846347384,"data":"EDGE_TTA_ACTIVE views= 10 mean_abs_feat_delta= 0.337087\n"}
,{"stream_name":"stdout","time":784.049065928,"data":"EDGE_TTA_ACTIVE views= 10 mean_abs_feat_delta= 0.337087\n"}
,{"stream_name":"stdout","time":784.392711077,"data":"SECONDARY_EDGE_TTA_ACTIVE views= 8 weight= 0.75 mean_abs_feat_delta= 0.238038\n"}
,{"stream_name":"stdout","time":784.595262399,"data":"SECONDARY_EDGE_TTA_ACTIVE views= 8 weight= 0.75 mean_abs_feat_delta= 0.238038\n"}
,{"stream_name":"stdout","time":784.943246006,"data":"SECONDARY_EDGE_TTA_ACTIVE views= 8 weight= 0.75 mean_abs_feat_delta= 0.253052\n"}
,{"stream_name":"stdout","time":785.146379045,"data":"SECONDARY_EDGE_TTA_ACTIVE views= 8 weight= 0.75 mean_abs_feat_delta= 0.253052\n"}
,{"stream_name":"stdout","time":786.804429034,"data":"EDGE_TTA_ACTIVE views= 10 mean_abs_feat_delta= 0.331792\n"}
,{"stream_name":"stdout","time":787.007300708,"data":"EDGE_TTA_ACTIVE views= 10 mean_abs_feat_delta= 0.331792\n"}
,{"stream_name":"stdout","time":787.900679001,"data":"SECONDARY_EDGE_TTA_ACTIVE views= 8 weight= 0.75 mean_abs_feat_delta= 0.249056\n"}
,{"stream_name":"stdout","time":788.103604329,"data":"SECONDARY_EDGE_TTA_ACTIVE views= 8 weight= 0.75 mean_abs_feat_delta= 0.249056\n"}
,{"stream_name":"stdout","time":789.63729487,"data":"Saved 2 predictions to /kaggle/working/tracking_repo/predictions/unknown/unet_transformer_gpu0/split_0\n"}
,{"stream_name":"stdout","time":789.662710828,"data":"EDGE_TTA_ACTIVE views= 10 mean_abs_feat_delta= 0.328528\n"}
,{"stream_name":"stdout","time":789.840118617,"data":"Saved 2 predictions to /kaggle/working/tracking_repo/predictions/unknown/unet_transformer_gpu0/split_0\n"}
,{"stream_name":"stdout","time":789.840168695,"data":"EDGE_TTA_ACTIVE views= 10 mean_abs_feat_delta= 0.328528\n"}
,{"stream_name":"stdout","time":790.759201871,"data":"SECONDARY_EDGE_TTA_ACTIVE views= 8 weight= 0.75 mean_abs_feat_delta= 0.249429\n"}
,{"stream_name":"stdout","time":790.961935874,"data":"SECONDARY_EDGE_TTA_ACTIVE views= 8 weight= 0.75 mean_abs_feat_delta= 0.249429\n"}
,{"stream_name":"stdout","time":792.502468546,"data":"EDGE_TTA_ACTIVE views= 10 mean_abs_feat_delta= 0.328207\n"}
,{"stream_name":"stdout","time":792.705222628,"data":"EDGE_TTA_ACTIVE views= 10 mean_abs_feat_delta= 0.328207\n"}
,{"stream_name":"stdout","time":793.599482302,"data":"SECONDARY_EDGE_TTA_ACTIVE views= 8 weight= 0.75 mean_abs_feat_delta= 0.246018\n"}
,{"stream_name":"stdout","time":793.802288372,"data":"SECONDARY_EDGE_TTA_ACTIVE views= 8 weight= 0.75 mean_abs_feat_delta= 0.246018\n"}
,{"stream_name":"stdout","time":795.30585231,"data":"EDGE_TTA_ACTIVE views= 10 mean_abs_feat_delta= 0.328839\n"}
,{"stream_name":"stdout","time":795.508464335,"data":"EDGE_TTA_ACTIVE views= 10 mean_abs_feat_delta= 0.328839\n"}
,{"stream_name":"stdout","time":796.402162673,"data":"SECONDARY_EDGE_TTA_ACTIVE views= 8 weight= 0.75 mean_abs_feat_delta= 0.244333\n"}
,{"stream_name":"stdout","time":796.604755503,"data":"SECONDARY_EDGE_TTA_ACTIVE views= 8 weight= 0.75 mean_abs_feat_delta= 0.244333\n"}
,{"stream_name":"stdout","time":798.138306565,"data":"EDGE_TTA_ACTIVE views= 10 mean_abs_feat_delta= 0.328334\n"}
,{"stream_name":"stdout","time":798.373248496,"data":"EDGE_TTA_ACTIVE views= 10 mean_abs_feat_delta= 0.328334\n"}
,{"stream_name":"stdout","time":799.231710262,"data":"SECONDARY_EDGE_TTA_ACTIVE views= 8 weight= 0.75 mean_abs_feat_delta= 0.248241\n"}
,{"stream_name":"stdout","time":799.434196987,"data":"SECONDARY_EDGE_TTA_ACTIVE views= 8 weight= 0.75 mean_abs_feat_delta= 0.248241\n"}
,{"stream_name":"stdout","time":800.935923762,"data":"EDGE_TTA_ACTIVE views= 10 mean_abs_feat_delta= 0.323822\n"}
,{"stream_name":"stdout","time":801.138942665,"data":"EDGE_TTA_ACTIVE views= 10 mean_abs_feat_delta= 0.323822\n"}
,{"stream_name":"stdout","time":802.032890776,"data":"SECONDARY_EDGE_TTA_ACTIVE views= 8 weight= 0.75 mean_abs_feat_delta= 0.239474\n"}
,{"stream_name":"stdout","time":802.235471715,"data":"SECONDARY_EDGE_TTA_ACTIVE views= 8 weight= 0.75 mean_abs_feat_delta= 0.239474\n"}
,{"stream_name":"stdout","time":803.806450844,"data":"EDGE_TTA_ACTIVE views= 10 mean_abs_feat_delta= 0.325642\n"}
,{"stream_name":"stdout","time":804.008901537,"data":"EDGE_TTA_ACTIVE views= 10 mean_abs_feat_delta= 0.325642\n"}
,{"stream_name":"stdout","time":804.903382544,"data":"SECONDARY_EDGE_TTA_ACTIVE views= 8 weight= 0.75 mean_abs_feat_delta= 0.247447\n"}
,{"stream_name":"stdout","time":805.10618249,"data":"SECONDARY_EDGE_TTA_ACTIVE views= 8 weight= 0.75 mean_abs_feat_delta= 0.247447\n"}
,{"stream_name":"stdout","time":806.606070799,"data":"EDGE_TTA_ACTIVE views= 10 mean_abs_feat_delta= 0.326732\n"}
,{"stream_name":"stdout","time":806.808763081,"data":"EDGE_TTA_ACTIVE views= 10 mean_abs_feat_delta= 0.326732\n"}
,{"stream_name":"stdout","time":807.703166779,"data":"SECONDARY_EDGE_TTA_ACTIVE views= 8 weight= 0.75 mean_abs_feat_delta= 0.242876\n"}
,{"stream_name":"stdout","time":807.905875429,"data":"SECONDARY_EDGE_TTA_ACTIVE views= 8 weight= 0.75 mean_abs_feat_delta= 0.242876\n"}
,{"stream_name":"stdout","time":809.36623644,"data":"EDGE_TTA_ACTIVE views= 10 mean_abs_feat_delta= 0.328499\n"}
,{"stream_name":"stdout","time":809.568841538,"data":"EDGE_TTA_ACTIVE views= 10 mean_abs_feat_delta= 0.328499\n"}
,{"stream_name":"stdout","time":810.459922413,"data":"SECONDARY_EDGE_TTA_ACTIVE views= 8 weight= 0.75 mean_abs_feat_delta= 0.249719\n"}
,{"stream_name":"stdout","time":810.662660012,"data":"SECONDARY_EDGE_TTA_ACTIVE views= 8 weight= 0.75 mean_abs_feat_delta= 0.249719\n"}
,{"stream_name":"stdout","time":812.196150418,"data":"EDGE_TTA_ACTIVE views= 10 mean_abs_feat_delta= 0.329569\n"}
,{"stream_name":"stdout","time":812.398734117,"data":"EDGE_TTA_ACTIVE views= 10 mean_abs_feat_delta= 0.329569\n"}
,{"stream_name":"stdout","time":813.28916615,"data":"SECONDARY_EDGE_TTA_ACTIVE views= 8 weight= 0.75 mean_abs_feat_delta= 0.250474\n"}
,{"stream_name":"stdout","time":813.4917671,"data":"SECONDARY_EDGE_TTA_ACTIVE views= 8 weight= 0.75 mean_abs_feat_delta= 0.250474\n"}
,{"stream_name":"stdout","time":815.011278108,"data":"EDGE_TTA_ACTIVE views= 10 mean_abs_feat_delta= 0.33007\n"}
,{"stream_name":"stdout","time":815.213873845,"data":"EDGE_TTA_ACTIVE views= 10 mean_abs_feat_delta= 0.33007\n"}
,{"stream_name":"stdout","time":816.10530451,"data":"SECONDARY_EDGE_TTA_ACTIVE views= 8 weight= 0.75 mean_abs_feat_delta= 0.243806\n"}
,{"stream_name":"stdout","time":816.30801842,"data":"SECONDARY_EDGE_TTA_ACTIVE views= 8 weight= 0.75 mean_abs_feat_delta= 0.243806\n"}
,{"stream_name":"stdout","time":817.803828838,"data":"EDGE_TTA_ACTIVE views= 10 mean_abs_feat_delta= 0.329728\n"}
,{"stream_name":"stdout","time":818.006475376,"data":"EDGE_TTA_ACTIVE views= 10 mean_abs_feat_delta= 0.329728\n"}
,{"stream_name":"stdout","time":818.896480502,"data":"SECONDARY_EDGE_TTA_ACTIVE views= 8 weight= 0.75 mean_abs_feat_delta= 0.245508\n"}
,{"stream_name":"stdout","time":819.099131641,"data":"SECONDARY_EDGE_TTA_ACTIVE views= 8 weight= 0.75 mean_abs_feat_delta= 0.245508\n"}
,{"stream_name":"stdout","time":820.589694713,"data":"EDGE_TTA_ACTIVE views= 10 mean_abs_feat_delta= 0.3169\n"}
,{"stream_name":"stdout","time":820.792210034,"data":"EDGE_TTA_ACTIVE views= 10 mean_abs_feat_delta= 0.3169\n"}
,{"stream_name":"stdout","time":821.682245059,"data":"SECONDARY_EDGE_TTA_ACTIVE views= 8 weight= 0.75 mean_abs_feat_delta= 0.241957\n"}
,{"stream_name":"stdout","time":821.884876688,"data":"SECONDARY_EDGE_TTA_ACTIVE views= 8 weight= 0.75 mean_abs_feat_delta= 0.241957\n"}
,{"stream_name":"stdout","time":823.424612269,"data":"EDGE_TTA_ACTIVE views= 10 mean_abs_feat_delta= 0.318411\n"}
,{"stream_name":"stdout","time":823.627368638,"data":"EDGE_TTA_ACTIVE views= 10 mean_abs_feat_delta= 0.318411\n"}
,{"stream_name":"stdout","time":824.51490811,"data":"SECONDARY_EDGE_TTA_ACTIVE views= 8 weight= 0.75 mean_abs_feat_delta= 0.252361\n"}
,{"stream_name":"stdout","time":824.717559658,"data":"SECONDARY_EDGE_TTA_ACTIVE views= 8 weight= 0.75 mean_abs_feat_delta= 0.252361\n"}
,{"stream_name":"stdout","time":826.270719581,"data":"EDGE_TTA_ACTIVE views= 10 mean_abs_feat_delta= 0.314949\n"}
,{"stream_name":"stdout","time":826.473301141,"data":"EDGE_TTA_ACTIVE views= 10 mean_abs_feat_delta= 0.314949\n"}
,{"stream_name":"stdout","time":827.358680293,"data":"SECONDARY_EDGE_TTA_ACTIVE views= 8 weight= 0.75 mean_abs_feat_delta= 0.245152\n"}
,{"stream_name":"stdout","time":827.561182256,"data":"SECONDARY_EDGE_TTA_ACTIVE views= 8 weight= 0.75 mean_abs_feat_delta= 0.245152\n"}
,{"stream_name":"stdout","time":829.101561965,"data":"EDGE_TTA_ACTIVE views= 10 mean_abs_feat_delta= 0.314114\n"}
,{"stream_name":"stdout","time":829.345376582,"data":"EDGE_TTA_ACTIVE views= 10 mean_abs_feat_delta= 0.314114\n"}
,{"stream_name":"stdout","time":830.193250247,"data":"SECONDARY_EDGE_TTA_ACTIVE views= 8 weight= 0.75 mean_abs_feat_delta= 0.249767\n"}
,{"stream_name":"stdout","time":830.395715901,"data":"SECONDARY_EDGE_TTA_ACTIVE views= 8 weight= 0.75 mean_abs_feat_delta= 0.249767\n"}
,{"stream_name":"stdout","time":831.939085162,"data":"EDGE_TTA_ACTIVE views= 10 mean_abs_feat_delta= 0.316485\n"}
,{"stream_name":"stdout","time":832.141536921,"data":"EDGE_TTA_ACTIVE views= 10 mean_abs_feat_delta= 0.316485\n"}
,{"stream_name":"stdout","time":833.031035338,"data":"SECONDARY_EDGE_TTA_ACTIVE views= 8 weight= 0.75 mean_abs_feat_delta= 0.251085\n"}
,{"stream_name":"stdout","time":833.233406454,"data":"SECONDARY_EDGE_TTA_ACTIVE views= 8 weight= 0.75 mean_abs_feat_delta= 0.251085\n"}
,{"stream_name":"stdout","time":834.740632114,"data":"EDGE_TTA_ACTIVE views= 10 mean_abs_feat_delta= 0.316535\n"}
,{"stream_name":"stdout","time":834.943092874,"data":"EDGE_TTA_ACTIVE views= 10 mean_abs_feat_delta= 0.316535\n"}
,{"stream_name":"stdout","time":835.829790101,"data":"SECONDARY_EDGE_TTA_ACTIVE views= 8 weight= 0.75 mean_abs_feat_delta= 0.239244\n"}
,{"stream_name":"stdout","time":836.032223821,"data":"SECONDARY_EDGE_TTA_ACTIVE views= 8 weight= 0.75 mean_abs_feat_delta= 0.239244\n"}
,{"stream_name":"stdout","time":837.543289714,"data":"EDGE_TTA_ACTIVE views= 10 mean_abs_feat_delta= 0.314438\n"}
,{"stream_name":"stdout","time":837.745849675,"data":"EDGE_TTA_ACTIVE views= 10 mean_abs_feat_delta= 0.314438\n"}
,{"stream_name":"stdout","time":838.630715811,"data":"SECONDARY_EDGE_TTA_ACTIVE views= 8 weight= 0.75 mean_abs_feat_delta= 0.247015\n"}
,{"stream_name":"stdout","time":838.833137591,"data":"SECONDARY_EDGE_TTA_ACTIVE views= 8 weight= 0.75 mean_abs_feat_delta= 0.247015\n"}
,{"stream_name":"stdout","time":840.409393645,"data":"EDGE_TTA_ACTIVE views= 10 mean_abs_feat_delta= 0.315375\n"}
,{"stream_name":"stdout","time":840.611867983,"data":"EDGE_TTA_ACTIVE views= 10 mean_abs_feat_delta= 0.315375\n"}
,{"stream_name":"stdout","time":841.502315512,"data":"SECONDARY_EDGE_TTA_ACTIVE views= 8 weight= 0.75 mean_abs_feat_delta= 0.251849\n"}
,{"stream_name":"stdout","time":841.705142786,"data":"SECONDARY_EDGE_TTA_ACTIVE views= 8 weight= 0.75 mean_abs_feat_delta= 0.251849\n"}
,{"stream_name":"stdout","time":843.216870753,"data":"EDGE_TTA_ACTIVE views= 10 mean_abs_feat_delta= 0.318177\n"}
,{"stream_name":"stdout","time":843.419569509,"data":"EDGE_TTA_ACTIVE views= 10 mean_abs_feat_delta= 0.318177\n"}
,{"stream_name":"stdout","time":844.306853769,"data":"SECONDARY_EDGE_TTA_ACTIVE views= 8 weight= 0.75 mean_abs_feat_delta= 0.251093\n"}
,{"stream_name":"stdout","time":844.50975761,"data":"SECONDARY_EDGE_TTA_ACTIVE views= 8 weight= 0.75 mean_abs_feat_delta= 0.251093\n"}
,{"stream_name":"stdout","time":846.056832072,"data":"EDGE_TTA_ACTIVE views= 10 mean_abs_feat_delta= 0.319783\n"}
,{"stream_name":"stdout","time":846.259345742,"data":"EDGE_TTA_ACTIVE views= 10 mean_abs_feat_delta= 0.319783\n"}
,{"stream_name":"stdout","time":847.147332109,"data":"SECONDARY_EDGE_TTA_ACTIVE views= 8 weight= 0.75 mean_abs_feat_delta= 0.244661\n"}
,{"stream_name":"stdout","time":847.349602532,"data":"SECONDARY_EDGE_TTA_ACTIVE views= 8 weight= 0.75 mean_abs_feat_delta= 0.244661\n"}
,{"stream_name":"stdout","time":848.855481186,"data":"EDGE_TTA_ACTIVE views= 10 mean_abs_feat_delta= 0.319297\n"}
,{"stream_name":"stdout","time":849.057826961,"data":"EDGE_TTA_ACTIVE views= 10 mean_abs_feat_delta= 0.319297\n"}
,{"stream_name":"stdout","time":849.947246539,"data":"SECONDARY_EDGE_TTA_ACTIVE views= 8 weight= 0.75 mean_abs_feat_delta= 0.243635\n"}
,{"stream_name":"stdout","time":850.149693911,"data":"SECONDARY_EDGE_TTA_ACTIVE views= 8 weight= 0.75 mean_abs_feat_delta= 0.243635\n"}
,{"stream_name":"stdout","time":851.624525849,"data":"EDGE_TTA_ACTIVE views= 10 mean_abs_feat_delta= 0.319427\n"}
,{"stream_name":"stdout","time":851.82693226,"data":"EDGE_TTA_ACTIVE views= 10 mean_abs_feat_delta= 0.319427\n"}
,{"stream_name":"stdout","time":852.716524187,"data":"SECONDARY_EDGE_TTA_ACTIVE views= 8 weight= 0.75 mean_abs_feat_delta= 0.248058\n"}
,{"stream_name":"stdout","time":852.918918214,"data":"SECONDARY_EDGE_TTA_ACTIVE views= 8 weight= 0.75 mean_abs_feat_delta= 0.248058\n"}
,{"stream_name":"stdout","time":943.43937199,"data":"Saved 2 predictions to /kaggle/working/tracking_repo/predictions/unknown/unet_transformer_gpu1/split_0\n"}
,{"stream_name":"stdout","time":943.686157046,"data":"Saved 2 predictions to /kaggle/working/tracking_repo/predictions/unknown/unet_transformer_gpu1/split_0\n"}
,{"stream_name":"stdout","time":945.676512424,"data":"Merged 4 prediction graphs into /kaggle/working/tracking_repo/predictions/unknown/unet_transformer/split_0\n"}
,{"stream_name":"stdout","time":945.676548594,"data":"Prediction completed in 11.09 minutes\n"}
,{"stream_name":"stdout","time":946.280927273,"data":"Trying DeepCenter add-only gate checkpoint: /kaggle/input/datasets/pilkwang/biohub-deepcenter-unet3d-center-prior-v1/weights/full_frame_center/best.pt\n"}
,{"stream_name":"stdout","time":946.579415152,"data":"Loaded DeepCenter add-only gate checkpoint: /kaggle/input/datasets/pilkwang/biohub-deepcenter-unet3d-center-prior-v1/weights/full_frame_center/best.pt\n"}
,{"stream_name":"stdout","time":946.579460627,"data":"DeepCenter checkpoint epoch: 2 best_score: -0.04500306242456039\n"}
,{"stream_name":"stdout","time":946.579467949,"data":"Loading DivNet checkpoint from direct path: /kaggle/input/datasets/giorgosi/biohub-divnet-v2/best_overall.pt\n"}
,{"stream_name":"stdout","time":946.579473272,"data":"[OK] DivNet loaded successfully from /kaggle/input/datasets/giorgosi/biohub-divnet-v2/best_overall.pt\n"}
,{"stream_name":"stdout","time":946.579478389,"data":"Found 4 prediction graphs\n"}
,{"stream_name":"stdout","time":946.579483174,"data":"Executing parallel post-processing across 4 datasets (ThreadPoolExecutor max_workers=4)...\n"}
,{"stream_name":"stdout","time":947.682385872,"data":"  [6bba_05b6850b] Density Group: LOW -\u003e tight=7.25um, relaxed=11.0um, bonus=3.0\n"}
,{"stream_name":"stdout","time":948.450467397,"data":"  [44b6_0b24845f] Density Group: MIDDLE -\u003e tight=6.5um, relaxed=9.0um, bonus=6.0\n"}
,{"stream_name":"stdout","time":948.450523474,"data":"  [44b6_0113de3b] Density Group: MIDDLE -\u003e tight=6.5um, relaxed=9.0um, bonus=6.0\n"}
,{"stream_name":"stdout","time":949.779042315,"data":"  [6bba_05db0fb1] Density Group: HIGH -\u003e tight=5.5um, relaxed=10.0um, bonus=1.0\n"}
,{"stream_name":"stdout","time":975.932804781,"data":"  [6bba_05b6850b] after edge-filter+motion-relink: 6332 nodes, 6075 edges\n"}
,{"stream_name":"stdout","time":985.557618587,"data":"DEEPCENTER_TTA_ACTIVE views= 8 mean_abs_logit_delta= 0.139295\n"}
,{"stream_name":"stdout","time":989.33633138,"data":"  [6bba_05b6850b] after gap-closing (single-frame + gap2): 6359 nodes, 6125 edges\n"}
,{"stream_name":"stdout","time":1052.255133689,"data":"  [6bba_05b6850b] after safe-division repair: 6359 nodes, 6135 edges (geometric_candidates=22, deepcenter_rejected=11, post_veto_candidates=11, added=10, cap_skipped=0, mutual_nn_rejected=7, divergence_rejected=73)\n"}
,{"stream_name":"stdout","time":1052.255182739,"data":"  [6bba_05b6850b] after division-geometry-filter+prune-isolated: 6359 nodes, 6135 edges\n"}
,{"stream_name":"stdout","time":1052.255196042,"data":"  [6bba_05b6850b] after short-track filtering: 6216 nodes, 6024 edges (components_removed=32)\n"}
,{"stream_name":"stdout","time":1055.443338744,"data":"  [6bba_05b6850b] after kinematic-filter (low): 6024 edges (severed=0)\n"}
,{"stream_name":"stdout","time":1055.443389299,"data":"  [6bba_05b6850b] after spline-gap-closing: 6228 nodes, 6040 edges (gaps_closed=4)\n"}
,{"stream_name":"stdout","time":1055.443398489,"data":"  [6bba_05b6850b] FINAL: 6228 nodes, 6040 edges\n"}
,{"stream_name":"stdout","time":1055.443404413,"data":"  [6bba_05b6850b] post-process done: 6228 nodes, 6040 edges, 10 divisions\n"}
,{"stream_name":"stdout","time":1197.202800058,"data":"  [44b6_0b24845f] after edge-filter+motion-relink: 22839 nodes, 20631 edges\n"}
,{"stream_name":"stdout","time":1240.842644494,"data":"  [44b6_0113de3b] after edge-filter+motion-relink: 25730 nodes, 24811 edges\n"}
,{"stream_name":"stdout","time":1253.196587826,"data":"  [44b6_0b24845f] after gap-closing (single-frame + gap2): 23272 nodes, 21423 edges\n"}
,{"stream_name":"stdout","time":1253.6224896,"data":"  [44b6_0113de3b] after gap-closing (single-frame + gap2): 25802 nodes, 24944 edges\n"}
,{"stream_name":"stdout","time":1312.010555826,"data":"  [44b6_0113de3b] after safe-division repair: 25802 nodes, 24985 edges (geometric_candidates=167, deepcenter_rejected=116, post_veto_candidates=51, added=41, cap_skipped=0, mutual_nn_rejected=74, divergence_rejected=560)\n"}
,{"stream_name":"stdout","time":1312.010601915,"data":"  [44b6_0113de3b] after division-geometry-filter+prune-isolated: 25796 nodes, 24985 edges\n"}
,{"stream_name":"stdout","time":1312.010608735,"data":"  [44b6_0113de3b] after short-track filtering: 25521 nodes, 24775 edges (components_removed=65)\n"}
,{"stream_name":"stdout","time":1316.275285246,"data":"  [44b6_0b24845f] after safe-division repair: 23272 nodes, 21436 edges (geometric_candidates=215, deepcenter_rejected=201, post_veto_candidates=14, added=13, cap_skipped=0, mutual_nn_rejected=61, divergence_rejected=918)\n"}
,{"stream_name":"stdout","time":1316.275360323,"data":"  [44b6_0b24845f] after division-geometry-filter+prune-isolated: 23255 nodes, 21436 edges\n"}
,{"stream_name":"stdout","time":1316.275369257,"data":"  [44b6_0b24845f] after short-track filtering: 21024 nodes, 19714 edges (components_removed=509)\n"}
,{"stream_name":"stdout","time":1328.401758788,"data":"  [44b6_0b24845f] after kinematic-filter (middle): 19714 edges (severed=0)\n"}
,{"stream_name":"stdout","time":1328.401812134,"data":"  [44b6_0113de3b] after kinematic-filter (middle): 24775 edges (severed=0)\n"}
,{"stream_name":"stdout","time":1328.909467759,"data":"  [44b6_0113de3b] after spline-gap-closing: 25539 nodes, 24799 edges (gaps_closed=6)\n"}
,{"stream_name":"stdout","time":1328.909542121,"data":"  [44b6_0113de3b] FINAL: 25539 nodes, 24799 edges\n"}
,{"stream_name":"stdout","time":1328.909551298,"data":"  [44b6_0113de3b] post-process done: 25539 nodes, 24799 edges, 41 divisions\n"}
,{"stream_name":"stdout","time":1329.40957027,"data":"  [44b6_0b24845f] after spline-gap-closing: 21173 nodes, 19919 edges (gaps_closed=56)\n"}
,{"stream_name":"stdout","time":1329.409622434,"data":"  [44b6_0b24845f] FINAL: 21173 nodes, 19919 edges\n"}
,{"stream_name":"stdout","time":1329.40966313,"data":"  [44b6_0b24845f] post-process done: 21173 nodes, 19919 edges, 13 divisions\n"}
,{"stream_name":"stdout","time":1432.189325451,"data":"  [6bba_05db0fb1] after edge-filter+motion-relink: 70346 nodes, 67654 edges\n"}
,{"stream_name":"stdout","time":1443.98621687,"data":"  [6bba_05db0fb1] after gap-closing (single-frame + gap2): 70747 nodes, 68403 edges\n"}
,{"stream_name":"stdout","time":1472.973671711,"data":"  [6bba_05db0fb1] after safe-division repair: 70747 nodes, 68429 edges (geometric_candidates=313, deepcenter_rejected=282, post_veto_candidates=31, added=26, cap_skipped=0, mutual_nn_rejected=254, divergence_rejected=2637)\n"}
,{"stream_name":"stdout","time":1472.973729622,"data":"  [6bba_05db0fb1] after division-geometry-filter+prune-isolated: 70717 nodes, 68429 edges\n"}
,{"stream_name":"stdout","time":1473.314922939,"data":"  [6bba_05db0fb1] after short-track filtering: 69842 nodes, 67757 edges (components_removed=203)\n"}
,{"stream_name":"stdout","time":1490.233940132,"data":"  [6bba_05db0fb1] after kinematic-filter (high): 67757 edges (severed=0)\n"}
,{"stream_name":"stdout","time":1490.710863639,"data":"  [6bba_05db0fb1] after spline-gap-closing: 69999 nodes, 67973 edges (gaps_closed=59)\n"}
,{"stream_name":"stdout","time":1490.710944296,"data":"  [6bba_05db0fb1] FINAL: 69999 nodes, 67973 edges\n"}
,{"stream_name":"stdout","time":1490.710954071,"data":"  [6bba_05db0fb1] post-process done: 69999 nodes, 67973 edges, 26 divisions\n"}
,{"stream_name":"stdout","time":1492.006457093,"data":"Executing strict multi-point submission validation...\n"}
,{"stream_name":"stdout","time":1492.1073846,"data":"[PASS] 100% strict submission validation checks passed successfully!\n"}
,{"stream_name":"stdout","time":1492.107429275,"data":"Wrote /kaggle/working/submission.csv with 241,670 rows\n"}
,{"stream_name":"stdout","time":1492.107435911,"data":"Node rows: 122,939 | edge rows: 118,731\n"}
,{"stream_name":"stdout","time":1492.107441383,"data":"Wrote /kaggle/working/run_stats.csv\n"}
,{"stream_name":"stdout","time":1493.086106159,"data":"{\n"}
,{"stream_name":"stdout","time":1493.086151531,"data":"  \"configuration\": {\n"}
,{"stream_name":"stdout","time":1493.086159856,"data":"    \"bidirectional_primary_weight\": 0.3,\n"}
,{"stream_name":"stdout","time":1493.086166254,"data":"    \"deepcenter_gap_confirm_min_span_um\": 8.5,\n"}
,{"stream_name":"stdout","time":1493.086172197,"data":"    \"deepcenter_gap_threshold\": 0.25,\n"}
,{"stream_name":"stdout","time":1493.086177341,"data":"    \"detector_threshold\": 0.96875,\n"}
,{"stream_name":"stdout","time":1493.086182463,"data":"    \"edge_candidate_threshold\": 0.48,\n"}
,{"stream_name":"stdout","time":1493.086187613,"data":"    \"fallback_scope\": \"individual_frame\",\n"}
,{"stream_name":"stdout","time":1493.086192832,"data":"    \"gap_close_um\": 5.8,\n"}
,{"stream_name":"stdout","time":1493.086197883,"data":"    \"ilp_appearance_weight\": 0.0,\n"}
,{"stream_name":"stdout","time":1493.086204615,"data":"    \"ilp_disappearance_weight\": 1.5,\n"}
,{"stream_name":"stdout","time":1493.086209836,"data":"    \"minimum_candidate_retention\": 0.9,\n"}
,{"stream_name":"stdout","time":1493.086217043,"data":"    \"secondary_detection_weight\": 0.475,\n"}
,{"stream_name":"stdout","time":1493.086221862,"data":"    \"secondary_edge_weight\": 0.15,\n"}
,{"stream_name":"stdout","time":1493.086227646,"data":"    \"secondary_link_mode\": \"low_margin_consensus\",\n"}
,{"stream_name":"stdout","time":1493.086233994,"data":"    \"secondary_low_margin_max\": 0.35\n"}
,{"stream_name":"stdout","time":1493.086240017,"data":"  },\n"}
,{"stream_name":"stdout","time":1493.086246032,"data":"  \"diagnostics\": {\n"}
,{"stream_name":"stdout","time":1493.086267912,"data":"    \"by_movie\": {\n"}
,{"stream_name":"stdout","time":1493.0862721,"data":"      \"44b6_0113de3b\": {\n"}
,{"stream_name":"stdout","time":1493.086276088,"data":"        \"fallback_frames\": 0,\n"}
,{"stream_name":"stdout","time":1493.086280022,"data":"        \"frames\": 100,\n"}
,{"stream_name":"stdout","time":1493.086283899,"data":"        \"median_retention\": 1.0072478991596638,\n"}
,{"stream_name":"stdout","time":1493.086287977,"data":"        \"minimum_retention\": 0.9853479853479854\n"}
,{"stream_name":"stdout","time":1493.086292094,"data":"      },\n"}
,{"stream_name":"stdout","time":1493.08629768,"data":"      \"44b6_0b24845f\": {\n"}
,{"stream_name":"stdout","time":1493.0863063,"data":"        \"fallback_frames\": 69,\n"}
,{"stream_name":"stdout","time":1493.086309066,"data":"        \"frames\": 100,\n"}
,{"stream_name":"stdout","time":1493.08631168,"data":"        \"median_retention\": 0.8552717038319984,\n"}
,{"stream_name":"stdout","time":1493.086314353,"data":"        \"minimum_retention\": 0.38288288288288286\n"}
,{"stream_name":"stdout","time":1493.0863171,"data":"      },\n"}
,{"stream_name":"stdout","time":1493.086319581,"data":"      \"6bba_05b6850b\": {\n"}
,{"stream_name":"stdout","time":1493.08632212,"data":"        \"fallback_frames\": 1,\n"}
,{"stream_name":"stdout","time":1493.086342681,"data":"        \"frames\": 100,\n"}
,{"stream_name":"stdout","time":1493.086347274,"data":"        \"median_retention\": 1.0,\n"}
,{"stream_name":"stdout","time":1493.086351659,"data":"        \"minimum_retention\": 0.88\n"}
,{"stream_name":"stdout","time":1493.086356166,"data":"      },\n"}
,{"stream_name":"stdout","time":1493.086360383,"data":"      \"6bba_05db0fb1\": {\n"}
,{"stream_name":"stdout","time":1493.086364591,"data":"        \"fallback_frames\": 0,\n"}
,{"stream_name":"stdout","time":1493.086368894,"data":"        \"frames\": 100,\n"}
,{"stream_name":"stdout","time":1493.086373831,"data":"        \"median_retention\": 1.0057314119144394,\n"}
,{"stream_name":"stdout","time":1493.086377982,"data":"        \"minimum_retention\": 0.9633967789165446\n"}
,{"stream_name":"stdout","time":1493.086382033,"data":"      }\n"}
,{"stream_name":"stdout","time":1493.086385785,"data":"    },\n"}
,{"stream_name":"stdout","time":1493.086389614,"data":"    \"fallback_frames\": 70,\n"}
,{"stream_name":"stdout","time":1493.086393484,"data":"    \"rows\": 400\n"}
,{"stream_name":"stdout","time":1493.086397325,"data":"  },\n"}
,{"stream_name":"stdout","time":1493.086401073,"data":"  \"experiment\": \"harmonic_bidirectional_association_v1\",\n"}
,{"stream_name":"stdout","time":1493.086405278,"data":"  \"hardware\": {\n"}
,{"stream_name":"stdout","time":1493.08640918,"data":"    \"visible_gpu_count\": 2\n"}
,{"stream_name":"stdout","time":1493.086413145,"data":"  },\n"}
,{"stream_name":"stdout","time":1493.086416846,"data":"  \"leaderboard_feedback_used_for_configuration\": true,\n"}
,{"stream_name":"stdout","time":1493.086421038,"data":"  \"method_attribution\": \"fixed-90 dual-seed baseline with harmonic mutual-support association fusion (rule from public CC0 notebook yusuketogashi/no-hack-biohub-cell-another-approch-3rd v18)\",\n"}
,{"stream_name":"stdout","time":1493.086614008,"data":"  \"metric_hack_used\": false,\n"}
,{"stream_name":"stdout","time":1493.086623987,"data":"  \"organizer_labels_used_for_configuration\": false,\n"}
,{"stream_name":"stdout","time":1493.086628521,"data":"  \"parent_experiment\": \"paired_bidirectional_primary_weight020_vs_forward_v1\",\n"}
,{"stream_name":"stdout","time":1493.086633467,"data":"  \"public_output_used\": false,\n"}
,{"stream_name":"stdout","time":1493.086646877,"data":"  \"quality_promotion\": {\n"}
,{"stream_name":"stdout","time":1493.086651712,"data":"    \"execute_push_submit\": \"FORBIDDEN_UNTIL_REQUIRED_CONDITION\",\n"}
,{"stream_name":"stdout","time":1493.086656626,"data":"    \"required_condition\": \"promote=true\",\n"}
,{"stream_name":"stdout","time":1493.086664653,"data":"    \"required_receipt\": \"bidirectional_blend_union13_receipt.json\",\n"}
,{"stream_name":"stdout","time":1493.08666936,"data":"    \"status\": \"candidate_unverified\",\n"}
,{"stream_name":"stdout","time":1493.086674288,"data":"    \"validated_receipt_sha256\": null\n"}
,{"stream_name":"stdout","time":1493.086678804,"data":"  },\n"}
,{"stream_name":"stdout","time":1493.08668331,"data":"  \"source_kernel\": \"raykkretzschmar/biohub-bidirectional-primary-union13-diagnostic-v1\",\n"}
,{"stream_name":"stdout","time":1493.086688078,"data":"  \"source_notebook_sha256\": \"3e65ca691941949196bf417030ea84fccafe16baaec174b2a63540451bb937e8\",\n"}
,{"stream_name":"stdout","time":1493.08669256,"data":"  \"status\": \"clean_graph_audit_pass_candidate_unverified_quality\",\n"}
,{"stream_name":"stdout","time":1493.086697213,"data":"  \"submission\": {\n"}
,{"stream_name":"stdout","time":1493.086701804,"data":"    \"datasets\": [\n"}
,{"stream_name":"stdout","time":1493.086706132,"data":"      \"44b6_0113de3b\",\n"}
,{"stream_name":"stdout","time":1493.08671071,"data":"      \"44b6_0b24845f\",\n"}
,{"stream_name":"stdout","time":1493.086714784,"data":"      \"6bba_05b6850b\",\n"}
,{"stream_name":"stdout","time":1493.086719478,"data":"      \"6bba_05db0fb1\"\n"}
,{"stream_name":"stdout","time":1493.086724019,"data":"    ],\n"}
,{"stream_name":"stdout","time":1493.086727638,"data":"    \"rows\": 241670,\n"}
,{"stream_name":"stdout","time":1493.08673229,"data":"    \"sha256\": \"2a3a679976398f43290acdba3430e2cb0d998b08ec00d4abc95db5ab89402ac2\"\n"}
,{"stream_name":"stdout","time":1493.086736658,"data":"  },\n"}
,{"stream_name":"stdout","time":1493.086741146,"data":"  \"topology\": {\n"}
,{"stream_name":"stdout","time":1493.08674577,"data":"    \"44b6_0113de3b\": {\n"}
,{"stream_name":"stdout","time":1493.086750155,"data":"      \"division_parents\": 41,\n"}
,{"stream_name":"stdout","time":1493.086754481,"data":"      \"edges\": 24799,\n"}
,{"stream_name":"stdout","time":1493.086770543,"data":"      \"max_indegree\": 1,\n"}
,{"stream_name":"stdout","time":1493.086775349,"data":"      \"max_outdegree\": 2,\n"}
,{"stream_name":"stdout","time":1493.086780321,"data":"      \"nodes\": 25539\n"}
,{"stream_name":"stdout","time":1493.086784988,"data":"    },\n"}
,{"stream_name":"stdout","time":1493.086789287,"data":"    \"44b6_0b24845f\": {\n"}
,{"stream_name":"stdout","time":1493.086793275,"data":"      \"division_parents\": 13,\n"}
,{"stream_name":"stdout","time":1493.086797704,"data":"      \"edges\": 19919,\n"}
,{"stream_name":"stdout","time":1493.086802241,"data":"      \"max_indegree\": 1,\n"}
,{"stream_name":"stdout","time":1493.086807246,"data":"      \"max_outdegree\": 2,\n"}
,{"stream_name":"stdout","time":1493.086811904,"data":"      \"nodes\": 21173\n"}
,{"stream_name":"stdout","time":1493.086816498,"data":"    },\n"}
,{"stream_name":"stdout","time":1493.08682031,"data":"    \"6bba_05b6850b\": {\n"}
,{"stream_name":"stdout","time":1493.086824355,"data":"      \"division_parents\": 10,\n"}
,{"stream_name":"stdout","time":1493.086829007,"data":"      \"edges\": 6040,\n"}
,{"stream_name":"stdout","time":1493.086833567,"data":"      \"max_indegree\": 1,\n"}
,{"stream_name":"stdout","time":1493.086837976,"data":"      \"max_outdegree\": 2,\n"}
,{"stream_name":"stdout","time":1493.08685459,"data":"      \"nodes\": 6228\n"}
,{"stream_name":"stdout","time":1493.086860075,"data":"    },\n"}
,{"stream_name":"stdout","time":1493.086864503,"data":"    \"6bba_05db0fb1\": {\n"}
,{"stream_name":"stdout","time":1493.086869142,"data":"      \"division_parents\": 26,\n"}
,{"stream_name":"stdout","time":1493.086874095,"data":"      \"edges\": 67973,\n"}
,{"stream_name":"stdout","time":1493.08687881,"data":"      \"max_indegree\": 1,\n"}
,{"stream_name":"stdout","time":1493.086883012,"data":"      \"max_outdegree\": 2,\n"}
,{"stream_name":"stdout","time":1493.086887641,"data":"      \"nodes\": 69999\n"}
,{"stream_name":"stdout","time":1493.086892091,"data":"    }\n"}
,{"stream_name":"stdout","time":1493.086896598,"data":"  }\n"}
,{"stream_name":"stdout","time":1493.086900343,"data":"}\n"}
,{"stream_name":"stdout","time":1493.676907351,"data":"Total submission rows: 241,670\n"}
,{"stream_name":"stderr","time":1499.917906765,"data":"/usr/local/lib/python3.12/dist-packages/mistune.py:435: SyntaxWarning: invalid escape sequence '\\|'\n"}
,{"stream_name":"stderr","time":1499.917959295,"data":"  cells[i][c] = re.sub('\\\\\\\\\\|', '|', cell)\n"}
,{"stream_name":"stderr","time":1500.075321937,"data":"/usr/local/lib/python3.12/dist-packages/nbconvert/filters/filter_links.py:36: SyntaxWarning: invalid escape sequence '\\_'\n"}
,{"stream_name":"stderr","time":1500.0753568,"data":"  text = re.sub(r'_', '\\_', text) # Escape underscores in display text\n"}
,{"stream_name":"stderr","time":1500.881528161,"data":"[NbConvertApp] Converting notebook __notebook__.ipynb to notebook\n"}
,{"stream_name":"stderr","time":1501.382532163,"data":"[NbConvertApp] Writing 490174 bytes to __notebook__.ipynb\n"}
,{"stream_name":"stderr","time":1504.193716318,"data":"[NbConvertApp] Converting notebook __notebook__.ipynb to html\n"}
,{"stream_name":"stderr","time":1505.907425754,"data":"[NbConvertApp] Support files will be in __results___files/\n"}
,{"stream_name":"stderr","time":1505.907478476,"data":"[NbConvertApp] Making directory __results___files\n"}
,{"stream_name":"stderr","time":1505.90788181,"data":"[NbConvertApp] Writing 1210100 bytes to __results__.html\n"}
]