[{"stream_name":"stderr","time":7.526607926,"data":"0.00s - Debugger warning: It seems that frozen modules are being used, which may\n"}
,{"stream_name":"stderr","time":7.526720443,"data":"0.00s - make the debugger miss breakpoints. Please pass -Xfrozen_modules=off\n"}
,{"stream_name":"stderr","time":7.526731942,"data":"0.00s - to python to disable frozen modules.\n"}
,{"stream_name":"stderr","time":7.526737161,"data":"0.00s - Note: Debugging will proceed. Set PYDEVD_DISABLE_FILE_VALIDATION=1 to disable this validation.\n"}
,{"stream_name":"stderr","time":8.14452378,"data":"0.00s - Debugger warning: It seems that frozen modules are being used, which may\n"}
,{"stream_name":"stderr","time":8.144557752,"data":"0.00s - make the debugger miss breakpoints. Please pass -Xfrozen_modules=off\n"}
,{"stream_name":"stderr","time":8.14456288,"data":"0.00s - to python to disable frozen modules.\n"}
,{"stream_name":"stderr","time":8.144566955,"data":"0.00s - Note: Debugging will proceed. Set PYDEVD_DISABLE_FILE_VALIDATION=1 to disable this validation.\n"}
,{"stream_name":"stdout","time":9.260753696,"data":"BIOHUB_PRESET: harmonic_v3_division_wide\n"}
,{"stream_name":"stdout","time":9.260800156,"data":"BIOHUB_SCORE_AXIS: public 0.939 base + holdout-selected post-process configuration\n"}
,{"stream_name":"stdout","time":9.298171579,"data":"Configuration guard: PASS\n"}
,{"stream_name":"stdout","time":9.298200256,"data":"Baseline: fixed-90 dual-seed clean pipeline (public LB 0.913)\n"}
,{"stream_name":"stdout","time":9.298206807,"data":"Single model-level change: harmonic mutual-support association fusion\n"}
,{"stream_name":"stdout","time":9.298212309,"data":"Reverse-time association weight: 0.200\n"}
,{"stream_name":"stdout","time":10.210901176,"data":"Biohub learned UNet + node-transformer + ILP submission\n"}
,{"stream_name":"stdout","time":10.210953503,"data":"COMP_DIR: /kaggle/input/competitions/biohub-cell-tracking-during-development exists: True\n"}
,{"stream_name":"stdout","time":10.210962134,"data":"TEST_DIR: /kaggle/input/competitions/biohub-cell-tracking-during-development/test exists: True\n"}
,{"stream_name":"stdout","time":10.210968276,"data":"{\n"}
,{"stream_name":"stdout","time":10.210973353,"data":"  \"adaptive_short_track_rescue\": true,\n"}
,{"stream_name":"stdout","time":10.210978494999999,"data":"  \"allow_artifact_fallback\": false,\n"}
,{"stream_name":"stdout","time":10.21098383,"data":"  \"allow_pip_install\": false,\n"}
,{"stream_name":"stdout","time":10.210988903,"data":"  \"deepcenter_checkpoint_default\": \"/kaggle/input/biohub-deepcenter-unet3d-center-prior-v1/weights/full_frame_center/best.pt\",\n"}
,{"stream_name":"stdout","time":10.211000138,"data":"  \"deepcenter_expected_epoch\": 2,\n"}
,{"stream_name":"stdout","time":10.21100387,"data":"  \"deepcenter_gap_add_gate\": true,\n"}
,{"stream_name":"stdout","time":10.2110073,"data":"  \"deepcenter_gap_confirm_min_span_um\": 8.5,\n"}
,{"stream_name":"stdout","time":10.21101072,"data":"  \"deepcenter_gap_threshold\": 0.25,\n"}
,{"stream_name":"stdout","time":10.211014305,"data":"  \"deepcenter_safe_div_add_gate\": true,\n"}
,{"stream_name":"stdout","time":10.211017708,"data":"  \"deepcenter_safe_div_threshold\": 0.25,\n"}
,{"stream_name":"stdout","time":10.211021508,"data":"  \"det_threshold\": 0.965,\n"}
,{"stream_name":"stdout","time":10.211025034,"data":"  \"div_drop_to_single_if_bad\": true,\n"}
,{"stream_name":"stdout","time":10.211028744,"data":"  \"div_parent_max_um\": 10.5,\n"}
,{"stream_name":"stdout","time":10.211032188,"data":"  \"div_sister_max_um\": 8.0,\n"}
,{"stream_name":"stdout","time":10.211035511,"data":"  \"experiment_tag\": \"047-TRUE_UNIFIED_SOTA\",\n"}
,{"stream_name":"stdout","time":10.21105042,"data":"  \"gap2_frame_frac_cap\": 0.006,\n"}
,{"stream_name":"stdout","time":10.211053353,"data":"  \"gap2_max_links_abs\": 180,\n"}
,{"stream_name":"stdout","time":10.211055919,"data":"  \"gap2_max_links_frac\": 0.0045,\n"}
,{"stream_name":"stdout","time":10.211058592,"data":"  \"gap2_max_step_um\": 4.0,\n"}
,{"stream_name":"stdout","time":10.211061219,"data":"  \"gap2_max_total_um\": 10.2,\n"}
,{"stream_name":"stdout","time":10.211063773,"data":"  \"gap2_require_context\": true,\n"}
,{"stream_name":"stdout","time":10.211066357,"data":"  \"gap_close_effective_max_gap\": 1,\n"}
,{"stream_name":"stdout","time":10.211068954,"data":"  \"gap_close_max_added_abs\": 2000,\n"}
,{"stream_name":"stdout","time":10.2110715,"data":"  \"gap_close_max_added_frac\": 0.05,\n"}
,{"stream_name":"stdout","time":10.211074143,"data":"  \"gap_close_max_gap\": 2,\n"}
,{"stream_name":"stdout","time":10.211076673,"data":"  \"gap_close_reuse_existing\": true,\n"}
,{"stream_name":"stdout","time":10.211079332,"data":"  \"gap_close_reuse_um\": 2.8,\n"}
,{"stream_name":"stdout","time":10.211081888,"data":"  \"gap_close_um\": 4.5,\n"}
,{"stream_name":"stdout","time":10.211084493,"data":"  \"gap_density_adaptive\": true,\n"}
,{"stream_name":"stdout","time":10.211087183,"data":"  \"gap_density_gain\": 0.04,\n"}
,{"stream_name":"stdout","time":10.211089763,"data":"  \"gap_density_max_step_delta_um\": 0.125,\n"}
,{"stream_name":"stdout","time":10.211092438,"data":"  \"gap_density_neighbors\": 3,\n"}
,{"stream_name":"stdout","time":10.21109501,"data":"  \"gap_density_reference_um\": 6.5,\n"}
,{"stream_name":"stdout","time":10.211097657,"data":"  \"gap_refine_max_shift_um\": 3.2,\n"}
,{"stream_name":"stdout","time":10.211100232,"data":"  \"gap_refine_synthetic\": true,\n"}
,{"stream_name":"stdout","time":10.211102784,"data":"  \"gap_refine_win_yx\": 3,\n"}
,{"stream_name":"stdout","time":10.211105373,"data":"  \"gap_refine_win_z\": 1,\n"}
,{"stream_name":"stdout","time":10.211107918,"data":"  \"ilp_appearance_weight\": 0.0,\n"}
,{"stream_name":"stdout","time":10.211110564,"data":"  \"ilp_disappearance_weight\": 2.0,\n"}
,{"stream_name":"stdout","time":10.211113172,"data":"  \"ilp_division_weight\": 1.2,\n"}
,{"stream_name":"stdout","time":10.211115715,"data":"  \"ilp_edge_weight\": -1.0,\n"}
,{"stream_name":"stdout","time":10.211118259,"data":"  \"method\": \"unet_transformer\",\n"}
,{"stream_name":"stdout","time":10.211120976,"data":"  \"motion_relink_learned_bonus\": 1.0,\n"}
,{"stream_name":"stdout","time":10.211123561,"data":"  \"motion_relink_max_frame_nodes\": 2600,\n"}
,{"stream_name":"stdout","time":10.211126121,"data":"  \"motion_relink_relaxed_um\": 9.0,\n"}
,{"stream_name":"stdout","time":10.211128695,"data":"  \"motion_relink_tight_um\": 5.0,\n"}
,{"stream_name":"stdout","time":10.211131244,"data":"  \"motion_relink_velocity_weight\": 0.5,\n"}
,{"stream_name":"stdout","time":10.211133781,"data":"  \"output_division_geometry_filter\": false,\n"}
,{"stream_name":"stdout","time":10.211136396,"data":"  \"output_edge_max_um\": 14.0,\n"}
,{"stream_name":"stdout","time":10.211138927,"data":"  \"output_enforce_next_frame\": true,\n"}
,{"stream_name":"stdout","time":10.211142755,"data":"  \"output_filter_short_tracks\": true,\n"}
,{"stream_name":"stdout","time":10.211145377,"data":"  \"output_gap2_recovery\": true,\n"}
,{"stream_name":"stdout","time":10.21114794,"data":"  \"output_gap_close\": true,\n"}
,{"stream_name":"stdout","time":10.211156935,"data":"  \"output_keep_division_components\": true,\n"}
,{"stream_name":"stdout","time":10.211162924,"data":"  \"output_linefit_smooth\": true,\n"}
,{"stream_name":"stdout","time":10.21116556,"data":"  \"output_linefit_weight\": 0.8,\n"}
,{"stream_name":"stdout","time":10.211168125,"data":"  \"output_linefit_window\": 2,\n"}
,{"stream_name":"stdout","time":10.211170699,"data":"  \"output_min_track_len\": 6,\n"}
,{"stream_name":"stdout","time":10.211173293,"data":"  \"output_motion_relink\": true,\n"}
,{"stream_name":"stdout","time":10.211175866,"data":"  \"output_prune_isolated\": true,\n"}
,{"stream_name":"stdout","time":10.211178422,"data":"  \"output_safe_divisions\": true,\n"}
,{"stream_name":"stdout","time":10.211180975,"data":"  \"output_single_child_repair\": false,\n"}
,{"stream_name":"stdout","time":10.211183558,"data":"  \"output_single_parent_repair\": true,\n"}
,{"stream_name":"stdout","time":10.21118617,"data":"  \"primary_artifact_manifest\": \"/kaggle/input/datasets/pilkwang/biohub-tracking-support-pack-50ep-v1/ARTIFACT_MANIFEST.json\",\n"}
,{"stream_name":"stdout","time":10.211189126,"data":"  \"safe_div_existing_child_max_um\": 10.0,\n"}
,{"stream_name":"stdout","time":10.211191707,"data":"  \"safe_div_frame_frac_cap\": 0.0076,\n"}
,{"stream_name":"stdout","time":10.211194353,"data":"  \"safe_div_global_frac_cap\": 0.00375,\n"}
,{"stream_name":"stdout","time":10.211196957,"data":"  \"safe_div_max_um\": 9.0,\n"}
,{"stream_name":"stdout","time":10.211199548,"data":"  \"safe_div_sister_max_um\": 14.0,\n"}
,{"stream_name":"stdout","time":10.211202099,"data":"  \"short_track_rescue_max_mean_edge_dist_um\": 3.0,\n"}
,{"stream_name":"stdout","time":10.211204735,"data":"  \"short_track_rescue_max_nodes_abs\": 120,\n"}
,{"stream_name":"stdout","time":10.211207322,"data":"  \"short_track_rescue_max_nodes_frac\": 0.012,\n"}
,{"stream_name":"stdout","time":10.211209953000001,"data":"  \"short_track_rescue_min_len\": 4,\n"}
,{"stream_name":"stdout","time":10.211212596,"data":"  \"short_track_rescue_min_mean_edge_prob\": 0.88,\n"}
,{"stream_name":"stdout","time":10.211215234,"data":"  \"short_track_rescue_trigger_removed_frac\": 0.1,\n"}
,{"stream_name":"stdout","time":10.21121787,"data":"  \"slice\": \"\",\n"}
,{"stream_name":"stdout","time":10.211220528,"data":"  \"target_artifact_slug\": \"biohub-tracking-support-pack-50ep-v1\",\n"}
,{"stream_name":"stdout","time":10.211223234,"data":"  \"unet_batch_size\": 8,\n"}
,{"stream_name":"stdout","time":10.211225822,"data":"  \"use_deepcenter_add_only_gate\": true,\n"}
,{"stream_name":"stdout","time":10.211228422,"data":"  \"use_ilp\": true,\n"}
,{"stream_name":"stdout","time":10.211231062,"data":"  \"weights\": \"weights/unet_transformer/split_0/edge_predictor_best.pth\"\n"}
,{"stream_name":"stdout","time":10.211233831,"data":"}\n"}
,{"stream_name":"stdout","time":10.420485829,"data":"ARTIFACTS: /kaggle/input/datasets/pilkwang/biohub-tracking-support-pack-50ep-v1\n"}
,{"stream_name":"stdout","time":10.42051716,"data":"Has offline wheels: True\n"}
,{"stream_name":"stdout","time":10.420521999,"data":"Artifact name: biohub-tracking-support-pack-400ep-snapshot-v1\n"}
,{"stream_name":"stdout","time":10.420530873,"data":"Weight sha256: 12f6881ee3620a831697ca098ff8f48e687a24225f4e048b538deec3562fe771\n"}
,{"stream_name":"stdout","time":10.420534221,"data":"Weight path: weights/unet_transformer/split_0/edge_predictor_best.pth\n"}
,{"stream_name":"stdout","time":11.215110057,"data":"Installing missing packages from offline package dirs: ['polars']\n"}
,{"stream_name":"stdout","time":11.215142424,"data":"Dependency resolver is disabled with --no-deps to avoid replacing Kaggle numpy/scipy in a live kernel.\n"}
,{"stream_name":"stdout","time":11.215163789,"data":"Offline package dirs: ['/kaggle/input/datasets/pilkwang/biohub-tracking-support-pack-50ep-v1/wheels']\n"}
,{"stream_name":"stdout","time":16.94239334,"data":"Offline dependency install succeeded.\n"}
,{"stream_name":"stdout","time":16.942464712,"data":"Installing missing packages from offline package dirs: ['tracksdata', 'zarr', 'pyscipopt', 'geff', 'geff_spec', 'ilpy', 'imagecodecs', 'rustworkx', 'numcodecs', 'donfig', 'bidict']\n"}
,{"stream_name":"stdout","time":16.942472445,"data":"Dependency resolver is disabled with --no-deps to avoid replacing Kaggle numpy/scipy in a live kernel.\n"}
,{"stream_name":"stdout","time":16.942477344,"data":"Offline package dirs: ['/kaggle/input/datasets/pilkwang/biohub-tracking-support-pack-50ep-v1/wheels']\n"}
,{"stream_name":"stdout","time":44.076373896,"data":"Offline dependency install succeeded.\n"}
,{"stream_name":"stderr","time":51.880604057,"data":"/usr/local/lib/python3.12/dist-packages/dask/array/image.py:7: FutureWarning: `find_available_plugins` is deprecated since version 0.25 and will be removed in version 0.27. The plugin infrastructure of `skimage.io` is deprecated. Instead, use `imageio` or other I/O packages directly.\n"}
,{"stream_name":"stderr","time":51.8806366,"data":"  from skimage.io import imread as sk_imread\n"}
,{"stream_name":"stderr","time":51.880643069,"data":"/usr/lib/python3.12/importlib/__init__.py:90: FutureWarning: `reset_plugins` is deprecated since version 0.25 and will be removed in version 0.27. The plugin infrastructure of `skimage.io` is deprecated. Instead, use `imageio` or other I/O packages directly.\n"}
,{"stream_name":"stderr","time":51.880648961,"data":"  return _bootstrap._gcd_import(name[level:], package, level)\n"}
,{"stream_name":"stderr","time":51.88065409,"data":"\n"}
,{"stream_name":"stderr","time":51.88065866,"data":"/usr/local/lib/python3.12/dist-packages/dask/array/image.py:7: FutureWarning: `find_available_plugins` is deprecated since version 0.25 and will be removed in version 0.27. The plugin infrastructure of `skimage.io` is deprecated. Instead, use `imageio` or other I/O packages directly.\n"}
,{"stream_name":"stderr","time":51.880664706,"data":"  from skimage.io import imread as sk_imread\n"}
,{"stream_name":"stderr","time":51.880669612,"data":"/usr/lib/python3.12/importlib/__init__.py:90: FutureWarning: `reset_plugins` is deprecated since version 0.25 and will be removed in version 0.27. The plugin infrastructure of `skimage.io` is deprecated. Instead, use `imageio` or other I/O packages directly.\n"}
,{"stream_name":"stderr","time":51.880690552,"data":"  return _bootstrap._gcd_import(name[level:], package, level)\n"}
,{"stream_name":"stdout","time":52.10475771,"data":"Required graph/Zarr/ILP packages import successfully.\n"}
,{"stream_name":"stdout","time":52.104796008,"data":"Inference repo: /kaggle/working/tracking_repo\n"}
,{"stream_name":"stdout","time":52.104800574,"data":"Weights: /kaggle/working/tracking_repo/weights/unet_transformer/split_0/edge_predictor_best.pth\n"}
,{"stream_name":"stdout","time":52.731866726,"data":"Support repo Python manifest SHA256: 978b626d1fd1e7397435a437dfe68691defe1572fc3c20e61012d7c9b52ed029\n"}
,{"stream_name":"stdout","time":52.731918402,"data":"Primary materialized SHA256: 12f6881ee3620a831697ca098ff8f48e687a24225f4e048b538deec3562fe771\n"}
,{"stream_name":"stdout","time":52.731923714,"data":"DeepCenter materialized SHA256: 8040999a92f6b7bbd98fa8cf458141e045c0f9ad7c936bdb3b18e1f7edafe2a0\n"}
,{"stream_name":"stdout","time":401.629962605,"data":"Secondary artifact: /kaggle/input/datasets/pilkwang/biohub-temporal-unet3d-seed314159-v1\n"}
,{"stream_name":"stdout","time":401.630019563,"data":"Secondary weight: /kaggle/working/secondary_seed_weights/unet_transformer/split_0/edge_predictor_best.pth\n"}
,{"stream_name":"stdout","time":401.63005426,"data":"Secondary SHA256: 9bac2fa0dadc4a6fc1899e0caf187f4b553e0a7cd90ba1261a68b35ffe9e305f\n"}
,{"stream_name":"stdout","time":401.630058956,"data":"Secondary edge-logit weight: 0.15\n"}
,{"stream_name":"stdout","time":401.630062886,"data":"Runtime integrity receipt: /kaggle/working/bidirectional_production_runtime_integrity.json\n"}
,{"stream_name":"stdout","time":406.294843115,"data":"CUDA device: Tesla T4\n"}
,{"stream_name":"stdout","time":406.294892368,"data":"TTA patch applied (400ep spatial D4-style)\n"}
,{"stream_name":"stdout","time":406.29489825,"data":"Calibrated dual-seed runtime patch applied\n"}
,{"stream_name":"stdout","time":406.294902191,"data":"Frozen frame retention guard applied at 0.90\n"}
,{"stream_name":"stdout","time":406.294905579,"data":"Bidirectional harmonic-probability association fusion applied | weight= 0.15\n"}
,{"stream_name":"stdout","time":406.294909308,"data":"Pre-ILP detector-coordinate manifest hook applied\n"}
,{"stream_name":"stdout","time":406.294913216,"data":"EDGE_TTA patch installed and enabled in /kaggle/working/tracking_repo/scripts/predict_unet_transformer.py\n"}
,{"stream_name":"stdout","time":406.294917256,"data":"secondary edge-feature TTA patch installed and enabled\n"}
,{"stream_name":"stdout","time":406.301052748,"data":"Found 4 test videos\n"}
,{"stream_name":"stdout","time":406.301077158,"data":"['44b6_0113de3b', '44b6_0b24845f', '6bba_05b6850b', '6bba_05db0fb1']\n"}
,{"stream_name":"stdout","time":406.301082732,"data":"Launching 2 independent video shards on CUDA devices ['0', '1']\n"}
,{"stream_name":"stdout","time":406.301087469,"data":"GPU shard 0: CUDA_VISIBLE_DEVICES=0 | /usr/bin/python3 scripts/predict_unet_transformer.py --data-dir /kaggle/input/competitions/biohub-cell-tracking-during-development/test --splits kaggle_test_splits_50ep.json --split 0 --weights weights/unet_transformer/split_0/edge_predictor_best.pth --unet-batch-size 8 --det-threshold 0.965 --ilp-edge-weight -1.0 --ilp-appearance-weight 0.0 --ilp-disappearance-weight 2.0 --ilp-division-weight 1.2 --use-ilp --method unet_transformer_gpu0 --slice 0::2\n"}
,{"stream_name":"stdout","time":406.302139832,"data":"GPU shard 1: CUDA_VISIBLE_DEVICES=1 | /usr/bin/python3 scripts/predict_unet_transformer.py --data-dir /kaggle/input/competitions/biohub-cell-tracking-during-development/test --splits kaggle_test_splits_50ep.json --split 0 --weights weights/unet_transformer/split_0/edge_predictor_best.pth --unet-batch-size 8 --det-threshold 0.965 --ilp-edge-weight -1.0 --ilp-appearance-weight 0.0 --ilp-disappearance-weight 2.0 --ilp-division-weight 1.2 --use-ilp --method unet_transformer_gpu1 --slice 1::2\n"}
,{"stream_name":"stderr","time":411.789793387,"data":"/usr/local/lib/python3.12/dist-packages/dask/array/image.py:7: FutureWarning: `find_available_plugins` is deprecated since version 0.25 and will be removed in version 0.27. The plugin infrastructure of `skimage.io` is deprecated. Instead, use `imageio` or other I/O packages directly.\n"}
,{"stream_name":"stderr","time":411.789878456,"data":"  from skimage.io import imread as sk_imread\n"}
,{"stream_name":"stderr","time":411.795075327,"data":"/usr/lib/python3.12/importlib/__init__.py:90: FutureWarning: `reset_plugins` is deprecated since version 0.25 and will be removed in version 0.27. The plugin infrastructure of `skimage.io` is deprecated. Instead, use `imageio` or other I/O packages directly.\n"}
,{"stream_name":"stderr","time":411.795096582,"data":"  return _bootstrap._gcd_import(name[level:], package, level)\n"}
,{"stream_name":"stderr","time":411.850299483,"data":"/usr/local/lib/python3.12/dist-packages/dask/array/image.py:7: FutureWarning: `find_available_plugins` is deprecated since version 0.25 and will be removed in version 0.27. The plugin infrastructure of `skimage.io` is deprecated. Instead, use `imageio` or other I/O packages directly.\n"}
,{"stream_name":"stderr","time":411.85038006,"data":"  from skimage.io import imread as sk_imread\n"}
,{"stream_name":"stderr","time":411.855578033,"data":"/usr/lib/python3.12/importlib/__init__.py:90: FutureWarning: `reset_plugins` is deprecated since version 0.25 and will be removed in version 0.27. The plugin infrastructure of `skimage.io` is deprecated. Instead, use `imageio` or other I/O packages directly.\n"}
,{"stream_name":"stderr","time":411.855596505,"data":"  return _bootstrap._gcd_import(name[level:], package, level)\n"}
,{"stream_name":"stderr","time":411.9924224,"data":"/usr/local/lib/python3.12/dist-packages/dask/array/image.py:7: FutureWarning: `find_available_plugins` is deprecated since version 0.25 and will be removed in version 0.27. The plugin infrastructure of `skimage.io` is deprecated. Instead, use `imageio` or other I/O packages directly.\n"}
,{"stream_name":"stderr","time":411.992449596,"data":"  from skimage.io import imread as sk_imread\n"}
,{"stream_name":"stderr","time":411.992454656,"data":"/usr/lib/python3.12/importlib/__init__.py:90: FutureWarning: `reset_plugins` is deprecated since version 0.25 and will be removed in version 0.27. The plugin infrastructure of `skimage.io` is deprecated. Instead, use `imageio` or other I/O packages directly.\n"}
,{"stream_name":"stderr","time":411.992459995,"data":"  return _bootstrap._gcd_import(name[level:], package, level)\n"}
,{"stream_name":"stderr","time":411.992464054,"data":"/usr/local/lib/python3.12/dist-packages/dask/array/image.py:7: FutureWarning: `find_available_plugins` is deprecated since version 0.25 and will be removed in version 0.27. The plugin infrastructure of `skimage.io` is deprecated. Instead, use `imageio` or other I/O packages directly.\n"}
,{"stream_name":"stderr","time":411.992468812,"data":"  from skimage.io import imread as sk_imread\n"}
,{"stream_name":"stderr","time":411.992473034,"data":"/usr/lib/python3.12/importlib/__init__.py:90: FutureWarning: `reset_plugins` is deprecated since version 0.25 and will be removed in version 0.27. The plugin infrastructure of `skimage.io` is deprecated. Instead, use `imageio` or other I/O packages directly.\n"}
,{"stream_name":"stderr","time":411.992477824,"data":"  return _bootstrap._gcd_import(name[level:], package, level)\n"}
,{"stream_name":"stderr","time":411.992482125,"data":"\n"}
,{"stream_name":"stderr","time":411.992485729,"data":"/usr/local/lib/python3.12/dist-packages/dask/array/image.py:7: FutureWarning: `find_available_plugins` is deprecated since version 0.25 and will be removed in version 0.27. The plugin infrastructure of `skimage.io` is deprecated. Instead, use `imageio` or other I/O packages directly.\n"}
,{"stream_name":"stderr","time":411.992490565,"data":"  from skimage.io import imread as sk_imread\n"}
,{"stream_name":"stderr","time":411.9924944,"data":"/usr/lib/python3.12/importlib/__init__.py:90: FutureWarning: `reset_plugins` is deprecated since version 0.25 and will be removed in version 0.27. The plugin infrastructure of `skimage.io` is deprecated. Instead, use `imageio` or other I/O packages directly.\n"}
,{"stream_name":"stderr","time":411.992498965,"data":"  return _bootstrap._gcd_import(name[level:], package, level)\n"}
,{"stream_name":"stderr","time":411.99250455,"data":"/usr/local/lib/python3.12/dist-packages/dask/array/image.py:7: FutureWarning: `find_available_plugins` is deprecated since version 0.25 and will be removed in version 0.27. The plugin infrastructure of `skimage.io` is deprecated. Instead, use `imageio` or other I/O packages directly.\n"}
,{"stream_name":"stderr","time":411.992509218,"data":"  from skimage.io import imread as sk_imread\n"}
,{"stream_name":"stderr","time":411.992524925,"data":"/usr/lib/python3.12/importlib/__init__.py:90: FutureWarning: `reset_plugins` is deprecated since version 0.25 and will be removed in version 0.27. The plugin infrastructure of `skimage.io` is deprecated. Instead, use `imageio` or other I/O packages directly.\n"}
,{"stream_name":"stderr","time":411.992529734,"data":"  return _bootstrap._gcd_import(name[level:], package, level)\n"}
,{"stream_name":"stdout","time":412.509185579,"data":"Secondary model: /kaggle/working/secondary_seed_weights/unet_transformer/split_0/edge_predictor_best.pth | edge weight=0.150 | detection weight=0.800 | link mode=low_margin_consensus | temperature=1.000 | low-margin max=0.350 | edge threshold=0.480\n"}
,{"stream_name":"stdout","time":412.509243161,"data":"Fold 0: 2 datasets | weights=weights/unet_transformer/split_0/edge_predictor_best.pth | device=cuda | window_size=2 | pool_kernel_um=3.0\n"}
,{"stream_name":"stdout","time":412.5168975,"data":"Secondary model: /kaggle/working/secondary_seed_weights/unet_transformer/split_0/edge_predictor_best.pth | edge weight=0.150 | detection weight=0.800 | link mode=low_margin_consensus | temperature=1.000 | low-margin max=0.350 | edge threshold=0.480\n"}
,{"stream_name":"stdout","time":412.516941384,"data":"Fold 0: 2 datasets | weights=weights/unet_transformer/split_0/edge_predictor_best.pth | device=cuda | window_size=2 | pool_kernel_um=3.0\n"}
,{"stream_name":"stdout","time":412.711225288,"data":"Secondary model: /kaggle/working/secondary_seed_weights/unet_transformer/split_0/edge_predictor_best.pth | edge weight=0.150 | detection weight=0.800 | link mode=low_margin_consensus | temperature=1.000 | low-margin max=0.350 | edge threshold=0.480\n"}
,{"stream_name":"stdout","time":412.711278788,"data":"Fold 0: 2 datasets | weights=weights/unet_transformer/split_0/edge_predictor_best.pth | device=cuda | window_size=2 | pool_kernel_um=3.0\n"}
,{"stream_name":"stdout","time":412.711285442,"data":"Secondary model: /kaggle/working/secondary_seed_weights/unet_transformer/split_0/edge_predictor_best.pth | edge weight=0.150 | detection weight=0.800 | link mode=low_margin_consensus | temperature=1.000 | low-margin max=0.350 | edge threshold=0.480\n"}
,{"stream_name":"stdout","time":412.7112905,"data":"Fold 0: 2 datasets | weights=weights/unet_transformer/split_0/edge_predictor_best.pth | device=cuda | window_size=2 | pool_kernel_um=3.0\n"}
,{"stream_name":"stdout","time":414.78483103,"data":"EDGE_TTA_ACTIVE views= 10 mean_abs_feat_delta= 0.346398\n"}
,{"stream_name":"stdout","time":414.784869715,"data":"EDGE_TTA_ACTIVE views= 10 mean_abs_feat_delta= 0.317101\n"}
,{"stream_name":"stdout","time":414.987699025,"data":"EDGE_TTA_ACTIVE views= 10 mean_abs_feat_delta= 0.346398\n"}
,{"stream_name":"stdout","time":414.987743444,"data":"EDGE_TTA_ACTIVE views= 10 mean_abs_feat_delta= 0.317101\n"}
,{"stream_name":"stdout","time":415.665359951,"data":"SECONDARY_EDGE_TTA_ACTIVE views= 8 weight= 0.75 mean_abs_feat_delta= 0.230737\n"}
,{"stream_name":"stdout","time":415.665401824,"data":"SECONDARY_EDGE_TTA_ACTIVE views= 8 weight= 0.75 mean_abs_feat_delta= 0.28166\n"}
,{"stream_name":"stdout","time":415.792885798,"data":"BIOHUB_RETENTION_GUARD {\"blended_candidates\": 391, \"dataset\": \"44b6_0b24845f\", \"frame\": 0, \"minimum_retention\": 0.9, \"primary_candidates\": 459, \"retention\": 0.8518518518518519, \"use_primary\": true}\n"}
,{"stream_name":"stdout","time":415.794500891,"data":"BIOHUB_RETENTION_GUARD {\"blended_candidates\": 392, \"dataset\": \"44b6_0b24845f\", \"frame\": 1, \"minimum_retention\": 0.9, \"primary_candidates\": 456, \"retention\": 0.8596491228070176, \"use_primary\": true}\n"}
,{"stream_name":"stdout","time":415.868379139,"data":"SECONDARY_EDGE_TTA_ACTIVE views= 8 weight= 0.75 mean_abs_feat_delta= 0.230737\n"}
,{"stream_name":"stdout","time":415.868443353,"data":"SECONDARY_EDGE_TTA_ACTIVE views= 8 weight= 0.75 mean_abs_feat_delta= 0.28166\n"}
,{"stream_name":"stdout","time":415.86844989,"data":"BIOHUB_RETENTION_GUARD {\"blended_candidates\": 391, \"dataset\": \"44b6_0b24845f\", \"frame\": 0, \"minimum_retention\": 0.9, \"primary_candidates\": 459, \"retention\": 0.8518518518518519, \"use_primary\": true}\n"}
,{"stream_name":"stdout","time":415.868456349,"data":"BIOHUB_RETENTION_GUARD {\"blended_candidates\": 392, \"dataset\": \"44b6_0b24845f\", \"frame\": 1, \"minimum_retention\": 0.9, \"primary_candidates\": 456, \"retention\": 0.8596491228070176, \"use_primary\": true}\n"}
,{"stream_name":"stdout","time":420.090501634,"data":"EDGE_TTA_ACTIVE views= 10 mean_abs_feat_delta= 0.322136\n"}
,{"stream_name":"stdout","time":420.098288066,"data":"EDGE_TTA_ACTIVE views= 10 mean_abs_feat_delta= 0.347899\n"}
,{"stream_name":"stdout","time":420.292987389,"data":"EDGE_TTA_ACTIVE views= 10 mean_abs_feat_delta= 0.322136\n"}
,{"stream_name":"stdout","time":420.29303535,"data":"EDGE_TTA_ACTIVE views= 10 mean_abs_feat_delta= 0.347899\n"}
,{"stream_name":"stdout","time":420.97294853,"data":"SECONDARY_EDGE_TTA_ACTIVE views= 8 weight= 0.75 mean_abs_feat_delta= 0.23209\n"}
,{"stream_name":"stdout","time":420.974007586,"data":"SECONDARY_EDGE_TTA_ACTIVE views= 8 weight= 0.75 mean_abs_feat_delta= 0.288809\n"}
,{"stream_name":"stdout","time":420.979464771,"data":"BIOHUB_RETENTION_GUARD {\"blended_candidates\": 333, \"dataset\": \"44b6_0b24845f\", \"frame\": 2, \"minimum_retention\": 0.9, \"primary_candidates\": 395, \"retention\": 0.8430379746835444, \"use_primary\": true}\n"}
,{"stream_name":"stdout","time":421.174389587,"data":"SECONDARY_EDGE_TTA_ACTIVE views= 8 weight= 0.75 mean_abs_feat_delta= 0.23209\n"}
,{"stream_name":"stdout","time":421.174424655,"data":"SECONDARY_EDGE_TTA_ACTIVE views= 8 weight= 0.75 mean_abs_feat_delta= 0.288809\n"}
,{"stream_name":"stdout","time":421.174430086,"data":"BIOHUB_RETENTION_GUARD {\"blended_candidates\": 333, \"dataset\": \"44b6_0b24845f\", \"frame\": 2, \"minimum_retention\": 0.9, \"primary_candidates\": 395, \"retention\": 0.8430379746835444, \"use_primary\": true}\n"}
,{"stream_name":"stdout","time":422.224759454,"data":"EDGE_TTA_ACTIVE views= 10 mean_abs_feat_delta= 0.321052\n"}
,{"stream_name":"stdout","time":422.259362435,"data":"EDGE_TTA_ACTIVE views= 10 mean_abs_feat_delta= 0.340017\n"}
,{"stream_name":"stdout","time":422.427745603,"data":"EDGE_TTA_ACTIVE views= 10 mean_abs_feat_delta= 0.321052\n"}
,{"stream_name":"stdout","time":422.427777228,"data":"EDGE_TTA_ACTIVE views= 10 mean_abs_feat_delta= 0.340017\n"}
,{"stream_name":"stdout","time":423.110758851,"data":"SECONDARY_EDGE_TTA_ACTIVE views= 8 weight= 0.75 mean_abs_feat_delta= 0.232786\n"}
,{"stream_name":"stdout","time":423.135959865,"data":"SECONDARY_EDGE_TTA_ACTIVE views= 8 weight= 0.75 mean_abs_feat_delta= 0.287127\n"}
,{"stream_name":"stdout","time":423.14019274,"data":"BIOHUB_RETENTION_GUARD {\"blended_candidates\": 369, \"dataset\": \"44b6_0b24845f\", \"frame\": 3, \"minimum_retention\": 0.9, \"primary_candidates\": 432, \"retention\": 0.8541666666666666, \"use_primary\": true}\n"}
,{"stream_name":"stdout","time":423.313222731,"data":"SECONDARY_EDGE_TTA_ACTIVE views= 8 weight= 0.75 mean_abs_feat_delta= 0.232786\n"}
,{"stream_name":"stdout","time":423.313262705,"data":"SECONDARY_EDGE_TTA_ACTIVE views= 8 weight= 0.75 mean_abs_feat_delta= 0.287127\n"}
,{"stream_name":"stdout","time":423.313267566,"data":"BIOHUB_RETENTION_GUARD {\"blended_candidates\": 369, \"dataset\": \"44b6_0b24845f\", \"frame\": 3, \"minimum_retention\": 0.9, \"primary_candidates\": 432, \"retention\": 0.8541666666666666, \"use_primary\": true}\n"}
,{"stream_name":"stdout","time":424.329199089,"data":"EDGE_TTA_ACTIVE views= 10 mean_abs_feat_delta= 0.322552\n"}
,{"stream_name":"stdout","time":424.383952187,"data":"EDGE_TTA_ACTIVE views= 10 mean_abs_feat_delta= 0.344572\n"}
,{"stream_name":"stdout","time":424.531609776,"data":"EDGE_TTA_ACTIVE views= 10 mean_abs_feat_delta= 0.322552\n"}
,{"stream_name":"stdout","time":424.531635805,"data":"EDGE_TTA_ACTIVE views= 10 mean_abs_feat_delta= 0.344572\n"}
,{"stream_name":"stdout","time":425.217951634,"data":"SECONDARY_EDGE_TTA_ACTIVE views= 8 weight= 0.75 mean_abs_feat_delta= 0.232764\n"}
,{"stream_name":"stdout","time":425.276437747,"data":"SECONDARY_EDGE_TTA_ACTIVE views= 8 weight= 0.75 mean_abs_feat_delta= 0.283303\n"}
,{"stream_name":"stdout","time":425.281244261,"data":"BIOHUB_RETENTION_GUARD {\"blended_candidates\": 346, \"dataset\": \"44b6_0b24845f\", \"frame\": 4, \"minimum_retention\": 0.9, \"primary_candidates\": 418, \"retention\": 0.8277511961722488, \"use_primary\": true}\n"}
,{"stream_name":"stdout","time":425.420987372,"data":"SECONDARY_EDGE_TTA_ACTIVE views= 8 weight= 0.75 mean_abs_feat_delta= 0.232764\n"}
,{"stream_name":"stdout","time":425.42102931,"data":"SECONDARY_EDGE_TTA_ACTIVE views= 8 weight= 0.75 mean_abs_feat_delta= 0.283303\n"}
,{"stream_name":"stdout","time":425.421033492,"data":"BIOHUB_RETENTION_GUARD {\"blended_candidates\": 346, \"dataset\": \"44b6_0b24845f\", \"frame\": 4, \"minimum_retention\": 0.9, \"primary_candidates\": 418, \"retention\": 0.8277511961722488, \"use_primary\": true}\n"}
,{"stream_name":"stdout","time":426.503431344,"data":"EDGE_TTA_ACTIVE views= 10 mean_abs_feat_delta= 0.324932\n"}
,{"stream_name":"stdout","time":426.547609437,"data":"EDGE_TTA_ACTIVE views= 10 mean_abs_feat_delta= 0.347738\n"}
,{"stream_name":"stdout","time":426.705867729,"data":"EDGE_TTA_ACTIVE views= 10 mean_abs_feat_delta= 0.324932\n"}
,{"stream_name":"stdout","time":426.705901268,"data":"EDGE_TTA_ACTIVE views= 10 mean_abs_feat_delta= 0.347738\n"}
,{"stream_name":"stdout","time":427.396325641,"data":"SECONDARY_EDGE_TTA_ACTIVE views= 8 weight= 0.75 mean_abs_feat_delta= 0.236445\n"}
,{"stream_name":"stdout","time":427.430446502,"data":"SECONDARY_EDGE_TTA_ACTIVE views= 8 weight= 0.75 mean_abs_feat_delta= 0.289665\n"}
,{"stream_name":"stdout","time":427.434518725,"data":"BIOHUB_RETENTION_GUARD {\"blended_candidates\": 331, \"dataset\": \"44b6_0b24845f\", \"frame\": 5, \"minimum_retention\": 0.9, \"primary_candidates\": 392, \"retention\": 0.8443877551020408, \"use_primary\": true}\n"}
,{"stream_name":"stdout","time":427.598951901,"data":"SECONDARY_EDGE_TTA_ACTIVE views= 8 weight= 0.75 mean_abs_feat_delta= 0.236445\n"}
,{"stream_name":"stdout","time":427.598997125,"data":"SECONDARY_EDGE_TTA_ACTIVE views= 8 weight= 0.75 mean_abs_feat_delta= 0.289665\n"}
,{"stream_name":"stdout","time":427.59900343,"data":"BIOHUB_RETENTION_GUARD {\"blended_candidates\": 331, \"dataset\": \"44b6_0b24845f\", \"frame\": 5, \"minimum_retention\": 0.9, \"primary_candidates\": 392, \"retention\": 0.8443877551020408, \"use_primary\": true}\n"}
,{"stream_name":"stdout","time":428.645663373,"data":"EDGE_TTA_ACTIVE views= 10 mean_abs_feat_delta= 0.328529\n"}
,{"stream_name":"stdout","time":428.691239599,"data":"EDGE_TTA_ACTIVE views= 10 mean_abs_feat_delta= 0.348674\n"}
,{"stream_name":"stdout","time":428.848229062,"data":"EDGE_TTA_ACTIVE views= 10 mean_abs_feat_delta= 0.328529\n"}
,{"stream_name":"stdout","time":428.848282967,"data":"EDGE_TTA_ACTIVE views= 10 mean_abs_feat_delta= 0.348674\n"}
,{"stream_name":"stdout","time":429.539285194,"data":"SECONDARY_EDGE_TTA_ACTIVE views= 8 weight= 0.75 mean_abs_feat_delta= 0.236059\n"}
,{"stream_name":"stdout","time":429.582232193,"data":"SECONDARY_EDGE_TTA_ACTIVE views= 8 weight= 0.75 mean_abs_feat_delta= 0.296162\n"}
,{"stream_name":"stdout","time":429.586306447,"data":"BIOHUB_RETENTION_GUARD {\"blended_candidates\": 333, \"dataset\": \"44b6_0b24845f\", \"frame\": 6, \"minimum_retention\": 0.9, \"primary_candidates\": 413, \"retention\": 0.8062953995157385, \"use_primary\": true}\n"}
,{"stream_name":"stdout","time":429.741552917,"data":"SECONDARY_EDGE_TTA_ACTIVE views= 8 weight= 0.75 mean_abs_feat_delta= 0.236059\n"}
,{"stream_name":"stdout","time":429.741587487,"data":"SECONDARY_EDGE_TTA_ACTIVE views= 8 weight= 0.75 mean_abs_feat_delta= 0.296162\n"}
,{"stream_name":"stdout","time":429.741592629,"data":"BIOHUB_RETENTION_GUARD {\"blended_candidates\": 333, \"dataset\": \"44b6_0b24845f\", \"frame\": 6, \"minimum_retention\": 0.9, \"primary_candidates\": 413, \"retention\": 0.8062953995157385, \"use_primary\": true}\n"}
,{"stream_name":"stdout","time":430.794164742,"data":"EDGE_TTA_ACTIVE views= 10 mean_abs_feat_delta= 0.33308\n"}
,{"stream_name":"stdout","time":430.919026173,"data":"EDGE_TTA_ACTIVE views= 10 mean_abs_feat_delta= 0.349167\n"}
,{"stream_name":"stdout","time":430.996949025,"data":"EDGE_TTA_ACTIVE views= 10 mean_abs_feat_delta= 0.33308\n"}
,{"stream_name":"stdout","time":430.997023114,"data":"EDGE_TTA_ACTIVE views= 10 mean_abs_feat_delta= 0.349167\n"}
,{"stream_name":"stdout","time":431.687643172,"data":"SECONDARY_EDGE_TTA_ACTIVE views= 8 weight= 0.75 mean_abs_feat_delta= 0.242392\n"}
,{"stream_name":"stdout","time":431.813310019,"data":"SECONDARY_EDGE_TTA_ACTIVE views= 8 weight= 0.75 mean_abs_feat_delta= 0.297976\n"}
,{"stream_name":"stdout","time":431.81745786,"data":"BIOHUB_RETENTION_GUARD {\"blended_candidates\": 310, \"dataset\": \"44b6_0b24845f\", \"frame\": 7, \"minimum_retention\": 0.9, \"primary_candidates\": 389, \"retention\": 0.7969151670951157, \"use_primary\": true}\n"}
,{"stream_name":"stdout","time":431.902886209,"data":"SECONDARY_EDGE_TTA_ACTIVE views= 8 weight= 0.75 mean_abs_feat_delta= 0.242392\n"}
,{"stream_name":"stdout","time":431.902910873,"data":"SECONDARY_EDGE_TTA_ACTIVE views= 8 weight= 0.75 mean_abs_feat_delta= 0.297976\n"}
,{"stream_name":"stdout","time":431.902916001,"data":"BIOHUB_RETENTION_GUARD {\"blended_candidates\": 310, \"dataset\": \"44b6_0b24845f\", \"frame\": 7, \"minimum_retention\": 0.9, \"primary_candidates\": 389, \"retention\": 0.7969151670951157, \"use_primary\": true}\n"}
,{"stream_name":"stdout","time":432.913808343,"data":"EDGE_TTA_ACTIVE views= 10 mean_abs_feat_delta= 0.331023\n"}
,{"stream_name":"stdout","time":433.088360415,"data":"EDGE_TTA_ACTIVE views= 10 mean_abs_feat_delta= 0.354313\n"}
,{"stream_name":"stdout","time":433.116473206,"data":"EDGE_TTA_ACTIVE views= 10 mean_abs_feat_delta= 0.331023\n"}
,{"stream_name":"stdout","time":433.116499329,"data":"EDGE_TTA_ACTIVE views= 10 mean_abs_feat_delta= 0.354313\n"}
,{"stream_name":"stdout","time":433.81672932,"data":"SECONDARY_EDGE_TTA_ACTIVE views= 8 weight= 0.75 mean_abs_feat_delta= 0.241164\n"}
,{"stream_name":"stdout","time":434.001074335,"data":"SECONDARY_EDGE_TTA_ACTIVE views= 8 weight= 0.75 mean_abs_feat_delta= 0.292587\n"}
,{"stream_name":"stdout","time":434.005199554,"data":"BIOHUB_RETENTION_GUARD {\"blended_candidates\": 382, \"dataset\": \"44b6_0b24845f\", \"frame\": 8, \"minimum_retention\": 0.9, \"primary_candidates\": 458, \"retention\": 0.834061135371179, \"use_primary\": true}\n"}
,{"stream_name":"stdout","time":434.019324556,"data":"SECONDARY_EDGE_TTA_ACTIVE views= 8 weight= 0.75 mean_abs_feat_delta= 0.241164\n"}
,{"stream_name":"stdout","time":434.01934471,"data":"SECONDARY_EDGE_TTA_ACTIVE views= 8 weight= 0.75 mean_abs_feat_delta= 0.292587\n"}
,{"stream_name":"stdout","time":434.019349943,"data":"BIOHUB_RETENTION_GUARD {\"blended_candidates\": 382, \"dataset\": \"44b6_0b24845f\", \"frame\": 8, \"minimum_retention\": 0.9, \"primary_candidates\": 458, \"retention\": 0.834061135371179, \"use_primary\": true}\n"}
,{"stream_name":"stdout","time":435.064478765,"data":"EDGE_TTA_ACTIVE views= 10 mean_abs_feat_delta= 0.327041\n"}
,{"stream_name":"stdout","time":435.266786667,"data":"EDGE_TTA_ACTIVE views= 10 mean_abs_feat_delta= 0.327041\n"}
,{"stream_name":"stdout","time":435.299571719,"data":"EDGE_TTA_ACTIVE views= 10 mean_abs_feat_delta= 0.358364\n"}
,{"stream_name":"stdout","time":435.502185468,"data":"EDGE_TTA_ACTIVE views= 10 mean_abs_feat_delta= 0.358364\n"}
,{"stream_name":"stdout","time":435.965404516,"data":"SECONDARY_EDGE_TTA_ACTIVE views= 8 weight= 0.75 mean_abs_feat_delta= 0.240446\n"}
,{"stream_name":"stdout","time":436.167883484,"data":"SECONDARY_EDGE_TTA_ACTIVE views= 8 weight= 0.75 mean_abs_feat_delta= 0.240446\n"}
,{"stream_name":"stdout","time":436.187632414,"data":"SECONDARY_EDGE_TTA_ACTIVE views= 8 weight= 0.75 mean_abs_feat_delta= 0.291168\n"}
,{"stream_name":"stdout","time":436.191886899,"data":"BIOHUB_RETENTION_GUARD {\"blended_candidates\": 363, \"dataset\": \"44b6_0b24845f\", \"frame\": 9, \"minimum_retention\": 0.9, \"primary_candidates\": 435, \"retention\": 0.8344827586206897, \"use_primary\": true}\n"}
,{"stream_name":"stdout","time":436.390011251,"data":"SECONDARY_EDGE_TTA_ACTIVE views= 8 weight= 0.75 mean_abs_feat_delta= 0.291168\n"}
,{"stream_name":"stdout","time":436.390056005,"data":"BIOHUB_RETENTION_GUARD {\"blended_candidates\": 363, \"dataset\": \"44b6_0b24845f\", \"frame\": 9, \"minimum_retention\": 0.9, \"primary_candidates\": 435, \"retention\": 0.8344827586206897, \"use_primary\": true}\n"}
,{"stream_name":"stdout","time":437.200799432,"data":"EDGE_TTA_ACTIVE views= 10 mean_abs_feat_delta= 0.326535\n"}
,{"stream_name":"stdout","time":437.403276746,"data":"EDGE_TTA_ACTIVE views= 10 mean_abs_feat_delta= 0.326535\n"}
,{"stream_name":"stdout","time":437.530766513,"data":"EDGE_TTA_ACTIVE views= 10 mean_abs_feat_delta= 0.353528\n"}
,{"stream_name":"stdout","time":437.733067109,"data":"EDGE_TTA_ACTIVE views= 10 mean_abs_feat_delta= 0.353528\n"}
,{"stream_name":"stdout","time":438.102562933,"data":"SECONDARY_EDGE_TTA_ACTIVE views= 8 weight= 0.75 mean_abs_feat_delta= 0.24216\n"}
,{"stream_name":"stdout","time":438.30535252,"data":"SECONDARY_EDGE_TTA_ACTIVE views= 8 weight= 0.75 mean_abs_feat_delta= 0.24216\n"}
,{"stream_name":"stdout","time":438.429338666,"data":"SECONDARY_EDGE_TTA_ACTIVE views= 8 weight= 0.75 mean_abs_feat_delta= 0.301242\n"}
,{"stream_name":"stdout","time":438.43329024,"data":"BIOHUB_RETENTION_GUARD {\"blended_candidates\": 331, \"dataset\": \"44b6_0b24845f\", \"frame\": 10, \"minimum_retention\": 0.9, \"primary_candidates\": 421, \"retention\": 0.7862232779097387, \"use_primary\": true}\n"}
,{"stream_name":"stdout","time":438.63218107,"data":"SECONDARY_EDGE_TTA_ACTIVE views= 8 weight= 0.75 mean_abs_feat_delta= 0.301242\n"}
,{"stream_name":"stdout","time":438.632216833,"data":"BIOHUB_RETENTION_GUARD {\"blended_candidates\": 331, \"dataset\": \"44b6_0b24845f\", \"frame\": 10, \"minimum_retention\": 0.9, \"primary_candidates\": 421, \"retention\": 0.7862232779097387, \"use_primary\": true}\n"}
,{"stream_name":"stdout","time":439.332246837,"data":"EDGE_TTA_ACTIVE views= 10 mean_abs_feat_delta= 0.333464\n"}
,{"stream_name":"stdout","time":439.534704726,"data":"EDGE_TTA_ACTIVE views= 10 mean_abs_feat_delta= 0.333464\n"}
,{"stream_name":"stdout","time":439.705965399,"data":"EDGE_TTA_ACTIVE views= 10 mean_abs_feat_delta= 0.346975\n"}
,{"stream_name":"stdout","time":439.908303011,"data":"EDGE_TTA_ACTIVE views= 10 mean_abs_feat_delta= 0.346975\n"}
,{"stream_name":"stdout","time":440.240412011,"data":"SECONDARY_EDGE_TTA_ACTIVE views= 8 weight= 0.75 mean_abs_feat_delta= 0.243727\n"}
,{"stream_name":"stdout","time":440.442883763,"data":"SECONDARY_EDGE_TTA_ACTIVE views= 8 weight= 0.75 mean_abs_feat_delta= 0.243727\n"}
,{"stream_name":"stdout","time":440.611160552,"data":"SECONDARY_EDGE_TTA_ACTIVE views= 8 weight= 0.75 mean_abs_feat_delta= 0.289865\n"}
,{"stream_name":"stdout","time":440.615377389,"data":"BIOHUB_RETENTION_GUARD {\"blended_candidates\": 377, \"dataset\": \"44b6_0b24845f\", \"frame\": 11, \"minimum_retention\": 0.9, \"primary_candidates\": 439, \"retention\": 0.8587699316628702, \"use_primary\": true}\n"}
,{"stream_name":"stdout","time":440.813890615,"data":"SECONDARY_EDGE_TTA_ACTIVE views= 8 weight= 0.75 mean_abs_feat_delta= 0.289865\n"}
,{"stream_name":"stdout","time":440.813958603,"data":"BIOHUB_RETENTION_GUARD {\"blended_candidates\": 377, \"dataset\": \"44b6_0b24845f\", \"frame\": 11, \"minimum_retention\": 0.9, \"primary_candidates\": 439, \"retention\": 0.8587699316628702, \"use_primary\": true}\n"}
,{"stream_name":"stdout","time":441.471309074,"data":"EDGE_TTA_ACTIVE views= 10 mean_abs_feat_delta= 0.326692\n"}
,{"stream_name":"stdout","time":441.673711264,"data":"EDGE_TTA_ACTIVE views= 10 mean_abs_feat_delta= 0.326692\n"}
,{"stream_name":"stdout","time":441.902806947,"data":"EDGE_TTA_ACTIVE views= 10 mean_abs_feat_delta= 0.350445\n"}
,{"stream_name":"stdout","time":442.105308076,"data":"EDGE_TTA_ACTIVE views= 10 mean_abs_feat_delta= 0.350445\n"}
,{"stream_name":"stdout","time":442.374838476,"data":"SECONDARY_EDGE_TTA_ACTIVE views= 8 weight= 0.75 mean_abs_feat_delta= 0.241899\n"}
,{"stream_name":"stdout","time":442.577225759,"data":"SECONDARY_EDGE_TTA_ACTIVE views= 8 weight= 0.75 mean_abs_feat_delta= 0.241899\n"}
,{"stream_name":"stdout","time":442.813225696,"data":"SECONDARY_EDGE_TTA_ACTIVE views= 8 weight= 0.75 mean_abs_feat_delta= 0.298743\n"}
,{"stream_name":"stdout","time":442.81731173,"data":"BIOHUB_RETENTION_GUARD {\"blended_candidates\": 308, \"dataset\": \"44b6_0b24845f\", \"frame\": 12, \"minimum_retention\": 0.9, \"primary_candidates\": 362, \"retention\": 0.850828729281768, \"use_primary\": true}\n"}
,{"stream_name":"stdout","time":443.015740584,"data":"SECONDARY_EDGE_TTA_ACTIVE views= 8 weight= 0.75 mean_abs_feat_delta= 0.298743\n"}
,{"stream_name":"stdout","time":443.015781306,"data":"BIOHUB_RETENTION_GUARD {\"blended_candidates\": 308, \"dataset\": \"44b6_0b24845f\", \"frame\": 12, \"minimum_retention\": 0.9, \"primary_candidates\": 362, \"retention\": 0.850828729281768, \"use_primary\": true}\n"}
,{"stream_name":"stdout","time":443.618036424,"data":"EDGE_TTA_ACTIVE views= 10 mean_abs_feat_delta= 0.326056\n"}
,{"stream_name":"stdout","time":443.820730642,"data":"EDGE_TTA_ACTIVE views= 10 mean_abs_feat_delta= 0.326056\n"}
,{"stream_name":"stdout","time":444.113319861,"data":"EDGE_TTA_ACTIVE views= 10 mean_abs_feat_delta= 0.356398\n"}
,{"stream_name":"stdout","time":444.316057892,"data":"EDGE_TTA_ACTIVE views= 10 mean_abs_feat_delta= 0.356398\n"}
,{"stream_name":"stdout","time":444.529012127,"data":"SECONDARY_EDGE_TTA_ACTIVE views= 8 weight= 0.75 mean_abs_feat_delta= 0.237416\n"}
,{"stream_name":"stdout","time":444.73141345,"data":"SECONDARY_EDGE_TTA_ACTIVE views= 8 weight= 0.75 mean_abs_feat_delta= 0.237416\n"}
,{"stream_name":"stdout","time":445.027974366,"data":"SECONDARY_EDGE_TTA_ACTIVE views= 8 weight= 0.75 mean_abs_feat_delta= 0.295579\n"}
,{"stream_name":"stdout","time":445.032072451,"data":"BIOHUB_RETENTION_GUARD {\"blended_candidates\": 318, \"dataset\": \"44b6_0b24845f\", \"frame\": 13, \"minimum_retention\": 0.9, \"primary_candidates\": 372, \"retention\": 0.8548387096774194, \"use_primary\": true}\n"}
,{"stream_name":"stdout","time":445.230113698,"data":"SECONDARY_EDGE_TTA_ACTIVE views= 8 weight= 0.75 mean_abs_feat_delta= 0.295579\n"}
,{"stream_name":"stdout","time":445.230169323,"data":"BIOHUB_RETENTION_GUARD {\"blended_candidates\": 318, \"dataset\": \"44b6_0b24845f\", \"frame\": 13, \"minimum_retention\": 0.9, \"primary_candidates\": 372, \"retention\": 0.8548387096774194, \"use_primary\": true}\n"}
,{"stream_name":"stdout","time":445.784749393,"data":"EDGE_TTA_ACTIVE views= 10 mean_abs_feat_delta= 0.322631\n"}
,{"stream_name":"stdout","time":445.987174722,"data":"EDGE_TTA_ACTIVE views= 10 mean_abs_feat_delta= 0.322631\n"}
,{"stream_name":"stdout","time":446.337537438,"data":"EDGE_TTA_ACTIVE views= 10 mean_abs_feat_delta= 0.354703\n"}
,{"stream_name":"stdout","time":446.540153043,"data":"EDGE_TTA_ACTIVE views= 10 mean_abs_feat_delta= 0.354703\n"}
,{"stream_name":"stdout","time":446.707932422,"data":"SECONDARY_EDGE_TTA_ACTIVE views= 8 weight= 0.75 mean_abs_feat_delta= 0.238386\n"}
,{"stream_name":"stdout","time":446.91050925,"data":"SECONDARY_EDGE_TTA_ACTIVE views= 8 weight= 0.75 mean_abs_feat_delta= 0.238386\n"}
,{"stream_name":"stdout","time":447.256799019,"data":"SECONDARY_EDGE_TTA_ACTIVE views= 8 weight= 0.75 mean_abs_feat_delta= 0.29037\n"}
,{"stream_name":"stdout","time":447.260884644,"data":"BIOHUB_RETENTION_GUARD {\"blended_candidates\": 328, \"dataset\": \"44b6_0b24845f\", \"frame\": 14, \"minimum_retention\": 0.9, \"primary_candidates\": 385, \"retention\": 0.8519480519480519, \"use_primary\": true}\n"}
,{"stream_name":"stdout","time":447.45946774,"data":"SECONDARY_EDGE_TTA_ACTIVE views= 8 weight= 0.75 mean_abs_feat_delta= 0.29037\n"}
,{"stream_name":"stdout","time":447.459500785,"data":"BIOHUB_RETENTION_GUARD {\"blended_candidates\": 328, \"dataset\": \"44b6_0b24845f\", \"frame\": 14, \"minimum_retention\": 0.9, \"primary_candidates\": 385, \"retention\": 0.8519480519480519, \"use_primary\": true}\n"}
,{"stream_name":"stdout","time":447.987378795,"data":"EDGE_TTA_ACTIVE views= 10 mean_abs_feat_delta= 0.32339\n"}
,{"stream_name":"stdout","time":448.189929034,"data":"EDGE_TTA_ACTIVE views= 10 mean_abs_feat_delta= 0.32339\n"}
,{"stream_name":"stdout","time":448.563868051,"data":"EDGE_TTA_ACTIVE views= 10 mean_abs_feat_delta= 0.351391\n"}
,{"stream_name":"stdout","time":448.76641048,"data":"EDGE_TTA_ACTIVE views= 10 mean_abs_feat_delta= 0.351391\n"}
,{"stream_name":"stdout","time":448.902298649,"data":"SECONDARY_EDGE_TTA_ACTIVE views= 8 weight= 0.75 mean_abs_feat_delta= 0.238478\n"}
,{"stream_name":"stdout","time":449.104475232,"data":"SECONDARY_EDGE_TTA_ACTIVE views= 8 weight= 0.75 mean_abs_feat_delta= 0.238478\n"}
,{"stream_name":"stdout","time":449.473554147,"data":"SECONDARY_EDGE_TTA_ACTIVE views= 8 weight= 0.75 mean_abs_feat_delta= 0.286822\n"}
,{"stream_name":"stdout","time":449.676296965,"data":"SECONDARY_EDGE_TTA_ACTIVE views= 8 weight= 0.75 mean_abs_feat_delta= 0.286822\n"}
,{"stream_name":"stdout","time":450.153881642,"data":"EDGE_TTA_ACTIVE views= 10 mean_abs_feat_delta= 0.31805\n"}
,{"stream_name":"stdout","time":450.356162057,"data":"EDGE_TTA_ACTIVE views= 10 mean_abs_feat_delta= 0.31805\n"}
,{"stream_name":"stdout","time":450.783342756,"data":"EDGE_TTA_ACTIVE views= 10 mean_abs_feat_delta= 0.357895\n"}
,{"stream_name":"stdout","time":450.986787952,"data":"EDGE_TTA_ACTIVE views= 10 mean_abs_feat_delta= 0.357895\n"}
,{"stream_name":"stdout","time":451.070016354,"data":"SECONDARY_EDGE_TTA_ACTIVE views= 8 weight= 0.75 mean_abs_feat_delta= 0.234529\n"}
,{"stream_name":"stdout","time":451.272498285,"data":"SECONDARY_EDGE_TTA_ACTIVE views= 8 weight= 0.75 mean_abs_feat_delta= 0.234529\n"}
,{"stream_name":"stdout","time":451.706649471,"data":"SECONDARY_EDGE_TTA_ACTIVE views= 8 weight= 0.75 mean_abs_feat_delta= 0.282972\n"}
,{"stream_name":"stdout","time":451.909617269,"data":"SECONDARY_EDGE_TTA_ACTIVE views= 8 weight= 0.75 mean_abs_feat_delta= 0.282972\n"}
,{"stream_name":"stdout","time":452.323539796,"data":"EDGE_TTA_ACTIVE views= 10 mean_abs_feat_delta= 0.319469\n"}
,{"stream_name":"stdout","time":452.525927811,"data":"EDGE_TTA_ACTIVE views= 10 mean_abs_feat_delta= 0.319469\n"}
,{"stream_name":"stdout","time":453.024733246,"data":"EDGE_TTA_ACTIVE views= 10 mean_abs_feat_delta= 0.360937\n"}
,{"stream_name":"stdout","time":453.227260186,"data":"EDGE_TTA_ACTIVE views= 10 mean_abs_feat_delta= 0.360937\n"}
,{"stream_name":"stdout","time":453.243746157,"data":"SECONDARY_EDGE_TTA_ACTIVE views= 8 weight= 0.75 mean_abs_feat_delta= 0.238533\n"}
,{"stream_name":"stdout","time":453.446215446,"data":"SECONDARY_EDGE_TTA_ACTIVE views= 8 weight= 0.75 mean_abs_feat_delta= 0.238533\n"}
,{"stream_name":"stdout","time":453.947095644,"data":"SECONDARY_EDGE_TTA_ACTIVE views= 8 weight= 0.75 mean_abs_feat_delta= 0.284899\n"}
,{"stream_name":"stdout","time":454.149516652,"data":"SECONDARY_EDGE_TTA_ACTIVE views= 8 weight= 0.75 mean_abs_feat_delta= 0.284899\n"}
,{"stream_name":"stdout","time":454.538028128,"data":"EDGE_TTA_ACTIVE views= 10 mean_abs_feat_delta= 0.314969\n"}
,{"stream_name":"stdout","time":454.74092255,"data":"EDGE_TTA_ACTIVE views= 10 mean_abs_feat_delta= 0.314969\n"}
,{"stream_name":"stdout","time":455.253966159,"data":"EDGE_TTA_ACTIVE views= 10 mean_abs_feat_delta= 0.357411\n"}
,{"stream_name":"stdout","time":455.456294329,"data":"EDGE_TTA_ACTIVE views= 10 mean_abs_feat_delta= 0.357411\n"}
,{"stream_name":"stdout","time":455.463196882,"data":"SECONDARY_EDGE_TTA_ACTIVE views= 8 weight= 0.75 mean_abs_feat_delta= 0.239819\n"}
,{"stream_name":"stdout","time":455.665418261,"data":"SECONDARY_EDGE_TTA_ACTIVE views= 8 weight= 0.75 mean_abs_feat_delta= 0.239819\n"}
,{"stream_name":"stdout","time":456.184390501,"data":"SECONDARY_EDGE_TTA_ACTIVE views= 8 weight= 0.75 mean_abs_feat_delta= 0.276632\n"}
,{"stream_name":"stdout","time":456.38701577,"data":"SECONDARY_EDGE_TTA_ACTIVE views= 8 weight= 0.75 mean_abs_feat_delta= 0.276632\n"}
,{"stream_name":"stdout","time":456.712135621,"data":"EDGE_TTA_ACTIVE views= 10 mean_abs_feat_delta= 0.316482\n"}
,{"stream_name":"stdout","time":456.914561152,"data":"EDGE_TTA_ACTIVE views= 10 mean_abs_feat_delta= 0.316482\n"}
,{"stream_name":"stdout","time":457.541593368,"data":"EDGE_TTA_ACTIVE views= 10 mean_abs_feat_delta= 0.348481\n"}
,{"stream_name":"stdout","time":457.637656196,"data":"SECONDARY_EDGE_TTA_ACTIVE views= 8 weight= 0.75 mean_abs_feat_delta= 0.242037\n"}
,{"stream_name":"stdout","time":457.743866184,"data":"EDGE_TTA_ACTIVE views= 10 mean_abs_feat_delta= 0.348481\n"}
,{"stream_name":"stdout","time":457.743945854,"data":"SECONDARY_EDGE_TTA_ACTIVE views= 8 weight= 0.75 mean_abs_feat_delta= 0.242037\n"}
,{"stream_name":"stdout","time":458.474595346,"data":"SECONDARY_EDGE_TTA_ACTIVE views= 8 weight= 0.75 mean_abs_feat_delta= 0.278285\n"}
,{"stream_name":"stdout","time":458.677049931,"data":"SECONDARY_EDGE_TTA_ACTIVE views= 8 weight= 0.75 mean_abs_feat_delta= 0.278285\n"}
,{"stream_name":"stdout","time":458.92358669,"data":"EDGE_TTA_ACTIVE views= 10 mean_abs_feat_delta= 0.320002\n"}
,{"stream_name":"stdout","time":459.12612206,"data":"EDGE_TTA_ACTIVE views= 10 mean_abs_feat_delta= 0.320002\n"}
,{"stream_name":"stdout","time":459.800403824,"data":"EDGE_TTA_ACTIVE views= 10 mean_abs_feat_delta= 0.345898\n"}
,{"stream_name":"stdout","time":459.850366927,"data":"SECONDARY_EDGE_TTA_ACTIVE views= 8 weight= 0.75 mean_abs_feat_delta= 0.241724\n"}
,{"stream_name":"stdout","time":460.003268423,"data":"EDGE_TTA_ACTIVE views= 10 mean_abs_feat_delta= 0.345898\n"}
,{"stream_name":"stdout","time":460.003303201,"data":"SECONDARY_EDGE_TTA_ACTIVE views= 8 weight= 0.75 mean_abs_feat_delta= 0.241724\n"}
,{"stream_name":"stdout","time":460.74037933,"data":"SECONDARY_EDGE_TTA_ACTIVE views= 8 weight= 0.75 mean_abs_feat_delta= 0.280197\n"}
,{"stream_name":"stdout","time":460.744804859,"data":"BIOHUB_RETENTION_GUARD {\"blended_candidates\": 288, \"dataset\": \"44b6_0b24845f\", \"frame\": 20, \"minimum_retention\": 0.9, \"primary_candidates\": 323, \"retention\": 0.891640866873065, \"use_primary\": true}\n"}
,{"stream_name":"stdout","time":460.94285724,"data":"SECONDARY_EDGE_TTA_ACTIVE views= 8 weight= 0.75 mean_abs_feat_delta= 0.280197\n"}
,{"stream_name":"stdout","time":460.942892335,"data":"BIOHUB_RETENTION_GUARD {\"blended_candidates\": 288, \"dataset\": \"44b6_0b24845f\", \"frame\": 20, \"minimum_retention\": 0.9, \"primary_candidates\": 323, \"retention\": 0.891640866873065, \"use_primary\": true}\n"}
,{"stream_name":"stdout","time":461.12443996,"data":"EDGE_TTA_ACTIVE views= 10 mean_abs_feat_delta= 0.31717\n"}
,{"stream_name":"stdout","time":461.326702444,"data":"EDGE_TTA_ACTIVE views= 10 mean_abs_feat_delta= 0.31717\n"}
,{"stream_name":"stdout","time":462.052280761,"data":"EDGE_TTA_ACTIVE views= 10 mean_abs_feat_delta= 0.346272\n"}
,{"stream_name":"stdout","time":462.054750884,"data":"SECONDARY_EDGE_TTA_ACTIVE views= 8 weight= 0.75 mean_abs_feat_delta= 0.234753\n"}
,{"stream_name":"stdout","time":462.272647358,"data":"EDGE_TTA_ACTIVE views= 10 mean_abs_feat_delta= 0.346272\n"}
,{"stream_name":"stdout","time":462.272706227,"data":"SECONDARY_EDGE_TTA_ACTIVE views= 8 weight= 0.75 mean_abs_feat_delta= 0.234753\n"}
,{"stream_name":"stdout","time":462.996538518,"data":"SECONDARY_EDGE_TTA_ACTIVE views= 8 weight= 0.75 mean_abs_feat_delta= 0.281334\n"}
,{"stream_name":"stdout","time":463.000709337,"data":"BIOHUB_RETENTION_GUARD {\"blended_candidates\": 271, \"dataset\": \"44b6_0b24845f\", \"frame\": 21, \"minimum_retention\": 0.9, \"primary_candidates\": 328, \"retention\": 0.8262195121951219, \"use_primary\": true}\n"}
,{"stream_name":"stdout","time":463.199120914,"data":"SECONDARY_EDGE_TTA_ACTIVE views= 8 weight= 0.75 mean_abs_feat_delta= 0.281334\n"}
,{"stream_name":"stdout","time":463.19917907,"data":"BIOHUB_RETENTION_GUARD {\"blended_candidates\": 271, \"dataset\": \"44b6_0b24845f\", \"frame\": 21, \"minimum_retention\": 0.9, \"primary_candidates\": 328, \"retention\": 0.8262195121951219, \"use_primary\": true}\n"}
,{"stream_name":"stdout","time":463.347544947,"data":"EDGE_TTA_ACTIVE views= 10 mean_abs_feat_delta= 0.319496\n"}
,{"stream_name":"stdout","time":463.550272523,"data":"EDGE_TTA_ACTIVE views= 10 mean_abs_feat_delta= 0.319496\n"}
,{"stream_name":"stdout","time":464.282127486,"data":"SECONDARY_EDGE_TTA_ACTIVE views= 8 weight= 0.75 mean_abs_feat_delta= 0.238746\n"}
,{"stream_name":"stdout","time":464.307435053,"data":"EDGE_TTA_ACTIVE views= 10 mean_abs_feat_delta= 0.347816\n"}
,{"stream_name":"stdout","time":464.484717593,"data":"SECONDARY_EDGE_TTA_ACTIVE views= 8 weight= 0.75 mean_abs_feat_delta= 0.238746\n"}
,{"stream_name":"stdout","time":464.484757906,"data":"EDGE_TTA_ACTIVE views= 10 mean_abs_feat_delta= 0.347816\n"}
,{"stream_name":"stdout","time":465.242726678,"data":"SECONDARY_EDGE_TTA_ACTIVE views= 8 weight= 0.75 mean_abs_feat_delta= 0.280031\n"}
,{"stream_name":"stdout","time":465.247906511,"data":"BIOHUB_RETENTION_GUARD {\"blended_candidates\": 292, \"dataset\": \"44b6_0b24845f\", \"frame\": 22, \"minimum_retention\": 0.9, \"primary_candidates\": 328, \"retention\": 0.8902439024390244, \"use_primary\": true}\n"}
,{"stream_name":"stdout","time":465.445691773,"data":"SECONDARY_EDGE_TTA_ACTIVE views= 8 weight= 0.75 mean_abs_feat_delta= 0.280031\n"}
,{"stream_name":"stdout","time":465.445739253,"data":"BIOHUB_RETENTION_GUARD {\"blended_candidates\": 292, \"dataset\": \"44b6_0b24845f\", \"frame\": 22, \"minimum_retention\": 0.9, \"primary_candidates\": 328, \"retention\": 0.8902439024390244, \"use_primary\": true}\n"}
,{"stream_name":"stdout","time":465.568294401,"data":"EDGE_TTA_ACTIVE views= 10 mean_abs_feat_delta= 0.321435\n"}
,{"stream_name":"stdout","time":465.770925866,"data":"EDGE_TTA_ACTIVE views= 10 mean_abs_feat_delta= 0.321435\n"}
,{"stream_name":"stdout","time":466.501711531,"data":"SECONDARY_EDGE_TTA_ACTIVE views= 8 weight= 0.75 mean_abs_feat_delta= 0.238954\n"}
,{"stream_name":"stdout","time":466.587475463,"data":"EDGE_TTA_ACTIVE views= 10 mean_abs_feat_delta= 0.351414\n"}
,{"stream_name":"stdout","time":466.704250861,"data":"SECONDARY_EDGE_TTA_ACTIVE views= 8 weight= 0.75 mean_abs_feat_delta= 0.238954\n"}
,{"stream_name":"stdout","time":466.704284024,"data":"EDGE_TTA_ACTIVE views= 10 mean_abs_feat_delta= 0.351414\n"}
,{"stream_name":"stdout","time":467.541372087,"data":"SECONDARY_EDGE_TTA_ACTIVE views= 8 weight= 0.75 mean_abs_feat_delta= 0.277655\n"}
,{"stream_name":"stdout","time":467.743801775,"data":"SECONDARY_EDGE_TTA_ACTIVE views= 8 weight= 0.75 mean_abs_feat_delta= 0.277655\n"}
,{"stream_name":"stdout","time":467.805823666,"data":"EDGE_TTA_ACTIVE views= 10 mean_abs_feat_delta= 0.32666\n"}
,{"stream_name":"stdout","time":468.00830072,"data":"EDGE_TTA_ACTIVE views= 10 mean_abs_feat_delta= 0.32666\n"}
,{"stream_name":"stdout","time":468.744038235,"data":"SECONDARY_EDGE_TTA_ACTIVE views= 8 weight= 0.75 mean_abs_feat_delta= 0.235145\n"}
,{"stream_name":"stdout","time":468.863564903,"data":"EDGE_TTA_ACTIVE views= 10 mean_abs_feat_delta= 0.351369\n"}
,{"stream_name":"stdout","time":468.946379438,"data":"SECONDARY_EDGE_TTA_ACTIVE views= 8 weight= 0.75 mean_abs_feat_delta= 0.235145\n"}
,{"stream_name":"stdout","time":468.946411755,"data":"EDGE_TTA_ACTIVE views= 10 mean_abs_feat_delta= 0.351369\n"}
,{"stream_name":"stdout","time":469.828726496,"data":"SECONDARY_EDGE_TTA_ACTIVE views= 8 weight= 0.75 mean_abs_feat_delta= 0.282322\n"}
,{"stream_name":"stdout","time":469.83278427,"data":"BIOHUB_RETENTION_GUARD {\"blended_candidates\": 262, \"dataset\": \"44b6_0b24845f\", \"frame\": 24, \"minimum_retention\": 0.9, \"primary_candidates\": 308, \"retention\": 0.8506493506493507, \"use_primary\": true}\n"}
,{"stream_name":"stdout","time":470.018038314,"data":"EDGE_TTA_ACTIVE views= 10 mean_abs_feat_delta= 0.325373\n"}
,{"stream_name":"stdout","time":470.031524298,"data":"SECONDARY_EDGE_TTA_ACTIVE views= 8 weight= 0.75 mean_abs_feat_delta= 0.282322\n"}
,{"stream_name":"stdout","time":470.031552263,"data":"BIOHUB_RETENTION_GUARD {\"blended_candidates\": 262, \"dataset\": \"44b6_0b24845f\", \"frame\": 24, \"minimum_retention\": 0.9, \"primary_candidates\": 308, \"retention\": 0.8506493506493507, \"use_primary\": true}\n"}
,{"stream_name":"stdout","time":470.031735523,"data":"EDGE_TTA_ACTIVE views= 10 mean_abs_feat_delta= 0.325373\n"}
,{"stream_name":"stdout","time":470.957461094,"data":"SECONDARY_EDGE_TTA_ACTIVE views= 8 weight= 0.75 mean_abs_feat_delta= 0.236219\n"}
,{"stream_name":"stdout","time":471.148492367,"data":"EDGE_TTA_ACTIVE views= 10 mean_abs_feat_delta= 0.353042\n"}
,{"stream_name":"stdout","time":471.160277635,"data":"SECONDARY_EDGE_TTA_ACTIVE views= 8 weight= 0.75 mean_abs_feat_delta= 0.236219\n"}
,{"stream_name":"stdout","time":471.160307742,"data":"EDGE_TTA_ACTIVE views= 10 mean_abs_feat_delta= 0.353042\n"}
,{"stream_name":"stdout","time":472.116464722,"data":"SECONDARY_EDGE_TTA_ACTIVE views= 8 weight= 0.75 mean_abs_feat_delta= 0.280181\n"}
,{"stream_name":"stdout","time":472.120580521,"data":"BIOHUB_RETENTION_GUARD {\"blended_candidates\": 288, \"dataset\": \"44b6_0b24845f\", \"frame\": 25, \"minimum_retention\": 0.9, \"primary_candidates\": 322, \"retention\": 0.8944099378881988, \"use_primary\": true}\n"}
,{"stream_name":"stdout","time":472.319273,"data":"SECONDARY_EDGE_TTA_ACTIVE views= 8 weight= 0.75 mean_abs_feat_delta= 0.280181\n"}
,{"stream_name":"stdout","time":472.319598976,"data":"BIOHUB_RETENTION_GUARD {\"blended_candidates\": 288, \"dataset\": \"44b6_0b24845f\", \"frame\": 25, \"minimum_retention\": 0.9, \"primary_candidates\": 322, \"retention\": 0.8944099378881988, \"use_primary\": true}\n"}
,{"stream_name":"stdout","time":472.319615792,"data":"EDGE_TTA_ACTIVE views= 10 mean_abs_feat_delta= 0.321938\n"}
,{"stream_name":"stdout","time":472.521899628,"data":"EDGE_TTA_ACTIVE views= 10 mean_abs_feat_delta= 0.321938\n"}
,{"stream_name":"stdout","time":473.260243021,"data":"SECONDARY_EDGE_TTA_ACTIVE views= 8 weight= 0.75 mean_abs_feat_delta= 0.234985\n"}
,{"stream_name":"stdout","time":473.45347657,"data":"EDGE_TTA_ACTIVE views= 10 mean_abs_feat_delta= 0.357163\n"}
,{"stream_name":"stdout","time":473.462988438,"data":"SECONDARY_EDGE_TTA_ACTIVE views= 8 weight= 0.75 mean_abs_feat_delta= 0.234985\n"}
,{"stream_name":"stdout","time":473.463015801,"data":"EDGE_TTA_ACTIVE views= 10 mean_abs_feat_delta= 0.357163\n"}
,{"stream_name":"stdout","time":474.431627351,"data":"SECONDARY_EDGE_TTA_ACTIVE views= 8 weight= 0.75 mean_abs_feat_delta= 0.284381\n"}
,{"stream_name":"stdout","time":474.435735489,"data":"BIOHUB_RETENTION_GUARD {\"blended_candidates\": 268, \"dataset\": \"44b6_0b24845f\", \"frame\": 26, \"minimum_retention\": 0.9, \"primary_candidates\": 302, \"retention\": 0.8874172185430463, \"use_primary\": true}\n"}
,{"stream_name":"stdout","time":474.555177223,"data":"EDGE_TTA_ACTIVE views= 10 mean_abs_feat_delta= 0.323613\n"}
,{"stream_name":"stdout","time":474.634261202,"data":"SECONDARY_EDGE_TTA_ACTIVE views= 8 weight= 0.75 mean_abs_feat_delta= 0.284381\n"}
,{"stream_name":"stdout","time":474.634325376,"data":"BIOHUB_RETENTION_GUARD {\"blended_candidates\": 268, \"dataset\": \"44b6_0b24845f\", \"frame\": 26, \"minimum_retention\": 0.9, \"primary_candidates\": 302, \"retention\": 0.8874172185430463, \"use_primary\": true}\n"}
,{"stream_name":"stdout","time":474.634332381,"data":"EDGE_TTA_ACTIVE views= 10 mean_abs_feat_delta= 0.323613\n"}
,{"stream_name":"stdout","time":475.498862383,"data":"SECONDARY_EDGE_TTA_ACTIVE views= 8 weight= 0.75 mean_abs_feat_delta= 0.230623\n"}
,{"stream_name":"stdout","time":475.701345551,"data":"SECONDARY_EDGE_TTA_ACTIVE views= 8 weight= 0.75 mean_abs_feat_delta= 0.230623\n"}
,{"stream_name":"stdout","time":475.783710269,"data":"EDGE_TTA_ACTIVE views= 10 mean_abs_feat_delta= 0.361215\n"}
,{"stream_name":"stdout","time":475.986159885,"data":"EDGE_TTA_ACTIVE views= 10 mean_abs_feat_delta= 0.361215\n"}
,{"stream_name":"stdout","time":476.762388537,"data":"SECONDARY_EDGE_TTA_ACTIVE views= 8 weight= 0.75 mean_abs_feat_delta= 0.289602\n"}
,{"stream_name":"stdout","time":476.766668108,"data":"BIOHUB_RETENTION_GUARD {\"blended_candidates\": 255, \"dataset\": \"44b6_0b24845f\", \"frame\": 27, \"minimum_retention\": 0.9, \"primary_candidates\": 298, \"retention\": 0.8557046979865772, \"use_primary\": true}\n"}
,{"stream_name":"stdout","time":476.812021019,"data":"EDGE_TTA_ACTIVE views= 10 mean_abs_feat_delta= 0.325989\n"}
,{"stream_name":"stdout","time":476.964759744,"data":"SECONDARY_EDGE_TTA_ACTIVE views= 8 weight= 0.75 mean_abs_feat_delta= 0.289602\n"}
,{"stream_name":"stdout","time":476.964848992,"data":"BIOHUB_RETENTION_GUARD {\"blended_candidates\": 255, \"dataset\": \"44b6_0b24845f\", \"frame\": 27, \"minimum_retention\": 0.9, \"primary_candidates\": 298, \"retention\": 0.8557046979865772, \"use_primary\": true}\n"}
,{"stream_name":"stdout","time":476.964856559,"data":"EDGE_TTA_ACTIVE views= 10 mean_abs_feat_delta= 0.325989\n"}
,{"stream_name":"stdout","time":477.761260566,"data":"SECONDARY_EDGE_TTA_ACTIVE views= 8 weight= 0.75 mean_abs_feat_delta= 0.233514\n"}
,{"stream_name":"stdout","time":477.963630997,"data":"SECONDARY_EDGE_TTA_ACTIVE views= 8 weight= 0.75 mean_abs_feat_delta= 0.233514\n"}
,{"stream_name":"stdout","time":478.159261863,"data":"EDGE_TTA_ACTIVE views= 10 mean_abs_feat_delta= 0.357015\n"}
,{"stream_name":"stdout","time":478.361794032,"data":"EDGE_TTA_ACTIVE views= 10 mean_abs_feat_delta= 0.357015\n"}
,{"stream_name":"stdout","time":479.044308704,"data":"EDGE_TTA_ACTIVE views= 10 mean_abs_feat_delta= 0.324182\n"}
,{"stream_name":"stdout","time":479.132091334,"data":"SECONDARY_EDGE_TTA_ACTIVE views= 8 weight= 0.75 mean_abs_feat_delta= 0.291319\n"}
,{"stream_name":"stdout","time":479.246660765,"data":"EDGE_TTA_ACTIVE views= 10 mean_abs_feat_delta= 0.324182\n"}
,{"stream_name":"stdout","time":479.246721297,"data":"SECONDARY_EDGE_TTA_ACTIVE views= 8 weight= 0.75 mean_abs_feat_delta= 0.291319\n"}
,{"stream_name":"stdout","time":479.99571482,"data":"SECONDARY_EDGE_TTA_ACTIVE views= 8 weight= 0.75 mean_abs_feat_delta= 0.236419\n"}
,{"stream_name":"stdout","time":480.198711626,"data":"SECONDARY_EDGE_TTA_ACTIVE views= 8 weight= 0.75 mean_abs_feat_delta= 0.236419\n"}
,{"stream_name":"stdout","time":480.525831923,"data":"EDGE_TTA_ACTIVE views= 10 mean_abs_feat_delta= 0.357955\n"}
,{"stream_name":"stdout","time":480.727993959,"data":"EDGE_TTA_ACTIVE views= 10 mean_abs_feat_delta= 0.357955\n"}
,{"stream_name":"stdout","time":481.330025136,"data":"EDGE_TTA_ACTIVE views= 10 mean_abs_feat_delta= 0.330074\n"}
,{"stream_name":"stdout","time":481.50232586,"data":"SECONDARY_EDGE_TTA_ACTIVE views= 8 weight= 0.75 mean_abs_feat_delta= 0.283865\n"}
,{"stream_name":"stdout","time":481.532631443,"data":"EDGE_TTA_ACTIVE views= 10 mean_abs_feat_delta= 0.330074\n"}
,{"stream_name":"stdout","time":481.532708221,"data":"SECONDARY_EDGE_TTA_ACTIVE views= 8 weight= 0.75 mean_abs_feat_delta= 0.283865\n"}
,{"stream_name":"stdout","time":482.285419496,"data":"SECONDARY_EDGE_TTA_ACTIVE views= 8 weight= 0.75 mean_abs_feat_delta= 0.240106\n"}
,{"stream_name":"stdout","time":482.487919903,"data":"SECONDARY_EDGE_TTA_ACTIVE views= 8 weight= 0.75 mean_abs_feat_delta= 0.240106\n"}
,{"stream_name":"stdout","time":482.882076037,"data":"EDGE_TTA_ACTIVE views= 10 mean_abs_feat_delta= 0.356232\n"}
,{"stream_name":"stdout","time":483.08454956,"data":"EDGE_TTA_ACTIVE views= 10 mean_abs_feat_delta= 0.356232\n"}
,{"stream_name":"stdout","time":483.593737474,"data":"EDGE_TTA_ACTIVE views= 10 mean_abs_feat_delta= 0.331234\n"}
,{"stream_name":"stdout","time":483.796150082,"data":"EDGE_TTA_ACTIVE views= 10 mean_abs_feat_delta= 0.331234\n"}
,{"stream_name":"stdout","time":483.857373148,"data":"SECONDARY_EDGE_TTA_ACTIVE views= 8 weight= 0.75 mean_abs_feat_delta= 0.282155\n"}
,{"stream_name":"stdout","time":484.05969478,"data":"SECONDARY_EDGE_TTA_ACTIVE views= 8 weight= 0.75 mean_abs_feat_delta= 0.282155\n"}
,{"stream_name":"stdout","time":484.552536715,"data":"SECONDARY_EDGE_TTA_ACTIVE views= 8 weight= 0.75 mean_abs_feat_delta= 0.251196\n"}
,{"stream_name":"stdout","time":484.75501834,"data":"SECONDARY_EDGE_TTA_ACTIVE views= 8 weight= 0.75 mean_abs_feat_delta= 0.251196\n"}
,{"stream_name":"stdout","time":485.193114937,"data":"EDGE_TTA_ACTIVE views= 10 mean_abs_feat_delta= 0.352263\n"}
,{"stream_name":"stdout","time":485.395888508,"data":"EDGE_TTA_ACTIVE views= 10 mean_abs_feat_delta= 0.352263\n"}
,{"stream_name":"stdout","time":485.892183202,"data":"EDGE_TTA_ACTIVE views= 10 mean_abs_feat_delta= 0.331022\n"}
,{"stream_name":"stdout","time":486.094766864,"data":"EDGE_TTA_ACTIVE views= 10 mean_abs_feat_delta= 0.331022\n"}
,{"stream_name":"stdout","time":486.177450887,"data":"SECONDARY_EDGE_TTA_ACTIVE views= 8 weight= 0.75 mean_abs_feat_delta= 0.283753\n"}
,{"stream_name":"stdout","time":486.379730423,"data":"SECONDARY_EDGE_TTA_ACTIVE views= 8 weight= 0.75 mean_abs_feat_delta= 0.283753\n"}
,{"stream_name":"stdout","time":486.858798282,"data":"SECONDARY_EDGE_TTA_ACTIVE views= 8 weight= 0.75 mean_abs_feat_delta= 0.251416\n"}
,{"stream_name":"stdout","time":487.06106284,"data":"SECONDARY_EDGE_TTA_ACTIVE views= 8 weight= 0.75 mean_abs_feat_delta= 0.251416\n"}
,{"stream_name":"stdout","time":487.525693577,"data":"EDGE_TTA_ACTIVE views= 10 mean_abs_feat_delta= 0.355215\n"}
,{"stream_name":"stdout","time":487.728457372,"data":"EDGE_TTA_ACTIVE views= 10 mean_abs_feat_delta= 0.355215\n"}
,{"stream_name":"stdout","time":488.16712666,"data":"EDGE_TTA_ACTIVE views= 10 mean_abs_feat_delta= 0.335074\n"}
,{"stream_name":"stdout","time":488.36977206,"data":"EDGE_TTA_ACTIVE views= 10 mean_abs_feat_delta= 0.335074\n"}
,{"stream_name":"stdout","time":488.518881711,"data":"SECONDARY_EDGE_TTA_ACTIVE views= 8 weight= 0.75 mean_abs_feat_delta= 0.282429\n"}
,{"stream_name":"stdout","time":488.52311939,"data":"BIOHUB_RETENTION_GUARD {\"blended_candidates\": 241, \"dataset\": \"44b6_0b24845f\", \"frame\": 32, \"minimum_retention\": 0.9, \"primary_candidates\": 294, \"retention\": 0.8197278911564626, \"use_primary\": true}\n"}
,{"stream_name":"stdout","time":488.721341477,"data":"SECONDARY_EDGE_TTA_ACTIVE views= 8 weight= 0.75 mean_abs_feat_delta= 0.282429\n"}
,{"stream_name":"stdout","time":488.721517338,"data":"BIOHUB_RETENTION_GUARD {\"blended_candidates\": 241, \"dataset\": \"44b6_0b24845f\", \"frame\": 32, \"minimum_retention\": 0.9, \"primary_candidates\": 294, \"retention\": 0.8197278911564626, \"use_primary\": true}\n"}
,{"stream_name":"stdout","time":489.132836738,"data":"SECONDARY_EDGE_TTA_ACTIVE views= 8 weight= 0.75 mean_abs_feat_delta= 0.251129\n"}
,{"stream_name":"stdout","time":489.334981937,"data":"SECONDARY_EDGE_TTA_ACTIVE views= 8 weight= 0.75 mean_abs_feat_delta= 0.251129\n"}
,{"stream_name":"stdout","time":489.892105047,"data":"EDGE_TTA_ACTIVE views= 10 mean_abs_feat_delta= 0.359452\n"}
,{"stream_name":"stdout","time":490.094657432,"data":"EDGE_TTA_ACTIVE views= 10 mean_abs_feat_delta= 0.359452\n"}
,{"stream_name":"stdout","time":490.451878851,"data":"EDGE_TTA_ACTIVE views= 10 mean_abs_feat_delta= 0.330505\n"}
,{"stream_name":"stdout","time":490.654096278,"data":"EDGE_TTA_ACTIVE views= 10 mean_abs_feat_delta= 0.330505\n"}
,{"stream_name":"stdout","time":490.887749395,"data":"SECONDARY_EDGE_TTA_ACTIVE views= 8 weight= 0.75 mean_abs_feat_delta= 0.280468\n"}
,{"stream_name":"stdout","time":490.891954557,"data":"BIOHUB_RETENTION_GUARD {\"blended_candidates\": 232, \"dataset\": \"44b6_0b24845f\", \"frame\": 33, \"minimum_retention\": 0.9, \"primary_candidates\": 277, \"retention\": 0.8375451263537906, \"use_primary\": true}\n"}
,{"stream_name":"stdout","time":491.090346494,"data":"SECONDARY_EDGE_TTA_ACTIVE views= 8 weight= 0.75 mean_abs_feat_delta= 0.280468\n"}
,{"stream_name":"stdout","time":491.090376855,"data":"BIOHUB_RETENTION_GUARD {\"blended_candidates\": 232, \"dataset\": \"44b6_0b24845f\", \"frame\": 33, \"minimum_retention\": 0.9, \"primary_candidates\": 277, \"retention\": 0.8375451263537906, \"use_primary\": true}\n"}
,{"stream_name":"stdout","time":491.42285862,"data":"SECONDARY_EDGE_TTA_ACTIVE views= 8 weight= 0.75 mean_abs_feat_delta= 0.248917\n"}
,{"stream_name":"stdout","time":491.625498282,"data":"SECONDARY_EDGE_TTA_ACTIVE views= 8 weight= 0.75 mean_abs_feat_delta= 0.248917\n"}
,{"stream_name":"stdout","time":492.265501329,"data":"EDGE_TTA_ACTIVE views= 10 mean_abs_feat_delta= 0.359024\n"}
,{"stream_name":"stdout","time":492.486721032,"data":"EDGE_TTA_ACTIVE views= 10 mean_abs_feat_delta= 0.359024\n"}
,{"stream_name":"stdout","time":492.740080885,"data":"EDGE_TTA_ACTIVE views= 10 mean_abs_feat_delta= 0.32512\n"}
,{"stream_name":"stdout","time":492.942999883,"data":"EDGE_TTA_ACTIVE views= 10 mean_abs_feat_delta= 0.32512\n"}
,{"stream_name":"stdout","time":493.273633259,"data":"SECONDARY_EDGE_TTA_ACTIVE views= 8 weight= 0.75 mean_abs_feat_delta= 0.273313\n"}
,{"stream_name":"stdout","time":493.476130978,"data":"SECONDARY_EDGE_TTA_ACTIVE views= 8 weight= 0.75 mean_abs_feat_delta= 0.273313\n"}
,{"stream_name":"stdout","time":493.712892896,"data":"SECONDARY_EDGE_TTA_ACTIVE views= 8 weight= 0.75 mean_abs_feat_delta= 0.248317\n"}
,{"stream_name":"stdout","time":493.915430365,"data":"SECONDARY_EDGE_TTA_ACTIVE views= 8 weight= 0.75 mean_abs_feat_delta= 0.248317\n"}
,{"stream_name":"stdout","time":494.650972977,"data":"EDGE_TTA_ACTIVE views= 10 mean_abs_feat_delta= 0.357904\n"}
,{"stream_name":"stdout","time":494.853363749,"data":"EDGE_TTA_ACTIVE views= 10 mean_abs_feat_delta= 0.357904\n"}
,{"stream_name":"stdout","time":495.050309279,"data":"EDGE_TTA_ACTIVE views= 10 mean_abs_feat_delta= 0.323351\n"}
,{"stream_name":"stdout","time":495.252951399,"data":"EDGE_TTA_ACTIVE views= 10 mean_abs_feat_delta= 0.323351\n"}
,{"stream_name":"stdout","time":495.662823192,"data":"SECONDARY_EDGE_TTA_ACTIVE views= 8 weight= 0.75 mean_abs_feat_delta= 0.27435\n"}
,{"stream_name":"stdout","time":495.865333694,"data":"SECONDARY_EDGE_TTA_ACTIVE views= 8 weight= 0.75 mean_abs_feat_delta= 0.27435\n"}
,{"stream_name":"stdout","time":496.024798996,"data":"SECONDARY_EDGE_TTA_ACTIVE views= 8 weight= 0.75 mean_abs_feat_delta= 0.247468\n"}
,{"stream_name":"stdout","time":496.227797671,"data":"SECONDARY_EDGE_TTA_ACTIVE views= 8 weight= 0.75 mean_abs_feat_delta= 0.247468\n"}
,{"stream_name":"stdout","time":497.063086838,"data":"EDGE_TTA_ACTIVE views= 10 mean_abs_feat_delta= 0.367641\n"}
,{"stream_name":"stdout","time":497.265622389,"data":"EDGE_TTA_ACTIVE views= 10 mean_abs_feat_delta= 0.367641\n"}
,{"stream_name":"stdout","time":497.327723295,"data":"EDGE_TTA_ACTIVE views= 10 mean_abs_feat_delta= 0.321032\n"}
,{"stream_name":"stdout","time":497.530165156,"data":"EDGE_TTA_ACTIVE views= 10 mean_abs_feat_delta= 0.321032\n"}
,{"stream_name":"stdout","time":498.078929703,"data":"SECONDARY_EDGE_TTA_ACTIVE views= 8 weight= 0.75 mean_abs_feat_delta= 0.28122\n"}
,{"stream_name":"stdout","time":498.281359509,"data":"SECONDARY_EDGE_TTA_ACTIVE views= 8 weight= 0.75 mean_abs_feat_delta= 0.28122\n"}
,{"stream_name":"stdout","time":498.303261464,"data":"SECONDARY_EDGE_TTA_ACTIVE views= 8 weight= 0.75 mean_abs_feat_delta= 0.246968\n"}
,{"stream_name":"stdout","time":498.505920611,"data":"SECONDARY_EDGE_TTA_ACTIVE views= 8 weight= 0.75 mean_abs_feat_delta= 0.246968\n"}
,{"stream_name":"stdout","time":499.469223422,"data":"EDGE_TTA_ACTIVE views= 10 mean_abs_feat_delta= 0.362452\n"}
,{"stream_name":"stdout","time":499.641072579,"data":"EDGE_TTA_ACTIVE views= 10 mean_abs_feat_delta= 0.32336\n"}
,{"stream_name":"stdout","time":499.671919264,"data":"EDGE_TTA_ACTIVE views= 10 mean_abs_feat_delta= 0.362452\n"}
,{"stream_name":"stdout","time":499.671984097,"data":"EDGE_TTA_ACTIVE views= 10 mean_abs_feat_delta= 0.32336\n"}
,{"stream_name":"stdout","time":500.499352417,"data":"SECONDARY_EDGE_TTA_ACTIVE views= 8 weight= 0.75 mean_abs_feat_delta= 0.277064\n"}
,{"stream_name":"stdout","time":500.616296383,"data":"SECONDARY_EDGE_TTA_ACTIVE views= 8 weight= 0.75 mean_abs_feat_delta= 0.250361\n"}
,{"stream_name":"stdout","time":500.701705136,"data":"SECONDARY_EDGE_TTA_ACTIVE views= 8 weight= 0.75 mean_abs_feat_delta= 0.277064\n"}
,{"stream_name":"stdout","time":500.701744548,"data":"SECONDARY_EDGE_TTA_ACTIVE views= 8 weight= 0.75 mean_abs_feat_delta= 0.250361\n"}
,{"stream_name":"stdout","time":501.890337357,"data":"EDGE_TTA_ACTIVE views= 10 mean_abs_feat_delta= 0.36048\n"}
,{"stream_name":"stdout","time":501.993014958,"data":"EDGE_TTA_ACTIVE views= 10 mean_abs_feat_delta= 0.327252\n"}
,{"stream_name":"stdout","time":502.092654886,"data":"EDGE_TTA_ACTIVE views= 10 mean_abs_feat_delta= 0.36048\n"}
,{"stream_name":"stdout","time":502.09272388,"data":"EDGE_TTA_ACTIVE views= 10 mean_abs_feat_delta= 0.327252\n"}
,{"stream_name":"stdout","time":502.920619966,"data":"SECONDARY_EDGE_TTA_ACTIVE views= 8 weight= 0.75 mean_abs_feat_delta= 0.274933\n"}
,{"stream_name":"stdout","time":502.971069558,"data":"SECONDARY_EDGE_TTA_ACTIVE views= 8 weight= 0.75 mean_abs_feat_delta= 0.24375\n"}
,{"stream_name":"stdout","time":503.123191553,"data":"SECONDARY_EDGE_TTA_ACTIVE views= 8 weight= 0.75 mean_abs_feat_delta= 0.274933\n"}
,{"stream_name":"stdout","time":503.123224169,"data":"SECONDARY_EDGE_TTA_ACTIVE views= 8 weight= 0.75 mean_abs_feat_delta= 0.24375\n"}
,{"stream_name":"stdout","time":504.340049184,"data":"EDGE_TTA_ACTIVE views= 10 mean_abs_feat_delta= 0.365102\n"}
,{"stream_name":"stdout","time":504.401100747,"data":"EDGE_TTA_ACTIVE views= 10 mean_abs_feat_delta= 0.329145\n"}
,{"stream_name":"stdout","time":504.542878079,"data":"EDGE_TTA_ACTIVE views= 10 mean_abs_feat_delta= 0.365102\n"}
,{"stream_name":"stdout","time":504.542928722,"data":"EDGE_TTA_ACTIVE views= 10 mean_abs_feat_delta= 0.329145\n"}
,{"stream_name":"stdout","time":505.378460705,"data":"SECONDARY_EDGE_TTA_ACTIVE views= 8 weight= 0.75 mean_abs_feat_delta= 0.278308\n"}
,{"stream_name":"stdout","time":505.383510922,"data":"SECONDARY_EDGE_TTA_ACTIVE views= 8 weight= 0.75 mean_abs_feat_delta= 0.239566\n"}
,{"stream_name":"stdout","time":505.581033817,"data":"SECONDARY_EDGE_TTA_ACTIVE views= 8 weight= 0.75 mean_abs_feat_delta= 0.278308\n"}
,{"stream_name":"stdout","time":505.581069896,"data":"SECONDARY_EDGE_TTA_ACTIVE views= 8 weight= 0.75 mean_abs_feat_delta= 0.239566\n"}
,{"stream_name":"stdout","time":506.738648441,"data":"EDGE_TTA_ACTIVE views= 10 mean_abs_feat_delta= 0.323561\n"}
,{"stream_name":"stdout","time":506.828543333,"data":"EDGE_TTA_ACTIVE views= 10 mean_abs_feat_delta= 0.366496\n"}
,{"stream_name":"stdout","time":506.941342336,"data":"EDGE_TTA_ACTIVE views= 10 mean_abs_feat_delta= 0.323561\n"}
,{"stream_name":"stdout","time":506.94139109,"data":"EDGE_TTA_ACTIVE views= 10 mean_abs_feat_delta= 0.366496\n"}
,{"stream_name":"stdout","time":507.727243505,"data":"SECONDARY_EDGE_TTA_ACTIVE views= 8 weight= 0.75 mean_abs_feat_delta= 0.242074\n"}
,{"stream_name":"stdout","time":507.873661951,"data":"SECONDARY_EDGE_TTA_ACTIVE views= 8 weight= 0.75 mean_abs_feat_delta= 0.285352\n"}
,{"stream_name":"stdout","time":507.877932085,"data":"BIOHUB_RETENTION_GUARD {\"blended_candidates\": 296, \"dataset\": \"44b6_0b24845f\", \"frame\": 40, \"minimum_retention\": 0.9, \"primary_candidates\": 329, \"retention\": 0.8996960486322189, \"use_primary\": true}\n"}
,{"stream_name":"stdout","time":507.929948853,"data":"SECONDARY_EDGE_TTA_ACTIVE views= 8 weight= 0.75 mean_abs_feat_delta= 0.242074\n"}
,{"stream_name":"stdout","time":507.929976096,"data":"SECONDARY_EDGE_TTA_ACTIVE views= 8 weight= 0.75 mean_abs_feat_delta= 0.285352\n"}
,{"stream_name":"stdout","time":507.93001526,"data":"BIOHUB_RETENTION_GUARD {\"blended_candidates\": 296, \"dataset\": \"44b6_0b24845f\", \"frame\": 40, \"minimum_retention\": 0.9, \"primary_candidates\": 329, \"retention\": 0.8996960486322189, \"use_primary\": true}\n"}
,{"stream_name":"stdout","time":509.081998932,"data":"EDGE_TTA_ACTIVE views= 10 mean_abs_feat_delta= 0.322833\n"}
,{"stream_name":"stdout","time":509.284807176,"data":"EDGE_TTA_ACTIVE views= 10 mean_abs_feat_delta= 0.322833\n"}
,{"stream_name":"stdout","time":509.314457608,"data":"EDGE_TTA_ACTIVE views= 10 mean_abs_feat_delta= 0.361587\n"}
,{"stream_name":"stdout","time":509.517056968,"data":"EDGE_TTA_ACTIVE views= 10 mean_abs_feat_delta= 0.361587\n"}
,{"stream_name":"stdout","time":510.076236687,"data":"SECONDARY_EDGE_TTA_ACTIVE views= 8 weight= 0.75 mean_abs_feat_delta= 0.24388\n"}
,{"stream_name":"stdout","time":510.278780995,"data":"SECONDARY_EDGE_TTA_ACTIVE views= 8 weight= 0.75 mean_abs_feat_delta= 0.24388\n"}
,{"stream_name":"stdout","time":510.369843934,"data":"SECONDARY_EDGE_TTA_ACTIVE views= 8 weight= 0.75 mean_abs_feat_delta= 0.280788\n"}
,{"stream_name":"stdout","time":510.572740197,"data":"SECONDARY_EDGE_TTA_ACTIVE views= 8 weight= 0.75 mean_abs_feat_delta= 0.280788\n"}
,{"stream_name":"stdout","time":511.431904654,"data":"EDGE_TTA_ACTIVE views= 10 mean_abs_feat_delta= 0.325711\n"}
,{"stream_name":"stdout","time":511.634605271,"data":"EDGE_TTA_ACTIVE views= 10 mean_abs_feat_delta= 0.325711\n"}
,{"stream_name":"stdout","time":511.850530416,"data":"EDGE_TTA_ACTIVE views= 10 mean_abs_feat_delta= 0.358241\n"}
,{"stream_name":"stdout","time":512.052747602,"data":"EDGE_TTA_ACTIVE views= 10 mean_abs_feat_delta= 0.358241\n"}
,{"stream_name":"stdout","time":512.428458138,"data":"SECONDARY_EDGE_TTA_ACTIVE views= 8 weight= 0.75 mean_abs_feat_delta= 0.242396\n"}
,{"stream_name":"stdout","time":512.630930347,"data":"SECONDARY_EDGE_TTA_ACTIVE views= 8 weight= 0.75 mean_abs_feat_delta= 0.242396\n"}
,{"stream_name":"stdout","time":512.907565417,"data":"SECONDARY_EDGE_TTA_ACTIVE views= 8 weight= 0.75 mean_abs_feat_delta= 0.282166\n"}
,{"stream_name":"stdout","time":513.110608251,"data":"SECONDARY_EDGE_TTA_ACTIVE views= 8 weight= 0.75 mean_abs_feat_delta= 0.282166\n"}
,{"stream_name":"stdout","time":513.803585399,"data":"EDGE_TTA_ACTIVE views= 10 mean_abs_feat_delta= 0.32711\n"}
,{"stream_name":"stdout","time":514.006315137,"data":"EDGE_TTA_ACTIVE views= 10 mean_abs_feat_delta= 0.32711\n"}
,{"stream_name":"stdout","time":514.362318805,"data":"EDGE_TTA_ACTIVE views= 10 mean_abs_feat_delta= 0.361825\n"}
,{"stream_name":"stdout","time":514.564628224,"data":"EDGE_TTA_ACTIVE views= 10 mean_abs_feat_delta= 0.361825\n"}
,{"stream_name":"stdout","time":514.804443625,"data":"SECONDARY_EDGE_TTA_ACTIVE views= 8 weight= 0.75 mean_abs_feat_delta= 0.24245\n"}
,{"stream_name":"stdout","time":515.006938696,"data":"SECONDARY_EDGE_TTA_ACTIVE views= 8 weight= 0.75 mean_abs_feat_delta= 0.24245\n"}
,{"stream_name":"stdout","time":515.429585394,"data":"SECONDARY_EDGE_TTA_ACTIVE views= 8 weight= 0.75 mean_abs_feat_delta= 0.283823\n"}
,{"stream_name":"stdout","time":515.63201351,"data":"SECONDARY_EDGE_TTA_ACTIVE views= 8 weight= 0.75 mean_abs_feat_delta= 0.283823\n"}
,{"stream_name":"stdout","time":516.182841478,"data":"EDGE_TTA_ACTIVE views= 10 mean_abs_feat_delta= 0.328334\n"}
,{"stream_name":"stdout","time":516.385335137,"data":"EDGE_TTA_ACTIVE views= 10 mean_abs_feat_delta= 0.328334\n"}
,{"stream_name":"stdout","time":516.88378672,"data":"EDGE_TTA_ACTIVE views= 10 mean_abs_feat_delta= 0.363905\n"}
,{"stream_name":"stdout","time":517.086356397,"data":"EDGE_TTA_ACTIVE views= 10 mean_abs_feat_delta= 0.363905\n"}
,{"stream_name":"stdout","time":517.187272992,"data":"SECONDARY_EDGE_TTA_ACTIVE views= 8 weight= 0.75 mean_abs_feat_delta= 0.246663\n"}
,{"stream_name":"stdout","time":517.389826101,"data":"SECONDARY_EDGE_TTA_ACTIVE views= 8 weight= 0.75 mean_abs_feat_delta= 0.246663\n"}
,{"stream_name":"stdout","time":517.959729466,"data":"SECONDARY_EDGE_TTA_ACTIVE views= 8 weight= 0.75 mean_abs_feat_delta= 0.281373\n"}
,{"stream_name":"stdout","time":518.162140433,"data":"SECONDARY_EDGE_TTA_ACTIVE views= 8 weight= 0.75 mean_abs_feat_delta= 0.281373\n"}
,{"stream_name":"stdout","time":518.542813505,"data":"EDGE_TTA_ACTIVE views= 10 mean_abs_feat_delta= 0.326127\n"}
,{"stream_name":"stdout","time":518.745359169,"data":"EDGE_TTA_ACTIVE views= 10 mean_abs_feat_delta= 0.326127\n"}
,{"stream_name":"stdout","time":519.432900454,"data":"EDGE_TTA_ACTIVE views= 10 mean_abs_feat_delta= 0.364969\n"}
,{"stream_name":"stdout","time":519.565284081,"data":"SECONDARY_EDGE_TTA_ACTIVE views= 8 weight= 0.75 mean_abs_feat_delta= 0.248161\n"}
,{"stream_name":"stdout","time":519.63529064,"data":"EDGE_TTA_ACTIVE views= 10 mean_abs_feat_delta= 0.364969\n"}
,{"stream_name":"stdout","time":519.63531797,"data":"SECONDARY_EDGE_TTA_ACTIVE views= 8 weight= 0.75 mean_abs_feat_delta= 0.248161\n"}
,{"stream_name":"stdout","time":520.512306901,"data":"SECONDARY_EDGE_TTA_ACTIVE views= 8 weight= 0.75 mean_abs_feat_delta= 0.281151\n"}
,{"stream_name":"stdout","time":520.715721465,"data":"SECONDARY_EDGE_TTA_ACTIVE views= 8 weight= 0.75 mean_abs_feat_delta= 0.281151\n"}
,{"stream_name":"stdout","time":520.916050091,"data":"EDGE_TTA_ACTIVE views= 10 mean_abs_feat_delta= 0.326027\n"}
,{"stream_name":"stdout","time":521.118699811,"data":"EDGE_TTA_ACTIVE views= 10 mean_abs_feat_delta= 0.326027\n"}
,{"stream_name":"stdout","time":521.928757539,"data":"SECONDARY_EDGE_TTA_ACTIVE views= 8 weight= 0.75 mean_abs_feat_delta= 0.244572\n"}
,{"stream_name":"stdout","time":522.00370015,"data":"EDGE_TTA_ACTIVE views= 10 mean_abs_feat_delta= 0.360361\n"}
,{"stream_name":"stdout","time":522.130824593,"data":"SECONDARY_EDGE_TTA_ACTIVE views= 8 weight= 0.75 mean_abs_feat_delta= 0.244572\n"}
,{"stream_name":"stdout","time":522.130859432,"data":"EDGE_TTA_ACTIVE views= 10 mean_abs_feat_delta= 0.360361\n"}
,{"stream_name":"stdout","time":523.092322899,"data":"SECONDARY_EDGE_TTA_ACTIVE views= 8 weight= 0.75 mean_abs_feat_delta= 0.288338\n"}
,{"stream_name":"stdout","time":523.096714284,"data":"BIOHUB_RETENTION_GUARD {\"blended_candidates\": 274, \"dataset\": \"44b6_0b24845f\", \"frame\": 46, \"minimum_retention\": 0.9, \"primary_candidates\": 305, \"retention\": 0.898360655737705, \"use_primary\": true}\n"}
,{"stream_name":"stdout","time":523.315977282,"data":"SECONDARY_EDGE_TTA_ACTIVE views= 8 weight= 0.75 mean_abs_feat_delta= 0.288338\n"}
,{"stream_name":"stdout","time":523.316004831,"data":"BIOHUB_RETENTION_GUARD {\"blended_candidates\": 274, \"dataset\": \"44b6_0b24845f\", \"frame\": 46, \"minimum_retention\": 0.9, \"primary_candidates\": 305, \"retention\": 0.898360655737705, \"use_primary\": true}\n"}
,{"stream_name":"stdout","time":523.32391964,"data":"EDGE_TTA_ACTIVE views= 10 mean_abs_feat_delta= 0.321175\n"}
,{"stream_name":"stdout","time":523.526071583,"data":"EDGE_TTA_ACTIVE views= 10 mean_abs_feat_delta= 0.321175\n"}
,{"stream_name":"stdout","time":524.337771464,"data":"SECONDARY_EDGE_TTA_ACTIVE views= 8 weight= 0.75 mean_abs_feat_delta= 0.244253\n"}
,{"stream_name":"stdout","time":524.540438811,"data":"SECONDARY_EDGE_TTA_ACTIVE views= 8 weight= 0.75 mean_abs_feat_delta= 0.244253\n"}
,{"stream_name":"stdout","time":524.584158927,"data":"EDGE_TTA_ACTIVE views= 10 mean_abs_feat_delta= 0.363005\n"}
,{"stream_name":"stdout","time":524.78659786,"data":"EDGE_TTA_ACTIVE views= 10 mean_abs_feat_delta= 0.363005\n"}
,{"stream_name":"stdout","time":525.677448577,"data":"SECONDARY_EDGE_TTA_ACTIVE views= 8 weight= 0.75 mean_abs_feat_delta= 0.292434\n"}
,{"stream_name":"stdout","time":525.681436709,"data":"BIOHUB_RETENTION_GUARD {\"blended_candidates\": 262, \"dataset\": \"44b6_0b24845f\", \"frame\": 47, \"minimum_retention\": 0.9, \"primary_candidates\": 311, \"retention\": 0.842443729903537, \"use_primary\": true}\n"}
,{"stream_name":"stdout","time":525.720758841,"data":"EDGE_TTA_ACTIVE views= 10 mean_abs_feat_delta= 0.328597\n"}
,{"stream_name":"stdout","time":525.880169135,"data":"SECONDARY_EDGE_TTA_ACTIVE views= 8 weight= 0.75 mean_abs_feat_delta= 0.292434\n"}
,{"stream_name":"stdout","time":525.880258559,"data":"BIOHUB_RETENTION_GUARD {\"blended_candidates\": 262, \"dataset\": \"44b6_0b24845f\", \"frame\": 47, \"minimum_retention\": 0.9, \"primary_candidates\": 311, \"retention\": 0.842443729903537, \"use_primary\": true}\n"}
,{"stream_name":"stdout","time":525.880265033,"data":"EDGE_TTA_ACTIVE views= 10 mean_abs_feat_delta= 0.328597\n"}
,{"stream_name":"stdout","time":526.739300525,"data":"SECONDARY_EDGE_TTA_ACTIVE views= 8 weight= 0.75 mean_abs_feat_delta= 0.251298\n"}
,{"stream_name":"stdout","time":526.941757487,"data":"SECONDARY_EDGE_TTA_ACTIVE views= 8 weight= 0.75 mean_abs_feat_delta= 0.251298\n"}
,{"stream_name":"stdout","time":527.167004725,"data":"EDGE_TTA_ACTIVE views= 10 mean_abs_feat_delta= 0.370704\n"}
,{"stream_name":"stdout","time":527.36946485,"data":"EDGE_TTA_ACTIVE views= 10 mean_abs_feat_delta= 0.370704\n"}
,{"stream_name":"stdout","time":528.212356884,"data":"EDGE_TTA_ACTIVE views= 10 mean_abs_feat_delta= 0.324783\n"}
,{"stream_name":"stdout","time":528.258155772,"data":"SECONDARY_EDGE_TTA_ACTIVE views= 8 weight= 0.75 mean_abs_feat_delta= 0.288129\n"}
,{"stream_name":"stdout","time":528.414837225,"data":"EDGE_TTA_ACTIVE views= 10 mean_abs_feat_delta= 0.324783\n"}
,{"stream_name":"stdout","time":528.414925345,"data":"SECONDARY_EDGE_TTA_ACTIVE views= 8 weight= 0.75 mean_abs_feat_delta= 0.288129\n"}
,{"stream_name":"stdout","time":529.230347456,"data":"SECONDARY_EDGE_TTA_ACTIVE views= 8 weight= 0.75 mean_abs_feat_delta= 0.241945\n"}
,{"stream_name":"stdout","time":529.433080069,"data":"SECONDARY_EDGE_TTA_ACTIVE views= 8 weight= 0.75 mean_abs_feat_delta= 0.241945\n"}
,{"stream_name":"stdout","time":529.758812247,"data":"EDGE_TTA_ACTIVE views= 10 mean_abs_feat_delta= 0.365343\n"}
,{"stream_name":"stdout","time":529.961363933,"data":"EDGE_TTA_ACTIVE views= 10 mean_abs_feat_delta= 0.365343\n"}
,{"stream_name":"stdout","time":530.600366709,"data":"EDGE_TTA_ACTIVE views= 10 mean_abs_feat_delta= 0.326798\n"}
,{"stream_name":"stdout","time":530.802827586,"data":"EDGE_TTA_ACTIVE views= 10 mean_abs_feat_delta= 0.326798\n"}
,{"stream_name":"stdout","time":530.850031887,"data":"SECONDARY_EDGE_TTA_ACTIVE views= 8 weight= 0.75 mean_abs_feat_delta= 0.299885\n"}
,{"stream_name":"stdout","time":531.05536294,"data":"SECONDARY_EDGE_TTA_ACTIVE views= 8 weight= 0.75 mean_abs_feat_delta= 0.299885\n"}
,{"stream_name":"stdout","time":531.614845827,"data":"SECONDARY_EDGE_TTA_ACTIVE views= 8 weight= 0.75 mean_abs_feat_delta= 0.241039\n"}
,{"stream_name":"stdout","time":531.817619564,"data":"SECONDARY_EDGE_TTA_ACTIVE views= 8 weight= 0.75 mean_abs_feat_delta= 0.241039\n"}
,{"stream_name":"stdout","time":532.351605442,"data":"EDGE_TTA_ACTIVE views= 10 mean_abs_feat_delta= 0.366355\n"}
,{"stream_name":"stdout","time":532.554166811,"data":"EDGE_TTA_ACTIVE views= 10 mean_abs_feat_delta= 0.366355\n"}
,{"stream_name":"stdout","time":533.022326642,"data":"EDGE_TTA_ACTIVE views= 10 mean_abs_feat_delta= 0.33539\n"}
,{"stream_name":"stdout","time":533.224798094,"data":"EDGE_TTA_ACTIVE views= 10 mean_abs_feat_delta= 0.33539\n"}
,{"stream_name":"stdout","time":533.436585593,"data":"SECONDARY_EDGE_TTA_ACTIVE views= 8 weight= 0.75 mean_abs_feat_delta= 0.305548\n"}
,{"stream_name":"stdout","time":533.440804813,"data":"BIOHUB_RETENTION_GUARD {\"blended_candidates\": 247, \"dataset\": \"44b6_0b24845f\", \"frame\": 50, \"minimum_retention\": 0.9, \"primary_candidates\": 288, \"retention\": 0.8576388888888888, \"use_primary\": true}\n"}
,{"stream_name":"stdout","time":533.638960373,"data":"SECONDARY_EDGE_TTA_ACTIVE views= 8 weight= 0.75 mean_abs_feat_delta= 0.305548\n"}
,{"stream_name":"stdout","time":533.639026055,"data":"BIOHUB_RETENTION_GUARD {\"blended_candidates\": 247, \"dataset\": \"44b6_0b24845f\", \"frame\": 50, \"minimum_retention\": 0.9, \"primary_candidates\": 288, \"retention\": 0.8576388888888888, \"use_primary\": true}\n"}
,{"stream_name":"stdout","time":534.036296404,"data":"SECONDARY_EDGE_TTA_ACTIVE views= 8 weight= 0.75 mean_abs_feat_delta= 0.250851\n"}
,{"stream_name":"stdout","time":534.238791099,"data":"SECONDARY_EDGE_TTA_ACTIVE views= 8 weight= 0.75 mean_abs_feat_delta= 0.250851\n"}
,{"stream_name":"stdout","time":534.90002231,"data":"EDGE_TTA_ACTIVE views= 10 mean_abs_feat_delta= 0.364641\n"}
,{"stream_name":"stdout","time":535.102504037,"data":"EDGE_TTA_ACTIVE views= 10 mean_abs_feat_delta= 0.364641\n"}
,{"stream_name":"stdout","time":535.404269999,"data":"EDGE_TTA_ACTIVE views= 10 mean_abs_feat_delta= 0.333945\n"}
,{"stream_name":"stdout","time":535.606474658,"data":"EDGE_TTA_ACTIVE views= 10 mean_abs_feat_delta= 0.333945\n"}
,{"stream_name":"stdout","time":535.977497741,"data":"SECONDARY_EDGE_TTA_ACTIVE views= 8 weight= 0.75 mean_abs_feat_delta= 0.296505\n"}
,{"stream_name":"stdout","time":535.982352807,"data":"BIOHUB_RETENTION_GUARD {\"blended_candidates\": 306, \"dataset\": \"44b6_0b24845f\", \"frame\": 51, \"minimum_retention\": 0.9, \"primary_candidates\": 353, \"retention\": 0.8668555240793201, \"use_primary\": true}\n"}
,{"stream_name":"stdout","time":536.180459466,"data":"SECONDARY_EDGE_TTA_ACTIVE views= 8 weight= 0.75 mean_abs_feat_delta= 0.296505\n"}
,{"stream_name":"stdout","time":536.180497959,"data":"BIOHUB_RETENTION_GUARD {\"blended_candidates\": 306, \"dataset\": \"44b6_0b24845f\", \"frame\": 51, \"minimum_retention\": 0.9, \"primary_candidates\": 353, \"retention\": 0.8668555240793201, \"use_primary\": true}\n"}
,{"stream_name":"stdout","time":536.408406035,"data":"SECONDARY_EDGE_TTA_ACTIVE views= 8 weight= 0.75 mean_abs_feat_delta= 0.253217\n"}
,{"stream_name":"stdout","time":536.610590557,"data":"SECONDARY_EDGE_TTA_ACTIVE views= 8 weight= 0.75 mean_abs_feat_delta= 0.253217\n"}
,{"stream_name":"stdout","time":537.472612866,"data":"EDGE_TTA_ACTIVE views= 10 mean_abs_feat_delta= 0.360963\n"}
,{"stream_name":"stdout","time":537.675401314,"data":"EDGE_TTA_ACTIVE views= 10 mean_abs_feat_delta= 0.360963\n"}
,{"stream_name":"stdout","time":537.793135197,"data":"EDGE_TTA_ACTIVE views= 10 mean_abs_feat_delta= 0.332409\n"}
,{"stream_name":"stdout","time":537.995580558,"data":"EDGE_TTA_ACTIVE views= 10 mean_abs_feat_delta= 0.332409\n"}
,{"stream_name":"stdout","time":538.543814925,"data":"SECONDARY_EDGE_TTA_ACTIVE views= 8 weight= 0.75 mean_abs_feat_delta= 0.295986\n"}
,{"stream_name":"stdout","time":538.746323277,"data":"SECONDARY_EDGE_TTA_ACTIVE views= 8 weight= 0.75 mean_abs_feat_delta= 0.295986\n"}
,{"stream_name":"stdout","time":538.799457362,"data":"SECONDARY_EDGE_TTA_ACTIVE views= 8 weight= 0.75 mean_abs_feat_delta= 0.261342\n"}
,{"stream_name":"stdout","time":539.001912729,"data":"SECONDARY_EDGE_TTA_ACTIVE views= 8 weight= 0.75 mean_abs_feat_delta= 0.261342\n"}
,{"stream_name":"stdout","time":540.007853446,"data":"EDGE_TTA_ACTIVE views= 10 mean_abs_feat_delta= 0.362296\n"}
,{"stream_name":"stdout","time":540.181960972,"data":"EDGE_TTA_ACTIVE views= 10 mean_abs_feat_delta= 0.333488\n"}
,{"stream_name":"stdout","time":540.21037707,"data":"EDGE_TTA_ACTIVE views= 10 mean_abs_feat_delta= 0.362296\n"}
,{"stream_name":"stdout","time":540.210419453,"data":"EDGE_TTA_ACTIVE views= 10 mean_abs_feat_delta= 0.333488\n"}
,{"stream_name":"stdout","time":541.069276312,"data":"SECONDARY_EDGE_TTA_ACTIVE views= 8 weight= 0.75 mean_abs_feat_delta= 0.30285\n"}
,{"stream_name":"stdout","time":541.073837206,"data":"BIOHUB_RETENTION_GUARD {\"blended_candidates\": 301, \"dataset\": \"44b6_0b24845f\", \"frame\": 53, \"minimum_retention\": 0.9, \"primary_candidates\": 339, \"retention\": 0.887905604719764, \"use_primary\": true}\n"}
,{"stream_name":"stdout","time":541.18241497,"data":"SECONDARY_EDGE_TTA_ACTIVE views= 8 weight= 0.75 mean_abs_feat_delta= 0.263655\n"}
,{"stream_name":"stdout","time":541.271587542,"data":"SECONDARY_EDGE_TTA_ACTIVE views= 8 weight= 0.75 mean_abs_feat_delta= 0.30285\n"}
,{"stream_name":"stdout","time":541.27163844,"data":"BIOHUB_RETENTION_GUARD {\"blended_candidates\": 301, \"dataset\": \"44b6_0b24845f\", \"frame\": 53, \"minimum_retention\": 0.9, \"primary_candidates\": 339, \"retention\": 0.887905604719764, \"use_primary\": true}\n"}
,{"stream_name":"stdout","time":541.271647562,"data":"SECONDARY_EDGE_TTA_ACTIVE views= 8 weight= 0.75 mean_abs_feat_delta= 0.263655\n"}
,{"stream_name":"stdout","time":542.514718869,"data":"EDGE_TTA_ACTIVE views= 10 mean_abs_feat_delta= 0.360497\n"}
,{"stream_name":"stdout","time":542.541955456,"data":"EDGE_TTA_ACTIVE views= 10 mean_abs_feat_delta= 0.33334\n"}
,{"stream_name":"stdout","time":542.716731979,"data":"EDGE_TTA_ACTIVE views= 10 mean_abs_feat_delta= 0.360497\n"}
,{"stream_name":"stdout","time":542.716764521,"data":"EDGE_TTA_ACTIVE views= 10 mean_abs_feat_delta= 0.33334\n"}
,{"stream_name":"stdout","time":543.543191865,"data":"SECONDARY_EDGE_TTA_ACTIVE views= 8 weight= 0.75 mean_abs_feat_delta= 0.264049\n"}
,{"stream_name":"stdout","time":543.575744034,"data":"SECONDARY_EDGE_TTA_ACTIVE views= 8 weight= 0.75 mean_abs_feat_delta= 0.30254\n"}
,{"stream_name":"stdout","time":543.579900501,"data":"BIOHUB_RETENTION_GUARD {\"blended_candidates\": 316, \"dataset\": \"44b6_0b24845f\", \"frame\": 54, \"minimum_retention\": 0.9, \"primary_candidates\": 354, \"retention\": 0.8926553672316384, \"use_primary\": true}\n"}
,{"stream_name":"stdout","time":543.74604995,"data":"SECONDARY_EDGE_TTA_ACTIVE views= 8 weight= 0.75 mean_abs_feat_delta= 0.264049\n"}
,{"stream_name":"stdout","time":543.746109639,"data":"SECONDARY_EDGE_TTA_ACTIVE views= 8 weight= 0.75 mean_abs_feat_delta= 0.30254\n"}
,{"stream_name":"stdout","time":543.746114792,"data":"BIOHUB_RETENTION_GUARD {\"blended_candidates\": 316, \"dataset\": \"44b6_0b24845f\", \"frame\": 54, \"minimum_retention\": 0.9, \"primary_candidates\": 354, \"retention\": 0.8926553672316384, \"use_primary\": true}\n"}
,{"stream_name":"stdout","time":544.896885802,"data":"EDGE_TTA_ACTIVE views= 10 mean_abs_feat_delta= 0.33643\n"}
,{"stream_name":"stdout","time":545.028519527,"data":"EDGE_TTA_ACTIVE views= 10 mean_abs_feat_delta= 0.360896\n"}
,{"stream_name":"stdout","time":545.099389928,"data":"EDGE_TTA_ACTIVE views= 10 mean_abs_feat_delta= 0.33643\n"}
,{"stream_name":"stdout","time":545.099419795,"data":"EDGE_TTA_ACTIVE views= 10 mean_abs_feat_delta= 0.360896\n"}
,{"stream_name":"stdout","time":545.897181386,"data":"SECONDARY_EDGE_TTA_ACTIVE views= 8 weight= 0.75 mean_abs_feat_delta= 0.262185\n"}
,{"stream_name":"stdout","time":546.082279693,"data":"SECONDARY_EDGE_TTA_ACTIVE views= 8 weight= 0.75 mean_abs_feat_delta= 0.304896\n"}
,{"stream_name":"stdout","time":546.100218608,"data":"SECONDARY_EDGE_TTA_ACTIVE views= 8 weight= 0.75 mean_abs_feat_delta= 0.262185\n"}
,{"stream_name":"stdout","time":546.100262779,"data":"SECONDARY_EDGE_TTA_ACTIVE views= 8 weight= 0.75 mean_abs_feat_delta= 0.304896\n"}
,{"stream_name":"stdout","time":547.262667097,"data":"EDGE_TTA_ACTIVE views= 10 mean_abs_feat_delta= 0.342377\n"}
,{"stream_name":"stdout","time":547.465400271,"data":"EDGE_TTA_ACTIVE views= 10 mean_abs_feat_delta= 0.342377\n"}
,{"stream_name":"stdout","time":547.55061074,"data":"EDGE_TTA_ACTIVE views= 10 mean_abs_feat_delta= 0.363846\n"}
,{"stream_name":"stdout","time":547.752849792,"data":"EDGE_TTA_ACTIVE views= 10 mean_abs_feat_delta= 0.363846\n"}
,{"stream_name":"stdout","time":548.25917456,"data":"SECONDARY_EDGE_TTA_ACTIVE views= 8 weight= 0.75 mean_abs_feat_delta= 0.257653\n"}
,{"stream_name":"stdout","time":548.461591042,"data":"SECONDARY_EDGE_TTA_ACTIVE views= 8 weight= 0.75 mean_abs_feat_delta= 0.257653\n"}
,{"stream_name":"stdout","time":548.602039823,"data":"SECONDARY_EDGE_TTA_ACTIVE views= 8 weight= 0.75 mean_abs_feat_delta= 0.308335\n"}
,{"stream_name":"stdout","time":548.804843236,"data":"SECONDARY_EDGE_TTA_ACTIVE views= 8 weight= 0.75 mean_abs_feat_delta= 0.308335\n"}
,{"stream_name":"stdout","time":549.610545777,"data":"EDGE_TTA_ACTIVE views= 10 mean_abs_feat_delta= 0.33519\n"}
,{"stream_name":"stdout","time":549.8131181,"data":"EDGE_TTA_ACTIVE views= 10 mean_abs_feat_delta= 0.33519\n"}
,{"stream_name":"stdout","time":550.062991468,"data":"EDGE_TTA_ACTIVE views= 10 mean_abs_feat_delta= 0.357998\n"}
,{"stream_name":"stdout","time":550.265662991,"data":"EDGE_TTA_ACTIVE views= 10 mean_abs_feat_delta= 0.357998\n"}
,{"stream_name":"stdout","time":550.601472936,"data":"SECONDARY_EDGE_TTA_ACTIVE views= 8 weight= 0.75 mean_abs_feat_delta= 0.252778\n"}
,{"stream_name":"stdout","time":550.803979038,"data":"SECONDARY_EDGE_TTA_ACTIVE views= 8 weight= 0.75 mean_abs_feat_delta= 0.252778\n"}
,{"stream_name":"stdout","time":551.111600345,"data":"SECONDARY_EDGE_TTA_ACTIVE views= 8 weight= 0.75 mean_abs_feat_delta= 0.3079\n"}
,{"stream_name":"stdout","time":551.314185273,"data":"SECONDARY_EDGE_TTA_ACTIVE views= 8 weight= 0.75 mean_abs_feat_delta= 0.3079\n"}
,{"stream_name":"stdout","time":551.97560033,"data":"EDGE_TTA_ACTIVE views= 10 mean_abs_feat_delta= 0.33396\n"}
,{"stream_name":"stdout","time":552.178205094,"data":"EDGE_TTA_ACTIVE views= 10 mean_abs_feat_delta= 0.33396\n"}
,{"stream_name":"stdout","time":552.53169819,"data":"EDGE_TTA_ACTIVE views= 10 mean_abs_feat_delta= 0.353406\n"}
,{"stream_name":"stdout","time":552.733990352,"data":"EDGE_TTA_ACTIVE views= 10 mean_abs_feat_delta= 0.353406\n"}
,{"stream_name":"stdout","time":552.967935114,"data":"SECONDARY_EDGE_TTA_ACTIVE views= 8 weight= 0.75 mean_abs_feat_delta= 0.255196\n"}
,{"stream_name":"stdout","time":553.170982954,"data":"SECONDARY_EDGE_TTA_ACTIVE views= 8 weight= 0.75 mean_abs_feat_delta= 0.255196\n"}
,{"stream_name":"stdout","time":553.578270841,"data":"SECONDARY_EDGE_TTA_ACTIVE views= 8 weight= 0.75 mean_abs_feat_delta= 0.304751\n"}
,{"stream_name":"stdout","time":553.582250526,"data":"BIOHUB_RETENTION_GUARD {\"blended_candidates\": 253, \"dataset\": \"44b6_0b24845f\", \"frame\": 58, \"minimum_retention\": 0.9, \"primary_candidates\": 311, \"retention\": 0.8135048231511254, \"use_primary\": true}\n"}
,{"stream_name":"stdout","time":553.804627255,"data":"SECONDARY_EDGE_TTA_ACTIVE views= 8 weight= 0.75 mean_abs_feat_delta= 0.304751\n"}
,{"stream_name":"stdout","time":553.804665598,"data":"BIOHUB_RETENTION_GUARD {\"blended_candidates\": 253, \"dataset\": \"44b6_0b24845f\", \"frame\": 58, \"minimum_retention\": 0.9, \"primary_candidates\": 311, \"retention\": 0.8135048231511254, \"use_primary\": true}\n"}
,{"stream_name":"stdout","time":554.341027362,"data":"EDGE_TTA_ACTIVE views= 10 mean_abs_feat_delta= 0.332575\n"}
,{"stream_name":"stdout","time":554.543826604,"data":"EDGE_TTA_ACTIVE views= 10 mean_abs_feat_delta= 0.332575\n"}
,{"stream_name":"stdout","time":554.986028253,"data":"EDGE_TTA_ACTIVE views= 10 mean_abs_feat_delta= 0.355159\n"}
,{"stream_name":"stdout","time":555.189024769,"data":"EDGE_TTA_ACTIVE views= 10 mean_abs_feat_delta= 0.355159\n"}
,{"stream_name":"stdout","time":555.328301999,"data":"SECONDARY_EDGE_TTA_ACTIVE views= 8 weight= 0.75 mean_abs_feat_delta= 0.255652\n"}
,{"stream_name":"stdout","time":555.530786705,"data":"SECONDARY_EDGE_TTA_ACTIVE views= 8 weight= 0.75 mean_abs_feat_delta= 0.255652\n"}
,{"stream_name":"stdout","time":556.029241554,"data":"SECONDARY_EDGE_TTA_ACTIVE views= 8 weight= 0.75 mean_abs_feat_delta= 0.300835\n"}
,{"stream_name":"stdout","time":556.033636642,"data":"BIOHUB_RETENTION_GUARD {\"blended_candidates\": 298, \"dataset\": \"44b6_0b24845f\", \"frame\": 59, \"minimum_retention\": 0.9, \"primary_candidates\": 333, \"retention\": 0.8948948948948949, \"use_primary\": true}\n"}
,{"stream_name":"stdout","time":556.232206263,"data":"SECONDARY_EDGE_TTA_ACTIVE views= 8 weight= 0.75 mean_abs_feat_delta= 0.300835\n"}
,{"stream_name":"stdout","time":556.23230439,"data":"BIOHUB_RETENTION_GUARD {\"blended_candidates\": 298, \"dataset\": \"44b6_0b24845f\", \"frame\": 59, \"minimum_retention\": 0.9, \"primary_candidates\": 333, \"retention\": 0.8948948948948949, \"use_primary\": true}\n"}
,{"stream_name":"stdout","time":556.704118265,"data":"EDGE_TTA_ACTIVE views= 10 mean_abs_feat_delta= 0.336933\n"}
,{"stream_name":"stdout","time":556.906440998,"data":"EDGE_TTA_ACTIVE views= 10 mean_abs_feat_delta= 0.336933\n"}
,{"stream_name":"stdout","time":557.53821395,"data":"EDGE_TTA_ACTIVE views= 10 mean_abs_feat_delta= 0.356591\n"}
,{"stream_name":"stdout","time":557.696526114,"data":"SECONDARY_EDGE_TTA_ACTIVE views= 8 weight= 0.75 mean_abs_feat_delta= 0.256616\n"}
,{"stream_name":"stdout","time":557.740810565,"data":"EDGE_TTA_ACTIVE views= 10 mean_abs_feat_delta= 0.356591\n"}
,{"stream_name":"stdout","time":557.740861418,"data":"SECONDARY_EDGE_TTA_ACTIVE views= 8 weight= 0.75 mean_abs_feat_delta= 0.256616\n"}
,{"stream_name":"stdout","time":558.575934586,"data":"SECONDARY_EDGE_TTA_ACTIVE views= 8 weight= 0.75 mean_abs_feat_delta= 0.300158\n"}
,{"stream_name":"stdout","time":558.580128148,"data":"BIOHUB_RETENTION_GUARD {\"blended_candidates\": 325, \"dataset\": \"44b6_0b24845f\", \"frame\": 60, \"minimum_retention\": 0.9, \"primary_candidates\": 388, \"retention\": 0.8376288659793815, \"use_primary\": true}\n"}
,{"stream_name":"stdout","time":558.778249538,"data":"SECONDARY_EDGE_TTA_ACTIVE views= 8 weight= 0.75 mean_abs_feat_delta= 0.300158\n"}
,{"stream_name":"stdout","time":558.778318845,"data":"BIOHUB_RETENTION_GUARD {\"blended_candidates\": 325, \"dataset\": \"44b6_0b24845f\", \"frame\": 60, \"minimum_retention\": 0.9, \"primary_candidates\": 388, \"retention\": 0.8376288659793815, \"use_primary\": true}\n"}
,{"stream_name":"stdout","time":559.03528205,"data":"EDGE_TTA_ACTIVE views= 10 mean_abs_feat_delta= 0.338815\n"}
,{"stream_name":"stdout","time":559.237940783,"data":"EDGE_TTA_ACTIVE views= 10 mean_abs_feat_delta= 0.338815\n"}
,{"stream_name":"stdout","time":560.025585713,"data":"SECONDARY_EDGE_TTA_ACTIVE views= 8 weight= 0.75 mean_abs_feat_delta= 0.257121\n"}
,{"stream_name":"stdout","time":560.051176389,"data":"EDGE_TTA_ACTIVE views= 10 mean_abs_feat_delta= 0.353716\n"}
,{"stream_name":"stdout","time":560.22817255,"data":"SECONDARY_EDGE_TTA_ACTIVE views= 8 weight= 0.75 mean_abs_feat_delta= 0.257121\n"}
,{"stream_name":"stdout","time":560.228219678,"data":"EDGE_TTA_ACTIVE views= 10 mean_abs_feat_delta= 0.353716\n"}
,{"stream_name":"stdout","time":561.08605458,"data":"SECONDARY_EDGE_TTA_ACTIVE views= 8 weight= 0.75 mean_abs_feat_delta= 0.300168\n"}
,{"stream_name":"stdout","time":561.090179792,"data":"BIOHUB_RETENTION_GUARD {\"blended_candidates\": 270, \"dataset\": \"44b6_0b24845f\", \"frame\": 61, \"minimum_retention\": 0.9, \"primary_candidates\": 322, \"retention\": 0.8385093167701864, \"use_primary\": true}\n"}
,{"stream_name":"stdout","time":561.288620232,"data":"SECONDARY_EDGE_TTA_ACTIVE views= 8 weight= 0.75 mean_abs_feat_delta= 0.300168\n"}
,{"stream_name":"stdout","time":561.288691792,"data":"BIOHUB_RETENTION_GUARD {\"blended_candidates\": 270, \"dataset\": \"44b6_0b24845f\", \"frame\": 61, \"minimum_retention\": 0.9, \"primary_candidates\": 322, \"retention\": 0.8385093167701864, \"use_primary\": true}\n"}
,{"stream_name":"stdout","time":561.366832726,"data":"EDGE_TTA_ACTIVE views= 10 mean_abs_feat_delta= 0.340508\n"}
,{"stream_name":"stdout","time":561.569381084,"data":"EDGE_TTA_ACTIVE views= 10 mean_abs_feat_delta= 0.340508\n"}
,{"stream_name":"stdout","time":562.354931011,"data":"SECONDARY_EDGE_TTA_ACTIVE views= 8 weight= 0.75 mean_abs_feat_delta= 0.257896\n"}
,{"stream_name":"stdout","time":562.505756199,"data":"EDGE_TTA_ACTIVE views= 10 mean_abs_feat_delta= 0.354795\n"}
,{"stream_name":"stdout","time":562.557764216,"data":"SECONDARY_EDGE_TTA_ACTIVE views= 8 weight= 0.75 mean_abs_feat_delta= 0.257896\n"}
,{"stream_name":"stdout","time":562.557804518,"data":"EDGE_TTA_ACTIVE views= 10 mean_abs_feat_delta= 0.354795\n"}
,{"stream_name":"stdout","time":563.539771648,"data":"SECONDARY_EDGE_TTA_ACTIVE views= 8 weight= 0.75 mean_abs_feat_delta= 0.300845\n"}
,{"stream_name":"stdout","time":563.543998916,"data":"BIOHUB_RETENTION_GUARD {\"blended_candidates\": 294, \"dataset\": \"44b6_0b24845f\", \"frame\": 62, \"minimum_retention\": 0.9, \"primary_candidates\": 332, \"retention\": 0.8855421686746988, \"use_primary\": true}\n"}
,{"stream_name":"stdout","time":563.71947275,"data":"EDGE_TTA_ACTIVE views= 10 mean_abs_feat_delta= 0.341313\n"}
,{"stream_name":"stdout","time":563.742236079,"data":"SECONDARY_EDGE_TTA_ACTIVE views= 8 weight= 0.75 mean_abs_feat_delta= 0.300845\n"}
,{"stream_name":"stdout","time":563.742275889,"data":"BIOHUB_RETENTION_GUARD {\"blended_candidates\": 294, \"dataset\": \"44b6_0b24845f\", \"frame\": 62, \"minimum_retention\": 0.9, \"primary_candidates\": 332, \"retention\": 0.8855421686746988, \"use_primary\": true}\n"}
,{"stream_name":"stdout","time":563.742299239,"data":"EDGE_TTA_ACTIVE views= 10 mean_abs_feat_delta= 0.341313\n"}
,{"stream_name":"stdout","time":564.708852839,"data":"SECONDARY_EDGE_TTA_ACTIVE views= 8 weight= 0.75 mean_abs_feat_delta= 0.259858\n"}
,{"stream_name":"stdout","time":564.911650337,"data":"SECONDARY_EDGE_TTA_ACTIVE views= 8 weight= 0.75 mean_abs_feat_delta= 0.259858\n"}
,{"stream_name":"stdout","time":564.964162749,"data":"EDGE_TTA_ACTIVE views= 10 mean_abs_feat_delta= 0.362046\n"}
,{"stream_name":"stdout","time":565.166930581,"data":"EDGE_TTA_ACTIVE views= 10 mean_abs_feat_delta= 0.362046\n"}
,{"stream_name":"stdout","time":565.999322089,"data":"SECONDARY_EDGE_TTA_ACTIVE views= 8 weight= 0.75 mean_abs_feat_delta= 0.303221\n"}
,{"stream_name":"stdout","time":566.093194146,"data":"EDGE_TTA_ACTIVE views= 10 mean_abs_feat_delta= 0.340936\n"}
,{"stream_name":"stdout","time":566.202516412,"data":"SECONDARY_EDGE_TTA_ACTIVE views= 8 weight= 0.75 mean_abs_feat_delta= 0.303221\n"}
,{"stream_name":"stdout","time":566.202561205,"data":"EDGE_TTA_ACTIVE views= 10 mean_abs_feat_delta= 0.340936\n"}
,{"stream_name":"stdout","time":567.07716515,"data":"SECONDARY_EDGE_TTA_ACTIVE views= 8 weight= 0.75 mean_abs_feat_delta= 0.25507\n"}
,{"stream_name":"stdout","time":567.279690236,"data":"SECONDARY_EDGE_TTA_ACTIVE views= 8 weight= 0.75 mean_abs_feat_delta= 0.25507\n"}
,{"stream_name":"stdout","time":567.43404432,"data":"EDGE_TTA_ACTIVE views= 10 mean_abs_feat_delta= 0.356709\n"}
,{"stream_name":"stdout","time":567.636330302,"data":"EDGE_TTA_ACTIVE views= 10 mean_abs_feat_delta= 0.356709\n"}
,{"stream_name":"stdout","time":568.406949613,"data":"EDGE_TTA_ACTIVE views= 10 mean_abs_feat_delta= 0.339056\n"}
,{"stream_name":"stdout","time":568.466419943,"data":"SECONDARY_EDGE_TTA_ACTIVE views= 8 weight= 0.75 mean_abs_feat_delta= 0.299317\n"}
,{"stream_name":"stdout","time":568.470546924,"data":"BIOHUB_RETENTION_GUARD {\"blended_candidates\": 294, \"dataset\": \"44b6_0b24845f\", \"frame\": 64, \"minimum_retention\": 0.9, \"primary_candidates\": 352, \"retention\": 0.8352272727272727, \"use_primary\": true}\n"}
,{"stream_name":"stdout","time":568.610303783,"data":"EDGE_TTA_ACTIVE views= 10 mean_abs_feat_delta= 0.339056\n"}
,{"stream_name":"stdout","time":568.610362485,"data":"SECONDARY_EDGE_TTA_ACTIVE views= 8 weight= 0.75 mean_abs_feat_delta= 0.299317\n"}
,{"stream_name":"stdout","time":568.61036806,"data":"BIOHUB_RETENTION_GUARD {\"blended_candidates\": 294, \"dataset\": \"44b6_0b24845f\", \"frame\": 64, \"minimum_retention\": 0.9, \"primary_candidates\": 352, \"retention\": 0.8352272727272727, \"use_primary\": true}\n"}
,{"stream_name":"stdout","time":569.380489016,"data":"SECONDARY_EDGE_TTA_ACTIVE views= 8 weight= 0.75 mean_abs_feat_delta= 0.262098\n"}
,{"stream_name":"stdout","time":569.582840301,"data":"SECONDARY_EDGE_TTA_ACTIVE views= 8 weight= 0.75 mean_abs_feat_delta= 0.262098\n"}
,{"stream_name":"stdout","time":569.884483734,"data":"EDGE_TTA_ACTIVE views= 10 mean_abs_feat_delta= 0.357802\n"}
,{"stream_name":"stdout","time":570.086911522,"data":"EDGE_TTA_ACTIVE views= 10 mean_abs_feat_delta= 0.357802\n"}
,{"stream_name":"stdout","time":570.718845017,"data":"EDGE_TTA_ACTIVE views= 10 mean_abs_feat_delta= 0.337714\n"}
,{"stream_name":"stdout","time":570.919287723,"data":"SECONDARY_EDGE_TTA_ACTIVE views= 8 weight= 0.75 mean_abs_feat_delta= 0.299955\n"}
,{"stream_name":"stdout","time":570.921334634,"data":"EDGE_TTA_ACTIVE views= 10 mean_abs_feat_delta= 0.337714\n"}
,{"stream_name":"stdout","time":570.921357358,"data":"SECONDARY_EDGE_TTA_ACTIVE views= 8 weight= 0.75 mean_abs_feat_delta= 0.299955\n"}
,{"stream_name":"stdout","time":570.923485704,"data":"BIOHUB_RETENTION_GUARD {\"blended_candidates\": 325, \"dataset\": \"44b6_0b24845f\", \"frame\": 65, \"minimum_retention\": 0.9, \"primary_candidates\": 375, \"retention\": 0.8666666666666667, \"use_primary\": true}\n"}
,{"stream_name":"stdout","time":571.126470442,"data":"BIOHUB_RETENTION_GUARD {\"blended_candidates\": 325, \"dataset\": \"44b6_0b24845f\", \"frame\": 65, \"minimum_retention\": 0.9, \"primary_candidates\": 375, \"retention\": 0.8666666666666667, \"use_primary\": true}\n"}
,{"stream_name":"stdout","time":571.706849243,"data":"SECONDARY_EDGE_TTA_ACTIVE views= 8 weight= 0.75 mean_abs_feat_delta= 0.262847\n"}
,{"stream_name":"stdout","time":571.909483563,"data":"SECONDARY_EDGE_TTA_ACTIVE views= 8 weight= 0.75 mean_abs_feat_delta= 0.262847\n"}
,{"stream_name":"stdout","time":572.389608043,"data":"EDGE_TTA_ACTIVE views= 10 mean_abs_feat_delta= 0.357594\n"}
,{"stream_name":"stdout","time":572.592030235,"data":"EDGE_TTA_ACTIVE views= 10 mean_abs_feat_delta= 0.357594\n"}
,{"stream_name":"stdout","time":573.050259778,"data":"EDGE_TTA_ACTIVE views= 10 mean_abs_feat_delta= 0.339361\n"}
,{"stream_name":"stdout","time":573.252623612,"data":"EDGE_TTA_ACTIVE views= 10 mean_abs_feat_delta= 0.339361\n"}
,{"stream_name":"stdout","time":573.420360043,"data":"SECONDARY_EDGE_TTA_ACTIVE views= 8 weight= 0.75 mean_abs_feat_delta= 0.296912\n"}
,{"stream_name":"stdout","time":573.424534114,"data":"BIOHUB_RETENTION_GUARD {\"blended_candidates\": 308, \"dataset\": \"44b6_0b24845f\", \"frame\": 66, \"minimum_retention\": 0.9, \"primary_candidates\": 361, \"retention\": 0.853185595567867, \"use_primary\": true}\n"}
,{"stream_name":"stdout","time":573.622766979,"data":"SECONDARY_EDGE_TTA_ACTIVE views= 8 weight= 0.75 mean_abs_feat_delta= 0.296912\n"}
,{"stream_name":"stdout","time":573.622804127,"data":"BIOHUB_RETENTION_GUARD {\"blended_candidates\": 308, \"dataset\": \"44b6_0b24845f\", \"frame\": 66, \"minimum_retention\": 0.9, \"primary_candidates\": 361, \"retention\": 0.853185595567867, \"use_primary\": true}\n"}
,{"stream_name":"stdout","time":574.036327675,"data":"SECONDARY_EDGE_TTA_ACTIVE views= 8 weight= 0.75 mean_abs_feat_delta= 0.261047\n"}
,{"stream_name":"stdout","time":574.23889076,"data":"SECONDARY_EDGE_TTA_ACTIVE views= 8 weight= 0.75 mean_abs_feat_delta= 0.261047\n"}
,{"stream_name":"stdout","time":574.856660007,"data":"EDGE_TTA_ACTIVE views= 10 mean_abs_feat_delta= 0.355145\n"}
,{"stream_name":"stdout","time":575.059299833,"data":"EDGE_TTA_ACTIVE views= 10 mean_abs_feat_delta= 0.355145\n"}
,{"stream_name":"stdout","time":575.361210132,"data":"EDGE_TTA_ACTIVE views= 10 mean_abs_feat_delta= 0.339296\n"}
,{"stream_name":"stdout","time":575.563654713,"data":"EDGE_TTA_ACTIVE views= 10 mean_abs_feat_delta= 0.339296\n"}
,{"stream_name":"stdout","time":575.889260466,"data":"SECONDARY_EDGE_TTA_ACTIVE views= 8 weight= 0.75 mean_abs_feat_delta= 0.291366\n"}
,{"stream_name":"stdout","time":575.893336784,"data":"BIOHUB_RETENTION_GUARD {\"blended_candidates\": 277, \"dataset\": \"44b6_0b24845f\", \"frame\": 67, \"minimum_retention\": 0.9, \"primary_candidates\": 316, \"retention\": 0.8765822784810127, \"use_primary\": true}\n"}
,{"stream_name":"stdout","time":576.091890171,"data":"SECONDARY_EDGE_TTA_ACTIVE views= 8 weight= 0.75 mean_abs_feat_delta= 0.291366\n"}
,{"stream_name":"stdout","time":576.091930292,"data":"BIOHUB_RETENTION_GUARD {\"blended_candidates\": 277, \"dataset\": \"44b6_0b24845f\", \"frame\": 67, \"minimum_retention\": 0.9, \"primary_candidates\": 316, \"retention\": 0.8765822784810127, \"use_primary\": true}\n"}
,{"stream_name":"stdout","time":576.348488203,"data":"SECONDARY_EDGE_TTA_ACTIVE views= 8 weight= 0.75 mean_abs_feat_delta= 0.257455\n"}
,{"stream_name":"stdout","time":576.55097905,"data":"SECONDARY_EDGE_TTA_ACTIVE views= 8 weight= 0.75 mean_abs_feat_delta= 0.257455\n"}
,{"stream_name":"stdout","time":577.307446698,"data":"EDGE_TTA_ACTIVE views= 10 mean_abs_feat_delta= 0.355354\n"}
,{"stream_name":"stdout","time":577.509718305,"data":"EDGE_TTA_ACTIVE views= 10 mean_abs_feat_delta= 0.355354\n"}
,{"stream_name":"stdout","time":577.718086922,"data":"EDGE_TTA_ACTIVE views= 10 mean_abs_feat_delta= 0.331206\n"}
,{"stream_name":"stdout","time":577.920731454,"data":"EDGE_TTA_ACTIVE views= 10 mean_abs_feat_delta= 0.331206\n"}
,{"stream_name":"stdout","time":578.343045154,"data":"SECONDARY_EDGE_TTA_ACTIVE views= 8 weight= 0.75 mean_abs_feat_delta= 0.293296\n"}
,{"stream_name":"stdout","time":578.550150211,"data":"SECONDARY_EDGE_TTA_ACTIVE views= 8 weight= 0.75 mean_abs_feat_delta= 0.293296\n"}
,{"stream_name":"stdout","time":578.706331221,"data":"SECONDARY_EDGE_TTA_ACTIVE views= 8 weight= 0.75 mean_abs_feat_delta= 0.254838\n"}
,{"stream_name":"stdout","time":578.90883373,"data":"SECONDARY_EDGE_TTA_ACTIVE views= 8 weight= 0.75 mean_abs_feat_delta= 0.254838\n"}
,{"stream_name":"stdout","time":579.804338111,"data":"EDGE_TTA_ACTIVE views= 10 mean_abs_feat_delta= 0.354618\n"}
,{"stream_name":"stdout","time":580.006930266,"data":"EDGE_TTA_ACTIVE views= 10 mean_abs_feat_delta= 0.354618\n"}
,{"stream_name":"stdout","time":580.067588646,"data":"EDGE_TTA_ACTIVE views= 10 mean_abs_feat_delta= 0.331217\n"}
,{"stream_name":"stdout","time":580.270071839,"data":"EDGE_TTA_ACTIVE views= 10 mean_abs_feat_delta= 0.331217\n"}
,{"stream_name":"stdout","time":580.837249445,"data":"SECONDARY_EDGE_TTA_ACTIVE views= 8 weight= 0.75 mean_abs_feat_delta= 0.301719\n"}
,{"stream_name":"stdout","time":580.841460719,"data":"BIOHUB_RETENTION_GUARD {\"blended_candidates\": 309, \"dataset\": \"44b6_0b24845f\", \"frame\": 69, \"minimum_retention\": 0.9, \"primary_candidates\": 357, \"retention\": 0.865546218487395, \"use_primary\": true}\n"}
,{"stream_name":"stdout","time":581.042559243,"data":"SECONDARY_EDGE_TTA_ACTIVE views= 8 weight= 0.75 mean_abs_feat_delta= 0.301719\n"}
,{"stream_name":"stdout","time":581.042603685,"data":"BIOHUB_RETENTION_GUARD {\"blended_candidates\": 309, \"dataset\": \"44b6_0b24845f\", \"frame\": 69, \"minimum_retention\": 0.9, \"primary_candidates\": 357, \"retention\": 0.865546218487395, \"use_primary\": true}\n"}
,{"stream_name":"stdout","time":581.055277954,"data":"SECONDARY_EDGE_TTA_ACTIVE views= 8 weight= 0.75 mean_abs_feat_delta= 0.260524\n"}
,{"stream_name":"stdout","time":581.257559614,"data":"SECONDARY_EDGE_TTA_ACTIVE views= 8 weight= 0.75 mean_abs_feat_delta= 0.260524\n"}
,{"stream_name":"stdout","time":582.29084268,"data":"EDGE_TTA_ACTIVE views= 10 mean_abs_feat_delta= 0.353093\n"}
,{"stream_name":"stdout","time":582.397401495,"data":"EDGE_TTA_ACTIVE views= 10 mean_abs_feat_delta= 0.335169\n"}
,{"stream_name":"stdout","time":582.49307783,"data":"EDGE_TTA_ACTIVE views= 10 mean_abs_feat_delta= 0.353093\n"}
,{"stream_name":"stdout","time":582.493107706,"data":"EDGE_TTA_ACTIVE views= 10 mean_abs_feat_delta= 0.335169\n"}
,{"stream_name":"stdout","time":583.328933255,"data":"SECONDARY_EDGE_TTA_ACTIVE views= 8 weight= 0.75 mean_abs_feat_delta= 0.301488\n"}
,{"stream_name":"stdout","time":583.333451812,"data":"BIOHUB_RETENTION_GUARD {\"blended_candidates\": 246, \"dataset\": \"44b6_0b24845f\", \"frame\": 70, \"minimum_retention\": 0.9, \"primary_candidates\": 289, \"retention\": 0.8512110726643599, \"use_primary\": true}\n"}
,{"stream_name":"stdout","time":583.388112776,"data":"SECONDARY_EDGE_TTA_ACTIVE views= 8 weight= 0.75 mean_abs_feat_delta= 0.262847\n"}
,{"stream_name":"stdout","time":583.531658354,"data":"SECONDARY_EDGE_TTA_ACTIVE views= 8 weight= 0.75 mean_abs_feat_delta= 0.301488\n"}
,{"stream_name":"stdout","time":583.531720043,"data":"BIOHUB_RETENTION_GUARD {\"blended_candidates\": 246, \"dataset\": \"44b6_0b24845f\", \"frame\": 70, \"minimum_retention\": 0.9, \"primary_candidates\": 289, \"retention\": 0.8512110726643599, \"use_primary\": true}\n"}
,{"stream_name":"stdout","time":583.531725401,"data":"SECONDARY_EDGE_TTA_ACTIVE views= 8 weight= 0.75 mean_abs_feat_delta= 0.262847\n"}
,{"stream_name":"stdout","time":584.774649822,"data":"EDGE_TTA_ACTIVE views= 10 mean_abs_feat_delta= 0.347881\n"}
,{"stream_name":"stdout","time":584.809067231,"data":"EDGE_TTA_ACTIVE views= 10 mean_abs_feat_delta= 0.333736\n"}
,{"stream_name":"stdout","time":585.005304637,"data":"EDGE_TTA_ACTIVE views= 10 mean_abs_feat_delta= 0.347881\n"}
,{"stream_name":"stdout","time":585.005329545,"data":"EDGE_TTA_ACTIVE views= 10 mean_abs_feat_delta= 0.333736\n"}
,{"stream_name":"stdout","time":585.798045714,"data":"SECONDARY_EDGE_TTA_ACTIVE views= 8 weight= 0.75 mean_abs_feat_delta= 0.260131\n"}
,{"stream_name":"stdout","time":585.815341761,"data":"SECONDARY_EDGE_TTA_ACTIVE views= 8 weight= 0.75 mean_abs_feat_delta= 0.299423\n"}
,{"stream_name":"stdout","time":586.000723448,"data":"SECONDARY_EDGE_TTA_ACTIVE views= 8 weight= 0.75 mean_abs_feat_delta= 0.260131\n"}
,{"stream_name":"stdout","time":586.000783206,"data":"SECONDARY_EDGE_TTA_ACTIVE views= 8 weight= 0.75 mean_abs_feat_delta= 0.299423\n"}
,{"stream_name":"stdout","time":587.181775404,"data":"EDGE_TTA_ACTIVE views= 10 mean_abs_feat_delta= 0.334709\n"}
,{"stream_name":"stdout","time":587.294171326,"data":"EDGE_TTA_ACTIVE views= 10 mean_abs_feat_delta= 0.348186\n"}
,{"stream_name":"stdout","time":587.3840077,"data":"EDGE_TTA_ACTIVE views= 10 mean_abs_feat_delta= 0.334709\n"}
,{"stream_name":"stdout","time":587.384067359,"data":"EDGE_TTA_ACTIVE views= 10 mean_abs_feat_delta= 0.348186\n"}
,{"stream_name":"stdout","time":588.172378445,"data":"SECONDARY_EDGE_TTA_ACTIVE views= 8 weight= 0.75 mean_abs_feat_delta= 0.256523\n"}
,{"stream_name":"stdout","time":588.334514834,"data":"SECONDARY_EDGE_TTA_ACTIVE views= 8 weight= 0.75 mean_abs_feat_delta= 0.301712\n"}
,{"stream_name":"stdout","time":588.374741265,"data":"SECONDARY_EDGE_TTA_ACTIVE views= 8 weight= 0.75 mean_abs_feat_delta= 0.256523\n"}
,{"stream_name":"stdout","time":588.374763678,"data":"SECONDARY_EDGE_TTA_ACTIVE views= 8 weight= 0.75 mean_abs_feat_delta= 0.301712\n"}
,{"stream_name":"stdout","time":589.539738692,"data":"EDGE_TTA_ACTIVE views= 10 mean_abs_feat_delta= 0.340506\n"}
,{"stream_name":"stdout","time":589.742408424,"data":"EDGE_TTA_ACTIVE views= 10 mean_abs_feat_delta= 0.340506\n"}
,{"stream_name":"stdout","time":589.787421066,"data":"EDGE_TTA_ACTIVE views= 10 mean_abs_feat_delta= 0.348199\n"}
,{"stream_name":"stdout","time":589.990001798,"data":"EDGE_TTA_ACTIVE views= 10 mean_abs_feat_delta= 0.348199\n"}
,{"stream_name":"stdout","time":590.529828482,"data":"SECONDARY_EDGE_TTA_ACTIVE views= 8 weight= 0.75 mean_abs_feat_delta= 0.265074\n"}
,{"stream_name":"stdout","time":590.732244835,"data":"SECONDARY_EDGE_TTA_ACTIVE views= 8 weight= 0.75 mean_abs_feat_delta= 0.265074\n"}
,{"stream_name":"stdout","time":590.829449847,"data":"SECONDARY_EDGE_TTA_ACTIVE views= 8 weight= 0.75 mean_abs_feat_delta= 0.305584\n"}
,{"stream_name":"stdout","time":590.833824973,"data":"BIOHUB_RETENTION_GUARD {\"blended_candidates\": 185, \"dataset\": \"44b6_0b24845f\", \"frame\": 73, \"minimum_retention\": 0.9, \"primary_candidates\": 263, \"retention\": 0.7034220532319392, \"use_primary\": true}\n"}
,{"stream_name":"stdout","time":591.032747341,"data":"SECONDARY_EDGE_TTA_ACTIVE views= 8 weight= 0.75 mean_abs_feat_delta= 0.305584\n"}
,{"stream_name":"stdout","time":591.03278374,"data":"BIOHUB_RETENTION_GUARD {\"blended_candidates\": 185, \"dataset\": \"44b6_0b24845f\", \"frame\": 73, \"minimum_retention\": 0.9, \"primary_candidates\": 263, \"retention\": 0.7034220532319392, \"use_primary\": true}\n"}
,{"stream_name":"stdout","time":591.900289719,"data":"EDGE_TTA_ACTIVE views= 10 mean_abs_feat_delta= 0.340934\n"}
,{"stream_name":"stdout","time":592.102877289,"data":"EDGE_TTA_ACTIVE views= 10 mean_abs_feat_delta= 0.340934\n"}
,{"stream_name":"stdout","time":592.309585805,"data":"EDGE_TTA_ACTIVE views= 10 mean_abs_feat_delta= 0.357103\n"}
,{"stream_name":"stdout","time":592.512073972,"data":"EDGE_TTA_ACTIVE views= 10 mean_abs_feat_delta= 0.357103\n"}
,{"stream_name":"stdout","time":592.892495107,"data":"SECONDARY_EDGE_TTA_ACTIVE views= 8 weight= 0.75 mean_abs_feat_delta= 0.26712\n"}
,{"stream_name":"stdout","time":593.09497584,"data":"SECONDARY_EDGE_TTA_ACTIVE views= 8 weight= 0.75 mean_abs_feat_delta= 0.26712\n"}
,{"stream_name":"stdout","time":593.356008331,"data":"SECONDARY_EDGE_TTA_ACTIVE views= 8 weight= 0.75 mean_abs_feat_delta= 0.304789\n"}
,{"stream_name":"stdout","time":593.360692229,"data":"BIOHUB_RETENTION_GUARD {\"blended_candidates\": 208, \"dataset\": \"44b6_0b24845f\", \"frame\": 74, \"minimum_retention\": 0.9, \"primary_candidates\": 279, \"retention\": 0.7455197132616488, \"use_primary\": true}\n"}
,{"stream_name":"stdout","time":593.558517886,"data":"SECONDARY_EDGE_TTA_ACTIVE views= 8 weight= 0.75 mean_abs_feat_delta= 0.304789\n"}
,{"stream_name":"stdout","time":593.558552284,"data":"BIOHUB_RETENTION_GUARD {\"blended_candidates\": 208, \"dataset\": \"44b6_0b24845f\", \"frame\": 74, \"minimum_retention\": 0.9, \"primary_candidates\": 279, \"retention\": 0.7455197132616488, \"use_primary\": true}\n"}
,{"stream_name":"stdout","time":594.248225478,"data":"EDGE_TTA_ACTIVE views= 10 mean_abs_feat_delta= 0.336875\n"}
,{"stream_name":"stdout","time":594.450719771,"data":"EDGE_TTA_ACTIVE views= 10 mean_abs_feat_delta= 0.336875\n"}
,{"stream_name":"stdout","time":594.811934815,"data":"EDGE_TTA_ACTIVE views= 10 mean_abs_feat_delta= 0.347642\n"}
,{"stream_name":"stdout","time":595.014904511,"data":"EDGE_TTA_ACTIVE views= 10 mean_abs_feat_delta= 0.347642\n"}
,{"stream_name":"stdout","time":595.241401323,"data":"SECONDARY_EDGE_TTA_ACTIVE views= 8 weight= 0.75 mean_abs_feat_delta= 0.263739\n"}
,{"stream_name":"stdout","time":595.443859738,"data":"SECONDARY_EDGE_TTA_ACTIVE views= 8 weight= 0.75 mean_abs_feat_delta= 0.263739\n"}
,{"stream_name":"stdout","time":595.856597183,"data":"SECONDARY_EDGE_TTA_ACTIVE views= 8 weight= 0.75 mean_abs_feat_delta= 0.299735\n"}
,{"stream_name":"stdout","time":595.860773068,"data":"BIOHUB_RETENTION_GUARD {\"blended_candidates\": 310, \"dataset\": \"44b6_0b24845f\", \"frame\": 75, \"minimum_retention\": 0.9, \"primary_candidates\": 359, \"retention\": 0.8635097493036211, \"use_primary\": true}\n"}
,{"stream_name":"stdout","time":596.059449729,"data":"SECONDARY_EDGE_TTA_ACTIVE views= 8 weight= 0.75 mean_abs_feat_delta= 0.299735\n"}
,{"stream_name":"stdout","time":596.059485364,"data":"BIOHUB_RETENTION_GUARD {\"blended_candidates\": 310, \"dataset\": \"44b6_0b24845f\", \"frame\": 75, \"minimum_retention\": 0.9, \"primary_candidates\": 359, \"retention\": 0.8635097493036211, \"use_primary\": true}\n"}
,{"stream_name":"stdout","time":596.632376911,"data":"EDGE_TTA_ACTIVE views= 10 mean_abs_feat_delta= 0.334335\n"}
,{"stream_name":"stdout","time":596.834815228,"data":"EDGE_TTA_ACTIVE views= 10 mean_abs_feat_delta= 0.334335\n"}
,{"stream_name":"stdout","time":597.315914334,"data":"EDGE_TTA_ACTIVE views= 10 mean_abs_feat_delta= 0.34824\n"}
,{"stream_name":"stdout","time":597.518250507,"data":"EDGE_TTA_ACTIVE views= 10 mean_abs_feat_delta= 0.34824\n"}
,{"stream_name":"stdout","time":597.628985948,"data":"SECONDARY_EDGE_TTA_ACTIVE views= 8 weight= 0.75 mean_abs_feat_delta= 0.262727\n"}
,{"stream_name":"stdout","time":597.83121279,"data":"SECONDARY_EDGE_TTA_ACTIVE views= 8 weight= 0.75 mean_abs_feat_delta= 0.262727\n"}
,{"stream_name":"stdout","time":598.365892637,"data":"SECONDARY_EDGE_TTA_ACTIVE views= 8 weight= 0.75 mean_abs_feat_delta= 0.295727\n"}
,{"stream_name":"stdout","time":598.370457122,"data":"BIOHUB_RETENTION_GUARD {\"blended_candidates\": 308, \"dataset\": \"44b6_0b24845f\", \"frame\": 76, \"minimum_retention\": 0.9, \"primary_candidates\": 363, \"retention\": 0.8484848484848485, \"use_primary\": true}\n"}
,{"stream_name":"stdout","time":598.568240284,"data":"SECONDARY_EDGE_TTA_ACTIVE views= 8 weight= 0.75 mean_abs_feat_delta= 0.295727\n"}
,{"stream_name":"stdout","time":598.568280687,"data":"BIOHUB_RETENTION_GUARD {\"blended_candidates\": 308, \"dataset\": \"44b6_0b24845f\", \"frame\": 76, \"minimum_retention\": 0.9, \"primary_candidates\": 363, \"retention\": 0.8484848484848485, \"use_primary\": true}\n"}
,{"stream_name":"stdout","time":599.007231423,"data":"EDGE_TTA_ACTIVE views= 10 mean_abs_feat_delta= 0.335356\n"}
,{"stream_name":"stdout","time":599.209749522,"data":"EDGE_TTA_ACTIVE views= 10 mean_abs_feat_delta= 0.335356\n"}
,{"stream_name":"stdout","time":599.861310241,"data":"EDGE_TTA_ACTIVE views= 10 mean_abs_feat_delta= 0.351399\n"}
,{"stream_name":"stdout","time":600.001361409,"data":"SECONDARY_EDGE_TTA_ACTIVE views= 8 weight= 0.75 mean_abs_feat_delta= 0.256411\n"}
,{"stream_name":"stdout","time":600.064743176,"data":"EDGE_TTA_ACTIVE views= 10 mean_abs_feat_delta= 0.351399\n"}
,{"stream_name":"stdout","time":600.064778774,"data":"SECONDARY_EDGE_TTA_ACTIVE views= 8 weight= 0.75 mean_abs_feat_delta= 0.256411\n"}
,{"stream_name":"stdout","time":600.91237459,"data":"SECONDARY_EDGE_TTA_ACTIVE views= 8 weight= 0.75 mean_abs_feat_delta= 0.301815\n"}
,{"stream_name":"stdout","time":600.916734777,"data":"BIOHUB_RETENTION_GUARD {\"blended_candidates\": 233, \"dataset\": \"44b6_0b24845f\", \"frame\": 77, \"minimum_retention\": 0.9, \"primary_candidates\": 316, \"retention\": 0.7373417721518988, \"use_primary\": true}\n"}
,{"stream_name":"stdout","time":601.115570384,"data":"SECONDARY_EDGE_TTA_ACTIVE views= 8 weight= 0.75 mean_abs_feat_delta= 0.301815\n"}
,{"stream_name":"stdout","time":601.115614589,"data":"BIOHUB_RETENTION_GUARD {\"blended_candidates\": 233, \"dataset\": \"44b6_0b24845f\", \"frame\": 77, \"minimum_retention\": 0.9, \"primary_candidates\": 316, \"retention\": 0.7373417721518988, \"use_primary\": true}\n"}
,{"stream_name":"stdout","time":601.376748568,"data":"EDGE_TTA_ACTIVE views= 10 mean_abs_feat_delta= 0.33158\n"}
,{"stream_name":"stdout","time":601.579459813,"data":"EDGE_TTA_ACTIVE views= 10 mean_abs_feat_delta= 0.33158\n"}
,{"stream_name":"stdout","time":602.371578872,"data":"SECONDARY_EDGE_TTA_ACTIVE views= 8 weight= 0.75 mean_abs_feat_delta= 0.260031\n"}
,{"stream_name":"stdout","time":602.397858418,"data":"EDGE_TTA_ACTIVE views= 10 mean_abs_feat_delta= 0.354131\n"}
,{"stream_name":"stdout","time":602.573823383,"data":"SECONDARY_EDGE_TTA_ACTIVE views= 8 weight= 0.75 mean_abs_feat_delta= 0.260031\n"}
,{"stream_name":"stdout","time":602.573858839,"data":"EDGE_TTA_ACTIVE views= 10 mean_abs_feat_delta= 0.354131\n"}
,{"stream_name":"stdout","time":603.445626681,"data":"SECONDARY_EDGE_TTA_ACTIVE views= 8 weight= 0.75 mean_abs_feat_delta= 0.305391\n"}
,{"stream_name":"stdout","time":603.450095579,"data":"BIOHUB_RETENTION_GUARD {\"blended_candidates\": 272, \"dataset\": \"44b6_0b24845f\", \"frame\": 78, \"minimum_retention\": 0.9, \"primary_candidates\": 386, \"retention\": 0.7046632124352331, \"use_primary\": true}\n"}
,{"stream_name":"stdout","time":603.648197653,"data":"SECONDARY_EDGE_TTA_ACTIVE views= 8 weight= 0.75 mean_abs_feat_delta= 0.305391\n"}
,{"stream_name":"stdout","time":603.648229802,"data":"BIOHUB_RETENTION_GUARD {\"blended_candidates\": 272, \"dataset\": \"44b6_0b24845f\", \"frame\": 78, \"minimum_retention\": 0.9, \"primary_candidates\": 386, \"retention\": 0.7046632124352331, \"use_primary\": true}\n"}
,{"stream_name":"stdout","time":603.748895671,"data":"EDGE_TTA_ACTIVE views= 10 mean_abs_feat_delta= 0.334993\n"}
,{"stream_name":"stdout","time":603.951077116,"data":"EDGE_TTA_ACTIVE views= 10 mean_abs_feat_delta= 0.334993\n"}
,{"stream_name":"stdout","time":604.744430335,"data":"SECONDARY_EDGE_TTA_ACTIVE views= 8 weight= 0.75 mean_abs_feat_delta= 0.262153\n"}
,{"stream_name":"stdout","time":604.932667403,"data":"EDGE_TTA_ACTIVE views= 10 mean_abs_feat_delta= 0.354239\n"}
,{"stream_name":"stdout","time":604.947060908,"data":"SECONDARY_EDGE_TTA_ACTIVE views= 8 weight= 0.75 mean_abs_feat_delta= 0.262153\n"}
,{"stream_name":"stdout","time":604.947094617,"data":"EDGE_TTA_ACTIVE views= 10 mean_abs_feat_delta= 0.354239\n"}
,{"stream_name":"stdout","time":605.986367293,"data":"SECONDARY_EDGE_TTA_ACTIVE views= 8 weight= 0.75 mean_abs_feat_delta= 0.302826\n"}
,{"stream_name":"stdout","time":605.990560234,"data":"BIOHUB_RETENTION_GUARD {\"blended_candidates\": 286, \"dataset\": \"44b6_0b24845f\", \"frame\": 79, \"minimum_retention\": 0.9, \"primary_candidates\": 416, \"retention\": 0.6875, \"use_primary\": true}\n"}
,{"stream_name":"stdout","time":606.134171874,"data":"EDGE_TTA_ACTIVE views= 10 mean_abs_feat_delta= 0.336195\n"}
,{"stream_name":"stdout","time":606.189160975,"data":"SECONDARY_EDGE_TTA_ACTIVE views= 8 weight= 0.75 mean_abs_feat_delta= 0.302826\n"}
,{"stream_name":"stdout","time":606.189219639,"data":"BIOHUB_RETENTION_GUARD {\"blended_candidates\": 286, \"dataset\": \"44b6_0b24845f\", \"frame\": 79, \"minimum_retention\": 0.9, \"primary_candidates\": 416, \"retention\": 0.6875, \"use_primary\": true}\n"}
,{"stream_name":"stdout","time":606.189228653,"data":"EDGE_TTA_ACTIVE views= 10 mean_abs_feat_delta= 0.336195\n"}
,{"stream_name":"stdout","time":607.131584517,"data":"SECONDARY_EDGE_TTA_ACTIVE views= 8 weight= 0.75 mean_abs_feat_delta= 0.258925\n"}
,{"stream_name":"stdout","time":607.333794361,"data":"SECONDARY_EDGE_TTA_ACTIVE views= 8 weight= 0.75 mean_abs_feat_delta= 0.258925\n"}
,{"stream_name":"stdout","time":607.448540499,"data":"EDGE_TTA_ACTIVE views= 10 mean_abs_feat_delta= 0.354194\n"}
,{"stream_name":"stdout","time":607.65109551,"data":"EDGE_TTA_ACTIVE views= 10 mean_abs_feat_delta= 0.354194\n"}
,{"stream_name":"stdout","time":608.499294738,"data":"SECONDARY_EDGE_TTA_ACTIVE views= 8 weight= 0.75 mean_abs_feat_delta= 0.303473\n"}
,{"stream_name":"stdout","time":608.504290554,"data":"BIOHUB_RETENTION_GUARD {\"blended_candidates\": 286, \"dataset\": \"44b6_0b24845f\", \"frame\": 80, \"minimum_retention\": 0.9, \"primary_candidates\": 376, \"retention\": 0.7606382978723404, \"use_primary\": true}\n"}
,{"stream_name":"stdout","time":608.521414749,"data":"EDGE_TTA_ACTIVE views= 10 mean_abs_feat_delta= 0.341164\n"}
,{"stream_name":"stdout","time":608.701961949,"data":"SECONDARY_EDGE_TTA_ACTIVE views= 8 weight= 0.75 mean_abs_feat_delta= 0.303473\n"}
,{"stream_name":"stdout","time":608.702035259,"data":"BIOHUB_RETENTION_GUARD {\"blended_candidates\": 286, \"dataset\": \"44b6_0b24845f\", \"frame\": 80, \"minimum_retention\": 0.9, \"primary_candidates\": 376, \"retention\": 0.7606382978723404, \"use_primary\": true}\n"}
,{"stream_name":"stdout","time":608.702042588,"data":"EDGE_TTA_ACTIVE views= 10 mean_abs_feat_delta= 0.341164\n"}
,{"stream_name":"stdout","time":609.516624397,"data":"SECONDARY_EDGE_TTA_ACTIVE views= 8 weight= 0.75 mean_abs_feat_delta= 0.260799\n"}
,{"stream_name":"stdout","time":609.718987891,"data":"SECONDARY_EDGE_TTA_ACTIVE views= 8 weight= 0.75 mean_abs_feat_delta= 0.260799\n"}
,{"stream_name":"stdout","time":609.956295105,"data":"EDGE_TTA_ACTIVE views= 10 mean_abs_feat_delta= 0.35833\n"}
,{"stream_name":"stdout","time":610.158805108,"data":"EDGE_TTA_ACTIVE views= 10 mean_abs_feat_delta= 0.35833\n"}
,{"stream_name":"stdout","time":610.894323152,"data":"EDGE_TTA_ACTIVE views= 10 mean_abs_feat_delta= 0.341271\n"}
,{"stream_name":"stdout","time":611.010176917,"data":"SECONDARY_EDGE_TTA_ACTIVE views= 8 weight= 0.75 mean_abs_feat_delta= 0.308215\n"}
,{"stream_name":"stdout","time":611.014413481,"data":"BIOHUB_RETENTION_GUARD {\"blended_candidates\": 285, \"dataset\": \"44b6_0b24845f\", \"frame\": 81, \"minimum_retention\": 0.9, \"primary_candidates\": 371, \"retention\": 0.7681940700808625, \"use_primary\": true}\n"}
,{"stream_name":"stdout","time":611.096720365,"data":"EDGE_TTA_ACTIVE views= 10 mean_abs_feat_delta= 0.341271\n"}
,{"stream_name":"stdout","time":611.096777416,"data":"SECONDARY_EDGE_TTA_ACTIVE views= 8 weight= 0.75 mean_abs_feat_delta= 0.308215\n"}
,{"stream_name":"stdout","time":611.096784231,"data":"BIOHUB_RETENTION_GUARD {\"blended_candidates\": 285, \"dataset\": \"44b6_0b24845f\", \"frame\": 81, \"minimum_retention\": 0.9, \"primary_candidates\": 371, \"retention\": 0.7681940700808625, \"use_primary\": true}\n"}
,{"stream_name":"stdout","time":611.892844252,"data":"SECONDARY_EDGE_TTA_ACTIVE views= 8 weight= 0.75 mean_abs_feat_delta= 0.261693\n"}
,{"stream_name":"stdout","time":612.095428151,"data":"SECONDARY_EDGE_TTA_ACTIVE views= 8 weight= 0.75 mean_abs_feat_delta= 0.261693\n"}
,{"stream_name":"stdout","time":612.47423558,"data":"EDGE_TTA_ACTIVE views= 10 mean_abs_feat_delta= 0.362109\n"}
,{"stream_name":"stdout","time":612.676962052,"data":"EDGE_TTA_ACTIVE views= 10 mean_abs_feat_delta= 0.362109\n"}
,{"stream_name":"stdout","time":613.287920963,"data":"EDGE_TTA_ACTIVE views= 10 mean_abs_feat_delta= 0.340732\n"}
,{"stream_name":"stdout","time":613.49043716,"data":"EDGE_TTA_ACTIVE views= 10 mean_abs_feat_delta= 0.340732\n"}
,{"stream_name":"stdout","time":613.525718055,"data":"SECONDARY_EDGE_TTA_ACTIVE views= 8 weight= 0.75 mean_abs_feat_delta= 0.312577\n"}
,{"stream_name":"stdout","time":613.530065247,"data":"BIOHUB_RETENTION_GUARD {\"blended_candidates\": 254, \"dataset\": \"44b6_0b24845f\", \"frame\": 82, \"minimum_retention\": 0.9, \"primary_candidates\": 374, \"retention\": 0.679144385026738, \"use_primary\": true}\n"}
,{"stream_name":"stdout","time":613.728007922,"data":"SECONDARY_EDGE_TTA_ACTIVE views= 8 weight= 0.75 mean_abs_feat_delta= 0.312577\n"}
,{"stream_name":"stdout","time":613.728050116,"data":"BIOHUB_RETENTION_GUARD {\"blended_candidates\": 254, \"dataset\": \"44b6_0b24845f\", \"frame\": 82, \"minimum_retention\": 0.9, \"primary_candidates\": 374, \"retention\": 0.679144385026738, \"use_primary\": true}\n"}
,{"stream_name":"stdout","time":614.28829388,"data":"SECONDARY_EDGE_TTA_ACTIVE views= 8 weight= 0.75 mean_abs_feat_delta= 0.264586\n"}
,{"stream_name":"stdout","time":614.490827707,"data":"SECONDARY_EDGE_TTA_ACTIVE views= 8 weight= 0.75 mean_abs_feat_delta= 0.264586\n"}
,{"stream_name":"stdout","time":614.980462035,"data":"EDGE_TTA_ACTIVE views= 10 mean_abs_feat_delta= 0.354667\n"}
,{"stream_name":"stdout","time":615.215367895,"data":"EDGE_TTA_ACTIVE views= 10 mean_abs_feat_delta= 0.354667\n"}
,{"stream_name":"stdout","time":615.694569122,"data":"EDGE_TTA_ACTIVE views= 10 mean_abs_feat_delta= 0.335199\n"}
,{"stream_name":"stdout","time":615.896857329,"data":"EDGE_TTA_ACTIVE views= 10 mean_abs_feat_delta= 0.335199\n"}
,{"stream_name":"stdout","time":616.034539228,"data":"SECONDARY_EDGE_TTA_ACTIVE views= 8 weight= 0.75 mean_abs_feat_delta= 0.311063\n"}
,{"stream_name":"stdout","time":616.038685065,"data":"BIOHUB_RETENTION_GUARD {\"blended_candidates\": 244, \"dataset\": \"44b6_0b24845f\", \"frame\": 83, \"minimum_retention\": 0.9, \"primary_candidates\": 352, \"retention\": 0.6931818181818182, \"use_primary\": true}\n"}
,{"stream_name":"stdout","time":616.237518811,"data":"SECONDARY_EDGE_TTA_ACTIVE views= 8 weight= 0.75 mean_abs_feat_delta= 0.311063\n"}
,{"stream_name":"stdout","time":616.237554143,"data":"BIOHUB_RETENTION_GUARD {\"blended_candidates\": 244, \"dataset\": \"44b6_0b24845f\", \"frame\": 83, \"minimum_retention\": 0.9, \"primary_candidates\": 352, \"retention\": 0.6931818181818182, \"use_primary\": true}\n"}
,{"stream_name":"stdout","time":616.693937067,"data":"SECONDARY_EDGE_TTA_ACTIVE views= 8 weight= 0.75 mean_abs_feat_delta= 0.262994\n"}
,{"stream_name":"stdout","time":616.89662645,"data":"SECONDARY_EDGE_TTA_ACTIVE views= 8 weight= 0.75 mean_abs_feat_delta= 0.262994\n"}
,{"stream_name":"stdout","time":617.519353806,"data":"EDGE_TTA_ACTIVE views= 10 mean_abs_feat_delta= 0.355684\n"}
,{"stream_name":"stdout","time":617.721662187,"data":"EDGE_TTA_ACTIVE views= 10 mean_abs_feat_delta= 0.355684\n"}
,{"stream_name":"stdout","time":618.107978119,"data":"EDGE_TTA_ACTIVE views= 10 mean_abs_feat_delta= 0.329252\n"}
,{"stream_name":"stdout","time":618.310610104,"data":"EDGE_TTA_ACTIVE views= 10 mean_abs_feat_delta= 0.329252\n"}
,{"stream_name":"stdout","time":618.567829636,"data":"SECONDARY_EDGE_TTA_ACTIVE views= 8 weight= 0.75 mean_abs_feat_delta= 0.311139\n"}
,{"stream_name":"stdout","time":618.572531859,"data":"BIOHUB_RETENTION_GUARD {\"blended_candidates\": 268, \"dataset\": \"44b6_0b24845f\", \"frame\": 84, \"minimum_retention\": 0.9, \"primary_candidates\": 353, \"retention\": 0.7592067988668555, \"use_primary\": true}\n"}
,{"stream_name":"stdout","time":618.770827994,"data":"SECONDARY_EDGE_TTA_ACTIVE views= 8 weight= 0.75 mean_abs_feat_delta= 0.311139\n"}
,{"stream_name":"stdout","time":618.770873819,"data":"BIOHUB_RETENTION_GUARD {\"blended_candidates\": 268, \"dataset\": \"44b6_0b24845f\", \"frame\": 84, \"minimum_retention\": 0.9, \"primary_candidates\": 353, \"retention\": 0.7592067988668555, \"use_primary\": true}\n"}
,{"stream_name":"stdout","time":619.109761393,"data":"SECONDARY_EDGE_TTA_ACTIVE views= 8 weight= 0.75 mean_abs_feat_delta= 0.257147\n"}
,{"stream_name":"stdout","time":619.312140347,"data":"SECONDARY_EDGE_TTA_ACTIVE views= 8 weight= 0.75 mean_abs_feat_delta= 0.257147\n"}
,{"stream_name":"stdout","time":620.056256819,"data":"EDGE_TTA_ACTIVE views= 10 mean_abs_feat_delta= 0.353477\n"}
,{"stream_name":"stdout","time":620.258625372,"data":"EDGE_TTA_ACTIVE views= 10 mean_abs_feat_delta= 0.353477\n"}
,{"stream_name":"stdout","time":620.482845939,"data":"EDGE_TTA_ACTIVE views= 10 mean_abs_feat_delta= 0.329048\n"}
,{"stream_name":"stdout","time":620.685204589,"data":"EDGE_TTA_ACTIVE views= 10 mean_abs_feat_delta= 0.329048\n"}
,{"stream_name":"stdout","time":621.111297565,"data":"SECONDARY_EDGE_TTA_ACTIVE views= 8 weight= 0.75 mean_abs_feat_delta= 0.312248\n"}
,{"stream_name":"stdout","time":621.115431508,"data":"BIOHUB_RETENTION_GUARD {\"blended_candidates\": 186, \"dataset\": \"44b6_0b24845f\", \"frame\": 85, \"minimum_retention\": 0.9, \"primary_candidates\": 289, \"retention\": 0.643598615916955, \"use_primary\": true}\n"}
,{"stream_name":"stdout","time":621.314062172,"data":"SECONDARY_EDGE_TTA_ACTIVE views= 8 weight= 0.75 mean_abs_feat_delta= 0.312248\n"}
,{"stream_name":"stdout","time":621.314112677,"data":"BIOHUB_RETENTION_GUARD {\"blended_candidates\": 186, \"dataset\": \"44b6_0b24845f\", \"frame\": 85, \"minimum_retention\": 0.9, \"primary_candidates\": 289, \"retention\": 0.643598615916955, \"use_primary\": true}\n"}
,{"stream_name":"stdout","time":621.48227082,"data":"SECONDARY_EDGE_TTA_ACTIVE views= 8 weight= 0.75 mean_abs_feat_delta= 0.259374\n"}
,{"stream_name":"stdout","time":621.68480548,"data":"SECONDARY_EDGE_TTA_ACTIVE views= 8 weight= 0.75 mean_abs_feat_delta= 0.259374\n"}
,{"stream_name":"stdout","time":622.554967358,"data":"EDGE_TTA_ACTIVE views= 10 mean_abs_feat_delta= 0.354156\n"}
,{"stream_name":"stdout","time":622.757496818,"data":"EDGE_TTA_ACTIVE views= 10 mean_abs_feat_delta= 0.354156\n"}
,{"stream_name":"stdout","time":622.8460322,"data":"EDGE_TTA_ACTIVE views= 10 mean_abs_feat_delta= 0.33396\n"}
,{"stream_name":"stdout","time":623.048596227,"data":"EDGE_TTA_ACTIVE views= 10 mean_abs_feat_delta= 0.33396\n"}
,{"stream_name":"stdout","time":623.610560073,"data":"SECONDARY_EDGE_TTA_ACTIVE views= 8 weight= 0.75 mean_abs_feat_delta= 0.317294\n"}
,{"stream_name":"stdout","time":623.615228641,"data":"BIOHUB_RETENTION_GUARD {\"blended_candidates\": 156, \"dataset\": \"44b6_0b24845f\", \"frame\": 86, \"minimum_retention\": 0.9, \"primary_candidates\": 269, \"retention\": 0.5799256505576208, \"use_primary\": true}\n"}
,{"stream_name":"stdout","time":623.813237768,"data":"SECONDARY_EDGE_TTA_ACTIVE views= 8 weight= 0.75 mean_abs_feat_delta= 0.317294\n"}
,{"stream_name":"stdout","time":623.813280292,"data":"BIOHUB_RETENTION_GUARD {\"blended_candidates\": 156, \"dataset\": \"44b6_0b24845f\", \"frame\": 86, \"minimum_retention\": 0.9, \"primary_candidates\": 269, \"retention\": 0.5799256505576208, \"use_primary\": true}\n"}
,{"stream_name":"stdout","time":623.84706955,"data":"SECONDARY_EDGE_TTA_ACTIVE views= 8 weight= 0.75 mean_abs_feat_delta= 0.257413\n"}
,{"stream_name":"stdout","time":624.049612426,"data":"SECONDARY_EDGE_TTA_ACTIVE views= 8 weight= 0.75 mean_abs_feat_delta= 0.257413\n"}
,{"stream_name":"stdout","time":625.100030428,"data":"EDGE_TTA_ACTIVE views= 10 mean_abs_feat_delta= 0.349695\n"}
,{"stream_name":"stdout","time":625.223440687,"data":"EDGE_TTA_ACTIVE views= 10 mean_abs_feat_delta= 0.335123\n"}
,{"stream_name":"stdout","time":625.302784299,"data":"EDGE_TTA_ACTIVE views= 10 mean_abs_feat_delta= 0.349695\n"}
,{"stream_name":"stdout","time":625.302848863,"data":"EDGE_TTA_ACTIVE views= 10 mean_abs_feat_delta= 0.335123\n"}
,{"stream_name":"stdout","time":626.153691205,"data":"SECONDARY_EDGE_TTA_ACTIVE views= 8 weight= 0.75 mean_abs_feat_delta= 0.318325\n"}
,{"stream_name":"stdout","time":626.157737347,"data":"BIOHUB_RETENTION_GUARD {\"blended_candidates\": 213, \"dataset\": \"44b6_0b24845f\", \"frame\": 87, \"minimum_retention\": 0.9, \"primary_candidates\": 311, \"retention\": 0.684887459807074, \"use_primary\": true}\n"}
,{"stream_name":"stdout","time":626.218800692,"data":"SECONDARY_EDGE_TTA_ACTIVE views= 8 weight= 0.75 mean_abs_feat_delta= 0.257555\n"}
,{"stream_name":"stdout","time":626.355481734,"data":"SECONDARY_EDGE_TTA_ACTIVE views= 8 weight= 0.75 mean_abs_feat_delta= 0.318325\n"}
,{"stream_name":"stdout","time":626.355515892,"data":"BIOHUB_RETENTION_GUARD {\"blended_candidates\": 213, \"dataset\": \"44b6_0b24845f\", \"frame\": 87, \"minimum_retention\": 0.9, \"primary_candidates\": 311, \"retention\": 0.684887459807074, \"use_primary\": true}\n"}
,{"stream_name":"stdout","time":626.355522152,"data":"SECONDARY_EDGE_TTA_ACTIVE views= 8 weight= 0.75 mean_abs_feat_delta= 0.257555\n"}
,{"stream_name":"stdout","time":627.599383645,"data":"EDGE_TTA_ACTIVE views= 10 mean_abs_feat_delta= 0.332274\n"}
,{"stream_name":"stdout","time":627.629943078,"data":"EDGE_TTA_ACTIVE views= 10 mean_abs_feat_delta= 0.35627\n"}
,{"stream_name":"stdout","time":627.802085864,"data":"EDGE_TTA_ACTIVE views= 10 mean_abs_feat_delta= 0.332274\n"}
,{"stream_name":"stdout","time":627.802119699,"data":"EDGE_TTA_ACTIVE views= 10 mean_abs_feat_delta= 0.35627\n"}
,{"stream_name":"stdout","time":628.598137921,"data":"SECONDARY_EDGE_TTA_ACTIVE views= 8 weight= 0.75 mean_abs_feat_delta= 0.253368\n"}
,{"stream_name":"stdout","time":628.679388228,"data":"SECONDARY_EDGE_TTA_ACTIVE views= 8 weight= 0.75 mean_abs_feat_delta= 0.319785\n"}
,{"stream_name":"stdout","time":628.68413313,"data":"BIOHUB_RETENTION_GUARD {\"blended_candidates\": 257, \"dataset\": \"44b6_0b24845f\", \"frame\": 88, \"minimum_retention\": 0.9, \"primary_candidates\": 351, \"retention\": 0.7321937321937322, \"use_primary\": true}\n"}
,{"stream_name":"stdout","time":628.800473154,"data":"SECONDARY_EDGE_TTA_ACTIVE views= 8 weight= 0.75 mean_abs_feat_delta= 0.253368\n"}
,{"stream_name":"stdout","time":628.800517433,"data":"SECONDARY_EDGE_TTA_ACTIVE views= 8 weight= 0.75 mean_abs_feat_delta= 0.319785\n"}
,{"stream_name":"stdout","time":628.80052173,"data":"BIOHUB_RETENTION_GUARD {\"blended_candidates\": 257, \"dataset\": \"44b6_0b24845f\", \"frame\": 88, \"minimum_retention\": 0.9, \"primary_candidates\": 351, \"retention\": 0.7321937321937322, \"use_primary\": true}\n"}
,{"stream_name":"stdout","time":629.95837626,"data":"EDGE_TTA_ACTIVE views= 10 mean_abs_feat_delta= 0.334423\n"}
,{"stream_name":"stdout","time":630.16097479,"data":"EDGE_TTA_ACTIVE views= 10 mean_abs_feat_delta= 0.334423\n"}
,{"stream_name":"stdout","time":630.17931777,"data":"EDGE_TTA_ACTIVE views= 10 mean_abs_feat_delta= 0.362769\n"}
,{"stream_name":"stdout","time":630.381976772,"data":"EDGE_TTA_ACTIVE views= 10 mean_abs_feat_delta= 0.362769\n"}
,{"stream_name":"stdout","time":630.954908622,"data":"SECONDARY_EDGE_TTA_ACTIVE views= 8 weight= 0.75 mean_abs_feat_delta= 0.253968\n"}
,{"stream_name":"stdout","time":631.15743735,"data":"SECONDARY_EDGE_TTA_ACTIVE views= 8 weight= 0.75 mean_abs_feat_delta= 0.253968\n"}
,{"stream_name":"stdout","time":631.233557127,"data":"SECONDARY_EDGE_TTA_ACTIVE views= 8 weight= 0.75 mean_abs_feat_delta= 0.325312\n"}
,{"stream_name":"stdout","time":631.237368997,"data":"BIOHUB_RETENTION_GUARD {\"blended_candidates\": 205, \"dataset\": \"44b6_0b24845f\", \"frame\": 89, \"minimum_retention\": 0.9, \"primary_candidates\": 313, \"retention\": 0.6549520766773163, \"use_primary\": true}\n"}
,{"stream_name":"stdout","time":631.435901298,"data":"SECONDARY_EDGE_TTA_ACTIVE views= 8 weight= 0.75 mean_abs_feat_delta= 0.325312\n"}
,{"stream_name":"stdout","time":631.43597205,"data":"BIOHUB_RETENTION_GUARD {\"blended_candidates\": 205, \"dataset\": \"44b6_0b24845f\", \"frame\": 89, \"minimum_retention\": 0.9, \"primary_candidates\": 313, \"retention\": 0.6549520766773163, \"use_primary\": true}\n"}
,{"stream_name":"stdout","time":632.3627287,"data":"EDGE_TTA_ACTIVE views= 10 mean_abs_feat_delta= 0.337428\n"}
,{"stream_name":"stdout","time":632.566563262,"data":"EDGE_TTA_ACTIVE views= 10 mean_abs_feat_delta= 0.337428\n"}
,{"stream_name":"stdout","time":632.688233763,"data":"EDGE_TTA_ACTIVE views= 10 mean_abs_feat_delta= 0.350487\n"}
,{"stream_name":"stdout","time":632.890844054,"data":"EDGE_TTA_ACTIVE views= 10 mean_abs_feat_delta= 0.350487\n"}
,{"stream_name":"stdout","time":633.35809387,"data":"SECONDARY_EDGE_TTA_ACTIVE views= 8 weight= 0.75 mean_abs_feat_delta= 0.25869\n"}
,{"stream_name":"stdout","time":633.560536935,"data":"SECONDARY_EDGE_TTA_ACTIVE views= 8 weight= 0.75 mean_abs_feat_delta= 0.25869\n"}
,{"stream_name":"stdout","time":633.738689009,"data":"SECONDARY_EDGE_TTA_ACTIVE views= 8 weight= 0.75 mean_abs_feat_delta= 0.321967\n"}
,{"stream_name":"stdout","time":633.743573305,"data":"BIOHUB_RETENTION_GUARD {\"blended_candidates\": 153, \"dataset\": \"44b6_0b24845f\", \"frame\": 90, \"minimum_retention\": 0.9, \"primary_candidates\": 252, \"retention\": 0.6071428571428571, \"use_primary\": true}\n"}
,{"stream_name":"stdout","time":633.94161796,"data":"SECONDARY_EDGE_TTA_ACTIVE views= 8 weight= 0.75 mean_abs_feat_delta= 0.321967\n"}
,{"stream_name":"stdout","time":633.941667703,"data":"BIOHUB_RETENTION_GUARD {\"blended_candidates\": 153, \"dataset\": \"44b6_0b24845f\", \"frame\": 90, \"minimum_retention\": 0.9, \"primary_candidates\": 252, \"retention\": 0.6071428571428571, \"use_primary\": true}\n"}
,{"stream_name":"stdout","time":634.733127327,"data":"EDGE_TTA_ACTIVE views= 10 mean_abs_feat_delta= 0.339232\n"}
,{"stream_name":"stdout","time":634.935625271,"data":"EDGE_TTA_ACTIVE views= 10 mean_abs_feat_delta= 0.339232\n"}
,{"stream_name":"stdout","time":635.228446689,"data":"EDGE_TTA_ACTIVE views= 10 mean_abs_feat_delta= 0.349817\n"}
,{"stream_name":"stdout","time":635.431036249,"data":"EDGE_TTA_ACTIVE views= 10 mean_abs_feat_delta= 0.349817\n"}
,{"stream_name":"stdout","time":635.730468656,"data":"SECONDARY_EDGE_TTA_ACTIVE views= 8 weight= 0.75 mean_abs_feat_delta= 0.249107\n"}
,{"stream_name":"stdout","time":635.932772761,"data":"SECONDARY_EDGE_TTA_ACTIVE views= 8 weight= 0.75 mean_abs_feat_delta= 0.249107\n"}
,{"stream_name":"stdout","time":636.276572992,"data":"SECONDARY_EDGE_TTA_ACTIVE views= 8 weight= 0.75 mean_abs_feat_delta= 0.320952\n"}
,{"stream_name":"stdout","time":636.280743085,"data":"BIOHUB_RETENTION_GUARD {\"blended_candidates\": 126, \"dataset\": \"44b6_0b24845f\", \"frame\": 91, \"minimum_retention\": 0.9, \"primary_candidates\": 235, \"retention\": 0.5361702127659574, \"use_primary\": true}\n"}
,{"stream_name":"stdout","time":636.479406486,"data":"SECONDARY_EDGE_TTA_ACTIVE views= 8 weight= 0.75 mean_abs_feat_delta= 0.320952\n"}
,{"stream_name":"stdout","time":636.479440008,"data":"BIOHUB_RETENTION_GUARD {\"blended_candidates\": 126, \"dataset\": \"44b6_0b24845f\", \"frame\": 91, \"minimum_retention\": 0.9, \"primary_candidates\": 235, \"retention\": 0.5361702127659574, \"use_primary\": true}\n"}
,{"stream_name":"stdout","time":637.10075863,"data":"EDGE_TTA_ACTIVE views= 10 mean_abs_feat_delta= 0.336428\n"}
,{"stream_name":"stdout","time":637.30332062,"data":"EDGE_TTA_ACTIVE views= 10 mean_abs_feat_delta= 0.336428\n"}
,{"stream_name":"stdout","time":637.696259272,"data":"EDGE_TTA_ACTIVE views= 10 mean_abs_feat_delta= 0.349629\n"}
,{"stream_name":"stdout","time":637.898783689,"data":"EDGE_TTA_ACTIVE views= 10 mean_abs_feat_delta= 0.349629\n"}
,{"stream_name":"stdout","time":638.09680763,"data":"SECONDARY_EDGE_TTA_ACTIVE views= 8 weight= 0.75 mean_abs_feat_delta= 0.250998\n"}
,{"stream_name":"stdout","time":638.299497478,"data":"SECONDARY_EDGE_TTA_ACTIVE views= 8 weight= 0.75 mean_abs_feat_delta= 0.250998\n"}
,{"stream_name":"stdout","time":638.741560727,"data":"SECONDARY_EDGE_TTA_ACTIVE views= 8 weight= 0.75 mean_abs_feat_delta= 0.322162\n"}
,{"stream_name":"stdout","time":638.746084091,"data":"BIOHUB_RETENTION_GUARD {\"blended_candidates\": 136, \"dataset\": \"44b6_0b24845f\", \"frame\": 92, \"minimum_retention\": 0.9, \"primary_candidates\": 273, \"retention\": 0.4981684981684982, \"use_primary\": true}\n"}
,{"stream_name":"stdout","time":638.94369649,"data":"SECONDARY_EDGE_TTA_ACTIVE views= 8 weight= 0.75 mean_abs_feat_delta= 0.322162\n"}
,{"stream_name":"stdout","time":638.943755892,"data":"BIOHUB_RETENTION_GUARD {\"blended_candidates\": 136, \"dataset\": \"44b6_0b24845f\", \"frame\": 92, \"minimum_retention\": 0.9, \"primary_candidates\": 273, \"retention\": 0.4981684981684982, \"use_primary\": true}\n"}
,{"stream_name":"stdout","time":639.487864813,"data":"EDGE_TTA_ACTIVE views= 10 mean_abs_feat_delta= 0.335405\n"}
,{"stream_name":"stdout","time":639.690379145,"data":"EDGE_TTA_ACTIVE views= 10 mean_abs_feat_delta= 0.335405\n"}
,{"stream_name":"stdout","time":640.22755231,"data":"EDGE_TTA_ACTIVE views= 10 mean_abs_feat_delta= 0.344551\n"}
,{"stream_name":"stdout","time":640.429994591,"data":"EDGE_TTA_ACTIVE views= 10 mean_abs_feat_delta= 0.344551\n"}
,{"stream_name":"stdout","time":640.483502076,"data":"SECONDARY_EDGE_TTA_ACTIVE views= 8 weight= 0.75 mean_abs_feat_delta= 0.249091\n"}
,{"stream_name":"stdout","time":640.685876714,"data":"SECONDARY_EDGE_TTA_ACTIVE views= 8 weight= 0.75 mean_abs_feat_delta= 0.249091\n"}
,{"stream_name":"stdout","time":641.277407064,"data":"SECONDARY_EDGE_TTA_ACTIVE views= 8 weight= 0.75 mean_abs_feat_delta= 0.314236\n"}
,{"stream_name":"stdout","time":641.281428042,"data":"BIOHUB_RETENTION_GUARD {\"blended_candidates\": 120, \"dataset\": \"44b6_0b24845f\", \"frame\": 93, \"minimum_retention\": 0.9, \"primary_candidates\": 240, \"retention\": 0.5, \"use_primary\": true}\n"}
,{"stream_name":"stdout","time":641.47988292,"data":"SECONDARY_EDGE_TTA_ACTIVE views= 8 weight= 0.75 mean_abs_feat_delta= 0.314236\n"}
,{"stream_name":"stdout","time":641.479923172,"data":"BIOHUB_RETENTION_GUARD {\"blended_candidates\": 120, \"dataset\": \"44b6_0b24845f\", \"frame\": 93, \"minimum_retention\": 0.9, \"primary_candidates\": 240, \"retention\": 0.5, \"use_primary\": true}\n"}
,{"stream_name":"stdout","time":641.845008979,"data":"EDGE_TTA_ACTIVE views= 10 mean_abs_feat_delta= 0.337564\n"}
,{"stream_name":"stdout","time":642.047715978,"data":"EDGE_TTA_ACTIVE views= 10 mean_abs_feat_delta= 0.337564\n"}
,{"stream_name":"stdout","time":642.734020977,"data":"EDGE_TTA_ACTIVE views= 10 mean_abs_feat_delta= 0.34195\n"}
,{"stream_name":"stdout","time":642.840552174,"data":"SECONDARY_EDGE_TTA_ACTIVE views= 8 weight= 0.75 mean_abs_feat_delta= 0.25058\n"}
,{"stream_name":"stdout","time":642.936505734,"data":"EDGE_TTA_ACTIVE views= 10 mean_abs_feat_delta= 0.34195\n"}
,{"stream_name":"stdout","time":642.93664145,"data":"SECONDARY_EDGE_TTA_ACTIVE views= 8 weight= 0.75 mean_abs_feat_delta= 0.25058\n"}
,{"stream_name":"stdout","time":643.778768289,"data":"SECONDARY_EDGE_TTA_ACTIVE views= 8 weight= 0.75 mean_abs_feat_delta= 0.314665\n"}
,{"stream_name":"stdout","time":643.783592131,"data":"BIOHUB_RETENTION_GUARD {\"blended_candidates\": 156, \"dataset\": \"44b6_0b24845f\", \"frame\": 94, \"minimum_retention\": 0.9, \"primary_candidates\": 284, \"retention\": 0.5492957746478874, \"use_primary\": true}\n"}
,{"stream_name":"stdout","time":643.98121553,"data":"SECONDARY_EDGE_TTA_ACTIVE views= 8 weight= 0.75 mean_abs_feat_delta= 0.314665\n"}
,{"stream_name":"stdout","time":643.98125797,"data":"BIOHUB_RETENTION_GUARD {\"blended_candidates\": 156, \"dataset\": \"44b6_0b24845f\", \"frame\": 94, \"minimum_retention\": 0.9, \"primary_candidates\": 284, \"retention\": 0.5492957746478874, \"use_primary\": true}\n"}
,{"stream_name":"stdout","time":644.19459499,"data":"EDGE_TTA_ACTIVE views= 10 mean_abs_feat_delta= 0.335409\n"}
,{"stream_name":"stdout","time":644.397171646,"data":"EDGE_TTA_ACTIVE views= 10 mean_abs_feat_delta= 0.335409\n"}
,{"stream_name":"stdout","time":645.188648493,"data":"SECONDARY_EDGE_TTA_ACTIVE views= 8 weight= 0.75 mean_abs_feat_delta= 0.25428\n"}
,{"stream_name":"stdout","time":645.225883212,"data":"EDGE_TTA_ACTIVE views= 10 mean_abs_feat_delta= 0.349752\n"}
,{"stream_name":"stdout","time":645.422867094,"data":"SECONDARY_EDGE_TTA_ACTIVE views= 8 weight= 0.75 mean_abs_feat_delta= 0.25428\n"}
,{"stream_name":"stdout","time":645.422892709,"data":"EDGE_TTA_ACTIVE views= 10 mean_abs_feat_delta= 0.349752\n"}
,{"stream_name":"stdout","time":646.268204621,"data":"SECONDARY_EDGE_TTA_ACTIVE views= 8 weight= 0.75 mean_abs_feat_delta= 0.321701\n"}
,{"stream_name":"stdout","time":646.273350512,"data":"BIOHUB_RETENTION_GUARD {\"blended_candidates\": 123, \"dataset\": \"44b6_0b24845f\", \"frame\": 95, \"minimum_retention\": 0.9, \"primary_candidates\": 279, \"retention\": 0.44086021505376344, \"use_primary\": true}\n"}
,{"stream_name":"stdout","time":646.47131664,"data":"SECONDARY_EDGE_TTA_ACTIVE views= 8 weight= 0.75 mean_abs_feat_delta= 0.321701\n"}
,{"stream_name":"stdout","time":646.471386629,"data":"BIOHUB_RETENTION_GUARD {\"blended_candidates\": 123, \"dataset\": \"44b6_0b24845f\", \"frame\": 95, \"minimum_retention\": 0.9, \"primary_candidates\": 279, \"retention\": 0.44086021505376344, \"use_primary\": true}\n"}
,{"stream_name":"stdout","time":647.779022596,"data":"EDGE_TTA_ACTIVE views= 10 mean_abs_feat_delta= 0.347311\n"}
,{"stream_name":"stdout","time":647.981165032,"data":"EDGE_TTA_ACTIVE views= 10 mean_abs_feat_delta= 0.347311\n"}
,{"stream_name":"stdout","time":648.823964502,"data":"SECONDARY_EDGE_TTA_ACTIVE views= 8 weight= 0.75 mean_abs_feat_delta= 0.325788\n"}
,{"stream_name":"stdout","time":648.828925086,"data":"BIOHUB_RETENTION_GUARD {\"blended_candidates\": 115, \"dataset\": \"44b6_0b24845f\", \"frame\": 96, \"minimum_retention\": 0.9, \"primary_candidates\": 267, \"retention\": 0.4307116104868914, \"use_primary\": true}\n"}
,{"stream_name":"stdout","time":649.026809406,"data":"SECONDARY_EDGE_TTA_ACTIVE views= 8 weight= 0.75 mean_abs_feat_delta= 0.325788\n"}
,{"stream_name":"stdout","time":649.026843699,"data":"BIOHUB_RETENTION_GUARD {\"blended_candidates\": 115, \"dataset\": \"44b6_0b24845f\", \"frame\": 96, \"minimum_retention\": 0.9, \"primary_candidates\": 267, \"retention\": 0.4307116104868914, \"use_primary\": true}\n"}
,{"stream_name":"stdout","time":650.319232317,"data":"EDGE_TTA_ACTIVE views= 10 mean_abs_feat_delta= 0.342513\n"}
,{"stream_name":"stdout","time":650.52209986,"data":"EDGE_TTA_ACTIVE views= 10 mean_abs_feat_delta= 0.342513\n"}
,{"stream_name":"stdout","time":651.362190045,"data":"SECONDARY_EDGE_TTA_ACTIVE views= 8 weight= 0.75 mean_abs_feat_delta= 0.328691\n"}
,{"stream_name":"stdout","time":651.367154942,"data":"BIOHUB_RETENTION_GUARD {\"blended_candidates\": 166, \"dataset\": \"44b6_0b24845f\", \"frame\": 97, \"minimum_retention\": 0.9, \"primary_candidates\": 311, \"retention\": 0.5337620578778135, \"use_primary\": true}\n"}
,{"stream_name":"stdout","time":651.565557011,"data":"SECONDARY_EDGE_TTA_ACTIVE views= 8 weight= 0.75 mean_abs_feat_delta= 0.328691\n"}
,{"stream_name":"stdout","time":651.565801001,"data":"BIOHUB_RETENTION_GUARD {\"blended_candidates\": 166, \"dataset\": \"44b6_0b24845f\", \"frame\": 97, \"minimum_retention\": 0.9, \"primary_candidates\": 311, \"retention\": 0.5337620578778135, \"use_primary\": true}\n"}
,{"stream_name":"stdout","time":652.870792301,"data":"EDGE_TTA_ACTIVE views= 10 mean_abs_feat_delta= 0.349762\n"}
,{"stream_name":"stdout","time":653.074534674,"data":"EDGE_TTA_ACTIVE views= 10 mean_abs_feat_delta= 0.349762\n"}
,{"stream_name":"stdout","time":653.912177383,"data":"SECONDARY_EDGE_TTA_ACTIVE views= 8 weight= 0.75 mean_abs_feat_delta= 0.327921\n"}
,{"stream_name":"stdout","time":653.916781998,"data":"BIOHUB_RETENTION_GUARD {\"blended_candidates\": 134, \"dataset\": \"44b6_0b24845f\", \"frame\": 98, \"minimum_retention\": 0.9, \"primary_candidates\": 280, \"retention\": 0.4785714285714286, \"use_primary\": true}\n"}
,{"stream_name":"stdout","time":654.114990887,"data":"SECONDARY_EDGE_TTA_ACTIVE views= 8 weight= 0.75 mean_abs_feat_delta= 0.327921\n"}
,{"stream_name":"stdout","time":654.115046337,"data":"BIOHUB_RETENTION_GUARD {\"blended_candidates\": 134, \"dataset\": \"44b6_0b24845f\", \"frame\": 98, \"minimum_retention\": 0.9, \"primary_candidates\": 280, \"retention\": 0.4785714285714286, \"use_primary\": true}\n"}
,{"stream_name":"stdout","time":655.35900647,"data":"EDGE_TTA_ACTIVE views= 10 mean_abs_feat_delta= 0.348835\n"}
,{"stream_name":"stdout","time":655.561842641,"data":"EDGE_TTA_ACTIVE views= 10 mean_abs_feat_delta= 0.348835\n"}
,{"stream_name":"stdout","time":656.401397681,"data":"SECONDARY_EDGE_TTA_ACTIVE views= 8 weight= 0.75 mean_abs_feat_delta= 0.328126\n"}
,{"stream_name":"stdout","time":656.405410908,"data":"BIOHUB_RETENTION_GUARD {\"blended_candidates\": 85, \"dataset\": \"44b6_0b24845f\", \"frame\": 99, \"minimum_retention\": 0.9, \"primary_candidates\": 222, \"retention\": 0.38288288288288286, \"use_primary\": true}\n"}
,{"stream_name":"stdout","time":656.604315857,"data":"SECONDARY_EDGE_TTA_ACTIVE views= 8 weight= 0.75 mean_abs_feat_delta= 0.328126\n"}
,{"stream_name":"stdout","time":656.604363612,"data":"BIOHUB_RETENTION_GUARD {\"blended_candidates\": 85, \"dataset\": \"44b6_0b24845f\", \"frame\": 99, \"minimum_retention\": 0.9, \"primary_candidates\": 222, \"retention\": 0.38288288288288286, \"use_primary\": true}\n"}
,{"stream_name":"stdout","time":673.48188023,"data":"EDGE_TTA_ACTIVE views= 10 mean_abs_feat_delta= 0.345811\n"}
,{"stream_name":"stdout","time":673.684665272,"data":"EDGE_TTA_ACTIVE views= 10 mean_abs_feat_delta= 0.345811\n"}
,{"stream_name":"stdout","time":674.440831796,"data":"SECONDARY_EDGE_TTA_ACTIVE views= 8 weight= 0.75 mean_abs_feat_delta= 0.229197\n"}
,{"stream_name":"stdout","time":674.64338007,"data":"SECONDARY_EDGE_TTA_ACTIVE views= 8 weight= 0.75 mean_abs_feat_delta= 0.229197\n"}
,{"stream_name":"stdout","time":675.751517348,"data":"EDGE_TTA_ACTIVE views= 10 mean_abs_feat_delta= 0.349297\n"}
,{"stream_name":"stdout","time":675.985792741,"data":"EDGE_TTA_ACTIVE views= 10 mean_abs_feat_delta= 0.349297\n"}
,{"stream_name":"stdout","time":676.386918232,"data":"EDGE_TTA_ACTIVE views= 10 mean_abs_feat_delta= 0.330506\n"}
,{"stream_name":"stdout","time":676.589445449,"data":"EDGE_TTA_ACTIVE views= 10 mean_abs_feat_delta= 0.330506\n"}
,{"stream_name":"stdout","time":676.71350498,"data":"SECONDARY_EDGE_TTA_ACTIVE views= 8 weight= 0.75 mean_abs_feat_delta= 0.228531\n"}
,{"stream_name":"stdout","time":676.915953024,"data":"SECONDARY_EDGE_TTA_ACTIVE views= 8 weight= 0.75 mean_abs_feat_delta= 0.228531\n"}
,{"stream_name":"stdout","time":677.390418496,"data":"SECONDARY_EDGE_TTA_ACTIVE views= 8 weight= 0.75 mean_abs_feat_delta= 0.229228\n"}
,{"stream_name":"stdout","time":677.592857689,"data":"SECONDARY_EDGE_TTA_ACTIVE views= 8 weight= 0.75 mean_abs_feat_delta= 0.229228\n"}
,{"stream_name":"stdout","time":678.005870226,"data":"EDGE_TTA_ACTIVE views= 10 mean_abs_feat_delta= 0.350721\n"}
,{"stream_name":"stdout","time":678.208295741,"data":"EDGE_TTA_ACTIVE views= 10 mean_abs_feat_delta= 0.350721\n"}
,{"stream_name":"stdout","time":678.978419067,"data":"SECONDARY_EDGE_TTA_ACTIVE views= 8 weight= 0.75 mean_abs_feat_delta= 0.232233\n"}
,{"stream_name":"stdout","time":679.00498893,"data":"EDGE_TTA_ACTIVE views= 10 mean_abs_feat_delta= 0.329564\n"}
,{"stream_name":"stdout","time":679.180587099,"data":"SECONDARY_EDGE_TTA_ACTIVE views= 8 weight= 0.75 mean_abs_feat_delta= 0.232233\n"}
,{"stream_name":"stdout","time":679.180621742,"data":"EDGE_TTA_ACTIVE views= 10 mean_abs_feat_delta= 0.329564\n"}
,{"stream_name":"stdout","time":680.022877252,"data":"SECONDARY_EDGE_TTA_ACTIVE views= 8 weight= 0.75 mean_abs_feat_delta= 0.231364\n"}
,{"stream_name":"stdout","time":680.225574242,"data":"SECONDARY_EDGE_TTA_ACTIVE views= 8 weight= 0.75 mean_abs_feat_delta= 0.231364\n"}
,{"stream_name":"stdout","time":680.275492823,"data":"EDGE_TTA_ACTIVE views= 10 mean_abs_feat_delta= 0.352911\n"}
,{"stream_name":"stdout","time":680.477757634,"data":"EDGE_TTA_ACTIVE views= 10 mean_abs_feat_delta= 0.352911\n"}
,{"stream_name":"stdout","time":681.248258408,"data":"SECONDARY_EDGE_TTA_ACTIVE views= 8 weight= 0.75 mean_abs_feat_delta= 0.231136\n"}
,{"stream_name":"stdout","time":681.450549826,"data":"SECONDARY_EDGE_TTA_ACTIVE views= 8 weight= 0.75 mean_abs_feat_delta= 0.231136\n"}
,{"stream_name":"stdout","time":681.653220512,"data":"EDGE_TTA_ACTIVE views= 10 mean_abs_feat_delta= 0.328084\n"}
,{"stream_name":"stdout","time":681.855659092,"data":"EDGE_TTA_ACTIVE views= 10 mean_abs_feat_delta= 0.328084\n"}
,{"stream_name":"stdout","time":682.529096404,"data":"EDGE_TTA_ACTIVE views= 10 mean_abs_feat_delta= 0.341653\n"}
,{"stream_name":"stdout","time":682.672634305,"data":"SECONDARY_EDGE_TTA_ACTIVE views= 8 weight= 0.75 mean_abs_feat_delta= 0.231505\n"}
,{"stream_name":"stdout","time":682.731501401,"data":"EDGE_TTA_ACTIVE views= 10 mean_abs_feat_delta= 0.341653\n"}
,{"stream_name":"stdout","time":682.731525699,"data":"SECONDARY_EDGE_TTA_ACTIVE views= 8 weight= 0.75 mean_abs_feat_delta= 0.231505\n"}
,{"stream_name":"stdout","time":683.49808176,"data":"SECONDARY_EDGE_TTA_ACTIVE views= 8 weight= 0.75 mean_abs_feat_delta= 0.237962\n"}
,{"stream_name":"stdout","time":683.700553617,"data":"SECONDARY_EDGE_TTA_ACTIVE views= 8 weight= 0.75 mean_abs_feat_delta= 0.237962\n"}
,{"stream_name":"stdout","time":684.339217761,"data":"EDGE_TTA_ACTIVE views= 10 mean_abs_feat_delta= 0.32487\n"}
,{"stream_name":"stdout","time":684.542027595,"data":"EDGE_TTA_ACTIVE views= 10 mean_abs_feat_delta= 0.32487\n"}
,{"stream_name":"stdout","time":684.793818266,"data":"EDGE_TTA_ACTIVE views= 10 mean_abs_feat_delta= 0.358983\n"}
,{"stream_name":"stdout","time":684.996707219,"data":"EDGE_TTA_ACTIVE views= 10 mean_abs_feat_delta= 0.358983\n"}
,{"stream_name":"stdout","time":685.384617594,"data":"SECONDARY_EDGE_TTA_ACTIVE views= 8 weight= 0.75 mean_abs_feat_delta= 0.233103\n"}
,{"stream_name":"stdout","time":685.587210267,"data":"SECONDARY_EDGE_TTA_ACTIVE views= 8 weight= 0.75 mean_abs_feat_delta= 0.233103\n"}
,{"stream_name":"stdout","time":685.768236091,"data":"SECONDARY_EDGE_TTA_ACTIVE views= 8 weight= 0.75 mean_abs_feat_delta= 0.23324\n"}
,{"stream_name":"stdout","time":685.970849602,"data":"SECONDARY_EDGE_TTA_ACTIVE views= 8 weight= 0.75 mean_abs_feat_delta= 0.23324\n"}
,{"stream_name":"stdout","time":687.058714768,"data":"EDGE_TTA_ACTIVE views= 10 mean_abs_feat_delta= 0.327779\n"}
,{"stream_name":"stdout","time":687.153347277,"data":"EDGE_TTA_ACTIVE views= 10 mean_abs_feat_delta= 0.363096\n"}
,{"stream_name":"stdout","time":687.26136639,"data":"EDGE_TTA_ACTIVE views= 10 mean_abs_feat_delta= 0.327779\n"}
,{"stream_name":"stdout","time":687.261401678,"data":"EDGE_TTA_ACTIVE views= 10 mean_abs_feat_delta= 0.363096\n"}
,{"stream_name":"stdout","time":688.111617562,"data":"SECONDARY_EDGE_TTA_ACTIVE views= 8 weight= 0.75 mean_abs_feat_delta= 0.230713\n"}
,{"stream_name":"stdout","time":688.139364251,"data":"SECONDARY_EDGE_TTA_ACTIVE views= 8 weight= 0.75 mean_abs_feat_delta= 0.233703\n"}
,{"stream_name":"stdout","time":688.314352882,"data":"SECONDARY_EDGE_TTA_ACTIVE views= 8 weight= 0.75 mean_abs_feat_delta= 0.230713\n"}
,{"stream_name":"stdout","time":688.314411692,"data":"SECONDARY_EDGE_TTA_ACTIVE views= 8 weight= 0.75 mean_abs_feat_delta= 0.233703\n"}
,{"stream_name":"stdout","time":689.471162329,"data":"EDGE_TTA_ACTIVE views= 10 mean_abs_feat_delta= 0.355823\n"}
,{"stream_name":"stdout","time":689.673756646,"data":"EDGE_TTA_ACTIVE views= 10 mean_abs_feat_delta= 0.355823\n"}
,{"stream_name":"stdout","time":689.785854647,"data":"EDGE_TTA_ACTIVE views= 10 mean_abs_feat_delta= 0.327313\n"}
,{"stream_name":"stdout","time":689.98811632,"data":"EDGE_TTA_ACTIVE views= 10 mean_abs_feat_delta= 0.327313\n"}
,{"stream_name":"stdout","time":690.465022459,"data":"SECONDARY_EDGE_TTA_ACTIVE views= 8 weight= 0.75 mean_abs_feat_delta= 0.23047\n"}
,{"stream_name":"stdout","time":690.66755393,"data":"SECONDARY_EDGE_TTA_ACTIVE views= 8 weight= 0.75 mean_abs_feat_delta= 0.23047\n"}
,{"stream_name":"stdout","time":690.849160277,"data":"SECONDARY_EDGE_TTA_ACTIVE views= 8 weight= 0.75 mean_abs_feat_delta= 0.228063\n"}
,{"stream_name":"stdout","time":691.052106051,"data":"SECONDARY_EDGE_TTA_ACTIVE views= 8 weight= 0.75 mean_abs_feat_delta= 0.228063\n"}
,{"stream_name":"stdout","time":691.786830889,"data":"EDGE_TTA_ACTIVE views= 10 mean_abs_feat_delta= 0.350931\n"}
,{"stream_name":"stdout","time":691.989198817,"data":"EDGE_TTA_ACTIVE views= 10 mean_abs_feat_delta= 0.350931\n"}
,{"stream_name":"stdout","time":692.565951773,"data":"EDGE_TTA_ACTIVE views= 10 mean_abs_feat_delta= 0.327608\n"}
,{"stream_name":"stdout","time":692.768413609,"data":"EDGE_TTA_ACTIVE views= 10 mean_abs_feat_delta= 0.327608\n"}
,{"stream_name":"stdout","time":692.785295528,"data":"SECONDARY_EDGE_TTA_ACTIVE views= 8 weight= 0.75 mean_abs_feat_delta= 0.222866\n"}
,{"stream_name":"stdout","time":692.987688328,"data":"SECONDARY_EDGE_TTA_ACTIVE views= 8 weight= 0.75 mean_abs_feat_delta= 0.222866\n"}
,{"stream_name":"stdout","time":693.642161112,"data":"SECONDARY_EDGE_TTA_ACTIVE views= 8 weight= 0.75 mean_abs_feat_delta= 0.23148\n"}
,{"stream_name":"stdout","time":693.844608018,"data":"SECONDARY_EDGE_TTA_ACTIVE views= 8 weight= 0.75 mean_abs_feat_delta= 0.23148\n"}
,{"stream_name":"stdout","time":694.134409304,"data":"EDGE_TTA_ACTIVE views= 10 mean_abs_feat_delta= 0.352382\n"}
,{"stream_name":"stdout","time":694.336924089,"data":"EDGE_TTA_ACTIVE views= 10 mean_abs_feat_delta= 0.352382\n"}
,{"stream_name":"stdout","time":695.13716878,"data":"SECONDARY_EDGE_TTA_ACTIVE views= 8 weight= 0.75 mean_abs_feat_delta= 0.223297\n"}
,{"stream_name":"stdout","time":695.339961649,"data":"SECONDARY_EDGE_TTA_ACTIVE views= 8 weight= 0.75 mean_abs_feat_delta= 0.223297\n"}
,{"stream_name":"stdout","time":695.348890636,"data":"EDGE_TTA_ACTIVE views= 10 mean_abs_feat_delta= 0.326722\n"}
,{"stream_name":"stdout","time":695.551526007,"data":"EDGE_TTA_ACTIVE views= 10 mean_abs_feat_delta= 0.326722\n"}
,{"stream_name":"stdout","time":696.436186077,"data":"SECONDARY_EDGE_TTA_ACTIVE views= 8 weight= 0.75 mean_abs_feat_delta= 0.226861\n"}
,{"stream_name":"stdout","time":696.493022843,"data":"EDGE_TTA_ACTIVE views= 10 mean_abs_feat_delta= 0.351451\n"}
,{"stream_name":"stdout","time":696.638732396,"data":"SECONDARY_EDGE_TTA_ACTIVE views= 8 weight= 0.75 mean_abs_feat_delta= 0.226861\n"}
,{"stream_name":"stdout","time":696.638769183,"data":"EDGE_TTA_ACTIVE views= 10 mean_abs_feat_delta= 0.351451\n"}
,{"stream_name":"stdout","time":697.501799869,"data":"SECONDARY_EDGE_TTA_ACTIVE views= 8 weight= 0.75 mean_abs_feat_delta= 0.226482\n"}
,{"stream_name":"stdout","time":697.704400947,"data":"SECONDARY_EDGE_TTA_ACTIVE views= 8 weight= 0.75 mean_abs_feat_delta= 0.226482\n"}
,{"stream_name":"stdout","time":698.145617492,"data":"EDGE_TTA_ACTIVE views= 10 mean_abs_feat_delta= 0.329245\n"}
,{"stream_name":"stdout","time":698.348005984,"data":"EDGE_TTA_ACTIVE views= 10 mean_abs_feat_delta= 0.329245\n"}
,{"stream_name":"stdout","time":698.819925182,"data":"EDGE_TTA_ACTIVE views= 10 mean_abs_feat_delta= 0.357478\n"}
,{"stream_name":"stdout","time":699.022262533,"data":"EDGE_TTA_ACTIVE views= 10 mean_abs_feat_delta= 0.357478\n"}
,{"stream_name":"stdout","time":699.242741178,"data":"SECONDARY_EDGE_TTA_ACTIVE views= 8 weight= 0.75 mean_abs_feat_delta= 0.226753\n"}
,{"stream_name":"stdout","time":699.445166034,"data":"SECONDARY_EDGE_TTA_ACTIVE views= 8 weight= 0.75 mean_abs_feat_delta= 0.226753\n"}
,{"stream_name":"stdout","time":699.840656254,"data":"SECONDARY_EDGE_TTA_ACTIVE views= 8 weight= 0.75 mean_abs_feat_delta= 0.229453\n"}
,{"stream_name":"stdout","time":700.04328434,"data":"SECONDARY_EDGE_TTA_ACTIVE views= 8 weight= 0.75 mean_abs_feat_delta= 0.229453\n"}
,{"stream_name":"stdout","time":700.978758704,"data":"EDGE_TTA_ACTIVE views= 10 mean_abs_feat_delta= 0.332881\n"}
,{"stream_name":"stdout","time":701.181561637,"data":"EDGE_TTA_ACTIVE views= 10 mean_abs_feat_delta= 0.332881\n"}
,{"stream_name":"stdout","time":701.189343047,"data":"EDGE_TTA_ACTIVE views= 10 mean_abs_feat_delta= 0.346519\n"}
,{"stream_name":"stdout","time":701.391770418,"data":"EDGE_TTA_ACTIVE views= 10 mean_abs_feat_delta= 0.346519\n"}
,{"stream_name":"stdout","time":702.082458038,"data":"SECONDARY_EDGE_TTA_ACTIVE views= 8 weight= 0.75 mean_abs_feat_delta= 0.229067\n"}
,{"stream_name":"stdout","time":702.20711742,"data":"SECONDARY_EDGE_TTA_ACTIVE views= 8 weight= 0.75 mean_abs_feat_delta= 0.233899\n"}
,{"stream_name":"stdout","time":702.284902896,"data":"SECONDARY_EDGE_TTA_ACTIVE views= 8 weight= 0.75 mean_abs_feat_delta= 0.229067\n"}
,{"stream_name":"stdout","time":702.284948992,"data":"SECONDARY_EDGE_TTA_ACTIVE views= 8 weight= 0.75 mean_abs_feat_delta= 0.233899\n"}
,{"stream_name":"stdout","time":703.556141972,"data":"EDGE_TTA_ACTIVE views= 10 mean_abs_feat_delta= 0.359908\n"}
,{"stream_name":"stdout","time":703.758633424,"data":"EDGE_TTA_ACTIVE views= 10 mean_abs_feat_delta= 0.359908\n"}
,{"stream_name":"stdout","time":703.838233345,"data":"EDGE_TTA_ACTIVE views= 10 mean_abs_feat_delta= 0.328438\n"}
,{"stream_name":"stdout","time":704.040698213,"data":"EDGE_TTA_ACTIVE views= 10 mean_abs_feat_delta= 0.328438\n"}
,{"stream_name":"stdout","time":704.57900691,"data":"SECONDARY_EDGE_TTA_ACTIVE views= 8 weight= 0.75 mean_abs_feat_delta= 0.228562\n"}
,{"stream_name":"stdout","time":704.781406447,"data":"SECONDARY_EDGE_TTA_ACTIVE views= 8 weight= 0.75 mean_abs_feat_delta= 0.228562\n"}
,{"stream_name":"stdout","time":704.945294837,"data":"SECONDARY_EDGE_TTA_ACTIVE views= 8 weight= 0.75 mean_abs_feat_delta= 0.224805\n"}
,{"stream_name":"stdout","time":705.147752642,"data":"SECONDARY_EDGE_TTA_ACTIVE views= 8 weight= 0.75 mean_abs_feat_delta= 0.224805\n"}
,{"stream_name":"stdout","time":705.937278129,"data":"EDGE_TTA_ACTIVE views= 10 mean_abs_feat_delta= 0.353066\n"}
,{"stream_name":"stdout","time":706.174306179,"data":"EDGE_TTA_ACTIVE views= 10 mean_abs_feat_delta= 0.353066\n"}
,{"stream_name":"stdout","time":706.765522592,"data":"EDGE_TTA_ACTIVE views= 10 mean_abs_feat_delta= 0.323295\n"}
,{"stream_name":"stdout","time":706.959229728,"data":"SECONDARY_EDGE_TTA_ACTIVE views= 8 weight= 0.75 mean_abs_feat_delta= 0.229373\n"}
,{"stream_name":"stdout","time":706.968121771,"data":"EDGE_TTA_ACTIVE views= 10 mean_abs_feat_delta= 0.323295\n"}
,{"stream_name":"stdout","time":706.968140768,"data":"SECONDARY_EDGE_TTA_ACTIVE views= 8 weight= 0.75 mean_abs_feat_delta= 0.229373\n"}
,{"stream_name":"stdout","time":707.877166638,"data":"SECONDARY_EDGE_TTA_ACTIVE views= 8 weight= 0.75 mean_abs_feat_delta= 0.22475\n"}
,{"stream_name":"stdout","time":708.079782982,"data":"SECONDARY_EDGE_TTA_ACTIVE views= 8 weight= 0.75 mean_abs_feat_delta= 0.22475\n"}
,{"stream_name":"stdout","time":708.347370737,"data":"EDGE_TTA_ACTIVE views= 10 mean_abs_feat_delta= 0.349882\n"}
,{"stream_name":"stdout","time":708.54987456,"data":"EDGE_TTA_ACTIVE views= 10 mean_abs_feat_delta= 0.349882\n"}
,{"stream_name":"stdout","time":709.369530892,"data":"SECONDARY_EDGE_TTA_ACTIVE views= 8 weight= 0.75 mean_abs_feat_delta= 0.228983\n"}
,{"stream_name":"stdout","time":709.572019319,"data":"SECONDARY_EDGE_TTA_ACTIVE views= 8 weight= 0.75 mean_abs_feat_delta= 0.228983\n"}
,{"stream_name":"stdout","time":709.620505834,"data":"EDGE_TTA_ACTIVE views= 10 mean_abs_feat_delta= 0.323923\n"}
,{"stream_name":"stdout","time":709.822975022,"data":"EDGE_TTA_ACTIVE views= 10 mean_abs_feat_delta= 0.323923\n"}
,{"stream_name":"stdout","time":710.724553575,"data":"EDGE_TTA_ACTIVE views= 10 mean_abs_feat_delta= 0.350046\n"}
,{"stream_name":"stdout","time":710.725943628,"data":"SECONDARY_EDGE_TTA_ACTIVE views= 8 weight= 0.75 mean_abs_feat_delta= 0.223629\n"}
,{"stream_name":"stdout","time":710.927338747,"data":"EDGE_TTA_ACTIVE views= 10 mean_abs_feat_delta= 0.350046\n"}
,{"stream_name":"stdout","time":710.927370232,"data":"SECONDARY_EDGE_TTA_ACTIVE views= 8 weight= 0.75 mean_abs_feat_delta= 0.223629\n"}
,{"stream_name":"stdout","time":711.741846206,"data":"SECONDARY_EDGE_TTA_ACTIVE views= 8 weight= 0.75 mean_abs_feat_delta= 0.22723\n"}
,{"stream_name":"stdout","time":711.944282844,"data":"SECONDARY_EDGE_TTA_ACTIVE views= 8 weight= 0.75 mean_abs_feat_delta= 0.22723\n"}
,{"stream_name":"stdout","time":712.539116347,"data":"EDGE_TTA_ACTIVE views= 10 mean_abs_feat_delta= 0.325909\n"}
,{"stream_name":"stdout","time":712.741840115,"data":"EDGE_TTA_ACTIVE views= 10 mean_abs_feat_delta= 0.325909\n"}
,{"stream_name":"stdout","time":713.149746519,"data":"EDGE_TTA_ACTIVE views= 10 mean_abs_feat_delta= 0.354635\n"}
,{"stream_name":"stdout","time":713.352634505,"data":"EDGE_TTA_ACTIVE views= 10 mean_abs_feat_delta= 0.354635\n"}
,{"stream_name":"stdout","time":713.632702648,"data":"SECONDARY_EDGE_TTA_ACTIVE views= 8 weight= 0.75 mean_abs_feat_delta= 0.221381\n"}
,{"stream_name":"stdout","time":713.835290435,"data":"SECONDARY_EDGE_TTA_ACTIVE views= 8 weight= 0.75 mean_abs_feat_delta= 0.221381\n"}
,{"stream_name":"stdout","time":714.165689559,"data":"SECONDARY_EDGE_TTA_ACTIVE views= 8 weight= 0.75 mean_abs_feat_delta= 0.227184\n"}
,{"stream_name":"stdout","time":714.36809728,"data":"SECONDARY_EDGE_TTA_ACTIVE views= 8 weight= 0.75 mean_abs_feat_delta= 0.227184\n"}
,{"stream_name":"stdout","time":715.397026157,"data":"EDGE_TTA_ACTIVE views= 10 mean_abs_feat_delta= 0.327006\n"}
,{"stream_name":"stdout","time":715.555287491,"data":"EDGE_TTA_ACTIVE views= 10 mean_abs_feat_delta= 0.355655\n"}
,{"stream_name":"stdout","time":715.599658271,"data":"EDGE_TTA_ACTIVE views= 10 mean_abs_feat_delta= 0.327006\n"}
,{"stream_name":"stdout","time":715.599734241,"data":"EDGE_TTA_ACTIVE views= 10 mean_abs_feat_delta= 0.355655\n"}
,{"stream_name":"stdout","time":716.480868687,"data":"SECONDARY_EDGE_TTA_ACTIVE views= 8 weight= 0.75 mean_abs_feat_delta= 0.220825\n"}
,{"stream_name":"stdout","time":716.564713174,"data":"SECONDARY_EDGE_TTA_ACTIVE views= 8 weight= 0.75 mean_abs_feat_delta= 0.228674\n"}
,{"stream_name":"stdout","time":716.683036587,"data":"SECONDARY_EDGE_TTA_ACTIVE views= 8 weight= 0.75 mean_abs_feat_delta= 0.220825\n"}
,{"stream_name":"stdout","time":716.68307196,"data":"SECONDARY_EDGE_TTA_ACTIVE views= 8 weight= 0.75 mean_abs_feat_delta= 0.228674\n"}
,{"stream_name":"stdout","time":717.943027898,"data":"EDGE_TTA_ACTIVE views= 10 mean_abs_feat_delta= 0.358453\n"}
,{"stream_name":"stdout","time":718.145481976,"data":"EDGE_TTA_ACTIVE views= 10 mean_abs_feat_delta= 0.358453\n"}
,{"stream_name":"stdout","time":718.255887526,"data":"EDGE_TTA_ACTIVE views= 10 mean_abs_feat_delta= 0.326306\n"}
,{"stream_name":"stdout","time":718.458402899,"data":"EDGE_TTA_ACTIVE views= 10 mean_abs_feat_delta= 0.326306\n"}
,{"stream_name":"stdout","time":718.945239537,"data":"SECONDARY_EDGE_TTA_ACTIVE views= 8 weight= 0.75 mean_abs_feat_delta= 0.22969\n"}
,{"stream_name":"stdout","time":719.14784702,"data":"SECONDARY_EDGE_TTA_ACTIVE views= 8 weight= 0.75 mean_abs_feat_delta= 0.22969\n"}
,{"stream_name":"stdout","time":719.335455434,"data":"SECONDARY_EDGE_TTA_ACTIVE views= 8 weight= 0.75 mean_abs_feat_delta= 0.220942\n"}
,{"stream_name":"stdout","time":719.537949305,"data":"SECONDARY_EDGE_TTA_ACTIVE views= 8 weight= 0.75 mean_abs_feat_delta= 0.220942\n"}
,{"stream_name":"stdout","time":720.328447477,"data":"EDGE_TTA_ACTIVE views= 10 mean_abs_feat_delta= 0.358802\n"}
,{"stream_name":"stdout","time":720.530991811,"data":"EDGE_TTA_ACTIVE views= 10 mean_abs_feat_delta= 0.358802\n"}
,{"stream_name":"stdout","time":721.055805924,"data":"EDGE_TTA_ACTIVE views= 10 mean_abs_feat_delta= 0.326468\n"}
,{"stream_name":"stdout","time":721.258216539,"data":"EDGE_TTA_ACTIVE views= 10 mean_abs_feat_delta= 0.326468\n"}
,{"stream_name":"stdout","time":721.327831393,"data":"SECONDARY_EDGE_TTA_ACTIVE views= 8 weight= 0.75 mean_abs_feat_delta= 0.227887\n"}
,{"stream_name":"stdout","time":721.530341857,"data":"SECONDARY_EDGE_TTA_ACTIVE views= 8 weight= 0.75 mean_abs_feat_delta= 0.227887\n"}
,{"stream_name":"stdout","time":722.119289293,"data":"SECONDARY_EDGE_TTA_ACTIVE views= 8 weight= 0.75 mean_abs_feat_delta= 0.220064\n"}
,{"stream_name":"stdout","time":722.321771217,"data":"SECONDARY_EDGE_TTA_ACTIVE views= 8 weight= 0.75 mean_abs_feat_delta= 0.220064\n"}
,{"stream_name":"stdout","time":722.675863669,"data":"EDGE_TTA_ACTIVE views= 10 mean_abs_feat_delta= 0.357716\n"}
,{"stream_name":"stdout","time":722.878059911,"data":"EDGE_TTA_ACTIVE views= 10 mean_abs_feat_delta= 0.357716\n"}
,{"stream_name":"stdout","time":723.669481986,"data":"SECONDARY_EDGE_TTA_ACTIVE views= 8 weight= 0.75 mean_abs_feat_delta= 0.229597\n"}
,{"stream_name":"stdout","time":723.850426342,"data":"EDGE_TTA_ACTIVE views= 10 mean_abs_feat_delta= 0.326114\n"}
,{"stream_name":"stdout","time":723.871917513,"data":"SECONDARY_EDGE_TTA_ACTIVE views= 8 weight= 0.75 mean_abs_feat_delta= 0.229597\n"}
,{"stream_name":"stdout","time":723.871949333,"data":"EDGE_TTA_ACTIVE views= 10 mean_abs_feat_delta= 0.326114\n"}
,{"stream_name":"stdout","time":724.907122787,"data":"SECONDARY_EDGE_TTA_ACTIVE views= 8 weight= 0.75 mean_abs_feat_delta= 0.219385\n"}
,{"stream_name":"stdout","time":725.048470178,"data":"EDGE_TTA_ACTIVE views= 10 mean_abs_feat_delta= 0.36287\n"}
,{"stream_name":"stdout","time":725.109590993,"data":"SECONDARY_EDGE_TTA_ACTIVE views= 8 weight= 0.75 mean_abs_feat_delta= 0.219385\n"}
,{"stream_name":"stdout","time":725.10965217,"data":"EDGE_TTA_ACTIVE views= 10 mean_abs_feat_delta= 0.36287\n"}
,{"stream_name":"stdout","time":726.04343039,"data":"SECONDARY_EDGE_TTA_ACTIVE views= 8 weight= 0.75 mean_abs_feat_delta= 0.229355\n"}
,{"stream_name":"stdout","time":726.24587095,"data":"SECONDARY_EDGE_TTA_ACTIVE views= 8 weight= 0.75 mean_abs_feat_delta= 0.229355\n"}
,{"stream_name":"stdout","time":726.596618072,"data":"EDGE_TTA_ACTIVE views= 10 mean_abs_feat_delta= 0.326584\n"}
,{"stream_name":"stdout","time":726.799214846,"data":"EDGE_TTA_ACTIVE views= 10 mean_abs_feat_delta= 0.326584\n"}
,{"stream_name":"stdout","time":727.37650014,"data":"EDGE_TTA_ACTIVE views= 10 mean_abs_feat_delta= 0.361019\n"}
,{"stream_name":"stdout","time":727.579016894,"data":"EDGE_TTA_ACTIVE views= 10 mean_abs_feat_delta= 0.361019\n"}
,{"stream_name":"stdout","time":727.650274035,"data":"SECONDARY_EDGE_TTA_ACTIVE views= 8 weight= 0.75 mean_abs_feat_delta= 0.221891\n"}
,{"stream_name":"stdout","time":727.852837467,"data":"SECONDARY_EDGE_TTA_ACTIVE views= 8 weight= 0.75 mean_abs_feat_delta= 0.221891\n"}
,{"stream_name":"stdout","time":728.361713799,"data":"SECONDARY_EDGE_TTA_ACTIVE views= 8 weight= 0.75 mean_abs_feat_delta= 0.228164\n"}
,{"stream_name":"stdout","time":728.564224722,"data":"SECONDARY_EDGE_TTA_ACTIVE views= 8 weight= 0.75 mean_abs_feat_delta= 0.228164\n"}
,{"stream_name":"stdout","time":729.350030917,"data":"EDGE_TTA_ACTIVE views= 10 mean_abs_feat_delta= 0.320159\n"}
,{"stream_name":"stdout","time":729.552372201,"data":"EDGE_TTA_ACTIVE views= 10 mean_abs_feat_delta= 0.320159\n"}
,{"stream_name":"stdout","time":729.672806694,"data":"EDGE_TTA_ACTIVE views= 10 mean_abs_feat_delta= 0.358268\n"}
,{"stream_name":"stdout","time":729.87533954,"data":"EDGE_TTA_ACTIVE views= 10 mean_abs_feat_delta= 0.358268\n"}
,{"stream_name":"stdout","time":730.394532285,"data":"SECONDARY_EDGE_TTA_ACTIVE views= 8 weight= 0.75 mean_abs_feat_delta= 0.22287\n"}
,{"stream_name":"stdout","time":730.597017256,"data":"SECONDARY_EDGE_TTA_ACTIVE views= 8 weight= 0.75 mean_abs_feat_delta= 0.22287\n"}
,{"stream_name":"stdout","time":730.662242745,"data":"SECONDARY_EDGE_TTA_ACTIVE views= 8 weight= 0.75 mean_abs_feat_delta= 0.230204\n"}
,{"stream_name":"stdout","time":730.86465069,"data":"SECONDARY_EDGE_TTA_ACTIVE views= 8 weight= 0.75 mean_abs_feat_delta= 0.230204\n"}
,{"stream_name":"stdout","time":731.994093384,"data":"EDGE_TTA_ACTIVE views= 10 mean_abs_feat_delta= 0.361194\n"}
,{"stream_name":"stdout","time":732.10472599,"data":"EDGE_TTA_ACTIVE views= 10 mean_abs_feat_delta= 0.324638\n"}
,{"stream_name":"stdout","time":732.196571691,"data":"EDGE_TTA_ACTIVE views= 10 mean_abs_feat_delta= 0.361194\n"}
,{"stream_name":"stdout","time":732.196600516,"data":"EDGE_TTA_ACTIVE views= 10 mean_abs_feat_delta= 0.324638\n"}
,{"stream_name":"stdout","time":732.976301951,"data":"SECONDARY_EDGE_TTA_ACTIVE views= 8 weight= 0.75 mean_abs_feat_delta= 0.229792\n"}
,{"stream_name":"stdout","time":733.143244394,"data":"SECONDARY_EDGE_TTA_ACTIVE views= 8 weight= 0.75 mean_abs_feat_delta= 0.226905\n"}
,{"stream_name":"stdout","time":733.179052731,"data":"SECONDARY_EDGE_TTA_ACTIVE views= 8 weight= 0.75 mean_abs_feat_delta= 0.229792\n"}
,{"stream_name":"stdout","time":733.179080583,"data":"SECONDARY_EDGE_TTA_ACTIVE views= 8 weight= 0.75 mean_abs_feat_delta= 0.226905\n"}
,{"stream_name":"stdout","time":734.276432467,"data":"EDGE_TTA_ACTIVE views= 10 mean_abs_feat_delta= 0.365006\n"}
,{"stream_name":"stdout","time":734.479301112,"data":"EDGE_TTA_ACTIVE views= 10 mean_abs_feat_delta= 0.365006\n"}
,{"stream_name":"stdout","time":734.811226876,"data":"EDGE_TTA_ACTIVE views= 10 mean_abs_feat_delta= 0.324371\n"}
,{"stream_name":"stdout","time":735.013581559,"data":"EDGE_TTA_ACTIVE views= 10 mean_abs_feat_delta= 0.324371\n"}
,{"stream_name":"stdout","time":735.260896175,"data":"SECONDARY_EDGE_TTA_ACTIVE views= 8 weight= 0.75 mean_abs_feat_delta= 0.231598\n"}
,{"stream_name":"stdout","time":735.463514886,"data":"SECONDARY_EDGE_TTA_ACTIVE views= 8 weight= 0.75 mean_abs_feat_delta= 0.231598\n"}
,{"stream_name":"stdout","time":735.84404356,"data":"SECONDARY_EDGE_TTA_ACTIVE views= 8 weight= 0.75 mean_abs_feat_delta= 0.227329\n"}
,{"stream_name":"stdout","time":736.046293491,"data":"SECONDARY_EDGE_TTA_ACTIVE views= 8 weight= 0.75 mean_abs_feat_delta= 0.227329\n"}
,{"stream_name":"stdout","time":736.598798639,"data":"EDGE_TTA_ACTIVE views= 10 mean_abs_feat_delta= 0.355569\n"}
,{"stream_name":"stdout","time":736.839621491,"data":"EDGE_TTA_ACTIVE views= 10 mean_abs_feat_delta= 0.355569\n"}
,{"stream_name":"stdout","time":737.507972505,"data":"EDGE_TTA_ACTIVE views= 10 mean_abs_feat_delta= 0.323362\n"}
,{"stream_name":"stdout","time":737.574045175,"data":"SECONDARY_EDGE_TTA_ACTIVE views= 8 weight= 0.75 mean_abs_feat_delta= 0.237748\n"}
,{"stream_name":"stdout","time":737.71041452,"data":"EDGE_TTA_ACTIVE views= 10 mean_abs_feat_delta= 0.323362\n"}
,{"stream_name":"stdout","time":737.710478578,"data":"SECONDARY_EDGE_TTA_ACTIVE views= 8 weight= 0.75 mean_abs_feat_delta= 0.237748\n"}
,{"stream_name":"stdout","time":738.536573491,"data":"SECONDARY_EDGE_TTA_ACTIVE views= 8 weight= 0.75 mean_abs_feat_delta= 0.227094\n"}
,{"stream_name":"stdout","time":738.739228142,"data":"SECONDARY_EDGE_TTA_ACTIVE views= 8 weight= 0.75 mean_abs_feat_delta= 0.227094\n"}
,{"stream_name":"stdout","time":738.867772494,"data":"EDGE_TTA_ACTIVE views= 10 mean_abs_feat_delta= 0.366613\n"}
,{"stream_name":"stdout","time":739.070104049,"data":"EDGE_TTA_ACTIVE views= 10 mean_abs_feat_delta= 0.366613\n"}
,{"stream_name":"stdout","time":739.841964739,"data":"SECONDARY_EDGE_TTA_ACTIVE views= 8 weight= 0.75 mean_abs_feat_delta= 0.229174\n"}
,{"stream_name":"stdout","time":740.04449529,"data":"SECONDARY_EDGE_TTA_ACTIVE views= 8 weight= 0.75 mean_abs_feat_delta= 0.229174\n"}
,{"stream_name":"stdout","time":740.225808096,"data":"EDGE_TTA_ACTIVE views= 10 mean_abs_feat_delta= 0.324972\n"}
,{"stream_name":"stdout","time":740.428438378,"data":"EDGE_TTA_ACTIVE views= 10 mean_abs_feat_delta= 0.324972\n"}
,{"stream_name":"stdout","time":741.177718795,"data":"EDGE_TTA_ACTIVE views= 10 mean_abs_feat_delta= 0.368053\n"}
,{"stream_name":"stdout","time":741.253872948,"data":"SECONDARY_EDGE_TTA_ACTIVE views= 8 weight= 0.75 mean_abs_feat_delta= 0.228038\n"}
,{"stream_name":"stdout","time":741.38036614,"data":"EDGE_TTA_ACTIVE views= 10 mean_abs_feat_delta= 0.368053\n"}
,{"stream_name":"stdout","time":741.380402235,"data":"SECONDARY_EDGE_TTA_ACTIVE views= 8 weight= 0.75 mean_abs_feat_delta= 0.228038\n"}
,{"stream_name":"stdout","time":742.150444923,"data":"SECONDARY_EDGE_TTA_ACTIVE views= 8 weight= 0.75 mean_abs_feat_delta= 0.23239\n"}
,{"stream_name":"stdout","time":742.352812282,"data":"SECONDARY_EDGE_TTA_ACTIVE views= 8 weight= 0.75 mean_abs_feat_delta= 0.23239\n"}
,{"stream_name":"stdout","time":742.89127181,"data":"EDGE_TTA_ACTIVE views= 10 mean_abs_feat_delta= 0.32288\n"}
,{"stream_name":"stdout","time":743.09356045,"data":"EDGE_TTA_ACTIVE views= 10 mean_abs_feat_delta= 0.32288\n"}
,{"stream_name":"stdout","time":743.505529246,"data":"EDGE_TTA_ACTIVE views= 10 mean_abs_feat_delta= 0.371221\n"}
,{"stream_name":"stdout","time":743.707822785,"data":"EDGE_TTA_ACTIVE views= 10 mean_abs_feat_delta= 0.371221\n"}
,{"stream_name":"stdout","time":743.918226977,"data":"SECONDARY_EDGE_TTA_ACTIVE views= 8 weight= 0.75 mean_abs_feat_delta= 0.226869\n"}
,{"stream_name":"stdout","time":744.120747729,"data":"SECONDARY_EDGE_TTA_ACTIVE views= 8 weight= 0.75 mean_abs_feat_delta= 0.226869\n"}
,{"stream_name":"stdout","time":744.477424749,"data":"SECONDARY_EDGE_TTA_ACTIVE views= 8 weight= 0.75 mean_abs_feat_delta= 0.233543\n"}
,{"stream_name":"stdout","time":744.680103328,"data":"SECONDARY_EDGE_TTA_ACTIVE views= 8 weight= 0.75 mean_abs_feat_delta= 0.233543\n"}
,{"stream_name":"stdout","time":745.589875107,"data":"EDGE_TTA_ACTIVE views= 10 mean_abs_feat_delta= 0.319776\n"}
,{"stream_name":"stdout","time":745.792447819,"data":"EDGE_TTA_ACTIVE views= 10 mean_abs_feat_delta= 0.319776\n"}
,{"stream_name":"stdout","time":745.795187037,"data":"EDGE_TTA_ACTIVE views= 10 mean_abs_feat_delta= 0.368669\n"}
,{"stream_name":"stdout","time":745.997393882,"data":"EDGE_TTA_ACTIVE views= 10 mean_abs_feat_delta= 0.368669\n"}
,{"stream_name":"stdout","time":746.610916572,"data":"SECONDARY_EDGE_TTA_ACTIVE views= 8 weight= 0.75 mean_abs_feat_delta= 0.219975\n"}
,{"stream_name":"stdout","time":746.767907315,"data":"SECONDARY_EDGE_TTA_ACTIVE views= 8 weight= 0.75 mean_abs_feat_delta= 0.230711\n"}
,{"stream_name":"stdout","time":746.813056651,"data":"SECONDARY_EDGE_TTA_ACTIVE views= 8 weight= 0.75 mean_abs_feat_delta= 0.219975\n"}
,{"stream_name":"stdout","time":746.813096719,"data":"SECONDARY_EDGE_TTA_ACTIVE views= 8 weight= 0.75 mean_abs_feat_delta= 0.230711\n"}
,{"stream_name":"stdout","time":748.075726105,"data":"EDGE_TTA_ACTIVE views= 10 mean_abs_feat_delta= 0.363425\n"}
,{"stream_name":"stdout","time":748.27813751,"data":"EDGE_TTA_ACTIVE views= 10 mean_abs_feat_delta= 0.363425\n"}
,{"stream_name":"stdout","time":748.318290259,"data":"EDGE_TTA_ACTIVE views= 10 mean_abs_feat_delta= 0.325155\n"}
,{"stream_name":"stdout","time":748.520461133,"data":"EDGE_TTA_ACTIVE views= 10 mean_abs_feat_delta= 0.325155\n"}
,{"stream_name":"stdout","time":749.054924317,"data":"SECONDARY_EDGE_TTA_ACTIVE views= 8 weight= 0.75 mean_abs_feat_delta= 0.230076\n"}
,{"stream_name":"stdout","time":749.257358839,"data":"SECONDARY_EDGE_TTA_ACTIVE views= 8 weight= 0.75 mean_abs_feat_delta= 0.230076\n"}
,{"stream_name":"stdout","time":749.341905884,"data":"SECONDARY_EDGE_TTA_ACTIVE views= 8 weight= 0.75 mean_abs_feat_delta= 0.22725\n"}
,{"stream_name":"stdout","time":749.544725939,"data":"SECONDARY_EDGE_TTA_ACTIVE views= 8 weight= 0.75 mean_abs_feat_delta= 0.22725\n"}
,{"stream_name":"stdout","time":750.368355768,"data":"EDGE_TTA_ACTIVE views= 10 mean_abs_feat_delta= 0.361628\n"}
,{"stream_name":"stdout","time":750.570739298,"data":"EDGE_TTA_ACTIVE views= 10 mean_abs_feat_delta= 0.361628\n"}
,{"stream_name":"stdout","time":751.00517099,"data":"EDGE_TTA_ACTIVE views= 10 mean_abs_feat_delta= 0.31724\n"}
,{"stream_name":"stdout","time":751.207923025,"data":"EDGE_TTA_ACTIVE views= 10 mean_abs_feat_delta= 0.31724\n"}
,{"stream_name":"stdout","time":751.345985386,"data":"SECONDARY_EDGE_TTA_ACTIVE views= 8 weight= 0.75 mean_abs_feat_delta= 0.23\n"}
,{"stream_name":"stdout","time":751.548362959,"data":"SECONDARY_EDGE_TTA_ACTIVE views= 8 weight= 0.75 mean_abs_feat_delta= 0.23\n"}
,{"stream_name":"stdout","time":752.035984454,"data":"SECONDARY_EDGE_TTA_ACTIVE views= 8 weight= 0.75 mean_abs_feat_delta= 0.225732\n"}
,{"stream_name":"stdout","time":752.238378968,"data":"SECONDARY_EDGE_TTA_ACTIVE views= 8 weight= 0.75 mean_abs_feat_delta= 0.225732\n"}
,{"stream_name":"stdout","time":752.660272392,"data":"EDGE_TTA_ACTIVE views= 10 mean_abs_feat_delta= 0.365582\n"}
,{"stream_name":"stdout","time":752.862629357,"data":"EDGE_TTA_ACTIVE views= 10 mean_abs_feat_delta= 0.365582\n"}
,{"stream_name":"stdout","time":753.634736053,"data":"SECONDARY_EDGE_TTA_ACTIVE views= 8 weight= 0.75 mean_abs_feat_delta= 0.231427\n"}
,{"stream_name":"stdout","time":753.711288175,"data":"EDGE_TTA_ACTIVE views= 10 mean_abs_feat_delta= 0.32337\n"}
,{"stream_name":"stdout","time":753.837163862,"data":"SECONDARY_EDGE_TTA_ACTIVE views= 8 weight= 0.75 mean_abs_feat_delta= 0.231427\n"}
,{"stream_name":"stdout","time":753.83719543,"data":"EDGE_TTA_ACTIVE views= 10 mean_abs_feat_delta= 0.32337\n"}
,{"stream_name":"stdout","time":754.740985602,"data":"SECONDARY_EDGE_TTA_ACTIVE views= 8 weight= 0.75 mean_abs_feat_delta= 0.229625\n"}
,{"stream_name":"stdout","time":754.929117008,"data":"EDGE_TTA_ACTIVE views= 10 mean_abs_feat_delta= 0.369151\n"}
,{"stream_name":"stdout","time":754.943542986,"data":"SECONDARY_EDGE_TTA_ACTIVE views= 8 weight= 0.75 mean_abs_feat_delta= 0.229625\n"}
,{"stream_name":"stdout","time":754.9435677,"data":"EDGE_TTA_ACTIVE views= 10 mean_abs_feat_delta= 0.369151\n"}
,{"stream_name":"stdout","time":755.903996203,"data":"SECONDARY_EDGE_TTA_ACTIVE views= 8 weight= 0.75 mean_abs_feat_delta= 0.229981\n"}
,{"stream_name":"stdout","time":756.106182367,"data":"SECONDARY_EDGE_TTA_ACTIVE views= 8 weight= 0.75 mean_abs_feat_delta= 0.229981\n"}
,{"stream_name":"stdout","time":756.389759017,"data":"EDGE_TTA_ACTIVE views= 10 mean_abs_feat_delta= 0.325874\n"}
,{"stream_name":"stdout","time":756.5919745,"data":"EDGE_TTA_ACTIVE views= 10 mean_abs_feat_delta= 0.325874\n"}
,{"stream_name":"stdout","time":757.218381509,"data":"EDGE_TTA_ACTIVE views= 10 mean_abs_feat_delta= 0.3675\n"}
,{"stream_name":"stdout","time":757.420866357,"data":"EDGE_TTA_ACTIVE views= 10 mean_abs_feat_delta= 0.3675\n"}
,{"stream_name":"stdout","time":757.421826762,"data":"SECONDARY_EDGE_TTA_ACTIVE views= 8 weight= 0.75 mean_abs_feat_delta= 0.229021\n"}
,{"stream_name":"stdout","time":757.624128782,"data":"SECONDARY_EDGE_TTA_ACTIVE views= 8 weight= 0.75 mean_abs_feat_delta= 0.229021\n"}
,{"stream_name":"stdout","time":758.192144561,"data":"SECONDARY_EDGE_TTA_ACTIVE views= 8 weight= 0.75 mean_abs_feat_delta= 0.229437\n"}
,{"stream_name":"stdout","time":758.394534857,"data":"SECONDARY_EDGE_TTA_ACTIVE views= 8 weight= 0.75 mean_abs_feat_delta= 0.229437\n"}
,{"stream_name":"stdout","time":759.069289101,"data":"EDGE_TTA_ACTIVE views= 10 mean_abs_feat_delta= 0.321951\n"}
,{"stream_name":"stdout","time":759.271886028,"data":"EDGE_TTA_ACTIVE views= 10 mean_abs_feat_delta= 0.321951\n"}
,{"stream_name":"stdout","time":759.487095713,"data":"EDGE_TTA_ACTIVE views= 10 mean_abs_feat_delta= 0.360457\n"}
,{"stream_name":"stdout","time":759.68956782,"data":"EDGE_TTA_ACTIVE views= 10 mean_abs_feat_delta= 0.360457\n"}
,{"stream_name":"stdout","time":760.100453917,"data":"SECONDARY_EDGE_TTA_ACTIVE views= 8 weight= 0.75 mean_abs_feat_delta= 0.229917\n"}
,{"stream_name":"stdout","time":760.302979721,"data":"SECONDARY_EDGE_TTA_ACTIVE views= 8 weight= 0.75 mean_abs_feat_delta= 0.229917\n"}
,{"stream_name":"stdout","time":760.471628808,"data":"SECONDARY_EDGE_TTA_ACTIVE views= 8 weight= 0.75 mean_abs_feat_delta= 0.229485\n"}
,{"stream_name":"stdout","time":760.674146158,"data":"SECONDARY_EDGE_TTA_ACTIVE views= 8 weight= 0.75 mean_abs_feat_delta= 0.229485\n"}
,{"stream_name":"stdout","time":761.741514658,"data":"EDGE_TTA_ACTIVE views= 10 mean_abs_feat_delta= 0.324834\n"}
,{"stream_name":"stdout","time":761.758015034,"data":"EDGE_TTA_ACTIVE views= 10 mean_abs_feat_delta= 0.358336\n"}
,{"stream_name":"stdout","time":761.943752805,"data":"EDGE_TTA_ACTIVE views= 10 mean_abs_feat_delta= 0.324834\n"}
,{"stream_name":"stdout","time":761.943781757,"data":"EDGE_TTA_ACTIVE views= 10 mean_abs_feat_delta= 0.358336\n"}
,{"stream_name":"stdout","time":762.745874617,"data":"SECONDARY_EDGE_TTA_ACTIVE views= 8 weight= 0.75 mean_abs_feat_delta= 0.234306\n"}
,{"stream_name":"stdout","time":762.775462439,"data":"SECONDARY_EDGE_TTA_ACTIVE views= 8 weight= 0.75 mean_abs_feat_delta= 0.232737\n"}
,{"stream_name":"stdout","time":762.948477407,"data":"SECONDARY_EDGE_TTA_ACTIVE views= 8 weight= 0.75 mean_abs_feat_delta= 0.234306\n"}
,{"stream_name":"stdout","time":762.948513621,"data":"SECONDARY_EDGE_TTA_ACTIVE views= 8 weight= 0.75 mean_abs_feat_delta= 0.232737\n"}
,{"stream_name":"stdout","time":764.061874469,"data":"EDGE_TTA_ACTIVE views= 10 mean_abs_feat_delta= 0.359627\n"}
,{"stream_name":"stdout","time":764.264577396,"data":"EDGE_TTA_ACTIVE views= 10 mean_abs_feat_delta= 0.359627\n"}
,{"stream_name":"stdout","time":764.433656584,"data":"EDGE_TTA_ACTIVE views= 10 mean_abs_feat_delta= 0.324127\n"}
,{"stream_name":"stdout","time":764.636451033,"data":"EDGE_TTA_ACTIVE views= 10 mean_abs_feat_delta= 0.324127\n"}
,{"stream_name":"stdout","time":765.044816174,"data":"SECONDARY_EDGE_TTA_ACTIVE views= 8 weight= 0.75 mean_abs_feat_delta= 0.235733\n"}
,{"stream_name":"stdout","time":765.247115735,"data":"SECONDARY_EDGE_TTA_ACTIVE views= 8 weight= 0.75 mean_abs_feat_delta= 0.235733\n"}
,{"stream_name":"stdout","time":765.46921018,"data":"SECONDARY_EDGE_TTA_ACTIVE views= 8 weight= 0.75 mean_abs_feat_delta= 0.227525\n"}
,{"stream_name":"stdout","time":765.6719863,"data":"SECONDARY_EDGE_TTA_ACTIVE views= 8 weight= 0.75 mean_abs_feat_delta= 0.227525\n"}
,{"stream_name":"stdout","time":766.354016203,"data":"EDGE_TTA_ACTIVE views= 10 mean_abs_feat_delta= 0.363054\n"}
,{"stream_name":"stdout","time":766.557023516,"data":"EDGE_TTA_ACTIVE views= 10 mean_abs_feat_delta= 0.363054\n"}
,{"stream_name":"stdout","time":767.117871779,"data":"EDGE_TTA_ACTIVE views= 10 mean_abs_feat_delta= 0.325027\n"}
,{"stream_name":"stdout","time":767.339855971,"data":"SECONDARY_EDGE_TTA_ACTIVE views= 8 weight= 0.75 mean_abs_feat_delta= 0.231775\n"}
,{"stream_name":"stdout","time":767.360803215,"data":"EDGE_TTA_ACTIVE views= 10 mean_abs_feat_delta= 0.325027\n"}
,{"stream_name":"stdout","time":767.542652817,"data":"SECONDARY_EDGE_TTA_ACTIVE views= 8 weight= 0.75 mean_abs_feat_delta= 0.231775\n"}
,{"stream_name":"stdout","time":768.153643308,"data":"SECONDARY_EDGE_TTA_ACTIVE views= 8 weight= 0.75 mean_abs_feat_delta= 0.228923\n"}
,{"stream_name":"stdout","time":768.355843077,"data":"SECONDARY_EDGE_TTA_ACTIVE views= 8 weight= 0.75 mean_abs_feat_delta= 0.228923\n"}
,{"stream_name":"stdout","time":768.652598049,"data":"EDGE_TTA_ACTIVE views= 10 mean_abs_feat_delta= 0.360642\n"}
,{"stream_name":"stdout","time":768.855029048,"data":"EDGE_TTA_ACTIVE views= 10 mean_abs_feat_delta= 0.360642\n"}
,{"stream_name":"stdout","time":769.648542982,"data":"SECONDARY_EDGE_TTA_ACTIVE views= 8 weight= 0.75 mean_abs_feat_delta= 0.227854\n"}
,{"stream_name":"stdout","time":769.830316044,"data":"EDGE_TTA_ACTIVE views= 10 mean_abs_feat_delta= 0.328328\n"}
,{"stream_name":"stdout","time":769.8515577,"data":"SECONDARY_EDGE_TTA_ACTIVE views= 8 weight= 0.75 mean_abs_feat_delta= 0.227854\n"}
,{"stream_name":"stdout","time":769.851585534,"data":"EDGE_TTA_ACTIVE views= 10 mean_abs_feat_delta= 0.328328\n"}
,{"stream_name":"stdout","time":770.876627431,"data":"SECONDARY_EDGE_TTA_ACTIVE views= 8 weight= 0.75 mean_abs_feat_delta= 0.234703\n"}
,{"stream_name":"stdout","time":770.961756091,"data":"EDGE_TTA_ACTIVE views= 10 mean_abs_feat_delta= 0.345403\n"}
,{"stream_name":"stdout","time":771.079300607,"data":"SECONDARY_EDGE_TTA_ACTIVE views= 8 weight= 0.75 mean_abs_feat_delta= 0.234703\n"}
,{"stream_name":"stdout","time":771.079368951,"data":"EDGE_TTA_ACTIVE views= 10 mean_abs_feat_delta= 0.345403\n"}
,{"stream_name":"stdout","time":771.950877308,"data":"SECONDARY_EDGE_TTA_ACTIVE views= 8 weight= 0.75 mean_abs_feat_delta= 0.232249\n"}
,{"stream_name":"stdout","time":771.955089596,"data":"BIOHUB_RETENTION_GUARD {\"blended_candidates\": 66, \"dataset\": \"6bba_05b6850b\", \"frame\": 43, \"minimum_retention\": 0.9, \"primary_candidates\": 75, \"retention\": 0.88, \"use_primary\": true}\n"}
,{"stream_name":"stdout","time":772.153329925,"data":"SECONDARY_EDGE_TTA_ACTIVE views= 8 weight= 0.75 mean_abs_feat_delta= 0.232249\n"}
,{"stream_name":"stdout","time":772.153370576,"data":"BIOHUB_RETENTION_GUARD {\"blended_candidates\": 66, \"dataset\": \"6bba_05b6850b\", \"frame\": 43, \"minimum_retention\": 0.9, \"primary_candidates\": 75, \"retention\": 0.88, \"use_primary\": true}\n"}
,{"stream_name":"stdout","time":772.575468523,"data":"EDGE_TTA_ACTIVE views= 10 mean_abs_feat_delta= 0.32396\n"}
,{"stream_name":"stdout","time":772.777884109,"data":"EDGE_TTA_ACTIVE views= 10 mean_abs_feat_delta= 0.32396\n"}
,{"stream_name":"stdout","time":773.26958842,"data":"EDGE_TTA_ACTIVE views= 10 mean_abs_feat_delta= 0.361877\n"}
,{"stream_name":"stdout","time":773.471911337,"data":"EDGE_TTA_ACTIVE views= 10 mean_abs_feat_delta= 0.361877\n"}
,{"stream_name":"stdout","time":773.622208948,"data":"SECONDARY_EDGE_TTA_ACTIVE views= 8 weight= 0.75 mean_abs_feat_delta= 0.228868\n"}
,{"stream_name":"stdout","time":773.824873238,"data":"SECONDARY_EDGE_TTA_ACTIVE views= 8 weight= 0.75 mean_abs_feat_delta= 0.228868\n"}
,{"stream_name":"stdout","time":774.26137979,"data":"SECONDARY_EDGE_TTA_ACTIVE views= 8 weight= 0.75 mean_abs_feat_delta= 0.226463\n"}
,{"stream_name":"stdout","time":774.463686351,"data":"SECONDARY_EDGE_TTA_ACTIVE views= 8 weight= 0.75 mean_abs_feat_delta= 0.226463\n"}
,{"stream_name":"stdout","time":775.308751796,"data":"EDGE_TTA_ACTIVE views= 10 mean_abs_feat_delta= 0.326763\n"}
,{"stream_name":"stdout","time":775.511214625,"data":"EDGE_TTA_ACTIVE views= 10 mean_abs_feat_delta= 0.326763\n"}
,{"stream_name":"stdout","time":775.586954288,"data":"EDGE_TTA_ACTIVE views= 10 mean_abs_feat_delta= 0.365889\n"}
,{"stream_name":"stdout","time":775.789645026,"data":"EDGE_TTA_ACTIVE views= 10 mean_abs_feat_delta= 0.365889\n"}
,{"stream_name":"stdout","time":776.357324828,"data":"SECONDARY_EDGE_TTA_ACTIVE views= 8 weight= 0.75 mean_abs_feat_delta= 0.229406\n"}
,{"stream_name":"stdout","time":776.559893629,"data":"SECONDARY_EDGE_TTA_ACTIVE views= 8 weight= 0.75 mean_abs_feat_delta= 0.229406\n"}
,{"stream_name":"stdout","time":776.580802391,"data":"SECONDARY_EDGE_TTA_ACTIVE views= 8 weight= 0.75 mean_abs_feat_delta= 0.232529\n"}
,{"stream_name":"stdout","time":776.783161292,"data":"SECONDARY_EDGE_TTA_ACTIVE views= 8 weight= 0.75 mean_abs_feat_delta= 0.232529\n"}
,{"stream_name":"stdout","time":777.909304034,"data":"EDGE_TTA_ACTIVE views= 10 mean_abs_feat_delta= 0.365426\n"}
,{"stream_name":"stdout","time":778.023267286,"data":"EDGE_TTA_ACTIVE views= 10 mean_abs_feat_delta= 0.326839\n"}
,{"stream_name":"stdout","time":778.111952809,"data":"EDGE_TTA_ACTIVE views= 10 mean_abs_feat_delta= 0.365426\n"}
,{"stream_name":"stdout","time":778.112009356,"data":"EDGE_TTA_ACTIVE views= 10 mean_abs_feat_delta= 0.326839\n"}
,{"stream_name":"stdout","time":778.907200818,"data":"SECONDARY_EDGE_TTA_ACTIVE views= 8 weight= 0.75 mean_abs_feat_delta= 0.234792\n"}
,{"stream_name":"stdout","time":779.077268949,"data":"SECONDARY_EDGE_TTA_ACTIVE views= 8 weight= 0.75 mean_abs_feat_delta= 0.228734\n"}
,{"stream_name":"stdout","time":779.109795911,"data":"SECONDARY_EDGE_TTA_ACTIVE views= 8 weight= 0.75 mean_abs_feat_delta= 0.234792\n"}
,{"stream_name":"stdout","time":779.10984668,"data":"SECONDARY_EDGE_TTA_ACTIVE views= 8 weight= 0.75 mean_abs_feat_delta= 0.228734\n"}
,{"stream_name":"stdout","time":780.231607582,"data":"EDGE_TTA_ACTIVE views= 10 mean_abs_feat_delta= 0.363725\n"}
,{"stream_name":"stdout","time":780.43394371,"data":"EDGE_TTA_ACTIVE views= 10 mean_abs_feat_delta= 0.363725\n"}
,{"stream_name":"stdout","time":780.740297615,"data":"EDGE_TTA_ACTIVE views= 10 mean_abs_feat_delta= 0.319326\n"}
,{"stream_name":"stdout","time":780.943028385,"data":"EDGE_TTA_ACTIVE views= 10 mean_abs_feat_delta= 0.319326\n"}
,{"stream_name":"stdout","time":781.230075031,"data":"SECONDARY_EDGE_TTA_ACTIVE views= 8 weight= 0.75 mean_abs_feat_delta= 0.233309\n"}
,{"stream_name":"stdout","time":781.432310208,"data":"SECONDARY_EDGE_TTA_ACTIVE views= 8 weight= 0.75 mean_abs_feat_delta= 0.233309\n"}
,{"stream_name":"stdout","time":781.794914584,"data":"SECONDARY_EDGE_TTA_ACTIVE views= 8 weight= 0.75 mean_abs_feat_delta= 0.227258\n"}
,{"stream_name":"stdout","time":781.997353394,"data":"SECONDARY_EDGE_TTA_ACTIVE views= 8 weight= 0.75 mean_abs_feat_delta= 0.227258\n"}
,{"stream_name":"stdout","time":782.551289989,"data":"EDGE_TTA_ACTIVE views= 10 mean_abs_feat_delta= 0.361952\n"}
,{"stream_name":"stdout","time":782.753988842,"data":"EDGE_TTA_ACTIVE views= 10 mean_abs_feat_delta= 0.361952\n"}
,{"stream_name":"stdout","time":783.448772338,"data":"EDGE_TTA_ACTIVE views= 10 mean_abs_feat_delta= 0.320831\n"}
,{"stream_name":"stdout","time":783.553562651,"data":"SECONDARY_EDGE_TTA_ACTIVE views= 8 weight= 0.75 mean_abs_feat_delta= 0.231091\n"}
,{"stream_name":"stdout","time":783.651832054,"data":"EDGE_TTA_ACTIVE views= 10 mean_abs_feat_delta= 0.320831\n"}
,{"stream_name":"stdout","time":783.651870241,"data":"SECONDARY_EDGE_TTA_ACTIVE views= 8 weight= 0.75 mean_abs_feat_delta= 0.231091\n"}
,{"stream_name":"stdout","time":784.506629403,"data":"SECONDARY_EDGE_TTA_ACTIVE views= 8 weight= 0.75 mean_abs_feat_delta= 0.232919\n"}
,{"stream_name":"stdout","time":784.709028509,"data":"SECONDARY_EDGE_TTA_ACTIVE views= 8 weight= 0.75 mean_abs_feat_delta= 0.232919\n"}
,{"stream_name":"stdout","time":784.882481159,"data":"EDGE_TTA_ACTIVE views= 10 mean_abs_feat_delta= 0.363581\n"}
,{"stream_name":"stdout","time":785.084778682,"data":"EDGE_TTA_ACTIVE views= 10 mean_abs_feat_delta= 0.363581\n"}
,{"stream_name":"stdout","time":785.885425976,"data":"SECONDARY_EDGE_TTA_ACTIVE views= 8 weight= 0.75 mean_abs_feat_delta= 0.231415\n"}
,{"stream_name":"stdout","time":786.08761346,"data":"SECONDARY_EDGE_TTA_ACTIVE views= 8 weight= 0.75 mean_abs_feat_delta= 0.231415\n"}
,{"stream_name":"stdout","time":786.27525416,"data":"EDGE_TTA_ACTIVE views= 10 mean_abs_feat_delta= 0.324308\n"}
,{"stream_name":"stdout","time":786.477581154,"data":"EDGE_TTA_ACTIVE views= 10 mean_abs_feat_delta= 0.324308\n"}
,{"stream_name":"stdout","time":787.220926982,"data":"EDGE_TTA_ACTIVE views= 10 mean_abs_feat_delta= 0.36092\n"}
,{"stream_name":"stdout","time":787.332154236,"data":"SECONDARY_EDGE_TTA_ACTIVE views= 8 weight= 0.75 mean_abs_feat_delta= 0.237762\n"}
,{"stream_name":"stdout","time":787.423475119,"data":"EDGE_TTA_ACTIVE views= 10 mean_abs_feat_delta= 0.36092\n"}
,{"stream_name":"stdout","time":787.423509003,"data":"SECONDARY_EDGE_TTA_ACTIVE views= 8 weight= 0.75 mean_abs_feat_delta= 0.237762\n"}
,{"stream_name":"stdout","time":788.223456633,"data":"SECONDARY_EDGE_TTA_ACTIVE views= 8 weight= 0.75 mean_abs_feat_delta= 0.232042\n"}
,{"stream_name":"stdout","time":788.425910177,"data":"SECONDARY_EDGE_TTA_ACTIVE views= 8 weight= 0.75 mean_abs_feat_delta= 0.232042\n"}
,{"stream_name":"stdout","time":788.992709015,"data":"EDGE_TTA_ACTIVE views= 10 mean_abs_feat_delta= 0.32669\n"}
,{"stream_name":"stdout","time":789.195294947,"data":"EDGE_TTA_ACTIVE views= 10 mean_abs_feat_delta= 0.32669\n"}
,{"stream_name":"stdout","time":789.550631584,"data":"EDGE_TTA_ACTIVE views= 10 mean_abs_feat_delta= 0.355302\n"}
,{"stream_name":"stdout","time":789.752937136,"data":"EDGE_TTA_ACTIVE views= 10 mean_abs_feat_delta= 0.355302\n"}
,{"stream_name":"stdout","time":790.046814518,"data":"SECONDARY_EDGE_TTA_ACTIVE views= 8 weight= 0.75 mean_abs_feat_delta= 0.238631\n"}
,{"stream_name":"stdout","time":790.24948948,"data":"SECONDARY_EDGE_TTA_ACTIVE views= 8 weight= 0.75 mean_abs_feat_delta= 0.238631\n"}
,{"stream_name":"stdout","time":790.55455949,"data":"SECONDARY_EDGE_TTA_ACTIVE views= 8 weight= 0.75 mean_abs_feat_delta= 0.232766\n"}
,{"stream_name":"stdout","time":790.75728666,"data":"SECONDARY_EDGE_TTA_ACTIVE views= 8 weight= 0.75 mean_abs_feat_delta= 0.232766\n"}
,{"stream_name":"stdout","time":791.697187517,"data":"EDGE_TTA_ACTIVE views= 10 mean_abs_feat_delta= 0.331915\n"}
,{"stream_name":"stdout","time":791.878250027,"data":"EDGE_TTA_ACTIVE views= 10 mean_abs_feat_delta= 0.346163\n"}
,{"stream_name":"stdout","time":791.899341934,"data":"EDGE_TTA_ACTIVE views= 10 mean_abs_feat_delta= 0.331915\n"}
,{"stream_name":"stdout","time":791.899373017,"data":"EDGE_TTA_ACTIVE views= 10 mean_abs_feat_delta= 0.346163\n"}
,{"stream_name":"stdout","time":792.755074292,"data":"SECONDARY_EDGE_TTA_ACTIVE views= 8 weight= 0.75 mean_abs_feat_delta= 0.236776\n"}
,{"stream_name":"stdout","time":792.880115328,"data":"SECONDARY_EDGE_TTA_ACTIVE views= 8 weight= 0.75 mean_abs_feat_delta= 0.235979\n"}
,{"stream_name":"stdout","time":792.957920781,"data":"SECONDARY_EDGE_TTA_ACTIVE views= 8 weight= 0.75 mean_abs_feat_delta= 0.236776\n"}
,{"stream_name":"stdout","time":792.957955242,"data":"SECONDARY_EDGE_TTA_ACTIVE views= 8 weight= 0.75 mean_abs_feat_delta= 0.235979\n"}
,{"stream_name":"stdout","time":794.212547649,"data":"EDGE_TTA_ACTIVE views= 10 mean_abs_feat_delta= 0.331509\n"}
,{"stream_name":"stdout","time":794.414842565,"data":"EDGE_TTA_ACTIVE views= 10 mean_abs_feat_delta= 0.331509\n"}
,{"stream_name":"stdout","time":794.430815475,"data":"EDGE_TTA_ACTIVE views= 10 mean_abs_feat_delta= 0.328024\n"}
,{"stream_name":"stdout","time":794.633170746,"data":"EDGE_TTA_ACTIVE views= 10 mean_abs_feat_delta= 0.328024\n"}
,{"stream_name":"stdout","time":795.212858248,"data":"SECONDARY_EDGE_TTA_ACTIVE views= 8 weight= 0.75 mean_abs_feat_delta= 0.241376\n"}
,{"stream_name":"stdout","time":795.415564853,"data":"SECONDARY_EDGE_TTA_ACTIVE views= 8 weight= 0.75 mean_abs_feat_delta= 0.241376\n"}
,{"stream_name":"stdout","time":795.488992539,"data":"SECONDARY_EDGE_TTA_ACTIVE views= 8 weight= 0.75 mean_abs_feat_delta= 0.233805\n"}
,{"stream_name":"stdout","time":795.6915646,"data":"SECONDARY_EDGE_TTA_ACTIVE views= 8 weight= 0.75 mean_abs_feat_delta= 0.233805\n"}
,{"stream_name":"stdout","time":796.54134816,"data":"EDGE_TTA_ACTIVE views= 10 mean_abs_feat_delta= 0.340924\n"}
,{"stream_name":"stdout","time":796.743802707,"data":"EDGE_TTA_ACTIVE views= 10 mean_abs_feat_delta= 0.340924\n"}
,{"stream_name":"stdout","time":797.1448413,"data":"EDGE_TTA_ACTIVE views= 10 mean_abs_feat_delta= 0.329025\n"}
,{"stream_name":"stdout","time":797.34748594,"data":"EDGE_TTA_ACTIVE views= 10 mean_abs_feat_delta= 0.329025\n"}
,{"stream_name":"stdout","time":797.542122315,"data":"SECONDARY_EDGE_TTA_ACTIVE views= 8 weight= 0.75 mean_abs_feat_delta= 0.233304\n"}
,{"stream_name":"stdout","time":797.792584299,"data":"SECONDARY_EDGE_TTA_ACTIVE views= 8 weight= 0.75 mean_abs_feat_delta= 0.233304\n"}
,{"stream_name":"stdout","time":798.203413423,"data":"SECONDARY_EDGE_TTA_ACTIVE views= 8 weight= 0.75 mean_abs_feat_delta= 0.2393\n"}
,{"stream_name":"stdout","time":798.405979215,"data":"SECONDARY_EDGE_TTA_ACTIVE views= 8 weight= 0.75 mean_abs_feat_delta= 0.2393\n"}
,{"stream_name":"stdout","time":798.862722106,"data":"EDGE_TTA_ACTIVE views= 10 mean_abs_feat_delta= 0.347582\n"}
,{"stream_name":"stdout","time":799.065644546,"data":"EDGE_TTA_ACTIVE views= 10 mean_abs_feat_delta= 0.347582\n"}
,{"stream_name":"stdout","time":799.861646931,"data":"EDGE_TTA_ACTIVE views= 10 mean_abs_feat_delta= 0.327615\n"}
,{"stream_name":"stdout","time":799.866121631,"data":"SECONDARY_EDGE_TTA_ACTIVE views= 8 weight= 0.75 mean_abs_feat_delta= 0.237349\n"}
,{"stream_name":"stdout","time":800.064035479,"data":"EDGE_TTA_ACTIVE views= 10 mean_abs_feat_delta= 0.327615\n"}
,{"stream_name":"stdout","time":800.064069566,"data":"SECONDARY_EDGE_TTA_ACTIVE views= 8 weight= 0.75 mean_abs_feat_delta= 0.237349\n"}
,{"stream_name":"stdout","time":800.916647206,"data":"SECONDARY_EDGE_TTA_ACTIVE views= 8 weight= 0.75 mean_abs_feat_delta= 0.241418\n"}
,{"stream_name":"stdout","time":801.119214829,"data":"SECONDARY_EDGE_TTA_ACTIVE views= 8 weight= 0.75 mean_abs_feat_delta= 0.241418\n"}
,{"stream_name":"stdout","time":801.222329988,"data":"EDGE_TTA_ACTIVE views= 10 mean_abs_feat_delta= 0.346686\n"}
,{"stream_name":"stdout","time":801.424605204,"data":"EDGE_TTA_ACTIVE views= 10 mean_abs_feat_delta= 0.346686\n"}
,{"stream_name":"stdout","time":802.225304435,"data":"SECONDARY_EDGE_TTA_ACTIVE views= 8 weight= 0.75 mean_abs_feat_delta= 0.237192\n"}
,{"stream_name":"stdout","time":802.42764485,"data":"SECONDARY_EDGE_TTA_ACTIVE views= 8 weight= 0.75 mean_abs_feat_delta= 0.237192\n"}
,{"stream_name":"stdout","time":802.570631922,"data":"EDGE_TTA_ACTIVE views= 10 mean_abs_feat_delta= 0.325243\n"}
,{"stream_name":"stdout","time":802.773327064,"data":"EDGE_TTA_ACTIVE views= 10 mean_abs_feat_delta= 0.325243\n"}
,{"stream_name":"stdout","time":803.592474288,"data":"EDGE_TTA_ACTIVE views= 10 mean_abs_feat_delta= 0.349223\n"}
,{"stream_name":"stdout","time":803.631942487,"data":"SECONDARY_EDGE_TTA_ACTIVE views= 8 weight= 0.75 mean_abs_feat_delta= 0.240548\n"}
,{"stream_name":"stdout","time":803.795082428,"data":"EDGE_TTA_ACTIVE views= 10 mean_abs_feat_delta= 0.349223\n"}
,{"stream_name":"stdout","time":803.795125449,"data":"SECONDARY_EDGE_TTA_ACTIVE views= 8 weight= 0.75 mean_abs_feat_delta= 0.240548\n"}
,{"stream_name":"stdout","time":804.593912882,"data":"SECONDARY_EDGE_TTA_ACTIVE views= 8 weight= 0.75 mean_abs_feat_delta= 0.23579\n"}
,{"stream_name":"stdout","time":804.796716279,"data":"SECONDARY_EDGE_TTA_ACTIVE views= 8 weight= 0.75 mean_abs_feat_delta= 0.23579\n"}
,{"stream_name":"stdout","time":805.298478984,"data":"EDGE_TTA_ACTIVE views= 10 mean_abs_feat_delta= 0.325567\n"}
,{"stream_name":"stdout","time":805.501149407,"data":"EDGE_TTA_ACTIVE views= 10 mean_abs_feat_delta= 0.325567\n"}
,{"stream_name":"stdout","time":805.910295915,"data":"EDGE_TTA_ACTIVE views= 10 mean_abs_feat_delta= 0.340872\n"}
,{"stream_name":"stdout","time":806.112802132,"data":"EDGE_TTA_ACTIVE views= 10 mean_abs_feat_delta= 0.340872\n"}
,{"stream_name":"stdout","time":806.352297091,"data":"SECONDARY_EDGE_TTA_ACTIVE views= 8 weight= 0.75 mean_abs_feat_delta= 0.239217\n"}
,{"stream_name":"stdout","time":806.554851446,"data":"SECONDARY_EDGE_TTA_ACTIVE views= 8 weight= 0.75 mean_abs_feat_delta= 0.239217\n"}
,{"stream_name":"stdout","time":806.909431715,"data":"SECONDARY_EDGE_TTA_ACTIVE views= 8 weight= 0.75 mean_abs_feat_delta= 0.245733\n"}
,{"stream_name":"stdout","time":807.111942815,"data":"SECONDARY_EDGE_TTA_ACTIVE views= 8 weight= 0.75 mean_abs_feat_delta= 0.245733\n"}
,{"stream_name":"stdout","time":808.011505703,"data":"EDGE_TTA_ACTIVE views= 10 mean_abs_feat_delta= 0.324765\n"}
,{"stream_name":"stdout","time":808.21392668,"data":"EDGE_TTA_ACTIVE views= 10 mean_abs_feat_delta= 0.324765\n"}
,{"stream_name":"stdout","time":808.229091065,"data":"EDGE_TTA_ACTIVE views= 10 mean_abs_feat_delta= 0.358966\n"}
,{"stream_name":"stdout","time":808.431290598,"data":"EDGE_TTA_ACTIVE views= 10 mean_abs_feat_delta= 0.358966\n"}
,{"stream_name":"stdout","time":809.067324772,"data":"SECONDARY_EDGE_TTA_ACTIVE views= 8 weight= 0.75 mean_abs_feat_delta= 0.238117\n"}
,{"stream_name":"stdout","time":809.223446172,"data":"SECONDARY_EDGE_TTA_ACTIVE views= 8 weight= 0.75 mean_abs_feat_delta= 0.237609\n"}
,{"stream_name":"stdout","time":809.269612912,"data":"SECONDARY_EDGE_TTA_ACTIVE views= 8 weight= 0.75 mean_abs_feat_delta= 0.238117\n"}
,{"stream_name":"stdout","time":809.269692954,"data":"SECONDARY_EDGE_TTA_ACTIVE views= 8 weight= 0.75 mean_abs_feat_delta= 0.237609\n"}
,{"stream_name":"stdout","time":810.549746907,"data":"EDGE_TTA_ACTIVE views= 10 mean_abs_feat_delta= 0.355674\n"}
,{"stream_name":"stdout","time":810.752346595,"data":"EDGE_TTA_ACTIVE views= 10 mean_abs_feat_delta= 0.355674\n"}
,{"stream_name":"stdout","time":810.754590579,"data":"EDGE_TTA_ACTIVE views= 10 mean_abs_feat_delta= 0.326157\n"}
,{"stream_name":"stdout","time":810.957123351,"data":"EDGE_TTA_ACTIVE views= 10 mean_abs_feat_delta= 0.326157\n"}
,{"stream_name":"stdout","time":811.548528839,"data":"SECONDARY_EDGE_TTA_ACTIVE views= 8 weight= 0.75 mean_abs_feat_delta= 0.24975\n"}
,{"stream_name":"stdout","time":811.751191084,"data":"SECONDARY_EDGE_TTA_ACTIVE views= 8 weight= 0.75 mean_abs_feat_delta= 0.24975\n"}
,{"stream_name":"stdout","time":811.806872884,"data":"SECONDARY_EDGE_TTA_ACTIVE views= 8 weight= 0.75 mean_abs_feat_delta= 0.241111\n"}
,{"stream_name":"stdout","time":812.009039446,"data":"SECONDARY_EDGE_TTA_ACTIVE views= 8 weight= 0.75 mean_abs_feat_delta= 0.241111\n"}
,{"stream_name":"stdout","time":812.870201676,"data":"EDGE_TTA_ACTIVE views= 10 mean_abs_feat_delta= 0.360707\n"}
,{"stream_name":"stdout","time":813.072735222,"data":"EDGE_TTA_ACTIVE views= 10 mean_abs_feat_delta= 0.360707\n"}
,{"stream_name":"stdout","time":813.447092395,"data":"EDGE_TTA_ACTIVE views= 10 mean_abs_feat_delta= 0.322649\n"}
,{"stream_name":"stdout","time":813.64972923,"data":"EDGE_TTA_ACTIVE views= 10 mean_abs_feat_delta= 0.322649\n"}
,{"stream_name":"stdout","time":813.867428765,"data":"SECONDARY_EDGE_TTA_ACTIVE views= 8 weight= 0.75 mean_abs_feat_delta= 0.23735\n"}
,{"stream_name":"stdout","time":814.069702337,"data":"SECONDARY_EDGE_TTA_ACTIVE views= 8 weight= 0.75 mean_abs_feat_delta= 0.23735\n"}
,{"stream_name":"stdout","time":814.498176648,"data":"SECONDARY_EDGE_TTA_ACTIVE views= 8 weight= 0.75 mean_abs_feat_delta= 0.233408\n"}
,{"stream_name":"stdout","time":814.70103155,"data":"SECONDARY_EDGE_TTA_ACTIVE views= 8 weight= 0.75 mean_abs_feat_delta= 0.233408\n"}
,{"stream_name":"stdout","time":815.209455185,"data":"EDGE_TTA_ACTIVE views= 10 mean_abs_feat_delta= 0.354028\n"}
,{"stream_name":"stdout","time":815.412080318,"data":"EDGE_TTA_ACTIVE views= 10 mean_abs_feat_delta= 0.354028\n"}
,{"stream_name":"stdout","time":816.125347967,"data":"EDGE_TTA_ACTIVE views= 10 mean_abs_feat_delta= 0.322826\n"}
,{"stream_name":"stdout","time":816.20779622,"data":"SECONDARY_EDGE_TTA_ACTIVE views= 8 weight= 0.75 mean_abs_feat_delta= 0.239857\n"}
,{"stream_name":"stdout","time":816.32807241,"data":"EDGE_TTA_ACTIVE views= 10 mean_abs_feat_delta= 0.322826\n"}
,{"stream_name":"stdout","time":816.328112324,"data":"SECONDARY_EDGE_TTA_ACTIVE views= 8 weight= 0.75 mean_abs_feat_delta= 0.239857\n"}
,{"stream_name":"stdout","time":817.177302269,"data":"SECONDARY_EDGE_TTA_ACTIVE views= 8 weight= 0.75 mean_abs_feat_delta= 0.236893\n"}
,{"stream_name":"stdout","time":817.380050896,"data":"SECONDARY_EDGE_TTA_ACTIVE views= 8 weight= 0.75 mean_abs_feat_delta= 0.236893\n"}
,{"stream_name":"stdout","time":817.537939961,"data":"EDGE_TTA_ACTIVE views= 10 mean_abs_feat_delta= 0.34048\n"}
,{"stream_name":"stdout","time":817.740653734,"data":"EDGE_TTA_ACTIVE views= 10 mean_abs_feat_delta= 0.34048\n"}
,{"stream_name":"stdout","time":818.536414594,"data":"SECONDARY_EDGE_TTA_ACTIVE views= 8 weight= 0.75 mean_abs_feat_delta= 0.246472\n"}
,{"stream_name":"stdout","time":818.739222931,"data":"SECONDARY_EDGE_TTA_ACTIVE views= 8 weight= 0.75 mean_abs_feat_delta= 0.246472\n"}
,{"stream_name":"stdout","time":818.799056163,"data":"EDGE_TTA_ACTIVE views= 10 mean_abs_feat_delta= 0.323802\n"}
,{"stream_name":"stdout","time":819.001747771,"data":"EDGE_TTA_ACTIVE views= 10 mean_abs_feat_delta= 0.323802\n"}
,{"stream_name":"stdout","time":819.848035249,"data":"SECONDARY_EDGE_TTA_ACTIVE views= 8 weight= 0.75 mean_abs_feat_delta= 0.244446\n"}
,{"stream_name":"stdout","time":819.866027933,"data":"EDGE_TTA_ACTIVE views= 10 mean_abs_feat_delta= 0.352084\n"}
,{"stream_name":"stdout","time":820.050548226,"data":"SECONDARY_EDGE_TTA_ACTIVE views= 8 weight= 0.75 mean_abs_feat_delta= 0.244446\n"}
,{"stream_name":"stdout","time":820.050588299,"data":"EDGE_TTA_ACTIVE views= 10 mean_abs_feat_delta= 0.352084\n"}
,{"stream_name":"stdout","time":820.86350645,"data":"SECONDARY_EDGE_TTA_ACTIVE views= 8 weight= 0.75 mean_abs_feat_delta= 0.23837\n"}
,{"stream_name":"stdout","time":821.06577675,"data":"SECONDARY_EDGE_TTA_ACTIVE views= 8 weight= 0.75 mean_abs_feat_delta= 0.23837\n"}
,{"stream_name":"stdout","time":821.478160512,"data":"EDGE_TTA_ACTIVE views= 10 mean_abs_feat_delta= 0.324162\n"}
,{"stream_name":"stdout","time":821.680657029,"data":"EDGE_TTA_ACTIVE views= 10 mean_abs_feat_delta= 0.324162\n"}
,{"stream_name":"stdout","time":822.182152729,"data":"EDGE_TTA_ACTIVE views= 10 mean_abs_feat_delta= 0.347989\n"}
,{"stream_name":"stdout","time":822.384811811,"data":"EDGE_TTA_ACTIVE views= 10 mean_abs_feat_delta= 0.347989\n"}
,{"stream_name":"stdout","time":822.527777907,"data":"SECONDARY_EDGE_TTA_ACTIVE views= 8 weight= 0.75 mean_abs_feat_delta= 0.249633\n"}
,{"stream_name":"stdout","time":822.73066499,"data":"SECONDARY_EDGE_TTA_ACTIVE views= 8 weight= 0.75 mean_abs_feat_delta= 0.249633\n"}
,{"stream_name":"stdout","time":823.178410719,"data":"SECONDARY_EDGE_TTA_ACTIVE views= 8 weight= 0.75 mean_abs_feat_delta= 0.23794\n"}
,{"stream_name":"stdout","time":823.381220107,"data":"SECONDARY_EDGE_TTA_ACTIVE views= 8 weight= 0.75 mean_abs_feat_delta= 0.23794\n"}
,{"stream_name":"stdout","time":824.138451317,"data":"EDGE_TTA_ACTIVE views= 10 mean_abs_feat_delta= 0.325109\n"}
,{"stream_name":"stdout","time":824.341101817,"data":"EDGE_TTA_ACTIVE views= 10 mean_abs_feat_delta= 0.325109\n"}
,{"stream_name":"stdout","time":824.499601966,"data":"EDGE_TTA_ACTIVE views= 10 mean_abs_feat_delta= 0.349774\n"}
,{"stream_name":"stdout","time":824.702176642,"data":"EDGE_TTA_ACTIVE views= 10 mean_abs_feat_delta= 0.349774\n"}
,{"stream_name":"stdout","time":825.182827459,"data":"SECONDARY_EDGE_TTA_ACTIVE views= 8 weight= 0.75 mean_abs_feat_delta= 0.246702\n"}
,{"stream_name":"stdout","time":825.385347035,"data":"SECONDARY_EDGE_TTA_ACTIVE views= 8 weight= 0.75 mean_abs_feat_delta= 0.246702\n"}
,{"stream_name":"stdout","time":825.499327838,"data":"SECONDARY_EDGE_TTA_ACTIVE views= 8 weight= 0.75 mean_abs_feat_delta= 0.237401\n"}
,{"stream_name":"stdout","time":825.701659969,"data":"SECONDARY_EDGE_TTA_ACTIVE views= 8 weight= 0.75 mean_abs_feat_delta= 0.237401\n"}
,{"stream_name":"stdout","time":826.794117416,"data":"EDGE_TTA_ACTIVE views= 10 mean_abs_feat_delta= 0.326699\n"}
,{"stream_name":"stdout","time":826.817123056,"data":"EDGE_TTA_ACTIVE views= 10 mean_abs_feat_delta= 0.334972\n"}
,{"stream_name":"stdout","time":826.996777499,"data":"EDGE_TTA_ACTIVE views= 10 mean_abs_feat_delta= 0.326699\n"}
,{"stream_name":"stdout","time":826.996810446,"data":"EDGE_TTA_ACTIVE views= 10 mean_abs_feat_delta= 0.334972\n"}
,{"stream_name":"stdout","time":827.81357421,"data":"SECONDARY_EDGE_TTA_ACTIVE views= 8 weight= 0.75 mean_abs_feat_delta= 0.245673\n"}
,{"stream_name":"stdout","time":827.839224701,"data":"SECONDARY_EDGE_TTA_ACTIVE views= 8 weight= 0.75 mean_abs_feat_delta= 0.239557\n"}
,{"stream_name":"stdout","time":828.066026333,"data":"SECONDARY_EDGE_TTA_ACTIVE views= 8 weight= 0.75 mean_abs_feat_delta= 0.245673\n"}
,{"stream_name":"stdout","time":828.066052856,"data":"SECONDARY_EDGE_TTA_ACTIVE views= 8 weight= 0.75 mean_abs_feat_delta= 0.239557\n"}
,{"stream_name":"stdout","time":829.142463163,"data":"EDGE_TTA_ACTIVE views= 10 mean_abs_feat_delta= 0.351497\n"}
,{"stream_name":"stdout","time":829.344745653,"data":"EDGE_TTA_ACTIVE views= 10 mean_abs_feat_delta= 0.351497\n"}
,{"stream_name":"stdout","time":829.448214335,"data":"EDGE_TTA_ACTIVE views= 10 mean_abs_feat_delta= 0.334673\n"}
,{"stream_name":"stdout","time":829.650575815,"data":"EDGE_TTA_ACTIVE views= 10 mean_abs_feat_delta= 0.334673\n"}
,{"stream_name":"stdout","time":830.139145484,"data":"SECONDARY_EDGE_TTA_ACTIVE views= 8 weight= 0.75 mean_abs_feat_delta= 0.235875\n"}
,{"stream_name":"stdout","time":830.341547922,"data":"SECONDARY_EDGE_TTA_ACTIVE views= 8 weight= 0.75 mean_abs_feat_delta= 0.235875\n"}
,{"stream_name":"stdout","time":830.494399388,"data":"SECONDARY_EDGE_TTA_ACTIVE views= 8 weight= 0.75 mean_abs_feat_delta= 0.238104\n"}
,{"stream_name":"stdout","time":830.696855493,"data":"SECONDARY_EDGE_TTA_ACTIVE views= 8 weight= 0.75 mean_abs_feat_delta= 0.238104\n"}
,{"stream_name":"stdout","time":831.457712004,"data":"EDGE_TTA_ACTIVE views= 10 mean_abs_feat_delta= 0.356089\n"}
,{"stream_name":"stdout","time":831.660117018,"data":"EDGE_TTA_ACTIVE views= 10 mean_abs_feat_delta= 0.356089\n"}
,{"stream_name":"stdout","time":832.104725022,"data":"EDGE_TTA_ACTIVE views= 10 mean_abs_feat_delta= 0.333342\n"}
,{"stream_name":"stdout","time":832.307134102,"data":"EDGE_TTA_ACTIVE views= 10 mean_abs_feat_delta= 0.333342\n"}
,{"stream_name":"stdout","time":832.45543687,"data":"SECONDARY_EDGE_TTA_ACTIVE views= 8 weight= 0.75 mean_abs_feat_delta= 0.241531\n"}
,{"stream_name":"stdout","time":832.657928168,"data":"SECONDARY_EDGE_TTA_ACTIVE views= 8 weight= 0.75 mean_abs_feat_delta= 0.241531\n"}
,{"stream_name":"stdout","time":833.157399149,"data":"SECONDARY_EDGE_TTA_ACTIVE views= 8 weight= 0.75 mean_abs_feat_delta= 0.239919\n"}
,{"stream_name":"stdout","time":833.360021124,"data":"SECONDARY_EDGE_TTA_ACTIVE views= 8 weight= 0.75 mean_abs_feat_delta= 0.239919\n"}
,{"stream_name":"stdout","time":833.774300985,"data":"EDGE_TTA_ACTIVE views= 10 mean_abs_feat_delta= 0.35637\n"}
,{"stream_name":"stdout","time":833.976708083,"data":"EDGE_TTA_ACTIVE views= 10 mean_abs_feat_delta= 0.35637\n"}
,{"stream_name":"stdout","time":834.757179155,"data":"EDGE_TTA_ACTIVE views= 10 mean_abs_feat_delta= 0.332673\n"}
,{"stream_name":"stdout","time":834.773795295,"data":"SECONDARY_EDGE_TTA_ACTIVE views= 8 weight= 0.75 mean_abs_feat_delta= 0.238654\n"}
,{"stream_name":"stdout","time":834.959835072,"data":"EDGE_TTA_ACTIVE views= 10 mean_abs_feat_delta= 0.332673\n"}
,{"stream_name":"stdout","time":834.959878999,"data":"SECONDARY_EDGE_TTA_ACTIVE views= 8 weight= 0.75 mean_abs_feat_delta= 0.238654\n"}
,{"stream_name":"stdout","time":835.802546255,"data":"SECONDARY_EDGE_TTA_ACTIVE views= 8 weight= 0.75 mean_abs_feat_delta= 0.238456\n"}
,{"stream_name":"stdout","time":836.004967629,"data":"SECONDARY_EDGE_TTA_ACTIVE views= 8 weight= 0.75 mean_abs_feat_delta= 0.238456\n"}
,{"stream_name":"stdout","time":836.09349522,"data":"EDGE_TTA_ACTIVE views= 10 mean_abs_feat_delta= 0.352802\n"}
,{"stream_name":"stdout","time":836.296324689,"data":"EDGE_TTA_ACTIVE views= 10 mean_abs_feat_delta= 0.352802\n"}
,{"stream_name":"stdout","time":837.088193848,"data":"SECONDARY_EDGE_TTA_ACTIVE views= 8 weight= 0.75 mean_abs_feat_delta= 0.235897\n"}
,{"stream_name":"stdout","time":837.290662774,"data":"SECONDARY_EDGE_TTA_ACTIVE views= 8 weight= 0.75 mean_abs_feat_delta= 0.235897\n"}
,{"stream_name":"stdout","time":837.408523186,"data":"EDGE_TTA_ACTIVE views= 10 mean_abs_feat_delta= 0.340696\n"}
,{"stream_name":"stdout","time":837.610889954,"data":"EDGE_TTA_ACTIVE views= 10 mean_abs_feat_delta= 0.340696\n"}
,{"stream_name":"stdout","time":838.407731133,"data":"EDGE_TTA_ACTIVE views= 10 mean_abs_feat_delta= 0.35378\n"}
,{"stream_name":"stdout","time":838.4531748,"data":"SECONDARY_EDGE_TTA_ACTIVE views= 8 weight= 0.75 mean_abs_feat_delta= 0.237938\n"}
,{"stream_name":"stdout","time":838.610046801,"data":"EDGE_TTA_ACTIVE views= 10 mean_abs_feat_delta= 0.35378\n"}
,{"stream_name":"stdout","time":838.610081041,"data":"SECONDARY_EDGE_TTA_ACTIVE views= 8 weight= 0.75 mean_abs_feat_delta= 0.237938\n"}
,{"stream_name":"stdout","time":839.402072295,"data":"SECONDARY_EDGE_TTA_ACTIVE views= 8 weight= 0.75 mean_abs_feat_delta= 0.232787\n"}
,{"stream_name":"stdout","time":839.60459394,"data":"SECONDARY_EDGE_TTA_ACTIVE views= 8 weight= 0.75 mean_abs_feat_delta= 0.232787\n"}
,{"stream_name":"stdout","time":840.07756844,"data":"EDGE_TTA_ACTIVE views= 10 mean_abs_feat_delta= 0.339871\n"}
,{"stream_name":"stdout","time":840.280462126,"data":"EDGE_TTA_ACTIVE views= 10 mean_abs_feat_delta= 0.339871\n"}
,{"stream_name":"stdout","time":840.732943233,"data":"EDGE_TTA_ACTIVE views= 10 mean_abs_feat_delta= 0.356135\n"}
,{"stream_name":"stdout","time":840.935571466,"data":"EDGE_TTA_ACTIVE views= 10 mean_abs_feat_delta= 0.356135\n"}
,{"stream_name":"stdout","time":841.125116671,"data":"SECONDARY_EDGE_TTA_ACTIVE views= 8 weight= 0.75 mean_abs_feat_delta= 0.242027\n"}
,{"stream_name":"stdout","time":841.327394606,"data":"SECONDARY_EDGE_TTA_ACTIVE views= 8 weight= 0.75 mean_abs_feat_delta= 0.242027\n"}
,{"stream_name":"stdout","time":841.725209954,"data":"SECONDARY_EDGE_TTA_ACTIVE views= 8 weight= 0.75 mean_abs_feat_delta= 0.235419\n"}
,{"stream_name":"stdout","time":841.927935325,"data":"SECONDARY_EDGE_TTA_ACTIVE views= 8 weight= 0.75 mean_abs_feat_delta= 0.235419\n"}
,{"stream_name":"stdout","time":842.721568245,"data":"EDGE_TTA_ACTIVE views= 10 mean_abs_feat_delta= 0.336599\n"}
,{"stream_name":"stdout","time":842.924013113,"data":"EDGE_TTA_ACTIVE views= 10 mean_abs_feat_delta= 0.336599\n"}
,{"stream_name":"stdout","time":843.069581821,"data":"EDGE_TTA_ACTIVE views= 10 mean_abs_feat_delta= 0.35435\n"}
,{"stream_name":"stdout","time":843.271941556,"data":"EDGE_TTA_ACTIVE views= 10 mean_abs_feat_delta= 0.35435\n"}
,{"stream_name":"stdout","time":843.764906971,"data":"SECONDARY_EDGE_TTA_ACTIVE views= 8 weight= 0.75 mean_abs_feat_delta= 0.244117\n"}
,{"stream_name":"stdout","time":843.967347511,"data":"SECONDARY_EDGE_TTA_ACTIVE views= 8 weight= 0.75 mean_abs_feat_delta= 0.244117\n"}
,{"stream_name":"stdout","time":844.065390786,"data":"SECONDARY_EDGE_TTA_ACTIVE views= 8 weight= 0.75 mean_abs_feat_delta= 0.232021\n"}
,{"stream_name":"stdout","time":844.268034115,"data":"SECONDARY_EDGE_TTA_ACTIVE views= 8 weight= 0.75 mean_abs_feat_delta= 0.232021\n"}
,{"stream_name":"stdout","time":845.366983963,"data":"EDGE_TTA_ACTIVE views= 10 mean_abs_feat_delta= 0.337248\n"}
,{"stream_name":"stdout","time":845.400365318,"data":"EDGE_TTA_ACTIVE views= 10 mean_abs_feat_delta= 0.360518\n"}
,{"stream_name":"stdout","time":845.569630431,"data":"EDGE_TTA_ACTIVE views= 10 mean_abs_feat_delta= 0.337248\n"}
,{"stream_name":"stdout","time":845.569659892,"data":"EDGE_TTA_ACTIVE views= 10 mean_abs_feat_delta= 0.360518\n"}
,{"stream_name":"stdout","time":846.395697408,"data":"SECONDARY_EDGE_TTA_ACTIVE views= 8 weight= 0.75 mean_abs_feat_delta= 0.235438\n"}
,{"stream_name":"stdout","time":846.411409368,"data":"SECONDARY_EDGE_TTA_ACTIVE views= 8 weight= 0.75 mean_abs_feat_delta= 0.243325\n"}
,{"stream_name":"stdout","time":846.598354411,"data":"SECONDARY_EDGE_TTA_ACTIVE views= 8 weight= 0.75 mean_abs_feat_delta= 0.235438\n"}
,{"stream_name":"stdout","time":846.59842316,"data":"SECONDARY_EDGE_TTA_ACTIVE views= 8 weight= 0.75 mean_abs_feat_delta= 0.243325\n"}
,{"stream_name":"stdout","time":847.736602216,"data":"EDGE_TTA_ACTIVE views= 10 mean_abs_feat_delta= 0.363443\n"}
,{"stream_name":"stdout","time":847.939288264,"data":"EDGE_TTA_ACTIVE views= 10 mean_abs_feat_delta= 0.363443\n"}
,{"stream_name":"stdout","time":848.009196271,"data":"EDGE_TTA_ACTIVE views= 10 mean_abs_feat_delta= 0.337822\n"}
,{"stream_name":"stdout","time":848.211650065,"data":"EDGE_TTA_ACTIVE views= 10 mean_abs_feat_delta= 0.337822\n"}
,{"stream_name":"stdout","time":848.732739924,"data":"SECONDARY_EDGE_TTA_ACTIVE views= 8 weight= 0.75 mean_abs_feat_delta= 0.238512\n"}
,{"stream_name":"stdout","time":848.935126958,"data":"SECONDARY_EDGE_TTA_ACTIVE views= 8 weight= 0.75 mean_abs_feat_delta= 0.238512\n"}
,{"stream_name":"stdout","time":849.053883964,"data":"SECONDARY_EDGE_TTA_ACTIVE views= 8 weight= 0.75 mean_abs_feat_delta= 0.244042\n"}
,{"stream_name":"stdout","time":849.256524057,"data":"SECONDARY_EDGE_TTA_ACTIVE views= 8 weight= 0.75 mean_abs_feat_delta= 0.244042\n"}
,{"stream_name":"stdout","time":850.060199253,"data":"EDGE_TTA_ACTIVE views= 10 mean_abs_feat_delta= 0.347792\n"}
,{"stream_name":"stdout","time":850.26326602,"data":"EDGE_TTA_ACTIVE views= 10 mean_abs_feat_delta= 0.347792\n"}
,{"stream_name":"stdout","time":850.691921599,"data":"EDGE_TTA_ACTIVE views= 10 mean_abs_feat_delta= 0.340939\n"}
,{"stream_name":"stdout","time":850.894378237,"data":"EDGE_TTA_ACTIVE views= 10 mean_abs_feat_delta= 0.340939\n"}
,{"stream_name":"stdout","time":851.056998946,"data":"SECONDARY_EDGE_TTA_ACTIVE views= 8 weight= 0.75 mean_abs_feat_delta= 0.246384\n"}
,{"stream_name":"stdout","time":851.259961973,"data":"SECONDARY_EDGE_TTA_ACTIVE views= 8 weight= 0.75 mean_abs_feat_delta= 0.246384\n"}
,{"stream_name":"stdout","time":851.735793074,"data":"SECONDARY_EDGE_TTA_ACTIVE views= 8 weight= 0.75 mean_abs_feat_delta= 0.24973\n"}
,{"stream_name":"stdout","time":851.938281752,"data":"SECONDARY_EDGE_TTA_ACTIVE views= 8 weight= 0.75 mean_abs_feat_delta= 0.24973\n"}
,{"stream_name":"stdout","time":852.364529869,"data":"EDGE_TTA_ACTIVE views= 10 mean_abs_feat_delta= 0.360021\n"}
,{"stream_name":"stdout","time":852.567113565,"data":"EDGE_TTA_ACTIVE views= 10 mean_abs_feat_delta= 0.360021\n"}
,{"stream_name":"stdout","time":853.335352606,"data":"EDGE_TTA_ACTIVE views= 10 mean_abs_feat_delta= 0.330161\n"}
,{"stream_name":"stdout","time":853.361612269,"data":"SECONDARY_EDGE_TTA_ACTIVE views= 8 weight= 0.75 mean_abs_feat_delta= 0.234938\n"}
,{"stream_name":"stdout","time":853.537933625,"data":"EDGE_TTA_ACTIVE views= 10 mean_abs_feat_delta= 0.330161\n"}
,{"stream_name":"stdout","time":853.537968098,"data":"SECONDARY_EDGE_TTA_ACTIVE views= 8 weight= 0.75 mean_abs_feat_delta= 0.234938\n"}
,{"stream_name":"stdout","time":854.380890185,"data":"SECONDARY_EDGE_TTA_ACTIVE views= 8 weight= 0.75 mean_abs_feat_delta= 0.239339\n"}
,{"stream_name":"stdout","time":854.583597032,"data":"SECONDARY_EDGE_TTA_ACTIVE views= 8 weight= 0.75 mean_abs_feat_delta= 0.239339\n"}
,{"stream_name":"stdout","time":854.678704822,"data":"EDGE_TTA_ACTIVE views= 10 mean_abs_feat_delta= 0.357839\n"}
,{"stream_name":"stdout","time":854.881060253,"data":"EDGE_TTA_ACTIVE views= 10 mean_abs_feat_delta= 0.357839\n"}
,{"stream_name":"stdout","time":855.675417344,"data":"SECONDARY_EDGE_TTA_ACTIVE views= 8 weight= 0.75 mean_abs_feat_delta= 0.237752\n"}
,{"stream_name":"stdout","time":855.877841243,"data":"SECONDARY_EDGE_TTA_ACTIVE views= 8 weight= 0.75 mean_abs_feat_delta= 0.237752\n"}
,{"stream_name":"stdout","time":855.977955553,"data":"EDGE_TTA_ACTIVE views= 10 mean_abs_feat_delta= 0.332052\n"}
,{"stream_name":"stdout","time":856.18046012,"data":"EDGE_TTA_ACTIVE views= 10 mean_abs_feat_delta= 0.332052\n"}
,{"stream_name":"stdout","time":856.992354708,"data":"EDGE_TTA_ACTIVE views= 10 mean_abs_feat_delta= 0.355093\n"}
,{"stream_name":"stdout","time":857.024051119,"data":"SECONDARY_EDGE_TTA_ACTIVE views= 8 weight= 0.75 mean_abs_feat_delta= 0.244666\n"}
,{"stream_name":"stdout","time":857.195006187,"data":"EDGE_TTA_ACTIVE views= 10 mean_abs_feat_delta= 0.355093\n"}
,{"stream_name":"stdout","time":857.195040503,"data":"SECONDARY_EDGE_TTA_ACTIVE views= 8 weight= 0.75 mean_abs_feat_delta= 0.244666\n"}
,{"stream_name":"stdout","time":857.988055803,"data":"SECONDARY_EDGE_TTA_ACTIVE views= 8 weight= 0.75 mean_abs_feat_delta= 0.23573\n"}
,{"stream_name":"stdout","time":858.238496453,"data":"SECONDARY_EDGE_TTA_ACTIVE views= 8 weight= 0.75 mean_abs_feat_delta= 0.23573\n"}
,{"stream_name":"stdout","time":858.626378078,"data":"EDGE_TTA_ACTIVE views= 10 mean_abs_feat_delta= 0.334823\n"}
,{"stream_name":"stdout","time":858.829067395,"data":"EDGE_TTA_ACTIVE views= 10 mean_abs_feat_delta= 0.334823\n"}
,{"stream_name":"stdout","time":859.329557705,"data":"EDGE_TTA_ACTIVE views= 10 mean_abs_feat_delta= 0.357941\n"}
,{"stream_name":"stdout","time":859.531939902,"data":"EDGE_TTA_ACTIVE views= 10 mean_abs_feat_delta= 0.357941\n"}
,{"stream_name":"stdout","time":859.671486369,"data":"SECONDARY_EDGE_TTA_ACTIVE views= 8 weight= 0.75 mean_abs_feat_delta= 0.244039\n"}
,{"stream_name":"stdout","time":859.873984367,"data":"SECONDARY_EDGE_TTA_ACTIVE views= 8 weight= 0.75 mean_abs_feat_delta= 0.244039\n"}
,{"stream_name":"stdout","time":860.328126615,"data":"SECONDARY_EDGE_TTA_ACTIVE views= 8 weight= 0.75 mean_abs_feat_delta= 0.235636\n"}
,{"stream_name":"stdout","time":860.530407416,"data":"SECONDARY_EDGE_TTA_ACTIVE views= 8 weight= 0.75 mean_abs_feat_delta= 0.235636\n"}
,{"stream_name":"stdout","time":861.260816988,"data":"EDGE_TTA_ACTIVE views= 10 mean_abs_feat_delta= 0.333544\n"}
,{"stream_name":"stdout","time":861.463270698,"data":"EDGE_TTA_ACTIVE views= 10 mean_abs_feat_delta= 0.333544\n"}
,{"stream_name":"stdout","time":861.660257695,"data":"EDGE_TTA_ACTIVE views= 10 mean_abs_feat_delta= 0.353779\n"}
,{"stream_name":"stdout","time":861.861594595,"data":"EDGE_TTA_ACTIVE views= 10 mean_abs_feat_delta= 0.353779\n"}
,{"stream_name":"stdout","time":862.307538402,"data":"SECONDARY_EDGE_TTA_ACTIVE views= 8 weight= 0.75 mean_abs_feat_delta= 0.245322\n"}
,{"stream_name":"stdout","time":862.51005489,"data":"SECONDARY_EDGE_TTA_ACTIVE views= 8 weight= 0.75 mean_abs_feat_delta= 0.245322\n"}
,{"stream_name":"stdout","time":862.657634101,"data":"SECONDARY_EDGE_TTA_ACTIVE views= 8 weight= 0.75 mean_abs_feat_delta= 0.23299\n"}
,{"stream_name":"stdout","time":862.860278653,"data":"SECONDARY_EDGE_TTA_ACTIVE views= 8 weight= 0.75 mean_abs_feat_delta= 0.23299\n"}
,{"stream_name":"stdout","time":863.896180414,"data":"EDGE_TTA_ACTIVE views= 10 mean_abs_feat_delta= 0.332593\n"}
,{"stream_name":"stdout","time":863.974396525,"data":"EDGE_TTA_ACTIVE views= 10 mean_abs_feat_delta= 0.353794\n"}
,{"stream_name":"stdout","time":864.098793079,"data":"EDGE_TTA_ACTIVE views= 10 mean_abs_feat_delta= 0.332593\n"}
,{"stream_name":"stdout","time":864.098827929,"data":"EDGE_TTA_ACTIVE views= 10 mean_abs_feat_delta= 0.353794\n"}
,{"stream_name":"stdout","time":864.947347137,"data":"SECONDARY_EDGE_TTA_ACTIVE views= 8 weight= 0.75 mean_abs_feat_delta= 0.2464\n"}
,{"stream_name":"stdout","time":864.973236616,"data":"SECONDARY_EDGE_TTA_ACTIVE views= 8 weight= 0.75 mean_abs_feat_delta= 0.232458\n"}
,{"stream_name":"stdout","time":865.149562143,"data":"SECONDARY_EDGE_TTA_ACTIVE views= 8 weight= 0.75 mean_abs_feat_delta= 0.2464\n"}
,{"stream_name":"stdout","time":865.149596013,"data":"SECONDARY_EDGE_TTA_ACTIVE views= 8 weight= 0.75 mean_abs_feat_delta= 0.232458\n"}
,{"stream_name":"stdout","time":866.293203428,"data":"EDGE_TTA_ACTIVE views= 10 mean_abs_feat_delta= 0.355372\n"}
,{"stream_name":"stdout","time":866.495857277,"data":"EDGE_TTA_ACTIVE views= 10 mean_abs_feat_delta= 0.355372\n"}
,{"stream_name":"stdout","time":866.532123386,"data":"EDGE_TTA_ACTIVE views= 10 mean_abs_feat_delta= 0.329312\n"}
,{"stream_name":"stdout","time":866.734668705,"data":"EDGE_TTA_ACTIVE views= 10 mean_abs_feat_delta= 0.329312\n"}
,{"stream_name":"stdout","time":867.292592633,"data":"SECONDARY_EDGE_TTA_ACTIVE views= 8 weight= 0.75 mean_abs_feat_delta= 0.232166\n"}
,{"stream_name":"stdout","time":867.495115696,"data":"SECONDARY_EDGE_TTA_ACTIVE views= 8 weight= 0.75 mean_abs_feat_delta= 0.232166\n"}
,{"stream_name":"stdout","time":867.583898727,"data":"SECONDARY_EDGE_TTA_ACTIVE views= 8 weight= 0.75 mean_abs_feat_delta= 0.244837\n"}
,{"stream_name":"stdout","time":867.786272025,"data":"SECONDARY_EDGE_TTA_ACTIVE views= 8 weight= 0.75 mean_abs_feat_delta= 0.244837\n"}
,{"stream_name":"stdout","time":868.615043572,"data":"EDGE_TTA_ACTIVE views= 10 mean_abs_feat_delta= 0.348763\n"}
,{"stream_name":"stdout","time":868.817788601,"data":"EDGE_TTA_ACTIVE views= 10 mean_abs_feat_delta= 0.348763\n"}
,{"stream_name":"stdout","time":869.215086838,"data":"EDGE_TTA_ACTIVE views= 10 mean_abs_feat_delta= 0.328036\n"}
,{"stream_name":"stdout","time":869.417237946,"data":"EDGE_TTA_ACTIVE views= 10 mean_abs_feat_delta= 0.328036\n"}
,{"stream_name":"stdout","time":869.613693924,"data":"SECONDARY_EDGE_TTA_ACTIVE views= 8 weight= 0.75 mean_abs_feat_delta= 0.232609\n"}
,{"stream_name":"stdout","time":869.816184411,"data":"SECONDARY_EDGE_TTA_ACTIVE views= 8 weight= 0.75 mean_abs_feat_delta= 0.232609\n"}
,{"stream_name":"stdout","time":870.263648931,"data":"SECONDARY_EDGE_TTA_ACTIVE views= 8 weight= 0.75 mean_abs_feat_delta= 0.249715\n"}
,{"stream_name":"stdout","time":870.465850613,"data":"SECONDARY_EDGE_TTA_ACTIVE views= 8 weight= 0.75 mean_abs_feat_delta= 0.249715\n"}
,{"stream_name":"stdout","time":870.951487797,"data":"EDGE_TTA_ACTIVE views= 10 mean_abs_feat_delta= 0.34842\n"}
,{"stream_name":"stdout","time":871.154100939,"data":"EDGE_TTA_ACTIVE views= 10 mean_abs_feat_delta= 0.34842\n"}
,{"stream_name":"stdout","time":871.881752428,"data":"EDGE_TTA_ACTIVE views= 10 mean_abs_feat_delta= 0.328035\n"}
,{"stream_name":"stdout","time":871.951195827,"data":"SECONDARY_EDGE_TTA_ACTIVE views= 8 weight= 0.75 mean_abs_feat_delta= 0.232939\n"}
,{"stream_name":"stdout","time":872.084316866,"data":"EDGE_TTA_ACTIVE views= 10 mean_abs_feat_delta= 0.328035\n"}
,{"stream_name":"stdout","time":872.08438534,"data":"SECONDARY_EDGE_TTA_ACTIVE views= 8 weight= 0.75 mean_abs_feat_delta= 0.232939\n"}
,{"stream_name":"stdout","time":872.932460469,"data":"SECONDARY_EDGE_TTA_ACTIVE views= 8 weight= 0.75 mean_abs_feat_delta= 0.246366\n"}
,{"stream_name":"stdout","time":873.135139032,"data":"SECONDARY_EDGE_TTA_ACTIVE views= 8 weight= 0.75 mean_abs_feat_delta= 0.246366\n"}
,{"stream_name":"stdout","time":873.279268935,"data":"EDGE_TTA_ACTIVE views= 10 mean_abs_feat_delta= 0.352112\n"}
,{"stream_name":"stdout","time":873.481907583,"data":"EDGE_TTA_ACTIVE views= 10 mean_abs_feat_delta= 0.352112\n"}
,{"stream_name":"stdout","time":874.278500576,"data":"SECONDARY_EDGE_TTA_ACTIVE views= 8 weight= 0.75 mean_abs_feat_delta= 0.231872\n"}
,{"stream_name":"stdout","time":874.48113902,"data":"SECONDARY_EDGE_TTA_ACTIVE views= 8 weight= 0.75 mean_abs_feat_delta= 0.231872\n"}
,{"stream_name":"stdout","time":874.533933018,"data":"EDGE_TTA_ACTIVE views= 10 mean_abs_feat_delta= 0.335276\n"}
,{"stream_name":"stdout","time":874.736297177,"data":"EDGE_TTA_ACTIVE views= 10 mean_abs_feat_delta= 0.335276\n"}
,{"stream_name":"stdout","time":875.585114039,"data":"SECONDARY_EDGE_TTA_ACTIVE views= 8 weight= 0.75 mean_abs_feat_delta= 0.250553\n"}
,{"stream_name":"stdout","time":875.599661419,"data":"EDGE_TTA_ACTIVE views= 10 mean_abs_feat_delta= 0.348451\n"}
,{"stream_name":"stdout","time":875.78769069,"data":"SECONDARY_EDGE_TTA_ACTIVE views= 8 weight= 0.75 mean_abs_feat_delta= 0.250553\n"}
,{"stream_name":"stdout","time":875.787721337,"data":"EDGE_TTA_ACTIVE views= 10 mean_abs_feat_delta= 0.348451\n"}
,{"stream_name":"stdout","time":876.600571793,"data":"SECONDARY_EDGE_TTA_ACTIVE views= 8 weight= 0.75 mean_abs_feat_delta= 0.232685\n"}
,{"stream_name":"stdout","time":876.802784727,"data":"SECONDARY_EDGE_TTA_ACTIVE views= 8 weight= 0.75 mean_abs_feat_delta= 0.232685\n"}
,{"stream_name":"stdout","time":877.225017966,"data":"EDGE_TTA_ACTIVE views= 10 mean_abs_feat_delta= 0.337087\n"}
,{"stream_name":"stdout","time":877.427502925,"data":"EDGE_TTA_ACTIVE views= 10 mean_abs_feat_delta= 0.337087\n"}
,{"stream_name":"stdout","time":877.923127881,"data":"EDGE_TTA_ACTIVE views= 10 mean_abs_feat_delta= 0.34625\n"}
,{"stream_name":"stdout","time":878.125540292,"data":"EDGE_TTA_ACTIVE views= 10 mean_abs_feat_delta= 0.34625\n"}
,{"stream_name":"stdout","time":878.277984224,"data":"SECONDARY_EDGE_TTA_ACTIVE views= 8 weight= 0.75 mean_abs_feat_delta= 0.253052\n"}
,{"stream_name":"stdout","time":878.480375487,"data":"SECONDARY_EDGE_TTA_ACTIVE views= 8 weight= 0.75 mean_abs_feat_delta= 0.253052\n"}
,{"stream_name":"stdout","time":878.925949413,"data":"SECONDARY_EDGE_TTA_ACTIVE views= 8 weight= 0.75 mean_abs_feat_delta= 0.233018\n"}
,{"stream_name":"stdout","time":879.128459819,"data":"SECONDARY_EDGE_TTA_ACTIVE views= 8 weight= 0.75 mean_abs_feat_delta= 0.233018\n"}
,{"stream_name":"stdout","time":879.901783083,"data":"EDGE_TTA_ACTIVE views= 10 mean_abs_feat_delta= 0.331792\n"}
,{"stream_name":"stdout","time":880.1042141,"data":"EDGE_TTA_ACTIVE views= 10 mean_abs_feat_delta= 0.331792\n"}
,{"stream_name":"stdout","time":880.265320454,"data":"EDGE_TTA_ACTIVE views= 10 mean_abs_feat_delta= 0.346904\n"}
,{"stream_name":"stdout","time":880.467844184,"data":"EDGE_TTA_ACTIVE views= 10 mean_abs_feat_delta= 0.346904\n"}
,{"stream_name":"stdout","time":880.954647651,"data":"SECONDARY_EDGE_TTA_ACTIVE views= 8 weight= 0.75 mean_abs_feat_delta= 0.249056\n"}
,{"stream_name":"stdout","time":881.157277297,"data":"SECONDARY_EDGE_TTA_ACTIVE views= 8 weight= 0.75 mean_abs_feat_delta= 0.249056\n"}
,{"stream_name":"stdout","time":881.265271774,"data":"SECONDARY_EDGE_TTA_ACTIVE views= 8 weight= 0.75 mean_abs_feat_delta= 0.234885\n"}
,{"stream_name":"stdout","time":881.468377889,"data":"SECONDARY_EDGE_TTA_ACTIVE views= 8 weight= 0.75 mean_abs_feat_delta= 0.234885\n"}
,{"stream_name":"stdout","time":882.552659845,"data":"EDGE_TTA_ACTIVE views= 10 mean_abs_feat_delta= 0.328528\n"}
,{"stream_name":"stdout","time":882.599856081,"data":"EDGE_TTA_ACTIVE views= 10 mean_abs_feat_delta= 0.348692\n"}
,{"stream_name":"stdout","time":882.755209799,"data":"EDGE_TTA_ACTIVE views= 10 mean_abs_feat_delta= 0.328528\n"}
,{"stream_name":"stdout","time":882.755243306,"data":"EDGE_TTA_ACTIVE views= 10 mean_abs_feat_delta= 0.348692\n"}
,{"stream_name":"stdout","time":883.600384505,"data":"SECONDARY_EDGE_TTA_ACTIVE views= 8 weight= 0.75 mean_abs_feat_delta= 0.232744\n"}
,{"stream_name":"stdout","time":883.60602588,"data":"SECONDARY_EDGE_TTA_ACTIVE views= 8 weight= 0.75 mean_abs_feat_delta= 0.249429\n"}
,{"stream_name":"stdout","time":883.8028598,"data":"SECONDARY_EDGE_TTA_ACTIVE views= 8 weight= 0.75 mean_abs_feat_delta= 0.232744\n"}
,{"stream_name":"stdout","time":883.802894452,"data":"SECONDARY_EDGE_TTA_ACTIVE views= 8 weight= 0.75 mean_abs_feat_delta= 0.249429\n"}
,{"stream_name":"stdout","time":884.928813048,"data":"EDGE_TTA_ACTIVE views= 10 mean_abs_feat_delta= 0.352827\n"}
,{"stream_name":"stdout","time":885.131328012,"data":"EDGE_TTA_ACTIVE views= 10 mean_abs_feat_delta= 0.352827\n"}
,{"stream_name":"stdout","time":885.187372325,"data":"EDGE_TTA_ACTIVE views= 10 mean_abs_feat_delta= 0.328207\n"}
,{"stream_name":"stdout","time":885.389772293,"data":"EDGE_TTA_ACTIVE views= 10 mean_abs_feat_delta= 0.328207\n"}
,{"stream_name":"stdout","time":885.930667013,"data":"SECONDARY_EDGE_TTA_ACTIVE views= 8 weight= 0.75 mean_abs_feat_delta= 0.229484\n"}
,{"stream_name":"stdout","time":886.133286266,"data":"SECONDARY_EDGE_TTA_ACTIVE views= 8 weight= 0.75 mean_abs_feat_delta= 0.229484\n"}
,{"stream_name":"stdout","time":886.241217365,"data":"SECONDARY_EDGE_TTA_ACTIVE views= 8 weight= 0.75 mean_abs_feat_delta= 0.246018\n"}
,{"stream_name":"stdout","time":886.443782895,"data":"SECONDARY_EDGE_TTA_ACTIVE views= 8 weight= 0.75 mean_abs_feat_delta= 0.246018\n"}
,{"stream_name":"stdout","time":887.255442195,"data":"EDGE_TTA_ACTIVE views= 10 mean_abs_feat_delta= 0.353937\n"}
,{"stream_name":"stdout","time":887.458062399,"data":"EDGE_TTA_ACTIVE views= 10 mean_abs_feat_delta= 0.353937\n"}
,{"stream_name":"stdout","time":887.850887293,"data":"EDGE_TTA_ACTIVE views= 10 mean_abs_feat_delta= 0.328839\n"}
,{"stream_name":"stdout","time":888.053341739,"data":"EDGE_TTA_ACTIVE views= 10 mean_abs_feat_delta= 0.328839\n"}
,{"stream_name":"stdout","time":888.256707612,"data":"SECONDARY_EDGE_TTA_ACTIVE views= 8 weight= 0.75 mean_abs_feat_delta= 0.231302\n"}
,{"stream_name":"stdout","time":888.516522653,"data":"SECONDARY_EDGE_TTA_ACTIVE views= 8 weight= 0.75 mean_abs_feat_delta= 0.231302\n"}
,{"stream_name":"stdout","time":888.906717206,"data":"SECONDARY_EDGE_TTA_ACTIVE views= 8 weight= 0.75 mean_abs_feat_delta= 0.244333\n"}
,{"stream_name":"stdout","time":889.108914048,"data":"SECONDARY_EDGE_TTA_ACTIVE views= 8 weight= 0.75 mean_abs_feat_delta= 0.244333\n"}
,{"stream_name":"stdout","time":889.607717037,"data":"EDGE_TTA_ACTIVE views= 10 mean_abs_feat_delta= 0.351685\n"}
,{"stream_name":"stdout","time":889.810244402,"data":"EDGE_TTA_ACTIVE views= 10 mean_abs_feat_delta= 0.351685\n"}
,{"stream_name":"stdout","time":890.537590977,"data":"EDGE_TTA_ACTIVE views= 10 mean_abs_feat_delta= 0.328334\n"}
,{"stream_name":"stdout","time":890.609351139,"data":"SECONDARY_EDGE_TTA_ACTIVE views= 8 weight= 0.75 mean_abs_feat_delta= 0.233885\n"}
,{"stream_name":"stdout","time":890.740402037,"data":"EDGE_TTA_ACTIVE views= 10 mean_abs_feat_delta= 0.328334\n"}
,{"stream_name":"stdout","time":890.740459211,"data":"SECONDARY_EDGE_TTA_ACTIVE views= 8 weight= 0.75 mean_abs_feat_delta= 0.233885\n"}
,{"stream_name":"stdout","time":891.589718805,"data":"SECONDARY_EDGE_TTA_ACTIVE views= 8 weight= 0.75 mean_abs_feat_delta= 0.248241\n"}
,{"stream_name":"stdout","time":891.79220527,"data":"SECONDARY_EDGE_TTA_ACTIVE views= 8 weight= 0.75 mean_abs_feat_delta= 0.248241\n"}
,{"stream_name":"stdout","time":891.953183452,"data":"EDGE_TTA_ACTIVE views= 10 mean_abs_feat_delta= 0.352149\n"}
,{"stream_name":"stdout","time":892.155757712,"data":"EDGE_TTA_ACTIVE views= 10 mean_abs_feat_delta= 0.352149\n"}
,{"stream_name":"stdout","time":892.95817097,"data":"SECONDARY_EDGE_TTA_ACTIVE views= 8 weight= 0.75 mean_abs_feat_delta= 0.235923\n"}
,{"stream_name":"stdout","time":893.160793101,"data":"SECONDARY_EDGE_TTA_ACTIVE views= 8 weight= 0.75 mean_abs_feat_delta= 0.235923\n"}
,{"stream_name":"stdout","time":893.208517878,"data":"EDGE_TTA_ACTIVE views= 10 mean_abs_feat_delta= 0.323822\n"}
,{"stream_name":"stdout","time":893.411036581,"data":"EDGE_TTA_ACTIVE views= 10 mean_abs_feat_delta= 0.323822\n"}
,{"stream_name":"stdout","time":894.26298479,"data":"SECONDARY_EDGE_TTA_ACTIVE views= 8 weight= 0.75 mean_abs_feat_delta= 0.239474\n"}
,{"stream_name":"stdout","time":894.307911,"data":"EDGE_TTA_ACTIVE views= 10 mean_abs_feat_delta= 0.350599\n"}
,{"stream_name":"stdout","time":894.465720803,"data":"SECONDARY_EDGE_TTA_ACTIVE views= 8 weight= 0.75 mean_abs_feat_delta= 0.239474\n"}
,{"stream_name":"stdout","time":894.465749547,"data":"EDGE_TTA_ACTIVE views= 10 mean_abs_feat_delta= 0.350599\n"}
,{"stream_name":"stdout","time":895.308246133,"data":"SECONDARY_EDGE_TTA_ACTIVE views= 8 weight= 0.75 mean_abs_feat_delta= 0.236514\n"}
,{"stream_name":"stdout","time":895.510618584,"data":"SECONDARY_EDGE_TTA_ACTIVE views= 8 weight= 0.75 mean_abs_feat_delta= 0.236514\n"}
,{"stream_name":"stdout","time":895.87646824,"data":"EDGE_TTA_ACTIVE views= 10 mean_abs_feat_delta= 0.325642\n"}
,{"stream_name":"stdout","time":896.078779201,"data":"EDGE_TTA_ACTIVE views= 10 mean_abs_feat_delta= 0.325642\n"}
,{"stream_name":"stdout","time":896.670554942,"data":"EDGE_TTA_ACTIVE views= 10 mean_abs_feat_delta= 0.353845\n"}
,{"stream_name":"stdout","time":896.873117189,"data":"EDGE_TTA_ACTIVE views= 10 mean_abs_feat_delta= 0.353845\n"}
,{"stream_name":"stdout","time":896.927370793,"data":"SECONDARY_EDGE_TTA_ACTIVE views= 8 weight= 0.75 mean_abs_feat_delta= 0.247447\n"}
,{"stream_name":"stdout","time":897.129774482,"data":"SECONDARY_EDGE_TTA_ACTIVE views= 8 weight= 0.75 mean_abs_feat_delta= 0.247447\n"}
,{"stream_name":"stdout","time":897.672135187,"data":"SECONDARY_EDGE_TTA_ACTIVE views= 8 weight= 0.75 mean_abs_feat_delta= 0.236886\n"}
,{"stream_name":"stdout","time":897.874357598,"data":"SECONDARY_EDGE_TTA_ACTIVE views= 8 weight= 0.75 mean_abs_feat_delta= 0.236886\n"}
,{"stream_name":"stdout","time":898.540743962,"data":"EDGE_TTA_ACTIVE views= 10 mean_abs_feat_delta= 0.326732\n"}
,{"stream_name":"stdout","time":898.743737701,"data":"EDGE_TTA_ACTIVE views= 10 mean_abs_feat_delta= 0.326732\n"}
,{"stream_name":"stdout","time":899.012570544,"data":"EDGE_TTA_ACTIVE views= 10 mean_abs_feat_delta= 0.354593\n"}
,{"stream_name":"stdout","time":899.215142462,"data":"EDGE_TTA_ACTIVE views= 10 mean_abs_feat_delta= 0.354593\n"}
,{"stream_name":"stdout","time":899.59352577,"data":"SECONDARY_EDGE_TTA_ACTIVE views= 8 weight= 0.75 mean_abs_feat_delta= 0.242876\n"}
,{"stream_name":"stdout","time":899.795734988,"data":"SECONDARY_EDGE_TTA_ACTIVE views= 8 weight= 0.75 mean_abs_feat_delta= 0.242876\n"}
,{"stream_name":"stdout","time":900.013052541,"data":"SECONDARY_EDGE_TTA_ACTIVE views= 8 weight= 0.75 mean_abs_feat_delta= 0.236659\n"}
,{"stream_name":"stdout","time":900.215683343,"data":"SECONDARY_EDGE_TTA_ACTIVE views= 8 weight= 0.75 mean_abs_feat_delta= 0.236659\n"}
,{"stream_name":"stdout","time":901.174636243,"data":"EDGE_TTA_ACTIVE views= 10 mean_abs_feat_delta= 0.328499\n"}
,{"stream_name":"stdout","time":901.360016315,"data":"EDGE_TTA_ACTIVE views= 10 mean_abs_feat_delta= 0.357867\n"}
,{"stream_name":"stdout","time":901.37724216,"data":"EDGE_TTA_ACTIVE views= 10 mean_abs_feat_delta= 0.328499\n"}
,{"stream_name":"stdout","time":901.377263993,"data":"EDGE_TTA_ACTIVE views= 10 mean_abs_feat_delta= 0.357867\n"}
,{"stream_name":"stdout","time":902.228615099,"data":"SECONDARY_EDGE_TTA_ACTIVE views= 8 weight= 0.75 mean_abs_feat_delta= 0.249719\n"}
,{"stream_name":"stdout","time":902.362705555,"data":"SECONDARY_EDGE_TTA_ACTIVE views= 8 weight= 0.75 mean_abs_feat_delta= 0.238038\n"}
,{"stream_name":"stdout","time":902.431328343,"data":"SECONDARY_EDGE_TTA_ACTIVE views= 8 weight= 0.75 mean_abs_feat_delta= 0.249719\n"}
,{"stream_name":"stdout","time":902.431369603,"data":"SECONDARY_EDGE_TTA_ACTIVE views= 8 weight= 0.75 mean_abs_feat_delta= 0.238038\n"}
,{"stream_name":"stdout","time":903.835931252,"data":"EDGE_TTA_ACTIVE views= 10 mean_abs_feat_delta= 0.329569\n"}
,{"stream_name":"stdout","time":904.039012158,"data":"EDGE_TTA_ACTIVE views= 10 mean_abs_feat_delta= 0.329569\n"}
,{"stream_name":"stdout","time":904.888986602,"data":"SECONDARY_EDGE_TTA_ACTIVE views= 8 weight= 0.75 mean_abs_feat_delta= 0.250474\n"}
,{"stream_name":"stdout","time":905.091497734,"data":"SECONDARY_EDGE_TTA_ACTIVE views= 8 weight= 0.75 mean_abs_feat_delta= 0.250474\n"}
,{"stream_name":"stdout","time":906.473063959,"data":"EDGE_TTA_ACTIVE views= 10 mean_abs_feat_delta= 0.33007\n"}
,{"stream_name":"stdout","time":906.675914023,"data":"EDGE_TTA_ACTIVE views= 10 mean_abs_feat_delta= 0.33007\n"}
,{"stream_name":"stdout","time":907.167331691,"data":"Saved 2 predictions to /kaggle/working/tracking_repo/predictions/unknown/unet_transformer_gpu0/split_0\n"}
,{"stream_name":"stdout","time":907.370244229,"data":"Saved 2 predictions to /kaggle/working/tracking_repo/predictions/unknown/unet_transformer_gpu0/split_0\n"}
,{"stream_name":"stdout","time":907.525868518,"data":"SECONDARY_EDGE_TTA_ACTIVE views= 8 weight= 0.75 mean_abs_feat_delta= 0.243806\n"}
,{"stream_name":"stdout","time":907.728366012,"data":"SECONDARY_EDGE_TTA_ACTIVE views= 8 weight= 0.75 mean_abs_feat_delta= 0.243806\n"}
,{"stream_name":"stdout","time":909.191042222,"data":"EDGE_TTA_ACTIVE views= 10 mean_abs_feat_delta= 0.329728\n"}
,{"stream_name":"stdout","time":909.393434004,"data":"EDGE_TTA_ACTIVE views= 10 mean_abs_feat_delta= 0.329728\n"}
,{"stream_name":"stdout","time":910.239135822,"data":"SECONDARY_EDGE_TTA_ACTIVE views= 8 weight= 0.75 mean_abs_feat_delta= 0.245508\n"}
,{"stream_name":"stdout","time":910.441363794,"data":"SECONDARY_EDGE_TTA_ACTIVE views= 8 weight= 0.75 mean_abs_feat_delta= 0.245508\n"}
,{"stream_name":"stdout","time":911.843765046,"data":"EDGE_TTA_ACTIVE views= 10 mean_abs_feat_delta= 0.3169\n"}
,{"stream_name":"stdout","time":912.046024582,"data":"EDGE_TTA_ACTIVE views= 10 mean_abs_feat_delta= 0.3169\n"}
,{"stream_name":"stdout","time":912.89406925,"data":"SECONDARY_EDGE_TTA_ACTIVE views= 8 weight= 0.75 mean_abs_feat_delta= 0.241957\n"}
,{"stream_name":"stdout","time":913.096478089,"data":"SECONDARY_EDGE_TTA_ACTIVE views= 8 weight= 0.75 mean_abs_feat_delta= 0.241957\n"}
,{"stream_name":"stdout","time":914.512173525,"data":"EDGE_TTA_ACTIVE views= 10 mean_abs_feat_delta= 0.318411\n"}
,{"stream_name":"stdout","time":914.714983628,"data":"EDGE_TTA_ACTIVE views= 10 mean_abs_feat_delta= 0.318411\n"}
,{"stream_name":"stdout","time":915.559899282,"data":"SECONDARY_EDGE_TTA_ACTIVE views= 8 weight= 0.75 mean_abs_feat_delta= 0.252361\n"}
,{"stream_name":"stdout","time":915.762147718,"data":"SECONDARY_EDGE_TTA_ACTIVE views= 8 weight= 0.75 mean_abs_feat_delta= 0.252361\n"}
,{"stream_name":"stdout","time":917.158344442,"data":"EDGE_TTA_ACTIVE views= 10 mean_abs_feat_delta= 0.314949\n"}
,{"stream_name":"stdout","time":917.360404013,"data":"EDGE_TTA_ACTIVE views= 10 mean_abs_feat_delta= 0.314949\n"}
,{"stream_name":"stdout","time":918.207156931,"data":"SECONDARY_EDGE_TTA_ACTIVE views= 8 weight= 0.75 mean_abs_feat_delta= 0.245152\n"}
,{"stream_name":"stdout","time":918.409313068,"data":"SECONDARY_EDGE_TTA_ACTIVE views= 8 weight= 0.75 mean_abs_feat_delta= 0.245152\n"}
,{"stream_name":"stdout","time":919.796929517,"data":"EDGE_TTA_ACTIVE views= 10 mean_abs_feat_delta= 0.314114\n"}
,{"stream_name":"stdout","time":920.030240199,"data":"EDGE_TTA_ACTIVE views= 10 mean_abs_feat_delta= 0.314114\n"}
,{"stream_name":"stdout","time":920.846198917,"data":"SECONDARY_EDGE_TTA_ACTIVE views= 8 weight= 0.75 mean_abs_feat_delta= 0.249767\n"}
,{"stream_name":"stdout","time":921.049311786,"data":"SECONDARY_EDGE_TTA_ACTIVE views= 8 weight= 0.75 mean_abs_feat_delta= 0.249767\n"}
,{"stream_name":"stdout","time":922.449400422,"data":"EDGE_TTA_ACTIVE views= 10 mean_abs_feat_delta= 0.316485\n"}
,{"stream_name":"stdout","time":922.651493396,"data":"EDGE_TTA_ACTIVE views= 10 mean_abs_feat_delta= 0.316485\n"}
,{"stream_name":"stdout","time":923.504016348,"data":"SECONDARY_EDGE_TTA_ACTIVE views= 8 weight= 0.75 mean_abs_feat_delta= 0.251085\n"}
,{"stream_name":"stdout","time":923.706430699,"data":"SECONDARY_EDGE_TTA_ACTIVE views= 8 weight= 0.75 mean_abs_feat_delta= 0.251085\n"}
,{"stream_name":"stdout","time":925.086402671,"data":"EDGE_TTA_ACTIVE views= 10 mean_abs_feat_delta= 0.316535\n"}
,{"stream_name":"stdout","time":925.288616531,"data":"EDGE_TTA_ACTIVE views= 10 mean_abs_feat_delta= 0.316535\n"}
,{"stream_name":"stdout","time":926.135017749,"data":"SECONDARY_EDGE_TTA_ACTIVE views= 8 weight= 0.75 mean_abs_feat_delta= 0.239244\n"}
,{"stream_name":"stdout","time":926.337256811,"data":"SECONDARY_EDGE_TTA_ACTIVE views= 8 weight= 0.75 mean_abs_feat_delta= 0.239244\n"}
,{"stream_name":"stdout","time":927.706265763,"data":"EDGE_TTA_ACTIVE views= 10 mean_abs_feat_delta= 0.314438\n"}
,{"stream_name":"stdout","time":927.908388518,"data":"EDGE_TTA_ACTIVE views= 10 mean_abs_feat_delta= 0.314438\n"}
,{"stream_name":"stdout","time":928.752750678,"data":"SECONDARY_EDGE_TTA_ACTIVE views= 8 weight= 0.75 mean_abs_feat_delta= 0.247015\n"}
,{"stream_name":"stdout","time":928.954893912,"data":"SECONDARY_EDGE_TTA_ACTIVE views= 8 weight= 0.75 mean_abs_feat_delta= 0.247015\n"}
,{"stream_name":"stdout","time":930.347833404,"data":"EDGE_TTA_ACTIVE views= 10 mean_abs_feat_delta= 0.315375\n"}
,{"stream_name":"stdout","time":930.550188029,"data":"EDGE_TTA_ACTIVE views= 10 mean_abs_feat_delta= 0.315375\n"}
,{"stream_name":"stdout","time":931.396472874,"data":"SECONDARY_EDGE_TTA_ACTIVE views= 8 weight= 0.75 mean_abs_feat_delta= 0.251849\n"}
,{"stream_name":"stdout","time":931.598758015,"data":"SECONDARY_EDGE_TTA_ACTIVE views= 8 weight= 0.75 mean_abs_feat_delta= 0.251849\n"}
,{"stream_name":"stdout","time":932.976188768,"data":"EDGE_TTA_ACTIVE views= 10 mean_abs_feat_delta= 0.318177\n"}
,{"stream_name":"stdout","time":933.178438733,"data":"EDGE_TTA_ACTIVE views= 10 mean_abs_feat_delta= 0.318177\n"}
,{"stream_name":"stdout","time":934.02220771,"data":"SECONDARY_EDGE_TTA_ACTIVE views= 8 weight= 0.75 mean_abs_feat_delta= 0.251093\n"}
,{"stream_name":"stdout","time":934.224563652,"data":"SECONDARY_EDGE_TTA_ACTIVE views= 8 weight= 0.75 mean_abs_feat_delta= 0.251093\n"}
,{"stream_name":"stdout","time":935.587807186,"data":"EDGE_TTA_ACTIVE views= 10 mean_abs_feat_delta= 0.319783\n"}
,{"stream_name":"stdout","time":935.790035521,"data":"EDGE_TTA_ACTIVE views= 10 mean_abs_feat_delta= 0.319783\n"}
,{"stream_name":"stdout","time":936.635401884,"data":"SECONDARY_EDGE_TTA_ACTIVE views= 8 weight= 0.75 mean_abs_feat_delta= 0.244661\n"}
,{"stream_name":"stdout","time":936.837687965,"data":"SECONDARY_EDGE_TTA_ACTIVE views= 8 weight= 0.75 mean_abs_feat_delta= 0.244661\n"}
,{"stream_name":"stdout","time":938.224082048,"data":"EDGE_TTA_ACTIVE views= 10 mean_abs_feat_delta= 0.319297\n"}
,{"stream_name":"stdout","time":938.426233766,"data":"EDGE_TTA_ACTIVE views= 10 mean_abs_feat_delta= 0.319297\n"}
,{"stream_name":"stdout","time":939.272052223,"data":"SECONDARY_EDGE_TTA_ACTIVE views= 8 weight= 0.75 mean_abs_feat_delta= 0.243635\n"}
,{"stream_name":"stdout","time":939.474209493,"data":"SECONDARY_EDGE_TTA_ACTIVE views= 8 weight= 0.75 mean_abs_feat_delta= 0.243635\n"}
,{"stream_name":"stdout","time":940.837885586,"data":"EDGE_TTA_ACTIVE views= 10 mean_abs_feat_delta= 0.319427\n"}
,{"stream_name":"stdout","time":941.041016834,"data":"EDGE_TTA_ACTIVE views= 10 mean_abs_feat_delta= 0.319427\n"}
,{"stream_name":"stdout","time":941.881482274,"data":"SECONDARY_EDGE_TTA_ACTIVE views= 8 weight= 0.75 mean_abs_feat_delta= 0.248058\n"}
,{"stream_name":"stdout","time":942.083585006,"data":"SECONDARY_EDGE_TTA_ACTIVE views= 8 weight= 0.75 mean_abs_feat_delta= 0.248058\n"}
,{"stream_name":"stdout","time":1024.848876505,"data":"Saved 2 predictions to /kaggle/working/tracking_repo/predictions/unknown/unet_transformer_gpu1/split_0\n"}
,{"stream_name":"stdout","time":1025.088631085,"data":"Saved 2 predictions to /kaggle/working/tracking_repo/predictions/unknown/unet_transformer_gpu1/split_0\n"}
,{"stream_name":"stdout","time":1027.397378767,"data":"Merged 4 prediction graphs into /kaggle/working/tracking_repo/predictions/unknown/unet_transformer/split_0\n"}
,{"stream_name":"stdout","time":1027.39742075,"data":"Prediction completed in 10.35 minutes\n"}
,{"stream_name":"stdout","time":1027.968007823,"data":"Trying DeepCenter add-only gate checkpoint: /kaggle/input/datasets/pilkwang/biohub-deepcenter-unet3d-center-prior-v1/weights/full_frame_center/best.pt\n"}
,{"stream_name":"stdout","time":1028.275149631,"data":"Loaded DeepCenter add-only gate checkpoint: /kaggle/input/datasets/pilkwang/biohub-deepcenter-unet3d-center-prior-v1/weights/full_frame_center/best.pt\n"}
,{"stream_name":"stdout","time":1028.27518862,"data":"DeepCenter checkpoint epoch: 2 best_score: -0.04500306242456039\n"}
,{"stream_name":"stdout","time":1028.275196328,"data":"Loading DivNet checkpoint from direct path: /kaggle/input/datasets/giorgosi/biohub-divnet-v2/best_overall.pt\n"}
,{"stream_name":"stdout","time":1028.275202628,"data":"[OK] DivNet loaded successfully from /kaggle/input/datasets/giorgosi/biohub-divnet-v2/best_overall.pt\n"}
,{"stream_name":"stdout","time":1028.275208821,"data":"Found 4 prediction graphs\n"}
,{"stream_name":"stdout","time":1028.275214859,"data":"Executing parallel post-processing across 4 datasets (ThreadPoolExecutor max_workers=4)...\n"}
,{"stream_name":"stdout","time":1029.320424303,"data":"  [6bba_05b6850b] Density Group: LOW -\u003e tight=7.25um, relaxed=11.0um, bonus=3.0\n"}
,{"stream_name":"stdout","time":1029.762488587,"data":"  [44b6_0b24845f] Density Group: MIDDLE -\u003e tight=6.5um, relaxed=9.0um, bonus=6.0\n"}
,{"stream_name":"stdout","time":1029.762522875,"data":"  [44b6_0113de3b] Density Group: MIDDLE -\u003e tight=6.5um, relaxed=9.0um, bonus=6.0\n"}
,{"stream_name":"stdout","time":1031.194621441,"data":"  [6bba_05db0fb1] Density Group: HIGH -\u003e tight=5.5um, relaxed=10.0um, bonus=1.0\n"}
,{"stream_name":"stdout","time":1056.019086224,"data":"  [6bba_05b6850b] after edge-filter+motion-relink: 6332 nodes, 6075 edges\n"}
,{"stream_name":"stdout","time":1064.652357503,"data":"DEEPCENTER_TTA_ACTIVE views= 8 mean_abs_logit_delta= 0.139295\n"}
,{"stream_name":"stdout","time":1068.185466971,"data":"  [6bba_05b6850b] after gap-closing (single-frame + gap2): 6359 nodes, 6125 edges\n"}
,{"stream_name":"stdout","time":1116.867503545,"data":"  [6bba_05b6850b] after safe-division repair: 6359 nodes, 6135 edges (geometric_candidates=22, deepcenter_rejected=11, post_veto_candidates=11, added=10, cap_skipped=0, mutual_nn_rejected=7, divergence_rejected=73)\n"}
,{"stream_name":"stdout","time":1116.867582218,"data":"  [6bba_05b6850b] after division-geometry-filter+prune-isolated: 6359 nodes, 6135 edges\n"}
,{"stream_name":"stdout","time":1116.867593388,"data":"  [6bba_05b6850b] after short-track filtering: 6216 nodes, 6024 edges (components_removed=32)\n"}
,{"stream_name":"stdout","time":1118.987026978,"data":"  [6bba_05b6850b] after kinematic-filter (low): 6024 edges (severed=0)\n"}
,{"stream_name":"stdout","time":1118.987066861,"data":"  [6bba_05b6850b] after spline-gap-closing: 6228 nodes, 6040 edges (gaps_closed=4)\n"}
,{"stream_name":"stderr","time":1119.098260346,"data":"/tmp/ipykernel_23/231235102.py:47: RuntimeWarning: invalid value encountered in divide\n"}
,{"stream_name":"stderr","time":1119.098305099,"data":"  cos_theta = np.where(valid_vel, dot / (norm_vel * norm_curr), 0.0)\n"}
,{"stream_name":"stderr","time":1119.098313322,"data":"\n"}
,{"stream_name":"stderr","time":1119.098318963,"data":"/tmp/ipykernel_23/231235102.py:47: RuntimeWarning: invalid value encountered in divide\n"}
,{"stream_name":"stderr","time":1119.098323866,"data":"  cos_theta = np.where(valid_vel, dot / (norm_vel * norm_curr), 0.0)\n"}
,{"stream_name":"stdout","time":1125.686377443,"data":"  [6bba_05b6850b] after temporal-refinement: 6040 -\u003e 6030 edges\n"}
,{"stream_name":"stdout","time":1125.686422642,"data":"  [6bba_05b6850b] FINAL: 6228 nodes, 6030 edges\n"}
,{"stream_name":"stdout","time":1125.686428492,"data":"  [6bba_05b6850b] post-process done: 6228 nodes, 6030 edges, 0 divisions\n"}
,{"stream_name":"stdout","time":1272.385726418,"data":"  [44b6_0b24845f] after edge-filter+motion-relink: 22839 nodes, 20631 edges\n"}
,{"stream_name":"stdout","time":1306.911384855,"data":"  [44b6_0113de3b] after edge-filter+motion-relink: 25730 nodes, 24811 edges\n"}
,{"stream_name":"stdout","time":1318.003828064,"data":"  [44b6_0113de3b] after gap-closing (single-frame + gap2): 25802 nodes, 24944 edges\n"}
,{"stream_name":"stdout","time":1319.586936915,"data":"  [44b6_0b24845f] after gap-closing (single-frame + gap2): 23272 nodes, 21423 edges\n"}
,{"stream_name":"stdout","time":1375.443761537,"data":"  [44b6_0b24845f] after safe-division repair: 23272 nodes, 21436 edges (geometric_candidates=215, deepcenter_rejected=201, post_veto_candidates=14, added=13, cap_skipped=0, mutual_nn_rejected=61, divergence_rejected=918)\n"}
,{"stream_name":"stdout","time":1375.443812821,"data":"  [44b6_0b24845f] after division-geometry-filter+prune-isolated: 23255 nodes, 21436 edges\n"}
,{"stream_name":"stdout","time":1375.443820883,"data":"  [44b6_0b24845f] after short-track filtering: 21024 nodes, 19714 edges (components_removed=509)\n"}
,{"stream_name":"stdout","time":1381.74715593,"data":"  [44b6_0113de3b] after safe-division repair: 25802 nodes, 24985 edges (geometric_candidates=167, deepcenter_rejected=116, post_veto_candidates=51, added=41, cap_skipped=0, mutual_nn_rejected=74, divergence_rejected=560)\n"}
,{"stream_name":"stdout","time":1381.747221324,"data":"  [44b6_0113de3b] after division-geometry-filter+prune-isolated: 25796 nodes, 24985 edges\n"}
,{"stream_name":"stdout","time":1381.747228878,"data":"  [44b6_0113de3b] after short-track filtering: 25521 nodes, 24775 edges (components_removed=65)\n"}
,{"stream_name":"stdout","time":1383.487548622,"data":"  [44b6_0b24845f] after kinematic-filter (middle): 19714 edges (severed=0)\n"}
,{"stream_name":"stdout","time":1387.047416063,"data":"  [44b6_0b24845f] after spline-gap-closing: 21173 nodes, 19919 edges (gaps_closed=56)\n"}
,{"stream_name":"stdout","time":1390.658677686,"data":"  [44b6_0113de3b] after kinematic-filter (middle): 24775 edges (severed=0)\n"}
,{"stream_name":"stdout","time":1390.938494369,"data":"  [44b6_0113de3b] after spline-gap-closing: 25539 nodes, 24799 edges (gaps_closed=6)\n"}
,{"stream_name":"stdout","time":1392.274579325,"data":"  [44b6_0b24845f] after temporal-refinement: 19919 -\u003e 19905 edges\n"}
,{"stream_name":"stdout","time":1392.274650598,"data":"  [44b6_0b24845f] FINAL: 21173 nodes, 19905 edges\n"}
,{"stream_name":"stdout","time":1392.274657771,"data":"  [44b6_0b24845f] post-process done: 21173 nodes, 19905 edges, 0 divisions\n"}
,{"stream_name":"stdout","time":1393.043630292,"data":"  [44b6_0113de3b] after temporal-refinement: 24799 -\u003e 24758 edges\n"}
,{"stream_name":"stdout","time":1393.043667525,"data":"  [44b6_0113de3b] FINAL: 25539 nodes, 24758 edges\n"}
,{"stream_name":"stdout","time":1393.043701381,"data":"  [44b6_0113de3b] post-process done: 25539 nodes, 24758 edges, 0 divisions\n"}
,{"stream_name":"stdout","time":1492.741135717,"data":"  [6bba_05db0fb1] after edge-filter+motion-relink: 70346 nodes, 67654 edges\n"}
,{"stream_name":"stdout","time":1503.511268055,"data":"  [6bba_05db0fb1] after gap-closing (single-frame + gap2): 70747 nodes, 68403 edges\n"}
,{"stream_name":"stdout","time":1531.237959808,"data":"  [6bba_05db0fb1] after safe-division repair: 70747 nodes, 68429 edges (geometric_candidates=313, deepcenter_rejected=282, post_veto_candidates=31, added=26, cap_skipped=0, mutual_nn_rejected=254, divergence_rejected=2637)\n"}
,{"stream_name":"stdout","time":1531.238034777,"data":"  [6bba_05db0fb1] after division-geometry-filter+prune-isolated: 70717 nodes, 68429 edges\n"}
,{"stream_name":"stdout","time":1531.439099264,"data":"  [6bba_05db0fb1] after short-track filtering: 69842 nodes, 67757 edges (components_removed=203)\n"}
,{"stream_name":"stdout","time":1545.635524946,"data":"  [6bba_05db0fb1] after kinematic-filter (high): 67757 edges (severed=0)\n"}
,{"stream_name":"stdout","time":1546.08055117,"data":"  [6bba_05db0fb1] after spline-gap-closing: 69999 nodes, 67973 edges (gaps_closed=59)\n"}
,{"stream_name":"stdout","time":1552.484043436,"data":"  [6bba_05db0fb1] after temporal-refinement: 67973 -\u003e 67958 edges\n"}
,{"stream_name":"stdout","time":1552.484108716,"data":"  [6bba_05db0fb1] FINAL: 69999 nodes, 67958 edges\n"}
,{"stream_name":"stdout","time":1552.484117574,"data":"  [6bba_05db0fb1] post-process done: 69999 nodes, 67958 edges, 0 divisions\n"}
,{"stream_name":"stdout","time":1553.686040117,"data":"Executing strict multi-point submission validation...\n"}
,{"stream_name":"stdout","time":1553.732523668,"data":"[PASS] 100% strict submission validation checks passed successfully!\n"}
,{"stream_name":"stdout","time":1553.732560204,"data":"Wrote /kaggle/working/submission.csv with 241,590 rows\n"}
,{"stream_name":"stdout","time":1553.732565953,"data":"Node rows: 122,939 | edge rows: 118,651\n"}
,{"stream_name":"stdout","time":1553.732570971,"data":"Wrote /kaggle/working/run_stats.csv\n"}
,{"stream_name":"stdout","time":1554.60560339,"data":"{\n"}
,{"stream_name":"stdout","time":1554.605670701,"data":"  \"configuration\": {\n"}
,{"stream_name":"stdout","time":1554.605679965,"data":"    \"bidirectional_primary_weight\": 0.3,\n"}
,{"stream_name":"stdout","time":1554.605721447,"data":"    \"deepcenter_gap_confirm_min_span_um\": 8.5,\n"}
,{"stream_name":"stdout","time":1554.60572879,"data":"    \"deepcenter_gap_threshold\": 0.25,\n"}
,{"stream_name":"stdout","time":1554.605735478,"data":"    \"detector_threshold\": 0.96875,\n"}
,{"stream_name":"stdout","time":1554.605741419,"data":"    \"edge_candidate_threshold\": 0.48,\n"}
,{"stream_name":"stdout","time":1554.605764058,"data":"    \"fallback_scope\": \"individual_frame\",\n"}
,{"stream_name":"stdout","time":1554.605783549,"data":"    \"gap_close_um\": 5.8,\n"}
,{"stream_name":"stdout","time":1554.605788499,"data":"    \"ilp_appearance_weight\": 0.0,\n"}
,{"stream_name":"stdout","time":1554.605793258,"data":"    \"ilp_disappearance_weight\": 1.5,\n"}
,{"stream_name":"stdout","time":1554.60579762,"data":"    \"minimum_candidate_retention\": 0.9,\n"}
,{"stream_name":"stdout","time":1554.605802165,"data":"    \"secondary_detection_weight\": 0.475,\n"}
,{"stream_name":"stdout","time":1554.605806816,"data":"    \"secondary_edge_weight\": 0.15,\n"}
,{"stream_name":"stdout","time":1554.605811561,"data":"    \"secondary_link_mode\": \"low_margin_consensus\",\n"}
,{"stream_name":"stdout","time":1554.605816262,"data":"    \"secondary_low_margin_max\": 0.35\n"}
,{"stream_name":"stdout","time":1554.605820894,"data":"  },\n"}
,{"stream_name":"stdout","time":1554.605825264,"data":"  \"diagnostics\": {\n"}
,{"stream_name":"stdout","time":1554.605841614,"data":"    \"by_movie\": {\n"}
,{"stream_name":"stdout","time":1554.605846459,"data":"      \"44b6_0113de3b\": {\n"}
,{"stream_name":"stdout","time":1554.60585112,"data":"        \"fallback_frames\": 0,\n"}
,{"stream_name":"stdout","time":1554.605855674,"data":"        \"frames\": 100,\n"}
,{"stream_name":"stdout","time":1554.60586029,"data":"        \"median_retention\": 1.0072478991596638,\n"}
,{"stream_name":"stdout","time":1554.60586493,"data":"        \"minimum_retention\": 0.9853479853479854\n"}
,{"stream_name":"stdout","time":1554.605869561,"data":"      },\n"}
,{"stream_name":"stdout","time":1554.60587405,"data":"      \"44b6_0b24845f\": {\n"}
,{"stream_name":"stdout","time":1554.605878696,"data":"        \"fallback_frames\": 69,\n"}
,{"stream_name":"stdout","time":1554.60588292,"data":"        \"frames\": 100,\n"}
,{"stream_name":"stdout","time":1554.605887327,"data":"        \"median_retention\": 0.8552717038319984,\n"}
,{"stream_name":"stdout","time":1554.60589185,"data":"        \"minimum_retention\": 0.38288288288288286\n"}
,{"stream_name":"stdout","time":1554.605896644,"data":"      },\n"}
,{"stream_name":"stdout","time":1554.605900997,"data":"      \"6bba_05b6850b\": {\n"}
,{"stream_name":"stdout","time":1554.60590554,"data":"        \"fallback_frames\": 1,\n"}
,{"stream_name":"stdout","time":1554.605910014,"data":"        \"frames\": 100,\n"}
,{"stream_name":"stdout","time":1554.605914698,"data":"        \"median_retention\": 1.0,\n"}
,{"stream_name":"stdout","time":1554.605919057,"data":"        \"minimum_retention\": 0.88\n"}
,{"stream_name":"stdout","time":1554.60592382,"data":"      },\n"}
,{"stream_name":"stdout","time":1554.605928081,"data":"      \"6bba_05db0fb1\": {\n"}
,{"stream_name":"stdout","time":1554.60593241,"data":"        \"fallback_frames\": 0,\n"}
,{"stream_name":"stdout","time":1554.605937205,"data":"        \"frames\": 100,\n"}
,{"stream_name":"stdout","time":1554.60594167,"data":"        \"median_retention\": 1.0057314119144394,\n"}
,{"stream_name":"stdout","time":1554.605946285,"data":"        \"minimum_retention\": 0.9633967789165446\n"}
,{"stream_name":"stdout","time":1554.605950967,"data":"      }\n"}
,{"stream_name":"stdout","time":1554.605955461,"data":"    },\n"}
,{"stream_name":"stdout","time":1554.605959924,"data":"    \"fallback_frames\": 70,\n"}
,{"stream_name":"stdout","time":1554.605964337,"data":"    \"rows\": 400\n"}
,{"stream_name":"stdout","time":1554.605968281,"data":"  },\n"}
,{"stream_name":"stdout","time":1554.605972588,"data":"  \"experiment\": \"harmonic_bidirectional_association_v1\",\n"}
,{"stream_name":"stdout","time":1554.605983572,"data":"  \"hardware\": {\n"}
,{"stream_name":"stdout","time":1554.605988342,"data":"    \"visible_gpu_count\": 2\n"}
,{"stream_name":"stdout","time":1554.605993005,"data":"  },\n"}
,{"stream_name":"stdout","time":1554.605997431,"data":"  \"leaderboard_feedback_used_for_configuration\": true,\n"}
,{"stream_name":"stdout","time":1554.606002214,"data":"  \"method_attribution\": \"fixed-90 dual-seed baseline with harmonic mutual-support association fusion (rule from public CC0 notebook yusuketogashi/no-hack-biohub-cell-another-approch-3rd v18)\",\n"}
,{"stream_name":"stdout","time":1554.606010662,"data":"  \"metric_hack_used\": false,\n"}
,{"stream_name":"stdout","time":1554.606015315,"data":"  \"organizer_labels_used_for_configuration\": false,\n"}
,{"stream_name":"stdout","time":1554.606019983,"data":"  \"parent_experiment\": \"paired_bidirectional_primary_weight020_vs_forward_v1\",\n"}
,{"stream_name":"stdout","time":1554.606024738,"data":"  \"public_output_used\": false,\n"}
,{"stream_name":"stdout","time":1554.606029322,"data":"  \"quality_promotion\": {\n"}
,{"stream_name":"stdout","time":1554.606034028,"data":"    \"execute_push_submit\": \"FORBIDDEN_UNTIL_REQUIRED_CONDITION\",\n"}
,{"stream_name":"stdout","time":1554.606041238,"data":"    \"required_condition\": \"promote=true\",\n"}
,{"stream_name":"stdout","time":1554.606048159,"data":"    \"required_receipt\": \"bidirectional_blend_union13_receipt.json\",\n"}
,{"stream_name":"stdout","time":1554.606053167,"data":"    \"status\": \"candidate_unverified\",\n"}
,{"stream_name":"stdout","time":1554.606057758,"data":"    \"validated_receipt_sha256\": null\n"}
,{"stream_name":"stdout","time":1554.606062435,"data":"  },\n"}
,{"stream_name":"stdout","time":1554.606066838,"data":"  \"source_kernel\": \"raykkretzschmar/biohub-bidirectional-primary-union13-diagnostic-v1\",\n"}
,{"stream_name":"stdout","time":1554.606071637,"data":"  \"source_notebook_sha256\": \"3e65ca691941949196bf417030ea84fccafe16baaec174b2a63540451bb937e8\",\n"}
,{"stream_name":"stdout","time":1554.606076385,"data":"  \"status\": \"clean_graph_audit_pass_candidate_unverified_quality\",\n"}
,{"stream_name":"stdout","time":1554.606081114,"data":"  \"submission\": {\n"}
,{"stream_name":"stdout","time":1554.606085592,"data":"    \"datasets\": [\n"}
,{"stream_name":"stdout","time":1554.606090104,"data":"      \"44b6_0113de3b\",\n"}
,{"stream_name":"stdout","time":1554.606094716,"data":"      \"44b6_0b24845f\",\n"}
,{"stream_name":"stdout","time":1554.606099149,"data":"      \"6bba_05b6850b\",\n"}
,{"stream_name":"stdout","time":1554.606103279,"data":"      \"6bba_05db0fb1\"\n"}
,{"stream_name":"stdout","time":1554.606107721,"data":"    ],\n"}
,{"stream_name":"stdout","time":1554.606113384,"data":"    \"rows\": 241590,\n"}
,{"stream_name":"stdout","time":1554.606118057,"data":"    \"sha256\": \"a5c32ae716bb37bdecbc70afcdf1c32f0983ed49ecae617808f6004448a85886\"\n"}
,{"stream_name":"stdout","time":1554.606122897,"data":"  },\n"}
,{"stream_name":"stdout","time":1554.606127191,"data":"  \"topology\": {\n"}
,{"stream_name":"stdout","time":1554.606131705,"data":"    \"44b6_0113de3b\": {\n"}
,{"stream_name":"stdout","time":1554.606136436,"data":"      \"division_parents\": 0,\n"}
,{"stream_name":"stdout","time":1554.606140955,"data":"      \"edges\": 24758,\n"}
,{"stream_name":"stdout","time":1554.606145166,"data":"      \"max_indegree\": 1,\n"}
,{"stream_name":"stdout","time":1554.606149811,"data":"      \"max_outdegree\": 1,\n"}
,{"stream_name":"stdout","time":1554.606160934,"data":"      \"nodes\": 25539\n"}
,{"stream_name":"stdout","time":1554.606170292,"data":"    },\n"}
,{"stream_name":"stdout","time":1554.606174657,"data":"    \"44b6_0b24845f\": {\n"}
,{"stream_name":"stdout","time":1554.606179181,"data":"      \"division_parents\": 0,\n"}
,{"stream_name":"stdout","time":1554.606183863,"data":"      \"edges\": 19905,\n"}
,{"stream_name":"stdout","time":1554.606188397,"data":"      \"max_indegree\": 1,\n"}
,{"stream_name":"stdout","time":1554.606192867,"data":"      \"max_outdegree\": 1,\n"}
,{"stream_name":"stdout","time":1554.606197494,"data":"      \"nodes\": 21173\n"}
,{"stream_name":"stdout","time":1554.606202102,"data":"    },\n"}
,{"stream_name":"stdout","time":1554.6062067,"data":"    \"6bba_05b6850b\": {\n"}
,{"stream_name":"stdout","time":1554.606211344,"data":"      \"division_parents\": 0,\n"}
,{"stream_name":"stdout","time":1554.60621587,"data":"      \"edges\": 6030,\n"}
,{"stream_name":"stdout","time":1554.606220297,"data":"      \"max_indegree\": 1,\n"}
,{"stream_name":"stdout","time":1554.606224785,"data":"      \"max_outdegree\": 1,\n"}
,{"stream_name":"stdout","time":1554.60622941,"data":"      \"nodes\": 6228\n"}
,{"stream_name":"stdout","time":1554.606234302,"data":"    },\n"}
,{"stream_name":"stdout","time":1554.606238498,"data":"    \"6bba_05db0fb1\": {\n"}
,{"stream_name":"stdout","time":1554.606243078,"data":"      \"division_parents\": 0,\n"}
,{"stream_name":"stdout","time":1554.60624735,"data":"      \"edges\": 67958,\n"}
,{"stream_name":"stdout","time":1554.606251744,"data":"      \"max_indegree\": 1,\n"}
,{"stream_name":"stdout","time":1554.60625628,"data":"      \"max_outdegree\": 1,\n"}
,{"stream_name":"stdout","time":1554.606260803,"data":"      \"nodes\": 69999\n"}
,{"stream_name":"stdout","time":1554.606265341,"data":"    }\n"}
,{"stream_name":"stdout","time":1554.606270049,"data":"  }\n"}
,{"stream_name":"stdout","time":1554.606274378,"data":"}\n"}
,{"stream_name":"stdout","time":1555.147738598,"data":"Total submission rows: 241,590\n"}
,{"stream_name":"stderr","time":1560.560435746,"data":"/usr/local/lib/python3.12/dist-packages/mistune.py:435: SyntaxWarning: invalid escape sequence '\\|'\n"}
,{"stream_name":"stderr","time":1560.560466071,"data":"  cells[i][c] = re.sub('\\\\\\\\\\|', '|', cell)\n"}
,{"stream_name":"stderr","time":1560.71229193,"data":"/usr/local/lib/python3.12/dist-packages/nbconvert/filters/filter_links.py:36: SyntaxWarning: invalid escape sequence '\\_'\n"}
,{"stream_name":"stderr","time":1560.712315802,"data":"  text = re.sub(r'_', '\\_', text) # Escape underscores in display text\n"}
,{"stream_name":"stderr","time":1561.561821114,"data":"[NbConvertApp] Converting notebook __notebook__.ipynb to notebook\n"}
,{"stream_name":"stderr","time":1561.954102818,"data":"[NbConvertApp] Writing 494829 bytes to __notebook__.ipynb\n"}
,{"stream_name":"stderr","time":1564.479081107,"data":"[NbConvertApp] Converting notebook __notebook__.ipynb to html\n"}
,{"stream_name":"stderr","time":1566.002054599,"data":"[NbConvertApp] Support files will be in __results___files/\n"}
,{"stream_name":"stderr","time":1566.002086811,"data":"[NbConvertApp] Making directory __results___files\n"}
,{"stream_name":"stderr","time":1566.00255692,"data":"[NbConvertApp] Writing 1229000 bytes to __results__.html\n"}
]