[{"stream_name":"stderr","time":11.287735907,"data":"0.00s - Debugger warning: It seems that frozen modules are being used, which may\n"}
,{"stream_name":"stderr","time":11.287793958,"data":"0.00s - make the debugger miss breakpoints. Please pass -Xfrozen_modules=off\n"}
,{"stream_name":"stderr","time":11.28780079,"data":"0.00s - to python to disable frozen modules.\n"}
,{"stream_name":"stderr","time":11.28780525,"data":"0.00s - Note: Debugging will proceed. Set PYDEVD_DISABLE_FILE_VALIDATION=1 to disable this validation.\n"}
,{"stream_name":"stderr","time":12.056348158,"data":"0.00s - Debugger warning: It seems that frozen modules are being used, which may\n"}
,{"stream_name":"stderr","time":12.056380799,"data":"0.00s - make the debugger miss breakpoints. Please pass -Xfrozen_modules=off\n"}
,{"stream_name":"stderr","time":12.056384824,"data":"0.00s - to python to disable frozen modules.\n"}
,{"stream_name":"stderr","time":12.056387549,"data":"0.00s - Note: Debugging will proceed. Set PYDEVD_DISABLE_FILE_VALIDATION=1 to disable this validation.\n"}
,{"stream_name":"stdout","time":13.402416711,"data":"BIOHUB_PRESET: harmonic_v3_division_wide\n"}
,{"stream_name":"stdout","time":13.402448952,"data":"BIOHUB_SCORE_AXIS: public 0.939 base + holdout-selected post-process configuration\n"}
,{"stream_name":"stdout","time":13.437661996,"data":"Configuration guard: PASS\n"}
,{"stream_name":"stdout","time":13.437686924,"data":"Baseline: fixed-90 dual-seed clean pipeline (public LB 0.913)\n"}
,{"stream_name":"stdout","time":13.437692433,"data":"Single model-level change: harmonic mutual-support association fusion\n"}
,{"stream_name":"stdout","time":13.437696283,"data":"Reverse-time association weight: 0.200\n"}
,{"stream_name":"stdout","time":14.92629533,"data":"Biohub learned UNet + node-transformer + ILP submission\n"}
,{"stream_name":"stdout","time":14.926324986000001,"data":"COMP_DIR: /kaggle/input/competitions/biohub-cell-tracking-during-development exists: True\n"}
,{"stream_name":"stdout","time":14.926330167,"data":"TEST_DIR: /kaggle/input/competitions/biohub-cell-tracking-during-development/test exists: True\n"}
,{"stream_name":"stdout","time":14.926350532,"data":"{\n"}
,{"stream_name":"stdout","time":14.926354984,"data":"  \"adaptive_short_track_rescue\": true,\n"}
,{"stream_name":"stdout","time":14.92635889,"data":"  \"allow_artifact_fallback\": false,\n"}
,{"stream_name":"stdout","time":14.926362389,"data":"  \"allow_pip_install\": false,\n"}
,{"stream_name":"stdout","time":14.926366246,"data":"  \"deepcenter_checkpoint_default\": \"/kaggle/input/biohub-deepcenter-unet3d-center-prior-v1/weights/full_frame_center/best.pt\",\n"}
,{"stream_name":"stdout","time":14.926371132,"data":"  \"deepcenter_expected_epoch\": 2,\n"}
,{"stream_name":"stdout","time":14.926374629,"data":"  \"deepcenter_gap_add_gate\": true,\n"}
,{"stream_name":"stdout","time":14.926378165,"data":"  \"deepcenter_gap_confirm_min_span_um\": 8.5,\n"}
,{"stream_name":"stdout","time":14.926382059,"data":"  \"deepcenter_gap_threshold\": 0.25,\n"}
,{"stream_name":"stdout","time":14.926386117,"data":"  \"deepcenter_safe_div_add_gate\": true,\n"}
,{"stream_name":"stdout","time":14.926389701,"data":"  \"deepcenter_safe_div_threshold\": 0.25,\n"}
,{"stream_name":"stdout","time":14.926392964,"data":"  \"det_threshold\": 0.965,\n"}
,{"stream_name":"stdout","time":14.926396509,"data":"  \"div_drop_to_single_if_bad\": true,\n"}
,{"stream_name":"stdout","time":14.92640005,"data":"  \"div_parent_max_um\": 10.5,\n"}
,{"stream_name":"stdout","time":14.926403544,"data":"  \"div_sister_max_um\": 8.0,\n"}
,{"stream_name":"stdout","time":14.926407182,"data":"  \"experiment_tag\": \"selected_101_dual_seed_near_balanced_center_confirmed_synthetic_gap\",\n"}
,{"stream_name":"stdout","time":14.926422928000001,"data":"  \"gap2_frame_frac_cap\": 0.006,\n"}
,{"stream_name":"stdout","time":14.926427062,"data":"  \"gap2_max_links_abs\": 180,\n"}
,{"stream_name":"stdout","time":14.926430578,"data":"  \"gap2_max_links_frac\": 0.0045,\n"}
,{"stream_name":"stdout","time":14.92643459,"data":"  \"gap2_max_step_um\": 4.0,\n"}
,{"stream_name":"stdout","time":14.926438819,"data":"  \"gap2_max_total_um\": 10.2,\n"}
,{"stream_name":"stdout","time":14.926442854,"data":"  \"gap2_require_context\": true,\n"}
,{"stream_name":"stdout","time":14.926446332,"data":"  \"gap_close_effective_max_gap\": 1,\n"}
,{"stream_name":"stdout","time":14.92644993,"data":"  \"gap_close_max_added_abs\": 2000,\n"}
,{"stream_name":"stdout","time":14.926453979,"data":"  \"gap_close_max_added_frac\": 0.05,\n"}
,{"stream_name":"stdout","time":14.926457489,"data":"  \"gap_close_max_gap\": 2,\n"}
,{"stream_name":"stdout","time":14.926460971000001,"data":"  \"gap_close_reuse_existing\": true,\n"}
,{"stream_name":"stdout","time":14.926464688,"data":"  \"gap_close_reuse_um\": 2.8,\n"}
,{"stream_name":"stdout","time":14.926468261,"data":"  \"gap_close_um\": 4.5,\n"}
,{"stream_name":"stdout","time":14.926471805,"data":"  \"gap_density_adaptive\": true,\n"}
,{"stream_name":"stdout","time":14.926475466,"data":"  \"gap_density_gain\": 0.04,\n"}
,{"stream_name":"stdout","time":14.926479142,"data":"  \"gap_density_max_step_delta_um\": 0.125,\n"}
,{"stream_name":"stdout","time":14.92648277,"data":"  \"gap_density_neighbors\": 3,\n"}
,{"stream_name":"stdout","time":14.926486963,"data":"  \"gap_density_reference_um\": 6.5,\n"}
,{"stream_name":"stdout","time":14.926490725,"data":"  \"gap_refine_max_shift_um\": 3.2,\n"}
,{"stream_name":"stdout","time":14.92649423,"data":"  \"gap_refine_synthetic\": true,\n"}
,{"stream_name":"stdout","time":14.926497623,"data":"  \"gap_refine_win_yx\": 3,\n"}
,{"stream_name":"stdout","time":14.92650222,"data":"  \"gap_refine_win_z\": 1,\n"}
,{"stream_name":"stdout","time":14.926506154,"data":"  \"ilp_appearance_weight\": 0.0,\n"}
,{"stream_name":"stdout","time":14.926510226,"data":"  \"ilp_disappearance_weight\": 2.0,\n"}
,{"stream_name":"stdout","time":14.926514351,"data":"  \"ilp_division_weight\": 1.2,\n"}
,{"stream_name":"stdout","time":14.926518406,"data":"  \"ilp_edge_weight\": -1.0,\n"}
,{"stream_name":"stdout","time":14.926522391,"data":"  \"method\": \"unet_transformer\",\n"}
,{"stream_name":"stdout","time":14.926526345,"data":"  \"motion_relink_learned_bonus\": 1.0,\n"}
,{"stream_name":"stdout","time":14.926529771,"data":"  \"motion_relink_max_frame_nodes\": 2600,\n"}
,{"stream_name":"stdout","time":14.926533604,"data":"  \"motion_relink_relaxed_um\": 9.0,\n"}
,{"stream_name":"stdout","time":14.926537082,"data":"  \"motion_relink_tight_um\": 5.0,\n"}
,{"stream_name":"stdout","time":14.926540456,"data":"  \"motion_relink_velocity_weight\": 0.5,\n"}
,{"stream_name":"stdout","time":14.926544202,"data":"  \"output_division_geometry_filter\": false,\n"}
,{"stream_name":"stdout","time":14.926548173,"data":"  \"output_edge_max_um\": 14.0,\n"}
,{"stream_name":"stdout","time":14.926554376,"data":"  \"output_enforce_next_frame\": true,\n"}
,{"stream_name":"stdout","time":14.926558512,"data":"  \"output_filter_short_tracks\": true,\n"}
,{"stream_name":"stdout","time":14.926562608,"data":"  \"output_gap2_recovery\": true,\n"}
,{"stream_name":"stdout","time":14.926565961,"data":"  \"output_gap_close\": true,\n"}
,{"stream_name":"stdout","time":14.926569395,"data":"  \"output_keep_division_components\": true,\n"}
,{"stream_name":"stdout","time":14.926579141,"data":"  \"output_linefit_smooth\": true,\n"}
,{"stream_name":"stdout","time":14.926583665,"data":"  \"output_linefit_weight\": 0.8,\n"}
,{"stream_name":"stdout","time":14.926587586,"data":"  \"output_linefit_window\": 2,\n"}
,{"stream_name":"stdout","time":14.926591343,"data":"  \"output_min_track_len\": 6,\n"}
,{"stream_name":"stdout","time":14.926594704,"data":"  \"output_motion_relink\": true,\n"}
,{"stream_name":"stdout","time":14.926598346,"data":"  \"output_prune_isolated\": true,\n"}
,{"stream_name":"stdout","time":14.926602036,"data":"  \"output_safe_divisions\": true,\n"}
,{"stream_name":"stdout","time":14.926605665,"data":"  \"output_single_child_repair\": false,\n"}
,{"stream_name":"stdout","time":14.926609443,"data":"  \"output_single_parent_repair\": true,\n"}
,{"stream_name":"stdout","time":14.926613164,"data":"  \"primary_artifact_manifest\": \"/kaggle/input/datasets/pilkwang/biohub-tracking-support-pack-50ep-v1/ARTIFACT_MANIFEST.json\",\n"}
,{"stream_name":"stdout","time":14.926617533,"data":"  \"safe_div_existing_child_max_um\": 10.0,\n"}
,{"stream_name":"stdout","time":14.926621382,"data":"  \"safe_div_frame_frac_cap\": 0.0076,\n"}
,{"stream_name":"stdout","time":14.926625528,"data":"  \"safe_div_global_frac_cap\": 0.00375,\n"}
,{"stream_name":"stdout","time":14.92662959,"data":"  \"safe_div_max_um\": 9.0,\n"}
,{"stream_name":"stdout","time":14.926633136,"data":"  \"safe_div_sister_max_um\": 14.0,\n"}
,{"stream_name":"stdout","time":14.926637008,"data":"  \"short_track_rescue_max_mean_edge_dist_um\": 3.0,\n"}
,{"stream_name":"stdout","time":14.926641155,"data":"  \"short_track_rescue_max_nodes_abs\": 120,\n"}
,{"stream_name":"stdout","time":14.92664534,"data":"  \"short_track_rescue_max_nodes_frac\": 0.012,\n"}
,{"stream_name":"stdout","time":14.926649873,"data":"  \"short_track_rescue_min_len\": 4,\n"}
,{"stream_name":"stdout","time":14.926653995,"data":"  \"short_track_rescue_min_mean_edge_prob\": 0.88,\n"}
,{"stream_name":"stdout","time":14.926658178,"data":"  \"short_track_rescue_trigger_removed_frac\": 0.1,\n"}
,{"stream_name":"stdout","time":14.926662006,"data":"  \"slice\": \"\",\n"}
,{"stream_name":"stdout","time":14.926665515,"data":"  \"target_artifact_slug\": \"biohub-tracking-support-pack-50ep-v1\",\n"}
,{"stream_name":"stdout","time":14.926669198,"data":"  \"unet_batch_size\": 8,\n"}
,{"stream_name":"stdout","time":14.926672616,"data":"  \"use_deepcenter_add_only_gate\": true,\n"}
,{"stream_name":"stdout","time":14.926676251,"data":"  \"use_ilp\": true,\n"}
,{"stream_name":"stdout","time":14.926679936,"data":"  \"weights\": \"weights/unet_transformer/split_0/edge_predictor_best.pth\"\n"}
,{"stream_name":"stdout","time":14.926683515,"data":"}\n"}
,{"stream_name":"stdout","time":15.188737382,"data":"ARTIFACTS: /kaggle/input/datasets/pilkwang/biohub-tracking-support-pack-50ep-v1\n"}
,{"stream_name":"stdout","time":15.188765678,"data":"Has offline wheels: True\n"}
,{"stream_name":"stdout","time":15.188768776,"data":"Artifact name: biohub-tracking-support-pack-400ep-snapshot-v1\n"}
,{"stream_name":"stdout","time":15.188771328,"data":"Weight sha256: 12f6881ee3620a831697ca098ff8f48e687a24225f4e048b538deec3562fe771\n"}
,{"stream_name":"stdout","time":15.188773846,"data":"Weight path: weights/unet_transformer/split_0/edge_predictor_best.pth\n"}
,{"stream_name":"stdout","time":16.08765119,"data":"Installing missing packages from offline package dirs: ['polars']\n"}
,{"stream_name":"stdout","time":16.087679935,"data":"Dependency resolver is disabled with --no-deps to avoid replacing Kaggle numpy/scipy in a live kernel.\n"}
,{"stream_name":"stdout","time":16.08769764,"data":"Offline package dirs: ['/kaggle/input/datasets/pilkwang/biohub-tracking-support-pack-50ep-v1/wheels']\n"}
,{"stream_name":"stdout","time":23.242018915,"data":"Offline dependency install succeeded.\n"}
,{"stream_name":"stdout","time":23.242072332,"data":"Installing missing packages from offline package dirs: ['tracksdata', 'zarr', 'pyscipopt', 'geff', 'geff_spec', 'ilpy', 'imagecodecs', 'rustworkx', 'numcodecs', 'donfig', 'bidict']\n"}
,{"stream_name":"stdout","time":23.242077773,"data":"Dependency resolver is disabled with --no-deps to avoid replacing Kaggle numpy/scipy in a live kernel.\n"}
,{"stream_name":"stdout","time":23.242081236,"data":"Offline package dirs: ['/kaggle/input/datasets/pilkwang/biohub-tracking-support-pack-50ep-v1/wheels']\n"}
,{"stream_name":"stdout","time":71.219897437,"data":"Offline dependency install succeeded.\n"}
,{"stream_name":"stderr","time":81.816340839,"data":"/usr/local/lib/python3.12/dist-packages/dask/array/image.py:7: FutureWarning: `find_available_plugins` is deprecated since version 0.25 and will be removed in version 0.27. The plugin infrastructure of `skimage.io` is deprecated. Instead, use `imageio` or other I/O packages directly.\n"}
,{"stream_name":"stderr","time":81.816367246,"data":"  from skimage.io import imread as sk_imread\n"}
,{"stream_name":"stderr","time":81.816371288,"data":"/usr/lib/python3.12/importlib/__init__.py:90: FutureWarning: `reset_plugins` is deprecated since version 0.25 and will be removed in version 0.27. The plugin infrastructure of `skimage.io` is deprecated. Instead, use `imageio` or other I/O packages directly.\n"}
,{"stream_name":"stderr","time":81.81637487,"data":"  return _bootstrap._gcd_import(name[level:], package, level)\n"}
,{"stream_name":"stderr","time":81.816378,"data":"\n"}
,{"stream_name":"stderr","time":81.816381218,"data":"/usr/local/lib/python3.12/dist-packages/dask/array/image.py:7: FutureWarning: `find_available_plugins` is deprecated since version 0.25 and will be removed in version 0.27. The plugin infrastructure of `skimage.io` is deprecated. Instead, use `imageio` or other I/O packages directly.\n"}
,{"stream_name":"stderr","time":81.816384919,"data":"  from skimage.io import imread as sk_imread\n"}
,{"stream_name":"stderr","time":81.816387938,"data":"/usr/lib/python3.12/importlib/__init__.py:90: FutureWarning: `reset_plugins` is deprecated since version 0.25 and will be removed in version 0.27. The plugin infrastructure of `skimage.io` is deprecated. Instead, use `imageio` or other I/O packages directly.\n"}
,{"stream_name":"stderr","time":81.816391287,"data":"  return _bootstrap._gcd_import(name[level:], package, level)\n"}
,{"stream_name":"stdout","time":82.132199208,"data":"Required graph/Zarr/ILP packages import successfully.\n"}
,{"stream_name":"stdout","time":82.132230633,"data":"Inference repo: /kaggle/working/tracking_repo\n"}
,{"stream_name":"stdout","time":82.132236555,"data":"Weights: /kaggle/working/tracking_repo/weights/unet_transformer/split_0/edge_predictor_best.pth\n"}
,{"stream_name":"stdout","time":82.677157561,"data":"Support repo Python manifest SHA256: 978b626d1fd1e7397435a437dfe68691defe1572fc3c20e61012d7c9b52ed029\n"}
,{"stream_name":"stdout","time":82.677212997,"data":"Primary materialized SHA256: 12f6881ee3620a831697ca098ff8f48e687a24225f4e048b538deec3562fe771\n"}
,{"stream_name":"stdout","time":82.677218216,"data":"DeepCenter materialized SHA256: 8040999a92f6b7bbd98fa8cf458141e045c0f9ad7c936bdb3b18e1f7edafe2a0\n"}
,{"stream_name":"stdout","time":542.622048663,"data":"Secondary artifact: /kaggle/input/datasets/pilkwang/biohub-temporal-unet3d-seed314159-v1\n"}
,{"stream_name":"stdout","time":542.622085765,"data":"Secondary weight: /kaggle/working/secondary_seed_weights/unet_transformer/split_0/edge_predictor_best.pth\n"}
,{"stream_name":"stdout","time":542.62209926,"data":"Secondary SHA256: 9bac2fa0dadc4a6fc1899e0caf187f4b553e0a7cd90ba1261a68b35ffe9e305f\n"}
,{"stream_name":"stdout","time":542.622103461,"data":"Secondary edge-logit weight: 0.15\n"}
,{"stream_name":"stdout","time":542.622112191,"data":"Runtime integrity receipt: /kaggle/working/bidirectional_production_runtime_integrity.json\n"}
,{"stream_name":"stdout","time":549.467933784,"data":"CUDA device: Tesla T4\n"}
,{"stream_name":"stdout","time":549.46797578,"data":"TTA patch applied (400ep spatial D4-style)\n"}
,{"stream_name":"stdout","time":549.467980747,"data":"Calibrated dual-seed runtime patch applied\n"}
,{"stream_name":"stdout","time":549.467984081,"data":"Frozen frame retention guard applied at 0.90\n"}
,{"stream_name":"stdout","time":549.467987361,"data":"Bidirectional harmonic-probability association fusion applied | weight= 0.15\n"}
,{"stream_name":"stdout","time":549.467991079,"data":"Pre-ILP detector-coordinate manifest hook applied\n"}
,{"stream_name":"stdout","time":549.467994196,"data":"EDGE_TTA patch installed and enabled in /kaggle/working/tracking_repo/scripts/predict_unet_transformer.py\n"}
,{"stream_name":"stdout","time":549.467997303,"data":"secondary edge-feature TTA patch installed and enabled\n"}
,{"stream_name":"stdout","time":549.475144103,"data":"Found 4 test videos\n"}
,{"stream_name":"stdout","time":549.475164063,"data":"['44b6_0113de3b', '44b6_0b24845f', '6bba_05b6850b', '6bba_05db0fb1']\n"}
,{"stream_name":"stdout","time":549.475174138,"data":"Launching 2 independent video shards on CUDA devices ['0', '1']\n"}
,{"stream_name":"stdout","time":549.475185813,"data":"GPU shard 0: CUDA_VISIBLE_DEVICES=0 | /usr/bin/python3 scripts/predict_unet_transformer.py --data-dir /kaggle/input/competitions/biohub-cell-tracking-during-development/test --splits kaggle_test_splits_50ep.json --split 0 --weights weights/unet_transformer/split_0/edge_predictor_best.pth --unet-batch-size 8 --det-threshold 0.965 --ilp-edge-weight -1.0 --ilp-appearance-weight 0.0 --ilp-disappearance-weight 2.0 --ilp-division-weight 1.2 --use-ilp --method unet_transformer_gpu0 --slice 0::2\n"}
,{"stream_name":"stdout","time":549.477324141,"data":"GPU shard 1: CUDA_VISIBLE_DEVICES=1 | /usr/bin/python3 scripts/predict_unet_transformer.py --data-dir /kaggle/input/competitions/biohub-cell-tracking-during-development/test --splits kaggle_test_splits_50ep.json --split 0 --weights weights/unet_transformer/split_0/edge_predictor_best.pth --unet-batch-size 8 --det-threshold 0.965 --ilp-edge-weight -1.0 --ilp-appearance-weight 0.0 --ilp-disappearance-weight 2.0 --ilp-division-weight 1.2 --use-ilp --method unet_transformer_gpu1 --slice 1::2\n"}
,{"stream_name":"stderr","time":555.54439811,"data":"/usr/local/lib/python3.12/dist-packages/dask/array/image.py:7: FutureWarning: `find_available_plugins` is deprecated since version 0.25 and will be removed in version 0.27. The plugin infrastructure of `skimage.io` is deprecated. Instead, use `imageio` or other I/O packages directly.\n"}
,{"stream_name":"stderr","time":555.544436331,"data":"  from skimage.io import imread as sk_imread\n"}
,{"stream_name":"stderr","time":555.548444701,"data":"/usr/lib/python3.12/importlib/__init__.py:90: FutureWarning: `reset_plugins` is deprecated since version 0.25 and will be removed in version 0.27. The plugin infrastructure of `skimage.io` is deprecated. Instead, use `imageio` or other I/O packages directly.\n"}
,{"stream_name":"stderr","time":555.548472059,"data":"  return _bootstrap._gcd_import(name[level:], package, level)\n"}
,{"stream_name":"stderr","time":555.558152713,"data":"/usr/local/lib/python3.12/dist-packages/dask/array/image.py:7: FutureWarning: `find_available_plugins` is deprecated since version 0.25 and will be removed in version 0.27. The plugin infrastructure of `skimage.io` is deprecated. Instead, use `imageio` or other I/O packages directly.\n"}
,{"stream_name":"stderr","time":555.558188369,"data":"  from skimage.io import imread as sk_imread\n"}
,{"stream_name":"stderr","time":555.563594371,"data":"/usr/lib/python3.12/importlib/__init__.py:90: FutureWarning: `reset_plugins` is deprecated since version 0.25 and will be removed in version 0.27. The plugin infrastructure of `skimage.io` is deprecated. Instead, use `imageio` or other I/O packages directly.\n"}
,{"stream_name":"stderr","time":555.563629289,"data":"  return _bootstrap._gcd_import(name[level:], package, level)\n"}
,{"stream_name":"stderr","time":555.746519457,"data":"/usr/local/lib/python3.12/dist-packages/dask/array/image.py:7: FutureWarning: `find_available_plugins` is deprecated since version 0.25 and will be removed in version 0.27. The plugin infrastructure of `skimage.io` is deprecated. Instead, use `imageio` or other I/O packages directly.\n"}
,{"stream_name":"stderr","time":555.746548051,"data":"  from skimage.io import imread as sk_imread\n"}
,{"stream_name":"stderr","time":555.746556065,"data":"/usr/lib/python3.12/importlib/__init__.py:90: FutureWarning: `reset_plugins` is deprecated since version 0.25 and will be removed in version 0.27. The plugin infrastructure of `skimage.io` is deprecated. Instead, use `imageio` or other I/O packages directly.\n"}
,{"stream_name":"stderr","time":555.746559213,"data":"  return _bootstrap._gcd_import(name[level:], package, level)\n"}
,{"stream_name":"stderr","time":555.74656193,"data":"/usr/local/lib/python3.12/dist-packages/dask/array/image.py:7: FutureWarning: `find_available_plugins` is deprecated since version 0.25 and will be removed in version 0.27. The plugin infrastructure of `skimage.io` is deprecated. Instead, use `imageio` or other I/O packages directly.\n"}
,{"stream_name":"stderr","time":555.746564829,"data":"  from skimage.io import imread as sk_imread\n"}
,{"stream_name":"stderr","time":555.746567271,"data":"/usr/lib/python3.12/importlib/__init__.py:90: FutureWarning: `reset_plugins` is deprecated since version 0.25 and will be removed in version 0.27. The plugin infrastructure of `skimage.io` is deprecated. Instead, use `imageio` or other I/O packages directly.\n"}
,{"stream_name":"stderr","time":555.746570822,"data":"  return _bootstrap._gcd_import(name[level:], package, level)\n"}
,{"stream_name":"stderr","time":555.74657338,"data":"\n"}
,{"stream_name":"stderr","time":555.746575735,"data":"/usr/local/lib/python3.12/dist-packages/dask/array/image.py:7: FutureWarning: `find_available_plugins` is deprecated since version 0.25 and will be removed in version 0.27. The plugin infrastructure of `skimage.io` is deprecated. Instead, use `imageio` or other I/O packages directly.\n"}
,{"stream_name":"stderr","time":555.746578636,"data":"  from skimage.io import imread as sk_imread\n"}
,{"stream_name":"stderr","time":555.746581062,"data":"/usr/lib/python3.12/importlib/__init__.py:90: FutureWarning: `reset_plugins` is deprecated since version 0.25 and will be removed in version 0.27. The plugin infrastructure of `skimage.io` is deprecated. Instead, use `imageio` or other I/O packages directly.\n"}
,{"stream_name":"stderr","time":555.746583927,"data":"  return _bootstrap._gcd_import(name[level:], package, level)\n"}
,{"stream_name":"stderr","time":555.746587302,"data":"/usr/local/lib/python3.12/dist-packages/dask/array/image.py:7: FutureWarning: `find_available_plugins` is deprecated since version 0.25 and will be removed in version 0.27. The plugin infrastructure of `skimage.io` is deprecated. Instead, use `imageio` or other I/O packages directly.\n"}
,{"stream_name":"stderr","time":555.746590187,"data":"  from skimage.io import imread as sk_imread\n"}
,{"stream_name":"stderr","time":555.746608918,"data":"/usr/lib/python3.12/importlib/__init__.py:90: FutureWarning: `reset_plugins` is deprecated since version 0.25 and will be removed in version 0.27. The plugin infrastructure of `skimage.io` is deprecated. Instead, use `imageio` or other I/O packages directly.\n"}
,{"stream_name":"stderr","time":555.746612213,"data":"  return _bootstrap._gcd_import(name[level:], package, level)\n"}
,{"stream_name":"stdout","time":556.343003973,"data":"Secondary model: /kaggle/working/secondary_seed_weights/unet_transformer/split_0/edge_predictor_best.pth | edge weight=0.150 | detection weight=0.800 | link mode=low_margin_consensus | temperature=1.000 | low-margin max=0.350 | edge threshold=0.480\n"}
,{"stream_name":"stdout","time":556.343035135,"data":"Fold 0: 2 datasets | weights=weights/unet_transformer/split_0/edge_predictor_best.pth | device=cuda | window_size=2 | pool_kernel_um=3.0\n"}
,{"stream_name":"stdout","time":556.343060091,"data":"Secondary model: /kaggle/working/secondary_seed_weights/unet_transformer/split_0/edge_predictor_best.pth | edge weight=0.150 | detection weight=0.800 | link mode=low_margin_consensus | temperature=1.000 | low-margin max=0.350 | edge threshold=0.480\n"}
,{"stream_name":"stdout","time":556.343067143,"data":"Fold 0: 2 datasets | weights=weights/unet_transformer/split_0/edge_predictor_best.pth | device=cuda | window_size=2 | pool_kernel_um=3.0\n"}
,{"stream_name":"stdout","time":556.544874819,"data":"Secondary model: /kaggle/working/secondary_seed_weights/unet_transformer/split_0/edge_predictor_best.pth | edge weight=0.150 | detection weight=0.800 | link mode=low_margin_consensus | temperature=1.000 | low-margin max=0.350 | edge threshold=0.480\n"}
,{"stream_name":"stdout","time":556.544905091,"data":"Fold 0: 2 datasets | weights=weights/unet_transformer/split_0/edge_predictor_best.pth | device=cuda | window_size=2 | pool_kernel_um=3.0\n"}
,{"stream_name":"stdout","time":556.544937976,"data":"Secondary model: /kaggle/working/secondary_seed_weights/unet_transformer/split_0/edge_predictor_best.pth | edge weight=0.150 | detection weight=0.800 | link mode=low_margin_consensus | temperature=1.000 | low-margin max=0.350 | edge threshold=0.480\n"}
,{"stream_name":"stdout","time":556.544942718,"data":"Fold 0: 2 datasets | weights=weights/unet_transformer/split_0/edge_predictor_best.pth | device=cuda | window_size=2 | pool_kernel_um=3.0\n"}
,{"stream_name":"stdout","time":559.15448506,"data":"EDGE_TTA_ACTIVE views= 10 mean_abs_feat_delta= 0.346398\n"}
,{"stream_name":"stdout","time":559.154521003,"data":"EDGE_TTA_ACTIVE views= 10 mean_abs_feat_delta= 0.317101\n"}
,{"stream_name":"stdout","time":559.356929072,"data":"EDGE_TTA_ACTIVE views= 10 mean_abs_feat_delta= 0.346398\n"}
,{"stream_name":"stdout","time":559.356974562,"data":"EDGE_TTA_ACTIVE views= 10 mean_abs_feat_delta= 0.317101\n"}
,{"stream_name":"stdout","time":560.020140831,"data":"SECONDARY_EDGE_TTA_ACTIVE views= 8 weight= 0.75 mean_abs_feat_delta= 0.230737\n"}
,{"stream_name":"stdout","time":560.020182855,"data":"SECONDARY_EDGE_TTA_ACTIVE views= 8 weight= 0.75 mean_abs_feat_delta= 0.28166\n"}
,{"stream_name":"stdout","time":560.222585943,"data":"SECONDARY_EDGE_TTA_ACTIVE views= 8 weight= 0.75 mean_abs_feat_delta= 0.230737\n"}
,{"stream_name":"stdout","time":560.222617853,"data":"SECONDARY_EDGE_TTA_ACTIVE views= 8 weight= 0.75 mean_abs_feat_delta= 0.28166\n"}
,{"stream_name":"stdout","time":560.226117846,"data":"BIOHUB_RETENTION_GUARD {\"blended_candidates\": 391, \"dataset\": \"44b6_0b24845f\", \"frame\": 0, \"minimum_retention\": 0.9, \"primary_candidates\": 459, \"retention\": 0.8518518518518519, \"use_primary\": true}\n"}
,{"stream_name":"stdout","time":560.227591281,"data":"BIOHUB_RETENTION_GUARD {\"blended_candidates\": 392, \"dataset\": \"44b6_0b24845f\", \"frame\": 1, \"minimum_retention\": 0.9, \"primary_candidates\": 456, \"retention\": 0.8596491228070176, \"use_primary\": true}\n"}
,{"stream_name":"stdout","time":560.428483557,"data":"BIOHUB_RETENTION_GUARD {\"blended_candidates\": 391, \"dataset\": \"44b6_0b24845f\", \"frame\": 0, \"minimum_retention\": 0.9, \"primary_candidates\": 459, \"retention\": 0.8518518518518519, \"use_primary\": true}\n"}
,{"stream_name":"stdout","time":560.428515063,"data":"BIOHUB_RETENTION_GUARD {\"blended_candidates\": 392, \"dataset\": \"44b6_0b24845f\", \"frame\": 1, \"minimum_retention\": 0.9, \"primary_candidates\": 456, \"retention\": 0.8596491228070176, \"use_primary\": true}\n"}
,{"stream_name":"stdout","time":564.977740986,"data":"EDGE_TTA_ACTIVE views= 10 mean_abs_feat_delta= 0.322136\n"}
,{"stream_name":"stdout","time":565.03487684,"data":"EDGE_TTA_ACTIVE views= 10 mean_abs_feat_delta= 0.347899\n"}
,{"stream_name":"stdout","time":565.180312815,"data":"EDGE_TTA_ACTIVE views= 10 mean_abs_feat_delta= 0.322136\n"}
,{"stream_name":"stdout","time":565.180342161,"data":"EDGE_TTA_ACTIVE views= 10 mean_abs_feat_delta= 0.347899\n"}
,{"stream_name":"stdout","time":565.819560671,"data":"SECONDARY_EDGE_TTA_ACTIVE views= 8 weight= 0.75 mean_abs_feat_delta= 0.23209\n"}
,{"stream_name":"stdout","time":565.883311828,"data":"SECONDARY_EDGE_TTA_ACTIVE views= 8 weight= 0.75 mean_abs_feat_delta= 0.288809\n"}
,{"stream_name":"stdout","time":565.887895383,"data":"BIOHUB_RETENTION_GUARD {\"blended_candidates\": 333, \"dataset\": \"44b6_0b24845f\", \"frame\": 2, \"minimum_retention\": 0.9, \"primary_candidates\": 395, \"retention\": 0.8430379746835444, \"use_primary\": true}\n"}
,{"stream_name":"stdout","time":566.021969568,"data":"SECONDARY_EDGE_TTA_ACTIVE views= 8 weight= 0.75 mean_abs_feat_delta= 0.23209\n"}
,{"stream_name":"stdout","time":566.022009045,"data":"SECONDARY_EDGE_TTA_ACTIVE views= 8 weight= 0.75 mean_abs_feat_delta= 0.288809\n"}
,{"stream_name":"stdout","time":566.022013621,"data":"BIOHUB_RETENTION_GUARD {\"blended_candidates\": 333, \"dataset\": \"44b6_0b24845f\", \"frame\": 2, \"minimum_retention\": 0.9, \"primary_candidates\": 395, \"retention\": 0.8430379746835444, \"use_primary\": true}\n"}
,{"stream_name":"stdout","time":567.018096769,"data":"EDGE_TTA_ACTIVE views= 10 mean_abs_feat_delta= 0.321052\n"}
,{"stream_name":"stdout","time":567.133357049,"data":"EDGE_TTA_ACTIVE views= 10 mean_abs_feat_delta= 0.340017\n"}
,{"stream_name":"stdout","time":567.220560911,"data":"EDGE_TTA_ACTIVE views= 10 mean_abs_feat_delta= 0.321052\n"}
,{"stream_name":"stdout","time":567.220589783,"data":"EDGE_TTA_ACTIVE views= 10 mean_abs_feat_delta= 0.340017\n"}
,{"stream_name":"stdout","time":567.868686672,"data":"SECONDARY_EDGE_TTA_ACTIVE views= 8 weight= 0.75 mean_abs_feat_delta= 0.232786\n"}
,{"stream_name":"stdout","time":567.991999807,"data":"SECONDARY_EDGE_TTA_ACTIVE views= 8 weight= 0.75 mean_abs_feat_delta= 0.287127\n"}
,{"stream_name":"stdout","time":567.995912906,"data":"BIOHUB_RETENTION_GUARD {\"blended_candidates\": 369, \"dataset\": \"44b6_0b24845f\", \"frame\": 3, \"minimum_retention\": 0.9, \"primary_candidates\": 432, \"retention\": 0.8541666666666666, \"use_primary\": true}\n"}
,{"stream_name":"stdout","time":568.071167606,"data":"SECONDARY_EDGE_TTA_ACTIVE views= 8 weight= 0.75 mean_abs_feat_delta= 0.232786\n"}
,{"stream_name":"stdout","time":568.071203401,"data":"SECONDARY_EDGE_TTA_ACTIVE views= 8 weight= 0.75 mean_abs_feat_delta= 0.287127\n"}
,{"stream_name":"stdout","time":568.071226476,"data":"BIOHUB_RETENTION_GUARD {\"blended_candidates\": 369, \"dataset\": \"44b6_0b24845f\", \"frame\": 3, \"minimum_retention\": 0.9, \"primary_candidates\": 432, \"retention\": 0.8541666666666666, \"use_primary\": true}\n"}
,{"stream_name":"stdout","time":569.062476102,"data":"EDGE_TTA_ACTIVE views= 10 mean_abs_feat_delta= 0.322552\n"}
,{"stream_name":"stdout","time":569.238103778,"data":"EDGE_TTA_ACTIVE views= 10 mean_abs_feat_delta= 0.344572\n"}
,{"stream_name":"stdout","time":569.264839374,"data":"EDGE_TTA_ACTIVE views= 10 mean_abs_feat_delta= 0.322552\n"}
,{"stream_name":"stdout","time":569.26486363,"data":"EDGE_TTA_ACTIVE views= 10 mean_abs_feat_delta= 0.344572\n"}
,{"stream_name":"stdout","time":569.913157605,"data":"SECONDARY_EDGE_TTA_ACTIVE views= 8 weight= 0.75 mean_abs_feat_delta= 0.232764\n"}
,{"stream_name":"stdout","time":570.0992202,"data":"SECONDARY_EDGE_TTA_ACTIVE views= 8 weight= 0.75 mean_abs_feat_delta= 0.283303\n"}
,{"stream_name":"stdout","time":570.103478467,"data":"BIOHUB_RETENTION_GUARD {\"blended_candidates\": 346, \"dataset\": \"44b6_0b24845f\", \"frame\": 4, \"minimum_retention\": 0.9, \"primary_candidates\": 418, \"retention\": 0.8277511961722488, \"use_primary\": true}\n"}
,{"stream_name":"stdout","time":570.115732201,"data":"SECONDARY_EDGE_TTA_ACTIVE views= 8 weight= 0.75 mean_abs_feat_delta= 0.232764\n"}
,{"stream_name":"stdout","time":570.115749251,"data":"SECONDARY_EDGE_TTA_ACTIVE views= 8 weight= 0.75 mean_abs_feat_delta= 0.283303\n"}
,{"stream_name":"stdout","time":570.115753789,"data":"BIOHUB_RETENTION_GUARD {\"blended_candidates\": 346, \"dataset\": \"44b6_0b24845f\", \"frame\": 4, \"minimum_retention\": 0.9, \"primary_candidates\": 418, \"retention\": 0.8277511961722488, \"use_primary\": true}\n"}
,{"stream_name":"stdout","time":571.091236631,"data":"EDGE_TTA_ACTIVE views= 10 mean_abs_feat_delta= 0.324932\n"}
,{"stream_name":"stdout","time":571.294178914,"data":"EDGE_TTA_ACTIVE views= 10 mean_abs_feat_delta= 0.324932\n"}
,{"stream_name":"stdout","time":571.322206794,"data":"EDGE_TTA_ACTIVE views= 10 mean_abs_feat_delta= 0.347738\n"}
,{"stream_name":"stdout","time":571.524624335,"data":"EDGE_TTA_ACTIVE views= 10 mean_abs_feat_delta= 0.347738\n"}
,{"stream_name":"stdout","time":571.944395816,"data":"SECONDARY_EDGE_TTA_ACTIVE views= 8 weight= 0.75 mean_abs_feat_delta= 0.236445\n"}
,{"stream_name":"stdout","time":572.146810658,"data":"SECONDARY_EDGE_TTA_ACTIVE views= 8 weight= 0.75 mean_abs_feat_delta= 0.236445\n"}
,{"stream_name":"stdout","time":572.184133779,"data":"SECONDARY_EDGE_TTA_ACTIVE views= 8 weight= 0.75 mean_abs_feat_delta= 0.289665\n"}
,{"stream_name":"stdout","time":572.187936933,"data":"BIOHUB_RETENTION_GUARD {\"blended_candidates\": 331, \"dataset\": \"44b6_0b24845f\", \"frame\": 5, \"minimum_retention\": 0.9, \"primary_candidates\": 392, \"retention\": 0.8443877551020408, \"use_primary\": true}\n"}
,{"stream_name":"stdout","time":572.386337119,"data":"SECONDARY_EDGE_TTA_ACTIVE views= 8 weight= 0.75 mean_abs_feat_delta= 0.289665\n"}
,{"stream_name":"stdout","time":572.386373606,"data":"BIOHUB_RETENTION_GUARD {\"blended_candidates\": 331, \"dataset\": \"44b6_0b24845f\", \"frame\": 5, \"minimum_retention\": 0.9, \"primary_candidates\": 392, \"retention\": 0.8443877551020408, \"use_primary\": true}\n"}
,{"stream_name":"stdout","time":573.129173073,"data":"EDGE_TTA_ACTIVE views= 10 mean_abs_feat_delta= 0.328529\n"}
,{"stream_name":"stdout","time":573.344065545,"data":"EDGE_TTA_ACTIVE views= 10 mean_abs_feat_delta= 0.328529\n"}
,{"stream_name":"stdout","time":573.413265705,"data":"EDGE_TTA_ACTIVE views= 10 mean_abs_feat_delta= 0.348674\n"}
,{"stream_name":"stdout","time":573.615549514,"data":"EDGE_TTA_ACTIVE views= 10 mean_abs_feat_delta= 0.348674\n"}
,{"stream_name":"stdout","time":573.987970804,"data":"SECONDARY_EDGE_TTA_ACTIVE views= 8 weight= 0.75 mean_abs_feat_delta= 0.236059\n"}
,{"stream_name":"stdout","time":574.190348271,"data":"SECONDARY_EDGE_TTA_ACTIVE views= 8 weight= 0.75 mean_abs_feat_delta= 0.236059\n"}
,{"stream_name":"stdout","time":574.28871341,"data":"SECONDARY_EDGE_TTA_ACTIVE views= 8 weight= 0.75 mean_abs_feat_delta= 0.296162\n"}
,{"stream_name":"stdout","time":574.292697622,"data":"BIOHUB_RETENTION_GUARD {\"blended_candidates\": 333, \"dataset\": \"44b6_0b24845f\", \"frame\": 6, \"minimum_retention\": 0.9, \"primary_candidates\": 413, \"retention\": 0.8062953995157385, \"use_primary\": true}\n"}
,{"stream_name":"stdout","time":574.491215331,"data":"SECONDARY_EDGE_TTA_ACTIVE views= 8 weight= 0.75 mean_abs_feat_delta= 0.296162\n"}
,{"stream_name":"stdout","time":574.491257941,"data":"BIOHUB_RETENTION_GUARD {\"blended_candidates\": 333, \"dataset\": \"44b6_0b24845f\", \"frame\": 6, \"minimum_retention\": 0.9, \"primary_candidates\": 413, \"retention\": 0.8062953995157385, \"use_primary\": true}\n"}
,{"stream_name":"stdout","time":575.191375756,"data":"EDGE_TTA_ACTIVE views= 10 mean_abs_feat_delta= 0.33308\n"}
,{"stream_name":"stdout","time":575.393746923,"data":"EDGE_TTA_ACTIVE views= 10 mean_abs_feat_delta= 0.33308\n"}
,{"stream_name":"stdout","time":575.529856837,"data":"EDGE_TTA_ACTIVE views= 10 mean_abs_feat_delta= 0.349167\n"}
,{"stream_name":"stdout","time":575.732281832,"data":"EDGE_TTA_ACTIVE views= 10 mean_abs_feat_delta= 0.349167\n"}
,{"stream_name":"stdout","time":576.052317795,"data":"SECONDARY_EDGE_TTA_ACTIVE views= 8 weight= 0.75 mean_abs_feat_delta= 0.242392\n"}
,{"stream_name":"stdout","time":576.254785707,"data":"SECONDARY_EDGE_TTA_ACTIVE views= 8 weight= 0.75 mean_abs_feat_delta= 0.242392\n"}
,{"stream_name":"stdout","time":576.392989689,"data":"SECONDARY_EDGE_TTA_ACTIVE views= 8 weight= 0.75 mean_abs_feat_delta= 0.297976\n"}
,{"stream_name":"stdout","time":576.39700774,"data":"BIOHUB_RETENTION_GUARD {\"blended_candidates\": 310, \"dataset\": \"44b6_0b24845f\", \"frame\": 7, \"minimum_retention\": 0.9, \"primary_candidates\": 389, \"retention\": 0.7969151670951157, \"use_primary\": true}\n"}
,{"stream_name":"stdout","time":576.595295886,"data":"SECONDARY_EDGE_TTA_ACTIVE views= 8 weight= 0.75 mean_abs_feat_delta= 0.297976\n"}
,{"stream_name":"stdout","time":576.595361741,"data":"BIOHUB_RETENTION_GUARD {\"blended_candidates\": 310, \"dataset\": \"44b6_0b24845f\", \"frame\": 7, \"minimum_retention\": 0.9, \"primary_candidates\": 389, \"retention\": 0.7969151670951157, \"use_primary\": true}\n"}
,{"stream_name":"stdout","time":577.238021883,"data":"EDGE_TTA_ACTIVE views= 10 mean_abs_feat_delta= 0.331023\n"}
,{"stream_name":"stdout","time":577.440212117,"data":"EDGE_TTA_ACTIVE views= 10 mean_abs_feat_delta= 0.331023\n"}
,{"stream_name":"stdout","time":577.617710164,"data":"EDGE_TTA_ACTIVE views= 10 mean_abs_feat_delta= 0.354313\n"}
,{"stream_name":"stdout","time":577.820110439,"data":"EDGE_TTA_ACTIVE views= 10 mean_abs_feat_delta= 0.354313\n"}
,{"stream_name":"stdout","time":578.102161559,"data":"SECONDARY_EDGE_TTA_ACTIVE views= 8 weight= 0.75 mean_abs_feat_delta= 0.241164\n"}
,{"stream_name":"stdout","time":578.30454469,"data":"SECONDARY_EDGE_TTA_ACTIVE views= 8 weight= 0.75 mean_abs_feat_delta= 0.241164\n"}
,{"stream_name":"stdout","time":578.482553068,"data":"SECONDARY_EDGE_TTA_ACTIVE views= 8 weight= 0.75 mean_abs_feat_delta= 0.292587\n"}
,{"stream_name":"stdout","time":578.486614536,"data":"BIOHUB_RETENTION_GUARD {\"blended_candidates\": 382, \"dataset\": \"44b6_0b24845f\", \"frame\": 8, \"minimum_retention\": 0.9, \"primary_candidates\": 458, \"retention\": 0.834061135371179, \"use_primary\": true}\n"}
,{"stream_name":"stdout","time":578.684958263,"data":"SECONDARY_EDGE_TTA_ACTIVE views= 8 weight= 0.75 mean_abs_feat_delta= 0.292587\n"}
,{"stream_name":"stdout","time":578.684996297,"data":"BIOHUB_RETENTION_GUARD {\"blended_candidates\": 382, \"dataset\": \"44b6_0b24845f\", \"frame\": 8, \"minimum_retention\": 0.9, \"primary_candidates\": 458, \"retention\": 0.834061135371179, \"use_primary\": true}\n"}
,{"stream_name":"stdout","time":579.286754952,"data":"EDGE_TTA_ACTIVE views= 10 mean_abs_feat_delta= 0.327041\n"}
,{"stream_name":"stdout","time":579.489185685,"data":"EDGE_TTA_ACTIVE views= 10 mean_abs_feat_delta= 0.327041\n"}
,{"stream_name":"stdout","time":579.773183003,"data":"EDGE_TTA_ACTIVE views= 10 mean_abs_feat_delta= 0.358364\n"}
,{"stream_name":"stdout","time":579.975861313,"data":"EDGE_TTA_ACTIVE views= 10 mean_abs_feat_delta= 0.358364\n"}
,{"stream_name":"stdout","time":580.154059023,"data":"SECONDARY_EDGE_TTA_ACTIVE views= 8 weight= 0.75 mean_abs_feat_delta= 0.240446\n"}
,{"stream_name":"stdout","time":580.356446509,"data":"SECONDARY_EDGE_TTA_ACTIVE views= 8 weight= 0.75 mean_abs_feat_delta= 0.240446\n"}
,{"stream_name":"stdout","time":580.642527623,"data":"SECONDARY_EDGE_TTA_ACTIVE views= 8 weight= 0.75 mean_abs_feat_delta= 0.291168\n"}
,{"stream_name":"stdout","time":580.646583361,"data":"BIOHUB_RETENTION_GUARD {\"blended_candidates\": 363, \"dataset\": \"44b6_0b24845f\", \"frame\": 9, \"minimum_retention\": 0.9, \"primary_candidates\": 435, \"retention\": 0.8344827586206897, \"use_primary\": true}\n"}
,{"stream_name":"stdout","time":580.848316224,"data":"SECONDARY_EDGE_TTA_ACTIVE views= 8 weight= 0.75 mean_abs_feat_delta= 0.291168\n"}
,{"stream_name":"stdout","time":580.848346707,"data":"BIOHUB_RETENTION_GUARD {\"blended_candidates\": 363, \"dataset\": \"44b6_0b24845f\", \"frame\": 9, \"minimum_retention\": 0.9, \"primary_candidates\": 435, \"retention\": 0.8344827586206897, \"use_primary\": true}\n"}
,{"stream_name":"stdout","time":581.333860519,"data":"EDGE_TTA_ACTIVE views= 10 mean_abs_feat_delta= 0.326535\n"}
,{"stream_name":"stdout","time":581.53602223,"data":"EDGE_TTA_ACTIVE views= 10 mean_abs_feat_delta= 0.326535\n"}
,{"stream_name":"stdout","time":581.912329965,"data":"EDGE_TTA_ACTIVE views= 10 mean_abs_feat_delta= 0.353528\n"}
,{"stream_name":"stdout","time":582.114476927,"data":"EDGE_TTA_ACTIVE views= 10 mean_abs_feat_delta= 0.353528\n"}
,{"stream_name":"stdout","time":582.204623251,"data":"SECONDARY_EDGE_TTA_ACTIVE views= 8 weight= 0.75 mean_abs_feat_delta= 0.24216\n"}
,{"stream_name":"stdout","time":582.407144321,"data":"SECONDARY_EDGE_TTA_ACTIVE views= 8 weight= 0.75 mean_abs_feat_delta= 0.24216\n"}
,{"stream_name":"stdout","time":582.781797665,"data":"SECONDARY_EDGE_TTA_ACTIVE views= 8 weight= 0.75 mean_abs_feat_delta= 0.301242\n"}
,{"stream_name":"stdout","time":582.785825063,"data":"BIOHUB_RETENTION_GUARD {\"blended_candidates\": 331, \"dataset\": \"44b6_0b24845f\", \"frame\": 10, \"minimum_retention\": 0.9, \"primary_candidates\": 421, \"retention\": 0.7862232779097387, \"use_primary\": true}\n"}
,{"stream_name":"stdout","time":582.984210633,"data":"SECONDARY_EDGE_TTA_ACTIVE views= 8 weight= 0.75 mean_abs_feat_delta= 0.301242\n"}
,{"stream_name":"stdout","time":582.984244996,"data":"BIOHUB_RETENTION_GUARD {\"blended_candidates\": 331, \"dataset\": \"44b6_0b24845f\", \"frame\": 10, \"minimum_retention\": 0.9, \"primary_candidates\": 421, \"retention\": 0.7862232779097387, \"use_primary\": true}\n"}
,{"stream_name":"stdout","time":583.40354885,"data":"EDGE_TTA_ACTIVE views= 10 mean_abs_feat_delta= 0.333464\n"}
,{"stream_name":"stdout","time":583.605916436,"data":"EDGE_TTA_ACTIVE views= 10 mean_abs_feat_delta= 0.333464\n"}
,{"stream_name":"stdout","time":584.01898677,"data":"EDGE_TTA_ACTIVE views= 10 mean_abs_feat_delta= 0.346975\n"}
,{"stream_name":"stdout","time":584.221191694,"data":"EDGE_TTA_ACTIVE views= 10 mean_abs_feat_delta= 0.346975\n"}
,{"stream_name":"stdout","time":584.291926528,"data":"SECONDARY_EDGE_TTA_ACTIVE views= 8 weight= 0.75 mean_abs_feat_delta= 0.243727\n"}
,{"stream_name":"stdout","time":584.494341447,"data":"SECONDARY_EDGE_TTA_ACTIVE views= 8 weight= 0.75 mean_abs_feat_delta= 0.243727\n"}
,{"stream_name":"stdout","time":584.890640353,"data":"SECONDARY_EDGE_TTA_ACTIVE views= 8 weight= 0.75 mean_abs_feat_delta= 0.289865\n"}
,{"stream_name":"stdout","time":584.894725589,"data":"BIOHUB_RETENTION_GUARD {\"blended_candidates\": 377, \"dataset\": \"44b6_0b24845f\", \"frame\": 11, \"minimum_retention\": 0.9, \"primary_candidates\": 439, \"retention\": 0.8587699316628702, \"use_primary\": true}\n"}
,{"stream_name":"stdout","time":585.093169767,"data":"SECONDARY_EDGE_TTA_ACTIVE views= 8 weight= 0.75 mean_abs_feat_delta= 0.289865\n"}
,{"stream_name":"stdout","time":585.093202079,"data":"BIOHUB_RETENTION_GUARD {\"blended_candidates\": 377, \"dataset\": \"44b6_0b24845f\", \"frame\": 11, \"minimum_retention\": 0.9, \"primary_candidates\": 439, \"retention\": 0.8587699316628702, \"use_primary\": true}\n"}
,{"stream_name":"stdout","time":585.481168537,"data":"EDGE_TTA_ACTIVE views= 10 mean_abs_feat_delta= 0.326692\n"}
,{"stream_name":"stdout","time":585.683547953,"data":"EDGE_TTA_ACTIVE views= 10 mean_abs_feat_delta= 0.326692\n"}
,{"stream_name":"stdout","time":586.133677748,"data":"EDGE_TTA_ACTIVE views= 10 mean_abs_feat_delta= 0.350445\n"}
,{"stream_name":"stdout","time":586.336058295,"data":"EDGE_TTA_ACTIVE views= 10 mean_abs_feat_delta= 0.350445\n"}
,{"stream_name":"stdout","time":586.35283187,"data":"SECONDARY_EDGE_TTA_ACTIVE views= 8 weight= 0.75 mean_abs_feat_delta= 0.241899\n"}
,{"stream_name":"stdout","time":586.555077051,"data":"SECONDARY_EDGE_TTA_ACTIVE views= 8 weight= 0.75 mean_abs_feat_delta= 0.241899\n"}
,{"stream_name":"stdout","time":587.00796511,"data":"SECONDARY_EDGE_TTA_ACTIVE views= 8 weight= 0.75 mean_abs_feat_delta= 0.298743\n"}
,{"stream_name":"stdout","time":587.012352895,"data":"BIOHUB_RETENTION_GUARD {\"blended_candidates\": 308, \"dataset\": \"44b6_0b24845f\", \"frame\": 12, \"minimum_retention\": 0.9, \"primary_candidates\": 362, \"retention\": 0.850828729281768, \"use_primary\": true}\n"}
,{"stream_name":"stdout","time":587.21078322,"data":"SECONDARY_EDGE_TTA_ACTIVE views= 8 weight= 0.75 mean_abs_feat_delta= 0.298743\n"}
,{"stream_name":"stdout","time":587.210811235,"data":"BIOHUB_RETENTION_GUARD {\"blended_candidates\": 308, \"dataset\": \"44b6_0b24845f\", \"frame\": 12, \"minimum_retention\": 0.9, \"primary_candidates\": 362, \"retention\": 0.850828729281768, \"use_primary\": true}\n"}
,{"stream_name":"stdout","time":587.544413286,"data":"EDGE_TTA_ACTIVE views= 10 mean_abs_feat_delta= 0.326056\n"}
,{"stream_name":"stdout","time":587.746643682,"data":"EDGE_TTA_ACTIVE views= 10 mean_abs_feat_delta= 0.326056\n"}
,{"stream_name":"stdout","time":588.2782741,"data":"EDGE_TTA_ACTIVE views= 10 mean_abs_feat_delta= 0.356398\n"}
,{"stream_name":"stdout","time":588.420707997,"data":"SECONDARY_EDGE_TTA_ACTIVE views= 8 weight= 0.75 mean_abs_feat_delta= 0.237416\n"}
,{"stream_name":"stdout","time":588.480689024,"data":"EDGE_TTA_ACTIVE views= 10 mean_abs_feat_delta= 0.356398\n"}
,{"stream_name":"stdout","time":588.480718442,"data":"SECONDARY_EDGE_TTA_ACTIVE views= 8 weight= 0.75 mean_abs_feat_delta= 0.237416\n"}
,{"stream_name":"stdout","time":589.154472478,"data":"SECONDARY_EDGE_TTA_ACTIVE views= 8 weight= 0.75 mean_abs_feat_delta= 0.295579\n"}
,{"stream_name":"stdout","time":589.158491263,"data":"BIOHUB_RETENTION_GUARD {\"blended_candidates\": 318, \"dataset\": \"44b6_0b24845f\", \"frame\": 13, \"minimum_retention\": 0.9, \"primary_candidates\": 372, \"retention\": 0.8548387096774194, \"use_primary\": true}\n"}
,{"stream_name":"stdout","time":589.356894502,"data":"SECONDARY_EDGE_TTA_ACTIVE views= 8 weight= 0.75 mean_abs_feat_delta= 0.295579\n"}
,{"stream_name":"stdout","time":589.356968364,"data":"BIOHUB_RETENTION_GUARD {\"blended_candidates\": 318, \"dataset\": \"44b6_0b24845f\", \"frame\": 13, \"minimum_retention\": 0.9, \"primary_candidates\": 372, \"retention\": 0.8548387096774194, \"use_primary\": true}\n"}
,{"stream_name":"stdout","time":589.616098347,"data":"EDGE_TTA_ACTIVE views= 10 mean_abs_feat_delta= 0.322631\n"}
,{"stream_name":"stdout","time":589.81838701,"data":"EDGE_TTA_ACTIVE views= 10 mean_abs_feat_delta= 0.322631\n"}
,{"stream_name":"stdout","time":590.381752162,"data":"EDGE_TTA_ACTIVE views= 10 mean_abs_feat_delta= 0.354703\n"}
,{"stream_name":"stdout","time":590.494526622,"data":"SECONDARY_EDGE_TTA_ACTIVE views= 8 weight= 0.75 mean_abs_feat_delta= 0.238386\n"}
,{"stream_name":"stdout","time":590.583750834,"data":"EDGE_TTA_ACTIVE views= 10 mean_abs_feat_delta= 0.354703\n"}
,{"stream_name":"stdout","time":590.583774081,"data":"SECONDARY_EDGE_TTA_ACTIVE views= 8 weight= 0.75 mean_abs_feat_delta= 0.238386\n"}
,{"stream_name":"stdout","time":591.250685605,"data":"SECONDARY_EDGE_TTA_ACTIVE views= 8 weight= 0.75 mean_abs_feat_delta= 0.29037\n"}
,{"stream_name":"stdout","time":591.25466969,"data":"BIOHUB_RETENTION_GUARD {\"blended_candidates\": 328, \"dataset\": \"44b6_0b24845f\", \"frame\": 14, \"minimum_retention\": 0.9, \"primary_candidates\": 385, \"retention\": 0.8519480519480519, \"use_primary\": true}\n"}
,{"stream_name":"stdout","time":591.453261487,"data":"SECONDARY_EDGE_TTA_ACTIVE views= 8 weight= 0.75 mean_abs_feat_delta= 0.29037\n"}
,{"stream_name":"stdout","time":591.453292904,"data":"BIOHUB_RETENTION_GUARD {\"blended_candidates\": 328, \"dataset\": \"44b6_0b24845f\", \"frame\": 14, \"minimum_retention\": 0.9, \"primary_candidates\": 385, \"retention\": 0.8519480519480519, \"use_primary\": true}\n"}
,{"stream_name":"stdout","time":591.701286118,"data":"EDGE_TTA_ACTIVE views= 10 mean_abs_feat_delta= 0.32339\n"}
,{"stream_name":"stdout","time":591.903890114,"data":"EDGE_TTA_ACTIVE views= 10 mean_abs_feat_delta= 0.32339\n"}
,{"stream_name":"stdout","time":592.490952221,"data":"EDGE_TTA_ACTIVE views= 10 mean_abs_feat_delta= 0.351391\n"}
,{"stream_name":"stdout","time":592.584317251,"data":"SECONDARY_EDGE_TTA_ACTIVE views= 8 weight= 0.75 mean_abs_feat_delta= 0.238478\n"}
,{"stream_name":"stdout","time":592.693063112,"data":"EDGE_TTA_ACTIVE views= 10 mean_abs_feat_delta= 0.351391\n"}
,{"stream_name":"stdout","time":592.693094437,"data":"SECONDARY_EDGE_TTA_ACTIVE views= 8 weight= 0.75 mean_abs_feat_delta= 0.238478\n"}
,{"stream_name":"stdout","time":593.369997349,"data":"SECONDARY_EDGE_TTA_ACTIVE views= 8 weight= 0.75 mean_abs_feat_delta= 0.286822\n"}
,{"stream_name":"stdout","time":593.572621363,"data":"SECONDARY_EDGE_TTA_ACTIVE views= 8 weight= 0.75 mean_abs_feat_delta= 0.286822\n"}
,{"stream_name":"stdout","time":593.7924504,"data":"EDGE_TTA_ACTIVE views= 10 mean_abs_feat_delta= 0.31805\n"}
,{"stream_name":"stdout","time":593.995023913,"data":"EDGE_TTA_ACTIVE views= 10 mean_abs_feat_delta= 0.31805\n"}
,{"stream_name":"stdout","time":594.605368365,"data":"EDGE_TTA_ACTIVE views= 10 mean_abs_feat_delta= 0.357895\n"}
,{"stream_name":"stdout","time":594.67423238,"data":"SECONDARY_EDGE_TTA_ACTIVE views= 8 weight= 0.75 mean_abs_feat_delta= 0.234529\n"}
,{"stream_name":"stdout","time":594.807912656,"data":"EDGE_TTA_ACTIVE views= 10 mean_abs_feat_delta= 0.357895\n"}
,{"stream_name":"stdout","time":594.807948302,"data":"SECONDARY_EDGE_TTA_ACTIVE views= 8 weight= 0.75 mean_abs_feat_delta= 0.234529\n"}
,{"stream_name":"stdout","time":595.487847756,"data":"SECONDARY_EDGE_TTA_ACTIVE views= 8 weight= 0.75 mean_abs_feat_delta= 0.282972\n"}
,{"stream_name":"stdout","time":595.690364699,"data":"SECONDARY_EDGE_TTA_ACTIVE views= 8 weight= 0.75 mean_abs_feat_delta= 0.282972\n"}
,{"stream_name":"stdout","time":595.882366592,"data":"EDGE_TTA_ACTIVE views= 10 mean_abs_feat_delta= 0.319469\n"}
,{"stream_name":"stdout","time":596.08475999,"data":"EDGE_TTA_ACTIVE views= 10 mean_abs_feat_delta= 0.319469\n"}
,{"stream_name":"stdout","time":596.720215352,"data":"EDGE_TTA_ACTIVE views= 10 mean_abs_feat_delta= 0.360937\n"}
,{"stream_name":"stdout","time":596.768552812,"data":"SECONDARY_EDGE_TTA_ACTIVE views= 8 weight= 0.75 mean_abs_feat_delta= 0.238533\n"}
,{"stream_name":"stdout","time":596.922666129,"data":"EDGE_TTA_ACTIVE views= 10 mean_abs_feat_delta= 0.360937\n"}
,{"stream_name":"stdout","time":596.922699247,"data":"SECONDARY_EDGE_TTA_ACTIVE views= 8 weight= 0.75 mean_abs_feat_delta= 0.238533\n"}
,{"stream_name":"stdout","time":597.60544643,"data":"SECONDARY_EDGE_TTA_ACTIVE views= 8 weight= 0.75 mean_abs_feat_delta= 0.284899\n"}
,{"stream_name":"stdout","time":597.807553913,"data":"SECONDARY_EDGE_TTA_ACTIVE views= 8 weight= 0.75 mean_abs_feat_delta= 0.284899\n"}
,{"stream_name":"stdout","time":597.983684491,"data":"EDGE_TTA_ACTIVE views= 10 mean_abs_feat_delta= 0.314969\n"}
,{"stream_name":"stdout","time":598.186137059,"data":"EDGE_TTA_ACTIVE views= 10 mean_abs_feat_delta= 0.314969\n"}
,{"stream_name":"stdout","time":598.845520824,"data":"EDGE_TTA_ACTIVE views= 10 mean_abs_feat_delta= 0.357411\n"}
,{"stream_name":"stdout","time":598.862942006,"data":"SECONDARY_EDGE_TTA_ACTIVE views= 8 weight= 0.75 mean_abs_feat_delta= 0.239819\n"}
,{"stream_name":"stdout","time":599.047767621,"data":"EDGE_TTA_ACTIVE views= 10 mean_abs_feat_delta= 0.357411\n"}
,{"stream_name":"stdout","time":599.047803758,"data":"SECONDARY_EDGE_TTA_ACTIVE views= 8 weight= 0.75 mean_abs_feat_delta= 0.239819\n"}
,{"stream_name":"stdout","time":599.730731997,"data":"SECONDARY_EDGE_TTA_ACTIVE views= 8 weight= 0.75 mean_abs_feat_delta= 0.276632\n"}
,{"stream_name":"stdout","time":599.933269913,"data":"SECONDARY_EDGE_TTA_ACTIVE views= 8 weight= 0.75 mean_abs_feat_delta= 0.276632\n"}
,{"stream_name":"stdout","time":600.066949403,"data":"EDGE_TTA_ACTIVE views= 10 mean_abs_feat_delta= 0.316482\n"}
,{"stream_name":"stdout","time":600.269262844,"data":"EDGE_TTA_ACTIVE views= 10 mean_abs_feat_delta= 0.316482\n"}
,{"stream_name":"stdout","time":600.958464223,"data":"SECONDARY_EDGE_TTA_ACTIVE views= 8 weight= 0.75 mean_abs_feat_delta= 0.242037\n"}
,{"stream_name":"stdout","time":600.963492268,"data":"EDGE_TTA_ACTIVE views= 10 mean_abs_feat_delta= 0.348481\n"}
,{"stream_name":"stdout","time":601.160758118,"data":"SECONDARY_EDGE_TTA_ACTIVE views= 8 weight= 0.75 mean_abs_feat_delta= 0.242037\n"}
,{"stream_name":"stdout","time":601.160785207,"data":"EDGE_TTA_ACTIVE views= 10 mean_abs_feat_delta= 0.348481\n"}
,{"stream_name":"stdout","time":601.852577309,"data":"SECONDARY_EDGE_TTA_ACTIVE views= 8 weight= 0.75 mean_abs_feat_delta= 0.278285\n"}
,{"stream_name":"stdout","time":602.055013437,"data":"SECONDARY_EDGE_TTA_ACTIVE views= 8 weight= 0.75 mean_abs_feat_delta= 0.278285\n"}
,{"stream_name":"stdout","time":602.17675365,"data":"EDGE_TTA_ACTIVE views= 10 mean_abs_feat_delta= 0.320002\n"}
,{"stream_name":"stdout","time":602.379124393,"data":"EDGE_TTA_ACTIVE views= 10 mean_abs_feat_delta= 0.320002\n"}
,{"stream_name":"stdout","time":603.069462238,"data":"SECONDARY_EDGE_TTA_ACTIVE views= 8 weight= 0.75 mean_abs_feat_delta= 0.241724\n"}
,{"stream_name":"stdout","time":603.100132995,"data":"EDGE_TTA_ACTIVE views= 10 mean_abs_feat_delta= 0.345898\n"}
,{"stream_name":"stdout","time":603.271892454,"data":"SECONDARY_EDGE_TTA_ACTIVE views= 8 weight= 0.75 mean_abs_feat_delta= 0.241724\n"}
,{"stream_name":"stdout","time":603.271923711,"data":"EDGE_TTA_ACTIVE views= 10 mean_abs_feat_delta= 0.345898\n"}
,{"stream_name":"stdout","time":603.989105113,"data":"SECONDARY_EDGE_TTA_ACTIVE views= 8 weight= 0.75 mean_abs_feat_delta= 0.280197\n"}
,{"stream_name":"stdout","time":603.993116326,"data":"BIOHUB_RETENTION_GUARD {\"blended_candidates\": 288, \"dataset\": \"44b6_0b24845f\", \"frame\": 20, \"minimum_retention\": 0.9, \"primary_candidates\": 323, \"retention\": 0.891640866873065, \"use_primary\": true}\n"}
,{"stream_name":"stdout","time":604.207860415,"data":"SECONDARY_EDGE_TTA_ACTIVE views= 8 weight= 0.75 mean_abs_feat_delta= 0.280197\n"}
,{"stream_name":"stdout","time":604.207884402,"data":"BIOHUB_RETENTION_GUARD {\"blended_candidates\": 288, \"dataset\": \"44b6_0b24845f\", \"frame\": 20, \"minimum_retention\": 0.9, \"primary_candidates\": 323, \"retention\": 0.891640866873065, \"use_primary\": true}\n"}
,{"stream_name":"stdout","time":604.295276956,"data":"EDGE_TTA_ACTIVE views= 10 mean_abs_feat_delta= 0.31717\n"}
,{"stream_name":"stdout","time":604.497511282,"data":"EDGE_TTA_ACTIVE views= 10 mean_abs_feat_delta= 0.31717\n"}
,{"stream_name":"stdout","time":605.192160142,"data":"SECONDARY_EDGE_TTA_ACTIVE views= 8 weight= 0.75 mean_abs_feat_delta= 0.234753\n"}
,{"stream_name":"stdout","time":605.227883263,"data":"EDGE_TTA_ACTIVE views= 10 mean_abs_feat_delta= 0.346272\n"}
,{"stream_name":"stdout","time":605.394407061,"data":"SECONDARY_EDGE_TTA_ACTIVE views= 8 weight= 0.75 mean_abs_feat_delta= 0.234753\n"}
,{"stream_name":"stdout","time":605.394439192,"data":"EDGE_TTA_ACTIVE views= 10 mean_abs_feat_delta= 0.346272\n"}
,{"stream_name":"stdout","time":606.121753093,"data":"SECONDARY_EDGE_TTA_ACTIVE views= 8 weight= 0.75 mean_abs_feat_delta= 0.281334\n"}
,{"stream_name":"stdout","time":606.12573367,"data":"BIOHUB_RETENTION_GUARD {\"blended_candidates\": 271, \"dataset\": \"44b6_0b24845f\", \"frame\": 21, \"minimum_retention\": 0.9, \"primary_candidates\": 328, \"retention\": 0.8262195121951219, \"use_primary\": true}\n"}
,{"stream_name":"stdout","time":606.324061462,"data":"SECONDARY_EDGE_TTA_ACTIVE views= 8 weight= 0.75 mean_abs_feat_delta= 0.281334\n"}
,{"stream_name":"stdout","time":606.324093173,"data":"BIOHUB_RETENTION_GUARD {\"blended_candidates\": 271, \"dataset\": \"44b6_0b24845f\", \"frame\": 21, \"minimum_retention\": 0.9, \"primary_candidates\": 328, \"retention\": 0.8262195121951219, \"use_primary\": true}\n"}
,{"stream_name":"stdout","time":606.421197608,"data":"EDGE_TTA_ACTIVE views= 10 mean_abs_feat_delta= 0.319496\n"}
,{"stream_name":"stdout","time":606.623560202,"data":"EDGE_TTA_ACTIVE views= 10 mean_abs_feat_delta= 0.319496\n"}
,{"stream_name":"stdout","time":607.321668752,"data":"SECONDARY_EDGE_TTA_ACTIVE views= 8 weight= 0.75 mean_abs_feat_delta= 0.238746\n"}
,{"stream_name":"stdout","time":607.367199264,"data":"EDGE_TTA_ACTIVE views= 10 mean_abs_feat_delta= 0.347816\n"}
,{"stream_name":"stdout","time":607.524085869,"data":"SECONDARY_EDGE_TTA_ACTIVE views= 8 weight= 0.75 mean_abs_feat_delta= 0.238746\n"}
,{"stream_name":"stdout","time":607.524119403,"data":"EDGE_TTA_ACTIVE views= 10 mean_abs_feat_delta= 0.347816\n"}
,{"stream_name":"stdout","time":608.261279914,"data":"SECONDARY_EDGE_TTA_ACTIVE views= 8 weight= 0.75 mean_abs_feat_delta= 0.280031\n"}
,{"stream_name":"stdout","time":608.26533871,"data":"BIOHUB_RETENTION_GUARD {\"blended_candidates\": 292, \"dataset\": \"44b6_0b24845f\", \"frame\": 22, \"minimum_retention\": 0.9, \"primary_candidates\": 328, \"retention\": 0.8902439024390244, \"use_primary\": true}\n"}
,{"stream_name":"stdout","time":608.463675875,"data":"SECONDARY_EDGE_TTA_ACTIVE views= 8 weight= 0.75 mean_abs_feat_delta= 0.280031\n"}
,{"stream_name":"stdout","time":608.463758118,"data":"BIOHUB_RETENTION_GUARD {\"blended_candidates\": 292, \"dataset\": \"44b6_0b24845f\", \"frame\": 22, \"minimum_retention\": 0.9, \"primary_candidates\": 328, \"retention\": 0.8902439024390244, \"use_primary\": true}\n"}
,{"stream_name":"stdout","time":608.543240163,"data":"EDGE_TTA_ACTIVE views= 10 mean_abs_feat_delta= 0.321435\n"}
,{"stream_name":"stdout","time":608.745749327,"data":"EDGE_TTA_ACTIVE views= 10 mean_abs_feat_delta= 0.321435\n"}
,{"stream_name":"stdout","time":609.444246739,"data":"SECONDARY_EDGE_TTA_ACTIVE views= 8 weight= 0.75 mean_abs_feat_delta= 0.238954\n"}
,{"stream_name":"stdout","time":609.506897207,"data":"EDGE_TTA_ACTIVE views= 10 mean_abs_feat_delta= 0.351414\n"}
,{"stream_name":"stdout","time":609.646562528,"data":"SECONDARY_EDGE_TTA_ACTIVE views= 8 weight= 0.75 mean_abs_feat_delta= 0.238954\n"}
,{"stream_name":"stdout","time":609.646593654,"data":"EDGE_TTA_ACTIVE views= 10 mean_abs_feat_delta= 0.351414\n"}
,{"stream_name":"stdout","time":610.404443134,"data":"SECONDARY_EDGE_TTA_ACTIVE views= 8 weight= 0.75 mean_abs_feat_delta= 0.277655\n"}
,{"stream_name":"stdout","time":610.606863115,"data":"SECONDARY_EDGE_TTA_ACTIVE views= 8 weight= 0.75 mean_abs_feat_delta= 0.277655\n"}
,{"stream_name":"stdout","time":610.703877767,"data":"EDGE_TTA_ACTIVE views= 10 mean_abs_feat_delta= 0.32666\n"}
,{"stream_name":"stdout","time":610.906241113,"data":"EDGE_TTA_ACTIVE views= 10 mean_abs_feat_delta= 0.32666\n"}
,{"stream_name":"stdout","time":611.610073264,"data":"SECONDARY_EDGE_TTA_ACTIVE views= 8 weight= 0.75 mean_abs_feat_delta= 0.235145\n"}
,{"stream_name":"stdout","time":611.664617684,"data":"EDGE_TTA_ACTIVE views= 10 mean_abs_feat_delta= 0.351369\n"}
,{"stream_name":"stdout","time":611.812447027,"data":"SECONDARY_EDGE_TTA_ACTIVE views= 8 weight= 0.75 mean_abs_feat_delta= 0.235145\n"}
,{"stream_name":"stdout","time":611.812478332,"data":"EDGE_TTA_ACTIVE views= 10 mean_abs_feat_delta= 0.351369\n"}
,{"stream_name":"stdout","time":612.562378194,"data":"SECONDARY_EDGE_TTA_ACTIVE views= 8 weight= 0.75 mean_abs_feat_delta= 0.282322\n"}
,{"stream_name":"stdout","time":612.566234298,"data":"BIOHUB_RETENTION_GUARD {\"blended_candidates\": 262, \"dataset\": \"44b6_0b24845f\", \"frame\": 24, \"minimum_retention\": 0.9, \"primary_candidates\": 308, \"retention\": 0.8506493506493507, \"use_primary\": true}\n"}
,{"stream_name":"stdout","time":612.76474442,"data":"SECONDARY_EDGE_TTA_ACTIVE views= 8 weight= 0.75 mean_abs_feat_delta= 0.282322\n"}
,{"stream_name":"stdout","time":612.764777621,"data":"BIOHUB_RETENTION_GUARD {\"blended_candidates\": 262, \"dataset\": \"44b6_0b24845f\", \"frame\": 24, \"minimum_retention\": 0.9, \"primary_candidates\": 308, \"retention\": 0.8506493506493507, \"use_primary\": true}\n"}
,{"stream_name":"stdout","time":612.844397094,"data":"EDGE_TTA_ACTIVE views= 10 mean_abs_feat_delta= 0.325373\n"}
,{"stream_name":"stdout","time":613.04659991,"data":"EDGE_TTA_ACTIVE views= 10 mean_abs_feat_delta= 0.325373\n"}
,{"stream_name":"stdout","time":613.751682281,"data":"SECONDARY_EDGE_TTA_ACTIVE views= 8 weight= 0.75 mean_abs_feat_delta= 0.236219\n"}
,{"stream_name":"stdout","time":613.812265249,"data":"EDGE_TTA_ACTIVE views= 10 mean_abs_feat_delta= 0.353042\n"}
,{"stream_name":"stdout","time":613.95425024,"data":"SECONDARY_EDGE_TTA_ACTIVE views= 8 weight= 0.75 mean_abs_feat_delta= 0.236219\n"}
,{"stream_name":"stdout","time":613.954287026,"data":"EDGE_TTA_ACTIVE views= 10 mean_abs_feat_delta= 0.353042\n"}
,{"stream_name":"stdout","time":614.710543197,"data":"SECONDARY_EDGE_TTA_ACTIVE views= 8 weight= 0.75 mean_abs_feat_delta= 0.280181\n"}
,{"stream_name":"stdout","time":614.714543,"data":"BIOHUB_RETENTION_GUARD {\"blended_candidates\": 288, \"dataset\": \"44b6_0b24845f\", \"frame\": 25, \"minimum_retention\": 0.9, \"primary_candidates\": 322, \"retention\": 0.8944099378881988, \"use_primary\": true}\n"}
,{"stream_name":"stdout","time":614.912928469,"data":"SECONDARY_EDGE_TTA_ACTIVE views= 8 weight= 0.75 mean_abs_feat_delta= 0.280181\n"}
,{"stream_name":"stdout","time":614.912997619,"data":"BIOHUB_RETENTION_GUARD {\"blended_candidates\": 288, \"dataset\": \"44b6_0b24845f\", \"frame\": 25, \"minimum_retention\": 0.9, \"primary_candidates\": 322, \"retention\": 0.8944099378881988, \"use_primary\": true}\n"}
,{"stream_name":"stdout","time":615.018261125,"data":"EDGE_TTA_ACTIVE views= 10 mean_abs_feat_delta= 0.321938\n"}
,{"stream_name":"stdout","time":615.220332098,"data":"EDGE_TTA_ACTIVE views= 10 mean_abs_feat_delta= 0.321938\n"}
,{"stream_name":"stdout","time":615.92509379,"data":"SECONDARY_EDGE_TTA_ACTIVE views= 8 weight= 0.75 mean_abs_feat_delta= 0.234985\n"}
,{"stream_name":"stdout","time":615.963413238,"data":"EDGE_TTA_ACTIVE views= 10 mean_abs_feat_delta= 0.357163\n"}
,{"stream_name":"stdout","time":616.127420755,"data":"SECONDARY_EDGE_TTA_ACTIVE views= 8 weight= 0.75 mean_abs_feat_delta= 0.234985\n"}
,{"stream_name":"stdout","time":616.127452724,"data":"EDGE_TTA_ACTIVE views= 10 mean_abs_feat_delta= 0.357163\n"}
,{"stream_name":"stdout","time":616.863464377,"data":"SECONDARY_EDGE_TTA_ACTIVE views= 8 weight= 0.75 mean_abs_feat_delta= 0.284381\n"}
,{"stream_name":"stdout","time":616.867572117,"data":"BIOHUB_RETENTION_GUARD {\"blended_candidates\": 268, \"dataset\": \"44b6_0b24845f\", \"frame\": 26, \"minimum_retention\": 0.9, \"primary_candidates\": 302, \"retention\": 0.8874172185430463, \"use_primary\": true}\n"}
,{"stream_name":"stdout","time":617.065934335,"data":"SECONDARY_EDGE_TTA_ACTIVE views= 8 weight= 0.75 mean_abs_feat_delta= 0.284381\n"}
,{"stream_name":"stdout","time":617.065966771,"data":"BIOHUB_RETENTION_GUARD {\"blended_candidates\": 268, \"dataset\": \"44b6_0b24845f\", \"frame\": 26, \"minimum_retention\": 0.9, \"primary_candidates\": 302, \"retention\": 0.8874172185430463, \"use_primary\": true}\n"}
,{"stream_name":"stdout","time":617.160029099,"data":"EDGE_TTA_ACTIVE views= 10 mean_abs_feat_delta= 0.323613\n"}
,{"stream_name":"stdout","time":617.36235659,"data":"EDGE_TTA_ACTIVE views= 10 mean_abs_feat_delta= 0.323613\n"}
,{"stream_name":"stdout","time":618.069388299,"data":"SECONDARY_EDGE_TTA_ACTIVE views= 8 weight= 0.75 mean_abs_feat_delta= 0.230623\n"}
,{"stream_name":"stdout","time":618.113741952,"data":"EDGE_TTA_ACTIVE views= 10 mean_abs_feat_delta= 0.361215\n"}
,{"stream_name":"stdout","time":618.271978914,"data":"SECONDARY_EDGE_TTA_ACTIVE views= 8 weight= 0.75 mean_abs_feat_delta= 0.230623\n"}
,{"stream_name":"stdout","time":618.272011743,"data":"EDGE_TTA_ACTIVE views= 10 mean_abs_feat_delta= 0.361215\n"}
,{"stream_name":"stdout","time":619.018716938,"data":"SECONDARY_EDGE_TTA_ACTIVE views= 8 weight= 0.75 mean_abs_feat_delta= 0.289602\n"}
,{"stream_name":"stdout","time":619.022999559,"data":"BIOHUB_RETENTION_GUARD {\"blended_candidates\": 255, \"dataset\": \"44b6_0b24845f\", \"frame\": 27, \"minimum_retention\": 0.9, \"primary_candidates\": 298, \"retention\": 0.8557046979865772, \"use_primary\": true}\n"}
,{"stream_name":"stdout","time":619.221461101,"data":"SECONDARY_EDGE_TTA_ACTIVE views= 8 weight= 0.75 mean_abs_feat_delta= 0.289602\n"}
,{"stream_name":"stdout","time":619.221495617,"data":"BIOHUB_RETENTION_GUARD {\"blended_candidates\": 255, \"dataset\": \"44b6_0b24845f\", \"frame\": 27, \"minimum_retention\": 0.9, \"primary_candidates\": 298, \"retention\": 0.8557046979865772, \"use_primary\": true}\n"}
,{"stream_name":"stdout","time":619.31727604,"data":"EDGE_TTA_ACTIVE views= 10 mean_abs_feat_delta= 0.325989\n"}
,{"stream_name":"stdout","time":619.51966043,"data":"EDGE_TTA_ACTIVE views= 10 mean_abs_feat_delta= 0.325989\n"}
,{"stream_name":"stdout","time":620.230667035,"data":"SECONDARY_EDGE_TTA_ACTIVE views= 8 weight= 0.75 mean_abs_feat_delta= 0.233514\n"}
,{"stream_name":"stdout","time":620.298398806,"data":"EDGE_TTA_ACTIVE views= 10 mean_abs_feat_delta= 0.357015\n"}
,{"stream_name":"stdout","time":620.433095429,"data":"SECONDARY_EDGE_TTA_ACTIVE views= 8 weight= 0.75 mean_abs_feat_delta= 0.233514\n"}
,{"stream_name":"stdout","time":620.433128305,"data":"EDGE_TTA_ACTIVE views= 10 mean_abs_feat_delta= 0.357015\n"}
,{"stream_name":"stdout","time":621.199019669,"data":"SECONDARY_EDGE_TTA_ACTIVE views= 8 weight= 0.75 mean_abs_feat_delta= 0.291319\n"}
,{"stream_name":"stdout","time":621.401319839,"data":"SECONDARY_EDGE_TTA_ACTIVE views= 8 weight= 0.75 mean_abs_feat_delta= 0.291319\n"}
,{"stream_name":"stdout","time":621.510496546,"data":"EDGE_TTA_ACTIVE views= 10 mean_abs_feat_delta= 0.324182\n"}
,{"stream_name":"stdout","time":621.712839314,"data":"EDGE_TTA_ACTIVE views= 10 mean_abs_feat_delta= 0.324182\n"}
,{"stream_name":"stdout","time":622.425143147,"data":"SECONDARY_EDGE_TTA_ACTIVE views= 8 weight= 0.75 mean_abs_feat_delta= 0.236419\n"}
,{"stream_name":"stdout","time":622.454625301,"data":"EDGE_TTA_ACTIVE views= 10 mean_abs_feat_delta= 0.357955\n"}
,{"stream_name":"stdout","time":622.62810414,"data":"SECONDARY_EDGE_TTA_ACTIVE views= 8 weight= 0.75 mean_abs_feat_delta= 0.236419\n"}
,{"stream_name":"stdout","time":622.62813387,"data":"EDGE_TTA_ACTIVE views= 10 mean_abs_feat_delta= 0.357955\n"}
,{"stream_name":"stdout","time":623.362802969,"data":"SECONDARY_EDGE_TTA_ACTIVE views= 8 weight= 0.75 mean_abs_feat_delta= 0.283865\n"}
,{"stream_name":"stdout","time":623.56764979,"data":"SECONDARY_EDGE_TTA_ACTIVE views= 8 weight= 0.75 mean_abs_feat_delta= 0.283865\n"}
,{"stream_name":"stdout","time":623.669395578,"data":"EDGE_TTA_ACTIVE views= 10 mean_abs_feat_delta= 0.330074\n"}
,{"stream_name":"stdout","time":623.871711914,"data":"EDGE_TTA_ACTIVE views= 10 mean_abs_feat_delta= 0.330074\n"}
,{"stream_name":"stdout","time":624.592353662,"data":"SECONDARY_EDGE_TTA_ACTIVE views= 8 weight= 0.75 mean_abs_feat_delta= 0.240106\n"}
,{"stream_name":"stdout","time":624.664720822,"data":"EDGE_TTA_ACTIVE views= 10 mean_abs_feat_delta= 0.356232\n"}
,{"stream_name":"stdout","time":624.79755661,"data":"SECONDARY_EDGE_TTA_ACTIVE views= 8 weight= 0.75 mean_abs_feat_delta= 0.240106\n"}
,{"stream_name":"stdout","time":624.797637685,"data":"EDGE_TTA_ACTIVE views= 10 mean_abs_feat_delta= 0.356232\n"}
,{"stream_name":"stdout","time":625.578136692,"data":"SECONDARY_EDGE_TTA_ACTIVE views= 8 weight= 0.75 mean_abs_feat_delta= 0.282155\n"}
,{"stream_name":"stdout","time":625.780496501,"data":"SECONDARY_EDGE_TTA_ACTIVE views= 8 weight= 0.75 mean_abs_feat_delta= 0.282155\n"}
,{"stream_name":"stdout","time":625.914511719,"data":"EDGE_TTA_ACTIVE views= 10 mean_abs_feat_delta= 0.331234\n"}
,{"stream_name":"stdout","time":626.116713379,"data":"EDGE_TTA_ACTIVE views= 10 mean_abs_feat_delta= 0.331234\n"}
,{"stream_name":"stdout","time":626.837629843,"data":"EDGE_TTA_ACTIVE views= 10 mean_abs_feat_delta= 0.352263\n"}
,{"stream_name":"stdout","time":626.839233096,"data":"SECONDARY_EDGE_TTA_ACTIVE views= 8 weight= 0.75 mean_abs_feat_delta= 0.251196\n"}
,{"stream_name":"stdout","time":627.040068557,"data":"EDGE_TTA_ACTIVE views= 10 mean_abs_feat_delta= 0.352263\n"}
,{"stream_name":"stdout","time":627.040102124,"data":"SECONDARY_EDGE_TTA_ACTIVE views= 8 weight= 0.75 mean_abs_feat_delta= 0.251196\n"}
,{"stream_name":"stdout","time":627.752378304,"data":"SECONDARY_EDGE_TTA_ACTIVE views= 8 weight= 0.75 mean_abs_feat_delta= 0.283753\n"}
,{"stream_name":"stdout","time":627.954777762,"data":"SECONDARY_EDGE_TTA_ACTIVE views= 8 weight= 0.75 mean_abs_feat_delta= 0.283753\n"}
,{"stream_name":"stdout","time":628.150153466,"data":"EDGE_TTA_ACTIVE views= 10 mean_abs_feat_delta= 0.331022\n"}
,{"stream_name":"stdout","time":628.352501312,"data":"EDGE_TTA_ACTIVE views= 10 mean_abs_feat_delta= 0.331022\n"}
,{"stream_name":"stdout","time":629.042353578,"data":"EDGE_TTA_ACTIVE views= 10 mean_abs_feat_delta= 0.355215\n"}
,{"stream_name":"stdout","time":629.07297702,"data":"SECONDARY_EDGE_TTA_ACTIVE views= 8 weight= 0.75 mean_abs_feat_delta= 0.251416\n"}
,{"stream_name":"stdout","time":629.244546575,"data":"EDGE_TTA_ACTIVE views= 10 mean_abs_feat_delta= 0.355215\n"}
,{"stream_name":"stdout","time":629.244586382,"data":"SECONDARY_EDGE_TTA_ACTIVE views= 8 weight= 0.75 mean_abs_feat_delta= 0.251416\n"}
,{"stream_name":"stdout","time":629.959822713,"data":"SECONDARY_EDGE_TTA_ACTIVE views= 8 weight= 0.75 mean_abs_feat_delta= 0.282429\n"}
,{"stream_name":"stdout","time":629.963914391,"data":"BIOHUB_RETENTION_GUARD {\"blended_candidates\": 241, \"dataset\": \"44b6_0b24845f\", \"frame\": 32, \"minimum_retention\": 0.9, \"primary_candidates\": 294, \"retention\": 0.8197278911564626, \"use_primary\": true}\n"}
,{"stream_name":"stdout","time":630.162197668,"data":"SECONDARY_EDGE_TTA_ACTIVE views= 8 weight= 0.75 mean_abs_feat_delta= 0.282429\n"}
,{"stream_name":"stdout","time":630.162229816,"data":"BIOHUB_RETENTION_GUARD {\"blended_candidates\": 241, \"dataset\": \"44b6_0b24845f\", \"frame\": 32, \"minimum_retention\": 0.9, \"primary_candidates\": 294, \"retention\": 0.8197278911564626, \"use_primary\": true}\n"}
,{"stream_name":"stdout","time":630.336554036,"data":"EDGE_TTA_ACTIVE views= 10 mean_abs_feat_delta= 0.335074\n"}
,{"stream_name":"stdout","time":630.539253905,"data":"EDGE_TTA_ACTIVE views= 10 mean_abs_feat_delta= 0.335074\n"}
,{"stream_name":"stdout","time":631.220263426,"data":"EDGE_TTA_ACTIVE views= 10 mean_abs_feat_delta= 0.359452\n"}
,{"stream_name":"stdout","time":631.267574748,"data":"SECONDARY_EDGE_TTA_ACTIVE views= 8 weight= 0.75 mean_abs_feat_delta= 0.251129\n"}
,{"stream_name":"stdout","time":631.422883133,"data":"EDGE_TTA_ACTIVE views= 10 mean_abs_feat_delta= 0.359452\n"}
,{"stream_name":"stdout","time":631.422917257,"data":"SECONDARY_EDGE_TTA_ACTIVE views= 8 weight= 0.75 mean_abs_feat_delta= 0.251129\n"}
,{"stream_name":"stdout","time":632.135095699,"data":"SECONDARY_EDGE_TTA_ACTIVE views= 8 weight= 0.75 mean_abs_feat_delta= 0.280468\n"}
,{"stream_name":"stdout","time":632.139274754,"data":"BIOHUB_RETENTION_GUARD {\"blended_candidates\": 232, \"dataset\": \"44b6_0b24845f\", \"frame\": 33, \"minimum_retention\": 0.9, \"primary_candidates\": 277, \"retention\": 0.8375451263537906, \"use_primary\": true}\n"}
,{"stream_name":"stdout","time":632.337638402,"data":"SECONDARY_EDGE_TTA_ACTIVE views= 8 weight= 0.75 mean_abs_feat_delta= 0.280468\n"}
,{"stream_name":"stdout","time":632.337669817,"data":"BIOHUB_RETENTION_GUARD {\"blended_candidates\": 232, \"dataset\": \"44b6_0b24845f\", \"frame\": 33, \"minimum_retention\": 0.9, \"primary_candidates\": 277, \"retention\": 0.8375451263537906, \"use_primary\": true}\n"}
,{"stream_name":"stdout","time":632.548442935,"data":"EDGE_TTA_ACTIVE views= 10 mean_abs_feat_delta= 0.330505\n"}
,{"stream_name":"stdout","time":632.750786303,"data":"EDGE_TTA_ACTIVE views= 10 mean_abs_feat_delta= 0.330505\n"}
,{"stream_name":"stdout","time":633.399894702,"data":"EDGE_TTA_ACTIVE views= 10 mean_abs_feat_delta= 0.359024\n"}
,{"stream_name":"stdout","time":633.472067795,"data":"SECONDARY_EDGE_TTA_ACTIVE views= 8 weight= 0.75 mean_abs_feat_delta= 0.248917\n"}
,{"stream_name":"stdout","time":633.602838091,"data":"EDGE_TTA_ACTIVE views= 10 mean_abs_feat_delta= 0.359024\n"}
,{"stream_name":"stdout","time":633.602872364,"data":"SECONDARY_EDGE_TTA_ACTIVE views= 8 weight= 0.75 mean_abs_feat_delta= 0.248917\n"}
,{"stream_name":"stdout","time":634.322093725,"data":"SECONDARY_EDGE_TTA_ACTIVE views= 8 weight= 0.75 mean_abs_feat_delta= 0.273313\n"}
,{"stream_name":"stdout","time":634.543412766,"data":"SECONDARY_EDGE_TTA_ACTIVE views= 8 weight= 0.75 mean_abs_feat_delta= 0.273313\n"}
,{"stream_name":"stdout","time":634.7427237,"data":"EDGE_TTA_ACTIVE views= 10 mean_abs_feat_delta= 0.32512\n"}
,{"stream_name":"stdout","time":634.945114978,"data":"EDGE_TTA_ACTIVE views= 10 mean_abs_feat_delta= 0.32512\n"}
,{"stream_name":"stdout","time":635.590137487,"data":"EDGE_TTA_ACTIVE views= 10 mean_abs_feat_delta= 0.357904\n"}
,{"stream_name":"stdout","time":635.673765655,"data":"SECONDARY_EDGE_TTA_ACTIVE views= 8 weight= 0.75 mean_abs_feat_delta= 0.248317\n"}
,{"stream_name":"stdout","time":635.792482967,"data":"EDGE_TTA_ACTIVE views= 10 mean_abs_feat_delta= 0.357904\n"}
,{"stream_name":"stdout","time":635.79251713,"data":"SECONDARY_EDGE_TTA_ACTIVE views= 8 weight= 0.75 mean_abs_feat_delta= 0.248317\n"}
,{"stream_name":"stdout","time":636.513277165,"data":"SECONDARY_EDGE_TTA_ACTIVE views= 8 weight= 0.75 mean_abs_feat_delta= 0.27435\n"}
,{"stream_name":"stdout","time":636.715831605,"data":"SECONDARY_EDGE_TTA_ACTIVE views= 8 weight= 0.75 mean_abs_feat_delta= 0.27435\n"}
,{"stream_name":"stdout","time":636.952584788,"data":"EDGE_TTA_ACTIVE views= 10 mean_abs_feat_delta= 0.323351\n"}
,{"stream_name":"stdout","time":637.15500079,"data":"EDGE_TTA_ACTIVE views= 10 mean_abs_feat_delta= 0.323351\n"}
,{"stream_name":"stdout","time":637.794256048,"data":"EDGE_TTA_ACTIVE views= 10 mean_abs_feat_delta= 0.367641\n"}
,{"stream_name":"stdout","time":637.887397628,"data":"SECONDARY_EDGE_TTA_ACTIVE views= 8 weight= 0.75 mean_abs_feat_delta= 0.247468\n"}
,{"stream_name":"stdout","time":637.99681546,"data":"EDGE_TTA_ACTIVE views= 10 mean_abs_feat_delta= 0.367641\n"}
,{"stream_name":"stdout","time":637.996852956,"data":"SECONDARY_EDGE_TTA_ACTIVE views= 8 weight= 0.75 mean_abs_feat_delta= 0.247468\n"}
,{"stream_name":"stdout","time":638.719593404,"data":"SECONDARY_EDGE_TTA_ACTIVE views= 8 weight= 0.75 mean_abs_feat_delta= 0.28122\n"}
,{"stream_name":"stdout","time":638.92202539,"data":"SECONDARY_EDGE_TTA_ACTIVE views= 8 weight= 0.75 mean_abs_feat_delta= 0.28122\n"}
,{"stream_name":"stdout","time":639.166344359,"data":"EDGE_TTA_ACTIVE views= 10 mean_abs_feat_delta= 0.321032\n"}
,{"stream_name":"stdout","time":639.368609388,"data":"EDGE_TTA_ACTIVE views= 10 mean_abs_feat_delta= 0.321032\n"}
,{"stream_name":"stdout","time":640.005647778,"data":"EDGE_TTA_ACTIVE views= 10 mean_abs_feat_delta= 0.362452\n"}
,{"stream_name":"stdout","time":640.104775374,"data":"SECONDARY_EDGE_TTA_ACTIVE views= 8 weight= 0.75 mean_abs_feat_delta= 0.246968\n"}
,{"stream_name":"stdout","time":640.207979902,"data":"EDGE_TTA_ACTIVE views= 10 mean_abs_feat_delta= 0.362452\n"}
,{"stream_name":"stdout","time":640.208012467,"data":"SECONDARY_EDGE_TTA_ACTIVE views= 8 weight= 0.75 mean_abs_feat_delta= 0.246968\n"}
,{"stream_name":"stdout","time":640.931667216,"data":"SECONDARY_EDGE_TTA_ACTIVE views= 8 weight= 0.75 mean_abs_feat_delta= 0.277064\n"}
,{"stream_name":"stdout","time":641.134171108,"data":"SECONDARY_EDGE_TTA_ACTIVE views= 8 weight= 0.75 mean_abs_feat_delta= 0.277064\n"}
,{"stream_name":"stdout","time":641.382921672,"data":"EDGE_TTA_ACTIVE views= 10 mean_abs_feat_delta= 0.32336\n"}
,{"stream_name":"stdout","time":641.585537098,"data":"EDGE_TTA_ACTIVE views= 10 mean_abs_feat_delta= 0.32336\n"}
,{"stream_name":"stdout","time":642.213606011,"data":"EDGE_TTA_ACTIVE views= 10 mean_abs_feat_delta= 0.36048\n"}
,{"stream_name":"stdout","time":642.325259516,"data":"SECONDARY_EDGE_TTA_ACTIVE views= 8 weight= 0.75 mean_abs_feat_delta= 0.250361\n"}
,{"stream_name":"stdout","time":642.415900466,"data":"EDGE_TTA_ACTIVE views= 10 mean_abs_feat_delta= 0.36048\n"}
,{"stream_name":"stdout","time":642.416001059,"data":"SECONDARY_EDGE_TTA_ACTIVE views= 8 weight= 0.75 mean_abs_feat_delta= 0.250361\n"}
,{"stream_name":"stdout","time":643.149965874,"data":"SECONDARY_EDGE_TTA_ACTIVE views= 8 weight= 0.75 mean_abs_feat_delta= 0.274933\n"}
,{"stream_name":"stdout","time":643.352361957,"data":"SECONDARY_EDGE_TTA_ACTIVE views= 8 weight= 0.75 mean_abs_feat_delta= 0.274933\n"}
,{"stream_name":"stdout","time":643.61177967,"data":"EDGE_TTA_ACTIVE views= 10 mean_abs_feat_delta= 0.327252\n"}
,{"stream_name":"stdout","time":643.814195109,"data":"EDGE_TTA_ACTIVE views= 10 mean_abs_feat_delta= 0.327252\n"}
,{"stream_name":"stdout","time":644.432074075,"data":"EDGE_TTA_ACTIVE views= 10 mean_abs_feat_delta= 0.365102\n"}
,{"stream_name":"stdout","time":644.558472911,"data":"SECONDARY_EDGE_TTA_ACTIVE views= 8 weight= 0.75 mean_abs_feat_delta= 0.24375\n"}
,{"stream_name":"stdout","time":644.634322217,"data":"EDGE_TTA_ACTIVE views= 10 mean_abs_feat_delta= 0.365102\n"}
,{"stream_name":"stdout","time":644.634348849,"data":"SECONDARY_EDGE_TTA_ACTIVE views= 8 weight= 0.75 mean_abs_feat_delta= 0.24375\n"}
,{"stream_name":"stdout","time":645.358856805,"data":"SECONDARY_EDGE_TTA_ACTIVE views= 8 weight= 0.75 mean_abs_feat_delta= 0.278308\n"}
,{"stream_name":"stdout","time":645.561602481,"data":"SECONDARY_EDGE_TTA_ACTIVE views= 8 weight= 0.75 mean_abs_feat_delta= 0.278308\n"}
,{"stream_name":"stdout","time":645.838441873,"data":"EDGE_TTA_ACTIVE views= 10 mean_abs_feat_delta= 0.329145\n"}
,{"stream_name":"stdout","time":646.040849911,"data":"EDGE_TTA_ACTIVE views= 10 mean_abs_feat_delta= 0.329145\n"}
,{"stream_name":"stdout","time":646.648579993,"data":"EDGE_TTA_ACTIVE views= 10 mean_abs_feat_delta= 0.366496\n"}
,{"stream_name":"stdout","time":646.786293712,"data":"SECONDARY_EDGE_TTA_ACTIVE views= 8 weight= 0.75 mean_abs_feat_delta= 0.239566\n"}
,{"stream_name":"stdout","time":646.850946734,"data":"EDGE_TTA_ACTIVE views= 10 mean_abs_feat_delta= 0.366496\n"}
,{"stream_name":"stdout","time":646.850971357,"data":"SECONDARY_EDGE_TTA_ACTIVE views= 8 weight= 0.75 mean_abs_feat_delta= 0.239566\n"}
,{"stream_name":"stdout","time":647.581367297,"data":"SECONDARY_EDGE_TTA_ACTIVE views= 8 weight= 0.75 mean_abs_feat_delta= 0.285352\n"}
,{"stream_name":"stdout","time":647.585452518,"data":"BIOHUB_RETENTION_GUARD {\"blended_candidates\": 296, \"dataset\": \"44b6_0b24845f\", \"frame\": 40, \"minimum_retention\": 0.9, \"primary_candidates\": 329, \"retention\": 0.8996960486322189, \"use_primary\": true}\n"}
,{"stream_name":"stdout","time":647.78394469,"data":"SECONDARY_EDGE_TTA_ACTIVE views= 8 weight= 0.75 mean_abs_feat_delta= 0.285352\n"}
,{"stream_name":"stdout","time":647.783979591,"data":"BIOHUB_RETENTION_GUARD {\"blended_candidates\": 296, \"dataset\": \"44b6_0b24845f\", \"frame\": 40, \"minimum_retention\": 0.9, \"primary_candidates\": 329, \"retention\": 0.8996960486322189, \"use_primary\": true}\n"}
,{"stream_name":"stdout","time":648.079770252,"data":"EDGE_TTA_ACTIVE views= 10 mean_abs_feat_delta= 0.323561\n"}
,{"stream_name":"stdout","time":648.282152712,"data":"EDGE_TTA_ACTIVE views= 10 mean_abs_feat_delta= 0.323561\n"}
,{"stream_name":"stdout","time":648.870720957,"data":"EDGE_TTA_ACTIVE views= 10 mean_abs_feat_delta= 0.361587\n"}
,{"stream_name":"stdout","time":649.034380658,"data":"SECONDARY_EDGE_TTA_ACTIVE views= 8 weight= 0.75 mean_abs_feat_delta= 0.242074\n"}
,{"stream_name":"stdout","time":649.072963554,"data":"EDGE_TTA_ACTIVE views= 10 mean_abs_feat_delta= 0.361587\n"}
,{"stream_name":"stdout","time":649.072987193,"data":"SECONDARY_EDGE_TTA_ACTIVE views= 8 weight= 0.75 mean_abs_feat_delta= 0.242074\n"}
,{"stream_name":"stdout","time":649.804693878,"data":"SECONDARY_EDGE_TTA_ACTIVE views= 8 weight= 0.75 mean_abs_feat_delta= 0.280788\n"}
,{"stream_name":"stdout","time":650.00704189,"data":"SECONDARY_EDGE_TTA_ACTIVE views= 8 weight= 0.75 mean_abs_feat_delta= 0.280788\n"}
,{"stream_name":"stdout","time":650.332663665,"data":"EDGE_TTA_ACTIVE views= 10 mean_abs_feat_delta= 0.322833\n"}
,{"stream_name":"stdout","time":650.535090576,"data":"EDGE_TTA_ACTIVE views= 10 mean_abs_feat_delta= 0.322833\n"}
,{"stream_name":"stdout","time":651.105329026,"data":"EDGE_TTA_ACTIVE views= 10 mean_abs_feat_delta= 0.358241\n"}
,{"stream_name":"stdout","time":651.292692669,"data":"SECONDARY_EDGE_TTA_ACTIVE views= 8 weight= 0.75 mean_abs_feat_delta= 0.24388\n"}
,{"stream_name":"stdout","time":651.307779349,"data":"EDGE_TTA_ACTIVE views= 10 mean_abs_feat_delta= 0.358241\n"}
,{"stream_name":"stdout","time":651.307799509,"data":"SECONDARY_EDGE_TTA_ACTIVE views= 8 weight= 0.75 mean_abs_feat_delta= 0.24388\n"}
,{"stream_name":"stdout","time":652.040163593,"data":"SECONDARY_EDGE_TTA_ACTIVE views= 8 weight= 0.75 mean_abs_feat_delta= 0.282166\n"}
,{"stream_name":"stdout","time":652.242659433,"data":"SECONDARY_EDGE_TTA_ACTIVE views= 8 weight= 0.75 mean_abs_feat_delta= 0.282166\n"}
,{"stream_name":"stdout","time":652.603475065,"data":"EDGE_TTA_ACTIVE views= 10 mean_abs_feat_delta= 0.325711\n"}
,{"stream_name":"stdout","time":652.805968262,"data":"EDGE_TTA_ACTIVE views= 10 mean_abs_feat_delta= 0.325711\n"}
,{"stream_name":"stdout","time":653.373614015,"data":"EDGE_TTA_ACTIVE views= 10 mean_abs_feat_delta= 0.361825\n"}
,{"stream_name":"stdout","time":653.568149806,"data":"SECONDARY_EDGE_TTA_ACTIVE views= 8 weight= 0.75 mean_abs_feat_delta= 0.242396\n"}
,{"stream_name":"stdout","time":653.576019985,"data":"EDGE_TTA_ACTIVE views= 10 mean_abs_feat_delta= 0.361825\n"}
,{"stream_name":"stdout","time":653.576066603,"data":"SECONDARY_EDGE_TTA_ACTIVE views= 8 weight= 0.75 mean_abs_feat_delta= 0.242396\n"}
,{"stream_name":"stdout","time":654.313774994,"data":"SECONDARY_EDGE_TTA_ACTIVE views= 8 weight= 0.75 mean_abs_feat_delta= 0.283823\n"}
,{"stream_name":"stdout","time":654.516176344,"data":"SECONDARY_EDGE_TTA_ACTIVE views= 8 weight= 0.75 mean_abs_feat_delta= 0.283823\n"}
,{"stream_name":"stdout","time":654.919531052,"data":"EDGE_TTA_ACTIVE views= 10 mean_abs_feat_delta= 0.32711\n"}
,{"stream_name":"stdout","time":655.122076552,"data":"EDGE_TTA_ACTIVE views= 10 mean_abs_feat_delta= 0.32711\n"}
,{"stream_name":"stdout","time":655.634109869,"data":"EDGE_TTA_ACTIVE views= 10 mean_abs_feat_delta= 0.363905\n"}
,{"stream_name":"stdout","time":655.836471202,"data":"EDGE_TTA_ACTIVE views= 10 mean_abs_feat_delta= 0.363905\n"}
,{"stream_name":"stdout","time":655.875866689,"data":"SECONDARY_EDGE_TTA_ACTIVE views= 8 weight= 0.75 mean_abs_feat_delta= 0.24245\n"}
,{"stream_name":"stdout","time":656.07831997,"data":"SECONDARY_EDGE_TTA_ACTIVE views= 8 weight= 0.75 mean_abs_feat_delta= 0.24245\n"}
,{"stream_name":"stdout","time":656.576668888,"data":"SECONDARY_EDGE_TTA_ACTIVE views= 8 weight= 0.75 mean_abs_feat_delta= 0.281373\n"}
,{"stream_name":"stdout","time":656.779135171,"data":"SECONDARY_EDGE_TTA_ACTIVE views= 8 weight= 0.75 mean_abs_feat_delta= 0.281373\n"}
,{"stream_name":"stdout","time":657.226590238,"data":"EDGE_TTA_ACTIVE views= 10 mean_abs_feat_delta= 0.328334\n"}
,{"stream_name":"stdout","time":657.429173356,"data":"EDGE_TTA_ACTIVE views= 10 mean_abs_feat_delta= 0.328334\n"}
,{"stream_name":"stdout","time":657.880394741,"data":"EDGE_TTA_ACTIVE views= 10 mean_abs_feat_delta= 0.364969\n"}
,{"stream_name":"stdout","time":658.082922067,"data":"EDGE_TTA_ACTIVE views= 10 mean_abs_feat_delta= 0.364969\n"}
,{"stream_name":"stdout","time":658.19957409,"data":"SECONDARY_EDGE_TTA_ACTIVE views= 8 weight= 0.75 mean_abs_feat_delta= 0.246663\n"}
,{"stream_name":"stdout","time":658.402219762,"data":"SECONDARY_EDGE_TTA_ACTIVE views= 8 weight= 0.75 mean_abs_feat_delta= 0.246663\n"}
,{"stream_name":"stdout","time":658.825330163,"data":"SECONDARY_EDGE_TTA_ACTIVE views= 8 weight= 0.75 mean_abs_feat_delta= 0.281151\n"}
,{"stream_name":"stdout","time":659.027608789,"data":"SECONDARY_EDGE_TTA_ACTIVE views= 8 weight= 0.75 mean_abs_feat_delta= 0.281151\n"}
,{"stream_name":"stdout","time":659.517783955,"data":"EDGE_TTA_ACTIVE views= 10 mean_abs_feat_delta= 0.326127\n"}
,{"stream_name":"stdout","time":659.720331393,"data":"EDGE_TTA_ACTIVE views= 10 mean_abs_feat_delta= 0.326127\n"}
,{"stream_name":"stdout","time":660.137006708,"data":"EDGE_TTA_ACTIVE views= 10 mean_abs_feat_delta= 0.360361\n"}
,{"stream_name":"stdout","time":660.339454744,"data":"EDGE_TTA_ACTIVE views= 10 mean_abs_feat_delta= 0.360361\n"}
,{"stream_name":"stdout","time":660.494149596,"data":"SECONDARY_EDGE_TTA_ACTIVE views= 8 weight= 0.75 mean_abs_feat_delta= 0.248161\n"}
,{"stream_name":"stdout","time":660.696546484,"data":"SECONDARY_EDGE_TTA_ACTIVE views= 8 weight= 0.75 mean_abs_feat_delta= 0.248161\n"}
,{"stream_name":"stdout","time":661.080980425,"data":"SECONDARY_EDGE_TTA_ACTIVE views= 8 weight= 0.75 mean_abs_feat_delta= 0.288338\n"}
,{"stream_name":"stdout","time":661.084928356,"data":"BIOHUB_RETENTION_GUARD {\"blended_candidates\": 274, \"dataset\": \"44b6_0b24845f\", \"frame\": 46, \"minimum_retention\": 0.9, \"primary_candidates\": 305, \"retention\": 0.898360655737705, \"use_primary\": true}\n"}
,{"stream_name":"stdout","time":661.283488141,"data":"SECONDARY_EDGE_TTA_ACTIVE views= 8 weight= 0.75 mean_abs_feat_delta= 0.288338\n"}
,{"stream_name":"stdout","time":661.28352581,"data":"BIOHUB_RETENTION_GUARD {\"blended_candidates\": 274, \"dataset\": \"44b6_0b24845f\", \"frame\": 46, \"minimum_retention\": 0.9, \"primary_candidates\": 305, \"retention\": 0.898360655737705, \"use_primary\": true}\n"}
,{"stream_name":"stdout","time":661.814832904,"data":"EDGE_TTA_ACTIVE views= 10 mean_abs_feat_delta= 0.326027\n"}
,{"stream_name":"stdout","time":662.017129807,"data":"EDGE_TTA_ACTIVE views= 10 mean_abs_feat_delta= 0.326027\n"}
,{"stream_name":"stdout","time":662.41125559,"data":"EDGE_TTA_ACTIVE views= 10 mean_abs_feat_delta= 0.363005\n"}
,{"stream_name":"stdout","time":662.6135949,"data":"EDGE_TTA_ACTIVE views= 10 mean_abs_feat_delta= 0.363005\n"}
,{"stream_name":"stdout","time":662.787939144,"data":"SECONDARY_EDGE_TTA_ACTIVE views= 8 weight= 0.75 mean_abs_feat_delta= 0.244572\n"}
,{"stream_name":"stdout","time":662.990246779,"data":"SECONDARY_EDGE_TTA_ACTIVE views= 8 weight= 0.75 mean_abs_feat_delta= 0.244572\n"}
,{"stream_name":"stdout","time":663.358702517,"data":"SECONDARY_EDGE_TTA_ACTIVE views= 8 weight= 0.75 mean_abs_feat_delta= 0.292434\n"}
,{"stream_name":"stdout","time":663.362695502,"data":"BIOHUB_RETENTION_GUARD {\"blended_candidates\": 262, \"dataset\": \"44b6_0b24845f\", \"frame\": 47, \"minimum_retention\": 0.9, \"primary_candidates\": 311, \"retention\": 0.842443729903537, \"use_primary\": true}\n"}
,{"stream_name":"stdout","time":663.561186281,"data":"SECONDARY_EDGE_TTA_ACTIVE views= 8 weight= 0.75 mean_abs_feat_delta= 0.292434\n"}
,{"stream_name":"stdout","time":663.56122043,"data":"BIOHUB_RETENTION_GUARD {\"blended_candidates\": 262, \"dataset\": \"44b6_0b24845f\", \"frame\": 47, \"minimum_retention\": 0.9, \"primary_candidates\": 311, \"retention\": 0.842443729903537, \"use_primary\": true}\n"}
,{"stream_name":"stdout","time":664.120131489,"data":"EDGE_TTA_ACTIVE views= 10 mean_abs_feat_delta= 0.321175\n"}
,{"stream_name":"stdout","time":664.322348329,"data":"EDGE_TTA_ACTIVE views= 10 mean_abs_feat_delta= 0.321175\n"}
,{"stream_name":"stdout","time":664.687349989,"data":"EDGE_TTA_ACTIVE views= 10 mean_abs_feat_delta= 0.370704\n"}
,{"stream_name":"stdout","time":664.911223741,"data":"EDGE_TTA_ACTIVE views= 10 mean_abs_feat_delta= 0.370704\n"}
,{"stream_name":"stdout","time":665.104113456,"data":"SECONDARY_EDGE_TTA_ACTIVE views= 8 weight= 0.75 mean_abs_feat_delta= 0.244253\n"}
,{"stream_name":"stdout","time":665.30619195,"data":"SECONDARY_EDGE_TTA_ACTIVE views= 8 weight= 0.75 mean_abs_feat_delta= 0.244253\n"}
,{"stream_name":"stdout","time":665.63735548,"data":"SECONDARY_EDGE_TTA_ACTIVE views= 8 weight= 0.75 mean_abs_feat_delta= 0.288129\n"}
,{"stream_name":"stdout","time":665.839728699,"data":"SECONDARY_EDGE_TTA_ACTIVE views= 8 weight= 0.75 mean_abs_feat_delta= 0.288129\n"}
,{"stream_name":"stdout","time":666.443076708,"data":"EDGE_TTA_ACTIVE views= 10 mean_abs_feat_delta= 0.328597\n"}
,{"stream_name":"stdout","time":666.645779493,"data":"EDGE_TTA_ACTIVE views= 10 mean_abs_feat_delta= 0.328597\n"}
,{"stream_name":"stdout","time":666.943800899,"data":"EDGE_TTA_ACTIVE views= 10 mean_abs_feat_delta= 0.365343\n"}
,{"stream_name":"stdout","time":667.146102118,"data":"EDGE_TTA_ACTIVE views= 10 mean_abs_feat_delta= 0.365343\n"}
,{"stream_name":"stdout","time":667.420406396,"data":"SECONDARY_EDGE_TTA_ACTIVE views= 8 weight= 0.75 mean_abs_feat_delta= 0.251298\n"}
,{"stream_name":"stdout","time":667.623062337,"data":"SECONDARY_EDGE_TTA_ACTIVE views= 8 weight= 0.75 mean_abs_feat_delta= 0.251298\n"}
,{"stream_name":"stdout","time":667.897487777,"data":"SECONDARY_EDGE_TTA_ACTIVE views= 8 weight= 0.75 mean_abs_feat_delta= 0.299885\n"}
,{"stream_name":"stdout","time":668.09973602,"data":"SECONDARY_EDGE_TTA_ACTIVE views= 8 weight= 0.75 mean_abs_feat_delta= 0.299885\n"}
,{"stream_name":"stdout","time":668.760244626,"data":"EDGE_TTA_ACTIVE views= 10 mean_abs_feat_delta= 0.324783\n"}
,{"stream_name":"stdout","time":668.96267079,"data":"EDGE_TTA_ACTIVE views= 10 mean_abs_feat_delta= 0.324783\n"}
,{"stream_name":"stdout","time":669.217115841,"data":"EDGE_TTA_ACTIVE views= 10 mean_abs_feat_delta= 0.366355\n"}
,{"stream_name":"stdout","time":669.41940123,"data":"EDGE_TTA_ACTIVE views= 10 mean_abs_feat_delta= 0.366355\n"}
,{"stream_name":"stdout","time":669.73700028,"data":"SECONDARY_EDGE_TTA_ACTIVE views= 8 weight= 0.75 mean_abs_feat_delta= 0.241945\n"}
,{"stream_name":"stdout","time":669.939507976,"data":"SECONDARY_EDGE_TTA_ACTIVE views= 8 weight= 0.75 mean_abs_feat_delta= 0.241945\n"}
,{"stream_name":"stdout","time":670.169918206,"data":"SECONDARY_EDGE_TTA_ACTIVE views= 8 weight= 0.75 mean_abs_feat_delta= 0.305548\n"}
,{"stream_name":"stdout","time":670.173920786,"data":"BIOHUB_RETENTION_GUARD {\"blended_candidates\": 247, \"dataset\": \"44b6_0b24845f\", \"frame\": 50, \"minimum_retention\": 0.9, \"primary_candidates\": 288, \"retention\": 0.8576388888888888, \"use_primary\": true}\n"}
,{"stream_name":"stdout","time":670.372458783,"data":"SECONDARY_EDGE_TTA_ACTIVE views= 8 weight= 0.75 mean_abs_feat_delta= 0.305548\n"}
,{"stream_name":"stdout","time":670.372492615,"data":"BIOHUB_RETENTION_GUARD {\"blended_candidates\": 247, \"dataset\": \"44b6_0b24845f\", \"frame\": 50, \"minimum_retention\": 0.9, \"primary_candidates\": 288, \"retention\": 0.8576388888888888, \"use_primary\": true}\n"}
,{"stream_name":"stdout","time":671.075436431,"data":"EDGE_TTA_ACTIVE views= 10 mean_abs_feat_delta= 0.326798\n"}
,{"stream_name":"stdout","time":671.27800608,"data":"EDGE_TTA_ACTIVE views= 10 mean_abs_feat_delta= 0.326798\n"}
,{"stream_name":"stdout","time":671.518552428,"data":"EDGE_TTA_ACTIVE views= 10 mean_abs_feat_delta= 0.364641\n"}
,{"stream_name":"stdout","time":671.720925862,"data":"EDGE_TTA_ACTIVE views= 10 mean_abs_feat_delta= 0.364641\n"}
,{"stream_name":"stdout","time":672.067595239,"data":"SECONDARY_EDGE_TTA_ACTIVE views= 8 weight= 0.75 mean_abs_feat_delta= 0.241039\n"}
,{"stream_name":"stdout","time":672.27000408,"data":"SECONDARY_EDGE_TTA_ACTIVE views= 8 weight= 0.75 mean_abs_feat_delta= 0.241039\n"}
,{"stream_name":"stdout","time":672.477661754,"data":"SECONDARY_EDGE_TTA_ACTIVE views= 8 weight= 0.75 mean_abs_feat_delta= 0.296505\n"}
,{"stream_name":"stdout","time":672.48182829,"data":"BIOHUB_RETENTION_GUARD {\"blended_candidates\": 306, \"dataset\": \"44b6_0b24845f\", \"frame\": 51, \"minimum_retention\": 0.9, \"primary_candidates\": 353, \"retention\": 0.8668555240793201, \"use_primary\": true}\n"}
,{"stream_name":"stdout","time":672.680133664,"data":"SECONDARY_EDGE_TTA_ACTIVE views= 8 weight= 0.75 mean_abs_feat_delta= 0.296505\n"}
,{"stream_name":"stdout","time":672.680176931,"data":"BIOHUB_RETENTION_GUARD {\"blended_candidates\": 306, \"dataset\": \"44b6_0b24845f\", \"frame\": 51, \"minimum_retention\": 0.9, \"primary_candidates\": 353, \"retention\": 0.8668555240793201, \"use_primary\": true}\n"}
,{"stream_name":"stdout","time":673.443863308,"data":"EDGE_TTA_ACTIVE views= 10 mean_abs_feat_delta= 0.33539\n"}
,{"stream_name":"stdout","time":673.646220527,"data":"EDGE_TTA_ACTIVE views= 10 mean_abs_feat_delta= 0.33539\n"}
,{"stream_name":"stdout","time":673.833625462,"data":"EDGE_TTA_ACTIVE views= 10 mean_abs_feat_delta= 0.360963\n"}
,{"stream_name":"stdout","time":674.035847816,"data":"EDGE_TTA_ACTIVE views= 10 mean_abs_feat_delta= 0.360963\n"}
,{"stream_name":"stdout","time":674.434573826,"data":"SECONDARY_EDGE_TTA_ACTIVE views= 8 weight= 0.75 mean_abs_feat_delta= 0.250851\n"}
,{"stream_name":"stdout","time":674.636955049,"data":"SECONDARY_EDGE_TTA_ACTIVE views= 8 weight= 0.75 mean_abs_feat_delta= 0.250851\n"}
,{"stream_name":"stdout","time":674.800138484,"data":"SECONDARY_EDGE_TTA_ACTIVE views= 8 weight= 0.75 mean_abs_feat_delta= 0.295986\n"}
,{"stream_name":"stdout","time":675.002775219,"data":"SECONDARY_EDGE_TTA_ACTIVE views= 8 weight= 0.75 mean_abs_feat_delta= 0.295986\n"}
,{"stream_name":"stdout","time":675.798903004,"data":"EDGE_TTA_ACTIVE views= 10 mean_abs_feat_delta= 0.333945\n"}
,{"stream_name":"stdout","time":676.001155712,"data":"EDGE_TTA_ACTIVE views= 10 mean_abs_feat_delta= 0.333945\n"}
,{"stream_name":"stdout","time":676.138930853,"data":"EDGE_TTA_ACTIVE views= 10 mean_abs_feat_delta= 0.362296\n"}
,{"stream_name":"stdout","time":676.340960493,"data":"EDGE_TTA_ACTIVE views= 10 mean_abs_feat_delta= 0.362296\n"}
,{"stream_name":"stdout","time":676.796539819,"data":"SECONDARY_EDGE_TTA_ACTIVE views= 8 weight= 0.75 mean_abs_feat_delta= 0.253217\n"}
,{"stream_name":"stdout","time":677.000290921,"data":"SECONDARY_EDGE_TTA_ACTIVE views= 8 weight= 0.75 mean_abs_feat_delta= 0.253217\n"}
,{"stream_name":"stdout","time":677.102399948,"data":"SECONDARY_EDGE_TTA_ACTIVE views= 8 weight= 0.75 mean_abs_feat_delta= 0.30285\n"}
,{"stream_name":"stdout","time":677.10642342,"data":"BIOHUB_RETENTION_GUARD {\"blended_candidates\": 301, \"dataset\": \"44b6_0b24845f\", \"frame\": 53, \"minimum_retention\": 0.9, \"primary_candidates\": 339, \"retention\": 0.887905604719764, \"use_primary\": true}\n"}
,{"stream_name":"stdout","time":677.304847598,"data":"SECONDARY_EDGE_TTA_ACTIVE views= 8 weight= 0.75 mean_abs_feat_delta= 0.30285\n"}
,{"stream_name":"stdout","time":677.304880419,"data":"BIOHUB_RETENTION_GUARD {\"blended_candidates\": 301, \"dataset\": \"44b6_0b24845f\", \"frame\": 53, \"minimum_retention\": 0.9, \"primary_candidates\": 339, \"retention\": 0.887905604719764, \"use_primary\": true}\n"}
,{"stream_name":"stdout","time":678.178699892,"data":"EDGE_TTA_ACTIVE views= 10 mean_abs_feat_delta= 0.332409\n"}
,{"stream_name":"stdout","time":678.380967988,"data":"EDGE_TTA_ACTIVE views= 10 mean_abs_feat_delta= 0.332409\n"}
,{"stream_name":"stdout","time":678.455637277,"data":"EDGE_TTA_ACTIVE views= 10 mean_abs_feat_delta= 0.360497\n"}
,{"stream_name":"stdout","time":678.657990855,"data":"EDGE_TTA_ACTIVE views= 10 mean_abs_feat_delta= 0.360497\n"}
,{"stream_name":"stdout","time":679.186258137,"data":"SECONDARY_EDGE_TTA_ACTIVE views= 8 weight= 0.75 mean_abs_feat_delta= 0.261342\n"}
,{"stream_name":"stdout","time":679.388440648,"data":"SECONDARY_EDGE_TTA_ACTIVE views= 8 weight= 0.75 mean_abs_feat_delta= 0.261342\n"}
,{"stream_name":"stdout","time":679.417139343,"data":"SECONDARY_EDGE_TTA_ACTIVE views= 8 weight= 0.75 mean_abs_feat_delta= 0.30254\n"}
,{"stream_name":"stdout","time":679.421253017,"data":"BIOHUB_RETENTION_GUARD {\"blended_candidates\": 316, \"dataset\": \"44b6_0b24845f\", \"frame\": 54, \"minimum_retention\": 0.9, \"primary_candidates\": 354, \"retention\": 0.8926553672316384, \"use_primary\": true}\n"}
,{"stream_name":"stdout","time":679.619488834,"data":"SECONDARY_EDGE_TTA_ACTIVE views= 8 weight= 0.75 mean_abs_feat_delta= 0.30254\n"}
,{"stream_name":"stdout","time":679.619519335,"data":"BIOHUB_RETENTION_GUARD {\"blended_candidates\": 316, \"dataset\": \"44b6_0b24845f\", \"frame\": 54, \"minimum_retention\": 0.9, \"primary_candidates\": 354, \"retention\": 0.8926553672316384, \"use_primary\": true}\n"}
,{"stream_name":"stdout","time":680.557395647,"data":"EDGE_TTA_ACTIVE views= 10 mean_abs_feat_delta= 0.333488\n"}
,{"stream_name":"stdout","time":680.752342047,"data":"EDGE_TTA_ACTIVE views= 10 mean_abs_feat_delta= 0.360896\n"}
,{"stream_name":"stdout","time":680.760273652,"data":"EDGE_TTA_ACTIVE views= 10 mean_abs_feat_delta= 0.333488\n"}
,{"stream_name":"stdout","time":680.760299356,"data":"EDGE_TTA_ACTIVE views= 10 mean_abs_feat_delta= 0.360896\n"}
,{"stream_name":"stdout","time":681.564155975,"data":"SECONDARY_EDGE_TTA_ACTIVE views= 8 weight= 0.75 mean_abs_feat_delta= 0.263655\n"}
,{"stream_name":"stdout","time":681.724872472,"data":"SECONDARY_EDGE_TTA_ACTIVE views= 8 weight= 0.75 mean_abs_feat_delta= 0.304896\n"}
,{"stream_name":"stdout","time":681.766644385,"data":"SECONDARY_EDGE_TTA_ACTIVE views= 8 weight= 0.75 mean_abs_feat_delta= 0.263655\n"}
,{"stream_name":"stdout","time":681.766671533,"data":"SECONDARY_EDGE_TTA_ACTIVE views= 8 weight= 0.75 mean_abs_feat_delta= 0.304896\n"}
,{"stream_name":"stdout","time":682.930178189,"data":"EDGE_TTA_ACTIVE views= 10 mean_abs_feat_delta= 0.33334\n"}
,{"stream_name":"stdout","time":683.074490567,"data":"EDGE_TTA_ACTIVE views= 10 mean_abs_feat_delta= 0.363846\n"}
,{"stream_name":"stdout","time":683.132638364,"data":"EDGE_TTA_ACTIVE views= 10 mean_abs_feat_delta= 0.33334\n"}
,{"stream_name":"stdout","time":683.132692909,"data":"EDGE_TTA_ACTIVE views= 10 mean_abs_feat_delta= 0.363846\n"}
,{"stream_name":"stdout","time":683.936083175,"data":"SECONDARY_EDGE_TTA_ACTIVE views= 8 weight= 0.75 mean_abs_feat_delta= 0.264049\n"}
,{"stream_name":"stdout","time":684.041666142,"data":"SECONDARY_EDGE_TTA_ACTIVE views= 8 weight= 0.75 mean_abs_feat_delta= 0.308335\n"}
,{"stream_name":"stdout","time":684.138428941,"data":"SECONDARY_EDGE_TTA_ACTIVE views= 8 weight= 0.75 mean_abs_feat_delta= 0.264049\n"}
,{"stream_name":"stdout","time":684.138460505,"data":"SECONDARY_EDGE_TTA_ACTIVE views= 8 weight= 0.75 mean_abs_feat_delta= 0.308335\n"}
,{"stream_name":"stdout","time":685.305385444,"data":"EDGE_TTA_ACTIVE views= 10 mean_abs_feat_delta= 0.33643\n"}
,{"stream_name":"stdout","time":685.388494042,"data":"EDGE_TTA_ACTIVE views= 10 mean_abs_feat_delta= 0.357998\n"}
,{"stream_name":"stdout","time":685.507635936,"data":"EDGE_TTA_ACTIVE views= 10 mean_abs_feat_delta= 0.33643\n"}
,{"stream_name":"stdout","time":685.507658985,"data":"EDGE_TTA_ACTIVE views= 10 mean_abs_feat_delta= 0.357998\n"}
,{"stream_name":"stdout","time":686.305564338,"data":"SECONDARY_EDGE_TTA_ACTIVE views= 8 weight= 0.75 mean_abs_feat_delta= 0.262185\n"}
,{"stream_name":"stdout","time":686.361980248,"data":"SECONDARY_EDGE_TTA_ACTIVE views= 8 weight= 0.75 mean_abs_feat_delta= 0.3079\n"}
,{"stream_name":"stdout","time":686.507581922,"data":"SECONDARY_EDGE_TTA_ACTIVE views= 8 weight= 0.75 mean_abs_feat_delta= 0.262185\n"}
,{"stream_name":"stdout","time":686.507615726,"data":"SECONDARY_EDGE_TTA_ACTIVE views= 8 weight= 0.75 mean_abs_feat_delta= 0.3079\n"}
,{"stream_name":"stdout","time":687.671311113,"data":"EDGE_TTA_ACTIVE views= 10 mean_abs_feat_delta= 0.342377\n"}
,{"stream_name":"stdout","time":687.715220109,"data":"EDGE_TTA_ACTIVE views= 10 mean_abs_feat_delta= 0.353406\n"}
,{"stream_name":"stdout","time":687.873739054,"data":"EDGE_TTA_ACTIVE views= 10 mean_abs_feat_delta= 0.342377\n"}
,{"stream_name":"stdout","time":687.873782018,"data":"EDGE_TTA_ACTIVE views= 10 mean_abs_feat_delta= 0.353406\n"}
,{"stream_name":"stdout","time":688.674996657,"data":"SECONDARY_EDGE_TTA_ACTIVE views= 8 weight= 0.75 mean_abs_feat_delta= 0.257653\n"}
,{"stream_name":"stdout","time":688.686595655,"data":"SECONDARY_EDGE_TTA_ACTIVE views= 8 weight= 0.75 mean_abs_feat_delta= 0.304751\n"}
,{"stream_name":"stdout","time":688.690834722,"data":"BIOHUB_RETENTION_GUARD {\"blended_candidates\": 253, \"dataset\": \"44b6_0b24845f\", \"frame\": 58, \"minimum_retention\": 0.9, \"primary_candidates\": 311, \"retention\": 0.8135048231511254, \"use_primary\": true}\n"}
,{"stream_name":"stdout","time":688.877405834,"data":"SECONDARY_EDGE_TTA_ACTIVE views= 8 weight= 0.75 mean_abs_feat_delta= 0.257653\n"}
,{"stream_name":"stdout","time":688.877458498,"data":"SECONDARY_EDGE_TTA_ACTIVE views= 8 weight= 0.75 mean_abs_feat_delta= 0.304751\n"}
,{"stream_name":"stdout","time":688.877463459,"data":"BIOHUB_RETENTION_GUARD {\"blended_candidates\": 253, \"dataset\": \"44b6_0b24845f\", \"frame\": 58, \"minimum_retention\": 0.9, \"primary_candidates\": 311, \"retention\": 0.8135048231511254, \"use_primary\": true}\n"}
,{"stream_name":"stdout","time":690.019918783,"data":"EDGE_TTA_ACTIVE views= 10 mean_abs_feat_delta= 0.355159\n"}
,{"stream_name":"stdout","time":690.029841576,"data":"EDGE_TTA_ACTIVE views= 10 mean_abs_feat_delta= 0.33519\n"}
,{"stream_name":"stdout","time":690.222266239,"data":"EDGE_TTA_ACTIVE views= 10 mean_abs_feat_delta= 0.355159\n"}
,{"stream_name":"stdout","time":690.222288706,"data":"EDGE_TTA_ACTIVE views= 10 mean_abs_feat_delta= 0.33519\n"}
,{"stream_name":"stdout","time":690.987203591,"data":"SECONDARY_EDGE_TTA_ACTIVE views= 8 weight= 0.75 mean_abs_feat_delta= 0.300835\n"}
,{"stream_name":"stdout","time":690.991312274,"data":"BIOHUB_RETENTION_GUARD {\"blended_candidates\": 298, \"dataset\": \"44b6_0b24845f\", \"frame\": 59, \"minimum_retention\": 0.9, \"primary_candidates\": 333, \"retention\": 0.8948948948948949, \"use_primary\": true}\n"}
,{"stream_name":"stdout","time":691.023284117,"data":"SECONDARY_EDGE_TTA_ACTIVE views= 8 weight= 0.75 mean_abs_feat_delta= 0.252778\n"}
,{"stream_name":"stdout","time":691.190941986,"data":"SECONDARY_EDGE_TTA_ACTIVE views= 8 weight= 0.75 mean_abs_feat_delta= 0.300835\n"}
,{"stream_name":"stdout","time":691.190989939,"data":"BIOHUB_RETENTION_GUARD {\"blended_candidates\": 298, \"dataset\": \"44b6_0b24845f\", \"frame\": 59, \"minimum_retention\": 0.9, \"primary_candidates\": 333, \"retention\": 0.8948948948948949, \"use_primary\": true}\n"}
,{"stream_name":"stdout","time":691.190999124,"data":"SECONDARY_EDGE_TTA_ACTIVE views= 8 weight= 0.75 mean_abs_feat_delta= 0.252778\n"}
,{"stream_name":"stdout","time":692.355331725,"data":"EDGE_TTA_ACTIVE views= 10 mean_abs_feat_delta= 0.356591\n"}
,{"stream_name":"stdout","time":692.396760136,"data":"EDGE_TTA_ACTIVE views= 10 mean_abs_feat_delta= 0.33396\n"}
,{"stream_name":"stdout","time":692.557691882,"data":"EDGE_TTA_ACTIVE views= 10 mean_abs_feat_delta= 0.356591\n"}
,{"stream_name":"stdout","time":692.557716687,"data":"EDGE_TTA_ACTIVE views= 10 mean_abs_feat_delta= 0.33396\n"}
,{"stream_name":"stdout","time":693.320990265,"data":"SECONDARY_EDGE_TTA_ACTIVE views= 8 weight= 0.75 mean_abs_feat_delta= 0.300158\n"}
,{"stream_name":"stdout","time":693.325019211,"data":"BIOHUB_RETENTION_GUARD {\"blended_candidates\": 325, \"dataset\": \"44b6_0b24845f\", \"frame\": 60, \"minimum_retention\": 0.9, \"primary_candidates\": 388, \"retention\": 0.8376288659793815, \"use_primary\": true}\n"}
,{"stream_name":"stdout","time":693.39318196,"data":"SECONDARY_EDGE_TTA_ACTIVE views= 8 weight= 0.75 mean_abs_feat_delta= 0.255196\n"}
,{"stream_name":"stdout","time":693.523471869,"data":"SECONDARY_EDGE_TTA_ACTIVE views= 8 weight= 0.75 mean_abs_feat_delta= 0.300158\n"}
,{"stream_name":"stdout","time":693.523533894,"data":"BIOHUB_RETENTION_GUARD {\"blended_candidates\": 325, \"dataset\": \"44b6_0b24845f\", \"frame\": 60, \"minimum_retention\": 0.9, \"primary_candidates\": 388, \"retention\": 0.8376288659793815, \"use_primary\": true}\n"}
,{"stream_name":"stdout","time":693.523540349,"data":"SECONDARY_EDGE_TTA_ACTIVE views= 8 weight= 0.75 mean_abs_feat_delta= 0.255196\n"}
,{"stream_name":"stdout","time":694.66534557,"data":"EDGE_TTA_ACTIVE views= 10 mean_abs_feat_delta= 0.353716\n"}
,{"stream_name":"stdout","time":694.736062592,"data":"EDGE_TTA_ACTIVE views= 10 mean_abs_feat_delta= 0.332575\n"}
,{"stream_name":"stdout","time":694.867748764,"data":"EDGE_TTA_ACTIVE views= 10 mean_abs_feat_delta= 0.353716\n"}
,{"stream_name":"stdout","time":694.867774406,"data":"EDGE_TTA_ACTIVE views= 10 mean_abs_feat_delta= 0.332575\n"}
,{"stream_name":"stdout","time":695.623872226,"data":"SECONDARY_EDGE_TTA_ACTIVE views= 8 weight= 0.75 mean_abs_feat_delta= 0.300168\n"}
,{"stream_name":"stdout","time":695.6281612,"data":"BIOHUB_RETENTION_GUARD {\"blended_candidates\": 270, \"dataset\": \"44b6_0b24845f\", \"frame\": 61, \"minimum_retention\": 0.9, \"primary_candidates\": 322, \"retention\": 0.8385093167701864, \"use_primary\": true}\n"}
,{"stream_name":"stdout","time":695.725318237,"data":"SECONDARY_EDGE_TTA_ACTIVE views= 8 weight= 0.75 mean_abs_feat_delta= 0.255652\n"}
,{"stream_name":"stdout","time":695.844636616,"data":"SECONDARY_EDGE_TTA_ACTIVE views= 8 weight= 0.75 mean_abs_feat_delta= 0.300168\n"}
,{"stream_name":"stdout","time":695.844660169,"data":"BIOHUB_RETENTION_GUARD {\"blended_candidates\": 270, \"dataset\": \"44b6_0b24845f\", \"frame\": 61, \"minimum_retention\": 0.9, \"primary_candidates\": 322, \"retention\": 0.8385093167701864, \"use_primary\": true}\n"}
,{"stream_name":"stdout","time":695.844665371,"data":"SECONDARY_EDGE_TTA_ACTIVE views= 8 weight= 0.75 mean_abs_feat_delta= 0.255652\n"}
,{"stream_name":"stdout","time":696.953902039,"data":"EDGE_TTA_ACTIVE views= 10 mean_abs_feat_delta= 0.354795\n"}
,{"stream_name":"stdout","time":697.081922174,"data":"EDGE_TTA_ACTIVE views= 10 mean_abs_feat_delta= 0.336933\n"}
,{"stream_name":"stdout","time":697.156283485,"data":"EDGE_TTA_ACTIVE views= 10 mean_abs_feat_delta= 0.354795\n"}
,{"stream_name":"stdout","time":697.156335077,"data":"EDGE_TTA_ACTIVE views= 10 mean_abs_feat_delta= 0.336933\n"}
,{"stream_name":"stdout","time":697.909122016,"data":"SECONDARY_EDGE_TTA_ACTIVE views= 8 weight= 0.75 mean_abs_feat_delta= 0.300845\n"}
,{"stream_name":"stdout","time":697.913164568,"data":"BIOHUB_RETENTION_GUARD {\"blended_candidates\": 294, \"dataset\": \"44b6_0b24845f\", \"frame\": 62, \"minimum_retention\": 0.9, \"primary_candidates\": 332, \"retention\": 0.8855421686746988, \"use_primary\": true}\n"}
,{"stream_name":"stdout","time":698.070681852,"data":"SECONDARY_EDGE_TTA_ACTIVE views= 8 weight= 0.75 mean_abs_feat_delta= 0.256616\n"}
,{"stream_name":"stdout","time":698.111933416,"data":"SECONDARY_EDGE_TTA_ACTIVE views= 8 weight= 0.75 mean_abs_feat_delta= 0.300845\n"}
,{"stream_name":"stdout","time":698.11197189,"data":"BIOHUB_RETENTION_GUARD {\"blended_candidates\": 294, \"dataset\": \"44b6_0b24845f\", \"frame\": 62, \"minimum_retention\": 0.9, \"primary_candidates\": 332, \"retention\": 0.8855421686746988, \"use_primary\": true}\n"}
,{"stream_name":"stdout","time":698.111978355,"data":"SECONDARY_EDGE_TTA_ACTIVE views= 8 weight= 0.75 mean_abs_feat_delta= 0.256616\n"}
,{"stream_name":"stdout","time":699.239466681,"data":"EDGE_TTA_ACTIVE views= 10 mean_abs_feat_delta= 0.362046\n"}
,{"stream_name":"stdout","time":699.408001141,"data":"EDGE_TTA_ACTIVE views= 10 mean_abs_feat_delta= 0.338815\n"}
,{"stream_name":"stdout","time":699.441980585,"data":"EDGE_TTA_ACTIVE views= 10 mean_abs_feat_delta= 0.362046\n"}
,{"stream_name":"stdout","time":699.442002917,"data":"EDGE_TTA_ACTIVE views= 10 mean_abs_feat_delta= 0.338815\n"}
,{"stream_name":"stdout","time":700.194456479,"data":"SECONDARY_EDGE_TTA_ACTIVE views= 8 weight= 0.75 mean_abs_feat_delta= 0.303221\n"}
,{"stream_name":"stdout","time":700.385320466,"data":"SECONDARY_EDGE_TTA_ACTIVE views= 8 weight= 0.75 mean_abs_feat_delta= 0.257121\n"}
,{"stream_name":"stdout","time":700.396916552,"data":"SECONDARY_EDGE_TTA_ACTIVE views= 8 weight= 0.75 mean_abs_feat_delta= 0.303221\n"}
,{"stream_name":"stdout","time":700.396940899,"data":"SECONDARY_EDGE_TTA_ACTIVE views= 8 weight= 0.75 mean_abs_feat_delta= 0.257121\n"}
,{"stream_name":"stdout","time":701.523790966,"data":"EDGE_TTA_ACTIVE views= 10 mean_abs_feat_delta= 0.356709\n"}
,{"stream_name":"stdout","time":701.726286537,"data":"EDGE_TTA_ACTIVE views= 10 mean_abs_feat_delta= 0.356709\n"}
,{"stream_name":"stdout","time":701.738831496,"data":"EDGE_TTA_ACTIVE views= 10 mean_abs_feat_delta= 0.340508\n"}
,{"stream_name":"stdout","time":701.940927181,"data":"EDGE_TTA_ACTIVE views= 10 mean_abs_feat_delta= 0.340508\n"}
,{"stream_name":"stdout","time":702.4786164,"data":"SECONDARY_EDGE_TTA_ACTIVE views= 8 weight= 0.75 mean_abs_feat_delta= 0.299317\n"}
,{"stream_name":"stdout","time":702.482681375,"data":"BIOHUB_RETENTION_GUARD {\"blended_candidates\": 294, \"dataset\": \"44b6_0b24845f\", \"frame\": 64, \"minimum_retention\": 0.9, \"primary_candidates\": 352, \"retention\": 0.8352272727272727, \"use_primary\": true}\n"}
,{"stream_name":"stdout","time":702.680968303,"data":"SECONDARY_EDGE_TTA_ACTIVE views= 8 weight= 0.75 mean_abs_feat_delta= 0.299317\n"}
,{"stream_name":"stdout","time":702.681001327,"data":"BIOHUB_RETENTION_GUARD {\"blended_candidates\": 294, \"dataset\": \"44b6_0b24845f\", \"frame\": 64, \"minimum_retention\": 0.9, \"primary_candidates\": 352, \"retention\": 0.8352272727272727, \"use_primary\": true}\n"}
,{"stream_name":"stdout","time":702.721467816,"data":"SECONDARY_EDGE_TTA_ACTIVE views= 8 weight= 0.75 mean_abs_feat_delta= 0.257896\n"}
,{"stream_name":"stdout","time":702.923753921,"data":"SECONDARY_EDGE_TTA_ACTIVE views= 8 weight= 0.75 mean_abs_feat_delta= 0.257896\n"}
,{"stream_name":"stdout","time":703.797593583,"data":"EDGE_TTA_ACTIVE views= 10 mean_abs_feat_delta= 0.357802\n"}
,{"stream_name":"stdout","time":704.000077193,"data":"EDGE_TTA_ACTIVE views= 10 mean_abs_feat_delta= 0.357802\n"}
,{"stream_name":"stdout","time":704.047494072,"data":"EDGE_TTA_ACTIVE views= 10 mean_abs_feat_delta= 0.341313\n"}
,{"stream_name":"stdout","time":704.249684511,"data":"EDGE_TTA_ACTIVE views= 10 mean_abs_feat_delta= 0.341313\n"}
,{"stream_name":"stdout","time":704.747960354,"data":"SECONDARY_EDGE_TTA_ACTIVE views= 8 weight= 0.75 mean_abs_feat_delta= 0.299955\n"}
,{"stream_name":"stdout","time":704.75215143,"data":"BIOHUB_RETENTION_GUARD {\"blended_candidates\": 325, \"dataset\": \"44b6_0b24845f\", \"frame\": 65, \"minimum_retention\": 0.9, \"primary_candidates\": 375, \"retention\": 0.8666666666666667, \"use_primary\": true}\n"}
,{"stream_name":"stdout","time":704.95034154,"data":"SECONDARY_EDGE_TTA_ACTIVE views= 8 weight= 0.75 mean_abs_feat_delta= 0.299955\n"}
,{"stream_name":"stdout","time":704.950374416,"data":"BIOHUB_RETENTION_GUARD {\"blended_candidates\": 325, \"dataset\": \"44b6_0b24845f\", \"frame\": 65, \"minimum_retention\": 0.9, \"primary_candidates\": 375, \"retention\": 0.8666666666666667, \"use_primary\": true}\n"}
,{"stream_name":"stdout","time":705.022433247,"data":"SECONDARY_EDGE_TTA_ACTIVE views= 8 weight= 0.75 mean_abs_feat_delta= 0.259858\n"}
,{"stream_name":"stdout","time":705.224829348,"data":"SECONDARY_EDGE_TTA_ACTIVE views= 8 weight= 0.75 mean_abs_feat_delta= 0.259858\n"}
,{"stream_name":"stdout","time":706.085795099,"data":"EDGE_TTA_ACTIVE views= 10 mean_abs_feat_delta= 0.357594\n"}
,{"stream_name":"stdout","time":706.288155866,"data":"EDGE_TTA_ACTIVE views= 10 mean_abs_feat_delta= 0.357594\n"}
,{"stream_name":"stdout","time":706.376702262,"data":"EDGE_TTA_ACTIVE views= 10 mean_abs_feat_delta= 0.340936\n"}
,{"stream_name":"stdout","time":706.578921057,"data":"EDGE_TTA_ACTIVE views= 10 mean_abs_feat_delta= 0.340936\n"}
,{"stream_name":"stdout","time":707.037131031,"data":"SECONDARY_EDGE_TTA_ACTIVE views= 8 weight= 0.75 mean_abs_feat_delta= 0.296912\n"}
,{"stream_name":"stdout","time":707.041226117,"data":"BIOHUB_RETENTION_GUARD {\"blended_candidates\": 308, \"dataset\": \"44b6_0b24845f\", \"frame\": 66, \"minimum_retention\": 0.9, \"primary_candidates\": 361, \"retention\": 0.853185595567867, \"use_primary\": true}\n"}
,{"stream_name":"stdout","time":707.239668808,"data":"SECONDARY_EDGE_TTA_ACTIVE views= 8 weight= 0.75 mean_abs_feat_delta= 0.296912\n"}
,{"stream_name":"stdout","time":707.239700117,"data":"BIOHUB_RETENTION_GUARD {\"blended_candidates\": 308, \"dataset\": \"44b6_0b24845f\", \"frame\": 66, \"minimum_retention\": 0.9, \"primary_candidates\": 361, \"retention\": 0.853185595567867, \"use_primary\": true}\n"}
,{"stream_name":"stdout","time":707.351435934,"data":"SECONDARY_EDGE_TTA_ACTIVE views= 8 weight= 0.75 mean_abs_feat_delta= 0.25507\n"}
,{"stream_name":"stdout","time":707.553856401,"data":"SECONDARY_EDGE_TTA_ACTIVE views= 8 weight= 0.75 mean_abs_feat_delta= 0.25507\n"}
,{"stream_name":"stdout","time":708.369511932,"data":"EDGE_TTA_ACTIVE views= 10 mean_abs_feat_delta= 0.355145\n"}
,{"stream_name":"stdout","time":708.571953865,"data":"EDGE_TTA_ACTIVE views= 10 mean_abs_feat_delta= 0.355145\n"}
,{"stream_name":"stdout","time":708.687281607,"data":"EDGE_TTA_ACTIVE views= 10 mean_abs_feat_delta= 0.339056\n"}
,{"stream_name":"stdout","time":708.889581484,"data":"EDGE_TTA_ACTIVE views= 10 mean_abs_feat_delta= 0.339056\n"}
,{"stream_name":"stdout","time":709.32039874,"data":"SECONDARY_EDGE_TTA_ACTIVE views= 8 weight= 0.75 mean_abs_feat_delta= 0.291366\n"}
,{"stream_name":"stdout","time":709.324530324,"data":"BIOHUB_RETENTION_GUARD {\"blended_candidates\": 277, \"dataset\": \"44b6_0b24845f\", \"frame\": 67, \"minimum_retention\": 0.9, \"primary_candidates\": 316, \"retention\": 0.8765822784810127, \"use_primary\": true}\n"}
,{"stream_name":"stdout","time":709.522768653,"data":"SECONDARY_EDGE_TTA_ACTIVE views= 8 weight= 0.75 mean_abs_feat_delta= 0.291366\n"}
,{"stream_name":"stdout","time":709.522800755,"data":"BIOHUB_RETENTION_GUARD {\"blended_candidates\": 277, \"dataset\": \"44b6_0b24845f\", \"frame\": 67, \"minimum_retention\": 0.9, \"primary_candidates\": 316, \"retention\": 0.8765822784810127, \"use_primary\": true}\n"}
,{"stream_name":"stdout","time":709.660214609,"data":"SECONDARY_EDGE_TTA_ACTIVE views= 8 weight= 0.75 mean_abs_feat_delta= 0.262098\n"}
,{"stream_name":"stdout","time":709.862634003,"data":"SECONDARY_EDGE_TTA_ACTIVE views= 8 weight= 0.75 mean_abs_feat_delta= 0.262098\n"}
,{"stream_name":"stdout","time":710.64463747,"data":"EDGE_TTA_ACTIVE views= 10 mean_abs_feat_delta= 0.355354\n"}
,{"stream_name":"stdout","time":710.847879964,"data":"EDGE_TTA_ACTIVE views= 10 mean_abs_feat_delta= 0.355354\n"}
,{"stream_name":"stdout","time":711.013556551,"data":"EDGE_TTA_ACTIVE views= 10 mean_abs_feat_delta= 0.337714\n"}
,{"stream_name":"stdout","time":711.215982205,"data":"EDGE_TTA_ACTIVE views= 10 mean_abs_feat_delta= 0.337714\n"}
,{"stream_name":"stdout","time":711.595530656,"data":"SECONDARY_EDGE_TTA_ACTIVE views= 8 weight= 0.75 mean_abs_feat_delta= 0.293296\n"}
,{"stream_name":"stdout","time":711.798069077,"data":"SECONDARY_EDGE_TTA_ACTIVE views= 8 weight= 0.75 mean_abs_feat_delta= 0.293296\n"}
,{"stream_name":"stdout","time":711.988568296,"data":"SECONDARY_EDGE_TTA_ACTIVE views= 8 weight= 0.75 mean_abs_feat_delta= 0.262847\n"}
,{"stream_name":"stdout","time":712.19113049,"data":"SECONDARY_EDGE_TTA_ACTIVE views= 8 weight= 0.75 mean_abs_feat_delta= 0.262847\n"}
,{"stream_name":"stdout","time":712.911859804,"data":"EDGE_TTA_ACTIVE views= 10 mean_abs_feat_delta= 0.354618\n"}
,{"stream_name":"stdout","time":713.11447804,"data":"EDGE_TTA_ACTIVE views= 10 mean_abs_feat_delta= 0.354618\n"}
,{"stream_name":"stdout","time":713.342771629,"data":"EDGE_TTA_ACTIVE views= 10 mean_abs_feat_delta= 0.339361\n"}
,{"stream_name":"stdout","time":713.545149729,"data":"EDGE_TTA_ACTIVE views= 10 mean_abs_feat_delta= 0.339361\n"}
,{"stream_name":"stdout","time":713.859422435,"data":"SECONDARY_EDGE_TTA_ACTIVE views= 8 weight= 0.75 mean_abs_feat_delta= 0.301719\n"}
,{"stream_name":"stdout","time":713.863582403,"data":"BIOHUB_RETENTION_GUARD {\"blended_candidates\": 309, \"dataset\": \"44b6_0b24845f\", \"frame\": 69, \"minimum_retention\": 0.9, \"primary_candidates\": 357, \"retention\": 0.865546218487395, \"use_primary\": true}\n"}
,{"stream_name":"stdout","time":714.061819181,"data":"SECONDARY_EDGE_TTA_ACTIVE views= 8 weight= 0.75 mean_abs_feat_delta= 0.301719\n"}
,{"stream_name":"stdout","time":714.061869318,"data":"BIOHUB_RETENTION_GUARD {\"blended_candidates\": 309, \"dataset\": \"44b6_0b24845f\", \"frame\": 69, \"minimum_retention\": 0.9, \"primary_candidates\": 357, \"retention\": 0.865546218487395, \"use_primary\": true}\n"}
,{"stream_name":"stdout","time":714.316487723,"data":"SECONDARY_EDGE_TTA_ACTIVE views= 8 weight= 0.75 mean_abs_feat_delta= 0.261047\n"}
,{"stream_name":"stdout","time":714.519001839,"data":"SECONDARY_EDGE_TTA_ACTIVE views= 8 weight= 0.75 mean_abs_feat_delta= 0.261047\n"}
,{"stream_name":"stdout","time":715.174601434,"data":"EDGE_TTA_ACTIVE views= 10 mean_abs_feat_delta= 0.353093\n"}
,{"stream_name":"stdout","time":715.377131588,"data":"EDGE_TTA_ACTIVE views= 10 mean_abs_feat_delta= 0.353093\n"}
,{"stream_name":"stdout","time":715.70961761,"data":"EDGE_TTA_ACTIVE views= 10 mean_abs_feat_delta= 0.339296\n"}
,{"stream_name":"stdout","time":715.912009396,"data":"EDGE_TTA_ACTIVE views= 10 mean_abs_feat_delta= 0.339296\n"}
,{"stream_name":"stdout","time":716.120062628,"data":"SECONDARY_EDGE_TTA_ACTIVE views= 8 weight= 0.75 mean_abs_feat_delta= 0.301488\n"}
,{"stream_name":"stdout","time":716.124347738,"data":"BIOHUB_RETENTION_GUARD {\"blended_candidates\": 246, \"dataset\": \"44b6_0b24845f\", \"frame\": 70, \"minimum_retention\": 0.9, \"primary_candidates\": 289, \"retention\": 0.8512110726643599, \"use_primary\": true}\n"}
,{"stream_name":"stdout","time":716.322537275,"data":"SECONDARY_EDGE_TTA_ACTIVE views= 8 weight= 0.75 mean_abs_feat_delta= 0.301488\n"}
,{"stream_name":"stdout","time":716.322588537,"data":"BIOHUB_RETENTION_GUARD {\"blended_candidates\": 246, \"dataset\": \"44b6_0b24845f\", \"frame\": 70, \"minimum_retention\": 0.9, \"primary_candidates\": 289, \"retention\": 0.8512110726643599, \"use_primary\": true}\n"}
,{"stream_name":"stdout","time":716.684655507,"data":"SECONDARY_EDGE_TTA_ACTIVE views= 8 weight= 0.75 mean_abs_feat_delta= 0.257455\n"}
,{"stream_name":"stdout","time":716.886739511,"data":"SECONDARY_EDGE_TTA_ACTIVE views= 8 weight= 0.75 mean_abs_feat_delta= 0.257455\n"}
,{"stream_name":"stdout","time":717.43086109,"data":"EDGE_TTA_ACTIVE views= 10 mean_abs_feat_delta= 0.347881\n"}
,{"stream_name":"stdout","time":717.633242913,"data":"EDGE_TTA_ACTIVE views= 10 mean_abs_feat_delta= 0.347881\n"}
,{"stream_name":"stdout","time":718.000522319,"data":"EDGE_TTA_ACTIVE views= 10 mean_abs_feat_delta= 0.331206\n"}
,{"stream_name":"stdout","time":718.202969388,"data":"EDGE_TTA_ACTIVE views= 10 mean_abs_feat_delta= 0.331206\n"}
,{"stream_name":"stdout","time":718.376850559,"data":"SECONDARY_EDGE_TTA_ACTIVE views= 8 weight= 0.75 mean_abs_feat_delta= 0.299423\n"}
,{"stream_name":"stdout","time":718.579108671,"data":"SECONDARY_EDGE_TTA_ACTIVE views= 8 weight= 0.75 mean_abs_feat_delta= 0.299423\n"}
,{"stream_name":"stdout","time":718.973113496,"data":"SECONDARY_EDGE_TTA_ACTIVE views= 8 weight= 0.75 mean_abs_feat_delta= 0.254838\n"}
,{"stream_name":"stdout","time":719.175555429,"data":"SECONDARY_EDGE_TTA_ACTIVE views= 8 weight= 0.75 mean_abs_feat_delta= 0.254838\n"}
,{"stream_name":"stdout","time":719.676716021,"data":"EDGE_TTA_ACTIVE views= 10 mean_abs_feat_delta= 0.348186\n"}
,{"stream_name":"stdout","time":719.880261075,"data":"EDGE_TTA_ACTIVE views= 10 mean_abs_feat_delta= 0.348186\n"}
,{"stream_name":"stdout","time":720.291304978,"data":"EDGE_TTA_ACTIVE views= 10 mean_abs_feat_delta= 0.331217\n"}
,{"stream_name":"stdout","time":720.493863459,"data":"EDGE_TTA_ACTIVE views= 10 mean_abs_feat_delta= 0.331217\n"}
,{"stream_name":"stdout","time":720.619542825,"data":"SECONDARY_EDGE_TTA_ACTIVE views= 8 weight= 0.75 mean_abs_feat_delta= 0.301712\n"}
,{"stream_name":"stdout","time":720.822050288,"data":"SECONDARY_EDGE_TTA_ACTIVE views= 8 weight= 0.75 mean_abs_feat_delta= 0.301712\n"}
,{"stream_name":"stdout","time":721.262843417,"data":"SECONDARY_EDGE_TTA_ACTIVE views= 8 weight= 0.75 mean_abs_feat_delta= 0.260524\n"}
,{"stream_name":"stdout","time":721.465059735,"data":"SECONDARY_EDGE_TTA_ACTIVE views= 8 weight= 0.75 mean_abs_feat_delta= 0.260524\n"}
,{"stream_name":"stdout","time":721.920444173,"data":"EDGE_TTA_ACTIVE views= 10 mean_abs_feat_delta= 0.348199\n"}
,{"stream_name":"stdout","time":722.122583984,"data":"EDGE_TTA_ACTIVE views= 10 mean_abs_feat_delta= 0.348199\n"}
,{"stream_name":"stdout","time":722.595886202,"data":"EDGE_TTA_ACTIVE views= 10 mean_abs_feat_delta= 0.335169\n"}
,{"stream_name":"stdout","time":722.798273766,"data":"EDGE_TTA_ACTIVE views= 10 mean_abs_feat_delta= 0.335169\n"}
,{"stream_name":"stdout","time":722.864515765,"data":"SECONDARY_EDGE_TTA_ACTIVE views= 8 weight= 0.75 mean_abs_feat_delta= 0.305584\n"}
,{"stream_name":"stdout","time":722.86869793,"data":"BIOHUB_RETENTION_GUARD {\"blended_candidates\": 185, \"dataset\": \"44b6_0b24845f\", \"frame\": 73, \"minimum_retention\": 0.9, \"primary_candidates\": 263, \"retention\": 0.7034220532319392, \"use_primary\": true}\n"}
,{"stream_name":"stdout","time":723.066881983,"data":"SECONDARY_EDGE_TTA_ACTIVE views= 8 weight= 0.75 mean_abs_feat_delta= 0.305584\n"}
,{"stream_name":"stdout","time":723.066913353,"data":"BIOHUB_RETENTION_GUARD {\"blended_candidates\": 185, \"dataset\": \"44b6_0b24845f\", \"frame\": 73, \"minimum_retention\": 0.9, \"primary_candidates\": 263, \"retention\": 0.7034220532319392, \"use_primary\": true}\n"}
,{"stream_name":"stdout","time":723.570137488,"data":"SECONDARY_EDGE_TTA_ACTIVE views= 8 weight= 0.75 mean_abs_feat_delta= 0.262847\n"}
,{"stream_name":"stdout","time":723.77247119,"data":"SECONDARY_EDGE_TTA_ACTIVE views= 8 weight= 0.75 mean_abs_feat_delta= 0.262847\n"}
,{"stream_name":"stdout","time":724.171129077,"data":"EDGE_TTA_ACTIVE views= 10 mean_abs_feat_delta= 0.357103\n"}
,{"stream_name":"stdout","time":724.373432892,"data":"EDGE_TTA_ACTIVE views= 10 mean_abs_feat_delta= 0.357103\n"}
,{"stream_name":"stdout","time":724.905806934,"data":"EDGE_TTA_ACTIVE views= 10 mean_abs_feat_delta= 0.333736\n"}
,{"stream_name":"stdout","time":725.107933744,"data":"EDGE_TTA_ACTIVE views= 10 mean_abs_feat_delta= 0.333736\n"}
,{"stream_name":"stdout","time":725.11778335,"data":"SECONDARY_EDGE_TTA_ACTIVE views= 8 weight= 0.75 mean_abs_feat_delta= 0.304789\n"}
,{"stream_name":"stdout","time":725.121671927,"data":"BIOHUB_RETENTION_GUARD {\"blended_candidates\": 208, \"dataset\": \"44b6_0b24845f\", \"frame\": 74, \"minimum_retention\": 0.9, \"primary_candidates\": 279, \"retention\": 0.7455197132616488, \"use_primary\": true}\n"}
,{"stream_name":"stdout","time":725.319955144,"data":"SECONDARY_EDGE_TTA_ACTIVE views= 8 weight= 0.75 mean_abs_feat_delta= 0.304789\n"}
,{"stream_name":"stdout","time":725.319988252,"data":"BIOHUB_RETENTION_GUARD {\"blended_candidates\": 208, \"dataset\": \"44b6_0b24845f\", \"frame\": 74, \"minimum_retention\": 0.9, \"primary_candidates\": 279, \"retention\": 0.7455197132616488, \"use_primary\": true}\n"}
,{"stream_name":"stdout","time":725.877621938,"data":"SECONDARY_EDGE_TTA_ACTIVE views= 8 weight= 0.75 mean_abs_feat_delta= 0.260131\n"}
,{"stream_name":"stdout","time":726.106855875,"data":"SECONDARY_EDGE_TTA_ACTIVE views= 8 weight= 0.75 mean_abs_feat_delta= 0.260131\n"}
,{"stream_name":"stdout","time":726.419373565,"data":"EDGE_TTA_ACTIVE views= 10 mean_abs_feat_delta= 0.347642\n"}
,{"stream_name":"stdout","time":726.621783953,"data":"EDGE_TTA_ACTIVE views= 10 mean_abs_feat_delta= 0.347642\n"}
,{"stream_name":"stdout","time":727.214294196,"data":"EDGE_TTA_ACTIVE views= 10 mean_abs_feat_delta= 0.334709\n"}
,{"stream_name":"stdout","time":727.366881477,"data":"SECONDARY_EDGE_TTA_ACTIVE views= 8 weight= 0.75 mean_abs_feat_delta= 0.299735\n"}
,{"stream_name":"stdout","time":727.370953432,"data":"BIOHUB_RETENTION_GUARD {\"blended_candidates\": 310, \"dataset\": \"44b6_0b24845f\", \"frame\": 75, \"minimum_retention\": 0.9, \"primary_candidates\": 359, \"retention\": 0.8635097493036211, \"use_primary\": true}\n"}
,{"stream_name":"stdout","time":727.416842717,"data":"EDGE_TTA_ACTIVE views= 10 mean_abs_feat_delta= 0.334709\n"}
,{"stream_name":"stdout","time":727.416864397,"data":"SECONDARY_EDGE_TTA_ACTIVE views= 8 weight= 0.75 mean_abs_feat_delta= 0.299735\n"}
,{"stream_name":"stdout","time":727.416869777,"data":"BIOHUB_RETENTION_GUARD {\"blended_candidates\": 310, \"dataset\": \"44b6_0b24845f\", \"frame\": 75, \"minimum_retention\": 0.9, \"primary_candidates\": 359, \"retention\": 0.8635097493036211, \"use_primary\": true}\n"}
,{"stream_name":"stdout","time":728.188432657,"data":"SECONDARY_EDGE_TTA_ACTIVE views= 8 weight= 0.75 mean_abs_feat_delta= 0.256523\n"}
,{"stream_name":"stdout","time":728.390864983,"data":"SECONDARY_EDGE_TTA_ACTIVE views= 8 weight= 0.75 mean_abs_feat_delta= 0.256523\n"}
,{"stream_name":"stdout","time":728.672545079,"data":"EDGE_TTA_ACTIVE views= 10 mean_abs_feat_delta= 0.34824\n"}
,{"stream_name":"stdout","time":728.874753665,"data":"EDGE_TTA_ACTIVE views= 10 mean_abs_feat_delta= 0.34824\n"}
,{"stream_name":"stdout","time":729.545422417,"data":"EDGE_TTA_ACTIVE views= 10 mean_abs_feat_delta= 0.340506\n"}
,{"stream_name":"stdout","time":729.619939996,"data":"SECONDARY_EDGE_TTA_ACTIVE views= 8 weight= 0.75 mean_abs_feat_delta= 0.295727\n"}
,{"stream_name":"stdout","time":729.623979098,"data":"BIOHUB_RETENTION_GUARD {\"blended_candidates\": 308, \"dataset\": \"44b6_0b24845f\", \"frame\": 76, \"minimum_retention\": 0.9, \"primary_candidates\": 363, \"retention\": 0.8484848484848485, \"use_primary\": true}\n"}
,{"stream_name":"stdout","time":729.747808865,"data":"EDGE_TTA_ACTIVE views= 10 mean_abs_feat_delta= 0.340506\n"}
,{"stream_name":"stdout","time":729.747837674,"data":"SECONDARY_EDGE_TTA_ACTIVE views= 8 weight= 0.75 mean_abs_feat_delta= 0.295727\n"}
,{"stream_name":"stdout","time":729.747842396,"data":"BIOHUB_RETENTION_GUARD {\"blended_candidates\": 308, \"dataset\": \"44b6_0b24845f\", \"frame\": 76, \"minimum_retention\": 0.9, \"primary_candidates\": 363, \"retention\": 0.8484848484848485, \"use_primary\": true}\n"}
,{"stream_name":"stdout","time":730.51968559,"data":"SECONDARY_EDGE_TTA_ACTIVE views= 8 weight= 0.75 mean_abs_feat_delta= 0.265074\n"}
,{"stream_name":"stdout","time":730.722137198,"data":"SECONDARY_EDGE_TTA_ACTIVE views= 8 weight= 0.75 mean_abs_feat_delta= 0.265074\n"}
,{"stream_name":"stdout","time":730.940793133,"data":"EDGE_TTA_ACTIVE views= 10 mean_abs_feat_delta= 0.351399\n"}
,{"stream_name":"stdout","time":731.143140907,"data":"EDGE_TTA_ACTIVE views= 10 mean_abs_feat_delta= 0.351399\n"}
,{"stream_name":"stdout","time":731.853517856,"data":"EDGE_TTA_ACTIVE views= 10 mean_abs_feat_delta= 0.340934\n"}
,{"stream_name":"stdout","time":731.885310233,"data":"SECONDARY_EDGE_TTA_ACTIVE views= 8 weight= 0.75 mean_abs_feat_delta= 0.301815\n"}
,{"stream_name":"stdout","time":731.889520569,"data":"BIOHUB_RETENTION_GUARD {\"blended_candidates\": 233, \"dataset\": \"44b6_0b24845f\", \"frame\": 77, \"minimum_retention\": 0.9, \"primary_candidates\": 316, \"retention\": 0.7373417721518988, \"use_primary\": true}\n"}
,{"stream_name":"stdout","time":732.05596306,"data":"EDGE_TTA_ACTIVE views= 10 mean_abs_feat_delta= 0.340934\n"}
,{"stream_name":"stdout","time":732.055992846,"data":"SECONDARY_EDGE_TTA_ACTIVE views= 8 weight= 0.75 mean_abs_feat_delta= 0.301815\n"}
,{"stream_name":"stdout","time":732.055997283,"data":"BIOHUB_RETENTION_GUARD {\"blended_candidates\": 233, \"dataset\": \"44b6_0b24845f\", \"frame\": 77, \"minimum_retention\": 0.9, \"primary_candidates\": 316, \"retention\": 0.7373417721518988, \"use_primary\": true}\n"}
,{"stream_name":"stdout","time":732.824622989,"data":"SECONDARY_EDGE_TTA_ACTIVE views= 8 weight= 0.75 mean_abs_feat_delta= 0.26712\n"}
,{"stream_name":"stdout","time":733.026952501,"data":"SECONDARY_EDGE_TTA_ACTIVE views= 8 weight= 0.75 mean_abs_feat_delta= 0.26712\n"}
,{"stream_name":"stdout","time":733.221660829,"data":"EDGE_TTA_ACTIVE views= 10 mean_abs_feat_delta= 0.354131\n"}
,{"stream_name":"stdout","time":733.423921001,"data":"EDGE_TTA_ACTIVE views= 10 mean_abs_feat_delta= 0.354131\n"}
,{"stream_name":"stdout","time":734.147564264,"data":"EDGE_TTA_ACTIVE views= 10 mean_abs_feat_delta= 0.336875\n"}
,{"stream_name":"stdout","time":734.171000255,"data":"SECONDARY_EDGE_TTA_ACTIVE views= 8 weight= 0.75 mean_abs_feat_delta= 0.305391\n"}
,{"stream_name":"stdout","time":734.175152333,"data":"BIOHUB_RETENTION_GUARD {\"blended_candidates\": 272, \"dataset\": \"44b6_0b24845f\", \"frame\": 78, \"minimum_retention\": 0.9, \"primary_candidates\": 386, \"retention\": 0.7046632124352331, \"use_primary\": true}\n"}
,{"stream_name":"stdout","time":734.350556871,"data":"EDGE_TTA_ACTIVE views= 10 mean_abs_feat_delta= 0.336875\n"}
,{"stream_name":"stdout","time":734.350586374,"data":"SECONDARY_EDGE_TTA_ACTIVE views= 8 weight= 0.75 mean_abs_feat_delta= 0.305391\n"}
,{"stream_name":"stdout","time":734.350605099,"data":"BIOHUB_RETENTION_GUARD {\"blended_candidates\": 272, \"dataset\": \"44b6_0b24845f\", \"frame\": 78, \"minimum_retention\": 0.9, \"primary_candidates\": 386, \"retention\": 0.7046632124352331, \"use_primary\": true}\n"}
,{"stream_name":"stdout","time":735.119956371,"data":"SECONDARY_EDGE_TTA_ACTIVE views= 8 weight= 0.75 mean_abs_feat_delta= 0.263739\n"}
,{"stream_name":"stdout","time":735.322593681,"data":"SECONDARY_EDGE_TTA_ACTIVE views= 8 weight= 0.75 mean_abs_feat_delta= 0.263739\n"}
,{"stream_name":"stdout","time":735.51119211,"data":"EDGE_TTA_ACTIVE views= 10 mean_abs_feat_delta= 0.354239\n"}
,{"stream_name":"stdout","time":735.71365258,"data":"EDGE_TTA_ACTIVE views= 10 mean_abs_feat_delta= 0.354239\n"}
,{"stream_name":"stdout","time":736.441913107,"data":"EDGE_TTA_ACTIVE views= 10 mean_abs_feat_delta= 0.334335\n"}
,{"stream_name":"stdout","time":736.458986111,"data":"SECONDARY_EDGE_TTA_ACTIVE views= 8 weight= 0.75 mean_abs_feat_delta= 0.302826\n"}
,{"stream_name":"stdout","time":736.463213752,"data":"BIOHUB_RETENTION_GUARD {\"blended_candidates\": 286, \"dataset\": \"44b6_0b24845f\", \"frame\": 79, \"minimum_retention\": 0.9, \"primary_candidates\": 416, \"retention\": 0.6875, \"use_primary\": true}\n"}
,{"stream_name":"stdout","time":736.643919926,"data":"EDGE_TTA_ACTIVE views= 10 mean_abs_feat_delta= 0.334335\n"}
,{"stream_name":"stdout","time":736.643986589,"data":"SECONDARY_EDGE_TTA_ACTIVE views= 8 weight= 0.75 mean_abs_feat_delta= 0.302826\n"}
,{"stream_name":"stdout","time":736.643992738,"data":"BIOHUB_RETENTION_GUARD {\"blended_candidates\": 286, \"dataset\": \"44b6_0b24845f\", \"frame\": 79, \"minimum_retention\": 0.9, \"primary_candidates\": 416, \"retention\": 0.6875, \"use_primary\": true}\n"}
,{"stream_name":"stdout","time":737.416245379,"data":"SECONDARY_EDGE_TTA_ACTIVE views= 8 weight= 0.75 mean_abs_feat_delta= 0.262727\n"}
,{"stream_name":"stdout","time":737.61869682,"data":"SECONDARY_EDGE_TTA_ACTIVE views= 8 weight= 0.75 mean_abs_feat_delta= 0.262727\n"}
,{"stream_name":"stdout","time":737.786714182,"data":"EDGE_TTA_ACTIVE views= 10 mean_abs_feat_delta= 0.354194\n"}
,{"stream_name":"stdout","time":737.988953207,"data":"EDGE_TTA_ACTIVE views= 10 mean_abs_feat_delta= 0.354194\n"}
,{"stream_name":"stdout","time":738.734247731,"data":"SECONDARY_EDGE_TTA_ACTIVE views= 8 weight= 0.75 mean_abs_feat_delta= 0.303473\n"}
,{"stream_name":"stdout","time":738.738078067,"data":"EDGE_TTA_ACTIVE views= 10 mean_abs_feat_delta= 0.335356\n"}
,{"stream_name":"stdout","time":738.738546273,"data":"BIOHUB_RETENTION_GUARD {\"blended_candidates\": 286, \"dataset\": \"44b6_0b24845f\", \"frame\": 80, \"minimum_retention\": 0.9, \"primary_candidates\": 376, \"retention\": 0.7606382978723404, \"use_primary\": true}\n"}
,{"stream_name":"stdout","time":738.937204877,"data":"SECONDARY_EDGE_TTA_ACTIVE views= 8 weight= 0.75 mean_abs_feat_delta= 0.303473\n"}
,{"stream_name":"stdout","time":738.937266858,"data":"EDGE_TTA_ACTIVE views= 10 mean_abs_feat_delta= 0.335356\n"}
,{"stream_name":"stdout","time":738.937273382,"data":"BIOHUB_RETENTION_GUARD {\"blended_candidates\": 286, \"dataset\": \"44b6_0b24845f\", \"frame\": 80, \"minimum_retention\": 0.9, \"primary_candidates\": 376, \"retention\": 0.7606382978723404, \"use_primary\": true}\n"}
,{"stream_name":"stdout","time":739.710124477,"data":"SECONDARY_EDGE_TTA_ACTIVE views= 8 weight= 0.75 mean_abs_feat_delta= 0.256411\n"}
,{"stream_name":"stdout","time":739.912208551,"data":"SECONDARY_EDGE_TTA_ACTIVE views= 8 weight= 0.75 mean_abs_feat_delta= 0.256411\n"}
,{"stream_name":"stdout","time":740.074473369,"data":"EDGE_TTA_ACTIVE views= 10 mean_abs_feat_delta= 0.35833\n"}
,{"stream_name":"stdout","time":740.276634663,"data":"EDGE_TTA_ACTIVE views= 10 mean_abs_feat_delta= 0.35833\n"}
,{"stream_name":"stdout","time":741.022095969,"data":"SECONDARY_EDGE_TTA_ACTIVE views= 8 weight= 0.75 mean_abs_feat_delta= 0.308215\n"}
,{"stream_name":"stdout","time":741.026212336,"data":"BIOHUB_RETENTION_GUARD {\"blended_candidates\": 285, \"dataset\": \"44b6_0b24845f\", \"frame\": 81, \"minimum_retention\": 0.9, \"primary_candidates\": 371, \"retention\": 0.7681940700808625, \"use_primary\": true}\n"}
,{"stream_name":"stdout","time":741.032216796,"data":"EDGE_TTA_ACTIVE views= 10 mean_abs_feat_delta= 0.33158\n"}
,{"stream_name":"stdout","time":741.22482017,"data":"SECONDARY_EDGE_TTA_ACTIVE views= 8 weight= 0.75 mean_abs_feat_delta= 0.308215\n"}
,{"stream_name":"stdout","time":741.224856293,"data":"BIOHUB_RETENTION_GUARD {\"blended_candidates\": 285, \"dataset\": \"44b6_0b24845f\", \"frame\": 81, \"minimum_retention\": 0.9, \"primary_candidates\": 371, \"retention\": 0.7681940700808625, \"use_primary\": true}\n"}
,{"stream_name":"stdout","time":741.22486332,"data":"EDGE_TTA_ACTIVE views= 10 mean_abs_feat_delta= 0.33158\n"}
,{"stream_name":"stdout","time":742.000654954,"data":"SECONDARY_EDGE_TTA_ACTIVE views= 8 weight= 0.75 mean_abs_feat_delta= 0.260031\n"}
,{"stream_name":"stdout","time":742.203121748,"data":"SECONDARY_EDGE_TTA_ACTIVE views= 8 weight= 0.75 mean_abs_feat_delta= 0.260031\n"}
,{"stream_name":"stdout","time":742.353048166,"data":"EDGE_TTA_ACTIVE views= 10 mean_abs_feat_delta= 0.362109\n"}
,{"stream_name":"stdout","time":742.555350711,"data":"EDGE_TTA_ACTIVE views= 10 mean_abs_feat_delta= 0.362109\n"}
,{"stream_name":"stdout","time":743.2993298,"data":"SECONDARY_EDGE_TTA_ACTIVE views= 8 weight= 0.75 mean_abs_feat_delta= 0.312577\n"}
,{"stream_name":"stdout","time":743.30371403,"data":"BIOHUB_RETENTION_GUARD {\"blended_candidates\": 254, \"dataset\": \"44b6_0b24845f\", \"frame\": 82, \"minimum_retention\": 0.9, \"primary_candidates\": 374, \"retention\": 0.679144385026738, \"use_primary\": true}\n"}
,{"stream_name":"stdout","time":743.317975792,"data":"EDGE_TTA_ACTIVE views= 10 mean_abs_feat_delta= 0.334993\n"}
,{"stream_name":"stdout","time":743.501936736,"data":"SECONDARY_EDGE_TTA_ACTIVE views= 8 weight= 0.75 mean_abs_feat_delta= 0.312577\n"}
,{"stream_name":"stdout","time":743.502013333,"data":"BIOHUB_RETENTION_GUARD {\"blended_candidates\": 254, \"dataset\": \"44b6_0b24845f\", \"frame\": 82, \"minimum_retention\": 0.9, \"primary_candidates\": 374, \"retention\": 0.679144385026738, \"use_primary\": true}\n"}
,{"stream_name":"stdout","time":743.502021413,"data":"EDGE_TTA_ACTIVE views= 10 mean_abs_feat_delta= 0.334993\n"}
,{"stream_name":"stdout","time":744.293560614,"data":"SECONDARY_EDGE_TTA_ACTIVE views= 8 weight= 0.75 mean_abs_feat_delta= 0.262153\n"}
,{"stream_name":"stdout","time":744.495948844,"data":"SECONDARY_EDGE_TTA_ACTIVE views= 8 weight= 0.75 mean_abs_feat_delta= 0.262153\n"}
,{"stream_name":"stdout","time":744.654439388,"data":"EDGE_TTA_ACTIVE views= 10 mean_abs_feat_delta= 0.354667\n"}
,{"stream_name":"stdout","time":744.856788843,"data":"EDGE_TTA_ACTIVE views= 10 mean_abs_feat_delta= 0.354667\n"}
,{"stream_name":"stdout","time":745.602648891,"data":"SECONDARY_EDGE_TTA_ACTIVE views= 8 weight= 0.75 mean_abs_feat_delta= 0.311063\n"}
,{"stream_name":"stdout","time":745.60705428,"data":"BIOHUB_RETENTION_GUARD {\"blended_candidates\": 244, \"dataset\": \"44b6_0b24845f\", \"frame\": 83, \"minimum_retention\": 0.9, \"primary_candidates\": 352, \"retention\": 0.6931818181818182, \"use_primary\": true}\n"}
,{"stream_name":"stdout","time":745.626336507,"data":"EDGE_TTA_ACTIVE views= 10 mean_abs_feat_delta= 0.336195\n"}
,{"stream_name":"stdout","time":745.805364645,"data":"SECONDARY_EDGE_TTA_ACTIVE views= 8 weight= 0.75 mean_abs_feat_delta= 0.311063\n"}
,{"stream_name":"stdout","time":745.805413313,"data":"BIOHUB_RETENTION_GUARD {\"blended_candidates\": 244, \"dataset\": \"44b6_0b24845f\", \"frame\": 83, \"minimum_retention\": 0.9, \"primary_candidates\": 352, \"retention\": 0.6931818181818182, \"use_primary\": true}\n"}
,{"stream_name":"stdout","time":745.805419146,"data":"EDGE_TTA_ACTIVE views= 10 mean_abs_feat_delta= 0.336195\n"}
,{"stream_name":"stdout","time":746.603998754,"data":"SECONDARY_EDGE_TTA_ACTIVE views= 8 weight= 0.75 mean_abs_feat_delta= 0.258925\n"}
,{"stream_name":"stdout","time":746.806411427,"data":"SECONDARY_EDGE_TTA_ACTIVE views= 8 weight= 0.75 mean_abs_feat_delta= 0.258925\n"}
,{"stream_name":"stdout","time":746.934816274,"data":"EDGE_TTA_ACTIVE views= 10 mean_abs_feat_delta= 0.355684\n"}
,{"stream_name":"stdout","time":747.136944477,"data":"EDGE_TTA_ACTIVE views= 10 mean_abs_feat_delta= 0.355684\n"}
,{"stream_name":"stdout","time":747.882240107,"data":"SECONDARY_EDGE_TTA_ACTIVE views= 8 weight= 0.75 mean_abs_feat_delta= 0.311139\n"}
,{"stream_name":"stdout","time":747.886404685,"data":"BIOHUB_RETENTION_GUARD {\"blended_candidates\": 268, \"dataset\": \"44b6_0b24845f\", \"frame\": 84, \"minimum_retention\": 0.9, \"primary_candidates\": 353, \"retention\": 0.7592067988668555, \"use_primary\": true}\n"}
,{"stream_name":"stdout","time":747.921325557,"data":"EDGE_TTA_ACTIVE views= 10 mean_abs_feat_delta= 0.341164\n"}
,{"stream_name":"stdout","time":748.084966235,"data":"SECONDARY_EDGE_TTA_ACTIVE views= 8 weight= 0.75 mean_abs_feat_delta= 0.311139\n"}
,{"stream_name":"stdout","time":748.084998934,"data":"BIOHUB_RETENTION_GUARD {\"blended_candidates\": 268, \"dataset\": \"44b6_0b24845f\", \"frame\": 84, \"minimum_retention\": 0.9, \"primary_candidates\": 353, \"retention\": 0.7592067988668555, \"use_primary\": true}\n"}
,{"stream_name":"stdout","time":748.085049924,"data":"EDGE_TTA_ACTIVE views= 10 mean_abs_feat_delta= 0.341164\n"}
,{"stream_name":"stdout","time":748.895409435,"data":"SECONDARY_EDGE_TTA_ACTIVE views= 8 weight= 0.75 mean_abs_feat_delta= 0.260799\n"}
,{"stream_name":"stdout","time":749.097970509,"data":"SECONDARY_EDGE_TTA_ACTIVE views= 8 weight= 0.75 mean_abs_feat_delta= 0.260799\n"}
,{"stream_name":"stdout","time":749.20954786,"data":"EDGE_TTA_ACTIVE views= 10 mean_abs_feat_delta= 0.353477\n"}
,{"stream_name":"stdout","time":749.411840327,"data":"EDGE_TTA_ACTIVE views= 10 mean_abs_feat_delta= 0.353477\n"}
,{"stream_name":"stdout","time":750.158570506,"data":"SECONDARY_EDGE_TTA_ACTIVE views= 8 weight= 0.75 mean_abs_feat_delta= 0.312248\n"}
,{"stream_name":"stdout","time":750.162831731,"data":"BIOHUB_RETENTION_GUARD {\"blended_candidates\": 186, \"dataset\": \"44b6_0b24845f\", \"frame\": 85, \"minimum_retention\": 0.9, \"primary_candidates\": 289, \"retention\": 0.643598615916955, \"use_primary\": true}\n"}
,{"stream_name":"stdout","time":750.224441813,"data":"EDGE_TTA_ACTIVE views= 10 mean_abs_feat_delta= 0.341271\n"}
,{"stream_name":"stdout","time":750.361002315,"data":"SECONDARY_EDGE_TTA_ACTIVE views= 8 weight= 0.75 mean_abs_feat_delta= 0.312248\n"}
,{"stream_name":"stdout","time":750.361062657,"data":"BIOHUB_RETENTION_GUARD {\"blended_candidates\": 186, \"dataset\": \"44b6_0b24845f\", \"frame\": 85, \"minimum_retention\": 0.9, \"primary_candidates\": 289, \"retention\": 0.643598615916955, \"use_primary\": true}\n"}
,{"stream_name":"stdout","time":750.361072015,"data":"EDGE_TTA_ACTIVE views= 10 mean_abs_feat_delta= 0.341271\n"}
,{"stream_name":"stdout","time":751.204480224,"data":"SECONDARY_EDGE_TTA_ACTIVE views= 8 weight= 0.75 mean_abs_feat_delta= 0.261693\n"}
,{"stream_name":"stdout","time":751.406486271,"data":"SECONDARY_EDGE_TTA_ACTIVE views= 8 weight= 0.75 mean_abs_feat_delta= 0.261693\n"}
,{"stream_name":"stdout","time":751.472693433,"data":"EDGE_TTA_ACTIVE views= 10 mean_abs_feat_delta= 0.354156\n"}
,{"stream_name":"stdout","time":751.674971849,"data":"EDGE_TTA_ACTIVE views= 10 mean_abs_feat_delta= 0.354156\n"}
,{"stream_name":"stdout","time":752.420395829,"data":"SECONDARY_EDGE_TTA_ACTIVE views= 8 weight= 0.75 mean_abs_feat_delta= 0.317294\n"}
,{"stream_name":"stdout","time":752.424339472,"data":"BIOHUB_RETENTION_GUARD {\"blended_candidates\": 156, \"dataset\": \"44b6_0b24845f\", \"frame\": 86, \"minimum_retention\": 0.9, \"primary_candidates\": 269, \"retention\": 0.5799256505576208, \"use_primary\": true}\n"}
,{"stream_name":"stdout","time":752.526423322,"data":"EDGE_TTA_ACTIVE views= 10 mean_abs_feat_delta= 0.340732\n"}
,{"stream_name":"stdout","time":752.6226286,"data":"SECONDARY_EDGE_TTA_ACTIVE views= 8 weight= 0.75 mean_abs_feat_delta= 0.317294\n"}
,{"stream_name":"stdout","time":752.622688806,"data":"BIOHUB_RETENTION_GUARD {\"blended_candidates\": 156, \"dataset\": \"44b6_0b24845f\", \"frame\": 86, \"minimum_retention\": 0.9, \"primary_candidates\": 269, \"retention\": 0.5799256505576208, \"use_primary\": true}\n"}
,{"stream_name":"stdout","time":752.622696156,"data":"EDGE_TTA_ACTIVE views= 10 mean_abs_feat_delta= 0.340732\n"}
,{"stream_name":"stdout","time":753.49973743,"data":"SECONDARY_EDGE_TTA_ACTIVE views= 8 weight= 0.75 mean_abs_feat_delta= 0.264586\n"}
,{"stream_name":"stdout","time":753.702012711,"data":"SECONDARY_EDGE_TTA_ACTIVE views= 8 weight= 0.75 mean_abs_feat_delta= 0.264586\n"}
,{"stream_name":"stdout","time":753.727563696,"data":"EDGE_TTA_ACTIVE views= 10 mean_abs_feat_delta= 0.349695\n"}
,{"stream_name":"stdout","time":753.929791542,"data":"EDGE_TTA_ACTIVE views= 10 mean_abs_feat_delta= 0.349695\n"}
,{"stream_name":"stdout","time":754.6768047,"data":"SECONDARY_EDGE_TTA_ACTIVE views= 8 weight= 0.75 mean_abs_feat_delta= 0.318325\n"}
,{"stream_name":"stdout","time":754.680927169,"data":"BIOHUB_RETENTION_GUARD {\"blended_candidates\": 213, \"dataset\": \"44b6_0b24845f\", \"frame\": 87, \"minimum_retention\": 0.9, \"primary_candidates\": 311, \"retention\": 0.684887459807074, \"use_primary\": true}\n"}
,{"stream_name":"stdout","time":754.816108884,"data":"EDGE_TTA_ACTIVE views= 10 mean_abs_feat_delta= 0.335199\n"}
,{"stream_name":"stdout","time":754.879104817,"data":"SECONDARY_EDGE_TTA_ACTIVE views= 8 weight= 0.75 mean_abs_feat_delta= 0.318325\n"}
,{"stream_name":"stdout","time":754.879147807,"data":"BIOHUB_RETENTION_GUARD {\"blended_candidates\": 213, \"dataset\": \"44b6_0b24845f\", \"frame\": 87, \"minimum_retention\": 0.9, \"primary_candidates\": 311, \"retention\": 0.684887459807074, \"use_primary\": true}\n"}
,{"stream_name":"stdout","time":754.879154497,"data":"EDGE_TTA_ACTIVE views= 10 mean_abs_feat_delta= 0.335199\n"}
,{"stream_name":"stdout","time":755.790522096,"data":"SECONDARY_EDGE_TTA_ACTIVE views= 8 weight= 0.75 mean_abs_feat_delta= 0.262994\n"}
,{"stream_name":"stdout","time":755.984645909,"data":"EDGE_TTA_ACTIVE views= 10 mean_abs_feat_delta= 0.35627\n"}
,{"stream_name":"stdout","time":755.992972566,"data":"SECONDARY_EDGE_TTA_ACTIVE views= 8 weight= 0.75 mean_abs_feat_delta= 0.262994\n"}
,{"stream_name":"stdout","time":755.992998501,"data":"EDGE_TTA_ACTIVE views= 10 mean_abs_feat_delta= 0.35627\n"}
,{"stream_name":"stdout","time":756.936141958,"data":"SECONDARY_EDGE_TTA_ACTIVE views= 8 weight= 0.75 mean_abs_feat_delta= 0.319785\n"}
,{"stream_name":"stdout","time":756.94121206,"data":"BIOHUB_RETENTION_GUARD {\"blended_candidates\": 257, \"dataset\": \"44b6_0b24845f\", \"frame\": 88, \"minimum_retention\": 0.9, \"primary_candidates\": 351, \"retention\": 0.7321937321937322, \"use_primary\": true}\n"}
,{"stream_name":"stdout","time":757.125737637,"data":"EDGE_TTA_ACTIVE views= 10 mean_abs_feat_delta= 0.329252\n"}
,{"stream_name":"stdout","time":757.168776528,"data":"SECONDARY_EDGE_TTA_ACTIVE views= 8 weight= 0.75 mean_abs_feat_delta= 0.319785\n"}
,{"stream_name":"stdout","time":757.16880816,"data":"BIOHUB_RETENTION_GUARD {\"blended_candidates\": 257, \"dataset\": \"44b6_0b24845f\", \"frame\": 88, \"minimum_retention\": 0.9, \"primary_candidates\": 351, \"retention\": 0.7321937321937322, \"use_primary\": true}\n"}
,{"stream_name":"stdout","time":757.168814104,"data":"EDGE_TTA_ACTIVE views= 10 mean_abs_feat_delta= 0.329252\n"}
,{"stream_name":"stdout","time":758.099585332,"data":"SECONDARY_EDGE_TTA_ACTIVE views= 8 weight= 0.75 mean_abs_feat_delta= 0.257147\n"}
,{"stream_name":"stdout","time":758.255526485,"data":"EDGE_TTA_ACTIVE views= 10 mean_abs_feat_delta= 0.362769\n"}
,{"stream_name":"stdout","time":758.301977606,"data":"SECONDARY_EDGE_TTA_ACTIVE views= 8 weight= 0.75 mean_abs_feat_delta= 0.257147\n"}
,{"stream_name":"stdout","time":758.302005176,"data":"EDGE_TTA_ACTIVE views= 10 mean_abs_feat_delta= 0.362769\n"}
,{"stream_name":"stdout","time":759.207834474,"data":"SECONDARY_EDGE_TTA_ACTIVE views= 8 weight= 0.75 mean_abs_feat_delta= 0.325312\n"}
,{"stream_name":"stdout","time":759.211870525,"data":"BIOHUB_RETENTION_GUARD {\"blended_candidates\": 205, \"dataset\": \"44b6_0b24845f\", \"frame\": 89, \"minimum_retention\": 0.9, \"primary_candidates\": 313, \"retention\": 0.6549520766773163, \"use_primary\": true}\n"}
,{"stream_name":"stdout","time":759.410348007,"data":"SECONDARY_EDGE_TTA_ACTIVE views= 8 weight= 0.75 mean_abs_feat_delta= 0.325312\n"}
,{"stream_name":"stdout","time":759.410382794,"data":"BIOHUB_RETENTION_GUARD {\"blended_candidates\": 205, \"dataset\": \"44b6_0b24845f\", \"frame\": 89, \"minimum_retention\": 0.9, \"primary_candidates\": 313, \"retention\": 0.6549520766773163, \"use_primary\": true}\n"}
,{"stream_name":"stdout","time":759.434450091,"data":"EDGE_TTA_ACTIVE views= 10 mean_abs_feat_delta= 0.329048\n"}
,{"stream_name":"stdout","time":759.63665206,"data":"EDGE_TTA_ACTIVE views= 10 mean_abs_feat_delta= 0.329048\n"}
,{"stream_name":"stdout","time":760.408007727,"data":"SECONDARY_EDGE_TTA_ACTIVE views= 8 weight= 0.75 mean_abs_feat_delta= 0.259374\n"}
,{"stream_name":"stdout","time":760.525094667,"data":"EDGE_TTA_ACTIVE views= 10 mean_abs_feat_delta= 0.350487\n"}
,{"stream_name":"stdout","time":760.610495742,"data":"SECONDARY_EDGE_TTA_ACTIVE views= 8 weight= 0.75 mean_abs_feat_delta= 0.259374\n"}
,{"stream_name":"stdout","time":760.610526865,"data":"EDGE_TTA_ACTIVE views= 10 mean_abs_feat_delta= 0.350487\n"}
,{"stream_name":"stdout","time":761.477452739,"data":"SECONDARY_EDGE_TTA_ACTIVE views= 8 weight= 0.75 mean_abs_feat_delta= 0.321967\n"}
,{"stream_name":"stdout","time":761.481499077,"data":"BIOHUB_RETENTION_GUARD {\"blended_candidates\": 153, \"dataset\": \"44b6_0b24845f\", \"frame\": 90, \"minimum_retention\": 0.9, \"primary_candidates\": 252, \"retention\": 0.6071428571428571, \"use_primary\": true}\n"}
,{"stream_name":"stdout","time":761.67989427,"data":"SECONDARY_EDGE_TTA_ACTIVE views= 8 weight= 0.75 mean_abs_feat_delta= 0.321967\n"}
,{"stream_name":"stdout","time":761.679930322,"data":"BIOHUB_RETENTION_GUARD {\"blended_candidates\": 153, \"dataset\": \"44b6_0b24845f\", \"frame\": 90, \"minimum_retention\": 0.9, \"primary_candidates\": 252, \"retention\": 0.6071428571428571, \"use_primary\": true}\n"}
,{"stream_name":"stdout","time":761.724779748,"data":"EDGE_TTA_ACTIVE views= 10 mean_abs_feat_delta= 0.33396\n"}
,{"stream_name":"stdout","time":761.926936884,"data":"EDGE_TTA_ACTIVE views= 10 mean_abs_feat_delta= 0.33396\n"}
,{"stream_name":"stdout","time":762.698807197,"data":"SECONDARY_EDGE_TTA_ACTIVE views= 8 weight= 0.75 mean_abs_feat_delta= 0.257413\n"}
,{"stream_name":"stdout","time":762.787348383,"data":"EDGE_TTA_ACTIVE views= 10 mean_abs_feat_delta= 0.349817\n"}
,{"stream_name":"stdout","time":762.901118971,"data":"SECONDARY_EDGE_TTA_ACTIVE views= 8 weight= 0.75 mean_abs_feat_delta= 0.257413\n"}
,{"stream_name":"stdout","time":762.901151248,"data":"EDGE_TTA_ACTIVE views= 10 mean_abs_feat_delta= 0.349817\n"}
,{"stream_name":"stdout","time":763.740250232,"data":"SECONDARY_EDGE_TTA_ACTIVE views= 8 weight= 0.75 mean_abs_feat_delta= 0.320952\n"}
,{"stream_name":"stdout","time":763.744353958,"data":"BIOHUB_RETENTION_GUARD {\"blended_candidates\": 126, \"dataset\": \"44b6_0b24845f\", \"frame\": 91, \"minimum_retention\": 0.9, \"primary_candidates\": 235, \"retention\": 0.5361702127659574, \"use_primary\": true}\n"}
,{"stream_name":"stdout","time":763.94268728,"data":"SECONDARY_EDGE_TTA_ACTIVE views= 8 weight= 0.75 mean_abs_feat_delta= 0.320952\n"}
,{"stream_name":"stdout","time":763.942720844,"data":"BIOHUB_RETENTION_GUARD {\"blended_candidates\": 126, \"dataset\": \"44b6_0b24845f\", \"frame\": 91, \"minimum_retention\": 0.9, \"primary_candidates\": 235, \"retention\": 0.5361702127659574, \"use_primary\": true}\n"}
,{"stream_name":"stdout","time":764.03409366,"data":"EDGE_TTA_ACTIVE views= 10 mean_abs_feat_delta= 0.335123\n"}
,{"stream_name":"stdout","time":764.236454691,"data":"EDGE_TTA_ACTIVE views= 10 mean_abs_feat_delta= 0.335123\n"}
,{"stream_name":"stdout","time":765.008534891,"data":"SECONDARY_EDGE_TTA_ACTIVE views= 8 weight= 0.75 mean_abs_feat_delta= 0.257555\n"}
,{"stream_name":"stdout","time":765.040233816,"data":"EDGE_TTA_ACTIVE views= 10 mean_abs_feat_delta= 0.349629\n"}
,{"stream_name":"stdout","time":765.210970487,"data":"SECONDARY_EDGE_TTA_ACTIVE views= 8 weight= 0.75 mean_abs_feat_delta= 0.257555\n"}
,{"stream_name":"stdout","time":765.21100479,"data":"EDGE_TTA_ACTIVE views= 10 mean_abs_feat_delta= 0.349629\n"}
,{"stream_name":"stdout","time":765.993771032,"data":"SECONDARY_EDGE_TTA_ACTIVE views= 8 weight= 0.75 mean_abs_feat_delta= 0.322162\n"}
,{"stream_name":"stdout","time":765.997835672,"data":"BIOHUB_RETENTION_GUARD {\"blended_candidates\": 136, \"dataset\": \"44b6_0b24845f\", \"frame\": 92, \"minimum_retention\": 0.9, \"primary_candidates\": 273, \"retention\": 0.4981684981684982, \"use_primary\": true}\n"}
,{"stream_name":"stdout","time":766.19626258,"data":"SECONDARY_EDGE_TTA_ACTIVE views= 8 weight= 0.75 mean_abs_feat_delta= 0.322162\n"}
,{"stream_name":"stdout","time":766.196293905,"data":"BIOHUB_RETENTION_GUARD {\"blended_candidates\": 136, \"dataset\": \"44b6_0b24845f\", \"frame\": 92, \"minimum_retention\": 0.9, \"primary_candidates\": 273, \"retention\": 0.4981684981684982, \"use_primary\": true}\n"}
,{"stream_name":"stdout","time":766.342973585,"data":"EDGE_TTA_ACTIVE views= 10 mean_abs_feat_delta= 0.332274\n"}
,{"stream_name":"stdout","time":766.545404562,"data":"EDGE_TTA_ACTIVE views= 10 mean_abs_feat_delta= 0.332274\n"}
,{"stream_name":"stdout","time":767.304979457,"data":"EDGE_TTA_ACTIVE views= 10 mean_abs_feat_delta= 0.344551\n"}
,{"stream_name":"stdout","time":767.315615239,"data":"SECONDARY_EDGE_TTA_ACTIVE views= 8 weight= 0.75 mean_abs_feat_delta= 0.253368\n"}
,{"stream_name":"stdout","time":767.507324639,"data":"EDGE_TTA_ACTIVE views= 10 mean_abs_feat_delta= 0.344551\n"}
,{"stream_name":"stdout","time":767.507356995,"data":"SECONDARY_EDGE_TTA_ACTIVE views= 8 weight= 0.75 mean_abs_feat_delta= 0.253368\n"}
,{"stream_name":"stdout","time":768.256465656,"data":"SECONDARY_EDGE_TTA_ACTIVE views= 8 weight= 0.75 mean_abs_feat_delta= 0.314236\n"}
,{"stream_name":"stdout","time":768.26081009,"data":"BIOHUB_RETENTION_GUARD {\"blended_candidates\": 120, \"dataset\": \"44b6_0b24845f\", \"frame\": 93, \"minimum_retention\": 0.9, \"primary_candidates\": 240, \"retention\": 0.5, \"use_primary\": true}\n"}
,{"stream_name":"stdout","time":768.458771937,"data":"SECONDARY_EDGE_TTA_ACTIVE views= 8 weight= 0.75 mean_abs_feat_delta= 0.314236\n"}
,{"stream_name":"stdout","time":768.458840115,"data":"BIOHUB_RETENTION_GUARD {\"blended_candidates\": 120, \"dataset\": \"44b6_0b24845f\", \"frame\": 93, \"minimum_retention\": 0.9, \"primary_candidates\": 240, \"retention\": 0.5, \"use_primary\": true}\n"}
,{"stream_name":"stdout","time":768.651114356,"data":"EDGE_TTA_ACTIVE views= 10 mean_abs_feat_delta= 0.334423\n"}
,{"stream_name":"stdout","time":768.853427399,"data":"EDGE_TTA_ACTIVE views= 10 mean_abs_feat_delta= 0.334423\n"}
,{"stream_name":"stdout","time":769.561980085,"data":"EDGE_TTA_ACTIVE views= 10 mean_abs_feat_delta= 0.34195\n"}
,{"stream_name":"stdout","time":769.624896662,"data":"SECONDARY_EDGE_TTA_ACTIVE views= 8 weight= 0.75 mean_abs_feat_delta= 0.253968\n"}
,{"stream_name":"stdout","time":769.764712706,"data":"EDGE_TTA_ACTIVE views= 10 mean_abs_feat_delta= 0.34195\n"}
,{"stream_name":"stdout","time":769.764744857,"data":"SECONDARY_EDGE_TTA_ACTIVE views= 8 weight= 0.75 mean_abs_feat_delta= 0.253968\n"}
,{"stream_name":"stdout","time":770.515781866,"data":"SECONDARY_EDGE_TTA_ACTIVE views= 8 weight= 0.75 mean_abs_feat_delta= 0.314665\n"}
,{"stream_name":"stdout","time":770.519888298,"data":"BIOHUB_RETENTION_GUARD {\"blended_candidates\": 156, \"dataset\": \"44b6_0b24845f\", \"frame\": 94, \"minimum_retention\": 0.9, \"primary_candidates\": 284, \"retention\": 0.5492957746478874, \"use_primary\": true}\n"}
,{"stream_name":"stdout","time":770.718113361,"data":"SECONDARY_EDGE_TTA_ACTIVE views= 8 weight= 0.75 mean_abs_feat_delta= 0.314665\n"}
,{"stream_name":"stdout","time":770.718148721,"data":"BIOHUB_RETENTION_GUARD {\"blended_candidates\": 156, \"dataset\": \"44b6_0b24845f\", \"frame\": 94, \"minimum_retention\": 0.9, \"primary_candidates\": 284, \"retention\": 0.5492957746478874, \"use_primary\": true}\n"}
,{"stream_name":"stdout","time":770.959357211,"data":"EDGE_TTA_ACTIVE views= 10 mean_abs_feat_delta= 0.337428\n"}
,{"stream_name":"stdout","time":771.162926096,"data":"EDGE_TTA_ACTIVE views= 10 mean_abs_feat_delta= 0.337428\n"}
,{"stream_name":"stdout","time":771.827370877,"data":"EDGE_TTA_ACTIVE views= 10 mean_abs_feat_delta= 0.349752\n"}
,{"stream_name":"stdout","time":771.934198212,"data":"SECONDARY_EDGE_TTA_ACTIVE views= 8 weight= 0.75 mean_abs_feat_delta= 0.25869\n"}
,{"stream_name":"stdout","time":772.029505032,"data":"EDGE_TTA_ACTIVE views= 10 mean_abs_feat_delta= 0.349752\n"}
,{"stream_name":"stdout","time":772.029533198,"data":"SECONDARY_EDGE_TTA_ACTIVE views= 8 weight= 0.75 mean_abs_feat_delta= 0.25869\n"}
,{"stream_name":"stdout","time":772.780017732,"data":"SECONDARY_EDGE_TTA_ACTIVE views= 8 weight= 0.75 mean_abs_feat_delta= 0.321701\n"}
,{"stream_name":"stdout","time":772.784022737,"data":"BIOHUB_RETENTION_GUARD {\"blended_candidates\": 123, \"dataset\": \"44b6_0b24845f\", \"frame\": 95, \"minimum_retention\": 0.9, \"primary_candidates\": 279, \"retention\": 0.44086021505376344, \"use_primary\": true}\n"}
,{"stream_name":"stdout","time":772.982405239,"data":"SECONDARY_EDGE_TTA_ACTIVE views= 8 weight= 0.75 mean_abs_feat_delta= 0.321701\n"}
,{"stream_name":"stdout","time":772.982439903,"data":"BIOHUB_RETENTION_GUARD {\"blended_candidates\": 123, \"dataset\": \"44b6_0b24845f\", \"frame\": 95, \"minimum_retention\": 0.9, \"primary_candidates\": 279, \"retention\": 0.44086021505376344, \"use_primary\": true}\n"}
,{"stream_name":"stdout","time":773.268006371,"data":"EDGE_TTA_ACTIVE views= 10 mean_abs_feat_delta= 0.339232\n"}
,{"stream_name":"stdout","time":773.470455585,"data":"EDGE_TTA_ACTIVE views= 10 mean_abs_feat_delta= 0.339232\n"}
,{"stream_name":"stdout","time":774.116495212,"data":"EDGE_TTA_ACTIVE views= 10 mean_abs_feat_delta= 0.347311\n"}
,{"stream_name":"stdout","time":774.242182128,"data":"SECONDARY_EDGE_TTA_ACTIVE views= 8 weight= 0.75 mean_abs_feat_delta= 0.249107\n"}
,{"stream_name":"stdout","time":774.318490612,"data":"EDGE_TTA_ACTIVE views= 10 mean_abs_feat_delta= 0.347311\n"}
,{"stream_name":"stdout","time":774.31851829,"data":"SECONDARY_EDGE_TTA_ACTIVE views= 8 weight= 0.75 mean_abs_feat_delta= 0.249107\n"}
,{"stream_name":"stdout","time":775.068932267,"data":"SECONDARY_EDGE_TTA_ACTIVE views= 8 weight= 0.75 mean_abs_feat_delta= 0.325788\n"}
,{"stream_name":"stdout","time":775.073393455,"data":"BIOHUB_RETENTION_GUARD {\"blended_candidates\": 115, \"dataset\": \"44b6_0b24845f\", \"frame\": 96, \"minimum_retention\": 0.9, \"primary_candidates\": 267, \"retention\": 0.4307116104868914, \"use_primary\": true}\n"}
,{"stream_name":"stdout","time":775.271655529,"data":"SECONDARY_EDGE_TTA_ACTIVE views= 8 weight= 0.75 mean_abs_feat_delta= 0.325788\n"}
,{"stream_name":"stdout","time":775.271687954,"data":"BIOHUB_RETENTION_GUARD {\"blended_candidates\": 115, \"dataset\": \"44b6_0b24845f\", \"frame\": 96, \"minimum_retention\": 0.9, \"primary_candidates\": 267, \"retention\": 0.4307116104868914, \"use_primary\": true}\n"}
,{"stream_name":"stdout","time":775.577808478,"data":"EDGE_TTA_ACTIVE views= 10 mean_abs_feat_delta= 0.336428\n"}
,{"stream_name":"stdout","time":775.780014383,"data":"EDGE_TTA_ACTIVE views= 10 mean_abs_feat_delta= 0.336428\n"}
,{"stream_name":"stdout","time":776.423670394,"data":"EDGE_TTA_ACTIVE views= 10 mean_abs_feat_delta= 0.342513\n"}
,{"stream_name":"stdout","time":776.550949736,"data":"SECONDARY_EDGE_TTA_ACTIVE views= 8 weight= 0.75 mean_abs_feat_delta= 0.250998\n"}
,{"stream_name":"stdout","time":776.625975948,"data":"EDGE_TTA_ACTIVE views= 10 mean_abs_feat_delta= 0.342513\n"}
,{"stream_name":"stdout","time":776.626002602,"data":"SECONDARY_EDGE_TTA_ACTIVE views= 8 weight= 0.75 mean_abs_feat_delta= 0.250998\n"}
,{"stream_name":"stdout","time":777.377787889,"data":"SECONDARY_EDGE_TTA_ACTIVE views= 8 weight= 0.75 mean_abs_feat_delta= 0.328691\n"}
,{"stream_name":"stdout","time":777.381696979,"data":"BIOHUB_RETENTION_GUARD {\"blended_candidates\": 166, \"dataset\": \"44b6_0b24845f\", \"frame\": 97, \"minimum_retention\": 0.9, \"primary_candidates\": 311, \"retention\": 0.5337620578778135, \"use_primary\": true}\n"}
,{"stream_name":"stdout","time":777.57996271,"data":"SECONDARY_EDGE_TTA_ACTIVE views= 8 weight= 0.75 mean_abs_feat_delta= 0.328691\n"}
,{"stream_name":"stdout","time":777.579995838,"data":"BIOHUB_RETENTION_GUARD {\"blended_candidates\": 166, \"dataset\": \"44b6_0b24845f\", \"frame\": 97, \"minimum_retention\": 0.9, \"primary_candidates\": 311, \"retention\": 0.5337620578778135, \"use_primary\": true}\n"}
,{"stream_name":"stdout","time":777.887092972,"data":"EDGE_TTA_ACTIVE views= 10 mean_abs_feat_delta= 0.335405\n"}
,{"stream_name":"stdout","time":778.089456183,"data":"EDGE_TTA_ACTIVE views= 10 mean_abs_feat_delta= 0.335405\n"}
,{"stream_name":"stdout","time":778.69410626,"data":"EDGE_TTA_ACTIVE views= 10 mean_abs_feat_delta= 0.349762\n"}
,{"stream_name":"stdout","time":778.859461936,"data":"SECONDARY_EDGE_TTA_ACTIVE views= 8 weight= 0.75 mean_abs_feat_delta= 0.249091\n"}
,{"stream_name":"stdout","time":778.896385479,"data":"EDGE_TTA_ACTIVE views= 10 mean_abs_feat_delta= 0.349762\n"}
,{"stream_name":"stdout","time":778.896407567,"data":"SECONDARY_EDGE_TTA_ACTIVE views= 8 weight= 0.75 mean_abs_feat_delta= 0.249091\n"}
,{"stream_name":"stdout","time":779.646585717,"data":"SECONDARY_EDGE_TTA_ACTIVE views= 8 weight= 0.75 mean_abs_feat_delta= 0.327921\n"}
,{"stream_name":"stdout","time":779.650434091,"data":"BIOHUB_RETENTION_GUARD {\"blended_candidates\": 134, \"dataset\": \"44b6_0b24845f\", \"frame\": 98, \"minimum_retention\": 0.9, \"primary_candidates\": 280, \"retention\": 0.4785714285714286, \"use_primary\": true}\n"}
,{"stream_name":"stdout","time":779.848927804,"data":"SECONDARY_EDGE_TTA_ACTIVE views= 8 weight= 0.75 mean_abs_feat_delta= 0.327921\n"}
,{"stream_name":"stdout","time":779.848959838,"data":"BIOHUB_RETENTION_GUARD {\"blended_candidates\": 134, \"dataset\": \"44b6_0b24845f\", \"frame\": 98, \"minimum_retention\": 0.9, \"primary_candidates\": 280, \"retention\": 0.4785714285714286, \"use_primary\": true}\n"}
,{"stream_name":"stdout","time":780.194727152,"data":"EDGE_TTA_ACTIVE views= 10 mean_abs_feat_delta= 0.337564\n"}
,{"stream_name":"stdout","time":780.397130357,"data":"EDGE_TTA_ACTIVE views= 10 mean_abs_feat_delta= 0.337564\n"}
,{"stream_name":"stdout","time":780.967251609,"data":"EDGE_TTA_ACTIVE views= 10 mean_abs_feat_delta= 0.348835\n"}
,{"stream_name":"stdout","time":781.170067917,"data":"SECONDARY_EDGE_TTA_ACTIVE views= 8 weight= 0.75 mean_abs_feat_delta= 0.25058\n"}
,{"stream_name":"stdout","time":781.170822996,"data":"EDGE_TTA_ACTIVE views= 10 mean_abs_feat_delta= 0.348835\n"}
,{"stream_name":"stdout","time":781.3718941,"data":"SECONDARY_EDGE_TTA_ACTIVE views= 8 weight= 0.75 mean_abs_feat_delta= 0.25058\n"}
,{"stream_name":"stdout","time":781.921440955,"data":"SECONDARY_EDGE_TTA_ACTIVE views= 8 weight= 0.75 mean_abs_feat_delta= 0.328126\n"}
,{"stream_name":"stdout","time":781.925774048,"data":"BIOHUB_RETENTION_GUARD {\"blended_candidates\": 85, \"dataset\": \"44b6_0b24845f\", \"frame\": 99, \"minimum_retention\": 0.9, \"primary_candidates\": 222, \"retention\": 0.38288288288288286, \"use_primary\": true}\n"}
,{"stream_name":"stdout","time":782.124053605,"data":"SECONDARY_EDGE_TTA_ACTIVE views= 8 weight= 0.75 mean_abs_feat_delta= 0.328126\n"}
,{"stream_name":"stdout","time":782.124086825,"data":"BIOHUB_RETENTION_GUARD {\"blended_candidates\": 85, \"dataset\": \"44b6_0b24845f\", \"frame\": 99, \"minimum_retention\": 0.9, \"primary_candidates\": 222, \"retention\": 0.38288288288288286, \"use_primary\": true}\n"}
,{"stream_name":"stdout","time":782.504857936,"data":"EDGE_TTA_ACTIVE views= 10 mean_abs_feat_delta= 0.335409\n"}
,{"stream_name":"stdout","time":782.707504325,"data":"EDGE_TTA_ACTIVE views= 10 mean_abs_feat_delta= 0.335409\n"}
,{"stream_name":"stdout","time":783.47896632,"data":"SECONDARY_EDGE_TTA_ACTIVE views= 8 weight= 0.75 mean_abs_feat_delta= 0.25428\n"}
,{"stream_name":"stdout","time":783.681824566,"data":"SECONDARY_EDGE_TTA_ACTIVE views= 8 weight= 0.75 mean_abs_feat_delta= 0.25428\n"}
,{"stream_name":"stdout","time":804.026213877,"data":"EDGE_TTA_ACTIVE views= 10 mean_abs_feat_delta= 0.330506\n"}
,{"stream_name":"stdout","time":804.260080557,"data":"EDGE_TTA_ACTIVE views= 10 mean_abs_feat_delta= 0.330506\n"}
,{"stream_name":"stdout","time":804.962266179,"data":"SECONDARY_EDGE_TTA_ACTIVE views= 8 weight= 0.75 mean_abs_feat_delta= 0.229228\n"}
,{"stream_name":"stdout","time":805.164813107,"data":"SECONDARY_EDGE_TTA_ACTIVE views= 8 weight= 0.75 mean_abs_feat_delta= 0.229228\n"}
,{"stream_name":"stdout","time":806.479394785,"data":"EDGE_TTA_ACTIVE views= 10 mean_abs_feat_delta= 0.329564\n"}
,{"stream_name":"stdout","time":806.681705688,"data":"EDGE_TTA_ACTIVE views= 10 mean_abs_feat_delta= 0.329564\n"}
,{"stream_name":"stdout","time":807.417677081,"data":"SECONDARY_EDGE_TTA_ACTIVE views= 8 weight= 0.75 mean_abs_feat_delta= 0.231364\n"}
,{"stream_name":"stdout","time":807.620270308,"data":"SECONDARY_EDGE_TTA_ACTIVE views= 8 weight= 0.75 mean_abs_feat_delta= 0.231364\n"}
,{"stream_name":"stdout","time":808.93027149,"data":"EDGE_TTA_ACTIVE views= 10 mean_abs_feat_delta= 0.328084\n"}
,{"stream_name":"stdout","time":809.132552521,"data":"EDGE_TTA_ACTIVE views= 10 mean_abs_feat_delta= 0.328084\n"}
,{"stream_name":"stdout","time":809.875198143,"data":"SECONDARY_EDGE_TTA_ACTIVE views= 8 weight= 0.75 mean_abs_feat_delta= 0.231505\n"}
,{"stream_name":"stdout","time":810.054303548,"data":"EDGE_TTA_ACTIVE views= 10 mean_abs_feat_delta= 0.345811\n"}
,{"stream_name":"stdout","time":810.077516784,"data":"SECONDARY_EDGE_TTA_ACTIVE views= 8 weight= 0.75 mean_abs_feat_delta= 0.231505\n"}
,{"stream_name":"stdout","time":810.077540239,"data":"EDGE_TTA_ACTIVE views= 10 mean_abs_feat_delta= 0.345811\n"}
,{"stream_name":"stdout","time":811.005599027,"data":"SECONDARY_EDGE_TTA_ACTIVE views= 8 weight= 0.75 mean_abs_feat_delta= 0.229197\n"}
,{"stream_name":"stdout","time":811.208210336,"data":"SECONDARY_EDGE_TTA_ACTIVE views= 8 weight= 0.75 mean_abs_feat_delta= 0.229197\n"}
,{"stream_name":"stdout","time":811.387066583,"data":"EDGE_TTA_ACTIVE views= 10 mean_abs_feat_delta= 0.32487\n"}
,{"stream_name":"stdout","time":811.589436279,"data":"EDGE_TTA_ACTIVE views= 10 mean_abs_feat_delta= 0.32487\n"}
,{"stream_name":"stdout","time":812.280449958,"data":"EDGE_TTA_ACTIVE views= 10 mean_abs_feat_delta= 0.349297\n"}
,{"stream_name":"stdout","time":812.333121752,"data":"SECONDARY_EDGE_TTA_ACTIVE views= 8 weight= 0.75 mean_abs_feat_delta= 0.233103\n"}
,{"stream_name":"stdout","time":812.483001322,"data":"EDGE_TTA_ACTIVE views= 10 mean_abs_feat_delta= 0.349297\n"}
,{"stream_name":"stdout","time":812.48302344,"data":"SECONDARY_EDGE_TTA_ACTIVE views= 8 weight= 0.75 mean_abs_feat_delta= 0.233103\n"}
,{"stream_name":"stdout","time":813.237296673,"data":"SECONDARY_EDGE_TTA_ACTIVE views= 8 weight= 0.75 mean_abs_feat_delta= 0.228531\n"}
,{"stream_name":"stdout","time":813.439526733,"data":"SECONDARY_EDGE_TTA_ACTIVE views= 8 weight= 0.75 mean_abs_feat_delta= 0.228531\n"}
,{"stream_name":"stdout","time":813.876149255,"data":"EDGE_TTA_ACTIVE views= 10 mean_abs_feat_delta= 0.327779\n"}
,{"stream_name":"stdout","time":814.078504556,"data":"EDGE_TTA_ACTIVE views= 10 mean_abs_feat_delta= 0.327779\n"}
,{"stream_name":"stdout","time":814.51230625,"data":"EDGE_TTA_ACTIVE views= 10 mean_abs_feat_delta= 0.350721\n"}
,{"stream_name":"stdout","time":814.714407129,"data":"EDGE_TTA_ACTIVE views= 10 mean_abs_feat_delta= 0.350721\n"}
,{"stream_name":"stdout","time":814.827079093,"data":"SECONDARY_EDGE_TTA_ACTIVE views= 8 weight= 0.75 mean_abs_feat_delta= 0.230713\n"}
,{"stream_name":"stdout","time":815.029349088,"data":"SECONDARY_EDGE_TTA_ACTIVE views= 8 weight= 0.75 mean_abs_feat_delta= 0.230713\n"}
,{"stream_name":"stdout","time":815.473306591,"data":"SECONDARY_EDGE_TTA_ACTIVE views= 8 weight= 0.75 mean_abs_feat_delta= 0.232233\n"}
,{"stream_name":"stdout","time":815.675559926,"data":"SECONDARY_EDGE_TTA_ACTIVE views= 8 weight= 0.75 mean_abs_feat_delta= 0.232233\n"}
,{"stream_name":"stdout","time":816.419854191,"data":"EDGE_TTA_ACTIVE views= 10 mean_abs_feat_delta= 0.327313\n"}
,{"stream_name":"stdout","time":816.621938019,"data":"EDGE_TTA_ACTIVE views= 10 mean_abs_feat_delta= 0.327313\n"}
,{"stream_name":"stdout","time":816.758343856,"data":"EDGE_TTA_ACTIVE views= 10 mean_abs_feat_delta= 0.352911\n"}
,{"stream_name":"stdout","time":816.960811257,"data":"EDGE_TTA_ACTIVE views= 10 mean_abs_feat_delta= 0.352911\n"}
,{"stream_name":"stdout","time":817.374655977,"data":"SECONDARY_EDGE_TTA_ACTIVE views= 8 weight= 0.75 mean_abs_feat_delta= 0.228063\n"}
,{"stream_name":"stdout","time":817.577192852,"data":"SECONDARY_EDGE_TTA_ACTIVE views= 8 weight= 0.75 mean_abs_feat_delta= 0.228063\n"}
,{"stream_name":"stdout","time":817.703573425,"data":"SECONDARY_EDGE_TTA_ACTIVE views= 8 weight= 0.75 mean_abs_feat_delta= 0.231136\n"}
,{"stream_name":"stdout","time":817.905884025,"data":"SECONDARY_EDGE_TTA_ACTIVE views= 8 weight= 0.75 mean_abs_feat_delta= 0.231136\n"}
,{"stream_name":"stdout","time":818.910140136,"data":"EDGE_TTA_ACTIVE views= 10 mean_abs_feat_delta= 0.327608\n"}
,{"stream_name":"stdout","time":818.997017546,"data":"EDGE_TTA_ACTIVE views= 10 mean_abs_feat_delta= 0.341653\n"}
,{"stream_name":"stdout","time":819.112446526,"data":"EDGE_TTA_ACTIVE views= 10 mean_abs_feat_delta= 0.327608\n"}
,{"stream_name":"stdout","time":819.112470561,"data":"EDGE_TTA_ACTIVE views= 10 mean_abs_feat_delta= 0.341653\n"}
,{"stream_name":"stdout","time":819.866614935,"data":"SECONDARY_EDGE_TTA_ACTIVE views= 8 weight= 0.75 mean_abs_feat_delta= 0.23148\n"}
,{"stream_name":"stdout","time":819.974261798,"data":"SECONDARY_EDGE_TTA_ACTIVE views= 8 weight= 0.75 mean_abs_feat_delta= 0.237962\n"}
,{"stream_name":"stdout","time":820.068994085,"data":"SECONDARY_EDGE_TTA_ACTIVE views= 8 weight= 0.75 mean_abs_feat_delta= 0.23148\n"}
,{"stream_name":"stdout","time":820.069024344,"data":"SECONDARY_EDGE_TTA_ACTIVE views= 8 weight= 0.75 mean_abs_feat_delta= 0.237962\n"}
,{"stream_name":"stdout","time":821.269189043,"data":"EDGE_TTA_ACTIVE views= 10 mean_abs_feat_delta= 0.358983\n"}
,{"stream_name":"stdout","time":821.420464977,"data":"EDGE_TTA_ACTIVE views= 10 mean_abs_feat_delta= 0.326722\n"}
,{"stream_name":"stdout","time":821.47160172,"data":"EDGE_TTA_ACTIVE views= 10 mean_abs_feat_delta= 0.358983\n"}
,{"stream_name":"stdout","time":821.471626746,"data":"EDGE_TTA_ACTIVE views= 10 mean_abs_feat_delta= 0.326722\n"}
,{"stream_name":"stdout","time":822.24247811,"data":"SECONDARY_EDGE_TTA_ACTIVE views= 8 weight= 0.75 mean_abs_feat_delta= 0.23324\n"}
,{"stream_name":"stdout","time":822.384555227,"data":"SECONDARY_EDGE_TTA_ACTIVE views= 8 weight= 0.75 mean_abs_feat_delta= 0.226861\n"}
,{"stream_name":"stdout","time":822.445143402,"data":"SECONDARY_EDGE_TTA_ACTIVE views= 8 weight= 0.75 mean_abs_feat_delta= 0.23324\n"}
,{"stream_name":"stdout","time":822.445176665,"data":"SECONDARY_EDGE_TTA_ACTIVE views= 8 weight= 0.75 mean_abs_feat_delta= 0.226861\n"}
,{"stream_name":"stdout","time":823.970674917,"data":"EDGE_TTA_ACTIVE views= 10 mean_abs_feat_delta= 0.329245\n"}
,{"stream_name":"stdout","time":823.979892695,"data":"EDGE_TTA_ACTIVE views= 10 mean_abs_feat_delta= 0.363096\n"}
,{"stream_name":"stdout","time":824.172965031,"data":"EDGE_TTA_ACTIVE views= 10 mean_abs_feat_delta= 0.329245\n"}
,{"stream_name":"stdout","time":824.172996309,"data":"EDGE_TTA_ACTIVE views= 10 mean_abs_feat_delta= 0.363096\n"}
,{"stream_name":"stdout","time":824.938899438,"data":"SECONDARY_EDGE_TTA_ACTIVE views= 8 weight= 0.75 mean_abs_feat_delta= 0.226753\n"}
,{"stream_name":"stdout","time":824.955211124,"data":"SECONDARY_EDGE_TTA_ACTIVE views= 8 weight= 0.75 mean_abs_feat_delta= 0.233703\n"}
,{"stream_name":"stdout","time":825.141098819,"data":"SECONDARY_EDGE_TTA_ACTIVE views= 8 weight= 0.75 mean_abs_feat_delta= 0.226753\n"}
,{"stream_name":"stdout","time":825.141132742,"data":"SECONDARY_EDGE_TTA_ACTIVE views= 8 weight= 0.75 mean_abs_feat_delta= 0.233703\n"}
,{"stream_name":"stdout","time":826.26711297,"data":"EDGE_TTA_ACTIVE views= 10 mean_abs_feat_delta= 0.355823\n"}
,{"stream_name":"stdout","time":826.469618555,"data":"EDGE_TTA_ACTIVE views= 10 mean_abs_feat_delta= 0.355823\n"}
,{"stream_name":"stdout","time":826.536227693,"data":"EDGE_TTA_ACTIVE views= 10 mean_abs_feat_delta= 0.332881\n"}
,{"stream_name":"stdout","time":826.738505903,"data":"EDGE_TTA_ACTIVE views= 10 mean_abs_feat_delta= 0.332881\n"}
,{"stream_name":"stdout","time":827.248586392,"data":"SECONDARY_EDGE_TTA_ACTIVE views= 8 weight= 0.75 mean_abs_feat_delta= 0.23047\n"}
,{"stream_name":"stdout","time":827.451002329,"data":"SECONDARY_EDGE_TTA_ACTIVE views= 8 weight= 0.75 mean_abs_feat_delta= 0.23047\n"}
,{"stream_name":"stdout","time":827.508113956,"data":"SECONDARY_EDGE_TTA_ACTIVE views= 8 weight= 0.75 mean_abs_feat_delta= 0.229067\n"}
,{"stream_name":"stdout","time":827.710392492,"data":"SECONDARY_EDGE_TTA_ACTIVE views= 8 weight= 0.75 mean_abs_feat_delta= 0.229067\n"}
,{"stream_name":"stdout","time":828.56209162,"data":"EDGE_TTA_ACTIVE views= 10 mean_abs_feat_delta= 0.350931\n"}
,{"stream_name":"stdout","time":828.764547752,"data":"EDGE_TTA_ACTIVE views= 10 mean_abs_feat_delta= 0.350931\n"}
,{"stream_name":"stdout","time":829.084918619,"data":"EDGE_TTA_ACTIVE views= 10 mean_abs_feat_delta= 0.328438\n"}
,{"stream_name":"stdout","time":829.287292987,"data":"EDGE_TTA_ACTIVE views= 10 mean_abs_feat_delta= 0.328438\n"}
,{"stream_name":"stdout","time":829.553028095,"data":"SECONDARY_EDGE_TTA_ACTIVE views= 8 weight= 0.75 mean_abs_feat_delta= 0.222866\n"}
,{"stream_name":"stdout","time":829.75546739,"data":"SECONDARY_EDGE_TTA_ACTIVE views= 8 weight= 0.75 mean_abs_feat_delta= 0.222866\n"}
,{"stream_name":"stdout","time":830.06054552,"data":"SECONDARY_EDGE_TTA_ACTIVE views= 8 weight= 0.75 mean_abs_feat_delta= 0.224805\n"}
,{"stream_name":"stdout","time":830.262998906,"data":"SECONDARY_EDGE_TTA_ACTIVE views= 8 weight= 0.75 mean_abs_feat_delta= 0.224805\n"}
,{"stream_name":"stdout","time":830.867779662,"data":"EDGE_TTA_ACTIVE views= 10 mean_abs_feat_delta= 0.352382\n"}
,{"stream_name":"stdout","time":831.069934984,"data":"EDGE_TTA_ACTIVE views= 10 mean_abs_feat_delta= 0.352382\n"}
,{"stream_name":"stdout","time":831.651293383,"data":"EDGE_TTA_ACTIVE views= 10 mean_abs_feat_delta= 0.323295\n"}
,{"stream_name":"stdout","time":831.853918679,"data":"EDGE_TTA_ACTIVE views= 10 mean_abs_feat_delta= 0.323295\n"}
,{"stream_name":"stdout","time":831.862665983,"data":"SECONDARY_EDGE_TTA_ACTIVE views= 8 weight= 0.75 mean_abs_feat_delta= 0.223297\n"}
,{"stream_name":"stdout","time":832.064857377,"data":"SECONDARY_EDGE_TTA_ACTIVE views= 8 weight= 0.75 mean_abs_feat_delta= 0.223297\n"}
,{"stream_name":"stdout","time":832.630013929,"data":"SECONDARY_EDGE_TTA_ACTIVE views= 8 weight= 0.75 mean_abs_feat_delta= 0.22475\n"}
,{"stream_name":"stdout","time":832.832459586,"data":"SECONDARY_EDGE_TTA_ACTIVE views= 8 weight= 0.75 mean_abs_feat_delta= 0.22475\n"}
,{"stream_name":"stdout","time":833.19913502,"data":"EDGE_TTA_ACTIVE views= 10 mean_abs_feat_delta= 0.351451\n"}
,{"stream_name":"stdout","time":833.401591251,"data":"EDGE_TTA_ACTIVE views= 10 mean_abs_feat_delta= 0.351451\n"}
,{"stream_name":"stdout","time":834.203983131,"data":"SECONDARY_EDGE_TTA_ACTIVE views= 8 weight= 0.75 mean_abs_feat_delta= 0.226482\n"}
,{"stream_name":"stdout","time":834.228069947,"data":"EDGE_TTA_ACTIVE views= 10 mean_abs_feat_delta= 0.323923\n"}
,{"stream_name":"stdout","time":834.445106487,"data":"SECONDARY_EDGE_TTA_ACTIVE views= 8 weight= 0.75 mean_abs_feat_delta= 0.226482\n"}
,{"stream_name":"stdout","time":834.445133746,"data":"EDGE_TTA_ACTIVE views= 10 mean_abs_feat_delta= 0.323923\n"}
,{"stream_name":"stdout","time":835.200582788,"data":"SECONDARY_EDGE_TTA_ACTIVE views= 8 weight= 0.75 mean_abs_feat_delta= 0.223629\n"}
,{"stream_name":"stdout","time":835.403111289,"data":"SECONDARY_EDGE_TTA_ACTIVE views= 8 weight= 0.75 mean_abs_feat_delta= 0.223629\n"}
,{"stream_name":"stdout","time":835.537290882,"data":"EDGE_TTA_ACTIVE views= 10 mean_abs_feat_delta= 0.357478\n"}
,{"stream_name":"stdout","time":835.739655932,"data":"EDGE_TTA_ACTIVE views= 10 mean_abs_feat_delta= 0.357478\n"}
,{"stream_name":"stdout","time":836.537161359,"data":"SECONDARY_EDGE_TTA_ACTIVE views= 8 weight= 0.75 mean_abs_feat_delta= 0.229453\n"}
,{"stream_name":"stdout","time":836.739599047,"data":"SECONDARY_EDGE_TTA_ACTIVE views= 8 weight= 0.75 mean_abs_feat_delta= 0.229453\n"}
,{"stream_name":"stdout","time":836.758423299,"data":"EDGE_TTA_ACTIVE views= 10 mean_abs_feat_delta= 0.325909\n"}
,{"stream_name":"stdout","time":836.960539325,"data":"EDGE_TTA_ACTIVE views= 10 mean_abs_feat_delta= 0.325909\n"}
,{"stream_name":"stdout","time":837.72979799,"data":"SECONDARY_EDGE_TTA_ACTIVE views= 8 weight= 0.75 mean_abs_feat_delta= 0.221381\n"}
,{"stream_name":"stdout","time":837.859513248,"data":"EDGE_TTA_ACTIVE views= 10 mean_abs_feat_delta= 0.346519\n"}
,{"stream_name":"stdout","time":837.932017633,"data":"SECONDARY_EDGE_TTA_ACTIVE views= 8 weight= 0.75 mean_abs_feat_delta= 0.221381\n"}
,{"stream_name":"stdout","time":837.932073389,"data":"EDGE_TTA_ACTIVE views= 10 mean_abs_feat_delta= 0.346519\n"}
,{"stream_name":"stdout","time":838.85970285,"data":"SECONDARY_EDGE_TTA_ACTIVE views= 8 weight= 0.75 mean_abs_feat_delta= 0.233899\n"}
,{"stream_name":"stdout","time":839.062009476,"data":"SECONDARY_EDGE_TTA_ACTIVE views= 8 weight= 0.75 mean_abs_feat_delta= 0.233899\n"}
,{"stream_name":"stdout","time":839.287420399,"data":"EDGE_TTA_ACTIVE views= 10 mean_abs_feat_delta= 0.327006\n"}
,{"stream_name":"stdout","time":839.489797186,"data":"EDGE_TTA_ACTIVE views= 10 mean_abs_feat_delta= 0.327006\n"}
,{"stream_name":"stdout","time":840.235550953,"data":"EDGE_TTA_ACTIVE views= 10 mean_abs_feat_delta= 0.359908\n"}
,{"stream_name":"stdout","time":840.26176511,"data":"SECONDARY_EDGE_TTA_ACTIVE views= 8 weight= 0.75 mean_abs_feat_delta= 0.220825\n"}
,{"stream_name":"stdout","time":840.438081095,"data":"EDGE_TTA_ACTIVE views= 10 mean_abs_feat_delta= 0.359908\n"}
,{"stream_name":"stdout","time":840.438110778,"data":"SECONDARY_EDGE_TTA_ACTIVE views= 8 weight= 0.75 mean_abs_feat_delta= 0.220825\n"}
,{"stream_name":"stdout","time":841.228879981,"data":"SECONDARY_EDGE_TTA_ACTIVE views= 8 weight= 0.75 mean_abs_feat_delta= 0.228562\n"}
,{"stream_name":"stdout","time":841.431506958,"data":"SECONDARY_EDGE_TTA_ACTIVE views= 8 weight= 0.75 mean_abs_feat_delta= 0.228562\n"}
,{"stream_name":"stdout","time":841.816409677,"data":"EDGE_TTA_ACTIVE views= 10 mean_abs_feat_delta= 0.326306\n"}
,{"stream_name":"stdout","time":842.018939856,"data":"EDGE_TTA_ACTIVE views= 10 mean_abs_feat_delta= 0.326306\n"}
,{"stream_name":"stdout","time":842.55893335,"data":"EDGE_TTA_ACTIVE views= 10 mean_abs_feat_delta= 0.353066\n"}
,{"stream_name":"stdout","time":842.76110884,"data":"EDGE_TTA_ACTIVE views= 10 mean_abs_feat_delta= 0.353066\n"}
,{"stream_name":"stdout","time":842.789356936,"data":"SECONDARY_EDGE_TTA_ACTIVE views= 8 weight= 0.75 mean_abs_feat_delta= 0.220942\n"}
,{"stream_name":"stdout","time":842.99148737,"data":"SECONDARY_EDGE_TTA_ACTIVE views= 8 weight= 0.75 mean_abs_feat_delta= 0.220942\n"}
,{"stream_name":"stdout","time":843.551893853,"data":"SECONDARY_EDGE_TTA_ACTIVE views= 8 weight= 0.75 mean_abs_feat_delta= 0.229373\n"}
,{"stream_name":"stdout","time":843.754086806,"data":"SECONDARY_EDGE_TTA_ACTIVE views= 8 weight= 0.75 mean_abs_feat_delta= 0.229373\n"}
,{"stream_name":"stdout","time":844.357183502,"data":"EDGE_TTA_ACTIVE views= 10 mean_abs_feat_delta= 0.326468\n"}
,{"stream_name":"stdout","time":844.559144567,"data":"EDGE_TTA_ACTIVE views= 10 mean_abs_feat_delta= 0.326468\n"}
,{"stream_name":"stdout","time":844.862236697,"data":"EDGE_TTA_ACTIVE views= 10 mean_abs_feat_delta= 0.349882\n"}
,{"stream_name":"stdout","time":845.064522134,"data":"EDGE_TTA_ACTIVE views= 10 mean_abs_feat_delta= 0.349882\n"}
,{"stream_name":"stdout","time":845.319837346,"data":"SECONDARY_EDGE_TTA_ACTIVE views= 8 weight= 0.75 mean_abs_feat_delta= 0.220064\n"}
,{"stream_name":"stdout","time":845.522270148,"data":"SECONDARY_EDGE_TTA_ACTIVE views= 8 weight= 0.75 mean_abs_feat_delta= 0.220064\n"}
,{"stream_name":"stdout","time":845.844850111,"data":"SECONDARY_EDGE_TTA_ACTIVE views= 8 weight= 0.75 mean_abs_feat_delta= 0.228983\n"}
,{"stream_name":"stdout","time":846.047238277,"data":"SECONDARY_EDGE_TTA_ACTIVE views= 8 weight= 0.75 mean_abs_feat_delta= 0.228983\n"}
,{"stream_name":"stdout","time":846.889345798,"data":"EDGE_TTA_ACTIVE views= 10 mean_abs_feat_delta= 0.326114\n"}
,{"stream_name":"stdout","time":847.091418763,"data":"EDGE_TTA_ACTIVE views= 10 mean_abs_feat_delta= 0.326114\n"}
,{"stream_name":"stdout","time":847.159557507,"data":"EDGE_TTA_ACTIVE views= 10 mean_abs_feat_delta= 0.350046\n"}
,{"stream_name":"stdout","time":847.361980908,"data":"EDGE_TTA_ACTIVE views= 10 mean_abs_feat_delta= 0.350046\n"}
,{"stream_name":"stdout","time":847.851926779,"data":"SECONDARY_EDGE_TTA_ACTIVE views= 8 weight= 0.75 mean_abs_feat_delta= 0.219385\n"}
,{"stream_name":"stdout","time":848.054386163,"data":"SECONDARY_EDGE_TTA_ACTIVE views= 8 weight= 0.75 mean_abs_feat_delta= 0.219385\n"}
,{"stream_name":"stdout","time":848.140748466,"data":"SECONDARY_EDGE_TTA_ACTIVE views= 8 weight= 0.75 mean_abs_feat_delta= 0.22723\n"}
,{"stream_name":"stdout","time":848.343057604,"data":"SECONDARY_EDGE_TTA_ACTIVE views= 8 weight= 0.75 mean_abs_feat_delta= 0.22723\n"}
,{"stream_name":"stdout","time":849.411177833,"data":"EDGE_TTA_ACTIVE views= 10 mean_abs_feat_delta= 0.326584\n"}
,{"stream_name":"stdout","time":849.447639797,"data":"EDGE_TTA_ACTIVE views= 10 mean_abs_feat_delta= 0.354635\n"}
,{"stream_name":"stdout","time":849.613764281,"data":"EDGE_TTA_ACTIVE views= 10 mean_abs_feat_delta= 0.326584\n"}
,{"stream_name":"stdout","time":849.613789741,"data":"EDGE_TTA_ACTIVE views= 10 mean_abs_feat_delta= 0.354635\n"}
,{"stream_name":"stdout","time":850.376625265,"data":"SECONDARY_EDGE_TTA_ACTIVE views= 8 weight= 0.75 mean_abs_feat_delta= 0.221891\n"}
,{"stream_name":"stdout","time":850.424424026,"data":"SECONDARY_EDGE_TTA_ACTIVE views= 8 weight= 0.75 mean_abs_feat_delta= 0.227184\n"}
,{"stream_name":"stdout","time":850.579193043,"data":"SECONDARY_EDGE_TTA_ACTIVE views= 8 weight= 0.75 mean_abs_feat_delta= 0.221891\n"}
,{"stream_name":"stdout","time":850.579226184,"data":"SECONDARY_EDGE_TTA_ACTIVE views= 8 weight= 0.75 mean_abs_feat_delta= 0.227184\n"}
,{"stream_name":"stdout","time":851.71950666,"data":"EDGE_TTA_ACTIVE views= 10 mean_abs_feat_delta= 0.355655\n"}
,{"stream_name":"stdout","time":851.921930465,"data":"EDGE_TTA_ACTIVE views= 10 mean_abs_feat_delta= 0.355655\n"}
,{"stream_name":"stdout","time":851.936112082,"data":"EDGE_TTA_ACTIVE views= 10 mean_abs_feat_delta= 0.320159\n"}
,{"stream_name":"stdout","time":852.138432978,"data":"EDGE_TTA_ACTIVE views= 10 mean_abs_feat_delta= 0.320159\n"}
,{"stream_name":"stdout","time":852.694092804,"data":"SECONDARY_EDGE_TTA_ACTIVE views= 8 weight= 0.75 mean_abs_feat_delta= 0.228674\n"}
,{"stream_name":"stdout","time":852.891983356,"data":"SECONDARY_EDGE_TTA_ACTIVE views= 8 weight= 0.75 mean_abs_feat_delta= 0.22287\n"}
,{"stream_name":"stdout","time":852.896759177,"data":"SECONDARY_EDGE_TTA_ACTIVE views= 8 weight= 0.75 mean_abs_feat_delta= 0.228674\n"}
,{"stream_name":"stdout","time":852.896781109,"data":"SECONDARY_EDGE_TTA_ACTIVE views= 8 weight= 0.75 mean_abs_feat_delta= 0.22287\n"}
,{"stream_name":"stdout","time":854.006761905,"data":"EDGE_TTA_ACTIVE views= 10 mean_abs_feat_delta= 0.358453\n"}
,{"stream_name":"stdout","time":854.208956158,"data":"EDGE_TTA_ACTIVE views= 10 mean_abs_feat_delta= 0.358453\n"}
,{"stream_name":"stdout","time":854.435158558,"data":"EDGE_TTA_ACTIVE views= 10 mean_abs_feat_delta= 0.324638\n"}
,{"stream_name":"stdout","time":854.63757558,"data":"EDGE_TTA_ACTIVE views= 10 mean_abs_feat_delta= 0.324638\n"}
,{"stream_name":"stdout","time":854.982391899,"data":"SECONDARY_EDGE_TTA_ACTIVE views= 8 weight= 0.75 mean_abs_feat_delta= 0.22969\n"}
,{"stream_name":"stdout","time":855.18481256,"data":"SECONDARY_EDGE_TTA_ACTIVE views= 8 weight= 0.75 mean_abs_feat_delta= 0.22969\n"}
,{"stream_name":"stdout","time":855.386663829,"data":"SECONDARY_EDGE_TTA_ACTIVE views= 8 weight= 0.75 mean_abs_feat_delta= 0.226905\n"}
,{"stream_name":"stdout","time":855.58938115,"data":"SECONDARY_EDGE_TTA_ACTIVE views= 8 weight= 0.75 mean_abs_feat_delta= 0.226905\n"}
,{"stream_name":"stdout","time":856.277941892,"data":"EDGE_TTA_ACTIVE views= 10 mean_abs_feat_delta= 0.358802\n"}
,{"stream_name":"stdout","time":856.480689843,"data":"EDGE_TTA_ACTIVE views= 10 mean_abs_feat_delta= 0.358802\n"}
,{"stream_name":"stdout","time":856.939379427,"data":"EDGE_TTA_ACTIVE views= 10 mean_abs_feat_delta= 0.324371\n"}
,{"stream_name":"stdout","time":857.141617245,"data":"EDGE_TTA_ACTIVE views= 10 mean_abs_feat_delta= 0.324371\n"}
,{"stream_name":"stdout","time":857.250199686,"data":"SECONDARY_EDGE_TTA_ACTIVE views= 8 weight= 0.75 mean_abs_feat_delta= 0.227887\n"}
,{"stream_name":"stdout","time":857.452144125,"data":"SECONDARY_EDGE_TTA_ACTIVE views= 8 weight= 0.75 mean_abs_feat_delta= 0.227887\n"}
,{"stream_name":"stdout","time":857.893493976,"data":"SECONDARY_EDGE_TTA_ACTIVE views= 8 weight= 0.75 mean_abs_feat_delta= 0.227329\n"}
,{"stream_name":"stdout","time":858.095999068,"data":"SECONDARY_EDGE_TTA_ACTIVE views= 8 weight= 0.75 mean_abs_feat_delta= 0.227329\n"}
,{"stream_name":"stdout","time":858.706500134,"data":"EDGE_TTA_ACTIVE views= 10 mean_abs_feat_delta= 0.357716\n"}
,{"stream_name":"stdout","time":858.908589296,"data":"EDGE_TTA_ACTIVE views= 10 mean_abs_feat_delta= 0.357716\n"}
,{"stream_name":"stdout","time":859.448514634,"data":"EDGE_TTA_ACTIVE views= 10 mean_abs_feat_delta= 0.323362\n"}
,{"stream_name":"stdout","time":859.650982861,"data":"EDGE_TTA_ACTIVE views= 10 mean_abs_feat_delta= 0.323362\n"}
,{"stream_name":"stdout","time":859.679076957,"data":"SECONDARY_EDGE_TTA_ACTIVE views= 8 weight= 0.75 mean_abs_feat_delta= 0.229597\n"}
,{"stream_name":"stdout","time":859.881517826,"data":"SECONDARY_EDGE_TTA_ACTIVE views= 8 weight= 0.75 mean_abs_feat_delta= 0.229597\n"}
,{"stream_name":"stdout","time":860.396673699,"data":"SECONDARY_EDGE_TTA_ACTIVE views= 8 weight= 0.75 mean_abs_feat_delta= 0.227094\n"}
,{"stream_name":"stdout","time":860.599198196,"data":"SECONDARY_EDGE_TTA_ACTIVE views= 8 weight= 0.75 mean_abs_feat_delta= 0.227094\n"}
,{"stream_name":"stdout","time":860.994564592,"data":"EDGE_TTA_ACTIVE views= 10 mean_abs_feat_delta= 0.36287\n"}
,{"stream_name":"stdout","time":861.19878653,"data":"EDGE_TTA_ACTIVE views= 10 mean_abs_feat_delta= 0.36287\n"}
,{"stream_name":"stdout","time":861.944221944,"data":"EDGE_TTA_ACTIVE views= 10 mean_abs_feat_delta= 0.324972\n"}
,{"stream_name":"stdout","time":861.96825262,"data":"SECONDARY_EDGE_TTA_ACTIVE views= 8 weight= 0.75 mean_abs_feat_delta= 0.229355\n"}
,{"stream_name":"stdout","time":862.146983942,"data":"EDGE_TTA_ACTIVE views= 10 mean_abs_feat_delta= 0.324972\n"}
,{"stream_name":"stdout","time":862.147019267,"data":"SECONDARY_EDGE_TTA_ACTIVE views= 8 weight= 0.75 mean_abs_feat_delta= 0.229355\n"}
,{"stream_name":"stdout","time":862.896241895,"data":"SECONDARY_EDGE_TTA_ACTIVE views= 8 weight= 0.75 mean_abs_feat_delta= 0.228038\n"}
,{"stream_name":"stdout","time":863.098504853,"data":"SECONDARY_EDGE_TTA_ACTIVE views= 8 weight= 0.75 mean_abs_feat_delta= 0.228038\n"}
,{"stream_name":"stdout","time":863.267998661,"data":"EDGE_TTA_ACTIVE views= 10 mean_abs_feat_delta= 0.361019\n"}
,{"stream_name":"stdout","time":863.47033851,"data":"EDGE_TTA_ACTIVE views= 10 mean_abs_feat_delta= 0.361019\n"}
,{"stream_name":"stdout","time":864.23966412,"data":"SECONDARY_EDGE_TTA_ACTIVE views= 8 weight= 0.75 mean_abs_feat_delta= 0.228164\n"}
,{"stream_name":"stdout","time":864.43817956,"data":"EDGE_TTA_ACTIVE views= 10 mean_abs_feat_delta= 0.32288\n"}
,{"stream_name":"stdout","time":864.442454201,"data":"SECONDARY_EDGE_TTA_ACTIVE views= 8 weight= 0.75 mean_abs_feat_delta= 0.228164\n"}
,{"stream_name":"stdout","time":864.442477395,"data":"EDGE_TTA_ACTIVE views= 10 mean_abs_feat_delta= 0.32288\n"}
,{"stream_name":"stdout","time":865.386207844,"data":"SECONDARY_EDGE_TTA_ACTIVE views= 8 weight= 0.75 mean_abs_feat_delta= 0.226869\n"}
,{"stream_name":"stdout","time":865.535073941,"data":"EDGE_TTA_ACTIVE views= 10 mean_abs_feat_delta= 0.358268\n"}
,{"stream_name":"stdout","time":865.627972301,"data":"SECONDARY_EDGE_TTA_ACTIVE views= 8 weight= 0.75 mean_abs_feat_delta= 0.226869\n"}
,{"stream_name":"stdout","time":865.627995686,"data":"EDGE_TTA_ACTIVE views= 10 mean_abs_feat_delta= 0.358268\n"}
,{"stream_name":"stdout","time":866.507409539,"data":"SECONDARY_EDGE_TTA_ACTIVE views= 8 weight= 0.75 mean_abs_feat_delta= 0.230204\n"}
,{"stream_name":"stdout","time":866.709858594,"data":"SECONDARY_EDGE_TTA_ACTIVE views= 8 weight= 0.75 mean_abs_feat_delta= 0.230204\n"}
,{"stream_name":"stdout","time":867.004547436,"data":"EDGE_TTA_ACTIVE views= 10 mean_abs_feat_delta= 0.319776\n"}
,{"stream_name":"stdout","time":867.206850016,"data":"EDGE_TTA_ACTIVE views= 10 mean_abs_feat_delta= 0.319776\n"}
,{"stream_name":"stdout","time":867.794238479,"data":"EDGE_TTA_ACTIVE views= 10 mean_abs_feat_delta= 0.361194\n"}
,{"stream_name":"stdout","time":867.952449684,"data":"SECONDARY_EDGE_TTA_ACTIVE views= 8 weight= 0.75 mean_abs_feat_delta= 0.219975\n"}
,{"stream_name":"stdout","time":867.996678299,"data":"EDGE_TTA_ACTIVE views= 10 mean_abs_feat_delta= 0.361194\n"}
,{"stream_name":"stdout","time":867.996714739,"data":"SECONDARY_EDGE_TTA_ACTIVE views= 8 weight= 0.75 mean_abs_feat_delta= 0.219975\n"}
,{"stream_name":"stdout","time":868.762984944,"data":"SECONDARY_EDGE_TTA_ACTIVE views= 8 weight= 0.75 mean_abs_feat_delta= 0.229792\n"}
,{"stream_name":"stdout","time":868.965538444,"data":"SECONDARY_EDGE_TTA_ACTIVE views= 8 weight= 0.75 mean_abs_feat_delta= 0.229792\n"}
,{"stream_name":"stdout","time":869.499269696,"data":"EDGE_TTA_ACTIVE views= 10 mean_abs_feat_delta= 0.325155\n"}
,{"stream_name":"stdout","time":869.701789975,"data":"EDGE_TTA_ACTIVE views= 10 mean_abs_feat_delta= 0.325155\n"}
,{"stream_name":"stdout","time":870.050661797,"data":"EDGE_TTA_ACTIVE views= 10 mean_abs_feat_delta= 0.365006\n"}
,{"stream_name":"stdout","time":870.25301327,"data":"EDGE_TTA_ACTIVE views= 10 mean_abs_feat_delta= 0.365006\n"}
,{"stream_name":"stdout","time":870.445230719,"data":"SECONDARY_EDGE_TTA_ACTIVE views= 8 weight= 0.75 mean_abs_feat_delta= 0.22725\n"}
,{"stream_name":"stdout","time":870.647692728,"data":"SECONDARY_EDGE_TTA_ACTIVE views= 8 weight= 0.75 mean_abs_feat_delta= 0.22725\n"}
,{"stream_name":"stdout","time":871.016114204,"data":"SECONDARY_EDGE_TTA_ACTIVE views= 8 weight= 0.75 mean_abs_feat_delta= 0.231598\n"}
,{"stream_name":"stdout","time":871.218469408,"data":"SECONDARY_EDGE_TTA_ACTIVE views= 8 weight= 0.75 mean_abs_feat_delta= 0.231598\n"}
,{"stream_name":"stdout","time":871.997572965,"data":"EDGE_TTA_ACTIVE views= 10 mean_abs_feat_delta= 0.31724\n"}
,{"stream_name":"stdout","time":872.199854967,"data":"EDGE_TTA_ACTIVE views= 10 mean_abs_feat_delta= 0.31724\n"}
,{"stream_name":"stdout","time":872.293490329,"data":"EDGE_TTA_ACTIVE views= 10 mean_abs_feat_delta= 0.355569\n"}
,{"stream_name":"stdout","time":872.49583983,"data":"EDGE_TTA_ACTIVE views= 10 mean_abs_feat_delta= 0.355569\n"}
,{"stream_name":"stdout","time":872.943463301,"data":"SECONDARY_EDGE_TTA_ACTIVE views= 8 weight= 0.75 mean_abs_feat_delta= 0.225732\n"}
,{"stream_name":"stdout","time":873.145760692,"data":"SECONDARY_EDGE_TTA_ACTIVE views= 8 weight= 0.75 mean_abs_feat_delta= 0.225732\n"}
,{"stream_name":"stdout","time":873.252862712,"data":"SECONDARY_EDGE_TTA_ACTIVE views= 8 weight= 0.75 mean_abs_feat_delta= 0.237748\n"}
,{"stream_name":"stdout","time":873.455012515,"data":"SECONDARY_EDGE_TTA_ACTIVE views= 8 weight= 0.75 mean_abs_feat_delta= 0.237748\n"}
,{"stream_name":"stdout","time":874.49136891,"data":"EDGE_TTA_ACTIVE views= 10 mean_abs_feat_delta= 0.32337\n"}
,{"stream_name":"stdout","time":874.543965234,"data":"EDGE_TTA_ACTIVE views= 10 mean_abs_feat_delta= 0.366613\n"}
,{"stream_name":"stdout","time":874.693514198,"data":"EDGE_TTA_ACTIVE views= 10 mean_abs_feat_delta= 0.32337\n"}
,{"stream_name":"stdout","time":874.693538266,"data":"EDGE_TTA_ACTIVE views= 10 mean_abs_feat_delta= 0.366613\n"}
,{"stream_name":"stdout","time":875.43537946,"data":"SECONDARY_EDGE_TTA_ACTIVE views= 8 weight= 0.75 mean_abs_feat_delta= 0.229625\n"}
,{"stream_name":"stdout","time":875.504244642,"data":"SECONDARY_EDGE_TTA_ACTIVE views= 8 weight= 0.75 mean_abs_feat_delta= 0.229174\n"}
,{"stream_name":"stdout","time":875.637837973,"data":"SECONDARY_EDGE_TTA_ACTIVE views= 8 weight= 0.75 mean_abs_feat_delta= 0.229625\n"}
,{"stream_name":"stdout","time":875.63786704,"data":"SECONDARY_EDGE_TTA_ACTIVE views= 8 weight= 0.75 mean_abs_feat_delta= 0.229174\n"}
,{"stream_name":"stdout","time":876.781246659,"data":"EDGE_TTA_ACTIVE views= 10 mean_abs_feat_delta= 0.368053\n"}
,{"stream_name":"stdout","time":876.96438674,"data":"EDGE_TTA_ACTIVE views= 10 mean_abs_feat_delta= 0.325874\n"}
,{"stream_name":"stdout","time":876.983446751,"data":"EDGE_TTA_ACTIVE views= 10 mean_abs_feat_delta= 0.368053\n"}
,{"stream_name":"stdout","time":876.983471274,"data":"EDGE_TTA_ACTIVE views= 10 mean_abs_feat_delta= 0.325874\n"}
,{"stream_name":"stdout","time":877.754493053,"data":"SECONDARY_EDGE_TTA_ACTIVE views= 8 weight= 0.75 mean_abs_feat_delta= 0.23239\n"}
,{"stream_name":"stdout","time":877.908913083,"data":"SECONDARY_EDGE_TTA_ACTIVE views= 8 weight= 0.75 mean_abs_feat_delta= 0.229021\n"}
,{"stream_name":"stdout","time":877.956870772,"data":"SECONDARY_EDGE_TTA_ACTIVE views= 8 weight= 0.75 mean_abs_feat_delta= 0.23239\n"}
,{"stream_name":"stdout","time":877.956898549,"data":"SECONDARY_EDGE_TTA_ACTIVE views= 8 weight= 0.75 mean_abs_feat_delta= 0.229021\n"}
,{"stream_name":"stdout","time":879.03114712,"data":"EDGE_TTA_ACTIVE views= 10 mean_abs_feat_delta= 0.371221\n"}
,{"stream_name":"stdout","time":879.233632551,"data":"EDGE_TTA_ACTIVE views= 10 mean_abs_feat_delta= 0.371221\n"}
,{"stream_name":"stdout","time":879.444193767,"data":"EDGE_TTA_ACTIVE views= 10 mean_abs_feat_delta= 0.321951\n"}
,{"stream_name":"stdout","time":879.646681018,"data":"EDGE_TTA_ACTIVE views= 10 mean_abs_feat_delta= 0.321951\n"}
,{"stream_name":"stdout","time":879.999293372,"data":"SECONDARY_EDGE_TTA_ACTIVE views= 8 weight= 0.75 mean_abs_feat_delta= 0.233543\n"}
,{"stream_name":"stdout","time":880.201908544,"data":"SECONDARY_EDGE_TTA_ACTIVE views= 8 weight= 0.75 mean_abs_feat_delta= 0.233543\n"}
,{"stream_name":"stdout","time":880.388352085,"data":"SECONDARY_EDGE_TTA_ACTIVE views= 8 weight= 0.75 mean_abs_feat_delta= 0.229917\n"}
,{"stream_name":"stdout","time":880.590630613,"data":"SECONDARY_EDGE_TTA_ACTIVE views= 8 weight= 0.75 mean_abs_feat_delta= 0.229917\n"}
,{"stream_name":"stdout","time":881.276475655,"data":"EDGE_TTA_ACTIVE views= 10 mean_abs_feat_delta= 0.368669\n"}
,{"stream_name":"stdout","time":881.479018134,"data":"EDGE_TTA_ACTIVE views= 10 mean_abs_feat_delta= 0.368669\n"}
,{"stream_name":"stdout","time":881.911096646,"data":"EDGE_TTA_ACTIVE views= 10 mean_abs_feat_delta= 0.324834\n"}
,{"stream_name":"stdout","time":882.113359712,"data":"EDGE_TTA_ACTIVE views= 10 mean_abs_feat_delta= 0.324834\n"}
,{"stream_name":"stdout","time":882.235475278,"data":"SECONDARY_EDGE_TTA_ACTIVE views= 8 weight= 0.75 mean_abs_feat_delta= 0.230711\n"}
,{"stream_name":"stdout","time":882.437898197,"data":"SECONDARY_EDGE_TTA_ACTIVE views= 8 weight= 0.75 mean_abs_feat_delta= 0.230711\n"}
,{"stream_name":"stdout","time":882.855990836,"data":"SECONDARY_EDGE_TTA_ACTIVE views= 8 weight= 0.75 mean_abs_feat_delta= 0.232737\n"}
,{"stream_name":"stdout","time":883.058524556,"data":"SECONDARY_EDGE_TTA_ACTIVE views= 8 weight= 0.75 mean_abs_feat_delta= 0.232737\n"}
,{"stream_name":"stdout","time":883.514008936,"data":"EDGE_TTA_ACTIVE views= 10 mean_abs_feat_delta= 0.363425\n"}
,{"stream_name":"stdout","time":883.716571252,"data":"EDGE_TTA_ACTIVE views= 10 mean_abs_feat_delta= 0.363425\n"}
,{"stream_name":"stdout","time":884.405840588,"data":"EDGE_TTA_ACTIVE views= 10 mean_abs_feat_delta= 0.324127\n"}
,{"stream_name":"stdout","time":884.481620399,"data":"SECONDARY_EDGE_TTA_ACTIVE views= 8 weight= 0.75 mean_abs_feat_delta= 0.230076\n"}
,{"stream_name":"stdout","time":884.60834463,"data":"EDGE_TTA_ACTIVE views= 10 mean_abs_feat_delta= 0.324127\n"}
,{"stream_name":"stdout","time":884.608410851,"data":"SECONDARY_EDGE_TTA_ACTIVE views= 8 weight= 0.75 mean_abs_feat_delta= 0.230076\n"}
,{"stream_name":"stdout","time":885.348164843,"data":"SECONDARY_EDGE_TTA_ACTIVE views= 8 weight= 0.75 mean_abs_feat_delta= 0.227525\n"}
,{"stream_name":"stdout","time":885.550608994,"data":"SECONDARY_EDGE_TTA_ACTIVE views= 8 weight= 0.75 mean_abs_feat_delta= 0.227525\n"}
,{"stream_name":"stdout","time":885.768364845,"data":"EDGE_TTA_ACTIVE views= 10 mean_abs_feat_delta= 0.361628\n"}
,{"stream_name":"stdout","time":885.970886986,"data":"EDGE_TTA_ACTIVE views= 10 mean_abs_feat_delta= 0.361628\n"}
,{"stream_name":"stdout","time":886.735387342,"data":"SECONDARY_EDGE_TTA_ACTIVE views= 8 weight= 0.75 mean_abs_feat_delta= 0.23\n"}
,{"stream_name":"stdout","time":886.87275565,"data":"EDGE_TTA_ACTIVE views= 10 mean_abs_feat_delta= 0.325027\n"}
,{"stream_name":"stdout","time":886.937683131,"data":"SECONDARY_EDGE_TTA_ACTIVE views= 8 weight= 0.75 mean_abs_feat_delta= 0.23\n"}
,{"stream_name":"stdout","time":886.937708518,"data":"EDGE_TTA_ACTIVE views= 10 mean_abs_feat_delta= 0.325027\n"}
,{"stream_name":"stdout","time":887.816233512,"data":"SECONDARY_EDGE_TTA_ACTIVE views= 8 weight= 0.75 mean_abs_feat_delta= 0.228923\n"}
,{"stream_name":"stdout","time":888.018663896,"data":"SECONDARY_EDGE_TTA_ACTIVE views= 8 weight= 0.75 mean_abs_feat_delta= 0.228923\n"}
,{"stream_name":"stdout","time":888.025583821,"data":"EDGE_TTA_ACTIVE views= 10 mean_abs_feat_delta= 0.365582\n"}
,{"stream_name":"stdout","time":888.228091898,"data":"EDGE_TTA_ACTIVE views= 10 mean_abs_feat_delta= 0.365582\n"}
,{"stream_name":"stdout","time":888.987620687,"data":"SECONDARY_EDGE_TTA_ACTIVE views= 8 weight= 0.75 mean_abs_feat_delta= 0.231427\n"}
,{"stream_name":"stdout","time":889.190048463,"data":"SECONDARY_EDGE_TTA_ACTIVE views= 8 weight= 0.75 mean_abs_feat_delta= 0.231427\n"}
,{"stream_name":"stdout","time":889.351971468,"data":"EDGE_TTA_ACTIVE views= 10 mean_abs_feat_delta= 0.328328\n"}
,{"stream_name":"stdout","time":889.554326587,"data":"EDGE_TTA_ACTIVE views= 10 mean_abs_feat_delta= 0.328328\n"}
,{"stream_name":"stdout","time":890.270624686,"data":"EDGE_TTA_ACTIVE views= 10 mean_abs_feat_delta= 0.369151\n"}
,{"stream_name":"stdout","time":890.295506553,"data":"SECONDARY_EDGE_TTA_ACTIVE views= 8 weight= 0.75 mean_abs_feat_delta= 0.234703\n"}
,{"stream_name":"stdout","time":890.47308944,"data":"EDGE_TTA_ACTIVE views= 10 mean_abs_feat_delta= 0.369151\n"}
,{"stream_name":"stdout","time":890.473126725,"data":"SECONDARY_EDGE_TTA_ACTIVE views= 8 weight= 0.75 mean_abs_feat_delta= 0.234703\n"}
,{"stream_name":"stdout","time":891.236836669,"data":"SECONDARY_EDGE_TTA_ACTIVE views= 8 weight= 0.75 mean_abs_feat_delta= 0.229981\n"}
,{"stream_name":"stdout","time":891.438993777,"data":"SECONDARY_EDGE_TTA_ACTIVE views= 8 weight= 0.75 mean_abs_feat_delta= 0.229981\n"}
,{"stream_name":"stdout","time":891.823375136,"data":"EDGE_TTA_ACTIVE views= 10 mean_abs_feat_delta= 0.32396\n"}
,{"stream_name":"stdout","time":892.025717964,"data":"EDGE_TTA_ACTIVE views= 10 mean_abs_feat_delta= 0.32396\n"}
,{"stream_name":"stdout","time":892.573232798,"data":"EDGE_TTA_ACTIVE views= 10 mean_abs_feat_delta= 0.3675\n"}
,{"stream_name":"stdout","time":892.766823179,"data":"SECONDARY_EDGE_TTA_ACTIVE views= 8 weight= 0.75 mean_abs_feat_delta= 0.228868\n"}
,{"stream_name":"stdout","time":892.775871134,"data":"EDGE_TTA_ACTIVE views= 10 mean_abs_feat_delta= 0.3675\n"}
,{"stream_name":"stdout","time":892.775904243,"data":"SECONDARY_EDGE_TTA_ACTIVE views= 8 weight= 0.75 mean_abs_feat_delta= 0.228868\n"}
,{"stream_name":"stdout","time":893.544414336,"data":"SECONDARY_EDGE_TTA_ACTIVE views= 8 weight= 0.75 mean_abs_feat_delta= 0.229437\n"}
,{"stream_name":"stdout","time":893.747087426,"data":"SECONDARY_EDGE_TTA_ACTIVE views= 8 weight= 0.75 mean_abs_feat_delta= 0.229437\n"}
,{"stream_name":"stdout","time":894.297235354,"data":"EDGE_TTA_ACTIVE views= 10 mean_abs_feat_delta= 0.326763\n"}
,{"stream_name":"stdout","time":894.499607007,"data":"EDGE_TTA_ACTIVE views= 10 mean_abs_feat_delta= 0.326763\n"}
,{"stream_name":"stdout","time":894.838604299,"data":"EDGE_TTA_ACTIVE views= 10 mean_abs_feat_delta= 0.360457\n"}
,{"stream_name":"stdout","time":895.041089263,"data":"EDGE_TTA_ACTIVE views= 10 mean_abs_feat_delta= 0.360457\n"}
,{"stream_name":"stdout","time":895.242864654,"data":"SECONDARY_EDGE_TTA_ACTIVE views= 8 weight= 0.75 mean_abs_feat_delta= 0.229406\n"}
,{"stream_name":"stdout","time":895.445232027,"data":"SECONDARY_EDGE_TTA_ACTIVE views= 8 weight= 0.75 mean_abs_feat_delta= 0.229406\n"}
,{"stream_name":"stdout","time":895.81232875,"data":"SECONDARY_EDGE_TTA_ACTIVE views= 8 weight= 0.75 mean_abs_feat_delta= 0.229485\n"}
,{"stream_name":"stdout","time":896.052843618,"data":"SECONDARY_EDGE_TTA_ACTIVE views= 8 weight= 0.75 mean_abs_feat_delta= 0.229485\n"}
,{"stream_name":"stdout","time":896.817487318,"data":"EDGE_TTA_ACTIVE views= 10 mean_abs_feat_delta= 0.326839\n"}
,{"stream_name":"stdout","time":897.019850448,"data":"EDGE_TTA_ACTIVE views= 10 mean_abs_feat_delta= 0.326839\n"}
,{"stream_name":"stdout","time":897.10571645,"data":"EDGE_TTA_ACTIVE views= 10 mean_abs_feat_delta= 0.358336\n"}
,{"stream_name":"stdout","time":897.308022083,"data":"EDGE_TTA_ACTIVE views= 10 mean_abs_feat_delta= 0.358336\n"}
,{"stream_name":"stdout","time":897.766494845,"data":"SECONDARY_EDGE_TTA_ACTIVE views= 8 weight= 0.75 mean_abs_feat_delta= 0.228734\n"}
,{"stream_name":"stdout","time":897.968867383,"data":"SECONDARY_EDGE_TTA_ACTIVE views= 8 weight= 0.75 mean_abs_feat_delta= 0.228734\n"}
,{"stream_name":"stdout","time":898.078332964,"data":"SECONDARY_EDGE_TTA_ACTIVE views= 8 weight= 0.75 mean_abs_feat_delta= 0.234306\n"}
,{"stream_name":"stdout","time":898.28064287,"data":"SECONDARY_EDGE_TTA_ACTIVE views= 8 weight= 0.75 mean_abs_feat_delta= 0.234306\n"}
,{"stream_name":"stdout","time":899.301596768,"data":"EDGE_TTA_ACTIVE views= 10 mean_abs_feat_delta= 0.319326\n"}
,{"stream_name":"stdout","time":899.373922759,"data":"EDGE_TTA_ACTIVE views= 10 mean_abs_feat_delta= 0.359627\n"}
,{"stream_name":"stdout","time":899.504083287,"data":"EDGE_TTA_ACTIVE views= 10 mean_abs_feat_delta= 0.319326\n"}
,{"stream_name":"stdout","time":899.504109245,"data":"EDGE_TTA_ACTIVE views= 10 mean_abs_feat_delta= 0.359627\n"}
,{"stream_name":"stdout","time":900.250674905,"data":"SECONDARY_EDGE_TTA_ACTIVE views= 8 weight= 0.75 mean_abs_feat_delta= 0.227258\n"}
,{"stream_name":"stdout","time":900.348251254,"data":"SECONDARY_EDGE_TTA_ACTIVE views= 8 weight= 0.75 mean_abs_feat_delta= 0.235733\n"}
,{"stream_name":"stdout","time":900.45305847,"data":"SECONDARY_EDGE_TTA_ACTIVE views= 8 weight= 0.75 mean_abs_feat_delta= 0.227258\n"}
,{"stream_name":"stdout","time":900.45308556,"data":"SECONDARY_EDGE_TTA_ACTIVE views= 8 weight= 0.75 mean_abs_feat_delta= 0.235733\n"}
,{"stream_name":"stdout","time":901.642861268,"data":"EDGE_TTA_ACTIVE views= 10 mean_abs_feat_delta= 0.363054\n"}
,{"stream_name":"stdout","time":901.823322816,"data":"EDGE_TTA_ACTIVE views= 10 mean_abs_feat_delta= 0.320831\n"}
,{"stream_name":"stdout","time":901.845177443,"data":"EDGE_TTA_ACTIVE views= 10 mean_abs_feat_delta= 0.363054\n"}
,{"stream_name":"stdout","time":901.845198056,"data":"EDGE_TTA_ACTIVE views= 10 mean_abs_feat_delta= 0.320831\n"}
,{"stream_name":"stdout","time":902.6153972,"data":"SECONDARY_EDGE_TTA_ACTIVE views= 8 weight= 0.75 mean_abs_feat_delta= 0.231775\n"}
,{"stream_name":"stdout","time":902.771895949,"data":"SECONDARY_EDGE_TTA_ACTIVE views= 8 weight= 0.75 mean_abs_feat_delta= 0.232919\n"}
,{"stream_name":"stdout","time":902.817862732,"data":"SECONDARY_EDGE_TTA_ACTIVE views= 8 weight= 0.75 mean_abs_feat_delta= 0.231775\n"}
,{"stream_name":"stdout","time":902.818014784,"data":"SECONDARY_EDGE_TTA_ACTIVE views= 8 weight= 0.75 mean_abs_feat_delta= 0.232919\n"}
,{"stream_name":"stdout","time":903.949193655,"data":"EDGE_TTA_ACTIVE views= 10 mean_abs_feat_delta= 0.360642\n"}
,{"stream_name":"stdout","time":904.151477293,"data":"EDGE_TTA_ACTIVE views= 10 mean_abs_feat_delta= 0.360642\n"}
,{"stream_name":"stdout","time":904.303393243,"data":"EDGE_TTA_ACTIVE views= 10 mean_abs_feat_delta= 0.324308\n"}
,{"stream_name":"stdout","time":904.505691778,"data":"EDGE_TTA_ACTIVE views= 10 mean_abs_feat_delta= 0.324308\n"}
,{"stream_name":"stdout","time":904.922365886,"data":"SECONDARY_EDGE_TTA_ACTIVE views= 8 weight= 0.75 mean_abs_feat_delta= 0.227854\n"}
,{"stream_name":"stdout","time":905.124781292,"data":"SECONDARY_EDGE_TTA_ACTIVE views= 8 weight= 0.75 mean_abs_feat_delta= 0.227854\n"}
,{"stream_name":"stdout","time":905.253847096,"data":"SECONDARY_EDGE_TTA_ACTIVE views= 8 weight= 0.75 mean_abs_feat_delta= 0.237762\n"}
,{"stream_name":"stdout","time":905.456275378,"data":"SECONDARY_EDGE_TTA_ACTIVE views= 8 weight= 0.75 mean_abs_feat_delta= 0.237762\n"}
,{"stream_name":"stdout","time":906.238377273,"data":"EDGE_TTA_ACTIVE views= 10 mean_abs_feat_delta= 0.345403\n"}
,{"stream_name":"stdout","time":906.44095842,"data":"EDGE_TTA_ACTIVE views= 10 mean_abs_feat_delta= 0.345403\n"}
,{"stream_name":"stdout","time":906.782509542,"data":"EDGE_TTA_ACTIVE views= 10 mean_abs_feat_delta= 0.32669\n"}
,{"stream_name":"stdout","time":906.984956062,"data":"EDGE_TTA_ACTIVE views= 10 mean_abs_feat_delta= 0.32669\n"}
,{"stream_name":"stdout","time":907.208391915,"data":"SECONDARY_EDGE_TTA_ACTIVE views= 8 weight= 0.75 mean_abs_feat_delta= 0.232249\n"}
,{"stream_name":"stdout","time":907.212446926,"data":"BIOHUB_RETENTION_GUARD {\"blended_candidates\": 66, \"dataset\": \"6bba_05b6850b\", \"frame\": 43, \"minimum_retention\": 0.9, \"primary_candidates\": 75, \"retention\": 0.88, \"use_primary\": true}\n"}
,{"stream_name":"stdout","time":907.410864812,"data":"SECONDARY_EDGE_TTA_ACTIVE views= 8 weight= 0.75 mean_abs_feat_delta= 0.232249\n"}
,{"stream_name":"stdout","time":907.410955597,"data":"BIOHUB_RETENTION_GUARD {\"blended_candidates\": 66, \"dataset\": \"6bba_05b6850b\", \"frame\": 43, \"minimum_retention\": 0.9, \"primary_candidates\": 75, \"retention\": 0.88, \"use_primary\": true}\n"}
,{"stream_name":"stdout","time":907.731645498,"data":"SECONDARY_EDGE_TTA_ACTIVE views= 8 weight= 0.75 mean_abs_feat_delta= 0.238631\n"}
,{"stream_name":"stdout","time":907.934081608,"data":"SECONDARY_EDGE_TTA_ACTIVE views= 8 weight= 0.75 mean_abs_feat_delta= 0.238631\n"}
,{"stream_name":"stdout","time":908.503551743,"data":"EDGE_TTA_ACTIVE views= 10 mean_abs_feat_delta= 0.361877\n"}
,{"stream_name":"stdout","time":908.706206283,"data":"EDGE_TTA_ACTIVE views= 10 mean_abs_feat_delta= 0.361877\n"}
,{"stream_name":"stdout","time":909.247788625,"data":"EDGE_TTA_ACTIVE views= 10 mean_abs_feat_delta= 0.331915\n"}
,{"stream_name":"stdout","time":909.450136473,"data":"EDGE_TTA_ACTIVE views= 10 mean_abs_feat_delta= 0.331915\n"}
,{"stream_name":"stdout","time":909.478232027,"data":"SECONDARY_EDGE_TTA_ACTIVE views= 8 weight= 0.75 mean_abs_feat_delta= 0.226463\n"}
,{"stream_name":"stdout","time":909.680962365,"data":"SECONDARY_EDGE_TTA_ACTIVE views= 8 weight= 0.75 mean_abs_feat_delta= 0.226463\n"}
,{"stream_name":"stdout","time":910.198569451,"data":"SECONDARY_EDGE_TTA_ACTIVE views= 8 weight= 0.75 mean_abs_feat_delta= 0.236776\n"}
,{"stream_name":"stdout","time":910.400979209,"data":"SECONDARY_EDGE_TTA_ACTIVE views= 8 weight= 0.75 mean_abs_feat_delta= 0.236776\n"}
,{"stream_name":"stdout","time":910.773377243,"data":"EDGE_TTA_ACTIVE views= 10 mean_abs_feat_delta= 0.365889\n"}
,{"stream_name":"stdout","time":910.975682261,"data":"EDGE_TTA_ACTIVE views= 10 mean_abs_feat_delta= 0.365889\n"}
,{"stream_name":"stdout","time":911.715560458,"data":"EDGE_TTA_ACTIVE views= 10 mean_abs_feat_delta= 0.328024\n"}
,{"stream_name":"stdout","time":911.743865712,"data":"SECONDARY_EDGE_TTA_ACTIVE views= 8 weight= 0.75 mean_abs_feat_delta= 0.232529\n"}
,{"stream_name":"stdout","time":911.918072306,"data":"EDGE_TTA_ACTIVE views= 10 mean_abs_feat_delta= 0.328024\n"}
,{"stream_name":"stdout","time":911.918103281,"data":"SECONDARY_EDGE_TTA_ACTIVE views= 8 weight= 0.75 mean_abs_feat_delta= 0.232529\n"}
,{"stream_name":"stdout","time":912.665026799,"data":"SECONDARY_EDGE_TTA_ACTIVE views= 8 weight= 0.75 mean_abs_feat_delta= 0.233805\n"}
,{"stream_name":"stdout","time":912.867621988,"data":"SECONDARY_EDGE_TTA_ACTIVE views= 8 weight= 0.75 mean_abs_feat_delta= 0.233805\n"}
,{"stream_name":"stdout","time":913.040513454,"data":"EDGE_TTA_ACTIVE views= 10 mean_abs_feat_delta= 0.365426\n"}
,{"stream_name":"stdout","time":913.243072246,"data":"EDGE_TTA_ACTIVE views= 10 mean_abs_feat_delta= 0.365426\n"}
,{"stream_name":"stdout","time":914.013378917,"data":"SECONDARY_EDGE_TTA_ACTIVE views= 8 weight= 0.75 mean_abs_feat_delta= 0.234792\n"}
,{"stream_name":"stdout","time":914.186575972,"data":"EDGE_TTA_ACTIVE views= 10 mean_abs_feat_delta= 0.329025\n"}
,{"stream_name":"stdout","time":914.215776122,"data":"SECONDARY_EDGE_TTA_ACTIVE views= 8 weight= 0.75 mean_abs_feat_delta= 0.234792\n"}
,{"stream_name":"stdout","time":914.2158011,"data":"EDGE_TTA_ACTIVE views= 10 mean_abs_feat_delta= 0.329025\n"}
,{"stream_name":"stdout","time":915.138801593,"data":"SECONDARY_EDGE_TTA_ACTIVE views= 8 weight= 0.75 mean_abs_feat_delta= 0.2393\n"}
,{"stream_name":"stdout","time":915.308657517,"data":"EDGE_TTA_ACTIVE views= 10 mean_abs_feat_delta= 0.363725\n"}
,{"stream_name":"stdout","time":915.341326814,"data":"SECONDARY_EDGE_TTA_ACTIVE views= 8 weight= 0.75 mean_abs_feat_delta= 0.2393\n"}
,{"stream_name":"stdout","time":915.341350323,"data":"EDGE_TTA_ACTIVE views= 10 mean_abs_feat_delta= 0.363725\n"}
,{"stream_name":"stdout","time":916.280584569,"data":"SECONDARY_EDGE_TTA_ACTIVE views= 8 weight= 0.75 mean_abs_feat_delta= 0.233309\n"}
,{"stream_name":"stdout","time":916.483099392,"data":"SECONDARY_EDGE_TTA_ACTIVE views= 8 weight= 0.75 mean_abs_feat_delta= 0.233309\n"}
,{"stream_name":"stdout","time":916.657662763,"data":"EDGE_TTA_ACTIVE views= 10 mean_abs_feat_delta= 0.327615\n"}
,{"stream_name":"stdout","time":916.860175259,"data":"EDGE_TTA_ACTIVE views= 10 mean_abs_feat_delta= 0.327615\n"}
,{"stream_name":"stdout","time":917.587643667,"data":"EDGE_TTA_ACTIVE views= 10 mean_abs_feat_delta= 0.361952\n"}
,{"stream_name":"stdout","time":917.610399111,"data":"SECONDARY_EDGE_TTA_ACTIVE views= 8 weight= 0.75 mean_abs_feat_delta= 0.241418\n"}
,{"stream_name":"stdout","time":917.790184179,"data":"EDGE_TTA_ACTIVE views= 10 mean_abs_feat_delta= 0.361952\n"}
,{"stream_name":"stdout","time":917.790242079,"data":"SECONDARY_EDGE_TTA_ACTIVE views= 8 weight= 0.75 mean_abs_feat_delta= 0.241418\n"}
,{"stream_name":"stdout","time":918.560588746,"data":"SECONDARY_EDGE_TTA_ACTIVE views= 8 weight= 0.75 mean_abs_feat_delta= 0.231091\n"}
,{"stream_name":"stdout","time":918.763334356,"data":"SECONDARY_EDGE_TTA_ACTIVE views= 8 weight= 0.75 mean_abs_feat_delta= 0.231091\n"}
,{"stream_name":"stdout","time":919.151434216,"data":"EDGE_TTA_ACTIVE views= 10 mean_abs_feat_delta= 0.325243\n"}
,{"stream_name":"stdout","time":919.353704999,"data":"EDGE_TTA_ACTIVE views= 10 mean_abs_feat_delta= 0.325243\n"}
,{"stream_name":"stdout","time":919.884317381,"data":"EDGE_TTA_ACTIVE views= 10 mean_abs_feat_delta= 0.363581\n"}
,{"stream_name":"stdout","time":920.086703118,"data":"EDGE_TTA_ACTIVE views= 10 mean_abs_feat_delta= 0.363581\n"}
,{"stream_name":"stdout","time":920.104633662,"data":"SECONDARY_EDGE_TTA_ACTIVE views= 8 weight= 0.75 mean_abs_feat_delta= 0.240548\n"}
,{"stream_name":"stdout","time":920.306724163,"data":"SECONDARY_EDGE_TTA_ACTIVE views= 8 weight= 0.75 mean_abs_feat_delta= 0.240548\n"}
,{"stream_name":"stdout","time":920.857107694,"data":"SECONDARY_EDGE_TTA_ACTIVE views= 8 weight= 0.75 mean_abs_feat_delta= 0.231415\n"}
,{"stream_name":"stdout","time":921.059583116,"data":"SECONDARY_EDGE_TTA_ACTIVE views= 8 weight= 0.75 mean_abs_feat_delta= 0.231415\n"}
,{"stream_name":"stdout","time":921.68447035,"data":"EDGE_TTA_ACTIVE views= 10 mean_abs_feat_delta= 0.325567\n"}
,{"stream_name":"stdout","time":921.886822009,"data":"EDGE_TTA_ACTIVE views= 10 mean_abs_feat_delta= 0.325567\n"}
,{"stream_name":"stdout","time":922.153411402,"data":"EDGE_TTA_ACTIVE views= 10 mean_abs_feat_delta= 0.36092\n"}
,{"stream_name":"stdout","time":922.355506986,"data":"EDGE_TTA_ACTIVE views= 10 mean_abs_feat_delta= 0.36092\n"}
,{"stream_name":"stdout","time":922.640656811,"data":"SECONDARY_EDGE_TTA_ACTIVE views= 8 weight= 0.75 mean_abs_feat_delta= 0.239217\n"}
,{"stream_name":"stdout","time":922.843143458,"data":"SECONDARY_EDGE_TTA_ACTIVE views= 8 weight= 0.75 mean_abs_feat_delta= 0.239217\n"}
,{"stream_name":"stdout","time":923.127460467,"data":"SECONDARY_EDGE_TTA_ACTIVE views= 8 weight= 0.75 mean_abs_feat_delta= 0.232042\n"}
,{"stream_name":"stdout","time":923.329939093,"data":"SECONDARY_EDGE_TTA_ACTIVE views= 8 weight= 0.75 mean_abs_feat_delta= 0.232042\n"}
,{"stream_name":"stdout","time":924.143679658,"data":"EDGE_TTA_ACTIVE views= 10 mean_abs_feat_delta= 0.324765\n"}
,{"stream_name":"stdout","time":924.346132557,"data":"EDGE_TTA_ACTIVE views= 10 mean_abs_feat_delta= 0.324765\n"}
,{"stream_name":"stdout","time":924.420637857,"data":"EDGE_TTA_ACTIVE views= 10 mean_abs_feat_delta= 0.355302\n"}
,{"stream_name":"stdout","time":924.623192388,"data":"EDGE_TTA_ACTIVE views= 10 mean_abs_feat_delta= 0.355302\n"}
,{"stream_name":"stdout","time":925.097909834,"data":"SECONDARY_EDGE_TTA_ACTIVE views= 8 weight= 0.75 mean_abs_feat_delta= 0.238117\n"}
,{"stream_name":"stdout","time":925.30057034,"data":"SECONDARY_EDGE_TTA_ACTIVE views= 8 weight= 0.75 mean_abs_feat_delta= 0.238117\n"}
,{"stream_name":"stdout","time":925.395023001,"data":"SECONDARY_EDGE_TTA_ACTIVE views= 8 weight= 0.75 mean_abs_feat_delta= 0.232766\n"}
,{"stream_name":"stdout","time":925.597812971,"data":"SECONDARY_EDGE_TTA_ACTIVE views= 8 weight= 0.75 mean_abs_feat_delta= 0.232766\n"}
,{"stream_name":"stdout","time":926.646235865,"data":"EDGE_TTA_ACTIVE views= 10 mean_abs_feat_delta= 0.326157\n"}
,{"stream_name":"stdout","time":926.70886301,"data":"EDGE_TTA_ACTIVE views= 10 mean_abs_feat_delta= 0.346163\n"}
,{"stream_name":"stdout","time":926.89112036,"data":"EDGE_TTA_ACTIVE views= 10 mean_abs_feat_delta= 0.326157\n"}
,{"stream_name":"stdout","time":926.89114416,"data":"EDGE_TTA_ACTIVE views= 10 mean_abs_feat_delta= 0.346163\n"}
,{"stream_name":"stdout","time":927.604384163,"data":"SECONDARY_EDGE_TTA_ACTIVE views= 8 weight= 0.75 mean_abs_feat_delta= 0.241111\n"}
,{"stream_name":"stdout","time":927.68574746,"data":"SECONDARY_EDGE_TTA_ACTIVE views= 8 weight= 0.75 mean_abs_feat_delta= 0.235979\n"}
,{"stream_name":"stdout","time":927.806963241,"data":"SECONDARY_EDGE_TTA_ACTIVE views= 8 weight= 0.75 mean_abs_feat_delta= 0.241111\n"}
,{"stream_name":"stdout","time":927.806998349,"data":"SECONDARY_EDGE_TTA_ACTIVE views= 8 weight= 0.75 mean_abs_feat_delta= 0.235979\n"}
,{"stream_name":"stdout","time":928.981669698,"data":"EDGE_TTA_ACTIVE views= 10 mean_abs_feat_delta= 0.331509\n"}
,{"stream_name":"stdout","time":929.117459683,"data":"EDGE_TTA_ACTIVE views= 10 mean_abs_feat_delta= 0.322649\n"}
,{"stream_name":"stdout","time":929.184139281,"data":"EDGE_TTA_ACTIVE views= 10 mean_abs_feat_delta= 0.331509\n"}
,{"stream_name":"stdout","time":929.184317106,"data":"EDGE_TTA_ACTIVE views= 10 mean_abs_feat_delta= 0.322649\n"}
,{"stream_name":"stdout","time":929.957769477,"data":"SECONDARY_EDGE_TTA_ACTIVE views= 8 weight= 0.75 mean_abs_feat_delta= 0.241376\n"}
,{"stream_name":"stdout","time":930.075577704,"data":"SECONDARY_EDGE_TTA_ACTIVE views= 8 weight= 0.75 mean_abs_feat_delta= 0.233408\n"}
,{"stream_name":"stdout","time":930.16015123,"data":"SECONDARY_EDGE_TTA_ACTIVE views= 8 weight= 0.75 mean_abs_feat_delta= 0.241376\n"}
,{"stream_name":"stdout","time":930.16022538,"data":"SECONDARY_EDGE_TTA_ACTIVE views= 8 weight= 0.75 mean_abs_feat_delta= 0.233408\n"}
,{"stream_name":"stdout","time":931.296408651,"data":"EDGE_TTA_ACTIVE views= 10 mean_abs_feat_delta= 0.340924\n"}
,{"stream_name":"stdout","time":931.499018858,"data":"EDGE_TTA_ACTIVE views= 10 mean_abs_feat_delta= 0.340924\n"}
,{"stream_name":"stdout","time":931.576229068,"data":"EDGE_TTA_ACTIVE views= 10 mean_abs_feat_delta= 0.322826\n"}
,{"stream_name":"stdout","time":931.77835413,"data":"EDGE_TTA_ACTIVE views= 10 mean_abs_feat_delta= 0.322826\n"}
,{"stream_name":"stdout","time":932.270776376,"data":"SECONDARY_EDGE_TTA_ACTIVE views= 8 weight= 0.75 mean_abs_feat_delta= 0.233304\n"}
,{"stream_name":"stdout","time":932.473146299,"data":"SECONDARY_EDGE_TTA_ACTIVE views= 8 weight= 0.75 mean_abs_feat_delta= 0.233304\n"}
,{"stream_name":"stdout","time":932.531549557,"data":"SECONDARY_EDGE_TTA_ACTIVE views= 8 weight= 0.75 mean_abs_feat_delta= 0.236893\n"}
,{"stream_name":"stdout","time":932.733820192,"data":"SECONDARY_EDGE_TTA_ACTIVE views= 8 weight= 0.75 mean_abs_feat_delta= 0.236893\n"}
,{"stream_name":"stdout","time":933.571709718,"data":"EDGE_TTA_ACTIVE views= 10 mean_abs_feat_delta= 0.347582\n"}
,{"stream_name":"stdout","time":933.77411929,"data":"EDGE_TTA_ACTIVE views= 10 mean_abs_feat_delta= 0.347582\n"}
,{"stream_name":"stdout","time":934.057576787,"data":"EDGE_TTA_ACTIVE views= 10 mean_abs_feat_delta= 0.323802\n"}
,{"stream_name":"stdout","time":934.259969981,"data":"EDGE_TTA_ACTIVE views= 10 mean_abs_feat_delta= 0.323802\n"}
,{"stream_name":"stdout","time":934.546405675,"data":"SECONDARY_EDGE_TTA_ACTIVE views= 8 weight= 0.75 mean_abs_feat_delta= 0.237349\n"}
,{"stream_name":"stdout","time":934.749075443,"data":"SECONDARY_EDGE_TTA_ACTIVE views= 8 weight= 0.75 mean_abs_feat_delta= 0.237349\n"}
,{"stream_name":"stdout","time":935.017402483,"data":"SECONDARY_EDGE_TTA_ACTIVE views= 8 weight= 0.75 mean_abs_feat_delta= 0.244446\n"}
,{"stream_name":"stdout","time":935.21958388,"data":"SECONDARY_EDGE_TTA_ACTIVE views= 8 weight= 0.75 mean_abs_feat_delta= 0.244446\n"}
,{"stream_name":"stdout","time":935.863815439,"data":"EDGE_TTA_ACTIVE views= 10 mean_abs_feat_delta= 0.346686\n"}
,{"stream_name":"stdout","time":936.066276062,"data":"EDGE_TTA_ACTIVE views= 10 mean_abs_feat_delta= 0.346686\n"}
,{"stream_name":"stdout","time":936.512113859,"data":"EDGE_TTA_ACTIVE views= 10 mean_abs_feat_delta= 0.324162\n"}
,{"stream_name":"stdout","time":936.713717286,"data":"EDGE_TTA_ACTIVE views= 10 mean_abs_feat_delta= 0.324162\n"}
,{"stream_name":"stdout","time":936.83669407,"data":"SECONDARY_EDGE_TTA_ACTIVE views= 8 weight= 0.75 mean_abs_feat_delta= 0.237192\n"}
,{"stream_name":"stdout","time":937.039336329,"data":"SECONDARY_EDGE_TTA_ACTIVE views= 8 weight= 0.75 mean_abs_feat_delta= 0.237192\n"}
,{"stream_name":"stdout","time":937.473435832,"data":"SECONDARY_EDGE_TTA_ACTIVE views= 8 weight= 0.75 mean_abs_feat_delta= 0.249633\n"}
,{"stream_name":"stdout","time":937.676032469,"data":"SECONDARY_EDGE_TTA_ACTIVE views= 8 weight= 0.75 mean_abs_feat_delta= 0.249633\n"}
,{"stream_name":"stdout","time":938.151512046,"data":"EDGE_TTA_ACTIVE views= 10 mean_abs_feat_delta= 0.349223\n"}
,{"stream_name":"stdout","time":938.354086117,"data":"EDGE_TTA_ACTIVE views= 10 mean_abs_feat_delta= 0.349223\n"}
,{"stream_name":"stdout","time":939.002246273,"data":"EDGE_TTA_ACTIVE views= 10 mean_abs_feat_delta= 0.325109\n"}
,{"stream_name":"stdout","time":939.131604974,"data":"SECONDARY_EDGE_TTA_ACTIVE views= 8 weight= 0.75 mean_abs_feat_delta= 0.23579\n"}
,{"stream_name":"stdout","time":939.204833927,"data":"EDGE_TTA_ACTIVE views= 10 mean_abs_feat_delta= 0.325109\n"}
,{"stream_name":"stdout","time":939.204866796,"data":"SECONDARY_EDGE_TTA_ACTIVE views= 8 weight= 0.75 mean_abs_feat_delta= 0.23579\n"}
,{"stream_name":"stdout","time":939.955774802,"data":"SECONDARY_EDGE_TTA_ACTIVE views= 8 weight= 0.75 mean_abs_feat_delta= 0.246702\n"}
,{"stream_name":"stdout","time":940.158245677,"data":"SECONDARY_EDGE_TTA_ACTIVE views= 8 weight= 0.75 mean_abs_feat_delta= 0.246702\n"}
,{"stream_name":"stdout","time":940.448639665,"data":"EDGE_TTA_ACTIVE views= 10 mean_abs_feat_delta= 0.340872\n"}
,{"stream_name":"stdout","time":940.650877017,"data":"EDGE_TTA_ACTIVE views= 10 mean_abs_feat_delta= 0.340872\n"}
,{"stream_name":"stdout","time":941.422545442,"data":"SECONDARY_EDGE_TTA_ACTIVE views= 8 weight= 0.75 mean_abs_feat_delta= 0.245733\n"}
,{"stream_name":"stdout","time":941.450937451,"data":"EDGE_TTA_ACTIVE views= 10 mean_abs_feat_delta= 0.326699\n"}
,{"stream_name":"stdout","time":941.625222936,"data":"SECONDARY_EDGE_TTA_ACTIVE views= 8 weight= 0.75 mean_abs_feat_delta= 0.245733\n"}
,{"stream_name":"stdout","time":941.625253583,"data":"EDGE_TTA_ACTIVE views= 10 mean_abs_feat_delta= 0.326699\n"}
,{"stream_name":"stdout","time":942.404748055,"data":"SECONDARY_EDGE_TTA_ACTIVE views= 8 weight= 0.75 mean_abs_feat_delta= 0.239557\n"}
,{"stream_name":"stdout","time":942.607206599,"data":"SECONDARY_EDGE_TTA_ACTIVE views= 8 weight= 0.75 mean_abs_feat_delta= 0.239557\n"}
,{"stream_name":"stdout","time":942.717257594,"data":"EDGE_TTA_ACTIVE views= 10 mean_abs_feat_delta= 0.358966\n"}
,{"stream_name":"stdout","time":942.919669432,"data":"EDGE_TTA_ACTIVE views= 10 mean_abs_feat_delta= 0.358966\n"}
,{"stream_name":"stdout","time":943.695252631,"data":"SECONDARY_EDGE_TTA_ACTIVE views= 8 weight= 0.75 mean_abs_feat_delta= 0.237609\n"}
,{"stream_name":"stdout","time":943.897779951,"data":"SECONDARY_EDGE_TTA_ACTIVE views= 8 weight= 0.75 mean_abs_feat_delta= 0.237609\n"}
,{"stream_name":"stdout","time":943.906440394,"data":"EDGE_TTA_ACTIVE views= 10 mean_abs_feat_delta= 0.334673\n"}
,{"stream_name":"stdout","time":944.108497582,"data":"EDGE_TTA_ACTIVE views= 10 mean_abs_feat_delta= 0.334673\n"}
,{"stream_name":"stdout","time":944.861769261,"data":"SECONDARY_EDGE_TTA_ACTIVE views= 8 weight= 0.75 mean_abs_feat_delta= 0.238104\n"}
,{"stream_name":"stdout","time":944.990900316,"data":"EDGE_TTA_ACTIVE views= 10 mean_abs_feat_delta= 0.355674\n"}
,{"stream_name":"stdout","time":945.064006004,"data":"SECONDARY_EDGE_TTA_ACTIVE views= 8 weight= 0.75 mean_abs_feat_delta= 0.238104\n"}
,{"stream_name":"stdout","time":945.064060082,"data":"EDGE_TTA_ACTIVE views= 10 mean_abs_feat_delta= 0.355674\n"}
,{"stream_name":"stdout","time":945.964493053,"data":"SECONDARY_EDGE_TTA_ACTIVE views= 8 weight= 0.75 mean_abs_feat_delta= 0.24975\n"}
,{"stream_name":"stdout","time":946.166848099,"data":"SECONDARY_EDGE_TTA_ACTIVE views= 8 weight= 0.75 mean_abs_feat_delta= 0.24975\n"}
,{"stream_name":"stdout","time":946.366694222,"data":"EDGE_TTA_ACTIVE views= 10 mean_abs_feat_delta= 0.333342\n"}
,{"stream_name":"stdout","time":946.568996955,"data":"EDGE_TTA_ACTIVE views= 10 mean_abs_feat_delta= 0.333342\n"}
,{"stream_name":"stdout","time":947.263337848,"data":"EDGE_TTA_ACTIVE views= 10 mean_abs_feat_delta= 0.360707\n"}
,{"stream_name":"stdout","time":947.321423757,"data":"SECONDARY_EDGE_TTA_ACTIVE views= 8 weight= 0.75 mean_abs_feat_delta= 0.239919\n"}
,{"stream_name":"stdout","time":947.46569126,"data":"EDGE_TTA_ACTIVE views= 10 mean_abs_feat_delta= 0.360707\n"}
,{"stream_name":"stdout","time":947.465717306,"data":"SECONDARY_EDGE_TTA_ACTIVE views= 8 weight= 0.75 mean_abs_feat_delta= 0.239919\n"}
,{"stream_name":"stdout","time":948.238740353,"data":"SECONDARY_EDGE_TTA_ACTIVE views= 8 weight= 0.75 mean_abs_feat_delta= 0.23735\n"}
,{"stream_name":"stdout","time":948.441004046,"data":"SECONDARY_EDGE_TTA_ACTIVE views= 8 weight= 0.75 mean_abs_feat_delta= 0.23735\n"}
,{"stream_name":"stdout","time":948.81553155,"data":"EDGE_TTA_ACTIVE views= 10 mean_abs_feat_delta= 0.332673\n"}
,{"stream_name":"stdout","time":949.017907052,"data":"EDGE_TTA_ACTIVE views= 10 mean_abs_feat_delta= 0.332673\n"}
,{"stream_name":"stdout","time":949.53279775,"data":"EDGE_TTA_ACTIVE views= 10 mean_abs_feat_delta= 0.354028\n"}
,{"stream_name":"stdout","time":949.735267161,"data":"EDGE_TTA_ACTIVE views= 10 mean_abs_feat_delta= 0.354028\n"}
,{"stream_name":"stdout","time":949.768485518,"data":"SECONDARY_EDGE_TTA_ACTIVE views= 8 weight= 0.75 mean_abs_feat_delta= 0.238456\n"}
,{"stream_name":"stdout","time":949.970550437,"data":"SECONDARY_EDGE_TTA_ACTIVE views= 8 weight= 0.75 mean_abs_feat_delta= 0.238456\n"}
,{"stream_name":"stdout","time":950.506850525,"data":"SECONDARY_EDGE_TTA_ACTIVE views= 8 weight= 0.75 mean_abs_feat_delta= 0.239857\n"}
,{"stream_name":"stdout","time":950.709324666,"data":"SECONDARY_EDGE_TTA_ACTIVE views= 8 weight= 0.75 mean_abs_feat_delta= 0.239857\n"}
,{"stream_name":"stdout","time":951.267712971,"data":"EDGE_TTA_ACTIVE views= 10 mean_abs_feat_delta= 0.340696\n"}
,{"stream_name":"stdout","time":951.470115659,"data":"EDGE_TTA_ACTIVE views= 10 mean_abs_feat_delta= 0.340696\n"}
,{"stream_name":"stdout","time":951.821928789,"data":"EDGE_TTA_ACTIVE views= 10 mean_abs_feat_delta= 0.34048\n"}
,{"stream_name":"stdout","time":952.024463279,"data":"EDGE_TTA_ACTIVE views= 10 mean_abs_feat_delta= 0.34048\n"}
,{"stream_name":"stdout","time":952.221372815,"data":"SECONDARY_EDGE_TTA_ACTIVE views= 8 weight= 0.75 mean_abs_feat_delta= 0.237938\n"}
,{"stream_name":"stdout","time":952.423750515,"data":"SECONDARY_EDGE_TTA_ACTIVE views= 8 weight= 0.75 mean_abs_feat_delta= 0.237938\n"}
,{"stream_name":"stdout","time":952.79389696,"data":"SECONDARY_EDGE_TTA_ACTIVE views= 8 weight= 0.75 mean_abs_feat_delta= 0.246472\n"}
,{"stream_name":"stdout","time":952.996220348,"data":"SECONDARY_EDGE_TTA_ACTIVE views= 8 weight= 0.75 mean_abs_feat_delta= 0.246472\n"}
,{"stream_name":"stdout","time":953.718491994,"data":"EDGE_TTA_ACTIVE views= 10 mean_abs_feat_delta= 0.339871\n"}
,{"stream_name":"stdout","time":953.920814607,"data":"EDGE_TTA_ACTIVE views= 10 mean_abs_feat_delta= 0.339871\n"}
,{"stream_name":"stdout","time":954.090139081,"data":"EDGE_TTA_ACTIVE views= 10 mean_abs_feat_delta= 0.352084\n"}
,{"stream_name":"stdout","time":954.292301613,"data":"EDGE_TTA_ACTIVE views= 10 mean_abs_feat_delta= 0.352084\n"}
,{"stream_name":"stdout","time":954.671720186,"data":"SECONDARY_EDGE_TTA_ACTIVE views= 8 weight= 0.75 mean_abs_feat_delta= 0.242027\n"}
,{"stream_name":"stdout","time":954.874431598,"data":"SECONDARY_EDGE_TTA_ACTIVE views= 8 weight= 0.75 mean_abs_feat_delta= 0.242027\n"}
,{"stream_name":"stdout","time":955.063169101,"data":"SECONDARY_EDGE_TTA_ACTIVE views= 8 weight= 0.75 mean_abs_feat_delta= 0.23837\n"}
,{"stream_name":"stdout","time":955.265653841,"data":"SECONDARY_EDGE_TTA_ACTIVE views= 8 weight= 0.75 mean_abs_feat_delta= 0.23837\n"}
,{"stream_name":"stdout","time":956.167778152,"data":"EDGE_TTA_ACTIVE views= 10 mean_abs_feat_delta= 0.336599\n"}
,{"stream_name":"stdout","time":956.35861319,"data":"EDGE_TTA_ACTIVE views= 10 mean_abs_feat_delta= 0.347989\n"}
,{"stream_name":"stdout","time":956.370389582,"data":"EDGE_TTA_ACTIVE views= 10 mean_abs_feat_delta= 0.336599\n"}
,{"stream_name":"stdout","time":956.37041177,"data":"EDGE_TTA_ACTIVE views= 10 mean_abs_feat_delta= 0.347989\n"}
,{"stream_name":"stdout","time":957.119006477,"data":"SECONDARY_EDGE_TTA_ACTIVE views= 8 weight= 0.75 mean_abs_feat_delta= 0.244117\n"}
,{"stream_name":"stdout","time":957.331256943,"data":"SECONDARY_EDGE_TTA_ACTIVE views= 8 weight= 0.75 mean_abs_feat_delta= 0.23794\n"}
,{"stream_name":"stdout","time":957.368771652,"data":"SECONDARY_EDGE_TTA_ACTIVE views= 8 weight= 0.75 mean_abs_feat_delta= 0.244117\n"}
,{"stream_name":"stdout","time":957.533669392,"data":"SECONDARY_EDGE_TTA_ACTIVE views= 8 weight= 0.75 mean_abs_feat_delta= 0.23794\n"}
,{"stream_name":"stdout","time":958.624018791,"data":"EDGE_TTA_ACTIVE views= 10 mean_abs_feat_delta= 0.337248\n"}
,{"stream_name":"stdout","time":958.64674935,"data":"EDGE_TTA_ACTIVE views= 10 mean_abs_feat_delta= 0.349774\n"}
,{"stream_name":"stdout","time":958.82656518,"data":"EDGE_TTA_ACTIVE views= 10 mean_abs_feat_delta= 0.337248\n"}
,{"stream_name":"stdout","time":958.826595348,"data":"EDGE_TTA_ACTIVE views= 10 mean_abs_feat_delta= 0.349774\n"}
,{"stream_name":"stdout","time":959.576389607,"data":"SECONDARY_EDGE_TTA_ACTIVE views= 8 weight= 0.75 mean_abs_feat_delta= 0.243325\n"}
,{"stream_name":"stdout","time":959.618761675,"data":"SECONDARY_EDGE_TTA_ACTIVE views= 8 weight= 0.75 mean_abs_feat_delta= 0.237401\n"}
,{"stream_name":"stdout","time":959.778879264,"data":"SECONDARY_EDGE_TTA_ACTIVE views= 8 weight= 0.75 mean_abs_feat_delta= 0.243325\n"}
,{"stream_name":"stdout","time":959.778914609,"data":"SECONDARY_EDGE_TTA_ACTIVE views= 8 weight= 0.75 mean_abs_feat_delta= 0.237401\n"}
,{"stream_name":"stdout","time":960.929331424,"data":"EDGE_TTA_ACTIVE views= 10 mean_abs_feat_delta= 0.334972\n"}
,{"stream_name":"stdout","time":961.071474876,"data":"EDGE_TTA_ACTIVE views= 10 mean_abs_feat_delta= 0.337822\n"}
,{"stream_name":"stdout","time":961.13246705,"data":"EDGE_TTA_ACTIVE views= 10 mean_abs_feat_delta= 0.334972\n"}
,{"stream_name":"stdout","time":961.132539922,"data":"EDGE_TTA_ACTIVE views= 10 mean_abs_feat_delta= 0.337822\n"}
,{"stream_name":"stdout","time":961.909339976,"data":"SECONDARY_EDGE_TTA_ACTIVE views= 8 weight= 0.75 mean_abs_feat_delta= 0.245673\n"}
,{"stream_name":"stdout","time":962.022678532,"data":"SECONDARY_EDGE_TTA_ACTIVE views= 8 weight= 0.75 mean_abs_feat_delta= 0.244042\n"}
,{"stream_name":"stdout","time":962.111828998,"data":"SECONDARY_EDGE_TTA_ACTIVE views= 8 weight= 0.75 mean_abs_feat_delta= 0.245673\n"}
,{"stream_name":"stdout","time":962.111859203,"data":"SECONDARY_EDGE_TTA_ACTIVE views= 8 weight= 0.75 mean_abs_feat_delta= 0.244042\n"}
,{"stream_name":"stdout","time":963.225230807,"data":"EDGE_TTA_ACTIVE views= 10 mean_abs_feat_delta= 0.351497\n"}
,{"stream_name":"stdout","time":963.427404131,"data":"EDGE_TTA_ACTIVE views= 10 mean_abs_feat_delta= 0.351497\n"}
,{"stream_name":"stdout","time":963.520703235,"data":"EDGE_TTA_ACTIVE views= 10 mean_abs_feat_delta= 0.340939\n"}
,{"stream_name":"stdout","time":963.723027938,"data":"EDGE_TTA_ACTIVE views= 10 mean_abs_feat_delta= 0.340939\n"}
,{"stream_name":"stdout","time":964.19596198,"data":"SECONDARY_EDGE_TTA_ACTIVE views= 8 weight= 0.75 mean_abs_feat_delta= 0.235875\n"}
,{"stream_name":"stdout","time":964.398522485,"data":"SECONDARY_EDGE_TTA_ACTIVE views= 8 weight= 0.75 mean_abs_feat_delta= 0.235875\n"}
,{"stream_name":"stdout","time":964.471946538,"data":"SECONDARY_EDGE_TTA_ACTIVE views= 8 weight= 0.75 mean_abs_feat_delta= 0.24973\n"}
,{"stream_name":"stdout","time":964.674235567,"data":"SECONDARY_EDGE_TTA_ACTIVE views= 8 weight= 0.75 mean_abs_feat_delta= 0.24973\n"}
,{"stream_name":"stdout","time":965.490561825,"data":"EDGE_TTA_ACTIVE views= 10 mean_abs_feat_delta= 0.356089\n"}
,{"stream_name":"stdout","time":965.693090989,"data":"EDGE_TTA_ACTIVE views= 10 mean_abs_feat_delta= 0.356089\n"}
,{"stream_name":"stdout","time":965.952485054,"data":"EDGE_TTA_ACTIVE views= 10 mean_abs_feat_delta= 0.330161\n"}
,{"stream_name":"stdout","time":966.1546055,"data":"EDGE_TTA_ACTIVE views= 10 mean_abs_feat_delta= 0.330161\n"}
,{"stream_name":"stdout","time":966.461168826,"data":"SECONDARY_EDGE_TTA_ACTIVE views= 8 weight= 0.75 mean_abs_feat_delta= 0.241531\n"}
,{"stream_name":"stdout","time":966.66358091,"data":"SECONDARY_EDGE_TTA_ACTIVE views= 8 weight= 0.75 mean_abs_feat_delta= 0.241531\n"}
,{"stream_name":"stdout","time":966.904576098,"data":"SECONDARY_EDGE_TTA_ACTIVE views= 8 weight= 0.75 mean_abs_feat_delta= 0.239339\n"}
,{"stream_name":"stdout","time":967.106958699,"data":"SECONDARY_EDGE_TTA_ACTIVE views= 8 weight= 0.75 mean_abs_feat_delta= 0.239339\n"}
,{"stream_name":"stdout","time":967.757592494,"data":"EDGE_TTA_ACTIVE views= 10 mean_abs_feat_delta= 0.35637\n"}
,{"stream_name":"stdout","time":967.959982763,"data":"EDGE_TTA_ACTIVE views= 10 mean_abs_feat_delta= 0.35637\n"}
,{"stream_name":"stdout","time":968.384004918,"data":"EDGE_TTA_ACTIVE views= 10 mean_abs_feat_delta= 0.332052\n"}
,{"stream_name":"stdout","time":968.586411154,"data":"EDGE_TTA_ACTIVE views= 10 mean_abs_feat_delta= 0.332052\n"}
,{"stream_name":"stdout","time":968.729699206,"data":"SECONDARY_EDGE_TTA_ACTIVE views= 8 weight= 0.75 mean_abs_feat_delta= 0.238654\n"}
,{"stream_name":"stdout","time":968.931859488,"data":"SECONDARY_EDGE_TTA_ACTIVE views= 8 weight= 0.75 mean_abs_feat_delta= 0.238654\n"}
,{"stream_name":"stdout","time":969.336912333,"data":"SECONDARY_EDGE_TTA_ACTIVE views= 8 weight= 0.75 mean_abs_feat_delta= 0.244666\n"}
,{"stream_name":"stdout","time":969.539185823,"data":"SECONDARY_EDGE_TTA_ACTIVE views= 8 weight= 0.75 mean_abs_feat_delta= 0.244666\n"}
,{"stream_name":"stdout","time":970.024269309,"data":"EDGE_TTA_ACTIVE views= 10 mean_abs_feat_delta= 0.352802\n"}
,{"stream_name":"stdout","time":970.226565963,"data":"EDGE_TTA_ACTIVE views= 10 mean_abs_feat_delta= 0.352802\n"}
,{"stream_name":"stdout","time":970.828866961,"data":"EDGE_TTA_ACTIVE views= 10 mean_abs_feat_delta= 0.334823\n"}
,{"stream_name":"stdout","time":970.997929848,"data":"SECONDARY_EDGE_TTA_ACTIVE views= 8 weight= 0.75 mean_abs_feat_delta= 0.235897\n"}
,{"stream_name":"stdout","time":971.03149548,"data":"EDGE_TTA_ACTIVE views= 10 mean_abs_feat_delta= 0.334823\n"}
,{"stream_name":"stdout","time":971.031519286,"data":"SECONDARY_EDGE_TTA_ACTIVE views= 8 weight= 0.75 mean_abs_feat_delta= 0.235897\n"}
,{"stream_name":"stdout","time":971.781570548,"data":"SECONDARY_EDGE_TTA_ACTIVE views= 8 weight= 0.75 mean_abs_feat_delta= 0.244039\n"}
,{"stream_name":"stdout","time":971.983992905,"data":"SECONDARY_EDGE_TTA_ACTIVE views= 8 weight= 0.75 mean_abs_feat_delta= 0.244039\n"}
,{"stream_name":"stdout","time":972.292229562,"data":"EDGE_TTA_ACTIVE views= 10 mean_abs_feat_delta= 0.35378\n"}
,{"stream_name":"stdout","time":972.49462914,"data":"EDGE_TTA_ACTIVE views= 10 mean_abs_feat_delta= 0.35378\n"}
,{"stream_name":"stdout","time":973.261817194,"data":"EDGE_TTA_ACTIVE views= 10 mean_abs_feat_delta= 0.333544\n"}
,{"stream_name":"stdout","time":973.264776871,"data":"SECONDARY_EDGE_TTA_ACTIVE views= 8 weight= 0.75 mean_abs_feat_delta= 0.232787\n"}
,{"stream_name":"stdout","time":973.464384332,"data":"EDGE_TTA_ACTIVE views= 10 mean_abs_feat_delta= 0.333544\n"}
,{"stream_name":"stdout","time":973.464416588,"data":"SECONDARY_EDGE_TTA_ACTIVE views= 8 weight= 0.75 mean_abs_feat_delta= 0.232787\n"}
,{"stream_name":"stdout","time":974.210569793,"data":"SECONDARY_EDGE_TTA_ACTIVE views= 8 weight= 0.75 mean_abs_feat_delta= 0.245322\n"}
,{"stream_name":"stdout","time":974.413147442,"data":"SECONDARY_EDGE_TTA_ACTIVE views= 8 weight= 0.75 mean_abs_feat_delta= 0.245322\n"}
,{"stream_name":"stdout","time":974.600617575,"data":"EDGE_TTA_ACTIVE views= 10 mean_abs_feat_delta= 0.356135\n"}
,{"stream_name":"stdout","time":974.802981748,"data":"EDGE_TTA_ACTIVE views= 10 mean_abs_feat_delta= 0.356135\n"}
,{"stream_name":"stdout","time":975.572886803,"data":"SECONDARY_EDGE_TTA_ACTIVE views= 8 weight= 0.75 mean_abs_feat_delta= 0.235419\n"}
,{"stream_name":"stdout","time":975.713117504,"data":"EDGE_TTA_ACTIVE views= 10 mean_abs_feat_delta= 0.332593\n"}
,{"stream_name":"stdout","time":975.775194053,"data":"SECONDARY_EDGE_TTA_ACTIVE views= 8 weight= 0.75 mean_abs_feat_delta= 0.235419\n"}
,{"stream_name":"stdout","time":975.775224082,"data":"EDGE_TTA_ACTIVE views= 10 mean_abs_feat_delta= 0.332593\n"}
,{"stream_name":"stdout","time":976.664913176,"data":"SECONDARY_EDGE_TTA_ACTIVE views= 8 weight= 0.75 mean_abs_feat_delta= 0.2464\n"}
,{"stream_name":"stdout","time":976.867743189,"data":"SECONDARY_EDGE_TTA_ACTIVE views= 8 weight= 0.75 mean_abs_feat_delta= 0.2464\n"}
,{"stream_name":"stdout","time":976.868138759,"data":"EDGE_TTA_ACTIVE views= 10 mean_abs_feat_delta= 0.35435\n"}
,{"stream_name":"stdout","time":977.070611859,"data":"EDGE_TTA_ACTIVE views= 10 mean_abs_feat_delta= 0.35435\n"}
,{"stream_name":"stdout","time":977.840204559,"data":"SECONDARY_EDGE_TTA_ACTIVE views= 8 weight= 0.75 mean_abs_feat_delta= 0.232021\n"}
,{"stream_name":"stdout","time":978.042643486,"data":"SECONDARY_EDGE_TTA_ACTIVE views= 8 weight= 0.75 mean_abs_feat_delta= 0.232021\n"}
,{"stream_name":"stdout","time":978.12485761,"data":"EDGE_TTA_ACTIVE views= 10 mean_abs_feat_delta= 0.329312\n"}
,{"stream_name":"stdout","time":978.326988875,"data":"EDGE_TTA_ACTIVE views= 10 mean_abs_feat_delta= 0.329312\n"}
,{"stream_name":"stdout","time":979.076052537,"data":"SECONDARY_EDGE_TTA_ACTIVE views= 8 weight= 0.75 mean_abs_feat_delta= 0.244837\n"}
,{"stream_name":"stdout","time":979.132098594,"data":"EDGE_TTA_ACTIVE views= 10 mean_abs_feat_delta= 0.360518\n"}
,{"stream_name":"stdout","time":979.278524498,"data":"SECONDARY_EDGE_TTA_ACTIVE views= 8 weight= 0.75 mean_abs_feat_delta= 0.244837\n"}
,{"stream_name":"stdout","time":979.278552541,"data":"EDGE_TTA_ACTIVE views= 10 mean_abs_feat_delta= 0.360518\n"}
,{"stream_name":"stdout","time":980.108628541,"data":"SECONDARY_EDGE_TTA_ACTIVE views= 8 weight= 0.75 mean_abs_feat_delta= 0.235438\n"}
,{"stream_name":"stdout","time":980.31111616,"data":"SECONDARY_EDGE_TTA_ACTIVE views= 8 weight= 0.75 mean_abs_feat_delta= 0.235438\n"}
,{"stream_name":"stdout","time":980.551868879,"data":"EDGE_TTA_ACTIVE views= 10 mean_abs_feat_delta= 0.328036\n"}
,{"stream_name":"stdout","time":980.754434925,"data":"EDGE_TTA_ACTIVE views= 10 mean_abs_feat_delta= 0.328036\n"}
,{"stream_name":"stdout","time":981.401512904,"data":"EDGE_TTA_ACTIVE views= 10 mean_abs_feat_delta= 0.363443\n"}
,{"stream_name":"stdout","time":981.500094897,"data":"SECONDARY_EDGE_TTA_ACTIVE views= 8 weight= 0.75 mean_abs_feat_delta= 0.249715\n"}
,{"stream_name":"stdout","time":981.603838002,"data":"EDGE_TTA_ACTIVE views= 10 mean_abs_feat_delta= 0.363443\n"}
,{"stream_name":"stdout","time":981.603862969,"data":"SECONDARY_EDGE_TTA_ACTIVE views= 8 weight= 0.75 mean_abs_feat_delta= 0.249715\n"}
,{"stream_name":"stdout","time":982.377027945,"data":"SECONDARY_EDGE_TTA_ACTIVE views= 8 weight= 0.75 mean_abs_feat_delta= 0.238512\n"}
,{"stream_name":"stdout","time":982.579277378,"data":"SECONDARY_EDGE_TTA_ACTIVE views= 8 weight= 0.75 mean_abs_feat_delta= 0.238512\n"}
,{"stream_name":"stdout","time":982.992728069,"data":"EDGE_TTA_ACTIVE views= 10 mean_abs_feat_delta= 0.328035\n"}
,{"stream_name":"stdout","time":983.195064395,"data":"EDGE_TTA_ACTIVE views= 10 mean_abs_feat_delta= 0.328035\n"}
,{"stream_name":"stdout","time":983.672285124,"data":"EDGE_TTA_ACTIVE views= 10 mean_abs_feat_delta= 0.347792\n"}
,{"stream_name":"stdout","time":983.87464278,"data":"EDGE_TTA_ACTIVE views= 10 mean_abs_feat_delta= 0.347792\n"}
,{"stream_name":"stdout","time":983.940664435,"data":"SECONDARY_EDGE_TTA_ACTIVE views= 8 weight= 0.75 mean_abs_feat_delta= 0.246366\n"}
,{"stream_name":"stdout","time":984.142992834,"data":"SECONDARY_EDGE_TTA_ACTIVE views= 8 weight= 0.75 mean_abs_feat_delta= 0.246366\n"}
,{"stream_name":"stdout","time":984.645120148,"data":"SECONDARY_EDGE_TTA_ACTIVE views= 8 weight= 0.75 mean_abs_feat_delta= 0.246384\n"}
,{"stream_name":"stdout","time":984.84746166,"data":"SECONDARY_EDGE_TTA_ACTIVE views= 8 weight= 0.75 mean_abs_feat_delta= 0.246384\n"}
,{"stream_name":"stdout","time":985.409964365,"data":"EDGE_TTA_ACTIVE views= 10 mean_abs_feat_delta= 0.335276\n"}
,{"stream_name":"stdout","time":985.612483922,"data":"EDGE_TTA_ACTIVE views= 10 mean_abs_feat_delta= 0.335276\n"}
,{"stream_name":"stdout","time":985.939610978,"data":"EDGE_TTA_ACTIVE views= 10 mean_abs_feat_delta= 0.360021\n"}
,{"stream_name":"stdout","time":986.141945575,"data":"EDGE_TTA_ACTIVE views= 10 mean_abs_feat_delta= 0.360021\n"}
,{"stream_name":"stdout","time":986.360379443,"data":"SECONDARY_EDGE_TTA_ACTIVE views= 8 weight= 0.75 mean_abs_feat_delta= 0.250553\n"}
,{"stream_name":"stdout","time":986.562882646,"data":"SECONDARY_EDGE_TTA_ACTIVE views= 8 weight= 0.75 mean_abs_feat_delta= 0.250553\n"}
,{"stream_name":"stdout","time":986.911189564,"data":"SECONDARY_EDGE_TTA_ACTIVE views= 8 weight= 0.75 mean_abs_feat_delta= 0.234938\n"}
,{"stream_name":"stdout","time":987.113681488,"data":"SECONDARY_EDGE_TTA_ACTIVE views= 8 weight= 0.75 mean_abs_feat_delta= 0.234938\n"}
,{"stream_name":"stdout","time":987.830857728,"data":"EDGE_TTA_ACTIVE views= 10 mean_abs_feat_delta= 0.337087\n"}
,{"stream_name":"stdout","time":988.079351992,"data":"EDGE_TTA_ACTIVE views= 10 mean_abs_feat_delta= 0.337087\n"}
,{"stream_name":"stdout","time":988.207113554,"data":"EDGE_TTA_ACTIVE views= 10 mean_abs_feat_delta= 0.357839\n"}
,{"stream_name":"stdout","time":988.409195631,"data":"EDGE_TTA_ACTIVE views= 10 mean_abs_feat_delta= 0.357839\n"}
,{"stream_name":"stdout","time":988.780095037,"data":"SECONDARY_EDGE_TTA_ACTIVE views= 8 weight= 0.75 mean_abs_feat_delta= 0.253052\n"}
,{"stream_name":"stdout","time":988.982493763,"data":"SECONDARY_EDGE_TTA_ACTIVE views= 8 weight= 0.75 mean_abs_feat_delta= 0.253052\n"}
,{"stream_name":"stdout","time":989.179432033,"data":"SECONDARY_EDGE_TTA_ACTIVE views= 8 weight= 0.75 mean_abs_feat_delta= 0.237752\n"}
,{"stream_name":"stdout","time":989.381987535,"data":"SECONDARY_EDGE_TTA_ACTIVE views= 8 weight= 0.75 mean_abs_feat_delta= 0.237752\n"}
,{"stream_name":"stdout","time":990.29806398,"data":"EDGE_TTA_ACTIVE views= 10 mean_abs_feat_delta= 0.331792\n"}
,{"stream_name":"stdout","time":990.493298321,"data":"EDGE_TTA_ACTIVE views= 10 mean_abs_feat_delta= 0.355093\n"}
,{"stream_name":"stdout","time":990.500673517,"data":"EDGE_TTA_ACTIVE views= 10 mean_abs_feat_delta= 0.331792\n"}
,{"stream_name":"stdout","time":990.500696546,"data":"EDGE_TTA_ACTIVE views= 10 mean_abs_feat_delta= 0.355093\n"}
,{"stream_name":"stdout","time":991.24426012,"data":"SECONDARY_EDGE_TTA_ACTIVE views= 8 weight= 0.75 mean_abs_feat_delta= 0.249056\n"}
,{"stream_name":"stdout","time":991.446701394,"data":"SECONDARY_EDGE_TTA_ACTIVE views= 8 weight= 0.75 mean_abs_feat_delta= 0.249056\n"}
,{"stream_name":"stdout","time":991.467109415,"data":"SECONDARY_EDGE_TTA_ACTIVE views= 8 weight= 0.75 mean_abs_feat_delta= 0.23573\n"}
,{"stream_name":"stdout","time":991.669171792,"data":"SECONDARY_EDGE_TTA_ACTIVE views= 8 weight= 0.75 mean_abs_feat_delta= 0.23573\n"}
,{"stream_name":"stdout","time":992.729173,"data":"EDGE_TTA_ACTIVE views= 10 mean_abs_feat_delta= 0.328528\n"}
,{"stream_name":"stdout","time":992.76249654,"data":"EDGE_TTA_ACTIVE views= 10 mean_abs_feat_delta= 0.357941\n"}
,{"stream_name":"stdout","time":992.931674108,"data":"EDGE_TTA_ACTIVE views= 10 mean_abs_feat_delta= 0.328528\n"}
,{"stream_name":"stdout","time":992.931700739,"data":"EDGE_TTA_ACTIVE views= 10 mean_abs_feat_delta= 0.357941\n"}
,{"stream_name":"stdout","time":993.677854802,"data":"SECONDARY_EDGE_TTA_ACTIVE views= 8 weight= 0.75 mean_abs_feat_delta= 0.249429\n"}
,{"stream_name":"stdout","time":993.73478593,"data":"SECONDARY_EDGE_TTA_ACTIVE views= 8 weight= 0.75 mean_abs_feat_delta= 0.235636\n"}
,{"stream_name":"stdout","time":993.880226739,"data":"SECONDARY_EDGE_TTA_ACTIVE views= 8 weight= 0.75 mean_abs_feat_delta= 0.249429\n"}
,{"stream_name":"stdout","time":993.880259183,"data":"SECONDARY_EDGE_TTA_ACTIVE views= 8 weight= 0.75 mean_abs_feat_delta= 0.235636\n"}
,{"stream_name":"stdout","time":995.053758749,"data":"EDGE_TTA_ACTIVE views= 10 mean_abs_feat_delta= 0.353779\n"}
,{"stream_name":"stdout","time":995.138184103,"data":"EDGE_TTA_ACTIVE views= 10 mean_abs_feat_delta= 0.328207\n"}
,{"stream_name":"stdout","time":995.256142469,"data":"EDGE_TTA_ACTIVE views= 10 mean_abs_feat_delta= 0.353779\n"}
,{"stream_name":"stdout","time":995.25616541,"data":"EDGE_TTA_ACTIVE views= 10 mean_abs_feat_delta= 0.328207\n"}
,{"stream_name":"stdout","time":996.029048505,"data":"SECONDARY_EDGE_TTA_ACTIVE views= 8 weight= 0.75 mean_abs_feat_delta= 0.23299\n"}
,{"stream_name":"stdout","time":996.089143907,"data":"SECONDARY_EDGE_TTA_ACTIVE views= 8 weight= 0.75 mean_abs_feat_delta= 0.246018\n"}
,{"stream_name":"stdout","time":996.23113369,"data":"SECONDARY_EDGE_TTA_ACTIVE views= 8 weight= 0.75 mean_abs_feat_delta= 0.23299\n"}
,{"stream_name":"stdout","time":996.23116335,"data":"SECONDARY_EDGE_TTA_ACTIVE views= 8 weight= 0.75 mean_abs_feat_delta= 0.246018\n"}
,{"stream_name":"stdout","time":997.322946414,"data":"EDGE_TTA_ACTIVE views= 10 mean_abs_feat_delta= 0.353794\n"}
,{"stream_name":"stdout","time":997.525438033,"data":"EDGE_TTA_ACTIVE views= 10 mean_abs_feat_delta= 0.353794\n"}
,{"stream_name":"stdout","time":997.541200019,"data":"EDGE_TTA_ACTIVE views= 10 mean_abs_feat_delta= 0.328839\n"}
,{"stream_name":"stdout","time":997.743748027,"data":"EDGE_TTA_ACTIVE views= 10 mean_abs_feat_delta= 0.328839\n"}
,{"stream_name":"stdout","time":998.295571069,"data":"SECONDARY_EDGE_TTA_ACTIVE views= 8 weight= 0.75 mean_abs_feat_delta= 0.232458\n"}
,{"stream_name":"stdout","time":998.492199512,"data":"SECONDARY_EDGE_TTA_ACTIVE views= 8 weight= 0.75 mean_abs_feat_delta= 0.244333\n"}
,{"stream_name":"stdout","time":998.498149198,"data":"SECONDARY_EDGE_TTA_ACTIVE views= 8 weight= 0.75 mean_abs_feat_delta= 0.232458\n"}
,{"stream_name":"stdout","time":998.498173446,"data":"SECONDARY_EDGE_TTA_ACTIVE views= 8 weight= 0.75 mean_abs_feat_delta= 0.244333\n"}
,{"stream_name":"stdout","time":999.592414076,"data":"EDGE_TTA_ACTIVE views= 10 mean_abs_feat_delta= 0.355372\n"}
,{"stream_name":"stdout","time":999.794808627,"data":"EDGE_TTA_ACTIVE views= 10 mean_abs_feat_delta= 0.355372\n"}
,{"stream_name":"stdout","time":999.989980297,"data":"EDGE_TTA_ACTIVE views= 10 mean_abs_feat_delta= 0.328334\n"}
,{"stream_name":"stdout","time":1000.192382059,"data":"EDGE_TTA_ACTIVE views= 10 mean_abs_feat_delta= 0.328334\n"}
,{"stream_name":"stdout","time":1000.566536236,"data":"SECONDARY_EDGE_TTA_ACTIVE views= 8 weight= 0.75 mean_abs_feat_delta= 0.232166\n"}
,{"stream_name":"stdout","time":1000.76885577,"data":"SECONDARY_EDGE_TTA_ACTIVE views= 8 weight= 0.75 mean_abs_feat_delta= 0.232166\n"}
,{"stream_name":"stdout","time":1000.939181417,"data":"SECONDARY_EDGE_TTA_ACTIVE views= 8 weight= 0.75 mean_abs_feat_delta= 0.248241\n"}
,{"stream_name":"stdout","time":1001.142069522,"data":"SECONDARY_EDGE_TTA_ACTIVE views= 8 weight= 0.75 mean_abs_feat_delta= 0.248241\n"}
,{"stream_name":"stdout","time":1001.862477994,"data":"EDGE_TTA_ACTIVE views= 10 mean_abs_feat_delta= 0.348763\n"}
,{"stream_name":"stdout","time":1002.064785551,"data":"EDGE_TTA_ACTIVE views= 10 mean_abs_feat_delta= 0.348763\n"}
,{"stream_name":"stdout","time":1002.459317459,"data":"EDGE_TTA_ACTIVE views= 10 mean_abs_feat_delta= 0.323822\n"}
,{"stream_name":"stdout","time":1002.661919199,"data":"EDGE_TTA_ACTIVE views= 10 mean_abs_feat_delta= 0.323822\n"}
,{"stream_name":"stdout","time":1002.837251291,"data":"SECONDARY_EDGE_TTA_ACTIVE views= 8 weight= 0.75 mean_abs_feat_delta= 0.232609\n"}
,{"stream_name":"stdout","time":1003.039687736,"data":"SECONDARY_EDGE_TTA_ACTIVE views= 8 weight= 0.75 mean_abs_feat_delta= 0.232609\n"}
,{"stream_name":"stdout","time":1003.411995846,"data":"SECONDARY_EDGE_TTA_ACTIVE views= 8 weight= 0.75 mean_abs_feat_delta= 0.239474\n"}
,{"stream_name":"stdout","time":1003.614131081,"data":"SECONDARY_EDGE_TTA_ACTIVE views= 8 weight= 0.75 mean_abs_feat_delta= 0.239474\n"}
,{"stream_name":"stdout","time":1004.134969406,"data":"EDGE_TTA_ACTIVE views= 10 mean_abs_feat_delta= 0.34842\n"}
,{"stream_name":"stdout","time":1004.337420676,"data":"EDGE_TTA_ACTIVE views= 10 mean_abs_feat_delta= 0.34842\n"}
,{"stream_name":"stdout","time":1004.877108643,"data":"EDGE_TTA_ACTIVE views= 10 mean_abs_feat_delta= 0.325642\n"}
,{"stream_name":"stdout","time":1005.079735644,"data":"EDGE_TTA_ACTIVE views= 10 mean_abs_feat_delta= 0.325642\n"}
,{"stream_name":"stdout","time":1005.106655789,"data":"SECONDARY_EDGE_TTA_ACTIVE views= 8 weight= 0.75 mean_abs_feat_delta= 0.232939\n"}
,{"stream_name":"stdout","time":1005.309135404,"data":"SECONDARY_EDGE_TTA_ACTIVE views= 8 weight= 0.75 mean_abs_feat_delta= 0.232939\n"}
,{"stream_name":"stdout","time":1005.82774214,"data":"SECONDARY_EDGE_TTA_ACTIVE views= 8 weight= 0.75 mean_abs_feat_delta= 0.247447\n"}
,{"stream_name":"stdout","time":1006.030157884,"data":"SECONDARY_EDGE_TTA_ACTIVE views= 8 weight= 0.75 mean_abs_feat_delta= 0.247447\n"}
,{"stream_name":"stdout","time":1006.404324952,"data":"EDGE_TTA_ACTIVE views= 10 mean_abs_feat_delta= 0.352112\n"}
,{"stream_name":"stdout","time":1006.606602015,"data":"EDGE_TTA_ACTIVE views= 10 mean_abs_feat_delta= 0.352112\n"}
,{"stream_name":"stdout","time":1007.281958178,"data":"EDGE_TTA_ACTIVE views= 10 mean_abs_feat_delta= 0.326732\n"}
,{"stream_name":"stdout","time":1007.378819812,"data":"SECONDARY_EDGE_TTA_ACTIVE views= 8 weight= 0.75 mean_abs_feat_delta= 0.231872\n"}
,{"stream_name":"stdout","time":1007.484869011,"data":"EDGE_TTA_ACTIVE views= 10 mean_abs_feat_delta= 0.326732\n"}
,{"stream_name":"stdout","time":1007.484903094,"data":"SECONDARY_EDGE_TTA_ACTIVE views= 8 weight= 0.75 mean_abs_feat_delta= 0.231872\n"}
,{"stream_name":"stdout","time":1008.232050363,"data":"SECONDARY_EDGE_TTA_ACTIVE views= 8 weight= 0.75 mean_abs_feat_delta= 0.242876\n"}
,{"stream_name":"stdout","time":1008.434574782,"data":"SECONDARY_EDGE_TTA_ACTIVE views= 8 weight= 0.75 mean_abs_feat_delta= 0.242876\n"}
,{"stream_name":"stdout","time":1008.673327525,"data":"EDGE_TTA_ACTIVE views= 10 mean_abs_feat_delta= 0.348451\n"}
,{"stream_name":"stdout","time":1008.875801399,"data":"EDGE_TTA_ACTIVE views= 10 mean_abs_feat_delta= 0.348451\n"}
,{"stream_name":"stdout","time":1009.646906293,"data":"SECONDARY_EDGE_TTA_ACTIVE views= 8 weight= 0.75 mean_abs_feat_delta= 0.232685\n"}
,{"stream_name":"stdout","time":1009.687434623,"data":"EDGE_TTA_ACTIVE views= 10 mean_abs_feat_delta= 0.328499\n"}
,{"stream_name":"stdout","time":1009.849396086,"data":"SECONDARY_EDGE_TTA_ACTIVE views= 8 weight= 0.75 mean_abs_feat_delta= 0.232685\n"}
,{"stream_name":"stdout","time":1009.849427814,"data":"EDGE_TTA_ACTIVE views= 10 mean_abs_feat_delta= 0.328499\n"}
,{"stream_name":"stdout","time":1010.640360952,"data":"SECONDARY_EDGE_TTA_ACTIVE views= 8 weight= 0.75 mean_abs_feat_delta= 0.249719\n"}
,{"stream_name":"stdout","time":1010.842898741,"data":"SECONDARY_EDGE_TTA_ACTIVE views= 8 weight= 0.75 mean_abs_feat_delta= 0.249719\n"}
,{"stream_name":"stdout","time":1010.945332888,"data":"EDGE_TTA_ACTIVE views= 10 mean_abs_feat_delta= 0.34625\n"}
,{"stream_name":"stdout","time":1011.150126741,"data":"EDGE_TTA_ACTIVE views= 10 mean_abs_feat_delta= 0.34625\n"}
,{"stream_name":"stdout","time":1011.918737229,"data":"SECONDARY_EDGE_TTA_ACTIVE views= 8 weight= 0.75 mean_abs_feat_delta= 0.233018\n"}
,{"stream_name":"stdout","time":1012.111094275,"data":"EDGE_TTA_ACTIVE views= 10 mean_abs_feat_delta= 0.329569\n"}
,{"stream_name":"stdout","time":1012.121332992,"data":"SECONDARY_EDGE_TTA_ACTIVE views= 8 weight= 0.75 mean_abs_feat_delta= 0.233018\n"}
,{"stream_name":"stdout","time":1012.121357867,"data":"EDGE_TTA_ACTIVE views= 10 mean_abs_feat_delta= 0.329569\n"}
,{"stream_name":"stdout","time":1013.061446235,"data":"SECONDARY_EDGE_TTA_ACTIVE views= 8 weight= 0.75 mean_abs_feat_delta= 0.250474\n"}
,{"stream_name":"stdout","time":1013.213549557,"data":"EDGE_TTA_ACTIVE views= 10 mean_abs_feat_delta= 0.346904\n"}
,{"stream_name":"stdout","time":1013.263906362,"data":"SECONDARY_EDGE_TTA_ACTIVE views= 8 weight= 0.75 mean_abs_feat_delta= 0.250474\n"}
,{"stream_name":"stdout","time":1013.264008924,"data":"EDGE_TTA_ACTIVE views= 10 mean_abs_feat_delta= 0.346904\n"}
,{"stream_name":"stdout","time":1014.188690183,"data":"SECONDARY_EDGE_TTA_ACTIVE views= 8 weight= 0.75 mean_abs_feat_delta= 0.234885\n"}
,{"stream_name":"stdout","time":1014.391021191,"data":"SECONDARY_EDGE_TTA_ACTIVE views= 8 weight= 0.75 mean_abs_feat_delta= 0.234885\n"}
,{"stream_name":"stdout","time":1014.515278352,"data":"EDGE_TTA_ACTIVE views= 10 mean_abs_feat_delta= 0.33007\n"}
,{"stream_name":"stdout","time":1014.717507044,"data":"EDGE_TTA_ACTIVE views= 10 mean_abs_feat_delta= 0.33007\n"}
,{"stream_name":"stdout","time":1015.466196428,"data":"SECONDARY_EDGE_TTA_ACTIVE views= 8 weight= 0.75 mean_abs_feat_delta= 0.243806\n"}
,{"stream_name":"stdout","time":1015.484695496,"data":"EDGE_TTA_ACTIVE views= 10 mean_abs_feat_delta= 0.348692\n"}
,{"stream_name":"stdout","time":1015.668418167,"data":"SECONDARY_EDGE_TTA_ACTIVE views= 8 weight= 0.75 mean_abs_feat_delta= 0.243806\n"}
,{"stream_name":"stdout","time":1015.66844561,"data":"EDGE_TTA_ACTIVE views= 10 mean_abs_feat_delta= 0.348692\n"}
,{"stream_name":"stdout","time":1016.459928857,"data":"SECONDARY_EDGE_TTA_ACTIVE views= 8 weight= 0.75 mean_abs_feat_delta= 0.232744\n"}
,{"stream_name":"stdout","time":1016.66224626,"data":"SECONDARY_EDGE_TTA_ACTIVE views= 8 weight= 0.75 mean_abs_feat_delta= 0.232744\n"}
,{"stream_name":"stdout","time":1016.928857301,"data":"EDGE_TTA_ACTIVE views= 10 mean_abs_feat_delta= 0.329728\n"}
,{"stream_name":"stdout","time":1017.131380181,"data":"EDGE_TTA_ACTIVE views= 10 mean_abs_feat_delta= 0.329728\n"}
,{"stream_name":"stdout","time":1017.774544372,"data":"EDGE_TTA_ACTIVE views= 10 mean_abs_feat_delta= 0.352827\n"}
,{"stream_name":"stdout","time":1017.879171057,"data":"SECONDARY_EDGE_TTA_ACTIVE views= 8 weight= 0.75 mean_abs_feat_delta= 0.245508\n"}
,{"stream_name":"stdout","time":1017.977100171,"data":"EDGE_TTA_ACTIVE views= 10 mean_abs_feat_delta= 0.352827\n"}
,{"stream_name":"stdout","time":1017.977128805,"data":"SECONDARY_EDGE_TTA_ACTIVE views= 8 weight= 0.75 mean_abs_feat_delta= 0.245508\n"}
,{"stream_name":"stdout","time":1018.748160502,"data":"SECONDARY_EDGE_TTA_ACTIVE views= 8 weight= 0.75 mean_abs_feat_delta= 0.229484\n"}
,{"stream_name":"stdout","time":1019.000785442,"data":"SECONDARY_EDGE_TTA_ACTIVE views= 8 weight= 0.75 mean_abs_feat_delta= 0.229484\n"}
,{"stream_name":"stdout","time":1019.345512806,"data":"EDGE_TTA_ACTIVE views= 10 mean_abs_feat_delta= 0.3169\n"}
,{"stream_name":"stdout","time":1019.547949189,"data":"EDGE_TTA_ACTIVE views= 10 mean_abs_feat_delta= 0.3169\n"}
,{"stream_name":"stdout","time":1020.064955927,"data":"EDGE_TTA_ACTIVE views= 10 mean_abs_feat_delta= 0.353937\n"}
,{"stream_name":"stdout","time":1020.267545147,"data":"EDGE_TTA_ACTIVE views= 10 mean_abs_feat_delta= 0.353937\n"}
,{"stream_name":"stdout","time":1020.295354621,"data":"SECONDARY_EDGE_TTA_ACTIVE views= 8 weight= 0.75 mean_abs_feat_delta= 0.241957\n"}
,{"stream_name":"stdout","time":1020.497846252,"data":"SECONDARY_EDGE_TTA_ACTIVE views= 8 weight= 0.75 mean_abs_feat_delta= 0.241957\n"}
,{"stream_name":"stdout","time":1021.038397683,"data":"SECONDARY_EDGE_TTA_ACTIVE views= 8 weight= 0.75 mean_abs_feat_delta= 0.231302\n"}
,{"stream_name":"stdout","time":1021.240909422,"data":"SECONDARY_EDGE_TTA_ACTIVE views= 8 weight= 0.75 mean_abs_feat_delta= 0.231302\n"}
,{"stream_name":"stdout","time":1021.75408079,"data":"EDGE_TTA_ACTIVE views= 10 mean_abs_feat_delta= 0.318411\n"}
,{"stream_name":"stdout","time":1021.956645322,"data":"EDGE_TTA_ACTIVE views= 10 mean_abs_feat_delta= 0.318411\n"}
,{"stream_name":"stdout","time":1022.332544364,"data":"EDGE_TTA_ACTIVE views= 10 mean_abs_feat_delta= 0.351685\n"}
,{"stream_name":"stdout","time":1022.534801674,"data":"EDGE_TTA_ACTIVE views= 10 mean_abs_feat_delta= 0.351685\n"}
,{"stream_name":"stdout","time":1022.706240518,"data":"SECONDARY_EDGE_TTA_ACTIVE views= 8 weight= 0.75 mean_abs_feat_delta= 0.252361\n"}
,{"stream_name":"stdout","time":1022.908915,"data":"SECONDARY_EDGE_TTA_ACTIVE views= 8 weight= 0.75 mean_abs_feat_delta= 0.252361\n"}
,{"stream_name":"stdout","time":1023.306105339,"data":"SECONDARY_EDGE_TTA_ACTIVE views= 8 weight= 0.75 mean_abs_feat_delta= 0.233885\n"}
,{"stream_name":"stdout","time":1023.508546879,"data":"SECONDARY_EDGE_TTA_ACTIVE views= 8 weight= 0.75 mean_abs_feat_delta= 0.233885\n"}
,{"stream_name":"stdout","time":1024.167332244,"data":"EDGE_TTA_ACTIVE views= 10 mean_abs_feat_delta= 0.314949\n"}
,{"stream_name":"stdout","time":1024.369732389,"data":"EDGE_TTA_ACTIVE views= 10 mean_abs_feat_delta= 0.314949\n"}
,{"stream_name":"stdout","time":1024.600500352,"data":"EDGE_TTA_ACTIVE views= 10 mean_abs_feat_delta= 0.352149\n"}
,{"stream_name":"stdout","time":1024.802829099,"data":"EDGE_TTA_ACTIVE views= 10 mean_abs_feat_delta= 0.352149\n"}
,{"stream_name":"stdout","time":1025.118105664,"data":"SECONDARY_EDGE_TTA_ACTIVE views= 8 weight= 0.75 mean_abs_feat_delta= 0.245152\n"}
,{"stream_name":"stdout","time":1025.320142058,"data":"SECONDARY_EDGE_TTA_ACTIVE views= 8 weight= 0.75 mean_abs_feat_delta= 0.245152\n"}
,{"stream_name":"stdout","time":1025.57267434,"data":"SECONDARY_EDGE_TTA_ACTIVE views= 8 weight= 0.75 mean_abs_feat_delta= 0.235923\n"}
,{"stream_name":"stdout","time":1025.775060098,"data":"SECONDARY_EDGE_TTA_ACTIVE views= 8 weight= 0.75 mean_abs_feat_delta= 0.235923\n"}
,{"stream_name":"stdout","time":1026.569151382,"data":"EDGE_TTA_ACTIVE views= 10 mean_abs_feat_delta= 0.314114\n"}
,{"stream_name":"stdout","time":1026.771455969,"data":"EDGE_TTA_ACTIVE views= 10 mean_abs_feat_delta= 0.314114\n"}
,{"stream_name":"stdout","time":1026.867663825,"data":"EDGE_TTA_ACTIVE views= 10 mean_abs_feat_delta= 0.350599\n"}
,{"stream_name":"stdout","time":1027.069997071,"data":"EDGE_TTA_ACTIVE views= 10 mean_abs_feat_delta= 0.350599\n"}
,{"stream_name":"stdout","time":1027.519086012,"data":"SECONDARY_EDGE_TTA_ACTIVE views= 8 weight= 0.75 mean_abs_feat_delta= 0.249767\n"}
,{"stream_name":"stdout","time":1027.721705065,"data":"SECONDARY_EDGE_TTA_ACTIVE views= 8 weight= 0.75 mean_abs_feat_delta= 0.249767\n"}
,{"stream_name":"stdout","time":1027.841290718,"data":"SECONDARY_EDGE_TTA_ACTIVE views= 8 weight= 0.75 mean_abs_feat_delta= 0.236514\n"}
,{"stream_name":"stdout","time":1028.043598893,"data":"SECONDARY_EDGE_TTA_ACTIVE views= 8 weight= 0.75 mean_abs_feat_delta= 0.236514\n"}
,{"stream_name":"stdout","time":1028.969716552,"data":"EDGE_TTA_ACTIVE views= 10 mean_abs_feat_delta= 0.316485\n"}
,{"stream_name":"stdout","time":1029.150805706,"data":"EDGE_TTA_ACTIVE views= 10 mean_abs_feat_delta= 0.353845\n"}
,{"stream_name":"stdout","time":1029.171997824,"data":"EDGE_TTA_ACTIVE views= 10 mean_abs_feat_delta= 0.316485\n"}
,{"stream_name":"stdout","time":1029.172025236,"data":"EDGE_TTA_ACTIVE views= 10 mean_abs_feat_delta= 0.353845\n"}
,{"stream_name":"stdout","time":1029.919760758,"data":"SECONDARY_EDGE_TTA_ACTIVE views= 8 weight= 0.75 mean_abs_feat_delta= 0.251085\n"}
,{"stream_name":"stdout","time":1030.122345889,"data":"SECONDARY_EDGE_TTA_ACTIVE views= 8 weight= 0.75 mean_abs_feat_delta= 0.251085\n"}
,{"stream_name":"stdout","time":1030.129096145,"data":"SECONDARY_EDGE_TTA_ACTIVE views= 8 weight= 0.75 mean_abs_feat_delta= 0.236886\n"}
,{"stream_name":"stdout","time":1030.33132092,"data":"SECONDARY_EDGE_TTA_ACTIVE views= 8 weight= 0.75 mean_abs_feat_delta= 0.236886\n"}
,{"stream_name":"stdout","time":1031.394419502,"data":"EDGE_TTA_ACTIVE views= 10 mean_abs_feat_delta= 0.316535\n"}
,{"stream_name":"stdout","time":1031.424756224,"data":"EDGE_TTA_ACTIVE views= 10 mean_abs_feat_delta= 0.354593\n"}
,{"stream_name":"stdout","time":1031.597021085,"data":"EDGE_TTA_ACTIVE views= 10 mean_abs_feat_delta= 0.316535\n"}
,{"stream_name":"stdout","time":1031.597050293,"data":"EDGE_TTA_ACTIVE views= 10 mean_abs_feat_delta= 0.354593\n"}
,{"stream_name":"stdout","time":1032.346099975,"data":"SECONDARY_EDGE_TTA_ACTIVE views= 8 weight= 0.75 mean_abs_feat_delta= 0.239244\n"}
,{"stream_name":"stdout","time":1032.398261143,"data":"SECONDARY_EDGE_TTA_ACTIVE views= 8 weight= 0.75 mean_abs_feat_delta= 0.236659\n"}
,{"stream_name":"stdout","time":1032.548622266,"data":"SECONDARY_EDGE_TTA_ACTIVE views= 8 weight= 0.75 mean_abs_feat_delta= 0.239244\n"}
,{"stream_name":"stdout","time":1032.54865648,"data":"SECONDARY_EDGE_TTA_ACTIVE views= 8 weight= 0.75 mean_abs_feat_delta= 0.236659\n"}
,{"stream_name":"stdout","time":1033.707507715,"data":"EDGE_TTA_ACTIVE views= 10 mean_abs_feat_delta= 0.357867\n"}
,{"stream_name":"stdout","time":1033.810111908,"data":"EDGE_TTA_ACTIVE views= 10 mean_abs_feat_delta= 0.314438\n"}
,{"stream_name":"stdout","time":1033.909852576,"data":"EDGE_TTA_ACTIVE views= 10 mean_abs_feat_delta= 0.357867\n"}
,{"stream_name":"stdout","time":1033.909879061,"data":"EDGE_TTA_ACTIVE views= 10 mean_abs_feat_delta= 0.314438\n"}
,{"stream_name":"stdout","time":1034.686993766,"data":"SECONDARY_EDGE_TTA_ACTIVE views= 8 weight= 0.75 mean_abs_feat_delta= 0.238038\n"}
,{"stream_name":"stdout","time":1034.764918455,"data":"SECONDARY_EDGE_TTA_ACTIVE views= 8 weight= 0.75 mean_abs_feat_delta= 0.247015\n"}
,{"stream_name":"stdout","time":1034.88955794,"data":"SECONDARY_EDGE_TTA_ACTIVE views= 8 weight= 0.75 mean_abs_feat_delta= 0.238038\n"}
,{"stream_name":"stdout","time":1034.889612125,"data":"SECONDARY_EDGE_TTA_ACTIVE views= 8 weight= 0.75 mean_abs_feat_delta= 0.247015\n"}
,{"stream_name":"stdout","time":1036.378552279,"data":"EDGE_TTA_ACTIVE views= 10 mean_abs_feat_delta= 0.315375\n"}
,{"stream_name":"stdout","time":1036.581950631,"data":"EDGE_TTA_ACTIVE views= 10 mean_abs_feat_delta= 0.315375\n"}
,{"stream_name":"stdout","time":1037.330781609,"data":"SECONDARY_EDGE_TTA_ACTIVE views= 8 weight= 0.75 mean_abs_feat_delta= 0.251849\n"}
,{"stream_name":"stdout","time":1037.533478996,"data":"SECONDARY_EDGE_TTA_ACTIVE views= 8 weight= 0.75 mean_abs_feat_delta= 0.251849\n"}
,{"stream_name":"stdout","time":1038.79610396,"data":"EDGE_TTA_ACTIVE views= 10 mean_abs_feat_delta= 0.318177\n"}
,{"stream_name":"stdout","time":1038.998787521,"data":"EDGE_TTA_ACTIVE views= 10 mean_abs_feat_delta= 0.318177\n"}
,{"stream_name":"stdout","time":1039.235348755,"data":"Saved 2 predictions to /kaggle/working/tracking_repo/predictions/unknown/unet_transformer_gpu0/split_0\n"}
,{"stream_name":"stdout","time":1039.437778098,"data":"Saved 2 predictions to /kaggle/working/tracking_repo/predictions/unknown/unet_transformer_gpu0/split_0\n"}
,{"stream_name":"stdout","time":1039.750153744,"data":"SECONDARY_EDGE_TTA_ACTIVE views= 8 weight= 0.75 mean_abs_feat_delta= 0.251093\n"}
,{"stream_name":"stdout","time":1039.952554555,"data":"SECONDARY_EDGE_TTA_ACTIVE views= 8 weight= 0.75 mean_abs_feat_delta= 0.251093\n"}
,{"stream_name":"stdout","time":1041.230244194,"data":"EDGE_TTA_ACTIVE views= 10 mean_abs_feat_delta= 0.319783\n"}
,{"stream_name":"stdout","time":1041.432812182,"data":"EDGE_TTA_ACTIVE views= 10 mean_abs_feat_delta= 0.319783\n"}
,{"stream_name":"stdout","time":1042.18548314,"data":"SECONDARY_EDGE_TTA_ACTIVE views= 8 weight= 0.75 mean_abs_feat_delta= 0.244661\n"}
,{"stream_name":"stdout","time":1042.388613798,"data":"SECONDARY_EDGE_TTA_ACTIVE views= 8 weight= 0.75 mean_abs_feat_delta= 0.244661\n"}
,{"stream_name":"stdout","time":1043.636196893,"data":"EDGE_TTA_ACTIVE views= 10 mean_abs_feat_delta= 0.319297\n"}
,{"stream_name":"stdout","time":1043.838699058,"data":"EDGE_TTA_ACTIVE views= 10 mean_abs_feat_delta= 0.319297\n"}
,{"stream_name":"stdout","time":1044.589449071,"data":"SECONDARY_EDGE_TTA_ACTIVE views= 8 weight= 0.75 mean_abs_feat_delta= 0.243635\n"}
,{"stream_name":"stdout","time":1044.791574315,"data":"SECONDARY_EDGE_TTA_ACTIVE views= 8 weight= 0.75 mean_abs_feat_delta= 0.243635\n"}
,{"stream_name":"stdout","time":1046.030333343,"data":"EDGE_TTA_ACTIVE views= 10 mean_abs_feat_delta= 0.319427\n"}
,{"stream_name":"stdout","time":1046.232696731,"data":"EDGE_TTA_ACTIVE views= 10 mean_abs_feat_delta= 0.319427\n"}
,{"stream_name":"stdout","time":1046.984212743,"data":"SECONDARY_EDGE_TTA_ACTIVE views= 8 weight= 0.75 mean_abs_feat_delta= 0.248058\n"}
,{"stream_name":"stdout","time":1047.186857827,"data":"SECONDARY_EDGE_TTA_ACTIVE views= 8 weight= 0.75 mean_abs_feat_delta= 0.248058\n"}
,{"stream_name":"stdout","time":1129.843720981,"data":"Saved 2 predictions to /kaggle/working/tracking_repo/predictions/unknown/unet_transformer_gpu1/split_0\n"}
,{"stream_name":"stdout","time":1130.076998317,"data":"Saved 2 predictions to /kaggle/working/tracking_repo/predictions/unknown/unet_transformer_gpu1/split_0\n"}
,{"stream_name":"stdout","time":1132.557412387,"data":"Merged 4 prediction graphs into /kaggle/working/tracking_repo/predictions/unknown/unet_transformer/split_0\n"}
,{"stream_name":"stdout","time":1132.557443558,"data":"Prediction completed in 9.72 minutes\n"}
,{"stream_name":"stdout","time":1133.128854003,"data":"Trying DeepCenter add-only gate checkpoint: /kaggle/input/datasets/pilkwang/biohub-deepcenter-unet3d-center-prior-v1/weights/full_frame_center/best.pt\n"}
,{"stream_name":"stdout","time":1133.422119359,"data":"Loaded DeepCenter add-only gate checkpoint: /kaggle/input/datasets/pilkwang/biohub-deepcenter-unet3d-center-prior-v1/weights/full_frame_center/best.pt\n"}
,{"stream_name":"stdout","time":1133.42215106,"data":"DeepCenter checkpoint epoch: 2 best_score: -0.04500306242456039\n"}
,{"stream_name":"stdout","time":1133.422156597,"data":"Loading DivNet checkpoint from direct path: /kaggle/input/datasets/giorgosi/biohub-divnet-v2/best_overall.pt\n"}
,{"stream_name":"stdout","time":1133.422161338,"data":"[OK] DivNet loaded successfully from /kaggle/input/datasets/giorgosi/biohub-divnet-v2/best_overall.pt\n"}
,{"stream_name":"stdout","time":1133.422165973,"data":"Found 4 prediction graphs\n"}
,{"stream_name":"stdout","time":1133.422170355,"data":"Executing parallel post-processing across 4 datasets (ThreadPoolExecutor max_workers=4)...\n"}
,{"stream_name":"stdout","time":1134.646514432,"data":"  [6bba_05b6850b] Density Group: LOW -\u003e tight=7.25um, relaxed=11.0um, bonus=3.0\n"}
,{"stream_name":"stdout","time":1135.154697898,"data":"  [44b6_0113de3b] Density Group: MIDDLE -\u003e tight=6.5um, relaxed=9.0um, bonus=6.0\n"}
,{"stream_name":"stdout","time":1135.154746765,"data":"  [44b6_0b24845f] Density Group: MIDDLE -\u003e tight=6.5um, relaxed=9.0um, bonus=6.0\n"}
,{"stream_name":"stdout","time":1136.135177043,"data":"  [6bba_05db0fb1] Density Group: HIGH -\u003e tight=5.5um, relaxed=10.0um, bonus=1.0\n"}
,{"stream_name":"stdout","time":1161.372991717,"data":"  [6bba_05b6850b] after edge-filter+motion-relink: 6332 nodes, 6075 edges\n"}
,{"stream_name":"stdout","time":1172.674572031,"data":"DEEPCENTER_TTA_ACTIVE views= 8 mean_abs_logit_delta= 0.139295\n"}
,{"stream_name":"stdout","time":1177.560717796,"data":"  [6bba_05b6850b] after gap-closing (single-frame + gap2): 6359 nodes, 6125 edges\n"}
,{"stream_name":"stdout","time":1237.458629211,"data":"  [6bba_05b6850b] after safe-division repair: 6359 nodes, 6135 edges (geometric_candidates=22, deepcenter_rejected=11, post_veto_candidates=11, added=10, cap_skipped=0, mutual_nn_rejected=7, divergence_rejected=73)\n"}
,{"stream_name":"stdout","time":1237.458662448,"data":"  [6bba_05b6850b] after division-geometry-filter+prune-isolated: 6359 nodes, 6135 edges\n"}
,{"stream_name":"stdout","time":1237.458668536,"data":"  [6bba_05b6850b] after short-track filtering: 6216 nodes, 6024 edges (components_removed=32)\n"}
,{"stream_name":"stdout","time":1240.040050876,"data":"  [6bba_05b6850b] after kinematic-filter (low): 6024 edges (severed=0)\n"}
,{"stream_name":"stdout","time":1240.040086503,"data":"  [6bba_05b6850b] after spline-gap-closing: 6228 nodes, 6040 edges (gaps_closed=4)\n"}
,{"stream_name":"stdout","time":1240.040092115,"data":"  [6bba_05b6850b] FINAL: 6228 nodes, 6040 edges\n"}
,{"stream_name":"stdout","time":1240.040097334,"data":"  [6bba_05b6850b] post-process done: 6228 nodes, 6040 edges, 10 divisions\n"}
,{"stream_name":"stdout","time":1365.1183241,"data":"  [44b6_0b24845f] after edge-filter+motion-relink: 22839 nodes, 20632 edges\n"}
,{"stream_name":"stdout","time":1400.260404307,"data":"  [44b6_0113de3b] after edge-filter+motion-relink: 25730 nodes, 24808 edges\n"}
,{"stream_name":"stdout","time":1410.497032528,"data":"  [44b6_0113de3b] after gap-closing (single-frame + gap2): 25800 nodes, 24938 edges\n"}
,{"stream_name":"stdout","time":1413.922749416,"data":"  [44b6_0b24845f] after gap-closing (single-frame + gap2): 23271 nodes, 21422 edges\n"}
,{"stream_name":"stdout","time":1470.572851903,"data":"  [44b6_0b24845f] after safe-division repair: 23271 nodes, 21435 edges (geometric_candidates=220, deepcenter_rejected=206, post_veto_candidates=14, added=13, cap_skipped=0, mutual_nn_rejected=59, divergence_rejected=921)  [44b6_0113de3b] after safe-division repair: 25800 nodes, 24979 edges (geometric_candidates=168, deepcenter_rejected=116, post_veto_candidates=52, added=41, cap_skipped=0, mutual_nn_rejected=74, divergence_rejected=564)\n"}
,{"stream_name":"stdout","time":1470.572889979,"data":"\n"}
,{"stream_name":"stdout","time":1470.572895808,"data":"  [44b6_0113de3b] after division-geometry-filter+prune-isolated: 25793 nodes, 24979 edges\n"}
,{"stream_name":"stdout","time":1470.572902256,"data":"  [44b6_0b24845f] after division-geometry-filter+prune-isolated: 23254 nodes, 21435 edges\n"}
,{"stream_name":"stdout","time":1470.572910746,"data":"  [44b6_0b24845f] after short-track filtering: 21024 nodes, 19714 edges (components_removed=509)\n"}
,{"stream_name":"stdout","time":1470.572914058,"data":"  [44b6_0113de3b] after short-track filtering: 25511 nodes, 24764 edges (components_removed=67)\n"}
,{"stream_name":"stdout","time":1483.837531798,"data":"  [44b6_0b24845f] after kinematic-filter (middle): 19714 edges (severed=0)\n"}
,{"stream_name":"stdout","time":1483.837575656,"data":"  [44b6_0113de3b] after kinematic-filter (middle): 24764 edges (severed=0)\n"}
,{"stream_name":"stdout","time":1484.44194063,"data":"  [44b6_0113de3b] after spline-gap-closing: 25529 nodes, 24788 edges (gaps_closed=6)\n"}
,{"stream_name":"stdout","time":1484.44197924,"data":"  [44b6_0113de3b] FINAL: 25529 nodes, 24788 edges\n"}
,{"stream_name":"stdout","time":1484.441986531,"data":"  [44b6_0113de3b] post-process done: 25529 nodes, 24788 edges, 41 divisions\n"}
,{"stream_name":"stdout","time":1485.087868068,"data":"  [44b6_0b24845f] after spline-gap-closing: 21174 nodes, 19920 edges (gaps_closed=56)\n"}
,{"stream_name":"stdout","time":1485.087906995,"data":"  [44b6_0b24845f] FINAL: 21174 nodes, 19920 edges\n"}
,{"stream_name":"stdout","time":1485.087936815,"data":"  [44b6_0b24845f] post-process done: 21174 nodes, 19920 edges, 13 divisions\n"}
,{"stream_name":"stdout","time":1572.700161005,"data":"  [6bba_05db0fb1] after edge-filter+motion-relink: 70346 nodes, 67650 edges\n"}
,{"stream_name":"stdout","time":1583.209150739,"data":"  [6bba_05db0fb1] after gap-closing (single-frame + gap2): 70742 nodes, 68390 edges\n"}
,{"stream_name":"stdout","time":1609.963649607,"data":"  [6bba_05db0fb1] after safe-division repair: 70742 nodes, 68417 edges (geometric_candidates=310, deepcenter_rejected=277, post_veto_candidates=33, added=27, cap_skipped=0, mutual_nn_rejected=263, divergence_rejected=2651)\n"}
,{"stream_name":"stdout","time":1609.963693085,"data":"  [6bba_05db0fb1] after division-geometry-filter+prune-isolated: 70715 nodes, 68417 edges\n"}
,{"stream_name":"stdout","time":1610.411695188,"data":"  [6bba_05db0fb1] after short-track filtering: 69822 nodes, 67731 edges (components_removed=207)\n"}
,{"stream_name":"stdout","time":1624.082763209,"data":"  [6bba_05db0fb1] after kinematic-filter (high): 67731 edges (severed=0)\n"}
,{"stream_name":"stdout","time":1624.42236165,"data":"  [6bba_05db0fb1] after spline-gap-closing: 69999 nodes, 67974 edges (gaps_closed=66)\n"}
,{"stream_name":"stdout","time":1624.422394456,"data":"  [6bba_05db0fb1] FINAL: 69999 nodes, 67974 edges\n"}
,{"stream_name":"stdout","time":1624.422398602,"data":"  [6bba_05db0fb1] post-process done: 69999 nodes, 67974 edges, 27 divisions\n"}
,{"stream_name":"stdout","time":1625.605654857,"data":"Executing strict multi-point submission validation...\n"}
,{"stream_name":"stdout","time":1625.679308087,"data":"[PASS] 100% strict submission validation checks passed successfully!\n"}
,{"stream_name":"stdout","time":1625.679333731,"data":"Wrote /kaggle/working/submission.csv with 241,652 rows\n"}
,{"stream_name":"stdout","time":1625.679339097,"data":"Node rows: 122,930 | edge rows: 118,722\n"}
,{"stream_name":"stdout","time":1625.679349472,"data":"Wrote /kaggle/working/run_stats.csv\n"}
,{"stream_name":"stdout","time":1626.516726553,"data":"{\n"}
,{"stream_name":"stdout","time":1626.51676077,"data":"  \"configuration\": {\n"}
,{"stream_name":"stdout","time":1626.516768278,"data":"    \"bidirectional_primary_weight\": 0.3,\n"}
,{"stream_name":"stdout","time":1626.51677513,"data":"    \"deepcenter_gap_confirm_min_span_um\": 8.5,\n"}
,{"stream_name":"stdout","time":1626.516781007,"data":"    \"deepcenter_gap_threshold\": 0.25,\n"}
,{"stream_name":"stdout","time":1626.516786614,"data":"    \"detector_threshold\": 0.96875,\n"}
,{"stream_name":"stdout","time":1626.516792066,"data":"    \"edge_candidate_threshold\": 0.48,\n"}
,{"stream_name":"stdout","time":1626.516797413,"data":"    \"fallback_scope\": \"individual_frame\",\n"}
,{"stream_name":"stdout","time":1626.516803161,"data":"    \"gap_close_um\": 5.8,\n"}
,{"stream_name":"stdout","time":1626.516808602,"data":"    \"ilp_appearance_weight\": 0.0,\n"}
,{"stream_name":"stdout","time":1626.516814075,"data":"    \"ilp_disappearance_weight\": 1.5,\n"}
,{"stream_name":"stdout","time":1626.516820357,"data":"    \"minimum_candidate_retention\": 0.9,\n"}
,{"stream_name":"stdout","time":1626.51682598,"data":"    \"secondary_detection_weight\": 0.475,\n"}
,{"stream_name":"stdout","time":1626.516831509,"data":"    \"secondary_edge_weight\": 0.15,\n"}
,{"stream_name":"stdout","time":1626.516837113,"data":"    \"secondary_link_mode\": \"low_margin_consensus\",\n"}
,{"stream_name":"stdout","time":1626.516843533,"data":"    \"secondary_low_margin_max\": 0.35\n"}
,{"stream_name":"stdout","time":1626.516849611,"data":"  },\n"}
,{"stream_name":"stdout","time":1626.516855048,"data":"  \"diagnostics\": {\n"}
,{"stream_name":"stdout","time":1626.516874581,"data":"    \"by_movie\": {\n"}
,{"stream_name":"stdout","time":1626.51687901,"data":"      \"44b6_0113de3b\": {\n"}
,{"stream_name":"stdout","time":1626.51689005,"data":"        \"fallback_frames\": 0,\n"}
,{"stream_name":"stdout","time":1626.516893479,"data":"        \"frames\": 100,\n"}
,{"stream_name":"stdout","time":1626.516896342,"data":"        \"median_retention\": 1.0072478991596638,\n"}
,{"stream_name":"stdout","time":1626.516899264,"data":"        \"minimum_retention\": 0.9853479853479854\n"}
,{"stream_name":"stdout","time":1626.516902146,"data":"      },\n"}
,{"stream_name":"stdout","time":1626.516904805,"data":"      \"44b6_0b24845f\": {\n"}
,{"stream_name":"stdout","time":1626.516907486,"data":"        \"fallback_frames\": 69,\n"}
,{"stream_name":"stdout","time":1626.516910249,"data":"        \"frames\": 100,\n"}
,{"stream_name":"stdout","time":1626.516913122,"data":"        \"median_retention\": 0.8552717038319984,\n"}
,{"stream_name":"stdout","time":1626.516915897,"data":"        \"minimum_retention\": 0.38288288288288286\n"}
,{"stream_name":"stdout","time":1626.51691867,"data":"      },\n"}
,{"stream_name":"stdout","time":1626.51692131,"data":"      \"6bba_05b6850b\": {\n"}
,{"stream_name":"stdout","time":1626.516924033,"data":"        \"fallback_frames\": 1,\n"}
,{"stream_name":"stdout","time":1626.516926772,"data":"        \"frames\": 100,\n"}
,{"stream_name":"stdout","time":1626.516930177,"data":"        \"median_retention\": 1.0,\n"}
,{"stream_name":"stdout","time":1626.516934301,"data":"        \"minimum_retention\": 0.88\n"}
,{"stream_name":"stdout","time":1626.51693833,"data":"      },\n"}
,{"stream_name":"stdout","time":1626.51694107,"data":"      \"6bba_05db0fb1\": {\n"}
,{"stream_name":"stdout","time":1626.516943827,"data":"        \"fallback_frames\": 0,\n"}
,{"stream_name":"stdout","time":1626.516946545,"data":"        \"frames\": 100,\n"}
,{"stream_name":"stdout","time":1626.516949241,"data":"        \"median_retention\": 1.0057314119144394,\n"}
,{"stream_name":"stdout","time":1626.516952007,"data":"        \"minimum_retention\": 0.9633967789165446\n"}
,{"stream_name":"stdout","time":1626.516954878,"data":"      }\n"}
,{"stream_name":"stdout","time":1626.516957475,"data":"    },\n"}
,{"stream_name":"stdout","time":1626.516960133,"data":"    \"fallback_frames\": 70,\n"}
,{"stream_name":"stdout","time":1626.516962902,"data":"    \"rows\": 400\n"}
,{"stream_name":"stdout","time":1626.51696571,"data":"  },\n"}
,{"stream_name":"stdout","time":1626.516968322,"data":"  \"experiment\": \"harmonic_bidirectional_association_v1\",\n"}
,{"stream_name":"stdout","time":1626.516971233,"data":"  \"hardware\": {\n"}
,{"stream_name":"stdout","time":1626.516973935,"data":"    \"visible_gpu_count\": 2\n"}
,{"stream_name":"stdout","time":1626.516976758,"data":"  },\n"}
,{"stream_name":"stdout","time":1626.516979351,"data":"  \"leaderboard_feedback_used_for_configuration\": true,\n"}
,{"stream_name":"stdout","time":1626.516982325,"data":"  \"method_attribution\": \"fixed-90 dual-seed baseline with harmonic mutual-support association fusion (rule from public CC0 notebook yusuketogashi/no-hack-biohub-cell-another-approch-3rd v18)\",\n"}
,{"stream_name":"stdout","time":1626.516987022,"data":"  \"metric_hack_used\": false,\n"}
,{"stream_name":"stdout","time":1626.516989857,"data":"  \"organizer_labels_used_for_configuration\": false,\n"}
,{"stream_name":"stdout","time":1626.516992953,"data":"  \"parent_experiment\": \"paired_bidirectional_primary_weight020_vs_forward_v1\",\n"}
,{"stream_name":"stdout","time":1626.516996028,"data":"  \"public_output_used\": false,\n"}
,{"stream_name":"stdout","time":1626.517002673,"data":"  \"quality_promotion\": {\n"}
,{"stream_name":"stdout","time":1626.517005774,"data":"    \"execute_push_submit\": \"FORBIDDEN_UNTIL_REQUIRED_CONDITION\",\n"}
,{"stream_name":"stdout","time":1626.517008734,"data":"    \"required_condition\": \"promote=true\",\n"}
,{"stream_name":"stdout","time":1626.517013447,"data":"    \"required_receipt\": \"bidirectional_blend_union13_receipt.json\",\n"}
,{"stream_name":"stdout","time":1626.517016421,"data":"    \"status\": \"candidate_unverified\",\n"}
,{"stream_name":"stdout","time":1626.517019341,"data":"    \"validated_receipt_sha256\": null\n"}
,{"stream_name":"stdout","time":1626.517022155,"data":"  },\n"}
,{"stream_name":"stdout","time":1626.517024775,"data":"  \"source_kernel\": \"raykkretzschmar/biohub-bidirectional-primary-union13-diagnostic-v1\",\n"}
,{"stream_name":"stdout","time":1626.517027681,"data":"  \"source_notebook_sha256\": \"3e65ca691941949196bf417030ea84fccafe16baaec174b2a63540451bb937e8\",\n"}
,{"stream_name":"stdout","time":1626.517066519,"data":"  \"status\": \"clean_graph_audit_pass_candidate_unverified_quality\",\n"}
,{"stream_name":"stdout","time":1626.51707527,"data":"  \"submission\": {\n"}
,{"stream_name":"stdout","time":1626.517090964,"data":"    \"datasets\": [\n"}
,{"stream_name":"stdout","time":1626.517094611,"data":"      \"44b6_0113de3b\",\n"}
,{"stream_name":"stdout","time":1626.517098289,"data":"      \"44b6_0b24845f\",\n"}
,{"stream_name":"stdout","time":1626.51710197,"data":"      \"6bba_05b6850b\",\n"}
,{"stream_name":"stdout","time":1626.517105621,"data":"      \"6bba_05db0fb1\"\n"}
,{"stream_name":"stdout","time":1626.51710922,"data":"    ],\n"}
,{"stream_name":"stdout","time":1626.517112879,"data":"    \"rows\": 241652,\n"}
,{"stream_name":"stdout","time":1626.517118498,"data":"    \"sha256\": \"760e7a67480d05d40a712b71ca4b70bb1cee4a1a87210e2d8dd1b15ad76fa1b0\"\n"}
,{"stream_name":"stdout","time":1626.517136852,"data":"  },\n"}
,{"stream_name":"stdout","time":1626.517139092,"data":"  \"topology\": {\n"}
,{"stream_name":"stdout","time":1626.517141345,"data":"    \"44b6_0113de3b\": {\n"}
,{"stream_name":"stdout","time":1626.517143649,"data":"      \"division_parents\": 41,\n"}
,{"stream_name":"stdout","time":1626.517145989,"data":"      \"edges\": 24788,\n"}
,{"stream_name":"stdout","time":1626.517148291,"data":"      \"max_indegree\": 1,\n"}
,{"stream_name":"stdout","time":1626.517150592,"data":"      \"max_outdegree\": 2,\n"}
,{"stream_name":"stdout","time":1626.517152891,"data":"      \"nodes\": 25529\n"}
,{"stream_name":"stdout","time":1626.517155307,"data":"    },\n"}
,{"stream_name":"stdout","time":1626.517157509,"data":"    \"44b6_0b24845f\": {\n"}
,{"stream_name":"stdout","time":1626.517159789,"data":"      \"division_parents\": 13,\n"}
,{"stream_name":"stdout","time":1626.517162087,"data":"      \"edges\": 19920,\n"}
,{"stream_name":"stdout","time":1626.517164372,"data":"      \"max_indegree\": 1,\n"}
,{"stream_name":"stdout","time":1626.517166675,"data":"      \"max_outdegree\": 2,\n"}
,{"stream_name":"stdout","time":1626.517168967,"data":"      \"nodes\": 21174\n"}
,{"stream_name":"stdout","time":1626.517171253,"data":"    },\n"}
,{"stream_name":"stdout","time":1626.517173482,"data":"    \"6bba_05b6850b\": {\n"}
,{"stream_name":"stdout","time":1626.517175745,"data":"      \"division_parents\": 10,\n"}
,{"stream_name":"stdout","time":1626.517183723,"data":"      \"edges\": 6040,\n"}
,{"stream_name":"stdout","time":1626.517186055,"data":"      \"max_indegree\": 1,\n"}
,{"stream_name":"stdout","time":1626.517188331,"data":"      \"max_outdegree\": 2,\n"}
,{"stream_name":"stdout","time":1626.517193949,"data":"      \"nodes\": 6228\n"}
,{"stream_name":"stdout","time":1626.517196401,"data":"    },\n"}
,{"stream_name":"stdout","time":1626.517198625,"data":"    \"6bba_05db0fb1\": {\n"}
,{"stream_name":"stdout","time":1626.517200923,"data":"      \"division_parents\": 27,\n"}
,{"stream_name":"stdout","time":1626.51720322,"data":"      \"edges\": 67974,\n"}
,{"stream_name":"stdout","time":1626.517205506,"data":"      \"max_indegree\": 1,\n"}
,{"stream_name":"stdout","time":1626.517207769,"data":"      \"max_outdegree\": 2,\n"}
,{"stream_name":"stdout","time":1626.51721005,"data":"      \"nodes\": 69999\n"}
,{"stream_name":"stdout","time":1626.517212352,"data":"    }\n"}
,{"stream_name":"stdout","time":1626.517214601,"data":"  }\n"}
,{"stream_name":"stdout","time":1626.517216843,"data":"}\n"}
,{"stream_name":"stdout","time":1627.203499957,"data":"Total submission rows: 241,652\n"}
,{"stream_name":"stderr","time":1633.503673009,"data":"/usr/local/lib/python3.12/dist-packages/mistune.py:435: SyntaxWarning: invalid escape sequence '\\|'\n"}
,{"stream_name":"stderr","time":1633.503708934,"data":"  cells[i][c] = re.sub('\\\\\\\\\\|', '|', cell)\n"}
,{"stream_name":"stderr","time":1633.66657598,"data":"/usr/local/lib/python3.12/dist-packages/nbconvert/filters/filter_links.py:36: SyntaxWarning: invalid escape sequence '\\_'\n"}
,{"stream_name":"stderr","time":1633.66660209,"data":"  text = re.sub(r'_', '\\_', text) # Escape underscores in display text\n"}
,{"stream_name":"stderr","time":1634.504744968,"data":"[NbConvertApp] Converting notebook __notebook__.ipynb to notebook\n"}
,{"stream_name":"stderr","time":1634.892118117,"data":"[NbConvertApp] Writing 491152 bytes to __notebook__.ipynb\n"}
,{"stream_name":"stderr","time":1637.406869748,"data":"[NbConvertApp] Converting notebook __notebook__.ipynb to html\n"}
,{"stream_name":"stderr","time":1638.882935191,"data":"[NbConvertApp] Support files will be in __results___files/\n"}
,{"stream_name":"stderr","time":1638.882969689,"data":"[NbConvertApp] Making directory __results___files\n"}
,{"stream_name":"stderr","time":1638.883416761,"data":"[NbConvertApp] Writing 1213535 bytes to __results__.html\n"}
]