[{"stream_name":"stderr","time":6.828017846,"data":"0.00s - Debugger warning: It seems that frozen modules are being used, which may\n"}
,{"stream_name":"stderr","time":6.828103955,"data":"0.00s - make the debugger miss breakpoints. Please pass -Xfrozen_modules=off\n"}
,{"stream_name":"stderr","time":6.828110323,"data":"0.00s - to python to disable frozen modules.\n"}
,{"stream_name":"stderr","time":6.828114481,"data":"0.00s - Note: Debugging will proceed. Set PYDEVD_DISABLE_FILE_VALIDATION=1 to disable this validation.\n"}
,{"stream_name":"stderr","time":7.400789296,"data":"0.00s - Debugger warning: It seems that frozen modules are being used, which may\n"}
,{"stream_name":"stderr","time":7.400828465,"data":"0.00s - make the debugger miss breakpoints. Please pass -Xfrozen_modules=off\n"}
,{"stream_name":"stderr","time":7.400832676,"data":"0.00s - to python to disable frozen modules.\n"}
,{"stream_name":"stderr","time":7.400835624,"data":"0.00s - Note: Debugging will proceed. Set PYDEVD_DISABLE_FILE_VALIDATION=1 to disable this validation.\n"}
,{"stream_name":"stdout","time":8.462654679,"data":"BIOHUB_PRESET: harmonic_v3_division_wide\n"}
,{"stream_name":"stdout","time":8.462711138,"data":"BIOHUB_SCORE_AXIS: 062: 061 Base + Layer 2 3D Marker-Controlled Watershed \u0026 De-clumping\n"}
,{"stream_name":"stdout","time":8.495231452,"data":"Configuration guard: PASS\n"}
,{"stream_name":"stdout","time":8.495259127,"data":"Baseline: fixed-90 dual-seed clean pipeline (public LB 0.913)\n"}
,{"stream_name":"stdout","time":8.495264372,"data":"Single model-level change: harmonic mutual-support association fusion\n"}
,{"stream_name":"stdout","time":8.495268128,"data":"Reverse-time association weight: 0.200\n"}
,{"stream_name":"stdout","time":9.319532642,"data":"Biohub learned UNet + node-transformer + ILP submission\n"}
,{"stream_name":"stdout","time":9.319573372,"data":"COMP_DIR: /kaggle/input/competitions/biohub-cell-tracking-during-development exists: True\n"}
,{"stream_name":"stdout","time":9.319579474,"data":"TEST_DIR: /kaggle/input/competitions/biohub-cell-tracking-during-development/test exists: True\n"}
,{"stream_name":"stdout","time":9.31958412,"data":"{\n"}
,{"stream_name":"stdout","time":9.319587669,"data":"  \"adaptive_short_track_rescue\": true,\n"}
,{"stream_name":"stdout","time":9.319592192,"data":"  \"allow_artifact_fallback\": false,\n"}
,{"stream_name":"stdout","time":9.319596148,"data":"  \"allow_pip_install\": false,\n"}
,{"stream_name":"stdout","time":9.319600119,"data":"  \"boundary_min_track_len\": 2,\n"}
,{"stream_name":"stdout","time":9.319604127,"data":"  \"boundary_t_margin\": 2,\n"}
,{"stream_name":"stdout","time":9.319608189,"data":"  \"boundary_track_rescue\": true,\n"}
,{"stream_name":"stdout","time":9.319612376,"data":"  \"boundary_z_margin\": 3.0,\n"}
,{"stream_name":"stdout","time":9.319616564,"data":"  \"continuous_survival_enable\": true,\n"}
,{"stream_name":"stdout","time":9.319620752,"data":"  \"deepcenter_checkpoint_default\": \"/kaggle/input/biohub-deepcenter-unet3d-center-prior-v1/weights/full_frame_center/best.pt\",\n"}
,{"stream_name":"stdout","time":9.319625464,"data":"  \"deepcenter_expected_epoch\": 2,\n"}
,{"stream_name":"stdout","time":9.319629607,"data":"  \"deepcenter_gap_add_gate\": true,\n"}
,{"stream_name":"stdout","time":9.319633698,"data":"  \"deepcenter_gap_confirm_min_span_um\": 8.5,\n"}
,{"stream_name":"stdout","time":9.31963782,"data":"  \"deepcenter_gap_threshold\": 0.25,\n"}
,{"stream_name":"stdout","time":9.31964189,"data":"  \"deepcenter_safe_div_add_gate\": true,\n"}
,{"stream_name":"stdout","time":9.319645723,"data":"  \"deepcenter_safe_div_threshold\": 0.25,\n"}
,{"stream_name":"stdout","time":9.319666962,"data":"  \"det_threshold\": 0.965,\n"}
,{"stream_name":"stdout","time":9.319671403,"data":"  \"div_drop_to_single_if_bad\": true,\n"}
,{"stream_name":"stdout","time":9.31967543,"data":"  \"div_parent_max_um\": 10.5,\n"}
,{"stream_name":"stdout","time":9.319679087,"data":"  \"div_sister_max_um\": 8.0,\n"}
,{"stream_name":"stdout","time":9.319682702,"data":"  \"experiment_tag\": \"062-LAYER2_3D_WATERSHED_DECLUMP\",\n"}
,{"stream_name":"stdout","time":9.319686401,"data":"  \"gap2_frame_frac_cap\": 0.006,\n"}
,{"stream_name":"stdout","time":9.319690712,"data":"  \"gap2_max_links_abs\": 180,\n"}
,{"stream_name":"stdout","time":9.319695049,"data":"  \"gap2_max_links_frac\": 0.0045,\n"}
,{"stream_name":"stdout","time":9.319699614,"data":"  \"gap2_max_step_um\": 4.0,\n"}
,{"stream_name":"stdout","time":9.319703529,"data":"  \"gap2_max_total_um\": 10.2,\n"}
,{"stream_name":"stdout","time":9.319707393,"data":"  \"gap2_require_context\": true,\n"}
,{"stream_name":"stdout","time":9.319711103,"data":"  \"gap_close_effective_max_gap\": 1,\n"}
,{"stream_name":"stdout","time":9.319714866,"data":"  \"gap_close_max_added_abs\": 2000,\n"}
,{"stream_name":"stdout","time":9.319718641,"data":"  \"gap_close_max_added_frac\": 0.05,\n"}
,{"stream_name":"stdout","time":9.319722831,"data":"  \"gap_close_max_gap\": 2,\n"}
,{"stream_name":"stdout","time":9.319726887,"data":"  \"gap_close_reuse_existing\": true,\n"}
,{"stream_name":"stdout","time":9.319730852,"data":"  \"gap_close_reuse_um\": 2.8,\n"}
,{"stream_name":"stdout","time":9.319734469,"data":"  \"gap_close_um\": 4.5,\n"}
,{"stream_name":"stdout","time":9.319738268,"data":"  \"gap_density_adaptive\": true,\n"}
,{"stream_name":"stdout","time":9.319742568,"data":"  \"gap_density_gain\": 0.04,\n"}
,{"stream_name":"stdout","time":9.31977855,"data":"  \"gap_density_max_step_delta_um\": 0.125,\n"}
,{"stream_name":"stdout","time":9.319838018,"data":"  \"gap_density_neighbors\": 3,\n"}
,{"stream_name":"stdout","time":9.319845038,"data":"  \"gap_density_reference_um\": 6.5,\n"}
,{"stream_name":"stdout","time":9.319849463,"data":"  \"gap_refine_max_shift_um\": 3.2,\n"}
,{"stream_name":"stdout","time":9.319853484,"data":"  \"gap_refine_synthetic\": true,\n"}
,{"stream_name":"stdout","time":9.319857796,"data":"  \"gap_refine_win_yx\": 3,\n"}
,{"stream_name":"stdout","time":9.319861833,"data":"  \"gap_refine_win_z\": 1,\n"}
,{"stream_name":"stdout","time":9.319865821,"data":"  \"ilp_appearance_weight\": 0.0,\n"}
,{"stream_name":"stdout","time":9.31987013,"data":"  \"ilp_disappearance_weight\": 2.0,\n"}
,{"stream_name":"stdout","time":9.319874503,"data":"  \"ilp_division_weight\": 1.2,\n"}
,{"stream_name":"stdout","time":9.31987842,"data":"  \"ilp_edge_weight\": -1.0,\n"}
,{"stream_name":"stdout","time":9.319882517,"data":"  \"method\": \"unet_transformer\",\n"}
,{"stream_name":"stdout","time":9.319886685,"data":"  \"motion_relink_learned_bonus\": 1.0,\n"}
,{"stream_name":"stdout","time":9.319890833,"data":"  \"motion_relink_max_frame_nodes\": 2600,\n"}
,{"stream_name":"stdout","time":9.319894894,"data":"  \"motion_relink_relaxed_um\": 9.0,\n"}
,{"stream_name":"stdout","time":9.319899051,"data":"  \"motion_relink_tight_um\": 5.0,\n"}
,{"stream_name":"stdout","time":9.319906861,"data":"  \"motion_relink_velocity_weight\": 0.5,\n"}
,{"stream_name":"stdout","time":9.319910917,"data":"  \"output_division_geometry_filter\": false,\n"}
,{"stream_name":"stdout","time":9.319914858,"data":"  \"output_edge_max_um\": 14.0,\n"}
,{"stream_name":"stdout","time":9.319928616,"data":"  \"output_enforce_next_frame\": true,\n"}
,{"stream_name":"stdout","time":9.319932945,"data":"  \"output_filter_short_tracks\": true,\n"}
,{"stream_name":"stdout","time":9.319937185,"data":"  \"output_gap2_recovery\": true,\n"}
,{"stream_name":"stdout","time":9.319941178,"data":"  \"output_gap_close\": true,\n"}
,{"stream_name":"stdout","time":9.319945118,"data":"  \"output_keep_division_components\": true,\n"}
,{"stream_name":"stdout","time":9.319949248,"data":"  \"output_linefit_smooth\": true,\n"}
,{"stream_name":"stdout","time":9.319953329,"data":"  \"output_linefit_weight\": 0.8,\n"}
,{"stream_name":"stdout","time":9.31995768,"data":"  \"output_linefit_window\": 2,\n"}
,{"stream_name":"stdout","time":9.319961724,"data":"  \"output_min_track_len\": 6,\n"}
,{"stream_name":"stdout","time":9.319965677,"data":"  \"output_motion_relink\": true,\n"}
,{"stream_name":"stdout","time":9.319981321,"data":"  \"output_prune_isolated\": true,\n"}
,{"stream_name":"stdout","time":9.319985092,"data":"  \"output_safe_divisions\": true,\n"}
,{"stream_name":"stdout","time":9.319988928,"data":"  \"output_single_child_repair\": false,\n"}
,{"stream_name":"stdout","time":9.319992655,"data":"  \"output_single_parent_repair\": true,\n"}
,{"stream_name":"stdout","time":9.319996394,"data":"  \"primary_artifact_manifest\": \"/kaggle/input/datasets/pilkwang/biohub-tracking-support-pack-50ep-v1/ARTIFACT_MANIFEST.json\",\n"}
,{"stream_name":"stdout","time":9.320000572,"data":"  \"safe_div_existing_child_max_um\": 10.0,\n"}
,{"stream_name":"stdout","time":9.320004384,"data":"  \"safe_div_frame_frac_cap\": 0.0076,\n"}
,{"stream_name":"stdout","time":9.320008467,"data":"  \"safe_div_global_frac_cap\": 0.00375,\n"}
,{"stream_name":"stdout","time":9.320012417,"data":"  \"safe_div_max_um\": 9.0,\n"}
,{"stream_name":"stdout","time":9.320016113,"data":"  \"safe_div_sister_max_um\": 14.0,\n"}
,{"stream_name":"stdout","time":9.320019817,"data":"  \"short_track_rescue_max_mean_edge_dist_um\": 3.0,\n"}
,{"stream_name":"stdout","time":9.320023687,"data":"  \"short_track_rescue_max_nodes_abs\": 120,\n"}
,{"stream_name":"stdout","time":9.320027551,"data":"  \"short_track_rescue_max_nodes_frac\": 0.012,\n"}
,{"stream_name":"stdout","time":9.320031699,"data":"  \"short_track_rescue_min_len\": 4,\n"}
,{"stream_name":"stdout","time":9.320035521,"data":"  \"short_track_rescue_min_mean_edge_prob\": 0.88,\n"}
,{"stream_name":"stdout","time":9.320039393,"data":"  \"short_track_rescue_trigger_removed_frac\": 0.1,\n"}
,{"stream_name":"stdout","time":9.320043281,"data":"  \"slice\": \"\",\n"}
,{"stream_name":"stdout","time":9.32004711,"data":"  \"survival_boundary_max_bonus\": 4.5,\n"}
,{"stream_name":"stdout","time":9.320050821,"data":"  \"survival_decay_scale\": 3.0,\n"}
,{"stream_name":"stdout","time":9.320054675,"data":"  \"survival_edge_prob_weight\": 2.0,\n"}
,{"stream_name":"stdout","time":9.320058604,"data":"  \"survival_threshold\": 5.0,\n"}
,{"stream_name":"stdout","time":9.320062418,"data":"  \"target_artifact_slug\": \"biohub-tracking-support-pack-50ep-v1\",\n"}
,{"stream_name":"stdout","time":9.320066361,"data":"  \"unet_batch_size\": 8,\n"}
,{"stream_name":"stdout","time":9.320070108,"data":"  \"use_deepcenter_add_only_gate\": true,\n"}
,{"stream_name":"stdout","time":9.320073889,"data":"  \"use_ilp\": true,\n"}
,{"stream_name":"stdout","time":9.320088714,"data":"  \"watershed_declump_enable\": true,\n"}
,{"stream_name":"stdout","time":9.320092245,"data":"  \"watershed_min_blob_vol\": 120,\n"}
,{"stream_name":"stdout","time":9.320098784,"data":"  \"watershed_min_elongation\": 1.5,\n"}
,{"stream_name":"stdout","time":9.320102358,"data":"  \"watershed_min_saddle_ratio\": 0.15,\n"}
,{"stream_name":"stdout","time":9.320105984,"data":"  \"watershed_secondary_pool\": 5,\n"}
,{"stream_name":"stdout","time":9.32010953,"data":"  \"weights\": \"weights/unet_transformer/split_0/edge_predictor_best.pth\"\n"}
,{"stream_name":"stdout","time":9.320113548,"data":"}\n"}
,{"stream_name":"stdout","time":9.538293358,"data":"ARTIFACTS: /kaggle/input/datasets/pilkwang/biohub-tracking-support-pack-50ep-v1\n"}
,{"stream_name":"stdout","time":9.538322639,"data":"Has offline wheels: True\n"}
,{"stream_name":"stdout","time":9.538327793,"data":"Artifact name: biohub-tracking-support-pack-400ep-snapshot-v1\n"}
,{"stream_name":"stdout","time":9.538331706,"data":"Weight sha256: 12f6881ee3620a831697ca098ff8f48e687a24225f4e048b538deec3562fe771\n"}
,{"stream_name":"stdout","time":9.538335488,"data":"Weight path: weights/unet_transformer/split_0/edge_predictor_best.pth\n"}
,{"stream_name":"stdout","time":10.264934251,"data":"Installing missing packages from offline package dirs: ['polars']\n"}
,{"stream_name":"stdout","time":10.264986488,"data":"Dependency resolver is disabled with --no-deps to avoid replacing Kaggle numpy/scipy in a live kernel.\n"}
,{"stream_name":"stdout","time":10.264992127,"data":"Offline package dirs: ['/kaggle/input/datasets/pilkwang/biohub-tracking-support-pack-50ep-v1/wheels']\n"}
,{"stream_name":"stdout","time":16.663246739999998,"data":"Offline dependency install succeeded.\n"}
,{"stream_name":"stdout","time":16.663295246,"data":"Installing missing packages from offline package dirs: ['tracksdata', 'zarr', 'pyscipopt', 'geff', 'geff_spec', 'ilpy', 'imagecodecs', 'rustworkx', 'numcodecs', 'donfig', 'bidict']\n"}
,{"stream_name":"stdout","time":16.663303348,"data":"Dependency resolver is disabled with --no-deps to avoid replacing Kaggle numpy/scipy in a live kernel.\n"}
,{"stream_name":"stdout","time":16.663308274,"data":"Offline package dirs: ['/kaggle/input/datasets/pilkwang/biohub-tracking-support-pack-50ep-v1/wheels']\n"}
,{"stream_name":"stdout","time":42.39442411,"data":"Offline dependency install succeeded.\n"}
,{"stream_name":"stderr","time":49.944898455,"data":"/usr/local/lib/python3.12/dist-packages/dask/array/image.py:7: FutureWarning: `find_available_plugins` is deprecated since version 0.25 and will be removed in version 0.27. The plugin infrastructure of `skimage.io` is deprecated. Instead, use `imageio` or other I/O packages directly.\n"}
,{"stream_name":"stderr","time":49.944938484,"data":"  from skimage.io import imread as sk_imread\n"}
,{"stream_name":"stderr","time":49.944944884,"data":"/usr/lib/python3.12/importlib/__init__.py:90: FutureWarning: `reset_plugins` is deprecated since version 0.25 and will be removed in version 0.27. The plugin infrastructure of `skimage.io` is deprecated. Instead, use `imageio` or other I/O packages directly.\n"}
,{"stream_name":"stderr","time":49.944950429,"data":"  return _bootstrap._gcd_import(name[level:], package, level)\n"}
,{"stream_name":"stderr","time":49.944955436,"data":"\n"}
,{"stream_name":"stderr","time":49.944960191,"data":"/usr/local/lib/python3.12/dist-packages/dask/array/image.py:7: FutureWarning: `find_available_plugins` is deprecated since version 0.25 and will be removed in version 0.27. The plugin infrastructure of `skimage.io` is deprecated. Instead, use `imageio` or other I/O packages directly.\n"}
,{"stream_name":"stderr","time":49.944965641,"data":"  from skimage.io import imread as sk_imread\n"}
,{"stream_name":"stderr","time":49.944970148,"data":"/usr/lib/python3.12/importlib/__init__.py:90: FutureWarning: `reset_plugins` is deprecated since version 0.25 and will be removed in version 0.27. The plugin infrastructure of `skimage.io` is deprecated. Instead, use `imageio` or other I/O packages directly.\n"}
,{"stream_name":"stderr","time":49.944983373,"data":"  return _bootstrap._gcd_import(name[level:], package, level)\n"}
,{"stream_name":"stdout","time":50.170511624,"data":"Required graph/Zarr/ILP packages import successfully.\n"}
,{"stream_name":"stdout","time":50.170549653,"data":"Inference repo: /kaggle/working/tracking_repo\n"}
,{"stream_name":"stdout","time":50.17055615,"data":"Weights: /kaggle/working/tracking_repo/weights/unet_transformer/split_0/edge_predictor_best.pth\n"}
,{"stream_name":"stdout","time":51.177389483,"data":"Support repo Python manifest SHA256: 978b626d1fd1e7397435a437dfe68691defe1572fc3c20e61012d7c9b52ed029\n"}
,{"stream_name":"stdout","time":51.177431545,"data":"Primary materialized SHA256: 12f6881ee3620a831697ca098ff8f48e687a24225f4e048b538deec3562fe771\n"}
,{"stream_name":"stdout","time":51.177438935,"data":"DeepCenter materialized SHA256: 8040999a92f6b7bbd98fa8cf458141e045c0f9ad7c936bdb3b18e1f7edafe2a0\n"}
,{"stream_name":"stdout","time":362.880188384,"data":"Secondary artifact: /kaggle/input/datasets/pilkwang/biohub-temporal-unet3d-seed314159-v1\n"}
,{"stream_name":"stdout","time":362.880249079,"data":"Secondary weight: /kaggle/working/secondary_seed_weights/unet_transformer/split_0/edge_predictor_best.pth\n"}
,{"stream_name":"stdout","time":362.88025486,"data":"Secondary SHA256: 9bac2fa0dadc4a6fc1899e0caf187f4b553e0a7cd90ba1261a68b35ffe9e305f\n"}
,{"stream_name":"stdout","time":362.880258248,"data":"Secondary edge-logit weight: 0.15\n"}
,{"stream_name":"stdout","time":362.880261339,"data":"Runtime integrity receipt: /kaggle/working/bidirectional_production_runtime_integrity.json\n"}
,{"stream_name":"stdout","time":366.94141016,"data":"CUDA device: Tesla T4\n"}
,{"stream_name":"stdout","time":366.941455106,"data":"TTA patch applied (400ep spatial D4-style)\n"}
,{"stream_name":"stdout","time":366.941462518,"data":"Calibrated dual-seed runtime patch applied\n"}
,{"stream_name":"stdout","time":366.941482303,"data":"Frozen frame retention guard applied at 0.90\n"}
,{"stream_name":"stdout","time":366.941487092,"data":"Bidirectional harmonic-probability association fusion applied | weight= 0.15\n"}
,{"stream_name":"stdout","time":366.941491552,"data":"Pre-ILP detector-coordinate manifest hook applied\n"}
,{"stream_name":"stdout","time":366.941496681,"data":"EDGE_TTA patch installed and enabled in /kaggle/working/tracking_repo/scripts/predict_unet_transformer.py\n"}
,{"stream_name":"stdout","time":366.94150338,"data":"secondary edge-feature TTA patch installed and enabled\n"}
,{"stream_name":"stdout","time":366.9460392,"data":"Found 4 test videos\n"}
,{"stream_name":"stdout","time":366.946189376,"data":"['44b6_0113de3b', '44b6_0b24845f', '6bba_05b6850b', '6bba_05db0fb1']\n"}
,{"stream_name":"stdout","time":366.946211713,"data":"Launching 2 independent video shards on CUDA devices ['0', '1']\n"}
,{"stream_name":"stdout","time":366.946218934,"data":"GPU shard 0: CUDA_VISIBLE_DEVICES=0 | /usr/bin/python3 scripts/predict_unet_transformer.py --data-dir /kaggle/input/competitions/biohub-cell-tracking-during-development/test --splits kaggle_test_splits_50ep.json --split 0 --weights weights/unet_transformer/split_0/edge_predictor_best.pth --unet-batch-size 8 --det-threshold 0.965 --ilp-edge-weight -1.0 --ilp-appearance-weight 0.0 --ilp-disappearance-weight 2.0 --ilp-division-weight 1.2 --use-ilp --method unet_transformer_gpu0 --slice 0::2\n"}
,{"stream_name":"stdout","time":366.947841582,"data":"GPU shard 1: CUDA_VISIBLE_DEVICES=1 | /usr/bin/python3 scripts/predict_unet_transformer.py --data-dir /kaggle/input/competitions/biohub-cell-tracking-during-development/test --splits kaggle_test_splits_50ep.json --split 0 --weights weights/unet_transformer/split_0/edge_predictor_best.pth --unet-batch-size 8 --det-threshold 0.965 --ilp-edge-weight -1.0 --ilp-appearance-weight 0.0 --ilp-disappearance-weight 2.0 --ilp-division-weight 1.2 --use-ilp --method unet_transformer_gpu1 --slice 1::2\n"}
,{"stream_name":"stderr","time":372.257510937,"data":"/usr/local/lib/python3.12/dist-packages/dask/array/image.py:7: FutureWarning: `find_available_plugins` is deprecated since version 0.25 and will be removed in version 0.27. The plugin infrastructure of `skimage.io` is deprecated. Instead, use `imageio` or other I/O packages directly.\n"}
,{"stream_name":"stderr","time":372.257578221,"data":"  from skimage.io import imread as sk_imread\n"}
,{"stream_name":"stderr","time":372.261903575,"data":"/usr/lib/python3.12/importlib/__init__.py:90: FutureWarning: `reset_plugins` is deprecated since version 0.25 and will be removed in version 0.27. The plugin infrastructure of `skimage.io` is deprecated. Instead, use `imageio` or other I/O packages directly.\n"}
,{"stream_name":"stderr","time":372.261926135,"data":"  return _bootstrap._gcd_import(name[level:], package, level)\n"}
,{"stream_name":"stderr","time":372.322276522,"data":"/usr/local/lib/python3.12/dist-packages/dask/array/image.py:7: FutureWarning: `find_available_plugins` is deprecated since version 0.25 and will be removed in version 0.27. The plugin infrastructure of `skimage.io` is deprecated. Instead, use `imageio` or other I/O packages directly.\n"}
,{"stream_name":"stderr","time":372.322308804,"data":"  from skimage.io import imread as sk_imread\n"}
,{"stream_name":"stderr","time":372.327360665,"data":"/usr/lib/python3.12/importlib/__init__.py:90: FutureWarning: `reset_plugins` is deprecated since version 0.25 and will be removed in version 0.27. The plugin infrastructure of `skimage.io` is deprecated. Instead, use `imageio` or other I/O packages directly.\n"}
,{"stream_name":"stderr","time":372.327445576,"data":"  return _bootstrap._gcd_import(name[level:], package, level)\n"}
,{"stream_name":"stderr","time":372.460218682,"data":"/usr/local/lib/python3.12/dist-packages/dask/array/image.py:7: FutureWarning: `find_available_plugins` is deprecated since version 0.25 and will be removed in version 0.27. The plugin infrastructure of `skimage.io` is deprecated. Instead, use `imageio` or other I/O packages directly.\n"}
,{"stream_name":"stderr","time":372.460268332,"data":"  from skimage.io import imread as sk_imread\n"}
,{"stream_name":"stderr","time":372.460276048,"data":"/usr/lib/python3.12/importlib/__init__.py:90: FutureWarning: `reset_plugins` is deprecated since version 0.25 and will be removed in version 0.27. The plugin infrastructure of `skimage.io` is deprecated. Instead, use `imageio` or other I/O packages directly.\n"}
,{"stream_name":"stderr","time":372.460283767,"data":"  return _bootstrap._gcd_import(name[level:], package, level)\n"}
,{"stream_name":"stderr","time":372.460290366,"data":"/usr/local/lib/python3.12/dist-packages/dask/array/image.py:7: FutureWarning: `find_available_plugins` is deprecated since version 0.25 and will be removed in version 0.27. The plugin infrastructure of `skimage.io` is deprecated. Instead, use `imageio` or other I/O packages directly.\n"}
,{"stream_name":"stderr","time":372.460297199,"data":"  from skimage.io import imread as sk_imread\n"}
,{"stream_name":"stderr","time":372.460303815,"data":"/usr/lib/python3.12/importlib/__init__.py:90: FutureWarning: `reset_plugins` is deprecated since version 0.25 and will be removed in version 0.27. The plugin infrastructure of `skimage.io` is deprecated. Instead, use `imageio` or other I/O packages directly.\n"}
,{"stream_name":"stderr","time":372.460310156,"data":"  return _bootstrap._gcd_import(name[level:], package, level)\n"}
,{"stream_name":"stderr","time":372.460329923,"data":"\n"}
,{"stream_name":"stderr","time":372.460334792,"data":"/usr/local/lib/python3.12/dist-packages/dask/array/image.py:7: FutureWarning: `find_available_plugins` is deprecated since version 0.25 and will be removed in version 0.27. The plugin infrastructure of `skimage.io` is deprecated. Instead, use `imageio` or other I/O packages directly.\n"}
,{"stream_name":"stderr","time":372.460340234,"data":"  from skimage.io import imread as sk_imread\n"}
,{"stream_name":"stderr","time":372.460344651,"data":"/usr/lib/python3.12/importlib/__init__.py:90: FutureWarning: `reset_plugins` is deprecated since version 0.25 and will be removed in version 0.27. The plugin infrastructure of `skimage.io` is deprecated. Instead, use `imageio` or other I/O packages directly.\n"}
,{"stream_name":"stderr","time":372.460349726,"data":"  return _bootstrap._gcd_import(name[level:], package, level)\n"}
,{"stream_name":"stderr","time":372.460357036,"data":"/usr/local/lib/python3.12/dist-packages/dask/array/image.py:7: FutureWarning: `find_available_plugins` is deprecated since version 0.25 and will be removed in version 0.27. The plugin infrastructure of `skimage.io` is deprecated. Instead, use `imageio` or other I/O packages directly.\n"}
,{"stream_name":"stderr","time":372.460362737,"data":"  from skimage.io import imread as sk_imread\n"}
,{"stream_name":"stderr","time":372.46036719,"data":"/usr/lib/python3.12/importlib/__init__.py:90: FutureWarning: `reset_plugins` is deprecated since version 0.25 and will be removed in version 0.27. The plugin infrastructure of `skimage.io` is deprecated. Instead, use `imageio` or other I/O packages directly.\n"}
,{"stream_name":"stderr","time":372.460372518,"data":"  return _bootstrap._gcd_import(name[level:], package, level)\n"}
,{"stream_name":"stdout","time":372.959081389,"data":"Secondary model: /kaggle/working/secondary_seed_weights/unet_transformer/split_0/edge_predictor_best.pth | edge weight=0.150 | detection weight=0.800 | link mode=low_margin_consensus | temperature=1.000 | low-margin max=0.350 | edge threshold=0.480\n"}
,{"stream_name":"stdout","time":372.959113361,"data":"Fold 0: 2 datasets | weights=weights/unet_transformer/split_0/edge_predictor_best.pth | device=cuda | window_size=2 | pool_kernel_um=3.0\n"}
,{"stream_name":"stdout","time":372.96103853,"data":"Secondary model: /kaggle/working/secondary_seed_weights/unet_transformer/split_0/edge_predictor_best.pth | edge weight=0.150 | detection weight=0.800 | link mode=low_margin_consensus | temperature=1.000 | low-margin max=0.350 | edge threshold=0.480\n"}
,{"stream_name":"stdout","time":372.961060011,"data":"Fold 0: 2 datasets | weights=weights/unet_transformer/split_0/edge_predictor_best.pth | device=cuda | window_size=2 | pool_kernel_um=3.0\n"}
,{"stream_name":"stdout","time":373.161608159,"data":"Secondary model: /kaggle/working/secondary_seed_weights/unet_transformer/split_0/edge_predictor_best.pth | edge weight=0.150 | detection weight=0.800 | link mode=low_margin_consensus | temperature=1.000 | low-margin max=0.350 | edge threshold=0.480\n"}
,{"stream_name":"stdout","time":373.161654365,"data":"Fold 0: 2 datasets | weights=weights/unet_transformer/split_0/edge_predictor_best.pth | device=cuda | window_size=2 | pool_kernel_um=3.0\n"}
,{"stream_name":"stdout","time":373.161660379,"data":"Secondary model: /kaggle/working/secondary_seed_weights/unet_transformer/split_0/edge_predictor_best.pth | edge weight=0.150 | detection weight=0.800 | link mode=low_margin_consensus | temperature=1.000 | low-margin max=0.350 | edge threshold=0.480\n"}
,{"stream_name":"stdout","time":373.161666848,"data":"Fold 0: 2 datasets | weights=weights/unet_transformer/split_0/edge_predictor_best.pth | device=cuda | window_size=2 | pool_kernel_um=3.0\n"}
,{"stream_name":"stdout","time":374.851195871,"data":"EDGE_TTA_ACTIVE views= 8 mean_abs_feat_delta= 0.323238\n"}
,{"stream_name":"stdout","time":374.851303753,"data":"EDGE_TTA_ACTIVE views= 8 mean_abs_feat_delta= 0.360585\n"}
,{"stream_name":"stdout","time":375.053700897,"data":"EDGE_TTA_ACTIVE views= 8 mean_abs_feat_delta= 0.323238\n"}
,{"stream_name":"stdout","time":375.053740168,"data":"EDGE_TTA_ACTIVE views= 8 mean_abs_feat_delta= 0.360585\n"}
,{"stream_name":"stdout","time":375.706664971,"data":"SECONDARY_EDGE_TTA_ACTIVE views= 8 weight= 0.75 mean_abs_feat_delta= 0.230737\n"}
,{"stream_name":"stdout","time":375.712363705,"data":"SECONDARY_EDGE_TTA_ACTIVE views= 8 weight= 0.75 mean_abs_feat_delta= 0.28166\n"}
,{"stream_name":"stdout","time":375.81313033,"data":"BIOHUB_RETENTION_GUARD {\"blended_candidates\": 387, \"dataset\": \"44b6_0b24845f\", \"frame\": 0, \"minimum_retention\": 0.9, \"primary_candidates\": 465, \"retention\": 0.832258064516129, \"use_primary\": true}\n"}
,{"stream_name":"stdout","time":375.814643432,"data":"BIOHUB_RETENTION_GUARD {\"blended_candidates\": 391, \"dataset\": \"44b6_0b24845f\", \"frame\": 1, \"minimum_retention\": 0.9, \"primary_candidates\": 444, \"retention\": 0.8806306306306306, \"use_primary\": true}\n"}
,{"stream_name":"stdout","time":375.90927117,"data":"SECONDARY_EDGE_TTA_ACTIVE views= 8 weight= 0.75 mean_abs_feat_delta= 0.230737\n"}
,{"stream_name":"stdout","time":375.909310329,"data":"SECONDARY_EDGE_TTA_ACTIVE views= 8 weight= 0.75 mean_abs_feat_delta= 0.28166\n"}
,{"stream_name":"stdout","time":375.909314198,"data":"BIOHUB_RETENTION_GUARD {\"blended_candidates\": 387, \"dataset\": \"44b6_0b24845f\", \"frame\": 0, \"minimum_retention\": 0.9, \"primary_candidates\": 465, \"retention\": 0.832258064516129, \"use_primary\": true}\n"}
,{"stream_name":"stdout","time":375.909317963,"data":"BIOHUB_RETENTION_GUARD {\"blended_candidates\": 391, \"dataset\": \"44b6_0b24845f\", \"frame\": 1, \"minimum_retention\": 0.9, \"primary_candidates\": 444, \"retention\": 0.8806306306306306, \"use_primary\": true}\n"}
,{"stream_name":"stdout","time":379.728122942,"data":"EDGE_TTA_ACTIVE views= 8 mean_abs_feat_delta= 0.328294\n"}
,{"stream_name":"stdout","time":379.7977625,"data":"EDGE_TTA_ACTIVE views= 8 mean_abs_feat_delta= 0.361891\n"}
,{"stream_name":"stdout","time":379.930825225,"data":"EDGE_TTA_ACTIVE views= 8 mean_abs_feat_delta= 0.328294\n"}
,{"stream_name":"stdout","time":379.930876245,"data":"EDGE_TTA_ACTIVE views= 8 mean_abs_feat_delta= 0.361891\n"}
,{"stream_name":"stdout","time":380.581859919,"data":"SECONDARY_EDGE_TTA_ACTIVE views= 8 weight= 0.75 mean_abs_feat_delta= 0.23209\n"}
,{"stream_name":"stdout","time":380.666783479,"data":"SECONDARY_EDGE_TTA_ACTIVE views= 8 weight= 0.75 mean_abs_feat_delta= 0.288809\n"}
,{"stream_name":"stdout","time":380.671259808,"data":"BIOHUB_RETENTION_GUARD {\"blended_candidates\": 333, \"dataset\": \"44b6_0b24845f\", \"frame\": 2, \"minimum_retention\": 0.9, \"primary_candidates\": 390, \"retention\": 0.8538461538461538, \"use_primary\": true}\n"}
,{"stream_name":"stdout","time":380.784417255,"data":"SECONDARY_EDGE_TTA_ACTIVE views= 8 weight= 0.75 mean_abs_feat_delta= 0.23209\n"}
,{"stream_name":"stdout","time":380.784453211,"data":"SECONDARY_EDGE_TTA_ACTIVE views= 8 weight= 0.75 mean_abs_feat_delta= 0.288809\n"}
,{"stream_name":"stdout","time":380.78450007,"data":"BIOHUB_RETENTION_GUARD {\"blended_candidates\": 333, \"dataset\": \"44b6_0b24845f\", \"frame\": 2, \"minimum_retention\": 0.9, \"primary_candidates\": 390, \"retention\": 0.8538461538461538, \"use_primary\": true}\n"}
,{"stream_name":"stdout","time":381.564538693,"data":"EDGE_TTA_ACTIVE views= 8 mean_abs_feat_delta= 0.326314\n"}
,{"stream_name":"stdout","time":381.73826157,"data":"EDGE_TTA_ACTIVE views= 8 mean_abs_feat_delta= 0.354206\n"}
,{"stream_name":"stdout","time":381.76717353,"data":"EDGE_TTA_ACTIVE views= 8 mean_abs_feat_delta= 0.326314\n"}
,{"stream_name":"stdout","time":381.767198052,"data":"EDGE_TTA_ACTIVE views= 8 mean_abs_feat_delta= 0.354206\n"}
,{"stream_name":"stdout","time":382.417959061,"data":"SECONDARY_EDGE_TTA_ACTIVE views= 8 weight= 0.75 mean_abs_feat_delta= 0.232786\n"}
,{"stream_name":"stdout","time":382.611707563,"data":"SECONDARY_EDGE_TTA_ACTIVE views= 8 weight= 0.75 mean_abs_feat_delta= 0.287127\n"}
,{"stream_name":"stdout","time":382.615807249,"data":"BIOHUB_RETENTION_GUARD {\"blended_candidates\": 362, \"dataset\": \"44b6_0b24845f\", \"frame\": 3, \"minimum_retention\": 0.9, \"primary_candidates\": 421, \"retention\": 0.8598574821852731, \"use_primary\": true}\n"}
,{"stream_name":"stdout","time":382.621041287,"data":"SECONDARY_EDGE_TTA_ACTIVE views= 8 weight= 0.75 mean_abs_feat_delta= 0.232786\n"}
,{"stream_name":"stdout","time":382.621105581,"data":"SECONDARY_EDGE_TTA_ACTIVE views= 8 weight= 0.75 mean_abs_feat_delta= 0.287127\n"}
,{"stream_name":"stdout","time":382.621112299,"data":"BIOHUB_RETENTION_GUARD {\"blended_candidates\": 362, \"dataset\": \"44b6_0b24845f\", \"frame\": 3, \"minimum_retention\": 0.9, \"primary_candidates\": 421, \"retention\": 0.8598574821852731, \"use_primary\": true}\n"}
,{"stream_name":"stdout","time":383.441011775,"data":"EDGE_TTA_ACTIVE views= 8 mean_abs_feat_delta= 0.32686\n"}
,{"stream_name":"stdout","time":383.643226949,"data":"EDGE_TTA_ACTIVE views= 8 mean_abs_feat_delta= 0.32686\n"}
,{"stream_name":"stdout","time":383.650724973,"data":"EDGE_TTA_ACTIVE views= 8 mean_abs_feat_delta= 0.358867\n"}
,{"stream_name":"stdout","time":383.852804925,"data":"EDGE_TTA_ACTIVE views= 8 mean_abs_feat_delta= 0.358867\n"}
,{"stream_name":"stdout","time":384.300441203,"data":"SECONDARY_EDGE_TTA_ACTIVE views= 8 weight= 0.75 mean_abs_feat_delta= 0.232764\n"}
,{"stream_name":"stdout","time":384.503078832,"data":"SECONDARY_EDGE_TTA_ACTIVE views= 8 weight= 0.75 mean_abs_feat_delta= 0.232764\n"}
,{"stream_name":"stdout","time":384.525850388,"data":"SECONDARY_EDGE_TTA_ACTIVE views= 8 weight= 0.75 mean_abs_feat_delta= 0.283303\n"}
,{"stream_name":"stdout","time":384.529673294,"data":"BIOHUB_RETENTION_GUARD {\"blended_candidates\": 341, \"dataset\": \"44b6_0b24845f\", \"frame\": 4, \"minimum_retention\": 0.9, \"primary_candidates\": 404, \"retention\": 0.844059405940594, \"use_primary\": true}\n"}
,{"stream_name":"stdout","time":384.72811181,"data":"SECONDARY_EDGE_TTA_ACTIVE views= 8 weight= 0.75 mean_abs_feat_delta= 0.283303\n"}
,{"stream_name":"stdout","time":384.728140471,"data":"BIOHUB_RETENTION_GUARD {\"blended_candidates\": 341, \"dataset\": \"44b6_0b24845f\", \"frame\": 4, \"minimum_retention\": 0.9, \"primary_candidates\": 404, \"retention\": 0.844059405940594, \"use_primary\": true}\n"}
,{"stream_name":"stdout","time":385.306097758,"data":"EDGE_TTA_ACTIVE views= 8 mean_abs_feat_delta= 0.327781\n"}
,{"stream_name":"stdout","time":385.508559468,"data":"EDGE_TTA_ACTIVE views= 8 mean_abs_feat_delta= 0.327781\n"}
,{"stream_name":"stdout","time":385.573268567,"data":"EDGE_TTA_ACTIVE views= 8 mean_abs_feat_delta= 0.362463\n"}
,{"stream_name":"stdout","time":385.775653189,"data":"EDGE_TTA_ACTIVE views= 8 mean_abs_feat_delta= 0.362463\n"}
,{"stream_name":"stdout","time":386.166589706,"data":"SECONDARY_EDGE_TTA_ACTIVE views= 8 weight= 0.75 mean_abs_feat_delta= 0.236445\n"}
,{"stream_name":"stdout","time":386.368188462,"data":"SECONDARY_EDGE_TTA_ACTIVE views= 8 weight= 0.75 mean_abs_feat_delta= 0.236445\n"}
,{"stream_name":"stdout","time":386.450869067,"data":"SECONDARY_EDGE_TTA_ACTIVE views= 8 weight= 0.75 mean_abs_feat_delta= 0.289665\n"}
,{"stream_name":"stdout","time":386.454895211,"data":"BIOHUB_RETENTION_GUARD {\"blended_candidates\": 326, \"dataset\": \"44b6_0b24845f\", \"frame\": 5, \"minimum_retention\": 0.9, \"primary_candidates\": 383, \"retention\": 0.8511749347258486, \"use_primary\": true}\n"}
,{"stream_name":"stdout","time":386.653134336,"data":"SECONDARY_EDGE_TTA_ACTIVE views= 8 weight= 0.75 mean_abs_feat_delta= 0.289665\n"}
,{"stream_name":"stdout","time":386.653165946,"data":"BIOHUB_RETENTION_GUARD {\"blended_candidates\": 326, \"dataset\": \"44b6_0b24845f\", \"frame\": 5, \"minimum_retention\": 0.9, \"primary_candidates\": 383, \"retention\": 0.8511749347258486, \"use_primary\": true}\n"}
,{"stream_name":"stdout","time":387.122509843,"data":"EDGE_TTA_ACTIVE views= 8 mean_abs_feat_delta= 0.332086\n"}
,{"stream_name":"stdout","time":387.325042568,"data":"EDGE_TTA_ACTIVE views= 8 mean_abs_feat_delta= 0.332086\n"}
,{"stream_name":"stdout","time":387.471173242,"data":"EDGE_TTA_ACTIVE views= 8 mean_abs_feat_delta= 0.363112\n"}
,{"stream_name":"stdout","time":387.673569929,"data":"EDGE_TTA_ACTIVE views= 8 mean_abs_feat_delta= 0.363112\n"}
,{"stream_name":"stdout","time":387.986256328,"data":"SECONDARY_EDGE_TTA_ACTIVE views= 8 weight= 0.75 mean_abs_feat_delta= 0.236059\n"}
,{"stream_name":"stdout","time":388.1898706,"data":"SECONDARY_EDGE_TTA_ACTIVE views= 8 weight= 0.75 mean_abs_feat_delta= 0.236059\n"}
,{"stream_name":"stdout","time":388.350148321,"data":"SECONDARY_EDGE_TTA_ACTIVE views= 8 weight= 0.75 mean_abs_feat_delta= 0.296162\n"}
,{"stream_name":"stdout","time":388.354235065,"data":"BIOHUB_RETENTION_GUARD {\"blended_candidates\": 333, \"dataset\": \"44b6_0b24845f\", \"frame\": 6, \"minimum_retention\": 0.9, \"primary_candidates\": 403, \"retention\": 0.826302729528536, \"use_primary\": true}\n"}
,{"stream_name":"stdout","time":388.552403808,"data":"SECONDARY_EDGE_TTA_ACTIVE views= 8 weight= 0.75 mean_abs_feat_delta= 0.296162\n"}
,{"stream_name":"stdout","time":388.552439099,"data":"BIOHUB_RETENTION_GUARD {\"blended_candidates\": 333, \"dataset\": \"44b6_0b24845f\", \"frame\": 6, \"minimum_retention\": 0.9, \"primary_candidates\": 403, \"retention\": 0.826302729528536, \"use_primary\": true}\n"}
,{"stream_name":"stdout","time":389.028811106,"data":"EDGE_TTA_ACTIVE views= 8 mean_abs_feat_delta= 0.337311\n"}
,{"stream_name":"stdout","time":389.230797079,"data":"EDGE_TTA_ACTIVE views= 8 mean_abs_feat_delta= 0.337311\n"}
,{"stream_name":"stdout","time":389.446052014,"data":"EDGE_TTA_ACTIVE views= 8 mean_abs_feat_delta= 0.363947\n"}
,{"stream_name":"stdout","time":389.648198217,"data":"EDGE_TTA_ACTIVE views= 8 mean_abs_feat_delta= 0.363947\n"}
,{"stream_name":"stdout","time":389.892116877,"data":"SECONDARY_EDGE_TTA_ACTIVE views= 8 weight= 0.75 mean_abs_feat_delta= 0.242392\n"}
,{"stream_name":"stdout","time":390.094388981,"data":"SECONDARY_EDGE_TTA_ACTIVE views= 8 weight= 0.75 mean_abs_feat_delta= 0.242392\n"}
,{"stream_name":"stdout","time":390.326093149,"data":"SECONDARY_EDGE_TTA_ACTIVE views= 8 weight= 0.75 mean_abs_feat_delta= 0.297976\n"}
,{"stream_name":"stdout","time":390.330594655,"data":"BIOHUB_RETENTION_GUARD {\"blended_candidates\": 309, \"dataset\": \"44b6_0b24845f\", \"frame\": 7, \"minimum_retention\": 0.9, \"primary_candidates\": 390, \"retention\": 0.7923076923076923, \"use_primary\": true}\n"}
,{"stream_name":"stdout","time":390.528452154,"data":"SECONDARY_EDGE_TTA_ACTIVE views= 8 weight= 0.75 mean_abs_feat_delta= 0.297976\n"}
,{"stream_name":"stdout","time":390.528499763,"data":"BIOHUB_RETENTION_GUARD {\"blended_candidates\": 309, \"dataset\": \"44b6_0b24845f\", \"frame\": 7, \"minimum_retention\": 0.9, \"primary_candidates\": 390, \"retention\": 0.7923076923076923, \"use_primary\": true}\n"}
,{"stream_name":"stdout","time":390.975876851,"data":"EDGE_TTA_ACTIVE views= 8 mean_abs_feat_delta= 0.336476\n"}
,{"stream_name":"stdout","time":391.178379148,"data":"EDGE_TTA_ACTIVE views= 8 mean_abs_feat_delta= 0.336476\n"}
,{"stream_name":"stdout","time":391.359313432,"data":"EDGE_TTA_ACTIVE views= 8 mean_abs_feat_delta= 0.368841\n"}
,{"stream_name":"stdout","time":391.561860096,"data":"EDGE_TTA_ACTIVE views= 8 mean_abs_feat_delta= 0.368841\n"}
,{"stream_name":"stdout","time":391.847012458,"data":"SECONDARY_EDGE_TTA_ACTIVE views= 8 weight= 0.75 mean_abs_feat_delta= 0.241164\n"}
,{"stream_name":"stdout","time":392.049535991,"data":"SECONDARY_EDGE_TTA_ACTIVE views= 8 weight= 0.75 mean_abs_feat_delta= 0.241164\n"}
,{"stream_name":"stdout","time":392.243593955,"data":"SECONDARY_EDGE_TTA_ACTIVE views= 8 weight= 0.75 mean_abs_feat_delta= 0.292587\n"}
,{"stream_name":"stdout","time":392.247613245,"data":"BIOHUB_RETENTION_GUARD {\"blended_candidates\": 378, \"dataset\": \"44b6_0b24845f\", \"frame\": 8, \"minimum_retention\": 0.9, \"primary_candidates\": 443, \"retention\": 0.8532731376975169, \"use_primary\": true}\n"}
,{"stream_name":"stdout","time":392.446130894,"data":"SECONDARY_EDGE_TTA_ACTIVE views= 8 weight= 0.75 mean_abs_feat_delta= 0.292587\n"}
,{"stream_name":"stdout","time":392.446163448,"data":"BIOHUB_RETENTION_GUARD {\"blended_candidates\": 378, \"dataset\": \"44b6_0b24845f\", \"frame\": 8, \"minimum_retention\": 0.9, \"primary_candidates\": 443, \"retention\": 0.8532731376975169, \"use_primary\": true}\n"}
,{"stream_name":"stdout","time":392.864774829,"data":"EDGE_TTA_ACTIVE views= 8 mean_abs_feat_delta= 0.33307\n"}
,{"stream_name":"stdout","time":393.078528079,"data":"EDGE_TTA_ACTIVE views= 8 mean_abs_feat_delta= 0.33307\n"}
,{"stream_name":"stdout","time":393.310340555,"data":"EDGE_TTA_ACTIVE views= 8 mean_abs_feat_delta= 0.372442\n"}
,{"stream_name":"stdout","time":393.512554537,"data":"EDGE_TTA_ACTIVE views= 8 mean_abs_feat_delta= 0.372442\n"}
,{"stream_name":"stdout","time":393.750358091,"data":"SECONDARY_EDGE_TTA_ACTIVE views= 8 weight= 0.75 mean_abs_feat_delta= 0.240446\n"}
,{"stream_name":"stdout","time":393.952681353,"data":"SECONDARY_EDGE_TTA_ACTIVE views= 8 weight= 0.75 mean_abs_feat_delta= 0.240446\n"}
,{"stream_name":"stdout","time":394.200277098,"data":"SECONDARY_EDGE_TTA_ACTIVE views= 8 weight= 0.75 mean_abs_feat_delta= 0.291168\n"}
,{"stream_name":"stdout","time":394.204332488,"data":"BIOHUB_RETENTION_GUARD {\"blended_candidates\": 362, \"dataset\": \"44b6_0b24845f\", \"frame\": 9, \"minimum_retention\": 0.9, \"primary_candidates\": 429, \"retention\": 0.8438228438228438, \"use_primary\": true}\n"}
,{"stream_name":"stdout","time":394.40279783,"data":"SECONDARY_EDGE_TTA_ACTIVE views= 8 weight= 0.75 mean_abs_feat_delta= 0.291168\n"}
,{"stream_name":"stdout","time":394.402836383,"data":"BIOHUB_RETENTION_GUARD {\"blended_candidates\": 362, \"dataset\": \"44b6_0b24845f\", \"frame\": 9, \"minimum_retention\": 0.9, \"primary_candidates\": 429, \"retention\": 0.8438228438228438, \"use_primary\": true}\n"}
,{"stream_name":"stdout","time":394.737815066,"data":"EDGE_TTA_ACTIVE views= 8 mean_abs_feat_delta= 0.333216\n"}
,{"stream_name":"stdout","time":394.94015424,"data":"EDGE_TTA_ACTIVE views= 8 mean_abs_feat_delta= 0.333216\n"}
,{"stream_name":"stdout","time":395.270187988,"data":"EDGE_TTA_ACTIVE views= 8 mean_abs_feat_delta= 0.36599\n"}
,{"stream_name":"stdout","time":395.472377015,"data":"EDGE_TTA_ACTIVE views= 8 mean_abs_feat_delta= 0.36599\n"}
,{"stream_name":"stdout","time":395.616765341,"data":"SECONDARY_EDGE_TTA_ACTIVE views= 8 weight= 0.75 mean_abs_feat_delta= 0.24216\n"}
,{"stream_name":"stdout","time":395.819176719,"data":"SECONDARY_EDGE_TTA_ACTIVE views= 8 weight= 0.75 mean_abs_feat_delta= 0.24216\n"}
,{"stream_name":"stdout","time":396.158174029,"data":"SECONDARY_EDGE_TTA_ACTIVE views= 8 weight= 0.75 mean_abs_feat_delta= 0.301242\n"}
,{"stream_name":"stdout","time":396.162234049,"data":"BIOHUB_RETENTION_GUARD {\"blended_candidates\": 331, \"dataset\": \"44b6_0b24845f\", \"frame\": 10, \"minimum_retention\": 0.9, \"primary_candidates\": 419, \"retention\": 0.7899761336515513, \"use_primary\": true}\n"}
,{"stream_name":"stdout","time":396.360739276,"data":"SECONDARY_EDGE_TTA_ACTIVE views= 8 weight= 0.75 mean_abs_feat_delta= 0.301242\n"}
,{"stream_name":"stdout","time":396.360783943,"data":"BIOHUB_RETENTION_GUARD {\"blended_candidates\": 331, \"dataset\": \"44b6_0b24845f\", \"frame\": 10, \"minimum_retention\": 0.9, \"primary_candidates\": 419, \"retention\": 0.7899761336515513, \"use_primary\": true}\n"}
,{"stream_name":"stdout","time":396.609355757,"data":"EDGE_TTA_ACTIVE views= 8 mean_abs_feat_delta= 0.341654\n"}
,{"stream_name":"stdout","time":396.811819248,"data":"EDGE_TTA_ACTIVE views= 8 mean_abs_feat_delta= 0.341654\n"}
,{"stream_name":"stdout","time":397.22216418,"data":"EDGE_TTA_ACTIVE views= 8 mean_abs_feat_delta= 0.358411\n"}
,{"stream_name":"stdout","time":397.424603237,"data":"EDGE_TTA_ACTIVE views= 8 mean_abs_feat_delta= 0.358411\n"}
,{"stream_name":"stdout","time":397.488032892,"data":"SECONDARY_EDGE_TTA_ACTIVE views= 8 weight= 0.75 mean_abs_feat_delta= 0.243727\n"}
,{"stream_name":"stdout","time":397.690652859,"data":"SECONDARY_EDGE_TTA_ACTIVE views= 8 weight= 0.75 mean_abs_feat_delta= 0.243727\n"}
,{"stream_name":"stdout","time":398.115036635,"data":"SECONDARY_EDGE_TTA_ACTIVE views= 8 weight= 0.75 mean_abs_feat_delta= 0.289865\n"}
,{"stream_name":"stdout","time":398.119088616,"data":"BIOHUB_RETENTION_GUARD {\"blended_candidates\": 376, \"dataset\": \"44b6_0b24845f\", \"frame\": 11, \"minimum_retention\": 0.9, \"primary_candidates\": 441, \"retention\": 0.8526077097505669, \"use_primary\": true}\n"}
,{"stream_name":"stdout","time":398.317363871,"data":"SECONDARY_EDGE_TTA_ACTIVE views= 8 weight= 0.75 mean_abs_feat_delta= 0.289865\n"}
,{"stream_name":"stdout","time":398.317395237,"data":"BIOHUB_RETENTION_GUARD {\"blended_candidates\": 376, \"dataset\": \"44b6_0b24845f\", \"frame\": 11, \"minimum_retention\": 0.9, \"primary_candidates\": 441, \"retention\": 0.8526077097505669, \"use_primary\": true}\n"}
,{"stream_name":"stdout","time":398.50600727,"data":"EDGE_TTA_ACTIVE views= 8 mean_abs_feat_delta= 0.334228\n"}
,{"stream_name":"stdout","time":398.708422837,"data":"EDGE_TTA_ACTIVE views= 8 mean_abs_feat_delta= 0.334228\n"}
,{"stream_name":"stdout","time":399.210058621,"data":"EDGE_TTA_ACTIVE views= 8 mean_abs_feat_delta= 0.361758\n"}
,{"stream_name":"stdout","time":399.386740953,"data":"SECONDARY_EDGE_TTA_ACTIVE views= 8 weight= 0.75 mean_abs_feat_delta= 0.241899\n"}
,{"stream_name":"stdout","time":399.412679131,"data":"EDGE_TTA_ACTIVE views= 8 mean_abs_feat_delta= 0.361758\n"}
,{"stream_name":"stdout","time":399.412703608,"data":"SECONDARY_EDGE_TTA_ACTIVE views= 8 weight= 0.75 mean_abs_feat_delta= 0.241899\n"}
,{"stream_name":"stdout","time":400.102236465,"data":"SECONDARY_EDGE_TTA_ACTIVE views= 8 weight= 0.75 mean_abs_feat_delta= 0.298743\n"}
,{"stream_name":"stdout","time":400.106406596,"data":"BIOHUB_RETENTION_GUARD {\"blended_candidates\": 304, \"dataset\": \"44b6_0b24845f\", \"frame\": 12, \"minimum_retention\": 0.9, \"primary_candidates\": 361, \"retention\": 0.8421052631578947, \"use_primary\": true}\n"}
,{"stream_name":"stdout","time":400.30478741,"data":"SECONDARY_EDGE_TTA_ACTIVE views= 8 weight= 0.75 mean_abs_feat_delta= 0.298743\n"}
,{"stream_name":"stdout","time":400.304827457,"data":"BIOHUB_RETENTION_GUARD {\"blended_candidates\": 304, \"dataset\": \"44b6_0b24845f\", \"frame\": 12, \"minimum_retention\": 0.9, \"primary_candidates\": 361, \"retention\": 0.8421052631578947, \"use_primary\": true}\n"}
,{"stream_name":"stdout","time":400.401575651,"data":"EDGE_TTA_ACTIVE views= 8 mean_abs_feat_delta= 0.335161\n"}
,{"stream_name":"stdout","time":400.603816111,"data":"EDGE_TTA_ACTIVE views= 8 mean_abs_feat_delta= 0.335161\n"}
,{"stream_name":"stdout","time":401.206551263,"data":"EDGE_TTA_ACTIVE views= 8 mean_abs_feat_delta= 0.368237\n"}
,{"stream_name":"stdout","time":401.294424381,"data":"SECONDARY_EDGE_TTA_ACTIVE views= 8 weight= 0.75 mean_abs_feat_delta= 0.237416\n"}
,{"stream_name":"stdout","time":401.408559934,"data":"EDGE_TTA_ACTIVE views= 8 mean_abs_feat_delta= 0.368237\n"}
,{"stream_name":"stdout","time":401.408596252,"data":"SECONDARY_EDGE_TTA_ACTIVE views= 8 weight= 0.75 mean_abs_feat_delta= 0.237416\n"}
,{"stream_name":"stdout","time":402.101089949,"data":"SECONDARY_EDGE_TTA_ACTIVE views= 8 weight= 0.75 mean_abs_feat_delta= 0.295579\n"}
,{"stream_name":"stdout","time":402.105147068,"data":"BIOHUB_RETENTION_GUARD {\"blended_candidates\": 314, \"dataset\": \"44b6_0b24845f\", \"frame\": 13, \"minimum_retention\": 0.9, \"primary_candidates\": 382, \"retention\": 0.8219895287958116, \"use_primary\": true}\n"}
,{"stream_name":"stdout","time":402.30397964,"data":"SECONDARY_EDGE_TTA_ACTIVE views= 8 weight= 0.75 mean_abs_feat_delta= 0.295579\n"}
,{"stream_name":"stdout","time":402.304024554,"data":"BIOHUB_RETENTION_GUARD {\"blended_candidates\": 314, \"dataset\": \"44b6_0b24845f\", \"frame\": 13, \"minimum_retention\": 0.9, \"primary_candidates\": 382, \"retention\": 0.8219895287958116, \"use_primary\": true}\n"}
,{"stream_name":"stdout","time":402.328915364,"data":"EDGE_TTA_ACTIVE views= 8 mean_abs_feat_delta= 0.330752\n"}
,{"stream_name":"stdout","time":402.531835338,"data":"EDGE_TTA_ACTIVE views= 8 mean_abs_feat_delta= 0.330752\n"}
,{"stream_name":"stdout","time":403.177391105,"data":"EDGE_TTA_ACTIVE views= 8 mean_abs_feat_delta= 0.366311\n"}
,{"stream_name":"stdout","time":403.22245769,"data":"SECONDARY_EDGE_TTA_ACTIVE views= 8 weight= 0.75 mean_abs_feat_delta= 0.238386\n"}
,{"stream_name":"stdout","time":403.379554574,"data":"EDGE_TTA_ACTIVE views= 8 mean_abs_feat_delta= 0.366311\n"}
,{"stream_name":"stdout","time":403.379589027,"data":"SECONDARY_EDGE_TTA_ACTIVE views= 8 weight= 0.75 mean_abs_feat_delta= 0.238386\n"}
,{"stream_name":"stdout","time":404.077648662,"data":"SECONDARY_EDGE_TTA_ACTIVE views= 8 weight= 0.75 mean_abs_feat_delta= 0.29037\n"}
,{"stream_name":"stdout","time":404.081722047,"data":"BIOHUB_RETENTION_GUARD {\"blended_candidates\": 330, \"dataset\": \"44b6_0b24845f\", \"frame\": 14, \"minimum_retention\": 0.9, \"primary_candidates\": 378, \"retention\": 0.873015873015873, \"use_primary\": true}\n"}
,{"stream_name":"stdout","time":404.270489901,"data":"EDGE_TTA_ACTIVE views= 8 mean_abs_feat_delta= 0.32964\n"}
,{"stream_name":"stdout","time":404.279906356,"data":"SECONDARY_EDGE_TTA_ACTIVE views= 8 weight= 0.75 mean_abs_feat_delta= 0.29037\n"}
,{"stream_name":"stdout","time":404.279956988,"data":"BIOHUB_RETENTION_GUARD {\"blended_candidates\": 330, \"dataset\": \"44b6_0b24845f\", \"frame\": 14, \"minimum_retention\": 0.9, \"primary_candidates\": 378, \"retention\": 0.873015873015873, \"use_primary\": true}\n"}
,{"stream_name":"stdout","time":404.279966653,"data":"EDGE_TTA_ACTIVE views= 8 mean_abs_feat_delta= 0.32964\n"}
,{"stream_name":"stdout","time":405.163669638,"data":"EDGE_TTA_ACTIVE views= 8 mean_abs_feat_delta= 0.362666\n"}
,{"stream_name":"stdout","time":405.164509353,"data":"SECONDARY_EDGE_TTA_ACTIVE views= 8 weight= 0.75 mean_abs_feat_delta= 0.238478\n"}
,{"stream_name":"stdout","time":405.36623484,"data":"EDGE_TTA_ACTIVE views= 8 mean_abs_feat_delta= 0.362666\n"}
,{"stream_name":"stdout","time":405.366267913,"data":"SECONDARY_EDGE_TTA_ACTIVE views= 8 weight= 0.75 mean_abs_feat_delta= 0.238478\n"}
,{"stream_name":"stdout","time":406.065579327,"data":"SECONDARY_EDGE_TTA_ACTIVE views= 8 weight= 0.75 mean_abs_feat_delta= 0.286822\n"}
,{"stream_name":"stdout","time":406.159096767,"data":"EDGE_TTA_ACTIVE views= 8 mean_abs_feat_delta= 0.32447\n"}
,{"stream_name":"stdout","time":406.267990664,"data":"SECONDARY_EDGE_TTA_ACTIVE views= 8 weight= 0.75 mean_abs_feat_delta= 0.286822\n"}
,{"stream_name":"stdout","time":406.268051832,"data":"EDGE_TTA_ACTIVE views= 8 mean_abs_feat_delta= 0.32447\n"}
,{"stream_name":"stdout","time":407.050420336,"data":"SECONDARY_EDGE_TTA_ACTIVE views= 8 weight= 0.75 mean_abs_feat_delta= 0.234529\n"}
,{"stream_name":"stdout","time":407.156439951,"data":"EDGE_TTA_ACTIVE views= 8 mean_abs_feat_delta= 0.368515\n"}
,{"stream_name":"stdout","time":407.253033586,"data":"SECONDARY_EDGE_TTA_ACTIVE views= 8 weight= 0.75 mean_abs_feat_delta= 0.234529\n"}
,{"stream_name":"stdout","time":407.253073397,"data":"EDGE_TTA_ACTIVE views= 8 mean_abs_feat_delta= 0.368515\n"}
,{"stream_name":"stdout","time":408.061656588,"data":"SECONDARY_EDGE_TTA_ACTIVE views= 8 weight= 0.75 mean_abs_feat_delta= 0.282972\n"}
,{"stream_name":"stdout","time":408.102016304,"data":"EDGE_TTA_ACTIVE views= 8 mean_abs_feat_delta= 0.325522\n"}
,{"stream_name":"stdout","time":408.264082629,"data":"SECONDARY_EDGE_TTA_ACTIVE views= 8 weight= 0.75 mean_abs_feat_delta= 0.282972\n"}
,{"stream_name":"stdout","time":408.264116902,"data":"EDGE_TTA_ACTIVE views= 8 mean_abs_feat_delta= 0.325522\n"}
,{"stream_name":"stdout","time":408.997660675,"data":"SECONDARY_EDGE_TTA_ACTIVE views= 8 weight= 0.75 mean_abs_feat_delta= 0.238533\n"}
,{"stream_name":"stdout","time":409.160445664,"data":"EDGE_TTA_ACTIVE views= 8 mean_abs_feat_delta= 0.37163\n"}
,{"stream_name":"stdout","time":409.199951315,"data":"SECONDARY_EDGE_TTA_ACTIVE views= 8 weight= 0.75 mean_abs_feat_delta= 0.238533\n"}
,{"stream_name":"stdout","time":409.199986954,"data":"EDGE_TTA_ACTIVE views= 8 mean_abs_feat_delta= 0.37163\n"}
,{"stream_name":"stdout","time":410.055133534,"data":"EDGE_TTA_ACTIVE views= 8 mean_abs_feat_delta= 0.319866\n"}
,{"stream_name":"stdout","time":410.066360953,"data":"SECONDARY_EDGE_TTA_ACTIVE views= 8 weight= 0.75 mean_abs_feat_delta= 0.284899\n"}
,{"stream_name":"stdout","time":410.257258874,"data":"EDGE_TTA_ACTIVE views= 8 mean_abs_feat_delta= 0.319866\n"}
,{"stream_name":"stdout","time":410.257293695,"data":"SECONDARY_EDGE_TTA_ACTIVE views= 8 weight= 0.75 mean_abs_feat_delta= 0.284899\n"}
,{"stream_name":"stdout","time":410.952699009,"data":"SECONDARY_EDGE_TTA_ACTIVE views= 8 weight= 0.75 mean_abs_feat_delta= 0.239819\n"}
,{"stream_name":"stdout","time":411.155516283,"data":"SECONDARY_EDGE_TTA_ACTIVE views= 8 weight= 0.75 mean_abs_feat_delta= 0.239819\n"}
,{"stream_name":"stdout","time":411.171938694,"data":"EDGE_TTA_ACTIVE views= 8 mean_abs_feat_delta= 0.367306\n"}
,{"stream_name":"stdout","time":411.374312159,"data":"EDGE_TTA_ACTIVE views= 8 mean_abs_feat_delta= 0.367306\n"}
,{"stream_name":"stdout","time":412.030498282,"data":"EDGE_TTA_ACTIVE views= 8 mean_abs_feat_delta= 0.323582\n"}
,{"stream_name":"stdout","time":412.080483647,"data":"SECONDARY_EDGE_TTA_ACTIVE views= 8 weight= 0.75 mean_abs_feat_delta= 0.276632\n"}
,{"stream_name":"stdout","time":412.232936226,"data":"EDGE_TTA_ACTIVE views= 8 mean_abs_feat_delta= 0.323582\n"}
,{"stream_name":"stdout","time":412.23297749,"data":"SECONDARY_EDGE_TTA_ACTIVE views= 8 weight= 0.75 mean_abs_feat_delta= 0.276632\n"}
,{"stream_name":"stdout","time":412.93322262,"data":"SECONDARY_EDGE_TTA_ACTIVE views= 8 weight= 0.75 mean_abs_feat_delta= 0.242037\n"}
,{"stream_name":"stdout","time":413.135911136,"data":"SECONDARY_EDGE_TTA_ACTIVE views= 8 weight= 0.75 mean_abs_feat_delta= 0.242037\n"}
,{"stream_name":"stdout","time":413.143724691,"data":"EDGE_TTA_ACTIVE views= 8 mean_abs_feat_delta= 0.356982\n"}
,{"stream_name":"stdout","time":413.346183781,"data":"EDGE_TTA_ACTIVE views= 8 mean_abs_feat_delta= 0.356982\n"}
,{"stream_name":"stdout","time":413.986047364,"data":"EDGE_TTA_ACTIVE views= 8 mean_abs_feat_delta= 0.326415\n"}
,{"stream_name":"stdout","time":414.054720701,"data":"SECONDARY_EDGE_TTA_ACTIVE views= 8 weight= 0.75 mean_abs_feat_delta= 0.278285\n"}
,{"stream_name":"stdout","time":414.188509788,"data":"EDGE_TTA_ACTIVE views= 8 mean_abs_feat_delta= 0.326415\n"}
,{"stream_name":"stdout","time":414.18853746,"data":"SECONDARY_EDGE_TTA_ACTIVE views= 8 weight= 0.75 mean_abs_feat_delta= 0.278285\n"}
,{"stream_name":"stdout","time":414.89142924,"data":"SECONDARY_EDGE_TTA_ACTIVE views= 8 weight= 0.75 mean_abs_feat_delta= 0.241724\n"}
,{"stream_name":"stdout","time":415.09384721,"data":"SECONDARY_EDGE_TTA_ACTIVE views= 8 weight= 0.75 mean_abs_feat_delta= 0.241724\n"}
,{"stream_name":"stdout","time":415.118037569,"data":"EDGE_TTA_ACTIVE views= 8 mean_abs_feat_delta= 0.354988\n"}
,{"stream_name":"stdout","time":415.320286601,"data":"EDGE_TTA_ACTIVE views= 8 mean_abs_feat_delta= 0.354988\n"}
,{"stream_name":"stdout","time":415.950525395,"data":"EDGE_TTA_ACTIVE views= 8 mean_abs_feat_delta= 0.32326\n"}
,{"stream_name":"stdout","time":416.034174651,"data":"SECONDARY_EDGE_TTA_ACTIVE views= 8 weight= 0.75 mean_abs_feat_delta= 0.280197\n"}
,{"stream_name":"stdout","time":416.038227471,"data":"BIOHUB_RETENTION_GUARD {\"blended_candidates\": 285, \"dataset\": \"44b6_0b24845f\", \"frame\": 20, \"minimum_retention\": 0.9, \"primary_candidates\": 317, \"retention\": 0.8990536277602523, \"use_primary\": true}\n"}
,{"stream_name":"stdout","time":416.152795526,"data":"EDGE_TTA_ACTIVE views= 8 mean_abs_feat_delta= 0.32326\n"}
,{"stream_name":"stdout","time":416.152834315,"data":"SECONDARY_EDGE_TTA_ACTIVE views= 8 weight= 0.75 mean_abs_feat_delta= 0.280197\n"}
,{"stream_name":"stdout","time":416.152838505,"data":"BIOHUB_RETENTION_GUARD {\"blended_candidates\": 285, \"dataset\": \"44b6_0b24845f\", \"frame\": 20, \"minimum_retention\": 0.9, \"primary_candidates\": 317, \"retention\": 0.8990536277602523, \"use_primary\": true}\n"}
,{"stream_name":"stdout","time":416.859617329,"data":"SECONDARY_EDGE_TTA_ACTIVE views= 8 weight= 0.75 mean_abs_feat_delta= 0.234753\n"}
,{"stream_name":"stdout","time":417.061922031,"data":"SECONDARY_EDGE_TTA_ACTIVE views= 8 weight= 0.75 mean_abs_feat_delta= 0.234753\n"}
,{"stream_name":"stdout","time":417.12184732,"data":"EDGE_TTA_ACTIVE views= 8 mean_abs_feat_delta= 0.355885\n"}
,{"stream_name":"stdout","time":417.324298352,"data":"EDGE_TTA_ACTIVE views= 8 mean_abs_feat_delta= 0.355885\n"}
,{"stream_name":"stdout","time":417.892031546,"data":"EDGE_TTA_ACTIVE views= 8 mean_abs_feat_delta= 0.324888\n"}
,{"stream_name":"stdout","time":418.038016949,"data":"SECONDARY_EDGE_TTA_ACTIVE views= 8 weight= 0.75 mean_abs_feat_delta= 0.281334\n"}
,{"stream_name":"stdout","time":418.04219169,"data":"BIOHUB_RETENTION_GUARD {\"blended_candidates\": 265, \"dataset\": \"44b6_0b24845f\", \"frame\": 21, \"minimum_retention\": 0.9, \"primary_candidates\": 325, \"retention\": 0.8153846153846154, \"use_primary\": true}\n"}
,{"stream_name":"stdout","time":418.094284982,"data":"EDGE_TTA_ACTIVE views= 8 mean_abs_feat_delta= 0.324888\n"}
,{"stream_name":"stdout","time":418.094301879,"data":"SECONDARY_EDGE_TTA_ACTIVE views= 8 weight= 0.75 mean_abs_feat_delta= 0.281334\n"}
,{"stream_name":"stdout","time":418.094306461,"data":"BIOHUB_RETENTION_GUARD {\"blended_candidates\": 265, \"dataset\": \"44b6_0b24845f\", \"frame\": 21, \"minimum_retention\": 0.9, \"primary_candidates\": 325, \"retention\": 0.8153846153846154, \"use_primary\": true}\n"}
,{"stream_name":"stdout","time":418.806950552,"data":"SECONDARY_EDGE_TTA_ACTIVE views= 8 weight= 0.75 mean_abs_feat_delta= 0.238746\n"}
,{"stream_name":"stdout","time":419.009250392,"data":"SECONDARY_EDGE_TTA_ACTIVE views= 8 weight= 0.75 mean_abs_feat_delta= 0.238746\n"}
,{"stream_name":"stdout","time":419.128916397,"data":"EDGE_TTA_ACTIVE views= 8 mean_abs_feat_delta= 0.357492\n"}
,{"stream_name":"stdout","time":419.331335684,"data":"EDGE_TTA_ACTIVE views= 8 mean_abs_feat_delta= 0.357492\n"}
,{"stream_name":"stdout","time":419.844483225,"data":"EDGE_TTA_ACTIVE views= 8 mean_abs_feat_delta= 0.325752\n"}
,{"stream_name":"stdout","time":420.046846955,"data":"EDGE_TTA_ACTIVE views= 8 mean_abs_feat_delta= 0.325752\n"}
,{"stream_name":"stdout","time":420.049634908,"data":"SECONDARY_EDGE_TTA_ACTIVE views= 8 weight= 0.75 mean_abs_feat_delta= 0.280031\n"}
,{"stream_name":"stdout","time":420.053549291,"data":"BIOHUB_RETENTION_GUARD {\"blended_candidates\": 286, \"dataset\": \"44b6_0b24845f\", \"frame\": 22, \"minimum_retention\": 0.9, \"primary_candidates\": 326, \"retention\": 0.8773006134969326, \"use_primary\": true}\n"}
,{"stream_name":"stdout","time":420.251809774,"data":"SECONDARY_EDGE_TTA_ACTIVE views= 8 weight= 0.75 mean_abs_feat_delta= 0.280031\n"}
,{"stream_name":"stdout","time":420.251841862,"data":"BIOHUB_RETENTION_GUARD {\"blended_candidates\": 286, \"dataset\": \"44b6_0b24845f\", \"frame\": 22, \"minimum_retention\": 0.9, \"primary_candidates\": 326, \"retention\": 0.8773006134969326, \"use_primary\": true}\n"}
,{"stream_name":"stdout","time":420.756313125,"data":"SECONDARY_EDGE_TTA_ACTIVE views= 8 weight= 0.75 mean_abs_feat_delta= 0.238954\n"}
,{"stream_name":"stdout","time":420.958811297,"data":"SECONDARY_EDGE_TTA_ACTIVE views= 8 weight= 0.75 mean_abs_feat_delta= 0.238954\n"}
,{"stream_name":"stdout","time":421.165893188,"data":"EDGE_TTA_ACTIVE views= 8 mean_abs_feat_delta= 0.361386\n"}
,{"stream_name":"stdout","time":421.368372541,"data":"EDGE_TTA_ACTIVE views= 8 mean_abs_feat_delta= 0.361386\n"}
,{"stream_name":"stdout","time":421.802796865,"data":"EDGE_TTA_ACTIVE views= 8 mean_abs_feat_delta= 0.330364\n"}
,{"stream_name":"stdout","time":422.005143178,"data":"EDGE_TTA_ACTIVE views= 8 mean_abs_feat_delta= 0.330364\n"}
,{"stream_name":"stdout","time":422.086106893,"data":"SECONDARY_EDGE_TTA_ACTIVE views= 8 weight= 0.75 mean_abs_feat_delta= 0.277655\n"}
,{"stream_name":"stdout","time":422.288710893,"data":"SECONDARY_EDGE_TTA_ACTIVE views= 8 weight= 0.75 mean_abs_feat_delta= 0.277655\n"}
,{"stream_name":"stdout","time":422.729979172,"data":"SECONDARY_EDGE_TTA_ACTIVE views= 8 weight= 0.75 mean_abs_feat_delta= 0.235145\n"}
,{"stream_name":"stdout","time":422.935375418,"data":"SECONDARY_EDGE_TTA_ACTIVE views= 8 weight= 0.75 mean_abs_feat_delta= 0.235145\n"}
,{"stream_name":"stdout","time":423.173119867,"data":"EDGE_TTA_ACTIVE views= 8 mean_abs_feat_delta= 0.361052\n"}
,{"stream_name":"stdout","time":423.390387819,"data":"EDGE_TTA_ACTIVE views= 8 mean_abs_feat_delta= 0.361052\n"}
,{"stream_name":"stdout","time":423.823954258,"data":"EDGE_TTA_ACTIVE views= 8 mean_abs_feat_delta= 0.329773\n"}
,{"stream_name":"stdout","time":424.026155658,"data":"EDGE_TTA_ACTIVE views= 8 mean_abs_feat_delta= 0.329773\n"}
,{"stream_name":"stdout","time":424.099440051,"data":"SECONDARY_EDGE_TTA_ACTIVE views= 8 weight= 0.75 mean_abs_feat_delta= 0.282322\n"}
,{"stream_name":"stdout","time":424.103564228,"data":"BIOHUB_RETENTION_GUARD {\"blended_candidates\": 261, \"dataset\": \"44b6_0b24845f\", \"frame\": 24, \"minimum_retention\": 0.9, \"primary_candidates\": 306, \"retention\": 0.8529411764705882, \"use_primary\": true}\n"}
,{"stream_name":"stdout","time":424.301843932,"data":"SECONDARY_EDGE_TTA_ACTIVE views= 8 weight= 0.75 mean_abs_feat_delta= 0.282322\n"}
,{"stream_name":"stdout","time":424.301889281,"data":"BIOHUB_RETENTION_GUARD {\"blended_candidates\": 261, \"dataset\": \"44b6_0b24845f\", \"frame\": 24, \"minimum_retention\": 0.9, \"primary_candidates\": 306, \"retention\": 0.8529411764705882, \"use_primary\": true}\n"}
,{"stream_name":"stdout","time":424.746542669,"data":"SECONDARY_EDGE_TTA_ACTIVE views= 8 weight= 0.75 mean_abs_feat_delta= 0.236219\n"}
,{"stream_name":"stdout","time":424.94893104,"data":"SECONDARY_EDGE_TTA_ACTIVE views= 8 weight= 0.75 mean_abs_feat_delta= 0.236219\n"}
,{"stream_name":"stdout","time":425.217025278,"data":"EDGE_TTA_ACTIVE views= 8 mean_abs_feat_delta= 0.36198\n"}
,{"stream_name":"stdout","time":425.419357247,"data":"EDGE_TTA_ACTIVE views= 8 mean_abs_feat_delta= 0.36198\n"}
,{"stream_name":"stdout","time":425.866199142,"data":"EDGE_TTA_ACTIVE views= 8 mean_abs_feat_delta= 0.325156\n"}
,{"stream_name":"stdout","time":426.068454568,"data":"EDGE_TTA_ACTIVE views= 8 mean_abs_feat_delta= 0.325156\n"}
,{"stream_name":"stdout","time":426.14385166,"data":"SECONDARY_EDGE_TTA_ACTIVE views= 8 weight= 0.75 mean_abs_feat_delta= 0.280181\n"}
,{"stream_name":"stdout","time":426.346431373,"data":"SECONDARY_EDGE_TTA_ACTIVE views= 8 weight= 0.75 mean_abs_feat_delta= 0.280181\n"}
,{"stream_name":"stdout","time":426.792559193,"data":"SECONDARY_EDGE_TTA_ACTIVE views= 8 weight= 0.75 mean_abs_feat_delta= 0.234985\n"}
,{"stream_name":"stdout","time":426.994936691,"data":"SECONDARY_EDGE_TTA_ACTIVE views= 8 weight= 0.75 mean_abs_feat_delta= 0.234985\n"}
,{"stream_name":"stdout","time":427.230512141,"data":"EDGE_TTA_ACTIVE views= 8 mean_abs_feat_delta= 0.365963\n"}
,{"stream_name":"stdout","time":427.43316124,"data":"EDGE_TTA_ACTIVE views= 8 mean_abs_feat_delta= 0.365963\n"}
,{"stream_name":"stdout","time":427.878756542,"data":"EDGE_TTA_ACTIVE views= 8 mean_abs_feat_delta= 0.328005\n"}
,{"stream_name":"stdout","time":428.081259871,"data":"EDGE_TTA_ACTIVE views= 8 mean_abs_feat_delta= 0.328005\n"}
,{"stream_name":"stdout","time":428.161390522,"data":"SECONDARY_EDGE_TTA_ACTIVE views= 8 weight= 0.75 mean_abs_feat_delta= 0.284381\n"}
,{"stream_name":"stdout","time":428.166046462,"data":"BIOHUB_RETENTION_GUARD {\"blended_candidates\": 273, \"dataset\": \"44b6_0b24845f\", \"frame\": 26, \"minimum_retention\": 0.9, \"primary_candidates\": 309, \"retention\": 0.883495145631068, \"use_primary\": true}\n"}
,{"stream_name":"stdout","time":428.36433948,"data":"SECONDARY_EDGE_TTA_ACTIVE views= 8 weight= 0.75 mean_abs_feat_delta= 0.284381\n"}
,{"stream_name":"stdout","time":428.364424822,"data":"BIOHUB_RETENTION_GUARD {\"blended_candidates\": 273, \"dataset\": \"44b6_0b24845f\", \"frame\": 26, \"minimum_retention\": 0.9, \"primary_candidates\": 309, \"retention\": 0.883495145631068, \"use_primary\": true}\n"}
,{"stream_name":"stdout","time":428.806542422,"data":"SECONDARY_EDGE_TTA_ACTIVE views= 8 weight= 0.75 mean_abs_feat_delta= 0.230623\n"}
,{"stream_name":"stdout","time":429.009033895,"data":"SECONDARY_EDGE_TTA_ACTIVE views= 8 weight= 0.75 mean_abs_feat_delta= 0.230623\n"}
,{"stream_name":"stdout","time":429.265092677,"data":"EDGE_TTA_ACTIVE views= 8 mean_abs_feat_delta= 0.369614\n"}
,{"stream_name":"stdout","time":429.467506082,"data":"EDGE_TTA_ACTIVE views= 8 mean_abs_feat_delta= 0.369614\n"}
,{"stream_name":"stdout","time":429.900205537,"data":"EDGE_TTA_ACTIVE views= 8 mean_abs_feat_delta= 0.332057\n"}
,{"stream_name":"stdout","time":430.102356652,"data":"EDGE_TTA_ACTIVE views= 8 mean_abs_feat_delta= 0.332057\n"}
,{"stream_name":"stdout","time":430.19813932,"data":"SECONDARY_EDGE_TTA_ACTIVE views= 8 weight= 0.75 mean_abs_feat_delta= 0.289602\n"}
,{"stream_name":"stdout","time":430.202179126,"data":"BIOHUB_RETENTION_GUARD {\"blended_candidates\": 258, \"dataset\": \"44b6_0b24845f\", \"frame\": 27, \"minimum_retention\": 0.9, \"primary_candidates\": 302, \"retention\": 0.8543046357615894, \"use_primary\": true}\n"}
,{"stream_name":"stdout","time":430.400555082,"data":"SECONDARY_EDGE_TTA_ACTIVE views= 8 weight= 0.75 mean_abs_feat_delta= 0.289602\n"}
,{"stream_name":"stdout","time":430.400594838,"data":"BIOHUB_RETENTION_GUARD {\"blended_candidates\": 258, \"dataset\": \"44b6_0b24845f\", \"frame\": 27, \"minimum_retention\": 0.9, \"primary_candidates\": 302, \"retention\": 0.8543046357615894, \"use_primary\": true}\n"}
,{"stream_name":"stdout","time":430.833753406,"data":"SECONDARY_EDGE_TTA_ACTIVE views= 8 weight= 0.75 mean_abs_feat_delta= 0.233514\n"}
,{"stream_name":"stdout","time":431.036991595,"data":"SECONDARY_EDGE_TTA_ACTIVE views= 8 weight= 0.75 mean_abs_feat_delta= 0.233514\n"}
,{"stream_name":"stdout","time":431.317895775,"data":"EDGE_TTA_ACTIVE views= 8 mean_abs_feat_delta= 0.365619\n"}
,{"stream_name":"stdout","time":431.520111125,"data":"EDGE_TTA_ACTIVE views= 8 mean_abs_feat_delta= 0.365619\n"}
,{"stream_name":"stdout","time":431.917052589,"data":"EDGE_TTA_ACTIVE views= 8 mean_abs_feat_delta= 0.327244\n"}
,{"stream_name":"stdout","time":432.119076028,"data":"EDGE_TTA_ACTIVE views= 8 mean_abs_feat_delta= 0.327244\n"}
,{"stream_name":"stdout","time":432.254344052,"data":"SECONDARY_EDGE_TTA_ACTIVE views= 8 weight= 0.75 mean_abs_feat_delta= 0.291319\n"}
,{"stream_name":"stdout","time":432.456743575,"data":"SECONDARY_EDGE_TTA_ACTIVE views= 8 weight= 0.75 mean_abs_feat_delta= 0.291319\n"}
,{"stream_name":"stdout","time":432.854452036,"data":"SECONDARY_EDGE_TTA_ACTIVE views= 8 weight= 0.75 mean_abs_feat_delta= 0.236419\n"}
,{"stream_name":"stdout","time":433.05680327,"data":"SECONDARY_EDGE_TTA_ACTIVE views= 8 weight= 0.75 mean_abs_feat_delta= 0.236419\n"}
,{"stream_name":"stdout","time":433.341121245,"data":"EDGE_TTA_ACTIVE views= 8 mean_abs_feat_delta= 0.366332\n"}
,{"stream_name":"stdout","time":433.543429791,"data":"EDGE_TTA_ACTIVE views= 8 mean_abs_feat_delta= 0.366332\n"}
,{"stream_name":"stdout","time":433.938374509,"data":"EDGE_TTA_ACTIVE views= 8 mean_abs_feat_delta= 0.331491\n"}
,{"stream_name":"stdout","time":434.140566039,"data":"EDGE_TTA_ACTIVE views= 8 mean_abs_feat_delta= 0.331491\n"}
,{"stream_name":"stdout","time":434.278133142,"data":"SECONDARY_EDGE_TTA_ACTIVE views= 8 weight= 0.75 mean_abs_feat_delta= 0.283865\n"}
,{"stream_name":"stdout","time":434.480531582,"data":"SECONDARY_EDGE_TTA_ACTIVE views= 8 weight= 0.75 mean_abs_feat_delta= 0.283865\n"}
,{"stream_name":"stdout","time":434.880133821,"data":"SECONDARY_EDGE_TTA_ACTIVE views= 8 weight= 0.75 mean_abs_feat_delta= 0.240106\n"}
,{"stream_name":"stdout","time":435.082253907,"data":"SECONDARY_EDGE_TTA_ACTIVE views= 8 weight= 0.75 mean_abs_feat_delta= 0.240106\n"}
,{"stream_name":"stdout","time":435.398300258,"data":"EDGE_TTA_ACTIVE views= 8 mean_abs_feat_delta= 0.364134\n"}
,{"stream_name":"stdout","time":435.601273013,"data":"EDGE_TTA_ACTIVE views= 8 mean_abs_feat_delta= 0.364134\n"}
,{"stream_name":"stdout","time":435.979869624,"data":"EDGE_TTA_ACTIVE views= 8 mean_abs_feat_delta= 0.332767\n"}
,{"stream_name":"stdout","time":436.182381141,"data":"EDGE_TTA_ACTIVE views= 8 mean_abs_feat_delta= 0.332767\n"}
,{"stream_name":"stdout","time":436.3489206,"data":"SECONDARY_EDGE_TTA_ACTIVE views= 8 weight= 0.75 mean_abs_feat_delta= 0.282155\n"}
,{"stream_name":"stdout","time":436.551924682,"data":"SECONDARY_EDGE_TTA_ACTIVE views= 8 weight= 0.75 mean_abs_feat_delta= 0.282155\n"}
,{"stream_name":"stdout","time":436.921694758,"data":"SECONDARY_EDGE_TTA_ACTIVE views= 8 weight= 0.75 mean_abs_feat_delta= 0.251196\n"}
,{"stream_name":"stdout","time":437.124009914,"data":"SECONDARY_EDGE_TTA_ACTIVE views= 8 weight= 0.75 mean_abs_feat_delta= 0.251196\n"}
,{"stream_name":"stdout","time":437.469822099,"data":"EDGE_TTA_ACTIVE views= 8 mean_abs_feat_delta= 0.359711\n"}
,{"stream_name":"stdout","time":437.672038884,"data":"EDGE_TTA_ACTIVE views= 8 mean_abs_feat_delta= 0.359711\n"}
,{"stream_name":"stdout","time":438.013714912,"data":"EDGE_TTA_ACTIVE views= 8 mean_abs_feat_delta= 0.333532\n"}
,{"stream_name":"stdout","time":438.216254445,"data":"EDGE_TTA_ACTIVE views= 8 mean_abs_feat_delta= 0.333532\n"}
,{"stream_name":"stdout","time":438.41478934,"data":"SECONDARY_EDGE_TTA_ACTIVE views= 8 weight= 0.75 mean_abs_feat_delta= 0.283753\n"}
,{"stream_name":"stdout","time":438.617243392,"data":"SECONDARY_EDGE_TTA_ACTIVE views= 8 weight= 0.75 mean_abs_feat_delta= 0.283753\n"}
,{"stream_name":"stdout","time":438.960978222,"data":"SECONDARY_EDGE_TTA_ACTIVE views= 8 weight= 0.75 mean_abs_feat_delta= 0.251416\n"}
,{"stream_name":"stdout","time":439.164738005,"data":"SECONDARY_EDGE_TTA_ACTIVE views= 8 weight= 0.75 mean_abs_feat_delta= 0.251416\n"}
,{"stream_name":"stdout","time":439.502678899,"data":"EDGE_TTA_ACTIVE views= 8 mean_abs_feat_delta= 0.362505\n"}
,{"stream_name":"stdout","time":439.705239748,"data":"EDGE_TTA_ACTIVE views= 8 mean_abs_feat_delta= 0.362505\n"}
,{"stream_name":"stdout","time":440.082343556,"data":"EDGE_TTA_ACTIVE views= 8 mean_abs_feat_delta= 0.339086\n"}
,{"stream_name":"stdout","time":440.284711688,"data":"EDGE_TTA_ACTIVE views= 8 mean_abs_feat_delta= 0.339086\n"}
,{"stream_name":"stdout","time":440.453115327,"data":"SECONDARY_EDGE_TTA_ACTIVE views= 8 weight= 0.75 mean_abs_feat_delta= 0.282429\n"}
,{"stream_name":"stdout","time":440.457140332,"data":"BIOHUB_RETENTION_GUARD {\"blended_candidates\": 249, \"dataset\": \"44b6_0b24845f\", \"frame\": 32, \"minimum_retention\": 0.9, \"primary_candidates\": 293, \"retention\": 0.8498293515358362, \"use_primary\": true}\n"}
,{"stream_name":"stdout","time":440.655491658,"data":"SECONDARY_EDGE_TTA_ACTIVE views= 8 weight= 0.75 mean_abs_feat_delta= 0.282429\n"}
,{"stream_name":"stdout","time":440.655524823,"data":"BIOHUB_RETENTION_GUARD {\"blended_candidates\": 249, \"dataset\": \"44b6_0b24845f\", \"frame\": 32, \"minimum_retention\": 0.9, \"primary_candidates\": 293, \"retention\": 0.8498293515358362, \"use_primary\": true}\n"}
,{"stream_name":"stdout","time":441.032605015,"data":"SECONDARY_EDGE_TTA_ACTIVE views= 8 weight= 0.75 mean_abs_feat_delta= 0.251129\n"}
,{"stream_name":"stdout","time":441.234978418,"data":"SECONDARY_EDGE_TTA_ACTIVE views= 8 weight= 0.75 mean_abs_feat_delta= 0.251129\n"}
,{"stream_name":"stdout","time":441.574242638,"data":"EDGE_TTA_ACTIVE views= 8 mean_abs_feat_delta= 0.364903\n"}
,{"stream_name":"stdout","time":441.776671483,"data":"EDGE_TTA_ACTIVE views= 8 mean_abs_feat_delta= 0.364903\n"}
,{"stream_name":"stdout","time":442.159302533,"data":"EDGE_TTA_ACTIVE views= 8 mean_abs_feat_delta= 0.336421\n"}
,{"stream_name":"stdout","time":442.362003986,"data":"EDGE_TTA_ACTIVE views= 8 mean_abs_feat_delta= 0.336421\n"}
,{"stream_name":"stdout","time":442.537238232,"data":"SECONDARY_EDGE_TTA_ACTIVE views= 8 weight= 0.75 mean_abs_feat_delta= 0.280468\n"}
,{"stream_name":"stdout","time":442.541860536,"data":"BIOHUB_RETENTION_GUARD {\"blended_candidates\": 234, \"dataset\": \"44b6_0b24845f\", \"frame\": 33, \"minimum_retention\": 0.9, \"primary_candidates\": 276, \"retention\": 0.8478260869565217, \"use_primary\": true}\n"}
,{"stream_name":"stdout","time":442.739636379,"data":"SECONDARY_EDGE_TTA_ACTIVE views= 8 weight= 0.75 mean_abs_feat_delta= 0.280468\n"}
,{"stream_name":"stdout","time":442.739671199,"data":"BIOHUB_RETENTION_GUARD {\"blended_candidates\": 234, \"dataset\": \"44b6_0b24845f\", \"frame\": 33, \"minimum_retention\": 0.9, \"primary_candidates\": 276, \"retention\": 0.8478260869565217, \"use_primary\": true}\n"}
,{"stream_name":"stdout","time":443.11229202,"data":"SECONDARY_EDGE_TTA_ACTIVE views= 8 weight= 0.75 mean_abs_feat_delta= 0.248917\n"}
,{"stream_name":"stdout","time":443.314690567,"data":"SECONDARY_EDGE_TTA_ACTIVE views= 8 weight= 0.75 mean_abs_feat_delta= 0.248917\n"}
,{"stream_name":"stdout","time":443.640754354,"data":"EDGE_TTA_ACTIVE views= 8 mean_abs_feat_delta= 0.364198\n"}
,{"stream_name":"stdout","time":443.843225666,"data":"EDGE_TTA_ACTIVE views= 8 mean_abs_feat_delta= 0.364198\n"}
,{"stream_name":"stdout","time":444.210356609,"data":"EDGE_TTA_ACTIVE views= 8 mean_abs_feat_delta= 0.329875\n"}
,{"stream_name":"stdout","time":444.412970406,"data":"EDGE_TTA_ACTIVE views= 8 mean_abs_feat_delta= 0.329875\n"}
,{"stream_name":"stdout","time":444.591266963,"data":"SECONDARY_EDGE_TTA_ACTIVE views= 8 weight= 0.75 mean_abs_feat_delta= 0.273313\n"}
,{"stream_name":"stdout","time":444.793703571,"data":"SECONDARY_EDGE_TTA_ACTIVE views= 8 weight= 0.75 mean_abs_feat_delta= 0.273313\n"}
,{"stream_name":"stdout","time":445.15922439,"data":"SECONDARY_EDGE_TTA_ACTIVE views= 8 weight= 0.75 mean_abs_feat_delta= 0.248317\n"}
,{"stream_name":"stdout","time":445.361602435,"data":"SECONDARY_EDGE_TTA_ACTIVE views= 8 weight= 0.75 mean_abs_feat_delta= 0.248317\n"}
,{"stream_name":"stdout","time":445.691943449,"data":"EDGE_TTA_ACTIVE views= 8 mean_abs_feat_delta= 0.362852\n"}
,{"stream_name":"stdout","time":445.894282676,"data":"EDGE_TTA_ACTIVE views= 8 mean_abs_feat_delta= 0.362852\n"}
,{"stream_name":"stdout","time":446.293370142,"data":"EDGE_TTA_ACTIVE views= 8 mean_abs_feat_delta= 0.328572\n"}
,{"stream_name":"stdout","time":446.495757832,"data":"EDGE_TTA_ACTIVE views= 8 mean_abs_feat_delta= 0.328572\n"}
,{"stream_name":"stdout","time":446.64595893,"data":"SECONDARY_EDGE_TTA_ACTIVE views= 8 weight= 0.75 mean_abs_feat_delta= 0.27435\n"}
,{"stream_name":"stdout","time":446.848896707,"data":"SECONDARY_EDGE_TTA_ACTIVE views= 8 weight= 0.75 mean_abs_feat_delta= 0.27435\n"}
,{"stream_name":"stdout","time":447.246290272,"data":"SECONDARY_EDGE_TTA_ACTIVE views= 8 weight= 0.75 mean_abs_feat_delta= 0.247468\n"}
,{"stream_name":"stdout","time":447.448647363,"data":"SECONDARY_EDGE_TTA_ACTIVE views= 8 weight= 0.75 mean_abs_feat_delta= 0.247468\n"}
,{"stream_name":"stdout","time":447.779798237,"data":"EDGE_TTA_ACTIVE views= 8 mean_abs_feat_delta= 0.373852\n"}
,{"stream_name":"stdout","time":447.981963982,"data":"EDGE_TTA_ACTIVE views= 8 mean_abs_feat_delta= 0.373852\n"}
,{"stream_name":"stdout","time":448.359999832,"data":"EDGE_TTA_ACTIVE views= 8 mean_abs_feat_delta= 0.326071\n"}
,{"stream_name":"stdout","time":448.562327788,"data":"EDGE_TTA_ACTIVE views= 8 mean_abs_feat_delta= 0.326071\n"}
,{"stream_name":"stdout","time":448.739931063,"data":"SECONDARY_EDGE_TTA_ACTIVE views= 8 weight= 0.75 mean_abs_feat_delta= 0.28122\n"}
,{"stream_name":"stdout","time":448.942445345,"data":"SECONDARY_EDGE_TTA_ACTIVE views= 8 weight= 0.75 mean_abs_feat_delta= 0.28122\n"}
,{"stream_name":"stdout","time":449.318542723,"data":"SECONDARY_EDGE_TTA_ACTIVE views= 8 weight= 0.75 mean_abs_feat_delta= 0.246968\n"}
,{"stream_name":"stdout","time":449.521035288,"data":"SECONDARY_EDGE_TTA_ACTIVE views= 8 weight= 0.75 mean_abs_feat_delta= 0.246968\n"}
,{"stream_name":"stdout","time":449.859014087,"data":"EDGE_TTA_ACTIVE views= 8 mean_abs_feat_delta= 0.368966\n"}
,{"stream_name":"stdout","time":450.061389921,"data":"EDGE_TTA_ACTIVE views= 8 mean_abs_feat_delta= 0.368966\n"}
,{"stream_name":"stdout","time":450.426151723,"data":"EDGE_TTA_ACTIVE views= 8 mean_abs_feat_delta= 0.328178\n"}
,{"stream_name":"stdout","time":450.62855468,"data":"EDGE_TTA_ACTIVE views= 8 mean_abs_feat_delta= 0.328178\n"}
,{"stream_name":"stdout","time":450.818809904,"data":"SECONDARY_EDGE_TTA_ACTIVE views= 8 weight= 0.75 mean_abs_feat_delta= 0.277064\n"}
,{"stream_name":"stdout","time":451.022534771,"data":"SECONDARY_EDGE_TTA_ACTIVE views= 8 weight= 0.75 mean_abs_feat_delta= 0.277064\n"}
,{"stream_name":"stdout","time":451.388927139,"data":"SECONDARY_EDGE_TTA_ACTIVE views= 8 weight= 0.75 mean_abs_feat_delta= 0.250361\n"}
,{"stream_name":"stdout","time":451.591264121,"data":"SECONDARY_EDGE_TTA_ACTIVE views= 8 weight= 0.75 mean_abs_feat_delta= 0.250361\n"}
,{"stream_name":"stdout","time":451.98194596,"data":"EDGE_TTA_ACTIVE views= 8 mean_abs_feat_delta= 0.366559\n"}
,{"stream_name":"stdout","time":452.184572935,"data":"EDGE_TTA_ACTIVE views= 8 mean_abs_feat_delta= 0.366559\n"}
,{"stream_name":"stdout","time":452.500479482,"data":"EDGE_TTA_ACTIVE views= 8 mean_abs_feat_delta= 0.331242\n"}
,{"stream_name":"stdout","time":452.703153339,"data":"EDGE_TTA_ACTIVE views= 8 mean_abs_feat_delta= 0.331242\n"}
,{"stream_name":"stdout","time":452.946078067,"data":"SECONDARY_EDGE_TTA_ACTIVE views= 8 weight= 0.75 mean_abs_feat_delta= 0.274933\n"}
,{"stream_name":"stdout","time":453.148086865,"data":"SECONDARY_EDGE_TTA_ACTIVE views= 8 weight= 0.75 mean_abs_feat_delta= 0.274933\n"}
,{"stream_name":"stdout","time":453.469599479,"data":"SECONDARY_EDGE_TTA_ACTIVE views= 8 weight= 0.75 mean_abs_feat_delta= 0.24375\n"}
,{"stream_name":"stdout","time":453.690843052,"data":"SECONDARY_EDGE_TTA_ACTIVE views= 8 weight= 0.75 mean_abs_feat_delta= 0.24375\n"}
,{"stream_name":"stdout","time":454.118537974,"data":"EDGE_TTA_ACTIVE views= 8 mean_abs_feat_delta= 0.370597\n"}
,{"stream_name":"stdout","time":454.320751448,"data":"EDGE_TTA_ACTIVE views= 8 mean_abs_feat_delta= 0.370597\n"}
,{"stream_name":"stdout","time":454.570641458,"data":"EDGE_TTA_ACTIVE views= 8 mean_abs_feat_delta= 0.332742\n"}
,{"stream_name":"stdout","time":454.772871838,"data":"EDGE_TTA_ACTIVE views= 8 mean_abs_feat_delta= 0.332742\n"}
,{"stream_name":"stdout","time":455.092636254,"data":"SECONDARY_EDGE_TTA_ACTIVE views= 8 weight= 0.75 mean_abs_feat_delta= 0.278308\n"}
,{"stream_name":"stdout","time":455.294931264,"data":"SECONDARY_EDGE_TTA_ACTIVE views= 8 weight= 0.75 mean_abs_feat_delta= 0.278308\n"}
,{"stream_name":"stdout","time":455.542653048,"data":"SECONDARY_EDGE_TTA_ACTIVE views= 8 weight= 0.75 mean_abs_feat_delta= 0.239566\n"}
,{"stream_name":"stdout","time":455.744777547,"data":"SECONDARY_EDGE_TTA_ACTIVE views= 8 weight= 0.75 mean_abs_feat_delta= 0.239566\n"}
,{"stream_name":"stdout","time":456.210202886,"data":"EDGE_TTA_ACTIVE views= 8 mean_abs_feat_delta= 0.372674\n"}
,{"stream_name":"stdout","time":456.41250831,"data":"EDGE_TTA_ACTIVE views= 8 mean_abs_feat_delta= 0.372674\n"}
,{"stream_name":"stdout","time":456.654505061,"data":"EDGE_TTA_ACTIVE views= 8 mean_abs_feat_delta= 0.325998\n"}
,{"stream_name":"stdout","time":456.856899188,"data":"EDGE_TTA_ACTIVE views= 8 mean_abs_feat_delta= 0.325998\n"}
,{"stream_name":"stdout","time":457.181277202,"data":"SECONDARY_EDGE_TTA_ACTIVE views= 8 weight= 0.75 mean_abs_feat_delta= 0.285352\n"}
,{"stream_name":"stdout","time":457.383450829,"data":"SECONDARY_EDGE_TTA_ACTIVE views= 8 weight= 0.75 mean_abs_feat_delta= 0.285352\n"}
,{"stream_name":"stdout","time":457.62982243,"data":"SECONDARY_EDGE_TTA_ACTIVE views= 8 weight= 0.75 mean_abs_feat_delta= 0.242074\n"}
,{"stream_name":"stdout","time":457.831987829,"data":"SECONDARY_EDGE_TTA_ACTIVE views= 8 weight= 0.75 mean_abs_feat_delta= 0.242074\n"}
,{"stream_name":"stdout","time":458.348036723,"data":"EDGE_TTA_ACTIVE views= 8 mean_abs_feat_delta= 0.367938\n"}
,{"stream_name":"stdout","time":458.55024397,"data":"EDGE_TTA_ACTIVE views= 8 mean_abs_feat_delta= 0.367938\n"}
,{"stream_name":"stdout","time":458.760154564,"data":"EDGE_TTA_ACTIVE views= 8 mean_abs_feat_delta= 0.326187\n"}
,{"stream_name":"stdout","time":458.962260609,"data":"EDGE_TTA_ACTIVE views= 8 mean_abs_feat_delta= 0.326187\n"}
,{"stream_name":"stdout","time":459.315418656,"data":"SECONDARY_EDGE_TTA_ACTIVE views= 8 weight= 0.75 mean_abs_feat_delta= 0.280788\n"}
,{"stream_name":"stdout","time":459.518030337,"data":"SECONDARY_EDGE_TTA_ACTIVE views= 8 weight= 0.75 mean_abs_feat_delta= 0.280788\n"}
,{"stream_name":"stdout","time":459.734877253,"data":"SECONDARY_EDGE_TTA_ACTIVE views= 8 weight= 0.75 mean_abs_feat_delta= 0.24388\n"}
,{"stream_name":"stdout","time":459.937566714,"data":"SECONDARY_EDGE_TTA_ACTIVE views= 8 weight= 0.75 mean_abs_feat_delta= 0.24388\n"}
,{"stream_name":"stdout","time":460.425573159,"data":"EDGE_TTA_ACTIVE views= 8 mean_abs_feat_delta= 0.364834\n"}
,{"stream_name":"stdout","time":460.628078525,"data":"EDGE_TTA_ACTIVE views= 8 mean_abs_feat_delta= 0.364834\n"}
,{"stream_name":"stdout","time":460.869125337,"data":"EDGE_TTA_ACTIVE views= 8 mean_abs_feat_delta= 0.329641\n"}
,{"stream_name":"stdout","time":461.071956818,"data":"EDGE_TTA_ACTIVE views= 8 mean_abs_feat_delta= 0.329641\n"}
,{"stream_name":"stdout","time":461.399770379,"data":"SECONDARY_EDGE_TTA_ACTIVE views= 8 weight= 0.75 mean_abs_feat_delta= 0.282166\n"}
,{"stream_name":"stdout","time":461.602232402,"data":"SECONDARY_EDGE_TTA_ACTIVE views= 8 weight= 0.75 mean_abs_feat_delta= 0.282166\n"}
,{"stream_name":"stdout","time":461.843360991,"data":"SECONDARY_EDGE_TTA_ACTIVE views= 8 weight= 0.75 mean_abs_feat_delta= 0.242396\n"}
,{"stream_name":"stdout","time":462.045834559,"data":"SECONDARY_EDGE_TTA_ACTIVE views= 8 weight= 0.75 mean_abs_feat_delta= 0.242396\n"}
,{"stream_name":"stdout","time":462.615807124,"data":"EDGE_TTA_ACTIVE views= 8 mean_abs_feat_delta= 0.36801\n"}
,{"stream_name":"stdout","time":462.818249772,"data":"EDGE_TTA_ACTIVE views= 8 mean_abs_feat_delta= 0.36801\n"}
,{"stream_name":"stdout","time":462.939216433,"data":"EDGE_TTA_ACTIVE views= 8 mean_abs_feat_delta= 0.331184\n"}
,{"stream_name":"stdout","time":463.141149814,"data":"EDGE_TTA_ACTIVE views= 8 mean_abs_feat_delta= 0.331184\n"}
,{"stream_name":"stdout","time":463.593033673,"data":"SECONDARY_EDGE_TTA_ACTIVE views= 8 weight= 0.75 mean_abs_feat_delta= 0.283823\n"}
,{"stream_name":"stdout","time":463.795308392,"data":"SECONDARY_EDGE_TTA_ACTIVE views= 8 weight= 0.75 mean_abs_feat_delta= 0.283823\n"}
,{"stream_name":"stdout","time":463.918890607,"data":"SECONDARY_EDGE_TTA_ACTIVE views= 8 weight= 0.75 mean_abs_feat_delta= 0.24245\n"}
,{"stream_name":"stdout","time":464.121201946,"data":"SECONDARY_EDGE_TTA_ACTIVE views= 8 weight= 0.75 mean_abs_feat_delta= 0.24245\n"}
,{"stream_name":"stdout","time":464.789242089,"data":"EDGE_TTA_ACTIVE views= 8 mean_abs_feat_delta= 0.367877\n"}
,{"stream_name":"stdout","time":464.991304497,"data":"EDGE_TTA_ACTIVE views= 8 mean_abs_feat_delta= 0.367877\n"}
,{"stream_name":"stdout","time":465.035713163,"data":"EDGE_TTA_ACTIVE views= 8 mean_abs_feat_delta= 0.330506\n"}
,{"stream_name":"stdout","time":465.237731994,"data":"EDGE_TTA_ACTIVE views= 8 mean_abs_feat_delta= 0.330506\n"}
,{"stream_name":"stdout","time":465.763890299,"data":"SECONDARY_EDGE_TTA_ACTIVE views= 8 weight= 0.75 mean_abs_feat_delta= 0.281373\n"}
,{"stream_name":"stdout","time":465.966346137,"data":"SECONDARY_EDGE_TTA_ACTIVE views= 8 weight= 0.75 mean_abs_feat_delta= 0.281373\n"}
,{"stream_name":"stdout","time":466.028024685,"data":"SECONDARY_EDGE_TTA_ACTIVE views= 8 weight= 0.75 mean_abs_feat_delta= 0.246663\n"}
,{"stream_name":"stdout","time":466.231566572,"data":"SECONDARY_EDGE_TTA_ACTIVE views= 8 weight= 0.75 mean_abs_feat_delta= 0.246663\n"}
,{"stream_name":"stdout","time":466.938910097,"data":"EDGE_TTA_ACTIVE views= 8 mean_abs_feat_delta= 0.368248\n"}
,{"stream_name":"stdout","time":467.141000095,"data":"EDGE_TTA_ACTIVE views= 8 mean_abs_feat_delta= 0.368248\n"}
,{"stream_name":"stdout","time":467.213668947,"data":"EDGE_TTA_ACTIVE views= 8 mean_abs_feat_delta= 0.326851\n"}
,{"stream_name":"stdout","time":467.415789951,"data":"EDGE_TTA_ACTIVE views= 8 mean_abs_feat_delta= 0.326851\n"}
,{"stream_name":"stdout","time":467.917189845,"data":"SECONDARY_EDGE_TTA_ACTIVE views= 8 weight= 0.75 mean_abs_feat_delta= 0.281151\n"}
,{"stream_name":"stdout","time":468.119446571,"data":"SECONDARY_EDGE_TTA_ACTIVE views= 8 weight= 0.75 mean_abs_feat_delta= 0.281151\n"}
,{"stream_name":"stdout","time":468.207265928,"data":"SECONDARY_EDGE_TTA_ACTIVE views= 8 weight= 0.75 mean_abs_feat_delta= 0.248161\n"}
,{"stream_name":"stdout","time":468.409768873,"data":"SECONDARY_EDGE_TTA_ACTIVE views= 8 weight= 0.75 mean_abs_feat_delta= 0.248161\n"}
,{"stream_name":"stdout","time":469.09150963,"data":"EDGE_TTA_ACTIVE views= 8 mean_abs_feat_delta= 0.366473\n"}
,{"stream_name":"stdout","time":469.294059383,"data":"EDGE_TTA_ACTIVE views= 8 mean_abs_feat_delta= 0.366473\n"}
,{"stream_name":"stdout","time":469.377228912,"data":"EDGE_TTA_ACTIVE views= 8 mean_abs_feat_delta= 0.32759\n"}
,{"stream_name":"stdout","time":469.579365647,"data":"EDGE_TTA_ACTIVE views= 8 mean_abs_feat_delta= 0.32759\n"}
,{"stream_name":"stdout","time":470.083184644,"data":"SECONDARY_EDGE_TTA_ACTIVE views= 8 weight= 0.75 mean_abs_feat_delta= 0.288338\n"}
,{"stream_name":"stdout","time":470.285364289,"data":"SECONDARY_EDGE_TTA_ACTIVE views= 8 weight= 0.75 mean_abs_feat_delta= 0.288338\n"}
,{"stream_name":"stdout","time":470.377660771,"data":"SECONDARY_EDGE_TTA_ACTIVE views= 8 weight= 0.75 mean_abs_feat_delta= 0.244572\n"}
,{"stream_name":"stdout","time":470.580904052,"data":"SECONDARY_EDGE_TTA_ACTIVE views= 8 weight= 0.75 mean_abs_feat_delta= 0.244572\n"}
,{"stream_name":"stdout","time":471.208268962,"data":"EDGE_TTA_ACTIVE views= 8 mean_abs_feat_delta= 0.369227\n"}
,{"stream_name":"stdout","time":471.410581716,"data":"EDGE_TTA_ACTIVE views= 8 mean_abs_feat_delta= 0.369227\n"}
,{"stream_name":"stdout","time":471.54322712,"data":"EDGE_TTA_ACTIVE views= 8 mean_abs_feat_delta= 0.323605\n"}
,{"stream_name":"stdout","time":471.745729991,"data":"EDGE_TTA_ACTIVE views= 8 mean_abs_feat_delta= 0.323605\n"}
,{"stream_name":"stdout","time":472.203253811,"data":"SECONDARY_EDGE_TTA_ACTIVE views= 8 weight= 0.75 mean_abs_feat_delta= 0.292434\n"}
,{"stream_name":"stdout","time":472.207271998,"data":"BIOHUB_RETENTION_GUARD {\"blended_candidates\": 264, \"dataset\": \"44b6_0b24845f\", \"frame\": 47, \"minimum_retention\": 0.9, \"primary_candidates\": 307, \"retention\": 0.8599348534201955, \"use_primary\": true}\n"}
,{"stream_name":"stdout","time":472.405519017,"data":"SECONDARY_EDGE_TTA_ACTIVE views= 8 weight= 0.75 mean_abs_feat_delta= 0.292434\n"}
,{"stream_name":"stdout","time":472.405549641,"data":"BIOHUB_RETENTION_GUARD {\"blended_candidates\": 264, \"dataset\": \"44b6_0b24845f\", \"frame\": 47, \"minimum_retention\": 0.9, \"primary_candidates\": 307, \"retention\": 0.8599348534201955, \"use_primary\": true}\n"}
,{"stream_name":"stdout","time":472.553030341,"data":"SECONDARY_EDGE_TTA_ACTIVE views= 8 weight= 0.75 mean_abs_feat_delta= 0.244253\n"}
,{"stream_name":"stdout","time":472.75578383,"data":"SECONDARY_EDGE_TTA_ACTIVE views= 8 weight= 0.75 mean_abs_feat_delta= 0.244253\n"}
,{"stream_name":"stdout","time":473.372534416,"data":"EDGE_TTA_ACTIVE views= 8 mean_abs_feat_delta= 0.376915\n"}
,{"stream_name":"stdout","time":473.575027443,"data":"EDGE_TTA_ACTIVE views= 8 mean_abs_feat_delta= 0.376915\n"}
,{"stream_name":"stdout","time":473.678754763,"data":"EDGE_TTA_ACTIVE views= 8 mean_abs_feat_delta= 0.332571\n"}
,{"stream_name":"stdout","time":473.881027699,"data":"EDGE_TTA_ACTIVE views= 8 mean_abs_feat_delta= 0.332571\n"}
,{"stream_name":"stdout","time":474.374268324,"data":"SECONDARY_EDGE_TTA_ACTIVE views= 8 weight= 0.75 mean_abs_feat_delta= 0.288129\n"}
,{"stream_name":"stdout","time":474.576700401,"data":"SECONDARY_EDGE_TTA_ACTIVE views= 8 weight= 0.75 mean_abs_feat_delta= 0.288129\n"}
,{"stream_name":"stdout","time":474.689462893,"data":"SECONDARY_EDGE_TTA_ACTIVE views= 8 weight= 0.75 mean_abs_feat_delta= 0.251298\n"}
,{"stream_name":"stdout","time":474.891825929,"data":"SECONDARY_EDGE_TTA_ACTIVE views= 8 weight= 0.75 mean_abs_feat_delta= 0.251298\n"}
,{"stream_name":"stdout","time":475.561549661,"data":"EDGE_TTA_ACTIVE views= 8 mean_abs_feat_delta= 0.373149\n"}
,{"stream_name":"stdout","time":475.763966061,"data":"EDGE_TTA_ACTIVE views= 8 mean_abs_feat_delta= 0.373149\n"}
,{"stream_name":"stdout","time":475.888350118,"data":"EDGE_TTA_ACTIVE views= 8 mean_abs_feat_delta= 0.328319\n"}
,{"stream_name":"stdout","time":476.090377638,"data":"EDGE_TTA_ACTIVE views= 8 mean_abs_feat_delta= 0.328319\n"}
,{"stream_name":"stdout","time":476.569805919,"data":"SECONDARY_EDGE_TTA_ACTIVE views= 8 weight= 0.75 mean_abs_feat_delta= 0.299885\n"}
,{"stream_name":"stdout","time":476.772202844,"data":"SECONDARY_EDGE_TTA_ACTIVE views= 8 weight= 0.75 mean_abs_feat_delta= 0.299885\n"}
,{"stream_name":"stdout","time":476.902337648,"data":"SECONDARY_EDGE_TTA_ACTIVE views= 8 weight= 0.75 mean_abs_feat_delta= 0.241945\n"}
,{"stream_name":"stdout","time":477.104757192,"data":"SECONDARY_EDGE_TTA_ACTIVE views= 8 weight= 0.75 mean_abs_feat_delta= 0.241945\n"}
,{"stream_name":"stdout","time":477.772956077,"data":"EDGE_TTA_ACTIVE views= 8 mean_abs_feat_delta= 0.373289\n"}
,{"stream_name":"stdout","time":477.975342331,"data":"EDGE_TTA_ACTIVE views= 8 mean_abs_feat_delta= 0.373289\n"}
,{"stream_name":"stdout","time":478.073149283,"data":"EDGE_TTA_ACTIVE views= 8 mean_abs_feat_delta= 0.327289\n"}
,{"stream_name":"stdout","time":478.275518365,"data":"EDGE_TTA_ACTIVE views= 8 mean_abs_feat_delta= 0.327289\n"}
,{"stream_name":"stdout","time":478.782302848,"data":"SECONDARY_EDGE_TTA_ACTIVE views= 8 weight= 0.75 mean_abs_feat_delta= 0.305548\n"}
,{"stream_name":"stdout","time":478.786404011,"data":"BIOHUB_RETENTION_GUARD {\"blended_candidates\": 253, \"dataset\": \"44b6_0b24845f\", \"frame\": 50, \"minimum_retention\": 0.9, \"primary_candidates\": 285, \"retention\": 0.887719298245614, \"use_primary\": true}\n"}
,{"stream_name":"stdout","time":478.984725942,"data":"SECONDARY_EDGE_TTA_ACTIVE views= 8 weight= 0.75 mean_abs_feat_delta= 0.305548\n"}
,{"stream_name":"stdout","time":478.984760351,"data":"BIOHUB_RETENTION_GUARD {\"blended_candidates\": 253, \"dataset\": \"44b6_0b24845f\", \"frame\": 50, \"minimum_retention\": 0.9, \"primary_candidates\": 285, \"retention\": 0.887719298245614, \"use_primary\": true}\n"}
,{"stream_name":"stdout","time":479.099562814,"data":"SECONDARY_EDGE_TTA_ACTIVE views= 8 weight= 0.75 mean_abs_feat_delta= 0.241039\n"}
,{"stream_name":"stdout","time":479.302302092,"data":"SECONDARY_EDGE_TTA_ACTIVE views= 8 weight= 0.75 mean_abs_feat_delta= 0.241039\n"}
,{"stream_name":"stdout","time":479.989168927,"data":"EDGE_TTA_ACTIVE views= 8 mean_abs_feat_delta= 0.372374\n"}
,{"stream_name":"stdout","time":480.191378903,"data":"EDGE_TTA_ACTIVE views= 8 mean_abs_feat_delta= 0.372374\n"}
,{"stream_name":"stdout","time":480.286916356,"data":"EDGE_TTA_ACTIVE views= 8 mean_abs_feat_delta= 0.337614\n"}
,{"stream_name":"stdout","time":480.489262113,"data":"EDGE_TTA_ACTIVE views= 8 mean_abs_feat_delta= 0.337614\n"}
,{"stream_name":"stdout","time":481.004224678,"data":"SECONDARY_EDGE_TTA_ACTIVE views= 8 weight= 0.75 mean_abs_feat_delta= 0.296505\n"}
,{"stream_name":"stdout","time":481.008961882,"data":"BIOHUB_RETENTION_GUARD {\"blended_candidates\": 321, \"dataset\": \"44b6_0b24845f\", \"frame\": 51, \"minimum_retention\": 0.9, \"primary_candidates\": 361, \"retention\": 0.889196675900277, \"use_primary\": true}\n"}
,{"stream_name":"stdout","time":481.206231138,"data":"SECONDARY_EDGE_TTA_ACTIVE views= 8 weight= 0.75 mean_abs_feat_delta= 0.296505\n"}
,{"stream_name":"stdout","time":481.206274036,"data":"BIOHUB_RETENTION_GUARD {\"blended_candidates\": 321, \"dataset\": \"44b6_0b24845f\", \"frame\": 51, \"minimum_retention\": 0.9, \"primary_candidates\": 361, \"retention\": 0.889196675900277, \"use_primary\": true}\n"}
,{"stream_name":"stdout","time":481.315521864,"data":"SECONDARY_EDGE_TTA_ACTIVE views= 8 weight= 0.75 mean_abs_feat_delta= 0.250851\n"}
,{"stream_name":"stdout","time":481.51803588,"data":"SECONDARY_EDGE_TTA_ACTIVE views= 8 weight= 0.75 mean_abs_feat_delta= 0.250851\n"}
,{"stream_name":"stdout","time":482.25451974,"data":"EDGE_TTA_ACTIVE views= 8 mean_abs_feat_delta= 0.36791\n"}
,{"stream_name":"stdout","time":482.456943051,"data":"EDGE_TTA_ACTIVE views= 8 mean_abs_feat_delta= 0.36791\n"}
,{"stream_name":"stdout","time":482.51976233,"data":"EDGE_TTA_ACTIVE views= 8 mean_abs_feat_delta= 0.338693\n"}
,{"stream_name":"stdout","time":482.72213338,"data":"EDGE_TTA_ACTIVE views= 8 mean_abs_feat_delta= 0.338693\n"}
,{"stream_name":"stdout","time":483.273707165,"data":"SECONDARY_EDGE_TTA_ACTIVE views= 8 weight= 0.75 mean_abs_feat_delta= 0.295986\n"}
,{"stream_name":"stdout","time":483.476083892,"data":"SECONDARY_EDGE_TTA_ACTIVE views= 8 weight= 0.75 mean_abs_feat_delta= 0.295986\n"}
,{"stream_name":"stdout","time":483.551145719,"data":"SECONDARY_EDGE_TTA_ACTIVE views= 8 weight= 0.75 mean_abs_feat_delta= 0.253217\n"}
,{"stream_name":"stdout","time":483.774904758,"data":"SECONDARY_EDGE_TTA_ACTIVE views= 8 weight= 0.75 mean_abs_feat_delta= 0.253217\n"}
,{"stream_name":"stdout","time":484.498125939,"data":"EDGE_TTA_ACTIVE views= 8 mean_abs_feat_delta= 0.370709\n"}
,{"stream_name":"stdout","time":484.700539734,"data":"EDGE_TTA_ACTIVE views= 8 mean_abs_feat_delta= 0.370709\n"}
,{"stream_name":"stdout","time":484.729321856,"data":"EDGE_TTA_ACTIVE views= 8 mean_abs_feat_delta= 0.338257\n"}
,{"stream_name":"stdout","time":484.931694697,"data":"EDGE_TTA_ACTIVE views= 8 mean_abs_feat_delta= 0.338257\n"}
,{"stream_name":"stdout","time":485.519847941,"data":"SECONDARY_EDGE_TTA_ACTIVE views= 8 weight= 0.75 mean_abs_feat_delta= 0.30285\n"}
,{"stream_name":"stdout","time":485.524312204,"data":"BIOHUB_RETENTION_GUARD {\"blended_candidates\": 305, \"dataset\": \"44b6_0b24845f\", \"frame\": 53, \"minimum_retention\": 0.9, \"primary_candidates\": 342, \"retention\": 0.8918128654970761, \"use_primary\": true}\n"}
,{"stream_name":"stdout","time":485.722794303,"data":"SECONDARY_EDGE_TTA_ACTIVE views= 8 weight= 0.75 mean_abs_feat_delta= 0.30285\n"}
,{"stream_name":"stdout","time":485.722834286,"data":"BIOHUB_RETENTION_GUARD {\"blended_candidates\": 305, \"dataset\": \"44b6_0b24845f\", \"frame\": 53, \"minimum_retention\": 0.9, \"primary_candidates\": 342, \"retention\": 0.8918128654970761, \"use_primary\": true}\n"}
,{"stream_name":"stdout","time":485.765088028,"data":"SECONDARY_EDGE_TTA_ACTIVE views= 8 weight= 0.75 mean_abs_feat_delta= 0.261342\n"}
,{"stream_name":"stdout","time":485.967360816,"data":"SECONDARY_EDGE_TTA_ACTIVE views= 8 weight= 0.75 mean_abs_feat_delta= 0.261342\n"}
,{"stream_name":"stdout","time":486.699838793,"data":"EDGE_TTA_ACTIVE views= 8 mean_abs_feat_delta= 0.369503\n"}
,{"stream_name":"stdout","time":486.902319283,"data":"EDGE_TTA_ACTIVE views= 8 mean_abs_feat_delta= 0.369503\n"}
,{"stream_name":"stdout","time":486.948030484,"data":"EDGE_TTA_ACTIVE views= 8 mean_abs_feat_delta= 0.33887\n"}
,{"stream_name":"stdout","time":487.150205438,"data":"EDGE_TTA_ACTIVE views= 8 mean_abs_feat_delta= 0.33887\n"}
,{"stream_name":"stdout","time":487.729315327,"data":"SECONDARY_EDGE_TTA_ACTIVE views= 8 weight= 0.75 mean_abs_feat_delta= 0.30254\n"}
,{"stream_name":"stdout","time":487.733603236,"data":"BIOHUB_RETENTION_GUARD {\"blended_candidates\": 321, \"dataset\": \"44b6_0b24845f\", \"frame\": 54, \"minimum_retention\": 0.9, \"primary_candidates\": 362, \"retention\": 0.8867403314917127, \"use_primary\": true}\n"}
,{"stream_name":"stdout","time":487.931763821,"data":"SECONDARY_EDGE_TTA_ACTIVE views= 8 weight= 0.75 mean_abs_feat_delta= 0.30254\n"}
,{"stream_name":"stdout","time":487.931824101,"data":"BIOHUB_RETENTION_GUARD {\"blended_candidates\": 321, \"dataset\": \"44b6_0b24845f\", \"frame\": 54, \"minimum_retention\": 0.9, \"primary_candidates\": 362, \"retention\": 0.8867403314917127, \"use_primary\": true}\n"}
,{"stream_name":"stdout","time":487.983960998,"data":"SECONDARY_EDGE_TTA_ACTIVE views= 8 weight= 0.75 mean_abs_feat_delta= 0.263655\n"}
,{"stream_name":"stdout","time":488.186094386,"data":"SECONDARY_EDGE_TTA_ACTIVE views= 8 weight= 0.75 mean_abs_feat_delta= 0.263655\n"}
,{"stream_name":"stdout","time":488.950322177,"data":"EDGE_TTA_ACTIVE views= 8 mean_abs_feat_delta= 0.3697\n"}
,{"stream_name":"stdout","time":489.152519532,"data":"EDGE_TTA_ACTIVE views= 8 mean_abs_feat_delta= 0.3697\n"}
,{"stream_name":"stdout","time":489.1695356,"data":"EDGE_TTA_ACTIVE views= 8 mean_abs_feat_delta= 0.339106\n"}
,{"stream_name":"stdout","time":489.370300462,"data":"EDGE_TTA_ACTIVE views= 8 mean_abs_feat_delta= 0.339106\n"}
,{"stream_name":"stdout","time":489.976043222,"data":"SECONDARY_EDGE_TTA_ACTIVE views= 8 weight= 0.75 mean_abs_feat_delta= 0.304896\n"}
,{"stream_name":"stdout","time":490.178267475,"data":"SECONDARY_EDGE_TTA_ACTIVE views= 8 weight= 0.75 mean_abs_feat_delta= 0.304896\n"}
,{"stream_name":"stdout","time":490.204427232,"data":"SECONDARY_EDGE_TTA_ACTIVE views= 8 weight= 0.75 mean_abs_feat_delta= 0.264049\n"}
,{"stream_name":"stdout","time":490.407101215,"data":"SECONDARY_EDGE_TTA_ACTIVE views= 8 weight= 0.75 mean_abs_feat_delta= 0.264049\n"}
,{"stream_name":"stdout","time":491.15497676,"data":"EDGE_TTA_ACTIVE views= 8 mean_abs_feat_delta= 0.37301\n"}
,{"stream_name":"stdout","time":491.357093671,"data":"EDGE_TTA_ACTIVE views= 8 mean_abs_feat_delta= 0.37301\n"}
,{"stream_name":"stdout","time":491.382582687,"data":"EDGE_TTA_ACTIVE views= 8 mean_abs_feat_delta= 0.341611\n"}
,{"stream_name":"stdout","time":491.584894734,"data":"EDGE_TTA_ACTIVE views= 8 mean_abs_feat_delta= 0.341611\n"}
,{"stream_name":"stdout","time":492.174229805,"data":"SECONDARY_EDGE_TTA_ACTIVE views= 8 weight= 0.75 mean_abs_feat_delta= 0.308335\n"}
,{"stream_name":"stdout","time":492.376951481,"data":"SECONDARY_EDGE_TTA_ACTIVE views= 8 weight= 0.75 mean_abs_feat_delta= 0.308335\n"}
,{"stream_name":"stdout","time":492.413920927,"data":"SECONDARY_EDGE_TTA_ACTIVE views= 8 weight= 0.75 mean_abs_feat_delta= 0.262185\n"}
,{"stream_name":"stdout","time":492.616348678,"data":"SECONDARY_EDGE_TTA_ACTIVE views= 8 weight= 0.75 mean_abs_feat_delta= 0.262185\n"}
,{"stream_name":"stdout","time":493.361000514,"data":"EDGE_TTA_ACTIVE views= 8 mean_abs_feat_delta= 0.367347\n"}
,{"stream_name":"stdout","time":493.563636759,"data":"EDGE_TTA_ACTIVE views= 8 mean_abs_feat_delta= 0.367347\n"}
,{"stream_name":"stdout","time":493.568906115,"data":"EDGE_TTA_ACTIVE views= 8 mean_abs_feat_delta= 0.346143\n"}
,{"stream_name":"stdout","time":493.771043901,"data":"EDGE_TTA_ACTIVE views= 8 mean_abs_feat_delta= 0.346143\n"}
,{"stream_name":"stdout","time":494.378943492,"data":"SECONDARY_EDGE_TTA_ACTIVE views= 8 weight= 0.75 mean_abs_feat_delta= 0.3079\n"}
,{"stream_name":"stdout","time":494.581443589,"data":"SECONDARY_EDGE_TTA_ACTIVE views= 8 weight= 0.75 mean_abs_feat_delta= 0.3079\n"}
,{"stream_name":"stdout","time":494.599838623,"data":"SECONDARY_EDGE_TTA_ACTIVE views= 8 weight= 0.75 mean_abs_feat_delta= 0.257653\n"}
,{"stream_name":"stdout","time":494.801898216,"data":"SECONDARY_EDGE_TTA_ACTIVE views= 8 weight= 0.75 mean_abs_feat_delta= 0.257653\n"}
,{"stream_name":"stdout","time":495.631731947,"data":"EDGE_TTA_ACTIVE views= 8 mean_abs_feat_delta= 0.36398\n"}
,{"stream_name":"stdout","time":495.813827066,"data":"EDGE_TTA_ACTIVE views= 8 mean_abs_feat_delta= 0.340083\n"}
,{"stream_name":"stdout","time":495.834202832,"data":"EDGE_TTA_ACTIVE views= 8 mean_abs_feat_delta= 0.36398\n"}
,{"stream_name":"stdout","time":495.834227612,"data":"EDGE_TTA_ACTIVE views= 8 mean_abs_feat_delta= 0.340083\n"}
,{"stream_name":"stdout","time":496.644092365,"data":"SECONDARY_EDGE_TTA_ACTIVE views= 8 weight= 0.75 mean_abs_feat_delta= 0.304751\n"}
,{"stream_name":"stdout","time":496.648136597,"data":"BIOHUB_RETENTION_GUARD {\"blended_candidates\": 263, \"dataset\": \"44b6_0b24845f\", \"frame\": 58, \"minimum_retention\": 0.9, \"primary_candidates\": 312, \"retention\": 0.842948717948718, \"use_primary\": true}\n"}
,{"stream_name":"stdout","time":496.840527687,"data":"SECONDARY_EDGE_TTA_ACTIVE views= 8 weight= 0.75 mean_abs_feat_delta= 0.252778\n"}
,{"stream_name":"stdout","time":496.846743399,"data":"SECONDARY_EDGE_TTA_ACTIVE views= 8 weight= 0.75 mean_abs_feat_delta= 0.304751\n"}
,{"stream_name":"stdout","time":496.846765054,"data":"BIOHUB_RETENTION_GUARD {\"blended_candidates\": 263, \"dataset\": \"44b6_0b24845f\", \"frame\": 58, \"minimum_retention\": 0.9, \"primary_candidates\": 312, \"retention\": 0.842948717948718, \"use_primary\": true}\n"}
,{"stream_name":"stdout","time":496.846772063,"data":"SECONDARY_EDGE_TTA_ACTIVE views= 8 weight= 0.75 mean_abs_feat_delta= 0.252778\n"}
,{"stream_name":"stdout","time":497.791675394,"data":"EDGE_TTA_ACTIVE views= 8 mean_abs_feat_delta= 0.366206\n"}
,{"stream_name":"stdout","time":497.993602706,"data":"EDGE_TTA_ACTIVE views= 8 mean_abs_feat_delta= 0.339203\n"}
,{"stream_name":"stdout","time":497.994220109,"data":"EDGE_TTA_ACTIVE views= 8 mean_abs_feat_delta= 0.366206\n"}
,{"stream_name":"stdout","time":498.195909063,"data":"EDGE_TTA_ACTIVE views= 8 mean_abs_feat_delta= 0.339203\n"}
,{"stream_name":"stdout","time":498.802678448,"data":"SECONDARY_EDGE_TTA_ACTIVE views= 8 weight= 0.75 mean_abs_feat_delta= 0.300835\n"}
,{"stream_name":"stdout","time":498.806769937,"data":"BIOHUB_RETENTION_GUARD {\"blended_candidates\": 303, \"dataset\": \"44b6_0b24845f\", \"frame\": 59, \"minimum_retention\": 0.9, \"primary_candidates\": 346, \"retention\": 0.8757225433526011, \"use_primary\": true}\n"}
,{"stream_name":"stdout","time":499.004834344,"data":"SECONDARY_EDGE_TTA_ACTIVE views= 8 weight= 0.75 mean_abs_feat_delta= 0.300835\n"}
,{"stream_name":"stdout","time":499.00487297,"data":"BIOHUB_RETENTION_GUARD {\"blended_candidates\": 303, \"dataset\": \"44b6_0b24845f\", \"frame\": 59, \"minimum_retention\": 0.9, \"primary_candidates\": 346, \"retention\": 0.8757225433526011, \"use_primary\": true}\n"}
,{"stream_name":"stdout","time":499.011558842,"data":"SECONDARY_EDGE_TTA_ACTIVE views= 8 weight= 0.75 mean_abs_feat_delta= 0.255196\n"}
,{"stream_name":"stdout","time":499.214595879,"data":"SECONDARY_EDGE_TTA_ACTIVE views= 8 weight= 0.75 mean_abs_feat_delta= 0.255196\n"}
,{"stream_name":"stdout","time":500.016050144,"data":"EDGE_TTA_ACTIVE views= 8 mean_abs_feat_delta= 0.36887\n"}
,{"stream_name":"stdout","time":500.193575274,"data":"EDGE_TTA_ACTIVE views= 8 mean_abs_feat_delta= 0.336994\n"}
,{"stream_name":"stdout","time":500.218244973,"data":"EDGE_TTA_ACTIVE views= 8 mean_abs_feat_delta= 0.36887\n"}
,{"stream_name":"stdout","time":500.218264296,"data":"EDGE_TTA_ACTIVE views= 8 mean_abs_feat_delta= 0.336994\n"}
,{"stream_name":"stdout","time":501.02193678,"data":"SECONDARY_EDGE_TTA_ACTIVE views= 8 weight= 0.75 mean_abs_feat_delta= 0.300158\n"}
,{"stream_name":"stdout","time":501.025523127,"data":"BIOHUB_RETENTION_GUARD {\"blended_candidates\": 335, \"dataset\": \"44b6_0b24845f\", \"frame\": 60, \"minimum_retention\": 0.9, \"primary_candidates\": 393, \"retention\": 0.8524173027989822, \"use_primary\": true}\n"}
,{"stream_name":"stdout","time":501.208017847,"data":"SECONDARY_EDGE_TTA_ACTIVE views= 8 weight= 0.75 mean_abs_feat_delta= 0.255652\n"}
,{"stream_name":"stdout","time":501.224291309,"data":"SECONDARY_EDGE_TTA_ACTIVE views= 8 weight= 0.75 mean_abs_feat_delta= 0.300158\n"}
,{"stream_name":"stdout","time":501.224314161,"data":"BIOHUB_RETENTION_GUARD {\"blended_candidates\": 335, \"dataset\": \"44b6_0b24845f\", \"frame\": 60, \"minimum_retention\": 0.9, \"primary_candidates\": 393, \"retention\": 0.8524173027989822, \"use_primary\": true}\n"}
,{"stream_name":"stdout","time":501.224321612,"data":"SECONDARY_EDGE_TTA_ACTIVE views= 8 weight= 0.75 mean_abs_feat_delta= 0.255652\n"}
,{"stream_name":"stdout","time":502.26767262,"data":"EDGE_TTA_ACTIVE views= 8 mean_abs_feat_delta= 0.365386\n"}
,{"stream_name":"stdout","time":502.398045432,"data":"EDGE_TTA_ACTIVE views= 8 mean_abs_feat_delta= 0.342499\n"}
,{"stream_name":"stdout","time":502.470161238,"data":"EDGE_TTA_ACTIVE views= 8 mean_abs_feat_delta= 0.365386\n"}
,{"stream_name":"stdout","time":502.47018527,"data":"EDGE_TTA_ACTIVE views= 8 mean_abs_feat_delta= 0.342499\n"}
,{"stream_name":"stdout","time":503.269343716,"data":"SECONDARY_EDGE_TTA_ACTIVE views= 8 weight= 0.75 mean_abs_feat_delta= 0.300168\n"}
,{"stream_name":"stdout","time":503.273494011,"data":"BIOHUB_RETENTION_GUARD {\"blended_candidates\": 275, \"dataset\": \"44b6_0b24845f\", \"frame\": 61, \"minimum_retention\": 0.9, \"primary_candidates\": 333, \"retention\": 0.8258258258258259, \"use_primary\": true}\n"}
,{"stream_name":"stdout","time":503.410688339,"data":"SECONDARY_EDGE_TTA_ACTIVE views= 8 weight= 0.75 mean_abs_feat_delta= 0.256616\n"}
,{"stream_name":"stdout","time":503.471699651,"data":"SECONDARY_EDGE_TTA_ACTIVE views= 8 weight= 0.75 mean_abs_feat_delta= 0.300168\n"}
,{"stream_name":"stdout","time":503.471728498,"data":"BIOHUB_RETENTION_GUARD {\"blended_candidates\": 275, \"dataset\": \"44b6_0b24845f\", \"frame\": 61, \"minimum_retention\": 0.9, \"primary_candidates\": 333, \"retention\": 0.8258258258258259, \"use_primary\": true}\n"}
,{"stream_name":"stdout","time":503.471734565,"data":"SECONDARY_EDGE_TTA_ACTIVE views= 8 weight= 0.75 mean_abs_feat_delta= 0.256616\n"}
,{"stream_name":"stdout","time":504.482005576,"data":"EDGE_TTA_ACTIVE views= 8 mean_abs_feat_delta= 0.366621\n"}
,{"stream_name":"stdout","time":504.62465055,"data":"EDGE_TTA_ACTIVE views= 8 mean_abs_feat_delta= 0.346059\n"}
,{"stream_name":"stdout","time":504.684351074,"data":"EDGE_TTA_ACTIVE views= 8 mean_abs_feat_delta= 0.366621\n"}
,{"stream_name":"stdout","time":504.684373737,"data":"EDGE_TTA_ACTIVE views= 8 mean_abs_feat_delta= 0.346059\n"}
,{"stream_name":"stdout","time":505.481690222,"data":"SECONDARY_EDGE_TTA_ACTIVE views= 8 weight= 0.75 mean_abs_feat_delta= 0.300845\n"}
,{"stream_name":"stdout","time":505.485889959,"data":"BIOHUB_RETENTION_GUARD {\"blended_candidates\": 298, \"dataset\": \"44b6_0b24845f\", \"frame\": 62, \"minimum_retention\": 0.9, \"primary_candidates\": 345, \"retention\": 0.863768115942029, \"use_primary\": true}\n"}
,{"stream_name":"stdout","time":505.634962006,"data":"SECONDARY_EDGE_TTA_ACTIVE views= 8 weight= 0.75 mean_abs_feat_delta= 0.257121\n"}
,{"stream_name":"stdout","time":505.684194119,"data":"SECONDARY_EDGE_TTA_ACTIVE views= 8 weight= 0.75 mean_abs_feat_delta= 0.300845\n"}
,{"stream_name":"stdout","time":505.684216484,"data":"BIOHUB_RETENTION_GUARD {\"blended_candidates\": 298, \"dataset\": \"44b6_0b24845f\", \"frame\": 62, \"minimum_retention\": 0.9, \"primary_candidates\": 345, \"retention\": 0.863768115942029, \"use_primary\": true}\n"}
,{"stream_name":"stdout","time":505.68422576,"data":"SECONDARY_EDGE_TTA_ACTIVE views= 8 weight= 0.75 mean_abs_feat_delta= 0.257121\n"}
,{"stream_name":"stdout","time":506.662559135,"data":"EDGE_TTA_ACTIVE views= 8 mean_abs_feat_delta= 0.373908\n"}
,{"stream_name":"stdout","time":506.841596717,"data":"EDGE_TTA_ACTIVE views= 8 mean_abs_feat_delta= 0.346159\n"}
,{"stream_name":"stdout","time":506.865179293,"data":"EDGE_TTA_ACTIVE views= 8 mean_abs_feat_delta= 0.373908\n"}
,{"stream_name":"stdout","time":506.865205194,"data":"EDGE_TTA_ACTIVE views= 8 mean_abs_feat_delta= 0.346159\n"}
,{"stream_name":"stdout","time":507.659754818,"data":"SECONDARY_EDGE_TTA_ACTIVE views= 8 weight= 0.75 mean_abs_feat_delta= 0.303221\n"}
,{"stream_name":"stdout","time":507.844717271,"data":"SECONDARY_EDGE_TTA_ACTIVE views= 8 weight= 0.75 mean_abs_feat_delta= 0.257896\n"}
,{"stream_name":"stdout","time":507.862819751,"data":"SECONDARY_EDGE_TTA_ACTIVE views= 8 weight= 0.75 mean_abs_feat_delta= 0.303221\n"}
,{"stream_name":"stdout","time":507.862854269,"data":"SECONDARY_EDGE_TTA_ACTIVE views= 8 weight= 0.75 mean_abs_feat_delta= 0.257896\n"}
,{"stream_name":"stdout","time":508.812938047,"data":"EDGE_TTA_ACTIVE views= 8 mean_abs_feat_delta= 0.368494\n"}
,{"stream_name":"stdout","time":509.001950396,"data":"EDGE_TTA_ACTIVE views= 8 mean_abs_feat_delta= 0.345426\n"}
,{"stream_name":"stdout","time":509.015362759,"data":"EDGE_TTA_ACTIVE views= 8 mean_abs_feat_delta= 0.368494\n"}
,{"stream_name":"stdout","time":509.015380792,"data":"EDGE_TTA_ACTIVE views= 8 mean_abs_feat_delta= 0.345426\n"}
,{"stream_name":"stdout","time":509.805899696,"data":"SECONDARY_EDGE_TTA_ACTIVE views= 8 weight= 0.75 mean_abs_feat_delta= 0.299317\n"}
,{"stream_name":"stdout","time":509.810067791,"data":"BIOHUB_RETENTION_GUARD {\"blended_candidates\": 295, \"dataset\": \"44b6_0b24845f\", \"frame\": 64, \"minimum_retention\": 0.9, \"primary_candidates\": 344, \"retention\": 0.8575581395348837, \"use_primary\": true}\n"}
,{"stream_name":"stdout","time":510.003908242,"data":"SECONDARY_EDGE_TTA_ACTIVE views= 8 weight= 0.75 mean_abs_feat_delta= 0.259858\n"}
,{"stream_name":"stdout","time":510.008613224,"data":"SECONDARY_EDGE_TTA_ACTIVE views= 8 weight= 0.75 mean_abs_feat_delta= 0.299317\n"}
,{"stream_name":"stdout","time":510.008635402,"data":"BIOHUB_RETENTION_GUARD {\"blended_candidates\": 295, \"dataset\": \"44b6_0b24845f\", \"frame\": 64, \"minimum_retention\": 0.9, \"primary_candidates\": 344, \"retention\": 0.8575581395348837, \"use_primary\": true}\n"}
,{"stream_name":"stdout","time":510.008641348,"data":"SECONDARY_EDGE_TTA_ACTIVE views= 8 weight= 0.75 mean_abs_feat_delta= 0.259858\n"}
,{"stream_name":"stdout","time":510.965975064,"data":"EDGE_TTA_ACTIVE views= 8 mean_abs_feat_delta= 0.370026\n"}
,{"stream_name":"stdout","time":511.168586546,"data":"EDGE_TTA_ACTIVE views= 8 mean_abs_feat_delta= 0.370026\n"}
,{"stream_name":"stdout","time":511.185564675,"data":"EDGE_TTA_ACTIVE views= 8 mean_abs_feat_delta= 0.344989\n"}
,{"stream_name":"stdout","time":511.388010101,"data":"EDGE_TTA_ACTIVE views= 8 mean_abs_feat_delta= 0.344989\n"}
,{"stream_name":"stdout","time":511.955058577,"data":"SECONDARY_EDGE_TTA_ACTIVE views= 8 weight= 0.75 mean_abs_feat_delta= 0.299955\n"}
,{"stream_name":"stdout","time":511.959113065,"data":"BIOHUB_RETENTION_GUARD {\"blended_candidates\": 335, \"dataset\": \"44b6_0b24845f\", \"frame\": 65, \"minimum_retention\": 0.9, \"primary_candidates\": 378, \"retention\": 0.8862433862433863, \"use_primary\": true}\n"}
,{"stream_name":"stdout","time":512.157437952,"data":"SECONDARY_EDGE_TTA_ACTIVE views= 8 weight= 0.75 mean_abs_feat_delta= 0.299955\n"}
,{"stream_name":"stdout","time":512.157503225,"data":"BIOHUB_RETENTION_GUARD {\"blended_candidates\": 335, \"dataset\": \"44b6_0b24845f\", \"frame\": 65, \"minimum_retention\": 0.9, \"primary_candidates\": 378, \"retention\": 0.8862433862433863, \"use_primary\": true}\n"}
,{"stream_name":"stdout","time":512.181639669,"data":"SECONDARY_EDGE_TTA_ACTIVE views= 8 weight= 0.75 mean_abs_feat_delta= 0.25507\n"}
,{"stream_name":"stdout","time":512.384164043,"data":"SECONDARY_EDGE_TTA_ACTIVE views= 8 weight= 0.75 mean_abs_feat_delta= 0.25507\n"}
,{"stream_name":"stdout","time":513.127654952,"data":"EDGE_TTA_ACTIVE views= 8 mean_abs_feat_delta= 0.369253\n"}
,{"stream_name":"stdout","time":513.330002011,"data":"EDGE_TTA_ACTIVE views= 8 mean_abs_feat_delta= 0.369253\n"}
,{"stream_name":"stdout","time":513.338512287,"data":"EDGE_TTA_ACTIVE views= 8 mean_abs_feat_delta= 0.343404\n"}
,{"stream_name":"stdout","time":513.540825738,"data":"EDGE_TTA_ACTIVE views= 8 mean_abs_feat_delta= 0.343404\n"}
,{"stream_name":"stdout","time":514.119086317,"data":"SECONDARY_EDGE_TTA_ACTIVE views= 8 weight= 0.75 mean_abs_feat_delta= 0.296912\n"}
,{"stream_name":"stdout","time":514.123287981,"data":"BIOHUB_RETENTION_GUARD {\"blended_candidates\": 324, \"dataset\": \"44b6_0b24845f\", \"frame\": 66, \"minimum_retention\": 0.9, \"primary_candidates\": 375, \"retention\": 0.864, \"use_primary\": true}\n"}
,{"stream_name":"stdout","time":514.33170174,"data":"SECONDARY_EDGE_TTA_ACTIVE views= 8 weight= 0.75 mean_abs_feat_delta= 0.262098\n"}
,{"stream_name":"stdout","time":514.336616935,"data":"SECONDARY_EDGE_TTA_ACTIVE views= 8 weight= 0.75 mean_abs_feat_delta= 0.296912\n"}
,{"stream_name":"stdout","time":514.336639654,"data":"BIOHUB_RETENTION_GUARD {\"blended_candidates\": 324, \"dataset\": \"44b6_0b24845f\", \"frame\": 66, \"minimum_retention\": 0.9, \"primary_candidates\": 375, \"retention\": 0.864, \"use_primary\": true}\n"}
,{"stream_name":"stdout","time":514.534410532,"data":"SECONDARY_EDGE_TTA_ACTIVE views= 8 weight= 0.75 mean_abs_feat_delta= 0.262098\n"}
,{"stream_name":"stdout","time":515.270418646,"data":"EDGE_TTA_ACTIVE views= 8 mean_abs_feat_delta= 0.365768\n"}
,{"stream_name":"stdout","time":515.472664466,"data":"EDGE_TTA_ACTIVE views= 8 mean_abs_feat_delta= 0.365768\n"}
,{"stream_name":"stdout","time":515.480585138,"data":"EDGE_TTA_ACTIVE views= 8 mean_abs_feat_delta= 0.341221\n"}
,{"stream_name":"stdout","time":515.682819182,"data":"EDGE_TTA_ACTIVE views= 8 mean_abs_feat_delta= 0.341221\n"}
,{"stream_name":"stdout","time":516.261995363,"data":"SECONDARY_EDGE_TTA_ACTIVE views= 8 weight= 0.75 mean_abs_feat_delta= 0.291366\n"}
,{"stream_name":"stdout","time":516.464710302,"data":"SECONDARY_EDGE_TTA_ACTIVE views= 8 weight= 0.75 mean_abs_feat_delta= 0.291366\n"}
,{"stream_name":"stdout","time":516.473289677,"data":"SECONDARY_EDGE_TTA_ACTIVE views= 8 weight= 0.75 mean_abs_feat_delta= 0.262847\n"}
,{"stream_name":"stdout","time":516.675850135,"data":"SECONDARY_EDGE_TTA_ACTIVE views= 8 weight= 0.75 mean_abs_feat_delta= 0.262847\n"}
,{"stream_name":"stdout","time":517.397093415,"data":"EDGE_TTA_ACTIVE views= 8 mean_abs_feat_delta= 0.365075\n"}
,{"stream_name":"stdout","time":517.599522881,"data":"EDGE_TTA_ACTIVE views= 8 mean_abs_feat_delta= 0.365075\n"}
,{"stream_name":"stdout","time":517.612784156,"data":"EDGE_TTA_ACTIVE views= 8 mean_abs_feat_delta= 0.343003\n"}
,{"stream_name":"stdout","time":517.814997945,"data":"EDGE_TTA_ACTIVE views= 8 mean_abs_feat_delta= 0.343003\n"}
,{"stream_name":"stdout","time":518.385254185,"data":"SECONDARY_EDGE_TTA_ACTIVE views= 8 weight= 0.75 mean_abs_feat_delta= 0.293296\n"}
,{"stream_name":"stdout","time":518.58799194,"data":"SECONDARY_EDGE_TTA_ACTIVE views= 8 weight= 0.75 mean_abs_feat_delta= 0.293296\n"}
,{"stream_name":"stdout","time":518.605389016,"data":"SECONDARY_EDGE_TTA_ACTIVE views= 8 weight= 0.75 mean_abs_feat_delta= 0.261047\n"}
,{"stream_name":"stdout","time":518.810056817,"data":"SECONDARY_EDGE_TTA_ACTIVE views= 8 weight= 0.75 mean_abs_feat_delta= 0.261047\n"}
,{"stream_name":"stdout","time":519.563375765,"data":"EDGE_TTA_ACTIVE views= 8 mean_abs_feat_delta= 0.366016\n"}
,{"stream_name":"stdout","time":519.737080393,"data":"EDGE_TTA_ACTIVE views= 8 mean_abs_feat_delta= 0.343125\n"}
,{"stream_name":"stdout","time":519.765729643,"data":"EDGE_TTA_ACTIVE views= 8 mean_abs_feat_delta= 0.366016\n"}
,{"stream_name":"stdout","time":519.765744618,"data":"EDGE_TTA_ACTIVE views= 8 mean_abs_feat_delta= 0.343125\n"}
,{"stream_name":"stdout","time":520.553296443,"data":"SECONDARY_EDGE_TTA_ACTIVE views= 8 weight= 0.75 mean_abs_feat_delta= 0.301719\n"}
,{"stream_name":"stdout","time":520.723418932,"data":"SECONDARY_EDGE_TTA_ACTIVE views= 8 weight= 0.75 mean_abs_feat_delta= 0.257455\n"}
,{"stream_name":"stdout","time":520.755759447,"data":"SECONDARY_EDGE_TTA_ACTIVE views= 8 weight= 0.75 mean_abs_feat_delta= 0.301719\n"}
,{"stream_name":"stdout","time":520.75579099,"data":"SECONDARY_EDGE_TTA_ACTIVE views= 8 weight= 0.75 mean_abs_feat_delta= 0.257455\n"}
,{"stream_name":"stdout","time":521.733585846,"data":"EDGE_TTA_ACTIVE views= 8 mean_abs_feat_delta= 0.365231\n"}
,{"stream_name":"stdout","time":521.849226258,"data":"EDGE_TTA_ACTIVE views= 8 mean_abs_feat_delta= 0.337095\n"}
,{"stream_name":"stdout","time":521.935672356,"data":"EDGE_TTA_ACTIVE views= 8 mean_abs_feat_delta= 0.365231\n"}
,{"stream_name":"stdout","time":521.935692844,"data":"EDGE_TTA_ACTIVE views= 8 mean_abs_feat_delta= 0.337095\n"}
,{"stream_name":"stdout","time":522.713738792,"data":"SECONDARY_EDGE_TTA_ACTIVE views= 8 weight= 0.75 mean_abs_feat_delta= 0.301488\n"}
,{"stream_name":"stdout","time":522.717719669,"data":"BIOHUB_RETENTION_GUARD {\"blended_candidates\": 260, \"dataset\": \"44b6_0b24845f\", \"frame\": 70, \"minimum_retention\": 0.9, \"primary_candidates\": 305, \"retention\": 0.8524590163934426, \"use_primary\": true}\n"}
,{"stream_name":"stdout","time":522.840295,"data":"SECONDARY_EDGE_TTA_ACTIVE views= 8 weight= 0.75 mean_abs_feat_delta= 0.254838\n"}
,{"stream_name":"stdout","time":522.916624412,"data":"SECONDARY_EDGE_TTA_ACTIVE views= 8 weight= 0.75 mean_abs_feat_delta= 0.301488\n"}
,{"stream_name":"stdout","time":522.916654205,"data":"BIOHUB_RETENTION_GUARD {\"blended_candidates\": 260, \"dataset\": \"44b6_0b24845f\", \"frame\": 70, \"minimum_retention\": 0.9, \"primary_candidates\": 305, \"retention\": 0.8524590163934426, \"use_primary\": true}\n"}
,{"stream_name":"stdout","time":522.916661427,"data":"SECONDARY_EDGE_TTA_ACTIVE views= 8 weight= 0.75 mean_abs_feat_delta= 0.254838\n"}
,{"stream_name":"stdout","time":523.861178088,"data":"EDGE_TTA_ACTIVE views= 8 mean_abs_feat_delta= 0.36009\n"}
,{"stream_name":"stdout","time":523.99725505,"data":"EDGE_TTA_ACTIVE views= 8 mean_abs_feat_delta= 0.337123\n"}
,{"stream_name":"stdout","time":524.063548851,"data":"EDGE_TTA_ACTIVE views= 8 mean_abs_feat_delta= 0.36009\n"}
,{"stream_name":"stdout","time":524.063570839,"data":"EDGE_TTA_ACTIVE views= 8 mean_abs_feat_delta= 0.337123\n"}
,{"stream_name":"stdout","time":524.83516578,"data":"SECONDARY_EDGE_TTA_ACTIVE views= 8 weight= 0.75 mean_abs_feat_delta= 0.299423\n"}
,{"stream_name":"stdout","time":524.98754987,"data":"SECONDARY_EDGE_TTA_ACTIVE views= 8 weight= 0.75 mean_abs_feat_delta= 0.260524\n"}
,{"stream_name":"stdout","time":525.037539792,"data":"SECONDARY_EDGE_TTA_ACTIVE views= 8 weight= 0.75 mean_abs_feat_delta= 0.299423\n"}
,{"stream_name":"stdout","time":525.037570301,"data":"SECONDARY_EDGE_TTA_ACTIVE views= 8 weight= 0.75 mean_abs_feat_delta= 0.260524\n"}
,{"stream_name":"stdout","time":526.007838157,"data":"EDGE_TTA_ACTIVE views= 8 mean_abs_feat_delta= 0.360462\n"}
,{"stream_name":"stdout","time":526.121962442,"data":"EDGE_TTA_ACTIVE views= 8 mean_abs_feat_delta= 0.338112\n"}
,{"stream_name":"stdout","time":526.21016473,"data":"EDGE_TTA_ACTIVE views= 8 mean_abs_feat_delta= 0.360462\n"}
,{"stream_name":"stdout","time":526.210187336,"data":"EDGE_TTA_ACTIVE views= 8 mean_abs_feat_delta= 0.338112\n"}
,{"stream_name":"stdout","time":526.983571004,"data":"SECONDARY_EDGE_TTA_ACTIVE views= 8 weight= 0.75 mean_abs_feat_delta= 0.301712\n"}
,{"stream_name":"stdout","time":527.097045261,"data":"SECONDARY_EDGE_TTA_ACTIVE views= 8 weight= 0.75 mean_abs_feat_delta= 0.262847\n"}
,{"stream_name":"stdout","time":527.185994946,"data":"SECONDARY_EDGE_TTA_ACTIVE views= 8 weight= 0.75 mean_abs_feat_delta= 0.301712\n"}
,{"stream_name":"stdout","time":527.186025908,"data":"SECONDARY_EDGE_TTA_ACTIVE views= 8 weight= 0.75 mean_abs_feat_delta= 0.262847\n"}
,{"stream_name":"stdout","time":528.134617023,"data":"EDGE_TTA_ACTIVE views= 8 mean_abs_feat_delta= 0.359757\n"}
,{"stream_name":"stdout","time":528.249145213,"data":"EDGE_TTA_ACTIVE views= 8 mean_abs_feat_delta= 0.338704\n"}
,{"stream_name":"stdout","time":528.336974985,"data":"EDGE_TTA_ACTIVE views= 8 mean_abs_feat_delta= 0.359757\n"}
,{"stream_name":"stdout","time":528.337003839,"data":"EDGE_TTA_ACTIVE views= 8 mean_abs_feat_delta= 0.338704\n"}
,{"stream_name":"stdout","time":529.110532078,"data":"SECONDARY_EDGE_TTA_ACTIVE views= 8 weight= 0.75 mean_abs_feat_delta= 0.305584\n"}
,{"stream_name":"stdout","time":529.115100701,"data":"BIOHUB_RETENTION_GUARD {\"blended_candidates\": 197, \"dataset\": \"44b6_0b24845f\", \"frame\": 73, \"minimum_retention\": 0.9, \"primary_candidates\": 262, \"retention\": 0.7519083969465649, \"use_primary\": true}\n"}
,{"stream_name":"stdout","time":529.224248084,"data":"SECONDARY_EDGE_TTA_ACTIVE views= 8 weight= 0.75 mean_abs_feat_delta= 0.260131\n"}
,{"stream_name":"stdout","time":529.31317773,"data":"SECONDARY_EDGE_TTA_ACTIVE views= 8 weight= 0.75 mean_abs_feat_delta= 0.305584\n"}
,{"stream_name":"stdout","time":529.313207108,"data":"BIOHUB_RETENTION_GUARD {\"blended_candidates\": 197, \"dataset\": \"44b6_0b24845f\", \"frame\": 73, \"minimum_retention\": 0.9, \"primary_candidates\": 262, \"retention\": 0.7519083969465649, \"use_primary\": true}\n"}
,{"stream_name":"stdout","time":529.313215092,"data":"SECONDARY_EDGE_TTA_ACTIVE views= 8 weight= 0.75 mean_abs_feat_delta= 0.260131\n"}
,{"stream_name":"stdout","time":530.245019537,"data":"EDGE_TTA_ACTIVE views= 8 mean_abs_feat_delta= 0.368022\n"}
,{"stream_name":"stdout","time":530.354859528,"data":"EDGE_TTA_ACTIVE views= 8 mean_abs_feat_delta= 0.340176\n"}
,{"stream_name":"stdout","time":530.447404856,"data":"EDGE_TTA_ACTIVE views= 8 mean_abs_feat_delta= 0.368022\n"}
,{"stream_name":"stdout","time":530.447436068,"data":"EDGE_TTA_ACTIVE views= 8 mean_abs_feat_delta= 0.340176\n"}
,{"stream_name":"stdout","time":531.220421705,"data":"SECONDARY_EDGE_TTA_ACTIVE views= 8 weight= 0.75 mean_abs_feat_delta= 0.304789\n"}
,{"stream_name":"stdout","time":531.224458789,"data":"BIOHUB_RETENTION_GUARD {\"blended_candidates\": 224, \"dataset\": \"44b6_0b24845f\", \"frame\": 74, \"minimum_retention\": 0.9, \"primary_candidates\": 291, \"retention\": 0.7697594501718213, \"use_primary\": true}\n"}
,{"stream_name":"stdout","time":531.331880353,"data":"SECONDARY_EDGE_TTA_ACTIVE views= 8 weight= 0.75 mean_abs_feat_delta= 0.256523\n"}
,{"stream_name":"stdout","time":531.422907015,"data":"SECONDARY_EDGE_TTA_ACTIVE views= 8 weight= 0.75 mean_abs_feat_delta= 0.304789\n"}
,{"stream_name":"stdout","time":531.422936951,"data":"BIOHUB_RETENTION_GUARD {\"blended_candidates\": 224, \"dataset\": \"44b6_0b24845f\", \"frame\": 74, \"minimum_retention\": 0.9, \"primary_candidates\": 291, \"retention\": 0.7697594501718213, \"use_primary\": true}\n"}
,{"stream_name":"stdout","time":531.422942116,"data":"SECONDARY_EDGE_TTA_ACTIVE views= 8 weight= 0.75 mean_abs_feat_delta= 0.256523\n"}
,{"stream_name":"stdout","time":532.373276223,"data":"EDGE_TTA_ACTIVE views= 8 mean_abs_feat_delta= 0.358754\n"}
,{"stream_name":"stdout","time":532.482179965,"data":"EDGE_TTA_ACTIVE views= 8 mean_abs_feat_delta= 0.346094\n"}
,{"stream_name":"stdout","time":532.576022387,"data":"EDGE_TTA_ACTIVE views= 8 mean_abs_feat_delta= 0.358754\n"}
,{"stream_name":"stdout","time":532.576048069,"data":"EDGE_TTA_ACTIVE views= 8 mean_abs_feat_delta= 0.346094\n"}
,{"stream_name":"stdout","time":533.350945372,"data":"SECONDARY_EDGE_TTA_ACTIVE views= 8 weight= 0.75 mean_abs_feat_delta= 0.299735\n"}
,{"stream_name":"stdout","time":533.355086595,"data":"BIOHUB_RETENTION_GUARD {\"blended_candidates\": 325, \"dataset\": \"44b6_0b24845f\", \"frame\": 75, \"minimum_retention\": 0.9, \"primary_candidates\": 374, \"retention\": 0.8689839572192514, \"use_primary\": true}\n"}
,{"stream_name":"stdout","time":533.46052584,"data":"SECONDARY_EDGE_TTA_ACTIVE views= 8 weight= 0.75 mean_abs_feat_delta= 0.265074\n"}
,{"stream_name":"stdout","time":533.553124398,"data":"SECONDARY_EDGE_TTA_ACTIVE views= 8 weight= 0.75 mean_abs_feat_delta= 0.299735\n"}
,{"stream_name":"stdout","time":533.553165916,"data":"BIOHUB_RETENTION_GUARD {\"blended_candidates\": 325, \"dataset\": \"44b6_0b24845f\", \"frame\": 75, \"minimum_retention\": 0.9, \"primary_candidates\": 374, \"retention\": 0.8689839572192514, \"use_primary\": true}\n"}
,{"stream_name":"stdout","time":533.553171592,"data":"SECONDARY_EDGE_TTA_ACTIVE views= 8 weight= 0.75 mean_abs_feat_delta= 0.265074\n"}
,{"stream_name":"stdout","time":534.543892276,"data":"EDGE_TTA_ACTIVE views= 8 mean_abs_feat_delta= 0.358919\n"}
,{"stream_name":"stdout","time":534.615734637,"data":"EDGE_TTA_ACTIVE views= 8 mean_abs_feat_delta= 0.348292\n"}
,{"stream_name":"stdout","time":534.746544473,"data":"EDGE_TTA_ACTIVE views= 8 mean_abs_feat_delta= 0.358919\n"}
,{"stream_name":"stdout","time":534.746576704,"data":"EDGE_TTA_ACTIVE views= 8 mean_abs_feat_delta= 0.348292\n"}
,{"stream_name":"stdout","time":535.520909301,"data":"SECONDARY_EDGE_TTA_ACTIVE views= 8 weight= 0.75 mean_abs_feat_delta= 0.295727\n"}
,{"stream_name":"stdout","time":535.525053612,"data":"BIOHUB_RETENTION_GUARD {\"blended_candidates\": 321, \"dataset\": \"44b6_0b24845f\", \"frame\": 76, \"minimum_retention\": 0.9, \"primary_candidates\": 379, \"retention\": 0.8469656992084432, \"use_primary\": true}\n"}
,{"stream_name":"stdout","time":535.590224406,"data":"SECONDARY_EDGE_TTA_ACTIVE views= 8 weight= 0.75 mean_abs_feat_delta= 0.26712\n"}
,{"stream_name":"stdout","time":535.722949943,"data":"SECONDARY_EDGE_TTA_ACTIVE views= 8 weight= 0.75 mean_abs_feat_delta= 0.295727\n"}
,{"stream_name":"stdout","time":535.723001152,"data":"BIOHUB_RETENTION_GUARD {\"blended_candidates\": 321, \"dataset\": \"44b6_0b24845f\", \"frame\": 76, \"minimum_retention\": 0.9, \"primary_candidates\": 379, \"retention\": 0.8469656992084432, \"use_primary\": true}\n"}
,{"stream_name":"stdout","time":535.723025748,"data":"SECONDARY_EDGE_TTA_ACTIVE views= 8 weight= 0.75 mean_abs_feat_delta= 0.26712\n"}
,{"stream_name":"stdout","time":536.710331762,"data":"EDGE_TTA_ACTIVE views= 8 mean_abs_feat_delta= 0.361097\n"}
,{"stream_name":"stdout","time":536.724869318,"data":"EDGE_TTA_ACTIVE views= 8 mean_abs_feat_delta= 0.344312\n"}
,{"stream_name":"stdout","time":536.912773297,"data":"EDGE_TTA_ACTIVE views= 8 mean_abs_feat_delta= 0.361097\n"}
,{"stream_name":"stdout","time":536.912827027,"data":"EDGE_TTA_ACTIVE views= 8 mean_abs_feat_delta= 0.344312\n"}
,{"stream_name":"stdout","time":537.691698405,"data":"SECONDARY_EDGE_TTA_ACTIVE views= 8 weight= 0.75 mean_abs_feat_delta= 0.301815\n"}
,{"stream_name":"stdout","time":537.695777022,"data":"BIOHUB_RETENTION_GUARD {\"blended_candidates\": 243, \"dataset\": \"44b6_0b24845f\", \"frame\": 77, \"minimum_retention\": 0.9, \"primary_candidates\": 331, \"retention\": 0.7341389728096677, \"use_primary\": true}\n"}
,{"stream_name":"stdout","time":537.699723447,"data":"SECONDARY_EDGE_TTA_ACTIVE views= 8 weight= 0.75 mean_abs_feat_delta= 0.263739\n"}
,{"stream_name":"stdout","time":537.893906592,"data":"SECONDARY_EDGE_TTA_ACTIVE views= 8 weight= 0.75 mean_abs_feat_delta= 0.301815\n"}
,{"stream_name":"stdout","time":537.893947692,"data":"BIOHUB_RETENTION_GUARD {\"blended_candidates\": 243, \"dataset\": \"44b6_0b24845f\", \"frame\": 77, \"minimum_retention\": 0.9, \"primary_candidates\": 331, \"retention\": 0.7341389728096677, \"use_primary\": true}\n"}
,{"stream_name":"stdout","time":537.893960834,"data":"SECONDARY_EDGE_TTA_ACTIVE views= 8 weight= 0.75 mean_abs_feat_delta= 0.263739\n"}
,{"stream_name":"stdout","time":538.854825921,"data":"EDGE_TTA_ACTIVE views= 8 mean_abs_feat_delta= 0.341477\n"}
,{"stream_name":"stdout","time":538.865462555,"data":"EDGE_TTA_ACTIVE views= 8 mean_abs_feat_delta= 0.36529\n"}
,{"stream_name":"stdout","time":539.057165385,"data":"EDGE_TTA_ACTIVE views= 8 mean_abs_feat_delta= 0.341477\n"}
,{"stream_name":"stdout","time":539.057193418,"data":"EDGE_TTA_ACTIVE views= 8 mean_abs_feat_delta= 0.36529\n"}
,{"stream_name":"stdout","time":539.829257397,"data":"SECONDARY_EDGE_TTA_ACTIVE views= 8 weight= 0.75 mean_abs_feat_delta= 0.262727\n"}
,{"stream_name":"stdout","time":539.842988596,"data":"SECONDARY_EDGE_TTA_ACTIVE views= 8 weight= 0.75 mean_abs_feat_delta= 0.305391\n"}
,{"stream_name":"stdout","time":539.847036946,"data":"BIOHUB_RETENTION_GUARD {\"blended_candidates\": 284, \"dataset\": \"44b6_0b24845f\", \"frame\": 78, \"minimum_retention\": 0.9, \"primary_candidates\": 392, \"retention\": 0.7244897959183674, \"use_primary\": true}\n"}
,{"stream_name":"stdout","time":540.03175582,"data":"SECONDARY_EDGE_TTA_ACTIVE views= 8 weight= 0.75 mean_abs_feat_delta= 0.262727\n"}
,{"stream_name":"stdout","time":540.031800657,"data":"SECONDARY_EDGE_TTA_ACTIVE views= 8 weight= 0.75 mean_abs_feat_delta= 0.305391\n"}
,{"stream_name":"stdout","time":540.031807775,"data":"BIOHUB_RETENTION_GUARD {\"blended_candidates\": 284, \"dataset\": \"44b6_0b24845f\", \"frame\": 78, \"minimum_retention\": 0.9, \"primary_candidates\": 392, \"retention\": 0.7244897959183674, \"use_primary\": true}\n"}
,{"stream_name":"stdout","time":540.963556137,"data":"EDGE_TTA_ACTIVE views= 8 mean_abs_feat_delta= 0.34091\n"}
,{"stream_name":"stdout","time":541.057612496,"data":"EDGE_TTA_ACTIVE views= 8 mean_abs_feat_delta= 0.365892\n"}
,{"stream_name":"stdout","time":541.166027968,"data":"EDGE_TTA_ACTIVE views= 8 mean_abs_feat_delta= 0.34091\n"}
,{"stream_name":"stdout","time":541.166084569,"data":"EDGE_TTA_ACTIVE views= 8 mean_abs_feat_delta= 0.365892\n"}
,{"stream_name":"stdout","time":541.939451579,"data":"SECONDARY_EDGE_TTA_ACTIVE views= 8 weight= 0.75 mean_abs_feat_delta= 0.256411\n"}
,{"stream_name":"stdout","time":542.032882182,"data":"SECONDARY_EDGE_TTA_ACTIVE views= 8 weight= 0.75 mean_abs_feat_delta= 0.302826\n"}
,{"stream_name":"stdout","time":542.036974247,"data":"BIOHUB_RETENTION_GUARD {\"blended_candidates\": 298, \"dataset\": \"44b6_0b24845f\", \"frame\": 79, \"minimum_retention\": 0.9, \"primary_candidates\": 424, \"retention\": 0.7028301886792453, \"use_primary\": true}\n"}
,{"stream_name":"stdout","time":542.141528955,"data":"SECONDARY_EDGE_TTA_ACTIVE views= 8 weight= 0.75 mean_abs_feat_delta= 0.256411\n"}
,{"stream_name":"stdout","time":542.141562657,"data":"SECONDARY_EDGE_TTA_ACTIVE views= 8 weight= 0.75 mean_abs_feat_delta= 0.302826\n"}
,{"stream_name":"stdout","time":542.141567228,"data":"BIOHUB_RETENTION_GUARD {\"blended_candidates\": 298, \"dataset\": \"44b6_0b24845f\", \"frame\": 79, \"minimum_retention\": 0.9, \"primary_candidates\": 424, \"retention\": 0.7028301886792453, \"use_primary\": true}\n"}
,{"stream_name":"stdout","time":543.094045436,"data":"EDGE_TTA_ACTIVE views= 8 mean_abs_feat_delta= 0.337156\n"}
,{"stream_name":"stdout","time":543.227412601,"data":"EDGE_TTA_ACTIVE views= 8 mean_abs_feat_delta= 0.365633\n"}
,{"stream_name":"stdout","time":543.296137308,"data":"EDGE_TTA_ACTIVE views= 8 mean_abs_feat_delta= 0.337156\n"}
,{"stream_name":"stdout","time":543.296159194,"data":"EDGE_TTA_ACTIVE views= 8 mean_abs_feat_delta= 0.365633\n"}
,{"stream_name":"stdout","time":544.069659645,"data":"SECONDARY_EDGE_TTA_ACTIVE views= 8 weight= 0.75 mean_abs_feat_delta= 0.260031\n"}
,{"stream_name":"stdout","time":544.204525232,"data":"SECONDARY_EDGE_TTA_ACTIVE views= 8 weight= 0.75 mean_abs_feat_delta= 0.303473\n"}
,{"stream_name":"stdout","time":544.208664985,"data":"BIOHUB_RETENTION_GUARD {\"blended_candidates\": 291, \"dataset\": \"44b6_0b24845f\", \"frame\": 80, \"minimum_retention\": 0.9, \"primary_candidates\": 388, \"retention\": 0.75, \"use_primary\": true}\n"}
,{"stream_name":"stdout","time":544.272055045,"data":"SECONDARY_EDGE_TTA_ACTIVE views= 8 weight= 0.75 mean_abs_feat_delta= 0.260031\n"}
,{"stream_name":"stdout","time":544.27208029,"data":"SECONDARY_EDGE_TTA_ACTIVE views= 8 weight= 0.75 mean_abs_feat_delta= 0.303473\n"}
,{"stream_name":"stdout","time":544.272086507,"data":"BIOHUB_RETENTION_GUARD {\"blended_candidates\": 291, \"dataset\": \"44b6_0b24845f\", \"frame\": 80, \"minimum_retention\": 0.9, \"primary_candidates\": 388, \"retention\": 0.75, \"use_primary\": true}\n"}
,{"stream_name":"stdout","time":545.204188587,"data":"EDGE_TTA_ACTIVE views= 8 mean_abs_feat_delta= 0.339841\n"}
,{"stream_name":"stdout","time":545.377123874,"data":"EDGE_TTA_ACTIVE views= 8 mean_abs_feat_delta= 0.369442\n"}
,{"stream_name":"stdout","time":545.432393296,"data":"EDGE_TTA_ACTIVE views= 8 mean_abs_feat_delta= 0.339841\n"}
,{"stream_name":"stdout","time":545.43249616,"data":"EDGE_TTA_ACTIVE views= 8 mean_abs_feat_delta= 0.369442\n"}
,{"stream_name":"stdout","time":546.180676429,"data":"SECONDARY_EDGE_TTA_ACTIVE views= 8 weight= 0.75 mean_abs_feat_delta= 0.262153\n"}
,{"stream_name":"stdout","time":546.355681835,"data":"SECONDARY_EDGE_TTA_ACTIVE views= 8 weight= 0.75 mean_abs_feat_delta= 0.308215\n"}
,{"stream_name":"stdout","time":546.359761924,"data":"BIOHUB_RETENTION_GUARD {\"blended_candidates\": 294, \"dataset\": \"44b6_0b24845f\", \"frame\": 81, \"minimum_retention\": 0.9, \"primary_candidates\": 382, \"retention\": 0.7696335078534031, \"use_primary\": true}\n"}
,{"stream_name":"stdout","time":546.383301133,"data":"SECONDARY_EDGE_TTA_ACTIVE views= 8 weight= 0.75 mean_abs_feat_delta= 0.262153\n"}
,{"stream_name":"stdout","time":546.383323429,"data":"SECONDARY_EDGE_TTA_ACTIVE views= 8 weight= 0.75 mean_abs_feat_delta= 0.308215\n"}
,{"stream_name":"stdout","time":546.383329329,"data":"BIOHUB_RETENTION_GUARD {\"blended_candidates\": 294, \"dataset\": \"44b6_0b24845f\", \"frame\": 81, \"minimum_retention\": 0.9, \"primary_candidates\": 382, \"retention\": 0.7696335078534031, \"use_primary\": true}\n"}
,{"stream_name":"stdout","time":547.3150711,"data":"EDGE_TTA_ACTIVE views= 8 mean_abs_feat_delta= 0.34054\n"}
,{"stream_name":"stdout","time":547.51745379,"data":"EDGE_TTA_ACTIVE views= 8 mean_abs_feat_delta= 0.34054\n"}
,{"stream_name":"stdout","time":547.527660104,"data":"EDGE_TTA_ACTIVE views= 8 mean_abs_feat_delta= 0.373979\n"}
,{"stream_name":"stdout","time":547.730114115,"data":"EDGE_TTA_ACTIVE views= 8 mean_abs_feat_delta= 0.373979\n"}
,{"stream_name":"stdout","time":548.292608053,"data":"SECONDARY_EDGE_TTA_ACTIVE views= 8 weight= 0.75 mean_abs_feat_delta= 0.258925\n"}
,{"stream_name":"stdout","time":548.494783205,"data":"SECONDARY_EDGE_TTA_ACTIVE views= 8 weight= 0.75 mean_abs_feat_delta= 0.258925\n"}
,{"stream_name":"stdout","time":548.504373078,"data":"SECONDARY_EDGE_TTA_ACTIVE views= 8 weight= 0.75 mean_abs_feat_delta= 0.312577\n"}
,{"stream_name":"stdout","time":548.508295227,"data":"BIOHUB_RETENTION_GUARD {\"blended_candidates\": 277, \"dataset\": \"44b6_0b24845f\", \"frame\": 82, \"minimum_retention\": 0.9, \"primary_candidates\": 385, \"retention\": 0.7194805194805195, \"use_primary\": true}\n"}
,{"stream_name":"stdout","time":548.706554645,"data":"SECONDARY_EDGE_TTA_ACTIVE views= 8 weight= 0.75 mean_abs_feat_delta= 0.312577\n"}
,{"stream_name":"stdout","time":548.706588449,"data":"BIOHUB_RETENTION_GUARD {\"blended_candidates\": 277, \"dataset\": \"44b6_0b24845f\", \"frame\": 82, \"minimum_retention\": 0.9, \"primary_candidates\": 385, \"retention\": 0.7194805194805195, \"use_primary\": true}\n"}
,{"stream_name":"stdout","time":549.426037601,"data":"EDGE_TTA_ACTIVE views= 8 mean_abs_feat_delta= 0.345761\n"}
,{"stream_name":"stdout","time":549.628454627,"data":"EDGE_TTA_ACTIVE views= 8 mean_abs_feat_delta= 0.345761\n"}
,{"stream_name":"stdout","time":549.698798072,"data":"EDGE_TTA_ACTIVE views= 8 mean_abs_feat_delta= 0.365009\n"}
,{"stream_name":"stdout","time":549.901137763,"data":"EDGE_TTA_ACTIVE views= 8 mean_abs_feat_delta= 0.365009\n"}
,{"stream_name":"stdout","time":550.401349248,"data":"SECONDARY_EDGE_TTA_ACTIVE views= 8 weight= 0.75 mean_abs_feat_delta= 0.260799\n"}
,{"stream_name":"stdout","time":550.603784886,"data":"SECONDARY_EDGE_TTA_ACTIVE views= 8 weight= 0.75 mean_abs_feat_delta= 0.260799\n"}
,{"stream_name":"stdout","time":550.677291119,"data":"SECONDARY_EDGE_TTA_ACTIVE views= 8 weight= 0.75 mean_abs_feat_delta= 0.311063\n"}
,{"stream_name":"stdout","time":550.681606182,"data":"BIOHUB_RETENTION_GUARD {\"blended_candidates\": 268, \"dataset\": \"44b6_0b24845f\", \"frame\": 83, \"minimum_retention\": 0.9, \"primary_candidates\": 379, \"retention\": 0.7071240105540897, \"use_primary\": true}\n"}
,{"stream_name":"stdout","time":550.879496651,"data":"SECONDARY_EDGE_TTA_ACTIVE views= 8 weight= 0.75 mean_abs_feat_delta= 0.311063\n"}
,{"stream_name":"stdout","time":550.879532099,"data":"BIOHUB_RETENTION_GUARD {\"blended_candidates\": 268, \"dataset\": \"44b6_0b24845f\", \"frame\": 83, \"minimum_retention\": 0.9, \"primary_candidates\": 379, \"retention\": 0.7071240105540897, \"use_primary\": true}\n"}
,{"stream_name":"stdout","time":551.537019635,"data":"EDGE_TTA_ACTIVE views= 8 mean_abs_feat_delta= 0.34535\n"}
,{"stream_name":"stdout","time":551.739200612,"data":"EDGE_TTA_ACTIVE views= 8 mean_abs_feat_delta= 0.34535\n"}
,{"stream_name":"stdout","time":551.850113925,"data":"EDGE_TTA_ACTIVE views= 8 mean_abs_feat_delta= 0.36654\n"}
,{"stream_name":"stdout","time":552.052133061,"data":"EDGE_TTA_ACTIVE views= 8 mean_abs_feat_delta= 0.36654\n"}
,{"stream_name":"stdout","time":552.524347034,"data":"SECONDARY_EDGE_TTA_ACTIVE views= 8 weight= 0.75 mean_abs_feat_delta= 0.261693\n"}
,{"stream_name":"stdout","time":552.726620805,"data":"SECONDARY_EDGE_TTA_ACTIVE views= 8 weight= 0.75 mean_abs_feat_delta= 0.261693\n"}
,{"stream_name":"stdout","time":552.828935414,"data":"SECONDARY_EDGE_TTA_ACTIVE views= 8 weight= 0.75 mean_abs_feat_delta= 0.311139\n"}
,{"stream_name":"stdout","time":552.833234257,"data":"BIOHUB_RETENTION_GUARD {\"blended_candidates\": 287, \"dataset\": \"44b6_0b24845f\", \"frame\": 84, \"minimum_retention\": 0.9, \"primary_candidates\": 361, \"retention\": 0.7950138504155124, \"use_primary\": true}\n"}
,{"stream_name":"stdout","time":553.031316276,"data":"SECONDARY_EDGE_TTA_ACTIVE views= 8 weight= 0.75 mean_abs_feat_delta= 0.311139\n"}
,{"stream_name":"stdout","time":553.031346241,"data":"BIOHUB_RETENTION_GUARD {\"blended_candidates\": 287, \"dataset\": \"44b6_0b24845f\", \"frame\": 84, \"minimum_retention\": 0.9, \"primary_candidates\": 361, \"retention\": 0.7950138504155124, \"use_primary\": true}\n"}
,{"stream_name":"stdout","time":553.623856188,"data":"EDGE_TTA_ACTIVE views= 8 mean_abs_feat_delta= 0.345018\n"}
,{"stream_name":"stdout","time":553.826183687,"data":"EDGE_TTA_ACTIVE views= 8 mean_abs_feat_delta= 0.345018\n"}
,{"stream_name":"stdout","time":553.998926382,"data":"EDGE_TTA_ACTIVE views= 8 mean_abs_feat_delta= 0.364996\n"}
,{"stream_name":"stdout","time":554.201131913,"data":"EDGE_TTA_ACTIVE views= 8 mean_abs_feat_delta= 0.364996\n"}
,{"stream_name":"stdout","time":554.616302086,"data":"SECONDARY_EDGE_TTA_ACTIVE views= 8 weight= 0.75 mean_abs_feat_delta= 0.264586\n"}
,{"stream_name":"stdout","time":554.81854222,"data":"SECONDARY_EDGE_TTA_ACTIVE views= 8 weight= 0.75 mean_abs_feat_delta= 0.264586\n"}
,{"stream_name":"stdout","time":554.989141132,"data":"SECONDARY_EDGE_TTA_ACTIVE views= 8 weight= 0.75 mean_abs_feat_delta= 0.312248\n"}
,{"stream_name":"stdout","time":554.993028022,"data":"BIOHUB_RETENTION_GUARD {\"blended_candidates\": 198, \"dataset\": \"44b6_0b24845f\", \"frame\": 85, \"minimum_retention\": 0.9, \"primary_candidates\": 294, \"retention\": 0.673469387755102, \"use_primary\": true}\n"}
,{"stream_name":"stdout","time":555.191331524,"data":"SECONDARY_EDGE_TTA_ACTIVE views= 8 weight= 0.75 mean_abs_feat_delta= 0.312248\n"}
,{"stream_name":"stdout","time":555.191373805,"data":"BIOHUB_RETENTION_GUARD {\"blended_candidates\": 198, \"dataset\": \"44b6_0b24845f\", \"frame\": 85, \"minimum_retention\": 0.9, \"primary_candidates\": 294, \"retention\": 0.673469387755102, \"use_primary\": true}\n"}
,{"stream_name":"stdout","time":555.736331561,"data":"EDGE_TTA_ACTIVE views= 8 mean_abs_feat_delta= 0.339492\n"}
,{"stream_name":"stdout","time":555.938982964,"data":"EDGE_TTA_ACTIVE views= 8 mean_abs_feat_delta= 0.339492\n"}
,{"stream_name":"stdout","time":556.169840573,"data":"EDGE_TTA_ACTIVE views= 8 mean_abs_feat_delta= 0.364819\n"}
,{"stream_name":"stdout","time":556.371919649,"data":"EDGE_TTA_ACTIVE views= 8 mean_abs_feat_delta= 0.364819\n"}
,{"stream_name":"stdout","time":556.725266737,"data":"SECONDARY_EDGE_TTA_ACTIVE views= 8 weight= 0.75 mean_abs_feat_delta= 0.262994\n"}
,{"stream_name":"stdout","time":556.929949506,"data":"SECONDARY_EDGE_TTA_ACTIVE views= 8 weight= 0.75 mean_abs_feat_delta= 0.262994\n"}
,{"stream_name":"stdout","time":557.159502051,"data":"SECONDARY_EDGE_TTA_ACTIVE views= 8 weight= 0.75 mean_abs_feat_delta= 0.317294\n"}
,{"stream_name":"stdout","time":557.163594173,"data":"BIOHUB_RETENTION_GUARD {\"blended_candidates\": 169, \"dataset\": \"44b6_0b24845f\", \"frame\": 86, \"minimum_retention\": 0.9, \"primary_candidates\": 282, \"retention\": 0.599290780141844, \"use_primary\": true}\n"}
,{"stream_name":"stdout","time":557.362958369,"data":"SECONDARY_EDGE_TTA_ACTIVE views= 8 weight= 0.75 mean_abs_feat_delta= 0.317294\n"}
,{"stream_name":"stdout","time":557.363013413,"data":"BIOHUB_RETENTION_GUARD {\"blended_candidates\": 169, \"dataset\": \"44b6_0b24845f\", \"frame\": 86, \"minimum_retention\": 0.9, \"primary_candidates\": 282, \"retention\": 0.599290780141844, \"use_primary\": true}\n"}
,{"stream_name":"stdout","time":557.885593305,"data":"EDGE_TTA_ACTIVE views= 8 mean_abs_feat_delta= 0.333718\n"}
,{"stream_name":"stdout","time":558.087651541,"data":"EDGE_TTA_ACTIVE views= 8 mean_abs_feat_delta= 0.333718\n"}
,{"stream_name":"stdout","time":558.316519743,"data":"EDGE_TTA_ACTIVE views= 8 mean_abs_feat_delta= 0.360555\n"}
,{"stream_name":"stdout","time":558.518861846,"data":"EDGE_TTA_ACTIVE views= 8 mean_abs_feat_delta= 0.360555\n"}
,{"stream_name":"stdout","time":558.877445394,"data":"SECONDARY_EDGE_TTA_ACTIVE views= 8 weight= 0.75 mean_abs_feat_delta= 0.257147\n"}
,{"stream_name":"stdout","time":559.079862417,"data":"SECONDARY_EDGE_TTA_ACTIVE views= 8 weight= 0.75 mean_abs_feat_delta= 0.257147\n"}
,{"stream_name":"stdout","time":559.306299024,"data":"SECONDARY_EDGE_TTA_ACTIVE views= 8 weight= 0.75 mean_abs_feat_delta= 0.318325\n"}
,{"stream_name":"stdout","time":559.310421771,"data":"BIOHUB_RETENTION_GUARD {\"blended_candidates\": 232, \"dataset\": \"44b6_0b24845f\", \"frame\": 87, \"minimum_retention\": 0.9, \"primary_candidates\": 323, \"retention\": 0.718266253869969, \"use_primary\": true}\n"}
,{"stream_name":"stdout","time":559.508857257,"data":"SECONDARY_EDGE_TTA_ACTIVE views= 8 weight= 0.75 mean_abs_feat_delta= 0.318325\n"}
,{"stream_name":"stdout","time":559.510531032,"data":"BIOHUB_RETENTION_GUARD {\"blended_candidates\": 232, \"dataset\": \"44b6_0b24845f\", \"frame\": 87, \"minimum_retention\": 0.9, \"primary_candidates\": 323, \"retention\": 0.718266253869969, \"use_primary\": true}\n"}
,{"stream_name":"stdout","time":559.992341313,"data":"EDGE_TTA_ACTIVE views= 8 mean_abs_feat_delta= 0.334199\n"}
,{"stream_name":"stdout","time":560.19453582,"data":"EDGE_TTA_ACTIVE views= 8 mean_abs_feat_delta= 0.334199\n"}
,{"stream_name":"stdout","time":560.465304007,"data":"EDGE_TTA_ACTIVE views= 8 mean_abs_feat_delta= 0.367991\n"}
,{"stream_name":"stdout","time":560.667504996,"data":"EDGE_TTA_ACTIVE views= 8 mean_abs_feat_delta= 0.367991\n"}
,{"stream_name":"stdout","time":560.982367082,"data":"SECONDARY_EDGE_TTA_ACTIVE views= 8 weight= 0.75 mean_abs_feat_delta= 0.259374\n"}
,{"stream_name":"stdout","time":561.185072245,"data":"SECONDARY_EDGE_TTA_ACTIVE views= 8 weight= 0.75 mean_abs_feat_delta= 0.259374\n"}
,{"stream_name":"stdout","time":561.45649542,"data":"SECONDARY_EDGE_TTA_ACTIVE views= 8 weight= 0.75 mean_abs_feat_delta= 0.319785\n"}
,{"stream_name":"stdout","time":561.460602896,"data":"BIOHUB_RETENTION_GUARD {\"blended_candidates\": 287, \"dataset\": \"44b6_0b24845f\", \"frame\": 88, \"minimum_retention\": 0.9, \"primary_candidates\": 363, \"retention\": 0.790633608815427, \"use_primary\": true}\n"}
,{"stream_name":"stdout","time":561.658846907,"data":"SECONDARY_EDGE_TTA_ACTIVE views= 8 weight= 0.75 mean_abs_feat_delta= 0.319785\n"}
,{"stream_name":"stdout","time":561.658880299,"data":"BIOHUB_RETENTION_GUARD {\"blended_candidates\": 287, \"dataset\": \"44b6_0b24845f\", \"frame\": 88, \"minimum_retention\": 0.9, \"primary_candidates\": 363, \"retention\": 0.790633608815427, \"use_primary\": true}\n"}
,{"stream_name":"stdout","time":562.133285967,"data":"EDGE_TTA_ACTIVE views= 8 mean_abs_feat_delta= 0.338008\n"}
,{"stream_name":"stdout","time":562.335435739,"data":"EDGE_TTA_ACTIVE views= 8 mean_abs_feat_delta= 0.338008\n"}
,{"stream_name":"stdout","time":562.639067852,"data":"EDGE_TTA_ACTIVE views= 8 mean_abs_feat_delta= 0.374613\n"}
,{"stream_name":"stdout","time":562.841322241,"data":"EDGE_TTA_ACTIVE views= 8 mean_abs_feat_delta= 0.374613\n"}
,{"stream_name":"stdout","time":563.125980174,"data":"SECONDARY_EDGE_TTA_ACTIVE views= 8 weight= 0.75 mean_abs_feat_delta= 0.257413\n"}
,{"stream_name":"stdout","time":563.329537999,"data":"SECONDARY_EDGE_TTA_ACTIVE views= 8 weight= 0.75 mean_abs_feat_delta= 0.257413\n"}
,{"stream_name":"stdout","time":563.629669807,"data":"SECONDARY_EDGE_TTA_ACTIVE views= 8 weight= 0.75 mean_abs_feat_delta= 0.325312\n"}
,{"stream_name":"stdout","time":563.633743597,"data":"BIOHUB_RETENTION_GUARD {\"blended_candidates\": 219, \"dataset\": \"44b6_0b24845f\", \"frame\": 89, \"minimum_retention\": 0.9, \"primary_candidates\": 322, \"retention\": 0.6801242236024845, \"use_primary\": true}\n"}
,{"stream_name":"stdout","time":563.832345372,"data":"SECONDARY_EDGE_TTA_ACTIVE views= 8 weight= 0.75 mean_abs_feat_delta= 0.325312\n"}
,{"stream_name":"stdout","time":563.832379559,"data":"BIOHUB_RETENTION_GUARD {\"blended_candidates\": 219, \"dataset\": \"44b6_0b24845f\", \"frame\": 89, \"minimum_retention\": 0.9, \"primary_candidates\": 322, \"retention\": 0.6801242236024845, \"use_primary\": true}\n"}
,{"stream_name":"stdout","time":564.284730799,"data":"EDGE_TTA_ACTIVE views= 8 mean_abs_feat_delta= 0.338144\n"}
,{"stream_name":"stdout","time":564.487244374,"data":"EDGE_TTA_ACTIVE views= 8 mean_abs_feat_delta= 0.338144\n"}
,{"stream_name":"stdout","time":564.803278403,"data":"EDGE_TTA_ACTIVE views= 8 mean_abs_feat_delta= 0.362102\n"}
,{"stream_name":"stdout","time":565.005617411,"data":"EDGE_TTA_ACTIVE views= 8 mean_abs_feat_delta= 0.362102\n"}
,{"stream_name":"stdout","time":565.280560852,"data":"SECONDARY_EDGE_TTA_ACTIVE views= 8 weight= 0.75 mean_abs_feat_delta= 0.257555\n"}
,{"stream_name":"stdout","time":565.483065849,"data":"SECONDARY_EDGE_TTA_ACTIVE views= 8 weight= 0.75 mean_abs_feat_delta= 0.257555\n"}
,{"stream_name":"stdout","time":565.795346233,"data":"SECONDARY_EDGE_TTA_ACTIVE views= 8 weight= 0.75 mean_abs_feat_delta= 0.321967\n"}
,{"stream_name":"stdout","time":565.799400329,"data":"BIOHUB_RETENTION_GUARD {\"blended_candidates\": 175, \"dataset\": \"44b6_0b24845f\", \"frame\": 90, \"minimum_retention\": 0.9, \"primary_candidates\": 269, \"retention\": 0.6505576208178439, \"use_primary\": true}\n"}
,{"stream_name":"stdout","time":565.998167983,"data":"SECONDARY_EDGE_TTA_ACTIVE views= 8 weight= 0.75 mean_abs_feat_delta= 0.321967\n"}
,{"stream_name":"stdout","time":565.998210725,"data":"BIOHUB_RETENTION_GUARD {\"blended_candidates\": 175, \"dataset\": \"44b6_0b24845f\", \"frame\": 90, \"minimum_retention\": 0.9, \"primary_candidates\": 269, \"retention\": 0.6505576208178439, \"use_primary\": true}\n"}
,{"stream_name":"stdout","time":566.403130196,"data":"EDGE_TTA_ACTIVE views= 8 mean_abs_feat_delta= 0.336404\n"}
,{"stream_name":"stdout","time":566.6055892,"data":"EDGE_TTA_ACTIVE views= 8 mean_abs_feat_delta= 0.336404\n"}
,{"stream_name":"stdout","time":566.950337916,"data":"EDGE_TTA_ACTIVE views= 8 mean_abs_feat_delta= 0.362535\n"}
,{"stream_name":"stdout","time":567.152791765,"data":"EDGE_TTA_ACTIVE views= 8 mean_abs_feat_delta= 0.362535\n"}
,{"stream_name":"stdout","time":567.396549336,"data":"SECONDARY_EDGE_TTA_ACTIVE views= 8 weight= 0.75 mean_abs_feat_delta= 0.253368\n"}
,{"stream_name":"stdout","time":567.599082496,"data":"SECONDARY_EDGE_TTA_ACTIVE views= 8 weight= 0.75 mean_abs_feat_delta= 0.253368\n"}
,{"stream_name":"stdout","time":567.942885712,"data":"SECONDARY_EDGE_TTA_ACTIVE views= 8 weight= 0.75 mean_abs_feat_delta= 0.320952\n"}
,{"stream_name":"stdout","time":567.947099162,"data":"BIOHUB_RETENTION_GUARD {\"blended_candidates\": 136, \"dataset\": \"44b6_0b24845f\", \"frame\": 91, \"minimum_retention\": 0.9, \"primary_candidates\": 237, \"retention\": 0.5738396624472574, \"use_primary\": true}\n"}
,{"stream_name":"stdout","time":568.145287361,"data":"SECONDARY_EDGE_TTA_ACTIVE views= 8 weight= 0.75 mean_abs_feat_delta= 0.320952\n"}
,{"stream_name":"stdout","time":568.145320071,"data":"BIOHUB_RETENTION_GUARD {\"blended_candidates\": 136, \"dataset\": \"44b6_0b24845f\", \"frame\": 91, \"minimum_retention\": 0.9, \"primary_candidates\": 237, \"retention\": 0.5738396624472574, \"use_primary\": true}\n"}
,{"stream_name":"stdout","time":568.533603619,"data":"EDGE_TTA_ACTIVE views= 8 mean_abs_feat_delta= 0.336923\n"}
,{"stream_name":"stdout","time":568.735717293,"data":"EDGE_TTA_ACTIVE views= 8 mean_abs_feat_delta= 0.336923\n"}
,{"stream_name":"stdout","time":569.117628254,"data":"EDGE_TTA_ACTIVE views= 8 mean_abs_feat_delta= 0.36442\n"}
,{"stream_name":"stdout","time":569.319950224,"data":"EDGE_TTA_ACTIVE views= 8 mean_abs_feat_delta= 0.36442\n"}
,{"stream_name":"stdout","time":569.528484631,"data":"SECONDARY_EDGE_TTA_ACTIVE views= 8 weight= 0.75 mean_abs_feat_delta= 0.253968\n"}
,{"stream_name":"stdout","time":569.731574949,"data":"SECONDARY_EDGE_TTA_ACTIVE views= 8 weight= 0.75 mean_abs_feat_delta= 0.253968\n"}
,{"stream_name":"stdout","time":570.10936554,"data":"SECONDARY_EDGE_TTA_ACTIVE views= 8 weight= 0.75 mean_abs_feat_delta= 0.322162\n"}
,{"stream_name":"stdout","time":570.113503905,"data":"BIOHUB_RETENTION_GUARD {\"blended_candidates\": 151, \"dataset\": \"44b6_0b24845f\", \"frame\": 92, \"minimum_retention\": 0.9, \"primary_candidates\": 286, \"retention\": 0.527972027972028, \"use_primary\": true}\n"}
,{"stream_name":"stdout","time":570.312020449,"data":"SECONDARY_EDGE_TTA_ACTIVE views= 8 weight= 0.75 mean_abs_feat_delta= 0.322162\n"}
,{"stream_name":"stdout","time":570.312058266,"data":"BIOHUB_RETENTION_GUARD {\"blended_candidates\": 151, \"dataset\": \"44b6_0b24845f\", \"frame\": 92, \"minimum_retention\": 0.9, \"primary_candidates\": 286, \"retention\": 0.527972027972028, \"use_primary\": true}\n"}
,{"stream_name":"stdout","time":570.686881188,"data":"EDGE_TTA_ACTIVE views= 8 mean_abs_feat_delta= 0.340204\n"}
,{"stream_name":"stdout","time":570.889057133,"data":"EDGE_TTA_ACTIVE views= 8 mean_abs_feat_delta= 0.340204\n"}
,{"stream_name":"stdout","time":571.263338119,"data":"EDGE_TTA_ACTIVE views= 8 mean_abs_feat_delta= 0.357811\n"}
,{"stream_name":"stdout","time":571.46602909,"data":"EDGE_TTA_ACTIVE views= 8 mean_abs_feat_delta= 0.357811\n"}
,{"stream_name":"stdout","time":571.683262073,"data":"SECONDARY_EDGE_TTA_ACTIVE views= 8 weight= 0.75 mean_abs_feat_delta= 0.25869\n"}
,{"stream_name":"stdout","time":571.885866806,"data":"SECONDARY_EDGE_TTA_ACTIVE views= 8 weight= 0.75 mean_abs_feat_delta= 0.25869\n"}
,{"stream_name":"stdout","time":572.256713046,"data":"SECONDARY_EDGE_TTA_ACTIVE views= 8 weight= 0.75 mean_abs_feat_delta= 0.314236\n"}
,{"stream_name":"stdout","time":572.26003736,"data":"BIOHUB_RETENTION_GUARD {\"blended_candidates\": 133, \"dataset\": \"44b6_0b24845f\", \"frame\": 93, \"minimum_retention\": 0.9, \"primary_candidates\": 253, \"retention\": 0.525691699604743, \"use_primary\": true}\n"}
,{"stream_name":"stdout","time":572.460952271,"data":"SECONDARY_EDGE_TTA_ACTIVE views= 8 weight= 0.75 mean_abs_feat_delta= 0.314236\n"}
,{"stream_name":"stdout","time":572.460985072,"data":"BIOHUB_RETENTION_GUARD {\"blended_candidates\": 133, \"dataset\": \"44b6_0b24845f\", \"frame\": 93, \"minimum_retention\": 0.9, \"primary_candidates\": 253, \"retention\": 0.525691699604743, \"use_primary\": true}\n"}
,{"stream_name":"stdout","time":572.800853,"data":"EDGE_TTA_ACTIVE views= 8 mean_abs_feat_delta= 0.343273\n"}
,{"stream_name":"stdout","time":573.003202032,"data":"EDGE_TTA_ACTIVE views= 8 mean_abs_feat_delta= 0.343273\n"}
,{"stream_name":"stdout","time":573.414920051,"data":"EDGE_TTA_ACTIVE views= 8 mean_abs_feat_delta= 0.3551\n"}
,{"stream_name":"stdout","time":573.617275519,"data":"EDGE_TTA_ACTIVE views= 8 mean_abs_feat_delta= 0.3551\n"}
,{"stream_name":"stdout","time":573.797918433,"data":"SECONDARY_EDGE_TTA_ACTIVE views= 8 weight= 0.75 mean_abs_feat_delta= 0.249107\n"}
,{"stream_name":"stdout","time":574.000099659,"data":"SECONDARY_EDGE_TTA_ACTIVE views= 8 weight= 0.75 mean_abs_feat_delta= 0.249107\n"}
,{"stream_name":"stdout","time":574.410332788,"data":"SECONDARY_EDGE_TTA_ACTIVE views= 8 weight= 0.75 mean_abs_feat_delta= 0.314665\n"}
,{"stream_name":"stdout","time":574.414147694,"data":"BIOHUB_RETENTION_GUARD {\"blended_candidates\": 168, \"dataset\": \"44b6_0b24845f\", \"frame\": 94, \"minimum_retention\": 0.9, \"primary_candidates\": 290, \"retention\": 0.5793103448275863, \"use_primary\": true}\n"}
,{"stream_name":"stdout","time":574.612197648,"data":"SECONDARY_EDGE_TTA_ACTIVE views= 8 weight= 0.75 mean_abs_feat_delta= 0.314665\n"}
,{"stream_name":"stdout","time":574.612249692,"data":"BIOHUB_RETENTION_GUARD {\"blended_candidates\": 168, \"dataset\": \"44b6_0b24845f\", \"frame\": 94, \"minimum_retention\": 0.9, \"primary_candidates\": 290, \"retention\": 0.5793103448275863, \"use_primary\": true}\n"}
,{"stream_name":"stdout","time":574.977822722,"data":"EDGE_TTA_ACTIVE views= 8 mean_abs_feat_delta= 0.340039\n"}
,{"stream_name":"stdout","time":575.180107998,"data":"EDGE_TTA_ACTIVE views= 8 mean_abs_feat_delta= 0.340039\n"}
,{"stream_name":"stdout","time":575.56562261,"data":"EDGE_TTA_ACTIVE views= 8 mean_abs_feat_delta= 0.362482\n"}
,{"stream_name":"stdout","time":575.796913345,"data":"EDGE_TTA_ACTIVE views= 8 mean_abs_feat_delta= 0.362482\n"}
,{"stream_name":"stdout","time":575.978066567,"data":"SECONDARY_EDGE_TTA_ACTIVE views= 8 weight= 0.75 mean_abs_feat_delta= 0.250998\n"}
,{"stream_name":"stdout","time":576.180142051,"data":"SECONDARY_EDGE_TTA_ACTIVE views= 8 weight= 0.75 mean_abs_feat_delta= 0.250998\n"}
,{"stream_name":"stdout","time":576.561864155,"data":"SECONDARY_EDGE_TTA_ACTIVE views= 8 weight= 0.75 mean_abs_feat_delta= 0.321701\n"}
,{"stream_name":"stdout","time":576.566311575,"data":"BIOHUB_RETENTION_GUARD {\"blended_candidates\": 140, \"dataset\": \"44b6_0b24845f\", \"frame\": 95, \"minimum_retention\": 0.9, \"primary_candidates\": 309, \"retention\": 0.45307443365695793, \"use_primary\": true}\n"}
,{"stream_name":"stdout","time":576.764494212,"data":"SECONDARY_EDGE_TTA_ACTIVE views= 8 weight= 0.75 mean_abs_feat_delta= 0.321701\n"}
,{"stream_name":"stdout","time":576.764523508,"data":"BIOHUB_RETENTION_GUARD {\"blended_candidates\": 140, \"dataset\": \"44b6_0b24845f\", \"frame\": 95, \"minimum_retention\": 0.9, \"primary_candidates\": 309, \"retention\": 0.45307443365695793, \"use_primary\": true}\n"}
,{"stream_name":"stdout","time":577.118394666,"data":"EDGE_TTA_ACTIVE views= 8 mean_abs_feat_delta= 0.338922\n"}
,{"stream_name":"stdout","time":577.320414452,"data":"EDGE_TTA_ACTIVE views= 8 mean_abs_feat_delta= 0.338922\n"}
,{"stream_name":"stdout","time":577.749260373,"data":"EDGE_TTA_ACTIVE views= 8 mean_abs_feat_delta= 0.358614\n"}
,{"stream_name":"stdout","time":577.951748229,"data":"EDGE_TTA_ACTIVE views= 8 mean_abs_feat_delta= 0.358614\n"}
,{"stream_name":"stdout","time":578.114340687,"data":"SECONDARY_EDGE_TTA_ACTIVE views= 8 weight= 0.75 mean_abs_feat_delta= 0.249091\n"}
,{"stream_name":"stdout","time":578.316614525,"data":"SECONDARY_EDGE_TTA_ACTIVE views= 8 weight= 0.75 mean_abs_feat_delta= 0.249091\n"}
,{"stream_name":"stdout","time":578.742070312,"data":"SECONDARY_EDGE_TTA_ACTIVE views= 8 weight= 0.75 mean_abs_feat_delta= 0.325788\n"}
,{"stream_name":"stdout","time":578.746206262,"data":"BIOHUB_RETENTION_GUARD {\"blended_candidates\": 124, \"dataset\": \"44b6_0b24845f\", \"frame\": 96, \"minimum_retention\": 0.9, \"primary_candidates\": 273, \"retention\": 0.4542124542124542, \"use_primary\": true}\n"}
,{"stream_name":"stdout","time":578.944398163,"data":"SECONDARY_EDGE_TTA_ACTIVE views= 8 weight= 0.75 mean_abs_feat_delta= 0.325788\n"}
,{"stream_name":"stdout","time":578.94444031,"data":"BIOHUB_RETENTION_GUARD {\"blended_candidates\": 124, \"dataset\": \"44b6_0b24845f\", \"frame\": 96, \"minimum_retention\": 0.9, \"primary_candidates\": 273, \"retention\": 0.4542124542124542, \"use_primary\": true}\n"}
,{"stream_name":"stdout","time":579.253094636,"data":"EDGE_TTA_ACTIVE views= 8 mean_abs_feat_delta= 0.342488\n"}
,{"stream_name":"stdout","time":579.455404465,"data":"EDGE_TTA_ACTIVE views= 8 mean_abs_feat_delta= 0.342488\n"}
,{"stream_name":"stdout","time":579.95509447,"data":"EDGE_TTA_ACTIVE views= 8 mean_abs_feat_delta= 0.354717\n"}
,{"stream_name":"stdout","time":580.15762785,"data":"EDGE_TTA_ACTIVE views= 8 mean_abs_feat_delta= 0.354717\n"}
,{"stream_name":"stdout","time":580.256223877,"data":"SECONDARY_EDGE_TTA_ACTIVE views= 8 weight= 0.75 mean_abs_feat_delta= 0.25058\n"}
,{"stream_name":"stdout","time":580.458338517,"data":"SECONDARY_EDGE_TTA_ACTIVE views= 8 weight= 0.75 mean_abs_feat_delta= 0.25058\n"}
,{"stream_name":"stdout","time":580.950231359,"data":"SECONDARY_EDGE_TTA_ACTIVE views= 8 weight= 0.75 mean_abs_feat_delta= 0.328691\n"}
,{"stream_name":"stdout","time":580.954289765,"data":"BIOHUB_RETENTION_GUARD {\"blended_candidates\": 181, \"dataset\": \"44b6_0b24845f\", \"frame\": 97, \"minimum_retention\": 0.9, \"primary_candidates\": 328, \"retention\": 0.551829268292683, \"use_primary\": true}\n"}
,{"stream_name":"stdout","time":581.152369411,"data":"SECONDARY_EDGE_TTA_ACTIVE views= 8 weight= 0.75 mean_abs_feat_delta= 0.328691\n"}
,{"stream_name":"stdout","time":581.152420729,"data":"BIOHUB_RETENTION_GUARD {\"blended_candidates\": 181, \"dataset\": \"44b6_0b24845f\", \"frame\": 97, \"minimum_retention\": 0.9, \"primary_candidates\": 328, \"retention\": 0.551829268292683, \"use_primary\": true}\n"}
,{"stream_name":"stdout","time":581.390405233,"data":"EDGE_TTA_ACTIVE views= 8 mean_abs_feat_delta= 0.341683\n"}
,{"stream_name":"stdout","time":581.59302079,"data":"EDGE_TTA_ACTIVE views= 8 mean_abs_feat_delta= 0.341683\n"}
,{"stream_name":"stdout","time":582.147077531,"data":"EDGE_TTA_ACTIVE views= 8 mean_abs_feat_delta= 0.362901\n"}
,{"stream_name":"stdout","time":582.34947951,"data":"EDGE_TTA_ACTIVE views= 8 mean_abs_feat_delta= 0.362901\n"}
,{"stream_name":"stdout","time":582.389356258,"data":"SECONDARY_EDGE_TTA_ACTIVE views= 8 weight= 0.75 mean_abs_feat_delta= 0.25428\n"}
,{"stream_name":"stdout","time":582.591909629,"data":"SECONDARY_EDGE_TTA_ACTIVE views= 8 weight= 0.75 mean_abs_feat_delta= 0.25428\n"}
,{"stream_name":"stdout","time":583.139927638,"data":"SECONDARY_EDGE_TTA_ACTIVE views= 8 weight= 0.75 mean_abs_feat_delta= 0.327921\n"}
,{"stream_name":"stdout","time":583.144036311,"data":"BIOHUB_RETENTION_GUARD {\"blended_candidates\": 153, \"dataset\": \"44b6_0b24845f\", \"frame\": 98, \"minimum_retention\": 0.9, \"primary_candidates\": 295, \"retention\": 0.5186440677966102, \"use_primary\": true}\n"}
,{"stream_name":"stdout","time":583.34253077,"data":"SECONDARY_EDGE_TTA_ACTIVE views= 8 weight= 0.75 mean_abs_feat_delta= 0.327921\n"}
,{"stream_name":"stdout","time":583.342605326,"data":"BIOHUB_RETENTION_GUARD {\"blended_candidates\": 153, \"dataset\": \"44b6_0b24845f\", \"frame\": 98, \"minimum_retention\": 0.9, \"primary_candidates\": 295, \"retention\": 0.5186440677966102, \"use_primary\": true}\n"}
,{"stream_name":"stdout","time":584.337711105,"data":"EDGE_TTA_ACTIVE views= 8 mean_abs_feat_delta= 0.362405\n"}
,{"stream_name":"stdout","time":584.541061741,"data":"EDGE_TTA_ACTIVE views= 8 mean_abs_feat_delta= 0.362405\n"}
,{"stream_name":"stdout","time":585.334274718,"data":"SECONDARY_EDGE_TTA_ACTIVE views= 8 weight= 0.75 mean_abs_feat_delta= 0.328126\n"}
,{"stream_name":"stdout","time":585.339178495,"data":"BIOHUB_RETENTION_GUARD {\"blended_candidates\": 111, \"dataset\": \"44b6_0b24845f\", \"frame\": 99, \"minimum_retention\": 0.9, \"primary_candidates\": 224, \"retention\": 0.4955357142857143, \"use_primary\": true}\n"}
,{"stream_name":"stdout","time":585.537662155,"data":"SECONDARY_EDGE_TTA_ACTIVE views= 8 weight= 0.75 mean_abs_feat_delta= 0.328126\n"}
,{"stream_name":"stdout","time":585.537689884,"data":"BIOHUB_RETENTION_GUARD {\"blended_candidates\": 111, \"dataset\": \"44b6_0b24845f\", \"frame\": 99, \"minimum_retention\": 0.9, \"primary_candidates\": 224, \"retention\": 0.4955357142857143, \"use_primary\": true}\n"}
,{"stream_name":"stdout","time":606.22452724,"data":"EDGE_TTA_ACTIVE views= 8 mean_abs_feat_delta= 0.336457\n"}
,{"stream_name":"stdout","time":606.458931549,"data":"EDGE_TTA_ACTIVE views= 8 mean_abs_feat_delta= 0.336457\n"}
,{"stream_name":"stdout","time":607.203085391,"data":"SECONDARY_EDGE_TTA_ACTIVE views= 8 weight= 0.75 mean_abs_feat_delta= 0.229228\n"}
,{"stream_name":"stdout","time":607.405609498,"data":"SECONDARY_EDGE_TTA_ACTIVE views= 8 weight= 0.75 mean_abs_feat_delta= 0.229228\n"}
,{"stream_name":"stdout","time":608.579506761,"data":"EDGE_TTA_ACTIVE views= 8 mean_abs_feat_delta= 0.33652\n"}
,{"stream_name":"stdout","time":608.78214415,"data":"EDGE_TTA_ACTIVE views= 8 mean_abs_feat_delta= 0.33652\n"}
,{"stream_name":"stdout","time":609.151206009,"data":"EDGE_TTA_ACTIVE views= 8 mean_abs_feat_delta= 0.353265\n"}
,{"stream_name":"stdout","time":609.353653378,"data":"EDGE_TTA_ACTIVE views= 8 mean_abs_feat_delta= 0.353265\n"}
,{"stream_name":"stdout","time":609.571090586,"data":"SECONDARY_EDGE_TTA_ACTIVE views= 8 weight= 0.75 mean_abs_feat_delta= 0.231364\n"}
,{"stream_name":"stdout","time":609.773406803,"data":"SECONDARY_EDGE_TTA_ACTIVE views= 8 weight= 0.75 mean_abs_feat_delta= 0.231364\n"}
,{"stream_name":"stdout","time":610.117852705,"data":"SECONDARY_EDGE_TTA_ACTIVE views= 8 weight= 0.75 mean_abs_feat_delta= 0.229197\n"}
,{"stream_name":"stdout","time":610.320084407,"data":"SECONDARY_EDGE_TTA_ACTIVE views= 8 weight= 0.75 mean_abs_feat_delta= 0.229197\n"}
,{"stream_name":"stdout","time":610.916264087,"data":"EDGE_TTA_ACTIVE views= 8 mean_abs_feat_delta= 0.334504\n"}
,{"stream_name":"stdout","time":611.118557193,"data":"EDGE_TTA_ACTIVE views= 8 mean_abs_feat_delta= 0.334504\n"}
,{"stream_name":"stdout","time":611.233237681,"data":"EDGE_TTA_ACTIVE views= 8 mean_abs_feat_delta= 0.356556\n"}
,{"stream_name":"stdout","time":611.43517917,"data":"EDGE_TTA_ACTIVE views= 8 mean_abs_feat_delta= 0.356556\n"}
,{"stream_name":"stdout","time":611.893052236,"data":"SECONDARY_EDGE_TTA_ACTIVE views= 8 weight= 0.75 mean_abs_feat_delta= 0.231505\n"}
,{"stream_name":"stdout","time":612.095340757,"data":"SECONDARY_EDGE_TTA_ACTIVE views= 8 weight= 0.75 mean_abs_feat_delta= 0.231505\n"}
,{"stream_name":"stdout","time":612.206723609,"data":"SECONDARY_EDGE_TTA_ACTIVE views= 8 weight= 0.75 mean_abs_feat_delta= 0.228531\n"}
,{"stream_name":"stdout","time":612.40899494,"data":"SECONDARY_EDGE_TTA_ACTIVE views= 8 weight= 0.75 mean_abs_feat_delta= 0.228531\n"}
,{"stream_name":"stdout","time":613.269079011,"data":"EDGE_TTA_ACTIVE views= 8 mean_abs_feat_delta= 0.359353\n"}
,{"stream_name":"stdout","time":613.304590891,"data":"EDGE_TTA_ACTIVE views= 8 mean_abs_feat_delta= 0.331503\n"}
,{"stream_name":"stdout","time":613.471830191,"data":"EDGE_TTA_ACTIVE views= 8 mean_abs_feat_delta= 0.359353\n"}
,{"stream_name":"stdout","time":613.471854733,"data":"EDGE_TTA_ACTIVE views= 8 mean_abs_feat_delta= 0.331503\n"}
,{"stream_name":"stdout","time":614.241819963,"data":"SECONDARY_EDGE_TTA_ACTIVE views= 8 weight= 0.75 mean_abs_feat_delta= 0.232233\n"}
,{"stream_name":"stdout","time":614.289569103,"data":"SECONDARY_EDGE_TTA_ACTIVE views= 8 weight= 0.75 mean_abs_feat_delta= 0.233103\n"}
,{"stream_name":"stdout","time":614.444443762,"data":"SECONDARY_EDGE_TTA_ACTIVE views= 8 weight= 0.75 mean_abs_feat_delta= 0.232233\n"}
,{"stream_name":"stdout","time":614.444502322,"data":"SECONDARY_EDGE_TTA_ACTIVE views= 8 weight= 0.75 mean_abs_feat_delta= 0.233103\n"}
,{"stream_name":"stdout","time":615.335643567,"data":"EDGE_TTA_ACTIVE views= 8 mean_abs_feat_delta= 0.361838\n"}
,{"stream_name":"stdout","time":615.53826263,"data":"EDGE_TTA_ACTIVE views= 8 mean_abs_feat_delta= 0.361838\n"}
,{"stream_name":"stdout","time":615.703124617,"data":"EDGE_TTA_ACTIVE views= 8 mean_abs_feat_delta= 0.334571\n"}
,{"stream_name":"stdout","time":615.905685387,"data":"EDGE_TTA_ACTIVE views= 8 mean_abs_feat_delta= 0.334571\n"}
,{"stream_name":"stdout","time":616.313983587,"data":"SECONDARY_EDGE_TTA_ACTIVE views= 8 weight= 0.75 mean_abs_feat_delta= 0.231136\n"}
,{"stream_name":"stdout","time":616.516134378,"data":"SECONDARY_EDGE_TTA_ACTIVE views= 8 weight= 0.75 mean_abs_feat_delta= 0.231136\n"}
,{"stream_name":"stdout","time":616.697844721,"data":"SECONDARY_EDGE_TTA_ACTIVE views= 8 weight= 0.75 mean_abs_feat_delta= 0.230713\n"}
,{"stream_name":"stdout","time":616.900143954,"data":"SECONDARY_EDGE_TTA_ACTIVE views= 8 weight= 0.75 mean_abs_feat_delta= 0.230713\n"}
,{"stream_name":"stdout","time":617.409352672,"data":"EDGE_TTA_ACTIVE views= 8 mean_abs_feat_delta= 0.349332\n"}
,{"stream_name":"stdout","time":617.612515919,"data":"EDGE_TTA_ACTIVE views= 8 mean_abs_feat_delta= 0.349332\n"}
,{"stream_name":"stdout","time":618.114320942,"data":"EDGE_TTA_ACTIVE views= 8 mean_abs_feat_delta= 0.333844\n"}
,{"stream_name":"stdout","time":618.31652745,"data":"EDGE_TTA_ACTIVE views= 8 mean_abs_feat_delta= 0.333844\n"}
,{"stream_name":"stdout","time":618.396402309,"data":"SECONDARY_EDGE_TTA_ACTIVE views= 8 weight= 0.75 mean_abs_feat_delta= 0.237962\n"}
,{"stream_name":"stdout","time":618.598873423,"data":"SECONDARY_EDGE_TTA_ACTIVE views= 8 weight= 0.75 mean_abs_feat_delta= 0.237962\n"}
,{"stream_name":"stdout","time":619.114695231,"data":"SECONDARY_EDGE_TTA_ACTIVE views= 8 weight= 0.75 mean_abs_feat_delta= 0.228063\n"}
,{"stream_name":"stdout","time":619.317163271,"data":"SECONDARY_EDGE_TTA_ACTIVE views= 8 weight= 0.75 mean_abs_feat_delta= 0.228063\n"}
,{"stream_name":"stdout","time":619.487248858,"data":"EDGE_TTA_ACTIVE views= 8 mean_abs_feat_delta= 0.36765\n"}
,{"stream_name":"stdout","time":619.689551971,"data":"EDGE_TTA_ACTIVE views= 8 mean_abs_feat_delta= 0.36765\n"}
,{"stream_name":"stdout","time":620.484456756,"data":"SECONDARY_EDGE_TTA_ACTIVE views= 8 weight= 0.75 mean_abs_feat_delta= 0.23324\n"}
,{"stream_name":"stdout","time":620.539639469,"data":"EDGE_TTA_ACTIVE views= 8 mean_abs_feat_delta= 0.333957\n"}
,{"stream_name":"stdout","time":620.6876185,"data":"SECONDARY_EDGE_TTA_ACTIVE views= 8 weight= 0.75 mean_abs_feat_delta= 0.23324\n"}
,{"stream_name":"stdout","time":620.687684936,"data":"EDGE_TTA_ACTIVE views= 8 mean_abs_feat_delta= 0.333957\n"}
,{"stream_name":"stdout","time":621.548289365,"data":"SECONDARY_EDGE_TTA_ACTIVE views= 8 weight= 0.75 mean_abs_feat_delta= 0.23148\n"}
,{"stream_name":"stdout","time":621.586997105,"data":"EDGE_TTA_ACTIVE views= 8 mean_abs_feat_delta= 0.37095\n"}
,{"stream_name":"stdout","time":621.750418103,"data":"SECONDARY_EDGE_TTA_ACTIVE views= 8 weight= 0.75 mean_abs_feat_delta= 0.23148\n"}
,{"stream_name":"stdout","time":621.750441303,"data":"EDGE_TTA_ACTIVE views= 8 mean_abs_feat_delta= 0.37095\n"}
,{"stream_name":"stdout","time":622.587516173,"data":"SECONDARY_EDGE_TTA_ACTIVE views= 8 weight= 0.75 mean_abs_feat_delta= 0.233703\n"}
,{"stream_name":"stdout","time":622.790123332,"data":"SECONDARY_EDGE_TTA_ACTIVE views= 8 weight= 0.75 mean_abs_feat_delta= 0.233703\n"}
,{"stream_name":"stdout","time":622.945673409,"data":"EDGE_TTA_ACTIVE views= 8 mean_abs_feat_delta= 0.333005\n"}
,{"stream_name":"stdout","time":623.148127428,"data":"EDGE_TTA_ACTIVE views= 8 mean_abs_feat_delta= 0.333005\n"}
,{"stream_name":"stdout","time":623.710000378,"data":"EDGE_TTA_ACTIVE views= 8 mean_abs_feat_delta= 0.362298\n"}
,{"stream_name":"stdout","time":623.912622074,"data":"EDGE_TTA_ACTIVE views= 8 mean_abs_feat_delta= 0.362298\n"}
,{"stream_name":"stdout","time":623.960092291,"data":"SECONDARY_EDGE_TTA_ACTIVE views= 8 weight= 0.75 mean_abs_feat_delta= 0.226861\n"}
,{"stream_name":"stdout","time":624.162631598,"data":"SECONDARY_EDGE_TTA_ACTIVE views= 8 weight= 0.75 mean_abs_feat_delta= 0.226861\n"}
,{"stream_name":"stdout","time":624.717014492,"data":"SECONDARY_EDGE_TTA_ACTIVE views= 8 weight= 0.75 mean_abs_feat_delta= 0.23047\n"}
,{"stream_name":"stdout","time":624.919233496,"data":"SECONDARY_EDGE_TTA_ACTIVE views= 8 weight= 0.75 mean_abs_feat_delta= 0.23047\n"}
,{"stream_name":"stdout","time":625.379529797,"data":"EDGE_TTA_ACTIVE views= 8 mean_abs_feat_delta= 0.335609\n"}
,{"stream_name":"stdout","time":625.582085956,"data":"EDGE_TTA_ACTIVE views= 8 mean_abs_feat_delta= 0.335609\n"}
,{"stream_name":"stdout","time":625.856558306,"data":"EDGE_TTA_ACTIVE views= 8 mean_abs_feat_delta= 0.357762\n"}
,{"stream_name":"stdout","time":626.05870966,"data":"EDGE_TTA_ACTIVE views= 8 mean_abs_feat_delta= 0.357762\n"}
,{"stream_name":"stdout","time":626.408806039,"data":"SECONDARY_EDGE_TTA_ACTIVE views= 8 weight= 0.75 mean_abs_feat_delta= 0.226753\n"}
,{"stream_name":"stdout","time":626.610957898,"data":"SECONDARY_EDGE_TTA_ACTIVE views= 8 weight= 0.75 mean_abs_feat_delta= 0.226753\n"}
,{"stream_name":"stdout","time":626.868968982,"data":"SECONDARY_EDGE_TTA_ACTIVE views= 8 weight= 0.75 mean_abs_feat_delta= 0.222866\n"}
,{"stream_name":"stdout","time":627.071406425,"data":"SECONDARY_EDGE_TTA_ACTIVE views= 8 weight= 0.75 mean_abs_feat_delta= 0.222866\n"}
,{"stream_name":"stdout","time":627.802238105,"data":"EDGE_TTA_ACTIVE views= 8 mean_abs_feat_delta= 0.338411\n"}
,{"stream_name":"stdout","time":628.004356177,"data":"EDGE_TTA_ACTIVE views= 8 mean_abs_feat_delta= 0.338411\n"}
,{"stream_name":"stdout","time":628.019351923,"data":"EDGE_TTA_ACTIVE views= 8 mean_abs_feat_delta= 0.360193\n"}
,{"stream_name":"stdout","time":628.22137749,"data":"EDGE_TTA_ACTIVE views= 8 mean_abs_feat_delta= 0.360193\n"}
,{"stream_name":"stdout","time":628.828147496,"data":"SECONDARY_EDGE_TTA_ACTIVE views= 8 weight= 0.75 mean_abs_feat_delta= 0.229067\n"}
,{"stream_name":"stdout","time":629.030355827,"data":"SECONDARY_EDGE_TTA_ACTIVE views= 8 weight= 0.75 mean_abs_feat_delta= 0.229067\n"}
,{"stream_name":"stdout","time":629.041308393,"data":"SECONDARY_EDGE_TTA_ACTIVE views= 8 weight= 0.75 mean_abs_feat_delta= 0.223297\n"}
,{"stream_name":"stdout","time":629.24349506,"data":"SECONDARY_EDGE_TTA_ACTIVE views= 8 weight= 0.75 mean_abs_feat_delta= 0.223297\n"}
,{"stream_name":"stdout","time":630.156405161,"data":"EDGE_TTA_ACTIVE views= 8 mean_abs_feat_delta= 0.35856\n"}
,{"stream_name":"stdout","time":630.270994593,"data":"EDGE_TTA_ACTIVE views= 8 mean_abs_feat_delta= 0.33357\n"}
,{"stream_name":"stdout","time":630.358932777,"data":"EDGE_TTA_ACTIVE views= 8 mean_abs_feat_delta= 0.35856\n"}
,{"stream_name":"stdout","time":630.358991154,"data":"EDGE_TTA_ACTIVE views= 8 mean_abs_feat_delta= 0.33357\n"}
,{"stream_name":"stdout","time":631.179619536,"data":"SECONDARY_EDGE_TTA_ACTIVE views= 8 weight= 0.75 mean_abs_feat_delta= 0.226482\n"}
,{"stream_name":"stdout","time":631.301159003,"data":"SECONDARY_EDGE_TTA_ACTIVE views= 8 weight= 0.75 mean_abs_feat_delta= 0.224805\n"}
,{"stream_name":"stdout","time":631.382159184,"data":"SECONDARY_EDGE_TTA_ACTIVE views= 8 weight= 0.75 mean_abs_feat_delta= 0.226482\n"}
,{"stream_name":"stdout","time":631.382183784,"data":"SECONDARY_EDGE_TTA_ACTIVE views= 8 weight= 0.75 mean_abs_feat_delta= 0.224805\n"}
,{"stream_name":"stdout","time":632.350970254,"data":"EDGE_TTA_ACTIVE views= 8 mean_abs_feat_delta= 0.365065\n"}
,{"stream_name":"stdout","time":632.553068086,"data":"EDGE_TTA_ACTIVE views= 8 mean_abs_feat_delta= 0.365065\n"}
,{"stream_name":"stdout","time":632.703908051,"data":"EDGE_TTA_ACTIVE views= 8 mean_abs_feat_delta= 0.328392\n"}
,{"stream_name":"stdout","time":632.90629847,"data":"EDGE_TTA_ACTIVE views= 8 mean_abs_feat_delta= 0.328392\n"}
,{"stream_name":"stdout","time":633.380348829,"data":"SECONDARY_EDGE_TTA_ACTIVE views= 8 weight= 0.75 mean_abs_feat_delta= 0.229453\n"}
,{"stream_name":"stdout","time":633.582691908,"data":"SECONDARY_EDGE_TTA_ACTIVE views= 8 weight= 0.75 mean_abs_feat_delta= 0.229453\n"}
,{"stream_name":"stdout","time":633.736566913,"data":"SECONDARY_EDGE_TTA_ACTIVE views= 8 weight= 0.75 mean_abs_feat_delta= 0.22475\n"}
,{"stream_name":"stdout","time":633.938900355,"data":"SECONDARY_EDGE_TTA_ACTIVE views= 8 weight= 0.75 mean_abs_feat_delta= 0.22475\n"}
,{"stream_name":"stdout","time":634.522304872,"data":"EDGE_TTA_ACTIVE views= 8 mean_abs_feat_delta= 0.353373\n"}
,{"stream_name":"stdout","time":634.725113352,"data":"EDGE_TTA_ACTIVE views= 8 mean_abs_feat_delta= 0.353373\n"}
,{"stream_name":"stdout","time":635.203777659,"data":"EDGE_TTA_ACTIVE views= 8 mean_abs_feat_delta= 0.329088\n"}
,{"stream_name":"stdout","time":635.406256463,"data":"EDGE_TTA_ACTIVE views= 8 mean_abs_feat_delta= 0.329088\n"}
,{"stream_name":"stdout","time":635.556927087,"data":"SECONDARY_EDGE_TTA_ACTIVE views= 8 weight= 0.75 mean_abs_feat_delta= 0.233899\n"}
,{"stream_name":"stdout","time":635.75905817,"data":"SECONDARY_EDGE_TTA_ACTIVE views= 8 weight= 0.75 mean_abs_feat_delta= 0.233899\n"}
,{"stream_name":"stdout","time":636.240061799,"data":"SECONDARY_EDGE_TTA_ACTIVE views= 8 weight= 0.75 mean_abs_feat_delta= 0.223629\n"}
,{"stream_name":"stdout","time":636.442384434,"data":"SECONDARY_EDGE_TTA_ACTIVE views= 8 weight= 0.75 mean_abs_feat_delta= 0.223629\n"}
,{"stream_name":"stdout","time":636.696201539,"data":"EDGE_TTA_ACTIVE views= 8 mean_abs_feat_delta= 0.366767\n"}
,{"stream_name":"stdout","time":636.933190096,"data":"EDGE_TTA_ACTIVE views= 8 mean_abs_feat_delta= 0.366767\n"}
,{"stream_name":"stdout","time":637.661236086,"data":"EDGE_TTA_ACTIVE views= 8 mean_abs_feat_delta= 0.331454\n"}
,{"stream_name":"stdout","time":637.736345013,"data":"SECONDARY_EDGE_TTA_ACTIVE views= 8 weight= 0.75 mean_abs_feat_delta= 0.228562\n"}
,{"stream_name":"stdout","time":637.863936343,"data":"EDGE_TTA_ACTIVE views= 8 mean_abs_feat_delta= 0.331454\n"}
,{"stream_name":"stdout","time":637.863966381,"data":"SECONDARY_EDGE_TTA_ACTIVE views= 8 weight= 0.75 mean_abs_feat_delta= 0.228562\n"}
,{"stream_name":"stdout","time":638.69996095,"data":"SECONDARY_EDGE_TTA_ACTIVE views= 8 weight= 0.75 mean_abs_feat_delta= 0.221381\n"}
,{"stream_name":"stdout","time":638.851123792,"data":"EDGE_TTA_ACTIVE views= 8 mean_abs_feat_delta= 0.360859\n"}
,{"stream_name":"stdout","time":638.902332682,"data":"SECONDARY_EDGE_TTA_ACTIVE views= 8 weight= 0.75 mean_abs_feat_delta= 0.221381\n"}
,{"stream_name":"stdout","time":638.902356185,"data":"EDGE_TTA_ACTIVE views= 8 mean_abs_feat_delta= 0.360859\n"}
,{"stream_name":"stdout","time":639.888556955,"data":"SECONDARY_EDGE_TTA_ACTIVE views= 8 weight= 0.75 mean_abs_feat_delta= 0.229373\n"}
,{"stream_name":"stdout","time":640.090981364,"data":"SECONDARY_EDGE_TTA_ACTIVE views= 8 weight= 0.75 mean_abs_feat_delta= 0.229373\n"}
,{"stream_name":"stdout","time":640.152861641,"data":"EDGE_TTA_ACTIVE views= 8 mean_abs_feat_delta= 0.332081\n"}
,{"stream_name":"stdout","time":640.355110503,"data":"EDGE_TTA_ACTIVE views= 8 mean_abs_feat_delta= 0.332081\n"}
,{"stream_name":"stdout","time":641.013417325,"data":"EDGE_TTA_ACTIVE views= 8 mean_abs_feat_delta= 0.358711\n"}
,{"stream_name":"stdout","time":641.189253225,"data":"SECONDARY_EDGE_TTA_ACTIVE views= 8 weight= 0.75 mean_abs_feat_delta= 0.220825\n"}
,{"stream_name":"stdout","time":641.216094965,"data":"EDGE_TTA_ACTIVE views= 8 mean_abs_feat_delta= 0.358711\n"}
,{"stream_name":"stdout","time":641.216114408,"data":"SECONDARY_EDGE_TTA_ACTIVE views= 8 weight= 0.75 mean_abs_feat_delta= 0.220825\n"}
,{"stream_name":"stdout","time":642.05092227,"data":"SECONDARY_EDGE_TTA_ACTIVE views= 8 weight= 0.75 mean_abs_feat_delta= 0.228983\n"}
,{"stream_name":"stdout","time":642.25329117,"data":"SECONDARY_EDGE_TTA_ACTIVE views= 8 weight= 0.75 mean_abs_feat_delta= 0.228983\n"}
,{"stream_name":"stdout","time":642.616765812,"data":"EDGE_TTA_ACTIVE views= 8 mean_abs_feat_delta= 0.331331\n"}
,{"stream_name":"stdout","time":642.81949202,"data":"EDGE_TTA_ACTIVE views= 8 mean_abs_feat_delta= 0.331331\n"}
,{"stream_name":"stdout","time":643.178115952,"data":"EDGE_TTA_ACTIVE views= 8 mean_abs_feat_delta= 0.357908\n"}
,{"stream_name":"stdout","time":643.380485363,"data":"EDGE_TTA_ACTIVE views= 8 mean_abs_feat_delta= 0.357908\n"}
,{"stream_name":"stdout","time":643.645901314,"data":"SECONDARY_EDGE_TTA_ACTIVE views= 8 weight= 0.75 mean_abs_feat_delta= 0.220942\n"}
,{"stream_name":"stdout","time":643.848300484,"data":"SECONDARY_EDGE_TTA_ACTIVE views= 8 weight= 0.75 mean_abs_feat_delta= 0.220942\n"}
,{"stream_name":"stdout","time":644.206989582,"data":"SECONDARY_EDGE_TTA_ACTIVE views= 8 weight= 0.75 mean_abs_feat_delta= 0.22723\n"}
,{"stream_name":"stdout","time":644.409416636,"data":"SECONDARY_EDGE_TTA_ACTIVE views= 8 weight= 0.75 mean_abs_feat_delta= 0.22723\n"}
,{"stream_name":"stdout","time":645.082129139,"data":"EDGE_TTA_ACTIVE views= 8 mean_abs_feat_delta= 0.331316\n"}
,{"stream_name":"stdout","time":645.284555827,"data":"EDGE_TTA_ACTIVE views= 8 mean_abs_feat_delta= 0.331316\n"}
,{"stream_name":"stdout","time":645.351592677,"data":"EDGE_TTA_ACTIVE views= 8 mean_abs_feat_delta= 0.36076\n"}
,{"stream_name":"stdout","time":645.554115114,"data":"EDGE_TTA_ACTIVE views= 8 mean_abs_feat_delta= 0.36076\n"}
,{"stream_name":"stdout","time":646.107005609,"data":"SECONDARY_EDGE_TTA_ACTIVE views= 8 weight= 0.75 mean_abs_feat_delta= 0.220064\n"}
,{"stream_name":"stdout","time":646.309380206,"data":"SECONDARY_EDGE_TTA_ACTIVE views= 8 weight= 0.75 mean_abs_feat_delta= 0.220064\n"}
,{"stream_name":"stdout","time":646.376450021,"data":"SECONDARY_EDGE_TTA_ACTIVE views= 8 weight= 0.75 mean_abs_feat_delta= 0.227184\n"}
,{"stream_name":"stdout","time":646.578912018,"data":"SECONDARY_EDGE_TTA_ACTIVE views= 8 weight= 0.75 mean_abs_feat_delta= 0.227184\n"}
,{"stream_name":"stdout","time":647.488427804,"data":"EDGE_TTA_ACTIVE views= 8 mean_abs_feat_delta= 0.363026\n"}
,{"stream_name":"stdout","time":647.528215168,"data":"EDGE_TTA_ACTIVE views= 8 mean_abs_feat_delta= 0.331281\n"}
,{"stream_name":"stdout","time":647.691003497,"data":"EDGE_TTA_ACTIVE views= 8 mean_abs_feat_delta= 0.363026\n"}
,{"stream_name":"stdout","time":647.691028221,"data":"EDGE_TTA_ACTIVE views= 8 mean_abs_feat_delta= 0.331281\n"}
,{"stream_name":"stdout","time":648.50453707,"data":"SECONDARY_EDGE_TTA_ACTIVE views= 8 weight= 0.75 mean_abs_feat_delta= 0.228674\n"}
,{"stream_name":"stdout","time":648.547029578,"data":"SECONDARY_EDGE_TTA_ACTIVE views= 8 weight= 0.75 mean_abs_feat_delta= 0.219385\n"}
,{"stream_name":"stdout","time":648.706822328,"data":"SECONDARY_EDGE_TTA_ACTIVE views= 8 weight= 0.75 mean_abs_feat_delta= 0.228674\n"}
,{"stream_name":"stdout","time":648.706910279,"data":"SECONDARY_EDGE_TTA_ACTIVE views= 8 weight= 0.75 mean_abs_feat_delta= 0.219385\n"}
,{"stream_name":"stdout","time":649.637564135,"data":"EDGE_TTA_ACTIVE views= 8 mean_abs_feat_delta= 0.36528\n"}
,{"stream_name":"stdout","time":649.840074246,"data":"EDGE_TTA_ACTIVE views= 8 mean_abs_feat_delta= 0.36528\n"}
,{"stream_name":"stdout","time":650.007220274,"data":"EDGE_TTA_ACTIVE views= 8 mean_abs_feat_delta= 0.332495\n"}
,{"stream_name":"stdout","time":650.209360533,"data":"EDGE_TTA_ACTIVE views= 8 mean_abs_feat_delta= 0.332495\n"}
,{"stream_name":"stdout","time":650.646382062,"data":"SECONDARY_EDGE_TTA_ACTIVE views= 8 weight= 0.75 mean_abs_feat_delta= 0.22969\n"}
,{"stream_name":"stdout","time":650.848747316,"data":"SECONDARY_EDGE_TTA_ACTIVE views= 8 weight= 0.75 mean_abs_feat_delta= 0.22969\n"}
,{"stream_name":"stdout","time":651.017110366,"data":"SECONDARY_EDGE_TTA_ACTIVE views= 8 weight= 0.75 mean_abs_feat_delta= 0.221891\n"}
,{"stream_name":"stdout","time":651.219687599,"data":"SECONDARY_EDGE_TTA_ACTIVE views= 8 weight= 0.75 mean_abs_feat_delta= 0.221891\n"}
,{"stream_name":"stdout","time":651.760280064,"data":"EDGE_TTA_ACTIVE views= 8 mean_abs_feat_delta= 0.365255\n"}
,{"stream_name":"stdout","time":651.962634061,"data":"EDGE_TTA_ACTIVE views= 8 mean_abs_feat_delta= 0.365255\n"}
,{"stream_name":"stdout","time":652.433880692,"data":"EDGE_TTA_ACTIVE views= 8 mean_abs_feat_delta= 0.326164\n"}
,{"stream_name":"stdout","time":652.636394173,"data":"EDGE_TTA_ACTIVE views= 8 mean_abs_feat_delta= 0.326164\n"}
,{"stream_name":"stdout","time":652.768156197,"data":"SECONDARY_EDGE_TTA_ACTIVE views= 8 weight= 0.75 mean_abs_feat_delta= 0.227887\n"}
,{"stream_name":"stdout","time":652.970794155,"data":"SECONDARY_EDGE_TTA_ACTIVE views= 8 weight= 0.75 mean_abs_feat_delta= 0.227887\n"}
,{"stream_name":"stdout","time":653.441135272,"data":"SECONDARY_EDGE_TTA_ACTIVE views= 8 weight= 0.75 mean_abs_feat_delta= 0.22287\n"}
,{"stream_name":"stdout","time":653.643539921,"data":"SECONDARY_EDGE_TTA_ACTIVE views= 8 weight= 0.75 mean_abs_feat_delta= 0.22287\n"}
,{"stream_name":"stdout","time":653.863840968,"data":"EDGE_TTA_ACTIVE views= 8 mean_abs_feat_delta= 0.364292\n"}
,{"stream_name":"stdout","time":654.066073503,"data":"EDGE_TTA_ACTIVE views= 8 mean_abs_feat_delta= 0.364292\n"}
,{"stream_name":"stdout","time":654.855156912,"data":"EDGE_TTA_ACTIVE views= 8 mean_abs_feat_delta= 0.3318\n"}
,{"stream_name":"stdout","time":654.862394984,"data":"SECONDARY_EDGE_TTA_ACTIVE views= 8 weight= 0.75 mean_abs_feat_delta= 0.229597\n"}
,{"stream_name":"stdout","time":655.057872079,"data":"EDGE_TTA_ACTIVE views= 8 mean_abs_feat_delta= 0.3318\n"}
,{"stream_name":"stdout","time":655.057920949,"data":"SECONDARY_EDGE_TTA_ACTIVE views= 8 weight= 0.75 mean_abs_feat_delta= 0.229597\n"}
,{"stream_name":"stdout","time":655.855166411,"data":"SECONDARY_EDGE_TTA_ACTIVE views= 8 weight= 0.75 mean_abs_feat_delta= 0.226905\n"}
,{"stream_name":"stdout","time":655.965165439,"data":"EDGE_TTA_ACTIVE views= 8 mean_abs_feat_delta= 0.369457\n"}
,{"stream_name":"stdout","time":656.057606816,"data":"SECONDARY_EDGE_TTA_ACTIVE views= 8 weight= 0.75 mean_abs_feat_delta= 0.226905\n"}
,{"stream_name":"stdout","time":656.057638567,"data":"EDGE_TTA_ACTIVE views= 8 mean_abs_feat_delta= 0.369457\n"}
,{"stream_name":"stdout","time":656.962696816,"data":"SECONDARY_EDGE_TTA_ACTIVE views= 8 weight= 0.75 mean_abs_feat_delta= 0.229355\n"}
,{"stream_name":"stdout","time":657.165142592,"data":"SECONDARY_EDGE_TTA_ACTIVE views= 8 weight= 0.75 mean_abs_feat_delta= 0.229355\n"}
,{"stream_name":"stdout","time":657.283048894,"data":"EDGE_TTA_ACTIVE views= 8 mean_abs_feat_delta= 0.332454\n"}
,{"stream_name":"stdout","time":657.485558721,"data":"EDGE_TTA_ACTIVE views= 8 mean_abs_feat_delta= 0.332454\n"}
,{"stream_name":"stdout","time":658.069414582,"data":"EDGE_TTA_ACTIVE views= 8 mean_abs_feat_delta= 0.366989\n"}
,{"stream_name":"stdout","time":658.27149476,"data":"EDGE_TTA_ACTIVE views= 8 mean_abs_feat_delta= 0.366989\n"}
,{"stream_name":"stdout","time":658.279131601,"data":"SECONDARY_EDGE_TTA_ACTIVE views= 8 weight= 0.75 mean_abs_feat_delta= 0.227329\n"}
,{"stream_name":"stdout","time":658.48128178,"data":"SECONDARY_EDGE_TTA_ACTIVE views= 8 weight= 0.75 mean_abs_feat_delta= 0.227329\n"}
,{"stream_name":"stdout","time":659.060659872,"data":"SECONDARY_EDGE_TTA_ACTIVE views= 8 weight= 0.75 mean_abs_feat_delta= 0.228164\n"}
,{"stream_name":"stdout","time":659.262668959,"data":"SECONDARY_EDGE_TTA_ACTIVE views= 8 weight= 0.75 mean_abs_feat_delta= 0.228164\n"}
,{"stream_name":"stdout","time":659.697432767,"data":"EDGE_TTA_ACTIVE views= 8 mean_abs_feat_delta= 0.329795\n"}
,{"stream_name":"stdout","time":659.899865536,"data":"EDGE_TTA_ACTIVE views= 8 mean_abs_feat_delta= 0.329795\n"}
,{"stream_name":"stdout","time":660.149263587,"data":"EDGE_TTA_ACTIVE views= 8 mean_abs_feat_delta= 0.364738\n"}
,{"stream_name":"stdout","time":660.351778658,"data":"EDGE_TTA_ACTIVE views= 8 mean_abs_feat_delta= 0.364738\n"}
,{"stream_name":"stdout","time":660.686721314,"data":"SECONDARY_EDGE_TTA_ACTIVE views= 8 weight= 0.75 mean_abs_feat_delta= 0.227094\n"}
,{"stream_name":"stdout","time":660.889416909,"data":"SECONDARY_EDGE_TTA_ACTIVE views= 8 weight= 0.75 mean_abs_feat_delta= 0.227094\n"}
,{"stream_name":"stdout","time":661.140437862,"data":"SECONDARY_EDGE_TTA_ACTIVE views= 8 weight= 0.75 mean_abs_feat_delta= 0.230204\n"}
,{"stream_name":"stdout","time":661.342838352,"data":"SECONDARY_EDGE_TTA_ACTIVE views= 8 weight= 0.75 mean_abs_feat_delta= 0.230204\n"}
,{"stream_name":"stdout","time":662.11818616,"data":"EDGE_TTA_ACTIVE views= 8 mean_abs_feat_delta= 0.330008\n"}
,{"stream_name":"stdout","time":662.214729595,"data":"EDGE_TTA_ACTIVE views= 8 mean_abs_feat_delta= 0.368159\n"}
,{"stream_name":"stdout","time":662.320664647,"data":"EDGE_TTA_ACTIVE views= 8 mean_abs_feat_delta= 0.330008\n"}
,{"stream_name":"stdout","time":662.320699497,"data":"EDGE_TTA_ACTIVE views= 8 mean_abs_feat_delta= 0.368159\n"}
,{"stream_name":"stdout","time":663.108500046,"data":"SECONDARY_EDGE_TTA_ACTIVE views= 8 weight= 0.75 mean_abs_feat_delta= 0.228038\n"}
,{"stream_name":"stdout","time":663.206662404,"data":"SECONDARY_EDGE_TTA_ACTIVE views= 8 weight= 0.75 mean_abs_feat_delta= 0.229792\n"}
,{"stream_name":"stdout","time":663.310910861,"data":"SECONDARY_EDGE_TTA_ACTIVE views= 8 weight= 0.75 mean_abs_feat_delta= 0.228038\n"}
,{"stream_name":"stdout","time":663.310936995,"data":"SECONDARY_EDGE_TTA_ACTIVE views= 8 weight= 0.75 mean_abs_feat_delta= 0.229792\n"}
,{"stream_name":"stdout","time":664.280600348,"data":"EDGE_TTA_ACTIVE views= 8 mean_abs_feat_delta= 0.370711\n"}
,{"stream_name":"stdout","time":664.483165903,"data":"EDGE_TTA_ACTIVE views= 8 mean_abs_feat_delta= 0.370711\n"}
,{"stream_name":"stdout","time":664.525176755,"data":"EDGE_TTA_ACTIVE views= 8 mean_abs_feat_delta= 0.327924\n"}
,{"stream_name":"stdout","time":664.727599295,"data":"EDGE_TTA_ACTIVE views= 8 mean_abs_feat_delta= 0.327924\n"}
,{"stream_name":"stdout","time":665.255047022,"data":"SECONDARY_EDGE_TTA_ACTIVE views= 8 weight= 0.75 mean_abs_feat_delta= 0.231598\n"}
,{"stream_name":"stdout","time":665.457372116,"data":"SECONDARY_EDGE_TTA_ACTIVE views= 8 weight= 0.75 mean_abs_feat_delta= 0.231598\n"}
,{"stream_name":"stdout","time":665.510195474,"data":"SECONDARY_EDGE_TTA_ACTIVE views= 8 weight= 0.75 mean_abs_feat_delta= 0.226869\n"}
,{"stream_name":"stdout","time":665.712554827,"data":"SECONDARY_EDGE_TTA_ACTIVE views= 8 weight= 0.75 mean_abs_feat_delta= 0.226869\n"}
,{"stream_name":"stdout","time":666.387973605,"data":"EDGE_TTA_ACTIVE views= 8 mean_abs_feat_delta= 0.360618\n"}
,{"stream_name":"stdout","time":666.590358368,"data":"EDGE_TTA_ACTIVE views= 8 mean_abs_feat_delta= 0.360618\n"}
,{"stream_name":"stdout","time":666.89821052,"data":"EDGE_TTA_ACTIVE views= 8 mean_abs_feat_delta= 0.324294\n"}
,{"stream_name":"stdout","time":667.136161913,"data":"EDGE_TTA_ACTIVE views= 8 mean_abs_feat_delta= 0.324294\n"}
,{"stream_name":"stdout","time":667.363628894,"data":"SECONDARY_EDGE_TTA_ACTIVE views= 8 weight= 0.75 mean_abs_feat_delta= 0.237748\n"}
,{"stream_name":"stdout","time":667.566029775,"data":"SECONDARY_EDGE_TTA_ACTIVE views= 8 weight= 0.75 mean_abs_feat_delta= 0.237748\n"}
,{"stream_name":"stdout","time":667.875585585,"data":"SECONDARY_EDGE_TTA_ACTIVE views= 8 weight= 0.75 mean_abs_feat_delta= 0.219975\n"}
,{"stream_name":"stdout","time":668.078061795,"data":"SECONDARY_EDGE_TTA_ACTIVE views= 8 weight= 0.75 mean_abs_feat_delta= 0.219975\n"}
,{"stream_name":"stdout","time":668.477321334,"data":"EDGE_TTA_ACTIVE views= 8 mean_abs_feat_delta= 0.372812\n"}
,{"stream_name":"stdout","time":668.679915052,"data":"EDGE_TTA_ACTIVE views= 8 mean_abs_feat_delta= 0.372812\n"}
,{"stream_name":"stdout","time":669.291976429,"data":"EDGE_TTA_ACTIVE views= 8 mean_abs_feat_delta= 0.329966\n"}
,{"stream_name":"stdout","time":669.45443714,"data":"SECONDARY_EDGE_TTA_ACTIVE views= 8 weight= 0.75 mean_abs_feat_delta= 0.229174\n"}
,{"stream_name":"stdout","time":669.494407381,"data":"EDGE_TTA_ACTIVE views= 8 mean_abs_feat_delta= 0.329966\n"}
,{"stream_name":"stdout","time":669.494462666,"data":"SECONDARY_EDGE_TTA_ACTIVE views= 8 weight= 0.75 mean_abs_feat_delta= 0.229174\n"}
,{"stream_name":"stdout","time":670.267048612,"data":"SECONDARY_EDGE_TTA_ACTIVE views= 8 weight= 0.75 mean_abs_feat_delta= 0.22725\n"}
,{"stream_name":"stdout","time":670.469509964,"data":"SECONDARY_EDGE_TTA_ACTIVE views= 8 weight= 0.75 mean_abs_feat_delta= 0.22725\n"}
,{"stream_name":"stdout","time":670.569527724,"data":"EDGE_TTA_ACTIVE views= 8 mean_abs_feat_delta= 0.374406\n"}
,{"stream_name":"stdout","time":670.771849119,"data":"EDGE_TTA_ACTIVE views= 8 mean_abs_feat_delta= 0.374406\n"}
,{"stream_name":"stdout","time":671.546695186,"data":"SECONDARY_EDGE_TTA_ACTIVE views= 8 weight= 0.75 mean_abs_feat_delta= 0.23239\n"}
,{"stream_name":"stdout","time":671.68408534,"data":"EDGE_TTA_ACTIVE views= 8 mean_abs_feat_delta= 0.322964\n"}
,{"stream_name":"stdout","time":671.749111744,"data":"SECONDARY_EDGE_TTA_ACTIVE views= 8 weight= 0.75 mean_abs_feat_delta= 0.23239\n"}
,{"stream_name":"stdout","time":671.749141161,"data":"EDGE_TTA_ACTIVE views= 8 mean_abs_feat_delta= 0.322964\n"}
,{"stream_name":"stdout","time":672.660172401,"data":"SECONDARY_EDGE_TTA_ACTIVE views= 8 weight= 0.75 mean_abs_feat_delta= 0.225732\n"}
,{"stream_name":"stdout","time":672.680914988,"data":"EDGE_TTA_ACTIVE views= 8 mean_abs_feat_delta= 0.3777\n"}
,{"stream_name":"stdout","time":672.862775097,"data":"SECONDARY_EDGE_TTA_ACTIVE views= 8 weight= 0.75 mean_abs_feat_delta= 0.225732\n"}
,{"stream_name":"stdout","time":672.862804569,"data":"EDGE_TTA_ACTIVE views= 8 mean_abs_feat_delta= 0.3777\n"}
,{"stream_name":"stdout","time":673.658379233,"data":"SECONDARY_EDGE_TTA_ACTIVE views= 8 weight= 0.75 mean_abs_feat_delta= 0.233543\n"}
,{"stream_name":"stdout","time":673.860435019,"data":"SECONDARY_EDGE_TTA_ACTIVE views= 8 weight= 0.75 mean_abs_feat_delta= 0.233543\n"}
,{"stream_name":"stdout","time":674.055685407,"data":"EDGE_TTA_ACTIVE views= 8 mean_abs_feat_delta= 0.329623\n"}
,{"stream_name":"stdout","time":674.257870871,"data":"EDGE_TTA_ACTIVE views= 8 mean_abs_feat_delta= 0.329623\n"}
,{"stream_name":"stdout","time":674.743560817,"data":"EDGE_TTA_ACTIVE views= 8 mean_abs_feat_delta= 0.376339\n"}
,{"stream_name":"stdout","time":674.94586597,"data":"EDGE_TTA_ACTIVE views= 8 mean_abs_feat_delta= 0.376339\n"}
,{"stream_name":"stdout","time":675.033142036,"data":"SECONDARY_EDGE_TTA_ACTIVE views= 8 weight= 0.75 mean_abs_feat_delta= 0.229625\n"}
,{"stream_name":"stdout","time":675.235447499,"data":"SECONDARY_EDGE_TTA_ACTIVE views= 8 weight= 0.75 mean_abs_feat_delta= 0.229625\n"}
,{"stream_name":"stdout","time":675.725173229,"data":"SECONDARY_EDGE_TTA_ACTIVE views= 8 weight= 0.75 mean_abs_feat_delta= 0.230711\n"}
,{"stream_name":"stdout","time":675.927563178,"data":"SECONDARY_EDGE_TTA_ACTIVE views= 8 weight= 0.75 mean_abs_feat_delta= 0.230711\n"}
,{"stream_name":"stdout","time":676.411773223,"data":"EDGE_TTA_ACTIVE views= 8 mean_abs_feat_delta= 0.33189\n"}
,{"stream_name":"stdout","time":676.614393314,"data":"EDGE_TTA_ACTIVE views= 8 mean_abs_feat_delta= 0.33189\n"}
,{"stream_name":"stdout","time":676.821639276,"data":"EDGE_TTA_ACTIVE views= 8 mean_abs_feat_delta= 0.369146\n"}
,{"stream_name":"stdout","time":677.024368375,"data":"EDGE_TTA_ACTIVE views= 8 mean_abs_feat_delta= 0.369146\n"}
,{"stream_name":"stdout","time":677.387336032,"data":"SECONDARY_EDGE_TTA_ACTIVE views= 8 weight= 0.75 mean_abs_feat_delta= 0.229021\n"}
,{"stream_name":"stdout","time":677.589573328,"data":"SECONDARY_EDGE_TTA_ACTIVE views= 8 weight= 0.75 mean_abs_feat_delta= 0.229021\n"}
,{"stream_name":"stdout","time":677.795376682,"data":"SECONDARY_EDGE_TTA_ACTIVE views= 8 weight= 0.75 mean_abs_feat_delta= 0.230076\n"}
,{"stream_name":"stdout","time":677.997700522,"data":"SECONDARY_EDGE_TTA_ACTIVE views= 8 weight= 0.75 mean_abs_feat_delta= 0.230076\n"}
,{"stream_name":"stdout","time":678.764158765,"data":"EDGE_TTA_ACTIVE views= 8 mean_abs_feat_delta= 0.328077\n"}
,{"stream_name":"stdout","time":678.888576985,"data":"EDGE_TTA_ACTIVE views= 8 mean_abs_feat_delta= 0.367025\n"}
,{"stream_name":"stdout","time":678.966933783,"data":"EDGE_TTA_ACTIVE views= 8 mean_abs_feat_delta= 0.328077\n"}
,{"stream_name":"stdout","time":678.966955882,"data":"EDGE_TTA_ACTIVE views= 8 mean_abs_feat_delta= 0.367025\n"}
,{"stream_name":"stdout","time":679.741495852,"data":"SECONDARY_EDGE_TTA_ACTIVE views= 8 weight= 0.75 mean_abs_feat_delta= 0.229917\n"}
,{"stream_name":"stdout","time":679.864002653,"data":"SECONDARY_EDGE_TTA_ACTIVE views= 8 weight= 0.75 mean_abs_feat_delta= 0.23\n"}
,{"stream_name":"stdout","time":679.943730222,"data":"SECONDARY_EDGE_TTA_ACTIVE views= 8 weight= 0.75 mean_abs_feat_delta= 0.229917\n"}
,{"stream_name":"stdout","time":679.943772082,"data":"SECONDARY_EDGE_TTA_ACTIVE views= 8 weight= 0.75 mean_abs_feat_delta= 0.23\n"}
,{"stream_name":"stdout","time":680.973410974,"data":"EDGE_TTA_ACTIVE views= 8 mean_abs_feat_delta= 0.371094\n"}
,{"stream_name":"stdout","time":681.120642144,"data":"EDGE_TTA_ACTIVE views= 8 mean_abs_feat_delta= 0.330658\n"}
,{"stream_name":"stdout","time":681.176076213,"data":"EDGE_TTA_ACTIVE views= 8 mean_abs_feat_delta= 0.371094\n"}
,{"stream_name":"stdout","time":681.176138309,"data":"EDGE_TTA_ACTIVE views= 8 mean_abs_feat_delta= 0.330658\n"}
,{"stream_name":"stdout","time":681.952489091,"data":"SECONDARY_EDGE_TTA_ACTIVE views= 8 weight= 0.75 mean_abs_feat_delta= 0.231427\n"}
,{"stream_name":"stdout","time":682.094016858,"data":"SECONDARY_EDGE_TTA_ACTIVE views= 8 weight= 0.75 mean_abs_feat_delta= 0.232737\n"}
,{"stream_name":"stdout","time":682.154877839,"data":"SECONDARY_EDGE_TTA_ACTIVE views= 8 weight= 0.75 mean_abs_feat_delta= 0.231427\n"}
,{"stream_name":"stdout","time":682.154898957,"data":"SECONDARY_EDGE_TTA_ACTIVE views= 8 weight= 0.75 mean_abs_feat_delta= 0.232737\n"}
,{"stream_name":"stdout","time":683.024722828,"data":"EDGE_TTA_ACTIVE views= 8 mean_abs_feat_delta= 0.375255\n"}
,{"stream_name":"stdout","time":683.227031197,"data":"EDGE_TTA_ACTIVE views= 8 mean_abs_feat_delta= 0.375255\n"}
,{"stream_name":"stdout","time":683.468637202,"data":"EDGE_TTA_ACTIVE views= 8 mean_abs_feat_delta= 0.330195\n"}
,{"stream_name":"stdout","time":683.670984287,"data":"EDGE_TTA_ACTIVE views= 8 mean_abs_feat_delta= 0.330195\n"}
,{"stream_name":"stdout","time":683.999860812,"data":"SECONDARY_EDGE_TTA_ACTIVE views= 8 weight= 0.75 mean_abs_feat_delta= 0.229981\n"}
,{"stream_name":"stdout","time":684.202251402,"data":"SECONDARY_EDGE_TTA_ACTIVE views= 8 weight= 0.75 mean_abs_feat_delta= 0.229981\n"}
,{"stream_name":"stdout","time":684.445604713,"data":"SECONDARY_EDGE_TTA_ACTIVE views= 8 weight= 0.75 mean_abs_feat_delta= 0.227525\n"}
,{"stream_name":"stdout","time":684.647821515,"data":"SECONDARY_EDGE_TTA_ACTIVE views= 8 weight= 0.75 mean_abs_feat_delta= 0.227525\n"}
,{"stream_name":"stdout","time":685.074336894,"data":"EDGE_TTA_ACTIVE views= 8 mean_abs_feat_delta= 0.373994\n"}
,{"stream_name":"stdout","time":685.276594479,"data":"EDGE_TTA_ACTIVE views= 8 mean_abs_feat_delta= 0.373994\n"}
,{"stream_name":"stdout","time":685.844295805,"data":"EDGE_TTA_ACTIVE views= 8 mean_abs_feat_delta= 0.332086\n"}
,{"stream_name":"stdout","time":686.046545167,"data":"EDGE_TTA_ACTIVE views= 8 mean_abs_feat_delta= 0.332086\n"}
,{"stream_name":"stdout","time":686.049337281,"data":"SECONDARY_EDGE_TTA_ACTIVE views= 8 weight= 0.75 mean_abs_feat_delta= 0.229437\n"}
,{"stream_name":"stdout","time":686.251481457,"data":"SECONDARY_EDGE_TTA_ACTIVE views= 8 weight= 0.75 mean_abs_feat_delta= 0.229437\n"}
,{"stream_name":"stdout","time":686.818364043,"data":"SECONDARY_EDGE_TTA_ACTIVE views= 8 weight= 0.75 mean_abs_feat_delta= 0.228923\n"}
,{"stream_name":"stdout","time":687.020785777,"data":"SECONDARY_EDGE_TTA_ACTIVE views= 8 weight= 0.75 mean_abs_feat_delta= 0.228923\n"}
,{"stream_name":"stdout","time":687.124037453,"data":"EDGE_TTA_ACTIVE views= 8 mean_abs_feat_delta= 0.366011\n"}
,{"stream_name":"stdout","time":687.326245511,"data":"EDGE_TTA_ACTIVE views= 8 mean_abs_feat_delta= 0.366011\n"}
,{"stream_name":"stdout","time":688.096075756,"data":"SECONDARY_EDGE_TTA_ACTIVE views= 8 weight= 0.75 mean_abs_feat_delta= 0.229485\n"}
,{"stream_name":"stdout","time":688.211775322,"data":"EDGE_TTA_ACTIVE views= 8 mean_abs_feat_delta= 0.334902\n"}
,{"stream_name":"stdout","time":688.298508675,"data":"SECONDARY_EDGE_TTA_ACTIVE views= 8 weight= 0.75 mean_abs_feat_delta= 0.229485\n"}
,{"stream_name":"stdout","time":688.298557256,"data":"EDGE_TTA_ACTIVE views= 8 mean_abs_feat_delta= 0.334902\n"}
,{"stream_name":"stdout","time":689.188377049,"data":"EDGE_TTA_ACTIVE views= 8 mean_abs_feat_delta= 0.364698\n"}
,{"stream_name":"stdout","time":689.189428836,"data":"SECONDARY_EDGE_TTA_ACTIVE views= 8 weight= 0.75 mean_abs_feat_delta= 0.234703\n"}
,{"stream_name":"stdout","time":689.39081989,"data":"EDGE_TTA_ACTIVE views= 8 mean_abs_feat_delta= 0.364698\n"}
,{"stream_name":"stdout","time":689.390844337,"data":"SECONDARY_EDGE_TTA_ACTIVE views= 8 weight= 0.75 mean_abs_feat_delta= 0.234703\n"}
,{"stream_name":"stdout","time":690.162677615,"data":"SECONDARY_EDGE_TTA_ACTIVE views= 8 weight= 0.75 mean_abs_feat_delta= 0.234306\n"}
,{"stream_name":"stdout","time":690.365093337,"data":"SECONDARY_EDGE_TTA_ACTIVE views= 8 weight= 0.75 mean_abs_feat_delta= 0.234306\n"}
,{"stream_name":"stdout","time":690.606155903,"data":"EDGE_TTA_ACTIVE views= 8 mean_abs_feat_delta= 0.331026\n"}
,{"stream_name":"stdout","time":690.808371919,"data":"EDGE_TTA_ACTIVE views= 8 mean_abs_feat_delta= 0.331026\n"}
,{"stream_name":"stdout","time":691.235811939,"data":"EDGE_TTA_ACTIVE views= 8 mean_abs_feat_delta= 0.366732\n"}
,{"stream_name":"stdout","time":691.438052329,"data":"EDGE_TTA_ACTIVE views= 8 mean_abs_feat_delta= 0.366732\n"}
,{"stream_name":"stdout","time":691.579775568,"data":"SECONDARY_EDGE_TTA_ACTIVE views= 8 weight= 0.75 mean_abs_feat_delta= 0.228868\n"}
,{"stream_name":"stdout","time":691.782570632,"data":"SECONDARY_EDGE_TTA_ACTIVE views= 8 weight= 0.75 mean_abs_feat_delta= 0.228868\n"}
,{"stream_name":"stdout","time":692.209481176,"data":"SECONDARY_EDGE_TTA_ACTIVE views= 8 weight= 0.75 mean_abs_feat_delta= 0.235733\n"}
,{"stream_name":"stdout","time":692.411880062,"data":"SECONDARY_EDGE_TTA_ACTIVE views= 8 weight= 0.75 mean_abs_feat_delta= 0.235733\n"}
,{"stream_name":"stdout","time":692.955748218,"data":"EDGE_TTA_ACTIVE views= 8 mean_abs_feat_delta= 0.33352\n"}
,{"stream_name":"stdout","time":693.158102287,"data":"EDGE_TTA_ACTIVE views= 8 mean_abs_feat_delta= 0.33352\n"}
,{"stream_name":"stdout","time":693.299860356,"data":"EDGE_TTA_ACTIVE views= 8 mean_abs_feat_delta= 0.370041\n"}
,{"stream_name":"stdout","time":693.502102301,"data":"EDGE_TTA_ACTIVE views= 8 mean_abs_feat_delta= 0.370041\n"}
,{"stream_name":"stdout","time":693.931162608,"data":"SECONDARY_EDGE_TTA_ACTIVE views= 8 weight= 0.75 mean_abs_feat_delta= 0.229406\n"}
,{"stream_name":"stdout","time":694.133571176,"data":"SECONDARY_EDGE_TTA_ACTIVE views= 8 weight= 0.75 mean_abs_feat_delta= 0.229406\n"}
,{"stream_name":"stdout","time":694.2766735,"data":"SECONDARY_EDGE_TTA_ACTIVE views= 8 weight= 0.75 mean_abs_feat_delta= 0.231775\n"}
,{"stream_name":"stdout","time":694.479022065,"data":"SECONDARY_EDGE_TTA_ACTIVE views= 8 weight= 0.75 mean_abs_feat_delta= 0.231775\n"}
,{"stream_name":"stdout","time":695.346888006,"data":"EDGE_TTA_ACTIVE views= 8 mean_abs_feat_delta= 0.333668\n"}
,{"stream_name":"stdout","time":695.367874888,"data":"EDGE_TTA_ACTIVE views= 8 mean_abs_feat_delta= 0.367914\n"}
,{"stream_name":"stdout","time":695.549341824,"data":"EDGE_TTA_ACTIVE views= 8 mean_abs_feat_delta= 0.333668\n"}
,{"stream_name":"stdout","time":695.549369647,"data":"EDGE_TTA_ACTIVE views= 8 mean_abs_feat_delta= 0.367914\n"}
,{"stream_name":"stdout","time":696.329988699,"data":"SECONDARY_EDGE_TTA_ACTIVE views= 8 weight= 0.75 mean_abs_feat_delta= 0.228734\n"}
,{"stream_name":"stdout","time":696.344513229,"data":"SECONDARY_EDGE_TTA_ACTIVE views= 8 weight= 0.75 mean_abs_feat_delta= 0.227854\n"}
,{"stream_name":"stdout","time":696.532591545,"data":"SECONDARY_EDGE_TTA_ACTIVE views= 8 weight= 0.75 mean_abs_feat_delta= 0.228734\n"}
,{"stream_name":"stdout","time":696.532635226,"data":"SECONDARY_EDGE_TTA_ACTIVE views= 8 weight= 0.75 mean_abs_feat_delta= 0.227854\n"}
,{"stream_name":"stdout","time":697.495846619,"data":"EDGE_TTA_ACTIVE views= 8 mean_abs_feat_delta= 0.352519\n"}
,{"stream_name":"stdout","time":697.715806269,"data":"EDGE_TTA_ACTIVE views= 8 mean_abs_feat_delta= 0.326117\n"}
,{"stream_name":"stdout","time":697.736551057,"data":"EDGE_TTA_ACTIVE views= 8 mean_abs_feat_delta= 0.352519\n"}
,{"stream_name":"stdout","time":697.917631831,"data":"EDGE_TTA_ACTIVE views= 8 mean_abs_feat_delta= 0.326117\n"}
,{"stream_name":"stdout","time":698.470551909,"data":"SECONDARY_EDGE_TTA_ACTIVE views= 8 weight= 0.75 mean_abs_feat_delta= 0.232249\n"}
,{"stream_name":"stdout","time":698.474448482,"data":"BIOHUB_RETENTION_GUARD {\"blended_candidates\": 66, \"dataset\": \"6bba_05b6850b\", \"frame\": 43, \"minimum_retention\": 0.9, \"primary_candidates\": 74, \"retention\": 0.8918918918918919, \"use_primary\": true}\n"}
,{"stream_name":"stdout","time":698.672727897,"data":"SECONDARY_EDGE_TTA_ACTIVE views= 8 weight= 0.75 mean_abs_feat_delta= 0.232249\n"}
,{"stream_name":"stdout","time":698.672764141,"data":"BIOHUB_RETENTION_GUARD {\"blended_candidates\": 66, \"dataset\": \"6bba_05b6850b\", \"frame\": 43, \"minimum_retention\": 0.9, \"primary_candidates\": 74, \"retention\": 0.8918918918918919, \"use_primary\": true}\n"}
,{"stream_name":"stdout","time":698.693568018,"data":"SECONDARY_EDGE_TTA_ACTIVE views= 8 weight= 0.75 mean_abs_feat_delta= 0.227258\n"}
,{"stream_name":"stdout","time":698.895889104,"data":"SECONDARY_EDGE_TTA_ACTIVE views= 8 weight= 0.75 mean_abs_feat_delta= 0.227258\n"}
,{"stream_name":"stdout","time":699.584358686,"data":"EDGE_TTA_ACTIVE views= 8 mean_abs_feat_delta= 0.36891\n"}
,{"stream_name":"stdout","time":699.787111323,"data":"EDGE_TTA_ACTIVE views= 8 mean_abs_feat_delta= 0.36891\n"}
,{"stream_name":"stdout","time":700.086327496,"data":"EDGE_TTA_ACTIVE views= 8 mean_abs_feat_delta= 0.327201\n"}
,{"stream_name":"stdout","time":700.288344048,"data":"EDGE_TTA_ACTIVE views= 8 mean_abs_feat_delta= 0.327201\n"}
,{"stream_name":"stdout","time":700.573220435,"data":"SECONDARY_EDGE_TTA_ACTIVE views= 8 weight= 0.75 mean_abs_feat_delta= 0.226463\n"}
,{"stream_name":"stdout","time":700.775750394,"data":"SECONDARY_EDGE_TTA_ACTIVE views= 8 weight= 0.75 mean_abs_feat_delta= 0.226463\n"}
,{"stream_name":"stdout","time":701.075431255,"data":"SECONDARY_EDGE_TTA_ACTIVE views= 8 weight= 0.75 mean_abs_feat_delta= 0.232919\n"}
,{"stream_name":"stdout","time":701.278018071,"data":"SECONDARY_EDGE_TTA_ACTIVE views= 8 weight= 0.75 mean_abs_feat_delta= 0.232919\n"}
,{"stream_name":"stdout","time":701.688665053,"data":"EDGE_TTA_ACTIVE views= 8 mean_abs_feat_delta= 0.372785\n"}
,{"stream_name":"stdout","time":701.891066623,"data":"EDGE_TTA_ACTIVE views= 8 mean_abs_feat_delta= 0.372785\n"}
,{"stream_name":"stdout","time":702.478890095,"data":"EDGE_TTA_ACTIVE views= 8 mean_abs_feat_delta= 0.330095\n"}
,{"stream_name":"stdout","time":702.668688402,"data":"SECONDARY_EDGE_TTA_ACTIVE views= 8 weight= 0.75 mean_abs_feat_delta= 0.232529\n"}
,{"stream_name":"stdout","time":702.681251119,"data":"EDGE_TTA_ACTIVE views= 8 mean_abs_feat_delta= 0.330095\n"}
,{"stream_name":"stdout","time":702.681271057,"data":"SECONDARY_EDGE_TTA_ACTIVE views= 8 weight= 0.75 mean_abs_feat_delta= 0.232529\n"}
,{"stream_name":"stdout","time":703.469686573,"data":"SECONDARY_EDGE_TTA_ACTIVE views= 8 weight= 0.75 mean_abs_feat_delta= 0.237762\n"}
,{"stream_name":"stdout","time":703.672003133,"data":"SECONDARY_EDGE_TTA_ACTIVE views= 8 weight= 0.75 mean_abs_feat_delta= 0.237762\n"}
,{"stream_name":"stdout","time":703.796621785,"data":"EDGE_TTA_ACTIVE views= 8 mean_abs_feat_delta= 0.372432\n"}
,{"stream_name":"stdout","time":703.998884183,"data":"EDGE_TTA_ACTIVE views= 8 mean_abs_feat_delta= 0.372432\n"}
,{"stream_name":"stdout","time":704.786968605,"data":"SECONDARY_EDGE_TTA_ACTIVE views= 8 weight= 0.75 mean_abs_feat_delta= 0.234792\n"}
,{"stream_name":"stdout","time":704.85090782,"data":"EDGE_TTA_ACTIVE views= 8 mean_abs_feat_delta= 0.333419\n"}
,{"stream_name":"stdout","time":704.989638684,"data":"SECONDARY_EDGE_TTA_ACTIVE views= 8 weight= 0.75 mean_abs_feat_delta= 0.234792\n"}
,{"stream_name":"stdout","time":704.98967176,"data":"EDGE_TTA_ACTIVE views= 8 mean_abs_feat_delta= 0.333419\n"}
,{"stream_name":"stdout","time":705.841762217,"data":"SECONDARY_EDGE_TTA_ACTIVE views= 8 weight= 0.75 mean_abs_feat_delta= 0.238631\n"}
,{"stream_name":"stdout","time":705.88625293,"data":"EDGE_TTA_ACTIVE views= 8 mean_abs_feat_delta= 0.371331\n"}
,{"stream_name":"stdout","time":706.044031482,"data":"SECONDARY_EDGE_TTA_ACTIVE views= 8 weight= 0.75 mean_abs_feat_delta= 0.238631\n"}
,{"stream_name":"stdout","time":706.044053804,"data":"EDGE_TTA_ACTIVE views= 8 mean_abs_feat_delta= 0.371331\n"}
,{"stream_name":"stdout","time":706.877459877,"data":"SECONDARY_EDGE_TTA_ACTIVE views= 8 weight= 0.75 mean_abs_feat_delta= 0.233309\n"}
,{"stream_name":"stdout","time":707.079918842,"data":"SECONDARY_EDGE_TTA_ACTIVE views= 8 weight= 0.75 mean_abs_feat_delta= 0.233309\n"}
,{"stream_name":"stdout","time":707.232824096,"data":"EDGE_TTA_ACTIVE views= 8 mean_abs_feat_delta= 0.338616\n"}
,{"stream_name":"stdout","time":707.434796605,"data":"EDGE_TTA_ACTIVE views= 8 mean_abs_feat_delta= 0.338616\n"}
,{"stream_name":"stdout","time":707.990739485,"data":"EDGE_TTA_ACTIVE views= 8 mean_abs_feat_delta= 0.369641\n"}
,{"stream_name":"stdout","time":708.193243065,"data":"EDGE_TTA_ACTIVE views= 8 mean_abs_feat_delta= 0.369641\n"}
,{"stream_name":"stdout","time":708.221401761,"data":"SECONDARY_EDGE_TTA_ACTIVE views= 8 weight= 0.75 mean_abs_feat_delta= 0.236776\n"}
,{"stream_name":"stdout","time":708.423356316,"data":"SECONDARY_EDGE_TTA_ACTIVE views= 8 weight= 0.75 mean_abs_feat_delta= 0.236776\n"}
,{"stream_name":"stdout","time":708.982299517,"data":"SECONDARY_EDGE_TTA_ACTIVE views= 8 weight= 0.75 mean_abs_feat_delta= 0.231091\n"}
,{"stream_name":"stdout","time":709.184756662,"data":"SECONDARY_EDGE_TTA_ACTIVE views= 8 weight= 0.75 mean_abs_feat_delta= 0.231091\n"}
,{"stream_name":"stdout","time":709.615153289,"data":"EDGE_TTA_ACTIVE views= 8 mean_abs_feat_delta= 0.335349\n"}
,{"stream_name":"stdout","time":709.817557986,"data":"EDGE_TTA_ACTIVE views= 8 mean_abs_feat_delta= 0.335349\n"}
,{"stream_name":"stdout","time":710.109684089,"data":"EDGE_TTA_ACTIVE views= 8 mean_abs_feat_delta= 0.371647\n"}
,{"stream_name":"stdout","time":710.312064932,"data":"EDGE_TTA_ACTIVE views= 8 mean_abs_feat_delta= 0.371647\n"}
,{"stream_name":"stdout","time":710.61197185,"data":"SECONDARY_EDGE_TTA_ACTIVE views= 8 weight= 0.75 mean_abs_feat_delta= 0.233805\n"}
,{"stream_name":"stdout","time":710.814384648,"data":"SECONDARY_EDGE_TTA_ACTIVE views= 8 weight= 0.75 mean_abs_feat_delta= 0.233805\n"}
,{"stream_name":"stdout","time":711.103494629,"data":"SECONDARY_EDGE_TTA_ACTIVE views= 8 weight= 0.75 mean_abs_feat_delta= 0.231415\n"}
,{"stream_name":"stdout","time":711.305801479,"data":"SECONDARY_EDGE_TTA_ACTIVE views= 8 weight= 0.75 mean_abs_feat_delta= 0.231415\n"}
,{"stream_name":"stdout","time":712.013794763,"data":"EDGE_TTA_ACTIVE views= 8 mean_abs_feat_delta= 0.337635\n"}
,{"stream_name":"stdout","time":712.195264789,"data":"EDGE_TTA_ACTIVE views= 8 mean_abs_feat_delta= 0.368025\n"}
,{"stream_name":"stdout","time":712.216390162,"data":"EDGE_TTA_ACTIVE views= 8 mean_abs_feat_delta= 0.337635\n"}
,{"stream_name":"stdout","time":712.216413635,"data":"EDGE_TTA_ACTIVE views= 8 mean_abs_feat_delta= 0.368025\n"}
,{"stream_name":"stdout","time":713.006046221,"data":"SECONDARY_EDGE_TTA_ACTIVE views= 8 weight= 0.75 mean_abs_feat_delta= 0.2393\n"}
,{"stream_name":"stdout","time":713.193251277,"data":"SECONDARY_EDGE_TTA_ACTIVE views= 8 weight= 0.75 mean_abs_feat_delta= 0.232042\n"}
,{"stream_name":"stdout","time":713.208667202,"data":"SECONDARY_EDGE_TTA_ACTIVE views= 8 weight= 0.75 mean_abs_feat_delta= 0.2393\n"}
,{"stream_name":"stdout","time":713.208688692,"data":"SECONDARY_EDGE_TTA_ACTIVE views= 8 weight= 0.75 mean_abs_feat_delta= 0.232042\n"}
,{"stream_name":"stdout","time":714.289717438,"data":"EDGE_TTA_ACTIVE views= 8 mean_abs_feat_delta= 0.362922\n"}
,{"stream_name":"stdout","time":714.411628475,"data":"EDGE_TTA_ACTIVE views= 8 mean_abs_feat_delta= 0.336677\n"}
,{"stream_name":"stdout","time":714.492356357,"data":"EDGE_TTA_ACTIVE views= 8 mean_abs_feat_delta= 0.362922\n"}
,{"stream_name":"stdout","time":714.492382256,"data":"EDGE_TTA_ACTIVE views= 8 mean_abs_feat_delta= 0.336677\n"}
,{"stream_name":"stdout","time":715.286535929,"data":"SECONDARY_EDGE_TTA_ACTIVE views= 8 weight= 0.75 mean_abs_feat_delta= 0.232766\n"}
,{"stream_name":"stdout","time":715.406847172,"data":"SECONDARY_EDGE_TTA_ACTIVE views= 8 weight= 0.75 mean_abs_feat_delta= 0.241418\n"}
,{"stream_name":"stdout","time":715.489035181,"data":"SECONDARY_EDGE_TTA_ACTIVE views= 8 weight= 0.75 mean_abs_feat_delta= 0.232766\n"}
,{"stream_name":"stdout","time":715.489059254,"data":"SECONDARY_EDGE_TTA_ACTIVE views= 8 weight= 0.75 mean_abs_feat_delta= 0.241418\n"}
,{"stream_name":"stdout","time":716.441263229,"data":"EDGE_TTA_ACTIVE views= 8 mean_abs_feat_delta= 0.352705\n"}
,{"stream_name":"stdout","time":716.643662567,"data":"EDGE_TTA_ACTIVE views= 8 mean_abs_feat_delta= 0.352705\n"}
,{"stream_name":"stdout","time":716.790573789,"data":"EDGE_TTA_ACTIVE views= 8 mean_abs_feat_delta= 0.334169\n"}
,{"stream_name":"stdout","time":716.992773391,"data":"EDGE_TTA_ACTIVE views= 8 mean_abs_feat_delta= 0.334169\n"}
,{"stream_name":"stdout","time":717.441942952,"data":"SECONDARY_EDGE_TTA_ACTIVE views= 8 weight= 0.75 mean_abs_feat_delta= 0.235979\n"}
,{"stream_name":"stdout","time":717.644290904,"data":"SECONDARY_EDGE_TTA_ACTIVE views= 8 weight= 0.75 mean_abs_feat_delta= 0.235979\n"}
,{"stream_name":"stdout","time":717.787428291,"data":"SECONDARY_EDGE_TTA_ACTIVE views= 8 weight= 0.75 mean_abs_feat_delta= 0.240548\n"}
,{"stream_name":"stdout","time":717.989837252,"data":"SECONDARY_EDGE_TTA_ACTIVE views= 8 weight= 0.75 mean_abs_feat_delta= 0.240548\n"}
,{"stream_name":"stdout","time":718.549849834,"data":"EDGE_TTA_ACTIVE views= 8 mean_abs_feat_delta= 0.336896\n"}
,{"stream_name":"stdout","time":718.752278147,"data":"EDGE_TTA_ACTIVE views= 8 mean_abs_feat_delta= 0.336896\n"}
,{"stream_name":"stdout","time":719.119022931,"data":"EDGE_TTA_ACTIVE views= 8 mean_abs_feat_delta= 0.334586\n"}
,{"stream_name":"stdout","time":719.32128551,"data":"EDGE_TTA_ACTIVE views= 8 mean_abs_feat_delta= 0.334586\n"}
,{"stream_name":"stdout","time":719.553962905,"data":"SECONDARY_EDGE_TTA_ACTIVE views= 8 weight= 0.75 mean_abs_feat_delta= 0.241376\n"}
,{"stream_name":"stdout","time":719.756301967,"data":"SECONDARY_EDGE_TTA_ACTIVE views= 8 weight= 0.75 mean_abs_feat_delta= 0.241376\n"}
,{"stream_name":"stdout","time":720.113721688,"data":"SECONDARY_EDGE_TTA_ACTIVE views= 8 weight= 0.75 mean_abs_feat_delta= 0.239217\n"}
,{"stream_name":"stdout","time":720.316042834,"data":"SECONDARY_EDGE_TTA_ACTIVE views= 8 weight= 0.75 mean_abs_feat_delta= 0.239217\n"}
,{"stream_name":"stdout","time":720.697650935,"data":"EDGE_TTA_ACTIVE views= 8 mean_abs_feat_delta= 0.34476\n"}
,{"stream_name":"stdout","time":720.900197851,"data":"EDGE_TTA_ACTIVE views= 8 mean_abs_feat_delta= 0.34476\n"}
,{"stream_name":"stdout","time":721.516366416,"data":"EDGE_TTA_ACTIVE views= 8 mean_abs_feat_delta= 0.333591\n"}
,{"stream_name":"stdout","time":721.697268996,"data":"SECONDARY_EDGE_TTA_ACTIVE views= 8 weight= 0.75 mean_abs_feat_delta= 0.233304\n"}
,{"stream_name":"stdout","time":721.719084916,"data":"EDGE_TTA_ACTIVE views= 8 mean_abs_feat_delta= 0.333591\n"}
,{"stream_name":"stdout","time":721.719153355,"data":"SECONDARY_EDGE_TTA_ACTIVE views= 8 weight= 0.75 mean_abs_feat_delta= 0.233304\n"}
,{"stream_name":"stdout","time":722.51096985,"data":"SECONDARY_EDGE_TTA_ACTIVE views= 8 weight= 0.75 mean_abs_feat_delta= 0.238117\n"}
,{"stream_name":"stdout","time":722.713413587,"data":"SECONDARY_EDGE_TTA_ACTIVE views= 8 weight= 0.75 mean_abs_feat_delta= 0.238117\n"}
,{"stream_name":"stdout","time":722.824443915,"data":"EDGE_TTA_ACTIVE views= 8 mean_abs_feat_delta= 0.351291\n"}
,{"stream_name":"stdout","time":723.026762836,"data":"EDGE_TTA_ACTIVE views= 8 mean_abs_feat_delta= 0.351291\n"}
,{"stream_name":"stdout","time":723.829743131,"data":"SECONDARY_EDGE_TTA_ACTIVE views= 8 weight= 0.75 mean_abs_feat_delta= 0.237349\n"}
,{"stream_name":"stdout","time":723.895440954,"data":"EDGE_TTA_ACTIVE views= 8 mean_abs_feat_delta= 0.333424\n"}
,{"stream_name":"stdout","time":724.032188729,"data":"SECONDARY_EDGE_TTA_ACTIVE views= 8 weight= 0.75 mean_abs_feat_delta= 0.237349\n"}
,{"stream_name":"stdout","time":724.032229137,"data":"EDGE_TTA_ACTIVE views= 8 mean_abs_feat_delta= 0.333424\n"}
,{"stream_name":"stdout","time":724.894881026,"data":"SECONDARY_EDGE_TTA_ACTIVE views= 8 weight= 0.75 mean_abs_feat_delta= 0.241111\n"}
,{"stream_name":"stdout","time":724.97185331,"data":"EDGE_TTA_ACTIVE views= 8 mean_abs_feat_delta= 0.350787\n"}
,{"stream_name":"stdout","time":725.096973463,"data":"SECONDARY_EDGE_TTA_ACTIVE views= 8 weight= 0.75 mean_abs_feat_delta= 0.241111\n"}
,{"stream_name":"stdout","time":725.096996146,"data":"EDGE_TTA_ACTIVE views= 8 mean_abs_feat_delta= 0.350787\n"}
,{"stream_name":"stdout","time":725.972046547,"data":"SECONDARY_EDGE_TTA_ACTIVE views= 8 weight= 0.75 mean_abs_feat_delta= 0.237192\n"}
,{"stream_name":"stdout","time":726.174329079,"data":"SECONDARY_EDGE_TTA_ACTIVE views= 8 weight= 0.75 mean_abs_feat_delta= 0.237192\n"}
,{"stream_name":"stdout","time":726.301246643,"data":"EDGE_TTA_ACTIVE views= 8 mean_abs_feat_delta= 0.329672\n"}
,{"stream_name":"stdout","time":726.503329634,"data":"EDGE_TTA_ACTIVE views= 8 mean_abs_feat_delta= 0.329672\n"}
,{"stream_name":"stdout","time":727.059227321,"data":"EDGE_TTA_ACTIVE views= 8 mean_abs_feat_delta= 0.352459\n"}
,{"stream_name":"stdout","time":727.261237016,"data":"EDGE_TTA_ACTIVE views= 8 mean_abs_feat_delta= 0.352459\n"}
,{"stream_name":"stdout","time":727.29732697,"data":"SECONDARY_EDGE_TTA_ACTIVE views= 8 weight= 0.75 mean_abs_feat_delta= 0.233408\n"}
,{"stream_name":"stdout","time":727.499590858,"data":"SECONDARY_EDGE_TTA_ACTIVE views= 8 weight= 0.75 mean_abs_feat_delta= 0.233408\n"}
,{"stream_name":"stdout","time":728.062979144,"data":"SECONDARY_EDGE_TTA_ACTIVE views= 8 weight= 0.75 mean_abs_feat_delta= 0.23579\n"}
,{"stream_name":"stdout","time":728.305595363,"data":"SECONDARY_EDGE_TTA_ACTIVE views= 8 weight= 0.75 mean_abs_feat_delta= 0.23579\n"}
,{"stream_name":"stdout","time":728.692168391,"data":"EDGE_TTA_ACTIVE views= 8 mean_abs_feat_delta= 0.330847\n"}
,{"stream_name":"stdout","time":728.894291298,"data":"EDGE_TTA_ACTIVE views= 8 mean_abs_feat_delta= 0.330847\n"}
,{"stream_name":"stdout","time":729.189942166,"data":"EDGE_TTA_ACTIVE views= 8 mean_abs_feat_delta= 0.343926\n"}
,{"stream_name":"stdout","time":729.391962405,"data":"EDGE_TTA_ACTIVE views= 8 mean_abs_feat_delta= 0.343926\n"}
,{"stream_name":"stdout","time":729.690409225,"data":"SECONDARY_EDGE_TTA_ACTIVE views= 8 weight= 0.75 mean_abs_feat_delta= 0.236893\n"}
,{"stream_name":"stdout","time":729.892588339,"data":"SECONDARY_EDGE_TTA_ACTIVE views= 8 weight= 0.75 mean_abs_feat_delta= 0.236893\n"}
,{"stream_name":"stdout","time":730.193425909,"data":"SECONDARY_EDGE_TTA_ACTIVE views= 8 weight= 0.75 mean_abs_feat_delta= 0.245733\n"}
,{"stream_name":"stdout","time":730.395682349,"data":"SECONDARY_EDGE_TTA_ACTIVE views= 8 weight= 0.75 mean_abs_feat_delta= 0.245733\n"}
,{"stream_name":"stdout","time":731.079539786,"data":"EDGE_TTA_ACTIVE views= 8 mean_abs_feat_delta= 0.332545\n"}
,{"stream_name":"stdout","time":731.281904724,"data":"EDGE_TTA_ACTIVE views= 8 mean_abs_feat_delta= 0.332545\n"}
,{"stream_name":"stdout","time":731.332831053,"data":"EDGE_TTA_ACTIVE views= 8 mean_abs_feat_delta= 0.361961\n"}
,{"stream_name":"stdout","time":731.53500642,"data":"EDGE_TTA_ACTIVE views= 8 mean_abs_feat_delta= 0.361961\n"}
,{"stream_name":"stdout","time":732.075992318,"data":"SECONDARY_EDGE_TTA_ACTIVE views= 8 weight= 0.75 mean_abs_feat_delta= 0.244446\n"}
,{"stream_name":"stdout","time":732.27825027,"data":"SECONDARY_EDGE_TTA_ACTIVE views= 8 weight= 0.75 mean_abs_feat_delta= 0.244446\n"}
,{"stream_name":"stdout","time":732.334640543,"data":"SECONDARY_EDGE_TTA_ACTIVE views= 8 weight= 0.75 mean_abs_feat_delta= 0.237609\n"}
,{"stream_name":"stdout","time":732.537017787,"data":"SECONDARY_EDGE_TTA_ACTIVE views= 8 weight= 0.75 mean_abs_feat_delta= 0.237609\n"}
,{"stream_name":"stdout","time":733.463075646,"data":"EDGE_TTA_ACTIVE views= 8 mean_abs_feat_delta= 0.359198\n"}
,{"stream_name":"stdout","time":733.471975819,"data":"EDGE_TTA_ACTIVE views= 8 mean_abs_feat_delta= 0.333406\n"}
,{"stream_name":"stdout","time":733.665534702,"data":"EDGE_TTA_ACTIVE views= 8 mean_abs_feat_delta= 0.359198\n"}
,{"stream_name":"stdout","time":733.665574634,"data":"EDGE_TTA_ACTIVE views= 8 mean_abs_feat_delta= 0.333406\n"}
,{"stream_name":"stdout","time":734.463105382,"data":"SECONDARY_EDGE_TTA_ACTIVE views= 8 weight= 0.75 mean_abs_feat_delta= 0.24975\n"}
,{"stream_name":"stdout","time":734.471619733,"data":"SECONDARY_EDGE_TTA_ACTIVE views= 8 weight= 0.75 mean_abs_feat_delta= 0.249633\n"}
,{"stream_name":"stdout","time":734.665419261,"data":"SECONDARY_EDGE_TTA_ACTIVE views= 8 weight= 0.75 mean_abs_feat_delta= 0.24975\n"}
,{"stream_name":"stdout","time":734.665494321,"data":"SECONDARY_EDGE_TTA_ACTIVE views= 8 weight= 0.75 mean_abs_feat_delta= 0.249633\n"}
,{"stream_name":"stdout","time":735.584854297,"data":"EDGE_TTA_ACTIVE views= 8 mean_abs_feat_delta= 0.364122\n"}
,{"stream_name":"stdout","time":735.787205997,"data":"EDGE_TTA_ACTIVE views= 8 mean_abs_feat_delta= 0.364122\n"}
,{"stream_name":"stdout","time":735.816771907,"data":"EDGE_TTA_ACTIVE views= 8 mean_abs_feat_delta= 0.33416\n"}
,{"stream_name":"stdout","time":736.019321628,"data":"EDGE_TTA_ACTIVE views= 8 mean_abs_feat_delta= 0.33416\n"}
,{"stream_name":"stdout","time":736.586381195,"data":"SECONDARY_EDGE_TTA_ACTIVE views= 8 weight= 0.75 mean_abs_feat_delta= 0.23735\n"}
,{"stream_name":"stdout","time":736.788764648,"data":"SECONDARY_EDGE_TTA_ACTIVE views= 8 weight= 0.75 mean_abs_feat_delta= 0.23735\n"}
,{"stream_name":"stdout","time":736.812419847,"data":"SECONDARY_EDGE_TTA_ACTIVE views= 8 weight= 0.75 mean_abs_feat_delta= 0.246702\n"}
,{"stream_name":"stdout","time":737.014808533,"data":"SECONDARY_EDGE_TTA_ACTIVE views= 8 weight= 0.75 mean_abs_feat_delta= 0.246702\n"}
,{"stream_name":"stdout","time":737.683330616,"data":"EDGE_TTA_ACTIVE views= 8 mean_abs_feat_delta= 0.357428\n"}
,{"stream_name":"stdout","time":737.885908403,"data":"EDGE_TTA_ACTIVE views= 8 mean_abs_feat_delta= 0.357428\n"}
,{"stream_name":"stdout","time":738.154934721,"data":"EDGE_TTA_ACTIVE views= 8 mean_abs_feat_delta= 0.335015\n"}
,{"stream_name":"stdout","time":738.357378354,"data":"EDGE_TTA_ACTIVE views= 8 mean_abs_feat_delta= 0.335015\n"}
,{"stream_name":"stdout","time":738.679135894,"data":"SECONDARY_EDGE_TTA_ACTIVE views= 8 weight= 0.75 mean_abs_feat_delta= 0.239857\n"}
,{"stream_name":"stdout","time":738.881457032,"data":"SECONDARY_EDGE_TTA_ACTIVE views= 8 weight= 0.75 mean_abs_feat_delta= 0.239857\n"}
,{"stream_name":"stdout","time":739.150713724,"data":"SECONDARY_EDGE_TTA_ACTIVE views= 8 weight= 0.75 mean_abs_feat_delta= 0.239557\n"}
,{"stream_name":"stdout","time":739.353196158,"data":"SECONDARY_EDGE_TTA_ACTIVE views= 8 weight= 0.75 mean_abs_feat_delta= 0.239557\n"}
,{"stream_name":"stdout","time":739.808997728,"data":"EDGE_TTA_ACTIVE views= 8 mean_abs_feat_delta= 0.343652\n"}
,{"stream_name":"stdout","time":740.01154972,"data":"EDGE_TTA_ACTIVE views= 8 mean_abs_feat_delta= 0.343652\n"}
,{"stream_name":"stdout","time":740.505175884,"data":"EDGE_TTA_ACTIVE views= 8 mean_abs_feat_delta= 0.342511\n"}
,{"stream_name":"stdout","time":740.707456456,"data":"EDGE_TTA_ACTIVE views= 8 mean_abs_feat_delta= 0.342511\n"}
,{"stream_name":"stdout","time":740.803273544,"data":"SECONDARY_EDGE_TTA_ACTIVE views= 8 weight= 0.75 mean_abs_feat_delta= 0.246472\n"}
,{"stream_name":"stdout","time":741.006334339,"data":"SECONDARY_EDGE_TTA_ACTIVE views= 8 weight= 0.75 mean_abs_feat_delta= 0.246472\n"}
,{"stream_name":"stdout","time":741.499017871,"data":"SECONDARY_EDGE_TTA_ACTIVE views= 8 weight= 0.75 mean_abs_feat_delta= 0.238104\n"}
,{"stream_name":"stdout","time":741.701382615,"data":"SECONDARY_EDGE_TTA_ACTIVE views= 8 weight= 0.75 mean_abs_feat_delta= 0.238104\n"}
,{"stream_name":"stdout","time":741.919957007,"data":"EDGE_TTA_ACTIVE views= 8 mean_abs_feat_delta= 0.355033\n"}
,{"stream_name":"stdout","time":742.122322474,"data":"EDGE_TTA_ACTIVE views= 8 mean_abs_feat_delta= 0.355033\n"}
,{"stream_name":"stdout","time":742.850264316,"data":"EDGE_TTA_ACTIVE views= 8 mean_abs_feat_delta= 0.342159\n"}
,{"stream_name":"stdout","time":742.915161771,"data":"SECONDARY_EDGE_TTA_ACTIVE views= 8 weight= 0.75 mean_abs_feat_delta= 0.23837\n"}
,{"stream_name":"stdout","time":743.052450699,"data":"EDGE_TTA_ACTIVE views= 8 mean_abs_feat_delta= 0.342159\n"}
,{"stream_name":"stdout","time":743.052510252,"data":"SECONDARY_EDGE_TTA_ACTIVE views= 8 weight= 0.75 mean_abs_feat_delta= 0.23837\n"}
,{"stream_name":"stdout","time":743.843640303,"data":"SECONDARY_EDGE_TTA_ACTIVE views= 8 weight= 0.75 mean_abs_feat_delta= 0.239919\n"}
,{"stream_name":"stdout","time":744.036279594,"data":"EDGE_TTA_ACTIVE views= 8 mean_abs_feat_delta= 0.351347\n"}
,{"stream_name":"stdout","time":744.045833026,"data":"SECONDARY_EDGE_TTA_ACTIVE views= 8 weight= 0.75 mean_abs_feat_delta= 0.239919\n"}
,{"stream_name":"stdout","time":744.045855338,"data":"EDGE_TTA_ACTIVE views= 8 mean_abs_feat_delta= 0.351347\n"}
,{"stream_name":"stdout","time":745.032496671,"data":"SECONDARY_EDGE_TTA_ACTIVE views= 8 weight= 0.75 mean_abs_feat_delta= 0.23794\n"}
,{"stream_name":"stdout","time":745.192077671,"data":"EDGE_TTA_ACTIVE views= 8 mean_abs_feat_delta= 0.340811\n"}
,{"stream_name":"stdout","time":745.234674783,"data":"SECONDARY_EDGE_TTA_ACTIVE views= 8 weight= 0.75 mean_abs_feat_delta= 0.23794\n"}
,{"stream_name":"stdout","time":745.234746224,"data":"EDGE_TTA_ACTIVE views= 8 mean_abs_feat_delta= 0.340811\n"}
,{"stream_name":"stdout","time":746.152556144,"data":"EDGE_TTA_ACTIVE views= 8 mean_abs_feat_delta= 0.353252\n"}
,{"stream_name":"stdout","time":746.183658621,"data":"SECONDARY_EDGE_TTA_ACTIVE views= 8 weight= 0.75 mean_abs_feat_delta= 0.238456\n"}
,{"stream_name":"stdout","time":746.354856082,"data":"EDGE_TTA_ACTIVE views= 8 mean_abs_feat_delta= 0.353252\n"}
,{"stream_name":"stdout","time":746.354901375,"data":"SECONDARY_EDGE_TTA_ACTIVE views= 8 weight= 0.75 mean_abs_feat_delta= 0.238456\n"}
,{"stream_name":"stdout","time":747.150285952,"data":"SECONDARY_EDGE_TTA_ACTIVE views= 8 weight= 0.75 mean_abs_feat_delta= 0.237401\n"}
,{"stream_name":"stdout","time":747.352605189,"data":"SECONDARY_EDGE_TTA_ACTIVE views= 8 weight= 0.75 mean_abs_feat_delta= 0.237401\n"}
,{"stream_name":"stdout","time":747.564220953,"data":"EDGE_TTA_ACTIVE views= 8 mean_abs_feat_delta= 0.349582\n"}
,{"stream_name":"stdout","time":747.766551894,"data":"EDGE_TTA_ACTIVE views= 8 mean_abs_feat_delta= 0.349582\n"}
,{"stream_name":"stdout","time":748.329886497,"data":"EDGE_TTA_ACTIVE views= 8 mean_abs_feat_delta= 0.33905\n"}
,{"stream_name":"stdout","time":748.532443317,"data":"EDGE_TTA_ACTIVE views= 8 mean_abs_feat_delta= 0.33905\n"}
,{"stream_name":"stdout","time":748.558229073,"data":"SECONDARY_EDGE_TTA_ACTIVE views= 8 weight= 0.75 mean_abs_feat_delta= 0.237938\n"}
,{"stream_name":"stdout","time":748.760376147,"data":"SECONDARY_EDGE_TTA_ACTIVE views= 8 weight= 0.75 mean_abs_feat_delta= 0.237938\n"}
,{"stream_name":"stdout","time":749.319260091,"data":"SECONDARY_EDGE_TTA_ACTIVE views= 8 weight= 0.75 mean_abs_feat_delta= 0.245673\n"}
,{"stream_name":"stdout","time":749.521491495,"data":"SECONDARY_EDGE_TTA_ACTIVE views= 8 weight= 0.75 mean_abs_feat_delta= 0.245673\n"}
,{"stream_name":"stdout","time":749.930089356,"data":"EDGE_TTA_ACTIVE views= 8 mean_abs_feat_delta= 0.350508\n"}
,{"stream_name":"stdout","time":750.132591804,"data":"EDGE_TTA_ACTIVE views= 8 mean_abs_feat_delta= 0.350508\n"}
,{"stream_name":"stdout","time":750.454990349,"data":"EDGE_TTA_ACTIVE views= 8 mean_abs_feat_delta= 0.354422\n"}
,{"stream_name":"stdout","time":750.657347154,"data":"EDGE_TTA_ACTIVE views= 8 mean_abs_feat_delta= 0.354422\n"}
,{"stream_name":"stdout","time":750.922588649,"data":"SECONDARY_EDGE_TTA_ACTIVE views= 8 weight= 0.75 mean_abs_feat_delta= 0.242027\n"}
,{"stream_name":"stdout","time":751.124939879,"data":"SECONDARY_EDGE_TTA_ACTIVE views= 8 weight= 0.75 mean_abs_feat_delta= 0.242027\n"}
,{"stream_name":"stdout","time":751.44636514,"data":"SECONDARY_EDGE_TTA_ACTIVE views= 8 weight= 0.75 mean_abs_feat_delta= 0.235875\n"}
,{"stream_name":"stdout","time":751.648385587,"data":"SECONDARY_EDGE_TTA_ACTIVE views= 8 weight= 0.75 mean_abs_feat_delta= 0.235875\n"}
,{"stream_name":"stdout","time":752.323779312,"data":"EDGE_TTA_ACTIVE views= 8 mean_abs_feat_delta= 0.347721\n"}
,{"stream_name":"stdout","time":752.526116582,"data":"EDGE_TTA_ACTIVE views= 8 mean_abs_feat_delta= 0.347721\n"}
,{"stream_name":"stdout","time":752.630122998,"data":"EDGE_TTA_ACTIVE views= 8 mean_abs_feat_delta= 0.359708\n"}
,{"stream_name":"stdout","time":752.832501104,"data":"EDGE_TTA_ACTIVE views= 8 mean_abs_feat_delta= 0.359708\n"}
,{"stream_name":"stdout","time":753.314855124,"data":"SECONDARY_EDGE_TTA_ACTIVE views= 8 weight= 0.75 mean_abs_feat_delta= 0.244117\n"}
,{"stream_name":"stdout","time":753.517220885,"data":"SECONDARY_EDGE_TTA_ACTIVE views= 8 weight= 0.75 mean_abs_feat_delta= 0.244117\n"}
,{"stream_name":"stdout","time":753.623658454,"data":"SECONDARY_EDGE_TTA_ACTIVE views= 8 weight= 0.75 mean_abs_feat_delta= 0.241531\n"}
,{"stream_name":"stdout","time":753.82594975,"data":"SECONDARY_EDGE_TTA_ACTIVE views= 8 weight= 0.75 mean_abs_feat_delta= 0.241531\n"}
,{"stream_name":"stdout","time":754.617869607,"data":"EDGE_TTA_ACTIVE views= 8 mean_abs_feat_delta= 0.347752\n"}
,{"stream_name":"stdout","time":754.715713233,"data":"EDGE_TTA_ACTIVE views= 8 mean_abs_feat_delta= 0.359515\n"}
,{"stream_name":"stdout","time":754.820158876,"data":"EDGE_TTA_ACTIVE views= 8 mean_abs_feat_delta= 0.347752\n"}
,{"stream_name":"stdout","time":754.820184667,"data":"EDGE_TTA_ACTIVE views= 8 mean_abs_feat_delta= 0.359515\n"}
,{"stream_name":"stdout","time":755.609553331,"data":"SECONDARY_EDGE_TTA_ACTIVE views= 8 weight= 0.75 mean_abs_feat_delta= 0.243325\n"}
,{"stream_name":"stdout","time":755.70829856,"data":"SECONDARY_EDGE_TTA_ACTIVE views= 8 weight= 0.75 mean_abs_feat_delta= 0.238654\n"}
,{"stream_name":"stdout","time":755.81180522,"data":"SECONDARY_EDGE_TTA_ACTIVE views= 8 weight= 0.75 mean_abs_feat_delta= 0.243325\n"}
,{"stream_name":"stdout","time":755.811875526,"data":"SECONDARY_EDGE_TTA_ACTIVE views= 8 weight= 0.75 mean_abs_feat_delta= 0.238654\n"}
,{"stream_name":"stdout","time":756.825968371,"data":"EDGE_TTA_ACTIVE views= 8 mean_abs_feat_delta= 0.356987\n"}
,{"stream_name":"stdout","time":756.985324598,"data":"EDGE_TTA_ACTIVE views= 8 mean_abs_feat_delta= 0.347648\n"}
,{"stream_name":"stdout","time":757.028262048,"data":"EDGE_TTA_ACTIVE views= 8 mean_abs_feat_delta= 0.356987\n"}
,{"stream_name":"stdout","time":757.028283615,"data":"EDGE_TTA_ACTIVE views= 8 mean_abs_feat_delta= 0.347648\n"}
,{"stream_name":"stdout","time":757.820022044,"data":"SECONDARY_EDGE_TTA_ACTIVE views= 8 weight= 0.75 mean_abs_feat_delta= 0.235897\n"}
,{"stream_name":"stdout","time":757.974177278,"data":"SECONDARY_EDGE_TTA_ACTIVE views= 8 weight= 0.75 mean_abs_feat_delta= 0.244042\n"}
,{"stream_name":"stdout","time":758.022361902,"data":"SECONDARY_EDGE_TTA_ACTIVE views= 8 weight= 0.75 mean_abs_feat_delta= 0.235897\n"}
,{"stream_name":"stdout","time":758.022385943,"data":"SECONDARY_EDGE_TTA_ACTIVE views= 8 weight= 0.75 mean_abs_feat_delta= 0.244042\n"}
,{"stream_name":"stdout","time":758.933291132,"data":"EDGE_TTA_ACTIVE views= 8 mean_abs_feat_delta= 0.358806\n"}
,{"stream_name":"stdout","time":759.178453407,"data":"EDGE_TTA_ACTIVE views= 8 mean_abs_feat_delta= 0.358806\n"}
,{"stream_name":"stdout","time":759.304549708,"data":"EDGE_TTA_ACTIVE views= 8 mean_abs_feat_delta= 0.350568\n"}
,{"stream_name":"stdout","time":759.506566828,"data":"EDGE_TTA_ACTIVE views= 8 mean_abs_feat_delta= 0.350568\n"}
,{"stream_name":"stdout","time":759.92714168,"data":"SECONDARY_EDGE_TTA_ACTIVE views= 8 weight= 0.75 mean_abs_feat_delta= 0.232787\n"}
,{"stream_name":"stdout","time":760.129514461,"data":"SECONDARY_EDGE_TTA_ACTIVE views= 8 weight= 0.75 mean_abs_feat_delta= 0.232787\n"}
,{"stream_name":"stdout","time":760.293635052,"data":"SECONDARY_EDGE_TTA_ACTIVE views= 8 weight= 0.75 mean_abs_feat_delta= 0.24973\n"}
,{"stream_name":"stdout","time":760.495800107,"data":"SECONDARY_EDGE_TTA_ACTIVE views= 8 weight= 0.75 mean_abs_feat_delta= 0.24973\n"}
,{"stream_name":"stdout","time":761.010156407,"data":"EDGE_TTA_ACTIVE views= 8 mean_abs_feat_delta= 0.360605\n"}
,{"stream_name":"stdout","time":761.212977114,"data":"EDGE_TTA_ACTIVE views= 8 mean_abs_feat_delta= 0.360605\n"}
,{"stream_name":"stdout","time":761.627042078,"data":"EDGE_TTA_ACTIVE views= 8 mean_abs_feat_delta= 0.339277\n"}
,{"stream_name":"stdout","time":761.829331265,"data":"EDGE_TTA_ACTIVE views= 8 mean_abs_feat_delta= 0.339277\n"}
,{"stream_name":"stdout","time":762.005300484,"data":"SECONDARY_EDGE_TTA_ACTIVE views= 8 weight= 0.75 mean_abs_feat_delta= 0.235419\n"}
,{"stream_name":"stdout","time":762.207379246,"data":"SECONDARY_EDGE_TTA_ACTIVE views= 8 weight= 0.75 mean_abs_feat_delta= 0.235419\n"}
,{"stream_name":"stdout","time":762.616123878,"data":"SECONDARY_EDGE_TTA_ACTIVE views= 8 weight= 0.75 mean_abs_feat_delta= 0.239339\n"}
,{"stream_name":"stdout","time":762.818294024,"data":"SECONDARY_EDGE_TTA_ACTIVE views= 8 weight= 0.75 mean_abs_feat_delta= 0.239339\n"}
,{"stream_name":"stdout","time":763.121242477,"data":"EDGE_TTA_ACTIVE views= 8 mean_abs_feat_delta= 0.35888\n"}
,{"stream_name":"stdout","time":763.323168748,"data":"EDGE_TTA_ACTIVE views= 8 mean_abs_feat_delta= 0.35888\n"}
,{"stream_name":"stdout","time":763.919186679,"data":"EDGE_TTA_ACTIVE views= 8 mean_abs_feat_delta= 0.341866\n"}
,{"stream_name":"stdout","time":764.109316599,"data":"SECONDARY_EDGE_TTA_ACTIVE views= 8 weight= 0.75 mean_abs_feat_delta= 0.232021\n"}
,{"stream_name":"stdout","time":764.121800671,"data":"EDGE_TTA_ACTIVE views= 8 mean_abs_feat_delta= 0.341866\n"}
,{"stream_name":"stdout","time":764.121834305,"data":"SECONDARY_EDGE_TTA_ACTIVE views= 8 weight= 0.75 mean_abs_feat_delta= 0.232021\n"}
,{"stream_name":"stdout","time":764.91100665,"data":"SECONDARY_EDGE_TTA_ACTIVE views= 8 weight= 0.75 mean_abs_feat_delta= 0.244666\n"}
,{"stream_name":"stdout","time":765.113487428,"data":"SECONDARY_EDGE_TTA_ACTIVE views= 8 weight= 0.75 mean_abs_feat_delta= 0.244666\n"}
,{"stream_name":"stdout","time":765.23209172,"data":"EDGE_TTA_ACTIVE views= 8 mean_abs_feat_delta= 0.364525\n"}
,{"stream_name":"stdout","time":765.434359858,"data":"EDGE_TTA_ACTIVE views= 8 mean_abs_feat_delta= 0.364525\n"}
,{"stream_name":"stdout","time":766.222659911,"data":"SECONDARY_EDGE_TTA_ACTIVE views= 8 weight= 0.75 mean_abs_feat_delta= 0.235438\n"}
,{"stream_name":"stdout","time":766.291730756,"data":"EDGE_TTA_ACTIVE views= 8 mean_abs_feat_delta= 0.344401\n"}
,{"stream_name":"stdout","time":766.425015512,"data":"SECONDARY_EDGE_TTA_ACTIVE views= 8 weight= 0.75 mean_abs_feat_delta= 0.235438\n"}
,{"stream_name":"stdout","time":766.425043656,"data":"EDGE_TTA_ACTIVE views= 8 mean_abs_feat_delta= 0.344401\n"}
,{"stream_name":"stdout","time":767.281329591,"data":"SECONDARY_EDGE_TTA_ACTIVE views= 8 weight= 0.75 mean_abs_feat_delta= 0.244039\n"}
,{"stream_name":"stdout","time":767.307155038,"data":"EDGE_TTA_ACTIVE views= 8 mean_abs_feat_delta= 0.367055\n"}
,{"stream_name":"stdout","time":767.483796973,"data":"SECONDARY_EDGE_TTA_ACTIVE views= 8 weight= 0.75 mean_abs_feat_delta= 0.244039\n"}
,{"stream_name":"stdout","time":767.483826637,"data":"EDGE_TTA_ACTIVE views= 8 mean_abs_feat_delta= 0.367055\n"}
,{"stream_name":"stdout","time":768.299062826,"data":"SECONDARY_EDGE_TTA_ACTIVE views= 8 weight= 0.75 mean_abs_feat_delta= 0.238512\n"}
,{"stream_name":"stdout","time":768.501889136,"data":"SECONDARY_EDGE_TTA_ACTIVE views= 8 weight= 0.75 mean_abs_feat_delta= 0.238512\n"}
,{"stream_name":"stdout","time":768.604700562,"data":"EDGE_TTA_ACTIVE views= 8 mean_abs_feat_delta= 0.341738\n"}
,{"stream_name":"stdout","time":768.807047033,"data":"EDGE_TTA_ACTIVE views= 8 mean_abs_feat_delta= 0.341738\n"}
,{"stream_name":"stdout","time":769.39155964,"data":"EDGE_TTA_ACTIVE views= 8 mean_abs_feat_delta= 0.351417\n"}
,{"stream_name":"stdout","time":769.592987077,"data":"SECONDARY_EDGE_TTA_ACTIVE views= 8 weight= 0.75 mean_abs_feat_delta= 0.245322\n"}
,{"stream_name":"stdout","time":769.593898168,"data":"EDGE_TTA_ACTIVE views= 8 mean_abs_feat_delta= 0.351417\n"}
,{"stream_name":"stdout","time":769.795777363,"data":"SECONDARY_EDGE_TTA_ACTIVE views= 8 weight= 0.75 mean_abs_feat_delta= 0.245322\n"}
,{"stream_name":"stdout","time":770.383597326,"data":"SECONDARY_EDGE_TTA_ACTIVE views= 8 weight= 0.75 mean_abs_feat_delta= 0.246384\n"}
,{"stream_name":"stdout","time":770.586170488,"data":"SECONDARY_EDGE_TTA_ACTIVE views= 8 weight= 0.75 mean_abs_feat_delta= 0.246384\n"}
,{"stream_name":"stdout","time":770.949084907,"data":"EDGE_TTA_ACTIVE views= 8 mean_abs_feat_delta= 0.339738\n"}
,{"stream_name":"stdout","time":771.151400697,"data":"EDGE_TTA_ACTIVE views= 8 mean_abs_feat_delta= 0.339738\n"}
,{"stream_name":"stdout","time":771.493724512,"data":"EDGE_TTA_ACTIVE views= 8 mean_abs_feat_delta= 0.363487\n"}
,{"stream_name":"stdout","time":771.696202182,"data":"EDGE_TTA_ACTIVE views= 8 mean_abs_feat_delta= 0.363487\n"}
,{"stream_name":"stdout","time":771.940668943,"data":"SECONDARY_EDGE_TTA_ACTIVE views= 8 weight= 0.75 mean_abs_feat_delta= 0.2464\n"}
,{"stream_name":"stdout","time":772.143260584,"data":"SECONDARY_EDGE_TTA_ACTIVE views= 8 weight= 0.75 mean_abs_feat_delta= 0.2464\n"}
,{"stream_name":"stdout","time":772.475708747,"data":"SECONDARY_EDGE_TTA_ACTIVE views= 8 weight= 0.75 mean_abs_feat_delta= 0.234938\n"}
,{"stream_name":"stdout","time":772.678010176,"data":"SECONDARY_EDGE_TTA_ACTIVE views= 8 weight= 0.75 mean_abs_feat_delta= 0.234938\n"}
,{"stream_name":"stdout","time":773.276873473,"data":"EDGE_TTA_ACTIVE views= 8 mean_abs_feat_delta= 0.336334\n"}
,{"stream_name":"stdout","time":773.479345615,"data":"EDGE_TTA_ACTIVE views= 8 mean_abs_feat_delta= 0.336334\n"}
,{"stream_name":"stdout","time":773.577764995,"data":"EDGE_TTA_ACTIVE views= 8 mean_abs_feat_delta= 0.361591\n"}
,{"stream_name":"stdout","time":773.78018902,"data":"EDGE_TTA_ACTIVE views= 8 mean_abs_feat_delta= 0.361591\n"}
,{"stream_name":"stdout","time":774.26121548,"data":"SECONDARY_EDGE_TTA_ACTIVE views= 8 weight= 0.75 mean_abs_feat_delta= 0.244837\n"}
,{"stream_name":"stdout","time":774.463624712,"data":"SECONDARY_EDGE_TTA_ACTIVE views= 8 weight= 0.75 mean_abs_feat_delta= 0.244837\n"}
,{"stream_name":"stdout","time":774.566522359,"data":"SECONDARY_EDGE_TTA_ACTIVE views= 8 weight= 0.75 mean_abs_feat_delta= 0.237752\n"}
,{"stream_name":"stdout","time":774.768861074,"data":"SECONDARY_EDGE_TTA_ACTIVE views= 8 weight= 0.75 mean_abs_feat_delta= 0.237752\n"}
,{"stream_name":"stdout","time":775.652766304,"data":"EDGE_TTA_ACTIVE views= 8 mean_abs_feat_delta= 0.336552\n"}
,{"stream_name":"stdout","time":775.674730385,"data":"EDGE_TTA_ACTIVE views= 8 mean_abs_feat_delta= 0.35878\n"}
,{"stream_name":"stdout","time":775.855426183,"data":"EDGE_TTA_ACTIVE views= 8 mean_abs_feat_delta= 0.336552\n"}
,{"stream_name":"stdout","time":775.855509932,"data":"EDGE_TTA_ACTIVE views= 8 mean_abs_feat_delta= 0.35878\n"}
,{"stream_name":"stdout","time":776.639188149,"data":"SECONDARY_EDGE_TTA_ACTIVE views= 8 weight= 0.75 mean_abs_feat_delta= 0.249715\n"}
,{"stream_name":"stdout","time":776.665661649,"data":"SECONDARY_EDGE_TTA_ACTIVE views= 8 weight= 0.75 mean_abs_feat_delta= 0.23573\n"}
,{"stream_name":"stdout","time":776.841697581,"data":"SECONDARY_EDGE_TTA_ACTIVE views= 8 weight= 0.75 mean_abs_feat_delta= 0.249715\n"}
,{"stream_name":"stdout","time":776.841767274,"data":"SECONDARY_EDGE_TTA_ACTIVE views= 8 weight= 0.75 mean_abs_feat_delta= 0.23573\n"}
,{"stream_name":"stdout","time":777.782154382,"data":"EDGE_TTA_ACTIVE views= 8 mean_abs_feat_delta= 0.361252\n"}
,{"stream_name":"stdout","time":777.984596998,"data":"EDGE_TTA_ACTIVE views= 8 mean_abs_feat_delta= 0.361252\n"}
,{"stream_name":"stdout","time":777.994992305,"data":"EDGE_TTA_ACTIVE views= 8 mean_abs_feat_delta= 0.336751\n"}
,{"stream_name":"stdout","time":778.197412161,"data":"EDGE_TTA_ACTIVE views= 8 mean_abs_feat_delta= 0.336751\n"}
,{"stream_name":"stdout","time":778.773155679,"data":"SECONDARY_EDGE_TTA_ACTIVE views= 8 weight= 0.75 mean_abs_feat_delta= 0.235636\n"}
,{"stream_name":"stdout","time":778.975494104,"data":"SECONDARY_EDGE_TTA_ACTIVE views= 8 weight= 0.75 mean_abs_feat_delta= 0.235636\n"}
,{"stream_name":"stdout","time":778.976798731,"data":"SECONDARY_EDGE_TTA_ACTIVE views= 8 weight= 0.75 mean_abs_feat_delta= 0.246366\n"}
,{"stream_name":"stdout","time":779.179059845,"data":"SECONDARY_EDGE_TTA_ACTIVE views= 8 weight= 0.75 mean_abs_feat_delta= 0.246366\n"}
,{"stream_name":"stdout","time":779.868958376,"data":"EDGE_TTA_ACTIVE views= 8 mean_abs_feat_delta= 0.357825\n"}
,{"stream_name":"stdout","time":780.071363608,"data":"EDGE_TTA_ACTIVE views= 8 mean_abs_feat_delta= 0.357825\n"}
,{"stream_name":"stdout","time":780.325787797,"data":"EDGE_TTA_ACTIVE views= 8 mean_abs_feat_delta= 0.342229\n"}
,{"stream_name":"stdout","time":780.528032345,"data":"EDGE_TTA_ACTIVE views= 8 mean_abs_feat_delta= 0.342229\n"}
,{"stream_name":"stdout","time":780.857531566,"data":"SECONDARY_EDGE_TTA_ACTIVE views= 8 weight= 0.75 mean_abs_feat_delta= 0.23299\n"}
,{"stream_name":"stdout","time":781.060615106,"data":"SECONDARY_EDGE_TTA_ACTIVE views= 8 weight= 0.75 mean_abs_feat_delta= 0.23299\n"}
,{"stream_name":"stdout","time":781.314530258,"data":"SECONDARY_EDGE_TTA_ACTIVE views= 8 weight= 0.75 mean_abs_feat_delta= 0.250553\n"}
,{"stream_name":"stdout","time":781.516893355,"data":"SECONDARY_EDGE_TTA_ACTIVE views= 8 weight= 0.75 mean_abs_feat_delta= 0.250553\n"}
,{"stream_name":"stdout","time":781.971190895,"data":"EDGE_TTA_ACTIVE views= 8 mean_abs_feat_delta= 0.356818\n"}
,{"stream_name":"stdout","time":782.173576424,"data":"EDGE_TTA_ACTIVE views= 8 mean_abs_feat_delta= 0.356818\n"}
,{"stream_name":"stdout","time":782.635764629,"data":"EDGE_TTA_ACTIVE views= 8 mean_abs_feat_delta= 0.34433\n"}
,{"stream_name":"stdout","time":782.838266957,"data":"EDGE_TTA_ACTIVE views= 8 mean_abs_feat_delta= 0.34433\n"}
,{"stream_name":"stdout","time":782.962854563,"data":"SECONDARY_EDGE_TTA_ACTIVE views= 8 weight= 0.75 mean_abs_feat_delta= 0.232458\n"}
,{"stream_name":"stdout","time":783.165172717,"data":"SECONDARY_EDGE_TTA_ACTIVE views= 8 weight= 0.75 mean_abs_feat_delta= 0.232458\n"}
,{"stream_name":"stdout","time":783.620654373,"data":"SECONDARY_EDGE_TTA_ACTIVE views= 8 weight= 0.75 mean_abs_feat_delta= 0.253052\n"}
,{"stream_name":"stdout","time":783.822934422,"data":"SECONDARY_EDGE_TTA_ACTIVE views= 8 weight= 0.75 mean_abs_feat_delta= 0.253052\n"}
,{"stream_name":"stdout","time":784.039727962,"data":"EDGE_TTA_ACTIVE views= 8 mean_abs_feat_delta= 0.358323\n"}
,{"stream_name":"stdout","time":784.242245353,"data":"EDGE_TTA_ACTIVE views= 8 mean_abs_feat_delta= 0.358323\n"}
,{"stream_name":"stdout","time":784.945658613,"data":"EDGE_TTA_ACTIVE views= 8 mean_abs_feat_delta= 0.338919\n"}
,{"stream_name":"stdout","time":785.030563221,"data":"SECONDARY_EDGE_TTA_ACTIVE views= 8 weight= 0.75 mean_abs_feat_delta= 0.232166\n"}
,{"stream_name":"stdout","time":785.147901987,"data":"EDGE_TTA_ACTIVE views= 8 mean_abs_feat_delta= 0.338919\n"}
,{"stream_name":"stdout","time":785.147933464,"data":"SECONDARY_EDGE_TTA_ACTIVE views= 8 weight= 0.75 mean_abs_feat_delta= 0.232166\n"}
,{"stream_name":"stdout","time":785.930373618,"data":"SECONDARY_EDGE_TTA_ACTIVE views= 8 weight= 0.75 mean_abs_feat_delta= 0.249056\n"}
,{"stream_name":"stdout","time":786.127118487,"data":"EDGE_TTA_ACTIVE views= 8 mean_abs_feat_delta= 0.352135\n"}
,{"stream_name":"stdout","time":786.132948232,"data":"SECONDARY_EDGE_TTA_ACTIVE views= 8 weight= 0.75 mean_abs_feat_delta= 0.249056\n"}
,{"stream_name":"stdout","time":786.132970856,"data":"EDGE_TTA_ACTIVE views= 8 mean_abs_feat_delta= 0.352135\n"}
,{"stream_name":"stdout","time":787.118305629,"data":"SECONDARY_EDGE_TTA_ACTIVE views= 8 weight= 0.75 mean_abs_feat_delta= 0.232609\n"}
,{"stream_name":"stdout","time":787.236259517,"data":"EDGE_TTA_ACTIVE views= 8 mean_abs_feat_delta= 0.334467\n"}
,{"stream_name":"stdout","time":787.320345075,"data":"SECONDARY_EDGE_TTA_ACTIVE views= 8 weight= 0.75 mean_abs_feat_delta= 0.232609\n"}
,{"stream_name":"stdout","time":787.320373139,"data":"EDGE_TTA_ACTIVE views= 8 mean_abs_feat_delta= 0.334467\n"}
,{"stream_name":"stdout","time":788.212964265,"data":"EDGE_TTA_ACTIVE views= 8 mean_abs_feat_delta= 0.351911\n"}
,{"stream_name":"stdout","time":788.225087069,"data":"SECONDARY_EDGE_TTA_ACTIVE views= 8 weight= 0.75 mean_abs_feat_delta= 0.249429\n"}
,{"stream_name":"stdout","time":788.415393901,"data":"EDGE_TTA_ACTIVE views= 8 mean_abs_feat_delta= 0.351911\n"}
,{"stream_name":"stdout","time":788.415439993,"data":"SECONDARY_EDGE_TTA_ACTIVE views= 8 weight= 0.75 mean_abs_feat_delta= 0.249429\n"}
,{"stream_name":"stdout","time":789.203207265,"data":"SECONDARY_EDGE_TTA_ACTIVE views= 8 weight= 0.75 mean_abs_feat_delta= 0.232939\n"}
,{"stream_name":"stdout","time":789.452421519,"data":"SECONDARY_EDGE_TTA_ACTIVE views= 8 weight= 0.75 mean_abs_feat_delta= 0.232939\n"}
,{"stream_name":"stdout","time":789.564321986,"data":"EDGE_TTA_ACTIVE views= 8 mean_abs_feat_delta= 0.334048\n"}
,{"stream_name":"stdout","time":789.76661327,"data":"EDGE_TTA_ACTIVE views= 8 mean_abs_feat_delta= 0.334048\n"}
,{"stream_name":"stdout","time":790.287347916,"data":"EDGE_TTA_ACTIVE views= 8 mean_abs_feat_delta= 0.356519\n"}
,{"stream_name":"stdout","time":790.489693883,"data":"EDGE_TTA_ACTIVE views= 8 mean_abs_feat_delta= 0.356519\n"}
,{"stream_name":"stdout","time":790.549859996,"data":"SECONDARY_EDGE_TTA_ACTIVE views= 8 weight= 0.75 mean_abs_feat_delta= 0.246018\n"}
,{"stream_name":"stdout","time":790.751985656,"data":"SECONDARY_EDGE_TTA_ACTIVE views= 8 weight= 0.75 mean_abs_feat_delta= 0.246018\n"}
,{"stream_name":"stdout","time":791.274730831,"data":"SECONDARY_EDGE_TTA_ACTIVE views= 8 weight= 0.75 mean_abs_feat_delta= 0.231872\n"}
,{"stream_name":"stdout","time":791.477284974,"data":"SECONDARY_EDGE_TTA_ACTIVE views= 8 weight= 0.75 mean_abs_feat_delta= 0.231872\n"}
,{"stream_name":"stdout","time":791.89543815,"data":"EDGE_TTA_ACTIVE views= 8 mean_abs_feat_delta= 0.334845\n"}
,{"stream_name":"stdout","time":792.097671095,"data":"EDGE_TTA_ACTIVE views= 8 mean_abs_feat_delta= 0.334845\n"}
,{"stream_name":"stdout","time":792.366479532,"data":"EDGE_TTA_ACTIVE views= 8 mean_abs_feat_delta= 0.353385\n"}
,{"stream_name":"stdout","time":792.568852304,"data":"EDGE_TTA_ACTIVE views= 8 mean_abs_feat_delta= 0.353385\n"}
,{"stream_name":"stdout","time":792.884601727,"data":"SECONDARY_EDGE_TTA_ACTIVE views= 8 weight= 0.75 mean_abs_feat_delta= 0.244333\n"}
,{"stream_name":"stdout","time":793.086751663,"data":"SECONDARY_EDGE_TTA_ACTIVE views= 8 weight= 0.75 mean_abs_feat_delta= 0.244333\n"}
,{"stream_name":"stdout","time":793.357403005,"data":"SECONDARY_EDGE_TTA_ACTIVE views= 8 weight= 0.75 mean_abs_feat_delta= 0.232685\n"}
,{"stream_name":"stdout","time":793.559751238,"data":"SECONDARY_EDGE_TTA_ACTIVE views= 8 weight= 0.75 mean_abs_feat_delta= 0.232685\n"}
,{"stream_name":"stdout","time":794.244142824,"data":"EDGE_TTA_ACTIVE views= 8 mean_abs_feat_delta= 0.334767\n"}
,{"stream_name":"stdout","time":794.446502113,"data":"EDGE_TTA_ACTIVE views= 8 mean_abs_feat_delta= 0.334767\n"}
,{"stream_name":"stdout","time":794.483944266,"data":"EDGE_TTA_ACTIVE views= 8 mean_abs_feat_delta= 0.351229\n"}
,{"stream_name":"stdout","time":794.685960796,"data":"EDGE_TTA_ACTIVE views= 8 mean_abs_feat_delta= 0.351229\n"}
,{"stream_name":"stdout","time":795.233634133,"data":"SECONDARY_EDGE_TTA_ACTIVE views= 8 weight= 0.75 mean_abs_feat_delta= 0.248241\n"}
,{"stream_name":"stdout","time":795.436071997,"data":"SECONDARY_EDGE_TTA_ACTIVE views= 8 weight= 0.75 mean_abs_feat_delta= 0.248241\n"}
,{"stream_name":"stdout","time":795.469342487,"data":"SECONDARY_EDGE_TTA_ACTIVE views= 8 weight= 0.75 mean_abs_feat_delta= 0.233018\n"}
,{"stream_name":"stdout","time":795.671498651,"data":"SECONDARY_EDGE_TTA_ACTIVE views= 8 weight= 0.75 mean_abs_feat_delta= 0.233018\n"}
,{"stream_name":"stdout","time":796.517672874,"data":"EDGE_TTA_ACTIVE views= 8 mean_abs_feat_delta= 0.330452\n"}
,{"stream_name":"stdout","time":796.581412845,"data":"EDGE_TTA_ACTIVE views= 8 mean_abs_feat_delta= 0.350705\n"}
,{"stream_name":"stdout","time":796.720073556,"data":"EDGE_TTA_ACTIVE views= 8 mean_abs_feat_delta= 0.330452\n"}
,{"stream_name":"stdout","time":796.72010585,"data":"EDGE_TTA_ACTIVE views= 8 mean_abs_feat_delta= 0.350705\n"}
,{"stream_name":"stdout","time":797.506448869,"data":"SECONDARY_EDGE_TTA_ACTIVE views= 8 weight= 0.75 mean_abs_feat_delta= 0.239474\n"}
,{"stream_name":"stdout","time":797.574084512,"data":"SECONDARY_EDGE_TTA_ACTIVE views= 8 weight= 0.75 mean_abs_feat_delta= 0.234885\n"}
,{"stream_name":"stdout","time":797.708928008,"data":"SECONDARY_EDGE_TTA_ACTIVE views= 8 weight= 0.75 mean_abs_feat_delta= 0.239474\n"}
,{"stream_name":"stdout","time":797.708995322,"data":"SECONDARY_EDGE_TTA_ACTIVE views= 8 weight= 0.75 mean_abs_feat_delta= 0.234885\n"}
,{"stream_name":"stdout","time":798.669773571,"data":"EDGE_TTA_ACTIVE views= 8 mean_abs_feat_delta= 0.353278\n"}
,{"stream_name":"stdout","time":798.842376587,"data":"EDGE_TTA_ACTIVE views= 8 mean_abs_feat_delta= 0.33197\n"}
,{"stream_name":"stdout","time":798.872196192,"data":"EDGE_TTA_ACTIVE views= 8 mean_abs_feat_delta= 0.353278\n"}
,{"stream_name":"stdout","time":798.872222348,"data":"EDGE_TTA_ACTIVE views= 8 mean_abs_feat_delta= 0.33197\n"}
,{"stream_name":"stdout","time":799.662450321,"data":"SECONDARY_EDGE_TTA_ACTIVE views= 8 weight= 0.75 mean_abs_feat_delta= 0.232744\n"}
,{"stream_name":"stdout","time":799.8270648,"data":"SECONDARY_EDGE_TTA_ACTIVE views= 8 weight= 0.75 mean_abs_feat_delta= 0.247447\n"}
,{"stream_name":"stdout","time":799.86488662,"data":"SECONDARY_EDGE_TTA_ACTIVE views= 8 weight= 0.75 mean_abs_feat_delta= 0.232744\n"}
,{"stream_name":"stdout","time":799.864909976,"data":"SECONDARY_EDGE_TTA_ACTIVE views= 8 weight= 0.75 mean_abs_feat_delta= 0.247447\n"}
,{"stream_name":"stdout","time":800.756814425,"data":"EDGE_TTA_ACTIVE views= 8 mean_abs_feat_delta= 0.358064\n"}
,{"stream_name":"stdout","time":800.959239742,"data":"EDGE_TTA_ACTIVE views= 8 mean_abs_feat_delta= 0.358064\n"}
,{"stream_name":"stdout","time":801.172640005,"data":"EDGE_TTA_ACTIVE views= 8 mean_abs_feat_delta= 0.33369\n"}
,{"stream_name":"stdout","time":801.374850464,"data":"EDGE_TTA_ACTIVE views= 8 mean_abs_feat_delta= 0.33369\n"}
,{"stream_name":"stdout","time":801.74836846,"data":"SECONDARY_EDGE_TTA_ACTIVE views= 8 weight= 0.75 mean_abs_feat_delta= 0.229484\n"}
,{"stream_name":"stdout","time":801.950749314,"data":"SECONDARY_EDGE_TTA_ACTIVE views= 8 weight= 0.75 mean_abs_feat_delta= 0.229484\n"}
,{"stream_name":"stdout","time":802.157157909,"data":"SECONDARY_EDGE_TTA_ACTIVE views= 8 weight= 0.75 mean_abs_feat_delta= 0.242876\n"}
,{"stream_name":"stdout","time":802.35926802,"data":"SECONDARY_EDGE_TTA_ACTIVE views= 8 weight= 0.75 mean_abs_feat_delta= 0.242876\n"}
,{"stream_name":"stdout","time":802.867268249,"data":"EDGE_TTA_ACTIVE views= 8 mean_abs_feat_delta= 0.35946\n"}
,{"stream_name":"stdout","time":803.069728741,"data":"EDGE_TTA_ACTIVE views= 8 mean_abs_feat_delta= 0.35946\n"}
,{"stream_name":"stdout","time":803.484380516,"data":"EDGE_TTA_ACTIVE views= 8 mean_abs_feat_delta= 0.335249\n"}
,{"stream_name":"stdout","time":803.68670847,"data":"EDGE_TTA_ACTIVE views= 8 mean_abs_feat_delta= 0.335249\n"}
,{"stream_name":"stdout","time":803.857108743,"data":"SECONDARY_EDGE_TTA_ACTIVE views= 8 weight= 0.75 mean_abs_feat_delta= 0.231302\n"}
,{"stream_name":"stdout","time":804.05944916,"data":"SECONDARY_EDGE_TTA_ACTIVE views= 8 weight= 0.75 mean_abs_feat_delta= 0.231302\n"}
,{"stream_name":"stdout","time":804.467884461,"data":"SECONDARY_EDGE_TTA_ACTIVE views= 8 weight= 0.75 mean_abs_feat_delta= 0.249719\n"}
,{"stream_name":"stdout","time":804.670223792,"data":"SECONDARY_EDGE_TTA_ACTIVE views= 8 weight= 0.75 mean_abs_feat_delta= 0.249719\n"}
,{"stream_name":"stdout","time":804.959747807,"data":"EDGE_TTA_ACTIVE views= 8 mean_abs_feat_delta= 0.357537\n"}
,{"stream_name":"stdout","time":805.16210788,"data":"EDGE_TTA_ACTIVE views= 8 mean_abs_feat_delta= 0.357537\n"}
,{"stream_name":"stdout","time":805.819534576,"data":"EDGE_TTA_ACTIVE views= 8 mean_abs_feat_delta= 0.33665\n"}
,{"stream_name":"stdout","time":805.950776264,"data":"SECONDARY_EDGE_TTA_ACTIVE views= 8 weight= 0.75 mean_abs_feat_delta= 0.233885\n"}
,{"stream_name":"stdout","time":806.021623963,"data":"EDGE_TTA_ACTIVE views= 8 mean_abs_feat_delta= 0.33665\n"}
,{"stream_name":"stdout","time":806.021650171,"data":"SECONDARY_EDGE_TTA_ACTIVE views= 8 weight= 0.75 mean_abs_feat_delta= 0.233885\n"}
,{"stream_name":"stdout","time":806.80478989,"data":"SECONDARY_EDGE_TTA_ACTIVE views= 8 weight= 0.75 mean_abs_feat_delta= 0.250474\n"}
,{"stream_name":"stdout","time":807.007313462,"data":"SECONDARY_EDGE_TTA_ACTIVE views= 8 weight= 0.75 mean_abs_feat_delta= 0.250474\n"}
,{"stream_name":"stdout","time":807.068929981,"data":"EDGE_TTA_ACTIVE views= 8 mean_abs_feat_delta= 0.357561\n"}
,{"stream_name":"stdout","time":807.271298432,"data":"EDGE_TTA_ACTIVE views= 8 mean_abs_feat_delta= 0.357561\n"}
,{"stream_name":"stdout","time":808.060709602,"data":"SECONDARY_EDGE_TTA_ACTIVE views= 8 weight= 0.75 mean_abs_feat_delta= 0.235923\n"}
,{"stream_name":"stdout","time":808.131315828,"data":"EDGE_TTA_ACTIVE views= 8 mean_abs_feat_delta= 0.338336\n"}
,{"stream_name":"stdout","time":808.263130174,"data":"SECONDARY_EDGE_TTA_ACTIVE views= 8 weight= 0.75 mean_abs_feat_delta= 0.235923\n"}
,{"stream_name":"stdout","time":808.263168237,"data":"EDGE_TTA_ACTIVE views= 8 mean_abs_feat_delta= 0.338336\n"}
,{"stream_name":"stdout","time":809.109207555,"data":"SECONDARY_EDGE_TTA_ACTIVE views= 8 weight= 0.75 mean_abs_feat_delta= 0.243806\n"}
,{"stream_name":"stdout","time":809.181257611,"data":"EDGE_TTA_ACTIVE views= 8 mean_abs_feat_delta= 0.356691\n"}
,{"stream_name":"stdout","time":809.31179319,"data":"SECONDARY_EDGE_TTA_ACTIVE views= 8 weight= 0.75 mean_abs_feat_delta= 0.243806\n"}
,{"stream_name":"stdout","time":809.311826429,"data":"EDGE_TTA_ACTIVE views= 8 mean_abs_feat_delta= 0.356691\n"}
,{"stream_name":"stdout","time":810.172212885,"data":"SECONDARY_EDGE_TTA_ACTIVE views= 8 weight= 0.75 mean_abs_feat_delta= 0.236514\n"}
,{"stream_name":"stdout","time":810.374765597,"data":"SECONDARY_EDGE_TTA_ACTIVE views= 8 weight= 0.75 mean_abs_feat_delta= 0.236514\n"}
,{"stream_name":"stdout","time":810.444948585,"data":"EDGE_TTA_ACTIVE views= 8 mean_abs_feat_delta= 0.337788\n"}
,{"stream_name":"stdout","time":810.647322863,"data":"EDGE_TTA_ACTIVE views= 8 mean_abs_feat_delta= 0.337788\n"}
,{"stream_name":"stdout","time":811.289415326,"data":"EDGE_TTA_ACTIVE views= 8 mean_abs_feat_delta= 0.360713\n"}
,{"stream_name":"stdout","time":811.420327729,"data":"SECONDARY_EDGE_TTA_ACTIVE views= 8 weight= 0.75 mean_abs_feat_delta= 0.245508\n"}
,{"stream_name":"stdout","time":811.491732616,"data":"EDGE_TTA_ACTIVE views= 8 mean_abs_feat_delta= 0.360713\n"}
,{"stream_name":"stdout","time":811.491755323,"data":"SECONDARY_EDGE_TTA_ACTIVE views= 8 weight= 0.75 mean_abs_feat_delta= 0.245508\n"}
,{"stream_name":"stdout","time":812.275058033,"data":"SECONDARY_EDGE_TTA_ACTIVE views= 8 weight= 0.75 mean_abs_feat_delta= 0.236886\n"}
,{"stream_name":"stdout","time":812.477440644,"data":"SECONDARY_EDGE_TTA_ACTIVE views= 8 weight= 0.75 mean_abs_feat_delta= 0.236886\n"}
,{"stream_name":"stdout","time":812.756968885,"data":"EDGE_TTA_ACTIVE views= 8 mean_abs_feat_delta= 0.325091\n"}
,{"stream_name":"stdout","time":812.959447536,"data":"EDGE_TTA_ACTIVE views= 8 mean_abs_feat_delta= 0.325091\n"}
,{"stream_name":"stdout","time":813.380734144,"data":"EDGE_TTA_ACTIVE views= 8 mean_abs_feat_delta= 0.361191\n"}
,{"stream_name":"stdout","time":813.583057535,"data":"EDGE_TTA_ACTIVE views= 8 mean_abs_feat_delta= 0.361191\n"}
,{"stream_name":"stdout","time":813.735912176,"data":"SECONDARY_EDGE_TTA_ACTIVE views= 8 weight= 0.75 mean_abs_feat_delta= 0.241957\n"}
,{"stream_name":"stdout","time":813.938393949,"data":"SECONDARY_EDGE_TTA_ACTIVE views= 8 weight= 0.75 mean_abs_feat_delta= 0.241957\n"}
,{"stream_name":"stdout","time":814.371006306,"data":"SECONDARY_EDGE_TTA_ACTIVE views= 8 weight= 0.75 mean_abs_feat_delta= 0.236659\n"}
,{"stream_name":"stdout","time":814.573509872,"data":"SECONDARY_EDGE_TTA_ACTIVE views= 8 weight= 0.75 mean_abs_feat_delta= 0.236659\n"}
,{"stream_name":"stdout","time":815.069812554,"data":"EDGE_TTA_ACTIVE views= 8 mean_abs_feat_delta= 0.32712\n"}
,{"stream_name":"stdout","time":815.272154484,"data":"EDGE_TTA_ACTIVE views= 8 mean_abs_feat_delta= 0.32712\n"}
,{"stream_name":"stdout","time":815.488200675,"data":"EDGE_TTA_ACTIVE views= 8 mean_abs_feat_delta= 0.363957\n"}
,{"stream_name":"stdout","time":815.690609895,"data":"EDGE_TTA_ACTIVE views= 8 mean_abs_feat_delta= 0.363957\n"}
,{"stream_name":"stdout","time":816.047195083,"data":"SECONDARY_EDGE_TTA_ACTIVE views= 8 weight= 0.75 mean_abs_feat_delta= 0.252361\n"}
,{"stream_name":"stdout","time":816.249506322,"data":"SECONDARY_EDGE_TTA_ACTIVE views= 8 weight= 0.75 mean_abs_feat_delta= 0.252361\n"}
,{"stream_name":"stdout","time":816.478699114,"data":"SECONDARY_EDGE_TTA_ACTIVE views= 8 weight= 0.75 mean_abs_feat_delta= 0.238038\n"}
,{"stream_name":"stdout","time":816.681503451,"data":"SECONDARY_EDGE_TTA_ACTIVE views= 8 weight= 0.75 mean_abs_feat_delta= 0.238038\n"}
,{"stream_name":"stdout","time":817.419840883,"data":"EDGE_TTA_ACTIVE views= 8 mean_abs_feat_delta= 0.323213\n"}
,{"stream_name":"stdout","time":817.622528872,"data":"EDGE_TTA_ACTIVE views= 8 mean_abs_feat_delta= 0.323213\n"}
,{"stream_name":"stdout","time":818.403172744,"data":"SECONDARY_EDGE_TTA_ACTIVE views= 8 weight= 0.75 mean_abs_feat_delta= 0.245152\n"}
,{"stream_name":"stdout","time":818.605892286,"data":"SECONDARY_EDGE_TTA_ACTIVE views= 8 weight= 0.75 mean_abs_feat_delta= 0.245152\n"}
,{"stream_name":"stdout","time":819.750410821,"data":"EDGE_TTA_ACTIVE views= 8 mean_abs_feat_delta= 0.321976\n"}
,{"stream_name":"stdout","time":820.005096806,"data":"EDGE_TTA_ACTIVE views= 8 mean_abs_feat_delta= 0.321976\n"}
,{"stream_name":"stdout","time":820.732597484,"data":"SECONDARY_EDGE_TTA_ACTIVE views= 8 weight= 0.75 mean_abs_feat_delta= 0.249767\n"}
,{"stream_name":"stdout","time":820.935116172,"data":"SECONDARY_EDGE_TTA_ACTIVE views= 8 weight= 0.75 mean_abs_feat_delta= 0.249767\n"}
,{"stream_name":"stdout","time":821.19654513,"data":"Saved 2 predictions to /kaggle/working/tracking_repo/predictions/unknown/unet_transformer_gpu0/split_0\n"}
,{"stream_name":"stdout","time":821.398703345,"data":"Saved 2 predictions to /kaggle/working/tracking_repo/predictions/unknown/unet_transformer_gpu0/split_0\n"}
,{"stream_name":"stdout","time":822.082755082,"data":"EDGE_TTA_ACTIVE views= 8 mean_abs_feat_delta= 0.323768\n"}
,{"stream_name":"stdout","time":822.285115893,"data":"EDGE_TTA_ACTIVE views= 8 mean_abs_feat_delta= 0.323768\n"}
,{"stream_name":"stdout","time":823.064216313,"data":"SECONDARY_EDGE_TTA_ACTIVE views= 8 weight= 0.75 mean_abs_feat_delta= 0.251085\n"}
,{"stream_name":"stdout","time":823.266514614,"data":"SECONDARY_EDGE_TTA_ACTIVE views= 8 weight= 0.75 mean_abs_feat_delta= 0.251085\n"}
,{"stream_name":"stdout","time":824.414417195,"data":"EDGE_TTA_ACTIVE views= 8 mean_abs_feat_delta= 0.324838\n"}
,{"stream_name":"stdout","time":824.616742748,"data":"EDGE_TTA_ACTIVE views= 8 mean_abs_feat_delta= 0.324838\n"}
,{"stream_name":"stdout","time":825.402712354,"data":"SECONDARY_EDGE_TTA_ACTIVE views= 8 weight= 0.75 mean_abs_feat_delta= 0.239244\n"}
,{"stream_name":"stdout","time":825.604919778,"data":"SECONDARY_EDGE_TTA_ACTIVE views= 8 weight= 0.75 mean_abs_feat_delta= 0.239244\n"}
,{"stream_name":"stdout","time":826.706042149,"data":"EDGE_TTA_ACTIVE views= 8 mean_abs_feat_delta= 0.323094\n"}
,{"stream_name":"stdout","time":826.908220944,"data":"EDGE_TTA_ACTIVE views= 8 mean_abs_feat_delta= 0.323094\n"}
,{"stream_name":"stdout","time":827.696902984,"data":"SECONDARY_EDGE_TTA_ACTIVE views= 8 weight= 0.75 mean_abs_feat_delta= 0.247015\n"}
,{"stream_name":"stdout","time":827.89903373,"data":"SECONDARY_EDGE_TTA_ACTIVE views= 8 weight= 0.75 mean_abs_feat_delta= 0.247015\n"}
,{"stream_name":"stdout","time":829.043247897,"data":"EDGE_TTA_ACTIVE views= 8 mean_abs_feat_delta= 0.322603\n"}
,{"stream_name":"stdout","time":829.245596823,"data":"EDGE_TTA_ACTIVE views= 8 mean_abs_feat_delta= 0.322603\n"}
,{"stream_name":"stdout","time":830.036153597,"data":"SECONDARY_EDGE_TTA_ACTIVE views= 8 weight= 0.75 mean_abs_feat_delta= 0.251849\n"}
,{"stream_name":"stdout","time":830.23853177,"data":"SECONDARY_EDGE_TTA_ACTIVE views= 8 weight= 0.75 mean_abs_feat_delta= 0.251849\n"}
,{"stream_name":"stdout","time":831.384602039,"data":"EDGE_TTA_ACTIVE views= 8 mean_abs_feat_delta= 0.325152\n"}
,{"stream_name":"stdout","time":831.586940775,"data":"EDGE_TTA_ACTIVE views= 8 mean_abs_feat_delta= 0.325152\n"}
,{"stream_name":"stdout","time":832.37785104,"data":"SECONDARY_EDGE_TTA_ACTIVE views= 8 weight= 0.75 mean_abs_feat_delta= 0.251093\n"}
,{"stream_name":"stdout","time":832.580292436,"data":"SECONDARY_EDGE_TTA_ACTIVE views= 8 weight= 0.75 mean_abs_feat_delta= 0.251093\n"}
,{"stream_name":"stdout","time":833.690676691,"data":"EDGE_TTA_ACTIVE views= 8 mean_abs_feat_delta= 0.328347\n"}
,{"stream_name":"stdout","time":833.892954343,"data":"EDGE_TTA_ACTIVE views= 8 mean_abs_feat_delta= 0.328347\n"}
,{"stream_name":"stdout","time":834.685128282,"data":"SECONDARY_EDGE_TTA_ACTIVE views= 8 weight= 0.75 mean_abs_feat_delta= 0.244661\n"}
,{"stream_name":"stdout","time":834.88755978,"data":"SECONDARY_EDGE_TTA_ACTIVE views= 8 weight= 0.75 mean_abs_feat_delta= 0.244661\n"}
,{"stream_name":"stdout","time":836.004309583,"data":"EDGE_TTA_ACTIVE views= 8 mean_abs_feat_delta= 0.328262\n"}
,{"stream_name":"stdout","time":836.206675315,"data":"EDGE_TTA_ACTIVE views= 8 mean_abs_feat_delta= 0.328262\n"}
,{"stream_name":"stdout","time":837.002509483,"data":"SECONDARY_EDGE_TTA_ACTIVE views= 8 weight= 0.75 mean_abs_feat_delta= 0.243635\n"}
,{"stream_name":"stdout","time":837.205009205,"data":"SECONDARY_EDGE_TTA_ACTIVE views= 8 weight= 0.75 mean_abs_feat_delta= 0.243635\n"}
,{"stream_name":"stdout","time":838.300344231,"data":"EDGE_TTA_ACTIVE views= 8 mean_abs_feat_delta= 0.327618\n"}
,{"stream_name":"stdout","time":838.502697639,"data":"EDGE_TTA_ACTIVE views= 8 mean_abs_feat_delta= 0.327618\n"}
,{"stream_name":"stdout","time":839.296920952,"data":"SECONDARY_EDGE_TTA_ACTIVE views= 8 weight= 0.75 mean_abs_feat_delta= 0.248058\n"}
,{"stream_name":"stdout","time":839.499461254,"data":"SECONDARY_EDGE_TTA_ACTIVE views= 8 weight= 0.75 mean_abs_feat_delta= 0.248058\n"}
,{"stream_name":"stdout","time":919.004539982,"data":"Saved 2 predictions to /kaggle/working/tracking_repo/predictions/unknown/unet_transformer_gpu1/split_0\n"}
,{"stream_name":"stdout","time":919.236388994,"data":"Saved 2 predictions to /kaggle/working/tracking_repo/predictions/unknown/unet_transformer_gpu1/split_0\n"}
,{"stream_name":"stdout","time":921.031138117,"data":"Merged 4 prediction graphs into /kaggle/working/tracking_repo/predictions/unknown/unet_transformer/split_0\n"}
,{"stream_name":"stdout","time":921.03117139,"data":"Prediction completed in 9.23 minutes\n"}
,{"stream_name":"stdout","time":921.031178195,"data":"Layer 2: 3D Watershed \u0026 De-clumping patch successfully applied to extract_peaks.\n"}
,{"stream_name":"stdout","time":921.611551882,"data":"Trying DeepCenter add-only gate checkpoint: /kaggle/input/datasets/pilkwang/biohub-deepcenter-unet3d-center-prior-v1/weights/full_frame_center/best.pt\n"}
,{"stream_name":"stdout","time":921.902666038,"data":"Loaded DeepCenter add-only gate checkpoint: /kaggle/input/datasets/pilkwang/biohub-deepcenter-unet3d-center-prior-v1/weights/full_frame_center/best.pt\n"}
,{"stream_name":"stdout","time":921.902700199,"data":"DeepCenter checkpoint epoch: 2 best_score: -0.04500306242456039\n"}
,{"stream_name":"stdout","time":921.902705711,"data":"DivNet mitosis checkpoint not found. Operating in geometric baseline mode.\n"}
,{"stream_name":"stdout","time":921.902709573,"data":"Found 4 prediction graphs\n"}
,{"stream_name":"stdout","time":921.902713501,"data":"Executing parallel post-processing across 4 datasets (ThreadPoolExecutor max_workers=4)...\n"}
,{"stream_name":"stdout","time":923.240856364,"data":"  [6bba_05b6850b] Density Group: LOW -\u003e tight=7.25um, relaxed=11.0um, bonus=3.0\n"}
,{"stream_name":"stdout","time":923.538572327,"data":"  [44b6_0113de3b] Density Group: MIDDLE -\u003e tight=6.5um, relaxed=9.0um, bonus=6.0\n"}
,{"stream_name":"stdout","time":924.011411638,"data":"  [44b6_0b24845f] Density Group: MIDDLE -\u003e tight=6.5um, relaxed=9.0um, bonus=6.0\n"}
,{"stream_name":"stdout","time":924.37690078,"data":"  [6bba_05db0fb1] Density Group: HIGH -\u003e tight=5.5um, relaxed=10.0um, bonus=1.0\n"}
,{"stream_name":"stdout","time":932.227177598,"data":"  [6bba_05b6850b] after edge-filter+motion-relink: 6305 nodes, 6046 edges\n"}
,{"stream_name":"stdout","time":937.462028351,"data":"DEEPCENTER_TTA_ACTIVE views= 8 mean_abs_logit_delta= 0.139295\n"}
,{"stream_name":"stdout","time":943.379420321,"data":"  [6bba_05b6850b] after gap-closing (single-frame + gap2): 6337 nodes, 6103 edges\n"}
,{"stream_name":"stdout","time":980.711780571,"data":"  [6bba_05b6850b] after safe-division repair: 6337 nodes, 6111 edges (geometric_candidates=20, deepcenter_rejected=12, post_veto_candidates=8, added=8, cap_skipped=0, mutual_nn_rejected=5, divergence_rejected=81)\n"}
,{"stream_name":"stdout","time":980.711831316,"data":"  [6bba_05b6850b] after division-geometry-filter+prune-isolated: 6337 nodes, 6111 edges\n"}
,{"stream_name":"stdout","time":1187.030863618,"data":"  [44b6_0b24845f] after edge-filter+motion-relink: 22491 nodes, 20339 edges\n"}
,{"stream_name":"stdout","time":1230.550600046,"data":"  [44b6_0b24845f] after gap-closing (single-frame + gap2): 22888 nodes, 21060 edges\n"}
,{"stream_name":"stdout","time":1251.011610913,"data":"  [44b6_0113de3b] after edge-filter+motion-relink: 25822 nodes, 25018 edges\n"}
,{"stream_name":"stdout","time":1256.689341502,"data":"  [44b6_0113de3b] after gap-closing (single-frame + gap2): 25882 nodes, 25129 edges\n"}
,{"stream_name":"stdout","time":1300.867867768,"data":"  [44b6_0b24845f] after safe-division repair: 22888 nodes, 21074 edges (geometric_candidates=226, deepcenter_rejected=211, post_veto_candidates=15, added=14, cap_skipped=0, mutual_nn_rejected=51, divergence_rejected=925)\n"}
,{"stream_name":"stdout","time":1300.867931627,"data":"  [44b6_0b24845f] after division-geometry-filter+prune-isolated: 22878 nodes, 21074 edges\n"}
,{"stream_name":"stdout","time":1307.32985902,"data":"  [44b6_0113de3b] after safe-division repair: 25882 nodes, 25170 edges (geometric_candidates=161, deepcenter_rejected=116, post_veto_candidates=45, added=41, cap_skipped=0, mutual_nn_rejected=59, divergence_rejected=458)\n"}
,{"stream_name":"stdout","time":1307.329925154,"data":"  [44b6_0113de3b] after division-geometry-filter+prune-isolated: 25879 nodes, 25170 edges\n"}
,{"stream_name":"stdout","time":1422.79125375,"data":"  [6bba_05db0fb1] after edge-filter+motion-relink: 70687 nodes, 68101 edges\n"}
,{"stream_name":"stdout","time":1432.099680683,"data":"  [6bba_05db0fb1] after gap-closing (single-frame + gap2): 71073 nodes, 68820 edges\n"}
,{"stream_name":"stdout","time":1458.066774817,"data":"  [6bba_05db0fb1] after safe-division repair: 71073 nodes, 68839 edges (geometric_candidates=283, deepcenter_rejected=262, post_veto_candidates=21, added=19, cap_skipped=0, mutual_nn_rejected=236, divergence_rejected=2462)\n"}
,{"stream_name":"stdout","time":1458.066825278,"data":"  [6bba_05db0fb1] after division-geometry-filter+prune-isolated: 71068 nodes, 68839 edges\n"}
,{"stream_name":"stderr","time":1461.540987601,"data":"Traceback (most recent call last):\n"}
,{"stream_name":"stderr","time":1461.54101758,"data":"  File \"\u003cstring\u003e\", line 1, in \u003cmodule\u003e\n"}
,{"stream_name":"stderr","time":1461.541025122,"data":"  File \"/usr/local/lib/python3.12/dist-packages/papermill/execute.py\", line 131, in execute_notebook\n"}
,{"stream_name":"stderr","time":1461.541138376,"data":"    raise_for_execution_errors(nb, output_path)\n"}
,{"stream_name":"stderr","time":1461.541254891,"data":"  File \"/usr/local/lib/python3.12/dist-packages/papermill/execute.py\", line 251, in raise_for_execution_errors\n"}
,{"stream_name":"stderr","time":1461.541510051,"data":"    raise error\n"}
,{"stream_name":"stderr","time":1461.54194583,"data":"papermill.exceptions.PapermillExecutionError: \n"}
,{"stream_name":"stderr","time":1461.541963138,"data":"---------------------------------------------------------------------------\n"}
,{"stream_name":"stderr","time":1461.541969263,"data":"Exception encountered at \"In [6]\":\n"}
,{"stream_name":"stderr","time":1461.541974515,"data":"---------------------------------------------------------------------------\n"}
,{"stream_name":"stderr","time":1461.541979988,"data":"TypeError                                 Traceback (most recent call last)\n"}
,{"stream_name":"stderr","time":1461.541984926,"data":"/tmp/ipykernel_24/4287207062.py in \u003ccell line: 0\u003e()\n"}
,{"stream_name":"stderr","time":1461.541989713,"data":"   2258 \n"}
,{"stream_name":"stderr","time":1461.54199396,"data":"   2259 \n"}
,{"stream_name":"stderr","time":1461.541999465,"data":"-\u003e 2260 write_test_submission(\"base\")\n"}
,{"stream_name":"stderr","time":1461.542004715,"data":"\n"}
,{"stream_name":"stderr","time":1461.542009728,"data":"/tmp/ipykernel_24/4287207062.py in write_test_submission(tag)\n"}
,{"stream_name":"stderr","time":1461.542014383,"data":"   2176     print(f\"Executing parallel post-processing across {len(geffs)} datasets (ThreadPoolExecutor max_workers=4)...\")\n"}
,{"stream_name":"stderr","time":1461.54201928,"data":"   2177     with ThreadPoolExecutor(max_workers=min(4, len(geffs))) as executor:\n"}
,{"stream_name":"stderr","time":1461.542023944,"data":"-\u003e 2178         processed_results = list(executor.map(_process_one_dataset, geffs))\n"}
,{"stream_name":"stderr","time":1461.54202841,"data":"   2179 \n"}
,{"stream_name":"stderr","time":1461.542034255,"data":"   2180     stats_rows: list[dict[str, object]] = []\n"}
,{"stream_name":"stderr","time":1461.542042476,"data":"\n"}
,{"stream_name":"stderr","time":1461.54204555,"data":"/usr/lib/python3.12/concurrent/futures/_base.py in result_iterator()\n"}
,{"stream_name":"stderr","time":1461.542048655,"data":"    617                     # Careful not to keep a reference to the popped future\n"}
,{"stream_name":"stderr","time":1461.54205181,"data":"    618                     if timeout is None:\n"}
,{"stream_name":"stderr","time":1461.542054889,"data":"--\u003e 619                         yield _result_or_cancel(fs.pop())\n"}
,{"stream_name":"stderr","time":1461.542058088,"data":"    620                     else:\n"}
,{"stream_name":"stderr","time":1461.54206101,"data":"    621                         yield _result_or_cancel(fs.pop(), end_time - time.monotonic())\n"}
,{"stream_name":"stderr","time":1461.542073842,"data":"\n"}
,{"stream_name":"stderr","time":1461.542076178,"data":"/usr/lib/python3.12/concurrent/futures/_base.py in _result_or_cancel(***failed resolving arguments***)\n"}
,{"stream_name":"stderr","time":1461.542078611,"data":"    315     try:\n"}
,{"stream_name":"stderr","time":1461.542080859,"data":"    316         try:\n"}
,{"stream_name":"stderr","time":1461.542083109,"data":"--\u003e 317             return fut.result(timeout)\n"}
,{"stream_name":"stderr","time":1461.542085382,"data":"    318         finally:\n"}
,{"stream_name":"stderr","time":1461.54210613,"data":"    319             fut.cancel()\n"}
,{"stream_name":"stderr","time":1461.542110124,"data":"\n"}
,{"stream_name":"stderr","time":1461.542113753,"data":"/usr/lib/python3.12/concurrent/futures/_base.py in result(self, timeout)\n"}
,{"stream_name":"stderr","time":1461.54211756,"data":"    454                     raise CancelledError()\n"}
,{"stream_name":"stderr","time":1461.542121378,"data":"    455                 elif self._state == FINISHED:\n"}
,{"stream_name":"stderr","time":1461.542124952,"data":"--\u003e 456                     return self.__get_result()\n"}
,{"stream_name":"stderr","time":1461.542128832,"data":"    457                 else:\n"}
,{"stream_name":"stderr","time":1461.542132323,"data":"    458                     raise TimeoutError()\n"}
,{"stream_name":"stderr","time":1461.542135922,"data":"\n"}
,{"stream_name":"stderr","time":1461.542139738,"data":"/usr/lib/python3.12/concurrent/futures/_base.py in __get_result(self)\n"}
,{"stream_name":"stderr","time":1461.54214355,"data":"    399         if self._exception:\n"}
,{"stream_name":"stderr","time":1461.542147086,"data":"    400             try:\n"}
,{"stream_name":"stderr","time":1461.542150158,"data":"--\u003e 401                 raise self._exception\n"}
,{"stream_name":"stderr","time":1461.542153358,"data":"    402             finally:\n"}
,{"stream_name":"stderr","time":1461.542157766,"data":"    403                 # Break a reference cycle with the exception in self._exception\n"}
,{"stream_name":"stderr","time":1461.542161188,"data":"\n"}
,{"stream_name":"stderr","time":1461.542164876,"data":"/usr/lib/python3.12/concurrent/futures/thread.py in run(self)\n"}
,{"stream_name":"stderr","time":1461.542168785,"data":"     57 \n"}
,{"stream_name":"stderr","time":1461.542172422,"data":"     58         try:\n"}
,{"stream_name":"stderr","time":1461.542175983,"data":"---\u003e 59             result = self.fn(*self.args, **self.kwargs)\n"}
,{"stream_name":"stderr","time":1461.54217991,"data":"     60         except BaseException as exc:\n"}
,{"stream_name":"stderr","time":1461.542183245,"data":"     61             self.future.set_exception(exc)\n"}
,{"stream_name":"stderr","time":1461.542186688,"data":"\n"}
,{"stream_name":"stderr","time":1461.542189823,"data":"/tmp/ipykernel_24/4287207062.py in _process_one_dataset(geff_path)\n"}
,{"stream_name":"stderr","time":1461.542193182,"data":"   2141         raw_node_count = len(nodes_by_id)\n"}
,{"stream_name":"stderr","time":1461.542196494,"data":"   2142         d_group = determine_density_group(nodes_by_id)\n"}
,{"stream_name":"stderr","time":1461.542199915,"data":"-\u003e 2143         nodes_by_id, edges, filter_stats = filter_output_graph(\n"}
,{"stream_name":"stderr","time":1461.542203599,"data":"   2144             nodes_by_id, raw_edges, dataset=dataset, deepcenter_bundle=DEEPCENTER_VETO_DETECTOR,\n"}
,{"stream_name":"stderr","time":1461.542208693,"data":"   2145             density_group=d_group\n"}
,{"stream_name":"stderr","time":1461.542229064,"data":"\n"}
,{"stream_name":"stderr","time":1461.542233859,"data":"/tmp/ipykernel_24/4287207062.py in filter_output_graph(nodes_by_id, raw_edges, dataset, deepcenter_bundle, density_group)\n"}
,{"stream_name":"stderr","time":1461.542237982,"data":"   1962 \n"}
,{"stream_name":"stderr","time":1461.542241845,"data":"   1963     print(f\"  [{dataset}] after division-geometry-filter+prune-isolated: {len(nodes_by_id)} nodes, {len(edges)} edges\")\n"}
,{"stream_name":"stderr","time":1461.542245871,"data":"-\u003e 1964     nodes_by_id, edges = filter_short_track_components(nodes_by_id, edges, stats)\n"}
,{"stream_name":"stderr","time":1461.542249704,"data":"   1965     print(f\"  [{dataset}] after short-track filtering: {len(nodes_by_id)} nodes, {len(edges)} edges\"\n"}
,{"stream_name":"stderr","time":1461.542253859,"data":"   1966           f\" (components_removed={stats['short_track_components_removed']})\")\n"}
,{"stream_name":"stderr","time":1461.542257711,"data":"\n"}
,{"stream_name":"stderr","time":1461.542261457,"data":"/tmp/ipykernel_24/4287207062.py in filter_short_track_components(nodes_by_id, edges, stats)\n"}
,{"stream_name":"stderr","time":1461.542265277,"data":"   1361         c_edges = component_edges.get(root, [])\n"}
,{"stream_name":"stderr","time":1461.542268658,"data":"   1362         if c_edges:\n"}
,{"stream_name":"stderr","time":1461.542271878,"data":"-\u003e 1363             probs = [float(e.get(\"edge_prob\", 0.85)) for e in c_edges if np.isfinite(float(e.get(\"edge_prob\", 0.85)))]\n"}
,{"stream_name":"stderr","time":1461.542275731,"data":"   1364             mean_edge_p = float(np.mean(probs)) if probs else 0.85\n"}
,{"stream_name":"stderr","time":1461.542279115,"data":"   1365         else:\n"}
,{"stream_name":"stderr","time":1461.542282327,"data":"\n"}
,{"stream_name":"stderr","time":1461.54228541,"data":"TypeError: float() argument must be a string or a real number, not 'NoneType'\n"}
,{"stream_name":"stderr","time":1461.542289157,"data":"\n"}
,{"stream_name":"stderr","time":1463.607160213,"data":"/usr/local/lib/python3.12/dist-packages/mistune.py:435: SyntaxWarning: invalid escape sequence '\\|'\n"}
,{"stream_name":"stderr","time":1463.607196578,"data":"  cells[i][c] = re.sub('\\\\\\\\\\|', '|', cell)\n"}
,{"stream_name":"stderr","time":1463.747157029,"data":"/usr/local/lib/python3.12/dist-packages/nbconvert/filters/filter_links.py:36: SyntaxWarning: invalid escape sequence '\\_'\n"}
,{"stream_name":"stderr","time":1463.747184345,"data":"  text = re.sub(r'_', '\\_', text) # Escape underscores in display text\n"}
,{"stream_name":"stderr","time":1464.445343621,"data":"[NbConvertApp] Converting notebook __notebook__.ipynb to notebook\n"}
,{"stream_name":"stderr","time":1464.827291153,"data":"[NbConvertApp] Writing 365638 bytes to __notebook__.ipynb\n"}
,{"stream_name":"stderr","time":1467.191981335,"data":"[NbConvertApp] Converting notebook __notebook__.ipynb to html\n"}
,{"stream_name":"stderr","time":1468.668636115,"data":"[NbConvertApp] Writing 1252564 bytes to __results__.html\n"}
]