[{"stream_name":"stderr","time":7.8968184059999995,"data":"0.00s - Debugger warning: It seems that frozen modules are being used, which may\n"}
,{"stream_name":"stderr","time":7.896862584,"data":"0.00s - make the debugger miss breakpoints. Please pass -Xfrozen_modules=off\n"}
,{"stream_name":"stderr","time":7.896866759,"data":"0.00s - to python to disable frozen modules.\n"}
,{"stream_name":"stderr","time":7.89686939,"data":"0.00s - Note: Debugging will proceed. Set PYDEVD_DISABLE_FILE_VALIDATION=1 to disable this validation.\n"}
,{"stream_name":"stderr","time":8.537740921,"data":"0.00s - Debugger warning: It seems that frozen modules are being used, which may\n"}
,{"stream_name":"stderr","time":8.537784697,"data":"0.00s - make the debugger miss breakpoints. Please pass -Xfrozen_modules=off\n"}
,{"stream_name":"stderr","time":8.537790254,"data":"0.00s - to python to disable frozen modules.\n"}
,{"stream_name":"stderr","time":8.537794262,"data":"0.00s - Note: Debugging will proceed. Set PYDEVD_DISABLE_FILE_VALIDATION=1 to disable this validation.\n"}
,{"stream_name":"stdout","time":9.713641774,"data":"BIOHUB_PRESET: harmonic_v3_division_wide\n"}
,{"stream_name":"stdout","time":9.713668441,"data":"BIOHUB_SCORE_AXIS: 063: 062 Base + Layer 3 Continuous Spatio-Temporal Mitosis Activation\n"}
,{"stream_name":"stdout","time":9.746718602,"data":"Configuration guard: PASS\n"}
,{"stream_name":"stdout","time":9.746737216,"data":"Baseline: fixed-90 dual-seed clean pipeline (public LB 0.913)\n"}
,{"stream_name":"stdout","time":9.746740554,"data":"Single model-level change: harmonic mutual-support association fusion\n"}
,{"stream_name":"stdout","time":9.746744103,"data":"Reverse-time association weight: 0.200\n"}
,{"stream_name":"stdout","time":10.723053115999999,"data":"Biohub learned UNet + node-transformer + ILP submission\n"}
,{"stream_name":"stdout","time":10.723133273,"data":"COMP_DIR: /kaggle/input/competitions/biohub-cell-tracking-during-development exists: True\n"}
,{"stream_name":"stdout","time":10.723138769,"data":"TEST_DIR: /kaggle/input/competitions/biohub-cell-tracking-during-development/test exists: True\n"}
,{"stream_name":"stdout","time":10.723142567,"data":"{\n"}
,{"stream_name":"stdout","time":10.723148933000001,"data":"  \"adaptive_short_track_rescue\": true,\n"}
,{"stream_name":"stdout","time":10.723151968,"data":"  \"allow_artifact_fallback\": false,\n"}
,{"stream_name":"stdout","time":10.723154339,"data":"  \"allow_pip_install\": false,\n"}
,{"stream_name":"stdout","time":10.723156726,"data":"  \"boundary_min_track_len\": 2,\n"}
,{"stream_name":"stdout","time":10.723159051,"data":"  \"boundary_t_margin\": 2,\n"}
,{"stream_name":"stdout","time":10.72316155,"data":"  \"boundary_track_rescue\": true,\n"}
,{"stream_name":"stdout","time":10.723163877,"data":"  \"boundary_z_margin\": 3.0,\n"}
,{"stream_name":"stdout","time":10.723166244,"data":"  \"continuous_mitosis_enable\": true,\n"}
,{"stream_name":"stdout","time":10.723168668,"data":"  \"continuous_survival_enable\": true,\n"}
,{"stream_name":"stdout","time":10.723171038,"data":"  \"deepcenter_checkpoint_default\": \"/kaggle/input/biohub-deepcenter-unet3d-center-prior-v1/weights/full_frame_center/best.pt\",\n"}
,{"stream_name":"stdout","time":10.723173599,"data":"  \"deepcenter_expected_epoch\": 2,\n"}
,{"stream_name":"stdout","time":10.723175862,"data":"  \"deepcenter_gap_add_gate\": true,\n"}
,{"stream_name":"stdout","time":10.723201537,"data":"  \"deepcenter_gap_confirm_min_span_um\": 8.5,\n"}
,{"stream_name":"stdout","time":10.723205619,"data":"  \"deepcenter_gap_threshold\": 0.25,\n"}
,{"stream_name":"stdout","time":10.723209547,"data":"  \"deepcenter_safe_div_add_gate\": true,\n"}
,{"stream_name":"stdout","time":10.723225925,"data":"  \"deepcenter_safe_div_threshold\": 0.25,\n"}
,{"stream_name":"stdout","time":10.723229595,"data":"  \"det_threshold\": 0.965,\n"}
,{"stream_name":"stdout","time":10.723232973,"data":"  \"div_drop_to_single_if_bad\": true,\n"}
,{"stream_name":"stdout","time":10.723236387,"data":"  \"div_parent_max_um\": 10.5,\n"}
,{"stream_name":"stdout","time":10.723239678,"data":"  \"div_sister_max_um\": 8.0,\n"}
,{"stream_name":"stdout","time":10.723243006,"data":"  \"experiment_tag\": \"063-LAYER3_CONTINUOUS_MITOSIS\",\n"}
,{"stream_name":"stdout","time":10.723246601,"data":"  \"gap2_frame_frac_cap\": 0.006,\n"}
,{"stream_name":"stdout","time":10.723249949,"data":"  \"gap2_max_links_abs\": 180,\n"}
,{"stream_name":"stdout","time":10.723253309,"data":"  \"gap2_max_links_frac\": 0.0045,\n"}
,{"stream_name":"stdout","time":10.723256688,"data":"  \"gap2_max_step_um\": 4.0,\n"}
,{"stream_name":"stdout","time":10.723263669,"data":"  \"gap2_max_total_um\": 10.2,\n"}
,{"stream_name":"stdout","time":10.723266685,"data":"  \"gap2_require_context\": true,\n"}
,{"stream_name":"stdout","time":10.723269062,"data":"  \"gap_close_effective_max_gap\": 1,\n"}
,{"stream_name":"stdout","time":10.723271339,"data":"  \"gap_close_max_added_abs\": 2000,\n"}
,{"stream_name":"stdout","time":10.723273586,"data":"  \"gap_close_max_added_frac\": 0.05,\n"}
,{"stream_name":"stdout","time":10.723275808,"data":"  \"gap_close_max_gap\": 2,\n"}
,{"stream_name":"stdout","time":10.723278953,"data":"  \"gap_close_reuse_existing\": true,\n"}
,{"stream_name":"stdout","time":10.7232923,"data":"  \"gap_close_reuse_um\": 2.8,\n"}
,{"stream_name":"stdout","time":10.7232967,"data":"  \"gap_close_um\": 4.5,\n"}
,{"stream_name":"stdout","time":10.723300533,"data":"  \"gap_density_adaptive\": true,\n"}
,{"stream_name":"stdout","time":10.723304618,"data":"  \"gap_density_gain\": 0.04,\n"}
,{"stream_name":"stdout","time":10.72330866,"data":"  \"gap_density_max_step_delta_um\": 0.125,\n"}
,{"stream_name":"stdout","time":10.723312264,"data":"  \"gap_density_neighbors\": 3,\n"}
,{"stream_name":"stdout","time":10.723315579,"data":"  \"gap_density_reference_um\": 6.5,\n"}
,{"stream_name":"stdout","time":10.723318876,"data":"  \"gap_refine_max_shift_um\": 3.2,\n"}
,{"stream_name":"stdout","time":10.723322206,"data":"  \"gap_refine_synthetic\": true,\n"}
,{"stream_name":"stdout","time":10.723325541,"data":"  \"gap_refine_win_yx\": 3,\n"}
,{"stream_name":"stdout","time":10.723328837,"data":"  \"gap_refine_win_z\": 1,\n"}
,{"stream_name":"stdout","time":10.723332229,"data":"  \"ilp_appearance_weight\": 0.0,\n"}
,{"stream_name":"stdout","time":10.723335549,"data":"  \"ilp_disappearance_weight\": 2.0,\n"}
,{"stream_name":"stdout","time":10.723339077,"data":"  \"ilp_division_weight\": 1.2,\n"}
,{"stream_name":"stdout","time":10.723342362,"data":"  \"ilp_edge_weight\": -1.0,\n"}
,{"stream_name":"stdout","time":10.723345738999999,"data":"  \"method\": \"unet_transformer\",\n"}
,{"stream_name":"stdout","time":10.723349252,"data":"  \"mitosis_density_center\": 100.0,\n"}
,{"stream_name":"stdout","time":10.723352629,"data":"  \"mitosis_density_scale\": 40.0,\n"}
,{"stream_name":"stdout","time":10.723355966,"data":"  \"mitosis_sister_optimal_um\": 8.5,\n"}
,{"stream_name":"stdout","time":10.723360876,"data":"  \"mitosis_sister_sigma_um\": 3.5,\n"}
,{"stream_name":"stdout","time":10.723364388,"data":"  \"mitosis_threshold\": 0.2,\n"}
,{"stream_name":"stdout","time":10.723370664,"data":"  \"motion_relink_learned_bonus\": 1.0,\n"}
,{"stream_name":"stdout","time":10.723386533,"data":"  \"motion_relink_max_frame_nodes\": 2600,\n"}
,{"stream_name":"stdout","time":10.723391266,"data":"  \"motion_relink_relaxed_um\": 9.0,\n"}
,{"stream_name":"stdout","time":10.723395013,"data":"  \"motion_relink_tight_um\": 5.0,\n"}
,{"stream_name":"stdout","time":10.72339934,"data":"  \"motion_relink_velocity_weight\": 0.5,\n"}
,{"stream_name":"stdout","time":10.723403378,"data":"  \"output_division_geometry_filter\": false,\n"}
,{"stream_name":"stdout","time":10.723406894,"data":"  \"output_edge_max_um\": 14.0,\n"}
,{"stream_name":"stdout","time":10.723410209,"data":"  \"output_enforce_next_frame\": true,\n"}
,{"stream_name":"stdout","time":10.723420329,"data":"  \"output_filter_short_tracks\": true,\n"}
,{"stream_name":"stdout","time":10.723423709,"data":"  \"output_gap2_recovery\": true,\n"}
,{"stream_name":"stdout","time":10.723426954,"data":"  \"output_gap_close\": true,\n"}
,{"stream_name":"stdout","time":10.723429905,"data":"  \"output_keep_division_components\": true,\n"}
,{"stream_name":"stdout","time":10.723433314,"data":"  \"output_linefit_smooth\": true,\n"}
,{"stream_name":"stdout","time":10.723436718,"data":"  \"output_linefit_weight\": 0.8,\n"}
,{"stream_name":"stdout","time":10.723440093,"data":"  \"output_linefit_window\": 2,\n"}
,{"stream_name":"stdout","time":10.72344348,"data":"  \"output_min_track_len\": 6,\n"}
,{"stream_name":"stdout","time":10.723446883,"data":"  \"output_motion_relink\": true,\n"}
,{"stream_name":"stdout","time":10.723450231,"data":"  \"output_prune_isolated\": true,\n"}
,{"stream_name":"stdout","time":10.723453593,"data":"  \"output_safe_divisions\": true,\n"}
,{"stream_name":"stdout","time":10.723456992,"data":"  \"output_single_child_repair\": false,\n"}
,{"stream_name":"stdout","time":10.723463186,"data":"  \"output_single_parent_repair\": true,\n"}
,{"stream_name":"stdout","time":10.723466113,"data":"  \"primary_artifact_manifest\": \"/kaggle/input/datasets/pilkwang/biohub-tracking-support-pack-50ep-v1/ARTIFACT_MANIFEST.json\",\n"}
,{"stream_name":"stdout","time":10.723469243,"data":"  \"safe_div_existing_child_max_um\": 10.0,\n"}
,{"stream_name":"stdout","time":10.723482102,"data":"  \"safe_div_frame_frac_cap\": 0.0076,\n"}
,{"stream_name":"stdout","time":10.723486173,"data":"  \"safe_div_global_frac_cap\": 0.00375,\n"}
,{"stream_name":"stdout","time":10.723490103,"data":"  \"safe_div_max_um\": 9.0,\n"}
,{"stream_name":"stdout","time":10.723494044,"data":"  \"safe_div_sister_max_um\": 14.0,\n"}
,{"stream_name":"stdout","time":10.723498098,"data":"  \"short_track_rescue_max_mean_edge_dist_um\": 3.0,\n"}
,{"stream_name":"stdout","time":10.723501546,"data":"  \"short_track_rescue_max_nodes_abs\": 120,\n"}
,{"stream_name":"stdout","time":10.723504972,"data":"  \"short_track_rescue_max_nodes_frac\": 0.012,\n"}
,{"stream_name":"stdout","time":10.723508324,"data":"  \"short_track_rescue_min_len\": 4,\n"}
,{"stream_name":"stdout","time":10.723511713,"data":"  \"short_track_rescue_min_mean_edge_prob\": 0.88,\n"}
,{"stream_name":"stdout","time":10.723515196,"data":"  \"short_track_rescue_trigger_removed_frac\": 0.1,\n"}
,{"stream_name":"stdout","time":10.723518691,"data":"  \"slice\": \"\",\n"}
,{"stream_name":"stdout","time":10.723522086,"data":"  \"survival_boundary_max_bonus\": 4.5,\n"}
,{"stream_name":"stdout","time":10.723525462,"data":"  \"survival_decay_scale\": 3.0,\n"}
,{"stream_name":"stdout","time":10.723528818,"data":"  \"survival_edge_prob_weight\": 2.0,\n"}
,{"stream_name":"stdout","time":10.723532138,"data":"  \"survival_threshold\": 5.0,\n"}
,{"stream_name":"stdout","time":10.723538819,"data":"  \"target_artifact_slug\": \"biohub-tracking-support-pack-50ep-v1\",\n"}
,{"stream_name":"stdout","time":10.723542429,"data":"  \"unet_batch_size\": 8,\n"}
,{"stream_name":"stdout","time":10.723545733,"data":"  \"use_deepcenter_add_only_gate\": true,\n"}
,{"stream_name":"stdout","time":10.723549086,"data":"  \"use_ilp\": true,\n"}
,{"stream_name":"stdout","time":10.723552349,"data":"  \"watershed_declump_enable\": true,\n"}
,{"stream_name":"stdout","time":10.723560641,"data":"  \"watershed_min_blob_vol\": 120,\n"}
,{"stream_name":"stdout","time":10.723563539,"data":"  \"watershed_min_elongation\": 1.5,\n"}
,{"stream_name":"stdout","time":10.723576136,"data":"  \"watershed_min_saddle_ratio\": 0.15,\n"}
,{"stream_name":"stdout","time":10.723580116,"data":"  \"watershed_secondary_pool\": 5,\n"}
,{"stream_name":"stdout","time":10.723584306,"data":"  \"weights\": \"weights/unet_transformer/split_0/edge_predictor_best.pth\"\n"}
,{"stream_name":"stdout","time":10.723588503,"data":"}\n"}
,{"stream_name":"stdout","time":10.938858683,"data":"ARTIFACTS: /kaggle/input/datasets/pilkwang/biohub-tracking-support-pack-50ep-v1\n"}
,{"stream_name":"stdout","time":10.93888626,"data":"Has offline wheels: True\n"}
,{"stream_name":"stdout","time":10.938891375,"data":"Artifact name: biohub-tracking-support-pack-400ep-snapshot-v1\n"}
,{"stream_name":"stdout","time":10.938896061,"data":"Weight sha256: 12f6881ee3620a831697ca098ff8f48e687a24225f4e048b538deec3562fe771\n"}
,{"stream_name":"stdout","time":10.93890013,"data":"Weight path: weights/unet_transformer/split_0/edge_predictor_best.pth\n"}
,{"stream_name":"stdout","time":11.752889466,"data":"Installing missing packages from offline package dirs: ['polars']\n"}
,{"stream_name":"stdout","time":11.752921309,"data":"Dependency resolver is disabled with --no-deps to avoid replacing Kaggle numpy/scipy in a live kernel.\n"}
,{"stream_name":"stdout","time":11.752932131,"data":"Offline package dirs: ['/kaggle/input/datasets/pilkwang/biohub-tracking-support-pack-50ep-v1/wheels']\n"}
,{"stream_name":"stdout","time":18.377254182,"data":"Offline dependency install succeeded.\n"}
,{"stream_name":"stdout","time":18.377294748,"data":"Installing missing packages from offline package dirs: ['tracksdata', 'zarr', 'pyscipopt', 'geff', 'geff_spec', 'ilpy', 'imagecodecs', 'rustworkx', 'numcodecs', 'donfig', 'bidict']\n"}
,{"stream_name":"stdout","time":18.377299723,"data":"Dependency resolver is disabled with --no-deps to avoid replacing Kaggle numpy/scipy in a live kernel.\n"}
,{"stream_name":"stdout","time":18.377303235,"data":"Offline package dirs: ['/kaggle/input/datasets/pilkwang/biohub-tracking-support-pack-50ep-v1/wheels']\n"}
,{"stream_name":"stdout","time":48.046623498,"data":"Offline dependency install succeeded.\n"}
,{"stream_name":"stderr","time":56.958379893,"data":"/usr/local/lib/python3.12/dist-packages/dask/array/image.py:7: FutureWarning: `find_available_plugins` is deprecated since version 0.25 and will be removed in version 0.27. The plugin infrastructure of `skimage.io` is deprecated. Instead, use `imageio` or other I/O packages directly.\n"}
,{"stream_name":"stderr","time":56.958432486,"data":"  from skimage.io import imread as sk_imread\n"}
,{"stream_name":"stderr","time":56.958440167,"data":"/usr/lib/python3.12/importlib/__init__.py:90: FutureWarning: `reset_plugins` is deprecated since version 0.25 and will be removed in version 0.27. The plugin infrastructure of `skimage.io` is deprecated. Instead, use `imageio` or other I/O packages directly.\n"}
,{"stream_name":"stderr","time":56.958446302,"data":"  return _bootstrap._gcd_import(name[level:], package, level)\n"}
,{"stream_name":"stderr","time":56.958451679,"data":"\n"}
,{"stream_name":"stderr","time":56.958468353,"data":"/usr/local/lib/python3.12/dist-packages/dask/array/image.py:7: FutureWarning: `find_available_plugins` is deprecated since version 0.25 and will be removed in version 0.27. The plugin infrastructure of `skimage.io` is deprecated. Instead, use `imageio` or other I/O packages directly.\n"}
,{"stream_name":"stderr","time":56.958473301,"data":"  from skimage.io import imread as sk_imread\n"}
,{"stream_name":"stderr","time":56.958476963,"data":"/usr/lib/python3.12/importlib/__init__.py:90: FutureWarning: `reset_plugins` is deprecated since version 0.25 and will be removed in version 0.27. The plugin infrastructure of `skimage.io` is deprecated. Instead, use `imageio` or other I/O packages directly.\n"}
,{"stream_name":"stderr","time":56.958481391,"data":"  return _bootstrap._gcd_import(name[level:], package, level)\n"}
,{"stream_name":"stdout","time":57.199227973,"data":"Required graph/Zarr/ILP packages import successfully.\n"}
,{"stream_name":"stdout","time":57.199265151,"data":"Inference repo: /kaggle/working/tracking_repo\n"}
,{"stream_name":"stdout","time":57.199274985,"data":"Weights: /kaggle/working/tracking_repo/weights/unet_transformer/split_0/edge_predictor_best.pth\n"}
,{"stream_name":"stdout","time":58.086799395,"data":"Support repo Python manifest SHA256: 978b626d1fd1e7397435a437dfe68691defe1572fc3c20e61012d7c9b52ed029\n"}
,{"stream_name":"stdout","time":58.086858872,"data":"Primary materialized SHA256: 12f6881ee3620a831697ca098ff8f48e687a24225f4e048b538deec3562fe771\n"}
,{"stream_name":"stdout","time":58.086865782,"data":"DeepCenter materialized SHA256: 8040999a92f6b7bbd98fa8cf458141e045c0f9ad7c936bdb3b18e1f7edafe2a0\n"}
,{"stream_name":"stdout","time":274.177570022,"data":"Secondary artifact: /kaggle/input/datasets/pilkwang/biohub-temporal-unet3d-seed314159-v1\n"}
,{"stream_name":"stdout","time":274.177621749,"data":"Secondary weight: /kaggle/working/secondary_seed_weights/unet_transformer/split_0/edge_predictor_best.pth\n"}
,{"stream_name":"stdout","time":274.177628621,"data":"Secondary SHA256: 9bac2fa0dadc4a6fc1899e0caf187f4b553e0a7cd90ba1261a68b35ffe9e305f\n"}
,{"stream_name":"stdout","time":274.177633428,"data":"Secondary edge-logit weight: 0.15\n"}
,{"stream_name":"stdout","time":274.177638421,"data":"Runtime integrity receipt: /kaggle/working/bidirectional_production_runtime_integrity.json\n"}
,{"stream_name":"stdout","time":279.144638485,"data":"CUDA device: Tesla T4\n"}
,{"stream_name":"stdout","time":279.144672585,"data":"TTA patch applied (400ep spatial D4-style)\n"}
,{"stream_name":"stdout","time":279.144679189,"data":"Calibrated dual-seed runtime patch applied\n"}
,{"stream_name":"stdout","time":279.144686368,"data":"Frozen frame retention guard applied at 0.90\n"}
,{"stream_name":"stdout","time":279.144695343,"data":"Bidirectional harmonic-probability association fusion applied | weight= 0.15\n"}
,{"stream_name":"stdout","time":279.144699101,"data":"Pre-ILP detector-coordinate manifest hook applied\n"}
,{"stream_name":"stdout","time":279.144702777,"data":"EDGE_TTA patch installed and enabled in /kaggle/working/tracking_repo/scripts/predict_unet_transformer.py\n"}
,{"stream_name":"stdout","time":279.14470641,"data":"secondary edge-feature TTA patch installed and enabled\n"}
,{"stream_name":"stdout","time":279.149921962,"data":"Found 4 test videos\n"}
,{"stream_name":"stdout","time":279.14997095,"data":"['44b6_0113de3b', '44b6_0b24845f', '6bba_05b6850b', '6bba_05db0fb1']\n"}
,{"stream_name":"stdout","time":279.149978376,"data":"Launching 2 independent video shards on CUDA devices ['0', '1']\n"}
,{"stream_name":"stdout","time":279.14998464,"data":"GPU shard 0: CUDA_VISIBLE_DEVICES=0 | /usr/bin/python3 scripts/predict_unet_transformer.py --data-dir /kaggle/input/competitions/biohub-cell-tracking-during-development/test --splits kaggle_test_splits_50ep.json --split 0 --weights weights/unet_transformer/split_0/edge_predictor_best.pth --unet-batch-size 8 --det-threshold 0.965 --ilp-edge-weight -1.0 --ilp-appearance-weight 0.0 --ilp-disappearance-weight 2.0 --ilp-division-weight 1.2 --use-ilp --method unet_transformer_gpu0 --slice 0::2\n"}
,{"stream_name":"stdout","time":279.152167604,"data":"GPU shard 1: CUDA_VISIBLE_DEVICES=1 | /usr/bin/python3 scripts/predict_unet_transformer.py --data-dir /kaggle/input/competitions/biohub-cell-tracking-during-development/test --splits kaggle_test_splits_50ep.json --split 0 --weights weights/unet_transformer/split_0/edge_predictor_best.pth --unet-batch-size 8 --det-threshold 0.965 --ilp-edge-weight -1.0 --ilp-appearance-weight 0.0 --ilp-disappearance-weight 2.0 --ilp-division-weight 1.2 --use-ilp --method unet_transformer_gpu1 --slice 1::2\n"}
,{"stream_name":"stderr","time":284.724867449,"data":"/usr/local/lib/python3.12/dist-packages/dask/array/image.py:7: FutureWarning: `find_available_plugins` is deprecated since version 0.25 and will be removed in version 0.27. The plugin infrastructure of `skimage.io` is deprecated. Instead, use `imageio` or other I/O packages directly.\n"}
,{"stream_name":"stderr","time":284.724916116,"data":"  from skimage.io import imread as sk_imread\n"}
,{"stream_name":"stderr","time":284.729705949,"data":"/usr/lib/python3.12/importlib/__init__.py:90: FutureWarning: `reset_plugins` is deprecated since version 0.25 and will be removed in version 0.27. The plugin infrastructure of `skimage.io` is deprecated. Instead, use `imageio` or other I/O packages directly.\n"}
,{"stream_name":"stderr","time":284.729733972,"data":"  return _bootstrap._gcd_import(name[level:], package, level)\n"}
,{"stream_name":"stderr","time":284.776117561,"data":"/usr/local/lib/python3.12/dist-packages/dask/array/image.py:7: FutureWarning: `find_available_plugins` is deprecated since version 0.25 and will be removed in version 0.27. The plugin infrastructure of `skimage.io` is deprecated. Instead, use `imageio` or other I/O packages directly.\n"}
,{"stream_name":"stderr","time":284.776155653,"data":"  from skimage.io import imread as sk_imread\n"}
,{"stream_name":"stderr","time":284.781398646,"data":"/usr/lib/python3.12/importlib/__init__.py:90: FutureWarning: `reset_plugins` is deprecated since version 0.25 and will be removed in version 0.27. The plugin infrastructure of `skimage.io` is deprecated. Instead, use `imageio` or other I/O packages directly.\n"}
,{"stream_name":"stderr","time":284.781427473,"data":"  return _bootstrap._gcd_import(name[level:], package, level)\n"}
,{"stream_name":"stderr","time":284.927481286,"data":"/usr/local/lib/python3.12/dist-packages/dask/array/image.py:7: FutureWarning: `find_available_plugins` is deprecated since version 0.25 and will be removed in version 0.27. The plugin infrastructure of `skimage.io` is deprecated. Instead, use `imageio` or other I/O packages directly.\n"}
,{"stream_name":"stderr","time":284.92754853,"data":"  from skimage.io import imread as sk_imread\n"}
,{"stream_name":"stderr","time":284.927555446,"data":"/usr/lib/python3.12/importlib/__init__.py:90: FutureWarning: `reset_plugins` is deprecated since version 0.25 and will be removed in version 0.27. The plugin infrastructure of `skimage.io` is deprecated. Instead, use `imageio` or other I/O packages directly.\n"}
,{"stream_name":"stderr","time":284.927567305,"data":"  return _bootstrap._gcd_import(name[level:], package, level)\n"}
,{"stream_name":"stderr","time":284.92757243,"data":"/usr/local/lib/python3.12/dist-packages/dask/array/image.py:7: FutureWarning: `find_available_plugins` is deprecated since version 0.25 and will be removed in version 0.27. The plugin infrastructure of `skimage.io` is deprecated. Instead, use `imageio` or other I/O packages directly.\n"}
,{"stream_name":"stderr","time":284.927589078,"data":"  from skimage.io import imread as sk_imread\n"}
,{"stream_name":"stderr","time":284.927592856,"data":"/usr/lib/python3.12/importlib/__init__.py:90: FutureWarning: `reset_plugins` is deprecated since version 0.25 and will be removed in version 0.27. The plugin infrastructure of `skimage.io` is deprecated. Instead, use `imageio` or other I/O packages directly.\n"}
,{"stream_name":"stderr","time":284.927598018,"data":"  return _bootstrap._gcd_import(name[level:], package, level)\n"}
,{"stream_name":"stderr","time":284.927614534,"data":"\n"}
,{"stream_name":"stderr","time":284.927618019,"data":"/usr/local/lib/python3.12/dist-packages/dask/array/image.py:7: FutureWarning: `find_available_plugins` is deprecated since version 0.25 and will be removed in version 0.27. The plugin infrastructure of `skimage.io` is deprecated. Instead, use `imageio` or other I/O packages directly.\n"}
,{"stream_name":"stderr","time":284.927622383,"data":"  from skimage.io import imread as sk_imread\n"}
,{"stream_name":"stderr","time":284.92762667,"data":"/usr/lib/python3.12/importlib/__init__.py:90: FutureWarning: `reset_plugins` is deprecated since version 0.25 and will be removed in version 0.27. The plugin infrastructure of `skimage.io` is deprecated. Instead, use `imageio` or other I/O packages directly.\n"}
,{"stream_name":"stderr","time":284.927631051,"data":"  return _bootstrap._gcd_import(name[level:], package, level)\n"}
,{"stream_name":"stderr","time":284.92763601,"data":"/usr/local/lib/python3.12/dist-packages/dask/array/image.py:7: FutureWarning: `find_available_plugins` is deprecated since version 0.25 and will be removed in version 0.27. The plugin infrastructure of `skimage.io` is deprecated. Instead, use `imageio` or other I/O packages directly.\n"}
,{"stream_name":"stderr","time":284.927640856,"data":"  from skimage.io import imread as sk_imread\n"}
,{"stream_name":"stderr","time":284.927644509,"data":"/usr/lib/python3.12/importlib/__init__.py:90: FutureWarning: `reset_plugins` is deprecated since version 0.25 and will be removed in version 0.27. The plugin infrastructure of `skimage.io` is deprecated. Instead, use `imageio` or other I/O packages directly.\n"}
,{"stream_name":"stderr","time":284.927648813,"data":"  return _bootstrap._gcd_import(name[level:], package, level)\n"}
,{"stream_name":"stdout","time":285.462590607,"data":"Secondary model: /kaggle/working/secondary_seed_weights/unet_transformer/split_0/edge_predictor_best.pth | edge weight=0.150 | detection weight=0.800 | link mode=low_margin_consensus | temperature=1.000 | low-margin max=0.350 | edge threshold=0.480\n"}
,{"stream_name":"stdout","time":285.462845382,"data":"Fold 0: 2 datasets | weights=weights/unet_transformer/split_0/edge_predictor_best.pth | device=cuda | window_size=2 | pool_kernel_um=3.0\n"}
,{"stream_name":"stdout","time":285.464860484,"data":"Secondary model: /kaggle/working/secondary_seed_weights/unet_transformer/split_0/edge_predictor_best.pth | edge weight=0.150 | detection weight=0.800 | link mode=low_margin_consensus | temperature=1.000 | low-margin max=0.350 | edge threshold=0.480\n"}
,{"stream_name":"stdout","time":285.464891183,"data":"Fold 0: 2 datasets | weights=weights/unet_transformer/split_0/edge_predictor_best.pth | device=cuda | window_size=2 | pool_kernel_um=3.0\n"}
,{"stream_name":"stdout","time":285.665161656,"data":"Secondary model: /kaggle/working/secondary_seed_weights/unet_transformer/split_0/edge_predictor_best.pth | edge weight=0.150 | detection weight=0.800 | link mode=low_margin_consensus | temperature=1.000 | low-margin max=0.350 | edge threshold=0.480\n"}
,{"stream_name":"stdout","time":285.665207185,"data":"Fold 0: 2 datasets | weights=weights/unet_transformer/split_0/edge_predictor_best.pth | device=cuda | window_size=2 | pool_kernel_um=3.0\n"}
,{"stream_name":"stdout","time":285.665230237,"data":"Secondary model: /kaggle/working/secondary_seed_weights/unet_transformer/split_0/edge_predictor_best.pth | edge weight=0.150 | detection weight=0.800 | link mode=low_margin_consensus | temperature=1.000 | low-margin max=0.350 | edge threshold=0.480\n"}
,{"stream_name":"stdout","time":285.665236883,"data":"Fold 0: 2 datasets | weights=weights/unet_transformer/split_0/edge_predictor_best.pth | device=cuda | window_size=2 | pool_kernel_um=3.0\n"}
,{"stream_name":"stdout","time":287.659611781,"data":"EDGE_TTA_ACTIVE views= 8 mean_abs_feat_delta= 0.323238\n"}
,{"stream_name":"stdout","time":287.673240833,"data":"EDGE_TTA_ACTIVE views= 8 mean_abs_feat_delta= 0.360585\n"}
,{"stream_name":"stdout","time":287.862026711,"data":"EDGE_TTA_ACTIVE views= 8 mean_abs_feat_delta= 0.323238\n"}
,{"stream_name":"stdout","time":287.862053115,"data":"EDGE_TTA_ACTIVE views= 8 mean_abs_feat_delta= 0.360585\n"}
,{"stream_name":"stdout","time":288.539784803,"data":"SECONDARY_EDGE_TTA_ACTIVE views= 8 weight= 0.75 mean_abs_feat_delta= 0.230737\n"}
,{"stream_name":"stdout","time":288.541814813,"data":"SECONDARY_EDGE_TTA_ACTIVE views= 8 weight= 0.75 mean_abs_feat_delta= 0.28166\n"}
,{"stream_name":"stdout","time":288.676066168,"data":"BIOHUB_RETENTION_GUARD {\"blended_candidates\": 387, \"dataset\": \"44b6_0b24845f\", \"frame\": 0, \"minimum_retention\": 0.9, \"primary_candidates\": 465, \"retention\": 0.832258064516129, \"use_primary\": true}\n"}
,{"stream_name":"stdout","time":288.677827953,"data":"BIOHUB_RETENTION_GUARD {\"blended_candidates\": 391, \"dataset\": \"44b6_0b24845f\", \"frame\": 1, \"minimum_retention\": 0.9, \"primary_candidates\": 444, \"retention\": 0.8806306306306306, \"use_primary\": true}\n"}
,{"stream_name":"stdout","time":288.74229725,"data":"SECONDARY_EDGE_TTA_ACTIVE views= 8 weight= 0.75 mean_abs_feat_delta= 0.230737\n"}
,{"stream_name":"stdout","time":288.742349143,"data":"SECONDARY_EDGE_TTA_ACTIVE views= 8 weight= 0.75 mean_abs_feat_delta= 0.28166\n"}
,{"stream_name":"stdout","time":288.742355966,"data":"BIOHUB_RETENTION_GUARD {\"blended_candidates\": 387, \"dataset\": \"44b6_0b24845f\", \"frame\": 0, \"minimum_retention\": 0.9, \"primary_candidates\": 465, \"retention\": 0.832258064516129, \"use_primary\": true}\n"}
,{"stream_name":"stdout","time":288.742361438,"data":"BIOHUB_RETENTION_GUARD {\"blended_candidates\": 391, \"dataset\": \"44b6_0b24845f\", \"frame\": 1, \"minimum_retention\": 0.9, \"primary_candidates\": 444, \"retention\": 0.8806306306306306, \"use_primary\": true}\n"}
,{"stream_name":"stdout","time":292.984297743,"data":"EDGE_TTA_ACTIVE views= 8 mean_abs_feat_delta= 0.328294\n"}
,{"stream_name":"stdout","time":293.053890657,"data":"EDGE_TTA_ACTIVE views= 8 mean_abs_feat_delta= 0.361891\n"}
,{"stream_name":"stdout","time":293.186749635,"data":"EDGE_TTA_ACTIVE views= 8 mean_abs_feat_delta= 0.328294\n"}
,{"stream_name":"stdout","time":293.186773831,"data":"EDGE_TTA_ACTIVE views= 8 mean_abs_feat_delta= 0.361891\n"}
,{"stream_name":"stdout","time":293.856261119,"data":"SECONDARY_EDGE_TTA_ACTIVE views= 8 weight= 0.75 mean_abs_feat_delta= 0.23209\n"}
,{"stream_name":"stdout","time":293.927235756,"data":"SECONDARY_EDGE_TTA_ACTIVE views= 8 weight= 0.75 mean_abs_feat_delta= 0.288809\n"}
,{"stream_name":"stdout","time":293.931999459,"data":"BIOHUB_RETENTION_GUARD {\"blended_candidates\": 333, \"dataset\": \"44b6_0b24845f\", \"frame\": 2, \"minimum_retention\": 0.9, \"primary_candidates\": 390, \"retention\": 0.8538461538461538, \"use_primary\": true}\n"}
,{"stream_name":"stdout","time":294.058860875,"data":"SECONDARY_EDGE_TTA_ACTIVE views= 8 weight= 0.75 mean_abs_feat_delta= 0.23209\n"}
,{"stream_name":"stdout","time":294.058897747,"data":"SECONDARY_EDGE_TTA_ACTIVE views= 8 weight= 0.75 mean_abs_feat_delta= 0.288809\n"}
,{"stream_name":"stdout","time":294.05891491,"data":"BIOHUB_RETENTION_GUARD {\"blended_candidates\": 333, \"dataset\": \"44b6_0b24845f\", \"frame\": 2, \"minimum_retention\": 0.9, \"primary_candidates\": 390, \"retention\": 0.8538461538461538, \"use_primary\": true}\n"}
,{"stream_name":"stdout","time":294.857632761,"data":"EDGE_TTA_ACTIVE views= 8 mean_abs_feat_delta= 0.326314\n"}
,{"stream_name":"stdout","time":294.98070159,"data":"EDGE_TTA_ACTIVE views= 8 mean_abs_feat_delta= 0.354206\n"}
,{"stream_name":"stdout","time":295.05996601,"data":"EDGE_TTA_ACTIVE views= 8 mean_abs_feat_delta= 0.326314\n"}
,{"stream_name":"stdout","time":295.059987671,"data":"EDGE_TTA_ACTIVE views= 8 mean_abs_feat_delta= 0.354206\n"}
,{"stream_name":"stdout","time":295.735729194,"data":"SECONDARY_EDGE_TTA_ACTIVE views= 8 weight= 0.75 mean_abs_feat_delta= 0.232786\n"}
,{"stream_name":"stdout","time":295.85946792,"data":"SECONDARY_EDGE_TTA_ACTIVE views= 8 weight= 0.75 mean_abs_feat_delta= 0.287127\n"}
,{"stream_name":"stdout","time":295.863518232,"data":"BIOHUB_RETENTION_GUARD {\"blended_candidates\": 362, \"dataset\": \"44b6_0b24845f\", \"frame\": 3, \"minimum_retention\": 0.9, \"primary_candidates\": 421, \"retention\": 0.8598574821852731, \"use_primary\": true}\n"}
,{"stream_name":"stdout","time":295.938239602,"data":"SECONDARY_EDGE_TTA_ACTIVE views= 8 weight= 0.75 mean_abs_feat_delta= 0.232786\n"}
,{"stream_name":"stdout","time":295.93826686,"data":"SECONDARY_EDGE_TTA_ACTIVE views= 8 weight= 0.75 mean_abs_feat_delta= 0.287127\n"}
,{"stream_name":"stdout","time":295.938272278,"data":"BIOHUB_RETENTION_GUARD {\"blended_candidates\": 362, \"dataset\": \"44b6_0b24845f\", \"frame\": 3, \"minimum_retention\": 0.9, \"primary_candidates\": 421, \"retention\": 0.8598574821852731, \"use_primary\": true}\n"}
,{"stream_name":"stdout","time":296.739784611,"data":"EDGE_TTA_ACTIVE views= 8 mean_abs_feat_delta= 0.32686\n"}
,{"stream_name":"stdout","time":296.94230189,"data":"EDGE_TTA_ACTIVE views= 8 mean_abs_feat_delta= 0.32686\n"}
,{"stream_name":"stdout","time":296.96299073,"data":"EDGE_TTA_ACTIVE views= 8 mean_abs_feat_delta= 0.358867\n"}
,{"stream_name":"stdout","time":297.165510627,"data":"EDGE_TTA_ACTIVE views= 8 mean_abs_feat_delta= 0.358867\n"}
,{"stream_name":"stdout","time":297.619602744,"data":"SECONDARY_EDGE_TTA_ACTIVE views= 8 weight= 0.75 mean_abs_feat_delta= 0.232764\n"}
,{"stream_name":"stdout","time":297.822030307,"data":"SECONDARY_EDGE_TTA_ACTIVE views= 8 weight= 0.75 mean_abs_feat_delta= 0.232764\n"}
,{"stream_name":"stdout","time":297.850176853,"data":"SECONDARY_EDGE_TTA_ACTIVE views= 8 weight= 0.75 mean_abs_feat_delta= 0.283303\n"}
,{"stream_name":"stdout","time":297.854284843,"data":"BIOHUB_RETENTION_GUARD {\"blended_candidates\": 341, \"dataset\": \"44b6_0b24845f\", \"frame\": 4, \"minimum_retention\": 0.9, \"primary_candidates\": 404, \"retention\": 0.844059405940594, \"use_primary\": true}\n"}
,{"stream_name":"stdout","time":298.052814968,"data":"SECONDARY_EDGE_TTA_ACTIVE views= 8 weight= 0.75 mean_abs_feat_delta= 0.283303\n"}
,{"stream_name":"stdout","time":298.052848491,"data":"BIOHUB_RETENTION_GUARD {\"blended_candidates\": 341, \"dataset\": \"44b6_0b24845f\", \"frame\": 4, \"minimum_retention\": 0.9, \"primary_candidates\": 404, \"retention\": 0.844059405940594, \"use_primary\": true}\n"}
,{"stream_name":"stdout","time":298.633618185,"data":"EDGE_TTA_ACTIVE views= 8 mean_abs_feat_delta= 0.327781\n"}
,{"stream_name":"stdout","time":298.836011458,"data":"EDGE_TTA_ACTIVE views= 8 mean_abs_feat_delta= 0.327781\n"}
,{"stream_name":"stdout","time":298.920381764,"data":"EDGE_TTA_ACTIVE views= 8 mean_abs_feat_delta= 0.362463\n"}
,{"stream_name":"stdout","time":299.122653727,"data":"EDGE_TTA_ACTIVE views= 8 mean_abs_feat_delta= 0.362463\n"}
,{"stream_name":"stdout","time":299.519112521,"data":"SECONDARY_EDGE_TTA_ACTIVE views= 8 weight= 0.75 mean_abs_feat_delta= 0.236445\n"}
,{"stream_name":"stdout","time":299.721578297,"data":"SECONDARY_EDGE_TTA_ACTIVE views= 8 weight= 0.75 mean_abs_feat_delta= 0.236445\n"}
,{"stream_name":"stdout","time":299.805149104,"data":"SECONDARY_EDGE_TTA_ACTIVE views= 8 weight= 0.75 mean_abs_feat_delta= 0.289665\n"}
,{"stream_name":"stdout","time":299.809182418,"data":"BIOHUB_RETENTION_GUARD {\"blended_candidates\": 326, \"dataset\": \"44b6_0b24845f\", \"frame\": 5, \"minimum_retention\": 0.9, \"primary_candidates\": 383, \"retention\": 0.8511749347258486, \"use_primary\": true}\n"}
,{"stream_name":"stdout","time":300.007622445,"data":"SECONDARY_EDGE_TTA_ACTIVE views= 8 weight= 0.75 mean_abs_feat_delta= 0.289665\n"}
,{"stream_name":"stdout","time":300.007653458,"data":"BIOHUB_RETENTION_GUARD {\"blended_candidates\": 326, \"dataset\": \"44b6_0b24845f\", \"frame\": 5, \"minimum_retention\": 0.9, \"primary_candidates\": 383, \"retention\": 0.8511749347258486, \"use_primary\": true}\n"}
,{"stream_name":"stdout","time":300.499629713,"data":"EDGE_TTA_ACTIVE views= 8 mean_abs_feat_delta= 0.332086\n"}
,{"stream_name":"stdout","time":300.702050848,"data":"EDGE_TTA_ACTIVE views= 8 mean_abs_feat_delta= 0.332086\n"}
,{"stream_name":"stdout","time":300.891771776,"data":"EDGE_TTA_ACTIVE views= 8 mean_abs_feat_delta= 0.363112\n"}
,{"stream_name":"stdout","time":301.094441919,"data":"EDGE_TTA_ACTIVE views= 8 mean_abs_feat_delta= 0.363112\n"}
,{"stream_name":"stdout","time":301.387301808,"data":"SECONDARY_EDGE_TTA_ACTIVE views= 8 weight= 0.75 mean_abs_feat_delta= 0.236059\n"}
,{"stream_name":"stdout","time":301.58978606,"data":"SECONDARY_EDGE_TTA_ACTIVE views= 8 weight= 0.75 mean_abs_feat_delta= 0.236059\n"}
,{"stream_name":"stdout","time":301.785256695,"data":"SECONDARY_EDGE_TTA_ACTIVE views= 8 weight= 0.75 mean_abs_feat_delta= 0.296162\n"}
,{"stream_name":"stdout","time":301.789315584,"data":"BIOHUB_RETENTION_GUARD {\"blended_candidates\": 333, \"dataset\": \"44b6_0b24845f\", \"frame\": 6, \"minimum_retention\": 0.9, \"primary_candidates\": 403, \"retention\": 0.826302729528536, \"use_primary\": true}\n"}
,{"stream_name":"stdout","time":301.987781906,"data":"SECONDARY_EDGE_TTA_ACTIVE views= 8 weight= 0.75 mean_abs_feat_delta= 0.296162\n"}
,{"stream_name":"stdout","time":301.987820383,"data":"BIOHUB_RETENTION_GUARD {\"blended_candidates\": 333, \"dataset\": \"44b6_0b24845f\", \"frame\": 6, \"minimum_retention\": 0.9, \"primary_candidates\": 403, \"retention\": 0.826302729528536, \"use_primary\": true}\n"}
,{"stream_name":"stdout","time":302.429726093,"data":"EDGE_TTA_ACTIVE views= 8 mean_abs_feat_delta= 0.337311\n"}
,{"stream_name":"stdout","time":302.63193494,"data":"EDGE_TTA_ACTIVE views= 8 mean_abs_feat_delta= 0.337311\n"}
,{"stream_name":"stdout","time":302.878171189,"data":"EDGE_TTA_ACTIVE views= 8 mean_abs_feat_delta= 0.363947\n"}
,{"stream_name":"stdout","time":303.080429507,"data":"EDGE_TTA_ACTIVE views= 8 mean_abs_feat_delta= 0.363947\n"}
,{"stream_name":"stdout","time":303.320190634,"data":"SECONDARY_EDGE_TTA_ACTIVE views= 8 weight= 0.75 mean_abs_feat_delta= 0.242392\n"}
,{"stream_name":"stdout","time":303.522277992,"data":"SECONDARY_EDGE_TTA_ACTIVE views= 8 weight= 0.75 mean_abs_feat_delta= 0.242392\n"}
,{"stream_name":"stdout","time":303.77988085,"data":"SECONDARY_EDGE_TTA_ACTIVE views= 8 weight= 0.75 mean_abs_feat_delta= 0.297976\n"}
,{"stream_name":"stdout","time":303.783869414,"data":"BIOHUB_RETENTION_GUARD {\"blended_candidates\": 309, \"dataset\": \"44b6_0b24845f\", \"frame\": 7, \"minimum_retention\": 0.9, \"primary_candidates\": 390, \"retention\": 0.7923076923076923, \"use_primary\": true}\n"}
,{"stream_name":"stdout","time":303.982287757,"data":"SECONDARY_EDGE_TTA_ACTIVE views= 8 weight= 0.75 mean_abs_feat_delta= 0.297976\n"}
,{"stream_name":"stdout","time":303.982329448,"data":"BIOHUB_RETENTION_GUARD {\"blended_candidates\": 309, \"dataset\": \"44b6_0b24845f\", \"frame\": 7, \"minimum_retention\": 0.9, \"primary_candidates\": 390, \"retention\": 0.7923076923076923, \"use_primary\": true}\n"}
,{"stream_name":"stdout","time":304.41878268,"data":"EDGE_TTA_ACTIVE views= 8 mean_abs_feat_delta= 0.336476\n"}
,{"stream_name":"stdout","time":304.632775048,"data":"EDGE_TTA_ACTIVE views= 8 mean_abs_feat_delta= 0.336476\n"}
,{"stream_name":"stdout","time":304.875804349,"data":"EDGE_TTA_ACTIVE views= 8 mean_abs_feat_delta= 0.368841\n"}
,{"stream_name":"stdout","time":305.078159592,"data":"EDGE_TTA_ACTIVE views= 8 mean_abs_feat_delta= 0.368841\n"}
,{"stream_name":"stdout","time":305.308911566,"data":"SECONDARY_EDGE_TTA_ACTIVE views= 8 weight= 0.75 mean_abs_feat_delta= 0.241164\n"}
,{"stream_name":"stdout","time":305.511281257,"data":"SECONDARY_EDGE_TTA_ACTIVE views= 8 weight= 0.75 mean_abs_feat_delta= 0.241164\n"}
,{"stream_name":"stdout","time":305.781717339,"data":"SECONDARY_EDGE_TTA_ACTIVE views= 8 weight= 0.75 mean_abs_feat_delta= 0.292587\n"}
,{"stream_name":"stdout","time":305.78589536,"data":"BIOHUB_RETENTION_GUARD {\"blended_candidates\": 378, \"dataset\": \"44b6_0b24845f\", \"frame\": 8, \"minimum_retention\": 0.9, \"primary_candidates\": 443, \"retention\": 0.8532731376975169, \"use_primary\": true}\n"}
,{"stream_name":"stdout","time":305.983987522,"data":"SECONDARY_EDGE_TTA_ACTIVE views= 8 weight= 0.75 mean_abs_feat_delta= 0.292587\n"}
,{"stream_name":"stdout","time":305.984023699,"data":"BIOHUB_RETENTION_GUARD {\"blended_candidates\": 378, \"dataset\": \"44b6_0b24845f\", \"frame\": 8, \"minimum_retention\": 0.9, \"primary_candidates\": 443, \"retention\": 0.8532731376975169, \"use_primary\": true}\n"}
,{"stream_name":"stdout","time":306.30020746,"data":"EDGE_TTA_ACTIVE views= 8 mean_abs_feat_delta= 0.33307\n"}
,{"stream_name":"stdout","time":306.502435798,"data":"EDGE_TTA_ACTIVE views= 8 mean_abs_feat_delta= 0.33307\n"}
,{"stream_name":"stdout","time":306.893831353,"data":"EDGE_TTA_ACTIVE views= 8 mean_abs_feat_delta= 0.372442\n"}
,{"stream_name":"stdout","time":307.096212441,"data":"EDGE_TTA_ACTIVE views= 8 mean_abs_feat_delta= 0.372442\n"}
,{"stream_name":"stdout","time":307.195235612,"data":"SECONDARY_EDGE_TTA_ACTIVE views= 8 weight= 0.75 mean_abs_feat_delta= 0.240446\n"}
,{"stream_name":"stdout","time":307.397589531,"data":"SECONDARY_EDGE_TTA_ACTIVE views= 8 weight= 0.75 mean_abs_feat_delta= 0.240446\n"}
,{"stream_name":"stdout","time":307.805994933,"data":"SECONDARY_EDGE_TTA_ACTIVE views= 8 weight= 0.75 mean_abs_feat_delta= 0.291168\n"}
,{"stream_name":"stdout","time":307.810104851,"data":"BIOHUB_RETENTION_GUARD {\"blended_candidates\": 362, \"dataset\": \"44b6_0b24845f\", \"frame\": 9, \"minimum_retention\": 0.9, \"primary_candidates\": 429, \"retention\": 0.8438228438228438, \"use_primary\": true}\n"}
,{"stream_name":"stdout","time":308.00871698,"data":"SECONDARY_EDGE_TTA_ACTIVE views= 8 weight= 0.75 mean_abs_feat_delta= 0.291168\n"}
,{"stream_name":"stdout","time":308.008789079,"data":"BIOHUB_RETENTION_GUARD {\"blended_candidates\": 362, \"dataset\": \"44b6_0b24845f\", \"frame\": 9, \"minimum_retention\": 0.9, \"primary_candidates\": 429, \"retention\": 0.8438228438228438, \"use_primary\": true}\n"}
,{"stream_name":"stdout","time":308.21371832,"data":"EDGE_TTA_ACTIVE views= 8 mean_abs_feat_delta= 0.333216\n"}
,{"stream_name":"stdout","time":308.416002098,"data":"EDGE_TTA_ACTIVE views= 8 mean_abs_feat_delta= 0.333216\n"}
,{"stream_name":"stdout","time":308.891349819,"data":"EDGE_TTA_ACTIVE views= 8 mean_abs_feat_delta= 0.36599\n"}
,{"stream_name":"stdout","time":309.093660062,"data":"EDGE_TTA_ACTIVE views= 8 mean_abs_feat_delta= 0.36599\n"}
,{"stream_name":"stdout","time":309.110758659,"data":"SECONDARY_EDGE_TTA_ACTIVE views= 8 weight= 0.75 mean_abs_feat_delta= 0.24216\n"}
,{"stream_name":"stdout","time":309.313223498,"data":"SECONDARY_EDGE_TTA_ACTIVE views= 8 weight= 0.75 mean_abs_feat_delta= 0.24216\n"}
,{"stream_name":"stdout","time":309.80766122,"data":"SECONDARY_EDGE_TTA_ACTIVE views= 8 weight= 0.75 mean_abs_feat_delta= 0.301242\n"}
,{"stream_name":"stdout","time":309.811476114,"data":"BIOHUB_RETENTION_GUARD {\"blended_candidates\": 331, \"dataset\": \"44b6_0b24845f\", \"frame\": 10, \"minimum_retention\": 0.9, \"primary_candidates\": 419, \"retention\": 0.7899761336515513, \"use_primary\": true}\n"}
,{"stream_name":"stdout","time":310.009727198,"data":"SECONDARY_EDGE_TTA_ACTIVE views= 8 weight= 0.75 mean_abs_feat_delta= 0.301242\n"}
,{"stream_name":"stdout","time":310.009798974,"data":"BIOHUB_RETENTION_GUARD {\"blended_candidates\": 331, \"dataset\": \"44b6_0b24845f\", \"frame\": 10, \"minimum_retention\": 0.9, \"primary_candidates\": 419, \"retention\": 0.7899761336515513, \"use_primary\": true}\n"}
,{"stream_name":"stdout","time":310.130315279,"data":"EDGE_TTA_ACTIVE views= 8 mean_abs_feat_delta= 0.341654\n"}
,{"stream_name":"stdout","time":310.332908432,"data":"EDGE_TTA_ACTIVE views= 8 mean_abs_feat_delta= 0.341654\n"}
,{"stream_name":"stdout","time":310.90592867,"data":"EDGE_TTA_ACTIVE views= 8 mean_abs_feat_delta= 0.358411\n"}
,{"stream_name":"stdout","time":311.0309599,"data":"SECONDARY_EDGE_TTA_ACTIVE views= 8 weight= 0.75 mean_abs_feat_delta= 0.243727\n"}
,{"stream_name":"stdout","time":311.108431552,"data":"EDGE_TTA_ACTIVE views= 8 mean_abs_feat_delta= 0.358411\n"}
,{"stream_name":"stdout","time":311.108458851,"data":"SECONDARY_EDGE_TTA_ACTIVE views= 8 weight= 0.75 mean_abs_feat_delta= 0.243727\n"}
,{"stream_name":"stdout","time":311.810958684,"data":"SECONDARY_EDGE_TTA_ACTIVE views= 8 weight= 0.75 mean_abs_feat_delta= 0.289865\n"}
,{"stream_name":"stdout","time":311.815002041,"data":"BIOHUB_RETENTION_GUARD {\"blended_candidates\": 376, \"dataset\": \"44b6_0b24845f\", \"frame\": 11, \"minimum_retention\": 0.9, \"primary_candidates\": 441, \"retention\": 0.8526077097505669, \"use_primary\": true}\n"}
,{"stream_name":"stdout","time":312.013588916,"data":"SECONDARY_EDGE_TTA_ACTIVE views= 8 weight= 0.75 mean_abs_feat_delta= 0.289865\n"}
,{"stream_name":"stdout","time":312.013621077,"data":"BIOHUB_RETENTION_GUARD {\"blended_candidates\": 376, \"dataset\": \"44b6_0b24845f\", \"frame\": 11, \"minimum_retention\": 0.9, \"primary_candidates\": 441, \"retention\": 0.8526077097505669, \"use_primary\": true}\n"}
,{"stream_name":"stdout","time":312.032123436,"data":"EDGE_TTA_ACTIVE views= 8 mean_abs_feat_delta= 0.334228\n"}
,{"stream_name":"stdout","time":312.234336991,"data":"EDGE_TTA_ACTIVE views= 8 mean_abs_feat_delta= 0.334228\n"}
,{"stream_name":"stdout","time":312.901131874,"data":"EDGE_TTA_ACTIVE views= 8 mean_abs_feat_delta= 0.361758\n"}
,{"stream_name":"stdout","time":312.934657997,"data":"SECONDARY_EDGE_TTA_ACTIVE views= 8 weight= 0.75 mean_abs_feat_delta= 0.241899\n"}
,{"stream_name":"stdout","time":313.103695192,"data":"EDGE_TTA_ACTIVE views= 8 mean_abs_feat_delta= 0.361758\n"}
,{"stream_name":"stdout","time":313.103746203,"data":"SECONDARY_EDGE_TTA_ACTIVE views= 8 weight= 0.75 mean_abs_feat_delta= 0.241899\n"}
,{"stream_name":"stdout","time":313.821064606,"data":"SECONDARY_EDGE_TTA_ACTIVE views= 8 weight= 0.75 mean_abs_feat_delta= 0.298743\n"}
,{"stream_name":"stdout","time":313.825124132,"data":"BIOHUB_RETENTION_GUARD {\"blended_candidates\": 304, \"dataset\": \"44b6_0b24845f\", \"frame\": 12, \"minimum_retention\": 0.9, \"primary_candidates\": 361, \"retention\": 0.8421052631578947, \"use_primary\": true}\n"}
,{"stream_name":"stdout","time":313.949253223,"data":"EDGE_TTA_ACTIVE views= 8 mean_abs_feat_delta= 0.335161\n"}
,{"stream_name":"stdout","time":314.023599349,"data":"SECONDARY_EDGE_TTA_ACTIVE views= 8 weight= 0.75 mean_abs_feat_delta= 0.298743\n"}
,{"stream_name":"stdout","time":314.023637223,"data":"BIOHUB_RETENTION_GUARD {\"blended_candidates\": 304, \"dataset\": \"44b6_0b24845f\", \"frame\": 12, \"minimum_retention\": 0.9, \"primary_candidates\": 361, \"retention\": 0.8421052631578947, \"use_primary\": true}\n"}
,{"stream_name":"stdout","time":314.023644974,"data":"EDGE_TTA_ACTIVE views= 8 mean_abs_feat_delta= 0.335161\n"}
,{"stream_name":"stdout","time":314.860436262,"data":"SECONDARY_EDGE_TTA_ACTIVE views= 8 weight= 0.75 mean_abs_feat_delta= 0.237416\n"}
,{"stream_name":"stdout","time":315.020206907,"data":"EDGE_TTA_ACTIVE views= 8 mean_abs_feat_delta= 0.368237\n"}
,{"stream_name":"stdout","time":315.062609507,"data":"SECONDARY_EDGE_TTA_ACTIVE views= 8 weight= 0.75 mean_abs_feat_delta= 0.237416\n"}
,{"stream_name":"stdout","time":315.06263486,"data":"EDGE_TTA_ACTIVE views= 8 mean_abs_feat_delta= 0.368237\n"}
,{"stream_name":"stdout","time":315.907124709,"data":"EDGE_TTA_ACTIVE views= 8 mean_abs_feat_delta= 0.330752\n"}
,{"stream_name":"stdout","time":315.944519978,"data":"SECONDARY_EDGE_TTA_ACTIVE views= 8 weight= 0.75 mean_abs_feat_delta= 0.295579\n"}
,{"stream_name":"stdout","time":315.948639865,"data":"BIOHUB_RETENTION_GUARD {\"blended_candidates\": 314, \"dataset\": \"44b6_0b24845f\", \"frame\": 13, \"minimum_retention\": 0.9, \"primary_candidates\": 382, \"retention\": 0.8219895287958116, \"use_primary\": true}\n"}
,{"stream_name":"stdout","time":316.109791189,"data":"EDGE_TTA_ACTIVE views= 8 mean_abs_feat_delta= 0.330752\n"}
,{"stream_name":"stdout","time":316.10985122,"data":"SECONDARY_EDGE_TTA_ACTIVE views= 8 weight= 0.75 mean_abs_feat_delta= 0.295579\n"}
,{"stream_name":"stdout","time":316.109876411,"data":"BIOHUB_RETENTION_GUARD {\"blended_candidates\": 314, \"dataset\": \"44b6_0b24845f\", \"frame\": 13, \"minimum_retention\": 0.9, \"primary_candidates\": 382, \"retention\": 0.8219895287958116, \"use_primary\": true}\n"}
,{"stream_name":"stdout","time":316.822778332,"data":"SECONDARY_EDGE_TTA_ACTIVE views= 8 weight= 0.75 mean_abs_feat_delta= 0.238386\n"}
,{"stream_name":"stdout","time":317.024982361,"data":"SECONDARY_EDGE_TTA_ACTIVE views= 8 weight= 0.75 mean_abs_feat_delta= 0.238386\n"}
,{"stream_name":"stdout","time":317.056672354,"data":"EDGE_TTA_ACTIVE views= 8 mean_abs_feat_delta= 0.366311\n"}
,{"stream_name":"stdout","time":317.25898392,"data":"EDGE_TTA_ACTIVE views= 8 mean_abs_feat_delta= 0.366311\n"}
,{"stream_name":"stdout","time":317.951934948,"data":"EDGE_TTA_ACTIVE views= 8 mean_abs_feat_delta= 0.32964\n"}
,{"stream_name":"stdout","time":317.986734042,"data":"SECONDARY_EDGE_TTA_ACTIVE views= 8 weight= 0.75 mean_abs_feat_delta= 0.29037\n"}
,{"stream_name":"stdout","time":317.990803769,"data":"BIOHUB_RETENTION_GUARD {\"blended_candidates\": 330, \"dataset\": \"44b6_0b24845f\", \"frame\": 14, \"minimum_retention\": 0.9, \"primary_candidates\": 378, \"retention\": 0.873015873015873, \"use_primary\": true}\n"}
,{"stream_name":"stdout","time":318.154136521,"data":"EDGE_TTA_ACTIVE views= 8 mean_abs_feat_delta= 0.32964\n"}
,{"stream_name":"stdout","time":318.154163478,"data":"SECONDARY_EDGE_TTA_ACTIVE views= 8 weight= 0.75 mean_abs_feat_delta= 0.29037\n"}
,{"stream_name":"stdout","time":318.154169935,"data":"BIOHUB_RETENTION_GUARD {\"blended_candidates\": 330, \"dataset\": \"44b6_0b24845f\", \"frame\": 14, \"minimum_retention\": 0.9, \"primary_candidates\": 378, \"retention\": 0.873015873015873, \"use_primary\": true}\n"}
,{"stream_name":"stdout","time":318.865917158,"data":"SECONDARY_EDGE_TTA_ACTIVE views= 8 weight= 0.75 mean_abs_feat_delta= 0.238478\n"}
,{"stream_name":"stdout","time":319.068037584,"data":"SECONDARY_EDGE_TTA_ACTIVE views= 8 weight= 0.75 mean_abs_feat_delta= 0.238478\n"}
,{"stream_name":"stdout","time":319.102118945,"data":"EDGE_TTA_ACTIVE views= 8 mean_abs_feat_delta= 0.362666\n"}
,{"stream_name":"stdout","time":319.302776442,"data":"EDGE_TTA_ACTIVE views= 8 mean_abs_feat_delta= 0.362666\n"}
,{"stream_name":"stdout","time":319.975818738,"data":"EDGE_TTA_ACTIVE views= 8 mean_abs_feat_delta= 0.32447\n"}
,{"stream_name":"stdout","time":320.037596929,"data":"SECONDARY_EDGE_TTA_ACTIVE views= 8 weight= 0.75 mean_abs_feat_delta= 0.286822\n"}
,{"stream_name":"stdout","time":320.178075631,"data":"EDGE_TTA_ACTIVE views= 8 mean_abs_feat_delta= 0.32447\n"}
,{"stream_name":"stdout","time":320.178137795,"data":"SECONDARY_EDGE_TTA_ACTIVE views= 8 weight= 0.75 mean_abs_feat_delta= 0.286822\n"}
,{"stream_name":"stdout","time":320.894818439,"data":"SECONDARY_EDGE_TTA_ACTIVE views= 8 weight= 0.75 mean_abs_feat_delta= 0.234529\n"}
,{"stream_name":"stdout","time":321.097604414,"data":"SECONDARY_EDGE_TTA_ACTIVE views= 8 weight= 0.75 mean_abs_feat_delta= 0.234529\n"}
,{"stream_name":"stdout","time":321.155101407,"data":"EDGE_TTA_ACTIVE views= 8 mean_abs_feat_delta= 0.368515\n"}
,{"stream_name":"stdout","time":321.357516653,"data":"EDGE_TTA_ACTIVE views= 8 mean_abs_feat_delta= 0.368515\n"}
,{"stream_name":"stdout","time":321.992612185,"data":"EDGE_TTA_ACTIVE views= 8 mean_abs_feat_delta= 0.325522\n"}
,{"stream_name":"stdout","time":322.097010711,"data":"SECONDARY_EDGE_TTA_ACTIVE views= 8 weight= 0.75 mean_abs_feat_delta= 0.282972\n"}
,{"stream_name":"stdout","time":322.194475855,"data":"EDGE_TTA_ACTIVE views= 8 mean_abs_feat_delta= 0.325522\n"}
,{"stream_name":"stdout","time":322.194499468,"data":"SECONDARY_EDGE_TTA_ACTIVE views= 8 weight= 0.75 mean_abs_feat_delta= 0.282972\n"}
,{"stream_name":"stdout","time":322.914949003,"data":"SECONDARY_EDGE_TTA_ACTIVE views= 8 weight= 0.75 mean_abs_feat_delta= 0.238533\n"}
,{"stream_name":"stdout","time":323.117421731,"data":"SECONDARY_EDGE_TTA_ACTIVE views= 8 weight= 0.75 mean_abs_feat_delta= 0.238533\n"}
,{"stream_name":"stdout","time":323.285833497,"data":"EDGE_TTA_ACTIVE views= 8 mean_abs_feat_delta= 0.37163\n"}
,{"stream_name":"stdout","time":323.487880913,"data":"EDGE_TTA_ACTIVE views= 8 mean_abs_feat_delta= 0.37163\n"}
,{"stream_name":"stdout","time":323.994284607,"data":"EDGE_TTA_ACTIVE views= 8 mean_abs_feat_delta= 0.319866\n"}
,{"stream_name":"stdout","time":324.196930884,"data":"EDGE_TTA_ACTIVE views= 8 mean_abs_feat_delta= 0.319866\n"}
,{"stream_name":"stdout","time":324.23326214,"data":"SECONDARY_EDGE_TTA_ACTIVE views= 8 weight= 0.75 mean_abs_feat_delta= 0.284899\n"}
,{"stream_name":"stdout","time":324.436249692,"data":"SECONDARY_EDGE_TTA_ACTIVE views= 8 weight= 0.75 mean_abs_feat_delta= 0.284899\n"}
,{"stream_name":"stdout","time":324.922407291,"data":"SECONDARY_EDGE_TTA_ACTIVE views= 8 weight= 0.75 mean_abs_feat_delta= 0.239819\n"}
,{"stream_name":"stdout","time":325.125006052,"data":"SECONDARY_EDGE_TTA_ACTIVE views= 8 weight= 0.75 mean_abs_feat_delta= 0.239819\n"}
,{"stream_name":"stdout","time":325.3648104,"data":"EDGE_TTA_ACTIVE views= 8 mean_abs_feat_delta= 0.367306\n"}
,{"stream_name":"stdout","time":325.567212408,"data":"EDGE_TTA_ACTIVE views= 8 mean_abs_feat_delta= 0.367306\n"}
,{"stream_name":"stdout","time":325.968425103,"data":"EDGE_TTA_ACTIVE views= 8 mean_abs_feat_delta= 0.323582\n"}
,{"stream_name":"stdout","time":326.171169552,"data":"EDGE_TTA_ACTIVE views= 8 mean_abs_feat_delta= 0.323582\n"}
,{"stream_name":"stdout","time":326.301032132,"data":"SECONDARY_EDGE_TTA_ACTIVE views= 8 weight= 0.75 mean_abs_feat_delta= 0.276632\n"}
,{"stream_name":"stdout","time":326.503509482,"data":"SECONDARY_EDGE_TTA_ACTIVE views= 8 weight= 0.75 mean_abs_feat_delta= 0.276632\n"}
,{"stream_name":"stdout","time":326.896588644,"data":"SECONDARY_EDGE_TTA_ACTIVE views= 8 weight= 0.75 mean_abs_feat_delta= 0.242037\n"}
,{"stream_name":"stdout","time":327.09922066,"data":"SECONDARY_EDGE_TTA_ACTIVE views= 8 weight= 0.75 mean_abs_feat_delta= 0.242037\n"}
,{"stream_name":"stdout","time":327.368963604,"data":"EDGE_TTA_ACTIVE views= 8 mean_abs_feat_delta= 0.356982\n"}
,{"stream_name":"stdout","time":327.571391052,"data":"EDGE_TTA_ACTIVE views= 8 mean_abs_feat_delta= 0.356982\n"}
,{"stream_name":"stdout","time":327.925625853,"data":"EDGE_TTA_ACTIVE views= 8 mean_abs_feat_delta= 0.326415\n"}
,{"stream_name":"stdout","time":328.127910403,"data":"EDGE_TTA_ACTIVE views= 8 mean_abs_feat_delta= 0.326415\n"}
,{"stream_name":"stdout","time":328.325263193,"data":"SECONDARY_EDGE_TTA_ACTIVE views= 8 weight= 0.75 mean_abs_feat_delta= 0.278285\n"}
,{"stream_name":"stdout","time":328.527848472,"data":"SECONDARY_EDGE_TTA_ACTIVE views= 8 weight= 0.75 mean_abs_feat_delta= 0.278285\n"}
,{"stream_name":"stdout","time":328.856040748,"data":"SECONDARY_EDGE_TTA_ACTIVE views= 8 weight= 0.75 mean_abs_feat_delta= 0.241724\n"}
,{"stream_name":"stdout","time":329.058639742,"data":"SECONDARY_EDGE_TTA_ACTIVE views= 8 weight= 0.75 mean_abs_feat_delta= 0.241724\n"}
,{"stream_name":"stdout","time":329.454735906,"data":"EDGE_TTA_ACTIVE views= 8 mean_abs_feat_delta= 0.354988\n"}
,{"stream_name":"stdout","time":329.657444187,"data":"EDGE_TTA_ACTIVE views= 8 mean_abs_feat_delta= 0.354988\n"}
,{"stream_name":"stdout","time":329.888927556,"data":"EDGE_TTA_ACTIVE views= 8 mean_abs_feat_delta= 0.32326\n"}
,{"stream_name":"stdout","time":330.091094789,"data":"EDGE_TTA_ACTIVE views= 8 mean_abs_feat_delta= 0.32326\n"}
,{"stream_name":"stdout","time":330.423487676,"data":"SECONDARY_EDGE_TTA_ACTIVE views= 8 weight= 0.75 mean_abs_feat_delta= 0.280197\n"}
,{"stream_name":"stdout","time":330.427519763,"data":"BIOHUB_RETENTION_GUARD {\"blended_candidates\": 285, \"dataset\": \"44b6_0b24845f\", \"frame\": 20, \"minimum_retention\": 0.9, \"primary_candidates\": 317, \"retention\": 0.8990536277602523, \"use_primary\": true}\n"}
,{"stream_name":"stdout","time":330.625843213,"data":"SECONDARY_EDGE_TTA_ACTIVE views= 8 weight= 0.75 mean_abs_feat_delta= 0.280197\n"}
,{"stream_name":"stdout","time":330.625874977,"data":"BIOHUB_RETENTION_GUARD {\"blended_candidates\": 285, \"dataset\": \"44b6_0b24845f\", \"frame\": 20, \"minimum_retention\": 0.9, \"primary_candidates\": 317, \"retention\": 0.8990536277602523, \"use_primary\": true}\n"}
,{"stream_name":"stdout","time":330.81918354,"data":"SECONDARY_EDGE_TTA_ACTIVE views= 8 weight= 0.75 mean_abs_feat_delta= 0.234753\n"}
,{"stream_name":"stdout","time":331.021708402,"data":"SECONDARY_EDGE_TTA_ACTIVE views= 8 weight= 0.75 mean_abs_feat_delta= 0.234753\n"}
,{"stream_name":"stdout","time":331.580595123,"data":"EDGE_TTA_ACTIVE views= 8 mean_abs_feat_delta= 0.355885\n"}
,{"stream_name":"stdout","time":331.78331146,"data":"EDGE_TTA_ACTIVE views= 8 mean_abs_feat_delta= 0.355885\n"}
,{"stream_name":"stdout","time":331.993751763,"data":"EDGE_TTA_ACTIVE views= 8 mean_abs_feat_delta= 0.324888\n"}
,{"stream_name":"stdout","time":332.19596499,"data":"EDGE_TTA_ACTIVE views= 8 mean_abs_feat_delta= 0.324888\n"}
,{"stream_name":"stdout","time":332.555014491,"data":"SECONDARY_EDGE_TTA_ACTIVE views= 8 weight= 0.75 mean_abs_feat_delta= 0.281334\n"}
,{"stream_name":"stdout","time":332.55909377,"data":"BIOHUB_RETENTION_GUARD {\"blended_candidates\": 265, \"dataset\": \"44b6_0b24845f\", \"frame\": 21, \"minimum_retention\": 0.9, \"primary_candidates\": 325, \"retention\": 0.8153846153846154, \"use_primary\": true}\n"}
,{"stream_name":"stdout","time":332.757406234,"data":"SECONDARY_EDGE_TTA_ACTIVE views= 8 weight= 0.75 mean_abs_feat_delta= 0.281334\n"}
,{"stream_name":"stdout","time":332.757438023,"data":"BIOHUB_RETENTION_GUARD {\"blended_candidates\": 265, \"dataset\": \"44b6_0b24845f\", \"frame\": 21, \"minimum_retention\": 0.9, \"primary_candidates\": 325, \"retention\": 0.8153846153846154, \"use_primary\": true}\n"}
,{"stream_name":"stdout","time":332.930136435,"data":"SECONDARY_EDGE_TTA_ACTIVE views= 8 weight= 0.75 mean_abs_feat_delta= 0.238746\n"}
,{"stream_name":"stdout","time":333.132529235,"data":"SECONDARY_EDGE_TTA_ACTIVE views= 8 weight= 0.75 mean_abs_feat_delta= 0.238746\n"}
,{"stream_name":"stdout","time":333.72561819,"data":"EDGE_TTA_ACTIVE views= 8 mean_abs_feat_delta= 0.357492\n"}
,{"stream_name":"stdout","time":333.928031817,"data":"EDGE_TTA_ACTIVE views= 8 mean_abs_feat_delta= 0.357492\n"}
,{"stream_name":"stdout","time":333.985020837,"data":"EDGE_TTA_ACTIVE views= 8 mean_abs_feat_delta= 0.325752\n"}
,{"stream_name":"stdout","time":334.187555321,"data":"EDGE_TTA_ACTIVE views= 8 mean_abs_feat_delta= 0.325752\n"}
,{"stream_name":"stdout","time":334.704767609,"data":"SECONDARY_EDGE_TTA_ACTIVE views= 8 weight= 0.75 mean_abs_feat_delta= 0.280031\n"}
,{"stream_name":"stdout","time":334.708986735,"data":"BIOHUB_RETENTION_GUARD {\"blended_candidates\": 286, \"dataset\": \"44b6_0b24845f\", \"frame\": 22, \"minimum_retention\": 0.9, \"primary_candidates\": 326, \"retention\": 0.8773006134969326, \"use_primary\": true}\n"}
,{"stream_name":"stdout","time":334.923215373,"data":"SECONDARY_EDGE_TTA_ACTIVE views= 8 weight= 0.75 mean_abs_feat_delta= 0.238954\n"}
,{"stream_name":"stdout","time":334.92359186,"data":"SECONDARY_EDGE_TTA_ACTIVE views= 8 weight= 0.75 mean_abs_feat_delta= 0.280031\n"}
,{"stream_name":"stdout","time":334.923602977,"data":"BIOHUB_RETENTION_GUARD {\"blended_candidates\": 286, \"dataset\": \"44b6_0b24845f\", \"frame\": 22, \"minimum_retention\": 0.9, \"primary_candidates\": 326, \"retention\": 0.8773006134969326, \"use_primary\": true}\n"}
,{"stream_name":"stdout","time":335.126471784,"data":"SECONDARY_EDGE_TTA_ACTIVE views= 8 weight= 0.75 mean_abs_feat_delta= 0.238954\n"}
,{"stream_name":"stdout","time":335.821393865,"data":"EDGE_TTA_ACTIVE views= 8 mean_abs_feat_delta= 0.361386\n"}
,{"stream_name":"stdout","time":336.023843759,"data":"EDGE_TTA_ACTIVE views= 8 mean_abs_feat_delta= 0.361386\n"}
,{"stream_name":"stdout","time":336.044423173,"data":"EDGE_TTA_ACTIVE views= 8 mean_abs_feat_delta= 0.330364\n"}
,{"stream_name":"stdout","time":336.246595063,"data":"EDGE_TTA_ACTIVE views= 8 mean_abs_feat_delta= 0.330364\n"}
,{"stream_name":"stdout","time":336.796700924,"data":"SECONDARY_EDGE_TTA_ACTIVE views= 8 weight= 0.75 mean_abs_feat_delta= 0.277655\n"}
,{"stream_name":"stdout","time":336.990584156,"data":"SECONDARY_EDGE_TTA_ACTIVE views= 8 weight= 0.75 mean_abs_feat_delta= 0.235145\n"}
,{"stream_name":"stdout","time":336.999559995,"data":"SECONDARY_EDGE_TTA_ACTIVE views= 8 weight= 0.75 mean_abs_feat_delta= 0.277655\n"}
,{"stream_name":"stdout","time":336.999614594,"data":"SECONDARY_EDGE_TTA_ACTIVE views= 8 weight= 0.75 mean_abs_feat_delta= 0.235145\n"}
,{"stream_name":"stdout","time":337.952209046,"data":"EDGE_TTA_ACTIVE views= 8 mean_abs_feat_delta= 0.361052\n"}
,{"stream_name":"stdout","time":338.08586739,"data":"EDGE_TTA_ACTIVE views= 8 mean_abs_feat_delta= 0.329773\n"}
,{"stream_name":"stdout","time":338.154814145,"data":"EDGE_TTA_ACTIVE views= 8 mean_abs_feat_delta= 0.361052\n"}
,{"stream_name":"stdout","time":338.154842008,"data":"EDGE_TTA_ACTIVE views= 8 mean_abs_feat_delta= 0.329773\n"}
,{"stream_name":"stdout","time":338.926177659,"data":"SECONDARY_EDGE_TTA_ACTIVE views= 8 weight= 0.75 mean_abs_feat_delta= 0.282322\n"}
,{"stream_name":"stdout","time":338.930352275,"data":"BIOHUB_RETENTION_GUARD {\"blended_candidates\": 261, \"dataset\": \"44b6_0b24845f\", \"frame\": 24, \"minimum_retention\": 0.9, \"primary_candidates\": 306, \"retention\": 0.8529411764705882, \"use_primary\": true}\n"}
,{"stream_name":"stdout","time":339.03170949,"data":"SECONDARY_EDGE_TTA_ACTIVE views= 8 weight= 0.75 mean_abs_feat_delta= 0.236219\n"}
,{"stream_name":"stdout","time":339.128742841,"data":"SECONDARY_EDGE_TTA_ACTIVE views= 8 weight= 0.75 mean_abs_feat_delta= 0.282322\n"}
,{"stream_name":"stdout","time":339.128815631,"data":"BIOHUB_RETENTION_GUARD {\"blended_candidates\": 261, \"dataset\": \"44b6_0b24845f\", \"frame\": 24, \"minimum_retention\": 0.9, \"primary_candidates\": 306, \"retention\": 0.8529411764705882, \"use_primary\": true}\n"}
,{"stream_name":"stdout","time":339.128823547,"data":"SECONDARY_EDGE_TTA_ACTIVE views= 8 weight= 0.75 mean_abs_feat_delta= 0.236219\n"}
,{"stream_name":"stdout","time":340.118690229,"data":"EDGE_TTA_ACTIVE views= 8 mean_abs_feat_delta= 0.36198\n"}
,{"stream_name":"stdout","time":340.13840184,"data":"EDGE_TTA_ACTIVE views= 8 mean_abs_feat_delta= 0.325156\n"}
,{"stream_name":"stdout","time":340.321258702,"data":"EDGE_TTA_ACTIVE views= 8 mean_abs_feat_delta= 0.36198\n"}
,{"stream_name":"stdout","time":340.321281115,"data":"EDGE_TTA_ACTIVE views= 8 mean_abs_feat_delta= 0.325156\n"}
,{"stream_name":"stdout","time":341.08974384,"data":"SECONDARY_EDGE_TTA_ACTIVE views= 8 weight= 0.75 mean_abs_feat_delta= 0.234985\n"}
,{"stream_name":"stdout","time":341.100932802,"data":"SECONDARY_EDGE_TTA_ACTIVE views= 8 weight= 0.75 mean_abs_feat_delta= 0.280181\n"}
,{"stream_name":"stdout","time":341.292196458,"data":"SECONDARY_EDGE_TTA_ACTIVE views= 8 weight= 0.75 mean_abs_feat_delta= 0.234985\n"}
,{"stream_name":"stdout","time":341.292253189,"data":"SECONDARY_EDGE_TTA_ACTIVE views= 8 weight= 0.75 mean_abs_feat_delta= 0.280181\n"}
,{"stream_name":"stdout","time":342.24778008,"data":"EDGE_TTA_ACTIVE views= 8 mean_abs_feat_delta= 0.328005\n"}
,{"stream_name":"stdout","time":342.293848353,"data":"EDGE_TTA_ACTIVE views= 8 mean_abs_feat_delta= 0.365963\n"}
,{"stream_name":"stdout","time":342.45075999,"data":"EDGE_TTA_ACTIVE views= 8 mean_abs_feat_delta= 0.328005\n"}
,{"stream_name":"stdout","time":342.450783137,"data":"EDGE_TTA_ACTIVE views= 8 mean_abs_feat_delta= 0.365963\n"}
,{"stream_name":"stdout","time":343.202447667,"data":"SECONDARY_EDGE_TTA_ACTIVE views= 8 weight= 0.75 mean_abs_feat_delta= 0.230623\n"}
,{"stream_name":"stdout","time":343.303722508,"data":"SECONDARY_EDGE_TTA_ACTIVE views= 8 weight= 0.75 mean_abs_feat_delta= 0.284381\n"}
,{"stream_name":"stdout","time":343.307856326,"data":"BIOHUB_RETENTION_GUARD {\"blended_candidates\": 273, \"dataset\": \"44b6_0b24845f\", \"frame\": 26, \"minimum_retention\": 0.9, \"primary_candidates\": 309, \"retention\": 0.883495145631068, \"use_primary\": true}\n"}
,{"stream_name":"stdout","time":343.404683959,"data":"SECONDARY_EDGE_TTA_ACTIVE views= 8 weight= 0.75 mean_abs_feat_delta= 0.230623\n"}
,{"stream_name":"stdout","time":343.40472159,"data":"SECONDARY_EDGE_TTA_ACTIVE views= 8 weight= 0.75 mean_abs_feat_delta= 0.284381\n"}
,{"stream_name":"stdout","time":343.404728482,"data":"BIOHUB_RETENTION_GUARD {\"blended_candidates\": 273, \"dataset\": \"44b6_0b24845f\", \"frame\": 26, \"minimum_retention\": 0.9, \"primary_candidates\": 309, \"retention\": 0.883495145631068, \"use_primary\": true}\n"}
,{"stream_name":"stdout","time":344.282981366,"data":"EDGE_TTA_ACTIVE views= 8 mean_abs_feat_delta= 0.332057\n"}
,{"stream_name":"stdout","time":344.460786972,"data":"EDGE_TTA_ACTIVE views= 8 mean_abs_feat_delta= 0.369614\n"}
,{"stream_name":"stdout","time":344.485360016,"data":"EDGE_TTA_ACTIVE views= 8 mean_abs_feat_delta= 0.332057\n"}
,{"stream_name":"stdout","time":344.485381022,"data":"EDGE_TTA_ACTIVE views= 8 mean_abs_feat_delta= 0.369614\n"}
,{"stream_name":"stdout","time":345.244733876,"data":"SECONDARY_EDGE_TTA_ACTIVE views= 8 weight= 0.75 mean_abs_feat_delta= 0.233514\n"}
,{"stream_name":"stdout","time":345.447273375,"data":"SECONDARY_EDGE_TTA_ACTIVE views= 8 weight= 0.75 mean_abs_feat_delta= 0.233514\n"}
,{"stream_name":"stdout","time":345.448095584,"data":"SECONDARY_EDGE_TTA_ACTIVE views= 8 weight= 0.75 mean_abs_feat_delta= 0.289602\n"}
,{"stream_name":"stdout","time":345.452239296,"data":"BIOHUB_RETENTION_GUARD {\"blended_candidates\": 258, \"dataset\": \"44b6_0b24845f\", \"frame\": 27, \"minimum_retention\": 0.9, \"primary_candidates\": 302, \"retention\": 0.8543046357615894, \"use_primary\": true}\n"}
,{"stream_name":"stdout","time":345.650561596,"data":"SECONDARY_EDGE_TTA_ACTIVE views= 8 weight= 0.75 mean_abs_feat_delta= 0.289602\n"}
,{"stream_name":"stdout","time":345.650591824,"data":"BIOHUB_RETENTION_GUARD {\"blended_candidates\": 258, \"dataset\": \"44b6_0b24845f\", \"frame\": 27, \"minimum_retention\": 0.9, \"primary_candidates\": 302, \"retention\": 0.8543046357615894, \"use_primary\": true}\n"}
,{"stream_name":"stdout","time":346.347024122,"data":"EDGE_TTA_ACTIVE views= 8 mean_abs_feat_delta= 0.327244\n"}
,{"stream_name":"stdout","time":346.549380795,"data":"EDGE_TTA_ACTIVE views= 8 mean_abs_feat_delta= 0.327244\n"}
,{"stream_name":"stdout","time":346.701725229,"data":"EDGE_TTA_ACTIVE views= 8 mean_abs_feat_delta= 0.365619\n"}
,{"stream_name":"stdout","time":346.90420423,"data":"EDGE_TTA_ACTIVE views= 8 mean_abs_feat_delta= 0.365619\n"}
,{"stream_name":"stdout","time":347.298156206,"data":"SECONDARY_EDGE_TTA_ACTIVE views= 8 weight= 0.75 mean_abs_feat_delta= 0.236419\n"}
,{"stream_name":"stdout","time":347.50103019,"data":"SECONDARY_EDGE_TTA_ACTIVE views= 8 weight= 0.75 mean_abs_feat_delta= 0.236419\n"}
,{"stream_name":"stdout","time":347.704451066,"data":"SECONDARY_EDGE_TTA_ACTIVE views= 8 weight= 0.75 mean_abs_feat_delta= 0.291319\n"}
,{"stream_name":"stdout","time":347.908914718,"data":"SECONDARY_EDGE_TTA_ACTIVE views= 8 weight= 0.75 mean_abs_feat_delta= 0.291319\n"}
,{"stream_name":"stdout","time":348.389973199,"data":"EDGE_TTA_ACTIVE views= 8 mean_abs_feat_delta= 0.331491\n"}
,{"stream_name":"stdout","time":348.592418068,"data":"EDGE_TTA_ACTIVE views= 8 mean_abs_feat_delta= 0.331491\n"}
,{"stream_name":"stdout","time":348.878544924,"data":"EDGE_TTA_ACTIVE views= 8 mean_abs_feat_delta= 0.366332\n"}
,{"stream_name":"stdout","time":349.080936912,"data":"EDGE_TTA_ACTIVE views= 8 mean_abs_feat_delta= 0.366332\n"}
,{"stream_name":"stdout","time":349.357695342,"data":"SECONDARY_EDGE_TTA_ACTIVE views= 8 weight= 0.75 mean_abs_feat_delta= 0.240106\n"}
,{"stream_name":"stdout","time":349.560043097,"data":"SECONDARY_EDGE_TTA_ACTIVE views= 8 weight= 0.75 mean_abs_feat_delta= 0.240106\n"}
,{"stream_name":"stdout","time":349.889263218,"data":"SECONDARY_EDGE_TTA_ACTIVE views= 8 weight= 0.75 mean_abs_feat_delta= 0.283865\n"}
,{"stream_name":"stdout","time":350.091780204,"data":"SECONDARY_EDGE_TTA_ACTIVE views= 8 weight= 0.75 mean_abs_feat_delta= 0.283865\n"}
,{"stream_name":"stdout","time":350.507149923,"data":"EDGE_TTA_ACTIVE views= 8 mean_abs_feat_delta= 0.332767\n"}
,{"stream_name":"stdout","time":350.709657562,"data":"EDGE_TTA_ACTIVE views= 8 mean_abs_feat_delta= 0.332767\n"}
,{"stream_name":"stdout","time":351.127796579,"data":"EDGE_TTA_ACTIVE views= 8 mean_abs_feat_delta= 0.364134\n"}
,{"stream_name":"stdout","time":351.329940319,"data":"EDGE_TTA_ACTIVE views= 8 mean_abs_feat_delta= 0.364134\n"}
,{"stream_name":"stdout","time":351.472702263,"data":"SECONDARY_EDGE_TTA_ACTIVE views= 8 weight= 0.75 mean_abs_feat_delta= 0.251196\n"}
,{"stream_name":"stdout","time":351.675183356,"data":"SECONDARY_EDGE_TTA_ACTIVE views= 8 weight= 0.75 mean_abs_feat_delta= 0.251196\n"}
,{"stream_name":"stdout","time":352.145162652,"data":"SECONDARY_EDGE_TTA_ACTIVE views= 8 weight= 0.75 mean_abs_feat_delta= 0.282155\n"}
,{"stream_name":"stdout","time":352.347802936,"data":"SECONDARY_EDGE_TTA_ACTIVE views= 8 weight= 0.75 mean_abs_feat_delta= 0.282155\n"}
,{"stream_name":"stdout","time":352.564694275,"data":"EDGE_TTA_ACTIVE views= 8 mean_abs_feat_delta= 0.333532\n"}
,{"stream_name":"stdout","time":352.76709858,"data":"EDGE_TTA_ACTIVE views= 8 mean_abs_feat_delta= 0.333532\n"}
,{"stream_name":"stdout","time":353.330710252,"data":"EDGE_TTA_ACTIVE views= 8 mean_abs_feat_delta= 0.359711\n"}
,{"stream_name":"stdout","time":353.533208786,"data":"EDGE_TTA_ACTIVE views= 8 mean_abs_feat_delta= 0.359711\n"}
,{"stream_name":"stdout","time":353.537134941,"data":"SECONDARY_EDGE_TTA_ACTIVE views= 8 weight= 0.75 mean_abs_feat_delta= 0.251416\n"}
,{"stream_name":"stdout","time":353.739614684,"data":"SECONDARY_EDGE_TTA_ACTIVE views= 8 weight= 0.75 mean_abs_feat_delta= 0.251416\n"}
,{"stream_name":"stdout","time":354.359463315,"data":"SECONDARY_EDGE_TTA_ACTIVE views= 8 weight= 0.75 mean_abs_feat_delta= 0.283753\n"}
,{"stream_name":"stdout","time":354.561756937,"data":"SECONDARY_EDGE_TTA_ACTIVE views= 8 weight= 0.75 mean_abs_feat_delta= 0.283753\n"}
,{"stream_name":"stdout","time":354.631553418,"data":"EDGE_TTA_ACTIVE views= 8 mean_abs_feat_delta= 0.339086\n"}
,{"stream_name":"stdout","time":354.833906923,"data":"EDGE_TTA_ACTIVE views= 8 mean_abs_feat_delta= 0.339086\n"}
,{"stream_name":"stdout","time":355.488149775,"data":"EDGE_TTA_ACTIVE views= 8 mean_abs_feat_delta= 0.362505\n"}
,{"stream_name":"stdout","time":355.603963905,"data":"SECONDARY_EDGE_TTA_ACTIVE views= 8 weight= 0.75 mean_abs_feat_delta= 0.251129\n"}
,{"stream_name":"stdout","time":355.689980111,"data":"EDGE_TTA_ACTIVE views= 8 mean_abs_feat_delta= 0.362505\n"}
,{"stream_name":"stdout","time":355.690017883,"data":"SECONDARY_EDGE_TTA_ACTIVE views= 8 weight= 0.75 mean_abs_feat_delta= 0.251129\n"}
,{"stream_name":"stdout","time":356.525714262,"data":"SECONDARY_EDGE_TTA_ACTIVE views= 8 weight= 0.75 mean_abs_feat_delta= 0.282429\n"}
,{"stream_name":"stdout","time":356.529843454,"data":"BIOHUB_RETENTION_GUARD {\"blended_candidates\": 249, \"dataset\": \"44b6_0b24845f\", \"frame\": 32, \"minimum_retention\": 0.9, \"primary_candidates\": 293, \"retention\": 0.8498293515358362, \"use_primary\": true}\n"}
,{"stream_name":"stdout","time":356.728048443,"data":"SECONDARY_EDGE_TTA_ACTIVE views= 8 weight= 0.75 mean_abs_feat_delta= 0.282429\n"}
,{"stream_name":"stdout","time":356.728090984,"data":"BIOHUB_RETENTION_GUARD {\"blended_candidates\": 249, \"dataset\": \"44b6_0b24845f\", \"frame\": 32, \"minimum_retention\": 0.9, \"primary_candidates\": 293, \"retention\": 0.8498293515358362, \"use_primary\": true}\n"}
,{"stream_name":"stdout","time":356.736457364,"data":"EDGE_TTA_ACTIVE views= 8 mean_abs_feat_delta= 0.336421\n"}
,{"stream_name":"stdout","time":356.938803713,"data":"EDGE_TTA_ACTIVE views= 8 mean_abs_feat_delta= 0.336421\n"}
,{"stream_name":"stdout","time":357.713244105,"data":"SECONDARY_EDGE_TTA_ACTIVE views= 8 weight= 0.75 mean_abs_feat_delta= 0.248917\n"}
,{"stream_name":"stdout","time":357.751813667,"data":"EDGE_TTA_ACTIVE views= 8 mean_abs_feat_delta= 0.364903\n"}
,{"stream_name":"stdout","time":357.915797543,"data":"SECONDARY_EDGE_TTA_ACTIVE views= 8 weight= 0.75 mean_abs_feat_delta= 0.248917\n"}
,{"stream_name":"stdout","time":357.915891403,"data":"EDGE_TTA_ACTIVE views= 8 mean_abs_feat_delta= 0.364903\n"}
,{"stream_name":"stdout","time":358.798165105,"data":"SECONDARY_EDGE_TTA_ACTIVE views= 8 weight= 0.75 mean_abs_feat_delta= 0.280468\n"}
,{"stream_name":"stdout","time":358.802493237,"data":"BIOHUB_RETENTION_GUARD {\"blended_candidates\": 234, \"dataset\": \"44b6_0b24845f\", \"frame\": 33, \"minimum_retention\": 0.9, \"primary_candidates\": 276, \"retention\": 0.8478260869565217, \"use_primary\": true}\n"}
,{"stream_name":"stdout","time":358.846566863,"data":"EDGE_TTA_ACTIVE views= 8 mean_abs_feat_delta= 0.329875\n"}
,{"stream_name":"stdout","time":359.001007222,"data":"SECONDARY_EDGE_TTA_ACTIVE views= 8 weight= 0.75 mean_abs_feat_delta= 0.280468\n"}
,{"stream_name":"stdout","time":359.00107718,"data":"BIOHUB_RETENTION_GUARD {\"blended_candidates\": 234, \"dataset\": \"44b6_0b24845f\", \"frame\": 33, \"minimum_retention\": 0.9, \"primary_candidates\": 276, \"retention\": 0.8478260869565217, \"use_primary\": true}\n"}
,{"stream_name":"stdout","time":359.001086775,"data":"EDGE_TTA_ACTIVE views= 8 mean_abs_feat_delta= 0.329875\n"}
,{"stream_name":"stdout","time":359.821870588,"data":"SECONDARY_EDGE_TTA_ACTIVE views= 8 weight= 0.75 mean_abs_feat_delta= 0.248317\n"}
,{"stream_name":"stdout","time":360.001846864,"data":"EDGE_TTA_ACTIVE views= 8 mean_abs_feat_delta= 0.364198\n"}
,{"stream_name":"stdout","time":360.024122019,"data":"SECONDARY_EDGE_TTA_ACTIVE views= 8 weight= 0.75 mean_abs_feat_delta= 0.248317\n"}
,{"stream_name":"stdout","time":360.024147288,"data":"EDGE_TTA_ACTIVE views= 8 mean_abs_feat_delta= 0.364198\n"}
,{"stream_name":"stdout","time":360.995753633,"data":"EDGE_TTA_ACTIVE views= 8 mean_abs_feat_delta= 0.328572\n"}
,{"stream_name":"stdout","time":361.055125422,"data":"SECONDARY_EDGE_TTA_ACTIVE views= 8 weight= 0.75 mean_abs_feat_delta= 0.273313\n"}
,{"stream_name":"stdout","time":361.20062341,"data":"EDGE_TTA_ACTIVE views= 8 mean_abs_feat_delta= 0.328572\n"}
,{"stream_name":"stdout","time":361.200645721,"data":"SECONDARY_EDGE_TTA_ACTIVE views= 8 weight= 0.75 mean_abs_feat_delta= 0.273313\n"}
,{"stream_name":"stdout","time":361.987098656,"data":"SECONDARY_EDGE_TTA_ACTIVE views= 8 weight= 0.75 mean_abs_feat_delta= 0.247468\n"}
,{"stream_name":"stdout","time":362.189580205,"data":"SECONDARY_EDGE_TTA_ACTIVE views= 8 weight= 0.75 mean_abs_feat_delta= 0.247468\n"}
,{"stream_name":"stdout","time":362.249721132,"data":"EDGE_TTA_ACTIVE views= 8 mean_abs_feat_delta= 0.362852\n"}
,{"stream_name":"stdout","time":362.451965088,"data":"EDGE_TTA_ACTIVE views= 8 mean_abs_feat_delta= 0.362852\n"}
,{"stream_name":"stdout","time":363.062584803,"data":"EDGE_TTA_ACTIVE views= 8 mean_abs_feat_delta= 0.326071\n"}
,{"stream_name":"stdout","time":363.264924748,"data":"EDGE_TTA_ACTIVE views= 8 mean_abs_feat_delta= 0.326071\n"}
,{"stream_name":"stdout","time":363.323587637,"data":"SECONDARY_EDGE_TTA_ACTIVE views= 8 weight= 0.75 mean_abs_feat_delta= 0.27435\n"}
,{"stream_name":"stdout","time":363.526027488,"data":"SECONDARY_EDGE_TTA_ACTIVE views= 8 weight= 0.75 mean_abs_feat_delta= 0.27435\n"}
,{"stream_name":"stdout","time":364.056568015,"data":"SECONDARY_EDGE_TTA_ACTIVE views= 8 weight= 0.75 mean_abs_feat_delta= 0.246968\n"}
,{"stream_name":"stdout","time":364.25930471,"data":"SECONDARY_EDGE_TTA_ACTIVE views= 8 weight= 0.75 mean_abs_feat_delta= 0.246968\n"}
,{"stream_name":"stdout","time":364.561181885,"data":"EDGE_TTA_ACTIVE views= 8 mean_abs_feat_delta= 0.373852\n"}
,{"stream_name":"stdout","time":364.763549682,"data":"EDGE_TTA_ACTIVE views= 8 mean_abs_feat_delta= 0.373852\n"}
,{"stream_name":"stdout","time":365.215149003,"data":"EDGE_TTA_ACTIVE views= 8 mean_abs_feat_delta= 0.328178\n"}
,{"stream_name":"stdout","time":365.435260371,"data":"EDGE_TTA_ACTIVE views= 8 mean_abs_feat_delta= 0.328178\n"}
,{"stream_name":"stdout","time":365.624945308,"data":"SECONDARY_EDGE_TTA_ACTIVE views= 8 weight= 0.75 mean_abs_feat_delta= 0.28122\n"}
,{"stream_name":"stdout","time":365.827495935,"data":"SECONDARY_EDGE_TTA_ACTIVE views= 8 weight= 0.75 mean_abs_feat_delta= 0.28122\n"}
,{"stream_name":"stdout","time":366.218164587,"data":"SECONDARY_EDGE_TTA_ACTIVE views= 8 weight= 0.75 mean_abs_feat_delta= 0.250361\n"}
,{"stream_name":"stdout","time":366.420685346,"data":"SECONDARY_EDGE_TTA_ACTIVE views= 8 weight= 0.75 mean_abs_feat_delta= 0.250361\n"}
,{"stream_name":"stdout","time":366.910683969,"data":"EDGE_TTA_ACTIVE views= 8 mean_abs_feat_delta= 0.368966\n"}
,{"stream_name":"stdout","time":367.113207509,"data":"EDGE_TTA_ACTIVE views= 8 mean_abs_feat_delta= 0.368966\n"}
,{"stream_name":"stdout","time":367.315999507,"data":"EDGE_TTA_ACTIVE views= 8 mean_abs_feat_delta= 0.331242\n"}
,{"stream_name":"stdout","time":367.518360434,"data":"EDGE_TTA_ACTIVE views= 8 mean_abs_feat_delta= 0.331242\n"}
,{"stream_name":"stdout","time":367.986491229,"data":"SECONDARY_EDGE_TTA_ACTIVE views= 8 weight= 0.75 mean_abs_feat_delta= 0.277064\n"}
,{"stream_name":"stdout","time":368.189126882,"data":"SECONDARY_EDGE_TTA_ACTIVE views= 8 weight= 0.75 mean_abs_feat_delta= 0.277064\n"}
,{"stream_name":"stdout","time":368.312227649,"data":"SECONDARY_EDGE_TTA_ACTIVE views= 8 weight= 0.75 mean_abs_feat_delta= 0.24375\n"}
,{"stream_name":"stdout","time":368.514671885,"data":"SECONDARY_EDGE_TTA_ACTIVE views= 8 weight= 0.75 mean_abs_feat_delta= 0.24375\n"}
,{"stream_name":"stdout","time":369.243901218,"data":"EDGE_TTA_ACTIVE views= 8 mean_abs_feat_delta= 0.366559\n"}
,{"stream_name":"stdout","time":369.446374155,"data":"EDGE_TTA_ACTIVE views= 8 mean_abs_feat_delta= 0.366559\n"}
,{"stream_name":"stdout","time":369.49590958,"data":"EDGE_TTA_ACTIVE views= 8 mean_abs_feat_delta= 0.332742\n"}
,{"stream_name":"stdout","time":369.698280458,"data":"EDGE_TTA_ACTIVE views= 8 mean_abs_feat_delta= 0.332742\n"}
,{"stream_name":"stdout","time":370.332036369,"data":"SECONDARY_EDGE_TTA_ACTIVE views= 8 weight= 0.75 mean_abs_feat_delta= 0.274933\n"}
,{"stream_name":"stdout","time":370.50526998,"data":"SECONDARY_EDGE_TTA_ACTIVE views= 8 weight= 0.75 mean_abs_feat_delta= 0.239566\n"}
,{"stream_name":"stdout","time":370.534835315,"data":"SECONDARY_EDGE_TTA_ACTIVE views= 8 weight= 0.75 mean_abs_feat_delta= 0.274933\n"}
,{"stream_name":"stdout","time":370.534884074,"data":"SECONDARY_EDGE_TTA_ACTIVE views= 8 weight= 0.75 mean_abs_feat_delta= 0.239566\n"}
,{"stream_name":"stdout","time":371.660332079,"data":"EDGE_TTA_ACTIVE views= 8 mean_abs_feat_delta= 0.370597\n"}
,{"stream_name":"stdout","time":371.690447369,"data":"EDGE_TTA_ACTIVE views= 8 mean_abs_feat_delta= 0.325998\n"}
,{"stream_name":"stdout","time":371.863006619,"data":"EDGE_TTA_ACTIVE views= 8 mean_abs_feat_delta= 0.370597\n"}
,{"stream_name":"stdout","time":371.863034042,"data":"EDGE_TTA_ACTIVE views= 8 mean_abs_feat_delta= 0.325998\n"}
,{"stream_name":"stdout","time":372.707239262,"data":"SECONDARY_EDGE_TTA_ACTIVE views= 8 weight= 0.75 mean_abs_feat_delta= 0.242074\n"}
,{"stream_name":"stdout","time":372.752487576,"data":"SECONDARY_EDGE_TTA_ACTIVE views= 8 weight= 0.75 mean_abs_feat_delta= 0.278308\n"}
,{"stream_name":"stdout","time":372.909430832,"data":"SECONDARY_EDGE_TTA_ACTIVE views= 8 weight= 0.75 mean_abs_feat_delta= 0.242074\n"}
,{"stream_name":"stdout","time":372.909470911,"data":"SECONDARY_EDGE_TTA_ACTIVE views= 8 weight= 0.75 mean_abs_feat_delta= 0.278308\n"}
,{"stream_name":"stdout","time":373.870438093,"data":"EDGE_TTA_ACTIVE views= 8 mean_abs_feat_delta= 0.326187\n"}
,{"stream_name":"stdout","time":374.020136296,"data":"EDGE_TTA_ACTIVE views= 8 mean_abs_feat_delta= 0.372674\n"}
,{"stream_name":"stdout","time":374.072749891,"data":"EDGE_TTA_ACTIVE views= 8 mean_abs_feat_delta= 0.326187\n"}
,{"stream_name":"stdout","time":374.072941692,"data":"EDGE_TTA_ACTIVE views= 8 mean_abs_feat_delta= 0.372674\n"}
,{"stream_name":"stdout","time":374.891769134,"data":"SECONDARY_EDGE_TTA_ACTIVE views= 8 weight= 0.75 mean_abs_feat_delta= 0.24388\n"}
,{"stream_name":"stdout","time":375.094134119,"data":"SECONDARY_EDGE_TTA_ACTIVE views= 8 weight= 0.75 mean_abs_feat_delta= 0.24388\n"}
,{"stream_name":"stdout","time":375.12466554,"data":"SECONDARY_EDGE_TTA_ACTIVE views= 8 weight= 0.75 mean_abs_feat_delta= 0.285352\n"}
,{"stream_name":"stdout","time":375.326861325,"data":"SECONDARY_EDGE_TTA_ACTIVE views= 8 weight= 0.75 mean_abs_feat_delta= 0.285352\n"}
,{"stream_name":"stdout","time":376.060923946,"data":"EDGE_TTA_ACTIVE views= 8 mean_abs_feat_delta= 0.329641\n"}
,{"stream_name":"stdout","time":376.263316225,"data":"EDGE_TTA_ACTIVE views= 8 mean_abs_feat_delta= 0.329641\n"}
,{"stream_name":"stdout","time":376.389761011,"data":"EDGE_TTA_ACTIVE views= 8 mean_abs_feat_delta= 0.367938\n"}
,{"stream_name":"stdout","time":376.591774952,"data":"EDGE_TTA_ACTIVE views= 8 mean_abs_feat_delta= 0.367938\n"}
,{"stream_name":"stdout","time":377.083625126,"data":"SECONDARY_EDGE_TTA_ACTIVE views= 8 weight= 0.75 mean_abs_feat_delta= 0.242396\n"}
,{"stream_name":"stdout","time":377.285941439,"data":"SECONDARY_EDGE_TTA_ACTIVE views= 8 weight= 0.75 mean_abs_feat_delta= 0.242396\n"}
,{"stream_name":"stdout","time":377.500687752,"data":"SECONDARY_EDGE_TTA_ACTIVE views= 8 weight= 0.75 mean_abs_feat_delta= 0.280788\n"}
,{"stream_name":"stdout","time":377.703089568,"data":"SECONDARY_EDGE_TTA_ACTIVE views= 8 weight= 0.75 mean_abs_feat_delta= 0.280788\n"}
,{"stream_name":"stdout","time":378.199279402,"data":"EDGE_TTA_ACTIVE views= 8 mean_abs_feat_delta= 0.331184\n"}
,{"stream_name":"stdout","time":378.401520619,"data":"EDGE_TTA_ACTIVE views= 8 mean_abs_feat_delta= 0.331184\n"}
,{"stream_name":"stdout","time":378.77817581,"data":"EDGE_TTA_ACTIVE views= 8 mean_abs_feat_delta= 0.364834\n"}
,{"stream_name":"stdout","time":378.980667759,"data":"EDGE_TTA_ACTIVE views= 8 mean_abs_feat_delta= 0.364834\n"}
,{"stream_name":"stdout","time":379.228749959,"data":"SECONDARY_EDGE_TTA_ACTIVE views= 8 weight= 0.75 mean_abs_feat_delta= 0.24245\n"}
,{"stream_name":"stdout","time":379.431139656,"data":"SECONDARY_EDGE_TTA_ACTIVE views= 8 weight= 0.75 mean_abs_feat_delta= 0.24245\n"}
,{"stream_name":"stdout","time":379.896608656,"data":"SECONDARY_EDGE_TTA_ACTIVE views= 8 weight= 0.75 mean_abs_feat_delta= 0.282166\n"}
,{"stream_name":"stdout","time":380.098933476,"data":"SECONDARY_EDGE_TTA_ACTIVE views= 8 weight= 0.75 mean_abs_feat_delta= 0.282166\n"}
,{"stream_name":"stdout","time":380.403061468,"data":"EDGE_TTA_ACTIVE views= 8 mean_abs_feat_delta= 0.330506\n"}
,{"stream_name":"stdout","time":380.605393418,"data":"EDGE_TTA_ACTIVE views= 8 mean_abs_feat_delta= 0.330506\n"}
,{"stream_name":"stdout","time":381.172378583,"data":"EDGE_TTA_ACTIVE views= 8 mean_abs_feat_delta= 0.36801\n"}
,{"stream_name":"stdout","time":381.375010464,"data":"EDGE_TTA_ACTIVE views= 8 mean_abs_feat_delta= 0.36801\n"}
,{"stream_name":"stdout","time":381.437110293,"data":"SECONDARY_EDGE_TTA_ACTIVE views= 8 weight= 0.75 mean_abs_feat_delta= 0.246663\n"}
,{"stream_name":"stdout","time":381.639407216,"data":"SECONDARY_EDGE_TTA_ACTIVE views= 8 weight= 0.75 mean_abs_feat_delta= 0.246663\n"}
,{"stream_name":"stdout","time":382.287580237,"data":"SECONDARY_EDGE_TTA_ACTIVE views= 8 weight= 0.75 mean_abs_feat_delta= 0.283823\n"}
,{"stream_name":"stdout","time":382.490335643,"data":"SECONDARY_EDGE_TTA_ACTIVE views= 8 weight= 0.75 mean_abs_feat_delta= 0.283823\n"}
,{"stream_name":"stdout","time":382.583609919,"data":"EDGE_TTA_ACTIVE views= 8 mean_abs_feat_delta= 0.326851\n"}
,{"stream_name":"stdout","time":382.785909039,"data":"EDGE_TTA_ACTIVE views= 8 mean_abs_feat_delta= 0.326851\n"}
,{"stream_name":"stdout","time":383.561774844,"data":"EDGE_TTA_ACTIVE views= 8 mean_abs_feat_delta= 0.367877\n"}
,{"stream_name":"stdout","time":383.611972954,"data":"SECONDARY_EDGE_TTA_ACTIVE views= 8 weight= 0.75 mean_abs_feat_delta= 0.248161\n"}
,{"stream_name":"stdout","time":383.764001694,"data":"EDGE_TTA_ACTIVE views= 8 mean_abs_feat_delta= 0.367877\n"}
,{"stream_name":"stdout","time":383.764029117,"data":"SECONDARY_EDGE_TTA_ACTIVE views= 8 weight= 0.75 mean_abs_feat_delta= 0.248161\n"}
,{"stream_name":"stdout","time":384.675613647,"data":"SECONDARY_EDGE_TTA_ACTIVE views= 8 weight= 0.75 mean_abs_feat_delta= 0.281373\n"}
,{"stream_name":"stdout","time":384.800968006,"data":"EDGE_TTA_ACTIVE views= 8 mean_abs_feat_delta= 0.32759\n"}
,{"stream_name":"stdout","time":384.87805234,"data":"SECONDARY_EDGE_TTA_ACTIVE views= 8 weight= 0.75 mean_abs_feat_delta= 0.281373\n"}
,{"stream_name":"stdout","time":384.878094732,"data":"EDGE_TTA_ACTIVE views= 8 mean_abs_feat_delta= 0.32759\n"}
,{"stream_name":"stdout","time":385.823147517,"data":"SECONDARY_EDGE_TTA_ACTIVE views= 8 weight= 0.75 mean_abs_feat_delta= 0.244572\n"}
,{"stream_name":"stdout","time":385.935302914,"data":"EDGE_TTA_ACTIVE views= 8 mean_abs_feat_delta= 0.368248\n"}
,{"stream_name":"stdout","time":386.025655596,"data":"SECONDARY_EDGE_TTA_ACTIVE views= 8 weight= 0.75 mean_abs_feat_delta= 0.244572\n"}
,{"stream_name":"stdout","time":386.025689903,"data":"EDGE_TTA_ACTIVE views= 8 mean_abs_feat_delta= 0.368248\n"}
,{"stream_name":"stdout","time":387.03259851,"data":"EDGE_TTA_ACTIVE views= 8 mean_abs_feat_delta= 0.323605\n"}
,{"stream_name":"stdout","time":387.036510073,"data":"SECONDARY_EDGE_TTA_ACTIVE views= 8 weight= 0.75 mean_abs_feat_delta= 0.281151\n"}
,{"stream_name":"stdout","time":387.235362125,"data":"EDGE_TTA_ACTIVE views= 8 mean_abs_feat_delta= 0.323605\n"}
,{"stream_name":"stdout","time":387.23557059,"data":"SECONDARY_EDGE_TTA_ACTIVE views= 8 weight= 0.75 mean_abs_feat_delta= 0.281151\n"}
,{"stream_name":"stdout","time":388.050726041,"data":"SECONDARY_EDGE_TTA_ACTIVE views= 8 weight= 0.75 mean_abs_feat_delta= 0.244253\n"}
,{"stream_name":"stdout","time":388.253171866,"data":"SECONDARY_EDGE_TTA_ACTIVE views= 8 weight= 0.75 mean_abs_feat_delta= 0.244253\n"}
,{"stream_name":"stdout","time":388.29328956,"data":"EDGE_TTA_ACTIVE views= 8 mean_abs_feat_delta= 0.366473\n"}
,{"stream_name":"stdout","time":388.495756286,"data":"EDGE_TTA_ACTIVE views= 8 mean_abs_feat_delta= 0.366473\n"}
,{"stream_name":"stdout","time":389.193255234,"data":"EDGE_TTA_ACTIVE views= 8 mean_abs_feat_delta= 0.332571\n"}
,{"stream_name":"stdout","time":389.388607099,"data":"SECONDARY_EDGE_TTA_ACTIVE views= 8 weight= 0.75 mean_abs_feat_delta= 0.288338\n"}
,{"stream_name":"stdout","time":389.396178881,"data":"EDGE_TTA_ACTIVE views= 8 mean_abs_feat_delta= 0.332571\n"}
,{"stream_name":"stdout","time":389.396203615,"data":"SECONDARY_EDGE_TTA_ACTIVE views= 8 weight= 0.75 mean_abs_feat_delta= 0.288338\n"}
,{"stream_name":"stdout","time":390.208338922,"data":"SECONDARY_EDGE_TTA_ACTIVE views= 8 weight= 0.75 mean_abs_feat_delta= 0.251298\n"}
,{"stream_name":"stdout","time":390.411787111,"data":"SECONDARY_EDGE_TTA_ACTIVE views= 8 weight= 0.75 mean_abs_feat_delta= 0.251298\n"}
,{"stream_name":"stdout","time":390.669369904,"data":"EDGE_TTA_ACTIVE views= 8 mean_abs_feat_delta= 0.369227\n"}
,{"stream_name":"stdout","time":390.871377614,"data":"EDGE_TTA_ACTIVE views= 8 mean_abs_feat_delta= 0.369227\n"}
,{"stream_name":"stdout","time":391.380408636,"data":"EDGE_TTA_ACTIVE views= 8 mean_abs_feat_delta= 0.328319\n"}
,{"stream_name":"stdout","time":391.582607209,"data":"EDGE_TTA_ACTIVE views= 8 mean_abs_feat_delta= 0.328319\n"}
,{"stream_name":"stdout","time":391.747637364,"data":"SECONDARY_EDGE_TTA_ACTIVE views= 8 weight= 0.75 mean_abs_feat_delta= 0.292434\n"}
,{"stream_name":"stdout","time":391.751763424,"data":"BIOHUB_RETENTION_GUARD {\"blended_candidates\": 264, \"dataset\": \"44b6_0b24845f\", \"frame\": 47, \"minimum_retention\": 0.9, \"primary_candidates\": 307, \"retention\": 0.8599348534201955, \"use_primary\": true}\n"}
,{"stream_name":"stdout","time":391.949993218,"data":"SECONDARY_EDGE_TTA_ACTIVE views= 8 weight= 0.75 mean_abs_feat_delta= 0.292434\n"}
,{"stream_name":"stdout","time":391.950050595,"data":"BIOHUB_RETENTION_GUARD {\"blended_candidates\": 264, \"dataset\": \"44b6_0b24845f\", \"frame\": 47, \"minimum_retention\": 0.9, \"primary_candidates\": 307, \"retention\": 0.8599348534201955, \"use_primary\": true}\n"}
,{"stream_name":"stdout","time":392.394637386,"data":"SECONDARY_EDGE_TTA_ACTIVE views= 8 weight= 0.75 mean_abs_feat_delta= 0.241945\n"}
,{"stream_name":"stdout","time":392.597346088,"data":"SECONDARY_EDGE_TTA_ACTIVE views= 8 weight= 0.75 mean_abs_feat_delta= 0.241945\n"}
,{"stream_name":"stdout","time":392.92132307,"data":"EDGE_TTA_ACTIVE views= 8 mean_abs_feat_delta= 0.376915\n"}
,{"stream_name":"stdout","time":393.123455739,"data":"EDGE_TTA_ACTIVE views= 8 mean_abs_feat_delta= 0.376915\n"}
,{"stream_name":"stdout","time":393.49366096,"data":"EDGE_TTA_ACTIVE views= 8 mean_abs_feat_delta= 0.327289\n"}
,{"stream_name":"stdout","time":393.695716594,"data":"EDGE_TTA_ACTIVE views= 8 mean_abs_feat_delta= 0.327289\n"}
,{"stream_name":"stdout","time":393.996912787,"data":"SECONDARY_EDGE_TTA_ACTIVE views= 8 weight= 0.75 mean_abs_feat_delta= 0.288129\n"}
,{"stream_name":"stdout","time":394.200466376,"data":"SECONDARY_EDGE_TTA_ACTIVE views= 8 weight= 0.75 mean_abs_feat_delta= 0.288129\n"}
,{"stream_name":"stdout","time":394.503166705,"data":"SECONDARY_EDGE_TTA_ACTIVE views= 8 weight= 0.75 mean_abs_feat_delta= 0.241039\n"}
,{"stream_name":"stdout","time":394.705784295,"data":"SECONDARY_EDGE_TTA_ACTIVE views= 8 weight= 0.75 mean_abs_feat_delta= 0.241039\n"}
,{"stream_name":"stdout","time":395.234011544,"data":"EDGE_TTA_ACTIVE views= 8 mean_abs_feat_delta= 0.373149\n"}
,{"stream_name":"stdout","time":395.456307381,"data":"EDGE_TTA_ACTIVE views= 8 mean_abs_feat_delta= 0.373149\n"}
,{"stream_name":"stdout","time":395.636670297,"data":"EDGE_TTA_ACTIVE views= 8 mean_abs_feat_delta= 0.337614\n"}
,{"stream_name":"stdout","time":395.838890422,"data":"EDGE_TTA_ACTIVE views= 8 mean_abs_feat_delta= 0.337614\n"}
,{"stream_name":"stdout","time":396.305045065,"data":"SECONDARY_EDGE_TTA_ACTIVE views= 8 weight= 0.75 mean_abs_feat_delta= 0.299885\n"}
,{"stream_name":"stdout","time":396.507130111,"data":"SECONDARY_EDGE_TTA_ACTIVE views= 8 weight= 0.75 mean_abs_feat_delta= 0.299885\n"}
,{"stream_name":"stdout","time":396.634221707,"data":"SECONDARY_EDGE_TTA_ACTIVE views= 8 weight= 0.75 mean_abs_feat_delta= 0.250851\n"}
,{"stream_name":"stdout","time":396.836679171,"data":"SECONDARY_EDGE_TTA_ACTIVE views= 8 weight= 0.75 mean_abs_feat_delta= 0.250851\n"}
,{"stream_name":"stdout","time":397.494633964,"data":"EDGE_TTA_ACTIVE views= 8 mean_abs_feat_delta= 0.373289\n"}
,{"stream_name":"stdout","time":397.697151206,"data":"EDGE_TTA_ACTIVE views= 8 mean_abs_feat_delta= 0.373289\n"}
,{"stream_name":"stdout","time":397.767732218,"data":"EDGE_TTA_ACTIVE views= 8 mean_abs_feat_delta= 0.338693\n"}
,{"stream_name":"stdout","time":397.970009361,"data":"EDGE_TTA_ACTIVE views= 8 mean_abs_feat_delta= 0.338693\n"}
,{"stream_name":"stdout","time":398.557294221,"data":"SECONDARY_EDGE_TTA_ACTIVE views= 8 weight= 0.75 mean_abs_feat_delta= 0.305548\n"}
,{"stream_name":"stdout","time":398.56132163,"data":"BIOHUB_RETENTION_GUARD {\"blended_candidates\": 253, \"dataset\": \"44b6_0b24845f\", \"frame\": 50, \"minimum_retention\": 0.9, \"primary_candidates\": 285, \"retention\": 0.887719298245614, \"use_primary\": true}\n"}
,{"stream_name":"stdout","time":398.759483934,"data":"SECONDARY_EDGE_TTA_ACTIVE views= 8 weight= 0.75 mean_abs_feat_delta= 0.305548\n"}
,{"stream_name":"stdout","time":398.759528257,"data":"BIOHUB_RETENTION_GUARD {\"blended_candidates\": 253, \"dataset\": \"44b6_0b24845f\", \"frame\": 50, \"minimum_retention\": 0.9, \"primary_candidates\": 285, \"retention\": 0.887719298245614, \"use_primary\": true}\n"}
,{"stream_name":"stdout","time":398.766406901,"data":"SECONDARY_EDGE_TTA_ACTIVE views= 8 weight= 0.75 mean_abs_feat_delta= 0.253217\n"}
,{"stream_name":"stdout","time":398.96895738,"data":"SECONDARY_EDGE_TTA_ACTIVE views= 8 weight= 0.75 mean_abs_feat_delta= 0.253217\n"}
,{"stream_name":"stdout","time":399.773512601,"data":"EDGE_TTA_ACTIVE views= 8 mean_abs_feat_delta= 0.372374\n"}
,{"stream_name":"stdout","time":399.85884129,"data":"EDGE_TTA_ACTIVE views= 8 mean_abs_feat_delta= 0.338257\n"}
,{"stream_name":"stdout","time":399.976056473,"data":"EDGE_TTA_ACTIVE views= 8 mean_abs_feat_delta= 0.372374\n"}
,{"stream_name":"stdout","time":399.976103118,"data":"EDGE_TTA_ACTIVE views= 8 mean_abs_feat_delta= 0.338257\n"}
,{"stream_name":"stdout","time":400.832976141,"data":"SECONDARY_EDGE_TTA_ACTIVE views= 8 weight= 0.75 mean_abs_feat_delta= 0.296505\n"}
,{"stream_name":"stdout","time":400.837564564,"data":"BIOHUB_RETENTION_GUARD {\"blended_candidates\": 321, \"dataset\": \"44b6_0b24845f\", \"frame\": 51, \"minimum_retention\": 0.9, \"primary_candidates\": 361, \"retention\": 0.889196675900277, \"use_primary\": true}\n"}
,{"stream_name":"stdout","time":400.858273554,"data":"SECONDARY_EDGE_TTA_ACTIVE views= 8 weight= 0.75 mean_abs_feat_delta= 0.261342\n"}
,{"stream_name":"stdout","time":401.035963306,"data":"SECONDARY_EDGE_TTA_ACTIVE views= 8 weight= 0.75 mean_abs_feat_delta= 0.296505\n"}
,{"stream_name":"stdout","time":401.036006359,"data":"BIOHUB_RETENTION_GUARD {\"blended_candidates\": 321, \"dataset\": \"44b6_0b24845f\", \"frame\": 51, \"minimum_retention\": 0.9, \"primary_candidates\": 361, \"retention\": 0.889196675900277, \"use_primary\": true}\n"}
,{"stream_name":"stdout","time":401.036013123,"data":"SECONDARY_EDGE_TTA_ACTIVE views= 8 weight= 0.75 mean_abs_feat_delta= 0.261342\n"}
,{"stream_name":"stdout","time":401.988841024,"data":"EDGE_TTA_ACTIVE views= 8 mean_abs_feat_delta= 0.33887\n"}
,{"stream_name":"stdout","time":402.066916212,"data":"EDGE_TTA_ACTIVE views= 8 mean_abs_feat_delta= 0.36791\n"}
,{"stream_name":"stdout","time":402.191041739,"data":"EDGE_TTA_ACTIVE views= 8 mean_abs_feat_delta= 0.33887\n"}
,{"stream_name":"stdout","time":402.191062594,"data":"EDGE_TTA_ACTIVE views= 8 mean_abs_feat_delta= 0.36791\n"}
,{"stream_name":"stdout","time":402.984730657,"data":"SECONDARY_EDGE_TTA_ACTIVE views= 8 weight= 0.75 mean_abs_feat_delta= 0.263655\n"}
,{"stream_name":"stdout","time":403.11680877,"data":"SECONDARY_EDGE_TTA_ACTIVE views= 8 weight= 0.75 mean_abs_feat_delta= 0.295986\n"}
,{"stream_name":"stdout","time":403.187410329,"data":"SECONDARY_EDGE_TTA_ACTIVE views= 8 weight= 0.75 mean_abs_feat_delta= 0.263655\n"}
,{"stream_name":"stdout","time":403.187438597,"data":"SECONDARY_EDGE_TTA_ACTIVE views= 8 weight= 0.75 mean_abs_feat_delta= 0.295986\n"}
,{"stream_name":"stdout","time":404.159340855,"data":"EDGE_TTA_ACTIVE views= 8 mean_abs_feat_delta= 0.339106\n"}
,{"stream_name":"stdout","time":404.361957421,"data":"EDGE_TTA_ACTIVE views= 8 mean_abs_feat_delta= 0.339106\n"}
,{"stream_name":"stdout","time":404.378658883,"data":"EDGE_TTA_ACTIVE views= 8 mean_abs_feat_delta= 0.370709\n"}
,{"stream_name":"stdout","time":404.580960169,"data":"EDGE_TTA_ACTIVE views= 8 mean_abs_feat_delta= 0.370709\n"}
,{"stream_name":"stdout","time":405.153894732,"data":"SECONDARY_EDGE_TTA_ACTIVE views= 8 weight= 0.75 mean_abs_feat_delta= 0.264049\n"}
,{"stream_name":"stdout","time":405.356594878,"data":"SECONDARY_EDGE_TTA_ACTIVE views= 8 weight= 0.75 mean_abs_feat_delta= 0.264049\n"}
,{"stream_name":"stdout","time":405.428529571,"data":"SECONDARY_EDGE_TTA_ACTIVE views= 8 weight= 0.75 mean_abs_feat_delta= 0.30285\n"}
,{"stream_name":"stdout","time":405.432441623,"data":"BIOHUB_RETENTION_GUARD {\"blended_candidates\": 305, \"dataset\": \"44b6_0b24845f\", \"frame\": 53, \"minimum_retention\": 0.9, \"primary_candidates\": 342, \"retention\": 0.8918128654970761, \"use_primary\": true}\n"}
,{"stream_name":"stdout","time":405.630704484,"data":"SECONDARY_EDGE_TTA_ACTIVE views= 8 weight= 0.75 mean_abs_feat_delta= 0.30285\n"}
,{"stream_name":"stdout","time":405.630733176,"data":"BIOHUB_RETENTION_GUARD {\"blended_candidates\": 305, \"dataset\": \"44b6_0b24845f\", \"frame\": 53, \"minimum_retention\": 0.9, \"primary_candidates\": 342, \"retention\": 0.8918128654970761, \"use_primary\": true}\n"}
,{"stream_name":"stdout","time":406.249010328,"data":"EDGE_TTA_ACTIVE views= 8 mean_abs_feat_delta= 0.341611\n"}
,{"stream_name":"stdout","time":406.45143665,"data":"EDGE_TTA_ACTIVE views= 8 mean_abs_feat_delta= 0.341611\n"}
,{"stream_name":"stdout","time":406.738176806,"data":"EDGE_TTA_ACTIVE views= 8 mean_abs_feat_delta= 0.369503\n"}
,{"stream_name":"stdout","time":406.94047255,"data":"EDGE_TTA_ACTIVE views= 8 mean_abs_feat_delta= 0.369503\n"}
,{"stream_name":"stdout","time":407.240317247,"data":"SECONDARY_EDGE_TTA_ACTIVE views= 8 weight= 0.75 mean_abs_feat_delta= 0.262185\n"}
,{"stream_name":"stdout","time":407.442378584,"data":"SECONDARY_EDGE_TTA_ACTIVE views= 8 weight= 0.75 mean_abs_feat_delta= 0.262185\n"}
,{"stream_name":"stdout","time":407.784804395,"data":"SECONDARY_EDGE_TTA_ACTIVE views= 8 weight= 0.75 mean_abs_feat_delta= 0.30254\n"}
,{"stream_name":"stdout","time":407.788900337,"data":"BIOHUB_RETENTION_GUARD {\"blended_candidates\": 321, \"dataset\": \"44b6_0b24845f\", \"frame\": 54, \"minimum_retention\": 0.9, \"primary_candidates\": 362, \"retention\": 0.8867403314917127, \"use_primary\": true}\n"}
,{"stream_name":"stdout","time":407.987306839,"data":"SECONDARY_EDGE_TTA_ACTIVE views= 8 weight= 0.75 mean_abs_feat_delta= 0.30254\n"}
,{"stream_name":"stdout","time":407.987374579,"data":"BIOHUB_RETENTION_GUARD {\"blended_candidates\": 321, \"dataset\": \"44b6_0b24845f\", \"frame\": 54, \"minimum_retention\": 0.9, \"primary_candidates\": 362, \"retention\": 0.8867403314917127, \"use_primary\": true}\n"}
,{"stream_name":"stdout","time":408.412332706,"data":"EDGE_TTA_ACTIVE views= 8 mean_abs_feat_delta= 0.346143\n"}
,{"stream_name":"stdout","time":408.614659453,"data":"EDGE_TTA_ACTIVE views= 8 mean_abs_feat_delta= 0.346143\n"}
,{"stream_name":"stdout","time":408.946901492,"data":"EDGE_TTA_ACTIVE views= 8 mean_abs_feat_delta= 0.3697\n"}
,{"stream_name":"stdout","time":409.149177195,"data":"EDGE_TTA_ACTIVE views= 8 mean_abs_feat_delta= 0.3697\n"}
,{"stream_name":"stdout","time":409.404433202,"data":"SECONDARY_EDGE_TTA_ACTIVE views= 8 weight= 0.75 mean_abs_feat_delta= 0.257653\n"}
,{"stream_name":"stdout","time":409.606764296,"data":"SECONDARY_EDGE_TTA_ACTIVE views= 8 weight= 0.75 mean_abs_feat_delta= 0.257653\n"}
,{"stream_name":"stdout","time":409.992814421,"data":"SECONDARY_EDGE_TTA_ACTIVE views= 8 weight= 0.75 mean_abs_feat_delta= 0.304896\n"}
,{"stream_name":"stdout","time":410.195213063,"data":"SECONDARY_EDGE_TTA_ACTIVE views= 8 weight= 0.75 mean_abs_feat_delta= 0.304896\n"}
,{"stream_name":"stdout","time":410.579214037,"data":"EDGE_TTA_ACTIVE views= 8 mean_abs_feat_delta= 0.340083\n"}
,{"stream_name":"stdout","time":410.781690936,"data":"EDGE_TTA_ACTIVE views= 8 mean_abs_feat_delta= 0.340083\n"}
,{"stream_name":"stdout","time":411.217008144,"data":"EDGE_TTA_ACTIVE views= 8 mean_abs_feat_delta= 0.37301\n"}
,{"stream_name":"stdout","time":411.419301243,"data":"EDGE_TTA_ACTIVE views= 8 mean_abs_feat_delta= 0.37301\n"}
,{"stream_name":"stdout","time":411.571451747,"data":"SECONDARY_EDGE_TTA_ACTIVE views= 8 weight= 0.75 mean_abs_feat_delta= 0.252778\n"}
,{"stream_name":"stdout","time":411.773936626,"data":"SECONDARY_EDGE_TTA_ACTIVE views= 8 weight= 0.75 mean_abs_feat_delta= 0.252778\n"}
,{"stream_name":"stdout","time":412.257850849,"data":"SECONDARY_EDGE_TTA_ACTIVE views= 8 weight= 0.75 mean_abs_feat_delta= 0.308335\n"}
,{"stream_name":"stdout","time":412.460146385,"data":"SECONDARY_EDGE_TTA_ACTIVE views= 8 weight= 0.75 mean_abs_feat_delta= 0.308335\n"}
,{"stream_name":"stdout","time":412.745458379,"data":"EDGE_TTA_ACTIVE views= 8 mean_abs_feat_delta= 0.339203\n"}
,{"stream_name":"stdout","time":412.947957632,"data":"EDGE_TTA_ACTIVE views= 8 mean_abs_feat_delta= 0.339203\n"}
,{"stream_name":"stdout","time":413.420912739,"data":"EDGE_TTA_ACTIVE views= 8 mean_abs_feat_delta= 0.367347\n"}
,{"stream_name":"stdout","time":413.623127666,"data":"EDGE_TTA_ACTIVE views= 8 mean_abs_feat_delta= 0.367347\n"}
,{"stream_name":"stdout","time":413.736833224,"data":"SECONDARY_EDGE_TTA_ACTIVE views= 8 weight= 0.75 mean_abs_feat_delta= 0.255196\n"}
,{"stream_name":"stdout","time":413.939422398,"data":"SECONDARY_EDGE_TTA_ACTIVE views= 8 weight= 0.75 mean_abs_feat_delta= 0.255196\n"}
,{"stream_name":"stdout","time":414.460809208,"data":"SECONDARY_EDGE_TTA_ACTIVE views= 8 weight= 0.75 mean_abs_feat_delta= 0.3079\n"}
,{"stream_name":"stdout","time":414.663173512,"data":"SECONDARY_EDGE_TTA_ACTIVE views= 8 weight= 0.75 mean_abs_feat_delta= 0.3079\n"}
,{"stream_name":"stdout","time":414.908119031,"data":"EDGE_TTA_ACTIVE views= 8 mean_abs_feat_delta= 0.336994\n"}
,{"stream_name":"stdout","time":415.110500801,"data":"EDGE_TTA_ACTIVE views= 8 mean_abs_feat_delta= 0.336994\n"}
,{"stream_name":"stdout","time":415.634727521,"data":"EDGE_TTA_ACTIVE views= 8 mean_abs_feat_delta= 0.36398\n"}
,{"stream_name":"stdout","time":415.837033556,"data":"EDGE_TTA_ACTIVE views= 8 mean_abs_feat_delta= 0.36398\n"}
,{"stream_name":"stdout","time":415.888413782,"data":"SECONDARY_EDGE_TTA_ACTIVE views= 8 weight= 0.75 mean_abs_feat_delta= 0.255652\n"}
,{"stream_name":"stdout","time":416.09085086,"data":"SECONDARY_EDGE_TTA_ACTIVE views= 8 weight= 0.75 mean_abs_feat_delta= 0.255652\n"}
,{"stream_name":"stdout","time":416.67140875,"data":"SECONDARY_EDGE_TTA_ACTIVE views= 8 weight= 0.75 mean_abs_feat_delta= 0.304751\n"}
,{"stream_name":"stdout","time":416.675939857,"data":"BIOHUB_RETENTION_GUARD {\"blended_candidates\": 263, \"dataset\": \"44b6_0b24845f\", \"frame\": 58, \"minimum_retention\": 0.9, \"primary_candidates\": 312, \"retention\": 0.842948717948718, \"use_primary\": true}\n"}
,{"stream_name":"stdout","time":416.874151428,"data":"SECONDARY_EDGE_TTA_ACTIVE views= 8 weight= 0.75 mean_abs_feat_delta= 0.304751\n"}
,{"stream_name":"stdout","time":416.874222542,"data":"BIOHUB_RETENTION_GUARD {\"blended_candidates\": 263, \"dataset\": \"44b6_0b24845f\", \"frame\": 58, \"minimum_retention\": 0.9, \"primary_candidates\": 312, \"retention\": 0.842948717948718, \"use_primary\": true}\n"}
,{"stream_name":"stdout","time":417.059887426,"data":"EDGE_TTA_ACTIVE views= 8 mean_abs_feat_delta= 0.342499\n"}
,{"stream_name":"stdout","time":417.262511487,"data":"EDGE_TTA_ACTIVE views= 8 mean_abs_feat_delta= 0.342499\n"}
,{"stream_name":"stdout","time":417.872296233,"data":"EDGE_TTA_ACTIVE views= 8 mean_abs_feat_delta= 0.366206\n"}
,{"stream_name":"stdout","time":418.05167022,"data":"SECONDARY_EDGE_TTA_ACTIVE views= 8 weight= 0.75 mean_abs_feat_delta= 0.256616\n"}
,{"stream_name":"stdout","time":418.074567101,"data":"EDGE_TTA_ACTIVE views= 8 mean_abs_feat_delta= 0.366206\n"}
,{"stream_name":"stdout","time":418.074596807,"data":"SECONDARY_EDGE_TTA_ACTIVE views= 8 weight= 0.75 mean_abs_feat_delta= 0.256616\n"}
,{"stream_name":"stdout","time":418.90889419,"data":"SECONDARY_EDGE_TTA_ACTIVE views= 8 weight= 0.75 mean_abs_feat_delta= 0.300835\n"}
,{"stream_name":"stdout","time":418.912902442,"data":"BIOHUB_RETENTION_GUARD {\"blended_candidates\": 303, \"dataset\": \"44b6_0b24845f\", \"frame\": 59, \"minimum_retention\": 0.9, \"primary_candidates\": 346, \"retention\": 0.8757225433526011, \"use_primary\": true}\n"}
,{"stream_name":"stdout","time":419.111263976,"data":"SECONDARY_EDGE_TTA_ACTIVE views= 8 weight= 0.75 mean_abs_feat_delta= 0.300835\n"}
,{"stream_name":"stdout","time":419.111312039,"data":"BIOHUB_RETENTION_GUARD {\"blended_candidates\": 303, \"dataset\": \"44b6_0b24845f\", \"frame\": 59, \"minimum_retention\": 0.9, \"primary_candidates\": 346, \"retention\": 0.8757225433526011, \"use_primary\": true}\n"}
,{"stream_name":"stdout","time":419.203181275,"data":"EDGE_TTA_ACTIVE views= 8 mean_abs_feat_delta= 0.346059\n"}
,{"stream_name":"stdout","time":419.406099806,"data":"EDGE_TTA_ACTIVE views= 8 mean_abs_feat_delta= 0.346059\n"}
,{"stream_name":"stdout","time":420.083943381,"data":"EDGE_TTA_ACTIVE views= 8 mean_abs_feat_delta= 0.36887\n"}
,{"stream_name":"stdout","time":420.187716446,"data":"SECONDARY_EDGE_TTA_ACTIVE views= 8 weight= 0.75 mean_abs_feat_delta= 0.257121\n"}
,{"stream_name":"stdout","time":420.286522583,"data":"EDGE_TTA_ACTIVE views= 8 mean_abs_feat_delta= 0.36887\n"}
,{"stream_name":"stdout","time":420.286582486,"data":"SECONDARY_EDGE_TTA_ACTIVE views= 8 weight= 0.75 mean_abs_feat_delta= 0.257121\n"}
,{"stream_name":"stdout","time":421.117358307,"data":"SECONDARY_EDGE_TTA_ACTIVE views= 8 weight= 0.75 mean_abs_feat_delta= 0.300158\n"}
,{"stream_name":"stdout","time":421.121500928,"data":"BIOHUB_RETENTION_GUARD {\"blended_candidates\": 335, \"dataset\": \"44b6_0b24845f\", \"frame\": 60, \"minimum_retention\": 0.9, \"primary_candidates\": 393, \"retention\": 0.8524173027989822, \"use_primary\": true}\n"}
,{"stream_name":"stdout","time":421.319968855,"data":"SECONDARY_EDGE_TTA_ACTIVE views= 8 weight= 0.75 mean_abs_feat_delta= 0.300158\n"}
,{"stream_name":"stdout","time":421.320001913,"data":"BIOHUB_RETENTION_GUARD {\"blended_candidates\": 335, \"dataset\": \"44b6_0b24845f\", \"frame\": 60, \"minimum_retention\": 0.9, \"primary_candidates\": 393, \"retention\": 0.8524173027989822, \"use_primary\": true}\n"}
,{"stream_name":"stdout","time":421.392208099,"data":"EDGE_TTA_ACTIVE views= 8 mean_abs_feat_delta= 0.346159\n"}
,{"stream_name":"stdout","time":421.594410765,"data":"EDGE_TTA_ACTIVE views= 8 mean_abs_feat_delta= 0.346159\n"}
,{"stream_name":"stdout","time":422.370276411,"data":"EDGE_TTA_ACTIVE views= 8 mean_abs_feat_delta= 0.365386\n"}
,{"stream_name":"stdout","time":422.382107476,"data":"SECONDARY_EDGE_TTA_ACTIVE views= 8 weight= 0.75 mean_abs_feat_delta= 0.257896\n"}
,{"stream_name":"stdout","time":422.572762962,"data":"EDGE_TTA_ACTIVE views= 8 mean_abs_feat_delta= 0.365386\n"}
,{"stream_name":"stdout","time":422.572831533,"data":"SECONDARY_EDGE_TTA_ACTIVE views= 8 weight= 0.75 mean_abs_feat_delta= 0.257896\n"}
,{"stream_name":"stdout","time":423.404060337,"data":"SECONDARY_EDGE_TTA_ACTIVE views= 8 weight= 0.75 mean_abs_feat_delta= 0.300168\n"}
,{"stream_name":"stdout","time":423.408385021,"data":"BIOHUB_RETENTION_GUARD {\"blended_candidates\": 275, \"dataset\": \"44b6_0b24845f\", \"frame\": 61, \"minimum_retention\": 0.9, \"primary_candidates\": 333, \"retention\": 0.8258258258258259, \"use_primary\": true}\n"}
,{"stream_name":"stdout","time":423.498065599,"data":"EDGE_TTA_ACTIVE views= 8 mean_abs_feat_delta= 0.345426\n"}
,{"stream_name":"stdout","time":423.606875143,"data":"SECONDARY_EDGE_TTA_ACTIVE views= 8 weight= 0.75 mean_abs_feat_delta= 0.300168\n"}
,{"stream_name":"stdout","time":423.606914433,"data":"BIOHUB_RETENTION_GUARD {\"blended_candidates\": 275, \"dataset\": \"44b6_0b24845f\", \"frame\": 61, \"minimum_retention\": 0.9, \"primary_candidates\": 333, \"retention\": 0.8258258258258259, \"use_primary\": true}\n"}
,{"stream_name":"stdout","time":423.606919467,"data":"EDGE_TTA_ACTIVE views= 8 mean_abs_feat_delta= 0.345426\n"}
,{"stream_name":"stdout","time":424.482824549,"data":"SECONDARY_EDGE_TTA_ACTIVE views= 8 weight= 0.75 mean_abs_feat_delta= 0.259858\n"}
,{"stream_name":"stdout","time":424.655222133,"data":"EDGE_TTA_ACTIVE views= 8 mean_abs_feat_delta= 0.366621\n"}
,{"stream_name":"stdout","time":424.685431316,"data":"SECONDARY_EDGE_TTA_ACTIVE views= 8 weight= 0.75 mean_abs_feat_delta= 0.259858\n"}
,{"stream_name":"stdout","time":424.685492594,"data":"EDGE_TTA_ACTIVE views= 8 mean_abs_feat_delta= 0.366621\n"}
,{"stream_name":"stdout","time":425.626798636,"data":"EDGE_TTA_ACTIVE views= 8 mean_abs_feat_delta= 0.344989\n"}
,{"stream_name":"stdout","time":425.690940274,"data":"SECONDARY_EDGE_TTA_ACTIVE views= 8 weight= 0.75 mean_abs_feat_delta= 0.300845\n"}
,{"stream_name":"stdout","time":425.695161871,"data":"BIOHUB_RETENTION_GUARD {\"blended_candidates\": 298, \"dataset\": \"44b6_0b24845f\", \"frame\": 62, \"minimum_retention\": 0.9, \"primary_candidates\": 345, \"retention\": 0.863768115942029, \"use_primary\": true}\n"}
,{"stream_name":"stdout","time":425.845355716,"data":"EDGE_TTA_ACTIVE views= 8 mean_abs_feat_delta= 0.344989\n"}
,{"stream_name":"stdout","time":425.845381544,"data":"SECONDARY_EDGE_TTA_ACTIVE views= 8 weight= 0.75 mean_abs_feat_delta= 0.300845\n"}
,{"stream_name":"stdout","time":425.845386879,"data":"BIOHUB_RETENTION_GUARD {\"blended_candidates\": 298, \"dataset\": \"44b6_0b24845f\", \"frame\": 62, \"minimum_retention\": 0.9, \"primary_candidates\": 345, \"retention\": 0.863768115942029, \"use_primary\": true}\n"}
,{"stream_name":"stdout","time":426.617054721,"data":"SECONDARY_EDGE_TTA_ACTIVE views= 8 weight= 0.75 mean_abs_feat_delta= 0.25507\n"}
,{"stream_name":"stdout","time":426.819958642,"data":"SECONDARY_EDGE_TTA_ACTIVE views= 8 weight= 0.75 mean_abs_feat_delta= 0.25507\n"}
,{"stream_name":"stdout","time":426.897459571,"data":"EDGE_TTA_ACTIVE views= 8 mean_abs_feat_delta= 0.373908\n"}
,{"stream_name":"stdout","time":427.099933233,"data":"EDGE_TTA_ACTIVE views= 8 mean_abs_feat_delta= 0.373908\n"}
,{"stream_name":"stdout","time":427.694678423,"data":"EDGE_TTA_ACTIVE views= 8 mean_abs_feat_delta= 0.343404\n"}
,{"stream_name":"stdout","time":427.897078527,"data":"EDGE_TTA_ACTIVE views= 8 mean_abs_feat_delta= 0.343404\n"}
,{"stream_name":"stdout","time":427.935740921,"data":"SECONDARY_EDGE_TTA_ACTIVE views= 8 weight= 0.75 mean_abs_feat_delta= 0.303221\n"}
,{"stream_name":"stdout","time":428.137923198,"data":"SECONDARY_EDGE_TTA_ACTIVE views= 8 weight= 0.75 mean_abs_feat_delta= 0.303221\n"}
,{"stream_name":"stdout","time":428.678755552,"data":"SECONDARY_EDGE_TTA_ACTIVE views= 8 weight= 0.75 mean_abs_feat_delta= 0.262098\n"}
,{"stream_name":"stdout","time":428.880813913,"data":"SECONDARY_EDGE_TTA_ACTIVE views= 8 weight= 0.75 mean_abs_feat_delta= 0.262098\n"}
,{"stream_name":"stdout","time":429.118287282,"data":"EDGE_TTA_ACTIVE views= 8 mean_abs_feat_delta= 0.368494\n"}
,{"stream_name":"stdout","time":429.320617374,"data":"EDGE_TTA_ACTIVE views= 8 mean_abs_feat_delta= 0.368494\n"}
,{"stream_name":"stdout","time":429.821533917,"data":"EDGE_TTA_ACTIVE views= 8 mean_abs_feat_delta= 0.341221\n"}
,{"stream_name":"stdout","time":430.023787662,"data":"EDGE_TTA_ACTIVE views= 8 mean_abs_feat_delta= 0.341221\n"}
,{"stream_name":"stdout","time":430.157186583,"data":"SECONDARY_EDGE_TTA_ACTIVE views= 8 weight= 0.75 mean_abs_feat_delta= 0.299317\n"}
,{"stream_name":"stdout","time":430.161323326,"data":"BIOHUB_RETENTION_GUARD {\"blended_candidates\": 295, \"dataset\": \"44b6_0b24845f\", \"frame\": 64, \"minimum_retention\": 0.9, \"primary_candidates\": 344, \"retention\": 0.8575581395348837, \"use_primary\": true}\n"}
,{"stream_name":"stdout","time":430.35967683,"data":"SECONDARY_EDGE_TTA_ACTIVE views= 8 weight= 0.75 mean_abs_feat_delta= 0.299317\n"}
,{"stream_name":"stdout","time":430.359716577,"data":"BIOHUB_RETENTION_GUARD {\"blended_candidates\": 295, \"dataset\": \"44b6_0b24845f\", \"frame\": 64, \"minimum_retention\": 0.9, \"primary_candidates\": 344, \"retention\": 0.8575581395348837, \"use_primary\": true}\n"}
,{"stream_name":"stdout","time":430.811046042,"data":"SECONDARY_EDGE_TTA_ACTIVE views= 8 weight= 0.75 mean_abs_feat_delta= 0.262847\n"}
,{"stream_name":"stdout","time":431.013279416,"data":"SECONDARY_EDGE_TTA_ACTIVE views= 8 weight= 0.75 mean_abs_feat_delta= 0.262847\n"}
,{"stream_name":"stdout","time":431.372590023,"data":"EDGE_TTA_ACTIVE views= 8 mean_abs_feat_delta= 0.370026\n"}
,{"stream_name":"stdout","time":431.574815039,"data":"EDGE_TTA_ACTIVE views= 8 mean_abs_feat_delta= 0.370026\n"}
,{"stream_name":"stdout","time":432.011163263,"data":"EDGE_TTA_ACTIVE views= 8 mean_abs_feat_delta= 0.343003\n"}
,{"stream_name":"stdout","time":432.213216564,"data":"EDGE_TTA_ACTIVE views= 8 mean_abs_feat_delta= 0.343003\n"}
,{"stream_name":"stdout","time":432.409747268,"data":"SECONDARY_EDGE_TTA_ACTIVE views= 8 weight= 0.75 mean_abs_feat_delta= 0.299955\n"}
,{"stream_name":"stdout","time":432.413741203,"data":"BIOHUB_RETENTION_GUARD {\"blended_candidates\": 335, \"dataset\": \"44b6_0b24845f\", \"frame\": 65, \"minimum_retention\": 0.9, \"primary_candidates\": 378, \"retention\": 0.8862433862433863, \"use_primary\": true}\n"}
,{"stream_name":"stdout","time":432.611887502,"data":"SECONDARY_EDGE_TTA_ACTIVE views= 8 weight= 0.75 mean_abs_feat_delta= 0.299955\n"}
,{"stream_name":"stdout","time":432.611918274,"data":"BIOHUB_RETENTION_GUARD {\"blended_candidates\": 335, \"dataset\": \"44b6_0b24845f\", \"frame\": 65, \"minimum_retention\": 0.9, \"primary_candidates\": 378, \"retention\": 0.8862433862433863, \"use_primary\": true}\n"}
,{"stream_name":"stdout","time":433.002491271,"data":"SECONDARY_EDGE_TTA_ACTIVE views= 8 weight= 0.75 mean_abs_feat_delta= 0.261047\n"}
,{"stream_name":"stdout","time":433.204715388,"data":"SECONDARY_EDGE_TTA_ACTIVE views= 8 weight= 0.75 mean_abs_feat_delta= 0.261047\n"}
,{"stream_name":"stdout","time":433.673879777,"data":"EDGE_TTA_ACTIVE views= 8 mean_abs_feat_delta= 0.369253\n"}
,{"stream_name":"stdout","time":433.876170016,"data":"EDGE_TTA_ACTIVE views= 8 mean_abs_feat_delta= 0.369253\n"}
,{"stream_name":"stdout","time":434.215855464,"data":"EDGE_TTA_ACTIVE views= 8 mean_abs_feat_delta= 0.343125\n"}
,{"stream_name":"stdout","time":434.41820421,"data":"EDGE_TTA_ACTIVE views= 8 mean_abs_feat_delta= 0.343125\n"}
,{"stream_name":"stdout","time":434.709739167,"data":"SECONDARY_EDGE_TTA_ACTIVE views= 8 weight= 0.75 mean_abs_feat_delta= 0.296912\n"}
,{"stream_name":"stdout","time":434.713866394,"data":"BIOHUB_RETENTION_GUARD {\"blended_candidates\": 324, \"dataset\": \"44b6_0b24845f\", \"frame\": 66, \"minimum_retention\": 0.9, \"primary_candidates\": 375, \"retention\": 0.864, \"use_primary\": true}\n"}
,{"stream_name":"stdout","time":434.912366811,"data":"SECONDARY_EDGE_TTA_ACTIVE views= 8 weight= 0.75 mean_abs_feat_delta= 0.296912\n"}
,{"stream_name":"stdout","time":434.912401541,"data":"BIOHUB_RETENTION_GUARD {\"blended_candidates\": 324, \"dataset\": \"44b6_0b24845f\", \"frame\": 66, \"minimum_retention\": 0.9, \"primary_candidates\": 375, \"retention\": 0.864, \"use_primary\": true}\n"}
,{"stream_name":"stdout","time":435.205364284,"data":"SECONDARY_EDGE_TTA_ACTIVE views= 8 weight= 0.75 mean_abs_feat_delta= 0.257455\n"}
,{"stream_name":"stdout","time":435.407257501,"data":"SECONDARY_EDGE_TTA_ACTIVE views= 8 weight= 0.75 mean_abs_feat_delta= 0.257455\n"}
,{"stream_name":"stdout","time":435.900317288,"data":"EDGE_TTA_ACTIVE views= 8 mean_abs_feat_delta= 0.365768\n"}
,{"stream_name":"stdout","time":436.102660945,"data":"EDGE_TTA_ACTIVE views= 8 mean_abs_feat_delta= 0.365768\n"}
,{"stream_name":"stdout","time":436.405160243,"data":"EDGE_TTA_ACTIVE views= 8 mean_abs_feat_delta= 0.337095\n"}
,{"stream_name":"stdout","time":436.607298359,"data":"EDGE_TTA_ACTIVE views= 8 mean_abs_feat_delta= 0.337095\n"}
,{"stream_name":"stdout","time":436.943539131,"data":"SECONDARY_EDGE_TTA_ACTIVE views= 8 weight= 0.75 mean_abs_feat_delta= 0.291366\n"}
,{"stream_name":"stdout","time":437.14646397,"data":"SECONDARY_EDGE_TTA_ACTIVE views= 8 weight= 0.75 mean_abs_feat_delta= 0.291366\n"}
,{"stream_name":"stdout","time":437.389703655,"data":"SECONDARY_EDGE_TTA_ACTIVE views= 8 weight= 0.75 mean_abs_feat_delta= 0.254838\n"}
,{"stream_name":"stdout","time":437.592228565,"data":"SECONDARY_EDGE_TTA_ACTIVE views= 8 weight= 0.75 mean_abs_feat_delta= 0.254838\n"}
,{"stream_name":"stdout","time":438.216545388,"data":"EDGE_TTA_ACTIVE views= 8 mean_abs_feat_delta= 0.365075\n"}
,{"stream_name":"stdout","time":438.418825076,"data":"EDGE_TTA_ACTIVE views= 8 mean_abs_feat_delta= 0.365075\n"}
,{"stream_name":"stdout","time":438.562440736,"data":"EDGE_TTA_ACTIVE views= 8 mean_abs_feat_delta= 0.337123\n"}
,{"stream_name":"stdout","time":438.764689282,"data":"EDGE_TTA_ACTIVE views= 8 mean_abs_feat_delta= 0.337123\n"}
,{"stream_name":"stdout","time":439.258878999,"data":"SECONDARY_EDGE_TTA_ACTIVE views= 8 weight= 0.75 mean_abs_feat_delta= 0.293296\n"}
,{"stream_name":"stdout","time":439.461670303,"data":"SECONDARY_EDGE_TTA_ACTIVE views= 8 weight= 0.75 mean_abs_feat_delta= 0.293296\n"}
,{"stream_name":"stdout","time":439.548048027,"data":"SECONDARY_EDGE_TTA_ACTIVE views= 8 weight= 0.75 mean_abs_feat_delta= 0.260524\n"}
,{"stream_name":"stdout","time":439.750501046,"data":"SECONDARY_EDGE_TTA_ACTIVE views= 8 weight= 0.75 mean_abs_feat_delta= 0.260524\n"}
,{"stream_name":"stdout","time":440.461643111,"data":"EDGE_TTA_ACTIVE views= 8 mean_abs_feat_delta= 0.366016\n"}
,{"stream_name":"stdout","time":440.664140333,"data":"EDGE_TTA_ACTIVE views= 8 mean_abs_feat_delta= 0.366016\n"}
,{"stream_name":"stdout","time":440.685353197,"data":"EDGE_TTA_ACTIVE views= 8 mean_abs_feat_delta= 0.338112\n"}
,{"stream_name":"stdout","time":440.887355131,"data":"EDGE_TTA_ACTIVE views= 8 mean_abs_feat_delta= 0.338112\n"}
,{"stream_name":"stdout","time":441.507936348,"data":"SECONDARY_EDGE_TTA_ACTIVE views= 8 weight= 0.75 mean_abs_feat_delta= 0.301719\n"}
,{"stream_name":"stdout","time":441.678217816,"data":"SECONDARY_EDGE_TTA_ACTIVE views= 8 weight= 0.75 mean_abs_feat_delta= 0.262847\n"}
,{"stream_name":"stdout","time":441.710784708,"data":"SECONDARY_EDGE_TTA_ACTIVE views= 8 weight= 0.75 mean_abs_feat_delta= 0.301719\n"}
,{"stream_name":"stdout","time":441.710850311,"data":"SECONDARY_EDGE_TTA_ACTIVE views= 8 weight= 0.75 mean_abs_feat_delta= 0.262847\n"}
,{"stream_name":"stdout","time":442.750092502,"data":"EDGE_TTA_ACTIVE views= 8 mean_abs_feat_delta= 0.365231\n"}
,{"stream_name":"stdout","time":442.831967624,"data":"EDGE_TTA_ACTIVE views= 8 mean_abs_feat_delta= 0.338704\n"}
,{"stream_name":"stdout","time":442.952290434,"data":"EDGE_TTA_ACTIVE views= 8 mean_abs_feat_delta= 0.365231\n"}
,{"stream_name":"stdout","time":442.952313436,"data":"EDGE_TTA_ACTIVE views= 8 mean_abs_feat_delta= 0.338704\n"}
,{"stream_name":"stdout","time":443.79575571,"data":"SECONDARY_EDGE_TTA_ACTIVE views= 8 weight= 0.75 mean_abs_feat_delta= 0.301488\n"}
,{"stream_name":"stdout","time":443.800451585,"data":"BIOHUB_RETENTION_GUARD {\"blended_candidates\": 260, \"dataset\": \"44b6_0b24845f\", \"frame\": 70, \"minimum_retention\": 0.9, \"primary_candidates\": 305, \"retention\": 0.8524590163934426, \"use_primary\": true}\n"}
,{"stream_name":"stdout","time":443.823508507,"data":"SECONDARY_EDGE_TTA_ACTIVE views= 8 weight= 0.75 mean_abs_feat_delta= 0.260131\n"}
,{"stream_name":"stdout","time":443.998249095,"data":"SECONDARY_EDGE_TTA_ACTIVE views= 8 weight= 0.75 mean_abs_feat_delta= 0.301488\n"}
,{"stream_name":"stdout","time":443.998289815,"data":"BIOHUB_RETENTION_GUARD {\"blended_candidates\": 260, \"dataset\": \"44b6_0b24845f\", \"frame\": 70, \"minimum_retention\": 0.9, \"primary_candidates\": 305, \"retention\": 0.8524590163934426, \"use_primary\": true}\n"}
,{"stream_name":"stdout","time":443.998296175,"data":"SECONDARY_EDGE_TTA_ACTIVE views= 8 weight= 0.75 mean_abs_feat_delta= 0.260131\n"}
,{"stream_name":"stdout","time":445.007715965,"data":"EDGE_TTA_ACTIVE views= 8 mean_abs_feat_delta= 0.340176\n"}
,{"stream_name":"stdout","time":445.016628843,"data":"EDGE_TTA_ACTIVE views= 8 mean_abs_feat_delta= 0.36009\n"}
,{"stream_name":"stdout","time":445.210004948,"data":"EDGE_TTA_ACTIVE views= 8 mean_abs_feat_delta= 0.340176\n"}
,{"stream_name":"stdout","time":445.21003341,"data":"EDGE_TTA_ACTIVE views= 8 mean_abs_feat_delta= 0.36009\n"}
,{"stream_name":"stdout","time":445.998428693,"data":"SECONDARY_EDGE_TTA_ACTIVE views= 8 weight= 0.75 mean_abs_feat_delta= 0.256523\n"}
,{"stream_name":"stdout","time":446.062016765,"data":"SECONDARY_EDGE_TTA_ACTIVE views= 8 weight= 0.75 mean_abs_feat_delta= 0.299423\n"}
,{"stream_name":"stdout","time":446.200416056,"data":"SECONDARY_EDGE_TTA_ACTIVE views= 8 weight= 0.75 mean_abs_feat_delta= 0.256523\n"}
,{"stream_name":"stdout","time":446.200457591,"data":"SECONDARY_EDGE_TTA_ACTIVE views= 8 weight= 0.75 mean_abs_feat_delta= 0.299423\n"}
,{"stream_name":"stdout","time":447.205178984,"data":"EDGE_TTA_ACTIVE views= 8 mean_abs_feat_delta= 0.346094\n"}
,{"stream_name":"stdout","time":447.347592444,"data":"EDGE_TTA_ACTIVE views= 8 mean_abs_feat_delta= 0.360462\n"}
,{"stream_name":"stdout","time":447.407380424,"data":"EDGE_TTA_ACTIVE views= 8 mean_abs_feat_delta= 0.346094\n"}
,{"stream_name":"stdout","time":447.407402714,"data":"EDGE_TTA_ACTIVE views= 8 mean_abs_feat_delta= 0.360462\n"}
,{"stream_name":"stdout","time":448.200637654,"data":"SECONDARY_EDGE_TTA_ACTIVE views= 8 weight= 0.75 mean_abs_feat_delta= 0.265074\n"}
,{"stream_name":"stdout","time":448.395387323,"data":"SECONDARY_EDGE_TTA_ACTIVE views= 8 weight= 0.75 mean_abs_feat_delta= 0.301712\n"}
,{"stream_name":"stdout","time":448.402919042,"data":"SECONDARY_EDGE_TTA_ACTIVE views= 8 weight= 0.75 mean_abs_feat_delta= 0.265074\n"}
,{"stream_name":"stdout","time":448.402943662,"data":"SECONDARY_EDGE_TTA_ACTIVE views= 8 weight= 0.75 mean_abs_feat_delta= 0.301712\n"}
,{"stream_name":"stdout","time":449.340372583,"data":"EDGE_TTA_ACTIVE views= 8 mean_abs_feat_delta= 0.348292\n"}
,{"stream_name":"stdout","time":449.542629635,"data":"EDGE_TTA_ACTIVE views= 8 mean_abs_feat_delta= 0.348292\n"}
,{"stream_name":"stdout","time":449.605767309,"data":"EDGE_TTA_ACTIVE views= 8 mean_abs_feat_delta= 0.359757\n"}
,{"stream_name":"stdout","time":449.808099222,"data":"EDGE_TTA_ACTIVE views= 8 mean_abs_feat_delta= 0.359757\n"}
,{"stream_name":"stdout","time":450.333193812,"data":"SECONDARY_EDGE_TTA_ACTIVE views= 8 weight= 0.75 mean_abs_feat_delta= 0.26712\n"}
,{"stream_name":"stdout","time":450.535584593,"data":"SECONDARY_EDGE_TTA_ACTIVE views= 8 weight= 0.75 mean_abs_feat_delta= 0.26712\n"}
,{"stream_name":"stdout","time":450.658836086,"data":"SECONDARY_EDGE_TTA_ACTIVE views= 8 weight= 0.75 mean_abs_feat_delta= 0.305584\n"}
,{"stream_name":"stdout","time":450.663005175,"data":"BIOHUB_RETENTION_GUARD {\"blended_candidates\": 197, \"dataset\": \"44b6_0b24845f\", \"frame\": 73, \"minimum_retention\": 0.9, \"primary_candidates\": 262, \"retention\": 0.7519083969465649, \"use_primary\": true}\n"}
,{"stream_name":"stdout","time":450.861833102,"data":"SECONDARY_EDGE_TTA_ACTIVE views= 8 weight= 0.75 mean_abs_feat_delta= 0.305584\n"}
,{"stream_name":"stdout","time":450.861861572,"data":"BIOHUB_RETENTION_GUARD {\"blended_candidates\": 197, \"dataset\": \"44b6_0b24845f\", \"frame\": 73, \"minimum_retention\": 0.9, \"primary_candidates\": 262, \"retention\": 0.7519083969465649, \"use_primary\": true}\n"}
,{"stream_name":"stdout","time":451.545854002,"data":"EDGE_TTA_ACTIVE views= 8 mean_abs_feat_delta= 0.344312\n"}
,{"stream_name":"stdout","time":451.74821928,"data":"EDGE_TTA_ACTIVE views= 8 mean_abs_feat_delta= 0.344312\n"}
,{"stream_name":"stdout","time":451.955484015,"data":"EDGE_TTA_ACTIVE views= 8 mean_abs_feat_delta= 0.368022\n"}
,{"stream_name":"stdout","time":452.157755661,"data":"EDGE_TTA_ACTIVE views= 8 mean_abs_feat_delta= 0.368022\n"}
,{"stream_name":"stdout","time":452.541993762,"data":"SECONDARY_EDGE_TTA_ACTIVE views= 8 weight= 0.75 mean_abs_feat_delta= 0.263739\n"}
,{"stream_name":"stdout","time":452.744330412,"data":"SECONDARY_EDGE_TTA_ACTIVE views= 8 weight= 0.75 mean_abs_feat_delta= 0.263739\n"}
,{"stream_name":"stdout","time":453.010042526,"data":"SECONDARY_EDGE_TTA_ACTIVE views= 8 weight= 0.75 mean_abs_feat_delta= 0.304789\n"}
,{"stream_name":"stdout","time":453.014142196,"data":"BIOHUB_RETENTION_GUARD {\"blended_candidates\": 224, \"dataset\": \"44b6_0b24845f\", \"frame\": 74, \"minimum_retention\": 0.9, \"primary_candidates\": 291, \"retention\": 0.7697594501718213, \"use_primary\": true}\n"}
,{"stream_name":"stdout","time":453.212738448,"data":"SECONDARY_EDGE_TTA_ACTIVE views= 8 weight= 0.75 mean_abs_feat_delta= 0.304789\n"}
,{"stream_name":"stdout","time":453.213353593,"data":"BIOHUB_RETENTION_GUARD {\"blended_candidates\": 224, \"dataset\": \"44b6_0b24845f\", \"frame\": 74, \"minimum_retention\": 0.9, \"primary_candidates\": 291, \"retention\": 0.7697594501718213, \"use_primary\": true}\n"}
,{"stream_name":"stdout","time":453.663799844,"data":"EDGE_TTA_ACTIVE views= 8 mean_abs_feat_delta= 0.341477\n"}
,{"stream_name":"stdout","time":453.86589231,"data":"EDGE_TTA_ACTIVE views= 8 mean_abs_feat_delta= 0.341477\n"}
,{"stream_name":"stdout","time":454.225642168,"data":"EDGE_TTA_ACTIVE views= 8 mean_abs_feat_delta= 0.358754\n"}
,{"stream_name":"stdout","time":454.428250408,"data":"EDGE_TTA_ACTIVE views= 8 mean_abs_feat_delta= 0.358754\n"}
,{"stream_name":"stdout","time":454.661400285,"data":"SECONDARY_EDGE_TTA_ACTIVE views= 8 weight= 0.75 mean_abs_feat_delta= 0.262727\n"}
,{"stream_name":"stdout","time":454.863856806,"data":"SECONDARY_EDGE_TTA_ACTIVE views= 8 weight= 0.75 mean_abs_feat_delta= 0.262727\n"}
,{"stream_name":"stdout","time":455.28194724,"data":"SECONDARY_EDGE_TTA_ACTIVE views= 8 weight= 0.75 mean_abs_feat_delta= 0.299735\n"}
,{"stream_name":"stdout","time":455.286026587,"data":"BIOHUB_RETENTION_GUARD {\"blended_candidates\": 325, \"dataset\": \"44b6_0b24845f\", \"frame\": 75, \"minimum_retention\": 0.9, \"primary_candidates\": 374, \"retention\": 0.8689839572192514, \"use_primary\": true}\n"}
,{"stream_name":"stdout","time":455.48433744,"data":"SECONDARY_EDGE_TTA_ACTIVE views= 8 weight= 0.75 mean_abs_feat_delta= 0.299735\n"}
,{"stream_name":"stdout","time":455.484415609,"data":"BIOHUB_RETENTION_GUARD {\"blended_candidates\": 325, \"dataset\": \"44b6_0b24845f\", \"frame\": 75, \"minimum_retention\": 0.9, \"primary_candidates\": 374, \"retention\": 0.8689839572192514, \"use_primary\": true}\n"}
,{"stream_name":"stdout","time":455.816119443,"data":"EDGE_TTA_ACTIVE views= 8 mean_abs_feat_delta= 0.34091\n"}
,{"stream_name":"stdout","time":456.045154659,"data":"EDGE_TTA_ACTIVE views= 8 mean_abs_feat_delta= 0.34091\n"}
,{"stream_name":"stdout","time":456.476557786,"data":"EDGE_TTA_ACTIVE views= 8 mean_abs_feat_delta= 0.358919\n"}
,{"stream_name":"stdout","time":456.67887847,"data":"EDGE_TTA_ACTIVE views= 8 mean_abs_feat_delta= 0.358919\n"}
,{"stream_name":"stdout","time":456.811162392,"data":"SECONDARY_EDGE_TTA_ACTIVE views= 8 weight= 0.75 mean_abs_feat_delta= 0.256411\n"}
,{"stream_name":"stdout","time":457.013512989,"data":"SECONDARY_EDGE_TTA_ACTIVE views= 8 weight= 0.75 mean_abs_feat_delta= 0.256411\n"}
,{"stream_name":"stdout","time":457.530678378,"data":"SECONDARY_EDGE_TTA_ACTIVE views= 8 weight= 0.75 mean_abs_feat_delta= 0.295727\n"}
,{"stream_name":"stdout","time":457.534888642,"data":"BIOHUB_RETENTION_GUARD {\"blended_candidates\": 321, \"dataset\": \"44b6_0b24845f\", \"frame\": 76, \"minimum_retention\": 0.9, \"primary_candidates\": 379, \"retention\": 0.8469656992084432, \"use_primary\": true}\n"}
,{"stream_name":"stdout","time":457.733145297,"data":"SECONDARY_EDGE_TTA_ACTIVE views= 8 weight= 0.75 mean_abs_feat_delta= 0.295727\n"}
,{"stream_name":"stdout","time":457.733179086,"data":"BIOHUB_RETENTION_GUARD {\"blended_candidates\": 321, \"dataset\": \"44b6_0b24845f\", \"frame\": 76, \"minimum_retention\": 0.9, \"primary_candidates\": 379, \"retention\": 0.8469656992084432, \"use_primary\": true}\n"}
,{"stream_name":"stdout","time":457.964571403,"data":"EDGE_TTA_ACTIVE views= 8 mean_abs_feat_delta= 0.337156\n"}
,{"stream_name":"stdout","time":458.166905496,"data":"EDGE_TTA_ACTIVE views= 8 mean_abs_feat_delta= 0.337156\n"}
,{"stream_name":"stdout","time":458.796439708,"data":"EDGE_TTA_ACTIVE views= 8 mean_abs_feat_delta= 0.361097\n"}
,{"stream_name":"stdout","time":458.966891413,"data":"SECONDARY_EDGE_TTA_ACTIVE views= 8 weight= 0.75 mean_abs_feat_delta= 0.260031\n"}
,{"stream_name":"stdout","time":459.000145397,"data":"EDGE_TTA_ACTIVE views= 8 mean_abs_feat_delta= 0.361097\n"}
,{"stream_name":"stdout","time":459.000168855,"data":"SECONDARY_EDGE_TTA_ACTIVE views= 8 weight= 0.75 mean_abs_feat_delta= 0.260031\n"}
,{"stream_name":"stdout","time":459.851020891,"data":"SECONDARY_EDGE_TTA_ACTIVE views= 8 weight= 0.75 mean_abs_feat_delta= 0.301815\n"}
,{"stream_name":"stdout","time":459.855492831,"data":"BIOHUB_RETENTION_GUARD {\"blended_candidates\": 243, \"dataset\": \"44b6_0b24845f\", \"frame\": 77, \"minimum_retention\": 0.9, \"primary_candidates\": 331, \"retention\": 0.7341389728096677, \"use_primary\": true}\n"}
,{"stream_name":"stdout","time":460.054715775,"data":"SECONDARY_EDGE_TTA_ACTIVE views= 8 weight= 0.75 mean_abs_feat_delta= 0.301815\n"}
,{"stream_name":"stdout","time":460.054755579,"data":"BIOHUB_RETENTION_GUARD {\"blended_candidates\": 243, \"dataset\": \"44b6_0b24845f\", \"frame\": 77, \"minimum_retention\": 0.9, \"primary_candidates\": 331, \"retention\": 0.7341389728096677, \"use_primary\": true}\n"}
,{"stream_name":"stdout","time":460.189218015,"data":"EDGE_TTA_ACTIVE views= 8 mean_abs_feat_delta= 0.339841\n"}
,{"stream_name":"stdout","time":460.391395548,"data":"EDGE_TTA_ACTIVE views= 8 mean_abs_feat_delta= 0.339841\n"}
,{"stream_name":"stdout","time":461.057497055,"data":"EDGE_TTA_ACTIVE views= 8 mean_abs_feat_delta= 0.36529\n"}
,{"stream_name":"stdout","time":461.192538843,"data":"SECONDARY_EDGE_TTA_ACTIVE views= 8 weight= 0.75 mean_abs_feat_delta= 0.262153\n"}
,{"stream_name":"stdout","time":461.259958734,"data":"EDGE_TTA_ACTIVE views= 8 mean_abs_feat_delta= 0.36529\n"}
,{"stream_name":"stdout","time":461.259980211,"data":"SECONDARY_EDGE_TTA_ACTIVE views= 8 weight= 0.75 mean_abs_feat_delta= 0.262153\n"}
,{"stream_name":"stdout","time":462.118123828,"data":"SECONDARY_EDGE_TTA_ACTIVE views= 8 weight= 0.75 mean_abs_feat_delta= 0.305391\n"}
,{"stream_name":"stdout","time":462.122415684,"data":"BIOHUB_RETENTION_GUARD {\"blended_candidates\": 284, \"dataset\": \"44b6_0b24845f\", \"frame\": 78, \"minimum_retention\": 0.9, \"primary_candidates\": 392, \"retention\": 0.7244897959183674, \"use_primary\": true}\n"}
,{"stream_name":"stdout","time":462.320140189,"data":"SECONDARY_EDGE_TTA_ACTIVE views= 8 weight= 0.75 mean_abs_feat_delta= 0.305391\n"}
,{"stream_name":"stdout","time":462.320191691,"data":"BIOHUB_RETENTION_GUARD {\"blended_candidates\": 284, \"dataset\": \"44b6_0b24845f\", \"frame\": 78, \"minimum_retention\": 0.9, \"primary_candidates\": 392, \"retention\": 0.7244897959183674, \"use_primary\": true}\n"}
,{"stream_name":"stdout","time":462.380527896,"data":"EDGE_TTA_ACTIVE views= 8 mean_abs_feat_delta= 0.34054\n"}
,{"stream_name":"stdout","time":462.582913998,"data":"EDGE_TTA_ACTIVE views= 8 mean_abs_feat_delta= 0.34054\n"}
,{"stream_name":"stdout","time":463.381682876,"data":"EDGE_TTA_ACTIVE views= 8 mean_abs_feat_delta= 0.365892\n"}
,{"stream_name":"stdout","time":463.382769117,"data":"SECONDARY_EDGE_TTA_ACTIVE views= 8 weight= 0.75 mean_abs_feat_delta= 0.258925\n"}
,{"stream_name":"stdout","time":463.584193634,"data":"EDGE_TTA_ACTIVE views= 8 mean_abs_feat_delta= 0.365892\n"}
,{"stream_name":"stdout","time":463.584235497,"data":"SECONDARY_EDGE_TTA_ACTIVE views= 8 weight= 0.75 mean_abs_feat_delta= 0.258925\n"}
,{"stream_name":"stdout","time":464.441851567,"data":"SECONDARY_EDGE_TTA_ACTIVE views= 8 weight= 0.75 mean_abs_feat_delta= 0.302826\n"}
,{"stream_name":"stdout","time":464.445859369,"data":"BIOHUB_RETENTION_GUARD {\"blended_candidates\": 298, \"dataset\": \"44b6_0b24845f\", \"frame\": 79, \"minimum_retention\": 0.9, \"primary_candidates\": 424, \"retention\": 0.7028301886792453, \"use_primary\": true}\n"}
,{"stream_name":"stdout","time":464.505903479,"data":"EDGE_TTA_ACTIVE views= 8 mean_abs_feat_delta= 0.345761\n"}
,{"stream_name":"stdout","time":464.644308453,"data":"SECONDARY_EDGE_TTA_ACTIVE views= 8 weight= 0.75 mean_abs_feat_delta= 0.302826\n"}
,{"stream_name":"stdout","time":464.644342711,"data":"BIOHUB_RETENTION_GUARD {\"blended_candidates\": 298, \"dataset\": \"44b6_0b24845f\", \"frame\": 79, \"minimum_retention\": 0.9, \"primary_candidates\": 424, \"retention\": 0.7028301886792453, \"use_primary\": true}\n"}
,{"stream_name":"stdout","time":464.644348054,"data":"EDGE_TTA_ACTIVE views= 8 mean_abs_feat_delta= 0.345761\n"}
,{"stream_name":"stdout","time":465.51079447,"data":"SECONDARY_EDGE_TTA_ACTIVE views= 8 weight= 0.75 mean_abs_feat_delta= 0.260799\n"}
,{"stream_name":"stdout","time":465.713326625,"data":"SECONDARY_EDGE_TTA_ACTIVE views= 8 weight= 0.75 mean_abs_feat_delta= 0.260799\n"}
,{"stream_name":"stdout","time":465.726328799,"data":"EDGE_TTA_ACTIVE views= 8 mean_abs_feat_delta= 0.365633\n"}
,{"stream_name":"stdout","time":465.928529147,"data":"EDGE_TTA_ACTIVE views= 8 mean_abs_feat_delta= 0.365633\n"}
,{"stream_name":"stdout","time":466.660089773,"data":"EDGE_TTA_ACTIVE views= 8 mean_abs_feat_delta= 0.34535\n"}
,{"stream_name":"stdout","time":466.786033456,"data":"SECONDARY_EDGE_TTA_ACTIVE views= 8 weight= 0.75 mean_abs_feat_delta= 0.303473\n"}
,{"stream_name":"stdout","time":466.790300951,"data":"BIOHUB_RETENTION_GUARD {\"blended_candidates\": 291, \"dataset\": \"44b6_0b24845f\", \"frame\": 80, \"minimum_retention\": 0.9, \"primary_candidates\": 388, \"retention\": 0.75, \"use_primary\": true}\n"}
,{"stream_name":"stdout","time":466.862653588,"data":"EDGE_TTA_ACTIVE views= 8 mean_abs_feat_delta= 0.34535\n"}
,{"stream_name":"stdout","time":466.86267499,"data":"SECONDARY_EDGE_TTA_ACTIVE views= 8 weight= 0.75 mean_abs_feat_delta= 0.303473\n"}
,{"stream_name":"stdout","time":466.862679882,"data":"BIOHUB_RETENTION_GUARD {\"blended_candidates\": 291, \"dataset\": \"44b6_0b24845f\", \"frame\": 80, \"minimum_retention\": 0.9, \"primary_candidates\": 388, \"retention\": 0.75, \"use_primary\": true}\n"}
,{"stream_name":"stdout","time":467.666055386,"data":"SECONDARY_EDGE_TTA_ACTIVE views= 8 weight= 0.75 mean_abs_feat_delta= 0.261693\n"}
,{"stream_name":"stdout","time":467.868639628,"data":"SECONDARY_EDGE_TTA_ACTIVE views= 8 weight= 0.75 mean_abs_feat_delta= 0.261693\n"}
,{"stream_name":"stdout","time":468.008784656,"data":"EDGE_TTA_ACTIVE views= 8 mean_abs_feat_delta= 0.369442\n"}
,{"stream_name":"stdout","time":468.210988367,"data":"EDGE_TTA_ACTIVE views= 8 mean_abs_feat_delta= 0.369442\n"}
,{"stream_name":"stdout","time":468.78908812,"data":"EDGE_TTA_ACTIVE views= 8 mean_abs_feat_delta= 0.345018\n"}
,{"stream_name":"stdout","time":468.991584336,"data":"EDGE_TTA_ACTIVE views= 8 mean_abs_feat_delta= 0.345018\n"}
,{"stream_name":"stdout","time":469.066729033,"data":"SECONDARY_EDGE_TTA_ACTIVE views= 8 weight= 0.75 mean_abs_feat_delta= 0.308215\n"}
,{"stream_name":"stdout","time":469.070855558,"data":"BIOHUB_RETENTION_GUARD {\"blended_candidates\": 294, \"dataset\": \"44b6_0b24845f\", \"frame\": 81, \"minimum_retention\": 0.9, \"primary_candidates\": 382, \"retention\": 0.7696335078534031, \"use_primary\": true}\n"}
,{"stream_name":"stdout","time":469.26916719,"data":"SECONDARY_EDGE_TTA_ACTIVE views= 8 weight= 0.75 mean_abs_feat_delta= 0.308215\n"}
,{"stream_name":"stdout","time":469.269210397,"data":"BIOHUB_RETENTION_GUARD {\"blended_candidates\": 294, \"dataset\": \"44b6_0b24845f\", \"frame\": 81, \"minimum_retention\": 0.9, \"primary_candidates\": 382, \"retention\": 0.7696335078534031, \"use_primary\": true}\n"}
,{"stream_name":"stdout","time":469.793256183,"data":"SECONDARY_EDGE_TTA_ACTIVE views= 8 weight= 0.75 mean_abs_feat_delta= 0.264586\n"}
,{"stream_name":"stdout","time":469.995955647,"data":"SECONDARY_EDGE_TTA_ACTIVE views= 8 weight= 0.75 mean_abs_feat_delta= 0.264586\n"}
,{"stream_name":"stdout","time":470.333117609,"data":"EDGE_TTA_ACTIVE views= 8 mean_abs_feat_delta= 0.373979\n"}
,{"stream_name":"stdout","time":470.535345887,"data":"EDGE_TTA_ACTIVE views= 8 mean_abs_feat_delta= 0.373979\n"}
,{"stream_name":"stdout","time":470.956469332,"data":"EDGE_TTA_ACTIVE views= 8 mean_abs_feat_delta= 0.339492\n"}
,{"stream_name":"stdout","time":471.159105131,"data":"EDGE_TTA_ACTIVE views= 8 mean_abs_feat_delta= 0.339492\n"}
,{"stream_name":"stdout","time":471.393417064,"data":"SECONDARY_EDGE_TTA_ACTIVE views= 8 weight= 0.75 mean_abs_feat_delta= 0.312577\n"}
,{"stream_name":"stdout","time":471.397571671,"data":"BIOHUB_RETENTION_GUARD {\"blended_candidates\": 277, \"dataset\": \"44b6_0b24845f\", \"frame\": 82, \"minimum_retention\": 0.9, \"primary_candidates\": 385, \"retention\": 0.7194805194805195, \"use_primary\": true}\n"}
,{"stream_name":"stdout","time":471.595923014,"data":"SECONDARY_EDGE_TTA_ACTIVE views= 8 weight= 0.75 mean_abs_feat_delta= 0.312577\n"}
,{"stream_name":"stdout","time":471.595991421,"data":"BIOHUB_RETENTION_GUARD {\"blended_candidates\": 277, \"dataset\": \"44b6_0b24845f\", \"frame\": 82, \"minimum_retention\": 0.9, \"primary_candidates\": 385, \"retention\": 0.7194805194805195, \"use_primary\": true}\n"}
,{"stream_name":"stdout","time":471.961626227,"data":"SECONDARY_EDGE_TTA_ACTIVE views= 8 weight= 0.75 mean_abs_feat_delta= 0.262994\n"}
,{"stream_name":"stdout","time":472.164289929,"data":"SECONDARY_EDGE_TTA_ACTIVE views= 8 weight= 0.75 mean_abs_feat_delta= 0.262994\n"}
,{"stream_name":"stdout","time":472.65966198,"data":"EDGE_TTA_ACTIVE views= 8 mean_abs_feat_delta= 0.365009\n"}
,{"stream_name":"stdout","time":472.862106353,"data":"EDGE_TTA_ACTIVE views= 8 mean_abs_feat_delta= 0.365009\n"}
,{"stream_name":"stdout","time":473.059111214,"data":"EDGE_TTA_ACTIVE views= 8 mean_abs_feat_delta= 0.333718\n"}
,{"stream_name":"stdout","time":473.261435636,"data":"EDGE_TTA_ACTIVE views= 8 mean_abs_feat_delta= 0.333718\n"}
,{"stream_name":"stdout","time":473.715170356,"data":"SECONDARY_EDGE_TTA_ACTIVE views= 8 weight= 0.75 mean_abs_feat_delta= 0.311063\n"}
,{"stream_name":"stdout","time":473.719451067,"data":"BIOHUB_RETENTION_GUARD {\"blended_candidates\": 268, \"dataset\": \"44b6_0b24845f\", \"frame\": 83, \"minimum_retention\": 0.9, \"primary_candidates\": 379, \"retention\": 0.7071240105540897, \"use_primary\": true}\n"}
,{"stream_name":"stdout","time":473.917645615,"data":"SECONDARY_EDGE_TTA_ACTIVE views= 8 weight= 0.75 mean_abs_feat_delta= 0.311063\n"}
,{"stream_name":"stdout","time":473.917680811,"data":"BIOHUB_RETENTION_GUARD {\"blended_candidates\": 268, \"dataset\": \"44b6_0b24845f\", \"frame\": 83, \"minimum_retention\": 0.9, \"primary_candidates\": 379, \"retention\": 0.7071240105540897, \"use_primary\": true}\n"}
,{"stream_name":"stdout","time":474.063619733,"data":"SECONDARY_EDGE_TTA_ACTIVE views= 8 weight= 0.75 mean_abs_feat_delta= 0.257147\n"}
,{"stream_name":"stdout","time":474.265854079,"data":"SECONDARY_EDGE_TTA_ACTIVE views= 8 weight= 0.75 mean_abs_feat_delta= 0.257147\n"}
,{"stream_name":"stdout","time":474.929294588,"data":"EDGE_TTA_ACTIVE views= 8 mean_abs_feat_delta= 0.36654\n"}
,{"stream_name":"stdout","time":475.131623488,"data":"EDGE_TTA_ACTIVE views= 8 mean_abs_feat_delta= 0.36654\n"}
,{"stream_name":"stdout","time":475.189376664,"data":"EDGE_TTA_ACTIVE views= 8 mean_abs_feat_delta= 0.334199\n"}
,{"stream_name":"stdout","time":475.391480194,"data":"EDGE_TTA_ACTIVE views= 8 mean_abs_feat_delta= 0.334199\n"}
,{"stream_name":"stdout","time":475.987122098,"data":"SECONDARY_EDGE_TTA_ACTIVE views= 8 weight= 0.75 mean_abs_feat_delta= 0.311139\n"}
,{"stream_name":"stdout","time":475.991735308,"data":"BIOHUB_RETENTION_GUARD {\"blended_candidates\": 287, \"dataset\": \"44b6_0b24845f\", \"frame\": 84, \"minimum_retention\": 0.9, \"primary_candidates\": 361, \"retention\": 0.7950138504155124, \"use_primary\": true}\n"}
,{"stream_name":"stdout","time":476.189901596,"data":"SECONDARY_EDGE_TTA_ACTIVE views= 8 weight= 0.75 mean_abs_feat_delta= 0.311139\n"}
,{"stream_name":"stdout","time":476.18995849,"data":"BIOHUB_RETENTION_GUARD {\"blended_candidates\": 287, \"dataset\": \"44b6_0b24845f\", \"frame\": 84, \"minimum_retention\": 0.9, \"primary_candidates\": 361, \"retention\": 0.7950138504155124, \"use_primary\": true}\n"}
,{"stream_name":"stdout","time":476.192210333,"data":"SECONDARY_EDGE_TTA_ACTIVE views= 8 weight= 0.75 mean_abs_feat_delta= 0.259374\n"}
,{"stream_name":"stdout","time":476.394802685,"data":"SECONDARY_EDGE_TTA_ACTIVE views= 8 weight= 0.75 mean_abs_feat_delta= 0.259374\n"}
,{"stream_name":"stdout","time":477.199100046,"data":"EDGE_TTA_ACTIVE views= 8 mean_abs_feat_delta= 0.364996\n"}
,{"stream_name":"stdout","time":477.325198385,"data":"EDGE_TTA_ACTIVE views= 8 mean_abs_feat_delta= 0.338008\n"}
,{"stream_name":"stdout","time":477.400981118,"data":"EDGE_TTA_ACTIVE views= 8 mean_abs_feat_delta= 0.364996\n"}
,{"stream_name":"stdout","time":477.401000527,"data":"EDGE_TTA_ACTIVE views= 8 mean_abs_feat_delta= 0.338008\n"}
,{"stream_name":"stdout","time":478.257299008,"data":"SECONDARY_EDGE_TTA_ACTIVE views= 8 weight= 0.75 mean_abs_feat_delta= 0.312248\n"}
,{"stream_name":"stdout","time":478.261419013,"data":"BIOHUB_RETENTION_GUARD {\"blended_candidates\": 198, \"dataset\": \"44b6_0b24845f\", \"frame\": 85, \"minimum_retention\": 0.9, \"primary_candidates\": 294, \"retention\": 0.673469387755102, \"use_primary\": true}\n"}
,{"stream_name":"stdout","time":478.331359613,"data":"SECONDARY_EDGE_TTA_ACTIVE views= 8 weight= 0.75 mean_abs_feat_delta= 0.257413\n"}
,{"stream_name":"stdout","time":478.459551304,"data":"SECONDARY_EDGE_TTA_ACTIVE views= 8 weight= 0.75 mean_abs_feat_delta= 0.312248\n"}
,{"stream_name":"stdout","time":478.45959422,"data":"BIOHUB_RETENTION_GUARD {\"blended_candidates\": 198, \"dataset\": \"44b6_0b24845f\", \"frame\": 85, \"minimum_retention\": 0.9, \"primary_candidates\": 294, \"retention\": 0.673469387755102, \"use_primary\": true}\n"}
,{"stream_name":"stdout","time":478.459600161,"data":"SECONDARY_EDGE_TTA_ACTIVE views= 8 weight= 0.75 mean_abs_feat_delta= 0.257413\n"}
,{"stream_name":"stdout","time":479.512320903,"data":"EDGE_TTA_ACTIVE views= 8 mean_abs_feat_delta= 0.364819\n"}
,{"stream_name":"stdout","time":479.531234486,"data":"EDGE_TTA_ACTIVE views= 8 mean_abs_feat_delta= 0.338144\n"}
,{"stream_name":"stdout","time":479.714931151,"data":"EDGE_TTA_ACTIVE views= 8 mean_abs_feat_delta= 0.364819\n"}
,{"stream_name":"stdout","time":479.714956782,"data":"EDGE_TTA_ACTIVE views= 8 mean_abs_feat_delta= 0.338144\n"}
,{"stream_name":"stdout","time":480.539809326,"data":"SECONDARY_EDGE_TTA_ACTIVE views= 8 weight= 0.75 mean_abs_feat_delta= 0.257555\n"}
,{"stream_name":"stdout","time":480.569559675,"data":"SECONDARY_EDGE_TTA_ACTIVE views= 8 weight= 0.75 mean_abs_feat_delta= 0.317294\n"}
,{"stream_name":"stdout","time":480.57389428,"data":"BIOHUB_RETENTION_GUARD {\"blended_candidates\": 169, \"dataset\": \"44b6_0b24845f\", \"frame\": 86, \"minimum_retention\": 0.9, \"primary_candidates\": 282, \"retention\": 0.599290780141844, \"use_primary\": true}\n"}
,{"stream_name":"stdout","time":480.742593875,"data":"SECONDARY_EDGE_TTA_ACTIVE views= 8 weight= 0.75 mean_abs_feat_delta= 0.257555\n"}
,{"stream_name":"stdout","time":480.742635501,"data":"SECONDARY_EDGE_TTA_ACTIVE views= 8 weight= 0.75 mean_abs_feat_delta= 0.317294\n"}
,{"stream_name":"stdout","time":480.742641727,"data":"BIOHUB_RETENTION_GUARD {\"blended_candidates\": 169, \"dataset\": \"44b6_0b24845f\", \"frame\": 86, \"minimum_retention\": 0.9, \"primary_candidates\": 282, \"retention\": 0.599290780141844, \"use_primary\": true}\n"}
,{"stream_name":"stdout","time":481.735147326,"data":"EDGE_TTA_ACTIVE views= 8 mean_abs_feat_delta= 0.336404\n"}
,{"stream_name":"stdout","time":481.763745369,"data":"EDGE_TTA_ACTIVE views= 8 mean_abs_feat_delta= 0.360555\n"}
,{"stream_name":"stdout","time":481.937684451,"data":"EDGE_TTA_ACTIVE views= 8 mean_abs_feat_delta= 0.336404\n"}
,{"stream_name":"stdout","time":481.937706604,"data":"EDGE_TTA_ACTIVE views= 8 mean_abs_feat_delta= 0.360555\n"}
,{"stream_name":"stdout","time":482.734388587,"data":"SECONDARY_EDGE_TTA_ACTIVE views= 8 weight= 0.75 mean_abs_feat_delta= 0.253368\n"}
,{"stream_name":"stdout","time":482.823728791,"data":"SECONDARY_EDGE_TTA_ACTIVE views= 8 weight= 0.75 mean_abs_feat_delta= 0.318325\n"}
,{"stream_name":"stdout","time":482.82793514,"data":"BIOHUB_RETENTION_GUARD {\"blended_candidates\": 232, \"dataset\": \"44b6_0b24845f\", \"frame\": 87, \"minimum_retention\": 0.9, \"primary_candidates\": 323, \"retention\": 0.718266253869969, \"use_primary\": true}\n"}
,{"stream_name":"stdout","time":482.936398259,"data":"SECONDARY_EDGE_TTA_ACTIVE views= 8 weight= 0.75 mean_abs_feat_delta= 0.253368\n"}
,{"stream_name":"stdout","time":482.936428596,"data":"SECONDARY_EDGE_TTA_ACTIVE views= 8 weight= 0.75 mean_abs_feat_delta= 0.318325\n"}
,{"stream_name":"stdout","time":482.936432957,"data":"BIOHUB_RETENTION_GUARD {\"blended_candidates\": 232, \"dataset\": \"44b6_0b24845f\", \"frame\": 87, \"minimum_retention\": 0.9, \"primary_candidates\": 323, \"retention\": 0.718266253869969, \"use_primary\": true}\n"}
,{"stream_name":"stdout","time":483.830055037,"data":"EDGE_TTA_ACTIVE views= 8 mean_abs_feat_delta= 0.336923\n"}
,{"stream_name":"stdout","time":484.032616353,"data":"EDGE_TTA_ACTIVE views= 8 mean_abs_feat_delta= 0.336923\n"}
,{"stream_name":"stdout","time":484.045564469,"data":"EDGE_TTA_ACTIVE views= 8 mean_abs_feat_delta= 0.367991\n"}
,{"stream_name":"stdout","time":484.247906831,"data":"EDGE_TTA_ACTIVE views= 8 mean_abs_feat_delta= 0.367991\n"}
,{"stream_name":"stdout","time":484.837733339,"data":"SECONDARY_EDGE_TTA_ACTIVE views= 8 weight= 0.75 mean_abs_feat_delta= 0.253968\n"}
,{"stream_name":"stdout","time":485.040080144,"data":"SECONDARY_EDGE_TTA_ACTIVE views= 8 weight= 0.75 mean_abs_feat_delta= 0.253968\n"}
,{"stream_name":"stdout","time":485.102450934,"data":"SECONDARY_EDGE_TTA_ACTIVE views= 8 weight= 0.75 mean_abs_feat_delta= 0.319785\n"}
,{"stream_name":"stdout","time":485.106606263,"data":"BIOHUB_RETENTION_GUARD {\"blended_candidates\": 287, \"dataset\": \"44b6_0b24845f\", \"frame\": 88, \"minimum_retention\": 0.9, \"primary_candidates\": 363, \"retention\": 0.790633608815427, \"use_primary\": true}\n"}
,{"stream_name":"stdout","time":485.304768684,"data":"SECONDARY_EDGE_TTA_ACTIVE views= 8 weight= 0.75 mean_abs_feat_delta= 0.319785\n"}
,{"stream_name":"stdout","time":485.304813373,"data":"BIOHUB_RETENTION_GUARD {\"blended_candidates\": 287, \"dataset\": \"44b6_0b24845f\", \"frame\": 88, \"minimum_retention\": 0.9, \"primary_candidates\": 363, \"retention\": 0.790633608815427, \"use_primary\": true}\n"}
,{"stream_name":"stdout","time":485.935838856,"data":"EDGE_TTA_ACTIVE views= 8 mean_abs_feat_delta= 0.340204\n"}
,{"stream_name":"stdout","time":486.166899032,"data":"EDGE_TTA_ACTIVE views= 8 mean_abs_feat_delta= 0.340204\n"}
,{"stream_name":"stdout","time":486.33490152,"data":"EDGE_TTA_ACTIVE views= 8 mean_abs_feat_delta= 0.374613\n"}
,{"stream_name":"stdout","time":486.536951961,"data":"EDGE_TTA_ACTIVE views= 8 mean_abs_feat_delta= 0.374613\n"}
,{"stream_name":"stdout","time":486.939693908,"data":"SECONDARY_EDGE_TTA_ACTIVE views= 8 weight= 0.75 mean_abs_feat_delta= 0.25869\n"}
,{"stream_name":"stdout","time":487.141988941,"data":"SECONDARY_EDGE_TTA_ACTIVE views= 8 weight= 0.75 mean_abs_feat_delta= 0.25869\n"}
,{"stream_name":"stdout","time":487.391766391,"data":"SECONDARY_EDGE_TTA_ACTIVE views= 8 weight= 0.75 mean_abs_feat_delta= 0.325312\n"}
,{"stream_name":"stdout","time":487.395899432,"data":"BIOHUB_RETENTION_GUARD {\"blended_candidates\": 219, \"dataset\": \"44b6_0b24845f\", \"frame\": 89, \"minimum_retention\": 0.9, \"primary_candidates\": 322, \"retention\": 0.6801242236024845, \"use_primary\": true}\n"}
,{"stream_name":"stdout","time":487.594284637,"data":"SECONDARY_EDGE_TTA_ACTIVE views= 8 weight= 0.75 mean_abs_feat_delta= 0.325312\n"}
,{"stream_name":"stdout","time":487.594334438,"data":"BIOHUB_RETENTION_GUARD {\"blended_candidates\": 219, \"dataset\": \"44b6_0b24845f\", \"frame\": 89, \"minimum_retention\": 0.9, \"primary_candidates\": 322, \"retention\": 0.6801242236024845, \"use_primary\": true}\n"}
,{"stream_name":"stdout","time":488.040274331,"data":"EDGE_TTA_ACTIVE views= 8 mean_abs_feat_delta= 0.343273\n"}
,{"stream_name":"stdout","time":488.242464736,"data":"EDGE_TTA_ACTIVE views= 8 mean_abs_feat_delta= 0.343273\n"}
,{"stream_name":"stdout","time":488.596500425,"data":"EDGE_TTA_ACTIVE views= 8 mean_abs_feat_delta= 0.362102\n"}
,{"stream_name":"stdout","time":488.798871453,"data":"EDGE_TTA_ACTIVE views= 8 mean_abs_feat_delta= 0.362102\n"}
,{"stream_name":"stdout","time":489.045640644,"data":"SECONDARY_EDGE_TTA_ACTIVE views= 8 weight= 0.75 mean_abs_feat_delta= 0.249107\n"}
,{"stream_name":"stdout","time":489.24813,"data":"SECONDARY_EDGE_TTA_ACTIVE views= 8 weight= 0.75 mean_abs_feat_delta= 0.249107\n"}
,{"stream_name":"stdout","time":489.649654235,"data":"SECONDARY_EDGE_TTA_ACTIVE views= 8 weight= 0.75 mean_abs_feat_delta= 0.321967\n"}
,{"stream_name":"stdout","time":489.653884469,"data":"BIOHUB_RETENTION_GUARD {\"blended_candidates\": 175, \"dataset\": \"44b6_0b24845f\", \"frame\": 90, \"minimum_retention\": 0.9, \"primary_candidates\": 269, \"retention\": 0.6505576208178439, \"use_primary\": true}\n"}
,{"stream_name":"stdout","time":489.852465256,"data":"SECONDARY_EDGE_TTA_ACTIVE views= 8 weight= 0.75 mean_abs_feat_delta= 0.321967\n"}
,{"stream_name":"stdout","time":489.852499539,"data":"BIOHUB_RETENTION_GUARD {\"blended_candidates\": 175, \"dataset\": \"44b6_0b24845f\", \"frame\": 90, \"minimum_retention\": 0.9, \"primary_candidates\": 269, \"retention\": 0.6505576208178439, \"use_primary\": true}\n"}
,{"stream_name":"stdout","time":490.146704424,"data":"EDGE_TTA_ACTIVE views= 8 mean_abs_feat_delta= 0.340039\n"}
,{"stream_name":"stdout","time":490.349167684,"data":"EDGE_TTA_ACTIVE views= 8 mean_abs_feat_delta= 0.340039\n"}
,{"stream_name":"stdout","time":490.865607318,"data":"EDGE_TTA_ACTIVE views= 8 mean_abs_feat_delta= 0.362535\n"}
,{"stream_name":"stdout","time":491.068269066,"data":"EDGE_TTA_ACTIVE views= 8 mean_abs_feat_delta= 0.362535\n"}
,{"stream_name":"stdout","time":491.14634278,"data":"SECONDARY_EDGE_TTA_ACTIVE views= 8 weight= 0.75 mean_abs_feat_delta= 0.250998\n"}
,{"stream_name":"stdout","time":491.348533317,"data":"SECONDARY_EDGE_TTA_ACTIVE views= 8 weight= 0.75 mean_abs_feat_delta= 0.250998\n"}
,{"stream_name":"stdout","time":491.919527221,"data":"SECONDARY_EDGE_TTA_ACTIVE views= 8 weight= 0.75 mean_abs_feat_delta= 0.320952\n"}
,{"stream_name":"stdout","time":491.923767464,"data":"BIOHUB_RETENTION_GUARD {\"blended_candidates\": 136, \"dataset\": \"44b6_0b24845f\", \"frame\": 91, \"minimum_retention\": 0.9, \"primary_candidates\": 237, \"retention\": 0.5738396624472574, \"use_primary\": true}\n"}
,{"stream_name":"stdout","time":492.121916953,"data":"SECONDARY_EDGE_TTA_ACTIVE views= 8 weight= 0.75 mean_abs_feat_delta= 0.320952\n"}
,{"stream_name":"stdout","time":492.121960214,"data":"BIOHUB_RETENTION_GUARD {\"blended_candidates\": 136, \"dataset\": \"44b6_0b24845f\", \"frame\": 91, \"minimum_retention\": 0.9, \"primary_candidates\": 237, \"retention\": 0.5738396624472574, \"use_primary\": true}\n"}
,{"stream_name":"stdout","time":492.301959143,"data":"EDGE_TTA_ACTIVE views= 8 mean_abs_feat_delta= 0.338922\n"}
,{"stream_name":"stdout","time":492.504175769,"data":"EDGE_TTA_ACTIVE views= 8 mean_abs_feat_delta= 0.338922\n"}
,{"stream_name":"stdout","time":493.078803823,"data":"EDGE_TTA_ACTIVE views= 8 mean_abs_feat_delta= 0.36442\n"}
,{"stream_name":"stdout","time":493.280889302,"data":"EDGE_TTA_ACTIVE views= 8 mean_abs_feat_delta= 0.36442\n"}
,{"stream_name":"stdout","time":493.30798077,"data":"SECONDARY_EDGE_TTA_ACTIVE views= 8 weight= 0.75 mean_abs_feat_delta= 0.249091\n"}
,{"stream_name":"stdout","time":493.510161148,"data":"SECONDARY_EDGE_TTA_ACTIVE views= 8 weight= 0.75 mean_abs_feat_delta= 0.249091\n"}
,{"stream_name":"stdout","time":494.130136404,"data":"SECONDARY_EDGE_TTA_ACTIVE views= 8 weight= 0.75 mean_abs_feat_delta= 0.322162\n"}
,{"stream_name":"stdout","time":494.134088876,"data":"BIOHUB_RETENTION_GUARD {\"blended_candidates\": 151, \"dataset\": \"44b6_0b24845f\", \"frame\": 92, \"minimum_retention\": 0.9, \"primary_candidates\": 286, \"retention\": 0.527972027972028, \"use_primary\": true}\n"}
,{"stream_name":"stdout","time":494.332276787,"data":"SECONDARY_EDGE_TTA_ACTIVE views= 8 weight= 0.75 mean_abs_feat_delta= 0.322162\n"}
,{"stream_name":"stdout","time":494.332316364,"data":"BIOHUB_RETENTION_GUARD {\"blended_candidates\": 151, \"dataset\": \"44b6_0b24845f\", \"frame\": 92, \"minimum_retention\": 0.9, \"primary_candidates\": 286, \"retention\": 0.527972027972028, \"use_primary\": true}\n"}
,{"stream_name":"stdout","time":494.43367252,"data":"EDGE_TTA_ACTIVE views= 8 mean_abs_feat_delta= 0.342488\n"}
,{"stream_name":"stdout","time":494.63600318,"data":"EDGE_TTA_ACTIVE views= 8 mean_abs_feat_delta= 0.342488\n"}
,{"stream_name":"stdout","time":495.32632071,"data":"EDGE_TTA_ACTIVE views= 8 mean_abs_feat_delta= 0.357811\n"}
,{"stream_name":"stdout","time":495.434325515,"data":"SECONDARY_EDGE_TTA_ACTIVE views= 8 weight= 0.75 mean_abs_feat_delta= 0.25058\n"}
,{"stream_name":"stdout","time":495.528470636,"data":"EDGE_TTA_ACTIVE views= 8 mean_abs_feat_delta= 0.357811\n"}
,{"stream_name":"stdout","time":495.528506006,"data":"SECONDARY_EDGE_TTA_ACTIVE views= 8 weight= 0.75 mean_abs_feat_delta= 0.25058\n"}
,{"stream_name":"stdout","time":496.380143801,"data":"SECONDARY_EDGE_TTA_ACTIVE views= 8 weight= 0.75 mean_abs_feat_delta= 0.314236\n"}
,{"stream_name":"stdout","time":496.384301979,"data":"BIOHUB_RETENTION_GUARD {\"blended_candidates\": 133, \"dataset\": \"44b6_0b24845f\", \"frame\": 93, \"minimum_retention\": 0.9, \"primary_candidates\": 253, \"retention\": 0.525691699604743, \"use_primary\": true}\n"}
,{"stream_name":"stdout","time":496.564209092,"data":"EDGE_TTA_ACTIVE views= 8 mean_abs_feat_delta= 0.341683\n"}
,{"stream_name":"stdout","time":496.582523771,"data":"SECONDARY_EDGE_TTA_ACTIVE views= 8 weight= 0.75 mean_abs_feat_delta= 0.314236\n"}
,{"stream_name":"stdout","time":496.582546534,"data":"BIOHUB_RETENTION_GUARD {\"blended_candidates\": 133, \"dataset\": \"44b6_0b24845f\", \"frame\": 93, \"minimum_retention\": 0.9, \"primary_candidates\": 253, \"retention\": 0.525691699604743, \"use_primary\": true}\n"}
,{"stream_name":"stdout","time":496.582553267,"data":"EDGE_TTA_ACTIVE views= 8 mean_abs_feat_delta= 0.341683\n"}
,{"stream_name":"stdout","time":497.562656103,"data":"SECONDARY_EDGE_TTA_ACTIVE views= 8 weight= 0.75 mean_abs_feat_delta= 0.25428\n"}
,{"stream_name":"stdout","time":497.563543965,"data":"EDGE_TTA_ACTIVE views= 8 mean_abs_feat_delta= 0.3551\n"}
,{"stream_name":"stdout","time":497.765371911,"data":"SECONDARY_EDGE_TTA_ACTIVE views= 8 weight= 0.75 mean_abs_feat_delta= 0.25428\n"}
,{"stream_name":"stdout","time":497.765432159,"data":"EDGE_TTA_ACTIVE views= 8 mean_abs_feat_delta= 0.3551\n"}
,{"stream_name":"stdout","time":498.617816006,"data":"SECONDARY_EDGE_TTA_ACTIVE views= 8 weight= 0.75 mean_abs_feat_delta= 0.314665\n"}
,{"stream_name":"stdout","time":498.622866999,"data":"BIOHUB_RETENTION_GUARD {\"blended_candidates\": 168, \"dataset\": \"44b6_0b24845f\", \"frame\": 94, \"minimum_retention\": 0.9, \"primary_candidates\": 290, \"retention\": 0.5793103448275863, \"use_primary\": true}\n"}
,{"stream_name":"stdout","time":498.820434459,"data":"SECONDARY_EDGE_TTA_ACTIVE views= 8 weight= 0.75 mean_abs_feat_delta= 0.314665\n"}
,{"stream_name":"stdout","time":498.820499325,"data":"BIOHUB_RETENTION_GUARD {\"blended_candidates\": 168, \"dataset\": \"44b6_0b24845f\", \"frame\": 94, \"minimum_retention\": 0.9, \"primary_candidates\": 290, \"retention\": 0.5793103448275863, \"use_primary\": true}\n"}
,{"stream_name":"stdout","time":499.869221513,"data":"EDGE_TTA_ACTIVE views= 8 mean_abs_feat_delta= 0.362482\n"}
,{"stream_name":"stdout","time":500.071751256,"data":"EDGE_TTA_ACTIVE views= 8 mean_abs_feat_delta= 0.362482\n"}
,{"stream_name":"stdout","time":500.920882193,"data":"SECONDARY_EDGE_TTA_ACTIVE views= 8 weight= 0.75 mean_abs_feat_delta= 0.321701\n"}
,{"stream_name":"stdout","time":500.926065703,"data":"BIOHUB_RETENTION_GUARD {\"blended_candidates\": 140, \"dataset\": \"44b6_0b24845f\", \"frame\": 95, \"minimum_retention\": 0.9, \"primary_candidates\": 309, \"retention\": 0.45307443365695793, \"use_primary\": true}\n"}
,{"stream_name":"stdout","time":501.123378833,"data":"SECONDARY_EDGE_TTA_ACTIVE views= 8 weight= 0.75 mean_abs_feat_delta= 0.321701\n"}
,{"stream_name":"stdout","time":501.12344171,"data":"BIOHUB_RETENTION_GUARD {\"blended_candidates\": 140, \"dataset\": \"44b6_0b24845f\", \"frame\": 95, \"minimum_retention\": 0.9, \"primary_candidates\": 309, \"retention\": 0.45307443365695793, \"use_primary\": true}\n"}
,{"stream_name":"stdout","time":502.235147855,"data":"EDGE_TTA_ACTIVE views= 8 mean_abs_feat_delta= 0.358614\n"}
,{"stream_name":"stdout","time":502.439278304,"data":"EDGE_TTA_ACTIVE views= 8 mean_abs_feat_delta= 0.358614\n"}
,{"stream_name":"stdout","time":503.286765746,"data":"SECONDARY_EDGE_TTA_ACTIVE views= 8 weight= 0.75 mean_abs_feat_delta= 0.325788\n"}
,{"stream_name":"stdout","time":503.291805557,"data":"BIOHUB_RETENTION_GUARD {\"blended_candidates\": 124, \"dataset\": \"44b6_0b24845f\", \"frame\": 96, \"minimum_retention\": 0.9, \"primary_candidates\": 273, \"retention\": 0.4542124542124542, \"use_primary\": true}\n"}
,{"stream_name":"stdout","time":503.489169778,"data":"SECONDARY_EDGE_TTA_ACTIVE views= 8 weight= 0.75 mean_abs_feat_delta= 0.325788\n"}
,{"stream_name":"stdout","time":503.489198445,"data":"BIOHUB_RETENTION_GUARD {\"blended_candidates\": 124, \"dataset\": \"44b6_0b24845f\", \"frame\": 96, \"minimum_retention\": 0.9, \"primary_candidates\": 273, \"retention\": 0.4542124542124542, \"use_primary\": true}\n"}
,{"stream_name":"stdout","time":504.581740406,"data":"EDGE_TTA_ACTIVE views= 8 mean_abs_feat_delta= 0.354717\n"}
,{"stream_name":"stdout","time":504.784566314,"data":"EDGE_TTA_ACTIVE views= 8 mean_abs_feat_delta= 0.354717\n"}
,{"stream_name":"stdout","time":505.633942144,"data":"SECONDARY_EDGE_TTA_ACTIVE views= 8 weight= 0.75 mean_abs_feat_delta= 0.328691\n"}
,{"stream_name":"stdout","time":505.637824354,"data":"BIOHUB_RETENTION_GUARD {\"blended_candidates\": 181, \"dataset\": \"44b6_0b24845f\", \"frame\": 97, \"minimum_retention\": 0.9, \"primary_candidates\": 328, \"retention\": 0.551829268292683, \"use_primary\": true}\n"}
,{"stream_name":"stdout","time":505.836261866,"data":"SECONDARY_EDGE_TTA_ACTIVE views= 8 weight= 0.75 mean_abs_feat_delta= 0.328691\n"}
,{"stream_name":"stdout","time":505.836296488,"data":"BIOHUB_RETENTION_GUARD {\"blended_candidates\": 181, \"dataset\": \"44b6_0b24845f\", \"frame\": 97, \"minimum_retention\": 0.9, \"primary_candidates\": 328, \"retention\": 0.551829268292683, \"use_primary\": true}\n"}
,{"stream_name":"stdout","time":506.812509473,"data":"EDGE_TTA_ACTIVE views= 8 mean_abs_feat_delta= 0.362901\n"}
,{"stream_name":"stdout","time":507.015342771,"data":"EDGE_TTA_ACTIVE views= 8 mean_abs_feat_delta= 0.362901\n"}
,{"stream_name":"stdout","time":507.861677725,"data":"SECONDARY_EDGE_TTA_ACTIVE views= 8 weight= 0.75 mean_abs_feat_delta= 0.327921\n"}
,{"stream_name":"stdout","time":507.865954729,"data":"BIOHUB_RETENTION_GUARD {\"blended_candidates\": 153, \"dataset\": \"44b6_0b24845f\", \"frame\": 98, \"minimum_retention\": 0.9, \"primary_candidates\": 295, \"retention\": 0.5186440677966102, \"use_primary\": true}\n"}
,{"stream_name":"stdout","time":508.065650257,"data":"SECONDARY_EDGE_TTA_ACTIVE views= 8 weight= 0.75 mean_abs_feat_delta= 0.327921\n"}
,{"stream_name":"stdout","time":508.065721933,"data":"BIOHUB_RETENTION_GUARD {\"blended_candidates\": 153, \"dataset\": \"44b6_0b24845f\", \"frame\": 98, \"minimum_retention\": 0.9, \"primary_candidates\": 295, \"retention\": 0.5186440677966102, \"use_primary\": true}\n"}
,{"stream_name":"stdout","time":509.085478668,"data":"EDGE_TTA_ACTIVE views= 8 mean_abs_feat_delta= 0.362405\n"}
,{"stream_name":"stdout","time":509.287653348,"data":"EDGE_TTA_ACTIVE views= 8 mean_abs_feat_delta= 0.362405\n"}
,{"stream_name":"stdout","time":510.135865103,"data":"SECONDARY_EDGE_TTA_ACTIVE views= 8 weight= 0.75 mean_abs_feat_delta= 0.328126\n"}
,{"stream_name":"stdout","time":510.139937335,"data":"BIOHUB_RETENTION_GUARD {\"blended_candidates\": 111, \"dataset\": \"44b6_0b24845f\", \"frame\": 99, \"minimum_retention\": 0.9, \"primary_candidates\": 224, \"retention\": 0.4955357142857143, \"use_primary\": true}\n"}
,{"stream_name":"stdout","time":510.339257675,"data":"SECONDARY_EDGE_TTA_ACTIVE views= 8 weight= 0.75 mean_abs_feat_delta= 0.328126\n"}
,{"stream_name":"stdout","time":510.339317956,"data":"BIOHUB_RETENTION_GUARD {\"blended_candidates\": 111, \"dataset\": \"44b6_0b24845f\", \"frame\": 99, \"minimum_retention\": 0.9, \"primary_candidates\": 224, \"retention\": 0.4955357142857143, \"use_primary\": true}\n"}
,{"stream_name":"stdout","time":526.075022987,"data":"EDGE_TTA_ACTIVE views= 8 mean_abs_feat_delta= 0.353265\n"}
,{"stream_name":"stdout","time":526.309246815,"data":"EDGE_TTA_ACTIVE views= 8 mean_abs_feat_delta= 0.353265\n"}
,{"stream_name":"stdout","time":527.026488946,"data":"SECONDARY_EDGE_TTA_ACTIVE views= 8 weight= 0.75 mean_abs_feat_delta= 0.229197\n"}
,{"stream_name":"stdout","time":527.228565422,"data":"SECONDARY_EDGE_TTA_ACTIVE views= 8 weight= 0.75 mean_abs_feat_delta= 0.229197\n"}
,{"stream_name":"stdout","time":528.050874502,"data":"EDGE_TTA_ACTIVE views= 8 mean_abs_feat_delta= 0.356556\n"}
,{"stream_name":"stdout","time":528.253193066,"data":"EDGE_TTA_ACTIVE views= 8 mean_abs_feat_delta= 0.356556\n"}
,{"stream_name":"stdout","time":529.011704704,"data":"SECONDARY_EDGE_TTA_ACTIVE views= 8 weight= 0.75 mean_abs_feat_delta= 0.228531\n"}
,{"stream_name":"stdout","time":529.214216331,"data":"SECONDARY_EDGE_TTA_ACTIVE views= 8 weight= 0.75 mean_abs_feat_delta= 0.228531\n"}
,{"stream_name":"stdout","time":530.126829606,"data":"EDGE_TTA_ACTIVE views= 8 mean_abs_feat_delta= 0.359353\n"}
,{"stream_name":"stdout","time":530.329292723,"data":"EDGE_TTA_ACTIVE views= 8 mean_abs_feat_delta= 0.359353\n"}
,{"stream_name":"stdout","time":531.010997386,"data":"EDGE_TTA_ACTIVE views= 8 mean_abs_feat_delta= 0.336457\n"}
,{"stream_name":"stdout","time":531.090903323,"data":"SECONDARY_EDGE_TTA_ACTIVE views= 8 weight= 0.75 mean_abs_feat_delta= 0.232233\n"}
,{"stream_name":"stdout","time":531.214170624,"data":"EDGE_TTA_ACTIVE views= 8 mean_abs_feat_delta= 0.336457\n"}
,{"stream_name":"stdout","time":531.214218554,"data":"SECONDARY_EDGE_TTA_ACTIVE views= 8 weight= 0.75 mean_abs_feat_delta= 0.232233\n"}
,{"stream_name":"stdout","time":532.017666402,"data":"SECONDARY_EDGE_TTA_ACTIVE views= 8 weight= 0.75 mean_abs_feat_delta= 0.229228\n"}
,{"stream_name":"stdout","time":532.160617658,"data":"EDGE_TTA_ACTIVE views= 8 mean_abs_feat_delta= 0.361838\n"}
,{"stream_name":"stdout","time":532.219933814,"data":"SECONDARY_EDGE_TTA_ACTIVE views= 8 weight= 0.75 mean_abs_feat_delta= 0.229228\n"}
,{"stream_name":"stdout","time":532.219959687,"data":"EDGE_TTA_ACTIVE views= 8 mean_abs_feat_delta= 0.361838\n"}
,{"stream_name":"stdout","time":533.115669933,"data":"SECONDARY_EDGE_TTA_ACTIVE views= 8 weight= 0.75 mean_abs_feat_delta= 0.231136\n"}
,{"stream_name":"stdout","time":533.318012507,"data":"SECONDARY_EDGE_TTA_ACTIVE views= 8 weight= 0.75 mean_abs_feat_delta= 0.231136\n"}
,{"stream_name":"stdout","time":533.404952299,"data":"EDGE_TTA_ACTIVE views= 8 mean_abs_feat_delta= 0.33652\n"}
,{"stream_name":"stdout","time":533.606914143,"data":"EDGE_TTA_ACTIVE views= 8 mean_abs_feat_delta= 0.33652\n"}
,{"stream_name":"stdout","time":534.122384516,"data":"EDGE_TTA_ACTIVE views= 8 mean_abs_feat_delta= 0.349332\n"}
,{"stream_name":"stdout","time":534.324707403,"data":"EDGE_TTA_ACTIVE views= 8 mean_abs_feat_delta= 0.349332\n"}
,{"stream_name":"stdout","time":534.420360368,"data":"SECONDARY_EDGE_TTA_ACTIVE views= 8 weight= 0.75 mean_abs_feat_delta= 0.231364\n"}
,{"stream_name":"stdout","time":534.622737155,"data":"SECONDARY_EDGE_TTA_ACTIVE views= 8 weight= 0.75 mean_abs_feat_delta= 0.231364\n"}
,{"stream_name":"stdout","time":535.090091377,"data":"SECONDARY_EDGE_TTA_ACTIVE views= 8 weight= 0.75 mean_abs_feat_delta= 0.237962\n"}
,{"stream_name":"stdout","time":535.292422729,"data":"SECONDARY_EDGE_TTA_ACTIVE views= 8 weight= 0.75 mean_abs_feat_delta= 0.237962\n"}
,{"stream_name":"stdout","time":535.854475673,"data":"EDGE_TTA_ACTIVE views= 8 mean_abs_feat_delta= 0.334504\n"}
,{"stream_name":"stdout","time":536.056595492,"data":"EDGE_TTA_ACTIVE views= 8 mean_abs_feat_delta= 0.334504\n"}
,{"stream_name":"stdout","time":536.127465525,"data":"EDGE_TTA_ACTIVE views= 8 mean_abs_feat_delta= 0.36765\n"}
,{"stream_name":"stdout","time":536.329405814,"data":"EDGE_TTA_ACTIVE views= 8 mean_abs_feat_delta= 0.36765\n"}
,{"stream_name":"stdout","time":536.878367772,"data":"SECONDARY_EDGE_TTA_ACTIVE views= 8 weight= 0.75 mean_abs_feat_delta= 0.231505\n"}
,{"stream_name":"stdout","time":537.080787826,"data":"SECONDARY_EDGE_TTA_ACTIVE views= 8 weight= 0.75 mean_abs_feat_delta= 0.231505\n"}
,{"stream_name":"stdout","time":537.100766561,"data":"SECONDARY_EDGE_TTA_ACTIVE views= 8 weight= 0.75 mean_abs_feat_delta= 0.23324\n"}
,{"stream_name":"stdout","time":537.302906627,"data":"SECONDARY_EDGE_TTA_ACTIVE views= 8 weight= 0.75 mean_abs_feat_delta= 0.23324\n"}
,{"stream_name":"stdout","time":538.175200402,"data":"EDGE_TTA_ACTIVE views= 8 mean_abs_feat_delta= 0.37095\n"}
,{"stream_name":"stdout","time":538.331572133,"data":"EDGE_TTA_ACTIVE views= 8 mean_abs_feat_delta= 0.331503\n"}
,{"stream_name":"stdout","time":538.377373545,"data":"EDGE_TTA_ACTIVE views= 8 mean_abs_feat_delta= 0.37095\n"}
,{"stream_name":"stdout","time":538.377403949,"data":"EDGE_TTA_ACTIVE views= 8 mean_abs_feat_delta= 0.331503\n"}
,{"stream_name":"stdout","time":539.149830585,"data":"SECONDARY_EDGE_TTA_ACTIVE views= 8 weight= 0.75 mean_abs_feat_delta= 0.233703\n"}
,{"stream_name":"stdout","time":539.352452907,"data":"SECONDARY_EDGE_TTA_ACTIVE views= 8 weight= 0.75 mean_abs_feat_delta= 0.233703\n"}
,{"stream_name":"stdout","time":539.372721155,"data":"SECONDARY_EDGE_TTA_ACTIVE views= 8 weight= 0.75 mean_abs_feat_delta= 0.233103\n"}
,{"stream_name":"stdout","time":539.5751687,"data":"SECONDARY_EDGE_TTA_ACTIVE views= 8 weight= 0.75 mean_abs_feat_delta= 0.233103\n"}
,{"stream_name":"stdout","time":540.224381365,"data":"EDGE_TTA_ACTIVE views= 8 mean_abs_feat_delta= 0.362298\n"}
,{"stream_name":"stdout","time":540.42717711,"data":"EDGE_TTA_ACTIVE views= 8 mean_abs_feat_delta= 0.362298\n"}
,{"stream_name":"stdout","time":540.7897772,"data":"EDGE_TTA_ACTIVE views= 8 mean_abs_feat_delta= 0.334571\n"}
,{"stream_name":"stdout","time":540.992137938,"data":"EDGE_TTA_ACTIVE views= 8 mean_abs_feat_delta= 0.334571\n"}
,{"stream_name":"stdout","time":541.213128614,"data":"SECONDARY_EDGE_TTA_ACTIVE views= 8 weight= 0.75 mean_abs_feat_delta= 0.23047\n"}
,{"stream_name":"stdout","time":541.415590198,"data":"SECONDARY_EDGE_TTA_ACTIVE views= 8 weight= 0.75 mean_abs_feat_delta= 0.23047\n"}
,{"stream_name":"stdout","time":541.845322249,"data":"SECONDARY_EDGE_TTA_ACTIVE views= 8 weight= 0.75 mean_abs_feat_delta= 0.230713\n"}
,{"stream_name":"stdout","time":542.04780531,"data":"SECONDARY_EDGE_TTA_ACTIVE views= 8 weight= 0.75 mean_abs_feat_delta= 0.230713\n"}
,{"stream_name":"stdout","time":542.300934628,"data":"EDGE_TTA_ACTIVE views= 8 mean_abs_feat_delta= 0.357762\n"}
,{"stream_name":"stdout","time":542.503122404,"data":"EDGE_TTA_ACTIVE views= 8 mean_abs_feat_delta= 0.357762\n"}
,{"stream_name":"stdout","time":543.250432135,"data":"EDGE_TTA_ACTIVE views= 8 mean_abs_feat_delta= 0.333844\n"}
,{"stream_name":"stdout","time":543.295146842,"data":"SECONDARY_EDGE_TTA_ACTIVE views= 8 weight= 0.75 mean_abs_feat_delta= 0.222866\n"}
,{"stream_name":"stdout","time":543.452655259,"data":"EDGE_TTA_ACTIVE views= 8 mean_abs_feat_delta= 0.333844\n"}
,{"stream_name":"stdout","time":543.45268982,"data":"SECONDARY_EDGE_TTA_ACTIVE views= 8 weight= 0.75 mean_abs_feat_delta= 0.222866\n"}
,{"stream_name":"stdout","time":544.305518775,"data":"SECONDARY_EDGE_TTA_ACTIVE views= 8 weight= 0.75 mean_abs_feat_delta= 0.228063\n"}
,{"stream_name":"stdout","time":544.469025982,"data":"EDGE_TTA_ACTIVE views= 8 mean_abs_feat_delta= 0.360193\n"}
,{"stream_name":"stdout","time":544.507966035,"data":"SECONDARY_EDGE_TTA_ACTIVE views= 8 weight= 0.75 mean_abs_feat_delta= 0.228063\n"}
,{"stream_name":"stdout","time":544.507990398,"data":"EDGE_TTA_ACTIVE views= 8 mean_abs_feat_delta= 0.360193\n"}
,{"stream_name":"stdout","time":545.465798295,"data":"SECONDARY_EDGE_TTA_ACTIVE views= 8 weight= 0.75 mean_abs_feat_delta= 0.223297\n"}
,{"stream_name":"stdout","time":545.668238552,"data":"SECONDARY_EDGE_TTA_ACTIVE views= 8 weight= 0.75 mean_abs_feat_delta= 0.223297\n"}
,{"stream_name":"stdout","time":545.793823545,"data":"EDGE_TTA_ACTIVE views= 8 mean_abs_feat_delta= 0.333957\n"}
,{"stream_name":"stdout","time":545.996268841,"data":"EDGE_TTA_ACTIVE views= 8 mean_abs_feat_delta= 0.333957\n"}
,{"stream_name":"stdout","time":546.538722612,"data":"EDGE_TTA_ACTIVE views= 8 mean_abs_feat_delta= 0.35856\n"}
,{"stream_name":"stdout","time":546.740853048,"data":"EDGE_TTA_ACTIVE views= 8 mean_abs_feat_delta= 0.35856\n"}
,{"stream_name":"stdout","time":546.872669456,"data":"SECONDARY_EDGE_TTA_ACTIVE views= 8 weight= 0.75 mean_abs_feat_delta= 0.23148\n"}
,{"stream_name":"stdout","time":547.075217473,"data":"SECONDARY_EDGE_TTA_ACTIVE views= 8 weight= 0.75 mean_abs_feat_delta= 0.23148\n"}
,{"stream_name":"stdout","time":547.537459739,"data":"SECONDARY_EDGE_TTA_ACTIVE views= 8 weight= 0.75 mean_abs_feat_delta= 0.226482\n"}
,{"stream_name":"stdout","time":547.739772093,"data":"SECONDARY_EDGE_TTA_ACTIVE views= 8 weight= 0.75 mean_abs_feat_delta= 0.226482\n"}
,{"stream_name":"stdout","time":548.305567799,"data":"EDGE_TTA_ACTIVE views= 8 mean_abs_feat_delta= 0.333005\n"}
,{"stream_name":"stdout","time":548.50791036,"data":"EDGE_TTA_ACTIVE views= 8 mean_abs_feat_delta= 0.333005\n"}
,{"stream_name":"stdout","time":548.633600606,"data":"EDGE_TTA_ACTIVE views= 8 mean_abs_feat_delta= 0.365065\n"}
,{"stream_name":"stdout","time":548.83562246,"data":"EDGE_TTA_ACTIVE views= 8 mean_abs_feat_delta= 0.365065\n"}
,{"stream_name":"stdout","time":549.398120128,"data":"SECONDARY_EDGE_TTA_ACTIVE views= 8 weight= 0.75 mean_abs_feat_delta= 0.226861\n"}
,{"stream_name":"stdout","time":549.600721317,"data":"SECONDARY_EDGE_TTA_ACTIVE views= 8 weight= 0.75 mean_abs_feat_delta= 0.226861\n"}
,{"stream_name":"stdout","time":549.630386859,"data":"SECONDARY_EDGE_TTA_ACTIVE views= 8 weight= 0.75 mean_abs_feat_delta= 0.229453\n"}
,{"stream_name":"stdout","time":549.832907913,"data":"SECONDARY_EDGE_TTA_ACTIVE views= 8 weight= 0.75 mean_abs_feat_delta= 0.229453\n"}
,{"stream_name":"stdout","time":550.716982239,"data":"EDGE_TTA_ACTIVE views= 8 mean_abs_feat_delta= 0.353373\n"}
,{"stream_name":"stdout","time":550.905550882,"data":"EDGE_TTA_ACTIVE views= 8 mean_abs_feat_delta= 0.335609\n"}
,{"stream_name":"stdout","time":550.919980519,"data":"EDGE_TTA_ACTIVE views= 8 mean_abs_feat_delta= 0.353373\n"}
,{"stream_name":"stdout","time":550.9200006,"data":"EDGE_TTA_ACTIVE views= 8 mean_abs_feat_delta= 0.335609\n"}
,{"stream_name":"stdout","time":551.733203745,"data":"SECONDARY_EDGE_TTA_ACTIVE views= 8 weight= 0.75 mean_abs_feat_delta= 0.233899\n"}
,{"stream_name":"stdout","time":551.935745977,"data":"SECONDARY_EDGE_TTA_ACTIVE views= 8 weight= 0.75 mean_abs_feat_delta= 0.233899\n"}
,{"stream_name":"stdout","time":552.012629741,"data":"SECONDARY_EDGE_TTA_ACTIVE views= 8 weight= 0.75 mean_abs_feat_delta= 0.226753\n"}
,{"stream_name":"stdout","time":552.215122858,"data":"SECONDARY_EDGE_TTA_ACTIVE views= 8 weight= 0.75 mean_abs_feat_delta= 0.226753\n"}
,{"stream_name":"stdout","time":552.812901975,"data":"EDGE_TTA_ACTIVE views= 8 mean_abs_feat_delta= 0.366767\n"}
,{"stream_name":"stdout","time":553.015415473,"data":"EDGE_TTA_ACTIVE views= 8 mean_abs_feat_delta= 0.366767\n"}
,{"stream_name":"stdout","time":553.517046774,"data":"EDGE_TTA_ACTIVE views= 8 mean_abs_feat_delta= 0.338411\n"}
,{"stream_name":"stdout","time":553.719171284,"data":"EDGE_TTA_ACTIVE views= 8 mean_abs_feat_delta= 0.338411\n"}
,{"stream_name":"stdout","time":553.834941904,"data":"SECONDARY_EDGE_TTA_ACTIVE views= 8 weight= 0.75 mean_abs_feat_delta= 0.228562\n"}
,{"stream_name":"stdout","time":554.037321838,"data":"SECONDARY_EDGE_TTA_ACTIVE views= 8 weight= 0.75 mean_abs_feat_delta= 0.228562\n"}
,{"stream_name":"stdout","time":554.629240882,"data":"SECONDARY_EDGE_TTA_ACTIVE views= 8 weight= 0.75 mean_abs_feat_delta= 0.229067\n"}
,{"stream_name":"stdout","time":554.83171898,"data":"SECONDARY_EDGE_TTA_ACTIVE views= 8 weight= 0.75 mean_abs_feat_delta= 0.229067\n"}
,{"stream_name":"stdout","time":554.980833185,"data":"EDGE_TTA_ACTIVE views= 8 mean_abs_feat_delta= 0.360859\n"}
,{"stream_name":"stdout","time":555.183184998,"data":"EDGE_TTA_ACTIVE views= 8 mean_abs_feat_delta= 0.360859\n"}
,{"stream_name":"stdout","time":556.006465541,"data":"SECONDARY_EDGE_TTA_ACTIVE views= 8 weight= 0.75 mean_abs_feat_delta= 0.229373\n"}
,{"stream_name":"stdout","time":556.143403135,"data":"EDGE_TTA_ACTIVE views= 8 mean_abs_feat_delta= 0.33357\n"}
,{"stream_name":"stdout","time":556.20895677,"data":"SECONDARY_EDGE_TTA_ACTIVE views= 8 weight= 0.75 mean_abs_feat_delta= 0.229373\n"}
,{"stream_name":"stdout","time":556.209034656,"data":"EDGE_TTA_ACTIVE views= 8 mean_abs_feat_delta= 0.33357\n"}
,{"stream_name":"stdout","time":557.185839826,"data":"EDGE_TTA_ACTIVE views= 8 mean_abs_feat_delta= 0.358711\n"}
,{"stream_name":"stdout","time":557.266572053,"data":"SECONDARY_EDGE_TTA_ACTIVE views= 8 weight= 0.75 mean_abs_feat_delta= 0.224805\n"}
,{"stream_name":"stdout","time":557.422133137,"data":"EDGE_TTA_ACTIVE views= 8 mean_abs_feat_delta= 0.358711\n"}
,{"stream_name":"stdout","time":557.422157183,"data":"SECONDARY_EDGE_TTA_ACTIVE views= 8 weight= 0.75 mean_abs_feat_delta= 0.224805\n"}
,{"stream_name":"stdout","time":558.218537018,"data":"SECONDARY_EDGE_TTA_ACTIVE views= 8 weight= 0.75 mean_abs_feat_delta= 0.228983\n"}
,{"stream_name":"stdout","time":558.421045066,"data":"SECONDARY_EDGE_TTA_ACTIVE views= 8 weight= 0.75 mean_abs_feat_delta= 0.228983\n"}
,{"stream_name":"stdout","time":558.804847502,"data":"EDGE_TTA_ACTIVE views= 8 mean_abs_feat_delta= 0.328392\n"}
,{"stream_name":"stdout","time":559.007150256,"data":"EDGE_TTA_ACTIVE views= 8 mean_abs_feat_delta= 0.328392\n"}
,{"stream_name":"stdout","time":559.371172313,"data":"EDGE_TTA_ACTIVE views= 8 mean_abs_feat_delta= 0.357908\n"}
,{"stream_name":"stdout","time":559.573484334,"data":"EDGE_TTA_ACTIVE views= 8 mean_abs_feat_delta= 0.357908\n"}
,{"stream_name":"stdout","time":559.938886825,"data":"SECONDARY_EDGE_TTA_ACTIVE views= 8 weight= 0.75 mean_abs_feat_delta= 0.22475\n"}
,{"stream_name":"stdout","time":560.141519407,"data":"SECONDARY_EDGE_TTA_ACTIVE views= 8 weight= 0.75 mean_abs_feat_delta= 0.22475\n"}
,{"stream_name":"stdout","time":560.404293604,"data":"SECONDARY_EDGE_TTA_ACTIVE views= 8 weight= 0.75 mean_abs_feat_delta= 0.22723\n"}
,{"stream_name":"stdout","time":560.607019562,"data":"SECONDARY_EDGE_TTA_ACTIVE views= 8 weight= 0.75 mean_abs_feat_delta= 0.22723\n"}
,{"stream_name":"stdout","time":561.460316031,"data":"EDGE_TTA_ACTIVE views= 8 mean_abs_feat_delta= 0.329088\n"}
,{"stream_name":"stdout","time":561.501839511,"data":"EDGE_TTA_ACTIVE views= 8 mean_abs_feat_delta= 0.36076\n"}
,{"stream_name":"stdout","time":561.662443883,"data":"EDGE_TTA_ACTIVE views= 8 mean_abs_feat_delta= 0.329088\n"}
,{"stream_name":"stdout","time":561.662464902,"data":"EDGE_TTA_ACTIVE views= 8 mean_abs_feat_delta= 0.36076\n"}
,{"stream_name":"stdout","time":562.53765705,"data":"SECONDARY_EDGE_TTA_ACTIVE views= 8 weight= 0.75 mean_abs_feat_delta= 0.227184\n"}
,{"stream_name":"stdout","time":562.597252528,"data":"SECONDARY_EDGE_TTA_ACTIVE views= 8 weight= 0.75 mean_abs_feat_delta= 0.223629\n"}
,{"stream_name":"stdout","time":562.740014459,"data":"SECONDARY_EDGE_TTA_ACTIVE views= 8 weight= 0.75 mean_abs_feat_delta= 0.227184\n"}
,{"stream_name":"stdout","time":562.740085433,"data":"SECONDARY_EDGE_TTA_ACTIVE views= 8 weight= 0.75 mean_abs_feat_delta= 0.223629\n"}
,{"stream_name":"stdout","time":563.692197863,"data":"EDGE_TTA_ACTIVE views= 8 mean_abs_feat_delta= 0.363026\n"}
,{"stream_name":"stdout","time":563.89479873,"data":"EDGE_TTA_ACTIVE views= 8 mean_abs_feat_delta= 0.363026\n"}
,{"stream_name":"stdout","time":564.114190111,"data":"EDGE_TTA_ACTIVE views= 8 mean_abs_feat_delta= 0.331454\n"}
,{"stream_name":"stdout","time":564.316744301,"data":"EDGE_TTA_ACTIVE views= 8 mean_abs_feat_delta= 0.331454\n"}
,{"stream_name":"stdout","time":564.726602702,"data":"SECONDARY_EDGE_TTA_ACTIVE views= 8 weight= 0.75 mean_abs_feat_delta= 0.228674\n"}
,{"stream_name":"stdout","time":564.929108889,"data":"SECONDARY_EDGE_TTA_ACTIVE views= 8 weight= 0.75 mean_abs_feat_delta= 0.228674\n"}
,{"stream_name":"stdout","time":565.247936631,"data":"SECONDARY_EDGE_TTA_ACTIVE views= 8 weight= 0.75 mean_abs_feat_delta= 0.221381\n"}
,{"stream_name":"stdout","time":565.450507168,"data":"SECONDARY_EDGE_TTA_ACTIVE views= 8 weight= 0.75 mean_abs_feat_delta= 0.221381\n"}
,{"stream_name":"stdout","time":565.88547463,"data":"EDGE_TTA_ACTIVE views= 8 mean_abs_feat_delta= 0.36528\n"}
,{"stream_name":"stdout","time":566.087974987,"data":"EDGE_TTA_ACTIVE views= 8 mean_abs_feat_delta= 0.36528\n"}
,{"stream_name":"stdout","time":566.74666638,"data":"EDGE_TTA_ACTIVE views= 8 mean_abs_feat_delta= 0.332081\n"}
,{"stream_name":"stdout","time":566.912744006,"data":"SECONDARY_EDGE_TTA_ACTIVE views= 8 weight= 0.75 mean_abs_feat_delta= 0.22969\n"}
,{"stream_name":"stdout","time":566.949296959,"data":"EDGE_TTA_ACTIVE views= 8 mean_abs_feat_delta= 0.332081\n"}
,{"stream_name":"stdout","time":566.949319141,"data":"SECONDARY_EDGE_TTA_ACTIVE views= 8 weight= 0.75 mean_abs_feat_delta= 0.22969\n"}
,{"stream_name":"stdout","time":567.864425801,"data":"SECONDARY_EDGE_TTA_ACTIVE views= 8 weight= 0.75 mean_abs_feat_delta= 0.220825\n"}
,{"stream_name":"stdout","time":568.010526527,"data":"EDGE_TTA_ACTIVE views= 8 mean_abs_feat_delta= 0.365255\n"}
,{"stream_name":"stdout","time":568.066822804,"data":"SECONDARY_EDGE_TTA_ACTIVE views= 8 weight= 0.75 mean_abs_feat_delta= 0.220825\n"}
,{"stream_name":"stdout","time":568.066847375,"data":"EDGE_TTA_ACTIVE views= 8 mean_abs_feat_delta= 0.365255\n"}
,{"stream_name":"stdout","time":569.036317984,"data":"SECONDARY_EDGE_TTA_ACTIVE views= 8 weight= 0.75 mean_abs_feat_delta= 0.227887\n"}
,{"stream_name":"stdout","time":569.238799178,"data":"SECONDARY_EDGE_TTA_ACTIVE views= 8 weight= 0.75 mean_abs_feat_delta= 0.227887\n"}
,{"stream_name":"stdout","time":569.325798248,"data":"EDGE_TTA_ACTIVE views= 8 mean_abs_feat_delta= 0.331331\n"}
,{"stream_name":"stdout","time":569.527863986,"data":"EDGE_TTA_ACTIVE views= 8 mean_abs_feat_delta= 0.331331\n"}
,{"stream_name":"stdout","time":570.191130463,"data":"EDGE_TTA_ACTIVE views= 8 mean_abs_feat_delta= 0.364292\n"}
,{"stream_name":"stdout","time":570.393575531,"data":"EDGE_TTA_ACTIVE views= 8 mean_abs_feat_delta= 0.364292\n"}
,{"stream_name":"stdout","time":570.430692806,"data":"SECONDARY_EDGE_TTA_ACTIVE views= 8 weight= 0.75 mean_abs_feat_delta= 0.220942\n"}
,{"stream_name":"stdout","time":570.633025649,"data":"SECONDARY_EDGE_TTA_ACTIVE views= 8 weight= 0.75 mean_abs_feat_delta= 0.220942\n"}
,{"stream_name":"stdout","time":571.212209886,"data":"SECONDARY_EDGE_TTA_ACTIVE views= 8 weight= 0.75 mean_abs_feat_delta= 0.229597\n"}
,{"stream_name":"stdout","time":571.415019375,"data":"SECONDARY_EDGE_TTA_ACTIVE views= 8 weight= 0.75 mean_abs_feat_delta= 0.229597\n"}
,{"stream_name":"stdout","time":571.959790923,"data":"EDGE_TTA_ACTIVE views= 8 mean_abs_feat_delta= 0.331316\n"}
,{"stream_name":"stdout","time":572.162506267,"data":"EDGE_TTA_ACTIVE views= 8 mean_abs_feat_delta= 0.331316\n"}
,{"stream_name":"stdout","time":572.358113608,"data":"EDGE_TTA_ACTIVE views= 8 mean_abs_feat_delta= 0.369457\n"}
,{"stream_name":"stdout","time":572.560244911,"data":"EDGE_TTA_ACTIVE views= 8 mean_abs_feat_delta= 0.369457\n"}
,{"stream_name":"stdout","time":573.052796258,"data":"SECONDARY_EDGE_TTA_ACTIVE views= 8 weight= 0.75 mean_abs_feat_delta= 0.220064\n"}
,{"stream_name":"stdout","time":573.255111483,"data":"SECONDARY_EDGE_TTA_ACTIVE views= 8 weight= 0.75 mean_abs_feat_delta= 0.220064\n"}
,{"stream_name":"stdout","time":573.374340328,"data":"SECONDARY_EDGE_TTA_ACTIVE views= 8 weight= 0.75 mean_abs_feat_delta= 0.229355\n"}
,{"stream_name":"stdout","time":573.576452496,"data":"SECONDARY_EDGE_TTA_ACTIVE views= 8 weight= 0.75 mean_abs_feat_delta= 0.229355\n"}
,{"stream_name":"stdout","time":574.542429322,"data":"EDGE_TTA_ACTIVE views= 8 mean_abs_feat_delta= 0.366989\n"}
,{"stream_name":"stdout","time":574.589631743,"data":"EDGE_TTA_ACTIVE views= 8 mean_abs_feat_delta= 0.331281\n"}
,{"stream_name":"stdout","time":574.744880174,"data":"EDGE_TTA_ACTIVE views= 8 mean_abs_feat_delta= 0.366989\n"}
,{"stream_name":"stdout","time":574.744902695,"data":"EDGE_TTA_ACTIVE views= 8 mean_abs_feat_delta= 0.331281\n"}
,{"stream_name":"stdout","time":575.553232061,"data":"SECONDARY_EDGE_TTA_ACTIVE views= 8 weight= 0.75 mean_abs_feat_delta= 0.228164\n"}
,{"stream_name":"stdout","time":575.671682565,"data":"SECONDARY_EDGE_TTA_ACTIVE views= 8 weight= 0.75 mean_abs_feat_delta= 0.219385\n"}
,{"stream_name":"stdout","time":575.755652731,"data":"SECONDARY_EDGE_TTA_ACTIVE views= 8 weight= 0.75 mean_abs_feat_delta= 0.228164\n"}
,{"stream_name":"stdout","time":575.755676732,"data":"SECONDARY_EDGE_TTA_ACTIVE views= 8 weight= 0.75 mean_abs_feat_delta= 0.219385\n"}
,{"stream_name":"stdout","time":576.658575383,"data":"EDGE_TTA_ACTIVE views= 8 mean_abs_feat_delta= 0.364738\n"}
,{"stream_name":"stdout","time":576.861062315,"data":"EDGE_TTA_ACTIVE views= 8 mean_abs_feat_delta= 0.364738\n"}
,{"stream_name":"stdout","time":577.166717503,"data":"EDGE_TTA_ACTIVE views= 8 mean_abs_feat_delta= 0.332495\n"}
,{"stream_name":"stdout","time":577.369233932,"data":"EDGE_TTA_ACTIVE views= 8 mean_abs_feat_delta= 0.332495\n"}
,{"stream_name":"stdout","time":577.668910624,"data":"SECONDARY_EDGE_TTA_ACTIVE views= 8 weight= 0.75 mean_abs_feat_delta= 0.230204\n"}
,{"stream_name":"stdout","time":577.871250181,"data":"SECONDARY_EDGE_TTA_ACTIVE views= 8 weight= 0.75 mean_abs_feat_delta= 0.230204\n"}
,{"stream_name":"stdout","time":578.242648193,"data":"SECONDARY_EDGE_TTA_ACTIVE views= 8 weight= 0.75 mean_abs_feat_delta= 0.221891\n"}
,{"stream_name":"stdout","time":578.444836756,"data":"SECONDARY_EDGE_TTA_ACTIVE views= 8 weight= 0.75 mean_abs_feat_delta= 0.221891\n"}
,{"stream_name":"stdout","time":578.802627667,"data":"EDGE_TTA_ACTIVE views= 8 mean_abs_feat_delta= 0.368159\n"}
,{"stream_name":"stdout","time":579.005155447,"data":"EDGE_TTA_ACTIVE views= 8 mean_abs_feat_delta= 0.368159\n"}
,{"stream_name":"stdout","time":579.699360343,"data":"EDGE_TTA_ACTIVE views= 8 mean_abs_feat_delta= 0.326164\n"}
,{"stream_name":"stdout","time":579.811546374,"data":"SECONDARY_EDGE_TTA_ACTIVE views= 8 weight= 0.75 mean_abs_feat_delta= 0.229792\n"}
,{"stream_name":"stdout","time":579.901568207,"data":"EDGE_TTA_ACTIVE views= 8 mean_abs_feat_delta= 0.326164\n"}
,{"stream_name":"stdout","time":579.901598255,"data":"SECONDARY_EDGE_TTA_ACTIVE views= 8 weight= 0.75 mean_abs_feat_delta= 0.229792\n"}
,{"stream_name":"stdout","time":580.767497487,"data":"SECONDARY_EDGE_TTA_ACTIVE views= 8 weight= 0.75 mean_abs_feat_delta= 0.22287\n"}
,{"stream_name":"stdout","time":580.945268065,"data":"EDGE_TTA_ACTIVE views= 8 mean_abs_feat_delta= 0.370711\n"}
,{"stream_name":"stdout","time":580.970156281,"data":"SECONDARY_EDGE_TTA_ACTIVE views= 8 weight= 0.75 mean_abs_feat_delta= 0.22287\n"}
,{"stream_name":"stdout","time":580.970193338,"data":"EDGE_TTA_ACTIVE views= 8 mean_abs_feat_delta= 0.370711\n"}
,{"stream_name":"stdout","time":581.945509943,"data":"SECONDARY_EDGE_TTA_ACTIVE views= 8 weight= 0.75 mean_abs_feat_delta= 0.231598\n"}
,{"stream_name":"stdout","time":582.147927539,"data":"SECONDARY_EDGE_TTA_ACTIVE views= 8 weight= 0.75 mean_abs_feat_delta= 0.231598\n"}
,{"stream_name":"stdout","time":582.273917255,"data":"EDGE_TTA_ACTIVE views= 8 mean_abs_feat_delta= 0.3318\n"}
,{"stream_name":"stdout","time":582.475920557,"data":"EDGE_TTA_ACTIVE views= 8 mean_abs_feat_delta= 0.3318\n"}
,{"stream_name":"stdout","time":583.07169007,"data":"EDGE_TTA_ACTIVE views= 8 mean_abs_feat_delta= 0.360618\n"}
,{"stream_name":"stdout","time":583.274104177,"data":"EDGE_TTA_ACTIVE views= 8 mean_abs_feat_delta= 0.360618\n"}
,{"stream_name":"stdout","time":583.33130628,"data":"SECONDARY_EDGE_TTA_ACTIVE views= 8 weight= 0.75 mean_abs_feat_delta= 0.226905\n"}
,{"stream_name":"stdout","time":583.53381066,"data":"SECONDARY_EDGE_TTA_ACTIVE views= 8 weight= 0.75 mean_abs_feat_delta= 0.226905\n"}
,{"stream_name":"stdout","time":584.068718495,"data":"SECONDARY_EDGE_TTA_ACTIVE views= 8 weight= 0.75 mean_abs_feat_delta= 0.237748\n"}
,{"stream_name":"stdout","time":584.271161417,"data":"SECONDARY_EDGE_TTA_ACTIVE views= 8 weight= 0.75 mean_abs_feat_delta= 0.237748\n"}
,{"stream_name":"stdout","time":584.818242411,"data":"EDGE_TTA_ACTIVE views= 8 mean_abs_feat_delta= 0.332454\n"}
,{"stream_name":"stdout","time":585.020707511,"data":"EDGE_TTA_ACTIVE views= 8 mean_abs_feat_delta= 0.332454\n"}
,{"stream_name":"stdout","time":585.149916999,"data":"EDGE_TTA_ACTIVE views= 8 mean_abs_feat_delta= 0.372812\n"}
,{"stream_name":"stdout","time":585.352205384,"data":"EDGE_TTA_ACTIVE views= 8 mean_abs_feat_delta= 0.372812\n"}
,{"stream_name":"stdout","time":585.874973737,"data":"SECONDARY_EDGE_TTA_ACTIVE views= 8 weight= 0.75 mean_abs_feat_delta= 0.227329\n"}
,{"stream_name":"stdout","time":586.077465073,"data":"SECONDARY_EDGE_TTA_ACTIVE views= 8 weight= 0.75 mean_abs_feat_delta= 0.227329\n"}
,{"stream_name":"stdout","time":586.146603984,"data":"SECONDARY_EDGE_TTA_ACTIVE views= 8 weight= 0.75 mean_abs_feat_delta= 0.229174\n"}
,{"stream_name":"stdout","time":586.348903173,"data":"SECONDARY_EDGE_TTA_ACTIVE views= 8 weight= 0.75 mean_abs_feat_delta= 0.229174\n"}
,{"stream_name":"stdout","time":587.231608141,"data":"EDGE_TTA_ACTIVE views= 8 mean_abs_feat_delta= 0.374406\n"}
,{"stream_name":"stdout","time":587.304418455,"data":"EDGE_TTA_ACTIVE views= 8 mean_abs_feat_delta= 0.329795\n"}
,{"stream_name":"stdout","time":587.468926974,"data":"EDGE_TTA_ACTIVE views= 8 mean_abs_feat_delta= 0.374406\n"}
,{"stream_name":"stdout","time":587.468948179,"data":"EDGE_TTA_ACTIVE views= 8 mean_abs_feat_delta= 0.329795\n"}
,{"stream_name":"stdout","time":588.22205946,"data":"SECONDARY_EDGE_TTA_ACTIVE views= 8 weight= 0.75 mean_abs_feat_delta= 0.23239\n"}
,{"stream_name":"stdout","time":588.351735169,"data":"SECONDARY_EDGE_TTA_ACTIVE views= 8 weight= 0.75 mean_abs_feat_delta= 0.227094\n"}
,{"stream_name":"stdout","time":588.42448156,"data":"SECONDARY_EDGE_TTA_ACTIVE views= 8 weight= 0.75 mean_abs_feat_delta= 0.23239\n"}
,{"stream_name":"stdout","time":588.424504778,"data":"SECONDARY_EDGE_TTA_ACTIVE views= 8 weight= 0.75 mean_abs_feat_delta= 0.227094\n"}
,{"stream_name":"stdout","time":589.306774861,"data":"EDGE_TTA_ACTIVE views= 8 mean_abs_feat_delta= 0.3777\n"}
,{"stream_name":"stdout","time":589.509469996,"data":"EDGE_TTA_ACTIVE views= 8 mean_abs_feat_delta= 0.3777\n"}
,{"stream_name":"stdout","time":589.810246588,"data":"EDGE_TTA_ACTIVE views= 8 mean_abs_feat_delta= 0.330008\n"}
,{"stream_name":"stdout","time":590.009879182,"data":"EDGE_TTA_ACTIVE views= 8 mean_abs_feat_delta= 0.330008\n"}
,{"stream_name":"stdout","time":590.300370371,"data":"SECONDARY_EDGE_TTA_ACTIVE views= 8 weight= 0.75 mean_abs_feat_delta= 0.233543\n"}
,{"stream_name":"stdout","time":590.503184887,"data":"SECONDARY_EDGE_TTA_ACTIVE views= 8 weight= 0.75 mean_abs_feat_delta= 0.233543\n"}
,{"stream_name":"stdout","time":590.848754517,"data":"SECONDARY_EDGE_TTA_ACTIVE views= 8 weight= 0.75 mean_abs_feat_delta= 0.228038\n"}
,{"stream_name":"stdout","time":591.051341066,"data":"SECONDARY_EDGE_TTA_ACTIVE views= 8 weight= 0.75 mean_abs_feat_delta= 0.228038\n"}
,{"stream_name":"stdout","time":591.352743766,"data":"EDGE_TTA_ACTIVE views= 8 mean_abs_feat_delta= 0.376339\n"}
,{"stream_name":"stdout","time":591.555100977,"data":"EDGE_TTA_ACTIVE views= 8 mean_abs_feat_delta= 0.376339\n"}
,{"stream_name":"stdout","time":592.345951387,"data":"SECONDARY_EDGE_TTA_ACTIVE views= 8 weight= 0.75 mean_abs_feat_delta= 0.230711\n"}
,{"stream_name":"stdout","time":592.383183351,"data":"EDGE_TTA_ACTIVE views= 8 mean_abs_feat_delta= 0.327924\n"}
,{"stream_name":"stdout","time":592.548144098,"data":"SECONDARY_EDGE_TTA_ACTIVE views= 8 weight= 0.75 mean_abs_feat_delta= 0.230711\n"}
,{"stream_name":"stdout","time":592.548176628,"data":"EDGE_TTA_ACTIVE views= 8 mean_abs_feat_delta= 0.327924\n"}
,{"stream_name":"stdout","time":593.397792975,"data":"EDGE_TTA_ACTIVE views= 8 mean_abs_feat_delta= 0.369146\n"}
,{"stream_name":"stdout","time":593.421411602,"data":"SECONDARY_EDGE_TTA_ACTIVE views= 8 weight= 0.75 mean_abs_feat_delta= 0.226869\n"}
,{"stream_name":"stdout","time":593.600471462,"data":"EDGE_TTA_ACTIVE views= 8 mean_abs_feat_delta= 0.369146\n"}
,{"stream_name":"stdout","time":593.6004956,"data":"SECONDARY_EDGE_TTA_ACTIVE views= 8 weight= 0.75 mean_abs_feat_delta= 0.226869\n"}
,{"stream_name":"stdout","time":594.38022017,"data":"SECONDARY_EDGE_TTA_ACTIVE views= 8 weight= 0.75 mean_abs_feat_delta= 0.230076\n"}
,{"stream_name":"stdout","time":594.582902367,"data":"SECONDARY_EDGE_TTA_ACTIVE views= 8 weight= 0.75 mean_abs_feat_delta= 0.230076\n"}
,{"stream_name":"stdout","time":594.90373033,"data":"EDGE_TTA_ACTIVE views= 8 mean_abs_feat_delta= 0.324294\n"}
,{"stream_name":"stdout","time":595.106112853,"data":"EDGE_TTA_ACTIVE views= 8 mean_abs_feat_delta= 0.324294\n"}
,{"stream_name":"stdout","time":595.466394674,"data":"EDGE_TTA_ACTIVE views= 8 mean_abs_feat_delta= 0.367025\n"}
,{"stream_name":"stdout","time":595.668627885,"data":"EDGE_TTA_ACTIVE views= 8 mean_abs_feat_delta= 0.367025\n"}
,{"stream_name":"stdout","time":595.938808978,"data":"SECONDARY_EDGE_TTA_ACTIVE views= 8 weight= 0.75 mean_abs_feat_delta= 0.219975\n"}
,{"stream_name":"stdout","time":596.141131768,"data":"SECONDARY_EDGE_TTA_ACTIVE views= 8 weight= 0.75 mean_abs_feat_delta= 0.219975\n"}
,{"stream_name":"stdout","time":596.447465835,"data":"SECONDARY_EDGE_TTA_ACTIVE views= 8 weight= 0.75 mean_abs_feat_delta= 0.23\n"}
,{"stream_name":"stdout","time":596.649604356,"data":"SECONDARY_EDGE_TTA_ACTIVE views= 8 weight= 0.75 mean_abs_feat_delta= 0.23\n"}
,{"stream_name":"stdout","time":597.38437052,"data":"EDGE_TTA_ACTIVE views= 8 mean_abs_feat_delta= 0.329966\n"}
,{"stream_name":"stdout","time":597.518900152,"data":"EDGE_TTA_ACTIVE views= 8 mean_abs_feat_delta= 0.371094\n"}
,{"stream_name":"stdout","time":597.587029844,"data":"EDGE_TTA_ACTIVE views= 8 mean_abs_feat_delta= 0.329966\n"}
,{"stream_name":"stdout","time":597.587059617,"data":"EDGE_TTA_ACTIVE views= 8 mean_abs_feat_delta= 0.371094\n"}
,{"stream_name":"stdout","time":598.415159481,"data":"SECONDARY_EDGE_TTA_ACTIVE views= 8 weight= 0.75 mean_abs_feat_delta= 0.22725\n"}
,{"stream_name":"stdout","time":598.497028941,"data":"SECONDARY_EDGE_TTA_ACTIVE views= 8 weight= 0.75 mean_abs_feat_delta= 0.231427\n"}
,{"stream_name":"stdout","time":598.617438689,"data":"SECONDARY_EDGE_TTA_ACTIVE views= 8 weight= 0.75 mean_abs_feat_delta= 0.22725\n"}
,{"stream_name":"stdout","time":598.617476779,"data":"SECONDARY_EDGE_TTA_ACTIVE views= 8 weight= 0.75 mean_abs_feat_delta= 0.231427\n"}
,{"stream_name":"stdout","time":599.589744687,"data":"EDGE_TTA_ACTIVE views= 8 mean_abs_feat_delta= 0.375255\n"}
,{"stream_name":"stdout","time":599.79236857,"data":"EDGE_TTA_ACTIVE views= 8 mean_abs_feat_delta= 0.375255\n"}
,{"stream_name":"stdout","time":599.951811588,"data":"EDGE_TTA_ACTIVE views= 8 mean_abs_feat_delta= 0.322964\n"}
,{"stream_name":"stdout","time":600.154182662,"data":"EDGE_TTA_ACTIVE views= 8 mean_abs_feat_delta= 0.322964\n"}
,{"stream_name":"stdout","time":600.579213187,"data":"SECONDARY_EDGE_TTA_ACTIVE views= 8 weight= 0.75 mean_abs_feat_delta= 0.229981\n"}
,{"stream_name":"stdout","time":600.781807087,"data":"SECONDARY_EDGE_TTA_ACTIVE views= 8 weight= 0.75 mean_abs_feat_delta= 0.229981\n"}
,{"stream_name":"stdout","time":600.983055229,"data":"SECONDARY_EDGE_TTA_ACTIVE views= 8 weight= 0.75 mean_abs_feat_delta= 0.225732\n"}
,{"stream_name":"stdout","time":601.186409335,"data":"SECONDARY_EDGE_TTA_ACTIVE views= 8 weight= 0.75 mean_abs_feat_delta= 0.225732\n"}
,{"stream_name":"stdout","time":601.63781943,"data":"EDGE_TTA_ACTIVE views= 8 mean_abs_feat_delta= 0.373994\n"}
,{"stream_name":"stdout","time":601.840050153,"data":"EDGE_TTA_ACTIVE views= 8 mean_abs_feat_delta= 0.373994\n"}
,{"stream_name":"stdout","time":602.451705492,"data":"EDGE_TTA_ACTIVE views= 8 mean_abs_feat_delta= 0.329623\n"}
,{"stream_name":"stdout","time":602.625973418,"data":"SECONDARY_EDGE_TTA_ACTIVE views= 8 weight= 0.75 mean_abs_feat_delta= 0.229437\n"}
,{"stream_name":"stdout","time":602.654713366,"data":"EDGE_TTA_ACTIVE views= 8 mean_abs_feat_delta= 0.329623\n"}
,{"stream_name":"stdout","time":602.654734272,"data":"SECONDARY_EDGE_TTA_ACTIVE views= 8 weight= 0.75 mean_abs_feat_delta= 0.229437\n"}
,{"stream_name":"stdout","time":603.482642935,"data":"SECONDARY_EDGE_TTA_ACTIVE views= 8 weight= 0.75 mean_abs_feat_delta= 0.229625\n"}
,{"stream_name":"stdout","time":603.685210628,"data":"SECONDARY_EDGE_TTA_ACTIVE views= 8 weight= 0.75 mean_abs_feat_delta= 0.229625\n"}
,{"stream_name":"stdout","time":603.788601379,"data":"EDGE_TTA_ACTIVE views= 8 mean_abs_feat_delta= 0.366011\n"}
,{"stream_name":"stdout","time":603.990881664,"data":"EDGE_TTA_ACTIVE views= 8 mean_abs_feat_delta= 0.366011\n"}
,{"stream_name":"stdout","time":604.761348126,"data":"SECONDARY_EDGE_TTA_ACTIVE views= 8 weight= 0.75 mean_abs_feat_delta= 0.229485\n"}
,{"stream_name":"stdout","time":604.922694831,"data":"EDGE_TTA_ACTIVE views= 8 mean_abs_feat_delta= 0.33189\n"}
,{"stream_name":"stdout","time":604.964274904,"data":"SECONDARY_EDGE_TTA_ACTIVE views= 8 weight= 0.75 mean_abs_feat_delta= 0.229485\n"}
,{"stream_name":"stdout","time":604.964309709,"data":"EDGE_TTA_ACTIVE views= 8 mean_abs_feat_delta= 0.33189\n"}
,{"stream_name":"stdout","time":605.896023616,"data":"EDGE_TTA_ACTIVE views= 8 mean_abs_feat_delta= 0.364698\n"}
,{"stream_name":"stdout","time":605.9545348,"data":"SECONDARY_EDGE_TTA_ACTIVE views= 8 weight= 0.75 mean_abs_feat_delta= 0.229021\n"}
,{"stream_name":"stdout","time":606.09867023,"data":"EDGE_TTA_ACTIVE views= 8 mean_abs_feat_delta= 0.364698\n"}
,{"stream_name":"stdout","time":606.098699256,"data":"SECONDARY_EDGE_TTA_ACTIVE views= 8 weight= 0.75 mean_abs_feat_delta= 0.229021\n"}
,{"stream_name":"stdout","time":606.87012143,"data":"SECONDARY_EDGE_TTA_ACTIVE views= 8 weight= 0.75 mean_abs_feat_delta= 0.234306\n"}
,{"stream_name":"stdout","time":607.072660201,"data":"SECONDARY_EDGE_TTA_ACTIVE views= 8 weight= 0.75 mean_abs_feat_delta= 0.234306\n"}
,{"stream_name":"stdout","time":607.441658307,"data":"EDGE_TTA_ACTIVE views= 8 mean_abs_feat_delta= 0.328077\n"}
,{"stream_name":"stdout","time":607.644171973,"data":"EDGE_TTA_ACTIVE views= 8 mean_abs_feat_delta= 0.328077\n"}
,{"stream_name":"stdout","time":607.964231407,"data":"EDGE_TTA_ACTIVE views= 8 mean_abs_feat_delta= 0.366732\n"}
,{"stream_name":"stdout","time":608.166636214,"data":"EDGE_TTA_ACTIVE views= 8 mean_abs_feat_delta= 0.366732\n"}
,{"stream_name":"stdout","time":608.470369752,"data":"SECONDARY_EDGE_TTA_ACTIVE views= 8 weight= 0.75 mean_abs_feat_delta= 0.229917\n"}
,{"stream_name":"stdout","time":608.672757493,"data":"SECONDARY_EDGE_TTA_ACTIVE views= 8 weight= 0.75 mean_abs_feat_delta= 0.229917\n"}
,{"stream_name":"stdout","time":608.953490874,"data":"SECONDARY_EDGE_TTA_ACTIVE views= 8 weight= 0.75 mean_abs_feat_delta= 0.235733\n"}
,{"stream_name":"stdout","time":609.156030694,"data":"SECONDARY_EDGE_TTA_ACTIVE views= 8 weight= 0.75 mean_abs_feat_delta= 0.235733\n"}
,{"stream_name":"stdout","time":609.90219836,"data":"EDGE_TTA_ACTIVE views= 8 mean_abs_feat_delta= 0.330658\n"}
,{"stream_name":"stdout","time":610.052494313,"data":"EDGE_TTA_ACTIVE views= 8 mean_abs_feat_delta= 0.370041\n"}
,{"stream_name":"stdout","time":610.104485796,"data":"EDGE_TTA_ACTIVE views= 8 mean_abs_feat_delta= 0.330658\n"}
,{"stream_name":"stdout","time":610.104508682,"data":"EDGE_TTA_ACTIVE views= 8 mean_abs_feat_delta= 0.370041\n"}
,{"stream_name":"stdout","time":610.934119841,"data":"SECONDARY_EDGE_TTA_ACTIVE views= 8 weight= 0.75 mean_abs_feat_delta= 0.232737\n"}
,{"stream_name":"stdout","time":611.042040419,"data":"SECONDARY_EDGE_TTA_ACTIVE views= 8 weight= 0.75 mean_abs_feat_delta= 0.231775\n"}
,{"stream_name":"stdout","time":611.137125436,"data":"SECONDARY_EDGE_TTA_ACTIVE views= 8 weight= 0.75 mean_abs_feat_delta= 0.232737\n"}
,{"stream_name":"stdout","time":611.137209997,"data":"SECONDARY_EDGE_TTA_ACTIVE views= 8 weight= 0.75 mean_abs_feat_delta= 0.231775\n"}
,{"stream_name":"stdout","time":612.180242853,"data":"EDGE_TTA_ACTIVE views= 8 mean_abs_feat_delta= 0.367914\n"}
,{"stream_name":"stdout","time":612.382883213,"data":"EDGE_TTA_ACTIVE views= 8 mean_abs_feat_delta= 0.367914\n"}
,{"stream_name":"stdout","time":612.467470492,"data":"EDGE_TTA_ACTIVE views= 8 mean_abs_feat_delta= 0.330195\n"}
,{"stream_name":"stdout","time":612.669601924,"data":"EDGE_TTA_ACTIVE views= 8 mean_abs_feat_delta= 0.330195\n"}
,{"stream_name":"stdout","time":613.171502921,"data":"SECONDARY_EDGE_TTA_ACTIVE views= 8 weight= 0.75 mean_abs_feat_delta= 0.227854\n"}
,{"stream_name":"stdout","time":613.373991452,"data":"SECONDARY_EDGE_TTA_ACTIVE views= 8 weight= 0.75 mean_abs_feat_delta= 0.227854\n"}
,{"stream_name":"stdout","time":613.498733799,"data":"SECONDARY_EDGE_TTA_ACTIVE views= 8 weight= 0.75 mean_abs_feat_delta= 0.227525\n"}
,{"stream_name":"stdout","time":613.701141089,"data":"SECONDARY_EDGE_TTA_ACTIVE views= 8 weight= 0.75 mean_abs_feat_delta= 0.227525\n"}
,{"stream_name":"stdout","time":614.306564213,"data":"EDGE_TTA_ACTIVE views= 8 mean_abs_feat_delta= 0.352519\n"}
,{"stream_name":"stdout","time":614.508872777,"data":"EDGE_TTA_ACTIVE views= 8 mean_abs_feat_delta= 0.352519\n"}
,{"stream_name":"stdout","time":614.965448307,"data":"EDGE_TTA_ACTIVE views= 8 mean_abs_feat_delta= 0.332086\n"}
,{"stream_name":"stdout","time":615.167850424,"data":"EDGE_TTA_ACTIVE views= 8 mean_abs_feat_delta= 0.332086\n"}
,{"stream_name":"stdout","time":615.297393397,"data":"SECONDARY_EDGE_TTA_ACTIVE views= 8 weight= 0.75 mean_abs_feat_delta= 0.232249\n"}
,{"stream_name":"stdout","time":615.301567427,"data":"BIOHUB_RETENTION_GUARD {\"blended_candidates\": 66, \"dataset\": \"6bba_05b6850b\", \"frame\": 43, \"minimum_retention\": 0.9, \"primary_candidates\": 74, \"retention\": 0.8918918918918919, \"use_primary\": true}\n"}
,{"stream_name":"stdout","time":615.499912541,"data":"SECONDARY_EDGE_TTA_ACTIVE views= 8 weight= 0.75 mean_abs_feat_delta= 0.232249\n"}
,{"stream_name":"stdout","time":615.499978516,"data":"BIOHUB_RETENTION_GUARD {\"blended_candidates\": 66, \"dataset\": \"6bba_05b6850b\", \"frame\": 43, \"minimum_retention\": 0.9, \"primary_candidates\": 74, \"retention\": 0.8918918918918919, \"use_primary\": true}\n"}
,{"stream_name":"stdout","time":615.999952259,"data":"SECONDARY_EDGE_TTA_ACTIVE views= 8 weight= 0.75 mean_abs_feat_delta= 0.228923\n"}
,{"stream_name":"stdout","time":616.202177967,"data":"SECONDARY_EDGE_TTA_ACTIVE views= 8 weight= 0.75 mean_abs_feat_delta= 0.228923\n"}
,{"stream_name":"stdout","time":616.351821558,"data":"EDGE_TTA_ACTIVE views= 8 mean_abs_feat_delta= 0.36891\n"}
,{"stream_name":"stdout","time":616.554031321,"data":"EDGE_TTA_ACTIVE views= 8 mean_abs_feat_delta= 0.36891\n"}
,{"stream_name":"stdout","time":617.34446899,"data":"SECONDARY_EDGE_TTA_ACTIVE views= 8 weight= 0.75 mean_abs_feat_delta= 0.226463\n"}
,{"stream_name":"stdout","time":617.418362688,"data":"EDGE_TTA_ACTIVE views= 8 mean_abs_feat_delta= 0.334902\n"}
,{"stream_name":"stdout","time":617.584660939,"data":"SECONDARY_EDGE_TTA_ACTIVE views= 8 weight= 0.75 mean_abs_feat_delta= 0.226463\n"}
,{"stream_name":"stdout","time":617.58469298,"data":"EDGE_TTA_ACTIVE views= 8 mean_abs_feat_delta= 0.334902\n"}
,{"stream_name":"stdout","time":618.40270602,"data":"EDGE_TTA_ACTIVE views= 8 mean_abs_feat_delta= 0.372785\n"}
,{"stream_name":"stdout","time":618.45315436,"data":"SECONDARY_EDGE_TTA_ACTIVE views= 8 weight= 0.75 mean_abs_feat_delta= 0.234703\n"}
,{"stream_name":"stdout","time":618.605165379,"data":"EDGE_TTA_ACTIVE views= 8 mean_abs_feat_delta= 0.372785\n"}
,{"stream_name":"stdout","time":618.605189996,"data":"SECONDARY_EDGE_TTA_ACTIVE views= 8 weight= 0.75 mean_abs_feat_delta= 0.234703\n"}
,{"stream_name":"stdout","time":619.391535486,"data":"SECONDARY_EDGE_TTA_ACTIVE views= 8 weight= 0.75 mean_abs_feat_delta= 0.232529\n"}
,{"stream_name":"stdout","time":619.593722672,"data":"SECONDARY_EDGE_TTA_ACTIVE views= 8 weight= 0.75 mean_abs_feat_delta= 0.232529\n"}
,{"stream_name":"stdout","time":619.871029157,"data":"EDGE_TTA_ACTIVE views= 8 mean_abs_feat_delta= 0.331026\n"}
,{"stream_name":"stdout","time":620.073844343,"data":"EDGE_TTA_ACTIVE views= 8 mean_abs_feat_delta= 0.331026\n"}
,{"stream_name":"stdout","time":620.507836762,"data":"EDGE_TTA_ACTIVE views= 8 mean_abs_feat_delta= 0.372432\n"}
,{"stream_name":"stdout","time":620.710086471,"data":"EDGE_TTA_ACTIVE views= 8 mean_abs_feat_delta= 0.372432\n"}
,{"stream_name":"stdout","time":620.911105542,"data":"SECONDARY_EDGE_TTA_ACTIVE views= 8 weight= 0.75 mean_abs_feat_delta= 0.228868\n"}
,{"stream_name":"stdout","time":621.113454872,"data":"SECONDARY_EDGE_TTA_ACTIVE views= 8 weight= 0.75 mean_abs_feat_delta= 0.228868\n"}
,{"stream_name":"stdout","time":621.500495908,"data":"SECONDARY_EDGE_TTA_ACTIVE views= 8 weight= 0.75 mean_abs_feat_delta= 0.234792\n"}
,{"stream_name":"stdout","time":621.70323572,"data":"SECONDARY_EDGE_TTA_ACTIVE views= 8 weight= 0.75 mean_abs_feat_delta= 0.234792\n"}
,{"stream_name":"stdout","time":622.38484214,"data":"EDGE_TTA_ACTIVE views= 8 mean_abs_feat_delta= 0.33352\n"}
,{"stream_name":"stdout","time":622.585177272,"data":"EDGE_TTA_ACTIVE views= 8 mean_abs_feat_delta= 0.371331\n"}
,{"stream_name":"stdout","time":622.587256097,"data":"EDGE_TTA_ACTIVE views= 8 mean_abs_feat_delta= 0.33352\n"}
,{"stream_name":"stdout","time":622.587276527,"data":"EDGE_TTA_ACTIVE views= 8 mean_abs_feat_delta= 0.371331\n"}
,{"stream_name":"stdout","time":623.42960968,"data":"SECONDARY_EDGE_TTA_ACTIVE views= 8 weight= 0.75 mean_abs_feat_delta= 0.229406\n"}
,{"stream_name":"stdout","time":623.581613649,"data":"SECONDARY_EDGE_TTA_ACTIVE views= 8 weight= 0.75 mean_abs_feat_delta= 0.233309\n"}
,{"stream_name":"stdout","time":623.632104657,"data":"SECONDARY_EDGE_TTA_ACTIVE views= 8 weight= 0.75 mean_abs_feat_delta= 0.229406\n"}
,{"stream_name":"stdout","time":623.632151239,"data":"SECONDARY_EDGE_TTA_ACTIVE views= 8 weight= 0.75 mean_abs_feat_delta= 0.233309\n"}
,{"stream_name":"stdout","time":624.635602024,"data":"EDGE_TTA_ACTIVE views= 8 mean_abs_feat_delta= 0.369641\n"}
,{"stream_name":"stdout","time":624.829465433,"data":"EDGE_TTA_ACTIVE views= 8 mean_abs_feat_delta= 0.333668\n"}
,{"stream_name":"stdout","time":624.838110148,"data":"EDGE_TTA_ACTIVE views= 8 mean_abs_feat_delta= 0.369641\n"}
,{"stream_name":"stdout","time":624.83812798,"data":"EDGE_TTA_ACTIVE views= 8 mean_abs_feat_delta= 0.333668\n"}
,{"stream_name":"stdout","time":625.63180422,"data":"SECONDARY_EDGE_TTA_ACTIVE views= 8 weight= 0.75 mean_abs_feat_delta= 0.231091\n"}
,{"stream_name":"stdout","time":625.834217596,"data":"SECONDARY_EDGE_TTA_ACTIVE views= 8 weight= 0.75 mean_abs_feat_delta= 0.231091\n"}
,{"stream_name":"stdout","time":625.874283906,"data":"SECONDARY_EDGE_TTA_ACTIVE views= 8 weight= 0.75 mean_abs_feat_delta= 0.228734\n"}
,{"stream_name":"stdout","time":626.076725444,"data":"SECONDARY_EDGE_TTA_ACTIVE views= 8 weight= 0.75 mean_abs_feat_delta= 0.228734\n"}
,{"stream_name":"stdout","time":626.700200151,"data":"EDGE_TTA_ACTIVE views= 8 mean_abs_feat_delta= 0.371647\n"}
,{"stream_name":"stdout","time":626.902711165,"data":"EDGE_TTA_ACTIVE views= 8 mean_abs_feat_delta= 0.371647\n"}
,{"stream_name":"stdout","time":627.278918582,"data":"EDGE_TTA_ACTIVE views= 8 mean_abs_feat_delta= 0.326117\n"}
,{"stream_name":"stdout","time":627.481125674,"data":"EDGE_TTA_ACTIVE views= 8 mean_abs_feat_delta= 0.326117\n"}
,{"stream_name":"stdout","time":627.696751265,"data":"SECONDARY_EDGE_TTA_ACTIVE views= 8 weight= 0.75 mean_abs_feat_delta= 0.231415\n"}
,{"stream_name":"stdout","time":627.899184033,"data":"SECONDARY_EDGE_TTA_ACTIVE views= 8 weight= 0.75 mean_abs_feat_delta= 0.231415\n"}
,{"stream_name":"stdout","time":628.327153105,"data":"SECONDARY_EDGE_TTA_ACTIVE views= 8 weight= 0.75 mean_abs_feat_delta= 0.227258\n"}
,{"stream_name":"stdout","time":628.52971605,"data":"SECONDARY_EDGE_TTA_ACTIVE views= 8 weight= 0.75 mean_abs_feat_delta= 0.227258\n"}
,{"stream_name":"stdout","time":628.766678884,"data":"EDGE_TTA_ACTIVE views= 8 mean_abs_feat_delta= 0.368025\n"}
,{"stream_name":"stdout","time":628.968918296,"data":"EDGE_TTA_ACTIVE views= 8 mean_abs_feat_delta= 0.368025\n"}
,{"stream_name":"stdout","time":629.746599373,"data":"EDGE_TTA_ACTIVE views= 8 mean_abs_feat_delta= 0.327201\n"}
,{"stream_name":"stdout","time":629.765087543,"data":"SECONDARY_EDGE_TTA_ACTIVE views= 8 weight= 0.75 mean_abs_feat_delta= 0.232042\n"}
,{"stream_name":"stdout","time":629.949058456,"data":"EDGE_TTA_ACTIVE views= 8 mean_abs_feat_delta= 0.327201\n"}
,{"stream_name":"stdout","time":629.94910402,"data":"SECONDARY_EDGE_TTA_ACTIVE views= 8 weight= 0.75 mean_abs_feat_delta= 0.232042\n"}
,{"stream_name":"stdout","time":630.797247659,"data":"SECONDARY_EDGE_TTA_ACTIVE views= 8 weight= 0.75 mean_abs_feat_delta= 0.232919\n"}
,{"stream_name":"stdout","time":630.830165178,"data":"EDGE_TTA_ACTIVE views= 8 mean_abs_feat_delta= 0.362922\n"}
,{"stream_name":"stdout","time":630.99953186,"data":"SECONDARY_EDGE_TTA_ACTIVE views= 8 weight= 0.75 mean_abs_feat_delta= 0.232919\n"}
,{"stream_name":"stdout","time":630.999564693,"data":"EDGE_TTA_ACTIVE views= 8 mean_abs_feat_delta= 0.362922\n"}
,{"stream_name":"stdout","time":631.832997244,"data":"SECONDARY_EDGE_TTA_ACTIVE views= 8 weight= 0.75 mean_abs_feat_delta= 0.232766\n"}
,{"stream_name":"stdout","time":632.035177191,"data":"SECONDARY_EDGE_TTA_ACTIVE views= 8 weight= 0.75 mean_abs_feat_delta= 0.232766\n"}
,{"stream_name":"stdout","time":632.234163802,"data":"EDGE_TTA_ACTIVE views= 8 mean_abs_feat_delta= 0.330095\n"}
,{"stream_name":"stdout","time":632.436394144,"data":"EDGE_TTA_ACTIVE views= 8 mean_abs_feat_delta= 0.330095\n"}
,{"stream_name":"stdout","time":632.964415427,"data":"EDGE_TTA_ACTIVE views= 8 mean_abs_feat_delta= 0.352705\n"}
,{"stream_name":"stdout","time":633.166849886,"data":"EDGE_TTA_ACTIVE views= 8 mean_abs_feat_delta= 0.352705\n"}
,{"stream_name":"stdout","time":633.291444644,"data":"SECONDARY_EDGE_TTA_ACTIVE views= 8 weight= 0.75 mean_abs_feat_delta= 0.237762\n"}
,{"stream_name":"stdout","time":633.493609925,"data":"SECONDARY_EDGE_TTA_ACTIVE views= 8 weight= 0.75 mean_abs_feat_delta= 0.237762\n"}
,{"stream_name":"stdout","time":633.968842145,"data":"SECONDARY_EDGE_TTA_ACTIVE views= 8 weight= 0.75 mean_abs_feat_delta= 0.235979\n"}
,{"stream_name":"stdout","time":634.171088851,"data":"SECONDARY_EDGE_TTA_ACTIVE views= 8 weight= 0.75 mean_abs_feat_delta= 0.235979\n"}
,{"stream_name":"stdout","time":634.825905118,"data":"EDGE_TTA_ACTIVE views= 8 mean_abs_feat_delta= 0.333419\n"}
,{"stream_name":"stdout","time":635.028288658,"data":"EDGE_TTA_ACTIVE views= 8 mean_abs_feat_delta= 0.333419\n"}
,{"stream_name":"stdout","time":635.047164797,"data":"EDGE_TTA_ACTIVE views= 8 mean_abs_feat_delta= 0.336896\n"}
,{"stream_name":"stdout","time":635.249529044,"data":"EDGE_TTA_ACTIVE views= 8 mean_abs_feat_delta= 0.336896\n"}
,{"stream_name":"stdout","time":635.885065185,"data":"SECONDARY_EDGE_TTA_ACTIVE views= 8 weight= 0.75 mean_abs_feat_delta= 0.238631\n"}
,{"stream_name":"stdout","time":636.055519743,"data":"SECONDARY_EDGE_TTA_ACTIVE views= 8 weight= 0.75 mean_abs_feat_delta= 0.241376\n"}
,{"stream_name":"stdout","time":636.087587497,"data":"SECONDARY_EDGE_TTA_ACTIVE views= 8 weight= 0.75 mean_abs_feat_delta= 0.238631\n"}
,{"stream_name":"stdout","time":636.087620346,"data":"SECONDARY_EDGE_TTA_ACTIVE views= 8 weight= 0.75 mean_abs_feat_delta= 0.241376\n"}
,{"stream_name":"stdout","time":637.218077402,"data":"EDGE_TTA_ACTIVE views= 8 mean_abs_feat_delta= 0.34476\n"}
,{"stream_name":"stdout","time":637.29497888,"data":"EDGE_TTA_ACTIVE views= 8 mean_abs_feat_delta= 0.338616\n"}
,{"stream_name":"stdout","time":637.420380788,"data":"EDGE_TTA_ACTIVE views= 8 mean_abs_feat_delta= 0.34476\n"}
,{"stream_name":"stdout","time":637.420400038,"data":"EDGE_TTA_ACTIVE views= 8 mean_abs_feat_delta= 0.338616\n"}
,{"stream_name":"stdout","time":638.225200117,"data":"SECONDARY_EDGE_TTA_ACTIVE views= 8 weight= 0.75 mean_abs_feat_delta= 0.233304\n"}
,{"stream_name":"stdout","time":638.356520847,"data":"SECONDARY_EDGE_TTA_ACTIVE views= 8 weight= 0.75 mean_abs_feat_delta= 0.236776\n"}
,{"stream_name":"stdout","time":638.427950393,"data":"SECONDARY_EDGE_TTA_ACTIVE views= 8 weight= 0.75 mean_abs_feat_delta= 0.233304\n"}
,{"stream_name":"stdout","time":638.4279769,"data":"SECONDARY_EDGE_TTA_ACTIVE views= 8 weight= 0.75 mean_abs_feat_delta= 0.236776\n"}
,{"stream_name":"stdout","time":639.385280915,"data":"EDGE_TTA_ACTIVE views= 8 mean_abs_feat_delta= 0.351291\n"}
,{"stream_name":"stdout","time":639.587691873,"data":"EDGE_TTA_ACTIVE views= 8 mean_abs_feat_delta= 0.351291\n"}
,{"stream_name":"stdout","time":639.800115238,"data":"EDGE_TTA_ACTIVE views= 8 mean_abs_feat_delta= 0.335349\n"}
,{"stream_name":"stdout","time":640.00233413,"data":"EDGE_TTA_ACTIVE views= 8 mean_abs_feat_delta= 0.335349\n"}
,{"stream_name":"stdout","time":640.395157202,"data":"SECONDARY_EDGE_TTA_ACTIVE views= 8 weight= 0.75 mean_abs_feat_delta= 0.237349\n"}
,{"stream_name":"stdout","time":640.598015703,"data":"SECONDARY_EDGE_TTA_ACTIVE views= 8 weight= 0.75 mean_abs_feat_delta= 0.237349\n"}
,{"stream_name":"stdout","time":640.866311326,"data":"SECONDARY_EDGE_TTA_ACTIVE views= 8 weight= 0.75 mean_abs_feat_delta= 0.233805\n"}
,{"stream_name":"stdout","time":641.068897302,"data":"SECONDARY_EDGE_TTA_ACTIVE views= 8 weight= 0.75 mean_abs_feat_delta= 0.233805\n"}
,{"stream_name":"stdout","time":641.539184607,"data":"EDGE_TTA_ACTIVE views= 8 mean_abs_feat_delta= 0.350787\n"}
,{"stream_name":"stdout","time":641.741459191,"data":"EDGE_TTA_ACTIVE views= 8 mean_abs_feat_delta= 0.350787\n"}
,{"stream_name":"stdout","time":642.375026896,"data":"EDGE_TTA_ACTIVE views= 8 mean_abs_feat_delta= 0.337635\n"}
,{"stream_name":"stdout","time":642.546297815,"data":"SECONDARY_EDGE_TTA_ACTIVE views= 8 weight= 0.75 mean_abs_feat_delta= 0.237192\n"}
,{"stream_name":"stdout","time":642.577418499,"data":"EDGE_TTA_ACTIVE views= 8 mean_abs_feat_delta= 0.337635\n"}
,{"stream_name":"stdout","time":642.577440797,"data":"SECONDARY_EDGE_TTA_ACTIVE views= 8 weight= 0.75 mean_abs_feat_delta= 0.237192\n"}
,{"stream_name":"stdout","time":643.44112796,"data":"SECONDARY_EDGE_TTA_ACTIVE views= 8 weight= 0.75 mean_abs_feat_delta= 0.2393\n"}
,{"stream_name":"stdout","time":643.643655372,"data":"SECONDARY_EDGE_TTA_ACTIVE views= 8 weight= 0.75 mean_abs_feat_delta= 0.2393\n"}
,{"stream_name":"stdout","time":643.653490064,"data":"EDGE_TTA_ACTIVE views= 8 mean_abs_feat_delta= 0.352459\n"}
,{"stream_name":"stdout","time":643.855668001,"data":"EDGE_TTA_ACTIVE views= 8 mean_abs_feat_delta= 0.352459\n"}
,{"stream_name":"stdout","time":644.663678313,"data":"SECONDARY_EDGE_TTA_ACTIVE views= 8 weight= 0.75 mean_abs_feat_delta= 0.23579\n"}
,{"stream_name":"stdout","time":644.866116183,"data":"SECONDARY_EDGE_TTA_ACTIVE views= 8 weight= 0.75 mean_abs_feat_delta= 0.23579\n"}
,{"stream_name":"stdout","time":644.912294152,"data":"EDGE_TTA_ACTIVE views= 8 mean_abs_feat_delta= 0.336677\n"}
,{"stream_name":"stdout","time":645.114460445,"data":"EDGE_TTA_ACTIVE views= 8 mean_abs_feat_delta= 0.336677\n"}
,{"stream_name":"stdout","time":645.735459661,"data":"EDGE_TTA_ACTIVE views= 8 mean_abs_feat_delta= 0.343926\n"}
,{"stream_name":"stdout","time":645.937659522,"data":"EDGE_TTA_ACTIVE views= 8 mean_abs_feat_delta= 0.343926\n"}
,{"stream_name":"stdout","time":645.977078779,"data":"SECONDARY_EDGE_TTA_ACTIVE views= 8 weight= 0.75 mean_abs_feat_delta= 0.241418\n"}
,{"stream_name":"stdout","time":646.179378227,"data":"SECONDARY_EDGE_TTA_ACTIVE views= 8 weight= 0.75 mean_abs_feat_delta= 0.241418\n"}
,{"stream_name":"stdout","time":646.747432958,"data":"SECONDARY_EDGE_TTA_ACTIVE views= 8 weight= 0.75 mean_abs_feat_delta= 0.245733\n"}
,{"stream_name":"stdout","time":646.949996652,"data":"SECONDARY_EDGE_TTA_ACTIVE views= 8 weight= 0.75 mean_abs_feat_delta= 0.245733\n"}
,{"stream_name":"stdout","time":647.367274427,"data":"EDGE_TTA_ACTIVE views= 8 mean_abs_feat_delta= 0.334169\n"}
,{"stream_name":"stdout","time":647.569429535,"data":"EDGE_TTA_ACTIVE views= 8 mean_abs_feat_delta= 0.334169\n"}
,{"stream_name":"stdout","time":647.849930001,"data":"EDGE_TTA_ACTIVE views= 8 mean_abs_feat_delta= 0.361961\n"}
,{"stream_name":"stdout","time":648.09250291,"data":"EDGE_TTA_ACTIVE views= 8 mean_abs_feat_delta= 0.361961\n"}
,{"stream_name":"stdout","time":648.435614358,"data":"SECONDARY_EDGE_TTA_ACTIVE views= 8 weight= 0.75 mean_abs_feat_delta= 0.240548\n"}
,{"stream_name":"stdout","time":648.638084123,"data":"SECONDARY_EDGE_TTA_ACTIVE views= 8 weight= 0.75 mean_abs_feat_delta= 0.240548\n"}
,{"stream_name":"stdout","time":648.862297766,"data":"SECONDARY_EDGE_TTA_ACTIVE views= 8 weight= 0.75 mean_abs_feat_delta= 0.237609\n"}
,{"stream_name":"stdout","time":649.065026256,"data":"SECONDARY_EDGE_TTA_ACTIVE views= 8 weight= 0.75 mean_abs_feat_delta= 0.237609\n"}
,{"stream_name":"stdout","time":649.845952261,"data":"EDGE_TTA_ACTIVE views= 8 mean_abs_feat_delta= 0.334586\n"}
,{"stream_name":"stdout","time":650.04842524,"data":"EDGE_TTA_ACTIVE views= 8 mean_abs_feat_delta= 0.334586\n"}
,{"stream_name":"stdout","time":650.053619649,"data":"EDGE_TTA_ACTIVE views= 8 mean_abs_feat_delta= 0.359198\n"}
,{"stream_name":"stdout","time":650.255865801,"data":"EDGE_TTA_ACTIVE views= 8 mean_abs_feat_delta= 0.359198\n"}
,{"stream_name":"stdout","time":650.915234601,"data":"SECONDARY_EDGE_TTA_ACTIVE views= 8 weight= 0.75 mean_abs_feat_delta= 0.239217\n"}
,{"stream_name":"stdout","time":651.066242862,"data":"SECONDARY_EDGE_TTA_ACTIVE views= 8 weight= 0.75 mean_abs_feat_delta= 0.24975\n"}
,{"stream_name":"stdout","time":651.117598161,"data":"SECONDARY_EDGE_TTA_ACTIVE views= 8 weight= 0.75 mean_abs_feat_delta= 0.239217\n"}
,{"stream_name":"stdout","time":651.117624396,"data":"SECONDARY_EDGE_TTA_ACTIVE views= 8 weight= 0.75 mean_abs_feat_delta= 0.24975\n"}
,{"stream_name":"stdout","time":652.157106177,"data":"EDGE_TTA_ACTIVE views= 8 mean_abs_feat_delta= 0.364122\n"}
,{"stream_name":"stdout","time":652.359440597,"data":"EDGE_TTA_ACTIVE views= 8 mean_abs_feat_delta= 0.364122\n"}
,{"stream_name":"stdout","time":652.471905609,"data":"EDGE_TTA_ACTIVE views= 8 mean_abs_feat_delta= 0.333591\n"}
,{"stream_name":"stdout","time":652.674195539,"data":"EDGE_TTA_ACTIVE views= 8 mean_abs_feat_delta= 0.333591\n"}
,{"stream_name":"stdout","time":653.168446819,"data":"SECONDARY_EDGE_TTA_ACTIVE views= 8 weight= 0.75 mean_abs_feat_delta= 0.23735\n"}
,{"stream_name":"stdout","time":653.370720598,"data":"SECONDARY_EDGE_TTA_ACTIVE views= 8 weight= 0.75 mean_abs_feat_delta= 0.23735\n"}
,{"stream_name":"stdout","time":653.538010129,"data":"SECONDARY_EDGE_TTA_ACTIVE views= 8 weight= 0.75 mean_abs_feat_delta= 0.238117\n"}
,{"stream_name":"stdout","time":653.740423123,"data":"SECONDARY_EDGE_TTA_ACTIVE views= 8 weight= 0.75 mean_abs_feat_delta= 0.238117\n"}
,{"stream_name":"stdout","time":654.314512457,"data":"EDGE_TTA_ACTIVE views= 8 mean_abs_feat_delta= 0.357428\n"}
,{"stream_name":"stdout","time":654.517041279,"data":"EDGE_TTA_ACTIVE views= 8 mean_abs_feat_delta= 0.357428\n"}
,{"stream_name":"stdout","time":654.963897956,"data":"EDGE_TTA_ACTIVE views= 8 mean_abs_feat_delta= 0.333424\n"}
,{"stream_name":"stdout","time":655.166135553,"data":"EDGE_TTA_ACTIVE views= 8 mean_abs_feat_delta= 0.333424\n"}
,{"stream_name":"stdout","time":655.325384215,"data":"SECONDARY_EDGE_TTA_ACTIVE views= 8 weight= 0.75 mean_abs_feat_delta= 0.239857\n"}
,{"stream_name":"stdout","time":655.527823799,"data":"SECONDARY_EDGE_TTA_ACTIVE views= 8 weight= 0.75 mean_abs_feat_delta= 0.239857\n"}
,{"stream_name":"stdout","time":656.031044182,"data":"SECONDARY_EDGE_TTA_ACTIVE views= 8 weight= 0.75 mean_abs_feat_delta= 0.241111\n"}
,{"stream_name":"stdout","time":656.233564637,"data":"SECONDARY_EDGE_TTA_ACTIVE views= 8 weight= 0.75 mean_abs_feat_delta= 0.241111\n"}
,{"stream_name":"stdout","time":656.493679873,"data":"EDGE_TTA_ACTIVE views= 8 mean_abs_feat_delta= 0.343652\n"}
,{"stream_name":"stdout","time":656.696142841,"data":"EDGE_TTA_ACTIVE views= 8 mean_abs_feat_delta= 0.343652\n"}
,{"stream_name":"stdout","time":657.453284464,"data":"EDGE_TTA_ACTIVE views= 8 mean_abs_feat_delta= 0.329672\n"}
,{"stream_name":"stdout","time":657.506765948,"data":"SECONDARY_EDGE_TTA_ACTIVE views= 8 weight= 0.75 mean_abs_feat_delta= 0.246472\n"}
,{"stream_name":"stdout","time":657.655816213,"data":"EDGE_TTA_ACTIVE views= 8 mean_abs_feat_delta= 0.329672\n"}
,{"stream_name":"stdout","time":657.655848761,"data":"SECONDARY_EDGE_TTA_ACTIVE views= 8 weight= 0.75 mean_abs_feat_delta= 0.246472\n"}
,{"stream_name":"stdout","time":658.518596848,"data":"SECONDARY_EDGE_TTA_ACTIVE views= 8 weight= 0.75 mean_abs_feat_delta= 0.233408\n"}
,{"stream_name":"stdout","time":658.644873074,"data":"EDGE_TTA_ACTIVE views= 8 mean_abs_feat_delta= 0.355033\n"}
,{"stream_name":"stdout","time":658.720792956,"data":"SECONDARY_EDGE_TTA_ACTIVE views= 8 weight= 0.75 mean_abs_feat_delta= 0.233408\n"}
,{"stream_name":"stdout","time":658.720818711,"data":"EDGE_TTA_ACTIVE views= 8 mean_abs_feat_delta= 0.355033\n"}
,{"stream_name":"stdout","time":659.657993231,"data":"SECONDARY_EDGE_TTA_ACTIVE views= 8 weight= 0.75 mean_abs_feat_delta= 0.23837\n"}
,{"stream_name":"stdout","time":659.860659066,"data":"SECONDARY_EDGE_TTA_ACTIVE views= 8 weight= 0.75 mean_abs_feat_delta= 0.23837\n"}
,{"stream_name":"stdout","time":659.988448368,"data":"EDGE_TTA_ACTIVE views= 8 mean_abs_feat_delta= 0.330847\n"}
,{"stream_name":"stdout","time":660.190890416,"data":"EDGE_TTA_ACTIVE views= 8 mean_abs_feat_delta= 0.330847\n"}
,{"stream_name":"stdout","time":660.742707482,"data":"EDGE_TTA_ACTIVE views= 8 mean_abs_feat_delta= 0.351347\n"}
,{"stream_name":"stdout","time":660.945302382,"data":"EDGE_TTA_ACTIVE views= 8 mean_abs_feat_delta= 0.351347\n"}
,{"stream_name":"stdout","time":661.05041455,"data":"SECONDARY_EDGE_TTA_ACTIVE views= 8 weight= 0.75 mean_abs_feat_delta= 0.236893\n"}
,{"stream_name":"stdout","time":661.252863412,"data":"SECONDARY_EDGE_TTA_ACTIVE views= 8 weight= 0.75 mean_abs_feat_delta= 0.236893\n"}
,{"stream_name":"stdout","time":661.748744593,"data":"SECONDARY_EDGE_TTA_ACTIVE views= 8 weight= 0.75 mean_abs_feat_delta= 0.23794\n"}
,{"stream_name":"stdout","time":661.951215546,"data":"SECONDARY_EDGE_TTA_ACTIVE views= 8 weight= 0.75 mean_abs_feat_delta= 0.23794\n"}
,{"stream_name":"stdout","time":662.532896321,"data":"EDGE_TTA_ACTIVE views= 8 mean_abs_feat_delta= 0.332545\n"}
,{"stream_name":"stdout","time":662.735494107,"data":"EDGE_TTA_ACTIVE views= 8 mean_abs_feat_delta= 0.332545\n"}
,{"stream_name":"stdout","time":662.856383564,"data":"EDGE_TTA_ACTIVE views= 8 mean_abs_feat_delta= 0.353252\n"}
,{"stream_name":"stdout","time":663.058789216,"data":"EDGE_TTA_ACTIVE views= 8 mean_abs_feat_delta= 0.353252\n"}
,{"stream_name":"stdout","time":663.597473576,"data":"SECONDARY_EDGE_TTA_ACTIVE views= 8 weight= 0.75 mean_abs_feat_delta= 0.244446\n"}
,{"stream_name":"stdout","time":663.799907992,"data":"SECONDARY_EDGE_TTA_ACTIVE views= 8 weight= 0.75 mean_abs_feat_delta= 0.244446\n"}
,{"stream_name":"stdout","time":663.863797667,"data":"SECONDARY_EDGE_TTA_ACTIVE views= 8 weight= 0.75 mean_abs_feat_delta= 0.237401\n"}
,{"stream_name":"stdout","time":664.066212893,"data":"SECONDARY_EDGE_TTA_ACTIVE views= 8 weight= 0.75 mean_abs_feat_delta= 0.237401\n"}
,{"stream_name":"stdout","time":664.992704533,"data":"EDGE_TTA_ACTIVE views= 8 mean_abs_feat_delta= 0.333406\n"}
,{"stream_name":"stdout","time":664.995702723,"data":"EDGE_TTA_ACTIVE views= 8 mean_abs_feat_delta= 0.33905\n"}
,{"stream_name":"stdout","time":665.195360424,"data":"EDGE_TTA_ACTIVE views= 8 mean_abs_feat_delta= 0.333406\n"}
,{"stream_name":"stdout","time":665.195484024,"data":"EDGE_TTA_ACTIVE views= 8 mean_abs_feat_delta= 0.33905\n"}
,{"stream_name":"stdout","time":666.006440788,"data":"SECONDARY_EDGE_TTA_ACTIVE views= 8 weight= 0.75 mean_abs_feat_delta= 0.245673\n"}
,{"stream_name":"stdout","time":666.052905157,"data":"SECONDARY_EDGE_TTA_ACTIVE views= 8 weight= 0.75 mean_abs_feat_delta= 0.249633\n"}
,{"stream_name":"stdout","time":666.209021404,"data":"SECONDARY_EDGE_TTA_ACTIVE views= 8 weight= 0.75 mean_abs_feat_delta= 0.245673\n"}
,{"stream_name":"stdout","time":666.209091313,"data":"SECONDARY_EDGE_TTA_ACTIVE views= 8 weight= 0.75 mean_abs_feat_delta= 0.249633\n"}
,{"stream_name":"stdout","time":667.083736931,"data":"EDGE_TTA_ACTIVE views= 8 mean_abs_feat_delta= 0.354422\n"}
,{"stream_name":"stdout","time":667.286176307,"data":"EDGE_TTA_ACTIVE views= 8 mean_abs_feat_delta= 0.354422\n"}
,{"stream_name":"stdout","time":667.478387321,"data":"EDGE_TTA_ACTIVE views= 8 mean_abs_feat_delta= 0.33416\n"}
,{"stream_name":"stdout","time":667.680628127,"data":"EDGE_TTA_ACTIVE views= 8 mean_abs_feat_delta= 0.33416\n"}
,{"stream_name":"stdout","time":668.09104628,"data":"SECONDARY_EDGE_TTA_ACTIVE views= 8 weight= 0.75 mean_abs_feat_delta= 0.235875\n"}
,{"stream_name":"stdout","time":668.293591345,"data":"SECONDARY_EDGE_TTA_ACTIVE views= 8 weight= 0.75 mean_abs_feat_delta= 0.235875\n"}
,{"stream_name":"stdout","time":668.542375727,"data":"SECONDARY_EDGE_TTA_ACTIVE views= 8 weight= 0.75 mean_abs_feat_delta= 0.246702\n"}
,{"stream_name":"stdout","time":668.744418688,"data":"SECONDARY_EDGE_TTA_ACTIVE views= 8 weight= 0.75 mean_abs_feat_delta= 0.246702\n"}
,{"stream_name":"stdout","time":669.224070634,"data":"EDGE_TTA_ACTIVE views= 8 mean_abs_feat_delta= 0.359708\n"}
,{"stream_name":"stdout","time":669.426359873,"data":"EDGE_TTA_ACTIVE views= 8 mean_abs_feat_delta= 0.359708\n"}
,{"stream_name":"stdout","time":669.931554675,"data":"EDGE_TTA_ACTIVE views= 8 mean_abs_feat_delta= 0.335015\n"}
,{"stream_name":"stdout","time":670.133868276,"data":"EDGE_TTA_ACTIVE views= 8 mean_abs_feat_delta= 0.335015\n"}
,{"stream_name":"stdout","time":670.226824151,"data":"SECONDARY_EDGE_TTA_ACTIVE views= 8 weight= 0.75 mean_abs_feat_delta= 0.241531\n"}
,{"stream_name":"stdout","time":670.429127189,"data":"SECONDARY_EDGE_TTA_ACTIVE views= 8 weight= 0.75 mean_abs_feat_delta= 0.241531\n"}
,{"stream_name":"stdout","time":670.987538976,"data":"SECONDARY_EDGE_TTA_ACTIVE views= 8 weight= 0.75 mean_abs_feat_delta= 0.239557\n"}
,{"stream_name":"stdout","time":671.190473886,"data":"SECONDARY_EDGE_TTA_ACTIVE views= 8 weight= 0.75 mean_abs_feat_delta= 0.239557\n"}
,{"stream_name":"stdout","time":671.319822008,"data":"EDGE_TTA_ACTIVE views= 8 mean_abs_feat_delta= 0.359515\n"}
,{"stream_name":"stdout","time":671.522168391,"data":"EDGE_TTA_ACTIVE views= 8 mean_abs_feat_delta= 0.359515\n"}
,{"stream_name":"stdout","time":672.330192707,"data":"SECONDARY_EDGE_TTA_ACTIVE views= 8 weight= 0.75 mean_abs_feat_delta= 0.238654\n"}
,{"stream_name":"stdout","time":672.480660888,"data":"EDGE_TTA_ACTIVE views= 8 mean_abs_feat_delta= 0.342511\n"}
,{"stream_name":"stdout","time":672.531727107,"data":"SECONDARY_EDGE_TTA_ACTIVE views= 8 weight= 0.75 mean_abs_feat_delta= 0.238654\n"}
,{"stream_name":"stdout","time":672.531756161,"data":"EDGE_TTA_ACTIVE views= 8 mean_abs_feat_delta= 0.342511\n"}
,{"stream_name":"stdout","time":673.42608741,"data":"EDGE_TTA_ACTIVE views= 8 mean_abs_feat_delta= 0.356987\n"}
,{"stream_name":"stdout","time":673.537035986,"data":"SECONDARY_EDGE_TTA_ACTIVE views= 8 weight= 0.75 mean_abs_feat_delta= 0.238104\n"}
,{"stream_name":"stdout","time":673.628567797,"data":"EDGE_TTA_ACTIVE views= 8 mean_abs_feat_delta= 0.356987\n"}
,{"stream_name":"stdout","time":673.628594727,"data":"SECONDARY_EDGE_TTA_ACTIVE views= 8 weight= 0.75 mean_abs_feat_delta= 0.238104\n"}
,{"stream_name":"stdout","time":674.432381225,"data":"SECONDARY_EDGE_TTA_ACTIVE views= 8 weight= 0.75 mean_abs_feat_delta= 0.235897\n"}
,{"stream_name":"stdout","time":674.63486629,"data":"SECONDARY_EDGE_TTA_ACTIVE views= 8 weight= 0.75 mean_abs_feat_delta= 0.235897\n"}
,{"stream_name":"stdout","time":674.948387653,"data":"EDGE_TTA_ACTIVE views= 8 mean_abs_feat_delta= 0.342159\n"}
,{"stream_name":"stdout","time":675.150740258,"data":"EDGE_TTA_ACTIVE views= 8 mean_abs_feat_delta= 0.342159\n"}
,{"stream_name":"stdout","time":675.55421314,"data":"EDGE_TTA_ACTIVE views= 8 mean_abs_feat_delta= 0.358806\n"}
,{"stream_name":"stdout","time":675.756777795,"data":"EDGE_TTA_ACTIVE views= 8 mean_abs_feat_delta= 0.358806\n"}
,{"stream_name":"stdout","time":676.004675586,"data":"SECONDARY_EDGE_TTA_ACTIVE views= 8 weight= 0.75 mean_abs_feat_delta= 0.239919\n"}
,{"stream_name":"stdout","time":676.207059692,"data":"SECONDARY_EDGE_TTA_ACTIVE views= 8 weight= 0.75 mean_abs_feat_delta= 0.239919\n"}
,{"stream_name":"stdout","time":676.562653958,"data":"SECONDARY_EDGE_TTA_ACTIVE views= 8 weight= 0.75 mean_abs_feat_delta= 0.232787\n"}
,{"stream_name":"stdout","time":676.764947339,"data":"SECONDARY_EDGE_TTA_ACTIVE views= 8 weight= 0.75 mean_abs_feat_delta= 0.232787\n"}
,{"stream_name":"stdout","time":677.407192864,"data":"EDGE_TTA_ACTIVE views= 8 mean_abs_feat_delta= 0.340811\n"}
,{"stream_name":"stdout","time":677.609599209,"data":"EDGE_TTA_ACTIVE views= 8 mean_abs_feat_delta= 0.340811\n"}
,{"stream_name":"stdout","time":677.636540731,"data":"EDGE_TTA_ACTIVE views= 8 mean_abs_feat_delta= 0.360605\n"}
,{"stream_name":"stdout","time":677.838939698,"data":"EDGE_TTA_ACTIVE views= 8 mean_abs_feat_delta= 0.360605\n"}
,{"stream_name":"stdout","time":678.461568651,"data":"SECONDARY_EDGE_TTA_ACTIVE views= 8 weight= 0.75 mean_abs_feat_delta= 0.238456\n"}
,{"stream_name":"stdout","time":678.636211445,"data":"SECONDARY_EDGE_TTA_ACTIVE views= 8 weight= 0.75 mean_abs_feat_delta= 0.235419\n"}
,{"stream_name":"stdout","time":678.715193425,"data":"SECONDARY_EDGE_TTA_ACTIVE views= 8 weight= 0.75 mean_abs_feat_delta= 0.238456\n"}
,{"stream_name":"stdout","time":678.715225575,"data":"SECONDARY_EDGE_TTA_ACTIVE views= 8 weight= 0.75 mean_abs_feat_delta= 0.235419\n"}
,{"stream_name":"stdout","time":679.701893804,"data":"EDGE_TTA_ACTIVE views= 8 mean_abs_feat_delta= 0.35888\n"}
,{"stream_name":"stdout","time":679.870583129,"data":"EDGE_TTA_ACTIVE views= 8 mean_abs_feat_delta= 0.349582\n"}
,{"stream_name":"stdout","time":679.904181802,"data":"EDGE_TTA_ACTIVE views= 8 mean_abs_feat_delta= 0.35888\n"}
,{"stream_name":"stdout","time":679.904202891,"data":"EDGE_TTA_ACTIVE views= 8 mean_abs_feat_delta= 0.349582\n"}
,{"stream_name":"stdout","time":680.700990639,"data":"SECONDARY_EDGE_TTA_ACTIVE views= 8 weight= 0.75 mean_abs_feat_delta= 0.232021\n"}
,{"stream_name":"stdout","time":680.903351077,"data":"SECONDARY_EDGE_TTA_ACTIVE views= 8 weight= 0.75 mean_abs_feat_delta= 0.232021\n"}
,{"stream_name":"stdout","time":680.923112889,"data":"SECONDARY_EDGE_TTA_ACTIVE views= 8 weight= 0.75 mean_abs_feat_delta= 0.237938\n"}
,{"stream_name":"stdout","time":681.125574398,"data":"SECONDARY_EDGE_TTA_ACTIVE views= 8 weight= 0.75 mean_abs_feat_delta= 0.237938\n"}
,{"stream_name":"stdout","time":681.7934514,"data":"EDGE_TTA_ACTIVE views= 8 mean_abs_feat_delta= 0.364525\n"}
,{"stream_name":"stdout","time":681.995935495,"data":"EDGE_TTA_ACTIVE views= 8 mean_abs_feat_delta= 0.364525\n"}
,{"stream_name":"stdout","time":682.392663614,"data":"EDGE_TTA_ACTIVE views= 8 mean_abs_feat_delta= 0.350508\n"}
,{"stream_name":"stdout","time":682.595205427,"data":"EDGE_TTA_ACTIVE views= 8 mean_abs_feat_delta= 0.350508\n"}
,{"stream_name":"stdout","time":682.797503677,"data":"SECONDARY_EDGE_TTA_ACTIVE views= 8 weight= 0.75 mean_abs_feat_delta= 0.235438\n"}
,{"stream_name":"stdout","time":682.999761726,"data":"SECONDARY_EDGE_TTA_ACTIVE views= 8 weight= 0.75 mean_abs_feat_delta= 0.235438\n"}
,{"stream_name":"stdout","time":683.44458854,"data":"SECONDARY_EDGE_TTA_ACTIVE views= 8 weight= 0.75 mean_abs_feat_delta= 0.242027\n"}
,{"stream_name":"stdout","time":683.64694449,"data":"SECONDARY_EDGE_TTA_ACTIVE views= 8 weight= 0.75 mean_abs_feat_delta= 0.242027\n"}
,{"stream_name":"stdout","time":683.955186313,"data":"EDGE_TTA_ACTIVE views= 8 mean_abs_feat_delta= 0.367055\n"}
,{"stream_name":"stdout","time":684.157520757,"data":"EDGE_TTA_ACTIVE views= 8 mean_abs_feat_delta= 0.367055\n"}
,{"stream_name":"stdout","time":684.786809626,"data":"EDGE_TTA_ACTIVE views= 8 mean_abs_feat_delta= 0.347721\n"}
,{"stream_name":"stdout","time":684.954516978,"data":"SECONDARY_EDGE_TTA_ACTIVE views= 8 weight= 0.75 mean_abs_feat_delta= 0.238512\n"}
,{"stream_name":"stdout","time":684.989193936,"data":"EDGE_TTA_ACTIVE views= 8 mean_abs_feat_delta= 0.347721\n"}
,{"stream_name":"stdout","time":684.989214302,"data":"SECONDARY_EDGE_TTA_ACTIVE views= 8 weight= 0.75 mean_abs_feat_delta= 0.238512\n"}
,{"stream_name":"stdout","time":685.834824808,"data":"SECONDARY_EDGE_TTA_ACTIVE views= 8 weight= 0.75 mean_abs_feat_delta= 0.244117\n"}
,{"stream_name":"stdout","time":686.037175136,"data":"SECONDARY_EDGE_TTA_ACTIVE views= 8 weight= 0.75 mean_abs_feat_delta= 0.244117\n"}
,{"stream_name":"stdout","time":686.070590398,"data":"EDGE_TTA_ACTIVE views= 8 mean_abs_feat_delta= 0.351417\n"}
,{"stream_name":"stdout","time":686.273453371,"data":"EDGE_TTA_ACTIVE views= 8 mean_abs_feat_delta= 0.351417\n"}
,{"stream_name":"stdout","time":687.075959248,"data":"SECONDARY_EDGE_TTA_ACTIVE views= 8 weight= 0.75 mean_abs_feat_delta= 0.246384\n"}
,{"stream_name":"stdout","time":687.274423756,"data":"EDGE_TTA_ACTIVE views= 8 mean_abs_feat_delta= 0.347752\n"}
,{"stream_name":"stdout","time":687.278465315,"data":"SECONDARY_EDGE_TTA_ACTIVE views= 8 weight= 0.75 mean_abs_feat_delta= 0.246384\n"}
,{"stream_name":"stdout","time":687.278485671,"data":"EDGE_TTA_ACTIVE views= 8 mean_abs_feat_delta= 0.347752\n"}
,{"stream_name":"stdout","time":688.230912355,"data":"EDGE_TTA_ACTIVE views= 8 mean_abs_feat_delta= 0.363487\n"}
,{"stream_name":"stdout","time":688.325183773,"data":"SECONDARY_EDGE_TTA_ACTIVE views= 8 weight= 0.75 mean_abs_feat_delta= 0.243325\n"}
,{"stream_name":"stdout","time":688.433545505,"data":"EDGE_TTA_ACTIVE views= 8 mean_abs_feat_delta= 0.363487\n"}
,{"stream_name":"stdout","time":688.43357315,"data":"SECONDARY_EDGE_TTA_ACTIVE views= 8 weight= 0.75 mean_abs_feat_delta= 0.243325\n"}
,{"stream_name":"stdout","time":689.232362515,"data":"SECONDARY_EDGE_TTA_ACTIVE views= 8 weight= 0.75 mean_abs_feat_delta= 0.234938\n"}
,{"stream_name":"stdout","time":689.434694612,"data":"SECONDARY_EDGE_TTA_ACTIVE views= 8 weight= 0.75 mean_abs_feat_delta= 0.234938\n"}
,{"stream_name":"stdout","time":689.698822014,"data":"EDGE_TTA_ACTIVE views= 8 mean_abs_feat_delta= 0.347648\n"}
,{"stream_name":"stdout","time":689.901114703,"data":"EDGE_TTA_ACTIVE views= 8 mean_abs_feat_delta= 0.347648\n"}
,{"stream_name":"stdout","time":690.335487598,"data":"EDGE_TTA_ACTIVE views= 8 mean_abs_feat_delta= 0.361591\n"}
,{"stream_name":"stdout","time":690.537682872,"data":"EDGE_TTA_ACTIVE views= 8 mean_abs_feat_delta= 0.361591\n"}
,{"stream_name":"stdout","time":690.745613324,"data":"SECONDARY_EDGE_TTA_ACTIVE views= 8 weight= 0.75 mean_abs_feat_delta= 0.244042\n"}
,{"stream_name":"stdout","time":690.949946586,"data":"SECONDARY_EDGE_TTA_ACTIVE views= 8 weight= 0.75 mean_abs_feat_delta= 0.244042\n"}
,{"stream_name":"stdout","time":691.330951556,"data":"SECONDARY_EDGE_TTA_ACTIVE views= 8 weight= 0.75 mean_abs_feat_delta= 0.237752\n"}
,{"stream_name":"stdout","time":691.5338691,"data":"SECONDARY_EDGE_TTA_ACTIVE views= 8 weight= 0.75 mean_abs_feat_delta= 0.237752\n"}
,{"stream_name":"stdout","time":692.108132327,"data":"EDGE_TTA_ACTIVE views= 8 mean_abs_feat_delta= 0.350568\n"}
,{"stream_name":"stdout","time":692.310378458,"data":"EDGE_TTA_ACTIVE views= 8 mean_abs_feat_delta= 0.350568\n"}
,{"stream_name":"stdout","time":692.402607733,"data":"EDGE_TTA_ACTIVE views= 8 mean_abs_feat_delta= 0.35878\n"}
,{"stream_name":"stdout","time":692.604814056,"data":"EDGE_TTA_ACTIVE views= 8 mean_abs_feat_delta= 0.35878\n"}
,{"stream_name":"stdout","time":693.152955565,"data":"SECONDARY_EDGE_TTA_ACTIVE views= 8 weight= 0.75 mean_abs_feat_delta= 0.24973\n"}
,{"stream_name":"stdout","time":693.355744735,"data":"SECONDARY_EDGE_TTA_ACTIVE views= 8 weight= 0.75 mean_abs_feat_delta= 0.24973\n"}
,{"stream_name":"stdout","time":693.399375864,"data":"SECONDARY_EDGE_TTA_ACTIVE views= 8 weight= 0.75 mean_abs_feat_delta= 0.23573\n"}
,{"stream_name":"stdout","time":693.602148337,"data":"SECONDARY_EDGE_TTA_ACTIVE views= 8 weight= 0.75 mean_abs_feat_delta= 0.23573\n"}
,{"stream_name":"stdout","time":694.508519514,"data":"EDGE_TTA_ACTIVE views= 8 mean_abs_feat_delta= 0.361252\n"}
,{"stream_name":"stdout","time":694.524428071,"data":"EDGE_TTA_ACTIVE views= 8 mean_abs_feat_delta= 0.339277\n"}
,{"stream_name":"stdout","time":694.710760808,"data":"EDGE_TTA_ACTIVE views= 8 mean_abs_feat_delta= 0.361252\n"}
,{"stream_name":"stdout","time":694.710828416,"data":"EDGE_TTA_ACTIVE views= 8 mean_abs_feat_delta= 0.339277\n"}
,{"stream_name":"stdout","time":695.506081501,"data":"SECONDARY_EDGE_TTA_ACTIVE views= 8 weight= 0.75 mean_abs_feat_delta= 0.235636\n"}
,{"stream_name":"stdout","time":695.571585662,"data":"SECONDARY_EDGE_TTA_ACTIVE views= 8 weight= 0.75 mean_abs_feat_delta= 0.239339\n"}
,{"stream_name":"stdout","time":695.708451561,"data":"SECONDARY_EDGE_TTA_ACTIVE views= 8 weight= 0.75 mean_abs_feat_delta= 0.235636\n"}
,{"stream_name":"stdout","time":695.708481218,"data":"SECONDARY_EDGE_TTA_ACTIVE views= 8 weight= 0.75 mean_abs_feat_delta= 0.239339\n"}
,{"stream_name":"stdout","time":696.65865119,"data":"EDGE_TTA_ACTIVE views= 8 mean_abs_feat_delta= 0.357825\n"}
,{"stream_name":"stdout","time":696.861661264,"data":"EDGE_TTA_ACTIVE views= 8 mean_abs_feat_delta= 0.357825\n"}
,{"stream_name":"stdout","time":697.000150484,"data":"EDGE_TTA_ACTIVE views= 8 mean_abs_feat_delta= 0.341866\n"}
,{"stream_name":"stdout","time":697.202740197,"data":"EDGE_TTA_ACTIVE views= 8 mean_abs_feat_delta= 0.341866\n"}
,{"stream_name":"stdout","time":697.6612631,"data":"SECONDARY_EDGE_TTA_ACTIVE views= 8 weight= 0.75 mean_abs_feat_delta= 0.23299\n"}
,{"stream_name":"stdout","time":697.863656343,"data":"SECONDARY_EDGE_TTA_ACTIVE views= 8 weight= 0.75 mean_abs_feat_delta= 0.23299\n"}
,{"stream_name":"stdout","time":698.047653307,"data":"SECONDARY_EDGE_TTA_ACTIVE views= 8 weight= 0.75 mean_abs_feat_delta= 0.244666\n"}
,{"stream_name":"stdout","time":698.250120084,"data":"SECONDARY_EDGE_TTA_ACTIVE views= 8 weight= 0.75 mean_abs_feat_delta= 0.244666\n"}
,{"stream_name":"stdout","time":698.783239646,"data":"EDGE_TTA_ACTIVE views= 8 mean_abs_feat_delta= 0.356818\n"}
,{"stream_name":"stdout","time":698.985545521,"data":"EDGE_TTA_ACTIVE views= 8 mean_abs_feat_delta= 0.356818\n"}
,{"stream_name":"stdout","time":699.473456647,"data":"EDGE_TTA_ACTIVE views= 8 mean_abs_feat_delta= 0.344401\n"}
,{"stream_name":"stdout","time":699.676063492,"data":"EDGE_TTA_ACTIVE views= 8 mean_abs_feat_delta= 0.344401\n"}
,{"stream_name":"stdout","time":699.779951004,"data":"SECONDARY_EDGE_TTA_ACTIVE views= 8 weight= 0.75 mean_abs_feat_delta= 0.232458\n"}
,{"stream_name":"stdout","time":699.982365278,"data":"SECONDARY_EDGE_TTA_ACTIVE views= 8 weight= 0.75 mean_abs_feat_delta= 0.232458\n"}
,{"stream_name":"stdout","time":700.519339291,"data":"SECONDARY_EDGE_TTA_ACTIVE views= 8 weight= 0.75 mean_abs_feat_delta= 0.244039\n"}
,{"stream_name":"stdout","time":700.72192755,"data":"SECONDARY_EDGE_TTA_ACTIVE views= 8 weight= 0.75 mean_abs_feat_delta= 0.244039\n"}
,{"stream_name":"stdout","time":700.930999922,"data":"EDGE_TTA_ACTIVE views= 8 mean_abs_feat_delta= 0.358323\n"}
,{"stream_name":"stdout","time":701.133839236,"data":"EDGE_TTA_ACTIVE views= 8 mean_abs_feat_delta= 0.358323\n"}
,{"stream_name":"stdout","time":701.927377419,"data":"SECONDARY_EDGE_TTA_ACTIVE views= 8 weight= 0.75 mean_abs_feat_delta= 0.232166\n"}
,{"stream_name":"stdout","time":701.957918806,"data":"EDGE_TTA_ACTIVE views= 8 mean_abs_feat_delta= 0.341738\n"}
,{"stream_name":"stdout","time":702.129514282,"data":"SECONDARY_EDGE_TTA_ACTIVE views= 8 weight= 0.75 mean_abs_feat_delta= 0.232166\n"}
,{"stream_name":"stdout","time":702.129546202,"data":"EDGE_TTA_ACTIVE views= 8 mean_abs_feat_delta= 0.341738\n"}
,{"stream_name":"stdout","time":703.004397049,"data":"SECONDARY_EDGE_TTA_ACTIVE views= 8 weight= 0.75 mean_abs_feat_delta= 0.245322\n"}
,{"stream_name":"stdout","time":703.048038329,"data":"EDGE_TTA_ACTIVE views= 8 mean_abs_feat_delta= 0.352135\n"}
,{"stream_name":"stdout","time":703.206836262,"data":"SECONDARY_EDGE_TTA_ACTIVE views= 8 weight= 0.75 mean_abs_feat_delta= 0.245322\n"}
,{"stream_name":"stdout","time":703.206861369,"data":"EDGE_TTA_ACTIVE views= 8 mean_abs_feat_delta= 0.352135\n"}
,{"stream_name":"stdout","time":704.045856269,"data":"SECONDARY_EDGE_TTA_ACTIVE views= 8 weight= 0.75 mean_abs_feat_delta= 0.232609\n"}
,{"stream_name":"stdout","time":704.24843027,"data":"SECONDARY_EDGE_TTA_ACTIVE views= 8 weight= 0.75 mean_abs_feat_delta= 0.232609\n"}
,{"stream_name":"stdout","time":704.3809274,"data":"EDGE_TTA_ACTIVE views= 8 mean_abs_feat_delta= 0.339738\n"}
,{"stream_name":"stdout","time":704.583311826,"data":"EDGE_TTA_ACTIVE views= 8 mean_abs_feat_delta= 0.339738\n"}
,{"stream_name":"stdout","time":705.18340656,"data":"EDGE_TTA_ACTIVE views= 8 mean_abs_feat_delta= 0.351911\n"}
,{"stream_name":"stdout","time":705.385561265,"data":"EDGE_TTA_ACTIVE views= 8 mean_abs_feat_delta= 0.351911\n"}
,{"stream_name":"stdout","time":705.425169388,"data":"SECONDARY_EDGE_TTA_ACTIVE views= 8 weight= 0.75 mean_abs_feat_delta= 0.2464\n"}
,{"stream_name":"stdout","time":705.627419007,"data":"SECONDARY_EDGE_TTA_ACTIVE views= 8 weight= 0.75 mean_abs_feat_delta= 0.2464\n"}
,{"stream_name":"stdout","time":706.180988012,"data":"SECONDARY_EDGE_TTA_ACTIVE views= 8 weight= 0.75 mean_abs_feat_delta= 0.232939\n"}
,{"stream_name":"stdout","time":706.383216566,"data":"SECONDARY_EDGE_TTA_ACTIVE views= 8 weight= 0.75 mean_abs_feat_delta= 0.232939\n"}
,{"stream_name":"stdout","time":706.837452495,"data":"EDGE_TTA_ACTIVE views= 8 mean_abs_feat_delta= 0.336334\n"}
,{"stream_name":"stdout","time":707.039873394,"data":"EDGE_TTA_ACTIVE views= 8 mean_abs_feat_delta= 0.336334\n"}
,{"stream_name":"stdout","time":707.275616491,"data":"EDGE_TTA_ACTIVE views= 8 mean_abs_feat_delta= 0.356519\n"}
,{"stream_name":"stdout","time":707.477833901,"data":"EDGE_TTA_ACTIVE views= 8 mean_abs_feat_delta= 0.356519\n"}
,{"stream_name":"stdout","time":707.880461792,"data":"SECONDARY_EDGE_TTA_ACTIVE views= 8 weight= 0.75 mean_abs_feat_delta= 0.244837\n"}
,{"stream_name":"stdout","time":708.082817222,"data":"SECONDARY_EDGE_TTA_ACTIVE views= 8 weight= 0.75 mean_abs_feat_delta= 0.244837\n"}
,{"stream_name":"stdout","time":708.270978425,"data":"SECONDARY_EDGE_TTA_ACTIVE views= 8 weight= 0.75 mean_abs_feat_delta= 0.231872\n"}
,{"stream_name":"stdout","time":708.473461638,"data":"SECONDARY_EDGE_TTA_ACTIVE views= 8 weight= 0.75 mean_abs_feat_delta= 0.231872\n"}
,{"stream_name":"stdout","time":709.25791472,"data":"EDGE_TTA_ACTIVE views= 8 mean_abs_feat_delta= 0.336552\n"}
,{"stream_name":"stdout","time":709.423258595,"data":"EDGE_TTA_ACTIVE views= 8 mean_abs_feat_delta= 0.353385\n"}
,{"stream_name":"stdout","time":709.5052861,"data":"EDGE_TTA_ACTIVE views= 8 mean_abs_feat_delta= 0.336552\n"}
,{"stream_name":"stdout","time":709.505306104,"data":"EDGE_TTA_ACTIVE views= 8 mean_abs_feat_delta= 0.353385\n"}
,{"stream_name":"stdout","time":710.301929477,"data":"SECONDARY_EDGE_TTA_ACTIVE views= 8 weight= 0.75 mean_abs_feat_delta= 0.249715\n"}
,{"stream_name":"stdout","time":710.42422042,"data":"SECONDARY_EDGE_TTA_ACTIVE views= 8 weight= 0.75 mean_abs_feat_delta= 0.232685\n"}
,{"stream_name":"stdout","time":710.504120599,"data":"SECONDARY_EDGE_TTA_ACTIVE views= 8 weight= 0.75 mean_abs_feat_delta= 0.249715\n"}
,{"stream_name":"stdout","time":710.50415231,"data":"SECONDARY_EDGE_TTA_ACTIVE views= 8 weight= 0.75 mean_abs_feat_delta= 0.232685\n"}
,{"stream_name":"stdout","time":711.526143013,"data":"EDGE_TTA_ACTIVE views= 8 mean_abs_feat_delta= 0.351229\n"}
,{"stream_name":"stdout","time":711.664718544,"data":"EDGE_TTA_ACTIVE views= 8 mean_abs_feat_delta= 0.336751\n"}
,{"stream_name":"stdout","time":711.728481375,"data":"EDGE_TTA_ACTIVE views= 8 mean_abs_feat_delta= 0.351229\n"}
,{"stream_name":"stdout","time":711.728530742,"data":"EDGE_TTA_ACTIVE views= 8 mean_abs_feat_delta= 0.336751\n"}
,{"stream_name":"stdout","time":712.523816586,"data":"SECONDARY_EDGE_TTA_ACTIVE views= 8 weight= 0.75 mean_abs_feat_delta= 0.233018\n"}
,{"stream_name":"stdout","time":712.710056203,"data":"SECONDARY_EDGE_TTA_ACTIVE views= 8 weight= 0.75 mean_abs_feat_delta= 0.246366\n"}
,{"stream_name":"stdout","time":712.72658414,"data":"SECONDARY_EDGE_TTA_ACTIVE views= 8 weight= 0.75 mean_abs_feat_delta= 0.233018\n"}
,{"stream_name":"stdout","time":712.726605835,"data":"SECONDARY_EDGE_TTA_ACTIVE views= 8 weight= 0.75 mean_abs_feat_delta= 0.246366\n"}
,{"stream_name":"stdout","time":713.589754333,"data":"EDGE_TTA_ACTIVE views= 8 mean_abs_feat_delta= 0.350705\n"}
,{"stream_name":"stdout","time":713.792111426,"data":"EDGE_TTA_ACTIVE views= 8 mean_abs_feat_delta= 0.350705\n"}
,{"stream_name":"stdout","time":714.059120927,"data":"EDGE_TTA_ACTIVE views= 8 mean_abs_feat_delta= 0.342229\n"}
,{"stream_name":"stdout","time":714.261605546,"data":"EDGE_TTA_ACTIVE views= 8 mean_abs_feat_delta= 0.342229\n"}
,{"stream_name":"stdout","time":714.590375646,"data":"SECONDARY_EDGE_TTA_ACTIVE views= 8 weight= 0.75 mean_abs_feat_delta= 0.234885\n"}
,{"stream_name":"stdout","time":714.79254132,"data":"SECONDARY_EDGE_TTA_ACTIVE views= 8 weight= 0.75 mean_abs_feat_delta= 0.234885\n"}
,{"stream_name":"stdout","time":715.108158,"data":"SECONDARY_EDGE_TTA_ACTIVE views= 8 weight= 0.75 mean_abs_feat_delta= 0.250553\n"}
,{"stream_name":"stdout","time":715.310652801,"data":"SECONDARY_EDGE_TTA_ACTIVE views= 8 weight= 0.75 mean_abs_feat_delta= 0.250553\n"}
,{"stream_name":"stdout","time":715.720808465,"data":"EDGE_TTA_ACTIVE views= 8 mean_abs_feat_delta= 0.353278\n"}
,{"stream_name":"stdout","time":715.923237285,"data":"EDGE_TTA_ACTIVE views= 8 mean_abs_feat_delta= 0.353278\n"}
,{"stream_name":"stdout","time":716.543753942,"data":"EDGE_TTA_ACTIVE views= 8 mean_abs_feat_delta= 0.34433\n"}
,{"stream_name":"stdout","time":716.717391507,"data":"SECONDARY_EDGE_TTA_ACTIVE views= 8 weight= 0.75 mean_abs_feat_delta= 0.232744\n"}
,{"stream_name":"stdout","time":716.746525971,"data":"EDGE_TTA_ACTIVE views= 8 mean_abs_feat_delta= 0.34433\n"}
,{"stream_name":"stdout","time":716.746556745,"data":"SECONDARY_EDGE_TTA_ACTIVE views= 8 weight= 0.75 mean_abs_feat_delta= 0.232744\n"}
,{"stream_name":"stdout","time":717.587097381,"data":"SECONDARY_EDGE_TTA_ACTIVE views= 8 weight= 0.75 mean_abs_feat_delta= 0.253052\n"}
,{"stream_name":"stdout","time":717.78974221,"data":"SECONDARY_EDGE_TTA_ACTIVE views= 8 weight= 0.75 mean_abs_feat_delta= 0.253052\n"}
,{"stream_name":"stdout","time":717.835023762,"data":"EDGE_TTA_ACTIVE views= 8 mean_abs_feat_delta= 0.358064\n"}
,{"stream_name":"stdout","time":718.037518722,"data":"EDGE_TTA_ACTIVE views= 8 mean_abs_feat_delta= 0.358064\n"}
,{"stream_name":"stdout","time":718.837781912,"data":"SECONDARY_EDGE_TTA_ACTIVE views= 8 weight= 0.75 mean_abs_feat_delta= 0.229484\n"}
,{"stream_name":"stdout","time":718.983023292,"data":"EDGE_TTA_ACTIVE views= 8 mean_abs_feat_delta= 0.338919\n"}
,{"stream_name":"stdout","time":719.039945352,"data":"SECONDARY_EDGE_TTA_ACTIVE views= 8 weight= 0.75 mean_abs_feat_delta= 0.229484\n"}
,{"stream_name":"stdout","time":719.039984125,"data":"EDGE_TTA_ACTIVE views= 8 mean_abs_feat_delta= 0.338919\n"}
,{"stream_name":"stdout","time":719.962747631,"data":"EDGE_TTA_ACTIVE views= 8 mean_abs_feat_delta= 0.35946\n"}
,{"stream_name":"stdout","time":720.029733308,"data":"SECONDARY_EDGE_TTA_ACTIVE views= 8 weight= 0.75 mean_abs_feat_delta= 0.249056\n"}
,{"stream_name":"stdout","time":720.16538773,"data":"EDGE_TTA_ACTIVE views= 8 mean_abs_feat_delta= 0.35946\n"}
,{"stream_name":"stdout","time":720.165414029,"data":"SECONDARY_EDGE_TTA_ACTIVE views= 8 weight= 0.75 mean_abs_feat_delta= 0.249056\n"}
,{"stream_name":"stdout","time":720.967262658,"data":"SECONDARY_EDGE_TTA_ACTIVE views= 8 weight= 0.75 mean_abs_feat_delta= 0.231302\n"}
,{"stream_name":"stdout","time":721.171723533,"data":"SECONDARY_EDGE_TTA_ACTIVE views= 8 weight= 0.75 mean_abs_feat_delta= 0.231302\n"}
,{"stream_name":"stdout","time":721.430484815,"data":"EDGE_TTA_ACTIVE views= 8 mean_abs_feat_delta= 0.334467\n"}
,{"stream_name":"stdout","time":721.632814109,"data":"EDGE_TTA_ACTIVE views= 8 mean_abs_feat_delta= 0.334467\n"}
,{"stream_name":"stdout","time":722.05651363,"data":"EDGE_TTA_ACTIVE views= 8 mean_abs_feat_delta= 0.357537\n"}
,{"stream_name":"stdout","time":722.258625449,"data":"EDGE_TTA_ACTIVE views= 8 mean_abs_feat_delta= 0.357537\n"}
,{"stream_name":"stdout","time":722.477760168,"data":"SECONDARY_EDGE_TTA_ACTIVE views= 8 weight= 0.75 mean_abs_feat_delta= 0.249429\n"}
,{"stream_name":"stdout","time":722.680099264,"data":"SECONDARY_EDGE_TTA_ACTIVE views= 8 weight= 0.75 mean_abs_feat_delta= 0.249429\n"}
,{"stream_name":"stdout","time":723.055929624,"data":"SECONDARY_EDGE_TTA_ACTIVE views= 8 weight= 0.75 mean_abs_feat_delta= 0.233885\n"}
,{"stream_name":"stdout","time":723.258269056,"data":"SECONDARY_EDGE_TTA_ACTIVE views= 8 weight= 0.75 mean_abs_feat_delta= 0.233885\n"}
,{"stream_name":"stdout","time":723.864295915,"data":"EDGE_TTA_ACTIVE views= 8 mean_abs_feat_delta= 0.334048\n"}
,{"stream_name":"stdout","time":724.066743083,"data":"EDGE_TTA_ACTIVE views= 8 mean_abs_feat_delta= 0.334048\n"}
,{"stream_name":"stdout","time":724.180059365,"data":"EDGE_TTA_ACTIVE views= 8 mean_abs_feat_delta= 0.357561\n"}
,{"stream_name":"stdout","time":724.382313968,"data":"EDGE_TTA_ACTIVE views= 8 mean_abs_feat_delta= 0.357561\n"}
,{"stream_name":"stdout","time":724.91199568,"data":"SECONDARY_EDGE_TTA_ACTIVE views= 8 weight= 0.75 mean_abs_feat_delta= 0.246018\n"}
,{"stream_name":"stdout","time":725.11435267,"data":"SECONDARY_EDGE_TTA_ACTIVE views= 8 weight= 0.75 mean_abs_feat_delta= 0.246018\n"}
,{"stream_name":"stdout","time":725.183447607,"data":"SECONDARY_EDGE_TTA_ACTIVE views= 8 weight= 0.75 mean_abs_feat_delta= 0.235923\n"}
,{"stream_name":"stdout","time":725.385825361,"data":"SECONDARY_EDGE_TTA_ACTIVE views= 8 weight= 0.75 mean_abs_feat_delta= 0.235923\n"}
,{"stream_name":"stdout","time":726.273021471,"data":"EDGE_TTA_ACTIVE views= 8 mean_abs_feat_delta= 0.356691\n"}
,{"stream_name":"stdout","time":726.287167903,"data":"EDGE_TTA_ACTIVE views= 8 mean_abs_feat_delta= 0.334845\n"}
,{"stream_name":"stdout","time":726.475366488,"data":"EDGE_TTA_ACTIVE views= 8 mean_abs_feat_delta= 0.356691\n"}
,{"stream_name":"stdout","time":726.475401264,"data":"EDGE_TTA_ACTIVE views= 8 mean_abs_feat_delta= 0.334845\n"}
,{"stream_name":"stdout","time":727.2769472,"data":"SECONDARY_EDGE_TTA_ACTIVE views= 8 weight= 0.75 mean_abs_feat_delta= 0.236514\n"}
,{"stream_name":"stdout","time":727.333469672,"data":"SECONDARY_EDGE_TTA_ACTIVE views= 8 weight= 0.75 mean_abs_feat_delta= 0.244333\n"}
,{"stream_name":"stdout","time":727.47929534,"data":"SECONDARY_EDGE_TTA_ACTIVE views= 8 weight= 0.75 mean_abs_feat_delta= 0.236514\n"}
,{"stream_name":"stdout","time":727.47932909,"data":"SECONDARY_EDGE_TTA_ACTIVE views= 8 weight= 0.75 mean_abs_feat_delta= 0.244333\n"}
,{"stream_name":"stdout","time":728.398153569,"data":"EDGE_TTA_ACTIVE views= 8 mean_abs_feat_delta= 0.360713\n"}
,{"stream_name":"stdout","time":728.60055965,"data":"EDGE_TTA_ACTIVE views= 8 mean_abs_feat_delta= 0.360713\n"}
,{"stream_name":"stdout","time":728.735678061,"data":"EDGE_TTA_ACTIVE views= 8 mean_abs_feat_delta= 0.334767\n"}
,{"stream_name":"stdout","time":728.938099288,"data":"EDGE_TTA_ACTIVE views= 8 mean_abs_feat_delta= 0.334767\n"}
,{"stream_name":"stdout","time":729.404564941,"data":"SECONDARY_EDGE_TTA_ACTIVE views= 8 weight= 0.75 mean_abs_feat_delta= 0.236886\n"}
,{"stream_name":"stdout","time":729.606960356,"data":"SECONDARY_EDGE_TTA_ACTIVE views= 8 weight= 0.75 mean_abs_feat_delta= 0.236886\n"}
,{"stream_name":"stdout","time":729.78376793,"data":"SECONDARY_EDGE_TTA_ACTIVE views= 8 weight= 0.75 mean_abs_feat_delta= 0.248241\n"}
,{"stream_name":"stdout","time":729.986308194,"data":"SECONDARY_EDGE_TTA_ACTIVE views= 8 weight= 0.75 mean_abs_feat_delta= 0.248241\n"}
,{"stream_name":"stdout","time":730.488830125,"data":"EDGE_TTA_ACTIVE views= 8 mean_abs_feat_delta= 0.361191\n"}
,{"stream_name":"stdout","time":730.691109165,"data":"EDGE_TTA_ACTIVE views= 8 mean_abs_feat_delta= 0.361191\n"}
,{"stream_name":"stdout","time":731.169367823,"data":"EDGE_TTA_ACTIVE views= 8 mean_abs_feat_delta= 0.330452\n"}
,{"stream_name":"stdout","time":731.37175535,"data":"EDGE_TTA_ACTIVE views= 8 mean_abs_feat_delta= 0.330452\n"}
,{"stream_name":"stdout","time":731.489830434,"data":"SECONDARY_EDGE_TTA_ACTIVE views= 8 weight= 0.75 mean_abs_feat_delta= 0.236659\n"}
,{"stream_name":"stdout","time":731.692186359,"data":"SECONDARY_EDGE_TTA_ACTIVE views= 8 weight= 0.75 mean_abs_feat_delta= 0.236659\n"}
,{"stream_name":"stdout","time":732.220797622,"data":"SECONDARY_EDGE_TTA_ACTIVE views= 8 weight= 0.75 mean_abs_feat_delta= 0.239474\n"}
,{"stream_name":"stdout","time":732.422999117,"data":"SECONDARY_EDGE_TTA_ACTIVE views= 8 weight= 0.75 mean_abs_feat_delta= 0.239474\n"}
,{"stream_name":"stdout","time":732.616115314,"data":"EDGE_TTA_ACTIVE views= 8 mean_abs_feat_delta= 0.363957\n"}
,{"stream_name":"stdout","time":732.818327259,"data":"EDGE_TTA_ACTIVE views= 8 mean_abs_feat_delta= 0.363957\n"}
,{"stream_name":"stdout","time":733.601206339,"data":"EDGE_TTA_ACTIVE views= 8 mean_abs_feat_delta= 0.33197\n"}
,{"stream_name":"stdout","time":733.618453034,"data":"SECONDARY_EDGE_TTA_ACTIVE views= 8 weight= 0.75 mean_abs_feat_delta= 0.238038\n"}
,{"stream_name":"stdout","time":733.804348297,"data":"EDGE_TTA_ACTIVE views= 8 mean_abs_feat_delta= 0.33197\n"}
,{"stream_name":"stdout","time":733.804434582,"data":"SECONDARY_EDGE_TTA_ACTIVE views= 8 weight= 0.75 mean_abs_feat_delta= 0.238038\n"}
,{"stream_name":"stdout","time":734.652794512,"data":"SECONDARY_EDGE_TTA_ACTIVE views= 8 weight= 0.75 mean_abs_feat_delta= 0.247447\n"}
,{"stream_name":"stdout","time":734.855751352,"data":"SECONDARY_EDGE_TTA_ACTIVE views= 8 weight= 0.75 mean_abs_feat_delta= 0.247447\n"}
,{"stream_name":"stdout","time":736.280145013,"data":"EDGE_TTA_ACTIVE views= 8 mean_abs_feat_delta= 0.33369\n"}
,{"stream_name":"stdout","time":736.48244024,"data":"EDGE_TTA_ACTIVE views= 8 mean_abs_feat_delta= 0.33369\n"}
,{"stream_name":"stdout","time":737.327717933,"data":"SECONDARY_EDGE_TTA_ACTIVE views= 8 weight= 0.75 mean_abs_feat_delta= 0.242876\n"}
,{"stream_name":"stdout","time":737.53072472,"data":"SECONDARY_EDGE_TTA_ACTIVE views= 8 weight= 0.75 mean_abs_feat_delta= 0.242876\n"}
,{"stream_name":"stdout","time":738.502267234,"data":"Saved 2 predictions to /kaggle/working/tracking_repo/predictions/unknown/unet_transformer_gpu0/split_0\n"}
,{"stream_name":"stdout","time":738.705196508,"data":"Saved 2 predictions to /kaggle/working/tracking_repo/predictions/unknown/unet_transformer_gpu0/split_0\n"}
,{"stream_name":"stdout","time":738.721255643,"data":"EDGE_TTA_ACTIVE views= 8 mean_abs_feat_delta= 0.335249\n"}
,{"stream_name":"stdout","time":738.923955817,"data":"EDGE_TTA_ACTIVE views= 8 mean_abs_feat_delta= 0.335249\n"}
,{"stream_name":"stdout","time":739.771965178,"data":"SECONDARY_EDGE_TTA_ACTIVE views= 8 weight= 0.75 mean_abs_feat_delta= 0.249719\n"}
,{"stream_name":"stdout","time":740.028171438,"data":"SECONDARY_EDGE_TTA_ACTIVE views= 8 weight= 0.75 mean_abs_feat_delta= 0.249719\n"}
,{"stream_name":"stdout","time":741.198255956,"data":"EDGE_TTA_ACTIVE views= 8 mean_abs_feat_delta= 0.33665\n"}
,{"stream_name":"stdout","time":741.40067948,"data":"EDGE_TTA_ACTIVE views= 8 mean_abs_feat_delta= 0.33665\n"}
,{"stream_name":"stdout","time":742.265983056,"data":"SECONDARY_EDGE_TTA_ACTIVE views= 8 weight= 0.75 mean_abs_feat_delta= 0.250474\n"}
,{"stream_name":"stdout","time":742.468613822,"data":"SECONDARY_EDGE_TTA_ACTIVE views= 8 weight= 0.75 mean_abs_feat_delta= 0.250474\n"}
,{"stream_name":"stdout","time":743.632878715,"data":"EDGE_TTA_ACTIVE views= 8 mean_abs_feat_delta= 0.338336\n"}
,{"stream_name":"stdout","time":743.835193961,"data":"EDGE_TTA_ACTIVE views= 8 mean_abs_feat_delta= 0.338336\n"}
,{"stream_name":"stdout","time":744.687818205,"data":"SECONDARY_EDGE_TTA_ACTIVE views= 8 weight= 0.75 mean_abs_feat_delta= 0.243806\n"}
,{"stream_name":"stdout","time":744.890223862,"data":"SECONDARY_EDGE_TTA_ACTIVE views= 8 weight= 0.75 mean_abs_feat_delta= 0.243806\n"}
,{"stream_name":"stdout","time":746.085685132,"data":"EDGE_TTA_ACTIVE views= 8 mean_abs_feat_delta= 0.337788\n"}
,{"stream_name":"stdout","time":746.288267509,"data":"EDGE_TTA_ACTIVE views= 8 mean_abs_feat_delta= 0.337788\n"}
,{"stream_name":"stdout","time":747.138683351,"data":"SECONDARY_EDGE_TTA_ACTIVE views= 8 weight= 0.75 mean_abs_feat_delta= 0.245508\n"}
,{"stream_name":"stdout","time":747.341094261,"data":"SECONDARY_EDGE_TTA_ACTIVE views= 8 weight= 0.75 mean_abs_feat_delta= 0.245508\n"}
,{"stream_name":"stdout","time":748.488120806,"data":"EDGE_TTA_ACTIVE views= 8 mean_abs_feat_delta= 0.325091\n"}
,{"stream_name":"stdout","time":748.690360287,"data":"EDGE_TTA_ACTIVE views= 8 mean_abs_feat_delta= 0.325091\n"}
,{"stream_name":"stdout","time":749.544310991,"data":"SECONDARY_EDGE_TTA_ACTIVE views= 8 weight= 0.75 mean_abs_feat_delta= 0.241957\n"}
,{"stream_name":"stdout","time":749.746756627,"data":"SECONDARY_EDGE_TTA_ACTIVE views= 8 weight= 0.75 mean_abs_feat_delta= 0.241957\n"}
,{"stream_name":"stdout","time":750.958759398,"data":"EDGE_TTA_ACTIVE views= 8 mean_abs_feat_delta= 0.32712\n"}
,{"stream_name":"stdout","time":751.161773548,"data":"EDGE_TTA_ACTIVE views= 8 mean_abs_feat_delta= 0.32712\n"}
,{"stream_name":"stdout","time":752.016812368,"data":"SECONDARY_EDGE_TTA_ACTIVE views= 8 weight= 0.75 mean_abs_feat_delta= 0.252361\n"}
,{"stream_name":"stdout","time":752.219270825,"data":"SECONDARY_EDGE_TTA_ACTIVE views= 8 weight= 0.75 mean_abs_feat_delta= 0.252361\n"}
,{"stream_name":"stdout","time":753.427123222,"data":"EDGE_TTA_ACTIVE views= 8 mean_abs_feat_delta= 0.323213\n"}
,{"stream_name":"stdout","time":753.629416882,"data":"EDGE_TTA_ACTIVE views= 8 mean_abs_feat_delta= 0.323213\n"}
,{"stream_name":"stdout","time":754.477706477,"data":"SECONDARY_EDGE_TTA_ACTIVE views= 8 weight= 0.75 mean_abs_feat_delta= 0.245152\n"}
,{"stream_name":"stdout","time":754.68014852,"data":"SECONDARY_EDGE_TTA_ACTIVE views= 8 weight= 0.75 mean_abs_feat_delta= 0.245152\n"}
,{"stream_name":"stdout","time":755.843997484,"data":"EDGE_TTA_ACTIVE views= 8 mean_abs_feat_delta= 0.321976\n"}
,{"stream_name":"stdout","time":756.046370925,"data":"EDGE_TTA_ACTIVE views= 8 mean_abs_feat_delta= 0.321976\n"}
,{"stream_name":"stdout","time":756.899737924,"data":"SECONDARY_EDGE_TTA_ACTIVE views= 8 weight= 0.75 mean_abs_feat_delta= 0.249767\n"}
,{"stream_name":"stdout","time":757.102195012,"data":"SECONDARY_EDGE_TTA_ACTIVE views= 8 weight= 0.75 mean_abs_feat_delta= 0.249767\n"}
,{"stream_name":"stdout","time":758.270332925,"data":"EDGE_TTA_ACTIVE views= 8 mean_abs_feat_delta= 0.323768\n"}
,{"stream_name":"stdout","time":758.472339589,"data":"EDGE_TTA_ACTIVE views= 8 mean_abs_feat_delta= 0.323768\n"}
,{"stream_name":"stdout","time":759.333247552,"data":"SECONDARY_EDGE_TTA_ACTIVE views= 8 weight= 0.75 mean_abs_feat_delta= 0.251085\n"}
,{"stream_name":"stdout","time":759.53545995,"data":"SECONDARY_EDGE_TTA_ACTIVE views= 8 weight= 0.75 mean_abs_feat_delta= 0.251085\n"}
,{"stream_name":"stdout","time":760.673973786,"data":"EDGE_TTA_ACTIVE views= 8 mean_abs_feat_delta= 0.324838\n"}
,{"stream_name":"stdout","time":760.876060934,"data":"EDGE_TTA_ACTIVE views= 8 mean_abs_feat_delta= 0.324838\n"}
,{"stream_name":"stdout","time":761.731957465,"data":"SECONDARY_EDGE_TTA_ACTIVE views= 8 weight= 0.75 mean_abs_feat_delta= 0.239244\n"}
,{"stream_name":"stdout","time":761.934130809,"data":"SECONDARY_EDGE_TTA_ACTIVE views= 8 weight= 0.75 mean_abs_feat_delta= 0.239244\n"}
,{"stream_name":"stdout","time":763.108797155,"data":"EDGE_TTA_ACTIVE views= 8 mean_abs_feat_delta= 0.323094\n"}
,{"stream_name":"stdout","time":763.310881832,"data":"EDGE_TTA_ACTIVE views= 8 mean_abs_feat_delta= 0.323094\n"}
,{"stream_name":"stdout","time":764.164209898,"data":"SECONDARY_EDGE_TTA_ACTIVE views= 8 weight= 0.75 mean_abs_feat_delta= 0.247015\n"}
,{"stream_name":"stdout","time":764.366532265,"data":"SECONDARY_EDGE_TTA_ACTIVE views= 8 weight= 0.75 mean_abs_feat_delta= 0.247015\n"}
,{"stream_name":"stdout","time":765.559960667,"data":"EDGE_TTA_ACTIVE views= 8 mean_abs_feat_delta= 0.322603\n"}
,{"stream_name":"stdout","time":765.762110851,"data":"EDGE_TTA_ACTIVE views= 8 mean_abs_feat_delta= 0.322603\n"}
,{"stream_name":"stdout","time":766.617592372,"data":"SECONDARY_EDGE_TTA_ACTIVE views= 8 weight= 0.75 mean_abs_feat_delta= 0.251849\n"}
,{"stream_name":"stdout","time":766.819781701,"data":"SECONDARY_EDGE_TTA_ACTIVE views= 8 weight= 0.75 mean_abs_feat_delta= 0.251849\n"}
,{"stream_name":"stdout","time":767.984057375,"data":"EDGE_TTA_ACTIVE views= 8 mean_abs_feat_delta= 0.325152\n"}
,{"stream_name":"stdout","time":768.186156399,"data":"EDGE_TTA_ACTIVE views= 8 mean_abs_feat_delta= 0.325152\n"}
,{"stream_name":"stdout","time":769.042131368,"data":"SECONDARY_EDGE_TTA_ACTIVE views= 8 weight= 0.75 mean_abs_feat_delta= 0.251093\n"}
,{"stream_name":"stdout","time":769.244401915,"data":"SECONDARY_EDGE_TTA_ACTIVE views= 8 weight= 0.75 mean_abs_feat_delta= 0.251093\n"}
,{"stream_name":"stdout","time":770.474199737,"data":"EDGE_TTA_ACTIVE views= 8 mean_abs_feat_delta= 0.328347\n"}
,{"stream_name":"stdout","time":770.706635755,"data":"EDGE_TTA_ACTIVE views= 8 mean_abs_feat_delta= 0.328347\n"}
,{"stream_name":"stdout","time":771.530813714,"data":"SECONDARY_EDGE_TTA_ACTIVE views= 8 weight= 0.75 mean_abs_feat_delta= 0.244661\n"}
,{"stream_name":"stdout","time":771.732955401,"data":"SECONDARY_EDGE_TTA_ACTIVE views= 8 weight= 0.75 mean_abs_feat_delta= 0.244661\n"}
,{"stream_name":"stdout","time":772.905782093,"data":"EDGE_TTA_ACTIVE views= 8 mean_abs_feat_delta= 0.328262\n"}
,{"stream_name":"stdout","time":773.108014607,"data":"EDGE_TTA_ACTIVE views= 8 mean_abs_feat_delta= 0.328262\n"}
,{"stream_name":"stdout","time":773.964160577,"data":"SECONDARY_EDGE_TTA_ACTIVE views= 8 weight= 0.75 mean_abs_feat_delta= 0.243635\n"}
,{"stream_name":"stdout","time":774.166419096,"data":"SECONDARY_EDGE_TTA_ACTIVE views= 8 weight= 0.75 mean_abs_feat_delta= 0.243635\n"}
,{"stream_name":"stdout","time":775.336424139,"data":"EDGE_TTA_ACTIVE views= 8 mean_abs_feat_delta= 0.327618\n"}
,{"stream_name":"stdout","time":775.538586555,"data":"EDGE_TTA_ACTIVE views= 8 mean_abs_feat_delta= 0.327618\n"}
,{"stream_name":"stdout","time":776.394129916,"data":"SECONDARY_EDGE_TTA_ACTIVE views= 8 weight= 0.75 mean_abs_feat_delta= 0.248058\n"}
,{"stream_name":"stdout","time":776.596301721,"data":"SECONDARY_EDGE_TTA_ACTIVE views= 8 weight= 0.75 mean_abs_feat_delta= 0.248058\n"}
,{"stream_name":"stdout","time":860.102118855,"data":"Saved 2 predictions to /kaggle/working/tracking_repo/predictions/unknown/unet_transformer_gpu1/split_0\n"}
,{"stream_name":"stdout","time":860.338544925,"data":"Saved 2 predictions to /kaggle/working/tracking_repo/predictions/unknown/unet_transformer_gpu1/split_0\n"}
,{"stream_name":"stdout","time":862.242457675,"data":"Merged 4 prediction graphs into /kaggle/working/tracking_repo/predictions/unknown/unet_transformer/split_0\n"}
,{"stream_name":"stdout","time":862.242491739,"data":"Prediction completed in 9.72 minutes\n"}
,{"stream_name":"stdout","time":862.242496896,"data":"Layer 2: 3D Watershed \u0026 De-clumping patch successfully applied to extract_peaks.\n"}
,{"stream_name":"stdout","time":862.827605204,"data":"Trying DeepCenter add-only gate checkpoint: /kaggle/input/datasets/pilkwang/biohub-deepcenter-unet3d-center-prior-v1/weights/full_frame_center/best.pt\n"}
,{"stream_name":"stdout","time":863.120168236,"data":"Loaded DeepCenter add-only gate checkpoint: /kaggle/input/datasets/pilkwang/biohub-deepcenter-unet3d-center-prior-v1/weights/full_frame_center/best.pt\n"}
,{"stream_name":"stdout","time":863.120209313,"data":"DeepCenter checkpoint epoch: 2 best_score: -0.04500306242456039\n"}
,{"stream_name":"stdout","time":863.120214536,"data":"DivNet mitosis checkpoint not found. Operating in geometric baseline mode.\n"}
,{"stream_name":"stdout","time":863.120218221,"data":"Found 4 prediction graphs\n"}
,{"stream_name":"stdout","time":863.120221581,"data":"Executing parallel post-processing across 4 datasets (ThreadPoolExecutor max_workers=4)...\n"}
,{"stream_name":"stdout","time":864.086520335,"data":"  [6bba_05b6850b] Density Group: LOW -\u003e tight=7.25um, relaxed=11.0um, bonus=3.0\n"}
,{"stream_name":"stdout","time":864.468760563,"data":"  [44b6_0b24845f] Density Group: MIDDLE -\u003e tight=6.5um, relaxed=9.0um, bonus=6.0\n"}
,{"stream_name":"stdout","time":865.043080435,"data":"  [44b6_0113de3b] Density Group: MIDDLE -\u003e tight=6.5um, relaxed=9.0um, bonus=6.0\n"}
,{"stream_name":"stdout","time":865.907231051,"data":"  [6bba_05db0fb1] Density Group: HIGH -\u003e tight=5.5um, relaxed=10.0um, bonus=1.0\n"}
,{"stream_name":"stdout","time":874.143191991,"data":"  [6bba_05b6850b] after edge-filter+motion-relink: 6305 nodes, 6046 edges\n"}
,{"stream_name":"stdout","time":878.847395109,"data":"DEEPCENTER_TTA_ACTIVE views= 8 mean_abs_logit_delta= 0.139295\n"}
,{"stream_name":"stdout","time":882.881979497,"data":"  [6bba_05b6850b] after gap-closing (single-frame + gap2): 6337 nodes, 6103 edges\n"}
,{"stream_name":"stdout","time":916.853737005,"data":"  [6bba_05b6850b] after safe-division repair: 6337 nodes, 6111 edges (geometric_candidates=20, deepcenter_rejected=12, post_veto_candidates=8, added=8, cap_skipped=0, mutual_nn_rejected=5, divergence_rejected=81)\n"}
,{"stream_name":"stdout","time":916.853775077,"data":"  [6bba_05b6850b] after division-geometry-filter+prune-isolated: 6337 nodes, 6111 edges\n"}
,{"stream_name":"stdout","time":916.853783075,"data":"  [6bba_05b6850b] after short-track filtering: 6299 nodes, 6083 edges (components_removed=10)\n"}
,{"stream_name":"stdout","time":919.060690601,"data":"  [6bba_05b6850b] after kinematic-filter (low): 6083 edges (severed=0)\n"}
,{"stream_name":"stdout","time":920.826127607,"data":"  [6bba_05b6850b] FINAL: 6299 nodes, 6083 edges\n"}
,{"stream_name":"stdout","time":920.826168545,"data":"  [6bba_05b6850b] post-process done: 6299 nodes, 6083 edges, 8 divisions\n"}
,{"stream_name":"stdout","time":1151.83624627,"data":"  [44b6_0b24845f] after edge-filter+motion-relink: 22491 nodes, 20339 edges\n"}
,{"stream_name":"stdout","time":1188.684258507,"data":"  [44b6_0b24845f] after gap-closing (single-frame + gap2): 22888 nodes, 21060 edges\n"}
,{"stream_name":"stdout","time":1217.422263797,"data":"  [44b6_0113de3b] after edge-filter+motion-relink: 25822 nodes, 25018 edges\n"}
,{"stream_name":"stdout","time":1222.550123385,"data":"  [44b6_0113de3b] after gap-closing (single-frame + gap2): 25882 nodes, 25129 edges\n"}
,{"stream_name":"stdout","time":1261.115923686,"data":"  [44b6_0b24845f] after safe-division repair: 22888 nodes, 21074 edges (geometric_candidates=226, deepcenter_rejected=211, post_veto_candidates=15, added=14, cap_skipped=0, mutual_nn_rejected=51, divergence_rejected=925)\n"}
,{"stream_name":"stdout","time":1261.115964456,"data":"  [44b6_0b24845f] after division-geometry-filter+prune-isolated: 22878 nodes, 21074 edges\n"}
,{"stream_name":"stdout","time":1261.115970876,"data":"  [44b6_0b24845f] after short-track filtering: 22353 nodes, 20683 edges (components_removed=134)\n"}
,{"stream_name":"stdout","time":1269.150885174,"data":"  [44b6_0b24845f] after kinematic-filter (middle): 20683 edges (severed=0)\n"}
,{"stream_name":"stdout","time":1279.537404898,"data":"  [44b6_0b24845f] 063 Continuous Mitosis added 33 high-confidence division edges (cands=108, max_budget=33).\n"}
,{"stream_name":"stdout","time":1279.537461373,"data":"  [44b6_0b24845f] FINAL: 22353 nodes, 20716 edges\n"}
,{"stream_name":"stdout","time":1279.537468373,"data":"  [44b6_0b24845f] post-process done: 22353 nodes, 20716 edges, 47 divisions\n"}
,{"stream_name":"stdout","time":1288.216467027,"data":"  [44b6_0113de3b] after safe-division repair: 25882 nodes, 25170 edges (geometric_candidates=161, deepcenter_rejected=116, post_veto_candidates=45, added=41, cap_skipped=0, mutual_nn_rejected=59, divergence_rejected=458)\n"}
,{"stream_name":"stdout","time":1288.216537597,"data":"  [44b6_0113de3b] after division-geometry-filter+prune-isolated: 25879 nodes, 25170 edges\n"}
,{"stream_name":"stdout","time":1288.216545328,"data":"  [44b6_0113de3b] after short-track filtering: 25839 nodes, 25140 edges (components_removed=10)\n"}
,{"stream_name":"stdout","time":1294.575220834,"data":"  [44b6_0113de3b] after kinematic-filter (middle): 25140 edges (severed=0)\n"}
,{"stream_name":"stdout","time":1297.021223632,"data":"  [44b6_0113de3b] 063 Continuous Mitosis added 38 high-confidence division edges (cands=108, max_budget=38).\n"}
,{"stream_name":"stdout","time":1297.021293121,"data":"  [44b6_0113de3b] FINAL: 25839 nodes, 25178 edges\n"}
,{"stream_name":"stdout","time":1297.021305748,"data":"  [44b6_0113de3b] post-process done: 25839 nodes, 25178 edges, 79 divisions\n"}
,{"stream_name":"stdout","time":1421.802127872,"data":"  [6bba_05db0fb1] after edge-filter+motion-relink: 70687 nodes, 68101 edges\n"}
,{"stream_name":"stdout","time":1431.514917836,"data":"  [6bba_05db0fb1] after gap-closing (single-frame + gap2): 71073 nodes, 68820 edges\n"}
,{"stream_name":"stdout","time":1459.590612592,"data":"  [6bba_05db0fb1] after safe-division repair: 71073 nodes, 68839 edges (geometric_candidates=283, deepcenter_rejected=262, post_veto_candidates=21, added=19, cap_skipped=0, mutual_nn_rejected=236, divergence_rejected=2462)\n"}
,{"stream_name":"stdout","time":1459.590683454,"data":"  [6bba_05db0fb1] after division-geometry-filter+prune-isolated: 71068 nodes, 68839 edges\n"}
,{"stream_name":"stdout","time":1460.071480107,"data":"  [6bba_05db0fb1] after short-track filtering: 70914 nodes, 68726 edges (components_removed=41)\n"}
,{"stream_name":"stdout","time":1474.668035336,"data":"  [6bba_05db0fb1] after kinematic-filter (high): 68726 edges (severed=0)\n"}
,{"stream_name":"stdout","time":1481.99473596,"data":"  [6bba_05db0fb1] 063 Continuous Mitosis added 106 high-confidence division edges (cands=473, max_budget=106).\n"}
,{"stream_name":"stdout","time":1481.994777959,"data":"  [6bba_05db0fb1] FINAL: 70914 nodes, 68832 edges\n"}
,{"stream_name":"stdout","time":1481.994784408,"data":"  [6bba_05db0fb1] post-process done: 70914 nodes, 68832 edges, 125 divisions\n"}
,{"stream_name":"stdout","time":1482.911330158,"data":"Executing strict multi-point submission validation...\n"}
,{"stream_name":"stdout","time":1482.971359106,"data":"[PASS] 100% strict submission validation checks passed successfully!\n"}
,{"stream_name":"stdout","time":1482.97139426,"data":"Wrote /kaggle/working/submission.csv with 246,214 rows\n"}
,{"stream_name":"stdout","time":1482.971401174,"data":"Node rows: 125,405 | edge rows: 120,809\n"}
,{"stream_name":"stdout","time":1482.971405517,"data":"Wrote /kaggle/working/run_stats.csv\n"}
,{"stream_name":"stdout","time":1483.859934992,"data":"{\n"}
,{"stream_name":"stdout","time":1483.859991523,"data":"  \"configuration\": {\n"}
,{"stream_name":"stdout","time":1483.859997459,"data":"    \"bidirectional_primary_weight\": 0.3,\n"}
,{"stream_name":"stdout","time":1483.860001496,"data":"    \"deepcenter_gap_confirm_min_span_um\": 8.5,\n"}
,{"stream_name":"stdout","time":1483.860004959,"data":"    \"deepcenter_gap_threshold\": 0.25,\n"}
,{"stream_name":"stdout","time":1483.860008627,"data":"    \"detector_threshold\": 0.96875,\n"}
,{"stream_name":"stdout","time":1483.860012646,"data":"    \"edge_candidate_threshold\": 0.48,\n"}
,{"stream_name":"stdout","time":1483.860016489,"data":"    \"fallback_scope\": \"individual_frame\",\n"}
,{"stream_name":"stdout","time":1483.860019928,"data":"    \"gap_close_um\": 5.8,\n"}
,{"stream_name":"stdout","time":1483.860023106,"data":"    \"ilp_appearance_weight\": 0.0,\n"}
,{"stream_name":"stdout","time":1483.860026354,"data":"    \"ilp_disappearance_weight\": 1.5,\n"}
,{"stream_name":"stdout","time":1483.860029593,"data":"    \"minimum_candidate_retention\": 0.9,\n"}
,{"stream_name":"stdout","time":1483.860033022,"data":"    \"secondary_detection_weight\": 0.475,\n"}
,{"stream_name":"stdout","time":1483.860036796,"data":"    \"secondary_edge_weight\": 0.15,\n"}
,{"stream_name":"stdout","time":1483.860040692,"data":"    \"secondary_link_mode\": \"low_margin_consensus\",\n"}
,{"stream_name":"stdout","time":1483.860044185,"data":"    \"secondary_low_margin_max\": 0.35\n"}
,{"stream_name":"stdout","time":1483.860047899,"data":"  },\n"}
,{"stream_name":"stdout","time":1483.860051017,"data":"  \"diagnostics\": {\n"}
,{"stream_name":"stdout","time":1483.860054476,"data":"    \"by_movie\": {\n"}
,{"stream_name":"stdout","time":1483.860057566,"data":"      \"44b6_0113de3b\": {\n"}
,{"stream_name":"stdout","time":1483.860061239,"data":"        \"fallback_frames\": 0,\n"}
,{"stream_name":"stdout","time":1483.860065019,"data":"        \"frames\": 100,\n"}
,{"stream_name":"stdout","time":1483.860068237,"data":"        \"median_retention\": 1.0118578927634045,\n"}
,{"stream_name":"stdout","time":1483.860072298,"data":"        \"minimum_retention\": 0.9926739926739927\n"}
,{"stream_name":"stdout","time":1483.860078074,"data":"      },\n"}
,{"stream_name":"stdout","time":1483.860094655,"data":"      \"44b6_0b24845f\": {\n"}
,{"stream_name":"stdout","time":1483.860116669,"data":"        \"fallback_frames\": 64,\n"}
,{"stream_name":"stdout","time":1483.860120553,"data":"        \"frames\": 100,\n"}
,{"stream_name":"stdout","time":1483.860124377,"data":"        \"median_retention\": 0.8618514846811123,\n"}
,{"stream_name":"stdout","time":1483.860128001,"data":"        \"minimum_retention\": 0.45307443365695793\n"}
,{"stream_name":"stdout","time":1483.860131883,"data":"      },\n"}
,{"stream_name":"stdout","time":1483.860135454,"data":"      \"6bba_05b6850b\": {\n"}
,{"stream_name":"stdout","time":1483.860139311,"data":"        \"fallback_frames\": 1,\n"}
,{"stream_name":"stdout","time":1483.860143367,"data":"        \"frames\": 100,\n"}
,{"stream_name":"stdout","time":1483.860147178,"data":"        \"median_retention\": 1.0137012012012012,\n"}
,{"stream_name":"stdout","time":1483.860164981,"data":"        \"minimum_retention\": 0.8918918918918919\n"}
,{"stream_name":"stdout","time":1483.86016902,"data":"      },\n"}
,{"stream_name":"stdout","time":1483.860172604,"data":"      \"6bba_05db0fb1\": {\n"}
,{"stream_name":"stdout","time":1483.860176455,"data":"        \"fallback_frames\": 0,\n"}
,{"stream_name":"stdout","time":1483.860180169,"data":"        \"frames\": 100,\n"}
,{"stream_name":"stdout","time":1483.860183823,"data":"        \"median_retention\": 1.0110725229826354,\n"}
,{"stream_name":"stdout","time":1483.86018761,"data":"        \"minimum_retention\": 0.9715142428785607\n"}
,{"stream_name":"stdout","time":1483.860191469,"data":"      }\n"}
,{"stream_name":"stdout","time":1483.860195032,"data":"    },\n"}
,{"stream_name":"stdout","time":1483.860198713,"data":"    \"fallback_frames\": 65,\n"}
,{"stream_name":"stdout","time":1483.860202471,"data":"    \"rows\": 400\n"}
,{"stream_name":"stdout","time":1483.860206122,"data":"  },\n"}
,{"stream_name":"stdout","time":1483.860209775,"data":"  \"experiment\": \"harmonic_bidirectional_association_v1\",\n"}
,{"stream_name":"stdout","time":1483.860213727,"data":"  \"hardware\": {\n"}
,{"stream_name":"stdout","time":1483.86021785,"data":"    \"visible_gpu_count\": 2\n"}
,{"stream_name":"stdout","time":1483.860221604,"data":"  },\n"}
,{"stream_name":"stdout","time":1483.860225087,"data":"  \"leaderboard_feedback_used_for_configuration\": true,\n"}
,{"stream_name":"stdout","time":1483.860229191,"data":"  \"method_attribution\": \"fixed-90 dual-seed baseline with harmonic mutual-support association fusion (rule from public CC0 notebook yusuketogashi/no-hack-biohub-cell-another-approch-3rd v18)\",\n"}
,{"stream_name":"stdout","time":1483.860234947,"data":"  \"metric_hack_used\": false,\n"}
,{"stream_name":"stdout","time":1483.860238712,"data":"  \"organizer_labels_used_for_configuration\": false,\n"}
,{"stream_name":"stdout","time":1483.860242808,"data":"  \"parent_experiment\": \"paired_bidirectional_primary_weight020_vs_forward_v1\",\n"}
,{"stream_name":"stdout","time":1483.86024729,"data":"  \"public_output_used\": false,\n"}
,{"stream_name":"stdout","time":1483.860250981,"data":"  \"quality_promotion\": {\n"}
,{"stream_name":"stdout","time":1483.860254789,"data":"    \"execute_push_submit\": \"FORBIDDEN_UNTIL_REQUIRED_CONDITION\",\n"}
,{"stream_name":"stdout","time":1483.860260597,"data":"    \"required_condition\": \"promote=true\",\n"}
,{"stream_name":"stdout","time":1483.860264491,"data":"    \"required_receipt\": \"bidirectional_blend_union13_receipt.json\",\n"}
,{"stream_name":"stdout","time":1483.860268664,"data":"    \"status\": \"candidate_unverified\",\n"}
,{"stream_name":"stdout","time":1483.860272981,"data":"    \"validated_receipt_sha256\": null\n"}
,{"stream_name":"stdout","time":1483.860276979,"data":"  },\n"}
,{"stream_name":"stdout","time":1483.860280627,"data":"  \"source_kernel\": \"raykkretzschmar/biohub-bidirectional-primary-union13-diagnostic-v1\",\n"}
,{"stream_name":"stdout","time":1483.860284812,"data":"  \"source_notebook_sha256\": \"3e65ca691941949196bf417030ea84fccafe16baaec174b2a63540451bb937e8\",\n"}
,{"stream_name":"stdout","time":1483.860288917,"data":"  \"status\": \"clean_graph_audit_pass_candidate_unverified_quality\",\n"}
,{"stream_name":"stdout","time":1483.860292925,"data":"  \"submission\": {\n"}
,{"stream_name":"stdout","time":1483.860296681,"data":"    \"datasets\": [\n"}
,{"stream_name":"stdout","time":1483.860300479,"data":"      \"44b6_0113de3b\",\n"}
,{"stream_name":"stdout","time":1483.860304157,"data":"      \"44b6_0b24845f\",\n"}
,{"stream_name":"stdout","time":1483.860323334,"data":"      \"6bba_05b6850b\",\n"}
,{"stream_name":"stdout","time":1483.860327303,"data":"      \"6bba_05db0fb1\"\n"}
,{"stream_name":"stdout","time":1483.860331001,"data":"    ],\n"}
,{"stream_name":"stdout","time":1483.860334619,"data":"    \"rows\": 246214,\n"}
,{"stream_name":"stdout","time":1483.860338808,"data":"    \"sha256\": \"3a337f7c1a7ff3efc30442584be8b8dca17fe92b01fac9cf7205ed9e08b3d2f7\"\n"}
,{"stream_name":"stdout","time":1483.860342916,"data":"  },\n"}
,{"stream_name":"stdout","time":1483.860346411,"data":"  \"topology\": {\n"}
,{"stream_name":"stdout","time":1483.860350105,"data":"    \"44b6_0113de3b\": {\n"}
,{"stream_name":"stdout","time":1483.860353818,"data":"      \"division_parents\": 79,\n"}
,{"stream_name":"stdout","time":1483.860357507,"data":"      \"edges\": 25178,\n"}
,{"stream_name":"stdout","time":1483.860361241,"data":"      \"max_indegree\": 1,\n"}
,{"stream_name":"stdout","time":1483.860365017,"data":"      \"max_outdegree\": 2,\n"}
,{"stream_name":"stdout","time":1483.860368695,"data":"      \"nodes\": 25839\n"}
,{"stream_name":"stdout","time":1483.860372478,"data":"    },\n"}
,{"stream_name":"stdout","time":1483.860376037,"data":"    \"44b6_0b24845f\": {\n"}
,{"stream_name":"stdout","time":1483.860379661,"data":"      \"division_parents\": 47,\n"}
,{"stream_name":"stdout","time":1483.860383373,"data":"      \"edges\": 20716,\n"}
,{"stream_name":"stdout","time":1483.860386988,"data":"      \"max_indegree\": 1,\n"}
,{"stream_name":"stdout","time":1483.860390854,"data":"      \"max_outdegree\": 2,\n"}
,{"stream_name":"stdout","time":1483.860394658,"data":"      \"nodes\": 22353\n"}
,{"stream_name":"stdout","time":1483.860398747,"data":"    },\n"}
,{"stream_name":"stdout","time":1483.860402163,"data":"    \"6bba_05b6850b\": {\n"}
,{"stream_name":"stdout","time":1483.860405812,"data":"      \"division_parents\": 8,\n"}
,{"stream_name":"stdout","time":1483.860409412,"data":"      \"edges\": 6083,\n"}
,{"stream_name":"stdout","time":1483.860413233,"data":"      \"max_indegree\": 1,\n"}
,{"stream_name":"stdout","time":1483.860416921,"data":"      \"max_outdegree\": 2,\n"}
,{"stream_name":"stdout","time":1483.860420589,"data":"      \"nodes\": 6299\n"}
,{"stream_name":"stdout","time":1483.860424073,"data":"    },\n"}
,{"stream_name":"stdout","time":1483.860427485,"data":"    \"6bba_05db0fb1\": {\n"}
,{"stream_name":"stdout","time":1483.860431495,"data":"      \"division_parents\": 125,\n"}
,{"stream_name":"stdout","time":1483.860435193,"data":"      \"edges\": 68832,\n"}
,{"stream_name":"stdout","time":1483.860439081,"data":"      \"max_indegree\": 1,\n"}
,{"stream_name":"stdout","time":1483.860442775,"data":"      \"max_outdegree\": 2,\n"}
,{"stream_name":"stdout","time":1483.860446514,"data":"      \"nodes\": 70914\n"}
,{"stream_name":"stdout","time":1483.860450211,"data":"    }\n"}
,{"stream_name":"stdout","time":1483.860454118,"data":"  }\n"}
,{"stream_name":"stdout","time":1483.860457624,"data":"}\n"}
,{"stream_name":"stdout","time":1484.403712392,"data":"Total submission rows: 246,214\n"}
,{"stream_name":"stderr","time":1489.913390555,"data":"/usr/local/lib/python3.12/dist-packages/mistune.py:435: SyntaxWarning: invalid escape sequence '\\|'\n"}
,{"stream_name":"stderr","time":1489.913423947,"data":"  cells[i][c] = re.sub('\\\\\\\\\\|', '|', cell)\n"}
,{"stream_name":"stderr","time":1490.069356458,"data":"/usr/local/lib/python3.12/dist-packages/nbconvert/filters/filter_links.py:36: SyntaxWarning: invalid escape sequence '\\_'\n"}
,{"stream_name":"stderr","time":1490.069394358,"data":"  text = re.sub(r'_', '\\_', text) # Escape underscores in display text\n"}
,{"stream_name":"stderr","time":1490.812946387,"data":"[NbConvertApp] Converting notebook __notebook__.ipynb to notebook\n"}
,{"stream_name":"stderr","time":1491.266548389,"data":"[NbConvertApp] Writing 505733 bytes to __notebook__.ipynb\n"}
,{"stream_name":"stderr","time":1493.744938892,"data":"[NbConvertApp] Converting notebook __notebook__.ipynb to html\n"}
,{"stream_name":"stderr","time":1495.285274542,"data":"[NbConvertApp] Support files will be in __results___files/\n"}
,{"stream_name":"stderr","time":1495.285328391,"data":"[NbConvertApp] Making directory __results___files\n"}
,{"stream_name":"stderr","time":1495.285769297,"data":"[NbConvertApp] Writing 1261053 bytes to __results__.html\n"}
]