dataset,node_id,t,z,y,x,mean_intensity,snr,z_depth_ratio,estimated_radius_um,volume_um3,local_density_r15
6bba_9a41d029,1041270,0,5.0,227.0,8.0,1.0662655,2.6772385,0.07936508,2.5434792,68.92444,0
6bba_9a41d029,1041271,0,7.0,245.0,19.0,0.86465925,2.5511808,0.11111111,2.5368643,68.38806,0
6bba_9a41d029,1041272,0,2.0,209.0,8.0,0.7662594,1.5975205,0.031746034,2.4617038,62.487915,0
6bba_9a41d029,1041273,0,5.0,129.0,19.0,0.7470403,2.443724,0.07936508,2.5434792,68.92444,0
6bba_9a41d029,1041274,0,10.0,252.0,44.0,0.7278335,2.3944428,0.15873016,2.5401762,68.65625,0
6bba_9a41d029,1041275,0,4.0,182.0,11.0,0.68507534,2.6991134,0.06349207,2.5401762,68.65625,0
6bba_9a41d029,1041276,0,27.0,237.0,123.0,0.63537717,5.356171,0.42857143,2.5434792,68.92444,0
6bba_9a41d029,1041277,0,10.0,95.0,61.0,0.6408499,2.4933593,0.15873016,2.5434792,68.92444,0
6bba_9a41d029,1041278,0,14.0,222.0,59.0,0.6253718,2.029372,0.22222222,2.5235295,67.31531,0
6bba_9a41d029,1041279,0,19.0,208.0,99.0,0.6214308,2.5170674,0.3015873,2.5434792,68.92444,0
6bba_9a41d029,1041280,0,4.0,98.0,2.0,0.61610824,3.3391626,0.06349207,2.4687274,63.024292,0
6bba_9a41d029,1041281,1,4.0,224.0,7.0,1.0349083,2.6591709,0.06349207,2.5434792,68.92444,0
6bba_9a41d029,1041282,1,6.0,239.0,19.0,0.85741484,2.4793375,0.0952381,2.5434792,68.92444,0
6bba_9a41d029,1041283,1,4.0,175.0,11.0,0.7200711,2.6832564,0.06349207,2.5368643,68.38806,0
6bba_9a41d029,1041284,1,4.0,125.0,17.0,0.7067427,2.0489297,0.06349207,2.5368643,68.38806,0
6bba_9a41d029,1041285,1,10.0,248.0,42.0,0.6866662,2.3261518,0.15873016,2.5434792,68.92444,0
6bba_9a41d029,1041286,1,19.0,206.0,98.0,0.6633357,2.622024,0.3015873,2.5434792,68.92444,0
6bba_9a41d029,1041287,1,10.0,220.0,53.0,0.6461353,2.1617327,0.15873016,2.5434792,68.92444,0
6bba_9a41d029,1041288,1,49.0,32.0,248.0,0.6019887,8.688816,0.7777778,2.5434792,68.92444,0
6bba_9a41d029,1041289,1,10.0,92.0,60.0,0.63347405,2.2834165,0.15873016,2.5434792,68.92444,1
6bba_9a41d029,1041290,1,10.0,87.0,60.0,0.6339441,2.2583365,0.15873016,2.5434792,68.92444,1
6bba_9a41d029,1041291,1,45.0,14.0,230.0,0.58307576,6.975258,0.71428573,2.5434792,68.92444,0
6bba_9a41d029,1041292,1,26.0,234.0,122.0,0.6122997,4.7158475,0.41269842,2.5434792,68.92444,0
6bba_9a41d029,1041293,1,15.0,250.0,62.0,0.5894622,2.6087914,0.23809524,2.5401762,68.65625,0
6bba_9a41d029,1041294,1,15.0,220.0,74.0,0.5921839,2.3486242,0.23809524,2.5434792,68.92444,0
6bba_9a41d029,1041295,1,18.0,243.0,87.0,0.58511364,3.4495006,0.2857143,2.5434792,68.92444,0
6bba_9a41d029,1041296,2,4.0,222.0,8.0,1.0506889,2.6867998,0.06349207,2.5434792,68.92444,0
6bba_9a41d029,1041297,2,6.0,239.0,22.0,0.8304491,2.3567057,0.0952381,2.5401762,68.65625,0
6bba_9a41d029,1041298,2,4.0,179.0,15.0,0.81160516,3.7026389,0.06349207,2.5401762,68.65625,0
6bba_9a41d029,1041299,2,45.0,15.0,228.0,0.616175,6.883519,0.71428573,2.5434792,68.92444,0
6bba_9a41d029,1041300,2,19.0,204.0,101.0,0.6627309,2.686795,0.3015873,2.5434792,68.92444,0
6bba_9a41d029,1041301,2,4.0,123.0,20.0,0.6641705,1.9875855,0.06349207,2.5434792,68.92444,0
6bba_9a41d029,1041302,2,10.0,247.0,47.0,0.6745474,2.3369052,0.15873016,2.5434792,68.92444,0
6bba_9a41d029,1041303,2,10.0,217.0,55.0,0.6439166,2.2233438,0.15873016,2.5434792,68.92444,0
6bba_9a41d029,1041304,2,10.0,85.0,59.0,0.64717394,2.1385639,0.15873016,2.5401762,68.65625,0
6bba_9a41d029,1041305,2,49.0,32.0,248.0,0.60607105,8.619435,0.7777778,2.5434792,68.92444,0
6bba_9a41d029,1041306,2,7.0,193.0,30.0,0.60823053,3.3958287,0.11111111,2.5434792,68.92444,0
6bba_9a41d029,1041307,2,4.0,90.0,3.0,0.6035186,3.624194,0.06349207,2.5401762,68.65625,0
6bba_9a41d029,1041308,2,15.0,218.0,76.0,0.6031621,2.714707,0.23809524,2.5434792,68.92444,0
6bba_9a41d029,1041309,2,27.0,232.0,126.0,0.59823835,4.385665,0.42857143,2.5434792,68.92444,0
6bba_9a41d029,1041310,3,6.0,251.0,15.0,0.98401695,3.0463681,0.0952381,2.5434792,68.92444,0
6bba_9a41d029,1041311,3,7.0,233.0,24.0,0.83862686,2.330398,0.11111111,2.5302145,67.851685,0
6bba_9a41d029,1041312,3,4.0,172.0,17.0,0.7494102,3.1478531,0.06349207,2.5335438,68.11987,0
6bba_9a41d029,1041313,3,5.0,234.0,2.0,0.75330794,1.4818208,0.07936508,2.4617038,62.487915,0
6bba_9a41d029,1041314,3,2.0,197.0,7.0,0.7059307,2.2015848,0.031746034,2.4652207,62.756104,0
6bba_9a41d029,1041315,3,10.0,212.0,56.0,0.6697485,2.2453969,0.15873016,2.5434792,68.92444,0
6bba_9a41d029,1041316,3,10.0,245.0,46.0,0.680168,2.3816588,0.15873016,2.5434792,68.92444,0
6bba_9a41d029,1041317,3,19.0,200.0,101.0,0.65548325,2.5948255,0.3015873,2.5434792,68.92444,0
6bba_9a41d029,1041318,3,45.0,16.0,230.0,0.60915095,7.603577,0.71428573,2.5434792,68.92444,0
6bba_9a41d029,1041319,3,16.0,215.0,77.0,0.6334116,2.985908,0.25396827,2.5434792,68.92444,0
6bba_9a41d029,1041320,3,10.0,86.0,60.0,0.64028454,2.2213476,0.15873016,2.5434792,68.92444,0
6bba_9a41d029,1041321,3,4.0,88.0,4.0,0.6214801,3.4445176,0.06349207,2.5434792,68.92444,0
6bba_9a41d029,1041322,3,49.0,35.0,250.0,0.60275126,8.267688,0.7777778,2.5434792,68.92444,0
6bba_9a41d029,1041323,4,6.0,250.0,16.0,1.0102335,2.9572105,0.0952381,2.5434792,68.92444,0
6bba_9a41d029,1041324,4,7.0,233.0,26.0,0.8731757,2.5305614,0.11111111,2.5368643,68.38806,0
6bba_9a41d029,1041325,4,3.0,171.0,21.0,0.8613515,3.8937805,0.04761905,2.5368643,68.38806,0
6bba_9a41d029,1041326,4,4.0,228.0,5.0,0.73783356,1.2495248,0.06349207,2.5335438,68.11987,0
6bba_9a41d029,1041327,4,10.0,243.0,51.0,0.72033405,2.899082,0.15873016,2.5434792,68.92444,0
6bba_9a41d029,1041328,4,10.0,211.0,57.0,0.70623,2.366415,0.15873016,2.5434792,68.92444,0
6bba_9a41d029,1041329,4,18.0,202.0,101.0,0.6736665,2.8695478,0.2857143,2.5434792,68.92444,0
6bba_9a41d029,1041330,4,10.0,84.0,61.0,0.6411359,2.156782,0.15873016,2.5434792,68.92444,0
6bba_9a41d029,1041331,4,5.0,111.0,25.0,0.62637764,1.6683563,0.07936508,2.5401762,68.65625,0
6bba_9a41d029,1041332,4,4.0,88.0,4.0,0.6233504,3.215647,0.06349207,2.5434792,68.92444,0
6bba_9a41d029,1041333,4,16.0,212.0,75.0,0.622716,2.6092637,0.25396827,2.5434792,68.92444,0
6bba_9a41d029,1041334,5,6.0,250.0,16.0,1.0340044,2.9493372,0.0952381,2.5434792,68.92444,0
6bba_9a41d029,1041335,5,4.0,169.0,22.0,0.8901657,3.7553866,0.06349207,2.5434792,68.92444,0
6bba_9a41d029,1041336,5,7.0,235.0,25.0,0.8735372,1.989725,0.11111111,2.5302145,67.851685,0
6bba_9a41d029,1041337,5,9.0,207.0,54.0,0.7453278,2.4278545,0.14285715,2.5434792,68.92444,0
6bba_9a41d029,1041338,5,10.0,242.0,52.0,0.708557,2.4056485,0.15873016,2.5434792,68.92444,0
6bba_9a41d029,1041339,6,6.0,247.0,20.0,1.0551622,3.5812376,0.0952381,2.5434792,68.92444,0
6bba_9a41d029,1041340,6,6.0,230.0,27.0,0.8612442,2.2066643,0.0952381,2.5434792,68.92444,0
6bba_9a41d029,1041341,6,2.0,187.0,14.0,0.85947526,3.4693506,0.031746034,2.4687274,63.024292,0
6bba_9a41d029,1041342,7,6.0,241.0,24.0,0.98297834,2.9523475,0.0952381,2.5434792,68.92444,0
6bba_9a41d029,1041343,7,8.0,223.0,31.0,0.8627463,2.4979224,0.12698413,2.5401762,68.65625,1
6bba_9a41d029,1041344,7,8.0,218.0,30.0,0.85804266,2.058106,0.12698413,2.5401762,68.65625,1
6bba_9a41d029,1041345,7,2.0,182.0,13.0,0.8372605,2.7864265,0.031746034,2.4687274,63.024292,0
6bba_9a41d029,1041346,7,5.0,152.0,25.0,0.7561877,5.2315955,0.07936508,2.5434792,68.92444,0
6bba_9a41d029,1041347,8,2.0,206.0,19.0,1.1025331,2.2065954,0.031746034,2.4687274,63.024292,0
6bba_9a41d029,1041348,8,6.0,253.0,6.0,1.0532901,3.9044418,0.0952381,2.4687274,63.024292,0
6bba_9a41d029,1041349,8,7.0,240.0,28.0,1.0006652,3.2506626,0.11111111,2.5434792,68.92444,0
6bba_9a41d029,1041350,8,5.0,144.0,29.0,0.7777467,5.512947,0.07936508,2.5401762,68.65625,0
6bba_9a41d029,1041351,8,15.0,250.0,75.0,0.7739404,5.809621,0.23809524,2.5401762,68.65625,0
6bba_9a41d029,1041352,8,7.0,220.0,33.0,0.81984216,2.248392,0.11111111,2.5434792,68.92444,0
6bba_9a41d029,1041353,8,2.0,174.0,14.0,0.8104805,3.0152383,0.031746034,2.4687274,63.024292,0
6bba_9a41d029,1041354,8,11.0,228.0,62.0,0.7683001,2.8627875,0.17460318,2.5401762,68.65625,1
6bba_9a41d029,1041355,8,6.0,175.0,33.0,0.7088726,3.0228455,0.0952381,2.5302145,67.851685,0
6bba_9a41d029,1041356,8,12.0,218.0,64.0,0.7032192,2.2528155,0.1904762,2.5401762,68.65625,1
6bba_9a41d029,1041357,8,10.0,193.0,63.0,0.7162781,2.7161007,0.15873016,2.5434792,68.92444,0
6bba_9a41d029,1041358,8,4.0,107.0,31.0,0.6996167,1.6168909,0.06349207,2.5434792,68.92444,0
6bba_9a41d029,1041359,8,17.0,200.0,85.0,0.67117167,2.8580227,0.26984128,2.5434792,68.92444,0
6bba_9a41d029,1041360,8,23.0,170.0,129.0,0.66462743,3.5053144,0.36507937,2.5434792,68.92444,0
6bba_9a41d029,1041361,8,8.0,13.0,24.0,0.6456554,3.439061,0.12698413,2.5434792,68.92444,0
6bba_9a41d029,1041362,9,2.0,201.0,22.0,1.0995208,2.221707,0.031746034,2.4687274,63.024292,0
6bba_9a41d029,1041363,9,11.0,218.0,63.0,0.9586848,4.3928466,0.17460318,2.5434792,68.92444,0
6bba_9a41d029,1041364,9,7.0,237.0,31.0,0.9545597,2.8528318,0.11111111,2.5434792,68.92444,0
6bba_9a41d029,1041365,9,15.0,245.0,78.0,0.78241074,5.482461,0.23809524,2.5401762,68.65625,0
6bba_9a41d029,1041366,9,3.0,169.0,15.0,0.8229885,2.919879,0.04761905,2.5368643,68.38806,0
6bba_9a41d029,1041367,9,4.0,143.0,28.0,0.7700158,5.357491,0.06349207,2.5401762,68.65625,0
6bba_9a41d029,1041368,9,7.0,219.0,35.0,0.76730406,1.9000344,0.11111111,2.5401762,68.65625,0
6bba_9a41d029,1041369,9,6.0,175.0,35.0,0.72510666,3.3087442,0.0952381,2.5302145,67.851685,0
6bba_9a41d029,1041370,9,4.0,104.0,32.0,0.7371762,1.7708799,0.06349207,2.5434792,68.92444,0
6bba_9a41d029,1041371,10,3.0,199.0,25.0,1.1359572,2.283177,0.04761905,2.5401762,68.65625,0
6bba_9a41d029,1041372,10,6.0,250.0,13.0,1.0431914,3.0716946,0.0952381,2.5434792,68.92444,0
6bba_9a41d029,1041373,10,7.0,232.0,40.0,0.9249939,2.563179,0.11111111,2.5434792,68.92444,0
6bba_9a41d029,1041374,10,10.0,213.0,64.0,0.86684835,3.6815603,0.15873016,2.5401762,68.65625,0
6bba_9a41d029,1041375,10,4.0,159.0,16.0,0.8551568,2.7414086,0.06349207,2.5434792,68.92444,0
6bba_9a41d029,1041376,10,7.0,217.0,39.0,0.8033648,2.0121098,0.11111111,2.5401762,68.65625,0
6bba_9a41d029,1041377,10,4.0,102.0,34.0,0.7644182,1.8841643,0.06349207,2.5434792,68.92444,0
6bba_9a41d029,1041378,10,4.0,138.0,33.0,0.7219841,3.922885,0.06349207,2.5434792,68.92444,0
6bba_9a41d029,1041379,10,15.0,240.0,85.0,0.71380293,5.0937366,0.23809524,2.5434792,68.92444,0
6bba_9a41d029,1041380,10,6.0,172.0,39.0,0.71006906,3.3911386,0.0952381,2.5401762,68.65625,0
6bba_9a41d029,1041381,10,10.0,186.0,66.0,0.7051781,2.7297492,0.15873016,2.5434792,68.92444,0
6bba_9a41d029,1041382,10,20.0,192.0,116.0,0.66991603,3.0248668,0.31746033,2.5434792,68.92444,0
6bba_9a41d029,1041383,10,10.0,62.0,67.0,0.6587964,2.5188537,0.15873016,2.5434792,68.92444,0
6bba_9a41d029,1041384,11,3.0,196.0,28.0,1.1407351,2.4204135,0.04761905,2.5401762,68.65625,0
6bba_9a41d029,1041385,11,6.0,246.0,17.0,1.0328276,3.6959736,0.0952381,2.5434792,68.92444,0
6bba_9a41d029,1041386,11,11.0,212.0,67.0,0.9851148,4.8194747,0.17460318,2.5434792,68.92444,0
6bba_9a41d029,1041387,11,8.0,231.0,44.0,0.8954675,2.4442117,0.12698413,2.5401762,68.65625,0
6bba_9a41d029,1041388,11,5.0,103.0,36.0,0.8537993,2.1053271,0.07936508,2.5434792,68.92444,0
6bba_9a41d029,1041389,11,4.0,159.0,20.0,0.82468706,2.6866844,0.06349207,2.5434792,68.92444,0
6bba_9a41d029,1041390,11,7.0,215.0,43.0,0.75950426,2.0129914,0.11111111,2.5401762,68.65625,0
6bba_9a41d029,1041391,11,7.0,175.0,37.0,0.6908373,2.7258093,0.11111111,2.5401762,68.65625,0
6bba_9a41d029,1041392,11,10.0,184.0,69.0,0.68161094,2.6109264,0.15873016,2.5434792,68.92444,0
6bba_9a41d029,1041393,11,10.0,247.0,60.0,0.66806555,2.1982496,0.15873016,2.5434792,68.92444,0
6bba_9a41d029,1041394,11,20.0,191.0,116.0,0.652101,2.8624017,0.31746033,2.5434792,68.92444,0
6bba_9a41d029,1041395,11,29.0,223.0,149.0,0.6375071,4.2342997,0.46031746,2.5434792,68.92444,0
6bba_9a41d029,1041396,12,4.0,194.0,31.0,1.1682453,2.5525153,0.06349207,2.5434792,68.92444,0
6bba_9a41d029,1041397,12,11.0,211.0,67.0,0.9925696,4.534973,0.17460318,2.5401762,68.65625,0
6bba_9a41d029,1041398,12,6.0,242.0,21.0,0.94694054,3.5969713,0.0952381,2.5434792,68.92444,0
6bba_9a41d029,1041399,12,8.0,230.0,47.0,0.91439354,2.562455,0.12698413,2.5434792,68.92444,0
6bba_9a41d029,1041400,12,5.0,156.0,23.0,0.83627015,2.7492979,0.07936508,2.5434792,68.92444,0
6bba_9a41d029,1041401,12,5.0,101.0,37.0,0.8035391,1.9745839,0.07936508,2.5434792,68.92444,0
6bba_9a41d029,1041402,12,6.0,214.0,42.0,0.7642012,1.868376,0.0952381,2.5401762,68.65625,0
6bba_9a41d029,1041403,13,4.0,190.0,41.0,1.0899148,1.969793,0.06349207,2.5434792,68.92444,1
6bba_9a41d029,1041404,13,3.0,184.0,36.0,1.0661969,1.8908747,0.04761905,2.5401762,68.65625,1
6bba_9a41d029,1041405,13,11.0,214.0,78.0,0.9028597,6.558496,0.17460318,2.5401762,68.65625,0
6bba_9a41d029,1041406,13,7.0,253.0,23.0,0.9657432,2.3815076,0.11111111,2.4687274,63.024292,0
6bba_9a41d029,1041407,13,2.0,253.0,7.0,0.9650667,1.7700386,0.031746034,2.3891516,57.124146,0
6bba_9a41d029,1041408,13,6.0,233.0,28.0,0.9066825,3.1985083,0.0952381,2.5401762,68.65625,1
6bba_9a41d029,1041409,13,10.0,186.0,65.0,0.84802747,4.8210316,0.15873016,2.5268764,67.583496,0
6bba_9a41d029,1041410,13,7.0,252.0,42.0,0.86604047,2.2833512,0.11111111,2.5368643,68.38806,1
6bba_9a41d029,1041411,13,8.0,227.0,50.0,0.8618424,2.2249298,0.12698413,2.5401762,68.65625,2
6bba_9a41d029,1041412,13,4.0,153.0,25.0,0.8402046,3.160932,0.06349207,2.5434792,68.92444,0
6bba_9a41d029,1041413,13,8.0,221.0,52.0,0.8228004,2.075305,0.12698413,2.5434792,68.92444,2
6bba_9a41d029,1041414,13,6.0,94.0,40.0,0.789481,1.9118981,0.0952381,2.5434792,68.92444,0
6bba_9a41d029,1041415,13,15.0,252.0,81.0,0.76059353,2.21087,0.23809524,2.5368643,68.38806,0
6bba_9a41d029,1041416,13,6.0,208.0,47.0,0.7558328,1.4298143,0.0952381,2.5434792,68.92444,1
6bba_9a41d029,1041417,13,13.0,240.0,39.0,0.71996593,1.6579094,0.20634921,2.5401762,68.65625,3
6bba_9a41d029,1041418,13,9.0,140.0,54.0,0.7133362,3.4373014,0.14285715,2.5434792,68.92444,0
6bba_9a41d029,1041419,13,13.0,237.0,47.0,0.7076038,1.5166727,0.20634921,2.5401762,68.65625,2
6bba_9a41d029,1041420,13,5.0,165.0,37.0,0.6900781,2.00953,0.07936508,2.5401762,68.65625,0
6bba_9a41d029,1041421,13,28.0,214.0,152.0,0.6818279,4.774652,0.44444445,2.5434792,68.92444,0
6bba_9a41d029,1041422,13,9.0,239.0,64.0,0.6916787,1.9629401,0.14285715,2.5434792,68.92444,0
6bba_9a41d029,1041423,14,4.0,185.0,40.0,1.1488031,2.3255112,0.06349207,2.5434792,68.92444,0
6bba_9a41d029,1041424,14,12.0,209.0,81.0,0.9507107,6.380421,0.1904762,2.5401762,68.65625,0
6bba_9a41d029,1041425,14,6.0,234.0,33.0,0.9444623,2.8947184,0.0952381,2.5401762,68.65625,2
6bba_9a41d029,1041426,14,9.0,181.0,64.0,0.83869916,4.131768,0.14285715,2.5368643,68.38806,0
6bba_9a41d029,1041427,14,7.0,219.0,53.0,0.875368,2.2760386,0.11111111,2.5434792,68.92444,1
6bba_9a41d029,1041428,14,7.0,252.0,47.0,0.84587574,2.1134512,0.11111111,2.5368643,68.38806,0
6bba_9a41d029,1041429,14,4.0,150.0,28.0,0.8469625,3.2322464,0.06349207,2.5434792,68.92444,0
6bba_9a41d029,1041430,14,12.0,236.0,41.0,0.7533873,1.4444215,0.1904762,2.5368643,68.38806,2
6bba_9a41d029,1041431,14,13.0,236.0,45.0,0.74365807,1.6508626,0.20634921,2.5302145,67.851685,2
6bba_9a41d029,1041432,14,6.0,92.0,41.0,0.7411271,1.80107,0.0952381,2.5401762,68.65625,1
6bba_9a41d029,1041433,14,14.0,250.0,83.0,0.7593366,2.4378119,0.22222222,2.5401762,68.65625,1
6bba_9a41d029,1041434,14,7.0,205.0,53.0,0.7500281,1.5207562,0.11111111,2.5401762,68.65625,1
6bba_9a41d029,1041435,14,17.0,252.0,97.0,0.7258636,2.3067837,0.26984128,2.5401762,68.65625,1
6bba_9a41d029,1041436,14,5.0,162.0,39.0,0.719417,2.300103,0.07936508,2.5434792,68.92444,0
6bba_9a41d029,1041437,14,7.0,86.0,41.0,0.72093886,1.807883,0.11111111,2.5434792,68.92444,1
6bba_9a41d029,1041438,14,9.0,137.0,57.0,0.7314439,3.5573828,0.14285715,2.5434792,68.92444,0
6bba_9a41d029,1041439,14,13.0,192.0,90.0,0.7181582,2.350407,0.20634921,2.5434792,68.92444,0
6bba_9a41d029,1041440,14,28.0,211.0,154.0,0.69865686,4.736552,0.44444445,2.5434792,68.92444,0
6bba_9a41d029,1041441,14,9.0,236.0,64.0,0.7043629,1.8728014,0.14285715,2.5434792,68.92444,0
6bba_9a41d029,1041442,14,21.0,245.0,110.0,0.66661274,2.9432137,0.33333334,2.5434792,68.92444,0
6bba_9a41d029,1041443,15,4.0,179.0,39.0,1.0496994,2.1038597,0.06349207,2.5434792,68.92444,1
6bba_9a41d029,1041444,15,4.0,183.0,44.0,1.0432538,1.960833,0.06349207,2.5434792,68.92444,1
6bba_9a41d029,1041445,15,12.0,206.0,81.0,0.861724,6.744238,0.1904762,2.5401762,68.65625,0
6bba_9a41d029,1041446,15,2.0,218.0,13.0,0.91190654,3.0696387,0.031746034,2.4687274,63.024292,0
6bba_9a41d029,1041447,15,6.0,230.0,36.0,0.8536711,2.7581253,0.0952381,2.5401762,68.65625,0
6bba_9a41d029,1041448,15,3.0,249.0,11.0,0.8733494,1.3468904,0.04761905,2.5368643,68.38806,0
6bba_9a41d029,1041449,15,4.0,149.0,30.0,0.8314549,3.2334867,0.06349207,2.5434792,68.92444,1
6bba_9a41d029,1041450,15,14.0,232.0,54.0,0.812818,2.151843,0.22222222,2.5434792,68.92444,1
6bba_9a41d029,1041451,15,7.0,215.0,55.0,0.80620146,2.051675,0.11111111,2.5434792,68.92444,0
6bba_9a41d029,1041452,15,8.0,250.0,48.0,0.7746898,1.7553997,0.12698413,2.5401762,68.65625,0
6bba_9a41d029,1041453,15,9.0,179.0,65.0,0.7419225,3.6496105,0.14285715,2.5434792,68.92444,0
6bba_9a41d029,1041454,15,8.0,199.0,57.0,0.74483144,1.8132006,0.12698413,2.5401762,68.65625,0
6bba_9a41d029,1041455,15,13.0,186.0,91.0,0.7384253,2.8651502,0.20634921,2.5434792,68.92444,0
6bba_9a41d029,1041456,15,7.0,84.0,42.0,0.73723215,1.9162372,0.11111111,2.5401762,68.65625,0
6bba_9a41d029,1041457,15,6.0,159.0,40.0,0.72215503,2.0730948,0.0952381,2.5401762,68.65625,1
6bba_9a41d029,1041458,15,15.0,247.0,88.0,0.7278348,2.3678517,0.23809524,2.5401762,68.65625,1
6bba_9a41d029,1041459,15,9.0,235.0,64.0,0.7276179,1.948838,0.14285715,2.5434792,68.92444,1
6bba_9a41d029,1041460,15,18.0,250.0,100.0,0.71107817,2.4448457,0.2857143,2.5434792,68.92444,1
6bba_9a41d029,1041461,15,10.0,134.0,59.0,0.7199429,3.910489,0.15873016,2.5434792,68.92444,0
6bba_9a41d029,1041462,15,28.0,208.0,156.0,0.70403755,4.9393578,0.44444445,2.5434792,68.92444,0
6bba_9a41d029,1041463,15,21.0,205.0,120.0,0.66326666,3.3353117,0.33333334,2.5434792,68.92444,0
6bba_9a41d029,1041464,15,17.0,124.0,94.0,0.6359097,3.0389328,0.26984128,2.5434792,68.92444,0
6bba_9a41d029,1041465,15,22.0,246.0,116.0,0.62538165,2.5476286,0.34920636,2.5401762,68.65625,0
6bba_9a41d029,1041466,16,2.0,199.0,30.0,1.110222,3.4038892,0.031746034,2.4687274,63.024292,0
6bba_9a41d029,1041467,16,4.0,175.0,41.0,1.0453575,2.2943327,0.06349207,2.5434792,68.92444,0
6bba_9a41d029,1041468,16,6.0,227.0,37.0,0.8985671,3.187611,0.0952381,2.5401762,68.65625,0
6bba_9a41d029,1041469,16,2.0,213.0,18.0,0.9250376,3.3596325,0.031746034,2.4687274,63.024292,0
6bba_9a41d029,1041470,16,12.0,206.0,82.0,0.8254069,5.973416,0.1904762,2.5368643,68.38806,0
6bba_9a41d029,1041471,16,7.0,212.0,56.0,0.82734287,2.2732542,0.11111111,2.5434792,68.92444,0
6bba_9a41d029,1041472,16,8.0,248.0,50.0,0.8110595,1.9003657,0.12698413,2.5401762,68.65625,0
6bba_9a41d029,1041473,16,4.0,146.0,30.0,0.8058958,3.1899943,0.06349207,2.5434792,68.92444,0
6bba_9a41d029,1041474,16,6.0,154.0,43.0,0.74090356,2.3614068,0.0952381,2.5434792,68.92444,0
6bba_9a41d029,1041475,16,10.0,232.0,68.0,0.75669724,2.597781,0.15873016,2.5434792,68.92444,0
6bba_9a41d029,1041476,16,7.0,196.0,57.0,0.7443384,1.80033,0.11111111,2.5401762,68.65625,0
6bba_9a41d029,1041477,16,7.0,81.0,41.0,0.72003174,1.9875914,0.11111111,2.5401762,68.65625,0
6bba_9a41d029,1041478,16,13.0,183.0,93.0,0.7220532,2.6953406,0.20634921,2.5434792,68.92444,0
6bba_9a41d029,1041479,16,15.0,245.0,91.0,0.7311546,2.7148445,0.23809524,2.5434792,68.92444,1
6bba_9a41d029,1041480,16,28.0,204.0,157.0,0.69454825,4.6958666,0.44444445,2.5434792,68.92444,0
6bba_9a41d029,1041481,16,10.0,130.0,59.0,0.6966387,3.315736,0.15873016,2.5434792,68.92444,0
6bba_9a41d029,1041482,16,21.0,201.0,122.0,0.69236904,3.723649,0.33333334,2.5434792,68.92444,0
6bba_9a41d029,1041483,16,18.0,249.0,103.0,0.6658535,2.1281664,0.2857143,2.5401762,68.65625,1
6bba_9a41d029,1041484,16,9.0,177.0,67.0,0.64795625,2.7347288,0.14285715,2.5401762,68.65625,0
6bba_9a41d029,1041485,16,7.0,96.0,56.0,0.6594867,1.7020903,0.11111111,2.5401762,68.65625,0
6bba_9a41d029,1041486,17,4.0,174.0,42.0,1.1371051,2.5989528,0.06349207,2.5434792,68.92444,0
6bba_9a41d029,1041487,17,2.0,194.0,31.0,1.0725071,3.232278,0.031746034,2.4687274,63.024292,0
6bba_9a41d029,1041488,17,2.0,123.0,24.0,0.95258325,3.0244703,0.031746034,2.4687274,63.024292,0
6bba_9a41d029,1041489,17,6.0,251.0,41.0,0.9215031,1.5799011,0.0952381,2.5401762,68.65625,2
6bba_9a41d029,1041490,17,6.0,223.0,40.0,0.87443125,3.1637144,0.0952381,2.5434792,68.92444,0
6bba_9a41d029,1041491,17,6.0,246.0,33.0,0.8865041,1.5355506,0.0952381,2.5434792,68.92444,1
6bba_9a41d029,1041492,17,12.0,204.0,83.0,0.8094095,5.8501663,0.1904762,2.5368643,68.38806,0
6bba_9a41d029,1041493,17,7.0,209.0,58.0,0.8408324,2.3389173,0.11111111,2.5434792,68.92444,0
6bba_9a41d029,1041494,17,8.0,247.0,53.0,0.81635475,2.0374866,0.12698413,2.5401762,68.65625,1
6bba_9a41d029,1041495,17,4.0,146.0,32.0,0.8023787,2.9913213,0.06349207,2.5434792,68.92444,1
6bba_9a41d029,1041496,17,6.0,153.0,45.0,0.77325344,2.38132,0.0952381,2.5434792,68.92444,1
6bba_9a41d029,1041497,17,15.0,245.0,91.0,0.7812242,3.2676554,0.23809524,2.5434792,68.92444,0
6bba_9a41d029,1041498,17,13.0,179.0,93.0,0.7504751,2.6903052,0.20634921,2.5434792,68.92444,0
6bba_9a41d029,1041499,17,8.0,190.0,61.0,0.73692644,1.8682692,0.12698413,2.5401762,68.65625,0
6bba_9a41d029,1041500,17,21.0,196.0,123.0,0.72231936,4.112582,0.33333334,2.5434792,68.92444,0
6bba_9a41d029,1041501,17,10.0,231.0,71.0,0.7237065,2.6331222,0.15873016,2.5401762,68.65625,0
6bba_9a41d029,1041502,17,28.0,201.0,159.0,0.6941406,4.9606547,0.44444445,2.5434792,68.92444,0
6bba_9a41d029,1041503,17,8.0,92.0,57.0,0.6984893,1.9359266,0.12698413,2.5434792,68.92444,0
6bba_9a41d029,1041504,17,6.0,78.0,41.0,0.69333535,1.8679124,0.0952381,2.5368643,68.38806,0
6bba_9a41d029,1041505,17,10.0,127.0,60.0,0.6777652,3.062081,0.15873016,2.5434792,68.92444,0
6bba_9a41d029,1041506,17,14.0,99.0,85.0,0.6495635,5.8885627,0.22222222,2.5434792,68.92444,0
6bba_9a41d029,1041507,17,18.0,245.0,106.0,0.64954704,2.2730114,0.2857143,2.5401762,68.65625,0
6bba_9a41d029,1041508,18,4.0,173.0,46.0,1.1113653,2.323399,0.06349207,2.5434792,68.92444,0
6bba_9a41d029,1041509,18,2.0,191.0,33.0,1.090714,3.7055836,0.031746034,2.4687274,63.024292,0
6bba_9a41d029,1041510,18,2.0,245.0,26.0,0.99431324,1.6917094,0.031746034,2.4687274,63.024292,2
6bba_9a41d029,1041511,18,2.0,121.0,26.0,0.9484099,2.7919316,0.031746034,2.4652207,62.756104,0
6bba_9a41d029,1041512,18,6.0,249.0,34.0,0.92118764,1.2644395,0.0952381,2.5335438,68.11987,3
6bba_9a41d029,1041513,18,6.0,244.0,33.0,0.9303943,1.5458988,0.0952381,2.5434792,68.92444,3
6bba_9a41d029,1041514,18,5.0,214.0,37.0,0.9005886,2.3170168,0.07936508,2.5434792,68.92444,0
6bba_9a41d029,1041515,18,6.0,250.0,41.0,0.9099858,1.4254211,0.0952381,2.5401762,68.65625,3
6bba_9a41d029,1041516,18,8.0,206.0,60.0,0.84862894,2.322997,0.12698413,2.5401762,68.65625,1
6bba_9a41d029,1041517,18,3.0,144.0,31.0,0.8414045,3.1637282,0.04761905,2.5368643,68.38806,1
6bba_9a41d029,1041518,18,12.0,202.0,84.0,0.79514754,4.543455,0.1904762,2.5335438,68.11987,0
6bba_9a41d029,1041519,18,13.0,216.0,56.0,0.7624099,1.9601256,0.20634921,2.5434792,68.92444,1
6bba_9a41d029,1041520,18,14.0,244.0,92.0,0.7969554,3.0067189,0.22222222,2.5434792,68.92444,0
6bba_9a41d029,1041521,18,12.0,175.0,92.0,0.7880643,2.7748415,0.1904762,2.5434792,68.92444,0
6bba_9a41d029,1041522,18,7.0,246.0,54.0,0.7793211,1.7479568,0.11111111,2.5401762,68.65625,1
6bba_9a41d029,1041523,18,6.0,149.0,44.0,0.7598921,2.2231443,0.0952381,2.5434792,68.92444,1
6bba_9a41d029,1041524,18,8.0,89.0,59.0,0.76211405,2.1824133,0.12698413,2.5434792,68.92444,0
6bba_9a41d029,1041525,18,9.0,227.0,71.0,0.76470095,2.8102894,0.14285715,2.5434792,68.92444,0
6bba_9a41d029,1041526,18,8.0,184.0,64.0,0.7599513,1.7843394,0.12698413,2.5401762,68.65625,1
6bba_9a41d029,1041527,18,7.0,189.0,58.0,0.7598461,1.3827932,0.11111111,2.5434792,68.92444,1
6bba_9a41d029,1041528,18,12.0,252.0,74.0,0.7300972,2.67231,0.1904762,2.5268764,67.583496,0
6bba_9a41d029,1041529,18,9.0,124.0,61.0,0.7219085,3.1255345,0.14285715,2.5434792,68.92444,0
6bba_9a41d029,1041530,18,6.0,75.0,42.0,0.68734,1.8699591,0.0952381,2.5368643,68.38806,0
6bba_9a41d029,1041531,18,28.0,198.0,160.0,0.6824622,4.73122,0.44444445,2.5434792,68.92444,0
6bba_9a41d029,1041532,19,4.0,170.0,45.0,1.030126,2.1926205,0.06349207,2.5434792,68.92444,0
6bba_9a41d029,1041533,19,2.0,244.0,28.0,1.0177107,1.8926054,0.031746034,2.4652207,62.756104,1
6bba_9a41d029,1041534,19,6.0,250.0,43.0,0.9619027,1.8397146,0.0952381,2.5434792,68.92444,1
6bba_9a41d029,1041535,19,2.0,120.0,26.0,0.93734926,2.7061136,0.031746034,2.4687274,63.024292,0
6bba_9a41d029,1041536,19,6.0,245.0,38.0,0.9280704,1.5916067,0.0952381,2.5434792,68.92444,2
6bba_9a41d029,1041537,19,2.0,214.0,23.0,0.8831746,1.9030217,0.031746034,2.4687274,63.024292,0
6bba_9a41d029,1041538,19,6.0,216.0,42.0,0.8219458,2.559319,0.0952381,2.5401762,68.65625,0
6bba_9a41d029,1041539,19,8.0,87.0,59.0,0.8221364,2.5184598,0.12698413,2.5434792,68.92444,0
6bba_9a41d029,1041540,19,7.0,203.0,60.0,0.8203319,2.1449842,0.11111111,2.5434792,68.92444,0
6bba_9a41d029,1041541,19,13.0,173.0,94.0,0.8009227,2.7671113,0.20634921,2.5434792,68.92444,0
6bba_9a41d029,1041542,19,14.0,243.0,91.0,0.7806161,2.7202435,0.22222222,2.5434792,68.92444,0
6bba_9a41d029,1041543,19,4.0,141.0,31.0,0.76460886,2.767181,0.06349207,2.5401762,68.65625,0
6bba_9a41d029,1041544,19,8.0,183.0,66.0,0.779939,2.2009141,0.12698413,2.5434792,68.92444,0
6bba_9a41d029,1041545,19,8.0,240.0,55.0,0.7585182,1.7395588,0.12698413,2.5401762,68.65625,0
6bba_9a41d029,1041546,19,12.0,203.0,85.0,0.7435857,4.1951284,0.1904762,2.5401762,68.65625,0
6bba_9a41d029,1041547,19,9.0,225.0,71.0,0.76418805,2.8372066,0.14285715,2.5434792,68.92444,1
6bba_9a41d029,1041548,19,6.0,145.0,46.0,0.7359667,2.4576592,0.0952381,2.5434792,68.92444,0
6bba_9a41d029,1041549,19,9.0,123.0,63.0,0.73342586,3.2408407,0.14285715,2.5434792,68.92444,0
6bba_9a41d029,1041550,19,12.0,251.0,76.0,0.71601504,2.6615996,0.1904762,2.5434792,68.92444,0
6bba_9a41d029,1041551,19,18.0,239.0,106.0,0.6930001,2.1685004,0.2857143,2.5401762,68.65625,0
6bba_9a41d029,1041552,19,22.0,191.0,127.0,0.70636797,3.7428918,0.34920636,2.5434792,68.92444,0
6bba_9a41d029,1041553,19,14.0,217.0,60.0,0.65050685,1.4920686,0.22222222,2.5368643,68.38806,1
6bba_9a41d029,1041554,20,2.0,239.0,32.0,1.0235268,1.7536784,0.031746034,2.4687274,63.024292,1
6bba_9a41d029,1041555,20,5.0,163.0,49.0,0.9498923,2.0240545,0.07936508,2.5434792,68.92444,1
6bba_9a41d029,1041556,20,3.0,116.0,28.0,0.9494484,3.0513933,0.04761905,2.5401762,68.65625,0
6bba_9a41d029,1041557,20,6.0,246.0,40.0,0.9382401,1.7308109,0.0952381,2.5434792,68.92444,1
6bba_9a41d029,1041558,20,3.0,167.0,45.0,0.9495506,2.0162706,0.04761905,2.5401762,68.65625,1
6bba_9a41d029,1041559,20,2.0,185.0,35.0,0.9472308,2.8018363,0.031746034,2.4687274,63.024292,0
6bba_9a41d029,1041560,20,2.0,210.0,27.0,0.8672863,2.1647575,0.031746034,2.4687274,63.024292,0
6bba_9a41d029,1041561,20,7.0,216.0,46.0,0.7985561,2.4370203,0.11111111,2.5401762,68.65625,0
6bba_9a41d029,1041562,20,7.0,201.0,63.0,0.80933064,2.0218554,0.11111111,2.5434792,68.92444,0
6bba_9a41d029,1041563,20,7.0,211.0,5.0,0.80067617,1.104632,0.11111111,2.5434792,68.92444,0
6bba_9a41d029,1041564,20,13.0,171.0,95.0,0.78995097,2.7715185,0.20634921,2.5434792,68.92444,0
6bba_9a41d029,1041565,20,8.0,85.0,61.0,0.7749889,2.456123,0.12698413,2.5434792,68.92444,0
6bba_9a41d029,1041566,20,8.0,184.0,67.0,0.77479833,1.9978952,0.12698413,2.5434792,68.92444,0
6bba_9a41d029,1041567,20,10.0,223.0,73.0,0.7660683,2.763349,0.15873016,2.5401762,68.65625,0
6bba_9a41d029,1041568,20,8.0,239.0,57.0,0.755297,1.9810504,0.12698413,2.5401762,68.65625,0
6bba_9a41d029,1041569,20,22.0,189.0,129.0,0.7519707,4.0941567,0.34920636,2.5434792,68.92444,0
6bba_9a41d029,1041570,20,9.0,120.0,66.0,0.7480823,3.373076,0.14285715,2.5434792,68.92444,0
6bba_9a41d029,1041571,20,4.0,140.0,30.0,0.74420696,2.9005241,0.06349207,2.5401762,68.65625,0
6bba_9a41d029,1041572,20,14.0,239.0,93.0,0.7543471,2.9474442,0.22222222,2.5434792,68.92444,0
6bba_9a41d029,1041573,20,6.0,142.0,49.0,0.7215075,2.6182764,0.0952381,2.5434792,68.92444,0
6bba_9a41d029,1041574,20,12.0,201.0,87.0,0.70755786,3.692809,0.1904762,2.5401762,68.65625,0
6bba_9a41d029,1041575,20,29.0,194.0,164.0,0.7070549,4.623987,0.46031746,2.5434792,68.92444,0
6bba_9a41d029,1041576,20,6.0,62.0,44.0,0.70499074,2.1463466,0.0952381,2.5434792,68.92444,0
6bba_9a41d029,1041577,20,12.0,251.0,79.0,0.7034393,2.8896003,0.1904762,2.5401762,68.65625,0
6bba_9a41d029,1041578,20,18.0,240.0,111.0,0.69100493,2.53499,0.2857143,2.5434792,68.92444,0
6bba_9a41d029,1041579,20,17.0,109.0,106.0,0.67236483,3.349431,0.26984128,2.5434792,68.92444,0
6bba_9a41d029,1041580,21,5.0,163.0,51.0,1.1073585,2.757507,0.07936508,2.5434792,68.92444,1
6bba_9a41d029,1041581,21,3.0,239.0,35.0,1.0588946,1.7324582,0.04761905,2.5401762,68.65625,0
6bba_9a41d029,1041582,21,5.0,171.0,48.0,0.9817622,1.7553941,0.07936508,2.5401762,68.65625,1
6bba_9a41d029,1041583,21,3.0,115.0,28.0,0.945459,2.6313114,0.04761905,2.5401762,68.65625,0
6bba_9a41d029,1041584,21,3.0,186.0,38.0,0.9463631,2.4223604,0.04761905,2.5401762,68.65625,1
6bba_9a41d029,1041585,21,3.0,209.0,25.0,0.93271863,2.290407,0.04761905,2.5368643,68.38806,0
6bba_9a41d029,1041586,21,6.0,214.0,48.0,0.892506,2.897876,0.0952381,2.5434792,68.92444,0
6bba_9a41d029,1041587,21,8.0,209.0,9.0,0.8542857,1.0418693,0.12698413,2.5434792,68.92444,0
6bba_9a41d029,1041588,21,8.0,206.0,62.0,0.84879005,1.9245961,0.12698413,2.5434792,68.92444,1
6bba_9a41d029,1041589,21,8.0,201.0,63.0,0.8443363,1.9217613,0.12698413,2.5401762,68.65625,1
6bba_9a41d029,1041590,21,4.0,188.0,49.0,0.8297884,1.2552732,0.06349207,2.5434792,68.92444,1
6bba_9a41d029,1041591,21,14.0,238.0,93.0,0.8116972,2.5952144,0.22222222,2.5401762,68.65625,0
6bba_9a41d029,1041592,21,13.0,168.0,98.0,0.81033313,2.7576716,0.20634921,2.5434792,68.92444,0
6bba_9a41d029,1041593,21,8.0,84.0,62.0,0.7969718,2.5087907,0.12698413,2.5434792,68.92444,0
6bba_9a41d029,1041594,21,9.0,120.0,67.0,0.7874529,3.2156787,0.14285715,2.5434792,68.92444,0
6bba_9a41d029,1041595,21,7.0,143.0,49.0,0.78486276,2.844611,0.11111111,2.5434792,68.92444,0
6bba_9a41d029,1041596,21,9.0,237.0,59.0,0.77567583,1.8899673,0.14285715,2.5401762,68.65625,0
6bba_9a41d029,1041597,21,10.0,179.0,74.0,0.76873064,2.343543,0.15873016,2.5401762,68.65625,0
6bba_9a41d029,1041598,21,3.0,143.0,30.0,0.77687776,2.0612624,0.04761905,2.5401762,68.65625,0
6bba_9a41d029,1041599,21,10.0,223.0,76.0,0.7677314,2.554263,0.15873016,2.5434792,68.92444,0
6bba_9a41d029,1041600,21,13.0,249.0,82.0,0.7441412,2.6006336,0.20634921,2.5368643,68.38806,0
6bba_9a41d029,1041601,21,6.0,69.0,42.0,0.7091389,2.0981374,0.0952381,2.5434792,68.92444,0
6bba_9a41d029,1041602,21,21.0,185.0,129.0,0.71074945,3.713113,0.33333334,2.5434792,68.92444,0
6bba_9a41d029,1041603,21,12.0,198.0,87.0,0.6996725,2.8269558,0.1904762,2.5401762,68.65625,0
6bba_9a41d029,1041604,22,5.0,236.0,44.0,1.0640764,2.2766705,0.07936508,2.5434792,68.92444,0
6bba_9a41d029,1041605,22,8.0,153.0,58.0,0.98344845,2.4545085,0.12698413,2.5434792,68.92444,0
6bba_9a41d029,1041606,22,5.0,177.0,7.0,0.8918552,1.6292021,0.07936508,2.5168092,66.77893,0
6bba_9a41d029,1041607,22,4.0,179.0,39.0,0.9824754,2.4316854,0.06349207,2.5434792,68.92444,0
6bba_9a41d029,1041608,22,3.0,109.0,32.0,0.9673066,2.6421032,0.04761905,2.5368643,68.38806,0
6bba_9a41d029,1041609,22,4.0,206.0,33.0,0.89753497,2.0302777,0.06349207,2.5401762,68.65625,1
6bba_9a41d029,1041610,22,8.0,193.0,67.0,0.8719397,1.9988419,0.12698413,2.5434792,68.92444,0
6bba_9a41d029,1041611,22,9.0,207.0,20.0,0.8400436,1.212781,0.14285715,2.5401762,68.65625,1
6bba_9a41d029,1041612,22,15.0,238.0,98.0,0.82943666,2.772686,0.23809524,2.5434792,68.92444,0
6bba_9a41d029,1041613,22,14.0,167.0,105.0,0.81822497,2.786484,0.22222222,2.5434792,68.92444,0
6bba_9a41d029,1041614,22,7.0,58.0,44.0,0.80958694,2.6187127,0.11111111,2.5434792,68.92444,0
6bba_9a41d029,1041615,22,7.0,207.0,53.0,0.8057544,2.081924,0.11111111,2.5401762,68.65625,0
6bba_9a41d029,1041616,22,10.0,236.0,68.0,0.7833771,2.7718072,0.15873016,2.5434792,68.92444,0
6bba_9a41d029,1041617,22,18.0,190.0,106.0,0.77491,3.6473558,0.2857143,2.5434792,68.92444,0
6bba_9a41d029,1041618,22,10.0,169.0,77.0,0.7564869,2.3016748,0.15873016,2.5401762,68.65625,0
6bba_9a41d029,1041619,22,12.0,219.0,82.0,0.74968296,2.602443,0.1904762,2.5401762,68.65625,0
6bba_9a41d029,1041620,22,13.0,250.0,86.0,0.7419949,3.0458424,0.20634921,2.5401762,68.65625,0
6bba_9a41d029,1041621,22,7.0,134.0,50.0,0.7214878,2.7722704,0.11111111,2.5335438,68.11987,0
6bba_9a41d029,1041622,22,30.0,186.0,169.0,0.72153705,4.6339984,0.47619048,2.5434792,68.92444,0
6bba_9a41d029,1041623,22,28.0,3.0,130.0,0.6334078,5.49982,0.44444445,2.5368643,68.38806,0
6bba_9a41d029,1041624,23,6.0,233.0,47.0,1.0442826,2.46324,0.0952381,2.5434792,68.92444,0
6bba_9a41d029,1041625,23,2.0,174.0,38.0,0.9859809,2.2954996,0.031746034,2.4687274,63.024292,0
6bba_9a41d029,1041626,23,2.0,108.0,31.0,0.9723285,2.7848036,0.031746034,2.4687274,63.024292,0
6bba_9a41d029,1041627,23,7.0,153.0,57.0,0.9499843,2.3928254,0.11111111,2.5434792,68.92444,1
6bba_9a41d029,1041628,23,7.0,154.0,63.0,0.9157905,2.0990245,0.11111111,2.5335438,68.11987,1
6bba_9a41d029,1041629,23,4.0,205.0,35.0,0.90958154,2.1128387,0.06349207,2.5401762,68.65625,1
6bba_9a41d029,1041630,23,7.0,192.0,67.0,0.90095335,2.0650299,0.11111111,2.5434792,68.92444,0
6bba_9a41d029,1041631,23,15.0,239.0,99.0,0.8729259,2.8830702,0.23809524,2.5401762,68.65625,0
6bba_9a41d029,1041632,23,8.0,205.0,24.0,0.8489182,1.2804844,0.12698413,2.5434792,68.92444,1
6bba_9a41d029,1041633,23,7.0,56.0,44.0,0.8108985,2.4804223,0.11111111,2.5434792,68.92444,0
6bba_9a41d029,1041634,23,7.0,204.0,55.0,0.81381726,1.915856,0.11111111,2.5401762,68.65625,0
6bba_9a41d029,1041635,23,14.0,163.0,105.0,0.78563195,2.9306421,0.22222222,2.5434792,68.92444,0
6bba_9a41d029,1041636,23,10.0,167.0,78.0,0.76429987,2.294715,0.15873016,2.5401762,68.65625,0
6bba_9a41d029,1041637,23,12.0,246.0,85.0,0.7655719,2.600318,0.1904762,2.5434792,68.92444,0
6bba_9a41d029,1041638,23,10.0,234.0,70.0,0.757141,2.6259449,0.15873016,2.5401762,68.65625,0
6bba_9a41d029,1041639,23,18.0,190.0,108.0,0.7685564,3.6325693,0.2857143,2.5434792,68.92444,0
6bba_9a41d029,1041640,24,2.0,239.0,27.0,1.0815009,2.1800175,0.031746034,2.4687274,63.024292,0
6bba_9a41d029,1041641,24,2.0,172.0,39.0,0.9717713,2.8650262,0.031746034,2.4687274,63.024292,0
6bba_9a41d029,1041642,24,3.0,104.0,34.0,0.93601507,2.5281966,0.04761905,2.5401762,68.65625,0
6bba_9a41d029,1041643,24,5.0,236.0,49.0,0.94983315,2.075938,0.07936508,2.5401762,68.65625,0
6bba_9a41d029,1041644,24,6.0,153.0,59.0,0.9257761,2.462418,0.0952381,2.5434792,68.92444,0
6bba_9a41d029,1041645,24,4.0,202.0,35.0,0.92557234,1.9126941,0.06349207,2.5434792,68.92444,0
6bba_9a41d029,1041646,24,7.0,189.0,69.0,0.8600937,1.798251,0.11111111,2.5434792,68.92444,0
6bba_9a41d029,1041647,24,16.0,239.0,101.0,0.842134,2.6726034,0.25396827,2.5401762,68.65625,0
6bba_9a41d029,1041648,24,8.0,190.0,17.0,0.82184386,1.2721248,0.12698413,2.5401762,68.65625,0
6bba_9a41d029,1041649,25,6.0,214.0,13.0,1.0872656,1.5560235,0.0952381,2.5401762,68.65625,0
6bba_9a41d029,1041650,25,2.0,166.0,39.0,1.0353496,3.2758355,0.031746034,2.4652207,62.756104,0
6bba_9a41d029,1041651,25,7.0,148.0,60.0,1.0182402,2.9226453,0.11111111,2.5434792,68.92444,0
6bba_9a41d029,1041652,25,4.0,230.0,48.0,0.9662217,2.300337,0.06349207,2.5434792,68.92444,1
6bba_9a41d029,1041653,25,3.0,99.0,34.0,0.9274423,2.6320627,0.04761905,2.5401762,68.65625,0
6bba_9a41d029,1041654,25,4.0,197.0,37.0,0.91440344,1.8424752,0.06349207,2.5434792,68.92444,1
6bba_9a41d029,1041655,25,7.0,223.0,56.0,0.91759175,2.1370528,0.11111111,2.5434792,68.92444,1
6bba_9a41d029,1041656,25,8.0,198.0,23.0,0.83793664,1.0649848,0.12698413,2.4895616,64.63342,1
6bba_9a41d029,1041657,25,7.0,185.0,71.0,0.8833388,1.9745793,0.11111111,2.5434792,68.92444,0
6bba_9a41d029,1041658,25,8.0,95.0,68.0,0.8479288,2.2759068,0.12698413,2.5434792,68.92444,0
6bba_9a41d029,1041659,25,8.0,199.0,60.0,0.81841236,2.1653695,0.12698413,2.5368643,68.38806,0
6bba_9a41d029,1041660,25,16.0,179.0,111.0,0.8246114,3.1113126,0.25396827,2.5434792,68.92444,0
6bba_9a41d029,1041661,25,7.0,46.0,44.0,0.8135016,2.606277,0.11111111,2.5434792,68.92444,0
6bba_9a41d029,1041662,26,6.0,211.0,14.0,1.0628011,1.5038635,0.0952381,2.5434792,68.92444,0
6bba_9a41d029,1041663,26,2.0,165.0,38.0,1.007103,2.85123,0.031746034,2.4687274,63.024292,0
6bba_9a41d029,1041664,26,7.0,220.0,57.0,0.96834177,2.6540203,0.11111111,2.5434792,68.92444,1
6bba_9a41d029,1041665,26,2.0,95.0,35.0,0.97298276,2.8354096,0.031746034,2.4687274,63.024292,0
6bba_9a41d029,1041666,26,4.0,228.0,49.0,0.9530247,2.3188808,0.06349207,2.5434792,68.92444,1
6bba_9a41d029,1041667,26,4.0,194.0,38.0,0.9264862,2.1345415,0.06349207,2.5401762,68.65625,2
6bba_9a41d029,1041668,26,8.0,195.0,24.0,0.8550582,1.1718228,0.12698413,2.5335438,68.11987,2
6bba_9a41d029,1041669,26,4.0,146.0,56.0,0.8754962,2.5452921,0.06349207,2.5401762,68.65625,1
6bba_9a41d029,1041670,26,10.0,146.0,66.0,0.8657768,2.4619226,0.15873016,2.5434792,68.92444,1
6bba_9a41d029,1041671,26,24.0,253.0,138.0,0.86984205,2.6852765,0.3809524,2.4687274,63.024292,0
6bba_9a41d029,1041672,26,8.0,90.0,68.0,0.86326224,2.2234359,0.12698413,2.5434792,68.92444,0
6bba_9a41d029,1041673,26,8.0,184.0,75.0,0.835524,1.9100639,0.12698413,2.5434792,68.92444,0
6bba_9a41d029,1041674,26,17.0,237.0,106.0,0.81703186,2.5869253,0.26984128,2.5401762,68.65625,0
6bba_9a41d029,1041675,26,9.0,204.0,33.0,0.82802653,1.4131209,0.14285715,2.5434792,68.92444,2
6bba_9a41d029,1041676,26,17.0,178.0,111.0,0.7987336,2.7658625,0.26984128,2.5434792,68.92444,0
6bba_9a41d029,1041677,26,7.0,167.0,71.0,0.80408144,1.7337722,0.11111111,2.5434792,68.92444,0
6bba_9a41d029,1041678,26,8.0,198.0,63.0,0.7904604,2.0968106,0.12698413,2.5434792,68.92444,0
6bba_9a41d029,1041679,26,14.0,242.0,92.0,0.7844026,2.8241649,0.22222222,2.5434792,68.92444,0
6bba_9a41d029,1041680,26,11.0,221.0,75.0,0.77828896,2.789086,0.17460318,2.5401762,68.65625,0
6bba_9a41d029,1041681,27,2.0,222.0,31.0,1.1995196,2.2998633,0.031746034,2.4687274,63.024292,1
6bba_9a41d029,1041682,27,8.0,214.0,23.0,1.059994,1.7003689,0.12698413,2.5434792,68.92444,1
6bba_9a41d029,1041683,27,2.0,159.0,39.0,1.0242565,2.7091427,0.031746034,2.4687274,63.024292,0
6bba_9a41d029,1041684,27,2.0,86.0,35.0,0.96652687,2.67683,0.031746034,2.4687274,63.024292,0
6bba_9a41d029,1041685,27,4.0,138.0,46.0,0.9266636,3.1685622,0.06349207,2.5401762,68.65625,0
6bba_9a41d029,1041686,27,10.0,139.0,72.0,0.9176575,4.11479,0.15873016,2.5434792,68.92444,0
6bba_9a41d029,1041687,27,8.0,215.0,59.0,0.90954864,2.5976298,0.12698413,2.5434792,68.92444,1
6bba_9a41d029,1041688,27,6.0,226.0,51.0,0.8794799,2.1432462,0.0952381,2.5401762,68.65625,1
6bba_9a41d029,1041689,27,8.0,194.0,28.0,0.81539166,1.1520218,0.12698413,2.5235295,67.31531,0
6bba_9a41d029,1041690,27,9.0,192.0,66.0,0.84521055,2.6627698,0.14285715,2.5401762,68.65625,0
6bba_9a41d029,1041691,27,25.0,243.0,140.0,0.83104724,2.8810976,0.3968254,2.5434792,68.92444,0
6bba_9a41d029,1041692,27,7.0,89.0,65.0,0.839705,2.2946153,0.11111111,2.5434792,68.92444,0
6bba_9a41d029,1041693,27,8.0,161.0,72.0,0.8236352,2.1069016,0.12698413,2.5434792,68.92444,0
6bba_9a41d029,1041694,28,8.0,245.0,60.0,1.3105458,3.2130156,0.12698413,2.5434792,68.92444,0
6bba_9a41d029,1041695,28,6.0,225.0,4.0,1.2960045,1.6881003,0.0952381,2.5434792,68.92444,0
6bba_9a41d029,1041696,28,2.0,221.0,24.0,1.2424575,1.9513272,0.031746034,2.4687274,63.024292,0
6bba_9a41d029,1041697,28,3.0,163.0,37.0,1.1561978,2.8622217,0.04761905,2.5401762,68.65625,0
6bba_9a41d029,1041698,28,4.0,219.0,42.0,1.1817807,2.1051247,0.06349207,2.5434792,68.92444,1
6bba_9a41d029,1041699,28,11.0,215.0,36.0,1.122807,1.8389225,0.17460318,2.5434792,68.92444,1
6bba_9a41d029,1041700,28,2.0,189.0,35.0,1.1318113,3.3905306,0.031746034,2.4687274,63.024292,0
6bba_9a41d029,1041701,28,27.0,226.0,151.0,1.0026901,4.856785,0.42857143,2.5434792,68.92444,0
6bba_9a41d029,1041702,28,12.0,124.0,83.0,0.95579225,4.3273535,0.1904762,2.5434792,68.92444,0
6bba_9a41d029,1041703,28,4.0,150.0,47.0,0.9619388,2.9922624,0.06349207,2.5401762,68.65625,0
6bba_9a41d029,1041704,28,4.0,128.0,50.0,0.91259885,2.9691305,0.06349207,2.5434792,68.92444,0
6bba_9a41d029,1041705,28,12.0,146.0,84.0,0.915945,3.5885668,0.1904762,2.5434792,68.92444,0
6bba_9a41d029,1041706,28,3.0,83.0,37.0,0.9003942,2.4169514,0.04761905,2.5401762,68.65625,0
6bba_9a41d029,1041707,28,10.0,181.0,72.0,0.9037111,2.5133147,0.15873016,2.5401762,68.65625,0
6bba_9a41d029,1041708,28,11.0,241.0,78.0,0.90602833,2.492523,0.17460318,2.5434792,68.92444,0
6bba_9a41d029,1041709,29,8.0,245.0,60.0,1.3105458,3.2130156,0.12698413,2.5434792,68.92444,0
6bba_9a41d029,1041710,29,6.0,225.0,4.0,1.2960045,1.6881003,0.0952381,2.5434792,68.92444,0
6bba_9a41d029,1041711,29,2.0,221.0,24.0,1.2424575,1.9513272,0.031746034,2.4687274,63.024292,0
6bba_9a41d029,1041712,29,3.0,163.0,37.0,1.1561978,2.8622217,0.04761905,2.5401762,68.65625,0
6bba_9a41d029,1041713,29,4.0,219.0,42.0,1.1817807,2.1051247,0.06349207,2.5434792,68.92444,1
6bba_9a41d029,1041714,29,11.0,215.0,36.0,1.122807,1.8389225,0.17460318,2.5434792,68.92444,1
6bba_9a41d029,1041715,29,2.0,189.0,35.0,1.1318113,3.3905306,0.031746034,2.4687274,63.024292,0
6bba_9a41d029,1041716,29,27.0,226.0,151.0,1.0026901,4.856785,0.42857143,2.5434792,68.92444,0
6bba_9a41d029,1041717,29,12.0,124.0,83.0,0.95579225,4.3273535,0.1904762,2.5434792,68.92444,0
6bba_9a41d029,1041718,29,4.0,150.0,47.0,0.9619388,2.9922624,0.06349207,2.5401762,68.65625,0
6bba_9a41d029,1041719,29,4.0,128.0,50.0,0.91259885,2.9691305,0.06349207,2.5434792,68.92444,0
6bba_9a41d029,1041720,29,12.0,146.0,84.0,0.915945,3.5885668,0.1904762,2.5434792,68.92444,0
6bba_9a41d029,1041721,29,3.0,83.0,37.0,0.9003942,2.4169514,0.04761905,2.5401762,68.65625,0
6bba_9a41d029,1041722,29,10.0,181.0,72.0,0.9037111,2.5133147,0.15873016,2.5401762,68.65625,0
6bba_9a41d029,1041723,29,11.0,241.0,78.0,0.90602833,2.492523,0.17460318,2.5434792,68.92444,0
6bba_9a41d029,1041724,30,7.0,227.0,13.0,1.2522852,1.9874187,0.11111111,2.5434792,68.92444,0
6bba_9a41d029,1041725,30,9.0,243.0,69.0,1.2295134,3.3764093,0.14285715,2.5434792,68.92444,0
6bba_9a41d029,1041726,30,6.0,154.0,43.0,1.1408949,2.548976,0.0952381,2.5434792,68.92444,1
6bba_9a41d029,1041727,30,5.0,227.0,48.0,1.1805187,2.5698998,0.07936508,2.5434792,68.92444,1
6bba_9a41d029,1041728,30,4.0,186.0,42.0,1.0941976,3.1488392,0.06349207,2.5401762,68.65625,0
6bba_9a41d029,1041729,30,11.0,175.0,76.0,0.9998928,3.821837,0.17460318,2.5434792,68.92444,0
6bba_9a41d029,1041730,30,14.0,220.0,48.0,0.99481785,1.5154406,0.22222222,2.5401762,68.65625,1
6bba_9a41d029,1041731,30,4.0,144.0,49.0,0.9997087,2.116186,0.06349207,2.5434792,68.92444,1
6bba_9a41d029,1041732,30,29.0,216.0,159.0,0.96644515,5.087974,0.46031746,2.5434792,68.92444,0
6bba_9a41d029,1041733,30,8.0,239.0,34.0,0.9662611,1.3946272,0.12698413,2.5401762,68.65625,0
6bba_9a41d029,1041734,30,2.0,119.0,34.0,0.91077775,2.2831998,0.031746034,2.4687274,63.024292,0
6bba_9a41d029,1041735,30,10.0,77.0,72.0,0.9042403,2.435277,0.15873016,2.5434792,68.92444,0
6bba_9a41d029,1041736,30,10.0,212.0,67.0,0.8927427,2.413204,0.15873016,2.5434792,68.92444,0
6bba_9a41d029,1041737,30,31.0,244.0,166.0,0.8769227,2.7195506,0.4920635,2.5434792,68.92444,0
6bba_9a41d029,1041738,30,9.0,194.0,71.0,0.88153756,2.0552166,0.14285715,2.5401762,68.65625,1
6bba_9a41d029,1041739,30,4.0,76.0,39.0,0.8734321,2.3552773,0.06349207,2.5401762,68.65625,0
6bba_9a41d029,1041740,30,5.0,126.0,57.0,0.8495723,3.2676427,0.07936508,2.5434792,68.92444,0
6bba_9a41d029,1041741,30,10.0,198.0,77.0,0.86662155,1.8854694,0.15873016,2.5401762,68.65625,1
6bba_9a41d029,1041742,31,2.0,216.0,31.0,1.2835478,2.6529424,0.031746034,2.4687274,63.024292,0
6bba_9a41d029,1041743,31,8.0,228.0,15.0,1.2081846,1.9919682,0.12698413,2.5434792,68.92444,0
6bba_9a41d029,1041744,31,9.0,240.0,70.0,1.1946459,3.4624746,0.14285715,2.5434792,68.92444,0
6bba_9a41d029,1041745,31,5.0,228.0,50.0,1.1512355,2.6908557,0.07936508,2.5434792,68.92444,0
6bba_9a41d029,1041746,31,5.0,155.0,44.0,1.1294532,3.3651342,0.07936508,2.5434792,68.92444,1
6bba_9a41d029,1041747,31,4.0,185.0,43.0,1.0349444,3.0374146,0.06349207,2.5434792,68.92444,0
6bba_9a41d029,1041748,31,7.0,202.0,13.0,1.0353914,1.3910328,0.11111111,2.5434792,68.92444,0
6bba_9a41d029,1041749,31,14.0,215.0,49.0,1.005372,2.114251,0.22222222,2.5434792,68.92444,0
6bba_9a41d029,1041750,31,11.0,173.0,77.0,0.98485523,3.7827735,0.17460318,2.5434792,68.92444,0
6bba_9a41d029,1041751,31,5.0,142.0,49.0,0.9700542,2.3686829,0.07936508,2.5434792,68.92444,1
6bba_9a41d029,1041752,31,29.0,213.0,160.0,0.9188637,5.011611,0.46031746,2.5434792,68.92444,0
6bba_9a41d029,1041753,31,5.0,125.0,57.0,0.91081077,3.9646738,0.07936508,2.5434792,68.92444,0
6bba_9a41d029,1041754,31,12.0,137.0,90.0,0.90801364,4.02654,0.1904762,2.5434792,68.92444,0
6bba_9a41d029,1041755,31,9.0,237.0,37.0,0.92852074,1.3372663,0.14285715,2.5235295,67.31531,0
6bba_9a41d029,1041756,31,10.0,76.0,74.0,0.89559233,2.5357978,0.15873016,2.5434792,68.92444,0
6bba_9a41d029,1041757,31,9.0,211.0,65.0,0.8838318,2.4082897,0.14285715,2.5434792,68.92444,1
6bba_9a41d029,1041758,31,11.0,199.0,72.0,0.8650339,1.602548,0.17460318,2.5268764,67.583496,1
6bba_9a41d029,1041759,32,2.0,217.0,32.0,1.3070816,2.4526584,0.031746034,2.4687274,63.024292,0
6bba_9a41d029,1041760,32,5.0,227.0,52.0,1.2033725,3.076434,0.07936508,2.5434792,68.92444,2
6bba_9a41d029,1041761,32,9.0,241.0,72.0,1.1492602,2.804593,0.14285715,2.5434792,68.92444,0
6bba_9a41d029,1041762,32,8.0,227.0,18.0,1.1163385,1.8765875,0.12698413,2.5401762,68.65625,0
6bba_9a41d029,1041763,32,6.0,152.0,46.0,1.0967221,3.2907143,0.0952381,2.5434792,68.92444,2
6bba_9a41d029,1041764,32,6.0,156.0,48.0,1.1015177,3.1322777,0.0952381,2.5434792,68.92444,1
6bba_9a41d029,1041765,32,4.0,186.0,44.0,1.0583606,3.3135533,0.06349207,2.5434792,68.92444,0
6bba_9a41d029,1041766,32,11.0,171.0,78.0,1.0234501,3.1976566,0.17460318,2.5434792,68.92444,0
6bba_9a41d029,1041767,32,15.0,220.0,55.0,0.97006404,1.5551052,0.23809524,2.5434792,68.92444,3
6bba_9a41d029,1041768,32,14.0,217.0,52.0,0.96658653,1.6636024,0.22222222,2.5434792,68.92444,3
6bba_9a41d029,1041769,32,2.0,133.0,27.0,0.95944536,3.5589416,0.031746034,2.4687274,63.024292,0
6bba_9a41d029,1041770,32,5.0,141.0,51.0,0.9309366,2.1174388,0.07936508,2.5434792,68.92444,1
6bba_9a41d029,1041771,32,5.0,209.0,17.0,0.9489061,1.0721074,0.07936508,2.5434792,68.92444,1
6bba_9a41d029,1041772,32,9.0,202.0,13.0,0.9390224,1.1279987,0.14285715,2.5335438,68.11987,1
6bba_9a41d029,1041773,32,29.0,212.0,160.0,0.916609,4.4714255,0.46031746,2.5434792,68.92444,0
6bba_9a41d029,1041774,32,31.0,175.0,175.0,0.9111461,4.7440777,0.4920635,2.5434792,68.92444,0
6bba_9a41d029,1041775,32,10.0,75.0,76.0,0.9174142,2.6003711,0.15873016,2.5434792,68.92444,0
6bba_9a41d029,1041776,32,3.0,160.0,33.0,0.92322195,2.146302,0.04761905,2.5368643,68.38806,0
6bba_9a41d029,1041777,32,12.0,137.0,91.0,0.87927616,3.9642613,0.1904762,2.5434792,68.92444,0
6bba_9a41d029,1041778,32,6.0,124.0,59.0,0.8632985,3.6780834,0.0952381,2.5434792,68.92444,0
6bba_9a41d029,1041779,32,9.0,213.0,64.0,0.8663684,1.8444291,0.14285715,2.5368643,68.38806,3
6bba_9a41d029,1041780,32,14.0,203.0,74.0,0.84190387,1.5418735,0.22222222,2.5368643,68.38806,2
6bba_9a41d029,1041781,32,32.0,218.0,189.0,0.8180475,4.443692,0.50793654,2.5434792,68.92444,0
6bba_9a41d029,1041782,32,13.0,159.0,96.0,0.87278116,2.8412278,0.20634921,2.5434792,68.92444,0
6bba_9a41d029,1041783,32,44.0,226.0,216.0,0.867578,6.104104,0.6984127,2.5434792,68.92444,0
6bba_9a41d029,1041784,32,12.0,237.0,89.0,0.8632393,2.111457,0.1904762,2.5401762,68.65625,0
6bba_9a41d029,1041785,32,4.0,114.0,41.0,0.8580723,2.1816828,0.06349207,2.5434792,68.92444,0
6bba_9a41d029,1041786,32,11.0,199.0,75.0,0.84452033,1.7114627,0.17460318,2.5302145,67.851685,1
6bba_9a41d029,1041787,32,7.0,174.0,56.0,0.8414898,2.171558,0.11111111,2.5401762,68.65625,0
6bba_9a41d029,1041788,32,17.0,244.0,105.0,0.83043915,2.5840008,0.26984128,2.5434792,68.92444,0
6bba_9a41d029,1041789,33,3.0,236.0,37.0,1.412414,4.6986084,0.04761905,2.5401762,68.65625,1
6bba_9a41d029,1041790,33,2.0,206.0,37.0,1.3328013,2.4746501,0.031746034,2.4687274,63.024292,1
6bba_9a41d029,1041791,33,7.0,185.0,20.0,1.2880435,2.7256165,0.11111111,2.5401762,68.65625,0
6bba_9a41d029,1041792,33,2.0,215.0,39.0,1.2505311,2.175551,0.031746034,2.4687274,63.024292,1
6bba_9a41d029,1041793,33,10.0,242.0,80.0,1.1448393,2.575702,0.15873016,2.5434792,68.92444,1
6bba_9a41d029,1041794,33,7.0,155.0,53.0,1.0970671,3.7308528,0.11111111,2.5434792,68.92444,0
6bba_9a41d029,1041795,33,4.0,220.0,57.0,1.1177912,3.3324084,0.06349207,2.5434792,68.92444,0
6bba_9a41d029,1041796,33,31.0,173.0,181.0,1.0133593,5.107985,0.4920635,2.5434792,68.92444,0
6bba_9a41d029,1041797,33,4.0,184.0,50.0,1.0321474,3.3072088,0.06349207,2.5434792,68.92444,0
6bba_9a41d029,1041798,33,9.0,233.0,24.0,0.9884609,1.5525364,0.14285715,2.5368643,68.38806,2
6bba_9a41d029,1041799,33,8.0,229.0,22.0,0.98919713,1.7385302,0.12698413,2.5401762,68.65625,1
6bba_9a41d029,1041800,33,10.0,168.0,81.0,0.96544266,3.310671,0.15873016,2.5434792,68.92444,0
6bba_9a41d029,1041801,33,3.0,160.0,37.0,0.9167742,2.487425,0.04761905,2.5368643,68.38806,0
6bba_9a41d029,1041802,33,3.0,137.0,30.0,0.8945338,3.435538,0.04761905,2.5401762,68.65625,0
6bba_9a41d029,1041803,33,6.0,137.0,53.0,0.8767124,2.9014497,0.0952381,2.5401762,68.65625,0
6bba_9a41d029,1041804,33,13.0,135.0,94.0,0.86112577,4.1555467,0.20634921,2.5434792,68.92444,0
6bba_9a41d029,1041805,33,12.0,71.0,82.0,0.86944497,2.5886896,0.1904762,2.5434792,68.92444,0
6bba_9a41d029,1041806,33,18.0,217.0,92.0,0.85573524,2.2296681,0.2857143,2.5434792,68.92444,0
6bba_9a41d029,1041807,33,29.0,206.0,161.0,0.85285264,3.9057398,0.46031746,2.5434792,68.92444,0
6bba_9a41d029,1041808,33,12.0,158.0,97.0,0.8531781,2.4805849,0.1904762,2.5434792,68.92444,0
6bba_9a41d029,1041809,33,11.0,232.0,91.0,0.85490364,1.7206922,0.17460318,2.5434792,68.92444,1
6bba_9a41d029,1041810,33,20.0,200.0,131.0,0.82993305,3.200681,0.31746033,2.5401762,68.65625,0
6bba_9a41d029,1041811,34,3.0,234.0,38.0,1.4191355,4.229435,0.04761905,2.5401762,68.65625,0
6bba_9a41d029,1041812,34,2.0,208.0,37.0,1.4001538,2.931221,0.031746034,2.4687274,63.024292,0
6bba_9a41d029,1041813,34,7.0,186.0,23.0,1.3314308,2.760409,0.11111111,2.5401762,68.65625,0
6bba_9a41d029,1041814,34,7.0,155.0,55.0,1.1786352,4.0590005,0.11111111,2.5434792,68.92444,0
6bba_9a41d029,1041815,34,10.0,242.0,81.0,1.1726235,3.0466766,0.15873016,2.5434792,68.92444,0
6bba_9a41d029,1041816,34,4.0,219.0,59.0,1.1571223,3.2555034,0.06349207,2.5434792,68.92444,0
6bba_9a41d029,1041817,34,8.0,233.0,23.0,1.0968896,1.8176314,0.12698413,2.5434792,68.92444,0
6bba_9a41d029,1041818,34,4.0,185.0,49.0,1.030918,2.7191997,0.06349207,2.5401762,68.65625,0
6bba_9a41d029,1041819,34,9.0,212.0,23.0,1.0287026,1.7695587,0.14285715,2.5434792,68.92444,0
6bba_9a41d029,1041820,34,10.0,166.0,81.0,0.9987719,3.1023777,0.15873016,2.5434792,68.92444,0
6bba_9a41d029,1041821,34,3.0,159.0,39.0,0.9450795,2.253524,0.04761905,2.5368643,68.38806,0
6bba_9a41d029,1041822,34,16.0,216.0,97.0,0.9379706,2.4718366,0.25396827,2.5434792,68.92444,0
6bba_9a41d029,1041823,34,6.0,135.0,55.0,0.9156754,3.7582455,0.0952381,2.5401762,68.65625,0
6bba_9a41d029,1041824,34,3.0,136.0,33.0,0.9116596,3.1161802,0.04761905,2.5401762,68.65625,0
6bba_9a41d029,1041825,34,12.0,230.0,91.0,0.92411953,1.8998986,0.1904762,2.5434792,68.92444,0
6bba_9a41d029,1041826,34,5.0,110.0,47.0,0.8979491,2.3593526,0.07936508,2.5434792,68.92444,0
6bba_9a41d029,1041827,35,8.0,184.0,32.0,1.3550507,2.7263424,0.12698413,2.5434792,68.92444,0
6bba_9a41d029,1041828,35,4.0,234.0,45.0,1.3908418,3.8420527,0.06349207,2.5434792,68.92444,0
6bba_9a41d029,1041829,35,2.0,244.0,6.0,1.4299676,2.4283535,0.031746034,2.4687274,63.024292,0
6bba_9a41d029,1041830,35,3.0,208.0,42.0,1.351022,2.8590198,0.04761905,2.5401762,68.65625,1
6bba_9a41d029,1041831,35,3.0,217.0,46.0,1.168133,1.722913,0.04761905,2.5368643,68.38806,1
6bba_9a41d029,1041832,35,8.0,157.0,59.0,1.1309881,4.0608683,0.12698413,2.5434792,68.92444,1
6bba_9a41d029,1041833,35,5.0,219.0,62.0,1.1358988,2.8071322,0.07936508,2.5434792,68.92444,0
6bba_9a41d029,1041834,35,10.0,241.0,83.0,1.1064743,3.012445,0.15873016,2.5434792,68.92444,0
6bba_9a41d029,1041835,35,19.0,251.0,119.0,1.0333174,2.7835147,0.3015873,2.5434792,68.92444,0
6bba_9a41d029,1041836,35,9.0,211.0,28.0,1.0474939,1.9536457,0.14285715,2.5434792,68.92444,0
6bba_9a41d029,1041837,35,8.0,234.0,26.0,1.0597048,1.7428741,0.12698413,2.5434792,68.92444,0
6bba_9a41d029,1041838,35,17.0,214.0,103.0,1.0139904,3.1149845,0.26984128,2.5434792,68.92444,0
6bba_9a41d029,1041839,35,4.0,160.0,45.0,0.94466287,2.2979755,0.06349207,2.5368643,68.38806,1
6bba_9a41d029,1041840,35,29.0,200.0,162.0,0.9517329,3.2430797,0.46031746,2.5434792,68.92444,0
6bba_9a41d029,1041841,35,5.0,184.0,53.0,0.96019673,2.2603292,0.07936508,2.5401762,68.65625,0
6bba_9a41d029,1041842,35,11.0,166.0,85.0,0.9336549,2.6530492,0.17460318,2.5401762,68.65625,0
6bba_9a41d029,1041843,35,3.0,135.0,38.0,0.9341342,3.5242465,0.04761905,2.5401762,68.65625,0
6bba_9a41d029,1041844,36,8.0,186.0,31.0,1.466533,3.137603,0.12698413,2.5434792,68.92444,0
6bba_9a41d029,1041845,36,5.0,236.0,49.0,1.3506823,3.8653378,0.07936508,2.5434792,68.92444,0
6bba_9a41d029,1041846,36,3.0,209.0,46.0,1.3530875,2.7950456,0.04761905,2.5401762,68.65625,1
6bba_9a41d029,1041847,36,5.0,218.0,66.0,1.1667893,2.823982,0.07936508,2.5434792,68.92444,0
6bba_9a41d029,1041848,36,8.0,158.0,61.0,1.1257488,3.8735447,0.12698413,2.5434792,68.92444,0
6bba_9a41d029,1041849,36,10.0,242.0,86.0,1.1333054,2.9051576,0.15873016,2.5434792,68.92444,0
6bba_9a41d029,1041850,36,9.0,234.0,30.0,1.0803335,1.9726065,0.14285715,2.5401762,68.65625,0
6bba_9a41d029,1041851,36,28.0,199.0,161.0,1.0461825,3.5545404,0.44444445,2.5434792,68.92444,0
6bba_9a41d029,1041852,36,9.0,212.0,33.0,1.0361738,1.7615179,0.14285715,2.5401762,68.65625,1
6bba_9a41d029,1041853,36,20.0,251.0,121.0,1.0226711,2.441886,0.31746033,2.5434792,68.92444,0
6bba_9a41d029,1041854,36,18.0,217.0,105.0,0.9938909,3.0561485,0.2857143,2.5434792,68.92444,0
6bba_9a41d029,1041855,36,3.0,160.0,45.0,0.9992186,3.3726344,0.04761905,2.5401762,68.65625,0
6bba_9a41d029,1041856,37,8.0,186.0,31.0,1.466533,3.137603,0.12698413,2.5434792,68.92444,0
6bba_9a41d029,1041857,37,5.0,236.0,49.0,1.3506823,3.8653378,0.07936508,2.5434792,68.92444,0
6bba_9a41d029,1041858,37,3.0,209.0,46.0,1.3530875,2.7950456,0.04761905,2.5401762,68.65625,1
6bba_9a41d029,1041859,37,5.0,218.0,66.0,1.1667893,2.823982,0.07936508,2.5434792,68.92444,0
6bba_9a41d029,1041860,37,8.0,158.0,61.0,1.1257488,3.8735447,0.12698413,2.5434792,68.92444,0
6bba_9a41d029,1041861,37,10.0,242.0,86.0,1.1333054,2.9051576,0.15873016,2.5434792,68.92444,0
6bba_9a41d029,1041862,37,9.0,234.0,30.0,1.0803335,1.9726065,0.14285715,2.5401762,68.65625,0
6bba_9a41d029,1041863,37,28.0,199.0,161.0,1.0461825,3.5545404,0.44444445,2.5434792,68.92444,0
6bba_9a41d029,1041864,37,9.0,212.0,33.0,1.0361738,1.7615179,0.14285715,2.5401762,68.65625,1
6bba_9a41d029,1041865,37,20.0,251.0,121.0,1.0226711,2.441886,0.31746033,2.5434792,68.92444,0
6bba_9a41d029,1041866,37,18.0,217.0,105.0,0.9938909,3.0561485,0.2857143,2.5434792,68.92444,0
6bba_9a41d029,1041867,37,3.0,160.0,45.0,0.9992186,3.3726344,0.04761905,2.5401762,68.65625,0
6bba_9a41d029,1041868,38,8.0,185.0,36.0,1.4785498,3.112256,0.12698413,2.5434792,68.92444,0
6bba_9a41d029,1041869,38,3.0,209.0,47.0,1.3063928,2.651475,0.04761905,2.5401762,68.65625,2
6bba_9a41d029,1041870,38,5.0,218.0,68.0,1.2728777,3.917861,0.07936508,2.5434792,68.92444,0
6bba_9a41d029,1041871,38,4.0,181.0,3.0,1.269023,2.442909,0.06349207,2.5401762,68.65625,0
6bba_9a41d029,1041872,38,9.0,158.0,65.0,1.1782801,4.017147,0.14285715,2.5434792,68.92444,0
6bba_9a41d029,1041873,38,12.0,243.0,90.0,1.1746778,3.2269306,0.1904762,2.5434792,68.92444,0
6bba_9a41d029,1041874,38,6.0,239.0,58.0,1.1510514,2.9192426,0.0952381,2.5368643,68.38806,0
6bba_9a41d029,1041875,38,4.0,218.0,51.0,1.1289141,1.7209994,0.06349207,2.5335438,68.11987,1
6bba_9a41d029,1041876,38,10.0,233.0,37.0,1.1143069,2.39886,0.15873016,2.5401762,68.65625,0
6bba_9a41d029,1041877,38,20.0,250.0,126.0,1.0555042,2.9864514,0.31746033,2.5434792,68.92444,0
6bba_9a41d029,1041878,38,10.0,212.0,38.0,1.0650986,1.5702505,0.15873016,2.5434792,68.92444,1
6bba_9a41d029,1041879,39,9.0,185.0,39.0,1.3423895,2.5648975,0.14285715,2.5434792,68.92444,0
6bba_9a41d029,1041880,39,4.0,183.0,5.0,1.3196964,2.4058666,0.06349207,2.5434792,68.92444,0
6bba_9a41d029,1041881,39,3.0,212.0,49.0,1.2797868,2.7624154,0.04761905,2.5401762,68.65625,2
6bba_9a41d029,1041882,39,9.0,156.0,65.0,1.1927264,3.986856,0.14285715,2.5434792,68.92444,1
6bba_9a41d029,1041883,39,6.0,218.0,70.0,1.2014596,3.2480316,0.0952381,2.5434792,68.92444,0
6bba_9a41d029,1041884,39,10.0,252.0,79.0,1.189753,4.6127,0.15873016,2.5368643,68.38806,0
6bba_9a41d029,1041885,39,6.0,240.0,61.0,1.1711969,2.9828696,0.0952381,2.5434792,68.92444,1
6bba_9a41d029,1041886,39,12.0,242.0,92.0,1.1737542,3.301656,0.1904762,2.5434792,68.92444,0
6bba_9a41d029,1041887,39,10.0,232.0,39.0,1.1409115,2.3834162,0.15873016,2.5401762,68.65625,0
6bba_9a41d029,1041888,39,4.0,220.0,53.0,1.1275468,1.9179273,0.06349207,2.5401762,68.65625,1
6bba_9a41d029,1041889,39,20.0,249.0,127.0,1.0290018,2.6825972,0.31746033,2.5434792,68.92444,0
6bba_9a41d029,1041890,39,13.0,215.0,41.0,1.0343069,1.571699,0.20634921,2.5434792,68.92444,1
6bba_9a41d029,1041891,39,4.0,185.0,55.0,1.0098784,1.6982745,0.06349207,2.5434792,68.92444,0
6bba_9a41d029,1041892,39,30.0,193.0,167.0,0.9893451,3.235659,0.47619048,2.5434792,68.92444,1
6bba_9a41d029,1041893,39,18.0,214.0,111.0,0.93036145,2.476567,0.2857143,2.4861133,64.365234,0
6bba_9a41d029,1041894,39,12.0,227.0,100.0,0.95853686,2.7857203,0.1904762,2.5434792,68.92444,0
6bba_9a41d029,1041895,39,5.0,135.0,48.0,0.93691546,3.1217268,0.07936508,2.5401762,68.65625,0
6bba_9a41d029,1041896,39,30.0,198.0,162.0,0.92723554,2.3937612,0.47619048,2.5434792,68.92444,1
6bba_9a41d029,1041897,39,4.0,159.0,52.0,0.9446759,2.0592992,0.06349207,2.5434792,68.92444,1
6bba_9a41d029,1041898,39,13.0,237.0,67.0,0.91616523,1.3293166,0.20634921,2.5368643,68.38806,1
6bba_9a41d029,1041899,39,9.0,215.0,7.0,0.9179106,1.2502344,0.14285715,2.5434792,68.92444,0
6bba_9a41d029,1041900,40,4.0,185.0,7.0,1.2923362,2.1032124,0.06349207,2.5434792,68.92444,0
6bba_9a41d029,1041901,40,3.0,214.0,50.0,1.2628558,2.946291,0.04761905,2.5368643,68.38806,1
6bba_9a41d029,1041902,40,10.0,189.0,49.0,1.1549399,2.2437494,0.15873016,2.5401762,68.65625,1
6bba_9a41d029,1041903,40,7.0,180.0,28.0,1.1219753,2.2216296,0.11111111,2.5401762,68.65625,0
6bba_9a41d029,1041904,40,5.0,143.0,10.0,1.1626937,1.8650852,0.07936508,2.5434792,68.92444,0
6bba_9a41d029,1041905,40,12.0,242.0,92.0,1.1528856,3.396148,0.1904762,2.5434792,68.92444,0
6bba_9a41d029,1041906,40,6.0,244.0,64.0,1.1416311,3.0934968,0.0952381,2.5434792,68.92444,0
6bba_9a41d029,1041907,40,8.0,154.0,66.0,1.113906,3.5174258,0.12698413,2.5434792,68.92444,1
6bba_9a41d029,1041908,40,6.0,222.0,72.0,1.1020567,2.7624092,0.0952381,2.5401762,68.65625,1
6bba_9a41d029,1041909,40,6.0,216.0,73.0,1.1138928,3.0866003,0.0952381,2.5434792,68.92444,1
6bba_9a41d029,1041910,40,10.0,252.0,80.0,1.0957,3.8486886,0.15873016,2.5368643,68.38806,0
6bba_9a41d029,1041911,40,10.0,233.0,41.0,1.0825226,2.244775,0.15873016,2.5401762,68.65625,0
6bba_9a41d029,1041912,40,5.0,186.0,56.0,1.0535747,1.7195426,0.07936508,2.5401762,68.65625,1
6bba_9a41d029,1041913,40,10.0,212.0,42.0,0.9940618,1.3158774,0.15873016,2.5434792,68.92444,1
6bba_9a41d029,1041914,40,30.0,194.0,168.0,0.9541553,3.7156274,0.47619048,2.5434792,68.92444,0
6bba_9a41d029,1041915,40,10.0,214.0,9.0,0.94413024,1.507333,0.15873016,2.5401762,68.65625,1
6bba_9a41d029,1041916,40,4.0,131.0,46.0,0.9430128,2.5253532,0.06349207,2.5401762,68.65625,0
6bba_9a41d029,1041917,40,4.0,158.0,53.0,0.9591186,2.1962974,0.06349207,2.5434792,68.92444,1
6bba_9a41d029,1041918,40,11.0,234.0,16.0,0.933701,1.4221274,0.17460318,2.5335438,68.11987,0
6bba_9a41d029,1041919,40,12.0,226.0,100.0,0.94247365,3.0018337,0.1904762,2.5434792,68.92444,0
6bba_9a41d029,1041920,40,21.0,249.0,128.0,0.9254015,2.0078068,0.33333334,2.5434792,68.92444,0
6bba_9a41d029,1041921,40,2.0,45.0,27.0,0.9239664,2.3817337,0.031746034,2.4687274,63.024292,0
6bba_9a41d029,1041922,40,11.0,206.0,85.0,0.9024062,2.461219,0.17460318,2.5434792,68.92444,0
6bba_9a41d029,1041923,40,4.0,105.0,49.0,0.9005031,2.2198591,0.06349207,2.5434792,68.92444,0
6bba_9a41d029,1041924,40,2.0,218.0,20.0,0.912841,1.2030996,0.031746034,2.4652207,62.756104,1
6bba_9a41d029,1041925,41,4.0,176.0,31.0,1.2441598,4.416522,0.06349207,2.5401762,68.65625,0
6bba_9a41d029,1041926,41,4.0,241.0,69.0,1.2742976,2.955327,0.06349207,2.5434792,68.92444,3
6bba_9a41d029,1041927,41,10.0,195.0,56.0,1.1758842,2.5424721,0.15873016,2.5401762,68.65625,1
6bba_9a41d029,1041928,41,8.0,231.0,45.0,1.1792729,1.9781611,0.12698413,2.5368643,68.38806,1
6bba_9a41d029,1041929,41,5.0,210.0,79.0,1.2005622,4.303366,0.07936508,2.5434792,68.92444,0
6bba_9a41d029,1041930,41,8.0,246.0,80.0,1.1668419,2.3386164,0.12698413,2.5368643,68.38806,2
6bba_9a41d029,1041931,41,10.0,236.0,93.0,1.1742537,2.8272078,0.15873016,2.5434792,68.92444,1
6bba_9a41d029,1041932,41,3.0,191.0,61.0,1.1329346,1.9695191,0.04761905,2.5401762,68.65625,1
6bba_9a41d029,1041933,41,5.0,154.0,66.0,1.1010935,2.2127926,0.07936508,2.5401762,68.65625,0
6bba_9a41d029,1041934,41,7.0,216.0,13.0,1.0491145,1.5279822,0.11111111,2.5434792,68.92444,0
6bba_9a41d029,1041935,41,9.0,164.0,77.0,1.0050828,2.1589208,0.14285715,2.5434792,68.92444,0
6bba_9a41d029,1041936,41,2.0,133.0,53.0,1.00477,3.2228682,0.031746034,2.4687274,63.024292,0
6bba_9a41d029,1041937,41,16.0,231.0,86.0,1.0117651,1.9136008,0.25396827,2.5434792,68.92444,2
6bba_9a41d029,1041938,41,20.0,248.0,132.0,0.994098,2.2856803,0.31746033,2.5434792,68.92444,0
6bba_9a41d029,1041939,41,4.0,108.0,55.0,0.9539352,2.479532,0.06349207,2.5434792,68.92444,0
6bba_9a41d029,1041940,41,8.0,235.0,23.0,0.9555819,1.1794968,0.12698413,2.5401762,68.65625,0
6bba_9a41d029,1041941,41,12.0,220.0,45.0,0.94699645,1.3045123,0.1904762,2.5401762,68.65625,1
6bba_9a41d029,1041942,41,10.0,223.0,105.0,0.92448765,2.2885685,0.15873016,2.5434792,68.92444,0
6bba_9a41d029,1041943,41,28.0,195.0,170.0,0.9111067,3.3488278,0.44444445,2.5401762,68.65625,1
6bba_9a41d029,1041944,41,28.0,198.0,170.0,0.9101107,3.1136062,0.44444445,2.5401762,68.65625,1
6bba_9a41d029,1041945,41,12.0,235.0,75.0,0.8981628,0.90711015,0.1904762,2.4687274,63.024292,4
6bba_9a41d029,1041946,41,6.0,128.0,72.0,0.8993625,4.129899,0.0952381,2.5401762,68.65625,0
6bba_9a41d029,1041947,41,2.0,65.0,50.0,0.8984266,2.7103155,0.031746034,2.4687274,63.024292,1
6bba_9a41d029,1041948,41,10.0,204.0,96.0,0.899586,2.4458482,0.15873016,2.5434792,68.92444,0
6bba_9a41d029,1041949,41,9.0,229.0,67.0,0.89924085,1.0790113,0.14285715,2.5368643,68.38806,2
6bba_9a41d029,1041950,41,8.0,155.0,93.0,0.87894744,2.1448476,0.12698413,2.5434792,68.92444,0
6bba_9a41d029,1041951,41,14.0,247.0,109.0,0.8880259,1.8220505,0.22222222,2.5434792,68.92444,0
6bba_9a41d029,1041952,41,10.0,182.0,103.0,0.88868004,2.3850157,0.15873016,2.5434792,68.92444,0
6bba_9a41d029,1041953,41,3.0,54.0,47.0,0.8581277,2.5729725,0.04761905,2.5401762,68.65625,1
6bba_9a41d029,1041954,41,8.0,66.0,86.0,0.86681217,2.1810384,0.12698413,2.5434792,68.92444,0
6bba_9a41d029,1041955,42,5.0,245.0,32.0,1.389103,1.8681425,0.07936508,2.5401762,68.65625,1
6bba_9a41d029,1041956,42,5.0,187.0,11.0,1.361506,2.253128,0.07936508,2.5434792,68.92444,0
6bba_9a41d029,1041957,42,4.0,200.0,45.0,1.3141779,2.4099047,0.06349207,2.5434792,68.92444,0
6bba_9a41d029,1041958,42,5.0,223.0,61.0,1.2836785,3.92002,0.07936508,2.5434792,68.92444,0
6bba_9a41d029,1041959,42,14.0,197.0,60.0,1.2237055,2.71329,0.22222222,2.5401762,68.65625,1
6bba_9a41d029,1041960,42,8.0,177.0,34.0,1.1829313,3.9019718,0.12698413,2.5335438,68.11987,0
6bba_9a41d029,1041961,42,8.0,244.0,74.0,1.1722752,2.8468292,0.12698413,2.5401762,68.65625,1
6bba_9a41d029,1041962,42,6.0,150.0,17.0,1.1512388,2.1971717,0.0952381,2.5434792,68.92444,0
6bba_9a41d029,1041963,42,11.0,233.0,49.0,1.1382293,1.9784849,0.17460318,2.5401762,68.65625,2
6bba_9a41d029,1041964,42,5.0,192.0,64.0,1.1447899,1.8263923,0.07936508,2.5434792,68.92444,1
6bba_9a41d029,1041965,42,14.0,238.0,99.0,1.1203221,2.4381912,0.22222222,2.5401762,68.65625,2
6bba_9a41d029,1041966,42,11.0,242.0,87.0,1.1003015,2.2096403,0.17460318,2.5434792,68.92444,2
6bba_9a41d029,1041967,42,11.0,240.0,51.0,1.0761722,1.2654854,0.17460318,2.5401762,68.65625,1
6bba_9a41d029,1041968,42,9.0,213.0,87.0,1.0572956,2.7343144,0.14285715,2.5434792,68.92444,1
6bba_9a41d029,1041969,42,9.0,219.0,81.0,1.0170898,2.352673,0.14285715,2.5401762,68.65625,1
6bba_9a41d029,1041970,42,10.0,234.0,27.0,1.0257248,1.2079471,0.15873016,2.5401762,68.65625,2
6bba_9a41d029,1041971,42,2.0,154.0,44.0,1.0413597,2.1838615,0.031746034,2.4687274,63.024292,0
6bba_9a41d029,1041972,42,13.0,221.0,22.0,1.009392,1.6586396,0.20634921,2.5434792,68.92444,1
6bba_9a41d029,1041973,42,20.0,230.0,90.0,1.0108908,2.1007192,0.31746033,2.5434792,68.92444,1
6bba_9a41d029,1041974,42,7.0,105.0,57.0,1.0049349,3.0437233,0.11111111,2.5434792,68.92444,0
6bba_9a41d029,1041975,42,2.0,83.0,28.0,1.0063121,2.3629444,0.031746034,2.4687274,63.024292,0
6bba_9a41d029,1041976,42,23.0,246.0,136.0,0.9979205,2.6873133,0.36507937,2.5434792,68.92444,0
6bba_9a41d029,1041977,42,6.0,135.0,54.0,0.97183245,2.5783594,0.0952381,2.5368643,68.38806,0
6bba_9a41d029,1041978,42,12.0,168.0,80.0,0.9202837,2.63509,0.1904762,2.5434792,68.92444,0
6bba_9a41d029,1041979,42,11.0,253.0,16.0,0.91234857,1.0622038,0.17460318,2.4617038,62.487915,0
6bba_9a41d029,1041980,42,6.0,156.0,62.0,0.91997474,1.6956754,0.0952381,2.5335438,68.11987,1
6bba_9a41d029,1041981,42,29.0,212.0,167.0,0.8994184,3.352084,0.46031746,2.5434792,68.92444,0
6bba_9a41d029,1041982,42,9.0,148.0,69.0,0.8988991,2.2029936,0.14285715,2.5401762,68.65625,1
6bba_9a41d029,1041983,42,10.0,232.0,6.0,0.8898041,0.73371327,0.15873016,2.5401762,68.65625,0
6bba_9a41d029,1041984,42,16.0,223.0,49.0,0.90114075,1.3778079,0.25396827,2.5434792,68.92444,1
6bba_9a41d029,1041985,42,7.0,51.0,51.0,0.86344963,2.5159607,0.11111111,2.5401762,68.65625,0
6bba_9a41d029,1041986,43,6.0,225.0,63.0,1.2573832,3.5328968,0.0952381,2.5434792,68.92444,0
6bba_9a41d029,1041987,43,4.0,203.0,47.0,1.2525184,2.3244646,0.06349207,2.5434792,68.92444,0
6bba_9a41d029,1041988,43,12.0,242.0,87.0,1.196046,2.613659,0.1904762,2.5434792,68.92444,2
6bba_9a41d029,1041989,43,6.0,243.0,34.0,1.2156721,1.9046767,0.0952381,2.5434792,68.92444,1
6bba_9a41d029,1041990,43,9.0,242.0,78.0,1.1976172,2.620344,0.14285715,2.5401762,68.65625,1
6bba_9a41d029,1041991,43,5.0,189.0,66.0,1.1801308,2.3943884,0.07936508,2.5434792,68.92444,1
6bba_9a41d029,1041992,43,6.0,150.0,19.0,1.1915298,2.0850725,0.0952381,2.5434792,68.92444,0
6bba_9a41d029,1041993,43,13.0,196.0,62.0,1.1275105,2.181597,0.20634921,2.5434792,68.92444,1
6bba_9a41d029,1041994,43,10.0,232.0,49.0,1.1533357,2.2431135,0.15873016,2.5434792,68.92444,0
6bba_9a41d029,1041995,43,8.0,178.0,37.0,1.1136956,3.4110153,0.12698413,2.5335438,68.11987,0
6bba_9a41d029,1041996,43,14.0,236.0,101.0,1.1036772,2.3828893,0.22222222,2.5434792,68.92444,1
6bba_9a41d029,1041997,43,10.0,234.0,29.0,1.0768822,1.2187916,0.15873016,2.5368643,68.38806,2
6bba_9a41d029,1041998,43,8.0,99.0,64.0,1.0080082,2.9034293,0.12698413,2.5401762,68.65625,0
6bba_9a41d029,1041999,43,10.0,211.0,88.0,1.021685,2.752907,0.15873016,2.5434792,68.92444,0
6bba_9a41d029,1042000,43,2.0,57.0,18.0,0.96384877,5.3120737,0.031746034,2.4652207,62.756104,0
6bba_9a41d029,1042001,43,10.0,146.0,69.0,0.9431113,2.7753046,0.15873016,2.5434792,68.92444,1
6bba_9a41d029,1042002,43,20.0,232.0,93.0,0.96328306,1.5406654,0.31746033,2.5434792,68.92444,2
6bba_9a41d029,1042003,43,2.0,163.0,42.0,0.97052044,1.978614,0.031746034,2.4687274,63.024292,2
6bba_9a41d029,1042004,43,3.0,159.0,44.0,0.96467674,1.7689775,0.04761905,2.5368643,68.38806,2
6bba_9a41d029,1042005,43,13.0,223.0,27.0,0.9399329,1.4423226,0.20634921,2.5434792,68.92444,1
6bba_9a41d029,1042006,43,2.0,151.0,46.0,0.9665268,1.9957448,0.031746034,2.4687274,63.024292,2
6bba_9a41d029,1042007,43,25.0,243.0,140.0,0.93587023,2.328714,0.3968254,2.5434792,68.92444,1
6bba_9a41d029,1042008,43,21.0,244.0,134.0,0.91924834,2.103961,0.33333334,2.5434792,68.92444,1
6bba_9a41d029,1042009,43,6.0,134.0,56.0,0.91409117,2.0791345,0.0952381,2.5401762,68.65625,1
6bba_9a41d029,1042010,43,3.0,129.0,47.0,0.89272225,1.6558331,0.04761905,2.5368643,68.38806,1
6bba_9a41d029,1042011,43,27.0,150.0,163.0,0.87296855,2.8796723,0.42857143,2.5434792,68.92444,0
6bba_9a41d029,1042012,43,29.0,236.0,169.0,0.8736128,4.7709365,0.46031746,2.5434792,68.92444,0
6bba_9a41d029,1042013,43,13.0,180.0,103.0,0.8922003,2.7758584,0.20634921,2.5434792,68.92444,0
6bba_9a41d029,1042014,43,11.0,168.0,82.0,0.8801242,2.7256346,0.17460318,2.5434792,68.92444,0
6bba_9a41d029,1042015,43,6.0,155.0,62.0,0.88840395,1.6573441,0.0952381,2.5401762,68.65625,1
6bba_9a41d029,1042016,43,6.0,62.0,57.0,0.8567707,2.4743414,0.0952381,2.5434792,68.92444,1
6bba_9a41d029,1042017,43,16.0,218.0,117.0,0.85714865,2.601373,0.25396827,2.5368643,68.38806,0
6bba_9a41d029,1042018,43,6.0,51.0,52.0,0.847403,2.283019,0.0952381,2.5434792,68.92444,1
6bba_9a41d029,1042019,44,7.0,226.0,68.0,1.277463,4.016818,0.11111111,2.5434792,68.92444,0
6bba_9a41d029,1042020,44,10.0,208.0,87.0,1.2541817,4.995821,0.15873016,2.5434792,68.92444,0
6bba_9a41d029,1042021,44,4.0,228.0,21.0,1.2259899,1.5651237,0.06349207,2.5434792,68.92444,1
6bba_9a41d029,1042022,44,6.0,205.0,53.0,1.2155277,2.363322,0.0952381,2.5434792,68.92444,1
6bba_9a41d029,1042023,44,6.0,244.0,35.0,1.2083127,2.0324998,0.0952381,2.5401762,68.65625,1
6bba_9a41d029,1042024,44,9.0,244.0,81.0,1.1811793,2.9503446,0.14285715,2.5434792,68.92444,1
6bba_9a41d029,1042025,44,12.0,231.0,54.0,1.1923845,3.025303,0.1904762,2.5434792,68.92444,0
6bba_9a41d029,1042026,44,6.0,191.0,70.0,1.1799074,2.5998046,0.0952381,2.5434792,68.92444,2
6bba_9a41d029,1042027,44,7.0,154.0,23.0,1.1747961,2.2244809,0.11111111,2.5434792,68.92444,0
6bba_9a41d029,1042028,44,11.0,232.0,30.0,1.112657,1.3165209,0.17460318,2.5401762,68.65625,2
6bba_9a41d029,1042029,44,13.0,242.0,92.0,1.097892,2.3184142,0.20634921,2.5434792,68.92444,2
6bba_9a41d029,1042030,44,9.0,181.0,43.0,1.0807246,3.5956182,0.14285715,2.5401762,68.65625,0
6bba_9a41d029,1042031,44,15.0,232.0,106.0,1.0694604,2.4886687,0.23809524,2.5434792,68.92444,1
6bba_9a41d029,1042032,44,23.0,236.0,97.0,0.996744,1.9492472,0.36507937,2.5434792,68.92444,2
6bba_9a41d029,1042033,44,2.0,196.0,60.0,1.0203204,0.87395483,0.031746034,2.4077017,58.465088,3
6bba_9a41d029,1042034,44,3.0,156.0,49.0,1.0288174,2.1631298,0.04761905,2.5401762,68.65625,0
6bba_9a41d029,1042035,44,7.0,102.0,67.0,0.9777554,3.2244124,0.11111111,2.5434792,68.92444,0
6bba_9a41d029,1042036,44,14.0,196.0,68.0,0.97593445,1.5310704,0.22222222,2.5434792,68.92444,2
6bba_9a41d029,1042037,44,26.0,240.0,144.0,0.95883596,2.4716969,0.41269842,2.5434792,68.92444,0
6bba_9a41d029,1042038,44,3.0,58.0,21.0,0.8951212,3.8959568,0.04761905,2.5401762,68.65625,0
6bba_9a41d029,1042039,44,4.0,130.0,54.0,0.92187786,1.7269171,0.06349207,2.5434792,68.92444,1
6bba_9a41d029,1042040,44,7.0,156.0,66.0,0.9156031,1.9720261,0.11111111,2.5401762,68.65625,1
6bba_9a41d029,1042041,44,7.0,135.0,61.0,0.9136277,1.8938179,0.11111111,2.5401762,68.65625,1
6bba_9a41d029,1042042,44,10.0,145.0,74.0,0.8986854,2.493136,0.15873016,2.5434792,68.92444,1
6bba_9a41d029,1042043,44,7.0,54.0,57.0,0.8808473,2.6661124,0.11111111,2.5434792,68.92444,0
6bba_9a41d029,1042044,45,9.0,213.0,4.0,1.4037266,2.4424083,0.14285715,2.5434792,68.92444,0
6bba_9a41d029,1042045,45,5.0,244.0,31.0,1.3728559,2.1462114,0.07936508,2.5434792,68.92444,1
6bba_9a41d029,1042046,45,10.0,209.0,92.0,1.2816077,5.477852,0.15873016,2.5434792,68.92444,0
6bba_9a41d029,1042047,45,2.0,215.0,44.0,1.305669,2.338976,0.031746034,2.4652207,62.756104,1
6bba_9a41d029,1042048,45,6.0,207.0,56.0,1.236669,2.547667,0.0952381,2.5434792,68.92444,1
6bba_9a41d029,1042049,45,7.0,227.0,71.0,1.2184365,3.5999515,0.11111111,2.5434792,68.92444,0
6bba_9a41d029,1042050,45,7.0,155.0,25.0,1.2097788,2.3474057,0.11111111,2.5434792,68.92444,0
6bba_9a41d029,1042051,45,8.0,189.0,74.0,1.196263,2.9364793,0.12698413,2.5434792,68.92444,1
6bba_9a41d029,1042052,45,12.0,231.0,56.0,1.181186,3.1458955,0.1904762,2.5434792,68.92444,0
6bba_9a41d029,1042053,45,10.0,246.0,85.0,1.1526192,2.8105679,0.15873016,2.5434792,68.92444,1
6bba_9a41d029,1042054,45,2.0,131.0,38.0,1.12982,3.2838867,0.031746034,2.4687274,63.024292,0
6bba_9a41d029,1042055,45,8.0,102.0,70.0,1.0871736,4.287743,0.12698413,2.5434792,68.92444,0
6bba_9a41d029,1042056,45,16.0,230.0,107.0,1.1085845,2.6178763,0.25396827,2.5434792,68.92444,1
6bba_9a41d029,1042057,45,10.0,236.0,34.0,1.118327,1.1496688,0.15873016,2.5434792,68.92444,1
6bba_9a41d029,1042058,45,14.0,240.0,94.0,1.0893035,2.199632,0.22222222,2.5434792,68.92444,2
6bba_9a41d029,1042059,45,10.0,184.0,45.0,1.039911,2.9435298,0.15873016,2.5368643,68.38806,0
6bba_9a41d029,1042060,45,11.0,200.0,14.0,1.0352994,1.4722916,0.17460318,2.5401762,68.65625,0
6bba_9a41d029,1042061,45,22.0,234.0,101.0,1.0161532,1.6479061,0.34920636,2.5434792,68.92444,2
6bba_9a41d029,1042062,45,15.0,200.0,70.0,0.9748893,2.065682,0.23809524,2.5434792,68.92444,1
6bba_9a41d029,1042063,45,4.0,170.0,5.0,0.95823115,4.1562533,0.06349207,2.5434792,68.92444,0
6bba_9a41d029,1042064,45,3.0,85.0,39.0,1.0101376,2.2303402,0.04761905,2.5401762,68.65625,0
6bba_9a41d029,1042065,45,4.0,164.0,49.0,0.94995797,1.8942734,0.06349207,2.5434792,68.92444,0
6bba_9a41d029,1042066,45,27.0,240.0,146.0,0.92278504,2.3207483,0.42857143,2.5434792,68.92444,1
6bba_9a41d029,1042067,45,7.0,135.0,65.0,0.90533483,1.9735234,0.11111111,2.5401762,68.65625,3
6bba_9a41d029,1042068,45,11.0,146.0,74.0,0.88778925,2.2218697,0.17460318,2.5434792,68.92444,3
6bba_9a41d029,1042069,45,31.0,183.0,176.0,0.8815803,3.4083498,0.4920635,2.5434792,68.92444,0
6bba_9a41d029,1042070,45,23.0,238.0,139.0,0.89166784,2.015888,0.36507937,2.5434792,68.92444,1
6bba_9a41d029,1042071,45,17.0,213.0,120.0,0.88249075,2.678054,0.26984128,2.5401762,68.65625,0
6bba_9a41d029,1042072,45,11.0,141.0,71.0,0.87176555,1.708434,0.17460318,2.5434792,68.92444,2
6bba_9a41d029,1042073,45,14.0,175.0,105.0,0.8883513,2.8779376,0.22222222,2.5434792,68.92444,0
6bba_9a41d029,1042074,45,8.0,52.0,58.0,0.85174495,2.6169226,0.12698413,2.5401762,68.65625,1
6bba_9a41d029,1042075,45,30.0,232.0,172.0,0.8586212,4.8732514,0.47619048,2.5434792,68.92444,0
6bba_9a41d029,1042076,45,5.0,128.0,55.0,0.84024405,1.5793154,0.07936508,2.5268764,67.583496,1
6bba_9a41d029,1042077,45,7.0,156.0,66.0,0.86859703,1.7906001,0.11111111,2.5434792,68.92444,1
6bba_9a41d029,1042078,45,8.0,62.0,63.0,0.848458,2.4948955,0.12698413,2.5401762,68.65625,1
6bba_9a41d029,1042079,46,9.0,216.0,8.0,1.4781718,2.4100142,0.14285715,2.5434792,68.92444,0
6bba_9a41d029,1042080,46,12.0,207.0,101.0,1.3240485,4.5628805,0.1904762,2.5434792,68.92444,0
6bba_9a41d029,1042081,46,4.0,223.0,54.0,1.3229078,2.2651925,0.06349207,2.5335438,68.11987,1
6bba_9a41d029,1042082,46,9.0,228.0,80.0,1.2856604,3.9422545,0.14285715,2.5434792,68.92444,0
6bba_9a41d029,1042083,46,2.0,153.0,39.0,1.2703698,2.0023775,0.031746034,2.4617038,62.487915,1
6bba_9a41d029,1042084,46,9.0,158.0,31.0,1.2913239,2.6136613,0.14285715,2.5434792,68.92444,1
6bba_9a41d029,1042085,46,8.0,190.0,81.0,1.2285306,3.3908978,0.12698413,2.5434792,68.92444,1
6bba_9a41d029,1042086,46,6.0,209.0,63.0,1.2181703,2.9739587,0.0952381,2.5434792,68.92444,0
6bba_9a41d029,1042087,46,9.0,101.0,75.0,1.1509266,3.9885113,0.14285715,2.5401762,68.65625,0
6bba_9a41d029,1042088,46,10.0,243.0,91.0,1.1612836,2.9037514,0.15873016,2.5401762,68.65625,1
6bba_9a41d029,1042089,46,3.0,134.0,45.0,1.1521688,3.2362835,0.04761905,2.5401762,68.65625,0
6bba_9a41d029,1042090,46,11.0,229.0,57.0,1.1622697,1.8080773,0.17460318,2.5434792,68.92444,1
6bba_9a41d029,1042091,46,17.0,229.0,115.0,1.1074767,2.4625008,0.26984128,2.5401762,68.65625,2
6bba_9a41d029,1042092,46,11.0,182.0,54.0,1.0585446,2.896372,0.17460318,2.5401762,68.65625,1
6bba_9a41d029,1042093,46,8.0,139.0,75.0,1.0837553,3.2736092,0.12698413,2.5434792,68.92444,0
6bba_9a41d029,1042094,46,14.0,235.0,103.0,1.0670642,1.9164947,0.22222222,2.5434792,68.92444,3
6bba_9a41d029,1042095,46,25.0,232.0,106.0,1.0149043,1.8095253,0.3968254,2.5401762,68.65625,2
6bba_9a41d029,1042096,46,3.0,85.0,47.0,1.0193043,2.1921666,0.04761905,2.5401762,68.65625,0
6bba_9a41d029,1042097,46,16.0,174.0,113.0,0.98421746,3.0095139,0.25396827,2.5434792,68.92444,0
6bba_9a41d029,1042098,46,4.0,157.0,56.0,0.9590101,2.0465937,0.06349207,2.5401762,68.65625,1
6bba_9a41d029,1042099,46,5.0,171.0,55.0,0.940564,1.6760443,0.07936508,2.5302145,67.851685,2
6bba_9a41d029,1042100,46,17.0,199.0,80.0,0.91694754,1.8756539,0.26984128,2.5434792,68.92444,1
6bba_9a41d029,1042101,46,31.0,177.0,179.0,0.907376,3.3052561,0.4920635,2.5434792,68.92444,0
6bba_9a41d029,1042102,46,5.0,171.0,15.0,0.8644061,2.2418704,0.07936508,2.5368643,68.38806,0
6bba_9a41d029,1042103,46,6.0,125.0,61.0,0.8877926,2.4116971,0.0952381,2.5401762,68.65625,0
6bba_9a41d029,1042104,47,3.0,252.0,62.0,1.5979149,3.6201944,0.04761905,2.5368643,68.38806,0
6bba_9a41d029,1042105,47,10.0,218.0,10.0,1.3308358,1.8588759,0.15873016,2.5434792,68.92444,1
6bba_9a41d029,1042106,47,10.0,230.0,85.0,1.3260173,4.26366,0.15873016,2.5434792,68.92444,0
6bba_9a41d029,1042107,47,2.0,224.0,19.0,1.317233,1.8633769,0.031746034,2.4687274,63.024292,1
6bba_9a41d029,1042108,47,9.0,157.0,36.0,1.2920076,2.540551,0.14285715,2.5434792,68.92444,1
6bba_9a41d029,1042109,47,5.0,221.0,58.0,1.2612652,2.007753,0.07936508,2.5268764,67.583496,1
6bba_9a41d029,1042110,47,3.0,155.0,41.0,1.2262154,1.6914836,0.04761905,2.5368643,68.38806,1
6bba_9a41d029,1042111,47,8.0,208.0,69.0,1.2308906,3.2613013,0.12698413,2.5434792,68.92444,0
6bba_9a41d029,1042112,47,10.0,188.0,85.0,1.221513,3.3528225,0.15873016,2.5434792,68.92444,0
6bba_9a41d029,1042113,47,12.0,231.0,61.0,1.1888937,2.2780654,0.1904762,2.5434792,68.92444,1
6bba_9a41d029,1042114,47,4.0,134.0,48.0,1.143656,3.4167628,0.06349207,2.5434792,68.92444,0
6bba_9a41d029,1042115,47,8.0,193.0,31.0,1.1382358,1.1203579,0.12698413,2.5302145,67.851685,1
6bba_9a41d029,1042116,47,8.0,236.0,12.0,1.1209893,1.558047,0.12698413,2.5434792,68.92444,0
6bba_9a41d029,1042117,47,17.0,226.0,118.0,1.1136595,2.6295075,0.26984128,2.5434792,68.92444,2
6bba_9a41d029,1042118,47,13.0,213.0,97.0,1.0596784,3.4169388,0.20634921,2.5401762,68.65625,1
6bba_9a41d029,1042119,47,12.0,245.0,96.0,1.0876273,2.9434733,0.1904762,2.5401762,68.65625,0
6bba_9a41d029,1042120,47,12.0,200.0,102.0,1.0527562,3.4641538,0.1904762,2.5434792,68.92444,1
6bba_9a41d029,1042121,47,9.0,107.0,79.0,1.0355164,4.0243173,0.14285715,2.5434792,68.92444,0
6bba_9a41d029,1042122,47,15.0,233.0,106.0,1.0510373,2.16435,0.23809524,2.5434792,68.92444,2
6bba_9a41d029,1042123,47,9.0,139.0,79.0,1.0569241,3.1129224,0.14285715,2.5434792,68.92444,0
6bba_9a41d029,1042124,47,11.0,238.0,33.0,1.0363612,1.1275477,0.17460318,2.5401762,68.65625,1
6bba_9a41d029,1042125,47,6.0,168.0,16.0,0.9851576,2.3627148,0.0952381,2.5335438,68.11987,0
6bba_9a41d029,1042126,47,24.0,231.0,112.0,1.0025256,1.5110826,0.3809524,2.5434792,68.92444,2
6bba_9a41d029,1042127,47,12.0,182.0,56.0,0.9584612,2.4729464,0.1904762,2.5401762,68.65625,1
6bba_9a41d029,1042128,47,9.0,233.0,37.0,1.0047771,0.8172554,0.14285715,2.5434792,68.92444,1
6bba_9a41d029,1042129,47,12.0,202.0,21.0,1.0018353,1.2800151,0.1904762,2.5434792,68.92444,1
6bba_9a41d029,1042130,47,4.0,88.0,49.0,0.9811016,2.0550654,0.06349207,2.5434792,68.92444,0
6bba_9a41d029,1042131,47,5.0,169.0,57.0,0.95809305,1.8808073,0.07936508,2.5401762,68.65625,1
6bba_9a41d029,1042132,48,4.0,252.0,68.0,1.6180744,4.4742327,0.06349207,2.5401762,68.65625,0
6bba_9a41d029,1042133,48,2.0,192.0,41.0,1.4511939,2.6735122,0.031746034,2.4687274,63.024292,1
6bba_9a41d029,1042134,48,11.0,231.0,89.0,1.4161643,5.017065,0.17460318,2.5434792,68.92444,0
6bba_9a41d029,1042135,48,11.0,218.0,10.0,1.2729435,1.9033197,0.17460318,2.5434792,68.92444,0
6bba_9a41d029,1042136,48,6.0,221.0,62.0,1.271632,1.9597235,0.0952381,2.5100527,66.24255,1
6bba_9a41d029,1042137,48,10.0,107.0,79.0,1.2180125,4.691722,0.15873016,2.5434792,68.92444,0
6bba_9a41d029,1042138,48,4.0,154.0,44.0,1.2333821,1.9541726,0.06349207,2.5368643,68.38806,1
6bba_9a41d029,1042139,48,11.0,190.0,87.0,1.257255,3.1867797,0.17460318,2.5434792,68.92444,0
6bba_9a41d029,1042140,48,10.0,157.0,41.0,1.2451198,2.4251928,0.15873016,2.5434792,68.92444,1
6bba_9a41d029,1042141,48,13.0,220.0,105.0,1.166924,3.6373837,0.20634921,2.5434792,68.92444,1
6bba_9a41d029,1042142,48,8.0,209.0,72.0,1.2240866,3.1458845,0.12698413,2.5434792,68.92444,0
6bba_9a41d029,1042143,48,12.0,229.0,61.0,1.1938275,1.6195885,0.1904762,2.5434792,68.92444,2
6bba_9a41d029,1042144,48,12.0,196.0,107.0,1.1228695,4.993273,0.1904762,2.5434792,68.92444,0
6bba_9a41d029,1042145,48,12.0,236.0,62.0,1.1711017,2.0178864,0.1904762,2.5434792,68.92444,1
6bba_9a41d029,1042146,48,5.0,134.0,51.0,1.1450628,2.8692482,0.07936508,2.5401762,68.65625,1
6bba_9a41d029,1042147,48,18.0,225.0,120.0,1.1488328,2.5942168,0.2857143,2.5434792,68.92444,2
6bba_9a41d029,1042148,48,12.0,246.0,98.0,1.1071744,3.116025,0.1904762,2.5434792,68.92444,0
6bba_9a41d029,1042149,48,15.0,234.0,110.0,1.1068558,2.3601267,0.23809524,2.5401762,68.65625,3
6bba_9a41d029,1042150,48,23.0,229.0,113.0,1.0228684,1.3369477,0.36507937,2.5434792,68.92444,2
6bba_9a41d029,1042151,48,9.0,185.0,37.0,1.0487101,1.0898156,0.14285715,2.5235295,67.31531,1
6bba_9a41d029,1042152,48,9.0,140.0,80.0,1.0312992,2.7642457,0.14285715,2.5434792,68.92444,0
6bba_9a41d029,1042153,48,11.0,230.0,43.0,1.0027392,1.0753291,0.17460318,2.5335438,68.11987,0
6bba_9a41d029,1042154,48,4.0,86.0,52.0,0.9869325,2.0004256,0.06349207,2.5434792,68.92444,0
6bba_9a41d029,1042155,48,7.0,167.0,18.0,0.9181209,1.9373491,0.11111111,2.5368643,68.38806,0
6bba_9a41d029,1042156,48,5.0,169.0,57.0,0.98234063,2.0914946,0.07936508,2.5434792,68.92444,0
6bba_9a41d029,1042157,48,7.0,131.0,65.0,0.94400865,1.8978668,0.11111111,2.5401762,68.65625,1
6bba_9a41d029,1042158,48,20.0,207.0,134.0,0.97590166,3.789456,0.31746033,2.5434792,68.92444,0
6bba_9a41d029,1042159,48,13.0,204.0,25.0,0.9603216,1.3662944,0.20634921,2.5434792,68.92444,0
6bba_9a41d029,1042160,49,5.0,248.0,73.0,1.7498453,5.1561575,0.07936508,2.5434792,68.92444,0
6bba_9a41d029,1042161,49,11.0,219.0,11.0,1.3693553,2.043237,0.17460318,2.5434792,68.92444,1
6bba_9a41d029,1042162,49,12.0,232.0,90.0,1.3447461,4.5551505,0.1904762,2.5434792,68.92444,0
6bba_9a41d029,1042163,49,6.0,221.0,64.0,1.3007935,2.3844278,0.0952381,2.5235295,67.31531,1
6bba_9a41d029,1042164,49,2.0,204.0,9.0,1.3148497,2.2753072,0.031746034,2.4687274,63.024292,1
6bba_9a41d029,1042165,49,4.0,156.0,45.0,1.2617482,2.091392,0.06349207,2.5434792,68.92444,1
6bba_9a41d029,1042166,49,11.0,190.0,87.0,1.2790538,3.2887945,0.17460318,2.5434792,68.92444,0
6bba_9a41d029,1042167,49,13.0,222.0,106.0,1.2216611,3.80676,0.20634921,2.5401762,68.65625,0
6bba_9a41d029,1042168,49,8.0,212.0,75.0,1.2277418,3.407024,0.12698413,2.5434792,68.92444,1
6bba_9a41d029,1042169,49,10.0,163.0,43.0,1.2314066,2.3444479,0.15873016,2.5434792,68.92444,1
6bba_9a41d029,1042170,49,12.0,191.0,106.0,1.1586838,5.4442735,0.1904762,2.5401762,68.65625,0
6bba_9a41d029,1042171,49,7.0,210.0,18.0,1.2121289,1.1885492,0.11111111,2.5401762,68.65625,2
6bba_9a41d029,1042172,49,12.0,238.0,64.0,1.2063768,2.031115,0.1904762,2.5434792,68.92444,0
6bba_9a41d029,1042173,49,8.0,235.0,14.0,1.1806403,1.5248001,0.12698413,2.5434792,68.92444,0
6bba_9a41d029,1042174,49,18.0,223.0,122.0,1.1407667,2.735116,0.2857143,2.5434792,68.92444,0
6bba_9a41d029,1042175,49,5.0,132.0,54.0,1.1454045,3.2985392,0.07936508,2.5434792,68.92444,0
6bba_9a41d029,1042176,50,5.0,251.0,75.0,1.734995,5.2056403,0.07936508,2.5434792,68.92444,0
6bba_9a41d029,1042177,50,2.0,194.0,47.0,1.447114,2.8675032,0.031746034,2.4687274,63.024292,0
6bba_9a41d029,1042178,50,2.0,231.0,55.0,1.3854266,3.2823875,0.031746034,2.4687274,63.024292,0
6bba_9a41d029,1042179,50,6.0,224.0,68.0,1.356234,2.4051228,0.0952381,2.5401762,68.65625,1
6bba_9a41d029,1042180,50,12.0,233.0,93.0,1.3767639,4.675687,0.1904762,2.5434792,68.92444,0
6bba_9a41d029,1042181,50,11.0,193.0,89.0,1.2980653,3.650907,0.17460318,2.5434792,68.92444,0
6bba_9a41d029,1042182,50,2.0,204.0,10.0,1.3134477,2.5519629,0.031746034,2.4687274,63.024292,0
6bba_9a41d029,1042183,50,7.0,233.0,12.0,1.2613735,1.440939,0.11111111,2.5335438,68.11987,1
6bba_9a41d029,1042184,50,11.0,164.0,45.0,1.2731704,2.7447748,0.17460318,2.5434792,68.92444,1
6bba_9a41d029,1042185,50,5.0,242.0,37.0,1.2803653,2.0142634,0.07936508,2.5434792,68.92444,0
6bba_9a41d029,1042186,50,8.0,215.0,77.0,1.2337668,2.5895636,0.12698413,2.5434792,68.92444,1
6bba_9a41d029,1042187,50,4.0,156.0,48.0,1.2122078,1.8577236,0.06349207,2.5434792,68.92444,1
6bba_9a41d029,1042188,50,13.0,224.0,110.0,1.1776985,3.9041038,0.20634921,2.5368643,68.38806,0
6bba_9a41d029,1042189,50,12.0,238.0,65.0,1.2155341,2.001786,0.1904762,2.5434792,68.92444,0
6bba_9a41d029,1042190,50,6.0,131.0,57.0,1.1677852,3.1544924,0.0952381,2.5401762,68.65625,0
6bba_9a41d029,1042191,50,13.0,194.0,112.0,1.1358167,5.583245,0.20634921,2.5434792,68.92444,0
6bba_9a41d029,1042192,50,11.0,220.0,13.0,1.1530728,1.5576495,0.17460318,2.5401762,68.65625,1
6bba_9a41d029,1042193,50,8.0,191.0,32.0,1.1210486,1.871615,0.12698413,2.5434792,68.92444,0
6bba_9a41d029,1042194,50,18.0,223.0,125.0,1.131123,3.1615963,0.2857143,2.5434792,68.92444,0
6bba_9a41d029,1042195,50,13.0,247.0,105.0,1.0963211,3.104854,0.20634921,2.5434792,68.92444,1
6bba_9a41d029,1042196,50,17.0,238.0,115.0,1.0875351,2.7350328,0.26984128,2.5434792,68.92444,1
6bba_9a41d029,1042197,50,2.0,71.0,19.0,1.0558964,3.0072076,0.031746034,2.4652207,62.756104,0
6bba_9a41d029,1042198,50,10.0,94.0,78.0,0.997352,5.9386477,0.15873016,2.5434792,68.92444,0
6bba_9a41d029,1042199,50,9.0,225.0,36.0,1.0437698,1.2967302,0.14285715,2.5302145,67.851685,0
6bba_9a41d029,1042200,50,11.0,115.0,85.0,0.9864427,5.4507713,0.17460318,2.5434792,68.92444,0
6bba_9a41d029,1042201,51,2.0,198.0,51.0,1.5284137,3.2490318,0.031746034,2.4687274,63.024292,2
6bba_9a41d029,1042202,51,7.0,230.0,71.0,1.4022639,2.252095,0.11111111,2.5268764,67.583496,2
6bba_9a41d029,1042203,51,12.0,236.0,97.0,1.3343266,4.531737,0.1904762,2.5434792,68.92444,0
6bba_9a41d029,1042204,51,12.0,222.0,22.0,1.2952287,1.749881,0.1904762,2.5401762,68.65625,1
6bba_9a41d029,1042205,51,11.0,163.0,47.0,1.3014574,2.5688019,0.17460318,2.5434792,68.92444,1
6bba_9a41d029,1042206,51,2.0,233.0,61.0,1.3229736,1.8345795,0.031746034,2.4687274,63.024292,1
6bba_9a41d029,1042207,51,7.0,239.0,30.0,1.2900649,1.5254409,0.11111111,2.5434792,68.92444,3
6bba_9a41d029,1042208,51,5.0,156.0,52.0,1.2654493,2.1245556,0.07936508,2.5434792,68.92444,1
6bba_9a41d029,1042209,51,4.0,238.0,38.0,1.266008,1.823808,0.06349207,2.5401762,68.65625,2
6bba_9a41d029,1042210,51,4.0,242.0,35.0,1.2888588,1.8472387,0.06349207,2.5434792,68.92444,2
6bba_9a41d029,1042211,51,11.0,201.0,91.0,1.236554,3.4716241,0.17460318,2.5434792,68.92444,0
6bba_9a41d029,1042212,51,8.0,220.0,80.0,1.2354299,2.4622462,0.12698413,2.5434792,68.92444,1
6bba_9a41d029,1042213,51,13.0,196.0,110.0,1.1459961,4.823689,0.20634921,2.5401762,68.65625,0
6bba_9a41d029,1042214,51,9.0,240.0,19.0,1.2076916,1.6582663,0.14285715,2.5434792,68.92444,1
6bba_9a41d029,1042215,51,10.0,92.0,80.0,1.0953515,6.4250984,0.15873016,2.5401762,68.65625,0
6bba_9a41d029,1042216,51,12.0,122.0,88.0,1.0869435,7.6357484,0.1904762,2.5302145,67.851685,0
6bba_9a41d029,1042217,51,14.0,226.0,114.0,1.1458812,3.4835603,0.22222222,2.5434792,68.92444,1
6bba_9a41d029,1042218,51,2.0,111.0,32.0,1.0699586,3.1698987,0.031746034,2.4652207,62.756104,0
6bba_9a41d029,1042219,51,6.0,127.0,56.0,1.0946316,2.8590813,0.0952381,2.5434792,68.92444,0
6bba_9a41d029,1042220,51,9.0,188.0,45.0,1.1159867,1.4745882,0.14285715,2.5434792,68.92444,2
6bba_9a41d029,1042221,51,9.0,193.0,39.0,1.0974747,1.49471,0.14285715,2.5434792,68.92444,2
6bba_9a41d029,1042222,51,14.0,251.0,109.0,1.0726093,2.9902298,0.22222222,2.5434792,68.92444,1
6bba_9a41d029,1042223,51,7.0,212.0,22.0,1.0697232,0.8004592,0.11111111,2.475711,63.56067,2
6bba_9a41d029,1042224,51,18.0,173.0,123.0,1.0301981,3.5405488,0.2857143,2.5434792,68.92444,0
6bba_9a41d029,1042225,51,13.0,205.0,29.0,1.0501925,2.024973,0.20634921,2.5434792,68.92444,1
6bba_9a41d029,1042226,51,18.0,227.0,127.0,1.0600532,2.5527802,0.2857143,2.5434792,68.92444,1
6bba_9a41d029,1042227,51,5.0,88.0,55.0,1.0622455,2.0451922,0.07936508,2.5434792,68.92444,0
6bba_9a41d029,1042228,51,7.0,180.0,80.0,1.0507317,2.1052904,0.11111111,2.5434792,68.92444,0
6bba_9a41d029,1042229,51,17.0,242.0,120.0,1.0464585,3.16545,0.26984128,2.5434792,68.92444,1
6bba_9a41d029,1042230,52,2.0,198.0,51.0,1.5284137,3.2490318,0.031746034,2.4687274,63.024292,2
6bba_9a41d029,1042231,52,7.0,230.0,71.0,1.4022639,2.252095,0.11111111,2.5268764,67.583496,2
6bba_9a41d029,1042232,52,12.0,236.0,97.0,1.3343266,4.531737,0.1904762,2.5434792,68.92444,0
6bba_9a41d029,1042233,52,12.0,222.0,22.0,1.2952287,1.749881,0.1904762,2.5401762,68.65625,1
6bba_9a41d029,1042234,52,11.0,163.0,47.0,1.3014574,2.5688019,0.17460318,2.5434792,68.92444,1
6bba_9a41d029,1042235,52,2.0,233.0,61.0,1.3229736,1.8345795,0.031746034,2.4687274,63.024292,1
6bba_9a41d029,1042236,52,7.0,239.0,30.0,1.2900649,1.5254409,0.11111111,2.5434792,68.92444,3
6bba_9a41d029,1042237,52,5.0,156.0,52.0,1.2654493,2.1245556,0.07936508,2.5434792,68.92444,1
6bba_9a41d029,1042238,52,4.0,238.0,38.0,1.266008,1.823808,0.06349207,2.5401762,68.65625,2
6bba_9a41d029,1042239,52,4.0,242.0,35.0,1.2888588,1.8472387,0.06349207,2.5434792,68.92444,2
6bba_9a41d029,1042240,52,11.0,201.0,91.0,1.236554,3.4716241,0.17460318,2.5434792,68.92444,0
6bba_9a41d029,1042241,52,8.0,220.0,80.0,1.2354299,2.4622462,0.12698413,2.5434792,68.92444,1
6bba_9a41d029,1042242,52,13.0,196.0,110.0,1.1459961,4.823689,0.20634921,2.5401762,68.65625,0
6bba_9a41d029,1042243,52,9.0,240.0,19.0,1.2076916,1.6582663,0.14285715,2.5434792,68.92444,1
6bba_9a41d029,1042244,52,10.0,92.0,80.0,1.0953515,6.4250984,0.15873016,2.5401762,68.65625,0
6bba_9a41d029,1042245,52,12.0,122.0,88.0,1.0869435,7.6357484,0.1904762,2.5302145,67.851685,0
6bba_9a41d029,1042246,52,14.0,226.0,114.0,1.1458812,3.4835603,0.22222222,2.5434792,68.92444,1
6bba_9a41d029,1042247,52,2.0,111.0,32.0,1.0699586,3.1698987,0.031746034,2.4652207,62.756104,0
6bba_9a41d029,1042248,52,6.0,127.0,56.0,1.0946316,2.8590813,0.0952381,2.5434792,68.92444,0
6bba_9a41d029,1042249,52,9.0,188.0,45.0,1.1159867,1.4745882,0.14285715,2.5434792,68.92444,2
6bba_9a41d029,1042250,52,9.0,193.0,39.0,1.0974747,1.49471,0.14285715,2.5434792,68.92444,2
6bba_9a41d029,1042251,52,14.0,251.0,109.0,1.0726093,2.9902298,0.22222222,2.5434792,68.92444,1
6bba_9a41d029,1042252,52,7.0,212.0,22.0,1.0697232,0.8004592,0.11111111,2.475711,63.56067,2
6bba_9a41d029,1042253,52,18.0,173.0,123.0,1.0301981,3.5405488,0.2857143,2.5434792,68.92444,0
6bba_9a41d029,1042254,52,13.0,205.0,29.0,1.0501925,2.024973,0.20634921,2.5434792,68.92444,1
6bba_9a41d029,1042255,52,18.0,227.0,127.0,1.0600532,2.5527802,0.2857143,2.5434792,68.92444,1
6bba_9a41d029,1042256,52,5.0,88.0,55.0,1.0622455,2.0451922,0.07936508,2.5434792,68.92444,0
6bba_9a41d029,1042257,52,7.0,180.0,80.0,1.0507317,2.1052904,0.11111111,2.5434792,68.92444,0
6bba_9a41d029,1042258,52,17.0,242.0,120.0,1.0464585,3.16545,0.26984128,2.5434792,68.92444,1
6bba_9a41d029,1042259,53,13.0,225.0,26.0,1.393491,2.6456065,0.20634921,2.5434792,68.92444,0
6bba_9a41d029,1042260,53,2.0,208.0,58.0,1.4653891,3.3122163,0.031746034,2.4687274,63.024292,0
6bba_9a41d029,1042261,53,8.0,237.0,78.0,1.4140474,2.7706504,0.12698413,2.5434792,68.92444,1
6bba_9a41d029,1042262,53,5.0,240.0,42.0,1.4063364,1.9284394,0.07936508,2.5401762,68.65625,0
6bba_9a41d029,1042263,53,6.0,164.0,58.0,1.3657298,2.7094028,0.0952381,2.5434792,68.92444,1
6bba_9a41d029,1042264,53,12.0,165.0,52.0,1.3136519,2.2002175,0.1904762,2.5434792,68.92444,1
6bba_9a41d029,1042265,53,4.0,245.0,68.0,1.3372123,2.5155087,0.06349207,2.5434792,68.92444,1
6bba_9a41d029,1042266,53,2.0,191.0,4.0,1.3420933,2.905949,0.031746034,2.4687274,63.024292,0
6bba_9a41d029,1042267,53,2.0,175.0,44.0,1.279342,3.1320918,0.031746034,2.4652207,62.756104,0
6bba_9a41d029,1042268,53,11.0,197.0,47.0,1.2745311,2.1387553,0.17460318,2.5434792,68.92444,0
6bba_9a41d029,1042269,53,2.0,153.0,43.0,1.235164,2.7608075,0.031746034,2.4687274,63.024292,0
6bba_9a41d029,1042270,53,13.0,240.0,108.0,1.2147585,2.6518137,0.20634921,2.5434792,68.92444,0
6bba_9a41d029,1042271,53,10.0,227.0,90.0,1.1772449,3.2369783,0.15873016,2.5434792,68.92444,1
6bba_9a41d029,1042272,53,6.0,94.0,61.0,1.1346333,2.404837,0.0952381,2.5434792,68.92444,0
6bba_9a41d029,1042273,53,20.0,246.0,131.0,1.1105337,3.5042033,0.31746033,2.5434792,68.92444,0
6bba_9a41d029,1042274,53,14.0,197.0,115.0,1.0883274,3.7530873,0.22222222,2.5434792,68.92444,0
6bba_9a41d029,1042275,53,6.0,132.0,57.0,1.0978527,2.918472,0.0952381,2.5434792,68.92444,0
6bba_9a41d029,1042276,53,15.0,209.0,38.0,1.0864866,2.4561024,0.23809524,2.5434792,68.92444,0
6bba_9a41d029,1042277,53,8.0,188.0,87.0,1.1219623,2.1022952,0.12698413,2.5434792,68.92444,1
6bba_9a41d029,1042278,53,23.0,234.0,92.0,1.0713141,2.4699156,0.36507937,2.5434792,68.92444,1
6bba_9a41d029,1042279,53,12.0,210.0,100.0,1.0915879,3.7969716,0.1904762,2.5434792,68.92444,0
6bba_9a41d029,1042280,53,20.0,221.0,133.0,1.07727,3.6833062,0.31746033,2.5434792,68.92444,0
6bba_9a41d029,1042281,53,13.0,131.0,90.0,1.0187564,4.919411,0.20634921,2.5401762,68.65625,0
6bba_9a41d029,1042282,53,29.0,224.0,172.0,1.0338829,3.0071526,0.46031746,2.5434792,68.92444,0
6bba_9a41d029,1042283,53,7.0,174.0,73.0,1.0241208,1.5673594,0.11111111,2.5235295,67.31531,2
6bba_9a41d029,1042284,53,2.0,69.0,21.0,1.0111576,2.816972,0.031746034,2.4687274,63.024292,0
6bba_9a41d029,1042285,53,13.0,187.0,74.0,0.99545217,1.4741622,0.20634921,2.5401762,68.65625,3
6bba_9a41d029,1042286,53,7.0,184.0,68.0,1.0070846,1.6447082,0.11111111,2.5434792,68.92444,2
6bba_9a41d029,1042287,53,37.0,248.0,192.0,0.99594855,3.7108562,0.5873016,2.5434792,68.92444,0
6bba_9a41d029,1042288,53,10.0,154.0,83.0,0.99353594,2.9651864,0.15873016,2.5434792,68.92444,0
6bba_9a41d029,1042289,53,19.0,185.0,127.0,0.95582515,2.4393508,0.3015873,2.5434792,68.92444,0
6bba_9a41d029,1042290,53,9.0,135.0,72.0,0.9426216,2.5745676,0.14285715,2.5401762,68.65625,0
6bba_9a41d029,1042291,54,6.0,241.0,45.0,1.4688075,1.7690511,0.0952381,2.5368643,68.38806,0
6bba_9a41d029,1042292,54,3.0,211.0,64.0,1.4683613,3.311675,0.04761905,2.5401762,68.65625,0
6bba_9a41d029,1042293,54,14.0,228.0,31.0,1.3920054,2.8359084,0.22222222,2.5434792,68.92444,2
6bba_9a41d029,1042294,54,3.0,193.0,13.0,1.4095794,2.6435037,0.04761905,2.5401762,68.65625,0
6bba_9a41d029,1042295,54,3.0,176.0,53.0,1.3182025,3.058333,0.04761905,2.5335438,68.11987,0
6bba_9a41d029,1042296,54,4.0,154.0,51.0,1.2742648,3.4475112,0.06349207,2.5434792,68.92444,0
6bba_9a41d029,1042297,54,8.0,240.0,84.0,1.2506384,2.4775407,0.12698413,2.5401762,68.65625,0
6bba_9a41d029,1042298,54,6.0,162.0,67.0,1.2485447,2.7470126,0.0952381,2.5434792,68.92444,0
6bba_9a41d029,1042299,54,14.0,241.0,111.0,1.2550856,2.8567257,0.22222222,2.5434792,68.92444,0
6bba_9a41d029,1042300,54,11.0,229.0,96.0,1.2125891,3.306844,0.17460318,2.5434792,68.92444,0
6bba_9a41d029,1042301,54,14.0,230.0,69.0,1.1826586,2.772573,0.22222222,2.5434792,68.92444,0
6bba_9a41d029,1042302,54,5.0,250.0,73.0,1.2198465,2.2504013,0.07936508,2.5434792,68.92444,0
6bba_9a41d029,1042303,54,9.0,193.0,95.0,1.2011178,2.2867217,0.14285715,2.5434792,68.92444,0
6bba_9a41d029,1042304,54,15.0,167.0,54.0,1.1256403,2.656213,0.23809524,2.5268764,67.583496,0
6bba_9a41d029,1042305,54,10.0,192.0,54.0,1.1844466,2.1581428,0.15873016,2.5434792,68.92444,0
6bba_9a41d029,1042306,54,2.0,126.0,39.0,1.1590047,4.780064,0.031746034,2.4687274,63.024292,0
6bba_9a41d029,1042307,54,21.0,243.0,140.0,1.1530565,4.2663903,0.33333334,2.5434792,68.92444,1
6bba_9a41d029,1042308,54,3.0,220.0,30.0,1.1549306,2.0401852,0.04761905,2.5401762,68.65625,2
6bba_9a41d029,1042309,54,16.0,211.0,43.0,1.136875,2.7799406,0.25396827,2.5434792,68.92444,0
6bba_9a41d029,1042310,54,4.0,223.0,39.0,1.141332,0.9332578,0.06349207,2.458177,62.219727,2
6bba_9a41d029,1042311,54,6.0,131.0,63.0,1.1259592,3.3246484,0.0952381,2.5401762,68.65625,1
6bba_9a41d029,1042312,54,7.0,97.0,64.0,1.135419,2.8943052,0.11111111,2.5434792,68.92444,0
6bba_9a41d029,1042313,54,13.0,214.0,106.0,1.1149415,3.9138772,0.20634921,2.5434792,68.92444,0
6bba_9a41d029,1042314,54,13.0,247.0,9.0,1.1082131,1.7407467,0.20634921,2.5434792,68.92444,0
6bba_9a41d029,1042315,54,13.0,188.0,81.0,1.0920677,1.5046089,0.20634921,2.5434792,68.92444,2
6bba_9a41d029,1042316,54,24.0,235.0,101.0,1.063751,2.0141535,0.3809524,2.5434792,68.92444,0
6bba_9a41d029,1042317,54,7.0,188.0,72.0,1.0940037,1.9158152,0.11111111,2.5434792,68.92444,2
6bba_9a41d029,1042318,54,38.0,245.0,199.0,1.0674652,4.0912113,0.6031746,2.5434792,68.92444,0
6bba_9a41d029,1042319,54,13.0,131.0,95.0,1.0265431,4.4673367,0.20634921,2.5434792,68.92444,0
6bba_9a41d029,1042320,54,21.0,221.0,137.0,1.0578837,3.4802706,0.33333334,2.5434792,68.92444,0
6bba_9a41d029,1042321,54,2.0,64.0,25.0,1.0232896,2.3599217,0.031746034,2.4687274,63.024292,0
6bba_9a41d029,1042322,54,10.0,156.0,84.0,1.0234798,2.67457,0.15873016,2.5401762,68.65625,0
6bba_9a41d029,1042323,54,8.0,175.0,78.0,0.99715817,1.3960514,0.12698413,2.472224,63.29248,2
6bba_9a41d029,1042324,54,45.0,245.0,226.0,1.0137078,2.4716673,0.71428573,2.5434792,68.92444,0
6bba_9a41d029,1042325,54,9.0,135.0,77.0,0.99243474,2.8132777,0.14285715,2.5401762,68.65625,1
6bba_9a41d029,1042326,54,19.0,174.0,127.0,0.9502834,4.146466,0.3015873,2.5434792,68.92444,0
6bba_9a41d029,1042327,54,24.0,201.0,153.0,0.98237354,3.1000373,0.3809524,2.5434792,68.92444,0
6bba_9a41d029,1042328,54,39.0,188.0,206.0,0.9683187,3.7141287,0.61904764,2.5434792,68.92444,0
6bba_9a41d029,1042329,54,17.0,236.0,128.0,0.9711816,1.9997313,0.26984128,2.5401762,68.65625,1
6bba_9a41d029,1042330,54,26.0,153.0,158.0,0.9493072,2.7918372,0.41269842,2.5434792,68.92444,0
6bba_9a41d029,1042331,54,32.0,215.0,170.0,0.95241004,2.6811397,0.50793654,2.5434792,68.92444,1
6bba_9a41d029,1042332,54,30.0,220.0,175.0,0.94669735,2.3621125,0.47619048,2.5434792,68.92444,1
6bba_9a41d029,1042333,54,13.0,231.0,2.0,0.92692846,1.1832789,0.20634921,2.458177,62.219727,0
6bba_9a41d029,1042334,54,15.0,199.0,119.0,0.93885475,2.469692,0.23809524,2.5401762,68.65625,0
6bba_9a41d029,1042335,54,12.0,164.0,97.0,0.9430587,2.1527784,0.1904762,2.5401762,68.65625,0
6bba_9a41d029,1042336,54,21.0,188.0,146.0,0.89873797,3.3917575,0.33333334,2.5401762,68.65625,0
6bba_9a41d029,1042337,54,7.0,36.0,44.0,0.9111461,2.3173642,0.11111111,2.5401762,68.65625,0
6bba_9a41d029,1042338,55,6.0,244.0,49.0,1.4373616,2.0644903,0.0952381,2.5401762,68.65625,0
6bba_9a41d029,1042339,55,4.0,212.0,67.0,1.3981092,3.0603514,0.06349207,2.5434792,68.92444,0
6bba_9a41d029,1042340,55,3.0,148.0,54.0,1.267779,2.8757074,0.04761905,2.5401762,68.65625,0
6bba_9a41d029,1042341,55,2.0,174.0,54.0,1.2847592,3.3502529,0.031746034,2.4687274,63.024292,1
6bba_9a41d029,1042342,55,8.0,242.0,88.0,1.205887,2.2738442,0.12698413,2.5434792,68.92444,2
6bba_9a41d029,1042343,55,14.0,241.0,114.0,1.2029026,2.6597626,0.22222222,2.5434792,68.92444,0
6bba_9a41d029,1042344,55,7.0,167.0,69.0,1.198587,2.7831078,0.11111111,2.5434792,68.92444,1
6bba_9a41d029,1042345,55,16.0,212.0,47.0,1.1684295,2.700674,0.25396827,2.5434792,68.92444,0
6bba_9a41d029,1042346,55,15.0,228.0,71.0,1.1524318,2.7076597,0.23809524,2.5401762,68.65625,1
6bba_9a41d029,1042347,55,10.0,194.0,59.0,1.1790954,2.693663,0.15873016,2.5434792,68.92444,0
6bba_9a41d029,1042348,55,9.0,194.0,97.0,1.1809789,2.3776932,0.14285715,2.5434792,68.92444,0
6bba_9a41d029,1042349,55,5.0,252.0,78.0,1.1769598,2.010359,0.07936508,2.5401762,68.65625,1
6bba_9a41d029,1042350,55,2.0,127.0,41.0,1.124712,4.2934318,0.031746034,2.4687274,63.024292,0
6bba_9a41d029,1042351,55,25.0,234.0,104.0,1.128546,2.4636812,0.3968254,2.5434792,68.92444,1
6bba_9a41d029,1042352,55,12.0,248.0,11.0,1.1319414,1.8114122,0.1904762,2.5434792,68.92444,0
6bba_9a41d029,1042353,55,2.0,221.0,33.0,1.1609529,2.6137967,0.031746034,2.4687274,63.024292,1
6bba_9a41d029,1042354,55,11.0,231.0,100.0,1.132385,2.653476,0.17460318,2.5434792,68.92444,1
6bba_9a41d029,1042355,55,22.0,243.0,144.0,1.1233428,3.8154464,0.34920636,2.5434792,68.92444,1
6bba_9a41d029,1042356,55,4.0,223.0,40.0,1.092196,1.1758137,0.06349207,2.5100527,66.24255,1
6bba_9a41d029,1042357,55,5.0,132.0,63.0,1.0781838,3.181401,0.07936508,2.5434792,68.92444,0
6bba_9a41d029,1042358,55,14.0,237.0,77.0,1.0889255,1.8771513,0.22222222,2.5401762,68.65625,2
6bba_9a41d029,1042359,55,14.0,215.0,110.0,1.0812373,3.9930055,0.22222222,2.5434792,68.92444,0
6bba_9a41d029,1042360,55,13.0,161.0,49.0,1.02959,2.3424938,0.20634921,2.5434792,68.92444,0
6bba_9a41d029,1042361,55,38.0,242.0,202.0,1.0584064,4.000068,0.6031746,2.5434792,68.92444,0
6bba_9a41d029,1042362,55,13.0,167.0,66.0,1.0357432,1.4656644,0.20634921,2.5434792,68.92444,1
6bba_9a41d029,1042363,55,7.0,96.0,67.0,1.0585971,2.5347254,0.11111111,2.5434792,68.92444,0
6bba_9a41d029,1042364,55,21.0,223.0,144.0,1.0492853,3.2960682,0.33333334,2.5434792,68.92444,0
6bba_9a41d029,1042365,55,16.0,198.0,121.0,1.0328146,3.338968,0.25396827,2.5401762,68.65625,0
6bba_9a41d029,1042366,55,8.0,191.0,76.0,1.0483749,1.7943814,0.12698413,2.5434792,68.92444,2
6bba_9a41d029,1042367,55,10.0,190.0,80.0,1.0515172,1.5927758,0.15873016,2.5434792,68.92444,2
6bba_9a41d029,1042368,55,13.0,131.0,96.0,0.99303305,4.2986403,0.20634921,2.5434792,68.92444,0
6bba_9a41d029,1042369,55,7.0,186.0,11.0,1.013185,1.5867951,0.11111111,2.5434792,68.92444,0
6bba_9a41d029,1042370,55,10.0,137.0,78.0,0.9816701,2.8955493,0.15873016,2.5368643,68.38806,0
6bba_9a41d029,1042371,55,45.0,244.0,228.0,1.004603,2.4143171,0.71428573,2.5434792,68.92444,1
6bba_9a41d029,1042372,55,10.0,157.0,88.0,0.99383175,2.5739863,0.15873016,2.5434792,68.92444,1
6bba_9a41d029,1042373,55,3.0,64.0,24.0,0.95915294,2.3717935,0.04761905,2.5368643,68.38806,0
6bba_9a41d029,1042374,55,18.0,237.0,133.0,0.9779625,2.1564264,0.2857143,2.5368643,68.38806,1
6bba_9a41d029,1042375,55,6.0,37.0,45.0,0.95730424,2.4642124,0.0952381,2.5401762,68.65625,0
6bba_9a41d029,1042376,55,19.0,176.0,129.0,0.9444491,4.5105133,0.3015873,2.5434792,68.92444,0
6bba_9a41d029,1042377,55,8.0,179.0,81.0,0.9524134,1.266208,0.12698413,2.5100527,66.24255,2
6bba_9a41d029,1042378,55,24.0,202.0,157.0,0.9513056,2.7548525,0.3809524,2.5434792,68.92444,1
6bba_9a41d029,1042379,55,33.0,215.0,173.0,0.9444162,2.4334784,0.52380955,2.5434792,68.92444,1
6bba_9a41d029,1042380,55,32.0,225.0,181.0,0.9398836,2.5316753,0.50793654,2.5434792,68.92444,1
6bba_9a41d029,1042381,55,26.0,153.0,162.0,0.9282085,2.7899148,0.41269842,2.5434792,68.92444,0
6bba_9a41d029,1042382,55,20.0,252.0,76.0,0.9381467,1.9333067,0.31746033,2.5401762,68.65625,0
6bba_9a41d029,1042383,55,39.0,186.0,208.0,0.92595035,3.6685069,0.61904764,2.5434792,68.92444,0
6bba_9a41d029,1042384,55,9.0,202.0,5.0,0.91621125,1.2208579,0.14285715,2.5401762,68.65625,0
6bba_9a41d029,1042385,55,22.0,189.0,150.0,0.8917139,3.168745,0.34920636,2.5434792,68.92444,1
6bba_9a41d029,1042386,55,51.0,252.0,239.0,0.8985034,2.4311495,0.8095238,2.5401762,68.65625,1
6bba_9a41d029,1042387,55,12.0,163.0,100.0,0.9108996,1.9354221,0.1904762,2.5434792,68.92444,1
6bba_9a41d029,1042388,55,8.0,182.0,46.0,0.8965752,1.21088,0.12698413,2.5401762,68.65625,1
6bba_9a41d029,1042389,56,5.0,213.0,70.0,1.382493,3.087794,0.07936508,2.5434792,68.92444,0
6bba_9a41d029,1042390,56,7.0,247.0,48.0,1.3598264,1.8491336,0.11111111,2.5434792,68.92444,2
6bba_9a41d029,1042391,56,3.0,176.0,58.0,1.3007138,2.8657737,0.04761905,2.5368643,68.38806,1
6bba_9a41d029,1042392,56,4.0,154.0,55.0,1.2849013,3.0917168,0.06349207,2.5434792,68.92444,1
6bba_9a41d029,1042393,56,15.0,238.0,115.0,1.2287179,2.8792772,0.23809524,2.5434792,68.92444,0
6bba_9a41d029,1042394,56,16.0,241.0,42.0,1.1938866,1.625122,0.25396827,2.5401762,68.65625,2
6bba_9a41d029,1042395,56,22.0,242.0,144.0,1.1863956,3.9186485,0.34920636,2.5434792,68.92444,1
6bba_9a41d029,1042396,56,3.0,222.0,35.0,1.1948247,2.1742275,0.04761905,2.5401762,68.65625,1
6bba_9a41d029,1042397,56,8.0,243.0,91.0,1.1923712,2.2970126,0.12698413,2.5434792,68.92444,1
6bba_9a41d029,1042398,56,6.0,253.0,81.0,1.1761365,1.7892141,0.0952381,2.4652207,62.756104,1
6bba_9a41d029,1042399,56,7.0,171.0,70.0,1.1572211,1.7781651,0.11111111,2.5235295,67.31531,3
6bba_9a41d029,1042400,56,12.0,194.0,61.0,1.1847687,2.415848,0.1904762,2.5434792,68.92444,1
6bba_9a41d029,1042401,56,13.0,159.0,47.0,1.1158519,2.9792771,0.20634921,2.5434792,68.92444,1
6bba_9a41d029,1042402,56,10.0,195.0,100.0,1.1688074,2.2896912,0.15873016,2.5434792,68.92444,0
6bba_9a41d029,1042403,56,2.0,199.0,52.0,1.14867,2.2638752,0.031746034,2.4687274,63.024292,1
6bba_9a41d029,1042404,56,15.0,229.0,72.0,1.149957,2.4202394,0.23809524,2.5401762,68.65625,1
6bba_9a41d029,1042405,56,14.0,236.0,75.0,1.1443495,2.5048237,0.22222222,2.5434792,68.92444,1
6bba_9a41d029,1042406,56,8.0,163.0,71.0,1.1376474,2.364212,0.12698413,2.5434792,68.92444,2
6bba_9a41d029,1042407,56,5.0,200.0,19.0,1.1122494,1.3338181,0.07936508,2.5401762,68.65625,1
6bba_9a41d029,1042408,56,14.0,214.0,111.0,1.1166276,4.0950413,0.22222222,2.5434792,68.92444,0
6bba_9a41d029,1042409,56,6.0,131.0,65.0,1.091361,3.1089425,0.0952381,2.5434792,68.92444,0
6bba_9a41d029,1042410,56,12.0,229.0,101.0,1.116404,2.5504827,0.1904762,2.5434792,68.92444,0
6bba_9a41d029,1042411,56,22.0,222.0,145.0,1.1077892,3.8645751,0.34920636,2.5434792,68.92444,0
6bba_9a41d029,1042412,56,11.0,219.0,34.0,1.065355,1.4337035,0.17460318,2.5434792,68.92444,1
6bba_9a41d029,1042413,56,39.0,243.0,203.0,1.0679812,3.8264613,0.61904764,2.5434792,68.92444,0
6bba_9a41d029,1042414,56,10.0,188.0,83.0,1.0908878,1.6900125,0.15873016,2.5434792,68.92444,1
6bba_9a41d029,1042415,56,17.0,198.0,123.0,1.049614,3.7266476,0.26984128,2.5368643,68.38806,0
6bba_9a41d029,1042416,56,11.0,235.0,49.0,1.071038,0.90221584,0.17460318,2.5434792,68.92444,2
6bba_9a41d029,1042417,56,10.0,136.0,79.0,1.0178658,2.9086616,0.15873016,2.5401762,68.65625,0
6bba_9a41d029,1042418,56,7.0,186.0,13.0,1.0387343,1.6864991,0.11111111,2.5434792,68.92444,0
6bba_9a41d029,1042419,56,46.0,242.0,229.0,1.0397731,2.6052737,0.73015875,2.5434792,68.92444,0
6bba_9a41d029,1042420,56,3.0,66.0,25.0,1.0064318,2.4649699,0.04761905,2.5368643,68.38806,0
6bba_9a41d029,1042421,56,9.0,179.0,83.0,1.0148844,1.4589605,0.14285715,2.5401762,68.65625,1
6bba_9a41d029,1042422,56,2.0,129.0,42.0,1.0138968,3.513991,0.031746034,2.4687274,63.024292,0
6bba_9a41d029,1042423,56,26.0,233.0,105.0,0.99111676,2.119617,0.41269842,2.5434792,68.92444,0
6bba_9a41d029,1042424,56,17.0,214.0,49.0,0.99365425,2.131052,0.26984128,2.5434792,68.92444,0
6bba_9a41d029,1042425,56,12.0,248.0,14.0,0.99539304,1.3957024,0.1904762,2.5434792,68.92444,1
6bba_9a41d029,1042426,56,16.0,170.0,71.0,0.93587023,1.2270805,0.25396827,2.5100527,66.24255,2
6bba_9a41d029,1042427,56,13.0,130.0,96.0,0.95473063,3.8283677,0.20634921,2.5434792,68.92444,0
6bba_9a41d029,1042428,56,10.0,157.0,89.0,0.98562753,2.5614042,0.15873016,2.5434792,68.92444,1
6bba_9a41d029,1042429,56,6.0,31.0,44.0,0.97414315,2.1309164,0.0952381,2.5434792,68.92444,1
6bba_9a41d029,1042430,56,27.0,151.0,162.0,0.9564168,3.0305545,0.42857143,2.5434792,68.92444,0
6bba_9a41d029,1042431,56,6.0,36.0,44.0,0.9629774,2.392332,0.0952381,2.5434792,68.92444,1
6bba_9a41d029,1042432,56,8.0,98.0,69.0,0.97296315,2.313561,0.12698413,2.5434792,68.92444,0
6bba_9a41d029,1042433,56,10.0,183.0,46.0,0.9425033,1.8400401,0.15873016,2.5434792,68.92444,0
6bba_9a41d029,1042434,56,26.0,253.0,122.0,0.9604483,2.506966,0.41269842,2.4687274,63.024292,0
6bba_9a41d029,1042435,56,25.0,202.0,158.0,0.9447384,2.984124,0.3968254,2.5434792,68.92444,0
6bba_9a41d029,1042436,56,19.0,239.0,137.0,0.9401334,1.5158317,0.3015873,2.5302145,67.851685,1
6bba_9a41d029,1042437,56,10.0,201.0,8.0,0.92567754,1.3521085,0.15873016,2.5401762,68.65625,1
6bba_9a41d029,1042438,56,30.0,220.0,178.0,0.9174142,2.1517239,0.47619048,2.5401762,68.65625,2
6bba_9a41d029,1042439,56,34.0,214.0,175.0,0.91103107,2.47229,0.53968257,2.5434792,68.92444,2
6bba_9a41d029,1042440,56,15.0,235.0,9.0,0.89921457,1.3302,0.23809524,2.5368643,68.38806,1
6bba_9a41d029,1042441,56,19.0,128.0,130.0,0.9025508,2.7288368,0.3015873,2.5434792,68.92444,0
6bba_9a41d029,1042442,56,33.0,225.0,184.0,0.8961545,2.23605,0.52380955,2.5434792,68.92444,2
6bba_9a41d029,1042443,56,35.0,249.0,188.0,0.90521646,2.6209068,0.5555556,2.5434792,68.92444,0
6bba_9a41d029,1042444,56,13.0,164.0,101.0,0.9024818,1.8509535,0.20634921,2.5434792,68.92444,1
6bba_9a41d029,1042445,56,2.0,33.0,15.0,0.88601804,2.1872494,0.031746034,2.4652207,62.756104,0
6bba_9a41d029,1042446,57,5.0,155.0,57.0,1.3668374,3.2782404,0.07936508,2.5434792,68.92444,1
6bba_9a41d029,1042447,57,5.0,216.0,74.0,1.3715904,3.1606328,0.07936508,2.5434792,68.92444,0
6bba_9a41d029,1042448,57,17.0,241.0,44.0,1.2862489,2.4072628,0.26984128,2.5434792,68.92444,1
6bba_9a41d029,1042449,57,2.0,246.0,9.0,1.3525177,2.5370576,0.031746034,2.4687274,63.024292,1
6bba_9a41d029,1042450,57,3.0,177.0,61.0,1.3052378,2.603473,0.04761905,2.5401762,68.65625,2
6bba_9a41d029,1042451,57,2.0,98.0,21.0,1.2283773,3.0698059,0.031746034,2.4687274,63.024292,0
6bba_9a41d029,1042452,57,12.0,157.0,49.0,1.1646132,2.4967299,0.1904762,2.5434792,68.92444,1
6bba_9a41d029,1042453,57,12.0,218.0,33.0,1.1622303,2.1944134,0.1904762,2.5401762,68.65625,2
6bba_9a41d029,1042454,57,7.0,173.0,73.0,1.1761503,1.5557956,0.11111111,2.499849,65.43799,3
6bba_9a41d029,1042455,57,16.0,239.0,115.0,1.1996485,2.8958373,0.25396827,2.5434792,68.92444,0
6bba_9a41d029,1042456,57,23.0,242.0,148.0,1.1867375,4.0509315,0.36507937,2.5434792,68.92444,1
6bba_9a41d029,1042457,57,16.0,169.0,75.0,1.102438,1.6702892,0.25396827,2.5335438,68.11987,2
6bba_9a41d029,1042458,57,2.0,89.0,36.0,1.1510355,3.8646467,0.031746034,2.4687274,63.024292,0
6bba_9a41d029,1042459,57,15.0,231.0,75.0,1.160074,2.4337375,0.23809524,2.5401762,68.65625,0
6bba_9a41d029,1042460,57,10.0,193.0,103.0,1.1682519,2.3576505,0.15873016,2.5434792,68.92444,0
6bba_9a41d029,1042461,57,15.0,217.0,114.0,1.1491647,4.7138243,0.23809524,2.5434792,68.92444,0
6bba_9a41d029,1042462,57,8.0,164.0,73.0,1.1624472,2.1874888,0.12698413,2.5434792,68.92444,2
6bba_9a41d029,1042463,57,5.0,226.0,43.0,1.1481918,1.7679594,0.07936508,2.5302145,67.851685,2
6bba_9a41d029,1042464,57,5.0,221.0,42.0,1.1643043,1.9855587,0.07936508,2.5434792,68.92444,2
6bba_9a41d029,1042465,57,11.0,230.0,101.0,1.1393468,3.284315,0.17460318,2.5434792,68.92444,0
6bba_9a41d029,1042466,57,12.0,194.0,63.0,1.14502,2.3600461,0.1904762,2.5434792,68.92444,1
6bba_9a41d029,1042467,57,6.0,132.0,67.0,1.1074736,2.8988621,0.0952381,2.5434792,68.92444,1
6bba_9a41d029,1042468,57,11.0,191.0,85.0,1.1181724,1.9030895,0.17460318,2.5434792,68.92444,0
6bba_9a41d029,1042469,57,2.0,196.0,53.0,1.1085829,2.8592474,0.031746034,2.4687274,63.024292,2
6bba_9a41d029,1042470,57,17.0,199.0,124.0,1.0572265,3.7749968,0.26984128,2.5434792,68.92444,1
6bba_9a41d029,1042471,57,22.0,222.0,147.0,1.0658151,3.3217688,0.34920636,2.5434792,68.92444,0
6bba_9a41d029,1042472,57,13.0,247.0,17.0,1.0593269,1.7257664,0.20634921,2.5434792,68.92444,2
6bba_9a41d029,1042473,57,40.0,241.0,207.0,1.0577259,3.8390245,0.63492066,2.5434792,68.92444,0
6bba_9a41d029,1042474,57,12.0,237.0,52.0,1.0343956,1.0338298,0.1904762,2.5434792,68.92444,1
6bba_9a41d029,1042475,57,8.0,105.0,71.0,1.0302639,2.9920554,0.12698413,2.5434792,68.92444,0
6bba_9a41d029,1042476,57,47.0,239.0,232.0,1.009977,2.3858943,0.74603176,2.5434792,68.92444,0
6bba_9a41d029,1042477,57,27.0,151.0,164.0,0.9921389,3.3145337,0.42857143,2.5434792,68.92444,0
6bba_9a41d029,1042478,57,10.0,135.0,80.0,0.97531325,2.4542463,0.15873016,2.5401762,68.65625,1
6bba_9a41d029,1042479,57,3.0,63.0,27.0,0.97383356,2.2875261,0.04761905,2.5368643,68.38806,0
6bba_9a41d029,1042480,57,7.0,185.0,15.0,0.985598,1.8882513,0.11111111,2.5434792,68.92444,0
6bba_9a41d029,1042481,57,10.0,154.0,92.0,0.9889408,3.092363,0.15873016,2.5434792,68.92444,1
6bba_9a41d029,1042482,57,3.0,128.0,43.0,0.9850065,3.2583132,0.04761905,2.5401762,68.65625,0
6bba_9a41d029,1042483,57,6.0,35.0,45.0,0.97675955,2.5085042,0.0952381,2.5434792,68.92444,0
6bba_9a41d029,1042484,57,2.0,31.0,17.0,0.9404658,2.2531931,0.031746034,2.4652207,62.756104,1
6bba_9a41d029,1042485,57,15.0,235.0,12.0,0.9020643,1.2294095,0.23809524,2.5268764,67.583496,1
6bba_9a41d029,1042486,57,35.0,209.0,196.0,0.9141109,3.501828,0.5555556,2.5434792,68.92444,0
6bba_9a41d029,1042487,57,24.0,185.0,155.0,0.88583684,4.4855723,0.3809524,2.5434792,68.92444,0
6bba_9a41d029,1042488,57,19.0,240.0,137.0,0.91719073,1.6048398,0.3015873,2.5401762,68.65625,1
6bba_9a41d029,1042489,57,26.0,203.0,163.0,0.9002927,2.7788925,0.41269842,2.5434792,68.92444,0
6bba_9a41d029,1042490,57,31.0,248.0,178.0,0.9023996,2.4950352,0.4920635,2.5434792,68.92444,2
6bba_9a41d029,1042491,57,19.0,128.0,132.0,0.8940837,2.6875398,0.3015873,2.5434792,68.92444,0
6bba_9a41d029,1042492,57,13.0,130.0,97.0,0.88139623,3.017496,0.20634921,2.5434792,68.92444,0
6bba_9a41d029,1042493,57,9.0,184.0,51.0,0.8933475,1.0394942,0.14285715,2.5434792,68.92444,2
6bba_9a41d029,1042494,57,29.0,253.0,173.0,0.8903423,2.2150843,0.46031746,2.4687274,63.024292,1
6bba_9a41d029,1042495,57,17.0,217.0,52.0,0.87455946,1.715043,0.26984128,2.5434792,68.92444,0
6bba_9a41d029,1042496,57,5.0,26.0,26.0,0.86283165,2.100439,0.07936508,2.5434792,68.92444,1
6bba_9a41d029,1042497,57,22.0,196.0,116.0,0.88523865,1.6174271,0.34920636,2.5434792,68.92444,1
6bba_9a41d029,1042498,57,35.0,157.0,189.0,0.86313415,3.3887563,0.5555556,2.5434792,68.92444,0
6bba_9a41d029,1042499,57,13.0,164.0,102.0,0.878106,1.9472548,0.20634921,2.5434792,68.92444,1
6bba_9a41d029,1042500,57,34.0,223.0,187.0,0.87076306,2.0984628,0.53968257,2.5401762,68.65625,0
6bba_9a41d029,1042501,57,36.0,248.0,192.0,0.8821522,2.369466,0.5714286,2.5434792,68.92444,1
6bba_9a41d029,1042502,57,16.0,151.0,113.0,0.85021317,2.3775883,0.25396827,2.5401762,68.65625,0
6bba_9a41d029,1042503,57,50.0,172.0,240.0,0.85725385,3.80086,0.7936508,2.5434792,68.92444,0
6bba_9a41d029,1042504,57,16.0,182.0,114.0,0.8617109,1.7148356,0.25396827,2.5401762,68.65625,0
6bba_9a41d029,1042505,58,2.0,230.0,64.0,1.4460895,4.200516,0.031746034,2.4687274,63.024292,0
6bba_9a41d029,1042506,58,7.0,216.0,79.0,1.4181166,3.1826985,0.11111111,2.5434792,68.92444,1
6bba_9a41d029,1042507,58,19.0,240.0,51.0,1.3076468,2.7729037,0.3015873,2.5401762,68.65625,2
6bba_9a41d029,1042508,58,6.0,153.0,60.0,1.3606681,4.0462418,0.0952381,2.5434792,68.92444,0
6bba_9a41d029,1042509,58,5.0,178.0,64.0,1.3205972,2.5504608,0.07936508,2.5401762,68.65625,1
6bba_9a41d029,1042510,58,2.0,94.0,24.0,1.2844392,2.8811476,0.031746034,2.4687274,63.024292,1
6bba_9a41d029,1042511,58,17.0,227.0,80.0,1.2511249,1.9846449,0.26984128,2.5401762,68.65625,1
6bba_9a41d029,1042512,58,17.0,221.0,120.0,1.2141997,3.3365817,0.26984128,2.5401762,68.65625,0
6bba_9a41d029,1042513,58,8.0,174.0,76.0,1.2014103,1.9471849,0.12698413,2.5401762,68.65625,3
6bba_9a41d029,1042514,58,3.0,87.0,37.0,1.1707399,2.9207573,0.04761905,2.5401762,68.65625,1
6bba_9a41d029,1042515,58,10.0,242.0,26.0,1.176502,1.7135074,0.15873016,2.5401762,68.65625,0
6bba_9a41d029,1042516,58,25.0,243.0,154.0,1.1939654,3.7976558,0.3968254,2.5434792,68.92444,1
6bba_9a41d029,1042517,58,18.0,239.0,121.0,1.1791677,2.9069264,0.2857143,2.5434792,68.92444,2
6bba_9a41d029,1042518,58,11.0,192.0,106.0,1.1855115,2.0092583,0.17460318,2.5434792,68.92444,0
6bba_9a41d029,1042519,58,7.0,131.0,66.0,1.1477053,3.03278,0.11111111,2.5401762,68.65625,0
6bba_9a41d029,1042520,58,9.0,166.0,76.0,1.1665065,2.3824468,0.14285715,2.5434792,68.92444,2
6bba_9a41d029,1042521,58,9.0,98.0,70.0,1.1470777,3.0915308,0.14285715,2.5434792,68.92444,1
6bba_9a41d029,1042522,58,14.0,192.0,67.0,1.1658294,2.2605953,0.22222222,2.5434792,68.92444,0
6bba_9a41d029,1042523,58,9.0,93.0,72.0,1.1623946,2.8633077,0.14285715,2.5434792,68.92444,1
6bba_9a41d029,1042524,58,12.0,192.0,91.0,1.1643504,2.0564563,0.1904762,2.5434792,68.92444,0
6bba_9a41d029,1042525,58,8.0,251.0,51.0,1.1621908,1.1788253,0.12698413,2.5434792,68.92444,2
6bba_9a41d029,1042526,58,9.0,248.0,57.0,1.1504072,1.5651839,0.14285715,2.5434792,68.92444,3
6bba_9a41d029,1042527,58,3.0,203.0,56.0,1.1239395,3.3129785,0.04761905,2.5401762,68.65625,0
6bba_9a41d029,1042528,58,6.0,220.0,43.0,1.125006,1.7382162,0.0952381,2.5434792,68.92444,1
6bba_9a41d029,1042529,58,13.0,217.0,36.0,1.0784009,1.8289375,0.20634921,2.5401762,68.65625,1
6bba_9a41d029,1042530,58,23.0,221.0,152.0,1.1067077,3.607576,0.36507937,2.5434792,68.92444,0
6bba_9a41d029,1042531,58,17.0,170.0,79.0,1.0524408,1.629462,0.26984128,2.5401762,68.65625,2
6bba_9a41d029,1042532,58,49.0,238.0,238.0,1.0963539,2.6714456,0.7777778,2.5434792,68.92444,0
6bba_9a41d029,1042533,58,13.0,228.0,106.0,1.087979,2.668234,0.20634921,2.5434792,68.92444,0
6bba_9a41d029,1042534,58,9.0,188.0,21.0,1.0535911,1.9127069,0.14285715,2.5434792,68.92444,0
6bba_9a41d029,1042535,58,19.0,199.0,126.0,1.0456336,3.2296462,0.3015873,2.5434792,68.92444,0
6bba_9a41d029,1042536,58,41.0,242.0,213.0,1.0481479,3.640985,0.6507937,2.5434792,68.92444,0
6bba_9a41d029,1042537,58,28.0,250.0,130.0,1.0172149,2.1176617,0.44444445,2.5401762,68.65625,1
6bba_9a41d029,1042538,58,18.0,245.0,129.0,1.0279531,1.6077433,0.2857143,2.5401762,68.65625,2
6bba_9a41d029,1042539,58,21.0,242.0,145.0,1.0078044,1.8834895,0.33333334,2.5302145,67.851685,1
6bba_9a41d029,1042540,58,4.0,29.0,16.0,0.9770685,2.3631365,0.06349207,2.5401762,68.65625,0
6bba_9a41d029,1042541,58,16.0,247.0,62.0,0.9911134,1.1351467,0.25396827,2.5066607,65.974365,3
6bba_9a41d029,1042542,58,4.0,56.0,27.0,0.97369283,2.290776,0.06349207,2.5401762,68.65625,0
6bba_9a41d029,1042543,58,11.0,147.0,91.0,1.0032322,3.467419,0.17460318,2.5434792,68.92444,0
6bba_9a41d029,1042544,58,26.0,201.0,164.0,0.99041003,3.6946094,0.41269842,2.5434792,68.92444,0
6bba_9a41d029,1042545,58,29.0,236.0,115.0,0.9895062,2.3224611,0.46031746,2.5434792,68.92444,1
6bba_9a41d029,1042546,58,4.0,122.0,43.0,0.98203176,2.6342673,0.06349207,2.5401762,68.65625,0
6bba_9a41d029,1042547,58,27.0,148.0,164.0,0.9783602,3.7589183,0.42857143,2.5434792,68.92444,0
6bba_9a41d029,1042548,58,7.0,28.0,42.0,0.9691141,2.4480963,0.11111111,2.5401762,68.65625,0
6bba_9a41d029,1042549,58,37.0,206.0,199.0,0.9609001,3.4991364,0.5873016,2.5434792,68.92444,0
6bba_9a41d029,1042550,59,8.0,218.0,82.0,1.4382786,3.2354856,0.12698413,2.5434792,68.92444,1
6bba_9a41d029,1042551,59,3.0,231.0,67.0,1.4222505,4.0671706,0.04761905,2.5401762,68.65625,0
6bba_9a41d029,1042552,59,6.0,153.0,60.0,1.3601551,3.8749723,0.0952381,2.5434792,68.92444,1
6bba_9a41d029,1042553,59,2.0,96.0,26.0,1.3548865,3.1147387,0.031746034,2.4687274,63.024292,0
6bba_9a41d029,1042554,59,9.0,97.0,73.0,1.2936708,4.509092,0.14285715,2.5434792,68.92444,0
6bba_9a41d029,1042555,59,6.0,180.0,67.0,1.318533,2.4179976,0.0952381,2.5368643,68.38806,1
6bba_9a41d029,1042556,59,17.0,221.0,120.0,1.2493007,3.2103202,0.26984128,2.5401762,68.65625,0
6bba_9a41d029,1042557,59,19.0,238.0,56.0,1.1952112,2.2994483,0.3015873,2.5434792,68.92444,1
6bba_9a41d029,1042558,59,8.0,176.0,76.0,1.217641,1.7964963,0.12698413,2.5401762,68.65625,3
6bba_9a41d029,1042559,59,12.0,192.0,107.0,1.2253586,2.2153308,0.1904762,2.5434792,68.92444,1
6bba_9a41d029,1042560,59,26.0,246.0,155.0,1.1943828,3.3460157,0.41269842,2.5434792,68.92444,0
6bba_9a41d029,1042561,59,18.0,241.0,124.0,1.1989452,2.9498482,0.2857143,2.5434792,68.92444,1
6bba_9a41d029,1042562,59,6.0,221.0,45.0,1.1905668,2.1076565,0.0952381,2.5434792,68.92444,0
6bba_9a41d029,1042563,59,3.0,88.0,39.0,1.1526011,3.0476081,0.04761905,2.5368643,68.38806,0
6bba_9a41d029,1042564,59,10.0,169.0,78.0,1.1751314,2.3844168,0.15873016,2.5434792,68.92444,2
6bba_9a41d029,1042565,59,18.0,228.0,84.0,1.168242,1.7485406,0.2857143,2.5401762,68.65625,2
6bba_9a41d029,1042566,59,6.0,200.0,31.0,1.1626214,1.6420664,0.0952381,2.5401762,68.65625,1
6bba_9a41d029,1042567,59,14.0,193.0,67.0,1.170671,2.000861,0.22222222,2.5434792,68.92444,1
6bba_9a41d029,1042568,59,13.0,192.0,93.0,1.1671442,1.9619366,0.20634921,2.5434792,68.92444,1
6bba_9a41d029,1042569,59,23.0,224.0,154.0,1.1461145,3.4479098,0.36507937,2.5434792,68.92444,0
6bba_9a41d029,1042570,59,7.0,131.0,69.0,1.143005,3.1276476,0.11111111,2.5434792,68.92444,0
6bba_9a41d029,1042571,59,50.0,235.0,239.0,1.1536744,2.8697069,0.7936508,2.5434792,68.92444,0
6bba_9a41d029,1042572,59,13.0,198.0,66.0,1.1413287,2.0452902,0.20634921,2.5434792,68.92444,2
6bba_9a41d029,1042573,59,4.0,204.0,61.0,1.1279675,2.5965645,0.06349207,2.5434792,68.92444,1
6bba_9a41d029,1042574,59,9.0,246.0,59.0,1.1317047,1.4432842,0.14285715,2.5368643,68.38806,2
6bba_9a41d029,1042575,59,13.0,230.0,108.0,1.1278195,2.621619,0.20634921,2.5434792,68.92444,0
6bba_9a41d029,1042576,59,3.0,161.0,5.0,1.1025603,2.2714252,0.04761905,2.5401762,68.65625,0
6bba_9a41d029,1042577,59,41.0,245.0,212.0,1.0936422,4.0994143,0.6507937,2.5434792,68.92444,0
6bba_9a41d029,1042578,59,17.0,173.0,78.0,1.0611181,1.4929757,0.26984128,2.5434792,68.92444,2
6bba_9a41d029,1042579,59,9.0,191.0,22.0,1.0795611,2.0292535,0.14285715,2.5434792,68.92444,1
6bba_9a41d029,1042580,59,19.0,202.0,128.0,1.0637773,3.3180478,0.3015873,2.5434792,68.92444,1
6bba_9a41d029,1042581,59,28.0,147.0,166.0,1.0364597,3.2926173,0.44444445,2.5434792,68.92444,0
6bba_9a41d029,1042582,59,4.0,26.0,17.0,0.99538636,2.6778018,0.06349207,2.5434792,68.92444,0
6bba_9a41d029,1042583,59,11.0,144.0,92.0,1.014296,3.7616098,0.17460318,2.5434792,68.92444,0
6bba_9a41d029,1042584,59,27.0,202.0,165.0,1.0086459,3.497909,0.42857143,2.5434792,68.92444,0
6bba_9a41d029,1042585,59,29.0,235.0,117.0,1.0083302,2.5555627,0.46031746,2.5434792,68.92444,1
6bba_9a41d029,1042586,59,12.0,244.0,23.0,0.99870294,1.200214,0.1904762,2.5368643,68.38806,0
6bba_9a41d029,1042587,59,10.0,127.0,85.0,0.9785837,2.5628052,0.15873016,2.5401762,68.65625,0
6bba_9a41d029,1042588,59,17.0,249.0,67.0,0.96733594,1.3202477,0.26984128,2.5032594,65.70618,1
6bba_9a41d029,1042589,59,4.0,54.0,28.0,0.9685323,2.321168,0.06349207,2.5401762,68.65625,0
6bba_9a41d029,1042590,59,28.0,249.0,132.0,0.9767726,1.570085,0.44444445,2.5368643,68.38806,0
6bba_9a41d029,1042591,59,19.0,216.0,62.0,0.97579646,2.15937,0.3015873,2.5434792,68.92444,0
6bba_9a41d029,1042592,59,7.0,21.0,43.0,0.9686835,2.4500456,0.11111111,2.5434792,68.92444,0
6bba_9a41d029,1042593,59,4.0,122.0,44.0,0.96615267,2.9008267,0.06349207,2.5401762,68.65625,0
6bba_9a41d029,1042594,59,35.0,216.0,188.0,0.9533238,2.420089,0.5555556,2.5434792,68.92444,0
6bba_9a41d029,1042595,59,17.0,184.0,120.0,0.9669744,1.8834939,0.26984128,2.5434792,68.92444,1
6bba_9a41d029,1042596,59,37.0,207.0,200.0,0.92985195,3.0926337,0.5873016,2.5434792,68.92444,0
6bba_9a41d029,1042597,59,24.0,197.0,118.0,0.9464278,1.7580597,0.3809524,2.5434792,68.92444,2
6bba_9a41d029,1042598,59,34.0,151.0,186.0,0.92012596,3.0333054,0.53968257,2.5434792,68.92444,0
6bba_9a41d029,1042599,59,37.0,248.0,196.0,0.94960636,2.5881891,0.5873016,2.5434792,68.92444,1
6bba_9a41d029,1042600,59,12.0,156.0,52.0,0.9275051,1.4084458,0.1904762,2.5434792,68.92444,1
6bba_9a41d029,1042601,59,10.0,139.0,38.0,0.90741223,1.9864349,0.15873016,2.5434792,68.92444,1
6bba_9a41d029,1042602,59,33.0,247.0,186.0,0.8975317,1.7995651,0.52380955,2.5434792,68.92444,2
6bba_9a41d029,1042603,59,16.0,143.0,112.0,0.8892026,3.3073127,0.25396827,2.5434792,68.92444,0
6bba_9a41d029,1042604,59,3.0,145.0,42.0,0.88658804,1.7208438,0.04761905,2.5368643,68.38806,1
6bba_9a41d029,1042605,59,24.0,235.0,80.0,0.86161226,1.1655464,0.3809524,2.5302145,67.851685,1
6bba_9a41d029,1042606,59,30.0,250.0,176.0,0.87015826,2.2386737,0.47619048,2.5401762,68.65625,1
6bba_9a41d029,1042607,59,44.0,230.0,223.0,0.8657472,1.6875514,0.6984127,2.5401762,68.65625,0
6bba_9a41d029,1042608,60,7.0,216.0,84.0,1.4707106,3.096781,0.11111111,2.5434792,68.92444,0
6bba_9a41d029,1042609,60,4.0,233.0,72.0,1.3786834,3.7722769,0.06349207,2.5401762,68.65625,1
6bba_9a41d029,1042610,60,9.0,92.0,72.0,1.3241831,4.2216067,0.14285715,2.5434792,68.92444,0
6bba_9a41d029,1042611,60,3.0,95.0,27.0,1.3094418,2.8785846,0.04761905,2.5401762,68.65625,0
6bba_9a41d029,1042612,60,6.0,154.0,63.0,1.3145887,3.735439,0.0952381,2.5434792,68.92444,0
6bba_9a41d029,1042613,60,6.0,178.0,67.0,1.3222866,2.5311756,0.0952381,2.5401762,68.65625,2
6bba_9a41d029,1042614,60,4.0,200.0,28.0,1.3142599,1.9345177,0.06349207,2.5434792,68.92444,3
6bba_9a41d029,1042615,60,6.0,221.0,47.0,1.2440777,2.3531177,0.0952381,2.5434792,68.92444,0
6bba_9a41d029,1042616,60,6.0,200.0,35.0,1.2389337,1.7627283,0.0952381,2.5434792,68.92444,1
6bba_9a41d029,1042617,60,17.0,223.0,120.0,1.2363898,2.8625343,0.26984128,2.5434792,68.92444,1
6bba_9a41d029,1042618,60,9.0,174.0,80.0,1.2273309,2.279949,0.14285715,2.5434792,68.92444,1
6bba_9a41d029,1042619,60,4.0,207.0,64.0,1.1860769,3.4907453,0.06349207,2.5434792,68.92444,1
6bba_9a41d029,1042620,60,18.0,228.0,85.0,1.1625426,1.6361257,0.2857143,2.5401762,68.65625,0
6bba_9a41d029,1042621,60,9.0,246.0,60.0,1.1722357,1.5436956,0.14285715,2.5368643,68.38806,3
6bba_9a41d029,1042622,60,13.0,231.0,111.0,1.1863332,2.6122956,0.20634921,2.5434792,68.92444,1
6bba_9a41d029,1042623,60,12.0,192.0,109.0,1.177659,2.108206,0.1904762,2.5434792,68.92444,1
6bba_9a41d029,1042624,60,26.0,246.0,156.0,1.1589401,3.272064,0.41269842,2.5434792,68.92444,1
6bba_9a41d029,1042625,60,10.0,242.0,33.0,1.150496,1.4579251,0.15873016,2.5434792,68.92444,0
6bba_9a41d029,1042626,60,18.0,243.0,126.0,1.1497729,2.7105193,0.2857143,2.5434792,68.92444,1
6bba_9a41d029,1042627,60,13.0,193.0,94.0,1.1616682,2.1982753,0.20634921,2.5434792,68.92444,0
6bba_9a41d029,1042628,60,3.0,89.0,42.0,1.096106,3.3209708,0.04761905,2.5368643,68.38806,0
6bba_9a41d029,1042629,60,3.0,160.0,7.0,1.1216724,2.2754953,0.04761905,2.5401762,68.65625,0
6bba_9a41d029,1042630,60,14.0,192.0,68.0,1.1407832,1.7093354,0.22222222,2.5434792,68.92444,2
6bba_9a41d029,1042631,60,12.0,188.0,65.0,1.1326448,1.4305772,0.1904762,2.5434792,68.92444,3
6bba_9a41d029,1042632,60,14.0,198.0,69.0,1.1050082,1.9599695,0.22222222,2.5434792,68.92444,3
6bba_9a41d029,1042633,60,23.0,225.0,154.0,1.1012744,3.029506,0.36507937,2.5434792,68.92444,0
6bba_9a41d029,1042634,60,41.0,246.0,211.0,1.0722443,3.92243,0.6507937,2.5434792,68.92444,0
6bba_9a41d029,1042635,60,7.0,130.0,70.0,1.090408,3.1317153,0.11111111,2.5434792,68.92444,0
6bba_9a41d029,1042636,60,19.0,201.0,131.0,1.0595832,3.363406,0.3015873,2.5401762,68.65625,1
6bba_9a41d029,1042637,60,8.0,232.0,10.0,1.0465803,1.3940516,0.12698413,2.5434792,68.92444,0
6bba_9a41d029,1042638,60,17.0,249.0,69.0,0.9917052,1.4422266,0.26984128,2.5235295,67.31531,2
6bba_9a41d029,1042639,60,7.0,23.0,42.0,1.0170999,2.596372,0.11111111,2.5401762,68.65625,0
6bba_9a41d029,1042640,60,5.0,127.0,47.0,0.99252355,2.5259607,0.07936508,2.5302145,67.851685,0
6bba_9a41d029,1042641,60,22.0,243.0,147.0,1.0116665,1.9626875,0.34920636,2.5335438,68.11987,1
6bba_9a41d029,1042642,60,48.0,231.0,237.0,1.0144933,2.365716,0.7619048,2.5434792,68.92444,0
6bba_9a41d029,1042643,60,9.0,190.0,23.0,0.9875669,1.6408719,0.14285715,2.5434792,68.92444,2
6bba_9a41d029,1042644,60,3.0,123.0,26.0,0.9879598,2.2861342,0.04761905,2.5368643,68.38806,0
6bba_9a41d029,1042645,60,27.0,145.0,164.0,0.99092275,3.1661992,0.42857143,2.5434792,68.92444,0
6bba_9a41d029,1042646,60,20.0,238.0,60.0,0.96324366,1.5714146,0.31746033,2.5434792,68.92444,3
6bba_9a41d029,1042647,60,24.0,196.0,118.0,0.9767562,1.8265351,0.3809524,2.5434792,68.92444,2
6bba_9a41d029,1042648,60,5.0,54.0,28.0,0.94147444,1.9750862,0.07936508,2.5401762,68.65625,0
6bba_9a41d029,1042649,60,27.0,201.0,165.0,0.96792096,3.1265671,0.42857143,2.5434792,68.92444,0
6bba_9a41d029,1042650,60,15.0,234.0,63.0,0.97663456,1.4793637,0.23809524,2.5434792,68.92444,3
6bba_9a41d029,1042651,60,10.0,124.0,87.0,0.938319,2.4771395,0.15873016,2.5401762,68.65625,0
6bba_9a41d029,1042652,60,11.0,143.0,92.0,0.9436471,3.4178944,0.17460318,2.5434792,68.92444,0
6bba_9a41d029,1042653,60,28.0,250.0,134.0,0.93960094,1.3262131,0.44444445,2.5401762,68.65625,1
6bba_9a41d029,1042654,60,11.0,203.0,16.0,0.9202212,1.264997,0.17460318,2.5401762,68.65625,2
6bba_9a41d029,1042655,60,18.0,187.0,121.0,0.9404358,1.3976566,0.2857143,2.5401762,68.65625,2
6bba_9a41d029,1042656,60,37.0,248.0,196.0,0.9329975,2.3235202,0.5873016,2.5434792,68.92444,0
6bba_9a41d029,1042657,61,4.0,235.0,75.0,1.4191881,3.82736,0.06349207,2.5434792,68.92444,0
6bba_9a41d029,1042658,61,8.0,217.0,88.0,1.4024184,3.1002028,0.12698413,2.5434792,68.92444,0
6bba_9a41d029,1042659,61,3.0,98.0,29.0,1.2790246,2.9323015,0.04761905,2.5401762,68.65625,0
6bba_9a41d029,1042660,61,10.0,92.0,74.0,1.2326689,3.9232073,0.15873016,2.5401762,68.65625,0
6bba_9a41d029,1042661,61,6.0,182.0,71.0,1.2837476,2.654073,0.0952381,2.5434792,68.92444,2
6bba_9a41d029,1042662,61,18.0,223.0,125.0,1.2607654,3.5575068,0.2857143,2.5434792,68.92444,1
6bba_9a41d029,1042663,61,2.0,243.0,18.0,1.285557,1.9710056,0.031746034,2.4687274,63.024292,1
6bba_9a41d029,1042664,61,3.0,204.0,28.0,1.2099409,1.9977689,0.04761905,2.5368643,68.38806,2
6bba_9a41d029,1042665,61,11.0,169.0,84.0,1.1989318,2.6637516,0.17460318,2.5434792,68.92444,1
6bba_9a41d029,1042666,61,10.0,178.0,83.0,1.1769754,1.8311337,0.15873016,2.5401762,68.65625,2
6bba_9a41d029,1042667,61,10.0,246.0,66.0,1.1901395,1.7489412,0.15873016,2.5401762,68.65625,1
6bba_9a41d029,1042668,61,13.0,192.0,112.0,1.165297,2.1116197,0.20634921,2.5434792,68.92444,1
6bba_9a41d029,1042669,61,14.0,233.0,115.0,1.1746943,2.592175,0.22222222,2.5434792,68.92444,1
6bba_9a41d029,1042670,61,4.0,209.0,66.0,1.1497959,2.9329848,0.06349207,2.5434792,68.92444,3
6bba_9a41d029,1042671,61,14.0,196.0,98.0,1.1489052,2.3265016,0.22222222,2.5434792,68.92444,1
6bba_9a41d029,1042672,61,7.0,132.0,70.0,1.1275302,3.6019921,0.11111111,2.5434792,68.92444,0
6bba_9a41d029,1042673,61,7.0,159.0,66.0,1.1303834,2.6357384,0.11111111,2.5434792,68.92444,1
6bba_9a41d029,1042674,61,13.0,191.0,66.0,1.1332495,1.529503,0.20634921,2.5434792,68.92444,2
6bba_9a41d029,1042675,61,7.0,203.0,39.0,1.0979284,1.4982619,0.11111111,2.5401762,68.65625,1
6bba_9a41d029,1042676,61,42.0,245.0,213.0,1.0924951,4.0069,0.6666667,2.5434792,68.92444,0
6bba_9a41d029,1042677,61,19.0,243.0,129.0,1.1043313,2.6223085,0.3015873,2.5434792,68.92444,1
6bba_9a41d029,1042678,61,27.0,248.0,162.0,1.0945921,3.3240042,0.42857143,2.5434792,68.92444,1
6bba_9a41d029,1042679,61,24.0,226.0,158.0,1.0895368,3.2753892,0.3809524,2.5434792,68.92444,0
6bba_9a41d029,1042680,61,13.0,200.0,69.0,1.097386,1.7267046,0.20634921,2.5434792,68.92444,3
6bba_9a41d029,1042681,61,5.0,126.0,49.0,1.058893,3.6370595,0.07936508,2.5434792,68.92444,0
6bba_9a41d029,1042682,61,4.0,92.0,46.0,1.0387671,3.415835,0.06349207,2.5401762,68.65625,0
6bba_9a41d029,1042683,61,7.0,151.0,63.0,1.0662688,1.9376616,0.11111111,2.5434792,68.92444,1
6bba_9a41d029,1042684,61,3.0,160.0,11.0,1.0609043,2.2615347,0.04761905,2.5401762,68.65625,0
6bba_9a41d029,1042685,61,18.0,238.0,67.0,1.0591953,1.835788,0.2857143,2.5434792,68.92444,1
6bba_9a41d029,1042686,61,19.0,231.0,89.0,1.024331,1.4767896,0.3015873,2.5401762,68.65625,0
6bba_9a41d029,1042687,61,27.0,203.0,167.0,1.0238413,3.9909437,0.42857143,2.5434792,68.92444,0
6bba_9a41d029,1042688,61,7.0,20.0,39.0,1.0057205,2.7861788,0.11111111,2.5434792,68.92444,0
6bba_9a41d029,1042689,61,20.0,204.0,132.0,1.0030154,2.9983342,0.31746033,2.5401762,68.65625,1
6bba_9a41d029,1042690,61,25.0,198.0,122.0,1.0071568,2.2829564,0.3968254,2.5434792,68.92444,1
6bba_9a41d029,1042691,61,51.0,231.0,241.0,0.98632765,2.2427511,0.8095238,2.5434792,68.92444,1
6bba_9a41d029,1042692,61,11.0,216.0,57.0,0.9801746,1.262279,0.17460318,2.5335438,68.11987,3
6bba_9a41d029,1042693,61,24.0,244.0,151.0,0.9884412,2.539581,0.3809524,2.5434792,68.92444,1
6bba_9a41d029,1042694,61,19.0,251.0,135.0,0.9951268,1.4612286,0.3015873,2.5434792,68.92444,1
6bba_9a41d029,1042695,61,48.0,226.0,237.0,0.97530997,2.112496,0.7619048,2.5434792,68.92444,1
6bba_9a41d029,1042696,61,11.0,243.0,30.0,0.9667706,0.8453816,0.17460318,2.5100527,66.24255,1
6bba_9a41d029,1042697,61,9.0,230.0,13.0,0.97251606,1.4808371,0.14285715,2.5201738,67.04712,0
6bba_9a41d029,1042698,61,16.0,211.0,66.0,0.9545466,1.1451364,0.25396827,2.5032594,65.70618,4
6bba_9a41d029,1042699,61,8.0,194.0,24.0,0.957485,1.4589713,0.12698413,2.5401762,68.65625,1
6bba_9a41d029,1042700,61,19.0,218.0,68.0,0.9547174,1.7372406,0.3015873,2.5434792,68.92444,2
6bba_9a41d029,1042701,61,12.0,221.0,30.0,0.9327148,1.9131978,0.1904762,2.5434792,68.92444,0
6bba_9a41d029,1042702,62,5.0,237.0,77.0,1.424319,3.6622057,0.07936508,2.5434792,68.92444,2
6bba_9a41d029,1042703,62,9.0,221.0,92.0,1.4179951,3.1300235,0.14285715,2.5434792,68.92444,2
6bba_9a41d029,1042704,62,9.0,91.0,74.0,1.317422,4.4986205,0.14285715,2.5434792,68.92444,0
6bba_9a41d029,1042705,62,7.0,185.0,73.0,1.3026999,2.9478579,0.11111111,2.5401762,68.65625,1
6bba_9a41d029,1042706,62,18.0,226.0,126.0,1.2941672,3.40128,0.2857143,2.5434792,68.92444,1
6bba_9a41d029,1042707,62,6.0,226.0,51.0,1.2752674,2.0442164,0.0952381,2.5401762,68.65625,1
6bba_9a41d029,1042708,62,4.0,206.0,32.0,1.2643316,1.9806886,0.06349207,2.5368643,68.38806,1
6bba_9a41d029,1042709,62,4.0,245.0,21.0,1.2658337,1.849289,0.06349207,2.5401762,68.65625,2
6bba_9a41d029,1042710,62,3.0,99.0,31.0,1.238134,2.807646,0.04761905,2.5401762,68.65625,0
6bba_9a41d029,1042711,62,15.0,223.0,88.0,1.2375895,1.5661076,0.23809524,2.5434792,68.92444,2
6bba_9a41d029,1042712,62,8.0,160.0,68.0,1.191178,2.7292767,0.12698413,2.5401762,68.65625,0
6bba_9a41d029,1042713,62,10.0,245.0,67.0,1.1971867,1.5535105,0.15873016,2.5368643,68.38806,2
6bba_9a41d029,1042714,62,11.0,176.0,86.0,1.1813534,2.791137,0.17460318,2.5434792,68.92444,1
6bba_9a41d029,1042715,62,11.0,169.0,86.0,1.1670423,2.6289914,0.17460318,2.5434792,68.92444,1
6bba_9a41d029,1042716,62,14.0,234.0,117.0,1.1690933,2.5620532,0.22222222,2.5434792,68.92444,1
6bba_9a41d029,1042717,62,5.0,212.0,70.0,1.1556729,3.1303837,0.07936508,2.5401762,68.65625,2
6bba_9a41d029,1042718,62,13.0,197.0,100.0,1.1572505,2.411498,0.20634921,2.5434792,68.92444,1
6bba_9a41d029,1042719,62,13.0,193.0,114.0,1.135912,2.0476751,0.20634921,2.5434792,68.92444,2
6bba_9a41d029,1042720,62,42.0,249.0,215.0,1.1110365,4.2371445,0.6666667,2.5434792,68.92444,0
6bba_9a41d029,1042721,62,8.0,133.0,71.0,1.1139028,3.3681338,0.12698413,2.5434792,68.92444,0
6bba_9a41d029,1042722,62,19.0,230.0,90.0,1.1192013,1.6198747,0.3015873,2.5434792,68.92444,2
6bba_9a41d029,1042723,62,18.0,239.0,71.0,1.1066813,1.7918026,0.2857143,2.5434792,68.92444,2
6bba_9a41d029,1042724,62,19.0,247.0,132.0,1.1070461,2.6062553,0.3015873,2.5434792,68.92444,0
6bba_9a41d029,1042725,62,27.0,251.0,164.0,1.0982702,3.1566482,0.42857143,2.5434792,68.92444,1
6bba_9a41d029,1042726,62,11.0,244.0,35.0,1.0765502,1.2656907,0.17460318,2.5268764,67.583496,1
6bba_9a41d029,1042727,62,15.0,196.0,71.0,1.0782726,1.5271245,0.23809524,2.5401762,68.65625,2
6bba_9a41d029,1042728,62,4.0,162.0,13.0,1.0648949,2.2312484,0.06349207,2.5401762,68.65625,0
6bba_9a41d029,1042729,62,13.0,202.0,70.0,1.0828874,1.7924958,0.20634921,2.5434792,68.92444,2
6bba_9a41d029,1042730,62,5.0,126.0,50.0,1.0611181,3.6573305,0.07936508,2.5434792,68.92444,0
6bba_9a41d029,1042731,62,24.0,226.0,157.0,1.070624,3.3089273,0.3809524,2.5434792,68.92444,0
6bba_9a41d029,1042732,62,9.0,199.0,28.0,1.0364597,1.1976554,0.14285715,2.5368643,68.38806,1
6bba_9a41d029,1042733,62,28.0,206.0,167.0,1.0365584,3.8276029,0.44444445,2.5434792,68.92444,0
6bba_9a41d029,1042734,62,14.0,225.0,4.0,0.9984531,2.027861,0.22222222,2.5434792,68.92444,1
6bba_9a41d029,1042735,62,4.0,95.0,48.0,0.98679113,3.2814257,0.06349207,2.5401762,68.65625,0
6bba_9a41d029,1042736,62,13.0,222.0,30.0,1.0103616,2.0665305,0.20634921,2.5434792,68.92444,1
6bba_9a41d029,1042737,62,26.0,200.0,123.0,1.0153873,2.381886,0.41269842,2.5434792,68.92444,2
6bba_9a41d029,1042738,62,11.0,218.0,59.0,1.000238,1.3146596,0.17460318,2.5201738,67.04712,2
6bba_9a41d029,1042739,62,9.0,235.0,14.0,1.00811,1.1409962,0.14285715,2.5434792,68.92444,3
6bba_9a41d029,1042740,62,16.0,217.0,24.0,0.97389984,1.7753559,0.25396827,2.5401762,68.65625,1
6bba_9a41d029,1042741,62,20.0,206.0,135.0,0.9961294,3.29558,0.31746033,2.5401762,68.65625,1
6bba_9a41d029,1042742,62,2.0,65.0,23.0,0.9921385,2.9332845,0.031746034,2.4687274,63.024292,1
6bba_9a41d029,1042743,62,7.0,20.0,42.0,0.9921949,2.8616514,0.11111111,2.5434792,68.92444,0
6bba_9a41d029,1042744,62,24.0,248.0,154.0,0.9705636,2.0697348,0.3809524,2.5434792,68.92444,1
6bba_9a41d029,1042745,62,51.0,231.0,241.0,0.9628493,2.3294768,0.8095238,2.5434792,68.92444,0
6bba_9a41d029,1042746,62,32.0,150.0,178.0,0.9518249,2.6758895,0.50793654,2.5434792,68.92444,1
6bba_9a41d029,1042747,62,12.0,142.0,94.0,0.9354035,3.27362,0.1904762,2.5434792,68.92444,0
6bba_9a41d029,1042748,62,17.0,239.0,24.0,0.91301304,1.511571,0.26984128,2.5434792,68.92444,3
6bba_9a41d029,1042749,62,20.0,193.0,124.0,0.9311798,1.1294143,0.31746033,2.5368643,68.38806,2
6bba_9a41d029,1042750,62,3.0,125.0,29.0,0.91876394,1.7230247,0.04761905,2.5368643,68.38806,0
6bba_9a41d029,1042751,62,4.0,150.0,48.0,0.92037904,2.1875396,0.06349207,2.5401762,68.65625,0
6bba_9a41d029,1042752,62,6.0,56.0,30.0,0.88637584,2.1124394,0.0952381,2.5401762,68.65625,1
6bba_9a41d029,1042753,62,10.0,125.0,86.0,0.9069652,2.5495572,0.15873016,2.5401762,68.65625,0
6bba_9a41d029,1042754,62,28.0,145.0,166.0,0.90438485,2.3952293,0.44444445,2.5434792,68.92444,1
6bba_9a41d029,1042755,62,39.0,251.0,199.0,0.91942585,2.254552,0.61904764,2.5434792,68.92444,0
6bba_9a41d029,1042756,63,5.0,240.0,80.0,1.4328321,3.8104165,0.07936508,2.5434792,68.92444,1
6bba_9a41d029,1042757,63,10.0,90.0,77.0,1.3647338,4.601394,0.15873016,2.5434792,68.92444,0
6bba_9a41d029,1042758,63,9.0,220.0,94.0,1.4173474,3.2612233,0.14285715,2.5434792,68.92444,0
6bba_9a41d029,1042759,63,7.0,189.0,75.0,1.364185,2.8939235,0.11111111,2.5401762,68.65625,2
6bba_9a41d029,1042760,63,4.0,198.0,5.0,1.3026341,3.1110072,0.06349207,2.5434792,68.92444,0
6bba_9a41d029,1042761,63,4.0,247.0,20.0,1.281818,2.0646772,0.06349207,2.5401762,68.65625,1
6bba_9a41d029,1042762,63,18.0,228.0,128.0,1.2792839,3.358759,0.2857143,2.5434792,68.92444,1
6bba_9a41d029,1042763,63,13.0,253.0,114.0,1.2710241,4.960487,0.20634921,2.4687274,63.024292,0
6bba_9a41d029,1042764,63,4.0,101.0,33.0,1.227413,2.8119528,0.06349207,2.5434792,68.92444,0
6bba_9a41d029,1042765,63,12.0,178.0,87.0,1.2448864,2.8386981,0.1904762,2.5434792,68.92444,0
6bba_9a41d029,1042766,63,10.0,246.0,68.0,1.2223119,1.8292817,0.15873016,2.5368643,68.38806,3
6bba_9a41d029,1042767,63,4.0,209.0,34.0,1.2249085,2.099488,0.06349207,2.5434792,68.92444,1
6bba_9a41d029,1042768,63,8.0,163.0,68.0,1.1712167,2.4956574,0.12698413,2.5401762,68.65625,1
6bba_9a41d029,1042769,63,12.0,192.0,69.0,1.2091608,1.5769153,0.1904762,2.5434792,68.92444,2
6bba_9a41d029,1042770,63,6.0,129.0,53.0,1.1229451,3.807911,0.0952381,2.5401762,68.65625,0
6bba_9a41d029,1042771,63,12.0,248.0,35.0,1.1547887,2.0246575,0.1904762,2.5434792,68.92444,0
6bba_9a41d029,1042772,63,22.0,244.0,70.0,1.1401651,1.9032598,0.34920636,2.5401762,68.65625,2
6bba_9a41d029,1042773,63,5.0,214.0,72.0,1.1471268,3.2531252,0.07936508,2.5401762,68.65625,2
6bba_9a41d029,1042774,63,13.0,192.0,116.0,1.1460357,2.0591328,0.20634921,2.5434792,68.92444,2
6bba_9a41d029,1042775,63,14.0,199.0,102.0,1.159078,2.4530964,0.22222222,2.5434792,68.92444,1
6bba_9a41d029,1042776,63,8.0,135.0,71.0,1.1291837,3.4397035,0.12698413,2.5434792,68.92444,0
6bba_9a41d029,1042777,63,14.0,236.0,116.0,1.1485009,2.607132,0.22222222,2.5434792,68.92444,1
6bba_9a41d029,1042778,63,13.0,222.0,31.0,1.1334962,2.5352917,0.20634921,2.5434792,68.92444,0
6bba_9a41d029,1042779,63,7.0,156.0,71.0,1.1342652,2.2322812,0.11111111,2.5434792,68.92444,1
6bba_9a41d029,1042780,63,43.0,249.0,215.0,1.1048834,3.5566106,0.6825397,2.5434792,68.92444,1
6bba_9a41d029,1042781,63,19.0,248.0,136.0,1.0974485,2.9264357,0.3015873,2.5434792,68.92444,0
6bba_9a41d029,1042782,63,12.0,188.0,103.0,1.094487,1.7269231,0.1904762,2.5401762,68.65625,2
6bba_9a41d029,1042783,63,14.0,224.0,6.0,1.058837,3.0502267,0.22222222,2.5434792,68.92444,0
6bba_9a41d029,1042784,63,24.0,229.0,158.0,1.087568,3.354011,0.3809524,2.5434792,68.92444,0
6bba_9a41d029,1042785,63,8.0,236.0,14.0,1.071666,1.3083854,0.12698413,2.5401762,68.65625,1
6bba_9a41d029,1042786,63,3.0,191.0,61.0,1.0827485,1.2749269,0.04761905,2.5401762,68.65625,2
6bba_9a41d029,1042787,63,19.0,233.0,92.0,1.060178,1.6228809,0.3015873,2.5434792,68.92444,0
6bba_9a41d029,1042788,63,2.0,163.0,15.0,1.0465971,1.9478279,0.031746034,2.4687274,63.024292,1
6bba_9a41d029,1042789,63,11.0,219.0,60.0,1.0205774,1.1414026,0.17460318,2.5368643,68.38806,2
6bba_9a41d029,1042790,63,4.0,132.0,34.0,1.0162024,1.796748,0.06349207,2.5335438,68.11987,0
6bba_9a41d029,1042791,63,7.0,20.0,44.0,1.0096221,2.6246984,0.11111111,2.5434792,68.92444,1
6bba_9a41d029,1042792,63,2.0,67.0,24.0,1.0077212,3.0239904,0.031746034,2.4687274,63.024292,1
6bba_9a41d029,1042793,63,7.0,26.0,42.0,0.9917314,2.605335,0.11111111,2.5434792,68.92444,1
6bba_9a41d029,1042794,63,4.0,95.0,48.0,0.9745145,2.869893,0.06349207,2.5401762,68.65625,0
6bba_9a41d029,1042795,63,28.0,207.0,167.0,1.0014048,3.5536764,0.44444445,2.5434792,68.92444,0
6bba_9a41d029,1042796,63,9.0,197.0,29.0,0.98514766,1.5895765,0.14285715,2.5401762,68.65625,1
6bba_9a41d029,1042797,63,20.0,209.0,135.0,0.9848158,3.1506329,0.31746033,2.5434792,68.92444,1
6bba_9a41d029,1042798,63,11.0,144.0,93.0,0.9756025,3.5616663,0.17460318,2.5434792,68.92444,0
6bba_9a41d029,1042799,63,18.0,252.0,76.0,0.946891,0.83851093,0.2857143,2.4964292,65.1698,2
6bba_9a41d029,1042800,63,26.0,202.0,126.0,0.9659949,2.1130915,0.41269842,2.5434792,68.92444,2
6bba_9a41d029,1042801,63,10.0,14.0,58.0,0.9591942,3.3267868,0.15873016,2.5434792,68.92444,0
6bba_9a41d029,1042802,63,3.0,159.0,51.0,0.9542726,1.785676,0.04761905,2.5401762,68.65625,0
6bba_9a41d029,1042803,63,32.0,150.0,179.0,0.93347406,2.5638776,0.50793654,2.5434792,68.92444,0
6bba_9a41d029,1042804,63,25.0,250.0,156.0,0.9427136,2.3644345,0.3968254,2.5434792,68.92444,0
6bba_9a41d029,1042805,63,10.0,126.0,88.0,0.92821175,2.5615048,0.15873016,2.5401762,68.65625,0
6bba_9a41d029,1042806,63,5.0,167.0,7.0,0.9019361,1.1506089,0.07936508,2.499849,65.43799,1
6bba_9a41d029,1042807,63,21.0,222.0,74.0,0.9162112,1.7416807,0.33333334,2.5434792,68.92444,1
6bba_9a41d029,1042808,63,20.0,194.0,125.0,0.9252272,1.1570271,0.31746033,2.5302145,67.851685,2
6bba_9a41d029,1042809,63,6.0,57.0,31.0,0.8918256,2.150079,0.0952381,2.5401762,68.65625,1
6bba_9a41d029,1042810,63,16.0,213.0,68.0,0.8930286,0.8799805,0.25396827,2.4687274,63.024292,3
6bba_9a41d029,1042811,63,53.0,232.0,246.0,0.8999936,2.604426,0.84126985,2.5434792,68.92444,0
6bba_9a41d029,1042812,63,21.0,163.0,140.0,0.8949054,2.647962,0.33333334,2.5434792,68.92444,0
6bba_9a41d029,1042813,63,39.0,250.0,204.0,0.907353,1.8735449,0.61904764,2.5434792,68.92444,1
6bba_9a41d029,1042814,64,2.0,175.0,43.0,1.4796491,3.2392244,0.031746034,2.4687274,63.024292,0
6bba_9a41d029,1042815,64,6.0,244.0,83.0,1.4353794,3.5178633,0.0952381,2.5434792,68.92444,1
6bba_9a41d029,1042816,64,8.0,190.0,78.0,1.3564508,2.6748078,0.12698413,2.5335438,68.11987,2
6bba_9a41d029,1042817,64,10.0,226.0,97.0,1.3603853,3.3142774,0.15873016,2.5434792,68.92444,1
6bba_9a41d029,1042818,64,12.0,176.0,88.0,1.272457,3.5257742,0.1904762,2.5434792,68.92444,0
6bba_9a41d029,1042819,64,10.0,93.0,77.0,1.2328628,4.455257,0.15873016,2.5434792,68.92444,0
6bba_9a41d029,1042820,64,12.0,194.0,72.0,1.2864296,1.9197828,0.1904762,2.5434792,68.92444,2
6bba_9a41d029,1042821,64,4.0,199.0,5.0,1.257025,2.7509384,0.06349207,2.5434792,68.92444,0
6bba_9a41d029,1042822,64,11.0,246.0,72.0,1.2342565,1.7231762,0.17460318,2.5302145,67.851685,2
6bba_9a41d029,1042823,64,19.0,229.0,130.0,1.2385919,3.4954226,0.3015873,2.5434792,68.92444,0
6bba_9a41d029,1042824,64,6.0,214.0,75.0,1.2101864,3.728089,0.0952381,2.5401762,68.65625,2
6bba_9a41d029,1042825,64,5.0,104.0,37.0,1.1841409,2.8189454,0.07936508,2.5434792,68.92444,0
6bba_9a41d029,1042826,64,5.0,209.0,35.0,1.2011901,2.3235848,0.07936508,2.5235295,67.31531,1
6bba_9a41d029,1042827,64,7.0,166.0,69.0,1.196802,2.6446092,0.11111111,2.5434792,68.92444,0
6bba_9a41d029,1042828,64,22.0,246.0,72.0,1.1763246,1.7043191,0.34920636,2.5434792,68.92444,1
6bba_9a41d029,1042829,64,8.0,135.0,73.0,1.1316817,3.6027074,0.12698413,2.5434792,68.92444,0
6bba_9a41d029,1042830,64,15.0,199.0,103.0,1.1259032,2.3314447,0.23809524,2.5434792,68.92444,1
6bba_9a41d029,1042831,64,14.0,192.0,118.0,1.1223798,1.9384736,0.22222222,2.5434792,68.92444,1
6bba_9a41d029,1042832,64,14.0,236.0,117.0,1.1140736,2.850393,0.22222222,2.5434792,68.92444,0
6bba_9a41d029,1042833,64,7.0,21.0,42.0,1.085517,3.4184887,0.11111111,2.5434792,68.92444,0
6bba_9a41d029,1042834,64,2.0,190.0,56.0,1.0931978,1.9748074,0.031746034,2.4687274,63.024292,1
6bba_9a41d029,1042835,64,19.0,249.0,139.0,1.0845538,3.415712,0.3015873,2.5434792,68.92444,0
6bba_9a41d029,1042836,64,12.0,190.0,107.0,1.0903883,1.665447,0.1904762,2.5434792,68.92444,2
6bba_9a41d029,1042837,64,12.0,250.0,34.0,1.0675604,1.502273,0.1904762,2.5201738,67.04712,0
6bba_9a41d029,1042838,64,3.0,192.0,65.0,1.062983,1.0067334,0.04761905,2.5401762,68.65625,3
6bba_9a41d029,1042839,64,43.0,247.0,217.0,1.048539,3.6116173,0.6825397,2.5434792,68.92444,0
6bba_9a41d029,1042840,64,28.0,208.0,170.0,1.0412619,3.7706528,0.44444445,2.5434792,68.92444,0
6bba_9a41d029,1042841,64,12.0,219.0,64.0,1.0304874,1.4943721,0.1904762,2.5434792,68.92444,2
6bba_9a41d029,1042842,64,24.0,228.0,159.0,1.043438,3.3360252,0.3809524,2.5434792,68.92444,0
6bba_9a41d029,1042843,64,13.0,225.0,33.0,1.0032685,2.2174525,0.20634921,2.5434792,68.92444,0
6bba_9a41d029,1042844,64,6.0,130.0,55.0,0.9959913,2.8188,0.0952381,2.5401762,68.65625,0
6bba_9a41d029,1042845,64,19.0,236.0,95.0,1.0075382,1.520219,0.3015873,2.5434792,68.92444,1
6bba_9a41d029,1042846,64,21.0,208.0,138.0,0.9715727,3.0849433,0.33333334,2.5434792,68.92444,0
6bba_9a41d029,1042847,64,16.0,214.0,71.0,0.9386149,1.0234963,0.25396827,2.5032594,65.70618,2
6bba_9a41d029,1042848,64,10.0,198.0,31.0,0.9559172,1.5632253,0.15873016,2.5134354,66.51074,1
6bba_9a41d029,1042849,64,32.0,149.0,180.0,0.92931944,2.6463337,0.50793654,2.5434792,68.92444,0
6bba_9a41d029,1042850,64,24.0,253.0,158.0,0.9297285,2.1055293,0.3809524,2.4652207,62.756104,0
6bba_9a41d029,1042851,64,2.0,67.0,25.0,0.93810767,3.1475654,0.031746034,2.4687274,63.024292,0
6bba_9a41d029,1042852,64,4.0,94.0,51.0,0.92195016,2.563228,0.06349207,2.5434792,68.92444,0
6bba_9a41d029,1042853,64,11.0,144.0,96.0,0.92731446,3.6990018,0.17460318,2.5434792,68.92444,0
6bba_9a41d029,1042854,64,8.0,237.0,16.0,0.9295101,0.7660781,0.12698413,2.5434792,68.92444,0
6bba_9a41d029,1042855,65,2.0,224.0,55.0,1.6249293,3.8504663,0.031746034,2.4687274,63.024292,0
6bba_9a41d029,1042856,65,6.0,250.0,87.0,1.4625754,3.8406875,0.0952381,2.5434792,68.92444,1
6bba_9a41d029,1042857,65,2.0,178.0,46.0,1.4151325,2.9479835,0.031746034,2.4687274,63.024292,0
6bba_9a41d029,1042858,65,11.0,228.0,100.0,1.39593,3.483326,0.17460318,2.5434792,68.92444,0
6bba_9a41d029,1042859,65,8.0,196.0,81.0,1.3539462,2.5872319,0.12698413,2.5434792,68.92444,2
6bba_9a41d029,1042860,65,12.0,249.0,74.0,1.3196505,2.3856654,0.1904762,2.5401762,68.65625,3
6bba_9a41d029,1042861,65,13.0,198.0,75.0,1.3187104,2.142522,0.20634921,2.5434792,68.92444,2
6bba_9a41d029,1042862,65,19.0,233.0,133.0,1.2737489,3.391051,0.3015873,2.5434792,68.92444,1
6bba_9a41d029,1042863,65,6.0,202.0,12.0,1.264726,2.1093063,0.0952381,2.5401762,68.65625,0
6bba_9a41d029,1042864,65,12.0,181.0,91.0,1.2594737,3.2172704,0.1904762,2.5434792,68.92444,0
6bba_9a41d029,1042865,65,5.0,107.0,40.0,1.1844236,2.4962866,0.07936508,2.5434792,68.92444,1
6bba_9a41d029,1042866,65,5.0,248.0,22.0,1.1911222,1.5640754,0.07936508,2.5335438,68.11987,1
6bba_9a41d029,1042867,65,5.0,102.0,40.0,1.1788983,2.4812102,0.07936508,2.5434792,68.92444,2
6bba_9a41d029,1042868,65,5.0,210.0,38.0,1.188772,2.7238336,0.07936508,2.5268764,67.583496,1
6bba_9a41d029,1042869,65,15.0,225.0,36.0,1.1832699,3.5475664,0.23809524,2.5434792,68.92444,0
6bba_9a41d029,1042870,65,6.0,218.0,79.0,1.1752399,4.2680626,0.0952381,2.5434792,68.92444,2
6bba_9a41d029,1042871,65,8.0,169.0,73.0,1.1667762,2.5041506,0.12698413,2.5434792,68.92444,1
6bba_9a41d029,1042872,65,15.0,241.0,123.0,1.1549267,2.5667543,0.23809524,2.5434792,68.92444,1
6bba_9a41d029,1042873,65,9.0,139.0,76.0,1.1180344,3.5044522,0.14285715,2.5401762,68.65625,0
6bba_9a41d029,1042874,65,10.0,168.0,80.0,1.1088015,1.8245512,0.15873016,2.499849,65.43799,1
6bba_9a41d029,1042875,65,15.0,202.0,108.0,1.1414241,2.4110155,0.23809524,2.5434792,68.92444,1
6bba_9a41d029,1042876,65,3.0,195.0,60.0,1.1001316,1.9779415,0.04761905,2.5401762,68.65625,1
6bba_9a41d029,1042877,65,7.0,20.0,43.0,1.0901614,3.152272,0.11111111,2.5434792,68.92444,0
6bba_9a41d029,1042878,65,5.0,196.0,67.0,1.0889387,1.0464524,0.07936508,2.5401762,68.65625,3
6bba_9a41d029,1042879,65,13.0,194.0,110.0,1.0978265,1.7619702,0.20634921,2.5434792,68.92444,2
6bba_9a41d029,1042880,65,23.0,248.0,74.0,1.0371435,1.2468386,0.36507937,2.5401762,68.65625,2
6bba_9a41d029,1042881,65,44.0,250.0,219.0,1.0695753,3.7347605,0.6984127,2.5434792,68.92444,0
6bba_9a41d029,1042882,65,13.0,250.0,41.0,1.056053,2.098619,0.20634921,2.5401762,68.65625,0
6bba_9a41d029,1042883,65,9.0,238.0,18.0,1.0513232,1.07,0.14285715,2.5368643,68.38806,1
6bba_9a41d029,1042884,65,25.0,230.0,159.0,1.0631857,3.4920166,0.3968254,2.5434792,68.92444,0
6bba_9a41d029,1042885,65,14.0,194.0,122.0,1.0507349,1.8657523,0.22222222,2.5434792,68.92444,1
6bba_9a41d029,1042886,65,11.0,103.0,84.0,0.99032456,6.766396,0.17460318,2.5434792,68.92444,0
6bba_9a41d029,1042887,65,18.0,241.0,78.0,1.0297807,1.2421217,0.2857143,2.5368643,68.38806,2
6bba_9a41d029,1042888,65,9.0,86.0,75.0,0.9958039,3.3524616,0.14285715,2.5401762,68.65625,0
6bba_9a41d029,1042889,65,5.0,95.0,53.0,0.9651731,2.3532977,0.07936508,2.5434792,68.92444,1
6bba_9a41d029,1042890,65,13.0,223.0,69.0,0.98485523,1.3780618,0.20634921,2.5434792,68.92444,2
6bba_9a41d029,1042891,65,11.0,202.0,35.0,0.94929737,1.2358087,0.17460318,2.472224,63.29248,1
6bba_9a41d029,1042892,65,4.0,131.0,39.0,0.9678125,1.6110581,0.06349207,2.5434792,68.92444,0
6bba_9a41d029,1042893,65,28.0,211.0,169.0,0.96532106,2.850919,0.44444445,2.5434792,68.92444,0
6bba_9a41d029,1042894,65,11.0,12.0,59.0,0.947644,3.2866962,0.17460318,2.5434792,68.92444,0
6bba_9a41d029,1042895,65,21.0,211.0,142.0,0.958149,3.001831,0.33333334,2.5434792,68.92444,0
6bba_9a41d029,1042896,65,5.0,171.0,12.0,0.9376091,1.4258132,0.07936508,2.5368643,68.38806,0
6bba_9a41d029,1042897,65,17.0,216.0,74.0,0.9307427,1.1840141,0.26984128,2.5268764,67.583496,2
6bba_9a41d029,1042898,65,6.0,53.0,34.0,0.9219765,2.6858633,0.0952381,2.5401762,68.65625,0
6bba_9a41d029,1042899,65,7.0,137.0,58.0,0.9472726,2.2095163,0.11111111,2.5368643,68.38806,0
6bba_9a41d029,1042900,66,2.0,226.0,60.0,1.4690124,2.9390206,0.031746034,2.4687274,63.024292,1
6bba_9a41d029,1042901,66,6.0,251.0,91.0,1.4467589,4.1521373,0.0952381,2.5434792,68.92444,0
6bba_9a41d029,1042902,66,2.0,184.0,49.0,1.4686853,3.250302,0.031746034,2.4687274,63.024292,0
6bba_9a41d029,1042903,66,11.0,230.0,104.0,1.3686584,3.3605568,0.17460318,2.5434792,68.92444,0
6bba_9a41d029,1042904,66,9.0,196.0,85.0,1.2856869,2.2744412,0.14285715,2.5434792,68.92444,1
6bba_9a41d029,1042905,66,8.0,234.0,58.0,1.2670269,1.7202291,0.12698413,2.5401762,68.65625,1
6bba_9a41d029,1042906,66,14.0,199.0,78.0,1.3127283,2.069925,0.22222222,2.5434792,68.92444,2
6bba_9a41d029,1042907,66,13.0,250.0,77.0,1.2631123,2.7562306,0.20634921,2.5268764,67.583496,0
6bba_9a41d029,1042908,66,21.0,235.0,137.0,1.242569,2.9747767,0.33333334,2.5434792,68.92444,2
6bba_9a41d029,1042909,66,5.0,101.0,41.0,1.2213224,2.6911976,0.07936508,2.5434792,68.92444,2
6bba_9a41d029,1042910,66,6.0,211.0,45.0,1.2278831,2.383447,0.0952381,2.5434792,68.92444,0
6bba_9a41d029,1042911,66,21.0,231.0,138.0,1.2261837,3.3018863,0.33333334,2.5401762,68.65625,2
6bba_9a41d029,1042912,66,5.0,107.0,42.0,1.1964504,2.7618988,0.07936508,2.5434792,68.92444,1
6bba_9a41d029,1042913,66,15.0,227.0,38.0,1.1968119,3.703234,0.23809524,2.5434792,68.92444,0
6bba_9a41d029,1042914,66,13.0,183.0,96.0,1.1899948,2.7389646,0.20634921,2.5434792,68.92444,0
6bba_9a41d029,1042915,66,2.0,139.0,38.0,1.180763,2.027168,0.031746034,2.4687274,63.024292,1
6bba_9a41d029,1042916,66,9.0,139.0,78.0,1.1685477,3.5944085,0.14285715,2.5401762,68.65625,0
6bba_9a41d029,1042917,66,5.0,250.0,22.0,1.1611753,1.1816149,0.07936508,2.5335438,68.11987,1
6bba_9a41d029,1042918,66,5.0,198.0,70.0,1.1717261,1.5966464,0.07936508,2.5434792,68.92444,1
6bba_9a41d029,1042919,66,8.0,19.0,44.0,1.1310933,3.4104986,0.12698413,2.5434792,68.92444,0
6bba_9a41d029,1042920,66,16.0,241.0,128.0,1.1429197,2.2917433,0.25396827,2.5434792,68.92444,2
6bba_9a41d029,1042921,66,9.0,82.0,75.0,1.0785027,3.5437465,0.14285715,2.5401762,68.65625,0
6bba_9a41d029,1042922,66,13.0,106.0,87.0,1.0404632,7.3103466,0.20634921,2.5401762,68.65625,0
6bba_9a41d029,1042923,66,2.0,149.0,33.0,1.1144457,1.738786,0.031746034,2.4687274,63.024292,1
6bba_9a41d029,1042924,66,15.0,207.0,111.0,1.1133078,2.5580673,0.23809524,2.5434792,68.92444,1
6bba_9a41d029,1042925,66,8.0,168.0,76.0,1.0997263,2.373287,0.12698413,2.5434792,68.92444,1
6bba_9a41d029,1042926,66,10.0,170.0,84.0,1.0790056,1.7882172,0.15873016,2.5368643,68.38806,1
6bba_9a41d029,1042927,66,26.0,232.0,163.0,1.0964229,3.5938973,0.41269842,2.5434792,68.92444,0
6bba_9a41d029,1042928,66,44.0,252.0,221.0,1.0678072,3.6233063,0.6984127,2.5401762,68.65625,0
6bba_9a41d029,1042929,66,8.0,219.0,83.0,1.0651578,2.946814,0.12698413,2.5201738,67.04712,1
6bba_9a41d029,1042930,66,15.0,197.0,113.0,1.0738779,1.7190998,0.23809524,2.5401762,68.65625,2
6bba_9a41d029,1042931,66,29.0,217.0,173.0,1.0679715,3.4676087,0.46031746,2.5434792,68.92444,0
6bba_9a41d029,1042932,66,13.0,251.0,45.0,1.0607008,2.0239818,0.20634921,2.5401762,68.65625,0
6bba_9a41d029,1042933,66,16.0,196.0,125.0,1.0568123,1.9853215,0.25396827,2.5434792,68.92444,1
6bba_9a41d029,1042934,66,6.0,98.0,55.0,0.97628945,2.4664543,0.0952381,2.5401762,68.65625,1
6bba_9a41d029,1042935,66,10.0,240.0,22.0,0.9987654,0.9224388,0.15873016,2.5434792,68.92444,1
6bba_9a41d029,1042936,66,22.0,212.0,142.0,0.9942952,3.099156,0.34920636,2.5434792,68.92444,0
6bba_9a41d029,1042937,66,14.0,223.0,72.0,1.0050861,1.4987395,0.22222222,2.5434792,68.92444,1
6bba_9a41d029,1042938,66,2.0,48.0,14.0,1.000079,3.3423152,0.031746034,2.4687274,63.024292,0
6bba_9a41d029,1042939,66,11.0,14.0,61.0,0.9794844,3.7754023,0.17460318,2.5434792,68.92444,0
6bba_9a41d029,1042940,67,2.0,226.0,60.0,1.4690124,2.9390206,0.031746034,2.4687274,63.024292,1
6bba_9a41d029,1042941,67,6.0,251.0,91.0,1.4467589,4.1521373,0.0952381,2.5434792,68.92444,0
6bba_9a41d029,1042942,67,2.0,184.0,49.0,1.4686853,3.250302,0.031746034,2.4687274,63.024292,0
6bba_9a41d029,1042943,67,11.0,230.0,104.0,1.3686584,3.3605568,0.17460318,2.5434792,68.92444,0
6bba_9a41d029,1042944,67,9.0,196.0,85.0,1.2856869,2.2744412,0.14285715,2.5434792,68.92444,1
6bba_9a41d029,1042945,67,8.0,234.0,58.0,1.2670269,1.7202291,0.12698413,2.5401762,68.65625,1
6bba_9a41d029,1042946,67,14.0,199.0,78.0,1.3127283,2.069925,0.22222222,2.5434792,68.92444,2
6bba_9a41d029,1042947,67,13.0,250.0,77.0,1.2631123,2.7562306,0.20634921,2.5268764,67.583496,0
6bba_9a41d029,1042948,67,21.0,235.0,137.0,1.242569,2.9747767,0.33333334,2.5434792,68.92444,2
6bba_9a41d029,1042949,67,5.0,101.0,41.0,1.2213224,2.6911976,0.07936508,2.5434792,68.92444,2
6bba_9a41d029,1042950,67,6.0,211.0,45.0,1.2278831,2.383447,0.0952381,2.5434792,68.92444,0
6bba_9a41d029,1042951,67,21.0,231.0,138.0,1.2261837,3.3018863,0.33333334,2.5401762,68.65625,2
6bba_9a41d029,1042952,67,5.0,107.0,42.0,1.1964504,2.7618988,0.07936508,2.5434792,68.92444,1
6bba_9a41d029,1042953,67,15.0,227.0,38.0,1.1968119,3.703234,0.23809524,2.5434792,68.92444,0
6bba_9a41d029,1042954,67,13.0,183.0,96.0,1.1899948,2.7389646,0.20634921,2.5434792,68.92444,0
6bba_9a41d029,1042955,67,2.0,139.0,38.0,1.180763,2.027168,0.031746034,2.4687274,63.024292,1
6bba_9a41d029,1042956,67,9.0,139.0,78.0,1.1685477,3.5944085,0.14285715,2.5401762,68.65625,0
6bba_9a41d029,1042957,67,5.0,250.0,22.0,1.1611753,1.1816149,0.07936508,2.5335438,68.11987,1
6bba_9a41d029,1042958,67,5.0,198.0,70.0,1.1717261,1.5966464,0.07936508,2.5434792,68.92444,1
6bba_9a41d029,1042959,67,8.0,19.0,44.0,1.1310933,3.4104986,0.12698413,2.5434792,68.92444,0
6bba_9a41d029,1042960,67,16.0,241.0,128.0,1.1429197,2.2917433,0.25396827,2.5434792,68.92444,2
6bba_9a41d029,1042961,67,9.0,82.0,75.0,1.0785027,3.5437465,0.14285715,2.5401762,68.65625,0
6bba_9a41d029,1042962,67,13.0,106.0,87.0,1.0404632,7.3103466,0.20634921,2.5401762,68.65625,0
6bba_9a41d029,1042963,67,2.0,149.0,33.0,1.1144457,1.738786,0.031746034,2.4687274,63.024292,1
6bba_9a41d029,1042964,67,15.0,207.0,111.0,1.1133078,2.5580673,0.23809524,2.5434792,68.92444,1
6bba_9a41d029,1042965,67,8.0,168.0,76.0,1.0997263,2.373287,0.12698413,2.5434792,68.92444,1
6bba_9a41d029,1042966,67,10.0,170.0,84.0,1.0790056,1.7882172,0.15873016,2.5368643,68.38806,1
6bba_9a41d029,1042967,67,26.0,232.0,163.0,1.0964229,3.5938973,0.41269842,2.5434792,68.92444,0
6bba_9a41d029,1042968,67,44.0,252.0,221.0,1.0678072,3.6233063,0.6984127,2.5401762,68.65625,0
6bba_9a41d029,1042969,67,8.0,219.0,83.0,1.0651578,2.946814,0.12698413,2.5201738,67.04712,1
6bba_9a41d029,1042970,67,15.0,197.0,113.0,1.0738779,1.7190998,0.23809524,2.5401762,68.65625,2
6bba_9a41d029,1042971,67,29.0,217.0,173.0,1.0679715,3.4676087,0.46031746,2.5434792,68.92444,0
6bba_9a41d029,1042972,67,13.0,251.0,45.0,1.0607008,2.0239818,0.20634921,2.5401762,68.65625,0
6bba_9a41d029,1042973,67,16.0,196.0,125.0,1.0568123,1.9853215,0.25396827,2.5434792,68.92444,1
6bba_9a41d029,1042974,67,6.0,98.0,55.0,0.97628945,2.4664543,0.0952381,2.5401762,68.65625,1
6bba_9a41d029,1042975,67,10.0,240.0,22.0,0.9987654,0.9224388,0.15873016,2.5434792,68.92444,1
6bba_9a41d029,1042976,67,22.0,212.0,142.0,0.9942952,3.099156,0.34920636,2.5434792,68.92444,0
6bba_9a41d029,1042977,67,14.0,223.0,72.0,1.0050861,1.4987395,0.22222222,2.5434792,68.92444,1
6bba_9a41d029,1042978,67,2.0,48.0,14.0,1.000079,3.3423152,0.031746034,2.4687274,63.024292,0
6bba_9a41d029,1042979,67,11.0,14.0,61.0,0.9794844,3.7754023,0.17460318,2.5434792,68.92444,0
6bba_9a41d029,1042980,68,2.0,218.0,14.0,1.6798338,4.0031877,0.031746034,2.4687274,63.024292,0
6bba_9a41d029,1042981,68,8.0,236.0,12.0,1.5336124,2.5050077,0.12698413,2.5434792,68.92444,2
6bba_9a41d029,1042982,68,3.0,205.0,59.0,1.5094728,3.3162913,0.04761905,2.5401762,68.65625,1
6bba_9a41d029,1042983,68,4.0,199.0,60.0,1.4823858,3.0782702,0.06349207,2.5434792,68.92444,1
6bba_9a41d029,1042984,68,11.0,208.0,96.0,1.4455755,3.0832357,0.17460318,2.5434792,68.92444,3
6bba_9a41d029,1042985,68,9.0,33.0,54.0,1.3431585,4.7547407,0.14285715,2.5434792,68.92444,0
6bba_9a41d029,1042986,68,13.0,245.0,118.0,1.4291277,3.7728596,0.20634921,2.5434792,68.92444,0
6bba_9a41d029,1042987,68,23.0,235.0,149.0,1.3340571,4.8155203,0.36507937,2.5434792,68.92444,0
6bba_9a41d029,1042988,68,5.0,241.0,77.0,1.3382741,2.6326232,0.07936508,2.5434792,68.92444,1
6bba_9a41d029,1042989,68,4.0,132.0,35.0,1.2354299,2.414332,0.06349207,2.5434792,68.92444,1
6bba_9a41d029,1042990,68,9.0,243.0,63.0,1.2524035,1.5371981,0.14285715,2.5434792,68.92444,2
6bba_9a41d029,1042991,68,20.0,250.0,141.0,1.2439265,3.697251,0.31746033,2.5434792,68.92444,0
6bba_9a41d029,1042992,68,5.0,106.0,48.0,1.195507,2.682442,0.07936508,2.5434792,68.92444,2
6bba_9a41d029,1042993,68,15.0,231.0,48.0,1.2183115,2.487333,0.23809524,2.5434792,68.92444,1
6bba_9a41d029,1042994,68,7.0,223.0,51.0,1.2026396,2.0864847,0.11111111,2.5268764,67.583496,3
6bba_9a41d029,1042995,68,9.0,178.0,83.0,1.1959803,2.6916275,0.14285715,2.5434792,68.92444,2
6bba_9a41d029,1042996,68,3.0,161.0,48.0,1.190017,2.6332328,0.04761905,2.5368643,68.38806,0
6bba_9a41d029,1042997,68,12.0,21.0,73.0,1.1462886,4.5704517,0.1904762,2.5434792,68.92444,0
6bba_9a41d029,1042998,68,7.0,207.0,84.0,1.2032905,1.3823783,0.11111111,2.5434792,68.92444,3
6bba_9a41d029,1042999,68,16.0,223.0,121.0,1.1936498,2.5987616,0.25396827,2.5401762,68.65625,1
6bba_9a41d029,1043000,68,9.0,146.0,84.0,1.1745299,2.9205337,0.14285715,2.5434792,68.92444,1
6bba_9a41d029,1043001,68,15.0,207.0,76.0,1.1736358,1.7101203,0.23809524,2.5401762,68.65625,2
6bba_9a41d029,1043002,68,21.0,234.0,106.0,1.1685214,1.9425768,0.33333334,2.5434792,68.92444,2
6bba_9a41d029,1043003,68,13.0,199.0,106.0,1.1474752,1.7402122,0.20634921,2.5401762,68.65625,2
6bba_9a41d029,1043004,68,10.0,218.0,63.0,1.1518764,2.0462625,0.15873016,2.5434792,68.92444,1
6bba_9a41d029,1043005,68,13.0,230.0,5.0,1.1306825,0.96579874,0.20634921,2.5368643,68.38806,1
6bba_9a41d029,1043006,68,29.0,238.0,175.0,1.1495658,4.2338448,0.46031746,2.5434792,68.92444,0
6bba_9a41d029,1043007,68,13.0,192.0,104.0,1.152327,2.4917645,0.20634921,2.5434792,68.92444,1
6bba_9a41d029,1043008,68,6.0,113.0,49.0,1.0966859,2.233985,0.0952381,2.5401762,68.65625,1
6bba_9a41d029,1043009,68,18.0,210.0,85.0,1.1275631,1.1601855,0.2857143,2.5434792,68.92444,4
6bba_9a41d029,1043010,68,2.0,54.0,20.0,1.1357366,3.4786766,0.031746034,2.4687274,63.024292,0
6bba_9a41d029,1043011,68,11.0,183.0,89.0,1.0963999,2.1277764,0.17460318,2.5235295,67.31531,1
6bba_9a41d029,1043012,68,19.0,230.0,113.0,1.1319677,1.6356987,0.3015873,2.5434792,68.92444,2
6bba_9a41d029,1043013,68,46.0,252.0,225.0,1.0887046,3.4976501,0.73015875,2.5401762,68.65625,0
6bba_9a41d029,1043014,68,9.0,233.0,97.0,1.0925083,2.712847,0.14285715,2.5434792,68.92444,1
6bba_9a41d029,1043015,68,3.0,6.0,8.0,1.0082039,4.995475,0.04761905,2.5401762,68.65625,0
6bba_9a41d029,1043016,68,3.0,172.0,6.0,1.0628247,1.655762,0.04761905,2.5401762,68.65625,1
6bba_9a41d029,1043017,68,31.0,219.0,183.0,1.0658021,4.0976677,0.4920635,2.5434792,68.92444,0
6bba_9a41d029,1043018,68,4.0,180.0,28.0,1.0625383,1.4822901,0.06349207,2.5401762,68.65625,0
6bba_9a41d029,1043019,68,10.0,246.0,37.0,1.0732305,0.7075712,0.15873016,2.5401762,68.65625,0
6bba_9a41d029,1043020,68,17.0,197.0,134.0,1.0462613,2.4360433,0.26984128,2.5434792,68.92444,0
6bba_9a41d029,1043021,68,15.0,231.0,84.0,1.0418568,1.5848696,0.23809524,2.5401762,68.65625,3
6bba_9a41d029,1043022,68,5.0,122.0,36.0,1.0124224,1.5547075,0.07936508,2.5401762,68.65625,1
6bba_9a41d029,1043023,68,54.0,223.0,253.0,1.0255038,3.8469608,0.85714287,2.4687274,63.024292,0
6bba_9a41d029,1043024,68,2.0,22.0,5.0,0.9972069,5.429988,0.031746034,2.4687274,63.024292,0
6bba_9a41d029,1043025,68,11.0,210.0,46.0,1.0152526,2.002676,0.17460318,2.5434792,68.92444,1
6bba_9a41d029,1043026,68,5.0,34.0,24.0,1.0003432,3.6139379,0.07936508,2.5434792,68.92444,0
6bba_9a41d029,1043027,68,6.0,58.0,38.0,0.9861995,2.2923226,0.0952381,2.5401762,68.65625,0
6bba_9a41d029,1043028,68,6.0,136.0,51.0,0.9973914,2.1075876,0.0952381,2.5401762,68.65625,1
6bba_9a41d029,1043029,68,6.0,140.0,50.0,0.9908406,1.8312356,0.0952381,2.5134354,66.51074,1
6bba_9a41d029,1043030,68,7.0,149.0,65.0,0.9995871,2.3788066,0.11111111,2.5401762,68.65625,0
6bba_9a41d029,1043031,68,8.0,167.0,17.0,0.98012525,1.6006262,0.12698413,2.5401762,68.65625,1
6bba_9a41d029,1043032,68,14.0,119.0,90.0,0.9163263,4.4955497,0.22222222,2.5368643,68.38806,0
6bba_9a41d029,1043033,68,6.0,175.0,69.0,0.9948441,1.9437754,0.0952381,2.5434792,68.92444,2
6bba_9a41d029,1043034,68,23.0,214.0,149.0,0.9736895,2.3069806,0.36507937,2.5434792,68.92444,1
6bba_9a41d029,1043035,68,16.0,239.0,22.0,0.9576428,1.4345354,0.25396827,2.5434792,68.92444,1
6bba_9a41d029,1043036,68,19.0,223.0,84.0,0.9541094,1.3147943,0.3015873,2.5335438,68.11987,2
6bba_9a41d029,1043037,68,7.0,99.0,60.0,0.93474287,2.291297,0.11111111,2.5401762,68.65625,1
6bba_9a41d029,1043038,68,27.0,212.0,158.0,0.97093505,2.373295,0.42857143,2.5434792,68.92444,1
6bba_9a41d029,1043039,68,3.0,80.0,35.0,0.9602386,3.5205865,0.04761905,2.5401762,68.65625,0
6bba_9a41d029,1043040,68,24.0,236.0,92.0,0.9414185,1.3603892,0.3809524,2.5401762,68.65625,2
6bba_9a41d029,1043041,68,17.0,249.0,60.0,0.95197284,1.0715456,0.26984128,2.5434792,68.92444,1
6bba_9a41d029,1043042,68,6.0,181.0,64.0,0.94945836,1.4471626,0.0952381,2.5368643,68.38806,1
6bba_9a41d029,1043043,68,40.0,167.0,212.0,0.9343221,3.2606893,0.63492066,2.5434792,68.92444,0
6bba_9a41d029,1043044,68,12.0,207.0,20.0,0.9512169,1.1920308,0.1904762,2.5434792,68.92444,1
6bba_9a41d029,1043045,68,12.0,146.0,92.0,0.94715756,1.6918517,0.1904762,2.5401762,68.65625,1
6bba_9a41d029,1043046,68,40.0,209.0,212.0,0.944196,3.6008542,0.63492066,2.5434792,68.92444,0
6bba_9a41d029,1043047,68,6.0,199.0,30.0,0.9390684,1.3207405,0.0952381,2.5335438,68.11987,1
6bba_9a41d029,1043048,69,2.0,220.0,17.0,1.5791589,3.4660993,0.031746034,2.4687274,63.024292,0
6bba_9a41d029,1043049,69,2.0,246.0,64.0,1.5969454,2.8845997,0.031746034,2.4687274,63.024292,0
6bba_9a41d029,1043050,69,9.0,31.0,53.0,1.428145,5.349744,0.14285715,2.5434792,68.92444,0
6bba_9a41d029,1043051,69,4.0,202.0,65.0,1.4420717,3.0251648,0.06349207,2.5434792,68.92444,1
6bba_9a41d029,1043052,69,4.0,207.0,63.0,1.4489051,3.181771,0.06349207,2.5401762,68.65625,1
6bba_9a41d029,1043053,69,2.0,236.0,34.0,1.4369951,2.9250886,0.031746034,2.4687274,63.024292,0
6bba_9a41d029,1043054,69,11.0,212.0,101.0,1.3882648,3.280012,0.17460318,2.5401762,68.65625,0
6bba_9a41d029,1043055,69,8.0,239.0,15.0,1.4123646,2.3248549,0.12698413,2.5434792,68.92444,1
6bba_9a41d029,1043056,69,14.0,248.0,122.0,1.3309937,3.468446,0.22222222,2.5434792,68.92444,0
6bba_9a41d029,1043057,69,21.0,252.0,144.0,1.3310354,5.033478,0.33333334,2.5401762,68.65625,0
6bba_9a41d029,1043058,69,5.0,241.0,80.0,1.3142205,2.2587008,0.07936508,2.5434792,68.92444,2
6bba_9a41d029,1043059,69,8.0,250.0,84.0,1.2523805,1.8374549,0.12698413,2.5168092,66.77893,1
6bba_9a41d029,1043060,69,9.0,178.0,84.0,1.2546781,2.959331,0.14285715,2.5434792,68.92444,1
6bba_9a41d029,1043061,69,14.0,233.0,49.0,1.2402682,2.527978,0.22222222,2.5434792,68.92444,1
6bba_9a41d029,1043062,69,5.0,111.0,50.0,1.2203331,2.8481593,0.07936508,2.5434792,68.92444,0
6bba_9a41d029,1043063,69,7.0,226.0,53.0,1.2488863,2.1190379,0.11111111,2.5434792,68.92444,1
6bba_9a41d029,1043064,69,2.0,25.0,3.0,1.1438067,7.9231033,0.031746034,2.4652207,62.756104,0
6bba_9a41d029,1043065,69,23.0,234.0,151.0,1.2211483,4.8655515,0.36507937,2.5434792,68.92444,0
6bba_9a41d029,1043066,69,3.0,166.0,51.0,1.1956496,3.1016917,0.04761905,2.5368643,68.38806,0
6bba_9a41d029,1043067,69,4.0,132.0,38.0,1.1663092,2.2771256,0.06349207,2.5434792,68.92444,0
6bba_9a41d029,1043068,69,28.0,238.0,178.0,1.1455919,4.344925,0.44444445,2.5434792,68.92444,0
6bba_9a41d029,1043069,69,9.0,235.0,100.0,1.1316884,3.3395667,0.14285715,2.5434792,68.92444,0
6bba_9a41d029,1043070,69,16.0,228.0,128.0,1.1313101,2.825076,0.25396827,2.5434792,68.92444,1
6bba_9a41d029,1043071,69,14.0,201.0,111.0,1.1161281,2.1909552,0.22222222,2.5401762,68.65625,1
6bba_9a41d029,1043072,69,8.0,209.0,86.0,1.138903,1.499289,0.12698413,2.5401762,68.65625,2
6bba_9a41d029,1043073,69,15.0,209.0,77.0,1.1158057,1.6018724,0.23809524,2.5434792,68.92444,2
6bba_9a41d029,1043074,69,20.0,230.0,115.0,1.1081507,2.2263472,0.31746033,2.5434792,68.92444,1
6bba_9a41d029,1043075,69,9.0,146.0,84.0,1.0971823,2.8835025,0.14285715,2.5434792,68.92444,0
6bba_9a41d029,1043076,69,15.0,192.0,106.0,1.1029342,2.5772796,0.23809524,2.5434792,68.92444,1
6bba_9a41d029,1043077,69,10.0,220.0,68.0,1.0973959,1.9028023,0.15873016,2.5434792,68.92444,0
6bba_9a41d029,1043078,69,18.0,212.0,84.0,1.0973203,1.3198977,0.2857143,2.5434792,68.92444,2
6bba_9a41d029,1043079,69,3.0,54.0,21.0,1.0550966,3.4495084,0.04761905,2.5401762,68.65625,0
6bba_9a41d029,1043080,69,41.0,209.0,212.0,1.0479376,3.7673745,0.6507937,2.5434792,68.92444,0
6bba_9a41d029,1043081,69,13.0,20.0,72.0,1.0208535,4.1322136,0.20634921,2.5434792,68.92444,0
6bba_9a41d029,1043082,69,13.0,231.0,7.0,1.0259646,1.0312315,0.20634921,2.5434792,68.92444,1
6bba_9a41d029,1043083,69,7.0,151.0,67.0,1.0458242,2.7418048,0.11111111,2.5434792,68.92444,0
6bba_9a41d029,1043084,69,6.0,183.0,72.0,1.053108,1.9034243,0.0952381,2.5434792,68.92444,1
6bba_9a41d029,1043085,69,7.0,102.0,62.0,1.0060164,2.8788092,0.11111111,2.5434792,68.92444,0
6bba_9a41d029,1043086,69,46.0,251.0,226.0,1.0322986,3.83628,0.73015875,2.5434792,68.92444,0
6bba_9a41d029,1043087,69,15.0,233.0,86.0,1.0313257,1.6169096,0.23809524,2.5434792,68.92444,1
6bba_9a41d029,1043088,69,8.0,170.0,17.0,0.9997219,1.8771292,0.12698413,2.5434792,68.92444,0
6bba_9a41d029,1043089,70,2.0,219.0,17.0,1.7037487,4.5406156,0.031746034,2.4687274,63.024292,0
6bba_9a41d029,1043090,70,8.0,29.0,53.0,1.3793114,5.0633473,0.12698413,2.5434792,68.92444,0
6bba_9a41d029,1043091,70,4.0,204.0,67.0,1.3874726,3.0383563,0.06349207,2.5434792,68.92444,1
6bba_9a41d029,1043092,70,3.0,209.0,65.0,1.3884149,2.9612603,0.04761905,2.5401762,68.65625,1
6bba_9a41d029,1043093,70,7.0,238.0,17.0,1.3678564,2.3971584,0.11111111,2.5434792,68.92444,1
6bba_9a41d029,1043094,70,10.0,213.0,103.0,1.3522599,2.9969535,0.15873016,2.5401762,68.65625,2
6bba_9a41d029,1043095,70,13.0,248.0,123.0,1.3799424,3.7706027,0.20634921,2.5434792,68.92444,0
6bba_9a41d029,1043096,70,5.0,242.0,83.0,1.3150587,2.4465868,0.07936508,2.5434792,68.92444,1
6bba_9a41d029,1043097,70,5.0,111.0,51.0,1.2722565,3.1553037,0.07936508,2.5434792,68.92444,1
6bba_9a41d029,1043098,70,5.0,195.0,3.0,1.2161841,2.790664,0.07936508,2.5401762,68.65625,0
6bba_9a41d029,1043099,70,14.0,234.0,49.0,1.2109095,2.4097633,0.22222222,2.5401762,68.65625,0
6bba_9a41d029,1043100,70,2.0,168.0,53.0,1.221853,3.290648,0.031746034,2.4687274,63.024292,0
6bba_9a41d029,1043101,70,7.0,212.0,89.0,1.2275281,2.101229,0.11111111,2.5434792,68.92444,3
6bba_9a41d029,1043102,70,12.0,20.0,74.0,1.1593312,4.9579678,0.1904762,2.5434792,68.92444,0
6bba_9a41d029,1043103,70,9.0,179.0,83.0,1.1877532,2.2523568,0.14285715,2.5434792,68.92444,1
6bba_9a41d029,1043104,70,4.0,135.0,42.0,1.1944355,2.5750885,0.06349207,2.5434792,68.92444,1
6bba_9a41d029,1043105,70,13.0,201.0,110.0,1.1312149,2.0832872,0.20634921,2.5434792,68.92444,3
6bba_9a41d029,1043106,70,27.0,237.0,178.0,1.1306299,4.043662,0.42857143,2.5434792,68.92444,0
6bba_9a41d029,1043107,70,22.0,233.0,151.0,1.1413814,4.6583467,0.34920636,2.5434792,68.92444,0
6bba_9a41d029,1043108,70,18.0,212.0,86.0,1.1282008,1.3943214,0.2857143,2.5302145,67.851685,2
6bba_9a41d029,1043109,70,15.0,211.0,79.0,1.1309224,1.6393516,0.23809524,2.5434792,68.92444,2
6bba_9a41d029,1043110,70,9.0,239.0,102.0,1.1013271,2.7062125,0.14285715,2.5434792,68.92444,1
6bba_9a41d029,1043111,70,16.0,233.0,131.0,1.1091038,2.3895175,0.25396827,2.5434792,68.92444,0
6bba_9a41d029,1043112,70,9.0,145.0,84.0,1.085895,2.8582437,0.14285715,2.5401762,68.65625,0
6bba_9a41d029,1043113,70,13.0,193.0,107.0,1.0993681,2.240602,0.20634921,2.5434792,68.92444,2
6bba_9a41d029,1043114,70,5.0,184.0,74.0,1.0918015,1.8832895,0.07936508,2.5401762,68.65625,1
6bba_9a41d029,1043115,70,20.0,231.0,115.0,1.0871373,2.193145,0.31746033,2.5434792,68.92444,1
6bba_9a41d029,1043116,70,18.0,192.0,104.0,1.0919461,2.1649737,0.2857143,2.5434792,68.92444,2
6bba_9a41d029,1043117,70,8.0,172.0,21.0,1.0319238,2.1021864,0.12698413,2.5434792,68.92444,0
6bba_9a41d029,1043118,70,30.0,221.0,185.0,1.0839262,4.0316467,0.47619048,2.5434792,68.92444,0
6bba_9a41d029,1043119,70,6.0,152.0,69.0,1.0608124,2.7116177,0.0952381,2.5434792,68.92444,0
6bba_9a41d029,1043120,70,21.0,242.0,107.0,1.0561417,1.7616746,0.33333334,2.5434792,68.92444,2
6bba_9a41d029,1043121,70,14.0,239.0,24.0,1.0482762,1.7157977,0.22222222,2.5434792,68.92444,1
6bba_9a41d029,1043122,70,10.0,225.0,70.0,1.0490816,2.4227045,0.15873016,2.5434792,68.92444,0
6bba_9a41d029,1043123,70,6.0,143.0,54.0,1.031467,2.010751,0.0952381,2.5201738,67.04712,1
6bba_9a41d029,1043124,70,9.0,215.0,47.0,1.0308522,1.3603593,0.14285715,2.5434792,68.92444,0
6bba_9a41d029,1043125,70,2.0,55.0,24.0,1.0411476,3.3919086,0.031746034,2.4687274,63.024292,0
6bba_9a41d029,1043126,70,17.0,197.0,134.0,1.0130503,2.4542053,0.26984128,2.5401762,68.65625,0
6bba_9a41d029,1043127,70,52.0,218.0,251.0,0.98554546,3.9384687,0.82539684,2.5434792,68.92444,0
6bba_9a41d029,1043128,70,12.0,121.0,94.0,0.9562295,5.5864053,0.1904762,2.5434792,68.92444,0
6bba_9a41d029,1043129,70,15.0,235.0,87.0,1.0072621,1.3126873,0.23809524,2.5434792,68.92444,1
6bba_9a41d029,1043130,70,6.0,61.0,41.0,0.95793205,2.4160671,0.0952381,2.5401762,68.65625,0
6bba_9a41d029,1043131,70,45.0,251.0,227.0,0.9840992,3.2504187,0.71428573,2.5401762,68.65625,0
6bba_9a41d029,1043132,70,7.0,100.0,61.0,0.95365244,2.7281098,0.11111111,2.5401762,68.65625,1
6bba_9a41d029,1043133,70,17.0,173.0,123.0,0.9814828,2.944194,0.26984128,2.5434792,68.92444,0
6bba_9a41d029,1043134,70,8.0,200.0,33.0,0.98391175,1.2736077,0.12698413,2.5434792,68.92444,0
6bba_9a41d029,1043135,70,40.0,209.0,212.0,0.9628131,3.3634605,0.63492066,2.5434792,68.92444,0
6bba_9a41d029,1043136,71,3.0,220.0,20.0,1.6106763,3.8889098,0.04761905,2.5401762,68.65625,0
6bba_9a41d029,1043137,71,2.0,237.0,36.0,1.494944,3.7287967,0.031746034,2.4687274,63.024292,0
6bba_9a41d029,1043138,71,2.0,248.0,66.0,1.5140209,2.4522965,0.031746034,2.4687274,63.024292,0
6bba_9a41d029,1043139,71,8.0,26.0,53.0,1.3937112,5.015866,0.12698413,2.5434792,68.92444,0
6bba_9a41d029,1043140,71,4.0,210.0,68.0,1.373293,3.211759,0.06349207,2.5401762,68.65625,1
6bba_9a41d029,1043141,71,10.0,253.0,86.0,1.3826479,2.2500656,0.15873016,2.4687274,63.024292,1
6bba_9a41d029,1043142,71,6.0,243.0,84.0,1.3622687,2.3953412,0.0952381,2.5434792,68.92444,2
6bba_9a41d029,1043143,71,11.0,215.0,104.0,1.3162386,3.0018885,0.17460318,2.5401762,68.65625,1
6bba_9a41d029,1043144,71,14.0,249.0,124.0,1.3326107,3.2969294,0.22222222,2.5434792,68.92444,0
6bba_9a41d029,1043145,71,8.0,239.0,19.0,1.2870214,2.2194865,0.12698413,2.5434792,68.92444,2
6bba_9a41d029,1043146,71,7.0,241.0,16.0,1.3117257,2.0023644,0.11111111,2.5434792,68.92444,2
6bba_9a41d029,1043147,71,5.0,110.0,51.0,1.2482455,3.1003807,0.07936508,2.5434792,68.92444,0
6bba_9a41d029,1043148,71,12.0,20.0,72.0,1.1907411,4.4954147,0.1904762,2.5434792,68.92444,0
6bba_9a41d029,1043149,71,14.0,234.0,51.0,1.2062355,2.4471915,0.22222222,2.5434792,68.92444,1
6bba_9a41d029,1043150,71,3.0,172.0,55.0,1.2089741,3.371034,0.04761905,2.5401762,68.65625,0
6bba_9a41d029,1043151,71,9.0,229.0,55.0,1.1797397,1.8217144,0.14285715,2.5235295,67.31531,1
6bba_9a41d029,1043152,71,8.0,214.0,90.0,1.1898272,2.1113372,0.12698413,2.5401762,68.65625,2
6bba_9a41d029,1043153,71,5.0,133.0,43.0,1.1611686,2.5126376,0.07936508,2.5401762,68.65625,1
6bba_9a41d029,1043154,71,8.0,173.0,20.0,1.1215447,2.1949375,0.12698413,2.5434792,68.92444,1
6bba_9a41d029,1043155,71,13.0,198.0,109.0,1.1560739,2.6692073,0.20634921,2.5434792,68.92444,1
6bba_9a41d029,1043156,71,10.0,222.0,71.0,1.1369538,2.2025704,0.15873016,2.5434792,68.92444,1
6bba_9a41d029,1043157,71,28.0,236.0,179.0,1.1349095,4.064411,0.44444445,2.5434792,68.92444,0
6bba_9a41d029,1043158,71,10.0,180.0,86.0,1.1197402,2.024319,0.15873016,2.5401762,68.65625,2
6bba_9a41d029,1043159,71,23.0,233.0,153.0,1.1311228,4.5915747,0.36507937,2.5434792,68.92444,0
6bba_9a41d029,1043160,71,6.0,143.0,54.0,1.1056098,2.4664109,0.0952381,2.5368643,68.38806,1
6bba_9a41d029,1043161,71,5.0,195.0,5.0,1.1062639,2.7623024,0.07936508,2.5434792,68.92444,0
6bba_9a41d029,1043162,71,31.0,220.0,185.0,1.1147212,4.549256,0.4920635,2.5434792,68.92444,0
6bba_9a41d029,1043163,71,18.0,212.0,86.0,1.1071448,1.4917994,0.2857143,2.5434792,68.92444,1
6bba_9a41d029,1043164,71,11.0,250.0,36.0,1.0816712,1.4969038,0.17460318,2.5401762,68.65625,0
6bba_9a41d029,1043165,71,9.0,143.0,85.0,1.0749428,3.2947152,0.14285715,2.5434792,68.92444,0
6bba_9a41d029,1043166,71,11.0,183.0,93.0,1.0799588,2.1373034,0.17460318,2.5401762,68.65625,1
6bba_9a41d029,1043167,71,17.0,232.0,133.0,1.0970211,2.3960876,0.26984128,2.5434792,68.92444,1
6bba_9a41d029,1043168,71,7.0,151.0,69.0,1.0747359,2.9686573,0.11111111,2.5401762,68.65625,0
6bba_9a41d029,1043169,71,21.0,242.0,108.0,1.0577589,1.8196763,0.33333334,2.5434792,68.92444,1
6bba_9a41d029,1043170,71,9.0,241.0,102.0,1.0515534,2.294883,0.14285715,2.5434792,68.92444,1
6bba_9a41d029,1043171,71,3.0,53.0,25.0,1.0316156,3.3089678,0.04761905,2.5401762,68.65625,0
6bba_9a41d029,1043172,71,17.0,174.0,126.0,1.0418537,2.9197395,0.26984128,2.5434792,68.92444,0
6bba_9a41d029,1043173,71,53.0,214.0,251.0,1.030448,4.1038027,0.84126985,2.5434792,68.92444,0
6bba_9a41d029,1043174,71,21.0,228.0,119.0,1.0474676,1.9722139,0.33333334,2.5434792,68.92444,1
6bba_9a41d029,1043175,71,20.0,193.0,106.0,1.0274864,1.6034893,0.31746033,2.5434792,68.92444,1
6bba_9a41d029,1043176,71,17.0,223.0,129.0,1.0409529,2.0125952,0.26984128,2.5434792,68.92444,2
6bba_9a41d029,1043177,71,6.0,184.0,76.0,1.0316378,1.9377239,0.0952381,2.5434792,68.92444,1
6bba_9a41d029,1043178,71,7.0,59.0,42.0,0.96057475,2.5200188,0.11111111,2.5401762,68.65625,0
6bba_9a41d029,1043179,71,46.0,252.0,228.0,0.99567133,3.0911124,0.73015875,2.5401762,68.65625,0
6bba_9a41d029,1043180,71,10.0,214.0,48.0,0.9767201,1.4555118,0.15873016,2.5434792,68.92444,0
6bba_9a41d029,1043181,71,11.0,152.0,98.0,0.97118163,3.1196444,0.17460318,2.5434792,68.92444,0
6bba_9a41d029,1043182,71,15.0,234.0,85.0,0.97838986,1.2094301,0.23809524,2.5401762,68.65625,1
6bba_9a41d029,1043183,71,12.0,123.0,95.0,0.9477393,5.2785306,0.1904762,2.5434792,68.92444,0
6bba_9a41d029,1043184,71,2.0,175.0,9.0,0.97318035,1.3931926,0.031746034,2.4652207,62.756104,1
6bba_9a41d029,1043185,71,9.0,192.0,63.0,0.9570117,1.6101505,0.14285715,2.5401762,68.65625,0
6bba_9a41d029,1043186,71,40.0,207.0,213.0,0.96278024,3.207607,0.63492066,2.5434792,68.92444,0
6bba_9a41d029,1043187,71,17.0,199.0,133.0,0.965916,2.2638578,0.26984128,2.5434792,68.92444,0
6bba_9a41d029,1043188,71,7.0,98.0,60.0,0.9320213,2.9564428,0.11111111,2.5401762,68.65625,0
6bba_9a41d029,1043189,71,13.0,232.0,8.0,0.9351603,1.1544044,0.20634921,2.5368643,68.38806,2
6bba_9a41d029,1043190,71,23.0,209.0,148.0,0.95396477,2.5039375,0.36507937,2.5434792,68.92444,0
6bba_9a41d029,1043191,71,13.0,168.0,107.0,0.9519959,3.433482,0.20634921,2.5434792,68.92444,0
6bba_9a41d029,1043192,72,3.0,250.0,70.0,1.5176662,2.4696841,0.04761905,2.5368643,68.38806,0
6bba_9a41d029,1043193,72,3.0,219.0,20.0,1.4741755,3.5213673,0.04761905,2.5401762,68.65625,0
6bba_9a41d029,1043194,72,5.0,210.0,70.0,1.3548895,3.3763785,0.07936508,2.5401762,68.65625,1
6bba_9a41d029,1043195,72,9.0,252.0,88.0,1.3782712,2.4038181,0.14285715,2.5401762,68.65625,1
6bba_9a41d029,1043196,72,7.0,245.0,88.0,1.3735396,2.6672437,0.11111111,2.5434792,68.92444,2
6bba_9a41d029,1043197,72,9.0,238.0,21.0,1.2975527,2.4562385,0.14285715,2.5434792,68.92444,0
6bba_9a41d029,1043198,72,14.0,249.0,126.0,1.3467609,3.6958563,0.22222222,2.5434792,68.92444,0
6bba_9a41d029,1043199,72,22.0,253.0,149.0,1.3025453,4.9257383,0.34920636,2.4687274,63.024292,0
6bba_9a41d029,1043200,72,11.0,219.0,107.0,1.2741103,3.4866235,0.17460318,2.5434792,68.92444,0
6bba_9a41d029,1043201,72,9.0,28.0,55.0,1.2607359,4.950795,0.14285715,2.5434792,68.92444,0
6bba_9a41d029,1043202,72,6.0,111.0,53.0,1.2307198,3.1732268,0.0952381,2.5434792,68.92444,0
6bba_9a41d029,1043203,72,9.0,171.0,19.0,1.1233034,2.036534,0.14285715,2.5368643,68.38806,1
6bba_9a41d029,1043204,72,24.0,231.0,154.0,1.227952,5.7355237,0.3809524,2.5434792,68.92444,0
6bba_9a41d029,1043205,72,14.0,198.0,112.0,1.2196791,3.5449672,0.22222222,2.5434792,68.92444,0
6bba_9a41d029,1043206,72,13.0,19.0,77.0,1.1657933,4.7980733,0.20634921,2.5434792,68.92444,0
6bba_9a41d029,1043207,72,15.0,233.0,51.0,1.1709965,2.315242,0.23809524,2.5401762,68.65625,0
6bba_9a41d029,1043208,72,8.0,215.0,90.0,1.201739,2.6981223,0.12698413,2.5434792,68.92444,1
6bba_9a41d029,1043209,72,29.0,239.0,181.0,1.1550122,3.6912205,0.46031746,2.5434792,68.92444,0
6bba_9a41d029,1043210,72,10.0,183.0,91.0,1.1196449,2.2821295,0.15873016,2.5434792,68.92444,2
6bba_9a41d029,1043211,72,16.0,212.0,82.0,1.1453651,1.912584,0.25396827,2.5434792,68.92444,1
6bba_9a41d029,1043212,72,3.0,170.0,55.0,1.1372342,3.0475814,0.04761905,2.5401762,68.65625,0
6bba_9a41d029,1043213,72,11.0,251.0,38.0,1.115474,1.4648515,0.17460318,2.5401762,68.65625,0
6bba_9a41d029,1043214,72,32.0,221.0,186.0,1.1292986,4.1788316,0.50793654,2.5434792,68.92444,0
6bba_9a41d029,1043215,72,5.0,134.0,43.0,1.1164731,2.4096465,0.07936508,2.5434792,68.92444,0
6bba_9a41d029,1043216,72,17.0,176.0,128.0,1.1103332,3.2295346,0.26984128,2.5434792,68.92444,0
6bba_9a41d029,1043217,72,11.0,223.0,71.0,1.1052845,1.9148237,0.17460318,2.5434792,68.92444,1
6bba_9a41d029,1043218,72,10.0,241.0,106.0,1.092906,2.4659612,0.15873016,2.5401762,68.65625,1
6bba_9a41d029,1043219,72,6.0,143.0,55.0,1.0695524,2.1740448,0.0952381,2.5401762,68.65625,0
6bba_9a41d029,1043220,72,10.0,144.0,86.0,1.0619168,3.3328285,0.15873016,2.5401762,68.65625,0
6bba_9a41d029,1043221,72,6.0,195.0,6.0,1.0644249,2.5564992,0.0952381,2.5434792,68.92444,0
6bba_9a41d029,1043222,72,21.0,242.0,108.0,1.0750283,1.9265032,0.33333334,2.5434792,68.92444,1
6bba_9a41d029,1043223,72,12.0,185.0,98.0,1.0460739,1.8657051,0.1904762,2.5434792,68.92444,1
6bba_9a41d029,1043224,72,22.0,227.0,120.0,1.0471916,2.0917902,0.34920636,2.5401762,68.65625,1
6bba_9a41d029,1043225,72,17.0,233.0,134.0,1.0521482,2.2078907,0.26984128,2.5434792,68.92444,1
6bba_9a41d029,1043226,72,17.0,224.0,130.0,1.0468893,2.2127118,0.26984128,2.5434792,68.92444,2
6bba_9a41d029,1043227,72,8.0,151.0,71.0,1.0250936,2.9279952,0.12698413,2.5401762,68.65625,0
6bba_9a41d029,1043228,72,3.0,178.0,13.0,1.000225,1.3813918,0.04761905,2.5401762,68.65625,1
6bba_9a41d029,1043229,72,13.0,231.0,8.0,0.96796376,1.4917177,0.20634921,2.5368643,68.38806,0
6bba_9a41d029,1043230,72,7.0,60.0,44.0,0.9624844,2.3298395,0.11111111,2.5434792,68.92444,0
6bba_9a41d029,1043231,72,7.0,184.0,78.0,0.9983644,2.3071976,0.11111111,2.5401762,68.65625,1
6bba_9a41d029,1043232,72,2.0,106.0,36.0,0.9971386,3.4355488,0.031746034,2.4687274,63.024292,0
6bba_9a41d029,1043233,72,53.0,211.0,251.0,0.97648335,3.9758844,0.84126985,2.5434792,68.92444,0
6bba_9a41d029,1043234,72,10.0,213.0,47.0,0.97343975,1.4970723,0.15873016,2.5434792,68.92444,0
6bba_9a41d029,1043235,72,47.0,250.0,227.0,0.98258066,3.4594562,0.74603176,2.5434792,68.92444,0
6bba_9a41d029,1043236,72,4.0,52.0,28.0,0.9670894,2.8464234,0.06349207,2.5434792,68.92444,0
6bba_9a41d029,1043237,72,12.0,153.0,99.0,0.9652257,2.889574,0.1904762,2.5434792,68.92444,0
6bba_9a41d029,1043238,72,16.0,233.0,88.0,0.96954143,1.5339453,0.25396827,2.5434792,68.92444,1
6bba_9a41d029,1043239,72,9.0,194.0,65.0,0.9476735,1.7070312,0.14285715,2.5434792,68.92444,0
6bba_9a41d029,1043240,72,39.0,160.0,210.0,0.94413024,3.0004327,0.61904764,2.5434792,68.92444,0
6bba_9a41d029,1043241,73,3.0,220.0,24.0,1.3895993,2.7906024,0.04761905,2.5401762,68.65625,1
6bba_9a41d029,1043242,73,7.0,248.0,92.0,1.3851457,3.4607718,0.11111111,2.5434792,68.92444,0
6bba_9a41d029,1043243,73,5.0,213.0,75.0,1.3418471,2.7363994,0.07936508,2.5401762,68.65625,2
6bba_9a41d029,1043244,73,3.0,226.0,25.0,1.3418355,2.0541568,0.04761905,2.5401762,68.65625,1
6bba_9a41d029,1043245,73,5.0,218.0,73.0,1.3452951,2.8565915,0.07936508,2.5434792,68.92444,2
6bba_9a41d029,1043246,73,15.0,251.0,130.0,1.3553036,3.7988257,0.23809524,2.5434792,68.92444,0
6bba_9a41d029,1043247,73,4.0,228.0,2.0,1.2752441,1.850873,0.06349207,2.4652207,62.756104,0
6bba_9a41d029,1043248,73,3.0,227.0,55.0,1.2957939,2.6150541,0.04761905,2.5401762,68.65625,1
6bba_9a41d029,1043249,73,12.0,222.0,110.0,1.2433974,3.4494092,0.1904762,2.5401762,68.65625,0
6bba_9a41d029,1043250,73,24.0,232.0,158.0,1.2364817,6.583265,0.3809524,2.5434792,68.92444,0
6bba_9a41d029,1043251,73,9.0,240.0,24.0,1.2093087,1.9858519,0.14285715,2.5434792,68.92444,0
6bba_9a41d029,1043252,73,6.0,114.0,57.0,1.1993066,3.1762078,0.0952381,2.5434792,68.92444,0
6bba_9a41d029,1043253,73,9.0,174.0,19.0,1.13699,2.1180751,0.14285715,2.5434792,68.92444,1
6bba_9a41d029,1043254,73,10.0,41.0,61.0,1.0785191,4.894818,0.15873016,2.5401762,68.65625,0
6bba_9a41d029,1043255,73,5.0,137.0,46.0,1.1753417,2.996642,0.07936508,2.5434792,68.92444,0
6bba_9a41d029,1043256,73,4.0,173.0,58.0,1.155114,3.136439,0.06349207,2.5401762,68.65625,0
6bba_9a41d029,1043257,73,15.0,235.0,55.0,1.1101984,2.093206,0.23809524,2.5401762,68.65625,1
6bba_9a41d029,1043258,73,8.0,220.0,92.0,1.1323719,2.559198,0.12698413,2.5434792,68.92444,1
6bba_9a41d029,1043259,73,14.0,203.0,115.0,1.089264,2.9426785,0.22222222,2.5401762,68.65625,0
6bba_9a41d029,1043260,73,6.0,146.0,58.0,1.0834659,2.6245315,0.0952381,2.5434792,68.92444,0
6bba_9a41d029,1043261,73,10.0,242.0,110.0,1.0962158,2.8321254,0.15873016,2.5434792,68.92444,1
6bba_9a41d029,1043262,73,10.0,185.0,93.0,1.0916536,2.3423247,0.15873016,2.5434792,68.92444,2
6bba_9a41d029,1043263,73,29.0,237.0,183.0,1.0925181,3.8564568,0.46031746,2.5434792,68.92444,0
6bba_9a41d029,1043264,73,17.0,181.0,129.0,1.0921664,2.9243314,0.26984128,2.5434792,68.92444,0
6bba_9a41d029,1043265,73,15.0,213.0,81.0,1.0813985,1.3614811,0.23809524,2.5401762,68.65625,3
6bba_9a41d029,1043266,73,7.0,195.0,5.0,1.0834923,2.4924269,0.11111111,2.5434792,68.92444,0
6bba_9a41d029,1043267,73,23.0,228.0,122.0,1.0675604,2.6023362,0.36507937,2.5434792,68.92444,1
6bba_9a41d029,1043268,73,4.0,182.0,15.0,1.0462022,1.6174053,0.06349207,2.5434792,68.92444,1
6bba_9a41d029,1043269,73,33.0,220.0,189.0,1.0547285,4.256534,0.52380955,2.5434792,68.92444,0
6bba_9a41d029,1043270,73,8.0,154.0,74.0,1.0367752,3.0688994,0.12698413,2.5434792,68.92444,0
6bba_9a41d029,1043271,73,12.0,188.0,99.0,1.039842,2.064605,0.1904762,2.5401762,68.65625,1
6bba_9a41d029,1043272,73,7.0,187.0,80.0,1.0370382,2.3162627,0.11111111,2.5401762,68.65625,1
6bba_9a41d029,1043273,73,10.0,145.0,87.0,1.015259,3.0723536,0.15873016,2.5434792,68.92444,0
6bba_9a41d029,1043274,73,9.0,19.0,53.0,0.9504411,6.551635,0.14285715,2.5434792,68.92444,0
6bba_9a41d029,1043275,73,21.0,242.0,110.0,1.0118375,1.6138203,0.33333334,2.5401762,68.65625,1
6bba_9a41d029,1043276,73,18.0,227.0,134.0,0.9986176,2.1424925,0.2857143,2.5401762,68.65625,2
6bba_9a41d029,1043277,73,19.0,235.0,140.0,0.9939533,2.3578234,0.3015873,2.5401762,68.65625,1
6bba_9a41d029,1043278,73,12.0,161.0,100.0,0.97765034,3.217927,0.1904762,2.5401762,68.65625,1
6bba_9a41d029,1043279,73,12.0,158.0,101.0,0.98024035,3.327544,0.1904762,2.5434792,68.92444,1
6bba_9a41d029,1043280,74,3.0,223.0,24.0,1.4391288,2.950644,0.04761905,2.5401762,68.65625,0
6bba_9a41d029,1043281,74,7.0,252.0,92.0,1.3481182,3.5678103,0.11111111,2.5401762,68.65625,0
6bba_9a41d029,1043282,74,6.0,221.0,77.0,1.3139772,2.681587,0.0952381,2.5434792,68.92444,3
6bba_9a41d029,1043283,74,6.0,215.0,78.0,1.2938548,2.4360113,0.0952381,2.5401762,68.65625,3
6bba_9a41d029,1043284,74,4.0,230.0,57.0,1.3003299,2.568116,0.06349207,2.5434792,68.92444,1
6bba_9a41d029,1043285,74,10.0,45.0,61.0,1.1830792,4.7565837,0.15873016,2.5401762,68.65625,0
6bba_9a41d029,1043286,74,24.0,233.0,159.0,1.2700346,5.5819225,0.3809524,2.5434792,68.92444,0
6bba_9a41d029,1043287,74,12.0,225.0,113.0,1.2648938,3.6035163,0.1904762,2.5434792,68.92444,0
6bba_9a41d029,1043288,74,6.0,116.0,59.0,1.2557528,3.2104259,0.0952381,2.5434792,68.92444,0
6bba_9a41d029,1043289,74,5.0,142.0,47.0,1.2265815,2.7041278,0.07936508,2.5434792,68.92444,0
6bba_9a41d029,1043290,74,9.0,15.0,54.0,1.1178306,6.0286674,0.14285715,2.5401762,68.65625,0
6bba_9a41d029,1043291,74,9.0,244.0,25.0,1.2050028,2.0421724,0.14285715,2.5434792,68.92444,1
6bba_9a41d029,1043292,74,10.0,235.0,63.0,1.1572735,1.8058318,0.15873016,2.5268764,67.583496,1
6bba_9a41d029,1043293,74,11.0,227.0,78.0,1.1727057,1.7677692,0.17460318,2.5434792,68.92444,3
6bba_9a41d029,1043294,74,6.0,199.0,4.0,1.1587921,2.608001,0.0952381,2.5434792,68.92444,0
6bba_9a41d029,1043295,74,9.0,224.0,93.0,1.1598637,2.294376,0.14285715,2.5401762,68.65625,1
6bba_9a41d029,1043296,74,10.0,186.0,95.0,1.1383607,2.6050498,0.15873016,2.5434792,68.92444,0
6bba_9a41d029,1043297,74,4.0,174.0,59.0,1.1400797,3.039865,0.06349207,2.5401762,68.65625,0
6bba_9a41d029,1043298,74,17.0,186.0,131.0,1.1424364,2.7497168,0.26984128,2.5434792,68.92444,0
6bba_9a41d029,1043299,74,10.0,247.0,77.0,1.1256732,1.6147709,0.15873016,2.5368643,68.38806,0
6bba_9a41d029,1043300,74,9.0,177.0,19.0,1.085392,1.8911141,0.14285715,2.5401762,68.65625,1
6bba_9a41d029,1043301,74,11.0,249.0,112.0,1.10655,2.672113,0.17460318,2.5434792,68.92444,1
6bba_9a41d029,1043302,74,29.0,236.0,184.0,1.1073354,3.9361396,0.46031746,2.5434792,68.92444,0
6bba_9a41d029,1043303,74,4.0,183.0,15.0,1.0729281,1.765575,0.06349207,2.5434792,68.92444,1
6bba_9a41d029,1043304,74,33.0,220.0,191.0,1.0877389,4.5677814,0.52380955,2.5434792,68.92444,0
6bba_9a41d029,1043305,74,16.0,216.0,86.0,1.1009194,1.5298761,0.25396827,2.5434792,68.92444,4
6bba_9a41d029,1043306,74,7.0,151.0,60.0,1.073937,2.3575327,0.11111111,2.5401762,68.65625,0
6bba_9a41d029,1043307,74,7.0,191.0,81.0,1.0698352,2.7974548,0.11111111,2.5401762,68.65625,0
6bba_9a41d029,1043308,74,18.0,231.0,138.0,1.0777698,2.8563845,0.2857143,2.5434792,68.92444,1
6bba_9a41d029,1043309,74,8.0,156.0,77.0,1.0579562,3.1082866,0.12698413,2.5434792,68.92444,0
6bba_9a41d029,1043310,74,22.0,244.0,114.0,1.06217,1.7481185,0.34920636,2.5434792,68.92444,1
6bba_9a41d029,1043311,74,14.0,207.0,117.0,1.0440459,2.6456192,0.22222222,2.5401762,68.65625,0
6bba_9a41d029,1043312,74,10.0,146.0,89.0,1.0135367,2.995874,0.15873016,2.5434792,68.92444,0
6bba_9a41d029,1043313,74,13.0,35.0,79.0,0.9399625,5.270124,0.20634921,2.5401762,68.65625,0
6bba_9a41d029,1043314,74,22.0,230.0,124.0,1.0157062,1.8226079,0.34920636,2.5434792,68.92444,1
6bba_9a41d029,1043315,74,42.0,236.0,215.0,0.99126464,3.4617155,0.6666667,2.5434792,68.92444,0
6bba_9a41d029,1043316,74,21.0,195.0,111.0,0.9886252,1.9854813,0.33333334,2.5434792,68.92444,0
6bba_9a41d029,1043317,74,11.0,162.0,100.0,0.98809934,3.75116,0.17460318,2.5434792,68.92444,0
6bba_9a41d029,1043318,74,3.0,112.0,42.0,0.9773643,3.0103002,0.04761905,2.5401762,68.65625,0
6bba_9a41d029,1043319,74,14.0,239.0,14.0,0.9413627,1.2676803,0.22222222,2.5201738,67.04712,1
6bba_9a41d029,1043320,74,10.0,200.0,33.0,0.96655697,1.4323853,0.15873016,2.5434792,68.92444,0
6bba_9a41d029,1043321,74,13.0,9.0,73.0,0.9037769,5.502363,0.20634921,2.5434792,68.92444,0
6bba_9a41d029,1043322,74,47.0,250.0,229.0,0.94696033,3.8661427,0.74603176,2.5401762,68.65625,0
6bba_9a41d029,1043323,74,8.0,100.0,62.0,0.92505306,2.9383686,0.12698413,2.5401762,68.65625,0
6bba_9a41d029,1043324,74,8.0,69.0,46.0,0.9094106,2.2320087,0.12698413,2.5401762,68.65625,0
6bba_9a41d029,1043325,74,16.0,238.0,91.0,0.94198394,1.5125006,0.25396827,2.5401762,68.65625,0
6bba_9a41d029,1043326,74,23.0,209.0,154.0,0.94010705,2.563618,0.36507937,2.5434792,68.92444,0
6bba_9a41d029,1043327,74,12.0,129.0,102.0,0.9232912,4.1248217,0.1904762,2.5434792,68.92444,0
6bba_9a41d029,1043328,75,5.0,234.0,10.0,1.509552,2.311253,0.07936508,2.5434792,68.92444,1
6bba_9a41d029,1043329,75,3.0,244.0,44.0,1.5328715,3.3988686,0.04761905,2.5401762,68.65625,0
6bba_9a41d029,1043330,75,7.0,150.0,57.0,1.4664146,3.3459408,0.11111111,2.5401762,68.65625,1
6bba_9a41d029,1043331,75,5.0,233.0,30.0,1.3908648,2.1539295,0.07936508,2.5335438,68.11987,1
6bba_9a41d029,1043332,75,14.0,230.0,118.0,1.3565791,3.4939575,0.22222222,2.5434792,68.92444,1
6bba_9a41d029,1043333,75,8.0,222.0,87.0,1.3556883,2.3900542,0.12698413,2.5368643,68.38806,3
6bba_9a41d029,1043334,75,5.0,132.0,39.0,1.2871298,4.6703773,0.07936508,2.5434792,68.92444,0
6bba_9a41d029,1043335,75,4.0,170.0,50.0,1.3202684,3.0441055,0.06349207,2.5401762,68.65625,1
6bba_9a41d029,1043336,75,8.0,229.0,86.0,1.3329659,2.7859955,0.12698413,2.5434792,68.92444,1
6bba_9a41d029,1043337,75,5.0,183.0,66.0,1.2516968,3.3732264,0.07936508,2.5434792,68.92444,0
6bba_9a41d029,1043338,75,8.0,122.0,66.0,1.2473812,3.2122102,0.12698413,2.5434792,68.92444,0
6bba_9a41d029,1043339,75,2.0,234.0,59.0,1.2674472,1.950831,0.031746034,2.4687274,63.024292,1
6bba_9a41d029,1043340,75,12.0,45.0,66.0,1.1299462,5.209396,0.1904762,2.5401762,68.65625,0
6bba_9a41d029,1043341,75,3.0,212.0,66.0,1.2497063,2.2510834,0.04761905,2.5401762,68.65625,0
6bba_9a41d029,1043342,75,2.0,162.0,49.0,1.2268138,1.6705135,0.031746034,2.4687274,63.024292,1
6bba_9a41d029,1043343,75,26.0,238.0,165.0,1.2025936,4.0045114,0.41269842,2.5434792,68.92444,0
6bba_9a41d029,1043344,75,12.0,197.0,104.0,1.1817052,2.8212116,0.1904762,2.5434792,68.92444,0
6bba_9a41d029,1043345,75,10.0,178.0,11.0,1.082871,2.554841,0.15873016,2.5401762,68.65625,1
6bba_9a41d029,1043346,75,17.0,192.0,134.0,1.1578456,2.801015,0.26984128,2.5434792,68.92444,0
6bba_9a41d029,1043347,75,11.0,13.0,58.0,1.0788904,4.9724517,0.17460318,2.5434792,68.92444,0
6bba_9a41d029,1043348,75,11.0,244.0,30.0,1.13959,1.6930441,0.17460318,2.5335438,68.11987,2
6bba_9a41d029,1043349,75,10.0,226.0,107.0,1.1647545,2.1380253,0.15873016,2.5434792,68.92444,2
6bba_9a41d029,1043350,75,18.0,216.0,91.0,1.1667333,2.1482863,0.2857143,2.5434792,68.92444,1
6bba_9a41d029,1043351,75,4.0,187.0,20.0,1.1226033,1.8733869,0.06349207,2.5434792,68.92444,1
6bba_9a41d029,1043352,75,10.0,227.0,101.0,1.1529677,1.998898,0.15873016,2.5401762,68.65625,4
6bba_9a41d029,1043353,75,8.0,158.0,68.0,1.1458352,2.120557,0.12698413,2.5434792,68.92444,1
6bba_9a41d029,1043354,75,23.0,248.0,118.0,1.1242204,1.9554564,0.36507937,2.5434792,68.92444,0
6bba_9a41d029,1043355,75,8.0,200.0,9.0,1.1153752,2.4363258,0.12698413,2.5434792,68.92444,0
6bba_9a41d029,1043356,75,16.0,211.0,122.0,1.0997525,2.8881044,0.25396827,2.5434792,68.92444,1
6bba_9a41d029,1043357,75,25.0,232.0,132.0,1.1051136,2.931732,0.3968254,2.5434792,68.92444,1
6bba_9a41d029,1043358,75,20.0,237.0,145.0,1.1051399,2.5531914,0.31746033,2.5434792,68.92444,2
6bba_9a41d029,1043359,75,11.0,247.0,84.0,1.0917916,3.232409,0.17460318,2.5434792,68.92444,0
6bba_9a41d029,1043360,75,21.0,242.0,151.0,1.1066517,2.5839,0.33333334,2.5434792,68.92444,1
6bba_9a41d029,1043361,75,31.0,235.0,187.0,1.1013796,4.1084366,0.4920635,2.5434792,68.92444,0
6bba_9a41d029,1043362,75,12.0,149.0,95.0,1.0776482,3.3464694,0.1904762,2.5434792,68.92444,0
6bba_9a41d029,1043363,75,10.0,164.0,84.0,1.0801889,2.9154177,0.15873016,2.5434792,68.92444,0
6bba_9a41d029,1043364,75,9.0,196.0,87.0,1.0732896,2.4658024,0.14285715,2.5434792,68.92444,0
6bba_9a41d029,1043365,75,16.0,238.0,59.0,1.0846229,1.760318,0.25396827,2.5401762,68.65625,1
6bba_9a41d029,1043366,75,15.0,202.0,118.0,1.0510174,1.8688376,0.23809524,2.5401762,68.65625,1
6bba_9a41d029,1043367,75,11.0,182.0,41.0,0.96006525,1.9221951,0.17460318,2.5368643,68.38806,1
6bba_9a41d029,1043368,75,22.0,221.0,149.0,1.0398716,2.888981,0.34920636,2.5401762,68.65625,1
6bba_9a41d029,1043369,75,8.0,70.0,51.0,1.0010892,2.6419613,0.12698413,2.5434792,68.92444,0
6bba_9a41d029,1043370,75,11.0,203.0,40.0,1.024995,1.1713337,0.17460318,2.5434792,68.92444,1
6bba_9a41d029,1043371,75,21.0,237.0,103.0,1.0388722,1.9810555,0.33333334,2.5434792,68.92444,2
6bba_9a41d029,1043372,75,13.0,166.0,109.0,0.99663544,3.076088,0.20634921,2.5434792,68.92444,0
6bba_9a41d029,1043373,75,34.0,217.0,195.0,1.009586,3.5829914,0.53968257,2.5434792,68.92444,0
6bba_9a41d029,1043374,75,15.0,41.0,89.0,0.9193535,5.5707455,0.23809524,2.5434792,68.92444,0
6bba_9a41d029,1043375,75,15.0,239.0,20.0,0.9764834,1.4866347,0.23809524,2.5401762,68.65625,2
6bba_9a41d029,1043376,75,40.0,153.0,211.0,0.99206007,3.7007196,0.63492066,2.5434792,68.92444,0
6bba_9a41d029,1043377,75,4.0,117.0,51.0,0.97252595,2.5280352,0.06349207,2.5434792,68.92444,0
6bba_9a41d029,1043378,75,24.0,213.0,158.0,0.9556443,1.9884592,0.3809524,2.5335438,68.11987,1
6bba_9a41d029,1043379,75,7.0,193.0,45.0,0.97023827,1.4263983,0.11111111,2.5401762,68.65625,2
6bba_9a41d029,1043380,75,43.0,234.0,218.0,0.96484447,2.8565645,0.6825397,2.5434792,68.92444,0
6bba_9a41d029,1043381,75,48.0,245.0,234.0,0.9465363,3.7083879,0.7619048,2.5434792,68.92444,0
6bba_9a41d029,1043382,75,9.0,105.0,68.0,0.91801244,2.9524348,0.14285715,2.5401762,68.65625,0
6bba_9a41d029,1043383,75,8.0,213.0,51.0,0.9440317,0.98999417,0.12698413,2.499849,65.43799,0
6bba_9a41d029,1043384,75,23.0,229.0,98.0,0.92294616,1.2004284,0.36507937,2.5368643,68.38806,2
6bba_9a41d029,1043385,76,5.0,236.0,9.0,1.540929,2.5379202,0.07936508,2.5434792,68.92444,0
6bba_9a41d029,1043386,76,5.0,235.0,29.0,1.4938242,3.139257,0.07936508,2.5401762,68.65625,1
6bba_9a41d029,1043387,76,4.0,246.0,47.0,1.4263602,3.1523354,0.06349207,2.5434792,68.92444,0
6bba_9a41d029,1043388,76,14.0,235.0,122.0,1.3914762,4.076648,0.22222222,2.5434792,68.92444,0
6bba_9a41d029,1043389,76,6.0,154.0,60.0,1.3914828,3.1340086,0.0952381,2.5434792,68.92444,1
6bba_9a41d029,1043390,76,3.0,174.0,52.0,1.328521,3.2989736,0.04761905,2.5401762,68.65625,0
6bba_9a41d029,1043391,76,5.0,135.0,42.0,1.2487452,4.8047376,0.07936508,2.5434792,68.92444,0
6bba_9a41d029,1043392,76,8.0,224.0,90.0,1.3064601,2.4869237,0.12698413,2.5434792,68.92444,2
6bba_9a41d029,1043393,76,8.0,230.0,89.0,1.3016514,2.9643672,0.12698413,2.5434792,68.92444,1
6bba_9a41d029,1043394,76,8.0,127.0,69.0,1.2424443,3.8715215,0.12698413,2.5434792,68.92444,0
6bba_9a41d029,1043395,76,6.0,187.0,68.0,1.2157413,3.0955164,0.0952381,2.5401762,68.65625,0
6bba_9a41d029,1043396,76,3.0,238.0,64.0,1.2586386,1.9484673,0.04761905,2.5401762,68.65625,0
6bba_9a41d029,1043397,76,3.0,215.0,68.0,1.2496831,2.2230408,0.04761905,2.5401762,68.65625,0
6bba_9a41d029,1043398,76,12.0,196.0,107.0,1.2076522,3.015248,0.1904762,2.5434792,68.92444,1
6bba_9a41d029,1043399,76,27.0,237.0,168.0,1.2048812,4.9111567,0.42857143,2.5434792,68.92444,0
6bba_9a41d029,1043400,76,13.0,202.0,107.0,1.1901362,2.9505208,0.20634921,2.5401762,68.65625,1
6bba_9a41d029,1043401,76,10.0,178.0,11.0,1.059856,2.8310542,0.15873016,2.5401762,68.65625,0
6bba_9a41d029,1043402,76,10.0,228.0,108.0,1.1627266,2.5138023,0.15873016,2.5434792,68.92444,0
6bba_9a41d029,1043403,76,10.0,250.0,28.0,1.1394651,1.6911306,0.15873016,2.5401762,68.65625,1
6bba_9a41d029,1043404,76,17.0,242.0,59.0,1.1094491,1.9753948,0.26984128,2.5401762,68.65625,1
6bba_9a41d029,1043405,76,10.0,167.0,88.0,1.1188232,3.016853,0.15873016,2.5434792,68.92444,0
6bba_9a41d029,1043406,76,12.0,46.0,70.0,1.025304,4.873931,0.1904762,2.5434792,68.92444,0
6bba_9a41d029,1043407,76,16.0,213.0,123.0,1.0941976,2.7160022,0.25396827,2.5434792,68.92444,1
6bba_9a41d029,1043408,76,17.0,192.0,134.0,1.1041143,2.5603535,0.26984128,2.5434792,68.92444,0
6bba_9a41d029,1043409,76,8.0,161.0,72.0,1.1050018,2.0190969,0.12698413,2.5434792,68.92444,1
6bba_9a41d029,1043410,76,20.0,240.0,148.0,1.0923768,2.5951998,0.31746033,2.5434792,68.92444,1
6bba_9a41d029,1043411,76,18.0,218.0,93.0,1.1102772,1.9265958,0.2857143,2.5434792,68.92444,1
6bba_9a41d029,1043412,76,32.0,235.0,189.0,1.0966367,4.08187,0.50793654,2.5434792,68.92444,0
6bba_9a41d029,1043413,76,23.0,241.0,105.0,1.0870388,2.562191,0.36507937,2.5434792,68.92444,0
6bba_9a41d029,1043414,76,15.0,205.0,124.0,1.0678629,2.1853194,0.23809524,2.5434792,68.92444,1
6bba_9a41d029,1043415,76,21.0,247.0,155.0,1.0801724,2.16299,0.33333334,2.5434792,68.92444,1
6bba_9a41d029,1043416,76,25.0,233.0,134.0,1.0604017,2.8734846,0.3968254,2.5434792,68.92444,0
6bba_9a41d029,1043417,76,12.0,229.0,40.0,1.0529108,1.8344339,0.1904762,2.5401762,68.65625,1
6bba_9a41d029,1043418,76,23.0,249.0,121.0,1.0495021,1.7514417,0.36507937,2.5401762,68.65625,0
6bba_9a41d029,1043419,76,11.0,249.0,86.0,1.0554975,3.7242625,0.17460318,2.5434792,68.92444,0
6bba_9a41d029,1043420,76,12.0,153.0,97.0,1.0442926,3.0542934,0.1904762,2.5434792,68.92444,0
6bba_9a41d029,1043421,76,13.0,168.0,112.0,1.0302738,3.1946833,0.20634921,2.5434792,68.92444,1
6bba_9a41d029,1043422,76,8.0,202.0,9.0,1.020413,1.9680706,0.12698413,2.5434792,68.92444,1
6bba_9a41d029,1043423,76,43.0,236.0,220.0,1.0084486,3.3196714,0.6825397,2.5434792,68.92444,0
6bba_9a41d029,1043424,76,11.0,184.0,44.0,0.92375475,1.6075809,0.17460318,2.5368643,68.38806,1
6bba_9a41d029,1043425,76,9.0,198.0,92.0,1.010618,2.1659737,0.14285715,2.5401762,68.65625,1
6bba_9a41d029,1043426,76,22.0,223.0,152.0,1.0065358,2.8058145,0.34920636,2.5434792,68.92444,0
6bba_9a41d029,1043427,76,11.0,12.0,56.0,0.95882285,3.9632704,0.17460318,2.5401762,68.65625,0
6bba_9a41d029,1043428,76,6.0,207.0,6.0,1.002095,1.9139737,0.0952381,2.5434792,68.92444,1
6bba_9a41d029,1043429,76,8.0,72.0,53.0,0.96726686,2.450523,0.12698413,2.5434792,68.92444,1
6bba_9a41d029,1043430,76,12.0,205.0,40.0,0.9976018,1.3390977,0.1904762,2.5434792,68.92444,1
6bba_9a41d029,1043431,76,15.0,242.0,20.0,0.9484131,1.3991358,0.23809524,2.5368643,68.38806,1
6bba_9a41d029,1043432,76,7.0,196.0,47.0,0.9758655,1.4200952,0.11111111,2.5401762,68.65625,2
6bba_9a41d029,1043433,76,26.0,213.0,163.0,0.9682003,2.2985952,0.41269842,2.5434792,68.92444,0
6bba_9a41d029,1043434,76,40.0,154.0,211.0,0.94607615,3.2617831,0.63492066,2.5434792,68.92444,0
6bba_9a41d029,1043435,76,48.0,245.0,235.0,0.9345884,3.7538457,0.7619048,2.5434792,68.92444,0
6bba_9a41d029,1043436,76,23.0,200.0,151.0,0.95217663,2.8632078,0.36507937,2.5434792,68.92444,0
6bba_9a41d029,1043437,76,13.0,203.0,84.0,0.94886345,1.4751129,0.20634921,2.5401762,68.65625,1
6bba_9a41d029,1043438,76,33.0,218.0,194.0,0.93977845,2.5969665,0.52380955,2.5434792,68.92444,0
6bba_9a41d029,1043439,76,19.0,233.0,54.0,0.9197841,1.1721276,0.3015873,2.5434792,68.92444,1
6bba_9a41d029,1043440,76,15.0,41.0,86.0,0.8606164,5.1665187,0.23809524,2.5401762,68.65625,0
6bba_9a41d029,1043441,76,17.0,172.0,121.0,0.90865785,2.0612462,0.26984128,2.5401762,68.65625,1
6bba_9a41d029,1043442,76,6.0,80.0,46.0,0.9037801,1.9975817,0.0952381,2.5401762,68.65625,1
6bba_9a41d029,1043443,76,5.0,119.0,53.0,0.91033095,2.46473,0.07936508,2.5434792,68.92444,0
6bba_9a41d029,1043444,77,5.0,236.0,9.0,1.540929,2.5379202,0.07936508,2.5434792,68.92444,0
6bba_9a41d029,1043445,77,5.0,235.0,29.0,1.4938242,3.139257,0.07936508,2.5401762,68.65625,1
6bba_9a41d029,1043446,77,4.0,246.0,47.0,1.4263602,3.1523354,0.06349207,2.5434792,68.92444,0
6bba_9a41d029,1043447,77,14.0,235.0,122.0,1.3914762,4.076648,0.22222222,2.5434792,68.92444,0
6bba_9a41d029,1043448,77,6.0,154.0,60.0,1.3914828,3.1340086,0.0952381,2.5434792,68.92444,1
6bba_9a41d029,1043449,77,3.0,174.0,52.0,1.328521,3.2989736,0.04761905,2.5401762,68.65625,0
6bba_9a41d029,1043450,77,5.0,135.0,42.0,1.2487452,4.8047376,0.07936508,2.5434792,68.92444,0
6bba_9a41d029,1043451,77,8.0,224.0,90.0,1.3064601,2.4869237,0.12698413,2.5434792,68.92444,2
6bba_9a41d029,1043452,77,8.0,230.0,89.0,1.3016514,2.9643672,0.12698413,2.5434792,68.92444,1
6bba_9a41d029,1043453,77,8.0,127.0,69.0,1.2424443,3.8715215,0.12698413,2.5434792,68.92444,0
6bba_9a41d029,1043454,77,6.0,187.0,68.0,1.2157413,3.0955164,0.0952381,2.5401762,68.65625,0
6bba_9a41d029,1043455,77,3.0,238.0,64.0,1.2586386,1.9484673,0.04761905,2.5401762,68.65625,0
6bba_9a41d029,1043456,77,3.0,215.0,68.0,1.2496831,2.2230408,0.04761905,2.5401762,68.65625,0
6bba_9a41d029,1043457,77,12.0,196.0,107.0,1.2076522,3.015248,0.1904762,2.5434792,68.92444,1
6bba_9a41d029,1043458,77,27.0,237.0,168.0,1.2048812,4.9111567,0.42857143,2.5434792,68.92444,0
6bba_9a41d029,1043459,77,13.0,202.0,107.0,1.1901362,2.9505208,0.20634921,2.5401762,68.65625,1
6bba_9a41d029,1043460,77,10.0,178.0,11.0,1.059856,2.8310542,0.15873016,2.5401762,68.65625,0
6bba_9a41d029,1043461,77,10.0,228.0,108.0,1.1627266,2.5138023,0.15873016,2.5434792,68.92444,0
6bba_9a41d029,1043462,77,10.0,250.0,28.0,1.1394651,1.6911306,0.15873016,2.5401762,68.65625,1
6bba_9a41d029,1043463,77,17.0,242.0,59.0,1.1094491,1.9753948,0.26984128,2.5401762,68.65625,1
6bba_9a41d029,1043464,77,10.0,167.0,88.0,1.1188232,3.016853,0.15873016,2.5434792,68.92444,0
6bba_9a41d029,1043465,77,12.0,46.0,70.0,1.025304,4.873931,0.1904762,2.5434792,68.92444,0
6bba_9a41d029,1043466,77,16.0,213.0,123.0,1.0941976,2.7160022,0.25396827,2.5434792,68.92444,1
6bba_9a41d029,1043467,77,17.0,192.0,134.0,1.1041143,2.5603535,0.26984128,2.5434792,68.92444,0
6bba_9a41d029,1043468,77,8.0,161.0,72.0,1.1050018,2.0190969,0.12698413,2.5434792,68.92444,1
6bba_9a41d029,1043469,77,20.0,240.0,148.0,1.0923768,2.5951998,0.31746033,2.5434792,68.92444,1
6bba_9a41d029,1043470,77,18.0,218.0,93.0,1.1102772,1.9265958,0.2857143,2.5434792,68.92444,1
6bba_9a41d029,1043471,77,32.0,235.0,189.0,1.0966367,4.08187,0.50793654,2.5434792,68.92444,0
6bba_9a41d029,1043472,77,23.0,241.0,105.0,1.0870388,2.562191,0.36507937,2.5434792,68.92444,0
6bba_9a41d029,1043473,77,15.0,205.0,124.0,1.0678629,2.1853194,0.23809524,2.5434792,68.92444,1
6bba_9a41d029,1043474,77,21.0,247.0,155.0,1.0801724,2.16299,0.33333334,2.5434792,68.92444,1
6bba_9a41d029,1043475,77,25.0,233.0,134.0,1.0604017,2.8734846,0.3968254,2.5434792,68.92444,0
6bba_9a41d029,1043476,77,12.0,229.0,40.0,1.0529108,1.8344339,0.1904762,2.5401762,68.65625,1
6bba_9a41d029,1043477,77,23.0,249.0,121.0,1.0495021,1.7514417,0.36507937,2.5401762,68.65625,0
6bba_9a41d029,1043478,77,11.0,249.0,86.0,1.0554975,3.7242625,0.17460318,2.5434792,68.92444,0
6bba_9a41d029,1043479,77,12.0,153.0,97.0,1.0442926,3.0542934,0.1904762,2.5434792,68.92444,0
6bba_9a41d029,1043480,77,13.0,168.0,112.0,1.0302738,3.1946833,0.20634921,2.5434792,68.92444,1
6bba_9a41d029,1043481,77,8.0,202.0,9.0,1.020413,1.9680706,0.12698413,2.5434792,68.92444,1
6bba_9a41d029,1043482,77,43.0,236.0,220.0,1.0084486,3.3196714,0.6825397,2.5434792,68.92444,0
6bba_9a41d029,1043483,77,11.0,184.0,44.0,0.92375475,1.6075809,0.17460318,2.5368643,68.38806,1
6bba_9a41d029,1043484,77,9.0,198.0,92.0,1.010618,2.1659737,0.14285715,2.5401762,68.65625,1
6bba_9a41d029,1043485,77,22.0,223.0,152.0,1.0065358,2.8058145,0.34920636,2.5434792,68.92444,0
6bba_9a41d029,1043486,77,11.0,12.0,56.0,0.95882285,3.9632704,0.17460318,2.5401762,68.65625,0
6bba_9a41d029,1043487,77,6.0,207.0,6.0,1.002095,1.9139737,0.0952381,2.5434792,68.92444,1
6bba_9a41d029,1043488,77,8.0,72.0,53.0,0.96726686,2.450523,0.12698413,2.5434792,68.92444,1
6bba_9a41d029,1043489,77,12.0,205.0,40.0,0.9976018,1.3390977,0.1904762,2.5434792,68.92444,1
6bba_9a41d029,1043490,77,15.0,242.0,20.0,0.9484131,1.3991358,0.23809524,2.5368643,68.38806,1
6bba_9a41d029,1043491,77,7.0,196.0,47.0,0.9758655,1.4200952,0.11111111,2.5401762,68.65625,2
6bba_9a41d029,1043492,77,26.0,213.0,163.0,0.9682003,2.2985952,0.41269842,2.5434792,68.92444,0
6bba_9a41d029,1043493,77,40.0,154.0,211.0,0.94607615,3.2617831,0.63492066,2.5434792,68.92444,0
6bba_9a41d029,1043494,77,48.0,245.0,235.0,0.9345884,3.7538457,0.7619048,2.5434792,68.92444,0
6bba_9a41d029,1043495,77,23.0,200.0,151.0,0.95217663,2.8632078,0.36507937,2.5434792,68.92444,0
6bba_9a41d029,1043496,77,13.0,203.0,84.0,0.94886345,1.4751129,0.20634921,2.5401762,68.65625,1
6bba_9a41d029,1043497,77,33.0,218.0,194.0,0.93977845,2.5969665,0.52380955,2.5434792,68.92444,0
6bba_9a41d029,1043498,77,19.0,233.0,54.0,0.9197841,1.1721276,0.3015873,2.5434792,68.92444,1
6bba_9a41d029,1043499,77,15.0,41.0,86.0,0.8606164,5.1665187,0.23809524,2.5401762,68.65625,0
6bba_9a41d029,1043500,77,17.0,172.0,121.0,0.90865785,2.0612462,0.26984128,2.5401762,68.65625,1
6bba_9a41d029,1043501,77,6.0,80.0,46.0,0.9037801,1.9975817,0.0952381,2.5401762,68.65625,1
6bba_9a41d029,1043502,77,5.0,119.0,53.0,0.91033095,2.46473,0.07936508,2.5434792,68.92444,0
6bba_9a41d029,1043503,78,14.0,241.0,127.0,1.507925,4.3333473,0.22222222,2.5434792,68.92444,1
6bba_9a41d029,1043504,78,4.0,237.0,32.0,1.5222265,2.8703675,0.06349207,2.5434792,68.92444,0
6bba_9a41d029,1043505,78,7.0,168.0,65.0,1.4063725,2.6375525,0.11111111,2.5434792,68.92444,2
6bba_9a41d029,1043506,78,5.0,250.0,51.0,1.3997066,3.4485111,0.07936508,2.5434792,68.92444,1
6bba_9a41d029,1043507,78,9.0,229.0,98.0,1.3434544,2.8610117,0.14285715,2.5302145,67.851685,0
6bba_9a41d029,1043508,78,9.0,138.0,76.0,1.3330907,4.7405396,0.14285715,2.5434792,68.92444,0
6bba_9a41d029,1043509,78,3.0,175.0,59.0,1.3243104,1.9338495,0.04761905,2.5335438,68.11987,2
6bba_9a41d029,1043510,78,2.0,124.0,30.0,1.3067799,4.9299917,0.031746034,2.4687274,63.024292,0
6bba_9a41d029,1043511,78,6.0,217.0,77.0,1.3173562,2.7023652,0.0952381,2.5401762,68.65625,0
6bba_9a41d029,1043512,78,7.0,192.0,76.0,1.282699,2.698138,0.11111111,2.5401762,68.65625,0
6bba_9a41d029,1043513,78,14.0,211.0,115.0,1.2806873,2.6381807,0.22222222,2.5434792,68.92444,2
6bba_9a41d029,1043514,78,4.0,185.0,59.0,1.2464837,2.290166,0.06349207,2.5434792,68.92444,1
6bba_9a41d029,1043515,78,2.0,212.0,51.0,1.2420046,2.9758475,0.031746034,2.4652207,62.756104,1
6bba_9a41d029,1043516,78,28.0,242.0,173.0,1.2318668,3.788529,0.44444445,2.5434792,68.92444,1
6bba_9a41d029,1043517,78,4.0,147.0,50.0,1.1913196,5.2198286,0.06349207,2.5434792,68.92444,0
6bba_9a41d029,1043518,78,11.0,239.0,116.0,1.2240112,1.8332837,0.17460318,2.5434792,68.92444,1
6bba_9a41d029,1043519,78,16.0,245.0,60.0,1.2097985,2.0785165,0.25396827,2.5434792,68.92444,1
6bba_9a41d029,1043520,78,10.0,235.0,69.0,1.201726,2.2623332,0.15873016,2.5434792,68.92444,2
6bba_9a41d029,1043521,78,6.0,172.0,3.0,1.1534458,3.6130183,0.0952381,2.5401762,68.65625,0
6bba_9a41d029,1043522,78,4.0,246.0,75.0,1.1892356,1.8492986,0.06349207,2.5302145,67.851685,2
6bba_9a41d029,1043523,78,5.0,248.0,79.0,1.1784644,1.7736249,0.07936508,2.5066607,65.974365,1
6bba_9a41d029,1043524,78,18.0,194.0,140.0,1.1723409,2.7763531,0.2857143,2.5434792,68.92444,0
6bba_9a41d029,1043525,78,16.0,224.0,131.0,1.1419598,2.7116578,0.25396827,2.5401762,68.65625,1
6bba_9a41d029,1043526,78,10.0,251.0,37.0,1.1426797,1.5784708,0.15873016,2.5401762,68.65625,1
6bba_9a41d029,1043527,78,8.0,209.0,8.0,1.1272607,2.372962,0.12698413,2.5434792,68.92444,0
6bba_9a41d029,1043528,78,11.0,179.0,96.0,1.1313069,3.5376318,0.17460318,2.5434792,68.92444,0
6bba_9a41d029,1043529,78,9.0,171.0,78.0,1.1202794,1.9734737,0.14285715,2.5434792,68.92444,1
6bba_9a41d029,1043530,78,12.0,162.0,100.0,1.1197206,3.3420913,0.1904762,2.5434792,68.92444,0
6bba_9a41d029,1043531,78,22.0,248.0,163.0,1.1188169,2.1844344,0.34920636,2.5401762,68.65625,2
6bba_9a41d029,1043532,78,16.0,215.0,129.0,1.0973334,1.8187687,0.25396827,2.5401762,68.65625,3
6bba_9a41d029,1043533,78,21.0,246.0,155.0,1.105209,2.7222142,0.33333334,2.5434792,68.92444,1
6bba_9a41d029,1043534,78,14.0,172.0,118.0,1.0729183,3.0467541,0.22222222,2.5434792,68.92444,1
6bba_9a41d029,1043535,78,22.0,217.0,118.0,1.0867561,1.4761117,0.34920636,2.5434792,68.92444,2
6bba_9a41d029,1043536,78,32.0,237.0,191.0,1.083295,4.0173874,0.50793654,2.5434792,68.92444,0
6bba_9a41d029,1043537,78,6.0,197.0,29.0,1.0484045,1.7850987,0.0952381,2.5434792,68.92444,0
6bba_9a41d029,1043538,78,6.0,130.0,59.0,1.0663445,3.0355237,0.0952381,2.5401762,68.65625,0
6bba_9a41d029,1043539,78,34.0,141.0,189.0,1.0239202,3.5836647,0.53968257,2.5434792,68.92444,0
6bba_9a41d029,1043540,78,24.0,244.0,110.0,1.0409398,2.018711,0.3809524,2.5434792,68.92444,0
6bba_9a41d029,1043541,78,26.0,236.0,139.0,1.02676,3.1254454,0.41269842,2.5434792,68.92444,0
6bba_9a41d029,1043542,78,14.0,207.0,89.0,1.0312105,1.9547476,0.22222222,2.5434792,68.92444,1
6bba_9a41d029,1043543,78,10.0,202.0,96.0,1.0289853,2.3500335,0.15873016,2.5401762,68.65625,1
6bba_9a41d029,1043544,78,22.0,227.0,157.0,0.9956165,2.7908356,0.34920636,2.5401762,68.65625,1
6bba_9a41d029,1043545,78,35.0,220.0,200.0,0.9818082,3.0435154,0.5555556,2.5434792,68.92444,0
6bba_9a41d029,1043546,78,11.0,13.0,63.0,0.96218526,3.2635083,0.17460318,2.5401762,68.65625,0
6bba_9a41d029,1043547,78,9.0,118.0,77.0,0.95691645,3.4081872,0.14285715,2.5434792,68.92444,0
6bba_9a41d029,1043548,78,27.0,220.0,165.0,0.97471505,2.2141619,0.42857143,2.5434792,68.92444,1
6bba_9a41d029,1043549,78,24.0,208.0,153.0,0.96800643,2.8158011,0.3809524,2.5434792,68.92444,0
6bba_9a41d029,1043550,78,6.0,89.0,52.0,0.945754,2.412656,0.0952381,2.5434792,68.92444,1
6bba_9a41d029,1043551,78,17.0,175.0,124.0,0.96162325,2.0469978,0.26984128,2.5401762,68.65625,1
6bba_9a41d029,1043552,78,24.0,198.0,124.0,0.94839674,2.1837127,0.3809524,2.5434792,68.92444,0
6bba_9a41d029,1043553,78,48.0,243.0,236.0,0.94666773,3.250435,0.7619048,2.5434792,68.92444,0
6bba_9a41d029,1043554,78,42.0,241.0,221.0,0.93639946,2.8564208,0.6666667,2.5401762,68.65625,0
6bba_9a41d029,1043555,78,8.0,45.0,44.0,0.9062092,3.0796416,0.12698413,2.5401762,68.65625,0
6bba_9a41d029,1043556,78,8.0,201.0,52.0,0.9322941,1.1386569,0.12698413,2.5302145,67.851685,1
6bba_9a41d029,1043557,78,9.0,82.0,62.0,0.92135525,2.48646,0.14285715,2.5401762,68.65625,1
6bba_9a41d029,1043558,78,39.0,156.0,213.0,0.93365157,3.3235807,0.61904764,2.5434792,68.92444,0
6bba_9a41d029,1043559,78,26.0,177.0,162.0,0.91068596,3.0146194,0.41269842,2.5434792,68.92444,0
6bba_9a41d029,1043560,78,12.0,51.0,77.0,0.89253885,3.5359914,0.1904762,2.5434792,68.92444,0
6bba_9a41d029,1043561,78,13.0,211.0,40.0,0.9093284,1.7799246,0.20634921,2.5434792,68.92444,0
6bba_9a41d029,1043562,78,24.0,227.0,102.0,0.92010957,1.861837,0.3809524,2.5434792,68.92444,0
6bba_9a41d029,1043563,79,15.0,242.0,129.0,1.564598,4.672983,0.23809524,2.5434792,68.92444,2
6bba_9a41d029,1043564,79,9.0,231.0,100.0,1.3993977,2.9147213,0.14285715,2.5401762,68.65625,1
6bba_9a41d029,1043565,79,7.0,168.0,66.0,1.359156,2.748759,0.11111111,2.5434792,68.92444,1
6bba_9a41d029,1043566,79,9.0,139.0,78.0,1.3274636,4.5676026,0.14285715,2.5434792,68.92444,0
6bba_9a41d029,1043567,79,5.0,253.0,54.0,1.3631757,2.4860468,0.07936508,2.4687274,63.024292,1
6bba_9a41d029,1043568,79,15.0,248.0,60.0,1.2830112,2.1237628,0.23809524,2.5434792,68.92444,1
6bba_9a41d029,1043569,79,6.0,218.0,80.0,1.2891117,2.5705721,0.0952381,2.5401762,68.65625,0
6bba_9a41d029,1043570,79,14.0,209.0,117.0,1.2616168,3.0338333,0.22222222,2.5434792,68.92444,1
6bba_9a41d029,1043571,79,7.0,195.0,76.0,1.231387,2.6946945,0.11111111,2.5401762,68.65625,0
6bba_9a41d029,1043572,79,15.0,236.0,94.0,1.2337174,1.9031543,0.23809524,2.5434792,68.92444,1
6bba_9a41d029,1043573,79,29.0,243.0,175.0,1.2268511,5.047623,0.46031746,2.5434792,68.92444,0
6bba_9a41d029,1043574,79,10.0,241.0,116.0,1.2415041,1.9347183,0.15873016,2.5434792,68.92444,1
6bba_9a41d029,1043575,79,10.0,238.0,72.0,1.2095159,2.3856404,0.15873016,2.5434792,68.92444,1
6bba_9a41d029,1043576,79,5.0,253.0,83.0,1.2111483,1.6117588,0.07936508,2.4652207,62.756104,0
6bba_9a41d029,1043577,79,3.0,185.0,61.0,1.1915349,2.3271673,0.04761905,2.5401762,68.65625,0
6bba_9a41d029,1043578,79,4.0,147.0,51.0,1.1472025,4.753602,0.06349207,2.5434792,68.92444,0
6bba_9a41d029,1043579,79,18.0,194.0,142.0,1.1778958,2.771948,0.2857143,2.5434792,68.92444,0
6bba_9a41d029,1043580,79,16.0,227.0,135.0,1.1473241,2.9833126,0.25396827,2.5434792,68.92444,1
6bba_9a41d029,1043581,79,16.0,219.0,132.0,1.1291145,2.2863295,0.25396827,2.5434792,68.92444,1
6bba_9a41d029,1043582,79,20.0,246.0,153.0,1.1297061,2.93146,0.31746033,2.5434792,68.92444,0
6bba_9a41d029,1043583,79,11.0,182.0,99.0,1.1163251,4.1869802,0.17460318,2.5434792,68.92444,0
6bba_9a41d029,1043584,79,13.0,164.0,101.0,1.0845966,3.0753493,0.20634921,2.5434792,68.92444,0
6bba_9a41d029,1043585,79,9.0,171.0,78.0,1.0867199,1.8335118,0.14285715,2.5434792,68.92444,1
6bba_9a41d029,1043586,79,7.0,213.0,9.0,1.0700817,1.9547769,0.11111111,2.5434792,68.92444,0
6bba_9a41d029,1043587,79,14.0,174.0,118.0,1.0784698,2.9712613,0.22222222,2.5434792,68.92444,0
6bba_9a41d029,1043588,79,33.0,240.0,194.0,1.0823483,4.1507754,0.52380955,2.5434792,68.92444,0
6bba_9a41d029,1043589,79,23.0,218.0,118.0,1.0542518,1.4608852,0.36507937,2.5368643,68.38806,1
6bba_9a41d029,1043590,79,25.0,240.0,139.0,1.0564082,2.2006693,0.3968254,2.5434792,68.92444,1
6bba_9a41d029,1043591,79,14.0,230.0,67.0,1.0416695,1.6835603,0.22222222,2.5168092,66.77893,1
6bba_9a41d029,1043592,79,10.0,203.0,95.0,1.0449138,2.3667352,0.15873016,2.5434792,68.92444,1
6bba_9a41d029,1043593,79,7.0,198.0,32.0,1.0165311,1.6747472,0.11111111,2.5401762,68.65625,0
6bba_9a41d029,1043594,79,6.0,132.0,62.0,1.0237887,2.821521,0.0952381,2.5434792,68.92444,0
6bba_9a41d029,1043595,79,25.0,245.0,111.0,1.017136,1.9015406,0.3968254,2.5434792,68.92444,0
6bba_9a41d029,1043596,79,14.0,209.0,91.0,1.0293764,1.6865258,0.22222222,2.5434792,68.92444,1
6bba_9a41d029,1043597,79,23.0,229.0,160.0,1.0072522,2.703066,0.36507937,2.5401762,68.65625,0
6bba_9a41d029,1043598,79,10.0,120.0,79.0,0.97415954,3.7029736,0.15873016,2.5401762,68.65625,0
6bba_9a41d029,1043599,80,15.0,245.0,129.0,1.4904945,4.3933,0.23809524,2.5434792,68.92444,1
6bba_9a41d029,1043600,80,9.0,231.0,102.0,1.3781346,3.0693235,0.14285715,2.5401762,68.65625,1
6bba_9a41d029,1043601,80,5.0,175.0,63.0,1.3593137,2.3942497,0.07936508,2.5434792,68.92444,1
6bba_9a41d029,1043602,80,15.0,248.0,60.0,1.3217047,2.4550264,0.23809524,2.5434792,68.92444,1
6bba_9a41d029,1043603,80,9.0,249.0,58.0,1.3222768,2.3020499,0.14285715,2.5434792,68.92444,1
6bba_9a41d029,1043604,80,7.0,198.0,77.0,1.2853221,2.8829331,0.11111111,2.5401762,68.65625,0
6bba_9a41d029,1043605,80,9.0,140.0,78.0,1.2500895,3.8217723,0.14285715,2.5434792,68.92444,0
6bba_9a41d029,1043606,80,14.0,214.0,118.0,1.2522128,2.5951467,0.22222222,2.5434792,68.92444,1
6bba_9a41d029,1043607,80,29.0,245.0,176.0,1.2446268,4.974807,0.46031746,2.5434792,68.92444,0
6bba_9a41d029,1043608,80,4.0,187.0,62.0,1.2008976,2.0649734,0.06349207,2.5401762,68.65625,1
6bba_9a41d029,1043609,80,4.0,149.0,49.0,1.1897253,4.209799,0.06349207,2.5434792,68.92444,0
6bba_9a41d029,1043610,80,16.0,237.0,96.0,1.1948102,1.8166432,0.25396827,2.5434792,68.92444,1
6bba_9a41d029,1043611,80,6.0,223.0,81.0,1.2221705,2.5411892,0.0952381,2.5401762,68.65625,0
6bba_9a41d029,1043612,80,11.0,242.0,119.0,1.2072939,1.7308334,0.17460318,2.5434792,68.92444,1
6bba_9a41d029,1043613,80,17.0,220.0,132.0,1.1575167,2.1843886,0.26984128,2.5434792,68.92444,2
6bba_9a41d029,1043614,80,3.0,217.0,55.0,1.1588047,2.9952188,0.04761905,2.5401762,68.65625,1
6bba_9a41d029,1043615,80,17.0,228.0,136.0,1.1398661,2.9316545,0.26984128,2.5434792,68.92444,1
6bba_9a41d029,1043616,80,3.0,220.0,60.0,1.1450876,2.4390242,0.04761905,2.5401762,68.65625,1
6bba_9a41d029,1043617,80,10.0,238.0,74.0,1.1458812,2.2531292,0.15873016,2.5434792,68.92444,0
6bba_9a41d029,1043618,80,18.0,190.0,142.0,1.1339496,2.5797231,0.2857143,2.5434792,68.92444,0
6bba_9a41d029,1043619,80,20.0,245.0,156.0,1.1232606,2.6847405,0.31746033,2.5434792,68.92444,0
6bba_9a41d029,1043620,80,23.0,219.0,120.0,1.1071908,1.5281473,0.36507937,2.5434792,68.92444,2
6bba_9a41d029,1043621,80,14.0,175.0,119.0,1.0932181,3.2859585,0.22222222,2.5434792,68.92444,0
6bba_9a41d029,1043622,80,11.0,184.0,99.0,1.0827197,4.134689,0.17460318,2.5434792,68.92444,0
6bba_9a41d029,1043623,80,9.0,175.0,80.0,1.0804353,2.1864243,0.14285715,2.5401762,68.65625,0
6bba_9a41d029,1043624,81,7.0,241.0,44.0,1.610089,2.4990861,0.11111111,2.5434792,68.92444,0
6bba_9a41d029,1043625,81,6.0,180.0,68.0,1.4534445,2.8182533,0.0952381,2.5434792,68.92444,0
6bba_9a41d029,1043626,81,16.0,251.0,138.0,1.4401784,4.929595,0.25396827,2.5434792,68.92444,0
6bba_9a41d029,1043627,81,11.0,252.0,63.0,1.4081507,3.6707532,0.17460318,2.5401762,68.65625,0
6bba_9a41d029,1043628,81,4.0,156.0,50.0,1.3628471,4.889073,0.06349207,2.5434792,68.92444,0
6bba_9a41d029,1043629,81,10.0,237.0,107.0,1.3749989,2.7939603,0.15873016,2.5434792,68.92444,0
6bba_9a41d029,1043630,81,15.0,227.0,126.0,1.3392472,2.8609827,0.23809524,2.5434792,68.92444,1
6bba_9a41d029,1043631,81,7.0,202.0,83.0,1.3196505,2.995754,0.11111111,2.5434792,68.92444,0
6bba_9a41d029,1043632,81,13.0,239.0,78.0,1.2597005,2.843283,0.20634921,2.5434792,68.92444,1
6bba_9a41d029,1043633,81,10.0,145.0,79.0,1.212931,3.2073054,0.15873016,2.5434792,68.92444,1
6bba_9a41d029,1043634,81,30.0,245.0,183.0,1.2060777,4.46766,0.47619048,2.5434792,68.92444,0
6bba_9a41d029,1043635,81,2.0,210.0,46.0,1.2063385,3.4296825,0.031746034,2.4687274,63.024292,0
6bba_9a41d029,1043636,81,12.0,248.0,122.0,1.1965095,2.377984,0.1904762,2.5434792,68.92444,1
6bba_9a41d029,1043637,81,4.0,175.0,3.0,1.163147,3.46548,0.06349207,2.5401762,68.65625,0
6bba_9a41d029,1043638,81,18.0,229.0,140.0,1.1547098,2.2668724,0.2857143,2.5434792,68.92444,2
6bba_9a41d029,1043639,81,6.0,142.0,66.0,1.1433961,2.9442444,0.0952381,2.5434792,68.92444,1
6bba_9a41d029,1043640,81,6.0,225.0,85.0,1.1764297,2.2714486,0.0952381,2.5434792,68.92444,1
6bba_9a41d029,1043641,81,4.0,229.0,64.0,1.1469691,2.2663364,0.06349207,2.5434792,68.92444,1
6bba_9a41d029,1043642,81,7.0,231.0,88.0,1.1458023,1.803009,0.11111111,2.5401762,68.65625,2
6bba_9a41d029,1043643,81,3.0,226.0,59.0,1.1552441,2.1513183,0.04761905,2.5401762,68.65625,1
6bba_9a41d029,1043644,81,22.0,250.0,161.0,1.1460094,2.8610122,0.34920636,2.5434792,68.92444,1
6bba_9a41d029,1043645,81,2.0,132.0,34.0,1.1448275,2.938017,0.031746034,2.4687274,63.024292,0
6bba_9a41d029,1043646,81,19.0,236.0,143.0,1.1161609,2.42474,0.3015873,2.5434792,68.92444,2
6bba_9a41d029,1043647,81,19.0,191.0,146.0,1.1281054,2.747806,0.3015873,2.5434792,68.92444,0
6bba_9a41d029,1043648,81,25.0,232.0,164.0,1.0767969,3.177935,0.3968254,2.5401762,68.65625,1
6bba_9a41d029,1043649,81,13.0,169.0,108.0,1.0813819,3.1231613,0.20634921,2.5434792,68.92444,0
6bba_9a41d029,1043650,81,16.0,177.0,124.0,1.0680174,2.6271884,0.25396827,2.5401762,68.65625,1
6bba_9a41d029,1043651,81,11.0,183.0,87.0,1.05532,2.0666282,0.17460318,2.5401762,68.65625,0
6bba_9a41d029,1043652,81,12.0,192.0,107.0,1.0584952,4.4940147,0.1904762,2.5434792,68.92444,0
6bba_9a41d029,1043653,81,8.0,200.0,34.0,0.99264514,2.2655666,0.12698413,2.5434792,68.92444,0
6bba_9a41d029,1043654,81,23.0,246.0,120.0,0.9949986,1.1081109,0.36507937,2.5201738,67.04712,1
6bba_9a41d029,1043655,81,37.0,223.0,203.0,0.9878068,3.2878294,0.5873016,2.5434792,68.92444,0
6bba_9a41d029,1043656,81,28.0,244.0,150.0,0.9845823,1.9924405,0.44444445,2.5401762,68.65625,2
6bba_9a41d029,1043657,81,35.0,245.0,198.0,0.9992651,3.55546,0.5555556,2.5434792,68.92444,0
6bba_9a41d029,1043658,81,18.0,252.0,38.0,0.96959996,1.8496591,0.2857143,2.5401762,68.65625,0
6bba_9a41d029,1043659,81,15.0,219.0,47.0,0.9498594,1.8898892,0.23809524,2.5434792,68.92444,0
6bba_9a41d029,1043660,81,11.0,212.0,101.0,0.9596675,1.9170321,0.17460318,2.5434792,68.92444,2
6bba_9a41d029,1043661,81,25.0,230.0,115.0,0.9644238,1.425694,0.3968254,2.5434792,68.92444,0
6bba_9a41d029,1043662,81,18.0,177.0,132.0,0.9534882,1.7819549,0.2857143,2.5434792,68.92444,1
6bba_9a41d029,1043663,81,14.0,215.0,95.0,0.96364474,1.647853,0.22222222,2.5434792,68.92444,2
6bba_9a41d029,1043664,81,3.0,87.0,8.0,0.93134594,2.4432716,0.04761905,2.5401762,68.65625,0
6bba_9a41d029,1043665,81,29.0,225.0,172.0,0.9513221,1.9104993,0.46031746,2.5434792,68.92444,1
6bba_9a41d029,1043666,81,11.0,129.0,84.0,0.9164808,3.3820896,0.17460318,2.5401762,68.65625,0
6bba_9a41d029,1043667,81,4.0,116.0,44.0,0.9350485,2.239853,0.06349207,2.5434792,68.92444,0
6bba_9a41d029,1043668,81,11.0,213.0,108.0,0.9419806,2.3711557,0.17460318,2.5401762,68.65625,2
6bba_9a41d029,1043669,81,36.0,140.0,192.0,0.9197282,3.3439727,0.5714286,2.5434792,68.92444,0
6bba_9a41d029,1043670,82,7.0,241.0,44.0,1.610089,2.4990861,0.11111111,2.5434792,68.92444,0
6bba_9a41d029,1043671,82,6.0,180.0,68.0,1.4534445,2.8182533,0.0952381,2.5434792,68.92444,0
6bba_9a41d029,1043672,82,16.0,251.0,138.0,1.4401784,4.929595,0.25396827,2.5434792,68.92444,0
6bba_9a41d029,1043673,82,11.0,252.0,63.0,1.4081507,3.6707532,0.17460318,2.5401762,68.65625,0
6bba_9a41d029,1043674,82,4.0,156.0,50.0,1.3628471,4.889073,0.06349207,2.5434792,68.92444,0
6bba_9a41d029,1043675,82,10.0,237.0,107.0,1.3749989,2.7939603,0.15873016,2.5434792,68.92444,0
6bba_9a41d029,1043676,82,15.0,227.0,126.0,1.3392472,2.8609827,0.23809524,2.5434792,68.92444,1
6bba_9a41d029,1043677,82,7.0,202.0,83.0,1.3196505,2.995754,0.11111111,2.5434792,68.92444,0
6bba_9a41d029,1043678,82,13.0,239.0,78.0,1.2597005,2.843283,0.20634921,2.5434792,68.92444,1
6bba_9a41d029,1043679,82,10.0,145.0,79.0,1.212931,3.2073054,0.15873016,2.5434792,68.92444,1
6bba_9a41d029,1043680,82,30.0,245.0,183.0,1.2060777,4.46766,0.47619048,2.5434792,68.92444,0
6bba_9a41d029,1043681,82,2.0,210.0,46.0,1.2063385,3.4296825,0.031746034,2.4687274,63.024292,0
6bba_9a41d029,1043682,82,12.0,248.0,122.0,1.1965095,2.377984,0.1904762,2.5434792,68.92444,1
6bba_9a41d029,1043683,82,4.0,175.0,3.0,1.163147,3.46548,0.06349207,2.5401762,68.65625,0
6bba_9a41d029,1043684,82,18.0,229.0,140.0,1.1547098,2.2668724,0.2857143,2.5434792,68.92444,2
6bba_9a41d029,1043685,82,6.0,142.0,66.0,1.1433961,2.9442444,0.0952381,2.5434792,68.92444,1
6bba_9a41d029,1043686,82,6.0,225.0,85.0,1.1764297,2.2714486,0.0952381,2.5434792,68.92444,1
6bba_9a41d029,1043687,82,4.0,229.0,64.0,1.1469691,2.2663364,0.06349207,2.5434792,68.92444,1
6bba_9a41d029,1043688,82,7.0,231.0,88.0,1.1458023,1.803009,0.11111111,2.5401762,68.65625,2
6bba_9a41d029,1043689,82,3.0,226.0,59.0,1.1552441,2.1513183,0.04761905,2.5401762,68.65625,1
6bba_9a41d029,1043690,82,22.0,250.0,161.0,1.1460094,2.8610122,0.34920636,2.5434792,68.92444,1
6bba_9a41d029,1043691,82,2.0,132.0,34.0,1.1448275,2.938017,0.031746034,2.4687274,63.024292,0
6bba_9a41d029,1043692,82,19.0,236.0,143.0,1.1161609,2.42474,0.3015873,2.5434792,68.92444,2
6bba_9a41d029,1043693,82,19.0,191.0,146.0,1.1281054,2.747806,0.3015873,2.5434792,68.92444,0
6bba_9a41d029,1043694,82,25.0,232.0,164.0,1.0767969,3.177935,0.3968254,2.5401762,68.65625,1
6bba_9a41d029,1043695,82,13.0,169.0,108.0,1.0813819,3.1231613,0.20634921,2.5434792,68.92444,0
6bba_9a41d029,1043696,82,16.0,177.0,124.0,1.0680174,2.6271884,0.25396827,2.5401762,68.65625,1
6bba_9a41d029,1043697,82,11.0,183.0,87.0,1.05532,2.0666282,0.17460318,2.5401762,68.65625,0
6bba_9a41d029,1043698,82,12.0,192.0,107.0,1.0584952,4.4940147,0.1904762,2.5434792,68.92444,0
6bba_9a41d029,1043699,82,8.0,200.0,34.0,0.99264514,2.2655666,0.12698413,2.5434792,68.92444,0
6bba_9a41d029,1043700,82,23.0,246.0,120.0,0.9949986,1.1081109,0.36507937,2.5201738,67.04712,1
6bba_9a41d029,1043701,82,37.0,223.0,203.0,0.9878068,3.2878294,0.5873016,2.5434792,68.92444,0
6bba_9a41d029,1043702,82,28.0,244.0,150.0,0.9845823,1.9924405,0.44444445,2.5401762,68.65625,2
6bba_9a41d029,1043703,82,35.0,245.0,198.0,0.9992651,3.55546,0.5555556,2.5434792,68.92444,0
6bba_9a41d029,1043704,82,18.0,252.0,38.0,0.96959996,1.8496591,0.2857143,2.5401762,68.65625,0
6bba_9a41d029,1043705,82,15.0,219.0,47.0,0.9498594,1.8898892,0.23809524,2.5434792,68.92444,0
6bba_9a41d029,1043706,82,11.0,212.0,101.0,0.9596675,1.9170321,0.17460318,2.5434792,68.92444,2
6bba_9a41d029,1043707,82,25.0,230.0,115.0,0.9644238,1.425694,0.3968254,2.5434792,68.92444,0
6bba_9a41d029,1043708,82,18.0,177.0,132.0,0.9534882,1.7819549,0.2857143,2.5434792,68.92444,1
6bba_9a41d029,1043709,82,14.0,215.0,95.0,0.96364474,1.647853,0.22222222,2.5434792,68.92444,2
6bba_9a41d029,1043710,82,3.0,87.0,8.0,0.93134594,2.4432716,0.04761905,2.5401762,68.65625,0
6bba_9a41d029,1043711,82,29.0,225.0,172.0,0.9513221,1.9104993,0.46031746,2.5434792,68.92444,1
6bba_9a41d029,1043712,82,11.0,129.0,84.0,0.9164808,3.3820896,0.17460318,2.5401762,68.65625,0
6bba_9a41d029,1043713,82,4.0,116.0,44.0,0.9350485,2.239853,0.06349207,2.5434792,68.92444,0
6bba_9a41d029,1043714,82,11.0,213.0,108.0,0.9419806,2.3711557,0.17460318,2.5401762,68.65625,2
6bba_9a41d029,1043715,82,36.0,140.0,192.0,0.9197282,3.3439727,0.5714286,2.5434792,68.92444,0
6bba_9a41d029,1043716,83,11.0,247.0,55.0,1.6781839,2.9957862,0.17460318,2.5434792,68.92444,1
6bba_9a41d029,1043717,83,5.0,251.0,42.0,1.479457,1.7223989,0.07936508,2.5401762,68.65625,1
6bba_9a41d029,1043718,83,17.0,243.0,138.0,1.4819913,3.249722,0.26984128,2.5434792,68.92444,0
6bba_9a41d029,1043719,83,10.0,218.0,99.0,1.404167,3.1742208,0.15873016,2.5434792,68.92444,1
6bba_9a41d029,1043720,83,12.0,252.0,115.0,1.3997396,2.1534147,0.1904762,2.5401762,68.65625,2
6bba_9a41d029,1043721,83,12.0,246.0,119.0,1.3844585,2.612656,0.1904762,2.5434792,68.92444,1
6bba_9a41d029,1043722,83,8.0,249.0,101.0,1.4013895,2.5560117,0.12698413,2.5434792,68.92444,2
6bba_9a41d029,1043723,83,4.0,204.0,5.0,1.3080577,2.3561637,0.06349207,2.5434792,68.92444,1
6bba_9a41d029,1043724,83,9.0,206.0,97.0,1.2819036,1.9476683,0.14285715,2.5434792,68.92444,1
6bba_9a41d029,1043725,83,9.0,191.0,84.0,1.2999028,2.8228815,0.14285715,2.5434792,68.92444,1
6bba_9a41d029,1043726,83,4.0,227.0,62.0,1.293296,3.7771945,0.06349207,2.5434792,68.92444,0
6bba_9a41d029,1043727,83,14.0,246.0,90.0,1.2714741,2.192617,0.22222222,2.5401762,68.65625,1
6bba_9a41d029,1043728,83,5.0,240.0,73.0,1.2642429,1.6442083,0.07936508,2.5401762,68.65625,0
6bba_9a41d029,1043729,83,6.0,185.0,10.0,1.2396437,2.4024982,0.0952381,2.5434792,68.92444,0
6bba_9a41d029,1043730,83,22.0,248.0,156.0,1.2487518,3.1273851,0.34920636,2.5434792,68.92444,0
6bba_9a41d029,1043731,83,4.0,203.0,50.0,1.200181,3.1744928,0.06349207,2.5401762,68.65625,1
6bba_9a41d029,1043732,83,6.0,202.0,75.0,1.192312,2.3189445,0.0952381,2.5401762,68.65625,1
6bba_9a41d029,1043733,83,10.0,227.0,13.0,1.1544503,2.1049113,0.15873016,2.5434792,68.92444,1
6bba_9a41d029,1043734,83,25.0,234.0,123.0,1.1777741,3.1225953,0.3968254,2.5434792,68.92444,0
6bba_9a41d029,1043735,83,14.0,199.0,119.0,1.1570337,4.141885,0.22222222,2.5434792,68.92444,0
6bba_9a41d029,1043736,83,20.0,199.0,151.0,1.1528133,2.5712373,0.31746033,2.5434792,68.92444,0
6bba_9a41d029,1043737,83,3.0,147.0,42.0,1.1242561,2.1457832,0.04761905,2.5368643,68.38806,0
6bba_9a41d029,1043738,83,15.0,175.0,116.0,1.1059911,3.5087576,0.23809524,2.5434792,68.92444,0
6bba_9a41d029,1043739,83,2.0,174.0,50.0,1.1141329,2.051649,0.031746034,2.4652207,62.756104,2
6bba_9a41d029,1043740,83,5.0,132.0,48.0,1.0934812,2.358779,0.07936508,2.5401762,68.65625,0
6bba_9a41d029,1043741,83,18.0,200.0,136.0,1.1000155,2.752018,0.2857143,2.5434792,68.92444,1
6bba_9a41d029,1043742,83,5.0,167.0,58.0,1.0891819,2.371474,0.07936508,2.5434792,68.92444,1
6bba_9a41d029,1043743,83,2.0,181.0,41.0,1.0893335,2.68689,0.031746034,2.4687274,63.024292,1
6bba_9a41d029,1043744,83,25.0,237.0,166.0,1.0981486,2.8008711,0.3968254,2.5434792,68.92444,0
6bba_9a41d029,1043745,83,7.0,214.0,15.0,1.0420507,1.3791822,0.11111111,2.5302145,67.851685,2
6bba_9a41d029,1043746,83,10.0,208.0,43.0,1.0361245,1.8564861,0.15873016,2.5401762,68.65625,1
6bba_9a41d029,1043747,83,11.0,157.0,87.0,1.0496731,3.0073042,0.17460318,2.5434792,68.92444,1
6bba_9a41d029,1043748,83,15.0,224.0,48.0,1.0436121,2.4941823,0.23809524,2.5434792,68.92444,0
6bba_9a41d029,1043749,83,30.0,143.0,185.0,1.0087017,3.3589365,0.47619048,2.5434792,68.92444,0
6bba_9a41d029,1043750,83,24.0,114.0,160.0,0.9752475,3.7283652,0.3809524,2.5434792,68.92444,0
6bba_9a41d029,1043751,83,28.0,210.0,133.0,0.9824491,2.3441174,0.44444445,2.5434792,68.92444,1
6bba_9a41d029,1043752,83,8.0,156.0,73.0,0.9797604,2.3906496,0.12698413,2.5401762,68.65625,1
6bba_9a41d029,1043753,83,39.0,235.0,210.0,0.97349554,3.0711977,0.61904764,2.5434792,68.92444,0
6bba_9a41d029,1043754,84,11.0,247.0,55.0,1.6781839,2.9957862,0.17460318,2.5434792,68.92444,1
6bba_9a41d029,1043755,84,5.0,251.0,42.0,1.479457,1.7223989,0.07936508,2.5401762,68.65625,1
6bba_9a41d029,1043756,84,17.0,243.0,138.0,1.4819913,3.249722,0.26984128,2.5434792,68.92444,0
6bba_9a41d029,1043757,84,10.0,218.0,99.0,1.404167,3.1742208,0.15873016,2.5434792,68.92444,1
6bba_9a41d029,1043758,84,12.0,252.0,115.0,1.3997396,2.1534147,0.1904762,2.5401762,68.65625,2
6bba_9a41d029,1043759,84,12.0,246.0,119.0,1.3844585,2.612656,0.1904762,2.5434792,68.92444,1
6bba_9a41d029,1043760,84,8.0,249.0,101.0,1.4013895,2.5560117,0.12698413,2.5434792,68.92444,2
6bba_9a41d029,1043761,84,4.0,204.0,5.0,1.3080577,2.3561637,0.06349207,2.5434792,68.92444,1
6bba_9a41d029,1043762,84,9.0,206.0,97.0,1.2819036,1.9476683,0.14285715,2.5434792,68.92444,1
6bba_9a41d029,1043763,84,9.0,191.0,84.0,1.2999028,2.8228815,0.14285715,2.5434792,68.92444,1
6bba_9a41d029,1043764,84,4.0,227.0,62.0,1.293296,3.7771945,0.06349207,2.5434792,68.92444,0
6bba_9a41d029,1043765,84,14.0,246.0,90.0,1.2714741,2.192617,0.22222222,2.5401762,68.65625,1
6bba_9a41d029,1043766,84,5.0,240.0,73.0,1.2642429,1.6442083,0.07936508,2.5401762,68.65625,0
6bba_9a41d029,1043767,84,6.0,185.0,10.0,1.2396437,2.4024982,0.0952381,2.5434792,68.92444,0
6bba_9a41d029,1043768,84,22.0,248.0,156.0,1.2487518,3.1273851,0.34920636,2.5434792,68.92444,0
6bba_9a41d029,1043769,84,4.0,203.0,50.0,1.200181,3.1744928,0.06349207,2.5401762,68.65625,1
6bba_9a41d029,1043770,84,6.0,202.0,75.0,1.192312,2.3189445,0.0952381,2.5401762,68.65625,1
6bba_9a41d029,1043771,84,10.0,227.0,13.0,1.1544503,2.1049113,0.15873016,2.5434792,68.92444,1
6bba_9a41d029,1043772,84,25.0,234.0,123.0,1.1777741,3.1225953,0.3968254,2.5434792,68.92444,0
6bba_9a41d029,1043773,84,14.0,199.0,119.0,1.1570337,4.141885,0.22222222,2.5434792,68.92444,0
6bba_9a41d029,1043774,84,20.0,199.0,151.0,1.1528133,2.5712373,0.31746033,2.5434792,68.92444,0
6bba_9a41d029,1043775,84,3.0,147.0,42.0,1.1242561,2.1457832,0.04761905,2.5368643,68.38806,0
6bba_9a41d029,1043776,84,15.0,175.0,116.0,1.1059911,3.5087576,0.23809524,2.5434792,68.92444,0
6bba_9a41d029,1043777,84,2.0,174.0,50.0,1.1141329,2.051649,0.031746034,2.4652207,62.756104,2
6bba_9a41d029,1043778,84,5.0,132.0,48.0,1.0934812,2.358779,0.07936508,2.5401762,68.65625,0
6bba_9a41d029,1043779,84,18.0,200.0,136.0,1.1000155,2.752018,0.2857143,2.5434792,68.92444,1
6bba_9a41d029,1043780,84,5.0,167.0,58.0,1.0891819,2.371474,0.07936508,2.5434792,68.92444,1
6bba_9a41d029,1043781,84,2.0,181.0,41.0,1.0893335,2.68689,0.031746034,2.4687274,63.024292,1
6bba_9a41d029,1043782,84,25.0,237.0,166.0,1.0981486,2.8008711,0.3968254,2.5434792,68.92444,0
6bba_9a41d029,1043783,84,7.0,214.0,15.0,1.0420507,1.3791822,0.11111111,2.5302145,67.851685,2
6bba_9a41d029,1043784,84,10.0,208.0,43.0,1.0361245,1.8564861,0.15873016,2.5401762,68.65625,1
6bba_9a41d029,1043785,84,11.0,157.0,87.0,1.0496731,3.0073042,0.17460318,2.5434792,68.92444,1
6bba_9a41d029,1043786,84,15.0,224.0,48.0,1.0436121,2.4941823,0.23809524,2.5434792,68.92444,0
6bba_9a41d029,1043787,84,30.0,143.0,185.0,1.0087017,3.3589365,0.47619048,2.5434792,68.92444,0
6bba_9a41d029,1043788,84,24.0,114.0,160.0,0.9752475,3.7283652,0.3809524,2.5434792,68.92444,0
6bba_9a41d029,1043789,84,28.0,210.0,133.0,0.9824491,2.3441174,0.44444445,2.5434792,68.92444,1
6bba_9a41d029,1043790,84,8.0,156.0,73.0,0.9797604,2.3906496,0.12698413,2.5401762,68.65625,1
6bba_9a41d029,1043791,84,39.0,235.0,210.0,0.97349554,3.0711977,0.61904764,2.5434792,68.92444,0
6bba_9a41d029,1043792,85,12.0,247.0,56.0,1.6288145,3.9976985,0.1904762,2.5434792,68.92444,0
6bba_9a41d029,1043793,85,9.0,249.0,103.0,1.5243268,3.9736335,0.14285715,2.5434792,68.92444,0
6bba_9a41d029,1043794,85,10.0,206.0,101.0,1.4123086,2.664772,0.15873016,2.5434792,68.92444,2
6bba_9a41d029,1043795,85,18.0,242.0,140.0,1.368228,3.33974,0.2857143,2.5434792,68.92444,1
6bba_9a41d029,1043796,85,5.0,232.0,65.0,1.3569472,3.6816113,0.07936508,2.5434792,68.92444,0
6bba_9a41d029,1043797,85,6.0,201.0,76.0,1.31119,2.225159,0.0952381,2.5401762,68.65625,1
6bba_9a41d029,1043798,85,10.0,194.0,83.0,1.3221682,2.4799814,0.15873016,2.5401762,68.65625,1
6bba_9a41d029,1043799,85,9.0,215.0,101.0,1.3555305,2.395493,0.14285715,2.5434792,68.92444,2
6bba_9a41d029,1043800,85,6.0,202.0,6.0,1.3137243,2.7914643,0.0952381,2.5434792,68.92444,0
6bba_9a41d029,1043801,85,5.0,249.0,81.0,1.2277845,1.6759189,0.07936508,2.5434792,68.92444,0
6bba_9a41d029,1043802,85,21.0,244.0,158.0,1.197512,2.4768019,0.33333334,2.5434792,68.92444,2
6bba_9a41d029,1043803,85,5.0,210.0,55.0,1.1543778,4.083146,0.07936508,2.5401762,68.65625,0
6bba_9a41d029,1043804,85,25.0,229.0,124.0,1.1986395,3.530142,0.3968254,2.5434792,68.92444,0
6bba_9a41d029,1043805,85,3.0,190.0,45.0,1.1335714,2.932463,0.04761905,2.5368643,68.38806,0
6bba_9a41d029,1043806,85,10.0,203.0,41.0,1.0608815,2.4887083,0.15873016,2.5434792,68.92444,0
6bba_9a41d029,1043807,85,21.0,200.0,152.0,1.1055212,2.5648088,0.33333334,2.5434792,68.92444,1
6bba_9a41d029,1043808,85,20.0,245.0,114.0,1.0859638,1.8275492,0.31746033,2.5434792,68.92444,0
6bba_9a41d029,1043809,85,5.0,136.0,48.0,1.0741278,2.5300405,0.07936508,2.5434792,68.92444,1
6bba_9a41d029,1043810,85,16.0,178.0,119.0,1.0616013,3.741864,0.25396827,2.5434792,68.92444,0
6bba_9a41d029,1043811,85,26.0,250.0,133.0,1.0837222,1.5926514,0.41269842,2.5401762,68.65625,1
6bba_9a41d029,1043812,85,31.0,147.0,185.0,1.0505672,3.8085146,0.4920635,2.5434792,68.92444,0
6bba_9a41d029,1043813,85,25.0,239.0,166.0,1.0656968,1.896363,0.3968254,2.5434792,68.92444,2
6bba_9a41d029,1043814,85,31.0,246.0,158.0,1.0267042,1.5038813,0.4920635,2.5434792,68.92444,2
6bba_9a41d029,1043815,85,19.0,204.0,138.0,1.0328113,2.2437773,0.3015873,2.5434792,68.92444,1
6bba_9a41d029,1043816,85,15.0,206.0,123.0,1.0403744,3.6795554,0.23809524,2.5434792,68.92444,0
6bba_9a41d029,1043817,85,12.0,227.0,27.0,0.94573426,2.5427961,0.1904762,2.5434792,68.92444,0
6bba_9a41d029,1043818,85,23.0,113.0,153.0,0.96912074,4.7237883,0.36507937,2.5434792,68.92444,0
6bba_9a41d029,1043819,85,8.0,156.0,71.0,1.0114002,3.5496368,0.12698413,2.5434792,68.92444,0
6bba_9a41d029,1043820,85,16.0,227.0,48.0,0.9997022,2.4900367,0.25396827,2.5434792,68.92444,0
6bba_9a41d029,1043821,85,13.0,164.0,91.0,0.9906467,2.7436867,0.20634921,2.5401762,68.65625,0
6bba_9a41d029,1043822,85,2.0,155.0,36.0,1.0005859,2.8078263,0.031746034,2.4687274,63.024292,0
6bba_9a41d029,1043823,85,6.0,143.0,51.0,0.98489463,2.1621933,0.0952381,2.5434792,68.92444,1
6bba_9a41d029,1043824,85,18.0,216.0,101.0,0.9816307,0.82280767,0.2857143,2.5401762,68.65625,2
6bba_9a41d029,1043825,85,45.0,237.0,229.0,0.9522161,3.6057034,0.71428573,2.5401762,68.65625,0
6bba_9a41d029,1043826,85,7.0,74.0,51.0,0.9335891,2.6612465,0.11111111,2.5434792,68.92444,0
6bba_9a41d029,1043827,86,11.0,250.0,56.0,1.7065566,4.097109,0.17460318,2.5434792,68.92444,0
6bba_9a41d029,1043828,86,9.0,250.0,107.0,1.6094644,4.3949704,0.14285715,2.5434792,68.92444,1
6bba_9a41d029,1043829,86,5.0,235.0,67.0,1.3880807,3.5836413,0.07936508,2.5434792,68.92444,0
6bba_9a41d029,1043830,86,9.0,212.0,104.0,1.374016,2.294582,0.14285715,2.5434792,68.92444,0
6bba_9a41d029,1043831,86,18.0,248.0,144.0,1.377257,3.360474,0.2857143,2.5434792,68.92444,2
6bba_9a41d029,1043832,86,10.0,196.0,88.0,1.3370186,2.5799742,0.15873016,2.5434792,68.92444,1
6bba_9a41d029,1043833,86,6.0,204.0,8.0,1.318993,2.976681,0.0952381,2.5434792,68.92444,0
6bba_9a41d029,1043834,86,6.0,253.0,81.0,1.2785008,2.1060252,0.0952381,2.4652207,62.756104,0
6bba_9a41d029,1043835,86,6.0,203.0,78.0,1.250737,1.974028,0.0952381,2.5401762,68.65625,2
6bba_9a41d029,1043836,86,7.0,210.0,82.0,1.2271336,1.9862525,0.11111111,2.5401762,68.65625,1
6bba_9a41d029,1043837,86,24.0,231.0,125.0,1.2429898,3.405095,0.3809524,2.5434792,68.92444,0
6bba_9a41d029,1043838,86,6.0,214.0,60.0,1.2103244,4.4576197,0.0952381,2.5401762,68.65625,0
6bba_9a41d029,1043839,86,21.0,245.0,158.0,1.1708846,1.9021883,0.33333334,2.5434792,68.92444,3
6bba_9a41d029,1043840,86,21.0,200.0,155.0,1.1512817,2.839261,0.33333334,2.5434792,68.92444,0
6bba_9a41d029,1043841,86,22.0,250.0,163.0,1.1560016,2.1043587,0.34920636,2.5401762,68.65625,2
6bba_9a41d029,1043842,86,20.0,247.0,116.0,1.1148461,1.7359793,0.31746033,2.5434792,68.92444,1
6bba_9a41d029,1043843,86,16.0,179.0,121.0,1.0997987,3.9962118,0.25396827,2.5434792,68.92444,0
6bba_9a41d029,1043844,86,10.0,204.0,42.0,1.0561944,2.6508234,0.15873016,2.5434792,68.92444,0
6bba_9a41d029,1043845,86,12.0,231.0,30.0,0.9954094,2.8700771,0.1904762,2.5401762,68.65625,0
6bba_9a41d029,1043846,86,25.0,251.0,137.0,1.0895994,1.3628479,0.3968254,2.5434792,68.92444,1
6bba_9a41d029,1043847,86,19.0,242.0,92.0,1.0606415,1.961784,0.3015873,2.5401762,68.65625,0
6bba_9a41d029,1043848,86,25.0,240.0,170.0,1.0707883,2.430898,0.3968254,2.5401762,68.65625,2
6bba_9a41d029,1043849,86,31.0,147.0,188.0,1.0469056,4.120087,0.4920635,2.5434792,68.92444,0
6bba_9a41d029,1043850,86,3.0,192.0,49.0,1.0513514,2.4152076,0.04761905,2.5401762,68.65625,0
6bba_9a41d029,1043851,86,7.0,160.0,72.0,1.0239695,3.0747871,0.11111111,2.5434792,68.92444,0
6bba_9a41d029,1043852,86,15.0,210.0,126.0,1.0275753,3.4496026,0.23809524,2.5434792,68.92444,1
6bba_9a41d029,1043853,86,13.0,166.0,94.0,0.9965369,2.7716866,0.20634921,2.5401762,68.65625,0
6bba_9a41d029,1043854,86,5.0,139.0,50.0,1.0001261,2.2142212,0.07936508,2.5434792,68.92444,1
6bba_9a41d029,1043855,86,20.0,210.0,140.0,1.0004811,2.1572092,0.31746033,2.5368643,68.38806,1
6bba_9a41d029,1043856,86,16.0,228.0,51.0,0.9940881,2.2919374,0.25396827,2.5434792,68.92444,0
6bba_9a41d029,1043857,86,2.0,154.0,39.0,0.9939646,2.3509517,0.031746034,2.4687274,63.024292,0
6bba_9a41d029,1043858,86,6.0,145.0,53.0,0.96202433,2.0871694,0.0952381,2.5434792,68.92444,1
6bba_9a41d029,1043859,87,11.0,250.0,56.0,1.7065566,4.097109,0.17460318,2.5434792,68.92444,0
6bba_9a41d029,1043860,87,9.0,250.0,107.0,1.6094644,4.3949704,0.14285715,2.5434792,68.92444,1
6bba_9a41d029,1043861,87,5.0,235.0,67.0,1.3880807,3.5836413,0.07936508,2.5434792,68.92444,0
6bba_9a41d029,1043862,87,9.0,212.0,104.0,1.374016,2.294582,0.14285715,2.5434792,68.92444,0
6bba_9a41d029,1043863,87,18.0,248.0,144.0,1.377257,3.360474,0.2857143,2.5434792,68.92444,2
6bba_9a41d029,1043864,87,10.0,196.0,88.0,1.3370186,2.5799742,0.15873016,2.5434792,68.92444,1
6bba_9a41d029,1043865,87,6.0,204.0,8.0,1.318993,2.976681,0.0952381,2.5434792,68.92444,0
6bba_9a41d029,1043866,87,6.0,253.0,81.0,1.2785008,2.1060252,0.0952381,2.4652207,62.756104,0
6bba_9a41d029,1043867,87,6.0,203.0,78.0,1.250737,1.974028,0.0952381,2.5401762,68.65625,2
6bba_9a41d029,1043868,87,7.0,210.0,82.0,1.2271336,1.9862525,0.11111111,2.5401762,68.65625,1
6bba_9a41d029,1043869,87,24.0,231.0,125.0,1.2429898,3.405095,0.3809524,2.5434792,68.92444,0
6bba_9a41d029,1043870,87,6.0,214.0,60.0,1.2103244,4.4576197,0.0952381,2.5401762,68.65625,0
6bba_9a41d029,1043871,87,21.0,245.0,158.0,1.1708846,1.9021883,0.33333334,2.5434792,68.92444,3
6bba_9a41d029,1043872,87,21.0,200.0,155.0,1.1512817,2.839261,0.33333334,2.5434792,68.92444,0
6bba_9a41d029,1043873,87,22.0,250.0,163.0,1.1560016,2.1043587,0.34920636,2.5401762,68.65625,2
6bba_9a41d029,1043874,87,20.0,247.0,116.0,1.1148461,1.7359793,0.31746033,2.5434792,68.92444,1
6bba_9a41d029,1043875,87,16.0,179.0,121.0,1.0997987,3.9962118,0.25396827,2.5434792,68.92444,0
6bba_9a41d029,1043876,87,10.0,204.0,42.0,1.0561944,2.6508234,0.15873016,2.5434792,68.92444,0
6bba_9a41d029,1043877,87,12.0,231.0,30.0,0.9954094,2.8700771,0.1904762,2.5401762,68.65625,0
6bba_9a41d029,1043878,87,25.0,251.0,137.0,1.0895994,1.3628479,0.3968254,2.5434792,68.92444,1
6bba_9a41d029,1043879,87,19.0,242.0,92.0,1.0606415,1.961784,0.3015873,2.5401762,68.65625,0
6bba_9a41d029,1043880,87,25.0,240.0,170.0,1.0707883,2.430898,0.3968254,2.5401762,68.65625,2
6bba_9a41d029,1043881,87,31.0,147.0,188.0,1.0469056,4.120087,0.4920635,2.5434792,68.92444,0
6bba_9a41d029,1043882,87,3.0,192.0,49.0,1.0513514,2.4152076,0.04761905,2.5401762,68.65625,0
6bba_9a41d029,1043883,87,7.0,160.0,72.0,1.0239695,3.0747871,0.11111111,2.5434792,68.92444,0
6bba_9a41d029,1043884,87,15.0,210.0,126.0,1.0275753,3.4496026,0.23809524,2.5434792,68.92444,1
6bba_9a41d029,1043885,87,13.0,166.0,94.0,0.9965369,2.7716866,0.20634921,2.5401762,68.65625,0
6bba_9a41d029,1043886,87,5.0,139.0,50.0,1.0001261,2.2142212,0.07936508,2.5434792,68.92444,1
6bba_9a41d029,1043887,87,20.0,210.0,140.0,1.0004811,2.1572092,0.31746033,2.5368643,68.38806,1
6bba_9a41d029,1043888,87,16.0,228.0,51.0,0.9940881,2.2919374,0.25396827,2.5434792,68.92444,0
6bba_9a41d029,1043889,87,2.0,154.0,39.0,0.9939646,2.3509517,0.031746034,2.4687274,63.024292,0
6bba_9a41d029,1043890,87,6.0,145.0,53.0,0.96202433,2.0871694,0.0952381,2.5434792,68.92444,1
6bba_9a41d029,1043891,88,12.0,252.0,61.0,1.4979007,3.7099123,0.1904762,2.5401762,68.65625,0
6bba_9a41d029,1043892,88,5.0,236.0,73.0,1.4087653,3.8244138,0.07936508,2.5434792,68.92444,0
6bba_9a41d029,1043893,88,11.0,215.0,109.0,1.3679945,2.5584242,0.17460318,2.5434792,68.92444,1
6bba_9a41d029,1043894,88,10.0,203.0,91.0,1.2850393,1.9870409,0.15873016,2.5434792,68.92444,1
6bba_9a41d029,1043895,88,7.0,214.0,90.0,1.2957152,2.2181816,0.11111111,2.5434792,68.92444,1
6bba_9a41d029,1043896,88,19.0,253.0,149.0,1.2560415,2.384818,0.3015873,2.4687274,63.024292,2
6bba_9a41d029,1043897,88,7.0,252.0,86.0,1.2350585,3.196836,0.11111111,2.5335438,68.11987,0
6bba_9a41d029,1043898,88,11.0,250.0,112.0,1.1964306,2.4818823,0.17460318,2.5434792,68.92444,2
6bba_9a41d029,1043899,88,11.0,225.0,109.0,1.2208393,1.9653212,0.17460318,2.5434792,68.92444,1
6bba_9a41d029,1043900,88,6.0,207.0,10.0,1.1791052,2.7989752,0.0952381,2.5401762,68.65625,0
6bba_9a41d029,1043901,88,21.0,249.0,163.0,1.1583812,2.1844888,0.33333334,2.5401762,68.65625,3
6bba_9a41d029,1043902,88,16.0,246.0,101.0,1.1431859,1.8095912,0.25396827,2.5401762,68.65625,1
6bba_9a41d029,1043903,88,21.0,246.0,122.0,1.1181626,2.4189687,0.33333334,2.5434792,68.92444,2
6bba_9a41d029,1043904,88,7.0,218.0,67.0,1.0896223,3.0426035,0.11111111,2.5434792,68.92444,0
6bba_9a41d029,1043905,88,25.0,232.0,126.0,1.1094491,2.5439026,0.3968254,2.5434792,68.92444,1
6bba_9a41d029,1043906,88,19.0,212.0,144.0,1.0804945,3.0657594,0.3015873,2.5434792,68.92444,1
6bba_9a41d029,1043907,88,21.0,202.0,157.0,1.0847117,2.6948988,0.33333334,2.5434792,68.92444,1
6bba_9a41d029,1043908,88,8.0,164.0,75.0,1.0558032,4.2403164,0.12698413,2.5434792,68.92444,0
6bba_9a41d029,1043909,88,12.0,231.0,33.0,0.9798492,2.8551013,0.1904762,2.5434792,68.92444,0
6bba_9a41d029,1043910,88,2.0,159.0,42.0,1.0485095,2.8135777,0.031746034,2.4687274,63.024292,0
6bba_9a41d029,1043911,88,17.0,183.0,124.0,1.0006784,3.4378958,0.26984128,2.5434792,68.92444,0
6bba_9a41d029,1043912,88,32.0,151.0,189.0,1.0032159,4.22462,0.50793654,2.5434792,68.92444,0
6bba_9a41d029,1043913,88,27.0,244.0,175.0,1.0035051,2.1674225,0.42857143,2.5434792,68.92444,3
6bba_9a41d029,1043914,88,6.0,146.0,55.0,0.97152674,2.6290586,0.0952381,2.5434792,68.92444,1
6bba_9a41d029,1043915,88,3.0,198.0,52.0,0.991286,2.0162606,0.04761905,2.5401762,68.65625,2
6bba_9a41d029,1043916,88,27.0,253.0,139.0,0.9751252,1.580531,0.42857143,2.4687274,63.024292,1
6bba_9a41d029,1043917,88,16.0,213.0,130.0,0.9857459,2.871021,0.25396827,2.5401762,68.65625,1
6bba_9a41d029,1043918,88,11.0,206.0,45.0,0.93701744,2.2876432,0.17460318,2.5401762,68.65625,1
6bba_9a41d029,1043919,88,7.0,233.0,11.0,0.97476757,1.6862013,0.11111111,2.5401762,68.65625,1
6bba_9a41d029,1043920,88,15.0,239.0,130.0,0.96914375,1.6977919,0.23809524,2.5434792,68.92444,2
6bba_9a41d029,1043921,88,36.0,182.0,185.0,0.9510656,3.3437977,0.5714286,2.5434792,68.92444,0
6bba_9a41d029,1043922,88,13.0,232.0,56.0,0.93782926,2.2155826,0.20634921,2.5434792,68.92444,0
6bba_9a41d029,1043923,88,12.0,180.0,95.0,0.9344437,1.9648628,0.1904762,2.5434792,68.92444,1
6bba_9a41d029,1043924,88,2.0,190.0,58.0,0.9561024,1.7280748,0.031746034,2.4687274,63.024292,2
6bba_9a41d029,1043925,88,24.0,193.0,166.0,0.93010503,1.9171073,0.3809524,2.5434792,68.92444,1
6bba_9a41d029,1043926,88,5.0,176.0,62.0,0.9218384,2.7044845,0.07936508,2.5434792,68.92444,1
6bba_9a41d029,1043927,88,31.0,248.0,162.0,0.9176509,1.0153668,0.4920635,2.5434792,68.92444,2
6bba_9a41d029,1043928,88,4.0,139.0,48.0,0.91017646,2.1801188,0.06349207,2.5401762,68.65625,1
6bba_9a41d029,1043929,88,41.0,244.0,216.0,0.9189526,3.2448616,0.6507937,2.5434792,68.92444,0
6bba_9a41d029,1043930,88,13.0,171.0,98.0,0.8991028,2.176321,0.20634921,2.5401762,68.65625,1
6bba_9a41d029,1043931,88,28.0,226.0,175.0,0.91274345,3.1631675,0.44444445,2.5434792,68.92444,0
6bba_9a41d029,1043932,88,31.0,240.0,186.0,0.8999574,2.0724738,0.4920635,2.5368643,68.38806,3
6bba_9a41d029,1043933,88,42.0,217.0,224.0,0.91059715,2.3624053,0.6666667,2.5434792,68.92444,1
6bba_9a41d029,1043934,88,12.0,231.0,4.0,0.81869173,1.3785279,0.1904762,2.5100527,66.24255,1
6bba_9a41d029,1043935,88,9.0,112.0,70.0,0.8811891,3.5958457,0.14285715,2.5434792,68.92444,0
6bba_9a41d029,1043936,88,34.0,233.0,197.0,0.89661795,2.3026083,0.53968257,2.5434792,68.92444,2
6bba_9a41d029,1043937,88,7.0,127.0,58.0,0.85683966,3.1796298,0.11111111,2.5401762,68.65625,0
6bba_9a41d029,1043938,88,6.0,77.0,53.0,0.85038084,2.6231906,0.0952381,2.5434792,68.92444,0
6bba_9a41d029,1043939,88,51.0,225.0,229.0,0.8567378,1.9207535,0.8095238,2.5434792,68.92444,1
6bba_9a41d029,1043940,88,38.0,234.0,189.0,0.85602456,1.6849931,0.6031746,2.5401762,68.65625,2
6bba_9a41d029,1043941,88,23.0,112.0,150.0,0.8625589,3.6768885,0.36507937,2.5434792,68.92444,0
6bba_9a41d029,1043942,89,12.0,253.0,62.0,1.6451707,3.2185202,0.1904762,2.4687274,63.024292,0
6bba_9a41d029,1043943,89,5.0,239.0,75.0,1.5462471,4.489852,0.07936508,2.5434792,68.92444,0
6bba_9a41d029,1043944,89,5.0,253.0,48.0,1.4332818,1.6323711,0.07936508,2.4687274,63.024292,0
6bba_9a41d029,1043945,89,11.0,219.0,111.0,1.4100866,2.216309,0.17460318,2.5434792,68.92444,1
6bba_9a41d029,1043946,89,8.0,221.0,91.0,1.3932084,2.5935965,0.12698413,2.5434792,68.92444,0
6bba_9a41d029,1043947,89,10.0,226.0,110.0,1.3780721,2.2844374,0.15873016,2.5434792,68.92444,1
6bba_9a41d029,1043948,89,5.0,211.0,8.0,1.316883,2.728104,0.07936508,2.5434792,68.92444,0
6bba_9a41d029,1043949,89,11.0,204.0,94.0,1.2727726,2.1527362,0.17460318,2.5401762,68.65625,1
6bba_9a41d029,1043950,89,6.0,226.0,64.0,1.2378227,2.803318,0.0952381,2.5401762,68.65625,1
6bba_9a41d029,1043951,89,22.0,251.0,166.0,1.2061172,2.2074978,0.34920636,2.5434792,68.92444,2
6bba_9a41d029,1043952,89,16.0,250.0,109.0,1.1872766,1.7766973,0.25396827,2.5434792,68.92444,0
6bba_9a41d029,1043953,89,24.0,232.0,127.0,1.1845682,2.9773314,0.3809524,2.5434792,68.92444,1
6bba_9a41d029,1043954,89,7.0,150.0,59.0,1.1187444,2.8563342,0.11111111,2.5434792,68.92444,0
6bba_9a41d029,1043955,89,20.0,243.0,93.0,1.1253282,2.6142035,0.31746033,2.5434792,68.92444,0
6bba_9a41d029,1043956,89,22.0,204.0,159.0,1.1299496,2.6319401,0.34920636,2.5434792,68.92444,1
6bba_9a41d029,1043957,89,4.0,201.0,56.0,1.1164337,2.359398,0.06349207,2.5401762,68.65625,0
6bba_9a41d029,1043958,89,22.0,248.0,125.0,1.118636,2.0630515,0.34920636,2.5434792,68.92444,1
6bba_9a41d029,1043959,89,11.0,196.0,92.0,1.1226888,1.9634653,0.17460318,2.5434792,68.92444,2
6bba_9a41d029,1043960,89,17.0,188.0,125.0,1.094132,3.9364884,0.26984128,2.5434792,68.92444,0
6bba_9a41d029,1043961,89,3.0,159.0,46.0,1.1078135,2.8133495,0.04761905,2.5401762,68.65625,0
6bba_9a41d029,1043962,89,20.0,213.0,144.0,1.0747883,2.3104117,0.31746033,2.5401762,68.65625,1
6bba_9a41d029,1043963,89,16.0,215.0,133.0,1.0684348,2.6787665,0.25396827,2.5434792,68.92444,1
6bba_9a41d029,1043964,89,33.0,151.0,188.0,1.0417943,4.227486,0.52380955,2.5434792,68.92444,0
6bba_9a41d029,1043965,89,27.0,245.0,176.0,1.0470468,2.0872405,0.42857143,2.5434792,68.92444,2
6bba_9a41d029,1043966,89,13.0,185.0,95.0,1.0202487,2.0395126,0.20634921,2.5401762,68.65625,2
6bba_9a41d029,1043967,89,17.0,243.0,133.0,1.0295441,1.7780167,0.26984128,2.5302145,67.851685,2
6bba_9a41d029,1043968,89,11.0,214.0,48.0,0.9605221,2.2956874,0.17460318,2.5401762,68.65625,0
6bba_9a41d029,1043969,89,13.0,233.0,59.0,1.0192232,1.598995,0.20634921,2.5434792,68.92444,1
6bba_9a41d029,1043970,89,12.0,234.0,35.0,0.9624417,2.8006957,0.1904762,2.5434792,68.92444,0
6bba_9a41d029,1043971,89,32.0,250.0,162.0,1.0036333,1.4582994,0.50793654,2.5434792,68.92444,1
6bba_9a41d029,1043972,89,6.0,181.0,61.0,0.9753494,3.5485501,0.0952381,2.5368643,68.38806,0
6bba_9a41d029,1043973,89,29.0,228.0,176.0,0.97363037,3.087929,0.46031746,2.5434792,68.92444,0
6bba_9a41d029,1043974,89,7.0,130.0,59.0,0.9472825,3.1994154,0.11111111,2.5401762,68.65625,0
6bba_9a41d029,1043975,89,24.0,193.0,167.0,0.949866,1.9763621,0.3809524,2.5434792,68.92444,1
6bba_9a41d029,1043976,89,13.0,175.0,101.0,0.94742703,1.9600934,0.20634921,2.5368643,68.38806,1
6bba_9a41d029,1043977,89,36.0,183.0,184.0,0.9402418,3.0094442,0.5714286,2.5434792,68.92444,0
6bba_9a41d029,1043978,89,31.0,242.0,186.0,0.9413988,1.9440799,0.4920635,2.5401762,68.65625,1
6bba_9a41d029,1043979,89,10.0,37.0,4.0,0.8826748,2.513264,0.15873016,2.5368643,68.38806,0
6bba_9a41d029,1043980,90,11.0,245.0,107.0,1.7211013,3.6007156,0.17460318,2.5434792,68.92444,0
6bba_9a41d029,1043981,90,7.0,250.0,91.0,1.5893617,5.1093984,0.11111111,2.5434792,68.92444,0
6bba_9a41d029,1043982,90,13.0,199.0,108.0,1.3953186,3.5840092,0.20634921,2.5434792,68.92444,1
6bba_9a41d029,1043983,90,16.0,237.0,125.0,1.4160787,3.131119,0.25396827,2.5434792,68.92444,0
6bba_9a41d029,1043984,90,8.0,234.0,80.0,1.3477865,4.2137985,0.12698413,2.5434792,68.92444,1
6bba_9a41d029,1043985,90,13.0,206.0,108.0,1.302953,3.0624707,0.20634921,2.5434792,68.92444,1
6bba_9a41d029,1043986,90,6.0,223.0,20.0,1.3094447,2.2188315,0.0952381,2.5434792,68.92444,0
6bba_9a41d029,1043987,90,13.0,224.0,57.0,1.1632098,2.5988169,0.20634921,2.5434792,68.92444,0
6bba_9a41d029,1043988,90,14.0,251.0,131.0,1.193377,2.0626001,0.22222222,2.5434792,68.92444,0
6bba_9a41d029,1043989,90,17.0,212.0,131.0,1.1805515,3.1507797,0.26984128,2.5434792,68.92444,1
6bba_9a41d029,1043990,90,17.0,240.0,73.0,1.1810085,2.2694874,0.26984128,2.5434792,68.92444,1
6bba_9a41d029,1043991,90,6.0,165.0,65.0,1.1426895,3.1749673,0.0952381,2.5434792,68.92444,0
6bba_9a41d029,1043992,90,8.0,246.0,14.0,1.1146817,1.6415712,0.12698413,2.5434792,68.92444,0
6bba_9a41d029,1043993,90,6.0,221.0,70.0,1.1159768,2.2087314,0.0952381,2.5401762,68.65625,1
6bba_9a41d029,1043994,90,18.0,239.0,146.0,1.124743,2.9626806,0.2857143,2.5434792,68.92444,1
6bba_9a41d029,1043995,90,5.0,183.0,58.0,1.0925279,2.4220526,0.07936508,2.5401762,68.65625,0
6bba_9a41d029,1043996,90,20.0,215.0,145.0,1.0816679,2.189911,0.31746033,2.5434792,68.92444,1
6bba_9a41d029,1043997,90,8.0,197.0,80.0,1.056201,3.560952,0.12698413,2.5401762,68.65625,0
6bba_9a41d029,1043998,90,7.0,219.0,79.0,1.0524539,1.6241195,0.11111111,2.5401762,68.65625,1
6bba_9a41d029,1043999,90,2.0,175.0,36.0,1.0635421,2.5629902,0.031746034,2.4687274,63.024292,0
6bba_9a41d029,1044000,90,26.0,231.0,169.0,1.0281011,2.4753525,0.41269842,2.5401762,68.65625,0
6bba_9a41d029,1044001,90,28.0,237.0,138.0,1.00387,1.6750256,0.44444445,2.5401762,68.65625,2
6bba_9a41d029,1044002,90,28.0,242.0,135.0,1.0076631,1.6404501,0.44444445,2.5434792,68.92444,1
6bba_9a41d029,1044003,90,37.0,159.0,198.0,0.9846416,3.5121086,0.5873016,2.5434792,68.92444,0
6bba_9a41d029,1044004,90,14.0,175.0,107.0,0.97856396,3.7981942,0.22222222,2.5434792,68.92444,0
6bba_9a41d029,1044005,91,11.0,245.0,107.0,1.7211013,3.6007156,0.17460318,2.5434792,68.92444,0
6bba_9a41d029,1044006,91,7.0,250.0,91.0,1.5893617,5.1093984,0.11111111,2.5434792,68.92444,0
6bba_9a41d029,1044007,91,13.0,199.0,108.0,1.3953186,3.5840092,0.20634921,2.5434792,68.92444,1
6bba_9a41d029,1044008,91,16.0,237.0,125.0,1.4160787,3.131119,0.25396827,2.5434792,68.92444,0
6bba_9a41d029,1044009,91,8.0,234.0,80.0,1.3477865,4.2137985,0.12698413,2.5434792,68.92444,1
6bba_9a41d029,1044010,91,13.0,206.0,108.0,1.302953,3.0624707,0.20634921,2.5434792,68.92444,1
6bba_9a41d029,1044011,91,6.0,223.0,20.0,1.3094447,2.2188315,0.0952381,2.5434792,68.92444,0
6bba_9a41d029,1044012,91,13.0,224.0,57.0,1.1632098,2.5988169,0.20634921,2.5434792,68.92444,0
6bba_9a41d029,1044013,91,14.0,251.0,131.0,1.193377,2.0626001,0.22222222,2.5434792,68.92444,0
6bba_9a41d029,1044014,91,17.0,212.0,131.0,1.1805515,3.1507797,0.26984128,2.5434792,68.92444,1
6bba_9a41d029,1044015,91,17.0,240.0,73.0,1.1810085,2.2694874,0.26984128,2.5434792,68.92444,1
6bba_9a41d029,1044016,91,6.0,165.0,65.0,1.1426895,3.1749673,0.0952381,2.5434792,68.92444,0
6bba_9a41d029,1044017,91,8.0,246.0,14.0,1.1146817,1.6415712,0.12698413,2.5434792,68.92444,0
6bba_9a41d029,1044018,91,6.0,221.0,70.0,1.1159768,2.2087314,0.0952381,2.5401762,68.65625,1
6bba_9a41d029,1044019,91,18.0,239.0,146.0,1.124743,2.9626806,0.2857143,2.5434792,68.92444,1
6bba_9a41d029,1044020,91,5.0,183.0,58.0,1.0925279,2.4220526,0.07936508,2.5401762,68.65625,0
6bba_9a41d029,1044021,91,20.0,215.0,145.0,1.0816679,2.189911,0.31746033,2.5434792,68.92444,1
6bba_9a41d029,1044022,91,8.0,197.0,80.0,1.056201,3.560952,0.12698413,2.5401762,68.65625,0
6bba_9a41d029,1044023,91,7.0,219.0,79.0,1.0524539,1.6241195,0.11111111,2.5401762,68.65625,1
6bba_9a41d029,1044024,91,2.0,175.0,36.0,1.0635421,2.5629902,0.031746034,2.4687274,63.024292,0
6bba_9a41d029,1044025,91,26.0,231.0,169.0,1.0281011,2.4753525,0.41269842,2.5401762,68.65625,0
6bba_9a41d029,1044026,91,28.0,237.0,138.0,1.00387,1.6750256,0.44444445,2.5401762,68.65625,2
6bba_9a41d029,1044027,91,28.0,242.0,135.0,1.0076631,1.6404501,0.44444445,2.5434792,68.92444,1
6bba_9a41d029,1044028,91,37.0,159.0,198.0,0.9846416,3.5121086,0.5873016,2.5434792,68.92444,0
6bba_9a41d029,1044029,91,14.0,175.0,107.0,0.97856396,3.7981942,0.22222222,2.5434792,68.92444,0
6bba_9a41d029,1044030,92,10.0,244.0,107.0,1.6303297,2.8280501,0.15873016,2.5434792,68.92444,0
6bba_9a41d029,1044031,92,14.0,204.0,112.0,1.3748674,3.679464,0.22222222,2.5401762,68.65625,0
6bba_9a41d029,1044032,92,8.0,238.0,81.0,1.3437337,4.179395,0.12698413,2.5434792,68.92444,1
6bba_9a41d029,1044033,92,16.0,244.0,128.0,1.3229966,2.7822032,0.25396827,2.5434792,68.92444,0
6bba_9a41d029,1044034,92,6.0,228.0,20.0,1.2720822,2.3877234,0.0952381,2.5434792,68.92444,0
6bba_9a41d029,1044035,92,19.0,242.0,74.0,1.211981,2.8048887,0.3015873,2.5434792,68.92444,1
6bba_9a41d029,1044036,92,14.0,227.0,60.0,1.1495264,2.4675364,0.22222222,2.5401762,68.65625,1
6bba_9a41d029,1044037,92,17.0,220.0,134.0,1.1672988,2.5620887,0.26984128,2.5434792,68.92444,1
6bba_9a41d029,1044038,92,18.0,243.0,146.0,1.154608,2.901525,0.2857143,2.5434792,68.92444,0
6bba_9a41d029,1044039,92,5.0,189.0,58.0,1.1346071,2.806735,0.07936508,2.5401762,68.65625,0
6bba_9a41d029,1044040,92,21.0,219.0,145.0,1.1275107,2.045232,0.33333334,2.5434792,68.92444,1
6bba_9a41d029,1044041,92,6.0,170.0,67.0,1.1048309,2.6616602,0.0952381,2.5434792,68.92444,0
6bba_9a41d029,1044042,92,6.0,225.0,70.0,1.1003542,2.1780272,0.0952381,2.5401762,68.65625,2
6bba_9a41d029,1044043,92,6.0,221.0,74.0,1.1024445,2.6484704,0.0952381,2.5434792,68.92444,1
6bba_9a41d029,1044044,93,13.0,209.0,110.0,1.409919,4.030459,0.20634921,2.5434792,68.92444,0
6bba_9a41d029,1044045,93,8.0,240.0,79.0,1.3142205,3.7977931,0.12698413,2.5434792,68.92444,0
6bba_9a41d029,1044046,93,6.0,229.0,16.0,1.2732195,2.1545727,0.0952381,2.5401762,68.65625,0
6bba_9a41d029,1044047,93,15.0,250.0,129.0,1.2917578,2.4235706,0.23809524,2.5434792,68.92444,0
6bba_9a41d029,1044048,93,14.0,229.0,58.0,1.1494935,2.485927,0.22222222,2.5401762,68.65625,0
6bba_9a41d029,1044049,93,18.0,247.0,145.0,1.1516267,3.3598397,0.2857143,2.5434792,68.92444,0
6bba_9a41d029,1044050,94,13.0,211.0,111.0,1.3314934,3.336364,0.20634921,2.5434792,68.92444,1
6bba_9a41d029,1044051,94,8.0,244.0,81.0,1.300422,4.288593,0.12698413,2.5434792,68.92444,0
6bba_9a41d029,1044052,94,14.0,242.0,107.0,1.292987,2.0034153,0.22222222,2.5235295,67.31531,0
6bba_9a41d029,1044053,94,2.0,230.0,50.0,1.2506568,2.6248057,0.031746034,2.4687274,63.024292,0
6bba_9a41d029,1044054,94,6.0,231.0,17.0,1.2076029,1.7965332,0.0952381,2.5401762,68.65625,0
6bba_9a41d029,1044055,94,14.0,220.0,111.0,1.1468968,2.185915,0.22222222,2.5434792,68.92444,1
6bba_9a41d029,1044056,94,14.0,231.0,59.0,1.1309683,2.64909,0.22222222,2.5401762,68.65625,0
6bba_9a41d029,1044057,95,12.0,252.0,113.0,1.3608816,2.8096828,0.1904762,2.5368643,68.38806,0
6bba_9a41d029,1044058,95,12.0,220.0,119.0,1.3095105,2.585445,0.1904762,2.5401762,68.65625,1
6bba_9a41d029,1044059,95,6.0,232.0,23.0,1.2910478,2.2454693,0.0952381,2.5401762,68.65625,0
6bba_9a41d029,1044060,95,5.0,242.0,79.0,1.1541016,2.7090032,0.07936508,2.5401762,68.65625,1
6bba_9a41d029,1044061,95,4.0,213.0,67.0,1.1351658,2.5721684,0.06349207,2.5401762,68.65625,0
6bba_9a41d029,1044062,95,2.0,163.0,37.0,1.124259,2.4904628,0.031746034,2.4652207,62.756104,0
6bba_9a41d029,1044063,95,16.0,239.0,141.0,1.1157796,3.4593155,0.25396827,2.5434792,68.92444,0
6bba_9a41d029,1044064,95,7.0,217.0,86.0,1.0954533,3.346824,0.11111111,2.5401762,68.65625,0
6bba_9a41d029,1044065,95,12.0,231.0,117.0,1.0886526,1.5199274,0.1904762,2.5368643,68.38806,1
6bba_9a41d029,1044066,95,12.0,237.0,66.0,1.0575092,2.1685,0.1904762,2.5401762,68.65625,0
6bba_9a41d029,1044067,95,6.0,218.0,38.0,1.0722278,1.9670411,0.0952381,2.5434792,68.92444,1
6bba_9a41d029,1044068,95,17.0,251.0,79.0,1.0885772,2.7003706,0.26984128,2.5434792,68.92444,1
6bba_9a41d029,1044069,95,6.0,212.0,38.0,1.0421822,1.9457757,0.0952381,2.5401762,68.65625,1
6bba_9a41d029,1044070,95,20.0,244.0,160.0,1.052181,2.9985287,0.31746033,2.5434792,68.92444,0
6bba_9a41d029,1044071,95,6.0,202.0,14.0,0.98182136,2.3091357,0.0952381,2.5401762,68.65625,0
6bba_9a41d029,1044072,95,6.0,191.0,76.0,1.0214549,2.8369818,0.0952381,2.5434792,68.92444,0
6bba_9a41d029,1044073,95,13.0,197.0,113.0,0.9874879,4.0123506,0.20634921,2.5434792,68.92444,0
6bba_9a41d029,1044074,95,6.0,247.0,15.0,0.9832873,1.3006425,0.0952381,2.5401762,68.65625,0
6bba_9a41d029,1044075,95,9.0,244.0,48.0,0.9819889,1.4893161,0.14285715,2.5434792,68.92444,0
6bba_9a41d029,1044076,95,22.0,223.0,156.0,0.9948671,2.5683172,0.34920636,2.5434792,68.92444,0
6bba_9a41d029,1044077,96,3.0,215.0,27.0,1.4363931,4.2304173,0.04761905,2.5368643,68.38806,2
6bba_9a41d029,1044078,96,9.0,235.0,24.0,1.3000144,2.766361,0.14285715,2.5434792,68.92444,0
6bba_9a41d029,1044079,96,15.0,225.0,121.0,1.2669876,2.625259,0.23809524,2.5434792,68.92444,2
6bba_9a41d029,1044080,96,16.0,238.0,120.0,1.1704706,1.701356,0.25396827,2.5401762,68.65625,1
6bba_9a41d029,1044081,96,3.0,239.0,58.0,1.1921058,2.186373,0.04761905,2.5401762,68.65625,1
6bba_9a41d029,1044082,96,5.0,224.0,67.0,1.1220839,2.2385316,0.07936508,2.5434792,68.92444,1
6bba_9a41d029,1044083,96,8.0,242.0,86.0,1.1247889,2.4536552,0.12698413,2.5434792,68.92444,2
6bba_9a41d029,1044084,96,8.0,247.0,80.0,1.1104186,2.0731425,0.12698413,2.5434792,68.92444,2
6bba_9a41d029,1044085,96,20.0,240.0,142.0,1.0938985,3.1528618,0.31746033,2.5434792,68.92444,0
6bba_9a41d029,1044086,96,15.0,239.0,65.0,1.0593727,2.205023,0.23809524,2.5401762,68.65625,1
6bba_9a41d029,1044087,96,2.0,186.0,14.0,1.0842005,2.2970104,0.031746034,2.4652207,62.756104,0
6bba_9a41d029,1044088,96,23.0,244.0,159.0,1.0805866,3.0468192,0.36507937,2.5434792,68.92444,0
6bba_9a41d029,1044089,96,10.0,221.0,85.0,1.0472046,3.1205544,0.15873016,2.5401762,68.65625,0
6bba_9a41d029,1044090,96,8.0,213.0,68.0,1.0442234,2.101045,0.12698413,2.5134354,66.51074,1
6bba_9a41d029,1044091,96,5.0,166.0,37.0,1.0241896,1.8500907,0.07936508,2.5401762,68.65625,1
6bba_9a41d029,1044092,96,3.0,169.0,28.0,1.0243033,1.783415,0.04761905,2.5401762,68.65625,1
6bba_9a41d029,1044093,96,11.0,224.0,108.0,1.0099672,1.830906,0.17460318,2.5434792,68.92444,1
6bba_9a41d029,1044094,96,9.0,200.0,16.0,0.9823899,2.3033996,0.14285715,2.5401762,68.65625,0
6bba_9a41d029,1044095,96,20.0,201.0,137.0,0.96810496,5.550876,0.31746033,2.5434792,68.92444,0
6bba_9a41d029,1044096,96,25.0,224.0,155.0,0.9986668,2.413139,0.3968254,2.5434792,68.92444,0
6bba_9a41d029,1044097,96,16.0,203.0,113.0,0.973936,4.708948,0.25396827,2.5434792,68.92444,0
6bba_9a41d029,1044098,96,9.0,195.0,78.0,0.9870015,2.9564373,0.14285715,2.5434792,68.92444,0
6bba_9a41d029,1044099,96,16.0,242.0,85.0,0.9626619,1.1550738,0.25396827,2.5335438,68.11987,2
6bba_9a41d029,1044100,96,29.0,228.0,183.0,0.9562393,2.4043272,0.46031746,2.5434792,68.92444,0
6bba_9a41d029,1044101,96,6.0,198.0,49.0,0.9507731,2.5989294,0.0952381,2.5401762,68.65625,0
6bba_9a41d029,1044102,96,34.0,247.0,149.0,0.9258846,3.1055799,0.53968257,2.5434792,68.92444,1
6bba_9a41d029,1044103,96,37.0,178.0,194.0,0.94089925,3.322662,0.5873016,2.5434792,68.92444,0
6bba_9a41d029,1044104,96,34.0,252.0,149.0,0.89624316,2.8420253,0.53968257,2.5401762,68.65625,1
6bba_9a41d029,1044105,96,49.0,248.0,232.0,0.9423323,3.5741136,0.7777778,2.5434792,68.92444,0
6bba_9a41d029,1044106,96,8.0,162.0,60.0,0.90569633,3.8430226,0.12698413,2.5401762,68.65625,0
6bba_9a41d029,1044107,96,13.0,247.0,49.0,0.934355,1.3676249,0.20634921,2.5368643,68.38806,0
6bba_9a41d029,1044108,96,10.0,211.0,37.0,0.9217596,1.5616691,0.15873016,2.5434792,68.92444,2
6bba_9a41d029,1044109,96,10.0,217.0,36.0,0.9231631,1.271836,0.15873016,2.5401762,68.65625,2
6bba_9a41d029,1044110,97,3.0,219.0,32.0,1.3713648,3.7980614,0.04761905,2.5401762,68.65625,1
6bba_9a41d029,1044111,97,9.0,238.0,25.0,1.3751371,2.916749,0.14285715,2.5434792,68.92444,0
6bba_9a41d029,1044112,97,16.0,229.0,125.0,1.2063506,2.322006,0.25396827,2.5434792,68.92444,1
6bba_9a41d029,1044113,97,9.0,247.0,87.0,1.1691557,2.646917,0.14285715,2.5434792,68.92444,1
6bba_9a41d029,1044114,97,8.0,252.0,81.0,1.1782006,2.4161458,0.12698413,2.5401762,68.65625,1
6bba_9a41d029,1044115,97,16.0,242.0,122.0,1.1687713,1.7017843,0.25396827,2.5401762,68.65625,1
6bba_9a41d029,1044116,97,3.0,241.0,60.0,1.1446948,2.160781,0.04761905,2.5401762,68.65625,1
6bba_9a41d029,1044117,97,20.0,243.0,142.0,1.1217979,2.7660491,0.31746033,2.5434792,68.92444,0
6bba_9a41d029,1044118,97,8.0,216.0,73.0,1.1015538,2.496354,0.12698413,2.5401762,68.65625,1
6bba_9a41d029,1044119,97,6.0,226.0,70.0,1.1015571,2.0699193,0.0952381,2.5434792,68.92444,1
6bba_9a41d029,1044120,97,24.0,248.0,162.0,1.0731515,3.2598553,0.3809524,2.5434792,68.92444,0
6bba_9a41d029,1044121,97,9.0,200.0,16.0,1.0392963,2.429589,0.14285715,2.5434792,68.92444,0
6bba_9a41d029,1044122,97,4.0,174.0,34.0,1.0644215,2.2466438,0.06349207,2.5434792,68.92444,0
6bba_9a41d029,1044123,97,15.0,240.0,67.0,1.0197852,2.007712,0.23809524,2.5434792,68.92444,1
6bba_9a41d029,1044124,97,10.0,229.0,88.0,1.0450715,3.2718155,0.15873016,2.5401762,68.65625,0
6bba_9a41d029,1044125,97,17.0,208.0,117.0,0.9916525,4.7294035,0.26984128,2.5434792,68.92444,0
6bba_9a41d029,1044126,97,10.0,219.0,37.0,0.9905678,1.3785346,0.15873016,2.5401762,68.65625,1
6bba_9a41d029,1044127,97,17.0,223.0,58.0,0.95225227,3.21832,0.26984128,2.5434792,68.92444,0
6bba_9a41d029,1044128,97,2.0,126.0,2.0,0.9657766,3.8038704,0.031746034,2.3891516,57.124146,0
6bba_9a41d029,1044129,97,26.0,227.0,156.0,0.96107763,2.5043266,0.41269842,2.5434792,68.92444,0
6bba_9a41d029,1044130,97,5.0,201.0,50.0,0.964736,2.733161,0.07936508,2.5434792,68.92444,0
6bba_9a41d029,1044131,97,9.0,197.0,82.0,0.96084094,3.0102777,0.14285715,2.5434792,68.92444,0
6bba_9a41d029,1044132,98,4.0,221.0,35.0,1.3464026,4.4488444,0.06349207,2.5434792,68.92444,0
6bba_9a41d029,1044133,98,18.0,248.0,124.0,1.3015232,1.8454945,0.2857143,2.5335438,68.11987,1
6bba_9a41d029,1044134,98,9.0,241.0,25.0,1.3096321,2.6422136,0.14285715,2.5434792,68.92444,0
6bba_9a41d029,1044135,98,16.0,241.0,120.0,1.2212107,1.6140056,0.25396827,2.5401762,68.65625,1
6bba_9a41d029,1044136,98,8.0,218.0,72.0,1.2073563,2.97955,0.12698413,2.5434792,68.92444,1
6bba_9a41d029,1044137,98,21.0,253.0,147.0,1.1375304,2.6077912,0.33333334,2.4687274,63.024292,0
6bba_9a41d029,1044138,98,9.0,249.0,89.0,1.1349423,2.323993,0.14285715,2.5401762,68.65625,1
6bba_9a41d029,1044139,98,10.0,231.0,88.0,1.130137,3.4535275,0.15873016,2.5401762,68.65625,1
6bba_9a41d029,1044140,98,4.0,246.0,61.0,1.1529709,2.5806136,0.06349207,2.5434792,68.92444,2
6bba_9a41d029,1044141,98,16.0,241.0,67.0,1.0835185,2.635238,0.25396827,2.5401762,68.65625,1
6bba_9a41d029,1044142,98,5.0,179.0,37.0,1.1059352,2.5377758,0.07936508,2.5401762,68.65625,0
6bba_9a41d029,1044143,98,8.0,226.0,73.0,1.1012284,1.8555937,0.12698413,2.5434792,68.92444,1
6bba_9a41d029,1044144,98,10.0,200.0,19.0,1.0397303,2.3127854,0.15873016,2.5434792,68.92444,1
6bba_9a41d029,1044145,98,25.0,253.0,164.0,1.0546274,3.40605,0.3968254,2.4687274,63.024292,1
6bba_9a41d029,1044146,98,3.0,192.0,18.0,1.0160143,1.5393628,0.04761905,2.499849,65.43799,1
6bba_9a41d029,1044147,98,26.0,228.0,160.0,1.044059,2.842653,0.41269842,2.5434792,68.92444,1
6bba_9a41d029,1044148,98,17.0,211.0,118.0,1.005198,5.2621937,0.26984128,2.5434792,68.92444,0
6bba_9a41d029,1044149,98,34.0,204.0,185.0,1.0074593,2.7870386,0.53968257,2.5434792,68.92444,1
6bba_9a41d029,1044150,98,39.0,183.0,198.0,1.0003726,4.42222,0.61904764,2.5434792,68.92444,0
6bba_9a41d029,1044151,98,17.0,242.0,84.0,0.9787382,1.532697,0.26984128,2.5434792,68.92444,2
6bba_9a41d029,1044152,98,11.0,199.0,86.0,0.9661263,2.9384184,0.17460318,2.5434792,68.92444,0
6bba_9a41d029,1044153,98,6.0,206.0,52.0,0.94098794,2.4020302,0.0952381,2.5401762,68.65625,1
6bba_9a41d029,1044154,98,31.0,229.0,185.0,0.93697464,2.3402205,0.4920635,2.5434792,68.92444,0
6bba_9a41d029,1044155,98,6.0,201.0,55.0,0.93652105,2.4889786,0.0952381,2.5401762,68.65625,1
6bba_9a41d029,1044156,98,3.0,124.0,2.0,0.901739,2.722278,0.04761905,2.4652207,62.756104,0
6bba_9a41d029,1044157,98,9.0,167.0,64.0,0.8745003,3.9763694,0.14285715,2.5401762,68.65625,0
6bba_9a41d029,1044158,98,29.0,211.0,182.0,0.8994874,1.6665822,0.46031746,2.5368643,68.38806,1
6bba_9a41d029,1044159,98,15.0,253.0,57.0,0.8928585,1.2122854,0.23809524,2.451093,61.68335,1
6bba_9a41d029,1044160,98,49.0,191.0,223.0,0.9140649,3.3943093,0.7777778,2.5434792,68.92444,0
6bba_9a41d029,1044161,98,29.0,246.0,176.0,0.90344155,2.91,0.46031746,2.5434792,68.92444,1
6bba_9a41d029,1044162,98,21.0,210.0,140.0,0.8851696,5.478796,0.33333334,2.5434792,68.92444,0
6bba_9a41d029,1044163,98,17.0,225.0,59.0,0.87863195,2.4129717,0.26984128,2.5434792,68.92444,0
6bba_9a41d029,1044164,98,26.0,196.0,154.0,0.88036406,4.6571965,0.41269842,2.5434792,68.92444,0
6bba_9a41d029,1044165,98,12.0,159.0,82.0,0.8643799,3.5685222,0.1904762,2.5434792,68.92444,0
6bba_9a41d029,1044166,98,31.0,232.0,151.0,0.89490217,1.7817851,0.4920635,2.5434792,68.92444,1
6bba_9a41d029,1044167,98,15.0,240.0,7.0,0.84295243,2.2846107,0.23809524,2.5401762,68.65625,0
6bba_9a41d029,1044168,98,51.0,251.0,234.0,0.8777247,3.164774,0.8095238,2.5434792,68.92444,0
6bba_9a41d029,1044169,98,4.0,121.0,19.0,0.84763306,3.2553062,0.06349207,2.5434792,68.92444,0
6bba_9a41d029,1044170,98,4.0,95.0,20.0,0.85222155,2.3669631,0.06349207,2.5434792,68.92444,0
6bba_9a41d029,1044171,99,18.0,252.0,127.0,1.301651,2.212156,0.2857143,2.5401762,68.65625,2
6bba_9a41d029,1044172,99,8.0,246.0,24.0,1.2716286,2.2006526,0.12698413,2.5434792,68.92444,0
6bba_9a41d029,1044173,99,4.0,226.0,39.0,1.1931865,3.5874186,0.06349207,2.5434792,68.92444,1
6bba_9a41d029,1044174,99,18.0,241.0,130.0,1.1810182,1.813247,0.2857143,2.5434792,68.92444,2
6bba_9a41d029,1044175,99,8.0,223.0,71.0,1.1673118,2.6188262,0.12698413,2.5434792,68.92444,0
6bba_9a41d029,1044176,99,16.0,244.0,121.0,1.182928,1.587489,0.25396827,2.5401762,68.65625,3
6bba_9a41d029,1044177,99,5.0,184.0,38.0,1.1235564,2.8466501,0.07936508,2.5434792,68.92444,0
6bba_9a41d029,1044178,99,34.0,207.0,182.0,1.0968502,3.391686,0.53968257,2.5434792,68.92444,1
6bba_9a41d029,1044179,99,11.0,239.0,88.0,1.0822234,3.142439,0.17460318,2.5401762,68.65625,1
6bba_9a41d029,1044180,99,26.0,231.0,160.0,1.0670675,3.341195,0.41269842,2.5434792,68.92444,2
6bba_9a41d029,1044181,99,4.0,249.0,61.0,1.0659007,2.5323913,0.06349207,2.5434792,68.92444,1
6bba_9a41d029,1044182,99,28.0,224.0,184.0,1.0207384,2.6069496,0.44444445,2.5434792,68.92444,2
6bba_9a41d029,1044183,99,12.0,242.0,110.0,1.0185066,1.9772948,0.1904762,2.5434792,68.92444,1
6bba_9a41d029,1044184,99,6.0,212.0,52.0,0.98845756,2.4233367,0.0952381,2.5401762,68.65625,1
6bba_9a41d029,1044185,99,7.0,206.0,57.0,0.98360944,2.7045696,0.11111111,2.5401762,68.65625,1
6bba_9a41d029,1044186,99,39.0,184.0,195.0,0.96416074,4.394468,0.61904764,2.5434792,68.92444,0
6bba_9a41d029,1044187,99,16.0,243.0,66.0,0.9551152,2.0668645,0.25396827,2.5434792,68.92444,1
6bba_9a41d029,1044188,99,17.0,220.0,119.0,0.9681379,4.2808876,0.26984128,2.5434792,68.92444,1
6bba_9a41d029,1044189,99,18.0,216.0,120.0,0.9610185,4.5032954,0.2857143,2.5401762,68.65625,1
6bba_9a41d029,1044190,99,28.0,217.0,184.0,0.947575,1.763349,0.44444445,2.5434792,68.92444,3
6bba_9a41d029,1044191,99,26.0,204.0,153.0,0.9422863,5.5621934,0.41269842,2.5434792,68.92444,0
6bba_9a41d029,1044192,99,9.0,173.0,63.0,0.9052361,4.131849,0.14285715,2.5401762,68.65625,0
6bba_9a41d029,1044193,99,17.0,246.0,83.0,0.92901707,1.6430846,0.26984128,2.5434792,68.92444,1
6bba_9a41d029,1044194,99,30.0,250.0,174.0,0.91097844,2.2159605,0.47619048,2.5434792,68.92444,0
6bba_9a41d029,1044195,99,32.0,231.0,184.0,0.91105074,1.9873831,0.50793654,2.5434792,68.92444,2
6bba_9a41d029,1044196,99,11.0,206.0,86.0,0.9046249,2.899845,0.17460318,2.5434792,68.92444,0
6bba_9a41d029,1044197,99,10.0,216.0,36.0,0.8976336,1.8276953,0.15873016,2.5434792,68.92444,1
6bba_9a41d029,1044198,99,50.0,196.0,221.0,0.9074943,3.6567523,0.7936508,2.5434792,68.92444,0
6bba_9a41d029,1044199,99,5.0,98.0,19.0,0.88342094,2.2653027,0.07936508,2.5434792,68.92444,0
6bba_9a41d029,1044200,99,3.0,130.0,3.0,0.87337554,3.023004,0.04761905,2.5368643,68.38806,0
6bba_9a41d029,1044201,99,22.0,216.0,140.0,0.85154444,4.8231444,0.34920636,2.5434792,68.92444,0
6bba_9a41d029,1044202,99,33.0,235.0,148.0,0.8688073,2.095069,0.52380955,2.5434792,68.92444,2
6bba_9a41d029,1044203,99,34.0,231.0,148.0,0.8735602,2.2421737,0.53968257,2.5434792,68.92444,2
6bba_9a41d029,1044204,99,3.0,153.0,22.0,0.8486112,2.1819773,0.04761905,2.5401762,68.65625,0
