dataset,node_id,t,z,y,x,mean_intensity,snr,z_depth_ratio,estimated_radius_um,volume_um3,local_density_r15
6bba_ed9377fd,0,0,25.0,132.0,114.0,1.293623,5.002199,0.3968254,2.5434792,68.92444,0
6bba_ed9377fd,1,0,33.0,123.0,71.0,1.1894503,4.648937,0.52380955,2.5434792,68.92444,0
6bba_ed9377fd,2,0,0.0,156.0,198.0,0.9190253,3.7705567,0.0,2.1396742,41.032837,0
6bba_ed9377fd,3,0,31.0,130.0,40.0,1.2579178,3.323136,0.4920635,2.5434792,68.92444,1
6bba_ed9377fd,4,0,32.0,128.0,30.0,1.2482731,3.091201,0.50793654,2.5434792,68.92444,1
6bba_ed9377fd,5,0,34.0,83.0,215.0,1.3547884,4.899914,0.53968257,2.5434792,68.92444,0
6bba_ed9377fd,6,0,53.0,60.0,110.0,1.1544707,4.110819,0.84126985,2.5434792,68.92444,0
6bba_ed9377fd,7,0,42.0,78.0,171.0,1.1783369,3.097538,0.6666667,2.5434792,68.92444,1
6bba_ed9377fd,8,0,43.0,73.0,181.0,1.226595,3.3086896,0.6825397,2.5434792,68.92444,1
6bba_ed9377fd,9,0,55.0,62.0,54.0,1.166738,3.6352599,0.8730159,2.5434792,68.92444,0
6bba_ed9377fd,10,0,42.0,105.0,38.0,1.0579374,3.825373,0.6666667,2.5434792,68.92444,1
6bba_ed9377fd,11,0,9.0,156.0,146.0,1.1158744,3.3697307,0.14285715,2.5434792,68.92444,0
6bba_ed9377fd,12,0,25.0,123.0,155.0,1.5334853,3.0475945,0.3968254,2.5434792,68.92444,1
6bba_ed9377fd,13,0,42.0,90.0,128.0,1.4160568,2.994244,0.6666667,2.5434792,68.92444,0
6bba_ed9377fd,14,0,26.0,117.0,167.0,1.4139199,2.698421,0.41269842,2.5434792,68.92444,1
6bba_ed9377fd,15,0,63.0,15.0,137.0,0.95173377,3.710396,1.0,2.1350024,40.76465,0
6bba_ed9377fd,16,0,25.0,100.0,230.0,1.4106915,3.6626713,0.3968254,2.5434792,68.92444,1
6bba_ed9377fd,17,0,38.0,59.0,242.0,0.94222844,3.3708127,0.6031746,2.5434792,68.92444,1
6bba_ed9377fd,18,0,17.0,156.0,63.0,1.7602977,3.2407205,0.26984128,2.5434792,68.92444,1
6bba_ed9377fd,19,0,24.0,95.0,243.0,1.2604204,2.844989,0.3809524,2.5434792,68.92444,3
6bba_ed9377fd,20,0,18.0,156.0,50.0,1.6235737,2.6913128,0.2857143,2.5434792,68.92444,1
6bba_ed9377fd,21,0,9.0,175.0,20.0,0.9322409,4.310159,0.14285715,2.5434792,68.92444,0
6bba_ed9377fd,22,0,43.0,100.0,52.0,0.84864324,2.620596,0.6825397,2.5434792,68.92444,1
6bba_ed9377fd,23,0,16.0,154.0,95.0,0.8913934,3.5741482,0.25396827,2.5434792,68.92444,0
6bba_ed9377fd,24,0,7.0,174.0,62.0,0.9614494,3.6894178,0.11111111,2.5434792,68.92444,1
6bba_ed9377fd,25,0,33.0,109.0,149.0,1.2674026,3.7103834,0.52380955,2.5434792,68.92444,1
6bba_ed9377fd,26,0,37.0,26.0,210.0,0.95045626,2.34731,0.5873016,2.5434792,68.92444,0
6bba_ed9377fd,27,0,15.0,122.0,226.0,0.817812,3.6807613,0.23809524,2.5434792,68.92444,1
6bba_ed9377fd,28,0,0.0,161.0,39.0,0.94358546,2.3764088,0.0,2.1396742,41.032837,0
6bba_ed9377fd,29,0,63.0,13.0,178.0,1.2860078,2.0806987,1.0,2.1396742,41.032837,0
6bba_ed9377fd,30,0,47.0,27.0,116.0,0.9029694,2.209553,0.74603176,2.5434792,68.92444,0
6bba_ed9377fd,31,0,52.0,23.0,231.0,0.8447522,2.8977091,0.82539684,2.5434792,68.92444,0
6bba_ed9377fd,32,0,34.0,26.0,228.0,0.9651748,2.2549217,0.53968257,2.5434792,68.92444,0
6bba_ed9377fd,33,0,15.0,124.0,220.0,0.7484873,3.4514706,0.23809524,2.5434792,68.92444,1
6bba_ed9377fd,34,0,30.0,86.0,237.0,0.94509107,2.0201163,0.47619048,2.5434792,68.92444,1
6bba_ed9377fd,35,0,33.0,110.0,144.0,0.9999428,2.6261802,0.52380955,2.5368643,68.38806,1
6bba_ed9377fd,36,0,63.0,20.0,164.0,1.3504746,2.216911,1.0,2.1396742,41.032837,0
6bba_ed9377fd,37,0,0.0,160.0,24.0,0.89275664,2.443327,0.0,2.1396742,41.032837,0
6bba_ed9377fd,38,0,30.0,99.0,0.0,0.83559364,2.8140726,0.47619048,2.1396742,41.032837,0
6bba_ed9377fd,39,0,43.0,42.0,110.0,0.923756,2.0899723,0.6825397,2.5434792,68.92444,0
6bba_ed9377fd,40,0,24.0,90.0,150.0,0.90101534,2.0186713,0.3809524,2.5434792,68.92444,0
6bba_ed9377fd,41,0,0.0,177.0,140.0,0.6278061,2.739284,0.0,2.1113307,39.423706,0
6bba_ed9377fd,42,0,23.0,98.0,135.0,0.857071,2.0243328,0.36507937,2.5434792,68.92444,0
6bba_ed9377fd,43,0,10.0,104.0,213.0,0.82234293,2.260846,0.15873016,2.5434792,68.92444,0
6bba_ed9377fd,44,0,38.0,108.0,96.0,0.6989835,2.9678872,0.6031746,2.5401762,68.65625,0
6bba_ed9377fd,45,0,6.0,177.0,48.0,0.7083026,1.9709914,0.0952381,2.5401762,68.65625,2
6bba_ed9377fd,46,0,50.0,81.0,10.0,0.65329087,3.1104493,0.7936508,2.5434792,68.92444,0
6bba_ed9377fd,47,0,18.0,132.0,184.0,0.63215,3.4955435,0.2857143,2.5434792,68.92444,0
6bba_ed9377fd,48,0,6.0,173.0,111.0,0.6946754,2.727457,0.0952381,2.5335438,68.11987,0
6bba_ed9377fd,49,0,34.0,63.0,255.0,0.63870895,1.3685766,0.53968257,2.1396742,41.032837,1
6bba_ed9377fd,50,0,4.0,132.0,255.0,0.5946657,4.49487,0.06349207,2.1396742,41.032837,0
6bba_ed9377fd,51,0,0.0,156.0,101.0,0.73577875,2.1463578,0.0,2.1396742,41.032837,0
6bba_ed9377fd,52,0,3.0,142.0,131.0,0.71150535,1.9666158,0.04761905,2.5401762,68.65625,0
6bba_ed9377fd,53,0,0.0,185.0,101.0,0.30747747,1.700972,0.0,2.0317688,35.13269,0
6bba_ed9377fd,54,0,0.0,190.0,50.0,0.3868878,1.8767109,0.0,2.13031,40.49646,1
6bba_ed9377fd,55,0,51.0,50.0,181.0,0.44389403,2.3625066,0.8095238,2.5434792,68.92444,0
6bba_ed9377fd,56,0,0.0,169.0,184.0,0.24993041,2.4119418,0.0,2.057296,36.473633,0
6bba_ed9377fd,57,0,63.0,39.0,79.0,0.41111207,2.4109066,1.0,2.1396742,41.032837,1
6bba_ed9377fd,58,0,6.0,142.0,111.0,0.61796284,1.3835752,0.0952381,2.5434792,68.92444,0
6bba_ed9377fd,59,0,63.0,37.0,87.0,0.41380897,2.317339,1.0,2.1396742,41.032837,1
6bba_ed9377fd,60,0,55.0,5.0,255.0,0.3872429,1.5938053,0.8730159,2.1396742,41.032837,0
6bba_ed9377fd,61,0,0.0,184.0,35.0,0.30044246,0.98092884,0.0,2.0317688,35.13269,0
6bba_ed9377fd,62,0,63.0,20.0,66.0,0.18331367,1.723272,1.0,2.0265856,34.864502,1
6bba_ed9377fd,63,0,55.0,55.0,0.0,0.1657021,3.994371,0.8730159,2.1113307,39.423706,0
6bba_ed9377fd,64,0,63.0,21.0,61.0,0.17503095,1.7564179,1.0,2.0265856,34.864502,1
6bba_ed9377fd,65,0,19.0,152.0,0.0,0.211233,2.1054842,0.3015873,2.0968692,38.61914,0
6bba_ed9377fd,66,0,63.0,32.0,0.0,0.17456552,2.5654519,1.0,1.7658345,23.064209,0
6bba_ed9377fd,67,0,19.0,105.0,246.0,0.26817968,0.11334844,0.3015873,2.2030413,44.787476,1
6bba_ed9377fd,68,0,0.0,187.0,0.0,0.09980475,1.5668097,0.0,1.7520384,22.527832,0
6bba_ed9377fd,69,1,0.0,187.0,96.0,0.8776981,5.450742,0.0,2.1396742,41.032837,0
6bba_ed9377fd,70,1,29.0,131.0,116.0,1.302142,4.825344,0.46031746,2.5434792,68.92444,0
6bba_ed9377fd,71,1,36.0,128.0,26.0,1.3739866,3.4229686,0.5714286,2.5434792,68.92444,1
6bba_ed9377fd,72,1,35.0,129.0,36.0,1.3472805,3.3250167,0.5555556,2.5434792,68.92444,1
6bba_ed9377fd,73,1,37.0,121.0,71.0,1.0888599,5.105761,0.5873016,2.5434792,68.92444,1
6bba_ed9377fd,74,1,0.0,179.0,135.0,1.0469129,3.427462,0.0,2.1396742,41.032837,0
6bba_ed9377fd,75,1,38.0,83.0,212.0,1.2518157,4.9413195,0.6031746,2.5434792,68.92444,0
6bba_ed9377fd,76,1,46.0,103.0,31.0,1.0973964,3.3064632,0.73015875,2.5434792,68.92444,0
6bba_ed9377fd,77,1,46.0,78.0,170.0,1.0547088,3.182854,0.73015875,2.5434792,68.92444,1
6bba_ed9377fd,78,1,46.0,74.0,178.0,1.0675477,3.2467732,0.73015875,2.5434792,68.92444,1
6bba_ed9377fd,79,1,12.0,156.0,146.0,1.0571431,3.425747,0.1904762,2.5434792,68.92444,0
6bba_ed9377fd,80,1,46.0,89.0,125.0,1.3808143,3.0447187,0.73015875,2.5434792,68.92444,0
6bba_ed9377fd,81,1,63.0,23.0,165.0,1.3012487,3.5607705,1.0,2.1396742,41.032837,0
6bba_ed9377fd,82,1,30.0,116.0,167.0,1.3463949,2.6753,0.47619048,2.5434792,68.92444,1
6bba_ed9377fd,83,1,28.0,100.0,230.0,1.5468668,4.0649304,0.44444445,2.5434792,68.92444,0
6bba_ed9377fd,84,1,20.0,155.0,65.0,1.545644,3.0794435,0.31746033,2.5434792,68.92444,2
6bba_ed9377fd,85,1,29.0,122.0,155.0,1.525229,3.2609136,0.46031746,2.5434792,68.92444,1
6bba_ed9377fd,86,1,28.0,93.0,244.0,1.2277207,2.7288668,0.44444445,2.5434792,68.92444,1
6bba_ed9377fd,87,1,63.0,55.0,59.0,1.0283799,2.0335915,1.0,2.1396742,41.032837,1
6bba_ed9377fd,88,1,41.0,60.0,241.0,0.8778233,3.4558067,0.6507937,2.5434792,68.92444,1
6bba_ed9377fd,89,1,38.0,120.0,79.0,0.8726695,2.9832137,0.6031746,2.5401762,68.65625,1
6bba_ed9377fd,90,1,12.0,174.0,18.0,0.9252987,3.6103847,0.1904762,2.5434792,68.92444,0
6bba_ed9377fd,91,1,21.0,152.0,95.0,0.92349887,3.5232728,0.33333334,2.5434792,68.92444,0
6bba_ed9377fd,92,1,34.0,101.0,0.0,0.88148916,3.8074272,0.53968257,2.1396742,41.032837,0
6bba_ed9377fd,93,1,22.0,154.0,52.0,1.4696401,2.5252213,0.34920636,2.5434792,68.92444,3
6bba_ed9377fd,94,1,37.0,110.0,144.0,1.1900501,3.9981873,0.5873016,2.5401762,68.65625,0
6bba_ed9377fd,95,1,10.0,174.0,61.0,0.9138941,3.44811,0.15873016,2.5434792,68.92444,0
6bba_ed9377fd,96,1,60.0,61.0,49.0,1.1256998,3.0277944,0.95238096,2.5401762,68.65625,1
6bba_ed9377fd,97,1,38.0,26.0,229.0,0.98669845,2.60572,0.6031746,2.5434792,68.92444,0
6bba_ed9377fd,98,1,41.0,27.0,209.0,0.90816325,2.3711874,0.6507937,2.5434792,68.92444,0
6bba_ed9377fd,99,1,0.0,195.0,26.0,0.56663114,3.8454363,0.0,2.0265856,34.864502,1
6bba_ed9377fd,100,1,6.0,155.0,197.0,0.8378386,3.4438798,0.0952381,2.5434792,68.92444,1
6bba_ed9377fd,101,1,18.0,122.0,226.0,0.79724824,3.6236184,0.2857143,2.5434792,68.92444,0
6bba_ed9377fd,102,1,57.0,59.0,107.0,1.1026928,3.4275365,0.9047619,2.5401762,68.65625,0
6bba_ed9377fd,103,1,13.0,105.0,211.0,0.90508926,2.374569,0.20634921,2.5434792,68.92444,0
6bba_ed9377fd,104,1,10.0,177.0,44.0,0.75848067,1.9960341,0.15873016,2.5032594,65.70618,0
6bba_ed9377fd,105,1,34.0,85.0,235.0,0.8534485,1.8547698,0.53968257,2.5434792,68.92444,1
6bba_ed9377fd,106,1,55.0,80.0,10.0,0.7880663,3.238148,0.8730159,2.5401762,68.65625,0
6bba_ed9377fd,107,1,0.0,171.0,182.0,0.64649254,3.818542,0.0,2.1396742,41.032837,0
6bba_ed9377fd,108,1,6.0,157.0,192.0,0.74341357,2.8014243,0.0952381,2.5368643,68.38806,1
6bba_ed9377fd,109,1,28.0,147.0,42.0,0.82472557,2.046618,0.44444445,2.5302145,67.851685,1
6bba_ed9377fd,110,1,21.0,149.0,112.0,0.78821486,2.614911,0.33333334,2.5335438,68.11987,0
6bba_ed9377fd,111,1,27.0,99.0,131.0,0.93010396,2.3990624,0.42857143,2.5434792,68.92444,0
6bba_ed9377fd,112,1,48.0,38.0,107.0,0.9582841,2.0329309,0.7619048,2.5434792,68.92444,1
6bba_ed9377fd,113,1,50.0,31.0,117.0,0.8503574,1.8804454,0.7936508,2.5434792,68.92444,1
6bba_ed9377fd,114,1,10.0,171.0,110.0,0.72435254,3.03904,0.15873016,2.5434792,68.92444,0
6bba_ed9377fd,115,1,25.0,97.0,150.0,0.8893022,2.141089,0.3968254,2.5434792,68.92444,0
6bba_ed9377fd,116,1,43.0,106.0,95.0,0.69673234,3.0409634,0.6825397,2.5401762,68.65625,0
6bba_ed9377fd,117,1,56.0,22.0,228.0,0.8123783,2.7722178,0.8888889,2.5434792,68.92444,0
6bba_ed9377fd,118,1,27.0,146.0,60.0,0.8283024,0.891219,0.42857143,2.5201738,67.04712,3
6bba_ed9377fd,119,1,22.0,130.0,185.0,0.6348354,3.1923573,0.34920636,2.5434792,68.92444,0
6bba_ed9377fd,120,1,0.0,190.0,54.0,0.63125163,2.9429274,0.0,2.1396742,41.032837,0
6bba_ed9377fd,121,1,5.0,160.0,37.0,0.9003239,1.7268153,0.07936508,2.5434792,68.92444,1
6bba_ed9377fd,122,1,5.0,161.0,24.0,0.84806615,1.8028716,0.07936508,2.5434792,68.92444,1
6bba_ed9377fd,123,1,7.0,133.0,250.0,0.5764069,6.2554603,0.11111111,2.5434792,68.92444,0
6bba_ed9377fd,124,1,7.0,142.0,128.0,0.6961152,1.9501753,0.11111111,2.5434792,68.92444,0
6bba_ed9377fd,125,1,38.0,63.0,255.0,0.5508527,1.1039441,0.6031746,2.13031,40.49646,1
6bba_ed9377fd,126,1,4.0,157.0,103.0,0.72697514,1.8066481,0.06349207,2.5434792,68.92444,1
6bba_ed9377fd,127,1,5.0,157.0,99.0,0.67211187,1.7362672,0.07936508,2.5368643,68.38806,1
6bba_ed9377fd,128,1,55.0,50.0,176.0,0.4443454,2.437475,0.8730159,2.5434792,68.92444,0
6bba_ed9377fd,129,1,0.0,185.0,33.0,0.36753908,0.71262485,0.0,2.0420563,35.669067,1
6bba_ed9377fd,130,1,63.0,42.0,85.0,0.27260947,2.286147,1.0,2.0420563,35.669067,0
6bba_ed9377fd,131,1,63.0,19.0,135.0,0.25704223,1.9729022,1.0,2.0265856,34.864502,0
6bba_ed9377fd,132,1,58.0,5.0,255.0,0.3800159,1.5336493,0.9206349,2.1396742,41.032837,0
6bba_ed9377fd,133,1,20.0,150.0,0.0,0.19237377,2.7546303,0.31746033,2.1396742,41.032837,0
6bba_ed9377fd,134,1,25.0,136.0,70.0,0.25707218,0.41264004,0.3968254,2.42597,59.80603,1
6bba_ed9377fd,135,2,0.0,181.0,128.0,1.1370437,4.0971184,0.0,2.1396742,41.032837,0
6bba_ed9377fd,136,2,38.0,121.0,65.0,1.1235821,4.844597,0.6031746,2.5434792,68.92444,0
6bba_ed9377fd,137,2,0.0,188.0,94.0,0.8632731,5.586741,0.0,2.1396742,41.032837,1
6bba_ed9377fd,138,2,29.0,132.0,116.0,1.2030659,4.5616884,0.46031746,2.5434792,68.92444,0
6bba_ed9377fd,139,2,36.0,129.0,22.0,1.4368947,3.556625,0.5714286,2.5434792,68.92444,1
6bba_ed9377fd,140,2,36.0,129.0,34.0,1.2958626,3.0164924,0.5714286,2.5434792,68.92444,1
6bba_ed9377fd,141,2,47.0,102.0,28.0,1.1943469,3.614218,0.74603176,2.5434792,68.92444,0
6bba_ed9377fd,142,2,39.0,82.0,213.0,1.2009919,4.4757032,0.61904764,2.5434792,68.92444,0
6bba_ed9377fd,143,2,12.0,157.0,147.0,1.0779352,3.5761557,0.1904762,2.5434792,68.92444,0
6bba_ed9377fd,144,2,0.0,189.0,89.0,0.75458044,3.9020734,0.0,2.1396742,41.032837,1
6bba_ed9377fd,145,2,46.0,78.0,171.0,1.055429,3.18155,0.73015875,2.5434792,68.92444,1
6bba_ed9377fd,146,2,47.0,74.0,178.0,1.0276259,3.126293,0.74603176,2.5434792,68.92444,1
6bba_ed9377fd,147,2,21.0,155.0,64.0,1.4074175,3.0247095,0.33333334,2.5434792,68.92444,1
6bba_ed9377fd,148,2,63.0,56.0,54.0,1.227424,2.2567816,1.0,2.1396742,41.032837,1
6bba_ed9377fd,149,2,63.0,60.0,43.0,1.3703223,2.9439092,1.0,2.1350024,40.76465,1
6bba_ed9377fd,150,2,46.0,90.0,124.0,1.3464919,2.9428337,0.73015875,2.5434792,68.92444,1
6bba_ed9377fd,151,2,28.0,94.0,244.0,1.2075055,2.8451004,0.44444445,2.5434792,68.92444,1
6bba_ed9377fd,152,2,43.0,56.0,244.0,0.8969129,3.8982952,0.6825397,2.5434792,68.92444,1
6bba_ed9377fd,153,2,63.0,24.0,166.0,1.1746951,3.4546278,1.0,2.1396742,41.032837,0
6bba_ed9377fd,154,2,28.0,99.0,232.0,1.4175652,3.917854,0.44444445,2.5434792,68.92444,1
6bba_ed9377fd,155,2,31.0,116.0,167.0,1.3198547,2.7537727,0.4920635,2.5434792,68.92444,1
6bba_ed9377fd,156,2,46.0,89.0,133.0,1.3298366,2.897061,0.73015875,2.5434792,68.92444,1
6bba_ed9377fd,157,2,30.0,121.0,156.0,1.4202219,3.191191,0.47619048,2.5434792,68.92444,1
6bba_ed9377fd,158,2,10.0,174.0,61.0,0.9205734,3.5404434,0.15873016,2.5434792,68.92444,0
6bba_ed9377fd,159,2,37.0,111.0,141.0,1.0882885,4.005116,0.5873016,2.5434792,68.92444,0
6bba_ed9377fd,160,2,22.0,155.0,53.0,1.3877966,2.652031,0.34920636,2.5434792,68.92444,1
6bba_ed9377fd,161,2,0.0,196.0,23.0,0.563416,4.5346494,0.0,2.0317688,35.13269,0
6bba_ed9377fd,162,2,38.0,26.0,228.0,0.99031526,2.6445508,0.6031746,2.5434792,68.92444,0
6bba_ed9377fd,163,2,6.0,158.0,191.0,0.7694567,2.664182,0.0952381,2.5302145,67.851685,1
6bba_ed9377fd,164,2,22.0,150.0,97.0,0.87770337,3.1951265,0.34920636,2.5434792,68.92444,1
6bba_ed9377fd,165,2,41.0,28.0,208.0,0.9107001,2.3741946,0.6507937,2.5434792,68.92444,0
6bba_ed9377fd,166,2,6.0,155.0,200.0,0.8878795,3.2543256,0.0952381,2.5434792,68.92444,1
6bba_ed9377fd,167,2,0.0,172.0,179.0,0.6741624,3.7703204,0.0,2.1396742,41.032837,0
6bba_ed9377fd,168,2,11.0,176.0,45.0,0.782244,2.09391,0.17460318,2.5201738,67.04712,0
6bba_ed9377fd,169,2,22.0,152.0,91.0,0.7387625,2.826893,0.34920636,2.5401762,68.65625,1
6bba_ed9377fd,170,2,50.0,31.0,117.0,0.8629276,2.158767,0.7936508,2.5434792,68.92444,0
6bba_ed9377fd,171,2,28.0,148.0,39.0,0.80757296,2.3397286,0.44444445,2.5434792,68.92444,0
6bba_ed9377fd,172,2,33.0,105.0,0.0,0.78164566,3.299356,0.52380955,2.1396742,41.032837,0
6bba_ed9377fd,173,2,13.0,173.0,17.0,0.7974711,2.60038,0.20634921,2.5434792,68.92444,1
6bba_ed9377fd,174,2,35.0,85.0,233.0,0.797534,2.1020875,0.5555556,2.5434792,68.92444,0
6bba_ed9377fd,175,2,55.0,80.0,9.0,0.7727592,3.0635912,0.8730159,2.5401762,68.65625,0
6bba_ed9377fd,176,2,27.0,100.0,131.0,0.9371947,2.3694046,0.42857143,2.5434792,68.92444,0
6bba_ed9377fd,177,2,10.0,172.0,109.0,0.73378587,2.983932,0.15873016,2.5434792,68.92444,0
6bba_ed9377fd,178,2,19.0,123.0,224.0,0.7111881,3.3461058,0.3015873,2.5434792,68.92444,0
6bba_ed9377fd,179,2,22.0,148.0,112.0,0.75931484,2.4496207,0.34920636,2.5401762,68.65625,0
6bba_ed9377fd,180,2,26.0,98.0,148.0,0.9004554,2.2535095,0.41269842,2.5434792,68.92444,0
6bba_ed9377fd,181,2,57.0,21.0,227.0,0.85609967,2.79457,0.9047619,2.5434792,68.92444,0
6bba_ed9377fd,182,2,13.0,107.0,212.0,0.8268111,2.0869243,0.20634921,2.5434792,68.92444,0
6bba_ed9377fd,183,2,59.0,55.0,108.0,0.96708316,3.222617,0.93650794,2.5434792,68.92444,1
6bba_ed9377fd,184,2,59.0,56.0,103.0,0.9632894,3.0357456,0.93650794,2.5434792,68.92444,1
6bba_ed9377fd,185,2,43.0,107.0,92.0,0.66161007,2.9800425,0.6825397,2.5434792,68.92444,0
6bba_ed9377fd,186,2,6.0,161.0,22.0,0.8715268,1.7569644,0.0952381,2.5434792,68.92444,2
6bba_ed9377fd,187,2,8.0,132.0,253.0,0.5962696,4.34102,0.12698413,2.4687274,63.024292,0
6bba_ed9377fd,188,2,0.0,191.0,50.0,0.61283386,2.4976017,0.0,2.1396742,41.032837,0
6bba_ed9377fd,189,2,22.0,131.0,183.0,0.58919424,3.0426605,0.34920636,2.5434792,68.92444,0
6bba_ed9377fd,190,2,6.0,161.0,35.0,0.8983413,1.6578642,0.0952381,2.5434792,68.92444,2
6bba_ed9377fd,191,2,8.0,142.0,127.0,0.66056436,1.9183097,0.12698413,2.5434792,68.92444,0
6bba_ed9377fd,192,2,0.0,167.0,38.0,0.90813214,1.4181634,0.0,2.1396742,41.032837,1
6bba_ed9377fd,193,2,5.0,158.0,101.0,0.7335916,1.8428719,0.07936508,2.5401762,68.65625,0
6bba_ed9377fd,194,2,56.0,49.0,176.0,0.473594,2.5858955,0.8888889,2.5401762,68.65625,0
6bba_ed9377fd,195,2,38.0,60.0,255.0,0.47883257,0.71182746,0.6031746,2.0871162,38.082764,1
6bba_ed9377fd,196,2,63.0,42.0,81.0,0.22975633,2.1686907,1.0,2.016139,34.328125,0
6bba_ed9377fd,197,2,0.0,185.0,35.0,0.32579926,0.55317044,0.0,1.9510565,31.109863,0
6bba_ed9377fd,198,2,19.0,151.0,3.0,0.20966983,2.4793577,0.3015873,2.4791882,63.828857,0
6bba_ed9377fd,199,2,63.0,19.0,134.0,0.18206598,1.4570744,1.0,1.9622055,31.64624,0
6bba_ed9377fd,200,2,27.0,131.0,79.0,0.18884452,1.0737448,0.42857143,2.5401762,68.65625,0
6bba_ed9377fd,201,3,0.0,181.0,128.0,1.1370437,4.0971184,0.0,2.1396742,41.032837,0
6bba_ed9377fd,202,3,38.0,121.0,65.0,1.1235821,4.844597,0.6031746,2.5434792,68.92444,0
6bba_ed9377fd,203,3,0.0,188.0,94.0,0.8632731,5.586741,0.0,2.1396742,41.032837,1
6bba_ed9377fd,204,3,29.0,132.0,116.0,1.2030659,4.5616884,0.46031746,2.5434792,68.92444,0
6bba_ed9377fd,205,3,36.0,129.0,22.0,1.4368947,3.556625,0.5714286,2.5434792,68.92444,1
6bba_ed9377fd,206,3,36.0,129.0,34.0,1.2958626,3.0164924,0.5714286,2.5434792,68.92444,1
6bba_ed9377fd,207,3,47.0,102.0,28.0,1.1943469,3.614218,0.74603176,2.5434792,68.92444,0
6bba_ed9377fd,208,3,39.0,82.0,213.0,1.2009919,4.4757032,0.61904764,2.5434792,68.92444,0
6bba_ed9377fd,209,3,12.0,157.0,147.0,1.0779352,3.5761557,0.1904762,2.5434792,68.92444,0
6bba_ed9377fd,210,3,0.0,189.0,89.0,0.75458044,3.9020734,0.0,2.1396742,41.032837,1
6bba_ed9377fd,211,3,46.0,78.0,171.0,1.055429,3.18155,0.73015875,2.5434792,68.92444,1
6bba_ed9377fd,212,3,47.0,74.0,178.0,1.0276259,3.126293,0.74603176,2.5434792,68.92444,1
6bba_ed9377fd,213,3,21.0,155.0,64.0,1.4074175,3.0247095,0.33333334,2.5434792,68.92444,1
6bba_ed9377fd,214,3,63.0,56.0,54.0,1.227424,2.2567816,1.0,2.1396742,41.032837,1
6bba_ed9377fd,215,3,63.0,60.0,43.0,1.3703223,2.9439092,1.0,2.1350024,40.76465,1
6bba_ed9377fd,216,3,46.0,90.0,124.0,1.3464919,2.9428337,0.73015875,2.5434792,68.92444,1
6bba_ed9377fd,217,3,28.0,94.0,244.0,1.2075055,2.8451004,0.44444445,2.5434792,68.92444,1
6bba_ed9377fd,218,3,43.0,56.0,244.0,0.8969129,3.8982952,0.6825397,2.5434792,68.92444,1
6bba_ed9377fd,219,3,63.0,24.0,166.0,1.1746951,3.4546278,1.0,2.1396742,41.032837,0
6bba_ed9377fd,220,3,28.0,99.0,232.0,1.4175652,3.917854,0.44444445,2.5434792,68.92444,1
6bba_ed9377fd,221,3,31.0,116.0,167.0,1.3198547,2.7537727,0.4920635,2.5434792,68.92444,1
6bba_ed9377fd,222,3,46.0,89.0,133.0,1.3298366,2.897061,0.73015875,2.5434792,68.92444,1
6bba_ed9377fd,223,3,30.0,121.0,156.0,1.4202219,3.191191,0.47619048,2.5434792,68.92444,1
6bba_ed9377fd,224,3,10.0,174.0,61.0,0.9205734,3.5404434,0.15873016,2.5434792,68.92444,0
6bba_ed9377fd,225,3,37.0,111.0,141.0,1.0882885,4.005116,0.5873016,2.5434792,68.92444,0
6bba_ed9377fd,226,3,22.0,155.0,53.0,1.3877966,2.652031,0.34920636,2.5434792,68.92444,1
6bba_ed9377fd,227,3,0.0,196.0,23.0,0.563416,4.5346494,0.0,2.0317688,35.13269,0
6bba_ed9377fd,228,3,38.0,26.0,228.0,0.99031526,2.6445508,0.6031746,2.5434792,68.92444,0
6bba_ed9377fd,229,3,6.0,158.0,191.0,0.7694567,2.664182,0.0952381,2.5302145,67.851685,1
6bba_ed9377fd,230,3,22.0,150.0,97.0,0.87770337,3.1951265,0.34920636,2.5434792,68.92444,1
6bba_ed9377fd,231,3,41.0,28.0,208.0,0.9107001,2.3741946,0.6507937,2.5434792,68.92444,0
6bba_ed9377fd,232,3,6.0,155.0,200.0,0.8878795,3.2543256,0.0952381,2.5434792,68.92444,1
6bba_ed9377fd,233,3,0.0,172.0,179.0,0.6741624,3.7703204,0.0,2.1396742,41.032837,0
6bba_ed9377fd,234,3,11.0,176.0,45.0,0.782244,2.09391,0.17460318,2.5201738,67.04712,0
6bba_ed9377fd,235,3,22.0,152.0,91.0,0.7387625,2.826893,0.34920636,2.5401762,68.65625,1
6bba_ed9377fd,236,3,50.0,31.0,117.0,0.8629276,2.158767,0.7936508,2.5434792,68.92444,0
6bba_ed9377fd,237,3,28.0,148.0,39.0,0.80757296,2.3397286,0.44444445,2.5434792,68.92444,0
6bba_ed9377fd,238,3,33.0,105.0,0.0,0.78164566,3.299356,0.52380955,2.1396742,41.032837,0
6bba_ed9377fd,239,3,13.0,173.0,17.0,0.7974711,2.60038,0.20634921,2.5434792,68.92444,1
6bba_ed9377fd,240,3,35.0,85.0,233.0,0.797534,2.1020875,0.5555556,2.5434792,68.92444,0
6bba_ed9377fd,241,3,55.0,80.0,9.0,0.7727592,3.0635912,0.8730159,2.5401762,68.65625,0
6bba_ed9377fd,242,3,27.0,100.0,131.0,0.9371947,2.3694046,0.42857143,2.5434792,68.92444,0
6bba_ed9377fd,243,3,10.0,172.0,109.0,0.73378587,2.983932,0.15873016,2.5434792,68.92444,0
6bba_ed9377fd,244,3,19.0,123.0,224.0,0.7111881,3.3461058,0.3015873,2.5434792,68.92444,0
6bba_ed9377fd,245,3,22.0,148.0,112.0,0.75931484,2.4496207,0.34920636,2.5401762,68.65625,0
6bba_ed9377fd,246,3,26.0,98.0,148.0,0.9004554,2.2535095,0.41269842,2.5434792,68.92444,0
6bba_ed9377fd,247,3,57.0,21.0,227.0,0.85609967,2.79457,0.9047619,2.5434792,68.92444,0
6bba_ed9377fd,248,3,13.0,107.0,212.0,0.8268111,2.0869243,0.20634921,2.5434792,68.92444,0
6bba_ed9377fd,249,3,59.0,55.0,108.0,0.96708316,3.222617,0.93650794,2.5434792,68.92444,1
6bba_ed9377fd,250,3,59.0,56.0,103.0,0.9632894,3.0357456,0.93650794,2.5434792,68.92444,1
6bba_ed9377fd,251,3,43.0,107.0,92.0,0.66161007,2.9800425,0.6825397,2.5434792,68.92444,0
6bba_ed9377fd,252,3,6.0,161.0,22.0,0.8715268,1.7569644,0.0952381,2.5434792,68.92444,2
6bba_ed9377fd,253,3,8.0,132.0,253.0,0.5962696,4.34102,0.12698413,2.4687274,63.024292,0
6bba_ed9377fd,254,3,0.0,191.0,50.0,0.61283386,2.4976017,0.0,2.1396742,41.032837,0
6bba_ed9377fd,255,3,22.0,131.0,183.0,0.58919424,3.0426605,0.34920636,2.5434792,68.92444,0
6bba_ed9377fd,256,3,6.0,161.0,35.0,0.8983413,1.6578642,0.0952381,2.5434792,68.92444,2
6bba_ed9377fd,257,3,8.0,142.0,127.0,0.66056436,1.9183097,0.12698413,2.5434792,68.92444,0
6bba_ed9377fd,258,3,0.0,167.0,38.0,0.90813214,1.4181634,0.0,2.1396742,41.032837,1
6bba_ed9377fd,259,3,5.0,158.0,101.0,0.7335916,1.8428719,0.07936508,2.5401762,68.65625,0
6bba_ed9377fd,260,3,56.0,49.0,176.0,0.473594,2.5858955,0.8888889,2.5401762,68.65625,0
6bba_ed9377fd,261,3,38.0,60.0,255.0,0.47883257,0.71182746,0.6031746,2.0871162,38.082764,1
6bba_ed9377fd,262,3,63.0,42.0,81.0,0.22975633,2.1686907,1.0,2.016139,34.328125,0
6bba_ed9377fd,263,3,0.0,185.0,35.0,0.32579926,0.55317044,0.0,1.9510565,31.109863,0
6bba_ed9377fd,264,3,19.0,151.0,3.0,0.20966983,2.4793577,0.3015873,2.4791882,63.828857,0
6bba_ed9377fd,265,3,63.0,19.0,134.0,0.18206598,1.4570744,1.0,1.9622055,31.64624,0
6bba_ed9377fd,266,3,27.0,131.0,79.0,0.18884452,1.0737448,0.42857143,2.5401762,68.65625,0
6bba_ed9377fd,267,4,31.0,129.0,116.0,1.269488,6.179633,0.4920635,2.5434792,68.92444,0
6bba_ed9377fd,268,4,40.0,119.0,61.0,1.2564495,4.7708364,0.63492066,2.5434792,68.92444,0
6bba_ed9377fd,269,4,0.0,183.0,118.0,1.3541505,4.910106,0.0,2.1396742,41.032837,0
6bba_ed9377fd,270,4,63.0,60.0,35.0,1.4343479,3.7047317,1.0,2.1396742,41.032837,1
6bba_ed9377fd,271,4,37.0,129.0,20.0,1.5639681,3.8568902,0.5873016,2.5434792,68.92444,1
6bba_ed9377fd,272,4,0.0,190.0,88.0,0.8551726,5.9702067,0.0,2.1396742,41.032837,0
6bba_ed9377fd,273,4,63.0,58.0,44.0,1.2724174,2.8072364,1.0,2.1396742,41.032837,1
6bba_ed9377fd,274,4,37.0,128.0,30.0,1.4115715,3.0039787,0.5873016,2.5434792,68.92444,1
6bba_ed9377fd,275,4,40.0,81.0,210.0,1.238457,4.8156734,0.63492066,2.5434792,68.92444,0
6bba_ed9377fd,276,4,0.0,196.0,17.0,0.9033333,4.8222637,0.0,2.1161075,39.691895,0
6bba_ed9377fd,277,4,47.0,78.0,167.0,1.0446413,3.2575688,0.74603176,2.5434792,68.92444,0
6bba_ed9377fd,278,4,48.0,101.0,23.0,1.2319089,3.51353,0.7619048,2.5434792,68.92444,0
6bba_ed9377fd,279,4,32.0,113.0,171.0,1.3526,2.9335818,0.50793654,2.5434792,68.92444,1
6bba_ed9377fd,280,4,22.0,154.0,66.0,1.3784946,2.8678036,0.34920636,2.5434792,68.92444,0
6bba_ed9377fd,281,4,13.0,157.0,146.0,1.0965906,4.0383782,0.20634921,2.5434792,68.92444,2
6bba_ed9377fd,282,4,28.0,93.0,244.0,1.3084387,3.2262206,0.44444445,2.5434792,68.92444,1
6bba_ed9377fd,283,4,31.0,119.0,159.0,1.4622465,3.3319876,0.4920635,2.5434792,68.92444,1
6bba_ed9377fd,284,4,38.0,110.0,140.0,1.11772,5.649651,0.6031746,2.5434792,68.92444,0
6bba_ed9377fd,285,4,49.0,85.0,120.0,1.3912705,2.766011,0.7777778,2.5434792,68.92444,1
6bba_ed9377fd,286,4,49.0,82.0,128.0,1.4229248,2.7781987,0.7777778,2.5434792,68.92444,1
6bba_ed9377fd,287,4,44.0,55.0,242.0,0.9077747,4.0849237,0.6984127,2.5434792,68.92444,1
6bba_ed9377fd,288,4,28.0,98.0,235.0,1.3903906,3.7199452,0.44444445,2.5434792,68.92444,1
6bba_ed9377fd,289,4,42.0,29.0,203.0,0.9843501,2.6001647,0.6666667,2.5434792,68.92444,0
6bba_ed9377fd,290,4,11.0,174.0,60.0,0.9541359,3.6580966,0.17460318,2.5434792,68.92444,0
6bba_ed9377fd,291,4,63.0,52.0,102.0,1.1335695,3.10433,1.0,2.1396742,41.032837,1
6bba_ed9377fd,292,4,25.0,146.0,96.0,0.9214019,3.4845927,0.3968254,2.5434792,68.92444,1
6bba_ed9377fd,293,4,63.0,22.0,165.0,0.92708725,3.371785,1.0,2.1350024,40.76465,0
6bba_ed9377fd,294,4,39.0,28.0,225.0,1.0072335,2.5812094,0.61904764,2.5434792,68.92444,0
6bba_ed9377fd,295,4,63.0,53.0,93.0,1.0343018,2.4693675,1.0,2.1396742,41.032837,1
6bba_ed9377fd,296,4,25.0,148.0,91.0,0.79640263,3.093979,0.3968254,2.5401762,68.65625,1
6bba_ed9377fd,297,4,6.0,155.0,201.0,0.8531628,2.956703,0.0952381,2.5434792,68.92444,1
6bba_ed9377fd,298,4,0.0,173.0,175.0,0.74554914,3.23295,0.0,2.1396742,41.032837,0
6bba_ed9377fd,299,4,6.0,157.0,195.0,0.9785392,3.0564106,0.0952381,2.5434792,68.92444,2
6bba_ed9377fd,300,4,34.0,105.0,0.0,0.75793,4.567754,0.53968257,2.1396742,41.032837,0
6bba_ed9377fd,301,4,6.0,160.0,185.0,0.9008211,2.6902418,0.0952381,2.5368643,68.38806,1
6bba_ed9377fd,302,4,29.0,147.0,36.0,0.83880997,2.7121634,0.46031746,2.5434792,68.92444,0
6bba_ed9377fd,303,4,63.0,14.0,219.0,0.9311855,2.2015705,1.0,2.1396742,41.032837,0
6bba_ed9377fd,304,4,12.0,170.0,107.0,0.84606636,2.8203137,0.1904762,2.5434792,68.92444,0
6bba_ed9377fd,305,4,11.0,177.0,45.0,0.83290774,2.2631207,0.17460318,2.5168092,66.77893,0
6bba_ed9377fd,306,4,24.0,145.0,111.0,0.81520087,2.8200703,0.3809524,2.5401762,68.65625,0
6bba_ed9377fd,307,4,15.0,104.0,211.0,0.9342692,2.2214134,0.23809524,2.5434792,68.92444,1
6bba_ed9377fd,308,4,36.0,84.0,230.0,0.8242057,3.2354882,0.5714286,2.5434792,68.92444,0
6bba_ed9377fd,309,4,14.0,101.0,222.0,0.90996873,2.2349164,0.22222222,2.5434792,68.92444,1
6bba_ed9377fd,310,4,52.0,31.0,111.0,0.8740123,2.078791,0.82539684,2.5434792,68.92444,2
6bba_ed9377fd,311,4,30.0,94.0,130.0,0.940263,2.3210526,0.47619048,2.5434792,68.92444,1
6bba_ed9377fd,312,4,18.0,122.0,226.0,0.72757506,3.5567672,0.2857143,2.5434792,68.92444,0
6bba_ed9377fd,313,4,48.0,42.0,107.0,0.91911644,1.9533161,0.7619048,2.5434792,68.92444,1
6bba_ed9377fd,314,4,29.0,93.0,139.0,0.9065576,2.1225088,0.46031746,2.5434792,68.92444,1
6bba_ed9377fd,315,4,13.0,174.0,16.0,0.781844,2.518336,0.20634921,2.5434792,68.92444,1
6bba_ed9377fd,316,4,44.0,107.0,91.0,0.69464684,2.8981147,0.6984127,2.5434792,68.92444,0
6bba_ed9377fd,317,4,53.0,31.0,98.0,0.8824972,1.7529471,0.84126985,2.5434792,68.92444,1
6bba_ed9377fd,318,4,56.0,80.0,4.0,0.7405281,2.9068973,0.8888889,2.5434792,68.92444,0
6bba_ed9377fd,319,4,0.0,191.0,50.0,0.70233124,2.4560509,0.0,2.1396742,41.032837,0
6bba_ed9377fd,320,4,6.0,161.0,32.0,0.8867595,1.5970254,0.0952381,2.5434792,68.92444,1
6bba_ed9377fd,321,4,6.0,162.0,16.0,0.82509696,1.7605509,0.0952381,2.5434792,68.92444,1
6bba_ed9377fd,322,4,8.0,135.0,246.0,0.567842,4.36403,0.12698413,2.5434792,68.92444,1
6bba_ed9377fd,323,4,0.0,168.0,39.0,0.91079056,1.5826958,0.0,2.1396742,41.032837,1
6bba_ed9377fd,324,4,23.0,129.0,184.0,0.5611512,2.6195092,0.36507937,2.5434792,68.92444,0
6bba_ed9377fd,325,4,6.0,140.0,243.0,0.52388626,2.8735306,0.0952381,2.5401762,68.65625,1
6bba_ed9377fd,326,4,8.0,152.0,94.0,0.71388495,1.7929589,0.12698413,2.5434792,68.92444,0
6bba_ed9377fd,327,4,8.0,144.0,127.0,0.65070254,1.8628201,0.12698413,2.5434792,68.92444,0
6bba_ed9377fd,328,4,0.0,152.0,255.0,0.33769017,6.6906843,0.0,1.7927979,24.136963,0
6bba_ed9377fd,329,4,56.0,52.0,169.0,0.4195878,2.3836339,0.8888889,2.5401762,68.65625,1
6bba_ed9377fd,330,4,56.0,49.0,179.0,0.4211191,2.369683,0.8888889,2.5434792,68.92444,1
6bba_ed9377fd,331,4,38.0,55.0,255.0,0.36505333,0.46823615,0.6031746,2.057296,36.473633,1
6bba_ed9377fd,332,4,58.0,7.0,253.0,0.37524915,1.4335148,0.9206349,2.4617038,62.487915,0
6bba_ed9377fd,333,4,0.0,173.0,154.0,0.21345004,1.1838014,0.0,2.120863,39.960083,1
6bba_ed9377fd,334,4,63.0,43.0,73.0,0.16673864,1.0477301,1.0,2.0055833,33.791748,0
6bba_ed9377fd,335,4,37.0,70.0,255.0,0.22475597,1.0639126,0.5873016,2.1396742,41.032837,0
6bba_ed9377fd,336,4,7.0,163.0,157.0,0.23515432,0.21412027,0.11111111,2.2917635,50.419434,3
6bba_ed9377fd,337,4,32.0,128.0,47.0,0.244142,0.19458644,0.50793654,2.2795079,49.61487,0
6bba_ed9377fd,338,4,8.0,159.0,159.0,0.22390397,0.18974331,0.12698413,2.2712636,49.07849,2
6bba_ed9377fd,339,5,32.0,128.0,116.0,1.2665799,6.1780767,0.50793654,2.5434792,68.92444,0
6bba_ed9377fd,340,5,41.0,118.0,60.0,1.2220756,4.6628995,0.6507937,2.5434792,68.92444,0
6bba_ed9377fd,341,5,0.0,154.0,255.0,0.673912,15.570365,0.0,1.7994134,24.405151,0
6bba_ed9377fd,342,5,63.0,60.0,32.0,1.2693847,3.4626493,1.0,2.1396742,41.032837,1
6bba_ed9377fd,343,5,37.0,130.0,17.0,1.5536491,3.6668491,0.5873016,2.5434792,68.92444,1
6bba_ed9377fd,344,5,0.0,184.0,115.0,1.312641,4.5137796,0.0,2.1396742,41.032837,0
6bba_ed9377fd,345,5,63.0,58.0,42.0,1.196184,2.9690344,1.0,2.1396742,41.032837,1
6bba_ed9377fd,346,5,37.0,129.0,26.0,1.4952775,3.346908,0.5873016,2.5434792,68.92444,1
6bba_ed9377fd,347,5,22.0,155.0,66.0,1.5210751,3.172552,0.34920636,2.5434792,68.92444,1
6bba_ed9377fd,348,5,48.0,102.0,21.0,1.2806641,3.5866482,0.7619048,2.5434792,68.92444,1
6bba_ed9377fd,349,5,31.0,115.0,170.0,1.3093128,3.0706494,0.4920635,2.5434792,68.92444,1
6bba_ed9377fd,350,5,40.0,82.0,208.0,1.2649742,4.6456356,0.63492066,2.5434792,68.92444,0
6bba_ed9377fd,351,5,0.0,191.0,83.0,0.7863196,5.5831714,0.0,2.1396742,41.032837,0
6bba_ed9377fd,352,5,47.0,77.0,166.0,1.0005314,3.115642,0.74603176,2.5434792,68.92444,0
6bba_ed9377fd,353,5,0.0,196.0,17.0,0.97506547,4.513119,0.0,2.120863,39.960083,0
6bba_ed9377fd,354,5,49.0,85.0,118.0,1.4332322,2.832796,0.7777778,2.5434792,68.92444,1
6bba_ed9377fd,355,5,31.0,119.0,158.0,1.4088802,3.4856122,0.4920635,2.5434792,68.92444,1
6bba_ed9377fd,356,5,28.0,93.0,242.0,1.149374,2.862968,0.44444445,2.5434792,68.92444,1
6bba_ed9377fd,357,5,50.0,80.0,128.0,1.4363004,2.7833555,0.7936508,2.5434792,68.92444,1
6bba_ed9377fd,358,5,38.0,109.0,142.0,1.2298919,5.8961105,0.6031746,2.5434792,68.92444,1
6bba_ed9377fd,359,5,12.0,160.0,140.0,1.036882,3.87715,0.1904762,2.5434792,68.92444,0
6bba_ed9377fd,360,5,28.0,98.0,234.0,1.3375958,4.041852,0.44444445,2.5434792,68.92444,1
6bba_ed9377fd,361,5,44.0,55.0,240.0,0.8822571,3.6914568,0.6984127,2.5434792,68.92444,0
6bba_ed9377fd,362,5,49.0,99.0,31.0,1.0323912,2.2757473,0.7777778,2.5434792,68.92444,1
6bba_ed9377fd,363,5,11.0,175.0,60.0,0.99063516,3.8238995,0.17460318,2.5434792,68.92444,0
6bba_ed9377fd,364,5,42.0,30.0,201.0,0.9753852,2.5945315,0.6666667,2.5434792,68.92444,0
6bba_ed9377fd,365,5,25.0,146.0,94.0,0.88282853,3.5571275,0.3968254,2.5434792,68.92444,0
6bba_ed9377fd,366,5,23.0,155.0,54.0,1.4813646,2.7372146,0.36507937,2.5434792,68.92444,1
6bba_ed9377fd,367,5,63.0,51.0,102.0,1.1036634,3.2623284,1.0,2.1396742,41.032837,1
6bba_ed9377fd,368,5,39.0,29.0,223.0,1.0409333,2.6439662,0.61904764,2.5434792,68.92444,0
6bba_ed9377fd,369,5,63.0,53.0,92.0,0.99773514,2.615126,1.0,2.1396742,41.032837,1
6bba_ed9377fd,370,5,6.0,157.0,197.0,0.8439066,2.6910284,0.0952381,2.5401762,68.65625,1
6bba_ed9377fd,371,5,34.0,104.0,0.0,0.76460034,4.6216316,0.53968257,2.1396742,41.032837,0
6bba_ed9377fd,372,5,6.0,160.0,189.0,1.0688391,3.2946918,0.0952381,2.5401762,68.65625,1
6bba_ed9377fd,373,5,63.0,21.0,164.0,0.813999,3.3136692,1.0,2.1350024,40.76465,0
6bba_ed9377fd,374,5,29.0,148.0,34.0,0.81384665,2.959312,0.46031746,2.5434792,68.92444,0
6bba_ed9377fd,375,5,39.0,109.0,135.0,0.9222247,2.631719,0.61904764,2.5401762,68.65625,1
6bba_ed9377fd,376,5,11.0,172.0,104.0,0.85461986,2.9353743,0.17460318,2.5434792,68.92444,0
6bba_ed9377fd,377,5,0.0,174.0,174.0,0.7343488,2.7401853,0.0,2.1396742,41.032837,0
6bba_ed9377fd,378,5,13.0,175.0,11.0,0.6968808,2.4997187,0.20634921,2.5434792,68.92444,0
6bba_ed9377fd,379,5,11.0,178.0,44.0,0.80195636,2.1565673,0.17460318,2.5134354,66.51074,0
6bba_ed9377fd,380,5,24.0,145.0,110.0,0.80918425,2.9148104,0.3809524,2.5434792,68.92444,1
6bba_ed9377fd,381,5,15.0,105.0,208.0,0.9182765,2.0866747,0.23809524,2.5434792,68.92444,2
6bba_ed9377fd,382,5,30.0,94.0,129.0,0.92244744,2.3057492,0.47619048,2.5434792,68.92444,0
6bba_ed9377fd,383,5,15.0,98.0,220.0,0.89053637,2.067896,0.23809524,2.5434792,68.92444,1
6bba_ed9377fd,384,5,63.0,13.0,218.0,0.87045187,2.0626426,1.0,2.1396742,41.032837,0
6bba_ed9377fd,385,5,51.0,32.0,112.0,0.8251941,2.1027656,0.8095238,2.5434792,68.92444,1
6bba_ed9377fd,386,5,18.0,122.0,226.0,0.7039316,3.707848,0.2857143,2.5434792,68.92444,0
6bba_ed9377fd,387,5,44.0,107.0,91.0,0.70319456,2.7430172,0.6984127,2.5434792,68.92444,0
6bba_ed9377fd,388,5,16.0,108.0,197.0,0.73855686,2.163492,0.25396827,2.5434792,68.92444,1
6bba_ed9377fd,389,5,48.0,46.0,102.0,0.8767891,1.8365539,0.7619048,2.5434792,68.92444,1
6bba_ed9377fd,390,5,36.0,86.0,225.0,0.7611661,2.5398686,0.5714286,2.5434792,68.92444,0
6bba_ed9377fd,391,5,56.0,81.0,1.0,0.7283703,2.3499954,0.8888889,2.32382,52.56494,0
6bba_ed9377fd,392,5,51.0,36.0,100.0,0.91811085,1.7592088,0.8095238,2.5434792,68.92444,2
6bba_ed9377fd,393,5,0.0,192.0,48.0,0.68396145,2.2386663,0.0,2.1396742,41.032837,0
6bba_ed9377fd,394,5,6.0,162.0,32.0,0.92213327,1.7184343,0.0952381,2.5434792,68.92444,2
6bba_ed9377fd,395,5,6.0,162.0,17.0,0.8561111,1.8288091,0.0952381,2.5434792,68.92444,1
6bba_ed9377fd,396,5,7.0,137.0,245.0,0.58955413,4.579399,0.11111111,2.5434792,68.92444,1
6bba_ed9377fd,397,5,0.0,168.0,41.0,0.89946544,1.7180235,0.0,2.1396742,41.032837,1
6bba_ed9377fd,398,5,8.0,153.0,95.0,0.778433,1.9872981,0.12698413,2.5434792,68.92444,0
6bba_ed9377fd,399,5,5.0,143.0,241.0,0.51556134,2.5752146,0.07936508,2.5401762,68.65625,1
6bba_ed9377fd,400,5,22.0,132.0,181.0,0.55062085,2.7661827,0.34920636,2.5434792,68.92444,0
6bba_ed9377fd,401,5,7.0,144.0,128.0,0.6683122,1.8411142,0.11111111,2.5434792,68.92444,0
6bba_ed9377fd,402,5,12.0,138.0,111.0,0.5748299,1.3796233,0.1904762,2.5235295,67.31531,1
6bba_ed9377fd,403,5,56.0,49.0,177.0,0.42771277,2.181554,0.8888889,2.5434792,68.92444,1
6bba_ed9377fd,404,5,56.0,50.0,172.0,0.43367788,2.0404694,0.8888889,2.5401762,68.65625,1
6bba_ed9377fd,405,5,39.0,54.0,255.0,0.35701054,0.625094,0.61904764,2.0623262,36.74182,0
6bba_ed9377fd,406,5,58.0,8.0,250.0,0.36939266,1.3700167,0.9206349,2.5434792,68.92444,0
6bba_ed9377fd,407,5,0.0,155.0,214.0,0.22373863,1.7159976,0.0,2.1396742,41.032837,0
6bba_ed9377fd,408,5,39.0,70.0,255.0,0.21489927,1.1920336,0.61904764,2.092004,38.350952,0
6bba_ed9377fd,409,5,0.0,173.0,152.0,0.2219919,1.1635205,0.0,2.1396742,41.032837,0
6bba_ed9377fd,410,5,33.0,126.0,43.0,0.22198415,0.2814158,0.52380955,2.2998617,50.95581,0
6bba_ed9377fd,411,5,63.0,40.0,74.0,0.16427208,0.7049921,1.0,1.9226114,29.76892,1
6bba_ed9377fd,412,5,63.0,43.0,72.0,0.15568227,0.91156614,1.0,1.9677329,31.914429,1
6bba_ed9377fd,413,6,0.0,198.0,15.0,1.3681437,4.708508,0.0,2.1396742,41.032837,1
6bba_ed9377fd,414,6,43.0,117.0,61.0,1.0618968,4.7282166,0.6825397,2.5434792,68.92444,0
6bba_ed9377fd,415,6,11.0,178.0,70.0,1.3394241,4.1611524,0.17460318,2.5434792,68.92444,0
6bba_ed9377fd,416,6,42.0,87.0,190.0,1.2441192,4.387432,0.6666667,2.5434792,68.92444,0
6bba_ed9377fd,417,6,34.0,127.0,116.0,1.2484958,5.378346,0.53968257,2.5434792,68.92444,0
6bba_ed9377fd,418,6,0.0,188.0,100.0,1.2544605,3.3468626,0.0,2.1396742,41.032837,0
6bba_ed9377fd,419,6,38.0,131.0,22.0,1.5584942,3.1845164,0.6031746,2.5434792,68.92444,1
6bba_ed9377fd,420,6,38.0,131.0,10.0,1.6269677,3.395549,0.6031746,2.5434792,68.92444,1
6bba_ed9377fd,421,6,24.0,156.0,67.0,1.3397614,3.328799,0.3809524,2.5434792,68.92444,0
6bba_ed9377fd,422,6,0.0,198.0,9.0,1.0208267,2.9949844,0.0,2.13031,40.49646,1
6bba_ed9377fd,423,6,49.0,103.0,18.0,1.301765,3.5859885,0.7777778,2.5434792,68.92444,0
6bba_ed9377fd,424,6,41.0,108.0,140.0,1.1938096,6.894116,0.6507937,2.5434792,68.92444,0
6bba_ed9377fd,425,6,63.0,59.0,36.0,0.98029613,4.1154795,1.0,2.1350024,40.76465,0
6bba_ed9377fd,426,6,32.0,115.0,174.0,1.288372,3.0176115,0.50793654,2.5434792,68.92444,1
6bba_ed9377fd,427,6,32.0,119.0,162.0,1.3448522,3.3227596,0.50793654,2.5434792,68.92444,1
6bba_ed9377fd,428,6,49.0,78.0,162.0,0.96795166,3.173808,0.7777778,2.5434792,68.92444,1
6bba_ed9377fd,429,6,30.0,93.0,244.0,1.196318,2.9518826,0.47619048,2.5434792,68.92444,1
6bba_ed9377fd,430,6,30.0,98.0,235.0,1.3044618,3.606153,0.47619048,2.5434792,68.92444,1
6bba_ed9377fd,431,6,52.0,81.0,117.0,1.3262312,2.8145878,0.82539684,2.5434792,68.92444,1
6bba_ed9377fd,432,6,53.0,76.0,124.0,1.2674769,2.5108244,0.84126985,2.5434792,68.92444,1
6bba_ed9377fd,433,6,29.0,143.0,95.0,0.88525116,3.8195095,0.46031746,2.5434792,68.92444,0
6bba_ed9377fd,434,6,0.0,197.0,77.0,0.64010054,6.102772,0.0,2.1350024,40.76465,0
6bba_ed9377fd,435,6,50.0,73.0,169.0,0.96282643,2.8587358,0.7936508,2.5434792,68.92444,1
6bba_ed9377fd,436,6,16.0,158.0,139.0,1.1012074,3.3294258,0.25396827,2.5434792,68.92444,0
6bba_ed9377fd,437,6,45.0,55.0,241.0,0.83423895,3.3936558,0.71428573,2.5434792,68.92444,0
6bba_ed9377fd,438,6,63.0,9.0,221.0,0.88115317,2.5381563,1.0,2.1396742,41.032837,1
6bba_ed9377fd,439,6,30.0,149.0,33.0,0.8729781,2.8858159,0.47619048,2.5434792,68.92444,0
6bba_ed9377fd,440,6,7.0,164.0,181.0,0.92632145,3.299327,0.11111111,2.5434792,68.92444,1
6bba_ed9377fd,441,6,40.0,30.0,223.0,0.9805791,2.5190253,0.63492066,2.5434792,68.92444,0
6bba_ed9377fd,442,6,14.0,178.0,11.0,0.7906146,2.5441535,0.22222222,2.5434792,68.92444,0
6bba_ed9377fd,443,6,31.0,99.0,121.0,0.9529417,2.5999548,0.4920635,2.5434792,68.92444,0
6bba_ed9377fd,444,6,43.0,29.0,205.0,0.9628379,2.1764483,0.6825397,2.5434792,68.92444,0
6bba_ed9377fd,445,6,0.0,158.0,247.0,0.70429873,8.596952,0.0,2.1396742,41.032837,0
6bba_ed9377fd,446,6,15.0,102.0,222.0,0.92296743,2.469807,0.23809524,2.5434792,68.92444,0
6bba_ed9377fd,447,6,16.0,108.0,206.0,0.9597525,2.258669,0.25396827,2.5434792,68.92444,0
6bba_ed9377fd,448,6,18.0,128.0,223.0,0.74612176,3.941653,0.2857143,2.5434792,68.92444,0
6bba_ed9377fd,449,6,63.0,6.0,230.0,0.91601163,2.5160575,1.0,2.1396742,41.032837,1
6bba_ed9377fd,450,6,7.0,166.0,173.0,0.8874795,2.8928688,0.11111111,2.5434792,68.92444,1
6bba_ed9377fd,451,6,63.0,53.0,93.0,0.9196395,3.475349,1.0,2.1396742,41.032837,1
6bba_ed9377fd,452,6,34.0,107.0,0.0,0.68455654,4.628424,0.53968257,2.1396742,41.032837,0
6bba_ed9377fd,453,6,13.0,173.0,100.0,0.7963569,2.5678184,0.20634921,2.5434792,68.92444,0
6bba_ed9377fd,454,6,63.0,51.0,101.0,0.841448,2.6470814,1.0,2.1396742,41.032837,1
6bba_ed9377fd,455,6,37.0,92.0,213.0,0.69526964,5.4073915,0.5873016,2.5434792,68.92444,0
6bba_ed9377fd,456,6,29.0,98.0,138.0,0.9171109,2.2764227,0.46031746,2.5434792,68.92444,0
6bba_ed9377fd,457,6,0.0,179.0,164.0,0.7047595,2.819244,0.0,2.1396742,41.032837,0
6bba_ed9377fd,458,6,50.0,42.0,107.0,0.8967815,1.8967427,0.7936508,2.5434792,68.92444,1
6bba_ed9377fd,459,6,46.0,105.0,91.0,0.6839336,2.6788507,0.73015875,2.5434792,68.92444,0
6bba_ed9377fd,460,6,53.0,31.0,111.0,0.775319,1.8406177,0.84126985,2.5434792,68.92444,1
6bba_ed9377fd,461,6,8.0,143.0,238.0,0.640035,4.9180903,0.12698413,2.5434792,68.92444,0
6bba_ed9377fd,462,6,9.0,146.0,130.0,0.88913655,1.7283318,0.14285715,2.5434792,68.92444,0
6bba_ed9377fd,463,6,63.0,23.0,164.0,0.58496255,2.791834,1.0,2.0822053,37.814575,0
6bba_ed9377fd,464,6,24.0,134.0,177.0,0.6316186,2.7033832,0.3809524,2.5434792,68.92444,0
6bba_ed9377fd,465,6,10.0,144.0,114.0,0.83007944,1.3903761,0.15873016,2.5434792,68.92444,1
6bba_ed9377fd,466,6,8.0,153.0,105.0,0.9013353,1.9468452,0.12698413,2.5434792,68.92444,1
6bba_ed9377fd,467,6,7.0,165.0,31.0,0.8204403,1.7027283,0.11111111,2.5434792,68.92444,0
6bba_ed9377fd,468,6,3.0,193.0,44.0,0.65185046,3.0004928,0.04761905,2.5401762,68.65625,0
6bba_ed9377fd,469,6,59.0,76.0,0.0,0.7066982,2.1733594,0.93650794,2.1350024,40.76465,0
6bba_ed9377fd,470,6,22.0,110.0,255.0,0.38830826,4.648848,0.34920636,2.1396742,41.032837,0
6bba_ed9377fd,471,6,57.0,51.0,171.0,0.48227313,1.9096994,0.9047619,2.5401762,68.65625,0
6bba_ed9377fd,472,6,63.0,0.0,252.0,0.42209172,1.4957639,1.0,1.7927979,24.136963,1
6bba_ed9377fd,473,6,60.0,7.0,250.0,0.38737264,2.0019684,0.95238096,2.5401762,68.65625,1
6bba_ed9377fd,474,6,0.0,157.0,209.0,0.23563,2.4702573,0.0,2.1396742,41.032837,0
6bba_ed9377fd,475,6,9.0,161.0,154.0,0.24569613,0.5380582,0.14285715,2.472224,63.29248,2
6bba_ed9377fd,476,6,8.0,164.0,152.0,0.25014713,0.5524791,0.12698413,2.4439676,61.146973,2
6bba_ed9377fd,477,6,39.0,72.0,255.0,0.2120296,1.377051,0.61904764,2.120863,39.960083,1
6bba_ed9377fd,478,6,32.0,70.0,255.0,0.19668308,1.1243569,0.50793654,2.057296,36.473633,1
6bba_ed9377fd,479,6,12.0,151.0,154.0,0.24292497,0.28910843,0.1904762,2.3356164,53.369507,2
6bba_ed9377fd,480,7,0.0,200.0,11.0,1.4785733,4.9024024,0.0,2.1396742,41.032837,0
6bba_ed9377fd,481,7,43.0,89.0,182.0,1.1788112,5.0161324,0.6825397,2.5434792,68.92444,0
6bba_ed9377fd,482,7,44.0,115.0,60.0,1.1217425,4.9614053,0.6984127,2.5434792,68.92444,1
6bba_ed9377fd,483,7,11.0,180.0,68.0,1.3320248,4.780431,0.17460318,2.5434792,68.92444,0
6bba_ed9377fd,484,7,36.0,125.0,114.0,1.1927756,5.598326,0.5714286,2.5434792,68.92444,0
6bba_ed9377fd,485,7,38.0,133.0,19.0,1.5026369,3.0987518,0.6031746,2.5434792,68.92444,1
6bba_ed9377fd,486,7,38.0,133.0,9.0,1.6500683,3.6041944,0.6031746,2.5434792,68.92444,1
6bba_ed9377fd,487,7,51.0,101.0,17.0,1.2760988,3.3381684,0.8095238,2.5434792,68.92444,0
6bba_ed9377fd,488,7,24.0,156.0,70.0,1.243582,3.3369122,0.3809524,2.5434792,68.92444,1
6bba_ed9377fd,489,7,50.0,78.0,159.0,1.0201523,3.3643222,0.7936508,2.5434792,68.92444,0
6bba_ed9377fd,490,7,33.0,119.0,163.0,1.3962129,3.4485767,0.52380955,2.5434792,68.92444,1
6bba_ed9377fd,491,7,24.0,158.0,61.0,1.3486404,4.051107,0.3809524,2.5434792,68.92444,1
6bba_ed9377fd,492,7,0.0,199.0,68.0,0.8039024,4.7681103,0.0,2.13031,40.49646,1
6bba_ed9377fd,493,7,30.0,141.0,96.0,0.9160139,3.9120874,0.47619048,2.5434792,68.92444,1
6bba_ed9377fd,494,7,33.0,115.0,176.0,1.3031877,2.9631336,0.52380955,2.5434792,68.92444,1
6bba_ed9377fd,495,7,30.0,94.0,244.0,1.1699092,3.100076,0.47619048,2.5434792,68.92444,1
6bba_ed9377fd,496,7,29.0,100.0,235.0,1.1995807,3.242289,0.46031746,2.5434792,68.92444,1
6bba_ed9377fd,497,7,42.0,106.0,140.0,1.0897456,4.912804,0.6666667,2.5434792,68.92444,0
6bba_ed9377fd,498,7,0.0,198.0,74.0,0.8314954,5.4656076,0.0,2.1396742,41.032837,1
6bba_ed9377fd,499,7,55.0,76.0,112.0,1.2441478,2.7239969,0.8730159,2.5434792,68.92444,2
6bba_ed9377fd,500,7,44.0,116.0,69.0,0.9174881,3.1408846,0.6984127,2.5401762,68.65625,1
6bba_ed9377fd,501,7,53.0,80.0,119.0,1.271945,2.8373156,0.84126985,2.5434792,68.92444,2
6bba_ed9377fd,502,7,7.0,166.0,176.0,0.94908494,3.8406785,0.11111111,2.5434792,68.92444,1
6bba_ed9377fd,503,7,54.0,76.0,120.0,1.2137507,2.6012228,0.85714287,2.5434792,68.92444,2
6bba_ed9377fd,504,7,18.0,157.0,139.0,1.149277,3.3892217,0.2857143,2.5401762,68.65625,0
6bba_ed9377fd,505,7,43.0,32.0,200.0,0.95606714,2.6204088,0.6825397,2.5434792,68.92444,0
6bba_ed9377fd,506,7,15.0,179.0,10.0,0.83859855,3.0802352,0.23809524,2.5368643,68.38806,1
6bba_ed9377fd,507,7,2.0,189.0,96.0,1.1683382,3.2377148,0.031746034,2.4687274,63.024292,1
6bba_ed9377fd,508,7,31.0,142.0,91.0,0.7798043,3.2412713,0.4920635,2.5401762,68.65625,1
6bba_ed9377fd,509,7,47.0,55.0,236.0,0.8000651,3.593091,0.74603176,2.5434792,68.92444,0
6bba_ed9377fd,510,7,31.0,150.0,31.0,0.8330162,2.8085675,0.4920635,2.5401762,68.65625,0
6bba_ed9377fd,511,7,18.0,133.0,215.0,0.7593548,4.0660033,0.2857143,2.5434792,68.92444,0
6bba_ed9377fd,512,7,63.0,8.0,220.0,0.793134,2.9953904,1.0,2.1396742,41.032837,0
6bba_ed9377fd,513,7,40.0,31.0,223.0,0.9216133,2.2147694,0.63492066,2.5434792,68.92444,0
6bba_ed9377fd,514,7,7.0,164.0,184.0,0.7279807,2.5882652,0.11111111,2.5434792,68.92444,1
6bba_ed9377fd,515,7,31.0,100.0,119.0,0.89810705,2.2837796,0.4920635,2.5434792,68.92444,0
6bba_ed9377fd,516,7,16.0,103.0,218.0,0.8798631,2.2945693,0.25396827,2.5434792,68.92444,1
6bba_ed9377fd,517,7,47.0,106.0,87.0,0.7329459,2.8233023,0.74603176,2.5434792,68.92444,0
6bba_ed9377fd,518,7,14.0,173.0,99.0,0.797414,2.763094,0.22222222,2.5434792,68.92444,0
6bba_ed9377fd,519,7,16.0,108.0,207.0,0.86109346,1.9887927,0.25396827,2.5434792,68.92444,1
6bba_ed9377fd,520,7,53.0,33.0,112.0,0.8542999,2.154156,0.84126985,2.5434792,68.92444,1
6bba_ed9377fd,521,7,63.0,54.0,90.0,0.7608476,3.0411413,1.0,2.0968692,38.61914,0
6bba_ed9377fd,522,7,0.0,159.0,242.0,0.62291133,6.6717734,0.0,2.1396742,41.032837,0
6bba_ed9377fd,523,7,16.0,177.0,24.0,0.66787803,1.6593584,0.25396827,2.5201738,67.04712,2
6bba_ed9377fd,524,7,38.0,94.0,209.0,0.6645183,6.3268366,0.6031746,2.5434792,68.92444,0
6bba_ed9377fd,525,7,63.0,59.0,35.0,0.5722169,3.639811,1.0,2.0420563,35.669067,0
6bba_ed9377fd,526,7,33.0,114.0,0.0,0.6164714,5.09704,0.52380955,2.1396742,41.032837,0
6bba_ed9377fd,527,7,51.0,42.0,101.0,0.8683671,1.7282802,0.8095238,2.5434792,68.92444,1
6bba_ed9377fd,528,7,9.0,155.0,99.0,0.8847598,2.0051186,0.14285715,2.5434792,68.92444,0
6bba_ed9377fd,529,7,9.0,145.0,233.0,0.6083866,4.9508705,0.14285715,2.5434792,68.92444,0
6bba_ed9377fd,530,7,0.0,180.0,160.0,0.63852656,2.3918605,0.0,2.1396742,41.032837,0
6bba_ed9377fd,531,7,24.0,135.0,175.0,0.6317672,2.60904,0.3809524,2.5434792,68.92444,0
6bba_ed9377fd,532,7,8.0,149.0,129.0,0.87743473,1.7643785,0.12698413,2.5434792,68.92444,0
6bba_ed9377fd,533,7,5.0,194.0,38.0,0.6328985,2.7970665,0.07936508,2.5401762,68.65625,0
6bba_ed9377fd,534,7,8.0,166.0,25.0,0.7925801,1.6564759,0.12698413,2.5434792,68.92444,2
6bba_ed9377fd,535,7,10.0,147.0,114.0,0.8590994,1.2451562,0.15873016,2.5434792,68.92444,0
6bba_ed9377fd,536,7,22.0,110.0,255.0,0.5433571,4.77114,0.34920636,2.1396742,41.032837,0
6bba_ed9377fd,537,7,63.0,74.0,0.0,0.67199177,1.6049901,1.0,1.7927979,24.136963,1
6bba_ed9377fd,538,7,59.0,80.0,1.0,0.65991044,2.0668278,0.93650794,2.3198614,52.296753,1
6bba_ed9377fd,539,7,8.0,166.0,14.0,0.72996336,1.6784617,0.12698413,2.5434792,68.92444,1
6bba_ed9377fd,540,7,45.0,77.0,204.0,0.54555273,2.687606,0.71428573,2.5434792,68.92444,0
6bba_ed9377fd,541,7,61.0,48.0,164.0,0.604599,2.0120814,0.96825397,2.4687274,63.024292,1
6bba_ed9377fd,542,7,57.0,57.0,163.0,0.51487,1.5113271,0.9047619,2.5100527,66.24255,1
6bba_ed9377fd,543,7,63.0,22.0,163.0,0.37529394,2.1509185,1.0,2.0369256,35.40088,0
6bba_ed9377fd,544,7,63.0,7.0,247.0,0.3737487,1.4803501,1.0,2.1396742,41.032837,1
6bba_ed9377fd,545,7,0.0,153.0,207.0,0.24368241,2.6109707,0.0,2.1396742,41.032837,0
6bba_ed9377fd,546,7,63.0,0.0,253.0,0.38852474,1.3029743,1.0,1.7380214,21.991455,1
6bba_ed9377fd,547,7,40.0,71.0,255.0,0.19793075,1.4193559,0.63492066,2.0723133,37.2782,1
6bba_ed9377fd,548,7,29.0,134.0,45.0,0.26745403,0.5333704,0.46031746,2.451093,61.68335,0
6bba_ed9377fd,549,7,33.0,69.0,255.0,0.21806647,2.1075008,0.52380955,2.1065323,39.155518,1
6bba_ed9377fd,550,7,42.0,44.0,255.0,0.2175674,0.59332734,0.6666667,2.0420563,35.669067,0
6bba_ed9377fd,551,7,8.0,156.0,154.0,0.20649423,0.67989224,0.12698413,2.4861133,64.365234,0
6bba_ed9377fd,552,7,0.0,203.0,99.0,0.13448119,0.17850526,0.0,1.8059807,24.67334,1
6bba_ed9377fd,553,8,0.0,200.0,9.0,1.7576039,4.477782,0.0,2.1396742,41.032837,0
6bba_ed9377fd,554,8,44.0,90.0,177.0,1.1641212,5.5901146,0.6984127,2.5434792,68.92444,0
6bba_ed9377fd,555,8,46.0,113.0,62.0,1.1273534,5.127293,0.73015875,2.5434792,68.92444,0
6bba_ed9377fd,556,8,12.0,180.0,66.0,1.341744,4.4151273,0.1904762,2.5434792,68.92444,0
6bba_ed9377fd,557,8,0.0,199.0,69.0,1.0704079,6.5359735,0.0,2.1396742,41.032837,1
6bba_ed9377fd,558,8,40.0,131.0,19.0,1.4691488,2.9723818,0.63492066,2.5434792,68.92444,1
6bba_ed9377fd,559,8,38.0,123.0,115.0,1.2243382,5.324045,0.6031746,2.5434792,68.92444,0
6bba_ed9377fd,560,8,25.0,158.0,61.0,1.3424581,3.8728063,0.3968254,2.5434792,68.92444,1
6bba_ed9377fd,561,8,39.0,133.0,9.0,1.6280876,3.499213,0.61904764,2.5434792,68.92444,1
6bba_ed9377fd,562,8,25.0,156.0,68.0,1.3062388,3.4992955,0.3968254,2.5434792,68.92444,1
6bba_ed9377fd,563,8,34.0,118.0,163.0,1.476925,3.3672168,0.53968257,2.5434792,68.92444,1
6bba_ed9377fd,564,8,32.0,140.0,94.0,0.9732254,4.100315,0.50793654,2.5434792,68.92444,0
6bba_ed9377fd,565,8,34.0,114.0,177.0,1.3396356,2.8816516,0.53968257,2.5434792,68.92444,1
6bba_ed9377fd,566,8,52.0,101.0,16.0,1.3099185,3.4292488,0.82539684,2.5434792,68.92444,0
6bba_ed9377fd,567,8,30.0,99.0,235.0,1.2446963,3.5304334,0.47619048,2.5434792,68.92444,1
6bba_ed9377fd,568,8,51.0,78.0,156.0,0.9847729,3.3262753,0.8095238,2.5434792,68.92444,1
6bba_ed9377fd,569,8,31.0,94.0,243.0,1.2222869,3.2882476,0.4920635,2.5434792,68.92444,1
6bba_ed9377fd,570,8,0.0,200.0,64.0,0.9330281,4.0630383,0.0,2.1396742,41.032837,1
6bba_ed9377fd,571,8,43.0,106.0,138.0,1.0277803,5.2225256,0.6825397,2.5434792,68.92444,0
6bba_ed9377fd,572,8,8.0,166.0,176.0,0.9527132,3.6397815,0.12698413,2.5434792,68.92444,0
6bba_ed9377fd,573,8,55.0,78.0,108.0,1.4556471,2.789784,0.8730159,2.5434792,68.92444,1
6bba_ed9377fd,574,8,19.0,134.0,213.0,0.8556026,4.191471,0.3015873,2.5434792,68.92444,0
6bba_ed9377fd,575,8,54.0,80.0,116.0,1.4604753,2.6744199,0.85714287,2.5401762,68.65625,1
6bba_ed9377fd,576,8,52.0,73.0,165.0,0.96978,2.8687222,0.82539684,2.5434792,68.92444,1
6bba_ed9377fd,577,8,48.0,54.0,235.0,0.8381186,3.6609654,0.7619048,2.5434792,68.92444,0
6bba_ed9377fd,578,8,20.0,154.0,140.0,1.0567373,2.838037,0.31746033,2.5434792,68.92444,1
6bba_ed9377fd,579,8,16.0,178.0,12.0,1.0494009,3.6201572,0.25396827,2.5434792,68.92444,2
6bba_ed9377fd,580,8,19.0,157.0,137.0,1.207237,3.4033399,0.3015873,2.5434792,68.92444,1
6bba_ed9377fd,581,8,4.0,189.0,94.0,1.2809842,3.734718,0.06349207,2.5434792,68.92444,1
6bba_ed9377fd,582,8,32.0,149.0,30.0,0.8682813,3.0413826,0.50793654,2.5434792,68.92444,0
6bba_ed9377fd,583,8,44.0,29.0,202.0,0.953993,2.3090413,0.6984127,2.5434792,68.92444,0
6bba_ed9377fd,584,8,41.0,30.0,223.0,0.9553529,2.3702037,0.6507937,2.5434792,68.92444,0
6bba_ed9377fd,585,8,17.0,104.0,216.0,0.8858968,2.3101933,0.26984128,2.5434792,68.92444,2
6bba_ed9377fd,586,8,33.0,97.0,121.0,0.9661461,2.3497026,0.52380955,2.5434792,68.92444,0
6bba_ed9377fd,587,8,17.0,106.0,211.0,0.9072776,2.1591265,0.26984128,2.5434792,68.92444,2
6bba_ed9377fd,588,8,17.0,108.0,207.0,0.8952502,2.1575594,0.26984128,2.5434792,68.92444,2
6bba_ed9377fd,589,8,48.0,105.0,89.0,0.780507,2.7649288,0.7619048,2.5401762,68.65625,0
6bba_ed9377fd,590,8,54.0,32.0,111.0,0.8939474,2.1946914,0.85714287,2.5434792,68.92444,1
6bba_ed9377fd,591,8,15.0,174.0,94.0,0.80312765,2.8088655,0.23809524,2.5434792,68.92444,0
6bba_ed9377fd,592,8,63.0,75.0,0.0,0.7868359,2.2937934,1.0,1.7994134,24.405151,1
6bba_ed9377fd,593,8,63.0,8.0,220.0,0.7208162,3.0495777,1.0,2.1396742,41.032837,1
6bba_ed9377fd,594,8,9.0,155.0,98.0,0.9741225,2.0642374,0.14285715,2.5434792,68.92444,0
6bba_ed9377fd,595,8,63.0,53.0,92.0,0.6423944,2.8956707,1.0,2.0317688,35.13269,0
6bba_ed9377fd,596,8,39.0,92.0,207.0,0.66553533,5.465793,0.61904764,2.5434792,68.92444,0
6bba_ed9377fd,597,8,51.0,44.0,103.0,0.7799414,1.7003615,0.8095238,2.5434792,68.92444,1
6bba_ed9377fd,598,8,10.0,147.0,227.0,0.6142203,4.929054,0.15873016,2.5434792,68.92444,0
6bba_ed9377fd,599,8,8.0,150.0,129.0,0.9598954,1.7931347,0.12698413,2.5434792,68.92444,1
6bba_ed9377fd,600,8,63.0,76.0,11.0,0.64882475,2.065578,1.0,2.1396742,41.032837,1
6bba_ed9377fd,601,8,26.0,135.0,172.0,0.6288875,2.7086153,0.41269842,2.5434792,68.92444,0
6bba_ed9377fd,602,8,63.0,0.0,232.0,0.6715722,2.0060856,1.0,1.7927979,24.136963,1
6bba_ed9377fd,603,8,10.0,148.0,118.0,0.96846026,1.3712267,0.15873016,2.5434792,68.92444,1
6bba_ed9377fd,604,8,34.0,114.0,0.0,0.44475156,5.115137,0.53968257,2.1350024,40.76465,0
6bba_ed9377fd,605,8,6.0,194.0,35.0,0.6359668,2.888985,0.0952381,2.5434792,68.92444,0
6bba_ed9377fd,606,8,23.0,109.0,255.0,0.5621299,5.1990647,0.36507937,2.1396742,41.032837,0
6bba_ed9377fd,607,8,0.0,159.0,239.0,0.5105717,5.098237,0.0,2.1396742,41.032837,0
6bba_ed9377fd,608,8,46.0,78.0,200.0,0.58841145,2.637958,0.73015875,2.5434792,68.92444,0
6bba_ed9377fd,609,8,63.0,49.0,160.0,0.6045703,2.1761823,1.0,2.1396742,41.032837,1
6bba_ed9377fd,610,8,9.0,166.0,25.0,0.7638115,1.4907912,0.14285715,2.5434792,68.92444,1
6bba_ed9377fd,611,8,4.0,180.0,156.0,0.6203283,2.6620839,0.06349207,2.5434792,68.92444,0
6bba_ed9377fd,612,8,63.0,45.0,171.0,0.59443533,2.0976882,1.0,2.1396742,41.032837,1
6bba_ed9377fd,613,8,9.0,166.0,14.0,0.7056057,1.4883707,0.14285715,2.5434792,68.92444,3
6bba_ed9377fd,614,8,0.0,176.0,32.0,0.82251203,1.5479915,0.0,2.1396742,41.032837,1
6bba_ed9377fd,615,8,0.0,175.0,36.0,0.7858205,1.4401357,0.0,2.1396742,41.032837,1
6bba_ed9377fd,616,8,63.0,59.0,34.0,0.36248115,3.0497236,1.0,2.0317688,35.13269,0
6bba_ed9377fd,617,8,63.0,9.0,246.0,0.4185214,1.9348218,1.0,2.1396742,41.032837,0
6bba_ed9377fd,618,8,0.0,177.0,201.0,0.19987907,2.979365,0.0,2.0002632,33.52356,0
6bba_ed9377fd,619,8,3.0,177.0,14.0,0.6019124,0.6796388,0.04761905,2.472224,63.29248,2
6bba_ed9377fd,620,8,63.0,18.0,167.0,0.24895148,1.7918872,1.0,2.0822053,37.814575,0
6bba_ed9377fd,621,8,0.0,159.0,203.0,0.25209948,2.0746763,0.0,2.1396742,41.032837,0
6bba_ed9377fd,622,8,0.0,177.0,140.0,0.2740587,0.9673059,0.0,2.0623262,36.74182,0
6bba_ed9377fd,623,8,39.0,66.0,255.0,0.23753995,2.780346,0.61904764,2.1350024,40.76465,0
6bba_ed9377fd,624,8,44.0,42.0,255.0,0.2096974,2.0817993,0.6984127,2.125597,40.22827,1
6bba_ed9377fd,625,8,0.0,202.0,98.0,0.21861352,0.1799874,0.0,1.85688,26.818848,1
6bba_ed9377fd,626,8,13.0,151.0,154.0,0.219093,0.52703464,0.20634921,2.4617038,62.487915,1
6bba_ed9377fd,627,8,35.0,127.0,34.0,0.20920824,0.33246428,0.5555556,2.3316977,53.10132,0
6bba_ed9377fd,628,8,51.0,43.0,255.0,0.15899341,0.7523138,0.8095238,1.9566469,31.378052,1
6bba_ed9377fd,629,8,10.0,162.0,151.0,0.2326574,0.5221393,0.15873016,2.4895616,64.63342,1
6bba_ed9377fd,630,9,0.0,201.0,10.0,1.6983292,4.540673,0.0,2.1396742,41.032837,0
6bba_ed9377fd,631,9,45.0,90.0,177.0,1.1832222,5.7748814,0.71428573,2.5434792,68.92444,0
6bba_ed9377fd,632,9,47.0,111.0,61.0,1.2227271,4.631405,0.74603176,2.5434792,68.92444,0
6bba_ed9377fd,633,9,12.0,181.0,66.0,1.3727524,4.457593,0.1904762,2.5434792,68.92444,0
6bba_ed9377fd,634,9,26.0,155.0,70.0,1.327614,3.572542,0.41269842,2.5434792,68.92444,1
6bba_ed9377fd,635,9,51.0,78.0,155.0,1.1148974,3.844537,0.8095238,2.5434792,68.92444,0
6bba_ed9377fd,636,9,26.0,157.0,62.0,1.3372186,3.7382853,0.41269842,2.5434792,68.92444,1
6bba_ed9377fd,637,9,40.0,131.0,9.0,1.6485142,3.67763,0.63492066,2.5434792,68.92444,1
6bba_ed9377fd,638,9,38.0,123.0,117.0,1.151471,5.970615,0.6031746,2.5434792,68.92444,0
6bba_ed9377fd,639,9,40.0,131.0,19.0,1.454413,2.9959505,0.63492066,2.5434792,68.92444,1
6bba_ed9377fd,640,9,0.0,200.0,69.0,0.97414416,5.544824,0.0,2.1396742,41.032837,1
6bba_ed9377fd,641,9,35.0,117.0,163.0,1.5634654,3.6121752,0.5555556,2.5434792,68.92444,0
6bba_ed9377fd,642,9,33.0,138.0,94.0,0.9347892,4.0393505,0.52380955,2.5434792,68.92444,0
6bba_ed9377fd,643,9,35.0,113.0,178.0,1.3735123,2.9502056,0.5555556,2.5434792,68.92444,0
6bba_ed9377fd,644,9,52.0,101.0,17.0,1.2779675,3.381246,0.82539684,2.5434792,68.92444,1
6bba_ed9377fd,645,9,30.0,99.0,236.0,1.14814,3.4312696,0.47619048,2.5434792,68.92444,1
6bba_ed9377fd,646,9,30.0,96.0,241.0,1.2282635,3.800583,0.47619048,2.5434792,68.92444,1
6bba_ed9377fd,647,9,51.0,102.0,26.0,1.1468886,2.5827236,0.8095238,2.5434792,68.92444,1
6bba_ed9377fd,648,9,0.0,199.0,75.0,0.83410597,3.562896,0.0,2.1350024,40.76465,1
6bba_ed9377fd,649,9,44.0,104.0,138.0,0.9753052,5.0310354,0.6984127,2.5434792,68.92444,0
6bba_ed9377fd,650,9,54.0,80.0,116.0,1.5695275,2.9673805,0.85714287,2.5401762,68.65625,2
6bba_ed9377fd,651,9,55.0,78.0,106.0,1.3996125,2.3968482,0.8730159,2.5368643,68.38806,2
6bba_ed9377fd,652,9,16.0,178.0,12.0,1.1305931,3.559837,0.25396827,2.5434792,68.92444,3
6bba_ed9377fd,653,9,8.0,167.0,172.0,0.8846512,3.2901998,0.12698413,2.5434792,68.92444,0
6bba_ed9377fd,654,9,16.0,179.0,7.0,0.9105401,2.4890695,0.25396827,2.5235295,67.31531,3
6bba_ed9377fd,655,9,19.0,135.0,213.0,0.81890905,3.8277037,0.3015873,2.5434792,68.92444,0
6bba_ed9377fd,656,9,56.0,73.0,115.0,1.4016982,2.140653,0.8888889,2.5434792,68.92444,2
6bba_ed9377fd,657,9,48.0,57.0,231.0,0.7946713,3.516523,0.7619048,2.5434792,68.92444,0
6bba_ed9377fd,658,9,4.0,189.0,93.0,1.3589823,4.0534368,0.06349207,2.5434792,68.92444,1
6bba_ed9377fd,659,9,20.0,155.0,138.0,1.0302026,2.9456344,0.31746033,2.5434792,68.92444,1
6bba_ed9377fd,660,9,33.0,148.0,30.0,0.84883755,2.850225,0.52380955,2.5434792,68.92444,0
6bba_ed9377fd,661,9,63.0,6.0,224.0,0.80092704,3.7021697,1.0,2.1396742,41.032837,0
6bba_ed9377fd,662,9,42.0,30.0,221.0,0.94165134,2.4725811,0.6666667,2.5434792,68.92444,0
6bba_ed9377fd,663,9,45.0,28.0,203.0,0.9247502,2.3375912,0.71428573,2.5434792,68.92444,0
6bba_ed9377fd,664,9,33.0,99.0,119.0,0.92983544,2.4598923,0.52380955,2.5434792,68.92444,0
6bba_ed9377fd,665,9,17.0,105.0,212.0,0.8771891,2.260339,0.26984128,2.5434792,68.92444,0
6bba_ed9377fd,666,9,15.0,174.0,94.0,0.80961275,2.9212837,0.23809524,2.5434792,68.92444,0
6bba_ed9377fd,667,9,48.0,105.0,89.0,0.7737649,2.736193,0.7619048,2.5434792,68.92444,0
6bba_ed9377fd,668,9,17.0,177.0,21.0,0.8401241,1.9647915,0.26984128,2.5268764,67.583496,3
6bba_ed9377fd,669,9,63.0,76.0,0.0,0.77913857,2.192658,1.0,1.7994134,24.405151,1
6bba_ed9377fd,670,9,10.0,154.0,98.0,0.9398573,1.9939256,0.15873016,2.5434792,68.92444,0
6bba_ed9377fd,671,9,63.0,76.0,11.0,0.699212,2.374489,1.0,2.1396742,41.032837,1
6bba_ed9377fd,672,9,63.0,54.0,89.0,0.5936291,3.1473186,1.0,2.0317688,35.13269,0
6bba_ed9377fd,673,9,52.0,40.0,104.0,0.82876515,1.7396276,0.82539684,2.5434792,68.92444,2
6bba_ed9377fd,674,9,55.0,30.0,108.0,0.83167917,1.7829875,0.8730159,2.5434792,68.92444,2
6bba_ed9377fd,675,9,54.0,34.0,99.0,0.8971129,1.7683136,0.85714287,2.5434792,68.92444,2
6bba_ed9377fd,676,9,39.0,92.0,207.0,0.6247793,5.179784,0.61904764,2.5434792,68.92444,0
6bba_ed9377fd,677,9,10.0,148.0,226.0,0.6273848,4.627363,0.15873016,2.5434792,68.92444,0
6bba_ed9377fd,678,9,8.0,151.0,130.0,0.95178187,1.7775369,0.12698413,2.5434792,68.92444,1
6bba_ed9377fd,679,9,26.0,134.0,174.0,0.6231966,2.7093797,0.41269842,2.5434792,68.92444,0
6bba_ed9377fd,680,9,6.0,194.0,37.0,0.608438,3.0984917,0.0952381,2.5434792,68.92444,0
6bba_ed9377fd,681,9,5.0,180.0,153.0,0.6526737,2.7391298,0.07936508,2.5434792,68.92444,0
6bba_ed9377fd,682,9,63.0,49.0,159.0,0.6120853,2.417382,1.0,2.1396742,41.032837,1
6bba_ed9377fd,683,9,23.0,109.0,255.0,0.5576094,4.8621054,0.36507937,2.1396742,41.032837,0
6bba_ed9377fd,684,9,47.0,78.0,199.0,0.5886685,2.5324817,0.74603176,2.5434792,68.92444,0
6bba_ed9377fd,685,9,8.0,167.0,26.0,0.8104584,1.6589084,0.12698413,2.5434792,68.92444,1
6bba_ed9377fd,686,9,0.0,160.0,237.0,0.4872784,4.3900366,0.0,2.1396742,41.032837,0
6bba_ed9377fd,687,9,63.0,45.0,170.0,0.58051884,2.0736706,1.0,2.1396742,41.032837,1
6bba_ed9377fd,688,9,35.0,113.0,0.0,0.31924412,3.4743454,0.5555556,2.1017118,38.88733,0
6bba_ed9377fd,689,9,0.0,177.0,201.0,0.23594676,3.2381158,0.0,2.0317688,35.13269,0
6bba_ed9377fd,690,9,63.0,59.0,34.0,0.28240862,2.7435274,1.0,2.0369256,35.40088,0
6bba_ed9377fd,691,9,63.0,10.0,245.0,0.3832791,1.6848911,1.0,2.1396742,41.032837,0
6bba_ed9377fd,692,9,4.0,177.0,12.0,0.58256626,0.4868999,0.06349207,2.433201,60.342407,2
6bba_ed9377fd,693,9,0.0,178.0,138.0,0.2935322,1.052302,0.0,2.0822053,37.814575,0
6bba_ed9377fd,694,9,0.0,161.0,201.0,0.24617778,1.8304299,0.0,2.1396742,41.032837,1
6bba_ed9377fd,695,9,63.0,19.0,165.0,0.212855,1.7738476,1.0,2.0822053,37.814575,0
6bba_ed9377fd,696,9,45.0,41.0,255.0,0.20759553,2.7317135,0.71428573,2.1065323,39.155518,1
6bba_ed9377fd,697,9,0.0,203.0,96.0,0.21375716,0.29256055,0.0,1.8992338,28.696167,1
6bba_ed9377fd,698,9,51.0,41.0,255.0,0.17458947,1.7223146,0.8095238,2.0471616,35.937256,1
6bba_ed9377fd,699,9,12.0,154.0,155.0,0.2071456,0.92984015,0.1904762,2.4895616,64.63342,1
6bba_ed9377fd,700,9,11.0,157.0,154.0,0.22177273,0.8456029,0.17460318,2.493,64.90161,1
6bba_ed9377fd,701,9,35.0,128.0,33.0,0.24642749,0.27302158,0.5555556,2.3158891,52.028564,0
6bba_ed9377fd,702,9,0.0,194.0,55.0,0.25579453,0.26732367,0.0,2.0002632,33.52356,0
6bba_ed9377fd,703,9,8.0,132.0,255.0,0.151133,2.561629,0.12698413,2.1350024,40.76465,0
6bba_ed9377fd,704,9,7.0,151.0,200.0,0.1622071,0.9218948,0.11111111,2.4077017,58.465088,1
6bba_ed9377fd,705,10,48.0,109.0,61.0,1.1968609,4.664714,0.7619048,2.5434792,68.92444,0
6bba_ed9377fd,706,10,45.0,92.0,172.0,1.1821251,5.8398266,0.71428573,2.5434792,68.92444,0
6bba_ed9377fd,707,10,0.0,202.0,11.0,1.3626155,4.793811,0.0,2.1350024,40.76465,0
6bba_ed9377fd,708,10,11.0,182.0,66.0,1.2825097,4.530996,0.17460318,2.5434792,68.92444,0
6bba_ed9377fd,709,10,40.0,131.0,16.0,1.5175269,3.2502367,0.63492066,2.5434792,68.92444,1
6bba_ed9377fd,710,10,53.0,77.0,153.0,1.0652736,3.4990287,0.84126985,2.5434792,68.92444,0
6bba_ed9377fd,711,10,26.0,157.0,59.0,1.3329048,4.1705694,0.41269842,2.5434792,68.92444,0
6bba_ed9377fd,712,10,34.0,138.0,91.0,0.907369,3.962502,0.53968257,2.5434792,68.92444,0
6bba_ed9377fd,713,10,35.0,117.0,167.0,1.5137386,3.6279337,0.5555556,2.5434792,68.92444,0
6bba_ed9377fd,714,10,39.0,122.0,118.0,1.0706445,5.4928613,0.61904764,2.5434792,68.92444,0
6bba_ed9377fd,715,10,53.0,100.0,17.0,1.1854447,3.0589576,0.84126985,2.5434792,68.92444,1
6bba_ed9377fd,716,10,30.0,100.0,236.0,1.2060829,3.2664797,0.47619048,2.5434792,68.92444,1
6bba_ed9377fd,717,10,63.0,7.0,228.0,1.0403578,5.229178,1.0,2.1350024,40.76465,0
6bba_ed9377fd,718,10,35.0,112.0,182.0,1.2531812,2.6871967,0.5555556,2.5434792,68.92444,0
6bba_ed9377fd,719,10,31.0,94.0,244.0,1.2444563,3.471592,0.4920635,2.5434792,68.92444,1
6bba_ed9377fd,720,10,48.0,59.0,229.0,0.8669329,3.9387143,0.7619048,2.5434792,68.92444,0
6bba_ed9377fd,721,10,52.0,101.0,25.0,1.1244279,2.5997534,0.82539684,2.5434792,68.92444,1
6bba_ed9377fd,722,10,44.0,105.0,137.0,1.0840318,5.5342135,0.6984127,2.5434792,68.92444,0
6bba_ed9377fd,723,10,0.0,201.0,64.0,0.7944872,5.634641,0.0,2.1350024,40.76465,0
6bba_ed9377fd,724,10,9.0,168.0,166.0,0.94422823,3.3461757,0.14285715,2.5434792,68.92444,0
6bba_ed9377fd,725,10,55.0,80.0,114.0,1.4014752,2.7699196,0.8730159,2.5401762,68.65625,1
6bba_ed9377fd,726,10,17.0,177.0,12.0,1.0666221,3.161048,0.26984128,2.5434792,68.92444,4
6bba_ed9377fd,727,10,21.0,154.0,138.0,1.0748497,3.2776682,0.33333334,2.5434792,68.92444,0
6bba_ed9377fd,728,10,56.0,78.0,104.0,1.3866311,2.6443434,0.8888889,2.5401762,68.65625,1
6bba_ed9377fd,729,10,19.0,136.0,211.0,0.79264873,3.7760322,0.3015873,2.5434792,68.92444,0
6bba_ed9377fd,730,10,5.0,189.0,90.0,1.3594679,3.9753566,0.07936508,2.5434792,68.92444,2
6bba_ed9377fd,731,10,33.0,148.0,29.0,0.85576254,2.7987332,0.52380955,2.5434792,68.92444,0
6bba_ed9377fd,732,10,46.0,25.0,203.0,0.9092945,2.3088944,0.73015875,2.5434792,68.92444,0
6bba_ed9377fd,733,10,17.0,178.0,6.0,0.85035163,2.2510548,0.26984128,2.5368643,68.38806,3
6bba_ed9377fd,734,10,43.0,27.0,221.0,0.8993012,2.3060603,0.6825397,2.5434792,68.92444,0
6bba_ed9377fd,735,10,6.0,187.0,98.0,1.1938039,2.8512304,0.0952381,2.5434792,68.92444,2
6bba_ed9377fd,736,10,16.0,174.0,92.0,0.80560744,3.0378108,0.25396827,2.5368643,68.38806,0
6bba_ed9377fd,737,10,17.0,178.0,20.0,0.91915643,2.3960493,0.26984128,2.5335438,68.11987,3
6bba_ed9377fd,738,10,63.0,76.0,0.0,0.7324716,2.7650073,1.0,1.7994134,24.405151,0
6bba_ed9377fd,739,10,49.0,104.0,88.0,0.7665998,2.5232654,0.7777778,2.5434792,68.92444,0
6bba_ed9377fd,740,10,18.0,105.0,209.0,0.8313878,2.108321,0.2857143,2.5434792,68.92444,1
6bba_ed9377fd,741,10,18.0,103.0,214.0,0.8031963,2.2454095,0.2857143,2.5434792,68.92444,1
6bba_ed9377fd,742,10,55.0,30.0,109.0,0.8954501,2.1424382,0.8730159,2.5434792,68.92444,0
6bba_ed9377fd,743,10,6.0,186.0,104.0,0.86771005,1.9485571,0.0952381,2.5434792,68.92444,2
6bba_ed9377fd,744,10,32.0,104.0,116.0,0.8342904,2.338855,0.50793654,2.5434792,68.92444,1
6bba_ed9377fd,745,10,53.0,42.0,100.0,0.8485518,1.7886174,0.84126985,2.5434792,68.92444,1
6bba_ed9377fd,746,10,35.0,94.0,123.0,0.8554084,2.0260985,0.5555556,2.5434792,68.92444,1
6bba_ed9377fd,747,10,10.0,155.0,97.0,0.90019256,1.8730215,0.15873016,2.5434792,68.92444,0
6bba_ed9377fd,748,10,10.0,150.0,220.0,0.6948982,5.053658,0.15873016,2.5434792,68.92444,0
6bba_ed9377fd,749,10,41.0,90.0,206.0,0.6641183,4.3570285,0.6507937,2.5434792,68.92444,0
6bba_ed9377fd,750,10,56.0,32.0,92.0,0.9617751,1.8969939,0.8888889,2.5434792,68.92444,1
6bba_ed9377fd,751,10,5.0,180.0,151.0,0.7328203,2.5735724,0.07936508,2.5434792,68.92444,0
6bba_ed9377fd,752,10,24.0,108.0,255.0,0.6452737,3.61674,0.3809524,2.1396742,41.032837,0
6bba_ed9377fd,753,10,8.0,155.0,124.0,1.0182325,1.8182324,0.12698413,2.5434792,68.92444,1
6bba_ed9377fd,754,10,8.0,157.0,117.0,1.0423045,1.695191,0.12698413,2.5434792,68.92444,1
6bba_ed9377fd,755,10,27.0,135.0,169.0,0.6108264,2.6955075,0.42857143,2.5434792,68.92444,0
6bba_ed9377fd,756,10,5.0,195.0,37.0,0.60738105,3.2821138,0.07936508,2.5434792,68.92444,0
6bba_ed9377fd,757,10,63.0,50.0,158.0,0.59134495,2.309202,1.0,2.1396742,41.032837,1
6bba_ed9377fd,758,10,10.0,167.0,11.0,0.7118223,1.5093127,0.15873016,2.5434792,68.92444,3
6bba_ed9377fd,759,10,48.0,77.0,198.0,0.5681448,2.4101088,0.7619048,2.5434792,68.92444,0
6bba_ed9377fd,760,10,63.0,47.0,165.0,0.60368735,2.0295587,1.0,2.1396742,41.032837,1
6bba_ed9377fd,761,10,36.0,111.0,0.0,0.41579568,5.0297503,0.5714286,2.1396742,41.032837,0
6bba_ed9377fd,762,10,8.0,167.0,29.0,0.7579664,1.6112424,0.12698413,2.5434792,68.92444,1
6bba_ed9377fd,763,10,3.0,160.0,232.0,0.4789372,3.8718524,0.04761905,2.5401762,68.65625,0
6bba_ed9377fd,764,10,63.0,55.0,86.0,0.38380697,2.1905997,1.0,2.0317688,35.13269,0
6bba_ed9377fd,765,10,0.0,177.0,200.0,0.25339517,3.1452067,0.0,2.0369256,35.40088,0
6bba_ed9377fd,766,10,51.0,38.0,255.0,0.29046097,7.1171956,0.8095238,2.1350024,40.76465,0
6bba_ed9377fd,767,10,63.0,12.0,245.0,0.4083576,1.6351577,1.0,2.1350024,40.76465,0
6bba_ed9377fd,768,10,2.0,177.0,28.0,0.7054395,1.1928563,0.031746034,2.4546402,61.951538,2
6bba_ed9377fd,769,10,4.0,178.0,16.0,0.5653851,0.5488998,0.06349207,2.42597,59.80603,4
6bba_ed9377fd,770,10,0.0,160.0,199.0,0.29185262,1.9857966,0.0,2.1396742,41.032837,0
6bba_ed9377fd,771,10,0.0,180.0,132.0,0.31873542,1.7283945,0.0,2.092004,38.350952,0
6bba_ed9377fd,772,10,63.0,58.0,33.0,0.1696755,2.0956235,1.0,2.0369256,35.40088,0
6bba_ed9377fd,773,10,63.0,18.0,165.0,0.17967618,1.6091717,1.0,2.0968692,38.61914,0
6bba_ed9377fd,774,10,8.0,133.0,255.0,0.1704721,2.6407259,0.12698413,2.1350024,40.76465,0
6bba_ed9377fd,775,10,34.0,132.0,31.0,0.2630373,0.27948624,0.53968257,2.3511617,54.44226,1
6bba_ed9377fd,776,10,35.0,129.0,30.0,0.24356492,0.26325145,0.5555556,2.311903,51.760376,2
6bba_ed9377fd,777,10,13.0,152.0,154.0,0.19939776,0.6093364,0.20634921,2.4403894,60.878784,0
6bba_ed9377fd,778,10,0.0,203.0,95.0,0.17867802,0.13992459,0.0,1.7520384,22.527832,0
6bba_ed9377fd,779,11,46.0,90.0,170.0,1.1353811,5.8265953,0.73015875,2.5434792,68.92444,0
6bba_ed9377fd,780,11,48.0,110.0,61.0,1.1123377,4.784241,0.7619048,2.5434792,68.92444,0
6bba_ed9377fd,781,11,12.0,182.0,62.0,1.2714765,5.162247,0.1904762,2.5434792,68.92444,0
6bba_ed9377fd,782,11,0.0,203.0,10.0,1.3035904,4.8055453,0.0,2.1350024,40.76465,0
6bba_ed9377fd,783,11,27.0,155.0,63.0,1.3070616,3.5269568,0.42857143,2.5434792,68.92444,0
6bba_ed9377fd,784,11,53.0,77.0,150.0,1.1353011,3.4436672,0.84126985,2.5434792,68.92444,1
6bba_ed9377fd,785,11,40.0,131.0,16.0,1.445631,3.0058517,0.63492066,2.5434792,68.92444,0
6bba_ed9377fd,786,11,35.0,116.0,167.0,1.5581572,3.631988,0.5555556,2.5434792,68.92444,0
6bba_ed9377fd,787,11,39.0,121.0,119.0,1.0277629,5.727381,0.61904764,2.5434792,68.92444,0
6bba_ed9377fd,788,11,34.0,137.0,89.0,0.9003411,4.0084686,0.53968257,2.5434792,68.92444,0
6bba_ed9377fd,789,11,0.0,201.0,67.0,0.7427274,4.8925967,0.0,2.1350024,40.76465,1
6bba_ed9377fd,790,11,52.0,102.0,17.0,1.2363827,3.2304819,0.82539684,2.5434792,68.92444,1
6bba_ed9377fd,791,11,52.0,101.0,25.0,1.147797,2.6440716,0.82539684,2.5434792,68.92444,1
6bba_ed9377fd,792,11,30.0,101.0,235.0,1.1843193,3.468096,0.47619048,2.5434792,68.92444,1
6bba_ed9377fd,793,11,48.0,61.0,226.0,0.88977647,3.9260468,0.7619048,2.5434792,68.92444,0
6bba_ed9377fd,794,11,0.0,202.0,63.0,0.77082914,5.805239,0.0,2.1350024,40.76465,1
6bba_ed9377fd,795,11,53.0,72.0,163.0,1.0273287,2.744485,0.84126985,2.5434792,68.92444,1
6bba_ed9377fd,796,11,9.0,168.0,165.0,0.9274413,3.2818427,0.14285715,2.5434792,68.92444,0
6bba_ed9377fd,797,11,63.0,6.0,232.0,1.09611,5.716374,1.0,2.1396742,41.032837,1
6bba_ed9377fd,798,11,45.0,104.0,137.0,1.0683476,5.215185,0.71428573,2.5434792,68.92444,0
6bba_ed9377fd,799,11,35.0,112.0,182.0,1.2357427,2.4667404,0.5555556,2.5434792,68.92444,1
6bba_ed9377fd,800,11,31.0,94.0,244.0,1.1262563,3.0131834,0.4920635,2.5434792,68.92444,1
6bba_ed9377fd,801,11,55.0,80.0,112.0,1.3353903,2.7933102,0.8730159,2.5401762,68.65625,1
6bba_ed9377fd,802,11,5.0,190.0,89.0,1.2822069,4.057641,0.07936508,2.5434792,68.92444,3
6bba_ed9377fd,803,11,18.0,177.0,11.0,1.0049937,2.915913,0.2857143,2.5434792,68.92444,4
6bba_ed9377fd,804,11,33.0,149.0,27.0,0.8489747,2.774257,0.52380955,2.5434792,68.92444,0
6bba_ed9377fd,805,11,56.0,78.0,101.0,1.3108726,2.589328,0.8888889,2.5401762,68.65625,1
6bba_ed9377fd,806,11,6.0,188.0,95.0,1.1971238,3.2162657,0.0952381,2.5434792,68.92444,3
6bba_ed9377fd,807,11,22.0,153.0,137.0,1.0080906,2.9100626,0.34920636,2.5434792,68.92444,1
6bba_ed9377fd,808,11,46.0,29.0,202.0,0.87694347,2.0966854,0.73015875,2.5434792,68.92444,0
6bba_ed9377fd,809,11,19.0,138.0,206.0,0.7548752,3.8180678,0.3015873,2.5434792,68.92444,0
6bba_ed9377fd,810,11,18.0,177.0,5.0,0.8711325,2.2661557,0.2857143,2.5434792,68.92444,3
6bba_ed9377fd,811,11,5.0,192.0,84.0,0.9709799,2.4636009,0.07936508,2.5201738,67.04712,2
6bba_ed9377fd,812,11,35.0,110.0,188.0,0.86293334,1.9116685,0.5555556,2.5434792,68.92444,1
6bba_ed9377fd,813,11,18.0,104.0,214.0,0.8411869,2.372471,0.2857143,2.5434792,68.92444,0
6bba_ed9377fd,814,11,33.0,103.0,115.0,0.869127,2.4157088,0.52380955,2.5434792,68.92444,0
6bba_ed9377fd,815,11,50.0,102.0,88.0,0.7668912,2.7268233,0.7936508,2.5434792,68.92444,0
6bba_ed9377fd,816,11,6.0,187.0,102.0,0.8613792,2.0931494,0.0952381,2.5434792,68.92444,2
6bba_ed9377fd,817,11,17.0,178.0,19.0,0.886811,2.2085319,0.26984128,2.5335438,68.11987,4
6bba_ed9377fd,818,11,45.0,23.0,220.0,0.85595113,1.8106507,0.71428573,2.5434792,68.92444,0
6bba_ed9377fd,819,11,56.0,28.0,109.0,0.861682,2.118093,0.8888889,2.5434792,68.92444,0
6bba_ed9377fd,820,11,41.0,90.0,204.0,0.7013891,4.034808,0.6507937,2.5434792,68.92444,0
6bba_ed9377fd,821,11,19.0,111.0,194.0,0.81602937,2.2501132,0.3015873,2.5434792,68.92444,1
6bba_ed9377fd,822,11,19.0,109.0,199.0,0.8337476,2.0636663,0.3015873,2.5434792,68.92444,1
6bba_ed9377fd,823,11,53.0,41.0,101.0,0.880503,1.9034481,0.84126985,2.5434792,68.92444,0
6bba_ed9377fd,824,11,16.0,175.0,91.0,0.73254025,2.8286548,0.25396827,2.5368643,68.38806,0
6bba_ed9377fd,825,11,10.0,156.0,99.0,0.9274527,1.9421297,0.15873016,2.5434792,68.92444,0
6bba_ed9377fd,826,11,21.0,158.0,126.0,0.85306,1.7475407,0.33333334,2.499849,65.43799,2
6bba_ed9377fd,827,11,63.0,77.0,0.0,0.67225,2.669811,1.0,1.7994134,24.405151,0
6bba_ed9377fd,828,11,6.0,181.0,148.0,0.7091997,2.7070277,0.0952381,2.5368643,68.38806,0
6bba_ed9377fd,829,11,10.0,151.0,218.0,0.67910546,4.761208,0.15873016,2.5434792,68.92444,0
6bba_ed9377fd,830,11,27.0,134.0,171.0,0.64796567,2.7279003,0.42857143,2.5434792,68.92444,0
6bba_ed9377fd,831,11,24.0,108.0,255.0,0.67772305,3.0239534,0.3809524,2.1396742,41.032837,0
6bba_ed9377fd,832,11,8.0,156.0,124.0,0.9708543,1.6768435,0.12698413,2.5434792,68.92444,2
6bba_ed9377fd,833,11,12.0,146.0,117.0,0.8919648,1.325603,0.1904762,2.5434792,68.92444,1
6bba_ed9377fd,834,11,63.0,49.0,158.0,0.6005106,2.705566,1.0,2.1396742,41.032837,1
6bba_ed9377fd,835,11,48.0,77.0,198.0,0.6203283,2.394952,0.7619048,2.5434792,68.92444,0
6bba_ed9377fd,836,11,5.0,196.0,33.0,0.64488596,3.42415,0.07936508,2.5434792,68.92444,0
6bba_ed9377fd,837,11,63.0,47.0,165.0,0.6081502,2.4166842,1.0,2.1396742,41.032837,1
6bba_ed9377fd,838,11,9.0,167.0,15.0,0.77107936,1.4914529,0.14285715,2.5434792,68.92444,4
6bba_ed9377fd,839,11,7.0,169.0,34.0,0.78671217,1.6686107,0.11111111,2.5434792,68.92444,1
6bba_ed9377fd,840,11,8.0,168.0,27.0,0.81285244,1.5999508,0.12698413,2.5434792,68.92444,2
6bba_ed9377fd,841,11,36.0,111.0,0.0,0.40109223,4.719827,0.5714286,2.1350024,40.76465,0
6bba_ed9377fd,842,11,4.0,160.0,230.0,0.4925693,3.6640456,0.06349207,2.5434792,68.92444,0
6bba_ed9377fd,843,11,52.0,37.0,255.0,0.3271045,8.620939,0.82539684,2.1350024,40.76465,0
6bba_ed9377fd,844,11,63.0,55.0,82.0,0.33460018,1.917495,1.0,2.0317688,35.13269,0
6bba_ed9377fd,845,11,0.0,179.0,197.0,0.24222358,2.8322883,0.0,2.016139,34.328125,0
6bba_ed9377fd,846,11,63.0,12.0,245.0,0.4498191,1.0541792,1.0,2.1396742,41.032837,1
6bba_ed9377fd,847,11,5.0,176.0,11.0,0.62686485,0.71143687,0.07936508,2.475711,63.56067,4
6bba_ed9377fd,848,11,0.0,161.0,198.0,0.32227695,1.8904276,0.0,2.1396742,41.032837,1
6bba_ed9377fd,849,11,0.0,181.0,127.0,0.31098062,2.2695565,0.0,2.1350024,40.76465,0
6bba_ed9377fd,850,11,63.0,58.0,32.0,0.15423302,1.9618977,1.0,2.0055833,33.791748,0
6bba_ed9377fd,851,11,63.0,19.0,163.0,0.18653843,1.6137601,1.0,2.1113307,39.423706,0
6bba_ed9377fd,852,11,6.0,154.0,195.0,0.21527052,1.0361729,0.0952381,2.4403894,60.878784,1
6bba_ed9377fd,853,11,13.0,153.0,153.0,0.21667038,0.7836927,0.20634921,2.4617038,62.487915,0
6bba_ed9377fd,854,11,34.0,133.0,31.0,0.29634836,0.2551761,0.53968257,2.3472948,54.174072,0
6bba_ed9377fd,855,11,0.0,140.0,255.0,0.17679237,2.2291148,0.0,1.7927979,24.136963,0
6bba_ed9377fd,856,11,0.0,204.0,94.0,0.16958912,0.25599548,0.0,1.863049,27.087036,0
6bba_ed9377fd,857,11,0.0,172.0,183.0,0.18719108,0.8788473,0.0,2.0369256,35.40088,0
6bba_ed9377fd,858,12,0.0,203.0,10.0,1.434962,4.961842,0.0,2.1350024,40.76465,0
6bba_ed9377fd,859,12,12.0,182.0,61.0,1.1989691,5.3726435,0.1904762,2.5434792,68.92444,0
6bba_ed9377fd,860,12,48.0,110.0,61.0,1.1107092,4.736614,0.7619048,2.5434792,68.92444,0
6bba_ed9377fd,861,12,47.0,89.0,168.0,1.0757184,5.7379785,0.74603176,2.5434792,68.92444,0
6bba_ed9377fd,862,12,27.0,155.0,62.0,1.3415554,3.3370008,0.42857143,2.5434792,68.92444,1
6bba_ed9377fd,863,12,54.0,76.0,148.0,1.2809441,3.478387,0.85714287,2.5434792,68.92444,1
6bba_ed9377fd,864,12,35.0,136.0,87.0,0.9789335,4.089014,0.5555556,2.5434792,68.92444,0
6bba_ed9377fd,865,12,39.0,122.0,118.0,1.0907798,6.230433,0.61904764,2.5434792,68.92444,0
6bba_ed9377fd,866,12,40.0,131.0,13.0,1.4004925,3.0997052,0.63492066,2.5434792,68.92444,0
6bba_ed9377fd,867,12,27.0,157.0,54.0,1.41288,3.7473364,0.42857143,2.5434792,68.92444,1
6bba_ed9377fd,868,12,35.0,116.0,165.0,1.4174852,3.4590771,0.5555556,2.5434792,68.92444,1
6bba_ed9377fd,869,12,54.0,99.0,15.0,1.3412639,3.1422167,0.85714287,2.5434792,68.92444,2
6bba_ed9377fd,870,12,52.0,102.0,24.0,1.2209271,2.6090977,0.82539684,2.5434792,68.92444,2
6bba_ed9377fd,871,12,30.0,102.0,233.0,1.1842792,3.5750117,0.47619048,2.5434792,68.92444,1
6bba_ed9377fd,872,12,54.0,72.0,160.0,1.233103,2.9486587,0.85714287,2.5434792,68.92444,1
6bba_ed9377fd,873,12,49.0,60.0,226.0,0.88419986,3.9758065,0.7777778,2.5434792,68.92444,0
6bba_ed9377fd,874,12,52.0,103.0,19.0,1.3302137,3.0887156,0.82539684,2.5434792,68.92444,2
6bba_ed9377fd,875,12,0.0,202.0,63.0,0.72754407,5.1742945,0.0,2.1350024,40.76465,0
6bba_ed9377fd,876,12,35.0,112.0,180.0,1.2419592,2.7418284,0.5555556,2.5434792,68.92444,2
6bba_ed9377fd,877,12,35.0,114.0,175.0,1.4787079,3.2952402,0.5555556,2.5434792,68.92444,3
6bba_ed9377fd,878,12,45.0,103.0,138.0,1.0322311,4.7604685,0.71428573,2.5434792,68.92444,0
6bba_ed9377fd,879,12,10.0,169.0,159.0,0.932018,3.0456588,0.15873016,2.5434792,68.92444,0
6bba_ed9377fd,880,12,18.0,176.0,9.0,1.1727091,3.574547,0.2857143,2.5434792,68.92444,1
6bba_ed9377fd,881,12,63.0,6.0,234.0,1.0424212,5.4854198,1.0,2.1350024,40.76465,0
6bba_ed9377fd,882,12,6.0,190.0,85.0,1.340744,4.149319,0.0952381,2.5434792,68.92444,1
6bba_ed9377fd,883,12,31.0,95.0,243.0,1.1231366,3.0022533,0.4920635,2.5434792,68.92444,1
6bba_ed9377fd,884,12,7.0,188.0,91.0,1.22135,3.177514,0.11111111,2.5434792,68.92444,1
6bba_ed9377fd,885,12,23.0,151.0,138.0,1.0261117,2.9975212,0.36507937,2.5434792,68.92444,1
6bba_ed9377fd,886,12,34.0,147.0,25.0,0.8748693,2.768545,0.53968257,2.5434792,68.92444,1
6bba_ed9377fd,887,12,46.0,31.0,200.0,0.8888793,2.2175543,0.73015875,2.5434792,68.92444,1
6bba_ed9377fd,888,12,56.0,79.0,109.0,1.2819041,2.7051666,0.8888889,2.5401762,68.65625,1
6bba_ed9377fd,889,12,36.0,110.0,186.0,0.9028837,2.1491547,0.5714286,2.5335438,68.11987,2
6bba_ed9377fd,890,12,22.0,155.0,131.0,1.0939165,2.9446876,0.34920636,2.5434792,68.92444,1
6bba_ed9377fd,891,12,34.0,100.0,115.0,0.9466909,2.5512319,0.53968257,2.5434792,68.92444,0
6bba_ed9377fd,892,12,57.0,77.0,99.0,1.209071,2.3380618,0.9047619,2.5401762,68.65625,1
6bba_ed9377fd,893,12,18.0,103.0,215.0,0.8073787,2.4019454,0.2857143,2.5434792,68.92444,0
6bba_ed9377fd,894,12,19.0,136.0,210.0,0.7242782,3.5861828,0.3015873,2.5434792,68.92444,0
6bba_ed9377fd,895,12,48.0,23.0,205.0,0.9197049,1.960017,0.7619048,2.5401762,68.65625,2
6bba_ed9377fd,896,12,50.0,102.0,88.0,0.7556237,2.5589824,0.7936508,2.5434792,68.92444,0
6bba_ed9377fd,897,12,46.0,23.0,219.0,0.85294,1.8283781,0.73015875,2.5434792,68.92444,1
6bba_ed9377fd,898,12,63.0,77.0,0.0,0.66995853,2.886661,1.0,1.7994134,24.405151,0
6bba_ed9377fd,899,12,10.0,156.0,101.0,0.9218362,1.9191962,0.15873016,2.5434792,68.92444,0
6bba_ed9377fd,900,12,20.0,112.0,190.0,0.7810156,2.3460608,0.31746033,2.5434792,68.92444,0
6bba_ed9377fd,901,12,6.0,182.0,145.0,0.7171189,2.5559995,0.0952381,2.5434792,68.92444,0
6bba_ed9377fd,902,12,16.0,174.0,91.0,0.7273751,2.7439728,0.25396827,2.5434792,68.92444,0
6bba_ed9377fd,903,12,57.0,27.0,108.0,0.8661158,1.9341874,0.9047619,2.5434792,68.92444,1
6bba_ed9377fd,904,12,42.0,89.0,203.0,0.6657753,3.7907796,0.6666667,2.5434792,68.92444,0
6bba_ed9377fd,905,12,55.0,36.0,99.0,0.91575676,1.6465943,0.8730159,2.5434792,68.92444,1
6bba_ed9377fd,906,12,28.0,134.0,167.0,0.6587874,2.7661529,0.44444445,2.5434792,68.92444,0
6bba_ed9377fd,907,12,11.0,152.0,213.0,0.6249279,4.428537,0.17460318,2.5434792,68.92444,1
6bba_ed9377fd,908,12,0.0,178.0,197.0,0.4134635,4.078279,0.0,2.0968692,38.61914,0
6bba_ed9377fd,909,12,6.0,195.0,31.0,0.66328984,3.5180655,0.0952381,2.5434792,68.92444,0
6bba_ed9377fd,910,12,25.0,107.0,255.0,0.6899888,2.4922233,0.3968254,2.1396742,41.032837,0
6bba_ed9377fd,911,12,13.0,144.0,118.0,0.8695612,1.3573407,0.20634921,2.5434792,68.92444,1
6bba_ed9377fd,912,12,63.0,51.0,157.0,0.6107416,2.643726,1.0,2.1396742,41.032837,1
6bba_ed9377fd,913,12,8.0,156.0,123.0,0.9187622,1.4825422,0.12698413,2.5434792,68.92444,1
6bba_ed9377fd,914,12,63.0,46.0,169.0,0.58559597,2.4439316,1.0,2.1396742,41.032837,1
6bba_ed9377fd,915,12,49.0,75.0,198.0,0.59478796,2.4737809,0.7777778,2.5434792,68.92444,0
6bba_ed9377fd,916,12,5.0,161.0,226.0,0.5083678,4.0885997,0.07936508,2.5434792,68.92444,0
6bba_ed9377fd,917,12,36.0,110.0,0.0,0.43382952,4.6085105,0.5714286,2.1396742,41.032837,0
6bba_ed9377fd,918,12,10.0,167.0,15.0,0.7233869,1.3935629,0.15873016,2.5434792,68.92444,2
6bba_ed9377fd,919,12,8.0,169.0,31.0,0.7084512,1.6434232,0.12698413,2.5434792,68.92444,0
6bba_ed9377fd,920,12,53.0,35.0,255.0,0.37747258,10.763131,0.84126985,2.1396742,41.032837,0
6bba_ed9377fd,921,12,63.0,56.0,79.0,0.28552783,2.1248882,1.0,2.0369256,35.40088,0
6bba_ed9377fd,922,12,4.0,178.0,17.0,0.6103921,0.8656128,0.06349207,2.4861133,64.365234,1
6bba_ed9377fd,923,12,0.0,162.0,194.0,0.33838165,1.8076628,0.0,2.1396742,41.032837,0
6bba_ed9377fd,924,12,0.0,183.0,124.0,0.30545238,2.2039497,0.0,2.13031,40.49646,0
6bba_ed9377fd,925,12,0.0,139.0,255.0,0.23367381,3.0004294,0.0,1.7794183,23.600586,0
6bba_ed9377fd,926,12,0.0,146.0,216.0,0.26330942,0.24734324,0.0,1.7589635,22.79602,1
6bba_ed9377fd,927,12,0.0,204.0,92.0,0.18836197,0.4105289,0.0,1.8992338,28.696167,0
6bba_ed9377fd,928,12,34.0,133.0,30.0,0.29012612,0.32466975,0.53968257,2.3356164,53.369507,2
6bba_ed9377fd,929,12,35.0,130.0,28.0,0.26156887,0.33668953,0.5555556,2.3356164,53.369507,1
6bba_ed9377fd,930,12,63.0,17.0,164.0,0.17582755,1.5853128,1.0,2.125597,40.22827,1
6bba_ed9377fd,931,12,63.0,19.0,152.0,0.16607642,1.4384164,1.0,2.120863,39.960083,1
6bba_ed9377fd,932,12,63.0,56.0,31.0,0.12707187,1.7940416,1.0,2.0420563,35.669067,0
6bba_ed9377fd,933,12,20.0,161.0,74.0,0.22078426,0.33886608,0.31746033,2.4040146,58.1969,0
6bba_ed9377fd,934,12,14.0,151.0,153.0,0.1761372,0.5917275,0.22222222,2.418696,59.269653,0
6bba_ed9377fd,935,13,0.0,203.0,10.0,1.434962,4.961842,0.0,2.1350024,40.76465,0
6bba_ed9377fd,936,13,12.0,182.0,61.0,1.1989691,5.3726435,0.1904762,2.5434792,68.92444,0
6bba_ed9377fd,937,13,48.0,110.0,61.0,1.1107092,4.736614,0.7619048,2.5434792,68.92444,0
6bba_ed9377fd,938,13,47.0,89.0,168.0,1.0757184,5.7379785,0.74603176,2.5434792,68.92444,0
6bba_ed9377fd,939,13,27.0,155.0,62.0,1.3415554,3.3370008,0.42857143,2.5434792,68.92444,1
6bba_ed9377fd,940,13,54.0,76.0,148.0,1.2809441,3.478387,0.85714287,2.5434792,68.92444,1
6bba_ed9377fd,941,13,35.0,136.0,87.0,0.9789335,4.089014,0.5555556,2.5434792,68.92444,0
6bba_ed9377fd,942,13,39.0,122.0,118.0,1.0907798,6.230433,0.61904764,2.5434792,68.92444,0
6bba_ed9377fd,943,13,40.0,131.0,13.0,1.4004925,3.0997052,0.63492066,2.5434792,68.92444,0
6bba_ed9377fd,944,13,27.0,157.0,54.0,1.41288,3.7473364,0.42857143,2.5434792,68.92444,1
6bba_ed9377fd,945,13,35.0,116.0,165.0,1.4174852,3.4590771,0.5555556,2.5434792,68.92444,1
6bba_ed9377fd,946,13,54.0,99.0,15.0,1.3412639,3.1422167,0.85714287,2.5434792,68.92444,2
6bba_ed9377fd,947,13,52.0,102.0,24.0,1.2209271,2.6090977,0.82539684,2.5434792,68.92444,2
6bba_ed9377fd,948,13,30.0,102.0,233.0,1.1842792,3.5750117,0.47619048,2.5434792,68.92444,1
6bba_ed9377fd,949,13,54.0,72.0,160.0,1.233103,2.9486587,0.85714287,2.5434792,68.92444,1
6bba_ed9377fd,950,13,49.0,60.0,226.0,0.88419986,3.9758065,0.7777778,2.5434792,68.92444,0
6bba_ed9377fd,951,13,52.0,103.0,19.0,1.3302137,3.0887156,0.82539684,2.5434792,68.92444,2
6bba_ed9377fd,952,13,0.0,202.0,63.0,0.72754407,5.1742945,0.0,2.1350024,40.76465,0
6bba_ed9377fd,953,13,35.0,112.0,180.0,1.2419592,2.7418284,0.5555556,2.5434792,68.92444,2
6bba_ed9377fd,954,13,35.0,114.0,175.0,1.4787079,3.2952402,0.5555556,2.5434792,68.92444,3
6bba_ed9377fd,955,13,45.0,103.0,138.0,1.0322311,4.7604685,0.71428573,2.5434792,68.92444,0
6bba_ed9377fd,956,13,10.0,169.0,159.0,0.932018,3.0456588,0.15873016,2.5434792,68.92444,0
6bba_ed9377fd,957,13,18.0,176.0,9.0,1.1727091,3.574547,0.2857143,2.5434792,68.92444,1
6bba_ed9377fd,958,13,63.0,6.0,234.0,1.0424212,5.4854198,1.0,2.1350024,40.76465,0
6bba_ed9377fd,959,13,6.0,190.0,85.0,1.340744,4.149319,0.0952381,2.5434792,68.92444,1
6bba_ed9377fd,960,13,31.0,95.0,243.0,1.1231366,3.0022533,0.4920635,2.5434792,68.92444,1
6bba_ed9377fd,961,13,7.0,188.0,91.0,1.22135,3.177514,0.11111111,2.5434792,68.92444,1
6bba_ed9377fd,962,13,23.0,151.0,138.0,1.0261117,2.9975212,0.36507937,2.5434792,68.92444,1
6bba_ed9377fd,963,13,34.0,147.0,25.0,0.8748693,2.768545,0.53968257,2.5434792,68.92444,1
6bba_ed9377fd,964,13,46.0,31.0,200.0,0.8888793,2.2175543,0.73015875,2.5434792,68.92444,1
6bba_ed9377fd,965,13,56.0,79.0,109.0,1.2819041,2.7051666,0.8888889,2.5401762,68.65625,1
6bba_ed9377fd,966,13,36.0,110.0,186.0,0.9028837,2.1491547,0.5714286,2.5335438,68.11987,2
6bba_ed9377fd,967,13,22.0,155.0,131.0,1.0939165,2.9446876,0.34920636,2.5434792,68.92444,1
6bba_ed9377fd,968,13,34.0,100.0,115.0,0.9466909,2.5512319,0.53968257,2.5434792,68.92444,0
6bba_ed9377fd,969,13,57.0,77.0,99.0,1.209071,2.3380618,0.9047619,2.5401762,68.65625,1
6bba_ed9377fd,970,13,18.0,103.0,215.0,0.8073787,2.4019454,0.2857143,2.5434792,68.92444,0
6bba_ed9377fd,971,13,19.0,136.0,210.0,0.7242782,3.5861828,0.3015873,2.5434792,68.92444,0
6bba_ed9377fd,972,13,48.0,23.0,205.0,0.9197049,1.960017,0.7619048,2.5401762,68.65625,2
6bba_ed9377fd,973,13,50.0,102.0,88.0,0.7556237,2.5589824,0.7936508,2.5434792,68.92444,0
6bba_ed9377fd,974,13,46.0,23.0,219.0,0.85294,1.8283781,0.73015875,2.5434792,68.92444,1
6bba_ed9377fd,975,13,63.0,77.0,0.0,0.66995853,2.886661,1.0,1.7994134,24.405151,0
6bba_ed9377fd,976,13,10.0,156.0,101.0,0.9218362,1.9191962,0.15873016,2.5434792,68.92444,0
6bba_ed9377fd,977,13,20.0,112.0,190.0,0.7810156,2.3460608,0.31746033,2.5434792,68.92444,0
6bba_ed9377fd,978,13,6.0,182.0,145.0,0.7171189,2.5559995,0.0952381,2.5434792,68.92444,0
6bba_ed9377fd,979,13,16.0,174.0,91.0,0.7273751,2.7439728,0.25396827,2.5434792,68.92444,0
6bba_ed9377fd,980,13,57.0,27.0,108.0,0.8661158,1.9341874,0.9047619,2.5434792,68.92444,1
6bba_ed9377fd,981,13,42.0,89.0,203.0,0.6657753,3.7907796,0.6666667,2.5434792,68.92444,0
6bba_ed9377fd,982,13,55.0,36.0,99.0,0.91575676,1.6465943,0.8730159,2.5434792,68.92444,1
6bba_ed9377fd,983,13,28.0,134.0,167.0,0.6587874,2.7661529,0.44444445,2.5434792,68.92444,0
6bba_ed9377fd,984,13,11.0,152.0,213.0,0.6249279,4.428537,0.17460318,2.5434792,68.92444,1
6bba_ed9377fd,985,13,0.0,178.0,197.0,0.4134635,4.078279,0.0,2.0968692,38.61914,0
6bba_ed9377fd,986,13,6.0,195.0,31.0,0.66328984,3.5180655,0.0952381,2.5434792,68.92444,0
6bba_ed9377fd,987,13,25.0,107.0,255.0,0.6899888,2.4922233,0.3968254,2.1396742,41.032837,0
6bba_ed9377fd,988,13,13.0,144.0,118.0,0.8695612,1.3573407,0.20634921,2.5434792,68.92444,1
6bba_ed9377fd,989,13,63.0,51.0,157.0,0.6107416,2.643726,1.0,2.1396742,41.032837,1
6bba_ed9377fd,990,13,8.0,156.0,123.0,0.9187622,1.4825422,0.12698413,2.5434792,68.92444,1
6bba_ed9377fd,991,13,63.0,46.0,169.0,0.58559597,2.4439316,1.0,2.1396742,41.032837,1
6bba_ed9377fd,992,13,49.0,75.0,198.0,0.59478796,2.4737809,0.7777778,2.5434792,68.92444,0
6bba_ed9377fd,993,13,5.0,161.0,226.0,0.5083678,4.0885997,0.07936508,2.5434792,68.92444,0
6bba_ed9377fd,994,13,36.0,110.0,0.0,0.43382952,4.6085105,0.5714286,2.1396742,41.032837,0
6bba_ed9377fd,995,13,10.0,167.0,15.0,0.7233869,1.3935629,0.15873016,2.5434792,68.92444,2
6bba_ed9377fd,996,13,8.0,169.0,31.0,0.7084512,1.6434232,0.12698413,2.5434792,68.92444,0
6bba_ed9377fd,997,13,53.0,35.0,255.0,0.37747258,10.763131,0.84126985,2.1396742,41.032837,0
6bba_ed9377fd,998,13,63.0,56.0,79.0,0.28552783,2.1248882,1.0,2.0369256,35.40088,0
6bba_ed9377fd,999,13,4.0,178.0,17.0,0.6103921,0.8656128,0.06349207,2.4861133,64.365234,1
6bba_ed9377fd,1000,13,0.0,162.0,194.0,0.33838165,1.8076628,0.0,2.1396742,41.032837,0
6bba_ed9377fd,1001,13,0.0,183.0,124.0,0.30545238,2.2039497,0.0,2.13031,40.49646,0
6bba_ed9377fd,1002,13,0.0,139.0,255.0,0.23367381,3.0004294,0.0,1.7794183,23.600586,0
6bba_ed9377fd,1003,13,0.0,146.0,216.0,0.26330942,0.24734324,0.0,1.7589635,22.79602,1
6bba_ed9377fd,1004,13,0.0,204.0,92.0,0.18836197,0.4105289,0.0,1.8992338,28.696167,0
6bba_ed9377fd,1005,13,34.0,133.0,30.0,0.29012612,0.32466975,0.53968257,2.3356164,53.369507,2
6bba_ed9377fd,1006,13,35.0,130.0,28.0,0.26156887,0.33668953,0.5555556,2.3356164,53.369507,1
6bba_ed9377fd,1007,13,63.0,17.0,164.0,0.17582755,1.5853128,1.0,2.125597,40.22827,1
6bba_ed9377fd,1008,13,63.0,19.0,152.0,0.16607642,1.4384164,1.0,2.120863,39.960083,1
6bba_ed9377fd,1009,13,63.0,56.0,31.0,0.12707187,1.7940416,1.0,2.0420563,35.669067,0
6bba_ed9377fd,1010,13,20.0,161.0,74.0,0.22078426,0.33886608,0.31746033,2.4040146,58.1969,0
6bba_ed9377fd,1011,13,14.0,151.0,153.0,0.1761372,0.5917275,0.22222222,2.418696,59.269653,0
6bba_ed9377fd,1012,14,47.0,111.0,59.0,1.1603329,4.9601173,0.74603176,2.5434792,68.92444,0
6bba_ed9377fd,1013,14,47.0,86.0,168.0,1.0576342,6.0883856,0.74603176,2.5434792,68.92444,0
6bba_ed9377fd,1014,14,27.0,156.0,58.0,1.2933943,3.9729056,0.42857143,2.5434792,68.92444,0
6bba_ed9377fd,1015,14,11.0,185.0,53.0,1.1065325,5.1897264,0.17460318,2.5434792,68.92444,0
6bba_ed9377fd,1016,14,55.0,75.0,144.0,1.3701982,3.5444198,0.8730159,2.5434792,68.92444,1
6bba_ed9377fd,1017,14,36.0,114.0,166.0,1.6423491,3.6767771,0.5714286,2.5434792,68.92444,0
6bba_ed9377fd,1018,14,39.0,120.0,118.0,1.0588229,5.5197444,0.61904764,2.5434792,68.92444,0
6bba_ed9377fd,1019,14,37.0,133.0,79.0,0.950062,3.57664,0.5873016,2.5434792,68.92444,0
6bba_ed9377fd,1020,14,40.0,132.0,12.0,1.4366548,2.7375944,0.63492066,2.5434792,68.92444,0
6bba_ed9377fd,1021,14,53.0,100.0,11.0,1.3251227,2.7137966,0.84126985,2.5434792,68.92444,1
6bba_ed9377fd,1022,14,30.0,102.0,229.0,1.2702765,3.5560963,0.47619048,2.5434792,68.92444,0
6bba_ed9377fd,1023,14,46.0,100.0,140.0,1.0815064,6.425323,0.73015875,2.5434792,68.92444,0
6bba_ed9377fd,1024,14,63.0,8.0,226.0,1.0647165,6.236215,1.0,2.1396742,41.032837,0
6bba_ed9377fd,1025,14,52.0,101.0,23.0,1.2388682,2.5030723,0.82539684,2.5434792,68.92444,1
6bba_ed9377fd,1026,14,55.0,70.0,158.0,1.2087682,2.8241644,0.8730159,2.5434792,68.92444,1
6bba_ed9377fd,1027,14,7.0,140.0,255.0,0.8870269,5.823709,0.11111111,2.1396742,41.032837,0
6bba_ed9377fd,1028,14,36.0,109.0,181.0,1.4848558,3.0600011,0.5714286,2.5434792,68.92444,0
6bba_ed9377fd,1029,14,17.0,178.0,0.0,1.0864165,3.6045797,0.26984128,2.1396742,41.032837,0
6bba_ed9377fd,1030,14,48.0,59.0,226.0,0.86645865,3.625059,0.7619048,2.5434792,68.92444,0
6bba_ed9377fd,1031,14,7.0,189.0,79.0,1.4283984,4.416642,0.11111111,2.5434792,68.92444,0
6bba_ed9377fd,1032,14,24.0,149.0,134.0,1.0392361,2.9599652,0.3809524,2.5434792,68.92444,0
6bba_ed9377fd,1033,14,18.0,138.0,204.0,0.78608936,4.0288014,0.2857143,2.5434792,68.92444,0
6bba_ed9377fd,1034,14,63.0,0.0,242.0,1.0002905,4.3876324,1.0,1.7927979,24.136963,0
6bba_ed9377fd,1035,14,33.0,104.0,110.0,0.9847214,2.5218265,0.52380955,2.5434792,68.92444,1
6bba_ed9377fd,1036,14,35.0,145.0,35.0,0.8805659,2.4800167,0.5555556,2.5401762,68.65625,1
6bba_ed9377fd,1037,14,34.0,148.0,21.0,0.9328751,2.625754,0.53968257,2.5434792,68.92444,1
6bba_ed9377fd,1038,14,51.0,98.0,92.0,0.8447579,3.012509,0.8095238,2.5434792,68.92444,1
6bba_ed9377fd,1039,14,9.0,173.0,145.0,0.98832685,2.4898653,0.14285715,2.5434792,68.92444,1
6bba_ed9377fd,1040,14,50.0,100.0,88.0,0.8427182,2.6549482,0.7936508,2.5434792,68.92444,1
6bba_ed9377fd,1041,14,47.0,29.0,200.0,0.86724144,2.2997513,0.74603176,2.5434792,68.92444,0
6bba_ed9377fd,1042,14,58.0,75.0,90.0,1.2408451,2.4541905,0.9206349,2.5434792,68.92444,1
6bba_ed9377fd,1043,14,17.0,174.0,82.0,0.85335714,2.5024397,0.26984128,2.5434792,68.92444,1
6bba_ed9377fd,1044,14,57.0,75.0,101.0,1.2217156,2.360525,0.9047619,2.5401762,68.65625,1
6bba_ed9377fd,1045,14,19.0,105.0,204.0,0.8370615,2.08381,0.3015873,2.5434792,68.92444,0
6bba_ed9377fd,1046,14,63.0,78.0,0.0,0.69540596,3.4243445,1.0,1.7994134,24.405151,0
6bba_ed9377fd,1047,14,0.0,206.0,0.0,0.4341708,4.489214,0.0,1.7165622,21.18689,0
6bba_ed9377fd,1048,14,44.0,27.0,218.0,0.85779667,1.9889219,0.6984127,2.5434792,68.92444,0
6bba_ed9377fd,1049,14,42.0,88.0,203.0,0.6966523,4.203326,0.6666667,2.5434792,68.92444,0
6bba_ed9377fd,1050,14,36.0,94.0,118.0,0.86926985,1.6577723,0.5714286,2.5434792,68.92444,1
6bba_ed9377fd,1051,14,17.0,173.0,93.0,0.7697881,2.1882877,0.26984128,2.5235295,67.31531,1
6bba_ed9377fd,1052,14,6.0,183.0,137.0,0.79326004,1.7545176,0.0952381,2.5368643,68.38806,1
6bba_ed9377fd,1053,14,54.0,41.0,94.0,0.81898904,1.8168118,0.85714287,2.5434792,68.92444,0
6bba_ed9377fd,1054,14,0.0,205.0,46.0,0.4751567,3.5293982,0.0,2.0522413,36.205444,0
6bba_ed9377fd,1055,14,57.0,28.0,104.0,0.88725096,1.996571,0.9047619,2.5434792,68.92444,0
6bba_ed9377fd,1056,14,10.0,158.0,95.0,0.8821772,1.9256591,0.15873016,2.5434792,68.92444,0
6bba_ed9377fd,1057,14,13.0,146.0,110.0,0.9063006,1.4646255,0.20634921,2.5434792,68.92444,1
6bba_ed9377fd,1058,14,6.0,196.0,20.0,0.6963437,3.3837008,0.0952381,2.5434792,68.92444,0
6bba_ed9377fd,1059,14,9.0,153.0,123.0,0.96139807,1.6979443,0.14285715,2.5434792,68.92444,1
6bba_ed9377fd,1060,14,9.0,156.0,117.0,0.9894925,1.7227724,0.14285715,2.5434792,68.92444,2
6bba_ed9377fd,1061,14,10.0,157.0,197.0,0.61585444,3.6182733,0.15873016,2.5434792,68.92444,0
6bba_ed9377fd,1062,14,24.0,108.0,248.0,0.69324124,2.3184996,0.3809524,2.5434792,68.92444,0
6bba_ed9377fd,1063,14,48.0,75.0,197.0,0.62322515,2.5704732,0.7619048,2.5434792,68.92444,0
6bba_ed9377fd,1064,14,10.0,168.0,11.0,0.75322396,1.690653,0.15873016,2.5434792,68.92444,0
6bba_ed9377fd,1065,14,28.0,135.0,157.0,0.56829906,2.8389273,0.44444445,2.5434792,68.92444,0
6bba_ed9377fd,1066,14,0.0,179.0,190.0,0.4196155,3.4776857,0.0,2.1113307,39.423706,0
6bba_ed9377fd,1067,14,7.0,170.0,32.0,0.7192844,1.9413241,0.11111111,2.5434792,68.92444,0
6bba_ed9377fd,1068,14,53.0,34.0,255.0,0.50430447,5.2985744,0.84126985,2.1396742,41.032837,0
6bba_ed9377fd,1069,14,63.0,46.0,164.0,0.54657227,2.6826534,1.0,2.1396742,41.032837,0
6bba_ed9377fd,1070,14,63.0,59.0,70.0,0.4086935,3.1796048,1.0,2.0369256,35.40088,0
6bba_ed9377fd,1071,14,6.0,162.0,216.0,0.48187888,3.960077,0.0952381,2.5434792,68.92444,0
6bba_ed9377fd,1072,14,58.0,37.0,76.0,0.5739899,1.3839061,0.9206349,2.5401762,68.65625,0
6bba_ed9377fd,1073,14,63.0,15.0,243.0,0.47639474,1.4557568,1.0,2.1396742,41.032837,0
6bba_ed9377fd,1074,14,0.0,192.0,108.0,0.4077913,2.3720496,0.0,2.1396742,41.032837,0
6bba_ed9377fd,1075,14,0.0,145.0,213.0,0.2922941,2.0049627,0.0,2.0369256,35.40088,0
6bba_ed9377fd,1076,14,0.0,204.0,81.0,0.23551486,0.452527,0.0,1.887326,28.15979,0
6bba_ed9377fd,1077,14,0.0,156.0,248.0,0.2218095,1.4362445,0.0,2.120863,39.960083,0
6bba_ed9377fd,1078,14,5.0,168.0,179.0,0.23938246,1.0533527,0.07936508,2.5302145,67.851685,0
6bba_ed9377fd,1079,14,17.0,152.0,147.0,0.21841879,0.36513063,0.26984128,2.3316977,53.10132,1
6bba_ed9377fd,1080,14,16.0,154.0,146.0,0.22228125,0.37268257,0.25396827,2.3472948,54.174072,1
6bba_ed9377fd,1081,14,14.0,136.0,231.0,0.16977778,1.569141,0.22222222,2.5368643,68.38806,0
6bba_ed9377fd,1082,14,63.0,16.0,156.0,0.14649737,1.4256468,1.0,2.0673318,37.01001,0
6bba_ed9377fd,1083,15,48.0,110.0,55.0,1.2818583,4.623356,0.7619048,2.5434792,68.92444,0
6bba_ed9377fd,1084,15,63.0,10.0,220.0,1.2172507,11.664902,1.0,2.1396742,41.032837,0
6bba_ed9377fd,1085,15,47.0,87.0,168.0,1.1002132,6.073336,0.74603176,2.5434792,68.92444,0
6bba_ed9377fd,1086,15,27.0,155.0,60.0,1.1978551,3.724876,0.42857143,2.5434792,68.92444,1
6bba_ed9377fd,1087,15,27.0,156.0,56.0,1.2361714,3.7983413,0.42857143,2.5434792,68.92444,1
6bba_ed9377fd,1088,15,63.0,0.0,247.0,1.3914251,8.677708,1.0,1.7994134,24.405151,0
6bba_ed9377fd,1089,15,11.0,185.0,51.0,1.072273,4.6149187,0.17460318,2.5434792,68.92444,0
6bba_ed9377fd,1090,15,37.0,133.0,76.0,1.0870258,3.8477843,0.5873016,2.5434792,68.92444,0
6bba_ed9377fd,1091,15,55.0,75.0,143.0,1.3813457,3.786049,0.8730159,2.5434792,68.92444,1
6bba_ed9377fd,1092,15,36.0,114.0,166.0,1.6088609,3.839226,0.5714286,2.5434792,68.92444,0
6bba_ed9377fd,1093,15,46.0,99.0,141.0,1.1598588,6.7902865,0.73015875,2.5434792,68.92444,0
6bba_ed9377fd,1094,15,39.0,120.0,118.0,1.02934,5.276869,0.61904764,2.5434792,68.92444,0
6bba_ed9377fd,1095,15,40.0,132.0,12.0,1.5666192,2.8537307,0.63492066,2.5434792,68.92444,0
6bba_ed9377fd,1096,15,52.0,100.0,22.0,1.3185346,2.4705238,0.82539684,2.5434792,68.92444,1
6bba_ed9377fd,1097,15,52.0,102.0,10.0,1.4479564,2.8282359,0.82539684,2.5434792,68.92444,1
6bba_ed9377fd,1098,15,55.0,71.0,154.0,1.2633859,2.9588826,0.8730159,2.5434792,68.92444,1
6bba_ed9377fd,1099,15,30.0,104.0,226.0,1.2316746,3.607365,0.47619048,2.5434792,68.92444,0
6bba_ed9377fd,1100,15,36.0,109.0,181.0,1.4249815,3.119384,0.5714286,2.5434792,68.92444,0
6bba_ed9377fd,1101,15,48.0,59.0,226.0,0.8447522,3.6041553,0.7619048,2.5434792,68.92444,0
6bba_ed9377fd,1102,15,18.0,176.0,0.0,0.98215806,3.1645594,0.2857143,2.1396742,41.032837,0
6bba_ed9377fd,1103,15,7.0,189.0,79.0,1.3401097,4.2729993,0.11111111,2.5434792,68.92444,0
6bba_ed9377fd,1104,15,8.0,140.0,252.0,0.9129038,5.793954,0.12698413,2.5401762,68.65625,1
6bba_ed9377fd,1105,15,34.0,148.0,19.0,0.99996567,2.8128514,0.53968257,2.5434792,68.92444,1
6bba_ed9377fd,1106,15,47.0,30.0,198.0,0.9222704,2.6713772,0.74603176,2.5434792,68.92444,0
6bba_ed9377fd,1107,15,8.0,142.0,247.0,0.833239,4.5749145,0.12698413,2.5434792,68.92444,1
6bba_ed9377fd,1108,15,50.0,101.0,85.0,0.88056016,2.7422516,0.7936508,2.5434792,68.92444,0
6bba_ed9377fd,1109,15,34.0,146.0,33.0,0.9067805,2.4575164,0.53968257,2.5434792,68.92444,1
6bba_ed9377fd,1110,15,18.0,139.0,200.0,0.75841206,4.120115,0.2857143,2.5434792,68.92444,0
6bba_ed9377fd,1111,15,23.0,150.0,132.0,1.0019598,2.6124947,0.36507937,2.5434792,68.92444,3
6bba_ed9377fd,1112,15,34.0,103.0,108.0,0.934195,2.4639525,0.53968257,2.5434792,68.92444,0
6bba_ed9377fd,1113,15,9.0,173.0,141.0,0.9571813,2.5358539,0.14285715,2.5434792,68.92444,2
6bba_ed9377fd,1114,15,20.0,104.0,204.0,0.9257615,2.3443985,0.31746033,2.5434792,68.92444,0
6bba_ed9377fd,1115,15,57.0,77.0,90.0,1.3185918,2.598856,0.9047619,2.5401762,68.65625,1
6bba_ed9377fd,1116,15,17.0,174.0,80.0,0.84406084,2.6297271,0.26984128,2.5434792,68.92444,1
6bba_ed9377fd,1117,15,63.0,77.0,0.0,0.700489,3.6518266,1.0,1.7994134,24.405151,0
6bba_ed9377fd,1118,15,56.0,77.0,99.0,1.3045247,2.5061162,0.8888889,2.5100527,66.24255,1
6bba_ed9377fd,1119,15,44.0,30.0,218.0,0.85700244,2.240062,0.6984127,2.5434792,68.92444,0
6bba_ed9377fd,1120,15,17.0,173.0,92.0,0.776416,2.201163,0.26984128,2.5302145,67.851685,1
6bba_ed9377fd,1121,15,22.0,156.0,119.0,0.8714639,1.588409,0.34920636,2.499849,65.43799,3
6bba_ed9377fd,1122,15,10.0,174.0,131.0,0.7592005,1.9568145,0.15873016,2.5401762,68.65625,2
6bba_ed9377fd,1123,15,42.0,88.0,202.0,0.6722946,4.141394,0.6666667,2.5434792,68.92444,0
6bba_ed9377fd,1124,15,11.0,156.0,94.0,0.8895707,2.0035203,0.17460318,2.5434792,68.92444,0
6bba_ed9377fd,1125,15,9.0,159.0,195.0,0.668855,3.9749188,0.14285715,2.5434792,68.92444,1
6bba_ed9377fd,1126,15,54.0,39.0,97.0,0.77514756,1.9331931,0.85714287,2.5434792,68.92444,1
6bba_ed9377fd,1127,15,63.0,59.0,68.0,0.4954268,3.5021515,1.0,2.0317688,35.13269,0
6bba_ed9377fd,1128,15,6.0,196.0,18.0,0.7161704,3.335534,0.0952381,2.5434792,68.92444,0
6bba_ed9377fd,1129,15,6.0,184.0,135.0,0.70731413,1.502162,0.0952381,2.5100527,66.24255,2
6bba_ed9377fd,1130,15,9.0,156.0,115.0,0.99235505,1.7365717,0.14285715,2.5434792,68.92444,3
6bba_ed9377fd,1131,15,13.0,147.0,111.0,0.91368836,1.4655911,0.20634921,2.5434792,68.92444,2
6bba_ed9377fd,1132,15,10.0,150.0,124.0,0.9243502,1.5935538,0.15873016,2.5434792,68.92444,3
6bba_ed9377fd,1133,15,10.0,167.0,15.0,0.7893976,1.6743765,0.15873016,2.5434792,68.92444,0
6bba_ed9377fd,1134,15,24.0,108.0,247.0,0.6860705,2.356195,0.3809524,2.5434792,68.92444,0
6bba_ed9377fd,1135,15,8.0,168.0,31.0,0.76484567,1.8802606,0.12698413,2.5434792,68.92444,0
6bba_ed9377fd,1136,15,57.0,28.0,103.0,0.743722,1.7596853,0.9047619,2.5434792,68.92444,1
6bba_ed9377fd,1137,15,49.0,75.0,196.0,0.60122156,2.5387406,0.7777778,2.5434792,68.92444,0
6bba_ed9377fd,1138,15,28.0,135.0,154.0,0.56080836,2.980275,0.44444445,2.5434792,68.92444,0
6bba_ed9377fd,1139,15,53.0,35.0,251.0,0.5255033,9.474866,0.84126985,2.5434792,68.92444,0
6bba_ed9377fd,1140,15,0.0,206.0,42.0,0.3813308,2.5205622,0.0,2.0369256,35.40088,0
6bba_ed9377fd,1141,15,0.0,179.0,190.0,0.3705719,2.8642185,0.0,2.0871162,38.082764,0
6bba_ed9377fd,1142,15,0.0,207.0,0.0,0.291588,2.690569,0.0,1.7092885,20.918701,0
6bba_ed9377fd,1143,15,6.0,162.0,215.0,0.46750316,3.7237372,0.0952381,2.5434792,68.92444,0
6bba_ed9377fd,1144,15,63.0,46.0,162.0,0.47677866,2.4399683,1.0,2.1396742,41.032837,1
6bba_ed9377fd,1145,15,63.0,49.0,154.0,0.47763282,2.4542046,1.0,2.1396742,41.032837,1
6bba_ed9377fd,1146,15,63.0,16.0,239.0,0.44292805,2.325122,1.0,2.1396742,41.032837,0
6bba_ed9377fd,1147,15,0.0,193.0,106.0,0.40845355,2.1703532,0.0,2.1396742,41.032837,0
6bba_ed9377fd,1148,15,0.0,145.0,212.0,0.31832272,2.0483544,0.0,2.0317688,35.13269,1
6bba_ed9377fd,1149,15,0.0,153.0,204.0,0.34595415,0.8376004,0.0,1.9454337,30.841675,2
6bba_ed9377fd,1150,15,0.0,204.0,80.0,0.24706073,0.5291795,0.0,1.8992338,28.696167,0
6bba_ed9377fd,1151,15,0.0,159.0,247.0,0.1870471,1.350134,0.0,2.0772712,37.546387,0
6bba_ed9377fd,1152,15,5.0,170.0,178.0,0.23970242,0.9519645,0.07936508,2.4861133,64.365234,0
6bba_ed9377fd,1153,15,17.0,153.0,144.0,0.23984528,0.283359,0.26984128,2.3038893,51.224,3
6bba_ed9377fd,1154,15,16.0,156.0,144.0,0.23084614,0.351665,0.25396827,2.3356164,53.369507,2
6bba_ed9377fd,1155,15,18.0,150.0,144.0,0.24834159,0.2506711,0.2857143,2.262959,48.542114,3
6bba_ed9377fd,1156,15,15.0,137.0,228.0,0.17266323,1.5181836,0.23809524,2.5335438,68.11987,0
6bba_ed9377fd,1157,15,63.0,19.0,157.0,0.13850258,1.4390326,1.0,2.0673318,37.01001,0
6bba_ed9377fd,1158,16,63.0,15.0,219.0,1.3525572,12.2780485,1.0,2.1396742,41.032837,0
6bba_ed9377fd,1159,16,47.0,88.0,165.0,1.1225939,5.4093795,0.74603176,2.5434792,68.92444,0
6bba_ed9377fd,1160,16,48.0,111.0,52.0,1.1446602,4.591305,0.7619048,2.5434792,68.92444,0
6bba_ed9377fd,1161,16,63.0,0.0,246.0,1.561892,9.210248,1.0,1.7994134,24.405151,0
6bba_ed9377fd,1162,16,27.0,156.0,56.0,1.1227081,3.6633854,0.42857143,2.5434792,68.92444,0
6bba_ed9377fd,1163,16,10.0,187.0,45.0,1.1303474,4.9593263,0.15873016,2.5434792,68.92444,0
6bba_ed9377fd,1164,16,55.0,75.0,142.0,1.3065302,3.6745462,0.8730159,2.5434792,68.92444,0
6bba_ed9377fd,1165,16,36.0,114.0,164.0,1.5365821,3.4306855,0.5714286,2.5434792,68.92444,0
6bba_ed9377fd,1166,16,46.0,99.0,140.0,1.1066126,6.950465,0.73015875,2.5434792,68.92444,0
6bba_ed9377fd,1167,16,37.0,132.0,76.0,1.0099877,3.4580753,0.5873016,2.5434792,68.92444,1
6bba_ed9377fd,1168,16,37.0,131.0,84.0,1.0364935,3.6107757,0.5873016,2.5434792,68.92444,1
6bba_ed9377fd,1169,16,39.0,120.0,116.0,1.098996,5.7058115,0.61904764,2.5434792,68.92444,0
6bba_ed9377fd,1170,16,40.0,132.0,11.0,1.5044024,2.663761,0.63492066,2.5434792,68.92444,0
6bba_ed9377fd,1171,16,53.0,99.0,21.0,1.3079015,2.4944885,0.84126985,2.5434792,68.92444,1
6bba_ed9377fd,1172,16,30.0,104.0,224.0,1.1364952,3.522804,0.47619048,2.5434792,68.92444,0
6bba_ed9377fd,1173,16,55.0,69.0,158.0,1.1103722,2.8617713,0.8730159,2.5434792,68.92444,0
6bba_ed9377fd,1174,16,52.0,103.0,9.0,1.4920151,2.958249,0.82539684,2.5434792,68.92444,1
6bba_ed9377fd,1175,16,36.0,108.0,181.0,1.4324609,3.0906267,0.5714286,2.5434792,68.92444,0
6bba_ed9377fd,1176,16,48.0,58.0,227.0,0.8424896,3.6494555,0.7619048,2.5434792,68.92444,0
6bba_ed9377fd,1177,16,8.0,188.0,74.0,1.2729564,3.8827105,0.12698413,2.5434792,68.92444,0
6bba_ed9377fd,1178,16,8.0,141.0,247.0,0.9201392,4.870816,0.12698413,2.5434792,68.92444,1
6bba_ed9377fd,1179,16,7.0,139.0,255.0,0.94666624,2.8778892,0.11111111,2.1396742,41.032837,1
6bba_ed9377fd,1180,16,34.0,148.0,17.0,0.96906585,2.854008,0.53968257,2.5368643,68.38806,1
6bba_ed9377fd,1181,16,18.0,176.0,0.0,1.0246946,2.8572023,0.2857143,2.1396742,41.032837,0
6bba_ed9377fd,1182,16,50.0,101.0,83.0,0.8654016,2.6549368,0.7936508,2.5434792,68.92444,0
6bba_ed9377fd,1183,16,34.0,146.0,31.0,0.8760006,2.5147684,0.53968257,2.5434792,68.92444,1
6bba_ed9377fd,1184,16,18.0,139.0,199.0,0.74456763,3.9599965,0.2857143,2.5434792,68.92444,0
6bba_ed9377fd,1185,16,46.0,30.0,198.0,0.89562726,2.511424,0.73015875,2.5434792,68.92444,0
6bba_ed9377fd,1186,16,24.0,149.0,131.0,0.9418514,2.6134076,0.3809524,2.5401762,68.65625,1
6bba_ed9377fd,1187,16,35.0,101.0,107.0,0.95832974,2.3137584,0.5555556,2.5434792,68.92444,0
6bba_ed9377fd,1188,16,44.0,30.0,214.0,0.909883,2.515921,0.6984127,2.5434792,68.92444,0
6bba_ed9377fd,1189,16,9.0,174.0,137.0,0.9103744,2.440517,0.14285715,2.5434792,68.92444,4
6bba_ed9377fd,1190,16,57.0,77.0,90.0,1.379746,2.5698905,0.9047619,2.5368643,68.38806,2
6bba_ed9377fd,1191,16,56.0,78.0,98.0,1.4022353,2.6064022,0.8888889,2.5134354,66.51074,2
6bba_ed9377fd,1192,16,17.0,174.0,76.0,0.8352503,2.5292072,0.26984128,2.5434792,68.92444,1
6bba_ed9377fd,1193,16,20.0,105.0,199.0,0.8754578,2.1485837,0.31746033,2.5434792,68.92444,1
6bba_ed9377fd,1194,16,63.0,77.0,0.0,0.6599861,4.463109,1.0,1.7994134,24.405151,0
6bba_ed9377fd,1195,16,11.0,157.0,92.0,0.94817644,2.3151722,0.17460318,2.5434792,68.92444,0
6bba_ed9377fd,1196,16,20.0,112.0,186.0,0.84846616,2.1038487,0.31746033,2.5434792,68.92444,1
6bba_ed9377fd,1197,16,59.0,70.0,99.0,1.2198931,1.8322128,0.93650794,2.5401762,68.65625,2
6bba_ed9377fd,1198,16,23.0,155.0,117.0,0.8370615,1.6720661,0.36507937,2.5032594,65.70618,1
6bba_ed9377fd,1199,16,17.0,173.0,88.0,0.76389724,2.146291,0.26984128,2.5368643,68.38806,1
6bba_ed9377fd,1200,16,10.0,175.0,127.0,0.74492764,2.0651104,0.15873016,2.5401762,68.65625,3
6bba_ed9377fd,1201,16,10.0,167.0,12.0,0.89249045,1.9514034,0.15873016,2.5434792,68.92444,0
6bba_ed9377fd,1202,16,9.0,160.0,190.0,0.6716033,3.766649,0.14285715,2.5434792,68.92444,0
6bba_ed9377fd,1203,16,55.0,39.0,92.0,0.7945914,1.9367692,0.8730159,2.5434792,68.92444,0
6bba_ed9377fd,1204,16,9.0,157.0,110.0,0.98590994,1.6996571,0.14285715,2.5434792,68.92444,2
6bba_ed9377fd,1205,16,14.0,145.0,108.0,0.8847426,1.419585,0.22222222,2.5434792,68.92444,1
6bba_ed9377fd,1206,16,9.0,167.0,28.0,0.78315824,1.879323,0.14285715,2.5434792,68.92444,0
6bba_ed9377fd,1207,16,10.0,150.0,122.0,0.9362919,1.6644546,0.15873016,2.5434792,68.92444,2
6bba_ed9377fd,1208,16,41.0,90.0,200.0,0.5982276,4.6279645,0.6507937,2.5434792,68.92444,0
6bba_ed9377fd,1209,16,6.0,184.0,133.0,0.69793797,1.4718425,0.0952381,2.4964292,65.1698,2
6bba_ed9377fd,1210,16,25.0,106.0,246.0,0.67254037,2.405222,0.3968254,2.5434792,68.92444,0
6bba_ed9377fd,1211,16,6.0,196.0,14.0,0.6718491,2.8477197,0.0952381,2.5434792,68.92444,0
6bba_ed9377fd,1212,16,6.0,180.0,149.0,0.6476514,1.663449,0.0952381,2.5335438,68.11987,1
6bba_ed9377fd,1213,16,49.0,75.0,193.0,0.60300434,2.62914,0.7777778,2.5434792,68.92444,0
6bba_ed9377fd,1214,16,29.0,134.0,152.0,0.58346903,3.0824478,0.46031746,2.5434792,68.92444,0
6bba_ed9377fd,1215,16,58.0,25.0,100.0,0.71569616,1.9266869,0.9206349,2.5434792,68.92444,0
6bba_ed9377fd,1216,16,0.0,179.0,186.0,0.42073843,3.1798246,0.0,2.1017118,38.88733,1
6bba_ed9377fd,1217,16,53.0,35.0,248.0,0.51667553,7.9329557,0.84126985,2.5434792,68.92444,0
6bba_ed9377fd,1218,16,63.0,60.0,65.0,0.38295278,3.0900497,1.0,2.0317688,35.13269,0
6bba_ed9377fd,1219,16,6.0,161.0,214.0,0.48441008,4.4860096,0.0952381,2.5434792,68.92444,0
6bba_ed9377fd,1220,16,63.0,46.0,162.0,0.490484,2.5250154,1.0,2.1396742,41.032837,0
6bba_ed9377fd,1221,16,0.0,206.0,34.0,0.3566842,1.5824207,0.0,2.0420563,35.669067,0
6bba_ed9377fd,1222,16,48.0,14.0,213.0,0.5243833,1.5451086,0.7619048,2.5268764,67.583496,0
6bba_ed9377fd,1223,16,0.0,195.0,103.0,0.43463573,2.4530377,0.0,2.1396742,41.032837,0
6bba_ed9377fd,1224,16,63.0,16.0,239.0,0.45364854,2.2666616,1.0,2.1396742,41.032837,0
6bba_ed9377fd,1225,16,0.0,144.0,211.0,0.3216243,2.141537,0.0,2.0623262,36.74182,1
6bba_ed9377fd,1226,16,0.0,203.0,76.0,0.3121035,0.91259956,0.0,1.9786955,32.450806,0
6bba_ed9377fd,1227,16,0.0,207.0,0.0,0.22560552,1.0299773,0.0,1.6565452,19.041382,0
6bba_ed9377fd,1228,16,0.0,154.0,201.0,0.36212608,0.96313024,0.0,1.9622055,31.64624,1
6bba_ed9377fd,1229,16,5.0,173.0,175.0,0.24473621,0.90073335,0.07936508,2.475711,63.56067,1
6bba_ed9377fd,1230,16,0.0,159.0,244.0,0.18001209,1.4171097,0.0,2.13031,40.49646,0
6bba_ed9377fd,1231,16,15.0,138.0,226.0,0.18650189,1.4940752,0.23809524,2.5434792,68.92444,0
6bba_ed9377fd,1232,16,18.0,153.0,144.0,0.2149334,0.36418965,0.2857143,2.3588579,54.978638,4
6bba_ed9377fd,1233,16,17.0,156.0,143.0,0.21354496,0.38487777,0.26984128,2.3778818,56.31958,3
6bba_ed9377fd,1234,16,19.0,150.0,146.0,0.20009485,0.3938448,0.3015873,2.3395221,53.637695,2
6bba_ed9377fd,1235,16,15.0,184.0,21.0,0.21819595,0.07660168,0.23809524,2.180832,43.446533,0
6bba_ed9377fd,1236,16,5.0,162.0,131.0,0.32232296,-0.0243364,0.07936508,2.0772712,37.546387,3
6bba_ed9377fd,1237,16,63.0,19.0,157.0,0.13641992,1.4881209,1.0,2.021376,34.596313,1
6bba_ed9377fd,1238,16,63.0,22.0,149.0,0.13750443,1.427612,1.0,2.0317688,35.13269,1
6bba_ed9377fd,1239,16,5.0,158.0,139.0,0.22625802,0.17111038,0.07936508,2.2030413,44.787476,3
6bba_ed9377fd,1240,17,49.0,110.0,50.0,1.138638,4.5477376,0.7777778,2.5434792,68.92444,0
6bba_ed9377fd,1241,17,48.0,87.0,165.0,1.1044756,5.4841948,0.7619048,2.5434792,68.92444,0
6bba_ed9377fd,1242,17,10.0,188.0,45.0,1.226978,4.866066,0.15873016,2.5434792,68.92444,0
6bba_ed9377fd,1243,17,27.0,159.0,49.0,1.0500524,3.9558423,0.42857143,2.5434792,68.92444,1
6bba_ed9377fd,1244,17,28.0,157.0,56.0,1.0241748,3.6541364,0.44444445,2.5434792,68.92444,1
6bba_ed9377fd,1245,17,63.0,19.0,219.0,1.3183227,11.816013,1.0,2.1396742,41.032837,0
6bba_ed9377fd,1246,17,38.0,132.0,75.0,1.0516179,3.6487613,0.6031746,2.5434792,68.92444,1
6bba_ed9377fd,1247,17,38.0,131.0,84.0,1.0960135,3.5152519,0.6031746,2.5434792,68.92444,2
6bba_ed9377fd,1248,17,37.0,113.0,164.0,1.6099008,3.6998317,0.5873016,2.5434792,68.92444,0
6bba_ed9377fd,1249,17,40.0,120.0,115.0,1.084666,5.425992,0.63492066,2.5434792,68.92444,0
6bba_ed9377fd,1250,17,47.0,99.0,140.0,1.054926,6.4618626,0.74603176,2.5434792,68.92444,0
6bba_ed9377fd,1251,17,56.0,74.0,143.0,1.2519469,3.5838284,0.8888889,2.5434792,68.92444,1
6bba_ed9377fd,1252,17,63.0,3.0,246.0,1.3674936,8.417855,1.0,2.1350024,40.76465,0
6bba_ed9377fd,1253,17,41.0,132.0,11.0,1.4048464,2.5706954,0.6507937,2.5434792,68.92444,0
6bba_ed9377fd,1254,17,8.0,189.0,72.0,1.2665056,3.819318,0.12698413,2.5434792,68.92444,0
6bba_ed9377fd,1255,17,30.0,105.0,223.0,1.0957108,3.3805015,0.47619048,2.5434792,68.92444,0
6bba_ed9377fd,1256,17,53.0,103.0,10.0,1.51455,3.3084657,0.84126985,2.5368643,68.38806,1
6bba_ed9377fd,1257,17,49.0,58.0,226.0,0.84634066,3.723729,0.7777778,2.5434792,68.92444,0
6bba_ed9377fd,1258,17,8.0,141.0,248.0,0.94238275,6.0924225,0.12698413,2.5434792,68.92444,0
6bba_ed9377fd,1259,17,53.0,101.0,19.0,1.3493203,2.5688004,0.84126985,2.5401762,68.65625,1
6bba_ed9377fd,1260,17,37.0,131.0,93.0,0.807093,2.7681224,0.5873016,2.5434792,68.92444,1
6bba_ed9377fd,1261,17,52.0,100.0,78.0,0.87166965,2.8941796,0.82539684,2.5434792,68.92444,1
6bba_ed9377fd,1262,17,56.0,69.0,156.0,1.1160116,2.6449904,0.8888889,2.5434792,68.92444,1
6bba_ed9377fd,1263,17,37.0,107.0,181.0,1.3349732,2.7633262,0.5873016,2.5434792,68.92444,0
6bba_ed9377fd,1264,17,52.0,99.0,86.0,0.86864144,2.7349987,0.82539684,2.5434792,68.92444,1
6bba_ed9377fd,1265,17,19.0,176.0,0.0,0.99099743,2.9037864,0.3015873,2.1396742,41.032837,0
6bba_ed9377fd,1266,17,34.0,149.0,18.0,0.905992,2.6228647,0.53968257,2.5434792,68.92444,1
6bba_ed9377fd,1267,17,35.0,146.0,31.0,0.8393299,2.4751472,0.5555556,2.5434792,68.92444,1
6bba_ed9377fd,1268,17,9.0,176.0,131.0,0.92618996,2.5978312,0.14285715,2.5434792,68.92444,1
6bba_ed9377fd,1269,17,19.0,139.0,196.0,0.7262552,3.9202042,0.3015873,2.5434792,68.92444,0
6bba_ed9377fd,1270,17,36.0,99.0,109.0,0.9144026,2.1578948,0.5714286,2.5434792,68.92444,0
6bba_ed9377fd,1271,17,25.0,149.0,129.0,0.87416655,2.3128603,0.3968254,2.5434792,68.92444,1
6bba_ed9377fd,1272,17,59.0,75.0,89.0,1.2671397,2.3363478,0.93650794,2.5401762,68.65625,2
6bba_ed9377fd,1273,17,48.0,26.0,198.0,0.86265904,2.2615273,0.7619048,2.5434792,68.92444,0
6bba_ed9377fd,1274,17,45.0,29.0,213.0,0.85217434,2.2291176,0.71428573,2.5434792,68.92444,0
6bba_ed9377fd,1275,17,57.0,78.0,99.0,1.2875435,2.4773154,0.9047619,2.5368643,68.38806,2
6bba_ed9377fd,1276,17,20.0,107.0,200.0,0.8187833,2.0515118,0.31746033,2.5434792,68.92444,0
6bba_ed9377fd,1277,17,12.0,157.0,92.0,0.88857085,2.1547909,0.1904762,2.5434792,68.92444,1
6bba_ed9377fd,1278,17,63.0,69.0,97.0,1.1281661,1.3510214,1.0,2.1396742,41.032837,2
6bba_ed9377fd,1279,17,17.0,175.0,75.0,0.7723935,2.1941633,0.26984128,2.5434792,68.92444,1
6bba_ed9377fd,1280,17,23.0,156.0,116.0,0.8289538,1.6382738,0.36507937,2.5100527,66.24255,1
6bba_ed9377fd,1281,17,22.0,111.0,182.0,0.82673687,2.2183557,0.34920636,2.5434792,68.92444,0
6bba_ed9377fd,1282,17,8.0,164.0,186.0,0.6485827,3.4760947,0.12698413,2.5434792,68.92444,0
6bba_ed9377fd,1283,17,11.0,167.0,14.0,0.84105545,1.7969562,0.17460318,2.5434792,68.92444,0
6bba_ed9377fd,1284,17,9.0,167.0,30.0,0.7628002,1.8545685,0.14285715,2.5434792,68.92444,0
6bba_ed9377fd,1285,17,25.0,107.0,246.0,0.68256795,2.4171932,0.3968254,2.5434792,68.92444,0
6bba_ed9377fd,1286,17,29.0,135.0,152.0,0.6128376,3.2119277,0.46031746,2.5434792,68.92444,0
6bba_ed9377fd,1287,17,15.0,145.0,108.0,0.8640418,1.3790383,0.23809524,2.5434792,68.92444,1
6bba_ed9377fd,1288,17,43.0,89.0,199.0,0.60831803,4.118745,0.6825397,2.5434792,68.92444,0
6bba_ed9377fd,1289,17,11.0,150.0,123.0,0.90549487,1.6507049,0.17460318,2.5434792,68.92444,0
6bba_ed9377fd,1290,17,14.0,147.0,103.0,0.8441294,1.3345098,0.22222222,2.5434792,68.92444,2
6bba_ed9377fd,1291,17,18.0,173.0,88.0,0.6713062,2.0237787,0.2857143,2.5168092,66.77893,1
6bba_ed9377fd,1292,17,63.0,22.0,90.0,0.7873082,1.507551,1.0,2.1396742,41.032837,0
6bba_ed9377fd,1293,17,7.0,196.0,13.0,0.6426405,2.9019985,0.11111111,2.5434792,68.92444,1
6bba_ed9377fd,1294,17,63.0,77.0,0.0,0.5097707,4.2841926,1.0,1.7927979,24.136963,0
6bba_ed9377fd,1295,17,50.0,74.0,193.0,0.5812578,2.578378,0.7936508,2.5434792,68.92444,0
6bba_ed9377fd,1296,17,0.0,179.0,187.0,0.4328026,3.285701,0.0,2.125597,40.22827,0
6bba_ed9377fd,1297,17,57.0,32.0,100.0,0.72306687,1.6170086,0.9047619,2.5434792,68.92444,0
6bba_ed9377fd,1298,17,53.0,36.0,249.0,0.48237598,7.974522,0.84126985,2.5434792,68.92444,0
6bba_ed9377fd,1299,17,7.0,161.0,212.0,0.48349017,3.729031,0.11111111,2.5401762,68.65625,1
6bba_ed9377fd,1300,17,0.0,195.0,101.0,0.46294856,2.519301,0.0,2.1396742,41.032837,0
6bba_ed9377fd,1301,17,63.0,47.0,161.0,0.4593879,2.5083206,1.0,2.1396742,41.032837,1
6bba_ed9377fd,1302,17,63.0,50.0,152.0,0.4588024,2.4887443,1.0,2.1396742,41.032837,1
6bba_ed9377fd,1303,17,0.0,207.0,0.0,0.26431718,1.5767485,0.0,1.7237747,21.455078,0
6bba_ed9377fd,1304,17,0.0,199.0,19.0,0.51732844,1.1348114,0.0,2.1396742,41.032837,1
6bba_ed9377fd,1305,17,0.0,154.0,199.0,0.42670813,1.6404248,0.0,2.0673318,37.01001,2
6bba_ed9377fd,1306,17,0.0,153.0,204.0,0.4295778,1.8967972,0.0,2.1113307,39.423706,3
6bba_ed9377fd,1307,17,63.0,17.0,239.0,0.4316893,1.5647132,1.0,2.1396742,41.032837,0
6bba_ed9377fd,1308,17,63.0,61.0,65.0,0.27720672,2.6974308,1.0,2.0265856,34.864502,0
6bba_ed9377fd,1309,17,0.0,145.0,210.0,0.3500235,1.8916706,0.0,2.120863,39.960083,2
6bba_ed9377fd,1310,17,0.0,208.0,33.0,0.27417392,1.2953199,0.0,1.9283676,30.03711,0
6bba_ed9377fd,1311,17,0.0,203.0,78.0,0.31027037,1.117645,0.0,2.0055833,33.791748,0
6bba_ed9377fd,1312,17,5.0,174.0,173.0,0.24237643,0.94299144,0.07936508,2.4861133,64.365234,0
6bba_ed9377fd,1313,17,0.0,162.0,244.0,0.16860057,1.5799491,0.0,2.0420563,35.669067,0
6bba_ed9377fd,1314,17,14.0,140.0,228.0,0.19755223,1.5340272,0.22222222,2.5401762,68.65625,0
6bba_ed9377fd,1315,17,15.0,184.0,20.0,0.2520555,0.10287528,0.23809524,2.1986353,44.519287,0
6bba_ed9377fd,1316,17,5.0,162.0,131.0,0.31041554,0.054272655,0.07936508,2.18531,43.71472,1
6bba_ed9377fd,1317,17,19.0,151.0,144.0,0.20291743,0.3392709,0.3015873,2.3395221,53.637695,2
6bba_ed9377fd,1318,17,20.0,148.0,144.0,0.21245936,0.2619779,0.31746033,2.262959,48.542114,2
6bba_ed9377fd,1319,17,18.0,154.0,143.0,0.20012914,0.36581463,0.2857143,2.3665042,55.515015,2
6bba_ed9377fd,1320,18,49.0,111.0,51.0,1.1496483,4.5358157,0.7777778,2.5434792,68.92444,0
6bba_ed9377fd,1321,18,48.0,88.0,164.0,1.1142459,6.123419,0.7619048,2.5434792,68.92444,0
6bba_ed9377fd,1322,18,27.0,158.0,57.0,1.127559,3.9055326,0.42857143,2.5434792,68.92444,1
6bba_ed9377fd,1323,18,27.0,160.0,50.0,1.1158973,3.6697042,0.42857143,2.5434792,68.92444,1
6bba_ed9377fd,1324,18,63.0,21.0,218.0,1.18793,9.158518,1.0,2.1396742,41.032837,0
6bba_ed9377fd,1325,18,47.0,99.0,138.0,1.1587331,7.7155437,0.74603176,2.5434792,68.92444,0
6bba_ed9377fd,1326,18,37.0,133.0,85.0,1.0976762,3.8198361,0.5873016,2.5434792,68.92444,1
6bba_ed9377fd,1327,18,9.0,190.0,43.0,1.1431804,3.8623776,0.14285715,2.5434792,68.92444,0
6bba_ed9377fd,1328,18,37.0,134.0,76.0,1.0360765,3.4801772,0.5873016,2.5434792,68.92444,1
6bba_ed9377fd,1329,18,55.0,75.0,144.0,1.2859894,3.5197856,0.8730159,2.5434792,68.92444,0
6bba_ed9377fd,1330,18,37.0,113.0,167.0,1.39719,3.6520724,0.5873016,2.5434792,68.92444,1
6bba_ed9377fd,1331,18,39.0,122.0,113.0,0.99663454,5.1014996,0.61904764,2.5434792,68.92444,0
6bba_ed9377fd,1332,18,54.0,101.0,9.0,1.4697201,3.0320177,0.85714287,2.5401762,68.65625,1
6bba_ed9377fd,1333,18,8.0,190.0,70.0,1.2826182,3.5660603,0.12698413,2.5434792,68.92444,0
6bba_ed9377fd,1334,18,41.0,133.0,13.0,1.3959558,2.2601857,0.6507937,2.5434792,68.92444,0
6bba_ed9377fd,1335,18,29.0,107.0,224.0,1.0776553,3.2542524,0.46031746,2.5434792,68.92444,0
6bba_ed9377fd,1336,18,54.0,100.0,20.0,1.3323507,2.5511749,0.85714287,2.5434792,68.92444,1
6bba_ed9377fd,1337,18,63.0,5.0,248.0,1.4472853,9.401797,1.0,2.1396742,41.032837,1
6bba_ed9377fd,1338,18,48.0,60.0,227.0,0.8493917,3.7218919,0.7619048,2.5434792,68.92444,0
6bba_ed9377fd,1339,18,7.0,141.0,255.0,0.95332706,3.468534,0.11111111,2.1396742,41.032837,0
6bba_ed9377fd,1340,18,19.0,141.0,195.0,0.8288167,4.18058,0.3015873,2.5434792,68.92444,0
6bba_ed9377fd,1341,18,56.0,69.0,158.0,1.1248735,2.7205005,0.8888889,2.5434792,68.92444,0
6bba_ed9377fd,1342,18,18.0,178.0,0.0,1.1699826,3.378133,0.2857143,2.1396742,41.032837,0
6bba_ed9377fd,1343,18,52.0,101.0,76.0,0.89441025,2.9226124,0.82539684,2.5434792,68.92444,0
6bba_ed9377fd,1344,18,37.0,109.0,177.0,1.3501319,3.065903,0.5873016,2.5434792,68.92444,1
6bba_ed9377fd,1345,18,9.0,177.0,127.0,0.94041723,2.853365,0.14285715,2.5434792,68.92444,0
6bba_ed9377fd,1346,18,48.0,28.0,196.0,0.94855356,2.5934916,0.7619048,2.5434792,68.92444,0
6bba_ed9377fd,1347,18,35.0,103.0,106.0,0.93802315,2.3921337,0.5555556,2.5434792,68.92444,1
6bba_ed9377fd,1348,18,34.0,149.0,30.0,0.85058594,2.344784,0.53968257,2.5434792,68.92444,1
6bba_ed9377fd,1349,18,34.0,150.0,19.0,0.8899307,2.439017,0.53968257,2.5434792,68.92444,1
6bba_ed9377fd,1350,18,24.0,151.0,128.0,0.95029056,2.572769,0.3809524,2.5434792,68.92444,1
6bba_ed9377fd,1351,18,20.0,107.0,203.0,0.8506716,2.2665944,0.31746033,2.5434792,68.92444,0
6bba_ed9377fd,1352,18,35.0,99.0,119.0,0.9617865,2.1123219,0.5555556,2.5434792,68.92444,1
6bba_ed9377fd,1353,18,57.0,78.0,100.0,1.2943143,2.5891082,0.9047619,2.5401762,68.65625,1
6bba_ed9377fd,1354,18,58.0,78.0,89.0,1.2453362,2.3590522,0.9206349,2.5434792,68.92444,1
6bba_ed9377fd,1355,18,17.0,176.0,75.0,0.8145437,2.0473564,0.26984128,2.5434792,68.92444,1
6bba_ed9377fd,1356,18,12.0,157.0,90.0,0.9282755,2.146891,0.1904762,2.5434792,68.92444,0
6bba_ed9377fd,1357,18,23.0,156.0,115.0,0.9066719,1.8456833,0.36507937,2.5268764,67.583496,3
6bba_ed9377fd,1358,18,21.0,113.0,182.0,0.81197256,2.1114626,0.33333334,2.5434792,68.92444,0
6bba_ed9377fd,1359,18,9.0,168.0,29.0,0.78664356,1.9111093,0.14285715,2.5434792,68.92444,0
6bba_ed9377fd,1360,18,10.0,161.0,189.0,0.64281183,3.677288,0.15873016,2.5434792,68.92444,1
6bba_ed9377fd,1361,18,17.0,174.0,88.0,0.7275236,2.1397374,0.26984128,2.5434792,68.92444,1
6bba_ed9377fd,1362,18,8.0,165.0,185.0,0.62990457,3.2958782,0.12698413,2.5434792,68.92444,1
6bba_ed9377fd,1363,18,10.0,168.0,14.0,0.8673043,1.7841463,0.15873016,2.5434792,68.92444,0
6bba_ed9377fd,1364,18,10.0,158.0,108.0,0.964232,1.6657995,0.15873016,2.5434792,68.92444,3
6bba_ed9377fd,1365,18,29.0,135.0,153.0,0.63441837,3.0740154,0.46031746,2.5434792,68.92444,0
6bba_ed9377fd,1366,18,14.0,146.0,108.0,0.88458836,1.4104606,0.22222222,2.5434792,68.92444,2
6bba_ed9377fd,1367,18,55.0,43.0,85.0,0.7352314,1.9331517,0.8730159,2.5434792,68.92444,1
6bba_ed9377fd,1368,18,6.0,181.0,148.0,0.65887314,2.0467212,0.0952381,2.5401762,68.65625,0
6bba_ed9377fd,1369,18,11.0,151.0,120.0,0.9162424,1.5923246,0.17460318,2.5434792,68.92444,3
6bba_ed9377fd,1370,18,50.0,75.0,193.0,0.6147517,2.673743,0.7936508,2.5434792,68.92444,0
6bba_ed9377fd,1371,18,25.0,108.0,246.0,0.684465,2.172306,0.3968254,2.5434792,68.92444,0
6bba_ed9377fd,1372,18,42.0,90.0,200.0,0.58738863,4.1426535,0.6666667,2.5434792,68.92444,0
6bba_ed9377fd,1373,18,63.0,78.0,0.0,0.5169192,4.8980937,1.0,1.7927979,24.136963,0
6bba_ed9377fd,1374,18,57.0,31.0,101.0,0.6764886,1.804073,0.9047619,2.5434792,68.92444,0
6bba_ed9377fd,1375,18,6.0,197.0,12.0,0.5975591,3.0812645,0.0952381,2.5434792,68.92444,0
6bba_ed9377fd,1376,18,63.0,48.0,161.0,0.50035995,2.9165912,1.0,2.1396742,41.032837,0
6bba_ed9377fd,1377,18,0.0,180.0,187.0,0.34802723,3.0192149,0.0,2.0822053,37.814575,0
6bba_ed9377fd,1378,18,53.0,37.0,249.0,0.4783364,7.6425753,0.84126985,2.5434792,68.92444,0
6bba_ed9377fd,1379,18,58.0,33.0,81.0,0.7178389,1.5271535,0.9206349,2.5268764,67.583496,1
6bba_ed9377fd,1380,18,7.0,161.0,213.0,0.45434442,3.8853366,0.11111111,2.5434792,68.92444,1
6bba_ed9377fd,1381,18,63.0,62.0,66.0,0.33068442,2.947387,1.0,2.0317688,35.13269,0
6bba_ed9377fd,1382,18,0.0,145.0,210.0,0.3557917,2.2698693,0.0,2.1113307,39.423706,1
6bba_ed9377fd,1383,18,63.0,17.0,239.0,0.44389743,1.7658957,1.0,2.1396742,41.032837,1
6bba_ed9377fd,1384,18,0.0,196.0,98.0,0.40125537,2.0483255,0.0,2.1396742,41.032837,1
6bba_ed9377fd,1385,18,0.0,154.0,202.0,0.39243516,1.6531754,0.0,2.0772712,37.546387,2
6bba_ed9377fd,1386,18,4.0,191.0,100.0,0.40254948,2.2177303,0.06349207,2.5201738,67.04712,1
6bba_ed9377fd,1387,18,0.0,205.0,74.0,0.23559164,0.7919944,0.0,1.9677329,31.914429,0
6bba_ed9377fd,1388,18,6.0,174.0,168.0,0.26131174,1.551287,0.0952381,2.5066607,65.974365,0
6bba_ed9377fd,1389,18,0.0,209.0,0.0,0.14380921,0.4430445,0.0,1.5918324,16.895874,0
6bba_ed9377fd,1390,18,14.0,140.0,225.0,0.19384404,1.7819073,0.22222222,2.5368643,68.38806,0
6bba_ed9377fd,1391,18,0.0,161.0,238.0,0.16364823,1.45802,0.0,2.13031,40.49646,1
6bba_ed9377fd,1392,18,5.0,156.0,232.0,0.1769371,0.99243975,0.07936508,2.396606,57.660522,1
6bba_ed9377fd,1393,18,5.0,162.0,133.0,0.2568722,0.08790497,0.07936508,2.1581604,42.10559,0
6bba_ed9377fd,1394,19,49.0,111.0,50.0,1.1814052,4.5721784,0.7777778,2.5434792,68.92444,0
6bba_ed9377fd,1395,19,49.0,87.0,164.0,1.1684865,6.1492577,0.7777778,2.5434792,68.92444,0
6bba_ed9377fd,1396,19,27.0,159.0,56.0,1.0877458,3.9685016,0.42857143,2.5434792,68.92444,0
6bba_ed9377fd,1397,19,63.0,25.0,215.0,1.062605,9.762916,1.0,2.1396742,41.032837,0
6bba_ed9377fd,1398,19,38.0,132.0,85.0,1.0665307,3.7898028,0.6031746,2.5434792,68.92444,1
6bba_ed9377fd,1399,19,38.0,133.0,76.0,1.0423559,3.457776,0.6031746,2.5434792,68.92444,1
6bba_ed9377fd,1400,19,8.0,190.0,66.0,1.3342648,3.7175024,0.12698413,2.5434792,68.92444,0
6bba_ed9377fd,1401,19,40.0,121.0,114.0,0.9816132,5.5124373,0.63492066,2.5434792,68.92444,0
6bba_ed9377fd,1402,19,47.0,100.0,137.0,1.1231366,6.141202,0.74603176,2.5434792,68.92444,0
6bba_ed9377fd,1403,19,37.0,113.0,167.0,1.4209591,3.3898392,0.5873016,2.5434792,68.92444,0
6bba_ed9377fd,1404,19,9.0,190.0,40.0,1.0815121,3.6581283,0.14285715,2.5434792,68.92444,0
6bba_ed9377fd,1405,19,56.0,75.0,143.0,1.2206929,3.3660035,0.8888889,2.5434792,68.92444,0
6bba_ed9377fd,1406,19,48.0,62.0,227.0,0.8967929,3.8177521,0.7619048,2.5434792,68.92444,0
6bba_ed9377fd,1407,19,41.0,133.0,14.0,1.3967443,2.3311052,0.6507937,2.5434792,68.92444,0
6bba_ed9377fd,1408,19,63.0,6.0,249.0,1.3171614,8.632933,1.0,2.1396742,41.032837,1
6bba_ed9377fd,1409,19,54.0,102.0,10.0,1.4183365,2.9938695,0.85714287,2.5368643,68.38806,1
6bba_ed9377fd,1410,19,29.0,108.0,223.0,1.0478011,3.158989,0.46031746,2.5434792,68.92444,0
6bba_ed9377fd,1411,19,7.0,143.0,250.0,0.9547644,6.444202,0.11111111,2.5434792,68.92444,1
6bba_ed9377fd,1412,19,9.0,178.0,123.0,0.95098186,3.159157,0.14285715,2.5434792,68.92444,1
6bba_ed9377fd,1413,19,55.0,98.0,19.0,1.2313089,2.2202315,0.8730159,2.5434792,68.92444,1
6bba_ed9377fd,1414,19,56.0,69.0,159.0,1.0862316,2.7798545,0.8888889,2.5434792,68.92444,0
6bba_ed9377fd,1415,19,19.0,143.0,192.0,0.77993,4.0813375,0.3015873,2.5434792,68.92444,0
6bba_ed9377fd,1416,19,38.0,107.0,181.0,1.2750819,2.6801665,0.6031746,2.5434792,68.92444,0
6bba_ed9377fd,1417,19,52.0,101.0,80.0,0.89732426,2.7076983,0.82539684,2.5434792,68.92444,0
6bba_ed9377fd,1418,19,18.0,178.0,0.0,1.0956302,3.0715868,0.2857143,2.1396742,41.032837,0
6bba_ed9377fd,1419,19,8.0,144.0,245.0,0.7830611,3.0696945,0.12698413,2.5401762,68.65625,1
6bba_ed9377fd,1420,19,34.0,151.0,18.0,0.89559877,2.5816488,0.53968257,2.5401762,68.65625,1
6bba_ed9377fd,1421,19,34.0,150.0,27.0,0.8422839,2.1726592,0.53968257,2.5434792,68.92444,1
6bba_ed9377fd,1422,19,48.0,29.0,197.0,0.8798289,2.5088723,0.7619048,2.5434792,68.92444,1
6bba_ed9377fd,1423,19,35.0,104.0,107.0,0.89785,2.2808173,0.5555556,2.5434792,68.92444,1
6bba_ed9377fd,1424,19,18.0,175.0,75.0,0.82951945,2.4877698,0.2857143,2.5434792,68.92444,0
6bba_ed9377fd,1425,19,45.0,30.0,214.0,0.88325703,2.4251244,0.71428573,2.5434792,68.92444,1
6bba_ed9377fd,1426,19,60.0,76.0,88.0,1.2991121,2.0969715,0.95238096,2.5401762,68.65625,2
6bba_ed9377fd,1427,19,12.0,157.0,89.0,0.9369033,2.3139157,0.1904762,2.5434792,68.92444,0
6bba_ed9377fd,1428,19,21.0,108.0,202.0,0.86183053,2.3439982,0.33333334,2.5434792,68.92444,0
6bba_ed9377fd,1429,19,36.0,98.0,113.0,0.90463215,1.8773057,0.5714286,2.5434792,68.92444,1
6bba_ed9377fd,1430,19,24.0,152.0,124.0,0.9357434,2.211203,0.3809524,2.5434792,68.92444,2
6bba_ed9377fd,1431,19,24.0,155.0,117.0,0.9971888,2.4358613,0.3809524,2.5235295,67.31531,2
6bba_ed9377fd,1432,19,46.0,30.0,207.0,0.9141112,2.2307508,0.73015875,2.5434792,68.92444,2
6bba_ed9377fd,1433,19,57.0,78.0,100.0,1.3317621,2.4946363,0.9047619,2.5268764,67.583496,2
6bba_ed9377fd,1434,19,63.0,71.0,96.0,1.1821043,1.2304019,1.0,2.1396742,41.032837,2
6bba_ed9377fd,1435,19,10.0,167.0,29.0,0.8116297,1.8744767,0.15873016,2.5434792,68.92444,1
6bba_ed9377fd,1436,19,60.0,27.0,99.0,0.8958333,2.1555598,0.95238096,2.5401762,68.65625,0
6bba_ed9377fd,1437,19,63.0,26.0,82.0,0.91590613,1.7697989,1.0,2.1396742,41.032837,0
6bba_ed9377fd,1438,19,7.0,181.0,146.0,0.71561617,2.5386918,0.11111111,2.5335438,68.11987,0
6bba_ed9377fd,1439,19,11.0,167.0,15.0,0.87415504,1.7712852,0.17460318,2.5434792,68.92444,2
6bba_ed9377fd,1440,19,22.0,112.0,184.0,0.8346047,2.0587945,0.34920636,2.5434792,68.92444,0
6bba_ed9377fd,1441,19,51.0,74.0,193.0,0.6371095,2.9808412,0.8095238,2.5434792,68.92444,0
6bba_ed9377fd,1442,19,9.0,163.0,187.0,0.63520116,3.6385317,0.14285715,2.5434792,68.92444,0
6bba_ed9377fd,1443,19,15.0,146.0,108.0,0.886811,1.3832648,0.23809524,2.5434792,68.92444,1
6bba_ed9377fd,1444,19,11.0,151.0,121.0,0.90471214,1.6415256,0.17460318,2.5401762,68.65625,3
6bba_ed9377fd,1445,19,26.0,107.0,246.0,0.6820023,2.145575,0.41269842,2.5434792,68.92444,0
6bba_ed9377fd,1446,19,30.0,135.0,151.0,0.59503365,2.9608219,0.47619048,2.5434792,68.92444,0
6bba_ed9377fd,1447,19,43.0,90.0,198.0,0.5610826,3.882876,0.6825397,2.5434792,68.92444,0
6bba_ed9377fd,1448,19,7.0,175.0,15.0,0.8697898,1.5713625,0.11111111,2.5434792,68.92444,1
6bba_ed9377fd,1449,19,6.0,198.0,12.0,0.61014646,3.2806718,0.0952381,2.5434792,68.92444,0
6bba_ed9377fd,1450,19,56.0,41.0,86.0,0.7231355,1.5335295,0.8888889,2.5434792,68.92444,0
6bba_ed9377fd,1451,19,53.0,38.0,248.0,0.49860302,7.255934,0.84126985,2.5434792,68.92444,0
6bba_ed9377fd,1452,19,63.0,79.0,0.0,0.4586823,4.1610694,1.0,1.7927979,24.136963,0
6bba_ed9377fd,1453,19,0.0,181.0,185.0,0.33633736,3.0486732,0.0,2.0772712,37.546387,0
6bba_ed9377fd,1454,19,0.0,150.0,205.0,0.48254684,2.381648,0.0,2.1350024,40.76465,0
6bba_ed9377fd,1455,19,7.0,162.0,213.0,0.4726398,3.5354064,0.11111111,2.5434792,68.92444,0
6bba_ed9377fd,1456,19,63.0,51.0,152.0,0.46294856,2.8606074,1.0,2.1396742,41.032837,1
6bba_ed9377fd,1457,19,63.0,49.0,159.0,0.44375342,2.582363,1.0,2.1396742,41.032837,1
6bba_ed9377fd,1458,19,63.0,17.0,239.0,0.4453562,1.800193,1.0,2.1396742,41.032837,1
6bba_ed9377fd,1459,19,49.0,14.0,212.0,0.44486538,1.1399856,0.7777778,2.5134354,66.51074,0
6bba_ed9377fd,1460,19,0.0,197.0,96.0,0.33915907,1.9685584,0.0,2.13031,40.49646,1
6bba_ed9377fd,1461,19,63.0,61.0,67.0,0.24823165,2.3768017,1.0,2.0265856,34.864502,0
6bba_ed9377fd,1462,19,5.0,191.0,100.0,0.3439209,2.0619175,0.07936508,2.5066607,65.974365,1
6bba_ed9377fd,1463,19,0.0,205.0,76.0,0.22084019,0.9109669,0.0,1.9622055,31.64624,0
6bba_ed9377fd,1464,19,6.0,174.0,168.0,0.26951095,1.5793353,0.0952381,2.5032594,65.70618,0
6bba_ed9377fd,1465,19,0.0,162.0,237.0,0.15987638,1.3883722,0.0,2.1350024,40.76465,1
6bba_ed9377fd,1466,19,14.0,141.0,223.0,0.18560483,1.6935761,0.22222222,2.5302145,67.851685,0
6bba_ed9377fd,1467,19,5.0,157.0,231.0,0.18154237,0.87758213,0.07936508,2.4150422,59.001465,1
6bba_ed9377fd,1468,19,0.0,210.0,0.0,0.116812706,0.23957983,0.0,1.5396031,15.286743,0
6bba_ed9377fd,1469,19,5.0,165.0,126.0,0.31281534,-0.027658224,0.07936508,2.0420563,35.669067,1
6bba_ed9377fd,1470,20,50.0,110.0,50.0,1.2718192,4.608806,0.7936508,2.5434792,68.92444,0
6bba_ed9377fd,1471,20,49.0,88.0,163.0,1.1695893,6.4144034,0.7777778,2.5434792,68.92444,0
6bba_ed9377fd,1472,20,27.0,160.0,54.0,1.0914197,3.8416083,0.42857143,2.5434792,68.92444,1
6bba_ed9377fd,1473,20,27.0,161.0,49.0,1.0993389,3.8932252,0.42857143,2.5434792,68.92444,1
6bba_ed9377fd,1474,20,63.0,28.0,213.0,1.0271323,9.256019,1.0,2.1396742,41.032837,0
6bba_ed9377fd,1475,20,8.0,190.0,66.0,1.2882862,3.5424476,0.12698413,2.5434792,68.92444,0
6bba_ed9377fd,1476,20,63.0,8.0,251.0,1.2625896,8.1867,1.0,2.1396742,41.032837,0
6bba_ed9377fd,1477,20,37.0,113.0,167.0,1.3319278,3.160716,0.5873016,2.5434792,68.92444,1
6bba_ed9377fd,1478,20,37.0,133.0,85.0,0.91063154,3.7187576,0.5873016,2.5434792,68.92444,0
6bba_ed9377fd,1479,20,8.0,191.0,39.0,1.2313089,3.457535,0.12698413,2.5434792,68.92444,0
6bba_ed9377fd,1480,20,47.0,100.0,137.0,1.127439,5.4128556,0.74603176,2.5434792,68.92444,0
6bba_ed9377fd,1481,20,41.0,133.0,16.0,1.4773251,2.3902266,0.6507937,2.5434792,68.92444,0
6bba_ed9377fd,1482,20,56.0,75.0,143.0,1.2119794,3.3652372,0.8888889,2.5434792,68.92444,0
6bba_ed9377fd,1483,20,40.0,121.0,114.0,0.9664776,4.5093584,0.63492066,2.5434792,68.92444,0
6bba_ed9377fd,1484,20,28.0,110.0,221.0,1.0433557,2.9953208,0.44444445,2.5434792,68.92444,0
6bba_ed9377fd,1485,20,48.0,63.0,228.0,0.8755092,3.6808565,0.7619048,2.5434792,68.92444,0
6bba_ed9377fd,1486,20,54.0,102.0,14.0,1.3836541,2.8151062,0.85714287,2.5401762,68.65625,1
6bba_ed9377fd,1487,20,6.0,143.0,255.0,0.99469256,3.405292,0.0952381,2.1396742,41.032837,1
6bba_ed9377fd,1488,20,55.0,100.0,9.0,1.4447795,3.014768,0.8730159,2.5368643,68.38806,1
6bba_ed9377fd,1489,20,38.0,135.0,68.0,0.7765989,3.2768128,0.6031746,2.5434792,68.92444,0
6bba_ed9377fd,1490,20,9.0,178.0,122.0,0.8910392,3.1350482,0.14285715,2.5434792,68.92444,0
6bba_ed9377fd,1491,20,52.0,101.0,81.0,0.9190022,2.758331,0.82539684,2.5434792,68.92444,0
6bba_ed9377fd,1492,20,56.0,69.0,158.0,1.0559317,2.610948,0.8888889,2.5434792,68.92444,0
6bba_ed9377fd,1493,20,37.0,109.0,178.0,1.3810087,3.0813031,0.5873016,2.5434792,68.92444,1
6bba_ed9377fd,1494,20,7.0,146.0,246.0,0.80928135,3.2091305,0.11111111,2.5401762,68.65625,1
6bba_ed9377fd,1495,20,18.0,179.0,0.0,1.0466442,2.8060658,0.2857143,2.1350024,40.76465,0
6bba_ed9377fd,1496,20,34.0,150.0,26.0,0.8614249,2.2665312,0.53968257,2.5434792,68.92444,1
6bba_ed9377fd,1497,20,36.0,102.0,109.0,0.9230361,2.1002948,0.5714286,2.5434792,68.92444,0
6bba_ed9377fd,1498,20,35.0,150.0,17.0,0.91451687,2.2584567,0.5555556,2.5235295,67.31531,1
6bba_ed9377fd,1499,20,48.0,30.0,196.0,0.83578163,2.6007485,0.7619048,2.5434792,68.92444,0
6bba_ed9377fd,1500,20,21.0,109.0,201.0,0.86467606,2.1614172,0.33333334,2.5434792,68.92444,0
6bba_ed9377fd,1501,20,59.0,78.0,89.0,1.5181268,2.5243692,0.93650794,2.5434792,68.92444,1
6bba_ed9377fd,1502,20,18.0,144.0,190.0,0.68417925,3.7827644,0.2857143,2.5434792,68.92444,0
6bba_ed9377fd,1503,20,17.0,175.0,75.0,0.8191376,2.2836783,0.26984128,2.5434792,68.92444,1
6bba_ed9377fd,1504,20,58.0,77.0,101.0,1.4221989,2.34686,0.9206349,2.5401762,68.65625,1
6bba_ed9377fd,1505,20,17.0,174.0,85.0,0.81174403,2.5326502,0.26984128,2.5434792,68.92444,1
6bba_ed9377fd,1506,20,24.0,153.0,121.0,0.91769373,2.085097,0.3809524,2.5401762,68.65625,2
6bba_ed9377fd,1507,20,63.0,26.0,96.0,0.90613574,1.8515794,1.0,2.1396742,41.032837,0
6bba_ed9377fd,1508,20,11.0,167.0,29.0,0.8524029,1.898593,0.17460318,2.5434792,68.92444,0
6bba_ed9377fd,1509,20,63.0,28.0,78.0,0.940092,1.8619752,1.0,2.1396742,41.032837,0
6bba_ed9377fd,1510,20,12.0,158.0,91.0,0.8984442,2.1131449,0.1904762,2.5434792,68.92444,1
6bba_ed9377fd,1511,20,22.0,114.0,182.0,0.837433,2.1572688,0.34920636,2.5434792,68.92444,0
6bba_ed9377fd,1512,20,15.0,148.0,101.0,0.8946616,1.5144608,0.23809524,2.5434792,68.92444,1
6bba_ed9377fd,1513,20,23.0,157.0,113.0,0.8171948,1.4846815,0.36507937,2.5066607,65.974365,2
6bba_ed9377fd,1514,20,7.0,180.0,146.0,0.69264704,2.782894,0.11111111,2.5434792,68.92444,0
6bba_ed9377fd,1515,20,12.0,151.0,121.0,0.9156653,1.7303197,0.1904762,2.5434792,68.92444,2
6bba_ed9377fd,1516,20,26.0,107.0,247.0,0.70518285,2.2644584,0.41269842,2.5434792,68.92444,0
6bba_ed9377fd,1517,20,51.0,74.0,193.0,0.62537926,2.9708326,0.8095238,2.5434792,68.92444,0
6bba_ed9377fd,1518,20,8.0,166.0,185.0,0.6060154,3.7004952,0.12698413,2.5401762,68.65625,0
6bba_ed9377fd,1519,20,30.0,135.0,151.0,0.58442324,2.9028912,0.47619048,2.5434792,68.92444,0
6bba_ed9377fd,1520,20,8.0,174.0,16.0,0.9050834,1.5929539,0.12698413,2.5434792,68.92444,0
6bba_ed9377fd,1521,20,0.0,148.0,206.0,0.54172546,2.441296,0.0,2.1350024,40.76465,0
6bba_ed9377fd,1522,20,43.0,91.0,195.0,0.5407703,3.5304484,0.6825397,2.5434792,68.92444,0
6bba_ed9377fd,1523,20,56.0,41.0,88.0,0.7046344,1.3707871,0.8888889,2.5401762,68.65625,0
6bba_ed9377fd,1524,20,6.0,198.0,11.0,0.57864666,2.8347888,0.0952381,2.5434792,68.92444,0
6bba_ed9377fd,1525,20,52.0,41.0,248.0,0.4830845,7.554803,0.82539684,2.5434792,68.92444,0
6bba_ed9377fd,1526,20,63.0,79.0,0.0,0.4207936,4.239317,1.0,1.7927979,24.136963,0
6bba_ed9377fd,1527,20,48.0,20.0,217.0,0.61424893,1.6441618,0.7619048,2.5434792,68.92444,0
6bba_ed9377fd,1528,20,63.0,51.0,153.0,0.48268119,2.812536,1.0,2.1396742,41.032837,0
6bba_ed9377fd,1529,20,7.0,162.0,213.0,0.47087425,3.2753382,0.11111111,2.5434792,68.92444,0
6bba_ed9377fd,1530,20,63.0,17.0,238.0,0.43334004,1.5980533,1.0,2.1396742,41.032837,0
6bba_ed9377fd,1531,20,0.0,183.0,181.0,0.25527626,2.10055,0.0,2.016139,34.328125,0
6bba_ed9377fd,1532,20,4.0,194.0,93.0,0.39572725,2.1392472,0.06349207,2.5100527,66.24255,1
6bba_ed9377fd,1533,20,0.0,198.0,93.0,0.36803812,1.8298739,0.0,2.13031,40.49646,1
6bba_ed9377fd,1534,20,63.0,61.0,68.0,0.22561017,2.0140297,1.0,1.9454337,30.841675,0
6bba_ed9377fd,1535,20,7.0,174.0,165.0,0.27935,1.7265337,0.11111111,2.5066607,65.974365,0
6bba_ed9377fd,1536,20,0.0,205.0,73.0,0.23788548,0.8393586,0.0,1.9895378,32.987183,0
6bba_ed9377fd,1537,20,0.0,210.0,0.0,0.124316216,0.2485029,0.0,1.5305464,15.018555,0
6bba_ed9377fd,1538,20,15.0,141.0,221.0,0.17693709,1.6201797,0.23809524,2.5168092,66.77893,0
6bba_ed9377fd,1539,20,0.0,163.0,236.0,0.14170818,1.3617542,0.0,2.1350024,40.76465,0
6bba_ed9377fd,1540,20,6.0,164.0,128.0,0.29222876,0.03139828,0.0952381,2.120863,39.960083,0
6bba_ed9377fd,1541,21,49.0,112.0,48.0,1.1848677,4.9423666,0.7777778,2.5434792,68.92444,0
6bba_ed9377fd,1542,21,26.0,163.0,48.0,1.1012702,3.9728787,0.41269842,2.5434792,68.92444,0
6bba_ed9377fd,1543,21,49.0,86.0,164.0,1.1047611,5.725353,0.7777778,2.5434792,68.92444,0
6bba_ed9377fd,1544,21,8.0,191.0,63.0,1.3183119,3.7776747,0.12698413,2.5434792,68.92444,0
6bba_ed9377fd,1545,21,63.0,29.0,211.0,1.0156633,8.88058,1.0,2.1396742,41.032837,0
6bba_ed9377fd,1546,21,38.0,134.0,75.0,1.0018226,3.4706283,0.6031746,2.5434792,68.92444,2
6bba_ed9377fd,1547,21,47.0,101.0,137.0,1.1720576,5.409204,0.74603176,2.5434792,68.92444,0
6bba_ed9377fd,1548,21,38.0,135.0,71.0,0.98213893,3.669569,0.6031746,2.5434792,68.92444,2
6bba_ed9377fd,1549,21,63.0,10.0,251.0,1.2214832,8.36015,1.0,2.1396742,41.032837,1
6bba_ed9377fd,1550,21,37.0,113.0,167.0,1.4409857,3.138885,0.5873016,2.5434792,68.92444,1
6bba_ed9377fd,1551,21,48.0,63.0,227.0,0.925453,3.8302817,0.7619048,2.5434792,68.92444,0
6bba_ed9377fd,1552,21,41.0,134.0,18.0,1.4759653,2.262035,0.6507937,2.5434792,68.92444,0
6bba_ed9377fd,1553,21,7.0,194.0,35.0,1.3240256,3.4302666,0.11111111,2.5434792,68.92444,0
6bba_ed9377fd,1554,21,41.0,120.0,114.0,1.007205,4.3708572,0.6507937,2.5434792,68.92444,0
6bba_ed9377fd,1555,21,29.0,110.0,220.0,1.0487211,2.9901385,0.46031746,2.5434792,68.92444,0
6bba_ed9377fd,1556,21,56.0,74.0,143.0,1.1166859,3.0380864,0.8888889,2.5434792,68.92444,0
6bba_ed9377fd,1557,21,38.0,136.0,65.0,0.82347435,3.1887243,0.6031746,2.5434792,68.92444,2
6bba_ed9377fd,1558,21,54.0,102.0,12.0,1.2965654,2.8383625,0.85714287,2.5401762,68.65625,0
6bba_ed9377fd,1559,21,7.0,145.0,249.0,0.974751,6.3643622,0.11111111,2.5434792,68.92444,0
6bba_ed9377fd,1560,21,52.0,102.0,78.0,0.91060865,2.6574752,0.82539684,2.5434792,68.92444,0
6bba_ed9377fd,1561,21,38.0,108.0,180.0,1.3419666,2.6052723,0.6031746,2.5434792,68.92444,1
6bba_ed9377fd,1562,21,9.0,179.0,124.0,0.8772691,3.0411055,0.14285715,2.5434792,68.92444,0
6bba_ed9377fd,1563,21,56.0,69.0,158.0,1.0343909,2.679808,0.8888889,2.5434792,68.92444,0
6bba_ed9377fd,1564,21,17.0,180.0,0.0,1.1680056,2.9260721,0.26984128,2.1396742,41.032837,0
6bba_ed9377fd,1565,21,34.0,150.0,28.0,0.86844134,2.4195096,0.53968257,2.5434792,68.92444,0
6bba_ed9377fd,1566,21,36.0,101.0,109.0,0.9739911,2.0919306,0.5714286,2.5434792,68.92444,0
6bba_ed9377fd,1567,21,21.0,109.0,202.0,0.9323037,2.3671439,0.33333334,2.5434792,68.92444,0
6bba_ed9377fd,1568,21,18.0,145.0,191.0,0.7444363,3.879647,0.2857143,2.5434792,68.92444,0
6bba_ed9377fd,1569,21,11.0,168.0,29.0,0.9235617,2.0843768,0.17460318,2.5434792,68.92444,0
6bba_ed9377fd,1570,21,48.0,30.0,197.0,0.8438094,2.7484145,0.7619048,2.5434792,68.92444,0
6bba_ed9377fd,1571,21,59.0,78.0,86.0,1.3925734,2.4972496,0.93650794,2.5434792,68.92444,2
6bba_ed9377fd,1572,21,18.0,176.0,74.0,0.8321363,2.299814,0.2857143,2.5401762,68.65625,1
6bba_ed9377fd,1573,21,24.0,153.0,123.0,0.9025581,2.1989272,0.3809524,2.5434792,68.92444,2
6bba_ed9377fd,1574,21,18.0,175.0,82.0,0.8245542,2.3773148,0.2857143,2.5302145,67.851685,1
6bba_ed9377fd,1575,21,57.0,80.0,97.0,1.317912,2.2495556,0.9047619,2.5134354,66.51074,2
6bba_ed9377fd,1576,21,63.0,28.0,75.0,0.94033194,1.9843898,1.0,2.1396742,41.032837,0
6bba_ed9377fd,1577,21,63.0,27.0,93.0,0.9179887,2.0259478,1.0,2.1396742,41.032837,0
6bba_ed9377fd,1578,21,59.0,75.0,98.0,1.3196318,2.1624458,0.93650794,2.5434792,68.92444,2
6bba_ed9377fd,1579,21,7.0,181.0,146.0,0.75375533,3.1451843,0.11111111,2.5434792,68.92444,0
6bba_ed9377fd,1580,21,22.0,113.0,186.0,0.92898977,2.1387105,0.34920636,2.5434792,68.92444,0
6bba_ed9377fd,1581,21,45.0,31.0,214.0,0.81662357,2.3916714,0.71428573,2.5434792,68.92444,1
6bba_ed9377fd,1582,21,12.0,159.0,91.0,0.9304868,1.9488358,0.1904762,2.5434792,68.92444,1
6bba_ed9377fd,1583,21,23.0,158.0,113.0,0.8571511,1.5448226,0.36507937,2.5032594,65.70618,2
6bba_ed9377fd,1584,21,15.0,149.0,101.0,0.9615123,1.6568842,0.23809524,2.5434792,68.92444,1
6bba_ed9377fd,1585,21,26.0,107.0,246.0,0.7142449,2.4594958,0.41269842,2.5434792,68.92444,0
6bba_ed9377fd,1586,21,12.0,152.0,119.0,0.90708333,1.6104552,0.1904762,2.5434792,68.92444,2
6bba_ed9377fd,1587,21,51.0,74.0,192.0,0.61841995,2.9431221,0.8095238,2.5434792,68.92444,0
6bba_ed9377fd,1588,21,9.0,165.0,186.0,0.60643816,3.7103772,0.14285715,2.5302145,67.851685,0
6bba_ed9377fd,1589,21,30.0,136.0,149.0,0.5931653,2.883668,0.47619048,2.5434792,68.92444,0
6bba_ed9377fd,1590,21,8.0,175.0,15.0,0.92856693,1.4323168,0.12698413,2.5434792,68.92444,0
6bba_ed9377fd,1591,21,44.0,92.0,190.0,0.6093408,3.6506095,0.6984127,2.5434792,68.92444,0
6bba_ed9377fd,1592,21,7.0,199.0,9.0,0.61716294,3.03377,0.11111111,2.5401762,68.65625,0
6bba_ed9377fd,1593,21,52.0,43.0,247.0,0.4827017,6.667666,0.82539684,2.5434792,68.92444,0
6bba_ed9377fd,1594,21,0.0,149.0,204.0,0.53675395,2.3607183,0.0,2.1350024,40.76465,0
6bba_ed9377fd,1595,21,57.0,44.0,78.0,0.68303657,1.5463226,0.9047619,2.5434792,68.92444,1
6bba_ed9377fd,1596,21,7.0,163.0,210.0,0.52588034,3.4482787,0.11111111,2.5434792,68.92444,0
6bba_ed9377fd,1597,21,58.0,43.0,72.0,0.6884017,1.6150045,0.9206349,2.5434792,68.92444,1
6bba_ed9377fd,1598,21,63.0,79.0,0.0,0.3933614,2.998636,1.0,1.7794183,23.600586,0
6bba_ed9377fd,1599,21,48.0,18.0,218.0,0.5670478,1.625724,0.7619048,2.5434792,68.92444,1
6bba_ed9377fd,1600,21,63.0,50.0,156.0,0.48315147,2.5330732,1.0,2.1396742,41.032837,0
6bba_ed9377fd,1601,21,63.0,16.0,238.0,0.44273606,1.3138609,1.0,2.1396742,41.032837,1
6bba_ed9377fd,1602,21,0.0,199.0,88.0,0.3880299,1.9367534,0.0,2.1350024,40.76465,1
6bba_ed9377fd,1603,21,63.0,62.0,68.0,0.26862648,2.0982754,1.0,1.9226114,29.76892,0
6bba_ed9377fd,1604,21,4.0,194.0,90.0,0.39251614,1.6505061,0.06349207,2.5032594,65.70618,1
6bba_ed9377fd,1605,21,0.0,185.0,176.0,0.2065398,2.3983092,0.0,1.9732294,32.182617,0
6bba_ed9377fd,1606,21,6.0,176.0,162.0,0.2667055,1.1271315,0.0952381,2.5134354,66.51074,0
6bba_ed9377fd,1607,21,0.0,206.0,74.0,0.20675093,0.8208502,0.0,1.9841315,32.718994,0
6bba_ed9377fd,1608,21,0.0,211.0,29.0,0.2009156,0.2906955,0.0,1.863049,27.087036,0
6bba_ed9377fd,1609,21,0.0,165.0,230.0,0.14497136,1.2770562,0.0,2.13031,40.49646,0
6bba_ed9377fd,1610,21,15.0,143.0,216.0,0.1821366,1.3044986,0.23809524,2.5302145,67.851685,1
6bba_ed9377fd,1611,21,13.0,147.0,213.0,0.20483723,0.7645552,0.20634921,2.4861133,64.365234,1
6bba_ed9377fd,1612,22,49.0,113.0,44.0,1.1453003,4.6941457,0.7777778,2.5434792,68.92444,0
6bba_ed9377fd,1613,22,26.0,164.0,44.0,1.1616929,4.0807195,0.41269842,2.5434792,68.92444,0
6bba_ed9377fd,1614,22,50.0,85.0,162.0,1.1540879,5.379907,0.7936508,2.5434792,68.92444,0
6bba_ed9377fd,1615,22,9.0,190.0,57.0,1.4248673,3.7995234,0.14285715,2.5434792,68.92444,0
6bba_ed9377fd,1616,22,39.0,133.0,68.0,1.0631539,3.7469237,0.61904764,2.5434792,68.92444,2
6bba_ed9377fd,1617,22,38.0,133.0,75.0,1.0121759,3.5207484,0.6031746,2.5434792,68.92444,2
6bba_ed9377fd,1618,22,38.0,113.0,164.0,1.380106,3.2632055,0.6031746,2.5434792,68.92444,0
6bba_ed9377fd,1619,22,48.0,64.0,226.0,0.929184,3.9740834,0.7619048,2.5434792,68.92444,0
6bba_ed9377fd,1620,22,40.0,122.0,108.0,0.9360462,5.057423,0.63492066,2.5434792,68.92444,1
6bba_ed9377fd,1621,22,48.0,99.0,134.0,1.1275305,4.832248,0.7619048,2.5401762,68.65625,0
6bba_ed9377fd,1622,22,40.0,134.0,19.0,1.5327368,2.270786,0.63492066,2.5434792,68.92444,1
6bba_ed9377fd,1623,22,30.0,109.0,217.0,1.1181542,3.1088672,0.47619048,2.5434792,68.92444,0
6bba_ed9377fd,1624,22,39.0,134.0,61.0,0.87309235,3.2214007,0.61904764,2.5434792,68.92444,2
6bba_ed9377fd,1625,22,63.0,32.0,207.0,0.9030357,6.4884663,1.0,2.1396742,41.032837,0
6bba_ed9377fd,1626,22,7.0,146.0,245.0,1.0410131,3.530282,0.11111111,2.5434792,68.92444,1
6bba_ed9377fd,1627,22,7.0,194.0,29.0,1.4013153,3.3058124,0.11111111,2.5434792,68.92444,0
6bba_ed9377fd,1628,22,56.0,75.0,141.0,1.0804551,2.9190817,0.8888889,2.5434792,68.92444,0
6bba_ed9377fd,1629,22,53.0,101.0,69.0,0.9253958,2.9606848,0.84126985,2.5401762,68.65625,1
6bba_ed9377fd,1630,22,40.0,134.0,10.0,1.8470263,2.7937446,0.63492066,2.5434792,68.92444,1
6bba_ed9377fd,1631,22,10.0,179.0,117.0,0.89821565,3.2863593,0.15873016,2.5434792,68.92444,0
6bba_ed9377fd,1632,22,39.0,126.0,105.0,0.82325715,3.1673465,0.61904764,2.5434792,68.92444,1
6bba_ed9377fd,1633,22,52.0,101.0,77.0,0.93007535,2.6971145,0.82539684,2.5434792,68.92444,1
6bba_ed9377fd,1634,22,54.0,101.0,13.0,1.3287796,2.30714,0.85714287,2.5401762,68.65625,1
6bba_ed9377fd,1635,22,55.0,98.0,17.0,1.2773559,2.1253865,0.8730159,2.5368643,68.38806,1
6bba_ed9377fd,1636,22,56.0,70.0,156.0,1.1071953,2.810943,0.8888889,2.5434792,68.92444,0
6bba_ed9377fd,1637,22,34.0,150.0,26.0,0.9903038,2.3401134,0.53968257,2.5434792,68.92444,0
6bba_ed9377fd,1638,22,63.0,13.0,251.0,1.0009022,6.319467,1.0,2.1396742,41.032837,1
6bba_ed9377fd,1639,22,18.0,145.0,190.0,0.7889463,4.232829,0.2857143,2.5434792,68.92444,0
6bba_ed9377fd,1640,22,22.0,107.0,200.0,0.9377661,2.5082157,0.34920636,2.5434792,68.92444,0
6bba_ed9377fd,1641,22,36.0,102.0,108.0,0.9478279,2.3143575,0.5714286,2.5434792,68.92444,0
6bba_ed9377fd,1642,22,8.0,148.0,239.0,0.78692925,2.4664426,0.12698413,2.5335438,68.11987,1
6bba_ed9377fd,1643,22,7.0,181.0,142.0,0.8553798,3.4356365,0.11111111,2.5434792,68.92444,0
6bba_ed9377fd,1644,22,18.0,174.0,79.0,0.85425985,2.7100537,0.2857143,2.5434792,68.92444,0
6bba_ed9377fd,1645,22,60.0,76.0,86.0,1.4055387,2.418595,0.95238096,2.5401762,68.65625,1
6bba_ed9377fd,1646,22,62.0,71.0,97.0,1.1911182,1.5965149,0.984127,2.3316977,53.10132,1
6bba_ed9377fd,1647,22,11.0,167.0,27.0,0.9185165,2.1272752,0.17460318,2.5434792,68.92444,0
6bba_ed9377fd,1648,22,12.0,167.0,11.0,0.9784535,1.9420995,0.1904762,2.5434792,68.92444,1
6bba_ed9377fd,1649,22,25.0,153.0,117.0,0.91279703,1.908468,0.3968254,2.5335438,68.11987,2
6bba_ed9377fd,1650,22,17.0,181.0,0.0,0.6495062,1.3788972,0.26984128,2.1113307,39.423706,0
6bba_ed9377fd,1651,22,49.0,18.0,215.0,0.8098642,2.1487875,0.7777778,2.5434792,68.92444,0
6bba_ed9377fd,1652,22,49.0,27.0,195.0,0.81606925,2.160798,0.7777778,2.5434792,68.92444,0
6bba_ed9377fd,1653,22,16.0,150.0,93.0,0.93311507,1.5959198,0.25396827,2.5434792,68.92444,0
6bba_ed9377fd,1654,22,23.0,113.0,180.0,0.89258754,1.9440325,0.36507937,2.5434792,68.92444,0
6bba_ed9377fd,1655,22,26.0,108.0,242.0,0.7487559,2.466234,0.41269842,2.5434792,68.92444,0
6bba_ed9377fd,1656,22,30.0,136.0,145.0,0.69315547,3.0491016,0.47619048,2.5434792,68.92444,0
6bba_ed9377fd,1657,22,23.0,158.0,107.0,0.8439123,1.2822107,0.36507937,2.5100527,66.24255,1
6bba_ed9377fd,1658,22,13.0,151.0,116.0,0.9263958,1.5787811,0.20634921,2.5434792,68.92444,1
6bba_ed9377fd,1659,22,0.0,149.0,203.0,0.6685958,2.4375255,0.0,2.1350024,40.76465,0
6bba_ed9377fd,1660,22,10.0,164.0,181.0,0.6063754,3.4717045,0.15873016,2.5434792,68.92444,0
6bba_ed9377fd,1661,22,44.0,92.0,185.0,0.63329846,3.9559968,0.6984127,2.5434792,68.92444,0
6bba_ed9377fd,1662,22,63.0,24.0,91.0,0.7009204,1.8106861,1.0,2.1396742,41.032837,1
6bba_ed9377fd,1663,22,8.0,175.0,13.0,0.8889937,1.3746111,0.12698413,2.5434792,68.92444,1
6bba_ed9377fd,1664,22,51.0,74.0,191.0,0.59736484,2.8257456,0.8095238,2.5434792,68.92444,0
6bba_ed9377fd,1665,22,63.0,25.0,80.0,0.7735836,1.6946756,1.0,2.1396742,41.032837,1
6bba_ed9377fd,1666,22,8.0,197.0,4.0,0.58271486,2.1889193,0.12698413,2.5401762,68.65625,0
6bba_ed9377fd,1667,22,59.0,39.0,70.0,0.7197243,1.8223026,0.93650794,2.5434792,68.92444,0
6bba_ed9377fd,1668,22,52.0,42.0,249.0,0.48564428,7.709003,0.82539684,2.5434792,68.92444,0
6bba_ed9377fd,1669,22,7.0,164.0,206.0,0.54090744,2.9425921,0.11111111,2.5434792,68.92444,0
6bba_ed9377fd,1670,22,63.0,51.0,150.0,0.49856517,3.0737522,1.0,2.1350024,40.76465,0
6bba_ed9377fd,1671,22,0.0,184.0,177.0,0.2503623,3.2377627,0.0,2.0265856,34.864502,0
6bba_ed9377fd,1672,22,63.0,77.0,0.0,0.3300576,2.7477334,1.0,1.7726524,23.332397,0
6bba_ed9377fd,1673,22,63.0,15.0,237.0,0.42358887,1.3515902,1.0,2.1396742,41.032837,1
6bba_ed9377fd,1674,22,63.0,61.0,67.0,0.2440759,1.9995288,1.0,1.9510565,31.109863,0
6bba_ed9377fd,1675,22,5.0,193.0,88.0,0.30647308,2.0964668,0.07936508,2.5100527,66.24255,0
6bba_ed9377fd,1676,22,6.0,176.0,158.0,0.26804253,0.8585053,0.0952381,2.4826555,64.097046,0
6bba_ed9377fd,1677,22,0.0,206.0,70.0,0.19307439,1.1039313,0.0,2.016139,34.328125,0
6bba_ed9377fd,1678,22,0.0,211.0,24.0,0.20114595,0.34009364,0.0,1.8317839,25.746094,0
6bba_ed9377fd,1679,22,31.0,65.0,255.0,0.14390601,2.5349092,0.4920635,2.1161075,39.691895,0
6bba_ed9377fd,1680,22,18.0,136.0,214.0,0.16953783,1.3707284,0.2857143,2.5302145,67.851685,0
6bba_ed9377fd,1681,23,49.0,112.0,43.0,1.0985162,5.1099267,0.7777778,2.5434792,68.92444,0
6bba_ed9377fd,1682,23,8.0,191.0,55.0,1.4944434,3.794001,0.12698413,2.5434792,68.92444,1
6bba_ed9377fd,1683,23,25.0,166.0,39.0,1.1562476,4.3818817,0.3968254,2.5434792,68.92444,0
6bba_ed9377fd,1684,23,49.0,85.0,161.0,1.0825177,4.9457355,0.7777778,2.5434792,68.92444,0
6bba_ed9377fd,1685,23,9.0,189.0,63.0,1.4894382,3.647,0.14285715,2.5434792,68.92444,1
6bba_ed9377fd,1686,23,38.0,134.0,65.0,1.0153013,4.014022,0.6031746,2.5434792,68.92444,0
6bba_ed9377fd,1687,23,37.0,113.0,163.0,1.2666142,3.1584222,0.5873016,2.5434792,68.92444,0
6bba_ed9377fd,1688,23,40.0,123.0,106.0,0.97038573,5.132833,0.63492066,2.5434792,68.92444,0
6bba_ed9377fd,1689,23,63.0,35.0,203.0,0.9184111,6.3526173,1.0,2.1396742,41.032837,0
6bba_ed9377fd,1690,23,47.0,65.0,223.0,0.8849083,3.794338,0.74603176,2.5434792,68.92444,0
6bba_ed9377fd,1691,23,10.0,179.0,114.0,0.98201317,3.6056027,0.15873016,2.5434792,68.92444,0
6bba_ed9377fd,1692,23,7.0,146.0,244.0,1.0121816,3.30418,0.11111111,2.5434792,68.92444,0
6bba_ed9377fd,1693,23,30.0,108.0,216.0,1.133627,3.1827826,0.47619048,2.5434792,68.92444,0
6bba_ed9377fd,1694,23,40.0,134.0,17.0,1.678197,2.4364011,0.63492066,2.5434792,68.92444,0
6bba_ed9377fd,1695,23,47.0,100.0,133.0,1.0743014,4.1106,0.74603176,2.5434792,68.92444,0
6bba_ed9377fd,1696,23,56.0,75.0,140.0,1.0334653,3.0556278,0.8888889,2.5434792,68.92444,1
6bba_ed9377fd,1697,23,35.0,148.0,27.0,0.9962575,2.4036036,0.5555556,2.5401762,68.65625,0
6bba_ed9377fd,1698,23,7.0,194.0,27.0,1.3560854,2.9330554,0.11111111,2.5434792,68.92444,0
6bba_ed9377fd,1699,23,53.0,100.0,67.0,0.8551569,2.814564,0.84126985,2.5434792,68.92444,0
6bba_ed9377fd,1700,23,55.0,98.0,16.0,1.2245497,2.2400978,0.8730159,2.5268764,67.583496,0
6bba_ed9377fd,1701,23,56.0,71.0,153.0,1.0536634,2.68432,0.8888889,2.5434792,68.92444,1
6bba_ed9377fd,1702,23,7.0,181.0,140.0,0.8460607,3.3381655,0.11111111,2.5434792,68.92444,1
6bba_ed9377fd,1703,23,36.0,102.0,108.0,0.93511486,2.247382,0.5714286,2.5434792,68.92444,0
6bba_ed9377fd,1704,23,22.0,107.0,198.0,0.9204534,2.1997943,0.34920636,2.5434792,68.92444,0
6bba_ed9377fd,1705,23,18.0,174.0,78.0,0.82149166,2.8974736,0.2857143,2.5434792,68.92444,0
6bba_ed9377fd,1706,23,18.0,145.0,188.0,0.724621,3.9299068,0.2857143,2.5434792,68.92444,0
6bba_ed9377fd,1707,23,63.0,71.0,93.0,1.18698,1.6571075,1.0,2.1396742,41.032837,2
6bba_ed9377fd,1708,23,60.0,14.0,253.0,0.9790969,5.465084,0.95238096,2.4652207,62.756104,0
6bba_ed9377fd,1709,23,63.0,74.0,84.0,1.2126726,1.6339221,1.0,2.13031,40.49646,2
6bba_ed9377fd,1710,23,49.0,19.0,213.0,0.8548712,2.2559445,0.7777778,2.5434792,68.92444,0
6bba_ed9377fd,1711,23,50.0,22.0,197.0,0.8992269,1.9274985,0.7936508,2.5434792,68.92444,1
6bba_ed9377fd,1712,23,49.0,30.0,191.0,0.8298279,1.9521041,0.7777778,2.5434792,68.92444,1
6bba_ed9377fd,1713,23,12.0,167.0,10.0,0.8992498,1.9640765,0.1904762,2.5434792,68.92444,1
6bba_ed9377fd,1714,23,11.0,167.0,24.0,0.8853368,2.0195122,0.17460318,2.5434792,68.92444,1
6bba_ed9377fd,1715,23,24.0,155.0,108.0,0.95547867,1.6056911,0.3809524,2.5401762,68.65625,2
6bba_ed9377fd,1716,23,14.0,155.0,89.0,0.9334236,1.8597635,0.22222222,2.5434792,68.92444,0
6bba_ed9377fd,1717,23,23.0,112.0,180.0,0.8930504,1.8029054,0.36507937,2.5434792,68.92444,0
6bba_ed9377fd,1718,23,57.0,83.0,87.0,1.0168954,1.7873191,0.9047619,2.4964292,65.1698,2
6bba_ed9377fd,1719,23,27.0,105.0,243.0,0.71570194,2.5741136,0.42857143,2.5434792,68.92444,0
6bba_ed9377fd,1720,23,0.0,149.0,201.0,0.7144146,2.4417872,0.0,2.1396742,41.032837,0
6bba_ed9377fd,1721,23,30.0,136.0,143.0,0.66657525,3.0597143,0.47619048,2.5434792,68.92444,0
6bba_ed9377fd,1722,23,24.0,158.0,104.0,0.8308678,1.3619609,0.3809524,2.4546402,61.951538,1
6bba_ed9377fd,1723,23,6.0,186.0,128.0,0.7151077,1.606867,0.0952381,2.5368643,68.38806,1
6bba_ed9377fd,1724,23,13.0,152.0,115.0,0.92869836,1.558327,0.20634921,2.5434792,68.92444,1
6bba_ed9377fd,1725,23,63.0,25.0,76.0,0.7525458,1.8164655,1.0,2.1396742,41.032837,1
6bba_ed9377fd,1726,23,63.0,25.0,89.0,0.67895156,1.8980155,1.0,2.1396742,41.032837,1
6bba_ed9377fd,1727,23,51.0,73.0,190.0,0.5854231,2.8652043,0.8095238,2.5434792,68.92444,0
6bba_ed9377fd,1728,23,9.0,165.0,180.0,0.5814064,3.1198483,0.14285715,2.5434792,68.92444,0
6bba_ed9377fd,1729,23,44.0,92.0,184.0,0.5948622,3.867393,0.6984127,2.5434792,68.92444,0
6bba_ed9377fd,1730,23,8.0,197.0,4.0,0.5698132,1.2621393,0.12698413,2.5434792,68.92444,0
6bba_ed9377fd,1731,23,52.0,41.0,250.0,0.47279978,7.8687863,0.82539684,2.5434792,68.92444,0
6bba_ed9377fd,1732,23,7.0,164.0,205.0,0.52318347,2.7831166,0.11111111,2.5434792,68.92444,0
6bba_ed9377fd,1733,23,63.0,51.0,148.0,0.46636534,2.8861005,1.0,2.1396742,41.032837,0
6bba_ed9377fd,1734,23,16.0,181.0,0.0,0.4944094,0.78869164,0.25396827,2.0265856,34.864502,0
6bba_ed9377fd,1735,23,59.0,42.0,66.0,0.55102646,1.6324707,0.93650794,2.5434792,68.92444,0
6bba_ed9377fd,1736,23,0.0,185.0,175.0,0.2286334,3.3855798,0.0,2.0317688,35.13269,0
6bba_ed9377fd,1737,23,63.0,61.0,64.0,0.28301322,2.3124983,1.0,1.9622055,31.64624,0
6bba_ed9377fd,1738,23,63.0,76.0,0.0,0.2842136,2.8407419,1.0,1.7794183,23.600586,0
6bba_ed9377fd,1739,23,63.0,15.0,236.0,0.4007179,1.3706521,1.0,2.1396742,41.032837,0
6bba_ed9377fd,1740,23,6.0,190.0,90.0,0.2985253,2.027915,0.0952381,2.5100527,66.24255,1
6bba_ed9377fd,1741,23,5.0,192.0,89.0,0.2967426,2.1841588,0.07936508,2.5066607,65.974365,1
6bba_ed9377fd,1742,23,0.0,206.0,71.0,0.18819882,1.4160947,0.0,2.0420563,35.669067,0
6bba_ed9377fd,1743,23,23.0,60.0,255.0,0.16947396,2.1972497,0.36507937,2.1350024,40.76465,1
6bba_ed9377fd,1744,23,30.0,65.0,255.0,0.17548203,2.7685676,0.47619048,2.1113307,39.423706,1
6bba_ed9377fd,1745,23,0.0,211.0,23.0,0.18936972,0.20321923,0.0,1.7927979,24.136963,0
6bba_ed9377fd,1746,23,0.0,159.0,255.0,0.1528134,0.082661465,0.0,1.4738066,13.409424,0
6bba_ed9377fd,1747,23,7.0,164.0,123.0,0.29519993,0.090630054,0.11111111,2.1986353,44.519287,0
6bba_ed9377fd,1748,23,17.0,140.0,211.0,0.17269179,1.3817674,0.26984128,2.5368643,68.38806,0
6bba_ed9377fd,1749,24,49.0,113.0,39.0,1.1441175,4.9950686,0.7777778,2.5434792,68.92444,0
6bba_ed9377fd,1750,24,39.0,134.0,60.0,1.0091249,4.0259647,0.61904764,2.5434792,68.92444,0
6bba_ed9377fd,1751,24,49.0,87.0,159.0,1.0677363,4.933333,0.7777778,2.5434792,68.92444,0
6bba_ed9377fd,1752,24,8.0,192.0,51.0,1.4248902,3.8789973,0.12698413,2.5434792,68.92444,1
6bba_ed9377fd,1753,24,8.0,191.0,57.0,1.4745424,3.8487961,0.12698413,2.5434792,68.92444,1
6bba_ed9377fd,1754,24,24.0,167.0,37.0,1.0557032,3.582266,0.3809524,2.5434792,68.92444,1
6bba_ed9377fd,1755,24,37.0,114.0,160.0,1.2664484,3.210204,0.5873016,2.5434792,68.92444,0
6bba_ed9377fd,1756,24,47.0,68.0,219.0,0.9257443,3.883595,0.74603176,2.5434792,68.92444,0
6bba_ed9377fd,1757,24,7.0,147.0,238.0,0.96755743,3.439558,0.11111111,2.5434792,68.92444,0
6bba_ed9377fd,1758,24,63.0,36.0,199.0,0.8770168,6.032942,1.0,2.1396742,41.032837,0
6bba_ed9377fd,1759,24,30.0,109.0,211.0,1.1147374,3.1095085,0.47619048,2.5434792,68.92444,0
6bba_ed9377fd,1760,24,40.0,133.0,14.0,1.5920625,2.1827824,0.63492066,2.5434792,68.92444,0
6bba_ed9377fd,1761,24,9.0,181.0,110.0,0.9330979,3.547649,0.14285715,2.5434792,68.92444,1
6bba_ed9377fd,1762,24,40.0,123.0,102.0,0.8843427,3.980619,0.63492066,2.5434792,68.92444,1
6bba_ed9377fd,1763,24,56.0,76.0,138.0,1.0189124,2.9804742,0.8888889,2.5434792,68.92444,0
6bba_ed9377fd,1764,24,38.0,128.0,96.0,0.81792057,3.4720078,0.6031746,2.5434792,68.92444,1
6bba_ed9377fd,1765,24,34.0,150.0,22.0,1.0378363,2.4748042,0.53968257,2.5434792,68.92444,0
6bba_ed9377fd,1766,24,52.0,103.0,65.0,0.8575167,2.8317811,0.82539684,2.5434792,68.92444,0
6bba_ed9377fd,1767,24,47.0,101.0,129.0,0.9864527,3.332289,0.74603176,2.5434792,68.92444,0
6bba_ed9377fd,1768,24,56.0,70.0,154.0,1.0423673,2.9694197,0.8888889,2.5434792,68.92444,0
6bba_ed9377fd,1769,24,24.0,169.0,25.0,0.9343492,2.5865433,0.3809524,2.5302145,67.851685,2
6bba_ed9377fd,1770,24,54.0,101.0,9.0,1.1979294,2.4555154,0.85714287,2.5401762,68.65625,0
6bba_ed9377fd,1771,24,18.0,175.0,73.0,0.82932514,3.2321982,0.2857143,2.5434792,68.92444,0
6bba_ed9377fd,1772,24,18.0,146.0,184.0,0.75900054,3.8886065,0.2857143,2.5434792,68.92444,0
6bba_ed9377fd,1773,24,7.0,181.0,137.0,0.855654,3.3745196,0.11111111,2.5434792,68.92444,0
6bba_ed9377fd,1774,24,36.0,102.0,106.0,0.93389213,2.1881182,0.5714286,2.5434792,68.92444,0
6bba_ed9377fd,1775,24,5.0,197.0,20.0,1.3589882,2.8659537,0.07936508,2.5434792,68.92444,1
6bba_ed9377fd,1776,24,63.0,74.0,80.0,1.2677915,1.7990407,1.0,2.1396742,41.032837,2
6bba_ed9377fd,1777,24,23.0,105.0,195.0,0.90851176,2.2791777,0.36507937,2.5434792,68.92444,0
6bba_ed9377fd,1778,24,5.0,198.0,11.0,1.479502,3.5112636,0.07936508,2.5434792,68.92444,1
6bba_ed9377fd,1779,24,49.0,20.0,209.0,0.8542313,2.271203,0.7777778,2.5434792,68.92444,0
6bba_ed9377fd,1780,24,63.0,71.0,90.0,1.1576306,1.5368828,1.0,2.1396742,41.032837,2
6bba_ed9377fd,1781,24,58.0,80.0,83.0,1.3228086,2.652929,0.9206349,2.5401762,68.65625,2
6bba_ed9377fd,1782,24,12.0,167.0,9.0,0.91158,2.001608,0.1904762,2.5434792,68.92444,1
6bba_ed9377fd,1783,24,58.0,16.0,254.0,0.9081564,3.838747,0.9206349,2.3316977,53.10132,1
6bba_ed9377fd,1784,24,24.0,155.0,106.0,0.95806694,1.6567436,0.3809524,2.5434792,68.92444,2
6bba_ed9377fd,1785,24,58.0,19.0,249.0,0.8158693,4.087007,0.9206349,2.5434792,68.92444,1
6bba_ed9377fd,1786,24,30.0,137.0,139.0,0.6864077,3.1403458,0.47619048,2.5434792,68.92444,0
6bba_ed9377fd,1787,24,14.0,156.0,86.0,0.9049349,1.7615856,0.22222222,2.5434792,68.92444,0
6bba_ed9377fd,1788,24,25.0,153.0,114.0,0.86443037,1.7397044,0.3968254,2.5335438,68.11987,2
6bba_ed9377fd,1789,24,11.0,167.0,22.0,0.8911077,2.0051665,0.17460318,2.5434792,68.92444,2
6bba_ed9377fd,1790,24,27.0,106.0,239.0,0.7036059,2.5418856,0.42857143,2.5434792,68.92444,0
6bba_ed9377fd,1791,24,0.0,150.0,195.0,0.71643007,2.2394338,0.0,2.1396742,41.032837,1
6bba_ed9377fd,1792,24,0.0,148.0,201.0,0.690603,2.3401496,0.0,2.1396742,41.032837,1
6bba_ed9377fd,1793,24,13.0,151.0,113.0,0.89549017,1.4973892,0.20634921,2.5434792,68.92444,2
6bba_ed9377fd,1794,24,63.0,23.0,84.0,0.67615867,1.9685878,1.0,2.1396742,41.032837,0
6bba_ed9377fd,1795,24,9.0,165.0,179.0,0.6109635,3.082222,0.14285715,2.5401762,68.65625,0
6bba_ed9377fd,1796,24,49.0,32.0,189.0,0.701309,1.7794484,0.7777778,2.5434792,68.92444,0
6bba_ed9377fd,1797,24,44.0,92.0,181.0,0.60964936,3.7148533,0.6984127,2.5434792,68.92444,0
6bba_ed9377fd,1798,24,51.0,74.0,188.0,0.55067223,2.7028866,0.8095238,2.5434792,68.92444,0
6bba_ed9377fd,1799,24,63.0,51.0,147.0,0.49353606,2.802382,1.0,2.1396742,41.032837,1
6bba_ed9377fd,1800,24,63.0,50.0,153.0,0.49278742,2.692738,1.0,2.1396742,41.032837,1
6bba_ed9377fd,1801,24,7.0,165.0,201.0,0.51837254,2.6190438,0.11111111,2.5434792,68.92444,0
6bba_ed9377fd,1802,24,52.0,41.0,250.0,0.46908015,7.472072,0.82539684,2.5434792,68.92444,0
6bba_ed9377fd,1803,24,63.0,37.0,60.0,0.5904235,1.5433207,1.0,2.1396742,41.032837,0
6bba_ed9377fd,1804,24,63.0,62.0,62.0,0.29522136,2.5775506,1.0,2.016139,34.328125,0
6bba_ed9377fd,1805,24,63.0,15.0,235.0,0.3968213,1.5269471,1.0,2.1350024,40.76465,0
6bba_ed9377fd,1806,24,0.0,187.0,168.0,0.19517627,3.0577993,0.0,2.016139,34.328125,0
6bba_ed9377fd,1807,24,29.0,63.0,255.0,0.2607181,4.2580075,0.46031746,2.1017118,38.88733,0
6bba_ed9377fd,1808,24,0.0,157.0,255.0,0.19833471,0.62993383,0.0,1.6795557,19.845947,0
6bba_ed9377fd,1809,24,6.0,190.0,85.0,0.26729402,1.7654781,0.0952381,2.4964292,65.1698,0
6bba_ed9377fd,1810,24,63.0,75.0,0.0,0.19605942,1.1349361,1.0,1.745058,22.259644,0
6bba_ed9377fd,1811,24,0.0,206.0,68.0,0.16791916,1.0952287,0.0,2.016139,34.328125,0
6bba_ed9377fd,1812,24,6.0,169.0,109.0,0.34119543,0.013486078,0.0952381,2.120863,39.960083,2
6bba_ed9377fd,1813,24,6.0,167.0,116.0,0.31762058,0.030257737,0.0952381,2.1396742,41.032837,1
6bba_ed9377fd,1814,24,17.0,140.0,208.0,0.17620003,1.3350995,0.26984128,2.5302145,67.851685,0
6bba_ed9377fd,1815,25,48.0,115.0,34.0,1.2284864,5.274774,0.7619048,2.5434792,68.92444,0
6bba_ed9377fd,1816,25,8.0,191.0,53.0,1.5163043,3.7697117,0.12698413,2.5434792,68.92444,1
6bba_ed9377fd,1817,25,39.0,134.0,55.0,1.0097648,4.224029,0.61904764,2.5434792,68.92444,0
6bba_ed9377fd,1818,25,38.0,114.0,155.0,1.2687225,2.9298673,0.6031746,2.5434792,68.92444,1
6bba_ed9377fd,1819,25,18.0,146.0,179.0,0.88850224,4.688599,0.2857143,2.5434792,68.92444,0
6bba_ed9377fd,1820,25,7.0,192.0,44.0,1.5152357,3.5045638,0.11111111,2.5434792,68.92444,1
6bba_ed9377fd,1821,25,63.0,38.0,192.0,0.9068364,5.5459185,1.0,2.1396742,41.032837,0
6bba_ed9377fd,1822,25,22.0,169.0,32.0,1.165744,2.983089,0.34920636,2.5434792,68.92444,0
6bba_ed9377fd,1823,25,39.0,126.0,93.0,0.86380756,4.7700953,0.61904764,2.5434792,68.92444,0
6bba_ed9377fd,1824,25,48.0,100.0,127.0,1.1104693,4.1689396,0.7619048,2.5434792,68.92444,0
6bba_ed9377fd,1825,25,31.0,108.0,206.0,1.1647154,2.9346638,0.4920635,2.5434792,68.92444,1
6bba_ed9377fd,1826,25,49.0,88.0,159.0,1.0257405,3.7183673,0.7777778,2.5434792,68.92444,1
6bba_ed9377fd,1827,25,32.0,105.0,211.0,1.2280294,3.327207,0.50793654,2.5434792,68.92444,1
6bba_ed9377fd,1828,25,40.0,133.0,13.0,1.6672208,2.3618631,0.63492066,2.5434792,68.92444,0
6bba_ed9377fd,1829,25,9.0,180.0,105.0,0.9822188,3.652034,0.14285715,2.5434792,68.92444,0
6bba_ed9377fd,1830,25,56.0,75.0,136.0,1.0032054,3.069823,0.8888889,2.5434792,68.92444,2
6bba_ed9377fd,1831,25,18.0,175.0,64.0,0.89813566,3.3863285,0.2857143,2.5434792,68.92444,0
6bba_ed9377fd,1832,25,48.0,63.0,223.0,0.85263145,3.3895967,0.7619048,2.5434792,68.92444,0
6bba_ed9377fd,1833,25,53.0,102.0,60.0,0.8864853,3.1312776,0.84126985,2.5434792,68.92444,0
6bba_ed9377fd,1834,25,6.0,151.0,229.0,0.99396056,3.4872086,0.0952381,2.5434792,68.92444,1
6bba_ed9377fd,1835,25,0.0,200.0,9.0,1.6627126,2.9105625,0.0,2.1396742,41.032837,0
6bba_ed9377fd,1836,25,56.0,70.0,151.0,1.0343109,3.0328717,0.8888889,2.5434792,68.92444,1
6bba_ed9377fd,1837,25,56.0,77.0,131.0,0.83073646,2.6950412,0.8888889,2.5434792,68.92444,1
6bba_ed9377fd,1838,25,8.0,180.0,133.0,0.8853769,3.7863417,0.12698413,2.5434792,68.92444,0
6bba_ed9377fd,1839,25,56.0,72.0,146.0,1.0657593,2.6971626,0.8888889,2.5434792,68.92444,2
6bba_ed9377fd,1840,25,35.0,148.0,20.0,1.0199238,2.2334862,0.5555556,2.5434792,68.92444,0
6bba_ed9377fd,1841,25,63.0,75.0,73.0,1.3793536,2.191571,1.0,2.1396742,41.032837,1
6bba_ed9377fd,1842,25,55.0,98.0,10.0,1.1165602,2.3597984,0.8730159,2.5434792,68.92444,0
6bba_ed9377fd,1843,25,63.0,72.0,84.0,1.2337009,1.7800057,1.0,2.1396742,41.032837,1
6bba_ed9377fd,1844,25,37.0,103.0,100.0,0.9342521,2.4099855,0.5873016,2.5434792,68.92444,0
6bba_ed9377fd,1845,25,7.0,152.0,224.0,0.88310856,2.9958203,0.11111111,2.5401762,68.65625,1
6bba_ed9377fd,1846,25,37.0,111.0,167.0,1.3555427,2.867124,0.5873016,2.5434792,68.92444,1
6bba_ed9377fd,1847,25,24.0,106.0,189.0,1.0347567,2.3272598,0.3809524,2.5434792,68.92444,0
6bba_ed9377fd,1848,25,51.0,25.0,188.0,0.91143143,2.3194404,0.8095238,2.5434792,68.92444,0
6bba_ed9377fd,1849,25,0.0,146.0,204.0,0.78482234,2.5103111,0.0,2.1396742,41.032837,0
6bba_ed9377fd,1850,25,63.0,38.0,56.0,0.80896026,2.4730237,1.0,2.1396742,41.032837,0
6bba_ed9377fd,1851,25,48.0,31.0,202.0,0.8714182,1.8511757,0.7619048,2.5434792,68.92444,0
6bba_ed9377fd,1852,25,0.0,156.0,183.0,0.79845095,2.672588,0.0,2.1396742,41.032837,0
6bba_ed9377fd,1853,25,61.0,12.0,255.0,0.7650091,5.087915,0.96825397,2.0723133,37.2782,0
6bba_ed9377fd,1854,25,31.0,136.0,132.0,0.71111953,3.4719281,0.4920635,2.5434792,68.92444,0
6bba_ed9377fd,1855,25,50.0,16.0,209.0,0.7777987,2.1978097,0.7936508,2.5434792,68.92444,0
6bba_ed9377fd,1856,25,13.0,165.0,7.0,0.9992514,2.0547802,0.20634921,2.5434792,68.92444,2
6bba_ed9377fd,1857,25,15.0,153.0,82.0,0.9466737,1.9043918,0.23809524,2.5434792,68.92444,0
6bba_ed9377fd,1858,25,23.0,157.0,98.0,1.0403104,1.4895252,0.36507937,2.5235295,67.31531,2
6bba_ed9377fd,1859,25,23.0,155.0,109.0,1.0266145,1.5979848,0.36507937,2.5401762,68.65625,4
6bba_ed9377fd,1860,25,24.0,154.0,115.0,0.80452186,1.5658209,0.3809524,2.5168092,66.77893,2
6bba_ed9377fd,1861,25,28.0,104.0,236.0,0.7088226,2.7891188,0.44444445,2.5434792,68.92444,0
6bba_ed9377fd,1862,25,15.0,149.0,111.0,0.97458535,1.4707505,0.23809524,2.5434792,68.92444,3
6bba_ed9377fd,1863,25,12.0,166.0,20.0,1.0146729,1.5266708,0.1904762,2.5434792,68.92444,2
6bba_ed9377fd,1864,25,9.0,167.0,170.0,0.625425,4.3075404,0.14285715,2.5434792,68.92444,0
6bba_ed9377fd,1865,25,17.0,145.0,100.0,1.0009484,1.3402853,0.26984128,2.5434792,68.92444,3
6bba_ed9377fd,1866,25,63.0,24.0,78.0,0.6815717,2.1450777,1.0,2.1396742,41.032837,1
6bba_ed9377fd,1867,25,7.0,177.0,13.0,0.8555969,1.496489,0.11111111,2.5434792,68.92444,3
6bba_ed9377fd,1868,25,45.0,94.0,172.0,0.65221095,1.6819655,0.71428573,2.5401762,68.65625,1
6bba_ed9377fd,1869,25,52.0,72.0,184.0,0.5546776,2.424709,0.82539684,2.5434792,68.92444,0
6bba_ed9377fd,1870,25,0.0,186.0,160.0,0.4027526,3.4474802,0.0,2.1113307,39.423706,0
6bba_ed9377fd,1871,25,60.0,38.0,75.0,0.70967555,1.9005976,0.95238096,2.5401762,68.65625,1
6bba_ed9377fd,1872,25,31.0,57.0,255.0,0.46399468,6.547783,0.4920635,2.1396742,41.032837,0
6bba_ed9377fd,1873,25,52.0,37.0,255.0,0.4870385,5.524478,0.82539684,2.1396742,41.032837,0
6bba_ed9377fd,1874,25,63.0,52.0,144.0,0.48923633,2.8275518,1.0,2.1396742,41.032837,0
6bba_ed9377fd,1875,25,8.0,163.0,197.0,0.49945438,1.9145211,0.12698413,2.5268764,67.583496,0
6bba_ed9377fd,1876,25,0.0,155.0,255.0,0.28382632,3.1784976,0.0,1.7726524,23.332397,0
6bba_ed9377fd,1877,25,63.0,12.0,237.0,0.38851938,2.3077908,1.0,2.13031,40.49646,0
6bba_ed9377fd,1878,25,63.0,60.0,57.0,0.21844079,1.8965288,1.0,1.8992338,28.696167,0
6bba_ed9377fd,1879,25,6.0,192.0,82.0,0.27487046,2.0731227,0.0952381,2.5168092,66.77893,1
6bba_ed9377fd,1880,25,7.0,190.0,84.0,0.28190976,1.880754,0.11111111,2.5201738,67.04712,1
6bba_ed9377fd,1881,25,0.0,205.0,64.0,0.19371744,1.1402761,0.0,1.9841315,32.718994,0
6bba_ed9377fd,1882,25,7.0,176.0,149.0,0.27080798,0.9725157,0.11111111,2.4791882,63.828857,0
6bba_ed9377fd,1883,25,9.0,131.0,255.0,0.20625187,3.310992,0.14285715,2.1396742,41.032837,0
6bba_ed9377fd,1884,25,0.0,210.0,22.0,0.15796646,0.5157075,0.0,1.8932986,28.427979,0
6bba_ed9377fd,1885,25,63.0,74.0,0.0,0.1539107,0.7855237,1.0,1.7165622,21.18689,0
6bba_ed9377fd,1886,25,17.0,182.0,4.0,0.26621416,-0.020732252,0.26984128,2.1113307,39.423706,1
6bba_ed9377fd,1887,26,48.0,114.0,35.0,1.1793541,5.302502,0.7619048,2.5434792,68.92444,0
6bba_ed9377fd,1888,26,39.0,133.0,55.0,1.0194781,4.2074785,0.61904764,2.5434792,68.92444,1
6bba_ed9377fd,1889,26,38.0,115.0,151.0,1.3173234,3.224831,0.6031746,2.5434792,68.92444,1
6bba_ed9377fd,1890,26,18.0,145.0,181.0,0.8835485,4.7679343,0.2857143,2.5434792,68.92444,0
6bba_ed9377fd,1891,26,49.0,88.0,159.0,1.1306672,4.635935,0.7777778,2.5434792,68.92444,2
6bba_ed9377fd,1892,26,8.0,191.0,51.0,1.2888863,3.1301577,0.12698413,2.5434792,68.92444,1
6bba_ed9377fd,1893,26,22.0,169.0,31.0,1.1641499,2.9450428,0.34920636,2.5434792,68.92444,1
6bba_ed9377fd,1894,26,39.0,125.0,94.0,0.8962329,4.9400134,0.61904764,2.5434792,68.92444,0
6bba_ed9377fd,1895,26,9.0,181.0,102.0,0.96764886,3.9185376,0.14285715,2.5434792,68.92444,0
6bba_ed9377fd,1896,26,7.0,193.0,40.0,1.463795,3.751952,0.11111111,2.5434792,68.92444,1
6bba_ed9377fd,1897,26,41.0,132.0,13.0,1.6285675,2.5642016,0.6507937,2.5434792,68.92444,0
6bba_ed9377fd,1898,26,32.0,106.0,207.0,1.1872333,3.095489,0.50793654,2.5434792,68.92444,1
6bba_ed9377fd,1899,26,63.0,38.0,190.0,0.89823693,5.3696494,1.0,2.1396742,41.032837,0
6bba_ed9377fd,1900,26,32.0,104.0,211.0,1.1860619,3.1219497,0.50793654,2.5434792,68.92444,1
6bba_ed9377fd,1901,26,40.0,133.0,48.0,0.8458493,3.0726185,0.63492066,2.5302145,67.851685,1
6bba_ed9377fd,1902,26,8.0,181.0,131.0,0.94000584,3.7994566,0.12698413,2.5434792,68.92444,0
6bba_ed9377fd,1903,26,18.0,175.0,62.0,0.8658987,3.3784373,0.2857143,2.5434792,68.92444,0
6bba_ed9377fd,1904,26,48.0,63.0,222.0,0.8360159,3.6025214,0.7619048,2.5434792,68.92444,0
6bba_ed9377fd,1905,26,0.0,200.0,8.0,1.4598966,3.2960505,0.0,2.1396742,41.032837,1
6bba_ed9377fd,1906,26,48.0,100.0,125.0,0.9755852,3.3308227,0.7619048,2.5434792,68.92444,0
6bba_ed9377fd,1907,26,6.0,150.0,232.0,0.9202306,3.4101505,0.0952381,2.5434792,68.92444,1
6bba_ed9377fd,1908,26,63.0,75.0,71.0,1.3456758,1.9879092,1.0,2.1396742,41.032837,1
6bba_ed9377fd,1909,26,35.0,148.0,19.0,1.036505,2.3383174,0.5555556,2.5401762,68.65625,0
6bba_ed9377fd,1910,26,56.0,73.0,139.0,0.92792696,2.699526,0.8888889,2.5434792,68.92444,1
6bba_ed9377fd,1911,26,63.0,9.0,255.0,0.8192704,6.1409764,1.0,1.7994134,24.405151,0
6bba_ed9377fd,1912,26,37.0,112.0,163.0,1.3361559,2.8928804,0.5873016,2.5434792,68.92444,1
6bba_ed9377fd,1913,26,55.0,97.0,13.0,1.0726901,2.2198534,0.8730159,2.5368643,68.38806,1
6bba_ed9377fd,1914,26,53.0,101.0,61.0,0.8073558,2.7026181,0.84126985,2.5434792,68.92444,0
6bba_ed9377fd,1915,26,56.0,69.0,151.0,1.0140615,2.7521217,0.8888889,2.5434792,68.92444,1
6bba_ed9377fd,1916,26,7.0,152.0,224.0,0.8353359,2.9076035,0.11111111,2.5434792,68.92444,1
6bba_ed9377fd,1917,26,37.0,103.0,100.0,0.91892785,2.3802707,0.5873016,2.5434792,68.92444,0
6bba_ed9377fd,1918,26,63.0,72.0,82.0,1.2699126,1.727861,1.0,2.1396742,41.032837,1
6bba_ed9377fd,1919,26,24.0,106.0,190.0,0.97254556,2.2115364,0.3809524,2.5434792,68.92444,0
6bba_ed9377fd,1920,26,0.0,146.0,204.0,0.8237789,2.4749465,0.0,2.1396742,41.032837,0
6bba_ed9377fd,1921,26,31.0,135.0,132.0,0.75406957,3.4709482,0.4920635,2.5434792,68.92444,0
6bba_ed9377fd,1922,26,56.0,95.0,18.0,0.83967274,1.8006686,0.8888889,2.5302145,67.851685,1
6bba_ed9377fd,1923,26,28.0,105.0,234.0,0.7613832,2.7805986,0.44444445,2.5434792,68.92444,0
6bba_ed9377fd,1924,26,50.0,17.0,209.0,0.7789815,2.3209736,0.7936508,2.5434792,68.92444,0
6bba_ed9377fd,1925,26,51.0,24.0,188.0,0.8560254,1.9467744,0.8095238,2.5434792,68.92444,2
6bba_ed9377fd,1926,26,49.0,32.0,188.0,0.8664073,2.0173812,0.7777778,2.5434792,68.92444,2
6bba_ed9377fd,1927,26,16.0,153.0,81.0,0.9468337,1.9863398,0.25396827,2.5434792,68.92444,0
6bba_ed9377fd,1928,26,48.0,33.0,199.0,0.85483694,1.9281555,0.7619048,2.5434792,68.92444,2
6bba_ed9377fd,1929,26,0.0,156.0,184.0,0.790245,2.5335612,0.0,2.1396742,41.032837,0
6bba_ed9377fd,1930,26,22.0,155.0,111.0,0.91550535,1.4071376,0.34920636,2.5434792,68.92444,2
6bba_ed9377fd,1931,26,16.0,147.0,110.0,0.9743625,1.5898982,0.25396827,2.5434792,68.92444,1
6bba_ed9377fd,1932,26,13.0,166.0,7.0,0.9510162,1.9391685,0.20634921,2.5434792,68.92444,1
6bba_ed9377fd,1933,26,22.0,157.0,100.0,1.0105189,1.3220289,0.34920636,2.5434792,68.92444,2
6bba_ed9377fd,1934,26,23.0,159.0,94.0,0.8544599,1.1834052,0.36507937,2.4826555,64.097046,1
6bba_ed9377fd,1935,26,11.0,167.0,22.0,0.92002493,1.3099936,0.17460318,2.5434792,68.92444,2
6bba_ed9377fd,1936,26,63.0,25.0,76.0,0.71663165,1.9888283,1.0,2.1396742,41.032837,0
6bba_ed9377fd,1937,26,8.0,168.0,169.0,0.59014267,4.1805587,0.12698413,2.5434792,68.92444,0
6bba_ed9377fd,1938,26,63.0,38.0,56.0,0.6933863,2.0401297,1.0,2.1396742,41.032837,0
6bba_ed9377fd,1939,26,7.0,176.0,12.0,0.8984442,1.5985447,0.11111111,2.5434792,68.92444,3
6bba_ed9377fd,1940,26,52.0,71.0,185.0,0.55854005,2.5723183,0.82539684,2.5434792,68.92444,1
6bba_ed9377fd,1941,26,0.0,186.0,159.0,0.42144865,4.014961,0.0,2.120863,39.960083,0
6bba_ed9377fd,1942,26,53.0,72.0,179.0,0.5740928,2.3224235,0.84126985,2.5434792,68.92444,1
6bba_ed9377fd,1943,26,30.0,59.0,255.0,0.49181804,6.503932,0.47619048,2.1396742,41.032837,0
6bba_ed9377fd,1944,26,45.0,95.0,172.0,0.5643452,1.6988332,0.71428573,2.5368643,68.38806,2
6bba_ed9377fd,1945,26,45.0,96.0,169.0,0.6035014,1.4161347,0.71428573,2.5401762,68.65625,3
6bba_ed9377fd,1946,26,53.0,35.0,255.0,0.46310216,5.915412,0.84126985,2.1396742,41.032837,0
6bba_ed9377fd,1947,26,63.0,53.0,142.0,0.45362934,2.210877,1.0,2.13031,40.49646,0
6bba_ed9377fd,1948,26,45.0,98.0,161.0,0.5780581,0.8206613,0.71428573,2.5168092,66.77893,3
6bba_ed9377fd,1949,26,8.0,164.0,196.0,0.51228166,2.0442324,0.12698413,2.5268764,67.583496,0
6bba_ed9377fd,1950,26,0.0,155.0,255.0,0.3125817,3.8413491,0.0,1.7861332,23.868774,0
6bba_ed9377fd,1951,26,63.0,11.0,237.0,0.35157833,2.3768048,1.0,2.1350024,40.76465,0
6bba_ed9377fd,1952,26,6.0,193.0,77.0,0.28165263,2.2145529,0.0952381,2.4964292,65.1698,0
6bba_ed9377fd,1953,26,10.0,132.0,255.0,0.21300855,3.3627405,0.15873016,2.1350024,40.76465,1
6bba_ed9377fd,1954,26,0.0,205.0,65.0,0.20404442,1.5391226,0.0,2.0471616,35.937256,0
6bba_ed9377fd,1955,26,0.0,210.0,19.0,0.197758,0.4957446,0.0,1.8932986,28.427979,1
6bba_ed9377fd,1956,26,7.0,140.0,255.0,0.20615588,1.8073409,0.11111111,2.1350024,40.76465,1
6bba_ed9377fd,1957,26,63.0,59.0,57.0,0.18223873,1.2225487,1.0,1.8444173,26.28247,0
6bba_ed9377fd,1958,26,17.0,183.0,5.0,0.2679397,-0.010844706,0.26984128,2.120863,39.960083,1
6bba_ed9377fd,1959,26,6.0,170.0,115.0,0.3180377,0.13026145,0.0952381,2.1763353,43.178345,0
6bba_ed9377fd,1960,26,63.0,73.0,0.0,0.13104516,0.7647123,1.0,1.6945525,20.382324,0
6bba_ed9377fd,1961,27,49.0,114.0,41.0,1.1846678,5.4382863,0.7777778,2.5434792,68.92444,0
6bba_ed9377fd,1962,27,49.0,89.0,159.0,1.0744213,4.9827037,0.7777778,2.5434792,68.92444,1
6bba_ed9377fd,1963,27,38.0,116.0,151.0,1.3726325,3.2355485,0.6031746,2.5434792,68.92444,1
6bba_ed9377fd,1964,27,39.0,133.0,60.0,0.9472166,3.6335618,0.61904764,2.5434792,68.92444,0
6bba_ed9377fd,1965,27,19.0,145.0,183.0,0.8536771,4.898319,0.3015873,2.5434792,68.92444,0
6bba_ed9377fd,1966,27,7.0,193.0,51.0,1.3124725,2.7379534,0.11111111,2.5434792,68.92444,1
6bba_ed9377fd,1967,27,41.0,132.0,16.0,1.5784239,2.5377758,0.6507937,2.5434792,68.92444,0
6bba_ed9377fd,1968,27,33.0,105.0,213.0,1.2348686,3.204218,0.52380955,2.5434792,68.92444,1
6bba_ed9377fd,1969,27,32.0,109.0,205.0,1.246199,2.9880917,0.50793654,2.5434792,68.92444,1
6bba_ed9377fd,1970,27,48.0,65.0,222.0,0.8610078,3.807674,0.7619048,2.5434792,68.92444,0
6bba_ed9377fd,1971,27,22.0,169.0,32.0,1.0791179,2.7207215,0.34920636,2.5434792,68.92444,2
6bba_ed9377fd,1972,27,7.0,151.0,231.0,0.9482793,3.519983,0.11111111,2.5434792,68.92444,1
6bba_ed9377fd,1973,27,63.0,11.0,255.0,0.8505269,6.694609,1.0,1.7994134,24.405151,1
6bba_ed9377fd,1974,27,10.0,181.0,105.0,0.8712011,3.6094716,0.15873016,2.5434792,68.92444,0
6bba_ed9377fd,1975,27,40.0,125.0,97.0,0.8392156,5.0401816,0.63492066,2.5434792,68.92444,0
6bba_ed9377fd,1976,27,48.0,101.0,126.0,0.97396827,3.297171,0.7619048,2.5434792,68.92444,0
6bba_ed9377fd,1977,27,18.0,175.0,65.0,0.8361473,3.3758776,0.2857143,2.5434792,68.92444,0
6bba_ed9377fd,1978,27,35.0,148.0,22.0,1.0219178,2.3713682,0.5555556,2.5434792,68.92444,0
6bba_ed9377fd,1979,27,54.0,100.0,63.0,0.86188203,2.9524136,0.85714287,2.5434792,68.92444,0
6bba_ed9377fd,1980,27,63.0,75.0,71.0,1.4134827,2.0780413,1.0,2.1396742,41.032837,2
6bba_ed9377fd,1981,27,38.0,113.0,163.0,1.2999537,2.6775649,0.6031746,2.5434792,68.92444,1
6bba_ed9377fd,1982,27,7.0,193.0,56.0,0.9417199,2.018932,0.11111111,2.5368643,68.38806,1
6bba_ed9377fd,1983,27,0.0,201.0,9.0,1.6807656,3.1580155,0.0,2.1396742,41.032837,1
6bba_ed9377fd,1984,27,56.0,96.0,19.0,1.0034854,2.2063172,0.8888889,2.5368643,68.38806,0
6bba_ed9377fd,1985,27,57.0,74.0,139.0,0.92167044,2.7599888,0.9047619,2.5434792,68.92444,1
6bba_ed9377fd,1986,27,63.0,73.0,84.0,1.4496176,2.111058,1.0,2.1396742,41.032837,2
6bba_ed9377fd,1987,27,6.0,149.0,240.0,0.8079444,2.6539938,0.0952381,2.5434792,68.92444,1
6bba_ed9377fd,1988,27,32.0,135.0,135.0,0.7691367,3.2309003,0.50793654,2.5434792,68.92444,0
6bba_ed9377fd,1989,27,38.0,102.0,102.0,0.8796403,2.290463,0.6031746,2.5434792,68.92444,0
6bba_ed9377fd,1990,27,63.0,39.0,189.0,0.7932202,3.870899,1.0,2.1396742,41.032837,0
6bba_ed9377fd,1991,27,51.0,29.0,191.0,0.96332926,2.7542722,0.8095238,2.5434792,68.92444,1
6bba_ed9377fd,1992,27,57.0,69.0,152.0,0.98455006,2.513186,0.9047619,2.5434792,68.92444,1
6bba_ed9377fd,1993,27,0.0,146.0,206.0,0.870644,2.5043445,0.0,2.1396742,41.032837,0
6bba_ed9377fd,1994,27,8.0,182.0,130.0,0.7831925,2.598543,0.12698413,2.5434792,68.92444,0
6bba_ed9377fd,1995,27,25.0,106.0,192.0,0.9309781,1.9517082,0.3968254,2.5434792,68.92444,1
6bba_ed9377fd,1996,27,0.0,157.0,185.0,0.82648546,2.4323218,0.0,2.1396742,41.032837,0
6bba_ed9377fd,1997,27,49.0,30.0,203.0,0.8977299,2.2217634,0.7777778,2.5434792,68.92444,1
6bba_ed9377fd,1998,27,25.0,111.0,178.0,0.872321,1.9285918,0.3968254,2.5434792,68.92444,1
6bba_ed9377fd,1999,27,23.0,170.0,18.0,0.8995754,1.6630747,0.36507937,2.5100527,66.24255,3
6bba_ed9377fd,2000,27,13.0,167.0,8.0,0.92821836,1.890712,0.20634921,2.5434792,68.92444,2
6bba_ed9377fd,2001,27,29.0,106.0,234.0,0.7372484,2.682405,0.46031746,2.5434792,68.92444,0
6bba_ed9377fd,2002,27,16.0,148.0,113.0,0.9510505,1.6760447,0.25396827,2.5434792,68.92444,2
6bba_ed9377fd,2003,27,52.0,16.0,211.0,0.7449105,2.3701994,0.82539684,2.5434792,68.92444,0
6bba_ed9377fd,2004,27,22.0,156.0,113.0,0.8746807,1.3896571,0.34920636,2.5434792,68.92444,2
6bba_ed9377fd,2005,27,16.0,154.0,84.0,0.89289045,1.7665639,0.25396827,2.5434792,68.92444,0
6bba_ed9377fd,2006,27,23.0,158.0,101.0,0.9468909,1.3428206,0.36507937,2.5434792,68.92444,3
6bba_ed9377fd,2007,27,0.0,186.0,159.0,0.4753966,4.1491437,0.0,2.1350024,40.76465,0
6bba_ed9377fd,2008,27,24.0,159.0,96.0,0.8128868,1.1977378,0.3809524,2.475711,63.56067,1
6bba_ed9377fd,2009,27,58.0,83.0,80.0,1.028603,1.4122223,0.9206349,2.4826555,64.097046,2
6bba_ed9377fd,2010,27,18.0,145.0,101.0,0.95983243,1.3944983,0.2857143,2.5434792,68.92444,2
6bba_ed9377fd,2011,27,10.0,166.0,173.0,0.5786123,3.6625845,0.15873016,2.5434792,68.92444,0
6bba_ed9377fd,2012,27,63.0,33.0,71.0,0.8091522,1.876082,1.0,2.1396742,41.032837,0
6bba_ed9377fd,2013,27,8.0,176.0,11.0,0.8835485,1.5646989,0.12698413,2.5434792,68.92444,2
6bba_ed9377fd,2014,27,12.0,167.0,23.0,0.89854705,1.2205327,0.1904762,2.5434792,68.92444,3
6bba_ed9377fd,2015,27,8.0,174.0,24.0,0.83979267,1.3734156,0.12698413,2.5434792,68.92444,2
6bba_ed9377fd,2016,27,53.0,70.0,186.0,0.5515864,2.6363637,0.84126985,2.5434792,68.92444,1
6bba_ed9377fd,2017,27,45.0,96.0,174.0,0.5530319,2.2947242,0.71428573,2.5401762,68.65625,1
6bba_ed9377fd,2018,27,53.0,73.0,179.0,0.55645454,2.446135,0.84126985,2.5434792,68.92444,1
6bba_ed9377fd,2019,27,54.0,34.0,255.0,0.44315836,7.182605,0.85714287,2.1396742,41.032837,0
6bba_ed9377fd,2020,27,45.0,99.0,164.0,0.5205437,0.8323276,0.71428573,2.5302145,67.851685,2
6bba_ed9377fd,2021,27,63.0,53.0,145.0,0.43399268,1.6406834,1.0,2.0723133,37.2782,0
6bba_ed9377fd,2022,27,0.0,156.0,255.0,0.29387942,2.5239642,0.0,1.7794183,23.600586,0
6bba_ed9377fd,2023,27,31.0,61.0,255.0,0.32820824,5.8107686,0.4920635,2.092004,38.350952,0
6bba_ed9377fd,2024,27,8.0,164.0,197.0,0.4921065,1.3687662,0.12698413,2.5401762,68.65625,0
6bba_ed9377fd,2025,27,0.0,206.0,66.0,0.2578772,2.0174718,0.0,2.0673318,37.01001,1
6bba_ed9377fd,2026,27,63.0,11.0,240.0,0.33636615,1.552199,1.0,2.0772712,37.546387,1
6bba_ed9377fd,2027,27,0.0,211.0,20.0,0.2318486,0.6688967,0.0,1.8752661,27.623413,1
6bba_ed9377fd,2028,27,0.0,198.0,73.0,0.29817742,1.9485943,0.0,2.1396742,41.032837,2
6bba_ed9377fd,2029,27,4.0,192.0,77.0,0.27866435,1.857731,0.06349207,2.499849,65.43799,1
6bba_ed9377fd,2030,27,63.0,61.0,57.0,0.19517627,1.228816,1.0,1.863049,27.087036,0
6bba_ed9377fd,2031,27,4.0,138.0,255.0,0.20332459,1.4153422,0.06349207,2.0822053,37.814575,0
6bba_ed9377fd,2032,27,63.0,73.0,0.0,0.15786417,1.1929823,1.0,1.745058,22.259644,0
6bba_ed9377fd,2033,28,49.0,114.0,43.0,1.0667478,5.236561,0.7777778,2.5434792,68.92444,0
6bba_ed9377fd,2034,28,49.0,90.0,159.0,1.0329683,5.405432,0.7777778,2.5434792,68.92444,1
6bba_ed9377fd,2035,28,39.0,117.0,150.0,1.4629264,3.3561792,0.61904764,2.5434792,68.92444,1
6bba_ed9377fd,2036,28,39.0,134.0,65.0,0.90810037,3.6936944,0.61904764,2.5434792,68.92444,1
6bba_ed9377fd,2037,28,19.0,146.0,186.0,0.87356085,4.5496283,0.3015873,2.5434792,68.92444,0
6bba_ed9377fd,2038,28,9.0,183.0,106.0,0.94690233,3.650556,0.14285715,2.5434792,68.92444,0
6bba_ed9377fd,2039,28,7.0,194.0,54.0,1.2929314,3.2074125,0.11111111,2.5434792,68.92444,1
6bba_ed9377fd,2040,28,33.0,107.0,212.0,1.215859,3.1649032,0.52380955,2.5434792,68.92444,1
6bba_ed9377fd,2041,28,41.0,133.0,19.0,1.6385837,2.5681221,0.6507937,2.5434792,68.92444,1
6bba_ed9377fd,2042,28,42.0,132.0,10.0,1.7709194,2.7600012,0.6666667,2.5434792,68.92444,1
6bba_ed9377fd,2043,28,7.0,152.0,233.0,1.0127245,3.3254519,0.11111111,2.5434792,68.92444,1
6bba_ed9377fd,2044,28,32.0,110.0,206.0,1.262963,2.9915826,0.50793654,2.5434792,68.92444,1
6bba_ed9377fd,2045,28,40.0,126.0,99.0,0.83193636,4.5248275,0.63492066,2.5434792,68.92444,0
6bba_ed9377fd,2046,28,49.0,63.0,225.0,0.8485975,3.8555458,0.7777778,2.5434792,68.92444,0
6bba_ed9377fd,2047,28,22.0,171.0,34.0,1.2027404,2.639482,0.34920636,2.5434792,68.92444,1
6bba_ed9377fd,2048,28,6.0,151.0,238.0,1.0049367,3.2598143,0.0952381,2.5434792,68.92444,1
6bba_ed9377fd,2049,28,8.0,182.0,133.0,0.8800802,3.2959216,0.12698413,2.5434792,68.92444,0
6bba_ed9377fd,2050,28,35.0,149.0,25.0,1.0125701,2.5824702,0.5555556,2.5434792,68.92444,0
6bba_ed9377fd,2051,28,63.0,76.0,70.0,1.4038945,2.0981276,1.0,2.1396742,41.032837,1
6bba_ed9377fd,2052,28,41.0,133.0,53.0,0.7812213,3.023159,0.6507937,2.5268764,67.583496,1
6bba_ed9377fd,2053,28,38.0,115.0,161.0,1.3518287,2.6809008,0.6031746,2.5434792,68.92444,1
6bba_ed9377fd,2054,28,6.0,196.0,42.0,1.5615054,3.883831,0.0952381,2.5434792,68.92444,1
6bba_ed9377fd,2055,28,48.0,102.0,127.0,0.9180366,2.6832993,0.7619048,2.5434792,68.92444,0
6bba_ed9377fd,2056,28,0.0,202.0,7.0,1.6784428,4.846708,0.0,2.1396742,41.032837,0
6bba_ed9377fd,2057,28,56.0,96.0,19.0,1.0546861,2.4184935,0.8888889,2.5335438,68.11987,1
6bba_ed9377fd,2058,28,0.0,147.0,209.0,0.96502644,2.5408735,0.0,2.1396742,41.032837,0
6bba_ed9377fd,2059,28,63.0,75.0,82.0,1.4419779,2.0914123,1.0,2.1396742,41.032837,1
6bba_ed9377fd,2060,28,32.0,136.0,137.0,0.79312295,3.1401944,0.50793654,2.5434792,68.92444,0
6bba_ed9377fd,2061,28,57.0,73.0,142.0,0.93135524,2.5254376,0.9047619,2.5434792,68.92444,0
6bba_ed9377fd,2062,28,56.0,98.0,11.0,1.1683836,2.5035665,0.8888889,2.5302145,67.851685,1
6bba_ed9377fd,2063,28,18.0,176.0,68.0,0.7980482,2.9528623,0.2857143,2.5434792,68.92444,0
6bba_ed9377fd,2064,28,54.0,100.0,66.0,0.7921916,2.4880261,0.85714287,2.5434792,68.92444,1
6bba_ed9377fd,2065,28,0.0,158.0,186.0,0.8805869,2.4243338,0.0,2.1396742,41.032837,0
6bba_ed9377fd,2066,28,37.0,107.0,103.0,0.85176295,2.2746024,0.5873016,2.5434792,68.92444,1
6bba_ed9377fd,2067,28,22.0,158.0,116.0,0.9389831,1.7449877,0.34920636,2.5434792,68.92444,2
6bba_ed9377fd,2068,28,58.0,67.0,156.0,1.0062222,2.7739148,0.9206349,2.5434792,68.92444,0
6bba_ed9377fd,2069,28,26.0,110.0,179.0,0.9184079,2.0462818,0.41269842,2.5434792,68.92444,1
6bba_ed9377fd,2070,28,26.0,107.0,186.0,0.95289606,2.0432067,0.41269842,2.5434792,68.92444,1
6bba_ed9377fd,2071,28,29.0,107.0,235.0,0.7404138,2.6617727,0.46031746,2.5434792,68.92444,0
6bba_ed9377fd,2072,28,52.0,106.0,67.0,0.7147192,2.0368197,0.82539684,2.5335438,68.11987,1
6bba_ed9377fd,2073,28,13.0,168.0,9.0,0.9242702,1.9199554,0.20634921,2.5434792,68.92444,1
6bba_ed9377fd,2074,28,17.0,147.0,113.0,0.9754767,1.7209637,0.26984128,2.5434792,68.92444,1
6bba_ed9377fd,2075,28,39.0,97.0,114.0,0.8668472,1.8107469,0.61904764,2.5434792,68.92444,1
6bba_ed9377fd,2076,28,52.0,16.0,211.0,0.74994427,2.2163892,0.82539684,2.5434792,68.92444,0
6bba_ed9377fd,2077,28,50.0,32.0,192.0,0.8176577,1.8973752,0.7936508,2.5434792,68.92444,3
6bba_ed9377fd,2078,28,17.0,153.0,86.0,0.9158939,1.8062594,0.26984128,2.5434792,68.92444,0
6bba_ed9377fd,2079,28,51.0,28.0,192.0,0.84033555,1.8853374,0.8095238,2.5434792,68.92444,2
6bba_ed9377fd,2080,28,63.0,28.0,77.0,0.7555306,2.1245594,1.0,2.1396742,41.032837,0
6bba_ed9377fd,2081,28,49.0,32.0,200.0,0.8237714,1.7611798,0.7777778,2.5434792,68.92444,2
6bba_ed9377fd,2082,28,63.0,38.0,192.0,0.7304809,2.9042013,1.0,2.1396742,41.032837,1
6bba_ed9377fd,2083,28,22.0,160.0,104.0,0.93253225,1.2272639,0.34920636,2.5434792,68.92444,2
6bba_ed9377fd,2084,28,0.0,187.0,160.0,0.5185953,4.2561545,0.0,2.1350024,40.76465,0
6bba_ed9377fd,2085,28,9.0,169.0,171.0,0.6195055,4.404977,0.14285715,2.5434792,68.92444,0
6bba_ed9377fd,2086,28,23.0,162.0,98.0,0.7780216,1.150032,0.36507937,2.458177,62.219727,1
6bba_ed9377fd,2087,28,8.0,178.0,13.0,0.86731005,1.565648,0.12698413,2.5434792,68.92444,1
6bba_ed9377fd,2088,28,53.0,71.0,186.0,0.56616217,2.5708718,0.84126985,2.5434792,68.92444,1
6bba_ed9377fd,2089,28,53.0,74.0,179.0,0.579098,2.5302494,0.84126985,2.5434792,68.92444,1
6bba_ed9377fd,2090,28,9.0,174.0,28.0,0.8435809,1.1312118,0.14285715,2.5434792,68.92444,1
6bba_ed9377fd,2091,28,63.0,40.0,59.0,0.65245265,1.8627908,1.0,2.1396742,41.032837,0
6bba_ed9377fd,2092,28,63.0,12.0,255.0,0.5491439,4.259059,1.0,1.7994134,24.405151,1
6bba_ed9377fd,2093,28,45.0,97.0,174.0,0.55958563,2.693383,0.71428573,2.5434792,68.92444,2
6bba_ed9377fd,2094,28,46.0,95.0,178.0,0.50889915,2.9878082,0.73015875,2.5401762,68.65625,2
6bba_ed9377fd,2095,28,55.0,32.0,255.0,0.47595325,6.905874,0.8730159,2.1396742,41.032837,0
6bba_ed9377fd,2096,28,0.0,157.0,255.0,0.40749702,1.5858525,0.0,1.7794183,23.600586,0
6bba_ed9377fd,2097,28,45.0,99.0,168.0,0.54288447,1.3984776,0.71428573,2.5401762,68.65625,3
6bba_ed9377fd,2098,28,8.0,167.0,196.0,0.45969248,1.269073,0.12698413,2.5201738,67.04712,0
6bba_ed9377fd,2099,28,63.0,52.0,146.0,0.381446,1.6764677,1.0,2.0772712,37.546387,1
6bba_ed9377fd,2100,28,63.0,50.0,153.0,0.38665745,1.4055939,1.0,2.0968692,38.61914,1
6bba_ed9377fd,2101,28,63.0,11.0,242.0,0.32933113,1.9933115,1.0,2.1113307,39.423706,1
6bba_ed9377fd,2102,28,0.0,207.0,66.0,0.25586173,1.3892885,0.0,2.0822053,37.814575,0
6bba_ed9377fd,2103,28,0.0,212.0,22.0,0.2068469,0.9222665,0.0,1.9340899,30.305298,0
6bba_ed9377fd,2104,28,7.0,193.0,72.0,0.27867576,0.9689752,0.11111111,2.4652207,62.756104,0
6bba_ed9377fd,2105,28,34.0,61.0,255.0,0.1986218,3.0320878,0.53968257,2.1113307,39.423706,1
6bba_ed9377fd,2106,28,26.0,58.0,255.0,0.18418702,2.2318852,0.41269842,2.1396742,41.032837,1
6bba_ed9377fd,2107,28,7.0,140.0,255.0,0.2362059,0.669847,0.11111111,2.0369256,35.40088,0
6bba_ed9377fd,2108,28,63.0,62.0,57.0,0.19527224,0.9600612,1.0,1.85688,26.818848,0
6bba_ed9377fd,2109,28,63.0,74.0,0.0,0.14458376,0.97866476,1.0,1.6945525,20.382324,0
6bba_ed9377fd,2110,28,25.0,163.0,51.0,0.1616643,0.7126921,0.3968254,2.4223385,59.53784,0
6bba_ed9377fd,2111,29,49.0,115.0,45.0,1.2250181,5.605139,0.7777778,2.5434792,68.92444,0
6bba_ed9377fd,2112,29,50.0,91.0,156.0,1.0748212,5.668812,0.7936508,2.5434792,68.92444,0
6bba_ed9377fd,2113,29,40.0,134.0,65.0,0.9858813,3.784829,0.63492066,2.5434792,68.92444,1
6bba_ed9377fd,2114,29,39.0,118.0,151.0,1.5295258,3.3113768,0.61904764,2.5434792,68.92444,1
6bba_ed9377fd,2115,29,42.0,133.0,12.0,1.7214042,2.598516,0.6666667,2.5434792,68.92444,1
6bba_ed9377fd,2116,29,49.0,64.0,226.0,0.90231806,4.0257125,0.7777778,2.5434792,68.92444,0
6bba_ed9377fd,2117,29,41.0,134.0,25.0,1.7763646,2.6868818,0.6507937,2.5434792,68.92444,1
6bba_ed9377fd,2118,29,33.0,108.0,210.0,1.2708824,2.9407752,0.52380955,2.5434792,68.92444,1
6bba_ed9377fd,2119,29,9.0,184.0,105.0,0.9003297,3.749128,0.14285715,2.5434792,68.92444,0
6bba_ed9377fd,2120,29,19.0,145.0,189.0,0.83463895,4.2669616,0.3015873,2.5434792,68.92444,0
6bba_ed9377fd,2121,29,63.0,78.0,71.0,1.3690171,2.1333802,1.0,2.1396742,41.032837,1
6bba_ed9377fd,2122,29,7.0,153.0,233.0,0.96671754,3.2362192,0.11111111,2.5434792,68.92444,1
6bba_ed9377fd,2123,29,41.0,133.0,56.0,0.8503632,3.2074647,0.6507937,2.5434792,68.92444,1
6bba_ed9377fd,2124,29,0.0,203.0,4.0,1.6756213,6.1049256,0.0,2.1396742,41.032837,1
6bba_ed9377fd,2125,29,39.0,115.0,162.0,1.396493,2.619721,0.61904764,2.5434792,68.92444,1
6bba_ed9377fd,2126,29,6.0,152.0,239.0,0.9563985,3.1004913,0.0952381,2.5434792,68.92444,1
6bba_ed9377fd,2127,29,35.0,150.0,26.0,1.0827519,2.3764374,0.5555556,2.5434792,68.92444,1
6bba_ed9377fd,2128,29,63.0,76.0,83.0,1.3968885,2.148053,1.0,2.1396742,41.032837,1
6bba_ed9377fd,2129,29,8.0,183.0,133.0,0.85958505,3.2180336,0.12698413,2.5434792,68.92444,0
6bba_ed9377fd,2130,29,6.0,195.0,54.0,1.1212168,2.6446443,0.0952381,2.5434792,68.92444,2
6bba_ed9377fd,2131,29,21.0,173.0,34.0,1.2325774,2.3060994,0.33333334,2.5434792,68.92444,2
6bba_ed9377fd,2132,29,5.0,197.0,41.0,1.5861318,4.4574175,0.07936508,2.5434792,68.92444,2
6bba_ed9377fd,2133,29,6.0,196.0,45.0,1.4031209,3.0232782,0.0952381,2.5434792,68.92444,2
6bba_ed9377fd,2134,29,35.0,151.0,13.0,0.97164845,1.8829631,0.5555556,2.5434792,68.92444,1
6bba_ed9377fd,2135,29,54.0,102.0,67.0,0.8811887,2.6779346,0.85714287,2.5434792,68.92444,0
6bba_ed9377fd,2136,29,39.0,128.0,101.0,0.7687996,4.5294833,0.61904764,2.5434792,68.92444,0
6bba_ed9377fd,2137,29,56.0,99.0,11.0,1.1965351,2.7504475,0.8888889,2.5401762,68.65625,1
6bba_ed9377fd,2138,29,56.0,98.0,22.0,1.0545148,2.3478005,0.8888889,2.5401762,68.65625,1
6bba_ed9377fd,2139,29,0.0,188.0,160.0,0.59114337,5.265454,0.0,2.1350024,40.76465,0
6bba_ed9377fd,2140,29,57.0,73.0,144.0,1.0264773,2.4653745,0.9047619,2.5434792,68.92444,0
6bba_ed9377fd,2141,29,38.0,106.0,105.0,0.8858797,2.3483841,0.6031746,2.5434792,68.92444,0
6bba_ed9377fd,2142,29,32.0,136.0,139.0,0.80117357,3.0404043,0.50793654,2.5434792,68.92444,0
6bba_ed9377fd,2143,29,48.0,104.0,127.0,0.94226277,2.3757925,0.7619048,2.5434792,68.92444,0
6bba_ed9377fd,2144,29,18.0,176.0,70.0,0.80402476,2.9995182,0.2857143,2.5434792,68.92444,0
6bba_ed9377fd,2145,29,22.0,172.0,25.0,1.3221687,2.4257035,0.34920636,2.5434792,68.92444,2
6bba_ed9377fd,2146,29,0.0,147.0,210.0,0.9021047,2.3066497,0.0,2.1396742,41.032837,0
6bba_ed9377fd,2147,29,22.0,159.0,118.0,0.9306182,1.8221048,0.34920636,2.5434792,68.92444,1
6bba_ed9377fd,2148,29,26.0,110.0,182.0,0.9531817,2.0579226,0.41269842,2.5434792,68.92444,0
6bba_ed9377fd,2149,29,58.0,67.0,158.0,1.077541,2.5772908,0.9206349,2.5434792,68.92444,0
6bba_ed9377fd,2150,29,31.0,107.0,234.0,0.77854156,2.7383347,0.4920635,2.5434792,68.92444,0
6bba_ed9377fd,2151,29,0.0,158.0,189.0,0.89103866,2.427736,0.0,2.1396742,41.032837,0
6bba_ed9377fd,2152,29,53.0,25.0,195.0,0.9730768,2.2341702,0.84126985,2.5434792,68.92444,0
6bba_ed9377fd,2153,29,27.0,107.0,197.0,1.0093933,1.2982793,0.42857143,2.5434792,68.92444,1
6bba_ed9377fd,2154,29,18.0,147.0,113.0,0.9884811,1.7832865,0.2857143,2.5434792,68.92444,1
6bba_ed9377fd,2155,29,50.0,26.0,212.0,0.854317,1.8711737,0.7936508,2.5434792,68.92444,0
6bba_ed9377fd,2156,29,63.0,36.0,70.0,0.8586757,2.0111756,1.0,2.1396742,41.032837,0
6bba_ed9377fd,2157,29,63.0,39.0,190.0,0.7204418,2.8476322,1.0,2.1396742,41.032837,0
6bba_ed9377fd,2158,29,13.0,169.0,11.0,0.9223504,1.6441025,0.20634921,2.5434792,68.92444,1
6bba_ed9377fd,2159,29,16.0,154.0,91.0,0.9221561,1.6937143,0.25396827,2.5434792,68.92444,0
6bba_ed9377fd,2160,29,10.0,169.0,175.0,0.6084895,4.069434,0.15873016,2.5368643,68.38806,0
6bba_ed9377fd,2161,29,8.0,178.0,14.0,0.91961926,1.5746428,0.12698413,2.5434792,68.92444,1
6bba_ed9377fd,2162,29,10.0,172.0,33.0,0.9040493,1.0958797,0.15873016,2.5434792,68.92444,2
6bba_ed9377fd,2163,29,54.0,74.0,180.0,0.622471,2.7837412,0.85714287,2.5434792,68.92444,1
6bba_ed9377fd,2164,29,54.0,71.0,187.0,0.6059354,2.5467856,0.85714287,2.5434792,68.92444,1
6bba_ed9377fd,2165,29,46.0,97.0,174.0,0.593748,3.6174126,0.73015875,2.5434792,68.92444,0
6bba_ed9377fd,2166,29,9.0,195.0,12.0,0.6465029,1.221554,0.14285715,2.4964292,65.1698,2
6bba_ed9377fd,2167,29,56.0,32.0,255.0,0.48379448,7.781469,0.8888889,2.1396742,41.032837,0
6bba_ed9377fd,2168,29,0.0,159.0,255.0,0.34846947,1.098856,0.0,1.7165622,21.18689,0
6bba_ed9377fd,2169,29,9.0,164.0,204.0,0.44276842,1.2786605,0.14285715,2.5134354,66.51074,1
6bba_ed9377fd,2170,29,9.0,165.0,201.0,0.45495582,1.26245,0.14285715,2.5134354,66.51074,1
6bba_ed9377fd,2171,29,63.0,52.0,150.0,0.38034227,1.0788814,1.0,2.0317688,35.13269,1
6bba_ed9377fd,2172,29,63.0,51.0,153.0,0.38198343,1.1354973,1.0,2.0369256,35.40088,1
6bba_ed9377fd,2173,29,63.0,9.0,255.0,0.36704263,2.6878607,1.0,1.7994134,24.405151,1
6bba_ed9377fd,2174,29,63.0,12.0,243.0,0.3069496,2.3678021,1.0,2.0968692,38.61914,1
6bba_ed9377fd,2175,29,0.0,208.0,67.0,0.2536831,1.4556162,0.0,2.0055833,33.791748,0
6bba_ed9377fd,2176,29,7.0,193.0,71.0,0.29661122,0.9990862,0.11111111,2.4861133,64.365234,0
6bba_ed9377fd,2177,29,5.0,199.0,24.0,0.36916414,0.4375988,0.07936508,2.3816502,56.58777,2
6bba_ed9377fd,2178,29,0.0,211.0,26.0,0.24087031,0.74719524,0.0,1.9732294,32.182617,1
6bba_ed9377fd,2179,29,63.0,76.0,0.0,0.17708284,1.9142826,1.0,1.7092885,20.918701,0
6bba_ed9377fd,2180,29,7.0,139.0,255.0,0.22598445,0.5712827,0.11111111,2.0055833,33.791748,0
6bba_ed9377fd,2181,29,35.0,61.0,255.0,0.15498163,2.710285,0.5555556,2.0871162,38.082764,1
6bba_ed9377fd,2182,29,26.0,58.0,255.0,0.13903046,1.9565543,0.41269842,2.13031,40.49646,1
6bba_ed9377fd,2183,29,63.0,62.0,55.0,0.15632527,0.9381805,1.0,1.8691776,27.355225,0
6bba_ed9377fd,2184,29,25.0,163.0,50.0,0.16236709,0.7752461,0.3968254,2.4439676,61.146973,0
6bba_ed9377fd,2185,30,47.0,121.0,47.0,1.180588,5.8070993,0.74603176,2.5434792,68.92444,0
6bba_ed9377fd,2186,30,39.0,137.0,65.0,1.0773182,3.8585148,0.61904764,2.5434792,68.92444,1
6bba_ed9377fd,2187,30,50.0,92.0,152.0,0.988224,6.5731826,0.7936508,2.5434792,68.92444,0
6bba_ed9377fd,2188,30,0.0,203.0,32.0,1.6586142,3.8987765,0.0,2.1396742,41.032837,1
6bba_ed9377fd,2189,30,0.0,204.0,0.0,1.3860998,4.725767,0.0,1.7994134,24.405151,1
6bba_ed9377fd,2190,30,0.0,158.0,240.0,1.0682868,3.0694497,0.0,2.1396742,41.032837,0
6bba_ed9377fd,2191,30,38.0,122.0,145.0,1.6748543,3.3326604,0.6031746,2.5434792,68.92444,1
6bba_ed9377fd,2192,30,0.0,201.0,44.0,1.306105,2.4572904,0.0,2.1396742,41.032837,1
6bba_ed9377fd,2193,30,41.0,136.0,12.0,1.6798596,2.6443942,0.6507937,2.5434792,68.92444,1
6bba_ed9377fd,2194,30,40.0,137.0,26.0,1.7408423,2.8155322,0.63492066,2.5434792,68.92444,1
6bba_ed9377fd,2195,30,38.0,120.0,157.0,1.5553119,2.764839,0.6031746,2.5434792,68.92444,1
6bba_ed9377fd,2196,30,32.0,113.0,206.0,1.1328899,2.708599,0.50793654,2.5434792,68.92444,0
6bba_ed9377fd,2197,30,53.0,105.0,66.0,0.92200756,2.817937,0.84126985,2.5434792,68.92444,1
6bba_ed9377fd,2198,30,48.0,67.0,227.0,0.85171723,3.724921,0.7619048,2.5434792,68.92444,0
6bba_ed9377fd,2199,30,40.0,137.0,53.0,0.8193661,2.6216283,0.63492066,2.5368643,68.38806,1
6bba_ed9377fd,2200,30,53.0,104.0,75.0,0.95748985,2.7959335,0.84126985,2.5401762,68.65625,1
6bba_ed9377fd,2201,30,55.0,103.0,11.0,1.1895702,2.8386629,0.8730159,2.5368643,68.38806,1
6bba_ed9377fd,2202,30,18.0,145.0,198.0,0.82523984,4.6287646,0.2857143,2.5434792,68.92444,0
6bba_ed9377fd,2203,30,55.0,103.0,19.0,1.1059554,2.4757395,0.8730159,2.5335438,68.11987,1
6bba_ed9377fd,2204,30,7.0,188.0,108.0,0.9284527,3.0628777,0.11111111,2.5434792,68.92444,1
6bba_ed9377fd,2205,30,7.0,189.0,104.0,0.8933818,3.1718643,0.11111111,2.5434792,68.92444,1
6bba_ed9377fd,2206,30,63.0,44.0,59.0,0.92374736,2.5191617,1.0,2.1396742,41.032837,0
6bba_ed9377fd,2207,30,38.0,132.0,103.0,0.76734835,4.568924,0.6031746,2.5434792,68.92444,0
6bba_ed9377fd,2208,30,34.0,154.0,11.0,0.94696516,2.1531384,0.53968257,2.5401762,68.65625,1
6bba_ed9377fd,2209,30,19.0,177.0,33.0,1.347789,2.3978105,0.3015873,2.5434792,68.92444,2
6bba_ed9377fd,2210,30,34.0,153.0,24.0,0.9582154,1.981135,0.53968257,2.5401762,68.65625,1
6bba_ed9377fd,2211,30,63.0,81.0,66.0,1.1507299,1.8274455,1.0,2.1350024,40.76465,1
6bba_ed9377fd,2212,30,57.0,76.0,140.0,1.0368365,2.69785,0.9047619,2.5434792,68.92444,1
6bba_ed9377fd,2213,30,0.0,150.0,209.0,0.98927945,2.6120675,0.0,2.1396742,41.032837,1
6bba_ed9377fd,2214,30,17.0,179.0,67.0,0.79330003,3.261861,0.26984128,2.5434792,68.92444,0
6bba_ed9377fd,2215,30,7.0,186.0,134.0,0.8591279,2.8983903,0.11111111,2.5434792,68.92444,0
6bba_ed9377fd,2216,30,20.0,164.0,119.0,0.9427941,2.4428973,0.31746033,2.5401762,68.65625,0
6bba_ed9377fd,2217,30,38.0,107.0,105.0,0.88955927,2.2654963,0.6031746,2.5434792,68.92444,0
6bba_ed9377fd,2218,30,57.0,73.0,149.0,1.1486256,2.8116212,0.9047619,2.5434792,68.92444,1
6bba_ed9377fd,2219,30,47.0,108.0,124.0,0.924853,2.1164412,0.74603176,2.5401762,68.65625,0
6bba_ed9377fd,2220,30,20.0,176.0,22.0,1.423599,2.3479533,0.31746033,2.5434792,68.92444,1
6bba_ed9377fd,2221,30,26.0,113.0,177.0,0.9531074,2.0614014,0.41269842,2.5434792,68.92444,0
6bba_ed9377fd,2222,30,0.0,152.0,198.0,0.9867745,2.1903436,0.0,2.1396742,41.032837,1
6bba_ed9377fd,2223,30,30.0,141.0,139.0,0.7646058,2.963384,0.47619048,2.5434792,68.92444,0
6bba_ed9377fd,2224,30,53.0,19.0,212.0,0.9065006,1.9607075,0.84126985,2.5434792,68.92444,1
6bba_ed9377fd,2225,30,52.0,31.0,193.0,0.9007925,2.1757083,0.82539684,2.5434792,68.92444,1
6bba_ed9377fd,2226,30,60.0,80.0,79.0,1.2232814,2.207239,0.95238096,2.5401762,68.65625,1
6bba_ed9377fd,2227,30,29.0,111.0,232.0,0.7499329,2.8937433,0.46031746,2.5434792,68.92444,0
6bba_ed9377fd,2228,30,17.0,149.0,115.0,0.8542999,1.9059469,0.26984128,2.5434792,68.92444,0
6bba_ed9377fd,2229,30,50.0,30.0,209.0,0.8985927,1.6709914,0.7936508,2.5434792,68.92444,1
6bba_ed9377fd,2230,30,9.0,176.0,8.0,0.96770597,1.6910516,0.14285715,2.5434792,68.92444,0
6bba_ed9377fd,2231,30,63.0,41.0,192.0,0.7427466,2.61363,1.0,2.1396742,41.032837,1
6bba_ed9377fd,2232,30,8.0,176.0,34.0,0.92178476,1.1431834,0.12698413,2.5434792,68.92444,1
6bba_ed9377fd,2233,30,16.0,160.0,83.0,0.768074,2.0773664,0.25396827,2.5434792,68.92444,0
6bba_ed9377fd,2234,30,15.0,157.0,102.0,0.92822415,1.5679406,0.23809524,2.5401762,68.65625,0
6bba_ed9377fd,2235,30,46.0,98.0,171.0,0.6333385,5.090899,0.73015875,2.5434792,68.92444,0
6bba_ed9377fd,2236,30,10.0,167.0,177.0,0.5878172,2.9910293,0.15873016,2.5401762,68.65625,0
6bba_ed9377fd,2237,30,7.0,198.0,11.0,0.6878875,1.5836095,0.11111111,2.5434792,68.92444,1
6bba_ed9377fd,2238,30,63.0,31.0,75.0,0.6676744,1.7244414,1.0,2.1396742,41.032837,0
6bba_ed9377fd,2239,30,52.0,75.0,188.0,0.54015326,2.7050738,0.82539684,2.5434792,68.92444,0
6bba_ed9377fd,2240,30,63.0,13.0,255.0,0.5463684,3.9467804,1.0,1.7994134,24.405151,1
6bba_ed9377fd,2241,30,0.0,191.0,156.0,0.31993508,3.334667,0.0,2.0369256,35.40088,0
6bba_ed9377fd,2242,30,55.0,34.0,255.0,0.48172146,4.3547926,0.8730159,2.1396742,41.032837,0
6bba_ed9377fd,2243,30,63.0,52.0,156.0,0.39665812,1.9321145,1.0,2.13031,40.49646,1
6bba_ed9377fd,2244,30,63.0,54.0,149.0,0.40919256,1.3855221,1.0,2.0772712,37.546387,1
6bba_ed9377fd,2245,30,7.0,171.0,197.0,0.41106293,1.2451128,0.11111111,2.5168092,66.77893,1
6bba_ed9377fd,2246,30,7.0,168.0,203.0,0.43392926,1.3119434,0.11111111,2.5268764,67.583496,1
6bba_ed9377fd,2247,30,63.0,15.0,242.0,0.3583446,2.1889312,1.0,2.125597,40.22827,1
6bba_ed9377fd,2248,30,6.0,195.0,63.0,0.30348483,1.1834891,0.0952381,2.472224,63.29248,0
6bba_ed9377fd,2249,30,0.0,162.0,255.0,0.22318505,0.22342177,0.0,1.5213813,14.750366,0
6bba_ed9377fd,2250,30,63.0,79.0,0.0,0.19302575,3.1509395,1.0,1.7589635,22.79602,0
6bba_ed9377fd,2251,30,63.0,65.0,55.0,0.20957264,1.2858628,1.0,1.8506696,26.55066,0
6bba_ed9377fd,2252,30,34.0,65.0,255.0,0.20475465,3.227507,0.53968257,2.1350024,40.76465,1
6bba_ed9377fd,2253,30,6.0,142.0,250.0,0.22484672,1.0102967,0.0952381,2.4895616,64.63342,1
6bba_ed9377fd,2254,30,25.0,62.0,255.0,0.17115353,1.9141334,0.3968254,2.1396742,41.032837,1
6bba_ed9377fd,2255,30,0.0,209.0,66.0,0.16844702,0.7635823,0.0,1.9732294,32.182617,0
6bba_ed9377fd,2256,30,7.0,136.0,255.0,0.18163408,1.2129511,0.11111111,2.092004,38.350952,1
6bba_ed9377fd,2257,31,0.0,205.0,33.0,1.3585653,3.9812865,0.0,2.1396742,41.032837,1
6bba_ed9377fd,2258,31,0.0,203.0,42.0,1.2454674,3.3630533,0.0,2.1396742,41.032837,1
6bba_ed9377fd,2259,31,0.0,159.0,240.0,1.1602027,3.3604517,0.0,2.1396742,41.032837,1
6bba_ed9377fd,2260,31,47.0,121.0,47.0,1.1483456,5.4106817,0.74603176,2.5434792,68.92444,0
6bba_ed9377fd,2261,31,38.0,138.0,65.0,1.0663822,3.573154,0.6031746,2.5434792,68.92444,0
6bba_ed9377fd,2262,31,0.0,162.0,233.0,1.1252483,2.8852382,0.0,2.1396742,41.032837,1
6bba_ed9377fd,2263,31,50.0,92.0,149.0,0.9978115,5.2538075,0.7936508,2.5434792,68.92444,0
6bba_ed9377fd,2264,31,38.0,124.0,143.0,1.6936184,3.1924133,0.6031746,2.5434792,68.92444,1
6bba_ed9377fd,2265,31,37.0,133.0,102.0,0.91594535,5.2775297,0.5873016,2.5434792,68.92444,0
6bba_ed9377fd,2266,31,40.0,136.0,25.0,1.7696339,2.7442784,0.63492066,2.5434792,68.92444,1
6bba_ed9377fd,2267,31,41.0,136.0,13.0,1.700532,2.4963484,0.6507937,2.5434792,68.92444,1
6bba_ed9377fd,2268,31,37.0,121.0,156.0,1.6674209,3.0283425,0.5873016,2.5434792,68.92444,1
6bba_ed9377fd,2269,31,63.0,16.0,255.0,0.87661976,6.9726076,1.0,1.7994134,24.405151,1
6bba_ed9377fd,2270,31,32.0,115.0,202.0,1.2295492,2.5499015,0.50793654,2.5434792,68.92444,2
6bba_ed9377fd,2271,31,48.0,69.0,227.0,0.897827,3.69452,0.7619048,2.5434792,68.92444,0
6bba_ed9377fd,2272,31,63.0,46.0,60.0,0.9493536,2.5867171,1.0,2.1396742,41.032837,0
6bba_ed9377fd,2273,31,19.0,178.0,35.0,1.2955885,2.498856,0.3015873,2.5434792,68.92444,1
6bba_ed9377fd,2274,31,55.0,103.0,21.0,1.0421902,2.3944557,0.8730159,2.5401762,68.65625,1
6bba_ed9377fd,2275,31,17.0,179.0,67.0,0.8406212,3.305981,0.26984128,2.5434792,68.92444,0
6bba_ed9377fd,2276,31,34.0,154.0,10.0,1.0292028,2.1346743,0.53968257,2.5434792,68.92444,0
6bba_ed9377fd,2277,31,53.0,105.0,66.0,0.9066891,2.7312484,0.84126985,2.5434792,68.92444,0
6bba_ed9377fd,2278,31,63.0,82.0,66.0,1.2467057,2.1463878,1.0,2.1350024,40.76465,1
6bba_ed9377fd,2279,31,7.0,188.0,110.0,0.92664146,3.087501,0.11111111,2.5434792,68.92444,1
6bba_ed9377fd,2280,31,55.0,103.0,11.0,1.1859019,2.5572736,0.8730159,2.5302145,67.851685,1
6bba_ed9377fd,2281,31,0.0,204.0,0.0,1.3178746,3.410983,0.0,1.7994134,24.405151,1
6bba_ed9377fd,2282,31,57.0,77.0,138.0,1.0659078,2.5205665,0.9047619,2.5434792,68.92444,3
6bba_ed9377fd,2283,31,19.0,165.0,119.0,0.92940116,2.3575664,0.3015873,2.5434792,68.92444,1
6bba_ed9377fd,2284,31,46.0,109.0,123.0,1.0263518,2.2786732,0.73015875,2.5434792,68.92444,2
6bba_ed9377fd,2285,31,0.0,151.0,208.0,0.97401935,2.4864383,0.0,2.1396742,41.032837,0
6bba_ed9377fd,2286,31,19.0,167.0,107.0,0.99183506,2.035605,0.3015873,2.5434792,68.92444,2
6bba_ed9377fd,2287,31,32.0,119.0,192.0,1.256398,2.0707452,0.50793654,2.5434792,68.92444,2
6bba_ed9377fd,2288,31,7.0,185.0,136.0,0.8008708,3.146701,0.11111111,2.5434792,68.92444,0
6bba_ed9377fd,2289,31,26.0,117.0,174.0,0.9798134,2.0646412,0.41269842,2.5434792,68.92444,0
6bba_ed9377fd,2290,31,57.0,74.0,147.0,1.2060944,2.8091679,0.9047619,2.5434792,68.92444,4
6bba_ed9377fd,2291,31,58.0,78.0,133.0,0.8393699,1.9314812,0.9206349,2.5401762,68.65625,2
6bba_ed9377fd,2292,31,58.0,71.0,151.0,1.1770685,2.816859,0.9206349,2.5434792,68.92444,3
6bba_ed9377fd,2293,31,38.0,111.0,98.0,0.801465,2.4116294,0.6031746,2.5434792,68.92444,0
6bba_ed9377fd,2294,31,18.0,144.0,198.0,0.7418194,4.0021386,0.2857143,2.5434792,68.92444,0
6bba_ed9377fd,2295,31,53.0,19.0,214.0,0.8767834,2.084749,0.84126985,2.5434792,68.92444,1
6bba_ed9377fd,2296,31,60.0,82.0,80.0,1.2470057,2.4436944,0.95238096,2.5335438,68.11987,1
6bba_ed9377fd,2297,31,7.0,190.0,100.0,0.7311919,2.7085118,0.11111111,2.5434792,68.92444,1
6bba_ed9377fd,2298,31,52.0,32.0,194.0,0.95780414,2.1540687,0.82539684,2.5434792,68.92444,3
6bba_ed9377fd,2299,31,31.0,141.0,136.0,0.7318717,3.0471995,0.4920635,2.5434792,68.92444,0
6bba_ed9377fd,2300,31,30.0,112.0,228.0,0.7382654,2.8023193,0.47619048,2.5434792,68.92444,0
6bba_ed9377fd,2301,31,50.0,33.0,206.0,0.9474851,1.8328344,0.7936508,2.5434792,68.92444,2
6bba_ed9377fd,2302,31,26.0,111.0,194.0,1.0641252,1.3280604,0.41269842,2.5434792,68.92444,2
6bba_ed9377fd,2303,31,59.0,68.0,156.0,0.91059154,1.9832882,0.93650794,2.5401762,68.65625,2
6bba_ed9377fd,2304,31,54.0,23.0,200.0,0.90776896,1.6153136,0.85714287,2.5434792,68.92444,3
6bba_ed9377fd,2305,31,39.0,101.0,118.0,0.9458453,1.7430762,0.61904764,2.5434792,68.92444,2
6bba_ed9377fd,2306,31,39.0,101.0,124.0,0.91980207,1.6997439,0.61904764,2.5434792,68.92444,2
6bba_ed9377fd,2307,31,17.0,149.0,110.0,0.89766705,1.7168158,0.26984128,2.5434792,68.92444,1
6bba_ed9377fd,2308,31,11.0,173.0,12.0,0.93504626,1.6036154,0.17460318,2.5434792,68.92444,0
6bba_ed9377fd,2309,31,16.0,160.0,85.0,0.83309054,1.9072871,0.25396827,2.5434792,68.92444,0
6bba_ed9377fd,2310,31,15.0,159.0,102.0,0.9733341,1.5380251,0.23809524,2.5434792,68.92444,2
6bba_ed9377fd,2311,31,12.0,164.0,178.0,0.63670385,3.5072389,0.1904762,2.5434792,68.92444,0
6bba_ed9377fd,2312,31,7.0,198.0,9.0,0.8035733,1.8042954,0.11111111,2.5368643,68.38806,1
6bba_ed9377fd,2313,31,63.0,42.0,192.0,0.74131656,2.3596864,1.0,2.1396742,41.032837,1
6bba_ed9377fd,2314,31,9.0,176.0,32.0,0.9160768,0.84771717,0.14285715,2.5434792,68.92444,1
6bba_ed9377fd,2315,31,46.0,100.0,164.0,0.6062326,3.977914,0.73015875,2.5434792,68.92444,0
6bba_ed9377fd,2316,31,53.0,74.0,187.0,0.56008273,2.776614,0.84126985,2.5434792,68.92444,0
6bba_ed9377fd,2317,31,55.0,37.0,250.0,0.4743139,6.7122674,0.8730159,2.5434792,68.92444,0
6bba_ed9377fd,2318,31,0.0,194.0,152.0,0.24147497,2.3044653,0.0,2.0002632,33.52356,0
6bba_ed9377fd,2319,31,7.0,170.0,198.0,0.422319,1.2148179,0.11111111,2.5268764,67.583496,0
6bba_ed9377fd,2320,31,6.0,195.0,57.0,0.37981454,1.4370973,0.0952381,2.5168092,66.77893,0
6bba_ed9377fd,2321,31,63.0,53.0,151.0,0.37950724,1.8505211,1.0,2.120863,39.960083,0
6bba_ed9377fd,2322,31,63.0,15.0,241.0,0.3571737,1.1781033,1.0,2.057296,36.473633,1
6bba_ed9377fd,2323,31,0.0,162.0,255.0,0.18868504,0.16177797,0.0,1.5027121,14.213989,0
6bba_ed9377fd,2324,31,63.0,78.0,0.0,0.18181084,3.1252747,1.0,1.7726524,23.332397,0
6bba_ed9377fd,2325,31,63.0,66.0,54.0,0.21108904,1.255602,1.0,1.85688,26.818848,0
6bba_ed9377fd,2326,31,51.0,51.0,255.0,0.22174235,1.3408831,0.8095238,2.1065323,39.155518,1
6bba_ed9377fd,2327,31,33.0,67.0,255.0,0.19086696,2.4573135,0.52380955,2.0871162,38.082764,1
6bba_ed9377fd,2328,31,25.0,63.0,255.0,0.16622038,1.9068751,0.3968254,2.125597,40.22827,1
6bba_ed9377fd,2329,31,7.0,143.0,236.0,0.20077479,0.75126237,0.11111111,2.451093,61.68335,1
6bba_ed9377fd,2330,31,41.0,54.0,255.0,0.19909206,1.7779835,0.6507937,2.1396742,41.032837,1
6bba_ed9377fd,2331,31,6.0,144.0,238.0,0.21623613,0.57259864,0.0952381,2.433201,60.342407,1
6bba_ed9377fd,2332,31,0.0,210.0,66.0,0.12723504,0.5754407,0.0,1.8506696,26.55066,0
6bba_ed9377fd,2333,32,0.0,205.0,41.0,1.373384,3.852649,0.0,2.1396742,41.032837,1
6bba_ed9377fd,2334,32,0.0,206.0,33.0,1.3825593,3.81021,0.0,2.1396742,41.032837,1
6bba_ed9377fd,2335,32,0.0,161.0,241.0,1.1021278,3.2889955,0.0,2.1396742,41.032837,1
6bba_ed9377fd,2336,32,47.0,122.0,48.0,1.1902444,5.7953506,0.74603176,2.5434792,68.92444,0
6bba_ed9377fd,2337,32,39.0,138.0,65.0,1.0809693,3.7592916,0.61904764,2.5434792,68.92444,0
6bba_ed9377fd,2338,32,37.0,135.0,102.0,0.9755509,4.880432,0.5873016,2.5434792,68.92444,0
6bba_ed9377fd,2339,32,51.0,93.0,147.0,1.010319,5.5815454,0.8095238,2.5434792,68.92444,0
6bba_ed9377fd,2340,32,38.0,124.0,143.0,1.7179646,3.269723,0.6031746,2.5434792,68.92444,1
6bba_ed9377fd,2341,32,41.0,136.0,25.0,1.6709578,2.9228587,0.6507937,2.5434792,68.92444,1
6bba_ed9377fd,2342,32,41.0,136.0,13.0,1.4826673,2.3881357,0.6507937,2.5434792,68.92444,1
6bba_ed9377fd,2343,32,7.0,190.0,104.0,0.9459481,3.529012,0.11111111,2.5434792,68.92444,0
6bba_ed9377fd,2344,32,49.0,70.0,226.0,0.88666815,3.9045744,0.7777778,2.5434792,68.92444,0
6bba_ed9377fd,2345,32,32.0,116.0,202.0,1.159933,2.3880558,0.50793654,2.5434792,68.92444,2
6bba_ed9377fd,2346,32,38.0,121.0,156.0,1.6646326,2.9591699,0.6031746,2.5434792,68.92444,1
6bba_ed9377fd,2347,32,55.0,104.0,21.0,1.078598,2.5342085,0.8730159,2.5401762,68.65625,1
6bba_ed9377fd,2348,32,63.0,17.0,255.0,0.8508496,5.7884507,1.0,1.7994134,24.405151,1
6bba_ed9377fd,2349,32,19.0,179.0,36.0,1.2371997,2.4743795,0.3015873,2.5434792,68.92444,1
6bba_ed9377fd,2350,32,54.0,105.0,63.0,0.9150425,2.8998845,0.85714287,2.5434792,68.92444,0
6bba_ed9377fd,2351,32,34.0,154.0,10.0,1.023512,2.2656188,0.53968257,2.5434792,68.92444,1
6bba_ed9377fd,2352,32,63.0,84.0,66.0,1.3004136,2.359014,1.0,2.1350024,40.76465,0
6bba_ed9377fd,2353,32,55.0,105.0,11.0,1.1709607,2.4763994,0.8730159,2.5401762,68.65625,1
6bba_ed9377fd,2354,32,7.0,187.0,136.0,0.8324963,3.424028,0.11111111,2.5434792,68.92444,0
6bba_ed9377fd,2355,32,47.0,109.0,122.0,1.0762612,2.6017945,0.74603176,2.5434792,68.92444,1
6bba_ed9377fd,2356,32,38.0,111.0,100.0,0.87961173,2.506719,0.6031746,2.5434792,68.92444,0
6bba_ed9377fd,2357,32,35.0,152.0,24.0,1.0009141,1.7255676,0.5555556,2.5335438,68.11987,1
6bba_ed9377fd,2358,32,0.0,205.0,0.0,1.0929952,3.0245783,0.0,1.7994134,24.405151,1
6bba_ed9377fd,2359,32,63.0,46.0,61.0,0.91785425,2.3139317,1.0,2.1396742,41.032837,1
6bba_ed9377fd,2360,32,57.0,79.0,136.0,1.0737758,2.6775575,0.9047619,2.5401762,68.65625,0
6bba_ed9377fd,2361,32,0.0,152.0,210.0,0.97635156,2.3721135,0.0,2.1396742,41.032837,0
6bba_ed9377fd,2362,32,32.0,121.0,191.0,1.2272235,2.036617,0.50793654,2.5434792,68.92444,2
6bba_ed9377fd,2363,32,20.0,166.0,118.0,0.85596263,2.1775188,0.31746033,2.5434792,68.92444,1
6bba_ed9377fd,2364,32,63.0,43.0,71.0,0.8841286,2.0603201,1.0,2.1396742,41.032837,1
6bba_ed9377fd,2365,32,20.0,167.0,110.0,0.9309153,1.9300344,0.31746033,2.5434792,68.92444,3
6bba_ed9377fd,2366,32,26.0,119.0,173.0,0.98897815,2.0979261,0.41269842,2.5434792,68.92444,0
6bba_ed9377fd,2367,32,58.0,72.0,151.0,1.1072696,2.670342,0.9206349,2.5434792,68.92444,0
6bba_ed9377fd,2368,32,18.0,179.0,67.0,0.7497329,3.0117285,0.2857143,2.5434792,68.92444,0
6bba_ed9377fd,2369,32,60.0,83.0,81.0,1.1560723,2.1875572,0.95238096,2.5401762,68.65625,0
6bba_ed9377fd,2370,32,53.0,31.0,196.0,0.9675346,2.41473,0.84126985,2.5434792,68.92444,2
6bba_ed9377fd,2371,32,50.0,33.0,210.0,0.8887708,1.7975532,0.7936508,2.5434792,68.92444,2
6bba_ed9377fd,2372,32,19.0,144.0,199.0,0.69369835,4.0094223,0.3015873,2.5434792,68.92444,0
6bba_ed9377fd,2373,32,31.0,112.0,229.0,0.72242695,2.792699,0.4920635,2.5434792,68.92444,0
6bba_ed9377fd,2374,32,27.0,112.0,195.0,1.034168,1.2926241,0.42857143,2.5434792,68.92444,2
6bba_ed9377fd,2375,32,31.0,142.0,136.0,0.6951953,2.9327009,0.4920635,2.5434792,68.92444,0
6bba_ed9377fd,2376,32,53.0,19.0,216.0,0.7877063,1.953751,0.84126985,2.5434792,68.92444,1
6bba_ed9377fd,2377,32,39.0,102.0,126.0,0.8304793,1.5834242,0.61904764,2.5434792,68.92444,1
6bba_ed9377fd,2378,32,47.0,101.0,164.0,0.6519767,4.9347715,0.74603176,2.5434792,68.92444,0
6bba_ed9377fd,2379,32,54.0,22.0,203.0,0.8222972,1.4760933,0.85714287,2.5434792,68.92444,3
6bba_ed9377fd,2380,32,17.0,160.0,83.0,0.8305136,1.8282646,0.26984128,2.5434792,68.92444,0
6bba_ed9377fd,2381,32,10.0,177.0,11.0,0.91355133,1.7026412,0.15873016,2.5434792,68.92444,0
6bba_ed9377fd,2382,32,15.0,160.0,101.0,0.9294754,1.5500803,0.23809524,2.5434792,68.92444,2
6bba_ed9377fd,2383,32,17.0,154.0,107.0,0.8813201,1.5692203,0.26984128,2.5434792,68.92444,2
6bba_ed9377fd,2384,32,63.0,43.0,193.0,0.70132345,2.5419872,1.0,2.1396742,41.032837,0
6bba_ed9377fd,2385,32,7.0,198.0,9.0,0.74526477,1.8376749,0.11111111,2.5434792,68.92444,1
6bba_ed9377fd,2386,32,53.0,75.0,187.0,0.55098075,2.805222,0.84126985,2.5434792,68.92444,0
6bba_ed9377fd,2387,32,10.0,177.0,30.0,0.9046321,0.7553702,0.15873016,2.5434792,68.92444,1
6bba_ed9377fd,2388,32,12.0,165.0,179.0,0.565008,2.7288094,0.1904762,2.5401762,68.65625,0
6bba_ed9377fd,2389,32,0.0,195.0,152.0,0.28159282,2.4500844,0.0,2.016139,34.328125,0
6bba_ed9377fd,2390,32,56.0,38.0,248.0,0.4787592,5.814774,0.8888889,2.5434792,68.92444,0
6bba_ed9377fd,2391,32,8.0,171.0,199.0,0.40221235,1.0786207,0.12698413,2.4964292,65.1698,0
6bba_ed9377fd,2392,32,63.0,53.0,154.0,0.33533922,2.2934384,1.0,2.1161075,39.691895,0
6bba_ed9377fd,2393,32,6.0,195.0,57.0,0.31881475,1.6503075,0.0952381,2.5032594,65.70618,0
6bba_ed9377fd,2394,32,63.0,14.0,241.0,0.32656702,0.8372069,1.0,1.9841315,32.718994,1
6bba_ed9377fd,2395,32,0.0,164.0,255.0,0.2016266,0.11054548,0.0,1.4437205,12.604858,1
6bba_ed9377fd,2396,32,51.0,53.0,255.0,0.22865261,1.7387428,0.8095238,2.125597,40.22827,1
6bba_ed9377fd,2397,32,0.0,211.0,67.0,0.13530658,1.4851829,0.0,2.0002632,33.52356,0
6bba_ed9377fd,2398,32,42.0,54.0,255.0,0.21620455,1.9874527,0.6666667,2.1396742,41.032837,1
6bba_ed9377fd,2399,32,63.0,79.0,0.0,0.16609381,2.9618423,1.0,1.7726524,23.332397,0
6bba_ed9377fd,2400,32,63.0,67.0,54.0,0.18685517,1.0614321,1.0,1.8992338,28.696167,0
6bba_ed9377fd,2401,32,33.0,69.0,255.0,0.17719999,2.2456827,0.52380955,2.0623262,36.74182,1
6bba_ed9377fd,2402,32,6.0,145.0,236.0,0.21267077,0.7512275,0.0952381,2.4617038,62.487915,0
6bba_ed9377fd,2403,32,25.0,68.0,255.0,0.16268848,2.0123975,0.3968254,2.1396742,41.032837,1
6bba_ed9377fd,2404,33,0.0,162.0,239.0,1.1755012,3.9015763,0.0,2.1396742,41.032837,0
6bba_ed9377fd,2405,33,0.0,207.0,33.0,1.2341136,3.9033785,0.0,2.1396742,41.032837,1
6bba_ed9377fd,2406,33,0.0,206.0,40.0,1.1751173,3.5755188,0.0,2.1396742,41.032837,1
6bba_ed9377fd,2407,33,46.0,123.0,49.0,1.1585674,5.504088,0.73015875,2.5434792,68.92444,0
6bba_ed9377fd,2408,33,38.0,139.0,65.0,1.1082581,3.8798609,0.6031746,2.5434792,68.92444,1
6bba_ed9377fd,2409,33,50.0,94.0,147.0,1.0009142,5.5425158,0.7936508,2.5434792,68.92444,0
6bba_ed9377fd,2410,33,36.0,137.0,100.0,0.98594993,4.732369,0.5714286,2.5434792,68.92444,0
6bba_ed9377fd,2411,33,38.0,124.0,144.0,1.5522377,3.0145907,0.6031746,2.5434792,68.92444,1
6bba_ed9377fd,2412,33,40.0,137.0,26.0,1.5401818,2.4824972,0.63492066,2.5434792,68.92444,1
6bba_ed9377fd,2413,33,49.0,71.0,225.0,0.9198935,4.373168,0.7777778,2.5434792,68.92444,0
6bba_ed9377fd,2414,33,41.0,137.0,13.0,1.4291868,2.1594806,0.6507937,2.5434792,68.92444,1
6bba_ed9377fd,2415,33,18.0,181.0,37.0,1.2787558,2.8043876,0.2857143,2.5434792,68.92444,0
6bba_ed9377fd,2416,33,53.0,107.0,63.0,0.95435303,3.1784286,0.84126985,2.5434792,68.92444,0
6bba_ed9377fd,2417,33,46.0,111.0,124.0,1.1743317,3.3550994,0.73015875,2.5434792,68.92444,1
6bba_ed9377fd,2418,33,63.0,45.0,58.0,0.92978424,2.780567,1.0,2.1396742,41.032837,0
6bba_ed9377fd,2419,33,38.0,121.0,157.0,1.6126261,3.047376,0.6031746,2.5434792,68.92444,1
6bba_ed9377fd,2420,33,55.0,105.0,18.0,1.0251347,2.4022813,0.8730159,2.5401762,68.65625,1
6bba_ed9377fd,2421,33,7.0,189.0,107.0,0.9082718,3.3038247,0.11111111,2.5434792,68.92444,1
6bba_ed9377fd,2422,33,32.0,117.0,200.0,1.0942537,2.0968897,0.50793654,2.5434792,68.92444,2
6bba_ed9377fd,2423,33,39.0,140.0,51.0,0.8609392,2.6710362,0.61904764,2.5434792,68.92444,1
6bba_ed9377fd,2424,33,55.0,106.0,11.0,1.1402205,2.461366,0.8730159,2.5368643,68.38806,1
6bba_ed9377fd,2425,33,7.0,192.0,98.0,0.7525726,2.9841657,0.11111111,2.5434792,68.92444,1
6bba_ed9377fd,2426,33,19.0,167.0,120.0,0.88455415,2.6393533,0.3015873,2.5434792,68.92444,1
6bba_ed9377fd,2427,33,34.0,154.0,10.0,0.9670604,1.879746,0.53968257,2.5434792,68.92444,1
6bba_ed9377fd,2428,33,7.0,187.0,136.0,0.80212784,3.3370879,0.11111111,2.5434792,68.92444,0
6bba_ed9377fd,2429,33,19.0,169.0,109.0,0.9395144,2.2250657,0.3015873,2.5434792,68.92444,1
6bba_ed9377fd,2430,33,38.0,112.0,98.0,0.82963943,2.441576,0.6031746,2.5434792,68.92444,0
6bba_ed9377fd,2431,33,57.0,79.0,137.0,1.0155357,2.7131455,0.9047619,2.5434792,68.92444,1
6bba_ed9377fd,2432,33,63.0,17.0,255.0,0.87185943,2.9512093,1.0,1.7994134,24.405151,0
6bba_ed9377fd,2433,33,34.0,153.0,23.0,0.9754481,1.5585326,0.53968257,2.5401762,68.65625,1
6bba_ed9377fd,2434,33,0.0,151.0,211.0,0.9249854,2.2699752,0.0,2.1396742,41.032837,0
6bba_ed9377fd,2435,33,60.0,86.0,65.0,1.2201381,2.5379143,0.95238096,2.5401762,68.65625,0
6bba_ed9377fd,2436,33,18.0,180.0,66.0,0.73845965,3.0521224,0.2857143,2.5434792,68.92444,0
6bba_ed9377fd,2437,33,32.0,122.0,189.0,1.1495512,1.818769,0.50793654,2.5434792,68.92444,2
6bba_ed9377fd,2438,33,26.0,119.0,173.0,1.0108333,2.186669,0.41269842,2.5434792,68.92444,0
6bba_ed9377fd,2439,33,58.0,72.0,152.0,1.0574344,2.7049553,0.9206349,2.5434792,68.92444,2
6bba_ed9377fd,2440,33,32.0,111.0,228.0,0.7479502,2.851843,0.50793654,2.5434792,68.92444,0
6bba_ed9377fd,2441,33,58.0,87.0,81.0,1.1453458,2.4446807,0.9206349,2.5368643,68.38806,0
6bba_ed9377fd,2442,33,57.0,75.0,148.0,1.1011616,2.6058729,0.9047619,2.5434792,68.92444,3
6bba_ed9377fd,2443,33,50.0,35.0,208.0,0.865493,1.9897118,0.7936508,2.5434792,68.92444,1
6bba_ed9377fd,2444,33,19.0,144.0,199.0,0.6838993,3.9133444,0.3015873,2.5434792,68.92444,0
6bba_ed9377fd,2445,33,27.0,112.0,195.0,1.0224664,1.3987148,0.42857143,2.5434792,68.92444,2
6bba_ed9377fd,2446,33,58.0,70.0,157.0,0.8193033,1.9845221,0.9206349,2.5368643,68.38806,2
6bba_ed9377fd,2447,33,54.0,23.0,201.0,0.81574357,1.7947177,0.85714287,2.5434792,68.92444,1
6bba_ed9377fd,2448,33,18.0,160.0,82.0,0.8109841,1.9399446,0.2857143,2.5434792,68.92444,0
6bba_ed9377fd,2449,33,17.0,154.0,108.0,0.8564483,1.7758975,0.26984128,2.5434792,68.92444,1
6bba_ed9377fd,2450,33,11.0,175.0,13.0,0.8562482,1.6804925,0.17460318,2.5434792,68.92444,0
6bba_ed9377fd,2451,33,39.0,101.0,124.0,0.8015678,1.5647022,0.61904764,2.5434792,68.92444,1
6bba_ed9377fd,2452,33,16.0,158.0,97.0,0.89622146,1.7067528,0.25396827,2.5434792,68.92444,1
6bba_ed9377fd,2453,33,0.0,205.0,0.0,0.8630328,1.8472643,0.0,1.7927979,24.136963,2
6bba_ed9377fd,2454,33,30.0,144.0,136.0,0.6315786,2.783917,0.47619048,2.5434792,68.92444,0
6bba_ed9377fd,2455,33,63.0,44.0,193.0,0.6847965,2.6834214,1.0,2.1396742,41.032837,0
6bba_ed9377fd,2456,33,7.0,199.0,8.0,0.7751133,2.0968287,0.11111111,2.5434792,68.92444,2
6bba_ed9377fd,2457,33,46.0,103.0,161.0,0.6155402,4.0315976,0.73015875,2.5434792,68.92444,0
6bba_ed9377fd,2458,33,53.0,75.0,187.0,0.55905426,2.8666887,0.84126985,2.5434792,68.92444,0
6bba_ed9377fd,2459,33,12.0,165.0,180.0,0.55002654,2.3248022,0.1904762,2.5401762,68.65625,0
6bba_ed9377fd,2460,33,0.0,205.0,12.0,0.63448596,1.0968007,0.0,2.1350024,40.76465,2
6bba_ed9377fd,2461,33,56.0,39.0,247.0,0.4639092,5.089162,0.8888889,2.5434792,68.92444,0
6bba_ed9377fd,2462,33,8.0,171.0,199.0,0.40414926,1.0995681,0.12698413,2.4791882,63.828857,1
6bba_ed9377fd,2463,33,5.0,198.0,56.0,0.38759091,1.5782455,0.07936508,2.5100527,66.24255,0
6bba_ed9377fd,2464,33,8.0,168.0,206.0,0.3998583,1.0476437,0.12698413,2.4826555,64.097046,1
6bba_ed9377fd,2465,33,0.0,195.0,155.0,0.19684623,2.5103998,0.0,2.016139,34.328125,0
6bba_ed9377fd,2466,33,63.0,54.0,151.0,0.34950525,1.9764131,1.0,2.120863,39.960083,1
6bba_ed9377fd,2467,33,63.0,53.0,154.0,0.33914948,2.2618823,1.0,2.13031,40.49646,1
6bba_ed9377fd,2468,33,0.0,163.0,255.0,0.21506836,0.18757999,0.0,1.5213813,14.750366,0
6bba_ed9377fd,2469,33,63.0,16.0,238.0,0.31674874,0.6572371,1.0,1.9732294,32.182617,0
6bba_ed9377fd,2470,33,50.0,55.0,255.0,0.2555354,2.2904313,0.7936508,2.092004,38.350952,1
6bba_ed9377fd,2471,33,42.0,56.0,255.0,0.24644649,2.2044501,0.6666667,2.1350024,40.76465,2
6bba_ed9377fd,2472,33,63.0,68.0,57.0,0.2202931,1.5932747,1.0,1.9283676,30.03711,0
6bba_ed9377fd,2473,33,33.0,68.0,255.0,0.18937933,2.0848138,0.52380955,2.0522413,36.205444,2
6bba_ed9377fd,2474,33,0.0,211.0,67.0,0.1459791,0.9412841,0.0,2.016139,34.328125,0
6bba_ed9377fd,2475,33,7.0,146.0,236.0,0.21299645,0.86652607,0.11111111,2.4439676,61.146973,0
6bba_ed9377fd,2476,33,63.0,81.0,0.0,0.15959078,2.4316635,1.0,1.7658345,23.064209,0
6bba_ed9377fd,2477,33,25.0,66.0,255.0,0.16885972,1.9334124,0.3968254,2.1350024,40.76465,1
6bba_ed9377fd,2478,34,0.0,209.0,31.0,1.2536542,3.603279,0.0,2.1396742,41.032837,0
6bba_ed9377fd,2479,34,0.0,163.0,240.0,1.1169271,3.3558023,0.0,2.1396742,41.032837,1
6bba_ed9377fd,2480,34,39.0,140.0,63.0,1.0885628,3.7710576,0.61904764,2.5434792,68.92444,0
6bba_ed9377fd,2481,34,47.0,124.0,49.0,1.1179714,5.2322783,0.74603176,2.5434792,68.92444,0
6bba_ed9377fd,2482,34,0.0,165.0,236.0,1.1495398,3.5544086,0.0,2.1396742,41.032837,1
6bba_ed9377fd,2483,34,51.0,95.0,149.0,0.9627408,5.3301787,0.8095238,2.5434792,68.92444,1
6bba_ed9377fd,2484,34,38.0,127.0,144.0,1.6139061,3.1110525,0.6031746,2.5434792,68.92444,1
6bba_ed9377fd,2485,34,37.0,138.0,99.0,0.8982213,4.5558853,0.5873016,2.5434792,68.92444,0
6bba_ed9377fd,2486,34,40.0,139.0,28.0,1.5568031,2.5808206,0.63492066,2.5434792,68.92444,1
6bba_ed9377fd,2487,34,49.0,74.0,222.0,0.92862415,4.251812,0.7777778,2.5434792,68.92444,0
6bba_ed9377fd,2488,34,8.0,191.0,105.0,0.9427027,3.6683495,0.12698413,2.5434792,68.92444,1
6bba_ed9377fd,2489,34,63.0,20.0,248.0,0.91275805,5.958831,1.0,2.1396742,41.032837,0
6bba_ed9377fd,2490,34,41.0,138.0,18.0,1.5087163,2.1359847,0.6507937,2.5434792,68.92444,1
6bba_ed9377fd,2491,34,18.0,183.0,37.0,1.3062674,2.7718,0.2857143,2.5434792,68.92444,0
6bba_ed9377fd,2492,34,54.0,108.0,61.0,0.935412,3.1115713,0.85714287,2.5434792,68.92444,0
6bba_ed9377fd,2493,34,47.0,113.0,122.0,1.2165561,3.400727,0.74603176,2.5401762,68.65625,1
6bba_ed9377fd,2494,34,19.0,169.0,120.0,0.94553673,3.1179998,0.3015873,2.5434792,68.92444,1
6bba_ed9377fd,2495,34,38.0,124.0,158.0,1.5521406,2.7695503,0.6031746,2.5434792,68.92444,1
6bba_ed9377fd,2496,34,7.0,193.0,98.0,0.78274107,3.0003583,0.11111111,2.5434792,68.92444,1
6bba_ed9377fd,2497,34,35.0,155.0,8.0,1.0482297,2.152434,0.5555556,2.5434792,68.92444,0
6bba_ed9377fd,2498,34,32.0,119.0,200.0,1.0680562,2.0701778,0.50793654,2.5434792,68.92444,1
6bba_ed9377fd,2499,34,63.0,48.0,59.0,0.8253913,2.8136957,1.0,2.1396742,41.032837,0
6bba_ed9377fd,2500,34,55.0,107.0,11.0,1.1128118,2.4550066,0.8730159,2.5401762,68.65625,1
6bba_ed9377fd,2501,34,56.0,105.0,17.0,0.97175133,2.2301552,0.8888889,2.5434792,68.92444,1
6bba_ed9377fd,2502,34,19.0,171.0,110.0,0.95601,2.4813535,0.3015873,2.5434792,68.92444,2
6bba_ed9377fd,2503,34,58.0,80.0,137.0,1.0659479,2.711667,0.9206349,2.5434792,68.92444,0
6bba_ed9377fd,2504,34,62.0,88.0,66.0,1.2240986,2.2235873,0.984127,2.3277657,52.83313,0
6bba_ed9377fd,2505,34,19.0,146.0,200.0,0.75203556,4.3087225,0.3015873,2.5434792,68.92444,0
6bba_ed9377fd,2506,34,33.0,123.0,189.0,1.2137908,2.0809085,0.52380955,2.5434792,68.92444,1
6bba_ed9377fd,2507,34,39.0,113.0,97.0,0.7911174,2.4900944,0.61904764,2.5434792,68.92444,0
6bba_ed9377fd,2508,34,7.0,188.0,135.0,0.7621145,3.2226634,0.11111111,2.5434792,68.92444,0
6bba_ed9377fd,2509,34,0.0,152.0,213.0,0.9229698,2.020152,0.0,2.1396742,41.032837,0
6bba_ed9377fd,2510,34,59.0,73.0,153.0,1.0629653,2.560076,0.93650794,2.5434792,68.92444,0
6bba_ed9377fd,2511,34,39.0,104.0,127.0,0.88347983,1.8944646,0.61904764,2.5434792,68.92444,1
6bba_ed9377fd,2512,34,51.0,36.0,208.0,0.9024552,1.9446912,0.8095238,2.5434792,68.92444,1
6bba_ed9377fd,2513,34,59.0,88.0,81.0,1.195621,2.45622,0.93650794,2.5434792,68.92444,0
6bba_ed9377fd,2514,34,27.0,120.0,173.0,0.9494563,2.1366272,0.42857143,2.5434792,68.92444,0
6bba_ed9377fd,2515,34,19.0,181.0,66.0,0.7079426,2.8545816,0.3015873,2.5434792,68.92444,0
6bba_ed9377fd,2516,34,33.0,110.0,231.0,0.7108167,2.7454653,0.52380955,2.5434792,68.92444,0
6bba_ed9377fd,2517,34,12.0,175.0,13.0,0.8744065,1.7079295,0.1904762,2.5434792,68.92444,0
6bba_ed9377fd,2518,34,0.0,165.0,188.0,0.88287127,2.164967,0.0,2.1396742,41.032837,2
6bba_ed9377fd,2519,34,0.0,155.0,197.0,0.9899321,1.8007106,0.0,2.1396742,41.032837,1
6bba_ed9377fd,2520,34,54.0,28.0,200.0,0.8647559,1.7119064,0.85714287,2.5434792,68.92444,2
6bba_ed9377fd,2521,34,46.0,107.0,156.0,0.65817606,2.8792057,0.73015875,2.5434792,68.92444,1
6bba_ed9377fd,2522,34,16.0,159.0,104.0,0.864836,1.7424973,0.25396827,2.5434792,68.92444,1
6bba_ed9377fd,2523,34,7.0,200.0,7.0,0.7928658,2.397327,0.11111111,2.5434792,68.92444,0
6bba_ed9377fd,2524,34,18.0,163.0,80.0,0.7591205,1.873981,0.2857143,2.5434792,68.92444,0
6bba_ed9377fd,2525,34,32.0,144.0,134.0,0.62052256,2.8977911,0.50793654,2.5434792,68.92444,0
6bba_ed9377fd,2526,34,53.0,19.0,218.0,0.6678665,1.6965072,0.84126985,2.5434792,68.92444,1
6bba_ed9377fd,2527,34,63.0,45.0,192.0,0.65413225,2.5115504,1.0,2.1396742,41.032837,0
6bba_ed9377fd,2528,34,54.0,77.0,186.0,0.5638767,2.7968483,0.85714287,2.5434792,68.92444,0
6bba_ed9377fd,2529,34,56.0,17.0,205.0,0.6651582,1.35871,0.8888889,2.5401762,68.65625,2
6bba_ed9377fd,2530,34,13.0,165.0,184.0,0.5499009,1.8191966,0.20634921,2.5401762,68.65625,2
6bba_ed9377fd,2531,34,0.0,196.0,156.0,0.2844337,3.4722157,0.0,2.0471616,35.937256,0
6bba_ed9377fd,2532,34,12.0,171.0,171.0,0.4158796,2.1923146,0.1904762,2.5368643,68.38806,1
6bba_ed9377fd,2533,34,56.0,41.0,246.0,0.45813835,5.472493,0.8888889,2.5434792,68.92444,0
6bba_ed9377fd,2534,34,5.0,199.0,60.0,0.36046785,2.1463177,0.07936508,2.5268764,67.583496,1
6bba_ed9377fd,2535,34,8.0,173.0,198.0,0.37487218,0.8478806,0.12698413,2.4826555,64.097046,1
6bba_ed9377fd,2536,34,50.0,58.0,255.0,0.30991524,3.2981079,0.7936508,2.1113307,39.423706,0
6bba_ed9377fd,2537,34,8.0,170.0,205.0,0.40373793,0.95524263,0.12698413,2.493,64.90161,1
6bba_ed9377fd,2538,34,63.0,56.0,150.0,0.30866754,1.6186814,1.0,2.0822053,37.814575,0
6bba_ed9377fd,2539,34,0.0,165.0,255.0,0.22416936,0.20455858,0.0,1.5485545,15.554932,1
6bba_ed9377fd,2540,34,0.0,212.0,64.0,0.20887199,1.1615388,0.0,2.0420563,35.669067,1
6bba_ed9377fd,2541,34,7.0,146.0,241.0,0.21706463,1.0684134,0.11111111,2.4439676,61.146973,0
6bba_ed9377fd,2542,34,63.0,70.0,57.0,0.18605857,1.4076413,1.0,1.9168203,29.500732,0
6bba_ed9377fd,2543,34,25.0,69.0,255.0,0.16729532,2.0548227,0.3968254,2.1396742,41.032837,1
6bba_ed9377fd,2544,34,37.0,68.0,255.0,0.18974404,1.6696453,0.5873016,2.1396742,41.032837,1
6bba_ed9377fd,2545,34,63.0,81.0,0.0,0.13262655,2.1998703,1.0,1.7589635,22.79602,0
6bba_ed9377fd,2546,34,0.0,154.0,253.0,0.24260767,0.20605531,0.0,1.8813155,27.891602,1
6bba_ed9377fd,2547,35,0.0,208.0,32.0,1.2226349,4.2889824,0.0,2.1396742,41.032837,0
6bba_ed9377fd,2548,35,47.0,125.0,48.0,1.0755926,5.326141,0.74603176,2.5434792,68.92444,0
6bba_ed9377fd,2549,35,0.0,164.0,238.0,1.1124164,3.3154476,0.0,2.1396742,41.032837,0
6bba_ed9377fd,2550,35,39.0,141.0,61.0,0.97483677,3.6582594,0.61904764,2.5434792,68.92444,1
6bba_ed9377fd,2551,35,51.0,96.0,147.0,0.9920293,5.514673,0.8095238,2.5434792,68.92444,0
6bba_ed9377fd,2552,35,49.0,75.0,221.0,0.92879546,4.295533,0.7777778,2.5434792,68.92444,0
6bba_ed9377fd,2553,35,38.0,128.0,144.0,1.546741,3.0799632,0.6031746,2.5434792,68.92444,1
6bba_ed9377fd,2554,35,19.0,169.0,121.0,1.021655,3.4250226,0.3015873,2.5434792,68.92444,1
6bba_ed9377fd,2555,35,63.0,22.0,246.0,0.8974307,5.6679626,1.0,2.1396742,41.032837,0
6bba_ed9377fd,2556,35,40.0,140.0,27.0,1.561014,2.7611277,0.63492066,2.5434792,68.92444,0
6bba_ed9377fd,2557,35,36.0,141.0,97.0,0.8943759,4.39578,0.5714286,2.5434792,68.92444,0
6bba_ed9377fd,2558,35,19.0,146.0,200.0,0.857351,4.902422,0.3015873,2.5434792,68.92444,0
6bba_ed9377fd,2559,35,17.0,184.0,38.0,1.2524725,2.7150419,0.26984128,2.5434792,68.92444,0
6bba_ed9377fd,2560,35,54.0,109.0,60.0,0.9425828,3.151186,0.85714287,2.5434792,68.92444,0
6bba_ed9377fd,2561,35,35.0,155.0,7.0,1.0951222,2.3582048,0.5555556,2.5434792,68.92444,0
6bba_ed9377fd,2562,35,19.0,171.0,113.0,1.0366821,2.8626812,0.3015873,2.5434792,68.92444,1
6bba_ed9377fd,2563,35,37.0,126.0,158.0,1.4726284,2.7082226,0.5873016,2.5434792,68.92444,1
6bba_ed9377fd,2564,35,46.0,114.0,124.0,1.0963507,2.7496815,0.73015875,2.5434792,68.92444,1
6bba_ed9377fd,2565,35,8.0,190.0,108.0,0.88550824,3.3330073,0.12698413,2.5434792,68.92444,0
6bba_ed9377fd,2566,35,32.0,122.0,196.0,1.1427004,2.089637,0.50793654,2.5434792,68.92444,1
6bba_ed9377fd,2567,35,63.0,48.0,58.0,0.8356224,2.5818377,1.0,2.1396742,41.032837,0
6bba_ed9377fd,2568,35,40.0,141.0,49.0,0.8260855,2.5787165,0.63492066,2.5434792,68.92444,1
6bba_ed9377fd,2569,35,33.0,126.0,186.0,1.3038334,2.4366004,0.52380955,2.5434792,68.92444,1
6bba_ed9377fd,2570,35,56.0,105.0,14.0,0.9386345,2.121545,0.8888889,2.5302145,67.851685,2
6bba_ed9377fd,2571,35,63.0,88.0,65.0,1.1129731,2.0364013,1.0,2.1350024,40.76465,1
6bba_ed9377fd,2572,35,18.0,180.0,71.0,0.79697406,2.682614,0.2857143,2.5434792,68.92444,0
6bba_ed9377fd,2573,35,58.0,82.0,134.0,0.9927264,2.8728461,0.9206349,2.5434792,68.92444,1
6bba_ed9377fd,2574,35,55.0,108.0,9.0,1.011976,2.2309835,0.8730159,2.5368643,68.38806,2
6bba_ed9377fd,2575,35,0.0,151.0,214.0,0.9279799,1.9381953,0.0,2.1396742,41.032837,0
6bba_ed9377fd,2576,35,33.0,113.0,228.0,0.7585606,3.058502,0.52380955,2.5434792,68.92444,0
6bba_ed9377fd,2577,35,52.0,36.0,197.0,0.9591925,2.1669471,0.82539684,2.5434792,68.92444,3
6bba_ed9377fd,2578,35,51.0,36.0,208.0,0.9292012,1.8235213,0.8095238,2.5434792,68.92444,2
6bba_ed9377fd,2579,35,39.0,104.0,128.0,0.89746714,1.9833182,0.61904764,2.5434792,68.92444,1
6bba_ed9377fd,2580,35,8.0,187.0,135.0,0.73219174,3.2189882,0.12698413,2.5434792,68.92444,0
6bba_ed9377fd,2581,35,56.0,106.0,19.0,0.7603547,1.8774219,0.8888889,2.5368643,68.38806,2
6bba_ed9377fd,2582,35,58.0,76.0,149.0,1.0254947,2.8365564,0.9206349,2.5434792,68.92444,1
6bba_ed9377fd,2583,35,40.0,113.0,96.0,0.7613432,2.5757818,0.63492066,2.5434792,68.92444,0
6bba_ed9377fd,2584,35,58.0,79.0,142.0,1.1155602,2.891628,0.9206349,2.5434792,68.92444,2
6bba_ed9377fd,2585,35,27.0,121.0,171.0,0.9694087,2.0545938,0.42857143,2.5434792,68.92444,0
6bba_ed9377fd,2586,35,60.0,88.0,78.0,1.0716777,2.206217,0.95238096,2.5368643,68.38806,1
6bba_ed9377fd,2587,35,19.0,162.0,79.0,0.8329591,2.1039994,0.3015873,2.5434792,68.92444,0
6bba_ed9377fd,2588,35,55.0,25.0,201.0,0.8715268,1.6102287,0.8730159,2.5434792,68.92444,2
6bba_ed9377fd,2589,35,33.0,143.0,131.0,0.6801111,3.0607448,0.52380955,2.5434792,68.92444,0
6bba_ed9377fd,2590,35,12.0,176.0,14.0,0.85348856,1.6459274,0.1904762,2.5434792,68.92444,0
6bba_ed9377fd,2591,35,0.0,164.0,189.0,0.91808474,2.044539,0.0,2.1396742,41.032837,2
6bba_ed9377fd,2592,35,17.0,159.0,103.0,0.81720066,2.004747,0.26984128,2.5434792,68.92444,2
6bba_ed9377fd,2593,35,0.0,157.0,193.0,0.9742593,1.6774931,0.0,2.1396742,41.032837,1
6bba_ed9377fd,2594,35,8.0,199.0,7.0,0.74716747,2.435269,0.12698413,2.5434792,68.92444,1
6bba_ed9377fd,2595,35,46.0,109.0,153.0,0.6128205,2.9717362,0.73015875,2.5401762,68.65625,0
6bba_ed9377fd,2596,35,54.0,77.0,185.0,0.56458515,2.6425786,0.85714287,2.5434792,68.92444,1
6bba_ed9377fd,2597,35,0.0,195.0,158.0,0.3703512,4.016798,0.0,2.092004,38.350952,0
6bba_ed9377fd,2598,35,55.0,79.0,178.0,0.59233683,2.5009673,0.8730159,2.5434792,68.92444,1
6bba_ed9377fd,2599,35,12.0,167.0,183.0,0.562094,1.6785327,0.1904762,2.5335438,68.11987,2
6bba_ed9377fd,2600,35,20.0,149.0,107.0,0.64185196,1.5407231,0.31746033,2.5434792,68.92444,2
6bba_ed9377fd,2601,35,0.0,207.0,9.0,0.6312708,1.4644835,0.0,2.1350024,40.76465,1
6bba_ed9377fd,2602,35,21.0,148.0,100.0,0.65162235,1.5424284,0.33333334,2.5434792,68.92444,2
6bba_ed9377fd,2603,35,11.0,173.0,170.0,0.42510155,2.6316402,0.17460318,2.5401762,68.65625,1
6bba_ed9377fd,2604,35,63.0,47.0,191.0,0.57517296,1.808989,1.0,2.1350024,40.76465,1
6bba_ed9377fd,2605,35,47.0,61.0,255.0,0.44639274,5.7737103,0.74603176,2.1350024,40.76465,0
6bba_ed9377fd,2606,35,57.0,41.0,244.0,0.4495849,4.652655,0.9047619,2.5434792,68.92444,0
6bba_ed9377fd,2607,35,63.0,43.0,200.0,0.57101727,0.7180657,1.0,2.1161075,39.691895,2
6bba_ed9377fd,2608,35,0.0,164.0,255.0,0.27432185,0.69580805,0.0,1.6870874,20.114136,0
6bba_ed9377fd,2609,35,9.0,170.0,201.0,0.41098866,0.80057496,0.14285715,2.4687274,63.024292,1
6bba_ed9377fd,2610,35,4.0,200.0,52.0,0.40021256,1.9679133,0.06349207,2.5302145,67.851685,1
6bba_ed9377fd,2611,35,9.0,168.0,206.0,0.41441113,0.8191008,0.14285715,2.472224,63.29248,1
6bba_ed9377fd,2612,35,0.0,208.0,61.0,0.3200599,1.3392227,0.0,2.1017118,38.88733,1
6bba_ed9377fd,2613,35,63.0,57.0,151.0,0.29759195,1.8054783,1.0,2.0822053,37.814575,0
6bba_ed9377fd,2614,35,34.0,72.0,255.0,0.2104268,2.1077688,0.53968257,2.0772712,37.546387,1
6bba_ed9377fd,2615,35,7.0,147.0,241.0,0.21493913,0.9418094,0.11111111,2.4617038,62.487915,0
6bba_ed9377fd,2616,35,26.0,70.0,255.0,0.17962818,1.9025462,0.41269842,2.1396742,41.032837,1
6bba_ed9377fd,2617,35,63.0,72.0,52.0,0.16156556,1.2232877,1.0,1.9226114,29.76892,0
6bba_ed9377fd,2618,35,13.0,122.0,255.0,0.12952885,2.6993678,0.20634921,2.1065323,39.155518,0
6bba_ed9377fd,2619,36,0.0,165.0,239.0,1.2176155,3.4624207,0.0,2.1396742,41.032837,1
6bba_ed9377fd,2620,36,0.0,168.0,232.0,1.1785148,3.1675067,0.0,2.1396742,41.032837,1
6bba_ed9377fd,2621,36,47.0,127.0,49.0,1.0025369,4.5870667,0.74603176,2.5401762,68.65625,0
6bba_ed9377fd,2622,36,39.0,143.0,61.0,0.95309025,3.5378375,0.61904764,2.5434792,68.92444,0
6bba_ed9377fd,2623,36,51.0,97.0,147.0,1.0245062,4.976857,0.8095238,2.5434792,68.92444,1
6bba_ed9377fd,2624,36,38.0,129.0,143.0,1.583189,3.2331042,0.6031746,2.5434792,68.92444,0
6bba_ed9377fd,2625,36,0.0,211.0,31.0,0.93097425,4.4445906,0.0,2.1350024,40.76465,1
6bba_ed9377fd,2626,36,49.0,77.0,221.0,0.91519105,4.16838,0.7777778,2.5434792,68.92444,0
6bba_ed9377fd,2627,36,40.0,141.0,27.0,1.4978088,2.4736245,0.63492066,2.5434792,68.92444,2
6bba_ed9377fd,2628,36,0.0,211.0,26.0,0.8851459,3.9304838,0.0,2.1350024,40.76465,1
6bba_ed9377fd,2629,36,41.0,140.0,20.0,1.424153,2.0581186,0.6507937,2.5434792,68.92444,2
6bba_ed9377fd,2630,36,37.0,141.0,98.0,0.86674434,4.1992493,0.5873016,2.5434792,68.92444,1
6bba_ed9377fd,2631,36,63.0,24.0,245.0,0.85291713,5.269605,1.0,2.1396742,41.032837,0
6bba_ed9377fd,2632,36,36.0,143.0,94.0,0.8837485,4.039044,0.5714286,2.5434792,68.92444,1
6bba_ed9377fd,2633,36,54.0,110.0,60.0,0.94396544,3.1673133,0.85714287,2.5434792,68.92444,0
6bba_ed9377fd,2634,36,18.0,171.0,121.0,0.9057463,3.2469084,0.2857143,2.5434792,68.92444,0
6bba_ed9377fd,2635,36,37.0,126.0,158.0,1.4614923,2.715803,0.5873016,2.5434792,68.92444,0
6bba_ed9377fd,2636,36,35.0,156.0,7.0,1.068879,2.2439258,0.5555556,2.5434792,68.92444,0
6bba_ed9377fd,2637,36,16.0,186.0,37.0,1.2140535,2.4583957,0.25396827,2.5434792,68.92444,1
6bba_ed9377fd,2638,36,46.0,115.0,122.0,1.1956038,2.581046,0.73015875,2.5434792,68.92444,1
6bba_ed9377fd,2639,36,32.0,123.0,196.0,1.0873401,1.8659239,0.50793654,2.5434792,68.92444,1
6bba_ed9377fd,2640,36,19.0,147.0,201.0,0.7882206,4.7585573,0.3015873,2.5434792,68.92444,0
6bba_ed9377fd,2641,36,7.0,191.0,110.0,0.88458264,2.9670422,0.11111111,2.5434792,68.92444,1
6bba_ed9377fd,2642,36,33.0,127.0,186.0,1.3443152,2.5454476,0.52380955,2.5434792,68.92444,3
6bba_ed9377fd,2643,36,63.0,90.0,63.0,1.1482153,2.0419874,1.0,2.1350024,40.76465,1
6bba_ed9377fd,2644,36,7.0,194.0,102.0,0.7612975,2.9099493,0.11111111,2.5401762,68.65625,1
6bba_ed9377fd,2645,36,8.0,189.0,135.0,0.78408957,3.0599961,0.12698413,2.5434792,68.92444,0
6bba_ed9377fd,2646,36,58.0,83.0,135.0,1.0605656,2.8792188,0.9206349,2.5434792,68.92444,1
6bba_ed9377fd,2647,36,56.0,106.0,14.0,0.9236988,2.0961094,0.8888889,2.5368643,68.38806,1
6bba_ed9377fd,2648,36,63.0,51.0,57.0,0.7891797,2.456922,1.0,2.1396742,41.032837,0
6bba_ed9377fd,2649,36,55.0,109.0,8.0,1.0423731,2.3964992,0.8730159,2.5168092,66.77893,1
6bba_ed9377fd,2650,36,51.0,38.0,209.0,0.9529931,1.9942017,0.8095238,2.5434792,68.92444,1
6bba_ed9377fd,2651,36,52.0,38.0,196.0,0.9456968,2.234144,0.82539684,2.5434792,68.92444,2
6bba_ed9377fd,2652,36,19.0,175.0,105.0,0.8198632,2.5046327,0.3015873,2.5401762,68.65625,1
6bba_ed9377fd,2653,36,36.0,153.0,22.0,1.1278219,1.3064916,0.5714286,2.5268764,67.583496,2
6bba_ed9377fd,2654,36,39.0,108.0,128.0,0.9264357,1.7082962,0.61904764,2.5434792,68.92444,1
6bba_ed9377fd,2655,36,0.0,153.0,216.0,0.93529314,2.0645394,0.0,2.1396742,41.032837,0
6bba_ed9377fd,2656,36,18.0,182.0,67.0,0.7305976,2.564104,0.2857143,2.5434792,68.92444,0
6bba_ed9377fd,2657,36,39.0,113.0,102.0,0.818949,1.96417,0.61904764,2.5434792,68.92444,0
6bba_ed9377fd,2658,36,58.0,79.0,146.0,1.0946593,2.7727711,0.9206349,2.5434792,68.92444,1
6bba_ed9377fd,2659,36,60.0,89.0,76.0,1.1437798,2.3100593,0.95238096,2.5401762,68.65625,1
6bba_ed9377fd,2660,36,27.0,123.0,173.0,0.9404686,1.8545601,0.42857143,2.5434792,68.92444,2
6bba_ed9377fd,2661,36,33.0,111.0,234.0,0.70050913,2.8039095,0.52380955,2.5434792,68.92444,0
6bba_ed9377fd,2662,36,19.0,164.0,76.0,0.82885087,2.0640166,0.3015873,2.5434792,68.92444,0
6bba_ed9377fd,2663,36,32.0,146.0,131.0,0.66585535,2.9816525,0.50793654,2.5434792,68.92444,0
6bba_ed9377fd,2664,36,28.0,116.0,182.0,0.9769565,1.4338107,0.44444445,2.5434792,68.92444,2
6bba_ed9377fd,2665,36,0.0,164.0,190.0,0.9184877,2.084178,0.0,2.1396742,41.032837,2
6bba_ed9377fd,2666,36,0.0,155.0,199.0,1.0078604,1.707705,0.0,2.1396742,41.032837,1
6bba_ed9377fd,2667,36,10.0,179.0,14.0,0.8679671,1.5741328,0.15873016,2.5434792,68.92444,0
6bba_ed9377fd,2668,36,0.0,196.0,158.0,0.41705298,4.1009154,0.0,2.1161075,39.691895,0
6bba_ed9377fd,2669,36,16.0,161.0,102.0,0.7792272,1.926373,0.25396827,2.5434792,68.92444,3
6bba_ed9377fd,2670,36,10.0,181.0,33.0,0.91836214,0.94094163,0.15873016,2.5434792,68.92444,1
6bba_ed9377fd,2671,36,8.0,200.0,7.0,0.6772199,2.2058308,0.12698413,2.5335438,68.11987,1
6bba_ed9377fd,2672,36,11.0,175.0,172.0,0.47561666,2.8511896,0.17460318,2.5368643,68.38806,1
6bba_ed9377fd,2673,36,12.0,168.0,185.0,0.5972506,1.7031392,0.1904762,2.5335438,68.11987,2
6bba_ed9377fd,2674,36,55.0,78.0,184.0,0.5624597,2.6881046,0.8730159,2.5434792,68.92444,0
6bba_ed9377fd,2675,36,46.0,109.0,151.0,0.6119634,2.5232477,0.73015875,2.5434792,68.92444,1
6bba_ed9377fd,2676,36,20.0,150.0,107.0,0.64496017,1.7076508,0.31746033,2.5434792,68.92444,2
6bba_ed9377fd,2677,36,21.0,150.0,100.0,0.6651012,1.6379117,0.33333334,2.5434792,68.92444,2
6bba_ed9377fd,2678,36,63.0,48.0,191.0,0.5422821,1.4559969,1.0,2.1350024,40.76465,1
6bba_ed9377fd,2679,36,63.0,44.0,201.0,0.57178503,0.62239325,1.0,2.0968692,38.61914,2
6bba_ed9377fd,2680,36,49.0,62.0,255.0,0.3852946,5.0460763,0.7777778,2.1113307,39.423706,0
6bba_ed9377fd,2681,36,0.0,211.0,3.0,0.44260573,1.2194115,0.0,2.0723133,37.2782,1
6bba_ed9377fd,2682,36,58.0,41.0,246.0,0.43418068,2.7542233,0.9206349,2.5434792,68.92444,0
6bba_ed9377fd,2683,36,9.0,172.0,201.0,0.41372553,0.8103803,0.14285715,2.4652207,62.756104,1
6bba_ed9377fd,2684,36,9.0,170.0,206.0,0.421559,0.86728346,0.14285715,2.4791882,63.828857,1
6bba_ed9377fd,2685,36,0.0,212.0,60.0,0.2472719,1.4533736,0.0,2.0673318,37.01001,0
6bba_ed9377fd,2686,36,63.0,58.0,150.0,0.28728417,1.8519701,1.0,2.0723133,37.2782,0
6bba_ed9377fd,2687,36,0.0,166.0,255.0,0.2184086,0.2563348,0.0,1.632877,18.236816,0
6bba_ed9377fd,2688,36,35.0,72.0,255.0,0.2005317,1.7249199,0.5555556,2.0871162,38.082764,1
6bba_ed9377fd,2689,36,26.0,71.0,255.0,0.17547244,1.9834715,0.41269842,2.1161075,39.691895,1
6bba_ed9377fd,2690,36,63.0,73.0,51.0,0.15428099,0.8602104,1.0,1.863049,27.087036,0
6bba_ed9377fd,2691,36,4.0,151.0,245.0,0.19711226,0.4313582,0.06349207,2.400316,57.92871,1
6bba_ed9377fd,2692,36,5.0,150.0,242.0,0.18313077,0.43313488,0.07936508,2.3703089,55.783203,1
6bba_ed9377fd,2693,37,0.0,167.0,237.0,1.1919419,3.5165272,0.0,2.1396742,41.032837,1
6bba_ed9377fd,2694,37,0.0,170.0,230.0,1.1313139,3.0477343,0.0,2.1396742,41.032837,1
6bba_ed9377fd,2695,37,52.0,95.0,150.0,1.1197598,5.1307936,0.82539684,2.5434792,68.92444,0
6bba_ed9377fd,2696,37,47.0,127.0,50.0,0.9421256,4.8342977,0.74603176,2.5434792,68.92444,0
6bba_ed9377fd,2697,37,39.0,144.0,58.0,1.001417,3.5548286,0.61904764,2.5434792,68.92444,0
6bba_ed9377fd,2698,37,63.0,25.0,242.0,0.8637433,6.2092977,1.0,2.1396742,41.032837,0
6bba_ed9377fd,2699,37,39.0,129.0,141.0,1.6040385,3.4517524,0.61904764,2.5434792,68.92444,0
6bba_ed9377fd,2700,37,39.0,144.0,28.0,1.5324968,2.7451992,0.61904764,2.5434792,68.92444,1
6bba_ed9377fd,2701,37,41.0,139.0,22.0,1.4519618,2.3531795,0.6507937,2.5434792,68.92444,1
6bba_ed9377fd,2702,37,0.0,211.0,24.0,0.7850527,3.9918454,0.0,2.1350024,40.76465,1
6bba_ed9377fd,2703,37,36.0,143.0,96.0,0.9096945,4.639119,0.5714286,2.5434792,68.92444,0
6bba_ed9377fd,2704,37,0.0,211.0,30.0,0.8019732,4.2328224,0.0,2.13031,40.49646,1
6bba_ed9377fd,2705,37,38.0,126.0,156.0,1.3823,2.6779377,0.6031746,2.5434792,68.92444,0
6bba_ed9377fd,2706,37,49.0,78.0,220.0,0.8546255,3.6933753,0.7777778,2.5434792,68.92444,0
6bba_ed9377fd,2707,37,54.0,110.0,59.0,0.96527195,3.2481282,0.85714287,2.5401762,68.65625,0
6bba_ed9377fd,2708,37,18.0,172.0,120.0,0.8795431,3.0548387,0.2857143,2.5434792,68.92444,1
6bba_ed9377fd,2709,37,15.0,187.0,38.0,1.2310175,2.6816347,0.23809524,2.5434792,68.92444,0
6bba_ed9377fd,2710,37,63.0,89.0,64.0,1.2938297,2.5354388,1.0,2.1396742,41.032837,1
6bba_ed9377fd,2711,37,18.0,174.0,112.0,0.93490916,2.8018012,0.2857143,2.5434792,68.92444,1
6bba_ed9377fd,2712,37,40.0,114.0,99.0,0.8859425,2.4844043,0.63492066,2.5434792,68.92444,0
6bba_ed9377fd,2713,37,46.0,116.0,124.0,1.1848278,2.541274,0.73015875,2.5434792,68.92444,1
6bba_ed9377fd,2714,37,35.0,156.0,9.0,0.9950233,2.1217005,0.5555556,2.5434792,68.92444,0
6bba_ed9377fd,2715,37,20.0,148.0,200.0,0.7827354,4.3192377,0.31746033,2.5434792,68.92444,0
6bba_ed9377fd,2716,37,7.0,193.0,106.0,0.8535342,3.5183332,0.11111111,2.5434792,68.92444,0
6bba_ed9377fd,2717,37,32.0,123.0,196.0,1.1290846,1.9051175,0.50793654,2.5434792,68.92444,1
6bba_ed9377fd,2718,37,0.0,196.0,159.0,0.52333647,4.4997387,0.0,2.1350024,40.76465,0
6bba_ed9377fd,2719,37,63.0,52.0,58.0,0.7986237,2.3281698,1.0,2.1396742,41.032837,1
6bba_ed9377fd,2720,37,63.0,48.0,68.0,0.7991996,2.3307712,1.0,2.1396742,41.032837,1
6bba_ed9377fd,2721,37,63.0,88.0,76.0,1.2127206,2.1350195,1.0,2.1396742,41.032837,1
6bba_ed9377fd,2722,37,56.0,108.0,7.0,1.0135931,2.7951005,0.8888889,2.5401762,68.65625,0
6bba_ed9377fd,2723,37,33.0,127.0,186.0,1.2691396,2.096816,0.52380955,2.5434792,68.92444,1
6bba_ed9377fd,2724,37,33.0,145.0,129.0,0.7554009,3.0823574,0.52380955,2.5434792,68.92444,0
6bba_ed9377fd,2725,37,59.0,83.0,132.0,1.0432986,2.6339796,0.93650794,2.5434792,68.92444,0
6bba_ed9377fd,2726,37,18.0,164.0,79.0,0.92249316,2.2693229,0.2857143,2.5434792,68.92444,1
6bba_ed9377fd,2727,37,9.0,188.0,134.0,0.7370998,3.093889,0.14285715,2.5434792,68.92444,0
6bba_ed9377fd,2728,37,18.0,182.0,67.0,0.7455962,2.4983048,0.2857143,2.5434792,68.92444,0
6bba_ed9377fd,2729,37,51.0,39.0,208.0,0.92623,1.7560804,0.8095238,2.5434792,68.92444,1
6bba_ed9377fd,2730,37,33.0,113.0,231.0,0.7360999,2.9458666,0.52380955,2.5434792,68.92444,0
6bba_ed9377fd,2731,37,53.0,39.0,195.0,0.92675,1.9959177,0.84126985,2.5434792,68.92444,3
6bba_ed9377fd,2732,37,39.0,110.0,128.0,0.90950596,1.5142201,0.61904764,2.5434792,68.92444,1
6bba_ed9377fd,2733,37,60.0,76.0,147.0,0.9802737,2.1649907,0.95238096,2.5401762,68.65625,0
6bba_ed9377fd,2734,37,27.0,124.0,171.0,0.90926594,1.9542917,0.42857143,2.5434792,68.92444,0
6bba_ed9377fd,2735,37,0.0,153.0,215.0,0.90430266,2.0331645,0.0,2.1396742,41.032837,0
6bba_ed9377fd,2736,37,17.0,163.0,93.0,0.8606821,2.0004344,0.26984128,2.5434792,68.92444,1
6bba_ed9377fd,2737,37,56.0,27.0,200.0,0.91401976,1.690504,0.8888889,2.5434792,68.92444,1
6bba_ed9377fd,2738,37,8.0,200.0,6.0,0.6804196,2.6426616,0.12698413,2.5434792,68.92444,1
6bba_ed9377fd,2739,37,0.0,165.0,189.0,0.8911155,2.1862643,0.0,2.1396742,41.032837,1
6bba_ed9377fd,2740,37,10.0,180.0,15.0,0.84038126,1.6276771,0.15873016,2.5434792,68.92444,0
6bba_ed9377fd,2741,37,10.0,175.0,175.0,0.540936,2.829691,0.15873016,2.5434792,68.92444,1
6bba_ed9377fd,2742,37,47.0,110.0,150.0,0.6284018,2.748749,0.74603176,2.5434792,68.92444,0
6bba_ed9377fd,2743,37,55.0,79.0,184.0,0.57583547,2.7400222,0.8730159,2.5434792,68.92444,0
6bba_ed9377fd,2744,37,13.0,168.0,186.0,0.57584125,1.6855125,0.20634921,2.4964292,65.1698,3
6bba_ed9377fd,2745,37,21.0,149.0,101.0,0.6663867,1.965042,0.33333334,2.5434792,68.92444,0
6bba_ed9377fd,2746,37,63.0,47.0,196.0,0.5998772,0.93249303,1.0,2.120863,39.960083,1
6bba_ed9377fd,2747,37,48.0,64.0,255.0,0.40213832,5.2326174,0.7619048,2.125597,40.22827,0
6bba_ed9377fd,2748,37,58.0,43.0,243.0,0.47384536,4.410043,0.9206349,2.5434792,68.92444,0
6bba_ed9377fd,2749,37,0.0,206.0,47.0,0.3552734,1.8953102,0.0,2.1065323,39.155518,0
6bba_ed9377fd,2750,37,9.0,173.0,199.0,0.40928027,0.7077902,0.14285715,2.451093,61.68335,2
6bba_ed9377fd,2751,37,0.0,211.0,0.0,0.34992173,0.97583246,0.0,1.6870874,20.114136,1
6bba_ed9377fd,2752,37,0.0,212.0,61.0,0.21724108,2.0545304,0.0,2.0968692,38.61914,0
6bba_ed9377fd,2753,37,10.0,170.0,204.0,0.4006639,0.7186991,0.15873016,2.4403894,60.878784,1
6bba_ed9377fd,2754,37,0.0,166.0,255.0,0.22284617,0.6764714,0.0,1.7520384,22.527832,0
6bba_ed9377fd,2755,37,63.0,59.0,152.0,0.28467363,1.7235055,1.0,2.092004,38.350952,0
6bba_ed9377fd,2756,37,25.0,75.0,255.0,0.14615186,1.9964296,0.3968254,2.1350024,40.76465,0
6bba_ed9377fd,2757,38,0.0,169.0,237.0,1.1719308,3.5776439,0.0,2.1396742,41.032837,1
6bba_ed9377fd,2758,38,0.0,172.0,229.0,1.0996996,3.1623137,0.0,2.1396742,41.032837,1
6bba_ed9377fd,2759,38,53.0,97.0,150.0,1.0943508,5.4789424,0.84126985,2.5434792,68.92444,0
6bba_ed9377fd,2760,38,47.0,128.0,50.0,0.96816874,4.613624,0.74603176,2.5434792,68.92444,0
6bba_ed9377fd,2761,38,18.0,173.0,123.0,0.98413867,3.3215504,0.2857143,2.5434792,68.92444,1
6bba_ed9377fd,2762,38,0.0,212.0,28.0,0.9236129,4.7454467,0.0,2.13031,40.49646,0
6bba_ed9377fd,2763,38,41.0,142.0,26.0,1.5695333,2.9204628,0.6507937,2.5434792,68.92444,0
6bba_ed9377fd,2764,38,63.0,28.0,242.0,0.8588005,6.3802314,1.0,2.1396742,41.032837,0
6bba_ed9377fd,2765,38,39.0,131.0,140.0,1.4343522,3.362676,0.61904764,2.5434792,68.92444,0
6bba_ed9377fd,2766,38,40.0,145.0,56.0,0.87485784,3.3212092,0.63492066,2.5434792,68.92444,0
6bba_ed9377fd,2767,38,18.0,176.0,111.0,1.0510178,3.1766517,0.2857143,2.5434792,68.92444,1
6bba_ed9377fd,2768,38,39.0,128.0,155.0,1.3055133,2.719861,0.61904764,2.5434792,68.92444,0
6bba_ed9377fd,2769,38,16.0,188.0,39.0,1.2433593,2.8719296,0.25396827,2.5434792,68.92444,0
6bba_ed9377fd,2770,38,0.0,197.0,160.0,0.5723321,4.641979,0.0,2.1350024,40.76465,0
6bba_ed9377fd,2771,38,36.0,145.0,93.0,0.8488261,4.3697853,0.5714286,2.5401762,68.65625,0
6bba_ed9377fd,2772,38,63.0,92.0,64.0,1.2685977,2.6615946,1.0,2.1396742,41.032837,1
6bba_ed9377fd,2773,38,49.0,81.0,221.0,0.80056226,3.556159,0.7777778,2.5434792,68.92444,0
6bba_ed9377fd,2774,38,46.0,118.0,126.0,1.1688007,2.916766,0.73015875,2.5434792,68.92444,1
6bba_ed9377fd,2775,38,6.0,195.0,104.0,0.8929761,3.6301467,0.0952381,2.5434792,68.92444,1
6bba_ed9377fd,2776,38,55.0,112.0,58.0,0.8948445,3.1545386,0.8730159,2.5434792,68.92444,0
6bba_ed9377fd,2777,38,35.0,158.0,8.0,1.0100105,2.4516754,0.5555556,2.5401762,68.65625,0
6bba_ed9377fd,2778,38,40.0,116.0,99.0,0.8302508,2.5683222,0.63492066,2.5434792,68.92444,0
6bba_ed9377fd,2779,38,32.0,125.0,196.0,1.0675362,1.9769993,0.50793654,2.5434792,68.92444,1
6bba_ed9377fd,2780,38,20.0,149.0,201.0,0.75530946,4.1311255,0.31746033,2.5434792,68.92444,0
6bba_ed9377fd,2781,38,19.0,182.0,68.0,0.8000366,2.372045,0.3015873,2.5434792,68.92444,1
6bba_ed9377fd,2782,38,33.0,130.0,186.0,1.1696064,2.1655388,0.52380955,2.5434792,68.92444,1
6bba_ed9377fd,2783,38,6.0,197.0,98.0,0.77604455,2.97989,0.0952381,2.5434792,68.92444,1
6bba_ed9377fd,2784,38,63.0,91.0,77.0,1.2228749,2.3118777,1.0,2.1396742,41.032837,1
6bba_ed9377fd,2785,38,59.0,85.0,133.0,1.0292257,2.8784475,0.93650794,2.5434792,68.92444,0
6bba_ed9377fd,2786,38,9.0,189.0,134.0,0.7312089,3.176216,0.14285715,2.5434792,68.92444,0
6bba_ed9377fd,2787,38,63.0,55.0,56.0,0.7256726,2.6174433,1.0,2.1396742,41.032837,1
6bba_ed9377fd,2788,38,34.0,116.0,228.0,0.7383854,2.9149766,0.53968257,2.5434792,68.92444,0
6bba_ed9377fd,2789,38,63.0,77.0,148.0,0.88669103,1.719835,1.0,2.1396742,41.032837,0
6bba_ed9377fd,2790,38,20.0,183.0,59.0,0.6858534,2.5590675,0.31746033,2.5434792,68.92444,1
6bba_ed9377fd,2791,38,57.0,108.0,10.0,0.95206743,2.465357,0.9047619,2.5401762,68.65625,1
6bba_ed9377fd,2792,38,33.0,147.0,129.0,0.71252507,3.038686,0.52380955,2.5434792,68.92444,0
6bba_ed9377fd,2793,38,19.0,165.0,77.0,0.90274084,2.184692,0.3015873,2.5434792,68.92444,0
6bba_ed9377fd,2794,38,0.0,155.0,216.0,0.8761146,1.9164057,0.0,2.1396742,41.032837,0
6bba_ed9377fd,2795,38,28.0,125.0,171.0,0.8832856,1.995721,0.44444445,2.5434792,68.92444,0
6bba_ed9377fd,2796,38,56.0,113.0,6.0,0.85531694,2.0431328,0.8888889,2.5066607,65.974365,1
6bba_ed9377fd,2797,38,40.0,110.0,129.0,0.859505,1.400642,0.63492066,2.5434792,68.92444,1
6bba_ed9377fd,2798,38,54.0,38.0,196.0,0.8731266,1.958523,0.85714287,2.5434792,68.92444,3
6bba_ed9377fd,2799,38,52.0,39.0,209.0,0.8746522,1.7106564,0.82539684,2.5434792,68.92444,2
6bba_ed9377fd,2800,38,63.0,49.0,69.0,0.6634803,2.246229,1.0,2.1396742,41.032837,1
6bba_ed9377fd,2801,38,17.0,165.0,93.0,0.8043048,1.9057304,0.26984128,2.5434792,68.92444,0
6bba_ed9377fd,2802,38,9.0,200.0,6.0,0.7018747,2.5608895,0.14285715,2.5368643,68.38806,0
6bba_ed9377fd,2803,38,56.0,26.0,205.0,0.8786861,1.707141,0.8888889,2.5434792,68.92444,2
6bba_ed9377fd,2804,38,55.0,26.0,217.0,0.74755025,1.5991402,0.8730159,2.5434792,68.92444,1
6bba_ed9377fd,2805,38,0.0,167.0,188.0,0.8929679,2.1108046,0.0,2.1396742,41.032837,1
6bba_ed9377fd,2806,38,9.0,182.0,15.0,0.8162978,1.6631383,0.14285715,2.5434792,68.92444,0
6bba_ed9377fd,2807,38,10.0,177.0,176.0,0.5205837,2.5655835,0.15873016,2.5434792,68.92444,1
6bba_ed9377fd,2808,38,55.0,83.0,180.0,0.58723444,2.709442,0.8730159,2.5434792,68.92444,0
6bba_ed9377fd,2809,38,47.0,112.0,151.0,0.6007188,2.932339,0.74603176,2.5434792,68.92444,0
6bba_ed9377fd,2810,38,21.0,151.0,101.0,0.6242708,1.8304101,0.33333334,2.5434792,68.92444,0
6bba_ed9377fd,2811,38,12.0,170.0,187.0,0.5677277,1.2939175,0.1904762,2.5134354,66.51074,3
6bba_ed9377fd,2812,38,63.0,49.0,199.0,0.59888864,1.2908669,1.0,2.1350024,40.76465,2
6bba_ed9377fd,2813,38,63.0,48.0,202.0,0.6091004,1.176829,1.0,2.13031,40.49646,2
6bba_ed9377fd,2814,38,58.0,45.0,244.0,0.46163517,3.663733,0.9206349,2.5434792,68.92444,0
6bba_ed9377fd,2815,38,0.0,212.0,62.0,0.24252109,2.523246,0.0,2.120863,39.960083,0
6bba_ed9377fd,2816,38,0.0,212.0,0.0,0.3761114,1.287474,0.0,1.7520384,22.527832,0
6bba_ed9377fd,2817,38,0.0,167.0,255.0,0.22986558,0.8174801,0.0,1.7726524,23.332397,0
6bba_ed9377fd,2818,38,9.0,174.0,201.0,0.40449214,0.7109021,0.14285715,2.451093,61.68335,2
6bba_ed9377fd,2819,38,10.0,171.0,206.0,0.3922476,0.71624935,0.15873016,2.458177,62.219727,1
6bba_ed9377fd,2820,38,46.0,65.0,255.0,0.30374402,3.7560008,0.73015875,2.1065323,39.155518,0
6bba_ed9377fd,2821,38,63.0,60.0,152.0,0.24309695,1.5737873,1.0,2.057296,36.473633,0
6bba_ed9377fd,2822,38,63.0,0.0,255.0,0.20071249,1.9755477,1.0,1.5121043,14.482178,0
6bba_ed9377fd,2823,38,25.0,75.0,255.0,0.12714866,1.8765434,0.3968254,2.1065323,39.155518,1
6bba_ed9377fd,2824,38,35.0,78.0,255.0,0.144002,1.3123769,0.5555556,2.0772712,37.546387,1
6bba_ed9377fd,2825,39,0.0,173.0,234.0,1.22895,4.086665,0.0,2.1396742,41.032837,0
6bba_ed9377fd,2826,39,53.0,99.0,153.0,1.0323054,5.384269,0.84126985,2.5434792,68.92444,0
6bba_ed9377fd,2827,39,47.0,131.0,51.0,1.0101762,4.7674546,0.74603176,2.5434792,68.92444,0
6bba_ed9377fd,2828,39,0.0,214.0,28.0,0.83388513,3.8289704,0.0,2.1350024,40.76465,1
6bba_ed9377fd,2829,39,38.0,151.0,27.0,1.3838599,2.6505346,0.6031746,2.5434792,68.92444,0
6bba_ed9377fd,2830,39,0.0,215.0,20.0,0.9009242,4.5803185,0.0,2.125597,40.22827,1
6bba_ed9377fd,2831,39,15.0,192.0,41.0,1.2195901,3.0880218,0.23809524,2.5434792,68.92444,0
6bba_ed9377fd,2832,39,39.0,130.0,155.0,1.213905,2.7098703,0.61904764,2.5434792,68.92444,1
6bba_ed9377fd,2833,39,18.0,179.0,110.0,0.93857735,3.0508394,0.2857143,2.5434792,68.92444,1
6bba_ed9377fd,2834,39,38.0,143.0,100.0,0.804179,4.810347,0.6031746,2.5434792,68.92444,1
6bba_ed9377fd,2835,39,17.0,178.0,119.0,0.927407,3.1519897,0.26984128,2.5434792,68.92444,1
6bba_ed9377fd,2836,39,0.0,197.0,166.0,0.58947337,5.244427,0.0,2.1350024,40.76465,0
6bba_ed9377fd,2837,39,39.0,134.0,142.0,1.3672844,3.4225538,0.61904764,2.5434792,68.92444,1
6bba_ed9377fd,2838,39,40.0,120.0,101.0,0.86163056,2.655502,0.63492066,2.5434792,68.92444,0
6bba_ed9377fd,2839,39,32.0,129.0,196.0,1.1621898,2.1327758,0.50793654,2.5434792,68.92444,2
6bba_ed9377fd,2840,39,63.0,32.0,240.0,0.8012727,6.1673,1.0,2.1396742,41.032837,0
6bba_ed9377fd,2841,39,34.0,149.0,127.0,0.84689486,3.2968833,0.53968257,2.5434792,68.92444,0
6bba_ed9377fd,2842,39,21.0,149.0,205.0,0.7770045,4.2229085,0.33333334,2.5434792,68.92444,0
6bba_ed9377fd,2843,39,47.0,121.0,123.0,1.3634961,3.382043,0.74603176,2.5434792,68.92444,1
6bba_ed9377fd,2844,39,35.0,161.0,0.0,1.0082539,2.4380696,0.5555556,2.1350024,40.76465,0
6bba_ed9377fd,2845,39,50.0,83.0,220.0,0.7839695,3.4640296,0.7936508,2.5434792,68.92444,0
6bba_ed9377fd,2846,39,55.0,114.0,58.0,0.85687685,3.104792,0.8730159,2.5434792,68.92444,1
6bba_ed9377fd,2847,39,10.0,191.0,131.0,0.8038476,3.0308251,0.15873016,2.5434792,68.92444,0
6bba_ed9377fd,2848,39,63.0,78.0,152.0,0.98776305,2.0877204,1.0,2.1396742,41.032837,0
6bba_ed9377fd,2849,39,63.0,95.0,68.0,1.2617929,2.3936071,1.0,2.1396742,41.032837,1
6bba_ed9377fd,2850,39,62.0,86.0,135.0,0.9355003,2.061729,0.984127,2.3316977,53.10132,0
6bba_ed9377fd,2851,39,32.0,134.0,186.0,1.2557923,2.2418885,0.50793654,2.5434792,68.92444,3
6bba_ed9377fd,2852,39,41.0,146.0,57.0,0.7614175,2.63911,0.6507937,2.5401762,68.65625,0
6bba_ed9377fd,2853,39,5.0,200.0,103.0,0.8282967,3.237849,0.07936508,2.5434792,68.92444,1
6bba_ed9377fd,2854,39,55.0,115.0,53.0,0.74277925,2.6066275,0.8730159,2.5368643,68.38806,1
6bba_ed9377fd,2855,39,57.0,110.0,11.0,0.8948445,2.0552375,0.9047619,2.5401762,68.65625,0
6bba_ed9377fd,2856,39,36.0,150.0,90.0,0.61556876,2.3340733,0.5714286,2.5368643,68.38806,1
6bba_ed9377fd,2857,39,62.0,94.0,81.0,1.1784661,2.1114914,0.984127,2.3316977,53.10132,1
6bba_ed9377fd,2858,39,33.0,119.0,230.0,0.69227564,2.8591943,0.52380955,2.5434792,68.92444,0
6bba_ed9377fd,2859,39,30.0,127.0,168.0,0.88049734,1.9840834,0.47619048,2.5434792,68.92444,1
6bba_ed9377fd,2860,39,0.0,157.0,217.0,0.8806447,1.6987867,0.0,2.1396742,41.032837,0
6bba_ed9377fd,2861,39,5.0,202.0,95.0,0.67144907,2.6075273,0.07936508,2.5401762,68.65625,1
6bba_ed9377fd,2862,39,19.0,169.0,74.0,0.85616255,2.0004482,0.3015873,2.5434792,68.92444,0
6bba_ed9377fd,2863,39,55.0,41.0,194.0,0.86611015,1.8390901,0.8730159,2.5434792,68.92444,1
6bba_ed9377fd,2864,39,29.0,122.0,192.0,0.96954584,1.2682427,0.46031746,2.5434792,68.92444,3
6bba_ed9377fd,2865,39,20.0,184.0,61.0,0.6886073,2.3665364,0.31746033,2.5434792,68.92444,0
6bba_ed9377fd,2866,39,28.0,123.0,180.0,0.9936292,1.6236286,0.44444445,2.5434792,68.92444,3
6bba_ed9377fd,2867,39,56.0,26.0,217.0,0.7985224,1.8814965,0.8888889,2.5434792,68.92444,1
6bba_ed9377fd,2868,39,39.0,113.0,132.0,0.82232004,1.5312299,0.61904764,2.5434792,68.92444,1
6bba_ed9377fd,2869,39,53.0,41.0,208.0,0.8412326,1.5461488,0.84126985,2.5434792,68.92444,2
6bba_ed9377fd,2870,39,8.0,187.0,11.0,0.8757378,1.980132,0.12698413,2.5434792,68.92444,0
6bba_ed9377fd,2871,39,9.0,203.0,1.0,0.6971996,2.312496,0.14285715,2.3316977,53.10132,1
6bba_ed9377fd,2872,39,0.0,168.0,187.0,0.87941605,1.7076353,0.0,2.1396742,41.032837,1
6bba_ed9377fd,2873,39,63.0,62.0,53.0,0.6001843,2.4021542,1.0,2.1396742,41.032837,0
6bba_ed9377fd,2874,39,10.0,180.0,175.0,0.52616036,3.2408986,0.15873016,2.5434792,68.92444,1
6bba_ed9377fd,2875,39,57.0,27.0,206.0,0.89994115,1.6504952,0.9047619,2.5434792,68.92444,2
6bba_ed9377fd,2876,39,20.0,157.0,104.0,0.6971037,1.9079531,0.31746033,2.5434792,68.92444,1
6bba_ed9377fd,2877,39,63.0,52.0,66.0,0.5763631,2.2092173,1.0,2.1350024,40.76465,0
6bba_ed9377fd,2878,39,55.0,84.0,185.0,0.5690361,2.8263514,0.8730159,2.5434792,68.92444,0
6bba_ed9377fd,2879,39,49.0,115.0,144.0,0.6005645,2.2174704,0.7777778,2.5368643,68.38806,0
6bba_ed9377fd,2880,39,22.0,154.0,95.0,0.7156333,1.7729317,0.34920636,2.5434792,68.92444,1
6bba_ed9377fd,2881,39,63.0,52.0,202.0,0.6937798,1.641267,1.0,2.1396742,41.032837,0
6bba_ed9377fd,2882,39,59.0,48.0,242.0,0.49512905,3.9974227,0.93650794,2.5434792,68.92444,0
6bba_ed9377fd,2883,39,12.0,174.0,187.0,0.4477336,0.8210169,0.1904762,2.42597,59.80603,2
6bba_ed9377fd,2884,39,0.0,215.0,56.0,0.27432746,2.7165287,0.0,2.125597,40.22827,1
6bba_ed9377fd,2885,39,0.0,208.0,44.0,0.31394625,2.0525506,0.0,2.0822053,37.814575,1
6bba_ed9377fd,2886,39,48.0,72.0,255.0,0.33844885,4.193388,0.7619048,2.13031,40.49646,0
6bba_ed9377fd,2887,39,0.0,212.0,0.0,0.3834374,0.86166024,0.0,1.7520384,22.527832,1
6bba_ed9377fd,2888,39,10.0,174.0,203.0,0.41700518,0.57853913,0.15873016,2.451093,61.68335,0
6bba_ed9377fd,2889,39,63.0,8.0,255.0,0.28190604,2.84424,1.0,1.7994134,24.405151,0
6bba_ed9377fd,2890,39,0.0,168.0,255.0,0.20220746,0.49696776,0.0,1.7726524,23.332397,0
6bba_ed9377fd,2891,39,63.0,62.0,153.0,0.22789438,0.66941977,1.0,1.9677329,31.914429,0
6bba_ed9377fd,2892,39,50.0,44.0,255.0,0.22925724,0.97058994,0.7936508,2.092004,38.350952,0
6bba_ed9377fd,2893,39,58.0,27.0,255.0,0.25465244,0.64541113,0.9206349,1.9841315,32.718994,0
6bba_ed9377fd,2894,40,0.0,171.0,237.0,1.2357644,3.8709722,0.0,2.1396742,41.032837,1
6bba_ed9377fd,2895,40,0.0,173.0,232.0,1.2930907,4.040905,0.0,2.1396742,41.032837,1
6bba_ed9377fd,2896,40,47.0,131.0,50.0,1.0393791,5.1086783,0.74603176,2.5434792,68.92444,0
6bba_ed9377fd,2897,40,53.0,98.0,152.0,1.0642966,5.4455914,0.84126985,2.5434792,68.92444,0
6bba_ed9377fd,2898,40,38.0,151.0,27.0,1.4825131,3.0319552,0.6031746,2.5434792,68.92444,0
6bba_ed9377fd,2899,40,14.0,192.0,39.0,1.2829152,3.4465163,0.22222222,2.5434792,68.92444,0
6bba_ed9377fd,2900,40,0.0,214.0,21.0,0.98023856,5.0859747,0.0,2.1350024,40.76465,0
6bba_ed9377fd,2901,40,18.0,179.0,108.0,0.96386063,3.1919043,0.2857143,2.5434792,68.92444,1
6bba_ed9377fd,2902,40,38.0,143.0,100.0,0.81004125,4.8739505,0.6031746,2.5434792,68.92444,1
6bba_ed9377fd,2903,40,32.0,130.0,196.0,1.1965809,2.3277326,0.50793654,2.5434792,68.92444,2
6bba_ed9377fd,2904,40,38.0,130.0,155.0,1.1503854,2.3864453,0.6031746,2.5434792,68.92444,2
6bba_ed9377fd,2905,40,17.0,178.0,114.0,0.9513248,3.1871953,0.26984128,2.5434792,68.92444,1
6bba_ed9377fd,2906,40,39.0,134.0,140.0,1.328888,3.2055702,0.61904764,2.5434792,68.92444,0
6bba_ed9377fd,2907,40,34.0,149.0,125.0,0.85081446,3.3207347,0.53968257,2.5434792,68.92444,0
6bba_ed9377fd,2908,40,63.0,77.0,151.0,1.1487144,2.399772,1.0,2.1396742,41.032837,0
6bba_ed9377fd,2909,40,35.0,161.0,0.0,0.96240634,2.514092,0.5555556,2.1396742,41.032837,0
6bba_ed9377fd,2910,40,10.0,191.0,127.0,0.8290052,2.9373984,0.15873016,2.5434792,68.92444,0
6bba_ed9377fd,2911,40,47.0,121.0,118.0,1.3588966,3.1955504,0.74603176,2.5434792,68.92444,0
6bba_ed9377fd,2912,40,49.0,86.0,217.0,0.76257735,3.6261072,0.7777778,2.5434792,68.92444,0
6bba_ed9377fd,2913,40,32.0,134.0,185.0,1.3645362,2.5954642,0.50793654,2.5434792,68.92444,3
6bba_ed9377fd,2914,40,63.0,96.0,66.0,1.1191155,2.3326938,1.0,2.1396742,41.032837,1
6bba_ed9377fd,2915,40,55.0,114.0,57.0,0.81828046,2.917805,0.8730159,2.5434792,68.92444,0
6bba_ed9377fd,2916,40,0.0,197.0,165.0,0.5278474,5.1800246,0.0,2.1350024,40.76465,0
6bba_ed9377fd,2917,40,63.0,31.0,237.0,0.761769,5.6870694,1.0,2.1396742,41.032837,0
6bba_ed9377fd,2918,40,61.0,85.0,136.0,1.0264317,2.2121336,0.96825397,2.4687274,63.024292,0
6bba_ed9377fd,2919,40,20.0,150.0,204.0,0.7201301,3.996347,0.31746033,2.5434792,68.92444,0
6bba_ed9377fd,2920,40,4.0,200.0,100.0,0.8356789,3.0806115,0.06349207,2.5434792,68.92444,1
6bba_ed9377fd,2921,40,46.0,74.0,255.0,0.6645072,7.4770813,0.73015875,2.1396742,41.032837,0
6bba_ed9377fd,2922,40,4.0,202.0,92.0,0.7119194,2.8341534,0.06349207,2.5434792,68.92444,1
6bba_ed9377fd,2923,40,40.0,146.0,56.0,0.704463,2.6777241,0.63492066,2.5434792,68.92444,0
6bba_ed9377fd,2924,40,41.0,117.0,101.0,0.7677883,2.1109874,0.6507937,2.5434792,68.92444,0
6bba_ed9377fd,2925,40,63.0,94.0,76.0,1.1594541,2.1119301,1.0,2.1396742,41.032837,1
6bba_ed9377fd,2926,40,55.0,29.0,215.0,0.87532645,1.8258842,0.8730159,2.5434792,68.92444,0
6bba_ed9377fd,2927,40,57.0,111.0,0.0,1.0400124,2.601906,0.9047619,2.13031,40.49646,1
6bba_ed9377fd,2928,40,58.0,108.0,8.0,0.8771147,2.91826,0.9206349,2.5434792,68.92444,1
6bba_ed9377fd,2929,40,30.0,127.0,167.0,0.87003547,1.8759094,0.47619048,2.5434792,68.92444,3
6bba_ed9377fd,2930,40,32.0,126.0,163.0,0.85413414,1.6764607,0.50793654,2.5434792,68.92444,2
6bba_ed9377fd,2931,40,40.0,113.0,130.0,0.8986955,1.9211226,0.63492066,2.5434792,68.92444,1
6bba_ed9377fd,2932,40,0.0,157.0,215.0,0.8885914,1.7038621,0.0,2.1396742,41.032837,0
6bba_ed9377fd,2933,40,19.0,169.0,72.0,0.8328848,1.9242408,0.3015873,2.5434792,68.92444,0
6bba_ed9377fd,2934,40,21.0,183.0,57.0,0.68989295,2.508472,0.33333334,2.5434792,68.92444,0
6bba_ed9377fd,2935,40,28.0,122.0,190.0,0.95329595,1.2551769,0.44444445,2.5434792,68.92444,3
6bba_ed9377fd,2936,40,32.0,120.0,231.0,0.6636555,2.6302297,0.50793654,2.5434792,68.92444,0
6bba_ed9377fd,2937,40,35.0,151.0,90.0,0.56717914,1.7194757,0.5555556,2.5134354,66.51074,1
6bba_ed9377fd,2938,40,28.0,122.0,181.0,0.9918065,1.623046,0.44444445,2.5434792,68.92444,3
6bba_ed9377fd,2939,40,9.0,185.0,9.0,0.86782426,1.9227079,0.14285715,2.5434792,68.92444,0
6bba_ed9377fd,2940,40,21.0,157.0,100.0,0.7587834,2.0753193,0.33333334,2.5434792,68.92444,0
6bba_ed9377fd,2941,40,9.0,202.0,1.0,0.67081237,2.352786,0.14285715,2.3316977,53.10132,0
6bba_ed9377fd,2942,40,55.0,41.0,194.0,0.8162978,1.592053,0.8730159,2.5434792,68.92444,1
6bba_ed9377fd,2943,40,0.0,168.0,185.0,0.8978914,1.7953999,0.0,2.1396742,41.032837,1
6bba_ed9377fd,2944,40,55.0,84.0,183.0,0.5972963,2.952987,0.8730159,2.5434792,68.92444,0
6bba_ed9377fd,2945,40,63.0,59.0,55.0,0.5989942,2.1197915,1.0,2.1396742,41.032837,1
6bba_ed9377fd,2946,40,63.0,53.0,64.0,0.5804516,2.1191444,1.0,2.1396742,41.032837,1
6bba_ed9377fd,2947,40,10.0,180.0,173.0,0.5068079,2.9512215,0.15873016,2.5368643,68.38806,1
6bba_ed9377fd,2948,40,63.0,53.0,197.0,0.6315395,1.7230023,1.0,2.1350024,40.76465,1
6bba_ed9377fd,2949,40,49.0,115.0,138.0,0.5913769,1.4200025,0.7777778,2.5268764,67.583496,1
6bba_ed9377fd,2950,40,0.0,214.0,51.0,0.31743014,2.7186952,0.0,2.13031,40.49646,1
6bba_ed9377fd,2951,40,12.0,174.0,183.0,0.4760452,1.0469488,0.1904762,2.4617038,62.487915,2
6bba_ed9377fd,2952,40,59.0,49.0,239.0,0.47656512,4.4004307,0.93650794,2.5434792,68.92444,0
6bba_ed9377fd,2953,40,0.0,167.0,255.0,0.32854077,1.5456417,0.0,1.7994134,24.405151,0
6bba_ed9377fd,2954,40,0.0,214.0,0.0,0.35306838,1.0868134,0.0,1.745058,22.259644,0
6bba_ed9377fd,2955,40,0.0,210.0,40.0,0.33050206,1.5394316,0.0,2.0623262,36.74182,1
6bba_ed9377fd,2956,40,51.0,44.0,255.0,0.33491692,3.1149502,0.8095238,2.125597,40.22827,1
6bba_ed9377fd,2957,40,63.0,8.0,255.0,0.3319617,3.4212081,1.0,1.7994134,24.405151,0
6bba_ed9377fd,2958,40,11.0,173.0,201.0,0.4010239,0.5902789,0.17460318,2.429591,60.07422,0
6bba_ed9377fd,2959,40,59.0,25.0,255.0,0.2879176,1.2266729,0.93650794,2.092004,38.350952,0
6bba_ed9377fd,2960,40,60.0,47.0,255.0,0.23907372,0.2776514,0.95238096,1.7589635,22.79602,1
6bba_ed9377fd,2961,40,63.0,62.0,150.0,0.22653154,0.40951058,1.0,1.9226114,29.76892,0
6bba_ed9377fd,2962,40,26.0,78.0,255.0,0.13986546,1.574824,0.41269842,2.13031,40.49646,0
6bba_ed9377fd,2963,41,0.0,171.0,239.0,1.294252,3.7156422,0.0,2.1396742,41.032837,1
6bba_ed9377fd,2964,41,0.0,174.0,231.0,1.2752104,3.5858486,0.0,2.1396742,41.032837,1
6bba_ed9377fd,2965,41,53.0,99.0,152.0,1.0267801,5.7757297,0.84126985,2.5434792,68.92444,0
6bba_ed9377fd,2966,41,0.0,214.0,17.0,1.0844587,5.053149,0.0,2.1396742,41.032837,0
6bba_ed9377fd,2967,41,39.0,150.0,27.0,1.3781632,3.0545218,0.61904764,2.5434792,68.92444,0
6bba_ed9377fd,2968,41,48.0,131.0,49.0,0.9956918,5.3573723,0.7619048,2.5434792,68.92444,0
6bba_ed9377fd,2969,41,38.0,145.0,99.0,0.95010775,4.9712434,0.6031746,2.5434792,68.92444,1
6bba_ed9377fd,2970,41,14.0,193.0,39.0,1.2564665,3.413716,0.22222222,2.5434792,68.92444,0
6bba_ed9377fd,2971,41,63.0,85.0,135.0,1.0674613,2.3891933,1.0,2.1396742,41.032837,0
6bba_ed9377fd,2972,41,17.0,179.0,114.0,1.0043253,3.3499732,0.26984128,2.5434792,68.92444,0
6bba_ed9377fd,2973,41,0.0,197.0,166.0,0.6293705,5.299882,0.0,2.1396742,41.032837,0
6bba_ed9377fd,2974,41,63.0,77.0,152.0,1.0961198,2.5182247,1.0,2.1396742,41.032837,0
6bba_ed9377fd,2975,41,39.0,135.0,140.0,1.3399384,3.122032,0.61904764,2.5434792,68.92444,0
6bba_ed9377fd,2976,41,32.0,130.0,195.0,1.136101,2.218997,0.50793654,2.5434792,68.92444,1
6bba_ed9377fd,2977,41,63.0,95.0,68.0,1.2246505,2.7661946,1.0,2.1396742,41.032837,1
6bba_ed9377fd,2978,41,38.0,131.0,155.0,1.1551164,2.2282383,0.6031746,2.5434792,68.92444,0
6bba_ed9377fd,2979,41,63.0,94.0,82.0,1.1169944,2.2320845,1.0,2.1396742,41.032837,1
6bba_ed9377fd,2980,41,48.0,122.0,115.0,1.4272271,3.5870795,0.7619048,2.5434792,68.92444,0
6bba_ed9377fd,2981,41,10.0,191.0,127.0,0.7990138,2.9603443,0.15873016,2.5434792,68.92444,0
6bba_ed9377fd,2982,41,36.0,160.0,0.0,0.92273957,2.5064707,0.5714286,2.1396742,41.032837,0
6bba_ed9377fd,2983,41,46.0,74.0,255.0,0.74813086,7.8731017,0.73015875,2.1396742,41.032837,0
6bba_ed9377fd,2984,41,36.0,150.0,93.0,0.7863007,2.6072316,0.5714286,2.5401762,68.65625,1
6bba_ed9377fd,2985,41,32.0,134.0,185.0,1.236,2.290555,0.50793654,2.5434792,68.92444,1
6bba_ed9377fd,2986,41,56.0,114.0,55.0,0.80701303,2.941853,0.8888889,2.5434792,68.92444,0
6bba_ed9377fd,2987,41,48.0,89.0,217.0,0.7216327,3.6584337,0.7619048,2.5434792,68.92444,0
6bba_ed9377fd,2988,41,20.0,153.0,200.0,0.74137366,4.0091352,0.31746033,2.5434792,68.92444,0
6bba_ed9377fd,2989,41,35.0,149.0,124.0,0.75013286,3.122146,0.5555556,2.5434792,68.92444,0
6bba_ed9377fd,2990,41,55.0,31.0,216.0,0.9224075,1.954681,0.8730159,2.5434792,68.92444,0
6bba_ed9377fd,2991,41,41.0,145.0,59.0,0.7117823,2.8303044,0.6507937,2.5434792,68.92444,0
6bba_ed9377fd,2992,41,63.0,33.0,237.0,0.7038765,5.203612,1.0,2.1350024,40.76465,0
6bba_ed9377fd,2993,41,21.0,184.0,56.0,0.7347458,2.5363567,0.33333334,2.5434792,68.92444,1
6bba_ed9377fd,2994,41,4.0,201.0,101.0,0.8072188,3.0825531,0.06349207,2.5434792,68.92444,1
6bba_ed9377fd,2995,41,4.0,203.0,91.0,0.6790312,2.7959223,0.06349207,2.5434792,68.92444,1
6bba_ed9377fd,2996,41,58.0,109.0,9.0,0.8994955,2.663876,0.9206349,2.5401762,68.65625,1
6bba_ed9377fd,2997,41,21.0,183.0,63.0,0.75448674,2.0422134,0.33333334,2.5401762,68.65625,1
6bba_ed9377fd,2998,41,30.0,127.0,168.0,0.8909249,1.9151577,0.47619048,2.5434792,68.92444,0
6bba_ed9377fd,2999,41,19.0,170.0,72.0,0.8464092,1.8469127,0.3015873,2.5434792,68.92444,0
6bba_ed9377fd,3000,41,33.0,120.0,231.0,0.66009015,2.8297403,0.52380955,2.5434792,68.92444,0
6bba_ed9377fd,3001,41,57.0,112.0,0.0,0.99002814,2.0805392,0.9047619,2.125597,40.22827,1
6bba_ed9377fd,3002,41,0.0,159.0,215.0,0.86227477,1.5828389,0.0,2.1396742,41.032837,0
6bba_ed9377fd,3003,41,56.0,43.0,192.0,0.8653045,1.8606215,0.8888889,2.5434792,68.92444,0
6bba_ed9377fd,3004,41,39.0,114.0,132.0,0.80710447,1.9257311,0.61904764,2.5434792,68.92444,1
6bba_ed9377fd,3005,41,8.0,187.0,11.0,0.8556369,1.9492794,0.12698413,2.5434792,68.92444,0
6bba_ed9377fd,3006,41,41.0,118.0,101.0,0.7107424,1.8090714,0.6507937,2.5434792,68.92444,0
6bba_ed9377fd,3007,41,21.0,158.0,100.0,0.7268323,2.0075848,0.33333334,2.5434792,68.92444,0
6bba_ed9377fd,3008,41,55.0,85.0,183.0,0.59537077,2.999538,0.8730159,2.5434792,68.92444,0
6bba_ed9377fd,3009,41,9.0,203.0,0.0,0.53442174,2.1731105,0.14285715,2.13031,40.49646,0
6bba_ed9377fd,3010,41,63.0,60.0,54.0,0.5442784,2.475782,1.0,2.1396742,41.032837,0
6bba_ed9377fd,3011,41,63.0,55.0,199.0,0.63339186,1.6795576,1.0,2.1350024,40.76465,0
6bba_ed9377fd,3012,41,0.0,170.0,186.0,0.8956168,1.7132081,0.0,2.1396742,41.032837,1
6bba_ed9377fd,3013,41,50.0,116.0,134.0,0.6151231,1.3734044,0.7936508,2.5134354,66.51074,1
6bba_ed9377fd,3014,41,10.0,181.0,171.0,0.5049395,2.8463733,0.15873016,2.5434792,68.92444,1
6bba_ed9377fd,3015,41,52.0,47.0,255.0,0.5063968,4.2528987,0.82539684,2.1350024,40.76465,1
6bba_ed9377fd,3016,41,12.0,176.0,180.0,0.4903581,1.2383672,0.1904762,2.4861133,64.365234,2
6bba_ed9377fd,3017,41,59.0,48.0,255.0,0.4245583,1.9493573,0.93650794,2.0822053,37.814575,1
6bba_ed9377fd,3018,41,0.0,215.0,52.0,0.29239967,3.6386588,0.0,2.1350024,40.76465,1
6bba_ed9377fd,3019,41,59.0,52.0,236.0,0.42405596,4.43414,0.93650794,2.5434792,68.92444,0
6bba_ed9377fd,3020,41,0.0,168.0,255.0,0.3789837,1.0189645,0.0,1.7994134,24.405151,0
6bba_ed9377fd,3021,41,63.0,8.0,255.0,0.33012217,3.508349,1.0,1.7994134,24.405151,0
6bba_ed9377fd,3022,41,11.0,175.0,198.0,0.4279927,0.66433907,0.17460318,2.4687274,63.024292,0
6bba_ed9377fd,3023,41,0.0,209.0,39.0,0.2187383,0.99985,0.0,1.9566469,31.378052,1
6bba_ed9377fd,3024,41,59.0,26.0,255.0,0.27816647,1.046642,0.93650794,2.021376,34.596313,0
6bba_ed9377fd,3025,41,16.0,145.0,255.0,0.10936435,1.9330008,0.25396827,2.0822053,37.814575,0
6bba_ed9377fd,3026,41,26.0,78.0,255.0,0.14113232,1.4535176,0.41269842,2.1161075,39.691895,0
6bba_ed9377fd,3027,42,0.0,173.0,234.0,1.29406,4.2644854,0.0,2.1396742,41.032837,0
6bba_ed9377fd,3028,42,53.0,99.0,156.0,1.0279629,5.5645823,0.84126985,2.5434792,68.92444,0
6bba_ed9377fd,3029,42,39.0,152.0,31.0,1.3907962,3.0708504,0.61904764,2.5434792,68.92444,0
6bba_ed9377fd,3030,42,47.0,133.0,50.0,1.0019256,4.9846735,0.74603176,2.5434792,68.92444,0
6bba_ed9377fd,3031,42,38.0,146.0,98.0,0.98902386,5.14121,0.6031746,2.5434792,68.92444,0
6bba_ed9377fd,3032,42,14.0,194.0,40.0,1.3085586,3.583064,0.22222222,2.5434792,68.92444,0
6bba_ed9377fd,3033,42,63.0,86.0,136.0,1.0877025,2.297564,1.0,2.1396742,41.032837,0
6bba_ed9377fd,3034,42,0.0,216.0,14.0,0.80366236,4.6494856,0.0,2.1350024,40.76465,1
6bba_ed9377fd,3035,42,0.0,215.0,20.0,0.7937674,4.3345246,0.0,2.1350024,40.76465,1
6bba_ed9377fd,3036,42,32.0,130.0,200.0,1.2582321,2.6234956,0.50793654,2.5434792,68.92444,2
6bba_ed9377fd,3037,42,17.0,180.0,116.0,0.98902965,3.2920942,0.26984128,2.5434792,68.92444,0
6bba_ed9377fd,3038,42,39.0,135.0,141.0,1.4185708,3.2211144,0.61904764,2.5434792,68.92444,0
6bba_ed9377fd,3039,42,63.0,79.0,151.0,1.0636991,2.1340263,1.0,2.1396742,41.032837,0
6bba_ed9377fd,3040,42,63.0,95.0,72.0,1.2937145,2.5752347,1.0,2.1396742,41.032837,1
6bba_ed9377fd,3041,42,38.0,131.0,158.0,1.1977295,2.3288832,0.6031746,2.5434792,68.92444,0
6bba_ed9377fd,3042,42,63.0,95.0,85.0,1.3312603,2.581572,1.0,2.1396742,41.032837,1
6bba_ed9377fd,3043,42,36.0,160.0,0.0,0.959959,2.7488499,0.5714286,2.1396742,41.032837,0
6bba_ed9377fd,3044,42,1.0,204.0,99.0,0.86246467,2.8387792,0.015873017,2.3316977,53.10132,0
6bba_ed9377fd,3045,42,0.0,197.0,173.0,0.54789674,5.05788,0.0,2.1350024,40.76465,1
6bba_ed9377fd,3046,42,31.0,135.0,191.0,1.3518001,2.7248473,0.4920635,2.5434792,68.92444,3
6bba_ed9377fd,3047,42,48.0,121.0,116.0,1.4714284,3.4888825,0.7619048,2.5434792,68.92444,2
6bba_ed9377fd,3048,42,20.0,155.0,198.0,0.7714679,4.081682,0.31746033,2.5434792,68.92444,0
6bba_ed9377fd,3049,42,55.0,115.0,59.0,0.8134124,2.9260056,0.8730159,2.5434792,68.92444,0
6bba_ed9377fd,3050,42,10.0,193.0,126.0,0.79247725,2.6393692,0.15873016,2.5434792,68.92444,0
6bba_ed9377fd,3051,42,55.0,32.0,217.0,0.9516618,2.106119,0.8730159,2.5434792,68.92444,0
6bba_ed9377fd,3052,42,63.0,33.0,237.0,0.7168428,5.002908,1.0,2.1350024,40.76465,0
6bba_ed9377fd,3053,42,48.0,89.0,219.0,0.7136621,3.4203737,0.7619048,2.5434792,68.92444,0
6bba_ed9377fd,3054,42,34.0,150.0,127.0,0.74368775,2.859779,0.53968257,2.5434792,68.92444,0
6bba_ed9377fd,3055,42,41.0,120.0,103.0,0.8170863,1.8092763,0.6507937,2.5434792,68.92444,1
6bba_ed9377fd,3056,42,21.0,184.0,57.0,0.7326831,2.3231897,0.33333334,2.5434792,68.92444,0
6bba_ed9377fd,3057,42,59.0,109.0,9.0,0.86762995,2.5906925,0.93650794,2.5434792,68.92444,1
6bba_ed9377fd,3058,42,28.0,130.0,172.0,0.8376272,1.897434,0.44444445,2.5434792,68.92444,1
6bba_ed9377fd,3059,42,58.0,112.0,0.0,1.0117954,2.5060987,0.9206349,2.1350024,40.76465,1
6bba_ed9377fd,3060,42,19.0,172.0,69.0,0.8632647,1.9465272,0.3015873,2.5434792,68.92444,1
6bba_ed9377fd,3061,42,0.0,160.0,215.0,0.8935149,1.6635733,0.0,2.1396742,41.032837,0
6bba_ed9377fd,3062,42,28.0,125.0,191.0,0.98231024,1.187716,0.44444445,2.5434792,68.92444,3
6bba_ed9377fd,3063,42,41.0,146.0,60.0,0.6728603,2.4728436,0.6507937,2.5434792,68.92444,0
6bba_ed9377fd,3064,42,27.0,127.0,183.0,0.97163707,1.5304501,0.42857143,2.5434792,68.92444,3
6bba_ed9377fd,3065,42,20.0,161.0,101.0,0.7842438,2.147952,0.31746033,2.5434792,68.92444,0
6bba_ed9377fd,3066,42,9.0,187.0,10.0,0.88599396,2.0209944,0.14285715,2.5434792,68.92444,0
6bba_ed9377fd,3067,42,33.0,122.0,229.0,0.6604844,2.6875067,0.52380955,2.5434792,68.92444,0
6bba_ed9377fd,3068,42,40.0,116.0,127.0,0.89797556,1.558292,0.63492066,2.5434792,68.92444,3
6bba_ed9377fd,3069,42,63.0,64.0,53.0,0.61234444,2.7491047,1.0,2.1396742,41.032837,0
6bba_ed9377fd,3070,42,63.0,54.0,204.0,0.7465473,2.3901603,1.0,2.1396742,41.032837,0
6bba_ed9377fd,3071,42,39.0,115.0,132.0,0.8107841,1.8493363,0.61904764,2.5434792,68.92444,2
6bba_ed9377fd,3072,42,21.0,164.0,78.0,0.8489461,1.7612767,0.33333334,2.5434792,68.92444,1
6bba_ed9377fd,3073,42,44.0,80.0,255.0,0.5547301,4.5657787,0.6984127,2.1396742,41.032837,0
6bba_ed9377fd,3074,42,0.0,172.0,186.0,0.91597325,1.8646758,0.0,2.1396742,41.032837,0
6bba_ed9377fd,3075,42,57.0,35.0,195.0,0.91278565,1.550212,0.9047619,2.5335438,68.11987,1
6bba_ed9377fd,3076,42,56.0,85.0,184.0,0.591634,2.8977678,0.8888889,2.5434792,68.92444,0
6bba_ed9377fd,3077,42,56.0,40.0,194.0,0.8090014,1.3019598,0.8888889,2.5434792,68.92444,1
6bba_ed9377fd,3078,42,9.0,204.0,0.0,0.5112532,1.9457625,0.14285715,2.125597,40.22827,0
6bba_ed9377fd,3079,42,10.0,182.0,171.0,0.49712312,2.6445043,0.15873016,2.5434792,68.92444,0
6bba_ed9377fd,3080,42,50.0,116.0,135.0,0.60241574,1.4211392,0.7936508,2.5368643,68.38806,2
6bba_ed9377fd,3081,42,52.0,46.0,255.0,0.4261419,3.413514,0.82539684,2.13031,40.49646,1
6bba_ed9377fd,3082,42,0.0,216.0,50.0,0.2673788,3.3135328,0.0,2.1350024,40.76465,1
6bba_ed9377fd,3083,42,58.0,54.0,237.0,0.42165044,4.658313,0.9206349,2.5434792,68.92444,0
6bba_ed9377fd,3084,42,59.0,49.0,255.0,0.36948738,1.7804065,0.93650794,2.0623262,36.74182,1
6bba_ed9377fd,3085,42,63.0,9.0,255.0,0.3504542,3.318332,1.0,1.7994134,24.405151,0
6bba_ed9377fd,3086,42,10.0,175.0,202.0,0.43575194,0.66611576,0.15873016,2.472224,63.29248,0
6bba_ed9377fd,3087,42,0.0,210.0,37.0,0.2309464,1.0316905,0.0,1.9566469,31.378052,1
6bba_ed9377fd,3088,42,15.0,146.0,255.0,0.115996264,2.151356,0.23809524,2.0871162,38.082764,0
6bba_ed9377fd,3089,42,59.0,26.0,255.0,0.28496155,0.9678338,0.93650794,2.0369256,35.40088,1
6bba_ed9377fd,3090,42,58.0,31.0,255.0,0.2836083,0.8270128,0.9206349,2.0317688,35.13269,1
6bba_ed9377fd,3091,42,26.0,80.0,255.0,0.13976946,1.0407816,0.41269842,2.092004,38.350952,0
6bba_ed9377fd,3092,42,0.0,192.0,160.0,0.15498163,0.5102463,0.0,2.021376,34.596313,1
6bba_ed9377fd,3093,43,0.0,173.0,238.0,1.3248203,4.515683,0.0,2.1396742,41.032837,0
6bba_ed9377fd,3094,43,53.0,100.0,157.0,1.106961,6.3294115,0.84126985,2.5434792,68.92444,0
6bba_ed9377fd,3095,43,38.0,154.0,33.0,1.3338246,3.012355,0.6031746,2.5434792,68.92444,0
6bba_ed9377fd,3096,43,38.0,147.0,99.0,1.0000685,5.1244626,0.6031746,2.5434792,68.92444,0
6bba_ed9377fd,3097,43,0.0,206.0,98.0,0.9732804,2.956027,0.0,2.1396742,41.032837,0
6bba_ed9377fd,3098,43,32.0,130.0,205.0,1.2245839,2.7617404,0.50793654,2.5434792,68.92444,1
6bba_ed9377fd,3099,43,14.0,196.0,42.0,1.2866864,3.3800318,0.22222222,2.5434792,68.92444,0
6bba_ed9377fd,3100,43,63.0,85.0,140.0,1.1060052,2.5303183,1.0,2.1396742,41.032837,1
6bba_ed9377fd,3101,43,0.0,216.0,20.0,0.7947462,4.1154885,0.0,2.1350024,40.76465,1
6bba_ed9377fd,3102,43,47.0,134.0,54.0,0.85278,4.447352,0.74603176,2.5434792,68.92444,0
6bba_ed9377fd,3103,43,0.0,217.0,13.0,0.8022227,4.3683195,0.0,2.1350024,40.76465,1
6bba_ed9377fd,3104,43,39.0,136.0,144.0,1.5048196,3.4958174,0.61904764,2.5434792,68.92444,0
6bba_ed9377fd,3105,43,63.0,79.0,153.0,1.0992485,2.3797822,1.0,2.1396742,41.032837,1
6bba_ed9377fd,3106,43,18.0,181.0,114.0,1.0390991,3.1646657,0.2857143,2.5434792,68.92444,1
6bba_ed9377fd,3107,43,18.0,182.0,108.0,1.0155813,3.0227787,0.2857143,2.5434792,68.92444,1
6bba_ed9377fd,3108,43,38.0,132.0,159.0,1.1823423,2.301017,0.6031746,2.5434792,68.92444,0
6bba_ed9377fd,3109,43,63.0,96.0,75.0,1.240448,2.6461258,1.0,2.1396742,41.032837,1
6bba_ed9377fd,3110,43,63.0,95.0,87.0,1.2478957,2.528924,1.0,2.1396742,41.032837,1
6bba_ed9377fd,3111,43,10.0,193.0,129.0,0.8865653,3.082985,0.15873016,2.5434792,68.92444,0
6bba_ed9377fd,3112,43,37.0,160.0,2.0,1.0578561,3.2362716,0.5873016,2.4687274,63.024292,0
6bba_ed9377fd,3113,43,0.0,198.0,176.0,0.5544518,4.443371,0.0,2.125597,40.22827,0
6bba_ed9377fd,3114,43,31.0,135.0,196.0,1.3103927,2.7664287,0.4920635,2.5434792,68.92444,3
6bba_ed9377fd,3115,43,49.0,121.0,116.0,1.3129411,3.1353383,0.7777778,2.5434792,68.92444,1
6bba_ed9377fd,3116,43,20.0,156.0,197.0,0.7768331,4.2014737,0.31746033,2.5434792,68.92444,0
6bba_ed9377fd,3117,43,55.0,32.0,218.0,0.9234246,2.1543965,0.8730159,2.5434792,68.92444,0
6bba_ed9377fd,3118,43,21.0,185.0,60.0,0.80365336,2.3421452,0.33333334,2.5434792,68.92444,0
6bba_ed9377fd,3119,43,28.0,130.0,176.0,0.8622477,2.0049982,0.44444445,2.5434792,68.92444,2
6bba_ed9377fd,3120,43,55.0,116.0,61.0,0.76777107,2.7344496,0.8730159,2.5401762,68.65625,0
6bba_ed9377fd,3121,43,34.0,151.0,128.0,0.7212327,2.8319554,0.53968257,2.5434792,68.92444,0
6bba_ed9377fd,3122,43,41.0,121.0,105.0,0.8124125,1.6503048,0.6507937,2.5434792,68.92444,1
6bba_ed9377fd,3123,43,48.0,89.0,222.0,0.701589,3.545224,0.7619048,2.5434792,68.92444,0
6bba_ed9377fd,3124,43,63.0,34.0,237.0,0.67527574,4.6210766,1.0,2.1350024,40.76465,0
6bba_ed9377fd,3125,43,27.0,127.0,185.0,0.96903723,1.9459836,0.42857143,2.5434792,68.92444,3
6bba_ed9377fd,3126,43,34.0,121.0,232.0,0.6896359,2.8200202,0.53968257,2.5434792,68.92444,0
6bba_ed9377fd,3127,43,28.0,125.0,190.0,0.9524903,1.6088132,0.44444445,2.5434792,68.92444,3
6bba_ed9377fd,3128,43,0.0,161.0,217.0,0.9253309,1.6054977,0.0,2.1396742,41.032837,0
6bba_ed9377fd,3129,43,59.0,110.0,10.0,0.8669101,2.3362324,0.93650794,2.5401762,68.65625,2
6bba_ed9377fd,3130,43,9.0,188.0,9.0,0.94363976,2.0756567,0.14285715,2.5434792,68.92444,0
6bba_ed9377fd,3131,43,10.0,188.0,29.0,0.9529817,1.3849957,0.15873016,2.5434792,68.92444,0
6bba_ed9377fd,3132,43,20.0,162.0,102.0,0.7857237,2.2009575,0.31746033,2.5434792,68.92444,0
6bba_ed9377fd,3133,43,42.0,146.0,63.0,0.6776484,2.60083,0.6666667,2.5434792,68.92444,0
6bba_ed9377fd,3134,43,63.0,55.0,206.0,0.7503767,2.9790177,1.0,2.1396742,41.032837,0
6bba_ed9377fd,3135,43,20.0,173.0,69.0,0.8404783,1.9924669,0.31746033,2.5434792,68.92444,1
6bba_ed9377fd,3136,43,60.0,109.0,0.0,1.0428549,2.413647,0.95238096,2.1350024,40.76465,2
6bba_ed9377fd,3137,43,63.0,64.0,56.0,0.6221147,2.7454185,1.0,2.1396742,41.032837,0
6bba_ed9377fd,3138,43,40.0,116.0,128.0,0.8794575,1.8468559,0.63492066,2.5434792,68.92444,1
6bba_ed9377fd,3139,43,58.0,115.0,0.0,0.90592456,1.8662297,0.9206349,2.1113307,39.423706,2
6bba_ed9377fd,3140,43,0.0,173.0,188.0,0.9251294,1.7140454,0.0,2.1396742,41.032837,0
6bba_ed9377fd,3141,43,57.0,34.0,199.0,0.9309611,1.7686934,0.9047619,2.5434792,68.92444,0
6bba_ed9377fd,3142,43,21.0,165.0,81.0,0.7864265,1.6456994,0.33333334,2.5434792,68.92444,1
6bba_ed9377fd,3143,43,51.0,115.0,136.0,0.59897614,1.6363919,0.8095238,2.5335438,68.11987,1
6bba_ed9377fd,3144,43,10.0,184.0,171.0,0.4871298,2.6492853,0.15873016,2.5401762,68.65625,0
6bba_ed9377fd,3145,43,56.0,85.0,185.0,0.57197875,2.7910452,0.8888889,2.5434792,68.92444,0
6bba_ed9377fd,3146,43,10.0,204.0,0.0,0.49852678,1.6278793,0.15873016,2.1161075,39.691895,0
6bba_ed9377fd,3147,43,43.0,83.0,255.0,0.43570107,4.1299133,0.6825397,2.1350024,40.76465,0
6bba_ed9377fd,3148,43,52.0,46.0,255.0,0.44413733,2.7972724,0.82539684,2.1396742,41.032837,1
6bba_ed9377fd,3149,43,0.0,216.0,57.0,0.2788191,3.8393729,0.0,2.1396742,41.032837,0
6bba_ed9377fd,3150,43,58.0,54.0,237.0,0.42193046,4.6459,0.9206349,2.5434792,68.92444,0
6bba_ed9377fd,3151,43,63.0,12.0,255.0,0.36147553,2.9706068,1.0,1.7994134,24.405151,0
6bba_ed9377fd,3152,43,11.0,177.0,199.0,0.4374432,0.7175354,0.17460318,2.451093,61.68335,0
6bba_ed9377fd,3153,43,63.0,47.0,255.0,0.4157429,1.8727887,1.0,1.7309273,21.723267,1
6bba_ed9377fd,3154,43,16.0,146.0,255.0,0.118702784,2.360326,0.25396827,2.0871162,38.082764,0
6bba_ed9377fd,3155,43,59.0,30.0,255.0,0.31786206,0.953197,0.93650794,2.0871162,38.082764,0
6bba_ed9377fd,3156,43,22.0,113.0,255.0,0.1574194,1.3412488,0.34920636,2.0673318,37.01001,1
6bba_ed9377fd,3157,43,31.0,103.0,255.0,0.15902218,1.7812347,0.4920635,2.092004,38.350952,1
6bba_ed9377fd,3158,44,0.0,173.0,234.0,1.3915138,4.2370744,0.0,2.1396742,41.032837,1
6bba_ed9377fd,3159,44,0.0,171.0,240.0,1.3459445,3.6099684,0.0,2.1396742,41.032837,1
6bba_ed9377fd,3160,44,53.0,100.0,162.0,1.125022,6.0496984,0.84126985,2.5434792,68.92444,0
6bba_ed9377fd,3161,44,0.0,206.0,98.0,1.0427572,3.0550287,0.0,2.1396742,41.032837,0
6bba_ed9377fd,3162,44,38.0,157.0,34.0,1.2968397,3.000328,0.6031746,2.5434792,68.92444,0
6bba_ed9377fd,3163,44,38.0,148.0,99.0,0.9618837,5.5463305,0.6031746,2.5434792,68.92444,0
6bba_ed9377fd,3164,44,0.0,216.0,16.0,0.9787319,5.256134,0.0,2.1396742,41.032837,1
6bba_ed9377fd,3165,44,31.0,130.0,213.0,1.1863248,3.3305779,0.4920635,2.5434792,68.92444,0
6bba_ed9377fd,3166,44,63.0,98.0,92.0,1.1268704,2.8616269,1.0,2.1396742,41.032837,1
6bba_ed9377fd,3167,44,63.0,86.0,142.0,1.1187699,2.4865067,1.0,2.1396742,41.032837,1
6bba_ed9377fd,3168,44,14.0,195.0,48.0,1.2984968,3.4739666,0.22222222,2.5434792,68.92444,0
6bba_ed9377fd,3169,44,39.0,136.0,149.0,1.4459566,3.4887438,0.61904764,2.5434792,68.92444,0
6bba_ed9377fd,3170,44,48.0,135.0,50.0,0.90435785,4.1919994,0.7619048,2.5434792,68.92444,2
6bba_ed9377fd,3171,44,63.0,80.0,153.0,1.2391715,2.910865,1.0,2.1396742,41.032837,1
6bba_ed9377fd,3172,44,63.0,99.0,78.0,1.15669,2.9798877,1.0,2.1396742,41.032837,1
6bba_ed9377fd,3173,44,17.0,184.0,106.0,1.07341,3.0847998,0.26984128,2.5434792,68.92444,0
6bba_ed9377fd,3174,44,0.0,216.0,11.0,0.8516695,3.6773155,0.0,2.1350024,40.76465,1
6bba_ed9377fd,3175,44,38.0,131.0,164.0,1.2040144,2.4396496,0.6031746,2.5434792,68.92444,0
6bba_ed9377fd,3176,44,49.0,135.0,45.0,0.77923286,3.4802203,0.7777778,2.5401762,68.65625,1
6bba_ed9377fd,3177,44,38.0,160.0,0.0,0.9726853,2.718076,0.6031746,2.1396742,41.032837,0
6bba_ed9377fd,3178,44,49.0,123.0,117.0,1.2674825,2.8283696,0.7777778,2.5434792,68.92444,1
6bba_ed9377fd,3179,44,11.0,193.0,125.0,0.86116785,2.2345114,0.17460318,2.5434792,68.92444,0
6bba_ed9377fd,3180,44,46.0,92.0,227.0,0.76481146,3.7759166,0.73015875,2.5434792,68.92444,0
6bba_ed9377fd,3181,44,48.0,136.0,60.0,0.7838896,2.6082304,0.7619048,2.5401762,68.65625,2
6bba_ed9377fd,3182,44,42.0,85.0,255.0,0.75540584,4.497971,0.6666667,2.1396742,41.032837,1
6bba_ed9377fd,3183,44,21.0,158.0,187.0,0.717416,4.0662374,0.33333334,2.5434792,68.92444,0
6bba_ed9377fd,3184,44,27.0,126.0,194.0,0.87317234,2.421008,0.42857143,2.5434792,68.92444,0
6bba_ed9377fd,3185,44,56.0,118.0,56.0,0.8045275,2.8694293,0.8888889,2.5434792,68.92444,0
6bba_ed9377fd,3186,44,20.0,164.0,98.0,0.843438,2.2259543,0.31746033,2.5434792,68.92444,0
6bba_ed9377fd,3187,44,22.0,181.0,63.0,0.7998137,2.0667262,0.34920636,2.5434792,68.92444,0
6bba_ed9377fd,3188,44,63.0,35.0,238.0,0.6636914,4.5791073,1.0,2.125597,40.22827,0
6bba_ed9377fd,3189,44,55.0,37.0,218.0,0.88567394,1.7191025,0.8730159,2.5434792,68.92444,1
6bba_ed9377fd,3190,44,10.0,186.0,9.0,0.91581964,1.9898336,0.15873016,2.5434792,68.92444,0
6bba_ed9377fd,3191,44,60.0,111.0,8.0,0.87416255,3.0412838,0.95238096,2.5401762,68.65625,2
6bba_ed9377fd,3192,44,10.0,185.0,166.0,0.60075307,3.8540795,0.15873016,2.5368643,68.38806,0
6bba_ed9377fd,3193,44,0.0,195.0,186.0,0.46965724,4.0336847,0.0,2.120863,39.960083,0
6bba_ed9377fd,3194,44,63.0,66.0,58.0,0.63600236,2.9688883,1.0,2.1396742,41.032837,0
6bba_ed9377fd,3195,44,9.0,186.0,29.0,0.9106372,1.804427,0.14285715,2.5434792,68.92444,0
6bba_ed9377fd,3196,44,21.0,165.0,81.0,0.8801373,2.1232982,0.33333334,2.5434792,68.92444,0
6bba_ed9377fd,3197,44,35.0,150.0,129.0,0.6909386,2.825453,0.5555556,2.5434792,68.92444,0
6bba_ed9377fd,3198,44,61.0,110.0,0.0,0.94604844,1.9979471,0.96825397,2.0723133,37.2782,2
6bba_ed9377fd,3199,44,0.0,160.0,217.0,0.8891769,1.4761869,0.0,2.1396742,41.032837,0
6bba_ed9377fd,3200,44,40.0,119.0,130.0,0.90590054,1.9315267,0.63492066,2.5434792,68.92444,0
6bba_ed9377fd,3201,44,42.0,121.0,110.0,0.85608256,1.2480162,0.6666667,2.5434792,68.92444,2
6bba_ed9377fd,3202,44,58.0,115.0,0.0,0.9425394,2.277084,0.9206349,2.120863,39.960083,2
6bba_ed9377fd,3203,44,0.0,174.0,186.0,0.912163,1.7857155,0.0,2.1396742,41.032837,1
6bba_ed9377fd,3204,44,43.0,145.0,65.0,0.6423548,2.3828168,0.6825397,2.5434792,68.92444,1
6bba_ed9377fd,3205,44,56.0,47.0,193.0,0.84502083,1.5215876,0.8888889,2.5434792,68.92444,0
6bba_ed9377fd,3206,44,54.0,47.0,208.0,0.9122256,1.2938235,0.85714287,2.5434792,68.92444,2
6bba_ed9377fd,3207,44,52.0,114.0,140.0,0.5399933,2.0072737,0.82539684,2.5401762,68.65625,0
6bba_ed9377fd,3208,44,56.0,87.0,184.0,0.59531933,2.6724975,0.8888889,2.5434792,68.92444,0
6bba_ed9377fd,3209,44,35.0,118.0,234.0,0.59067404,2.2146707,0.5555556,2.5434792,68.92444,0
6bba_ed9377fd,3210,44,50.0,77.0,255.0,0.5422437,1.9923874,0.7936508,2.13031,40.49646,1
6bba_ed9377fd,3211,44,63.0,54.0,213.0,0.72832143,1.2584047,1.0,2.125597,40.22827,1
6bba_ed9377fd,3212,44,27.0,111.0,255.0,0.4768939,3.3875563,0.42857143,2.1396742,41.032837,2
6bba_ed9377fd,3213,44,38.0,133.0,107.0,0.5598942,1.3231145,0.6031746,2.5335438,68.11987,1
6bba_ed9377fd,3214,44,52.0,46.0,255.0,0.4671811,3.0608323,0.82539684,2.1350024,40.76465,1
6bba_ed9377fd,3215,44,34.0,115.0,255.0,0.39470023,1.6776444,0.53968257,2.1161075,39.691895,1
6bba_ed9377fd,3216,44,0.0,215.0,53.0,0.3527204,3.8645198,0.0,2.1396742,41.032837,1
6bba_ed9377fd,3217,44,0.0,216.0,47.0,0.3386216,3.4056416,0.0,2.1396742,41.032837,1
6bba_ed9377fd,3218,44,63.0,17.0,255.0,0.41772762,2.092432,1.0,1.7092885,20.918701,0
6bba_ed9377fd,3219,44,59.0,55.0,237.0,0.45575002,4.885951,0.93650794,2.5434792,68.92444,0
6bba_ed9377fd,3220,44,12.0,177.0,191.0,0.44697946,0.7187135,0.1904762,2.4652207,62.756104,1
6bba_ed9377fd,3221,44,60.0,49.0,255.0,0.3717347,1.1726447,0.95238096,1.994915,33.25537,1
6bba_ed9377fd,3222,44,15.0,146.0,255.0,0.21826802,5.6084976,0.23809524,2.1396742,41.032837,0
6bba_ed9377fd,3223,44,10.0,203.0,0.0,0.34721142,0.68790823,0.15873016,2.0369256,35.40088,0
6bba_ed9377fd,3224,44,0.0,211.0,125.0,0.18110622,0.53312767,0.0,1.85688,26.818848,0
6bba_ed9377fd,3225,44,34.0,98.0,255.0,0.28745693,0.82593083,0.53968257,2.0822053,37.814575,1
6bba_ed9377fd,3226,44,63.0,89.0,45.0,0.16518383,2.0469694,1.0,2.021376,34.596313,0
6bba_ed9377fd,3227,45,0.0,214.0,16.0,1.7782577,4.0417128,0.0,2.1396742,41.032837,1
6bba_ed9377fd,3228,45,0.0,213.0,26.0,1.6335838,3.420133,0.0,2.1396742,41.032837,1
6bba_ed9377fd,3229,45,37.0,160.0,43.0,1.1490598,3.1979012,0.5873016,2.5434792,68.92444,1
6bba_ed9377fd,3230,45,36.0,162.0,35.0,1.2616146,3.821427,0.5714286,2.5434792,68.92444,1
6bba_ed9377fd,3231,45,37.0,150.0,108.0,1.0326825,5.441443,0.5873016,2.5434792,68.92444,0
6bba_ed9377fd,3232,45,63.0,98.0,110.0,1.2914112,2.625017,1.0,2.1396742,41.032837,1
6bba_ed9377fd,3233,45,63.0,102.0,96.0,1.403693,3.158561,1.0,2.1396742,41.032837,1
6bba_ed9377fd,3234,45,55.0,94.0,175.0,1.1237595,4.087117,0.8730159,2.5434792,68.92444,0
6bba_ed9377fd,3235,45,63.0,73.0,169.0,1.0575376,5.063066,1.0,2.1350024,40.76465,0
6bba_ed9377fd,3236,45,16.0,193.0,59.0,1.2389082,3.0925906,0.25396827,2.5434792,68.92444,1
6bba_ed9377fd,3237,45,50.0,132.0,67.0,0.93313795,4.209231,0.7936508,2.5434792,68.92444,0
6bba_ed9377fd,3238,45,0.0,208.0,105.0,0.8634937,3.1240702,0.0,2.1396742,41.032837,0
6bba_ed9377fd,3239,45,37.0,105.0,255.0,2.06726,8.4829,0.5873016,2.1396742,41.032837,0
6bba_ed9377fd,3240,45,38.0,134.0,164.0,1.2227039,2.2821076,0.6031746,2.5434792,68.92444,0
6bba_ed9377fd,3241,45,17.0,192.0,49.0,1.2605517,3.104818,0.26984128,2.5434792,68.92444,2
6bba_ed9377fd,3242,45,32.0,118.0,241.0,1.2468789,3.1029189,0.50793654,2.5434792,68.92444,1
6bba_ed9377fd,3243,45,18.0,181.0,117.0,1.1039612,2.8624349,0.2857143,2.5434792,68.92444,1
6bba_ed9377fd,3244,45,29.0,127.0,231.0,1.1082181,2.4933505,0.46031746,2.5434792,68.92444,1
6bba_ed9377fd,3245,45,40.0,159.0,7.0,0.96668893,3.2459788,0.63492066,2.5434792,68.92444,0
6bba_ed9377fd,3246,45,18.0,183.0,108.0,1.1892445,3.1784363,0.2857143,2.5434792,68.92444,1
6bba_ed9377fd,3247,45,46.0,93.0,230.0,0.8431524,4.2927947,0.73015875,2.5434792,68.92444,0
6bba_ed9377fd,3248,45,0.0,168.0,243.0,1.3591701,2.4827428,0.0,2.1396742,41.032837,1
6bba_ed9377fd,3249,45,49.0,122.0,130.0,1.1008188,2.5014029,0.7777778,2.5434792,68.92444,0
6bba_ed9377fd,3250,45,63.0,69.0,63.0,0.7722208,3.1179318,1.0,2.1396742,41.032837,0
6bba_ed9377fd,3251,45,63.0,36.0,255.0,1.1543626,4.754861,1.0,1.7994134,24.405151,0
6bba_ed9377fd,3252,45,4.0,170.0,233.0,1.3111012,3.0126553,0.06349207,2.5434792,68.92444,1
6bba_ed9377fd,3253,45,46.0,79.0,255.0,0.9549682,5.946919,0.73015875,2.13031,40.49646,0
6bba_ed9377fd,3254,45,37.0,146.0,135.0,0.8047161,3.2060208,0.5873016,2.5434792,68.92444,0
6bba_ed9377fd,3255,45,22.0,160.0,177.0,0.7125936,3.783775,0.34920636,2.5434792,68.92444,0
6bba_ed9377fd,3256,45,37.0,131.0,179.0,1.3108841,2.016013,0.5873016,2.5434792,68.92444,0
6bba_ed9377fd,3257,45,11.0,194.0,120.0,0.8470263,2.2211523,0.17460318,2.5434792,68.92444,2
6bba_ed9377fd,3258,45,27.0,127.0,196.0,0.82465136,2.2176652,0.42857143,2.5434792,68.92444,0
6bba_ed9377fd,3259,45,21.0,164.0,100.0,0.86163056,2.23933,0.33333334,2.5434792,68.92444,0
6bba_ed9377fd,3260,45,57.0,120.0,0.0,1.0052211,2.4783864,0.9047619,2.1350024,40.76465,1
6bba_ed9377fd,3261,45,41.0,122.0,115.0,0.8685328,1.9066297,0.6507937,2.5434792,68.92444,1
6bba_ed9377fd,3262,45,11.0,196.0,111.0,0.8618705,2.2839906,0.17460318,2.5434792,68.92444,2
6bba_ed9377fd,3263,45,55.0,40.0,218.0,0.97683644,1.8810873,0.8730159,2.5434792,68.92444,1
6bba_ed9377fd,3264,45,58.0,117.0,10.0,0.85989934,2.429114,0.9206349,2.5401762,68.65625,1
6bba_ed9377fd,3265,45,0.0,162.0,216.0,0.9790005,1.8193197,0.0,2.1396742,41.032837,0
6bba_ed9377fd,3266,45,39.0,131.0,109.0,0.82222867,2.4142246,0.61904764,2.5434792,68.92444,1
6bba_ed9377fd,3267,45,39.0,119.0,142.0,0.83487886,2.2746065,0.61904764,2.5434792,68.92444,0
6bba_ed9377fd,3268,45,0.0,174.0,184.0,0.95897996,2.1039848,0.0,2.1396742,41.032837,1
6bba_ed9377fd,3269,45,23.0,178.0,62.0,0.8627962,1.8494643,0.36507937,2.5434792,68.92444,0
6bba_ed9377fd,3270,45,12.0,197.0,106.0,0.7570408,2.1384587,0.1904762,2.5168092,66.77893,2
6bba_ed9377fd,3271,45,57.0,118.0,59.0,0.7961284,2.6250806,0.9047619,2.5434792,68.92444,0
6bba_ed9377fd,3272,45,52.0,113.0,149.0,0.63214433,4.1792727,0.82539684,2.5434792,68.92444,0
6bba_ed9377fd,3273,45,57.0,43.0,196.0,1.0282431,1.999253,0.9047619,2.5434792,68.92444,0
6bba_ed9377fd,3274,45,8.0,192.0,10.0,0.884137,1.8504105,0.12698413,2.5434792,68.92444,0
6bba_ed9377fd,3275,45,22.0,164.0,82.0,0.8922162,1.793266,0.34920636,2.5434792,68.92444,0
6bba_ed9377fd,3276,45,45.0,140.0,92.0,0.64172053,3.0711498,0.71428573,2.5434792,68.92444,1
6bba_ed9377fd,3277,45,9.0,188.0,28.0,0.7790272,1.857205,0.14285715,2.5434792,68.92444,0
6bba_ed9377fd,3278,45,63.0,101.0,41.0,0.5185473,3.204714,1.0,2.092004,38.350952,0
6bba_ed9377fd,3279,45,25.0,183.0,46.0,0.6745573,1.3688778,0.3968254,2.5302145,67.851685,1
6bba_ed9377fd,3280,45,6.0,190.0,169.0,0.6273276,3.0211232,0.0952381,2.5434792,68.92444,0
6bba_ed9377fd,3281,45,45.0,142.0,79.0,0.5714588,2.3235996,0.71428573,2.5434792,68.92444,1
6bba_ed9377fd,3282,45,63.0,46.0,228.0,0.6064035,1.4899267,1.0,2.1113307,39.423706,1
6bba_ed9377fd,3283,45,0.0,216.0,49.0,0.43229392,3.5556357,0.0,2.1396742,41.032837,0
6bba_ed9377fd,3284,45,58.0,84.0,194.0,0.5614426,2.2470586,0.9206349,2.5434792,68.92444,0
6bba_ed9377fd,3285,45,0.0,195.0,193.0,0.3153379,2.3057911,0.0,2.0265856,34.864502,0
6bba_ed9377fd,3286,45,63.0,52.0,242.0,0.52517927,3.1823792,1.0,2.13031,40.49646,0
6bba_ed9377fd,3287,45,15.0,146.0,255.0,0.29229409,7.764574,0.23809524,2.1396742,41.032837,0
6bba_ed9377fd,3288,45,0.0,220.0,0.0,0.22852623,0.4488769,0.0,1.5305464,15.018555,0
6bba_ed9377fd,3289,45,14.0,176.0,186.0,0.4092231,0.8497892,0.22222222,2.4439676,61.146973,1
6bba_ed9377fd,3290,45,63.0,7.0,255.0,0.22913942,1.7814952,1.0,1.7927979,24.136963,0
6bba_ed9377fd,3291,45,0.0,211.0,135.0,0.106177956,1.3663065,0.0,1.910994,29.232544,0
6bba_ed9377fd,3292,45,8.0,206.0,0.0,0.2555354,0.23058492,0.12698413,1.9454337,30.841675,0
6bba_ed9377fd,3293,46,0.0,215.0,14.0,1.6973118,3.4009469,0.0,2.1396742,41.032837,1
6bba_ed9377fd,3294,46,63.0,101.0,106.0,1.5028169,3.772995,1.0,2.1396742,41.032837,1
6bba_ed9377fd,3295,46,36.0,162.0,45.0,1.2408051,3.5891063,0.5714286,2.5434792,68.92444,1
6bba_ed9377fd,3296,46,0.0,214.0,26.0,1.6080159,3.1156383,0.0,2.1396742,41.032837,1
6bba_ed9377fd,3297,46,36.0,164.0,36.0,1.2648942,3.4925365,0.5714286,2.5434792,68.92444,1
6bba_ed9377fd,3298,46,63.0,96.0,120.0,1.2270018,2.6591125,1.0,2.1396742,41.032837,1
6bba_ed9377fd,3299,46,36.0,153.0,108.0,1.1214054,5.7899375,0.5714286,2.5434792,68.92444,0
6bba_ed9377fd,3300,46,50.0,132.0,73.0,0.9735283,4.556438,0.7936508,2.5434792,68.92444,0
6bba_ed9377fd,3301,46,46.0,91.0,232.0,0.9516618,4.746003,0.73015875,2.5434792,68.92444,0
6bba_ed9377fd,3302,46,63.0,34.0,255.0,1.0046473,5.533606,1.0,1.7994134,24.405151,0
6bba_ed9377fd,3303,46,16.0,194.0,50.0,1.2843723,3.197474,0.25396827,2.5434792,68.92444,2
6bba_ed9377fd,3304,46,16.0,194.0,61.0,1.2077855,2.849738,0.25396827,2.5434792,68.92444,1
6bba_ed9377fd,3305,46,17.0,184.0,114.0,1.1133375,3.2905917,0.26984128,2.5434792,68.92444,1
6bba_ed9377fd,3306,46,37.0,135.0,167.0,1.2171217,2.200125,0.5873016,2.5434792,68.92444,0
6bba_ed9377fd,3307,46,56.0,93.0,176.0,1.0387219,3.733058,0.8888889,2.5434792,68.92444,0
6bba_ed9377fd,3308,46,30.0,122.0,242.0,1.3499546,3.3239856,0.47619048,2.5434792,68.92444,1
6bba_ed9377fd,3309,46,0.0,210.0,111.0,0.84882855,3.5190175,0.0,2.1396742,41.032837,0
6bba_ed9377fd,3310,46,40.0,160.0,6.0,1.0145072,3.3640172,0.63492066,2.5434792,68.92444,0
6bba_ed9377fd,3311,46,49.0,122.0,136.0,1.1187885,2.9595804,0.7777778,2.5434792,68.92444,0
6bba_ed9377fd,3312,46,29.0,127.0,235.0,1.2578378,2.8390028,0.46031746,2.5434792,68.92444,2
6bba_ed9377fd,3313,46,4.0,170.0,235.0,1.2065284,3.559937,0.06349207,2.5434792,68.92444,1
6bba_ed9377fd,3314,46,63.0,105.0,42.0,0.75241137,3.8887975,1.0,2.1350024,40.76465,1
6bba_ed9377fd,3315,46,22.0,163.0,174.0,0.7748333,4.062234,0.34920636,2.5434792,68.92444,1
6bba_ed9377fd,3316,46,46.0,84.0,255.0,1.6756213,4.9014,0.73015875,2.1396742,41.032837,0
6bba_ed9377fd,3317,46,63.0,65.0,64.0,0.76974463,2.656086,1.0,2.1350024,40.76465,0
6bba_ed9377fd,3318,46,54.0,42.0,218.0,1.0376421,2.3175766,0.85714287,2.5434792,68.92444,1
6bba_ed9377fd,3319,46,27.0,127.0,196.0,0.8600707,2.2264493,0.42857143,2.5434792,68.92444,0
6bba_ed9377fd,3320,46,9.0,189.0,29.0,0.8972557,2.250494,0.14285715,2.5434792,68.92444,0
6bba_ed9377fd,3321,46,5.0,173.0,227.0,0.8696927,1.8433547,0.07936508,2.5368643,68.38806,1
6bba_ed9377fd,3322,46,39.0,134.0,108.0,0.91516256,2.9555624,0.61904764,2.5434792,68.92444,0
6bba_ed9377fd,3323,46,58.0,119.0,12.0,0.88902795,2.5645304,0.9206349,2.5401762,68.65625,1
6bba_ed9377fd,3324,46,37.0,147.0,136.0,0.7759475,3.0766904,0.5873016,2.5434792,68.92444,0
6bba_ed9377fd,3325,46,22.0,165.0,167.0,0.6684836,3.0891166,0.34920636,2.5434792,68.92444,1
6bba_ed9377fd,3326,46,36.0,132.0,182.0,1.2368456,1.8040627,0.5714286,2.5434792,68.92444,1
6bba_ed9377fd,3327,46,57.0,122.0,0.0,1.0224967,2.4404414,0.9047619,2.1350024,40.76465,1
6bba_ed9377fd,3328,46,40.0,123.0,122.0,0.92401886,2.2887921,0.63492066,2.5434792,68.92444,0
6bba_ed9377fd,3329,46,37.0,107.0,249.0,2.1175885,4.6421595,0.5873016,2.5434792,68.92444,0
6bba_ed9377fd,3330,46,0.0,163.0,215.0,0.96372116,1.8995724,0.0,2.1396742,41.032837,0
6bba_ed9377fd,3331,46,63.0,71.0,170.0,0.7069765,3.741971,1.0,2.1017118,38.88733,0
6bba_ed9377fd,3332,46,11.0,199.0,103.0,0.73887676,2.589544,0.17460318,2.5434792,68.92444,2
6bba_ed9377fd,3333,46,57.0,119.0,60.0,0.8283538,2.5690475,0.9047619,2.5434792,68.92444,0
6bba_ed9377fd,3334,46,11.0,198.0,108.0,0.8143323,2.342128,0.17460318,2.5434792,68.92444,2
6bba_ed9377fd,3335,46,63.0,101.0,55.0,0.6647951,2.7563448,1.0,2.13031,40.49646,1
6bba_ed9377fd,3336,46,20.0,168.0,98.0,0.8565225,2.1090019,0.31746033,2.5434792,68.92444,0
6bba_ed9377fd,3337,46,11.0,197.0,113.0,0.83105636,2.1497626,0.17460318,2.5434792,68.92444,3
6bba_ed9377fd,3338,46,8.0,192.0,8.0,0.9776879,2.076275,0.12698413,2.5434792,68.92444,0
6bba_ed9377fd,3339,46,56.0,45.0,199.0,1.004731,1.9857445,0.8888889,2.5434792,68.92444,1
6bba_ed9377fd,3340,46,22.0,175.0,62.0,0.9022266,1.8460883,0.34920636,2.5434792,68.92444,1
6bba_ed9377fd,3341,46,0.0,175.0,184.0,0.95977664,2.2419546,0.0,2.1396742,41.032837,1
6bba_ed9377fd,3342,46,52.0,53.0,211.0,0.87652624,1.4389697,0.82539684,2.5434792,68.92444,2
6bba_ed9377fd,3343,46,21.0,170.0,74.0,0.90764326,1.7494694,0.33333334,2.5434792,68.92444,1
6bba_ed9377fd,3344,46,36.0,122.0,223.0,0.73458576,1.7606376,0.5714286,2.5434792,68.92444,1
6bba_ed9377fd,3345,46,27.0,135.0,182.0,0.9849558,1.1237085,0.42857143,2.5434792,68.92444,1
6bba_ed9377fd,3346,46,4.0,193.0,171.0,0.6809053,3.002924,0.06349207,2.5434792,68.92444,1
6bba_ed9377fd,3347,46,51.0,115.0,153.0,0.6033071,4.415797,0.8095238,2.5434792,68.92444,0
6bba_ed9377fd,3348,46,5.0,191.0,179.0,0.66131866,2.2393181,0.07936508,2.5168092,66.77893,3
6bba_ed9377fd,3349,46,25.0,184.0,45.0,0.63045305,1.321115,0.3968254,2.5368643,68.38806,1
6bba_ed9377fd,3350,46,63.0,45.0,230.0,0.63867056,1.987436,1.0,2.1350024,40.76465,0
6bba_ed9377fd,3351,46,0.0,218.0,47.0,0.45172903,3.8892398,0.0,2.1396742,41.032837,0
6bba_ed9377fd,3352,46,0.0,171.0,255.0,0.53118396,1.3741604,0.0,1.7994134,24.405151,0
6bba_ed9377fd,3353,46,15.0,148.0,255.0,0.32487786,8.0237875,0.23809524,2.1350024,40.76465,0
6bba_ed9377fd,3354,46,57.0,85.0,195.0,0.5161727,1.8852925,0.9047619,2.5434792,68.92444,0
6bba_ed9377fd,3355,46,63.0,51.0,244.0,0.52054363,2.9575613,1.0,2.1350024,40.76465,0
6bba_ed9377fd,3356,46,0.0,196.0,192.0,0.28804237,1.1070803,0.0,1.9226114,29.76892,1
6bba_ed9377fd,3357,46,13.0,179.0,182.0,0.41028017,0.8277475,0.20634921,2.472224,63.29248,2
6bba_ed9377fd,3358,46,0.0,222.0,0.0,0.19710833,0.12710804,0.0,1.4123253,11.800293,0
6bba_ed9377fd,3359,46,63.0,10.0,255.0,0.25484502,1.2978348,1.0,1.7994134,24.405151,0
6bba_ed9377fd,3360,46,48.0,68.0,255.0,0.32741162,0.574997,0.7619048,2.0522413,36.205444,0
6bba_ed9377fd,3361,47,0.0,215.0,25.0,1.59194,4.7060738,0.0,2.1396742,41.032837,1
6bba_ed9377fd,3362,47,0.0,215.0,31.0,1.5190656,4.06606,0.0,2.1396742,41.032837,1
6bba_ed9377fd,3363,47,63.0,99.0,121.0,1.2013284,3.4878464,1.0,2.1396742,41.032837,1
6bba_ed9377fd,3364,47,36.0,163.0,46.0,1.2190588,3.4429865,0.5714286,2.5434792,68.92444,1
6bba_ed9377fd,3365,47,35.0,165.0,40.0,1.2606089,3.3592985,0.5555556,2.5434792,68.92444,1
6bba_ed9377fd,3366,47,63.0,95.0,132.0,1.1247396,2.851475,1.0,2.1396742,41.032837,1
6bba_ed9377fd,3367,47,37.0,152.0,111.0,1.0156271,4.8670816,0.5873016,2.5434792,68.92444,0
6bba_ed9377fd,3368,47,47.0,93.0,227.0,1.0370649,4.8888383,0.74603176,2.5434792,68.92444,0
6bba_ed9377fd,3369,47,16.0,194.0,65.0,1.199095,3.044242,0.25396827,2.5434792,68.92444,0
6bba_ed9377fd,3370,47,63.0,107.0,51.0,1.1085774,3.4838207,1.0,2.1396742,41.032837,1
6bba_ed9377fd,3371,47,63.0,29.0,255.0,0.981685,5.9290905,1.0,1.7994134,24.405151,0
6bba_ed9377fd,3372,47,56.0,94.0,179.0,1.1328272,3.7720637,0.8888889,2.5434792,68.92444,0
6bba_ed9377fd,3373,47,18.0,182.0,115.0,1.0173297,3.4369023,0.2857143,2.5434792,68.92444,0
6bba_ed9377fd,3374,47,0.0,208.0,120.0,0.8368892,3.9953532,0.0,2.1396742,41.032837,0
6bba_ed9377fd,3375,47,28.0,123.0,246.0,1.2508043,3.3175478,0.44444445,2.5434792,68.92444,0
6bba_ed9377fd,3376,47,40.0,160.0,8.0,0.98471004,2.7635753,0.63492066,2.5434792,68.92444,0
6bba_ed9377fd,3377,47,21.0,165.0,170.0,0.7940943,4.1040845,0.33333334,2.5434792,68.92444,0
6bba_ed9377fd,3378,47,49.0,121.0,143.0,1.0201008,3.295373,0.7777778,2.5434792,68.92444,0
6bba_ed9377fd,3379,47,6.0,167.0,236.0,1.0899912,3.210591,0.0952381,2.5434792,68.92444,1
6bba_ed9377fd,3380,47,51.0,130.0,83.0,0.8010936,3.8001213,0.8095238,2.5434792,68.92444,0
6bba_ed9377fd,3381,47,35.0,136.0,173.0,1.2463989,2.0409749,0.5555556,2.5434792,68.92444,0
6bba_ed9377fd,3382,47,54.0,46.0,218.0,1.0997561,2.44575,0.85714287,2.5434792,68.92444,1
6bba_ed9377fd,3383,47,58.0,120.0,16.0,1.0629025,2.9260418,0.9206349,2.5401762,68.65625,1
6bba_ed9377fd,3384,47,63.0,103.0,64.0,1.1060531,3.074254,1.0,2.1350024,40.76465,2
6bba_ed9377fd,3385,47,8.0,190.0,28.0,0.9370061,2.3343117,0.12698413,2.5434792,68.92444,0
6bba_ed9377fd,3386,47,35.0,131.0,190.0,1.2341145,1.8646148,0.5555556,2.5434792,68.92444,0
6bba_ed9377fd,3387,47,7.0,171.0,227.0,0.8310393,2.0233808,0.11111111,2.5268764,67.583496,1
6bba_ed9377fd,3388,47,0.0,163.0,213.0,0.96825117,1.9360894,0.0,2.1396742,41.032837,0
6bba_ed9377fd,3389,47,56.0,125.0,6.0,1.0301799,2.2141895,0.8888889,2.5401762,68.65625,1
6bba_ed9377fd,3390,47,57.0,121.0,60.0,0.93312657,2.6208508,0.9047619,2.5401762,68.65625,0
6bba_ed9377fd,3391,47,63.0,103.0,69.0,0.92616594,2.4518766,1.0,2.1350024,40.76465,1
6bba_ed9377fd,3392,47,40.0,122.0,127.0,0.92328745,2.1825988,0.63492066,2.5434792,68.92444,0
6bba_ed9377fd,3393,47,38.0,107.0,248.0,1.9279956,3.5316546,0.6031746,2.5434792,68.92444,0
6bba_ed9377fd,3394,47,55.0,49.0,200.0,1.0711074,2.1378617,0.8730159,2.5434792,68.92444,0
6bba_ed9377fd,3395,47,39.0,134.0,110.0,0.9305381,2.5602672,0.61904764,2.5434792,68.92444,1
6bba_ed9377fd,3396,47,11.0,198.0,103.0,0.74884725,3.2071073,0.17460318,2.5434792,68.92444,0
6bba_ed9377fd,3397,47,46.0,89.0,246.0,1.6842707,2.3916957,0.73015875,2.5434792,68.92444,1
6bba_ed9377fd,3398,47,8.0,192.0,9.0,1.0199125,2.1560967,0.12698413,2.5434792,68.92444,0
6bba_ed9377fd,3399,47,0.0,175.0,186.0,0.9193708,2.184602,0.0,2.1396742,41.032837,3
6bba_ed9377fd,3400,47,36.0,147.0,141.0,0.73128325,2.9934318,0.5714286,2.5434792,68.92444,0
6bba_ed9377fd,3401,47,63.0,68.0,176.0,0.691486,3.4527218,1.0,2.1113307,39.423706,0
6bba_ed9377fd,3402,47,21.0,170.0,73.0,0.94053715,1.9994053,0.33333334,2.5434792,68.92444,0
6bba_ed9377fd,3403,47,20.0,169.0,93.0,0.86754996,1.967022,0.31746033,2.5434792,68.92444,0
6bba_ed9377fd,3404,47,58.0,117.0,78.0,0.79301435,2.0050375,0.9206349,2.5401762,68.65625,0
6bba_ed9377fd,3405,47,45.0,83.0,255.0,1.5370994,1.360726,0.71428573,2.13031,40.49646,1
6bba_ed9377fd,3406,47,35.0,124.0,224.0,0.7146792,2.209782,0.5555556,2.5434792,68.92444,0
6bba_ed9377fd,3407,47,0.0,166.0,195.0,1.0213066,1.719156,0.0,2.1396742,41.032837,1
6bba_ed9377fd,3408,47,63.0,77.0,54.0,0.6724444,2.115984,1.0,2.1396742,41.032837,1
6bba_ed9377fd,3409,47,25.0,181.0,57.0,0.8345646,1.5003413,0.3968254,2.5434792,68.92444,0
6bba_ed9377fd,3410,47,63.0,70.0,63.0,0.6723676,1.879692,1.0,2.1396742,41.032837,1
6bba_ed9377fd,3411,47,52.0,112.0,159.0,0.557363,4.5942473,0.82539684,2.5434792,68.92444,0
6bba_ed9377fd,3412,47,2.0,195.0,166.0,0.5681257,3.4154162,0.031746034,2.4687274,63.024292,0
6bba_ed9377fd,3413,47,47.0,137.0,101.0,0.4946434,1.3297154,0.74603176,2.5066607,65.974365,1
6bba_ed9377fd,3414,47,63.0,48.0,229.0,0.59589416,1.5112017,1.0,2.1350024,40.76465,1
6bba_ed9377fd,3415,47,0.0,173.0,249.0,0.56233144,1.002173,0.0,2.1161075,39.691895,0
6bba_ed9377fd,3416,47,0.0,218.0,51.0,0.38635033,2.627768,0.0,2.1396742,41.032837,0
6bba_ed9377fd,3417,47,58.0,85.0,199.0,0.5707674,2.0970016,0.9206349,2.5434792,68.92444,0
6bba_ed9377fd,3418,47,63.0,47.0,244.0,0.5080572,2.998743,1.0,2.1396742,41.032837,0
6bba_ed9377fd,3419,47,14.0,148.0,255.0,0.29193902,7.600662,0.22222222,2.1396742,41.032837,0
6bba_ed9377fd,3420,47,0.0,196.0,194.0,0.24970008,2.219265,0.0,1.9454337,30.841675,0
6bba_ed9377fd,3421,47,0.0,221.0,0.0,0.23025286,2.7595367,0.0,1.7380214,21.991455,0
6bba_ed9377fd,3422,47,13.0,179.0,180.0,0.40176097,1.2307388,0.20634921,2.5168092,66.77893,2
6bba_ed9377fd,3423,47,14.0,176.0,185.0,0.4076861,1.0485591,0.22222222,2.5032594,65.70618,2
6bba_ed9377fd,3424,47,49.0,66.0,255.0,0.23355696,0.6019138,0.7777778,2.0673318,37.01001,0
6bba_ed9377fd,3425,48,0.0,216.0,29.0,1.5171556,4.2677755,0.0,2.1396742,41.032837,1
6bba_ed9377fd,3426,48,0.0,215.0,37.0,1.4167844,3.6143584,0.0,2.1396742,41.032837,1
6bba_ed9377fd,3427,48,63.0,100.0,125.0,1.1536187,3.5880668,1.0,2.1396742,41.032837,0
6bba_ed9377fd,3428,48,35.0,166.0,45.0,1.4426198,3.7647545,0.5555556,2.5434792,68.92444,2
6bba_ed9377fd,3429,48,34.0,169.0,34.0,1.402481,3.494736,0.53968257,2.5434792,68.92444,2
6bba_ed9377fd,3430,48,37.0,154.0,110.0,1.1372724,4.9165664,0.5873016,2.5434792,68.92444,0
6bba_ed9377fd,3431,48,35.0,167.0,39.0,1.4354777,3.3570726,0.5555556,2.5434792,68.92444,2
6bba_ed9377fd,3432,48,0.0,208.0,121.0,0.97114015,3.996754,0.0,2.1396742,41.032837,0
6bba_ed9377fd,3433,48,47.0,96.0,225.0,1.0566002,4.3413553,0.74603176,2.5434792,68.92444,0
6bba_ed9377fd,3434,48,18.0,183.0,115.0,1.0497152,3.4477978,0.2857143,2.5434792,68.92444,0
6bba_ed9377fd,3435,48,56.0,96.0,182.0,1.1742173,3.7989259,0.8888889,2.5434792,68.92444,0
6bba_ed9377fd,3436,48,49.0,122.0,147.0,1.0508579,4.222165,0.7777778,2.5434792,68.92444,0
6bba_ed9377fd,3437,48,17.0,194.0,53.0,1.3088615,3.3873034,0.26984128,2.5434792,68.92444,1
6bba_ed9377fd,3438,48,40.0,162.0,11.0,1.0181354,2.604274,0.63492066,2.5434792,68.92444,0
6bba_ed9377fd,3439,48,63.0,109.0,54.0,1.149031,2.9662716,1.0,2.1396742,41.032837,1
6bba_ed9377fd,3440,48,7.0,169.0,233.0,1.1248621,3.1973228,0.11111111,2.5434792,68.92444,1
6bba_ed9377fd,3441,48,28.0,125.0,246.0,1.45619,3.8096464,0.44444445,2.5434792,68.92444,0
6bba_ed9377fd,3442,48,50.0,132.0,85.0,0.8090928,4.486315,0.7936508,2.5434792,68.92444,0
6bba_ed9377fd,3443,48,54.0,48.0,218.0,1.1741202,2.6103618,0.85714287,2.5434792,68.92444,0
6bba_ed9377fd,3444,48,36.0,137.0,176.0,1.4216847,2.1791403,0.5714286,2.5434792,68.92444,0
6bba_ed9377fd,3445,48,63.0,70.0,179.0,0.88947433,3.6052668,1.0,2.13031,40.49646,0
6bba_ed9377fd,3446,48,7.0,172.0,227.0,0.9364462,2.3398414,0.11111111,2.5401762,68.65625,1
6bba_ed9377fd,3447,48,36.0,132.0,192.0,1.3706955,1.9854206,0.5714286,2.5434792,68.92444,1
6bba_ed9377fd,3448,48,63.0,105.0,68.0,1.1406045,2.9665833,1.0,2.1396742,41.032837,1
6bba_ed9377fd,3449,48,57.0,123.0,16.0,1.0003085,2.5260735,0.9047619,2.5302145,67.851685,0
6bba_ed9377fd,3450,48,0.0,165.0,213.0,1.0376226,2.2343497,0.0,2.1396742,41.032837,0
6bba_ed9377fd,3451,48,21.0,167.0,170.0,0.75285834,4.148982,0.33333334,2.5434792,68.92444,0
6bba_ed9377fd,3452,48,8.0,191.0,26.0,0.92498446,2.2894008,0.12698413,2.5434792,68.92444,0
6bba_ed9377fd,3453,48,57.0,122.0,61.0,0.9692201,2.4532065,0.9047619,2.5434792,68.92444,0
6bba_ed9377fd,3454,48,28.0,130.0,196.0,0.9660147,1.2868742,0.44444445,2.5434792,68.92444,1
6bba_ed9377fd,3455,48,35.0,126.0,224.0,0.79623693,2.5165365,0.5555556,2.5434792,68.92444,0
6bba_ed9377fd,3456,48,55.0,50.0,201.0,1.1029214,2.059396,0.8730159,2.5434792,68.92444,0
6bba_ed9377fd,3457,48,11.0,200.0,100.0,0.751327,3.391319,0.17460318,2.5434792,68.92444,0
6bba_ed9377fd,3458,48,36.0,149.0,140.0,0.7789586,3.0143716,0.5714286,2.5434792,68.92444,0
6bba_ed9377fd,3459,48,38.0,110.0,250.0,1.8285024,3.65534,0.6031746,2.5434792,68.92444,0
6bba_ed9377fd,3460,48,46.0,92.0,243.0,1.7714965,2.054911,0.73015875,2.5434792,68.92444,1
6bba_ed9377fd,3461,48,0.0,176.0,186.0,0.950227,2.2130234,0.0,2.1396742,41.032837,1
6bba_ed9377fd,3462,48,39.0,136.0,109.0,0.91632247,2.4957151,0.61904764,2.5434792,68.92444,0
6bba_ed9377fd,3463,48,63.0,29.0,255.0,0.7342144,5.6505413,1.0,1.7994134,24.405151,0
6bba_ed9377fd,3464,48,41.0,124.0,123.0,0.9207105,1.9593178,0.6507937,2.5434792,68.92444,0
6bba_ed9377fd,3465,48,0.0,167.0,195.0,1.0529978,1.7502724,0.0,2.1396742,41.032837,1
6bba_ed9377fd,3466,48,63.0,70.0,62.0,0.7470848,2.0330958,1.0,2.1396742,41.032837,1
6bba_ed9377fd,3467,48,21.0,173.0,70.0,0.95700985,1.9369427,0.33333334,2.5434792,68.92444,2
6bba_ed9377fd,3468,48,22.0,173.0,66.0,0.9352691,1.8404963,0.34920636,2.5434792,68.92444,2
6bba_ed9377fd,3469,48,57.0,120.0,77.0,0.8380957,2.1822033,0.9047619,2.5401762,68.65625,0
6bba_ed9377fd,3470,48,19.0,174.0,85.0,0.89415884,1.8451916,0.3015873,2.5434792,68.92444,0
6bba_ed9377fd,3471,48,3.0,196.0,168.0,0.68191314,3.799238,0.04761905,2.5401762,68.65625,0
6bba_ed9377fd,3472,48,46.0,85.0,255.0,1.7947177,1.419904,0.73015875,2.1350024,40.76465,1
6bba_ed9377fd,3473,48,24.0,181.0,59.0,0.8812287,1.4714761,0.3809524,2.5434792,68.92444,3
6bba_ed9377fd,3474,48,63.0,78.0,58.0,0.6807079,1.8833141,1.0,2.1396742,41.032837,1
6bba_ed9377fd,3475,48,25.0,184.0,48.0,0.7770617,1.5271047,0.3968254,2.5434792,68.92444,2
6bba_ed9377fd,3476,48,52.0,113.0,162.0,0.5445528,4.6591005,0.82539684,2.5434792,68.92444,0
6bba_ed9377fd,3477,48,58.0,88.0,199.0,0.6372924,1.6543795,0.9206349,2.5434792,68.92444,0
6bba_ed9377fd,3478,48,0.0,220.0,52.0,0.39323175,1.2373376,0.0,2.13031,40.49646,0
6bba_ed9377fd,3479,48,63.0,49.0,230.0,0.5936291,1.5222709,1.0,2.1350024,40.76465,1
6bba_ed9377fd,3480,48,0.0,222.0,0.0,0.27357957,3.9153547,0.0,1.7726524,23.332397,1
6bba_ed9377fd,3481,48,0.0,196.0,196.0,0.29659382,2.7394347,0.0,2.0265856,34.864502,0
6bba_ed9377fd,3482,48,63.0,49.0,244.0,0.48134708,2.6747158,1.0,2.1396742,41.032837,1
6bba_ed9377fd,3483,48,13.0,181.0,178.0,0.42295322,1.4702481,0.20634921,2.5134354,66.51074,0
6bba_ed9377fd,3484,48,14.0,150.0,255.0,0.2833012,6.349579,0.22222222,2.1396742,41.032837,0
6bba_ed9377fd,3485,48,8.0,212.0,0.0,0.18135576,0.35049948,0.12698413,1.9677329,31.914429,1
6bba_ed9377fd,3486,49,63.0,100.0,127.0,1.1277821,4.4139853,1.0,2.1396742,41.032837,0
6bba_ed9377fd,3487,49,0.0,216.0,34.0,1.4397705,4.303614,0.0,2.1396742,41.032837,1
6bba_ed9377fd,3488,49,0.0,215.0,42.0,1.3079574,3.4576976,0.0,2.1396742,41.032837,1
6bba_ed9377fd,3489,49,37.0,154.0,111.0,1.30877,5.6213665,0.5873016,2.5434792,68.92444,0
6bba_ed9377fd,3490,49,35.0,166.0,45.0,1.5253832,3.5142303,0.5555556,2.5434792,68.92444,1
6bba_ed9377fd,3491,49,34.0,169.0,33.0,1.6309617,3.7307148,0.53968257,2.5434792,68.92444,1
6bba_ed9377fd,3492,49,0.0,208.0,122.0,0.9638651,4.2675476,0.0,2.1396742,41.032837,0
6bba_ed9377fd,3493,49,50.0,134.0,83.0,0.93621755,5.019892,0.7936508,2.5434792,68.92444,0
6bba_ed9377fd,3494,49,18.0,184.0,116.0,1.1440545,3.6107466,0.2857143,2.5434792,68.92444,0
6bba_ed9377fd,3495,49,55.0,96.0,185.0,1.1367123,4.078403,0.8730159,2.5434792,68.92444,0
6bba_ed9377fd,3496,49,47.0,98.0,223.0,1.0820606,4.21336,0.74603176,2.5434792,68.92444,0
6bba_ed9377fd,3497,49,7.0,170.0,233.0,1.1992892,3.52649,0.11111111,2.5434792,68.92444,0
6bba_ed9377fd,3498,49,40.0,162.0,12.0,1.0020055,3.1984444,0.63492066,2.5434792,68.92444,0
6bba_ed9377fd,3499,49,17.0,194.0,52.0,1.171212,3.1655364,0.26984128,2.5434792,68.92444,1
6bba_ed9377fd,3500,49,50.0,122.0,145.0,1.085923,3.8149922,0.7936508,2.5434792,68.92444,0
6bba_ed9377fd,3501,49,54.0,49.0,219.0,1.1745088,2.9445317,0.85714287,2.5434792,68.92444,1
6bba_ed9377fd,3502,49,29.0,125.0,246.0,1.5770183,4.262002,0.46031746,2.5434792,68.92444,0
6bba_ed9377fd,3503,49,57.0,124.0,15.0,1.0604569,2.5505147,0.9047619,2.5401762,68.65625,1
6bba_ed9377fd,3504,49,36.0,149.0,141.0,0.8595451,2.9781208,0.5714286,2.5434792,68.92444,0
6bba_ed9377fd,3505,49,63.0,110.0,55.0,1.0300499,2.2160645,1.0,2.1396742,41.032837,3
6bba_ed9377fd,3506,49,35.0,137.0,178.0,1.3108212,1.9017344,0.5555556,2.5434792,68.92444,0
6bba_ed9377fd,3507,49,35.0,133.0,194.0,1.3536227,1.976913,0.5555556,2.5434792,68.92444,1
6bba_ed9377fd,3508,49,8.0,190.0,26.0,0.9423542,2.312282,0.12698413,2.5434792,68.92444,0
6bba_ed9377fd,3509,49,58.0,123.0,54.0,0.834119,1.8073258,0.9206349,2.5235295,67.31531,2
6bba_ed9377fd,3510,49,56.0,128.0,3.0,1.1925707,2.3266134,0.8888889,2.5368643,68.38806,1
6bba_ed9377fd,3511,49,16.0,195.0,68.0,0.8260969,2.1574044,0.25396827,2.5401762,68.65625,0
6bba_ed9377fd,3512,49,55.0,51.0,204.0,1.0693133,2.1404474,0.8730159,2.5434792,68.92444,0
6bba_ed9377fd,3513,49,36.0,126.0,225.0,0.8107498,2.69015,0.5714286,2.5434792,68.92444,0
6bba_ed9377fd,3514,49,29.0,131.0,196.0,1.0139015,1.279034,0.46031746,2.5434792,68.92444,1
6bba_ed9377fd,3515,49,0.0,164.0,214.0,1.0085418,2.0452204,0.0,2.1396742,41.032837,0
6bba_ed9377fd,3516,49,20.0,168.0,170.0,0.71750176,4.0632105,0.31746033,2.5434792,68.92444,0
6bba_ed9377fd,3517,49,63.0,107.0,68.0,1.0864741,2.505614,1.0,2.1396742,41.032837,2
6bba_ed9377fd,3518,49,57.0,123.0,59.0,1.0005028,2.332301,0.9047619,2.5401762,68.65625,2
6bba_ed9377fd,3519,49,39.0,110.0,248.0,1.7282435,2.8165793,0.61904764,2.5434792,68.92444,0
6bba_ed9377fd,3520,49,58.0,119.0,78.0,0.8354217,2.0821064,0.9206349,2.5401762,68.65625,1
6bba_ed9377fd,3521,49,63.0,106.0,73.0,0.86932904,1.9809322,1.0,2.13031,40.49646,2
6bba_ed9377fd,3522,49,47.0,92.0,241.0,1.7540067,1.8671086,0.74603176,2.5434792,68.92444,1
6bba_ed9377fd,3523,49,0.0,176.0,188.0,0.9341606,2.0490348,0.0,2.1396742,41.032837,1
6bba_ed9377fd,3524,49,11.0,200.0,100.0,0.70946246,3.3289065,0.17460318,2.5434792,68.92444,1
6bba_ed9377fd,3525,49,39.0,135.0,110.0,0.87042975,2.2763724,0.61904764,2.5434792,68.92444,1
6bba_ed9377fd,3526,49,47.0,86.0,248.0,1.8843141,2.0487483,0.74603176,2.5368643,68.38806,1
6bba_ed9377fd,3527,49,63.0,77.0,58.0,0.7197701,2.1954355,1.0,2.1396742,41.032837,0
6bba_ed9377fd,3528,49,0.0,167.0,196.0,1.0369315,1.6675763,0.0,2.1396742,41.032837,1
6bba_ed9377fd,3529,49,20.0,173.0,76.0,0.91303134,1.8948802,0.31746033,2.5434792,68.92444,1
6bba_ed9377fd,3530,49,46.0,134.0,120.0,0.8351818,1.5895088,0.73015875,2.5434792,68.92444,2
6bba_ed9377fd,3531,49,22.0,175.0,63.0,0.8860168,1.7676896,0.34920636,2.5434792,68.92444,2
6bba_ed9377fd,3532,49,52.0,115.0,161.0,0.60438126,4.272166,0.82539684,2.5434792,68.92444,0
6bba_ed9377fd,3533,49,24.0,181.0,58.0,0.855974,1.5209457,0.3809524,2.5434792,68.92444,2
6bba_ed9377fd,3534,49,3.0,197.0,167.0,0.642472,4.0388093,0.04761905,2.5401762,68.65625,0
6bba_ed9377fd,3535,49,25.0,185.0,47.0,0.76659405,1.5373504,0.3968254,2.5335438,68.11987,2
6bba_ed9377fd,3536,49,38.0,126.0,135.0,0.8092243,2.0092432,0.6031746,2.5434792,68.92444,1
6bba_ed9377fd,3537,49,63.0,70.0,179.0,0.6125076,3.2167275,1.0,2.120863,39.960083,0
6bba_ed9377fd,3538,49,40.0,126.0,124.0,0.81433225,1.5721103,0.63492066,2.5434792,68.92444,2
6bba_ed9377fd,3539,49,63.0,28.0,255.0,0.5499831,4.840473,1.0,1.7994134,24.405151,0
6bba_ed9377fd,3540,49,0.0,221.0,0.0,0.34074003,3.1779337,0.0,1.7589635,22.79602,1
6bba_ed9377fd,3541,49,0.0,178.0,245.0,0.5114835,0.9515638,0.0,2.1017118,38.88733,1
6bba_ed9377fd,3542,49,0.0,176.0,248.0,0.5257551,1.0709232,0.0,2.13031,40.49646,1
6bba_ed9377fd,3543,49,0.0,197.0,195.0,0.27264786,2.4358525,0.0,2.021376,34.596313,0
6bba_ed9377fd,3544,49,13.0,182.0,177.0,0.40036112,1.6718764,0.20634921,2.5302145,67.851685,0
6bba_ed9377fd,3545,49,63.0,50.0,244.0,0.42952982,3.1214526,1.0,2.1396742,41.032837,0
6bba_ed9377fd,3546,49,14.0,151.0,255.0,0.26168743,5.9062276,0.22222222,2.1396742,41.032837,0
6bba_ed9377fd,3547,49,63.0,51.0,229.0,0.4799747,0.5894939,1.0,2.0772712,37.546387,1
6bba_ed9377fd,3548,49,7.0,213.0,0.0,0.22797117,0.6069845,0.11111111,2.0265856,34.864502,1
6bba_ed9377fd,3549,49,0.0,209.0,103.0,0.27545035,0.51263803,0.0,2.0723133,37.2782,1
6bba_ed9377fd,3550,50,63.0,100.0,127.0,1.1277821,4.4139853,1.0,2.1396742,41.032837,0
6bba_ed9377fd,3551,50,0.0,216.0,34.0,1.4397705,4.303614,0.0,2.1396742,41.032837,1
6bba_ed9377fd,3552,50,0.0,215.0,42.0,1.3079574,3.4576976,0.0,2.1396742,41.032837,1
6bba_ed9377fd,3553,50,37.0,154.0,111.0,1.30877,5.6213665,0.5873016,2.5434792,68.92444,0
6bba_ed9377fd,3554,50,35.0,166.0,45.0,1.5253832,3.5142303,0.5555556,2.5434792,68.92444,1
6bba_ed9377fd,3555,50,34.0,169.0,33.0,1.6309617,3.7307148,0.53968257,2.5434792,68.92444,1
6bba_ed9377fd,3556,50,0.0,208.0,122.0,0.9638651,4.2675476,0.0,2.1396742,41.032837,0
6bba_ed9377fd,3557,50,50.0,134.0,83.0,0.93621755,5.019892,0.7936508,2.5434792,68.92444,0
6bba_ed9377fd,3558,50,18.0,184.0,116.0,1.1440545,3.6107466,0.2857143,2.5434792,68.92444,0
6bba_ed9377fd,3559,50,55.0,96.0,185.0,1.1367123,4.078403,0.8730159,2.5434792,68.92444,0
6bba_ed9377fd,3560,50,47.0,98.0,223.0,1.0820606,4.21336,0.74603176,2.5434792,68.92444,0
6bba_ed9377fd,3561,50,7.0,170.0,233.0,1.1992892,3.52649,0.11111111,2.5434792,68.92444,0
6bba_ed9377fd,3562,50,40.0,162.0,12.0,1.0020055,3.1984444,0.63492066,2.5434792,68.92444,0
6bba_ed9377fd,3563,50,17.0,194.0,52.0,1.171212,3.1655364,0.26984128,2.5434792,68.92444,1
6bba_ed9377fd,3564,50,50.0,122.0,145.0,1.085923,3.8149922,0.7936508,2.5434792,68.92444,0
6bba_ed9377fd,3565,50,54.0,49.0,219.0,1.1745088,2.9445317,0.85714287,2.5434792,68.92444,1
6bba_ed9377fd,3566,50,29.0,125.0,246.0,1.5770183,4.262002,0.46031746,2.5434792,68.92444,0
6bba_ed9377fd,3567,50,57.0,124.0,15.0,1.0604569,2.5505147,0.9047619,2.5401762,68.65625,1
6bba_ed9377fd,3568,50,36.0,149.0,141.0,0.8595451,2.9781208,0.5714286,2.5434792,68.92444,0
6bba_ed9377fd,3569,50,63.0,110.0,55.0,1.0300499,2.2160645,1.0,2.1396742,41.032837,3
6bba_ed9377fd,3570,50,35.0,137.0,178.0,1.3108212,1.9017344,0.5555556,2.5434792,68.92444,0
6bba_ed9377fd,3571,50,35.0,133.0,194.0,1.3536227,1.976913,0.5555556,2.5434792,68.92444,1
6bba_ed9377fd,3572,50,8.0,190.0,26.0,0.9423542,2.312282,0.12698413,2.5434792,68.92444,0
6bba_ed9377fd,3573,50,58.0,123.0,54.0,0.834119,1.8073258,0.9206349,2.5235295,67.31531,2
6bba_ed9377fd,3574,50,56.0,128.0,3.0,1.1925707,2.3266134,0.8888889,2.5368643,68.38806,1
6bba_ed9377fd,3575,50,16.0,195.0,68.0,0.8260969,2.1574044,0.25396827,2.5401762,68.65625,0
6bba_ed9377fd,3576,50,55.0,51.0,204.0,1.0693133,2.1404474,0.8730159,2.5434792,68.92444,0
6bba_ed9377fd,3577,50,36.0,126.0,225.0,0.8107498,2.69015,0.5714286,2.5434792,68.92444,0
6bba_ed9377fd,3578,50,29.0,131.0,196.0,1.0139015,1.279034,0.46031746,2.5434792,68.92444,1
6bba_ed9377fd,3579,50,0.0,164.0,214.0,1.0085418,2.0452204,0.0,2.1396742,41.032837,0
6bba_ed9377fd,3580,50,20.0,168.0,170.0,0.71750176,4.0632105,0.31746033,2.5434792,68.92444,0
6bba_ed9377fd,3581,50,63.0,107.0,68.0,1.0864741,2.505614,1.0,2.1396742,41.032837,2
6bba_ed9377fd,3582,50,57.0,123.0,59.0,1.0005028,2.332301,0.9047619,2.5401762,68.65625,2
6bba_ed9377fd,3583,50,39.0,110.0,248.0,1.7282435,2.8165793,0.61904764,2.5434792,68.92444,0
6bba_ed9377fd,3584,50,58.0,119.0,78.0,0.8354217,2.0821064,0.9206349,2.5401762,68.65625,1
6bba_ed9377fd,3585,50,63.0,106.0,73.0,0.86932904,1.9809322,1.0,2.13031,40.49646,2
6bba_ed9377fd,3586,50,47.0,92.0,241.0,1.7540067,1.8671086,0.74603176,2.5434792,68.92444,1
6bba_ed9377fd,3587,50,0.0,176.0,188.0,0.9341606,2.0490348,0.0,2.1396742,41.032837,1
6bba_ed9377fd,3588,50,11.0,200.0,100.0,0.70946246,3.3289065,0.17460318,2.5434792,68.92444,1
6bba_ed9377fd,3589,50,39.0,135.0,110.0,0.87042975,2.2763724,0.61904764,2.5434792,68.92444,1
6bba_ed9377fd,3590,50,47.0,86.0,248.0,1.8843141,2.0487483,0.74603176,2.5368643,68.38806,1
6bba_ed9377fd,3591,50,63.0,77.0,58.0,0.7197701,2.1954355,1.0,2.1396742,41.032837,0
6bba_ed9377fd,3592,50,0.0,167.0,196.0,1.0369315,1.6675763,0.0,2.1396742,41.032837,1
6bba_ed9377fd,3593,50,20.0,173.0,76.0,0.91303134,1.8948802,0.31746033,2.5434792,68.92444,1
6bba_ed9377fd,3594,50,46.0,134.0,120.0,0.8351818,1.5895088,0.73015875,2.5434792,68.92444,2
6bba_ed9377fd,3595,50,22.0,175.0,63.0,0.8860168,1.7676896,0.34920636,2.5434792,68.92444,2
6bba_ed9377fd,3596,50,52.0,115.0,161.0,0.60438126,4.272166,0.82539684,2.5434792,68.92444,0
6bba_ed9377fd,3597,50,24.0,181.0,58.0,0.855974,1.5209457,0.3809524,2.5434792,68.92444,2
6bba_ed9377fd,3598,50,3.0,197.0,167.0,0.642472,4.0388093,0.04761905,2.5401762,68.65625,0
6bba_ed9377fd,3599,50,25.0,185.0,47.0,0.76659405,1.5373504,0.3968254,2.5335438,68.11987,2
6bba_ed9377fd,3600,50,38.0,126.0,135.0,0.8092243,2.0092432,0.6031746,2.5434792,68.92444,1
6bba_ed9377fd,3601,50,63.0,70.0,179.0,0.6125076,3.2167275,1.0,2.120863,39.960083,0
6bba_ed9377fd,3602,50,40.0,126.0,124.0,0.81433225,1.5721103,0.63492066,2.5434792,68.92444,2
6bba_ed9377fd,3603,50,63.0,28.0,255.0,0.5499831,4.840473,1.0,1.7994134,24.405151,0
6bba_ed9377fd,3604,50,0.0,221.0,0.0,0.34074003,3.1779337,0.0,1.7589635,22.79602,1
6bba_ed9377fd,3605,50,0.0,178.0,245.0,0.5114835,0.9515638,0.0,2.1017118,38.88733,1
6bba_ed9377fd,3606,50,0.0,176.0,248.0,0.5257551,1.0709232,0.0,2.13031,40.49646,1
6bba_ed9377fd,3607,50,0.0,197.0,195.0,0.27264786,2.4358525,0.0,2.021376,34.596313,0
6bba_ed9377fd,3608,50,13.0,182.0,177.0,0.40036112,1.6718764,0.20634921,2.5302145,67.851685,0
6bba_ed9377fd,3609,50,63.0,50.0,244.0,0.42952982,3.1214526,1.0,2.1396742,41.032837,0
6bba_ed9377fd,3610,50,14.0,151.0,255.0,0.26168743,5.9062276,0.22222222,2.1396742,41.032837,0
6bba_ed9377fd,3611,50,63.0,51.0,229.0,0.4799747,0.5894939,1.0,2.0772712,37.546387,1
6bba_ed9377fd,3612,50,7.0,213.0,0.0,0.22797117,0.6069845,0.11111111,2.0265856,34.864502,1
6bba_ed9377fd,3613,50,0.0,209.0,103.0,0.27545035,0.51263803,0.0,2.0723133,37.2782,1
6bba_ed9377fd,3614,51,0.0,216.0,59.0,1.347192,3.508288,0.0,2.1396742,41.032837,0
6bba_ed9377fd,3615,51,37.0,158.0,108.0,1.2679168,5.9103775,0.5873016,2.5434792,68.92444,0
6bba_ed9377fd,3616,51,36.0,169.0,42.0,1.4609551,3.4473383,0.5714286,2.5434792,68.92444,1
6bba_ed9377fd,3617,51,50.0,137.0,82.0,1.1130633,5.350175,0.7936508,2.5434792,68.92444,0
6bba_ed9377fd,3618,51,0.0,211.0,124.0,0.9855172,4.471931,0.0,2.1396742,41.032837,0
6bba_ed9377fd,3619,51,35.0,171.0,34.0,1.5179325,3.297455,0.5555556,2.5434792,68.92444,1
6bba_ed9377fd,3620,51,63.0,99.0,135.0,1.0913978,4.3905826,1.0,2.1396742,41.032837,0
6bba_ed9377fd,3621,51,53.0,104.0,191.0,1.307513,4.722043,0.84126985,2.5434792,68.92444,0
6bba_ed9377fd,3622,51,48.0,127.0,150.0,1.0581429,4.6393113,0.7619048,2.5434792,68.92444,0
6bba_ed9377fd,3623,51,18.0,187.0,116.0,1.137718,3.4282908,0.2857143,2.5434792,68.92444,0
6bba_ed9377fd,3624,51,40.0,165.0,10.0,1.0901798,3.0382159,0.63492066,2.5434792,68.92444,0
6bba_ed9377fd,3625,51,49.0,96.0,224.0,1.0979619,3.5388844,0.7777778,2.5434792,68.92444,0
6bba_ed9377fd,3626,51,18.0,196.0,50.0,1.3458806,2.9909654,0.2857143,2.5434792,68.92444,3
6bba_ed9377fd,3627,51,6.0,173.0,234.0,1.1042528,3.058112,0.0952381,2.5434792,68.92444,1
6bba_ed9377fd,3628,51,7.0,175.0,228.0,1.0838205,2.993448,0.11111111,2.5434792,68.92444,1
6bba_ed9377fd,3629,51,17.0,196.0,62.0,1.2100137,2.3295035,0.26984128,2.5434792,68.92444,1
6bba_ed9377fd,3630,51,27.0,132.0,245.0,1.297834,2.692252,0.42857143,2.5434792,68.92444,0
6bba_ed9377fd,3631,51,34.0,137.0,197.0,1.3980756,1.7847232,0.53968257,2.5434792,68.92444,0
6bba_ed9377fd,3632,51,0.0,168.0,209.0,1.0426133,2.2819347,0.0,2.1396742,41.032837,0
6bba_ed9377fd,3633,51,52.0,64.0,212.0,1.1929355,2.34371,0.82539684,2.5434792,68.92444,0
6bba_ed9377fd,3634,51,57.0,128.0,14.0,1.1806853,2.2348058,0.9047619,2.5335438,68.11987,1
6bba_ed9377fd,3635,51,36.0,140.0,182.0,1.6183,2.1730323,0.5714286,2.5434792,68.92444,0
6bba_ed9377fd,3636,51,58.0,126.0,55.0,0.8750178,2.3735075,0.9206349,2.5401762,68.65625,0
6bba_ed9377fd,3637,51,56.0,131.0,10.0,1.2259895,2.1116624,0.8888889,2.5368643,68.38806,1
6bba_ed9377fd,3638,51,63.0,108.0,73.0,1.1786588,2.9247584,1.0,2.1350024,40.76465,3
6bba_ed9377fd,3639,51,63.0,107.0,81.0,0.8544048,2.1914794,1.0,2.125597,40.22827,2
6bba_ed9377fd,3640,51,63.0,109.0,69.0,1.2422427,2.886621,1.0,2.1350024,40.76465,3
6bba_ed9377fd,3641,51,41.0,112.0,243.0,1.8202918,2.1199465,0.6507937,2.5434792,68.92444,0
6bba_ed9377fd,3642,51,18.0,174.0,172.0,0.8179148,3.562323,0.2857143,2.5434792,68.92444,1
6bba_ed9377fd,3643,51,7.0,196.0,25.0,1.0163127,2.1350808,0.11111111,2.5434792,68.92444,0
6bba_ed9377fd,3644,51,37.0,152.0,139.0,0.84296954,2.8207877,0.5873016,2.5434792,68.92444,0
6bba_ed9377fd,3645,51,63.0,82.0,60.0,0.794324,3.0695696,1.0,2.1396742,41.032837,1
6bba_ed9377fd,3646,51,53.0,114.0,168.0,0.6715576,6.3002815,0.84126985,2.5434792,68.92444,0
6bba_ed9377fd,3647,51,63.0,111.0,59.0,0.89997417,1.675634,1.0,2.1350024,40.76465,2
6bba_ed9377fd,3648,51,39.0,130.0,134.0,0.97199136,2.1674235,0.61904764,2.5434792,68.92444,0
6bba_ed9377fd,3649,51,58.0,122.0,78.0,0.880303,2.1290128,0.9206349,2.5401762,68.65625,0
6bba_ed9377fd,3650,51,4.0,215.0,0.0,0.63017666,2.3489554,0.06349207,2.1396742,41.032837,1
6bba_ed9377fd,3651,51,12.0,203.0,97.0,0.7366256,3.593635,0.1904762,2.5434792,68.92444,0
6bba_ed9377fd,3652,51,35.0,131.0,225.0,0.77246785,2.936881,0.5555556,2.5434792,68.92444,0
6bba_ed9377fd,3653,51,63.0,72.0,186.0,0.9229027,2.4979553,1.0,2.1065323,39.155518,0
6bba_ed9377fd,3654,51,26.0,187.0,45.0,0.89778703,1.6580509,0.41269842,2.5434792,68.92444,2
6bba_ed9377fd,3655,51,48.0,87.0,245.0,1.8574882,1.5235217,0.7619048,2.5401762,68.65625,0
6bba_ed9377fd,3656,51,26.0,185.0,52.0,0.95891255,1.5023487,0.41269842,2.5434792,68.92444,3
6bba_ed9377fd,3657,51,37.0,140.0,111.0,0.8802173,2.425629,0.5873016,2.5434792,68.92444,1
6bba_ed9377fd,3658,51,19.0,178.0,76.0,0.9811619,1.8232144,0.3015873,2.5434792,68.92444,0
6bba_ed9377fd,3659,51,23.0,179.0,59.0,0.96102667,1.6729573,0.36507937,2.5434792,68.92444,1
6bba_ed9377fd,3660,51,0.0,202.0,165.0,0.61865,3.714398,0.0,2.1396742,41.032837,0
6bba_ed9377fd,3661,51,47.0,136.0,120.0,0.81423515,1.4206313,0.74603176,2.5434792,68.92444,1
6bba_ed9377fd,3662,51,63.0,27.0,255.0,0.57936776,4.1381655,1.0,1.7994134,24.405151,0
6bba_ed9377fd,3663,51,63.0,69.0,62.0,0.59116256,1.7950075,1.0,2.120863,39.960083,1
6bba_ed9377fd,3664,51,59.0,91.0,200.0,0.6577761,1.4321487,0.93650794,2.5401762,68.65625,0
6bba_ed9377fd,3665,51,61.0,96.0,180.0,0.666398,1.3118025,0.96825397,2.4546402,61.951538,0
6bba_ed9377fd,3666,51,0.0,178.0,248.0,0.49651128,1.0308082,0.0,2.1161075,39.691895,0
6bba_ed9377fd,3667,51,63.0,50.0,244.0,0.47166318,4.366442,1.0,2.1396742,41.032837,0
6bba_ed9377fd,3668,51,14.0,154.0,255.0,0.36473662,5.425196,0.22222222,2.1396742,41.032837,0
6bba_ed9377fd,3669,51,13.0,186.0,175.0,0.39863557,1.0319545,0.20634921,2.5032594,65.70618,1
6bba_ed9377fd,3670,51,0.0,224.0,0.0,0.29934967,0.77355796,0.0,1.7380214,21.991455,1
6bba_ed9377fd,3671,51,63.0,53.0,226.0,0.42830133,0.31094062,1.0,1.8932986,28.427979,0
6bba_ed9377fd,3672,51,0.0,202.0,196.0,0.13322392,1.2306182,0.0,1.9283676,30.03711,0
6bba_ed9377fd,3673,52,0.0,217.0,64.0,1.2904034,3.215546,0.0,2.1396742,41.032837,0
6bba_ed9377fd,3674,52,51.0,137.0,83.0,1.1758515,5.3317223,0.8095238,2.5434792,68.92444,0
6bba_ed9377fd,3675,52,36.0,170.0,43.0,1.4069204,3.1202714,0.5714286,2.5434792,68.92444,1
6bba_ed9377fd,3676,52,35.0,173.0,32.0,1.5897083,3.8145585,0.5555556,2.5434792,68.92444,1
6bba_ed9377fd,3677,52,53.0,107.0,192.0,1.2490788,5.4192657,0.84126985,2.5434792,68.92444,0
6bba_ed9377fd,3678,52,38.0,159.0,109.0,1.0577258,4.96632,0.6031746,2.5434792,68.92444,0
6bba_ed9377fd,3679,52,48.0,128.0,153.0,1.0725986,5.1872854,0.7619048,2.5434792,68.92444,0
6bba_ed9377fd,3680,52,0.0,212.0,128.0,0.90794015,4.1128035,0.0,2.1396742,41.032837,0
6bba_ed9377fd,3681,52,19.0,187.0,119.0,1.0434644,3.468537,0.3015873,2.5434792,68.92444,0
6bba_ed9377fd,3682,52,63.0,100.0,136.0,0.9849126,4.501124,1.0,2.1396742,41.032837,0
6bba_ed9377fd,3683,52,41.0,165.0,12.0,1.1430147,3.0547607,0.6507937,2.5434792,68.92444,0
6bba_ed9377fd,3684,52,50.0,96.0,224.0,1.1197312,3.4621282,0.7936508,2.5434792,68.92444,0
6bba_ed9377fd,3685,52,19.0,197.0,53.0,1.2922859,2.7025833,0.3015873,2.5434792,68.92444,2
6bba_ed9377fd,3686,52,35.0,138.0,199.0,1.509402,2.0985875,0.5555556,2.5434792,68.92444,0
6bba_ed9377fd,3687,52,7.0,177.0,228.0,1.025089,2.8925817,0.11111111,2.5434792,68.92444,1
6bba_ed9377fd,3688,52,6.0,175.0,234.0,1.0699818,2.9775062,0.0952381,2.5434792,68.92444,2
6bba_ed9377fd,3689,52,17.0,196.0,66.0,1.1799712,2.1883016,0.26984128,2.5434792,68.92444,1
6bba_ed9377fd,3690,52,2.0,217.0,0.0,1.0223539,4.262622,0.031746034,2.0723133,37.2782,1
6bba_ed9377fd,3691,52,27.0,131.0,250.0,1.3388928,3.8893428,0.42857143,2.5434792,68.92444,0
6bba_ed9377fd,3692,52,57.0,130.0,17.0,1.1806738,2.2046247,0.9047619,2.5401762,68.65625,1
6bba_ed9377fd,3693,52,56.0,133.0,13.0,1.2433363,2.0102258,0.8888889,2.5302145,67.851685,1
6bba_ed9377fd,3694,52,36.0,142.0,184.0,1.730632,2.3735464,0.5714286,2.5434792,68.92444,1
6bba_ed9377fd,3695,52,0.0,169.0,211.0,1.0282264,2.4086993,0.0,2.1396742,41.032837,0
6bba_ed9377fd,3696,52,52.0,64.0,215.0,1.086443,2.0862236,0.82539684,2.5434792,68.92444,1
6bba_ed9377fd,3697,52,52.0,57.0,222.0,0.9949091,2.1919293,0.82539684,2.5434792,68.92444,2
6bba_ed9377fd,3698,52,18.0,176.0,175.0,0.8242228,3.524119,0.2857143,2.5434792,68.92444,2
6bba_ed9377fd,3699,52,41.0,112.0,249.0,1.7768844,3.2597702,0.6507937,2.5434792,68.92444,0
6bba_ed9377fd,3700,52,7.0,196.0,27.0,1.0089991,2.1919663,0.11111111,2.5434792,68.92444,0
6bba_ed9377fd,3701,52,58.0,126.0,60.0,1.0572115,2.6947389,0.9206349,2.5335438,68.11987,0
6bba_ed9377fd,3702,52,54.0,64.0,199.0,1.0883057,2.211161,0.85714287,2.5434792,68.92444,1
6bba_ed9377fd,3703,52,63.0,108.0,73.0,0.96030444,2.5247786,1.0,2.1161075,39.691895,1
6bba_ed9377fd,3704,52,63.0,82.0,61.0,0.7875289,2.2832801,1.0,2.1396742,41.032837,0
6bba_ed9377fd,3705,52,28.0,142.0,178.0,0.99651456,1.1297338,0.44444445,2.5434792,68.92444,1
6bba_ed9377fd,3706,52,37.0,154.0,141.0,0.8032077,2.7213197,0.5873016,2.5434792,68.92444,0
6bba_ed9377fd,3707,52,27.0,187.0,47.0,0.92865264,1.7910644,0.42857143,2.5434792,68.92444,1
6bba_ed9377fd,3708,52,36.0,130.0,228.0,0.7870664,3.08396,0.5714286,2.5434792,68.92444,0
6bba_ed9377fd,3709,52,63.0,108.0,79.0,0.8280211,2.2616742,1.0,2.1113307,39.423706,1
6bba_ed9377fd,3710,52,20.0,178.0,75.0,1.0210435,1.7964773,0.31746033,2.5434792,68.92444,0
6bba_ed9377fd,3711,52,53.0,117.0,166.0,0.6494512,4.6086736,0.84126985,2.5434792,68.92444,0
6bba_ed9377fd,3712,52,39.0,130.0,138.0,0.9368347,2.0053747,0.61904764,2.5434792,68.92444,0
6bba_ed9377fd,3713,52,58.0,124.0,78.0,0.9239845,1.9911221,0.9206349,2.5335438,68.11987,0
6bba_ed9377fd,3714,52,37.0,141.0,114.0,0.8694927,2.4592063,0.5873016,2.5434792,68.92444,1
6bba_ed9377fd,3715,52,7.0,197.0,9.0,1.1431233,2.2069442,0.11111111,2.5434792,68.92444,0
6bba_ed9377fd,3716,52,12.0,204.0,101.0,0.6980636,3.2869933,0.1904762,2.5434792,68.92444,0
6bba_ed9377fd,3717,52,63.0,73.0,197.0,1.0380545,2.3419497,1.0,2.1350024,40.76465,1
6bba_ed9377fd,3718,52,50.0,135.0,117.0,0.7282378,1.7047958,0.7936508,2.5100527,66.24255,2
6bba_ed9377fd,3719,52,50.0,94.0,242.0,2.0172553,1.9873382,0.7936508,2.5434792,68.92444,1
6bba_ed9377fd,3720,52,49.0,135.0,123.0,0.8279938,1.6955459,0.7777778,2.5268764,67.583496,1
6bba_ed9377fd,3721,52,48.0,86.0,247.0,1.6786426,1.3454047,0.7619048,2.5201738,67.04712,1
6bba_ed9377fd,3722,52,0.0,204.0,165.0,0.5802501,4.0858836,0.0,2.1396742,41.032837,0
6bba_ed9377fd,3723,52,0.0,223.0,35.0,0.5882641,1.8627439,0.0,2.1350024,40.76465,0
6bba_ed9377fd,3724,52,62.0,96.0,182.0,0.6221466,1.6674829,0.984127,2.3277657,52.83313,0
6bba_ed9377fd,3725,52,59.0,92.0,202.0,0.6079581,1.8101784,0.93650794,2.5434792,68.92444,0
6bba_ed9377fd,3726,52,0.0,225.0,0.0,0.4668797,0.68722796,0.0,1.6945525,20.382324,1
6bba_ed9377fd,3727,52,63.0,25.0,255.0,0.42616707,4.032848,1.0,1.7994134,24.405151,0
6bba_ed9377fd,3728,52,0.0,180.0,249.0,0.4315933,0.93855417,0.0,2.1017118,38.88733,1
6bba_ed9377fd,3729,52,0.0,183.0,243.0,0.4560287,0.7135634,0.0,2.0673318,37.01001,2
6bba_ed9377fd,3730,52,63.0,51.0,245.0,0.42428952,3.792533,1.0,2.1396742,41.032837,0
6bba_ed9377fd,3731,52,14.0,155.0,255.0,0.27064198,2.9689615,0.22222222,2.1350024,40.76465,0
6bba_ed9377fd,3732,52,12.0,189.0,176.0,0.36271906,0.9720977,0.1904762,2.493,64.90161,2
6bba_ed9377fd,3733,52,13.0,185.0,184.0,0.41697666,0.8392223,0.20634921,2.493,64.90161,2
6bba_ed9377fd,3734,52,63.0,73.0,181.0,0.32717168,0.7073701,1.0,1.9677329,31.914429,0
6bba_ed9377fd,3735,52,0.0,203.0,197.0,0.12645763,1.6187363,0.0,1.9732294,32.182617,0
6bba_ed9377fd,3736,52,63.0,53.0,229.0,0.3879531,0.10176475,1.0,1.7520384,22.527832,1
6bba_ed9377fd,3737,53,0.0,218.0,66.0,1.3111341,3.2118092,0.0,2.1396742,41.032837,0
6bba_ed9377fd,3738,53,51.0,137.0,88.0,1.1119033,5.507874,0.8095238,2.5434792,68.92444,0
6bba_ed9377fd,3739,53,35.0,173.0,39.0,1.6006044,3.601272,0.5555556,2.5434792,68.92444,1
6bba_ed9377fd,3740,53,34.0,175.0,30.0,1.6308186,3.612955,0.53968257,2.5401762,68.65625,1
6bba_ed9377fd,3741,53,38.0,159.0,110.0,1.1226852,4.7291822,0.6031746,2.5434792,68.92444,0
6bba_ed9377fd,3742,53,51.0,109.0,196.0,1.1090351,5.7077303,0.8095238,2.5434792,68.92444,0
6bba_ed9377fd,3743,53,48.0,129.0,154.0,1.0294714,4.9476085,0.7619048,2.5434792,68.92444,0
6bba_ed9377fd,3744,53,63.0,100.0,140.0,0.98507583,4.2231708,1.0,2.1396742,41.032837,0
6bba_ed9377fd,3745,53,19.0,188.0,121.0,1.0212607,3.5865698,0.3015873,2.5434792,68.92444,0
6bba_ed9377fd,3746,53,0.0,213.0,130.0,0.8367549,4.3866925,0.0,2.1396742,41.032837,0
6bba_ed9377fd,3747,53,50.0,95.0,224.0,1.1156001,3.3537607,0.7936508,2.5434792,68.92444,0
6bba_ed9377fd,3748,53,41.0,166.0,13.0,1.0736443,2.87047,0.6507937,2.5434792,68.92444,0
6bba_ed9377fd,3749,53,19.0,197.0,55.0,1.4657775,2.8370602,0.3015873,2.5434792,68.92444,2
6bba_ed9377fd,3750,53,34.0,139.0,198.0,1.5872114,2.5168765,0.53968257,2.5434792,68.92444,0
6bba_ed9377fd,3751,53,6.0,178.0,229.0,1.0577201,2.9460196,0.0952381,2.5434792,68.92444,1
6bba_ed9377fd,3752,53,57.0,130.0,19.0,1.1894273,2.16964,0.9047619,2.5368643,68.38806,1
6bba_ed9377fd,3753,53,18.0,196.0,67.0,1.323757,2.2068431,0.2857143,2.5434792,68.92444,1
6bba_ed9377fd,3754,53,56.0,133.0,16.0,1.275819,2.1664627,0.8888889,2.5368643,68.38806,1
6bba_ed9377fd,3755,53,2.0,218.0,0.0,1.1396908,3.7509072,0.031746034,2.0723133,37.2782,0
6bba_ed9377fd,3756,53,17.0,177.0,177.0,0.8878909,3.6878505,0.26984128,2.5434792,68.92444,1
6bba_ed9377fd,3757,53,35.0,144.0,183.0,1.559757,2.2577696,0.5555556,2.5434792,68.92444,0
6bba_ed9377fd,3758,53,52.0,63.0,219.0,1.1755601,2.204567,0.82539684,2.5434792,68.92444,0
6bba_ed9377fd,3759,53,0.0,170.0,210.0,0.9856037,2.2974932,0.0,2.1396742,41.032837,0
6bba_ed9377fd,3760,53,27.0,136.0,244.0,1.139912,1.8278857,0.42857143,2.5434792,68.92444,0
6bba_ed9377fd,3761,53,6.0,198.0,29.0,1.0781181,2.3561115,0.0952381,2.5434792,68.92444,0
6bba_ed9377fd,3762,53,63.0,109.0,76.0,1.080898,2.7650635,1.0,2.1350024,40.76465,1
6bba_ed9377fd,3763,53,55.0,64.0,198.0,1.2191043,2.43731,0.8730159,2.5434792,68.92444,1
6bba_ed9377fd,3764,53,42.0,111.0,245.0,1.9348975,2.293056,0.6666667,2.5434792,68.92444,0
6bba_ed9377fd,3765,53,58.0,126.0,61.0,1.0499837,2.7430272,0.9206349,2.5401762,68.65625,1
6bba_ed9377fd,3766,53,63.0,76.0,202.0,1.2014242,3.4093978,1.0,2.1396742,41.032837,1
6bba_ed9377fd,3767,53,63.0,108.0,83.0,0.86570114,2.3606448,1.0,2.125597,40.22827,1
6bba_ed9377fd,3768,53,37.0,132.0,142.0,0.9354406,2.3189347,0.5873016,2.5434792,68.92444,0
6bba_ed9377fd,3769,53,0.0,205.0,166.0,0.6593533,5.310152,0.0,2.1396742,41.032837,0
6bba_ed9377fd,3770,53,63.0,82.0,63.0,0.78980356,2.3869581,1.0,2.1396742,41.032837,0
6bba_ed9377fd,3771,53,27.0,189.0,46.0,0.89798707,1.9483501,0.42857143,2.5401762,68.65625,1
6bba_ed9377fd,3772,53,58.0,124.0,75.0,1.0289057,2.3296325,0.9206349,2.5434792,68.92444,1
6bba_ed9377fd,3773,53,38.0,153.0,143.0,0.8063845,2.4627345,0.6031746,2.5434792,68.92444,0
6bba_ed9377fd,3774,53,37.0,143.0,114.0,0.8473348,2.6757867,0.5873016,2.5434792,68.92444,0
6bba_ed9377fd,3775,53,21.0,178.0,70.0,1.0071136,1.6175708,0.33333334,2.5434792,68.92444,0
6bba_ed9377fd,3776,53,7.0,198.0,10.0,1.1780856,2.0477555,0.11111111,2.5401762,68.65625,0
6bba_ed9377fd,3777,53,11.0,204.0,105.0,0.6948182,3.1177225,0.17460318,2.5434792,68.92444,0
6bba_ed9377fd,3778,53,51.0,93.0,242.0,2.0401278,1.8448895,0.8095238,2.5401762,68.65625,1
6bba_ed9377fd,3779,53,49.0,86.0,248.0,1.7381454,1.2925436,0.7777778,2.5134354,66.51074,1
6bba_ed9377fd,3780,53,18.0,180.0,86.0,0.9133627,1.680797,0.2857143,2.5434792,68.92444,0
6bba_ed9377fd,3781,53,36.0,131.0,227.0,0.72707224,2.6007857,0.5714286,2.5434792,68.92444,0
6bba_ed9377fd,3782,53,53.0,114.0,175.0,0.6141632,4.57577,0.84126985,2.5434792,68.92444,1
6bba_ed9377fd,3783,53,49.0,135.0,124.0,0.771108,1.8296859,0.7777778,2.5335438,68.11987,0
6bba_ed9377fd,3784,53,53.0,117.0,168.0,0.5715845,3.5959544,0.84126985,2.5434792,68.92444,1
6bba_ed9377fd,3785,53,0.0,223.0,39.0,0.5922182,1.9044383,0.0,2.1350024,40.76465,0
6bba_ed9377fd,3786,53,60.0,97.0,183.0,0.6187018,2.2846746,0.95238096,2.5401762,68.65625,0
6bba_ed9377fd,3787,53,58.0,94.0,204.0,0.57988656,1.7607051,0.9206349,2.5434792,68.92444,0
6bba_ed9377fd,3788,53,14.0,157.0,255.0,0.3520678,4.1444497,0.22222222,2.1396742,41.032837,0
6bba_ed9377fd,3789,53,63.0,23.0,255.0,0.41385493,4.2662053,1.0,1.7994134,24.405151,0
6bba_ed9377fd,3790,53,0.0,180.0,249.0,0.47023314,0.8195479,0.0,2.120863,39.960083,1
6bba_ed9377fd,3791,53,63.0,51.0,246.0,0.43978006,3.7691855,1.0,2.1396742,41.032837,0
6bba_ed9377fd,3792,53,0.0,185.0,240.0,0.4529575,0.47408137,0.0,2.021376,34.596313,2
6bba_ed9377fd,3793,53,12.0,190.0,176.0,0.3980699,0.8879567,0.1904762,2.4964292,65.1698,1
6bba_ed9377fd,3794,53,63.0,72.0,183.0,0.32187384,0.80498666,1.0,1.9283676,30.03711,0
6bba_ed9377fd,3795,53,63.0,54.0,229.0,0.4380045,0.20679267,1.0,1.863049,27.087036,0
6bba_ed9377fd,3796,53,0.0,204.0,197.0,0.1254211,1.5075923,0.0,1.9340899,30.305298,0
6bba_ed9377fd,3797,54,0.0,216.0,70.0,1.2953366,3.9604757,0.0,2.1396742,41.032837,0
6bba_ed9377fd,3798,54,50.0,138.0,89.0,1.1851192,6.0508466,0.7936508,2.5434792,68.92444,0
6bba_ed9377fd,3799,54,34.0,173.0,41.0,1.682008,3.4711752,0.53968257,2.5434792,68.92444,1
6bba_ed9377fd,3800,54,33.0,176.0,28.0,1.6791683,3.3577728,0.52380955,2.5434792,68.92444,1
6bba_ed9377fd,3801,54,17.0,187.0,125.0,1.123108,3.928614,0.26984128,2.5434792,68.92444,0
6bba_ed9377fd,3802,54,63.0,99.0,144.0,1.009348,4.0918956,1.0,2.1396742,41.032837,0
6bba_ed9377fd,3803,54,16.0,176.0,178.0,1.1718291,4.129916,0.25396827,2.5434792,68.92444,1
6bba_ed9377fd,3804,54,46.0,130.0,157.0,1.0591543,4.862239,0.73015875,2.5434792,68.92444,0
6bba_ed9377fd,3805,54,36.0,159.0,113.0,1.0451555,4.506639,0.5714286,2.5434792,68.92444,0
6bba_ed9377fd,3806,54,49.0,110.0,201.0,1.0403161,6.249571,0.7777778,2.5434792,68.92444,0
6bba_ed9377fd,3807,54,56.0,132.0,23.0,1.3032849,2.511829,0.8888889,2.5368643,68.38806,1
6bba_ed9377fd,3808,54,18.0,197.0,58.0,1.6242423,2.8768291,0.2857143,2.5434792,68.92444,1
6bba_ed9377fd,3809,54,41.0,165.0,15.0,1.0986019,2.9836733,0.6507937,2.5434792,68.92444,0
6bba_ed9377fd,3810,54,55.0,135.0,9.0,1.4684516,2.7906454,0.8730159,2.5235295,67.31531,1
6bba_ed9377fd,3811,54,63.0,108.0,80.0,1.309637,3.3161895,1.0,2.1350024,40.76465,0
6bba_ed9377fd,3812,54,33.0,145.0,185.0,1.9790592,3.024295,0.52380955,2.5434792,68.92444,1
6bba_ed9377fd,3813,54,18.0,195.0,71.0,1.5398047,2.5200188,0.2857143,2.5434792,68.92444,1
6bba_ed9377fd,3814,54,4.0,175.0,230.0,1.303639,3.0950043,0.06349207,2.5434792,68.92444,1
6bba_ed9377fd,3815,54,0.0,210.0,131.0,0.7912911,4.755056,0.0,2.1396742,41.032837,1
6bba_ed9377fd,3816,54,0.0,209.0,135.0,0.7683913,4.4215474,0.0,2.1396742,41.032837,1
6bba_ed9377fd,3817,54,48.0,97.0,223.0,1.1128863,2.3254519,0.7619048,2.5434792,68.92444,0
6bba_ed9377fd,3818,54,4.0,173.0,236.0,1.3685299,3.2944746,0.06349207,2.5434792,68.92444,2
6bba_ed9377fd,3819,54,0.0,166.0,210.0,1.0369123,2.428007,0.0,2.1396742,41.032837,0
6bba_ed9377fd,3820,54,63.0,83.0,65.0,0.9742689,2.708394,1.0,2.1396742,41.032837,0
6bba_ed9377fd,3821,54,32.0,142.0,197.0,1.7255982,2.3783584,0.50793654,2.5401762,68.65625,2
6bba_ed9377fd,3822,54,27.0,133.0,243.0,1.2667454,2.031642,0.42857143,2.5434792,68.92444,1
6bba_ed9377fd,3823,54,54.0,65.0,199.0,1.2076312,2.5140924,0.85714287,2.5434792,68.92444,1
6bba_ed9377fd,3824,54,1.0,216.0,0.0,1.3796954,3.1746373,0.015873017,1.9566469,31.378052,0
6bba_ed9377fd,3825,54,63.0,75.0,205.0,1.2567735,3.5578642,1.0,2.1396742,41.032837,1
6bba_ed9377fd,3826,54,57.0,126.0,64.0,1.1226852,2.6576192,0.9047619,2.5368643,68.38806,1
6bba_ed9377fd,3827,54,26.0,137.0,198.0,1.1253136,1.229299,0.41269842,2.5434792,68.92444,1
6bba_ed9377fd,3828,54,58.0,127.0,59.0,0.97046006,2.272597,0.9206349,2.5368643,68.38806,1
6bba_ed9377fd,3829,54,41.0,113.0,243.0,1.9466337,1.9813036,0.6507937,2.5434792,68.92444,0
6bba_ed9377fd,3830,54,26.0,189.0,47.0,1.0076221,2.3720515,0.41269842,2.5434792,68.92444,0
6bba_ed9377fd,3831,54,52.0,64.0,216.0,1.1646297,1.9979442,0.82539684,2.5434792,68.92444,0
6bba_ed9377fd,3832,54,26.0,129.0,255.0,1.8906262,3.7105217,0.41269842,2.1396742,41.032837,1
6bba_ed9377fd,3833,54,36.0,133.0,143.0,1.091614,2.6718636,0.5714286,2.5434792,68.92444,0
6bba_ed9377fd,3834,54,6.0,196.0,31.0,1.1013502,2.3005128,0.0952381,2.5434792,68.92444,0
6bba_ed9377fd,3835,54,0.0,202.0,167.0,0.7272658,6.219507,0.0,2.1396742,41.032837,0
6bba_ed9377fd,3836,54,11.0,201.0,107.0,0.8387128,3.335219,0.17460318,2.5434792,68.92444,0
6bba_ed9377fd,3837,54,34.0,132.0,226.0,0.87352663,2.928478,0.53968257,2.5434792,68.92444,0
6bba_ed9377fd,3838,54,58.0,124.0,80.0,0.9873498,2.148139,0.9206349,2.5434792,68.92444,0
6bba_ed9377fd,3839,54,20.0,176.0,75.0,1.0737871,1.7021482,0.31746033,2.5434792,68.92444,2
6bba_ed9377fd,3840,54,36.0,154.0,144.0,0.8495975,2.5498204,0.5714286,2.5434792,68.92444,0
6bba_ed9377fd,3841,54,21.0,177.0,66.0,1.0549661,1.5984412,0.33333334,2.5434792,68.92444,1
6bba_ed9377fd,3842,54,50.0,89.0,246.0,2.0359623,1.637976,0.7936508,2.5368643,68.38806,0
6bba_ed9377fd,3843,54,0.0,220.0,43.0,0.63720214,2.6203623,0.0,2.13031,40.49646,0
6bba_ed9377fd,3844,54,18.0,177.0,89.0,0.950102,1.727549,0.2857143,2.5434792,68.92444,1
6bba_ed9377fd,3845,54,36.0,141.0,116.0,0.80404186,2.0943935,0.5714286,2.5434792,68.92444,0
6bba_ed9377fd,3846,54,52.0,113.0,181.0,0.6059354,3.8533294,0.82539684,2.5434792,68.92444,0
6bba_ed9377fd,3847,54,47.0,136.0,128.0,0.77109087,1.2843399,0.74603176,2.5268764,67.583496,0
6bba_ed9377fd,3848,54,58.0,98.0,187.0,0.6825851,2.5120885,0.9206349,2.5434792,68.92444,1
6bba_ed9377fd,3849,54,59.0,99.0,182.0,0.59518224,2.0179942,0.93650794,2.5368643,68.38806,1
6bba_ed9377fd,3850,54,13.0,154.0,255.0,0.42791742,6.749796,0.20634921,2.1396742,41.032837,0
6bba_ed9377fd,3851,54,58.0,94.0,203.0,0.62323093,2.0596573,0.9206349,2.5401762,68.65625,0
6bba_ed9377fd,3852,54,0.0,177.0,248.0,0.53372115,0.47651,0.0,1.994915,33.25537,1
6bba_ed9377fd,3853,54,63.0,52.0,245.0,0.44065338,3.2228694,1.0,2.1396742,41.032837,0
6bba_ed9377fd,3854,54,10.0,187.0,182.0,0.49850014,0.8551832,0.15873016,2.4826555,64.097046,1
6bba_ed9377fd,3855,54,63.0,24.0,255.0,0.375595,4.185294,1.0,1.7994134,24.405151,0
6bba_ed9377fd,3856,54,63.0,71.0,185.0,0.3911395,1.1346972,1.0,1.9454337,30.841675,0
6bba_ed9377fd,3857,54,63.0,55.0,227.0,0.5127312,0.2804155,1.0,1.863049,27.087036,0
6bba_ed9377fd,3858,55,0.0,219.0,68.0,1.19056,3.7051566,0.0,2.1396742,41.032837,0
6bba_ed9377fd,3859,55,34.0,176.0,37.0,1.5964963,3.3515177,0.53968257,2.5434792,68.92444,1
6bba_ed9377fd,3860,55,33.0,179.0,23.0,1.6667124,3.468434,0.52380955,2.5401762,68.65625,1
6bba_ed9377fd,3861,55,50.0,139.0,90.0,1.0307512,5.6535163,0.7936508,2.5434792,68.92444,0
6bba_ed9377fd,3862,55,18.0,188.0,130.0,1.004171,3.5778844,0.2857143,2.5434792,68.92444,0
6bba_ed9377fd,3863,55,37.0,162.0,111.0,0.97859067,4.368634,0.5873016,2.5434792,68.92444,0
6bba_ed9377fd,3864,55,16.0,178.0,183.0,1.0549947,4.0870004,0.25396827,2.5434792,68.92444,0
6bba_ed9377fd,3865,55,63.0,109.0,85.0,1.232914,3.7856212,1.0,2.1350024,40.76465,0
6bba_ed9377fd,3866,55,56.0,136.0,10.0,1.440003,2.7854614,0.8888889,2.5434792,68.92444,1
6bba_ed9377fd,3867,55,19.0,198.0,57.0,1.632173,2.8030796,0.3015873,2.5434792,68.92444,2
6bba_ed9377fd,3868,55,56.0,134.0,24.0,1.2838182,2.3981833,0.8888889,2.5401762,68.65625,1
6bba_ed9377fd,3869,55,0.0,171.0,209.0,1.0643421,2.5422752,0.0,2.1396742,41.032837,0
6bba_ed9377fd,3870,55,63.0,98.0,149.0,0.92495656,3.8865647,1.0,2.1396742,41.032837,0
6bba_ed9377fd,3871,55,63.0,83.0,67.0,0.9951532,2.5475883,1.0,2.1396742,41.032837,0
6bba_ed9377fd,3872,55,32.0,148.0,187.0,1.9190248,3.0854123,0.50793654,2.5434792,68.92444,1
6bba_ed9377fd,3873,55,18.0,196.0,70.0,1.4387918,2.1270168,0.2857143,2.5434792,68.92444,1
6bba_ed9377fd,3874,55,45.0,133.0,161.0,0.92571574,5.1075535,0.71428573,2.5434792,68.92444,0
6bba_ed9377fd,3875,55,48.0,113.0,205.0,0.94515383,6.4306283,0.7619048,2.5434792,68.92444,0
6bba_ed9377fd,3876,55,32.0,144.0,197.0,1.5832747,2.1680093,0.50793654,2.5434792,68.92444,1
6bba_ed9377fd,3877,55,41.0,167.0,14.0,1.0644852,2.7225602,0.6507937,2.5434792,68.92444,0
6bba_ed9377fd,3878,55,4.0,177.0,235.0,1.2370797,3.2998314,0.06349207,2.5434792,68.92444,2
6bba_ed9377fd,3879,55,49.0,97.0,224.0,1.178954,1.3916891,0.7777778,2.5434792,68.92444,0
6bba_ed9377fd,3880,55,51.0,63.0,222.0,1.2388567,2.3856113,0.8095238,2.5434792,68.92444,0
6bba_ed9377fd,3881,55,30.0,134.0,239.0,1.4240103,2.537317,0.47619048,2.5434792,68.92444,1
6bba_ed9377fd,3882,55,54.0,65.0,200.0,1.261586,2.5233212,0.85714287,2.5434792,68.92444,0
6bba_ed9377fd,3883,55,42.0,115.0,241.0,1.8565282,1.9340346,0.6666667,2.5434792,68.92444,0
6bba_ed9377fd,3884,55,35.0,137.0,146.0,1.138198,2.7656198,0.5555556,2.5434792,68.92444,0
6bba_ed9377fd,3885,55,5.0,181.0,226.0,0.9941033,2.3714178,0.07936508,2.5434792,68.92444,1
6bba_ed9377fd,3886,55,35.0,135.0,225.0,0.9529017,2.8088942,0.5555556,2.5434792,68.92444,1
6bba_ed9377fd,3887,55,58.0,127.0,64.0,1.1287704,2.6335373,0.9206349,2.5401762,68.65625,0
6bba_ed9377fd,3888,55,6.0,199.0,30.0,1.1037443,2.2612352,0.0952381,2.5434792,68.92444,0
6bba_ed9377fd,3889,55,2.0,218.0,3.0,1.2105061,3.0491567,0.031746034,2.4652207,62.756104,1
6bba_ed9377fd,3890,55,28.0,132.0,255.0,2.0518558,3.5194309,0.44444445,2.1396742,41.032837,0
6bba_ed9377fd,3891,55,20.0,178.0,75.0,1.1316501,1.7699312,0.31746033,2.5434792,68.92444,0
6bba_ed9377fd,3892,55,0.0,212.0,136.0,0.69310796,3.8330975,0.0,2.1350024,40.76465,1
6bba_ed9377fd,3893,55,58.0,125.0,80.0,1.0212036,2.2619154,0.9206349,2.5401762,68.65625,0
6bba_ed9377fd,3894,55,0.0,214.0,130.0,0.6817061,3.7270694,0.0,2.1396742,41.032837,1
6bba_ed9377fd,3895,55,26.0,191.0,46.0,0.91275704,2.0194645,0.41269842,2.5434792,68.92444,1
6bba_ed9377fd,3896,55,51.0,89.0,245.0,2.0653253,1.6420726,0.8095238,2.5401762,68.65625,0
6bba_ed9377fd,3897,55,63.0,76.0,209.0,1.1727852,2.5430562,1.0,2.1350024,40.76465,1
6bba_ed9377fd,3898,55,36.0,157.0,145.0,0.8212231,2.3165927,0.5714286,2.5434792,68.92444,0
6bba_ed9377fd,3899,55,63.0,72.0,213.0,1.1429464,1.5222061,1.0,2.1017118,38.88733,1
6bba_ed9377fd,3900,55,11.0,204.0,108.0,0.6947839,3.2424502,0.17460318,2.5434792,68.92444,0
6bba_ed9377fd,3901,55,0.0,206.0,166.0,0.5784649,5.8197393,0.0,2.1396742,41.032837,0
6bba_ed9377fd,3902,55,0.0,224.0,41.0,0.55821407,2.637717,0.0,2.1350024,40.76465,0
6bba_ed9377fd,3903,55,52.0,113.0,186.0,0.59417653,2.9988823,0.82539684,2.5434792,68.92444,2
6bba_ed9377fd,3904,55,52.0,116.0,180.0,0.5278916,3.1681406,0.82539684,2.5434792,68.92444,1
6bba_ed9377fd,3905,55,57.0,97.0,198.0,0.64366895,2.502618,0.9047619,2.5434792,68.92444,1
6bba_ed9377fd,3906,55,58.0,100.0,187.0,0.6370638,2.2927713,0.9206349,2.5434792,68.92444,2
6bba_ed9377fd,3907,55,47.0,137.0,131.0,0.6580104,0.87847316,0.74603176,2.5401762,68.65625,0
6bba_ed9377fd,3908,55,14.0,157.0,255.0,0.33398598,4.011601,0.22222222,2.1396742,41.032837,0
6bba_ed9377fd,3909,55,63.0,24.0,255.0,0.38761678,4.131414,1.0,1.7994134,24.405151,0
6bba_ed9377fd,3910,55,11.0,192.0,175.0,0.38923076,1.1883324,0.17460318,2.4964292,65.1698,0
6bba_ed9377fd,3911,55,63.0,54.0,244.0,0.44017354,3.2677333,1.0,2.1396742,41.032837,1
6bba_ed9377fd,3912,55,0.0,181.0,248.0,0.41551736,0.33065093,0.0,1.8992338,28.696167,1
6bba_ed9377fd,3913,55,63.0,71.0,187.0,0.37201157,0.48660433,1.0,1.9226114,29.76892,0
6bba_ed9377fd,3914,55,63.0,51.0,230.0,0.38222337,0.51369464,1.0,1.9340899,30.305298,1
6bba_ed9377fd,3915,55,0.0,227.0,4.0,0.35423684,0.1067043,0.0,1.7380214,21.991455,1
6bba_ed9377fd,3916,55,8.0,162.0,242.0,0.25000426,0.3589184,0.12698413,2.3550162,54.71045,0
6bba_ed9377fd,3917,56,0.0,220.0,67.0,1.2824852,4.3208656,0.0,2.1396742,41.032837,0
6bba_ed9377fd,3918,56,35.0,176.0,33.0,1.7631601,3.6060069,0.5555556,2.5434792,68.92444,1
6bba_ed9377fd,3919,56,34.0,178.0,20.0,1.8133438,3.4902525,0.53968257,2.5434792,68.92444,1
6bba_ed9377fd,3920,56,50.0,140.0,88.0,0.9849043,5.2789736,0.7936508,2.5434792,68.92444,0
6bba_ed9377fd,3921,56,19.0,188.0,130.0,1.0259519,3.6264544,0.3015873,2.5434792,68.92444,0
6bba_ed9377fd,3922,56,56.0,135.0,9.0,1.4390717,2.8205533,0.8888889,2.5368643,68.38806,0
6bba_ed9377fd,3923,56,63.0,108.0,87.0,1.1901855,4.141073,1.0,2.1350024,40.76465,0
6bba_ed9377fd,3924,56,63.0,98.0,147.0,0.9459369,4.369906,1.0,2.1396742,41.032837,0
6bba_ed9377fd,3925,56,32.0,150.0,185.0,1.6687694,2.4781413,0.50793654,2.5434792,68.92444,1
6bba_ed9377fd,3926,56,32.0,134.0,233.0,1.4574813,2.9788742,0.50793654,2.5434792,68.92444,0
6bba_ed9377fd,3927,56,57.0,132.0,25.0,1.3177806,2.5504441,0.9047619,2.5401762,68.65625,0
6bba_ed9377fd,3928,56,19.0,198.0,58.0,1.5890056,2.6719122,0.3015873,2.5434792,68.92444,1
6bba_ed9377fd,3929,56,42.0,166.0,11.0,1.1543735,2.7515182,0.6666667,2.5434792,68.92444,0
6bba_ed9377fd,3930,56,52.0,60.0,223.0,1.1931813,2.462661,0.82539684,2.5434792,68.92444,0
6bba_ed9377fd,3931,56,4.0,178.0,233.0,1.2816925,3.4859328,0.06349207,2.5434792,68.92444,1
6bba_ed9377fd,3932,56,44.0,135.0,160.0,0.94454247,4.7226024,0.6984127,2.5434792,68.92444,0
6bba_ed9377fd,3933,56,32.0,147.0,194.0,1.6729518,2.4278216,0.50793654,2.5434792,68.92444,1
6bba_ed9377fd,3934,56,18.0,196.0,69.0,1.4091318,2.0503075,0.2857143,2.5434792,68.92444,1
6bba_ed9377fd,3935,56,38.0,161.0,111.0,0.91230565,4.1430955,0.6031746,2.5434792,68.92444,0
6bba_ed9377fd,3936,56,16.0,177.0,187.0,0.9544273,4.19681,0.25396827,2.5434792,68.92444,0
6bba_ed9377fd,3937,56,42.0,114.0,241.0,1.7738391,1.9304893,0.6666667,2.5434792,68.92444,0
6bba_ed9377fd,3938,56,48.0,99.0,224.0,1.2863436,1.0538551,0.7619048,2.5434792,68.92444,0
6bba_ed9377fd,3939,56,0.0,212.0,132.0,0.8033265,4.551537,0.0,2.1396742,41.032837,0
6bba_ed9377fd,3940,56,5.0,181.0,226.0,0.97121423,2.3024602,0.07936508,2.5434792,68.92444,1
6bba_ed9377fd,3941,56,35.0,139.0,143.0,1.1620128,2.408648,0.5555556,2.5434792,68.92444,1
6bba_ed9377fd,3942,56,48.0,115.0,204.0,0.89171904,5.9191265,0.7619048,2.5434792,68.92444,0
6bba_ed9377fd,3943,56,6.0,199.0,29.0,1.1949924,2.2059655,0.0952381,2.5434792,68.92444,0
6bba_ed9377fd,3944,56,63.0,81.0,68.0,0.91933244,2.7640738,1.0,2.1396742,41.032837,0
6bba_ed9377fd,3945,56,54.0,67.0,200.0,1.1050583,2.1486065,0.85714287,2.5434792,68.92444,0
6bba_ed9377fd,3946,56,59.0,125.0,62.0,1.199192,2.5860946,0.93650794,2.5434792,68.92444,1
6bba_ed9377fd,3947,56,0.0,172.0,208.0,0.9577898,2.5105965,0.0,2.1396742,41.032837,0
6bba_ed9377fd,3948,56,28.0,132.0,255.0,2.0542455,3.187299,0.44444445,2.1396742,41.032837,1
6bba_ed9377fd,3949,56,29.0,131.0,250.0,1.856831,3.5476687,0.46031746,2.5434792,68.92444,1
6bba_ed9377fd,3950,56,36.0,139.0,131.0,1.1801938,2.281524,0.5714286,2.5434792,68.92444,1
6bba_ed9377fd,3951,56,26.0,191.0,46.0,0.98572713,2.0919778,0.41269842,2.5434792,68.92444,0
6bba_ed9377fd,3952,56,1.0,218.0,7.0,1.4063025,2.7516344,0.015873017,2.3316977,53.10132,1
6bba_ed9377fd,3953,56,52.0,90.0,246.0,2.2399194,1.9446594,0.82539684,2.5401762,68.65625,0
6bba_ed9377fd,3954,56,57.0,129.0,66.0,1.0629996,1.8577251,0.9047619,2.4964292,65.1698,1
6bba_ed9377fd,3955,56,63.0,72.0,213.0,1.0565872,1.5805469,1.0,2.13031,40.49646,0
6bba_ed9377fd,3956,56,37.0,157.0,144.0,0.8599964,2.3375192,0.5873016,2.5401762,68.65625,0
6bba_ed9377fd,3957,56,20.0,178.0,73.0,1.0370135,1.5783322,0.31746033,2.5434792,68.92444,0
6bba_ed9377fd,3958,56,12.0,204.0,106.0,0.73863107,3.3016486,0.1904762,2.5434792,68.92444,0
6bba_ed9377fd,3959,56,7.0,198.0,8.0,1.2351029,1.611899,0.11111111,2.5434792,68.92444,0
6bba_ed9377fd,3960,56,19.0,179.0,88.0,0.9395544,1.7828679,0.3015873,2.5434792,68.92444,0
6bba_ed9377fd,3961,56,0.0,206.0,164.0,0.6253011,5.524607,0.0,2.1396742,41.032837,0
6bba_ed9377fd,3962,56,0.0,224.0,37.0,0.5055138,3.6901681,0.0,2.1396742,41.032837,0
6bba_ed9377fd,3963,56,53.0,112.0,188.0,0.57657826,2.3437371,0.84126985,2.5168092,66.77893,1
6bba_ed9377fd,3964,56,58.0,97.0,197.0,0.6743231,2.735736,0.9206349,2.5434792,68.92444,1
6bba_ed9377fd,3965,56,58.0,100.0,185.0,0.6363096,2.2741945,0.9206349,2.5434792,68.92444,2
6bba_ed9377fd,3966,56,50.0,133.0,130.0,0.6094894,1.293754,0.7936508,2.5302145,67.851685,0
6bba_ed9377fd,3967,56,12.0,191.0,173.0,0.41177142,2.2331293,0.1904762,2.5302145,67.851685,0
6bba_ed9377fd,3968,56,63.0,55.0,243.0,0.45244882,4.296901,1.0,2.1396742,41.032837,1
6bba_ed9377fd,3969,56,63.0,22.0,255.0,0.37867707,4.0456247,1.0,1.7994134,24.405151,0
6bba_ed9377fd,3970,56,14.0,157.0,255.0,0.32226732,5.5350266,0.22222222,2.1396742,41.032837,0
6bba_ed9377fd,3971,56,28.0,115.0,255.0,0.660265,0.27293992,0.44444445,1.9340899,30.305298,0
6bba_ed9377fd,3972,56,0.0,228.0,3.0,0.38299906,0.069559656,0.0,1.6795557,19.845947,1
6bba_ed9377fd,3973,56,63.0,46.0,233.0,0.26690853,0.7423443,1.0,2.0317688,35.13269,1
6bba_ed9377fd,3974,57,0.0,219.0,70.0,1.3798336,4.367795,0.0,2.1396742,41.032837,0
6bba_ed9377fd,3975,57,35.0,176.0,30.0,1.9858414,3.119454,0.5555556,2.5434792,68.92444,1
6bba_ed9377fd,3976,57,29.0,160.0,175.0,1.7256951,3.0447702,0.46031746,2.5434792,68.92444,0
6bba_ed9377fd,3977,57,33.0,179.0,16.0,2.2016947,3.529532,0.52380955,2.5401762,68.65625,1
6bba_ed9377fd,3978,57,0.0,211.0,134.0,0.9903353,4.6479883,0.0,2.1396742,41.032837,0
6bba_ed9377fd,3979,57,50.0,141.0,85.0,1.0748899,5.913004,0.7936508,2.5434792,68.92444,0
6bba_ed9377fd,3980,57,55.0,138.0,12.0,1.3855054,3.2588553,0.8730159,2.5401762,68.65625,0
6bba_ed9377fd,3981,57,39.0,169.0,0.0,3.278205,7.587147,0.61904764,2.1396742,41.032837,1
6bba_ed9377fd,3982,57,38.0,162.0,111.0,0.98781264,4.3373365,0.6031746,2.5434792,68.92444,0
6bba_ed9377fd,3983,57,63.0,100.0,150.0,0.95377815,3.968691,1.0,2.1396742,41.032837,0
6bba_ed9377fd,3984,57,32.0,141.0,223.0,1.4279127,2.7371526,0.50793654,2.5434792,68.92444,0
6bba_ed9377fd,3985,57,3.0,178.0,237.0,1.2873704,3.4117343,0.04761905,2.5401762,68.65625,0
6bba_ed9377fd,3986,57,63.0,108.0,95.0,0.93014884,4.470019,1.0,2.1350024,40.76465,0
6bba_ed9377fd,3987,57,19.0,187.0,136.0,0.96584326,3.6385565,0.3015873,2.5434792,68.92444,0
6bba_ed9377fd,3988,57,52.0,60.0,228.0,1.2090198,2.544897,0.82539684,2.5434792,68.92444,1
6bba_ed9377fd,3989,57,20.0,196.0,60.0,1.5524664,2.6145332,0.31746033,2.5434792,68.92444,1
6bba_ed9377fd,3990,57,19.0,196.0,69.0,1.4473395,2.1640391,0.3015873,2.5434792,68.92444,2
6bba_ed9377fd,3991,57,46.0,108.0,218.0,1.6278476,1.3067236,0.73015875,2.5434792,68.92444,0
6bba_ed9377fd,3992,57,35.0,144.0,121.0,1.0719587,2.438322,0.5555556,2.5434792,68.92444,1
6bba_ed9377fd,3993,57,32.0,132.0,248.0,2.1972666,3.1000874,0.50793654,2.5434792,68.92444,0
6bba_ed9377fd,3994,57,34.0,144.0,135.0,1.22071,2.4405012,0.53968257,2.5434792,68.92444,1
6bba_ed9377fd,3995,57,52.0,71.0,206.0,1.1086352,2.0823965,0.82539684,2.5434792,68.92444,1
6bba_ed9377fd,3996,57,50.0,70.0,219.0,1.2264066,1.9998412,0.7936508,2.5434792,68.92444,3
6bba_ed9377fd,3997,57,23.0,145.0,195.0,1.0611084,2.0234158,0.36507937,2.5434792,68.92444,0
6bba_ed9377fd,3998,57,26.0,191.0,42.0,0.9093174,2.5903463,0.41269842,2.5434792,68.92444,0
6bba_ed9377fd,3999,57,63.0,84.0,71.0,0.8796175,2.4959893,1.0,2.1396742,41.032837,0
6bba_ed9377fd,4000,57,15.0,178.0,194.0,0.85801953,4.1111264,0.23809524,2.5434792,68.92444,0
6bba_ed9377fd,4001,57,42.0,141.0,164.0,0.8180749,4.1322513,0.6666667,2.5434792,68.92444,0
6bba_ed9377fd,4002,57,43.0,164.0,12.0,1.033334,1.0645807,0.6825397,2.5401762,68.65625,1
6bba_ed9377fd,4003,57,5.0,198.0,32.0,1.1918728,1.8893791,0.07936508,2.5434792,68.92444,0
6bba_ed9377fd,4004,57,5.0,214.0,17.0,1.2298805,1.9984486,0.07936508,2.5434792,68.92444,0
6bba_ed9377fd,4005,57,42.0,112.0,244.0,1.7621944,1.4153507,0.6666667,2.5434792,68.92444,1
6bba_ed9377fd,4006,57,46.0,123.0,202.0,0.8476434,3.7438967,0.73015875,2.5434792,68.92444,1
6bba_ed9377fd,4007,57,0.0,173.0,208.0,0.8953865,2.763866,0.0,2.1396742,41.032837,0
6bba_ed9377fd,4008,57,18.0,179.0,92.0,0.9506219,1.9883295,0.2857143,2.5434792,68.92444,0
6bba_ed9377fd,4009,57,6.0,198.0,8.0,1.2827325,1.7585169,0.0952381,2.5434792,68.92444,0
6bba_ed9377fd,4010,57,0.0,204.0,166.0,0.6790284,5.1073465,0.0,2.1396742,41.032837,0
6bba_ed9377fd,4011,57,63.0,71.0,221.0,0.9190828,1.1758474,1.0,2.120863,39.960083,1
6bba_ed9377fd,4012,57,12.0,204.0,104.0,0.73885393,3.2541397,0.1904762,2.5434792,68.92444,0
6bba_ed9377fd,4013,57,43.0,96.0,250.0,1.8857197,1.4494135,0.6825397,2.5235295,67.31531,0
6bba_ed9377fd,4014,57,37.0,158.0,143.0,0.85083735,2.084919,0.5873016,2.5434792,68.92444,0
6bba_ed9377fd,4015,57,60.0,122.0,74.0,0.90724236,2.4716954,0.95238096,2.5401762,68.65625,0
6bba_ed9377fd,4016,57,17.0,182.0,73.0,1.1033213,1.463636,0.26984128,2.5434792,68.92444,1
6bba_ed9377fd,4017,57,35.0,117.0,255.0,1.162698,0.9949282,0.5555556,2.0772712,37.546387,1
6bba_ed9377fd,4018,57,0.0,222.0,40.0,0.5223768,2.3611197,0.0,2.1350024,40.76465,0
6bba_ed9377fd,4019,57,50.0,133.0,135.0,0.6505311,2.1784816,0.7936508,2.5335438,68.11987,0
6bba_ed9377fd,4020,57,45.0,140.0,0.0,0.47551173,1.3690827,0.71428573,2.1113307,39.423706,0
6bba_ed9377fd,4021,57,57.0,104.0,185.0,0.6040499,2.4125032,0.9047619,2.5434792,68.92444,2
6bba_ed9377fd,4022,57,57.0,101.0,193.0,0.614586,2.3254514,0.9047619,2.5434792,68.92444,2
6bba_ed9377fd,4023,57,12.0,190.0,174.0,0.46922296,3.4695213,0.1904762,2.5434792,68.92444,0
6bba_ed9377fd,4024,57,50.0,121.0,184.0,0.40574342,2.3422506,0.7936508,2.5401762,68.65625,1
6bba_ed9377fd,4025,57,63.0,56.0,244.0,0.4342422,3.2270415,1.0,2.1396742,41.032837,0
6bba_ed9377fd,4026,57,52.0,113.0,194.0,0.46671468,1.1803164,0.82539684,2.5201738,67.04712,4
6bba_ed9377fd,4027,57,0.0,223.0,2.0,0.4929906,0.9666454,0.0,2.0673318,37.01001,0
6bba_ed9377fd,4028,57,16.0,155.0,255.0,0.29685295,4.437039,0.25396827,2.1396742,41.032837,0
6bba_ed9377fd,4029,57,63.0,21.0,255.0,0.23851478,3.6747897,1.0,1.7861332,23.868774,0
6bba_ed9377fd,4030,57,35.0,170.0,51.0,0.21336785,0.84248555,0.5555556,2.4687274,63.024292,0
6bba_ed9377fd,4031,58,0.0,219.0,70.0,1.3798336,4.367795,0.0,2.1396742,41.032837,0
6bba_ed9377fd,4032,58,35.0,176.0,30.0,1.9858414,3.119454,0.5555556,2.5434792,68.92444,1
6bba_ed9377fd,4033,58,29.0,160.0,175.0,1.7256951,3.0447702,0.46031746,2.5434792,68.92444,0
6bba_ed9377fd,4034,58,33.0,179.0,16.0,2.2016947,3.529532,0.52380955,2.5401762,68.65625,1
6bba_ed9377fd,4035,58,0.0,211.0,134.0,0.9903353,4.6479883,0.0,2.1396742,41.032837,0
6bba_ed9377fd,4036,58,50.0,141.0,85.0,1.0748899,5.913004,0.7936508,2.5434792,68.92444,0
6bba_ed9377fd,4037,58,55.0,138.0,12.0,1.3855054,3.2588553,0.8730159,2.5401762,68.65625,0
6bba_ed9377fd,4038,58,39.0,169.0,0.0,3.278205,7.587147,0.61904764,2.1396742,41.032837,1
6bba_ed9377fd,4039,58,38.0,162.0,111.0,0.98781264,4.3373365,0.6031746,2.5434792,68.92444,0
6bba_ed9377fd,4040,58,63.0,100.0,150.0,0.95377815,3.968691,1.0,2.1396742,41.032837,0
6bba_ed9377fd,4041,58,32.0,141.0,223.0,1.4279127,2.7371526,0.50793654,2.5434792,68.92444,0
6bba_ed9377fd,4042,58,3.0,178.0,237.0,1.2873704,3.4117343,0.04761905,2.5401762,68.65625,0
6bba_ed9377fd,4043,58,63.0,108.0,95.0,0.93014884,4.470019,1.0,2.1350024,40.76465,0
6bba_ed9377fd,4044,58,19.0,187.0,136.0,0.96584326,3.6385565,0.3015873,2.5434792,68.92444,0
6bba_ed9377fd,4045,58,52.0,60.0,228.0,1.2090198,2.544897,0.82539684,2.5434792,68.92444,1
6bba_ed9377fd,4046,58,20.0,196.0,60.0,1.5524664,2.6145332,0.31746033,2.5434792,68.92444,1
6bba_ed9377fd,4047,58,19.0,196.0,69.0,1.4473395,2.1640391,0.3015873,2.5434792,68.92444,2
6bba_ed9377fd,4048,58,46.0,108.0,218.0,1.6278476,1.3067236,0.73015875,2.5434792,68.92444,0
6bba_ed9377fd,4049,58,35.0,144.0,121.0,1.0719587,2.438322,0.5555556,2.5434792,68.92444,1
6bba_ed9377fd,4050,58,32.0,132.0,248.0,2.1972666,3.1000874,0.50793654,2.5434792,68.92444,0
6bba_ed9377fd,4051,58,34.0,144.0,135.0,1.22071,2.4405012,0.53968257,2.5434792,68.92444,1
6bba_ed9377fd,4052,58,52.0,71.0,206.0,1.1086352,2.0823965,0.82539684,2.5434792,68.92444,1
6bba_ed9377fd,4053,58,50.0,70.0,219.0,1.2264066,1.9998412,0.7936508,2.5434792,68.92444,3
6bba_ed9377fd,4054,58,23.0,145.0,195.0,1.0611084,2.0234158,0.36507937,2.5434792,68.92444,0
6bba_ed9377fd,4055,58,26.0,191.0,42.0,0.9093174,2.5903463,0.41269842,2.5434792,68.92444,0
6bba_ed9377fd,4056,58,63.0,84.0,71.0,0.8796175,2.4959893,1.0,2.1396742,41.032837,0
6bba_ed9377fd,4057,58,15.0,178.0,194.0,0.85801953,4.1111264,0.23809524,2.5434792,68.92444,0
6bba_ed9377fd,4058,58,42.0,141.0,164.0,0.8180749,4.1322513,0.6666667,2.5434792,68.92444,0
6bba_ed9377fd,4059,58,43.0,164.0,12.0,1.033334,1.0645807,0.6825397,2.5401762,68.65625,1
6bba_ed9377fd,4060,58,5.0,198.0,32.0,1.1918728,1.8893791,0.07936508,2.5434792,68.92444,0
6bba_ed9377fd,4061,58,5.0,214.0,17.0,1.2298805,1.9984486,0.07936508,2.5434792,68.92444,0
6bba_ed9377fd,4062,58,42.0,112.0,244.0,1.7621944,1.4153507,0.6666667,2.5434792,68.92444,1
6bba_ed9377fd,4063,58,46.0,123.0,202.0,0.8476434,3.7438967,0.73015875,2.5434792,68.92444,1
6bba_ed9377fd,4064,58,0.0,173.0,208.0,0.8953865,2.763866,0.0,2.1396742,41.032837,0
6bba_ed9377fd,4065,58,18.0,179.0,92.0,0.9506219,1.9883295,0.2857143,2.5434792,68.92444,0
6bba_ed9377fd,4066,58,6.0,198.0,8.0,1.2827325,1.7585169,0.0952381,2.5434792,68.92444,0
6bba_ed9377fd,4067,58,0.0,204.0,166.0,0.6790284,5.1073465,0.0,2.1396742,41.032837,0
6bba_ed9377fd,4068,58,63.0,71.0,221.0,0.9190828,1.1758474,1.0,2.120863,39.960083,1
6bba_ed9377fd,4069,58,12.0,204.0,104.0,0.73885393,3.2541397,0.1904762,2.5434792,68.92444,0
6bba_ed9377fd,4070,58,43.0,96.0,250.0,1.8857197,1.4494135,0.6825397,2.5235295,67.31531,0
6bba_ed9377fd,4071,58,37.0,158.0,143.0,0.85083735,2.084919,0.5873016,2.5434792,68.92444,0
6bba_ed9377fd,4072,58,60.0,122.0,74.0,0.90724236,2.4716954,0.95238096,2.5401762,68.65625,0
6bba_ed9377fd,4073,58,17.0,182.0,73.0,1.1033213,1.463636,0.26984128,2.5434792,68.92444,1
6bba_ed9377fd,4074,58,35.0,117.0,255.0,1.162698,0.9949282,0.5555556,2.0772712,37.546387,1
6bba_ed9377fd,4075,58,0.0,222.0,40.0,0.5223768,2.3611197,0.0,2.1350024,40.76465,0
6bba_ed9377fd,4076,58,50.0,133.0,135.0,0.6505311,2.1784816,0.7936508,2.5335438,68.11987,0
6bba_ed9377fd,4077,58,45.0,140.0,0.0,0.47551173,1.3690827,0.71428573,2.1113307,39.423706,0
6bba_ed9377fd,4078,58,57.0,104.0,185.0,0.6040499,2.4125032,0.9047619,2.5434792,68.92444,2
6bba_ed9377fd,4079,58,57.0,101.0,193.0,0.614586,2.3254514,0.9047619,2.5434792,68.92444,2
6bba_ed9377fd,4080,58,12.0,190.0,174.0,0.46922296,3.4695213,0.1904762,2.5434792,68.92444,0
6bba_ed9377fd,4081,58,50.0,121.0,184.0,0.40574342,2.3422506,0.7936508,2.5401762,68.65625,1
6bba_ed9377fd,4082,58,63.0,56.0,244.0,0.4342422,3.2270415,1.0,2.1396742,41.032837,0
6bba_ed9377fd,4083,58,52.0,113.0,194.0,0.46671468,1.1803164,0.82539684,2.5201738,67.04712,4
6bba_ed9377fd,4084,58,0.0,223.0,2.0,0.4929906,0.9666454,0.0,2.0673318,37.01001,0
6bba_ed9377fd,4085,58,16.0,155.0,255.0,0.29685295,4.437039,0.25396827,2.1396742,41.032837,0
6bba_ed9377fd,4086,58,63.0,21.0,255.0,0.23851478,3.6747897,1.0,1.7861332,23.868774,0
6bba_ed9377fd,4087,58,35.0,170.0,51.0,0.21336785,0.84248555,0.5555556,2.4687274,63.024292,0
6bba_ed9377fd,4088,59,0.0,217.0,79.0,1.2964596,4.209244,0.0,2.1396742,41.032837,0
6bba_ed9377fd,4089,59,32.0,161.0,165.0,1.5852631,8.032821,0.50793654,2.5434792,68.92444,0
6bba_ed9377fd,4090,59,35.0,176.0,31.0,1.9575698,3.0638428,0.5555556,2.5434792,68.92444,1
6bba_ed9377fd,4091,59,0.0,177.0,243.0,1.231647,3.382947,0.0,2.1396742,41.032837,2
6bba_ed9377fd,4092,59,26.0,165.0,183.0,1.5226235,4.69322,0.41269842,2.5434792,68.92444,1
6bba_ed9377fd,4093,59,55.0,139.0,12.0,1.544587,3.025053,0.8730159,2.5434792,68.92444,1
6bba_ed9377fd,4094,59,33.0,180.0,19.0,2.3343792,3.592261,0.52380955,2.5434792,68.92444,1
6bba_ed9377fd,4095,59,63.0,103.0,148.0,1.0673751,3.8852067,1.0,2.1396742,41.032837,0
6bba_ed9377fd,4096,59,0.0,211.0,134.0,0.9265978,4.9719996,0.0,2.1396742,41.032837,0
6bba_ed9377fd,4097,59,55.0,138.0,22.0,1.4392716,2.5804882,0.8730159,2.5401762,68.65625,1
6bba_ed9377fd,4098,59,33.0,134.0,242.0,1.8929074,2.6580405,0.52380955,2.5434792,68.92444,0
6bba_ed9377fd,4099,59,37.0,175.0,0.0,2.3784516,5.4091573,0.5873016,2.1396742,41.032837,0
6bba_ed9377fd,4100,59,20.0,186.0,137.0,0.9867555,3.3298428,0.31746033,2.5434792,68.92444,0
6bba_ed9377fd,4101,59,26.0,192.0,35.0,1.0420989,2.9625719,0.41269842,2.5434792,68.92444,0
6bba_ed9377fd,4102,59,31.0,147.0,215.0,1.4028066,3.1404526,0.4920635,2.5434792,68.92444,0
6bba_ed9377fd,4103,59,20.0,196.0,59.0,1.4243474,2.3358881,0.31746033,2.5434792,68.92444,1
6bba_ed9377fd,4104,59,52.0,74.0,204.0,1.1913813,2.2909546,0.82539684,2.5434792,68.92444,0
6bba_ed9377fd,4105,59,45.0,117.0,209.0,1.8798687,1.6580822,0.71428573,2.5434792,68.92444,2
6bba_ed9377fd,4106,59,50.0,108.0,223.0,2.4022696,2.4248946,0.7936508,2.5434792,68.92444,1
6bba_ed9377fd,4107,59,50.0,144.0,79.0,0.85521406,5.089181,0.7936508,2.5434792,68.92444,0
6bba_ed9377fd,4108,59,19.0,195.0,70.0,1.4059834,1.9926808,0.3015873,2.5434792,68.92444,2
6bba_ed9377fd,4109,59,34.0,148.0,121.0,1.0438186,2.4359274,0.53968257,2.5434792,68.92444,0
6bba_ed9377fd,4110,59,49.0,110.0,210.0,1.9903324,1.5549836,0.7777778,2.5434792,68.92444,2
6bba_ed9377fd,4111,59,63.0,108.0,95.0,0.7499065,4.146782,1.0,2.1350024,40.76465,0
6bba_ed9377fd,4112,59,38.0,165.0,100.0,0.7646743,3.2348194,0.6031746,2.5434792,68.92444,1
6bba_ed9377fd,4113,59,37.0,165.0,108.0,0.8640989,3.7573783,0.5873016,2.5434792,68.92444,1
6bba_ed9377fd,4114,59,22.0,153.0,183.0,1.1023387,1.9329231,0.34920636,2.5434792,68.92444,1
6bba_ed9377fd,4115,59,52.0,63.0,225.0,1.1219195,2.1830022,0.82539684,2.5434792,68.92444,0
6bba_ed9377fd,4116,59,38.0,123.0,255.0,2.3846707,5.4663053,0.6031746,2.1396742,41.032837,0
6bba_ed9377fd,4117,59,44.0,112.0,242.0,1.8768177,1.8877378,0.6984127,2.5434792,68.92444,0
6bba_ed9377fd,4118,59,45.0,96.0,246.0,1.8962159,1.6753099,0.71428573,2.5335438,68.11987,1
6bba_ed9377fd,4119,59,63.0,86.0,57.0,0.86806214,2.3361926,1.0,2.1396742,41.032837,1
6bba_ed9377fd,4120,59,63.0,87.0,69.0,0.85699624,2.3023512,1.0,2.1396742,41.032837,1
6bba_ed9377fd,4121,59,63.0,75.0,217.0,0.92540765,1.3326352,1.0,2.125597,40.22827,0
6bba_ed9377fd,4122,59,17.0,180.0,89.0,0.9780022,1.8243607,0.26984128,2.5434792,68.92444,1
6bba_ed9377fd,4123,59,4.0,215.0,21.0,1.3083302,2.0482016,0.06349207,2.5434792,68.92444,0
6bba_ed9377fd,4124,59,40.0,147.0,162.0,0.8441466,2.8724008,0.63492066,2.5434792,68.92444,0
6bba_ed9377fd,4125,59,4.0,199.0,30.0,1.1921985,1.7655883,0.06349207,2.5434792,68.92444,0
6bba_ed9377fd,4126,59,5.0,198.0,9.0,1.2384454,1.6697103,0.07936508,2.5434792,68.92444,0
6bba_ed9377fd,4127,59,15.0,177.0,200.0,0.76703405,3.933485,0.23809524,2.5434792,68.92444,0
6bba_ed9377fd,4128,59,17.0,184.0,75.0,1.1460428,1.4106234,0.26984128,2.5434792,68.92444,2
6bba_ed9377fd,4129,59,37.0,162.0,137.0,0.8301365,2.3140128,0.5873016,2.5434792,68.92444,1
6bba_ed9377fd,4130,59,44.0,131.0,194.0,0.7633887,2.777756,0.6984127,2.5401762,68.65625,3
6bba_ed9377fd,4131,59,58.0,130.0,64.0,0.85199726,1.8940413,0.9206349,2.5368643,68.38806,3
6bba_ed9377fd,4132,59,61.0,126.0,56.0,0.8414347,2.1316848,0.96825397,2.458177,62.219727,2
6bba_ed9377fd,4133,59,62.0,122.0,71.0,0.85841525,1.9552258,0.984127,2.3316977,53.10132,2
6bba_ed9377fd,4134,59,59.0,126.0,69.0,0.88695955,2.2776105,0.93650794,2.5434792,68.92444,3
6bba_ed9377fd,4135,59,44.0,130.0,204.0,0.787792,1.7224666,0.6984127,2.5335438,68.11987,3
6bba_ed9377fd,4136,59,0.0,203.0,169.0,0.61211413,4.154904,0.0,2.1396742,41.032837,0
6bba_ed9377fd,4137,59,37.0,164.0,127.0,0.74330497,1.9861284,0.5873016,2.5401762,68.65625,1
6bba_ed9377fd,4138,59,12.0,204.0,103.0,0.64291465,3.1117322,0.1904762,2.5434792,68.92444,0
6bba_ed9377fd,4139,59,0.0,175.0,206.0,0.69908726,2.7861545,0.0,2.1396742,41.032837,0
6bba_ed9377fd,4140,59,50.0,136.0,133.0,0.5819149,2.135202,0.7936508,2.5201738,67.04712,0
6bba_ed9377fd,4141,59,56.0,109.0,182.0,0.6122605,2.8654969,0.8888889,2.5434792,68.92444,0
6bba_ed9377fd,4142,59,0.0,222.0,38.0,0.45478103,1.018027,0.0,2.092004,38.350952,0
6bba_ed9377fd,4143,59,48.0,128.0,183.0,0.37852892,1.3866417,0.7619048,2.5134354,66.51074,2
6bba_ed9377fd,4144,59,63.0,62.0,237.0,0.46262226,1.1742902,1.0,2.120863,39.960083,0
6bba_ed9377fd,4145,59,12.0,189.0,177.0,0.3732552,2.886088,0.1904762,2.5434792,68.92444,1
6bba_ed9377fd,4146,59,13.0,191.0,170.0,0.32472846,2.4970667,0.20634921,2.5368643,68.38806,1
6bba_ed9377fd,4147,59,17.0,155.0,255.0,0.32616395,5.623003,0.26984128,2.1396742,41.032837,0
6bba_ed9377fd,4148,59,0.0,188.0,234.0,0.30800533,0.5698963,0.0,2.010875,34.059937,1
6bba_ed9377fd,4149,59,50.0,121.0,194.0,0.42415878,0.7376778,0.7936508,2.4652207,62.756104,3
6bba_ed9377fd,4150,59,50.0,69.0,255.0,0.3655428,2.4405978,0.7936508,2.120863,39.960083,1
6bba_ed9377fd,4151,59,63.0,22.0,255.0,0.2504236,3.7254,1.0,1.7994134,24.405151,0
6bba_ed9377fd,4152,59,59.0,71.0,255.0,0.2975248,0.96621394,0.93650794,2.0317688,35.13269,1
6bba_ed9377fd,4153,59,49.0,88.0,233.0,0.40152672,0.5351279,0.7777778,2.3316977,53.10132,1
6bba_ed9377fd,4154,59,43.0,139.0,0.0,0.23532291,0.49090406,0.6825397,1.9677329,31.914429,0
6bba_ed9377fd,4155,59,33.0,174.0,50.0,0.2738534,0.73493946,0.52380955,2.4368005,60.610596,0
6bba_ed9377fd,4156,59,6.0,166.0,235.0,0.25251833,0.38993254,0.0952381,2.4077017,58.465088,1
6bba_ed9377fd,4157,59,50.0,84.0,244.0,0.39939547,0.1813793,0.7936508,2.2587838,48.273926,2
6bba_ed9377fd,4158,60,0.0,218.0,78.0,1.2986284,4.247682,0.0,2.1396742,41.032837,0
6bba_ed9377fd,4159,60,33.0,162.0,164.0,1.5623797,8.091361,0.52380955,2.5434792,68.92444,0
6bba_ed9377fd,4160,60,35.0,178.0,31.0,1.8472034,3.1486814,0.5555556,2.5434792,68.92444,1
6bba_ed9377fd,4161,60,26.0,168.0,182.0,1.5002714,5.142806,0.41269842,2.5434792,68.92444,0
6bba_ed9377fd,4162,60,0.0,178.0,246.0,1.1920954,4.0622625,0.0,2.1396742,41.032837,1
6bba_ed9377fd,4163,60,63.0,106.0,147.0,1.1457199,3.6971505,1.0,2.1396742,41.032837,0
6bba_ed9377fd,4164,60,33.0,182.0,19.0,2.1026356,3.624867,0.52380955,2.5434792,68.92444,1
6bba_ed9377fd,4165,60,55.0,140.0,13.0,1.5142701,2.6854048,0.8730159,2.5434792,68.92444,1
6bba_ed9377fd,4166,60,37.0,177.0,0.0,2.3895175,5.74352,0.5873016,2.1396742,41.032837,0
6bba_ed9377fd,4167,60,55.0,139.0,26.0,1.487587,2.6321077,0.8730159,2.5434792,68.92444,1
6bba_ed9377fd,4168,60,0.0,212.0,134.0,0.92360336,4.8882146,0.0,2.1396742,41.032837,0
6bba_ed9377fd,4169,60,32.0,139.0,236.0,1.806453,2.1829174,0.50793654,2.5434792,68.92444,1
6bba_ed9377fd,4170,60,20.0,186.0,142.0,1.0043368,3.4400923,0.31746033,2.5434792,68.92444,0
6bba_ed9377fd,4171,60,63.0,110.0,96.0,0.8133464,4.4566803,1.0,2.1350024,40.76465,0
6bba_ed9377fd,4172,60,20.0,197.0,62.0,1.4257815,2.2827005,0.31746033,2.5434792,68.92444,0
6bba_ed9377fd,4173,60,51.0,67.0,229.0,1.2050143,2.4166093,0.8095238,2.5434792,68.92444,1
6bba_ed9377fd,4174,60,49.0,113.0,209.0,2.1720917,1.7350032,0.7777778,2.5434792,68.92444,2
6bba_ed9377fd,4175,60,27.0,150.0,229.0,1.3041077,1.1036295,0.42857143,2.5434792,68.92444,2
6bba_ed9377fd,4176,60,50.0,112.0,222.0,2.7011604,2.6745222,0.7936508,2.5434792,68.92444,1
6bba_ed9377fd,4177,60,51.0,76.0,207.0,1.1728746,2.096385,0.8095238,2.5434792,68.92444,0
6bba_ed9377fd,4178,60,27.0,193.0,33.0,0.9803505,2.527467,0.42857143,2.5434792,68.92444,0
6bba_ed9377fd,4179,60,45.0,120.0,209.0,2.0132675,1.6566591,0.71428573,2.5434792,68.92444,2
6bba_ed9377fd,4180,60,38.0,128.0,252.0,2.08841,3.440213,0.6031746,2.5401762,68.65625,0
6bba_ed9377fd,4181,60,22.0,150.0,190.0,1.0892028,2.08664,0.34920636,2.5434792,68.92444,0
6bba_ed9377fd,4182,60,63.0,88.0,57.0,0.89254564,2.5383227,1.0,2.1396742,41.032837,0
6bba_ed9377fd,4183,60,15.0,177.0,205.0,0.8468949,4.609704,0.23809524,2.5434792,68.92444,0
6bba_ed9377fd,4184,60,35.0,150.0,119.0,0.9297383,2.675844,0.5555556,2.5434792,68.92444,0
6bba_ed9377fd,4185,60,44.0,116.0,240.0,1.7283177,1.5853516,0.6984127,2.5434792,68.92444,0
6bba_ed9377fd,4186,60,28.0,152.0,215.0,1.1778971,1.7410346,0.44444445,2.5434792,68.92444,2
6bba_ed9377fd,4187,60,63.0,76.0,217.0,0.97281003,1.3334408,1.0,2.13031,40.49646,0
6bba_ed9377fd,4188,60,63.0,89.0,72.0,0.8713253,2.539644,1.0,2.1396742,41.032837,0
6bba_ed9377fd,4189,60,44.0,100.0,244.0,1.7735876,1.3852297,0.6984127,2.5302145,67.851685,1
6bba_ed9377fd,4190,60,36.0,168.0,110.0,0.78936905,3.9772608,0.5714286,2.5434792,68.92444,0
6bba_ed9377fd,4191,60,63.0,124.0,69.0,0.9464744,1.8976817,1.0,2.1350024,40.76465,2
6bba_ed9377fd,4192,60,49.0,147.0,79.0,0.71438193,4.611966,0.7777778,2.5434792,68.92444,0
6bba_ed9377fd,4193,60,63.0,126.0,57.0,0.9340551,1.7088166,1.0,2.1350024,40.76465,2
6bba_ed9377fd,4194,60,42.0,134.0,197.0,0.8622419,3.2458935,0.6666667,2.5434792,68.92444,2
6bba_ed9377fd,4195,60,17.0,184.0,77.0,1.1431861,1.478703,0.26984128,2.5434792,68.92444,2
6bba_ed9377fd,4196,60,17.0,182.0,90.0,0.9509705,1.7055022,0.26984128,2.5434792,68.92444,2
6bba_ed9377fd,4197,60,40.0,149.0,159.0,0.8847541,2.2312474,0.63492066,2.5434792,68.92444,1
6bba_ed9377fd,4198,60,16.0,186.0,81.0,1.1201313,1.4682754,0.25396827,2.5434792,68.92444,2
6bba_ed9377fd,4199,60,59.0,129.0,61.0,0.9690201,2.228931,0.93650794,2.5401762,68.65625,2
6bba_ed9377fd,4200,60,5.0,215.0,22.0,1.1709834,1.6295571,0.07936508,2.5434792,68.92444,2
6bba_ed9377fd,4201,60,5.0,201.0,9.0,1.1926498,1.6945703,0.07936508,2.5434792,68.92444,0
6bba_ed9377fd,4202,60,4.0,201.0,31.0,1.1485742,1.6616186,0.06349207,2.5434792,68.92444,0
6bba_ed9377fd,4203,60,43.0,133.0,203.0,0.85876226,2.0264575,0.6825397,2.5368643,68.38806,2
6bba_ed9377fd,4204,60,33.0,142.0,152.0,0.9111229,2.2511234,0.52380955,2.5434792,68.92444,1
6bba_ed9377fd,4205,60,5.0,216.0,30.0,1.0379107,1.5854934,0.07936508,2.5434792,68.92444,2
6bba_ed9377fd,4206,60,35.0,148.0,210.0,0.9751853,1.4291055,0.5555556,2.5368643,68.38806,1
6bba_ed9377fd,4207,60,0.0,204.0,171.0,0.6405805,4.075086,0.0,2.1396742,41.032837,0
6bba_ed9377fd,4208,60,33.0,148.0,134.0,0.9418913,2.1319923,0.52380955,2.5434792,68.92444,0
6bba_ed9377fd,4209,60,37.0,163.0,138.0,0.7652513,2.3518345,0.5873016,2.5434792,68.92444,0
6bba_ed9377fd,4210,60,13.0,205.0,102.0,0.6755629,3.0724032,0.20634921,2.5434792,68.92444,0
6bba_ed9377fd,4211,60,56.0,112.0,180.0,0.6330813,2.9562101,0.8888889,2.5434792,68.92444,0
6bba_ed9377fd,4212,60,0.0,178.0,205.0,0.674028,2.5572495,0.0,2.1350024,40.76465,1
6bba_ed9377fd,4213,60,0.0,180.0,197.0,0.6481913,2.639737,0.0,2.1350024,40.76465,1
6bba_ed9377fd,4214,60,48.0,140.0,135.0,0.58873713,1.9423566,0.7619048,2.5401762,68.65625,0
6bba_ed9377fd,4215,60,0.0,223.0,16.0,0.7076195,0.8118413,0.0,2.1396742,41.032837,1
6bba_ed9377fd,4216,60,0.0,189.0,234.0,0.38720453,1.1413825,0.0,2.0968692,38.61914,0
6bba_ed9377fd,4217,60,13.0,191.0,175.0,0.36703864,3.2414122,0.20634921,2.5434792,68.92444,0
6bba_ed9377fd,4218,60,48.0,130.0,184.0,0.3842884,1.3057896,0.7619048,2.4964292,65.1698,1
6bba_ed9377fd,4219,60,16.0,157.0,255.0,0.32982063,6.777777,0.25396827,2.1396742,41.032837,0
6bba_ed9377fd,4220,60,0.0,224.0,36.0,0.45144105,0.5623768,0.0,2.0420563,35.669067,1
6bba_ed9377fd,4221,60,50.0,71.0,255.0,0.37728062,2.338808,0.7936508,2.125597,40.22827,1
6bba_ed9377fd,4222,60,63.0,65.0,236.0,0.45633584,0.49286658,1.0,2.0772712,37.546387,1
6bba_ed9377fd,4223,60,44.0,144.0,0.0,0.29399288,1.0171613,0.6984127,2.0369256,35.40088,0
6bba_ed9377fd,4224,60,59.0,74.0,255.0,0.31788126,1.0412539,0.93650794,2.021376,34.596313,1
6bba_ed9377fd,4225,60,48.0,91.0,234.0,0.44656232,0.4686559,0.7619048,2.3316977,53.10132,1
6bba_ed9377fd,4226,60,63.0,24.0,255.0,0.23051102,3.1744838,1.0,1.7861332,23.868774,0
6bba_ed9377fd,4227,60,6.0,171.0,235.0,0.25434673,0.3734206,0.0952381,2.396606,57.660522,1
6bba_ed9377fd,4228,60,50.0,87.0,255.0,0.44712222,0.20635685,0.7936508,1.9397784,30.573486,0
6bba_ed9377fd,4229,61,0.0,218.0,78.0,1.3128715,4.294487,0.0,2.1396742,41.032837,0
6bba_ed9377fd,4230,61,63.0,106.0,146.0,1.2821976,3.5404468,1.0,2.1396742,41.032837,1
6bba_ed9377fd,4231,61,24.0,169.0,182.0,1.4653662,5.154421,0.3809524,2.5434792,68.92444,0
6bba_ed9377fd,4232,61,34.0,179.0,29.0,1.8014251,3.3292453,0.53968257,2.5434792,68.92444,1
6bba_ed9377fd,4233,61,32.0,162.0,162.0,1.2742763,7.6968794,0.50793654,2.5434792,68.92444,0
6bba_ed9377fd,4234,61,63.0,104.0,154.0,1.3015366,3.3375797,1.0,2.1396742,41.032837,1
6bba_ed9377fd,4235,61,0.0,178.0,247.0,1.1493574,4.8671594,0.0,2.1396742,41.032837,2
6bba_ed9377fd,4236,61,35.0,180.0,0.0,2.0376992,5.7107224,0.5555556,2.1396742,41.032837,1
6bba_ed9377fd,4237,61,54.0,142.0,14.0,1.480399,2.8660936,0.85714287,2.5401762,68.65625,1
6bba_ed9377fd,4238,61,33.0,182.0,21.0,2.0470698,3.9526029,0.52380955,2.5434792,68.92444,1
6bba_ed9377fd,4239,61,54.0,141.0,26.0,1.4609667,2.8244395,0.85714287,2.5434792,68.92444,1
6bba_ed9377fd,4240,61,19.0,187.0,140.0,1.0321969,3.5110645,0.3015873,2.5434792,68.92444,0
6bba_ed9377fd,4241,61,0.0,211.0,134.0,0.8653365,4.7445116,0.0,2.1396742,41.032837,0
6bba_ed9377fd,4242,61,63.0,109.0,96.0,0.8859136,4.85316,1.0,2.1350024,40.76465,0
6bba_ed9377fd,4243,61,31.0,142.0,231.0,1.7503213,2.0446227,0.4920635,2.5434792,68.92444,2
6bba_ed9377fd,4244,61,42.0,170.0,0.0,1.0668856,1.6751784,0.6666667,2.13031,40.49646,1
6bba_ed9377fd,4245,61,50.0,69.0,227.0,1.1848334,2.4111633,0.7936508,2.5434792,68.92444,1
6bba_ed9377fd,4246,61,47.0,121.0,204.0,2.2199388,2.030429,0.74603176,2.5434792,68.92444,1
6bba_ed9377fd,4247,61,26.0,152.0,228.0,1.398007,1.2502719,0.41269842,2.5434792,68.92444,2
6bba_ed9377fd,4248,61,51.0,77.0,205.0,1.1317643,2.151215,0.8095238,2.5434792,68.92444,0
6bba_ed9377fd,4249,61,20.0,196.0,63.0,1.2476617,1.8657353,0.31746033,2.5434792,68.92444,2
6bba_ed9377fd,4250,61,48.0,117.0,218.0,2.460378,2.5424,0.7619048,2.5434792,68.92444,1
6bba_ed9377fd,4251,61,37.0,130.0,247.0,2.1447804,2.4307332,0.5873016,2.5434792,68.92444,0
6bba_ed9377fd,4252,61,20.0,195.0,71.0,1.2753733,1.7604091,0.31746033,2.5434792,68.92444,2
6bba_ed9377fd,4253,61,21.0,153.0,187.0,1.1040413,2.2055218,0.33333334,2.5434792,68.92444,0
6bba_ed9377fd,4254,61,63.0,89.0,57.0,0.9472037,2.5778399,1.0,2.1396742,41.032837,1
6bba_ed9377fd,4255,61,14.0,178.0,205.0,0.8811144,4.6001234,0.22222222,2.5434792,68.92444,1
6bba_ed9377fd,4256,61,34.0,144.0,219.0,1.8918107,2.359189,0.53968257,2.5434792,68.92444,3
6bba_ed9377fd,4257,61,26.0,194.0,32.0,0.9340007,2.4052281,0.41269842,2.5434792,68.92444,0
6bba_ed9377fd,4258,61,34.0,152.0,118.0,0.94761646,2.7512996,0.53968257,2.5434792,68.92444,0
6bba_ed9377fd,4259,61,63.0,89.0,70.0,0.8913171,2.4870865,1.0,2.1396742,41.032837,1
6bba_ed9377fd,4260,61,43.0,118.0,236.0,1.8072072,1.7229129,0.6825397,2.5434792,68.92444,0
6bba_ed9377fd,4261,61,44.0,103.0,242.0,1.802322,1.5700448,0.6984127,2.5434792,68.92444,0
6bba_ed9377fd,4262,61,16.0,183.0,90.0,0.9819847,1.9075037,0.25396827,2.5434792,68.92444,0
6bba_ed9377fd,4263,61,63.0,124.0,66.0,0.9529047,1.995151,1.0,2.1396742,41.032837,1
6bba_ed9377fd,4264,61,41.0,151.0,152.0,0.91368264,2.051382,0.6507937,2.5268764,67.583496,1
6bba_ed9377fd,4265,61,32.0,144.0,151.0,0.9624265,2.1019711,0.50793654,2.5434792,68.92444,1
6bba_ed9377fd,4266,61,41.0,138.0,190.0,0.8381243,3.4975083,0.6507937,2.5434792,68.92444,2
6bba_ed9377fd,4267,61,63.0,78.0,214.0,0.9700747,1.6993607,1.0,2.13031,40.49646,0
6bba_ed9377fd,4268,61,35.0,169.0,107.0,0.7291235,4.241564,0.5555556,2.5434792,68.92444,0
6bba_ed9377fd,4269,61,5.0,215.0,23.0,1.195261,1.8245636,0.07936508,2.5434792,68.92444,2
6bba_ed9377fd,4270,61,0.0,204.0,170.0,0.6771568,4.721926,0.0,2.1396742,41.032837,0
6bba_ed9377fd,4271,61,49.0,147.0,76.0,0.6912014,4.3823786,0.7777778,2.5434792,68.92444,0
6bba_ed9377fd,4272,61,17.0,188.0,63.0,1.1711777,1.511396,0.26984128,2.5434792,68.92444,2
6bba_ed9377fd,4273,61,5.0,200.0,10.0,1.1374665,1.633993,0.07936508,2.5434792,68.92444,0
6bba_ed9377fd,4274,61,59.0,129.0,60.0,0.9389145,2.0837805,0.93650794,2.5434792,68.92444,1
6bba_ed9377fd,4275,61,4.0,200.0,28.0,1.1501912,1.6250744,0.06349207,2.5434792,68.92444,0
6bba_ed9377fd,4276,61,41.0,138.0,196.0,0.8075444,2.4777417,0.6507937,2.5335438,68.11987,1
6bba_ed9377fd,4277,61,12.0,205.0,101.0,0.6801054,3.1855755,0.1904762,2.5434792,68.92444,0
6bba_ed9377fd,4278,61,37.0,148.0,207.0,0.8576767,1.2611743,0.5873016,2.5066607,65.974365,1
6bba_ed9377fd,4279,61,37.0,163.0,134.0,0.7418479,1.8508407,0.5873016,2.5401762,68.65625,0
6bba_ed9377fd,4280,61,0.0,223.0,16.0,0.78951555,1.1133798,0.0,2.1396742,41.032837,1
6bba_ed9377fd,4281,61,56.0,112.0,179.0,0.6108092,2.812896,0.8888889,2.5434792,68.92444,0
6bba_ed9377fd,4282,61,48.0,141.0,132.0,0.6074038,2.2462544,0.7619048,2.5302145,67.851685,0
6bba_ed9377fd,4283,61,0.0,181.0,196.0,0.57480824,2.1432633,0.0,2.1350024,40.76465,1
6bba_ed9377fd,4284,61,0.0,178.0,207.0,0.5718234,1.7127647,0.0,2.125597,40.22827,2
6bba_ed9377fd,4285,61,0.0,188.0,233.0,0.38935432,1.6774436,0.0,2.120863,39.960083,1
6bba_ed9377fd,4286,61,53.0,95.0,255.0,0.60954195,0.5596019,0.84126985,2.0317688,35.13269,0
6bba_ed9377fd,4287,61,12.0,191.0,173.0,0.41048014,3.8941228,0.1904762,2.5434792,68.92444,1
6bba_ed9377fd,4288,61,12.0,193.0,168.0,0.37682053,2.9360528,0.1904762,2.5401762,68.65625,1
6bba_ed9377fd,4289,61,50.0,74.0,255.0,0.46022284,2.9926462,0.7936508,2.1396742,41.032837,1
6bba_ed9377fd,4290,61,57.0,77.0,255.0,0.40380833,1.6930177,0.9047619,2.0822053,37.814575,1
6bba_ed9377fd,4291,61,15.0,157.0,255.0,0.34045476,7.773988,0.23809524,2.1396742,41.032837,0
6bba_ed9377fd,4292,61,46.0,134.0,177.0,0.3553769,1.2727525,0.73015875,2.5368643,68.38806,1
6bba_ed9377fd,4293,61,0.0,223.0,33.0,0.48655862,0.41425776,0.0,1.9895378,32.987183,2
6bba_ed9377fd,4294,61,63.0,26.0,255.0,0.29471847,3.4419003,1.0,1.7994134,24.405151,0
6bba_ed9377fd,4295,61,63.0,67.0,233.0,0.4436479,0.3694504,1.0,2.0317688,35.13269,1
6bba_ed9377fd,4296,61,47.0,96.0,228.0,0.4021781,0.45272186,0.74603176,2.3395221,53.637695,0
6bba_ed9377fd,4297,61,5.0,174.0,234.0,0.25301543,0.48212498,0.07936508,2.4403894,60.878784,3
6bba_ed9377fd,4298,61,6.0,172.0,235.0,0.2385254,0.4880911,0.0952381,2.42597,59.80603,2
6bba_ed9377fd,4299,61,33.0,176.0,46.0,0.24586754,0.37011513,0.52380955,2.3891516,57.124146,0
6bba_ed9377fd,4300,61,51.0,104.0,202.0,0.3264426,0.07817586,0.8095238,2.057296,36.473633,0
6bba_ed9377fd,4301,61,42.0,140.0,0.0,0.17227645,0.61623645,0.6666667,1.994915,33.25537,0
6bba_ed9377fd,4302,61,0.0,223.0,48.0,0.15810084,0.49570817,0.0,1.9340899,30.305298,1
6bba_ed9377fd,4303,62,63.0,108.0,146.0,1.5006957,3.2253382,1.0,2.1396742,41.032837,2
6bba_ed9377fd,4304,62,63.0,104.0,160.0,1.518125,3.2362888,1.0,2.1396742,41.032837,2
6bba_ed9377fd,4305,62,22.0,173.0,184.0,1.316775,4.7495017,0.34920636,2.5434792,68.92444,1
6bba_ed9377fd,4306,62,63.0,106.0,155.0,1.6470972,3.3645625,1.0,2.1396742,41.032837,2
6bba_ed9377fd,4307,62,34.0,181.0,28.0,1.7121365,3.111156,0.53968257,2.5434792,68.92444,1
6bba_ed9377fd,4308,62,33.0,162.0,166.0,1.16263,7.4236913,0.52380955,2.5434792,68.92444,0
6bba_ed9377fd,4309,62,0.0,177.0,255.0,1.0097787,4.088963,0.0,1.7994134,24.405151,0
6bba_ed9377fd,4310,62,33.0,183.0,20.0,1.9292868,3.8162324,0.52380955,2.5434792,68.92444,1
6bba_ed9377fd,4311,62,36.0,180.0,0.0,1.7327075,4.4758534,0.5714286,2.1396742,41.032837,1
6bba_ed9377fd,4312,62,54.0,144.0,17.0,1.306096,2.8864434,0.85714287,2.5434792,68.92444,1
6bba_ed9377fd,4313,62,0.0,219.0,82.0,1.0710891,3.765086,0.0,2.1396742,41.032837,1
6bba_ed9377fd,4314,62,54.0,143.0,26.0,1.3881794,3.1485245,0.85714287,2.5434792,68.92444,1
6bba_ed9377fd,4315,62,18.0,190.0,143.0,1.0224035,3.6400018,0.2857143,2.5434792,68.92444,0
6bba_ed9377fd,4316,62,0.0,220.0,75.0,0.9235361,3.3178542,0.0,2.1396742,41.032837,1
6bba_ed9377fd,4317,62,32.0,143.0,232.0,1.725518,2.0004077,0.50793654,2.5434792,68.92444,2
6bba_ed9377fd,4318,62,48.0,120.0,202.0,1.9347435,1.6956954,0.7619048,2.5434792,68.92444,2
6bba_ed9377fd,4319,62,50.0,71.0,227.0,1.27879,2.4682724,0.7936508,2.5434792,68.92444,1
6bba_ed9377fd,4320,62,25.0,155.0,229.0,1.2581635,1.3354478,0.3968254,2.5434792,68.92444,1
6bba_ed9377fd,4321,62,63.0,109.0,98.0,0.751826,4.288234,1.0,2.1161075,39.691895,0
6bba_ed9377fd,4322,62,0.0,212.0,135.0,0.78612775,4.6270194,0.0,2.1396742,41.032837,0
6bba_ed9377fd,4323,62,51.0,79.0,204.0,1.1861762,2.1992579,0.8095238,2.5434792,68.92444,0
6bba_ed9377fd,4324,62,20.0,199.0,63.0,1.2452962,1.967164,0.31746033,2.5434792,68.92444,1
6bba_ed9377fd,4325,62,26.0,196.0,31.0,0.949005,2.5954792,0.41269842,2.5434792,68.92444,0
6bba_ed9377fd,4326,62,42.0,171.0,0.0,0.9965256,1.5675697,0.6666667,2.1396742,41.032837,1
6bba_ed9377fd,4327,62,63.0,125.0,67.0,0.97245497,2.3951852,1.0,2.1396742,41.032837,0
6bba_ed9377fd,4328,62,34.0,145.0,220.0,1.9462852,2.5392814,0.53968257,2.5434792,68.92444,1
6bba_ed9377fd,4329,62,19.0,159.0,186.0,1.0458583,2.1575909,0.3015873,2.5434792,68.92444,1
6bba_ed9377fd,4330,62,44.0,122.0,237.0,1.8060589,1.8081503,0.6984127,2.5434792,68.92444,0
6bba_ed9377fd,4331,62,49.0,119.0,215.0,2.4295754,2.322699,0.7777778,2.5401762,68.65625,2
6bba_ed9377fd,4332,62,37.0,129.0,253.0,2.065492,2.5698488,0.5873016,2.4652207,62.756104,0
6bba_ed9377fd,4333,62,35.0,171.0,106.0,0.7791986,4.4864182,0.5555556,2.5434792,68.92444,0
6bba_ed9377fd,4334,62,32.0,147.0,147.0,1.0656394,2.4127135,0.50793654,2.5434792,68.92444,1
6bba_ed9377fd,4335,62,33.0,154.0,120.0,0.9481193,2.4047046,0.52380955,2.5434792,68.92444,1
6bba_ed9377fd,4336,62,63.0,91.0,57.0,0.9121054,2.2309797,1.0,2.1396742,41.032837,1
6bba_ed9377fd,4337,62,42.0,149.0,153.0,0.90371215,2.0491805,0.6666667,2.5434792,68.92444,1
6bba_ed9377fd,4338,62,49.0,149.0,74.0,0.72564954,4.62466,0.7777778,2.5434792,68.92444,0
6bba_ed9377fd,4339,62,43.0,126.0,212.0,2.2133503,1.9329076,0.6825397,2.5434792,68.92444,2
6bba_ed9377fd,4340,62,63.0,81.0,214.0,1.0729512,2.2165663,1.0,2.1396742,41.032837,0
6bba_ed9377fd,4341,62,43.0,105.0,241.0,1.63315,1.3107942,0.6825397,2.5368643,68.38806,0
6bba_ed9377fd,4342,62,15.0,186.0,89.0,0.9551758,1.7994092,0.23809524,2.5434792,68.92444,1
6bba_ed9377fd,4343,62,1.0,204.0,7.0,1.2070113,1.9168053,0.015873017,2.3316977,53.10132,0
6bba_ed9377fd,4344,62,4.0,217.0,24.0,1.1982151,1.9958665,0.06349207,2.5434792,68.92444,1
6bba_ed9377fd,4345,62,41.0,140.0,192.0,0.8472434,2.958536,0.6507937,2.5401762,68.65625,2
6bba_ed9377fd,4346,62,63.0,91.0,70.0,0.8701544,2.2547166,1.0,2.1396742,41.032837,1
6bba_ed9377fd,4347,62,17.0,185.0,75.0,1.0777581,1.4132006,0.26984128,2.5434792,68.92444,2
6bba_ed9377fd,4348,62,0.0,203.0,28.0,1.134078,1.4765047,0.0,2.1396742,41.032837,0
6bba_ed9377fd,4349,62,11.0,181.0,211.0,0.7513499,3.716532,0.17460318,2.5434792,68.92444,0
6bba_ed9377fd,4350,62,16.0,190.0,62.0,1.1474029,1.5741582,0.25396827,2.5434792,68.92444,2
6bba_ed9377fd,4351,62,41.0,139.0,200.0,0.8455122,1.7700891,0.6507937,2.5201738,67.04712,1
6bba_ed9377fd,4352,62,0.0,223.0,17.0,0.8806926,1.2124641,0.0,2.1396742,41.032837,1
6bba_ed9377fd,4353,62,0.0,206.0,170.0,0.583974,4.6328683,0.0,2.1396742,41.032837,0
6bba_ed9377fd,4354,62,12.0,207.0,100.0,0.64394885,3.0119576,0.1904762,2.5434792,68.92444,1
6bba_ed9377fd,4355,62,59.0,133.0,50.0,0.7030745,1.9330949,0.93650794,2.5168092,66.77893,0
6bba_ed9377fd,4356,62,38.0,164.0,129.0,0.7703651,1.4785455,0.6031746,2.5268764,67.583496,1
6bba_ed9377fd,4357,62,56.0,113.0,179.0,0.6497826,2.6275988,0.8888889,2.5434792,68.92444,0
6bba_ed9377fd,4358,62,12.0,209.0,89.0,0.61546594,2.1640542,0.1904762,2.5434792,68.92444,1
6bba_ed9377fd,4359,62,47.0,147.0,126.0,0.5448271,1.7739689,0.74603176,2.5201738,67.04712,1
6bba_ed9377fd,4360,62,57.0,79.0,255.0,0.52094674,2.1864686,0.9047619,2.0772712,37.546387,1
6bba_ed9377fd,4361,62,48.0,144.0,130.0,0.5474668,2.2358096,0.7619048,2.5268764,67.583496,1
6bba_ed9377fd,4362,62,0.0,182.0,195.0,0.5075965,2.5220382,0.0,2.125597,40.22827,0
6bba_ed9377fd,4363,62,50.0,78.0,255.0,0.5743285,3.3304646,0.7936508,2.1396742,41.032837,1
6bba_ed9377fd,4364,62,0.0,188.0,235.0,0.36680967,2.0467677,0.0,2.13031,40.49646,0
6bba_ed9377fd,4365,62,46.0,136.0,179.0,0.39463592,1.4400278,0.73015875,2.5335438,68.11987,1
6bba_ed9377fd,4366,62,53.0,97.0,255.0,0.56308967,0.44600496,0.84126985,1.9786955,32.450806,0
6bba_ed9377fd,4367,62,12.0,193.0,174.0,0.35577115,3.7506328,0.1904762,2.5434792,68.92444,0
6bba_ed9377fd,4368,62,15.0,159.0,255.0,0.32779554,7.3029604,0.23809524,2.1396742,41.032837,0
6bba_ed9377fd,4369,62,63.0,29.0,255.0,0.2887157,3.2357647,1.0,1.7994134,24.405151,0
6bba_ed9377fd,4370,62,63.0,66.0,234.0,0.38824108,0.45562252,1.0,2.0055833,33.791748,1
6bba_ed9377fd,4371,62,63.0,69.0,233.0,0.42803258,0.39355716,1.0,2.0522413,36.205444,2
6bba_ed9377fd,4372,62,47.0,98.0,228.0,0.42327887,0.54184353,0.74603176,2.3588579,54.978638,0
6bba_ed9377fd,4373,62,5.0,173.0,237.0,0.26184314,0.9082011,0.07936508,2.4546402,61.951538,0
6bba_ed9377fd,4374,62,42.0,143.0,0.0,0.19992706,1.2800165,0.6666667,2.0673318,37.01001,1
6bba_ed9377fd,4375,62,48.0,145.0,0.0,0.22730893,0.42481005,0.7619048,1.9895378,32.987183,1
6bba_ed9377fd,4376,63,63.0,110.0,145.0,1.3989615,3.0081356,1.0,2.1396742,41.032837,2
6bba_ed9377fd,4377,63,55.0,141.0,30.0,1.9146826,4.197585,0.8730159,2.5434792,68.92444,0
6bba_ed9377fd,4378,63,63.0,105.0,159.0,1.4623055,3.1706207,1.0,2.1396742,41.032837,2
6bba_ed9377fd,4379,63,63.0,107.0,154.0,1.5627152,3.135312,1.0,2.1396742,41.032837,2
6bba_ed9377fd,4380,63,34.0,182.0,29.0,1.6884589,2.859273,0.53968257,2.5434792,68.92444,0
6bba_ed9377fd,4381,63,22.0,175.0,185.0,1.3479775,4.883778,0.34920636,2.5434792,68.92444,0
6bba_ed9377fd,4382,63,33.0,163.0,168.0,1.1276276,6.394546,0.52380955,2.5434792,68.92444,0
6bba_ed9377fd,4383,63,32.0,186.0,14.0,1.8345361,2.671159,0.50793654,2.5401762,68.65625,0
6bba_ed9377fd,4384,63,0.0,220.0,84.0,1.0213354,3.5995507,0.0,2.1396742,41.032837,0
6bba_ed9377fd,4385,63,38.0,179.0,0.0,1.6018254,2.8468263,0.6031746,2.1350024,40.76465,0
6bba_ed9377fd,4386,63,26.0,197.0,31.0,1.11808,2.602025,0.41269842,2.5434792,68.92444,0
6bba_ed9377fd,4387,63,0.0,178.0,255.0,0.86288756,5.206575,0.0,1.7994134,24.405151,1
6bba_ed9377fd,4388,63,54.0,79.0,255.0,1.1183573,8.254871,0.85714287,2.1350024,40.76465,0
6bba_ed9377fd,4389,63,48.0,124.0,200.0,2.175823,1.9337351,0.7619048,2.5434792,68.92444,0
6bba_ed9377fd,4390,63,31.0,146.0,232.0,1.772605,1.9471124,0.4920635,2.5434792,68.92444,2
6bba_ed9377fd,4391,63,18.0,192.0,142.0,0.94483966,3.630528,0.2857143,2.5434792,68.92444,0
6bba_ed9377fd,4392,63,51.0,81.0,206.0,1.2630944,2.049474,0.8095238,2.5434792,68.92444,0
6bba_ed9377fd,4393,63,25.0,157.0,228.0,1.3102384,1.2523416,0.3968254,2.5434792,68.92444,1
6bba_ed9377fd,4394,63,63.0,126.0,66.0,1.0033208,2.5525255,1.0,2.1396742,41.032837,1
6bba_ed9377fd,4395,63,20.0,200.0,63.0,1.2498386,2.0005596,0.31746033,2.5434792,68.92444,0
6bba_ed9377fd,4396,63,50.0,73.0,229.0,1.263443,2.216064,0.7936508,2.5434792,68.92444,1
6bba_ed9377fd,4397,63,0.0,205.0,9.0,1.2457651,1.9960432,0.0,2.1396742,41.032837,0
6bba_ed9377fd,4398,63,0.0,214.0,135.0,0.7670957,4.328806,0.0,2.1396742,41.032837,0
6bba_ed9377fd,4399,63,34.0,148.0,219.0,1.9086773,2.2251046,0.53968257,2.5434792,68.92444,1
6bba_ed9377fd,4400,63,43.0,126.0,235.0,1.8029906,1.4880462,0.6825397,2.5434792,68.92444,0
6bba_ed9377fd,4401,63,33.0,155.0,123.0,1.0344251,2.5586243,0.52380955,2.5434792,68.92444,1
6bba_ed9377fd,4402,63,50.0,149.0,72.0,0.79837394,4.500963,0.7936508,2.5434792,68.92444,1
6bba_ed9377fd,4403,63,40.0,143.0,194.0,0.9623351,3.3015292,0.63492066,2.5434792,68.92444,1
6bba_ed9377fd,4404,63,14.0,189.0,90.0,1.0418817,1.9255362,0.22222222,2.5434792,68.92444,0
6bba_ed9377fd,4405,63,37.0,128.0,252.0,2.2156067,2.4968467,0.5873016,2.5401762,68.65625,1
6bba_ed9377fd,4406,63,40.0,143.0,199.0,0.9656319,2.3388662,0.63492066,2.5401762,68.65625,1
6bba_ed9377fd,4407,63,5.0,217.0,27.0,1.3143866,2.00918,0.07936508,2.5434792,68.92444,1
6bba_ed9377fd,4408,63,42.0,124.0,216.0,1.8154352,1.3776528,0.6666667,2.5434792,68.92444,0
6bba_ed9377fd,4409,63,0.0,204.0,32.0,1.2547196,1.5395947,0.0,2.1396742,41.032837,1
6bba_ed9377fd,4410,63,19.0,158.0,194.0,1.0417616,2.0592258,0.3015873,2.5434792,68.92444,0
6bba_ed9377fd,4411,63,9.0,186.0,208.0,0.77037084,3.3437006,0.14285715,2.5401762,68.65625,1
6bba_ed9377fd,4412,63,45.0,109.0,238.0,2.048344,1.7006971,0.71428573,2.5302145,67.851685,1
6bba_ed9377fd,4413,63,16.0,187.0,75.0,1.1512938,1.6019101,0.25396827,2.5434792,68.92444,0
6bba_ed9377fd,4414,63,31.0,150.0,145.0,1.0662564,2.188109,0.4920635,2.5434792,68.92444,1
6bba_ed9377fd,4415,63,51.0,146.0,80.0,0.70743984,3.3573368,0.8095238,2.5401762,68.65625,1
6bba_ed9377fd,4416,63,43.0,148.0,152.0,0.88232,2.1102188,0.6825397,2.5434792,68.92444,1
6bba_ed9377fd,4417,63,36.0,171.0,104.0,0.7215985,4.038089,0.5714286,2.5434792,68.92444,0
6bba_ed9377fd,4418,63,63.0,92.0,73.0,0.83354926,2.3968792,1.0,2.1396742,41.032837,0
6bba_ed9377fd,4419,63,63.0,91.0,58.0,0.84857917,2.1386373,1.0,2.1396742,41.032837,0
6bba_ed9377fd,4420,63,63.0,82.0,216.0,1.0854088,1.5740565,1.0,2.13031,40.49646,0
6bba_ed9377fd,4421,63,58.0,134.0,57.0,0.81983465,1.6948546,0.9206349,2.5235295,67.31531,1
6bba_ed9377fd,4422,63,37.0,116.0,255.0,1.7283118,1.0255133,0.5873016,2.125597,40.22827,1
6bba_ed9377fd,4423,63,12.0,208.0,101.0,0.6506968,2.9432235,0.1904762,2.5434792,68.92444,1
6bba_ed9377fd,4424,63,38.0,165.0,128.0,0.7733306,1.3054774,0.6031746,2.5235295,67.31531,1
6bba_ed9377fd,4425,63,63.0,109.0,96.0,0.48781592,3.533413,1.0,2.1113307,39.423706,0
6bba_ed9377fd,4426,63,0.0,207.0,169.0,0.52693564,4.5913897,0.0,2.1396742,41.032837,0
6bba_ed9377fd,4427,63,13.0,210.0,89.0,0.62465364,2.0001295,0.20634921,2.5201738,67.04712,1
6bba_ed9377fd,4428,63,56.0,115.0,177.0,0.58200634,2.3416271,0.8888889,2.5434792,68.92444,1
6bba_ed9377fd,4429,63,57.0,110.0,186.0,0.61022073,2.3145275,0.9047619,2.5434792,68.92444,1
6bba_ed9377fd,4430,63,49.0,144.0,125.0,0.5059337,2.7133553,0.7777778,2.5401762,68.65625,0
6bba_ed9377fd,4431,63,46.0,137.0,180.0,0.4526989,1.5935173,0.73015875,2.5401762,68.65625,0
6bba_ed9377fd,4432,63,0.0,183.0,197.0,0.4473237,1.9132164,0.0,2.1065323,39.155518,1
6bba_ed9377fd,4433,63,53.0,99.0,255.0,0.53765607,1.0455152,0.84126985,2.0968692,38.61914,0
6bba_ed9377fd,4434,63,11.0,194.0,175.0,0.3891622,3.914701,0.17460318,2.5434792,68.92444,0
6bba_ed9377fd,4435,63,0.0,188.0,237.0,0.29026905,2.0702066,0.0,2.1396742,41.032837,1
6bba_ed9377fd,4436,63,0.0,191.0,231.0,0.2575125,2.480073,0.0,2.1396742,41.032837,1
6bba_ed9377fd,4437,63,17.0,159.0,255.0,0.30545238,5.378553,0.26984128,2.1396742,41.032837,0
6bba_ed9377fd,4438,63,63.0,68.0,233.0,0.42191893,0.23778965,1.0,1.910994,29.232544,1
6bba_ed9377fd,4439,63,43.0,143.0,0.0,0.222251,2.511281,0.6825397,2.1350024,40.76465,0
6bba_ed9377fd,4440,63,4.0,171.0,245.0,0.29517707,0.86972755,0.06349207,2.4617038,62.487915,1
6bba_ed9377fd,4441,63,63.0,31.0,255.0,0.24648626,3.1738868,1.0,1.7994134,24.405151,0
6bba_ed9377fd,4442,63,50.0,98.0,232.0,0.4923179,0.43381685,0.7936508,2.5302145,67.851685,2
6bba_ed9377fd,4443,63,47.0,100.0,226.0,0.4674574,0.46005458,0.74603176,2.3778818,56.31958,1
6bba_ed9377fd,4444,64,55.0,81.0,255.0,1.7201251,8.507471,0.8730159,2.1396742,41.032837,0
6bba_ed9377fd,4445,64,34.0,184.0,29.0,1.858351,3.1019464,0.53968257,2.5434792,68.92444,0
6bba_ed9377fd,4446,64,21.0,176.0,187.0,1.2481074,4.163636,0.33333334,2.5434792,68.92444,0
6bba_ed9377fd,4447,64,56.0,137.0,34.0,2.2090425,3.26753,0.8888889,2.5401762,68.65625,1
6bba_ed9377fd,4448,64,17.0,193.0,144.0,1.0682162,3.8237407,0.26984128,2.5434792,68.92444,0
6bba_ed9377fd,4449,64,33.0,187.0,14.0,1.7657256,2.4694266,0.52380955,2.5434792,68.92444,1
6bba_ed9377fd,4450,64,55.0,140.0,44.0,2.1475284,2.9485452,0.8730159,2.5401762,68.65625,1
6bba_ed9377fd,4451,64,26.0,198.0,40.0,1.2113223,2.881206,0.41269842,2.5434792,68.92444,0
6bba_ed9377fd,4452,64,32.0,164.0,172.0,1.0719359,4.5828753,0.50793654,2.5434792,68.92444,0
6bba_ed9377fd,4453,64,0.0,220.0,83.0,1.0182737,3.7266855,0.0,2.1396742,41.032837,0
6bba_ed9377fd,4454,64,38.0,179.0,7.0,1.6099179,2.9530303,0.6031746,2.5434792,68.92444,2
6bba_ed9377fd,4455,64,63.0,108.0,155.0,1.0881633,2.674268,1.0,2.1396742,41.032837,1
6bba_ed9377fd,4456,64,39.0,178.0,0.0,1.5800102,2.7082615,0.61904764,2.1396742,41.032837,1
6bba_ed9377fd,4457,64,40.0,145.0,193.0,1.1825652,4.133585,0.63492066,2.5401762,68.65625,1
6bba_ed9377fd,4458,64,63.0,110.0,150.0,1.0687858,2.6810575,1.0,2.1396742,41.032837,1
6bba_ed9377fd,4459,64,21.0,201.0,66.0,1.4473736,2.496995,0.33333334,2.5434792,68.92444,1
6bba_ed9377fd,4460,64,31.0,147.0,231.0,1.726558,1.9071237,0.4920635,2.5434792,68.92444,1
6bba_ed9377fd,4461,64,48.0,124.0,202.0,2.057303,1.7102865,0.7619048,2.5434792,68.92444,1
6bba_ed9377fd,4462,64,0.0,206.0,10.0,1.1816053,2.1682758,0.0,2.1396742,41.032837,0
6bba_ed9377fd,4463,64,0.0,214.0,134.0,0.80274105,5.4682546,0.0,2.1396742,41.032837,0
6bba_ed9377fd,4464,64,24.0,161.0,222.0,1.2012091,1.4197322,0.3809524,2.5434792,68.92444,1
6bba_ed9377fd,4465,64,51.0,83.0,207.0,1.2867266,2.1519423,0.8095238,2.5434792,68.92444,1
6bba_ed9377fd,4466,64,63.0,127.0,64.0,0.98542136,2.4981534,1.0,2.1396742,41.032837,1
6bba_ed9377fd,4467,64,33.0,150.0,218.0,2.208134,3.0228357,0.52380955,2.5434792,68.92444,2
6bba_ed9377fd,4468,64,19.0,159.0,194.0,1.1134576,2.1636386,0.3015873,2.5434792,68.92444,0
6bba_ed9377fd,4469,64,50.0,151.0,69.0,0.7978254,4.9608917,0.7936508,2.5434792,68.92444,0
6bba_ed9377fd,4470,64,37.0,172.0,104.0,0.8141723,4.197394,0.5873016,2.5434792,68.92444,0
6bba_ed9377fd,4471,64,50.0,76.0,228.0,1.1949925,2.1605093,0.7936508,2.5434792,68.92444,0
6bba_ed9377fd,4472,64,31.0,151.0,147.0,1.1427346,2.4864752,0.4920635,2.5434792,68.92444,1
6bba_ed9377fd,4473,64,0.0,205.0,30.0,1.2282975,1.808269,0.0,2.1396742,41.032837,1
6bba_ed9377fd,4474,64,32.0,159.0,124.0,1.045464,2.564793,0.50793654,2.5434792,68.92444,1
6bba_ed9377fd,4475,64,38.0,130.0,247.0,2.2485418,2.047993,0.6031746,2.5401762,68.65625,1
6bba_ed9377fd,4476,64,41.0,131.0,212.0,1.8126639,1.3156368,0.6507937,2.5434792,68.92444,1
6bba_ed9377fd,4477,64,44.0,124.0,235.0,1.8806002,1.4613328,0.6984127,2.5434792,68.92444,1
6bba_ed9377fd,4478,64,13.0,191.0,91.0,1.0330254,1.9459003,0.20634921,2.5434792,68.92444,0
6bba_ed9377fd,4479,64,45.0,106.0,243.0,1.9786648,1.7753937,0.71428573,2.5401762,68.65625,1
6bba_ed9377fd,4480,64,5.0,218.0,28.0,1.1622128,1.9908051,0.07936508,2.5434792,68.92444,3
6bba_ed9377fd,4481,64,15.0,191.0,71.0,1.1603845,1.4448392,0.23809524,2.5434792,68.92444,1
6bba_ed9377fd,4482,64,8.0,185.0,216.0,0.7519498,3.4877956,0.12698413,2.5434792,68.92444,1
6bba_ed9377fd,4483,64,63.0,85.0,210.0,0.98702407,1.1139203,1.0,2.13031,40.49646,1
6bba_ed9377fd,4484,64,63.0,94.0,75.0,0.7929515,2.1398501,1.0,2.1396742,41.032837,0
6bba_ed9377fd,4485,64,63.0,92.0,57.0,0.7978271,1.8200268,1.0,2.1396742,41.032837,0
6bba_ed9377fd,4486,64,43.0,150.0,150.0,0.7619089,1.6370149,0.6825397,2.5434792,68.92444,1
6bba_ed9377fd,4487,64,59.0,135.0,60.0,0.7902432,1.3542572,0.93650794,2.493,64.90161,1
6bba_ed9377fd,4488,64,0.0,223.0,26.0,0.9047632,1.0456201,0.0,2.1396742,41.032837,1
6bba_ed9377fd,4489,64,12.0,209.0,100.0,0.66466683,2.8034859,0.1904762,2.5434792,68.92444,0
6bba_ed9377fd,4490,64,5.0,218.0,42.0,0.73378015,1.4705354,0.07936508,2.5335438,68.11987,1
6bba_ed9377fd,4491,64,0.0,209.0,167.0,0.49388152,4.284187,0.0,2.1396742,41.032837,0
6bba_ed9377fd,4492,64,38.0,166.0,125.0,0.7274779,1.1389455,0.6031746,2.5434792,68.92444,1
6bba_ed9377fd,4493,64,50.0,143.0,123.0,0.52450335,3.383403,0.7936508,2.5434792,68.92444,0
6bba_ed9377fd,4494,64,56.0,116.0,177.0,0.5555117,2.5539365,0.8888889,2.5434792,68.92444,2
6bba_ed9377fd,4495,64,56.0,113.0,186.0,0.5770468,2.5638747,0.8888889,2.5434792,68.92444,2
6bba_ed9377fd,4496,64,57.0,117.0,172.0,0.5138758,2.3740945,0.9047619,2.5368643,68.38806,2
6bba_ed9377fd,4497,64,0.0,177.0,255.0,0.4266189,2.5291078,0.0,1.7994134,24.405151,0
6bba_ed9377fd,4498,64,52.0,102.0,255.0,0.6787308,0.26898283,0.82539684,1.9397784,30.573486,1
6bba_ed9377fd,4499,64,63.0,109.0,97.0,0.34260458,3.2258644,1.0,2.0968692,38.61914,0
6bba_ed9377fd,4500,64,46.0,138.0,182.0,0.4358548,1.2222773,0.73015875,2.5368643,68.38806,1
6bba_ed9377fd,4501,64,11.0,195.0,173.0,0.38845944,3.6163373,0.17460318,2.5434792,68.92444,1
6bba_ed9377fd,4502,64,0.0,181.0,205.0,0.4695325,1.0200083,0.0,2.0522413,36.205444,1
6bba_ed9377fd,4503,64,12.0,197.0,167.0,0.3639075,2.5028405,0.1904762,2.5302145,67.851685,1
6bba_ed9377fd,4504,64,16.0,159.0,255.0,0.34150088,6.987124,0.25396827,2.1396742,41.032837,0
6bba_ed9377fd,4505,64,0.0,187.0,238.0,0.29772633,2.1911263,0.0,2.1350024,40.76465,1
6bba_ed9377fd,4506,64,0.0,191.0,230.0,0.27672684,1.615569,0.0,2.125597,40.22827,1
6bba_ed9377fd,4507,64,63.0,34.0,255.0,0.24966517,3.5783296,1.0,1.7994134,24.405151,0
6bba_ed9377fd,4508,64,50.0,101.0,226.0,0.48702124,0.5927254,0.7936508,2.5201738,67.04712,0
6bba_ed9377fd,4509,64,63.0,70.0,234.0,0.43585464,0.23789923,1.0,1.9510565,31.109863,0
6bba_ed9377fd,4510,64,63.0,74.0,197.0,0.2943864,0.20158431,1.0,1.745058,22.259644,0
6bba_ed9377fd,4511,64,43.0,150.0,0.0,0.20576239,1.3265833,0.6825397,2.125597,40.22827,0
6bba_ed9377fd,4512,64,14.0,176.0,202.0,0.27867576,0.33230466,0.22222222,2.3703089,55.783203,0
6bba_ed9377fd,4513,65,20.0,179.0,191.0,1.4615152,5.634935,0.31746033,2.5434792,68.92444,0
6bba_ed9377fd,4514,65,31.0,168.0,173.0,1.1951752,5.6550136,0.4920635,2.5434792,68.92444,0
6bba_ed9377fd,4515,65,63.0,114.0,146.0,1.2411774,2.480401,1.0,2.1396742,41.032837,1
6bba_ed9377fd,4516,65,34.0,185.0,27.0,1.8411983,3.0583282,0.53968257,2.5434792,68.92444,0
6bba_ed9377fd,4517,65,33.0,189.0,12.0,1.6163001,2.541712,0.52380955,2.5434792,68.92444,0
6bba_ed9377fd,4518,65,27.0,198.0,40.0,1.2453704,2.7713742,0.42857143,2.5434792,68.92444,0
6bba_ed9377fd,4519,65,63.0,111.0,157.0,1.3014982,2.6245918,1.0,2.1396742,41.032837,1
6bba_ed9377fd,4520,65,51.0,151.0,72.0,1.0632911,4.7838035,0.8095238,2.5401762,68.65625,0
6bba_ed9377fd,4521,65,0.0,221.0,86.0,1.0682195,3.5867367,0.0,2.1396742,41.032837,0
6bba_ed9377fd,4522,65,40.0,177.0,5.0,1.5154012,3.8833077,0.63492066,2.5434792,68.92444,0
6bba_ed9377fd,4523,65,55.0,85.0,255.0,2.0027738,6.718367,0.8730159,2.1396742,41.032837,0
6bba_ed9377fd,4524,65,0.0,215.0,137.0,0.90505123,5.760984,0.0,2.1396742,41.032837,0
6bba_ed9377fd,4525,65,57.0,139.0,50.0,2.8925188,2.4377184,0.9047619,2.5401762,68.65625,1
6bba_ed9377fd,4526,65,21.0,202.0,66.0,1.2982968,2.2018688,0.33333334,2.5434792,68.92444,1
6bba_ed9377fd,4527,65,49.0,128.0,199.0,2.7569265,2.49185,0.7777778,2.5434792,68.92444,0
6bba_ed9377fd,4528,65,32.0,150.0,229.0,1.7789245,1.8812994,0.50793654,2.5434792,68.92444,2
6bba_ed9377fd,4529,65,0.0,207.0,10.0,1.1464591,2.2715619,0.0,2.1396742,41.032837,0
6bba_ed9377fd,4530,65,16.0,196.0,144.0,0.92289895,3.7906342,0.25396827,2.5434792,68.92444,0
6bba_ed9377fd,4531,65,52.0,83.0,209.0,1.3388128,2.241586,0.82539684,2.5434792,68.92444,2
6bba_ed9377fd,4532,65,40.0,147.0,193.0,1.0572517,3.44642,0.63492066,2.5434792,68.92444,1
6bba_ed9377fd,4533,65,25.0,163.0,222.0,1.2339886,1.2400687,0.3968254,2.5434792,68.92444,0
6bba_ed9377fd,4534,65,63.0,128.0,46.0,2.6775982,1.598299,1.0,2.0871162,38.082764,1
6bba_ed9377fd,4535,65,34.0,153.0,215.0,2.1354442,2.6596446,0.53968257,2.5434792,68.92444,1
6bba_ed9377fd,4536,65,31.0,160.0,129.0,1.1359925,2.287351,0.4920635,2.5434792,68.92444,1
6bba_ed9377fd,4537,65,39.0,131.0,247.0,2.3131125,2.2056732,0.61904764,2.5434792,68.92444,0
6bba_ed9377fd,4538,65,30.0,156.0,147.0,1.1168344,2.2812145,0.47619048,2.5434792,68.92444,0
6bba_ed9377fd,4539,65,50.0,81.0,225.0,1.3036562,2.000827,0.7936508,2.5434792,68.92444,1
6bba_ed9377fd,4540,65,18.0,163.0,195.0,1.097619,2.0425498,0.2857143,2.5434792,68.92444,0
6bba_ed9377fd,4541,65,0.0,205.0,29.0,1.1930264,1.73803,0.0,2.1396742,41.032837,0
6bba_ed9377fd,4542,65,46.0,124.0,235.0,1.828428,1.5237983,0.73015875,2.5434792,68.92444,1
6bba_ed9377fd,4543,65,47.0,107.0,243.0,1.992395,1.7927537,0.74603176,2.5368643,68.38806,1
6bba_ed9377fd,4544,65,40.0,133.0,214.0,1.4724911,0.8797656,0.63492066,2.5368643,68.38806,0
6bba_ed9377fd,4545,65,46.0,114.0,235.0,1.9221333,1.5451725,0.73015875,2.5201738,67.04712,2
6bba_ed9377fd,4546,65,13.0,191.0,93.0,0.9962175,1.8718597,0.20634921,2.5434792,68.92444,0
6bba_ed9377fd,4547,65,5.0,218.0,35.0,1.0940193,1.9302564,0.07936508,2.5434792,68.92444,2
6bba_ed9377fd,4548,65,37.0,173.0,104.0,0.73939097,4.1822977,0.5873016,2.5434792,68.92444,0
6bba_ed9377fd,4549,65,15.0,194.0,65.0,1.111692,1.4663963,0.23809524,2.5434792,68.92444,1
6bba_ed9377fd,4550,65,0.0,224.0,25.0,0.92671293,1.4323548,0.0,2.1396742,41.032837,1
6bba_ed9377fd,4551,65,6.0,219.0,47.0,0.7357971,1.8589666,0.0952381,2.5434792,68.92444,1
6bba_ed9377fd,4552,65,7.0,186.0,220.0,0.7088397,3.9652822,0.11111111,2.5434792,68.92444,1
6bba_ed9377fd,4553,65,63.0,98.0,59.0,0.82793474,1.8799866,1.0,2.1396742,41.032837,0
6bba_ed9377fd,4554,65,51.0,143.0,126.0,0.6459315,3.5409098,0.8095238,2.5401762,68.65625,0
6bba_ed9377fd,4555,65,44.0,151.0,153.0,0.719673,2.3450058,0.6984127,2.5434792,68.92444,0
6bba_ed9377fd,4556,65,63.0,128.0,67.0,0.8487038,1.1346316,1.0,2.1396742,41.032837,0
6bba_ed9377fd,4557,65,63.0,97.0,78.0,0.74234354,2.0222948,1.0,2.1396742,41.032837,0
6bba_ed9377fd,4558,65,58.0,116.0,176.0,0.7093368,2.627283,0.9206349,2.5434792,68.92444,0
6bba_ed9377fd,4559,65,63.0,87.0,215.0,1.0372386,1.1537472,1.0,2.1161075,39.691895,1
6bba_ed9377fd,4560,65,12.0,210.0,99.0,0.65092534,2.4461215,0.1904762,2.5434792,68.92444,0
6bba_ed9377fd,4561,65,0.0,209.0,171.0,0.5011278,4.5258584,0.0,2.1396742,41.032837,0
6bba_ed9377fd,4562,65,39.0,167.0,126.0,0.7566408,1.084591,0.61904764,2.5335438,68.11987,1
6bba_ed9377fd,4563,65,44.0,151.0,0.0,0.42726475,3.805877,0.6984127,2.13031,40.49646,0
6bba_ed9377fd,4564,65,46.0,142.0,183.0,0.52332056,1.3638434,0.73015875,2.5302145,67.851685,1
6bba_ed9377fd,4565,65,63.0,109.0,101.0,0.3126026,3.0837069,1.0,2.0471616,35.937256,0
6bba_ed9377fd,4566,65,63.0,81.0,199.0,0.45944542,0.5013727,1.0,1.863049,27.087036,1
6bba_ed9377fd,4567,65,0.0,190.0,236.0,0.30684403,1.6331214,0.0,2.1396742,41.032837,1
6bba_ed9377fd,4568,65,0.0,192.0,232.0,0.30912825,1.1340097,0.0,2.120863,39.960083,1
6bba_ed9377fd,4569,65,0.0,173.0,255.0,0.34850174,2.5647247,0.0,1.7994134,24.405151,0
6bba_ed9377fd,4570,65,12.0,196.0,174.0,0.33421326,3.2040167,0.1904762,2.5434792,68.92444,1
6bba_ed9377fd,4571,65,17.0,161.0,255.0,0.2943576,6.0344887,0.26984128,2.1396742,41.032837,0
6bba_ed9377fd,4572,65,0.0,184.0,207.0,0.3321624,1.018655,0.0,2.016139,34.328125,1
6bba_ed9377fd,4573,65,12.0,199.0,167.0,0.30140498,1.9551775,0.1904762,2.5434792,68.92444,1
6bba_ed9377fd,4574,65,12.0,211.0,0.0,0.22824949,0.14282216,0.1904762,1.8752661,27.623413,0
6bba_ed9377fd,4575,65,50.0,105.0,221.0,0.4674803,0.82891464,0.7936508,2.5201738,67.04712,0
6bba_ed9377fd,4576,65,63.0,81.0,231.0,0.5572063,0.1623325,1.0,1.9510565,31.109863,1
6bba_ed9377fd,4577,65,27.0,139.0,237.0,0.40149242,0.33979222,0.42857143,2.3854067,56.855957,1
6bba_ed9377fd,4578,65,63.0,36.0,255.0,0.21443902,3.1591008,1.0,1.7994134,24.405151,0
6bba_ed9377fd,4579,65,63.0,61.0,229.0,0.26648623,0.3750298,1.0,1.8125006,24.941528,0
6bba_ed9377fd,4580,65,52.0,110.0,198.0,0.3746265,0.2354771,0.82539684,2.211801,45.323853,0
6bba_ed9377fd,4581,65,54.0,142.0,24.0,0.19509533,1.70078,0.85714287,2.5401762,68.65625,0
6bba_ed9377fd,4582,66,16.0,184.0,194.0,1.2769216,8.251245,0.25396827,2.5434792,68.92444,0
6bba_ed9377fd,4583,66,51.0,150.0,70.0,1.2155162,4.331913,0.8095238,2.5401762,68.65625,0
6bba_ed9377fd,4584,66,33.0,189.0,11.0,1.7427621,2.6826005,0.52380955,2.5434792,68.92444,2
6bba_ed9377fd,4585,66,30.0,170.0,171.0,1.1470028,6.527158,0.47619048,2.5434792,68.92444,0
6bba_ed9377fd,4586,66,34.0,185.0,25.0,1.8095614,2.7868133,0.53968257,2.5434792,68.92444,1
6bba_ed9377fd,4587,66,27.0,198.0,37.0,1.2522154,2.919801,0.42857143,2.5434792,68.92444,0
6bba_ed9377fd,4588,66,0.0,221.0,92.0,1.1373508,3.81548,0.0,2.1396742,41.032837,0
6bba_ed9377fd,4589,66,55.0,85.0,255.0,1.8399415,5.4447894,0.8730159,2.1396742,41.032837,0
6bba_ed9377fd,4590,66,40.0,177.0,7.0,1.435392,2.8305838,0.63492066,2.5434792,68.92444,3
6bba_ed9377fd,4591,66,22.0,203.0,65.0,1.3460464,2.445708,0.34920636,2.5434792,68.92444,1
6bba_ed9377fd,4592,66,50.0,128.0,196.0,2.8620877,2.452259,0.7936508,2.5434792,68.92444,1
6bba_ed9377fd,4593,66,60.0,118.0,145.0,1.5073535,2.8200207,0.95238096,2.5401762,68.65625,0
6bba_ed9377fd,4594,66,33.0,152.0,224.0,1.9961718,2.150272,0.52380955,2.5434792,68.92444,1
6bba_ed9377fd,4595,66,41.0,176.0,14.0,1.1865247,1.7193217,0.6507937,2.5302145,67.851685,1
6bba_ed9377fd,4596,66,40.0,132.0,244.0,2.3617592,2.5737383,0.63492066,2.5434792,68.92444,0
6bba_ed9377fd,4597,66,16.0,198.0,140.0,0.9503249,3.6648192,0.25396827,2.5434792,68.92444,0
6bba_ed9377fd,4598,66,0.0,208.0,10.0,1.1091341,2.430859,0.0,2.1396742,41.032837,0
6bba_ed9377fd,4599,66,56.0,138.0,55.0,2.1977065,1.6319851,0.8888889,2.5368643,68.38806,3
6bba_ed9377fd,4600,66,57.0,139.0,49.0,2.886468,2.453209,0.9047619,2.5401762,68.65625,2
6bba_ed9377fd,4601,66,58.0,135.0,44.0,3.006725,2.890198,0.9206349,2.5401762,68.65625,2
6bba_ed9377fd,4602,66,49.0,128.0,210.0,2.6857734,2.1495965,0.7777778,2.5434792,68.92444,2
6bba_ed9377fd,4603,66,63.0,101.0,62.0,1.0932308,2.580097,1.0,2.1396742,41.032837,1
6bba_ed9377fd,4604,66,0.0,215.0,141.0,0.81578416,6.7819476,0.0,2.1396742,41.032837,0
6bba_ed9377fd,4605,66,31.0,159.0,138.0,1.2638087,2.323519,0.4920635,2.5434792,68.92444,1
6bba_ed9377fd,4606,66,24.0,166.0,219.0,1.2116936,1.6946436,0.3809524,2.5434792,68.92444,0
6bba_ed9377fd,4607,66,31.0,161.0,130.0,1.2095795,2.2946794,0.4920635,2.5434792,68.92444,1
6bba_ed9377fd,4608,66,50.0,78.0,233.0,1.236737,2.7305381,0.7936508,2.5434792,68.92444,2
6bba_ed9377fd,4609,66,34.0,156.0,209.0,2.061931,2.3023992,0.53968257,2.5434792,68.92444,0
6bba_ed9377fd,4610,66,52.0,84.0,211.0,1.2857322,2.1223464,0.82539684,2.5434792,68.92444,1
6bba_ed9377fd,4611,66,47.0,117.0,233.0,1.9472451,1.9311126,0.74603176,2.5434792,68.92444,1
6bba_ed9377fd,4612,66,58.0,115.0,161.0,1.1237594,1.9075108,0.9206349,2.5401762,68.65625,0
6bba_ed9377fd,4613,66,40.0,148.0,194.0,1.0748729,2.7054718,0.63492066,2.5368643,68.38806,1
6bba_ed9377fd,4614,66,51.0,144.0,123.0,0.8496203,4.3899493,0.8095238,2.5434792,68.92444,0
6bba_ed9377fd,4615,66,39.0,136.0,213.0,1.3325391,1.1055727,0.61904764,2.5434792,68.92444,1
6bba_ed9377fd,4616,66,47.0,106.0,241.0,1.9717284,1.5597826,0.74603176,2.5335438,68.11987,1
6bba_ed9377fd,4617,66,37.0,173.0,103.0,0.7952998,4.035381,0.5873016,2.5434792,68.92444,0
6bba_ed9377fd,4618,66,18.0,163.0,194.0,1.0880486,2.1030235,0.2857143,2.5434792,68.92444,0
6bba_ed9377fd,4619,66,63.0,100.0,76.0,0.9737507,2.1842163,1.0,2.1396742,41.032837,1
6bba_ed9377fd,4620,66,43.0,153.0,155.0,0.8660644,3.0142405,0.6825397,2.5434792,68.92444,0
6bba_ed9377fd,4621,66,63.0,132.0,62.0,1.2209361,0.5531303,1.0,2.1065323,39.155518,1
6bba_ed9377fd,4622,66,6.0,187.0,220.0,0.80021363,4.263578,0.0952381,2.5434792,68.92444,1
6bba_ed9377fd,4623,66,15.0,189.0,88.0,1.0172898,1.6783608,0.23809524,2.5434792,68.92444,1
6bba_ed9377fd,4624,66,60.0,90.0,216.0,1.1766933,1.3861227,0.95238096,2.5302145,67.851685,1
6bba_ed9377fd,4625,66,44.0,153.0,0.0,0.6388145,4.981267,0.6984127,2.1396742,41.032837,1
6bba_ed9377fd,4626,66,6.0,218.0,40.0,0.96190655,1.8936346,0.0952381,2.5434792,68.92444,2
6bba_ed9377fd,4627,66,7.0,219.0,52.0,0.72757506,2.4299133,0.11111111,2.5434792,68.92444,2
6bba_ed9377fd,4628,66,6.0,219.0,47.0,0.82174873,1.9978586,0.0952381,2.5434792,68.92444,2
6bba_ed9377fd,4629,66,11.0,197.0,88.0,0.99948573,1.505428,0.17460318,2.5434792,68.92444,1
6bba_ed9377fd,4630,66,63.0,86.0,196.0,0.6306758,2.7819295,1.0,2.1350024,40.76465,0
6bba_ed9377fd,4631,66,0.0,226.0,25.0,0.78729856,1.6716145,0.0,2.1396742,41.032837,0
6bba_ed9377fd,4632,66,13.0,197.0,64.0,1.0444014,1.1948302,0.20634921,2.5434792,68.92444,1
6bba_ed9377fd,4633,66,0.0,210.0,169.0,0.48343942,4.701511,0.0,2.1396742,41.032837,0
6bba_ed9377fd,4634,66,13.0,211.0,98.0,0.6312644,1.8908955,0.20634921,2.5434792,68.92444,0
6bba_ed9377fd,4635,66,45.0,143.0,183.0,0.5436043,1.3059005,0.71428573,2.5368643,68.38806,1
6bba_ed9377fd,4636,66,57.0,118.0,178.0,0.6533651,2.1901307,0.9047619,2.5434792,68.92444,0
6bba_ed9377fd,4637,66,45.0,166.0,0.0,0.49321932,0.56848854,0.71428573,2.0317688,35.13269,2
6bba_ed9377fd,4638,66,17.0,162.0,255.0,0.3505706,7.5228887,0.26984128,2.1396742,41.032837,0
6bba_ed9377fd,4639,66,0.0,190.0,237.0,0.2975248,1.174904,0.0,2.120863,39.960083,0
6bba_ed9377fd,4640,66,12.0,198.0,170.0,0.3242485,3.027961,0.1904762,2.5434792,68.92444,0
6bba_ed9377fd,4641,66,13.0,210.0,0.0,0.26075646,0.5233319,0.20634921,2.021376,34.596313,0
6bba_ed9377fd,4642,66,0.0,175.0,255.0,0.29975307,2.8409512,0.0,1.7927979,24.136963,0
6bba_ed9377fd,4643,66,63.0,66.0,228.0,0.42978892,0.66552055,1.0,1.9510565,31.109863,0
6bba_ed9377fd,4644,66,63.0,109.0,100.0,0.23558204,2.5465982,1.0,2.0265856,34.864502,0
6bba_ed9377fd,4645,66,27.0,143.0,234.0,0.47872493,0.58069646,0.42857143,2.4687274,63.024292,1
6bba_ed9377fd,4646,66,0.0,185.0,207.0,0.26997015,0.34938878,0.0,1.863049,27.087036,1
6bba_ed9377fd,4647,66,63.0,82.0,233.0,0.55256116,0.13897362,1.0,1.9397784,30.573486,2
6bba_ed9377fd,4648,66,63.0,80.0,236.0,0.5086426,0.15098159,1.0,1.8813155,27.891602,2
6bba_ed9377fd,4649,66,63.0,36.0,255.0,0.20929146,2.7674034,1.0,1.7994134,24.405151,0
6bba_ed9377fd,4650,67,54.0,148.0,43.0,1.9651577,8.476636,0.85714287,2.5434792,68.92444,0
6bba_ed9377fd,4651,67,10.0,192.0,196.0,1.1328386,9.077842,0.15873016,2.5434792,68.92444,0
6bba_ed9377fd,4652,67,51.0,152.0,77.0,1.0932595,4.310658,0.8095238,2.5434792,68.92444,1
6bba_ed9377fd,4653,67,26.0,202.0,34.0,1.2776188,2.7115495,0.41269842,2.5434792,68.92444,0
6bba_ed9377fd,4654,67,29.0,175.0,171.0,1.1347525,5.937371,0.46031746,2.5434792,68.92444,0
6bba_ed9377fd,4655,67,51.0,154.0,72.0,1.0019999,3.6125946,0.8095238,2.5401762,68.65625,1
6bba_ed9377fd,4656,67,32.0,193.0,9.0,1.8776919,2.9022841,0.50793654,2.5434792,68.92444,1
6bba_ed9377fd,4657,67,33.0,190.0,22.0,1.8947874,2.8879137,0.52380955,2.5434792,68.92444,1
6bba_ed9377fd,4658,67,42.0,132.0,240.0,2.4477565,3.1393247,0.6666667,2.5434792,68.92444,0
6bba_ed9377fd,4659,67,43.0,158.0,0.0,1.027334,4.1358185,0.6825397,2.1396742,41.032837,1
6bba_ed9377fd,4660,67,50.0,130.0,191.0,2.6085865,2.5353527,0.7936508,2.5434792,68.92444,0
6bba_ed9377fd,4661,67,58.0,123.0,146.0,1.4300382,3.4412003,0.9206349,2.5434792,68.92444,1
6bba_ed9377fd,4662,67,40.0,179.0,9.0,1.4638578,2.8407142,0.63492066,2.5434792,68.92444,1
6bba_ed9377fd,4663,67,22.0,205.0,65.0,1.1411692,2.492136,0.34920636,2.5434792,68.92444,1
6bba_ed9377fd,4664,67,0.0,224.0,95.0,0.9897786,3.411146,0.0,2.1396742,41.032837,0
6bba_ed9377fd,4665,67,63.0,132.0,49.0,2.5075006,2.4284103,1.0,2.1350024,40.76465,1
6bba_ed9377fd,4666,67,49.0,130.0,207.0,2.4068346,2.2248514,0.7777778,2.5434792,68.92444,0
6bba_ed9377fd,4667,67,14.0,203.0,137.0,0.9141169,4.0130377,0.22222222,2.5434792,68.92444,0
6bba_ed9377fd,4668,67,32.0,156.0,223.0,1.9133284,2.072313,0.50793654,2.5434792,68.92444,0
6bba_ed9377fd,4669,67,40.0,148.0,198.0,1.1817423,2.502157,0.63492066,2.5434792,68.92444,1
6bba_ed9377fd,4670,67,59.0,136.0,60.0,2.5669334,2.8253832,0.93650794,2.5434792,68.92444,2
6bba_ed9377fd,4671,67,18.0,169.0,191.0,1.1021558,2.1773129,0.2857143,2.5434792,68.92444,0
6bba_ed9377fd,4672,67,63.0,130.0,69.0,1.2714962,1.0743632,1.0,2.13031,40.49646,1
6bba_ed9377fd,4673,67,57.0,121.0,160.0,1.1092123,2.2249987,0.9047619,2.5401762,68.65625,1
6bba_ed9377fd,4674,67,41.0,157.0,162.0,0.92497295,3.9558773,0.6507937,2.5434792,68.92444,0
6bba_ed9377fd,4675,67,28.0,164.0,147.0,1.1466372,2.2559364,0.44444445,2.5434792,68.92444,1
6bba_ed9377fd,4676,67,63.0,95.0,191.0,0.8347202,6.8043294,1.0,2.1396742,41.032837,0
6bba_ed9377fd,4677,67,38.0,137.0,220.0,1.236657,2.8217645,0.6031746,2.5434792,68.92444,0
6bba_ed9377fd,4678,67,29.0,165.0,135.0,1.1516138,2.314091,0.46031746,2.5434792,68.92444,2
6bba_ed9377fd,4679,67,48.0,109.0,243.0,1.7106909,1.6475344,0.7619048,2.5434792,68.92444,0
6bba_ed9377fd,4680,67,22.0,172.0,213.0,1.2440449,1.7034776,0.34920636,2.5434792,68.92444,0
6bba_ed9377fd,4681,67,33.0,160.0,207.0,1.9517304,2.0816364,0.52380955,2.5434792,68.92444,0
6bba_ed9377fd,4682,67,13.0,215.0,0.0,0.6224026,6.7905545,0.20634921,2.1396742,41.032837,0
6bba_ed9377fd,4683,67,57.0,78.0,255.0,1.7423148,2.931994,0.9047619,2.1396742,41.032837,0
6bba_ed9377fd,4684,67,38.0,175.0,104.0,0.78865486,4.278948,0.6031746,2.5434792,68.92444,0
6bba_ed9377fd,4685,67,51.0,146.0,126.0,0.7953627,4.742843,0.8095238,2.5434792,68.92444,0
6bba_ed9377fd,4686,67,48.0,84.0,234.0,1.2042773,1.9950322,0.7619048,2.5434792,68.92444,0
6bba_ed9377fd,4687,67,13.0,193.0,92.0,1.0705303,1.8599669,0.20634921,2.5434792,68.92444,0
6bba_ed9377fd,4688,67,51.0,89.0,214.0,1.151014,1.5983726,0.8095238,2.5434792,68.92444,1
6bba_ed9377fd,4689,67,47.0,99.0,255.0,1.8642999,1.5048285,0.74603176,2.1396742,41.032837,0
6bba_ed9377fd,4690,67,0.0,212.0,31.0,1.0295316,1.884026,0.0,2.1396742,41.032837,0
6bba_ed9377fd,4691,67,63.0,102.0,83.0,0.90937006,2.0695193,1.0,2.1396742,41.032837,0
6bba_ed9377fd,4692,67,7.0,222.0,57.0,0.7746562,3.0863714,0.11111111,2.5434792,68.92444,1
6bba_ed9377fd,4693,67,7.0,222.0,50.0,0.8241199,2.4723291,0.11111111,2.5434792,68.92444,1
6bba_ed9377fd,4694,67,0.0,211.0,14.0,0.85372335,2.1415355,0.0,2.1396742,41.032837,0
6bba_ed9377fd,4695,67,60.0,93.0,216.0,1.1644869,1.4826151,0.95238096,2.5368643,68.38806,1
6bba_ed9377fd,4696,67,7.0,186.0,228.0,0.6746716,4.05008,0.11111111,2.5434792,68.92444,1
6bba_ed9377fd,4697,67,9.0,203.0,71.0,1.0057138,1.3944656,0.14285715,2.5434792,68.92444,1
6bba_ed9377fd,4698,67,0.0,228.0,26.0,0.6669258,1.595792,0.0,2.1350024,40.76465,0
6bba_ed9377fd,4699,67,37.0,169.0,134.0,0.8229029,1.0037009,0.5873016,2.5434792,68.92444,1
6bba_ed9377fd,4700,67,43.0,149.0,186.0,0.5978333,1.4969605,0.6825397,2.5302145,67.851685,1
6bba_ed9377fd,4701,67,57.0,119.0,177.0,0.7307975,2.0837686,0.9047619,2.5434792,68.92444,0
6bba_ed9377fd,4702,67,12.0,214.0,98.0,0.6597359,1.589885,0.1904762,2.5434792,68.92444,0
6bba_ed9377fd,4703,67,0.0,212.0,174.0,0.38141716,4.358411,0.0,2.13031,40.49646,0
6bba_ed9377fd,4704,67,46.0,172.0,0.0,0.5704606,0.33088207,0.73015875,1.9283676,30.03711,2
6bba_ed9377fd,4705,67,0.0,230.0,0.0,0.2799697,2.692272,0.0,1.7994134,24.405151,0
6bba_ed9377fd,4706,67,0.0,193.0,238.0,0.2946359,0.9121297,0.0,2.0522413,36.205444,1
6bba_ed9377fd,4707,67,0.0,220.0,146.0,0.20486021,2.6336293,0.0,2.0265856,34.864502,1
6bba_ed9377fd,4708,67,16.0,166.0,255.0,0.3160289,6.819669,0.25396827,2.1396742,41.032837,0
6bba_ed9377fd,4709,67,63.0,70.0,227.0,0.43327293,0.62527436,1.0,1.905132,28.964355,0
6bba_ed9377fd,4710,67,12.0,200.0,170.0,0.32217443,3.1214192,0.1904762,2.5434792,68.92444,0
6bba_ed9377fd,4711,67,46.0,118.0,221.0,0.47989625,1.1375458,0.73015875,2.5434792,68.92444,0
6bba_ed9377fd,4712,67,0.0,173.0,255.0,0.2614933,2.8373327,0.0,1.7794183,23.600586,0
6bba_ed9377fd,4713,67,0.0,209.0,143.0,0.23320185,0.8391328,0.0,2.0002632,33.52356,1
6bba_ed9377fd,4714,67,17.0,187.0,157.0,0.24033093,1.4607252,0.26984128,2.5066607,65.974365,2
6bba_ed9377fd,4715,67,18.0,185.0,155.0,0.24973573,1.3271,0.2857143,2.5066607,65.974365,2
6bba_ed9377fd,4716,67,21.0,177.0,153.0,0.295577,0.31515324,0.33333334,2.3626873,55.246826,2
6bba_ed9377fd,4717,68,54.0,150.0,39.0,2.0929055,10.488324,0.85714287,2.5434792,68.92444,0
6bba_ed9377fd,4718,68,26.0,203.0,35.0,1.2538897,2.8642526,0.41269842,2.5434792,68.92444,0
6bba_ed9377fd,4719,68,8.0,195.0,193.0,1.1030015,6.779464,0.12698413,2.5434792,68.92444,0
6bba_ed9377fd,4720,68,51.0,152.0,78.0,1.0697018,4.37944,0.8095238,2.5434792,68.92444,0
6bba_ed9377fd,4721,68,33.0,191.0,22.0,1.8972328,3.0955398,0.52380955,2.5434792,68.92444,1
6bba_ed9377fd,4722,68,32.0,194.0,9.0,1.8213488,2.851097,0.50793654,2.5434792,68.92444,1
6bba_ed9377fd,4723,68,42.0,159.0,0.0,1.0133406,4.4264627,0.6666667,2.1396742,41.032837,0
6bba_ed9377fd,4724,68,22.0,206.0,63.0,1.1789483,2.6750264,0.34920636,2.5434792,68.92444,1
6bba_ed9377fd,4725,68,63.0,96.0,188.0,0.97873175,7.3223047,1.0,2.1396742,41.032837,0
6bba_ed9377fd,4726,68,40.0,181.0,6.0,1.4331579,3.1796324,0.63492066,2.5434792,68.92444,0
6bba_ed9377fd,4727,68,28.0,178.0,169.0,0.9827845,4.9785285,0.44444445,2.5434792,68.92444,0
6bba_ed9377fd,4728,68,51.0,131.0,189.0,2.6677637,2.4058535,0.8095238,2.5434792,68.92444,1
6bba_ed9377fd,4729,68,57.0,125.0,147.0,1.1913071,3.2239223,0.9047619,2.5434792,68.92444,0
6bba_ed9377fd,4730,68,43.0,133.0,236.0,2.574327,3.2409453,0.6825397,2.5434792,68.92444,0
6bba_ed9377fd,4731,68,13.0,205.0,134.0,0.92124194,4.148489,0.20634921,2.5434792,68.92444,0
6bba_ed9377fd,4732,68,63.0,133.0,49.0,1.7452995,1.2285267,1.0,2.125597,40.22827,2
6bba_ed9377fd,4733,68,50.0,131.0,203.0,2.665907,2.4554603,0.7936508,2.5434792,68.92444,1
6bba_ed9377fd,4734,68,32.0,157.0,221.0,1.8380672,2.0827286,0.50793654,2.5434792,68.92444,0
6bba_ed9377fd,4735,68,59.0,136.0,62.0,2.6235394,2.9823852,0.93650794,2.5434792,68.92444,2
6bba_ed9377fd,4736,68,13.0,217.0,0.0,0.6898352,7.174399,0.20634921,2.1396742,41.032837,0
6bba_ed9377fd,4737,68,28.0,165.0,144.0,1.1982493,2.3374255,0.44444445,2.5434792,68.92444,1
6bba_ed9377fd,4738,68,41.0,158.0,162.0,0.9176251,4.4947653,0.6507937,2.5434792,68.92444,0
6bba_ed9377fd,4739,68,29.0,166.0,133.0,1.1697264,2.4310408,0.46031746,2.5434792,68.92444,2
6bba_ed9377fd,4740,68,63.0,132.0,67.0,1.6340925,0.93193907,1.0,2.1065323,39.155518,1
6bba_ed9377fd,4741,68,63.0,134.0,43.0,1.0070158,0.78848183,1.0,2.0673318,37.01001,1
6bba_ed9377fd,4742,68,0.0,225.0,97.0,0.87417585,3.1544025,0.0,2.1396742,41.032837,0
6bba_ed9377fd,4743,68,17.0,169.0,192.0,1.1387123,2.033002,0.26984128,2.5434792,68.92444,0
6bba_ed9377fd,4744,68,33.0,161.0,205.0,1.9860985,2.2751942,0.52380955,2.5401762,68.65625,0
6bba_ed9377fd,4745,68,38.0,139.0,216.0,1.2308689,2.4494655,0.6031746,2.5434792,68.92444,0
6bba_ed9377fd,4746,68,22.0,174.0,209.0,1.1871419,1.7085253,0.34920636,2.5434792,68.92444,0
6bba_ed9377fd,4747,68,48.0,84.0,237.0,1.2607747,2.1718285,0.7619048,2.5434792,68.92444,0
6bba_ed9377fd,4748,68,40.0,148.0,198.0,1.1010188,2.0798504,0.63492066,2.5434792,68.92444,0
6bba_ed9377fd,4749,68,49.0,109.0,246.0,1.7184616,1.9391654,0.7777778,2.5434792,68.92444,1
6bba_ed9377fd,4750,68,12.0,195.0,92.0,1.0803922,1.8050028,0.1904762,2.5434792,68.92444,0
6bba_ed9377fd,4751,68,7.0,222.0,58.0,0.83900994,3.158886,0.11111111,2.5434792,68.92444,1
6bba_ed9377fd,4752,68,51.0,147.0,125.0,0.76416004,4.531804,0.8095238,2.5434792,68.92444,0
6bba_ed9377fd,4753,68,63.0,104.0,82.0,0.9753342,2.2771802,1.0,2.1396742,41.032837,0
6bba_ed9377fd,4754,68,7.0,223.0,51.0,0.86769855,2.7845674,0.11111111,2.5434792,68.92444,1
6bba_ed9377fd,4755,68,48.0,98.0,255.0,1.7083106,1.6119543,0.7619048,2.1396742,41.032837,1
6bba_ed9377fd,4756,68,51.0,90.0,215.0,1.1902502,1.7292355,0.8095238,2.5434792,68.92444,1
6bba_ed9377fd,4757,68,0.0,213.0,31.0,0.9668308,1.9693515,0.0,2.1396742,41.032837,0
6bba_ed9377fd,4758,68,37.0,176.0,104.0,0.7079312,4.149943,0.5873016,2.5434792,68.92444,0
6bba_ed9377fd,4759,68,57.0,94.0,217.0,1.2164419,1.8923882,0.9047619,2.5434792,68.92444,1
6bba_ed9377fd,4760,68,7.0,188.0,223.0,0.7694396,4.0905323,0.11111111,2.5434792,68.92444,0
6bba_ed9377fd,4761,68,0.0,212.0,16.0,0.84336764,2.1513054,0.0,2.1396742,41.032837,0
6bba_ed9377fd,4762,68,57.0,81.0,249.0,1.7960027,4.0543084,0.9047619,2.5434792,68.92444,1
6bba_ed9377fd,4763,68,57.0,76.0,255.0,1.4983059,1.3797373,0.9047619,2.1350024,40.76465,1
6bba_ed9377fd,4764,68,11.0,199.0,70.0,1.0737472,1.6097646,0.17460318,2.5434792,68.92444,1
6bba_ed9377fd,4765,68,57.0,121.0,174.0,0.7825069,2.222446,0.9047619,2.5434792,68.92444,0
6bba_ed9377fd,4766,68,0.0,228.0,27.0,0.6359257,1.5085939,0.0,2.1350024,40.76465,0
6bba_ed9377fd,4767,68,37.0,170.0,133.0,0.7962769,0.9255578,0.5873016,2.5434792,68.92444,1
6bba_ed9377fd,4768,68,11.0,214.0,97.0,0.70135474,1.5128872,0.17460318,2.5434792,68.92444,1
6bba_ed9377fd,4769,68,12.0,217.0,87.0,0.598199,1.2238147,0.1904762,2.5168092,66.77893,1
6bba_ed9377fd,4770,68,0.0,231.0,0.0,0.29205596,2.676923,0.0,1.7994134,24.405151,0
6bba_ed9377fd,4771,68,0.0,213.0,174.0,0.3104431,3.525257,0.0,2.120863,39.960083,0
6bba_ed9377fd,4772,68,63.0,71.0,227.0,0.50369024,1.3692981,1.0,2.0369256,35.40088,0
6bba_ed9377fd,4773,68,15.0,166.0,255.0,0.33847764,7.856532,0.23809524,2.1396742,41.032837,0
6bba_ed9377fd,4774,68,11.0,201.0,168.0,0.3446122,3.325178,0.17460318,2.5434792,68.92444,0
6bba_ed9377fd,4775,68,0.0,193.0,238.0,0.28553742,0.697118,0.0,2.0369256,35.40088,0
6bba_ed9377fd,4776,68,26.0,147.0,234.0,0.43641475,0.93761855,0.41269842,2.5368643,68.38806,0
6bba_ed9377fd,4777,68,46.0,119.0,218.0,0.46486914,1.0474617,0.73015875,2.5434792,68.92444,0
6bba_ed9377fd,4778,68,0.0,221.0,147.0,0.15571102,1.8221812,0.0,1.9677329,31.914429,1
6bba_ed9377fd,4779,68,0.0,210.0,144.0,0.22652195,0.73167175,0.0,1.9841315,32.718994,1
6bba_ed9377fd,4780,68,16.0,191.0,155.0,0.24275927,1.4536612,0.25396827,2.475711,63.56067,1
6bba_ed9377fd,4781,68,0.0,174.0,255.0,0.18995981,2.5494618,0.0,1.7861332,23.868774,0
6bba_ed9377fd,4782,68,18.0,187.0,151.0,0.24553046,1.1040732,0.2857143,2.499849,65.43799,1
6bba_ed9377fd,4783,68,63.0,106.0,102.0,0.18237309,1.0857345,1.0,1.9340899,30.305298,0
6bba_ed9377fd,4784,69,53.0,154.0,39.0,2.2905948,10.835643,0.84126985,2.5434792,68.92444,0
6bba_ed9377fd,4785,69,26.0,204.0,34.0,1.2399482,2.7986956,0.41269842,2.5434792,68.92444,0
6bba_ed9377fd,4786,69,42.0,162.0,0.0,1.0298868,5.1129932,0.6666667,2.1396742,41.032837,0
6bba_ed9377fd,4787,69,7.0,199.0,187.0,1.0243633,4.8884063,0.11111111,2.5434792,68.92444,0
6bba_ed9377fd,4788,69,32.0,193.0,20.0,1.8940504,3.1182039,0.50793654,2.5434792,68.92444,1
6bba_ed9377fd,4789,69,63.0,99.0,186.0,1.0188688,7.083502,1.0,2.1396742,41.032837,0
6bba_ed9377fd,4790,69,32.0,195.0,9.0,1.9033179,3.0670228,0.50793654,2.5434792,68.92444,1
6bba_ed9377fd,4791,69,56.0,129.0,147.0,1.222704,3.3432693,0.8888889,2.5434792,68.92444,0
6bba_ed9377fd,4792,69,22.0,206.0,64.0,1.1632413,2.7299602,0.34920636,2.5434792,68.92444,0
6bba_ed9377fd,4793,69,51.0,155.0,77.0,0.9414399,4.338149,0.8095238,2.5434792,68.92444,0
6bba_ed9377fd,4794,69,50.0,133.0,186.0,2.3821285,2.1963022,0.7936508,2.5434792,68.92444,2
6bba_ed9377fd,4795,69,39.0,184.0,0.0,1.4472469,2.4900165,0.61904764,2.1396742,41.032837,0
6bba_ed9377fd,4796,69,63.0,135.0,46.0,1.3629802,1.0586071,1.0,2.13031,40.49646,0
6bba_ed9377fd,4797,69,41.0,159.0,159.0,0.96726596,4.678873,0.6507937,2.5434792,68.92444,0
6bba_ed9377fd,4798,69,42.0,134.0,236.0,2.4426255,2.9351141,0.6666667,2.5434792,68.92444,0
6bba_ed9377fd,4799,69,12.0,207.0,132.0,0.89712423,4.308438,0.1904762,2.5434792,68.92444,0
6bba_ed9377fd,4800,69,59.0,138.0,62.0,2.5145273,3.6524048,0.93650794,2.5434792,68.92444,2
6bba_ed9377fd,4801,69,50.0,133.0,199.0,2.5067623,2.4423394,0.7936508,2.5434792,68.92444,2
6bba_ed9377fd,4802,69,31.0,157.0,223.0,1.9450282,2.3056452,0.4920635,2.5434792,68.92444,0
6bba_ed9377fd,4803,69,27.0,180.0,167.0,0.91688234,4.9852023,0.42857143,2.5434792,68.92444,0
6bba_ed9377fd,4804,69,50.0,129.0,198.0,2.5057452,2.4199147,0.7936508,2.5434792,68.92444,2
6bba_ed9377fd,4805,69,27.0,167.0,146.0,1.1469057,2.301269,0.42857143,2.5434792,68.92444,0
6bba_ed9377fd,4806,69,17.0,170.0,192.0,1.1395235,2.092651,0.26984128,2.5434792,68.92444,0
6bba_ed9377fd,4807,69,63.0,135.0,66.0,1.6927528,1.1103466,1.0,2.125597,40.22827,2
6bba_ed9377fd,4808,69,33.0,161.0,207.0,1.8186004,2.0050747,0.52380955,2.5434792,68.92444,0
6bba_ed9377fd,4809,69,41.0,147.0,199.0,1.2099282,1.8342397,0.6507937,2.5434792,68.92444,2
6bba_ed9377fd,4810,69,22.0,175.0,208.0,1.14858,1.6936142,0.34920636,2.5434792,68.92444,0
6bba_ed9377fd,4811,69,5.0,223.0,51.0,0.9951033,2.9469054,0.07936508,2.5434792,68.92444,0
6bba_ed9377fd,4812,69,12.0,217.0,0.0,0.60873574,6.063983,0.1904762,2.1396742,41.032837,0
6bba_ed9377fd,4813,69,38.0,142.0,213.0,1.2326516,2.0355744,0.6031746,2.5434792,68.92444,1
6bba_ed9377fd,4814,69,48.0,106.0,250.0,1.6600616,3.4838493,0.7619048,2.5434792,68.92444,1
6bba_ed9377fd,4815,69,0.0,227.0,92.0,0.7844769,3.0778248,0.0,2.1396742,41.032837,0
6bba_ed9377fd,4816,69,39.0,145.0,208.0,1.3602449,2.2119346,0.61904764,2.5434792,68.92444,2
6bba_ed9377fd,4817,69,63.0,133.0,71.0,1.1206031,0.7986479,1.0,2.0772712,37.546387,2
6bba_ed9377fd,4818,69,47.0,102.0,255.0,1.6751605,2.216668,0.74603176,2.1396742,41.032837,1
6bba_ed9377fd,4819,69,48.0,87.0,237.0,1.3259627,2.2374077,0.7619048,2.5434792,68.92444,0
6bba_ed9377fd,4820,69,37.0,178.0,104.0,0.74712175,4.0718307,0.5873016,2.5434792,68.92444,0
6bba_ed9377fd,4821,69,63.0,104.0,81.0,0.9451691,2.0080712,1.0,2.1396742,41.032837,1
6bba_ed9377fd,4822,69,6.0,188.0,225.0,0.8069902,4.151997,0.0952381,2.5434792,68.92444,1
6bba_ed9377fd,4823,69,10.0,200.0,93.0,1.0394819,1.750889,0.15873016,2.5434792,68.92444,0
6bba_ed9377fd,4824,69,57.0,97.0,220.0,1.2486157,2.0764716,0.9047619,2.5434792,68.92444,2
6bba_ed9377fd,4825,69,0.0,212.0,31.0,0.8854146,1.9764731,0.0,2.1396742,41.032837,1
6bba_ed9377fd,4826,69,51.0,91.0,219.0,1.1805824,1.5283052,0.8095238,2.5434792,68.92444,2
6bba_ed9377fd,4827,69,57.0,76.0,255.0,1.3486702,1.0105456,0.9047619,2.1396742,41.032837,1
6bba_ed9377fd,4828,69,0.0,213.0,19.0,0.77337253,2.0429206,0.0,2.1396742,41.032837,1
6bba_ed9377fd,4829,69,58.0,84.0,248.0,1.7643485,3.1829622,0.9206349,2.5434792,68.92444,1
6bba_ed9377fd,4830,69,59.0,97.0,213.0,1.0241807,1.3529652,0.93650794,2.5302145,67.851685,2
6bba_ed9377fd,4831,69,8.0,204.0,71.0,1.0599656,1.7084287,0.12698413,2.5434792,68.92444,0
6bba_ed9377fd,4832,69,51.0,148.0,124.0,0.6213225,3.831957,0.8095238,2.5434792,68.92444,0
6bba_ed9377fd,4833,69,63.0,109.0,60.0,0.7983166,1.4388272,1.0,2.1396742,41.032837,0
6bba_ed9377fd,4834,69,11.0,215.0,97.0,0.7297805,1.589916,0.17460318,2.5434792,68.92444,0
6bba_ed9377fd,4835,69,36.0,172.0,133.0,0.78286105,1.0882319,0.5714286,2.5434792,68.92444,0
6bba_ed9377fd,4836,69,42.0,153.0,186.0,0.5750698,1.6667871,0.6666667,2.5235295,67.31531,1
6bba_ed9377fd,4837,69,63.0,74.0,226.0,0.58657485,1.8225074,1.0,2.0772712,37.546387,0
6bba_ed9377fd,4838,69,57.0,123.0,173.0,0.73402584,1.7696851,0.9047619,2.5434792,68.92444,0
6bba_ed9377fd,4839,69,58.0,114.0,75.0,0.7945628,1.4209442,0.9206349,2.5401762,68.65625,1
6bba_ed9377fd,4840,69,0.0,230.0,27.0,0.5480598,1.6645918,0.0,2.1396742,41.032837,0
6bba_ed9377fd,4841,69,11.0,202.0,165.0,0.39711,3.87237,0.17460318,2.5434792,68.92444,0
6bba_ed9377fd,4842,69,15.0,167.0,255.0,0.35888207,7.933748,0.23809524,2.1396742,41.032837,0
6bba_ed9377fd,4843,69,0.0,213.0,177.0,0.24026567,2.2203367,0.0,2.0522413,36.205444,0
6bba_ed9377fd,4844,69,0.0,195.0,236.0,0.26309827,0.3718579,0.0,1.905132,28.964355,1
6bba_ed9377fd,4845,69,46.0,123.0,216.0,0.49274644,1.2187892,0.73015875,2.5434792,68.92444,0
6bba_ed9377fd,4846,69,0.0,232.0,0.0,0.2059189,1.6120234,0.0,1.7726524,23.332397,0
6bba_ed9377fd,4847,69,0.0,210.0,146.0,0.22617644,0.97817534,0.0,2.0522413,36.205444,0
6bba_ed9377fd,4848,69,63.0,110.0,101.0,0.19370784,1.1173432,1.0,1.9510565,31.109863,0
6bba_ed9377fd,4849,69,16.0,194.0,151.0,0.22205272,1.2122341,0.25396827,2.472224,63.29248,0
6bba_ed9377fd,4850,70,53.0,156.0,40.0,2.4858785,12.794254,0.84126985,2.5434792,68.92444,0
6bba_ed9377fd,4851,70,42.0,162.0,0.0,1.2676284,4.1552067,0.6666667,2.1396742,41.032837,0
6bba_ed9377fd,4852,70,26.0,205.0,36.0,1.234,2.8632007,0.41269842,2.5434792,68.92444,0
6bba_ed9377fd,4853,70,6.0,201.0,188.0,1.1786226,7.102958,0.0952381,2.5434792,68.92444,0
6bba_ed9377fd,4854,70,51.0,156.0,81.0,0.9887611,4.726512,0.8095238,2.5434792,68.92444,0
6bba_ed9377fd,4855,70,32.0,194.0,20.0,1.7844151,3.1010647,0.50793654,2.5434792,68.92444,1
6bba_ed9377fd,4856,70,22.0,207.0,66.0,1.219733,2.7394652,0.34920636,2.5434792,68.92444,1
6bba_ed9377fd,4857,70,32.0,196.0,10.0,1.8400041,2.9753141,0.50793654,2.5434792,68.92444,1
6bba_ed9377fd,4858,70,63.0,102.0,187.0,0.95614874,7.3932605,1.0,2.1396742,41.032837,0
6bba_ed9377fd,4859,70,56.0,130.0,151.0,1.2778301,3.0780008,0.8888889,2.5434792,68.92444,2
6bba_ed9377fd,4860,70,57.0,130.0,146.0,1.2434106,2.963885,0.9047619,2.5434792,68.92444,2
6bba_ed9377fd,4861,70,51.0,135.0,184.0,2.5518665,2.3182542,0.8095238,2.5434792,68.92444,1
6bba_ed9377fd,4862,70,39.0,185.0,0.0,1.4814622,2.7203188,0.61904764,2.1396742,41.032837,1
6bba_ed9377fd,4863,70,12.0,219.0,0.0,0.6994328,7.7905335,0.1904762,2.1396742,41.032837,0
6bba_ed9377fd,4864,70,23.0,208.0,60.0,1.0183353,2.538346,0.36507937,2.5335438,68.11987,1
6bba_ed9377fd,4865,70,48.0,107.0,255.0,1.537848,4.421829,0.7619048,2.1396742,41.032837,0
6bba_ed9377fd,4866,70,58.0,130.0,141.0,0.9990973,2.080474,0.9206349,2.5302145,67.851685,2
6bba_ed9377fd,4867,70,59.0,141.0,65.0,2.4848385,4.4639964,0.93650794,2.5434792,68.92444,1
6bba_ed9377fd,4868,70,11.0,209.0,132.0,0.8893936,3.978127,0.17460318,2.5434792,68.92444,0
6bba_ed9377fd,4869,70,50.0,134.0,196.0,2.6814022,2.6237564,0.7936508,2.5434792,68.92444,1
6bba_ed9377fd,4870,70,31.0,157.0,227.0,1.7897576,2.133742,0.4920635,2.5434792,68.92444,0
6bba_ed9377fd,4871,70,43.0,136.0,235.0,2.4744167,2.837687,0.6825397,2.5434792,68.92444,1
6bba_ed9377fd,4872,70,63.0,137.0,48.0,1.1210061,1.1067677,1.0,2.13031,40.49646,0
6bba_ed9377fd,4873,70,27.0,167.0,151.0,1.0926539,2.2990997,0.42857143,2.5434792,68.92444,0
6bba_ed9377fd,4874,70,17.0,171.0,194.0,1.166658,2.079934,0.26984128,2.5434792,68.92444,1
6bba_ed9377fd,4875,70,41.0,148.0,202.0,1.1846677,2.16463,0.6507937,2.5434792,68.92444,0
6bba_ed9377fd,4876,70,21.0,177.0,207.0,1.095705,1.580709,0.33333334,2.5434792,68.92444,1
6bba_ed9377fd,4877,70,44.0,131.0,246.0,2.565808,2.9319525,0.6984127,2.5434792,68.92444,1
6bba_ed9377fd,4878,70,26.0,182.0,167.0,0.8552255,4.3405166,0.41269842,2.5434792,68.92444,0
6bba_ed9377fd,4879,70,5.0,224.0,53.0,0.97382534,3.2448847,0.07936508,2.5434792,68.92444,0
6bba_ed9377fd,4880,70,33.0,162.0,211.0,1.7914488,2.1144083,0.52380955,2.5434792,68.92444,0
6bba_ed9377fd,4881,70,42.0,160.0,160.0,0.82798815,4.448378,0.6666667,2.5434792,68.92444,0
6bba_ed9377fd,4882,70,0.0,228.0,92.0,0.6991353,3.0044637,0.0,2.1350024,40.76465,0
6bba_ed9377fd,4883,70,63.0,106.0,82.0,0.996017,2.1344132,1.0,2.1396742,41.032837,1
6bba_ed9377fd,4884,70,48.0,88.0,240.0,1.2844409,2.3021586,0.7619048,2.5434792,68.92444,0
6bba_ed9377fd,4885,70,38.0,142.0,216.0,1.1844507,1.8471369,0.6031746,2.5434792,68.92444,0
6bba_ed9377fd,4886,70,37.0,179.0,104.0,0.725621,4.099277,0.5873016,2.5434792,68.92444,0
6bba_ed9377fd,4887,70,4.0,190.0,224.0,0.82682824,3.9064572,0.06349207,2.5434792,68.92444,1
6bba_ed9377fd,4888,70,10.0,201.0,93.0,1.0317514,1.6874877,0.15873016,2.5434792,68.92444,0
6bba_ed9377fd,4889,70,61.0,99.0,217.0,1.2085356,1.9563626,0.96825397,2.4687274,63.024292,1
6bba_ed9377fd,4890,70,63.0,83.0,248.0,1.7476223,2.707221,1.0,2.1396742,41.032837,1
6bba_ed9377fd,4891,70,63.0,134.0,73.0,0.92678016,0.5222131,1.0,1.9566469,31.378052,1
6bba_ed9377fd,4892,70,0.0,214.0,31.0,0.8058987,2.1531868,0.0,2.1396742,41.032837,0
6bba_ed9377fd,4893,70,59.0,77.0,255.0,1.5458908,1.6609073,0.93650794,2.1396742,41.032837,1
6bba_ed9377fd,4894,70,8.0,206.0,72.0,1.04479,1.7058414,0.12698413,2.5434792,68.92444,0
6bba_ed9377fd,4895,70,52.0,149.0,122.0,0.5553918,3.5295112,0.82539684,2.5434792,68.92444,0
6bba_ed9377fd,4896,70,11.0,216.0,98.0,0.732226,1.5102152,0.17460318,2.5434792,68.92444,0
6bba_ed9377fd,4897,70,0.0,231.0,25.0,0.5461595,1.9800969,0.0,2.1396742,41.032837,0
6bba_ed9377fd,4898,70,38.0,174.0,131.0,0.678397,1.3443485,0.6031746,2.5401762,68.65625,0
6bba_ed9377fd,4899,70,41.0,156.0,185.0,0.537702,2.5243492,0.6507937,2.5434792,68.92444,0
6bba_ed9377fd,4900,70,59.0,116.0,73.0,0.8583623,1.4509877,0.93650794,2.5434792,68.92444,1
6bba_ed9377fd,4901,70,59.0,122.0,173.0,0.729552,1.2679536,0.93650794,2.5401762,68.65625,0
6bba_ed9377fd,4902,70,63.0,77.0,225.0,0.528596,1.646722,1.0,2.1017118,38.88733,0
6bba_ed9377fd,4903,70,45.0,177.0,0.0,0.55230194,0.39942807,0.71428573,1.9226114,29.76892,1
6bba_ed9377fd,4904,70,11.0,204.0,164.0,0.39626434,3.2842104,0.17460318,2.5434792,68.92444,1
6bba_ed9377fd,4905,70,14.0,169.0,255.0,0.32939833,8.225318,0.22222222,2.1396742,41.032837,0
6bba_ed9377fd,4906,70,0.0,233.0,0.0,0.22876829,1.9615685,0.0,1.7861332,23.868774,0
6bba_ed9377fd,4907,70,47.0,123.0,217.0,0.49513477,1.4960184,0.74603176,2.5401762,68.65625,0
6bba_ed9377fd,4908,70,0.0,196.0,235.0,0.28188074,0.27004477,0.0,1.8317839,25.746094,1
6bba_ed9377fd,4909,70,0.0,215.0,176.0,0.16518384,0.79354167,0.0,1.9168203,29.500732,0
6bba_ed9377fd,4910,70,55.0,109.0,226.0,0.52176076,0.22905643,0.8730159,2.2587838,48.273926,1
6bba_ed9377fd,4911,70,14.0,196.0,154.0,0.26113465,1.3993356,0.22222222,2.4791882,63.828857,1
6bba_ed9377fd,4912,70,63.0,113.0,103.0,0.17126872,0.9704711,1.0,1.905132,28.964355,0
6bba_ed9377fd,4913,70,0.0,211.0,143.0,0.2503911,0.25353748,0.0,1.9566469,31.378052,0
6bba_ed9377fd,4914,71,52.0,160.0,37.0,1.9750711,8.916317,0.82539684,2.5434792,68.92444,0
6bba_ed9377fd,4915,71,63.0,104.0,191.0,1.1699346,7.9951963,1.0,2.1396742,41.032837,0
6bba_ed9377fd,4916,71,42.0,163.0,0.0,1.2356108,3.6226642,0.6666667,2.1396742,41.032837,0
6bba_ed9377fd,4917,71,25.0,207.0,38.0,1.2494787,2.888252,0.3968254,2.5434792,68.92444,0
6bba_ed9377fd,4918,71,31.0,199.0,10.0,1.8503689,3.269197,0.4920635,2.5434792,68.92444,1
6bba_ed9377fd,4919,71,4.0,205.0,181.0,1.2855208,5.7699594,0.06349207,2.5434792,68.92444,0
6bba_ed9377fd,4920,71,22.0,208.0,67.0,1.2876006,3.0410156,0.34920636,2.5434792,68.92444,0
6bba_ed9377fd,4921,71,32.0,197.0,21.0,1.8806459,3.2266264,0.50793654,2.5434792,68.92444,1
6bba_ed9377fd,4922,71,56.0,133.0,148.0,1.2639573,3.258756,0.8888889,2.5434792,68.92444,1
6bba_ed9377fd,4923,71,51.0,160.0,81.0,0.9035922,4.6942534,0.8095238,2.5434792,68.92444,0
6bba_ed9377fd,4924,71,38.0,190.0,0.0,1.3462037,2.942663,0.6031746,2.1396742,41.032837,1
6bba_ed9377fd,4925,71,51.0,138.0,182.0,2.4427798,2.1987484,0.8095238,2.5434792,68.92444,1
6bba_ed9377fd,4926,71,58.0,143.0,69.0,2.003434,3.6110818,0.9206349,2.5401762,68.65625,1
6bba_ed9377fd,4927,71,11.0,220.0,0.0,0.6996343,7.6047153,0.17460318,2.1396742,41.032837,0
6bba_ed9377fd,4928,71,57.0,133.0,143.0,1.0178268,2.1893685,0.9047619,2.5368643,68.38806,1
6bba_ed9377fd,4929,71,26.0,184.0,168.0,0.9138884,4.713527,0.41269842,2.5434792,68.92444,0
6bba_ed9377fd,4930,71,53.0,130.0,193.0,2.5567176,2.426317,0.84126985,2.5434792,68.92444,1
6bba_ed9377fd,4931,71,10.0,212.0,129.0,0.86238486,3.6674702,0.15873016,2.5434792,68.92444,0
6bba_ed9377fd,4932,71,42.0,161.0,163.0,0.8847826,5.1586475,0.6666667,2.5434792,68.92444,0
6bba_ed9377fd,4933,71,26.0,170.0,150.0,1.1260905,2.4159856,0.41269842,2.5434792,68.92444,0
6bba_ed9377fd,4934,71,63.0,139.0,50.0,1.0256064,1.3868518,1.0,2.1396742,41.032837,0
6bba_ed9377fd,4935,71,44.0,136.0,235.0,2.6199856,3.4980555,0.6984127,2.5434792,68.92444,1
6bba_ed9377fd,4936,71,16.0,173.0,196.0,1.1287589,2.0780149,0.25396827,2.5434792,68.92444,1
6bba_ed9377fd,4937,71,42.0,148.0,201.0,1.099219,2.479073,0.6666667,2.5434792,68.92444,0
6bba_ed9377fd,4938,71,45.0,129.0,247.0,2.3705866,2.7029982,0.71428573,2.5434792,68.92444,1
6bba_ed9377fd,4939,71,32.0,158.0,228.0,1.854237,2.1229033,0.50793654,2.5434792,68.92444,0
6bba_ed9377fd,4940,71,4.0,225.0,55.0,1.0079306,3.5101986,0.06349207,2.5434792,68.92444,0
6bba_ed9377fd,4941,71,33.0,163.0,212.0,1.8321363,2.1165586,0.52380955,2.5434792,68.92444,0
6bba_ed9377fd,4942,71,63.0,109.0,83.0,1.0016989,2.2921326,1.0,2.1396742,41.032837,0
6bba_ed9377fd,4943,71,37.0,142.0,221.0,1.2240583,1.850665,0.5873016,2.5434792,68.92444,0
6bba_ed9377fd,4944,71,20.0,177.0,209.0,1.0441443,1.5097948,0.31746033,2.5434792,68.92444,1
6bba_ed9377fd,4945,71,47.0,91.0,242.0,1.2027745,2.1872203,0.74603176,2.5434792,68.92444,0
6bba_ed9377fd,4946,71,37.0,180.0,108.0,0.73377436,3.7947893,0.5873016,2.5434792,68.92444,0
6bba_ed9377fd,4947,71,3.0,191.0,226.0,0.8257101,3.6689112,0.04761905,2.5401762,68.65625,1
6bba_ed9377fd,4948,71,58.0,102.0,222.0,1.3123754,2.807911,0.9206349,2.5434792,68.92444,3
6bba_ed9377fd,4949,71,59.0,77.0,255.0,1.5403433,1.7962948,0.93650794,2.1396742,41.032837,1
6bba_ed9377fd,4950,71,50.0,92.0,227.0,1.1935927,1.793834,0.7936508,2.5434792,68.92444,1
6bba_ed9377fd,4951,71,62.0,84.0,250.0,1.8204365,4.045116,0.984127,2.3316977,53.10132,1
6bba_ed9377fd,4952,71,59.0,103.0,216.0,1.0674564,1.681186,0.93650794,2.5335438,68.11987,1
6bba_ed9377fd,4953,71,8.0,205.0,94.0,1.0490867,1.8941342,0.12698413,2.5434792,68.92444,2
6bba_ed9377fd,4954,71,10.0,200.0,101.0,0.8821372,1.614955,0.15873016,2.5434792,68.92444,1
6bba_ed9377fd,4955,71,0.0,214.0,31.0,0.7508757,2.2123034,0.0,2.1396742,41.032837,0
6bba_ed9377fd,4956,71,45.0,180.0,0.0,0.6361272,1.0636957,0.71428573,2.0772712,37.546387,1
6bba_ed9377fd,4957,71,8.0,206.0,73.0,1.0225464,1.7660567,0.12698413,2.5434792,68.92444,0
6bba_ed9377fd,4958,71,51.0,151.0,126.0,0.59953034,3.85099,0.8095238,2.5434792,68.92444,0
6bba_ed9377fd,4959,71,43.0,111.0,255.0,0.8539537,2.0353982,0.6825397,2.1396742,41.032837,1
6bba_ed9377fd,4960,71,63.0,134.0,73.0,0.8242204,0.31010878,1.0,1.8691776,27.355225,1
6bba_ed9377fd,4961,71,10.0,218.0,98.0,0.72139275,1.4277221,0.15873016,2.5434792,68.92444,2
6bba_ed9377fd,4962,71,39.0,174.0,134.0,0.67198044,1.5412344,0.61904764,2.5368643,68.38806,0
6bba_ed9377fd,4963,71,60.0,122.0,173.0,0.75178385,1.1418012,0.95238096,2.475711,63.56067,0
6bba_ed9377fd,4964,71,0.0,231.0,24.0,0.4956091,2.0849319,0.0,2.1396742,41.032837,0
6bba_ed9377fd,4965,71,40.0,159.0,187.0,0.5188753,2.8439066,0.63492066,2.5434792,68.92444,0
6bba_ed9377fd,4966,71,63.0,79.0,226.0,0.5624658,2.1713743,1.0,2.13031,40.49646,0
6bba_ed9377fd,4967,71,0.0,230.0,89.0,0.35413125,1.4827644,0.0,2.0265856,34.864502,1
6bba_ed9377fd,4968,71,52.0,113.0,255.0,0.5549509,0.67792827,0.82539684,2.0002632,33.52356,1
6bba_ed9377fd,4969,71,11.0,205.0,162.0,0.39792135,2.7263215,0.17460318,2.5434792,68.92444,1
6bba_ed9377fd,4970,71,33.0,187.0,37.0,0.43083814,1.1820018,0.52380955,2.4652207,62.756104,0
6bba_ed9377fd,4971,71,14.0,171.0,255.0,0.31712303,7.231347,0.22222222,2.1396742,41.032837,0
6bba_ed9377fd,4972,71,55.0,112.0,229.0,0.56686497,0.4797258,0.8730159,2.400316,57.92871,1
6bba_ed9377fd,4973,71,0.0,234.0,0.0,0.19005662,1.6204904,0.0,1.7861332,23.868774,0
6bba_ed9377fd,4974,71,47.0,124.0,217.0,0.4664861,1.1956284,0.74603176,2.5401762,68.65625,0
6bba_ed9377fd,4975,71,0.0,212.0,146.0,0.27942377,0.8737786,0.0,2.0317688,35.13269,0
6bba_ed9377fd,4976,71,14.0,198.0,152.0,0.2666427,1.5245268,0.22222222,2.4652207,62.756104,2
6bba_ed9377fd,4977,71,38.0,179.0,16.0,0.30297628,0.62599844,0.6031746,2.3891516,57.124146,0
6bba_ed9377fd,4978,71,0.0,223.0,92.0,0.40593898,0.26579684,0.0,1.8317839,25.746094,2
6bba_ed9377fd,4979,71,0.0,197.0,237.0,0.2139203,0.028701844,0.0,1.608502,17.432251,1
6bba_ed9377fd,4980,71,19.0,185.0,154.0,0.2859322,0.34461993,0.3015873,2.3741014,56.05139,1
6bba_ed9377fd,4981,72,52.0,162.0,32.0,1.6854935,9.05528,0.82539684,2.5434792,68.92444,0
6bba_ed9377fd,4982,72,63.0,105.0,194.0,1.2391523,8.21881,1.0,2.1396742,41.032837,0
6bba_ed9377fd,4983,72,2.0,206.0,181.0,1.2614865,5.8348475,0.031746034,2.4687274,63.024292,0
6bba_ed9377fd,4984,72,31.0,199.0,12.0,1.9587126,3.5045054,0.4920635,2.5434792,68.92444,1
6bba_ed9377fd,4985,72,42.0,163.0,0.0,1.2577333,2.990983,0.6666667,2.1396742,41.032837,0
6bba_ed9377fd,4986,72,25.0,208.0,39.0,1.2363485,2.8232365,0.3968254,2.5434792,68.92444,0
6bba_ed9377fd,4987,72,21.0,209.0,68.0,1.3419096,3.1519651,0.33333334,2.5434792,68.92444,0
6bba_ed9377fd,4988,72,11.0,221.0,0.0,0.8473506,8.320771,0.17460318,2.1396742,41.032837,0
6bba_ed9377fd,4989,72,55.0,135.0,151.0,1.2316917,3.4082398,0.8730159,2.5434792,68.92444,0
6bba_ed9377fd,4990,72,57.0,145.0,74.0,1.8203261,3.5847723,0.9047619,2.5401762,68.65625,0
6bba_ed9377fd,4991,72,51.0,138.0,179.0,2.5665507,2.2107184,0.8095238,2.5434792,68.92444,1
6bba_ed9377fd,4992,72,63.0,139.0,51.0,1.1443571,2.3640654,1.0,2.1396742,41.032837,0
6bba_ed9377fd,4993,72,36.0,194.0,0.0,0.9698636,1.5198935,0.5714286,2.1350024,40.76465,1
6bba_ed9377fd,4994,72,25.0,186.0,168.0,0.9132999,4.126536,0.3968254,2.5434792,68.92444,0
6bba_ed9377fd,4995,72,42.0,147.0,203.0,1.2177045,2.6642835,0.6666667,2.5434792,68.92444,0
6bba_ed9377fd,4996,72,50.0,138.0,191.0,2.7768788,2.4625075,0.7936508,2.5434792,68.92444,1
6bba_ed9377fd,4997,72,49.0,162.0,86.0,0.85263145,4.4862485,0.7777778,2.5434792,68.92444,0
6bba_ed9377fd,4998,72,31.0,158.0,230.0,1.9067692,2.0660453,0.4920635,2.5434792,68.92444,0
6bba_ed9377fd,4999,72,45.0,136.0,234.0,2.6082609,3.1951728,0.71428573,2.5434792,68.92444,1
6bba_ed9377fd,5000,72,25.0,171.0,151.0,1.1014017,2.4157448,0.3968254,2.5434792,68.92444,0
6bba_ed9377fd,5001,72,16.0,174.0,197.0,1.1246849,2.1974423,0.25396827,2.5434792,68.92444,0
6bba_ed9377fd,5002,72,4.0,226.0,57.0,1.0239863,3.699517,0.06349207,2.5434792,68.92444,0
6bba_ed9377fd,5003,72,42.0,162.0,162.0,0.83376473,4.4218435,0.6666667,2.5434792,68.92444,0
6bba_ed9377fd,5004,72,33.0,163.0,214.0,1.9576612,2.1749291,0.52380955,2.5434792,68.92444,0
6bba_ed9377fd,5005,72,45.0,129.0,247.0,2.501774,2.7918084,0.71428573,2.5434792,68.92444,1
6bba_ed9377fd,5006,72,8.0,214.0,129.0,0.8321306,3.6324708,0.12698413,2.5434792,68.92444,0
6bba_ed9377fd,5007,72,0.0,192.0,228.0,0.8398645,3.3910182,0.0,2.1396742,41.032837,0
6bba_ed9377fd,5008,72,57.0,104.0,220.0,1.3313793,2.85814,0.9047619,2.5434792,68.92444,0
6bba_ed9377fd,5009,72,20.0,178.0,213.0,1.0486352,1.6769068,0.31746033,2.5434792,68.92444,0
6bba_ed9377fd,5010,72,44.0,181.0,0.0,0.7345503,1.9337409,0.6984127,2.125597,40.22827,0
6bba_ed9377fd,5011,72,49.0,92.0,229.0,1.3164036,2.0643435,0.7777778,2.5434792,68.92444,2
6bba_ed9377fd,5012,72,47.0,92.0,243.0,1.2997023,2.210704,0.74603176,2.5434792,68.92444,2
6bba_ed9377fd,5013,72,37.0,144.0,218.0,1.2413193,1.8279848,0.5873016,2.5434792,68.92444,0
6bba_ed9377fd,5014,72,36.0,181.0,113.0,0.74017954,3.7317882,0.5714286,2.5434792,68.92444,0
6bba_ed9377fd,5015,72,48.0,91.0,238.0,1.4181421,2.433365,0.7619048,2.5434792,68.92444,2
6bba_ed9377fd,5016,72,63.0,108.0,79.0,1.016575,1.8243632,1.0,2.1396742,41.032837,1
6bba_ed9377fd,5017,72,63.0,85.0,248.0,1.690152,2.6329021,1.0,2.1396742,41.032837,1
6bba_ed9377fd,5018,72,63.0,110.0,68.0,1.0138876,1.5503098,1.0,2.1396742,41.032837,1
6bba_ed9377fd,5019,72,9.0,202.0,102.0,0.9473422,1.750802,0.14285715,2.5434792,68.92444,0
6bba_ed9377fd,5020,72,59.0,79.0,255.0,1.5814115,1.8456177,0.93650794,2.1396742,41.032837,1
6bba_ed9377fd,5021,72,51.0,152.0,125.0,0.6405263,3.8060114,0.8095238,2.5434792,68.92444,0
6bba_ed9377fd,5022,72,7.0,207.0,75.0,1.0653822,1.8349462,0.11111111,2.5434792,68.92444,0
6bba_ed9377fd,5023,72,63.0,80.0,228.0,0.66542864,3.3036668,1.0,2.1350024,40.76465,0
6bba_ed9377fd,5024,72,38.0,175.0,137.0,0.7009491,1.7008189,0.6031746,2.5434792,68.92444,0
6bba_ed9377fd,5025,72,10.0,218.0,100.0,0.7273922,1.3240107,0.15873016,2.5434792,68.92444,1
6bba_ed9377fd,5026,72,39.0,160.0,189.0,0.55916286,3.5503988,0.61904764,2.5434792,68.92444,0
6bba_ed9377fd,5027,72,0.0,216.0,33.0,0.6274989,2.1504693,0.0,2.1350024,40.76465,0
6bba_ed9377fd,5028,72,0.0,231.0,27.0,0.45400363,1.923448,0.0,2.0968692,38.61914,0
6bba_ed9377fd,5029,72,59.0,123.0,175.0,0.71524477,0.49957162,0.93650794,2.4403894,60.878784,0
6bba_ed9377fd,5030,72,54.0,114.0,231.0,0.6229395,0.74625915,0.85714287,2.4475355,61.41516,0
6bba_ed9377fd,5031,72,14.0,172.0,255.0,0.31629765,7.4540296,0.22222222,2.1396742,41.032837,0
6bba_ed9377fd,5032,72,10.0,208.0,161.0,0.34516644,2.1886718,0.15873016,2.5335438,68.11987,1
6bba_ed9377fd,5033,72,48.0,126.0,214.0,0.49978003,1.5056393,0.7619048,2.5434792,68.92444,0
6bba_ed9377fd,5034,72,0.0,212.0,146.0,0.31361032,0.7377013,0.0,2.057296,36.473633,0
6bba_ed9377fd,5035,72,0.0,232.0,88.0,0.22619562,0.7207704,0.0,1.9168203,29.500732,1
6bba_ed9377fd,5036,72,0.0,235.0,0.0,0.15731552,1.4038409,0.0,1.7092885,20.918701,0
6bba_ed9377fd,5037,72,14.0,199.0,152.0,0.23887965,1.5718757,0.22222222,2.4826555,64.097046,2
6bba_ed9377fd,5038,72,0.0,223.0,91.0,0.4427073,0.19765149,0.0,1.863049,27.087036,2
6bba_ed9377fd,5039,72,38.0,180.0,18.0,0.28253826,0.5753893,0.6031746,2.3854067,56.855957,0
6bba_ed9377fd,5040,72,53.0,112.0,255.0,0.37824997,0.11991389,0.84126985,1.7927979,24.136963,0
6bba_ed9377fd,5041,72,18.0,187.0,154.0,0.25568372,0.44429705,0.2857143,2.3928847,57.392334,1
6bba_ed9377fd,5042,73,0.0,210.0,177.0,1.3183612,4.805074,0.0,2.1396742,41.032837,0
6bba_ed9377fd,5043,73,34.0,198.0,0.0,1.5503538,9.937032,0.53968257,2.1396742,41.032837,0
6bba_ed9377fd,5044,73,52.0,165.0,30.0,1.3675244,7.274968,0.82539684,2.5401762,68.65625,0
6bba_ed9377fd,5045,73,31.0,201.0,19.0,2.0072334,3.5784557,0.4920635,2.5434792,68.92444,0
6bba_ed9377fd,5046,73,11.0,223.0,0.0,0.99216837,7.659312,0.17460318,2.1396742,41.032837,0
6bba_ed9377fd,5047,73,24.0,211.0,42.0,1.277733,2.8610368,0.3809524,2.5434792,68.92444,0
6bba_ed9377fd,5048,73,21.0,211.0,71.0,1.2302405,3.3539813,0.33333334,2.5434792,68.92444,0
6bba_ed9377fd,5049,73,55.0,139.0,157.0,1.3152437,3.9397194,0.8730159,2.5434792,68.92444,0
6bba_ed9377fd,5050,73,56.0,151.0,83.0,1.2272294,3.8197258,0.8888889,2.5434792,68.92444,2
6bba_ed9377fd,5051,73,63.0,106.0,195.0,1.0608582,7.667782,1.0,2.1396742,41.032837,0
6bba_ed9377fd,5052,73,41.0,164.0,171.0,0.95656997,5.85536,0.6507937,2.5434792,68.92444,0
6bba_ed9377fd,5053,73,63.0,141.0,58.0,1.1580529,2.7953463,1.0,2.1396742,41.032837,0
6bba_ed9377fd,5054,73,41.0,168.0,9.0,1.1624985,2.2325416,0.6507937,2.5434792,68.92444,0
6bba_ed9377fd,5055,73,43.0,151.0,203.0,1.2363255,3.5790296,0.6825397,2.5434792,68.92444,0
6bba_ed9377fd,5056,73,52.0,138.0,182.0,2.3668616,1.9624379,0.82539684,2.5434792,68.92444,1
6bba_ed9377fd,5057,73,15.0,178.0,200.0,1.0892255,2.3308537,0.23809524,2.5434792,68.92444,0
6bba_ed9377fd,5058,73,32.0,160.0,233.0,1.9058719,1.9701896,0.50793654,2.5434792,68.92444,0
6bba_ed9377fd,5059,73,57.0,151.0,75.0,1.1921585,2.7729268,0.9047619,2.5434792,68.92444,2
6bba_ed9377fd,5060,73,25.0,188.0,172.0,0.927447,4.1216774,0.3968254,2.5434792,68.92444,0
6bba_ed9377fd,5061,73,46.0,131.0,246.0,2.0838661,2.2070723,0.73015875,2.5434792,68.92444,0
6bba_ed9377fd,5062,73,34.0,187.0,120.0,0.86928695,3.5283706,0.53968257,2.5434792,68.92444,0
6bba_ed9377fd,5063,73,34.0,166.0,216.0,1.7018234,1.6583662,0.53968257,2.5401762,68.65625,0
6bba_ed9377fd,5064,73,53.0,132.0,195.0,2.6981382,2.5242488,0.84126985,2.5434792,68.92444,1
6bba_ed9377fd,5065,73,24.0,173.0,160.0,1.083769,2.3730736,0.3809524,2.5434792,68.92444,0
6bba_ed9377fd,5066,73,47.0,168.0,98.0,0.8246113,4.81805,0.74603176,2.5434792,68.92444,0
6bba_ed9377fd,5067,73,0.0,195.0,230.0,0.8554701,4.0109425,0.0,2.1396742,41.032837,0
6bba_ed9377fd,5068,73,63.0,108.0,81.0,1.0601,2.235778,1.0,2.1396742,41.032837,0
6bba_ed9377fd,5069,73,43.0,185.0,0.0,0.8989567,2.0983784,0.6825397,2.1350024,40.76465,0
6bba_ed9377fd,5070,73,46.0,139.0,230.0,2.5112247,2.9129267,0.73015875,2.5434792,68.92444,0
6bba_ed9377fd,5071,73,49.0,97.0,233.0,1.2925373,2.1804783,0.7777778,2.5434792,68.92444,1
6bba_ed9377fd,5072,73,5.0,219.0,130.0,0.8732009,3.2370803,0.07936508,2.5434792,68.92444,0
6bba_ed9377fd,5073,73,57.0,107.0,219.0,1.0542347,2.9025688,0.9047619,2.5434792,68.92444,0
6bba_ed9377fd,5074,73,2.0,227.0,62.0,0.8603681,3.7394004,0.031746034,2.4687274,63.024292,0
6bba_ed9377fd,5075,73,63.0,139.0,78.0,0.9951628,1.6749654,1.0,2.125597,40.22827,2
6bba_ed9377fd,5076,73,36.0,147.0,219.0,1.325214,1.7634243,0.5714286,2.5434792,68.92444,0
6bba_ed9377fd,5077,73,46.0,97.0,246.0,1.3773692,2.3359041,0.73015875,2.5434792,68.92444,1
6bba_ed9377fd,5078,73,63.0,91.0,246.0,1.8583302,2.1662588,1.0,2.1396742,41.032837,1
6bba_ed9377fd,5079,73,51.0,156.0,129.0,0.64593154,3.4333951,0.8095238,2.5434792,68.92444,0
6bba_ed9377fd,5080,73,60.0,82.0,255.0,1.6638263,1.3888298,0.95238096,2.13031,40.49646,1
6bba_ed9377fd,5081,73,63.0,86.0,227.0,0.78023475,3.480611,1.0,2.1396742,41.032837,0
6bba_ed9377fd,5082,73,63.0,114.0,66.0,0.8135863,1.4286915,1.0,2.1396742,41.032837,1
6bba_ed9377fd,5083,73,9.0,204.0,104.0,0.8893479,1.43433,0.14285715,2.5434792,68.92444,1
6bba_ed9377fd,5084,73,6.0,210.0,81.0,1.0576801,1.8570713,0.0952381,2.5434792,68.92444,0
6bba_ed9377fd,5085,73,9.0,203.0,96.0,0.9660776,1.3701006,0.14285715,2.5434792,68.92444,1
6bba_ed9377fd,5086,73,59.0,123.0,70.0,0.8399984,1.8112159,0.93650794,2.5401762,68.65625,1
6bba_ed9377fd,5087,73,9.0,220.0,101.0,0.8168349,1.3389369,0.14285715,2.5434792,68.92444,0
6bba_ed9377fd,5088,73,39.0,178.0,138.0,0.6728146,1.8950126,0.61904764,2.5368643,68.38806,0
6bba_ed9377fd,5089,73,39.0,164.0,193.0,0.5484153,3.0518284,0.61904764,2.5368643,68.38806,0
6bba_ed9377fd,5090,73,0.0,219.0,32.0,0.5101398,2.1145465,0.0,2.1065323,39.155518,1
6bba_ed9377fd,5091,73,14.0,175.0,255.0,0.33385158,7.9923754,0.22222222,2.1396742,41.032837,0
6bba_ed9377fd,5092,73,56.0,124.0,90.0,0.5427644,1.2670263,0.8888889,2.5401762,68.65625,0
6bba_ed9377fd,5093,73,0.0,232.0,28.0,0.34430337,1.6777934,0.0,2.0623262,36.74182,1
6bba_ed9377fd,5094,73,48.0,125.0,212.0,0.5453013,1.4460886,0.7619048,2.5335438,68.11987,0
6bba_ed9377fd,5095,73,9.0,211.0,160.0,0.31852338,0.95419943,0.14285715,2.5235295,67.31531,0
6bba_ed9377fd,5096,73,0.0,212.0,146.0,0.31421497,0.66343796,0.0,2.021376,34.596313,0
6bba_ed9377fd,5097,73,14.0,199.0,151.0,0.23931962,1.8339038,0.22222222,2.5032594,65.70618,0
6bba_ed9377fd,5098,73,6.0,223.0,46.0,0.3334019,0.87204707,0.0952381,2.4403894,60.878784,0
6bba_ed9377fd,5099,73,63.0,61.0,255.0,0.29210436,1.3059753,1.0,1.7726524,23.332397,0
6bba_ed9377fd,5100,73,0.0,236.0,0.0,0.1432767,0.41594958,0.0,1.5833651,16.627686,0
6bba_ed9377fd,5101,74,0.0,212.0,175.0,1.2494698,5.5342927,0.0,2.1396742,41.032837,0
6bba_ed9377fd,5102,74,53.0,165.0,26.0,1.2156135,7.3003407,0.84126985,2.5401762,68.65625,1
6bba_ed9377fd,5103,74,31.0,201.0,18.0,1.8678071,3.588422,0.4920635,2.5434792,68.92444,0
6bba_ed9377fd,5104,74,33.0,201.0,0.0,1.1191059,7.346844,0.52380955,2.1396742,41.032837,0
6bba_ed9377fd,5105,74,53.0,165.0,31.0,1.035808,3.987689,0.84126985,2.5401762,68.65625,1
6bba_ed9377fd,5106,74,54.0,141.0,157.0,1.3134724,3.938758,0.85714287,2.5434792,68.92444,0
6bba_ed9377fd,5107,74,21.0,212.0,70.0,1.1783941,3.5297697,0.33333334,2.5434792,68.92444,0
6bba_ed9377fd,5108,74,24.0,212.0,39.0,1.1653553,2.8034384,0.3809524,2.5434792,68.92444,0
6bba_ed9377fd,5109,74,10.0,224.0,0.0,0.927068,7.9691687,0.15873016,2.1396742,41.032837,0
6bba_ed9377fd,5110,74,55.0,154.0,80.0,1.1633669,4.0366015,0.8730159,2.5401762,68.65625,0
6bba_ed9377fd,5111,74,63.0,142.0,59.0,1.2250727,2.9502466,1.0,2.1396742,41.032837,0
6bba_ed9377fd,5112,74,43.0,152.0,202.0,1.2363827,4.2062097,0.6825397,2.5434792,68.92444,1
6bba_ed9377fd,5113,74,41.0,166.0,167.0,0.9184765,6.065811,0.6507937,2.5434792,68.92444,0
6bba_ed9377fd,5114,74,45.0,153.0,197.0,1.0547433,2.8628604,0.71428573,2.5032594,65.70618,1
6bba_ed9377fd,5115,74,52.0,141.0,184.0,2.2971826,1.7803388,0.82539684,2.5401762,68.65625,2
6bba_ed9377fd,5116,74,25.0,190.0,170.0,0.937326,3.4777853,0.3968254,2.5434792,68.92444,0
6bba_ed9377fd,5117,74,53.0,139.0,180.0,2.3453894,1.9482236,0.84126985,2.5434792,68.92444,2
6bba_ed9377fd,5118,74,32.0,160.0,235.0,1.696835,1.8041692,0.50793654,2.5434792,68.92444,0
6bba_ed9377fd,5119,74,39.0,173.0,0.0,1.1997159,2.2894688,0.61904764,2.1396742,41.032837,1
6bba_ed9377fd,5120,74,14.0,180.0,201.0,1.0970933,2.4379046,0.22222222,2.5434792,68.92444,0
6bba_ed9377fd,5121,74,46.0,132.0,243.0,1.97218,2.24078,0.73015875,2.5434792,68.92444,0
6bba_ed9377fd,5122,74,24.0,172.0,169.0,1.1219025,2.5741463,0.3809524,2.5434792,68.92444,1
6bba_ed9377fd,5123,74,53.0,134.0,193.0,2.7280324,2.6507914,0.84126985,2.5434792,68.92444,2
6bba_ed9377fd,5124,74,24.0,174.0,163.0,1.119137,2.3739448,0.3809524,2.5434792,68.92444,1
6bba_ed9377fd,5125,74,34.0,165.0,218.0,1.7221699,1.7646278,0.53968257,2.5434792,68.92444,0
6bba_ed9377fd,5126,74,0.0,229.0,63.0,0.85902125,3.3968086,0.0,2.1396742,41.032837,0
6bba_ed9377fd,5127,74,63.0,106.0,196.0,0.869876,6.314004,1.0,2.1396742,41.032837,0
6bba_ed9377fd,5128,74,43.0,186.0,0.0,0.8092962,2.0104783,0.6825397,2.1350024,40.76465,1
6bba_ed9377fd,5129,74,46.0,140.0,225.0,2.4440653,2.8164299,0.73015875,2.5434792,68.92444,1
6bba_ed9377fd,5130,74,33.0,188.0,124.0,0.8110012,3.321444,0.52380955,2.5434792,68.92444,0
6bba_ed9377fd,5131,74,57.0,109.0,216.0,1.0246433,3.5665922,0.9047619,2.5434792,68.92444,0
6bba_ed9377fd,5132,74,0.0,197.0,227.0,0.7776818,3.7746336,0.0,2.1396742,41.032837,0
6bba_ed9377fd,5133,74,63.0,112.0,81.0,0.9877343,1.9723915,1.0,2.1396742,41.032837,0
6bba_ed9377fd,5134,74,46.0,172.0,98.0,0.69274986,4.4198904,0.73015875,2.5434792,68.92444,0
6bba_ed9377fd,5135,74,47.0,102.0,234.0,1.2628889,1.867998,0.74603176,2.5434792,68.92444,2
6bba_ed9377fd,5136,74,45.0,107.0,236.0,1.1628984,1.4334141,0.71428573,2.5434792,68.92444,2
6bba_ed9377fd,5137,74,4.0,222.0,125.0,0.81009275,2.954398,0.06349207,2.5434792,68.92444,0
6bba_ed9377fd,5138,74,63.0,94.0,242.0,1.9367999,2.1458807,1.0,2.1396742,41.032837,0
6bba_ed9377fd,5139,74,36.0,148.0,220.0,1.2461876,1.216007,0.5714286,2.5434792,68.92444,1
6bba_ed9377fd,5140,74,45.0,99.0,248.0,1.4055207,2.1437507,0.71428573,2.5434792,68.92444,2
6bba_ed9377fd,5141,74,63.0,117.0,66.0,0.8380026,1.5633153,1.0,2.1396742,41.032837,0
6bba_ed9377fd,5142,74,60.0,83.0,255.0,1.786585,1.4963883,0.95238096,2.125597,40.22827,0
6bba_ed9377fd,5143,74,51.0,157.0,128.0,0.5865773,3.284495,0.8095238,2.5434792,68.92444,0
6bba_ed9377fd,5144,74,5.0,212.0,82.0,1.0475497,1.911357,0.07936508,2.5434792,68.92444,0
6bba_ed9377fd,5145,74,63.0,87.0,225.0,0.73764074,2.6603293,1.0,2.1396742,41.032837,0
6bba_ed9377fd,5146,74,9.0,221.0,100.0,0.81235534,1.2869793,0.14285715,2.5434792,68.92444,0
6bba_ed9377fd,5147,74,9.0,204.0,103.0,0.8304736,1.2747705,0.14285715,2.5434792,68.92444,0
6bba_ed9377fd,5148,74,38.0,165.0,190.0,0.5634482,3.9576905,0.6031746,2.5434792,68.92444,0
6bba_ed9377fd,5149,74,55.0,131.0,87.0,0.6446688,1.7036887,0.8730159,2.5401762,68.65625,0
6bba_ed9377fd,5150,74,0.0,219.0,37.0,0.44804353,2.1104658,0.0,2.0673318,37.01001,1
6bba_ed9377fd,5151,74,13.0,177.0,255.0,0.31981993,7.711575,0.20634921,2.1396742,41.032837,0
6bba_ed9377fd,5152,74,49.0,125.0,210.0,0.57338434,1.6041383,0.7777778,2.5368643,68.38806,0
6bba_ed9377fd,5153,74,0.0,211.0,19.0,0.35386252,1.9556357,0.0,2.1350024,40.76465,0
6bba_ed9377fd,5154,74,0.0,233.0,28.0,0.28480798,1.5048851,0.0,2.0471616,35.937256,0
6bba_ed9377fd,5155,74,9.0,212.0,159.0,0.3012964,0.96180993,0.14285715,2.5134354,66.51074,1
6bba_ed9377fd,5156,74,14.0,199.0,147.0,0.27109936,1.9889069,0.22222222,2.5134354,66.51074,0
6bba_ed9377fd,5157,74,0.0,212.0,147.0,0.2377799,1.0898361,0.0,1.9841315,32.718994,1
6bba_ed9377fd,5158,74,7.0,222.0,48.0,0.30171928,0.89206225,0.11111111,2.42597,59.80603,1
6bba_ed9377fd,5159,74,63.0,61.0,255.0,0.30969328,1.6484646,1.0,1.7794183,23.600586,0
6bba_ed9377fd,5160,74,63.0,65.0,153.0,0.17473343,1.7139646,1.0,2.021376,34.596313,1
6bba_ed9377fd,5161,74,63.0,65.0,148.0,0.17396563,1.6251367,1.0,2.0265856,34.864502,1
6bba_ed9377fd,5162,74,5.0,182.0,233.0,0.29121742,0.40002263,0.07936508,2.3316977,53.10132,0
6bba_ed9377fd,5163,74,63.0,65.0,239.0,0.24813566,0.7235288,1.0,1.9340899,30.305298,0
6bba_ed9377fd,5164,74,14.0,195.0,69.0,0.27831584,0.5081672,0.22222222,2.4546402,61.951538,0
6bba_ed9377fd,5165,75,0.0,213.0,173.0,1.3703032,7.6344724,0.0,2.1396742,41.032837,0
6bba_ed9377fd,5166,75,31.0,202.0,18.0,1.9142255,3.2839627,0.4920635,2.5434792,68.92444,1
6bba_ed9377fd,5167,75,10.0,225.0,0.0,1.0534586,6.0992517,0.15873016,2.1396742,41.032837,0
6bba_ed9377fd,5168,75,52.0,166.0,26.0,1.0785867,6.4015284,0.82539684,2.5434792,68.92444,0
6bba_ed9377fd,5169,75,54.0,142.0,157.0,1.2025917,3.833671,0.85714287,2.5434792,68.92444,0
6bba_ed9377fd,5170,75,32.0,203.0,0.0,0.8497691,5.4430065,0.50793654,2.1396742,41.032837,0
6bba_ed9377fd,5171,75,24.0,212.0,43.0,1.1738174,2.6016912,0.3809524,2.5434792,68.92444,0
6bba_ed9377fd,5172,75,54.0,156.0,83.0,1.1741031,4.24397,0.85714287,2.5401762,68.65625,1
6bba_ed9377fd,5173,75,19.0,214.0,71.0,1.1234509,3.618552,0.3015873,2.5434792,68.92444,0
6bba_ed9377fd,5174,75,31.0,201.0,31.0,1.69267,2.3684394,0.4920635,2.5434792,68.92444,1
6bba_ed9377fd,5175,75,41.0,167.0,167.0,0.96768314,6.9606547,0.6507937,2.5434792,68.92444,0
6bba_ed9377fd,5176,75,54.0,156.0,88.0,1.0224321,3.3946052,0.85714287,2.5434792,68.92444,1
6bba_ed9377fd,5177,75,63.0,144.0,59.0,1.192249,2.6682959,1.0,2.1396742,41.032837,0
6bba_ed9377fd,5178,75,52.0,140.0,182.0,2.0719302,1.8920851,0.82539684,2.5434792,68.92444,0
6bba_ed9377fd,5179,75,0.0,230.0,64.0,0.9396312,3.798961,0.0,2.1396742,41.032837,0
6bba_ed9377fd,5180,75,31.0,160.0,236.0,1.7529098,1.9607992,0.4920635,2.5434792,68.92444,0
6bba_ed9377fd,5181,75,44.0,154.0,199.0,1.0668963,3.3033745,0.6984127,2.5401762,68.65625,1
6bba_ed9377fd,5182,75,39.0,173.0,11.0,1.1552877,2.166242,0.61904764,2.5434792,68.92444,0
6bba_ed9377fd,5183,75,63.0,106.0,199.0,1.0289943,4.7207794,1.0,2.1396742,41.032837,0
6bba_ed9377fd,5184,75,56.0,111.0,216.0,1.0894084,4.4701586,0.8888889,2.5434792,68.92444,0
6bba_ed9377fd,5185,75,24.0,190.0,174.0,0.9312124,3.6131923,0.3809524,2.5434792,68.92444,0
6bba_ed9377fd,5186,75,22.0,178.0,159.0,1.0647479,2.3528311,0.34920636,2.5434792,68.92444,1
6bba_ed9377fd,5187,75,46.0,134.0,244.0,1.9440341,2.2133908,0.73015875,2.5434792,68.92444,0
6bba_ed9377fd,5188,75,23.0,174.0,167.0,1.0973336,2.3885512,0.36507937,2.5434792,68.92444,1
6bba_ed9377fd,5189,75,53.0,132.0,197.0,2.296097,2.289508,0.84126985,2.5434792,68.92444,0
6bba_ed9377fd,5190,75,12.0,180.0,204.0,1.0367565,2.1580217,0.1904762,2.5434792,68.92444,0
6bba_ed9377fd,5191,75,33.0,166.0,221.0,1.7044343,1.7350332,0.52380955,2.5401762,68.65625,0
6bba_ed9377fd,5192,75,46.0,140.0,224.0,2.3622448,2.5230482,0.73015875,2.5401762,68.65625,1
6bba_ed9377fd,5193,75,0.0,224.0,122.0,0.82092845,2.6271327,0.0,2.1396742,41.032837,1
6bba_ed9377fd,5194,75,32.0,190.0,127.0,0.78790635,3.0876074,0.50793654,2.5434792,68.92444,0
6bba_ed9377fd,5195,75,46.0,102.0,237.0,1.1928383,1.932663,0.73015875,2.5434792,68.92444,0
6bba_ed9377fd,5196,75,42.0,189.0,0.0,0.80692554,2.0423982,0.6666667,2.120863,39.960083,0
6bba_ed9377fd,5197,75,0.0,222.0,130.0,0.76097244,2.370158,0.0,2.1396742,41.032837,1
6bba_ed9377fd,5198,75,63.0,115.0,79.0,1.0223624,1.730923,1.0,2.1396742,41.032837,0
6bba_ed9377fd,5199,75,0.0,198.0,226.0,0.69613117,3.657294,0.0,2.1396742,41.032837,0
6bba_ed9377fd,5200,75,36.0,148.0,221.0,1.2117908,0.9369388,0.5714286,2.5434792,68.92444,1
6bba_ed9377fd,5201,75,63.0,94.0,243.0,1.9234308,1.912453,1.0,2.1396742,41.032837,0
6bba_ed9377fd,5202,75,44.0,176.0,95.0,0.66828936,4.229538,0.6984127,2.5434792,68.92444,0
6bba_ed9377fd,5203,75,63.0,89.0,226.0,0.7941704,2.8224852,1.0,2.1396742,41.032837,0
6bba_ed9377fd,5204,75,49.0,161.0,129.0,0.6057355,3.2341933,0.7777778,2.5434792,68.92444,0
6bba_ed9377fd,5205,75,59.0,84.0,255.0,1.6631155,1.2350305,0.93650794,2.120863,39.960083,0
6bba_ed9377fd,5206,75,9.0,223.0,99.0,0.81124115,1.3776212,0.14285715,2.5302145,67.851685,0
6bba_ed9377fd,5207,75,4.0,213.0,83.0,1.0592115,1.949648,0.06349207,2.5434792,68.92444,0
6bba_ed9377fd,5208,75,8.0,205.0,104.0,0.89159906,1.448432,0.12698413,2.5434792,68.92444,0
6bba_ed9377fd,5209,75,38.0,166.0,195.0,0.56624216,2.4411643,0.6031746,2.5368643,68.38806,1
6bba_ed9377fd,5210,75,55.0,130.0,89.0,0.72996336,1.5418943,0.8730159,2.5434792,68.92444,0
6bba_ed9377fd,5211,75,12.0,178.0,255.0,0.30668086,5.648383,0.1904762,2.1396742,41.032837,0
6bba_ed9377fd,5212,75,0.0,221.0,38.0,0.33601105,1.892582,0.0,2.0471616,35.937256,2
6bba_ed9377fd,5213,75,0.0,224.0,34.0,0.32934076,1.8556027,0.0,2.1113307,39.423706,1
6bba_ed9377fd,5214,75,63.0,69.0,149.0,0.26437476,1.7486789,1.0,2.0265856,34.864502,0
6bba_ed9377fd,5215,75,7.0,195.0,204.0,0.34570926,0.7454096,0.11111111,2.4617038,62.487915,0
6bba_ed9377fd,5216,75,8.0,212.0,160.0,0.29476565,0.68001056,0.12698413,2.5368643,68.38806,0
6bba_ed9377fd,5217,75,63.0,60.0,255.0,0.3455326,1.8777682,1.0,1.7861332,23.868774,1
6bba_ed9377fd,5218,75,12.0,205.0,143.0,0.26022044,2.3889384,0.1904762,2.5368643,68.38806,0
6bba_ed9377fd,5219,75,63.0,65.0,242.0,0.28694826,0.9578685,1.0,1.887326,28.15979,1
6bba_ed9377fd,5220,75,6.0,225.0,51.0,0.2837096,0.621766,0.0952381,2.4150422,59.001465,1
6bba_ed9377fd,5221,76,0.0,214.0,171.0,1.2225581,6.182306,0.0,2.1396742,41.032837,0
6bba_ed9377fd,5222,76,31.0,202.0,19.0,1.844695,3.4635923,0.4920635,2.5434792,68.92444,0
6bba_ed9377fd,5223,76,41.0,168.0,165.0,1.1107206,9.122268,0.6507937,2.5434792,68.92444,0
6bba_ed9377fd,5224,76,52.0,146.0,158.0,1.2200643,4.0865164,0.82539684,2.5434792,68.92444,1
6bba_ed9377fd,5225,76,9.0,226.0,0.0,1.0142331,5.6673794,0.14285715,2.1396742,41.032837,0
6bba_ed9377fd,5226,76,23.0,214.0,35.0,1.2239382,2.750517,0.36507937,2.5434792,68.92444,0
6bba_ed9377fd,5227,76,52.0,168.0,30.0,0.9645863,4.3475842,0.82539684,2.5368643,68.38806,0
6bba_ed9377fd,5228,76,53.0,159.0,83.0,1.1062012,4.5831375,0.84126985,2.5434792,68.92444,0
6bba_ed9377fd,5229,76,18.0,216.0,69.0,1.0815808,3.4659936,0.2857143,2.5434792,68.92444,0
6bba_ed9377fd,5230,76,63.0,146.0,58.0,1.2038525,2.5322552,1.0,2.1350024,40.76465,0
6bba_ed9377fd,5231,76,32.0,161.0,237.0,1.7593719,1.9554722,0.50793654,2.5434792,68.92444,0
6bba_ed9377fd,5232,76,52.0,151.0,146.0,0.95983243,2.7849135,0.82539684,2.5401762,68.65625,1
6bba_ed9377fd,5233,76,51.0,142.0,185.0,2.1069725,1.9184344,0.8095238,2.5434792,68.92444,0
6bba_ed9377fd,5234,76,43.0,157.0,197.0,1.1875875,4.3706694,0.6825397,2.5434792,68.92444,2
6bba_ed9377fd,5235,76,63.0,108.0,198.0,1.1193938,2.7872849,1.0,2.1396742,41.032837,1
6bba_ed9377fd,5236,76,22.0,175.0,172.0,1.1583904,2.5174317,0.34920636,2.5434792,68.92444,1
6bba_ed9377fd,5237,76,46.0,136.0,240.0,2.0764441,2.35323,0.73015875,2.5434792,68.92444,2
6bba_ed9377fd,5238,76,43.0,157.0,202.0,1.1029443,3.4939833,0.6825397,2.5368643,68.38806,1
6bba_ed9377fd,5239,76,22.0,178.0,161.0,1.1237707,2.3050807,0.34920636,2.5434792,68.92444,1
6bba_ed9377fd,5240,76,63.0,144.0,73.0,1.2490377,2.5898335,1.0,2.1396742,41.032837,0
6bba_ed9377fd,5241,76,38.0,177.0,9.0,1.1329757,2.2290778,0.6031746,2.5434792,68.92444,1
6bba_ed9377fd,5242,76,56.0,116.0,207.0,1.2295606,3.5634878,0.8888889,2.5434792,68.92444,1
6bba_ed9377fd,5243,76,0.0,231.0,63.0,0.8732257,3.8210135,0.0,2.1396742,41.032837,1
6bba_ed9377fd,5244,76,23.0,192.0,173.0,0.9210648,3.138207,0.36507937,2.5434792,68.92444,0
6bba_ed9377fd,5245,76,40.0,172.0,0.0,1.120939,1.6928158,0.63492066,2.1396742,41.032837,1
6bba_ed9377fd,5246,76,31.0,192.0,128.0,0.8884908,3.2687728,0.4920635,2.5434792,68.92444,0
6bba_ed9377fd,5247,76,13.0,181.0,215.0,1.13237,2.2190936,0.20634921,2.5434792,68.92444,1
6bba_ed9377fd,5248,76,11.0,182.0,206.0,1.0264488,2.1170835,0.17460318,2.5434792,68.92444,1
6bba_ed9377fd,5249,76,33.0,167.0,223.0,1.8609619,2.054316,0.52380955,2.5434792,68.92444,0
6bba_ed9377fd,5250,76,53.0,135.0,199.0,2.4701426,2.4140735,0.84126985,2.5434792,68.92444,0
6bba_ed9377fd,5251,76,0.0,226.0,119.0,0.83726364,2.9228377,0.0,2.1396742,41.032837,0
6bba_ed9377fd,5252,76,46.0,144.0,220.0,2.4818392,2.381059,0.73015875,2.5401762,68.65625,2
6bba_ed9377fd,5253,76,42.0,189.0,0.0,0.8388664,1.6471446,0.6666667,2.120863,39.960083,0
6bba_ed9377fd,5254,76,43.0,179.0,97.0,0.7234154,4.1492224,0.6825397,2.5434792,68.92444,0
6bba_ed9377fd,5255,76,45.0,105.0,239.0,1.1623385,1.8875102,0.71428573,2.5434792,68.92444,0
6bba_ed9377fd,5256,76,63.0,92.0,235.0,1.407657,1.0604461,1.0,2.1350024,40.76465,2
6bba_ed9377fd,5257,76,36.0,150.0,218.0,1.2334402,0.72292197,0.5714286,2.5434792,68.92444,1
6bba_ed9377fd,5258,76,0.0,201.0,221.0,0.66733855,3.6644552,0.0,2.1396742,41.032837,0
6bba_ed9377fd,5259,76,63.0,94.0,222.0,0.8312459,1.846712,1.0,2.1396742,41.032837,1
6bba_ed9377fd,5260,76,39.0,145.0,233.0,1.5254576,0.6705913,0.61904764,2.472224,63.29248,2
6bba_ed9377fd,5261,76,50.0,161.0,127.0,0.62943596,3.3643682,0.7936508,2.5434792,68.92444,0
6bba_ed9377fd,5262,76,63.0,117.0,79.0,0.981112,1.4239912,1.0,2.1396742,41.032837,1
6bba_ed9377fd,5263,76,63.0,121.0,68.0,0.88361025,1.3988216,1.0,2.1396742,41.032837,1
6bba_ed9377fd,5264,76,8.0,224.0,97.0,0.8646417,1.4332811,0.12698413,2.5434792,68.92444,0
6bba_ed9377fd,5265,76,60.0,88.0,246.0,1.7320004,1.6437619,0.95238096,2.5302145,67.851685,1
6bba_ed9377fd,5266,76,1.0,216.0,84.0,1.0655454,1.6907493,0.015873017,2.3316977,53.10132,0
6bba_ed9377fd,5267,76,7.0,206.0,108.0,0.8203374,1.5948678,0.11111111,2.5434792,68.92444,1
6bba_ed9377fd,5268,76,37.0,169.0,191.0,0.5874572,2.4609137,0.5873016,2.5434792,68.92444,1
6bba_ed9377fd,5269,76,7.0,207.0,97.0,0.9394402,1.3492069,0.11111111,2.5434792,68.92444,1
6bba_ed9377fd,5270,76,33.0,203.0,0.0,0.4256716,1.7893203,0.52380955,2.0369256,35.40088,0
6bba_ed9377fd,5271,76,54.0,132.0,87.0,0.63254434,1.0629845,0.85714287,2.5335438,68.11987,0
6bba_ed9377fd,5272,76,12.0,179.0,255.0,0.32459953,5.946242,0.1904762,2.1396742,41.032837,0
6bba_ed9377fd,5273,76,0.0,228.0,32.0,0.28927088,2.0940583,0.0,2.1161075,39.691895,1
6bba_ed9377fd,5274,76,39.0,133.0,250.0,0.5434386,0.30997974,0.61904764,2.3550162,54.71045,2
6bba_ed9377fd,5275,76,63.0,125.0,105.0,0.3897287,0.6777521,1.0,2.0002632,33.52356,0
6bba_ed9377fd,5276,76,63.0,68.0,152.0,0.24366319,1.6919563,1.0,2.0317688,35.13269,1
6bba_ed9377fd,5277,76,63.0,72.0,148.0,0.24213718,1.7254105,1.0,2.0317688,35.13269,1
6bba_ed9377fd,5278,76,63.0,61.0,255.0,0.34508076,1.9460137,1.0,1.7927979,24.136963,0
6bba_ed9377fd,5279,76,11.0,206.0,141.0,0.26610556,2.4309115,0.17460318,2.5268764,67.583496,0
6bba_ed9377fd,5280,76,0.0,215.0,34.0,0.27690917,1.7651519,0.0,2.1350024,40.76465,1
6bba_ed9377fd,5281,76,6.0,196.0,202.0,0.3559483,0.68888474,0.0952381,2.4652207,62.756104,0
6bba_ed9377fd,5282,76,43.0,124.0,255.0,0.5187105,0.35885808,0.6825397,1.9677329,31.914429,1
6bba_ed9377fd,5283,76,12.0,200.0,72.0,0.3108555,0.4111687,0.1904762,2.3665042,55.515015,1
6bba_ed9377fd,5284,76,11.0,202.0,69.0,0.31179827,0.38679996,0.17460318,2.3778818,56.31958,1
6bba_ed9377fd,5285,76,5.0,185.0,234.0,0.3138895,0.21744157,0.07936508,2.2836077,49.883057,0
6bba_ed9377fd,5286,76,6.0,224.0,55.0,0.29010326,0.3824953,0.0952381,2.311903,51.760376,1
6bba_ed9377fd,5287,77,0.0,214.0,170.0,1.1590989,5.891687,0.0,2.1396742,41.032837,0
6bba_ed9377fd,5288,77,31.0,203.0,17.0,1.9140542,3.322972,0.4920635,2.5434792,68.92444,1
6bba_ed9377fd,5289,77,53.0,160.0,81.0,1.1489798,5.1529136,0.84126985,2.5434792,68.92444,0
6bba_ed9377fd,5290,77,52.0,146.0,156.0,1.1416777,4.1358185,0.82539684,2.5434792,68.92444,0
6bba_ed9377fd,5291,77,9.0,226.0,0.0,1.0003072,6.344078,0.14285715,2.1396742,41.032837,0
6bba_ed9377fd,5292,77,51.0,170.0,23.0,1.0789353,5.3763833,0.8095238,2.5434792,68.92444,0
6bba_ed9377fd,5293,77,23.0,215.0,33.0,1.1953467,2.455139,0.36507937,2.5434792,68.92444,0
6bba_ed9377fd,5294,77,41.0,169.0,162.0,0.98710984,7.104916,0.6507937,2.5434792,68.92444,0
6bba_ed9377fd,5295,77,31.0,202.0,30.0,1.7314032,2.6648803,0.4920635,2.5434792,68.92444,1
6bba_ed9377fd,5296,77,17.0,217.0,66.0,1.0467783,3.5102353,0.26984128,2.5434792,68.92444,0
6bba_ed9377fd,5297,77,32.0,161.0,235.0,1.7734334,1.997494,0.50793654,2.5434792,68.92444,0
6bba_ed9377fd,5298,77,43.0,158.0,192.0,1.003114,3.632642,0.6825397,2.5401762,68.65625,2
6bba_ed9377fd,5299,77,52.0,141.0,185.0,1.9948175,1.7866042,0.82539684,2.5434792,68.92444,0
6bba_ed9377fd,5300,77,63.0,146.0,57.0,1.1673145,2.3688636,1.0,2.1396742,41.032837,2
6bba_ed9377fd,5301,77,22.0,193.0,171.0,0.9672432,3.3010006,0.34920636,2.5434792,68.92444,0
6bba_ed9377fd,5302,77,46.0,137.0,236.0,2.1930497,2.2547407,0.73015875,2.5434792,68.92444,0
6bba_ed9377fd,5303,77,38.0,177.0,9.0,1.1608129,2.252447,0.6031746,2.5434792,68.92444,0
6bba_ed9377fd,5304,77,43.0,157.0,200.0,0.96273506,3.112367,0.6825397,2.5401762,68.65625,1
6bba_ed9377fd,5305,77,21.0,180.0,159.0,1.0316885,2.3432496,0.33333334,2.5434792,68.92444,1
6bba_ed9377fd,5306,77,0.0,231.0,60.0,0.8542992,4.120811,0.0,2.1396742,41.032837,1
6bba_ed9377fd,5307,77,22.0,178.0,164.0,1.0702218,2.282249,0.34920636,2.5434792,68.92444,1
6bba_ed9377fd,5308,77,63.0,145.0,71.0,1.2037661,2.4528587,1.0,2.1350024,40.76465,2
6bba_ed9377fd,5309,77,12.0,181.0,212.0,1.0938195,2.2623618,0.1904762,2.5434792,68.92444,0
6bba_ed9377fd,5310,77,56.0,116.0,203.0,1.1575274,2.6602368,0.8888889,2.5434792,68.92444,1
6bba_ed9377fd,5311,77,42.0,190.0,0.0,0.81029433,1.5747348,0.6666667,2.120863,39.960083,0
6bba_ed9377fd,5312,77,53.0,133.0,200.0,2.4013727,2.351557,0.84126985,2.5434792,68.92444,0
6bba_ed9377fd,5313,77,46.0,144.0,216.0,2.4026067,2.1841724,0.73015875,2.5335438,68.11987,1
6bba_ed9377fd,5314,77,0.0,226.0,116.0,0.8342595,2.8683763,0.0,2.1396742,41.032837,0
6bba_ed9377fd,5315,77,42.0,181.0,98.0,0.7384368,3.8710716,0.6666667,2.5434792,68.92444,0
6bba_ed9377fd,5316,77,63.0,108.0,194.0,0.9647482,2.1345358,1.0,2.1396742,41.032837,1
6bba_ed9377fd,5317,77,29.0,194.0,128.0,0.79070604,3.1851692,0.46031746,2.5434792,68.92444,1
6bba_ed9377fd,5318,77,43.0,108.0,241.0,1.2222755,1.8704792,0.6825397,2.5434792,68.92444,0
6bba_ed9377fd,5319,77,63.0,116.0,81.0,0.96074593,1.7235576,1.0,2.1396742,41.032837,0
6bba_ed9377fd,5320,77,35.0,152.0,216.0,1.274859,0.90153164,0.5555556,2.5434792,68.92444,1
6bba_ed9377fd,5321,77,61.0,93.0,232.0,1.3744117,1.0681492,0.96825397,2.4687274,63.024292,2
6bba_ed9377fd,5322,77,60.0,90.0,247.0,1.9832106,2.1881266,0.95238096,2.5401762,68.65625,1
6bba_ed9377fd,5323,77,0.0,203.0,216.0,0.65200156,3.7530043,0.0,2.1396742,41.032837,1
6bba_ed9377fd,5324,77,59.0,151.0,65.0,0.9615009,1.6081089,0.93650794,2.5134354,66.51074,2
6bba_ed9377fd,5325,77,61.0,98.0,236.0,1.7678257,1.5716442,0.96825397,2.4687274,63.024292,3
6bba_ed9377fd,5326,77,63.0,93.0,223.0,0.8874492,1.1362631,1.0,2.1396742,41.032837,2
6bba_ed9377fd,5327,77,48.0,165.0,123.0,0.6165001,3.1960065,0.7619048,2.5434792,68.92444,1
6bba_ed9377fd,5328,77,0.0,201.0,222.0,0.60430163,3.3396585,0.0,2.1396742,41.032837,1
6bba_ed9377fd,5329,77,33.0,171.0,211.0,0.8032877,1.1968709,0.52380955,2.5401762,68.65625,0
6bba_ed9377fd,5330,77,1.0,215.0,83.0,1.0486287,1.8007488,0.015873017,2.3316977,53.10132,0
6bba_ed9377fd,5331,77,48.0,168.0,118.0,0.5644137,2.704533,0.7619048,2.5335438,68.11987,1
6bba_ed9377fd,5332,77,57.0,130.0,71.0,0.8910506,1.7097694,0.9047619,2.5401762,68.65625,1
6bba_ed9377fd,5333,77,7.0,225.0,95.0,0.80634445,1.3906854,0.11111111,2.5434792,68.92444,0
6bba_ed9377fd,5334,77,37.0,169.0,190.0,0.5887256,2.0800643,0.5873016,2.5434792,68.92444,1
6bba_ed9377fd,5335,77,7.0,207.0,106.0,0.82086885,1.4603264,0.11111111,2.5434792,68.92444,1
6bba_ed9377fd,5336,77,6.0,208.0,96.0,0.9477993,1.3638042,0.0952381,2.5434792,68.92444,1
6bba_ed9377fd,5337,77,37.0,184.0,132.0,0.61009496,1.8280823,0.5873016,2.5335438,68.11987,1
6bba_ed9377fd,5338,77,53.0,136.0,87.0,0.6017987,1.3590752,0.84126985,2.5401762,68.65625,1
6bba_ed9377fd,5339,77,54.0,136.0,82.0,0.67095196,1.1775699,0.85714287,2.5368643,68.38806,2
6bba_ed9377fd,5340,77,63.0,129.0,99.0,0.5684739,1.118287,1.0,2.0623262,36.74182,1
6bba_ed9377fd,5341,77,63.0,126.0,95.0,0.6948356,1.1194705,1.0,2.1017118,38.88733,1
6bba_ed9377fd,5342,77,32.0,204.0,0.0,0.37345117,0.8339286,0.50793654,1.9454337,30.841675,0
6bba_ed9377fd,5343,77,11.0,179.0,255.0,0.35762477,6.367623,0.17460318,2.1396742,41.032837,0
6bba_ed9377fd,5344,77,63.0,75.0,145.0,0.29436716,1.8712517,1.0,2.0317688,35.13269,0
6bba_ed9377fd,5345,77,63.0,61.0,255.0,0.36899513,1.9773675,1.0,1.7927979,24.136963,0
6bba_ed9377fd,5346,77,38.0,135.0,250.0,0.45431015,0.82498455,0.6031746,2.451093,61.68335,1
6bba_ed9377fd,5347,77,10.0,208.0,140.0,0.26399723,2.4666545,0.15873016,2.5401762,68.65625,0
6bba_ed9377fd,5348,77,0.0,229.0,32.0,0.23951706,2.1317642,0.0,2.1161075,39.691895,0
6bba_ed9377fd,5349,77,5.0,198.0,197.0,0.31064984,0.8778296,0.07936508,2.475711,63.56067,0
6bba_ed9377fd,5350,77,0.0,214.0,35.0,0.24190684,1.9964849,0.0,2.120863,39.960083,0
6bba_ed9377fd,5351,77,43.0,124.0,255.0,0.51490027,0.45644692,0.6825397,2.0002632,33.52356,1
6bba_ed9377fd,5352,77,0.0,190.0,238.0,0.27782097,1.1707449,0.0,2.13031,40.49646,2
6bba_ed9377fd,5353,77,6.0,225.0,51.0,0.27181932,0.4317667,0.0952381,2.3395221,53.637695,1
6bba_ed9377fd,5354,77,22.0,204.0,76.0,0.23727982,0.30842072,0.34920636,2.3665042,55.515015,0
6bba_ed9377fd,5355,77,4.0,187.0,232.0,0.31337526,0.29534522,0.06349207,2.3198614,52.296753,2
6bba_ed9377fd,5356,77,4.0,185.0,237.0,0.27865866,0.52113426,0.06349207,2.4150422,59.001465,2
6bba_ed9377fd,5357,77,48.0,123.0,215.0,0.37970024,0.21977782,0.7619048,2.216155,45.59204,0
6bba_ed9377fd,5358,78,30.0,205.0,20.0,1.9371947,3.4561605,0.47619048,2.5434792,68.92444,0
6bba_ed9377fd,5359,78,0.0,213.0,172.0,1.06797,4.5809155,0.0,2.1396742,41.032837,0
6bba_ed9377fd,5360,78,52.0,148.0,155.0,1.1403978,3.5945706,0.82539684,2.5434792,68.92444,1
6bba_ed9377fd,5361,78,52.0,164.0,79.0,1.0983903,5.0392857,0.82539684,2.5434792,68.92444,0
6bba_ed9377fd,5362,78,51.0,171.0,20.0,1.1122805,4.9997177,0.8095238,2.5434792,68.92444,0
6bba_ed9377fd,5363,78,52.0,151.0,146.0,1.1030015,3.4527931,0.82539684,2.5434792,68.92444,1
6bba_ed9377fd,5364,78,43.0,161.0,186.0,1.0384134,3.6981559,0.6825397,2.5401762,68.65625,2
6bba_ed9377fd,5365,78,16.0,220.0,60.0,1.1113205,3.7013829,0.25396827,2.5434792,68.92444,0
6bba_ed9377fd,5366,78,22.0,217.0,33.0,1.159933,2.358284,0.34920636,2.5434792,68.92444,0
6bba_ed9377fd,5367,78,43.0,160.0,192.0,1.1032529,4.4349403,0.6825397,2.5401762,68.65625,2
6bba_ed9377fd,5368,78,32.0,162.0,234.0,2.0328882,2.3837626,0.50793654,2.5434792,68.92444,1
6bba_ed9377fd,5369,78,7.0,229.0,0.0,1.0149434,4.0961328,0.11111111,2.1396742,41.032837,0
6bba_ed9377fd,5370,78,21.0,195.0,170.0,1.0260831,3.0445364,0.33333334,2.5434792,68.92444,0
6bba_ed9377fd,5371,78,21.0,182.0,157.0,1.0717072,2.467799,0.33333334,2.5434792,68.92444,1
6bba_ed9377fd,5372,78,47.0,139.0,230.0,2.2622375,2.2902234,0.74603176,2.5401762,68.65625,1
6bba_ed9377fd,5373,78,37.0,180.0,9.0,1.2527527,2.446492,0.5873016,2.5434792,68.92444,0
6bba_ed9377fd,5374,78,53.0,138.0,187.0,1.9916236,1.6473907,0.84126985,2.5434792,68.92444,1
6bba_ed9377fd,5375,78,32.0,206.0,0.0,0.70851207,4.179422,0.50793654,2.1396742,41.032837,0
6bba_ed9377fd,5376,78,21.0,179.0,169.0,1.107801,2.2495692,0.33333334,2.5434792,68.92444,1
6bba_ed9377fd,5377,78,41.0,169.0,160.0,0.82196593,6.062177,0.6507937,2.5434792,68.92444,0
6bba_ed9377fd,5378,78,12.0,182.0,213.0,1.1184113,2.2472985,0.1904762,2.5434792,68.92444,0
6bba_ed9377fd,5379,78,32.0,167.0,222.0,1.9608095,2.2116973,0.50793654,2.5434792,68.92444,2
6bba_ed9377fd,5380,78,63.0,90.0,244.0,1.995844,1.9970382,1.0,2.1396742,41.032837,0
6bba_ed9377fd,5381,78,63.0,148.0,58.0,1.0468842,2.0555263,1.0,2.13031,40.49646,2
6bba_ed9377fd,5382,78,63.0,147.0,68.0,1.1665083,2.4270093,1.0,2.1161075,39.691895,2
6bba_ed9377fd,5383,78,63.0,111.0,196.0,1.1709713,1.7687671,1.0,2.1396742,41.032837,1
6bba_ed9377fd,5384,78,44.0,107.0,241.0,1.2819383,2.1842232,0.6984127,2.5434792,68.92444,0
6bba_ed9377fd,5385,78,46.0,146.0,210.0,2.5295942,2.298179,0.73015875,2.5368643,68.38806,1
6bba_ed9377fd,5386,78,0.0,228.0,115.0,0.7784976,2.683019,0.0,2.1350024,40.76465,0
6bba_ed9377fd,5387,78,54.0,129.0,204.0,2.241445,1.8641572,0.85714287,2.5434792,68.92444,1
6bba_ed9377fd,5388,78,41.0,184.0,94.0,0.7433907,3.799625,0.6507937,2.5434792,68.92444,1
6bba_ed9377fd,5389,78,56.0,117.0,202.0,1.3267226,1.2363114,0.8888889,2.5434792,68.92444,2
6bba_ed9377fd,5390,78,40.0,183.0,100.0,0.7473217,3.864062,0.63492066,2.5434792,68.92444,1
6bba_ed9377fd,5391,78,60.0,98.0,227.0,1.4290737,1.4219965,0.95238096,2.5401762,68.65625,0
6bba_ed9377fd,5392,78,0.0,233.0,60.0,0.7500024,3.681539,0.0,2.1396742,41.032837,0
6bba_ed9377fd,5393,78,28.0,197.0,126.0,0.77653027,3.1590512,0.44444445,2.5434792,68.92444,1
6bba_ed9377fd,5394,78,36.0,154.0,214.0,1.2652828,0.6899396,0.5714286,2.5434792,68.92444,2
6bba_ed9377fd,5395,78,42.0,192.0,0.0,0.71450096,1.2342727,0.6666667,2.1161075,39.691895,0
6bba_ed9377fd,5396,78,59.0,152.0,67.0,0.97966486,1.8509227,0.93650794,2.5066607,65.974365,2
6bba_ed9377fd,5397,78,47.0,167.0,124.0,0.6560791,3.9297776,0.74603176,2.5434792,68.92444,0
6bba_ed9377fd,5398,78,36.0,148.0,226.0,1.3748207,0.6428004,0.5714286,2.5434792,68.92444,2
6bba_ed9377fd,5399,78,0.0,216.0,84.0,1.1138753,1.899227,0.0,2.1396742,41.032837,0
6bba_ed9377fd,5400,78,36.0,185.0,133.0,0.7221984,2.6358693,0.5714286,2.5434792,68.92444,0
6bba_ed9377fd,5401,78,0.0,204.0,212.0,0.6553032,3.7732275,0.0,2.1396742,41.032837,1
6bba_ed9377fd,5402,78,32.0,173.0,210.0,0.799328,1.5512244,0.50793654,2.5434792,68.92444,1
6bba_ed9377fd,5403,78,28.0,200.0,113.0,0.5454841,2.7239625,0.44444445,2.5335438,68.11987,1
6bba_ed9377fd,5404,78,56.0,132.0,76.0,0.97883064,1.5963134,0.8888889,2.5302145,67.851685,1
6bba_ed9377fd,5405,78,37.0,171.0,190.0,0.6293675,1.8698334,0.5873016,2.5368643,68.38806,2
6bba_ed9377fd,5406,78,0.0,202.0,220.0,0.58266866,3.2482908,0.0,2.1396742,41.032837,1
6bba_ed9377fd,5407,78,7.0,226.0,93.0,0.8223258,1.3105525,0.11111111,2.5302145,67.851685,0
6bba_ed9377fd,5408,78,54.0,136.0,85.0,0.8591451,1.2818375,0.85714287,2.5401762,68.65625,2
6bba_ed9377fd,5409,78,63.0,117.0,84.0,0.81789565,1.1931285,1.0,2.1350024,40.76465,0
6bba_ed9377fd,5410,78,57.0,136.0,174.0,0.66888356,0.9811542,0.9047619,2.5268764,67.583496,1
6bba_ed9377fd,5411,78,63.0,131.0,95.0,0.86669934,1.3073784,1.0,2.0723133,37.2782,1
6bba_ed9377fd,5412,78,11.0,179.0,255.0,0.4324283,6.3367476,0.17460318,2.1396742,41.032837,0
6bba_ed9377fd,5413,78,63.0,79.0,145.0,0.3672512,2.0802271,1.0,2.0317688,35.13269,0
6bba_ed9377fd,5414,78,63.0,63.0,255.0,0.453099,2.0394654,1.0,1.7726524,23.332397,0
6bba_ed9377fd,5415,78,41.0,134.0,249.0,0.48872963,1.1167253,0.6507937,2.5302145,67.851685,0
6bba_ed9377fd,5416,78,0.0,232.0,31.0,0.2242089,2.2229874,0.0,2.092004,38.350952,0
6bba_ed9377fd,5417,78,7.0,214.0,158.0,0.27458477,0.7742412,0.11111111,2.5201738,67.04712,0
6bba_ed9377fd,5418,78,9.0,211.0,139.0,0.26514566,2.2650597,0.14285715,2.5335438,68.11987,0
6bba_ed9377fd,5419,78,4.0,200.0,195.0,0.32980797,1.3949653,0.06349207,2.5032594,65.70618,0
6bba_ed9377fd,5420,78,0.0,191.0,237.0,0.29520217,1.2886057,0.0,2.125597,40.22827,0
6bba_ed9377fd,5421,78,22.0,206.0,80.0,0.23860538,0.7934468,0.34920636,2.4403894,60.878784,0
6bba_ed9377fd,5422,78,0.0,215.0,38.0,0.2186903,2.083226,0.0,2.0968692,38.61914,0
6bba_ed9377fd,5423,78,25.0,144.0,255.0,0.20466824,1.5060396,0.3968254,2.0968692,38.61914,0
6bba_ed9377fd,5424,79,51.0,171.0,77.0,1.2852066,6.579548,0.8095238,2.5434792,68.92444,0
6bba_ed9377fd,5425,79,31.0,207.0,28.0,1.704063,3.190802,0.4920635,2.5434792,68.92444,1
6bba_ed9377fd,5426,79,32.0,207.0,39.0,1.5295885,2.4795833,0.50793654,2.5434792,68.92444,1
6bba_ed9377fd,5427,79,52.0,154.0,152.0,1.1054697,3.5068629,0.82539684,2.5434792,68.92444,1
6bba_ed9377fd,5428,79,33.0,208.0,0.0,1.0722985,5.6773777,0.52380955,2.1396742,41.032837,1
6bba_ed9377fd,5429,79,15.0,225.0,63.0,1.07305,3.5762296,0.23809524,2.5434792,68.92444,0
6bba_ed9377fd,5430,79,44.0,161.0,193.0,1.1019216,4.997966,0.6984127,2.5434792,68.92444,2
6bba_ed9377fd,5431,79,21.0,199.0,173.0,1.0914596,3.1199687,0.33333334,2.5434792,68.92444,0
6bba_ed9377fd,5432,79,51.0,175.0,17.0,1.0662963,3.7960742,0.8095238,2.5434792,68.92444,0
6bba_ed9377fd,5433,79,35.0,161.0,241.0,2.0979676,2.575298,0.5555556,2.5434792,68.92444,1
6bba_ed9377fd,5434,79,51.0,158.0,144.0,0.90991163,2.9809763,0.8095238,2.5434792,68.92444,1
6bba_ed9377fd,5435,79,44.0,161.0,198.0,1.061874,4.0280824,0.6984127,2.5434792,68.92444,2
6bba_ed9377fd,5436,79,63.0,152.0,59.0,1.114451,2.2617795,1.0,2.1350024,40.76465,2
6bba_ed9377fd,5437,79,20.0,184.0,173.0,1.1640583,2.4688578,0.31746033,2.5434792,68.92444,0
6bba_ed9377fd,5438,79,4.0,216.0,173.0,1.0219178,4.5751386,0.06349207,2.5434792,68.92444,0
6bba_ed9377fd,5439,79,22.0,221.0,35.0,1.0031596,2.284039,0.34920636,2.5434792,68.92444,0
6bba_ed9377fd,5440,79,7.0,233.0,7.0,0.9568784,5.5046706,0.11111111,2.5434792,68.92444,1
6bba_ed9377fd,5441,79,63.0,98.0,228.0,1.6474043,1.5915477,1.0,2.1396742,41.032837,0
6bba_ed9377fd,5442,79,40.0,188.0,99.0,0.8478148,4.0288157,0.63492066,2.5434792,68.92444,0
6bba_ed9377fd,5443,79,37.0,185.0,14.0,1.1948211,2.0569928,0.5873016,2.5434792,68.92444,0
6bba_ed9377fd,5444,79,63.0,90.0,245.0,1.8052652,1.7996967,1.0,2.1396742,41.032837,0
6bba_ed9377fd,5445,79,26.0,204.0,127.0,0.8168292,3.535249,0.41269842,2.5401762,68.65625,1
6bba_ed9377fd,5446,79,48.0,139.0,229.0,2.153785,2.1232457,0.7619048,2.5434792,68.92444,0
6bba_ed9377fd,5447,79,63.0,151.0,72.0,1.241216,2.5623453,1.0,2.1350024,40.76465,2
6bba_ed9377fd,5448,79,47.0,147.0,210.0,2.8090873,2.7971258,0.74603176,2.5434792,68.92444,0
6bba_ed9377fd,5449,79,41.0,173.0,164.0,0.7894605,5.2263494,0.6507937,2.5434792,68.92444,0
6bba_ed9377fd,5450,79,26.0,203.0,133.0,0.7885977,3.5651104,0.41269842,2.5434792,68.92444,1
6bba_ed9377fd,5451,79,0.0,233.0,113.0,0.68972963,2.076083,0.0,2.1161075,39.691895,0
6bba_ed9377fd,5452,79,63.0,112.0,199.0,1.1463919,1.6733928,1.0,2.1396742,41.032837,0
6bba_ed9377fd,5453,79,44.0,111.0,246.0,1.2873207,2.052947,0.6984127,2.5434792,68.92444,1
6bba_ed9377fd,5454,79,46.0,173.0,125.0,0.7741705,4.4641027,0.73015875,2.5434792,68.92444,0
6bba_ed9377fd,5455,79,10.0,186.0,212.0,0.94838786,2.3076527,0.15873016,2.5434792,68.92444,0
6bba_ed9377fd,5456,79,41.0,122.0,241.0,1.1104465,1.7060559,0.6507937,2.5434792,68.92444,1
6bba_ed9377fd,5457,79,17.0,184.0,229.0,0.9728941,1.9257491,0.26984128,2.5434792,68.92444,1
6bba_ed9377fd,5458,79,35.0,158.0,219.0,1.3156664,1.0790362,0.5555556,2.5434792,68.92444,0
6bba_ed9377fd,5459,79,55.0,124.0,217.0,2.2073855,1.8438736,0.8730159,2.5401762,68.65625,0
6bba_ed9377fd,5460,79,54.0,133.0,201.0,1.8927134,1.493668,0.85714287,2.5335438,68.11987,0
6bba_ed9377fd,5461,79,36.0,189.0,137.0,0.72997475,3.0831785,0.5714286,2.5434792,68.92444,0
6bba_ed9377fd,5462,79,0.0,219.0,88.0,1.0814066,2.1093223,0.0,2.1396742,41.032837,1
6bba_ed9377fd,5463,79,0.0,238.0,60.0,0.5741269,3.32561,0.0,2.1350024,40.76465,0
6bba_ed9377fd,5464,79,59.0,156.0,70.0,0.9804705,1.6312121,0.93650794,2.4826555,64.097046,2
6bba_ed9377fd,5465,79,0.0,210.0,208.0,0.5694528,3.7778876,0.0,2.1396742,41.032837,1
6bba_ed9377fd,5466,79,0.0,208.0,213.0,0.614619,4.053393,0.0,2.1396742,41.032837,1
6bba_ed9377fd,5467,79,19.0,180.0,241.0,0.7470188,2.067445,0.3015873,2.5434792,68.92444,2
6bba_ed9377fd,5468,79,63.0,142.0,91.0,0.9891932,1.4907856,1.0,2.021376,34.596313,3
6bba_ed9377fd,5469,79,42.0,197.0,0.0,0.7805323,1.1611662,0.6666667,2.0772712,37.546387,1
6bba_ed9377fd,5470,79,32.0,176.0,212.0,0.69563526,2.295538,0.50793654,2.5434792,68.92444,0
6bba_ed9377fd,5471,79,37.0,174.0,190.0,0.5692704,3.276558,0.5873016,2.5434792,68.92444,1
6bba_ed9377fd,5472,79,38.0,173.0,193.0,0.5679562,2.2230275,0.6031746,2.5268764,67.583496,3
6bba_ed9377fd,5473,79,7.0,229.0,96.0,0.7623374,1.2624586,0.11111111,2.5434792,68.92444,1
6bba_ed9377fd,5474,79,56.0,139.0,80.0,0.8684013,1.3745294,0.8888889,2.5368643,68.38806,4
6bba_ed9377fd,5475,79,58.0,135.0,73.0,0.7697481,1.3889884,0.9206349,2.5401762,68.65625,1
6bba_ed9377fd,5476,79,53.0,142.0,92.0,0.73623705,1.0302631,0.84126985,2.5401762,68.65625,3
6bba_ed9377fd,5477,79,56.0,138.0,180.0,0.56625926,2.012306,0.8888889,2.5434792,68.92444,0
6bba_ed9377fd,5478,79,59.0,130.0,90.0,0.8523343,1.2323649,0.93650794,2.5401762,68.65625,3
6bba_ed9377fd,5479,79,11.0,185.0,255.0,0.39728197,4.5550265,0.17460318,2.1396742,41.032837,0
6bba_ed9377fd,5480,79,63.0,85.0,151.0,0.37317285,2.200859,1.0,2.0369256,35.40088,0
6bba_ed9377fd,5481,79,12.0,221.0,2.0,0.38630924,1.0995876,0.1904762,2.4368005,60.610596,1
6bba_ed9377fd,5482,79,21.0,209.0,77.0,0.29589126,1.8170706,0.33333334,2.493,64.90161,1
6bba_ed9377fd,5483,79,39.0,139.0,249.0,0.44331694,0.9205564,0.61904764,2.4546402,61.951538,0
6bba_ed9377fd,5484,79,8.0,213.0,139.0,0.28831485,2.1834197,0.12698413,2.5302145,67.851685,0
6bba_ed9377fd,5485,79,4.0,202.0,190.0,0.33632162,1.2723442,0.06349207,2.4687274,63.024292,0
6bba_ed9377fd,5486,79,0.0,232.0,33.0,0.19292083,2.2241886,0.0,2.0420563,35.669067,0
6bba_ed9377fd,5487,79,63.0,63.0,255.0,0.26801246,1.8201877,1.0,1.7861332,23.868774,0
6bba_ed9377fd,5488,79,0.0,193.0,237.0,0.31256416,0.58802146,0.0,2.0265856,34.864502,0
6bba_ed9377fd,5489,79,0.0,216.0,39.0,0.19487873,2.109432,0.0,2.057296,36.473633,0
6bba_ed9377fd,5490,79,8.0,208.0,73.0,0.30379903,0.5662609,0.12698413,2.4617038,62.487915,1
6bba_ed9377fd,5491,79,51.0,159.0,44.0,0.18390787,1.5220054,0.8095238,2.4895616,64.63342,0
6bba_ed9377fd,5492,79,30.0,174.0,243.0,0.34576643,0.042297006,0.47619048,2.010875,34.059937,2
6bba_ed9377fd,5493,80,51.0,173.0,74.0,1.238794,6.7238936,0.8095238,2.5434792,68.92444,0
6bba_ed9377fd,5494,80,33.0,210.0,0.0,1.1580625,6.3460674,0.52380955,2.1396742,41.032837,0
6bba_ed9377fd,5495,80,31.0,209.0,28.0,1.7446818,3.3734365,0.4920635,2.5434792,68.92444,1
6bba_ed9377fd,5496,80,32.0,209.0,37.0,1.6475315,2.8653748,0.50793654,2.5434792,68.92444,1
6bba_ed9377fd,5497,80,21.0,200.0,174.0,1.1500484,3.4038136,0.33333334,2.5434792,68.92444,0
6bba_ed9377fd,5498,80,52.0,176.0,16.0,1.0832491,4.5169787,0.82539684,2.5368643,68.38806,0
6bba_ed9377fd,5499,80,52.0,156.0,149.0,1.0531377,3.4534988,0.82539684,2.5434792,68.92444,0
6bba_ed9377fd,5500,80,15.0,227.0,60.0,1.0572916,3.5755942,0.23809524,2.5434792,68.92444,0
6bba_ed9377fd,5501,80,40.0,190.0,99.0,0.91824794,4.594576,0.63492066,2.5434792,68.92444,0
6bba_ed9377fd,5502,80,45.0,162.0,191.0,0.99328065,3.369834,0.71428573,2.5401762,68.65625,2
6bba_ed9377fd,5503,80,63.0,153.0,60.0,1.1332431,2.4117777,1.0,2.1396742,41.032837,1
6bba_ed9377fd,5504,80,36.0,162.0,240.0,2.3504002,2.657876,0.5714286,2.5434792,68.92444,1
6bba_ed9377fd,5505,80,44.0,161.0,200.0,1.0778153,3.5228674,0.6984127,2.5401762,68.65625,1
6bba_ed9377fd,5506,80,7.0,235.0,8.0,0.93573195,5.0020323,0.11111111,2.5434792,68.92444,0
6bba_ed9377fd,5507,80,21.0,184.0,176.0,1.1303189,2.424874,0.33333334,2.5434792,68.92444,0
6bba_ed9377fd,5508,80,63.0,98.0,230.0,1.7795821,1.9512622,1.0,2.1396742,41.032837,0
6bba_ed9377fd,5509,80,5.0,217.0,175.0,0.9646034,3.8022792,0.07936508,2.5434792,68.92444,1
6bba_ed9377fd,5510,80,63.0,152.0,73.0,1.2335762,2.6605272,1.0,2.1396742,41.032837,1
6bba_ed9377fd,5511,80,22.0,223.0,34.0,0.9604953,2.4689848,0.34920636,2.5434792,68.92444,0
6bba_ed9377fd,5512,80,40.0,176.0,163.0,0.8372101,4.6095653,0.63492066,2.5434792,68.92444,0
6bba_ed9377fd,5513,80,36.0,187.0,12.0,1.193027,2.0488868,0.5714286,2.5434792,68.92444,0
6bba_ed9377fd,5514,80,63.0,94.0,245.0,1.8949736,2.087892,1.0,2.1396742,41.032837,0
6bba_ed9377fd,5515,80,48.0,148.0,210.0,2.766017,2.9472375,0.7619048,2.5401762,68.65625,0
6bba_ed9377fd,5516,80,63.0,113.0,199.0,1.231244,2.322267,1.0,2.1396742,41.032837,0
6bba_ed9377fd,5517,80,43.0,120.0,241.0,1.2344286,1.8954417,0.6825397,2.5434792,68.92444,0
6bba_ed9377fd,5518,80,26.0,205.0,133.0,0.79903096,3.7976806,0.41269842,2.5434792,68.92444,2
6bba_ed9377fd,5519,80,26.0,206.0,129.0,0.7833068,3.4234133,0.41269842,2.5434792,68.92444,2
6bba_ed9377fd,5520,80,48.0,139.0,228.0,1.9471766,1.8011364,0.7619048,2.5401762,68.65625,1
6bba_ed9377fd,5521,80,47.0,175.0,125.0,0.7598919,3.937056,0.74603176,2.5434792,68.92444,0
6bba_ed9377fd,5522,80,0.0,234.0,116.0,0.6420777,2.2441757,0.0,2.13031,40.49646,0
6bba_ed9377fd,5523,80,26.0,207.0,124.0,0.7174674,3.0444493,0.41269842,2.5401762,68.65625,2
6bba_ed9377fd,5524,80,10.0,187.0,214.0,0.92212754,2.231996,0.15873016,2.5434792,68.92444,0
6bba_ed9377fd,5525,80,44.0,110.0,255.0,1.2686937,1.6239797,0.6984127,2.1396742,41.032837,0
6bba_ed9377fd,5526,80,35.0,168.0,227.0,1.7996595,1.4414604,0.5555556,2.4791882,63.828857,2
6bba_ed9377fd,5527,80,36.0,191.0,136.0,0.76996523,3.1533859,0.5714286,2.5434792,68.92444,0
6bba_ed9377fd,5528,80,35.0,161.0,220.0,1.4421399,1.06813,0.5555556,2.5434792,68.92444,1
6bba_ed9377fd,5529,80,39.0,174.0,191.0,0.6666838,2.8425608,0.61904764,2.5401762,68.65625,1
6bba_ed9377fd,5530,80,0.0,210.0,211.0,0.6650063,4.355348,0.0,2.1396742,41.032837,0
6bba_ed9377fd,5531,80,55.0,120.0,222.0,1.9065292,1.3208288,0.8730159,2.5066607,65.974365,0
6bba_ed9377fd,5532,80,19.0,183.0,235.0,0.8729438,2.0669386,0.3015873,2.5434792,68.92444,0
6bba_ed9377fd,5533,80,55.0,126.0,203.0,1.3542285,0.7785259,0.8730159,2.5302145,67.851685,0
6bba_ed9377fd,5534,80,63.0,143.0,92.0,0.9386043,1.4183614,1.0,2.0317688,35.13269,3
6bba_ed9377fd,5535,80,43.0,197.0,0.0,0.77120346,1.0712752,0.6825397,2.0822053,37.814575,0
6bba_ed9377fd,5536,80,63.0,141.0,97.0,0.89326537,1.580381,1.0,2.0673318,37.01001,3
6bba_ed9377fd,5537,80,0.0,240.0,61.0,0.47876534,3.11702,0.0,2.125597,40.22827,0
6bba_ed9377fd,5538,80,32.0,177.0,213.0,0.7130508,2.0539508,0.50793654,2.5434792,68.92444,0
6bba_ed9377fd,5539,80,55.0,142.0,83.0,0.89129055,1.6568941,0.8730159,2.5434792,68.92444,1
6bba_ed9377fd,5540,80,63.0,140.0,100.0,0.82477707,1.4611189,1.0,2.0723133,37.2782,3
6bba_ed9377fd,5541,80,0.0,220.0,90.0,1.031528,1.8664892,0.0,2.1396742,41.032837,1
6bba_ed9377fd,5542,80,7.0,230.0,96.0,0.78607213,1.3034946,0.11111111,2.5434792,68.92444,1
6bba_ed9377fd,5543,80,55.0,139.0,184.0,0.56579643,1.634648,0.8730159,2.5434792,68.92444,0
6bba_ed9377fd,5544,80,11.0,186.0,255.0,0.40208077,3.585874,0.17460318,2.1396742,41.032837,0
6bba_ed9377fd,5545,80,63.0,85.0,152.0,0.38204098,2.0622118,1.0,2.0522413,36.205444,0
6bba_ed9377fd,5546,80,61.0,128.0,92.0,0.686025,1.0611719,0.96825397,2.4687274,63.024292,2
6bba_ed9377fd,5547,80,49.0,144.0,241.0,0.46963435,0.62332374,0.7777778,2.4403894,60.878784,2
6bba_ed9377fd,5548,80,20.0,210.0,77.0,0.30604458,2.0296004,0.31746033,2.493,64.90161,1
6bba_ed9377fd,5549,80,8.0,219.0,161.0,0.27924716,1.000999,0.12698413,2.5235295,67.31531,1
6bba_ed9377fd,5550,80,40.0,139.0,248.0,0.47222272,0.9046961,0.63492066,2.4964292,65.1698,1
6bba_ed9377fd,5551,80,6.0,215.0,138.0,0.2992852,1.7239041,0.0952381,2.5235295,67.31531,0
6bba_ed9377fd,5552,80,25.0,207.0,54.0,0.30696446,0.62165475,0.3968254,2.4791882,63.828857,0
6bba_ed9377fd,5553,80,0.0,232.0,32.0,0.15795687,1.7856082,0.0,2.021376,34.596313,0
6bba_ed9377fd,5554,80,0.0,193.0,237.0,0.3116332,0.39618632,0.0,1.9622055,31.64624,0
6bba_ed9377fd,5555,80,7.0,210.0,74.0,0.30965564,0.48064572,0.11111111,2.4223385,59.53784,1
6bba_ed9377fd,5556,80,50.0,163.0,41.0,0.1714862,2.9078536,0.7936508,2.4964292,65.1698,0
6bba_ed9377fd,5557,80,63.0,61.0,255.0,0.22399187,1.5253518,1.0,1.7794183,23.600586,0
6bba_ed9377fd,5558,81,50.0,176.0,73.0,1.3861281,6.9907036,0.7936508,2.5434792,68.92444,0
6bba_ed9377fd,5559,81,40.0,191.0,100.0,1.0659078,4.6758504,0.63492066,2.5434792,68.92444,0
6bba_ed9377fd,5560,81,31.0,210.0,29.0,1.7712451,3.0175314,0.4920635,2.5434792,68.92444,1
6bba_ed9377fd,5561,81,15.0,229.0,60.0,1.1530766,3.5565493,0.23809524,2.5434792,68.92444,0
6bba_ed9377fd,5562,81,32.0,209.0,41.0,1.6204026,2.4460735,0.50793654,2.5434792,68.92444,1
6bba_ed9377fd,5563,81,53.0,156.0,152.0,1.19133,3.4349296,0.84126985,2.5434792,68.92444,1
6bba_ed9377fd,5564,81,52.0,158.0,147.0,1.1194626,3.6526608,0.82539684,2.5434792,68.92444,1
6bba_ed9377fd,5565,81,52.0,176.0,13.0,1.0853517,4.5088544,0.82539684,2.5434792,68.92444,0
6bba_ed9377fd,5566,81,33.0,211.0,0.0,1.0783257,4.8182464,0.52380955,2.1396742,41.032837,0
6bba_ed9377fd,5567,81,45.0,162.0,195.0,1.1389464,4.7468305,0.71428573,2.5434792,68.92444,1
6bba_ed9377fd,5568,81,21.0,202.0,175.0,1.0490295,3.5076473,0.33333334,2.5434792,68.92444,0
6bba_ed9377fd,5569,81,41.0,176.0,166.0,0.9121114,6.3745217,0.6507937,2.5434792,68.92444,0
6bba_ed9377fd,5570,81,4.0,217.0,177.0,1.1141603,4.5123396,0.06349207,2.5434792,68.92444,0
6bba_ed9377fd,5571,81,63.0,154.0,60.0,1.0749283,2.3843524,1.0,2.1396742,41.032837,1
6bba_ed9377fd,5572,81,63.0,98.0,231.0,1.8311883,2.2991416,1.0,2.1396742,41.032837,1
6bba_ed9377fd,5573,81,44.0,162.0,202.0,1.0138444,3.2131798,0.6984127,2.5434792,68.92444,1
6bba_ed9377fd,5574,81,21.0,185.0,178.0,1.0835918,2.401945,0.33333334,2.5434792,68.92444,0
6bba_ed9377fd,5575,81,37.0,161.0,241.0,2.1833136,2.146483,0.5873016,2.5434792,68.92444,0
6bba_ed9377fd,5576,81,36.0,189.0,12.0,1.2129507,2.1878135,0.5714286,2.5434792,68.92444,0
6bba_ed9377fd,5577,81,63.0,153.0,71.0,1.1913564,2.524341,1.0,2.1396742,41.032837,1
6bba_ed9377fd,5578,81,22.0,225.0,33.0,0.9388402,2.5252545,0.34920636,2.5434792,68.92444,0
6bba_ed9377fd,5579,81,63.0,97.0,244.0,1.8988799,2.4634645,1.0,2.1396742,41.032837,1
6bba_ed9377fd,5580,81,48.0,147.0,213.0,2.4083946,2.5741382,0.7619048,2.5434792,68.92444,0
6bba_ed9377fd,5581,81,6.0,236.0,9.0,0.87965745,4.649672,0.0952381,2.5434792,68.92444,0
6bba_ed9377fd,5582,81,63.0,114.0,199.0,1.1437045,3.2557044,1.0,2.1396742,41.032837,0
6bba_ed9377fd,5583,81,54.0,132.0,198.0,1.1168745,2.080957,0.85714287,2.5434792,68.92444,0
6bba_ed9377fd,5584,81,44.0,119.0,242.0,1.1786112,1.7861277,0.6984127,2.5434792,68.92444,1
6bba_ed9377fd,5585,81,49.0,138.0,231.0,2.0322196,1.9808598,0.7777778,2.5434792,68.92444,1
6bba_ed9377fd,5586,81,43.0,112.0,255.0,1.2639141,1.7873394,0.6825397,2.1396742,41.032837,1
6bba_ed9377fd,5587,81,10.0,188.0,216.0,0.9307553,2.1873267,0.15873016,2.5434792,68.92444,0
6bba_ed9377fd,5588,81,36.0,193.0,133.0,0.81945753,3.043279,0.5714286,2.5434792,68.92444,0
6bba_ed9377fd,5589,81,36.0,163.0,220.0,1.6019586,1.199456,0.5714286,2.5434792,68.92444,1
6bba_ed9377fd,5590,81,26.0,206.0,133.0,0.76165736,3.497954,0.41269842,2.5434792,68.92444,1
6bba_ed9377fd,5591,81,33.0,170.0,225.0,1.2431021,0.6017477,0.52380955,2.5335438,68.11987,1
6bba_ed9377fd,5592,81,26.0,208.0,125.0,0.6941211,3.1114256,0.41269842,2.5434792,68.92444,1
6bba_ed9377fd,5593,81,0.0,213.0,208.0,0.6159627,4.411208,0.0,2.1396742,41.032837,1
6bba_ed9377fd,5594,81,56.0,117.0,222.0,2.1531851,1.6267438,0.8888889,2.5302145,67.851685,0
6bba_ed9377fd,5595,81,0.0,212.0,211.0,0.6188515,4.1567945,0.0,2.1396742,41.032837,1
6bba_ed9377fd,5596,81,19.0,182.0,241.0,0.81529796,2.1962764,0.3015873,2.5434792,68.92444,0
6bba_ed9377fd,5597,81,38.0,176.0,190.0,0.6286247,3.5690043,0.6031746,2.5434792,68.92444,0
6bba_ed9377fd,5598,81,0.0,220.0,90.0,1.0807157,1.907223,0.0,2.1396742,41.032837,0
6bba_ed9377fd,5599,81,46.0,176.0,130.0,0.6399207,3.5328786,0.73015875,2.5434792,68.92444,0
6bba_ed9377fd,5600,81,63.0,142.0,102.0,0.837753,1.2368408,1.0,2.0369256,35.40088,2
6bba_ed9377fd,5601,81,63.0,144.0,96.0,1.032507,1.5827805,1.0,2.0522413,36.205444,3
6bba_ed9377fd,5602,81,63.0,145.0,93.0,1.0791513,1.6549376,1.0,2.0673318,37.01001,3
6bba_ed9377fd,5603,81,43.0,197.0,0.0,0.7683529,0.9541566,0.6825397,2.0871162,38.082764,0
6bba_ed9377fd,5604,81,55.0,143.0,87.0,0.9120885,1.3839788,0.8730159,2.5434792,68.92444,2
6bba_ed9377fd,5605,81,0.0,235.0,118.0,0.4774601,1.4546856,0.0,2.092004,38.350952,0
6bba_ed9377fd,5606,81,7.0,230.0,100.0,0.7998252,1.1668867,0.11111111,2.5434792,68.92444,0
6bba_ed9377fd,5607,81,0.0,242.0,59.0,0.35278764,3.672794,0.0,2.0968692,38.61914,1
6bba_ed9377fd,5608,81,0.0,219.0,111.0,0.94591767,1.5404279,0.0,2.1396742,41.032837,0
6bba_ed9377fd,5609,81,57.0,143.0,177.0,0.47115424,1.6092805,0.9047619,2.5168092,66.77893,0
6bba_ed9377fd,5610,81,63.0,87.0,149.0,0.35985145,2.0026085,1.0,2.0317688,35.13269,0
6bba_ed9377fd,5611,81,11.0,189.0,255.0,0.3863215,2.8608072,0.17460318,2.1396742,41.032837,0
6bba_ed9377fd,5612,81,0.0,222.0,141.0,0.36671367,1.9898219,0.0,2.1396742,41.032837,0
6bba_ed9377fd,5613,81,19.0,214.0,81.0,0.32215157,1.911978,0.3015873,2.4861133,64.365234,0
6bba_ed9377fd,5614,81,0.0,232.0,70.0,0.3980306,1.0904212,0.0,2.092004,38.350952,1
6bba_ed9377fd,5615,81,42.0,140.0,245.0,0.57437855,0.7116025,0.6666667,2.458177,62.219727,1
6bba_ed9377fd,5616,81,24.0,211.0,56.0,0.3721067,0.93043786,0.3809524,2.5066607,65.974365,0
6bba_ed9377fd,5617,81,8.0,220.0,162.0,0.30520463,0.93543094,0.12698413,2.5302145,67.851685,0
6bba_ed9377fd,5618,81,49.0,147.0,241.0,0.46804023,0.22193408,0.7777778,2.2958198,50.687622,2
6bba_ed9377fd,5619,81,0.0,196.0,236.0,0.31693107,0.4316759,0.0,2.0002632,33.52356,0
6bba_ed9377fd,5620,81,52.0,164.0,38.0,0.17308605,2.6420698,0.82539684,2.475711,63.56067,0
6bba_ed9377fd,5621,81,38.0,165.0,178.0,0.25590086,0.38492963,0.6031746,2.3316977,53.10132,0
6bba_ed9377fd,5622,82,50.0,176.0,73.0,1.3861281,6.9907036,0.7936508,2.5434792,68.92444,0
6bba_ed9377fd,5623,82,40.0,191.0,100.0,1.0659078,4.6758504,0.63492066,2.5434792,68.92444,0
6bba_ed9377fd,5624,82,31.0,210.0,29.0,1.7712451,3.0175314,0.4920635,2.5434792,68.92444,1
6bba_ed9377fd,5625,82,15.0,229.0,60.0,1.1530766,3.5565493,0.23809524,2.5434792,68.92444,0
6bba_ed9377fd,5626,82,32.0,209.0,41.0,1.6204026,2.4460735,0.50793654,2.5434792,68.92444,1
6bba_ed9377fd,5627,82,53.0,156.0,152.0,1.19133,3.4349296,0.84126985,2.5434792,68.92444,1
6bba_ed9377fd,5628,82,52.0,158.0,147.0,1.1194626,3.6526608,0.82539684,2.5434792,68.92444,1
6bba_ed9377fd,5629,82,52.0,176.0,13.0,1.0853517,4.5088544,0.82539684,2.5434792,68.92444,0
6bba_ed9377fd,5630,82,33.0,211.0,0.0,1.0783257,4.8182464,0.52380955,2.1396742,41.032837,0
6bba_ed9377fd,5631,82,45.0,162.0,195.0,1.1389464,4.7468305,0.71428573,2.5434792,68.92444,1
6bba_ed9377fd,5632,82,21.0,202.0,175.0,1.0490295,3.5076473,0.33333334,2.5434792,68.92444,0
6bba_ed9377fd,5633,82,41.0,176.0,166.0,0.9121114,6.3745217,0.6507937,2.5434792,68.92444,0
6bba_ed9377fd,5634,82,4.0,217.0,177.0,1.1141603,4.5123396,0.06349207,2.5434792,68.92444,0
6bba_ed9377fd,5635,82,63.0,154.0,60.0,1.0749283,2.3843524,1.0,2.1396742,41.032837,1
6bba_ed9377fd,5636,82,63.0,98.0,231.0,1.8311883,2.2991416,1.0,2.1396742,41.032837,1
6bba_ed9377fd,5637,82,44.0,162.0,202.0,1.0138444,3.2131798,0.6984127,2.5434792,68.92444,1
6bba_ed9377fd,5638,82,21.0,185.0,178.0,1.0835918,2.401945,0.33333334,2.5434792,68.92444,0
6bba_ed9377fd,5639,82,37.0,161.0,241.0,2.1833136,2.146483,0.5873016,2.5434792,68.92444,0
6bba_ed9377fd,5640,82,36.0,189.0,12.0,1.2129507,2.1878135,0.5714286,2.5434792,68.92444,0
6bba_ed9377fd,5641,82,63.0,153.0,71.0,1.1913564,2.524341,1.0,2.1396742,41.032837,1
6bba_ed9377fd,5642,82,22.0,225.0,33.0,0.9388402,2.5252545,0.34920636,2.5434792,68.92444,0
6bba_ed9377fd,5643,82,63.0,97.0,244.0,1.8988799,2.4634645,1.0,2.1396742,41.032837,1
6bba_ed9377fd,5644,82,48.0,147.0,213.0,2.4083946,2.5741382,0.7619048,2.5434792,68.92444,0
6bba_ed9377fd,5645,82,6.0,236.0,9.0,0.87965745,4.649672,0.0952381,2.5434792,68.92444,0
6bba_ed9377fd,5646,82,63.0,114.0,199.0,1.1437045,3.2557044,1.0,2.1396742,41.032837,0
6bba_ed9377fd,5647,82,54.0,132.0,198.0,1.1168745,2.080957,0.85714287,2.5434792,68.92444,0
6bba_ed9377fd,5648,82,44.0,119.0,242.0,1.1786112,1.7861277,0.6984127,2.5434792,68.92444,1
6bba_ed9377fd,5649,82,49.0,138.0,231.0,2.0322196,1.9808598,0.7777778,2.5434792,68.92444,1
6bba_ed9377fd,5650,82,43.0,112.0,255.0,1.2639141,1.7873394,0.6825397,2.1396742,41.032837,1
6bba_ed9377fd,5651,82,10.0,188.0,216.0,0.9307553,2.1873267,0.15873016,2.5434792,68.92444,0
6bba_ed9377fd,5652,82,36.0,193.0,133.0,0.81945753,3.043279,0.5714286,2.5434792,68.92444,0
6bba_ed9377fd,5653,82,36.0,163.0,220.0,1.6019586,1.199456,0.5714286,2.5434792,68.92444,1
6bba_ed9377fd,5654,82,26.0,206.0,133.0,0.76165736,3.497954,0.41269842,2.5434792,68.92444,1
6bba_ed9377fd,5655,82,33.0,170.0,225.0,1.2431021,0.6017477,0.52380955,2.5335438,68.11987,1
6bba_ed9377fd,5656,82,26.0,208.0,125.0,0.6941211,3.1114256,0.41269842,2.5434792,68.92444,1
6bba_ed9377fd,5657,82,0.0,213.0,208.0,0.6159627,4.411208,0.0,2.1396742,41.032837,1
6bba_ed9377fd,5658,82,56.0,117.0,222.0,2.1531851,1.6267438,0.8888889,2.5302145,67.851685,0
6bba_ed9377fd,5659,82,0.0,212.0,211.0,0.6188515,4.1567945,0.0,2.1396742,41.032837,1
6bba_ed9377fd,5660,82,19.0,182.0,241.0,0.81529796,2.1962764,0.3015873,2.5434792,68.92444,0
6bba_ed9377fd,5661,82,38.0,176.0,190.0,0.6286247,3.5690043,0.6031746,2.5434792,68.92444,0
6bba_ed9377fd,5662,82,0.0,220.0,90.0,1.0807157,1.907223,0.0,2.1396742,41.032837,0
6bba_ed9377fd,5663,82,46.0,176.0,130.0,0.6399207,3.5328786,0.73015875,2.5434792,68.92444,0
6bba_ed9377fd,5664,82,63.0,142.0,102.0,0.837753,1.2368408,1.0,2.0369256,35.40088,2
6bba_ed9377fd,5665,82,63.0,144.0,96.0,1.032507,1.5827805,1.0,2.0522413,36.205444,3
6bba_ed9377fd,5666,82,63.0,145.0,93.0,1.0791513,1.6549376,1.0,2.0673318,37.01001,3
6bba_ed9377fd,5667,82,43.0,197.0,0.0,0.7683529,0.9541566,0.6825397,2.0871162,38.082764,0
6bba_ed9377fd,5668,82,55.0,143.0,87.0,0.9120885,1.3839788,0.8730159,2.5434792,68.92444,2
6bba_ed9377fd,5669,82,0.0,235.0,118.0,0.4774601,1.4546856,0.0,2.092004,38.350952,0
6bba_ed9377fd,5670,82,7.0,230.0,100.0,0.7998252,1.1668867,0.11111111,2.5434792,68.92444,0
6bba_ed9377fd,5671,82,0.0,242.0,59.0,0.35278764,3.672794,0.0,2.0968692,38.61914,1
6bba_ed9377fd,5672,82,0.0,219.0,111.0,0.94591767,1.5404279,0.0,2.1396742,41.032837,0
6bba_ed9377fd,5673,82,57.0,143.0,177.0,0.47115424,1.6092805,0.9047619,2.5168092,66.77893,0
6bba_ed9377fd,5674,82,63.0,87.0,149.0,0.35985145,2.0026085,1.0,2.0317688,35.13269,0
6bba_ed9377fd,5675,82,11.0,189.0,255.0,0.3863215,2.8608072,0.17460318,2.1396742,41.032837,0
6bba_ed9377fd,5676,82,0.0,222.0,141.0,0.36671367,1.9898219,0.0,2.1396742,41.032837,0
6bba_ed9377fd,5677,82,19.0,214.0,81.0,0.32215157,1.911978,0.3015873,2.4861133,64.365234,0
6bba_ed9377fd,5678,82,0.0,232.0,70.0,0.3980306,1.0904212,0.0,2.092004,38.350952,1
6bba_ed9377fd,5679,82,42.0,140.0,245.0,0.57437855,0.7116025,0.6666667,2.458177,62.219727,1
6bba_ed9377fd,5680,82,24.0,211.0,56.0,0.3721067,0.93043786,0.3809524,2.5066607,65.974365,0
6bba_ed9377fd,5681,82,8.0,220.0,162.0,0.30520463,0.93543094,0.12698413,2.5302145,67.851685,0
6bba_ed9377fd,5682,82,49.0,147.0,241.0,0.46804023,0.22193408,0.7777778,2.2958198,50.687622,2
6bba_ed9377fd,5683,82,0.0,196.0,236.0,0.31693107,0.4316759,0.0,2.0002632,33.52356,0
6bba_ed9377fd,5684,82,52.0,164.0,38.0,0.17308605,2.6420698,0.82539684,2.475711,63.56067,0
6bba_ed9377fd,5685,82,38.0,165.0,178.0,0.25590086,0.38492963,0.6031746,2.3316977,53.10132,0
6bba_ed9377fd,5686,83,46.0,185.0,58.0,1.2168189,7.5355005,0.73015875,2.5434792,68.92444,0
6bba_ed9377fd,5687,83,36.0,185.0,160.0,1.0573831,6.7573915,0.5714286,2.5434792,68.92444,0
6bba_ed9377fd,5688,83,29.0,212.0,44.0,1.5733329,2.7647934,0.46031746,2.5434792,68.92444,1
6bba_ed9377fd,5689,83,29.0,212.0,33.0,1.7204728,3.323589,0.46031746,2.5434792,68.92444,1
6bba_ed9377fd,5690,83,41.0,167.0,191.0,1.1946154,4.216239,0.6507937,2.5434792,68.92444,2
6bba_ed9377fd,5691,83,19.0,227.0,27.0,0.99866295,3.0813801,0.3015873,2.5434792,68.92444,0
6bba_ed9377fd,5692,83,49.0,165.0,146.0,0.9813218,4.08275,0.7777778,2.5434792,68.92444,0
6bba_ed9377fd,5693,83,32.0,209.0,0.0,1.1079919,3.0740888,0.50793654,2.1396742,41.032837,2
6bba_ed9377fd,5694,83,36.0,198.0,94.0,0.88578826,4.623997,0.5714286,2.5434792,68.92444,0
6bba_ed9377fd,5695,83,51.0,177.0,0.0,0.90389943,5.1855597,0.8095238,2.1396742,41.032837,0
6bba_ed9377fd,5696,83,8.0,235.0,56.0,0.8719839,3.8432548,0.12698413,2.5434792,68.92444,0
6bba_ed9377fd,5697,83,35.0,192.0,18.0,1.0579772,2.2229226,0.5555556,2.5434792,68.92444,0
6bba_ed9377fd,5698,83,63.0,118.0,199.0,1.0559058,3.9995704,1.0,2.1396742,41.032837,0
6bba_ed9377fd,5699,83,6.0,211.0,197.0,0.8126982,3.8070216,0.0952381,2.5434792,68.92444,0
6bba_ed9377fd,5700,83,18.0,188.0,177.0,1.0346366,2.446564,0.2857143,2.5434792,68.92444,1
6bba_ed9377fd,5701,83,49.0,141.0,223.0,1.9542332,2.302873,0.7777778,2.5434792,68.92444,0
6bba_ed9377fd,5702,83,19.0,205.0,170.0,0.90685475,2.44637,0.3015873,2.5434792,68.92444,1
6bba_ed9377fd,5703,83,31.0,176.0,221.0,1.1445059,1.1265984,0.4920635,2.5434792,68.92444,0
6bba_ed9377fd,5704,83,1.0,239.0,7.0,0.8419288,4.857828,0.015873017,2.3316977,53.10132,1
6bba_ed9377fd,5705,83,49.0,147.0,202.0,1.9961431,2.3417654,0.7777778,2.5434792,68.92444,1
6bba_ed9377fd,5706,83,40.0,128.0,241.0,1.2558953,2.2137663,0.63492066,2.5434792,68.92444,0
6bba_ed9377fd,5707,83,20.0,179.0,249.0,0.9136941,3.615543,0.31746033,2.5434792,68.92444,0
6bba_ed9377fd,5708,83,16.0,194.0,165.0,0.957187,1.9982316,0.25396827,2.5434792,68.92444,2
6bba_ed9377fd,5709,83,63.0,96.0,241.0,1.3602929,2.534397,1.0,2.1396742,41.032837,1
6bba_ed9377fd,5710,83,57.0,163.0,66.0,0.8283481,1.8419768,0.9047619,2.5335438,68.11987,1
6bba_ed9377fd,5711,83,33.0,198.0,129.0,0.7375283,3.0099165,0.52380955,2.5434792,68.92444,0
6bba_ed9377fd,5712,83,39.0,159.0,228.0,2.186216,1.917427,0.61904764,2.5401762,68.65625,0
6bba_ed9377fd,5713,83,63.0,89.0,232.0,1.1154971,1.8444984,1.0,2.0317688,35.13269,1
6bba_ed9377fd,5714,83,39.0,164.0,213.0,2.1619844,1.9201827,0.61904764,2.5434792,68.92444,0
6bba_ed9377fd,5715,83,63.0,94.0,148.0,0.7100765,2.416186,1.0,2.120863,39.960083,0
6bba_ed9377fd,5716,83,53.0,133.0,205.0,1.1720691,1.1837121,0.84126985,2.5434792,68.92444,1
6bba_ed9377fd,5717,83,7.0,189.0,219.0,0.9169224,2.3961594,0.11111111,2.5434792,68.92444,0
6bba_ed9377fd,5718,83,53.0,149.0,83.0,1.1099265,1.7915834,0.84126985,2.5434792,68.92444,0
6bba_ed9377fd,5719,83,0.0,221.0,89.0,0.97354907,1.8446925,0.0,2.1396742,41.032837,1
6bba_ed9377fd,5720,83,41.0,117.0,255.0,1.2257445,1.5460069,0.6507937,2.1396742,41.032837,0
6bba_ed9377fd,5721,83,17.0,218.0,122.0,0.6206368,3.6131027,0.26984128,2.5434792,68.92444,0
6bba_ed9377fd,5722,83,41.0,186.0,115.0,0.69528675,3.576172,0.6507937,2.5434792,68.92444,0
6bba_ed9377fd,5723,83,57.0,115.0,230.0,1.9050436,1.4569466,0.9047619,2.5401762,68.65625,1
6bba_ed9377fd,5724,83,62.0,149.0,103.0,1.0594416,1.6246113,0.984127,2.2836077,49.883057,0
6bba_ed9377fd,5725,83,37.0,179.0,185.0,0.6410749,1.9892612,0.5873016,2.5268764,67.583496,2
6bba_ed9377fd,5726,83,37.0,178.0,188.0,0.6801968,1.7098659,0.5873016,2.5268764,67.583496,2
6bba_ed9377fd,5727,83,63.0,155.0,68.0,0.9561775,1.8209763,1.0,2.1065323,39.155518,1
6bba_ed9377fd,5728,83,58.0,111.0,218.0,1.7653543,1.0890669,0.9206349,2.458177,62.219727,1
6bba_ed9377fd,5729,83,0.0,234.0,91.0,0.77510005,1.2873844,0.0,2.1396742,41.032837,1
6bba_ed9377fd,5730,83,0.0,218.0,120.0,0.77941895,1.9213346,0.0,2.1396742,41.032837,0
6bba_ed9377fd,5731,83,19.0,220.0,107.0,0.49081516,2.06939,0.3015873,2.5100527,66.24255,0
6bba_ed9377fd,5732,83,54.0,143.0,188.0,0.69253844,1.7294986,0.85714287,2.5434792,68.92444,1
6bba_ed9377fd,5733,83,57.0,99.0,255.0,0.854376,1.8937917,0.9047619,2.1396742,41.032837,0
6bba_ed9377fd,5734,83,55.0,145.0,178.0,0.58169776,2.2775724,0.8730159,2.5434792,68.92444,1
6bba_ed9377fd,5735,83,42.0,198.0,0.0,0.51991016,0.2722742,0.6666667,1.863049,27.087036,1
6bba_ed9377fd,5736,83,0.0,214.0,213.0,0.314071,1.9772938,0.0,2.016139,34.328125,0
6bba_ed9377fd,5737,83,9.0,227.0,8.0,0.42363316,1.6416904,0.14285715,2.5268764,67.583496,2
6bba_ed9377fd,5738,83,63.0,138.0,63.0,0.41351143,1.0160811,1.0,2.010875,34.059937,0
6bba_ed9377fd,5739,83,9.0,190.0,255.0,0.39302063,2.1779492,0.14285715,2.1350024,40.76465,0
6bba_ed9377fd,5740,83,4.0,221.0,163.0,0.30050224,2.7445202,0.06349207,2.5434792,68.92444,0
6bba_ed9377fd,5741,83,18.0,216.0,80.0,0.27415624,2.3196666,0.2857143,2.5066607,65.974365,0
6bba_ed9377fd,5742,83,63.0,144.0,0.0,0.19518808,5.170288,1.0,1.7994134,24.405151,0
6bba_ed9377fd,5743,83,24.0,159.0,255.0,0.29063377,1.3972367,0.3809524,2.1161075,39.691895,1
6bba_ed9377fd,5744,83,63.0,117.0,168.0,0.20543605,2.0433345,1.0,2.0055833,33.791748,0
6bba_ed9377fd,5745,83,28.0,222.0,0.0,0.21180885,0.24101345,0.44444445,1.8992338,28.696167,2
6bba_ed9377fd,5746,83,32.0,166.0,255.0,0.19332394,0.33865222,0.50793654,1.8444173,26.28247,1
6bba_ed9377fd,5747,83,51.0,167.0,34.0,0.15676762,2.5342257,0.8095238,2.4826555,64.097046,0
6bba_ed9377fd,5748,83,0.0,238.0,118.0,0.15480886,0.2654781,0.0,1.7520384,22.527832,0
6bba_ed9377fd,5749,83,19.0,220.0,0.0,0.18186443,0.21491551,0.3015873,1.7861332,23.868774,2
6bba_ed9377fd,5750,84,45.0,186.0,55.0,1.0694218,7.4169555,0.71428573,2.5434792,68.92444,0
6bba_ed9377fd,5751,84,35.0,187.0,158.0,1.0394647,7.162981,0.5555556,2.5434792,68.92444,0
6bba_ed9377fd,5752,84,28.0,212.0,44.0,1.5516264,2.9485521,0.44444445,2.5434792,68.92444,1
6bba_ed9377fd,5753,84,35.0,199.0,93.0,0.9473194,4.6497245,0.5555556,2.5434792,68.92444,0
6bba_ed9377fd,5754,84,28.0,213.0,34.0,1.6667181,3.3804584,0.44444445,2.5434792,68.92444,1
6bba_ed9377fd,5755,84,51.0,177.0,0.0,0.8113117,9.305299,0.8095238,2.1396742,41.032837,0
6bba_ed9377fd,5756,84,40.0,169.0,191.0,1.1951638,4.2453437,0.63492066,2.5434792,68.92444,1
6bba_ed9377fd,5757,84,19.0,227.0,24.0,0.9872069,3.3606963,0.3015873,2.5434792,68.92444,0
6bba_ed9377fd,5758,84,32.0,209.0,0.0,1.1093355,2.876454,0.50793654,2.1396742,41.032837,1
6bba_ed9377fd,5759,84,48.0,167.0,146.0,0.9503991,3.7860215,0.7619048,2.5434792,68.92444,1
6bba_ed9377fd,5760,84,6.0,235.0,59.0,0.90274656,3.166425,0.0952381,2.5434792,68.92444,2
6bba_ed9377fd,5761,84,48.0,169.0,141.0,0.85174584,3.4789617,0.7619048,2.5434792,68.92444,1
6bba_ed9377fd,5762,84,6.0,235.0,54.0,0.9925378,3.6562688,0.0952381,2.5434792,68.92444,2
6bba_ed9377fd,5763,84,18.0,206.0,166.0,0.96762025,2.5676644,0.2857143,2.5434792,68.92444,1
6bba_ed9377fd,5764,84,33.0,194.0,17.0,1.0338709,2.077031,0.52380955,2.5434792,68.92444,0
6bba_ed9377fd,5765,84,7.0,236.0,43.0,0.8373643,2.879299,0.11111111,2.5434792,68.92444,1
6bba_ed9377fd,5766,84,30.0,177.0,219.0,1.150054,1.3493907,0.47619048,2.5434792,68.92444,0
6bba_ed9377fd,5767,84,6.0,211.0,198.0,0.78771776,4.194049,0.0952381,2.5434792,68.92444,0
6bba_ed9377fd,5768,84,17.0,187.0,179.0,0.99842304,2.5405931,0.26984128,2.5434792,68.92444,0
6bba_ed9377fd,5769,84,63.0,118.0,199.0,1.0316336,3.4975326,1.0,2.1396742,41.032837,0
6bba_ed9377fd,5770,84,48.0,148.0,202.0,2.0996993,2.4165046,0.7619048,2.5434792,68.92444,0
6bba_ed9377fd,5771,84,0.0,239.0,7.0,0.7996891,5.180562,0.0,2.1396742,41.032837,1
6bba_ed9377fd,5772,84,49.0,141.0,222.0,2.0825632,2.3675618,0.7777778,2.5434792,68.92444,0
6bba_ed9377fd,5773,84,40.0,129.0,241.0,1.1985865,2.1915603,0.63492066,2.5434792,68.92444,0
6bba_ed9377fd,5774,84,15.0,195.0,164.0,0.9754481,2.0889938,0.23809524,2.5434792,68.92444,1
6bba_ed9377fd,5775,84,63.0,94.0,148.0,0.7791886,2.482614,1.0,2.13031,40.49646,0
6bba_ed9377fd,5776,84,19.0,179.0,249.0,0.86177343,3.6957948,0.3015873,2.5434792,68.92444,0
6bba_ed9377fd,5777,84,57.0,163.0,65.0,0.9198136,1.9572809,0.9047619,2.5235295,67.31531,1
6bba_ed9377fd,5778,84,7.0,190.0,218.0,0.92840695,2.392919,0.11111111,2.5434792,68.92444,0
6bba_ed9377fd,5779,84,53.0,131.0,209.0,1.2745905,1.5798771,0.84126985,2.5401762,68.65625,0
6bba_ed9377fd,5780,84,41.0,117.0,255.0,1.1823443,1.5125657,0.6507937,2.1396742,41.032837,1
6bba_ed9377fd,5781,84,63.0,87.0,231.0,0.93582106,1.5422848,1.0,2.0317688,35.13269,1
6bba_ed9377fd,5782,84,38.0,159.0,226.0,2.004691,1.8957976,0.6031746,2.5434792,68.92444,0
6bba_ed9377fd,5783,84,52.0,153.0,85.0,1.1380494,1.6620454,0.82539684,2.5434792,68.92444,0
6bba_ed9377fd,5784,84,39.0,163.0,211.0,1.9108087,1.7868786,0.61904764,2.5434792,68.92444,0
6bba_ed9377fd,5785,84,63.0,95.0,242.0,1.3192248,2.3134906,1.0,2.1396742,41.032837,2
6bba_ed9377fd,5786,84,58.0,162.0,56.0,0.7938829,1.9390807,0.9206349,2.5302145,67.851685,1
6bba_ed9377fd,5787,84,31.0,199.0,130.0,0.68234515,3.0897548,0.4920635,2.5434792,68.92444,0
6bba_ed9377fd,5788,84,40.0,187.0,115.0,0.69901216,3.4939482,0.63492066,2.5434792,68.92444,0
6bba_ed9377fd,5789,84,0.0,221.0,89.0,0.9265593,1.8693099,0.0,2.1396742,41.032837,1
6bba_ed9377fd,5790,84,58.0,112.0,232.0,1.9956176,1.8175756,0.9206349,2.5401762,68.65625,2
6bba_ed9377fd,5791,84,36.0,179.0,187.0,0.6835679,1.7288235,0.5714286,2.5434792,68.92444,3
6bba_ed9377fd,5792,84,36.0,181.0,181.0,0.60727245,2.6697772,0.5714286,2.5434792,68.92444,2
6bba_ed9377fd,5793,84,15.0,220.0,117.0,0.6288932,2.3601868,0.23809524,2.5434792,68.92444,1
6bba_ed9377fd,5794,84,0.0,233.0,98.0,0.8286833,1.439988,0.0,2.1396742,41.032837,1
6bba_ed9377fd,5795,84,57.0,99.0,255.0,0.97068906,2.0600789,0.9047619,2.1350024,40.76465,3
6bba_ed9377fd,5796,84,57.0,120.0,223.0,1.8456322,1.3529608,0.9047619,2.5335438,68.11987,2
6bba_ed9377fd,5797,84,58.0,112.0,218.0,1.7189015,1.2140538,0.9206349,2.499849,65.43799,2
6bba_ed9377fd,5798,84,59.0,151.0,104.0,0.82643974,1.0959202,0.93650794,2.5134354,66.51074,0
6bba_ed9377fd,5799,84,17.0,222.0,102.0,0.5378735,1.8341751,0.26984128,2.5268764,67.583496,1
6bba_ed9377fd,5800,84,17.0,221.0,105.0,0.56115687,1.8210214,0.26984128,2.5268764,67.583496,2
6bba_ed9377fd,5801,84,0.0,218.0,120.0,0.7734877,1.9967136,0.0,2.1396742,41.032837,0
6bba_ed9377fd,5802,84,54.0,143.0,189.0,0.6584275,1.5942483,0.85714287,2.5434792,68.92444,0
6bba_ed9377fd,5803,84,63.0,140.0,62.0,0.5319743,1.516345,1.0,2.0522413,36.205444,0
6bba_ed9377fd,5804,84,0.0,215.0,176.0,0.44929126,2.4168022,0.0,2.1396742,41.032837,0
6bba_ed9377fd,5805,84,8.0,228.0,8.0,0.40204668,1.436311,0.12698413,2.5434792,68.92444,1
6bba_ed9377fd,5806,84,0.0,232.0,72.0,0.40956685,0.9000203,0.0,2.0623262,36.74182,1
6bba_ed9377fd,5807,84,0.0,215.0,213.0,0.2294492,0.8257149,0.0,1.910994,29.232544,0
6bba_ed9377fd,5808,84,9.0,191.0,255.0,0.39614946,2.310998,0.14285715,2.13031,40.49646,0
6bba_ed9377fd,5809,84,24.0,160.0,255.0,0.35093528,1.9504046,0.3809524,2.1396742,41.032837,1
6bba_ed9377fd,5810,84,4.0,222.0,160.0,0.2865836,2.2318885,0.06349207,2.5368643,68.38806,0
6bba_ed9377fd,5811,84,41.0,198.0,0.0,0.4568445,-0.003036093,0.6507937,1.7309273,21.723267,1
6bba_ed9377fd,5812,84,16.0,219.0,75.0,0.27393907,2.1854348,0.25396827,2.5268764,67.583496,2
6bba_ed9377fd,5813,84,16.0,219.0,81.0,0.28590935,1.666097,0.25396827,2.493,64.90161,2
6bba_ed9377fd,5814,84,17.0,217.0,82.0,0.2807556,1.87522,0.26984128,2.5066607,65.974365,2
6bba_ed9377fd,5815,84,32.0,166.0,255.0,0.2365418,0.62179464,0.50793654,1.9454337,30.841675,1
6bba_ed9377fd,5816,84,57.0,110.0,255.0,0.43024,0.1360253,0.9047619,1.7794183,23.600586,2
6bba_ed9377fd,5817,84,63.0,144.0,0.0,0.17563054,5.323443,1.0,1.7994134,24.405151,0
6bba_ed9377fd,5818,84,63.0,119.0,166.0,0.22611885,2.2942963,1.0,2.0317688,35.13269,0
6bba_ed9377fd,5819,84,49.0,105.0,255.0,0.44084537,0.112443455,0.7777778,1.7861332,23.868774,3
6bba_ed9377fd,5820,84,37.0,169.0,176.0,0.2855894,0.3064903,0.5873016,2.3316977,53.10132,2
6bba_ed9377fd,5821,84,0.0,236.0,122.0,0.1594829,0.27640793,0.0,1.8059807,24.67334,0
6bba_ed9377fd,5822,84,51.0,168.0,34.0,0.14812846,2.2799668,0.8095238,2.4403894,60.878784,0
6bba_ed9377fd,5823,85,46.0,187.0,54.0,1.1311188,6.8360476,0.73015875,2.5434792,68.92444,0
6bba_ed9377fd,5824,85,34.0,188.0,158.0,1.032711,8.207436,0.53968257,2.5434792,68.92444,0
6bba_ed9377fd,5825,85,28.0,214.0,44.0,1.426347,3.0777264,0.44444445,2.5434792,68.92444,0
6bba_ed9377fd,5826,85,51.0,179.0,0.0,0.80363363,8.990895,0.8095238,2.1396742,41.032837,0
6bba_ed9377fd,5827,85,35.0,200.0,93.0,0.92172766,4.971459,0.5555556,2.5434792,68.92444,0
6bba_ed9377fd,5828,85,19.0,228.0,24.0,0.9691344,3.2719846,0.3015873,2.5434792,68.92444,0
6bba_ed9377fd,5829,85,48.0,168.0,146.0,0.97616804,4.0536747,0.7619048,2.5434792,68.92444,0
6bba_ed9377fd,5830,85,39.0,170.0,195.0,1.2377883,4.264832,0.61904764,2.5434792,68.92444,0
6bba_ed9377fd,5831,85,6.0,211.0,200.0,0.8518658,4.963194,0.0952381,2.5434792,68.92444,0
6bba_ed9377fd,5832,85,6.0,237.0,57.0,0.88216573,3.5524602,0.0952381,2.5434792,68.92444,2
6bba_ed9377fd,5833,85,33.0,195.0,18.0,1.071296,2.1215515,0.52380955,2.5434792,68.92444,0
6bba_ed9377fd,5834,85,32.0,210.0,0.0,1.012496,1.9918329,0.50793654,2.1396742,41.032837,1
6bba_ed9377fd,5835,85,18.0,207.0,167.0,0.9362234,2.5634584,0.2857143,2.5434792,68.92444,0
6bba_ed9377fd,5836,85,63.0,119.0,200.0,1.0492835,4.2111554,1.0,2.1396742,41.032837,0
6bba_ed9377fd,5837,85,6.0,237.0,43.0,0.83309054,3.1398082,0.0952381,2.5434792,68.92444,1
6bba_ed9377fd,5838,85,18.0,188.0,179.0,0.98024195,2.4012966,0.2857143,2.5434792,68.92444,0
6bba_ed9377fd,5839,85,0.0,240.0,8.0,0.79798067,4.4099393,0.0,2.1396742,41.032837,1
6bba_ed9377fd,5840,85,48.0,149.0,201.0,1.9934977,2.3199534,0.7619048,2.5434792,68.92444,0
6bba_ed9377fd,5841,85,30.0,178.0,220.0,1.024392,1.3083886,0.47619048,2.5434792,68.92444,1
6bba_ed9377fd,5842,85,40.0,130.0,242.0,1.2281321,2.2645938,0.63492066,2.5434792,68.92444,0
6bba_ed9377fd,5843,85,49.0,142.0,220.0,1.9656434,2.2020168,0.7777778,2.5434792,68.92444,0
6bba_ed9377fd,5844,85,20.0,180.0,249.0,0.8187319,3.959565,0.31746033,2.5434792,68.92444,0
6bba_ed9377fd,5845,85,53.0,133.0,208.0,1.2373999,1.387335,0.84126985,2.5434792,68.92444,0
6bba_ed9377fd,5846,85,56.0,166.0,65.0,0.7874207,1.6658942,0.8888889,2.5100527,66.24255,0
6bba_ed9377fd,5847,85,55.0,158.0,91.0,1.0879457,1.4718077,0.8730159,2.5434792,68.92444,3
6bba_ed9377fd,5848,85,42.0,118.0,255.0,1.2170011,1.5806096,0.6666667,2.1396742,41.032837,1
6bba_ed9377fd,5849,85,63.0,94.0,150.0,0.7075044,2.4209576,1.0,2.13031,40.49646,0
6bba_ed9377fd,5850,85,52.0,152.0,83.0,1.1648469,1.8237218,0.82539684,2.5401762,68.65625,3
6bba_ed9377fd,5851,85,39.0,158.0,228.0,1.8513343,1.8024728,0.61904764,2.5434792,68.92444,1
6bba_ed9377fd,5852,85,52.0,155.0,86.0,1.1371868,1.6359993,0.82539684,2.5434792,68.92444,3
6bba_ed9377fd,5853,85,52.0,152.0,96.0,1.102613,1.4257848,0.82539684,2.5434792,68.92444,4
6bba_ed9377fd,5854,85,32.0,200.0,130.0,0.6922813,3.137188,0.50793654,2.5434792,68.92444,0
6bba_ed9377fd,5855,85,33.0,167.0,227.0,1.4378318,1.0510525,0.52380955,2.5335438,68.11987,2
6bba_ed9377fd,5856,85,7.0,191.0,218.0,0.8711268,2.2631361,0.11111111,2.5434792,68.92444,0
6bba_ed9377fd,5857,85,63.0,87.0,232.0,0.82330865,1.6090256,1.0,2.0317688,35.13269,1
6bba_ed9377fd,5858,85,40.0,164.0,212.0,1.7030118,1.5219908,0.63492066,2.5368643,68.38806,0
6bba_ed9377fd,5859,85,58.0,113.0,233.0,2.0598342,1.9624313,0.9206349,2.5401762,68.65625,1
6bba_ed9377fd,5860,85,36.0,181.0,185.0,0.6517253,2.5897884,0.5714286,2.5434792,68.92444,0
6bba_ed9377fd,5861,85,0.0,222.0,90.0,0.9087271,1.8133297,0.0,2.1396742,41.032837,1
6bba_ed9377fd,5862,85,59.0,117.0,220.0,1.9389489,1.6946009,0.93650794,2.5401762,68.65625,1
6bba_ed9377fd,5863,85,63.0,96.0,244.0,1.1619399,1.9973956,1.0,2.1396742,41.032837,2
6bba_ed9377fd,5864,85,0.0,233.0,98.0,0.84164,1.4522965,0.0,2.1396742,41.032837,1
6bba_ed9377fd,5865,85,58.0,99.0,255.0,1.0330541,2.2489471,0.9206349,2.1396742,41.032837,3
6bba_ed9377fd,5866,85,40.0,188.0,116.0,0.6411548,3.237899,0.63492066,2.5434792,68.92444,1
6bba_ed9377fd,5867,85,59.0,153.0,106.0,0.7755361,1.1098517,0.93650794,2.5134354,66.51074,1
6bba_ed9377fd,5868,85,0.0,219.0,120.0,0.75701827,1.9444149,0.0,2.1396742,41.032837,0
6bba_ed9377fd,5869,85,15.0,222.0,116.0,0.53950757,2.0473478,0.23809524,2.5335438,68.11987,0
6bba_ed9377fd,5870,85,16.0,224.0,100.0,0.49906006,1.5670757,0.25396827,2.5302145,67.851685,0
6bba_ed9377fd,5871,85,40.0,191.0,106.0,0.56026554,2.0029323,0.63492066,2.5434792,68.92444,1
6bba_ed9377fd,5872,85,54.0,148.0,177.0,0.53170264,2.4716218,0.85714287,2.5434792,68.92444,1
6bba_ed9377fd,5873,85,54.0,145.0,185.0,0.59125113,1.8507272,0.85714287,2.5434792,68.92444,1
6bba_ed9377fd,5874,85,31.0,167.0,255.0,0.4194524,1.9171594,0.4920635,2.1017118,38.88733,1
6bba_ed9377fd,5875,85,26.0,162.0,255.0,0.5225111,4.1611466,0.41269842,2.1350024,40.76465,1
6bba_ed9377fd,5876,85,63.0,142.0,62.0,0.54022825,1.3991537,1.0,2.0623262,36.74182,0
6bba_ed9377fd,5877,85,0.0,215.0,175.0,0.41011393,2.7046158,0.0,2.1396742,41.032837,0
6bba_ed9377fd,5878,85,0.0,215.0,216.0,0.25646636,0.97862697,0.0,1.9454337,30.841675,0
6bba_ed9377fd,5879,85,7.0,229.0,8.0,0.40873742,1.2910658,0.11111111,2.5434792,68.92444,1
6bba_ed9377fd,5880,85,9.0,192.0,255.0,0.3951417,2.3477488,0.14285715,2.1350024,40.76465,0
6bba_ed9377fd,5881,85,41.0,199.0,0.0,0.48509017,0.032068465,0.6507937,1.7726524,23.332397,1
6bba_ed9377fd,5882,85,0.0,231.0,69.0,0.3477489,0.85344416,0.0,2.0723133,37.2782,1
6bba_ed9377fd,5883,85,16.0,219.0,72.0,0.28107557,2.402945,0.25396827,2.5168092,66.77893,0
6bba_ed9377fd,5884,85,58.0,111.0,255.0,0.4431488,0.12757362,0.9206349,1.7794183,23.600586,2
6bba_ed9377fd,5885,85,63.0,145.0,0.0,0.16854659,4.927031,1.0,1.7994134,24.405151,0
6bba_ed9377fd,5886,85,63.0,121.0,164.0,0.2195445,2.2827325,1.0,2.021376,34.596313,0
6bba_ed9377fd,5887,85,0.0,237.0,122.0,0.15078747,0.34789947,0.0,1.8059807,24.67334,0
6bba_ed9377fd,5888,85,50.0,170.0,31.0,0.15601341,2.3736405,0.7936508,2.4826555,64.097046,0
6bba_ed9377fd,5889,85,49.0,107.0,255.0,0.44461718,0.07628948,0.7777778,1.7589635,22.79602,3
6bba_ed9377fd,5890,86,45.0,187.0,52.0,1.0613253,6.0328593,0.71428573,2.5434792,68.92444,0
6bba_ed9377fd,5891,86,34.0,189.0,157.0,0.9702829,6.752383,0.53968257,2.5434792,68.92444,0
6bba_ed9377fd,5892,86,26.0,214.0,48.0,1.5126644,3.0829885,0.41269842,2.5434792,68.92444,1
6bba_ed9377fd,5893,86,47.0,169.0,147.0,1.0842603,3.9254086,0.74603176,2.5434792,68.92444,1
6bba_ed9377fd,5894,86,34.0,201.0,94.0,0.9211676,5.1544943,0.53968257,2.5434792,68.92444,0
6bba_ed9377fd,5895,86,27.0,214.0,39.0,1.6222253,3.5304565,0.42857143,2.5434792,68.92444,1
6bba_ed9377fd,5896,86,47.0,165.0,159.0,1.027643,3.4565103,0.74603176,2.5434792,68.92444,1
6bba_ed9377fd,5897,86,38.0,172.0,196.0,1.2606318,3.8801825,0.6031746,2.5434792,68.92444,0
6bba_ed9377fd,5898,86,5.0,236.0,57.0,0.8951073,3.6116698,0.07936508,2.5434792,68.92444,1
6bba_ed9377fd,5899,86,6.0,209.0,203.0,0.8344218,4.8963437,0.0952381,2.5434792,68.92444,0
6bba_ed9377fd,5900,86,18.0,227.0,24.0,0.8794688,3.1866918,0.2857143,2.5434792,68.92444,0
6bba_ed9377fd,5901,86,30.0,167.0,255.0,0.90274787,3.8943624,0.47619048,2.1396742,41.032837,0
6bba_ed9377fd,5902,86,33.0,194.0,18.0,1.0411731,2.0222719,0.52380955,2.5434792,68.92444,0
6bba_ed9377fd,5903,86,18.0,188.0,180.0,1.0370536,2.5459135,0.2857143,2.5434792,68.92444,0
6bba_ed9377fd,5904,86,0.0,239.0,8.0,0.81178206,4.799609,0.0,2.1396742,41.032837,1
6bba_ed9377fd,5905,86,63.0,119.0,201.0,1.0670006,4.010857,1.0,2.1396742,41.032837,0
6bba_ed9377fd,5906,86,18.0,209.0,163.0,0.80716157,2.4197104,0.2857143,2.5434792,68.92444,1
6bba_ed9377fd,5907,86,17.0,207.0,168.0,0.90802616,2.63672,0.26984128,2.5434792,68.92444,1
6bba_ed9377fd,5908,86,50.0,179.0,0.0,0.59900373,6.8369675,0.7936508,2.1396742,41.032837,0
6bba_ed9377fd,5909,86,5.0,237.0,41.0,0.78366673,2.916861,0.07936508,2.5434792,68.92444,0
6bba_ed9377fd,5910,86,19.0,180.0,248.0,0.8948559,4.5298615,0.3015873,2.5434792,68.92444,0
6bba_ed9377fd,5911,86,55.0,160.0,95.0,1.2470732,2.3127158,0.8730159,2.5434792,68.92444,2
6bba_ed9377fd,5912,86,32.0,209.0,4.0,0.98966956,1.9352647,0.50793654,2.5434792,68.92444,1
6bba_ed9377fd,5913,86,30.0,178.0,219.0,1.0120902,1.6565939,0.47619048,2.5434792,68.92444,1
6bba_ed9377fd,5914,86,49.0,148.0,203.0,2.124445,2.3613489,0.7777778,2.5434792,68.92444,0
6bba_ed9377fd,5915,86,50.0,141.0,222.0,1.9556158,2.07383,0.7936508,2.5434792,68.92444,0
6bba_ed9377fd,5916,86,57.0,157.0,107.0,0.8045275,1.449776,0.9047619,2.5100527,66.24255,2
6bba_ed9377fd,5917,86,56.0,165.0,65.0,0.8521686,1.8879539,0.8888889,2.5235295,67.31531,0
6bba_ed9377fd,5918,86,42.0,118.0,255.0,1.1272734,1.8911397,0.6666667,2.1396742,41.032837,2
6bba_ed9377fd,5919,86,42.0,120.0,249.0,1.1217425,2.3711915,0.6666667,2.5434792,68.92444,2
6bba_ed9377fd,5920,86,39.0,130.0,245.0,1.0120788,1.793055,0.61904764,2.5434792,68.92444,1
6bba_ed9377fd,5921,86,52.0,152.0,96.0,1.0796208,1.4676195,0.82539684,2.5434792,68.92444,3
6bba_ed9377fd,5922,86,52.0,151.0,83.0,1.0956535,1.9111068,0.82539684,2.5434792,68.92444,1
6bba_ed9377fd,5923,86,54.0,128.0,215.0,1.1773714,1.6932197,0.85714287,2.5434792,68.92444,0
6bba_ed9377fd,5924,86,40.0,158.0,228.0,1.9244359,1.9479923,0.63492066,2.5401762,68.65625,1
6bba_ed9377fd,5925,86,63.0,92.0,154.0,0.70171696,2.2215977,1.0,2.1065323,39.155518,0
6bba_ed9377fd,5926,86,32.0,201.0,127.0,0.6927327,2.7539184,0.50793654,2.5434792,68.92444,0
6bba_ed9377fd,5927,86,7.0,190.0,220.0,0.88219434,2.2516398,0.11111111,2.5434792,68.92444,0
6bba_ed9377fd,5928,86,39.0,189.0,116.0,0.70467436,3.178836,0.61904764,2.5434792,68.92444,1
6bba_ed9377fd,5929,86,34.0,166.0,227.0,1.3498861,0.96197116,0.53968257,2.5168092,66.77893,2
6bba_ed9377fd,5930,86,41.0,163.0,211.0,1.6835622,1.5711055,0.6507937,2.5302145,67.851685,0
6bba_ed9377fd,5931,86,60.0,112.0,222.0,1.9176646,1.6822655,0.95238096,2.5401762,68.65625,0
6bba_ed9377fd,5932,86,59.0,112.0,237.0,1.9289956,1.6453805,0.93650794,2.5434792,68.92444,0
6bba_ed9377fd,5933,86,0.0,221.0,89.0,0.85399216,1.8616776,0.0,2.1396742,41.032837,1
6bba_ed9377fd,5934,86,59.0,98.0,255.0,1.0251648,2.226996,0.93650794,2.1396742,41.032837,2
6bba_ed9377fd,5935,86,0.0,235.0,93.0,0.7468736,1.4589025,0.0,2.1350024,40.76465,1
6bba_ed9377fd,5936,86,35.0,183.0,182.0,0.56807625,3.8404806,0.5555556,2.5434792,68.92444,1
6bba_ed9377fd,5937,86,0.0,218.0,121.0,0.73011625,1.9763293,0.0,2.1396742,41.032837,0
6bba_ed9377fd,5938,86,63.0,142.0,63.0,0.63723093,1.8034413,1.0,2.0772712,37.546387,0
6bba_ed9377fd,5939,86,35.0,182.0,185.0,0.57341856,2.4414003,0.5555556,2.5434792,68.92444,1
6bba_ed9377fd,5940,86,15.0,224.0,98.0,0.5403475,1.5431012,0.23809524,2.5335438,68.11987,1
6bba_ed9377fd,5941,86,39.0,191.0,107.0,0.59023404,2.2088382,0.61904764,2.5434792,68.92444,1
6bba_ed9377fd,5942,86,63.0,87.0,237.0,0.6443907,1.2852,1.0,1.9454337,30.841675,0
6bba_ed9377fd,5943,86,15.0,223.0,111.0,0.53348535,1.5478071,0.23809524,2.5168092,66.77893,1
6bba_ed9377fd,5944,86,55.0,143.0,186.0,0.58185774,1.9573635,0.8730159,2.5434792,68.92444,1
6bba_ed9377fd,5945,86,54.0,147.0,179.0,0.52138937,2.1774704,0.85714287,2.5434792,68.92444,1
6bba_ed9377fd,5946,86,41.0,199.0,0.0,0.5039782,0.14637622,0.6507937,1.7994134,24.405151,1
6bba_ed9377fd,5947,86,7.0,229.0,10.0,0.4336036,1.4275659,0.11111111,2.5368643,68.38806,1
6bba_ed9377fd,5948,86,0.0,214.0,178.0,0.3816475,2.5512197,0.0,2.1396742,41.032837,1
6bba_ed9377fd,5949,86,0.0,231.0,70.0,0.3410018,0.8799402,0.0,2.010875,34.059937,1
6bba_ed9377fd,5950,86,8.0,192.0,255.0,0.3820314,2.1945577,0.12698413,2.1350024,40.76465,0
6bba_ed9377fd,5951,86,15.0,220.0,75.0,0.29691973,2.3071337,0.23809524,2.5134354,66.51074,0
6bba_ed9377fd,5952,86,0.0,214.0,218.0,0.20916952,0.5971116,0.0,1.8444173,26.28247,0
6bba_ed9377fd,5953,86,2.0,221.0,165.0,0.2829006,2.082058,0.031746034,2.4687274,63.024292,1
6bba_ed9377fd,5954,86,63.0,145.0,0.0,0.18303722,5.6212926,1.0,1.7927979,24.136963,0
6bba_ed9377fd,5955,86,63.0,121.0,165.0,0.23828855,2.2369792,1.0,2.0317688,35.13269,0
6bba_ed9377fd,5956,86,57.0,111.0,255.0,0.4426497,0.13651964,0.9047619,1.8317839,25.746094,2
6bba_ed9377fd,5957,86,51.0,170.0,31.0,0.1511796,2.156446,0.8095238,2.472224,63.29248,0
6bba_ed9377fd,5958,86,48.0,106.0,255.0,0.37748218,-0.01753084,0.7619048,1.6167089,17.70044,3
6bba_ed9377fd,5959,87,44.0,188.0,51.0,1.0447786,6.2927246,0.6984127,2.5434792,68.92444,0
6bba_ed9377fd,5960,87,34.0,189.0,154.0,1.0546461,6.5666924,0.53968257,2.5434792,68.92444,0
6bba_ed9377fd,5961,87,28.0,166.0,255.0,1.7399058,8.270941,0.44444445,2.1396742,41.032837,0
6bba_ed9377fd,5962,87,26.0,214.0,47.0,1.4662006,2.9858654,0.41269842,2.5434792,68.92444,1
6bba_ed9377fd,5963,87,46.0,167.0,157.0,1.0712559,3.3909192,0.73015875,2.5434792,68.92444,1
6bba_ed9377fd,5964,87,46.0,170.0,148.0,1.0442928,3.4804883,0.73015875,2.5434792,68.92444,1
6bba_ed9377fd,5965,87,37.0,173.0,196.0,1.2308061,4.3187814,0.5873016,2.5434792,68.92444,0
6bba_ed9377fd,5966,87,33.0,202.0,95.0,0.9354006,4.457897,0.52380955,2.5434792,68.92444,0
6bba_ed9377fd,5967,87,26.0,214.0,38.0,1.5877486,3.5216265,0.41269842,2.5434792,68.92444,1
6bba_ed9377fd,5968,87,0.0,238.0,8.0,0.89782417,4.9153714,0.0,2.1396742,41.032837,0
6bba_ed9377fd,5969,87,18.0,228.0,24.0,0.9060206,2.966311,0.2857143,2.5434792,68.92444,0
6bba_ed9377fd,5970,87,6.0,209.0,203.0,0.8186919,4.677871,0.0952381,2.5434792,68.92444,0
6bba_ed9377fd,5971,87,33.0,193.0,17.0,1.032551,2.061501,0.52380955,2.5434792,68.92444,0
6bba_ed9377fd,5972,87,17.0,188.0,181.0,1.0850146,2.5371425,0.26984128,2.5434792,68.92444,0
6bba_ed9377fd,5973,87,4.0,237.0,55.0,0.86960125,3.7629564,0.06349207,2.5434792,68.92444,0
6bba_ed9377fd,5974,87,54.0,161.0,96.0,1.2781386,2.353356,0.85714287,2.5434792,68.92444,1
6bba_ed9377fd,5975,87,51.0,177.0,0.0,0.5741653,8.540492,0.8095238,2.1396742,41.032837,0
6bba_ed9377fd,5976,87,19.0,181.0,246.0,0.92303604,3.6388605,0.3015873,2.5434792,68.92444,0
6bba_ed9377fd,5977,87,30.0,178.0,218.0,1.0897571,1.9562857,0.47619048,2.5434792,68.92444,0
6bba_ed9377fd,5978,87,50.0,147.0,203.0,2.0570686,2.1824365,0.7936508,2.5434792,68.92444,1
6bba_ed9377fd,5979,87,63.0,117.0,204.0,1.0371618,3.4674132,1.0,2.1396742,41.032837,0
6bba_ed9377fd,5980,87,17.0,208.0,166.0,0.87298954,2.8634677,0.26984128,2.5434792,68.92444,0
6bba_ed9377fd,5981,87,4.0,238.0,38.0,0.74872726,3.0832014,0.06349207,2.5434792,68.92444,0
6bba_ed9377fd,5982,87,56.0,158.0,107.0,0.8482033,1.5551355,0.8888889,2.5302145,67.851685,1
6bba_ed9377fd,5983,87,32.0,208.0,6.0,0.97396827,1.8676515,0.50793654,2.5434792,68.92444,1
6bba_ed9377fd,5984,87,39.0,130.0,244.0,1.0066794,2.0972881,0.61904764,2.5434792,68.92444,0
6bba_ed9377fd,5985,87,40.0,188.0,114.0,0.7453847,3.5569882,0.63492066,2.5434792,68.92444,0
6bba_ed9377fd,5986,87,42.0,118.0,255.0,1.0936819,1.9861506,0.6666667,2.1396742,41.032837,1
6bba_ed9377fd,5987,87,51.0,140.0,221.0,2.114406,2.116312,0.8095238,2.5434792,68.92444,0
6bba_ed9377fd,5988,87,62.0,109.0,226.0,2.0622747,1.8168415,0.984127,2.3316977,53.10132,1
6bba_ed9377fd,5989,87,52.0,151.0,83.0,1.1211424,1.9469644,0.82539684,2.5434792,68.92444,0
6bba_ed9377fd,5990,87,56.0,165.0,66.0,0.8151894,1.8069379,0.8888889,2.5032594,65.70618,0
6bba_ed9377fd,5991,87,31.0,201.0,129.0,0.7256609,3.0334551,0.4920635,2.5434792,68.92444,0
6bba_ed9377fd,5992,87,39.0,158.0,227.0,1.9898582,2.294124,0.61904764,2.5434792,68.92444,0
6bba_ed9377fd,5993,87,54.0,128.0,212.0,1.2516156,1.4748228,0.85714287,2.5434792,68.92444,0
6bba_ed9377fd,5994,87,63.0,91.0,156.0,0.7481885,1.973565,1.0,2.120863,39.960083,0
6bba_ed9377fd,5995,87,40.0,163.0,210.0,1.6777799,1.7881289,0.63492066,2.5434792,68.92444,0
6bba_ed9377fd,5996,87,63.0,103.0,144.0,0.71054673,2.0749156,1.0,2.1350024,40.76465,0
6bba_ed9377fd,5997,87,6.0,190.0,221.0,0.90860885,2.3241136,0.0952381,2.5434792,68.92444,0
6bba_ed9377fd,5998,87,63.0,142.0,64.0,0.6888563,1.9852414,1.0,2.0871162,38.082764,0
6bba_ed9377fd,5999,87,59.0,110.0,239.0,1.9415257,1.5735219,0.93650794,2.5268764,67.583496,1
6bba_ed9377fd,6000,87,0.0,222.0,89.0,0.85215896,1.864702,0.0,2.1396742,41.032837,1
6bba_ed9377fd,6001,87,0.0,235.0,92.0,0.7622777,1.5747526,0.0,2.1396742,41.032837,1
6bba_ed9377fd,6002,87,59.0,97.0,247.0,1.1999521,0.90562826,0.93650794,2.5401762,68.65625,0
6bba_ed9377fd,6003,87,0.0,218.0,120.0,0.7196837,2.0023553,0.0,2.1396742,41.032837,0
6bba_ed9377fd,6004,87,15.0,225.0,98.0,0.5249261,1.5252737,0.23809524,2.5235295,67.31531,1
6bba_ed9377fd,6005,87,35.0,184.0,179.0,0.5041225,4.4506927,0.5555556,2.5401762,68.65625,0
6bba_ed9377fd,6006,87,15.0,223.0,110.0,0.503374,1.4704651,0.23809524,2.5134354,66.51074,1
6bba_ed9377fd,6007,87,54.0,145.0,183.0,0.52215505,2.1703935,0.85714287,2.5434792,68.92444,1
6bba_ed9377fd,6008,87,55.0,142.0,192.0,0.55771154,0.78122914,0.8730159,2.5134354,66.51074,2
6bba_ed9377fd,6009,87,14.0,223.0,67.0,0.32865378,2.4538476,0.22222222,2.5201738,67.04712,1
6bba_ed9377fd,6010,87,14.0,222.0,73.0,0.3358417,2.421266,0.22222222,2.5235295,67.31531,1
6bba_ed9377fd,6011,87,63.0,83.0,235.0,0.43311933,0.79753745,1.0,1.8992338,28.696167,0
6bba_ed9377fd,6012,87,0.0,213.0,179.0,0.37695432,2.3882868,0.0,2.1396742,41.032837,0
6bba_ed9377fd,6013,87,9.0,191.0,255.0,0.39921105,1.4879168,0.14285715,2.13031,40.49646,0
6bba_ed9377fd,6014,87,0.0,221.0,165.0,0.2859405,1.9903226,0.0,2.1396742,41.032837,0
6bba_ed9377fd,6015,87,63.0,121.0,164.0,0.2682522,2.335607,1.0,2.0471616,35.937256,0
6bba_ed9377fd,6016,87,63.0,144.0,0.0,0.19639833,6.5159664,1.0,1.7994134,24.405151,0
6bba_ed9377fd,6017,87,57.0,110.0,255.0,0.5210907,0.047256004,0.9047619,1.7589635,22.79602,1
6bba_ed9377fd,6018,87,0.0,230.0,68.0,0.2670045,0.5293751,0.0,1.8932986,28.427979,0
6bba_ed9377fd,6019,87,40.0,198.0,0.0,0.4698588,0.013274716,0.63492066,1.7380214,21.991455,1
6bba_ed9377fd,6020,87,49.0,106.0,255.0,0.43113258,0.05835796,0.7777778,1.7520384,22.527832,2
6bba_ed9377fd,6021,87,50.0,172.0,28.0,0.17953114,2.6481416,0.7936508,2.4826555,64.097046,0
6bba_ed9377fd,6022,87,0.0,214.0,220.0,0.1601835,0.316446,0.0,1.7927979,24.136963,0
6bba_ed9377fd,6023,87,39.0,169.0,171.0,0.24106231,0.30502427,0.61904764,2.3626873,55.246826,0
6bba_ed9377fd,6024,88,34.0,190.0,152.0,1.2074884,6.54557,0.53968257,2.5434792,68.92444,0
6bba_ed9377fd,6025,88,32.0,204.0,93.0,1.0963906,5.2157326,0.50793654,2.5434792,68.92444,0
6bba_ed9377fd,6026,88,44.0,188.0,51.0,0.97359115,5.6308465,0.6984127,2.5434792,68.92444,0
6bba_ed9377fd,6027,88,46.0,167.0,159.0,1.1407921,3.8487601,0.73015875,2.5434792,68.92444,1
6bba_ed9377fd,6028,88,26.0,216.0,48.0,1.4483279,3.086686,0.41269842,2.5434792,68.92444,1
6bba_ed9377fd,6029,88,27.0,215.0,39.0,1.462435,3.1910572,0.42857143,2.5434792,68.92444,2
6bba_ed9377fd,6030,88,46.0,170.0,150.0,1.1006817,3.2698472,0.73015875,2.5434792,68.92444,1
6bba_ed9377fd,6031,88,18.0,228.0,24.0,1.0136673,3.1647842,0.2857143,2.5434792,68.92444,0
6bba_ed9377fd,6032,88,37.0,173.0,200.0,1.2249323,3.8386426,0.5873016,2.5434792,68.92444,0
6bba_ed9377fd,6033,88,0.0,239.0,8.0,0.942549,4.70907,0.0,2.1396742,41.032837,0
6bba_ed9377fd,6034,88,51.0,145.0,205.0,2.132724,2.4373085,0.8095238,2.5434792,68.92444,1
6bba_ed9377fd,6035,88,19.0,181.0,247.0,1.048401,3.5391164,0.3015873,2.5434792,68.92444,0
6bba_ed9377fd,6036,88,53.0,165.0,94.0,1.1999291,2.441294,0.84126985,2.5434792,68.92444,2
6bba_ed9377fd,6037,88,7.0,208.0,209.0,0.8563625,3.7167006,0.11111111,2.5434792,68.92444,0
6bba_ed9377fd,6038,88,17.0,189.0,183.0,1.0867687,2.5908582,0.26984128,2.5434792,68.92444,0
6bba_ed9377fd,6039,88,30.0,178.0,220.0,1.1194112,2.2845547,0.47619048,2.5434792,68.92444,0
6bba_ed9377fd,6040,88,54.0,163.0,99.0,1.1417919,2.212003,0.85714287,2.5434792,68.92444,2
6bba_ed9377fd,6041,88,0.0,239.0,36.0,0.8191624,4.115595,0.0,2.1396742,41.032837,0
6bba_ed9377fd,6042,88,31.0,210.0,6.0,1.0963793,2.3801289,0.4920635,2.5434792,68.92444,0
6bba_ed9377fd,6043,88,32.0,196.0,16.0,1.0308827,2.0949888,0.50793654,2.5434792,68.92444,0
6bba_ed9377fd,6044,88,29.0,167.0,250.0,1.9378119,6.818015,0.46031746,2.5434792,68.92444,0
6bba_ed9377fd,6045,88,39.0,190.0,110.0,0.83999836,3.7541065,0.61904764,2.5434792,68.92444,0
6bba_ed9377fd,6046,88,18.0,210.0,164.0,0.8161836,2.3782032,0.2857143,2.5401762,68.65625,0
6bba_ed9377fd,6047,88,63.0,105.0,228.0,1.839567,1.7109762,1.0,2.1396742,41.032837,0
6bba_ed9377fd,6048,88,39.0,130.0,246.0,1.0670278,2.2210743,0.61904764,2.5434792,68.92444,1
6bba_ed9377fd,6049,88,41.0,122.0,255.0,1.1638498,2.1932569,0.6507937,2.1396742,41.032837,1
6bba_ed9377fd,6050,88,31.0,202.0,128.0,0.78666645,2.990444,0.4920635,2.5434792,68.92444,0
6bba_ed9377fd,6051,88,0.0,238.0,52.0,0.73468465,3.2221775,0.0,2.1396742,41.032837,0
6bba_ed9377fd,6052,88,40.0,155.0,229.0,1.9880983,2.4994874,0.63492066,2.5434792,68.92444,0
6bba_ed9377fd,6053,88,50.0,154.0,96.0,1.0757297,1.679997,0.7936508,2.5434792,68.92444,3
6bba_ed9377fd,6054,88,54.0,124.0,225.0,1.0959564,1.4476085,0.85714287,2.5434792,68.92444,1
6bba_ed9377fd,6055,88,52.0,151.0,84.0,1.0775981,2.0025542,0.82539684,2.5434792,68.92444,1
6bba_ed9377fd,6056,88,63.0,105.0,143.0,0.74499243,2.5025887,1.0,2.1396742,41.032837,1
6bba_ed9377fd,6057,88,63.0,119.0,206.0,0.96516067,2.2833166,1.0,2.1396742,41.032837,0
6bba_ed9377fd,6058,88,50.0,179.0,0.0,0.4808576,6.8356967,0.7936508,2.1396742,41.032837,0
6bba_ed9377fd,6059,88,40.0,161.0,214.0,1.6687579,1.8021959,0.63492066,2.5434792,68.92444,0
6bba_ed9377fd,6060,88,6.0,191.0,222.0,0.9750824,2.4333868,0.0952381,2.5434792,68.92444,0
6bba_ed9377fd,6061,88,63.0,144.0,65.0,0.78328675,2.2150028,1.0,2.0871162,38.082764,0
6bba_ed9377fd,6062,88,52.0,137.0,223.0,1.9541873,1.9680024,0.82539684,2.5335438,68.11987,1
6bba_ed9377fd,6063,88,56.0,164.0,63.0,0.84748334,1.9666909,0.8888889,2.5335438,68.11987,0
6bba_ed9377fd,6064,88,63.0,95.0,153.0,0.69174516,1.8897876,1.0,2.13031,40.49646,1
6bba_ed9377fd,6065,88,0.0,223.0,93.0,0.91304606,1.9687169,0.0,2.1396742,41.032837,1
6bba_ed9377fd,6066,88,62.0,94.0,248.0,1.3099942,0.90708256,0.984127,2.3277657,52.83313,0
6bba_ed9377fd,6067,88,0.0,221.0,112.0,0.8965861,2.112424,0.0,2.1396742,41.032837,2
6bba_ed9377fd,6068,88,0.0,220.0,117.0,0.8141526,1.9858708,0.0,2.1396742,41.032837,1
6bba_ed9377fd,6069,88,35.0,185.0,176.0,0.5411074,4.5646505,0.5555556,2.5434792,68.92444,1
6bba_ed9377fd,6070,88,0.0,237.0,90.0,0.7022257,1.4623337,0.0,2.1350024,40.76465,1
6bba_ed9377fd,6071,88,14.0,226.0,100.0,0.56108266,1.3981482,0.22222222,2.5134354,66.51074,1
6bba_ed9377fd,6072,88,14.0,224.0,111.0,0.5540262,1.4874504,0.22222222,2.5335438,68.11987,2
6bba_ed9377fd,6073,88,54.0,147.0,184.0,0.51725835,2.3792298,0.85714287,2.5434792,68.92444,2
6bba_ed9377fd,6074,88,53.0,150.0,176.0,0.47331974,2.396426,0.84126985,2.5434792,68.92444,1
6bba_ed9377fd,6075,88,55.0,144.0,192.0,0.5152528,0.82846683,0.8730159,2.5100527,66.24255,2
6bba_ed9377fd,6076,88,0.0,219.0,177.0,0.405747,2.819898,0.0,2.1396742,41.032837,1
6bba_ed9377fd,6077,88,13.0,228.0,70.0,0.35130873,2.549733,0.20634921,2.5201738,67.04712,1
6bba_ed9377fd,6078,88,63.0,147.0,0.0,0.23878911,5.875865,1.0,1.7994134,24.405151,0
6bba_ed9377fd,6079,88,8.0,193.0,255.0,0.41331953,1.5194315,0.12698413,2.120863,39.960083,0
6bba_ed9377fd,6080,88,41.0,199.0,0.0,0.42837813,0.09228114,0.6507937,1.7380214,21.991455,0
6bba_ed9377fd,6081,88,63.0,122.0,165.0,0.28459686,2.2999985,1.0,2.0471616,35.937256,0
6bba_ed9377fd,6082,88,4.0,222.0,166.0,0.28796056,1.9178865,0.06349207,2.5434792,68.92444,1
6bba_ed9377fd,6083,88,33.0,203.0,43.0,0.32317433,0.36263573,0.52380955,2.418696,59.269653,1
6bba_ed9377fd,6084,88,50.0,175.0,25.0,0.1826851,2.19262,0.7936508,2.499849,65.43799,0
6bba_ed9377fd,6085,88,0.0,235.0,72.0,0.22729933,0.25584012,0.0,1.7994134,24.405151,1
6bba_ed9377fd,6086,88,0.0,215.0,223.0,0.16633557,0.25234634,0.0,1.8059807,24.67334,0
6bba_ed9377fd,6087,88,39.0,171.0,173.0,0.22116138,0.36443117,0.61904764,2.3778818,56.31958,1
6bba_ed9377fd,6088,89,33.0,193.0,154.0,1.1025158,5.9655743,0.52380955,2.5434792,68.92444,0
6bba_ed9377fd,6089,89,45.0,169.0,161.0,1.1632527,3.6269696,0.71428573,2.5434792,68.92444,1
6bba_ed9377fd,6090,89,0.0,241.0,37.0,0.9626847,5.7445674,0.0,2.1396742,41.032837,0
6bba_ed9377fd,6091,89,45.0,172.0,153.0,1.1557677,3.3213482,0.71428573,2.5434792,68.92444,1
6bba_ed9377fd,6092,89,26.0,217.0,48.0,1.3565654,3.0795999,0.41269842,2.5434792,68.92444,0
6bba_ed9377fd,6093,89,44.0,190.0,53.0,0.9187965,5.4152217,0.6984127,2.5434792,68.92444,0
6bba_ed9377fd,6094,89,32.0,206.0,95.0,0.93644613,4.874497,0.50793654,2.5434792,68.92444,0
6bba_ed9377fd,6095,89,0.0,241.0,8.0,0.959575,4.8316917,0.0,2.1396742,41.032837,0
6bba_ed9377fd,6096,89,18.0,229.0,26.0,0.99916,2.9646378,0.2857143,2.5434792,68.92444,0
6bba_ed9377fd,6097,89,36.0,175.0,204.0,1.167921,3.110136,0.5714286,2.5434792,68.92444,0
6bba_ed9377fd,6098,89,63.0,105.0,146.0,0.97580445,2.6211646,1.0,2.1396742,41.032837,0
6bba_ed9377fd,6099,89,50.0,147.0,206.0,2.0524292,2.3565857,0.7936508,2.5434792,68.92444,0
6bba_ed9377fd,6100,89,53.0,167.0,96.0,1.2244639,2.6587048,0.84126985,2.5434792,68.92444,1
6bba_ed9377fd,6101,89,31.0,212.0,9.0,1.1119834,2.4081428,0.4920635,2.5434792,68.92444,0
6bba_ed9377fd,6102,89,32.0,197.0,19.0,1.0342709,2.0890973,0.50793654,2.5434792,68.92444,0
6bba_ed9377fd,6103,89,17.0,190.0,185.0,1.072273,2.6436121,0.26984128,2.5434792,68.92444,0
6bba_ed9377fd,6104,89,6.0,210.0,210.0,0.87088114,3.5625346,0.0952381,2.5434792,68.92444,0
6bba_ed9377fd,6105,89,29.0,181.0,222.0,1.0350138,2.161326,0.46031746,2.5434792,68.92444,0
6bba_ed9377fd,6106,89,19.0,183.0,248.0,1.023552,3.1201348,0.3015873,2.5434792,68.92444,0
6bba_ed9377fd,6107,89,29.0,170.0,250.0,1.9093118,5.8217945,0.46031746,2.5434792,68.92444,0
6bba_ed9377fd,6108,89,40.0,124.0,255.0,1.125162,2.0636983,0.63492066,2.1396742,41.032837,1
6bba_ed9377fd,6109,89,38.0,133.0,246.0,1.0920424,2.4327893,0.6031746,2.5434792,68.92444,1
6bba_ed9377fd,6110,89,38.0,193.0,113.0,0.8168521,3.7275763,0.6031746,2.5434792,68.92444,0
6bba_ed9377fd,6111,89,0.0,241.0,53.0,0.7479774,3.7728481,0.0,2.1396742,41.032837,0
6bba_ed9377fd,6112,89,54.0,125.0,228.0,1.179114,2.2104857,0.85714287,2.5434792,68.92444,0
6bba_ed9377fd,6113,89,30.0,204.0,130.0,0.7931915,3.0834281,0.47619048,2.5434792,68.92444,0
6bba_ed9377fd,6114,89,17.0,212.0,165.0,0.7667026,2.4004295,0.26984128,2.5401762,68.65625,1
6bba_ed9377fd,6115,89,50.0,155.0,97.0,1.0807749,1.8579957,0.7936508,2.5434792,68.92444,2
6bba_ed9377fd,6116,89,63.0,106.0,230.0,1.9877343,1.991841,1.0,2.1396742,41.032837,1
6bba_ed9377fd,6117,89,51.0,153.0,87.0,1.1162914,2.1314812,0.8095238,2.5434792,68.92444,1
6bba_ed9377fd,6118,89,50.0,181.0,0.0,0.4930754,6.715606,0.7936508,2.1396742,41.032837,0
6bba_ed9377fd,6119,89,63.0,145.0,66.0,0.887286,2.6349485,1.0,2.0673318,37.01001,0
6bba_ed9377fd,6120,89,17.0,210.0,172.0,0.8094014,2.2462523,0.26984128,2.5401762,68.65625,1
6bba_ed9377fd,6121,89,41.0,155.0,232.0,2.0114446,2.2997987,0.6507937,2.5401762,68.65625,0
6bba_ed9377fd,6122,89,63.0,119.0,209.0,0.9225092,3.122939,1.0,2.1396742,41.032837,0
6bba_ed9377fd,6123,89,6.0,193.0,222.0,0.9623065,2.3092172,0.0952381,2.5434792,68.92444,0
6bba_ed9377fd,6124,89,41.0,160.0,217.0,1.9344977,2.0771716,0.6507937,2.5434792,68.92444,0
6bba_ed9377fd,6125,89,56.0,165.0,63.0,0.8610649,2.1133146,0.8888889,2.5235295,67.31531,0
6bba_ed9377fd,6126,89,52.0,141.0,222.0,2.248376,2.3570347,0.82539684,2.5368643,68.38806,0
6bba_ed9377fd,6127,89,61.0,108.0,243.0,1.9114255,1.7384284,0.96825397,2.4687274,63.024292,2
6bba_ed9377fd,6128,89,0.0,225.0,94.0,0.9018359,1.8985246,0.0,2.1396742,41.032837,3
6bba_ed9377fd,6129,89,0.0,238.0,93.0,0.77553195,1.62364,0.0,2.1396742,41.032837,1
6bba_ed9377fd,6130,89,63.0,93.0,255.0,0.99962884,0.63425833,1.0,1.7994134,24.405151,1
6bba_ed9377fd,6131,89,62.0,97.0,246.0,1.6302601,1.3714173,0.984127,2.3277657,52.83313,2
6bba_ed9377fd,6132,89,0.0,221.0,122.0,0.7556266,2.0807416,0.0,2.1396742,41.032837,1
6bba_ed9377fd,6133,89,0.0,223.0,108.0,0.9339207,2.1624324,0.0,2.1396742,41.032837,3
6bba_ed9377fd,6134,89,34.0,186.0,184.0,0.5078307,3.7010632,0.53968257,2.5434792,68.92444,1
6bba_ed9377fd,6135,89,34.0,187.0,180.0,0.5223835,4.0863876,0.53968257,2.5434792,68.92444,1
6bba_ed9377fd,6136,89,12.0,229.0,99.0,0.5929367,1.1157745,0.1904762,2.4964292,65.1698,2
6bba_ed9377fd,6137,89,12.0,227.0,111.0,0.5566716,1.0846679,0.1904762,2.4964292,65.1698,2
6bba_ed9377fd,6138,89,52.0,153.0,177.0,0.4663204,2.6127756,0.82539684,2.5434792,68.92444,1
6bba_ed9377fd,6139,89,54.0,148.0,186.0,0.47907346,2.1744337,0.85714287,2.5434792,68.92444,1
6bba_ed9377fd,6140,89,41.0,201.0,0.0,0.5003119,0.33548278,0.6507937,1.8381224,26.014282,0
6bba_ed9377fd,6141,89,63.0,149.0,0.0,0.27590325,6.3584113,1.0,1.7994134,24.405151,0
6bba_ed9377fd,6142,89,13.0,230.0,69.0,0.35787952,2.6019576,0.20634921,2.5268764,67.583496,1
6bba_ed9377fd,6143,89,0.0,220.0,180.0,0.36107033,2.1656635,0.0,2.1396742,41.032837,1
6bba_ed9377fd,6144,89,8.0,194.0,255.0,0.42162138,1.2175064,0.12698413,2.1350024,40.76465,0
6bba_ed9377fd,6145,89,0.0,224.0,167.0,0.30106628,2.1482959,0.0,2.1396742,41.032837,1
6bba_ed9377fd,6146,89,63.0,123.0,167.0,0.28626686,2.3101392,1.0,2.0723133,37.2782,0
6bba_ed9377fd,6147,89,33.0,205.0,41.0,0.33971557,0.4763769,0.52380955,2.4223385,59.53784,0
6bba_ed9377fd,6148,89,17.0,223.0,0.0,0.19743168,0.64193916,0.26984128,2.0471616,35.937256,1
6bba_ed9377fd,6149,89,51.0,175.0,24.0,0.18000537,2.2604642,0.8095238,2.4791882,63.828857,0
6bba_ed9377fd,6150,89,26.0,224.0,0.0,0.27852157,0.23513898,0.41269842,1.8992338,28.696167,1
6bba_ed9377fd,6151,89,0.0,236.0,71.0,0.1902527,0.2466121,0.0,1.7726524,23.332397,1
6bba_ed9377fd,6152,89,39.0,172.0,175.0,0.22858922,0.3010848,0.61904764,2.3741014,56.05139,0
6bba_ed9377fd,6153,90,33.0,193.0,158.0,1.3157579,5.7781415,0.52380955,2.5434792,68.92444,0
6bba_ed9377fd,6154,90,30.0,208.0,98.0,1.0347053,5.175155,0.47619048,2.5434792,68.92444,0
6bba_ed9377fd,6155,90,45.0,171.0,164.0,1.1623329,3.7583687,0.71428573,2.5434792,68.92444,2
6bba_ed9377fd,6156,90,43.0,192.0,57.0,0.9742197,5.210229,0.6825397,2.5434792,68.92444,0
6bba_ed9377fd,6157,90,25.0,220.0,51.0,1.3687071,3.1373732,0.3968254,2.5434792,68.92444,0
6bba_ed9377fd,6158,90,44.0,174.0,156.0,1.1546421,3.2629263,0.6984127,2.5434792,68.92444,1
6bba_ed9377fd,6159,90,0.0,244.0,37.0,0.7647442,5.993632,0.0,2.1396742,41.032837,0
6bba_ed9377fd,6160,90,17.0,231.0,29.0,1.0578514,2.801775,0.26984128,2.5434792,68.92444,0
6bba_ed9377fd,6161,90,63.0,103.0,148.0,1.044024,2.6808367,1.0,2.1350024,40.76465,0
6bba_ed9377fd,6162,90,36.0,174.0,210.0,1.1455059,2.6235723,0.5714286,2.5434792,68.92444,0
6bba_ed9377fd,6163,90,37.0,194.0,120.0,0.9040036,3.609743,0.5873016,2.5434792,68.92444,1
6bba_ed9377fd,6164,90,50.0,147.0,206.0,1.9101859,2.1232316,0.7936508,2.5434792,68.92444,0
6bba_ed9377fd,6165,90,30.0,214.0,12.0,1.105064,2.374744,0.47619048,2.5434792,68.92444,1
6bba_ed9377fd,6166,90,0.0,241.0,9.0,0.8695018,4.2013474,0.0,2.1396742,41.032837,0
6bba_ed9377fd,6167,90,52.0,169.0,99.0,1.2487643,2.7220383,0.82539684,2.5401762,68.65625,2
6bba_ed9377fd,6168,90,16.0,191.0,188.0,1.0930538,2.616598,0.25396827,2.5434792,68.92444,0
6bba_ed9377fd,6169,90,50.0,182.0,0.0,0.67280906,9.048906,0.7936508,2.1396742,41.032837,0
6bba_ed9377fd,6170,90,39.0,126.0,255.0,1.145336,2.5101068,0.61904764,2.1396742,41.032837,0
6bba_ed9377fd,6171,90,28.0,183.0,224.0,1.0160155,1.8402857,0.44444445,2.5434792,68.92444,0
6bba_ed9377fd,6172,90,30.0,201.0,18.0,1.0769297,2.057214,0.47619048,2.5434792,68.92444,1
6bba_ed9377fd,6173,90,53.0,167.0,108.0,0.9357891,2.0014322,0.84126985,2.5235295,67.31531,2
6bba_ed9377fd,6174,90,38.0,196.0,112.0,0.76688546,2.6063163,0.6031746,2.5434792,68.92444,1
6bba_ed9377fd,6175,90,53.0,125.0,234.0,1.1449345,3.3991077,0.84126985,2.5434792,68.92444,0
6bba_ed9377fd,6176,90,29.0,206.0,132.0,0.8453293,2.8262098,0.46031746,2.5434792,68.92444,0
6bba_ed9377fd,6177,90,5.0,211.0,214.0,0.86456746,3.481471,0.07936508,2.5434792,68.92444,0
6bba_ed9377fd,6178,90,18.0,184.0,251.0,1.0251577,2.8831394,0.2857143,2.5434792,68.92444,0
6bba_ed9377fd,6179,90,29.0,171.0,248.0,1.9004897,4.6597576,0.46031746,2.5434792,68.92444,0
6bba_ed9377fd,6180,90,63.0,105.0,229.0,1.8202567,2.0125103,1.0,2.1396742,41.032837,1
6bba_ed9377fd,6181,90,63.0,97.0,236.0,1.598092,1.2442577,1.0,2.1396742,41.032837,2
6bba_ed9377fd,6182,90,63.0,99.0,246.0,1.8653461,2.0130305,1.0,2.1396742,41.032837,1
6bba_ed9377fd,6183,90,41.0,155.0,238.0,2.0466068,2.4093904,0.6507937,2.5434792,68.92444,0
6bba_ed9377fd,6184,90,63.0,144.0,72.0,1.01121,2.995061,1.0,2.057296,36.473633,0
6bba_ed9377fd,6185,90,16.0,211.0,171.0,0.857111,2.3152974,0.25396827,2.5434792,68.92444,1
6bba_ed9377fd,6186,90,17.0,210.0,176.0,0.84512365,2.084502,0.26984128,2.5434792,68.92444,1
6bba_ed9377fd,6187,90,49.0,158.0,99.0,1.0464698,1.6737376,0.7777778,2.5434792,68.92444,3
6bba_ed9377fd,6188,90,56.0,167.0,65.0,0.88990784,2.185512,0.8888889,2.5401762,68.65625,0
6bba_ed9377fd,6189,90,51.0,155.0,88.0,1.0581257,2.0872314,0.8095238,2.5434792,68.92444,1
6bba_ed9377fd,6190,90,6.0,193.0,225.0,0.97973907,2.2626138,0.0952381,2.5434792,68.92444,0
6bba_ed9377fd,6191,90,42.0,158.0,223.0,1.8588765,1.9787899,0.6666667,2.5434792,68.92444,0
6bba_ed9377fd,6192,90,53.0,139.0,221.0,2.1439004,2.3359447,0.84126985,2.5434792,68.92444,0
6bba_ed9377fd,6193,90,63.0,121.0,211.0,0.8890809,2.6951013,1.0,2.1350024,40.76465,0
6bba_ed9377fd,6194,90,10.0,231.0,100.0,0.79733396,1.3114258,0.15873016,2.5302145,67.851685,3
6bba_ed9377fd,6195,90,0.0,225.0,98.0,0.96217597,1.651319,0.0,2.1396742,41.032837,1
6bba_ed9377fd,6196,90,40.0,204.0,0.0,0.6841918,0.9104939,0.63492066,2.0471616,35.937256,0
6bba_ed9377fd,6197,90,0.0,240.0,96.0,0.7812904,1.3982542,0.0,2.1350024,40.76465,1
6bba_ed9377fd,6198,90,0.0,243.0,54.0,0.4688223,3.1348612,0.0,2.13031,40.49646,0
6bba_ed9377fd,6199,90,0.0,222.0,122.0,0.72760165,1.8209931,0.0,2.1396742,41.032837,0
6bba_ed9377fd,6200,90,33.0,189.0,183.0,0.54646116,3.4553,0.52380955,2.5434792,68.92444,0
6bba_ed9377fd,6201,90,54.0,150.0,187.0,0.5895484,2.548478,0.85714287,2.5434792,68.92444,1
6bba_ed9377fd,6202,90,11.0,229.0,112.0,0.61701435,1.0510819,0.17460318,2.4861133,64.365234,1
6bba_ed9377fd,6203,90,54.0,152.0,176.0,0.49897438,2.5912728,0.85714287,2.5401762,68.65625,1
6bba_ed9377fd,6204,90,0.0,221.0,182.0,0.42309943,2.8116305,0.0,2.1396742,41.032837,0
6bba_ed9377fd,6205,90,13.0,231.0,70.0,0.383717,2.6568303,0.20634921,2.5368643,68.38806,0
6bba_ed9377fd,6206,90,63.0,150.0,0.0,0.27109453,6.748732,1.0,1.7994134,24.405151,0
6bba_ed9377fd,6207,90,63.0,122.0,160.0,0.3224305,1.7183713,1.0,2.0265856,34.864502,1
6bba_ed9377fd,6208,90,33.0,207.0,42.0,0.3822429,0.9588309,0.52380955,2.472224,63.29248,0
6bba_ed9377fd,6209,90,63.0,123.0,170.0,0.3153379,1.9832152,1.0,2.0369256,35.40088,1
6bba_ed9377fd,6210,90,8.0,196.0,255.0,0.40626532,1.0961934,0.12698413,2.1161075,39.691895,0
6bba_ed9377fd,6211,90,51.0,176.0,22.0,0.17945114,2.1810374,0.8095238,2.5032594,65.70618,1
6bba_ed9377fd,6212,90,47.0,179.0,82.0,0.24018809,0.41778824,0.74603176,2.3588579,54.978638,0
6bba_ed9377fd,6213,90,50.0,179.0,24.0,0.17612003,1.9417894,0.7936508,2.5032594,65.70618,1
6bba_ed9377fd,6214,90,43.0,159.0,200.0,0.29109174,0.31456912,0.6825397,2.418696,59.269653,0
6bba_ed9377fd,6215,90,38.0,176.0,176.0,0.23018906,0.22672777,0.6031746,2.2876928,50.151245,1
6bba_ed9377fd,6216,91,33.0,193.0,158.0,1.3157579,5.7781415,0.52380955,2.5434792,68.92444,0
6bba_ed9377fd,6217,91,30.0,208.0,98.0,1.0347053,5.175155,0.47619048,2.5434792,68.92444,0
6bba_ed9377fd,6218,91,45.0,171.0,164.0,1.1623329,3.7583687,0.71428573,2.5434792,68.92444,2
6bba_ed9377fd,6219,91,43.0,192.0,57.0,0.9742197,5.210229,0.6825397,2.5434792,68.92444,0
6bba_ed9377fd,6220,91,25.0,220.0,51.0,1.3687071,3.1373732,0.3968254,2.5434792,68.92444,0
6bba_ed9377fd,6221,91,44.0,174.0,156.0,1.1546421,3.2629263,0.6984127,2.5434792,68.92444,1
6bba_ed9377fd,6222,91,0.0,244.0,37.0,0.7647442,5.993632,0.0,2.1396742,41.032837,0
6bba_ed9377fd,6223,91,17.0,231.0,29.0,1.0578514,2.801775,0.26984128,2.5434792,68.92444,0
6bba_ed9377fd,6224,91,63.0,103.0,148.0,1.044024,2.6808367,1.0,2.1350024,40.76465,0
6bba_ed9377fd,6225,91,36.0,174.0,210.0,1.1455059,2.6235723,0.5714286,2.5434792,68.92444,0
6bba_ed9377fd,6226,91,37.0,194.0,120.0,0.9040036,3.609743,0.5873016,2.5434792,68.92444,1
6bba_ed9377fd,6227,91,50.0,147.0,206.0,1.9101859,2.1232316,0.7936508,2.5434792,68.92444,0
6bba_ed9377fd,6228,91,30.0,214.0,12.0,1.105064,2.374744,0.47619048,2.5434792,68.92444,1
6bba_ed9377fd,6229,91,0.0,241.0,9.0,0.8695018,4.2013474,0.0,2.1396742,41.032837,0
6bba_ed9377fd,6230,91,52.0,169.0,99.0,1.2487643,2.7220383,0.82539684,2.5401762,68.65625,2
6bba_ed9377fd,6231,91,16.0,191.0,188.0,1.0930538,2.616598,0.25396827,2.5434792,68.92444,0
6bba_ed9377fd,6232,91,50.0,182.0,0.0,0.67280906,9.048906,0.7936508,2.1396742,41.032837,0
6bba_ed9377fd,6233,91,39.0,126.0,255.0,1.145336,2.5101068,0.61904764,2.1396742,41.032837,0
6bba_ed9377fd,6234,91,28.0,183.0,224.0,1.0160155,1.8402857,0.44444445,2.5434792,68.92444,0
6bba_ed9377fd,6235,91,30.0,201.0,18.0,1.0769297,2.057214,0.47619048,2.5434792,68.92444,1
6bba_ed9377fd,6236,91,53.0,167.0,108.0,0.9357891,2.0014322,0.84126985,2.5235295,67.31531,2
6bba_ed9377fd,6237,91,38.0,196.0,112.0,0.76688546,2.6063163,0.6031746,2.5434792,68.92444,1
6bba_ed9377fd,6238,91,53.0,125.0,234.0,1.1449345,3.3991077,0.84126985,2.5434792,68.92444,0
6bba_ed9377fd,6239,91,29.0,206.0,132.0,0.8453293,2.8262098,0.46031746,2.5434792,68.92444,0
6bba_ed9377fd,6240,91,5.0,211.0,214.0,0.86456746,3.481471,0.07936508,2.5434792,68.92444,0
6bba_ed9377fd,6241,91,18.0,184.0,251.0,1.0251577,2.8831394,0.2857143,2.5434792,68.92444,0
6bba_ed9377fd,6242,91,29.0,171.0,248.0,1.9004897,4.6597576,0.46031746,2.5434792,68.92444,0
6bba_ed9377fd,6243,91,63.0,105.0,229.0,1.8202567,2.0125103,1.0,2.1396742,41.032837,1
6bba_ed9377fd,6244,91,63.0,97.0,236.0,1.598092,1.2442577,1.0,2.1396742,41.032837,2
6bba_ed9377fd,6245,91,63.0,99.0,246.0,1.8653461,2.0130305,1.0,2.1396742,41.032837,1
6bba_ed9377fd,6246,91,41.0,155.0,238.0,2.0466068,2.4093904,0.6507937,2.5434792,68.92444,0
6bba_ed9377fd,6247,91,63.0,144.0,72.0,1.01121,2.995061,1.0,2.057296,36.473633,0
6bba_ed9377fd,6248,91,16.0,211.0,171.0,0.857111,2.3152974,0.25396827,2.5434792,68.92444,1
6bba_ed9377fd,6249,91,17.0,210.0,176.0,0.84512365,2.084502,0.26984128,2.5434792,68.92444,1
6bba_ed9377fd,6250,91,49.0,158.0,99.0,1.0464698,1.6737376,0.7777778,2.5434792,68.92444,3
6bba_ed9377fd,6251,91,56.0,167.0,65.0,0.88990784,2.185512,0.8888889,2.5401762,68.65625,0
6bba_ed9377fd,6252,91,51.0,155.0,88.0,1.0581257,2.0872314,0.8095238,2.5434792,68.92444,1
6bba_ed9377fd,6253,91,6.0,193.0,225.0,0.97973907,2.2626138,0.0952381,2.5434792,68.92444,0
6bba_ed9377fd,6254,91,42.0,158.0,223.0,1.8588765,1.9787899,0.6666667,2.5434792,68.92444,0
6bba_ed9377fd,6255,91,53.0,139.0,221.0,2.1439004,2.3359447,0.84126985,2.5434792,68.92444,0
6bba_ed9377fd,6256,91,63.0,121.0,211.0,0.8890809,2.6951013,1.0,2.1350024,40.76465,0
6bba_ed9377fd,6257,91,10.0,231.0,100.0,0.79733396,1.3114258,0.15873016,2.5302145,67.851685,3
6bba_ed9377fd,6258,91,0.0,225.0,98.0,0.96217597,1.651319,0.0,2.1396742,41.032837,1
6bba_ed9377fd,6259,91,40.0,204.0,0.0,0.6841918,0.9104939,0.63492066,2.0471616,35.937256,0
6bba_ed9377fd,6260,91,0.0,240.0,96.0,0.7812904,1.3982542,0.0,2.1350024,40.76465,1
6bba_ed9377fd,6261,91,0.0,243.0,54.0,0.4688223,3.1348612,0.0,2.13031,40.49646,0
6bba_ed9377fd,6262,91,0.0,222.0,122.0,0.72760165,1.8209931,0.0,2.1396742,41.032837,0
6bba_ed9377fd,6263,91,33.0,189.0,183.0,0.54646116,3.4553,0.52380955,2.5434792,68.92444,0
6bba_ed9377fd,6264,91,54.0,150.0,187.0,0.5895484,2.548478,0.85714287,2.5434792,68.92444,1
6bba_ed9377fd,6265,91,11.0,229.0,112.0,0.61701435,1.0510819,0.17460318,2.4861133,64.365234,1
6bba_ed9377fd,6266,91,54.0,152.0,176.0,0.49897438,2.5912728,0.85714287,2.5401762,68.65625,1
6bba_ed9377fd,6267,91,0.0,221.0,182.0,0.42309943,2.8116305,0.0,2.1396742,41.032837,0
6bba_ed9377fd,6268,91,13.0,231.0,70.0,0.383717,2.6568303,0.20634921,2.5368643,68.38806,0
6bba_ed9377fd,6269,91,63.0,150.0,0.0,0.27109453,6.748732,1.0,1.7994134,24.405151,0
6bba_ed9377fd,6270,91,63.0,122.0,160.0,0.3224305,1.7183713,1.0,2.0265856,34.864502,1
6bba_ed9377fd,6271,91,33.0,207.0,42.0,0.3822429,0.9588309,0.52380955,2.472224,63.29248,0
6bba_ed9377fd,6272,91,63.0,123.0,170.0,0.3153379,1.9832152,1.0,2.0369256,35.40088,1
6bba_ed9377fd,6273,91,8.0,196.0,255.0,0.40626532,1.0961934,0.12698413,2.1161075,39.691895,0
6bba_ed9377fd,6274,91,51.0,176.0,22.0,0.17945114,2.1810374,0.8095238,2.5032594,65.70618,1
6bba_ed9377fd,6275,91,47.0,179.0,82.0,0.24018809,0.41778824,0.74603176,2.3588579,54.978638,0
6bba_ed9377fd,6276,91,50.0,179.0,24.0,0.17612003,1.9417894,0.7936508,2.5032594,65.70618,1
6bba_ed9377fd,6277,91,43.0,159.0,200.0,0.29109174,0.31456912,0.6825397,2.418696,59.269653,0
6bba_ed9377fd,6278,91,38.0,176.0,176.0,0.23018906,0.22672777,0.6031746,2.2876928,50.151245,1
6bba_ed9377fd,6279,92,33.0,193.0,158.0,1.3157579,5.7781415,0.52380955,2.5434792,68.92444,0
6bba_ed9377fd,6280,92,30.0,208.0,98.0,1.0347053,5.175155,0.47619048,2.5434792,68.92444,0
6bba_ed9377fd,6281,92,45.0,171.0,164.0,1.1623329,3.7583687,0.71428573,2.5434792,68.92444,2
6bba_ed9377fd,6282,92,43.0,192.0,57.0,0.9742197,5.210229,0.6825397,2.5434792,68.92444,0
6bba_ed9377fd,6283,92,25.0,220.0,51.0,1.3687071,3.1373732,0.3968254,2.5434792,68.92444,0
6bba_ed9377fd,6284,92,44.0,174.0,156.0,1.1546421,3.2629263,0.6984127,2.5434792,68.92444,1
6bba_ed9377fd,6285,92,0.0,244.0,37.0,0.7647442,5.993632,0.0,2.1396742,41.032837,0
6bba_ed9377fd,6286,92,17.0,231.0,29.0,1.0578514,2.801775,0.26984128,2.5434792,68.92444,0
6bba_ed9377fd,6287,92,63.0,103.0,148.0,1.044024,2.6808367,1.0,2.1350024,40.76465,0
6bba_ed9377fd,6288,92,36.0,174.0,210.0,1.1455059,2.6235723,0.5714286,2.5434792,68.92444,0
6bba_ed9377fd,6289,92,37.0,194.0,120.0,0.9040036,3.609743,0.5873016,2.5434792,68.92444,1
6bba_ed9377fd,6290,92,50.0,147.0,206.0,1.9101859,2.1232316,0.7936508,2.5434792,68.92444,0
6bba_ed9377fd,6291,92,30.0,214.0,12.0,1.105064,2.374744,0.47619048,2.5434792,68.92444,1
6bba_ed9377fd,6292,92,0.0,241.0,9.0,0.8695018,4.2013474,0.0,2.1396742,41.032837,0
6bba_ed9377fd,6293,92,52.0,169.0,99.0,1.2487643,2.7220383,0.82539684,2.5401762,68.65625,2
6bba_ed9377fd,6294,92,16.0,191.0,188.0,1.0930538,2.616598,0.25396827,2.5434792,68.92444,0
6bba_ed9377fd,6295,92,50.0,182.0,0.0,0.67280906,9.048906,0.7936508,2.1396742,41.032837,0
6bba_ed9377fd,6296,92,39.0,126.0,255.0,1.145336,2.5101068,0.61904764,2.1396742,41.032837,0
6bba_ed9377fd,6297,92,28.0,183.0,224.0,1.0160155,1.8402857,0.44444445,2.5434792,68.92444,0
6bba_ed9377fd,6298,92,30.0,201.0,18.0,1.0769297,2.057214,0.47619048,2.5434792,68.92444,1
6bba_ed9377fd,6299,92,53.0,167.0,108.0,0.9357891,2.0014322,0.84126985,2.5235295,67.31531,2
6bba_ed9377fd,6300,92,38.0,196.0,112.0,0.76688546,2.6063163,0.6031746,2.5434792,68.92444,1
6bba_ed9377fd,6301,92,53.0,125.0,234.0,1.1449345,3.3991077,0.84126985,2.5434792,68.92444,0
6bba_ed9377fd,6302,92,29.0,206.0,132.0,0.8453293,2.8262098,0.46031746,2.5434792,68.92444,0
6bba_ed9377fd,6303,92,5.0,211.0,214.0,0.86456746,3.481471,0.07936508,2.5434792,68.92444,0
6bba_ed9377fd,6304,92,18.0,184.0,251.0,1.0251577,2.8831394,0.2857143,2.5434792,68.92444,0
6bba_ed9377fd,6305,92,29.0,171.0,248.0,1.9004897,4.6597576,0.46031746,2.5434792,68.92444,0
6bba_ed9377fd,6306,92,63.0,105.0,229.0,1.8202567,2.0125103,1.0,2.1396742,41.032837,1
6bba_ed9377fd,6307,92,63.0,97.0,236.0,1.598092,1.2442577,1.0,2.1396742,41.032837,2
6bba_ed9377fd,6308,92,63.0,99.0,246.0,1.8653461,2.0130305,1.0,2.1396742,41.032837,1
6bba_ed9377fd,6309,92,41.0,155.0,238.0,2.0466068,2.4093904,0.6507937,2.5434792,68.92444,0
6bba_ed9377fd,6310,92,63.0,144.0,72.0,1.01121,2.995061,1.0,2.057296,36.473633,0
6bba_ed9377fd,6311,92,16.0,211.0,171.0,0.857111,2.3152974,0.25396827,2.5434792,68.92444,1
6bba_ed9377fd,6312,92,17.0,210.0,176.0,0.84512365,2.084502,0.26984128,2.5434792,68.92444,1
6bba_ed9377fd,6313,92,49.0,158.0,99.0,1.0464698,1.6737376,0.7777778,2.5434792,68.92444,3
6bba_ed9377fd,6314,92,56.0,167.0,65.0,0.88990784,2.185512,0.8888889,2.5401762,68.65625,0
6bba_ed9377fd,6315,92,51.0,155.0,88.0,1.0581257,2.0872314,0.8095238,2.5434792,68.92444,1
6bba_ed9377fd,6316,92,6.0,193.0,225.0,0.97973907,2.2626138,0.0952381,2.5434792,68.92444,0
6bba_ed9377fd,6317,92,42.0,158.0,223.0,1.8588765,1.9787899,0.6666667,2.5434792,68.92444,0
6bba_ed9377fd,6318,92,53.0,139.0,221.0,2.1439004,2.3359447,0.84126985,2.5434792,68.92444,0
6bba_ed9377fd,6319,92,63.0,121.0,211.0,0.8890809,2.6951013,1.0,2.1350024,40.76465,0
6bba_ed9377fd,6320,92,10.0,231.0,100.0,0.79733396,1.3114258,0.15873016,2.5302145,67.851685,3
6bba_ed9377fd,6321,92,0.0,225.0,98.0,0.96217597,1.651319,0.0,2.1396742,41.032837,1
6bba_ed9377fd,6322,92,40.0,204.0,0.0,0.6841918,0.9104939,0.63492066,2.0471616,35.937256,0
6bba_ed9377fd,6323,92,0.0,240.0,96.0,0.7812904,1.3982542,0.0,2.1350024,40.76465,1
6bba_ed9377fd,6324,92,0.0,243.0,54.0,0.4688223,3.1348612,0.0,2.13031,40.49646,0
6bba_ed9377fd,6325,92,0.0,222.0,122.0,0.72760165,1.8209931,0.0,2.1396742,41.032837,0
6bba_ed9377fd,6326,92,33.0,189.0,183.0,0.54646116,3.4553,0.52380955,2.5434792,68.92444,0
6bba_ed9377fd,6327,92,54.0,150.0,187.0,0.5895484,2.548478,0.85714287,2.5434792,68.92444,1
6bba_ed9377fd,6328,92,11.0,229.0,112.0,0.61701435,1.0510819,0.17460318,2.4861133,64.365234,1
6bba_ed9377fd,6329,92,54.0,152.0,176.0,0.49897438,2.5912728,0.85714287,2.5401762,68.65625,1
6bba_ed9377fd,6330,92,0.0,221.0,182.0,0.42309943,2.8116305,0.0,2.1396742,41.032837,0
6bba_ed9377fd,6331,92,13.0,231.0,70.0,0.383717,2.6568303,0.20634921,2.5368643,68.38806,0
6bba_ed9377fd,6332,92,63.0,150.0,0.0,0.27109453,6.748732,1.0,1.7994134,24.405151,0
6bba_ed9377fd,6333,92,63.0,122.0,160.0,0.3224305,1.7183713,1.0,2.0265856,34.864502,1
6bba_ed9377fd,6334,92,33.0,207.0,42.0,0.3822429,0.9588309,0.52380955,2.472224,63.29248,0
6bba_ed9377fd,6335,92,63.0,123.0,170.0,0.3153379,1.9832152,1.0,2.0369256,35.40088,1
6bba_ed9377fd,6336,92,8.0,196.0,255.0,0.40626532,1.0961934,0.12698413,2.1161075,39.691895,0
6bba_ed9377fd,6337,92,51.0,176.0,22.0,0.17945114,2.1810374,0.8095238,2.5032594,65.70618,1
6bba_ed9377fd,6338,92,47.0,179.0,82.0,0.24018809,0.41778824,0.74603176,2.3588579,54.978638,0
6bba_ed9377fd,6339,92,50.0,179.0,24.0,0.17612003,1.9417894,0.7936508,2.5032594,65.70618,1
6bba_ed9377fd,6340,92,43.0,159.0,200.0,0.29109174,0.31456912,0.6825397,2.418696,59.269653,0
6bba_ed9377fd,6341,92,38.0,176.0,176.0,0.23018906,0.22672777,0.6031746,2.2876928,50.151245,1
6bba_ed9377fd,6342,93,33.0,193.0,158.0,1.3157579,5.7781415,0.52380955,2.5434792,68.92444,0
6bba_ed9377fd,6343,93,30.0,208.0,98.0,1.0347053,5.175155,0.47619048,2.5434792,68.92444,0
6bba_ed9377fd,6344,93,45.0,171.0,164.0,1.1623329,3.7583687,0.71428573,2.5434792,68.92444,2
6bba_ed9377fd,6345,93,43.0,192.0,57.0,0.9742197,5.210229,0.6825397,2.5434792,68.92444,0
6bba_ed9377fd,6346,93,25.0,220.0,51.0,1.3687071,3.1373732,0.3968254,2.5434792,68.92444,0
6bba_ed9377fd,6347,93,44.0,174.0,156.0,1.1546421,3.2629263,0.6984127,2.5434792,68.92444,1
6bba_ed9377fd,6348,93,0.0,244.0,37.0,0.7647442,5.993632,0.0,2.1396742,41.032837,0
6bba_ed9377fd,6349,93,17.0,231.0,29.0,1.0578514,2.801775,0.26984128,2.5434792,68.92444,0
6bba_ed9377fd,6350,93,63.0,103.0,148.0,1.044024,2.6808367,1.0,2.1350024,40.76465,0
6bba_ed9377fd,6351,93,36.0,174.0,210.0,1.1455059,2.6235723,0.5714286,2.5434792,68.92444,0
6bba_ed9377fd,6352,93,37.0,194.0,120.0,0.9040036,3.609743,0.5873016,2.5434792,68.92444,1
6bba_ed9377fd,6353,93,50.0,147.0,206.0,1.9101859,2.1232316,0.7936508,2.5434792,68.92444,0
6bba_ed9377fd,6354,93,30.0,214.0,12.0,1.105064,2.374744,0.47619048,2.5434792,68.92444,1
6bba_ed9377fd,6355,93,0.0,241.0,9.0,0.8695018,4.2013474,0.0,2.1396742,41.032837,0
6bba_ed9377fd,6356,93,52.0,169.0,99.0,1.2487643,2.7220383,0.82539684,2.5401762,68.65625,2
6bba_ed9377fd,6357,93,16.0,191.0,188.0,1.0930538,2.616598,0.25396827,2.5434792,68.92444,0
6bba_ed9377fd,6358,93,50.0,182.0,0.0,0.67280906,9.048906,0.7936508,2.1396742,41.032837,0
6bba_ed9377fd,6359,93,39.0,126.0,255.0,1.145336,2.5101068,0.61904764,2.1396742,41.032837,0
6bba_ed9377fd,6360,93,28.0,183.0,224.0,1.0160155,1.8402857,0.44444445,2.5434792,68.92444,0
6bba_ed9377fd,6361,93,30.0,201.0,18.0,1.0769297,2.057214,0.47619048,2.5434792,68.92444,1
6bba_ed9377fd,6362,93,53.0,167.0,108.0,0.9357891,2.0014322,0.84126985,2.5235295,67.31531,2
6bba_ed9377fd,6363,93,38.0,196.0,112.0,0.76688546,2.6063163,0.6031746,2.5434792,68.92444,1
6bba_ed9377fd,6364,93,53.0,125.0,234.0,1.1449345,3.3991077,0.84126985,2.5434792,68.92444,0
6bba_ed9377fd,6365,93,29.0,206.0,132.0,0.8453293,2.8262098,0.46031746,2.5434792,68.92444,0
6bba_ed9377fd,6366,93,5.0,211.0,214.0,0.86456746,3.481471,0.07936508,2.5434792,68.92444,0
6bba_ed9377fd,6367,93,18.0,184.0,251.0,1.0251577,2.8831394,0.2857143,2.5434792,68.92444,0
6bba_ed9377fd,6368,93,29.0,171.0,248.0,1.9004897,4.6597576,0.46031746,2.5434792,68.92444,0
6bba_ed9377fd,6369,93,63.0,105.0,229.0,1.8202567,2.0125103,1.0,2.1396742,41.032837,1
6bba_ed9377fd,6370,93,63.0,97.0,236.0,1.598092,1.2442577,1.0,2.1396742,41.032837,2
6bba_ed9377fd,6371,93,63.0,99.0,246.0,1.8653461,2.0130305,1.0,2.1396742,41.032837,1
6bba_ed9377fd,6372,93,41.0,155.0,238.0,2.0466068,2.4093904,0.6507937,2.5434792,68.92444,0
6bba_ed9377fd,6373,93,63.0,144.0,72.0,1.01121,2.995061,1.0,2.057296,36.473633,0
6bba_ed9377fd,6374,93,16.0,211.0,171.0,0.857111,2.3152974,0.25396827,2.5434792,68.92444,1
6bba_ed9377fd,6375,93,17.0,210.0,176.0,0.84512365,2.084502,0.26984128,2.5434792,68.92444,1
6bba_ed9377fd,6376,93,49.0,158.0,99.0,1.0464698,1.6737376,0.7777778,2.5434792,68.92444,3
6bba_ed9377fd,6377,93,56.0,167.0,65.0,0.88990784,2.185512,0.8888889,2.5401762,68.65625,0
6bba_ed9377fd,6378,93,51.0,155.0,88.0,1.0581257,2.0872314,0.8095238,2.5434792,68.92444,1
6bba_ed9377fd,6379,93,6.0,193.0,225.0,0.97973907,2.2626138,0.0952381,2.5434792,68.92444,0
6bba_ed9377fd,6380,93,42.0,158.0,223.0,1.8588765,1.9787899,0.6666667,2.5434792,68.92444,0
6bba_ed9377fd,6381,93,53.0,139.0,221.0,2.1439004,2.3359447,0.84126985,2.5434792,68.92444,0
6bba_ed9377fd,6382,93,63.0,121.0,211.0,0.8890809,2.6951013,1.0,2.1350024,40.76465,0
6bba_ed9377fd,6383,93,10.0,231.0,100.0,0.79733396,1.3114258,0.15873016,2.5302145,67.851685,3
6bba_ed9377fd,6384,93,0.0,225.0,98.0,0.96217597,1.651319,0.0,2.1396742,41.032837,1
6bba_ed9377fd,6385,93,40.0,204.0,0.0,0.6841918,0.9104939,0.63492066,2.0471616,35.937256,0
6bba_ed9377fd,6386,93,0.0,240.0,96.0,0.7812904,1.3982542,0.0,2.1350024,40.76465,1
6bba_ed9377fd,6387,93,0.0,243.0,54.0,0.4688223,3.1348612,0.0,2.13031,40.49646,0
6bba_ed9377fd,6388,93,0.0,222.0,122.0,0.72760165,1.8209931,0.0,2.1396742,41.032837,0
6bba_ed9377fd,6389,93,33.0,189.0,183.0,0.54646116,3.4553,0.52380955,2.5434792,68.92444,0
6bba_ed9377fd,6390,93,54.0,150.0,187.0,0.5895484,2.548478,0.85714287,2.5434792,68.92444,1
6bba_ed9377fd,6391,93,11.0,229.0,112.0,0.61701435,1.0510819,0.17460318,2.4861133,64.365234,1
6bba_ed9377fd,6392,93,54.0,152.0,176.0,0.49897438,2.5912728,0.85714287,2.5401762,68.65625,1
6bba_ed9377fd,6393,93,0.0,221.0,182.0,0.42309943,2.8116305,0.0,2.1396742,41.032837,0
6bba_ed9377fd,6394,93,13.0,231.0,70.0,0.383717,2.6568303,0.20634921,2.5368643,68.38806,0
6bba_ed9377fd,6395,93,63.0,150.0,0.0,0.27109453,6.748732,1.0,1.7994134,24.405151,0
6bba_ed9377fd,6396,93,63.0,122.0,160.0,0.3224305,1.7183713,1.0,2.0265856,34.864502,1
6bba_ed9377fd,6397,93,33.0,207.0,42.0,0.3822429,0.9588309,0.52380955,2.472224,63.29248,0
6bba_ed9377fd,6398,93,63.0,123.0,170.0,0.3153379,1.9832152,1.0,2.0369256,35.40088,1
6bba_ed9377fd,6399,93,8.0,196.0,255.0,0.40626532,1.0961934,0.12698413,2.1161075,39.691895,0
6bba_ed9377fd,6400,93,51.0,176.0,22.0,0.17945114,2.1810374,0.8095238,2.5032594,65.70618,1
6bba_ed9377fd,6401,93,47.0,179.0,82.0,0.24018809,0.41778824,0.74603176,2.3588579,54.978638,0
6bba_ed9377fd,6402,93,50.0,179.0,24.0,0.17612003,1.9417894,0.7936508,2.5032594,65.70618,1
6bba_ed9377fd,6403,93,43.0,159.0,200.0,0.29109174,0.31456912,0.6825397,2.418696,59.269653,0
6bba_ed9377fd,6404,93,38.0,176.0,176.0,0.23018906,0.22672777,0.6031746,2.2876928,50.151245,1
6bba_ed9377fd,6405,94,40.0,197.0,61.0,1.6242422,4.3502326,0.63492066,2.5434792,68.92444,0
6bba_ed9377fd,6406,94,39.0,184.0,151.0,1.4864043,3.795008,0.61904764,2.5434792,68.92444,1
6bba_ed9377fd,6407,94,36.0,199.0,106.0,1.2100369,9.464341,0.5714286,2.5434792,68.92444,0
6bba_ed9377fd,6408,94,41.0,179.0,162.0,1.4515961,3.423879,0.6507937,2.5434792,68.92444,1
6bba_ed9377fd,6409,94,63.0,137.0,149.0,1.3421152,3.6678886,1.0,2.1396742,41.032837,0
6bba_ed9377fd,6410,94,15.0,232.0,55.0,1.5441586,3.0410225,0.23809524,2.5434792,68.92444,1
6bba_ed9377fd,6411,94,34.0,177.0,206.0,1.2052258,4.749573,0.53968257,2.5434792,68.92444,0
6bba_ed9377fd,6412,94,15.0,235.0,24.0,1.2280865,2.9365373,0.23809524,2.5434792,68.92444,1
6bba_ed9377fd,6413,94,28.0,213.0,118.0,1.0322139,3.4524941,0.44444445,2.5434792,68.92444,0
6bba_ed9377fd,6414,94,13.0,216.0,169.0,1.0913739,3.4553192,0.20634921,2.5434792,68.92444,0
6bba_ed9377fd,6415,94,27.0,215.0,94.0,0.93738896,4.704008,0.42857143,2.5434792,68.92444,0
6bba_ed9377fd,6416,94,32.0,200.0,128.0,0.9038493,4.1036377,0.50793654,2.5434792,68.92444,0
6bba_ed9377fd,6417,94,30.0,197.0,163.0,1.0477953,4.038463,0.47619048,2.5434792,68.92444,0
6bba_ed9377fd,6418,94,0.0,237.0,106.0,1.0765214,2.506822,0.0,2.1396742,41.032837,0
6bba_ed9377fd,6419,94,25.0,180.0,246.0,1.9192992,2.305186,0.3968254,2.5434792,68.92444,0
6bba_ed9377fd,6420,94,63.0,157.0,0.0,0.7113973,10.557636,1.0,1.7994134,24.405151,0
6bba_ed9377fd,6421,94,63.0,104.0,224.0,1.4559616,2.3553379,1.0,2.1350024,40.76465,0
6bba_ed9377fd,6422,94,63.0,105.0,156.0,1.2390851,2.3885128,1.0,2.1396742,41.032837,0
6bba_ed9377fd,6423,94,44.0,159.0,206.0,2.2206643,1.9913074,0.6984127,2.5434792,68.92444,0
6bba_ed9377fd,6424,94,41.0,154.0,243.0,2.0099134,2.5289857,0.6507937,2.5434792,68.92444,0
6bba_ed9377fd,6425,94,63.0,146.0,80.0,0.940783,4.082674,1.0,2.13031,40.49646,0
6bba_ed9377fd,6426,94,63.0,98.0,238.0,1.4353939,2.1791675,1.0,2.13031,40.49646,0
6bba_ed9377fd,6427,94,28.0,205.0,19.0,1.0870544,2.2464566,0.44444445,2.5434792,68.92444,0
6bba_ed9377fd,6428,94,12.0,196.0,190.0,1.0603312,2.4035175,0.1904762,2.5434792,68.92444,0
6bba_ed9377fd,6429,94,48.0,187.0,0.0,0.7061415,8.493385,0.7619048,2.1396742,41.032837,0
6bba_ed9377fd,6430,94,38.0,209.0,0.0,0.8793969,1.6989919,0.6031746,2.13031,40.49646,0
6bba_ed9377fd,6431,94,23.0,223.0,19.0,0.97428244,2.4377847,0.36507937,2.5401762,68.65625,1
6bba_ed9377fd,6432,94,23.0,223.0,25.0,1.0604513,2.6301076,0.36507937,2.5434792,68.92444,2
6bba_ed9377fd,6433,94,25.0,192.0,213.0,0.9388802,2.7344227,0.3968254,2.5434792,68.92444,0
6bba_ed9377fd,6434,94,47.0,149.0,217.0,2.2545066,2.0414581,0.74603176,2.5434792,68.92444,0
6bba_ed9377fd,6435,94,46.0,185.0,94.0,0.83286196,3.7298474,0.73015875,2.5434792,68.92444,0
6bba_ed9377fd,6436,94,59.0,125.0,210.0,0.92553294,6.145731,0.93650794,2.5434792,68.92444,0
6bba_ed9377fd,6437,94,25.0,185.0,228.0,1.829365,1.9706125,0.3968254,2.5434792,68.92444,0
6bba_ed9377fd,6438,94,47.0,165.0,87.0,0.9696373,1.9728694,0.74603176,2.5434792,68.92444,1
6bba_ed9377fd,6439,94,32.0,169.0,232.0,1.4253587,2.057855,0.50793654,2.5434792,68.92444,0
6bba_ed9377fd,6440,94,49.0,160.0,95.0,0.98541284,1.9486957,0.7777778,2.5434792,68.92444,1
6bba_ed9377fd,6441,94,56.0,168.0,64.0,0.85506546,2.382418,0.8888889,2.5434792,68.92444,1
6bba_ed9377fd,6442,94,37.0,131.0,255.0,1.1514113,1.6809709,0.5873016,2.1396742,41.032837,0
6bba_ed9377fd,6443,94,56.0,169.0,54.0,0.8199318,2.3033626,0.8888889,2.5434792,68.92444,1
6bba_ed9377fd,6444,94,15.0,196.0,236.0,0.92064196,2.1819596,0.23809524,2.5434792,68.92444,0
6bba_ed9377fd,6445,94,0.0,221.0,197.0,0.48714402,5.461691,0.0,2.1113307,39.423706,0
6bba_ed9377fd,6446,94,49.0,130.0,242.0,0.87890315,2.4872313,0.7777778,2.5434792,68.92444,0
6bba_ed9377fd,6447,94,0.0,196.0,229.0,0.8956168,2.2871623,0.0,2.1396742,41.032837,0
6bba_ed9377fd,6448,94,63.0,118.0,140.0,0.7656081,1.65205,1.0,2.1396742,41.032837,0
6bba_ed9377fd,6449,94,45.0,184.0,109.0,0.5967935,2.2245007,0.71428573,2.5401762,68.65625,0
6bba_ed9377fd,6450,94,0.0,234.0,158.0,0.35267246,2.8314247,0.0,2.0317688,35.13269,1
6bba_ed9377fd,6451,94,28.0,196.0,182.0,0.52334344,1.256519,0.44444445,2.5168092,66.77893,0
6bba_ed9377fd,6452,94,53.0,150.0,188.0,0.51973236,2.6373231,0.84126985,2.5434792,68.92444,0
6bba_ed9377fd,6453,94,0.0,232.0,165.0,0.39456585,2.417354,0.0,2.0968692,38.61914,1
6bba_ed9377fd,6454,94,4.0,240.0,62.0,0.43825457,1.0030086,0.06349207,2.4861133,64.365234,1
6bba_ed9377fd,6455,94,0.0,243.0,16.0,0.3655332,3.1374457,0.0,2.1396742,41.032837,0
6bba_ed9377fd,6456,94,5.0,240.0,54.0,0.47381112,0.34688056,0.07936508,2.3741014,56.05139,2
6bba_ed9377fd,6457,94,5.0,199.0,255.0,0.4486098,1.2645693,0.07936508,2.125597,40.22827,0
6bba_ed9377fd,6458,94,27.0,216.0,49.0,0.3904306,1.8817511,0.42857143,2.5368643,68.38806,0
6bba_ed9377fd,6459,94,19.0,229.0,0.0,0.28423214,2.1393275,0.3015873,2.13031,40.49646,0
6bba_ed9377fd,6460,94,0.0,247.0,1.0,0.21675012,1.5109764,0.0,1.8444173,26.28247,0
6bba_ed9377fd,6461,94,57.0,93.0,255.0,0.3845364,1.0737025,0.9047619,2.120863,39.960083,0
6bba_ed9377fd,6462,94,58.0,117.0,238.0,0.43643764,0.59374183,0.9206349,2.458177,62.219727,0
6bba_ed9377fd,6463,94,63.0,121.0,177.0,0.21179925,1.600833,1.0,1.994915,33.25537,0
6bba_ed9377fd,6464,94,4.0,210.0,208.0,0.2620374,1.1791865,0.06349207,2.4652207,62.756104,0
6bba_ed9377fd,6465,94,52.0,133.0,221.0,0.39411598,0.4329994,0.82539684,2.3778818,56.31958,0
6bba_ed9377fd,6466,94,12.0,224.0,124.0,0.18965015,0.40690792,0.1904762,2.3356164,53.369507,0
6bba_ed9377fd,6467,95,40.0,198.0,63.0,1.643269,4.581798,0.63492066,2.5434792,68.92444,0
6bba_ed9377fd,6468,95,39.0,186.0,151.0,1.4634635,3.975391,0.61904764,2.5434792,68.92444,1
6bba_ed9377fd,6469,95,63.0,140.0,146.0,1.4560766,3.4690888,1.0,2.1396742,41.032837,1
6bba_ed9377fd,6470,95,40.0,182.0,160.0,1.4136627,3.2517579,0.63492066,2.5434792,68.92444,1
6bba_ed9377fd,6471,95,14.0,233.0,56.0,1.4254844,2.8841193,0.22222222,2.5434792,68.92444,0
6bba_ed9377fd,6472,95,36.0,200.0,108.0,1.078501,7.8606663,0.5714286,2.5434792,68.92444,0
6bba_ed9377fd,6473,95,34.0,178.0,206.0,1.2828352,4.3619833,0.53968257,2.5434792,68.92444,0
6bba_ed9377fd,6474,95,63.0,136.0,156.0,1.3253194,2.72479,1.0,2.1396742,41.032837,1
6bba_ed9377fd,6475,95,63.0,158.0,0.0,0.86843836,10.99559,1.0,1.7994134,24.405151,0
6bba_ed9377fd,6476,95,15.0,235.0,25.0,1.1841822,2.6283596,0.23809524,2.5434792,68.92444,1
6bba_ed9377fd,6477,95,37.0,212.0,0.0,1.1468045,3.0007937,0.5873016,2.1350024,40.76465,0
6bba_ed9377fd,6478,95,28.0,213.0,120.0,1.0189067,3.1400208,0.44444445,2.5434792,68.92444,1
6bba_ed9377fd,6479,95,48.0,188.0,0.0,0.8405268,8.338334,0.7619048,2.1396742,41.032837,0
6bba_ed9377fd,6480,95,13.0,216.0,170.0,1.051972,3.242052,0.20634921,2.5434792,68.92444,0
6bba_ed9377fd,6481,95,27.0,213.0,128.0,1.0260433,2.7293038,0.42857143,2.5434792,68.92444,2
6bba_ed9377fd,6482,95,63.0,104.0,162.0,1.1104201,2.0239441,1.0,2.1396742,41.032837,0
6bba_ed9377fd,6483,95,30.0,198.0,163.0,0.9473994,3.599551,0.47619048,2.5434792,68.92444,0
6bba_ed9377fd,6484,95,63.0,104.0,226.0,1.437966,2.3161938,1.0,2.1350024,40.76465,2
6bba_ed9377fd,6485,95,41.0,154.0,244.0,1.8324277,2.2311585,0.6507937,2.5434792,68.92444,0
6bba_ed9377fd,6486,95,12.0,196.0,192.0,1.0663136,2.5034046,0.1904762,2.5434792,68.92444,0
6bba_ed9377fd,6487,95,43.0,162.0,206.0,2.3603477,2.1617055,0.6825397,2.5434792,68.92444,0
6bba_ed9377fd,6488,95,0.0,237.0,109.0,0.9703916,2.4245458,0.0,2.1396742,41.032837,1
6bba_ed9377fd,6489,95,63.0,147.0,81.0,0.92309463,4.3604674,1.0,2.1350024,40.76465,0
6bba_ed9377fd,6490,95,63.0,99.0,239.0,1.4887662,2.3391068,1.0,2.1350024,40.76465,2
6bba_ed9377fd,6491,95,32.0,202.0,130.0,0.8651502,2.7015498,0.50793654,2.5401762,68.65625,1
6bba_ed9377fd,6492,95,25.0,181.0,247.0,2.0686047,2.5189602,0.3968254,2.5434792,68.92444,1
6bba_ed9377fd,6493,95,63.0,96.0,230.0,1.370073,1.8021963,1.0,2.1350024,40.76465,2
6bba_ed9377fd,6494,95,28.0,206.0,19.0,1.020461,2.138106,0.44444445,2.5434792,68.92444,0
6bba_ed9377fd,6495,95,26.0,193.0,213.0,0.92750996,2.9007578,0.41269842,2.5434792,68.92444,0
6bba_ed9377fd,6496,95,23.0,224.0,22.0,1.1529851,2.8241086,0.36507937,2.5434792,68.92444,1
6bba_ed9377fd,6497,95,46.0,186.0,93.0,0.7971626,3.3281016,0.73015875,2.5434792,68.92444,0
6bba_ed9377fd,6498,95,59.0,125.0,211.0,0.9376689,6.3623533,0.93650794,2.5434792,68.92444,0
6bba_ed9377fd,6499,95,26.0,217.0,94.0,0.7551552,4.5527415,0.41269842,2.5434792,68.92444,0
6bba_ed9377fd,6500,95,46.0,151.0,218.0,2.1369753,1.8075846,0.73015875,2.5434792,68.92444,1
6bba_ed9377fd,6501,95,48.0,163.0,88.0,0.9656891,2.0486934,0.7619048,2.5434792,68.92444,0
6bba_ed9377fd,6502,95,25.0,186.0,230.0,1.7919345,1.9475665,0.3968254,2.5434792,68.92444,1
6bba_ed9377fd,6503,95,32.0,169.0,234.0,1.2740935,1.8168216,0.50793654,2.5434792,68.92444,2
6bba_ed9377fd,6504,95,56.0,170.0,53.0,0.7989167,2.463373,0.8888889,2.5434792,68.92444,1
6bba_ed9377fd,6505,95,48.0,132.0,243.0,0.92752135,2.0558841,0.7619048,2.5434792,68.92444,0
6bba_ed9377fd,6506,95,56.0,169.0,65.0,0.8303022,2.2965114,0.8888889,2.5368643,68.38806,1
6bba_ed9377fd,6507,95,37.0,133.0,255.0,1.1948211,1.4332373,0.5873016,2.1396742,41.032837,0
6bba_ed9377fd,6508,95,28.0,177.0,227.0,1.3124725,1.0668372,0.44444445,2.5401762,68.65625,2
6bba_ed9377fd,6509,95,14.0,197.0,237.0,0.8731209,2.2459278,0.22222222,2.5434792,68.92444,0
6bba_ed9377fd,6510,95,0.0,197.0,229.0,0.89498335,2.3224173,0.0,2.1396742,41.032837,0
6bba_ed9377fd,6511,95,0.0,243.0,96.0,0.63464916,1.836662,0.0,2.1396742,41.032837,1
6bba_ed9377fd,6512,95,31.0,168.0,243.0,0.93145233,0.94182384,0.4920635,2.5066607,65.974365,2
6bba_ed9377fd,6513,95,0.0,222.0,199.0,0.4188957,4.5834374,0.0,2.0723133,37.2782,1
6bba_ed9377fd,6514,95,45.0,185.0,111.0,0.5913654,2.2957022,0.71428573,2.5401762,68.65625,0
6bba_ed9377fd,6515,95,0.0,235.0,159.0,0.32907203,3.2751033,0.0,2.0317688,35.13269,0
6bba_ed9377fd,6516,95,52.0,152.0,189.0,0.52133226,2.6779454,0.82539684,2.5434792,68.92444,0
6bba_ed9377fd,6517,95,27.0,198.0,181.0,0.5375421,1.1469021,0.42857143,2.5235295,67.31531,0
6bba_ed9377fd,6518,95,25.0,217.0,52.0,0.4530817,2.115899,0.3968254,2.5368643,68.38806,0
6bba_ed9377fd,6519,95,0.0,241.0,64.0,0.424779,1.5762689,0.0,2.13031,40.49646,0
6bba_ed9377fd,6520,95,0.0,227.0,178.0,0.39486337,2.802778,0.0,2.1396742,41.032837,0
6bba_ed9377fd,6521,95,0.0,241.0,16.0,0.33283424,2.8854384,0.0,2.13031,40.49646,0
6bba_ed9377fd,6522,95,19.0,226.0,0.0,0.3125834,1.2902375,0.3015873,2.0968692,38.61914,0
6bba_ed9377fd,6523,95,6.0,200.0,255.0,0.38545775,0.86750877,0.0952381,2.0673318,37.01001,0
6bba_ed9377fd,6524,95,57.0,92.0,255.0,0.34900615,0.8551289,0.9047619,2.0673318,37.01001,0
6bba_ed9377fd,6525,95,0.0,248.0,0.0,0.16602927,1.2275969,0.0,1.6870874,20.114136,0
6bba_ed9377fd,6526,95,0.0,214.0,209.0,0.27297416,1.3943826,0.0,2.1350024,40.76465,2
6bba_ed9377fd,6527,95,51.0,137.0,220.0,0.43387786,0.5621785,0.8095238,2.4652207,62.756104,2
6bba_ed9377fd,6528,95,52.0,133.0,223.0,0.40959454,0.72889566,0.82539684,2.4861133,64.365234,1
6bba_ed9377fd,6529,95,4.0,209.0,210.0,0.27341345,1.0911373,0.06349207,2.4546402,61.951538,1
6bba_ed9377fd,6530,95,63.0,121.0,177.0,0.2091983,1.5539974,1.0,1.9622055,31.64624,0
6bba_ed9377fd,6531,95,58.0,117.0,242.0,0.40192094,0.56803524,0.9206349,2.4652207,62.756104,0
6bba_ed9377fd,6532,95,14.0,223.0,113.0,0.19559814,0.6766506,0.22222222,2.3511617,54.44226,0
6bba_ed9377fd,6533,96,41.0,197.0,64.0,1.8443923,4.762438,0.6507937,2.5434792,68.92444,0
6bba_ed9377fd,6534,96,39.0,186.0,150.0,1.6945953,4.944609,0.61904764,2.5434792,68.92444,1
6bba_ed9377fd,6535,96,34.0,179.0,205.0,1.3488233,5.181803,0.53968257,2.5434792,68.92444,0
6bba_ed9377fd,6536,96,63.0,141.0,144.0,1.389316,3.2754397,1.0,2.1396742,41.032837,1
6bba_ed9377fd,6537,96,14.0,233.0,55.0,1.3947846,2.8391082,0.22222222,2.5434792,68.92444,0
6bba_ed9377fd,6538,96,63.0,137.0,155.0,1.3073719,2.8067257,1.0,2.1396742,41.032837,1
6bba_ed9377fd,6539,96,40.0,182.0,161.0,1.2981024,2.6813447,0.63492066,2.5434792,68.92444,1
6bba_ed9377fd,6540,96,36.0,201.0,107.0,0.9811503,6.5442057,0.5714286,2.5434792,68.92444,0
6bba_ed9377fd,6541,96,15.0,235.0,25.0,1.1279875,2.490611,0.23809524,2.5434792,68.92444,2
6bba_ed9377fd,6542,96,28.0,214.0,120.0,0.9952062,3.1201599,0.44444445,2.5434792,68.92444,1
6bba_ed9377fd,6543,96,63.0,159.0,0.0,0.7512062,10.69382,1.0,1.7994134,24.405151,0
6bba_ed9377fd,6544,96,13.0,217.0,168.0,0.980219,3.4274228,0.20634921,2.5434792,68.92444,0
6bba_ed9377fd,6545,96,48.0,189.0,0.0,0.83443224,7.618433,0.7619048,2.1396742,41.032837,0
6bba_ed9377fd,6546,96,27.0,213.0,127.0,0.9781335,2.7519674,0.42857143,2.5434792,68.92444,2
6bba_ed9377fd,6547,96,30.0,199.0,161.0,0.96054095,3.6643424,0.47619048,2.5434792,68.92444,0
6bba_ed9377fd,6548,96,36.0,212.0,0.0,1.2974576,2.9907126,0.5714286,2.1396742,41.032837,0
6bba_ed9377fd,6549,96,63.0,104.0,163.0,1.085428,1.9442496,1.0,2.1396742,41.032837,0
6bba_ed9377fd,6550,96,0.0,237.0,109.0,0.99490374,2.4818273,0.0,2.1396742,41.032837,0
6bba_ed9377fd,6551,96,41.0,153.0,245.0,1.7852266,2.3426101,0.6507937,2.5434792,68.92444,1
6bba_ed9377fd,6552,96,12.0,196.0,192.0,1.0914141,2.5304759,0.1904762,2.5434792,68.92444,0
6bba_ed9377fd,6553,96,43.0,161.0,207.0,2.038402,1.9543809,0.6825397,2.5434792,68.92444,0
6bba_ed9377fd,6554,96,26.0,217.0,92.0,0.8251084,4.2981434,0.41269842,2.5434792,68.92444,0
6bba_ed9377fd,6555,96,28.0,206.0,19.0,1.0566916,2.218719,0.44444445,2.5434792,68.92444,0
6bba_ed9377fd,6556,96,45.0,187.0,95.0,0.9155911,4.1211047,0.71428573,2.5434792,68.92444,0
6bba_ed9377fd,6557,96,63.0,105.0,228.0,1.4844472,2.7348123,1.0,2.1350024,40.76465,0
6bba_ed9377fd,6558,96,22.0,224.0,28.0,1.131753,2.5221944,0.34920636,2.5434792,68.92444,2
6bba_ed9377fd,6559,96,63.0,148.0,83.0,0.89689326,4.053241,1.0,2.1350024,40.76465,0
6bba_ed9377fd,6560,96,25.0,180.0,248.0,2.0792265,2.5035098,0.3968254,2.5434792,68.92444,0
6bba_ed9377fd,6561,96,23.0,225.0,19.0,0.9371204,2.0198758,0.36507937,2.5434792,68.92444,2
6bba_ed9377fd,6562,96,25.0,193.0,214.0,0.90037537,2.9232144,0.3968254,2.5434792,68.92444,0
6bba_ed9377fd,6563,96,32.0,202.0,130.0,0.7992994,2.6372375,0.50793654,2.5434792,68.92444,1
6bba_ed9377fd,6564,96,46.0,152.0,221.0,2.2876122,2.3442888,0.73015875,2.5434792,68.92444,0
6bba_ed9377fd,6565,96,49.0,162.0,87.0,0.9685402,2.0552695,0.7777778,2.5434792,68.92444,1
6bba_ed9377fd,6566,96,49.0,161.0,99.0,0.9724084,2.0902922,0.7777778,2.5434792,68.92444,1
6bba_ed9377fd,6567,96,25.0,185.0,232.0,1.8989755,2.156928,0.3968254,2.5434792,68.92444,0
6bba_ed9377fd,6568,96,58.0,126.0,212.0,0.8874224,5.831356,0.9206349,2.5434792,68.92444,1
6bba_ed9377fd,6569,96,56.0,170.0,55.0,0.8356389,2.4021578,0.8888889,2.5434792,68.92444,0
6bba_ed9377fd,6570,96,0.0,222.0,198.0,0.477105,4.884353,0.0,2.0871162,38.082764,0
6bba_ed9377fd,6571,96,32.0,171.0,230.0,1.1276789,1.4676051,0.50793654,2.5434792,68.92444,1
6bba_ed9377fd,6572,96,45.0,185.0,110.0,0.65607345,2.4361227,0.71428573,2.5434792,68.92444,0
6bba_ed9377fd,6573,96,36.0,135.0,255.0,1.2268289,1.2809893,0.5714286,2.1396742,41.032837,0
6bba_ed9377fd,6574,96,48.0,132.0,244.0,0.89377034,1.8031101,0.7619048,2.5434792,68.92444,0
6bba_ed9377fd,6575,96,14.0,198.0,235.0,0.8718067,2.4337606,0.22222222,2.5434792,68.92444,1
6bba_ed9377fd,6576,96,0.0,196.0,231.0,0.8801071,2.2740214,0.0,2.1396742,41.032837,1
6bba_ed9377fd,6577,96,63.0,117.0,143.0,0.76445633,1.3243212,1.0,2.1396742,41.032837,0
6bba_ed9377fd,6578,96,52.0,153.0,188.0,0.53405666,2.7191634,0.82539684,2.5434792,68.92444,0
6bba_ed9377fd,6579,96,27.0,198.0,180.0,0.5021112,1.2059771,0.42857143,2.5335438,68.11987,0
6bba_ed9377fd,6580,96,25.0,217.0,52.0,0.43765467,2.0029502,0.3968254,2.5335438,68.11987,0
6bba_ed9377fd,6581,96,0.0,241.0,17.0,0.33365965,2.8688712,0.0,2.13031,40.49646,0
6bba_ed9377fd,6582,96,0.0,226.0,182.0,0.39450827,2.5355182,0.0,2.1396742,41.032837,0
6bba_ed9377fd,6583,96,0.0,241.0,63.0,0.4186942,1.5147125,0.0,2.1396742,41.032837,0
6bba_ed9377fd,6584,96,18.0,227.0,0.0,0.2856718,1.7305439,0.2857143,2.1113307,39.423706,0
6bba_ed9377fd,6585,96,6.0,199.0,255.0,0.39248317,0.87901276,0.0952381,2.1161075,39.691895,0
6bba_ed9377fd,6586,96,0.0,243.0,45.0,0.36852762,0.74082744,0.0,2.0723133,37.2782,0
6bba_ed9377fd,6587,96,36.0,157.0,233.0,0.57695544,0.3771803,0.5714286,2.3928847,57.392334,2
6bba_ed9377fd,6588,96,58.0,90.0,255.0,0.36375764,1.2389549,0.9206349,2.125597,40.22827,0
6bba_ed9377fd,6589,96,0.0,237.0,160.0,0.17676811,1.8150234,0.0,1.887326,28.15979,0
6bba_ed9377fd,6590,96,0.0,248.0,0.0,0.15450776,1.1940131,0.0,1.608502,17.432251,0
6bba_ed9377fd,6591,96,52.0,133.0,223.0,0.4063434,0.71255726,0.82539684,2.4617038,62.487915,2
6bba_ed9377fd,6592,96,51.0,136.0,221.0,0.4254158,0.598635,0.8095238,2.472224,63.29248,1
6bba_ed9377fd,6593,96,4.0,209.0,210.0,0.26638556,0.85332996,0.06349207,2.4113774,58.733276,1
6bba_ed9377fd,6594,96,58.0,114.0,248.0,0.36564445,0.75884557,0.9206349,2.4546402,61.951538,0
6bba_ed9377fd,6595,96,0.0,213.0,211.0,0.2562936,1.3026736,0.0,2.1161075,39.691895,1
6bba_ed9377fd,6596,96,63.0,122.0,177.0,0.19849703,1.5206975,1.0,1.9454337,30.841675,0
6bba_ed9377fd,6597,97,40.0,200.0,67.0,1.833159,4.59362,0.63492066,2.5434792,68.92444,0
6bba_ed9377fd,6598,97,39.0,187.0,151.0,1.7915802,4.0786576,0.61904764,2.5434792,68.92444,1
6bba_ed9377fd,6599,97,63.0,160.0,0.0,0.941763,11.87323,1.0,1.7994134,24.405151,0
6bba_ed9377fd,6600,97,13.0,235.0,56.0,1.448985,2.8579233,0.20634921,2.5434792,68.92444,0
6bba_ed9377fd,6601,97,40.0,182.0,165.0,1.6146259,3.3065567,0.63492066,2.5434792,68.92444,1
6bba_ed9377fd,6602,97,34.0,179.0,206.0,1.1929413,5.064298,0.53968257,2.5434792,68.92444,0
6bba_ed9377fd,6603,97,63.0,142.0,145.0,1.4645226,3.4434984,1.0,2.1396742,41.032837,1
6bba_ed9377fd,6604,97,63.0,139.0,155.0,1.3166815,2.633938,1.0,2.1396742,41.032837,1
6bba_ed9377fd,6605,97,47.0,191.0,0.0,0.9435662,5.868999,0.74603176,2.1396742,41.032837,0
6bba_ed9377fd,6606,97,36.0,203.0,108.0,1.0253748,6.158874,0.5714286,2.5401762,68.65625,0
6bba_ed9377fd,6607,97,27.0,215.0,120.0,1.025786,3.2068686,0.42857143,2.5434792,68.92444,1
6bba_ed9377fd,6608,97,15.0,236.0,26.0,1.1866046,2.3239083,0.23809524,2.5434792,68.92444,2
6bba_ed9377fd,6609,97,12.0,218.0,168.0,1.0118332,3.5604193,0.1904762,2.5434792,68.92444,0
6bba_ed9377fd,6610,97,27.0,214.0,127.0,1.0237577,2.8080099,0.42857143,2.5434792,68.92444,2
6bba_ed9377fd,6611,97,0.0,239.0,109.0,0.99755263,2.682552,0.0,2.1396742,41.032837,1
6bba_ed9377fd,6612,97,37.0,214.0,0.0,1.1999174,3.3309274,0.5873016,2.13031,40.49646,0
6bba_ed9377fd,6613,97,43.0,161.0,210.0,2.013233,2.041722,0.6825397,2.5434792,68.92444,0
6bba_ed9377fd,6614,97,63.0,105.0,164.0,1.1847149,1.9391136,1.0,2.1396742,41.032837,0
6bba_ed9377fd,6615,97,63.0,106.0,226.0,1.4336857,2.9153738,1.0,2.1350024,40.76465,0
6bba_ed9377fd,6616,97,30.0,199.0,163.0,0.9505705,3.3464048,0.47619048,2.5434792,68.92444,1
6bba_ed9377fd,6617,97,12.0,197.0,193.0,1.1107321,2.598744,0.1904762,2.5434792,68.92444,0
6bba_ed9377fd,6618,97,63.0,108.0,148.0,1.3370956,2.541596,1.0,2.1396742,41.032837,0
6bba_ed9377fd,6619,97,27.0,208.0,21.0,1.0900027,2.2304533,0.42857143,2.5434792,68.92444,0
6bba_ed9377fd,6620,97,25.0,193.0,216.0,0.99214935,3.1077006,0.3968254,2.5434792,68.92444,0
6bba_ed9377fd,6621,97,22.0,226.0,27.0,1.2085683,2.5115228,0.34920636,2.5434792,68.92444,2
6bba_ed9377fd,6622,97,63.0,149.0,83.0,0.8184044,4.05702,1.0,2.1350024,40.76465,0
6bba_ed9377fd,6623,97,45.0,188.0,97.0,0.88902223,3.7921696,0.71428573,2.5434792,68.92444,0
6bba_ed9377fd,6624,97,42.0,152.0,248.0,1.8124124,2.4331815,0.6666667,2.5434792,68.92444,1
6bba_ed9377fd,6625,97,46.0,152.0,224.0,2.1624186,2.2569878,0.73015875,2.5434792,68.92444,0
6bba_ed9377fd,6626,97,32.0,203.0,131.0,0.7929515,2.6752405,0.50793654,2.5401762,68.65625,1
6bba_ed9377fd,6627,97,22.0,227.0,19.0,0.975391,1.9313123,0.34920636,2.5368643,68.38806,2
6bba_ed9377fd,6628,97,25.0,185.0,234.0,1.9844016,2.19049,0.3968254,2.5434792,68.92444,1
6bba_ed9377fd,6629,97,32.0,194.0,172.0,0.817532,2.2365422,0.50793654,2.5401762,68.65625,2
6bba_ed9377fd,6630,97,48.0,163.0,99.0,0.9907437,2.0268307,0.7619048,2.5434792,68.92444,2
6bba_ed9377fd,6631,97,49.0,163.0,88.0,0.96712893,2.0044692,0.7777778,2.5434792,68.92444,2
6bba_ed9377fd,6632,97,25.0,184.0,244.0,2.3664043,2.7738008,0.3968254,2.5434792,68.92444,2
6bba_ed9377fd,6633,97,24.0,220.0,86.0,0.7127936,3.9614756,0.3809524,2.5434792,68.92444,0
6bba_ed9377fd,6634,97,56.0,172.0,55.0,0.82408565,2.5259743,0.8888889,2.5401762,68.65625,1
6bba_ed9377fd,6635,97,55.0,172.0,63.0,0.84389514,2.2928963,0.8730159,2.5401762,68.65625,1
6bba_ed9377fd,6636,97,44.0,187.0,113.0,0.67195183,2.8573208,0.6984127,2.5434792,68.92444,0
6bba_ed9377fd,6637,97,63.0,126.0,208.0,0.82696533,2.6613107,1.0,2.1350024,40.76465,0
6bba_ed9377fd,6638,97,45.0,170.0,100.0,0.9132713,1.7836622,0.71428573,2.5434792,68.92444,2
6bba_ed9377fd,6639,97,47.0,134.0,245.0,0.95936394,1.113202,0.74603176,2.5434792,68.92444,1
6bba_ed9377fd,6640,97,13.0,199.0,234.0,0.8663216,2.4211948,0.20634921,2.5434792,68.92444,1
6bba_ed9377fd,6641,97,31.0,171.0,235.0,1.1768229,1.1341081,0.4920635,2.5434792,68.92444,2
6bba_ed9377fd,6642,97,37.0,135.0,255.0,1.2513701,1.0807577,0.5873016,2.1350024,40.76465,1
6bba_ed9377fd,6643,97,0.0,244.0,97.0,0.6490647,1.8126136,0.0,2.1396742,41.032837,1
6bba_ed9377fd,6644,97,29.0,171.0,240.0,1.227475,0.7844117,0.46031746,2.5368643,68.38806,2
6bba_ed9377fd,6645,97,0.0,196.0,234.0,0.91921717,2.318941,0.0,2.1396742,41.032837,2
6bba_ed9377fd,6646,97,0.0,193.0,241.0,0.88393646,2.1775985,0.0,2.1396742,41.032837,1
6bba_ed9377fd,6647,97,0.0,224.0,197.0,0.401764,3.953255,0.0,2.0723133,37.2782,1
6bba_ed9377fd,6648,97,27.0,199.0,181.0,0.57578975,1.402548,0.42857143,2.5168092,66.77893,1
6bba_ed9377fd,6649,97,52.0,153.0,190.0,0.51349866,2.6796951,0.82539684,2.5434792,68.92444,0
6bba_ed9377fd,6650,97,0.0,244.0,45.0,0.4423234,0.7041801,0.0,2.0673318,37.01001,0
6bba_ed9377fd,6651,97,0.0,243.0,15.0,0.39222404,4.2986193,0.0,2.1350024,40.76465,0
6bba_ed9377fd,6652,97,0.0,226.0,185.0,0.38314477,2.310559,0.0,2.1396742,41.032837,1
6bba_ed9377fd,6653,97,24.0,220.0,53.0,0.39704144,1.7813666,0.3809524,2.5368643,68.38806,0
6bba_ed9377fd,6654,97,18.0,229.0,0.0,0.34075224,2.2625918,0.2857143,2.1350024,40.76465,0
6bba_ed9377fd,6655,97,0.0,242.0,60.0,0.3492077,0.63299733,0.0,2.0369256,35.40088,0
6bba_ed9377fd,6656,97,6.0,200.0,255.0,0.35573408,0.6566248,0.0952381,2.0673318,37.01001,0
6bba_ed9377fd,6657,97,37.0,158.0,237.0,0.562534,0.34700572,0.5873016,2.3316977,53.10132,2
6bba_ed9377fd,6658,97,58.0,92.0,255.0,0.3342355,1.2865741,0.9206349,2.1161075,39.691895,0
6bba_ed9377fd,6659,97,0.0,214.0,217.0,0.2735212,1.3127409,0.0,2.125597,40.22827,1
6bba_ed9377fd,6660,97,4.0,209.0,217.0,0.29293153,0.7984185,0.06349207,2.418696,59.269653,1
6bba_ed9377fd,6661,97,63.0,123.0,177.0,0.19938,1.4959917,1.0,1.9510565,31.109863,0
6bba_ed9377fd,6662,97,52.0,134.0,227.0,0.36125064,0.6678702,0.82539684,2.4617038,62.487915,0
6bba_ed9377fd,6663,97,28.0,160.0,255.0,0.4323515,0.22638473,0.44444445,1.994915,33.25537,0
6bba_ed9377fd,6664,97,59.0,115.0,249.0,0.32310006,0.9194232,0.93650794,2.4826555,64.097046,0
6bba_ed9377fd,6665,98,40.0,200.0,67.0,1.8261255,4.548407,0.63492066,2.5434792,68.92444,0
6bba_ed9377fd,6666,98,63.0,161.0,0.0,1.0395993,11.323777,1.0,1.7994134,24.405151,0
6bba_ed9377fd,6667,98,39.0,186.0,155.0,1.595262,4.0000463,0.61904764,2.5434792,68.92444,1
6bba_ed9377fd,6668,98,34.0,179.0,206.0,1.3651475,5.644156,0.53968257,2.5434792,68.92444,0
6bba_ed9377fd,6669,98,12.0,236.0,57.0,1.4658462,2.8716023,0.1904762,2.5434792,68.92444,0
6bba_ed9377fd,6670,98,63.0,143.0,146.0,1.3715509,3.1937752,1.0,2.1396742,41.032837,1
6bba_ed9377fd,6671,98,40.0,182.0,165.0,1.492198,2.9831939,0.63492066,2.5434792,68.92444,2
6bba_ed9377fd,6672,98,36.0,213.0,0.0,1.748438,4.486903,0.5714286,2.1396742,41.032837,0
6bba_ed9377fd,6673,98,63.0,139.0,156.0,1.2456211,2.5161293,1.0,2.1396742,41.032837,1
6bba_ed9377fd,6674,98,12.0,218.0,168.0,1.0476068,3.748841,0.1904762,2.5434792,68.92444,0
6bba_ed9377fd,6675,98,0.0,240.0,108.0,1.0095496,2.7790074,0.0,2.1396742,41.032837,0
6bba_ed9377fd,6676,98,15.0,236.0,28.0,1.2431021,2.4664116,0.23809524,2.5434792,68.92444,2
6bba_ed9377fd,6677,98,35.0,205.0,108.0,0.9094202,4.928261,0.5555556,2.5434792,68.92444,0
6bba_ed9377fd,6678,98,30.0,198.0,166.0,1.0963279,3.5049367,0.47619048,2.5434792,68.92444,2
6bba_ed9377fd,6679,98,44.0,189.0,98.0,1.0145814,4.1654887,0.6984127,2.5434792,68.92444,0
6bba_ed9377fd,6680,98,41.0,179.0,174.0,1.0565317,2.5366113,0.6507937,2.5434792,68.92444,1
6bba_ed9377fd,6681,98,63.0,107.0,223.0,1.4213334,2.7872372,1.0,2.1350024,40.76465,0
6bba_ed9377fd,6682,98,43.0,162.0,212.0,2.1698008,2.1219523,0.6825397,2.5434792,68.92444,1
6bba_ed9377fd,6683,98,27.0,215.0,123.0,0.94070864,3.0135028,0.42857143,2.5434792,68.92444,0
6bba_ed9377fd,6684,98,63.0,149.0,83.0,0.9419059,4.6340613,1.0,2.1350024,40.76465,0
6bba_ed9377fd,6685,98,12.0,197.0,194.0,1.1335756,2.6956928,0.1904762,2.5434792,68.92444,0
6bba_ed9377fd,6686,98,63.0,105.0,168.0,1.1655966,1.7202659,1.0,2.1396742,41.032837,0
6bba_ed9377fd,6687,98,63.0,108.0,150.0,1.3391014,2.4700413,1.0,2.1396742,41.032837,0
6bba_ed9377fd,6688,98,32.0,205.0,134.0,0.8739837,2.790262,0.50793654,2.5401762,68.65625,1
6bba_ed9377fd,6689,98,27.0,208.0,24.0,1.1340326,2.217364,0.42857143,2.5434792,68.92444,0
6bba_ed9377fd,6690,98,47.0,191.0,0.0,0.8568138,4.3932123,0.74603176,2.1396742,41.032837,0
6bba_ed9377fd,6691,98,22.0,225.0,29.0,1.2262523,2.6496797,0.34920636,2.5434792,68.92444,2
6bba_ed9377fd,6692,98,33.0,192.0,176.0,0.9021467,2.2623413,0.52380955,2.5368643,68.38806,2
6bba_ed9377fd,6693,98,44.0,188.0,113.0,0.78479236,3.0138206,0.6984127,2.5401762,68.65625,0
6bba_ed9377fd,6694,98,46.0,154.0,224.0,2.2524498,2.1722934,0.73015875,2.5434792,68.92444,1
6bba_ed9377fd,6695,98,42.0,151.0,247.0,1.8282453,2.4775863,0.6666667,2.5434792,68.92444,1
6bba_ed9377fd,6696,98,22.0,227.0,20.0,0.9475594,1.849186,0.34920636,2.5401762,68.65625,2
6bba_ed9377fd,6697,98,25.0,184.0,240.0,2.1422834,2.3550448,0.3968254,2.5401762,68.65625,1
6bba_ed9377fd,6698,98,0.0,223.0,197.0,0.5791176,5.2083974,0.0,2.13031,40.49646,0
6bba_ed9377fd,6699,98,25.0,193.0,217.0,0.8987355,2.8068106,0.3968254,2.5434792,68.92444,0
6bba_ed9377fd,6700,98,49.0,163.0,99.0,0.94229704,1.9088984,0.7777778,2.5434792,68.92444,3
6bba_ed9377fd,6701,98,56.0,172.0,56.0,0.79693973,2.6596193,0.8888889,2.5434792,68.92444,0
6bba_ed9377fd,6702,98,49.0,163.0,91.0,0.92526436,1.939208,0.7777778,2.5434792,68.92444,3
6bba_ed9377fd,6703,98,58.0,127.0,213.0,0.8597507,5.0205994,0.9206349,2.5434792,68.92444,0
6bba_ed9377fd,6704,98,13.0,200.0,233.0,0.86338466,2.5562737,0.20634921,2.5434792,68.92444,0
6bba_ed9377fd,6705,98,45.0,170.0,101.0,0.9092545,1.8350393,0.71428573,2.5434792,68.92444,3
6bba_ed9377fd,6706,98,45.0,138.0,245.0,1.077124,0.7377356,0.71428573,2.5434792,68.92444,2
6bba_ed9377fd,6707,98,38.0,136.0,255.0,1.2794429,1.0106658,0.6031746,2.1396742,41.032837,1
6bba_ed9377fd,6708,98,23.0,221.0,88.0,0.64665717,4.0903535,0.36507937,2.5434792,68.92444,0
6bba_ed9377fd,6709,98,46.0,169.0,90.0,0.8983584,1.7288654,0.73015875,2.5434792,68.92444,3
6bba_ed9377fd,6710,98,0.0,192.0,244.0,0.8760185,2.3195765,0.0,2.1396742,41.032837,1
6bba_ed9377fd,6711,98,27.0,171.0,245.0,1.3149408,0.7028878,0.42857143,2.5268764,67.583496,1
6bba_ed9377fd,6712,98,27.0,200.0,180.0,0.59659916,1.1323814,0.42857143,2.5032594,65.70618,2
6bba_ed9377fd,6713,98,52.0,152.0,193.0,0.4887525,2.9134934,0.82539684,2.5434792,68.92444,0
6bba_ed9377fd,6714,98,0.0,227.0,116.0,0.5620339,1.0203174,0.0,2.0317688,35.13269,0
6bba_ed9377fd,6715,98,0.0,243.0,16.0,0.39262715,4.645325,0.0,2.1396742,41.032837,0
6bba_ed9377fd,6716,98,23.0,222.0,54.0,0.4283927,1.6534402,0.36507937,2.5335438,68.11987,0
6bba_ed9377fd,6717,98,17.0,231.0,0.0,0.31118217,3.1082985,0.26984128,2.1396742,41.032837,0
6bba_ed9377fd,6718,98,0.0,244.0,47.0,0.34528232,0.14380647,0.0,1.8254013,25.477905,0
6bba_ed9377fd,6719,98,0.0,214.0,221.0,0.2986477,1.3408996,0.0,2.1161075,39.691895,1
6bba_ed9377fd,6720,98,4.0,209.0,219.0,0.30895284,0.6482185,0.06349207,2.3741014,56.05139,1
6bba_ed9377fd,6721,98,58.0,92.0,255.0,0.28896376,1.0431646,0.9206349,2.1017118,38.88733,0
6bba_ed9377fd,6722,98,6.0,200.0,255.0,0.28406897,0.18436798,0.0952381,1.8125006,24.941528,1
6bba_ed9377fd,6723,98,63.0,122.0,179.0,0.19156758,0.98086923,1.0,1.9340899,30.305298,0
6bba_ed9377fd,6724,98,59.0,114.0,250.0,0.31228966,0.82042956,0.93650794,2.4687274,63.024292,0
6bba_ed9377fd,6725,98,35.0,194.0,125.0,0.24846157,0.5289299,0.5555556,2.4791882,63.828857,1
6bba_ed9377fd,6726,99,40.0,200.0,64.0,1.7790099,4.8244495,0.63492066,2.5434792,68.92444,0
6bba_ed9377fd,6727,99,40.0,184.0,155.0,1.5376393,3.7455754,0.63492066,2.5434792,68.92444,1
6bba_ed9377fd,6728,99,34.0,180.0,206.0,1.4354547,5.947694,0.53968257,2.5434792,68.92444,0
6bba_ed9377fd,6729,99,11.0,237.0,54.0,1.4741766,2.9483657,0.17460318,2.5434792,68.92444,0
6bba_ed9377fd,6730,99,63.0,143.0,145.0,1.4096148,3.152567,1.0,2.1396742,41.032837,1
6bba_ed9377fd,6731,99,40.0,180.0,168.0,1.5032597,3.119481,0.63492066,2.5434792,68.92444,1
6bba_ed9377fd,6732,99,31.0,195.0,168.0,1.3372815,3.644034,0.4920635,2.5434792,68.92444,1
6bba_ed9377fd,6733,99,63.0,139.0,157.0,1.2851824,2.5765698,1.0,2.1396742,41.032837,1
6bba_ed9377fd,6734,99,63.0,162.0,0.0,0.8856078,11.133176,1.0,1.7994134,24.405151,0
6bba_ed9377fd,6735,99,0.0,239.0,108.0,1.0477191,3.1465452,0.0,2.1396742,41.032837,2
6bba_ed9377fd,6736,99,44.0,190.0,95.0,1.092791,4.392086,0.6984127,2.5434792,68.92444,0
6bba_ed9377fd,6737,99,37.0,213.0,0.0,2.063056,5.04069,0.5873016,2.1396742,41.032837,0
6bba_ed9377fd,6738,99,63.0,107.0,221.0,1.4851573,3.3118155,1.0,2.1350024,40.76465,0
6bba_ed9377fd,6739,99,13.0,217.0,167.0,0.9985658,3.3863764,0.20634921,2.5434792,68.92444,0
6bba_ed9377fd,6740,99,26.0,214.0,125.0,0.96386063,3.1495934,0.41269842,2.5434792,68.92444,0
6bba_ed9377fd,6741,99,14.0,236.0,27.0,1.1850963,2.174693,0.22222222,2.5434792,68.92444,1
6bba_ed9377fd,6742,99,42.0,163.0,212.0,2.3290422,2.1983795,0.6666667,2.5434792,68.92444,1
6bba_ed9377fd,6743,99,27.0,208.0,24.0,1.1421862,2.2882762,0.42857143,2.5434792,68.92444,0
6bba_ed9377fd,6744,99,43.0,189.0,113.0,0.82782245,3.3332129,0.6825397,2.5401762,68.65625,0
6bba_ed9377fd,6745,99,63.0,106.0,168.0,1.2440183,1.7810255,1.0,2.1396742,41.032837,0
6bba_ed9377fd,6746,99,31.0,203.0,139.0,0.86140203,3.4339657,0.4920635,2.5434792,68.92444,1
6bba_ed9377fd,6747,99,12.0,197.0,193.0,1.104784,2.6025193,0.1904762,2.5434792,68.92444,0
6bba_ed9377fd,6748,99,63.0,108.0,148.0,1.4239824,2.4186928,1.0,2.1396742,41.032837,0
6bba_ed9377fd,6749,99,47.0,192.0,0.0,0.8784467,3.4044032,0.74603176,2.1396742,41.032837,0
6bba_ed9377fd,6750,99,63.0,148.0,80.0,0.8668817,4.389069,1.0,2.1350024,40.76465,0
6bba_ed9377fd,6751,99,21.0,226.0,27.0,1.1762571,2.5075352,0.33333334,2.5434792,68.92444,1
6bba_ed9377fd,6752,99,33.0,206.0,108.0,0.820726,3.8884363,0.52380955,2.5434792,68.92444,0
6bba_ed9377fd,6753,99,25.0,191.0,219.0,0.9604553,2.9288826,0.3968254,2.5434792,68.92444,0
6bba_ed9377fd,6754,99,46.0,153.0,219.0,2.293886,1.9302363,0.73015875,2.5434792,68.92444,1
6bba_ed9377fd,6755,99,0.0,222.0,194.0,0.60808307,5.088897,0.0,2.1396742,41.032837,0
6bba_ed9377fd,6756,99,25.0,181.0,243.0,2.0734444,1.9633776,0.3968254,2.5434792,68.92444,2
6bba_ed9377fd,6757,99,42.0,150.0,245.0,1.8122697,1.8722665,0.6666667,2.5434792,68.92444,1
6bba_ed9377fd,6758,99,23.0,222.0,85.0,0.73386586,4.655931,0.36507937,2.5434792,68.92444,0
6bba_ed9377fd,6759,99,45.0,170.0,100.0,0.9723627,2.075884,0.71428573,2.5434792,68.92444,1
6bba_ed9377fd,6760,99,31.0,173.0,232.0,1.3134269,1.5390533,0.4920635,2.5434792,68.92444,1
6bba_ed9377fd,6761,99,44.0,140.0,242.0,1.3362759,0.92868096,0.6984127,2.5434792,68.92444,1
6bba_ed9377fd,6762,99,45.0,171.0,88.0,0.95634717,1.9727566,0.71428573,2.5434792,68.92444,1
6bba_ed9377fd,6763,99,57.0,128.0,214.0,0.86998975,4.583408,0.9047619,2.5434792,68.92444,0
6bba_ed9377fd,6764,99,0.0,192.0,242.0,0.9329705,2.3490977,0.0,2.1396742,41.032837,0
6bba_ed9377fd,6765,99,12.0,200.0,230.0,0.8879709,2.456813,0.1904762,2.5434792,68.92444,0
6bba_ed9377fd,6766,99,38.0,134.0,255.0,1.2915647,0.92172897,0.6031746,2.1396742,41.032837,0
6bba_ed9377fd,6767,99,0.0,244.0,97.0,0.66830784,1.841653,0.0,2.1396742,41.032837,1
6bba_ed9377fd,6768,99,56.0,172.0,55.0,0.74089944,2.503535,0.8888889,2.5401762,68.65625,1
6bba_ed9377fd,6769,99,27.0,169.0,248.0,1.5384562,0.8900641,0.42857143,2.5434792,68.92444,1
6bba_ed9377fd,6770,99,56.0,170.0,64.0,0.78408957,2.3510745,0.8888889,2.5401762,68.65625,1
6bba_ed9377fd,6771,99,27.0,198.0,182.0,0.57567555,0.9961339,0.42857143,2.5032594,65.70618,1
6bba_ed9377fd,6772,99,52.0,152.0,192.0,0.48690698,2.7759888,0.82539684,2.5434792,68.92444,0
6bba_ed9377fd,6773,99,0.0,243.0,13.0,0.38902807,4.2987943,0.0,2.1396742,41.032837,0
6bba_ed9377fd,6774,99,22.0,223.0,55.0,0.42114764,1.9474707,0.34920636,2.5434792,68.92444,0
6bba_ed9377fd,6775,99,0.0,228.0,115.0,0.52979565,0.70748943,0.0,1.9677329,31.914429,1
6bba_ed9377fd,6776,99,0.0,229.0,171.0,0.34080985,2.1406057,0.0,2.1396742,41.032837,1
6bba_ed9377fd,6777,99,59.0,90.0,255.0,0.3370092,2.3254774,0.93650794,2.1396742,41.032837,0
6bba_ed9377fd,6778,99,17.0,231.0,0.0,0.2543357,1.952945,0.26984128,2.1396742,41.032837,0
6bba_ed9377fd,6779,99,5.0,199.0,255.0,0.34005165,0.54229265,0.07936508,2.0420563,35.669067,0
6bba_ed9377fd,6780,99,0.0,214.0,221.0,0.28273493,1.3546329,0.0,2.125597,40.22827,0
6bba_ed9377fd,6781,99,63.0,123.0,177.0,0.20854568,0.9947439,1.0,1.910994,29.232544,0
6bba_ed9377fd,6782,99,35.0,195.0,129.0,0.244022,0.51923233,0.5555556,2.4546402,61.951538,1
6bba_ed9377fd,6783,99,0.0,235.0,158.0,0.12808922,1.0131098,0.0,1.8813155,27.891602,1
