dataset,source_id,target_id
6bba_474be664,854021,854084
6bba_474be664,854084,854139
6bba_474be664,854139,854208
6bba_474be664,854208,854283
6bba_474be664,854006,854073
6bba_474be664,854073,854158
6bba_474be664,854007,854068
6bba_474be664,854008,854066
6bba_474be664,854066,854120
6bba_474be664,854120,854187
6bba_474be664,854187,854262
6bba_474be664,854262,854341
6bba_474be664,854341,854414
6bba_474be664,854414,854487
6bba_474be664,854487,854570
6bba_474be664,854570,854640
6bba_474be664,854640,854685
6bba_474be664,854685,854741
6bba_474be664,854741,854806
6bba_474be664,854806,854888
6bba_474be664,854888,854952
6bba_474be664,854952,855022
6bba_474be664,855022,855120
6bba_474be664,855120,855190
6bba_474be664,855190,855292
6bba_474be664,855292,855397
6bba_474be664,855574,855663
6bba_474be664,855663,855773
6bba_474be664,855773,855870
6bba_474be664,855870,855961
6bba_474be664,855961,856038
6bba_474be664,856038,856110
6bba_474be664,856110,856203
6bba_474be664,856203,856298
6bba_474be664,856298,856400
6bba_474be664,856400,856532
6bba_474be664,856532,856645
6bba_474be664,856645,856749
6bba_474be664,856749,856854
6bba_474be664,856854,856966
6bba_474be664,857100,857178
6bba_474be664,857178,857259
6bba_474be664,857259,857356
6bba_474be664,857356,857457
6bba_474be664,857457,857560
6bba_474be664,857560,857657
6bba_474be664,857657,857751
6bba_474be664,857751,857854
6bba_474be664,854009,854071
6bba_474be664,854071,854148
6bba_474be664,854148,854226
6bba_474be664,854226,854301
6bba_474be664,854010,854077
6bba_474be664,854077,854131
6bba_474be664,854131,854199
6bba_474be664,854199,854274
6bba_474be664,854011,854072
6bba_474be664,854072,854128
6bba_474be664,854128,854195
6bba_474be664,854195,854270
6bba_474be664,854270,854349
6bba_474be664,854012,854067
6bba_474be664,854067,854124
6bba_474be664,854124,854192
6bba_474be664,854192,854267
6bba_474be664,854267,854342
6bba_474be664,854013,854070
6bba_474be664,854070,854126
6bba_474be664,854126,854198
6bba_474be664,854198,854273
6bba_474be664,854014,854075
6bba_474be664,854075,854132
6bba_474be664,854132,854194
6bba_474be664,854194,854269
6bba_474be664,854269,854343
6bba_474be664,854343,854413
6bba_474be664,854413,854489
6bba_474be664,854489,854573
6bba_474be664,854573,854644
6bba_474be664,854644,854686
6bba_474be664,854686,854743
6bba_474be664,854743,854811
6bba_474be664,854811,854923
6bba_474be664,854923,854992
6bba_474be664,854992,855041
6bba_474be664,855041,855135
6bba_474be664,855135,855207
6bba_474be664,854015,854074
6bba_474be664,854074,854125
6bba_474be664,854125,854191
6bba_474be664,854191,854266
6bba_474be664,854016,854081
6bba_474be664,854081,854133
6bba_474be664,854133,854196
6bba_474be664,854196,854271
6bba_474be664,854017,854082
6bba_474be664,854082,854134
6bba_474be664,854134,854212
6bba_474be664,854212,854287
6bba_474be664,854287,854358
6bba_474be664,854358,854446
6bba_474be664,854446,854513
6bba_474be664,854513,854582
6bba_474be664,854582,854653
6bba_474be664,854018,854098
6bba_474be664,854225,854300
6bba_474be664,854300,854353
6bba_474be664,854353,854424
6bba_474be664,854424,854496
6bba_474be664,854496,854584
6bba_474be664,854019,854076
6bba_474be664,854202,854277
6bba_474be664,854277,854351
6bba_474be664,854351,854419
6bba_474be664,854419,854495
6bba_474be664,854495,854577
6bba_474be664,854577,854645
6bba_474be664,854035,854097
6bba_474be664,854097,854141
6bba_474be664,854141,854209
6bba_474be664,854209,854284
6bba_474be664,854284,854377
6bba_474be664,854377,854436
6bba_474be664,854436,854518
6bba_474be664,854518,854587
6bba_474be664,854587,854675
6bba_474be664,854675,854725
6bba_474be664,854725,854792
6bba_474be664,854792,854845
6bba_474be664,854845,854904
6bba_474be664,854904,854970
6bba_474be664,854020,854080
6bba_474be664,854080,854129
6bba_474be664,854129,854201
6bba_474be664,854201,854276
6bba_474be664,854276,854361
6bba_474be664,854361,854418
6bba_474be664,854418,854506
6bba_474be664,854506,854617
6bba_474be664,854617,854671
6bba_474be664,854034,854078
6bba_474be664,854078,854127
6bba_474be664,854127,854193
6bba_474be664,854193,854268
6bba_474be664,854268,854384
6bba_474be664,854384,854458
6bba_474be664,854458,854507
6bba_474be664,854507,854593
6bba_474be664,854593,854649
6bba_474be664,854649,854695
6bba_474be664,854695,854747
6bba_474be664,854747,854813
6bba_474be664,854813,854899
6bba_474be664,854899,854958
6bba_474be664,854958,855033
6bba_474be664,855222,855315
6bba_474be664,855315,855409
6bba_474be664,855409,855484
6bba_474be664,855484,855593
6bba_474be664,855593,855676
6bba_474be664,855676,855795
6bba_474be664,854032,854088
6bba_474be664,854088,854146
6bba_474be664,854146,854221
6bba_474be664,854221,854296
6bba_474be664,854296,854392
6bba_474be664,854392,854448
6bba_474be664,854448,854532
6bba_474be664,854532,854595
6bba_474be664,854595,854661
6bba_474be664,854661,854698
6bba_474be664,854698,854758
6bba_474be664,854758,854815
6bba_474be664,854031,854096
6bba_474be664,854096,854136
6bba_474be664,854136,854206
6bba_474be664,854206,854281
6bba_474be664,854030,854086
6bba_474be664,854086,854149
6bba_474be664,854149,854228
6bba_474be664,854228,854303
6bba_474be664,854303,854391
6bba_474be664,854029,854093
6bba_474be664,854093,854145
6bba_474be664,854145,854223
6bba_474be664,854223,854298
6bba_474be664,854298,854365
6bba_474be664,854365,854447
6bba_474be664,854447,854516
6bba_474be664,854516,854590
6bba_474be664,854590,854667
6bba_474be664,854667,854723
6bba_474be664,854723,854786
6bba_474be664,854786,854846
6bba_474be664,854846,854941
6bba_474be664,854024,854083
6bba_474be664,854083,854140
6bba_474be664,854140,854215
6bba_474be664,854215,854290
6bba_474be664,854023,854089
6bba_474be664,854089,854138
6bba_474be664,854022,854079
6bba_474be664,854079,854130
6bba_474be664,854130,854200
6bba_474be664,854200,854275
6bba_474be664,854027,854069
6bba_474be664,854069,854122
6bba_474be664,854122,854190
6bba_474be664,854190,854265
6bba_474be664,854265,854346
6bba_474be664,854346,854420
6bba_474be664,854420,854501
6bba_474be664,854501,854575
6bba_474be664,854575,854648
6bba_474be664,854648,854683
6bba_474be664,854683,854744
6bba_474be664,854744,854810
6bba_474be664,854810,854893
6bba_474be664,854893,854961
6bba_474be664,854961,855034
6bba_474be664,855034,855117
6bba_474be664,855117,855184
6bba_474be664,855184,855293
6bba_474be664,855293,855398
6bba_474be664,855398,855483
6bba_474be664,855483,855576
6bba_474be664,855576,855666
6bba_474be664,855666,855777
6bba_474be664,855777,855876
6bba_474be664,855876,855965
6bba_474be664,855965,856040
6bba_474be664,856040,856113
6bba_474be664,856113,856210
6bba_474be664,856210,856304
6bba_474be664,856304,856399
6bba_474be664,856399,856521
6bba_474be664,856521,856638
6bba_474be664,856638,856746
6bba_474be664,856746,856851
6bba_474be664,856851,856975
6bba_474be664,856975,857049
6bba_474be664,857049,857110
6bba_474be664,857110,857197
6bba_474be664,857197,857281
6bba_474be664,857281,857385
6bba_474be664,857385,857486
6bba_474be664,857486,857568
6bba_474be664,857568,857667
6bba_474be664,857667,857766
6bba_474be664,857766,857868
6bba_474be664,857868,858010
6bba_474be664,858010,858114
6bba_474be664,858114,858204
6bba_474be664,858204,858306
6bba_474be664,854050,854106
6bba_474be664,854106,854175
6bba_474be664,854175,854260
6bba_474be664,854260,854335
6bba_474be664,854047,854090
6bba_474be664,854090,854144
6bba_474be664,854144,854216
6bba_474be664,854216,854291
6bba_474be664,854004,854065
6bba_474be664,854065,854121
6bba_474be664,854121,854189
6bba_474be664,854189,854264
6bba_474be664,854036,854091
6bba_474be664,854091,854154
6bba_474be664,854154,854218
6bba_474be664,854218,854293
6bba_474be664,854037,854099
6bba_474be664,854099,854159
6bba_474be664,854159,854232
6bba_474be664,854232,854307
6bba_474be664,854307,854383
6bba_474be664,854383,854453
6bba_474be664,854453,854550
6bba_474be664,854550,854631
6bba_474be664,854736,854773
6bba_474be664,854773,854818
6bba_474be664,854818,854916
6bba_474be664,854916,854963
6bba_474be664,854038,854100
6bba_474be664,854100,854177
6bba_474be664,854039,854103
6bba_474be664,854103,854160
6bba_474be664,854160,854236
6bba_474be664,854236,854311
6bba_474be664,854311,854387
6bba_474be664,854387,854449
6bba_474be664,854449,854533
6bba_474be664,854041,854107
6bba_474be664,854107,854166
6bba_474be664,854166,854237
6bba_474be664,854237,854312
6bba_474be664,854044,854094
6bba_474be664,854094,854155
6bba_474be664,854155,854217
6bba_474be664,854217,854292
6bba_474be664,854292,854360
6bba_474be664,854360,854429
6bba_474be664,854429,854500
6bba_474be664,854500,854589
6bba_474be664,854589,854662
6bba_474be664,854662,854705
6bba_474be664,854705,854782
6bba_474be664,854782,854843
6bba_474be664,854843,854924
6bba_474be664,854924,854978
6bba_474be664,854978,855056
6bba_474be664,855056,855128
6bba_474be664,855128,855213
6bba_474be664,855213,855321
6bba_474be664,855321,855420
6bba_474be664,855420,855512
6bba_474be664,855512,855634
6bba_474be664,855634,855724
6bba_474be664,855724,855833
6bba_474be664,855833,855918
6bba_474be664,855918,856013
6bba_474be664,856013,856096
6bba_474be664,856096,856175
6bba_474be664,856175,856275
6bba_474be664,856275,856372
6bba_474be664,856372,856468
6bba_474be664,856468,856579
6bba_474be664,856579,856686
6bba_474be664,856686,856816
6bba_474be664,856816,856914
6bba_474be664,856914,857005
6bba_474be664,857153,857234
6bba_474be664,857234,857322
6bba_474be664,854045,854115
6bba_474be664,854115,854183
6bba_474be664,854048,854171
6bba_474be664,854171,854250
6bba_474be664,854250,854325
6bba_474be664,854049,854102
6bba_474be664,854102,854161
6bba_474be664,854161,854227
6bba_474be664,854227,854302
6bba_474be664,854063,854185
6bba_474be664,854062,854105
6bba_474be664,854061,854092
6bba_474be664,854092,854156
6bba_474be664,854156,854220
6bba_474be664,854220,854295
6bba_474be664,854461,854527
6bba_474be664,854060,854116
6bba_474be664,854005,854064
6bba_474be664,854064,854119
6bba_474be664,854119,854188
6bba_474be664,854188,854263
6bba_474be664,854055,854181
6bba_474be664,854054,854109
6bba_474be664,854109,854162
6bba_474be664,854052,854170
6bba_474be664,854170,854256
6bba_474be664,854256,854331
6bba_474be664,854112,854255
6bba_474be664,854255,854330
6bba_474be664,854087,854137
6bba_474be664,854137,854197
6bba_474be664,854197,854272
6bba_474be664,854272,854350
6bba_474be664,854350,854428
6bba_474be664,854428,854509
6bba_474be664,854509,854604
6bba_474be664,854117,854182
6bba_474be664,854182,854238
6bba_474be664,854238,854313
6bba_474be664,854113,854259
6bba_474be664,854259,854334
6bba_474be664,854095,854157
6bba_474be664,854157,854219
6bba_474be664,854219,854294
6bba_474be664,854101,854152
6bba_474be664,854152,854224
6bba_474be664,854224,854299
6bba_474be664,854299,854371
6bba_474be664,854371,854430
6bba_474be664,854430,854499
6bba_474be664,854499,854580
6bba_474be664,854580,854654
6bba_474be664,854654,854697
6bba_474be664,854697,854761
6bba_474be664,854761,854822
6bba_474be664,854822,854905
6bba_474be664,854905,854987
6bba_474be664,854987,855045
6bba_474be664,855045,855125
6bba_474be664,854142,854213
6bba_474be664,854213,854288
6bba_474be664,854143,854229
6bba_474be664,854229,854304
6bba_474be664,854147,854207
6bba_474be664,854207,854282
6bba_474be664,854150,854203
6bba_474be664,854203,854278
6bba_474be664,854441,854539
6bba_474be664,854539,854597
6bba_474be664,854135,854211
6bba_474be664,854211,854286
6bba_474be664,854286,854348
6bba_474be664,854348,854415
6bba_474be664,854415,854492
6bba_474be664,854492,854579
6bba_474be664,854184,854242
6bba_474be664,854242,854317
6bba_474be664,854169,854252
6bba_474be664,854252,854327
6bba_474be664,854327,854403
6bba_474be664,854555,854628
6bba_474be664,854168,854230
6bba_474be664,854230,854305
6bba_474be664,854167,854245
6bba_474be664,854245,854320
6bba_474be664,854320,854404
6bba_474be664,854404,854471
6bba_474be664,854165,854231
6bba_474be664,854231,854306
6bba_474be664,854164,854251
6bba_474be664,854251,854326
6bba_474be664,854163,854240
6bba_474be664,854240,854315
6bba_474be664,854186,854235
6bba_474be664,854235,854310
6bba_474be664,854180,854254
6bba_474be664,854254,854329
6bba_474be664,854205,854280
6bba_474be664,854280,854421
6bba_474be664,854421,854494
6bba_474be664,854494,854572
6bba_474be664,854572,854642
6bba_474be664,854642,854691
6bba_474be664,854691,854745
6bba_474be664,854745,854805
6bba_474be664,854805,854885
6bba_474be664,854885,854954
6bba_474be664,854954,855027
6bba_474be664,854210,854285
6bba_474be664,854285,854362
6bba_474be664,854362,854437
6bba_474be664,854437,854511
6bba_474be664,854214,854289
6bba_474be664,854222,854297
6bba_474be664,854204,854279
6bba_474be664,854246,854321
6bba_474be664,854247,854322
6bba_474be664,854322,854398
6bba_474be664,854398,854464
6bba_474be664,854464,854559
6bba_474be664,854248,854323
6bba_474be664,854249,854324
6bba_474be664,854253,854328
6bba_474be664,854257,854332
6bba_474be664,854258,854333
6bba_474be664,854261,854336
6bba_474be664,854241,854316
6bba_474be664,854316,854396
6bba_474be664,854233,854308
6bba_474be664,854234,854309
6bba_474be664,854309,854393
6bba_474be664,854393,854450
6bba_474be664,854450,854528
6bba_474be664,854528,854612
6bba_474be664,854728,854873
6bba_474be664,854873,855011
6bba_474be664,854239,854314
6bba_474be664,854243,854318
6bba_474be664,854318,854380
6bba_474be664,854380,854444
6bba_474be664,854444,854544
6bba_474be664,854544,854624
6bba_474be664,854352,854423
6bba_474be664,854423,854493
6bba_474be664,854493,854576
6bba_474be664,854576,854651
6bba_474be664,854651,854690
6bba_474be664,854690,854754
6bba_474be664,854754,854823
6bba_474be664,854823,854895
6bba_474be664,854895,854960
6bba_474be664,854960,855035
6bba_474be664,855035,855147
6bba_474be664,855147,855223
6bba_474be664,855416,855599
6bba_474be664,855599,855702
6bba_474be664,855702,855810
6bba_474be664,855810,855909
6bba_474be664,855909,855991
6bba_474be664,854345,854412
6bba_474be664,854412,854515
6bba_474be664,854347,854416
6bba_474be664,854416,854490
6bba_474be664,854490,854571
6bba_474be664,854571,854647
6bba_474be664,854647,854689
6bba_474be664,854689,854749
6bba_474be664,854749,854826
6bba_474be664,854826,854900
6bba_474be664,854900,854989
6bba_474be664,854989,855038
6bba_474be664,855038,855118
6bba_474be664,855118,855194
6bba_474be664,855194,855300
6bba_474be664,855300,855406
6bba_474be664,855406,855488
6bba_474be664,855488,855615
6bba_474be664,855615,855690
6bba_474be664,855690,855805
6bba_474be664,855805,855913
6bba_474be664,854370,854427
6bba_474be664,854427,854514
6bba_474be664,854514,854586
6bba_474be664,854586,854664
6bba_474be664,854664,854694
6bba_474be664,854694,854799
6bba_474be664,854799,854872
6bba_474be664,855018,855050
6bba_474be664,855050,855151
6bba_474be664,855151,855280
6bba_474be664,854344,854409
6bba_474be664,854409,854485
6bba_474be664,854485,854569
6bba_474be664,854569,854641
6bba_474be664,854641,854682
6bba_474be664,854682,854740
6bba_474be664,854740,854804
6bba_474be664,854804,854896
6bba_474be664,854896,854953
6bba_474be664,854953,855026
6bba_474be664,854340,854410
6bba_474be664,854410,854488
6bba_474be664,854488,854568
6bba_474be664,854568,854643
6bba_474be664,854643,854684
6bba_474be664,854684,854742
6bba_474be664,854742,854802
6bba_474be664,854802,854887
6bba_474be664,854887,854955
6bba_474be664,854955,855025
6bba_474be664,855025,855114
6bba_474be664,855114,855182
6bba_474be664,855182,855290
6bba_474be664,855290,855395
6bba_474be664,855395,855481
6bba_474be664,855481,855572
6bba_474be664,855572,855661
6bba_474be664,855661,855772
6bba_474be664,855772,855871
6bba_474be664,855871,855960
6bba_474be664,855960,856037
6bba_474be664,856037,856111
6bba_474be664,856111,856204
6bba_474be664,854355,854439
6bba_474be664,854439,854505
6bba_474be664,854368,854432
6bba_474be664,854432,854508
6bba_474be664,854508,854607
6bba_474be664,854700,854771
6bba_474be664,854771,854849
6bba_474be664,854366,854417
6bba_474be664,854417,854502
6bba_474be664,854502,854581
6bba_474be664,854708,854756
6bba_474be664,854364,854442
6bba_474be664,854442,854522
6bba_474be664,854522,854611
6bba_474be664,854363,854433
6bba_474be664,854433,854520
6bba_474be664,854520,854600
6bba_474be664,854600,854676
6bba_474be664,854676,854714
6bba_474be664,854714,854763
6bba_474be664,854763,854816
6bba_474be664,854816,854909
6bba_474be664,854909,854967
6bba_474be664,854967,855059
6bba_474be664,855059,855157
6bba_474be664,855157,855338
6bba_474be664,855338,855426
6bba_474be664,855426,855501
6bba_474be664,855501,855587
6bba_474be664,855587,855686
6bba_474be664,855686,855803
6bba_474be664,855803,855894
6bba_474be664,855894,855988
6bba_474be664,855988,856052
6bba_474be664,856052,856126
6bba_474be664,856126,856216
6bba_474be664,856216,856319
6bba_474be664,854394,854476
6bba_474be664,854386,854451
6bba_474be664,854451,854526
6bba_474be664,854526,854606
6bba_474be664,854606,854656
6bba_474be664,854656,854720
6bba_474be664,854385,854460
6bba_474be664,854460,854517
6bba_474be664,854517,854598
6bba_474be664,854382,854525
6bba_474be664,854525,854621
6bba_474be664,854379,854452
6bba_474be664,854452,854613
6bba_474be664,854373,854422
6bba_474be664,854422,854498
6bba_474be664,854405,854473
6bba_474be664,854473,854563
6bba_474be664,854563,854602
6bba_474be664,854602,854659
6bba_474be664,854659,854710
6bba_474be664,854710,854762
6bba_474be664,854762,854838
6bba_474be664,854401,854479
6bba_474be664,854400,854462
6bba_474be664,854462,854521
6bba_474be664,854521,854615
6bba_474be664,854729,854774
6bba_474be664,854774,854834
6bba_474be664,854834,854922
6bba_474be664,854922,854997
6bba_474be664,854997,855083
6bba_474be664,854399,854545
6bba_474be664,854545,854622
6bba_474be664,854397,854456
6bba_474be664,854456,854531
6bba_474be664,854531,854626
6bba_474be664,854626,854716
6bba_474be664,854716,854779
6bba_474be664,854779,854842
6bba_474be664,854842,854921
6bba_474be664,854921,854975
6bba_474be664,854975,855063
6bba_474be664,855063,855160
6bba_474be664,855160,855285
6bba_474be664,854425,854491
6bba_474be664,854491,854578
6bba_474be664,854578,854652
6bba_474be664,854652,854687
6bba_474be664,854687,854746
6bba_474be664,854746,854809
6bba_474be664,854809,854889
6bba_474be664,854889,854957
6bba_474be664,854957,855028
6bba_474be664,855181,855319
6bba_474be664,855319,855448
6bba_474be664,854411,854486
6bba_474be664,854486,854567
6bba_474be664,854567,854639
6bba_474be664,854639,854681
6bba_474be664,854681,854739
6bba_474be664,854739,854803
6bba_474be664,854803,854884
6bba_474be664,854884,854950
6bba_474be664,854950,855029
6bba_474be664,855029,855121
6bba_474be664,855121,855188
6bba_474be664,855188,855296
6bba_474be664,854465,854536
6bba_474be664,854466,854523
6bba_474be664,854523,854591
6bba_474be664,854591,854674
6bba_474be664,854674,854704
6bba_474be664,854704,854767
6bba_474be664,854767,854844
6bba_474be664,854844,854939
6bba_474be664,854939,855005
6bba_474be664,855005,855077
6bba_474be664,854470,854542
6bba_474be664,854542,854618
6bba_474be664,854475,854558
6bba_474be664,854480,854561
6bba_474be664,854481,854556
6bba_474be664,854556,854633
6bba_474be664,854727,854772
6bba_474be664,854772,854850
6bba_474be664,854472,854553
6bba_474be664,854445,854524
6bba_474be664,854524,854592
6bba_474be664,854592,854672
6bba_474be664,854455,854535
6bba_474be664,854469,854538
6bba_474be664,854538,854601
6bba_474be664,854601,854673
6bba_474be664,854673,854724
6bba_474be664,854546,854603
6bba_474be664,854603,854665
6bba_474be664,854665,854717
6bba_474be664,854717,854775
6bba_474be664,854775,854840
6bba_474be664,854840,854906
6bba_474be664,854906,854971
6bba_474be664,854971,855054
6bba_474be664,855054,855134
6bba_474be664,855134,855220
6bba_474be664,855220,855322
6bba_474be664,855322,855423
6bba_474be664,855423,855499
6bba_474be664,855499,855597
6bba_474be664,855597,855698
6bba_474be664,855698,855806
6bba_474be664,855806,855898
6bba_474be664,855898,856007
6bba_474be664,856007,856078
6bba_474be664,856078,856163
6bba_474be664,856163,856254
6bba_474be664,856254,856349
6bba_474be664,856349,856465
6bba_474be664,856465,856595
6bba_474be664,856595,856687
6bba_474be664,856687,856804
6bba_474be664,856804,856893
6bba_474be664,856893,857024
6bba_474be664,854483,854565
6bba_474be664,854565,854637
6bba_474be664,854637,854679
6bba_474be664,854679,854737
6bba_474be664,854737,854801
6bba_474be664,854482,854566
6bba_474be664,854566,854638
6bba_474be664,854638,854680
6bba_474be664,854680,854738
6bba_474be664,854738,854800
6bba_474be664,854800,854886
6bba_474be664,854886,854951
6bba_474be664,854951,855023
6bba_474be664,855023,855116
6bba_474be664,855116,855189
6bba_474be664,855189,855291
6bba_474be664,855291,855399
6bba_474be664,855399,855480
6bba_474be664,855480,855573
6bba_474be664,855573,855662
6bba_474be664,855662,855775
6bba_474be664,855775,855877
6bba_474be664,855877,855963
6bba_474be664,855963,856046
6bba_474be664,856046,856116
6bba_474be664,856116,856208
6bba_474be664,856208,856305
6bba_474be664,856305,856412
6bba_474be664,856412,856535
6bba_474be664,856535,856653
6bba_474be664,856653,856757
6bba_474be664,854519,854614
6bba_474be664,854711,854778
6bba_474be664,854504,854605
6bba_474be664,854605,854670
6bba_474be664,854510,854585
6bba_474be664,854585,854658
6bba_474be664,854540,854619
6bba_474be664,854543,854678
6bba_474be664,854678,854706
6bba_474be664,854706,854764
6bba_474be664,854764,854830
6bba_474be664,854830,854919
6bba_474be664,854919,854982
6bba_474be664,854982,855068
6bba_474be664,854530,854596
6bba_474be664,854596,854668
6bba_474be664,854668,854722
6bba_474be664,854722,854793
6bba_474be664,854793,854851
6bba_474be664,854529,854608
6bba_474be664,854608,854660
6bba_474be664,854660,854693
6bba_474be664,854693,854760
6bba_474be664,854760,854824
6bba_474be664,854824,854901
6bba_474be664,854901,854966
6bba_474be664,854966,855037
6bba_474be664,854554,854632
6bba_474be664,854557,854630
6bba_474be664,854552,854620
6bba_474be664,854599,854666
6bba_474be664,854666,854701
6bba_474be664,854701,854751
6bba_474be664,854751,854812
6bba_474be664,854812,854894
6bba_474be664,854894,854969
6bba_474be664,854969,855066
6bba_474be664,855066,855163
6bba_474be664,855163,855216
6bba_474be664,855216,855317
6bba_474be664,855317,855413
6bba_474be664,855413,855495
6bba_474be664,855495,855583
6bba_474be664,855583,855682
6bba_474be664,855682,855785
6bba_474be664,855785,855890
6bba_474be664,855890,855969
6bba_474be664,855969,856053
6bba_474be664,856053,856129
6bba_474be664,856129,856226
6bba_474be664,856226,856318
6bba_474be664,856318,856408
6bba_474be664,856408,856543
6bba_474be664,854625,854726
6bba_474be664,854726,854797
6bba_474be664,854609,854650
6bba_474be664,854650,854692
6bba_474be664,854692,854748
6bba_474be664,854748,854814
6bba_474be664,854814,854891
6bba_474be664,854891,854962
6bba_474be664,854962,855039
6bba_474be664,855039,855129
6bba_474be664,855129,855204
6bba_474be664,855204,855318
6bba_474be664,854616,854715
6bba_474be664,854715,854791
6bba_474be664,854791,854879
6bba_474be664,854879,854945
6bba_474be664,854945,854990
6bba_474be664,854990,855043
6bba_474be664,855043,855132
6bba_474be664,855132,855201
6bba_474be664,855201,855310
6bba_474be664,855310,855414
6bba_474be664,855414,855503
6bba_474be664,855503,855604
6bba_474be664,855604,855697
6bba_474be664,855697,855900
6bba_474be664,855900,856079
6bba_474be664,856079,856149
6bba_474be664,856149,856243
6bba_474be664,856243,856326
6bba_474be664,856326,856417
6bba_474be664,856417,856539
6bba_474be664,856539,856660
6bba_474be664,856660,856763
6bba_474be664,856763,856872
6bba_474be664,856872,856968
6bba_474be664,857124,857292
6bba_474be664,854669,854718
6bba_474be664,854718,854783
6bba_474be664,854783,854831
6bba_474be664,854831,854907
6bba_474be664,854907,854984
6bba_474be664,854984,855065
6bba_474be664,855199,855314
6bba_474be664,855314,855411
6bba_474be664,855411,855505
6bba_474be664,854657,854702
6bba_474be664,854702,854766
6bba_474be664,854766,854825
6bba_474be664,854825,854902
6bba_474be664,854902,854991
6bba_474be664,854991,855057
6bba_474be664,855057,855142
6bba_474be664,855142,855226
6bba_474be664,855226,855339
6bba_474be664,855339,855428
6bba_474be664,855428,855516
6bba_474be664,855516,855607
6bba_474be664,855607,855710
6bba_474be664,855710,855811
6bba_474be664,855811,855904
6bba_474be664,855904,856019
6bba_474be664,856019,856080
6bba_474be664,856080,856156
6bba_474be664,854696,854757
6bba_474be664,854757,854819
6bba_474be664,854819,854910
6bba_474be664,854910,854973
6bba_474be664,854973,855036
6bba_474be664,855036,855127
6bba_474be664,855127,855208
6bba_474be664,854703,854770
6bba_474be664,854770,854828
6bba_474be664,854828,854908
6bba_474be664,854908,855000
6bba_474be664,854688,854750
6bba_474be664,854750,854817
6bba_474be664,854721,854777
6bba_474be664,854777,854854
6bba_474be664,854854,854917
6bba_474be664,854917,854981
6bba_474be664,854981,855040
6bba_474be664,854735,854866
6bba_474be664,854734,854796
6bba_474be664,854796,854836
6bba_474be664,854836,854932
6bba_474be664,854932,855001
6bba_474be664,855001,855078
6bba_474be664,855270,855347
6bba_474be664,855347,855460
6bba_474be664,855460,855537
6bba_474be664,854709,854759
6bba_474be664,854712,854769
6bba_474be664,854769,854827
6bba_474be664,854827,854897
6bba_474be664,854897,854977
6bba_474be664,854977,855051
6bba_474be664,855224,855342
6bba_474be664,855342,855441
6bba_474be664,854768,854852
6bba_474be664,854852,854930
6bba_474be664,854798,854865
6bba_474be664,854865,855014
6bba_474be664,855014,855097
6bba_474be664,855273,855361
6bba_474be664,855361,855465
6bba_474be664,855465,855532
6bba_474be664,854795,854870
6bba_474be664,854870,854947
6bba_474be664,854947,854995
6bba_474be664,854995,855064
6bba_474be664,854794,854837
6bba_474be664,854837,854915
6bba_474be664,854915,854976
6bba_474be664,854976,855148
6bba_474be664,854790,854868
6bba_474be664,854788,854856
6bba_474be664,854856,854918
6bba_474be664,854918,854983
6bba_474be664,854983,855061
6bba_474be664,855061,855175
6bba_474be664,855175,855245
6bba_474be664,855245,855346
6bba_474be664,855346,855451
6bba_474be664,855451,855531
6bba_474be664,854785,854841
6bba_474be664,854784,854832
6bba_474be664,854832,854892
6bba_474be664,854892,854964
6bba_474be664,854964,855031
6bba_474be664,855031,855126
6bba_474be664,855126,855197
6bba_474be664,855197,855308
6bba_474be664,855308,855410
6bba_474be664,855410,855497
6bba_474be664,855497,855588
6bba_474be664,855588,855696
6bba_474be664,855696,855813
6bba_474be664,855813,855910
6bba_474be664,855910,856003
6bba_474be664,856195,856297
6bba_474be664,856488,856605
6bba_474be664,856605,856723
6bba_474be664,856723,856822
6bba_474be664,856822,856929
6bba_474be664,856929,857028
6bba_474be664,857028,857073
6bba_474be664,857073,857156
6bba_474be664,857156,857208
6bba_474be664,857208,857287
6bba_474be664,857287,857397
6bba_474be664,857397,857498
6bba_474be664,857498,857599
6bba_474be664,857599,857688
6bba_474be664,857688,857789
6bba_474be664,857789,857900
6bba_474be664,857900,858027
6bba_474be664,858027,858137
6bba_474be664,858137,858230
6bba_474be664,858230,858332
6bba_474be664,854776,854835
6bba_474be664,854835,854935
6bba_474be664,854935,855015
6bba_474be664,855015,855087
6bba_474be664,855087,855177
6bba_474be664,855177,855282
6bba_474be664,854780,854847
6bba_474be664,854847,854929
6bba_474be664,854929,855019
6bba_474be664,855019,855086
6bba_474be664,855266,855366
6bba_474be664,854789,854857
6bba_474be664,854857,854925
6bba_474be664,855058,855155
6bba_474be664,855155,855238
6bba_474be664,855238,855333
6bba_474be664,855333,855429
6bba_474be664,854877,854948
6bba_474be664,854948,855002
6bba_474be664,854862,854942
6bba_474be664,854942,855007
6bba_474be664,855007,855062
6bba_474be664,855062,855174
6bba_474be664,855174,855232
6bba_474be664,855232,855349
6bba_474be664,855349,855440
6bba_474be664,855440,855521
6bba_474be664,854871,855010
6bba_474be664,855010,855070
6bba_474be664,854808,854890
6bba_474be664,854821,854912
6bba_474be664,854912,854974
6bba_474be664,854974,855055
6bba_474be664,855055,855150
6bba_474be664,855150,855211
6bba_474be664,855211,855302
6bba_474be664,855302,855427
6bba_474be664,855427,855523
6bba_474be664,854820,854913
6bba_474be664,854913,854985
6bba_474be664,854985,855053
6bba_474be664,855053,855176
6bba_474be664,855176,855262
6bba_474be664,855262,855357
6bba_474be664,855544,855639
6bba_474be664,855639,855731
6bba_474be664,855731,855840
6bba_474be664,855840,855942
6bba_474be664,855942,856014
6bba_474be664,856014,856097
6bba_474be664,856097,856174
6bba_474be664,856174,856261
6bba_474be664,856261,856360
6bba_474be664,854829,854936
6bba_474be664,854936,855021
6bba_474be664,855021,855072
6bba_474be664,855072,855119
6bba_474be664,855119,855191
6bba_474be664,855191,855295
6bba_474be664,855295,855396
6bba_474be664,855396,855479
6bba_474be664,855479,855578
6bba_474be664,855578,855669
6bba_474be664,855669,855782
6bba_474be664,855782,855882
6bba_474be664,855882,855981
6bba_474be664,855981,856056
6bba_474be664,856056,856137
6bba_474be664,856137,856229
6bba_474be664,856229,856315
6bba_474be664,856315,856422
6bba_474be664,856422,856547
6bba_474be664,856547,856670
6bba_474be664,856670,856783
6bba_474be664,856783,856884
6bba_474be664,856884,856991
6bba_474be664,856991,857037
6bba_474be664,857177,857258
6bba_474be664,854853,854934
6bba_474be664,854934,855009
6bba_474be664,855009,855103
6bba_474be664,854855,854937
6bba_474be664,854937,855013
6bba_474be664,855013,855079
6bba_474be664,855079,855170
6bba_474be664,855170,855229
6bba_474be664,855229,855337
6bba_474be664,855337,855446
6bba_474be664,855446,855522
6bba_474be664,855522,855619
6bba_474be664,855619,855722
6bba_474be664,855722,855862
6bba_474be664,854859,854920
6bba_474be664,854920,854993
6bba_474be664,855165,855240
6bba_474be664,855240,855343
6bba_474be664,854860,854927
6bba_474be664,854927,854988
6bba_474be664,854988,855060
6bba_474be664,855060,855136
6bba_474be664,855136,855206
6bba_474be664,855206,855306
6bba_474be664,855306,855402
6bba_474be664,855402,855487
6bba_474be664,854881,854940
6bba_474be664,854878,854914
6bba_474be664,854914,854972
6bba_474be664,854972,855049
6bba_474be664,854903,854956
6bba_474be664,854956,855030
6bba_474be664,855030,855161
6bba_474be664,855161,855256
6bba_474be664,855256,855336
6bba_474be664,855336,855412
6bba_474be664,855412,855519
6bba_474be664,855519,855584
6bba_474be664,855584,855670
6bba_474be664,855670,855787
6bba_474be664,855787,855899
6bba_474be664,855899,855990
6bba_474be664,855990,856059
6bba_474be664,854938,855074
6bba_474be664,855074,855259
6bba_474be664,855259,855345
6bba_474be664,855345,855457
6bba_474be664,855457,855564
6bba_474be664,854943,855003
6bba_474be664,854944,854979
6bba_474be664,854979,855052
6bba_474be664,854946,855012
6bba_474be664,855156,855214
6bba_474be664,854933,855008
6bba_474be664,855008,855090
6bba_474be664,854968,855042
6bba_474be664,854959,855032
6bba_474be664,855032,855115
6bba_474be664,855115,855192
6bba_474be664,855192,855297
6bba_474be664,855297,855417
6bba_474be664,855417,855538
6bba_474be664,855004,855080
6bba_474be664,855080,855173
6bba_474be664,855173,855246
6bba_474be664,855246,855376
6bba_474be664,855376,855471
6bba_474be664,855016,855069
6bba_474be664,855020,855104
6bba_474be664,854986,855046
6bba_474be664,855046,855149
6bba_474be664,855149,855244
6bba_474be664,855244,855378
6bba_474be664,855559,855642
6bba_474be664,855642,855744
6bba_474be664,855744,855859
6bba_474be664,854999,855081
6bba_474be664,855102,855158
6bba_474be664,855158,855247
6bba_474be664,855247,855362
6bba_474be664,855362,855571
6bba_474be664,855096,855169
6bba_474be664,855169,855316
6bba_474be664,855316,855515
6bba_474be664,855515,855629
6bba_474be664,855629,855715
6bba_474be664,855715,855812
6bba_474be664,855812,855895
6bba_474be664,855895,855977
6bba_474be664,855977,856062
6bba_474be664,856062,856124
6bba_474be664,856124,856211
6bba_474be664,856211,856303
6bba_474be664,856303,856407
6bba_474be664,856407,856594
6bba_474be664,855095,855162
6bba_474be664,855162,855209
6bba_474be664,855209,855323
6bba_474be664,855527,855595
6bba_474be664,855595,855685
6bba_474be664,855685,855822
6bba_474be664,855822,855903
6bba_474be664,855094,855231
6bba_474be664,855231,855325
6bba_474be664,855325,855437
6bba_474be664,855437,855526
6bba_474be664,855526,855645
6bba_474be664,855645,855750
6bba_474be664,855750,855846
6bba_474be664,855846,855939
6bba_474be664,855939,856022
6bba_474be664,856022,856092
6bba_474be664,856092,856188
6bba_474be664,855024,855112
6bba_474be664,855112,855185
6bba_474be664,855185,855294
6bba_474be664,855294,855401
6bba_474be664,855401,855489
6bba_474be664,855489,855687
6bba_474be664,855687,855808
6bba_474be664,855998,856051
6bba_474be664,855067,855215
6bba_474be664,855215,855326
6bba_474be664,855326,855425
6bba_474be664,855425,855496
6bba_474be664,855106,855172
6bba_474be664,855172,855258
6bba_474be664,855258,855352
6bba_474be664,855085,855153
6bba_474be664,855153,855234
6bba_474be664,855234,855372
6bba_474be664,855372,855459
6bba_474be664,855459,855550
6bba_474be664,855073,855251
6bba_474be664,855251,855387
6bba_474be664,855387,855453
6bba_474be664,855453,855530
6bba_474be664,855530,855608
6bba_474be664,855100,855143
6bba_474be664,855143,855217
6bba_474be664,855217,855312
6bba_474be664,855312,855415
6bba_474be664,855415,855494
6bba_474be664,855494,855592
6bba_474be664,855592,855681
6bba_474be664,855681,855793
6bba_474be664,855793,855887
6bba_474be664,855887,855982
6bba_474be664,855982,856074
6bba_474be664,856074,856161
6bba_474be664,856161,856236
6bba_474be664,856236,856341
6bba_474be664,856341,856441
6bba_474be664,856441,856582
6bba_474be664,856582,856679
6bba_474be664,856679,856786
6bba_474be664,856786,856882
6bba_474be664,856882,856997
6bba_474be664,857145,857224
6bba_474be664,857224,857310
6bba_474be664,857310,857409
6bba_474be664,857409,857510
6bba_474be664,857510,857592
6bba_474be664,857592,857698
6bba_474be664,857698,857807
6bba_474be664,857807,857923
6bba_474be664,857923,858018
6bba_474be664,858018,858118
6bba_474be664,858118,858225
6bba_474be664,858225,858327
6bba_474be664,858327,858411
6bba_474be664,858411,858532
6bba_474be664,858532,858629
6bba_474be664,858629,858729
6bba_474be664,858928,859096
6bba_474be664,859096,859220
6bba_474be664,855110,855180
6bba_474be664,855180,855267
6bba_474be664,855267,855383
6bba_474be664,855383,855477
6bba_474be664,855477,855566
6bba_474be664,855566,855640
6bba_474be664,855640,855725
6bba_474be664,855725,855856
6bba_474be664,855856,855952
6bba_474be664,856106,856184
6bba_474be664,856184,856296
6bba_474be664,856296,856362
6bba_474be664,856362,856439
6bba_474be664,856439,856574
6bba_474be664,856574,856667
6bba_474be664,856667,856774
6bba_474be664,856774,856873
6bba_474be664,856873,856982
6bba_474be664,857120,857205
6bba_474be664,855109,855263
6bba_474be664,855263,855353
6bba_474be664,855137,855200
6bba_474be664,855200,855305
6bba_474be664,855305,855405
6bba_474be664,855133,855227
6bba_474be664,855140,855243
6bba_474be664,855243,855360
6bba_474be664,855144,855198
6bba_474be664,855198,855303
6bba_474be664,855303,855404
6bba_474be664,855404,855498
6bba_474be664,855498,855591
6bba_474be664,855591,855675
6bba_474be664,855675,855794
6bba_474be664,855794,855896
6bba_474be664,855896,855980
6bba_474be664,855980,856055
6bba_474be664,856055,856127
6bba_474be664,856127,856221
6bba_474be664,856221,856310
6bba_474be664,856310,856415
6bba_474be664,856415,856540
6bba_474be664,856540,856649
6bba_474be664,856649,856758
6bba_474be664,856758,856861
6bba_474be664,856861,856971
6bba_474be664,856971,857070
6bba_474be664,857215,857416
6bba_474be664,857416,857517
6bba_474be664,857717,857796
6bba_474be664,855168,855241
6bba_474be664,855241,855348
6bba_474be664,855348,855449
6bba_474be664,855449,855525
6bba_474be664,855525,855594
6bba_474be664,855594,855684
6bba_474be664,855684,855791
6bba_474be664,855791,855885
6bba_474be664,855885,855979
6bba_474be664,855979,856054
6bba_474be664,856054,856130
6bba_474be664,856130,856232
6bba_474be664,855154,855260
6bba_474be664,855260,855373
6bba_474be664,855373,855476
6bba_474be664,855152,855221
6bba_474be664,855221,855341
6bba_474be664,855341,855450
6bba_474be664,855450,855546
6bba_474be664,855179,855249
6bba_474be664,855249,855329
6bba_474be664,855329,855434
6bba_474be664,855434,855509
6bba_474be664,855509,855589
6bba_474be664,855589,855708
6bba_474be664,855708,855800
6bba_474be664,855800,855897
6bba_474be664,855897,856057
6bba_474be664,856057,856121
6bba_474be664,856121,856228
6bba_474be664,856228,856320
6bba_474be664,856320,856420
6bba_474be664,856420,856545
6bba_474be664,856545,856668
6bba_474be664,856668,856776
6bba_474be664,856776,856892
6bba_474be664,855164,855252
6bba_474be664,855272,855375
6bba_474be664,855271,855367
6bba_474be664,855367,855447
6bba_474be664,855447,855529
6bba_474be664,855529,855612
6bba_474be664,855612,855707
6bba_474be664,855707,855817
6bba_474be664,855817,855915
6bba_474be664,855915,856012
6bba_474be664,856012,856091
6bba_474be664,856091,856173
6bba_474be664,856374,856511
6bba_474be664,856511,856635
6bba_474be664,856635,856734
6bba_474be664,856734,856843
6bba_474be664,856843,856951
6bba_474be664,855268,855391
6bba_474be664,855265,855382
6bba_474be664,855382,855478
6bba_474be664,855478,855562
6bba_474be664,855562,855638
6bba_474be664,855638,855747
6bba_474be664,855747,855858
6bba_474be664,855858,855950
6bba_474be664,855264,855386
6bba_474be664,855386,855474
6bba_474be664,855474,855568
6bba_474be664,855568,855649
6bba_474be664,855649,855766
6bba_474be664,855205,855358
6bba_474be664,855358,855442
6bba_474be664,855442,855556
6bba_474be664,855203,855301
6bba_474be664,855301,855403
6bba_474be664,855403,855485
6bba_474be664,855485,855580
6bba_474be664,855580,855671
6bba_474be664,855671,855780
6bba_474be664,855780,855880
6bba_474be664,855880,855968
6bba_474be664,855968,856045
6bba_474be664,856045,856114
6bba_474be664,856114,856215
6bba_474be664,856215,856317
6bba_474be664,856544,856655
6bba_474be664,856655,856767
6bba_474be664,856767,856869
6bba_474be664,855235,855388
6bba_474be664,855388,855467
6bba_474be664,855467,855535
6bba_474be664,855535,855627
6bba_474be664,855627,855732
6bba_474be664,855193,855299
6bba_474be664,855186,855298
6bba_474be664,855298,855400
6bba_474be664,855400,855482
6bba_474be664,855482,855575
6bba_474be664,855575,855665
6bba_474be664,855665,855774
6bba_474be664,855774,855878
6bba_474be664,856043,856118
6bba_474be664,856118,856205
6bba_474be664,856205,856300
6bba_474be664,855230,855320
6bba_474be664,855320,855424
6bba_474be664,855424,855513
6bba_474be664,855513,855621
6bba_474be664,855621,855735
6bba_474be664,855735,855830
6bba_474be664,855830,855911
6bba_474be664,855911,856010
6bba_474be664,856010,856090
6bba_474be664,856090,856180
6bba_474be664,856366,856464
6bba_474be664,856464,856607
6bba_474be664,856607,856726
6bba_474be664,855228,855313
6bba_474be664,855210,855328
6bba_474be664,855218,855311
6bba_474be664,855311,855419
6bba_474be664,855276,855370
6bba_474be664,855370,855470
6bba_474be664,855470,855548
6bba_474be664,855274,855394
6bba_474be664,855250,855368
6bba_474be664,855253,855355
6bba_474be664,855355,855458
6bba_474be664,855254,855332
6bba_474be664,855255,855330
6bba_474be664,855330,855421
6bba_474be664,855421,855534
6bba_474be664,855534,855623
6bba_474be664,855623,855736
6bba_474be664,855257,855466
6bba_474be664,855466,855570
6bba_474be664,855242,855324
6bba_474be664,855324,855433
6bba_474be664,855433,855511
6bba_474be664,855237,855344
6bba_474be664,855344,855435
6bba_474be664,855435,855514
6bba_474be664,855514,855643
6bba_474be664,855643,855721
6bba_474be664,855721,855832
6bba_474be664,855832,855928
6bba_474be664,855928,856023
6bba_474be664,856023,856093
6bba_474be664,856093,856168
6bba_474be664,856168,856259
6bba_474be664,856259,856359
6bba_474be664,855236,855334
6bba_474be664,855334,855422
6bba_474be664,855422,855528
6bba_474be664,855284,855371
6bba_474be664,855283,855327
6bba_474be664,855327,855430
6bba_474be664,855430,855542
6bba_474be664,855542,855652
6bba_474be664,855652,855771
6bba_474be664,855771,855849
6bba_474be664,855281,855392
6bba_474be664,855279,855389
6bba_474be664,855278,855381
6bba_474be664,855275,855473
6bba_474be664,855473,855560
6bba_474be664,855379,855475
6bba_474be664,855377,855540
6bba_474be664,855374,855541
6bba_474be664,855541,855637
6bba_474be664,855637,855753
6bba_474be664,855309,855418
6bba_474be664,855418,855506
6bba_474be664,855506,855600
6bba_474be664,855600,855683
6bba_474be664,855683,855790
6bba_474be664,855790,855893
6bba_474be664,855893,855976
6bba_474be664,855976,856061
6bba_474be664,856061,856128
6bba_474be664,856128,856245
6bba_474be664,856245,856338
6bba_474be664,856338,856424
6bba_474be664,856424,856552
6bba_474be664,856552,856662
6bba_474be664,856662,856779
6bba_474be664,857008,857077
6bba_474be664,857077,857143
6bba_474be664,857143,857248
6bba_474be664,857248,857317
6bba_474be664,855307,855407
6bba_474be664,855407,855502
6bba_474be664,855304,855431
6bba_474be664,855431,855524
6bba_474be664,855524,855586
6bba_474be664,855586,855674
6bba_474be664,855674,855783
6bba_474be664,855783,855881
6bba_474be664,855881,855970
6bba_474be664,855970,856068
6bba_474be664,856068,856139
6bba_474be664,856139,856239
6bba_474be664,856239,856343
6bba_474be664,856343,856438
6bba_474be664,856438,856551
6bba_474be664,855335,855464
6bba_474be664,855464,855552
6bba_474be664,855552,855654
6bba_474be664,855868,855948
6bba_474be664,855948,856031
6bba_474be664,856031,856089
6bba_474be664,856089,856186
6bba_474be664,856186,856246
6bba_474be664,855331,855432
6bba_474be664,855432,855508
6bba_474be664,855508,855590
6bba_474be664,855590,855679
6bba_474be664,855679,855792
6bba_474be664,855792,855888
6bba_474be664,855888,856006
6bba_474be664,856006,856076
6bba_474be664,856076,856145
6bba_474be664,855354,855461
6bba_474be664,855369,855452
6bba_474be664,855452,855539
6bba_474be664,855539,855611
6bba_474be664,855611,855695
6bba_474be664,855695,855814
6bba_474be664,855814,855891
6bba_474be664,855891,855983
6bba_474be664,855983,856060
6bba_474be664,856060,856125
6bba_474be664,856125,856219
6bba_474be664,856219,856314
6bba_474be664,856314,856406
6bba_474be664,856406,856530
6bba_474be664,856530,856651
6bba_474be664,856651,856762
6bba_474be664,856762,856867
6bba_474be664,855390,855472
6bba_474be664,855472,855563
6bba_474be664,855757,855865
6bba_474be664,855865,855946
6bba_474be664,855350,855456
6bba_474be664,855456,855557
6bba_474be664,855557,855647
6bba_474be664,855647,855752
6bba_474be664,855351,855543
6bba_474be664,855543,855717
6bba_474be664,855717,855828
6bba_474be664,855828,856024
6bba_474be664,856024,856107
6bba_474be664,855365,855455
6bba_474be664,855359,855439
6bba_474be664,855436,855517
6bba_474be664,855517,855606
6bba_474be664,855606,855700
6bba_474be664,855700,855818
6bba_474be664,855818,855901
6bba_474be664,855901,855986
6bba_474be664,855986,856063
6bba_474be664,856063,856132
6bba_474be664,856132,856231
6bba_474be664,856231,856332
6bba_474be664,856332,856443
6bba_474be664,856443,856559
6bba_474be664,856559,856673
6bba_474be664,856673,856778
6bba_474be664,856778,856883
6bba_474be664,855408,855507
6bba_474be664,855507,855694
6bba_474be664,855462,855558
6bba_474be664,855558,855596
6bba_474be664,855596,855693
6bba_474be664,855693,855797
6bba_474be664,855468,855567
6bba_474be664,855438,855518
6bba_474be664,855518,855605
6bba_474be664,855605,855704
6bba_474be664,855704,855827
6bba_474be664,855827,855919
6bba_474be664,855919,856011
6bba_474be664,856011,856067
6bba_474be664,856067,856136
6bba_474be664,856136,856224
6bba_474be664,856224,856335
6bba_474be664,855445,855549
6bba_474be664,855469,855536
6bba_474be664,855493,855581
6bba_474be664,855581,855678
6bba_474be664,855678,855799
6bba_474be664,855799,855884
6bba_474be664,855884,855985
6bba_474be664,855985,856050
6bba_474be664,856050,856120
6bba_474be664,856120,856223
6bba_474be664,856223,856327
6bba_474be664,856327,856451
6bba_474be664,856451,856575
6bba_474be664,856575,856664
6bba_474be664,856664,856775
6bba_474be664,856775,856875
6bba_474be664,856875,856977
6bba_474be664,856977,857061
6bba_474be664,857061,857130
6bba_474be664,855504,855613
6bba_474be664,855500,855585
6bba_474be664,855585,855677
6bba_474be664,855677,855784
6bba_474be664,855784,855883
6bba_474be664,855883,855975
6bba_474be664,855975,856048
6bba_474be664,856048,856122
6bba_474be664,856122,856214
6bba_474be664,856214,856308
6bba_474be664,856308,856410
6bba_474be664,856410,856531
6bba_474be664,856531,856648
6bba_474be664,856648,856752
6bba_474be664,856752,856858
6bba_474be664,856858,856964
6bba_474be664,856964,857038
6bba_474be664,857038,857098
6bba_474be664,857098,857173
6bba_474be664,857173,857255
6bba_474be664,857255,857353
6bba_474be664,857353,857454
6bba_474be664,857454,857561
6bba_474be664,857759,857961
6bba_474be664,857961,858060
6bba_474be664,858060,858168
6bba_474be664,858168,858270
6bba_474be664,858270,858367
6bba_474be664,858367,858482
6bba_474be664,858482,858593
6bba_474be664,858593,858701
6bba_474be664,858701,858801
6bba_474be664,858801,858916
6bba_474be664,858916,859004
6bba_474be664,859004,859085
6bba_474be664,855551,855626
6bba_474be664,855626,855713
6bba_474be664,855713,855831
6bba_474be664,855831,855908
6bba_474be664,855908,856004
6bba_474be664,856004,856082
6bba_474be664,856082,856162
6bba_474be664,856162,856258
6bba_474be664,856258,856333
6bba_474be664,856333,856428
6bba_474be664,856428,856572
6bba_474be664,855554,855745
6bba_474be664,855745,855866
6bba_474be664,855565,855657
6bba_474be664,855657,855761
6bba_474be664,855547,855651
6bba_474be664,855651,855739
6bba_474be664,855739,855841
6bba_474be664,855841,855936
6bba_474be664,855936,856029
6bba_474be664,856029,856102
6bba_474be664,856102,856183
6bba_474be664,856376,856478
6bba_474be664,856478,856596
6bba_474be664,856596,856714
6bba_474be664,856714,856820
6bba_474be664,856820,856927
6bba_474be664,855655,855746
6bba_474be664,855653,855730
6bba_474be664,855730,855842
6bba_474be664,855648,855754
6bba_474be664,855616,855711
6bba_474be664,855609,855703
6bba_474be664,855703,855798
6bba_474be664,855798,855886
6bba_474be664,855886,855973
6bba_474be664,855973,856077
6bba_474be664,856077,856147
6bba_474be664,856147,856244
6bba_474be664,856244,856340
6bba_474be664,856340,856469
6bba_474be664,856683,856889
6bba_474be664,856889,856980
6bba_474be664,855598,855692
6bba_474be664,855692,855815
6bba_474be664,855603,855680
6bba_474be664,855680,855807
6bba_474be664,855807,855907
6bba_474be664,855907,856002
6bba_474be664,855660,855738
6bba_474be664,855738,855857
6bba_474be664,855857,855933
6bba_474be664,855933,856025
6bba_474be664,856025,856103
6bba_474be664,856103,856165
6bba_474be664,856165,856263
6bba_474be664,856263,856329
6bba_474be664,856329,856418
6bba_474be664,856418,856541
6bba_474be664,856541,856657
6bba_474be664,856657,856789
6bba_474be664,856789,856888
6bba_474be664,856888,857023
6bba_474be664,857023,857083
6bba_474be664,857083,857146
6bba_474be664,857313,857421
6bba_474be664,857421,857522
6bba_474be664,857522,857609
6bba_474be664,857609,857709
6bba_474be664,857709,857785
6bba_474be664,857785,857882
6bba_474be664,857882,858002
6bba_474be664,858002,858089
6bba_474be664,858089,858183
6bba_474be664,858183,858285
6bba_474be664,858285,858383
6bba_474be664,858383,858496
6bba_474be664,858496,858615
6bba_474be664,858615,858724
6bba_474be664,858724,858807
6bba_474be664,855658,855758
6bba_474be664,855758,855854
6bba_474be664,855854,855949
6bba_474be664,855656,855751
6bba_474be664,855751,855867
6bba_474be664,855867,855953
6bba_474be664,855953,856035
6bba_474be664,855636,855729
6bba_474be664,855729,855839
6bba_474be664,855839,855924
6bba_474be664,855924,856033
6bba_474be664,855635,855719
6bba_474be664,855719,855844
6bba_474be664,855844,855954
6bba_474be664,855954,856030
6bba_474be664,856030,856094
6bba_474be664,856094,856164
6bba_474be664,856164,856264
6bba_474be664,856264,856370
6bba_474be664,855632,855718
6bba_474be664,855718,855826
6bba_474be664,855826,855920
6bba_474be664,855920,855989
6bba_474be664,855989,856087
6bba_474be664,856087,856150
6bba_474be664,856150,856295
6bba_474be664,856295,856391
6bba_474be664,856391,856483
6bba_474be664,856483,856597
6bba_474be664,856597,856718
6bba_474be664,856718,856846
6bba_474be664,855628,855699
6bba_474be664,855624,855723
6bba_474be664,855723,855836
6bba_474be664,855836,855921
6bba_474be664,855617,855701
6bba_474be664,855659,855720
6bba_474be664,855720,855843
6bba_474be664,855843,855940
6bba_474be664,855940,856032
6bba_474be664,856032,856192
6bba_474be664,856192,856269
6bba_474be664,856269,856351
6bba_474be664,856351,856480
6bba_474be664,856480,856613
6bba_474be664,856613,856743
6bba_474be664,856743,856842
6bba_474be664,856842,856952
6bba_474be664,855759,855864
6bba_474be664,855864,855944
6bba_474be664,855673,855781
6bba_474be664,855781,855875
6bba_474be664,855875,855974
6bba_474be664,855974,856042
6bba_474be664,856042,856115
6bba_474be664,856115,856206
6bba_474be664,856206,856307
6bba_474be664,856307,856416
6bba_474be664,856416,856533
6bba_474be664,856533,856652
6bba_474be664,856652,856768
6bba_474be664,856768,856864
6bba_474be664,856864,856972
6bba_474be664,856972,857072
6bba_474be664,857072,857140
6bba_474be664,857140,857213
6bba_474be664,857213,857293
6bba_474be664,857293,857381
6bba_474be664,857381,857482
6bba_474be664,857482,857580
6bba_474be664,857580,857674
6bba_474be664,857674,857767
6bba_474be664,857767,857865
6bba_474be664,857865,857986
6bba_474be664,857986,858082
6bba_474be664,858082,858185
6bba_474be664,858185,858287
6bba_474be664,858491,858594
6bba_474be664,858594,858688
6bba_474be664,858688,858782
6bba_474be664,858782,858881
6bba_474be664,858881,858990
6bba_474be664,858990,859098
6bba_474be664,859098,859225
6bba_474be664,855664,855779
6bba_474be664,855779,855874
6bba_474be664,855716,855825
6bba_474be664,855825,855927
6bba_474be664,855927,856018
6bba_474be664,856018,856086
6bba_474be664,856262,856350
6bba_474be664,856350,856436
6bba_474be664,856436,856561
6bba_474be664,856561,856699
6bba_474be664,856699,856806
6bba_474be664,856806,856904
6bba_474be664,855688,855796
6bba_474be664,855796,855889
6bba_474be664,855889,855972
6bba_474be664,855972,856049
6bba_474be664,856049,856123
6bba_474be664,856123,856218
6bba_474be664,856218,856316
6bba_474be664,856316,856435
6bba_474be664,856435,856554
6bba_474be664,856554,856669
6bba_474be664,855714,855834
6bba_474be664,855834,855956
6bba_474be664,855712,855821
6bba_474be664,855821,855922
6bba_474be664,855922,855995
6bba_474be664,855995,856073
6bba_474be664,856073,856146
6bba_474be664,856146,856242
6bba_474be664,856242,856330
6bba_474be664,856330,856457
6bba_474be664,856457,856587
6bba_474be664,856587,856715
6bba_474be664,855709,855789
6bba_474be664,855740,855848
6bba_474be664,855848,855931
6bba_474be664,855931,856015
6bba_474be664,856015,856088
6bba_474be664,856088,856159
6bba_474be664,856159,856241
6bba_474be664,856241,856344
6bba_474be664,856344,856454
6bba_474be664,856454,856580
6bba_474be664,856580,856708
6bba_474be664,856708,856818
6bba_474be664,856818,856933
6bba_474be664,855763,855853
6bba_474be664,855853,855943
6bba_474be664,855737,855850
6bba_474be664,855850,855941
6bba_474be664,855941,856026
6bba_474be664,856189,856286
6bba_474be664,856286,856378
6bba_474be664,856378,856490
6bba_474be664,856490,856612
6bba_474be664,856612,856712
6bba_474be664,856712,856813
6bba_474be664,856813,856932
6bba_474be664,855734,855837
6bba_474be664,855765,855863
6bba_474be664,855788,855879
6bba_474be664,855879,855967
6bba_474be664,855967,856047
6bba_474be664,856047,856117
6bba_474be664,856117,856207
6bba_474be664,856207,856311
6bba_474be664,856311,856402
6bba_474be664,856402,856524
6bba_474be664,856524,856647
6bba_474be664,856647,856751
6bba_474be664,856751,856853
6bba_474be664,856853,856958
6bba_474be664,856958,857043
6bba_474be664,857043,857103
6bba_474be664,857103,857174
6bba_474be664,857174,857254
6bba_474be664,857254,857357
6bba_474be664,857357,857458
6bba_474be664,857458,857598
6bba_474be664,857598,857687
6bba_474be664,855804,855902
6bba_474be664,855902,856064
6bba_474be664,856064,856134
6bba_474be664,855809,855917
6bba_474be664,855917,855996
6bba_474be664,855996,856104
6bba_474be664,856104,856191
6bba_474be664,856191,856270
6bba_474be664,856270,856375
6bba_474be664,855776,855872
6bba_474be664,855872,855964
6bba_474be664,856109,856202
6bba_474be664,856202,856299
6bba_474be664,856299,856398
6bba_474be664,856398,856523
6bba_474be664,856523,856639
6bba_474be664,856639,856747
6bba_474be664,856747,856850
6bba_474be664,856850,856956
6bba_474be664,856956,857044
6bba_474be664,857176,857257
6bba_474be664,857257,857354
6bba_474be664,857354,857455
6bba_474be664,857455,857553
6bba_474be664,857553,857651
6bba_474be664,857651,857746
6bba_474be664,857746,857842
6bba_474be664,857842,857954
6bba_474be664,857954,858050
6bba_474be664,855778,855873
6bba_474be664,855873,855962
6bba_474be664,855962,856039
6bba_474be664,856213,856309
6bba_474be664,855819,855905
6bba_474be664,855905,855993
6bba_474be664,855993,856135
6bba_474be664,856135,856233
6bba_474be664,856233,856322
6bba_474be664,856322,856403
6bba_474be664,856403,856527
6bba_474be664,856527,856644
6bba_474be664,856644,856750
6bba_474be664,856750,856856
6bba_474be664,856856,856963
6bba_474be664,856963,857047
6bba_474be664,857047,857118
6bba_474be664,857118,857190
6bba_474be664,857190,857275
6bba_474be664,857275,857367
6bba_474be664,857367,857468
6bba_474be664,857468,857575
6bba_474be664,857575,857659
6bba_474be664,857659,857754
6bba_474be664,857754,857847
6bba_474be664,857847,857964
6bba_474be664,857964,858059
6bba_474be664,855852,855925
6bba_474be664,855925,856017
6bba_474be664,856017,856081
6bba_474be664,856081,856152
6bba_474be664,856152,856252
6bba_474be664,856252,856345
6bba_474be664,856345,856431
6bba_474be664,856431,856542
6bba_474be664,856542,856672
6bba_474be664,856672,856794
6bba_474be664,856794,856891
6bba_474be664,855845,855923
6bba_474be664,855923,856020
6bba_474be664,856020,856085
6bba_474be664,856085,856144
6bba_474be664,856144,856255
6bba_474be664,856255,856331
6bba_474be664,856331,856450
6bba_474be664,856450,856585
6bba_474be664,856585,856704
6bba_474be664,856704,856825
6bba_474be664,856825,856950
6bba_474be664,855869,855955
6bba_474be664,855838,855938
6bba_474be664,855835,855934
6bba_474be664,855934,856034
6bba_474be664,855906,856021
6bba_474be664,856021,856099
6bba_474be664,856099,856170
6bba_474be664,856170,856266
6bba_474be664,856266,856357
6bba_474be664,856357,856445
6bba_474be664,856445,856563
6bba_474be664,856563,856681
6bba_474be664,856681,856790
6bba_474be664,856790,856894
6bba_474be664,856894,857013
6bba_474be664,855914,856000
6bba_474be664,856000,856069
6bba_474be664,856069,856131
6bba_474be664,856131,856249
6bba_474be664,856249,856348
6bba_474be664,856348,856474
6bba_474be664,856474,856589
6bba_474be664,856589,856697
6bba_474be664,855947,856028
6bba_474be664,856028,856193
6bba_474be664,856193,856276
6bba_474be664,856276,856364
6bba_474be664,855916,855994
6bba_474be664,855994,856070
6bba_474be664,856070,856142
6bba_474be664,855937,856016
6bba_474be664,855992,856065
6bba_474be664,856065,856133
6bba_474be664,856133,856230
6bba_474be664,856230,856325
6bba_474be664,856325,856413
6bba_474be664,856413,856537
6bba_474be664,856537,856666
6bba_474be664,856666,856773
6bba_474be664,856773,856880
6bba_474be664,855978,856071
6bba_474be664,856071,856157
6bba_474be664,856157,856251
6bba_474be664,856251,856353
6bba_474be664,856353,856487
6bba_474be664,856487,856615
6bba_474be664,856615,856721
6bba_474be664,856721,856800
6bba_474be664,856800,856920
6bba_474be664,855966,856058
6bba_474be664,856058,856141
6bba_474be664,856001,856084
6bba_474be664,856084,856148
6bba_474be664,856148,856257
6bba_474be664,856257,856354
6bba_474be664,856354,856461
6bba_474be664,856461,856577
6bba_474be664,856577,856689
6bba_474be664,856689,856791
6bba_474be664,856791,856902
6bba_474be664,856902,857027
6bba_474be664,856008,856083
6bba_474be664,856083,856160
6bba_474be664,856160,856250
6bba_474be664,856250,856328
6bba_474be664,856328,856440
6bba_474be664,856440,856586
6bba_474be664,856586,856682
6bba_474be664,856066,856222
6bba_474be664,856222,856312
6bba_474be664,856312,856414
6bba_474be664,856414,856538
6bba_474be664,856538,856656
6bba_474be664,856656,856765
6bba_474be664,856765,856866
6bba_474be664,856866,856978
6bba_474be664,856072,856151
6bba_474be664,856151,856225
6bba_474be664,856041,856112
6bba_474be664,856112,856212
6bba_474be664,856212,856313
6bba_474be664,856578,856678
6bba_474be664,856044,856119
6bba_474be664,856119,856209
6bba_474be664,856209,856301
6bba_474be664,856301,856405
6bba_474be664,856405,856528
6bba_474be664,856528,856650
6bba_474be664,856650,856753
6bba_474be664,856098,856179
6bba_474be664,856075,856155
6bba_474be664,856155,856256
6bba_474be664,856256,856336
6bba_474be664,856336,856447
6bba_474be664,856105,856153
6bba_474be664,856153,856265
6bba_474be664,856265,856337
6bba_474be664,856337,856434
6bba_474be664,856434,856562
6bba_474be664,856562,856663
6bba_474be664,856663,856761
6bba_474be664,856101,856176
6bba_474be664,856176,856260
6bba_474be664,856260,856368
6bba_474be664,856095,856166
6bba_474be664,856166,856247
6bba_474be664,856247,856334
6bba_474be664,856334,856446
6bba_474be664,856446,856573
6bba_474be664,856573,856717
6bba_474be664,856717,856923
6bba_474be664,856143,856235
6bba_474be664,856235,856321
6bba_474be664,856321,856401
6bba_474be664,856401,856522
6bba_474be664,856522,856640
6bba_474be664,856640,856755
6bba_474be664,856755,856863
6bba_474be664,856863,856960
6bba_474be664,856182,856285
6bba_474be664,856185,856253
6bba_474be664,856253,856339
6bba_474be664,856339,856453
6bba_474be664,856453,856568
6bba_474be664,856187,856386
6bba_474be664,856386,856512
6bba_474be664,856512,856729
6bba_474be664,856729,856826
6bba_474be664,856826,856936
6bba_474be664,856194,856281
6bba_474be664,856281,856394
6bba_474be664,856394,856501
6bba_474be664,856501,856618
6bba_474be664,856618,856720
6bba_474be664,856720,856809
6bba_474be664,856809,856913
6bba_474be664,856197,856280
6bba_474be664,856280,856373
6bba_474be664,856373,856515
6bba_474be664,856515,856629
6bba_474be664,856199,856293
6bba_474be664,856293,856397
6bba_474be664,856397,856486
6bba_474be664,856486,856614
6bba_474be664,856614,856703
6bba_474be664,856703,856801
6bba_474be664,856801,856910
6bba_474be664,856910,857009
6bba_474be664,856198,856268
6bba_474be664,856268,856382
6bba_474be664,856382,856442
6bba_474be664,856442,856590
6bba_474be664,856590,856716
6bba_474be664,856716,856812
6bba_474be664,856171,856248
6bba_474be664,856248,856323
6bba_474be664,856323,856430
6bba_474be664,856430,856550
6bba_474be664,856550,856676
6bba_474be664,856676,856777
6bba_474be664,856777,856885
6bba_474be664,856885,857029
6bba_474be664,856177,856273
6bba_474be664,856273,856352
6bba_474be664,856352,856471
6bba_474be664,856471,856584
6bba_474be664,856584,856707
6bba_474be664,856178,856274
6bba_474be664,856274,856380
6bba_474be664,856380,856456
6bba_474be664,856456,856564
6bba_474be664,856564,856739
6bba_474be664,856917,857011
6bba_474be664,857150,857346
6bba_474be664,856167,856267
6bba_474be664,856267,856377
6bba_474be664,856377,856493
6bba_474be664,856493,856600
6bba_474be664,856600,856698
6bba_474be664,856698,856808
6bba_474be664,856808,856908
6bba_474be664,856158,856237
6bba_474be664,856237,856347
6bba_474be664,856201,856290
6bba_474be664,856290,856389
6bba_474be664,856389,856496
6bba_474be664,856496,856620
6bba_474be664,856620,856733
6bba_474be664,856733,856834
6bba_474be664,856834,856947
6bba_474be664,856200,856371
6bba_474be664,856371,856459
6bba_474be664,856459,856688
6bba_474be664,856234,856324
6bba_474be664,856324,856432
6bba_474be664,856432,856556
6bba_474be664,856238,856444
6bba_474be664,856444,856560
6bba_474be664,856560,856661
6bba_474be664,856661,856766
6bba_474be664,856766,856870
6bba_474be664,856870,856967
6bba_474be664,856967,857040
6bba_474be664,857040,857094
6bba_474be664,857094,857172
6bba_474be664,857172,857256
6bba_474be664,857256,857352
6bba_474be664,857352,857453
6bba_474be664,857453,857558
6bba_474be664,857558,857653
6bba_474be664,857653,857749
6bba_474be664,857749,857844
6bba_474be664,857844,857953
6bba_474be664,857953,858049
6bba_474be664,858049,858151
6bba_474be664,858151,858253
6bba_474be664,858253,858356
6bba_474be664,856240,856342
6bba_474be664,856278,856383
6bba_474be664,856383,856494
6bba_474be664,856494,856623
6bba_474be664,856623,856736
6bba_474be664,856736,856841
6bba_474be664,856841,856949
6bba_474be664,856284,856379
6bba_474be664,856379,856495
6bba_474be664,856495,856632
6bba_474be664,856632,856744
6bba_474be664,856744,856845
6bba_474be664,856845,856937
6bba_474be664,856282,856503
6bba_474be664,856503,856619
6bba_474be664,856619,856690
6bba_474be664,856690,856780
6bba_474be664,856780,856897
6bba_474be664,856897,857018
6bba_474be664,856283,856367
6bba_474be664,856367,856463
6bba_474be664,856288,856384
6bba_474be664,856289,856387
6bba_474be664,856387,856484
6bba_474be664,856484,856625
6bba_474be664,856625,856738
6bba_474be664,856292,856388
6bba_474be664,856287,856358
6bba_474be664,856358,856482
6bba_474be664,856482,856616
6bba_474be664,856272,856361
6bba_474be664,856361,856489
6bba_474be664,856489,856583
6bba_474be664,856583,856709
6bba_474be664,856709,856807
6bba_474be664,856807,856928
6bba_474be664,856928,857030
6bba_474be664,856381,856421
6bba_474be664,856421,856558
6bba_474be664,856558,856675
6bba_474be664,856675,856827
6bba_474be664,856390,856519
6bba_474be664,856393,856507
6bba_474be664,856507,856588
6bba_474be664,856588,856702
6bba_474be664,856702,856844
6bba_474be664,856365,856462
6bba_474be664,856462,856566
6bba_474be664,856566,856696
6bba_474be664,856696,856799
6bba_474be664,856799,856898
6bba_474be664,856898,857007
6bba_474be664,857007,857092
6bba_474be664,857206,857288
6bba_474be664,857288,857386
6bba_474be664,857386,857487
6bba_474be664,857487,857603
6bba_474be664,857603,857710
6bba_474be664,857710,857829
6bba_474be664,857829,857916
6bba_474be664,857916,858012
6bba_474be664,856363,856492
6bba_474be664,856492,856617
6bba_474be664,856814,856926
6bba_474be664,856926,857022
6bba_474be664,856499,856626
6bba_474be664,856498,856631
6bba_474be664,856497,856599
6bba_474be664,856599,856701
6bba_474be664,856701,856796
6bba_474be664,856796,856878
6bba_474be664,856878,856989
6bba_474be664,856427,856549
6bba_474be664,856549,856695
6bba_474be664,856426,856548
6bba_474be664,856759,856868
6bba_474be664,856425,856553
6bba_474be664,856553,856665
6bba_474be664,856665,856771
6bba_474be664,856771,856879
6bba_474be664,856419,856546
6bba_474be664,856546,856658
6bba_474be664,856658,856769
6bba_474be664,856769,856890
6bba_474be664,856890,856981
6bba_474be664,856404,856526
6bba_474be664,856526,856643
6bba_474be664,856643,856760
6bba_474be664,856455,856569
6bba_474be664,856452,856576
6bba_474be664,856576,856674
6bba_474be664,856674,856877
6bba_474be664,856877,856985
6bba_474be664,856985,857063
6bba_474be664,857063,857122
6bba_474be664,857122,857232
6bba_474be664,857232,857420
6bba_474be664,857420,857521
6bba_474be664,856449,856570
6bba_474be664,856570,856700
6bba_474be664,856448,856571
6bba_474be664,856571,856693
6bba_474be664,856693,856788
6bba_474be664,856788,856906
6bba_474be664,856433,856555
6bba_474be664,856555,856680
6bba_474be664,856680,856793
6bba_474be664,856793,856887
6bba_474be664,856887,856986
6bba_474be664,856986,857089
6bba_474be664,857089,857149
6bba_474be664,856520,856622
6bba_474be664,856622,856731
6bba_474be664,856731,856833
6bba_474be664,856833,856940
6bba_474be664,856477,856592
6bba_474be664,856592,856691
6bba_474be664,856691,856798
6bba_474be664,856798,856924
6bba_474be664,856481,856608
6bba_474be664,856608,856706
6bba_474be664,856706,856802
6bba_474be664,856802,856918
6bba_474be664,856918,856999
6bba_474be664,856485,856604
6bba_474be664,856604,856724
6bba_474be664,856724,856829
6bba_474be664,856829,856925
6bba_474be664,856925,857014
6bba_474be664,856473,856610
6bba_474be664,856610,856710
6bba_474be664,856710,856810
6bba_474be664,856810,856912
6bba_474be664,856912,857034
6bba_474be664,856470,856606
6bba_474be664,856606,856694
6bba_474be664,856694,856797
6bba_474be664,856797,856899
6bba_474be664,856467,856581
6bba_474be664,856803,857025
6bba_474be664,856460,856567
6bba_474be664,856567,856719
6bba_474be664,856516,856636
6bba_474be664,856636,856740
6bba_474be664,856513,856741
6bba_474be664,856741,856838
6bba_474be664,856838,856946
6bba_474be664,856510,856633
6bba_474be664,856633,856735
6bba_474be664,856735,856832
6bba_474be664,856832,856944
6bba_474be664,856509,856730
6bba_474be664,856730,856831
6bba_474be664,856831,856945
6bba_474be664,856508,856630
6bba_474be664,856630,856737
6bba_474be664,856491,856624
6bba_474be664,856505,856603
6bba_474be664,856603,856711
6bba_474be664,856711,856805
6bba_474be664,856504,856628
6bba_474be664,856847,856948
6bba_474be664,856536,856641
6bba_474be664,856641,856764
6bba_474be664,856764,856957
6bba_474be664,856534,856654
6bba_474be664,856654,856857
6bba_474be664,856857,856969
6bba_474be664,856969,857054
6bba_474be664,857054,857113
6bba_474be664,857113,857185
6bba_474be664,857185,857266
6bba_474be664,857266,857363
6bba_474be664,857363,857464
6bba_474be664,857464,857565
6bba_474be664,857565,857664
6bba_474be664,857664,857764
6bba_474be664,857764,857859
6bba_474be664,856529,856646
6bba_474be664,856646,856756
6bba_474be664,856756,856855
6bba_474be664,856855,856961
6bba_474be664,856961,857041
6bba_474be664,857041,857093
6bba_474be664,857093,857171
6bba_474be664,857171,857253
6bba_474be664,857253,857351
6bba_474be664,857351,857452
6bba_474be664,857452,857554
6bba_474be664,857554,857652
6bba_474be664,857652,857748
6bba_474be664,857748,857845
6bba_474be664,857845,857958
6bba_474be664,857958,858052
6bba_474be664,858052,858156
6bba_474be664,858156,858258
6bba_474be664,858258,858363
6bba_474be664,856525,856642
6bba_474be664,856642,856748
6bba_474be664,856748,856852
6bba_474be664,856852,856959
6bba_474be664,857101,857180
6bba_474be664,856591,856692
6bba_474be664,856692,856876
6bba_474be664,856621,856742
6bba_474be664,856634,856745
6bba_474be664,856637,856728
6bba_474be664,856728,856830
6bba_474be664,856830,856939
6bba_474be664,856939,857017
6bba_474be664,856602,856677
6bba_474be664,856677,856785
6bba_474be664,856785,856871
6bba_474be664,856611,856815
6bba_474be664,856815,856909
6bba_474be664,856671,856772
6bba_474be664,856772,856881
6bba_474be664,856881,856988
6bba_474be664,856988,857091
6bba_474be664,856684,856795
6bba_474be664,856795,856915
6bba_474be664,856915,857003
6bba_474be664,856685,856781
6bba_474be664,856781,856895
6bba_474be664,856828,856934
6bba_474be664,856782,856911
6bba_474be664,856754,856860
6bba_474be664,856835,856935
6bba_474be664,856840,856953
6bba_474be664,856953,857010
6bba_474be664,856823,856919
6bba_474be664,856865,856962
6bba_474be664,856962,857042
6bba_474be664,857042,857099
6bba_474be664,857099,857181
6bba_474be664,857181,857264
6bba_474be664,857264,857362
6bba_474be664,857362,857463
6bba_474be664,857463,857559
6bba_474be664,857559,857658
6bba_474be664,857658,857756
6bba_474be664,857756,857858
6bba_474be664,856886,856993
6bba_474be664,856900,857045
6bba_474be664,857045,857109
6bba_474be664,857109,857182
6bba_474be664,857182,857263
6bba_474be664,857263,857358
6bba_474be664,857358,857459
6bba_474be664,857459,857563
6bba_474be664,857563,857663
6bba_474be664,857663,857758
6bba_474be664,857758,857864
6bba_474be664,857864,857983
6bba_474be664,857983,858084
6bba_474be664,858084,858200
6bba_474be664,858200,858302
6bba_474be664,858302,858426
6bba_474be664,856901,856970
6bba_474be664,856970,857039
6bba_474be664,857039,857106
6bba_474be664,857106,857183
6bba_474be664,857183,857261
6bba_474be664,857261,857360
6bba_474be664,857360,857461
6bba_474be664,857461,857557
6bba_474be664,857557,857656
6bba_474be664,857656,857753
6bba_474be664,857753,857856
6bba_474be664,857856,857966
6bba_474be664,857966,858055
6bba_474be664,858055,858163
6bba_474be664,858163,858265
6bba_474be664,858265,858393
6bba_474be664,858393,858514
6bba_474be664,858514,858619
6bba_474be664,858619,858723
6bba_474be664,858723,858828
6bba_474be664,858828,858917
6bba_474be664,858917,858996
6bba_474be664,858996,859111
6bba_474be664,859111,859214
6bba_474be664,859214,859284
6bba_474be664,859284,859388
6bba_474be664,859593,859700
6bba_474be664,859700,859746
6bba_474be664,859746,859840
6bba_474be664,859840,859934
6bba_474be664,859934,860030
6bba_474be664,860030,860133
6bba_474be664,860133,860225
6bba_474be664,860225,860289
6bba_474be664,860289,860317
6bba_474be664,860317,860370
6bba_474be664,860370,860439
6bba_474be664,860439,860499
6bba_474be664,860499,860572
6bba_474be664,860572,860663
6bba_474be664,860663,860760
6bba_474be664,860760,860815
6bba_474be664,860815,860890
6bba_474be664,860890,860980
6bba_474be664,860980,861070
6bba_474be664,861070,861168
6bba_474be664,861168,861266
6bba_474be664,861266,861364
6bba_474be664,856862,856965
6bba_474be664,856965,857052
6bba_474be664,857052,857107
6bba_474be664,857107,857186
6bba_474be664,857186,857270
6bba_474be664,857270,857366
6bba_474be664,857366,857467
6bba_474be664,857467,857562
6bba_474be664,857562,857655
6bba_474be664,857655,857752
6bba_474be664,857752,857843
6bba_474be664,857843,857956
6bba_474be664,857956,858048
6bba_474be664,856976,857057
6bba_474be664,857057,857115
6bba_474be664,857115,857201
6bba_474be664,857201,857277
6bba_474be664,857277,857370
6bba_474be664,857370,857471
6bba_474be664,857668,857757
6bba_474be664,857757,857849
6bba_474be664,858056,858160
6bba_474be664,858160,858262
6bba_474be664,858262,858359
6bba_474be664,858359,858481
6bba_474be664,858481,858576
6bba_474be664,858576,858677
6bba_474be664,858677,858773
6bba_474be664,858773,858877
6bba_474be664,858877,858979
6bba_474be664,858979,859074
6bba_474be664,859268,859376
6bba_474be664,859376,859467
6bba_474be664,859467,859565
6bba_474be664,859565,859643
6bba_474be664,859643,859718
6bba_474be664,859718,859817
6bba_474be664,859817,859922
6bba_474be664,859922,860022
6bba_474be664,860022,860127
6bba_474be664,860127,860204
6bba_474be664,860204,860273
6bba_474be664,860273,860309
6bba_474be664,860309,860356
6bba_474be664,860356,860425
6bba_474be664,860425,860494
6bba_474be664,856992,857142
6bba_474be664,857002,857085
6bba_474be664,857085,857161
6bba_474be664,857004,857090
6bba_474be664,857090,857154
6bba_474be664,857154,857219
6bba_474be664,857219,857306
6bba_474be664,857306,857419
6bba_474be664,857419,857520
6bba_474be664,857520,857614
6bba_474be664,857614,857721
6bba_474be664,857721,857816
6bba_474be664,857816,857908
6bba_474be664,857908,858020
6bba_474be664,858020,858123
6bba_474be664,858123,858248
6bba_474be664,858248,858350
6bba_474be664,858350,858423
6bba_474be664,858423,858535
6bba_474be664,858535,858628
6bba_474be664,858628,858715
6bba_474be664,858715,858823
6bba_474be664,858823,858927
6bba_474be664,858927,859029
6bba_474be664,859029,859139
6bba_474be664,859139,859249
6bba_474be664,859249,859335
6bba_474be664,859335,859450
6bba_474be664,859450,859537
6bba_474be664,857006,857079
6bba_474be664,857079,857136
6bba_474be664,857012,857065
6bba_474be664,857065,857246
6bba_474be664,857246,857334
6bba_474be664,857334,857406
6bba_474be664,857406,857507
6bba_474be664,857507,857632
6bba_474be664,857632,857715
6bba_474be664,857715,857819
6bba_474be664,857016,857076
6bba_474be664,857088,857157
6bba_474be664,857157,857227
6bba_474be664,857227,857349
6bba_474be664,857059,857111
6bba_474be664,857046,857102
6bba_474be664,857102,857187
6bba_474be664,857187,857382
6bba_474be664,857382,857483
6bba_474be664,857684,857778
6bba_474be664,857971,858063
6bba_474be664,858063,858179
6bba_474be664,858179,858281
6bba_474be664,858281,858404
6bba_474be664,858404,858509
6bba_474be664,858509,858595
6bba_474be664,858595,858696
6bba_474be664,858696,858811
6bba_474be664,859019,859129
6bba_474be664,857086,857132
6bba_474be664,857132,857212
6bba_474be664,857212,857291
6bba_474be664,857291,857389
6bba_474be664,857389,857490
6bba_474be664,857490,857584
6bba_474be664,857584,857671
6bba_474be664,857671,857770
6bba_474be664,857770,857871
6bba_474be664,857871,857981
6bba_474be664,857981,858086
6bba_474be664,858086,858170
6bba_474be664,858170,858272
6bba_474be664,858272,858387
6bba_474be664,858387,858484
6bba_474be664,858484,858602
6bba_474be664,858602,858712
6bba_474be664,858712,858815
6bba_474be664,858815,858906
6bba_474be664,858906,859005
6bba_474be664,859005,859112
6bba_474be664,859112,859217
6bba_474be664,859217,859286
6bba_474be664,859286,859402
6bba_474be664,859402,859488
6bba_474be664,859488,859595
6bba_474be664,859595,859676
6bba_474be664,857080,857137
6bba_474be664,857137,857204
6bba_474be664,857204,857284
6bba_474be664,857081,857127
6bba_474be664,857127,857220
6bba_474be664,857220,857297
6bba_474be664,857297,857388
6bba_474be664,857388,857489
6bba_474be664,857489,857608
6bba_474be664,857608,857701
6bba_474be664,857701,857777
6bba_474be664,857777,857913
6bba_474be664,857071,857119
6bba_474be664,857119,857211
6bba_474be664,857211,857276
6bba_474be664,857276,857377
6bba_474be664,857377,857478
6bba_474be664,857478,857574
6bba_474be664,857574,857679
6bba_474be664,857679,857771
6bba_474be664,857771,857881
6bba_474be664,857881,857973
6bba_474be664,857973,858068
6bba_474be664,858068,858158
6bba_474be664,858158,858260
6bba_474be664,858260,858371
6bba_474be664,858371,858497
6bba_474be664,858497,858596
6bba_474be664,858596,858702
6bba_474be664,858702,858789
6bba_474be664,857068,857114
6bba_474be664,857114,857188
6bba_474be664,857188,857265
6bba_474be664,857265,857361
6bba_474be664,857361,857462
6bba_474be664,857067,857117
6bba_474be664,857117,857210
6bba_474be664,857210,857282
6bba_474be664,857282,857384
6bba_474be664,857384,857485
6bba_474be664,857485,857589
6bba_474be664,857159,857217
6bba_474be664,857217,857321
6bba_474be664,857321,857415
6bba_474be664,857415,857516
6bba_474be664,857516,857619
6bba_474be664,857619,857731
6bba_474be664,857731,857830
6bba_474be664,857830,857928
6bba_474be664,857928,858043
6bba_474be664,857158,857223
6bba_474be664,857108,857179
6bba_474be664,857179,857269
6bba_474be664,857269,857368
6bba_474be664,857368,857469
6bba_474be664,857469,857571
6bba_474be664,857571,857665
6bba_474be664,857665,857761
6bba_474be664,857761,857853
6bba_474be664,857104,857189
6bba_474be664,857189,857272
6bba_474be664,857272,857380
6bba_474be664,857380,857481
6bba_474be664,857481,857581
6bba_474be664,857581,857675
6bba_474be664,857112,857194
6bba_474be664,857194,857286
6bba_474be664,857286,857374
6bba_474be664,857374,857475
6bba_474be664,857475,857566
6bba_474be664,857566,857661
6bba_474be664,857661,857765
6bba_474be664,857765,857860
6bba_474be664,857860,857967
6bba_474be664,857967,858058
6bba_474be664,858058,858177
6bba_474be664,858177,858279
6bba_474be664,858279,858385
6bba_474be664,858385,858501
6bba_474be664,858501,858599
6bba_474be664,857129,857192
6bba_474be664,857192,857267
6bba_474be664,857267,857369
6bba_474be664,857369,857470
6bba_474be664,857470,857564
6bba_474be664,857564,857669
6bba_474be664,857870,857972
6bba_474be664,857972,858075
6bba_474be664,857126,857203
6bba_474be664,857203,857289
6bba_474be664,857289,857375
6bba_474be664,857375,857476
6bba_474be664,857476,857588
6bba_474be664,857588,857690
6bba_474be664,857690,857776
6bba_474be664,857776,857880
6bba_474be664,857880,857977
6bba_474be664,857977,858081
6bba_474be664,858081,858192
6bba_474be664,858192,858294
6bba_474be664,858294,858418
6bba_474be664,858418,858536
6bba_474be664,858536,858640
6bba_474be664,858640,858735
6bba_474be664,858735,858847
6bba_474be664,858847,858953
6bba_474be664,858953,859044
6bba_474be664,859044,859121
6bba_474be664,857125,857245
6bba_474be664,857123,857191
6bba_474be664,857191,857274
6bba_474be664,857274,857376
6bba_474be664,857376,857477
6bba_474be664,857477,857573
6bba_474be664,857573,857666
6bba_474be664,857666,857755
6bba_474be664,857755,857857
6bba_474be664,857857,857959
6bba_474be664,857959,858065
6bba_474be664,858065,858154
6bba_474be664,858154,858256
6bba_474be664,858256,858365
6bba_474be664,858365,858477
6bba_474be664,858477,858577
6bba_474be664,858577,858687
6bba_474be664,858687,858792
6bba_474be664,858792,858884
6bba_474be664,858884,858984
6bba_474be664,858984,859078
6bba_474be664,859078,859196
6bba_474be664,859196,859270
6bba_474be664,859270,859378
6bba_474be664,859378,859470
6bba_474be664,859470,859569
6bba_474be664,859569,859645
6bba_474be664,859645,859721
6bba_474be664,859721,859822
6bba_474be664,859822,859932
6bba_474be664,859932,860036
6bba_474be664,860036,860142
6bba_474be664,860301,860320
6bba_474be664,857121,857296
6bba_474be664,857296,857393
6bba_474be664,857393,857494
6bba_474be664,857116,857198
6bba_474be664,857198,857283
6bba_474be664,857283,857383
6bba_474be664,857383,857484
6bba_474be664,857168,857226
6bba_474be664,857226,857298
6bba_474be664,857298,857395
6bba_474be664,857395,857496
6bba_474be664,857496,857591
6bba_474be664,857591,857689
6bba_474be664,857689,857787
6bba_474be664,857787,857902
6bba_474be664,857902,857988
6bba_474be664,857988,858090
6bba_474be664,857163,857344
6bba_474be664,857344,857438
6bba_474be664,857438,857539
6bba_474be664,857539,857616
6bba_474be664,857616,857720
6bba_474be664,857720,857820
6bba_474be664,857151,857235
6bba_474be664,857235,857335
6bba_474be664,857335,857428
6bba_474be664,857428,857529
6bba_474be664,857529,857593
6bba_474be664,857593,857693
6bba_474be664,857693,857795
6bba_474be664,857795,857893
6bba_474be664,857893,858035
6bba_474be664,858035,858117
6bba_474be664,857148,857237
6bba_474be664,857237,857311
6bba_474be664,857311,857425
6bba_474be664,857425,857526
6bba_474be664,857526,857631
6bba_474be664,857833,857921
6bba_474be664,857921,858021
6bba_474be664,858021,858111
6bba_474be664,858111,858222
6bba_474be664,858222,858324
6bba_474be664,858324,858442
6bba_474be664,858442,858551
6bba_474be664,858551,858642
6bba_474be664,858642,858744
6bba_474be664,858744,858842
6bba_474be664,858842,858943
6bba_474be664,858943,859055
6bba_474be664,859055,859156
6bba_474be664,859156,859260
6bba_474be664,859260,859346
6bba_474be664,859346,859466
6bba_474be664,859466,859555
6bba_474be664,857147,857316
6bba_474be664,857316,857429
6bba_474be664,857429,857530
6bba_474be664,857141,857195
6bba_474be664,857195,857280
6bba_474be664,857280,857378
6bba_474be664,857378,857479
6bba_474be664,857479,857569
6bba_474be664,857569,857660
6bba_474be664,857660,857760
6bba_474be664,857760,857855
6bba_474be664,857855,857965
6bba_474be664,857965,858078
6bba_474be664,857162,857239
6bba_474be664,857239,857307
6bba_474be664,857307,857403
6bba_474be664,857403,857504
6bba_474be664,857504,857604
6bba_474be664,857604,857708
6bba_474be664,857708,857798
6bba_474be664,857798,857895
6bba_474be664,857895,857998
6bba_474be664,857998,858102
6bba_474be664,858102,858184
6bba_474be664,858184,858286
6bba_474be664,858553,858655
6bba_474be664,858655,858747
6bba_474be664,858747,858829
6bba_474be664,858829,858920
6bba_474be664,858920,859017
6bba_474be664,859017,859131
6bba_474be664,859131,859261
6bba_474be664,859261,859361
6bba_474be664,857166,857230
6bba_474be664,857165,857244
6bba_474be664,857424,857525
6bba_474be664,857525,857639
6bba_474be664,857152,857216
6bba_474be664,857169,857225
6bba_474be664,857225,857308
6bba_474be664,857308,857402
6bba_474be664,857402,857503
6bba_474be664,857503,857595
6bba_474be664,857595,857691
6bba_474be664,857691,857793
6bba_474be664,857793,857892
6bba_474be664,857892,857990
6bba_474be664,857990,858093
6bba_474be664,858284,858406
6bba_474be664,858406,858612
6bba_474be664,857200,857392
6bba_474be664,857392,857493
6bba_474be664,857493,857567
6bba_474be664,857567,857680
6bba_474be664,857680,857782
6bba_474be664,857782,857876
6bba_474be664,857242,857319
6bba_474be664,857319,857430
6bba_474be664,857430,857531
6bba_474be664,857241,857314
6bba_474be664,857314,857423
6bba_474be664,857423,857524
6bba_474be664,857713,857827
6bba_474be664,857240,857329
6bba_474be664,857329,857443
6bba_474be664,857443,857544
6bba_474be664,857544,857640
6bba_474be664,857640,857741
6bba_474be664,857946,858044
6bba_474be664,858220,858322
6bba_474be664,858322,858446
6bba_474be664,858446,858570
6bba_474be664,858570,858658
6bba_474be664,858658,858742
6bba_474be664,858742,858850
6bba_474be664,858850,858951
6bba_474be664,858951,859059
6bba_474be664,859059,859166
6bba_474be664,857236,857318
6bba_474be664,857318,857408
6bba_474be664,857408,857509
6bba_474be664,857509,857620
6bba_474be664,857620,857730
6bba_474be664,857730,857818
6bba_474be664,857818,857920
6bba_474be664,857920,858030
6bba_474be664,858030,858135
6bba_474be664,858135,858212
6bba_474be664,858212,858314
6bba_474be664,858314,858417
6bba_474be664,858417,858549
6bba_474be664,858549,858650
6bba_474be664,858650,858740
6bba_474be664,858740,858838
6bba_474be664,858838,858944
6bba_474be664,859138,859242
6bba_474be664,859242,859327
6bba_474be664,859327,859446
6bba_474be664,859446,859522
6bba_474be664,859522,859629
6bba_474be664,859629,859694
6bba_474be664,859694,859776
6bba_474be664,859776,859850
6bba_474be664,859850,859982
6bba_474be664,859982,860079
6bba_474be664,860079,860173
6bba_474be664,860173,860239
6bba_474be664,857184,857262
6bba_474be664,857262,857355
6bba_474be664,857355,857456
6bba_474be664,857456,857556
6bba_474be664,857556,857654
6bba_474be664,857654,857747
6bba_474be664,857747,857846
6bba_474be664,857846,857951
6bba_474be664,857175,857260
6bba_474be664,857209,857294
6bba_474be664,857294,857387
6bba_474be664,857387,857488
6bba_474be664,857488,857576
6bba_474be664,857576,857678
6bba_474be664,857196,857271
6bba_474be664,857271,857371
6bba_474be664,857371,857472
6bba_474be664,857472,857578
6bba_474be664,857578,857677
6bba_474be664,857677,857784
6bba_474be664,857784,857992
6bba_474be664,857193,857268
6bba_474be664,857268,857359
6bba_474be664,857359,857460
6bba_474be664,857460,857577
6bba_474be664,857577,857673
6bba_474be664,857673,857774
6bba_474be664,857774,857874
6bba_474be664,857231,857300
6bba_474be664,857300,857400
6bba_474be664,857400,857501
6bba_474be664,857247,857401
6bba_474be664,857401,857502
6bba_474be664,857502,857602
6bba_474be664,857602,857704
6bba_474be664,857704,857804
6bba_474be664,857229,857320
6bba_474be664,857320,857413
6bba_474be664,857413,857514
6bba_474be664,857514,857590
6bba_474be664,857590,857682
6bba_474be664,857682,857797
6bba_474be664,857797,857911
6bba_474be664,857911,858031
6bba_474be664,858031,858099
6bba_474be664,858099,858199
6bba_474be664,858199,858301
6bba_474be664,858301,858420
6bba_474be664,857228,857303
6bba_474be664,857303,857399
6bba_474be664,857399,857500
6bba_474be664,857500,857649
6bba_474be664,857649,857740
6bba_474be664,857740,857810
6bba_474be664,857810,857909
6bba_474be664,857909,858019
6bba_474be664,858019,858091
6bba_474be664,858091,858221
6bba_474be664,858221,858323
6bba_474be664,858323,858368
6bba_474be664,858368,858494
6bba_474be664,858494,858598
6bba_474be664,858598,858695
6bba_474be664,858695,858799
6bba_474be664,858799,858934
6bba_474be664,858934,859020
6bba_474be664,859020,859149
6bba_474be664,857222,857304
6bba_474be664,857304,857405
6bba_474be664,857405,857506
6bba_474be664,857506,857610
6bba_474be664,857610,857712
6bba_474be664,857712,857806
6bba_474be664,857806,857897
6bba_474be664,857897,857995
6bba_474be664,857995,858100
6bba_474be664,858100,858208
6bba_474be664,858208,858310
6bba_474be664,858310,858416
6bba_474be664,858416,858530
6bba_474be664,858530,858632
6bba_474be664,858632,858714
6bba_474be664,858714,858833
6bba_474be664,858833,858926
6bba_474be664,858926,859021
6bba_474be664,859021,859173
6bba_474be664,857214,857290
6bba_474be664,857243,857327
6bba_474be664,857327,857435
6bba_474be664,857435,857536
6bba_474be664,857536,857650
6bba_474be664,857252,857347
6bba_474be664,857347,857441
6bba_474be664,857441,857542
6bba_474be664,857542,857642
6bba_474be664,857642,857744
6bba_474be664,857744,857837
6bba_474be664,857837,857942
6bba_474be664,857942,858037
6bba_474be664,858037,858144
6bba_474be664,858144,858229
6bba_474be664,858229,858331
6bba_474be664,858331,858455
6bba_474be664,858667,858764
6bba_474be664,858764,858866
6bba_474be664,859068,859181
6bba_474be664,859181,859254
6bba_474be664,859254,859351
6bba_474be664,857251,857341
6bba_474be664,857341,857447
6bba_474be664,857447,857548
6bba_474be664,857250,857343
6bba_474be664,857343,857427
6bba_474be664,857427,857528
6bba_474be664,857528,857621
6bba_474be664,857621,857733
6bba_474be664,857733,857826
6bba_474be664,857826,857944
6bba_474be664,857944,858039
6bba_474be664,857249,857332
6bba_474be664,857342,857442
6bba_474be664,857442,857543
6bba_474be664,857543,857635
6bba_474be664,857336,857417
6bba_474be664,857417,857518
6bba_474be664,857331,857426
6bba_474be664,857426,857527
6bba_474be664,857330,857436
6bba_474be664,857436,857537
6bba_474be664,857537,857645
6bba_474be664,857645,857735
6bba_474be664,857735,857948
6bba_474be664,857948,858038
6bba_474be664,858038,858244
6bba_474be664,858244,858346
6bba_474be664,858346,858448
6bba_474be664,858666,858763
6bba_474be664,858763,858855
6bba_474be664,858855,858954
6bba_474be664,857328,857445
6bba_474be664,857445,857546
6bba_474be664,857546,857625
6bba_474be664,857625,857722
6bba_474be664,857722,857802
6bba_474be664,857802,857886
6bba_474be664,857886,858006
6bba_474be664,858006,858130
6bba_474be664,857301,857396
6bba_474be664,857396,857497
6bba_474be664,857497,857594
6bba_474be664,857794,857901
6bba_474be664,857302,857404
6bba_474be664,857404,857505
6bba_474be664,857505,857624
6bba_474be664,857624,857726
6bba_474be664,857726,857817
6bba_474be664,857817,857933
6bba_474be664,857933,858032
6bba_474be664,858032,858140
6bba_474be664,858140,858242
6bba_474be664,858242,858344
6bba_474be664,858344,858445
6bba_474be664,858445,858542
6bba_474be664,858542,858592
6bba_474be664,858592,858686
6bba_474be664,858686,858795
6bba_474be664,858795,858892
6bba_474be664,858892,858982
6bba_474be664,858982,859084
6bba_474be664,859084,859216
6bba_474be664,859216,859291
6bba_474be664,859291,859419
6bba_474be664,859419,859484
6bba_474be664,859484,859579
6bba_474be664,859579,859664
6bba_474be664,859664,859728
6bba_474be664,859728,859827
6bba_474be664,859827,859928
6bba_474be664,859928,860026
6bba_474be664,860026,860130
6bba_474be664,860130,860223
6bba_474be664,857278,857372
6bba_474be664,857372,857473
6bba_474be664,857299,857394
6bba_474be664,857394,857495
6bba_474be664,857495,857612
6bba_474be664,857612,857686
6bba_474be664,857686,857790
6bba_474be664,857790,857889
6bba_474be664,857889,857987
6bba_474be664,857987,858116
6bba_474be664,858307,858421
6bba_474be664,858421,858543
6bba_474be664,858543,858654
6bba_474be664,858654,858749
6bba_474be664,858749,858854
6bba_474be664,858854,858962
6bba_474be664,857295,857391
6bba_474be664,857391,857492
6bba_474be664,857340,857398
6bba_474be664,857398,857499
6bba_474be664,857499,857637
6bba_474be664,857323,857434
6bba_474be664,857434,857535
6bba_474be664,857535,857628
6bba_474be664,857628,857724
6bba_474be664,857724,857811
6bba_474be664,857811,857934
6bba_474be664,857934,858041
6bba_474be664,858041,858142
6bba_474be664,858142,858238
6bba_474be664,858238,858340
6bba_474be664,858340,858452
6bba_474be664,858452,858568
6bba_474be664,858568,858664
6bba_474be664,858664,858761
6bba_474be664,858761,858859
6bba_474be664,858859,858964
6bba_474be664,858964,859045
6bba_474be664,859045,859161
6bba_474be664,859343,859463
6bba_474be664,859463,859558
6bba_474be664,857324,857422
6bba_474be664,857422,857523
6bba_474be664,857523,857618
6bba_474be664,857618,857719
6bba_474be664,857719,857813
6bba_474be664,857813,857919
6bba_474be664,858109,858219
6bba_474be664,858219,858321
6bba_474be664,858321,858422
6bba_474be664,858422,858537
6bba_474be664,858537,858626
6bba_474be664,858626,858717
6bba_474be664,858717,858825
6bba_474be664,858825,858937
6bba_474be664,858937,859032
6bba_474be664,859032,859165
6bba_474be664,859165,859253
6bba_474be664,859253,859333
6bba_474be664,859333,859441
6bba_474be664,859441,859516
6bba_474be664,859516,859604
6bba_474be664,859604,859681
6bba_474be664,859681,859807
6bba_474be664,859807,859865
6bba_474be664,857315,857407
6bba_474be664,857407,857508
6bba_474be664,857508,857572
6bba_474be664,857572,857670
6bba_474be664,857670,857768
6bba_474be664,857768,857862
6bba_474be664,857862,857970
6bba_474be664,857970,858070
6bba_474be664,858070,858166
6bba_474be664,858166,858268
6bba_474be664,858268,858397
6bba_474be664,858397,858507
6bba_474be664,858507,858609
6bba_474be664,858609,858707
6bba_474be664,858707,858808
6bba_474be664,858808,858935
6bba_474be664,858935,859043
6bba_474be664,859226,859298
6bba_474be664,859298,859407
6bba_474be664,859407,859493
6bba_474be664,859493,859594
6bba_474be664,859594,859673
6bba_474be664,859673,859755
6bba_474be664,859755,859858
6bba_474be664,859858,859985
6bba_474be664,859985,860078
6bba_474be664,857312,857433
6bba_474be664,857433,857534
6bba_474be664,857534,857600
6bba_474be664,857600,857711
6bba_474be664,857711,857792
6bba_474be664,857792,857905
6bba_474be664,857905,858016
6bba_474be664,858217,858319
6bba_474be664,858319,858425
6bba_474be664,858425,858508
6bba_474be664,858508,858618
6bba_474be664,858618,858713
6bba_474be664,858713,858837
6bba_474be664,858837,858946
6bba_474be664,858946,859027
6bba_474be664,859027,859126
6bba_474be664,857309,857414
6bba_474be664,857414,857515
6bba_474be664,857515,857636
6bba_474be664,857350,857431
6bba_474be664,857431,857532
6bba_474be664,857745,857841
6bba_474be664,857338,857432
6bba_474be664,857432,857533
6bba_474be664,857533,857633
6bba_474be664,857633,857718
6bba_474be664,857718,857801
6bba_474be664,857801,857915
6bba_474be664,857915,858013
6bba_474be664,858013,858147
6bba_474be664,857418,857519
6bba_474be664,857519,857613
6bba_474be664,857613,857725
6bba_474be664,857725,857805
6bba_474be664,857805,857903
6bba_474be664,857903,857999
6bba_474be664,857999,858106
6bba_474be664,858106,858214
6bba_474be664,858214,858316
6bba_474be664,857379,857480
6bba_474be664,857390,857491
6bba_474be664,857364,857465
6bba_474be664,857465,857644
6bba_474be664,857437,857538
6bba_474be664,857440,857541
6bba_474be664,857444,857545
6bba_474be664,857446,857547
6bba_474be664,857547,857615
6bba_474be664,857615,857729
6bba_474be664,857929,858042
6bba_474be664,858042,858146
6bba_474be664,858146,858234
6bba_474be664,858234,858336
6bba_474be664,858336,858454
6bba_474be664,857449,857550
6bba_474be664,857738,857836
6bba_474be664,857836,857918
6bba_474be664,857448,857549
6bba_474be664,857412,857513
6bba_474be664,857411,857512
6bba_474be664,857512,857586
6bba_474be664,857586,857700
6bba_474be664,857700,857788
6bba_474be664,857451,857552
6bba_474be664,857450,857551
6bba_474be664,857439,857540
6bba_474be664,857540,857643
6bba_474be664,857643,857737
6bba_474be664,857941,858025
6bba_474be664,858025,858125
6bba_474be664,858125,858207
6bba_474be664,858207,858309
6bba_474be664,858309,858412
6bba_474be664,858412,858515
6bba_474be664,858515,858631
6bba_474be664,858631,858709
6bba_474be664,858709,858814
6bba_474be664,858814,858918
6bba_474be664,858918,858997
6bba_474be664,858997,859092
6bba_474be664,859092,859206
6bba_474be664,859206,859294
6bba_474be664,859294,859396
6bba_474be664,859396,859476
6bba_474be664,857511,857606
6bba_474be664,857606,857697
6bba_474be664,857697,857809
6bba_474be664,857809,857907
6bba_474be664,857907,858115
6bba_474be664,858115,858213
6bba_474be664,858213,858315
6bba_474be664,858315,858438
6bba_474be664,858651,858756
6bba_474be664,858756,858870
6bba_474be664,857597,857791
6bba_474be664,857791,857877
6bba_474be664,857877,858064
6bba_474be664,857587,857692
6bba_474be664,857692,857800
6bba_474be664,857800,857891
6bba_474be664,857891,858000
6bba_474be664,858000,858124
6bba_474be664,858124,858216
6bba_474be664,858216,858318
6bba_474be664,858318,858441
6bba_474be664,858441,858510
6bba_474be664,858510,858600
6bba_474be664,858600,858710
6bba_474be664,857585,857685
6bba_474be664,857685,857772
6bba_474be664,857772,857861
6bba_474be664,857861,857994
6bba_474be664,857994,858083
6bba_474be664,858083,858176
6bba_474be664,858176,858278
6bba_474be664,858503,858588
6bba_474be664,858588,858704
6bba_474be664,858704,858784
6bba_474be664,858784,858878
6bba_474be664,858878,858977
6bba_474be664,858977,859073
6bba_474be664,859073,859205
6bba_474be664,859205,859280
6bba_474be664,859280,859383
6bba_474be664,859383,859474
6bba_474be664,859474,859646
6bba_474be664,859646,859722
6bba_474be664,859722,859820
6bba_474be664,859820,859926
6bba_474be664,859926,860025
6bba_474be664,860025,860134
6bba_474be664,860134,860208
6bba_474be664,860313,860357
6bba_474be664,860357,860426
6bba_474be664,857583,857672
6bba_474be664,857672,857779
6bba_474be664,857779,857866
6bba_474be664,857579,857705
6bba_474be664,857601,857716
6bba_474be664,857716,857828
6bba_474be664,857828,857924
6bba_474be664,857924,857980
6bba_474be664,857980,858088
6bba_474be664,858088,858197
6bba_474be664,858197,858299
6bba_474be664,858299,858394
6bba_474be664,858394,858541
6bba_474be664,858541,858625
6bba_474be664,858625,858733
6bba_474be664,858733,858851
6bba_474be664,858851,858921
6bba_474be664,858921,859025
6bba_474be664,859025,859141
6bba_474be664,859141,859230
6bba_474be664,859230,859305
6bba_474be664,859305,859422
6bba_474be664,859422,859509
6bba_474be664,859509,859642
6bba_474be664,859642,859705
6bba_474be664,859705,859800
6bba_474be664,859800,859894
6bba_474be664,857570,857681
6bba_474be664,857681,857763
6bba_474be664,857763,857863
6bba_474be664,857863,857963
6bba_474be664,857963,858074
6bba_474be664,857626,857727
6bba_474be664,857647,857707
6bba_474be664,857648,857831
6bba_474be664,857831,857940
6bba_474be664,857605,857706
6bba_474be664,857607,857714
6bba_474be664,857714,857808
6bba_474be664,857808,857890
6bba_474be664,857890,857997
6bba_474be664,857997,858079
6bba_474be664,858079,858198
6bba_474be664,858198,858300
6bba_474be664,858300,858396
6bba_474be664,858396,858516
6bba_474be664,858516,858616
6bba_474be664,858616,858697
6bba_474be664,858697,858790
6bba_474be664,858790,858915
6bba_474be664,858915,859013
6bba_474be664,859013,859105
6bba_474be664,859105,859231
6bba_474be664,859231,859301
6bba_474be664,859301,859411
6bba_474be664,859411,859505
6bba_474be664,859505,859588
6bba_474be664,859588,859668
6bba_474be664,859668,859736
6bba_474be664,859736,859842
6bba_474be664,859842,859938
6bba_474be664,859938,860054
6bba_474be664,860054,860145
6bba_474be664,860145,860234
6bba_474be664,860234,860295
6bba_474be664,860295,860330
6bba_474be664,860330,860388
6bba_474be664,860388,860457
6bba_474be664,860457,860531
6bba_474be664,860531,860605
6bba_474be664,860605,860696
6bba_474be664,860696,860772
6bba_474be664,860772,860829
6bba_474be664,860829,860926
6bba_474be664,860926,861004
6bba_474be664,861004,861115
6bba_474be664,861115,861213
6bba_474be664,861213,861311
6bba_474be664,861311,861409
6bba_474be664,861409,861541
6bba_474be664,857611,857723
6bba_474be664,857630,857732
6bba_474be664,857732,857814
6bba_474be664,857683,857781
6bba_474be664,857781,857878
6bba_474be664,858069,858172
6bba_474be664,858172,858274
6bba_474be664,858274,858373
6bba_474be664,857694,857783
6bba_474be664,857783,857879
6bba_474be664,857879,857989
6bba_474be664,857989,858071
6bba_474be664,858071,858159
6bba_474be664,858159,858261
6bba_474be664,858261,858366
6bba_474be664,858366,858490
6bba_474be664,858490,858590
6bba_474be664,858590,858708
6bba_474be664,858708,858817
6bba_474be664,858817,858947
6bba_474be664,857676,857762
6bba_474be664,857762,857885
6bba_474be664,857885,857979
6bba_474be664,857979,858061
6bba_474be664,858061,858164
6bba_474be664,858164,858266
6bba_474be664,857736,857832
6bba_474be664,857832,857932
6bba_474be664,857932,858028
6bba_474be664,858028,858127
6bba_474be664,858127,858189
6bba_474be664,858189,858291
6bba_474be664,858291,858424
6bba_474be664,858424,858560
6bba_474be664,858560,858624
6bba_474be664,857739,857825
6bba_474be664,857825,857930
6bba_474be664,857699,857887
6bba_474be664,857887,858001
6bba_474be664,858001,858095
6bba_474be664,858095,858191
6bba_474be664,858191,858293
6bba_474be664,858293,858392
6bba_474be664,858392,858488
6bba_474be664,858488,858605
6bba_474be664,858605,858720
6bba_474be664,858720,858800
6bba_474be664,858800,858909
6bba_474be664,858909,859008
6bba_474be664,859008,859109
6bba_474be664,859109,859215
6bba_474be664,857703,857799
6bba_474be664,857799,857899
6bba_474be664,857775,857978
6bba_474be664,857978,858077
6bba_474be664,858077,858193
6bba_474be664,858193,858295
6bba_474be664,858295,858386
6bba_474be664,858386,858487
6bba_474be664,858487,858583
6bba_474be664,858583,858689
6bba_474be664,858689,858797
6bba_474be664,858797,858899
6bba_474be664,858899,859011
6bba_474be664,859011,859124
6bba_474be664,859124,859213
6bba_474be664,859213,859395
6bba_474be664,859395,859483
6bba_474be664,859483,859580
6bba_474be664,859580,859661
6bba_474be664,859661,859725
6bba_474be664,859725,859830
6bba_474be664,859830,859970
6bba_474be664,857786,857873
6bba_474be664,857873,857968
6bba_474be664,857968,858062
6bba_474be664,858062,858155
6bba_474be664,858155,858257
6bba_474be664,858257,858362
6bba_474be664,858362,858493
6bba_474be664,858493,858587
6bba_474be664,858587,858691
6bba_474be664,858691,858791
6bba_474be664,858791,858900
6bba_474be664,858900,859003
6bba_474be664,859003,859104
6bba_474be664,859104,859210
6bba_474be664,859210,859289
6bba_474be664,859289,859412
6bba_474be664,859412,859499
6bba_474be664,859499,859616
6bba_474be664,859616,859666
6bba_474be664,859666,859846
6bba_474be664,859846,859954
6bba_474be664,859954,860047
6bba_474be664,860047,860143
6bba_474be664,860143,860237
6bba_474be664,860237,860305
6bba_474be664,860305,860337
6bba_474be664,860337,860385
6bba_474be664,860385,860454
6bba_474be664,860454,860528
6bba_474be664,860528,860609
6bba_474be664,860609,860671
6bba_474be664,860671,860774
6bba_474be664,860774,860842
6bba_474be664,860842,860906
6bba_474be664,860906,861006
6bba_474be664,861006,861090
6bba_474be664,861090,861188
6bba_474be664,861188,861286
6bba_474be664,861286,861384
6bba_474be664,857750,857848
6bba_474be664,857848,857952
6bba_474be664,857952,858046
6bba_474be664,858046,858149
6bba_474be664,858149,858251
6bba_474be664,858251,858354
6bba_474be664,858354,858476
6bba_474be664,858476,858574
6bba_474be664,858574,858678
6bba_474be664,858678,858777
6bba_474be664,857769,857867
6bba_474be664,857867,857974
6bba_474be664,857974,858098
6bba_474be664,858098,858194
6bba_474be664,858194,858296
6bba_474be664,858296,858381
6bba_474be664,858381,858495
6bba_474be664,858495,858589
6bba_474be664,857821,857925
6bba_474be664,857925,858011
6bba_474be664,858011,858138
6bba_474be664,857834,857898
6bba_474be664,857839,857931
6bba_474be664,857931,858033
6bba_474be664,858033,858148
6bba_474be664,857840,857935
6bba_474be664,857935,858036
6bba_474be664,858036,858143
6bba_474be664,858143,858227
6bba_474be664,858227,858329
6bba_474be664,857803,857894
6bba_474be664,857894,857991
6bba_474be664,857991,858097
6bba_474be664,858097,858174
6bba_474be664,858174,858276
6bba_474be664,858276,858391
6bba_474be664,858391,858511
6bba_474be664,858511,858622
6bba_474be664,858622,858728
6bba_474be664,858950,859061
6bba_474be664,859061,859167
6bba_474be664,857815,857910
6bba_474be664,857910,858003
6bba_474be664,858003,858202
6bba_474be664,858202,858304
6bba_474be664,858304,858403
6bba_474be664,858403,858517
6bba_474be664,858517,858614
6bba_474be664,858614,858699
6bba_474be664,858699,858803
6bba_474be664,858803,858907
6bba_474be664,858907,859012
6bba_474be664,859012,859127
6bba_474be664,859127,859236
6bba_474be664,859236,859311
6bba_474be664,859311,859425
6bba_474be664,857812,857922
6bba_474be664,857922,858014
6bba_474be664,858014,858108
6bba_474be664,858108,858206
6bba_474be664,858206,858308
6bba_474be664,858308,858415
6bba_474be664,858671,858867
6bba_474be664,857824,857912
6bba_474be664,857888,857976
6bba_474be664,857976,858094
6bba_474be664,858094,858162
6bba_474be664,858162,858264
6bba_474be664,858264,858376
6bba_474be664,858376,858499
6bba_474be664,858499,858597
6bba_474be664,858597,858716
6bba_474be664,858716,858802
6bba_474be664,858802,858895
6bba_474be664,858895,858994
6bba_474be664,858994,859090
6bba_474be664,859306,859415
6bba_474be664,859415,859529
6bba_474be664,857872,858096
6bba_474be664,858096,858215
6bba_474be664,858215,858317
6bba_474be664,858565,858648
6bba_474be664,857896,858023
6bba_474be664,858023,858113
6bba_474be664,858113,858181
6bba_474be664,858181,858283
6bba_474be664,858528,858621
6bba_474be664,858621,858745
6bba_474be664,858745,858843
6bba_474be664,858843,858940
6bba_474be664,858940,859038
6bba_474be664,859038,859150
6bba_474be664,859150,859251
6bba_474be664,857869,857975
6bba_474be664,857850,857960
6bba_474be664,857960,858051
6bba_474be664,858255,858364
6bba_474be664,858364,858478
6bba_474be664,858478,858579
6bba_474be664,858579,858683
6bba_474be664,858683,858781
6bba_474be664,858781,858910
6bba_474be664,858910,859001
6bba_474be664,859001,859100
6bba_474be664,859100,859219
6bba_474be664,859219,859297
6bba_474be664,857914,858009
6bba_474be664,858009,858101
6bba_474be664,857938,858040
6bba_474be664,858040,858119
6bba_474be664,857950,858132
6bba_474be664,858132,858239
6bba_474be664,858239,858341
6bba_474be664,858341,858430
6bba_474be664,858430,858546
6bba_474be664,858546,858652
6bba_474be664,858652,858752
6bba_474be664,858752,858864
6bba_474be664,859070,859174
6bba_474be664,859174,859256
6bba_474be664,859256,859321
6bba_474be664,859321,859453
6bba_474be664,859453,859531
6bba_474be664,857945,858131
6bba_474be664,858131,858240
6bba_474be664,858240,858342
6bba_474be664,857993,858105
6bba_474be664,858105,858187
6bba_474be664,858187,858289
6bba_474be664,858289,858374
6bba_474be664,858374,858502
6bba_474be664,858502,858610
6bba_474be664,858610,858751
6bba_474be664,857955,858047
6bba_474be664,858047,858150
6bba_474be664,858150,858252
6bba_474be664,858252,858360
6bba_474be664,858360,858475
6bba_474be664,858475,858575
6bba_474be664,858575,858682
6bba_474be664,858682,858780
6bba_474be664,858780,858896
6bba_474be664,858896,858992
6bba_474be664,858992,859091
6bba_474be664,859091,859211
6bba_474be664,859211,859278
6bba_474be664,859278,859413
6bba_474be664,859413,859478
6bba_474be664,859478,859576
6bba_474be664,859576,859658
6bba_474be664,857962,858087
6bba_474be664,858087,858167
6bba_474be664,858167,858269
6bba_474be664,858269,858401
6bba_474be664,858401,858492
6bba_474be664,858034,858122
6bba_474be664,858122,858188
6bba_474be664,858188,858290
6bba_474be664,858005,858107
6bba_474be664,858107,858171
6bba_474be664,858171,858273
6bba_474be664,858273,858389
6bba_474be664,858389,858527
6bba_474be664,858527,858617
6bba_474be664,858617,858731
6bba_474be664,858731,858860
6bba_474be664,858007,858073
6bba_474be664,858073,858186
6bba_474be664,858186,858288
6bba_474be664,858288,858390
6bba_474be664,858390,858513
6bba_474be664,858513,858606
6bba_474be664,858606,858690
6bba_474be664,858690,858794
6bba_474be664,858794,858914
6bba_474be664,858914,859006
6bba_474be664,859006,859115
6bba_474be664,858022,858103
6bba_474be664,858103,858209
6bba_474be664,858209,858311
6bba_474be664,858311,858428
6bba_474be664,858428,858533
6bba_474be664,858015,858145
6bba_474be664,858145,858161
6bba_474be664,858161,858263
6bba_474be664,858092,858210
6bba_474be664,858210,858312
6bba_474be664,858312,858413
6bba_474be664,858413,858538
6bba_474be664,858538,858637
6bba_474be664,858637,858741
6bba_474be664,858741,858835
6bba_474be664,858835,858929
6bba_474be664,858929,859024
6bba_474be664,859024,859164
6bba_474be664,858057,858165
6bba_474be664,858165,858267
6bba_474be664,858267,858378
6bba_474be664,858378,858504
6bba_474be664,858504,858581
6bba_474be664,858581,858680
6bba_474be664,858680,858776
6bba_474be664,858776,858880
6bba_474be664,858880,858981
6bba_474be664,858981,859081
6bba_474be664,859081,859203
6bba_474be664,859203,859282
6bba_474be664,859282,859385
6bba_474be664,859385,859574
6bba_474be664,859574,859656
6bba_474be664,859656,859777
6bba_474be664,859777,859832
6bba_474be664,859832,859931
6bba_474be664,859931,860057
6bba_474be664,860057,860154
6bba_474be664,860154,860216
6bba_474be664,860216,860287
6bba_474be664,860287,860335
6bba_474be664,858126,858243
6bba_474be664,858243,858345
6bba_474be664,858345,858447
6bba_474be664,858133,858232
6bba_474be664,858232,858334
6bba_474be664,858134,858233
6bba_474be664,858233,858335
6bba_474be664,858141,858246
6bba_474be664,858246,858348
6bba_474be664,858139,858235
6bba_474be664,858235,858337
6bba_474be664,858112,858173
6bba_474be664,858173,858275
6bba_474be664,858275,858361
6bba_474be664,858361,858480
6bba_474be664,858480,858578
6bba_474be664,858578,858684
6bba_474be664,858684,858785
6bba_474be664,858983,859093
6bba_474be664,859093,859209
6bba_474be664,859209,859277
6bba_474be664,859277,859387
6bba_474be664,859387,859480
6bba_474be664,859480,859587
6bba_474be664,859587,859667
6bba_474be664,859667,859724
6bba_474be664,859724,859824
6bba_474be664,859824,859930
6bba_474be664,859930,860038
6bba_474be664,860038,860137
6bba_474be664,858110,858203
6bba_474be664,858203,858305
6bba_474be664,858218,858320
6bba_474be664,858320,858434
6bba_474be664,858434,858562
6bba_474be664,858562,858670
6bba_474be664,858180,858282
6bba_474be664,858282,858375
6bba_474be664,858375,858486
6bba_474be664,858175,858277
6bba_474be664,858152,858254
6bba_474be664,858254,858357
6bba_474be664,858357,858474
6bba_474be664,858474,858573
6bba_474be664,858573,858679
6bba_474be664,858679,858778
6bba_474be664,858778,858889
6bba_474be664,858889,858991
6bba_474be664,858991,859147
6bba_474be664,858169,858271
6bba_474be664,858271,858382
6bba_474be664,858585,858698
6bba_474be664,858698,858805
6bba_474be664,858228,858330
6bba_474be664,858231,858333
6bba_474be664,858333,858429
6bba_474be664,858429,858524
6bba_474be664,858524,858627
6bba_474be664,858627,858725
6bba_474be664,858725,858857
6bba_474be664,858857,858905
6bba_474be664,858905,858988
6bba_474be664,858988,859089
6bba_474be664,859089,859212
6bba_474be664,859212,859290
6bba_474be664,859290,859401
6bba_474be664,859401,859482
6bba_474be664,859659,859799
6bba_474be664,859799,859892
6bba_474be664,860066,860156
6bba_474be664,860156,860220
6bba_474be664,860220,860288
6bba_474be664,860288,860325
6bba_474be664,860325,860372
6bba_474be664,860372,860441
6bba_474be664,860441,860504
6bba_474be664,860504,860577
6bba_474be664,860577,860664
6bba_474be664,860664,860764
6bba_474be664,860764,860823
6bba_474be664,860823,860894
6bba_474be664,860894,860985
6bba_474be664,860985,861072
6bba_474be664,861072,861170
6bba_474be664,861170,861268
6bba_474be664,861268,861366
6bba_474be664,858236,858338
6bba_474be664,858245,858347
6bba_474be664,858347,858457
6bba_474be664,858247,858349
6bba_474be664,858349,858439
6bba_474be664,858439,858539
6bba_474be664,858249,858351
6bba_474be664,858351,858443
6bba_474be664,858443,858561
6bba_474be664,858561,858665
6bba_474be664,858665,858767
6bba_474be664,858767,858856
6bba_474be664,858250,858352
6bba_474be664,858201,858303
6bba_474be664,858211,858313
6bba_474be664,858313,858398
6bba_474be664,858398,858523
6bba_474be664,858523,858607
6bba_474be664,858224,858326
6bba_474be664,858326,858464
6bba_474be664,858223,858325
6bba_474be664,858325,858432
6bba_474be664,858432,858556
6bba_474be664,858556,858656
6bba_474be664,858656,858750
6bba_474be664,858750,858853
6bba_474be664,859036,859152
6bba_474be664,859152,859252
6bba_474be664,859252,859325
6bba_474be664,859325,859430
6bba_474be664,859430,859515
6bba_474be664,859515,859618
6bba_474be664,859618,859711
6bba_474be664,859711,859785
6bba_474be664,859785,859895
6bba_474be664,859895,860006
6bba_474be664,860006,860107
6bba_474be664,860107,860193
6bba_474be664,858280,858370
6bba_474be664,858370,858489
6bba_474be664,858259,858485
6bba_474be664,858485,858580
6bba_474be664,858339,858419
6bba_474be664,858635,858722
6bba_474be664,858298,858399
6bba_474be664,858399,858519
6bba_474be664,858706,858806
6bba_474be664,858806,858912
6bba_474be664,858912,859007
6bba_474be664,859007,859145
6bba_474be664,859145,859245
6bba_474be664,859432,859512
6bba_474be664,859657,859745
6bba_474be664,859745,859851
6bba_474be664,859851,859952
6bba_474be664,860153,860244
6bba_474be664,860244,860297
6bba_474be664,860297,860331
6bba_474be664,860331,860377
6bba_474be664,860377,860446
6bba_474be664,860446,860515
6bba_474be664,860515,860578
6bba_474be664,860578,860682
6bba_474be664,860682,860767
6bba_474be664,860767,860827
6bba_474be664,860827,860902
6bba_474be664,860902,860996
6bba_474be664,860996,861087
6bba_474be664,861087,861185
6bba_474be664,861185,861283
6bba_474be664,861283,861381
6bba_474be664,858456,858557
6bba_474be664,858557,858645
6bba_474be664,858453,858548
6bba_474be664,858548,858644
6bba_474be664,858644,858743
6bba_474be664,858743,858858
6bba_474be664,859069,859168
6bba_474be664,858450,858668
6bba_474be664,858668,858738
6bba_474be664,858738,858818
6bba_474be664,858818,858939
6bba_474be664,858939,859048
6bba_474be664,859048,859188
6bba_474be664,859353,859562
6bba_474be664,858449,858567
6bba_474be664,858444,858558
6bba_474be664,858372,858483
6bba_474be664,858410,858526
6bba_474be664,858526,858633
6bba_474be664,858633,858727
6bba_474be664,858727,858816
6bba_474be664,858816,858936
6bba_474be664,858936,859026
6bba_474be664,859026,859140
6bba_474be664,859140,859228
6bba_474be664,859228,859302
6bba_474be664,859302,859424
6bba_474be664,859424,859506
6bba_474be664,859506,859608
6bba_474be664,859608,859679
6bba_474be664,859679,859792
6bba_474be664,859792,859853
6bba_474be664,859853,859950
6bba_474be664,859950,860053
6bba_474be664,860053,860163
6bba_474be664,860163,860242
6bba_474be664,860242,860306
6bba_474be664,860306,860351
6bba_474be664,860351,860397
6bba_474be664,860397,860466
6bba_474be664,860466,860535
6bba_474be664,860535,860599
6bba_474be664,860599,860701
6bba_474be664,860701,860798
6bba_474be664,860798,860868
6bba_474be664,860868,860971
6bba_474be664,860971,861057
6bba_474be664,861057,861141
6bba_474be664,861141,861239
6bba_474be664,861239,861337
6bba_474be664,861337,861435
6bba_474be664,861435,861554
6bba_474be664,861554,861673
6bba_474be664,861673,861775
6bba_474be664,858358,858473
6bba_474be664,858473,858572
6bba_474be664,858572,858675
6bba_474be664,858675,858774
6bba_474be664,858774,858882
6bba_474be664,858882,858974
6bba_474be664,858974,859072
6bba_474be664,859072,859194
6bba_474be664,859194,859269
6bba_474be664,859269,859377
6bba_474be664,859377,859468
6bba_474be664,859468,859566
6bba_474be664,859566,859644
6bba_474be664,859644,859719
6bba_474be664,859719,859819
6bba_474be664,859819,859924
6bba_474be664,859924,860021
6bba_474be664,860021,860126
6bba_474be664,860126,860203
6bba_474be664,860203,860272
6bba_474be664,860272,860307
6bba_474be664,860307,860353
6bba_474be664,860353,860422
6bba_474be664,860422,860491
6bba_474be664,860491,860564
6bba_474be664,860564,860656
6bba_474be664,860656,860744
6bba_474be664,860744,860807
6bba_474be664,860807,860886
6bba_474be664,860886,860979
6bba_474be664,860979,861068
6bba_474be664,861068,861166
6bba_474be664,861166,861264
6bba_474be664,861264,861362
6bba_474be664,861362,861461
6bba_474be664,861461,861592
6bba_474be664,861592,861695
6bba_474be664,861695,861803
6bba_474be664,861803,861894
6bba_474be664,861894,861974
6bba_474be664,861974,862110
6bba_474be664,862110,862205
6bba_474be664,862205,862347
6bba_474be664,862347,862463
6bba_474be664,862463,862579
6bba_474be664,858353,858472
6bba_474be664,858472,858571
6bba_474be664,858405,858525
6bba_474be664,858525,858620
6bba_474be664,858402,858518
6bba_474be664,858518,858608
6bba_474be664,858608,858718
6bba_474be664,858718,858813
6bba_474be664,858400,858500
6bba_474be664,858500,858591
6bba_474be664,858591,858693
6bba_474be664,858693,858798
6bba_474be664,858798,858885
6bba_474be664,858384,858506
6bba_474be664,858506,858601
6bba_474be664,858601,858719
6bba_474be664,858719,858812
6bba_474be664,858812,858904
6bba_474be664,858904,858993
6bba_474be664,858993,859097
6bba_474be664,859097,859198
6bba_474be664,859198,859272
6bba_474be664,859272,859380
6bba_474be664,859380,859469
6bba_474be664,859469,859567
6bba_474be664,859567,859647
6bba_474be664,859647,859720
6bba_474be664,859720,859818
6bba_474be664,859818,859923
6bba_474be664,859923,860023
6bba_474be664,860023,860129
6bba_474be664,860129,860205
6bba_474be664,860205,860284
6bba_474be664,860380,860449
6bba_474be664,858458,858669
6bba_474be664,858669,858768
6bba_474be664,858768,858844
6bba_474be664,858844,858957
6bba_474be664,858957,859065
6bba_474be664,859065,859163
6bba_474be664,859363,859557
6bba_474be664,858431,858522
6bba_474be664,858522,858613
6bba_474be664,858613,858711
6bba_474be664,858711,858810
6bba_474be664,858810,858913
6bba_474be664,858913,859002
6bba_474be664,859002,859143
6bba_474be664,859370,859546
6bba_474be664,858433,858555
6bba_474be664,858555,858660
6bba_474be664,858660,858760
6bba_474be664,858760,858874
6bba_474be664,858437,858559
6bba_474be664,858414,858531
6bba_474be664,858531,858630
6bba_474be664,858630,858732
6bba_474be664,858732,858826
6bba_474be664,858826,858933
6bba_474be664,858933,859039
6bba_474be664,859039,859178
6bba_474be664,858470,858663
6bba_474be664,858663,858758
6bba_474be664,858758,858862
6bba_474be664,858862,858969
6bba_474be664,858969,859056
6bba_474be664,859056,859184
6bba_474be664,858468,858554
6bba_474be664,858554,858653
6bba_474be664,858466,858563
6bba_474be664,858505,858603
6bba_474be664,858603,858703
6bba_474be664,858703,858819
6bba_474be664,858479,858586
6bba_474be664,858586,858700
6bba_474be664,858700,858822
6bba_474be664,858822,858968
6bba_474be664,858968,859058
6bba_474be664,859058,859171
6bba_474be664,858564,858638
6bba_474be664,858638,858730
6bba_474be664,858730,858804
6bba_474be664,858544,858646
6bba_474be664,858646,858734
6bba_474be664,858734,858830
6bba_474be664,858830,858919
6bba_474be664,858919,859035
6bba_474be664,859035,859103
6bba_474be664,859103,859229
6bba_474be664,859229,859293
6bba_474be664,859293,859416
6bba_474be664,859416,859501
6bba_474be664,859501,859628
6bba_474be664,859628,859702
6bba_474be664,859702,859737
6bba_474be664,859737,859854
6bba_474be664,859854,859961
6bba_474be664,859961,860042
6bba_474be664,860042,860150
6bba_474be664,860150,860227
6bba_474be664,860227,860302
6bba_474be664,860302,860343
6bba_474be664,860343,860390
6bba_474be664,860390,860459
6bba_474be664,858604,858737
6bba_474be664,858737,858840
6bba_474be664,858840,858922
6bba_474be664,858584,858694
6bba_474be664,858694,858788
6bba_474be664,858788,858891
6bba_474be664,858891,858978
6bba_474be664,858649,858762
6bba_474be664,858659,858748
6bba_474be664,858748,858839
6bba_474be664,859034,859136
6bba_474be664,859136,859258
6bba_474be664,859258,859350
6bba_474be664,858672,858769
6bba_474be664,858769,858865
6bba_474be664,858865,858965
6bba_474be664,859177,859365
6bba_474be664,858674,858766
6bba_474be664,858766,858841
6bba_474be664,858841,858932
6bba_474be664,858932,859022
6bba_474be664,859022,859120
6bba_474be664,859120,859202
6bba_474be664,859202,859283
6bba_474be664,859283,859399
6bba_474be664,859399,859491
6bba_474be664,859491,859575
6bba_474be664,859575,859660
6bba_474be664,859660,859744
6bba_474be664,859744,859861
6bba_474be664,859861,859999
6bba_474be664,859999,860072
6bba_474be664,860072,860162
6bba_474be664,858647,858755
6bba_474be664,858755,858831
6bba_474be664,858641,858726
6bba_474be664,858726,858820
6bba_474be664,859050,859135
6bba_474be664,859135,859265
6bba_474be664,858636,858736
6bba_474be664,858736,858836
6bba_474be664,858836,858948
6bba_474be664,858757,858875
6bba_474be664,858676,858775
6bba_474be664,858681,858779
6bba_474be664,858779,858893
6bba_474be664,858754,858848
6bba_474be664,858848,858930
6bba_474be664,858930,859067
6bba_474be664,858739,858824
6bba_474be664,858824,858931
6bba_474be664,858809,858890
6bba_474be664,858890,858985
6bba_474be664,858985,859077
6bba_474be664,859077,859200
6bba_474be664,859200,859281
6bba_474be664,859281,859386
6bba_474be664,859386,859495
6bba_474be664,858846,858924
6bba_474be664,858924,859014
6bba_474be664,859014,859116
6bba_474be664,859116,859255
6bba_474be664,859255,859328
6bba_474be664,859328,859449
6bba_474be664,859449,859511
6bba_474be664,859511,859634
6bba_474be664,858821,858925
6bba_474be664,858925,859018
6bba_474be664,859018,859148
6bba_474be664,859148,859246
6bba_474be664,859246,859309
6bba_474be664,859309,859428
6bba_474be664,859428,859514
6bba_474be664,859514,859598
6bba_474be664,859598,859671
6bba_474be664,859671,859764
6bba_474be664,859764,859835
6bba_474be664,859835,859964
6bba_474be664,858783,858897
6bba_474be664,858897,859086
6bba_474be664,859086,859221
6bba_474be664,859221,859288
6bba_474be664,859288,859426
6bba_474be664,859426,859521
6bba_474be664,859521,859612
6bba_474be664,859612,859677
6bba_474be664,858786,858908
6bba_474be664,858861,858970
6bba_474be664,858970,859054
6bba_474be664,859054,859154
6bba_474be664,858852,858941
6bba_474be664,858868,859063
6bba_474be664,858871,858960
6bba_474be664,858960,859064
6bba_474be664,858845,858959
6bba_474be664,858959,859049
6bba_474be664,859049,859153
6bba_474be664,858849,858901
6bba_474be664,858901,859009
6bba_474be664,859009,859101
6bba_474be664,858872,858961
6bba_474be664,858961,859015
6bba_474be664,859015,859110
6bba_474be664,858902,859010
6bba_474be664,859010,859113
6bba_474be664,859113,859208
6bba_474be664,859208,859279
6bba_474be664,859279,859384
6bba_474be664,859384,859475
6bba_474be664,859475,859570
6bba_474be664,859570,859651
6bba_474be664,859651,859733
6bba_474be664,859733,859834
6bba_474be664,859834,859946
6bba_474be664,859946,860035
6bba_474be664,860035,860161
6bba_474be664,860161,860235
6bba_474be664,860235,860294
6bba_474be664,860294,860333
6bba_474be664,860333,860366
6bba_474be664,860366,860435
6bba_474be664,860435,860536
6bba_474be664,858923,859023
6bba_474be664,859023,859118
6bba_474be664,859118,859241
6bba_474be664,859241,859317
6bba_474be664,859317,859447
6bba_474be664,859447,859510
6bba_474be664,859510,859641
6bba_474be664,859641,859686
6bba_474be664,859686,859749
6bba_474be664,859749,859862
6bba_474be664,859862,859977
6bba_474be664,859977,860075
6bba_474be664,860075,860181
6bba_474be664,860181,860256
6bba_474be664,858883,858989
6bba_474be664,858989,859132
6bba_474be664,858894,859042
6bba_474be664,859042,859107
6bba_474be664,859345,859559
6bba_474be664,859559,859627
6bba_474be664,859627,859688
6bba_474be664,859688,859754
6bba_474be664,859754,859867
6bba_474be664,858887,858995
6bba_474be664,858995,859087
6bba_474be664,858955,859033
6bba_474be664,859033,859122
6bba_474be664,859122,859235
6bba_474be664,859235,859324
6bba_474be664,859548,859630
6bba_474be664,858963,859052
6bba_474be664,859052,859157
6bba_474be664,859157,859243
6bba_474be664,859243,859276
6bba_474be664,859477,859581
6bba_474be664,859581,859678
6bba_474be664,858971,859060
6bba_474be664,858973,859117
6bba_474be664,859117,859232
6bba_474be664,859232,859319
6bba_474be664,859319,859437
6bba_474be664,859437,859540
6bba_474be664,859540,859637
6bba_474be664,858949,859053
6bba_474be664,858942,859028
6bba_474be664,859028,859102
6bba_474be664,859102,859223
6bba_474be664,859223,859296
6bba_474be664,859296,859431
6bba_474be664,859431,859528
6bba_474be664,859528,859639
6bba_474be664,859639,859714
6bba_474be664,859714,859788
6bba_474be664,859788,859901
6bba_474be664,859901,860003
6bba_474be664,860003,860097
6bba_474be664,858938,859088
6bba_474be664,859016,859125
6bba_474be664,858976,859076
6bba_474be664,859076,859197
6bba_474be664,859197,859273
6bba_474be664,859273,859382
6bba_474be664,859382,859471
6bba_474be664,859471,859571
6bba_474be664,859571,859649
6bba_474be664,858980,859082
6bba_474be664,859082,859222
6bba_474be664,859454,859504
6bba_474be664,859504,859584
6bba_474be664,859051,859151
6bba_474be664,859151,859224
6bba_474be664,859224,859314
6bba_474be664,859314,859442
6bba_474be664,859442,859508
6bba_474be664,859508,859635
6bba_474be664,859635,859689
6bba_474be664,859689,859748
6bba_474be664,859748,859848
6bba_474be664,859848,859973
6bba_474be664,859973,860058
6bba_474be664,860058,860157
6bba_474be664,860157,860254
6bba_474be664,859057,859169
6bba_474be664,859169,859250
6bba_474be664,859250,859359
6bba_474be664,859359,859444
6bba_474be664,859444,859554
6bba_474be664,859554,859631
6bba_474be664,859631,859697
6bba_474be664,859697,859734
6bba_474be664,859734,859837
6bba_474be664,859837,859942
6bba_474be664,859942,860041
6bba_474be664,860041,860147
6bba_474be664,860147,860236
6bba_474be664,860236,860304
6bba_474be664,860304,860336
6bba_474be664,860336,860393
6bba_474be664,860393,860462
6bba_474be664,859030,859239
6bba_474be664,859239,859323
6bba_474be664,859507,859610
6bba_474be664,859610,859703
6bba_474be664,859883,860002
6bba_474be664,860168,860251
6bba_474be664,859037,859267
6bba_474be664,859267,859339
6bba_474be664,859339,859465
6bba_474be664,859047,859137
6bba_474be664,859137,859247
6bba_474be664,859071,859176
6bba_474be664,859375,859460
6bba_474be664,859460,859536
6bba_474be664,859536,859626
6bba_474be664,859626,859701
6bba_474be664,859701,859765
6bba_474be664,859765,859860
6bba_474be664,859860,859988
6bba_474be664,859988,860071
6bba_474be664,860071,860189
6bba_474be664,859046,859172
6bba_474be664,859358,859457
6bba_474be664,859099,859201
6bba_474be664,859201,859274
6bba_474be664,859274,859379
6bba_474be664,859379,859473
6bba_474be664,859473,859573
6bba_474be664,859573,859648
6bba_474be664,859648,859723
6bba_474be664,859723,859821
6bba_474be664,859821,859927
6bba_474be664,859927,860031
6bba_474be664,860031,860138
6bba_474be664,860138,860209
6bba_474be664,860209,860282
6bba_474be664,860282,860323
6bba_474be664,860323,860375
6bba_474be664,860375,860444
6bba_474be664,859094,859204
6bba_474be664,859079,859199
6bba_474be664,859199,859271
6bba_474be664,859271,859381
6bba_474be664,859381,859481
6bba_474be664,859481,859572
6bba_474be664,859572,859652
6bba_474be664,859130,859262
6bba_474be664,859262,859337
6bba_474be664,859337,859435
6bba_474be664,859435,859532
6bba_474be664,859532,859622
6bba_474be664,859622,859698
6bba_474be664,859698,859763
6bba_474be664,859763,859873
6bba_474be664,859873,859962
6bba_474be664,859962,860080
6bba_474be664,860080,860186
6bba_474be664,860186,860253
6bba_474be664,859128,859227
6bba_474be664,859227,859315
6bba_474be664,859315,859452
6bba_474be664,859452,859553
6bba_474be664,859123,859233
6bba_474be664,859233,859316
6bba_474be664,859316,859434
6bba_474be664,859434,859523
6bba_474be664,859523,859614
6bba_474be664,859614,859707
6bba_474be664,859707,859796
6bba_474be664,859796,859911
6bba_474be664,859911,860005
6bba_474be664,860005,860114
6bba_474be664,859106,859234
6bba_474be664,859234,859299
6bba_474be664,859299,859398
6bba_474be664,859398,859486
6bba_474be664,859486,859582
6bba_474be664,859582,859672
6bba_474be664,859672,859775
6bba_474be664,859775,859869
6bba_474be664,859869,859953
6bba_474be664,859953,860059
6bba_474be664,860059,860170
6bba_474be664,860170,860238
6bba_474be664,860238,860300
6bba_474be664,860300,860324
6bba_474be664,860324,860369
6bba_474be664,860369,860438
6bba_474be664,860438,860502
6bba_474be664,860502,860571
6bba_474be664,860571,860661
6bba_474be664,860661,860758
6bba_474be664,859146,859344
6bba_474be664,859344,859462
6bba_474be664,859144,859257
6bba_474be664,859257,859336
6bba_474be664,859336,859448
6bba_474be664,859134,859237
6bba_474be664,859237,859313
6bba_474be664,859313,859429
6bba_474be664,859429,859545
6bba_474be664,859699,859794
6bba_474be664,859794,859885
6bba_474be664,859885,860000
6bba_474be664,860000,860111
6bba_474be664,860111,860196
6bba_474be664,859187,859366
6bba_474be664,859366,859458
6bba_474be664,859458,859538
6bba_474be664,859186,859334
6bba_474be664,859334,859455
6bba_474be664,859455,859534
6bba_474be664,859183,859331
6bba_474be664,859331,859551
6bba_474be664,859218,859308
6bba_474be664,859308,859392
6bba_474be664,859392,859494
6bba_474be664,859494,859601
6bba_474be664,859601,859654
6bba_474be664,859654,859751
6bba_474be664,859751,859866
6bba_474be664,859240,859310
6bba_474be664,859310,859440
6bba_474be664,859440,859550
6bba_474be664,859195,859275
6bba_474be664,859275,859394
6bba_474be664,859394,859503
6bba_474be664,859503,859609
6bba_474be664,859266,859362
6bba_474be664,859248,859332
6bba_474be664,859539,859624
6bba_474be664,859303,859408
6bba_474be664,859408,859496
6bba_474be664,859300,859397
6bba_474be664,859397,859489
6bba_474be664,859489,859615
6bba_474be664,859615,859691
6bba_474be664,859691,859729
6bba_474be664,859729,859825
6bba_474be664,859825,859925
6bba_474be664,859925,860028
6bba_474be664,860028,860144
6bba_474be664,859312,859400
6bba_474be664,859400,859502
6bba_474be664,859502,859613
6bba_474be664,859613,859713
6bba_474be664,859318,859427
6bba_474be664,859320,859417
6bba_474be664,859417,859520
6bba_474be664,859520,859602
6bba_474be664,859602,859692
6bba_474be664,859692,859767
6bba_474be664,859767,859888
6bba_474be664,859888,859998
6bba_474be664,859998,860115
6bba_474be664,859322,859421
6bba_474be664,859421,859497
6bba_474be664,859497,859590
6bba_474be664,859590,859653
6bba_474be664,859285,859487
6bba_474be664,859487,859591
6bba_474be664,859591,859680
6bba_474be664,859680,859863
6bba_474be664,859863,859955
6bba_474be664,859955,860052
6bba_474be664,860052,860171
6bba_474be664,860171,860245
6bba_474be664,859292,859406
6bba_474be664,859406,859490
6bba_474be664,859490,859599
6bba_474be664,859599,859690
6bba_474be664,859690,859740
6bba_474be664,859740,859844
6bba_474be664,859844,859945
6bba_474be664,859945,860131
6bba_474be664,859355,859456
6bba_474be664,859456,859513
6bba_474be664,859513,859606
6bba_474be664,859606,859757
6bba_474be664,859338,859563
6bba_474be664,859563,859625
6bba_474be664,859625,859712
6bba_474be664,859712,859759
6bba_474be664,859759,859907
6bba_474be664,859907,859965
6bba_474be664,859340,859438
6bba_474be664,859438,859524
6bba_474be664,859524,859636
6bba_474be664,859636,859706
6bba_474be664,859706,859813
6bba_474be664,859813,859913
6bba_474be664,859342,859443
6bba_474be664,859443,859500
6bba_474be664,859500,859611
6bba_474be664,859611,859682
6bba_474be664,859682,859787
6bba_474be664,859787,859881
6bba_474be664,859881,859983
6bba_474be664,859983,860089
6bba_474be664,859329,859433
6bba_474be664,859368,859549
6bba_474be664,859549,859638
6bba_474be664,859638,859710
6bba_474be664,859710,859762
6bba_474be664,859409,859492
6bba_474be664,859492,859589
6bba_474be664,859589,859665
6bba_474be664,859665,859739
6bba_474be664,859739,859836
6bba_474be664,859836,859936
6bba_474be664,859936,860044
6bba_474be664,860044,860149
6bba_474be664,860149,860243
6bba_474be664,860243,860293
6bba_474be664,860293,860340
6bba_474be664,860340,860381
6bba_474be664,860381,860450
6bba_474be664,860450,860544
6bba_474be664,860544,860635
6bba_474be664,859405,859479
6bba_474be664,859479,859577
6bba_474be664,859577,859655
6bba_474be664,859410,859498
6bba_474be664,859498,859621
6bba_474be664,859621,859695
6bba_474be664,859695,859798
6bba_474be664,859798,859878
6bba_474be664,859393,859485
6bba_474be664,859683,859789
6bba_474be664,859789,859905
6bba_474be664,859905,860004
6bba_474be664,860004,860125
6bba_474be664,859459,859542
6bba_474be664,859542,859633
6bba_474be664,859633,859786
6bba_474be664,859786,859890
6bba_474be664,859890,859991
6bba_474be664,859461,859541
6bba_474be664,859541,859596
6bba_474be664,859596,859684
6bba_474be664,859829,859937
6bba_474be664,859937,860037
6bba_474be664,860037,860146
6bba_474be664,860146,860214
6bba_474be664,860214,860280
6bba_474be664,860280,860311
6bba_474be664,860311,860354
6bba_474be664,860354,860423
6bba_474be664,860423,860495
6bba_474be664,860495,860569
6bba_474be664,860569,860665
6bba_474be664,860665,860768
6bba_474be664,860768,860822
6bba_474be664,860822,860909
6bba_474be664,860909,860997
6bba_474be664,860997,861097
6bba_474be664,861097,861195
6bba_474be664,861195,861293
6bba_474be664,861293,861391
6bba_474be664,859436,859517
6bba_474be664,859530,859603
6bba_474be664,859543,859640
6bba_474be664,859547,859620
6bba_474be664,859620,859717
6bba_474be664,859519,859586
6bba_474be664,859564,859632
6bba_474be664,859632,859704
6bba_474be664,859704,859790
6bba_474be664,859790,859903
6bba_474be664,859903,860001
6bba_474be664,860001,860121
6bba_474be664,859623,859696
6bba_474be664,859696,859743
6bba_474be664,859743,859839
6bba_474be664,859839,859951
6bba_474be664,859951,860056
6bba_474be664,859597,859674
6bba_474be664,859674,859732
6bba_474be664,859732,859826
6bba_474be664,859826,859939
6bba_474be664,859939,860032
6bba_474be664,860032,860136
6bba_474be664,860136,860207
6bba_474be664,860207,860277
6bba_474be664,860277,860318
6bba_474be664,860318,860361
6bba_474be664,860361,860430
6bba_474be664,860430,860496
6bba_474be664,860496,860567
6bba_474be664,860567,860660
6bba_474be664,860660,860748
6bba_474be664,860748,860818
6bba_474be664,860818,860895
6bba_474be664,860895,861000
6bba_474be664,861000,861104
6bba_474be664,861104,861202
6bba_474be664,861202,861300
6bba_474be664,861300,861398
6bba_474be664,859583,859669
6bba_474be664,859669,859750
6bba_474be664,859605,859815
6bba_474be664,859815,859871
6bba_474be664,859871,859972
6bba_474be664,859693,859770
6bba_474be664,859770,859880
6bba_474be664,859880,859993
6bba_474be664,859993,860081
6bba_474be664,860081,860169
6bba_474be664,860169,860270
6bba_474be664,859670,859769
6bba_474be664,859663,859778
6bba_474be664,859989,860183
6bba_474be664,859709,859768
6bba_474be664,859685,859774
6bba_474be664,859774,859875
6bba_474be664,859875,859979
6bba_474be664,859979,860096
6bba_474be664,859716,859758
6bba_474be664,859758,859876
6bba_474be664,859808,859855
6bba_474be664,859855,859981
6bba_474be664,859802,859896
6bba_474be664,859896,860018
6bba_474be664,860018,860116
6bba_474be664,859793,859891
6bba_474be664,859891,859980
6bba_474be664,859980,860055
6bba_474be664,860055,860167
6bba_474be664,860167,860263
6bba_474be664,860263,860349
6bba_474be664,860349,860403
6bba_474be664,860403,860472
6bba_474be664,859804,859908
6bba_474be664,859908,860017
6bba_474be664,860017,860093
6bba_474be664,859741,859838
6bba_474be664,859838,859940
6bba_474be664,859940,860034
6bba_474be664,860034,860139
6bba_474be664,860139,860221
6bba_474be664,860332,860384
6bba_474be664,860384,860453
6bba_474be664,860453,860507
6bba_474be664,860507,860594
6bba_474be664,860594,860697
6bba_474be664,860697,860793
6bba_474be664,860927,861011
6bba_474be664,861011,861107
6bba_474be664,861107,861205
6bba_474be664,861205,861303
6bba_474be664,861303,861401
6bba_474be664,859766,859909
6bba_474be664,859909,860020
6bba_474be664,860020,860092
6bba_474be664,859727,859828
6bba_474be664,859828,859933
6bba_474be664,859933,860024
6bba_474be664,860024,860128
6bba_474be664,860128,860210
6bba_474be664,860210,860274
6bba_474be664,860274,860314
6bba_474be664,860314,860363
6bba_474be664,860363,860432
6bba_474be664,860432,860503
6bba_474be664,860503,860586
6bba_474be664,860586,860675
6bba_474be664,860675,860776
6bba_474be664,860776,860840
6bba_474be664,860840,860941
6bba_474be664,859761,859941
6bba_474be664,859941,860064
6bba_474be664,860064,860160
6bba_474be664,860160,860247
6bba_474be664,859756,859833
6bba_474be664,859833,859944
6bba_474be664,859944,860061
6bba_474be664,860061,860159
6bba_474be664,860159,860222
6bba_474be664,860222,860290
6bba_474be664,860290,860328
6bba_474be664,860328,860374
6bba_474be664,860374,860443
6bba_474be664,859747,859843
6bba_474be664,859843,859947
6bba_474be664,859947,860029
6bba_474be664,860029,860135
6bba_474be664,860135,860229
6bba_474be664,860229,860283
6bba_474be664,860283,860319
6bba_474be664,860319,860376
6bba_474be664,860376,860445
6bba_474be664,859752,859857
6bba_474be664,859857,859974
6bba_474be664,859974,860050
6bba_474be664,860050,860141
6bba_474be664,860141,860226
6bba_474be664,860345,860387
6bba_474be664,860387,860456
6bba_474be664,860456,860521
6bba_474be664,860521,860592
6bba_474be664,860592,860681
6bba_474be664,859753,859864
6bba_474be664,859864,859957
6bba_474be664,859957,860069
6bba_474be664,860069,860174
6bba_474be664,859810,859912
6bba_474be664,859912,860009
6bba_474be664,860009,860117
6bba_474be664,859782,859845
6bba_474be664,859845,859956
6bba_474be664,859956,860048
6bba_474be664,860048,860179
6bba_474be664,860179,860261
6bba_474be664,859791,859899
6bba_474be664,859899,860012
6bba_474be664,860012,860113
6bba_474be664,859779,859879
6bba_474be664,859879,859990
6bba_474be664,859990,860094
6bba_474be664,860094,860192
6bba_474be664,860192,860271
6bba_474be664,859771,859872
6bba_474be664,859872,859960
6bba_474be664,860166,860224
6bba_474be664,859805,859877
6bba_474be664,859877,859967
6bba_474be664,859967,860082
6bba_474be664,860082,860180
6bba_474be664,860180,860231
6bba_474be664,860231,860275
6bba_474be664,860275,860315
6bba_474be664,860315,860362
6bba_474be664,860362,860431
6bba_474be664,859816,859904
6bba_474be664,859904,860008
6bba_474be664,859814,859893
6bba_474be664,859893,859992
6bba_474be664,859992,860063
6bba_474be664,860063,860148
6bba_474be664,860148,860213
6bba_474be664,860213,860278
6bba_474be664,860278,860310
6bba_474be664,860310,860358
6bba_474be664,860358,860427
6bba_474be664,860427,860500
6bba_474be664,860500,860576
6bba_474be664,860576,860668
6bba_474be664,860668,860763
6bba_474be664,860763,860839
6bba_474be664,860839,860940
6bba_474be664,860940,861042
6bba_474be664,861042,861130
6bba_474be664,861130,861228
6bba_474be664,861228,861326
6bba_474be664,861326,861424
6bba_474be664,859811,859898
6bba_474be664,859898,859995
6bba_474be664,859995,860085
6bba_474be664,860085,860191
6bba_474be664,859773,859847
6bba_474be664,859847,859968
6bba_474be664,859968,860086
6bba_474be664,859914,860014
6bba_474be664,860014,860119
6bba_474be664,859902,859987
6bba_474be664,859987,860073
6bba_474be664,860073,860165
6bba_474be664,860165,860262
6bba_474be664,859841,859958
6bba_474be664,859958,860067
6bba_474be664,860067,860164
6bba_474be664,860164,860246
6bba_474be664,859868,859959
6bba_474be664,859959,860076
6bba_474be664,859823,859935
6bba_474be664,859935,860033
6bba_474be664,860033,860155
6bba_474be664,860155,860233
6bba_474be664,859849,859943
6bba_474be664,859943,860043
6bba_474be664,859917,860016
6bba_474be664,859886,859996
6bba_474be664,859996,860102
6bba_474be664,860102,860198
6bba_474be664,859889,859975
6bba_474be664,859882,859984
6bba_474be664,859920,860019
6bba_474be664,860019,860123
6bba_474be664,859918,860104
6bba_474be664,860104,860199
6bba_474be664,859870,859966
6bba_474be664,859966,860065
6bba_474be664,860065,860152
6bba_474be664,860152,860230
6bba_474be664,860347,860398
6bba_474be664,860398,860467
6bba_474be664,860467,860532
6bba_474be664,860532,860622
6bba_474be664,860622,860717
6bba_474be664,859948,860040
6bba_474be664,860040,860151
6bba_474be664,859929,860027
6bba_474be664,860027,860132
6bba_474be664,860132,860212
6bba_474be664,860212,860285
6bba_474be664,860285,860322
6bba_474be664,860322,860364
6bba_474be664,860364,860433
6bba_474be664,860433,860511
6bba_474be664,860511,860588
6bba_474be664,860588,860679
6bba_474be664,860679,860756
6bba_474be664,860756,860817
6bba_474be664,860817,860905
6bba_474be664,860905,860992
6bba_474be664,860992,861092
6bba_474be664,861092,861190
6bba_474be664,861190,861288
6bba_474be664,861288,861386
6bba_474be664,861386,861517
6bba_474be664,861517,861623
6bba_474be664,861623,861731
6bba_474be664,861731,861842
6bba_474be664,861842,861927
6bba_474be664,861927,862008
6bba_474be664,862008,862136
6bba_474be664,862136,862242
6bba_474be664,862242,862350
6bba_474be664,862350,862466
6bba_474be664,862466,862590
6bba_474be664,862590,862713
6bba_474be664,862713,862826
6bba_474be664,862826,862930
6bba_474be664,862930,863019
6bba_474be664,860007,860106
6bba_474be664,860106,860201
6bba_474be664,860013,860105
6bba_474be664,860105,860190
6bba_474be664,860190,860260
6bba_474be664,859997,860091
6bba_474be664,860015,860101
6bba_474be664,860101,860177
6bba_474be664,860177,860248
6bba_474be664,859994,860084
6bba_474be664,860084,860184
6bba_474be664,860184,860265
6bba_474be664,860350,860396
6bba_474be664,860396,860465
6bba_474be664,860103,860194
6bba_474be664,860062,860176
6bba_474be664,860060,860172
6bba_474be664,860172,860255
6bba_474be664,860255,860342
6bba_474be664,860088,860188
6bba_474be664,860074,860187
6bba_474be664,860187,860258
6bba_474be664,860098,860197
6bba_474be664,860197,860252
6bba_474be664,860083,860202
6bba_474be664,860206,860281
6bba_474be664,860281,860368
6bba_474be664,860368,860437
6bba_474be664,860437,860505
6bba_474be664,860505,860574
6bba_474be664,860574,860674
6bba_474be664,860674,860757
6bba_474be664,860211,860286
6bba_474be664,860286,860316
6bba_474be664,860316,860359
6bba_474be664,860359,860428
6bba_474be664,860428,860492
6bba_474be664,860492,860566
6bba_474be664,860566,860658
6bba_474be664,860658,860746
6bba_474be664,860746,860812
6bba_474be664,860812,860888
6bba_474be664,860888,860982
6bba_474be664,860982,861069
6bba_474be664,861069,861167
6bba_474be664,861167,861265
6bba_474be664,861265,861363
6bba_474be664,860292,860321
6bba_474be664,860321,860371
6bba_474be664,860371,860440
6bba_474be664,860440,860508
6bba_474be664,860508,860579
6bba_474be664,860296,860326
6bba_474be664,860326,860373
6bba_474be664,860373,860442
6bba_474be664,860442,860527
6bba_474be664,860691,860779
6bba_474be664,860897,860990
6bba_474be664,860990,861094
6bba_474be664,861094,861192
6bba_474be664,861192,861290
6bba_474be664,861290,861388
6bba_474be664,861648,861762
6bba_474be664,861762,861862
6bba_474be664,861862,861964
6bba_474be664,861964,862048
6bba_474be664,862048,862160
6bba_474be664,862160,862270
6bba_474be664,862270,862379
6bba_474be664,862379,862495
6bba_474be664,862495,862616
6bba_474be664,862616,862724
6bba_474be664,860298,860346
6bba_474be664,860346,860392
6bba_474be664,860392,860461
6bba_474be664,860461,860506
6bba_474be664,860506,860602
6bba_474be664,860602,860706
6bba_474be664,860706,860805
6bba_474be664,860805,860857
6bba_474be664,860857,860951
6bba_474be664,860951,861050
6bba_474be664,861050,861135
6bba_474be664,861135,861233
6bba_474be664,861233,861331
6bba_474be664,861331,861429
6bba_474be664,860276,860308
6bba_474be664,860308,860355
6bba_474be664,860355,860424
6bba_474be664,860424,860493
6bba_474be664,860493,860565
6bba_474be664,860565,860657
6bba_474be664,860657,860745
6bba_474be664,860745,860809
6bba_474be664,860809,860889
6bba_474be664,860889,860981
6bba_474be664,860981,861071
6bba_474be664,861071,861169
6bba_474be664,861169,861267
6bba_474be664,861267,861365
6bba_474be664,860352,860402
6bba_474be664,860402,860471
6bba_474be664,860471,860557
6bba_474be664,860557,860619
6bba_474be664,860619,860719
6bba_474be664,860719,860792
6bba_474be664,860329,860367
6bba_474be664,860367,860436
6bba_474be664,860595,860680
6bba_474be664,860832,860898
6bba_474be664,860898,860984
6bba_474be664,860984,861073
6bba_474be664,861073,861171
6bba_474be664,861171,861269
6bba_474be664,861269,861367
6bba_474be664,860348,860391
6bba_474be664,860391,860460
6bba_474be664,860460,860526
6bba_474be664,860526,860621
6bba_474be664,860621,860693
6bba_474be664,860334,860382
6bba_474be664,860382,860451
6bba_474be664,860344,860383
6bba_474be664,860383,860452
6bba_474be664,860338,860404
6bba_474be664,860404,860473
6bba_474be664,860620,860687
6bba_474be664,860687,860795
6bba_474be664,860795,860844
6bba_474be664,860844,860944
6bba_474be664,860944,861051
6bba_474be664,861051,861117
6bba_474be664,861117,861215
6bba_474be664,861215,861313
6bba_474be664,861313,861411
6bba_474be664,860339,860394
6bba_474be664,860394,860463
6bba_474be664,860608,860702
6bba_474be664,860702,860781
6bba_474be664,860781,860833
6bba_474be664,860833,860931
6bba_474be664,860931,861009
6bba_474be664,861009,861102
6bba_474be664,861102,861200
6bba_474be664,861200,861298
6bba_474be664,861298,861396
6bba_474be664,861396,861536
6bba_474be664,861536,861645
6bba_474be664,861863,861955
6bba_474be664,861955,862025
6bba_474be664,862025,862140
6bba_474be664,862140,862234
6bba_474be664,862234,862354
6bba_474be664,862354,862470
6bba_474be664,862470,862565
6bba_474be664,862565,862680
6bba_474be664,862680,862819
6bba_474be664,862819,862916
6bba_474be664,862916,863009
6bba_474be664,860413,860482
6bba_474be664,860482,860540
6bba_474be664,860540,860607
6bba_474be664,860607,860710
6bba_474be664,860710,860782
6bba_474be664,860782,860841
6bba_474be664,860841,860932
6bba_474be664,860932,861038
6bba_474be664,860412,860481
6bba_474be664,860411,860480
6bba_474be664,860410,860479
6bba_474be664,860479,860534
6bba_474be664,860534,860616
6bba_474be664,860616,860715
6bba_474be664,860715,860800
6bba_474be664,860800,860852
6bba_474be664,860852,860914
6bba_474be664,860914,861027
6bba_474be664,861027,861116
6bba_474be664,861116,861214
6bba_474be664,861214,861312
6bba_474be664,861312,861410
6bba_474be664,861410,861545
6bba_474be664,861769,861875
6bba_474be664,860409,860478
6bba_474be664,860408,860477
6bba_474be664,860407,860476
6bba_474be664,860406,860475
6bba_474be664,860386,860455
6bba_474be664,860627,860695
6bba_474be664,860695,860790
6bba_474be664,860937,861044
6bba_474be664,860360,860429
6bba_474be664,860429,860524
6bba_474be664,860524,860598
6bba_474be664,860379,860448
6bba_474be664,860448,860510
6bba_474be664,860510,860591
6bba_474be664,860591,860686
6bba_474be664,860686,860747
6bba_474be664,860747,860811
6bba_474be664,860811,860896
6bba_474be664,860896,860989
6bba_474be664,860989,861074
6bba_474be664,861074,861172
6bba_474be664,861172,861270
6bba_474be664,861270,861368
6bba_474be664,860378,860447
6bba_474be664,860416,860485
6bba_474be664,860485,860530
6bba_474be664,860530,860584
6bba_474be664,860415,860484
6bba_474be664,860401,860470
6bba_474be664,860470,860548
6bba_474be664,860548,860631
6bba_474be664,860631,860718
6bba_474be664,860885,860965
6bba_474be664,860965,861064
6bba_474be664,861064,861144
6bba_474be664,861144,861242
6bba_474be664,861242,861340
6bba_474be664,861340,861438
6bba_474be664,861438,861564
6bba_474be664,861564,861666
6bba_474be664,861666,861782
6bba_474be664,860400,860469
6bba_474be664,860469,860525
6bba_474be664,860525,860589
6bba_474be664,860589,860677
6bba_474be664,860677,860766
6bba_474be664,860766,860831
6bba_474be664,860831,860911
6bba_474be664,860911,861008
6bba_474be664,861008,861106
6bba_474be664,861106,861204
6bba_474be664,861204,861302
6bba_474be664,861302,861400
6bba_474be664,860399,860468
6bba_474be664,860395,860464
6bba_474be664,860389,860458
6bba_474be664,860458,860513
6bba_474be664,860513,860590
6bba_474be664,860590,860683
6bba_474be664,860683,860759
6bba_474be664,860759,860825
6bba_474be664,860825,860900
6bba_474be664,860900,860994
6bba_474be664,860994,861080
6bba_474be664,861080,861178
6bba_474be664,861178,861276
6bba_474be664,861276,861374
6bba_474be664,861374,861477
6bba_474be664,861477,861613
6bba_474be664,861613,861715
6bba_474be664,861715,861819
6bba_474be664,861819,861895
6bba_474be664,860414,860483
6bba_474be664,860420,860489
6bba_474be664,860419,860488
6bba_474be664,860488,860551
6bba_474be664,860551,860633
6bba_474be664,860633,860733
6bba_474be664,860864,860952
6bba_474be664,860952,861040
6bba_474be664,861040,861125
6bba_474be664,861125,861223
6bba_474be664,861223,861321
6bba_474be664,861321,861419
6bba_474be664,860418,860487
6bba_474be664,860417,860486
6bba_474be664,860486,860604
6bba_474be664,860604,860694
6bba_474be664,860694,860777
6bba_474be664,860777,860828
6bba_474be664,860828,860923
6bba_474be664,860923,861035
6bba_474be664,861035,861143
6bba_474be664,861143,861241
6bba_474be664,861241,861339
6bba_474be664,861339,861437
6bba_474be664,860405,860474
6bba_474be664,860474,860519
6bba_474be664,860519,860583
6bba_474be664,860583,860692
6bba_474be664,860692,860788
6bba_474be664,860788,860845
6bba_474be664,860845,860915
6bba_474be664,860915,860998
6bba_474be664,860998,861089
6bba_474be664,861089,861187
6bba_474be664,861187,861285
6bba_474be664,861285,861383
6bba_474be664,861649,861748
6bba_474be664,861748,861861
6bba_474be664,861861,861945
6bba_474be664,861945,862037
6bba_474be664,862037,862139
6bba_474be664,862139,862255
6bba_474be664,862255,862387
6bba_474be664,862387,862503
6bba_474be664,860421,860490
6bba_474be664,860558,860653
6bba_474be664,860653,860730
6bba_474be664,860871,860963
6bba_474be664,860963,861067
6bba_474be664,861067,861132
6bba_474be664,861132,861230
6bba_474be664,861230,861328
6bba_474be664,861328,861426
6bba_474be664,861426,861551
6bba_474be664,861551,861670
6bba_474be664,861670,861776
6bba_474be664,861776,861872
6bba_474be664,861872,861960
6bba_474be664,861960,862053
6bba_474be664,862053,862164
6bba_474be664,862164,862283
6bba_474be664,862283,862403
6bba_474be664,862403,862519
6bba_474be664,862519,862639
6bba_474be664,862639,862753
6bba_474be664,860555,860610
6bba_474be664,860775,860835
6bba_474be664,860835,860910
6bba_474be664,860910,861010
6bba_474be664,861010,861109
6bba_474be664,861109,861207
6bba_474be664,861207,861305
6bba_474be664,861305,861403
6bba_474be664,860546,860614
6bba_474be664,860614,860707
6bba_474be664,860707,860791
6bba_474be664,860791,860849
6bba_474be664,860849,860943
6bba_474be664,860943,861028
6bba_474be664,861028,861114
6bba_474be664,861114,861212
6bba_474be664,861212,861310
6bba_474be664,861310,861408
6bba_474be664,860553,860636
6bba_474be664,860636,860723
6bba_474be664,860723,860804
6bba_474be664,860804,860870
6bba_474be664,860870,860939
6bba_474be664,860939,861046
6bba_474be664,861046,861128
6bba_474be664,861128,861226
6bba_474be664,861226,861324
6bba_474be664,861324,861422
6bba_474be664,860498,860575
6bba_474be664,860752,860830
6bba_474be664,860830,860908
6bba_474be664,860908,860999
6bba_474be664,860999,861091
6bba_474be664,861091,861189
6bba_474be664,861189,861287
6bba_474be664,861287,861385
6bba_474be664,860509,860596
6bba_474be664,860596,860688
6bba_474be664,860688,860769
6bba_474be664,860930,861018
6bba_474be664,861018,861086
6bba_474be664,861086,861184
6bba_474be664,861184,861282
6bba_474be664,861282,861380
6bba_474be664,861380,861482
6bba_474be664,861482,861593
6bba_474be664,861593,861696
6bba_474be664,861696,861814
6bba_474be664,861814,861911
6bba_474be664,861911,862013
6bba_474be664,862013,862127
6bba_474be664,862127,862209
6bba_474be664,862209,862331
6bba_474be664,862331,862447
6bba_474be664,862447,862591
6bba_474be664,862591,862711
6bba_474be664,862711,862828
6bba_474be664,862828,862938
6bba_474be664,862938,863044
6bba_474be664,860523,860601
6bba_474be664,860601,860676
6bba_474be664,860676,860750
6bba_474be664,860750,860810
6bba_474be664,860810,860893
6bba_474be664,860893,860987
6bba_474be664,860987,861076
6bba_474be664,861076,861174
6bba_474be664,861174,861272
6bba_474be664,861272,861370
6bba_474be664,861370,861481
6bba_474be664,861481,861598
6bba_474be664,861598,861712
6bba_474be664,861712,861815
6bba_474be664,861815,861898
6bba_474be664,861898,861983
6bba_474be664,861983,862093
6bba_474be664,862093,862200
6bba_474be664,862200,862322
6bba_474be664,862322,862438
6bba_474be664,862438,862549
6bba_474be664,862549,862673
6bba_474be664,862673,862790
6bba_474be664,862790,862897
6bba_474be664,862897,862982
6bba_474be664,860522,860606
6bba_474be664,860606,860711
6bba_474be664,860520,860585
6bba_474be664,860585,860700
6bba_474be664,860700,860778
6bba_474be664,860778,860837
6bba_474be664,860837,860919
6bba_474be664,860919,861021
6bba_474be664,861021,861123
6bba_474be664,861123,861221
6bba_474be664,861221,861319
6bba_474be664,861319,861417
6bba_474be664,861417,861525
6bba_474be664,860516,860587
6bba_474be664,860514,860581
6bba_474be664,860581,860669
6bba_474be664,860669,860771
6bba_474be664,860771,860834
6bba_474be664,860834,860934
6bba_474be664,860934,861037
6bba_474be664,860518,860617
6bba_474be664,860617,860678
6bba_474be664,860678,860796
6bba_474be664,860796,860843
6bba_474be664,860559,860641
6bba_474be664,860641,860714
6bba_474be664,860556,860639
6bba_474be664,860639,860731
6bba_474be664,860537,860626
6bba_474be664,860626,860704
6bba_474be664,860704,860789
6bba_474be664,860538,860632
6bba_474be664,860632,860708
6bba_474be664,860708,860794
6bba_474be664,860794,860850
6bba_474be664,860850,860947
6bba_474be664,860947,861029
6bba_474be664,861029,861099
6bba_474be664,861099,861197
6bba_474be664,861197,861295
6bba_474be664,861295,861393
6bba_474be664,860539,860646
6bba_474be664,860646,860729
6bba_474be664,860541,860630
6bba_474be664,860630,860725
6bba_474be664,860542,860634
6bba_474be664,860634,860724
6bba_474be664,860724,860784
6bba_474be664,860784,860855
6bba_474be664,860855,860933
6bba_474be664,860933,861013
6bba_474be664,861013,861111
6bba_474be664,861111,861209
6bba_474be664,861209,861307
6bba_474be664,861307,861405
6bba_474be664,861405,861505
6bba_474be664,861505,861630
6bba_474be664,861630,861717
6bba_474be664,861717,861826
6bba_474be664,861826,861916
6bba_474be664,861916,862007
6bba_474be664,862007,862111
6bba_474be664,862111,862224
6bba_474be664,862224,862368
6bba_474be664,862368,862484
6bba_474be664,862484,862620
6bba_474be664,862620,862726
6bba_474be664,862726,862847
6bba_474be664,862847,862963
6bba_474be664,860529,860603
6bba_474be664,860603,860703
6bba_474be664,860703,860803
6bba_474be664,860803,860858
6bba_474be664,860858,860922
6bba_474be664,860922,861014
6bba_474be664,861014,861088
6bba_474be664,861088,861186
6bba_474be664,861186,861284
6bba_474be664,861284,861382
6bba_474be664,861382,861516
6bba_474be664,861516,861634
6bba_474be664,861634,861750
6bba_474be664,861750,861849
6bba_474be664,861849,861925
6bba_474be664,861925,862015
6bba_474be664,862015,862128
6bba_474be664,862128,862235
6bba_474be664,862235,862369
6bba_474be664,862369,862485
6bba_474be664,860563,860640
6bba_474be664,860640,860732
6bba_474be664,860562,860624
6bba_474be664,860624,860722
6bba_474be664,860561,860649
6bba_474be664,860543,860597
6bba_474be664,860597,860698
6bba_474be664,860650,860726
6bba_474be664,860865,860956
6bba_474be664,860956,861056
6bba_474be664,861056,861165
6bba_474be664,861165,861263
6bba_474be664,861263,861361
6bba_474be664,861361,861459
6bba_474be664,860580,860667
6bba_474be664,860667,860754
6bba_474be664,860754,860814
6bba_474be664,860814,860891
6bba_474be664,860891,860986
6bba_474be664,860986,861081
6bba_474be664,861081,861179
6bba_474be664,861179,861277
6bba_474be664,861277,861375
6bba_474be664,860648,860739
6bba_474be664,860645,860736
6bba_474be664,860644,860735
6bba_474be664,860642,860737
6bba_474be664,860638,860690
6bba_474be664,860690,860762
6bba_474be664,860762,860928
6bba_474be664,860928,861024
6bba_474be664,861024,861083
6bba_474be664,861083,861181
6bba_474be664,861181,861279
6bba_474be664,861279,861377
6bba_474be664,860573,860673
6bba_474be664,860673,860838
6bba_474be664,860570,860659
6bba_474be664,860568,860662
6bba_474be664,860662,860753
6bba_474be664,860753,860820
6bba_474be664,860820,860904
6bba_474be664,861085,861183
6bba_474be664,861183,861281
6bba_474be664,861281,861379
6bba_474be664,861379,861479
6bba_474be664,861479,861594
6bba_474be664,861594,861721
6bba_474be664,861721,861839
6bba_474be664,861839,861944
6bba_474be664,861944,862032
6bba_474be664,862032,862133
6bba_474be664,862133,862231
6bba_474be664,862231,862360
6bba_474be664,862360,862476
6bba_474be664,862476,862597
6bba_474be664,860600,860684
6bba_474be664,860684,860761
6bba_474be664,860761,860826
6bba_474be664,860826,860899
6bba_474be664,860899,860991
6bba_474be664,860991,861079
6bba_474be664,861079,861177
6bba_474be664,861177,861275
6bba_474be664,861275,861373
6bba_474be664,861373,861485
6bba_474be664,861485,861600
6bba_474be664,861600,861714
6bba_474be664,861714,861820
6bba_474be664,861820,861892
6bba_474be664,861892,861976
6bba_474be664,860652,860727
6bba_474be664,860862,860964
6bba_474be664,860964,861059
6bba_474be664,860625,860709
6bba_474be664,860709,860799
6bba_474be664,860799,860853
6bba_474be664,860853,860907
6bba_474be664,860907,861002
6bba_474be664,861002,861082
6bba_474be664,861082,861180
6bba_474be664,861180,861278
6bba_474be664,861278,861376
6bba_474be664,860629,860728
6bba_474be664,860728,860783
6bba_474be664,860783,860861
6bba_474be664,860861,860950
6bba_474be664,860950,861045
6bba_474be664,861045,861140
6bba_474be664,861140,861238
6bba_474be664,861238,861336
6bba_474be664,861336,861434
6bba_474be664,860623,860713
6bba_474be664,860713,860797
6bba_474be664,860797,860847
6bba_474be664,860847,860903
6bba_474be664,860903,860995
6bba_474be664,860995,861112
6bba_474be664,861112,861210
6bba_474be664,861210,861308
6bba_474be664,861308,861406
6bba_474be664,860612,860685
6bba_474be664,860685,860785
6bba_474be664,860655,860721
6bba_474be664,860654,860720
6bba_474be664,860720,860787
6bba_474be664,860787,860856
6bba_474be664,860670,860765
6bba_474be664,860765,860821
6bba_474be664,860821,860917
6bba_474be664,860917,861017
6bba_474be664,860738,860801
6bba_474be664,860801,860867
6bba_474be664,860867,860936
6bba_474be664,860936,861034
6bba_474be664,860742,860806
6bba_474be664,860806,860866
6bba_474be664,860866,860955
6bba_474be664,860955,861043
6bba_474be664,861043,861146
6bba_474be664,861146,861244
6bba_474be664,861244,861342
6bba_474be664,861342,861440
6bba_474be664,860743,860884
6bba_474be664,860884,860978
6bba_474be664,861151,861249
6bba_474be664,861249,861347
6bba_474be664,861347,861445
6bba_474be664,861445,861523
6bba_474be664,861523,861640
6bba_474be664,861640,861741
6bba_474be664,861741,861850
6bba_474be664,861850,861950
6bba_474be664,861950,862036
6bba_474be664,862036,862131
6bba_474be664,862131,862237
6bba_474be664,862237,862377
6bba_474be664,862377,862493
6bba_474be664,860705,860770
6bba_474be664,860770,860819
6bba_474be664,860712,860780
6bba_474be664,860780,860846
6bba_474be664,860846,860942
6bba_474be664,860942,861033
6bba_474be664,861033,861108
6bba_474be664,861108,861206
6bba_474be664,861206,861304
6bba_474be664,861304,861402
6bba_474be664,861601,861720
6bba_474be664,861720,861829
6bba_474be664,861829,861931
6bba_474be664,861931,862019
6bba_474be664,862019,862130
6bba_474be664,862130,862223
6bba_474be664,860716,860859
6bba_474be664,860859,860962
6bba_474be664,860786,860929
6bba_474be664,860929,861025
6bba_474be664,861025,861095
6bba_474be664,861095,861193
6bba_474be664,861193,861291
6bba_474be664,861291,861389
6bba_474be664,861389,861491
6bba_474be664,861491,861605
6bba_474be664,861605,861716
6bba_474be664,861716,861825
6bba_474be664,861825,861929
6bba_474be664,860802,860854
6bba_474be664,860755,860836
6bba_474be664,860836,860912
6bba_474be664,860912,861016
6bba_474be664,860874,860973
6bba_474be664,860873,860945
6bba_474be664,860945,861022
6bba_474be664,861022,861078
6bba_474be664,861078,861176
6bba_474be664,861176,861274
6bba_474be664,861274,861372
6bba_474be664,860813,860892
6bba_474be664,860892,860983
6bba_474be664,860983,861077
6bba_474be664,861077,861175
6bba_474be664,861175,861273
6bba_474be664,861273,861371
6bba_474be664,860808,860887
6bba_474be664,860881,860966
6bba_474be664,860966,861054
6bba_474be664,861054,861145
6bba_474be664,861145,861243
6bba_474be664,861243,861341
6bba_474be664,861341,861439
6bba_474be664,861439,861507
6bba_474be664,861507,861655
6bba_474be664,861655,861737
6bba_474be664,861737,861856
6bba_474be664,861856,861912
6bba_474be664,861912,862006
6bba_474be664,862006,862122
6bba_474be664,862122,862249
6bba_474be664,862249,862357
6bba_474be664,862357,862473
6bba_474be664,860879,860974
6bba_474be664,860974,861055
6bba_474be664,861055,861161
6bba_474be664,861161,861259
6bba_474be664,861259,861357
6bba_474be664,861357,861455
6bba_474be664,861455,861497
6bba_474be664,861497,861621
6bba_474be664,861621,861747
6bba_474be664,861747,861852
6bba_474be664,861852,861949
6bba_474be664,861949,862049
6bba_474be664,862049,862150
6bba_474be664,862150,862268
6bba_474be664,862268,862397
6bba_474be664,862397,862513
6bba_474be664,862513,862612
6bba_474be664,860863,860916
6bba_474be664,860916,861048
6bba_474be664,861048,861122
6bba_474be664,861122,861220
6bba_474be664,861220,861318
6bba_474be664,861318,861416
6bba_474be664,860876,860958
6bba_474be664,860958,861062
6bba_474be664,860883,860968
6bba_474be664,860968,861150
6bba_474be664,861150,861248
6bba_474be664,861248,861346
6bba_474be664,861346,861444
6bba_474be664,860860,860967
6bba_474be664,860880,860953
6bba_474be664,860953,861049
6bba_474be664,861049,861139
6bba_474be664,861139,861237
6bba_474be664,861237,861335
6bba_474be664,861335,861433
6bba_474be664,861603,861724
6bba_474be664,861724,861828
6bba_474be664,861828,861930
6bba_474be664,861930,862045
6bba_474be664,862045,862159
6bba_474be664,862159,862263
6bba_474be664,862263,862384
6bba_474be664,862384,862500
6bba_474be664,862500,862578
6bba_474be664,862578,862692
6bba_474be664,862692,862808
6bba_474be664,860913,861119
6bba_474be664,861119,861217
6bba_474be664,861217,861315
6bba_474be664,861315,861413
6bba_474be664,860920,861030
6bba_474be664,860924,861020
6bba_474be664,861020,861120
6bba_474be664,861120,861218
6bba_474be664,861218,861316
6bba_474be664,861316,861414
6bba_474be664,860925,861015
6bba_474be664,860901,861101
6bba_474be664,861101,861199
6bba_474be664,861199,861297
6bba_474be664,861297,861395
6bba_474be664,861395,861509
6bba_474be664,861509,861627
6bba_474be664,861627,861753
6bba_474be664,861753,861843
6bba_474be664,861843,861901
6bba_474be664,861901,861999
6bba_474be664,861999,862104
6bba_474be664,862104,862193
6bba_474be664,862193,862326
6bba_474be664,862326,862442
6bba_474be664,862442,862586
6bba_474be664,862586,862698
6bba_474be664,862698,862810
6bba_474be664,862810,862893
6bba_474be664,862893,862984
6bba_474be664,860959,861058
6bba_474be664,861058,861137
6bba_474be664,861137,861235
6bba_474be664,861235,861333
6bba_474be664,861333,861431
6bba_474be664,861431,861581
6bba_474be664,860960,861061
6bba_474be664,861061,861155
6bba_474be664,861155,861253
6bba_474be664,861253,861351
6bba_474be664,861351,861449
6bba_474be664,860969,861066
6bba_474be664,861066,861153
6bba_474be664,861153,861251
6bba_474be664,861251,861349
6bba_474be664,861349,861447
6bba_474be664,860935,861026
6bba_474be664,861026,861105
6bba_474be664,861105,861203
6bba_474be664,861203,861301
6bba_474be664,861301,861399
6bba_474be664,860954,861039
6bba_474be664,860949,861053
6bba_474be664,861053,861133
6bba_474be664,861133,861231
6bba_474be664,861231,861329
6bba_474be664,861329,861427
6bba_474be664,861427,861558
6bba_474be664,861558,861669
6bba_474be664,861041,861098
6bba_474be664,861098,861196
6bba_474be664,861196,861294
6bba_474be664,861294,861392
6bba_474be664,861005,861138
6bba_474be664,861138,861236
6bba_474be664,861236,861334
6bba_474be664,861334,861432
6bba_474be664,861432,861521
6bba_474be664,861521,861643
6bba_474be664,861643,861734
6bba_474be664,861734,861848
6bba_474be664,861848,861938
6bba_474be664,861938,862030
6bba_474be664,862030,862142
6bba_474be664,862355,862471
6bba_474be664,862471,862599
6bba_474be664,862599,862712
6bba_474be664,862712,862811
6bba_474be664,862811,862933
6bba_474be664,862933,863026
6bba_474be664,861023,861129
6bba_474be664,861129,861227
6bba_474be664,861227,861325
6bba_474be664,861325,861423
6bba_474be664,861047,861124
6bba_474be664,861124,861222
6bba_474be664,861222,861320
6bba_474be664,861320,861418
6bba_474be664,861418,861500
6bba_474be664,861500,861610
6bba_474be664,861610,861736
6bba_474be664,861063,861142
6bba_474be664,861142,861240
6bba_474be664,861240,861338
6bba_474be664,861338,861436
6bba_474be664,861436,861576
6bba_474be664,861576,861687
6bba_474be664,861687,861790
6bba_474be664,861065,861147
6bba_474be664,861147,861245
6bba_474be664,861245,861343
6bba_474be664,861343,861441
6bba_474be664,861036,861100
6bba_474be664,861100,861198
6bba_474be664,861198,861296
6bba_474be664,861296,861394
6bba_474be664,861159,861257
6bba_474be664,861257,861355
6bba_474be664,861355,861453
6bba_474be664,861453,861563
6bba_474be664,861563,861683
6bba_474be664,861683,861779
6bba_474be664,861158,861256
6bba_474be664,861256,861354
6bba_474be664,861354,861452
6bba_474be664,861157,861255
6bba_474be664,861255,861353
6bba_474be664,861353,861451
6bba_474be664,861451,861487
6bba_474be664,861487,861615
6bba_474be664,861615,861709
6bba_474be664,861709,861806
6bba_474be664,861806,861903
6bba_474be664,861903,861993
6bba_474be664,861993,862106
6bba_474be664,862106,862219
6bba_474be664,862219,862361
6bba_474be664,862361,862477
6bba_474be664,861156,861254
6bba_474be664,861254,861352
6bba_474be664,861352,861450
6bba_474be664,861450,861556
6bba_474be664,861556,861675
6bba_474be664,861675,861774
6bba_474be664,861774,861878
6bba_474be664,861152,861250
6bba_474be664,861250,861348
6bba_474be664,861348,861446
6bba_474be664,861149,861247
6bba_474be664,861247,861345
6bba_474be664,861345,861443
6bba_474be664,861443,861492
6bba_474be664,861492,861619
6bba_474be664,861619,861706
6bba_474be664,861706,861802
6bba_474be664,861802,861905
6bba_474be664,861905,862000
6bba_474be664,862000,862118
6bba_474be664,862118,862241
6bba_474be664,862241,862332
6bba_474be664,862332,862448
6bba_474be664,862448,862566
6bba_474be664,862566,862704
6bba_474be664,862704,862812
6bba_474be664,862812,862910
6bba_474be664,862910,863022
6bba_474be664,861084,861182
6bba_474be664,861182,861280
6bba_474be664,861280,861378
6bba_474be664,861378,861467
6bba_474be664,861467,861590
6bba_474be664,861590,861697
6bba_474be664,861697,861801
6bba_474be664,861126,861224
6bba_474be664,861224,861322
6bba_474be664,861322,861420
6bba_474be664,861093,861191
6bba_474be664,861191,861289
6bba_474be664,861289,861387
6bba_474be664,861110,861208
6bba_474be664,861208,861306
6bba_474be664,861306,861404
6bba_474be664,861096,861194
6bba_474be664,861194,861292
6bba_474be664,861292,861390
6bba_474be664,861162,861260
6bba_474be664,861260,861358
6bba_474be664,861358,861456
6bba_474be664,861163,861261
6bba_474be664,861261,861359
6bba_474be664,861359,861457
6bba_474be664,861457,861561
6bba_474be664,861561,861684
6bba_474be664,861684,861781
6bba_474be664,861164,861262
6bba_474be664,861262,861360
6bba_474be664,861360,861458
6bba_474be664,861458,861519
6bba_474be664,861519,861624
6bba_474be664,861624,861723
6bba_474be664,861723,861833
6bba_474be664,861833,861933
6bba_474be664,861933,862010
6bba_474be664,862010,862120
6bba_474be664,862120,862233
6bba_474be664,862233,862353
6bba_474be664,862353,862469
6bba_474be664,862469,862594
6bba_474be664,862594,862706
6bba_474be664,862706,862821
6bba_474be664,861154,861252
6bba_474be664,861252,861350
6bba_474be664,861350,861448
6bba_474be664,861118,861216
6bba_474be664,861216,861314
6bba_474be664,861314,861412
6bba_474be664,861412,861494
6bba_474be664,861494,861638
6bba_474be664,861121,861219
6bba_474be664,861219,861317
6bba_474be664,861317,861415
6bba_474be664,861127,861225
6bba_474be664,861225,861323
6bba_474be664,861323,861421
6bba_474be664,861421,861559
6bba_474be664,861136,861234
6bba_474be664,861234,861332
6bba_474be664,861332,861430
6bba_474be664,861134,861232
6bba_474be664,861232,861330
6bba_474be664,861330,861428
6bba_474be664,861609,861707
6bba_474be664,861707,861812
6bba_474be664,861812,861923
6bba_474be664,861923,862017
6bba_474be664,862239,862362
6bba_474be664,862362,862478
6bba_474be664,861160,861258
6bba_474be664,861258,861356
6bba_474be664,861356,861454
6bba_474be664,861454,861566
6bba_474be664,861566,861681
6bba_474be664,861681,861788
6bba_474be664,861201,861299
6bba_474be664,861299,861397
6bba_474be664,861397,861488
6bba_474be664,861488,861599
6bba_474be664,861599,861699
6bba_474be664,861699,861816
6bba_474be664,861816,861900
6bba_474be664,861900,861984
6bba_474be664,861984,862101
6bba_474be664,862101,862215
6bba_474be664,862215,862317
6bba_474be664,862317,862433
6bba_474be664,861211,861309
6bba_474be664,861309,861407
6bba_474be664,861607,861710
6bba_474be664,861710,861822
6bba_474be664,861992,862099
6bba_474be664,862099,862213
6bba_474be664,861173,861271
6bba_474be664,861271,861369
6bba_474be664,861369,861478
6bba_474be664,861478,861612
6bba_474be664,861612,861703
6bba_474be664,861703,861809
6bba_474be664,861809,861902
6bba_474be664,861902,861996
6bba_474be664,861996,862092
6bba_474be664,862092,862195
6bba_474be664,862195,862337
6bba_474be664,862337,862453
6bba_474be664,862674,862792
6bba_474be664,861229,861327
6bba_474be664,861327,861425
6bba_474be664,861344,861442
6bba_474be664,861552,861680
6bba_474be664,861562,861689
6bba_474be664,861689,861786
6bba_474be664,861963,862050
6bba_474be664,862050,862147
6bba_474be664,862147,862256
6bba_474be664,862256,862426
6bba_474be664,862426,862542
6bba_474be664,862542,862640
6bba_474be664,862868,862965
6bba_474be664,861560,861659
6bba_474be664,861659,861766
6bba_474be664,861766,861884
6bba_474be664,862072,862148
6bba_474be664,862148,862265
6bba_474be664,862265,862359
6bba_474be664,862359,862475
6bba_474be664,862475,862641
6bba_474be664,862641,862748
6bba_474be664,862748,862850
6bba_474be664,862850,862946
6bba_474be664,862946,863053
6bba_474be664,861557,861682
6bba_474be664,861484,861604
6bba_474be664,861604,861708
6bba_474be664,861708,861811
6bba_474be664,861811,861904
6bba_474be664,861904,862005
6bba_474be664,862005,862114
6bba_474be664,862114,862218
6bba_474be664,862218,862340
6bba_474be664,862340,862456
6bba_474be664,862456,862584
6bba_474be664,862584,862709
6bba_474be664,862709,862801
6bba_474be664,862801,862911
6bba_474be664,862911,863007
6bba_474be664,861473,861595
6bba_474be664,861595,861704
6bba_474be664,861472,861611
6bba_474be664,861611,861700
6bba_474be664,861700,861808
6bba_474be664,861808,861899
6bba_474be664,861899,862012
6bba_474be664,862012,862125
6bba_474be664,862125,862220
6bba_474be664,862220,862328
6bba_474be664,862328,862444
6bba_474be664,862444,862568
6bba_474be664,862568,862682
6bba_474be664,862682,862803
6bba_474be664,861471,861597
6bba_474be664,861597,861702
6bba_474be664,861702,861804
6bba_474be664,861804,861890
6bba_474be664,861890,861986
6bba_474be664,861470,861617
6bba_474be664,861617,861718
6bba_474be664,861935,862031
6bba_474be664,862211,862358
6bba_474be664,862358,862474
6bba_474be664,861469,861589
6bba_474be664,861589,861698
6bba_474be664,861698,861798
6bba_474be664,861798,861891
6bba_474be664,861891,861978
6bba_474be664,861978,862089
6bba_474be664,862089,862190
6bba_474be664,862190,862314
6bba_474be664,862314,862430
6bba_474be664,862430,862548
6bba_474be664,861465,861587
6bba_474be664,861587,861692
6bba_474be664,861692,861796
6bba_474be664,861796,861889
6bba_474be664,861889,862001
6bba_474be664,862001,862095
6bba_474be664,862095,862188
6bba_474be664,862188,862312
6bba_474be664,862312,862428
6bba_474be664,861463,861583
6bba_474be664,861799,861981
6bba_474be664,861981,862088
6bba_474be664,862088,862199
6bba_474be664,862199,862329
6bba_474be664,862329,862445
6bba_474be664,862445,862563
6bba_474be664,862563,862678
6bba_474be664,861462,861584
6bba_474be664,861584,861691
6bba_474be664,861691,861794
6bba_474be664,861794,861886
6bba_474be664,861886,861972
6bba_474be664,861972,862085
6bba_474be664,862085,862191
6bba_474be664,861460,861582
6bba_474be664,861582,861690
6bba_474be664,861690,861793
6bba_474be664,861793,861885
6bba_474be664,861885,861971
6bba_474be664,861971,862082
6bba_474be664,862082,862187
6bba_474be664,862187,862313
6bba_474be664,862313,862429
6bba_474be664,862668,862781
6bba_474be664,862781,862879
6bba_474be664,861515,861639
6bba_474be664,861512,861635
6bba_474be664,861635,861730
6bba_474be664,861730,861837
6bba_474be664,861837,861914
6bba_474be664,861914,862021
6bba_474be664,862021,862119
6bba_474be664,862119,862212
6bba_474be664,862212,862348
6bba_474be664,862348,862464
6bba_474be664,862464,862592
6bba_474be664,862592,862716
6bba_474be664,862716,862827
6bba_474be664,862827,862936
6bba_474be664,862936,863042
6bba_474be664,861511,861628
6bba_474be664,861628,861728
6bba_474be664,861728,861834
6bba_474be664,861834,861922
6bba_474be664,861922,862018
6bba_474be664,862018,862116
6bba_474be664,862116,862247
6bba_474be664,862247,862341
6bba_474be664,862341,862457
6bba_474be664,862457,862581
6bba_474be664,862581,862697
6bba_474be664,862697,862909
6bba_474be664,862909,862989
6bba_474be664,861510,861632
6bba_474be664,861632,861743
6bba_474be664,861743,861841
6bba_474be664,861841,861932
6bba_474be664,861932,862002
6bba_474be664,862002,862107
6bba_474be664,862107,862216
6bba_474be664,862216,862356
6bba_474be664,862356,862472
6bba_474be664,862472,862587
6bba_474be664,862587,862685
6bba_474be664,862685,862809
6bba_474be664,862809,862903
6bba_474be664,862903,863010
6bba_474be664,861495,861614
6bba_474be664,861614,861733
6bba_474be664,861733,861817
6bba_474be664,861817,861909
6bba_474be664,861909,861997
6bba_474be664,861997,862094
6bba_474be664,862094,862202
6bba_474be664,862202,862315
6bba_474be664,862315,862431
6bba_474be664,861501,861618
6bba_474be664,861618,861722
6bba_474be664,861722,861823
6bba_474be664,861823,861924
6bba_474be664,861924,862047
6bba_474be664,862047,862161
6bba_474be664,862161,862291
6bba_474be664,861569,861626
6bba_474be664,861626,861742
6bba_474be664,861742,861847
6bba_474be664,861847,861936
6bba_474be664,861936,862009
6bba_474be664,862009,862117
6bba_474be664,862117,862229
6bba_474be664,861568,861688
6bba_474be664,861537,861665
6bba_474be664,861665,861772
6bba_474be664,861772,861865
6bba_474be664,861539,861656
6bba_474be664,861656,861763
6bba_474be664,861763,861866
6bba_474be664,861866,861966
6bba_474be664,861966,862067
6bba_474be664,862067,862166
6bba_474be664,862166,862285
6bba_474be664,862285,862401
6bba_474be664,862401,862517
6bba_474be664,862517,862649
6bba_474be664,862649,862768
6bba_474be664,862768,862870
6bba_474be664,861542,861662
6bba_474be664,861662,861751
6bba_474be664,861751,861860
6bba_474be664,861860,861937
6bba_474be664,861937,862026
6bba_474be664,862026,862132
6bba_474be664,862132,862251
6bba_474be664,862251,862367
6bba_474be664,862367,862483
6bba_474be664,862483,862626
6bba_474be664,862626,862739
6bba_474be664,862739,862845
6bba_474be664,862845,862935
6bba_474be664,862935,863029
6bba_474be664,861544,861660
6bba_474be664,861547,861672
6bba_474be664,861672,861767
6bba_474be664,861550,861667
6bba_474be664,861667,861773
6bba_474be664,861773,861883
6bba_474be664,861883,861967
6bba_474be664,861967,862062
6bba_474be664,862062,862172
6bba_474be664,862172,862287
6bba_474be664,862287,862394
6bba_474be664,862394,862510
6bba_474be664,862510,862653
6bba_474be664,862653,862751
6bba_474be664,862751,862863
6bba_474be664,862863,862958
6bba_474be664,862958,863061
6bba_474be664,861535,861661
6bba_474be664,861661,861768
6bba_474be664,861768,861869
6bba_474be664,861869,861962
6bba_474be664,861534,861652
6bba_474be664,861528,861644
6bba_474be664,861644,861739
6bba_474be664,861739,861844
6bba_474be664,861844,861913
6bba_474be664,861913,862011
6bba_474be664,862011,862126
6bba_474be664,862126,862217
6bba_474be664,861571,861676
6bba_474be664,861676,861791
6bba_474be664,861573,861674
6bba_474be664,861674,861780
6bba_474be664,861575,861685
6bba_474be664,861685,861787
6bba_474be664,861787,861880
6bba_474be664,861880,861968
6bba_474be664,861968,862068
6bba_474be664,862068,862178
6bba_474be664,862178,862293
6bba_474be664,862293,862421
6bba_474be664,862421,862537
6bba_474be664,861567,861679
6bba_474be664,861868,862052
6bba_474be664,862052,862165
6bba_474be664,862165,862290
6bba_474be664,862290,862396
6bba_474be664,862396,862512
6bba_474be664,861522,861636
6bba_474be664,861636,861744
6bba_474be664,861744,861831
6bba_474be664,861831,861917
6bba_474be664,861917,861979
6bba_474be664,861979,862086
6bba_474be664,862086,862192
6bba_474be664,862192,862324
6bba_474be664,862324,862440
6bba_474be664,862440,862575
6bba_474be664,862575,862693
6bba_474be664,862693,862795
6bba_474be664,862795,862928
6bba_474be664,861526,861641
6bba_474be664,861641,861756
6bba_474be664,861756,861854
6bba_474be664,861854,861941
6bba_474be664,861941,862042
6bba_474be664,862042,862143
6bba_474be664,862143,862252
6bba_474be664,862252,862402
6bba_474be664,862402,862518
6bba_474be664,861529,861625
6bba_474be664,861625,861727
6bba_474be664,861727,861813
6bba_474be664,861990,862097
6bba_474be664,862097,862194
6bba_474be664,862194,862327
6bba_474be664,862327,862443
6bba_474be664,861616,861711
6bba_474be664,861653,861758
6bba_474be664,861608,861719
6bba_474be664,861719,861821
6bba_474be664,861821,861896
6bba_474be664,861896,861991
6bba_474be664,861991,862103
6bba_474be664,862103,862208
6bba_474be664,862208,862318
6bba_474be664,862318,862434
6bba_474be664,862434,862561
6bba_474be664,862561,862679
6bba_474be664,862679,862793
6bba_474be664,862793,862889
6bba_474be664,862889,862981
6bba_474be664,861585,861693
6bba_474be664,861693,861797
6bba_474be664,861797,861888
6bba_474be664,861888,861982
6bba_474be664,861982,862090
6bba_474be664,862090,862198
6bba_474be664,862198,862320
6bba_474be664,862320,862436
6bba_474be664,861588,861694
6bba_474be664,861694,861795
6bba_474be664,861795,861887
6bba_474be664,861887,861973
6bba_474be664,861973,862087
6bba_474be664,862087,862196
6bba_474be664,861664,861761
6bba_474be664,861761,861871
6bba_474be664,861668,861789
6bba_474be664,861620,861845
6bba_474be664,861845,861920
6bba_474be664,861920,861985
6bba_474be664,861985,862083
6bba_474be664,862083,862197
6bba_474be664,861677,861785
6bba_474be664,861785,861879
6bba_474be664,861879,861970
6bba_474be664,861647,861746
6bba_474be664,861746,861835
6bba_474be664,861835,861910
6bba_474be664,861657,861755
6bba_474be664,861651,861759
6bba_474be664,861759,861857
6bba_474be664,861857,861928
6bba_474be664,861928,862038
6bba_474be664,862038,862138
6bba_474be664,862138,862225
6bba_474be664,862225,862344
6bba_474be664,862344,862460
6bba_474be664,862460,862583
6bba_474be664,862583,862700
6bba_474be664,862700,862822
6bba_474be664,861671,861757
6bba_474be664,861757,861859
6bba_474be664,861859,861957
6bba_474be664,861957,862051
6bba_474be664,862051,862152
6bba_474be664,862152,862274
6bba_474be664,862274,862371
6bba_474be664,862371,862487
6bba_474be664,862487,862633
6bba_474be664,862633,862725
6bba_474be664,862725,862837
6bba_474be664,862837,862957
6bba_474be664,862957,863047
6bba_474be664,861770,861876
6bba_474be664,861701,861818
6bba_474be664,861818,861897
6bba_474be664,861897,862016
6bba_474be664,862016,862129
6bba_474be664,862129,862222
6bba_474be664,862222,862336
6bba_474be664,862336,862452
6bba_474be664,861713,861805
6bba_474be664,861805,861908
6bba_474be664,861908,861988
6bba_474be664,861988,862102
6bba_474be664,862102,862203
6bba_474be664,862203,862346
6bba_474be664,862346,862462
6bba_474be664,861705,861800
6bba_474be664,861738,861943
6bba_474be664,861943,862039
6bba_474be664,861735,861836
6bba_474be664,861836,861926
6bba_474be664,861926,862023
6bba_474be664,862023,862123
6bba_474be664,862123,862238
6bba_474be664,862238,862351
6bba_474be664,862351,862467
6bba_474be664,861732,861832
6bba_474be664,861832,861915
6bba_474be664,861915,862014
6bba_474be664,862014,862115
6bba_474be664,862115,862221
6bba_474be664,862221,862342
6bba_474be664,862342,862458
6bba_474be664,862683,862797
6bba_474be664,862797,862906
6bba_474be664,862906,863000
6bba_474be664,861725,861810
6bba_474be664,861810,861893
6bba_474be664,861893,861995
6bba_474be664,861995,862098
6bba_474be664,862098,862206
6bba_474be664,862206,862334
6bba_474be664,862334,862450
6bba_474be664,862450,862555
6bba_474be664,862555,862670
6bba_474be664,862670,862787
6bba_474be664,862787,862881
6bba_474be664,862881,862993
6bba_474be664,861726,861827
6bba_474be664,861827,861918
6bba_474be664,861918,862020
6bba_474be664,862020,862108
6bba_474be664,862108,862210
6bba_474be664,861760,861873
6bba_474be664,861764,861951
6bba_474be664,861951,862046
6bba_474be664,861765,861882
6bba_474be664,861882,861953
6bba_474be664,861754,861855
6bba_474be664,861855,861954
6bba_474be664,861954,862035
6bba_474be664,862035,862146
6bba_474be664,862146,862267
6bba_474be664,862267,862423
6bba_474be664,862423,862539
6bba_474be664,861752,861853
6bba_474be664,861853,861958
6bba_474be664,861958,862034
6bba_474be664,861749,861952
6bba_474be664,861952,862144
6bba_474be664,862144,862240
6bba_474be664,861792,861881
6bba_474be664,861784,861877
6bba_474be664,862063,862173
6bba_474be664,862173,862279
6bba_474be664,862279,862395
6bba_474be664,862395,862511
6bba_474be664,862511,862645
6bba_474be664,862645,862754
6bba_474be664,862754,862873
6bba_474be664,861824,861906
6bba_474be664,861906,862024
6bba_474be664,861838,862027
6bba_474be664,862027,862137
6bba_474be664,862137,862243
6bba_474be664,862243,862374
6bba_474be664,862374,862490
6bba_474be664,862490,862595
6bba_474be664,862595,862717
6bba_474be664,862717,862843
6bba_474be664,862843,862924
6bba_474be664,862924,863025
6bba_474be664,861807,861907
6bba_474be664,861907,861998
6bba_474be664,861998,862096
6bba_474be664,862096,862214
6bba_474be664,862214,862339
6bba_474be664,862339,862455
6bba_474be664,861864,861940
6bba_474be664,862151,862385
6bba_474be664,862385,862501
6bba_474be664,861870,861965
6bba_474be664,861965,862073
6bba_474be664,862073,862179
6bba_474be664,862179,862277
6bba_474be664,861874,861956
6bba_474be664,861956,862029
6bba_474be664,862029,862124
6bba_474be664,862124,862228
6bba_474be664,862228,862352
6bba_474be664,862352,862468
6bba_474be664,862468,862574
6bba_474be664,862574,862699
6bba_474be664,862699,862818
6bba_474be664,862818,862905
6bba_474be664,862905,863006
6bba_474be664,861846,861934
6bba_474be664,861919,862003
6bba_474be664,862003,862121
6bba_474be664,862121,862236
6bba_474be664,861939,862041
6bba_474be664,861947,862028
6bba_474be664,862028,862134
6bba_474be664,862134,862244
6bba_474be664,861969,862033
6bba_474be664,862033,862135
6bba_474be664,862135,862259
6bba_474be664,862259,862378
6bba_474be664,862378,862494
6bba_474be664,862055,862171
6bba_474be664,862171,862278
6bba_474be664,862278,862390
6bba_474be664,862390,862506
6bba_474be664,862066,862282
6bba_474be664,862282,862382
6bba_474be664,862382,862498
6bba_474be664,862064,862167
6bba_474be664,862167,862276
6bba_474be664,862276,862416
6bba_474be664,862416,862532
6bba_474be664,862061,862185
6bba_474be664,862185,862295
6bba_474be664,862059,862181
6bba_474be664,862181,862309
6bba_474be664,862309,862420
6bba_474be664,862420,862536
6bba_474be664,862057,862183
6bba_474be664,862183,862304
6bba_474be664,862056,862158
6bba_474be664,862158,862271
6bba_474be664,862271,862409
6bba_474be664,862409,862525
6bba_474be664,862525,862637
6bba_474be664,862637,862756
6bba_474be664,861980,862112
6bba_474be664,862112,862201
6bba_474be664,862201,862319
6bba_474be664,862319,862435
6bba_474be664,862435,862570
6bba_474be664,861977,862091
6bba_474be664,862091,862204
6bba_474be664,862204,862330
6bba_474be664,862330,862446
6bba_474be664,862446,862552
6bba_474be664,862552,862669
6bba_474be664,862669,862783
6bba_474be664,862783,862877
6bba_474be664,862877,862972
6bba_474be664,861975,862084
6bba_474be664,862084,862189
6bba_474be664,862189,862316
6bba_474be664,862316,862432
6bba_474be664,862432,862553
6bba_474be664,862553,862677
6bba_474be664,862677,862789
6bba_474be664,862789,862891
6bba_474be664,862891,862980
6bba_474be664,861994,862105
6bba_474be664,862105,862226
6bba_474be664,862070,862177
6bba_474be664,862177,862284
6bba_474be664,862069,862186
6bba_474be664,862186,862301
6bba_474be664,862301,862424
6bba_474be664,862424,862540
6bba_474be664,862540,862648
6bba_474be664,862648,862764
6bba_474be664,862054,862157
6bba_474be664,862157,862266
6bba_474be664,862266,862400
6bba_474be664,862400,862516
6bba_474be664,862516,862621
6bba_474be664,862621,862736
6bba_474be664,862736,862867
6bba_474be664,862867,862947
6bba_474be664,862947,863054
6bba_474be664,862080,862170
6bba_474be664,862170,862292
6bba_474be664,862079,862175
6bba_474be664,862175,862296
6bba_474be664,862077,862169
6bba_474be664,862074,862176
6bba_474be664,862176,862286
6bba_474be664,862286,862398
6bba_474be664,862398,862514
6bba_474be664,862746,862858
6bba_474be664,862858,863056
6bba_474be664,862071,862163
6bba_474be664,862163,862275
6bba_474be664,862275,862427
6bba_474be664,862427,862543
6bba_474be664,862145,862254
6bba_474be664,862254,862349
6bba_474be664,862349,862465
6bba_474be664,862162,862260
6bba_474be664,862260,862373
6bba_474be664,862373,862489
6bba_474be664,862714,862831
6bba_474be664,862180,862300
6bba_474be664,862184,862294
6bba_474be664,862294,862405
6bba_474be664,862405,862521
6bba_474be664,862521,862642
6bba_474be664,862642,862761
6bba_474be664,862174,862281
6bba_474be664,862156,862262
6bba_474be664,862155,862257
6bba_474be664,862257,862338
6bba_474be664,862338,862454
6bba_474be664,862154,862269
6bba_474be664,862269,862380
6bba_474be664,862380,862496
6bba_474be664,862153,862258
6bba_474be664,862258,862376
6bba_474be664,862376,862492
6bba_474be664,862492,862630
6bba_474be664,862630,862743
6bba_474be664,862743,862859
6bba_474be664,862859,862956
6bba_474be664,862149,862261
6bba_474be664,862261,862389
6bba_474be664,862389,862505
6bba_474be664,862303,862418
6bba_474be664,862418,862534
6bba_474be664,862250,862363
6bba_474be664,862363,862479
6bba_474be664,862246,862365
6bba_474be664,862365,862481
6bba_474be664,862481,862600
6bba_474be664,862600,862719
6bba_474be664,862719,862841
6bba_474be664,862841,862962
6bba_474be664,862962,863059
6bba_474be664,862230,862335
6bba_474be664,862335,862451
6bba_474be664,862306,862410
6bba_474be664,862410,862526
6bba_474be664,862526,862624
6bba_474be664,862624,862738
6bba_474be664,862738,862852
6bba_474be664,862852,862941
6bba_474be664,862941,863035
6bba_474be664,862264,862393
6bba_474be664,862393,862509
6bba_474be664,862509,862622
6bba_474be664,862856,862964
6bba_474be664,862253,862366
6bba_474be664,862366,862482
6bba_474be664,862297,862404
6bba_474be664,862404,862520
6bba_474be664,862207,862343
6bba_474be664,862343,862459
6bba_474be664,862307,862411
6bba_474be664,862411,862527
6bba_474be664,862321,862437
6bba_474be664,862333,862449
6bba_474be664,862406,862522
6bba_474be664,862522,862634
6bba_474be664,862634,862749
6bba_474be664,862407,862523
6bba_474be664,862412,862528
6bba_474be664,862528,862577
6bba_474be664,862399,862515
6bba_474be664,862414,862530
6bba_474be664,862530,862662
6bba_474be664,862415,862531
6bba_474be664,862417,862533
6bba_474be664,862419,862535
6bba_474be664,862535,862644
6bba_474be664,862644,862750
6bba_474be664,862750,862864
6bba_474be664,862413,862529
6bba_474be664,862372,862488
6bba_474be664,862375,862491
6bba_474be664,862491,862546
6bba_474be664,862546,862675
6bba_474be664,862675,862786
6bba_474be664,862786,862890
6bba_474be664,862890,862983
6bba_474be664,862381,862497
6bba_474be664,862497,862598
6bba_474be664,862598,862718
6bba_474be664,862718,862832
6bba_474be664,862832,862940
6bba_474be664,862940,863012
6bba_474be664,862383,862499
6bba_474be664,862499,862628
6bba_474be664,862628,862737
6bba_474be664,862737,862854
6bba_474be664,862854,862942
6bba_474be664,862942,863055
6bba_474be664,862392,862508
6bba_474be664,862508,862589
6bba_474be664,862589,862723
6bba_474be664,862723,862829
6bba_474be664,862829,862932
6bba_474be664,862932,863031
6bba_474be664,862391,862507
6bba_474be664,862507,862615
6bba_474be664,862615,862735
6bba_474be664,862735,862835
6bba_474be664,862835,862934
6bba_474be664,862934,863032
6bba_474be664,862388,862504
6bba_474be664,862386,862502
6bba_474be664,862502,862619
6bba_474be664,862619,862734
6bba_474be664,862425,862541
6bba_474be664,862767,862862
6bba_474be664,862439,862705
6bba_474be664,862705,862896
6bba_474be664,862524,862745
6bba_474be664,862745,862860
6bba_474be664,862860,862949
6bba_474be664,862949,863040
6bba_474be664,862486,862576
6bba_474be664,862576,862702
6bba_474be664,862702,862800
6bba_474be664,862800,862918
6bba_474be664,862918,863015
6bba_474be664,862646,862763
6bba_474be664,862601,862721
6bba_474be664,862721,862839
6bba_474be664,862643,862732
6bba_474be664,862732,862849
6bba_474be664,862573,862681
6bba_474be664,862681,862799
6bba_474be664,862799,862884
6bba_474be664,862884,862976
6bba_474be664,862572,862687
6bba_474be664,862923,863028
6bba_474be664,862571,862688
6bba_474be664,862688,862816
6bba_474be664,862816,862913
6bba_474be664,862913,863005
6bba_474be664,862567,862695
6bba_474be664,862695,862815
6bba_474be664,862815,862892
6bba_474be664,862892,862994
6bba_474be664,862562,862689
6bba_474be664,862560,862672
6bba_474be664,862672,862796
6bba_474be664,862796,862882
6bba_474be664,862882,862974
6bba_474be664,862557,862690
6bba_474be664,862690,862785
6bba_474be664,862785,862894
6bba_474be664,862894,863002
6bba_474be664,862551,862806
6bba_474be664,862550,862676
6bba_474be664,862676,862784
6bba_474be664,862784,862880
6bba_474be664,862880,862977
6bba_474be664,862547,862667
6bba_474be664,862667,862782
6bba_474be664,862782,862886
6bba_474be664,862886,862979
6bba_474be664,862544,862666
6bba_474be664,862666,862780
6bba_474be664,862780,862878
6bba_474be664,862878,862973
6bba_474be664,862596,862729
6bba_474be664,862729,862833
6bba_474be664,862833,862921
6bba_474be664,862921,863027
6bba_474be664,862593,862825
6bba_474be664,862825,862939
6bba_474be664,862939,863049
6bba_474be664,862588,862701
6bba_474be664,862701,862802
6bba_474be664,862580,862694
6bba_474be664,862694,862805
6bba_474be664,862582,862696
6bba_474be664,862696,862794
6bba_474be664,862794,862883
6bba_474be664,862883,862978
6bba_474be664,862635,862752
6bba_474be664,862752,862871
6bba_474be664,862871,862927
6bba_474be664,862927,862997
6bba_474be664,862647,862755
6bba_474be664,862755,862869
6bba_474be664,862623,862730
6bba_474be664,862730,862848
6bba_474be664,862848,862954
6bba_474be664,862954,863016
6bba_474be664,862625,862742
6bba_474be664,862950,863052
6bba_474be664,862629,862740
6bba_474be664,862969,863051
6bba_474be664,862631,862741
6bba_474be664,862741,862855
6bba_474be664,862618,862744
6bba_474be664,862744,862875
6bba_474be664,862617,862836
6bba_474be664,862613,862731
6bba_474be664,862731,862840
6bba_474be664,862840,862919
6bba_474be664,862919,863011
6bba_474be664,862610,862722
6bba_474be664,862722,862853
6bba_474be664,862853,862953
6bba_474be664,862953,863038
6bba_474be664,862606,862728
6bba_474be664,862728,862838
6bba_474be664,862651,862758
6bba_474be664,862758,862966
6bba_474be664,862652,862769
6bba_474be664,862769,862865
6bba_474be664,862658,862774
6bba_474be664,862774,862872
6bba_474be664,862872,862901
6bba_474be664,862901,862996
6bba_474be664,862660,862771
6bba_474be664,862661,862766
6bba_474be664,862766,862971
6bba_474be664,862650,862759
6bba_474be664,862759,862874
6bba_474be664,862874,862970
6bba_474be664,862605,862727
6bba_474be664,862727,862834
6bba_474be664,862834,862943
6bba_474be664,862943,863036
6bba_474be664,862604,862710
6bba_474be664,862710,862823
6bba_474be664,862823,862917
6bba_474be664,862917,863008
6bba_474be664,862607,862720
6bba_474be664,862720,862830
6bba_474be664,862708,862824
6bba_474be664,862824,862907
6bba_474be664,862907,863003
6bba_474be664,862715,862967
6bba_474be664,862684,862791
6bba_474be664,862791,862888
6bba_474be664,862888,862988
6bba_474be664,862765,862876
6bba_474be664,862876,862961
6bba_474be664,862961,863050
6bba_474be664,862814,862895
6bba_474be664,862895,862995
6bba_474be664,862813,862915
6bba_474be664,862915,862990
6bba_474be664,862820,862900
6bba_474be664,862900,862998
6bba_474be664,862861,862960
6bba_474be664,862960,863058
6bba_474be664,862851,862922
6bba_474be664,862922,863014
6bba_474be664,862846,862952
6bba_474be664,862952,863048
6bba_474be664,862968,863046
6bba_474be664,862902,862992
6bba_474be664,862914,862999
6bba_474be664,862920,863018
6bba_474be664,862955,863043
6bba_474be664,862929,863023
6bba_474be664,862937,863024
6bba_474be664,862945,863033
6bba_474be664,862951,863041
