dataset,node_id,t,z,y,x,mean_intensity,snr,z_depth_ratio,estimated_radius_um,volume_um3,local_density_r15
6bba_fc83837d,1333763,0,0.0,115.0,232.0,0.8700514,4.9766903,0.0,2.1396742,41.032837,0
6bba_fc83837d,1333764,0,0.0,157.0,228.0,1.0818627,2.9662926,0.0,2.1396742,41.032837,0
6bba_fc83837d,1333765,0,0.0,36.0,223.0,0.804616,3.2866194,0.0,2.1396742,41.032837,0
6bba_fc83837d,1333766,0,5.0,255.0,218.0,1.6387488,3.673273,0.07936508,2.1396742,41.032837,0
6bba_fc83837d,1333767,1,0.0,117.0,229.0,0.86666083,4.76004,0.0,2.1396742,41.032837,0
6bba_fc83837d,1333768,1,2.0,255.0,219.0,1.7183068,3.1534817,0.031746034,2.0723133,37.2782,0
6bba_fc83837d,1333769,1,8.0,180.0,245.0,1.225389,3.635532,0.12698413,2.5434792,68.92444,0
6bba_fc83837d,1333770,2,0.0,125.0,226.0,0.87882227,4.838815,0.0,2.1396742,41.032837,0
6bba_fc83837d,1333771,2,0.0,43.0,216.0,0.81346875,3.6233587,0.0,2.1396742,41.032837,0
6bba_fc83837d,1333772,2,32.0,247.0,248.0,1.4910853,1.5864708,0.50793654,2.5434792,68.92444,0
6bba_fc83837d,1333773,2,9.0,186.0,245.0,1.2287937,3.345612,0.14285715,2.5434792,68.92444,0
6bba_fc83837d,1333774,3,0.0,44.0,217.0,0.8059874,3.200829,0.0,2.1396742,41.032837,0
6bba_fc83837d,1333775,3,0.0,126.0,228.0,0.84836596,4.5539064,0.0,2.1396742,41.032837,0
6bba_fc83837d,1333776,3,32.0,250.0,246.0,1.5249062,1.5343692,0.50793654,2.5434792,68.92444,0
6bba_fc83837d,1333777,3,30.0,255.0,231.0,1.5308006,1.4248134,0.47619048,2.1396742,41.032837,0
6bba_fc83837d,1333778,3,0.0,245.0,224.0,1.583987,2.9074075,0.0,2.1396742,41.032837,0
6bba_fc83837d,1333779,3,0.0,60.0,220.0,0.7249066,2.2543433,0.0,2.1396742,41.032837,0
6bba_fc83837d,1333780,4,35.0,255.0,249.0,1.3980743,1.5122024,0.5555556,2.1396742,41.032837,1
6bba_fc83837d,1333781,4,0.0,63.0,220.0,0.7468837,2.6501036,0.0,2.1396742,41.032837,0
6bba_fc83837d,1333782,4,14.0,177.0,249.0,1.0367912,2.2288072,0.22222222,2.5201738,67.04712,0
6bba_fc83837d,1333783,4,0.0,127.0,228.0,0.82052994,4.6712756,0.0,2.1396742,41.032837,0
6bba_fc83837d,1333784,4,0.0,45.0,216.0,0.77009225,2.8565698,0.0,2.1396742,41.032837,0
6bba_fc83837d,1333785,4,32.0,255.0,235.0,1.4238678,1.3264841,0.50793654,2.1396742,41.032837,1
6bba_fc83837d,1333786,4,5.0,26.0,225.0,0.6556212,3.4137278,0.07936508,2.5434792,68.92444,0
6bba_fc83837d,1333787,5,36.0,255.0,249.0,1.3279935,1.6363127,0.5714286,2.1396742,41.032837,1
6bba_fc83837d,1333788,5,0.0,64.0,220.0,0.71713936,2.6569529,0.0,2.1396742,41.032837,0
6bba_fc83837d,1333789,5,33.0,255.0,239.0,1.3507878,1.3746285,0.52380955,2.1396742,41.032837,1
6bba_fc83837d,1333790,5,0.0,46.0,216.0,0.75976306,3.1236286,0.0,2.1396742,41.032837,0
6bba_fc83837d,1333791,5,14.0,177.0,248.0,0.9949347,1.9061667,0.22222222,2.5168092,66.77893,0
6bba_fc83837d,1333792,6,0.0,67.0,221.0,0.7060866,3.1600413,0.0,2.1396742,41.032837,0
6bba_fc83837d,1333793,6,0.0,46.0,217.0,0.74767154,3.295196,0.0,2.1396742,41.032837,0
6bba_fc83837d,1333794,6,38.0,255.0,248.0,1.2128793,1.3379161,0.6031746,2.1350024,40.76465,1
6bba_fc83837d,1333795,6,0.0,132.0,230.0,0.79886204,4.2318716,0.0,2.1396742,41.032837,0
6bba_fc83837d,1333796,6,5.0,26.0,225.0,0.6473805,3.1948652,0.07936508,2.5434792,68.92444,0
6bba_fc83837d,1333797,6,34.0,255.0,238.0,1.3055673,1.1545206,0.53968257,2.13031,40.49646,1
6bba_fc83837d,1333798,7,38.0,255.0,246.0,1.3900677,1.8113366,0.6031746,2.1350024,40.76465,0
6bba_fc83837d,1333799,7,0.0,120.0,221.0,0.7357668,3.4187968,0.0,2.1396742,41.032837,0
6bba_fc83837d,1333800,7,0.0,54.0,216.0,0.6920868,2.7343593,0.0,2.1396742,41.032837,0
6bba_fc83837d,1333801,7,0.0,31.0,220.0,0.69455534,2.9093654,0.0,2.1350024,40.76465,0
6bba_fc83837d,1333802,7,0.0,255.0,232.0,1.5780512,2.5659428,0.0,1.7994134,24.405151,0
6bba_fc83837d,1333803,7,11.0,181.0,247.0,0.95989096,1.9668093,0.17460318,2.5201738,67.04712,0
6bba_fc83837d,1333804,8,34.0,255.0,247.0,1.2857959,1.3976283,0.53968257,2.1396742,41.032837,0
6bba_fc83837d,1333805,8,11.0,180.0,246.0,0.94328445,1.9257805,0.17460318,2.499849,65.43799,1
6bba_fc83837d,1333806,8,12.0,182.0,245.0,0.9521122,1.9852269,0.1904762,2.4861133,64.365234,1
6bba_fc83837d,1333807,8,0.0,124.0,219.0,0.7318161,3.4174364,0.0,2.1396742,41.032837,0
6bba_fc83837d,1333808,9,12.0,185.0,247.0,0.99536896,2.0724897,0.1904762,2.5335438,68.11987,0
6bba_fc83837d,1333809,9,26.0,255.0,219.0,1.4049661,2.5690894,0.41269842,2.1396742,41.032837,0
6bba_fc83837d,1333810,9,9.0,204.0,241.0,1.2140217,2.8421803,0.14285715,2.5434792,68.92444,0
6bba_fc83837d,1333811,9,35.0,255.0,249.0,1.1912582,1.1416014,0.5555556,2.1396742,41.032837,0
6bba_fc83837d,1333812,9,0.0,76.0,211.0,0.6086543,3.9304948,0.0,2.1396742,41.032837,0
6bba_fc83837d,1333813,9,2.0,34.0,216.0,0.6818465,3.1411738,0.031746034,2.4687274,63.024292,0
6bba_fc83837d,1333814,10,0.0,239.0,254.0,1.5208563,2.3243337,0.0,1.9566469,31.378052,0
6bba_fc83837d,1333815,10,2.0,38.0,215.0,0.7149544,3.0070937,0.031746034,2.4687274,63.024292,0
6bba_fc83837d,1333816,10,35.0,255.0,255.0,1.1450745,1.2970299,0.5555556,1.7794183,23.600586,0
6bba_fc83837d,1333817,10,9.0,207.0,238.0,1.2016087,2.903235,0.14285715,2.5434792,68.92444,0
6bba_fc83837d,1333818,11,34.0,255.0,255.0,1.2151589,1.8993818,0.53968257,1.7994134,24.405151,0
6bba_fc83837d,1333819,11,3.0,42.0,213.0,0.68435407,3.4225645,0.04761905,2.5401762,68.65625,0
6bba_fc83837d,1333820,11,0.0,241.0,255.0,1.4640894,2.2541382,0.0,1.7994134,24.405151,0
6bba_fc83837d,1333821,11,8.0,209.0,238.0,1.1890111,2.8445494,0.12698413,2.5434792,68.92444,0
6bba_fc83837d,1333822,11,0.0,153.0,225.0,0.85046107,3.2644873,0.0,2.1396742,41.032837,0
6bba_fc83837d,1333823,12,37.0,255.0,255.0,1.0120193,1.351281,0.5873016,1.7994134,24.405151,0
6bba_fc83837d,1333824,12,3.0,50.0,210.0,0.65947616,3.3131177,0.04761905,2.5401762,68.65625,0
6bba_fc83837d,1333825,12,0.0,159.0,225.0,0.8551237,2.8538346,0.0,2.1396742,41.032837,0
6bba_fc83837d,1333826,12,8.0,197.0,248.0,0.9878856,2.5026298,0.12698413,2.5434792,68.92444,0
6bba_fc83837d,1333827,13,13.0,0.0,221.0,0.6992355,4.5037103,0.20634921,2.1396742,41.032837,0
6bba_fc83837d,1333828,13,4.0,36.0,207.0,0.57815105,4.600474,0.06349207,2.5434792,68.92444,0
6bba_fc83837d,1333829,13,28.0,247.0,255.0,1.0891865,1.5177913,0.44444445,2.13031,40.49646,0
6bba_fc83837d,1333830,13,0.0,162.0,224.0,0.8313901,2.3883767,0.0,2.1396742,41.032837,0
6bba_fc83837d,1333831,13,9.0,90.0,211.0,0.5376876,3.3606596,0.14285715,2.5434792,68.92444,0
6bba_fc83837d,1333832,13,9.0,218.0,234.0,1.1646087,2.1990387,0.14285715,2.5434792,68.92444,0
6bba_fc83837d,1333833,13,5.0,57.0,207.0,0.59194344,2.9413137,0.07936508,2.5434792,68.92444,0
6bba_fc83837d,1333834,14,12.0,6.0,215.0,0.7732976,4.6852474,0.1904762,2.5434792,68.92444,0
6bba_fc83837d,1333835,14,0.0,75.0,198.0,0.64723974,3.1641738,0.0,2.1396742,41.032837,0
6bba_fc83837d,1333836,14,26.0,137.0,216.0,0.6906371,2.6652298,0.41269842,2.5434792,68.92444,0
6bba_fc83837d,1333837,14,0.0,37.0,201.0,0.6122257,3.6022348,0.0,2.1396742,41.032837,0
6bba_fc83837d,1333838,14,30.0,255.0,255.0,1.0632653,1.6687407,0.47619048,1.7927979,24.136963,0
6bba_fc83837d,1333839,14,8.0,204.0,245.0,0.9795685,2.061402,0.12698413,2.5434792,68.92444,0
6bba_fc83837d,1333840,14,0.0,99.0,197.0,0.6254435,3.2190385,0.0,2.1396742,41.032837,0
6bba_fc83837d,1333841,15,12.0,8.0,213.0,0.8104224,4.698105,0.1904762,2.5434792,68.92444,0
6bba_fc83837d,1333842,15,29.0,255.0,255.0,1.1483024,2.029267,0.46031746,1.7994134,24.405151,0
6bba_fc83837d,1333843,15,0.0,39.0,199.0,0.62775445,4.0811954,0.0,2.1396742,41.032837,0
6bba_fc83837d,1333844,15,0.0,100.0,197.0,0.64952147,3.696946,0.0,2.1396742,41.032837,0
6bba_fc83837d,1333845,15,8.0,206.0,244.0,0.9529495,2.032877,0.12698413,2.5434792,68.92444,0
6bba_fc83837d,1333846,15,0.0,76.0,196.0,0.6219596,2.9497836,0.0,2.1396742,41.032837,0
6bba_fc83837d,1333847,15,0.0,128.0,197.0,0.64630604,6.331744,0.0,2.1396742,41.032837,0
6bba_fc83837d,1333848,15,7.0,224.0,228.0,1.2343733,2.1631997,0.11111111,2.5401762,68.65625,0
6bba_fc83837d,1333849,16,13.0,11.0,211.0,0.77707064,4.384582,0.20634921,2.5434792,68.92444,0
6bba_fc83837d,1333850,16,0.0,80.0,193.0,0.65452266,4.1396937,0.0,2.1396742,41.032837,0
6bba_fc83837d,1333851,16,2.0,41.0,197.0,0.62606007,4.6782374,0.031746034,2.4687274,63.024292,0
6bba_fc83837d,1333852,16,0.0,102.0,197.0,0.6384104,2.8624282,0.0,2.1396742,41.032837,0
6bba_fc83837d,1333853,16,0.0,130.0,194.0,0.623757,5.8580728,0.0,2.1396742,41.032837,0
6bba_fc83837d,1333854,16,7.0,248.0,252.0,1.2504919,2.670022,0.11111111,2.5302145,67.851685,0
6bba_fc83837d,1333855,17,12.0,14.0,209.0,0.76368463,4.149375,0.1904762,2.5434792,68.92444,1
6bba_fc83837d,1333856,17,0.0,81.0,192.0,0.6692869,3.6532545,0.0,2.1396742,41.032837,0
6bba_fc83837d,1333857,17,0.0,108.0,196.0,0.65290034,2.9916189,0.0,2.1396742,41.032837,0
6bba_fc83837d,1333858,17,0.0,42.0,194.0,0.6173961,3.8367243,0.0,2.1396742,41.032837,0
6bba_fc83837d,1333859,17,14.0,204.0,223.0,0.77570176,2.58891,0.22222222,2.5368643,68.38806,0
6bba_fc83837d,1333860,17,5.0,65.0,195.0,0.5713799,3.4509935,0.07936508,2.5434792,68.92444,0
6bba_fc83837d,1333861,17,0.0,178.0,210.0,0.7761846,2.5656555,0.0,2.1396742,41.032837,0
6bba_fc83837d,1333862,17,25.0,145.0,208.0,0.6428919,2.9876533,0.3968254,2.5434792,68.92444,0
6bba_fc83837d,1333863,17,0.0,133.0,194.0,0.58495563,4.9845004,0.0,2.1396742,41.032837,0
6bba_fc83837d,1333864,17,44.0,35.0,248.0,0.5368885,3.2360623,0.6984127,2.5434792,68.92444,0
6bba_fc83837d,1333865,17,9.0,189.0,220.0,0.7766988,2.7484512,0.14285715,2.5401762,68.65625,0
6bba_fc83837d,1333866,17,0.0,237.0,246.0,1.012004,1.5435636,0.0,2.1350024,40.76465,0
6bba_fc83837d,1333867,17,5.0,216.0,248.0,0.85171276,2.8432903,0.07936508,2.5434792,68.92444,1
6bba_fc83837d,1333868,17,6.0,22.0,201.0,0.5137646,1.4056145,0.0952381,2.5235295,67.31531,1
6bba_fc83837d,1333869,17,8.0,213.0,243.0,0.8256149,2.2184982,0.12698413,2.5368643,68.38806,1
6bba_fc83837d,1333870,17,17.0,246.0,215.0,1.0909984,2.2519763,0.26984128,2.5401762,68.65625,0
6bba_fc83837d,1333871,17,0.0,212.0,209.0,0.86798555,2.0118926,0.0,2.1396742,41.032837,0
6bba_fc83837d,1333872,18,12.0,17.0,207.0,0.7540994,4.05658,0.1904762,2.5434792,68.92444,1
6bba_fc83837d,1333873,18,0.0,83.0,190.0,0.64501053,4.0049744,0.0,2.1396742,41.032837,0
6bba_fc83837d,1333874,18,44.0,35.0,247.0,0.5617357,3.5111015,0.6984127,2.5434792,68.92444,0
6bba_fc83837d,1333875,18,14.0,207.0,223.0,0.7838973,2.857004,0.22222222,2.5401762,68.65625,0
6bba_fc83837d,1333876,18,3.0,64.0,192.0,0.59898853,3.6525452,0.04761905,2.5401762,68.65625,0
6bba_fc83837d,1333877,18,3.0,47.0,194.0,0.6077079,3.3054361,0.04761905,2.5401762,68.65625,0
6bba_fc83837d,1333878,18,0.0,138.0,193.0,0.585119,5.052372,0.0,2.1396742,41.032837,0
6bba_fc83837d,1333879,18,24.0,146.0,206.0,0.63979304,3.2079263,0.3809524,2.5434792,68.92444,0
6bba_fc83837d,1333880,18,16.0,255.0,233.0,1.0849265,1.8941443,0.25396827,2.1396742,41.032837,0
6bba_fc83837d,1333881,18,6.0,217.0,247.0,0.84843665,2.9772894,0.0952381,2.5434792,68.92444,0
6bba_fc83837d,1333882,18,0.0,110.0,195.0,0.6008462,2.3204386,0.0,2.1396742,41.032837,1
6bba_fc83837d,1333883,18,8.0,105.0,195.0,0.5753301,2.954181,0.12698413,2.5434792,68.92444,1
6bba_fc83837d,1333884,18,18.0,116.0,205.0,0.5664571,3.581594,0.2857143,2.5434792,68.92444,0
6bba_fc83837d,1333885,18,6.0,24.0,199.0,0.529843,1.3756016,0.0952381,2.5368643,68.38806,1
6bba_fc83837d,1333886,18,19.0,178.0,203.0,0.72111934,2.4245744,0.3015873,2.5434792,68.92444,0
6bba_fc83837d,1333887,18,9.0,191.0,217.0,0.76816624,2.7008116,0.14285715,2.5434792,68.92444,0
6bba_fc83837d,1333888,19,12.0,25.0,200.0,0.74207544,3.862054,0.1904762,2.5434792,68.92444,0
6bba_fc83837d,1333889,19,0.0,50.0,185.0,0.6691293,4.5041456,0.0,2.1396742,41.032837,0
6bba_fc83837d,1333890,19,0.0,121.0,187.0,0.63806605,3.3278193,0.0,2.1396742,41.032837,0
6bba_fc83837d,1333891,19,0.0,90.0,183.0,0.623226,3.7459133,0.0,2.1396742,41.032837,0
6bba_fc83837d,1333892,19,0.0,71.0,184.0,0.63353175,3.611242,0.0,2.1396742,41.032837,0
6bba_fc83837d,1333893,19,0.0,221.0,205.0,0.93132585,1.9757469,0.0,2.1396742,41.032837,0
6bba_fc83837d,1333894,19,13.0,211.0,221.0,0.76989645,2.5070732,0.20634921,2.5235295,67.31531,0
6bba_fc83837d,1333895,19,24.0,148.0,199.0,0.6275223,2.7771356,0.3809524,2.5434792,68.92444,0
6bba_fc83837d,1333896,19,0.0,205.0,234.0,0.73094654,2.2978456,0.0,2.1396742,41.032837,0
6bba_fc83837d,1333897,19,10.0,191.0,198.0,0.7609922,2.4019108,0.15873016,2.5302145,67.851685,1
6bba_fc83837d,1333898,19,0.0,187.0,207.0,0.78301823,1.9959768,0.0,2.1396742,41.032837,1
6bba_fc83837d,1333899,19,5.0,222.0,247.0,0.8363639,2.6073716,0.07936508,2.5368643,68.38806,1
6bba_fc83837d,1333900,19,43.0,39.0,242.0,0.5236034,2.8738756,0.6825397,2.5434792,68.92444,0
6bba_fc83837d,1333901,19,9.0,255.0,249.0,1.0534314,3.1589541,0.14285715,2.1396742,41.032837,0
6bba_fc83837d,1333902,19,9.0,162.0,194.0,0.6428918,2.443235,0.14285715,2.5434792,68.92444,0
6bba_fc83837d,1333903,19,0.0,231.0,156.0,0.8605567,2.980315,0.0,2.1396742,41.032837,0
6bba_fc83837d,1333904,19,9.0,218.0,236.0,0.7935555,2.1015902,0.14285715,2.5302145,67.851685,1
6bba_fc83837d,1333905,19,17.0,121.0,197.0,0.5530503,3.7010489,0.26984128,2.5434792,68.92444,0
6bba_fc83837d,1333906,20,12.0,17.0,207.0,0.75335604,4.0529513,0.1904762,2.5434792,68.92444,1
6bba_fc83837d,1333907,20,0.0,83.0,190.0,0.64774746,4.013099,0.0,2.1396742,41.032837,0
6bba_fc83837d,1333908,20,44.0,36.0,247.0,0.5557879,3.547849,0.6984127,2.5434792,68.92444,0
6bba_fc83837d,1333909,20,2.0,64.0,192.0,0.607329,3.5788445,0.031746034,2.4687274,63.024292,0
6bba_fc83837d,1333910,20,14.0,207.0,223.0,0.7739543,2.8801763,0.22222222,2.5401762,68.65625,0
6bba_fc83837d,1333911,20,3.0,47.0,194.0,0.6063024,3.3200846,0.04761905,2.5401762,68.65625,0
6bba_fc83837d,1333912,20,0.0,138.0,193.0,0.5839811,5.104187,0.0,2.1396742,41.032837,0
6bba_fc83837d,1333913,20,24.0,146.0,206.0,0.6348075,3.14492,0.3809524,2.5434792,68.92444,0
6bba_fc83837d,1333914,20,6.0,217.0,247.0,0.8325424,3.026776,0.0952381,2.5434792,68.92444,0
6bba_fc83837d,1333915,20,0.0,110.0,195.0,0.6015523,2.3145473,0.0,2.1396742,41.032837,1
6bba_fc83837d,1333916,20,18.0,116.0,205.0,0.56762433,3.5908046,0.2857143,2.5434792,68.92444,0
6bba_fc83837d,1333917,20,8.0,105.0,195.0,0.5763792,2.958985,0.12698413,2.5434792,68.92444,1
6bba_fc83837d,1333918,20,17.0,255.0,232.0,1.0054622,1.6677717,0.26984128,2.1396742,41.032837,0
6bba_fc83837d,1333919,20,19.0,178.0,203.0,0.7193024,2.4424438,0.3015873,2.5434792,68.92444,0
6bba_fc83837d,1333920,20,9.0,191.0,217.0,0.76251394,2.7097368,0.14285715,2.5401762,68.65625,0
6bba_fc83837d,1333921,20,6.0,24.0,199.0,0.5252432,1.3623437,0.0952381,2.5368643,68.38806,1
6bba_fc83837d,1333922,20,44.0,63.0,237.0,0.4625938,3.1912766,0.6984127,2.5434792,68.92444,0
6bba_fc83837d,1333923,20,0.0,215.0,208.0,0.7656279,2.6782873,0.0,2.1396742,41.032837,0
6bba_fc83837d,1333924,21,12.0,17.0,207.0,0.75335604,4.0529513,0.1904762,2.5434792,68.92444,1
6bba_fc83837d,1333925,21,0.0,83.0,190.0,0.64774746,4.013099,0.0,2.1396742,41.032837,0
6bba_fc83837d,1333926,21,44.0,36.0,247.0,0.5557879,3.547849,0.6984127,2.5434792,68.92444,0
6bba_fc83837d,1333927,21,2.0,64.0,192.0,0.607329,3.5788445,0.031746034,2.4687274,63.024292,0
6bba_fc83837d,1333928,21,14.0,207.0,223.0,0.7739543,2.8801763,0.22222222,2.5401762,68.65625,0
6bba_fc83837d,1333929,21,3.0,47.0,194.0,0.6063024,3.3200846,0.04761905,2.5401762,68.65625,0
6bba_fc83837d,1333930,21,0.0,138.0,193.0,0.5839811,5.104187,0.0,2.1396742,41.032837,0
6bba_fc83837d,1333931,21,24.0,146.0,206.0,0.6348075,3.14492,0.3809524,2.5434792,68.92444,0
6bba_fc83837d,1333932,21,6.0,217.0,247.0,0.8325424,3.026776,0.0952381,2.5434792,68.92444,0
6bba_fc83837d,1333933,21,0.0,110.0,195.0,0.6015523,2.3145473,0.0,2.1396742,41.032837,1
6bba_fc83837d,1333934,21,18.0,116.0,205.0,0.56762433,3.5908046,0.2857143,2.5434792,68.92444,0
6bba_fc83837d,1333935,21,8.0,105.0,195.0,0.5763792,2.958985,0.12698413,2.5434792,68.92444,1
6bba_fc83837d,1333936,21,17.0,255.0,232.0,1.0054622,1.6677717,0.26984128,2.1396742,41.032837,0
6bba_fc83837d,1333937,21,19.0,178.0,203.0,0.7193024,2.4424438,0.3015873,2.5434792,68.92444,0
6bba_fc83837d,1333938,21,9.0,191.0,217.0,0.76251394,2.7097368,0.14285715,2.5401762,68.65625,0
6bba_fc83837d,1333939,21,6.0,24.0,199.0,0.5252432,1.3623437,0.0952381,2.5368643,68.38806,1
6bba_fc83837d,1333940,21,44.0,63.0,237.0,0.4625938,3.1912766,0.6984127,2.5434792,68.92444,0
6bba_fc83837d,1333941,21,0.0,215.0,208.0,0.7656279,2.6782873,0.0,2.1396742,41.032837,0
6bba_fc83837d,1333942,22,49.0,35.0,246.0,0.64286757,2.884511,0.7777778,2.5434792,68.92444,0
6bba_fc83837d,1333943,22,0.0,0.0,168.0,0.58976656,3.3127866,0.0,1.7994134,24.405151,0
6bba_fc83837d,1333944,22,10.0,45.0,177.0,0.6526995,2.7831333,0.15873016,2.5434792,68.92444,0
6bba_fc83837d,1333945,22,0.0,244.0,202.0,1.0533146,1.6210798,0.0,2.1396742,41.032837,1
6bba_fc83837d,1333946,22,0.0,122.0,162.0,0.53975844,5.154487,0.0,2.1396742,41.032837,0
6bba_fc83837d,1333947,22,60.0,89.0,237.0,0.54482424,4.9491487,0.95238096,2.5401762,68.65625,0
6bba_fc83837d,1333948,22,33.0,15.0,228.0,0.47975612,3.528579,0.52380955,2.5434792,68.92444,0
6bba_fc83837d,1333949,22,0.0,99.0,164.0,0.5225549,4.0723886,0.0,2.1396742,41.032837,0
6bba_fc83837d,1333950,22,25.0,12.0,210.0,0.44920093,4.291298,0.3968254,2.5434792,68.92444,0
6bba_fc83837d,1333951,22,22.0,169.0,178.0,0.586628,2.9507194,0.34920636,2.5434792,68.92444,0
6bba_fc83837d,1333952,22,33.0,54.0,213.0,0.53083307,2.570256,0.52380955,2.5434792,68.92444,0
6bba_fc83837d,1333953,22,14.0,234.0,210.0,0.769622,2.042365,0.22222222,2.5201738,67.04712,0
6bba_fc83837d,1333954,22,34.0,76.0,202.0,0.50617355,3.0724263,0.53968257,2.5434792,68.92444,0
6bba_fc83837d,1333955,22,5.0,255.0,203.0,1.1202964,2.404967,0.07936508,2.1396742,41.032837,1
6bba_fc83837d,1333956,22,7.0,60.0,174.0,0.5583762,1.8594047,0.11111111,2.5434792,68.92444,0
6bba_fc83837d,1333957,22,51.0,65.0,233.0,0.44352764,4.413226,0.8095238,2.5434792,68.92444,0
6bba_fc83837d,1333958,22,0.0,238.0,242.0,0.77339524,1.5789877,0.0,2.1396742,41.032837,0
6bba_fc83837d,1333959,23,37.0,7.0,234.0,0.5807358,5.750741,0.5873016,2.5434792,68.92444,0
6bba_fc83837d,1333960,23,48.0,42.0,242.0,0.6147894,3.0289931,0.7619048,2.5434792,68.92444,0
6bba_fc83837d,1333961,23,0.0,4.0,162.0,0.56483424,3.6126363,0.0,2.1396742,41.032837,0
6bba_fc83837d,1333962,23,8.0,54.0,170.0,0.6869476,2.7357628,0.12698413,2.5434792,68.92444,2
6bba_fc83837d,1333963,23,0.0,255.0,201.0,0.99993134,3.5125954,0.0,1.7994134,24.405151,0
6bba_fc83837d,1333964,23,0.0,246.0,185.0,0.9449405,3.5086944,0.0,2.1396742,41.032837,0
6bba_fc83837d,1333965,23,32.0,62.0,204.0,0.56255555,2.7144918,0.50793654,2.5434792,68.92444,0
6bba_fc83837d,1333966,23,7.0,251.0,243.0,0.89141536,3.5292947,0.11111111,2.5434792,68.92444,0
6bba_fc83837d,1333967,23,33.0,22.0,222.0,0.47350612,3.6543102,0.52380955,2.5434792,68.92444,0
6bba_fc83837d,1333968,23,24.0,20.0,204.0,0.44692886,4.3331656,0.3809524,2.5434792,68.92444,0
6bba_fc83837d,1333969,23,6.0,65.0,169.0,0.60195243,1.7629536,0.0952381,2.5401762,68.65625,2
6bba_fc83837d,1333970,23,32.0,85.0,195.0,0.47829697,3.4143474,0.50793654,2.5235295,67.31531,0
6bba_fc83837d,1333971,23,63.0,146.0,212.0,0.4301412,4.046832,1.0,2.1350024,40.76465,0
6bba_fc83837d,1333972,23,44.0,160.0,181.0,0.50141746,3.6445642,0.6984127,2.5434792,68.92444,0
6bba_fc83837d,1333973,23,34.0,45.0,208.0,0.4722207,2.556318,0.53968257,2.5434792,68.92444,0
6bba_fc83837d,1333974,23,0.0,100.0,159.0,0.48558593,3.2614734,0.0,2.1396742,41.032837,0
6bba_fc83837d,1333975,23,58.0,92.0,234.0,0.48924053,4.3451214,0.9206349,2.5434792,68.92444,0
6bba_fc83837d,1333976,23,8.0,199.0,169.0,0.66171837,2.419027,0.12698413,2.5368643,68.38806,0
6bba_fc83837d,1333977,23,0.0,125.0,155.0,0.4641398,3.6471455,0.0,2.1396742,41.032837,0
6bba_fc83837d,1333978,23,15.0,241.0,207.0,0.7609957,1.7148134,0.23809524,2.5168092,66.77893,0
6bba_fc83837d,1333979,23,0.0,245.0,163.0,0.87101996,3.9823635,0.0,2.1396742,41.032837,0
6bba_fc83837d,1333980,23,54.0,20.0,243.0,0.5009137,2.2591946,0.85714287,2.5434792,68.92444,0
6bba_fc83837d,1333981,23,0.0,72.0,160.0,0.489986,2.010061,0.0,2.1396742,41.032837,1
6bba_fc83837d,1333982,23,21.0,176.0,171.0,0.55148697,2.5131931,0.33333334,2.5434792,68.92444,0
6bba_fc83837d,1333983,23,15.0,55.0,178.0,0.5403766,1.4628142,0.23809524,2.5368643,68.38806,1
6bba_fc83837d,1333984,23,19.0,255.0,219.0,0.74302053,1.7880856,0.3015873,2.1396742,41.032837,0
6bba_fc83837d,1333985,23,49.0,71.0,229.0,0.42101166,4.070686,0.7777778,2.5434792,68.92444,0
6bba_fc83837d,1333986,24,37.0,8.0,233.0,0.619827,6.1231694,0.5873016,2.5434792,68.92444,0
6bba_fc83837d,1333987,24,48.0,45.0,241.0,0.60441566,3.232817,0.7619048,2.5434792,68.92444,0
6bba_fc83837d,1333988,24,0.0,255.0,200.0,0.955622,4.9943337,0.0,1.7994134,24.405151,0
6bba_fc83837d,1333989,24,7.0,254.0,242.0,0.9042659,3.1486988,0.11111111,2.3316977,53.10132,0
6bba_fc83837d,1333990,24,10.0,54.0,171.0,0.61828095,2.357022,0.15873016,2.5434792,68.92444,0
6bba_fc83837d,1333991,24,0.0,8.0,161.0,0.5140348,2.866992,0.0,2.1396742,41.032837,0
6bba_fc83837d,1333992,24,6.0,68.0,167.0,0.5892614,2.0688362,0.0952381,2.5434792,68.92444,1
6bba_fc83837d,1333993,24,32.0,89.0,192.0,0.4707546,4.1673837,0.50793654,2.5335438,68.11987,0
6bba_fc83837d,1333994,24,0.0,105.0,158.0,0.5068277,3.6842246,0.0,2.1396742,41.032837,0
6bba_fc83837d,1333995,24,33.0,24.0,222.0,0.4550966,3.7490373,0.52380955,2.5434792,68.92444,0
6bba_fc83837d,1333996,24,34.0,48.0,207.0,0.48267093,2.9103389,0.53968257,2.5434792,68.92444,0
6bba_fc83837d,1333997,24,18.0,255.0,218.0,0.7478233,2.1428473,0.2857143,2.1396742,41.032837,0
6bba_fc83837d,1333998,24,32.0,66.0,203.0,0.51911825,2.4919157,0.50793654,2.5434792,68.92444,0
6bba_fc83837d,1333999,24,24.0,24.0,202.0,0.41403905,4.378174,0.3809524,2.5434792,68.92444,0
6bba_fc83837d,1334000,24,43.0,161.0,180.0,0.49156824,3.631592,0.6825397,2.5434792,68.92444,0
6bba_fc83837d,1334001,24,63.0,148.0,212.0,0.40264353,4.359771,1.0,2.1396742,41.032837,0
6bba_fc83837d,1334002,24,54.0,22.0,244.0,0.51407725,2.3600574,0.85714287,2.5434792,68.92444,0
6bba_fc83837d,1334003,24,58.0,94.0,233.0,0.48317465,4.6538672,0.9206349,2.5434792,68.92444,0
6bba_fc83837d,1334004,24,0.0,224.0,192.0,0.74922967,2.1793647,0.0,2.1396742,41.032837,1
6bba_fc83837d,1334005,24,0.0,249.0,183.0,0.90793073,3.316588,0.0,2.1396742,41.032837,0
6bba_fc83837d,1334006,24,10.0,238.0,209.0,0.75582266,1.7447997,0.15873016,2.5434792,68.92444,0
6bba_fc83837d,1334007,24,0.0,78.0,158.0,0.47424138,3.146189,0.0,2.1396742,41.032837,1
6bba_fc83837d,1334008,24,21.0,177.0,170.0,0.5488153,2.4156067,0.33333334,2.5434792,68.92444,0
6bba_fc83837d,1334009,24,0.0,127.0,154.0,0.4343196,3.0802848,0.0,2.1350024,40.76465,0
6bba_fc83837d,1334010,24,49.0,73.0,228.0,0.4024597,4.2330284,0.7777778,2.5434792,68.92444,0
6bba_fc83837d,1334011,24,24.0,154.0,170.0,0.5090571,2.5302768,0.3809524,2.5434792,68.92444,0
6bba_fc83837d,1334012,24,5.0,226.0,187.0,0.7328794,2.7173452,0.07936508,2.5134354,66.51074,1
6bba_fc83837d,1334013,24,54.0,128.0,213.0,0.44677597,2.7262318,0.85714287,2.5434792,68.92444,0
6bba_fc83837d,1334014,25,6.0,255.0,239.0,0.9159546,4.1781683,0.0952381,2.1396742,41.032837,0
6bba_fc83837d,1334015,25,48.0,46.0,240.0,0.5962375,2.968854,0.7619048,2.5434792,68.92444,0
6bba_fc83837d,1334016,25,37.0,10.0,232.0,0.5504655,4.2083783,0.5873016,2.5434792,68.92444,1
6bba_fc83837d,1334017,25,9.0,55.0,168.0,0.6498958,2.738609,0.14285715,2.5434792,68.92444,0
6bba_fc83837d,1334018,25,6.0,71.0,165.0,0.5964737,2.4395113,0.0952381,2.5434792,68.92444,0
6bba_fc83837d,1334019,25,0.0,255.0,180.0,0.9333595,3.6150393,0.0,1.7994134,24.405151,0
6bba_fc83837d,1334020,25,0.0,255.0,200.0,0.8631476,4.989339,0.0,1.7994134,24.405151,0
6bba_fc83837d,1334021,25,33.0,25.0,221.0,0.4804579,4.456477,0.52380955,2.5434792,68.92444,0
6bba_fc83837d,1334022,25,0.0,11.0,158.0,0.4976307,2.5949256,0.0,2.1396742,41.032837,0
6bba_fc83837d,1334023,25,63.0,149.0,210.0,0.42088,4.64294,1.0,2.1396742,41.032837,0
6bba_fc83837d,1334024,25,0.0,228.0,190.0,0.7825105,2.624741,0.0,2.1396742,41.032837,0
6bba_fc83837d,1334025,25,0.0,106.0,155.0,0.47944093,3.6122174,0.0,2.1396742,41.032837,0
6bba_fc83837d,1334026,25,17.0,255.0,218.0,0.7183706,2.7043958,0.26984128,2.1396742,41.032837,0
6bba_fc83837d,1334027,25,24.0,25.0,201.0,0.42711228,4.2059,0.3809524,2.5434792,68.92444,0
6bba_fc83837d,1334028,25,34.0,50.0,205.0,0.47332895,3.0278559,0.53968257,2.5434792,68.92444,0
6bba_fc83837d,1334029,25,53.0,25.0,242.0,0.53694415,2.2947333,0.84126985,2.5434792,68.92444,0
6bba_fc83837d,1334030,25,32.0,69.0,199.0,0.51358396,2.482264,0.50793654,2.5434792,68.92444,0
6bba_fc83837d,1334031,25,43.0,163.0,178.0,0.48015913,3.4592164,0.6825397,2.5434792,68.92444,0
6bba_fc83837d,1334032,25,33.0,93.0,189.0,0.45296696,4.4626226,0.52380955,2.5434792,68.92444,0
6bba_fc83837d,1334033,25,24.0,0.0,208.0,0.34860528,5.292792,0.3809524,2.1396742,41.032837,0
6bba_fc83837d,1334034,25,0.0,130.0,152.0,0.43123254,3.145081,0.0,2.1396742,41.032837,0
6bba_fc83837d,1334035,25,20.0,179.0,168.0,0.5474743,2.525931,0.31746033,2.5434792,68.92444,0
6bba_fc83837d,1334036,25,57.0,96.0,231.0,0.45762926,3.9571028,0.9047619,2.5434792,68.92444,0
6bba_fc83837d,1334037,25,32.0,0.0,231.0,0.43277895,1.5066891,0.50793654,2.13031,40.49646,1
6bba_fc83837d,1334038,25,14.0,245.0,203.0,0.7550063,1.6341355,0.22222222,2.5235295,67.31531,1
6bba_fc83837d,1334039,25,43.0,123.0,193.0,0.47299194,2.9627388,0.6825397,2.5401762,68.65625,0
6bba_fc83837d,1334040,25,46.0,7.0,255.0,0.47268906,2.4827356,0.73015875,2.1396742,41.032837,0
6bba_fc83837d,1334041,25,19.0,255.0,195.0,0.74762493,1.5666574,0.3015873,2.1396742,41.032837,1
6bba_fc83837d,1334042,25,23.0,155.0,167.0,0.5235027,2.728589,0.36507937,2.5434792,68.92444,0
6bba_fc83837d,1334043,26,37.0,14.0,231.0,0.5468767,4.2759185,0.5873016,2.5434792,68.92444,1
6bba_fc83837d,1334044,26,48.0,50.0,239.0,0.57487494,2.9164102,0.7619048,2.5434792,68.92444,0
6bba_fc83837d,1334045,26,5.0,255.0,238.0,0.8229166,3.828784,0.07936508,2.1396742,41.032837,0
6bba_fc83837d,1334046,26,7.0,74.0,164.0,0.59997565,2.5159426,0.11111111,2.5434792,68.92444,0
6bba_fc83837d,1334047,26,0.0,110.0,154.0,0.49380833,3.3620245,0.0,2.1396742,41.032837,0
6bba_fc83837d,1334048,26,34.0,53.0,203.0,0.4945317,3.0117135,0.53968257,2.5434792,68.92444,0
6bba_fc83837d,1334049,26,24.0,0.0,206.0,0.41607726,4.4867826,0.3809524,2.1396742,41.032837,1
6bba_fc83837d,1334050,26,54.0,28.0,243.0,0.5466683,2.3223526,0.85714287,2.5434792,68.92444,0
6bba_fc83837d,1334051,26,33.0,29.0,219.0,0.45771608,4.1149,0.52380955,2.5434792,68.92444,0
6bba_fc83837d,1334052,26,63.0,150.0,209.0,0.41264004,4.131634,1.0,2.1350024,40.76465,0
6bba_fc83837d,1334053,26,47.0,10.0,255.0,0.4928163,2.919918,0.74603176,2.1396742,41.032837,0
6bba_fc83837d,1334054,26,32.0,71.0,198.0,0.5248367,2.5515027,0.50793654,2.5434792,68.92444,0
6bba_fc83837d,1334055,26,24.0,29.0,200.0,0.42325598,3.8969896,0.3809524,2.5434792,68.92444,0
6bba_fc83837d,1334056,26,32.0,94.0,188.0,0.43998748,3.7617905,0.50793654,2.5401762,68.65625,0
6bba_fc83837d,1334057,26,34.0,0.0,230.0,0.4750642,2.3444126,0.53968257,2.1396742,41.032837,2
6bba_fc83837d,1334058,26,0.0,135.0,152.0,0.46909428,4.058094,0.0,2.1396742,41.032837,0
6bba_fc83837d,1334059,26,0.0,13.0,156.0,0.45378736,2.2623262,0.0,2.1396742,41.032837,0
6bba_fc83837d,1334060,26,43.0,165.0,176.0,0.4678224,3.757102,0.6825397,2.5434792,68.92444,0
6bba_fc83837d,1334061,26,0.0,255.0,184.0,0.8092426,3.4173713,0.0,1.7994134,24.405151,0
6bba_fc83837d,1334062,26,58.0,98.0,230.0,0.46454278,4.5374475,0.9206349,2.5434792,68.92444,0
6bba_fc83837d,1334063,26,44.0,128.0,191.0,0.49035928,2.810252,0.6984127,2.5434792,68.92444,0
6bba_fc83837d,1334064,26,20.0,181.0,167.0,0.5285297,2.4384,0.31746033,2.5434792,68.92444,0
6bba_fc83837d,1334065,26,18.0,255.0,196.0,0.7250817,1.6244345,0.2857143,2.1396742,41.032837,0
6bba_fc83837d,1334066,26,10.0,57.0,168.0,0.5359922,1.964415,0.15873016,2.5434792,68.92444,0
6bba_fc83837d,1334067,26,47.0,76.0,226.0,0.38707268,3.839408,0.74603176,2.5401762,68.65625,0
6bba_fc83837d,1334068,26,16.0,0.0,187.0,0.32217556,6.492401,0.25396827,2.1396742,41.032837,0
6bba_fc83837d,1334069,26,0.0,84.0,155.0,0.4315359,2.9098392,0.0,2.1396742,41.032837,0
6bba_fc83837d,1334070,26,41.0,64.0,216.0,0.4054857,3.0763226,0.6507937,2.5434792,68.92444,0
6bba_fc83837d,1334071,26,55.0,132.0,209.0,0.44232213,3.0307086,0.8730159,2.5434792,68.92444,0
6bba_fc83837d,1334072,26,29.0,0.0,218.0,0.3864204,2.3162494,0.46031746,2.1396742,41.032837,2
6bba_fc83837d,1334073,26,8.0,242.0,208.0,0.69368404,1.7963977,0.12698413,2.5434792,68.92444,0
6bba_fc83837d,1334074,27,36.0,22.0,226.0,0.5582685,4.8089004,0.5714286,2.5434792,68.92444,1
6bba_fc83837d,1334075,27,0.0,15.0,151.0,0.49626517,2.5425513,0.0,2.1396742,41.032837,0
6bba_fc83837d,1334076,27,0.0,121.0,151.0,0.5120799,3.418986,0.0,2.1396742,41.032837,0
6bba_fc83837d,1334077,27,31.0,78.0,193.0,0.5546414,2.6870863,0.4920635,2.5401762,68.65625,0
6bba_fc83837d,1334078,27,45.0,54.0,232.0,0.5541759,2.5240052,0.71428573,2.5434792,68.92444,0
6bba_fc83837d,1334079,27,7.0,80.0,158.0,0.60175097,2.2962477,0.11111111,2.5434792,68.92444,1
6bba_fc83837d,1334080,27,54.0,37.0,239.0,0.55892164,2.2844489,0.85714287,2.5434792,68.92444,0
6bba_fc83837d,1334081,27,32.0,34.0,214.0,0.46099916,3.8742993,0.50793654,2.5434792,68.92444,0
6bba_fc83837d,1334082,27,0.0,255.0,232.0,0.62940544,3.7693298,0.0,1.7994134,24.405151,1
6bba_fc83837d,1334083,27,34.0,60.0,197.0,0.49951017,2.8550234,0.53968257,2.5434792,68.92444,0
6bba_fc83837d,1334084,27,0.0,239.0,188.0,0.7802171,2.3417072,0.0,2.1396742,41.032837,0
6bba_fc83837d,1334085,27,23.0,7.0,203.0,0.40625,4.2579274,0.36507937,2.5434792,68.92444,1
6bba_fc83837d,1334086,27,15.0,4.0,183.0,0.3842968,6.7865114,0.23809524,2.5434792,68.92444,0
6bba_fc83837d,1334087,27,42.0,169.0,171.0,0.4745275,3.6596746,0.6666667,2.5434792,68.92444,0
6bba_fc83837d,1334088,27,48.0,17.0,255.0,0.47078082,2.2922506,0.7619048,2.1396742,41.032837,0
6bba_fc83837d,1334089,27,63.0,152.0,206.0,0.4541258,3.2015588,1.0,2.1396742,41.032837,0
6bba_fc83837d,1334090,27,57.0,105.0,225.0,0.47554544,4.4696803,0.9047619,2.5434792,68.92444,0
6bba_fc83837d,1334091,27,0.0,140.0,145.0,0.4500817,2.61193,0.0,2.13031,40.49646,0
6bba_fc83837d,1334092,27,12.0,70.0,165.0,0.5600854,1.8370295,0.1904762,2.5434792,68.92444,1
6bba_fc83837d,1334093,27,33.0,8.0,229.0,0.4228252,2.530875,0.52380955,2.5401762,68.65625,2
6bba_fc83837d,1334094,27,21.0,189.0,161.0,0.53964704,2.7323103,0.33333334,2.5434792,68.92444,0
6bba_fc83837d,1334095,27,44.0,132.0,186.0,0.48668355,3.0676162,0.6984127,2.5434792,68.92444,0
6bba_fc83837d,1334096,27,23.0,36.0,194.0,0.39850262,3.3893747,0.36507937,2.5434792,68.92444,0
6bba_fc83837d,1334097,27,33.0,102.0,182.0,0.43582198,4.486289,0.52380955,2.5434792,68.92444,0
6bba_fc83837d,1334098,27,13.0,255.0,237.0,0.52889234,2.4831097,0.20634921,2.1396742,41.032837,1
6bba_fc83837d,1334099,27,40.0,70.0,211.0,0.42099082,3.296164,0.63492066,2.5434792,68.92444,0
6bba_fc83837d,1334100,27,54.0,138.0,204.0,0.4648207,2.9990702,0.85714287,2.5434792,68.92444,0
6bba_fc83837d,1334101,27,42.0,107.0,198.0,0.4358046,3.0580552,0.6666667,2.5401762,68.65625,0
6bba_fc83837d,1334102,27,41.0,0.0,252.0,0.45205006,2.566788,0.6507937,2.1350024,40.76465,0
6bba_fc83837d,1334103,27,0.0,251.0,209.0,0.766369,2.3353148,0.0,2.1396742,41.032837,1
6bba_fc83837d,1334104,27,28.0,146.0,168.0,0.46680793,3.0606313,0.44444445,2.5434792,68.92444,1
6bba_fc83837d,1334105,27,51.0,37.0,255.0,0.45410246,1.56507,0.8095238,2.1396742,41.032837,0
6bba_fc83837d,1334106,27,47.0,83.0,221.0,0.38024944,4.0561495,0.74603176,2.5434792,68.92444,0
6bba_fc83837d,1334107,27,29.0,3.0,216.0,0.37939104,2.675695,0.46031746,2.5401762,68.65625,2
6bba_fc83837d,1334108,27,0.0,255.0,167.0,0.7738423,3.4033556,0.0,1.7994134,24.405151,0
6bba_fc83837d,1334109,27,8.0,174.0,167.0,0.45389798,2.3696947,0.12698413,2.5434792,68.92444,0
6bba_fc83837d,1334110,27,12.0,249.0,190.0,0.6911513,1.4873184,0.1904762,2.5268764,67.583496,0
6bba_fc83837d,1334111,27,20.0,59.0,180.0,0.3817746,3.0189896,0.31746033,2.5434792,68.92444,0
6bba_fc83837d,1334112,27,0.0,95.0,150.0,0.3897584,3.099619,0.0,2.1396742,41.032837,0
6bba_fc83837d,1334113,27,20.0,138.0,170.0,0.41153768,2.1507378,0.31746033,2.5434792,68.92444,1
6bba_fc83837d,1334114,27,7.0,248.0,205.0,0.6826049,1.780614,0.11111111,2.5434792,68.92444,1
6bba_fc83837d,1334115,27,63.0,126.0,224.0,0.3456933,3.1724892,1.0,2.1396742,41.032837,0
6bba_fc83837d,1334116,28,36.0,22.0,222.0,0.5259867,4.5578814,0.5714286,2.5434792,68.92444,0
6bba_fc83837d,1334117,28,0.0,15.0,146.0,0.4927463,2.6692176,0.0,2.1396742,41.032837,0
6bba_fc83837d,1334118,28,7.0,82.0,154.0,0.6012403,2.4359078,0.11111111,2.5434792,68.92444,1
6bba_fc83837d,1334119,28,31.0,80.0,188.0,0.56244093,2.5970242,0.4920635,2.5434792,68.92444,0
6bba_fc83837d,1334120,28,63.0,66.0,255.0,0.45207998,7.6002917,1.0,1.7994134,24.405151,0
6bba_fc83837d,1334121,28,0.0,123.0,146.0,0.5032213,3.258868,0.0,2.1396742,41.032837,0
6bba_fc83837d,1334122,28,54.0,39.0,235.0,0.55807394,2.4473903,0.85714287,2.5434792,68.92444,0
6bba_fc83837d,1334123,28,0.0,244.0,185.0,0.7873541,2.5476754,0.0,2.1396742,41.032837,0
6bba_fc83837d,1334124,28,32.0,38.0,210.0,0.4484436,4.0450625,0.50793654,2.5434792,68.92444,0
6bba_fc83837d,1334125,28,47.0,56.0,229.0,0.54303086,2.1389308,0.74603176,2.5434792,68.92444,1
6bba_fc83837d,1334126,28,47.0,19.0,248.0,0.5007331,2.664882,0.74603176,2.5434792,68.92444,0
6bba_fc83837d,1334127,28,23.0,9.0,198.0,0.4015599,4.795519,0.36507937,2.5434792,68.92444,0
6bba_fc83837d,1334128,28,52.0,35.0,255.0,0.5128618,2.3818624,0.82539684,2.1396742,41.032837,0
6bba_fc83837d,1334129,28,14.0,6.0,178.0,0.3860756,6.024221,0.22222222,2.5434792,68.92444,0
6bba_fc83837d,1334130,28,23.0,38.0,189.0,0.42514247,3.7106464,0.36507937,2.5434792,68.92444,0
6bba_fc83837d,1334131,28,57.0,104.0,222.0,0.49898556,4.5006094,0.9047619,2.5434792,68.92444,0
6bba_fc83837d,1334132,28,40.0,69.0,207.0,0.45027098,3.2927783,0.63492066,2.5434792,68.92444,0
6bba_fc83837d,1334133,28,41.0,52.0,223.0,0.49134588,1.907185,0.6507937,2.5434792,68.92444,1
6bba_fc83837d,1334134,28,40.0,0.0,248.0,0.4735411,2.721529,0.63492066,2.1396742,41.032837,0
6bba_fc83837d,1334135,28,44.0,134.0,182.0,0.5044503,3.3054528,0.6984127,2.5434792,68.92444,0
6bba_fc83837d,1334136,28,33.0,63.0,193.0,0.47950947,2.2430341,0.52380955,2.5434792,68.92444,0
6bba_fc83837d,1334137,28,13.0,73.0,162.0,0.55551696,1.9252869,0.20634921,2.5434792,68.92444,1
6bba_fc83837d,1334138,28,63.0,154.0,202.0,0.45043188,3.5086184,1.0,2.1396742,41.032837,0
6bba_fc83837d,1334139,28,48.0,84.0,217.0,0.40396404,4.215737,0.7619048,2.5434792,68.92444,0
6bba_fc83837d,1334140,28,42.0,171.0,166.0,0.45858812,3.4745383,0.6666667,2.5434792,68.92444,0
6bba_fc83837d,1334141,28,32.0,104.0,178.0,0.42893276,3.975582,0.50793654,2.5434792,68.92444,0
6bba_fc83837d,1334142,28,43.0,109.0,193.0,0.4653071,3.1864522,0.6825397,2.5434792,68.92444,0
6bba_fc83837d,1334143,28,0.0,255.0,207.0,0.6963894,2.1283436,0.0,1.7994134,24.405151,0
6bba_fc83837d,1334144,28,13.0,255.0,232.0,0.48234123,2.8653655,0.20634921,2.1396742,41.032837,0
6bba_fc83837d,1334145,28,22.0,194.0,156.0,0.52683777,2.5453055,0.34920636,2.5434792,68.92444,0
6bba_fc83837d,1334146,28,32.0,7.0,224.0,0.39277723,2.2592168,0.50793654,2.5401762,68.65625,1
6bba_fc83837d,1334147,28,0.0,140.0,140.0,0.42799369,2.1590905,0.0,2.125597,40.22827,0
6bba_fc83837d,1334148,28,28.0,150.0,163.0,0.46634588,3.336561,0.44444445,2.5434792,68.92444,0
6bba_fc83837d,1334149,28,54.0,141.0,199.0,0.4686423,2.9704525,0.85714287,2.5434792,68.92444,0
6bba_fc83837d,1334150,28,28.0,6.0,212.0,0.37329072,2.7617311,0.44444445,2.5434792,68.92444,1
6bba_fc83837d,1334151,29,36.0,22.0,222.0,0.5259867,4.5578814,0.5714286,2.5434792,68.92444,0
6bba_fc83837d,1334152,29,0.0,15.0,146.0,0.4927463,2.6692176,0.0,2.1396742,41.032837,0
6bba_fc83837d,1334153,29,7.0,82.0,154.0,0.6012403,2.4359078,0.11111111,2.5434792,68.92444,1
6bba_fc83837d,1334154,29,31.0,80.0,188.0,0.56244093,2.5970242,0.4920635,2.5434792,68.92444,0
6bba_fc83837d,1334155,29,63.0,66.0,255.0,0.45207998,7.6002917,1.0,1.7994134,24.405151,0
6bba_fc83837d,1334156,29,0.0,123.0,146.0,0.5032213,3.258868,0.0,2.1396742,41.032837,0
6bba_fc83837d,1334157,29,54.0,39.0,235.0,0.55807394,2.4473903,0.85714287,2.5434792,68.92444,0
6bba_fc83837d,1334158,29,0.0,244.0,185.0,0.7873541,2.5476754,0.0,2.1396742,41.032837,0
6bba_fc83837d,1334159,29,32.0,38.0,210.0,0.4484436,4.0450625,0.50793654,2.5434792,68.92444,0
6bba_fc83837d,1334160,29,47.0,56.0,229.0,0.54303086,2.1389308,0.74603176,2.5434792,68.92444,1
6bba_fc83837d,1334161,29,47.0,19.0,248.0,0.5007331,2.664882,0.74603176,2.5434792,68.92444,0
6bba_fc83837d,1334162,29,23.0,9.0,198.0,0.4015599,4.795519,0.36507937,2.5434792,68.92444,0
6bba_fc83837d,1334163,29,52.0,35.0,255.0,0.5128618,2.3818624,0.82539684,2.1396742,41.032837,0
6bba_fc83837d,1334164,29,14.0,6.0,178.0,0.3860756,6.024221,0.22222222,2.5434792,68.92444,0
6bba_fc83837d,1334165,29,23.0,38.0,189.0,0.42514247,3.7106464,0.36507937,2.5434792,68.92444,0
6bba_fc83837d,1334166,29,57.0,104.0,222.0,0.49898556,4.5006094,0.9047619,2.5434792,68.92444,0
6bba_fc83837d,1334167,29,40.0,69.0,207.0,0.45027098,3.2927783,0.63492066,2.5434792,68.92444,0
6bba_fc83837d,1334168,29,41.0,52.0,223.0,0.49134588,1.907185,0.6507937,2.5434792,68.92444,1
6bba_fc83837d,1334169,29,40.0,0.0,248.0,0.4735411,2.721529,0.63492066,2.1396742,41.032837,0
6bba_fc83837d,1334170,29,44.0,134.0,182.0,0.5044503,3.3054528,0.6984127,2.5434792,68.92444,0
6bba_fc83837d,1334171,29,33.0,63.0,193.0,0.47950947,2.2430341,0.52380955,2.5434792,68.92444,0
6bba_fc83837d,1334172,29,13.0,73.0,162.0,0.55551696,1.9252869,0.20634921,2.5434792,68.92444,1
6bba_fc83837d,1334173,29,63.0,154.0,202.0,0.45043188,3.5086184,1.0,2.1396742,41.032837,0
6bba_fc83837d,1334174,29,48.0,84.0,217.0,0.40396404,4.215737,0.7619048,2.5434792,68.92444,0
6bba_fc83837d,1334175,29,42.0,171.0,166.0,0.45858812,3.4745383,0.6666667,2.5434792,68.92444,0
6bba_fc83837d,1334176,29,32.0,104.0,178.0,0.42893276,3.975582,0.50793654,2.5434792,68.92444,0
6bba_fc83837d,1334177,29,43.0,109.0,193.0,0.4653071,3.1864522,0.6825397,2.5434792,68.92444,0
6bba_fc83837d,1334178,29,0.0,255.0,207.0,0.6963894,2.1283436,0.0,1.7994134,24.405151,0
6bba_fc83837d,1334179,29,13.0,255.0,232.0,0.48234123,2.8653655,0.20634921,2.1396742,41.032837,0
6bba_fc83837d,1334180,29,22.0,194.0,156.0,0.52683777,2.5453055,0.34920636,2.5434792,68.92444,0
6bba_fc83837d,1334181,29,32.0,7.0,224.0,0.39277723,2.2592168,0.50793654,2.5401762,68.65625,1
6bba_fc83837d,1334182,29,0.0,140.0,140.0,0.42799369,2.1590905,0.0,2.125597,40.22827,0
6bba_fc83837d,1334183,29,28.0,150.0,163.0,0.46634588,3.336561,0.44444445,2.5434792,68.92444,0
6bba_fc83837d,1334184,29,54.0,141.0,199.0,0.4686423,2.9704525,0.85714287,2.5434792,68.92444,0
6bba_fc83837d,1334185,29,28.0,6.0,212.0,0.37329072,2.7617311,0.44444445,2.5434792,68.92444,1
6bba_fc83837d,1334186,30,63.0,65.0,255.0,0.5831044,4.979016,1.0,1.7994134,24.405151,0
6bba_fc83837d,1334187,30,35.0,26.0,218.0,0.55653137,5.6823173,0.5555556,2.5434792,68.92444,0
6bba_fc83837d,1334188,30,47.0,88.0,211.0,0.47008756,4.9161253,0.74603176,2.5434792,68.92444,0
6bba_fc83837d,1334189,30,30.0,84.0,182.0,0.54764456,2.672155,0.47619048,2.5434792,68.92444,0
6bba_fc83837d,1334190,30,52.0,33.0,255.0,0.5367589,2.4257922,0.82539684,2.1350024,40.76465,0
6bba_fc83837d,1334191,30,0.0,250.0,182.0,0.80219424,2.760298,0.0,2.1396742,41.032837,0
6bba_fc83837d,1334192,30,39.0,56.0,216.0,0.50068444,2.34444,0.61904764,2.5434792,68.92444,1
6bba_fc83837d,1334193,30,44.0,140.0,176.0,0.5332546,3.3765233,0.6984127,2.5434792,68.92444,0
6bba_fc83837d,1334194,30,0.0,19.0,142.0,0.45657098,2.511979,0.0,2.1396742,41.032837,0
6bba_fc83837d,1334195,30,31.0,42.0,204.0,0.44043913,3.9957066,0.4920635,2.5434792,68.92444,0
6bba_fc83837d,1334196,30,8.0,87.0,151.0,0.5687431,2.2774885,0.12698413,2.5434792,68.92444,2
6bba_fc83837d,1334197,30,47.0,62.0,223.0,0.50666684,2.3683834,0.74603176,2.5434792,68.92444,1
6bba_fc83837d,1334198,30,55.0,43.0,231.0,0.52456915,2.4689808,0.8730159,2.5434792,68.92444,0
6bba_fc83837d,1334199,30,40.0,76.0,202.0,0.44768965,3.3512676,0.63492066,2.5434792,68.92444,0
6bba_fc83837d,1334200,30,40.0,10.0,243.0,0.46600887,2.4800196,0.63492066,2.5434792,68.92444,2
6bba_fc83837d,1334201,30,56.0,107.0,215.0,0.47655293,3.956169,0.8888889,2.5434792,68.92444,0
6bba_fc83837d,1334202,30,14.0,10.0,173.0,0.3573791,6.228918,0.22222222,2.5434792,68.92444,0
6bba_fc83837d,1334203,30,0.0,129.0,141.0,0.46222574,2.9118428,0.0,2.1396742,41.032837,0
6bba_fc83837d,1334204,30,40.0,0.0,246.0,0.45162237,2.2432845,0.63492066,2.1396742,41.032837,1
6bba_fc83837d,1334205,30,23.0,13.0,193.0,0.3654148,3.9146311,0.36507937,2.5434792,68.92444,0
6bba_fc83837d,1334206,30,23.0,43.0,184.0,0.3961124,3.497278,0.36507937,2.5434792,68.92444,0
6bba_fc83837d,1334207,30,44.0,114.0,187.0,0.44961092,3.3878472,0.6984127,2.5434792,68.92444,0
6bba_fc83837d,1334208,30,46.0,20.0,245.0,0.44409397,2.1320064,0.73015875,2.5434792,68.92444,1
6bba_fc83837d,1334209,30,16.0,239.0,144.0,0.6781337,2.452322,0.25396827,2.5434792,68.92444,0
6bba_fc83837d,1334210,30,41.0,172.0,160.0,0.46308365,3.5675404,0.6507937,2.5434792,68.92444,0
6bba_fc83837d,1334211,30,33.0,68.0,187.0,0.4490689,2.2501426,0.52380955,2.5434792,68.92444,0
6bba_fc83837d,1334212,30,12.0,78.0,156.0,0.5380455,1.7509725,0.1904762,2.5434792,68.92444,2
6bba_fc83837d,1334213,30,34.0,112.0,172.0,0.41613743,4.0723696,0.53968257,2.5434792,68.92444,0
6bba_fc83837d,1334214,30,0.0,150.0,138.0,0.3785831,2.37612,0.0,2.13031,40.49646,0
6bba_fc83837d,1334215,30,63.0,155.0,198.0,0.43678802,2.3243961,1.0,2.1396742,41.032837,0
6bba_fc83837d,1334216,30,52.0,148.0,190.0,0.46664813,2.6539686,0.82539684,2.5434792,68.92444,0
6bba_fc83837d,1334217,30,33.0,11.0,221.0,0.3752397,2.7480981,0.52380955,2.5434792,68.92444,0
6bba_fc83837d,1334218,30,27.0,8.0,207.0,0.3634276,2.90572,0.42857143,2.5434792,68.92444,1
6bba_fc83837d,1334219,30,6.0,79.0,148.0,0.4920546,1.2016221,0.0952381,2.493,64.90161,2
6bba_fc83837d,1334220,30,26.0,0.0,209.0,0.3562675,2.342522,0.41269842,2.1350024,40.76465,1
6bba_fc83837d,1334221,30,15.0,255.0,158.0,0.66939193,2.3116143,0.23809524,2.1396742,41.032837,0
6bba_fc83837d,1334222,30,21.0,198.0,149.0,0.4927842,2.6462874,0.33333334,2.5434792,68.92444,0
6bba_fc83837d,1334223,31,63.0,67.0,255.0,0.6098508,6.0211725,1.0,1.7994134,24.405151,0
6bba_fc83837d,1334224,31,35.0,29.0,216.0,0.52805376,4.911741,0.5555556,2.5434792,68.92444,1
6bba_fc83837d,1334225,31,47.0,89.0,210.0,0.45819205,4.8952975,0.74603176,2.5434792,68.92444,0
6bba_fc83837d,1334226,31,0.0,22.0,140.0,0.46184057,2.608674,0.0,2.1396742,41.032837,0
6bba_fc83837d,1334227,31,54.0,43.0,232.0,0.55088586,2.4844651,0.85714287,2.5434792,68.92444,0
6bba_fc83837d,1334228,31,38.0,58.0,213.0,0.49343038,2.2751935,0.6031746,2.5434792,68.92444,1
6bba_fc83837d,1334229,31,30.0,88.0,179.0,0.51890635,2.4991534,0.47619048,2.5401762,68.65625,0
6bba_fc83837d,1334230,31,0.0,131.0,137.0,0.48360178,3.536648,0.0,2.1396742,41.032837,0
6bba_fc83837d,1334231,31,42.0,114.0,187.0,0.47284952,3.579684,0.6666667,2.5401762,68.65625,0
6bba_fc83837d,1334232,31,39.0,8.0,242.0,0.48413354,2.9472995,0.61904764,2.5434792,68.92444,0
6bba_fc83837d,1334233,31,51.0,31.0,255.0,0.5192869,2.4999218,0.8095238,2.1350024,40.76465,1
6bba_fc83837d,1334234,31,23.0,15.0,191.0,0.38122916,4.2519965,0.36507937,2.5434792,68.92444,1
6bba_fc83837d,1334235,31,8.0,90.0,148.0,0.5486103,2.182026,0.12698413,2.5434792,68.92444,2
6bba_fc83837d,1334236,31,44.0,141.0,174.0,0.52012926,3.399485,0.6984127,2.5434792,68.92444,0
6bba_fc83837d,1334237,31,30.0,44.0,201.0,0.41978532,3.8246222,0.47619048,2.5434792,68.92444,0
6bba_fc83837d,1334238,31,23.0,47.0,181.0,0.40631256,3.8452764,0.36507937,2.5434792,68.92444,0
6bba_fc83837d,1334239,31,40.0,77.0,200.0,0.42963102,3.2765973,0.63492066,2.5434792,68.92444,0
6bba_fc83837d,1334240,31,0.0,255.0,180.0,0.7350668,1.9315336,0.0,1.7994134,24.405151,0
6bba_fc83837d,1334241,31,45.0,61.0,220.0,0.5032101,2.0542464,0.71428573,2.5434792,68.92444,1
6bba_fc83837d,1334242,31,46.0,24.0,243.0,0.44840536,2.1753318,0.73015875,2.5434792,68.92444,1
6bba_fc83837d,1334243,31,55.0,108.0,214.0,0.45596164,3.0622463,0.8730159,2.5434792,68.92444,0
6bba_fc83837d,1334244,31,63.0,155.0,197.0,0.45378152,2.8104517,1.0,2.1396742,41.032837,0
6bba_fc83837d,1334245,31,0.0,151.0,134.0,0.38748834,2.745154,0.0,2.125597,40.22827,0
6bba_fc83837d,1334246,31,5.0,81.0,145.0,0.49398968,1.3495498,0.07936508,2.4546402,61.951538,2
6bba_fc83837d,1334247,31,14.0,11.0,170.0,0.3292107,5.0731077,0.22222222,2.5434792,68.92444,0
6bba_fc83837d,1334248,31,51.0,150.0,186.0,0.48935175,2.916888,0.8095238,2.5434792,68.92444,0
6bba_fc83837d,1334249,31,26.0,0.0,207.0,0.37342435,2.662956,0.41269842,2.1350024,40.76465,1
6bba_fc83837d,1334250,31,34.0,117.0,169.0,0.4168462,3.82096,0.53968257,2.5434792,68.92444,0
6bba_fc83837d,1334251,31,33.0,71.0,184.0,0.44886047,2.3208194,0.52380955,2.5434792,68.92444,0
6bba_fc83837d,1334252,31,27.0,12.0,205.0,0.37938094,2.5317948,0.42857143,2.5434792,68.92444,3
6bba_fc83837d,1334253,31,63.0,123.0,217.0,0.44117647,2.1128936,1.0,2.1396742,41.032837,0
6bba_fc83837d,1334254,31,16.0,241.0,141.0,0.62937057,2.2519188,0.25396827,2.5434792,68.92444,0
6bba_fc83837d,1334255,31,40.0,174.0,157.0,0.434613,3.3443718,0.63492066,2.5434792,68.92444,0
6bba_fc83837d,1334256,31,32.0,16.0,216.0,0.3765529,1.8259057,0.50793654,2.5434792,68.92444,2
6bba_fc83837d,1334257,31,20.0,200.0,145.0,0.4774493,2.5637398,0.31746033,2.5434792,68.92444,0
6bba_fc83837d,1334258,31,13.0,82.0,152.0,0.51009244,1.491369,0.20634921,2.5434792,68.92444,2
6bba_fc83837d,1334259,31,20.0,68.0,166.0,0.3561944,3.112622,0.31746033,2.5434792,68.92444,0
6bba_fc83837d,1334260,31,19.0,146.0,155.0,0.38769108,2.6341338,0.3015873,2.5434792,68.92444,0
6bba_fc83837d,1334261,32,63.0,68.0,255.0,0.687186,5.5102673,1.0,1.7994134,24.405151,0
6bba_fc83837d,1334262,32,0.0,255.0,180.0,0.80094194,2.9022815,0.0,1.7994134,24.405151,0
6bba_fc83837d,1334263,32,35.0,30.0,215.0,0.50218874,5.110934,0.5555556,2.5434792,68.92444,0
6bba_fc83837d,1334264,32,0.0,23.0,139.0,0.50458103,3.1131015,0.0,2.1396742,41.032837,0
6bba_fc83837d,1334265,32,30.0,88.0,178.0,0.54182535,2.543143,0.47619048,2.5401762,68.65625,0
6bba_fc83837d,1334266,32,38.0,56.0,213.0,0.49835324,2.3810554,0.6031746,2.5434792,68.92444,1
6bba_fc83837d,1334267,32,0.0,133.0,136.0,0.49946892,3.4697485,0.0,2.1396742,41.032837,0
6bba_fc83837d,1334268,32,9.0,90.0,147.0,0.55927944,2.1111987,0.14285715,2.5434792,68.92444,1
6bba_fc83837d,1334269,32,42.0,113.0,186.0,0.48052043,3.7159834,0.6666667,2.5401762,68.65625,0
6bba_fc83837d,1334270,32,39.0,13.0,240.0,0.47689345,2.6748495,0.61904764,2.5434792,68.92444,2
6bba_fc83837d,1334271,32,23.0,15.0,190.0,0.38916412,4.1994696,0.36507937,2.5434792,68.92444,1
6bba_fc83837d,1334272,32,44.0,142.0,173.0,0.5235756,3.4282775,0.6984127,2.5434792,68.92444,0
6bba_fc83837d,1334273,32,47.0,89.0,210.0,0.43254933,4.436638,0.74603176,2.5434792,68.92444,0
6bba_fc83837d,1334274,32,63.0,156.0,196.0,0.46869165,3.4882927,1.0,2.1396742,41.032837,0
6bba_fc83837d,1334275,32,45.0,63.0,219.0,0.50614226,2.30001,0.71428573,2.5434792,68.92444,1
6bba_fc83837d,1334276,32,51.0,32.0,254.0,0.487509,2.4258518,0.8095238,2.32382,52.56494,1
6bba_fc83837d,1334277,32,54.0,46.0,231.0,0.5273277,2.50154,0.85714287,2.5434792,68.92444,0
6bba_fc83837d,1334278,32,6.0,81.0,144.0,0.5298465,1.6052272,0.0952381,2.5201738,67.04712,1
6bba_fc83837d,1334279,32,23.0,47.0,180.0,0.39407307,3.6661441,0.36507937,2.5434792,68.92444,0
6bba_fc83837d,1334280,32,46.0,26.0,242.0,0.44874233,2.149797,0.73015875,2.5434792,68.92444,2
6bba_fc83837d,1334281,32,30.0,45.0,199.0,0.39249232,3.654182,0.47619048,2.5434792,68.92444,0
6bba_fc83837d,1334282,32,40.0,77.0,199.0,0.41556072,2.9486585,0.63492066,2.5434792,68.92444,0
6bba_fc83837d,1334283,32,32.0,74.0,184.0,0.47238046,2.2079558,0.50793654,2.5434792,68.92444,0
6bba_fc83837d,1334284,32,63.0,124.0,215.0,0.46227822,2.115821,1.0,2.1396742,41.032837,0
6bba_fc83837d,1334285,32,55.0,109.0,212.0,0.44835672,2.852265,0.8730159,2.5434792,68.92444,0
6bba_fc83837d,1334286,32,41.0,1.0,248.0,0.4380276,2.004041,0.6507937,2.3277657,52.83313,1
6bba_fc83837d,1334287,32,51.0,151.0,185.0,0.47309613,2.7775767,0.8095238,2.5434792,68.92444,0
6bba_fc83837d,1334288,32,27.0,13.0,203.0,0.37179685,2.6260567,0.42857143,2.5434792,68.92444,2
6bba_fc83837d,1334289,32,33.0,14.0,220.0,0.37119234,3.0666273,0.52380955,2.5434792,68.92444,0
6bba_fc83837d,1334290,32,59.0,83.0,231.0,0.4087549,3.9524434,0.93650794,2.5434792,68.92444,0
6bba_fc83837d,1334291,32,34.0,118.0,167.0,0.40299472,3.5947251,0.53968257,2.5434792,68.92444,0
6bba_fc83837d,1334292,32,63.0,179.0,183.0,0.32355276,4.6420264,1.0,2.13031,40.49646,0
6bba_fc83837d,1334293,32,26.0,0.0,207.0,0.35000587,2.6342711,0.41269842,2.1350024,40.76465,1
6bba_fc83837d,1334294,32,20.0,201.0,143.0,0.48951152,2.8307385,0.31746033,2.5434792,68.92444,0
6bba_fc83837d,1334295,32,0.0,151.0,132.0,0.3788282,2.2680216,0.0,2.1350024,40.76465,0
6bba_fc83837d,1334296,32,13.0,11.0,168.0,0.3099882,4.789227,0.20634921,2.5434792,68.92444,0
6bba_fc83837d,1334297,33,63.0,68.0,255.0,0.6832418,3.6440542,1.0,1.7994134,24.405151,0
6bba_fc83837d,1334298,33,35.0,31.0,213.0,0.49956575,4.6865597,0.5555556,2.5434792,68.92444,1
6bba_fc83837d,1334299,33,38.0,57.0,210.0,0.50763273,2.9933505,0.6031746,2.5434792,68.92444,1
6bba_fc83837d,1334300,33,0.0,24.0,138.0,0.4877801,3.037066,0.0,2.1396742,41.032837,0
6bba_fc83837d,1334301,33,51.0,36.0,250.0,0.5132713,2.9464698,0.8095238,2.5434792,68.92444,1
6bba_fc83837d,1334302,33,9.0,91.0,145.0,0.56146824,2.421515,0.14285715,2.5434792,68.92444,0
6bba_fc83837d,1334303,33,0.0,255.0,174.0,0.6912382,2.4424744,0.0,1.7994134,24.405151,0
6bba_fc83837d,1334304,33,44.0,143.0,171.0,0.5292141,3.623492,0.6984127,2.5434792,68.92444,0
6bba_fc83837d,1334305,33,23.0,49.0,178.0,0.41066912,3.973496,0.36507937,2.5434792,68.92444,0
6bba_fc83837d,1334306,33,0.0,137.0,135.0,0.48201442,3.0706983,0.0,2.1396742,41.032837,0
6bba_fc83837d,1334307,33,23.0,17.0,188.0,0.3736972,4.444399,0.36507937,2.5434792,68.92444,1
6bba_fc83837d,1334308,33,55.0,51.0,227.0,0.5446845,2.5274303,0.8730159,2.5434792,68.92444,0
6bba_fc83837d,1334309,33,47.0,92.0,208.0,0.43377224,4.16235,0.74603176,2.5434792,68.92444,0
6bba_fc83837d,1334310,33,31.0,91.0,176.0,0.50429404,2.2716503,0.4920635,2.5434792,68.92444,0
6bba_fc83837d,1334311,33,42.0,116.0,184.0,0.46050236,3.6246436,0.6666667,2.5401762,68.65625,0
6bba_fc83837d,1334312,33,46.0,27.0,241.0,0.4501772,2.2324398,0.73015875,2.5434792,68.92444,1
6bba_fc83837d,1334313,33,46.0,67.0,217.0,0.47444415,2.2539642,0.73015875,2.5434792,68.92444,1
6bba_fc83837d,1334314,33,63.0,157.0,194.0,0.46269843,2.869704,1.0,2.1396742,41.032837,0
6bba_fc83837d,1334315,33,39.0,13.0,240.0,0.4496005,2.276812,0.61904764,2.5434792,68.92444,0
6bba_fc83837d,1334316,33,30.0,48.0,197.0,0.3985756,3.3794937,0.47619048,2.5434792,68.92444,0
6bba_fc83837d,1334317,33,63.0,123.0,214.0,0.49056375,1.831907,1.0,2.1396742,41.032837,1
6bba_fc83837d,1334318,33,55.0,110.0,210.0,0.47361034,2.5282934,0.8730159,2.5434792,68.92444,1
6bba_fc83837d,1334319,33,39.0,78.0,197.0,0.4151612,2.729763,0.61904764,2.5434792,68.92444,0
6bba_fc83837d,1334320,33,58.0,123.0,210.0,0.48269528,2.1989684,0.9206349,2.5434792,68.92444,2
6bba_fc83837d,1334321,33,33.0,18.0,216.0,0.3837166,2.5782871,0.52380955,2.5434792,68.92444,1
6bba_fc83837d,1334322,33,52.0,151.0,185.0,0.47411755,2.6863909,0.82539684,2.5434792,68.92444,0
6bba_fc83837d,1334323,33,27.0,14.0,202.0,0.35836923,2.958548,0.42857143,2.5434792,68.92444,2
6bba_fc83837d,1334324,33,63.0,180.0,181.0,0.33014122,4.637805,1.0,2.1065323,39.155518,0
6bba_fc83837d,1334325,33,58.0,85.0,229.0,0.4009415,3.7718127,0.9206349,2.5434792,68.92444,0
6bba_fc83837d,1334326,33,32.0,76.0,183.0,0.45124722,1.8675203,0.50793654,2.5434792,68.92444,0
6bba_fc83837d,1334327,33,34.0,120.0,165.0,0.3996144,3.5823455,0.53968257,2.5434792,68.92444,0
6bba_fc83837d,1334328,33,20.0,68.0,164.0,0.3574938,3.5698216,0.31746033,2.5434792,68.92444,0
6bba_fc83837d,1334329,33,26.0,0.0,206.0,0.3301237,2.7547581,0.41269842,2.1350024,40.76465,1
6bba_fc83837d,1334330,33,22.0,92.0,161.0,0.36453238,2.0589333,0.34920636,2.5134354,66.51074,0
6bba_fc83837d,1334331,33,21.0,204.0,141.0,0.4792628,2.727826,0.33333334,2.5434792,68.92444,0
6bba_fc83837d,1334332,33,40.0,175.0,153.0,0.40923432,3.1648023,0.63492066,2.5434792,68.92444,0
6bba_fc83837d,1334333,33,57.0,8.0,255.0,0.42023224,3.4786677,0.9047619,2.1396742,41.032837,0
6bba_fc83837d,1334334,33,0.0,110.0,133.0,0.3735936,3.3337233,0.0,2.1396742,41.032837,0
6bba_fc83837d,1334335,33,12.0,167.0,139.0,0.43824694,2.3148084,0.1904762,2.5434792,68.92444,0
6bba_fc83837d,1334336,33,14.0,13.0,167.0,0.27975264,4.178896,0.22222222,2.5434792,68.92444,0
6bba_fc83837d,1334337,33,16.0,243.0,137.0,0.5931767,2.143622,0.25396827,2.5434792,68.92444,0
6bba_fc83837d,1334338,34,63.0,85.0,246.0,0.5269841,3.6834912,1.0,2.1396742,41.032837,1
6bba_fc83837d,1334339,34,46.0,0.0,238.0,0.5375292,2.3983133,0.73015875,2.1396742,41.032837,0
6bba_fc83837d,1334340,34,38.0,69.0,202.0,0.5027237,3.0357878,0.6031746,2.5434792,68.92444,0
6bba_fc83837d,1334341,34,0.0,30.0,131.0,0.498366,3.0000145,0.0,2.1396742,41.032837,0
6bba_fc83837d,1334342,34,40.0,22.0,237.0,0.507063,2.6882946,0.63492066,2.5434792,68.92444,0
6bba_fc83837d,1334343,34,63.0,72.0,249.0,0.5141457,2.7940547,1.0,2.1396742,41.032837,1
6bba_fc83837d,1334344,34,35.0,42.0,207.0,0.43459213,4.0561347,0.5555556,2.5434792,68.92444,0
6bba_fc83837d,1334345,34,0.0,143.0,125.0,0.48333332,3.55319,0.0,2.1396742,41.032837,0
6bba_fc83837d,1334346,34,63.0,127.0,214.0,0.5360469,2.1275132,1.0,2.1396742,41.032837,0
6bba_fc83837d,1334347,34,54.0,117.0,202.0,0.556323,2.7895694,0.85714287,2.5434792,68.92444,1
6bba_fc83837d,1334348,34,47.0,48.0,232.0,0.49780783,2.1577573,0.74603176,2.5434792,68.92444,1
6bba_fc83837d,1334349,34,24.0,10.0,198.0,0.38031545,3.7415183,0.3809524,2.5401762,68.65625,1
6bba_fc83837d,1334350,34,47.0,79.0,212.0,0.4814689,2.5085173,0.74603176,2.5434792,68.92444,0
6bba_fc83837d,1334351,34,44.0,127.0,176.0,0.4987771,3.5447178,0.6984127,2.5434792,68.92444,0
6bba_fc83837d,1334352,34,51.0,48.0,244.0,0.4811458,2.2767422,0.8095238,2.5434792,68.92444,1
6bba_fc83837d,1334353,34,22.0,24.0,183.0,0.3855823,4.8440332,0.34920636,2.5434792,68.92444,0
6bba_fc83837d,1334354,34,29.0,53.0,191.0,0.4287764,3.4004245,0.46031746,2.5434792,68.92444,0
6bba_fc83837d,1334355,34,32.0,25.0,214.0,0.4087132,4.3553224,0.50793654,2.5434792,68.92444,0
6bba_fc83837d,1334356,34,22.0,54.0,170.0,0.4141398,3.758757,0.34920636,2.5434792,68.92444,0
6bba_fc83837d,1334357,34,6.0,94.0,134.0,0.5388757,1.9078351,0.0952381,2.5268764,67.583496,1
6bba_fc83837d,1334358,34,13.0,19.0,162.0,0.35042733,5.726436,0.20634921,2.5434792,68.92444,0
6bba_fc83837d,1334359,34,20.0,71.0,156.0,0.41944483,3.3055403,0.31746033,2.5434792,68.92444,0
6bba_fc83837d,1334360,34,30.0,0.0,220.0,0.36219072,4.492815,0.47619048,2.1396742,41.032837,0
6bba_fc83837d,1334361,34,29.0,97.0,170.0,0.46527582,1.7555591,0.46031746,2.4895616,64.63342,1
6bba_fc83837d,1334362,34,46.0,156.0,163.0,0.5265008,2.9048014,0.73015875,2.5434792,68.92444,0
6bba_fc83837d,1334363,34,27.0,21.0,197.0,0.3751737,3.0650575,0.42857143,2.5434792,68.92444,1
6bba_fc83837d,1334364,34,57.0,12.0,255.0,0.4858602,2.942094,0.9047619,2.1396742,41.032837,1
6bba_fc83837d,1334365,34,0.0,165.0,123.0,0.38689893,2.8103724,0.0,2.1350024,40.76465,0
6bba_fc83837d,1334366,34,63.0,165.0,189.0,0.42023808,2.8057246,1.0,2.1396742,41.032837,1
6bba_fc83837d,1334367,34,47.0,105.0,200.0,0.44260702,2.0400472,0.74603176,2.5434792,68.92444,1
6bba_fc83837d,1334368,34,10.0,176.0,131.0,0.49069968,2.2574837,0.15873016,2.5434792,68.92444,1
6bba_fc83837d,1334369,34,40.0,91.0,191.0,0.4023763,2.5429342,0.63492066,2.5434792,68.92444,0
6bba_fc83837d,1334370,34,36.0,132.0,158.0,0.42730683,3.78272,0.5714286,2.5434792,68.92444,0
6bba_fc83837d,1334371,34,22.0,98.0,152.0,0.42493746,2.1526077,0.34920636,2.5434792,68.92444,0
6bba_fc83837d,1334372,34,16.0,251.0,128.0,0.6138167,3.065107,0.25396827,2.5434792,68.92444,0
6bba_fc83837d,1334373,34,7.0,191.0,131.0,0.48027027,2.567956,0.11111111,2.5434792,68.92444,0
6bba_fc83837d,1334374,34,34.0,82.0,176.0,0.4429023,2.0814047,0.53968257,2.5434792,68.92444,1
6bba_fc83837d,1334375,34,0.0,255.0,152.0,0.5233713,3.6738346,0.0,1.7994134,24.405151,0
6bba_fc83837d,1334376,34,57.0,61.0,225.0,0.49565384,2.2764053,0.9047619,2.5434792,68.92444,0
6bba_fc83837d,1334377,34,20.0,90.0,136.0,0.47328722,1.4569455,0.31746033,2.5434792,68.92444,1
6bba_fc83837d,1334378,34,0.0,120.0,123.0,0.38855627,3.6824172,0.0,2.1396742,41.032837,0
6bba_fc83837d,1334379,34,50.0,24.0,255.0,0.42547268,1.7057455,0.7936508,2.1396742,41.032837,1
6bba_fc83837d,1334380,34,20.0,180.0,133.0,0.48808366,2.4058967,0.31746033,2.5434792,68.92444,1
6bba_fc83837d,1334381,34,54.0,162.0,176.0,0.47096303,2.2102623,0.85714287,2.5401762,68.65625,1
6bba_fc83837d,1334382,34,5.0,255.0,191.0,0.4122024,3.6704109,0.07936508,2.1396742,41.032837,0
6bba_fc83837d,1334383,34,38.0,179.0,146.0,0.42546207,3.2130666,0.6031746,2.5434792,68.92444,0
6bba_fc83837d,1334384,34,18.0,155.0,143.0,0.3669504,2.5080824,0.2857143,2.5434792,68.92444,0
6bba_fc83837d,1334385,34,63.0,188.0,173.0,0.31484592,3.6997845,1.0,2.1350024,40.76465,0
6bba_fc83837d,1334386,34,63.0,204.0,158.0,0.348757,3.0263681,1.0,2.1396742,41.032837,0
6bba_fc83837d,1334387,34,20.0,124.0,144.0,0.32240826,3.162681,0.31746033,2.5434792,68.92444,0
6bba_fc83837d,1334388,34,0.0,13.0,139.0,0.3313667,1.9588203,0.0,2.1396742,41.032837,0
6bba_fc83837d,1334389,34,21.0,217.0,132.0,0.46675235,2.5347342,0.33333334,2.5434792,68.92444,0
6bba_fc83837d,1334390,34,6.0,69.0,113.0,0.43069416,1.8948758,0.0952381,2.5434792,68.92444,0
6bba_fc83837d,1334391,34,39.0,90.0,173.0,0.44922873,1.5051619,0.61904764,2.5434792,68.92444,2
6bba_fc83837d,1334392,34,27.0,167.0,140.0,0.4156059,2.6829755,0.42857143,2.5434792,68.92444,0
6bba_fc83837d,1334393,34,56.0,154.0,184.0,0.3871734,1.431447,0.8888889,2.499849,65.43799,2
6bba_fc83837d,1334394,34,17.0,0.0,182.0,0.26301354,3.7102776,0.26984128,2.1396742,41.032837,0
6bba_fc83837d,1334395,34,58.0,96.0,223.0,0.33899388,3.3019302,0.9206349,2.5434792,68.92444,0
6bba_fc83837d,1334396,35,63.0,90.0,243.0,0.48514822,4.096551,1.0,2.1396742,41.032837,0
6bba_fc83837d,1334397,35,0.0,31.0,128.0,0.496627,2.9821148,0.0,2.1396742,41.032837,0
6bba_fc83837d,1334398,35,46.0,0.0,239.0,0.51434404,2.3181896,0.73015875,2.1396742,41.032837,0
6bba_fc83837d,1334399,35,5.0,96.0,132.0,0.5764071,2.4705348,0.07936508,2.5401762,68.65625,2
6bba_fc83837d,1334400,35,63.0,75.0,247.0,0.49218604,3.4589813,1.0,2.1396742,41.032837,0
6bba_fc83837d,1334401,35,24.0,11.0,195.0,0.4051869,3.7614167,0.3809524,2.5434792,68.92444,1
6bba_fc83837d,1334402,35,37.0,69.0,201.0,0.4747881,3.1891212,0.5873016,2.5434792,68.92444,0
6bba_fc83837d,1334403,35,51.0,54.0,240.0,0.5014001,2.418177,0.8095238,2.5434792,68.92444,1
6bba_fc83837d,1334404,35,63.0,130.0,211.0,0.5327965,2.0255113,1.0,2.1396742,41.032837,0
6bba_fc83837d,1334405,35,47.0,84.0,209.0,0.4705114,2.6263263,0.74603176,2.5434792,68.92444,0
6bba_fc83837d,1334406,35,21.0,56.0,167.0,0.41882646,3.6450815,0.33333334,2.5434792,68.92444,0
6bba_fc83837d,1334407,35,35.0,45.0,205.0,0.42229712,3.9179065,0.5555556,2.5434792,68.92444,0
6bba_fc83837d,1334408,35,19.0,71.0,153.0,0.44342688,3.581651,0.3015873,2.5434792,68.92444,0
6bba_fc83837d,1334409,35,22.0,28.0,180.0,0.37073028,4.8509197,0.34920636,2.5434792,68.92444,0
6bba_fc83837d,1334410,35,46.0,51.0,229.0,0.48025987,1.9141343,0.73015875,2.5434792,68.92444,2
6bba_fc83837d,1334411,35,0.0,145.0,122.0,0.46883756,3.4586127,0.0,2.1396742,41.032837,0
6bba_fc83837d,1334412,35,40.0,26.0,235.0,0.47309616,2.3822887,0.63492066,2.5434792,68.92444,1
6bba_fc83837d,1334413,35,44.0,131.0,172.0,0.46738467,3.2135553,0.6984127,2.5434792,68.92444,0
6bba_fc83837d,1334414,35,52.0,117.0,199.0,0.51240623,2.338522,0.82539684,2.5434792,68.92444,0
6bba_fc83837d,1334415,35,42.0,23.0,241.0,0.45175445,2.1419797,0.6666667,2.5434792,68.92444,1
6bba_fc83837d,1334416,35,26.0,21.0,195.0,0.3871352,3.0859044,0.41269842,2.5434792,68.92444,1
6bba_fc83837d,1334417,35,28.0,55.0,189.0,0.40488118,3.0168931,0.44444445,2.5434792,68.92444,0
6bba_fc83837d,1334418,35,30.0,5.0,217.0,0.36708584,7.023324,0.47619048,2.5434792,68.92444,0
6bba_fc83837d,1334419,35,32.0,27.0,211.0,0.3739265,4.230576,0.50793654,2.5434792,68.92444,0
6bba_fc83837d,1334420,35,13.0,25.0,159.0,0.3317364,5.7152624,0.20634921,2.5434792,68.92444,0
6bba_fc83837d,1334421,35,63.0,167.0,187.0,0.4215978,3.4799953,1.0,2.1396742,41.032837,1
6bba_fc83837d,1334422,35,33.0,104.0,165.0,0.45832756,1.9957029,0.52380955,2.5434792,68.92444,1
6bba_fc83837d,1334423,35,36.0,135.0,153.0,0.43488398,4.239559,0.5714286,2.5434792,68.92444,0
6bba_fc83837d,1334424,35,10.0,179.0,128.0,0.4899423,2.2064269,0.15873016,2.5434792,68.92444,1
6bba_fc83837d,1334425,35,46.0,160.0,159.0,0.5059616,2.7411637,0.73015875,2.5434792,68.92444,0
6bba_fc83837d,1334426,35,17.0,181.0,130.0,0.50645846,2.659373,0.26984128,2.5434792,68.92444,1
6bba_fc83837d,1334427,35,55.0,59.0,225.0,0.48293498,1.8309256,0.8730159,2.5434792,68.92444,1
6bba_fc83837d,1334428,35,56.0,11.0,255.0,0.46512604,2.536112,0.8888889,2.1396742,41.032837,0
6bba_fc83837d,1334429,35,21.0,98.0,148.0,0.42957547,1.91687,0.33333334,2.5434792,68.92444,2
6bba_fc83837d,1334430,35,57.0,168.0,173.0,0.4567503,1.8925288,0.9047619,2.5134354,66.51074,1
6bba_fc83837d,1334431,35,39.0,92.0,187.0,0.39375696,2.3960915,0.61904764,2.5434792,68.92444,0
6bba_fc83837d,1334432,35,15.0,252.0,125.0,0.60190433,2.9549346,0.23809524,2.5401762,68.65625,0
6bba_fc83837d,1334433,35,8.0,197.0,129.0,0.471637,2.7301962,0.12698413,2.5434792,68.92444,0
6bba_fc83837d,1334434,35,63.0,191.0,168.0,0.34479457,4.333091,1.0,2.1350024,40.76465,0
6bba_fc83837d,1334435,35,19.0,91.0,132.0,0.47028556,1.5169572,0.3015873,2.5434792,68.92444,2
6bba_fc83837d,1334436,35,51.0,29.0,255.0,0.4019199,1.8419703,0.8095238,2.1396742,41.032837,0
6bba_fc83837d,1334437,35,0.0,122.0,120.0,0.394497,3.2312481,0.0,2.1396742,41.032837,0
6bba_fc83837d,1334438,35,38.0,181.0,142.0,0.43162173,3.122704,0.6031746,2.5434792,68.92444,0
6bba_fc83837d,1334439,35,0.0,166.0,120.0,0.3515931,2.4133382,0.0,2.1113307,39.423706,0
6bba_fc83837d,1334440,35,32.0,84.0,174.0,0.418882,1.8004789,0.50793654,2.5434792,68.92444,1
6bba_fc83837d,1334441,35,17.0,92.0,142.0,0.43984506,1.3529642,0.26984128,2.5434792,68.92444,3
6bba_fc83837d,1334442,35,56.0,96.0,222.0,0.34145704,2.9222584,0.8888889,2.5434792,68.92444,0
6bba_fc83837d,1334443,35,19.0,125.0,142.0,0.31499794,3.4112272,0.3015873,2.5434792,68.92444,0
6bba_fc83837d,1334444,35,13.0,106.0,139.0,0.43375486,1.1147815,0.20634921,2.5066607,65.974365,3
6bba_fc83837d,1334445,35,18.0,158.0,139.0,0.36238882,2.1977878,0.2857143,2.5434792,68.92444,0
6bba_fc83837d,1334446,35,55.0,157.0,181.0,0.3953968,1.6925216,0.8730159,2.5268764,67.583496,2
6bba_fc83837d,1334447,35,38.0,93.0,170.0,0.45177528,1.7101986,0.6031746,2.5434792,68.92444,2
6bba_fc83837d,1334448,35,5.0,255.0,188.0,0.36079016,3.799662,0.07936508,2.1396742,41.032837,0
6bba_fc83837d,1334449,35,63.0,207.0,155.0,0.34354576,3.1536262,1.0,2.1396742,41.032837,0
6bba_fc83837d,1334450,36,22.0,0.0,199.0,0.38582516,5.6229753,0.34920636,2.1350024,40.76465,0
6bba_fc83837d,1334451,36,0.0,35.0,123.0,0.5110761,3.1026103,0.0,2.1396742,41.032837,0
6bba_fc83837d,1334452,36,63.0,96.0,239.0,0.47786534,3.3074975,1.0,2.1396742,41.032837,1
6bba_fc83837d,1334453,36,38.0,75.0,197.0,0.4958414,3.1169565,0.6031746,2.5434792,68.92444,0
6bba_fc83837d,1334454,36,5.0,101.0,127.0,0.5579176,2.5171402,0.07936508,2.5401762,68.65625,1
6bba_fc83837d,1334455,36,47.0,89.0,207.0,0.5068997,2.5844457,0.74603176,2.5434792,68.92444,0
6bba_fc83837d,1334456,36,21.0,61.0,163.0,0.4309721,3.7829058,0.33333334,2.5434792,68.92444,0
6bba_fc83837d,1334457,36,46.0,59.0,223.0,0.50925857,2.0349665,0.73015875,2.5434792,68.92444,2
6bba_fc83837d,1334458,36,44.0,0.0,236.0,0.5213411,2.0167246,0.6984127,2.1396742,41.032837,1
6bba_fc83837d,1334459,36,46.0,9.0,234.0,0.51133615,2.073052,0.73015875,2.5434792,68.92444,1
6bba_fc83837d,1334460,36,43.0,31.0,238.0,0.47325945,2.2727816,0.6825397,2.5434792,68.92444,2
6bba_fc83837d,1334461,36,51.0,61.0,235.0,0.48650292,1.9752066,0.8095238,2.5434792,68.92444,2
6bba_fc83837d,1334462,36,35.0,52.0,200.0,0.41408423,3.974306,0.5555556,2.5434792,68.92444,0
6bba_fc83837d,1334463,36,63.0,137.0,205.0,0.51331115,1.950062,1.0,2.1396742,41.032837,2
6bba_fc83837d,1334464,36,63.0,84.0,242.0,0.45411414,2.8971736,1.0,2.1396742,41.032837,1
6bba_fc83837d,1334465,36,19.0,76.0,147.0,0.44771054,3.5905728,0.3015873,2.5434792,68.92444,0
6bba_fc83837d,1334466,36,0.0,150.0,118.0,0.46621147,3.8561046,0.0,2.1396742,41.032837,0
6bba_fc83837d,1334467,36,51.0,122.0,192.0,0.52032375,2.321468,0.8095238,2.5434792,68.92444,1
6bba_fc83837d,1334468,36,44.0,137.0,168.0,0.4886152,2.7301996,0.6984127,2.5434792,68.92444,1
6bba_fc83837d,1334469,36,22.0,31.0,176.0,0.3700007,3.7053626,0.34920636,2.5434792,68.92444,1
6bba_fc83837d,1334470,36,28.0,59.0,185.0,0.4077161,3.2057202,0.44444445,2.5434792,68.92444,0
6bba_fc83837d,1334471,36,29.0,7.0,213.0,0.3685624,5.046389,0.46031746,2.5434792,68.92444,0
6bba_fc83837d,1334472,36,24.0,16.0,190.0,0.3429718,3.7368653,0.3809524,2.5401762,68.65625,1
6bba_fc83837d,1334473,36,55.0,130.0,195.0,0.5296762,2.1734607,0.8730159,2.5434792,68.92444,3
6bba_fc83837d,1334474,36,46.0,142.0,164.0,0.48413008,2.7566354,0.73015875,2.5434792,68.92444,1
6bba_fc83837d,1334475,36,63.0,173.0,183.0,0.44606093,3.3612204,1.0,2.1396742,41.032837,2
6bba_fc83837d,1334476,36,57.0,16.0,255.0,0.5040558,2.4299064,0.9047619,2.1396742,41.032837,0
6bba_fc83837d,1334477,36,55.0,64.0,224.0,0.5202995,1.6792482,0.8730159,2.5434792,68.92444,2
6bba_fc83837d,1334478,36,39.0,34.0,229.0,0.44272166,2.065477,0.61904764,2.5434792,68.92444,1
6bba_fc83837d,1334479,36,8.0,206.0,127.0,0.49380904,2.7308905,0.12698413,2.5434792,68.92444,0
6bba_fc83837d,1334480,36,32.0,32.0,206.0,0.3619615,3.8967948,0.50793654,2.5434792,68.92444,0
6bba_fc83837d,1334481,36,34.0,109.0,161.0,0.46192676,2.2702382,0.53968257,2.5434792,68.92444,0
6bba_fc83837d,1334482,36,56.0,162.0,177.0,0.44008824,2.2904491,0.8888889,2.5401762,68.65625,2
6bba_fc83837d,1334483,36,12.0,184.0,124.0,0.47190103,2.7673275,0.1904762,2.5434792,68.92444,0
6bba_fc83837d,1334484,36,37.0,140.0,149.0,0.4344983,3.862897,0.5873016,2.5434792,68.92444,0
6bba_fc83837d,1334485,36,14.0,29.0,154.0,0.30920303,5.067327,0.22222222,2.5434792,68.92444,0
6bba_fc83837d,1334486,36,0.0,172.0,116.0,0.39724556,3.359269,0.0,2.1350024,40.76465,0
6bba_fc83837d,1334487,36,27.0,30.0,190.0,0.35555863,3.1352088,0.42857143,2.5434792,68.92444,2
6bba_fc83837d,1334488,36,46.0,166.0,153.0,0.50769174,2.4502532,0.73015875,2.5434792,68.92444,1
6bba_fc83837d,1334489,36,63.0,195.0,164.0,0.35214752,3.9915147,1.0,2.1350024,40.76465,0
6bba_fc83837d,1334490,36,40.0,100.0,181.0,0.41436216,1.9793506,0.63492066,2.5434792,68.92444,0
6bba_fc83837d,1334491,36,14.0,110.0,132.0,0.49149877,1.6309212,0.22222222,2.5434792,68.92444,1
6bba_fc83837d,1334492,36,58.0,127.0,209.0,0.4400396,1.5047692,0.9206349,2.5401762,68.65625,2
6bba_fc83837d,1334493,36,0.0,126.0,116.0,0.40299952,3.3659763,0.0,2.1396742,41.032837,0
6bba_fc83837d,1334494,36,50.0,36.0,248.0,0.39274946,1.7394019,0.7936508,2.5434792,68.92444,1
6bba_fc83837d,1334495,36,57.0,107.0,215.0,0.37477764,3.787399,0.9047619,2.5434792,68.92444,0
6bba_fc83837d,1334496,36,20.0,92.0,127.0,0.41432738,1.4703459,0.31746033,2.5434792,68.92444,1
6bba_fc83837d,1334497,36,37.0,90.0,167.0,0.44091856,1.9801016,0.5873016,2.5434792,68.92444,0
6bba_fc83837d,1334498,36,12.0,0.0,162.0,0.27700162,3.1350727,0.1904762,2.1350024,40.76465,0
6bba_fc83837d,1334499,36,23.0,105.0,145.0,0.37476376,2.3139448,0.36507937,2.5401762,68.65625,0
6bba_fc83837d,1334500,36,0.0,17.0,132.0,0.33630955,2.226114,0.0,2.1396742,41.032837,0
6bba_fc83837d,1334501,36,26.0,172.0,130.0,0.42948166,3.0237205,0.41269842,2.5401762,68.65625,0
6bba_fc83837d,1334502,36,37.0,184.0,137.0,0.41489717,3.0214767,0.5873016,2.5434792,68.92444,0
6bba_fc83837d,1334503,36,19.0,91.0,134.0,0.4078203,1.4915148,0.3015873,2.5100527,66.24255,1
6bba_fc83837d,1334504,36,52.0,173.0,162.0,0.44469497,1.4503487,0.82539684,2.5335438,68.11987,2
6bba_fc83837d,1334505,36,57.0,172.0,170.0,0.42339838,1.3560828,0.9047619,2.5168092,66.77893,3
6bba_fc83837d,1334506,36,19.0,131.0,136.0,0.29590052,2.8506362,0.3015873,2.5434792,68.92444,0
6bba_fc83837d,1334507,36,17.0,241.0,121.0,0.48575595,2.3217962,0.26984128,2.5066607,65.974365,0
6bba_fc83837d,1334508,36,63.0,213.0,149.0,0.3353408,2.9203796,1.0,2.1396742,41.032837,0
6bba_fc83837d,1334509,36,43.0,75.0,218.0,0.3575528,1.1221527,0.6825397,2.475711,63.56067,0
6bba_fc83837d,1334510,37,0.0,38.0,120.0,0.54817927,3.91108,0.0,2.1396742,41.032837,0
6bba_fc83837d,1334511,37,21.0,0.0,199.0,0.44492295,5.2851596,0.33333334,2.1396742,41.032837,0
6bba_fc83837d,1334512,37,63.0,101.0,232.0,0.501243,4.114637,1.0,2.1396742,41.032837,0
6bba_fc83837d,1334513,37,38.0,75.0,195.0,0.5197367,3.3099878,0.6031746,2.5434792,68.92444,1
6bba_fc83837d,1334514,37,21.0,62.0,160.0,0.42725474,3.4943044,0.33333334,2.5434792,68.92444,0
6bba_fc83837d,1334515,37,5.0,105.0,123.0,0.5239404,2.5100036,0.07936508,2.5302145,67.851685,1
6bba_fc83837d,1334516,37,51.0,63.0,230.0,0.5150223,2.129617,0.8095238,2.5434792,68.92444,2
6bba_fc83837d,1334517,37,63.0,86.0,239.0,0.4765931,3.3343089,1.0,2.1396742,41.032837,0
6bba_fc83837d,1334518,37,46.0,15.0,227.0,0.49997917,2.2333379,0.73015875,2.5434792,68.92444,0
6bba_fc83837d,1334519,37,46.0,60.0,219.0,0.5037347,1.9955809,0.73015875,2.5434792,68.92444,1
6bba_fc83837d,1334520,37,43.0,0.0,232.0,0.51842904,2.0627956,0.6825397,2.1396742,41.032837,0
6bba_fc83837d,1334521,37,55.0,131.0,192.0,0.5548152,2.2650898,0.8730159,2.5434792,68.92444,2
6bba_fc83837d,1334522,37,50.0,122.0,188.0,0.5128092,2.323948,0.7936508,2.5434792,68.92444,1
6bba_fc83837d,1334523,37,45.0,86.0,202.0,0.50264734,2.3578756,0.71428573,2.5434792,68.92444,1
6bba_fc83837d,1334524,37,24.0,17.0,188.0,0.3497186,3.9445727,0.3809524,2.5401762,68.65625,0
6bba_fc83837d,1334525,37,29.0,9.0,210.0,0.36825666,4.9231963,0.46031746,2.5434792,68.92444,0
6bba_fc83837d,1334526,37,44.0,136.0,166.0,0.47678572,2.6041281,0.6984127,2.5434792,68.92444,0
6bba_fc83837d,1334527,37,42.0,35.0,231.0,0.45927253,2.2303343,0.6666667,2.5434792,68.92444,0
6bba_fc83837d,1334528,37,29.0,62.0,183.0,0.419556,3.099385,0.46031746,2.5434792,68.92444,0
6bba_fc83837d,1334529,37,59.0,136.0,201.0,0.54671353,2.086565,0.93650794,2.5401762,68.65625,1
6bba_fc83837d,1334530,37,0.0,152.0,115.0,0.45622668,3.8136034,0.0,2.1396742,41.032837,0
6bba_fc83837d,1334531,37,19.0,76.0,144.0,0.41140217,3.4894707,0.3015873,2.5434792,68.92444,0
6bba_fc83837d,1334532,37,22.0,30.0,175.0,0.35823375,3.278464,0.34920636,2.5434792,68.92444,1
6bba_fc83837d,1334533,37,13.0,114.0,130.0,0.4872811,2.05813,0.20634921,2.5434792,68.92444,1
6bba_fc83837d,1334534,37,35.0,55.0,196.0,0.3973041,2.8929133,0.5555556,2.5434792,68.92444,0
6bba_fc83837d,1334535,37,63.0,172.0,180.0,0.4544526,2.593184,1.0,2.1396742,41.032837,1
6bba_fc83837d,1334536,37,34.0,112.0,159.0,0.45691007,2.4745524,0.53968257,2.5434792,68.92444,0
6bba_fc83837d,1334537,37,27.0,32.0,188.0,0.37308225,3.5400457,0.42857143,2.5434792,68.92444,1
6bba_fc83837d,1334538,37,32.0,36.0,202.0,0.3683366,3.929273,0.50793654,2.5434792,68.92444,0
6bba_fc83837d,1334539,37,56.0,161.0,175.0,0.43399805,2.1388743,0.8888889,2.5235295,67.31531,1
6bba_fc83837d,1334540,37,51.0,38.0,247.0,0.41265288,2.214719,0.8095238,2.5434792,68.92444,0
6bba_fc83837d,1334541,37,47.0,169.0,149.0,0.5160228,2.4380279,0.74603176,2.5434792,68.92444,1
6bba_fc83837d,1334542,37,36.0,140.0,149.0,0.43472067,3.6068103,0.5714286,2.5401762,68.65625,0
6bba_fc83837d,1334543,37,11.0,0.0,159.0,0.3302813,4.1034217,0.17460318,2.1396742,41.032837,0
6bba_fc83837d,1334544,37,0.0,255.0,124.0,0.5525903,3.7847435,0.0,1.7994134,24.405151,0
6bba_fc83837d,1334545,37,57.0,70.0,216.0,0.5157587,2.1327314,0.9047619,2.5434792,68.92444,0
6bba_fc83837d,1334546,37,7.0,207.0,123.0,0.469424,2.4759822,0.11111111,2.5434792,68.92444,0
6bba_fc83837d,1334547,37,40.0,101.0,178.0,0.41165927,1.8975074,0.63492066,2.5434792,68.92444,0
6bba_fc83837d,1334548,37,14.0,30.0,151.0,0.29632434,4.6284204,0.22222222,2.5434792,68.92444,0
6bba_fc83837d,1334549,37,57.0,24.0,246.0,0.47948858,2.4367886,0.9047619,2.5434792,68.92444,1
6bba_fc83837d,1334550,37,12.0,186.0,121.0,0.45362005,2.499416,0.1904762,2.5401762,68.65625,1
6bba_fc83837d,1334551,37,22.0,105.0,140.0,0.38933435,2.590067,0.34920636,2.5434792,68.92444,1
6bba_fc83837d,1334552,37,63.0,194.0,162.0,0.36511436,4.249381,1.0,2.1396742,41.032837,0
6bba_fc83837d,1334553,37,56.0,104.0,213.0,0.34490693,2.848013,0.8888889,2.5434792,68.92444,0
6bba_fc83837d,1334554,37,0.0,130.0,111.0,0.3780754,3.334482,0.0,2.1396742,41.032837,0
6bba_fc83837d,1334555,37,37.0,93.0,165.0,0.44199207,1.9863167,0.5873016,2.5434792,68.92444,0
6bba_fc83837d,1334556,37,0.0,175.0,113.0,0.36790383,3.1180387,0.0,2.13031,40.49646,0
6bba_fc83837d,1334557,37,12.0,179.0,123.0,0.42032033,1.935047,0.1904762,2.5032594,65.70618,1
6bba_fc83837d,1334558,37,55.0,72.0,240.0,0.33922318,1.6767088,0.8730159,2.5401762,68.65625,1
6bba_fc83837d,1334559,37,26.0,174.0,126.0,0.41900015,3.053617,0.41269842,2.5434792,68.92444,0
6bba_fc83837d,1334560,37,57.0,12.0,255.0,0.4585609,1.6443161,0.9047619,2.1350024,40.76465,1
6bba_fc83837d,1334561,37,52.0,174.0,159.0,0.4464668,1.416582,0.82539684,2.5268764,67.583496,1
6bba_fc83837d,1334562,37,20.0,93.0,124.0,0.36566496,1.5986216,0.31746033,2.5434792,68.92444,1
6bba_fc83837d,1334563,37,63.0,215.0,145.0,0.3446604,2.9889412,1.0,2.1396742,41.032837,0
6bba_fc83837d,1334564,37,0.0,19.0,130.0,0.32055905,2.049031,0.0,2.1396742,41.032837,0
6bba_fc83837d,1334565,37,34.0,150.0,135.0,0.34026194,2.6443565,0.53968257,2.5335438,68.11987,0
6bba_fc83837d,1334566,37,18.0,93.0,133.0,0.3685485,1.7947735,0.2857143,2.5368643,68.38806,2
6bba_fc83837d,1334567,38,19.0,0.0,192.0,0.5029528,6.7428465,0.3015873,2.1396742,41.032837,0
6bba_fc83837d,1334568,38,0.0,42.0,116.0,0.5084267,3.4338531,0.0,2.1396742,41.032837,0
6bba_fc83837d,1334569,38,37.0,80.0,191.0,0.5148972,3.3400855,0.5873016,2.5434792,68.92444,0
6bba_fc83837d,1334570,38,63.0,106.0,231.0,0.48790267,3.9361525,1.0,2.1396742,41.032837,0
6bba_fc83837d,1334571,38,52.0,71.0,225.0,0.54872847,2.078025,0.82539684,2.5434792,68.92444,2
6bba_fc83837d,1334572,38,42.0,39.0,229.0,0.48949417,2.6601264,0.6666667,2.5434792,68.92444,0
6bba_fc83837d,1334573,38,63.0,91.0,237.0,0.47584036,3.3013434,1.0,2.1396742,41.032837,0
6bba_fc83837d,1334574,38,45.0,90.0,200.0,0.49494162,2.7574782,0.71428573,2.5434792,68.92444,0
6bba_fc83837d,1334575,38,44.0,63.0,217.0,0.47979432,2.0513554,0.6984127,2.5434792,68.92444,1
6bba_fc83837d,1334576,38,20.0,64.0,156.0,0.40763968,3.2791862,0.31746033,2.5434792,68.92444,0
6bba_fc83837d,1334577,38,45.0,9.0,231.0,0.5161061,2.0310147,0.71428573,2.5434792,68.92444,1
6bba_fc83837d,1334578,38,44.0,139.0,164.0,0.49904457,2.5241423,0.6984127,2.5434792,68.92444,0
6bba_fc83837d,1334579,38,41.0,0.0,231.0,0.5171277,1.8761243,0.6507937,2.1396742,41.032837,1
6bba_fc83837d,1334580,38,28.0,12.0,207.0,0.36984086,5.7040586,0.44444445,2.5434792,68.92444,0
6bba_fc83837d,1334581,38,5.0,108.0,119.0,0.49875626,2.4816685,0.07936508,2.5100527,66.24255,0
6bba_fc83837d,1334582,38,51.0,129.0,185.0,0.52910995,2.3391213,0.8095238,2.5434792,68.92444,1
6bba_fc83837d,1334583,38,53.0,133.0,188.0,0.51745415,2.4767692,0.84126985,2.5434792,68.92444,2
6bba_fc83837d,1334584,38,10.0,0.0,155.0,0.36734357,4.53901,0.15873016,2.1396742,41.032837,0
6bba_fc83837d,1334585,38,0.0,157.0,112.0,0.4601424,3.8682427,0.0,2.1396742,41.032837,0
6bba_fc83837d,1334586,38,51.0,45.0,244.0,0.4041412,2.877598,0.8095238,2.5434792,68.92444,0
6bba_fc83837d,1334587,38,63.0,142.0,199.0,0.4767916,1.8344405,1.0,2.1396742,41.032837,1
6bba_fc83837d,1334588,38,22.0,34.0,171.0,0.34905502,3.288041,0.34920636,2.5434792,68.92444,1
6bba_fc83837d,1334589,38,34.0,59.0,192.0,0.3858324,2.9412658,0.53968257,2.5434792,68.92444,0
6bba_fc83837d,1334590,38,36.0,141.0,145.0,0.43551278,4.0214005,0.5714286,2.5434792,68.92444,0
6bba_fc83837d,1334591,38,34.0,113.0,154.0,0.44980544,2.3898942,0.53968257,2.5434792,68.92444,0
6bba_fc83837d,1334592,38,28.0,65.0,179.0,0.38783002,2.8706346,0.44444445,2.5434792,68.92444,0
6bba_fc83837d,1334593,38,24.0,20.0,185.0,0.33863604,3.4908378,0.3809524,2.5434792,68.92444,1
6bba_fc83837d,1334594,38,27.0,33.0,185.0,0.36089143,3.3148184,0.42857143,2.5434792,68.92444,2
6bba_fc83837d,1334595,38,57.0,133.0,202.0,0.46218038,1.6587867,0.9047619,2.5201738,67.04712,2
6bba_fc83837d,1334596,38,56.0,27.0,246.0,0.47634798,2.4166286,0.8888889,2.5401762,68.65625,0
6bba_fc83837d,1334597,38,55.0,165.0,171.0,0.4341127,2.0848927,0.8730159,2.5335438,68.11987,1
6bba_fc83837d,1334598,38,46.0,170.0,146.0,0.4955218,2.5939043,0.73015875,2.5434792,68.92444,0
6bba_fc83837d,1334599,38,63.0,175.0,177.0,0.4209968,2.7261531,1.0,2.1396742,41.032837,1
6bba_fc83837d,1334600,38,31.0,39.0,199.0,0.34382296,3.9081798,0.4920635,2.5434792,68.92444,0
6bba_fc83837d,1334601,38,18.0,77.0,140.0,0.37999237,3.158115,0.2857143,2.5434792,68.92444,0
6bba_fc83837d,1334602,38,7.0,211.0,120.0,0.4680621,2.5343628,0.11111111,2.5434792,68.92444,0
6bba_fc83837d,1334603,38,57.0,15.0,255.0,0.4818978,1.8304325,0.9047619,2.1396742,41.032837,0
6bba_fc83837d,1334604,38,13.0,118.0,127.0,0.44353458,1.8033115,0.20634921,2.5368643,68.38806,0
6bba_fc83837d,1334605,38,39.0,104.0,173.0,0.42300585,1.7716802,0.61904764,2.5434792,68.92444,1
6bba_fc83837d,1334606,38,57.0,113.0,208.0,0.38464773,3.8453116,0.9047619,2.5434792,68.92444,0
6bba_fc83837d,1334607,38,13.0,188.0,118.0,0.45358533,2.5228484,0.20634921,2.5368643,68.38806,1
6bba_fc83837d,1334608,38,14.0,32.0,149.0,0.27798778,4.1382847,0.22222222,2.5434792,68.92444,0
6bba_fc83837d,1334609,38,17.0,95.0,130.0,0.3951188,2.1538918,0.26984128,2.5434792,68.92444,1
6bba_fc83837d,1334610,38,10.0,192.0,117.0,0.4440488,2.14337,0.15873016,2.5434792,68.92444,1
6bba_fc83837d,1334611,38,55.0,77.0,237.0,0.33965048,1.6156667,0.8730159,2.5434792,68.92444,1
6bba_fc83837d,1334612,38,20.0,96.0,123.0,0.39530993,1.7821196,0.31746033,2.5335438,68.11987,1
6bba_fc83837d,1334613,38,63.0,197.0,159.0,0.355007,4.9634013,1.0,2.1396742,41.032837,0
6bba_fc83837d,1334614,38,23.0,108.0,138.0,0.35667038,2.45859,0.36507937,2.5368643,68.38806,0
6bba_fc83837d,1334615,38,26.0,176.0,122.0,0.40664607,3.00415,0.41269842,2.5434792,68.92444,0
6bba_fc83837d,1334616,38,37.0,98.0,162.0,0.43909115,1.8717932,0.5873016,2.5434792,68.92444,1
6bba_fc83837d,1334617,38,0.0,133.0,108.0,0.36899513,2.7976336,0.0,2.1396742,41.032837,0
6bba_fc83837d,1334618,39,18.0,0.0,188.0,0.5199522,5.065557,0.2857143,2.1350024,40.76465,0
6bba_fc83837d,1334619,39,0.0,46.0,113.0,0.5196837,3.6455119,0.0,2.1396742,41.032837,0
6bba_fc83837d,1334620,39,63.0,109.0,229.0,0.5084617,4.438786,1.0,2.1396742,41.032837,0
6bba_fc83837d,1334621,39,42.0,45.0,228.0,0.5323721,3.1522832,0.6666667,2.5434792,68.92444,0
6bba_fc83837d,1334622,39,9.0,0.0,152.0,0.4685166,4.3127365,0.14285715,2.1396742,41.032837,0
6bba_fc83837d,1334623,39,37.0,84.0,188.0,0.502748,3.260175,0.5873016,2.5434792,68.92444,0
6bba_fc83837d,1334624,39,45.0,99.0,196.0,0.4679926,2.7052977,0.71428573,2.5434792,68.92444,0
6bba_fc83837d,1334625,39,54.0,72.0,219.0,0.5750938,2.0554576,0.85714287,2.5434792,68.92444,1
6bba_fc83837d,1334626,39,52.0,138.0,185.0,0.5264105,2.726706,0.82539684,2.5434792,68.92444,1
6bba_fc83837d,1334627,39,27.0,14.0,205.0,0.37271056,5.939092,0.42857143,2.5434792,68.92444,0
6bba_fc83837d,1334628,39,45.0,11.0,230.0,0.5112667,1.9091604,0.71428573,2.5434792,68.92444,2
6bba_fc83837d,1334629,39,45.0,24.0,223.0,0.47913772,2.1127603,0.71428573,2.5434792,68.92444,1
6bba_fc83837d,1334630,39,63.0,92.0,239.0,0.4346172,3.1751661,1.0,2.1396742,41.032837,0
6bba_fc83837d,1334631,39,59.0,177.0,174.0,0.48303574,2.7127645,0.93650794,2.5401762,68.65625,1
6bba_fc83837d,1334632,39,46.0,127.0,179.0,0.4794539,2.6012793,0.73015875,2.5434792,68.92444,1
6bba_fc83837d,1334633,39,55.0,29.0,245.0,0.49179754,2.5572119,0.8730159,2.5434792,68.92444,1
6bba_fc83837d,1334634,39,43.0,67.0,213.0,0.45591304,1.7602583,0.6825397,2.5434792,68.92444,1
6bba_fc83837d,1334635,39,47.0,148.0,160.0,0.502206,2.321775,0.74603176,2.5434792,68.92444,1
6bba_fc83837d,1334636,39,0.0,161.0,110.0,0.45161068,4.2217135,0.0,2.1396742,41.032837,0
6bba_fc83837d,1334637,39,57.0,135.0,201.0,0.4624097,1.9181447,0.9047619,2.5401762,68.65625,1
6bba_fc83837d,1334638,39,26.0,38.0,183.0,0.39043912,3.2803833,0.41269842,2.5434792,68.92444,2
6bba_fc83837d,1334639,39,4.0,111.0,115.0,0.48058292,2.7364843,0.06349207,2.5201738,67.04712,0
6bba_fc83837d,1334640,39,39.0,0.0,232.0,0.48325163,1.7071283,0.61904764,2.1396742,41.032837,1
6bba_fc83837d,1334641,39,33.0,62.0,188.0,0.38879588,2.805901,0.52380955,2.5434792,68.92444,1
6bba_fc83837d,1334642,39,43.0,142.0,161.0,0.47550377,1.9606414,0.6825397,2.5434792,68.92444,1
6bba_fc83837d,1334643,39,33.0,116.0,152.0,0.4561666,2.5450997,0.52380955,2.5434792,68.92444,0
6bba_fc83837d,1334644,39,23.0,41.0,169.0,0.34387505,2.8268528,0.36507937,2.5434792,68.92444,1
6bba_fc83837d,1334645,39,50.0,48.0,242.0,0.38260147,2.9605916,0.7936508,2.5434792,68.92444,0
6bba_fc83837d,1334646,39,63.0,144.0,200.0,0.44680208,1.6440454,1.0,2.1396742,41.032837,1
6bba_fc83837d,1334647,39,13.0,122.0,124.0,0.4417211,2.1995983,0.20634921,2.5401762,68.65625,0
6bba_fc83837d,1334648,39,55.0,113.0,208.0,0.39987147,4.0502872,0.8730159,2.5434792,68.92444,0
6bba_fc83837d,1334649,39,30.0,39.0,197.0,0.348989,3.4592807,0.47619048,2.5434792,68.92444,1
6bba_fc83837d,1334650,39,56.0,18.0,255.0,0.49159664,1.9714081,0.8888889,2.1350024,40.76465,1
6bba_fc83837d,1334651,39,35.0,143.0,142.0,0.42415577,3.8831868,0.5555556,2.5434792,68.92444,0
6bba_fc83837d,1334652,39,28.0,68.0,177.0,0.38492218,2.4662378,0.44444445,2.5434792,68.92444,1
6bba_fc83837d,1334653,39,20.0,70.0,151.0,0.3513341,2.6983256,0.31746033,2.5434792,68.92444,0
6bba_fc83837d,1334654,39,38.0,107.0,171.0,0.43309826,1.8785986,0.6031746,2.5434792,68.92444,0
6bba_fc83837d,1334655,39,7.0,216.0,117.0,0.4746074,2.5048506,0.11111111,2.5434792,68.92444,0
6bba_fc83837d,1334656,39,44.0,172.0,143.0,0.4610374,2.9941387,0.6984127,2.5434792,68.92444,0
6bba_fc83837d,1334657,39,55.0,172.0,165.0,0.44639385,1.7400656,0.8730159,2.5201738,67.04712,1
6bba_fc83837d,1334658,39,0.0,137.0,105.0,0.3830357,2.9957907,0.0,2.1350024,40.76465,0
6bba_fc83837d,1334659,39,23.0,23.0,183.0,0.30639246,3.1321828,0.36507937,2.5434792,68.92444,0
6bba_fc83837d,1334660,39,13.0,192.0,115.0,0.45325875,2.467428,0.20634921,2.5434792,68.92444,0
6bba_fc83837d,1334661,40,18.0,0.0,187.0,0.6002159,5.589287,0.2857143,2.1396742,41.032837,0
6bba_fc83837d,1334662,40,63.0,110.0,230.0,0.5317285,4.6029277,1.0,2.1396742,41.032837,0
6bba_fc83837d,1334663,40,0.0,49.0,109.0,0.54136324,3.6709285,0.0,2.1396742,41.032837,0
6bba_fc83837d,1334664,40,42.0,48.0,226.0,0.53724986,3.1390102,0.6666667,2.5434792,68.92444,0
6bba_fc83837d,1334665,40,37.0,87.0,187.0,0.507056,3.203899,0.5873016,2.5434792,68.92444,0
6bba_fc83837d,1334666,40,52.0,140.0,184.0,0.56253123,3.292609,0.82539684,2.5434792,68.92444,0
6bba_fc83837d,1334667,40,9.0,0.0,149.0,0.47396126,2.7586372,0.14285715,2.1396742,41.032837,0
6bba_fc83837d,1334668,40,46.0,126.0,178.0,0.50247014,3.0581524,0.73015875,2.5268764,67.583496,0
6bba_fc83837d,1334669,40,51.0,77.0,222.0,0.5659082,1.9143959,0.8095238,2.5434792,68.92444,0
6bba_fc83837d,1334670,40,46.0,102.0,194.0,0.47112978,2.869777,0.73015875,2.5434792,68.92444,0
6bba_fc83837d,1334671,40,46.0,15.0,231.0,0.5199972,1.8725973,0.73015875,2.5434792,68.92444,0
6bba_fc83837d,1334672,40,26.0,40.0,180.0,0.43969914,3.3373423,0.41269842,2.5434792,68.92444,1
6bba_fc83837d,1334673,40,0.0,165.0,106.0,0.48059052,4.3957615,0.0,2.1396742,41.032837,0
6bba_fc83837d,1334674,40,55.0,32.0,245.0,0.51368815,2.6614676,0.8730159,2.5434792,68.92444,1
6bba_fc83837d,1334675,40,63.0,146.0,199.0,0.47770193,2.283672,1.0,2.1396742,41.032837,1
6bba_fc83837d,1334676,40,27.0,13.0,206.0,0.36506048,5.5455346,0.42857143,2.5434792,68.92444,0
6bba_fc83837d,1334677,40,20.0,75.0,147.0,0.4168913,3.478014,0.31746033,2.5434792,68.92444,0
6bba_fc83837d,1334678,40,63.0,94.0,240.0,0.43999764,2.996312,1.0,2.1350024,40.76465,0
6bba_fc83837d,1334679,40,48.0,151.0,160.0,0.5185346,2.4915595,0.7619048,2.5434792,68.92444,0
6bba_fc83837d,1334680,40,42.0,70.0,210.0,0.45417592,1.9732468,0.6666667,2.5401762,68.65625,0
6bba_fc83837d,1334681,40,56.0,22.0,255.0,0.5110994,2.0823278,0.8888889,2.1350024,40.76465,1
6bba_fc83837d,1334682,40,56.0,114.0,209.0,0.42726168,4.61718,0.8888889,2.5434792,68.92444,0
6bba_fc83837d,1334683,40,18.0,82.0,133.0,0.41171136,3.0794635,0.2857143,2.5434792,68.92444,0
6bba_fc83837d,1334684,40,59.0,178.0,172.0,0.4590432,2.5841918,0.93650794,2.5401762,68.65625,1
6bba_fc83837d,1334685,40,14.0,124.0,119.0,0.45839354,2.453576,0.22222222,2.5434792,68.92444,0
6bba_fc83837d,1334686,40,19.0,105.0,128.0,0.42055306,2.5690894,0.3015873,2.5434792,68.92444,0
6bba_fc83837d,1334687,40,29.0,37.0,195.0,0.35436353,3.393309,0.46031746,2.5434792,68.92444,0
6bba_fc83837d,1334688,40,56.0,134.0,200.0,0.43917456,1.8666698,0.8888889,2.5134354,66.51074,1
6bba_fc83837d,1334689,40,4.0,114.0,112.0,0.46583518,2.5539393,0.06349207,2.5368643,68.38806,0
6bba_fc83837d,1334690,40,33.0,65.0,186.0,0.36814204,2.8728063,0.52380955,2.5434792,68.92444,0
6bba_fc83837d,1334691,40,43.0,172.0,142.0,0.46605754,3.3404129,0.6825397,2.5401762,68.65625,0
6bba_fc83837d,1334692,40,38.0,110.0,169.0,0.4471547,1.9950359,0.6031746,2.5434792,68.92444,0
6bba_fc83837d,1334693,40,7.0,220.0,113.0,0.49359363,2.8496327,0.11111111,2.5434792,68.92444,0
6bba_fc83837d,1334694,40,39.0,0.0,232.0,0.4494631,1.593129,0.61904764,2.1396742,41.032837,0
6bba_fc83837d,1334695,40,33.0,118.0,150.0,0.4310763,2.3102295,0.52380955,2.5434792,68.92444,0
6bba_fc83837d,1334696,40,22.0,40.0,168.0,0.33846927,2.1287677,0.34920636,2.5434792,68.92444,1
6bba_fc83837d,1334697,40,23.0,24.0,182.0,0.3159672,3.0172858,0.36507937,2.5401762,68.65625,0
6bba_fc83837d,1334698,40,50.0,52.0,241.0,0.36294124,2.8602786,0.7936508,2.5434792,68.92444,0
6bba_fc83837d,1334699,40,35.0,146.0,139.0,0.40673637,3.8612595,0.5555556,2.5434792,68.92444,0
6bba_fc83837d,1334700,40,55.0,174.0,163.0,0.43953586,1.8176459,0.8730159,2.493,64.90161,1
6bba_fc83837d,1334701,40,9.0,201.0,112.0,0.45306072,2.074405,0.14285715,2.5434792,68.92444,0
6bba_fc83837d,1334702,41,21.0,12.0,188.0,0.68574905,5.8709836,0.33333334,2.5434792,68.92444,1
6bba_fc83837d,1334703,41,18.0,0.0,180.0,0.64557076,3.888029,0.2857143,2.1350024,40.76465,2
6bba_fc83837d,1334704,41,0.0,55.0,101.0,0.5454307,3.4500895,0.0,2.1396742,41.032837,0
6bba_fc83837d,1334705,41,63.0,115.0,225.0,0.5047619,4.4452314,1.0,2.1396742,41.032837,0
6bba_fc83837d,1334706,41,41.0,57.0,221.0,0.50909185,3.0361238,0.6507937,2.5434792,68.92444,0
6bba_fc83837d,1334707,41,46.0,25.0,228.0,0.57737976,1.9969339,0.73015875,2.5434792,68.92444,0
6bba_fc83837d,1334708,41,48.0,158.0,155.0,0.5682532,3.293772,0.7619048,2.5434792,68.92444,0
6bba_fc83837d,1334709,41,54.0,27.0,255.0,0.572088,2.2467117,0.85714287,2.1396742,41.032837,1
6bba_fc83837d,1334710,41,54.0,83.0,213.0,0.59819,2.7485406,0.85714287,2.5434792,68.92444,0
6bba_fc83837d,1334711,41,36.0,92.0,182.0,0.4872429,3.10991,0.5714286,2.5434792,68.92444,0
6bba_fc83837d,1334712,41,17.0,107.0,120.0,0.4926626,2.7738068,0.26984128,2.5434792,68.92444,0
6bba_fc83837d,1334713,41,27.0,20.0,202.0,0.41228113,5.796114,0.42857143,2.5434792,68.92444,0
6bba_fc83837d,1334714,41,45.0,108.0,189.0,0.4743955,3.2403698,0.71428573,2.5434792,68.92444,0
6bba_fc83837d,1334715,41,55.0,36.0,244.0,0.5490933,2.463275,0.8730159,2.5434792,68.92444,1
6bba_fc83837d,1334716,41,55.0,138.0,195.0,0.46577263,2.6134193,0.8730159,2.5434792,68.92444,0
6bba_fc83837d,1334717,41,42.0,74.0,206.0,0.46503267,2.564666,0.6666667,2.5434792,68.92444,0
6bba_fc83837d,1334718,41,51.0,146.0,177.0,0.5092482,2.9943013,0.8095238,2.5434792,68.92444,0
6bba_fc83837d,1334719,41,63.0,152.0,195.0,0.47629553,2.294906,1.0,2.1396742,41.032837,0
6bba_fc83837d,1334720,41,0.0,176.0,98.0,0.46772286,4.384802,0.0,2.1396742,41.032837,0
6bba_fc83837d,1334721,41,28.0,41.0,190.0,0.38203517,3.6827223,0.44444445,2.5434792,68.92444,0
6bba_fc83837d,1334722,41,14.0,0.0,168.0,0.42350605,2.237931,0.22222222,2.1396742,41.032837,1
6bba_fc83837d,1334723,41,63.0,98.0,237.0,0.44643438,2.7211103,1.0,2.1396742,41.032837,0
6bba_fc83837d,1334724,41,26.0,45.0,174.0,0.41208658,2.6734228,0.41269842,2.5434792,68.92444,1
6bba_fc83837d,1334725,41,10.0,9.0,146.0,0.41631114,2.184236,0.15873016,2.5434792,68.92444,0
6bba_fc83837d,1334726,41,33.0,71.0,182.0,0.39359018,3.2470453,0.52380955,2.5434792,68.92444,0
6bba_fc83837d,1334727,41,20.0,87.0,137.0,0.42521888,2.702306,0.31746033,2.5434792,68.92444,1
6bba_fc83837d,1334728,41,14.0,131.0,112.0,0.45458937,2.5920627,0.22222222,2.5434792,68.92444,0
6bba_fc83837d,1334729,41,23.0,30.0,177.0,0.35180655,3.3568969,0.36507937,2.5401762,68.65625,0
6bba_fc83837d,1334730,41,37.0,115.0,163.0,0.45717067,2.0904486,0.5873016,2.5434792,68.92444,0
6bba_fc83837d,1334731,41,43.0,177.0,135.0,0.46539396,4.013095,0.6825397,2.5434792,68.92444,0
6bba_fc83837d,1334732,41,32.0,123.0,145.0,0.43969917,2.425486,0.50793654,2.5434792,68.92444,0
6bba_fc83837d,1334733,41,23.0,53.0,167.0,0.37287384,2.1686604,0.36507937,2.5434792,68.92444,1
6bba_fc83837d,1334734,41,17.0,84.0,126.0,0.38393897,2.3647056,0.26984128,2.5434792,68.92444,1
6bba_fc83837d,1334735,42,21.0,19.0,186.0,0.70062184,10.045756,0.33333334,2.5434792,68.92444,0
6bba_fc83837d,1334736,42,16.0,0.0,183.0,0.4802288,5.6000996,0.25396827,2.1350024,40.76465,0
6bba_fc83837d,1334737,42,0.0,57.0,99.0,0.5500233,3.7476568,0.0,2.1396742,41.032837,0
6bba_fc83837d,1334738,42,63.0,119.0,224.0,0.49573413,4.600762,1.0,2.1396742,41.032837,0
6bba_fc83837d,1334739,42,54.0,28.0,255.0,0.59830767,2.3233123,0.85714287,2.1396742,41.032837,1
6bba_fc83837d,1334740,42,17.0,109.0,118.0,0.50187606,2.797632,0.26984128,2.5434792,68.92444,0
6bba_fc83837d,1334741,42,45.0,26.0,228.0,0.5800896,1.9991347,0.71428573,2.5434792,68.92444,0
6bba_fc83837d,1334742,42,45.0,108.0,190.0,0.49422598,3.7644565,0.71428573,2.5434792,68.92444,0
6bba_fc83837d,1334743,42,48.0,161.0,154.0,0.5719358,3.2930973,0.7619048,2.5434792,68.92444,0
6bba_fc83837d,1334744,42,41.0,58.0,220.0,0.48855963,3.0988648,0.6507937,2.5434792,68.92444,0
6bba_fc83837d,1334745,42,54.0,84.0,214.0,0.6009762,2.8226569,0.85714287,2.5434792,68.92444,0
6bba_fc83837d,1334746,42,56.0,37.0,246.0,0.5673186,2.5792038,0.8888889,2.5434792,68.92444,1
6bba_fc83837d,1334747,42,54.0,139.0,195.0,0.46163496,2.6488101,0.85714287,2.5335438,68.11987,0
6bba_fc83837d,1334748,42,37.0,96.0,180.0,0.47366244,3.0573318,0.5873016,2.5434792,68.92444,0
6bba_fc83837d,1334749,42,27.0,22.0,201.0,0.4116905,3.847172,0.42857143,2.5434792,68.92444,0
6bba_fc83837d,1334750,42,63.0,153.0,195.0,0.48717904,2.5347862,1.0,2.1396742,41.032837,0
6bba_fc83837d,1334751,42,51.0,148.0,176.0,0.51255906,2.9229474,0.8095238,2.5434792,68.92444,1
6bba_fc83837d,1334752,42,10.0,9.0,148.0,0.4439411,2.5213077,0.15873016,2.5434792,68.92444,0
6bba_fc83837d,1334753,42,28.0,43.0,189.0,0.3950945,3.853252,0.44444445,2.5434792,68.92444,0
6bba_fc83837d,1334754,42,25.0,49.0,172.0,0.42812672,2.5517113,0.3968254,2.5434792,68.92444,1
6bba_fc83837d,1334755,42,63.0,100.0,238.0,0.4484594,2.9422941,1.0,2.1396742,41.032837,0
6bba_fc83837d,1334756,42,24.0,56.0,167.0,0.4191982,2.529393,0.3809524,2.5434792,68.92444,1
6bba_fc83837d,1334757,42,42.0,75.0,206.0,0.4441704,2.538798,0.6666667,2.5434792,68.92444,0
6bba_fc83837d,1334758,42,0.0,177.0,96.0,0.4555672,4.4245534,0.0,2.1396742,41.032837,0
6bba_fc83837d,1334759,42,14.0,132.0,109.0,0.46243745,2.36927,0.22222222,2.5434792,68.92444,0
6bba_fc83837d,1334760,42,47.0,143.0,167.0,0.47084144,2.3400054,0.74603176,2.5434792,68.92444,1
6bba_fc83837d,1334761,42,23.0,34.0,176.0,0.3580079,2.9695117,0.36507937,2.5401762,68.65625,0
6bba_fc83837d,1334762,42,14.0,1.0,167.0,0.38616973,3.1597562,0.22222222,2.3316977,53.10132,0
6bba_fc83837d,1334763,43,17.0,0.0,180.0,0.688778,6.2768583,0.26984128,2.1396742,41.032837,0
6bba_fc83837d,1334764,43,23.0,22.0,185.0,0.6833206,9.620835,0.36507937,2.5434792,68.92444,0
6bba_fc83837d,1334765,43,21.0,0.0,195.0,0.55230516,4.513597,0.33333334,2.1396742,41.032837,0
6bba_fc83837d,1334766,43,0.0,59.0,97.0,0.53221285,3.2575283,0.0,2.1396742,41.032837,0
6bba_fc83837d,1334767,43,48.0,163.0,153.0,0.5956087,3.450774,0.7619048,2.5434792,68.92444,0
6bba_fc83837d,1334768,43,53.0,31.0,255.0,0.60515875,2.0320868,0.84126985,2.1396742,41.032837,1
6bba_fc83837d,1334769,43,18.0,111.0,116.0,0.5024492,2.744565,0.2857143,2.5434792,68.92444,0
6bba_fc83837d,1334770,43,55.0,35.0,249.0,0.61303496,2.9458723,0.8730159,2.5434792,68.92444,1
6bba_fc83837d,1334771,43,45.0,28.0,228.0,0.5749756,2.0586467,0.71428573,2.5434792,68.92444,0
6bba_fc83837d,1334772,43,45.0,109.0,190.0,0.4816426,3.569457,0.71428573,2.5434792,68.92444,0
6bba_fc83837d,1334773,43,41.0,61.0,218.0,0.4772165,3.174483,0.6507937,2.5434792,68.92444,0
6bba_fc83837d,1334774,43,54.0,85.0,214.0,0.58142024,2.9273791,0.85714287,2.5434792,68.92444,0
6bba_fc83837d,1334775,43,37.0,98.0,180.0,0.4840432,2.994897,0.5873016,2.5434792,68.92444,0
6bba_fc83837d,1334776,43,51.0,150.0,175.0,0.50891817,3.1491888,0.8095238,2.5434792,68.92444,1
6bba_fc83837d,1334777,43,10.0,11.0,145.0,0.44266608,2.595284,0.15873016,2.5434792,68.92444,0
6bba_fc83837d,1334778,43,54.0,140.0,194.0,0.45894593,3.013366,0.85714287,2.5401762,68.65625,0
6bba_fc83837d,1334779,43,63.0,118.0,224.0,0.43070146,3.8453255,1.0,2.1396742,41.032837,0
6bba_fc83837d,1334780,43,28.0,43.0,190.0,0.40621176,4.0653563,0.44444445,2.5401762,68.65625,0
6bba_fc83837d,1334781,43,24.0,58.0,167.0,0.4248228,2.6409538,0.3809524,2.5434792,68.92444,0
6bba_fc83837d,1334782,43,28.0,25.0,202.0,0.40135145,4.0536585,0.44444445,2.5434792,68.92444,0
6bba_fc83837d,1334783,43,63.0,100.0,238.0,0.45452264,2.9610837,1.0,2.1396742,41.032837,0
6bba_fc83837d,1334784,43,42.0,78.0,205.0,0.432056,2.6634302,0.6666667,2.5434792,68.92444,0
6bba_fc83837d,1334785,43,0.0,179.0,95.0,0.45301706,4.261384,0.0,2.1396742,41.032837,0
6bba_fc83837d,1334786,43,63.0,155.0,195.0,0.43815362,2.2647483,1.0,2.1396742,41.032837,0
6bba_fc83837d,1334787,43,34.0,78.0,181.0,0.4001494,2.7896607,0.53968257,2.5434792,68.92444,0
6bba_fc83837d,1334788,43,23.0,35.0,175.0,0.36479294,2.862282,0.36507937,2.5401762,68.65625,0
6bba_fc83837d,1334789,43,63.0,210.0,146.0,0.4023226,5.603438,1.0,2.1396742,41.032837,0
6bba_fc83837d,1334790,43,32.0,125.0,143.0,0.44255143,2.424001,0.50793654,2.5434792,68.92444,0
6bba_fc83837d,1334791,43,36.0,119.0,161.0,0.45863676,2.2197309,0.5714286,2.5434792,68.92444,0
6bba_fc83837d,1334792,43,47.0,143.0,166.0,0.45183784,2.2438467,0.74603176,2.5434792,68.92444,1
6bba_fc83837d,1334793,44,16.0,0.0,180.0,0.75190246,4.7204256,0.25396827,2.1350024,40.76465,1
6bba_fc83837d,1334794,44,23.0,24.0,183.0,0.65722626,9.4686,0.36507937,2.5434792,68.92444,0
6bba_fc83837d,1334795,44,21.0,0.0,194.0,0.6473623,3.2736795,0.33333334,2.1396742,41.032837,1
6bba_fc83837d,1334796,44,0.0,61.0,96.0,0.5580182,3.383667,0.0,2.1396742,41.032837,0
6bba_fc83837d,1334797,44,55.0,35.0,248.0,0.6364682,2.808373,0.8730159,2.5434792,68.92444,1
6bba_fc83837d,1334798,44,48.0,165.0,150.0,0.5770254,3.13119,0.7619048,2.5434792,68.92444,0
6bba_fc83837d,1334799,44,45.0,33.0,225.0,0.5704315,2.241663,0.71428573,2.5434792,68.92444,0
6bba_fc83837d,1334800,44,55.0,84.0,212.0,0.59311426,2.7788556,0.8730159,2.5434792,68.92444,0
6bba_fc83837d,1334801,44,51.0,150.0,174.0,0.51683575,3.2718256,0.8095238,2.5434792,68.92444,0
6bba_fc83837d,1334802,44,28.0,28.0,201.0,0.42433298,4.754545,0.44444445,2.5434792,68.92444,0
6bba_fc83837d,1334803,44,63.0,121.0,222.0,0.44173667,4.268888,1.0,2.1396742,41.032837,0
6bba_fc83837d,1334804,44,17.0,112.0,113.0,0.47568095,2.5690873,0.26984128,2.5434792,68.92444,0
6bba_fc83837d,1334805,44,10.0,12.0,142.0,0.44834283,2.6643307,0.15873016,2.5434792,68.92444,0
6bba_fc83837d,1334806,44,52.0,31.0,255.0,0.58531743,1.6281818,0.82539684,2.1396742,41.032837,1
6bba_fc83837d,1334807,44,40.0,62.0,216.0,0.4697714,2.706642,0.63492066,2.5434792,68.92444,0
6bba_fc83837d,1334808,44,63.0,101.0,237.0,0.4718604,3.227263,1.0,2.1396742,41.032837,0
6bba_fc83837d,1334809,44,28.0,43.0,189.0,0.41048148,4.2419076,0.44444445,2.5401762,68.65625,0
6bba_fc83837d,1334810,44,63.0,157.0,193.0,0.4473506,3.299907,1.0,2.1396742,41.032837,0
6bba_fc83837d,1334811,44,37.0,99.0,179.0,0.46681836,2.69812,0.5873016,2.5434792,68.92444,0
6bba_fc83837d,1334812,44,0.0,180.0,92.0,0.4780346,4.9755206,0.0,2.1396742,41.032837,0
6bba_fc83837d,1334813,44,46.0,112.0,188.0,0.44663355,3.099673,0.73015875,2.5434792,68.92444,0
6bba_fc83837d,1334814,44,24.0,60.0,164.0,0.4213695,2.5309758,0.3809524,2.5434792,68.92444,1
6bba_fc83837d,1334815,44,26.0,54.0,170.0,0.4264939,2.4026065,0.41269842,2.5434792,68.92444,1
6bba_fc83837d,1334816,44,42.0,78.0,203.0,0.44470543,2.925527,0.6666667,2.5434792,68.92444,0
6bba_fc83837d,1334817,44,54.0,141.0,193.0,0.42309618,3.179675,0.85714287,2.5368643,68.38806,0
6bba_fc83837d,1334818,44,63.0,81.0,255.0,0.31328493,3.867795,1.0,1.7861332,23.868774,0
6bba_fc83837d,1334819,44,37.0,121.0,159.0,0.47316912,2.42199,0.5873016,2.5434792,68.92444,0
6bba_fc83837d,1334820,44,32.0,125.0,141.0,0.45460325,2.312706,0.50793654,2.5434792,68.92444,0
6bba_fc83837d,1334821,45,22.0,25.0,181.0,0.6506358,9.538817,0.34920636,2.5401762,68.65625,0
6bba_fc83837d,1334822,45,16.0,0.0,178.0,0.7365254,4.3465037,0.25396827,2.1350024,40.76465,0
6bba_fc83837d,1334823,45,20.0,0.0,193.0,0.6384045,2.7250736,0.31746033,2.1396742,41.032837,0
6bba_fc83837d,1334824,45,0.0,64.0,92.0,0.5423903,3.0372758,0.0,2.1396742,41.032837,0
6bba_fc83837d,1334825,45,54.0,36.0,246.0,0.64817613,2.6723683,0.85714287,2.5434792,68.92444,0
6bba_fc83837d,1334826,45,16.0,112.0,110.0,0.52791137,2.9440856,0.25396827,2.5434792,68.92444,0
6bba_fc83837d,1334827,45,48.0,166.0,149.0,0.59327406,3.409125,0.7619048,2.5434792,68.92444,0
6bba_fc83837d,1334828,45,51.0,152.0,170.0,0.53616595,3.552001,0.8095238,2.5434792,68.92444,0
6bba_fc83837d,1334829,45,63.0,81.0,255.0,0.381093,5.103128,1.0,1.7927979,24.136963,0
6bba_fc83837d,1334830,45,45.0,33.0,223.0,0.5581886,2.076031,0.71428573,2.5434792,68.92444,1
6bba_fc83837d,1334831,45,44.0,28.0,223.0,0.56162107,1.9873834,0.6984127,2.5434792,68.92444,1
6bba_fc83837d,1334832,45,27.0,57.0,170.0,0.45760143,2.7522132,0.42857143,2.5434792,68.92444,1
6bba_fc83837d,1334833,45,54.0,84.0,210.0,0.59536195,2.7695901,0.85714287,2.5434792,68.92444,0
6bba_fc83837d,1334834,45,28.0,29.0,199.0,0.41804126,4.8505874,0.44444445,2.5434792,68.92444,0
6bba_fc83837d,1334835,45,10.0,15.0,139.0,0.4481691,2.8003545,0.15873016,2.5434792,68.92444,0
6bba_fc83837d,1334836,45,53.0,144.0,187.0,0.46611312,3.4241567,0.84126985,2.5434792,68.92444,0
6bba_fc83837d,1334837,45,63.0,123.0,220.0,0.44157326,3.650649,1.0,2.1396742,41.032837,0
6bba_fc83837d,1334838,45,40.0,62.0,214.0,0.46516466,2.6639555,0.63492066,2.5434792,68.92444,0
6bba_fc83837d,1334839,45,37.0,100.0,176.0,0.47073376,2.8633013,0.5873016,2.5434792,68.92444,0
6bba_fc83837d,1334840,45,63.0,158.0,191.0,0.4365313,3.4421256,1.0,2.1396742,41.032837,0
6bba_fc83837d,1334841,45,63.0,101.0,237.0,0.4506419,3.1043673,1.0,2.1396742,41.032837,0
6bba_fc83837d,1334842,45,24.0,59.0,163.0,0.42923498,2.3767056,0.3809524,2.5434792,68.92444,1
6bba_fc83837d,1334843,45,28.0,42.0,187.0,0.38839287,4.2230167,0.44444445,2.5434792,68.92444,0
6bba_fc83837d,1334844,45,45.0,110.0,187.0,0.43305653,2.9715552,0.71428573,2.5434792,68.92444,0
6bba_fc83837d,1334845,45,14.0,137.0,102.0,0.47711578,2.509743,0.22222222,2.5368643,68.38806,0
6bba_fc83837d,1334846,45,0.0,182.0,89.0,0.45161068,4.4687943,0.0,2.1396742,41.032837,0
6bba_fc83837d,1334847,45,14.0,7.0,161.0,0.39838454,3.925583,0.22222222,2.5434792,68.92444,0
6bba_fc83837d,1334848,45,26.0,0.0,209.0,0.34314308,1.9294846,0.41269842,2.1350024,40.76465,0
6bba_fc83837d,1334849,45,42.0,79.0,201.0,0.41885424,2.5275316,0.6666667,2.5434792,68.92444,0
6bba_fc83837d,1334850,45,36.0,121.0,156.0,0.45938715,2.0325847,0.5714286,2.5434792,68.92444,0
6bba_fc83837d,1334851,45,31.0,0.0,225.0,0.37061742,2.75669,0.4920635,2.1396742,41.032837,0
6bba_fc83837d,1334852,45,63.0,214.0,142.0,0.39631185,5.192603,1.0,2.1396742,41.032837,0
6bba_fc83837d,1334853,45,33.0,127.0,141.0,0.4412729,1.9368378,0.52380955,2.5434792,68.92444,0
6bba_fc83837d,1334854,45,45.0,139.0,164.0,0.43743744,2.3854542,0.71428573,2.5434792,68.92444,0
6bba_fc83837d,1334855,46,23.0,36.0,175.0,0.59815866,6.266874,0.36507937,2.5434792,68.92444,0
6bba_fc83837d,1334856,46,16.0,9.0,170.0,0.64555305,4.463438,0.25396827,2.5434792,68.92444,0
6bba_fc83837d,1334857,46,20.0,8.0,186.0,0.56855893,2.863944,0.31746033,2.5434792,68.92444,0
6bba_fc83837d,1334858,46,52.0,40.0,244.0,0.6384033,2.7410996,0.82539684,2.5434792,68.92444,0
6bba_fc83837d,1334859,46,0.0,70.0,82.0,0.5165558,2.8895378,0.0,2.1396742,41.032837,0
6bba_fc83837d,1334860,46,55.0,85.0,208.0,0.60722274,2.688848,0.8730159,2.5434792,68.92444,0
6bba_fc83837d,1334861,46,15.0,116.0,100.0,0.53171206,2.5949068,0.23809524,2.5434792,68.92444,0
6bba_fc83837d,1334862,46,27.0,51.0,180.0,0.45569763,4.459652,0.42857143,2.5434792,68.92444,0
6bba_fc83837d,1334863,46,49.0,152.0,167.0,0.54457337,2.942905,0.7777778,2.5434792,68.92444,1
6bba_fc83837d,1334864,46,44.0,34.0,221.0,0.58681214,2.023271,0.6984127,2.5434792,68.92444,0
6bba_fc83837d,1334865,46,25.0,61.0,161.0,0.46851727,2.6513484,0.3968254,2.5434792,68.92444,1
6bba_fc83837d,1334866,46,63.0,163.0,185.0,0.45885852,3.635031,1.0,2.1396742,41.032837,0
6bba_fc83837d,1334867,46,39.0,65.0,211.0,0.4874861,2.5026116,0.61904764,2.5434792,68.92444,1
6bba_fc83837d,1334868,46,9.0,20.0,131.0,0.4521783,2.909036,0.14285715,2.5434792,68.92444,0
6bba_fc83837d,1334869,46,22.0,66.0,154.0,0.45351237,2.3665864,0.34920636,2.5434792,68.92444,1
6bba_fc83837d,1334870,46,63.0,103.0,233.0,0.48456463,2.8755782,1.0,2.1396742,41.032837,0
6bba_fc83837d,1334871,46,63.0,222.0,132.0,0.46410483,6.768637,1.0,2.1396742,41.032837,0
6bba_fc83837d,1334872,46,36.0,102.0,174.0,0.4748054,2.3844738,0.5714286,2.5434792,68.92444,1
6bba_fc83837d,1334873,46,25.0,0.0,205.0,0.4181956,3.5149784,0.3968254,2.1396742,41.032837,0
6bba_fc83837d,1334874,46,60.0,125.0,215.0,0.46908134,3.673259,0.95238096,2.5401762,68.65625,0
6bba_fc83837d,1334875,46,13.0,11.0,154.0,0.39919746,3.9213264,0.20634921,2.5434792,68.92444,0
6bba_fc83837d,1334876,46,46.0,172.0,141.0,0.515255,2.6221967,0.73015875,2.5434792,68.92444,0
6bba_fc83837d,1334877,46,39.0,14.0,244.0,0.40094495,2.8547788,0.61904764,2.5434792,68.92444,0
6bba_fc83837d,1334878,46,29.0,0.0,222.0,0.40756887,2.7459657,0.46031746,2.1350024,40.76465,0
6bba_fc83837d,1334879,46,44.0,114.0,180.0,0.42650086,2.6914377,0.6984127,2.5434792,68.92444,0
6bba_fc83837d,1334880,46,27.0,33.0,194.0,0.36390704,4.8206,0.42857143,2.5434792,68.92444,0
6bba_fc83837d,1334881,46,47.0,151.0,156.0,0.48551276,2.1600165,0.74603176,2.5401762,68.65625,1
6bba_fc83837d,1334882,46,63.0,88.0,249.0,0.35730046,3.5203257,1.0,2.1396742,41.032837,1
6bba_fc83837d,1334883,46,52.0,146.0,184.0,0.4244789,2.736381,0.82539684,2.5302145,67.851685,0
6bba_fc83837d,1334884,46,34.0,127.0,145.0,0.48294535,2.239917,0.53968257,2.5434792,68.92444,1
6bba_fc83837d,1334885,46,32.0,78.0,173.0,0.3730406,3.6950374,0.50793654,2.5434792,68.92444,0
6bba_fc83837d,1334886,46,13.0,139.0,92.0,0.454836,2.479746,0.20634921,2.5434792,68.92444,0
6bba_fc83837d,1334887,46,15.0,92.0,108.0,0.40473875,2.8830345,0.23809524,2.5434792,68.92444,0
6bba_fc83837d,1334888,46,63.0,83.0,255.0,0.35111853,3.0390825,1.0,1.7927979,24.136963,1
6bba_fc83837d,1334889,46,40.0,78.0,197.0,0.40257433,2.3385453,0.63492066,2.5434792,68.92444,0
6bba_fc83837d,1334890,46,38.0,111.0,164.0,0.42006668,2.2956378,0.6031746,2.5434792,68.92444,1
6bba_fc83837d,1334891,46,32.0,129.0,136.0,0.43379655,1.8744276,0.50793654,2.5434792,68.92444,1
6bba_fc83837d,1334892,46,59.0,255.0,98.0,0.40315124,5.665785,0.93650794,2.1350024,40.76465,0
6bba_fc83837d,1334893,46,0.0,47.0,97.0,0.36982378,2.8579698,0.0,2.1396742,41.032837,0
6bba_fc83837d,1334894,46,58.0,59.0,255.0,0.33139005,2.6285708,0.9206349,2.1065323,39.155518,0
6bba_fc83837d,1334895,46,33.0,96.0,150.0,0.41123542,2.098932,0.52380955,2.5434792,68.92444,0
6bba_fc83837d,1334896,46,8.0,223.0,87.0,0.42296764,2.9231012,0.12698413,2.5134354,66.51074,0
6bba_fc83837d,1334897,46,33.0,156.0,116.0,0.35848734,4.214569,0.52380955,2.5434792,68.92444,0
6bba_fc83837d,1334898,46,39.0,178.0,118.0,0.40324485,3.568344,0.61904764,2.5434792,68.92444,0
6bba_fc83837d,1334899,46,23.0,45.0,162.0,0.3426348,1.9057285,0.36507937,2.5434792,68.92444,0
6bba_fc83837d,1334900,46,46.0,69.0,222.0,0.3739161,1.6265239,0.73015875,2.5434792,68.92444,1
6bba_fc83837d,1334901,46,39.0,153.0,139.0,0.38677737,2.320456,0.61904764,2.5434792,68.92444,0
6bba_fc83837d,1334902,46,0.0,7.0,115.0,0.3261263,3.6795316,0.0,2.1396742,41.032837,0
6bba_fc83837d,1334903,46,0.0,0.0,86.0,0.33459574,1.7604533,0.0,1.7994134,24.405151,0
6bba_fc83837d,1334904,46,19.0,192.0,87.0,0.4105927,3.0363066,0.3015873,2.5434792,68.92444,0
6bba_fc83837d,1334905,47,16.0,13.0,165.0,0.6527446,5.426721,0.25396827,2.5434792,68.92444,1
6bba_fc83837d,1334906,47,23.0,38.0,174.0,0.54972905,4.880988,0.36507937,2.5434792,68.92444,0
6bba_fc83837d,1334907,47,0.0,72.0,79.0,0.5820845,2.9958088,0.0,2.1396742,41.032837,0
6bba_fc83837d,1334908,47,20.0,10.0,184.0,0.5547318,2.858993,0.31746033,2.5434792,68.92444,0
6bba_fc83837d,1334909,47,52.0,39.0,242.0,0.65549266,2.7553566,0.82539684,2.5434792,68.92444,0
6bba_fc83837d,1334910,47,55.0,84.0,207.0,0.6270602,2.6797285,0.8730159,2.5434792,68.92444,1
6bba_fc83837d,1334911,47,40.0,65.0,211.0,0.5433435,3.0058618,0.63492066,2.5434792,68.92444,0
6bba_fc83837d,1334912,47,43.0,35.0,216.0,0.5922075,2.095368,0.6825397,2.5434792,68.92444,0
6bba_fc83837d,1334913,47,23.0,71.0,150.0,0.47209558,3.025003,0.36507937,2.5434792,68.92444,0
6bba_fc83837d,1334914,47,50.0,155.0,164.0,0.5432254,2.8690407,0.7936508,2.5434792,68.92444,1
6bba_fc83837d,1334915,47,27.0,55.0,176.0,0.44217277,4.5577707,0.42857143,2.5434792,68.92444,0
6bba_fc83837d,1334916,47,63.0,165.0,182.0,0.4657738,3.8773208,1.0,2.1396742,41.032837,0
6bba_fc83837d,1334917,47,9.0,22.0,129.0,0.46188158,3.030666,0.14285715,2.5434792,68.92444,0
6bba_fc83837d,1334918,47,56.0,57.0,255.0,0.4639297,4.044793,0.8888889,2.1396742,41.032837,0
6bba_fc83837d,1334919,47,15.0,117.0,97.0,0.5012819,2.3261282,0.23809524,2.5434792,68.92444,0
6bba_fc83837d,1334920,47,63.0,223.0,129.0,0.48549837,5.661902,1.0,2.1396742,41.032837,0
6bba_fc83837d,1334921,47,59.0,124.0,215.0,0.4752258,3.4977272,0.93650794,2.5401762,68.65625,0
6bba_fc83837d,1334922,47,25.0,0.0,203.0,0.41782212,3.8507638,0.3968254,2.1396742,41.032837,0
6bba_fc83837d,1334923,47,63.0,89.0,247.0,0.41164216,3.764517,1.0,2.1396742,41.032837,0
6bba_fc83837d,1334924,47,63.0,105.0,231.0,0.47224557,2.6835208,1.0,2.1396742,41.032837,0
6bba_fc83837d,1334925,47,27.0,35.0,192.0,0.36925724,4.781046,0.42857143,2.5434792,68.92444,0
6bba_fc83837d,1334926,47,38.0,14.0,241.0,0.3899319,2.758805,0.6031746,2.5434792,68.92444,0
6bba_fc83837d,1334927,47,29.0,0.0,221.0,0.40616244,2.5622044,0.46031746,2.1350024,40.76465,0
6bba_fc83837d,1334928,47,44.0,114.0,177.0,0.41633898,2.6036334,0.6984127,2.5434792,68.92444,1
6bba_fc83837d,1334929,47,13.0,14.0,151.0,0.39160994,2.6542468,0.20634921,2.5434792,68.92444,1
6bba_fc83837d,1334930,47,35.0,103.0,171.0,0.43856657,2.0538845,0.5555556,2.5401762,68.65625,2
6bba_fc83837d,1334931,47,40.0,103.0,178.0,0.43396333,2.1015496,0.63492066,2.5434792,68.92444,2
6bba_fc83837d,1334932,47,52.0,147.0,180.0,0.42396125,2.6970234,0.82539684,2.5434792,68.92444,0
6bba_fc83837d,1334933,47,47.0,154.0,155.0,0.47293982,1.8978571,0.74603176,2.5434792,68.92444,1
6bba_fc83837d,1334934,47,46.0,174.0,138.0,0.4916377,2.3903139,0.73015875,2.5434792,68.92444,0
6bba_fc83837d,1334935,47,39.0,78.0,192.0,0.3718559,2.7659748,0.61904764,2.5434792,68.92444,0
6bba_fc83837d,1334936,47,38.0,112.0,162.0,0.41982356,2.4592643,0.6031746,2.5434792,68.92444,1
6bba_fc83837d,1334937,47,0.0,49.0,94.0,0.37991363,2.8158252,0.0,2.1396742,41.032837,0
6bba_fc83837d,1334938,47,34.0,129.0,141.0,0.4623089,2.1458485,0.53968257,2.5434792,68.92444,1
6bba_fc83837d,1334939,47,32.0,130.0,132.0,0.4223944,1.9223561,0.50793654,2.5434792,68.92444,1
6bba_fc83837d,1334940,47,33.0,98.0,145.0,0.42564622,2.233812,0.52380955,2.5434792,68.92444,0
6bba_fc83837d,1334941,47,14.0,91.0,105.0,0.38496038,2.7665148,0.22222222,2.5434792,68.92444,0
6bba_fc83837d,1334942,47,49.0,96.0,206.0,0.46234018,1.4016455,0.7777778,2.5434792,68.92444,2
6bba_fc83837d,1334943,47,0.0,76.0,59.0,0.41332862,1.7654067,0.0,2.1396742,41.032837,0
6bba_fc83837d,1334944,47,12.0,140.0,89.0,0.43950808,2.1341748,0.1904762,2.5302145,67.851685,0
6bba_fc83837d,1334945,47,8.0,223.0,83.0,0.42855057,3.221983,0.12698413,2.5201738,67.04712,0
6bba_fc83837d,1334946,47,58.0,255.0,95.0,0.38726658,4.9057655,0.9206349,2.120863,39.960083,0
6bba_fc83837d,1334947,47,31.0,79.0,170.0,0.341735,3.202513,0.4920635,2.5434792,68.92444,0
6bba_fc83837d,1334948,47,44.0,101.0,199.0,0.39834976,1.6832565,0.6984127,2.5434792,68.92444,1
6bba_fc83837d,1334949,47,0.0,9.0,111.0,0.3219129,3.3955235,0.0,2.1396742,41.032837,0
6bba_fc83837d,1334950,47,32.0,156.0,114.0,0.35677806,4.1342745,0.50793654,2.5434792,68.92444,0
6bba_fc83837d,1334951,48,16.0,14.0,163.0,0.5676591,5.920485,0.25396827,2.5434792,68.92444,0
6bba_fc83837d,1334952,48,20.0,11.0,184.0,0.5978808,3.262826,0.31746033,2.5434792,68.92444,0
6bba_fc83837d,1334953,48,0.0,76.0,76.0,0.588101,2.921758,0.0,2.1396742,41.032837,0
6bba_fc83837d,1334954,48,54.0,83.0,209.0,0.63258404,2.7387989,0.85714287,2.5434792,68.92444,0
6bba_fc83837d,1334955,48,53.0,38.0,243.0,0.64181143,2.4501073,0.84126985,2.5434792,68.92444,1
6bba_fc83837d,1334956,48,23.0,39.0,173.0,0.47555587,4.1941547,0.36507937,2.5434792,68.92444,0
6bba_fc83837d,1334957,48,24.0,75.0,149.0,0.5127015,3.2582178,0.3809524,2.5434792,68.92444,0
6bba_fc83837d,1334958,48,42.0,37.0,216.0,0.61438996,2.3510177,0.6666667,2.5434792,68.92444,0
6bba_fc83837d,1334959,48,46.0,44.0,241.0,0.5569414,1.9290414,0.73015875,2.5434792,68.92444,1
6bba_fc83837d,1334960,48,39.0,67.0,209.0,0.5134103,2.8482628,0.61904764,2.5434792,68.92444,0
6bba_fc83837d,1334961,48,49.0,155.0,163.0,0.5606656,2.8276608,0.7777778,2.5434792,68.92444,1
6bba_fc83837d,1334962,48,56.0,60.0,255.0,0.49384338,4.579727,0.8888889,2.1396742,41.032837,0
6bba_fc83837d,1334963,48,47.0,158.0,152.0,0.53423774,2.626333,0.74603176,2.5434792,68.92444,1
6bba_fc83837d,1334964,48,27.0,35.0,191.0,0.38433155,5.463835,0.42857143,2.5434792,68.92444,0
6bba_fc83837d,1334965,48,62.0,225.0,125.0,0.4989899,4.9611,0.984127,2.3316977,53.10132,0
6bba_fc83837d,1334966,48,61.0,166.0,181.0,0.45891717,3.654554,0.96825397,2.4687274,63.024292,0
6bba_fc83837d,1334967,48,9.0,24.0,127.0,0.41928154,2.7605622,0.14285715,2.5434792,68.92444,0
6bba_fc83837d,1334968,48,29.0,0.0,219.0,0.42486578,2.6129954,0.46031746,2.1396742,41.032837,0
6bba_fc83837d,1334969,48,43.0,115.0,175.0,0.4345713,2.8595326,0.6825397,2.5434792,68.92444,1
6bba_fc83837d,1334970,48,58.0,123.0,215.0,0.4319101,3.034522,0.9206349,2.5401762,68.65625,0
6bba_fc83837d,1334971,48,39.0,103.0,176.0,0.4451744,2.471474,0.61904764,2.5434792,68.92444,1
6bba_fc83837d,1334972,48,15.0,118.0,94.0,0.4640078,2.0263755,0.23809524,2.5434792,68.92444,0
6bba_fc83837d,1334973,48,63.0,90.0,248.0,0.3846697,3.5321622,1.0,2.1396742,41.032837,0
6bba_fc83837d,1334974,48,12.0,14.0,148.0,0.37889454,3.4152033,0.1904762,2.5434792,68.92444,0
6bba_fc83837d,1334975,48,25.0,0.0,203.0,0.4023693,3.0002697,0.3968254,2.1396742,41.032837,0
6bba_fc83837d,1334976,48,60.0,105.0,229.0,0.47699147,3.1739547,0.95238096,2.5401762,68.65625,0
6bba_fc83837d,1334977,48,38.0,17.0,239.0,0.39561218,2.1570706,0.6031746,2.5434792,68.92444,0
6bba_fc83837d,1334978,48,0.0,51.0,91.0,0.39113563,3.0071685,0.0,2.1396742,41.032837,0
6bba_fc83837d,1334979,48,27.0,56.0,174.0,0.36535925,2.9444995,0.42857143,2.5434792,68.92444,0
6bba_fc83837d,1334980,48,39.0,81.0,191.0,0.36815593,3.5923028,0.61904764,2.5434792,68.92444,0
6bba_fc83837d,1334981,48,37.0,114.0,159.0,0.41945177,2.6657119,0.5873016,2.5434792,68.92444,0
6bba_fc83837d,1334982,48,46.0,175.0,137.0,0.4829002,2.3943343,0.73015875,2.5434792,68.92444,0
6bba_fc83837d,1334983,48,12.0,142.0,85.0,0.4454384,2.439213,0.1904762,2.5434792,68.92444,0
6bba_fc83837d,1334984,48,51.0,148.0,178.0,0.41752362,2.3145301,0.8095238,2.5434792,68.92444,0
6bba_fc83837d,1334985,48,58.0,255.0,94.0,0.37409547,4.0786157,0.9206349,2.120863,39.960083,0
6bba_fc83837d,1334986,48,31.0,81.0,169.0,0.3392336,3.3870168,0.4920635,2.5434792,68.92444,0
6bba_fc83837d,1334987,48,33.0,100.0,144.0,0.422853,2.1651952,0.52380955,2.5434792,68.92444,0
6bba_fc83837d,1334988,48,7.0,223.0,80.0,0.41061005,3.1986225,0.11111111,2.5168092,66.77893,0
6bba_fc83837d,1334989,48,44.0,104.0,197.0,0.38272652,2.113618,0.6984127,2.5434792,68.92444,0
6bba_fc83837d,1334990,48,14.0,93.0,101.0,0.3687361,2.4529796,0.22222222,2.5434792,68.92444,0
6bba_fc83837d,1334991,48,0.0,80.0,56.0,0.41695848,1.6681759,0.0,2.1396742,41.032837,0
6bba_fc83837d,1334992,48,32.0,131.0,131.0,0.39686632,1.9680619,0.50793654,2.5434792,68.92444,0
6bba_fc83837d,1334993,48,0.0,13.0,107.0,0.32047737,3.027828,0.0,2.1396742,41.032837,1
6bba_fc83837d,1334994,48,52.0,124.0,194.0,0.33916068,3.9957983,0.82539684,2.5434792,68.92444,0
6bba_fc83837d,1334995,48,0.0,12.0,78.0,0.33665383,1.9606403,0.0,2.1396742,41.032837,1
6bba_fc83837d,1334996,48,32.0,158.0,111.0,0.34080043,4.154231,0.50793654,2.5434792,68.92444,0
6bba_fc83837d,1334997,48,0.0,25.0,98.0,0.32347104,2.733663,0.0,2.1396742,41.032837,1
6bba_fc83837d,1334998,48,37.0,178.0,112.0,0.38345954,3.615084,0.5873016,2.5434792,68.92444,0
6bba_fc83837d,1334999,48,39.0,138.0,147.0,0.37695247,2.0335991,0.61904764,2.5434792,68.92444,0
6bba_fc83837d,1335000,48,32.0,200.0,92.0,0.38367495,2.8955104,0.50793654,2.5335438,68.11987,0
6bba_fc83837d,1335001,48,23.0,50.0,159.0,0.32643133,2.1114495,0.36507937,2.5434792,68.92444,0
6bba_fc83837d,1335002,48,38.0,156.0,133.0,0.3709144,2.2087758,0.6031746,2.5434792,68.92444,0
6bba_fc83837d,1335003,48,21.0,84.0,128.0,0.28062814,3.542417,0.33333334,2.5434792,68.92444,0
6bba_fc83837d,1335004,48,0.0,0.0,83.0,0.32675627,1.5948914,0.0,1.7994134,24.405151,1
6bba_fc83837d,1335005,49,20.0,10.0,187.0,0.6015808,3.0783277,0.31746033,2.5434792,68.92444,0
6bba_fc83837d,1335006,49,16.0,19.0,162.0,0.52075464,6.1770706,0.25396827,2.5434792,68.92444,0
6bba_fc83837d,1335007,49,0.0,76.0,73.0,0.58717316,2.8923733,0.0,2.1396742,41.032837,0
6bba_fc83837d,1335008,49,43.0,45.0,238.0,0.5468593,2.390639,0.6825397,2.4826555,64.097046,2
6bba_fc83837d,1335009,49,44.0,47.0,237.0,0.56797177,2.6366239,0.6984127,2.5302145,67.851685,2
6bba_fc83837d,1335010,49,54.0,85.0,208.0,0.6371804,2.836947,0.85714287,2.5434792,68.92444,0
6bba_fc83837d,1335011,49,39.0,69.0,209.0,0.5639661,2.9149954,0.61904764,2.5434792,68.92444,0
6bba_fc83837d,1335012,49,23.0,71.0,150.0,0.51415366,2.9458501,0.36507937,2.5434792,68.92444,0
6bba_fc83837d,1335013,49,53.0,39.0,242.0,0.6048221,2.2223818,0.84126985,2.5434792,68.92444,2
6bba_fc83837d,1335014,49,42.0,40.0,215.0,0.6056941,2.3313148,0.6666667,2.5434792,68.92444,0
6bba_fc83837d,1335015,49,48.0,155.0,161.0,0.58975124,2.8332071,0.7619048,2.5434792,68.92444,1
6bba_fc83837d,1335016,49,56.0,62.0,255.0,0.50856096,4.227508,0.8888889,2.1350024,40.76465,0
6bba_fc83837d,1335017,49,47.0,159.0,151.0,0.5677008,2.648557,0.74603176,2.5434792,68.92444,1
6bba_fc83837d,1335018,49,23.0,46.0,172.0,0.4416134,3.1676183,0.36507937,2.5434792,68.92444,0
6bba_fc83837d,1335019,49,10.0,26.0,128.0,0.4321394,2.912099,0.15873016,2.5434792,68.92444,0
6bba_fc83837d,1335020,49,14.0,118.0,90.0,0.4900153,2.367827,0.22222222,2.5434792,68.92444,0
6bba_fc83837d,1335021,49,42.0,116.0,173.0,0.44068927,2.952872,0.6666667,2.5434792,68.92444,1
6bba_fc83837d,1335022,49,60.0,168.0,179.0,0.44384766,4.1621604,0.95238096,2.5401762,68.65625,0
6bba_fc83837d,1335023,49,13.0,18.0,147.0,0.39277726,3.2240558,0.20634921,2.5434792,68.92444,0
6bba_fc83837d,1335024,49,60.0,107.0,228.0,0.48720005,3.4738986,0.95238096,2.5401762,68.65625,0
6bba_fc83837d,1335025,49,0.0,54.0,87.0,0.40177986,3.273668,0.0,2.1396742,41.032837,0
6bba_fc83837d,1335026,49,63.0,92.0,247.0,0.38024628,3.6676326,1.0,2.1396742,41.032837,0
6bba_fc83837d,1335027,49,57.0,124.0,214.0,0.41772857,2.7256508,0.9047619,2.5235295,67.31531,0
6bba_fc83837d,1335028,49,63.0,226.0,123.0,0.47703084,4.4145207,1.0,2.13031,40.49646,0
6bba_fc83837d,1335029,49,39.0,104.0,175.0,0.43460256,2.3758023,0.61904764,2.5434792,68.92444,1
6bba_fc83837d,1335030,49,29.0,4.0,219.0,0.41024527,3.1049893,0.46031746,2.5434792,68.92444,0
6bba_fc83837d,1335031,49,38.0,81.0,189.0,0.37874514,3.8448887,0.6031746,2.5434792,68.92444,0
6bba_fc83837d,1335032,49,25.0,0.0,204.0,0.42582867,2.2692654,0.3968254,2.1396742,41.032837,0
6bba_fc83837d,1335033,49,27.0,37.0,189.0,0.35104573,4.729602,0.42857143,2.5434792,68.92444,0
6bba_fc83837d,1335034,49,37.0,17.0,237.0,0.38454002,2.1456323,0.5873016,2.5434792,68.92444,0
6bba_fc83837d,1335035,49,37.0,115.0,157.0,0.41406336,2.4156618,0.5873016,2.5434792,68.92444,0
6bba_fc83837d,1335036,49,31.0,82.0,167.0,0.3439967,3.9381206,0.4920635,2.5434792,68.92444,0
6bba_fc83837d,1335037,49,46.0,174.0,135.0,0.47725126,2.2823122,0.73015875,2.5434792,68.92444,1
6bba_fc83837d,1335038,49,7.0,224.0,77.0,0.43221232,3.903306,0.11111111,2.5302145,67.851685,0
6bba_fc83837d,1335039,49,0.0,81.0,54.0,0.43364847,1.7210503,0.0,2.1396742,41.032837,0
6bba_fc83837d,1335040,49,33.0,102.0,141.0,0.42695594,2.163691,0.52380955,2.5434792,68.92444,0
6bba_fc83837d,1335041,49,51.0,148.0,178.0,0.3773277,2.439064,0.8095238,2.5434792,68.92444,0
6bba_fc83837d,1335042,49,43.0,106.0,194.0,0.36643618,2.216538,0.6825397,2.5434792,68.92444,1
6bba_fc83837d,1335043,49,12.0,143.0,82.0,0.41127014,2.1481545,0.1904762,2.5434792,68.92444,0
6bba_fc83837d,1335044,49,47.0,100.0,203.0,0.39745694,1.4700675,0.74603176,2.5434792,68.92444,1
6bba_fc83837d,1335045,49,52.0,175.0,128.0,0.47598663,1.7530276,0.82539684,2.5434792,68.92444,1
6bba_fc83837d,1335046,49,33.0,128.0,137.0,0.40315452,2.019667,0.52380955,2.5434792,68.92444,0
6bba_fc83837d,1335047,49,0.0,14.0,104.0,0.30781978,2.9917097,0.0,2.1396742,41.032837,0
6bba_fc83837d,1335048,49,31.0,201.0,88.0,0.39781126,3.6751506,0.4920635,2.5434792,68.92444,0
6bba_fc83837d,1335049,49,32.0,159.0,108.0,0.33599222,4.291614,0.50793654,2.5434792,68.92444,0
6bba_fc83837d,1335050,49,40.0,143.0,145.0,0.38816702,2.106927,0.63492066,2.5434792,68.92444,0
6bba_fc83837d,1335051,49,14.0,96.0,99.0,0.3544226,2.0941217,0.22222222,2.5434792,68.92444,0
6bba_fc83837d,1335052,49,52.0,126.0,190.0,0.3220574,4.128032,0.82539684,2.5434792,68.92444,0
6bba_fc83837d,1335053,50,20.0,9.0,186.0,0.6616036,3.1030996,0.31746033,2.5434792,68.92444,0
6bba_fc83837d,1335054,50,17.0,23.0,157.0,0.4993191,5.26274,0.26984128,2.5434792,68.92444,1
6bba_fc83837d,1335055,50,42.0,41.0,212.0,0.651553,2.6251905,0.6666667,2.5434792,68.92444,0
6bba_fc83837d,1335056,50,56.0,65.0,250.0,0.58091646,4.0315185,0.8888889,2.5434792,68.92444,1
6bba_fc83837d,1335057,50,0.0,78.0,67.0,0.5701272,2.7883298,0.0,2.1396742,41.032837,0
6bba_fc83837d,1335058,50,40.0,72.0,206.0,0.5765529,3.0001726,0.63492066,2.5434792,68.92444,0
6bba_fc83837d,1335059,50,44.0,53.0,232.0,0.54579973,3.0262644,0.6984127,2.5335438,68.11987,0
6bba_fc83837d,1335060,50,23.0,74.0,145.0,0.53584284,3.3569078,0.36507937,2.5434792,68.92444,0
6bba_fc83837d,1335061,50,56.0,61.0,255.0,0.595775,3.0682433,0.8888889,2.13031,40.49646,1
6bba_fc83837d,1335062,50,54.0,85.0,207.0,0.5967448,2.5928578,0.85714287,2.5434792,68.92444,0
6bba_fc83837d,1335063,50,58.0,225.0,121.0,0.5188229,5.1914444,0.9206349,2.5401762,68.65625,0
6bba_fc83837d,1335064,50,54.0,42.0,241.0,0.5752675,2.226885,0.85714287,2.5434792,68.92444,0
6bba_fc83837d,1335065,50,38.0,106.0,170.0,0.49562952,3.0716136,0.6031746,2.5434792,68.92444,1
6bba_fc83837d,1335066,50,25.0,55.0,169.0,0.45174053,3.0539653,0.3968254,2.5434792,68.92444,1
6bba_fc83837d,1335067,50,23.0,47.0,169.0,0.43039885,3.1328046,0.36507937,2.5434792,68.92444,1
6bba_fc83837d,1335068,50,49.0,157.0,157.0,0.51720405,2.862533,0.7777778,2.5434792,68.92444,1
6bba_fc83837d,1335069,50,63.0,95.0,244.0,0.38218957,3.9514549,1.0,2.1350024,40.76465,0
6bba_fc83837d,1335070,50,57.0,124.0,210.0,0.46413633,3.0733833,0.9047619,2.5434792,68.92444,0
6bba_fc83837d,1335071,50,26.0,38.0,185.0,0.39692536,5.2736855,0.41269842,2.5434792,68.92444,0
6bba_fc83837d,1335072,50,63.0,170.0,176.0,0.42813957,3.6998603,1.0,2.1396742,41.032837,0
6bba_fc83837d,1335073,50,44.0,103.0,193.0,0.46203098,2.8660438,0.6984127,2.5434792,68.92444,0
6bba_fc83837d,1335074,50,43.0,118.0,170.0,0.44491732,2.932203,0.6825397,2.5434792,68.92444,1
6bba_fc83837d,1335075,50,44.0,28.0,227.0,0.49595258,1.9696391,0.6984127,2.5434792,68.92444,0
6bba_fc83837d,1335076,50,0.0,53.0,81.0,0.403694,3.2076318,0.0,2.1396742,41.032837,0
6bba_fc83837d,1335077,50,10.0,29.0,123.0,0.41323307,2.3756669,0.15873016,2.5434792,68.92444,1
6bba_fc83837d,1335078,50,62.0,110.0,226.0,0.48128605,2.842512,0.984127,2.3316977,53.10132,0
6bba_fc83837d,1335079,50,8.0,27.0,118.0,0.4102244,2.3302076,0.12698413,2.5434792,68.92444,1
6bba_fc83837d,1335080,50,36.0,116.0,153.0,0.44087687,2.6180751,0.5714286,2.5434792,68.92444,0
6bba_fc83837d,1335081,50,13.0,21.0,144.0,0.38982072,2.6781192,0.20634921,2.5434792,68.92444,1
6bba_fc83837d,1335082,50,38.0,82.0,187.0,0.3803363,3.7991436,0.6031746,2.5434792,68.92444,0
6bba_fc83837d,1335083,50,29.0,7.0,215.0,0.40558642,2.7602377,0.46031746,2.5434792,68.92444,1
6bba_fc83837d,1335084,50,14.0,121.0,85.0,0.45135492,2.012957,0.22222222,2.5434792,68.92444,0
6bba_fc83837d,1335085,50,50.0,147.0,174.0,0.3955739,3.084323,0.7936508,2.5434792,68.92444,0
6bba_fc83837d,1335086,50,27.0,0.0,202.0,0.43711483,1.7820448,0.42857143,2.1396742,41.032837,1
6bba_fc83837d,1335087,50,31.0,83.0,164.0,0.33746526,3.7539282,0.4920635,2.5434792,68.92444,0
6bba_fc83837d,1335088,50,44.0,179.0,128.0,0.47216508,2.0979798,0.6984127,2.5434792,68.92444,0
6bba_fc83837d,1335089,50,0.0,17.0,96.0,0.33478642,3.3793097,0.0,2.1396742,41.032837,0
6bba_fc83837d,1335090,50,47.0,161.0,145.0,0.4484436,1.9420391,0.74603176,2.5401762,68.65625,1
6bba_fc83837d,1335091,50,33.0,103.0,137.0,0.42543426,2.0046244,0.52380955,2.5434792,68.92444,0
6bba_fc83837d,1335092,50,40.0,146.0,140.0,0.3959248,2.5637717,0.63492066,2.5434792,68.92444,0
6bba_fc83837d,1335093,50,31.0,160.0,102.0,0.34508404,4.6914425,0.4920635,2.5434792,68.92444,0
6bba_fc83837d,1335094,50,23.0,55.0,154.0,0.34165853,2.4051032,0.36507937,2.5434792,68.92444,0
6bba_fc83837d,1335095,50,6.0,225.0,71.0,0.42198098,3.4257133,0.0952381,2.5401762,68.65625,0
6bba_fc83837d,1335096,50,11.0,146.0,77.0,0.39706436,2.1989748,0.17460318,2.5368643,68.38806,0
6bba_fc83837d,1335097,50,25.0,169.0,86.0,0.33832684,4.3060174,0.3968254,2.5434792,68.92444,0
6bba_fc83837d,1335098,50,0.0,11.0,72.0,0.32628968,1.8766963,0.0,2.1396742,41.032837,0
6bba_fc83837d,1335099,50,0.0,83.0,50.0,0.40877098,1.4089036,0.0,2.1396742,41.032837,0
6bba_fc83837d,1335100,50,51.0,128.0,185.0,0.3245484,4.12619,0.8095238,2.5434792,68.92444,0
6bba_fc83837d,1335101,51,20.0,7.0,187.0,0.6830948,3.247821,0.31746033,2.5434792,68.92444,0
6bba_fc83837d,1335102,51,43.0,44.0,213.0,0.6894003,2.79462,0.6825397,2.5434792,68.92444,0
6bba_fc83837d,1335103,51,45.0,52.0,233.0,0.60836226,3.8050218,0.71428573,2.5434792,68.92444,0
6bba_fc83837d,1335104,51,56.0,67.0,249.0,0.5824938,4.1967864,0.8888889,2.5434792,68.92444,0
6bba_fc83837d,1335105,51,0.0,78.0,66.0,0.5810399,2.828894,0.0,2.1396742,41.032837,0
6bba_fc83837d,1335106,51,40.0,74.0,205.0,0.58102417,3.212144,0.63492066,2.5434792,68.92444,0
6bba_fc83837d,1335107,51,16.0,23.0,155.0,0.49055725,5.314576,0.25396827,2.5434792,68.92444,1
6bba_fc83837d,1335108,51,23.0,76.0,142.0,0.53823304,3.4163492,0.36507937,2.5434792,68.92444,0
6bba_fc83837d,1335109,51,59.0,226.0,119.0,0.56774247,6.142056,0.93650794,2.5434792,68.92444,0
6bba_fc83837d,1335110,51,25.0,54.0,169.0,0.4861416,3.8741856,0.3968254,2.5434792,68.92444,0
6bba_fc83837d,1335111,51,54.0,84.0,208.0,0.59135634,2.6128285,0.85714287,2.5434792,68.92444,0
6bba_fc83837d,1335112,51,57.0,124.0,210.0,0.47657725,3.473097,0.9047619,2.5401762,68.65625,0
6bba_fc83837d,1335113,51,38.0,106.0,169.0,0.47967967,2.9578545,0.6031746,2.5434792,68.92444,1
6bba_fc83837d,1335114,51,54.0,42.0,242.0,0.5473354,2.188863,0.85714287,2.5434792,68.92444,0
6bba_fc83837d,1335115,51,50.0,149.0,173.0,0.42468387,3.3610797,0.7936508,2.5434792,68.92444,0
6bba_fc83837d,1335116,51,0.0,58.0,79.0,0.42532676,3.5709798,0.0,2.1396742,41.032837,0
6bba_fc83837d,1335117,51,44.0,103.0,193.0,0.45855683,3.0109951,0.6984127,2.5434792,68.92444,0
6bba_fc83837d,1335118,51,49.0,157.0,156.0,0.5052668,2.870587,0.7777778,2.5434792,68.92444,0
6bba_fc83837d,1335119,51,10.0,30.0,122.0,0.4207164,2.5462415,0.15873016,2.5434792,68.92444,0
6bba_fc83837d,1335120,51,63.0,169.0,177.0,0.4089286,4.3066697,1.0,2.1396742,41.032837,0
6bba_fc83837d,1335121,51,26.0,38.0,184.0,0.3713695,5.2001314,0.41269842,2.5434792,68.92444,0
6bba_fc83837d,1335122,51,63.0,95.0,244.0,0.3697654,3.9064283,1.0,2.1396742,41.032837,0
6bba_fc83837d,1335123,51,42.0,117.0,169.0,0.43656895,2.5335143,0.6666667,2.5434792,68.92444,1
6bba_fc83837d,1335124,51,36.0,118.0,151.0,0.44044957,2.674512,0.5714286,2.5434792,68.92444,0
6bba_fc83837d,1335125,51,63.0,110.0,227.0,0.45477355,2.5022054,1.0,2.1396742,41.032837,0
6bba_fc83837d,1335126,51,13.0,23.0,142.0,0.3751633,2.6966953,0.20634921,2.5434792,68.92444,1
6bba_fc83837d,1335127,51,14.0,123.0,84.0,0.45224428,2.1418524,0.22222222,2.5434792,68.92444,0
6bba_fc83837d,1335128,51,29.0,5.0,216.0,0.39328444,2.849011,0.46031746,2.5434792,68.92444,0
6bba_fc83837d,1335129,51,26.0,0.0,200.0,0.4529412,1.4770683,0.41269842,2.1396742,41.032837,0
6bba_fc83837d,1335130,51,0.0,0.0,98.0,0.32626572,3.4373298,0.0,1.7994134,24.405151,0
6bba_fc83837d,1335131,51,38.0,82.0,186.0,0.3585221,3.5311337,0.6031746,2.5434792,68.92444,0
6bba_fc83837d,1335132,51,30.0,81.0,163.0,0.34304821,3.6067162,0.47619048,2.5434792,68.92444,0
6bba_fc83837d,1335133,51,44.0,181.0,127.0,0.4768795,2.0878174,0.6984127,2.5434792,68.92444,1
6bba_fc83837d,1335134,51,33.0,105.0,137.0,0.4373541,2.1130755,0.52380955,2.5434792,68.92444,0
6bba_fc83837d,1335135,51,41.0,150.0,138.0,0.41810033,2.64993,0.6507937,2.5434792,68.92444,0
6bba_fc83837d,1335136,51,0.0,18.0,94.0,0.33042136,3.0753691,0.0,2.1396742,41.032837,0
6bba_fc83837d,1335137,51,23.0,57.0,152.0,0.34344774,2.573073,0.36507937,2.5434792,68.92444,0
6bba_fc83837d,1335138,51,10.0,146.0,75.0,0.42340884,2.3230426,0.15873016,2.5434792,68.92444,0
6bba_fc83837d,1335139,51,52.0,177.0,117.0,0.49019596,1.8694739,0.82539684,2.5434792,68.92444,1
6bba_fc83837d,1335140,51,0.0,32.0,88.0,0.3248074,2.8091,0.0,2.1396742,41.032837,0
6bba_fc83837d,1335141,51,54.0,231.0,104.0,0.4136326,2.5396323,0.85714287,2.5368643,68.38806,0
6bba_fc83837d,1335142,52,44.0,54.0,230.0,0.65011466,4.2312827,0.6984127,2.5434792,68.92444,0
6bba_fc83837d,1335143,52,20.0,8.0,186.0,0.6420442,3.0542126,0.31746033,2.5434792,68.92444,1
6bba_fc83837d,1335144,52,43.0,46.0,211.0,0.69489294,2.5847557,0.6825397,2.5434792,68.92444,0
6bba_fc83837d,1335145,52,55.0,72.0,245.0,0.5932462,4.374102,0.8730159,2.5434792,68.92444,0
6bba_fc83837d,1335146,52,15.0,25.0,148.0,0.5148624,5.2937565,0.23809524,2.5434792,68.92444,1
6bba_fc83837d,1335147,52,57.0,225.0,115.0,0.591054,5.8042183,0.9047619,2.5434792,68.92444,0
6bba_fc83837d,1335148,52,0.0,61.0,71.0,0.5126284,4.7194285,0.0,2.1396742,41.032837,0
6bba_fc83837d,1335149,52,40.0,77.0,201.0,0.5662765,3.3981228,0.63492066,2.5434792,68.92444,0
6bba_fc83837d,1335150,52,23.0,56.0,160.0,0.4788355,4.3738427,0.36507937,2.5434792,68.92444,0
6bba_fc83837d,1335151,52,0.0,80.0,57.0,0.5414449,2.3290203,0.0,2.1396742,41.032837,0
6bba_fc83837d,1335152,52,22.0,80.0,134.0,0.48792037,2.7869847,0.34920636,2.5434792,68.92444,1
6bba_fc83837d,1335153,52,23.0,74.0,142.0,0.47159186,2.5782466,0.36507937,2.5434792,68.92444,1
6bba_fc83837d,1335154,52,55.0,80.0,211.0,0.5472624,2.3353949,0.8730159,2.5434792,68.92444,1
6bba_fc83837d,1335155,52,9.0,34.0,115.0,0.45369998,2.9481843,0.14285715,2.5434792,68.92444,0
6bba_fc83837d,1335156,52,49.0,152.0,168.0,0.43168426,3.2914681,0.7777778,2.5434792,68.92444,0
6bba_fc83837d,1335157,52,54.0,42.0,242.0,0.5122429,2.1548393,0.85714287,2.5434792,68.92444,0
6bba_fc83837d,1335158,52,55.0,89.0,206.0,0.54447955,2.439592,0.8730159,2.5434792,68.92444,1
6bba_fc83837d,1335159,52,31.0,0.0,211.0,0.49732143,2.1499197,0.4920635,2.1396742,41.032837,1
6bba_fc83837d,1335160,52,41.0,120.0,163.0,0.44673777,2.7379823,0.6507937,2.5434792,68.92444,2
6bba_fc83837d,1335161,52,39.0,113.0,163.0,0.4457372,2.5925264,0.61904764,2.5434792,68.92444,2
6bba_fc83837d,1335162,52,63.0,101.0,242.0,0.37155694,3.6087368,1.0,2.1350024,40.76465,0
6bba_fc83837d,1335163,52,57.0,129.0,204.0,0.46303853,3.1529663,0.9047619,2.5434792,68.92444,1
6bba_fc83837d,1335164,52,26.0,0.0,197.0,0.50956464,1.6048815,0.41269842,2.1396742,41.032837,2
6bba_fc83837d,1335165,52,48.0,161.0,149.0,0.49460813,2.792268,0.7619048,2.5434792,68.92444,0
6bba_fc83837d,1335166,52,22.0,59.0,145.0,0.3827786,2.7201984,0.34920636,2.5434792,68.92444,0
6bba_fc83837d,1335167,52,25.0,41.0,176.0,0.3381983,4.9816976,0.3968254,2.5434792,68.92444,0
6bba_fc83837d,1335168,52,63.0,113.0,226.0,0.45117298,2.1987655,1.0,2.1396742,41.032837,0
6bba_fc83837d,1335169,52,37.0,125.0,144.0,0.41373682,2.4942482,0.5873016,2.5434792,68.92444,1
6bba_fc83837d,1335170,52,8.0,0.0,135.0,0.31709847,6.523033,0.12698413,2.1396742,41.032837,0
6bba_fc83837d,1335171,52,45.0,104.0,192.0,0.39463243,3.016006,0.71428573,2.5434792,68.92444,0
6bba_fc83837d,1335172,52,37.0,87.0,179.0,0.34903416,3.519718,0.5873016,2.5434792,68.92444,0
6bba_fc83837d,1335173,52,14.0,127.0,76.0,0.448117,2.1633997,0.22222222,2.5434792,68.92444,0
6bba_fc83837d,1335174,52,35.0,116.0,150.0,0.43821567,2.097179,0.5555556,2.5434792,68.92444,3
6bba_fc83837d,1335175,52,30.0,86.0,155.0,0.34657797,3.7626016,0.47619048,2.5434792,68.92444,0
6bba_fc83837d,1335176,52,43.0,13.0,255.0,0.35245684,2.8397264,0.6825397,2.1396742,41.032837,0
6bba_fc83837d,1335177,52,38.0,151.0,131.0,0.40641674,3.0516386,0.6031746,2.5434792,68.92444,0
6bba_fc83837d,1335178,52,0.0,26.0,86.0,0.3520075,2.8932323,0.0,2.1396742,41.032837,0
6bba_fc83837d,1335179,52,2.0,0.0,110.0,0.31591085,4.804227,0.031746034,2.0723133,37.2782,0
6bba_fc83837d,1335180,52,44.0,180.0,121.0,0.5082268,2.1751323,0.6984127,2.5434792,68.92444,1
6bba_fc83837d,1335181,52,0.0,0.0,93.0,0.35146192,2.07611,0.0,1.7994134,24.405151,0
6bba_fc83837d,1335182,52,13.0,30.0,136.0,0.35400224,2.0985048,0.20634921,2.5434792,68.92444,1
6bba_fc83837d,1335183,52,57.0,169.0,172.0,0.33440453,3.2769284,0.9047619,2.5100527,66.24255,0
6bba_fc83837d,1335184,52,7.0,145.0,64.0,0.47011185,2.8068533,0.11111111,2.5434792,68.92444,0
6bba_fc83837d,1335185,52,54.0,235.0,95.0,0.44204417,3.0660646,0.85714287,2.5434792,68.92444,0
6bba_fc83837d,1335186,52,33.0,110.0,132.0,0.42965537,2.221003,0.52380955,2.5434792,68.92444,0
6bba_fc83837d,1335187,52,51.0,205.0,120.0,0.39294052,2.3030605,0.8095238,2.4791882,63.828857,1
6bba_fc83837d,1335188,52,63.0,134.0,198.0,0.43140754,1.8876561,1.0,2.1396742,41.032837,1
6bba_fc83837d,1335189,52,51.0,198.0,129.0,0.38211855,2.220209,0.8095238,2.5134354,66.51074,1
6bba_fc83837d,1335190,52,38.0,187.0,96.0,0.41166618,2.931464,0.6031746,2.5434792,68.92444,0
6bba_fc83837d,1335191,52,51.0,131.0,181.0,0.3324173,4.0102143,0.8095238,2.5434792,68.92444,0
6bba_fc83837d,1335192,52,48.0,174.0,135.0,0.38458866,1.8796132,0.7619048,2.5335438,68.11987,0
6bba_fc83837d,1335193,52,39.0,172.0,115.0,0.4524875,1.3619779,0.61904764,2.5401762,68.65625,1
6bba_fc83837d,1335194,52,11.0,98.0,82.0,0.35048294,2.5134544,0.17460318,2.5434792,68.92444,0
6bba_fc83837d,1335195,52,24.0,174.0,77.0,0.33625627,4.4929395,0.3809524,2.5335438,68.11987,0
6bba_fc83837d,1335196,53,44.0,54.0,230.0,0.65011466,4.2312827,0.6984127,2.5434792,68.92444,0
6bba_fc83837d,1335197,53,20.0,8.0,186.0,0.6420442,3.0542126,0.31746033,2.5434792,68.92444,1
6bba_fc83837d,1335198,53,43.0,46.0,211.0,0.69489294,2.5847557,0.6825397,2.5434792,68.92444,0
6bba_fc83837d,1335199,53,55.0,72.0,245.0,0.5932462,4.374102,0.8730159,2.5434792,68.92444,0
6bba_fc83837d,1335200,53,15.0,25.0,148.0,0.5148624,5.2937565,0.23809524,2.5434792,68.92444,1
6bba_fc83837d,1335201,53,57.0,225.0,115.0,0.591054,5.8042183,0.9047619,2.5434792,68.92444,0
6bba_fc83837d,1335202,53,0.0,61.0,71.0,0.5126284,4.7194285,0.0,2.1396742,41.032837,0
6bba_fc83837d,1335203,53,40.0,77.0,201.0,0.5662765,3.3981228,0.63492066,2.5434792,68.92444,0
6bba_fc83837d,1335204,53,23.0,56.0,160.0,0.4788355,4.3738427,0.36507937,2.5434792,68.92444,0
6bba_fc83837d,1335205,53,0.0,80.0,57.0,0.5414449,2.3290203,0.0,2.1396742,41.032837,0
6bba_fc83837d,1335206,53,22.0,80.0,134.0,0.48792037,2.7869847,0.34920636,2.5434792,68.92444,1
6bba_fc83837d,1335207,53,23.0,74.0,142.0,0.47159186,2.5782466,0.36507937,2.5434792,68.92444,1
6bba_fc83837d,1335208,53,55.0,80.0,211.0,0.5472624,2.3353949,0.8730159,2.5434792,68.92444,1
6bba_fc83837d,1335209,53,9.0,34.0,115.0,0.45369998,2.9481843,0.14285715,2.5434792,68.92444,0
6bba_fc83837d,1335210,53,49.0,152.0,168.0,0.43168426,3.2914681,0.7777778,2.5434792,68.92444,0
6bba_fc83837d,1335211,53,54.0,42.0,242.0,0.5122429,2.1548393,0.85714287,2.5434792,68.92444,0
6bba_fc83837d,1335212,53,55.0,89.0,206.0,0.54447955,2.439592,0.8730159,2.5434792,68.92444,1
6bba_fc83837d,1335213,53,31.0,0.0,211.0,0.49732143,2.1499197,0.4920635,2.1396742,41.032837,1
6bba_fc83837d,1335214,53,41.0,120.0,163.0,0.44673777,2.7379823,0.6507937,2.5434792,68.92444,2
6bba_fc83837d,1335215,53,39.0,113.0,163.0,0.4457372,2.5925264,0.61904764,2.5434792,68.92444,2
6bba_fc83837d,1335216,53,63.0,101.0,242.0,0.37155694,3.6087368,1.0,2.1350024,40.76465,0
6bba_fc83837d,1335217,53,57.0,129.0,204.0,0.46303853,3.1529663,0.9047619,2.5434792,68.92444,1
6bba_fc83837d,1335218,53,26.0,0.0,197.0,0.50956464,1.6048815,0.41269842,2.1396742,41.032837,2
6bba_fc83837d,1335219,53,48.0,161.0,149.0,0.49460813,2.792268,0.7619048,2.5434792,68.92444,0
6bba_fc83837d,1335220,53,22.0,59.0,145.0,0.3827786,2.7201984,0.34920636,2.5434792,68.92444,0
6bba_fc83837d,1335221,53,25.0,41.0,176.0,0.3381983,4.9816976,0.3968254,2.5434792,68.92444,0
6bba_fc83837d,1335222,53,63.0,113.0,226.0,0.45117298,2.1987655,1.0,2.1396742,41.032837,0
6bba_fc83837d,1335223,53,37.0,125.0,144.0,0.41373682,2.4942482,0.5873016,2.5434792,68.92444,1
6bba_fc83837d,1335224,53,8.0,0.0,135.0,0.31709847,6.523033,0.12698413,2.1396742,41.032837,0
6bba_fc83837d,1335225,53,45.0,104.0,192.0,0.39463243,3.016006,0.71428573,2.5434792,68.92444,0
6bba_fc83837d,1335226,53,37.0,87.0,179.0,0.34903416,3.519718,0.5873016,2.5434792,68.92444,0
6bba_fc83837d,1335227,53,14.0,127.0,76.0,0.448117,2.1633997,0.22222222,2.5434792,68.92444,0
6bba_fc83837d,1335228,53,35.0,116.0,150.0,0.43821567,2.097179,0.5555556,2.5434792,68.92444,3
6bba_fc83837d,1335229,53,30.0,86.0,155.0,0.34657797,3.7626016,0.47619048,2.5434792,68.92444,0
6bba_fc83837d,1335230,53,43.0,13.0,255.0,0.35245684,2.8397264,0.6825397,2.1396742,41.032837,0
6bba_fc83837d,1335231,53,38.0,151.0,131.0,0.40641674,3.0516386,0.6031746,2.5434792,68.92444,0
6bba_fc83837d,1335232,53,0.0,26.0,86.0,0.3520075,2.8932323,0.0,2.1396742,41.032837,0
6bba_fc83837d,1335233,53,2.0,0.0,110.0,0.31591085,4.804227,0.031746034,2.0723133,37.2782,0
6bba_fc83837d,1335234,53,44.0,180.0,121.0,0.5082268,2.1751323,0.6984127,2.5434792,68.92444,1
6bba_fc83837d,1335235,53,0.0,0.0,93.0,0.35146192,2.07611,0.0,1.7994134,24.405151,0
6bba_fc83837d,1335236,53,13.0,30.0,136.0,0.35400224,2.0985048,0.20634921,2.5434792,68.92444,1
6bba_fc83837d,1335237,53,57.0,169.0,172.0,0.33440453,3.2769284,0.9047619,2.5100527,66.24255,0
6bba_fc83837d,1335238,53,7.0,145.0,64.0,0.47011185,2.8068533,0.11111111,2.5434792,68.92444,0
6bba_fc83837d,1335239,53,54.0,235.0,95.0,0.44204417,3.0660646,0.85714287,2.5434792,68.92444,0
6bba_fc83837d,1335240,53,33.0,110.0,132.0,0.42965537,2.221003,0.52380955,2.5434792,68.92444,0
6bba_fc83837d,1335241,53,51.0,205.0,120.0,0.39294052,2.3030605,0.8095238,2.4791882,63.828857,1
6bba_fc83837d,1335242,53,63.0,134.0,198.0,0.43140754,1.8876561,1.0,2.1396742,41.032837,1
6bba_fc83837d,1335243,53,51.0,198.0,129.0,0.38211855,2.220209,0.8095238,2.5134354,66.51074,1
6bba_fc83837d,1335244,53,38.0,187.0,96.0,0.41166618,2.931464,0.6031746,2.5434792,68.92444,0
6bba_fc83837d,1335245,53,51.0,131.0,181.0,0.3324173,4.0102143,0.8095238,2.5434792,68.92444,0
6bba_fc83837d,1335246,53,48.0,174.0,135.0,0.38458866,1.8796132,0.7619048,2.5335438,68.11987,0
6bba_fc83837d,1335247,53,39.0,172.0,115.0,0.4524875,1.3619779,0.61904764,2.5401762,68.65625,1
6bba_fc83837d,1335248,53,11.0,98.0,82.0,0.35048294,2.5134544,0.17460318,2.5434792,68.92444,0
6bba_fc83837d,1335249,53,24.0,174.0,77.0,0.33625627,4.4929395,0.3809524,2.5335438,68.11987,0
6bba_fc83837d,1335250,54,44.0,57.0,223.0,0.6088208,3.9992228,0.6984127,2.5434792,68.92444,0
6bba_fc83837d,1335251,54,20.0,9.0,181.0,0.6124201,2.97424,0.31746033,2.5434792,68.92444,1
6bba_fc83837d,1335252,54,57.0,224.0,107.0,0.5855788,6.7621055,0.9047619,2.5434792,68.92444,0
6bba_fc83837d,1335253,54,54.0,77.0,235.0,0.5512785,4.2173195,0.85714287,2.5434792,68.92444,0
6bba_fc83837d,1335254,54,0.0,69.0,65.0,0.5219538,4.126006,0.0,2.1396742,41.032837,0
6bba_fc83837d,1335255,54,14.0,27.0,139.0,0.49313164,4.760702,0.22222222,2.5434792,68.92444,0
6bba_fc83837d,1335256,54,42.0,46.0,204.0,0.63966787,2.2141569,0.6666667,2.5434792,68.92444,1
6bba_fc83837d,1335257,54,39.0,80.0,192.0,0.5349326,3.3712995,0.61904764,2.5434792,68.92444,0
6bba_fc83837d,1335258,54,43.0,40.0,212.0,0.6550306,2.0445514,0.6825397,2.5434792,68.92444,1
6bba_fc83837d,1335259,54,45.0,18.0,255.0,0.4820378,3.5368717,0.71428573,2.1396742,41.032837,0
6bba_fc83837d,1335260,54,0.0,83.0,50.0,0.5622141,2.6358151,0.0,2.1396742,41.032837,0
6bba_fc83837d,1335261,54,31.0,0.0,204.0,0.5615663,2.0984876,0.4920635,2.1396742,41.032837,0
6bba_fc83837d,1335262,54,63.0,105.0,235.0,0.4068277,3.6143599,1.0,2.1350024,40.76465,0
6bba_fc83837d,1335263,54,48.0,152.0,163.0,0.43089214,3.530942,0.7619048,2.5368643,68.38806,0
6bba_fc83837d,1335264,54,25.0,65.0,156.0,0.44722763,3.2046928,0.3968254,2.5434792,68.92444,1
6bba_fc83837d,1335265,54,23.0,60.0,153.0,0.43126738,3.1442378,0.36507937,2.5434792,68.92444,1
6bba_fc83837d,1335266,54,54.0,82.0,206.0,0.52194977,2.4106205,0.85714287,2.5434792,68.92444,0
6bba_fc83837d,1335267,54,22.0,85.0,124.0,0.4387229,3.2343235,0.34920636,2.5434792,68.92444,0
6bba_fc83837d,1335268,54,11.0,44.0,107.0,0.43291065,2.815771,0.17460318,2.5434792,68.92444,0
6bba_fc83837d,1335269,54,55.0,48.0,238.0,0.48150018,2.3013785,0.8730159,2.5434792,68.92444,1
6bba_fc83837d,1335270,54,55.0,40.0,245.0,0.46981308,2.1951962,0.8730159,2.5434792,68.92444,1
6bba_fc83837d,1335271,54,24.0,76.0,136.0,0.4348492,2.9388595,0.3809524,2.5434792,68.92444,1
6bba_fc83837d,1335272,54,4.0,0.0,107.0,0.42705417,3.7319283,0.06349207,2.1396742,41.032837,0
6bba_fc83837d,1335273,54,35.0,119.0,143.0,0.48587063,2.4496527,0.5555556,2.5434792,68.92444,1
6bba_fc83837d,1335274,54,42.0,126.0,154.0,0.4261013,2.678495,0.6666667,2.5434792,68.92444,1
6bba_fc83837d,1335275,54,30.0,89.0,149.0,0.38046485,3.805108,0.47619048,2.5434792,68.92444,0
6bba_fc83837d,1335276,54,48.0,161.0,144.0,0.468889,2.9154232,0.7619048,2.5434792,68.92444,0
6bba_fc83837d,1335277,54,63.0,118.0,217.0,0.45641926,2.0697546,1.0,2.1396742,41.032837,0
6bba_fc83837d,1335278,54,22.0,62.0,138.0,0.35994998,2.4883165,0.34920636,2.5434792,68.92444,1
6bba_fc83837d,1335279,54,46.0,106.0,187.0,0.40156335,2.7717319,0.73015875,2.5434792,68.92444,1
6bba_fc83837d,1335280,54,42.0,112.0,175.0,0.38875768,2.6503863,0.6666667,2.5434792,68.92444,1
6bba_fc83837d,1335281,54,8.0,0.0,131.0,0.33172268,3.9278336,0.12698413,2.1396742,41.032837,0
6bba_fc83837d,1335282,54,53.0,197.0,122.0,0.4363848,2.5023062,0.84126985,2.5302145,67.851685,0
6bba_fc83837d,1335283,54,0.0,13.0,82.0,0.34941643,2.19169,0.0,2.1396742,41.032837,1
6bba_fc83837d,1335284,54,0.0,37.0,67.0,0.36827147,2.447485,0.0,2.1396742,41.032837,0
6bba_fc83837d,1335285,54,12.0,127.0,68.0,0.44013688,2.4283938,0.1904762,2.5434792,68.92444,0
6bba_fc83837d,1335286,54,56.0,131.0,196.0,0.39492774,2.8505964,0.8888889,2.5434792,68.92444,0
6bba_fc83837d,1335287,54,51.0,135.0,175.0,0.3583206,3.3980675,0.8095238,2.5434792,68.92444,0
6bba_fc83837d,1335288,54,36.0,88.0,170.0,0.33505422,3.024962,0.5714286,2.5434792,68.92444,0
6bba_fc83837d,1335289,54,23.0,0.0,189.0,0.47450396,1.1267623,0.36507937,2.1396742,41.032837,1
6bba_fc83837d,1335290,54,55.0,237.0,86.0,0.44309688,3.8440285,0.8730159,2.5434792,68.92444,0
6bba_fc83837d,1335291,54,24.0,41.0,170.0,0.29433364,4.0464067,0.3809524,2.5434792,68.92444,0
6bba_fc83837d,1335292,54,13.0,105.0,74.0,0.37454835,2.2315242,0.20634921,2.5434792,68.92444,0
6bba_fc83837d,1335293,54,0.0,4.0,84.0,0.34996498,1.8619629,0.0,2.1396742,41.032837,1
6bba_fc83837d,1335294,54,23.0,173.0,69.0,0.34540024,4.1113467,0.36507937,2.5434792,68.92444,0
6bba_fc83837d,1335295,54,37.0,169.0,107.0,0.3985061,1.630057,0.5873016,2.499849,65.43799,0
6bba_fc83837d,1335296,54,0.0,229.0,62.0,0.4097922,3.028369,0.0,2.1396742,41.032837,0
6bba_fc83837d,1335297,54,0.0,6.0,60.0,0.3614029,1.9585208,0.0,2.1396742,41.032837,0
6bba_fc83837d,1335298,54,27.0,133.0,104.0,0.33836508,2.1774466,0.42857143,2.5401762,68.65625,0
6bba_fc83837d,1335299,55,43.0,57.0,220.0,0.61925024,3.9151301,0.6825397,2.5434792,68.92444,0
6bba_fc83837d,1335300,55,53.0,78.0,232.0,0.5761604,4.7915874,0.84126985,2.5434792,68.92444,0
6bba_fc83837d,1335301,55,42.0,48.0,201.0,0.62808156,2.3584027,0.6666667,2.5434792,68.92444,1
6bba_fc83837d,1335302,55,63.0,106.0,234.0,0.4850023,4.300516,1.0,2.1396742,41.032837,0
6bba_fc83837d,1335303,55,45.0,18.0,255.0,0.48944908,4.0481577,0.71428573,2.1396742,41.032837,0
6bba_fc83837d,1335304,55,19.0,8.0,177.0,0.5488918,2.6581676,0.3015873,2.5434792,68.92444,1
6bba_fc83837d,1335305,55,42.0,38.0,212.0,0.6379308,2.1503694,0.6666667,2.5434792,68.92444,1
6bba_fc83837d,1335306,55,22.0,59.0,149.0,0.47136953,4.4554276,0.34920636,2.5434792,68.92444,2
6bba_fc83837d,1335307,55,14.0,27.0,136.0,0.4511569,4.7307763,0.22222222,2.5434792,68.92444,1
6bba_fc83837d,1335308,55,39.0,81.0,189.0,0.4984401,3.3932343,0.61904764,2.5434792,68.92444,0
6bba_fc83837d,1335309,55,56.0,225.0,103.0,0.5453897,6.885285,0.8888889,2.5434792,68.92444,0
6bba_fc83837d,1335310,55,53.0,38.0,242.0,0.52173775,2.4427075,0.84126985,2.5434792,68.92444,0
6bba_fc83837d,1335311,55,31.0,0.0,203.0,0.56293184,2.1059701,0.4920635,2.1396742,41.032837,0
6bba_fc83837d,1335312,55,0.0,87.0,45.0,0.5913457,2.7947288,0.0,2.1396742,41.032837,0
6bba_fc83837d,1335313,55,54.0,82.0,205.0,0.5439584,2.5707583,0.85714287,2.5434792,68.92444,0
6bba_fc83837d,1335314,55,0.0,74.0,61.0,0.46660835,3.1147037,0.0,2.1396742,41.032837,0
6bba_fc83837d,1335315,55,21.0,83.0,121.0,0.44155782,2.9042199,0.33333334,2.5434792,68.92444,1
6bba_fc83837d,1335316,55,11.0,49.0,103.0,0.42638966,3.0205936,0.17460318,2.5434792,68.92444,0
6bba_fc83837d,1335317,55,23.0,77.0,133.0,0.4438959,2.8003244,0.36507937,2.5434792,68.92444,2
6bba_fc83837d,1335318,55,48.0,151.0,162.0,0.389449,3.9265785,0.7619048,2.5401762,68.65625,0
6bba_fc83837d,1335319,55,41.0,126.0,150.0,0.42215815,2.4063387,0.6507937,2.5434792,68.92444,1
6bba_fc83837d,1335320,55,0.0,13.0,79.0,0.39146242,2.6519356,0.0,2.1396742,41.032837,1
6bba_fc83837d,1335321,55,30.0,91.0,145.0,0.37972832,4.17911,0.47619048,2.5434792,68.92444,0
6bba_fc83837d,1335322,55,22.0,64.0,135.0,0.37470123,2.4576197,0.34920636,2.5401762,68.65625,2
6bba_fc83837d,1335323,55,0.0,41.0,62.0,0.39784664,2.604457,0.0,2.1396742,41.032837,0
6bba_fc83837d,1335324,55,45.0,105.0,185.0,0.4085707,3.1732554,0.71428573,2.5434792,68.92444,0
6bba_fc83837d,1335325,55,27.0,69.0,157.0,0.36355966,2.7445445,0.42857143,2.5434792,68.92444,1
6bba_fc83837d,1335326,55,34.0,119.0,140.0,0.45143485,2.0461776,0.53968257,2.5434792,68.92444,2
6bba_fc83837d,1335327,55,42.0,117.0,170.0,0.37341926,3.5211592,0.6666667,2.5434792,68.92444,0
6bba_fc83837d,1335328,55,5.0,4.0,105.0,0.4115585,3.7116323,0.07936508,2.5434792,68.92444,0
6bba_fc83837d,1335329,55,36.0,126.0,134.0,0.4290161,2.2373085,0.5714286,2.5434792,68.92444,1
6bba_fc83837d,1335330,55,56.0,207.0,122.0,0.45739302,2.4406965,0.8888889,2.5401762,68.65625,1
6bba_fc83837d,1335331,55,63.0,118.0,216.0,0.4409022,2.1974545,1.0,2.1396742,41.032837,0
6bba_fc83837d,1335332,55,47.0,161.0,141.0,0.4262646,2.9552743,0.74603176,2.5434792,68.92444,0
6bba_fc83837d,1335333,55,24.0,43.0,165.0,0.31234366,4.279118,0.3809524,2.5434792,68.92444,0
6bba_fc83837d,1335334,55,12.0,104.0,70.0,0.38471025,2.3664396,0.1904762,2.5434792,68.92444,0
6bba_fc83837d,1335335,55,22.0,0.0,185.0,0.44871616,1.3685542,0.34920636,2.1396742,41.032837,1
6bba_fc83837d,1335336,55,57.0,171.0,163.0,0.34086645,3.6342776,0.9047619,2.5401762,68.65625,0
6bba_fc83837d,1335337,55,27.0,135.0,100.0,0.3800653,2.403627,0.42857143,2.5434792,68.92444,2
6bba_fc83837d,1335338,55,50.0,196.0,119.0,0.43615896,1.9925917,0.7936508,2.5268764,67.583496,1
6bba_fc83837d,1335339,55,46.0,169.0,127.0,0.40599638,2.5661774,0.73015875,2.5368643,68.38806,0
6bba_fc83837d,1335340,55,5.0,17.0,85.0,0.29743958,2.2164567,0.07936508,2.5368643,68.38806,1
6bba_fc83837d,1335341,55,36.0,90.0,168.0,0.32397163,3.0275898,0.5714286,2.5434792,68.92444,0
6bba_fc83837d,1335342,55,55.0,132.0,193.0,0.36295858,2.96512,0.8730159,2.5434792,68.92444,0
6bba_fc83837d,1335343,55,8.0,5.0,126.0,0.31969845,4.5644126,0.12698413,2.5434792,68.92444,0
6bba_fc83837d,1335344,55,54.0,237.0,83.0,0.43124652,3.7959292,0.85714287,2.5434792,68.92444,0
6bba_fc83837d,1335345,55,39.0,16.0,240.0,0.32268968,2.3335557,0.61904764,2.5434792,68.92444,0
6bba_fc83837d,1335346,55,0.0,228.0,56.0,0.41356793,3.3223634,0.0,2.1396742,41.032837,0
6bba_fc83837d,1335347,55,31.0,138.0,109.0,0.37329072,2.3801572,0.4920635,2.5434792,68.92444,2
6bba_fc83837d,1335348,55,29.0,164.0,79.0,0.332459,4.0901914,0.46031746,2.5434792,68.92444,0
6bba_fc83837d,1335349,55,12.0,33.0,125.0,0.31682187,1.9292158,0.1904762,2.5434792,68.92444,1
6bba_fc83837d,1335350,55,50.0,136.0,171.0,0.32740757,2.935456,0.7936508,2.5434792,68.92444,0
6bba_fc83837d,1335351,55,30.0,145.0,96.0,0.34793982,2.331564,0.47619048,2.5434792,68.92444,2
6bba_fc83837d,1335352,55,13.0,130.0,64.0,0.39967692,1.9650888,0.20634921,2.5434792,68.92444,0
6bba_fc83837d,1335353,56,43.0,58.0,218.0,0.61089146,3.8597603,0.6825397,2.5434792,68.92444,0
6bba_fc83837d,1335354,56,52.0,81.0,226.0,0.5572922,4.511376,0.82539684,2.5434792,68.92444,0
6bba_fc83837d,1335355,56,63.0,108.0,231.0,0.5353233,3.7181735,1.0,2.1396742,41.032837,2
6bba_fc83837d,1335356,56,42.0,49.0,199.0,0.6279948,2.2666695,0.6666667,2.5434792,68.92444,1
6bba_fc83837d,1335357,56,45.0,18.0,255.0,0.4968137,3.3653593,0.71428573,2.1396742,41.032837,0
6bba_fc83837d,1335358,56,42.0,41.0,210.0,0.6434026,2.0935853,0.6666667,2.5434792,68.92444,1
6bba_fc83837d,1335359,56,18.0,9.0,173.0,0.5487146,2.6333187,0.2857143,2.5434792,68.92444,1
6bba_fc83837d,1335360,56,0.0,85.0,41.0,0.60114384,2.8468354,0.0,2.1396742,41.032837,0
6bba_fc83837d,1335361,56,63.0,114.0,228.0,0.49614847,2.3449593,1.0,2.1113307,39.423706,2
6bba_fc83837d,1335362,56,38.0,83.0,185.0,0.47860965,3.2882588,0.6031746,2.5434792,68.92444,0
6bba_fc83837d,1335363,56,14.0,29.0,132.0,0.43153137,5.063763,0.22222222,2.5434792,68.92444,1
6bba_fc83837d,1335364,56,53.0,41.0,241.0,0.5124931,2.2780151,0.84126985,2.5434792,68.92444,1
6bba_fc83837d,1335365,56,31.0,0.0,201.0,0.56460667,1.927571,0.4920635,2.1396742,41.032837,0
6bba_fc83837d,1335366,56,53.0,48.0,233.0,0.5039917,2.404951,0.84126985,2.5434792,68.92444,1
6bba_fc83837d,1335367,56,54.0,87.0,200.0,0.5593316,2.6707983,0.85714287,2.5434792,68.92444,0
6bba_fc83837d,1335368,56,22.0,60.0,145.0,0.4235999,4.079388,0.34920636,2.5434792,68.92444,1
6bba_fc83837d,1335369,56,21.0,86.0,117.0,0.4328759,3.4086516,0.33333334,2.5434792,68.92444,1
6bba_fc83837d,1335370,56,55.0,226.0,100.0,0.4927529,6.163803,0.8730159,2.5434792,68.92444,0
6bba_fc83837d,1335371,56,30.0,93.0,142.0,0.4089008,4.6567388,0.47619048,2.5434792,68.92444,0
6bba_fc83837d,1335372,56,23.0,79.0,130.0,0.4364786,3.0390313,0.36507937,2.5434792,68.92444,1
6bba_fc83837d,1335373,56,11.0,51.0,99.0,0.41960114,2.7106962,0.17460318,2.5434792,68.92444,0
6bba_fc83837d,1335374,56,56.0,207.0,119.0,0.50594085,2.7603233,0.8888889,2.5434792,68.92444,1
6bba_fc83837d,1335375,56,0.0,45.0,59.0,0.42951098,2.6822572,0.0,2.1396742,41.032837,0
6bba_fc83837d,1335376,56,34.0,120.0,138.0,0.47239092,2.2954443,0.53968257,2.5434792,68.92444,3
6bba_fc83837d,1335377,56,63.0,121.0,213.0,0.47568277,2.479454,1.0,2.1396742,41.032837,1
6bba_fc83837d,1335378,56,45.0,108.0,183.0,0.4204037,3.4806921,0.71428573,2.5434792,68.92444,0
6bba_fc83837d,1335379,56,0.0,17.0,74.0,0.3642682,2.6961427,0.0,2.1396742,41.032837,0
6bba_fc83837d,1335380,56,41.0,129.0,147.0,0.4037451,2.3139536,0.6507937,2.5434792,68.92444,2
6bba_fc83837d,1335381,56,21.0,0.0,183.0,0.47398457,1.7451869,0.33333334,2.1396742,41.032837,1
6bba_fc83837d,1335382,56,57.0,173.0,159.0,0.36305588,3.9840527,0.9047619,2.5401762,68.65625,0
6bba_fc83837d,1335383,56,38.0,120.0,146.0,0.43180585,1.9654822,0.6031746,2.5434792,68.92444,2
6bba_fc83837d,1335384,56,27.0,71.0,153.0,0.35580182,2.9532342,0.42857143,2.5434792,68.92444,1
6bba_fc83837d,1335385,56,23.0,44.0,162.0,0.3180413,4.862792,0.36507937,2.5434792,68.92444,0
6bba_fc83837d,1335386,56,5.0,6.0,102.0,0.39588657,3.3026316,0.07936508,2.5434792,68.92444,0
6bba_fc83837d,1335387,56,36.0,127.0,131.0,0.41769385,2.1289542,0.5714286,2.5434792,68.92444,1
6bba_fc83837d,1335388,56,45.0,168.0,125.0,0.4161826,2.7979875,0.71428573,2.5401762,68.65625,1
6bba_fc83837d,1335389,56,0.0,24.0,55.0,0.3169118,2.6219203,0.0,2.1396742,41.032837,0
6bba_fc83837d,1335390,56,0.0,76.0,59.0,0.39550653,2.5060146,0.0,2.1396742,41.032837,0
6bba_fc83837d,1335391,56,48.0,152.0,160.0,0.3275327,3.2604935,0.7619048,2.5368643,68.38806,0
6bba_fc83837d,1335392,56,48.0,164.0,138.0,0.40776128,2.991363,0.7619048,2.5434792,68.92444,1
6bba_fc83837d,1335393,56,55.0,133.0,191.0,0.36909744,3.3425393,0.8730159,2.5434792,68.92444,0
6bba_fc83837d,1335394,56,8.0,8.0,123.0,0.31941006,3.8777742,0.12698413,2.5434792,68.92444,0
6bba_fc83837d,1335395,56,11.0,103.0,65.0,0.36590466,2.4809299,0.17460318,2.5434792,68.92444,0
6bba_fc83837d,1335396,56,36.0,90.0,165.0,0.32402378,3.1328003,0.5714286,2.5434792,68.92444,0
6bba_fc83837d,1335397,56,38.0,18.0,235.0,0.32529184,2.8367028,0.6031746,2.5434792,68.92444,0
6bba_fc83837d,1335398,56,49.0,138.0,168.0,0.33726722,3.1080792,0.7777778,2.5401762,68.65625,0
6bba_fc83837d,1335399,56,51.0,199.0,115.0,0.45550653,1.5147934,0.8095238,2.5368643,68.38806,1
6bba_fc83837d,1335400,56,41.0,116.0,168.0,0.3469115,2.6728117,0.6507937,2.5368643,68.38806,0
6bba_fc83837d,1335401,56,48.0,177.0,105.0,0.47276613,1.9741975,0.7619048,2.5434792,68.92444,0
6bba_fc83837d,1335402,56,11.0,131.0,59.0,0.42226586,2.1650515,0.17460318,2.5434792,68.92444,0
6bba_fc83837d,1335403,56,27.0,134.0,96.0,0.35856032,2.3976326,0.42857143,2.5434792,68.92444,1
6bba_fc83837d,1335404,56,58.0,111.0,218.0,0.40338036,1.5625411,0.9206349,2.5401762,68.65625,3
6bba_fc83837d,1335405,56,13.0,37.0,121.0,0.30754238,2.1239913,0.20634921,2.5434792,68.92444,1
6bba_fc83837d,1335406,56,31.0,138.0,107.0,0.3563542,2.552859,0.4920635,2.5434792,68.92444,1
6bba_fc83837d,1335407,56,10.0,71.0,78.0,0.28601652,4.2960334,0.15873016,2.5434792,68.92444,0
6bba_fc83837d,1335408,56,37.0,148.0,120.0,0.33878195,2.8560305,0.5873016,2.5434792,68.92444,0
6bba_fc83837d,1335409,56,53.0,235.0,83.0,0.39951363,3.057054,0.84126985,2.5434792,68.92444,0
6bba_fc83837d,1335410,56,0.0,232.0,53.0,0.39221522,3.4240923,0.0,2.1396742,41.032837,0
6bba_fc83837d,1335411,57,52.0,83.0,223.0,0.5685728,5.0019717,0.82539684,2.5434792,68.92444,0
6bba_fc83837d,1335412,57,43.0,60.0,216.0,0.5744754,3.7476852,0.6825397,2.5434792,68.92444,0
6bba_fc83837d,1335413,57,63.0,107.0,230.0,0.5332633,3.7510803,1.0,2.1396742,41.032837,1
6bba_fc83837d,1335414,57,0.0,86.0,38.0,0.6067169,3.0003874,0.0,2.1396742,41.032837,0
6bba_fc83837d,1335415,57,19.0,17.0,171.0,0.5181733,2.6361094,0.3015873,2.5434792,68.92444,0
6bba_fc83837d,1335416,57,42.0,43.0,207.0,0.62234926,1.9752744,0.6666667,2.5434792,68.92444,1
6bba_fc83837d,1335417,57,42.0,48.0,199.0,0.60257775,1.955249,0.6666667,2.5434792,68.92444,1
6bba_fc83837d,1335418,57,63.0,114.0,227.0,0.50347805,2.474779,1.0,2.1161075,39.691895,1
6bba_fc83837d,1335419,57,44.0,19.0,251.0,0.4798673,3.9367683,0.6984127,2.5434792,68.92444,0
6bba_fc83837d,1335420,57,31.0,1.0,199.0,0.5646059,2.0625086,0.4920635,2.3316977,53.10132,0
6bba_fc83837d,1335421,57,54.0,87.0,200.0,0.55248404,2.778395,0.85714287,2.5434792,68.92444,0
6bba_fc83837d,1335422,57,0.0,19.0,69.0,0.4302229,3.657585,0.0,2.1396742,41.032837,0
6bba_fc83837d,1335423,57,1.0,77.0,55.0,0.49435875,3.98426,0.015873017,2.3316977,53.10132,0
6bba_fc83837d,1335424,57,14.0,31.0,130.0,0.41597414,4.5488577,0.22222222,2.5434792,68.92444,0
6bba_fc83837d,1335425,57,37.0,84.0,182.0,0.45225126,3.0160358,0.5873016,2.5434792,68.92444,0
6bba_fc83837d,1335426,57,54.0,225.0,98.0,0.4894282,6.1478267,0.85714287,2.5401762,68.65625,0
6bba_fc83837d,1335427,57,54.0,43.0,240.0,0.471029,2.217504,0.85714287,2.5434792,68.92444,0
6bba_fc83837d,1335428,57,21.0,86.0,114.0,0.44080392,3.4922845,0.33333334,2.5434792,68.92444,1
6bba_fc83837d,1335429,57,57.0,175.0,156.0,0.41820458,4.4401116,0.9047619,2.5401762,68.65625,0
6bba_fc83837d,1335430,57,21.0,59.0,142.0,0.38166347,3.9876902,0.33333334,2.5434792,68.92444,0
6bba_fc83837d,1335431,57,12.0,55.0,96.0,0.41048843,2.679295,0.1904762,2.5434792,68.92444,0
6bba_fc83837d,1335432,57,55.0,208.0,115.0,0.5139001,2.6754162,0.8730159,2.5401762,68.65625,1
6bba_fc83837d,1335433,57,34.0,120.0,137.0,0.4695421,2.2707152,0.53968257,2.5434792,68.92444,2
6bba_fc83837d,1335434,57,23.0,81.0,127.0,0.41319132,2.8392076,0.36507937,2.5434792,68.92444,1
6bba_fc83837d,1335435,57,20.0,0.0,181.0,0.47058824,2.1752825,0.31746033,2.1396742,41.032837,0
6bba_fc83837d,1335436,57,0.0,47.0,57.0,0.42322594,2.549929,0.0,2.1396742,41.032837,0
6bba_fc83837d,1335437,57,37.0,120.0,143.0,0.44857213,2.16626,0.5873016,2.5434792,68.92444,2
6bba_fc83837d,1335438,57,63.0,119.0,212.0,0.47687325,2.5548728,1.0,2.1396742,41.032837,0
6bba_fc83837d,1335439,57,30.0,93.0,139.0,0.37398553,3.8894162,0.47619048,2.5434792,68.92444,0
6bba_fc83837d,1335440,57,35.0,128.0,128.0,0.44187742,2.49683,0.5555556,2.5401762,68.65625,1
6bba_fc83837d,1335441,57,45.0,111.0,179.0,0.40121594,3.40469,0.71428573,2.5434792,68.92444,0
6bba_fc83837d,1335442,57,26.0,71.0,151.0,0.36029044,3.4314926,0.41269842,2.5434792,68.92444,0
6bba_fc83837d,1335443,57,5.0,9.0,100.0,0.39705044,3.2426677,0.07936508,2.5434792,68.92444,0
6bba_fc83837d,1335444,57,41.0,131.0,145.0,0.38760424,2.238607,0.6507937,2.5434792,68.92444,1
6bba_fc83837d,1335445,57,48.0,165.0,136.0,0.41197887,3.3459582,0.7619048,2.5434792,68.92444,1
6bba_fc83837d,1335446,57,49.0,140.0,167.0,0.36684272,3.3419616,0.7777778,2.5434792,68.92444,0
6bba_fc83837d,1335447,57,23.0,44.0,160.0,0.30712545,4.7853513,0.36507937,2.5434792,68.92444,0
6bba_fc83837d,1335448,57,38.0,19.0,233.0,0.34052944,2.9163451,0.6031746,2.5434792,68.92444,0
6bba_fc83837d,1335449,57,35.0,90.0,162.0,0.3382678,3.0355961,0.5555556,2.5434792,68.92444,0
6bba_fc83837d,1335450,57,8.0,10.0,120.0,0.32396472,3.8247178,0.12698413,2.5434792,68.92444,0
6bba_fc83837d,1335451,57,50.0,197.0,113.0,0.46548778,1.6280504,0.7936508,2.5401762,68.65625,2
6bba_fc83837d,1335452,57,45.0,169.0,122.0,0.40029183,2.6331809,0.71428573,2.5434792,68.92444,1
6bba_fc83837d,1335453,57,53.0,137.0,186.0,0.36712757,3.0911415,0.84126985,2.5434792,68.92444,0
6bba_fc83837d,1335454,57,26.0,134.0,93.0,0.36688787,2.734638,0.41269842,2.5434792,68.92444,1
6bba_fc83837d,1335455,57,11.0,104.0,63.0,0.35594428,2.3891182,0.17460318,2.5434792,68.92444,0
6bba_fc83837d,1335456,57,55.0,193.0,106.0,0.50150084,1.8157971,0.8730159,2.5434792,68.92444,1
6bba_fc83837d,1335457,57,37.0,149.0,119.0,0.34883267,3.1487997,0.5873016,2.5434792,68.92444,0
6bba_fc83837d,1335458,57,48.0,178.0,101.0,0.4819344,2.0284104,0.7619048,2.5434792,68.92444,0
6bba_fc83837d,1335459,57,48.0,154.0,158.0,0.3100299,2.8842366,0.7619048,2.5401762,68.65625,0
6bba_fc83837d,1335460,57,41.0,117.0,165.0,0.34047735,2.6261716,0.6507937,2.5434792,68.92444,0
6bba_fc83837d,1335461,57,28.0,165.0,71.0,0.331118,4.174559,0.44444445,2.5434792,68.92444,0
6bba_fc83837d,1335462,57,10.0,130.0,55.0,0.41268066,2.3419673,0.15873016,2.5434792,68.92444,0
6bba_fc83837d,1335463,57,31.0,139.0,104.0,0.35225472,2.4656858,0.4920635,2.5434792,68.92444,1
6bba_fc83837d,1335464,57,10.0,73.0,75.0,0.28923708,4.3298717,0.15873016,2.5434792,68.92444,0
6bba_fc83837d,1335465,57,35.0,187.0,77.0,0.37767163,2.916789,0.5555556,2.5434792,68.92444,0
6bba_fc83837d,1335466,57,31.0,56.0,184.0,0.33015215,2.0278401,0.4920635,2.5434792,68.92444,0
6bba_fc83837d,1335467,57,52.0,235.0,80.0,0.38760075,3.073816,0.82539684,2.5368643,68.38806,0
6bba_fc83837d,1335468,57,0.0,231.0,50.0,0.38242295,3.2122,0.0,2.1396742,41.032837,0
6bba_fc83837d,1335469,58,63.0,118.0,224.0,0.57462066,3.2094522,1.0,2.1161075,39.691895,0
6bba_fc83837d,1335470,58,50.0,85.0,219.0,0.5621387,4.8790145,0.7936508,2.5434792,68.92444,0
6bba_fc83837d,1335471,58,42.0,61.0,214.0,0.56308717,4.014416,0.6666667,2.5434792,68.92444,0
6bba_fc83837d,1335472,58,41.0,45.0,203.0,0.6476202,2.1107216,0.6507937,2.5434792,68.92444,0
6bba_fc83837d,1335473,58,44.0,22.0,248.0,0.481316,4.248488,0.6984127,2.5434792,68.92444,0
6bba_fc83837d,1335474,58,19.0,21.0,166.0,0.49244025,2.5396638,0.3015873,2.5434792,68.92444,0
6bba_fc83837d,1335475,58,30.0,6.0,196.0,0.55029535,2.51753,0.47619048,2.5434792,68.92444,0
6bba_fc83837d,1335476,58,13.0,34.0,127.0,0.42206782,4.855001,0.20634921,2.5434792,68.92444,1
6bba_fc83837d,1335477,58,54.0,90.0,197.0,0.5402933,2.5388243,0.85714287,2.5434792,68.92444,0
6bba_fc83837d,1335478,58,41.0,137.0,140.0,0.4555691,3.440396,0.6507937,2.5434792,68.92444,1
6bba_fc83837d,1335479,58,0.0,90.0,34.0,0.6123366,2.9366932,0.0,2.1396742,41.032837,0
6bba_fc83837d,1335480,58,37.0,85.0,181.0,0.4518969,3.100011,0.5873016,2.5434792,68.92444,0
6bba_fc83837d,1335481,58,0.0,51.0,54.0,0.46024743,2.8652804,0.0,2.1396742,41.032837,0
6bba_fc83837d,1335482,58,11.0,56.0,93.0,0.4346581,2.936513,0.17460318,2.5434792,68.92444,0
6bba_fc83837d,1335483,58,53.0,226.0,92.0,0.49863467,5.675821,0.84126985,2.5401762,68.65625,0
6bba_fc83837d,1335484,58,21.0,61.0,138.0,0.39405918,4.63505,0.33333334,2.5434792,68.92444,0
6bba_fc83837d,1335485,58,55.0,209.0,112.0,0.5376772,2.7668977,0.8730159,2.5434792,68.92444,0
6bba_fc83837d,1335486,58,0.0,20.0,69.0,0.38992763,2.7686548,0.0,2.1396742,41.032837,1
6bba_fc83837d,1335487,58,53.0,44.0,238.0,0.45480824,2.2190733,0.84126985,2.5434792,68.92444,0
6bba_fc83837d,1335488,58,19.0,2.0,178.0,0.4624962,2.8032525,0.3015873,2.4687274,63.024292,0
6bba_fc83837d,1335489,58,21.0,89.0,111.0,0.4186145,3.1765845,0.33333334,2.5434792,68.92444,0
6bba_fc83837d,1335490,58,23.0,82.0,125.0,0.40345332,3.0361035,0.36507937,2.5434792,68.92444,0
6bba_fc83837d,1335491,58,47.0,167.0,132.0,0.44331574,3.9410641,0.74603176,2.5434792,68.92444,0
6bba_fc83837d,1335492,58,30.0,94.0,138.0,0.37924543,4.1822667,0.47619048,2.5434792,68.92444,0
6bba_fc83837d,1335493,58,33.0,121.0,133.0,0.45898068,2.1971552,0.52380955,2.5434792,68.92444,2
6bba_fc83837d,1335494,58,37.0,123.0,140.0,0.43146887,1.9652066,0.5873016,2.5434792,68.92444,2
6bba_fc83837d,1335495,58,52.0,140.0,182.0,0.40795234,3.6130624,0.82539684,2.5434792,68.92444,0
6bba_fc83837d,1335496,58,0.0,78.0,51.0,0.41545868,2.2886345,0.0,2.1396742,41.032837,0
6bba_fc83837d,1335497,58,5.0,12.0,97.0,0.38254237,3.0283105,0.07936508,2.5434792,68.92444,0
6bba_fc83837d,1335498,58,35.0,130.0,125.0,0.42895707,2.4518597,0.5555556,2.5434792,68.92444,1
6bba_fc83837d,1335499,58,26.0,74.0,148.0,0.3418809,3.5917687,0.41269842,2.5434792,68.92444,0
6bba_fc83837d,1335500,58,48.0,140.0,163.0,0.37285295,3.521636,0.7619048,2.5401762,68.65625,0
6bba_fc83837d,1335501,58,30.0,140.0,101.0,0.39418426,2.7414975,0.47619048,2.5401762,68.65625,1
6bba_fc83837d,1335502,58,44.0,113.0,176.0,0.39220747,2.751175,0.6984127,2.5401762,68.65625,0
6bba_fc83837d,1335503,58,37.0,24.0,229.0,0.35015288,3.006741,0.5873016,2.5434792,68.92444,0
6bba_fc83837d,1335504,58,63.0,122.0,208.0,0.45311043,2.2489543,1.0,2.1396742,41.032837,0
6bba_fc83837d,1335505,58,27.0,138.0,90.0,0.388108,2.5984652,0.42857143,2.5434792,68.92444,1
6bba_fc83837d,1335506,58,56.0,176.0,153.0,0.37586161,3.2770755,0.8888889,2.5401762,68.65625,0
6bba_fc83837d,1335507,58,55.0,195.0,102.0,0.52297455,1.968748,0.8730159,2.5434792,68.92444,0
6bba_fc83837d,1335508,58,8.0,13.0,117.0,0.32002503,3.8505702,0.12698413,2.5434792,68.92444,0
6bba_fc83837d,1335509,58,23.0,47.0,157.0,0.29680377,4.470576,0.36507937,2.5434792,68.92444,0
6bba_fc83837d,1335510,58,12.0,114.0,61.0,0.3780572,2.5460103,0.1904762,2.5434792,68.92444,0
6bba_fc83837d,1335511,58,35.0,91.0,161.0,0.3228356,2.8803148,0.5555556,2.5434792,68.92444,0
6bba_fc83837d,1335512,58,37.0,148.0,118.0,0.3506879,3.6270707,0.5873016,2.5434792,68.92444,0
6bba_fc83837d,1335513,58,0.0,10.0,69.0,0.30841503,1.6820997,0.0,2.1396742,41.032837,1
6bba_fc83837d,1335514,58,48.0,159.0,156.0,0.31861106,3.3745952,0.7619048,2.5335438,68.11987,0
6bba_fc83837d,1335515,58,12.0,39.0,115.0,0.3084804,2.0360668,0.1904762,2.5434792,68.92444,1
6bba_fc83837d,1335516,59,43.0,25.0,245.0,0.52405155,4.243063,0.6825397,2.5434792,68.92444,0
6bba_fc83837d,1335517,59,49.0,87.0,214.0,0.56508476,3.6631784,0.7777778,2.5434792,68.92444,0
6bba_fc83837d,1335518,59,53.0,227.0,85.0,0.5902689,6.4151874,0.84126985,2.5434792,68.92444,0
6bba_fc83837d,1335519,59,13.0,36.0,120.0,0.4641085,5.5134068,0.20634921,2.5434792,68.92444,1
6bba_fc83837d,1335520,59,41.0,52.0,194.0,0.6208727,2.0204692,0.6507937,2.5434792,68.92444,0
6bba_fc83837d,1335521,59,20.0,22.0,168.0,0.5110687,3.0229483,0.31746033,2.5434792,68.92444,0
6bba_fc83837d,1335522,59,42.0,66.0,209.0,0.50390494,4.0608034,0.6666667,2.5434792,68.92444,0
6bba_fc83837d,1335523,59,0.0,91.0,25.0,0.60491365,2.752209,0.0,2.1396742,41.032837,0
6bba_fc83837d,1335524,59,63.0,121.0,219.0,0.525887,3.171339,1.0,2.1396742,41.032837,1
6bba_fc83837d,1335525,59,37.0,86.0,178.0,0.47758126,3.1837099,0.5873016,2.5434792,68.92444,0
6bba_fc83837d,1335526,59,11.0,61.0,85.0,0.4539675,3.413806,0.17460318,2.5434792,68.92444,0
6bba_fc83837d,1335527,59,53.0,49.0,234.0,0.49838102,2.2137547,0.84126985,2.5434792,68.92444,1
6bba_fc83837d,1335528,59,51.0,144.0,175.0,0.48691633,4.2759113,0.8095238,2.5434792,68.92444,0
6bba_fc83837d,1335529,59,54.0,97.0,191.0,0.5407205,2.3618948,0.85714287,2.5434792,68.92444,1
6bba_fc83837d,1335530,59,29.0,11.0,188.0,0.51447326,2.1703024,0.46031746,2.5434792,68.92444,0
6bba_fc83837d,1335531,59,53.0,56.0,228.0,0.47692817,2.1824543,0.84126985,2.5434792,68.92444,1
6bba_fc83837d,1335532,59,53.0,92.0,193.0,0.53417516,2.2498667,0.84126985,2.5434792,68.92444,1
6bba_fc83837d,1335533,59,20.0,61.0,131.0,0.39256877,4.6068664,0.31746033,2.5434792,68.92444,0
6bba_fc83837d,1335534,59,0.0,57.0,47.0,0.460831,2.820975,0.0,2.1396742,41.032837,0
6bba_fc83837d,1335535,59,20.0,89.0,103.0,0.43459216,3.2161644,0.31746033,2.5434792,68.92444,0
6bba_fc83837d,1335536,59,0.0,75.0,39.0,0.42212886,5.825297,0.0,2.1396742,41.032837,0
6bba_fc83837d,1335537,59,63.0,73.0,255.0,0.3596743,3.852654,1.0,1.7994134,24.405151,0
6bba_fc83837d,1335538,59,21.0,44.0,149.0,0.35857072,5.05631,0.33333334,2.5434792,68.92444,0
6bba_fc83837d,1335539,59,5.0,16.0,90.0,0.419893,3.325631,0.07936508,2.5434792,68.92444,0
6bba_fc83837d,1335540,59,56.0,183.0,145.0,0.44043913,3.6757467,0.8888889,2.5434792,68.92444,0
6bba_fc83837d,1335541,59,59.0,111.0,223.0,0.40860894,2.6703396,0.93650794,2.5401762,68.65625,1
6bba_fc83837d,1335542,59,22.0,83.0,117.0,0.39659533,2.830788,0.34920636,2.5434792,68.92444,0
6bba_fc83837d,1335543,59,55.0,212.0,105.0,0.48982418,2.9447408,0.8730159,2.5434792,68.92444,0
6bba_fc83837d,1335544,59,40.0,135.0,133.0,0.3918809,2.6554728,0.63492066,2.5434792,68.92444,0
6bba_fc83837d,1335545,59,0.0,28.0,61.0,0.36286178,2.4505708,0.0,2.1396742,41.032837,0
6bba_fc83837d,1335546,59,26.0,140.0,82.0,0.40989435,2.997704,0.41269842,2.5434792,68.92444,2
6bba_fc83837d,1335547,59,48.0,143.0,158.0,0.38990408,3.1314251,0.7619048,2.5434792,68.92444,0
6bba_fc83837d,1335548,59,29.0,96.0,131.0,0.35538843,3.551975,0.46031746,2.5434792,68.92444,0
6bba_fc83837d,1335549,59,33.0,127.0,119.0,0.43657586,2.2322643,0.52380955,2.5434792,68.92444,1
6bba_fc83837d,1335550,59,34.0,91.0,156.0,0.3418392,3.3587153,0.53968257,2.5434792,68.92444,0
6bba_fc83837d,1335551,59,36.0,30.0,221.0,0.35619092,2.5726087,0.5714286,2.5434792,68.92444,1
6bba_fc83837d,1335552,59,12.0,121.0,51.0,0.4127606,2.6948066,0.1904762,2.5434792,68.92444,0
6bba_fc83837d,1335553,59,43.0,113.0,171.0,0.3802425,2.746867,0.6825397,2.5434792,68.92444,1
6bba_fc83837d,1335554,59,37.0,35.0,218.0,0.36985132,2.016043,0.5873016,2.5434792,68.92444,1
6bba_fc83837d,1335555,59,45.0,167.0,127.0,0.38604432,3.7437754,0.71428573,2.5434792,68.92444,0
6bba_fc83837d,1335556,59,63.0,128.0,201.0,0.4326914,1.8841245,1.0,2.1396742,41.032837,0
6bba_fc83837d,1335557,59,45.0,121.0,168.0,0.3733776,2.709877,0.71428573,2.5434792,68.92444,2
6bba_fc83837d,1335558,59,35.0,148.0,111.0,0.36787105,3.9383802,0.5555556,2.5434792,68.92444,0
6bba_fc83837d,1335559,59,25.0,74.0,142.0,0.31651264,3.4369404,0.3968254,2.5434792,68.92444,0
6bba_fc83837d,1335560,59,55.0,195.0,95.0,0.5121526,1.696164,0.8730159,2.5434792,68.92444,0
6bba_fc83837d,1335561,59,41.0,124.0,154.0,0.35240412,3.1036375,0.6507937,2.5434792,68.92444,1
6bba_fc83837d,1335562,59,8.0,16.0,110.0,0.31996596,3.438861,0.12698413,2.5434792,68.92444,0
6bba_fc83837d,1335563,59,29.0,141.0,94.0,0.3774319,2.5878608,0.46031746,2.5401762,68.65625,1
6bba_fc83837d,1335564,59,6.0,104.0,36.0,0.40311283,1.9822929,0.0952381,2.5434792,68.92444,0
6bba_fc83837d,1335565,59,10.0,138.0,41.0,0.4426522,2.9086394,0.15873016,2.5434792,68.92444,0
6bba_fc83837d,1335566,59,31.0,117.0,130.0,0.38115618,1.9023654,0.4920635,2.5434792,68.92444,1
6bba_fc83837d,1335567,59,30.0,59.0,175.0,0.36675236,1.9151748,0.47619048,2.5434792,68.92444,0
6bba_fc83837d,1335568,59,40.0,3.0,255.0,0.23760575,3.9814844,0.63492066,2.120863,39.960083,0
6bba_fc83837d,1335569,59,50.0,165.0,152.0,0.33499858,2.9226198,0.7936508,2.5401762,68.65625,0
6bba_fc83837d,1335570,59,11.0,42.0,108.0,0.30877227,2.013861,0.17460318,2.5434792,68.92444,1
6bba_fc83837d,1335571,59,48.0,111.0,197.0,0.35082337,1.7546718,0.7619048,2.499849,65.43799,0
6bba_fc83837d,1335572,59,54.0,54.0,255.0,0.33339754,2.0292351,0.85714287,2.1350024,40.76465,0
6bba_fc83837d,1335573,59,63.0,183.0,169.0,0.26309523,3.755414,1.0,2.120863,39.960083,0
6bba_fc83837d,1335574,59,16.0,0.0,168.0,0.32895076,2.0032096,0.25396827,2.1350024,40.76465,0
6bba_fc83837d,1335575,59,34.0,189.0,64.0,0.3780503,2.720943,0.53968257,2.5434792,68.92444,0
6bba_fc83837d,1335576,59,30.0,152.0,76.0,0.3235235,2.4811056,0.47619048,2.5434792,68.92444,1
6bba_fc83837d,1335577,59,31.0,119.0,104.0,0.40281752,1.7552718,0.4920635,2.5434792,68.92444,0
6bba_fc83837d,1335578,60,43.0,27.0,243.0,0.5427355,4.473032,0.6825397,2.5434792,68.92444,0
6bba_fc83837d,1335579,60,48.0,91.0,208.0,0.5935763,3.6314163,0.7619048,2.5434792,68.92444,0
6bba_fc83837d,1335580,60,53.0,227.0,83.0,0.57634795,5.596319,0.84126985,2.5434792,68.92444,0
6bba_fc83837d,1335581,60,53.0,94.0,190.0,0.57161963,2.6191535,0.84126985,2.5434792,68.92444,0
6bba_fc83837d,1335582,60,41.0,64.0,209.0,0.51116943,3.335089,0.6507937,2.5434792,68.92444,0
6bba_fc83837d,1335583,60,0.0,90.0,23.0,0.5818627,2.6689925,0.0,2.1396742,41.032837,0
6bba_fc83837d,1335584,60,20.0,24.0,167.0,0.48377222,2.778707,0.31746033,2.5434792,68.92444,1
6bba_fc83837d,1335585,60,40.0,59.0,187.0,0.5680795,2.084696,0.63492066,2.5434792,68.92444,0
6bba_fc83837d,1335586,60,13.0,37.0,117.0,0.4295442,4.9197025,0.20634921,2.5434792,68.92444,1
6bba_fc83837d,1335587,60,19.0,25.0,161.0,0.47007367,2.6710978,0.3015873,2.5434792,68.92444,1
6bba_fc83837d,1335588,60,50.0,143.0,173.0,0.4836993,3.9313407,0.7936508,2.5434792,68.92444,0
6bba_fc83837d,1335589,60,37.0,88.0,175.0,0.47129655,3.0958583,0.5873016,2.5434792,68.92444,0
6bba_fc83837d,1335590,60,42.0,45.0,203.0,0.5493711,1.9831184,0.6666667,2.5434792,68.92444,0
6bba_fc83837d,1335591,60,0.0,58.0,45.0,0.49561745,3.0080867,0.0,2.1396742,41.032837,0
6bba_fc83837d,1335592,60,11.0,62.0,83.0,0.4472971,3.5050008,0.17460318,2.5434792,68.92444,0
6bba_fc83837d,1335593,60,53.0,50.0,233.0,0.49242982,2.2949846,0.84126985,2.5434792,68.92444,1
6bba_fc83837d,1335594,60,29.0,13.0,185.0,0.5085777,2.2323546,0.46031746,2.5434792,68.92444,0
6bba_fc83837d,1335595,60,53.0,58.0,226.0,0.47208172,2.383989,0.84126985,2.5434792,68.92444,1
6bba_fc83837d,1335596,60,63.0,123.0,216.0,0.47348273,3.0311592,1.0,2.1396742,41.032837,1
6bba_fc83837d,1335597,60,20.0,63.0,127.0,0.39327055,5.2420015,0.31746033,2.5434792,68.92444,0
6bba_fc83837d,1335598,60,20.0,92.0,99.0,0.42939478,3.4633021,0.31746033,2.5434792,68.92444,0
6bba_fc83837d,1335599,60,0.0,75.0,38.0,0.41120446,5.4965844,0.0,2.1396742,41.032837,0
6bba_fc83837d,1335600,60,20.0,44.0,146.0,0.3515634,5.162253,0.31746033,2.5434792,68.92444,0
6bba_fc83837d,1335601,60,59.0,114.0,219.0,0.40173012,2.856169,0.93650794,2.5401762,68.65625,1
6bba_fc83837d,1335602,60,22.0,86.0,114.0,0.39601517,3.0508146,0.34920636,2.5434792,68.92444,0
6bba_fc83837d,1335603,60,63.0,74.0,255.0,0.35875195,3.2849672,1.0,1.7994134,24.405151,0
6bba_fc83837d,1335604,60,39.0,134.0,130.0,0.41526544,2.350462,0.61904764,2.5434792,68.92444,1
6bba_fc83837d,1335605,60,44.0,120.0,167.0,0.40876526,3.2054553,0.6984127,2.5434792,68.92444,0
6bba_fc83837d,1335606,60,5.0,16.0,88.0,0.3974743,3.2025926,0.07936508,2.5434792,68.92444,0
6bba_fc83837d,1335607,60,33.0,128.0,117.0,0.46161407,2.3227944,0.52380955,2.5434792,68.92444,1
6bba_fc83837d,1335608,60,57.0,186.0,142.0,0.42445105,3.8285782,0.9047619,2.5434792,68.92444,0
6bba_fc83837d,1335609,60,37.0,127.0,132.0,0.4314619,2.022396,0.5873016,2.5434792,68.92444,2
6bba_fc83837d,1335610,60,13.0,124.0,49.0,0.4238987,2.8913705,0.20634921,2.5434792,68.92444,0
6bba_fc83837d,1335611,60,0.0,28.0,59.0,0.34859946,2.2350402,0.0,2.1396742,41.032837,0
6bba_fc83837d,1335612,60,36.0,35.0,217.0,0.3695838,2.2812853,0.5714286,2.5434792,68.92444,0
6bba_fc83837d,1335613,60,29.0,99.0,126.0,0.36336854,3.1989608,0.46031746,2.5434792,68.92444,0
6bba_fc83837d,1335614,60,63.0,187.0,164.0,0.3126751,4.685044,1.0,2.13031,40.49646,0
6bba_fc83837d,1335615,60,48.0,112.0,194.0,0.37717134,2.6822603,0.7619048,2.5368643,68.38806,0
6bba_fc83837d,1335616,60,41.0,5.0,255.0,0.2637138,5.3235545,0.6507937,2.1350024,40.76465,0
6bba_fc83837d,1335617,60,35.0,148.0,108.0,0.37125832,3.6767054,0.5555556,2.5434792,68.92444,0
6bba_fc83837d,1335618,60,54.0,195.0,93.0,0.5057879,1.8676769,0.85714287,2.5434792,68.92444,0
6bba_fc83837d,1335619,60,31.0,119.0,128.0,0.402755,1.7788316,0.4920635,2.5434792,68.92444,2
6bba_fc83837d,1335620,60,54.0,212.0,104.0,0.44220397,2.5301616,0.85714287,2.5401762,68.65625,0
6bba_fc83837d,1335621,60,48.0,144.0,156.0,0.36641887,2.6264582,0.7619048,2.5401762,68.65625,0
6bba_fc83837d,1335622,60,7.0,106.0,35.0,0.39155087,2.374489,0.11111111,2.5434792,68.92444,0
6bba_fc83837d,1335623,60,40.0,124.0,151.0,0.35403347,3.2910192,0.63492066,2.5434792,68.92444,0
6bba_fc83837d,1335624,60,57.0,128.0,198.0,0.3998784,2.6931548,0.9047619,2.5434792,68.92444,0
6bba_fc83837d,1335625,60,26.0,142.0,78.0,0.37372154,2.5789182,0.41269842,2.5434792,68.92444,2
6bba_fc83837d,1335626,60,29.0,141.0,90.0,0.36806905,2.6996553,0.46031746,2.5434792,68.92444,1
6bba_fc83837d,1335627,60,34.0,91.0,155.0,0.31948304,3.0374248,0.53968257,2.5434792,68.92444,0
6bba_fc83837d,1335628,60,45.0,167.0,123.0,0.36393833,3.7037086,0.71428573,2.5434792,68.92444,0
6bba_fc83837d,1335629,60,30.0,59.0,174.0,0.35648277,1.7933913,0.47619048,2.5434792,68.92444,0
6bba_fc83837d,1335630,60,25.0,77.0,138.0,0.2939237,3.3982968,0.3968254,2.5434792,68.92444,0
6bba_fc83837d,1335631,60,35.0,190.0,61.0,0.38789952,2.6298609,0.5555556,2.5434792,68.92444,1
6bba_fc83837d,1335632,60,12.0,44.0,106.0,0.31105822,2.119495,0.1904762,2.5434792,68.92444,1
6bba_fc83837d,1335633,60,51.0,168.0,150.0,0.3408699,2.6658385,0.8095238,2.5434792,68.92444,0
6bba_fc83837d,1335634,60,8.0,18.0,107.0,0.29599777,3.53656,0.12698413,2.5434792,68.92444,0
6bba_fc83837d,1335635,60,30.0,120.0,101.0,0.4090745,1.7615852,0.47619048,2.5434792,68.92444,0
6bba_fc83837d,1335636,60,17.0,5.0,167.0,0.33608603,2.4291036,0.26984128,2.5434792,68.92444,0
6bba_fc83837d,1335637,60,29.0,149.0,75.0,0.33829558,2.3700538,0.46031746,2.5434792,68.92444,1
6bba_fc83837d,1335638,60,0.0,0.0,47.0,0.32530415,1.5241425,0.0,1.7994134,24.405151,0
6bba_fc83837d,1335639,60,0.0,8.0,30.0,0.32654062,1.6020555,0.0,2.1396742,41.032837,0
6bba_fc83837d,1335640,60,39.0,187.0,74.0,0.43413705,2.3550317,0.61904764,2.5368643,68.38806,1
6bba_fc83837d,1335641,61,48.0,91.0,208.0,0.58331716,3.786637,0.7619048,2.5434792,68.92444,0
6bba_fc83837d,1335642,61,42.0,29.0,241.0,0.52738327,4.223149,0.6666667,2.5401762,68.65625,0
6bba_fc83837d,1335643,61,53.0,96.0,187.0,0.6051348,3.021907,0.84126985,2.5434792,68.92444,0
6bba_fc83837d,1335644,61,39.0,53.0,188.0,0.6152967,2.1200984,0.61904764,2.5434792,68.92444,1
6bba_fc83837d,1335645,61,41.0,65.0,208.0,0.49390286,3.1246397,0.6507937,2.5434792,68.92444,0
6bba_fc83837d,1335646,61,19.0,23.0,164.0,0.48315036,2.683432,0.3015873,2.5434792,68.92444,0
6bba_fc83837d,1335647,61,37.0,89.0,174.0,0.48282033,3.1951997,0.5873016,2.5434792,68.92444,0
6bba_fc83837d,1335648,61,0.0,59.0,42.0,0.48105156,3.0191565,0.0,2.1396742,41.032837,1
6bba_fc83837d,1335649,61,53.0,52.0,232.0,0.48156613,2.298545,0.84126985,2.5434792,68.92444,1
6bba_fc83837d,1335650,61,41.0,47.0,200.0,0.5497985,1.8243865,0.6507937,2.5434792,68.92444,1
6bba_fc83837d,1335651,61,13.0,38.0,116.0,0.39605337,4.8068385,0.20634921,2.5434792,68.92444,0
6bba_fc83837d,1335652,61,20.0,63.0,126.0,0.38869163,5.525254,0.31746033,2.5434792,68.92444,0
6bba_fc83837d,1335653,61,52.0,58.0,225.0,0.45963034,2.2778971,0.82539684,2.5434792,68.92444,1
6bba_fc83837d,1335654,61,53.0,229.0,81.0,0.50921345,5.361409,0.84126985,2.5434792,68.92444,0
6bba_fc83837d,1335655,61,29.0,12.0,184.0,0.47749096,2.0965312,0.46031746,2.5434792,68.92444,0
6bba_fc83837d,1335656,61,20.0,91.0,99.0,0.44765493,3.5897284,0.31746033,2.5434792,68.92444,1
6bba_fc83837d,1335657,61,50.0,145.0,170.0,0.45099708,3.841781,0.7936508,2.5434792,68.92444,0
6bba_fc83837d,1335658,61,40.0,139.0,128.0,0.4314619,3.1029072,0.63492066,2.5434792,68.92444,0
6bba_fc83837d,1335659,61,11.0,63.0,80.0,0.4150361,3.1736095,0.17460318,2.5434792,68.92444,0
6bba_fc83837d,1335660,61,0.0,92.0,20.0,0.5385096,2.3531654,0.0,2.1396742,41.032837,0
6bba_fc83837d,1335661,61,63.0,124.0,214.0,0.45048434,2.8086557,1.0,2.1396742,41.032837,1
6bba_fc83837d,1335662,61,21.0,46.0,145.0,0.34961092,5.387224,0.33333334,2.5434792,68.92444,0
6bba_fc83837d,1335663,61,56.0,185.0,143.0,0.4186944,3.5154006,0.8888889,2.5401762,68.65625,0
6bba_fc83837d,1335664,61,32.0,128.0,114.0,0.4497325,2.5385227,0.50793654,2.5434792,68.92444,0
6bba_fc83837d,1335665,61,0.0,29.0,57.0,0.35590568,2.2912216,0.0,2.1396742,41.032837,1
6bba_fc83837d,1335666,61,39.0,124.0,151.0,0.36472693,3.742937,0.61904764,2.5335438,68.11987,0
6bba_fc83837d,1335667,61,44.0,119.0,167.0,0.3807184,3.1546574,0.6984127,2.5434792,68.92444,0
6bba_fc83837d,1335668,61,4.0,16.0,86.0,0.38431075,3.1253407,0.06349207,2.5434792,68.92444,0
6bba_fc83837d,1335669,61,36.0,38.0,214.0,0.37707406,2.1752243,0.5714286,2.5434792,68.92444,0
6bba_fc83837d,1335670,61,0.0,75.0,36.0,0.36734945,4.2905955,0.0,2.1396742,41.032837,0
6bba_fc83837d,1335671,61,0.0,24.0,56.0,0.3430147,2.0762024,0.0,2.1396742,41.032837,1
6bba_fc83837d,1335672,61,22.0,87.0,113.0,0.37035504,2.5966256,0.34920636,2.5434792,68.92444,2
6bba_fc83837d,1335673,61,59.0,117.0,217.0,0.38788912,2.5663328,0.93650794,2.5401762,68.65625,1
6bba_fc83837d,1335674,61,63.0,74.0,255.0,0.34635007,2.5291924,1.0,1.7994134,24.405151,1
6bba_fc83837d,1335675,61,63.0,188.0,164.0,0.29462537,4.586947,1.0,2.1161075,39.691895,0
6bba_fc83837d,1335676,61,48.0,113.0,193.0,0.36611658,2.8923533,0.7619048,2.5434792,68.92444,0
6bba_fc83837d,1335677,61,54.0,213.0,103.0,0.43808365,2.8002317,0.85714287,2.5434792,68.92444,0
6bba_fc83837d,1335678,61,34.0,191.0,58.0,0.408668,3.6115685,0.53968257,2.5434792,68.92444,0
6bba_fc83837d,1335679,61,55.0,198.0,89.0,0.5188229,2.0297165,0.8730159,2.5434792,68.92444,0
6bba_fc83837d,1335680,61,34.0,148.0,106.0,0.36561978,3.7211733,0.53968257,2.5434792,68.92444,0
6bba_fc83837d,1335681,61,21.0,78.0,113.0,0.34152305,2.5271199,0.33333334,2.5434792,68.92444,1
6bba_fc83837d,1335682,61,13.0,124.0,46.0,0.3929961,2.578743,0.20634921,2.5434792,68.92444,0
6bba_fc83837d,1335683,61,0.0,52.0,52.0,0.3793359,1.7623601,0.0,2.1396742,41.032837,1
6bba_fc83837d,1335684,61,29.0,99.0,125.0,0.33261535,2.7764506,0.46031746,2.5434792,68.92444,0
6bba_fc83837d,1335685,61,26.0,142.0,75.0,0.36738467,2.8300018,0.41269842,2.5434792,68.92444,1
6bba_fc83837d,1335686,61,6.0,107.0,33.0,0.39230475,2.4307976,0.0952381,2.5434792,68.92444,0
6bba_fc83837d,1335687,61,41.0,2.0,255.0,0.2652621,5.9597445,0.6507937,2.0723133,37.2782,0
6bba_fc83837d,1335688,61,25.0,77.0,136.0,0.2982386,3.5513744,0.3968254,2.5434792,68.92444,0
6bba_fc83837d,1335689,61,29.0,142.0,89.0,0.3568406,2.9014676,0.46031746,2.5434792,68.92444,1
6bba_fc83837d,1335690,61,47.0,144.0,154.0,0.34727627,2.4717278,0.74603176,2.5401762,68.65625,0
6bba_fc83837d,1335691,61,59.0,66.0,255.0,0.34495217,1.8462337,0.93650794,2.13031,40.49646,1
6bba_fc83837d,1335692,61,30.0,118.0,127.0,0.3609019,1.9061766,0.47619048,2.5335438,68.11987,0
6bba_fc83837d,1335693,61,45.0,168.0,122.0,0.35373124,3.7399266,0.71428573,2.5434792,68.92444,0
6bba_fc83837d,1335694,61,33.0,89.0,154.0,0.30264726,2.9425547,0.52380955,2.5434792,68.92444,0
6bba_fc83837d,1335695,61,29.0,59.0,172.0,0.3386326,1.9968933,0.46031746,2.5434792,68.92444,0
6bba_fc83837d,1335696,61,0.0,10.0,29.0,0.32756186,1.6311378,0.0,2.1396742,41.032837,0
6bba_fc83837d,1335697,61,51.0,169.0,149.0,0.32700458,2.2720184,0.8095238,2.5401762,68.65625,0
6bba_fc83837d,1335698,61,30.0,119.0,99.0,0.39885005,1.7650332,0.47619048,2.5434792,68.92444,0
6bba_fc83837d,1335699,61,57.0,129.0,198.0,0.3731344,2.330209,0.9047619,2.5401762,68.65625,0
6bba_fc83837d,1335700,61,8.0,19.0,106.0,0.28055865,3.2534933,0.12698413,2.5434792,68.92444,0
6bba_fc83837d,1335701,62,48.0,91.0,208.0,0.58331716,3.786637,0.7619048,2.5434792,68.92444,0
6bba_fc83837d,1335702,62,42.0,29.0,241.0,0.52738327,4.223149,0.6666667,2.5401762,68.65625,0
6bba_fc83837d,1335703,62,53.0,96.0,187.0,0.6051348,3.021907,0.84126985,2.5434792,68.92444,0
6bba_fc83837d,1335704,62,39.0,53.0,188.0,0.6152967,2.1200984,0.61904764,2.5434792,68.92444,1
6bba_fc83837d,1335705,62,41.0,65.0,208.0,0.49390286,3.1246397,0.6507937,2.5434792,68.92444,0
6bba_fc83837d,1335706,62,19.0,23.0,164.0,0.48315036,2.683432,0.3015873,2.5434792,68.92444,0
6bba_fc83837d,1335707,62,37.0,89.0,174.0,0.48282033,3.1951997,0.5873016,2.5434792,68.92444,0
6bba_fc83837d,1335708,62,0.0,59.0,42.0,0.48105156,3.0191565,0.0,2.1396742,41.032837,1
6bba_fc83837d,1335709,62,53.0,52.0,232.0,0.48156613,2.298545,0.84126985,2.5434792,68.92444,1
6bba_fc83837d,1335710,62,41.0,47.0,200.0,0.5497985,1.8243865,0.6507937,2.5434792,68.92444,1
6bba_fc83837d,1335711,62,13.0,38.0,116.0,0.39605337,4.8068385,0.20634921,2.5434792,68.92444,0
6bba_fc83837d,1335712,62,20.0,63.0,126.0,0.38869163,5.525254,0.31746033,2.5434792,68.92444,0
6bba_fc83837d,1335713,62,52.0,58.0,225.0,0.45963034,2.2778971,0.82539684,2.5434792,68.92444,1
6bba_fc83837d,1335714,62,53.0,229.0,81.0,0.50921345,5.361409,0.84126985,2.5434792,68.92444,0
6bba_fc83837d,1335715,62,29.0,12.0,184.0,0.47749096,2.0965312,0.46031746,2.5434792,68.92444,0
6bba_fc83837d,1335716,62,20.0,91.0,99.0,0.44765493,3.5897284,0.31746033,2.5434792,68.92444,1
6bba_fc83837d,1335717,62,50.0,145.0,170.0,0.45099708,3.841781,0.7936508,2.5434792,68.92444,0
6bba_fc83837d,1335718,62,40.0,139.0,128.0,0.4314619,3.1029072,0.63492066,2.5434792,68.92444,0
6bba_fc83837d,1335719,62,11.0,63.0,80.0,0.4150361,3.1736095,0.17460318,2.5434792,68.92444,0
6bba_fc83837d,1335720,62,0.0,92.0,20.0,0.5385096,2.3531654,0.0,2.1396742,41.032837,0
6bba_fc83837d,1335721,62,63.0,124.0,214.0,0.45048434,2.8086557,1.0,2.1396742,41.032837,1
6bba_fc83837d,1335722,62,21.0,46.0,145.0,0.34961092,5.387224,0.33333334,2.5434792,68.92444,0
6bba_fc83837d,1335723,62,56.0,185.0,143.0,0.4186944,3.5154006,0.8888889,2.5401762,68.65625,0
6bba_fc83837d,1335724,62,32.0,128.0,114.0,0.4497325,2.5385227,0.50793654,2.5434792,68.92444,0
6bba_fc83837d,1335725,62,0.0,29.0,57.0,0.35590568,2.2912216,0.0,2.1396742,41.032837,1
6bba_fc83837d,1335726,62,39.0,124.0,151.0,0.36472693,3.742937,0.61904764,2.5335438,68.11987,0
6bba_fc83837d,1335727,62,44.0,119.0,167.0,0.3807184,3.1546574,0.6984127,2.5434792,68.92444,0
6bba_fc83837d,1335728,62,4.0,16.0,86.0,0.38431075,3.1253407,0.06349207,2.5434792,68.92444,0
6bba_fc83837d,1335729,62,36.0,38.0,214.0,0.37707406,2.1752243,0.5714286,2.5434792,68.92444,0
6bba_fc83837d,1335730,62,0.0,75.0,36.0,0.36734945,4.2905955,0.0,2.1396742,41.032837,0
6bba_fc83837d,1335731,62,0.0,24.0,56.0,0.3430147,2.0762024,0.0,2.1396742,41.032837,1
6bba_fc83837d,1335732,62,22.0,87.0,113.0,0.37035504,2.5966256,0.34920636,2.5434792,68.92444,2
6bba_fc83837d,1335733,62,59.0,117.0,217.0,0.38788912,2.5663328,0.93650794,2.5401762,68.65625,1
6bba_fc83837d,1335734,62,63.0,74.0,255.0,0.34635007,2.5291924,1.0,1.7994134,24.405151,1
6bba_fc83837d,1335735,62,63.0,188.0,164.0,0.29462537,4.586947,1.0,2.1161075,39.691895,0
6bba_fc83837d,1335736,62,48.0,113.0,193.0,0.36611658,2.8923533,0.7619048,2.5434792,68.92444,0
6bba_fc83837d,1335737,62,54.0,213.0,103.0,0.43808365,2.8002317,0.85714287,2.5434792,68.92444,0
6bba_fc83837d,1335738,62,34.0,191.0,58.0,0.408668,3.6115685,0.53968257,2.5434792,68.92444,0
6bba_fc83837d,1335739,62,55.0,198.0,89.0,0.5188229,2.0297165,0.8730159,2.5434792,68.92444,0
6bba_fc83837d,1335740,62,34.0,148.0,106.0,0.36561978,3.7211733,0.53968257,2.5434792,68.92444,0
6bba_fc83837d,1335741,62,21.0,78.0,113.0,0.34152305,2.5271199,0.33333334,2.5434792,68.92444,1
6bba_fc83837d,1335742,62,13.0,124.0,46.0,0.3929961,2.578743,0.20634921,2.5434792,68.92444,0
6bba_fc83837d,1335743,62,0.0,52.0,52.0,0.3793359,1.7623601,0.0,2.1396742,41.032837,1
6bba_fc83837d,1335744,62,29.0,99.0,125.0,0.33261535,2.7764506,0.46031746,2.5434792,68.92444,0
6bba_fc83837d,1335745,62,26.0,142.0,75.0,0.36738467,2.8300018,0.41269842,2.5434792,68.92444,1
6bba_fc83837d,1335746,62,6.0,107.0,33.0,0.39230475,2.4307976,0.0952381,2.5434792,68.92444,0
6bba_fc83837d,1335747,62,41.0,2.0,255.0,0.2652621,5.9597445,0.6507937,2.0723133,37.2782,0
6bba_fc83837d,1335748,62,25.0,77.0,136.0,0.2982386,3.5513744,0.3968254,2.5434792,68.92444,0
6bba_fc83837d,1335749,62,29.0,142.0,89.0,0.3568406,2.9014676,0.46031746,2.5434792,68.92444,1
6bba_fc83837d,1335750,62,47.0,144.0,154.0,0.34727627,2.4717278,0.74603176,2.5401762,68.65625,0
6bba_fc83837d,1335751,62,59.0,66.0,255.0,0.34495217,1.8462337,0.93650794,2.13031,40.49646,1
6bba_fc83837d,1335752,62,30.0,118.0,127.0,0.3609019,1.9061766,0.47619048,2.5335438,68.11987,0
6bba_fc83837d,1335753,62,45.0,168.0,122.0,0.35373124,3.7399266,0.71428573,2.5434792,68.92444,0
6bba_fc83837d,1335754,62,33.0,89.0,154.0,0.30264726,2.9425547,0.52380955,2.5434792,68.92444,0
6bba_fc83837d,1335755,62,29.0,59.0,172.0,0.3386326,1.9968933,0.46031746,2.5434792,68.92444,0
6bba_fc83837d,1335756,62,0.0,10.0,29.0,0.32756186,1.6311378,0.0,2.1396742,41.032837,0
6bba_fc83837d,1335757,62,51.0,169.0,149.0,0.32700458,2.2720184,0.8095238,2.5401762,68.65625,0
6bba_fc83837d,1335758,62,30.0,119.0,99.0,0.39885005,1.7650332,0.47619048,2.5434792,68.92444,0
6bba_fc83837d,1335759,62,57.0,129.0,198.0,0.3731344,2.330209,0.9047619,2.5401762,68.65625,0
6bba_fc83837d,1335760,62,8.0,19.0,106.0,0.28055865,3.2534933,0.12698413,2.5434792,68.92444,0
6bba_fc83837d,1335761,63,48.0,91.0,208.0,0.58331716,3.786637,0.7619048,2.5434792,68.92444,0
6bba_fc83837d,1335762,63,42.0,29.0,241.0,0.52738327,4.223149,0.6666667,2.5401762,68.65625,0
6bba_fc83837d,1335763,63,53.0,96.0,187.0,0.6051348,3.021907,0.84126985,2.5434792,68.92444,0
6bba_fc83837d,1335764,63,39.0,53.0,188.0,0.6152967,2.1200984,0.61904764,2.5434792,68.92444,1
6bba_fc83837d,1335765,63,41.0,65.0,208.0,0.49390286,3.1246397,0.6507937,2.5434792,68.92444,0
6bba_fc83837d,1335766,63,19.0,23.0,164.0,0.48315036,2.683432,0.3015873,2.5434792,68.92444,0
6bba_fc83837d,1335767,63,37.0,89.0,174.0,0.48282033,3.1951997,0.5873016,2.5434792,68.92444,0
6bba_fc83837d,1335768,63,0.0,59.0,42.0,0.48105156,3.0191565,0.0,2.1396742,41.032837,1
6bba_fc83837d,1335769,63,53.0,52.0,232.0,0.48156613,2.298545,0.84126985,2.5434792,68.92444,1
6bba_fc83837d,1335770,63,41.0,47.0,200.0,0.5497985,1.8243865,0.6507937,2.5434792,68.92444,1
6bba_fc83837d,1335771,63,13.0,38.0,116.0,0.39605337,4.8068385,0.20634921,2.5434792,68.92444,0
6bba_fc83837d,1335772,63,20.0,63.0,126.0,0.38869163,5.525254,0.31746033,2.5434792,68.92444,0
6bba_fc83837d,1335773,63,52.0,58.0,225.0,0.45963034,2.2778971,0.82539684,2.5434792,68.92444,1
6bba_fc83837d,1335774,63,53.0,229.0,81.0,0.50921345,5.361409,0.84126985,2.5434792,68.92444,0
6bba_fc83837d,1335775,63,29.0,12.0,184.0,0.47749096,2.0965312,0.46031746,2.5434792,68.92444,0
6bba_fc83837d,1335776,63,20.0,91.0,99.0,0.44765493,3.5897284,0.31746033,2.5434792,68.92444,1
6bba_fc83837d,1335777,63,50.0,145.0,170.0,0.45099708,3.841781,0.7936508,2.5434792,68.92444,0
6bba_fc83837d,1335778,63,40.0,139.0,128.0,0.4314619,3.1029072,0.63492066,2.5434792,68.92444,0
6bba_fc83837d,1335779,63,11.0,63.0,80.0,0.4150361,3.1736095,0.17460318,2.5434792,68.92444,0
6bba_fc83837d,1335780,63,0.0,92.0,20.0,0.5385096,2.3531654,0.0,2.1396742,41.032837,0
6bba_fc83837d,1335781,63,63.0,124.0,214.0,0.45048434,2.8086557,1.0,2.1396742,41.032837,1
6bba_fc83837d,1335782,63,21.0,46.0,145.0,0.34961092,5.387224,0.33333334,2.5434792,68.92444,0
6bba_fc83837d,1335783,63,56.0,185.0,143.0,0.4186944,3.5154006,0.8888889,2.5401762,68.65625,0
6bba_fc83837d,1335784,63,32.0,128.0,114.0,0.4497325,2.5385227,0.50793654,2.5434792,68.92444,0
6bba_fc83837d,1335785,63,0.0,29.0,57.0,0.35590568,2.2912216,0.0,2.1396742,41.032837,1
6bba_fc83837d,1335786,63,39.0,124.0,151.0,0.36472693,3.742937,0.61904764,2.5335438,68.11987,0
6bba_fc83837d,1335787,63,44.0,119.0,167.0,0.3807184,3.1546574,0.6984127,2.5434792,68.92444,0
6bba_fc83837d,1335788,63,4.0,16.0,86.0,0.38431075,3.1253407,0.06349207,2.5434792,68.92444,0
6bba_fc83837d,1335789,63,36.0,38.0,214.0,0.37707406,2.1752243,0.5714286,2.5434792,68.92444,0
6bba_fc83837d,1335790,63,0.0,75.0,36.0,0.36734945,4.2905955,0.0,2.1396742,41.032837,0
6bba_fc83837d,1335791,63,0.0,24.0,56.0,0.3430147,2.0762024,0.0,2.1396742,41.032837,1
6bba_fc83837d,1335792,63,22.0,87.0,113.0,0.37035504,2.5966256,0.34920636,2.5434792,68.92444,2
6bba_fc83837d,1335793,63,59.0,117.0,217.0,0.38788912,2.5663328,0.93650794,2.5401762,68.65625,1
6bba_fc83837d,1335794,63,63.0,74.0,255.0,0.34635007,2.5291924,1.0,1.7994134,24.405151,1
6bba_fc83837d,1335795,63,63.0,188.0,164.0,0.29462537,4.586947,1.0,2.1161075,39.691895,0
6bba_fc83837d,1335796,63,48.0,113.0,193.0,0.36611658,2.8923533,0.7619048,2.5434792,68.92444,0
6bba_fc83837d,1335797,63,54.0,213.0,103.0,0.43808365,2.8002317,0.85714287,2.5434792,68.92444,0
6bba_fc83837d,1335798,63,34.0,191.0,58.0,0.408668,3.6115685,0.53968257,2.5434792,68.92444,0
6bba_fc83837d,1335799,63,55.0,198.0,89.0,0.5188229,2.0297165,0.8730159,2.5434792,68.92444,0
6bba_fc83837d,1335800,63,34.0,148.0,106.0,0.36561978,3.7211733,0.53968257,2.5434792,68.92444,0
6bba_fc83837d,1335801,63,21.0,78.0,113.0,0.34152305,2.5271199,0.33333334,2.5434792,68.92444,1
6bba_fc83837d,1335802,63,13.0,124.0,46.0,0.3929961,2.578743,0.20634921,2.5434792,68.92444,0
6bba_fc83837d,1335803,63,0.0,52.0,52.0,0.3793359,1.7623601,0.0,2.1396742,41.032837,1
6bba_fc83837d,1335804,63,29.0,99.0,125.0,0.33261535,2.7764506,0.46031746,2.5434792,68.92444,0
6bba_fc83837d,1335805,63,26.0,142.0,75.0,0.36738467,2.8300018,0.41269842,2.5434792,68.92444,1
6bba_fc83837d,1335806,63,6.0,107.0,33.0,0.39230475,2.4307976,0.0952381,2.5434792,68.92444,0
6bba_fc83837d,1335807,63,41.0,2.0,255.0,0.2652621,5.9597445,0.6507937,2.0723133,37.2782,0
6bba_fc83837d,1335808,63,25.0,77.0,136.0,0.2982386,3.5513744,0.3968254,2.5434792,68.92444,0
6bba_fc83837d,1335809,63,29.0,142.0,89.0,0.3568406,2.9014676,0.46031746,2.5434792,68.92444,1
6bba_fc83837d,1335810,63,47.0,144.0,154.0,0.34727627,2.4717278,0.74603176,2.5401762,68.65625,0
6bba_fc83837d,1335811,63,59.0,66.0,255.0,0.34495217,1.8462337,0.93650794,2.13031,40.49646,1
6bba_fc83837d,1335812,63,30.0,118.0,127.0,0.3609019,1.9061766,0.47619048,2.5335438,68.11987,0
6bba_fc83837d,1335813,63,45.0,168.0,122.0,0.35373124,3.7399266,0.71428573,2.5434792,68.92444,0
6bba_fc83837d,1335814,63,33.0,89.0,154.0,0.30264726,2.9425547,0.52380955,2.5434792,68.92444,0
6bba_fc83837d,1335815,63,29.0,59.0,172.0,0.3386326,1.9968933,0.46031746,2.5434792,68.92444,0
6bba_fc83837d,1335816,63,0.0,10.0,29.0,0.32756186,1.6311378,0.0,2.1396742,41.032837,0
6bba_fc83837d,1335817,63,51.0,169.0,149.0,0.32700458,2.2720184,0.8095238,2.5401762,68.65625,0
6bba_fc83837d,1335818,63,30.0,119.0,99.0,0.39885005,1.7650332,0.47619048,2.5434792,68.92444,0
6bba_fc83837d,1335819,63,57.0,129.0,198.0,0.3731344,2.330209,0.9047619,2.5401762,68.65625,0
6bba_fc83837d,1335820,63,8.0,19.0,106.0,0.28055865,3.2534933,0.12698413,2.5434792,68.92444,0
6bba_fc83837d,1335821,64,48.0,91.0,208.0,0.58331716,3.786637,0.7619048,2.5434792,68.92444,0
6bba_fc83837d,1335822,64,42.0,29.0,241.0,0.52738327,4.223149,0.6666667,2.5401762,68.65625,0
6bba_fc83837d,1335823,64,53.0,96.0,187.0,0.6051348,3.021907,0.84126985,2.5434792,68.92444,0
6bba_fc83837d,1335824,64,39.0,53.0,188.0,0.6152967,2.1200984,0.61904764,2.5434792,68.92444,1
6bba_fc83837d,1335825,64,41.0,65.0,208.0,0.49390286,3.1246397,0.6507937,2.5434792,68.92444,0
6bba_fc83837d,1335826,64,19.0,23.0,164.0,0.48315036,2.683432,0.3015873,2.5434792,68.92444,0
6bba_fc83837d,1335827,64,37.0,89.0,174.0,0.48282033,3.1951997,0.5873016,2.5434792,68.92444,0
6bba_fc83837d,1335828,64,0.0,59.0,42.0,0.48105156,3.0191565,0.0,2.1396742,41.032837,1
6bba_fc83837d,1335829,64,53.0,52.0,232.0,0.48156613,2.298545,0.84126985,2.5434792,68.92444,1
6bba_fc83837d,1335830,64,41.0,47.0,200.0,0.5497985,1.8243865,0.6507937,2.5434792,68.92444,1
6bba_fc83837d,1335831,64,13.0,38.0,116.0,0.39605337,4.8068385,0.20634921,2.5434792,68.92444,0
6bba_fc83837d,1335832,64,20.0,63.0,126.0,0.38869163,5.525254,0.31746033,2.5434792,68.92444,0
6bba_fc83837d,1335833,64,52.0,58.0,225.0,0.45963034,2.2778971,0.82539684,2.5434792,68.92444,1
6bba_fc83837d,1335834,64,53.0,229.0,81.0,0.50921345,5.361409,0.84126985,2.5434792,68.92444,0
6bba_fc83837d,1335835,64,29.0,12.0,184.0,0.47749096,2.0965312,0.46031746,2.5434792,68.92444,0
6bba_fc83837d,1335836,64,20.0,91.0,99.0,0.44765493,3.5897284,0.31746033,2.5434792,68.92444,1
6bba_fc83837d,1335837,64,50.0,145.0,170.0,0.45099708,3.841781,0.7936508,2.5434792,68.92444,0
6bba_fc83837d,1335838,64,40.0,139.0,128.0,0.4314619,3.1029072,0.63492066,2.5434792,68.92444,0
6bba_fc83837d,1335839,64,11.0,63.0,80.0,0.4150361,3.1736095,0.17460318,2.5434792,68.92444,0
6bba_fc83837d,1335840,64,0.0,92.0,20.0,0.5385096,2.3531654,0.0,2.1396742,41.032837,0
6bba_fc83837d,1335841,64,63.0,124.0,214.0,0.45048434,2.8086557,1.0,2.1396742,41.032837,1
6bba_fc83837d,1335842,64,21.0,46.0,145.0,0.34961092,5.387224,0.33333334,2.5434792,68.92444,0
6bba_fc83837d,1335843,64,56.0,185.0,143.0,0.4186944,3.5154006,0.8888889,2.5401762,68.65625,0
6bba_fc83837d,1335844,64,32.0,128.0,114.0,0.4497325,2.5385227,0.50793654,2.5434792,68.92444,0
6bba_fc83837d,1335845,64,0.0,29.0,57.0,0.35590568,2.2912216,0.0,2.1396742,41.032837,1
6bba_fc83837d,1335846,64,39.0,124.0,151.0,0.36472693,3.742937,0.61904764,2.5335438,68.11987,0
6bba_fc83837d,1335847,64,44.0,119.0,167.0,0.3807184,3.1546574,0.6984127,2.5434792,68.92444,0
6bba_fc83837d,1335848,64,4.0,16.0,86.0,0.38431075,3.1253407,0.06349207,2.5434792,68.92444,0
6bba_fc83837d,1335849,64,36.0,38.0,214.0,0.37707406,2.1752243,0.5714286,2.5434792,68.92444,0
6bba_fc83837d,1335850,64,0.0,75.0,36.0,0.36734945,4.2905955,0.0,2.1396742,41.032837,0
6bba_fc83837d,1335851,64,0.0,24.0,56.0,0.3430147,2.0762024,0.0,2.1396742,41.032837,1
6bba_fc83837d,1335852,64,22.0,87.0,113.0,0.37035504,2.5966256,0.34920636,2.5434792,68.92444,2
6bba_fc83837d,1335853,64,59.0,117.0,217.0,0.38788912,2.5663328,0.93650794,2.5401762,68.65625,1
6bba_fc83837d,1335854,64,63.0,74.0,255.0,0.34635007,2.5291924,1.0,1.7994134,24.405151,1
6bba_fc83837d,1335855,64,63.0,188.0,164.0,0.29462537,4.586947,1.0,2.1161075,39.691895,0
6bba_fc83837d,1335856,64,48.0,113.0,193.0,0.36611658,2.8923533,0.7619048,2.5434792,68.92444,0
6bba_fc83837d,1335857,64,54.0,213.0,103.0,0.43808365,2.8002317,0.85714287,2.5434792,68.92444,0
6bba_fc83837d,1335858,64,34.0,191.0,58.0,0.408668,3.6115685,0.53968257,2.5434792,68.92444,0
6bba_fc83837d,1335859,64,55.0,198.0,89.0,0.5188229,2.0297165,0.8730159,2.5434792,68.92444,0
6bba_fc83837d,1335860,64,34.0,148.0,106.0,0.36561978,3.7211733,0.53968257,2.5434792,68.92444,0
6bba_fc83837d,1335861,64,21.0,78.0,113.0,0.34152305,2.5271199,0.33333334,2.5434792,68.92444,1
6bba_fc83837d,1335862,64,13.0,124.0,46.0,0.3929961,2.578743,0.20634921,2.5434792,68.92444,0
6bba_fc83837d,1335863,64,0.0,52.0,52.0,0.3793359,1.7623601,0.0,2.1396742,41.032837,1
6bba_fc83837d,1335864,64,29.0,99.0,125.0,0.33261535,2.7764506,0.46031746,2.5434792,68.92444,0
6bba_fc83837d,1335865,64,26.0,142.0,75.0,0.36738467,2.8300018,0.41269842,2.5434792,68.92444,1
6bba_fc83837d,1335866,64,6.0,107.0,33.0,0.39230475,2.4307976,0.0952381,2.5434792,68.92444,0
6bba_fc83837d,1335867,64,41.0,2.0,255.0,0.2652621,5.9597445,0.6507937,2.0723133,37.2782,0
6bba_fc83837d,1335868,64,25.0,77.0,136.0,0.2982386,3.5513744,0.3968254,2.5434792,68.92444,0
6bba_fc83837d,1335869,64,29.0,142.0,89.0,0.3568406,2.9014676,0.46031746,2.5434792,68.92444,1
6bba_fc83837d,1335870,64,47.0,144.0,154.0,0.34727627,2.4717278,0.74603176,2.5401762,68.65625,0
6bba_fc83837d,1335871,64,59.0,66.0,255.0,0.34495217,1.8462337,0.93650794,2.13031,40.49646,1
6bba_fc83837d,1335872,64,30.0,118.0,127.0,0.3609019,1.9061766,0.47619048,2.5335438,68.11987,0
6bba_fc83837d,1335873,64,45.0,168.0,122.0,0.35373124,3.7399266,0.71428573,2.5434792,68.92444,0
6bba_fc83837d,1335874,64,33.0,89.0,154.0,0.30264726,2.9425547,0.52380955,2.5434792,68.92444,0
6bba_fc83837d,1335875,64,29.0,59.0,172.0,0.3386326,1.9968933,0.46031746,2.5434792,68.92444,0
6bba_fc83837d,1335876,64,0.0,10.0,29.0,0.32756186,1.6311378,0.0,2.1396742,41.032837,0
6bba_fc83837d,1335877,64,51.0,169.0,149.0,0.32700458,2.2720184,0.8095238,2.5401762,68.65625,0
6bba_fc83837d,1335878,64,30.0,119.0,99.0,0.39885005,1.7650332,0.47619048,2.5434792,68.92444,0
6bba_fc83837d,1335879,64,57.0,129.0,198.0,0.3731344,2.330209,0.9047619,2.5401762,68.65625,0
6bba_fc83837d,1335880,64,8.0,19.0,106.0,0.28055865,3.2534933,0.12698413,2.5434792,68.92444,0
6bba_fc83837d,1335881,65,47.0,97.0,176.0,0.75649315,2.8322568,0.74603176,2.5434792,68.92444,0
6bba_fc83837d,1335882,65,56.0,116.0,204.0,0.497648,5.1639466,0.8888889,2.5434792,68.92444,0
6bba_fc83837d,1335883,65,40.0,37.0,224.0,0.48886883,4.0178056,0.63492066,2.5434792,68.92444,0
6bba_fc83837d,1335884,65,38.0,62.0,195.0,0.5446082,2.545735,0.6031746,2.5434792,68.92444,1
6bba_fc83837d,1335885,65,34.0,93.0,154.0,0.49480265,3.1462567,0.53968257,2.5434792,68.92444,0
6bba_fc83837d,1335886,65,36.0,65.0,165.0,0.5423013,2.4157684,0.5714286,2.5434792,68.92444,0
6bba_fc83837d,1335887,65,38.0,53.0,186.0,0.58338314,1.9983969,0.6031746,2.5434792,68.92444,2
6bba_fc83837d,1335888,65,17.0,66.0,97.0,0.4100681,5.709188,0.26984128,2.5434792,68.92444,0
6bba_fc83837d,1335889,65,39.0,14.0,239.0,0.39317328,4.9195967,0.61904764,2.5434792,68.92444,0
6bba_fc83837d,1335890,65,55.0,255.0,207.0,0.5423378,3.0524907,0.8730159,2.1396742,41.032837,0
6bba_fc83837d,1335891,65,59.0,75.0,244.0,0.4445629,3.9656248,0.93650794,2.5401762,68.65625,0
6bba_fc83837d,1335892,65,40.0,122.0,144.0,0.43287244,4.49865,0.63492066,2.5434792,68.92444,0
6bba_fc83837d,1335893,65,17.0,94.0,71.0,0.45111522,3.2887847,0.26984128,2.5434792,68.92444,1
6bba_fc83837d,1335894,65,11.0,44.0,90.0,0.38329628,4.9912906,0.17460318,2.5434792,68.92444,0
6bba_fc83837d,1335895,65,37.0,143.0,104.0,0.44995138,3.6682158,0.5873016,2.5434792,68.92444,0
6bba_fc83837d,1335896,65,17.0,27.0,145.0,0.43245903,2.564477,0.26984128,2.5434792,68.92444,0
6bba_fc83837d,1335897,65,23.0,0.0,176.0,0.5112862,2.012303,0.36507937,2.1396742,41.032837,2
6bba_fc83837d,1335898,65,3.0,21.0,63.0,0.43383437,3.6287537,0.04761905,2.5401762,68.65625,0
6bba_fc83837d,1335899,65,35.0,48.0,176.0,0.52197754,1.7578683,0.5555556,2.5434792,68.92444,1
6bba_fc83837d,1335900,65,49.0,255.0,238.0,0.5197596,3.1429768,0.7777778,2.1396742,41.032837,0
6bba_fc83837d,1335901,65,63.0,159.0,155.0,0.46897763,2.4695907,1.0,2.1396742,41.032837,0
6bba_fc83837d,1335902,65,46.0,155.0,136.0,0.40940803,3.242222,0.73015875,2.5434792,68.92444,0
6bba_fc83837d,1335903,65,29.0,143.0,79.0,0.4468872,3.0102658,0.46031746,2.5401762,68.65625,0
6bba_fc83837d,1335904,65,52.0,187.0,117.0,0.42440245,3.679598,0.82539684,2.5434792,68.92444,0
6bba_fc83837d,1335905,65,29.0,197.0,26.0,0.4348353,4.4346676,0.46031746,2.5434792,68.92444,0
6bba_fc83837d,1335906,65,29.0,127.0,100.0,0.41596374,2.8414462,0.46031746,2.5401762,68.65625,0
6bba_fc83837d,1335907,65,49.0,58.0,214.0,0.4104711,1.9447461,0.7777778,2.5434792,68.92444,0
6bba_fc83837d,1335908,65,28.0,110.0,96.0,0.39965606,2.5179913,0.44444445,2.5434792,68.92444,0
6bba_fc83837d,1335909,65,26.0,10.0,171.0,0.4436006,1.5847998,0.41269842,2.5434792,68.92444,2
6bba_fc83837d,1335910,65,28.0,12.0,175.0,0.425403,1.4742396,0.44444445,2.5434792,68.92444,2
6bba_fc83837d,1335911,65,8.0,62.0,52.0,0.38777447,2.183684,0.12698413,2.5434792,68.92444,1
6bba_fc83837d,1335912,65,6.0,55.0,50.0,0.40066013,2.551459,0.0952381,2.5434792,68.92444,1
6bba_fc83837d,1335913,65,0.0,43.0,26.0,0.35205418,2.545879,0.0,2.1396742,41.032837,0
6bba_fc83837d,1335914,65,20.0,92.0,85.0,0.37717828,2.5022373,0.31746033,2.5434792,68.92444,1
6bba_fc83837d,1335915,65,50.0,40.0,248.0,0.33205944,3.1656573,0.7936508,2.5434792,68.92444,1
6bba_fc83837d,1335916,65,0.0,6.0,17.0,0.35015172,2.1955967,0.0,2.1396742,41.032837,0
6bba_fc83837d,1335917,65,47.0,43.0,240.0,0.3158491,2.5537095,0.74603176,2.5066607,65.974365,1
6bba_fc83837d,1335918,65,12.0,24.0,122.0,0.34279114,3.5144222,0.1904762,2.5434792,68.92444,0
6bba_fc83837d,1335919,65,52.0,123.0,186.0,0.3869615,2.2207675,0.82539684,2.5401762,68.65625,2
6bba_fc83837d,1335920,65,27.0,118.0,73.0,0.4331469,2.485865,0.42857143,2.5434792,68.92444,0
6bba_fc83837d,1335921,65,53.0,129.0,181.0,0.40655226,2.649577,0.84126985,2.5434792,68.92444,1
6bba_fc83837d,1335922,65,63.0,175.0,154.0,0.43125007,2.1528118,1.0,2.1396742,41.032837,0
6bba_fc83837d,1335923,65,63.0,141.0,182.0,0.3864029,2.1331532,1.0,2.120863,39.960083,0
6bba_fc83837d,1335924,65,63.0,206.0,133.0,0.3495565,4.5358496,1.0,2.1396742,41.032837,0
6bba_fc83837d,1335925,65,24.0,0.0,198.0,0.3701914,2.1627793,0.3809524,2.1396742,41.032837,0
6bba_fc83837d,1335926,65,59.0,130.0,196.0,0.38334146,2.1789527,0.93650794,2.5434792,68.92444,1
6bba_fc83837d,1335927,65,31.0,94.0,130.0,0.31792662,3.7635643,0.4920635,2.5434792,68.92444,0
6bba_fc83837d,1335928,65,0.0,87.0,0.0,0.37536308,3.667252,0.0,1.7994134,24.405151,0
6bba_fc83837d,1335929,65,51.0,214.0,75.0,0.47024044,1.943039,0.8095238,2.5434792,68.92444,0
6bba_fc83837d,1335930,65,18.0,57.0,118.0,0.29471582,4.26278,0.2857143,2.5434792,68.92444,0
6bba_fc83837d,1335931,66,47.0,99.0,172.0,0.74914885,2.724232,0.74603176,2.5434792,68.92444,0
6bba_fc83837d,1335932,66,40.0,36.0,222.0,0.47134173,3.933956,0.63492066,2.5434792,68.92444,0
6bba_fc83837d,1335933,66,57.0,116.0,202.0,0.48017997,4.6605663,0.9047619,2.5434792,68.92444,1
6bba_fc83837d,1335934,66,38.0,60.0,193.0,0.52287036,2.4958947,0.6031746,2.5434792,68.92444,1
6bba_fc83837d,1335935,66,37.0,53.0,182.0,0.60084075,2.1231546,0.5873016,2.5434792,68.92444,2
6bba_fc83837d,1335936,66,40.0,121.0,142.0,0.47662243,5.0049343,0.63492066,2.5434792,68.92444,0
6bba_fc83837d,1335937,66,36.0,65.0,163.0,0.5499167,2.2585387,0.5714286,2.5434792,68.92444,0
6bba_fc83837d,1335938,66,17.0,64.0,95.0,0.418618,6.230078,0.26984128,2.5434792,68.92444,0
6bba_fc83837d,1335939,66,22.0,0.0,173.0,0.5389064,2.2253962,0.34920636,2.1396742,41.032837,1
6bba_fc83837d,1335940,66,33.0,93.0,149.0,0.46856588,2.8900044,0.52380955,2.5434792,68.92444,0
6bba_fc83837d,1335941,66,39.0,14.0,236.0,0.3822019,4.930304,0.61904764,2.5434792,68.92444,0
6bba_fc83837d,1335942,66,18.0,25.0,148.0,0.462434,2.5156415,0.2857143,2.5434792,68.92444,1
6bba_fc83837d,1335943,66,55.0,255.0,209.0,0.54771245,3.2016673,0.8730159,2.1396742,41.032837,0
6bba_fc83837d,1335944,66,59.0,75.0,243.0,0.4338626,3.5177357,0.93650794,2.5401762,68.65625,0
6bba_fc83837d,1335945,66,36.0,50.0,173.0,0.55487424,1.7129962,0.5714286,2.5434792,68.92444,1
6bba_fc83837d,1335946,66,51.0,255.0,239.0,0.53920984,2.9325757,0.8095238,2.1396742,41.032837,0
6bba_fc83837d,1335947,66,17.0,93.0,67.0,0.42695594,3.2455971,0.26984128,2.5434792,68.92444,0
6bba_fc83837d,1335948,66,49.0,67.0,205.0,0.4241766,2.2650166,0.7777778,2.5434792,68.92444,1
6bba_fc83837d,1335949,66,11.0,42.0,88.0,0.3558887,4.295347,0.17460318,2.5434792,68.92444,0
6bba_fc83837d,1335950,66,49.0,59.0,212.0,0.44115826,1.9674276,0.7777778,2.5434792,68.92444,1
6bba_fc83837d,1335951,66,2.0,19.0,58.0,0.4011322,3.5879464,0.031746034,2.4687274,63.024292,0
6bba_fc83837d,1335952,66,50.0,42.0,245.0,0.347919,3.4182816,0.7936508,2.5434792,68.92444,0
6bba_fc83837d,1335953,66,63.0,159.0,152.0,0.4553455,2.1897476,1.0,2.1396742,41.032837,1
6bba_fc83837d,1335954,66,63.0,207.0,130.0,0.35406166,4.3198013,1.0,2.1350024,40.76465,0
6bba_fc83837d,1335955,66,6.0,52.0,46.0,0.41039118,2.75022,0.0952381,2.5434792,68.92444,1
6bba_fc83837d,1335956,66,51.0,186.0,113.0,0.4085777,3.3834991,0.8095238,2.5401762,68.65625,0
6bba_fc83837d,1335957,66,38.0,146.0,101.0,0.39788076,2.8091044,0.6031746,2.5434792,68.92444,0
6bba_fc83837d,1335958,66,26.0,10.0,165.0,0.43036407,1.6585277,0.41269842,2.5434792,68.92444,1
6bba_fc83837d,1335959,66,45.0,154.0,130.0,0.3702925,3.2959845,0.71428573,2.5434792,68.92444,0
6bba_fc83837d,1335960,66,30.0,143.0,75.0,0.41895148,2.8411467,0.47619048,2.5434792,68.92444,0
6bba_fc83837d,1335961,66,9.0,64.0,47.0,0.37319344,2.5051966,0.14285715,2.5434792,68.92444,1
6bba_fc83837d,1335962,66,28.0,108.0,92.0,0.38743052,2.753362,0.44444445,2.5434792,68.92444,0
6bba_fc83837d,1335963,66,20.0,91.0,83.0,0.36777374,2.920764,0.31746033,2.5434792,68.92444,0
6bba_fc83837d,1335964,66,0.0,4.0,13.0,0.36181137,2.2807174,0.0,2.1396742,41.032837,0
6bba_fc83837d,1335965,66,29.0,195.0,22.0,0.42288426,3.951585,0.46031746,2.5401762,68.65625,0
6bba_fc83837d,1335966,66,63.0,173.0,151.0,0.4419118,2.0489814,1.0,2.1396742,41.032837,1
6bba_fc83837d,1335967,66,58.0,127.0,195.0,0.40001735,2.2053435,0.9206349,2.5434792,68.92444,1
6bba_fc83837d,1335968,66,0.0,40.0,21.0,0.33919236,2.750441,0.0,2.1396742,41.032837,0
6bba_fc83837d,1335969,66,63.0,141.0,178.0,0.38563257,2.226799,1.0,2.120863,39.960083,0
6bba_fc83837d,1335970,66,29.0,125.0,97.0,0.3827057,2.782169,0.46031746,2.5434792,68.92444,0
6bba_fc83837d,1335971,66,18.0,55.0,115.0,0.30421412,4.5331483,0.2857143,2.5434792,68.92444,0
6bba_fc83837d,1335972,66,46.0,144.0,142.0,0.3565418,3.0055327,0.73015875,2.5434792,68.92444,0
6bba_fc83837d,1335973,66,12.0,23.0,118.0,0.33923358,3.4943402,0.1904762,2.5434792,68.92444,0
6bba_fc83837d,1335974,66,50.0,212.0,73.0,0.45972064,2.010679,0.7936508,2.5434792,68.92444,0
6bba_fc83837d,1335975,66,24.0,91.0,103.0,0.30722973,3.6692789,0.3809524,2.5434792,68.92444,0
6bba_fc83837d,1335976,66,31.0,95.0,127.0,0.31344151,3.5538998,0.4920635,2.5434792,68.92444,0
6bba_fc83837d,1335977,66,22.0,38.0,149.0,0.34726584,1.7717469,0.34920636,2.5434792,68.92444,1
6bba_fc83837d,1335978,66,53.0,129.0,179.0,0.3886534,2.4761636,0.84126985,2.5401762,68.65625,0
6bba_fc83837d,1335979,66,0.0,71.0,5.0,0.362465,4.080636,0.0,2.1396742,41.032837,0
6bba_fc83837d,1335980,66,13.0,129.0,10.0,0.420501,3.2560825,0.20634921,2.5434792,68.92444,0
6bba_fc83837d,1335981,66,48.0,197.0,57.0,0.5093663,2.0993931,0.7619048,2.5434792,68.92444,0
6bba_fc83837d,1335982,66,27.0,116.0,69.0,0.40149388,2.356429,0.42857143,2.5434792,68.92444,0
6bba_fc83837d,1335983,66,24.0,0.0,197.0,0.35153478,2.061057,0.3809524,2.1396742,41.032837,1
6bba_fc83837d,1335984,66,29.0,6.0,208.0,0.3093385,3.0964277,0.46031746,2.5434792,68.92444,1
6bba_fc83837d,1335985,67,46.0,98.0,170.0,0.7230301,2.637616,0.73015875,2.5434792,68.92444,0
6bba_fc83837d,1335986,67,39.0,36.0,219.0,0.48329976,4.2990336,0.61904764,2.5434792,68.92444,0
6bba_fc83837d,1335987,67,52.0,255.0,238.0,0.6220472,3.619075,0.82539684,2.1396742,41.032837,0
6bba_fc83837d,1335988,67,18.0,27.0,145.0,0.49792242,2.6588387,0.2857143,2.5434792,68.92444,0
6bba_fc83837d,1335989,67,56.0,117.0,199.0,0.4515113,4.4969664,0.8888889,2.5434792,68.92444,0
6bba_fc83837d,1335990,67,35.0,65.0,158.0,0.53692675,2.4051795,0.5555556,2.5434792,68.92444,0
6bba_fc83837d,1335991,67,37.0,62.0,189.0,0.49288145,2.7553942,0.5873016,2.5434792,68.92444,0
6bba_fc83837d,1335992,67,36.0,53.0,177.0,0.57675445,2.125789,0.5714286,2.5434792,68.92444,1
6bba_fc83837d,1335993,67,33.0,93.0,147.0,0.47552812,3.0945878,0.52380955,2.5434792,68.92444,0
6bba_fc83837d,1335994,67,39.0,120.0,140.0,0.4542593,5.2718983,0.61904764,2.5434792,68.92444,0
6bba_fc83837d,1335995,67,22.0,0.0,171.0,0.5385213,2.2592697,0.34920636,2.1396742,41.032837,0
6bba_fc83837d,1335996,67,58.0,77.0,240.0,0.44211018,3.6235719,0.9206349,2.4964292,65.1698,0
6bba_fc83837d,1335997,67,17.0,63.0,93.0,0.39510146,5.050989,0.26984128,2.5434792,68.92444,0
6bba_fc83837d,1335998,67,55.0,255.0,209.0,0.5600607,3.1103675,0.8730159,2.1396742,41.032837,0
6bba_fc83837d,1335999,67,38.0,15.0,232.0,0.36796832,4.630139,0.6031746,2.5434792,68.92444,0
6bba_fc83837d,1336000,67,35.0,51.0,168.0,0.5367009,1.7210976,0.5555556,2.5434792,68.92444,1
6bba_fc83837d,1336001,67,29.0,144.0,71.0,0.4623923,3.2660415,0.46031746,2.5434792,68.92444,0
6bba_fc83837d,1336002,67,49.0,67.0,202.0,0.43237564,2.3571613,0.7777778,2.5434792,68.92444,1
6bba_fc83837d,1336003,67,49.0,59.0,212.0,0.44522652,2.0427718,0.7777778,2.5434792,68.92444,1
6bba_fc83837d,1336004,67,0.0,17.0,53.0,0.38298902,3.1135561,0.0,2.1396742,41.032837,0
6bba_fc83837d,1336005,67,16.0,92.0,64.0,0.41520637,3.095193,0.25396827,2.5434792,68.92444,0
6bba_fc83837d,1336006,67,7.0,54.0,43.0,0.42901263,2.5406406,0.11111111,2.5434792,68.92444,0
6bba_fc83837d,1336007,67,63.0,209.0,125.0,0.3825047,4.131431,1.0,2.1396742,41.032837,0
6bba_fc83837d,1336008,67,10.0,42.0,83.0,0.35760143,4.133723,0.15873016,2.5434792,68.92444,0
6bba_fc83837d,1336009,67,63.0,141.0,176.0,0.42426476,2.6462324,1.0,2.1350024,40.76465,0
6bba_fc83837d,1336010,67,63.0,158.0,150.0,0.45146477,2.171756,1.0,2.1396742,41.032837,1
6bba_fc83837d,1336011,67,28.0,110.0,87.0,0.39851654,2.8494213,0.44444445,2.5434792,68.92444,0
6bba_fc83837d,1336012,67,50.0,43.0,243.0,0.32555237,3.3156252,0.7936508,2.5434792,68.92444,0
6bba_fc83837d,1336013,67,29.0,127.0,93.0,0.39469844,3.1158082,0.46031746,2.5434792,68.92444,0
6bba_fc83837d,1336014,67,63.0,172.0,153.0,0.44688958,1.8133732,1.0,2.1396742,41.032837,1
6bba_fc83837d,1336015,67,0.0,0.0,11.0,0.33443877,1.9953035,0.0,1.7994134,24.405151,0
6bba_fc83837d,1336016,67,44.0,153.0,126.0,0.3560103,3.3689692,0.6984127,2.5434792,68.92444,0
6bba_fc83837d,1336017,67,42.0,169.0,95.0,0.39567465,3.0511835,0.6666667,2.5434792,68.92444,0
6bba_fc83837d,1336018,67,23.0,91.0,99.0,0.3182254,4.6942644,0.36507937,2.5434792,68.92444,0
6bba_fc83837d,1336019,67,46.0,144.0,140.0,0.3490411,3.3163948,0.73015875,2.5434792,68.92444,0
6bba_fc83837d,1336020,67,0.0,41.0,16.0,0.33654296,2.4606292,0.0,2.1396742,41.032837,0
6bba_fc83837d,1336021,67,37.0,148.0,97.0,0.38106236,2.5907824,0.5873016,2.5434792,68.92444,1
6bba_fc83837d,1336022,67,36.0,141.0,98.0,0.37593454,2.4140751,0.5714286,2.5434792,68.92444,1
6bba_fc83837d,1336023,67,0.0,72.0,0.0,0.34894034,4.057003,0.0,1.7994134,24.405151,0
6bba_fc83837d,1336024,67,31.0,96.0,124.0,0.31973663,3.7623568,0.4920635,2.5434792,68.92444,0
6bba_fc83837d,1336025,67,52.0,188.0,108.0,0.37678224,3.250147,0.82539684,2.5434792,68.92444,0
6bba_fc83837d,1336026,67,49.0,211.0,70.0,0.45890078,2.0240624,0.7777778,2.5434792,68.92444,0
6bba_fc83837d,1336027,67,12.0,25.0,114.0,0.328224,3.4947011,0.1904762,2.5434792,68.92444,0
6bba_fc83837d,1336028,67,52.0,129.0,175.0,0.39176974,2.5336177,0.82539684,2.5434792,68.92444,0
6bba_fc83837d,1336029,67,26.0,118.0,65.0,0.4046901,2.389501,0.41269842,2.5434792,68.92444,0
6bba_fc83837d,1336030,67,28.0,6.0,205.0,0.31194064,3.2280033,0.44444445,2.5434792,68.92444,0
6bba_fc83837d,1336031,67,20.0,92.0,79.0,0.3381879,2.4732635,0.31746033,2.5434792,68.92444,0
6bba_fc83837d,1336032,67,19.0,59.0,110.0,0.2991801,3.1955075,0.3015873,2.5434792,68.92444,0
6bba_fc83837d,1336033,67,23.0,0.0,192.0,0.34863445,1.9953033,0.36507937,2.1396742,41.032837,0
6bba_fc83837d,1336034,68,51.0,255.0,237.0,0.7501109,4.5484796,0.8095238,2.1396742,41.032837,0
6bba_fc83837d,1336035,68,46.0,101.0,164.0,0.684005,2.2672617,0.73015875,2.5434792,68.92444,1
6bba_fc83837d,1336036,68,48.0,109.0,155.0,0.70313025,2.4883325,0.7619048,2.5434792,68.92444,1
6bba_fc83837d,1336037,68,36.0,61.0,185.0,0.5576883,2.90088,0.5714286,2.5434792,68.92444,0
6bba_fc83837d,1336038,68,63.0,164.0,144.0,0.61212647,2.2766695,1.0,2.1396742,41.032837,0
6bba_fc83837d,1336039,68,35.0,67.0,153.0,0.5539015,2.2448566,0.5555556,2.5434792,68.92444,0
6bba_fc83837d,1336040,68,36.0,56.0,170.0,0.60146606,1.993504,0.5714286,2.5434792,68.92444,0
6bba_fc83837d,1336041,68,38.0,35.0,215.0,0.43000972,3.7650285,0.6031746,2.5434792,68.92444,0
6bba_fc83837d,1336042,68,21.0,1.0,165.0,0.56693274,2.4399886,0.33333334,2.3316977,53.10132,0
6bba_fc83837d,1336043,68,17.0,28.0,141.0,0.47169262,2.7357848,0.26984128,2.5434792,68.92444,0
6bba_fc83837d,1336044,68,58.0,81.0,236.0,0.45994303,3.7343903,0.9206349,2.5032594,65.70618,0
6bba_fc83837d,1336045,68,32.0,92.0,140.0,0.4557254,2.72537,0.50793654,2.5434792,68.92444,0
6bba_fc83837d,1336046,68,55.0,121.0,193.0,0.4248437,3.7093883,0.8730159,2.5401762,68.65625,0
6bba_fc83837d,1336047,68,0.0,19.0,41.0,0.38564426,3.3300793,0.0,2.1396742,41.032837,0
6bba_fc83837d,1336048,68,48.0,61.0,205.0,0.48199347,2.0535882,0.7619048,2.5434792,68.92444,2
6bba_fc83837d,1336049,68,49.0,61.0,209.0,0.47900915,2.0822163,0.7777778,2.5434792,68.92444,2
6bba_fc83837d,1336050,68,49.0,69.0,200.0,0.45078862,2.26952,0.7777778,2.5434792,68.92444,2
6bba_fc83837d,1336051,68,37.0,15.0,227.0,0.3618121,4.517265,0.5873016,2.5434792,68.92444,0
6bba_fc83837d,1336052,68,56.0,255.0,209.0,0.6116771,2.552764,0.8888889,2.1396742,41.032837,0
6bba_fc83837d,1336053,68,29.0,147.0,62.0,0.45750418,2.9639328,0.46031746,2.5434792,68.92444,0
6bba_fc83837d,1336054,68,36.0,152.0,88.0,0.4514731,3.20505,0.5714286,2.5434792,68.92444,0
6bba_fc83837d,1336055,68,63.0,143.0,174.0,0.42069912,2.8586037,1.0,2.1350024,40.76465,0
6bba_fc83837d,1336056,68,63.0,212.0,118.0,0.4000875,3.5326462,1.0,2.1396742,41.032837,0
6bba_fc83837d,1336057,68,50.0,44.0,242.0,0.34762365,3.3431258,0.7936508,2.5434792,68.92444,0
6bba_fc83837d,1336058,68,16.0,67.0,86.0,0.33917105,3.9406404,0.25396827,2.5434792,68.92444,0
6bba_fc83837d,1336059,68,9.0,41.0,72.0,0.34007084,3.820472,0.14285715,2.5434792,68.92444,0
6bba_fc83837d,1336060,68,0.0,44.0,9.0,0.35270193,3.0126526,0.0,2.1396742,41.032837,0
6bba_fc83837d,1336061,68,29.0,129.0,85.0,0.4038598,2.9847739,0.46031746,2.5434792,68.92444,0
6bba_fc83837d,1336062,68,16.0,93.0,56.0,0.38578725,2.7790632,0.25396827,2.5434792,68.92444,1
6bba_fc83837d,1336063,68,50.0,188.0,101.0,0.39933297,3.8103278,0.7936508,2.5434792,68.92444,0
6bba_fc83837d,1336064,68,43.0,154.0,116.0,0.36007503,4.0147448,0.6825397,2.5434792,68.92444,0
6bba_fc83837d,1336065,68,41.0,171.0,86.0,0.41160715,2.8704593,0.6507937,2.5434792,68.92444,0
6bba_fc83837d,1336066,68,28.0,112.0,80.0,0.3831677,2.564027,0.44444445,2.5434792,68.92444,0
6bba_fc83837d,1336067,68,45.0,147.0,134.0,0.35590258,3.9014294,0.71428573,2.5434792,68.92444,0
6bba_fc83837d,1336068,68,39.0,124.0,132.0,0.34733185,3.944626,0.61904764,2.5434792,68.92444,0
6bba_fc83837d,1336069,68,6.0,55.0,33.0,0.39578933,2.4197526,0.0952381,2.5434792,68.92444,0
6bba_fc83837d,1336070,68,49.0,212.0,60.0,0.47689342,2.0583236,0.7777778,2.5434792,68.92444,0
6bba_fc83837d,1336071,68,12.0,16.0,115.0,0.32154667,3.352592,0.1904762,2.5434792,68.92444,0
6bba_fc83837d,1336072,68,45.0,11.0,255.0,0.27098504,5.909391,0.71428573,2.1396742,41.032837,0
6bba_fc83837d,1336073,68,51.0,255.0,184.0,0.47907916,2.579402,0.8095238,2.1396742,41.032837,0
6bba_fc83837d,1336074,68,30.0,100.0,114.0,0.30745903,3.4497666,0.47619048,2.5434792,68.92444,0
6bba_fc83837d,1336075,68,0.0,7.0,0.0,0.3270114,2.1570177,0.0,1.7994134,24.405151,1
6bba_fc83837d,1336076,68,23.0,94.0,92.0,0.30200806,3.8053353,0.36507937,2.5434792,68.92444,0
6bba_fc83837d,1336077,68,21.0,146.0,22.0,0.36756182,3.6292477,0.33333334,2.5434792,68.92444,0
6bba_fc83837d,1336078,68,63.0,164.0,174.0,0.35512957,2.8152914,1.0,2.1396742,41.032837,0
6bba_fc83837d,1336079,68,22.0,0.0,188.0,0.35253853,2.2457874,0.34920636,2.1350024,40.76465,0
6bba_fc83837d,1336080,68,26.0,123.0,54.0,0.39483744,2.5092125,0.41269842,2.5434792,68.92444,0
6bba_fc83837d,1336081,68,0.0,3.0,7.0,0.31563085,2.8342433,0.0,2.1350024,40.76465,1
6bba_fc83837d,1336082,68,28.0,196.0,9.0,0.3998089,3.3839648,0.44444445,2.5434792,68.92444,0
6bba_fc83837d,1336083,68,20.0,95.0,70.0,0.33324414,2.6454391,0.31746033,2.5434792,68.92444,1
6bba_fc83837d,1336084,68,28.0,12.0,196.0,0.29740483,2.790875,0.44444445,2.5434792,68.92444,0
6bba_fc83837d,1336085,68,51.0,129.0,172.0,0.35977975,2.549793,0.8095238,2.5434792,68.92444,0
6bba_fc83837d,1336086,69,43.0,100.0,166.0,0.6886082,2.9843893,0.6825397,2.5434792,68.92444,0
6bba_fc83837d,1336087,69,48.0,109.0,153.0,0.6732039,2.3866806,0.7619048,2.5434792,68.92444,0
6bba_fc83837d,1336088,69,36.0,63.0,182.0,0.54539675,3.3141108,0.5714286,2.5434792,68.92444,0
6bba_fc83837d,1336089,69,54.0,121.0,189.0,0.48811838,4.7764773,0.85714287,2.5401762,68.65625,0
6bba_fc83837d,1336090,69,63.0,166.0,143.0,0.6608193,2.8650804,1.0,2.1396742,41.032837,0
6bba_fc83837d,1336091,69,35.0,68.0,150.0,0.5858012,2.24021,0.5555556,2.5434792,68.92444,0
6bba_fc83837d,1336092,69,52.0,250.0,237.0,0.71163845,3.2684867,0.82539684,2.5434792,68.92444,0
6bba_fc83837d,1336093,69,36.0,58.0,165.0,0.59190524,2.0018554,0.5714286,2.5434792,68.92444,0
6bba_fc83837d,1336094,69,0.0,19.0,36.0,0.40800652,3.8152575,0.0,2.1396742,41.032837,0
6bba_fc83837d,1336095,69,36.0,16.0,223.0,0.4081399,5.1852093,0.5714286,2.5434792,68.92444,0
6bba_fc83837d,1336096,69,37.0,35.0,211.0,0.41156545,3.747053,0.5873016,2.5434792,68.92444,0
6bba_fc83837d,1336097,69,17.0,30.0,137.0,0.46820453,2.6441696,0.26984128,2.5434792,68.92444,0
6bba_fc83837d,1336098,69,49.0,70.0,199.0,0.45567328,2.4291325,0.7777778,2.5434792,68.92444,1
6bba_fc83837d,1336099,69,58.0,81.0,234.0,0.43486315,3.5109274,0.9206349,2.5302145,67.851685,0
6bba_fc83837d,1336100,69,21.0,5.0,160.0,0.53514457,2.4426246,0.33333334,2.5434792,68.92444,2
6bba_fc83837d,1336101,69,63.0,213.0,111.0,0.44213355,3.501841,1.0,2.1396742,41.032837,0
6bba_fc83837d,1336102,69,32.0,94.0,137.0,0.4349291,2.5252116,0.50793654,2.5434792,68.92444,0
6bba_fc83837d,1336103,69,63.0,143.0,172.0,0.44424602,2.831815,1.0,2.13031,40.49646,0
6bba_fc83837d,1336104,69,16.0,68.0,81.0,0.36507437,4.1521254,0.25396827,2.5434792,68.92444,0
6bba_fc83837d,1336105,69,48.0,59.0,206.0,0.44515705,1.9480703,0.7619048,2.5434792,68.92444,1
6bba_fc83837d,1336106,69,36.0,153.0,82.0,0.44035578,3.3365839,0.5714286,2.5434792,68.92444,0
6bba_fc83837d,1336107,69,9.0,42.0,66.0,0.3655607,4.216153,0.14285715,2.5434792,68.92444,0
6bba_fc83837d,1336108,69,50.0,44.0,240.0,0.35104573,3.4535103,0.7936508,2.5434792,68.92444,0
6bba_fc83837d,1336109,69,0.0,45.0,2.0,0.35343653,4.801452,0.0,2.0723133,37.2782,0
6bba_fc83837d,1336110,69,40.0,172.0,78.0,0.42103946,3.3149745,0.63492066,2.5434792,68.92444,0
6bba_fc83837d,1336111,69,15.0,94.0,51.0,0.38290024,2.692553,0.23809524,2.5434792,68.92444,0
6bba_fc83837d,1336112,69,6.0,56.0,27.0,0.40569064,2.5523248,0.0952381,2.5434792,68.92444,0
6bba_fc83837d,1336113,69,28.0,128.0,80.0,0.40476653,2.6511698,0.44444445,2.5434792,68.92444,0
6bba_fc83837d,1336114,69,25.0,14.0,153.0,0.4119129,1.5354464,0.3968254,2.5434792,68.92444,2
6bba_fc83837d,1336115,69,45.0,148.0,129.0,0.35557947,3.8625891,0.71428573,2.5434792,68.92444,0
6bba_fc83837d,1336116,69,27.0,112.0,75.0,0.38345608,2.500379,0.42857143,2.5434792,68.92444,0
6bba_fc83837d,1336117,69,20.0,97.0,65.0,0.35749027,2.8855364,0.31746033,2.5434792,68.92444,0
6bba_fc83837d,1336118,69,27.0,12.0,166.0,0.4029044,1.294933,0.42857143,2.5434792,68.92444,2
6bba_fc83837d,1336119,69,63.0,165.0,170.0,0.37115428,2.8875291,1.0,2.1396742,41.032837,0
6bba_fc83837d,1336120,69,56.0,248.0,213.0,0.5161201,1.6364988,0.8888889,2.5032594,65.70618,1
6bba_fc83837d,1336121,69,0.0,7.0,0.0,0.31312796,3.0514777,0.0,1.7994134,24.405151,0
6bba_fc83837d,1336122,69,12.0,17.0,110.0,0.31328171,3.5297499,0.1904762,2.5434792,68.92444,0
6bba_fc83837d,1336123,69,29.0,99.0,110.0,0.31162453,3.3607008,0.46031746,2.5434792,68.92444,0
6bba_fc83837d,1336124,69,29.0,142.0,66.0,0.39616105,2.2537122,0.46031746,2.5401762,68.65625,1
6bba_fc83837d,1336125,69,29.0,149.0,56.0,0.3800097,2.2222817,0.46031746,2.5434792,68.92444,1
6bba_fc83837d,1336126,69,42.0,153.0,112.0,0.3340119,3.8048313,0.6666667,2.5434792,68.92444,0
6bba_fc83837d,1336127,69,55.0,246.0,207.0,0.524128,1.6407772,0.8730159,2.5335438,68.11987,1
6bba_fc83837d,1336128,69,0.0,69.0,0.0,0.33401686,3.9651022,0.0,1.7994134,24.405151,0
6bba_fc83837d,1336129,69,49.0,189.0,95.0,0.35593036,3.3014855,0.7777778,2.5434792,68.92444,0
6bba_fc83837d,1336130,69,27.0,10.0,196.0,0.29749516,2.9837072,0.42857143,2.5434792,68.92444,0
6bba_fc83837d,1336131,69,25.0,126.0,48.0,0.38366452,2.4667242,0.3968254,2.5434792,68.92444,0
6bba_fc83837d,1336132,69,21.0,0.0,185.0,0.3369748,2.3708823,0.33333334,2.1350024,40.76465,0
6bba_fc83837d,1336133,69,23.0,94.0,86.0,0.30086157,3.5443254,0.36507937,2.5434792,68.92444,0
6bba_fc83837d,1336134,69,38.0,122.0,128.0,0.31086022,3.4576316,0.6031746,2.5434792,68.92444,0
6bba_fc83837d,1336135,69,47.0,208.0,39.0,0.48043358,1.6624479,0.74603176,2.5434792,68.92444,0
6bba_fc83837d,1336136,69,45.0,10.0,255.0,0.2551937,3.1128047,0.71428573,2.1396742,41.032837,0
6bba_fc83837d,1336137,69,28.0,197.0,5.0,0.401817,3.3402996,0.44444445,2.5434792,68.92444,0
6bba_fc83837d,1336138,70,43.0,101.0,165.0,0.6533803,2.970901,0.6825397,2.5434792,68.92444,0
6bba_fc83837d,1336139,70,55.0,121.0,190.0,0.49726582,4.7543325,0.8730159,2.5434792,68.92444,0
6bba_fc83837d,1336140,70,63.0,166.0,143.0,0.648331,2.8126326,1.0,2.1396742,41.032837,0
6bba_fc83837d,1336141,70,48.0,112.0,150.0,0.61464703,2.4444835,0.7619048,2.5434792,68.92444,0
6bba_fc83837d,1336142,70,58.0,84.0,233.0,0.47293982,3.9823987,0.9206349,2.5268764,67.583496,0
6bba_fc83837d,1336143,70,17.0,30.0,135.0,0.49099502,2.843261,0.26984128,2.5434792,68.92444,0
6bba_fc83837d,1336144,70,34.0,69.0,147.0,0.55801135,2.216014,0.53968257,2.5434792,68.92444,0
6bba_fc83837d,1336145,70,36.0,64.0,181.0,0.49808225,2.964031,0.5714286,2.5434792,68.92444,0
6bba_fc83837d,1336146,70,0.0,19.0,34.0,0.4051062,3.9971757,0.0,2.1396742,41.032837,0
6bba_fc83837d,1336147,70,37.0,37.0,209.0,0.41269454,3.6480746,0.5873016,2.5434792,68.92444,0
6bba_fc83837d,1336148,70,49.0,69.0,200.0,0.48577335,2.228592,0.7777778,2.5434792,68.92444,0
6bba_fc83837d,1336149,70,35.0,59.0,164.0,0.56693643,1.9825101,0.5555556,2.5434792,68.92444,0
6bba_fc83837d,1336150,70,36.0,15.0,223.0,0.3794504,4.4092846,0.5714286,2.5434792,68.92444,0
6bba_fc83837d,1336151,70,21.0,6.0,158.0,0.5481136,2.5509002,0.33333334,2.5434792,68.92444,1
6bba_fc83837d,1336152,70,63.0,214.0,110.0,0.45469192,3.4319413,1.0,2.1396742,41.032837,0
6bba_fc83837d,1336153,70,63.0,255.0,248.0,0.67475474,2.669475,1.0,1.7994134,24.405151,0
6bba_fc83837d,1336154,70,0.0,46.0,0.0,0.3650903,6.6054683,0.0,1.7994134,24.405151,0
6bba_fc83837d,1336155,70,63.0,144.0,171.0,0.45842668,3.1179135,1.0,2.1350024,40.76465,0
6bba_fc83837d,1336156,70,32.0,95.0,137.0,0.4504516,2.6507602,0.50793654,2.5434792,68.92444,0
6bba_fc83837d,1336157,70,9.0,43.0,64.0,0.3845817,4.7543216,0.14285715,2.5434792,68.92444,0
6bba_fc83837d,1336158,70,50.0,45.0,241.0,0.36636323,3.6175735,0.7936508,2.5434792,68.92444,0
6bba_fc83837d,1336159,70,54.0,248.0,235.0,0.63781613,2.3096704,0.85714287,2.5434792,68.92444,0
6bba_fc83837d,1336160,70,11.0,0.0,128.0,0.31503266,7.37376,0.17460318,2.1396742,41.032837,0
6bba_fc83837d,1336161,70,16.0,68.0,79.0,0.3500347,4.214363,0.25396827,2.5434792,68.92444,0
6bba_fc83837d,1336162,70,49.0,191.0,93.0,0.41259727,3.958618,0.7777778,2.5434792,68.92444,0
6bba_fc83837d,1336163,70,36.0,153.0,79.0,0.41948655,3.1745577,0.5714286,2.5434792,68.92444,1
6bba_fc83837d,1336164,70,27.0,115.0,70.0,0.4096755,2.3857436,0.42857143,2.5434792,68.92444,0
6bba_fc83837d,1336165,70,40.0,173.0,77.0,0.40739298,3.4111772,0.63492066,2.5434792,68.92444,0
6bba_fc83837d,1336166,70,16.0,97.0,48.0,0.37858188,2.802147,0.25396827,2.5434792,68.92444,1
6bba_fc83837d,1336167,70,44.0,150.0,126.0,0.35840052,3.561168,0.6984127,2.5434792,68.92444,0
6bba_fc83837d,1336168,70,29.0,142.0,65.0,0.4106969,2.6230776,0.46031746,2.5401762,68.65625,0
6bba_fc83837d,1336169,70,42.0,155.0,109.0,0.3582546,3.781409,0.6666667,2.5434792,68.92444,0
6bba_fc83837d,1336170,70,55.0,243.0,206.0,0.5550862,1.8639592,0.8730159,2.5100527,66.24255,0
6bba_fc83837d,1336171,70,28.0,199.0,0.0,0.41771126,2.722043,0.44444445,2.1396742,41.032837,0
6bba_fc83837d,1336172,70,27.0,14.0,163.0,0.38937256,1.2275975,0.42857143,2.5434792,68.92444,1
6bba_fc83837d,1336173,70,0.0,5.0,0.0,0.2844682,3.7291427,0.0,1.7994134,24.405151,0
6bba_fc83837d,1336174,70,21.0,0.0,185.0,0.34105977,2.5293038,0.33333334,2.1350024,40.76465,0
6bba_fc83837d,1336175,70,36.0,255.0,247.0,0.5001109,2.4024382,0.5714286,2.1396742,41.032837,0
6bba_fc83837d,1336176,70,29.0,101.0,109.0,0.3104016,3.1965775,0.46031746,2.5434792,68.92444,0
6bba_fc83837d,1336177,70,28.0,128.0,81.0,0.36849636,2.188149,0.44444445,2.5434792,68.92444,1
6bba_fc83837d,1336178,70,27.0,11.0,195.0,0.2971512,2.969697,0.42857143,2.5434792,68.92444,0
6bba_fc83837d,1336179,70,7.0,62.0,25.0,0.3554683,2.1477716,0.11111111,2.5401762,68.65625,0
6bba_fc83837d,1336180,70,12.0,19.0,108.0,0.29880837,3.17714,0.1904762,2.5434792,68.92444,0
6bba_fc83837d,1336181,70,63.0,167.0,169.0,0.3542425,2.845869,1.0,2.1396742,41.032837,0
6bba_fc83837d,1336182,70,22.0,95.0,84.0,0.29960743,3.5127563,0.34920636,2.5434792,68.92444,0
6bba_fc83837d,1336183,70,33.0,139.0,82.0,0.3619094,1.9157565,0.52380955,2.5434792,68.92444,2
6bba_fc83837d,1336184,70,29.0,155.0,51.0,0.34607768,2.571488,0.46031746,2.5434792,68.92444,0
6bba_fc83837d,1336185,70,43.0,14.0,249.0,0.24427807,4.308687,0.6825397,2.5401762,68.65625,0
6bba_fc83837d,1336186,70,50.0,67.0,227.0,0.31503266,2.364514,0.7936508,2.5434792,68.92444,0
6bba_fc83837d,1336187,70,46.0,208.0,36.0,0.47780365,1.6478289,0.73015875,2.5434792,68.92444,0
6bba_fc83837d,1336188,70,37.0,121.0,125.0,0.30478042,3.6872547,0.5873016,2.5434792,68.92444,0
6bba_fc83837d,1336189,70,20.0,98.0,62.0,0.32631323,2.209998,0.31746033,2.5434792,68.92444,1
6bba_fc83837d,1336190,70,63.0,234.0,86.0,0.34619513,3.2862291,1.0,2.1396742,41.032837,0
6bba_fc83837d,1336191,70,25.0,128.0,44.0,0.36644316,2.1571605,0.3968254,2.5434792,68.92444,0
6bba_fc83837d,1336192,71,44.0,102.0,160.0,0.7140078,2.7975981,0.6984127,2.5434792,68.92444,0
6bba_fc83837d,1336193,71,58.0,85.0,231.0,0.4941669,4.089169,0.9206349,2.5401762,68.65625,0
6bba_fc83837d,1336194,71,63.0,167.0,139.0,0.6534255,2.9328632,1.0,2.1396742,41.032837,0
6bba_fc83837d,1336195,71,37.0,38.0,206.0,0.4421623,3.7424552,0.5873016,2.5434792,68.92444,0
6bba_fc83837d,1336196,71,36.0,64.0,178.0,0.49196425,3.1849146,0.5714286,2.5434792,68.92444,0
6bba_fc83837d,1336197,71,17.0,34.0,131.0,0.48796207,2.5824485,0.26984128,2.5434792,68.92444,0
6bba_fc83837d,1336198,71,34.0,69.0,144.0,0.56963587,2.1532893,0.53968257,2.5434792,68.92444,0
6bba_fc83837d,1336199,71,63.0,145.0,168.0,0.50680435,2.9756646,1.0,2.1350024,40.76465,0
6bba_fc83837d,1336200,71,35.0,16.0,219.0,0.40311632,4.6498823,0.5555556,2.5434792,68.92444,0
6bba_fc83837d,1336201,71,0.0,19.0,27.0,0.3784664,4.3308196,0.0,2.1396742,41.032837,0
6bba_fc83837d,1336202,71,48.0,73.0,195.0,0.47716442,2.5424094,0.7619048,2.5434792,68.92444,0
6bba_fc83837d,1336203,71,54.0,124.0,185.0,0.43397722,4.0681834,0.85714287,2.5434792,68.92444,0
6bba_fc83837d,1336204,71,35.0,60.0,159.0,0.54747087,1.8584802,0.5555556,2.5434792,68.92444,0
6bba_fc83837d,1336205,71,10.0,0.0,122.0,0.3777428,6.256362,0.15873016,2.1396742,41.032837,0
6bba_fc83837d,1336206,71,31.0,94.0,132.0,0.44111663,2.7453728,0.4920635,2.5434792,68.92444,0
6bba_fc83837d,1336207,71,20.0,5.0,154.0,0.5274735,2.3570015,0.31746033,2.5434792,68.92444,0
6bba_fc83837d,1336208,71,63.0,214.0,105.0,0.46143794,2.934744,1.0,2.1396742,41.032837,1
6bba_fc83837d,1336209,71,50.0,46.0,238.0,0.3633998,3.5935185,0.7936508,2.5434792,68.92444,0
6bba_fc83837d,1336210,71,15.0,69.0,73.0,0.36551905,4.5885434,0.23809524,2.5434792,68.92444,0
6bba_fc83837d,1336211,71,47.0,60.0,204.0,0.4474847,2.1034243,0.74603176,2.5434792,68.92444,0
6bba_fc83837d,1336212,71,54.0,249.0,234.0,0.6722033,2.3441722,0.85714287,2.5434792,68.92444,1
6bba_fc83837d,1336213,71,54.0,255.0,233.0,0.7076564,2.2429547,0.85714287,2.1396742,41.032837,1
6bba_fc83837d,1336214,71,63.0,216.0,116.0,0.4114146,2.5099869,1.0,2.120863,39.960083,1
6bba_fc83837d,1336215,71,63.0,255.0,247.0,0.6498725,2.240437,1.0,1.7994134,24.405151,0
6bba_fc83837d,1336216,71,28.0,141.0,60.0,0.43239647,2.7479627,0.44444445,2.5401762,68.65625,0
6bba_fc83837d,1336217,71,8.0,42.0,59.0,0.33548498,3.9162257,0.12698413,2.5434792,68.92444,0
6bba_fc83837d,1336218,71,28.0,131.0,76.0,0.41193372,2.5290005,0.44444445,2.5434792,68.92444,0
6bba_fc83837d,1336219,71,26.0,115.0,65.0,0.4179996,2.6199892,0.41269842,2.5434792,68.92444,0
6bba_fc83837d,1336220,71,44.0,153.0,121.0,0.37315172,3.088808,0.6984127,2.5434792,68.92444,0
6bba_fc83837d,1336221,71,15.0,94.0,44.0,0.37808156,2.6349547,0.23809524,2.5434792,68.92444,0
6bba_fc83837d,1336222,71,36.0,153.0,74.0,0.3965675,2.8717332,0.5714286,2.5401762,68.65625,0
6bba_fc83837d,1336223,71,39.0,174.0,69.0,0.412368,3.5600624,0.61904764,2.5434792,68.92444,0
6bba_fc83837d,1336224,71,42.0,13.0,246.0,0.27561837,3.7198653,0.6666667,2.5335438,68.11987,1
6bba_fc83837d,1336225,71,56.0,244.0,209.0,0.5357873,1.5172974,0.8888889,2.4546402,61.951538,0
6bba_fc83837d,1336226,71,37.0,255.0,249.0,0.54143906,2.6243846,0.5873016,2.1396742,41.032837,0
6bba_fc83837d,1336227,71,41.0,154.0,105.0,0.35004166,3.2304907,0.6507937,2.5434792,68.92444,0
6bba_fc83837d,1336228,71,63.0,169.0,164.0,0.36565712,2.9271202,1.0,2.1396742,41.032837,0
6bba_fc83837d,1336229,71,39.0,187.0,52.0,0.4018517,3.0410576,0.61904764,2.5434792,68.92444,0
6bba_fc83837d,1336230,71,29.0,101.0,104.0,0.30390844,3.1793306,0.46031746,2.5434792,68.92444,0
6bba_fc83837d,1336231,71,22.0,7.0,182.0,0.33879587,2.5896335,0.34920636,2.5434792,68.92444,2
6bba_fc83837d,1336232,71,4.0,55.0,17.0,0.38877156,2.2945395,0.06349207,2.5434792,68.92444,0
6bba_fc83837d,1336233,71,21.0,0.0,183.0,0.33942577,2.047955,0.33333334,2.1396742,41.032837,2
6bba_fc83837d,1336234,71,37.0,120.0,123.0,0.31466094,3.812438,0.5873016,2.5434792,68.92444,0
6bba_fc83837d,1336235,71,43.0,5.0,255.0,0.29094887,2.5273259,0.6825397,2.1396742,41.032837,1
6bba_fc83837d,1336236,71,11.0,19.0,101.0,0.2911131,3.5530398,0.17460318,2.5434792,68.92444,0
6bba_fc83837d,1336237,71,25.0,11.0,187.0,0.3095018,2.1342325,0.3968254,2.5434792,68.92444,2
6bba_fc83837d,1336238,72,45.0,101.0,158.0,0.8122429,3.2320178,0.71428573,2.5434792,68.92444,0
6bba_fc83837d,1336239,72,63.0,165.0,138.0,0.65499526,3.1074636,1.0,2.1396742,41.032837,0
6bba_fc83837d,1336240,72,63.0,144.0,167.0,0.52904993,2.9341726,1.0,2.1396742,41.032837,0
6bba_fc83837d,1336241,72,17.0,34.0,130.0,0.48563784,2.650568,0.26984128,2.5434792,68.92444,1
6bba_fc83837d,1336242,72,35.0,64.0,177.0,0.48161477,3.1667118,0.5555556,2.5434792,68.92444,0
6bba_fc83837d,1336243,72,48.0,72.0,194.0,0.48461992,2.5299253,0.7619048,2.5434792,68.92444,1
6bba_fc83837d,1336244,72,36.0,38.0,205.0,0.41610616,3.744251,0.5714286,2.5434792,68.92444,0
6bba_fc83837d,1336245,72,16.0,38.0,123.0,0.4768309,2.3029685,0.25396827,2.5434792,68.92444,1
6bba_fc83837d,1336246,72,10.0,0.0,123.0,0.41617647,4.3547263,0.15873016,2.1396742,41.032837,0
6bba_fc83837d,1336247,72,58.0,86.0,230.0,0.4466579,3.7905917,0.9206349,2.5368643,68.38806,0
6bba_fc83837d,1336248,72,34.0,17.0,216.0,0.38502988,4.6163373,0.53968257,2.5434792,68.92444,0
6bba_fc83837d,1336249,72,33.0,70.0,142.0,0.5287035,2.180467,0.52380955,2.5434792,68.92444,0
6bba_fc83837d,1336250,72,0.0,19.0,25.0,0.35689774,4.12685,0.0,2.1396742,41.032837,0
6bba_fc83837d,1336251,72,47.0,61.0,202.0,0.4640842,2.1215372,0.74603176,2.5434792,68.92444,1
6bba_fc83837d,1336252,72,21.0,7.0,152.0,0.5154947,2.2546704,0.33333334,2.5434792,68.92444,0
6bba_fc83837d,1336253,72,30.0,91.0,132.0,0.43782312,2.835067,0.47619048,2.5434792,68.92444,0
6bba_fc83837d,1336254,72,63.0,216.0,115.0,0.41306022,3.244613,1.0,2.1113307,39.423706,0
6bba_fc83837d,1336255,72,34.0,59.0,160.0,0.5154669,1.9975075,0.53968257,2.5434792,68.92444,0
6bba_fc83837d,1336256,72,55.0,128.0,180.0,0.42207825,3.1158059,0.8730159,2.5434792,68.92444,0
6bba_fc83837d,1336257,72,16.0,71.0,71.0,0.36473387,3.994299,0.25396827,2.5434792,68.92444,0
6bba_fc83837d,1336258,72,49.0,46.0,237.0,0.33654115,3.2236655,0.7777778,2.5434792,68.92444,0
6bba_fc83837d,1336259,72,63.0,255.0,245.0,0.64338696,2.3850048,1.0,1.7658345,23.064209,0
6bba_fc83837d,1336260,72,28.0,130.0,73.0,0.41579697,2.6408706,0.44444445,2.5434792,68.92444,0
6bba_fc83837d,1336261,72,15.0,96.0,42.0,0.38612768,2.690538,0.23809524,2.5434792,68.92444,0
6bba_fc83837d,1336262,72,8.0,42.0,56.0,0.33250415,4.0585947,0.12698413,2.5434792,68.92444,0
6bba_fc83837d,1336263,72,36.0,154.0,73.0,0.40643066,2.9830375,0.5714286,2.5401762,68.65625,0
6bba_fc83837d,1336264,72,54.0,247.0,232.0,0.6281927,1.8408414,0.85714287,2.5434792,68.92444,1
6bba_fc83837d,1336265,72,21.0,0.0,181.0,0.36952615,2.6618912,0.33333334,2.1396742,41.032837,0
6bba_fc83837d,1336266,72,53.0,255.0,233.0,0.68326914,2.3741477,0.84126985,2.1396742,41.032837,1
6bba_fc83837d,1336267,72,26.0,115.0,64.0,0.40840742,2.305065,0.41269842,2.5434792,68.92444,0
6bba_fc83837d,1336268,72,37.0,255.0,251.0,0.5552229,2.784967,0.5873016,2.1396742,41.032837,0
6bba_fc83837d,1336269,72,29.0,143.0,57.0,0.39558434,2.69067,0.46031746,2.5434792,68.92444,0
6bba_fc83837d,1336270,72,39.0,187.0,50.0,0.42831782,3.4293993,0.61904764,2.5434792,68.92444,0
6bba_fc83837d,1336271,72,44.0,155.0,117.0,0.3653245,2.8869135,0.6984127,2.5434792,68.92444,1
6bba_fc83837d,1336272,72,40.0,153.0,103.0,0.35392928,3.0461476,0.63492066,2.5434792,68.92444,1
6bba_fc83837d,1336273,72,38.0,173.0,66.0,0.40103185,3.2832284,0.6031746,2.5434792,68.92444,0
6bba_fc83837d,1336274,73,44.0,101.0,153.0,0.7280399,3.5250494,0.6984127,2.5434792,68.92444,0
6bba_fc83837d,1336275,73,10.0,7.0,113.0,0.51696426,4.231996,0.15873016,2.5434792,68.92444,0
6bba_fc83837d,1336276,73,16.0,36.0,123.0,0.50793844,3.1303067,0.25396827,2.5434792,68.92444,0
6bba_fc83837d,1336277,73,63.0,145.0,162.0,0.5605742,2.9144557,1.0,2.1396742,41.032837,0
6bba_fc83837d,1336278,73,63.0,161.0,137.0,0.597088,2.5558336,1.0,2.1396742,41.032837,0
6bba_fc83837d,1336279,73,50.0,255.0,229.0,0.8402544,2.7185836,0.7936508,2.1396742,41.032837,1
6bba_fc83837d,1336280,73,35.0,64.0,172.0,0.47448584,3.2056234,0.5555556,2.5434792,68.92444,0
6bba_fc83837d,1336281,73,47.0,71.0,189.0,0.49440312,2.5067217,0.74603176,2.5434792,68.92444,0
6bba_fc83837d,1336282,73,33.0,70.0,136.0,0.5340849,2.1533194,0.52380955,2.5434792,68.92444,0
6bba_fc83837d,1336283,73,35.0,39.0,198.0,0.3954558,3.6624749,0.5555556,2.5434792,68.92444,0
6bba_fc83837d,1336284,73,59.0,216.0,86.0,0.5132469,3.3949838,0.93650794,2.5434792,68.92444,0
6bba_fc83837d,1336285,73,45.0,255.0,250.0,0.79934055,3.3179665,0.71428573,2.1396742,41.032837,1
6bba_fc83837d,1336286,73,57.0,87.0,223.0,0.42608392,3.569401,0.9047619,2.5335438,68.11987,0
6bba_fc83837d,1336287,73,33.0,60.0,153.0,0.5448652,2.1439958,0.52380955,2.5434792,68.92444,0
6bba_fc83837d,1336288,73,30.0,93.0,126.0,0.45484644,2.7589748,0.47619048,2.5434792,68.92444,0
6bba_fc83837d,1336289,73,54.0,129.0,174.0,0.43507156,3.4374268,0.85714287,2.5434792,68.92444,0
6bba_fc83837d,1336290,73,19.0,7.0,145.0,0.51630074,2.4270425,0.3015873,2.5434792,68.92444,0
6bba_fc83837d,1336291,73,33.0,17.0,209.0,0.36872223,4.17797,0.52380955,2.5434792,68.92444,0
6bba_fc83837d,1336292,73,14.0,71.0,63.0,0.37877643,4.184743,0.22222222,2.5401762,68.65625,0
6bba_fc83837d,1336293,73,49.0,50.0,231.0,0.36092272,3.0678844,0.7777778,2.5434792,68.92444,0
6bba_fc83837d,1336294,73,8.0,42.0,50.0,0.35977626,4.3281746,0.12698413,2.5434792,68.92444,0
6bba_fc83837d,1336295,73,63.0,218.0,108.0,0.40652427,3.4730692,1.0,2.125597,40.22827,0
6bba_fc83837d,1336296,73,0.0,19.0,13.0,0.31165382,4.114205,0.0,2.1350024,40.76465,0
6bba_fc83837d,1336297,73,37.0,150.0,91.0,0.3861034,4.2866006,0.5873016,2.5401762,68.65625,0
6bba_fc83837d,1336298,73,26.0,117.0,54.0,0.43220192,2.5777519,0.41269842,2.5434792,68.92444,0
6bba_fc83837d,1336299,73,56.0,255.0,241.0,0.7587827,1.4632726,0.8888889,2.1350024,40.76465,2
6bba_fc83837d,1336300,73,28.0,142.0,47.0,0.39808923,2.7783575,0.44444445,2.5434792,68.92444,0
6bba_fc83837d,1336301,73,19.0,0.0,173.0,0.3673553,2.3416297,0.3015873,2.13031,40.49646,0
6bba_fc83837d,1336302,73,38.0,174.0,57.0,0.41146815,3.2927144,0.6031746,2.5434792,68.92444,0
6bba_fc83837d,1336303,73,15.0,98.0,33.0,0.36280224,2.7741246,0.23809524,2.5434792,68.92444,0
6bba_fc83837d,1336304,74,44.0,101.0,153.0,0.7280399,3.5250494,0.6984127,2.5434792,68.92444,0
6bba_fc83837d,1336305,74,10.0,7.0,113.0,0.51696426,4.231996,0.15873016,2.5434792,68.92444,0
6bba_fc83837d,1336306,74,16.0,36.0,123.0,0.50793844,3.1303067,0.25396827,2.5434792,68.92444,0
6bba_fc83837d,1336307,74,63.0,145.0,162.0,0.5605742,2.9144557,1.0,2.1396742,41.032837,0
6bba_fc83837d,1336308,74,63.0,161.0,137.0,0.597088,2.5558336,1.0,2.1396742,41.032837,0
6bba_fc83837d,1336309,74,50.0,255.0,229.0,0.8402544,2.7185836,0.7936508,2.1396742,41.032837,1
6bba_fc83837d,1336310,74,35.0,64.0,172.0,0.47448584,3.2056234,0.5555556,2.5434792,68.92444,0
6bba_fc83837d,1336311,74,47.0,71.0,189.0,0.49440312,2.5067217,0.74603176,2.5434792,68.92444,0
6bba_fc83837d,1336312,74,33.0,70.0,136.0,0.5340849,2.1533194,0.52380955,2.5434792,68.92444,0
6bba_fc83837d,1336313,74,35.0,39.0,198.0,0.3954558,3.6624749,0.5555556,2.5434792,68.92444,0
6bba_fc83837d,1336314,74,59.0,216.0,86.0,0.5132469,3.3949838,0.93650794,2.5434792,68.92444,0
6bba_fc83837d,1336315,74,45.0,255.0,250.0,0.79934055,3.3179665,0.71428573,2.1396742,41.032837,1
6bba_fc83837d,1336316,74,57.0,87.0,223.0,0.42608392,3.569401,0.9047619,2.5335438,68.11987,0
6bba_fc83837d,1336317,74,33.0,60.0,153.0,0.5448652,2.1439958,0.52380955,2.5434792,68.92444,0
6bba_fc83837d,1336318,74,30.0,93.0,126.0,0.45484644,2.7589748,0.47619048,2.5434792,68.92444,0
6bba_fc83837d,1336319,74,54.0,129.0,174.0,0.43507156,3.4374268,0.85714287,2.5434792,68.92444,0
6bba_fc83837d,1336320,74,19.0,7.0,145.0,0.51630074,2.4270425,0.3015873,2.5434792,68.92444,0
6bba_fc83837d,1336321,74,33.0,17.0,209.0,0.36872223,4.17797,0.52380955,2.5434792,68.92444,0
6bba_fc83837d,1336322,74,14.0,71.0,63.0,0.37877643,4.184743,0.22222222,2.5401762,68.65625,0
6bba_fc83837d,1336323,74,49.0,50.0,231.0,0.36092272,3.0678844,0.7777778,2.5434792,68.92444,0
6bba_fc83837d,1336324,74,8.0,42.0,50.0,0.35977626,4.3281746,0.12698413,2.5434792,68.92444,0
6bba_fc83837d,1336325,74,63.0,218.0,108.0,0.40652427,3.4730692,1.0,2.125597,40.22827,0
6bba_fc83837d,1336326,74,0.0,19.0,13.0,0.31165382,4.114205,0.0,2.1350024,40.76465,0
6bba_fc83837d,1336327,74,37.0,150.0,91.0,0.3861034,4.2866006,0.5873016,2.5401762,68.65625,0
6bba_fc83837d,1336328,74,26.0,117.0,54.0,0.43220192,2.5777519,0.41269842,2.5434792,68.92444,0
6bba_fc83837d,1336329,74,56.0,255.0,241.0,0.7587827,1.4632726,0.8888889,2.1350024,40.76465,2
6bba_fc83837d,1336330,74,28.0,142.0,47.0,0.39808923,2.7783575,0.44444445,2.5434792,68.92444,0
6bba_fc83837d,1336331,74,19.0,0.0,173.0,0.3673553,2.3416297,0.3015873,2.13031,40.49646,0
6bba_fc83837d,1336332,74,38.0,174.0,57.0,0.41146815,3.2927144,0.6031746,2.5434792,68.92444,0
6bba_fc83837d,1336333,74,15.0,98.0,33.0,0.36280224,2.7741246,0.23809524,2.5434792,68.92444,0
6bba_fc83837d,1336334,75,54.0,255.0,215.0,1.2912933,4.28166,0.85714287,2.1396742,41.032837,0
6bba_fc83837d,1336335,75,47.0,255.0,248.0,1.2579423,4.0316434,0.74603176,2.1396742,41.032837,0
6bba_fc83837d,1336336,75,43.0,101.0,145.0,0.7357803,3.0760343,0.6825397,2.5434792,68.92444,0
6bba_fc83837d,1336337,75,9.0,11.0,98.0,0.5292246,4.045153,0.14285715,2.5434792,68.92444,0
6bba_fc83837d,1336338,75,33.0,65.0,162.0,0.553627,2.6063426,0.52380955,2.5401762,68.65625,0
6bba_fc83837d,1336339,75,63.0,144.0,158.0,0.6127801,2.5890021,1.0,2.1396742,41.032837,0
6bba_fc83837d,1336340,76,54.0,255.0,217.0,1.3503152,4.554183,0.85714287,2.1396742,41.032837,0
6bba_fc83837d,1336341,76,48.0,255.0,250.0,1.3283439,4.2268114,0.7619048,2.1396742,41.032837,0
6bba_fc83837d,1336342,76,42.0,100.0,146.0,0.7507852,3.1828463,0.6666667,2.5434792,68.92444,0
6bba_fc83837d,1336343,76,9.0,13.0,96.0,0.48454002,3.9391525,0.14285715,2.5434792,68.92444,0
6bba_fc83837d,1336344,77,48.0,255.0,248.0,1.3461251,4.4650764,0.7619048,2.1396742,41.032837,0
6bba_fc83837d,1336345,77,54.0,255.0,216.0,1.3104984,3.9804616,0.85714287,2.1396742,41.032837,0
6bba_fc83837d,1336346,77,42.0,100.0,145.0,0.714383,3.01932,0.6666667,2.5434792,68.92444,0
6bba_fc83837d,1336347,77,10.0,15.0,95.0,0.5349986,4.3785977,0.15873016,2.5434792,68.92444,0
6bba_fc83837d,1336348,77,15.0,47.0,98.0,0.5249409,2.9125926,0.23809524,2.5434792,68.92444,1
6bba_fc83837d,1336349,77,14.0,48.0,90.0,0.5026091,2.6673002,0.22222222,2.5434792,68.92444,1
6bba_fc83837d,1336350,78,48.0,251.0,246.0,1.3521296,4.3551874,0.7619048,2.5434792,68.92444,0
6bba_fc83837d,1336351,78,42.0,100.0,144.0,0.76923984,3.3740594,0.6666667,2.5434792,68.92444,0
6bba_fc83837d,1336352,78,55.0,253.0,213.0,1.248294,3.0146174,0.8730159,2.4687274,63.024292,0
6bba_fc83837d,1336353,78,15.0,46.0,96.0,0.53333104,2.9317667,0.23809524,2.5434792,68.92444,1
6bba_fc83837d,1336354,78,14.0,48.0,89.0,0.5201848,2.7227633,0.22222222,2.5434792,68.92444,1
6bba_fc83837d,1336355,78,9.0,14.0,93.0,0.476883,4.0845203,0.14285715,2.5434792,68.92444,0
6bba_fc83837d,1336356,78,40.0,255.0,187.0,0.93780935,1.8222625,0.63492066,2.1350024,40.76465,0
6bba_fc83837d,1336357,79,49.0,246.0,246.0,1.3697714,3.443537,0.7777778,2.5434792,68.92444,0
6bba_fc83837d,1336358,79,42.0,102.0,142.0,0.7877988,3.2352529,0.6666667,2.5434792,68.92444,0
6bba_fc83837d,1336359,79,14.0,48.0,88.0,0.5612458,3.2992947,0.22222222,2.5434792,68.92444,0
6bba_fc83837d,1336360,79,59.0,255.0,255.0,1.1331633,1.2531829,0.93650794,1.7861332,23.868774,0
6bba_fc83837d,1336361,79,52.0,246.0,219.0,1.091735,2.1051958,0.82539684,2.5434792,68.92444,0
6bba_fc83837d,1336362,80,50.0,244.0,244.0,1.3398763,3.183755,0.7936508,2.5434792,68.92444,0
6bba_fc83837d,1336363,80,41.0,106.0,133.0,0.78483886,2.9268372,0.6507937,2.5434792,68.92444,0
6bba_fc83837d,1336364,80,53.0,243.0,214.0,1.1906233,2.6279986,0.84126985,2.5434792,68.92444,1
6bba_fc83837d,1336365,80,63.0,255.0,255.0,1.3140543,2.7574568,1.0,1.5121043,14.482178,0
6bba_fc83837d,1336366,80,14.0,48.0,83.0,0.5150674,3.3260639,0.22222222,2.5434792,68.92444,0
6bba_fc83837d,1336367,80,56.0,247.0,203.0,1.1376598,1.9535748,0.8888889,2.5201738,67.04712,1
6bba_fc83837d,1336368,80,31.0,65.0,133.0,0.63715255,2.3086655,0.4920635,2.5434792,68.92444,0
6bba_fc83837d,1336369,81,42.0,109.0,131.0,0.76400083,3.094777,0.6666667,2.5434792,68.92444,0
6bba_fc83837d,1336370,81,50.0,243.0,243.0,1.2971859,2.6710122,0.7936508,2.5434792,68.92444,0
6bba_fc83837d,1336371,81,52.0,241.0,212.0,1.1888444,2.2270072,0.82539684,2.5434792,68.92444,1
6bba_fc83837d,1336372,81,57.0,247.0,199.0,1.165123,2.0899038,0.9047619,2.5335438,68.11987,1
6bba_fc83837d,1336373,81,49.0,137.0,146.0,0.56588733,3.4395256,0.7777778,2.5434792,68.92444,0
6bba_fc83837d,1336374,81,56.0,246.0,203.0,1.1789606,2.033759,0.8888889,2.5235295,67.31531,2
6bba_fc83837d,1336375,81,31.0,68.0,129.0,0.6336784,2.2050846,0.4920635,2.5434792,68.92444,0
6bba_fc83837d,1336376,81,48.0,97.0,186.0,0.4635075,4.610016,0.7619048,2.5434792,68.92444,0
6bba_fc83837d,1336377,81,31.0,255.0,255.0,0.87300813,2.5486991,0.4920635,1.7927979,24.136963,0
6bba_fc83837d,1336378,81,14.0,48.0,83.0,0.47011885,3.1682093,0.22222222,2.5434792,68.92444,0
6bba_fc83837d,1336379,82,50.0,241.0,240.0,1.2673395,3.0547845,0.7936508,2.5434792,68.92444,0
6bba_fc83837d,1336380,82,41.0,110.0,130.0,0.76156193,3.1531281,0.6507937,2.5434792,68.92444,0
6bba_fc83837d,1336381,82,56.0,245.0,204.0,1.1698062,2.291488,0.8888889,2.5201738,67.04712,1
6bba_fc83837d,1336382,82,49.0,137.0,148.0,0.5340745,3.3804226,0.7777778,2.5434792,68.92444,1
6bba_fc83837d,1336383,82,53.0,241.0,211.0,1.1020532,1.8711278,0.84126985,2.5434792,68.92444,2
6bba_fc83837d,1336384,82,19.0,22.0,120.0,0.56567883,2.3277106,0.3015873,2.5434792,68.92444,0
6bba_fc83837d,1336385,82,41.0,243.0,211.0,1.0084144,1.4703423,0.6507937,2.5201738,67.04712,1
6bba_fc83837d,1336386,82,13.0,49.0,80.0,0.4720852,3.0757465,0.20634921,2.5434792,68.92444,0
6bba_fc83837d,1336387,82,51.0,255.0,246.0,1.2378442,2.3092413,0.8095238,2.1396742,41.032837,0
6bba_fc83837d,1336388,82,48.0,99.0,183.0,0.4548534,4.0642085,0.7619048,2.5434792,68.92444,0
6bba_fc83837d,1336389,82,31.0,68.0,137.0,0.5941738,1.82886,0.4920635,2.5434792,68.92444,1
6bba_fc83837d,1336390,82,30.0,68.0,129.0,0.61038774,1.9514267,0.47619048,2.5434792,68.92444,1
6bba_fc83837d,1336391,82,49.0,142.0,140.0,0.4952925,2.562604,0.7777778,2.5434792,68.92444,1
6bba_fc83837d,1336392,82,63.0,164.0,127.0,0.6506419,2.2375767,1.0,2.1396742,41.032837,0
6bba_fc83837d,1336393,83,48.0,234.0,237.0,1.1696603,2.8860514,0.7619048,2.5434792,68.92444,0
6bba_fc83837d,1336394,83,54.0,234.0,209.0,1.1415889,2.4934242,0.85714287,2.5434792,68.92444,1
6bba_fc83837d,1336395,83,17.0,25.0,111.0,0.61122155,2.3360329,0.26984128,2.5434792,68.92444,0
6bba_fc83837d,1336396,83,47.0,138.0,141.0,0.5208102,3.7137322,0.74603176,2.5434792,68.92444,0
6bba_fc83837d,1336397,83,44.0,115.0,125.0,0.6074173,2.3135483,0.6984127,2.5434792,68.92444,1
6bba_fc83837d,1336398,83,30.0,78.0,126.0,0.62958586,1.9192587,0.47619048,2.5434792,68.92444,0
6bba_fc83837d,1336399,83,63.0,148.0,153.0,0.65335554,2.1672275,1.0,2.1396742,41.032837,0
6bba_fc83837d,1336400,83,63.0,238.0,248.0,1.1830357,2.8800163,1.0,2.13031,40.49646,0
6bba_fc83837d,1336401,83,37.0,119.0,113.0,0.52661204,2.6034904,0.5873016,2.5434792,68.92444,1
6bba_fc83837d,1336402,83,46.0,100.0,175.0,0.447179,4.009268,0.73015875,2.5434792,68.92444,0
6bba_fc83837d,1336403,83,12.0,53.0,70.0,0.43562394,2.9770522,0.1904762,2.5434792,68.92444,0
6bba_fc83837d,1336404,83,63.0,165.0,123.0,0.6576097,2.357345,1.0,2.1396742,41.032837,0
6bba_fc83837d,1336405,83,42.0,236.0,207.0,0.9841822,1.3018172,0.6666667,2.5134354,66.51074,1
6bba_fc83837d,1336406,83,47.0,148.0,125.0,0.46010977,2.7767146,0.74603176,2.5401762,68.65625,0
6bba_fc83837d,1336407,83,57.0,141.0,171.0,0.47827613,2.8277988,0.9047619,2.5368643,68.38806,0
6bba_fc83837d,1336408,83,39.0,255.0,204.0,1.0733194,2.0931575,0.61904764,2.1350024,40.76465,0
6bba_fc83837d,1336409,83,14.0,0.0,148.0,0.41934523,4.4549284,0.22222222,2.1396742,41.032837,0
6bba_fc83837d,1336410,84,47.0,140.0,138.0,0.6167941,4.2743955,0.74603176,2.5434792,68.92444,0
6bba_fc83837d,1336411,84,54.0,229.0,209.0,1.1397964,2.5179422,0.85714287,2.5434792,68.92444,0
6bba_fc83837d,1336412,84,49.0,231.0,236.0,1.1618365,3.1990747,0.7777778,2.5434792,68.92444,0
6bba_fc83837d,1336413,84,44.0,115.0,125.0,0.6207164,2.4101062,0.6984127,2.5434792,68.92444,0
6bba_fc83837d,1336414,84,17.0,28.0,106.0,0.5998506,2.3943694,0.26984128,2.5434792,68.92444,0
6bba_fc83837d,1336415,84,63.0,255.0,235.0,1.2614992,2.4396539,1.0,1.7994134,24.405151,0
6bba_fc83837d,1336416,84,58.0,150.0,144.0,0.6930135,2.3408139,0.9206349,2.5401762,68.65625,0
6bba_fc83837d,1336417,84,47.0,255.0,133.0,0.8104634,2.6609309,0.74603176,2.1396742,41.032837,0
6bba_fc83837d,1336418,84,42.0,67.0,187.0,0.5073652,2.9331195,0.6666667,2.5434792,68.92444,0
6bba_fc83837d,1336419,84,27.0,76.0,106.0,0.58534956,2.1444535,0.42857143,2.5434792,68.92444,0
6bba_fc83837d,1336420,84,58.0,163.0,119.0,0.6458171,2.4665334,0.9206349,2.5434792,68.92444,0
6bba_fc83837d,1336421,84,58.0,142.0,174.0,0.4765703,3.642285,0.9206349,2.5434792,68.92444,0
6bba_fc83837d,1336422,84,30.0,81.0,124.0,0.57063645,1.8281704,0.47619048,2.5434792,68.92444,0
6bba_fc83837d,1336423,85,42.0,115.0,120.0,0.67658764,2.8668206,0.6666667,2.5434792,68.92444,0
6bba_fc83837d,1336424,85,16.0,255.0,240.0,0.8645541,2.2341719,0.25396827,2.1396742,41.032837,0
6bba_fc83837d,1336425,85,63.0,227.0,245.0,1.1356033,3.1769722,1.0,2.1396742,41.032837,0
6bba_fc83837d,1336426,85,58.0,147.0,145.0,0.68546414,2.4852924,0.9206349,2.5434792,68.92444,0
6bba_fc83837d,1336427,85,48.0,220.0,241.0,1.0085568,2.6584003,0.7619048,2.5434792,68.92444,0
6bba_fc83837d,1336428,85,41.0,67.0,186.0,0.51837826,2.9128094,0.6507937,2.5434792,68.92444,0
6bba_fc83837d,1336429,85,34.0,236.0,169.0,0.7948235,1.925568,0.53968257,2.5434792,68.92444,0
6bba_fc83837d,1336430,85,19.0,251.0,221.0,0.83700323,1.7571477,0.3015873,2.5434792,68.92444,0
6bba_fc83837d,1336431,85,52.0,249.0,247.0,1.2042141,2.254706,0.82539684,2.5066607,65.974365,0
6bba_fc83837d,1336432,85,63.0,252.0,227.0,1.2986901,3.7032084,1.0,2.1350024,40.76465,0
6bba_fc83837d,1336433,85,36.0,128.0,101.0,0.47706017,4.012955,0.5714286,2.5434792,68.92444,0
6bba_fc83837d,1336434,85,27.0,79.0,101.0,0.5601341,2.0510154,0.42857143,2.5434792,68.92444,1
6bba_fc83837d,1336435,85,27.0,77.0,109.0,0.60160506,2.1589289,0.42857143,2.5434792,68.92444,1
6bba_fc83837d,1336436,85,10.0,56.0,54.0,0.45539883,2.925683,0.15873016,2.5434792,68.92444,0
6bba_fc83837d,1336437,85,16.0,30.0,99.0,0.53024596,1.9737648,0.25396827,2.5434792,68.92444,0
6bba_fc83837d,1336438,85,40.0,255.0,164.0,0.95921457,1.7578479,0.63492066,2.1396742,41.032837,0
6bba_fc83837d,1336439,86,16.0,255.0,240.0,0.894281,2.523066,0.25396827,2.1396742,41.032837,0
6bba_fc83837d,1336440,86,48.0,218.0,240.0,1.0712166,3.090431,0.7619048,2.5434792,68.92444,0
6bba_fc83837d,1336441,86,20.0,249.0,222.0,0.8929162,2.176264,0.31746033,2.5434792,68.92444,0
6bba_fc83837d,1336442,86,42.0,116.0,118.0,0.6650466,2.651922,0.6666667,2.5434792,68.92444,0
6bba_fc83837d,1336443,86,63.0,248.0,226.0,1.333806,4.394221,1.0,2.1396742,41.032837,0
6bba_fc83837d,1336444,86,58.0,147.0,141.0,0.6955149,2.4124193,0.9206349,2.5434792,68.92444,0
6bba_fc83837d,1336445,86,41.0,67.0,184.0,0.53450185,3.0147014,0.6507937,2.5434792,68.92444,0
6bba_fc83837d,1336446,86,52.0,246.0,247.0,1.2120727,2.1628535,0.82539684,2.5032594,65.70618,0
6bba_fc83837d,1336447,86,34.0,234.0,169.0,0.77793914,1.8720531,0.53968257,2.5434792,68.92444,0
6bba_fc83837d,1336448,86,63.0,224.0,244.0,1.0522758,2.5297515,1.0,2.1396742,41.032837,0
6bba_fc83837d,1336449,86,16.0,31.0,96.0,0.5428641,2.217039,0.25396827,2.5434792,68.92444,0
6bba_fc83837d,1336450,86,27.0,77.0,108.0,0.5983081,2.3147914,0.42857143,2.5434792,68.92444,1
6bba_fc83837d,1336451,86,26.0,78.0,103.0,0.5747012,2.1502721,0.41269842,2.5434792,68.92444,1
6bba_fc83837d,1336452,86,56.0,219.0,205.0,1.0461714,2.2465734,0.8888889,2.5401762,68.65625,0
6bba_fc83837d,1336453,87,16.0,255.0,240.0,0.894281,2.523066,0.25396827,2.1396742,41.032837,0
6bba_fc83837d,1336454,87,48.0,218.0,240.0,1.0712166,3.090431,0.7619048,2.5434792,68.92444,0
6bba_fc83837d,1336455,87,20.0,249.0,222.0,0.8929162,2.176264,0.31746033,2.5434792,68.92444,0
6bba_fc83837d,1336456,87,42.0,116.0,118.0,0.6650466,2.651922,0.6666667,2.5434792,68.92444,0
6bba_fc83837d,1336457,87,63.0,248.0,226.0,1.333806,4.394221,1.0,2.1396742,41.032837,0
6bba_fc83837d,1336458,87,58.0,147.0,141.0,0.6955149,2.4124193,0.9206349,2.5434792,68.92444,0
6bba_fc83837d,1336459,87,41.0,67.0,184.0,0.53450185,3.0147014,0.6507937,2.5434792,68.92444,0
6bba_fc83837d,1336460,87,52.0,246.0,247.0,1.2120727,2.1628535,0.82539684,2.5032594,65.70618,0
6bba_fc83837d,1336461,87,34.0,234.0,169.0,0.77793914,1.8720531,0.53968257,2.5434792,68.92444,0
6bba_fc83837d,1336462,87,63.0,224.0,244.0,1.0522758,2.5297515,1.0,2.1396742,41.032837,0
6bba_fc83837d,1336463,87,16.0,31.0,96.0,0.5428641,2.217039,0.25396827,2.5434792,68.92444,0
6bba_fc83837d,1336464,87,27.0,77.0,108.0,0.5983081,2.3147914,0.42857143,2.5434792,68.92444,1
6bba_fc83837d,1336465,87,26.0,78.0,103.0,0.5747012,2.1502721,0.41269842,2.5434792,68.92444,1
6bba_fc83837d,1336466,87,56.0,219.0,205.0,1.0461714,2.2465734,0.8888889,2.5401762,68.65625,0
6bba_fc83837d,1336467,88,13.0,255.0,234.0,0.9800128,2.2445629,0.20634921,2.1396742,41.032837,0
6bba_fc83837d,1336468,88,63.0,239.0,223.0,1.3768148,4.7266593,1.0,2.1396742,41.032837,0
6bba_fc83837d,1336469,88,41.0,113.0,113.0,0.68291414,2.5445898,0.6507937,2.5434792,68.92444,0
6bba_fc83837d,1336470,88,20.0,242.0,205.0,0.79001534,1.744444,0.31746033,2.5401762,68.65625,0
6bba_fc83837d,1336471,88,34.0,226.0,168.0,0.8255767,2.4152722,0.53968257,2.5434792,68.92444,0
6bba_fc83837d,1336472,88,56.0,209.0,202.0,1.0305446,2.6133013,0.8888889,2.5434792,68.92444,1
6bba_fc83837d,1336473,88,39.0,69.0,175.0,0.5250486,2.687948,0.61904764,2.5434792,68.92444,0
6bba_fc83837d,1336474,88,43.0,211.0,204.0,0.859877,1.5402383,0.6825397,2.5134354,66.51074,1
6bba_fc83837d,1336475,88,17.0,27.0,97.0,0.53190315,1.9347024,0.26984128,2.5434792,68.92444,0
6bba_fc83837d,1336476,89,19.0,241.0,204.0,0.80859154,2.1382058,0.3015873,2.5368643,68.38806,0
6bba_fc83837d,1336477,89,40.0,115.0,107.0,0.69828033,2.6874728,0.63492066,2.5434792,68.92444,0
6bba_fc83837d,1336478,89,63.0,235.0,221.0,1.3372784,3.3720274,1.0,2.1396742,41.032837,0
6bba_fc83837d,1336479,89,13.0,250.0,235.0,0.9166655,2.0242107,0.20634921,2.5434792,68.92444,0
6bba_fc83837d,1336480,89,33.0,216.0,235.0,0.9146574,2.1021473,0.52380955,2.5434792,68.92444,0
6bba_fc83837d,1336481,89,34.0,224.0,167.0,0.79500765,2.273835,0.53968257,2.5434792,68.92444,0
6bba_fc83837d,1336482,89,43.0,209.0,202.0,0.86258686,1.6752571,0.6825397,2.5268764,67.583496,1
6bba_fc83837d,1336483,89,57.0,206.0,202.0,1.016933,2.6369753,0.9047619,2.5434792,68.92444,1
6bba_fc83837d,1336484,89,17.0,31.0,93.0,0.532122,2.01533,0.26984128,2.5434792,68.92444,0
6bba_fc83837d,1336485,89,40.0,228.0,197.0,1.0384728,2.2640533,0.63492066,2.5434792,68.92444,0
6bba_fc83837d,1336486,89,49.0,205.0,232.0,0.9332651,2.9706109,0.7777778,2.5434792,68.92444,0
6bba_fc83837d,1336487,89,39.0,70.0,173.0,0.5130107,2.6399934,0.61904764,2.5434792,68.92444,0
6bba_fc83837d,1336488,90,19.0,237.0,199.0,0.8146296,2.3213615,0.3015873,2.5368643,68.38806,0
6bba_fc83837d,1336489,90,40.0,116.0,105.0,0.67595196,2.7758272,0.63492066,2.5434792,68.92444,0
6bba_fc83837d,1336490,90,33.0,212.0,231.0,0.93292797,2.132197,0.52380955,2.5434792,68.92444,0
6bba_fc83837d,1336491,90,14.0,241.0,236.0,0.8822957,1.7671423,0.22222222,2.5434792,68.92444,1
6bba_fc83837d,1336492,90,63.0,231.0,218.0,1.300887,3.6762962,1.0,2.1396742,41.032837,0
6bba_fc83837d,1336493,90,32.0,255.0,205.0,1.089636,2.7808483,0.50793654,2.1396742,41.032837,0
6bba_fc83837d,1336494,90,63.0,204.0,233.0,1.0352824,3.769017,1.0,2.1396742,41.032837,0
6bba_fc83837d,1336495,90,54.0,232.0,125.0,0.85352975,2.843111,0.85714287,2.5434792,68.92444,0
6bba_fc83837d,1336496,90,59.0,219.0,238.0,1.1309582,2.6301703,0.93650794,2.499849,65.43799,0
6bba_fc83837d,1336497,90,20.0,233.0,228.0,0.74180794,1.2267334,0.31746033,2.5201738,67.04712,1
6bba_fc83837d,1336498,90,26.0,255.0,226.0,1.0227007,3.6408274,0.41269842,2.1396742,41.032837,0
6bba_fc83837d,1336499,90,57.0,203.0,194.0,0.9578898,2.4057965,0.9047619,2.5434792,68.92444,0
6bba_fc83837d,1336500,90,16.0,32.0,87.0,0.5087966,1.9043268,0.25396827,2.5434792,68.92444,0
6bba_fc83837d,1336501,90,63.0,230.0,255.0,1.0087717,2.3160024,1.0,1.7861332,23.868774,0
6bba_fc83837d,1336502,90,39.0,246.0,191.0,1.0649284,2.1283138,0.61904764,2.5434792,68.92444,0
6bba_fc83837d,1336503,90,56.0,168.0,97.0,0.6177008,2.213725,0.8888889,2.5434792,68.92444,0
6bba_fc83837d,1336504,90,47.0,241.0,255.0,1.1673727,2.579866,0.74603176,2.1396742,41.032837,0
6bba_fc83837d,1336505,90,57.0,152.0,128.0,0.6165995,2.1661644,0.9047619,2.5434792,68.92444,0
6bba_fc83837d,1336506,91,33.0,210.0,230.0,0.9130559,2.1637347,0.52380955,2.5434792,68.92444,0
6bba_fc83837d,1336507,91,63.0,230.0,216.0,1.2674428,3.8768325,1.0,2.1396742,41.032837,0
6bba_fc83837d,1336508,91,14.0,240.0,237.0,0.85754937,1.6803735,0.22222222,2.5434792,68.92444,0
6bba_fc83837d,1336509,91,40.0,118.0,106.0,0.62529874,2.4570553,0.63492066,2.5434792,68.92444,0
6bba_fc83837d,1336510,91,26.0,255.0,226.0,1.0569037,4.426275,0.41269842,2.1396742,41.032837,0
6bba_fc83837d,1336511,91,38.0,73.0,166.0,0.50777864,2.6974714,0.6031746,2.5434792,68.92444,0
6bba_fc83837d,1336512,91,57.0,154.0,127.0,0.62809545,2.2479227,0.9047619,2.5434792,68.92444,1
6bba_fc83837d,1336513,91,57.0,159.0,121.0,0.64888126,2.3318348,0.9047619,2.5434792,68.92444,1
6bba_fc83837d,1336514,91,56.0,167.0,97.0,0.6066182,2.2927406,0.8888889,2.5434792,68.92444,0
6bba_fc83837d,1336515,92,33.0,210.0,230.0,0.9130559,2.1637347,0.52380955,2.5434792,68.92444,0
6bba_fc83837d,1336516,92,63.0,230.0,216.0,1.2674428,3.8768325,1.0,2.1396742,41.032837,0
6bba_fc83837d,1336517,92,14.0,240.0,237.0,0.85754937,1.6803735,0.22222222,2.5434792,68.92444,0
6bba_fc83837d,1336518,92,40.0,118.0,106.0,0.62529874,2.4570553,0.63492066,2.5434792,68.92444,0
6bba_fc83837d,1336519,92,26.0,255.0,226.0,1.0569037,4.426275,0.41269842,2.1396742,41.032837,0
6bba_fc83837d,1336520,92,38.0,73.0,166.0,0.50777864,2.6974714,0.6031746,2.5434792,68.92444,0
6bba_fc83837d,1336521,92,57.0,154.0,127.0,0.62809545,2.2479227,0.9047619,2.5434792,68.92444,1
6bba_fc83837d,1336522,92,57.0,159.0,121.0,0.64888126,2.3318348,0.9047619,2.5434792,68.92444,1
6bba_fc83837d,1336523,92,56.0,167.0,97.0,0.6066182,2.2927406,0.8888889,2.5434792,68.92444,0
6bba_fc83837d,1336524,93,33.0,210.0,230.0,0.9130559,2.1637347,0.52380955,2.5434792,68.92444,0
6bba_fc83837d,1336525,93,63.0,230.0,216.0,1.2674428,3.8768325,1.0,2.1396742,41.032837,0
6bba_fc83837d,1336526,93,14.0,240.0,237.0,0.85754937,1.6803735,0.22222222,2.5434792,68.92444,0
6bba_fc83837d,1336527,93,40.0,118.0,106.0,0.62529874,2.4570553,0.63492066,2.5434792,68.92444,0
6bba_fc83837d,1336528,93,26.0,255.0,226.0,1.0569037,4.426275,0.41269842,2.1396742,41.032837,0
6bba_fc83837d,1336529,93,38.0,73.0,166.0,0.50777864,2.6974714,0.6031746,2.5434792,68.92444,0
6bba_fc83837d,1336530,93,57.0,154.0,127.0,0.62809545,2.2479227,0.9047619,2.5434792,68.92444,1
6bba_fc83837d,1336531,93,57.0,159.0,121.0,0.64888126,2.3318348,0.9047619,2.5434792,68.92444,1
6bba_fc83837d,1336532,93,56.0,167.0,97.0,0.6066182,2.2927406,0.8888889,2.5434792,68.92444,0
6bba_fc83837d,1336533,94,24.0,218.0,222.0,0.77882504,2.5727456,0.3809524,2.5434792,68.92444,0
6bba_fc83837d,1336534,94,36.0,243.0,214.0,1.0886221,2.6041858,0.5714286,2.5434792,68.92444,0
6bba_fc83837d,1336535,94,38.0,118.0,98.0,0.61267024,2.2424304,0.6031746,2.5434792,68.92444,0
6bba_fc83837d,1336536,94,56.0,156.0,121.0,0.64369446,2.9180288,0.8888889,2.5434792,68.92444,0
6bba_fc83837d,1336537,94,55.0,217.0,158.0,0.9261986,3.3964822,0.8730159,2.5434792,68.92444,0
6bba_fc83837d,1336538,94,17.0,238.0,221.0,0.8175862,1.8379467,0.26984128,2.5434792,68.92444,0
6bba_fc83837d,1336539,94,35.0,210.0,208.0,0.87200177,2.058015,0.5555556,2.5434792,68.92444,0
6bba_fc83837d,1336540,94,55.0,212.0,202.0,1.124986,2.5339153,0.8730159,2.5434792,68.92444,0
6bba_fc83837d,1336541,94,56.0,213.0,178.0,1.0051243,2.949933,0.8888889,2.5434792,68.92444,0
6bba_fc83837d,1336542,94,36.0,242.0,177.0,0.9280121,2.433724,0.5714286,2.5201738,67.04712,1
6bba_fc83837d,1336543,94,50.0,233.0,234.0,1.1496873,3.6770937,0.7936508,2.5434792,68.92444,0
6bba_fc83837d,1336544,94,63.0,192.0,189.0,0.87906164,3.5172918,1.0,2.1396742,41.032837,0
6bba_fc83837d,1336545,94,40.0,250.0,170.0,0.97420096,2.6310754,0.63492066,2.5434792,68.92444,1
6bba_fc83837d,1336546,94,63.0,190.0,255.0,0.86104786,2.68834,1.0,1.7927979,24.136963,0
6bba_fc83837d,1336547,94,36.0,75.0,160.0,0.4735235,2.858521,0.5714286,2.5434792,68.92444,0
6bba_fc83837d,1336548,94,63.0,204.0,233.0,1.0607785,2.3622751,1.0,2.13031,40.49646,1
6bba_fc83837d,1336549,94,53.0,223.0,120.0,0.742878,3.0904016,0.84126985,2.5434792,68.92444,0
6bba_fc83837d,1336550,94,63.0,85.0,227.0,0.44794,3.3217463,1.0,2.1396742,41.032837,0
6bba_fc83837d,1336551,94,38.0,106.0,143.0,0.42561495,3.7742057,0.6031746,2.5434792,68.92444,0
6bba_fc83837d,1336552,94,49.0,187.0,224.0,0.81194067,1.7773923,0.7777778,2.5235295,67.31531,0
6bba_fc83837d,1336553,94,15.0,255.0,201.0,0.7033788,1.6156934,0.23809524,2.1396742,41.032837,0
6bba_fc83837d,1336554,94,23.0,251.0,178.0,0.7878023,2.7480602,0.36507937,2.5434792,68.92444,0
6bba_fc83837d,1336555,94,24.0,75.0,106.0,0.49266607,2.4868016,0.3809524,2.5434792,68.92444,0
6bba_fc83837d,1336556,94,57.0,215.0,234.0,1.0693165,2.5224504,0.9047619,2.5368643,68.38806,1
6bba_fc83837d,1336557,94,52.0,186.0,176.0,0.6698409,1.9489087,0.82539684,2.5401762,68.65625,0
6bba_fc83837d,1336558,94,37.0,86.0,140.0,0.4454732,2.5970285,0.5873016,2.5434792,68.92444,0
6bba_fc83837d,1336559,94,33.0,208.0,233.0,0.838372,1.5878625,0.52380955,2.5434792,68.92444,0
6bba_fc83837d,1336560,95,63.0,209.0,200.0,1.1682016,2.7552643,1.0,2.1396742,41.032837,0
6bba_fc83837d,1336561,95,36.0,239.0,176.0,0.90803224,2.792026,0.5714286,2.5434792,68.92444,0
6bba_fc83837d,1336562,95,37.0,116.0,93.0,0.6151299,2.179512,0.5873016,2.5434792,68.92444,0
6bba_fc83837d,1336563,95,63.0,215.0,230.0,1.1635271,2.6706924,1.0,2.1396742,41.032837,1
6bba_fc83837d,1336564,95,56.0,155.0,119.0,0.60645497,2.914093,0.8888889,2.5434792,68.92444,0
6bba_fc83837d,1336565,95,36.0,210.0,208.0,0.8550827,2.0677853,0.5714286,2.5434792,68.92444,0
6bba_fc83837d,1336566,95,63.0,83.0,227.0,0.48472226,3.1733131,1.0,2.1396742,41.032837,0
6bba_fc83837d,1336567,95,63.0,203.0,234.0,1.0890814,2.075173,1.0,2.13031,40.49646,1
6bba_fc83837d,1336568,95,55.0,217.0,157.0,0.89542454,2.669294,0.8730159,2.5434792,68.92444,0
6bba_fc83837d,1336569,95,24.0,218.0,223.0,0.72338104,2.3066125,0.3809524,2.5368643,68.38806,0
6bba_fc83837d,1336570,95,57.0,213.0,177.0,0.964838,3.13828,0.9047619,2.5434792,68.92444,0
6bba_fc83837d,1336571,95,17.0,235.0,255.0,0.7631244,1.6126353,0.26984128,2.1396742,41.032837,0
6bba_fc83837d,1336572,95,37.0,242.0,216.0,1.0370275,2.3179421,0.5873016,2.5434792,68.92444,0
6bba_fc83837d,1336573,95,38.0,106.0,143.0,0.4263688,3.8977926,0.6031746,2.5434792,68.92444,0
6bba_fc83837d,1336574,95,36.0,86.0,138.0,0.4489126,2.7094004,0.5714286,2.5434792,68.92444,0
6bba_fc83837d,1336575,95,50.0,231.0,235.0,1.108265,3.2195444,0.7936508,2.5434792,68.92444,0
6bba_fc83837d,1336576,96,35.0,235.0,174.0,1.0163703,4.318944,0.5555556,2.5434792,68.92444,0
6bba_fc83837d,1336577,96,63.0,212.0,229.0,1.1966445,2.8256197,1.0,2.1396742,41.032837,1
6bba_fc83837d,1336578,96,63.0,90.0,223.0,0.5304155,3.0380707,1.0,2.1396742,41.032837,0
6bba_fc83837d,1336579,96,56.0,215.0,157.0,0.9536583,3.1215649,0.8888889,2.5434792,68.92444,0
6bba_fc83837d,1336580,96,32.0,115.0,83.0,0.61382365,2.288845,0.50793654,2.5434792,68.92444,1
6bba_fc83837d,1336581,96,37.0,120.0,93.0,0.6039015,2.1070232,0.5873016,2.5434792,68.92444,1
6bba_fc83837d,1336582,96,54.0,155.0,115.0,0.57093525,3.067689,0.85714287,2.5434792,68.92444,0
6bba_fc83837d,1336583,96,63.0,208.0,200.0,1.1569327,2.7877874,1.0,2.1396742,41.032837,0
6bba_fc83837d,1336584,96,56.0,183.0,212.0,0.9285714,2.510055,0.8888889,2.5434792,68.92444,1
6bba_fc83837d,1336585,96,35.0,237.0,222.0,1.0314271,2.6959717,0.5555556,2.5434792,68.92444,0
6bba_fc83837d,1336586,96,63.0,189.0,187.0,0.85173905,2.8566363,1.0,2.1396742,41.032837,0
6bba_fc83837d,1336587,96,63.0,205.0,144.0,0.8078899,2.5717509,1.0,2.1396742,41.032837,0
6bba_fc83837d,1336588,96,38.0,206.0,211.0,0.84369445,2.0226214,0.6031746,2.5434792,68.92444,0
6bba_fc83837d,1336589,96,51.0,183.0,174.0,0.6477696,1.7652881,0.8095238,2.5302145,67.851685,0
6bba_fc83837d,1336590,96,18.0,68.0,74.0,0.5026612,2.4499002,0.2857143,2.5434792,68.92444,0
6bba_fc83837d,1336591,96,63.0,201.0,235.0,1.0190184,1.1986629,1.0,2.0623262,36.74182,1
6bba_fc83837d,1336592,96,50.0,183.0,218.0,0.8474986,1.6870288,0.7936508,2.5434792,68.92444,1
6bba_fc83837d,1336593,96,18.0,230.0,255.0,0.71439654,1.6214336,0.2857143,2.1396742,41.032837,0
6bba_fc83837d,1336594,96,41.0,196.0,242.0,0.8388549,1.6391429,0.6507937,2.5434792,68.92444,0
6bba_fc83837d,1336595,97,63.0,212.0,227.0,1.2668301,3.6563213,1.0,2.1396742,41.032837,0
6bba_fc83837d,1336596,97,34.0,229.0,178.0,0.9977695,2.6385827,0.53968257,2.5302145,67.851685,0
6bba_fc83837d,1336597,97,31.0,115.0,78.0,0.6462444,2.5767016,0.4920635,2.5434792,68.92444,1
6bba_fc83837d,1336598,97,63.0,91.0,220.0,0.58222455,2.8846145,1.0,2.1396742,41.032837,0
6bba_fc83837d,1336599,97,36.0,119.0,91.0,0.61683923,2.201846,0.5714286,2.5434792,68.92444,1
6bba_fc83837d,1336600,97,30.0,245.0,121.0,0.71901405,3.1406608,0.47619048,2.5434792,68.92444,0
6bba_fc83837d,1336601,97,56.0,182.0,210.0,0.9464042,2.2895958,0.8888889,2.5434792,68.92444,0
6bba_fc83837d,1336602,97,35.0,227.0,199.0,0.93755907,2.5530102,0.5555556,2.5434792,68.92444,0
6bba_fc83837d,1336603,97,39.0,206.0,209.0,0.89124864,2.1735642,0.61904764,2.5434792,68.92444,0
6bba_fc83837d,1336604,97,63.0,204.0,144.0,0.8275035,2.878679,1.0,2.1396742,41.032837,0
6bba_fc83837d,1336605,97,54.0,156.0,108.0,0.55366874,3.137722,0.85714287,2.5434792,68.92444,0
6bba_fc83837d,1336606,97,57.0,213.0,155.0,0.91063094,3.119821,0.9047619,2.5434792,68.92444,0
6bba_fc83837d,1336607,97,63.0,187.0,188.0,0.85577154,3.081386,1.0,2.1396742,41.032837,0
6bba_fc83837d,1336608,97,29.0,245.0,176.0,0.87408626,2.3532772,0.46031746,2.5434792,68.92444,0
6bba_fc83837d,1336609,97,56.0,218.0,120.0,0.76705116,3.5235212,0.8888889,2.5434792,68.92444,0
6bba_fc83837d,1336610,97,17.0,68.0,69.0,0.5093107,2.4486828,0.26984128,2.5434792,68.92444,0
6bba_fc83837d,1336611,97,11.0,255.0,245.0,0.78081226,1.6618707,0.17460318,2.1396742,41.032837,0
6bba_fc83837d,1336612,97,6.0,67.0,0.0,0.47886318,3.450145,0.0952381,2.1396742,41.032837,0
6bba_fc83837d,1336613,98,63.0,209.0,227.0,1.2120798,3.7462695,1.0,2.1396742,41.032837,0
6bba_fc83837d,1336614,98,63.0,89.0,221.0,0.58140755,2.8037896,1.0,2.1396742,41.032837,0
6bba_fc83837d,1336615,98,34.0,227.0,178.0,0.90958863,2.3615026,0.53968257,2.5335438,68.11987,0
6bba_fc83837d,1336616,98,56.0,179.0,208.0,0.9433192,2.3963168,0.8888889,2.5434792,68.92444,0
6bba_fc83837d,1336617,98,30.0,113.0,76.0,0.60169536,2.6409607,0.47619048,2.5434792,68.92444,0
6bba_fc83837d,1336618,98,53.0,155.0,108.0,0.5444866,3.3975837,0.84126985,2.5434792,68.92444,0
6bba_fc83837d,1336619,98,30.0,243.0,120.0,0.66522026,3.1370416,0.47619048,2.5434792,68.92444,0
6bba_fc83837d,1336620,98,36.0,116.0,90.0,0.55891466,2.1226463,0.5714286,2.5434792,68.92444,0
6bba_fc83837d,1336621,98,34.0,225.0,198.0,0.846505,2.7648773,0.53968257,2.5434792,68.92444,0
6bba_fc83837d,1336622,98,6.0,66.0,0.0,0.44286302,5.6863337,0.0952381,2.1396742,41.032837,0
6bba_fc83837d,1336623,98,17.0,67.0,66.0,0.50930727,2.5170057,0.26984128,2.5434792,68.92444,0
6bba_fc83837d,1336624,98,40.0,191.0,238.0,0.76162803,1.8462338,0.63492066,2.5368643,68.38806,0
6bba_fc83837d,1336625,98,63.0,206.0,252.0,1.0074718,2.4369464,1.0,2.1065323,39.155518,0
6bba_fc83837d,1336626,98,63.0,213.0,175.0,0.9914157,3.388929,1.0,2.1396742,41.032837,0
6bba_fc83837d,1336627,98,15.0,239.0,235.0,0.7304648,1.5235401,0.23809524,2.5434792,68.92444,0
6bba_fc83837d,1336628,99,29.0,113.0,74.0,0.6416169,2.8259454,0.46031746,2.5434792,68.92444,1
6bba_fc83837d,1336629,99,63.0,92.0,219.0,0.5973798,2.6089096,1.0,2.1396742,41.032837,0
6bba_fc83837d,1336630,99,56.0,174.0,209.0,0.90925515,2.3013175,0.8888889,2.5434792,68.92444,1
6bba_fc83837d,1336631,99,25.0,251.0,248.0,1.0974188,4.4620743,0.3968254,2.5401762,68.65625,0
6bba_fc83837d,1336632,99,31.0,240.0,122.0,0.6760596,3.265273,0.4920635,2.5434792,68.92444,0
6bba_fc83837d,1336633,99,61.0,204.0,232.0,1.1034119,2.9536123,0.96825397,2.4687274,63.024292,0
6bba_fc83837d,1336634,99,20.0,223.0,226.0,0.72434336,1.9292922,0.31746033,2.5434792,68.92444,0
6bba_fc83837d,1336635,99,63.0,192.0,219.0,1.0844595,3.131011,1.0,2.1396742,41.032837,0
6bba_fc83837d,1336636,99,37.0,219.0,181.0,0.853634,1.7369432,0.5873016,2.5434792,68.92444,0
6bba_fc83837d,1336637,99,62.0,209.0,175.0,1.0084821,2.9302237,0.984127,2.3316977,53.10132,0
6bba_fc83837d,1336638,99,52.0,152.0,107.0,0.46913216,3.2534747,0.82539684,2.5434792,68.92444,0
6bba_fc83837d,1336639,99,35.0,116.0,87.0,0.5301869,1.8554846,0.5555556,2.5434792,68.92444,1
6bba_fc83837d,1336640,99,17.0,68.0,63.0,0.47859922,2.2705317,0.26984128,2.5434792,68.92444,1
6bba_fc83837d,1336641,99,18.0,68.0,71.0,0.511284,2.2029085,0.2857143,2.5434792,68.92444,1
6bba_fc83837d,1336642,99,63.0,175.0,215.0,0.9303746,1.7588952,1.0,2.1396742,41.032837,1
6bba_fc83837d,1336643,99,63.0,176.0,191.0,0.7731209,2.8831246,1.0,2.1396742,41.032837,0
