dataset,node_id,t,z,y,x,mean_intensity,snr,z_depth_ratio,estimated_radius_um,volume_um3,local_density_r15
44b6_996155de,918604,0,16.0,189.0,146.0,1.4815726,3.2217658,0.25396827,2.5434792,68.92444,0
44b6_996155de,918605,0,2.0,123.0,15.0,1.2067897,3.132217,0.031746034,2.4687274,63.024292,0
44b6_996155de,918606,0,15.0,50.0,15.0,1.1777011,2.5971894,0.23809524,2.5434792,68.92444,1
44b6_996155de,918607,0,7.0,48.0,23.0,1.1320314,2.295376,0.11111111,2.5434792,68.92444,1
44b6_996155de,918608,0,16.0,107.0,6.0,1.1368695,2.461805,0.25396827,2.5401762,68.65625,0
44b6_996155de,918609,0,17.0,77.0,13.0,1.1136285,2.2438874,0.26984128,2.5434792,68.92444,1
44b6_996155de,918610,0,17.0,90.0,14.0,1.1055771,2.08231,0.26984128,2.5434792,68.92444,1
44b6_996155de,918611,0,3.0,73.0,20.0,1.0237691,3.420059,0.04761905,2.5401762,68.65625,0
44b6_996155de,918612,0,3.0,24.0,53.0,0.75268525,2.4014304,0.04761905,2.5401762,68.65625,0
44b6_996155de,918613,0,15.0,15.0,33.0,0.69240147,4.00761,0.23809524,2.5434792,68.92444,0
44b6_996155de,918614,0,22.0,74.0,38.0,0.6815285,3.3277202,0.34920636,2.5434792,68.92444,0
44b6_996155de,918615,0,35.0,234.0,72.0,0.64018065,3.1547253,0.5555556,2.5434792,68.92444,0
44b6_996155de,918616,0,5.0,103.0,82.0,0.6205467,2.1409738,0.07936508,2.5434792,68.92444,0
44b6_996155de,918617,0,18.0,92.0,57.0,0.58847123,3.584503,0.2857143,2.5434792,68.92444,0
44b6_996155de,918618,0,5.0,58.0,63.0,0.5718621,2.328652,0.07936508,2.5434792,68.92444,0
44b6_996155de,918619,0,20.0,228.0,179.0,0.5249565,5.694751,0.31746033,2.5335438,68.11987,0
44b6_996155de,918620,0,48.0,226.0,65.0,0.502643,3.1268666,0.7619048,2.5434792,68.92444,0
44b6_996155de,918621,0,52.0,207.0,48.0,0.49368134,5.490109,0.82539684,2.5434792,68.92444,0
44b6_996155de,918622,0,16.0,245.0,61.0,0.48348626,2.7497532,0.25396827,2.5434792,68.92444,0
44b6_996155de,918623,0,24.0,156.0,108.0,0.48505494,3.6025822,0.3809524,2.5401762,68.65625,0
44b6_996155de,918624,0,22.0,181.0,127.0,0.47598562,1.3490087,0.34920636,2.499849,65.43799,1
44b6_996155de,918625,0,32.0,177.0,124.0,0.47752735,2.577411,0.50793654,2.5434792,68.92444,1
44b6_996155de,918626,0,61.0,168.0,15.0,0.43001202,5.319252,0.96825397,2.4687274,63.024292,0
44b6_996155de,918627,0,41.0,88.0,5.0,0.4217948,4.7328005,0.6507937,2.5434792,68.92444,0
44b6_996155de,918628,0,22.0,197.0,18.0,0.41072854,4.6145077,0.34920636,2.5434792,68.92444,0
44b6_996155de,918629,0,34.0,237.0,51.0,0.4059516,2.1778433,0.53968257,2.5434792,68.92444,0
44b6_996155de,918630,0,26.0,128.0,83.0,0.40258667,3.4620514,0.41269842,2.5434792,68.92444,0
44b6_996155de,918631,0,48.0,227.0,160.0,0.4025769,3.5727952,0.7619048,2.5434792,68.92444,0
44b6_996155de,918632,0,52.0,248.0,166.0,0.3961383,4.339883,0.82539684,2.5434792,68.92444,0
44b6_996155de,918633,0,32.0,211.0,48.0,0.38592613,4.877969,0.50793654,2.5434792,68.92444,0
44b6_996155de,918634,0,42.0,97.0,20.0,0.36027706,3.3194635,0.6666667,2.5434792,68.92444,0
44b6_996155de,918635,0,44.0,139.0,77.0,0.3372317,4.7159677,0.6984127,2.5434792,68.92444,0
44b6_996155de,918636,0,34.0,95.0,34.0,0.3314074,1.4524,0.53968257,2.5401762,68.65625,0
44b6_996155de,918637,0,32.0,231.0,27.0,0.3260358,3.635256,0.50793654,2.5434792,68.92444,0
44b6_996155de,918638,0,46.0,218.0,18.0,0.32372317,3.9671102,0.73015875,2.5434792,68.92444,0
44b6_996155de,918639,0,60.0,129.0,35.0,0.30865517,2.4967833,0.95238096,2.5401762,68.65625,0
44b6_996155de,918640,1,16.0,187.0,145.0,1.4420209,3.1180053,0.25396827,2.5434792,68.92444,0
44b6_996155de,918641,1,2.0,245.0,181.0,1.2787904,2.484782,0.031746034,2.4687274,63.024292,0
44b6_996155de,918642,1,16.0,107.0,7.0,1.2552505,3.057539,0.25396827,2.5434792,68.92444,0
44b6_996155de,918643,1,17.0,90.0,15.0,1.1330544,1.9643984,0.26984128,2.5434792,68.92444,1
44b6_996155de,918644,1,15.0,47.0,16.0,1.1106355,2.6609209,0.23809524,2.5434792,68.92444,1
44b6_996155de,918645,1,19.0,79.0,11.0,1.0904266,1.7102007,0.3015873,2.5434792,68.92444,1
44b6_996155de,918646,1,8.0,47.0,25.0,1.0904094,2.386515,0.12698413,2.5434792,68.92444,1
44b6_996155de,918647,1,2.0,74.0,22.0,0.94890136,3.1158102,0.031746034,2.4687274,63.024292,0
44b6_996155de,918648,1,15.0,14.0,33.0,0.7058806,3.9416342,0.23809524,2.5434792,68.92444,0
44b6_996155de,918649,1,2.0,23.0,55.0,0.69416034,2.4202764,0.031746034,2.4687274,63.024292,0
44b6_996155de,918650,1,23.0,74.0,38.0,0.67881215,2.9783309,0.36507937,2.5434792,68.92444,0
44b6_996155de,918651,1,20.0,231.0,183.0,0.65740645,5.798919,0.31746033,2.5335438,68.11987,0
44b6_996155de,918652,1,34.0,234.0,73.0,0.6581063,3.8534894,0.53968257,2.5434792,68.92444,0
44b6_996155de,918653,1,19.0,91.0,56.0,0.6252209,3.4847984,0.3015873,2.5434792,68.92444,0
44b6_996155de,918654,1,27.0,33.0,3.0,0.595315,1.3878362,0.42857143,2.5401762,68.65625,0
44b6_996155de,918655,1,48.0,227.0,66.0,0.57735115,3.4001977,0.7619048,2.5434792,68.92444,0
44b6_996155de,918656,1,5.0,57.0,64.0,0.5363214,2.6096644,0.07936508,2.5434792,68.92444,0
44b6_996155de,918657,1,52.0,209.0,48.0,0.5182488,5.7042956,0.82539684,2.5434792,68.92444,0
44b6_996155de,918658,1,35.0,66.0,4.0,0.51210874,2.0307553,0.5555556,2.5434792,68.92444,0
44b6_996155de,918659,1,15.0,244.0,61.0,0.4978881,2.7144032,0.23809524,2.5434792,68.92444,0
44b6_996155de,918660,1,24.0,155.0,109.0,0.48624915,3.7707438,0.3809524,2.5434792,68.92444,0
44b6_996155de,918661,1,9.0,173.0,130.0,0.47313952,0.74180365,0.14285715,2.5434792,68.92444,0
44b6_996155de,918662,1,32.0,177.0,126.0,0.4734919,2.4920142,0.50793654,2.5434792,68.92444,0
44b6_996155de,918663,1,21.0,198.0,18.0,0.42973104,4.6311736,0.33333334,2.5434792,68.92444,0
44b6_996155de,918664,1,41.0,87.0,4.0,0.42833614,4.5129085,0.6507937,2.5434792,68.92444,0
44b6_996155de,918665,1,48.0,228.0,161.0,0.42988035,3.7571046,0.7619048,2.5434792,68.92444,0
44b6_996155de,918666,1,32.0,211.0,48.0,0.42003277,5.270406,0.50793654,2.5434792,68.92444,0
44b6_996155de,918667,1,25.0,128.0,82.0,0.40291953,3.6764414,0.3968254,2.5401762,68.65625,0
44b6_996155de,918668,1,60.0,170.0,16.0,0.3986414,4.7362375,0.95238096,2.5401762,68.65625,0
44b6_996155de,918669,1,43.0,97.0,21.0,0.3773903,4.194274,0.6825397,2.5434792,68.92444,0
44b6_996155de,918670,1,52.0,249.0,168.0,0.36243302,4.1884174,0.82539684,2.5434792,68.92444,0
44b6_996155de,918671,1,32.0,229.0,27.0,0.35914153,4.582489,0.50793654,2.5434792,68.92444,0
44b6_996155de,918672,1,58.0,131.0,43.0,0.3337347,3.1882534,0.9206349,2.5401762,68.65625,0
44b6_996155de,918673,1,34.0,99.0,39.0,0.32777083,2.0132816,0.53968257,2.5434792,68.92444,0
44b6_996155de,918674,1,10.0,233.0,40.0,0.3170105,1.8450129,0.15873016,2.5368643,68.38806,0
44b6_996155de,918675,1,43.0,138.0,78.0,0.32264638,4.4895344,0.6825397,2.5434792,68.92444,0
44b6_996155de,918676,2,15.0,184.0,143.0,1.5074738,3.4384394,0.23809524,2.5434792,68.92444,0
44b6_996155de,918677,2,3.0,243.0,179.0,1.3040535,2.6712,0.04761905,2.5401762,68.65625,0
44b6_996155de,918678,2,19.0,88.0,9.0,1.2805693,2.4660156,0.3015873,2.5434792,68.92444,0
44b6_996155de,918679,2,15.0,110.0,7.0,1.2419744,3.455576,0.23809524,2.5434792,68.92444,0
44b6_996155de,918680,2,9.0,45.0,23.0,1.061481,2.6682253,0.14285715,2.5434792,68.92444,1
44b6_996155de,918681,2,17.0,48.0,15.0,0.9450187,2.0519135,0.26984128,2.5434792,68.92444,1
44b6_996155de,918682,2,20.0,232.0,184.0,0.7345741,4.8307395,0.31746033,2.5201738,67.04712,0
44b6_996155de,918683,2,22.0,77.0,41.0,0.7226219,3.2978604,0.34920636,2.5434792,68.92444,0
44b6_996155de,918684,2,15.0,14.0,32.0,0.6970144,3.855501,0.23809524,2.5434792,68.92444,0
44b6_996155de,918685,2,2.0,23.0,55.0,0.6913636,2.5246043,0.031746034,2.4687274,63.024292,0
44b6_996155de,918686,2,34.0,233.0,74.0,0.6689793,3.8281136,0.53968257,2.5434792,68.92444,1
44b6_996155de,918687,2,5.0,103.0,84.0,0.65266865,2.0919247,0.07936508,2.5434792,68.92444,0
44b6_996155de,918688,2,47.0,228.0,66.0,0.63309354,3.1575408,0.74603176,2.5434792,68.92444,1
44b6_996155de,918689,2,18.0,89.0,55.0,0.62037045,2.994562,0.2857143,2.5434792,68.92444,0
44b6_996155de,918690,2,39.0,233.0,63.0,0.55910724,1.6728927,0.61904764,2.5434792,68.92444,2
44b6_996155de,918691,2,27.0,32.0,4.0,0.5452488,1.8937131,0.42857143,2.5434792,68.92444,0
44b6_996155de,918692,2,5.0,58.0,65.0,0.54700583,2.857008,0.07936508,2.5434792,68.92444,0
44b6_996155de,918693,2,51.0,209.0,48.0,0.5289137,5.290101,0.8095238,2.5434792,68.92444,0
44b6_996155de,918694,2,35.0,66.0,6.0,0.49548,2.4180365,0.5555556,2.5434792,68.92444,0
44b6_996155de,918695,2,24.0,154.0,110.0,0.49857327,3.8887107,0.3809524,2.5434792,68.92444,0
44b6_996155de,918696,2,16.0,242.0,62.0,0.4662898,2.963509,0.25396827,2.5401762,68.65625,0
44b6_996155de,918697,2,48.0,228.0,161.0,0.46463794,3.920034,0.7619048,2.5434792,68.92444,0
44b6_996155de,918698,2,41.0,86.0,3.0,0.43861046,4.4910245,0.6507937,2.5268764,67.583496,0
44b6_996155de,918699,2,21.0,198.0,19.0,0.44219953,4.6892533,0.33333334,2.5401762,68.65625,0
44b6_996155de,918700,2,31.0,179.0,128.0,0.42823827,1.5406334,0.4920635,2.5434792,68.92444,0
44b6_996155de,918701,2,60.0,170.0,17.0,0.40748087,4.8454328,0.95238096,2.5401762,68.65625,0
44b6_996155de,918702,2,25.0,128.0,83.0,0.39527935,3.906054,0.3968254,2.5434792,68.92444,0
44b6_996155de,918703,2,52.0,250.0,169.0,0.3897829,4.388304,0.82539684,2.5434792,68.92444,0
44b6_996155de,918704,2,31.0,208.0,47.0,0.38509655,5.199598,0.4920635,2.5434792,68.92444,0
44b6_996155de,918705,2,43.0,94.0,18.0,0.37203583,3.1797733,0.6825397,2.5434792,68.92444,0
44b6_996155de,918706,2,32.0,228.0,28.0,0.34770575,4.6850452,0.50793654,2.5434792,68.92444,0
44b6_996155de,918707,2,17.0,214.0,35.0,0.33661014,2.9536672,0.26984128,2.5335438,68.11987,0
44b6_996155de,918708,2,34.0,98.0,38.0,0.33600566,2.1285803,0.53968257,2.5401762,68.65625,0
44b6_996155de,918709,2,58.0,130.0,44.0,0.33702862,3.2410908,0.9206349,2.5401762,68.65625,0
44b6_996155de,918710,2,10.0,230.0,36.0,0.31573552,2.07575,0.15873016,2.5401762,68.65625,0
44b6_996155de,918711,2,43.0,138.0,78.0,0.31730413,4.658281,0.6825397,2.5434792,68.92444,0
44b6_996155de,918712,3,15.0,183.0,145.0,1.4489441,3.4050438,0.23809524,2.5434792,68.92444,0
44b6_996155de,918713,3,3.0,240.0,179.0,1.3178041,2.5956397,0.04761905,2.5401762,68.65625,0
44b6_996155de,918714,3,19.0,88.0,11.0,1.2896434,2.4400682,0.3015873,2.5434792,68.92444,0
44b6_996155de,918715,3,15.0,110.0,6.0,1.1696376,3.3755643,0.23809524,2.5401762,68.65625,0
44b6_996155de,918716,3,10.0,43.0,25.0,1.1072657,3.6280844,0.15873016,2.5434792,68.92444,1
44b6_996155de,918717,3,18.0,49.0,15.0,0.8928811,2.2692327,0.2857143,2.5434792,68.92444,1
44b6_996155de,918718,3,21.0,75.0,42.0,0.7199814,3.3869321,0.33333334,2.5434792,68.92444,0
44b6_996155de,918719,3,20.0,232.0,187.0,0.7114284,3.877614,0.31746033,2.5335438,68.11987,0
44b6_996155de,918720,3,2.0,20.0,56.0,0.6908444,2.644208,0.031746034,2.4687274,63.024292,0
44b6_996155de,918721,3,16.0,12.0,32.0,0.6957027,3.6038847,0.25396827,2.5434792,68.92444,0
44b6_996155de,918722,3,47.0,226.0,67.0,0.6496464,3.29136,0.74603176,2.5434792,68.92444,1
44b6_996155de,918723,3,33.0,234.0,78.0,0.64216524,4.356794,0.52380955,2.5434792,68.92444,0
44b6_996155de,918724,3,17.0,89.0,59.0,0.6246825,4.095511,0.26984128,2.5434792,68.92444,0
44b6_996155de,918725,3,40.0,231.0,63.0,0.5577393,1.8480444,0.63492066,2.5434792,68.92444,1
44b6_996155de,918726,3,27.0,33.0,5.0,0.5527984,1.4335935,0.42857143,2.5434792,68.92444,0
44b6_996155de,918727,3,4.0,57.0,66.0,0.5484375,2.9209619,0.06349207,2.5434792,68.92444,0
44b6_996155de,918728,3,24.0,251.0,182.0,0.5464846,1.9332004,0.3809524,2.5434792,68.92444,0
44b6_996155de,918729,3,51.0,208.0,48.0,0.54008025,5.0966926,0.8095238,2.5434792,68.92444,0
44b6_996155de,918730,3,34.0,65.0,8.0,0.49230844,2.2791622,0.53968257,2.5434792,68.92444,0
44b6_996155de,918731,3,24.0,150.0,110.0,0.4670827,3.5725381,0.3809524,2.5434792,68.92444,0
44b6_996155de,918732,3,47.0,227.0,162.0,0.45135206,3.9261422,0.74603176,2.5434792,68.92444,0
44b6_996155de,918733,3,40.0,84.0,3.0,0.43425462,4.911677,0.63492066,2.5401762,68.65625,0
44b6_996155de,918734,3,18.0,212.0,37.0,0.40491644,3.4783034,0.2857143,2.5434792,68.92444,0
44b6_996155de,918735,3,14.0,241.0,59.0,0.39856595,2.3970659,0.22222222,2.5434792,68.92444,0
44b6_996155de,918736,3,31.0,207.0,48.0,0.40006852,4.462016,0.4920635,2.5434792,68.92444,0
44b6_996155de,918737,3,21.0,197.0,21.0,0.3931503,4.2923,0.33333334,2.5401762,68.65625,0
44b6_996155de,918738,3,52.0,250.0,170.0,0.38994443,4.4751797,0.82539684,2.5434792,68.92444,0
44b6_996155de,918739,3,32.0,177.0,128.0,0.38855934,2.0142677,0.50793654,2.5401762,68.65625,0
44b6_996155de,918740,3,59.0,171.0,17.0,0.3789663,4.3571486,0.93650794,2.5434792,68.92444,0
44b6_996155de,918741,3,25.0,125.0,81.0,0.35996625,3.8370337,0.3968254,2.5434792,68.92444,0
44b6_996155de,918742,3,42.0,93.0,18.0,0.36117026,3.6332626,0.6666667,2.5434792,68.92444,0
44b6_996155de,918743,3,34.0,97.0,39.0,0.3455571,2.409964,0.53968257,2.5401762,68.65625,0
44b6_996155de,918744,3,58.0,129.0,42.0,0.34136015,3.0685985,0.9206349,2.5368643,68.38806,0
44b6_996155de,918745,3,32.0,226.0,29.0,0.32363263,4.3861613,0.50793654,2.5434792,68.92444,0
44b6_996155de,918746,3,11.0,226.0,35.0,0.30811,1.8523513,0.17460318,2.5368643,68.38806,0
44b6_996155de,918747,3,43.0,137.0,78.0,0.31239018,4.6005654,0.6825397,2.5434792,68.92444,0
44b6_996155de,918748,3,53.0,217.0,33.0,0.30471575,2.4087002,0.84126985,2.5434792,68.92444,0
44b6_996155de,918749,3,45.0,215.0,18.0,0.3007831,3.6671655,0.71428573,2.5401762,68.65625,0
44b6_996155de,918750,3,52.0,113.0,28.0,0.30396935,6.881238,0.82539684,2.5401762,68.65625,0
44b6_996155de,918751,3,39.0,182.0,19.0,0.29829916,4.16933,0.61904764,2.5401762,68.65625,0
44b6_996155de,918752,4,15.0,180.0,145.0,1.5098352,3.666323,0.23809524,2.5434792,68.92444,0
44b6_996155de,918753,4,4.0,242.0,182.0,1.3861367,2.6347857,0.06349207,2.5434792,68.92444,0
44b6_996155de,918754,4,19.0,88.0,11.0,1.3155714,2.5659673,0.3015873,2.5434792,68.92444,0
44b6_996155de,918755,4,14.0,112.0,7.0,1.1707755,3.5900729,0.22222222,2.5434792,68.92444,0
44b6_996155de,918756,4,10.0,39.0,23.0,1.1185229,4.2530575,0.15873016,2.5434792,68.92444,0
44b6_996155de,918757,4,18.0,50.0,15.0,0.9135526,2.9662147,0.2857143,2.5434792,68.92444,0
44b6_996155de,918758,4,21.0,77.0,44.0,0.7467758,3.5960298,0.33333334,2.5434792,68.92444,0
44b6_996155de,918759,4,15.0,12.0,34.0,0.7150209,4.0078855,0.23809524,2.5434792,68.92444,0
44b6_996155de,918760,4,20.0,232.0,190.0,0.681044,3.1158845,0.31746033,2.5368643,68.38806,0
44b6_996155de,918761,4,47.0,225.0,68.0,0.67501897,3.4714084,0.74603176,2.5434792,68.92444,0
44b6_996155de,918762,4,18.0,90.0,59.0,0.62273693,3.5977304,0.2857143,2.5434792,68.92444,0
44b6_996155de,918763,4,33.0,234.0,81.0,0.60165185,4.6684346,0.52380955,2.5434792,68.92444,0
44b6_996155de,918764,4,23.0,251.0,183.0,0.58010423,2.3559797,0.36507937,2.5434792,68.92444,0
44b6_996155de,918765,4,51.0,209.0,50.0,0.5837359,5.068929,0.8095238,2.5434792,68.92444,0
44b6_996155de,918766,4,54.0,90.0,3.0,0.5230739,4.197855,0.85714287,2.5401762,68.65625,0
44b6_996155de,918767,4,4.0,55.0,68.0,0.52162105,2.8851511,0.06349207,2.5434792,68.92444,0
44b6_996155de,918768,4,33.0,64.0,11.0,0.50720704,2.4235957,0.52380955,2.5434792,68.92444,0
44b6_996155de,918769,4,41.0,81.0,4.0,0.44623253,4.57727,0.6507937,2.5434792,68.92444,0
44b6_996155de,918770,4,47.0,226.0,164.0,0.4373957,3.8707063,0.74603176,2.5434792,68.92444,0
44b6_996155de,918771,4,24.0,144.0,108.0,0.42876196,3.3779147,0.3809524,2.5434792,68.92444,0
44b6_996155de,918772,4,20.0,197.0,21.0,0.4240364,4.562093,0.31746033,2.5434792,68.92444,0
44b6_996155de,918773,4,32.0,175.0,128.0,0.41961432,2.3857782,0.50793654,2.5434792,68.92444,0
44b6_996155de,918774,4,14.0,241.0,62.0,0.40404767,2.3069668,0.22222222,2.5434792,68.92444,0
44b6_996155de,918775,4,30.0,208.0,51.0,0.38922006,4.0311656,0.47619048,2.5434792,68.92444,0
44b6_996155de,918776,4,18.0,210.0,38.0,0.3839537,2.8458493,0.2857143,2.5401762,68.65625,1
44b6_996155de,918777,4,58.0,171.0,18.0,0.38537797,4.5573597,0.9206349,2.5434792,68.92444,0
44b6_996155de,918778,4,42.0,91.0,18.0,0.3754595,3.1542757,0.6666667,2.5434792,68.92444,0
44b6_996155de,918779,4,33.0,96.0,40.0,0.36892053,2.077239,0.52380955,2.5434792,68.92444,0
44b6_996155de,918780,4,21.0,171.0,3.0,0.34847435,3.9153514,0.33333334,2.5368643,68.38806,0
44b6_996155de,918781,4,59.0,126.0,42.0,0.34933314,3.2004042,0.93650794,2.5401762,68.65625,0
44b6_996155de,918782,4,32.0,225.0,30.0,0.34184715,4.398502,0.50793654,2.5401762,68.65625,0
44b6_996155de,918783,4,12.0,222.0,35.0,0.33462057,1.9022596,0.1904762,2.5368643,68.38806,1
44b6_996155de,918784,4,22.0,125.0,88.0,0.33455446,3.2879999,0.34920636,2.493,64.90161,1
44b6_996155de,918785,4,53.0,216.0,31.0,0.32259503,2.5562646,0.84126985,2.5434792,68.92444,1
44b6_996155de,918786,4,27.0,124.0,78.0,0.32072046,2.946193,0.42857143,2.5434792,68.92444,1
44b6_996155de,918787,4,43.0,135.0,79.0,0.32537746,4.2144265,0.6825397,2.5434792,68.92444,0
44b6_996155de,918788,4,45.0,214.0,19.0,0.31887284,3.245443,0.71428573,2.5401762,68.65625,1
44b6_996155de,918789,4,38.0,182.0,20.0,0.30824214,4.2202573,0.6031746,2.5434792,68.92444,0
44b6_996155de,918790,4,52.0,110.0,30.0,0.30655852,6.799301,0.82539684,2.5434792,68.92444,0
44b6_996155de,918791,4,23.0,217.0,14.0,0.28939387,3.4987833,0.36507937,2.5434792,68.92444,0
44b6_996155de,918792,4,61.0,211.0,6.0,0.27541012,5.9191694,0.96825397,2.4652207,62.756104,0
44b6_996155de,918793,5,3.0,127.0,114.0,1.8562894,2.8386538,0.04761905,2.5401762,68.65625,0
44b6_996155de,918794,5,15.0,176.0,142.0,1.6320486,3.6952233,0.23809524,2.5434792,68.92444,0
44b6_996155de,918795,5,19.0,87.0,12.0,1.3608594,2.8048742,0.3015873,2.5434792,68.92444,0
44b6_996155de,918796,5,4.0,238.0,180.0,1.2281257,2.4414291,0.06349207,2.5434792,68.92444,0
44b6_996155de,918797,5,10.0,39.0,25.0,1.1610503,4.0652184,0.15873016,2.5434792,68.92444,0
44b6_996155de,918798,5,14.0,111.0,8.0,1.1033232,3.347165,0.22222222,2.5434792,68.92444,0
44b6_996155de,918799,5,6.0,66.0,4.0,0.94509214,2.0653548,0.0952381,2.5401762,68.65625,0
44b6_996155de,918800,5,17.0,50.0,17.0,0.9173776,2.45952,0.26984128,2.5434792,68.92444,0
44b6_996155de,918801,5,21.0,76.0,43.0,0.7128551,3.6290526,0.33333334,2.5434792,68.92444,0
44b6_996155de,918802,5,16.0,11.0,32.0,0.69921935,3.4278224,0.25396827,2.5434792,68.92444,0
44b6_996155de,918803,5,22.0,253.0,182.0,0.6766038,2.3376749,0.34920636,2.4687274,63.024292,0
44b6_996155de,918804,5,20.0,232.0,191.0,0.6125615,2.6044989,0.31746033,2.5434792,68.92444,0
44b6_996155de,918805,5,46.0,226.0,68.0,0.6091574,3.4232945,0.73015875,2.5434792,68.92444,1
44b6_996155de,918806,5,18.0,91.0,61.0,0.6025108,3.9393795,0.2857143,2.5434792,68.92444,0
44b6_996155de,918807,5,50.0,208.0,48.0,0.6010596,4.9945755,0.7936508,2.5434792,68.92444,0
44b6_996155de,918808,5,31.0,65.0,13.0,0.5423365,2.443251,0.4920635,2.5434792,68.92444,0
44b6_996155de,918809,5,32.0,235.0,83.0,0.53999215,6.015627,0.50793654,2.5434792,68.92444,0
44b6_996155de,918810,5,5.0,53.0,68.0,0.53192127,2.9394207,0.07936508,2.5434792,68.92444,0
44b6_996155de,918811,5,40.0,229.0,62.0,0.52618015,2.0286727,0.63492066,2.5434792,68.92444,1
44b6_996155de,918812,5,26.0,30.0,8.0,0.5246776,2.0286899,0.41269842,2.5401762,68.65625,0
44b6_996155de,918813,5,15.0,240.0,62.0,0.47201377,2.6925747,0.23809524,2.5434792,68.92444,0
44b6_996155de,918814,5,20.0,197.0,21.0,0.45955756,4.6698713,0.31746033,2.5401762,68.65625,0
44b6_996155de,918815,5,40.0,82.0,3.0,0.44106722,4.1162615,0.63492066,2.5268764,67.583496,0
44b6_996155de,918816,5,46.0,226.0,165.0,0.41184932,3.5854208,0.73015875,2.5434792,68.92444,0
44b6_996155de,918817,5,32.0,174.0,127.0,0.40760347,2.6160789,0.50793654,2.5434792,68.92444,0
44b6_996155de,918818,5,52.0,250.0,172.0,0.40224406,4.7043095,0.82539684,2.5434792,68.92444,0
44b6_996155de,918819,5,23.0,142.0,107.0,0.3998336,2.9193702,0.36507937,2.5401762,68.65625,1
44b6_996155de,918820,5,33.0,96.0,39.0,0.39657637,2.2203014,0.52380955,2.5368643,68.38806,0
44b6_996155de,918821,5,18.0,210.0,37.0,0.38081393,2.6612878,0.2857143,2.5335438,68.11987,1
44b6_996155de,918822,5,30.0,209.0,50.0,0.38486406,3.982945,0.47619048,2.5434792,68.92444,0
44b6_996155de,918823,5,42.0,90.0,17.0,0.3794802,2.9850836,0.6666667,2.5434792,68.92444,0
44b6_996155de,918824,5,23.0,150.0,117.0,0.37447324,2.5020597,0.36507937,2.5434792,68.92444,1
44b6_996155de,918825,5,57.0,172.0,18.0,0.37552065,4.769703,0.9047619,2.5434792,68.92444,0
44b6_996155de,918826,5,21.0,124.0,84.0,0.36980397,3.994687,0.33333334,2.5201738,67.04712,1
44b6_996155de,918827,5,11.0,222.0,32.0,0.3599393,2.2241845,0.17460318,2.5368643,68.38806,1
44b6_996155de,918828,5,32.0,224.0,28.0,0.35854197,4.4660325,0.50793654,2.5434792,68.92444,0
44b6_996155de,918829,5,60.0,124.0,40.0,0.3563188,2.9533951,0.95238096,2.5401762,68.65625,0
44b6_996155de,918830,5,21.0,171.0,3.0,0.34884533,3.8798013,0.33333334,2.5335438,68.11987,0
44b6_996155de,918831,5,52.0,216.0,32.0,0.33715096,2.3453548,0.82539684,2.5401762,68.65625,0
44b6_996155de,918832,5,43.0,136.0,79.0,0.33186987,4.000105,0.6825397,2.5434792,68.92444,0
44b6_996155de,918833,5,38.0,184.0,21.0,0.31897315,4.1895876,0.6031746,2.5434792,68.92444,0
44b6_996155de,918834,5,27.0,122.0,75.0,0.307787,2.462899,0.42857143,2.5434792,68.92444,1
44b6_996155de,918835,5,45.0,213.0,18.0,0.29572475,2.631238,0.71428573,2.5401762,68.65625,0
44b6_996155de,918836,5,23.0,217.0,13.0,0.29380372,3.0969985,0.36507937,2.5401762,68.65625,0
44b6_996155de,918837,5,52.0,108.0,29.0,0.2888481,5.3842278,0.82539684,2.5434792,68.92444,0
44b6_996155de,918838,6,4.0,130.0,115.0,1.8073735,3.2791061,0.06349207,2.5434792,68.92444,0
44b6_996155de,918839,6,14.0,174.0,140.0,1.6318699,3.851143,0.22222222,2.5434792,68.92444,0
44b6_996155de,918840,6,4.0,237.0,180.0,1.2645694,2.5691895,0.06349207,2.5434792,68.92444,0
44b6_996155de,918841,6,18.0,88.0,11.0,1.2648509,2.6719077,0.2857143,2.5434792,68.92444,0
44b6_996155de,918842,6,10.0,40.0,25.0,1.1095244,3.5195255,0.15873016,2.5434792,68.92444,0
44b6_996155de,918843,6,14.0,112.0,10.0,1.0096738,3.297205,0.22222222,2.5434792,68.92444,0
44b6_996155de,918844,6,15.0,54.0,20.0,0.93574876,2.1175113,0.23809524,2.5434792,68.92444,0
44b6_996155de,918845,6,5.0,61.0,8.0,0.92208844,2.6708267,0.07936508,2.5434792,68.92444,0
44b6_996155de,918846,6,15.0,13.0,34.0,0.69660324,3.6787465,0.23809524,2.5434792,68.92444,0
44b6_996155de,918847,6,21.0,75.0,40.0,0.67964906,3.375649,0.33333334,2.5434792,68.92444,0
44b6_996155de,918848,6,22.0,250.0,180.0,0.66293716,2.6797378,0.34920636,2.5434792,68.92444,0
44b6_996155de,918849,6,46.0,225.0,68.0,0.6381348,3.5546944,0.73015875,2.5434792,68.92444,1
44b6_996155de,918850,6,18.0,192.0,162.0,0.602966,2.7449548,0.2857143,2.5434792,68.92444,0
44b6_996155de,918851,6,16.0,91.0,61.0,0.5941512,4.359399,0.25396827,2.5434792,68.92444,0
44b6_996155de,918852,6,20.0,233.0,192.0,0.5724176,2.3923104,0.31746033,2.5434792,68.92444,0
44b6_996155de,918853,6,48.0,207.0,47.0,0.5578494,5.0680227,0.7619048,2.5434792,68.92444,0
44b6_996155de,918854,6,39.0,230.0,63.0,0.5454421,2.0046992,0.61904764,2.5434792,68.92444,1
44b6_996155de,918855,6,4.0,57.0,69.0,0.5414996,3.0345144,0.06349207,2.5434792,68.92444,0
44b6_996155de,918856,6,32.0,234.0,81.0,0.5290018,5.9228535,0.50793654,2.5434792,68.92444,0
44b6_996155de,918857,6,31.0,65.0,13.0,0.50906444,1.9797609,0.4920635,2.5434792,68.92444,0
44b6_996155de,918858,6,25.0,36.0,12.0,0.50366104,1.5231832,0.3968254,2.5434792,68.92444,0
44b6_996155de,918859,6,14.0,241.0,60.0,0.4606906,2.6490679,0.22222222,2.5434792,68.92444,0
44b6_996155de,918860,6,19.0,197.0,20.0,0.42995128,4.657991,0.3015873,2.5401762,68.65625,0
44b6_996155de,918861,6,40.0,81.0,4.0,0.41907594,3.710643,0.63492066,2.5401762,68.65625,0
44b6_996155de,918862,6,46.0,225.0,166.0,0.41823652,3.6813993,0.73015875,2.5434792,68.92444,0
44b6_996155de,918863,6,51.0,247.0,171.0,0.40938255,4.3349266,0.8095238,2.5434792,68.92444,0
44b6_996155de,918864,6,22.0,154.0,121.0,0.39261925,2.197089,0.34920636,2.5434792,68.92444,0
44b6_996155de,918865,6,28.0,207.0,49.0,0.37196243,3.6342177,0.44444445,2.5434792,68.92444,0
44b6_996155de,918866,6,33.0,222.0,26.0,0.36281475,4.5847645,0.52380955,2.5401762,68.65625,0
44b6_996155de,918867,6,55.0,172.0,16.0,0.36143944,5.1505585,0.8730159,2.5434792,68.92444,0
44b6_996155de,918868,6,31.0,99.0,43.0,0.35359862,2.21564,0.4920635,2.5434792,68.92444,0
44b6_996155de,918869,6,41.0,90.0,19.0,0.35130313,3.1239636,0.6507937,2.5434792,68.92444,0
44b6_996155de,918870,6,20.0,124.0,83.0,0.35113183,4.434413,0.31746033,2.5168092,66.77893,1
44b6_996155de,918871,6,18.0,212.0,38.0,0.3413528,2.4347591,0.2857143,2.5401762,68.65625,1
44b6_996155de,918872,6,32.0,170.0,123.0,0.33979887,2.3656065,0.50793654,2.5434792,68.92444,0
44b6_996155de,918873,6,11.0,222.0,32.0,0.33027923,2.0836678,0.17460318,2.5401762,68.65625,1
44b6_996155de,918874,6,43.0,136.0,80.0,0.3342804,3.816318,0.6825397,2.5434792,68.92444,0
44b6_996155de,918875,6,51.0,217.0,31.0,0.31824633,2.377201,0.8095238,2.5401762,68.65625,0
44b6_996155de,918876,6,37.0,183.0,19.0,0.31591415,4.294094,0.5873016,2.5434792,68.92444,0
44b6_996155de,918877,6,45.0,212.0,16.0,0.28101948,2.5643508,0.71428573,2.5401762,68.65625,0
44b6_996155de,918878,6,52.0,106.0,29.0,0.27556226,4.2638464,0.82539684,2.5302145,67.851685,0
44b6_996155de,918879,6,27.0,120.0,73.0,0.2705039,2.3929427,0.42857143,2.5434792,68.92444,1
44b6_996155de,918880,6,23.0,215.0,12.0,0.2689915,2.9114063,0.36507937,2.5368643,68.38806,0
44b6_996155de,918881,6,59.0,154.0,85.0,0.26693586,3.4574738,0.93650794,2.5434792,68.92444,0
44b6_996155de,918882,7,2.0,130.0,117.0,1.8969839,3.3257673,0.031746034,2.4687274,63.024292,0
44b6_996155de,918883,7,13.0,171.0,140.0,1.6710521,3.8342197,0.20634921,2.5434792,68.92444,0
44b6_996155de,918884,7,5.0,237.0,180.0,1.282199,2.8143506,0.07936508,2.5434792,68.92444,0
44b6_996155de,918885,7,17.0,85.0,11.0,1.2584857,2.8330705,0.26984128,2.5434792,68.92444,0
44b6_996155de,918886,7,14.0,110.0,9.0,1.1247095,3.407613,0.22222222,2.5434792,68.92444,0
44b6_996155de,918887,7,9.0,38.0,26.0,1.1062672,3.5952146,0.14285715,2.5434792,68.92444,0
44b6_996155de,918888,7,4.0,62.0,10.0,0.9539657,2.885816,0.06349207,2.5434792,68.92444,0
44b6_996155de,918889,7,13.0,54.0,22.0,0.93175495,2.3520703,0.20634921,2.5434792,68.92444,0
44b6_996155de,918890,7,15.0,14.0,36.0,0.67927223,3.5165014,0.23809524,2.5434792,68.92444,0
44b6_996155de,918891,7,21.0,249.0,181.0,0.665262,3.2345288,0.33333334,2.5434792,68.92444,0
44b6_996155de,918892,7,21.0,72.0,42.0,0.6403445,3.3277836,0.33333334,2.5434792,68.92444,0
44b6_996155de,918893,7,45.0,225.0,70.0,0.6409833,3.7928655,0.71428573,2.5434792,68.92444,1
44b6_996155de,918894,7,15.0,88.0,63.0,0.5825759,4.0925736,0.23809524,2.5434792,68.92444,0
44b6_996155de,918895,7,20.0,233.0,194.0,0.5707045,2.0639765,0.31746033,2.5434792,68.92444,0
44b6_996155de,918896,7,4.0,56.0,70.0,0.549365,3.01137,0.06349207,2.5434792,68.92444,0
44b6_996155de,918897,7,22.0,253.0,74.0,0.5502101,4.7907567,0.34920636,2.4687274,63.024292,0
44b6_996155de,918898,7,17.0,192.0,165.0,0.53984046,3.9663475,0.26984128,2.5434792,68.92444,1
44b6_996155de,918899,7,39.0,229.0,65.0,0.52526003,2.0479386,0.61904764,2.5434792,68.92444,1
44b6_996155de,918900,7,31.0,64.0,14.0,0.51580894,2.322342,0.4920635,2.5434792,68.92444,0
44b6_996155de,918901,7,25.0,33.0,12.0,0.5099626,2.1382136,0.3968254,2.5434792,68.92444,0
44b6_996155de,918902,7,53.0,86.0,2.0,0.50086707,3.5081055,0.84126985,2.4687274,63.024292,0
44b6_996155de,918903,7,47.0,204.0,46.0,0.5042484,4.8448396,0.74603176,2.5434792,68.92444,0
44b6_996155de,918904,7,31.0,233.0,83.0,0.49726892,5.942884,0.4920635,2.5434792,68.92444,0
44b6_996155de,918905,7,12.0,241.0,61.0,0.45080635,2.6489816,0.1904762,2.5434792,68.92444,0
44b6_996155de,918906,7,39.0,79.0,4.0,0.42937377,4.0121555,0.61904764,2.5335438,68.11987,0
44b6_996155de,918907,7,18.0,192.0,19.0,0.4230722,4.65205,0.2857143,2.5434792,68.92444,0
44b6_996155de,918908,7,22.0,152.0,122.0,0.40641168,2.3058186,0.34920636,2.5434792,68.92444,0
44b6_996155de,918909,7,45.0,224.0,168.0,0.39782932,3.4886732,0.71428573,2.5434792,68.92444,0
44b6_996155de,918910,7,23.0,140.0,109.0,0.39403617,2.9425154,0.36507937,2.5434792,68.92444,0
44b6_996155de,918911,7,51.0,246.0,172.0,0.38970706,3.7939382,0.8095238,2.5434792,68.92444,0
44b6_996155de,918912,7,19.0,163.0,2.0,0.37789375,3.7199671,0.3015873,2.4652207,62.756104,0
44b6_996155de,918913,7,32.0,96.0,42.0,0.38140616,2.665279,0.50793654,2.5368643,68.38806,0
44b6_996155de,918914,7,32.0,172.0,127.0,0.3825123,3.0487301,0.50793654,2.5434792,68.92444,0
44b6_996155de,918915,7,20.0,202.0,155.0,0.3767149,2.0928621,0.31746033,2.5434792,68.92444,1
44b6_996155de,918916,7,54.0,172.0,16.0,0.37219244,5.3217773,0.85714287,2.5434792,68.92444,0
44b6_996155de,918917,7,19.0,121.0,90.0,0.36361992,3.169681,0.3015873,2.5368643,68.38806,0
44b6_996155de,918918,7,42.0,88.0,18.0,0.35226977,2.5429611,0.6666667,2.5401762,68.65625,0
44b6_996155de,918919,7,26.0,203.0,48.0,0.34745124,3.138012,0.41269842,2.5434792,68.92444,1
44b6_996155de,918920,7,9.0,222.0,31.0,0.33566552,2.272168,0.14285715,2.5368643,68.38806,0
44b6_996155de,918921,7,18.0,209.0,41.0,0.33091795,2.2327182,0.2857143,2.5401762,68.65625,1
44b6_996155de,918922,7,31.0,221.0,26.0,0.32949123,4.8766603,0.4920635,2.5434792,68.92444,0
44b6_996155de,918923,7,36.0,181.0,21.0,0.3283631,4.40048,0.5714286,2.5434792,68.92444,0
44b6_996155de,918924,7,51.0,215.0,32.0,0.31975138,2.2353337,0.8095238,2.5368643,68.38806,0
44b6_996155de,918925,7,42.0,135.0,82.0,0.32439122,3.778746,0.6666667,2.5434792,68.92444,0
44b6_996155de,918926,7,52.0,102.0,26.0,0.2808384,2.7885358,0.82539684,2.5401762,68.65625,0
44b6_996155de,918927,7,59.0,154.0,87.0,0.27147052,3.3628175,0.93650794,2.5434792,68.92444,0
44b6_996155de,918928,7,44.0,212.0,17.0,0.26557523,2.416425,0.6984127,2.5335438,68.11987,0
44b6_996155de,918929,8,2.0,129.0,118.0,1.8567002,3.2624447,0.031746034,2.4687274,63.024292,0
44b6_996155de,918930,8,12.0,168.0,140.0,1.6499767,3.5972054,0.1904762,2.5434792,68.92444,0
44b6_996155de,918931,8,4.0,238.0,184.0,1.3024031,2.6704547,0.06349207,2.5434792,68.92444,0
44b6_996155de,918932,8,9.0,37.0,27.0,1.1192276,3.6612306,0.14285715,2.5434792,68.92444,0
44b6_996155de,918933,8,12.0,109.0,5.0,1.075758,2.918629,0.1904762,2.5434792,68.92444,0
44b6_996155de,918934,8,3.0,64.0,12.0,0.91273093,2.5464613,0.04761905,2.5401762,68.65625,0
44b6_996155de,918935,8,11.0,53.0,26.0,0.9119423,2.4719517,0.17460318,2.5434792,68.92444,0
44b6_996155de,918936,8,11.0,88.0,18.0,0.81126446,0.85245097,0.17460318,2.4895616,64.63342,0
44b6_996155de,918937,8,14.0,11.0,37.0,0.6556934,3.4193714,0.22222222,2.5434792,68.92444,0
44b6_996155de,918938,8,44.0,223.0,70.0,0.6416979,4.037747,0.6984127,2.5434792,68.92444,0
44b6_996155de,918939,8,21.0,246.0,181.0,0.6208574,3.1732242,0.33333334,2.5434792,68.92444,0
44b6_996155de,918940,8,15.0,86.0,66.0,0.60628444,3.7831252,0.23809524,2.5434792,68.92444,0
44b6_996155de,918941,8,20.0,68.0,42.0,0.60005635,3.1056201,0.31746033,2.5401762,68.65625,0
44b6_996155de,918942,8,20.0,233.0,194.0,0.57932115,1.849786,0.31746033,2.5401762,68.65625,0
44b6_996155de,918943,8,21.0,252.0,75.0,0.5772136,5.167203,0.33333334,2.5401762,68.65625,0
44b6_996155de,918944,8,31.0,60.0,15.0,0.5418716,3.3823361,0.4920635,2.5434792,68.92444,0
44b6_996155de,918945,8,3.0,57.0,72.0,0.5312549,2.809989,0.04761905,2.5401762,68.65625,0
44b6_996155de,918946,8,31.0,231.0,84.0,0.5344467,6.897538,0.4920635,2.5434792,68.92444,0
44b6_996155de,918947,8,53.0,85.0,5.0,0.5149695,3.952716,0.84126985,2.5434792,68.92444,0
44b6_996155de,918948,8,16.0,191.0,165.0,0.50835717,4.1526966,0.25396827,2.5434792,68.92444,1
44b6_996155de,918949,8,48.0,200.0,45.0,0.5027139,4.610101,0.7619048,2.5434792,68.92444,0
44b6_996155de,918950,8,25.0,32.0,13.0,0.49184102,2.4606087,0.3968254,2.5434792,68.92444,0
44b6_996155de,918951,8,12.0,239.0,60.0,0.44424787,2.554539,0.1904762,2.5434792,68.92444,0
44b6_996155de,918952,8,39.0,77.0,5.0,0.42548516,4.193335,0.61904764,2.5434792,68.92444,0
44b6_996155de,918953,8,32.0,171.0,129.0,0.41967058,4.131044,0.50793654,2.5434792,68.92444,0
44b6_996155de,918954,8,51.0,246.0,173.0,0.41365048,3.612354,0.8095238,2.5434792,68.92444,0
44b6_996155de,918955,8,17.0,192.0,19.0,0.41125956,4.8412833,0.26984128,2.5434792,68.92444,0
44b6_996155de,918956,8,45.0,226.0,171.0,0.39055625,3.1459,0.71428573,2.5434792,68.92444,0
44b6_996155de,918957,8,32.0,89.0,41.0,0.38831952,2.6438944,0.50793654,2.5434792,68.92444,0
44b6_996155de,918958,8,20.0,199.0,155.0,0.3807772,2.0490403,0.31746033,2.5401762,68.65625,1
44b6_996155de,918959,8,54.0,169.0,14.0,0.367369,5.2444463,0.85714287,2.5434792,68.92444,0
44b6_996155de,918960,8,19.0,166.0,2.0,0.3538739,4.115705,0.3015873,2.4687274,63.024292,0
44b6_996155de,918961,8,25.0,199.0,46.0,0.34692997,3.3741953,0.3968254,2.5434792,68.92444,1
44b6_996155de,918962,8,42.0,87.0,20.0,0.34533685,2.7774723,0.6666667,2.5434792,68.92444,0
44b6_996155de,918963,8,18.0,119.0,93.0,0.34283337,2.4587696,0.2857143,2.5401762,68.65625,0
44b6_996155de,918964,8,36.0,179.0,19.0,0.32813302,4.7046466,0.5714286,2.5434792,68.92444,0
44b6_996155de,918965,8,31.0,219.0,25.0,0.32283974,5.4831553,0.4920635,2.5434792,68.92444,0
44b6_996155de,918966,8,43.0,134.0,83.0,0.32577148,3.812939,0.6825397,2.5434792,68.92444,0
44b6_996155de,918967,8,9.0,219.0,31.0,0.31179798,1.9493185,0.14285715,2.5368643,68.38806,0
44b6_996155de,918968,8,16.0,208.0,39.0,0.30967623,2.2506216,0.25396827,2.5401762,68.65625,1
44b6_996155de,918969,8,51.0,214.0,31.0,0.30673712,1.6415788,0.8095238,2.5302145,67.851685,0
44b6_996155de,918970,8,51.0,101.0,27.0,0.28211096,2.6538973,0.8095238,2.5302145,67.851685,0
44b6_996155de,918971,8,59.0,152.0,87.0,0.27079266,3.303275,0.93650794,2.5434792,68.92444,0
44b6_996155de,918972,9,2.0,131.0,120.0,1.757776,3.3018117,0.031746034,2.4687274,63.024292,0
44b6_996155de,918973,9,12.0,169.0,141.0,1.7016616,3.7676482,0.1904762,2.5434792,68.92444,0
44b6_996155de,918974,9,5.0,235.0,183.0,1.4042581,2.764409,0.07936508,2.5434792,68.92444,0
44b6_996155de,918975,9,9.0,37.0,29.0,1.1172576,3.6326952,0.14285715,2.5434792,68.92444,1
44b6_996155de,918976,9,10.0,49.0,26.0,0.90471816,2.0326195,0.15873016,2.5434792,68.92444,1
44b6_996155de,918977,9,19.0,72.0,13.0,0.8457162,2.7260332,0.3015873,2.5434792,68.92444,0
44b6_996155de,918978,9,10.0,86.0,20.0,0.7677434,1.3873069,0.15873016,2.5401762,68.65625,1
44b6_996155de,918979,9,10.0,80.0,27.0,0.73831093,1.3335938,0.15873016,2.5434792,68.92444,1
44b6_996155de,918980,9,14.0,11.0,36.0,0.66514945,3.4272597,0.22222222,2.5434792,68.92444,0
44b6_996155de,918981,9,44.0,223.0,71.0,0.65127623,4.172303,0.6984127,2.5434792,68.92444,1
44b6_996155de,918982,9,61.0,219.0,58.0,0.63992506,8.301046,0.96825397,2.4687274,63.024292,0
44b6_996155de,918983,9,21.0,247.0,181.0,0.63315475,3.2816272,0.33333334,2.5434792,68.92444,0
44b6_996155de,918984,9,21.0,249.0,75.0,0.63604236,5.2625413,0.33333334,2.5434792,68.92444,0
44b6_996155de,918985,9,15.0,84.0,64.0,0.6044441,4.253483,0.23809524,2.5434792,68.92444,0
44b6_996155de,918986,9,19.0,67.0,43.0,0.5915743,3.180115,0.3015873,2.5401762,68.65625,0
44b6_996155de,918987,9,20.0,233.0,194.0,0.5609011,1.4810537,0.31746033,2.5401762,68.65625,0
44b6_996155de,918988,9,3.0,56.0,72.0,0.542642,3.0821614,0.04761905,2.5401762,68.65625,0
44b6_996155de,918989,9,31.0,57.0,13.0,0.5235666,3.1875849,0.4920635,2.5434792,68.92444,0
44b6_996155de,918990,9,31.0,230.0,83.0,0.5295524,5.9152985,0.4920635,2.5434792,68.92444,0
44b6_996155de,918991,9,24.0,29.0,12.0,0.51856935,2.7722201,0.3809524,2.5434792,68.92444,0
44b6_996155de,918992,9,52.0,85.0,6.0,0.51520205,3.9724283,0.82539684,2.5434792,68.92444,0
44b6_996155de,918993,9,47.0,200.0,44.0,0.5201429,4.3785515,0.74603176,2.5434792,68.92444,0
44b6_996155de,918994,9,38.0,227.0,65.0,0.51053035,1.9780738,0.6031746,2.5434792,68.92444,1
44b6_996155de,918995,9,16.0,191.0,165.0,0.5069158,4.1057286,0.25396827,2.5434792,68.92444,1
44b6_996155de,918996,9,45.0,224.0,169.0,0.4713555,3.973738,0.71428573,2.5434792,68.92444,0
44b6_996155de,918997,9,32.0,172.0,129.0,0.4574187,4.8115854,0.50793654,2.5434792,68.92444,0
44b6_996155de,918998,9,10.0,237.0,55.0,0.4215354,1.9877928,0.15873016,2.5401762,68.65625,0
44b6_996155de,918999,9,50.0,245.0,173.0,0.42650566,4.0706434,0.7936508,2.5434792,68.92444,0
44b6_996155de,919000,9,38.0,77.0,7.0,0.4146318,3.2861087,0.6031746,2.5335438,68.11987,0
44b6_996155de,919001,9,17.0,192.0,19.0,0.38578418,4.663161,0.26984128,2.5434792,68.92444,0
44b6_996155de,919002,9,53.0,169.0,15.0,0.38694417,5.7960086,0.84126985,2.5434792,68.92444,0
44b6_996155de,919003,9,19.0,199.0,155.0,0.37328145,2.03312,0.3015873,2.5434792,68.92444,1
44b6_996155de,919004,9,25.0,199.0,45.0,0.37517312,3.10559,0.3968254,2.5434792,68.92444,1
44b6_996155de,919005,9,32.0,89.0,42.0,0.37047204,2.7494726,0.50793654,2.5401762,68.65625,0
44b6_996155de,919006,9,41.0,86.0,19.0,0.35032916,2.1534464,0.6507937,2.5401762,68.65625,0
44b6_996155de,919007,9,18.0,207.0,42.0,0.34569415,2.3226557,0.2857143,2.5368643,68.38806,1
44b6_996155de,919008,9,19.0,165.0,2.0,0.3427459,3.8182318,0.3015873,2.4652207,62.756104,0
44b6_996155de,919009,9,22.0,135.0,107.0,0.34152412,2.7381885,0.34920636,2.5401762,68.65625,0
44b6_996155de,919010,9,19.0,120.0,95.0,0.343871,3.3838751,0.3015873,2.5434792,68.92444,0
44b6_996155de,919011,9,43.0,134.0,83.0,0.33130705,3.8662996,0.6825397,2.5434792,68.92444,0
44b6_996155de,919012,9,36.0,177.0,20.0,0.3280376,4.618658,0.5714286,2.5434792,68.92444,0
44b6_996155de,919013,9,8.0,218.0,29.0,0.31848863,2.230738,0.12698413,2.5434792,68.92444,0
44b6_996155de,919014,9,50.0,213.0,32.0,0.3054181,1.6980451,0.7936508,2.5434792,68.92444,0
44b6_996155de,919015,9,29.0,220.0,25.0,0.27991828,5.5402093,0.46031746,2.5434792,68.92444,0
44b6_996155de,919016,9,29.0,110.0,77.0,0.28089714,5.899745,0.46031746,2.5434792,68.92444,0
44b6_996155de,919017,9,50.0,102.0,30.0,0.27647996,3.1934392,0.7936508,2.5235295,67.31531,0
44b6_996155de,919018,9,59.0,152.0,89.0,0.2663975,3.298749,0.93650794,2.5434792,68.92444,0
44b6_996155de,919019,9,43.0,211.0,18.0,0.25682402,2.4128153,0.6825397,2.5434792,68.92444,0
44b6_996155de,919020,10,2.0,131.0,120.0,1.7448843,3.113093,0.031746034,2.4687274,63.024292,0
44b6_996155de,919021,10,12.0,168.0,141.0,1.6567138,3.440483,0.1904762,2.5434792,68.92444,0
44b6_996155de,919022,10,6.0,234.0,183.0,1.4877787,2.9152482,0.0952381,2.5434792,68.92444,0
44b6_996155de,919023,10,9.0,40.0,28.0,1.2001297,3.5544538,0.14285715,2.5434792,68.92444,1
44b6_996155de,919024,10,10.0,107.0,3.0,1.0464352,2.9391873,0.15873016,2.5401762,68.65625,0
44b6_996155de,919025,10,10.0,51.0,24.0,0.9707829,1.7930979,0.15873016,2.5434792,68.92444,1
44b6_996155de,919026,10,19.0,79.0,13.0,0.92420775,2.1792529,0.3015873,2.5368643,68.38806,1
44b6_996155de,919027,10,10.0,86.0,21.0,0.7901084,1.4301085,0.15873016,2.5201738,67.04712,1
44b6_996155de,919028,10,14.0,10.0,35.0,0.6701637,3.4030805,0.22222222,2.5434792,68.92444,0
44b6_996155de,919029,10,43.0,221.0,70.0,0.65057147,3.8856196,0.6825397,2.5434792,68.92444,0
44b6_996155de,919030,10,61.0,218.0,58.0,0.63934964,8.188477,0.96825397,2.4687274,63.024292,0
44b6_996155de,919031,10,21.0,247.0,182.0,0.62867874,2.80487,0.33333334,2.5401762,68.65625,0
44b6_996155de,919032,10,14.0,83.0,64.0,0.60723394,4.071631,0.22222222,2.5434792,68.92444,0
44b6_996155de,919033,10,22.0,248.0,80.0,0.58177084,6.040752,0.34920636,2.5434792,68.92444,0
44b6_996155de,919034,10,20.0,63.0,40.0,0.5673935,2.8450842,0.31746033,2.5434792,68.92444,0
44b6_996155de,919035,10,31.0,55.0,10.0,0.5351662,3.659435,0.4920635,2.5434792,68.92444,0
44b6_996155de,919036,10,19.0,234.0,195.0,0.5242077,0.93384314,0.3015873,2.5434792,68.92444,0
44b6_996155de,919037,10,24.0,29.0,13.0,0.516154,2.7344415,0.3809524,2.5434792,68.92444,0
44b6_996155de,919038,10,51.0,84.0,6.0,0.50887847,3.8976884,0.8095238,2.5434792,68.92444,0
44b6_996155de,919039,10,15.0,193.0,165.0,0.49784404,4.1642523,0.23809524,2.5434792,68.92444,1
44b6_996155de,919040,10,30.0,229.0,83.0,0.49914837,6.036105,0.47619048,2.5434792,68.92444,0
44b6_996155de,919041,10,45.0,224.0,168.0,0.49072754,3.9590075,0.71428573,2.5401762,68.65625,0
44b6_996155de,919042,10,47.0,198.0,44.0,0.4924259,5.0932846,0.74603176,2.5434792,68.92444,0
44b6_996155de,919043,10,32.0,175.0,131.0,0.48105374,5.8458076,0.50793654,2.5434792,68.92444,0
44b6_996155de,919044,10,51.0,246.0,174.0,0.4653036,4.816607,0.8095238,2.5434792,68.92444,0
44b6_996155de,919045,10,26.0,75.0,48.0,0.436106,1.6367604,0.41269842,2.5434792,68.92444,0
44b6_996155de,919046,10,38.0,76.0,6.0,0.43742752,3.7151077,0.6031746,2.5434792,68.92444,0
44b6_996155de,919047,10,10.0,234.0,54.0,0.41377288,2.097587,0.15873016,2.5434792,68.92444,0
44b6_996155de,919048,10,15.0,190.0,18.0,0.3962998,4.597219,0.23809524,2.5434792,68.92444,0
44b6_996155de,919049,10,24.0,199.0,45.0,0.38742873,3.1705499,0.3809524,2.5434792,68.92444,1
44b6_996155de,919050,10,53.0,166.0,15.0,0.37489414,5.8280525,0.84126985,2.5434792,68.92444,0
44b6_996155de,919051,10,19.0,199.0,157.0,0.36408487,1.7671425,0.3015873,2.5368643,68.38806,1
44b6_996155de,919052,10,32.0,89.0,43.0,0.36249664,2.5216599,0.50793654,2.5434792,68.92444,0
44b6_996155de,919053,10,41.0,87.0,20.0,0.3604165,2.667925,0.6507937,2.5434792,68.92444,0
44b6_996155de,919054,10,18.0,205.0,41.0,0.35476592,2.1855001,0.2857143,2.5401762,68.65625,1
44b6_996155de,919055,10,36.0,175.0,21.0,0.34157062,4.205299,0.5714286,2.5434792,68.92444,0
44b6_996155de,919056,10,19.0,122.0,97.0,0.33483833,2.9899733,0.3015873,2.5434792,68.92444,0
44b6_996155de,919057,10,43.0,135.0,84.0,0.32406825,3.943698,0.6825397,2.5434792,68.92444,0
44b6_996155de,919058,10,7.0,217.0,29.0,0.30432177,2.0950396,0.11111111,2.5268764,67.583496,0
44b6_996155de,919059,10,50.0,210.0,30.0,0.29373026,1.3240826,0.7936508,2.5434792,68.92444,0
44b6_996155de,919060,10,31.0,112.0,77.0,0.27588776,6.969781,0.4920635,2.5434792,68.92444,0
44b6_996155de,919061,10,50.0,101.0,29.0,0.27035215,2.5091934,0.7936508,2.5134354,66.51074,0
44b6_996155de,919062,10,28.0,218.0,24.0,0.26732495,4.978402,0.44444445,2.5434792,68.92444,0
44b6_996155de,919063,10,58.0,152.0,89.0,0.26438344,3.369624,0.9206349,2.5434792,68.92444,0
44b6_996155de,919064,11,3.0,128.0,118.0,1.7370479,3.001073,0.04761905,2.5401762,68.65625,0
44b6_996155de,919065,11,6.0,234.0,184.0,1.6236718,2.943837,0.0952381,2.5434792,68.92444,0
44b6_996155de,919066,11,11.0,165.0,140.0,1.5716197,3.238815,0.17460318,2.5434792,68.92444,0
44b6_996155de,919067,11,9.0,41.0,27.0,1.2164501,3.5583189,0.14285715,2.5434792,68.92444,1
44b6_996155de,919068,11,10.0,53.0,24.0,0.9824682,1.9715494,0.15873016,2.5434792,68.92444,1
44b6_996155de,919069,11,17.0,80.0,10.0,0.9612853,1.7438627,0.26984128,2.5434792,68.92444,1
44b6_996155de,919070,11,9.0,86.0,21.0,0.847417,1.7813762,0.14285715,2.5401762,68.65625,1
44b6_996155de,919071,11,14.0,8.0,35.0,0.66259205,3.2529402,0.22222222,2.5434792,68.92444,0
44b6_996155de,919072,11,21.0,246.0,184.0,0.62948143,2.2012062,0.33333334,2.5434792,68.92444,0
44b6_996155de,919073,11,43.0,219.0,70.0,0.62299883,3.708942,0.6825397,2.5434792,68.92444,1
44b6_996155de,919074,11,60.0,215.0,58.0,0.6213345,7.4601107,0.95238096,2.5401762,68.65625,0
44b6_996155de,919075,11,13.0,84.0,66.0,0.61618334,3.1828628,0.20634921,2.5434792,68.92444,0
44b6_996155de,919076,11,35.0,51.0,3.0,0.60419863,3.5370138,0.5555556,2.5401762,68.65625,0
44b6_996155de,919077,11,2.0,56.0,73.0,0.5873866,3.426116,0.031746034,2.4687274,63.024292,0
44b6_996155de,919078,11,22.0,249.0,81.0,0.59713435,6.4756126,0.34920636,2.5434792,68.92444,0
44b6_996155de,919079,11,20.0,234.0,195.0,0.5475002,0.86405754,0.31746033,2.5401762,68.65625,0
44b6_996155de,919080,11,38.0,223.0,64.0,0.5322394,2.2237597,0.6031746,2.5434792,68.92444,1
44b6_996155de,919081,11,20.0,59.0,36.0,0.52362776,1.3290758,0.31746033,2.5434792,68.92444,0
44b6_996155de,919082,11,24.0,26.0,12.0,0.5221985,2.7742314,0.3809524,2.5434792,68.92444,0
44b6_996155de,919083,11,29.0,226.0,80.0,0.52833617,5.8286977,0.46031746,2.5434792,68.92444,0
44b6_996155de,919084,11,46.0,225.0,169.0,0.50617427,3.9334054,0.73015875,2.5401762,68.65625,0
44b6_996155de,919085,11,51.0,83.0,6.0,0.4955265,3.7045407,0.8095238,2.5434792,68.92444,1
44b6_996155de,919086,11,15.0,193.0,164.0,0.4859408,3.7018027,0.23809524,2.5434792,68.92444,1
44b6_996155de,919087,11,51.0,247.0,175.0,0.4871277,4.1631417,0.8095238,2.5434792,68.92444,0
44b6_996155de,919088,11,33.0,177.0,133.0,0.48250985,6.111533,0.52380955,2.5434792,68.92444,0
44b6_996155de,919089,11,46.0,197.0,44.0,0.45562246,5.109439,0.73015875,2.5434792,68.92444,0
44b6_996155de,919090,11,26.0,75.0,48.0,0.44196463,2.1573825,0.41269842,2.5434792,68.92444,0
44b6_996155de,919091,11,9.0,233.0,50.0,0.42413184,2.175341,0.14285715,2.5434792,68.92444,0
44b6_996155de,919092,11,38.0,77.0,7.0,0.40944374,2.8742673,0.6031746,2.5201738,67.04712,1
44b6_996155de,919093,11,18.0,199.0,157.0,0.39522552,1.9991521,0.2857143,2.5401762,68.65625,1
44b6_996155de,919094,11,53.0,164.0,15.0,0.39198297,6.151392,0.84126985,2.5434792,68.92444,0
44b6_996155de,919095,11,24.0,197.0,45.0,0.38264197,3.061845,0.3809524,2.5434792,68.92444,1
44b6_996155de,919096,11,23.0,140.0,115.0,0.38232875,2.4233572,0.36507937,2.5434792,68.92444,0
44b6_996155de,919097,11,41.0,86.0,20.0,0.37891978,2.6070774,0.6507937,2.5401762,68.65625,0
44b6_996155de,919098,11,17.0,204.0,40.0,0.37088075,2.6758394,0.26984128,2.5434792,68.92444,1
44b6_996155de,919099,11,18.0,161.0,2.0,0.36956242,3.8410354,0.2857143,2.4687274,63.024292,0
44b6_996155de,919100,11,15.0,186.0,16.0,0.36231062,4.3107786,0.23809524,2.5401762,68.65625,0
44b6_996155de,919101,11,32.0,89.0,45.0,0.34056237,2.0837731,0.50793654,2.5401762,68.65625,0
44b6_996155de,919102,11,20.0,123.0,98.0,0.33916748,2.5958776,0.31746033,2.5434792,68.92444,0
44b6_996155de,919103,11,35.0,174.0,23.0,0.3302376,3.8907328,0.5555556,2.5401762,68.65625,0
44b6_996155de,919104,11,50.0,208.0,29.0,0.30510485,1.1405787,0.7936508,2.5401762,68.65625,0
44b6_996155de,919105,11,43.0,136.0,87.0,0.3081957,3.622015,0.6825397,2.5434792,68.92444,0
44b6_996155de,919106,11,7.0,214.0,26.0,0.30136797,2.250873,0.11111111,2.5368643,68.38806,0
44b6_996155de,919107,11,28.0,217.0,24.0,0.29142746,5.092407,0.44444445,2.5434792,68.92444,0
44b6_996155de,919108,11,49.0,100.0,28.0,0.26463792,2.0589187,0.7777778,2.5134354,66.51074,0
44b6_996155de,919109,11,31.0,113.0,78.0,0.26591292,6.054776,0.4920635,2.5434792,68.92444,0
44b6_996155de,919110,12,2.0,124.0,114.0,1.7478844,2.8832467,0.031746034,2.4687274,63.024292,0
44b6_996155de,919111,12,6.0,235.0,185.0,1.49873,2.8448648,0.0952381,2.5434792,68.92444,0
44b6_996155de,919112,12,11.0,165.0,139.0,1.4949466,3.2488105,0.17460318,2.5434792,68.92444,0
44b6_996155de,919113,12,11.0,44.0,27.0,1.1657269,2.9608467,0.17460318,2.5434792,68.92444,1
44b6_996155de,919114,12,11.0,53.0,23.0,1.0660427,2.0642996,0.17460318,2.5401762,68.65625,1
44b6_996155de,919115,12,17.0,82.0,9.0,0.8532805,1.6098577,0.26984128,2.5434792,68.92444,1
44b6_996155de,919116,12,17.0,75.0,9.0,0.8389374,1.9527342,0.26984128,2.5434792,68.92444,1
44b6_996155de,919117,12,8.0,82.0,28.0,0.77249837,1.6956412,0.12698413,2.5434792,68.92444,0
44b6_996155de,919118,12,14.0,9.0,34.0,0.6603162,3.3825083,0.22222222,2.5434792,68.92444,0
44b6_996155de,919119,12,37.0,250.0,189.0,0.64725053,3.8528044,0.5873016,2.5434792,68.92444,0
44b6_996155de,919120,12,44.0,216.0,69.0,0.6265448,3.6635325,0.6984127,2.5434792,68.92444,1
44b6_996155de,919121,12,35.0,52.0,6.0,0.61294574,4.274081,0.5555556,2.5434792,68.92444,0
44b6_996155de,919122,12,13.0,84.0,65.0,0.609429,3.2775333,0.20634921,2.5434792,68.92444,0
44b6_996155de,919123,12,60.0,213.0,57.0,0.6027491,7.828595,0.95238096,2.5401762,68.65625,0
44b6_996155de,919124,12,21.0,245.0,184.0,0.5782884,1.604867,0.33333334,2.5434792,68.92444,0
44b6_996155de,919125,12,20.0,234.0,195.0,0.5556665,0.8265068,0.31746033,2.5401762,68.65625,0
44b6_996155de,919126,12,38.0,220.0,63.0,0.5509067,2.3641357,0.6031746,2.5434792,68.92444,1
44b6_996155de,919127,12,20.0,59.0,36.0,0.54613954,1.2642734,0.31746033,2.5434792,68.92444,0
44b6_996155de,919128,12,22.0,246.0,83.0,0.5498642,6.584549,0.34920636,2.5434792,68.92444,0
44b6_996155de,919129,12,29.0,223.0,77.0,0.5291413,5.1224027,0.46031746,2.5434792,68.92444,0
44b6_996155de,919130,12,24.0,23.0,10.0,0.51228005,3.0354826,0.3809524,2.5434792,68.92444,0
44b6_996155de,919131,12,50.0,82.0,6.0,0.505308,3.3913164,0.7936508,2.5434792,68.92444,2
44b6_996155de,919132,12,47.0,227.0,170.0,0.513051,3.9205718,0.74603176,2.5434792,68.92444,0
44b6_996155de,919133,12,33.0,177.0,131.0,0.4736094,5.9722557,0.52380955,2.5434792,68.92444,0
44b6_996155de,919134,12,50.0,247.0,176.0,0.46644154,3.9113255,0.7936508,2.5434792,68.92444,0
44b6_996155de,919135,12,38.0,76.0,6.0,0.4562832,2.8069062,0.6031746,2.5434792,68.92444,1
44b6_996155de,919136,12,14.0,195.0,164.0,0.46162546,3.0218747,0.22222222,2.5434792,68.92444,1
44b6_996155de,919137,12,9.0,234.0,53.0,0.4376575,2.2376518,0.14285715,2.5434792,68.92444,0
44b6_996155de,919138,12,27.0,76.0,48.0,0.4345765,2.7740397,0.42857143,2.5434792,68.92444,0
44b6_996155de,919139,12,45.0,195.0,45.0,0.43604484,5.138888,0.71428573,2.5434792,68.92444,0
44b6_996155de,919140,12,52.0,162.0,16.0,0.4174192,6.2899904,0.82539684,2.5434792,68.92444,0
44b6_996155de,919141,12,18.0,201.0,158.0,0.40618652,2.126128,0.2857143,2.5434792,68.92444,1
44b6_996155de,919142,12,23.0,140.0,114.0,0.39541885,2.5621762,0.36507937,2.5434792,68.92444,0
44b6_996155de,919143,12,40.0,85.0,20.0,0.39483392,3.01709,0.63492066,2.5434792,68.92444,0
44b6_996155de,919144,12,17.0,203.0,41.0,0.3847123,2.7740357,0.26984128,2.5434792,68.92444,1
44b6_996155de,919145,12,24.0,196.0,45.0,0.383244,2.7427564,0.3809524,2.5434792,68.92444,1
44b6_996155de,919146,12,60.0,92.0,7.0,0.34256095,1.2844932,0.95238096,2.5066607,65.974365,1
44b6_996155de,919147,12,15.0,182.0,15.0,0.33531314,3.832705,0.23809524,2.5434792,68.92444,0
44b6_996155de,919148,12,19.0,127.0,101.0,0.32922447,1.1699004,0.3015873,2.5368643,68.38806,0
44b6_996155de,919149,12,36.0,170.0,24.0,0.33158848,3.7588165,0.5714286,2.5434792,68.92444,0
44b6_996155de,919150,12,42.0,133.0,83.0,0.32273206,3.610658,0.6666667,2.5434792,68.92444,0
44b6_996155de,919151,12,32.0,92.0,47.0,0.3189291,2.493368,0.50793654,2.5434792,68.92444,0
44b6_996155de,919152,12,50.0,207.0,29.0,0.29648095,1.201228,0.7936508,2.5401762,68.65625,0
44b6_996155de,919153,12,28.0,215.0,24.0,0.2968896,5.0141773,0.44444445,2.5434792,68.92444,0
44b6_996155de,919154,12,7.0,212.0,25.0,0.28413236,2.2392554,0.11111111,2.5434792,68.92444,0
44b6_996155de,919155,13,3.0,125.0,115.0,1.6087387,2.9576352,0.04761905,2.5401762,68.65625,0
44b6_996155de,919156,13,6.0,234.0,185.0,1.5976139,3.2762988,0.0952381,2.5434792,68.92444,0
44b6_996155de,919157,13,10.0,163.0,139.0,1.3887502,3.263635,0.15873016,2.5434792,68.92444,0
44b6_996155de,919158,13,12.0,52.0,23.0,1.1989672,2.9792678,0.1904762,2.5434792,68.92444,0
44b6_996155de,919159,13,16.0,77.0,12.0,0.8616842,2.513577,0.25396827,2.5434792,68.92444,1
44b6_996155de,919160,13,16.0,83.0,12.0,0.859675,2.1330123,0.25396827,2.5434792,68.92444,1
44b6_996155de,919161,13,5.0,250.0,184.0,0.7669774,0.8440519,0.07936508,2.5268764,67.583496,1
44b6_996155de,919162,13,8.0,84.0,27.0,0.7063309,1.5137929,0.12698413,2.5434792,68.92444,0
44b6_996155de,919163,13,14.0,11.0,34.0,0.6678536,3.5294843,0.22222222,2.5434792,68.92444,0
44b6_996155de,919164,13,37.0,250.0,189.0,0.6393852,4.4023266,0.5873016,2.5434792,68.92444,0
44b6_996155de,919165,13,14.0,82.0,62.0,0.6228936,3.7770677,0.22222222,2.5434792,68.92444,0
44b6_996155de,919166,13,43.0,215.0,69.0,0.61713046,3.3788183,0.6825397,2.5434792,68.92444,1
44b6_996155de,919167,13,19.0,245.0,183.0,0.5883513,1.1392924,0.3015873,2.5434792,68.92444,1
44b6_996155de,919168,13,34.0,52.0,7.0,0.58667254,3.893787,0.53968257,2.5434792,68.92444,0
44b6_996155de,919169,13,37.0,219.0,61.0,0.5791548,2.569743,0.5873016,2.5434792,68.92444,2
44b6_996155de,919170,13,19.0,233.0,195.0,0.5777011,0.8455498,0.3015873,2.5401762,68.65625,0
44b6_996155de,919171,13,20.0,59.0,35.0,0.57304895,1.1722147,0.31746033,2.5434792,68.92444,0
44b6_996155de,919172,13,28.0,219.0,73.0,0.5705553,3.909528,0.44444445,2.5434792,68.92444,1
44b6_996155de,919173,13,60.0,213.0,57.0,0.5321001,7.124946,0.95238096,2.5401762,68.65625,0
44b6_996155de,919174,13,49.0,80.0,6.0,0.5297531,3.5863168,0.7777778,2.5434792,68.92444,2
44b6_996155de,919175,13,25.0,22.0,8.0,0.5095441,2.8815258,0.3968254,2.5434792,68.92444,0
44b6_996155de,919176,13,46.0,226.0,171.0,0.50042826,3.8774421,0.73015875,2.5434792,68.92444,0
44b6_996155de,919177,13,21.0,245.0,85.0,0.47901767,6.235985,0.33333334,2.5434792,68.92444,0
44b6_996155de,919178,13,38.0,73.0,7.0,0.46750852,2.2426116,0.6031746,2.5434792,68.92444,1
44b6_996155de,919179,13,14.0,195.0,165.0,0.4657857,2.9424725,0.22222222,2.5434792,68.92444,1
44b6_996155de,919180,13,50.0,245.0,175.0,0.46202433,3.6883166,0.7936508,2.5434792,68.92444,0
44b6_996155de,919181,13,33.0,179.0,132.0,0.46336293,5.523547,0.52380955,2.5434792,68.92444,0
44b6_996155de,919182,13,26.0,74.0,48.0,0.44479358,1.8941735,0.41269842,2.5434792,68.92444,0
44b6_996155de,919183,13,45.0,193.0,45.0,0.4338668,5.4716396,0.71428573,2.5434792,68.92444,0
44b6_996155de,919184,13,52.0,161.0,16.0,0.41580892,6.014485,0.82539684,2.5434792,68.92444,0
44b6_996155de,919185,13,23.0,140.0,115.0,0.41135502,2.5387573,0.36507937,2.5434792,68.92444,0
44b6_996155de,919186,13,8.0,232.0,51.0,0.38797936,1.9406738,0.12698413,2.5434792,68.92444,0
44b6_996155de,919187,13,17.0,200.0,158.0,0.38802826,1.74662,0.26984128,2.5302145,67.851685,1
44b6_996155de,919188,13,40.0,84.0,23.0,0.38868168,3.5277538,0.63492066,2.5434792,68.92444,0
44b6_996155de,919189,13,16.0,202.0,40.0,0.37958297,3.1790962,0.25396827,2.5434792,68.92444,1
44b6_996155de,919190,13,24.0,192.0,44.0,0.37754446,3.3636148,0.3809524,2.5434792,68.92444,1
44b6_996155de,919191,13,18.0,129.0,103.0,0.35399505,0.8281082,0.2857143,2.5368643,68.38806,0
44b6_996155de,919192,13,59.0,90.0,6.0,0.3423464,1.2444696,0.93650794,2.4964292,65.1698,1
44b6_996155de,919193,13,35.0,170.0,25.0,0.33488733,4.258612,0.5555556,2.5434792,68.92444,0
44b6_996155de,919194,13,14.0,180.0,14.0,0.32563442,3.6911218,0.22222222,2.5434792,68.92444,0
44b6_996155de,919195,13,32.0,89.0,45.0,0.3178572,2.024216,0.50793654,2.5434792,68.92444,0
44b6_996155de,919196,13,42.0,134.0,86.0,0.3197636,3.497111,0.6666667,2.5434792,68.92444,0
44b6_996155de,919197,13,28.0,212.0,23.0,0.3172038,5.2458863,0.44444445,2.5434792,68.92444,0
44b6_996155de,919198,13,6.0,213.0,26.0,0.30424345,2.25531,0.0952381,2.5401762,68.65625,0
44b6_996155de,919199,13,50.0,205.0,29.0,0.2966498,1.432453,0.7936508,2.5434792,68.92444,0
44b6_996155de,919200,14,5.0,232.0,184.0,1.654345,3.1714976,0.07936508,2.5434792,68.92444,0
44b6_996155de,919201,14,2.0,125.0,116.0,1.5956483,3.1772852,0.031746034,2.4687274,63.024292,0
44b6_996155de,919202,14,8.0,162.0,139.0,1.2821575,3.0769017,0.12698413,2.5434792,68.92444,0
44b6_996155de,919203,14,11.0,52.0,22.0,1.1127205,2.9585469,0.17460318,2.5434792,68.92444,0
44b6_996155de,919204,14,16.0,83.0,13.0,0.8787093,2.4888487,0.25396827,2.5434792,68.92444,1
44b6_996155de,919205,14,3.0,250.0,184.0,0.84869546,1.6949912,0.04761905,2.5401762,68.65625,0
44b6_996155de,919206,14,8.0,87.0,25.0,0.7284854,2.0027585,0.12698413,2.5401762,68.65625,1
44b6_996155de,919207,14,18.0,244.0,183.0,0.67961967,1.6399122,0.2857143,2.5434792,68.92444,0
44b6_996155de,919208,14,42.0,215.0,67.0,0.67001694,3.4236436,0.6666667,2.5434792,68.92444,1
44b6_996155de,919209,14,13.0,10.0,34.0,0.6594621,3.6149955,0.20634921,2.5434792,68.92444,0
44b6_996155de,919210,14,18.0,233.0,196.0,0.64539796,1.1613451,0.2857143,2.5434792,68.92444,0
44b6_996155de,919211,14,37.0,218.0,61.0,0.61791116,2.5192528,0.5873016,2.5401762,68.65625,2
44b6_996155de,919212,14,36.0,247.0,188.0,0.614923,4.435704,0.5714286,2.5434792,68.92444,0
44b6_996155de,919213,14,13.0,81.0,62.0,0.5920148,3.7632875,0.20634921,2.5434792,68.92444,0
44b6_996155de,919214,14,33.0,52.0,8.0,0.57390064,4.0607376,0.52380955,2.5434792,68.92444,0
44b6_996155de,919215,14,18.0,63.0,41.0,0.5660084,2.4334435,0.2857143,2.5434792,68.92444,0
44b6_996155de,919216,14,59.0,212.0,56.0,0.5646012,7.7932067,0.93650794,2.5434792,68.92444,0
44b6_996155de,919217,14,28.0,219.0,72.0,0.56425124,3.3951309,0.44444445,2.5434792,68.92444,1
44b6_996155de,919218,14,49.0,79.0,7.0,0.55782735,3.5256214,0.7777778,2.5434792,68.92444,0
44b6_996155de,919219,14,2.0,51.0,69.0,0.5515268,3.6499538,0.031746034,2.4687274,63.024292,0
44b6_996155de,919220,14,24.0,19.0,7.0,0.51908815,2.688063,0.3809524,2.5434792,68.92444,0
44b6_996155de,919221,14,44.0,225.0,172.0,0.5156915,3.836819,0.6984127,2.5401762,68.65625,0
44b6_996155de,919222,14,20.0,244.0,84.0,0.50887114,6.4444833,0.31746033,2.5434792,68.92444,0
44b6_996155de,919223,14,13.0,198.0,166.0,0.49504197,2.9198582,0.20634921,2.5401762,68.65625,0
44b6_996155de,919224,14,61.0,189.0,34.0,0.4888559,5.8094687,0.96825397,2.4687274,63.024292,0
44b6_996155de,919225,14,26.0,74.0,49.0,0.45744562,1.9374293,0.41269842,2.5434792,68.92444,1
44b6_996155de,919226,14,45.0,194.0,45.0,0.44250298,5.3414607,0.71428573,2.5434792,68.92444,0
44b6_996155de,919227,14,33.0,179.0,134.0,0.43068793,4.715447,0.52380955,2.5434792,68.92444,0
44b6_996155de,919228,14,51.0,161.0,15.0,0.42472163,6.0599656,0.8095238,2.5434792,68.92444,0
44b6_996155de,919229,14,50.0,243.0,175.0,0.41901478,3.6151733,0.7936508,2.5434792,68.92444,0
44b6_996155de,919230,14,6.0,230.0,47.0,0.3934831,1.8654431,0.0952381,2.5434792,68.92444,0
44b6_996155de,919231,14,14.0,202.0,39.0,0.39731786,3.39861,0.22222222,2.5434792,68.92444,1
44b6_996155de,919232,14,21.0,147.0,124.0,0.3807454,1.7394139,0.33333334,2.5434792,68.92444,0
44b6_996155de,919233,14,40.0,82.0,22.0,0.38044685,2.1874213,0.63492066,2.5434792,68.92444,0
44b6_996155de,919234,14,23.0,192.0,42.0,0.36628982,2.927409,0.36507937,2.5434792,68.92444,1
44b6_996155de,919235,14,17.0,128.0,104.0,0.3588185,0.68695635,0.26984128,2.5401762,68.65625,0
44b6_996155de,919236,14,13.0,177.0,11.0,0.3511318,3.9154284,0.20634921,2.5268764,67.583496,0
44b6_996155de,919237,14,31.0,86.0,45.0,0.34712577,1.8951064,0.4920635,2.5401762,68.65625,1
44b6_996155de,919238,14,34.0,170.0,21.0,0.33919194,4.3593473,0.53968257,2.5434792,68.92444,0
44b6_996155de,919239,14,42.0,131.0,87.0,0.318053,3.42332,0.6666667,2.5434792,68.92444,0
44b6_996155de,919240,14,28.0,212.0,24.0,0.30806354,4.8158083,0.44444445,2.5434792,68.92444,0
44b6_996155de,919241,14,5.0,212.0,27.0,0.2964026,1.9223232,0.07936508,2.5100527,66.24255,0
44b6_996155de,919242,14,49.0,206.0,29.0,0.29754058,1.3120308,0.7777778,2.5368643,68.38806,0
44b6_996155de,919243,14,58.0,97.0,16.0,0.28205466,2.033753,0.9206349,2.5401762,68.65625,0
44b6_996155de,919244,15,5.0,229.0,182.0,1.6194307,3.140918,0.07936508,2.5434792,68.92444,0
44b6_996155de,919245,15,5.0,161.0,140.0,1.2300248,2.799301,0.07936508,2.5434792,68.92444,0
44b6_996155de,919246,15,11.0,52.0,23.0,1.0876294,2.6516652,0.17460318,2.5434792,68.92444,0
44b6_996155de,919247,15,15.0,87.0,14.0,0.8711279,2.6656141,0.23809524,2.5434792,68.92444,1
44b6_996155de,919248,15,8.0,88.0,26.0,0.7885569,2.1523793,0.12698413,2.5434792,68.92444,1
44b6_996155de,919249,15,3.0,249.0,183.0,0.77981037,2.3572261,0.04761905,2.5401762,68.65625,1
44b6_996155de,919250,15,17.0,233.0,195.0,0.6579106,1.4735196,0.26984128,2.5434792,68.92444,0
44b6_996155de,919251,15,13.0,10.0,33.0,0.6580794,3.386452,0.20634921,2.5434792,68.92444,0
44b6_996155de,919252,15,17.0,243.0,182.0,0.6590314,1.770728,0.26984128,2.5434792,68.92444,0
44b6_996155de,919253,15,41.0,214.0,65.0,0.63937795,3.5316916,0.6507937,2.5434792,68.92444,0
44b6_996155de,919254,15,12.0,85.0,66.0,0.6096444,2.3790343,0.1904762,2.5434792,68.92444,0
44b6_996155de,919255,15,8.0,247.0,196.0,0.5998483,1.6387405,0.12698413,2.5201738,67.04712,1
44b6_996155de,919256,15,33.0,52.0,8.0,0.59679174,4.152875,0.52380955,2.5434792,68.92444,0
44b6_996155de,919257,15,48.0,78.0,8.0,0.56869787,3.3397422,0.7619048,2.5434792,68.92444,1
44b6_996155de,919258,15,18.0,64.0,42.0,0.5558085,2.5424583,0.2857143,2.5434792,68.92444,0
44b6_996155de,919259,15,35.0,248.0,188.0,0.560578,4.270142,0.5555556,2.5434792,68.92444,0
44b6_996155de,919260,15,27.0,218.0,70.0,0.54840076,3.8989427,0.42857143,2.5434792,68.92444,0
44b6_996155de,919261,15,23.0,18.0,7.0,0.53849936,3.0390189,0.36507937,2.5434792,68.92444,0
44b6_996155de,919262,15,12.0,199.0,166.0,0.5367227,2.7229261,0.1904762,2.5434792,68.92444,1
44b6_996155de,919263,15,36.0,71.0,6.0,0.49949586,2.5552907,0.5714286,2.5401762,68.65625,1
44b6_996155de,919264,15,61.0,188.0,34.0,0.4928864,5.4538255,0.96825397,2.4687274,63.024292,0
44b6_996155de,919265,15,44.0,224.0,172.0,0.48855934,3.7130358,0.6984127,2.5434792,68.92444,0
44b6_996155de,919266,15,20.0,245.0,84.0,0.48835132,5.9150224,0.31746033,2.5434792,68.92444,0
44b6_996155de,919267,15,32.0,180.0,135.0,0.47963196,5.6169963,0.50793654,2.5434792,68.92444,0
44b6_996155de,919268,15,61.0,207.0,27.0,0.47045898,6.171849,0.96825397,2.4687274,63.024292,1
44b6_996155de,919269,15,25.0,75.0,50.0,0.4608815,2.084284,0.3968254,2.5434792,68.92444,1
44b6_996155de,919270,15,3.0,196.0,157.0,0.45052332,2.097104,0.04761905,2.5401762,68.65625,1
44b6_996155de,919271,15,43.0,194.0,44.0,0.46128774,5.3274646,0.6825397,2.5434792,68.92444,0
44b6_996155de,919272,15,58.0,211.0,55.0,0.4554536,6.487741,0.9206349,2.5434792,68.92444,0
44b6_996155de,919273,15,51.0,162.0,16.0,0.42622173,6.2313585,0.8095238,2.5434792,68.92444,0
44b6_996155de,919274,15,8.0,231.0,53.0,0.40559432,2.3378131,0.12698413,2.5434792,68.92444,0
44b6_996155de,919275,15,49.0,242.0,175.0,0.409292,3.2471645,0.7777778,2.5434792,68.92444,0
44b6_996155de,919276,15,40.0,83.0,22.0,0.3913883,2.1939702,0.63492066,2.5434792,68.92444,0
44b6_996155de,919277,15,15.0,202.0,42.0,0.390128,3.5289543,0.23809524,2.5401762,68.65625,1
44b6_996155de,919278,15,21.0,139.0,115.0,0.36593986,2.3826988,0.33333334,2.5401762,68.65625,2
44b6_996155de,919279,15,20.0,148.0,124.0,0.35848323,1.9818993,0.31746033,2.5434792,68.92444,1
44b6_996155de,919280,15,18.0,131.0,105.0,0.35247535,1.3059689,0.2857143,2.5434792,68.92444,1
44b6_996155de,919281,15,23.0,192.0,41.0,0.34780607,2.6842268,0.36507937,2.5434792,68.92444,1
44b6_996155de,919282,15,33.0,171.0,20.0,0.338842,4.2845087,0.52380955,2.5434792,68.92444,0
44b6_996155de,919283,15,30.0,87.0,46.0,0.33118957,1.6659136,0.47619048,2.5335438,68.11987,1
44b6_996155de,919284,15,11.0,177.0,9.0,0.31960696,3.7480946,0.17460318,2.5434792,68.92444,0
44b6_996155de,919285,15,5.0,214.0,29.0,0.3063211,2.2296283,0.07936508,2.5335438,68.11987,0
44b6_996155de,919286,15,41.0,134.0,90.0,0.30166656,3.620309,0.6507937,2.5434792,68.92444,0
44b6_996155de,919287,15,27.0,211.0,22.0,0.2946798,4.4053893,0.42857143,2.5434792,68.92444,0
44b6_996155de,919288,15,49.0,206.0,27.0,0.28962386,1.1715426,0.7777778,2.5134354,66.51074,1
44b6_996155de,919289,16,6.0,226.0,181.0,1.5168172,2.806074,0.0952381,2.5434792,68.92444,0
44b6_996155de,919290,16,3.0,162.0,142.0,1.2247223,2.842607,0.04761905,2.5401762,68.65625,0
44b6_996155de,919291,16,10.0,54.0,22.0,1.1179429,3.0032263,0.15873016,2.5434792,68.92444,0
44b6_996155de,919292,16,14.0,88.0,18.0,0.8944106,2.4970922,0.22222222,2.5434792,68.92444,0
44b6_996155de,919293,16,4.0,39.0,28.0,0.82485133,1.9993104,0.06349207,2.5100527,66.24255,0
44b6_996155de,919294,16,3.0,247.0,183.0,0.7640625,2.2244039,0.04761905,2.5401762,68.65625,2
44b6_996155de,919295,16,16.0,233.0,196.0,0.63717055,1.4329237,0.25396827,2.5434792,68.92444,0
44b6_996155de,919296,16,40.0,214.0,64.0,0.64310986,3.558103,0.63492066,2.5434792,68.92444,0
44b6_996155de,919297,16,10.0,86.0,69.0,0.6300614,1.8228376,0.15873016,2.5434792,68.92444,0
44b6_996155de,919298,16,12.0,9.0,35.0,0.6281037,3.2275355,0.1904762,2.5434792,68.92444,0
44b6_996155de,919299,16,17.0,242.0,182.0,0.62129307,1.8287925,0.26984128,2.5434792,68.92444,1
44b6_996155de,919300,16,7.0,246.0,197.0,0.58420336,1.7788849,0.11111111,2.5335438,68.11987,1
44b6_996155de,919301,16,32.0,53.0,10.0,0.58305806,4.454911,0.50793654,2.5434792,68.92444,0
44b6_996155de,919302,16,47.0,78.0,8.0,0.5643002,3.0050683,0.74603176,2.5434792,68.92444,2
44b6_996155de,919303,16,18.0,65.0,43.0,0.55441356,2.6399662,0.2857143,2.5434792,68.92444,1
44b6_996155de,919304,16,22.0,18.0,9.0,0.5520838,2.9721415,0.34920636,2.5434792,68.92444,0
44b6_996155de,919305,16,12.0,201.0,168.0,0.54312944,2.1756444,0.1904762,2.5401762,68.65625,0
44b6_996155de,919306,16,34.0,244.0,185.0,0.54194504,4.2147284,0.53968257,2.5434792,68.92444,0
44b6_996155de,919307,16,32.0,183.0,137.0,0.53153706,6.4673343,0.50793654,2.5434792,68.92444,0
44b6_996155de,919308,16,26.0,218.0,70.0,0.51850575,4.469094,0.41269842,2.5434792,68.92444,0
44b6_996155de,919309,16,44.0,222.0,171.0,0.51417667,3.9921882,0.6984127,2.5434792,68.92444,0
44b6_996155de,919310,16,36.0,72.0,8.0,0.49013534,2.1384692,0.5714286,2.5434792,68.92444,1
44b6_996155de,919311,16,60.0,188.0,34.0,0.48651975,5.4982147,0.95238096,2.5401762,68.65625,0
44b6_996155de,919312,16,25.0,74.0,50.0,0.4696547,1.9369463,0.3968254,2.5434792,68.92444,2
44b6_996155de,919313,16,20.0,243.0,83.0,0.4721288,6.0244327,0.31746033,2.5434792,68.92444,0
44b6_996155de,919314,16,42.0,195.0,45.0,0.4641485,5.168903,0.6666667,2.5434792,68.92444,0
44b6_996155de,919315,16,57.0,213.0,56.0,0.45851746,6.0219517,0.9047619,2.5434792,68.92444,0
44b6_996155de,919316,16,61.0,207.0,26.0,0.43835676,5.8105745,0.96825397,2.4687274,63.024292,1
44b6_996155de,919317,16,8.0,233.0,55.0,0.42523557,2.595256,0.12698413,2.5434792,68.92444,0
44b6_996155de,919318,16,51.0,163.0,16.0,0.42261946,6.046455,0.8095238,2.5434792,68.92444,0
44b6_996155de,919319,16,13.0,188.0,146.0,0.41398576,2.4304657,0.20634921,2.5434792,68.92444,0
44b6_996155de,919320,16,49.0,241.0,174.0,0.40226123,3.412971,0.7777778,2.5434792,68.92444,0
44b6_996155de,919321,16,55.0,84.0,4.0,0.39055625,0.730914,0.8730159,2.4895616,64.63342,1
44b6_996155de,919322,16,14.0,202.0,41.0,0.39285907,3.177077,0.22222222,2.5434792,68.92444,1
44b6_996155de,919323,16,19.0,133.0,107.0,0.37859187,1.9995248,0.3015873,2.5434792,68.92444,0
44b6_996155de,919324,16,40.0,86.0,24.0,0.35524803,2.0808296,0.63492066,2.5434792,68.92444,0
44b6_996155de,919325,16,20.0,148.0,124.0,0.34692758,2.606356,0.31746033,2.5434792,68.92444,0
44b6_996155de,919326,16,21.0,193.0,40.0,0.3403103,2.3878448,0.33333334,2.5434792,68.92444,1
44b6_996155de,919327,16,33.0,172.0,20.0,0.33472824,4.3892765,0.52380955,2.5434792,68.92444,0
44b6_996155de,919328,16,30.0,88.0,48.0,0.31508455,1.5426903,0.47619048,2.5368643,68.38806,1
44b6_996155de,919329,16,10.0,177.0,7.0,0.309177,3.7032447,0.15873016,2.5401762,68.65625,0
44b6_996155de,919330,16,4.0,216.0,31.0,0.30300027,1.9159473,0.06349207,2.5168092,66.77893,0
44b6_996155de,919331,16,48.0,205.0,26.0,0.2991704,1.9712912,0.7619048,2.5368643,68.38806,1
44b6_996155de,919332,16,41.0,134.0,89.0,0.300323,3.5609283,0.6507937,2.5434792,68.92444,0
44b6_996155de,919333,16,55.0,97.0,20.0,0.29408756,2.5482247,0.8730159,2.5434792,68.92444,0
44b6_996155de,919334,16,27.0,211.0,22.0,0.28994444,4.3460608,0.42857143,2.5434792,68.92444,0
44b6_996155de,919335,16,59.0,122.0,51.0,0.27259383,4.2416663,0.93650794,2.5434792,68.92444,0
44b6_996155de,919336,16,48.0,100.0,35.0,0.26571715,2.8982005,0.7619048,2.5434792,68.92444,0
44b6_996155de,919337,17,6.0,223.0,180.0,1.4729804,2.765843,0.0952381,2.5434792,68.92444,0
44b6_996155de,919338,17,10.0,50.0,25.0,1.048183,2.8022485,0.15873016,2.5434792,68.92444,1
44b6_996155de,919339,17,2.0,40.0,32.0,0.8838458,1.9275868,0.031746034,2.4687274,63.024292,1
44b6_996155de,919340,17,14.0,88.0,22.0,0.84205264,2.4458294,0.22222222,2.5434792,68.92444,1
44b6_996155de,919341,17,7.0,90.0,29.0,0.7825881,1.5780483,0.11111111,2.5368643,68.38806,1
44b6_996155de,919342,17,9.0,87.0,72.0,0.70122117,1.6823188,0.14285715,2.5434792,68.92444,0
44b6_996155de,919343,17,16.0,231.0,195.0,0.64613956,1.6064698,0.25396827,2.5434792,68.92444,0
44b6_996155de,919344,17,39.0,212.0,62.0,0.62596726,3.6833622,0.61904764,2.5434792,68.92444,0
44b6_996155de,919345,17,18.0,241.0,182.0,0.61624205,2.898658,0.2857143,2.5434792,68.92444,0
44b6_996155de,919346,17,10.0,9.0,38.0,0.6074297,3.3143413,0.15873016,2.5434792,68.92444,0
44b6_996155de,919347,17,60.0,204.0,27.0,0.58497936,6.024575,0.95238096,2.5401762,68.65625,1
44b6_996155de,919348,17,21.0,19.0,11.0,0.5781441,3.2292645,0.33333334,2.5434792,68.92444,0
44b6_996155de,919349,17,32.0,52.0,11.0,0.5681839,3.855891,0.50793654,2.5434792,68.92444,0
44b6_996155de,919350,17,17.0,65.0,44.0,0.56244034,2.7501466,0.26984128,2.5434792,68.92444,0
44b6_996155de,919351,17,47.0,78.0,11.0,0.5481242,3.3982348,0.74603176,2.5434792,68.92444,0
44b6_996155de,919352,17,6.0,245.0,197.0,0.5457798,2.1902485,0.0952381,2.5335438,68.11987,0
44b6_996155de,919353,17,33.0,243.0,185.0,0.5397303,3.8609893,0.52380955,2.5434792,68.92444,0
44b6_996155de,919354,17,11.0,201.0,169.0,0.5375645,1.7572796,0.17460318,2.5434792,68.92444,0
44b6_996155de,919355,17,32.0,184.0,138.0,0.5351296,6.632482,0.50793654,2.5434792,68.92444,0
44b6_996155de,919356,17,20.0,241.0,81.0,0.53406507,5.5926914,0.31746033,2.5434792,68.92444,0
44b6_996155de,919357,17,43.0,223.0,171.0,0.51887774,3.9320776,0.6825397,2.5434792,68.92444,0
44b6_996155de,919358,17,59.0,187.0,34.0,0.5027066,4.875251,0.93650794,2.5434792,68.92444,0
44b6_996155de,919359,17,40.0,194.0,44.0,0.48814818,5.3069515,0.63492066,2.5434792,68.92444,0
44b6_996155de,919360,17,26.0,217.0,68.0,0.48029515,3.283687,0.41269842,2.5434792,68.92444,0
44b6_996155de,919361,17,57.0,209.0,53.0,0.4727896,6.286397,0.9047619,2.5434792,68.92444,0
44b6_996155de,919362,17,50.0,162.0,17.0,0.4355872,6.2514353,0.7936508,2.5434792,68.92444,0
44b6_996155de,919363,17,12.0,202.0,39.0,0.4158334,3.5357447,0.1904762,2.5434792,68.92444,2
44b6_996155de,919364,17,7.0,231.0,54.0,0.40486014,2.4834738,0.11111111,2.5401762,68.65625,0
44b6_996155de,919365,17,12.0,185.0,144.0,0.39861733,1.4517184,0.1904762,2.5434792,68.92444,1
44b6_996155de,919366,17,18.0,132.0,106.0,0.39433473,1.6329361,0.2857143,2.5434792,68.92444,0
44b6_996155de,919367,17,48.0,242.0,174.0,0.39675257,3.40004,0.7619048,2.5434792,68.92444,0
44b6_996155de,919368,17,16.0,174.0,139.0,0.36020118,1.0475985,0.25396827,2.5335438,68.11987,1
44b6_996155de,919369,17,39.0,83.0,24.0,0.356315,1.8294655,0.61904764,2.5434792,68.92444,0
44b6_996155de,919370,17,20.0,148.0,124.0,0.3477278,2.8765082,0.31746033,2.5434792,68.92444,0
44b6_996155de,919371,17,32.0,172.0,20.0,0.3304603,4.126449,0.50793654,2.5434792,68.92444,0
44b6_996155de,919372,17,5.0,212.0,32.0,0.31435528,1.53808,0.07936508,2.5368643,68.38806,1
44b6_996155de,919373,17,29.0,88.0,51.0,0.31556174,1.4638315,0.46031746,2.5434792,68.92444,0
44b6_996155de,919374,17,20.0,191.0,39.0,0.3167413,2.1554058,0.31746033,2.5434792,68.92444,1
44b6_996155de,919375,17,8.0,174.0,3.0,0.31201112,3.346355,0.12698413,2.5302145,67.851685,0
44b6_996155de,919376,17,41.0,133.0,90.0,0.3022294,3.729349,0.6507937,2.5434792,68.92444,0
44b6_996155de,919377,17,55.0,97.0,22.0,0.29848275,3.1393068,0.8730159,2.5434792,68.92444,0
44b6_996155de,919378,17,26.0,209.0,21.0,0.28759024,4.3076267,0.41269842,2.5434792,68.92444,0
44b6_996155de,919379,17,48.0,203.0,26.0,0.28209138,0.7178578,0.7619048,2.4791882,63.828857,1
44b6_996155de,919380,17,58.0,120.0,52.0,0.26636568,4.117598,0.9206349,2.5434792,68.92444,0
44b6_996155de,919381,17,48.0,101.0,38.0,0.26190197,3.8518,0.7619048,2.5434792,68.92444,0
44b6_996155de,919382,17,54.0,154.0,99.0,0.2543597,3.935726,0.85714287,2.5434792,68.92444,0
44b6_996155de,919383,18,6.0,227.0,184.0,1.5518146,3.2297666,0.0952381,2.5434792,68.92444,0
44b6_996155de,919384,18,10.0,45.0,32.0,0.98374563,2.1774466,0.15873016,2.5434792,68.92444,1
44b6_996155de,919385,18,10.0,50.0,28.0,0.9674179,2.357265,0.15873016,2.5434792,68.92444,1
44b6_996155de,919386,18,14.0,87.0,25.0,0.87705016,3.1981292,0.22222222,2.5434792,68.92444,0
44b6_996155de,919387,18,4.0,87.0,38.0,0.7558329,2.3646321,0.06349207,2.5434792,68.92444,0
44b6_996155de,919388,18,16.0,230.0,196.0,0.7497002,1.6066566,0.25396827,2.5434792,68.92444,0
44b6_996155de,919389,18,10.0,6.0,38.0,0.63323784,3.4209688,0.15873016,2.5434792,68.92444,0
44b6_996155de,919390,18,39.0,211.0,62.0,0.6197856,3.388449,0.61904764,2.5434792,68.92444,0
44b6_996155de,919391,18,17.0,240.0,184.0,0.6131904,1.4591033,0.26984128,2.5434792,68.92444,0
44b6_996155de,919392,18,20.0,19.0,13.0,0.578073,3.3900778,0.31746033,2.5434792,68.92444,0
44b6_996155de,919393,18,31.0,51.0,11.0,0.5581798,3.6227193,0.4920635,2.5434792,68.92444,0
44b6_996155de,919394,18,47.0,77.0,13.0,0.55743825,3.6373732,0.74603176,2.5434792,68.92444,0
44b6_996155de,919395,18,17.0,62.0,44.0,0.5429631,2.4445584,0.26984128,2.5434792,68.92444,1
44b6_996155de,919396,18,60.0,202.0,27.0,0.5379668,5.8353186,0.95238096,2.5401762,68.65625,1
44b6_996155de,919397,18,5.0,245.0,200.0,0.5215696,1.8862071,0.07936508,2.5335438,68.11987,0
44b6_996155de,919398,18,33.0,241.0,186.0,0.5250887,3.924829,0.52380955,2.5434792,68.92444,0
44b6_996155de,919399,18,31.0,180.0,138.0,0.52704155,6.9801364,0.4920635,2.5434792,68.92444,0
44b6_996155de,919400,18,59.0,186.0,36.0,0.51751214,4.95443,0.93650794,2.5434792,68.92444,0
44b6_996155de,919401,18,35.0,69.0,8.0,0.5039889,2.4841473,0.5555556,2.5401762,68.65625,0
44b6_996155de,919402,18,20.0,239.0,81.0,0.501439,5.476392,0.31746033,2.5434792,68.92444,0
44b6_996155de,919403,18,11.0,201.0,171.0,0.49604777,1.7593757,0.17460318,2.5368643,68.38806,0
44b6_996155de,919404,18,56.0,208.0,55.0,0.49930984,6.593348,0.8888889,2.5434792,68.92444,0
44b6_996155de,919405,18,39.0,192.0,44.0,0.47232947,5.3584194,0.61904764,2.5434792,68.92444,0
44b6_996155de,919406,18,24.0,72.0,52.0,0.4596946,2.0263658,0.3809524,2.5434792,68.92444,1
44b6_996155de,919407,18,11.0,202.0,38.0,0.43430728,3.489526,0.17460318,2.5434792,68.92444,1
44b6_996155de,919408,18,25.0,217.0,69.0,0.43498522,3.7616866,0.3968254,2.5434792,68.92444,0
44b6_996155de,919409,18,45.0,222.0,170.0,0.42426154,3.1558774,0.71428573,2.5434792,68.92444,1
44b6_996155de,919410,18,50.0,161.0,18.0,0.42767543,6.3505874,0.7936508,2.5434792,68.92444,0
44b6_996155de,919411,18,13.0,184.0,147.0,0.4199251,2.1912086,0.20634921,2.5434792,68.92444,1
44b6_996155de,919412,18,41.0,224.0,175.0,0.4100678,2.5691638,0.6507937,2.5434792,68.92444,1
44b6_996155de,919413,18,7.0,231.0,57.0,0.3973913,2.35309,0.11111111,2.5434792,68.92444,0
44b6_996155de,919414,18,17.0,130.0,108.0,0.38725987,1.2318115,0.26984128,2.5434792,68.92444,0
44b6_996155de,919415,18,48.0,243.0,178.0,0.37177643,3.4629319,0.7619048,2.5434792,68.92444,0
44b6_996155de,919416,18,16.0,173.0,141.0,0.34702545,1.8211651,0.25396827,2.5434792,68.92444,1
44b6_996155de,919417,18,40.0,83.0,25.0,0.34158775,1.3570683,0.63492066,2.5434792,68.92444,0
44b6_996155de,919418,18,20.0,148.0,126.0,0.3419059,2.7323394,0.31746033,2.5434792,68.92444,0
44b6_996155de,919419,18,32.0,170.0,21.0,0.32835573,4.26286,0.50793654,2.5401762,68.65625,0
44b6_996155de,919420,18,29.0,88.0,52.0,0.30887356,1.5981781,0.46031746,2.5401762,68.65625,0
44b6_996155de,919421,18,54.0,95.0,23.0,0.3108484,2.5478106,0.85714287,2.5401762,68.65625,0
44b6_996155de,919422,18,18.0,190.0,38.0,0.30874383,1.9135373,0.2857143,2.5434792,68.92444,1
44b6_996155de,919423,18,9.0,173.0,5.0,0.30675182,3.4538486,0.14285715,2.5368643,68.38806,0
44b6_996155de,919424,18,41.0,130.0,88.0,0.3068693,3.6571631,0.6507937,2.5434792,68.92444,0
44b6_996155de,919425,18,58.0,118.0,52.0,0.27347723,4.0062428,0.9206349,2.5434792,68.92444,0
44b6_996155de,919426,18,48.0,99.0,37.0,0.26741308,3.0139759,0.7619048,2.5368643,68.38806,0
44b6_996155de,919427,18,26.0,207.0,21.0,0.26257002,4.2442293,0.41269842,2.5368643,68.38806,0
44b6_996155de,919428,18,47.0,201.0,26.0,0.2556616,0.9482567,0.74603176,2.5235295,67.31531,1
44b6_996155de,919429,19,6.0,226.0,186.0,1.5690233,3.2453327,0.0952381,2.5434792,68.92444,0
44b6_996155de,919430,19,9.0,45.0,31.0,1.0310453,2.3741097,0.14285715,2.5434792,68.92444,0
44b6_996155de,919431,19,8.0,46.0,4.0,0.9254117,3.5426993,0.12698413,2.5434792,68.92444,0
44b6_996155de,919432,19,14.0,86.0,25.0,0.82763135,3.2732673,0.22222222,2.5434792,68.92444,0
44b6_996155de,919433,19,5.0,87.0,38.0,0.74392235,2.4634604,0.07936508,2.5434792,68.92444,0
44b6_996155de,919434,19,10.0,6.0,38.0,0.6467244,3.5391386,0.15873016,2.5434792,68.92444,0
44b6_996155de,919435,19,16.0,238.0,185.0,0.6377921,0.95382744,0.25396827,2.5434792,68.92444,0
44b6_996155de,919436,19,19.0,17.0,13.0,0.5875609,3.1758475,0.3015873,2.5401762,68.65625,0
44b6_996155de,919437,19,39.0,209.0,62.0,0.59157914,3.74197,0.61904764,2.5434792,68.92444,0
44b6_996155de,919438,19,31.0,52.0,12.0,0.55055183,2.9369419,0.4920635,2.5434792,68.92444,0
44b6_996155de,919439,19,17.0,59.0,42.0,0.5478232,1.8344359,0.26984128,2.5434792,68.92444,0
44b6_996155de,919440,19,55.0,207.0,55.0,0.5418374,7.0114384,0.8730159,2.5434792,68.92444,0
44b6_996155de,919441,19,47.0,77.0,14.0,0.51773,3.1578586,0.74603176,2.5434792,68.92444,1
44b6_996155de,919442,19,38.0,190.0,45.0,0.4973007,5.404861,0.6031746,2.5434792,68.92444,0
44b6_996155de,919443,19,60.0,202.0,28.0,0.4879889,5.689752,0.95238096,2.5401762,68.65625,1
44b6_996155de,919444,19,58.0,185.0,38.0,0.48875025,5.1649933,0.9206349,2.5434792,68.92444,0
44b6_996155de,919445,19,32.0,238.0,186.0,0.48165086,3.0661817,0.50793654,2.5434792,68.92444,0
44b6_996155de,919446,19,38.0,220.0,176.0,0.47924283,3.879462,0.6031746,2.5368643,68.38806,1
44b6_996155de,919447,19,20.0,237.0,82.0,0.47241515,5.4157214,0.31746033,2.5434792,68.92444,0
44b6_996155de,919448,19,24.0,72.0,52.0,0.4632112,2.5959537,0.3809524,2.5434792,68.92444,0
44b6_996155de,919449,19,48.0,223.0,170.0,0.45537037,3.4434974,0.7619048,2.5168092,66.77893,1
44b6_996155de,919450,19,11.0,200.0,38.0,0.43171817,3.5604603,0.17460318,2.5335438,68.11987,1
44b6_996155de,919451,19,24.0,214.0,67.0,0.42417344,3.5907645,0.3809524,2.5434792,68.92444,0
44b6_996155de,919452,19,12.0,183.0,147.0,0.41291878,1.5084451,0.1904762,2.5434792,68.92444,0
44b6_996155de,919453,19,50.0,160.0,18.0,0.41773242,6.2445164,0.7936508,2.5434792,68.92444,0
44b6_996155de,919454,19,8.0,230.0,58.0,0.3982943,2.559062,0.12698413,2.5434792,68.92444,0
44b6_996155de,919455,19,16.0,129.0,109.0,0.38612682,1.0562353,0.25396827,2.5434792,68.92444,0
44b6_996155de,919456,19,48.0,243.0,179.0,0.39120722,4.1352196,0.7619048,2.5434792,68.92444,0
44b6_996155de,919457,19,15.0,169.0,139.0,0.3646257,2.2428198,0.23809524,2.5401762,68.65625,0
44b6_996155de,919458,19,31.0,184.0,144.0,0.3617062,3.7274334,0.4920635,2.5434792,68.92444,1
44b6_996155de,919459,19,20.0,149.0,129.0,0.35724983,2.7294133,0.31746033,2.5434792,68.92444,0
44b6_996155de,919460,19,32.0,179.0,140.0,0.3557448,3.5168781,0.50793654,2.5434792,68.92444,1
44b6_996155de,919461,19,39.0,81.0,24.0,0.34801164,1.3163558,0.61904764,2.5434792,68.92444,1
44b6_996155de,919462,19,29.0,89.0,55.0,0.3158579,1.8916574,0.46031746,2.5434792,68.92444,0
44b6_996155de,919463,19,54.0,94.0,23.0,0.31338128,2.5500674,0.85714287,2.5434792,68.92444,1
44b6_996155de,919464,19,42.0,128.0,88.0,0.31432348,3.7213242,0.6666667,2.5434792,68.92444,0
44b6_996155de,919465,19,16.0,189.0,38.0,0.30823237,1.8025019,0.25396827,2.5401762,68.65625,1
44b6_996155de,919466,19,32.0,168.0,20.0,0.30541566,4.0306783,0.50793654,2.5401762,68.65625,0
44b6_996155de,919467,19,48.0,97.0,35.0,0.26714873,2.2671454,0.7619048,2.5268764,67.583496,1
44b6_996155de,919468,19,58.0,118.0,52.0,0.2682549,4.149805,0.9206349,2.5434792,68.92444,0
44b6_996155de,919469,19,25.0,204.0,19.0,0.2615104,3.9548578,0.3968254,2.5401762,68.65625,0
44b6_996155de,919470,19,54.0,151.0,102.0,0.25647897,4.0750904,0.85714287,2.5434792,68.92444,0
44b6_996155de,919471,19,47.0,199.0,24.0,0.24594377,1.315108,0.74603176,2.5335438,68.11987,2
44b6_996155de,919472,19,39.0,195.0,12.0,0.24437512,2.7695801,0.61904764,2.5134354,66.51074,1
44b6_996155de,919473,20,6.0,225.0,188.0,1.6525145,3.393834,0.0952381,2.5434792,68.92444,0
44b6_996155de,919474,20,8.0,48.0,32.0,1.0855639,3.0004647,0.12698413,2.5434792,68.92444,0
44b6_996155de,919475,20,7.0,46.0,7.0,0.94714284,3.7153308,0.11111111,2.5434792,68.92444,0
44b6_996155de,919476,20,14.0,89.0,27.0,0.8731517,2.9728374,0.22222222,2.5434792,68.92444,1
44b6_996155de,919477,20,6.0,90.0,37.0,0.82369876,2.2269921,0.0952381,2.5401762,68.65625,1
44b6_996155de,919478,20,17.0,237.0,187.0,0.62982655,0.7452487,0.26984128,2.5434792,68.92444,1
44b6_996155de,919479,20,10.0,5.0,40.0,0.6199447,3.2965367,0.15873016,2.5434792,68.92444,0
44b6_996155de,919480,20,20.0,17.0,15.0,0.5995888,3.5465477,0.31746033,2.5434792,68.92444,0
44b6_996155de,919481,20,39.0,206.0,62.0,0.5858551,3.7787113,0.61904764,2.5434792,68.92444,0
44b6_996155de,919482,20,31.0,51.0,14.0,0.5632969,2.6105042,0.4920635,2.5434792,68.92444,0
44b6_996155de,919483,20,17.0,62.0,47.0,0.55232114,2.3690858,0.26984128,2.5434792,68.92444,1
44b6_996155de,919484,20,28.0,230.0,185.0,0.52862,2.162473,0.44444445,2.5434792,68.92444,1
44b6_996155de,919485,20,48.0,77.0,17.0,0.52883047,3.1625142,0.7619048,2.5434792,68.92444,1
44b6_996155de,919486,20,55.0,205.0,57.0,0.52545583,6.8294134,0.8730159,2.5434792,68.92444,0
44b6_996155de,919487,20,38.0,187.0,46.0,0.5141228,5.4163575,0.6031746,2.5434792,68.92444,0
44b6_996155de,919488,20,58.0,185.0,41.0,0.48388028,4.4638543,0.9206349,2.5434792,68.92444,0
44b6_996155de,919489,20,38.0,218.0,179.0,0.4731224,3.7070866,0.6031746,2.5335438,68.11987,1
44b6_996155de,919490,20,60.0,200.0,29.0,0.46714082,5.370513,0.95238096,2.5401762,68.65625,0
44b6_996155de,919491,20,23.0,70.0,53.0,0.46153244,1.7551394,0.36507937,2.5434792,68.92444,1
44b6_996155de,919492,20,49.0,222.0,173.0,0.44860876,3.9347227,0.7777778,2.5335438,68.11987,1
44b6_996155de,919493,20,23.0,213.0,70.0,0.4314906,5.1988797,0.36507937,2.5434792,68.92444,0
44b6_996155de,919494,20,12.0,182.0,149.0,0.422458,1.190754,0.1904762,2.5401762,68.65625,0
44b6_996155de,919495,20,50.0,158.0,18.0,0.42166263,6.3399496,0.7936508,2.5434792,68.92444,0
44b6_996155de,919496,20,10.0,201.0,39.0,0.40800726,3.4106817,0.15873016,2.5401762,68.65625,1
44b6_996155de,919497,20,8.0,228.0,56.0,0.39209554,2.7482972,0.12698413,2.5434792,68.92444,0
44b6_996155de,919498,20,15.0,129.0,113.0,0.38461688,0.62261975,0.23809524,2.5434792,68.92444,0
44b6_996155de,919499,20,20.0,235.0,81.0,0.38337618,4.90826,0.31746033,2.5434792,68.92444,0
44b6_996155de,919500,20,48.0,241.0,181.0,0.37706974,3.8146598,0.7619048,2.5434792,68.92444,0
44b6_996155de,919501,20,20.0,149.0,131.0,0.3688202,2.8596196,0.31746033,2.5434792,68.92444,0
44b6_996155de,919502,20,15.0,169.0,141.0,0.3694883,2.4217813,0.23809524,2.5401762,68.65625,0
44b6_996155de,919503,20,39.0,81.0,28.0,0.35687542,1.6435703,0.61904764,2.5434792,68.92444,1
44b6_996155de,919504,20,31.0,189.0,151.0,0.35208383,7.815675,0.4920635,2.5434792,68.92444,0
44b6_996155de,919505,20,31.0,171.0,135.0,0.34853047,7.5669394,0.4920635,2.5434792,68.92444,0
44b6_996155de,919506,20,29.0,88.0,57.0,0.33083963,1.8699718,0.46031746,2.5434792,68.92444,0
44b6_996155de,919507,20,4.0,214.0,33.0,0.32529178,1.8517267,0.06349207,2.5368643,68.38806,0
44b6_996155de,919508,20,54.0,93.0,26.0,0.32302818,2.4467669,0.85714287,2.5401762,68.65625,0
44b6_996155de,919509,20,33.0,166.0,22.0,0.3248073,3.9637198,0.52380955,2.5434792,68.92444,0
44b6_996155de,919510,20,26.0,215.0,51.0,0.31452662,1.0458434,0.41269842,2.5268764,67.583496,0
44b6_996155de,919511,20,43.0,127.0,89.0,0.31876755,3.6498482,0.6825397,2.5434792,68.92444,0
44b6_996155de,919512,20,9.0,168.0,6.0,0.30620122,3.5481682,0.14285715,2.5401762,68.65625,0
44b6_996155de,919513,20,16.0,188.0,41.0,0.29329464,1.9666514,0.25396827,2.5201738,67.04712,1
44b6_996155de,919514,20,61.0,223.0,158.0,0.2940773,4.700786,0.96825397,2.4687274,63.024292,0
44b6_996155de,919515,21,6.0,224.0,189.0,1.6323471,3.174915,0.0952381,2.5434792,68.92444,0
44b6_996155de,919516,21,8.0,52.0,31.0,1.048643,3.6135879,0.12698413,2.5434792,68.92444,0
44b6_996155de,919517,21,7.0,51.0,13.0,0.90682036,2.6538947,0.11111111,2.5401762,68.65625,0
44b6_996155de,919518,21,15.0,91.0,30.0,0.82827246,2.9697955,0.23809524,2.5434792,68.92444,1
44b6_996155de,919519,21,5.0,82.0,35.0,0.8061107,2.1027017,0.07936508,2.5434792,68.92444,2
44b6_996155de,919520,21,5.0,92.0,44.0,0.70410395,1.6193477,0.07936508,2.5434792,68.92444,1
44b6_996155de,919521,21,18.0,237.0,189.0,0.6425128,0.8742153,0.2857143,2.5302145,67.851685,1
44b6_996155de,919522,21,10.0,6.0,41.0,0.60949266,3.3831494,0.15873016,2.5434792,68.92444,0
44b6_996155de,919523,21,31.0,51.0,15.0,0.581646,2.3836212,0.4920635,2.5434792,68.92444,0
44b6_996155de,919524,21,27.0,230.0,187.0,0.5809706,2.2277513,0.42857143,2.5434792,68.92444,1
44b6_996155de,919525,21,19.0,18.0,18.0,0.5441671,3.3880763,0.3015873,2.5401762,68.65625,0
44b6_996155de,919526,21,16.0,59.0,45.0,0.53824,1.3790002,0.25396827,2.5434792,68.92444,0
44b6_996155de,919527,21,54.0,203.0,58.0,0.5345472,7.024177,0.85714287,2.5434792,68.92444,0
44b6_996155de,919528,21,38.0,206.0,61.0,0.52566135,3.2345138,0.6031746,2.5368643,68.38806,0
44b6_996155de,919529,21,47.0,77.0,19.0,0.5206299,3.3805473,0.74603176,2.5434792,68.92444,2
44b6_996155de,919530,21,38.0,186.0,47.0,0.51517504,5.4255743,0.6031746,2.5434792,68.92444,0
44b6_996155de,919531,21,59.0,184.0,44.0,0.48998848,4.047836,0.93650794,2.5434792,68.92444,0
44b6_996155de,919532,21,37.0,217.0,181.0,0.48482493,3.416299,0.5873016,2.5434792,68.92444,0
44b6_996155de,919533,21,23.0,71.0,56.0,0.4674473,2.272719,0.36507937,2.5434792,68.92444,0
44b6_996155de,919534,21,50.0,222.0,175.0,0.46316224,4.35588,0.7936508,2.5434792,68.92444,0
44b6_996155de,919535,21,61.0,199.0,30.0,0.45224676,5.2458334,0.96825397,2.4687274,63.024292,0
44b6_996155de,919536,21,21.0,213.0,70.0,0.43761346,5.2062845,0.33333334,2.5434792,68.92444,0
44b6_996155de,919537,21,4.0,251.0,207.0,0.4192399,2.0824127,0.06349207,2.5434792,68.92444,1
44b6_996155de,919538,21,5.0,245.0,205.0,0.41362357,1.0060369,0.07936508,2.5032594,65.70618,1
44b6_996155de,919539,21,12.0,182.0,151.0,0.4172038,1.3594257,0.1904762,2.5434792,68.92444,1
44b6_996155de,919540,21,51.0,157.0,19.0,0.40800968,6.1675177,0.8095238,2.5434792,68.92444,0
44b6_996155de,919541,21,10.0,201.0,40.0,0.39696547,3.2950418,0.15873016,2.5401762,68.65625,1
44b6_996155de,919542,21,9.0,228.0,60.0,0.39096004,2.5465972,0.14285715,2.5434792,68.92444,0
44b6_996155de,919543,21,19.0,231.0,77.0,0.3799452,3.8117414,0.3015873,2.5401762,68.65625,0
44b6_996155de,919544,21,53.0,77.0,8.0,0.3730245,1.0861602,0.84126985,2.5401762,68.65625,1
44b6_996155de,919545,21,20.0,150.0,132.0,0.3739691,2.9737835,0.31746033,2.5434792,68.92444,0
44b6_996155de,919546,21,31.0,168.0,133.0,0.373142,7.1168213,0.4920635,2.5434792,68.92444,0
44b6_996155de,919547,21,15.0,170.0,143.0,0.35765854,2.428489,0.23809524,2.5434792,68.92444,1
44b6_996155de,919548,21,48.0,242.0,183.0,0.35496658,3.2800968,0.7619048,2.5434792,68.92444,0
44b6_996155de,919549,21,39.0,80.0,29.0,0.33829626,1.1410804,0.61904764,2.5401762,68.65625,1
44b6_996155de,919550,21,31.0,190.0,152.0,0.3469031,7.110591,0.4920635,2.5434792,68.92444,0
44b6_996155de,919551,21,34.0,165.0,23.0,0.33491912,3.6722796,0.53968257,2.5434792,68.92444,0
44b6_996155de,919552,21,5.0,212.0,34.0,0.32729116,1.7689378,0.07936508,2.5268764,67.583496,1
44b6_996155de,919553,21,9.0,164.0,6.0,0.32284707,3.7200084,0.14285715,2.5401762,68.65625,0
44b6_996155de,919554,21,43.0,125.0,87.0,0.3286249,3.816407,0.6825397,2.5434792,68.92444,0
44b6_996155de,919555,21,29.0,89.0,59.0,0.32168955,1.9168017,0.46031746,2.5434792,68.92444,0
44b6_996155de,919556,21,54.0,93.0,27.0,0.32057118,2.4105687,0.85714287,2.5401762,68.65625,0
44b6_996155de,919557,21,25.0,213.0,49.0,0.31214055,1.0331576,0.3968254,2.5168092,66.77893,0
44b6_996155de,919558,21,16.0,187.0,41.0,0.29193157,2.1381438,0.25396827,2.5268764,67.583496,0
44b6_996155de,919559,21,61.0,222.0,160.0,0.2864847,3.9604304,0.96825397,2.4687274,63.024292,0
44b6_996155de,919560,22,3.0,127.0,123.0,1.4988527,3.2137601,0.04761905,2.5401762,68.65625,0
44b6_996155de,919561,22,6.0,222.0,188.0,1.5073662,2.954117,0.0952381,2.5434792,68.92444,0
44b6_996155de,919562,22,8.0,53.0,30.0,1.0744536,3.3089283,0.12698413,2.5434792,68.92444,0
44b6_996155de,919563,22,14.0,93.0,29.0,0.9957247,3.442579,0.22222222,2.5434792,68.92444,0
44b6_996155de,919564,22,7.0,53.0,15.0,0.89357364,2.0224037,0.11111111,2.5302145,67.851685,1
44b6_996155de,919565,22,9.0,118.0,2.0,0.82194835,2.5980616,0.14285715,2.4687274,63.024292,0
44b6_996155de,919566,22,4.0,92.0,43.0,0.8212221,1.896617,0.06349207,2.5434792,68.92444,0
44b6_996155de,919567,22,17.0,57.0,5.0,0.8087488,2.6963,0.26984128,2.5434792,68.92444,1
44b6_996155de,919568,22,10.0,6.0,42.0,0.6145364,3.2817729,0.15873016,2.5434792,68.92444,0
44b6_996155de,919569,22,31.0,51.0,16.0,0.6001762,2.8126268,0.4920635,2.5434792,68.92444,0
44b6_996155de,919570,22,17.0,238.0,189.0,0.59214693,0.9786844,0.26984128,2.5434792,68.92444,1
44b6_996155de,919571,22,26.0,232.0,191.0,0.5834936,2.0321665,0.41269842,2.5434792,68.92444,1
44b6_996155de,919572,22,19.0,17.0,20.0,0.5566919,3.5173018,0.3015873,2.5434792,68.92444,0
44b6_996155de,919573,22,53.0,202.0,58.0,0.5591244,7.2783947,0.84126985,2.5434792,68.92444,0
44b6_996155de,919574,22,47.0,79.0,21.0,0.52779293,3.4534547,0.74603176,2.5434792,68.92444,0
44b6_996155de,919575,22,38.0,206.0,62.0,0.52364,3.3347318,0.6031746,2.5335438,68.11987,0
44b6_996155de,919576,22,37.0,186.0,46.0,0.52166015,5.360646,0.5873016,2.5434792,68.92444,0
44b6_996155de,919577,22,50.0,222.0,177.0,0.4960649,5.235232,0.7936508,2.5434792,68.92444,0
44b6_996155de,919578,22,58.0,185.0,42.0,0.48869148,4.2748747,0.9206349,2.5434792,68.92444,0
44b6_996155de,919579,22,24.0,73.0,59.0,0.46232778,2.3598723,0.3809524,2.5434792,68.92444,0
44b6_996155de,919580,22,37.0,216.0,182.0,0.45837063,4.1268735,0.5873016,2.5434792,68.92444,0
44b6_996155de,919581,22,8.0,227.0,61.0,0.42299387,2.6357477,0.12698413,2.5434792,68.92444,0
44b6_996155de,919582,22,12.0,182.0,152.0,0.42735237,1.7512374,0.1904762,2.5434792,68.92444,1
44b6_996155de,919583,22,61.0,198.0,29.0,0.4166814,5.072538,0.96825397,2.4687274,63.024292,0
44b6_996155de,919584,22,20.0,212.0,71.0,0.4028926,4.2082934,0.31746033,2.5434792,68.92444,0
44b6_996155de,919585,22,10.0,200.0,39.0,0.40093726,3.0602682,0.15873016,2.5434792,68.92444,1
44b6_996155de,919586,22,20.0,150.0,134.0,0.3878594,3.1166918,0.31746033,2.5434792,68.92444,0
44b6_996155de,919587,22,51.0,157.0,19.0,0.38708857,5.7195745,0.8095238,2.5434792,68.92444,0
44b6_996155de,919588,22,19.0,230.0,77.0,0.38002348,3.399545,0.3015873,2.5434792,68.92444,0
44b6_996155de,919589,22,31.0,167.0,133.0,0.37387612,6.908672,0.4920635,2.5434792,68.92444,0
44b6_996155de,919590,22,32.0,166.0,24.0,0.35287422,3.8557923,0.50793654,2.5401762,68.65625,0
44b6_996155de,919591,22,14.0,170.0,145.0,0.35136923,2.2860794,0.22222222,2.5401762,68.65625,1
44b6_996155de,919592,22,43.0,124.0,86.0,0.35352764,4.042796,0.6825397,2.5434792,68.92444,0
44b6_996155de,919593,22,48.0,245.0,187.0,0.35071334,3.0639334,0.7619048,2.5434792,68.92444,0
44b6_996155de,919594,22,31.0,191.0,154.0,0.34764212,7.0552864,0.4920635,2.5434792,68.92444,0
44b6_996155de,919595,22,55.0,93.0,27.0,0.33705065,2.5042825,0.8730159,2.5434792,68.92444,0
44b6_996155de,919596,22,30.0,89.0,59.0,0.33209258,2.3089828,0.47619048,2.5434792,68.92444,0
44b6_996155de,919597,22,15.0,190.0,41.0,0.32092112,1.9106938,0.23809524,2.5368643,68.38806,1
44b6_996155de,919598,22,39.0,142.0,4.0,0.3247877,5.596492,0.61904764,2.5434792,68.92444,0
44b6_996155de,919599,22,8.0,167.0,6.0,0.3078384,3.2383592,0.12698413,2.5335438,68.11987,0
44b6_996155de,919600,22,22.0,214.0,47.0,0.30366102,1.8790534,0.34920636,2.5302145,67.851685,0
44b6_996155de,919601,22,60.0,223.0,163.0,0.28317368,2.840042,0.95238096,2.5401762,68.65625,0
44b6_996155de,919602,22,50.0,98.0,41.0,0.27177396,2.5784228,0.7936508,2.5434792,68.92444,0
44b6_996155de,919603,22,24.0,202.0,21.0,0.26802975,3.7291656,0.3809524,2.5434792,68.92444,0
44b6_996155de,919604,22,59.0,117.0,56.0,0.2697648,3.5936904,0.93650794,2.5434792,68.92444,0
44b6_996155de,919605,23,5.0,223.0,189.0,1.5802021,3.225258,0.07936508,2.5434792,68.92444,0
44b6_996155de,919606,23,3.0,126.0,123.0,1.4334464,3.1013813,0.04761905,2.5401762,68.65625,0
44b6_996155de,919607,23,8.0,54.0,31.0,1.03117,2.9692569,0.12698413,2.5434792,68.92444,0
44b6_996155de,919608,23,14.0,94.0,27.0,0.93916506,3.3096592,0.22222222,2.5434792,68.92444,0
44b6_996155de,919609,23,5.0,82.0,34.0,0.85773677,2.1532557,0.07936508,2.5434792,68.92444,1
44b6_996155de,919610,23,9.0,112.0,4.0,0.8399677,2.6296792,0.14285715,2.5434792,68.92444,0
44b6_996155de,919611,23,4.0,89.0,44.0,0.8348286,1.8852803,0.06349207,2.5434792,68.92444,1
44b6_996155de,919612,23,17.0,58.0,8.0,0.7869221,2.5144093,0.26984128,2.5434792,68.92444,0
44b6_996155de,919613,23,18.0,233.0,203.0,0.72313344,2.6328115,0.2857143,2.5434792,68.92444,1
44b6_996155de,919614,23,11.0,7.0,42.0,0.6391748,3.5358186,0.17460318,2.5434792,68.92444,0
44b6_996155de,919615,23,18.0,238.0,191.0,0.58843946,1.5915996,0.2857143,2.5401762,68.65625,2
44b6_996155de,919616,23,31.0,52.0,19.0,0.58202773,3.0946765,0.4920635,2.5434792,68.92444,0
44b6_996155de,919617,23,27.0,232.0,191.0,0.5653525,1.9921879,0.42857143,2.5434792,68.92444,1
44b6_996155de,919618,23,18.0,56.0,43.0,0.5396814,0.99022484,0.2857143,2.5401762,68.65625,1
44b6_996155de,919619,23,53.0,201.0,57.0,0.5344223,6.0734143,0.84126985,2.5434792,68.92444,0
44b6_996155de,919620,23,37.0,188.0,45.0,0.5359788,4.5803757,0.5873016,2.5434792,68.92444,0
44b6_996155de,919621,23,17.0,63.0,51.0,0.5203558,2.084302,0.26984128,2.5434792,68.92444,2
44b6_996155de,919622,23,19.0,17.0,23.0,0.5216626,3.0870285,0.3015873,2.5401762,68.65625,0
44b6_996155de,919623,23,59.0,186.0,43.0,0.52367914,4.739752,0.93650794,2.5401762,68.65625,0
44b6_996155de,919624,23,50.0,222.0,178.0,0.5162004,5.4262977,0.7936508,2.5434792,68.92444,1
44b6_996155de,919625,23,48.0,79.0,23.0,0.50485283,2.9130697,0.7619048,2.5434792,68.92444,0
44b6_996155de,919626,23,39.0,205.0,62.0,0.49826983,3.3220415,0.61904764,2.5434792,68.92444,1
44b6_996155de,919627,23,37.0,217.0,183.0,0.46551892,3.8631184,0.5873016,2.5434792,68.92444,1
44b6_996155de,919628,23,23.0,70.0,58.0,0.4564912,1.9529616,0.36507937,2.5434792,68.92444,1
44b6_996155de,919629,23,34.0,204.0,48.0,0.45903388,2.6304336,0.53968257,2.5434792,68.92444,1
44b6_996155de,919630,23,19.0,31.0,31.0,0.4498397,2.1907592,0.3015873,2.5401762,68.65625,0
44b6_996155de,919631,23,18.0,216.0,72.0,0.43682793,3.1346638,0.2857143,2.5434792,68.92444,1
44b6_996155de,919632,23,12.0,182.0,153.0,0.422316,1.646597,0.1904762,2.5434792,68.92444,1
44b6_996155de,919633,23,10.0,225.0,63.0,0.41156545,2.3453639,0.15873016,2.5434792,68.92444,0
44b6_996155de,919634,23,20.0,150.0,135.0,0.39965492,3.184988,0.31746033,2.5434792,68.92444,0
44b6_996155de,919635,23,19.0,230.0,77.0,0.395967,2.8767977,0.3015873,2.5434792,68.92444,1
44b6_996155de,919636,23,10.0,205.0,41.0,0.3856447,3.069986,0.15873016,2.5434792,68.92444,1
44b6_996155de,919637,23,52.0,158.0,19.0,0.3825417,5.433432,0.82539684,2.5434792,68.92444,0
44b6_996155de,919638,23,32.0,167.0,134.0,0.3807161,6.6710796,0.50793654,2.5401762,68.65625,0
44b6_996155de,919639,23,43.0,122.0,85.0,0.3667205,4.0384917,0.6825397,2.5434792,68.92444,0
44b6_996155de,919640,23,14.0,170.0,146.0,0.36285147,2.2907197,0.22222222,2.5401762,68.65625,1
44b6_996155de,919641,23,32.0,169.0,23.0,0.36336783,4.1042686,0.50793654,2.5434792,68.92444,0
44b6_996155de,919642,23,31.0,191.0,155.0,0.35064727,6.450309,0.4920635,2.5434792,68.92444,0
44b6_996155de,919643,23,56.0,92.0,29.0,0.33796832,2.2001526,0.8888889,2.5434792,68.92444,0
44b6_996155de,919644,23,30.0,87.0,59.0,0.33082983,1.9025593,0.47619048,2.5434792,68.92444,0
44b6_996155de,919645,23,17.0,218.0,48.0,0.32360327,1.687834,0.26984128,2.5368643,68.38806,1
44b6_996155de,919646,23,4.0,216.0,34.0,0.3247412,1.7491151,0.06349207,2.5401762,68.65625,1
44b6_996155de,919647,23,17.0,191.0,40.0,0.32516456,2.6867433,0.26984128,2.5434792,68.92444,0
44b6_996155de,919648,23,22.0,214.0,46.0,0.31982478,1.8689878,0.34920636,2.5434792,68.92444,1
44b6_996155de,919649,23,48.0,246.0,189.0,0.3267308,3.283169,0.7619048,2.5434792,68.92444,0
44b6_996155de,919650,23,20.0,131.0,117.0,0.3082397,0.4500196,0.31746033,2.5100527,66.24255,0
44b6_996155de,919651,23,39.0,142.0,5.0,0.3119815,5.552998,0.61904764,2.5434792,68.92444,0
44b6_996155de,919652,24,2.0,126.0,122.0,1.5236318,3.0896485,0.031746034,2.4687274,63.024292,0
44b6_996155de,919653,24,5.0,220.0,188.0,1.4322175,2.7119293,0.07936508,2.5434792,68.92444,0
44b6_996155de,919654,24,7.0,55.0,27.0,1.1256711,2.6958115,0.11111111,2.5434792,68.92444,0
44b6_996155de,919655,24,2.0,90.0,43.0,0.9180677,2.0679357,0.031746034,2.4687274,63.024292,1
44b6_996155de,919656,24,13.0,96.0,24.0,0.9222279,2.8392227,0.20634921,2.5434792,68.92444,0
44b6_996155de,919657,24,9.0,109.0,4.0,0.91353065,2.9779246,0.14285715,2.5434792,68.92444,0
44b6_996155de,919658,24,5.0,84.0,34.0,0.89981157,2.1299183,0.07936508,2.5434792,68.92444,1
44b6_996155de,919659,24,16.0,58.0,9.0,0.7915424,1.9984821,0.25396827,2.5401762,68.65625,0
44b6_996155de,919660,24,17.0,233.0,202.0,0.6912268,2.392822,0.26984128,2.5434792,68.92444,1
44b6_996155de,919661,24,10.0,7.0,42.0,0.64588505,3.624093,0.15873016,2.5434792,68.92444,0
44b6_996155de,919662,24,38.0,203.0,61.0,0.5892005,3.482298,0.6031746,2.5434792,68.92444,1
44b6_996155de,919663,24,30.0,53.0,18.0,0.5811296,2.9480135,0.47619048,2.5434792,68.92444,0
44b6_996155de,919664,24,19.0,54.0,39.0,0.57039374,1.110871,0.3015873,2.5134354,66.51074,0
44b6_996155de,919665,24,19.0,17.0,22.0,0.54091233,3.2542374,0.3015873,2.5434792,68.92444,0
44b6_996155de,919666,24,32.0,204.0,48.0,0.5305117,2.6866317,0.50793654,2.5434792,68.92444,2
44b6_996155de,919667,24,35.0,187.0,45.0,0.5348702,4.227918,0.5555556,2.5434792,68.92444,0
44b6_996155de,919668,24,59.0,183.0,43.0,0.5251695,4.889189,0.93650794,2.5434792,68.92444,0
44b6_996155de,919669,24,49.0,222.0,179.0,0.52684087,5.2685194,0.7777778,2.5401762,68.65625,1
44b6_996155de,919670,24,47.0,80.0,24.0,0.5061376,3.039464,0.74603176,2.5434792,68.92444,0
44b6_996155de,919671,24,26.0,233.0,190.0,0.501483,1.5000458,0.41269842,2.5434792,68.92444,1
44b6_996155de,919672,24,52.0,197.0,56.0,0.49543357,5.652228,0.82539684,2.5434792,68.92444,0
44b6_996155de,919673,24,18.0,230.0,77.0,0.48917115,2.867197,0.2857143,2.5434792,68.92444,1
44b6_996155de,919674,24,18.0,31.0,30.0,0.4703717,2.1149285,0.2857143,2.5201738,67.04712,0
44b6_996155de,919675,24,16.0,219.0,73.0,0.46157894,2.1214268,0.25396827,2.5434792,68.92444,2
44b6_996155de,919676,24,9.0,227.0,63.0,0.45523334,2.387977,0.14285715,2.5434792,68.92444,1
44b6_996155de,919677,24,24.0,74.0,60.0,0.45703447,2.7192643,0.3809524,2.5434792,68.92444,0
44b6_996155de,919678,24,11.0,182.0,153.0,0.43169615,1.5581133,0.17460318,2.5434792,68.92444,1
44b6_996155de,919679,24,36.0,217.0,183.0,0.42982405,3.5709655,0.5714286,2.5434792,68.92444,1
44b6_996155de,919680,24,20.0,152.0,136.0,0.39068106,3.028608,0.31746033,2.5434792,68.92444,0
44b6_996155de,919681,24,52.0,158.0,19.0,0.38777623,5.2708287,0.82539684,2.5434792,68.92444,0
44b6_996155de,919682,24,9.0,206.0,41.0,0.36938307,3.0961668,0.14285715,2.5401762,68.65625,1
44b6_996155de,919683,24,61.0,194.0,26.0,0.37094337,4.8648853,0.96825397,2.4687274,63.024292,0
44b6_996155de,919684,24,14.0,171.0,147.0,0.36748156,2.1196082,0.22222222,2.5434792,68.92444,1
44b6_996155de,919685,24,30.0,166.0,133.0,0.36761373,5.408297,0.47619048,2.5434792,68.92444,0
44b6_996155de,919686,24,43.0,122.0,84.0,0.35034138,3.8894658,0.6825397,2.5434792,68.92444,0
44b6_996155de,919687,24,31.0,168.0,22.0,0.3503634,4.094646,0.4920635,2.5434792,68.92444,0
44b6_996155de,919688,24,55.0,93.0,30.0,0.33836722,2.3880088,0.8730159,2.5434792,68.92444,0
44b6_996155de,919689,24,29.0,89.0,59.0,0.33318895,2.04692,0.46031746,2.5434792,68.92444,0
44b6_996155de,919690,24,40.0,142.0,6.0,0.32931256,6.1294827,0.63492066,2.5434792,68.92444,0
44b6_996155de,919691,24,31.0,192.0,156.0,0.33296135,5.365763,0.4920635,2.5434792,68.92444,0
44b6_996155de,919692,24,3.0,217.0,34.0,0.31487566,1.7077103,0.04761905,2.5302145,67.851685,1
44b6_996155de,919693,24,23.0,213.0,45.0,0.31648925,1.0167459,0.36507937,2.5335438,68.11987,1
44b6_996155de,919694,24,47.0,245.0,189.0,0.31640357,3.0144346,0.74603176,2.5434792,68.92444,0
44b6_996155de,919695,24,15.0,191.0,39.0,0.30987933,2.5835068,0.23809524,2.5302145,67.851685,0
44b6_996155de,919696,24,19.0,130.0,115.0,0.306211,0.38573235,0.3015873,2.4964292,65.1698,0
44b6_996155de,919697,24,59.0,226.0,168.0,0.2856129,2.1422944,0.93650794,2.5434792,68.92444,0
44b6_996155de,919698,25,4.0,217.0,187.0,1.4127549,2.8813558,0.06349207,2.5434792,68.92444,0
44b6_996155de,919699,25,7.0,54.0,24.0,1.1828427,2.7477877,0.11111111,2.5434792,68.92444,0
44b6_996155de,919700,25,11.0,98.0,16.0,1.0007317,2.4462676,0.17460318,2.5401762,68.65625,1
44b6_996155de,919701,25,9.0,104.0,9.0,0.9639356,2.1487072,0.14285715,2.5434792,68.92444,1
44b6_996155de,919702,25,2.0,52.0,45.0,0.93156165,3.0177717,0.031746034,2.4687274,63.024292,0
44b6_996155de,919703,25,4.0,84.0,33.0,0.90676904,2.5040355,0.06349207,2.5434792,68.92444,0
44b6_996155de,919704,25,17.0,233.0,203.0,0.72962826,3.5792089,0.26984128,2.5434792,68.92444,1
44b6_996155de,919705,25,10.0,5.0,42.0,0.65900445,3.4582262,0.15873016,2.5434792,68.92444,0
44b6_996155de,919706,25,37.0,201.0,63.0,0.6243203,3.9058225,0.5873016,2.5434792,68.92444,0
44b6_996155de,919707,25,30.0,51.0,16.0,0.6027262,3.1967378,0.47619048,2.5434792,68.92444,0
44b6_996155de,919708,25,25.0,22.0,3.0,0.5943323,3.139224,0.3968254,2.5401762,68.65625,0
44b6_996155de,919709,25,34.0,187.0,49.0,0.58916867,3.8903048,0.53968257,2.5434792,68.92444,0
44b6_996155de,919710,25,19.0,52.0,37.0,0.5764628,0.9106123,0.3015873,2.5168092,66.77893,0
44b6_996155de,919711,25,18.0,227.0,79.0,0.5559283,3.2715936,0.2857143,2.5434792,68.92444,1
44b6_996155de,919712,25,19.0,15.0,20.0,0.547789,3.3158622,0.3015873,2.5434792,68.92444,0
44b6_996155de,919713,25,31.0,203.0,49.0,0.5267406,2.6801097,0.4920635,2.5434792,68.92444,1
44b6_996155de,919714,25,26.0,234.0,194.0,0.51790124,1.5014521,0.41269842,2.5434792,68.92444,1
44b6_996155de,919715,25,46.0,80.0,26.0,0.5202824,3.3008718,0.73015875,2.5434792,68.92444,1
44b6_996155de,919716,25,57.0,181.0,45.0,0.5167438,5.0097003,0.9047619,2.5434792,68.92444,0
44b6_996155de,919717,25,49.0,222.0,182.0,0.5179772,5.6624093,0.7777778,2.5434792,68.92444,1
44b6_996155de,919718,25,16.0,216.0,73.0,0.50762546,2.4143517,0.25396827,2.5434792,68.92444,1
44b6_996155de,919719,25,51.0,194.0,57.0,0.4893131,5.2391896,0.8095238,2.5434792,68.92444,0
44b6_996155de,919720,25,8.0,226.0,64.0,0.46365905,2.3552527,0.12698413,2.5434792,68.92444,0
44b6_996155de,919721,25,24.0,75.0,61.0,0.45283264,2.5733294,0.3809524,2.5434792,68.92444,1
44b6_996155de,919722,25,18.0,30.0,30.0,0.446443,1.9892448,0.2857143,2.5368643,68.38806,0
44b6_996155de,919723,25,36.0,216.0,185.0,0.44750997,4.144309,0.5714286,2.5434792,68.92444,1
44b6_996155de,919724,25,9.0,182.0,154.0,0.42420775,1.6413151,0.14285715,2.5434792,68.92444,0
44b6_996155de,919725,25,51.0,156.0,21.0,0.4096224,5.2594,0.8095238,2.5434792,68.92444,0
44b6_996155de,919726,25,19.0,151.0,137.0,0.38395858,3.1024523,0.3015873,2.5434792,68.92444,0
44b6_996155de,919727,25,13.0,169.0,147.0,0.3830629,2.4938204,0.20634921,2.5401762,68.65625,0
44b6_996155de,919728,25,8.0,207.0,42.0,0.37748334,2.5481715,0.12698413,2.5302145,67.851685,2
44b6_996155de,919729,25,46.0,248.0,193.0,0.35220373,2.5049183,0.73015875,2.5434792,68.92444,0
44b6_996155de,919730,25,43.0,118.0,81.0,0.35329515,4.0853224,0.6825397,2.5434792,68.92444,0
44b6_996155de,919731,25,21.0,210.0,46.0,0.3439444,1.1690232,0.33333334,2.5368643,68.38806,3
44b6_996155de,919732,25,29.0,87.0,58.0,0.348413,1.9829142,0.46031746,2.5434792,68.92444,1
44b6_996155de,919733,25,29.0,162.0,134.0,0.34686148,3.5222414,0.46031746,2.5434792,68.92444,0
44b6_996155de,919734,25,61.0,191.0,25.0,0.33989027,5.4479876,0.96825397,2.4687274,63.024292,0
44b6_996155de,919735,25,30.0,166.0,23.0,0.33899128,4.094599,0.47619048,2.5434792,68.92444,0
44b6_996155de,919736,25,54.0,92.0,30.0,0.33792672,1.9300696,0.85714287,2.5434792,68.92444,1
44b6_996155de,919737,25,40.0,140.0,7.0,0.32240415,5.8666787,0.63492066,2.5434792,68.92444,0
44b6_996155de,919738,25,14.0,217.0,49.0,0.3144189,0.8861766,0.22222222,2.5201738,67.04712,2
44b6_996155de,919739,25,14.0,191.0,41.0,0.31757337,2.6588798,0.22222222,2.5335438,68.11987,0
44b6_996155de,919740,25,30.0,191.0,159.0,0.31227514,5.6940694,0.47619048,2.5434792,68.92444,0
44b6_996155de,919741,25,19.0,130.0,117.0,0.30116975,0.6050924,0.3015873,2.5335438,68.11987,0
44b6_996155de,919742,25,59.0,226.0,170.0,0.29090378,2.5228055,0.93650794,2.5434792,68.92444,0
44b6_996155de,919743,25,7.0,176.0,10.0,0.27626458,3.1377351,0.11111111,2.5401762,68.65625,0
44b6_996155de,919744,25,57.0,114.0,58.0,0.2787754,3.111035,0.9047619,2.5401762,68.65625,0
44b6_996155de,919745,26,2.0,124.0,121.0,1.4644881,2.871021,0.031746034,2.4687274,63.024292,0
44b6_996155de,919746,26,3.0,220.0,189.0,1.3924062,2.8334413,0.04761905,2.5401762,68.65625,0
44b6_996155de,919747,26,7.0,54.0,23.0,1.1643957,3.0180476,0.11111111,2.5434792,68.92444,0
44b6_996155de,919748,26,11.0,99.0,17.0,0.9880822,2.421267,0.17460318,2.5434792,68.92444,1
44b6_996155de,919749,26,2.0,51.0,42.0,0.97254926,2.9060738,0.031746034,2.4687274,63.024292,0
44b6_996155de,919750,26,9.0,105.0,8.0,0.9593299,2.1757777,0.14285715,2.5434792,68.92444,1
44b6_996155de,919751,26,4.0,84.0,37.0,0.891102,1.946362,0.06349207,2.5434792,68.92444,0
44b6_996155de,919752,26,17.0,234.0,203.0,0.747368,3.939148,0.26984128,2.5434792,68.92444,1
44b6_996155de,919753,26,28.0,74.0,6.0,0.7288182,2.4438462,0.44444445,2.5434792,68.92444,0
44b6_996155de,919754,26,37.0,200.0,64.0,0.6671561,3.9954524,0.5873016,2.5434792,68.92444,0
44b6_996155de,919755,26,9.0,4.0,43.0,0.6410567,3.5372338,0.14285715,2.5434792,68.92444,0
44b6_996155de,919756,26,34.0,188.0,49.0,0.63143915,3.426373,0.53968257,2.5434792,68.92444,1
44b6_996155de,919757,26,30.0,50.0,17.0,0.6040134,3.3014326,0.47619048,2.5434792,68.92444,0
44b6_996155de,919758,26,30.0,201.0,49.0,0.5980496,2.8208861,0.47619048,2.5434792,68.92444,2
44b6_996155de,919759,26,16.0,60.0,48.0,0.5531581,2.274029,0.25396827,2.5401762,68.65625,0
44b6_996155de,919760,26,18.0,16.0,23.0,0.5398576,3.1623237,0.2857143,2.5434792,68.92444,0
44b6_996155de,919761,26,17.0,227.0,80.0,0.5245797,2.911088,0.26984128,2.5434792,68.92444,1
44b6_996155de,919762,26,58.0,179.0,46.0,0.52295965,5.6545463,0.9206349,2.5434792,68.92444,0
44b6_996155de,919763,26,26.0,236.0,196.0,0.5037687,1.3176621,0.41269842,2.5434792,68.92444,1
44b6_996155de,919764,26,47.0,78.0,25.0,0.49832118,2.9861367,0.74603176,2.5434792,68.92444,0
44b6_996155de,919765,26,15.0,217.0,73.0,0.49120477,2.2957726,0.23809524,2.5434792,68.92444,1
44b6_996155de,919766,26,49.0,223.0,184.0,0.49179453,5.7093763,0.7777778,2.5434792,68.92444,2
44b6_996155de,919767,26,51.0,191.0,58.0,0.48343733,5.2241817,0.8095238,2.5434792,68.92444,0
44b6_996155de,919768,26,23.0,72.0,60.0,0.47154146,1.5180093,0.36507937,2.5434792,68.92444,0
44b6_996155de,919769,26,36.0,216.0,186.0,0.4710961,4.3340383,0.5714286,2.5434792,68.92444,1
44b6_996155de,919770,26,7.0,227.0,65.0,0.44975406,2.3228884,0.11111111,2.5434792,68.92444,0
44b6_996155de,919771,26,8.0,182.0,155.0,0.43894967,1.6869905,0.12698413,2.5434792,68.92444,0
44b6_996155de,919772,26,7.0,211.0,44.0,0.39934906,2.7398832,0.11111111,2.5335438,68.11987,1
44b6_996155de,919773,26,51.0,158.0,24.0,0.40193573,5.3864913,0.8095238,2.5434792,68.92444,0
44b6_996155de,919774,26,19.0,153.0,139.0,0.38648903,2.8781528,0.3015873,2.5434792,68.92444,1
44b6_996155de,919775,26,12.0,169.0,148.0,0.3703913,2.1650023,0.1904762,2.5401762,68.65625,0
44b6_996155de,919776,26,29.0,86.0,58.0,0.34712332,1.9451582,0.46031746,2.5434792,68.92444,0
44b6_996155de,919777,26,55.0,92.0,31.0,0.34303403,2.6071095,0.8730159,2.5434792,68.92444,0
44b6_996155de,919778,26,30.0,166.0,26.0,0.34272817,4.132751,0.47619048,2.5434792,68.92444,0
44b6_996155de,919779,26,21.0,210.0,45.0,0.33188704,1.0473484,0.33333334,2.5401762,68.65625,2
44b6_996155de,919780,26,28.0,160.0,134.0,0.33744708,2.5605402,0.44444445,2.5434792,68.92444,1
44b6_996155de,919781,26,43.0,117.0,82.0,0.33338228,3.8284771,0.6825397,2.5434792,68.92444,0
44b6_996155de,919782,26,40.0,141.0,9.0,0.3186893,5.689189,0.63492066,2.5434792,68.92444,0
44b6_996155de,919783,26,14.0,192.0,42.0,0.31333235,2.8578389,0.22222222,2.5401762,68.65625,0
44b6_996155de,919784,26,58.0,227.0,173.0,0.31081906,2.5934913,0.9206349,2.5434792,68.92444,1
44b6_996155de,919785,26,57.0,114.0,58.0,0.29265106,3.2746246,0.9047619,2.5434792,68.92444,0
44b6_996155de,919786,26,19.0,128.0,116.0,0.28957245,0.52820104,0.3015873,2.5235295,67.31531,0
44b6_996155de,919787,26,30.0,192.0,162.0,0.29119742,5.236886,0.47619048,2.5434792,68.92444,0
44b6_996155de,919788,27,3.0,88.0,92.0,2.025064,3.087173,0.04761905,2.5401762,68.65625,0
44b6_996155de,919789,27,4.0,126.0,123.0,1.3623449,2.6646202,0.06349207,2.5434792,68.92444,0
44b6_996155de,919790,27,2.0,218.0,189.0,1.3214935,2.6793787,0.031746034,2.4687274,63.024292,0
44b6_996155de,919791,27,7.0,53.0,22.0,1.1692117,3.1353552,0.11111111,2.5434792,68.92444,1
44b6_996155de,919792,27,3.0,50.0,43.0,0.941846,3.4297519,0.04761905,2.5401762,68.65625,0
44b6_996155de,919793,27,8.0,109.0,7.0,0.9118567,2.4849234,0.12698413,2.5434792,68.92444,0
44b6_996155de,919794,27,16.0,60.0,13.0,0.90968114,1.9333105,0.25396827,2.5434792,68.92444,1
44b6_996155de,919795,27,14.0,99.0,33.0,0.88252944,2.8810527,0.22222222,2.5434792,68.92444,0
44b6_996155de,919796,27,28.0,76.0,13.0,0.7351345,3.464903,0.44444445,2.5434792,68.92444,0
44b6_996155de,919797,27,17.0,235.0,204.0,0.6966326,4.1494584,0.26984128,2.5434792,68.92444,1
44b6_996155de,919798,27,37.0,200.0,66.0,0.6954164,4.640551,0.5873016,2.5434792,68.92444,0
44b6_996155de,919799,27,10.0,3.0,42.0,0.6567757,3.4862914,0.15873016,2.5401762,68.65625,0
44b6_996155de,919800,27,23.0,16.0,7.0,0.6509434,2.3481433,0.36507937,2.5401762,68.65625,0
44b6_996155de,919801,27,30.0,201.0,49.0,0.6171011,3.6458838,0.47619048,2.5434792,68.92444,1
44b6_996155de,919802,27,30.0,50.0,19.0,0.5962166,2.6143515,0.47619048,2.5434792,68.92444,0
44b6_996155de,919803,27,19.0,51.0,38.0,0.5597289,1.2899346,0.3015873,2.5368643,68.38806,1
44b6_996155de,919804,27,18.0,57.0,46.0,0.5500746,1.9537716,0.2857143,2.5434792,68.92444,1
44b6_996155de,919805,27,18.0,16.0,24.0,0.5471062,2.5742316,0.2857143,2.5368643,68.38806,0
44b6_996155de,919806,27,34.0,186.0,52.0,0.5488584,3.1045663,0.53968257,2.5434792,68.92444,0
44b6_996155de,919807,27,59.0,179.0,50.0,0.5469691,5.0160265,0.93650794,2.5434792,68.92444,0
44b6_996155de,919808,27,47.0,78.0,27.0,0.50562614,3.199272,0.74603176,2.5434792,68.92444,1
44b6_996155de,919809,27,51.0,190.0,58.0,0.5035215,4.7181053,0.8095238,2.5434792,68.92444,0
44b6_996155de,919810,27,27.0,236.0,197.0,0.49458924,1.6412493,0.42857143,2.5434792,68.92444,1
44b6_996155de,919811,27,49.0,223.0,186.0,0.49234515,5.5197835,0.7777778,2.5434792,68.92444,0
44b6_996155de,919812,27,36.0,216.0,189.0,0.48952106,4.4225225,0.5714286,2.5434792,68.92444,0
44b6_996155de,919813,27,24.0,72.0,61.0,0.47596112,1.5336804,0.3809524,2.5434792,68.92444,1
44b6_996155de,919814,27,17.0,227.0,81.0,0.4590461,2.700854,0.26984128,2.5401762,68.65625,1
44b6_996155de,919815,27,15.0,216.0,74.0,0.4554144,2.4725327,0.23809524,2.5434792,68.92444,1
44b6_996155de,919816,27,8.0,180.0,155.0,0.4509703,1.5289774,0.12698413,2.5434792,68.92444,0
44b6_996155de,919817,27,7.0,227.0,66.0,0.43076867,2.5409498,0.11111111,2.5401762,68.65625,0
44b6_996155de,919818,27,51.0,157.0,26.0,0.41375086,5.5167685,0.8095238,2.5434792,68.92444,0
44b6_996155de,919819,27,54.0,75.0,13.0,0.38026577,1.317594,0.85714287,2.5235295,67.31531,0
44b6_996155de,919820,27,20.0,150.0,139.0,0.38218683,2.7253654,0.31746033,2.5434792,68.92444,1
44b6_996155de,919821,27,7.0,210.0,46.0,0.37170792,2.8469553,0.11111111,2.5268764,67.583496,1
44b6_996155de,919822,27,12.0,167.0,148.0,0.36920932,2.1999578,0.1904762,2.5434792,68.92444,0
44b6_996155de,919823,27,29.0,84.0,56.0,0.3534689,1.9988028,0.46031746,2.5434792,68.92444,1
44b6_996155de,919824,27,55.0,90.0,31.0,0.34573817,2.1035557,0.8730159,2.5434792,68.92444,1
44b6_996155de,919825,27,28.0,157.0,136.0,0.34067494,2.2041495,0.44444445,2.5434792,68.92444,1
44b6_996155de,919826,27,30.0,166.0,27.0,0.33841863,4.06119,0.47619048,2.5434792,68.92444,0
44b6_996155de,919827,27,43.0,115.0,82.0,0.33055332,3.6707563,0.6825397,2.5434792,68.92444,0
44b6_996155de,919828,27,20.0,210.0,46.0,0.31829527,1.1163117,0.31746033,2.5335438,68.11987,2
44b6_996155de,919829,27,59.0,229.0,176.0,0.31122532,2.7888625,0.93650794,2.5434792,68.92444,0
44b6_996155de,919830,27,40.0,142.0,12.0,0.30876586,5.666424,0.63492066,2.5434792,68.92444,0
44b6_996155de,919831,27,14.0,191.0,43.0,0.29798105,2.7401948,0.22222222,2.5368643,68.38806,0
44b6_996155de,919832,28,4.0,85.0,91.0,1.9355775,3.0611973,0.06349207,2.5434792,68.92444,0
44b6_996155de,919833,28,4.0,124.0,122.0,1.4712259,2.8976948,0.06349207,2.5434792,68.92444,0
44b6_996155de,919834,28,2.0,218.0,190.0,1.3053179,2.390774,0.031746034,2.4687274,63.024292,0
44b6_996155de,919835,28,7.0,49.0,24.0,1.1704353,3.3792958,0.11111111,2.5434792,68.92444,0
44b6_996155de,919836,28,3.0,50.0,45.0,0.94826305,3.590272,0.04761905,2.5401762,68.65625,0
44b6_996155de,919837,28,13.0,97.0,32.0,0.93967646,3.0286698,0.20634921,2.5434792,68.92444,0
44b6_996155de,919838,28,16.0,59.0,13.0,0.90524435,2.866067,0.25396827,2.5434792,68.92444,0
44b6_996155de,919839,28,8.0,108.0,9.0,0.82816976,1.8662511,0.12698413,2.5434792,68.92444,0
44b6_996155de,919840,28,27.0,75.0,18.0,0.78780806,4.443692,0.42857143,2.5434792,68.92444,0
44b6_996155de,919841,28,17.0,235.0,205.0,0.71236813,3.9896734,0.26984128,2.5434792,68.92444,0
44b6_996155de,919842,28,37.0,198.0,66.0,0.7174143,4.7676797,0.5873016,2.5434792,68.92444,0
44b6_996155de,919843,28,30.0,200.0,49.0,0.6518709,4.0300074,0.47619048,2.5434792,68.92444,0
44b6_996155de,919844,28,30.0,47.0,19.0,0.6058782,2.9084265,0.47619048,2.5434792,68.92444,0
44b6_996155de,919845,28,17.0,57.0,49.0,0.5613416,2.216754,0.26984128,2.5368643,68.38806,0
44b6_996155de,919846,28,33.0,185.0,53.0,0.56217605,3.139751,0.52380955,2.5434792,68.92444,0
44b6_996155de,919847,28,19.0,48.0,37.0,0.5510046,1.085982,0.3015873,2.5268764,67.583496,0
44b6_996155de,919848,28,58.0,178.0,51.0,0.5621785,5.116411,0.9206349,2.5434792,68.92444,1
44b6_996155de,919849,28,18.0,15.0,27.0,0.54947263,2.786725,0.2857143,2.5434792,68.92444,0
44b6_996155de,919850,28,47.0,76.0,28.0,0.50251323,2.9411662,0.74603176,2.5434792,68.92444,0
44b6_996155de,919851,28,36.0,216.0,190.0,0.50275314,4.788775,0.5714286,2.5434792,68.92444,0
44b6_996155de,919852,28,51.0,188.0,59.0,0.4969263,4.054341,0.8095238,2.5434792,68.92444,1
44b6_996155de,919853,28,23.0,73.0,65.0,0.4832538,1.1539934,0.36507937,2.5434792,68.92444,1
44b6_996155de,919854,28,49.0,223.0,187.0,0.49065903,5.0636506,0.7777778,2.5401762,68.65625,1
44b6_996155de,919855,28,7.0,227.0,68.0,0.44959742,2.6328793,0.11111111,2.5401762,68.65625,0
44b6_996155de,919856,28,15.0,214.0,73.0,0.44534665,2.7601416,0.23809524,2.5434792,68.92444,0
44b6_996155de,919857,28,16.0,228.0,84.0,0.44095638,3.213742,0.25396827,2.5434792,68.92444,0
44b6_996155de,919858,28,7.0,179.0,156.0,0.43487507,1.5281286,0.11111111,2.5434792,68.92444,0
44b6_996155de,919859,28,50.0,157.0,28.0,0.4326261,6.086774,0.7936508,2.5434792,68.92444,0
44b6_996155de,919860,28,20.0,149.0,140.0,0.40498737,2.891163,0.31746033,2.5434792,68.92444,1
44b6_996155de,919861,28,7.0,207.0,47.0,0.39255074,2.999328,0.11111111,2.5335438,68.11987,1
44b6_996155de,919862,28,54.0,73.0,13.0,0.3871522,1.3177323,0.85714287,2.5134354,66.51074,0
44b6_996155de,919863,28,29.0,81.0,56.0,0.3603382,1.7433727,0.46031746,2.5401762,68.65625,1
44b6_996155de,919864,28,12.0,165.0,149.0,0.35783225,2.19101,0.1904762,2.5401762,68.65625,0
44b6_996155de,919865,28,30.0,164.0,26.0,0.35338816,4.6007433,0.47619048,2.5434792,68.92444,0
44b6_996155de,919866,28,58.0,228.0,178.0,0.3396667,2.3242679,0.9206349,2.5434792,68.92444,1
44b6_996155de,919867,28,55.0,90.0,34.0,0.33398432,2.4367094,0.8730159,2.5434792,68.92444,0
44b6_996155de,919868,28,19.0,212.0,49.0,0.3300761,1.6266919,0.3015873,2.5434792,68.92444,1
44b6_996155de,919869,28,14.0,189.0,42.0,0.32124904,3.293862,0.22222222,2.5434792,68.92444,0
44b6_996155de,919870,28,27.0,155.0,137.0,0.31460738,1.5644941,0.42857143,2.5434792,68.92444,1
44b6_996155de,919871,28,43.0,113.0,81.0,0.30682525,3.252272,0.6825397,2.5434792,68.92444,0
44b6_996155de,919872,28,41.0,142.0,16.0,0.29945916,5.198847,0.6507937,2.5434792,68.92444,0
44b6_996155de,919873,28,58.0,113.0,62.0,0.29063946,3.5975327,0.9206349,2.5434792,68.92444,0
44b6_996155de,919874,28,7.0,173.0,11.0,0.27555248,2.9265816,0.11111111,2.5335438,68.11987,0
44b6_996155de,919875,29,6.0,84.0,90.0,1.9490932,3.27351,0.0952381,2.5434792,68.92444,0
44b6_996155de,919876,29,5.0,123.0,123.0,1.5206105,3.220494,0.07936508,2.5434792,68.92444,0
44b6_996155de,919877,29,3.0,215.0,191.0,1.287296,2.4442298,0.04761905,2.5401762,68.65625,0
44b6_996155de,919878,29,8.0,48.0,23.0,1.1489245,3.465105,0.12698413,2.5434792,68.92444,0
44b6_996155de,919879,29,12.0,96.0,30.0,0.99535525,3.016369,0.1904762,2.5434792,68.92444,0
44b6_996155de,919880,29,11.0,97.0,4.0,0.94486946,2.3654146,0.17460318,2.5401762,68.65625,1
44b6_996155de,919881,29,4.0,48.0,47.0,0.9154614,4.271978,0.06349207,2.5434792,68.92444,0
44b6_996155de,919882,29,3.0,84.0,38.0,0.8985677,1.8590782,0.04761905,2.5401762,68.65625,0
44b6_996155de,919883,29,16.0,60.0,14.0,0.90352154,2.7965314,0.25396827,2.5434792,68.92444,0
44b6_996155de,919884,29,8.0,105.0,13.0,0.8411326,1.6630211,0.12698413,2.5434792,68.92444,1
44b6_996155de,919885,29,26.0,73.0,19.0,0.78886527,4.400724,0.41269842,2.5434792,68.92444,0
44b6_996155de,919886,29,38.0,197.0,68.0,0.7531409,5.685375,0.6031746,2.5434792,68.92444,0
44b6_996155de,919887,29,18.0,234.0,207.0,0.70197487,3.5452101,0.2857143,2.5434792,68.92444,0
44b6_996155de,919888,29,30.0,198.0,49.0,0.6319923,3.800394,0.47619048,2.5434792,68.92444,1
44b6_996155de,919889,29,28.0,46.0,20.0,0.6058268,2.6102629,0.44444445,2.5434792,68.92444,0
44b6_996155de,919890,29,59.0,176.0,50.0,0.5655629,5.5029163,0.93650794,2.5434792,68.92444,0
44b6_996155de,919891,29,18.0,12.0,26.0,0.558816,2.5821388,0.2857143,2.5434792,68.92444,0
44b6_996155de,919892,29,18.0,55.0,49.0,0.5526858,2.3590016,0.2857143,2.5434792,68.92444,0
44b6_996155de,919893,29,32.0,185.0,53.0,0.5556078,2.7687118,0.50793654,2.5401762,68.65625,1
44b6_996155de,919894,29,36.0,215.0,192.0,0.5365881,4.884145,0.5714286,2.5434792,68.92444,0
44b6_996155de,919895,29,50.0,222.0,189.0,0.5057999,4.8142424,0.7936508,2.5434792,68.92444,1
44b6_996155de,919896,29,24.0,72.0,65.0,0.49018672,1.4826297,0.3809524,2.5434792,68.92444,1
44b6_996155de,919897,29,47.0,73.0,27.0,0.4860705,2.9516487,0.74603176,2.5434792,68.92444,1
44b6_996155de,919898,29,51.0,187.0,59.0,0.48335657,4.27473,0.8095238,2.5434792,68.92444,0
44b6_996155de,919899,29,8.0,180.0,159.0,0.45473412,2.0589452,0.12698413,2.5434792,68.92444,0
44b6_996155de,919900,29,7.0,226.0,68.0,0.45128846,2.8944316,0.11111111,2.5434792,68.92444,0
44b6_996155de,919901,29,51.0,156.0,29.0,0.43387905,5.902844,0.8095238,2.5434792,68.92444,0
44b6_996155de,919902,29,15.0,211.0,70.0,0.4233977,2.870751,0.23809524,2.5434792,68.92444,0
44b6_996155de,919903,29,20.0,150.0,143.0,0.4081565,2.8656175,0.31746033,2.5434792,68.92444,1
44b6_996155de,919904,29,6.0,209.0,47.0,0.40074885,2.73255,0.0952381,2.5302145,67.851685,1
44b6_996155de,919905,29,54.0,72.0,14.0,0.39385754,1.4283805,0.85714287,2.5335438,68.11987,1
44b6_996155de,919906,29,16.0,228.0,85.0,0.38711548,3.1041443,0.25396827,2.5434792,68.92444,0
44b6_996155de,919907,29,18.0,212.0,50.0,0.36144188,1.999404,0.2857143,2.5434792,68.92444,1
44b6_996155de,919908,29,29.0,80.0,57.0,0.36270466,1.7152694,0.46031746,2.5434792,68.92444,1
44b6_996155de,919909,29,13.0,163.0,150.0,0.3568534,2.4374096,0.20634921,2.5434792,68.92444,0
44b6_996155de,919910,29,30.0,163.0,28.0,0.3534077,4.651181,0.47619048,2.5434792,68.92444,0
44b6_996155de,919911,29,58.0,228.0,181.0,0.34442407,1.920975,0.9206349,2.5434792,68.92444,1
44b6_996155de,919912,29,56.0,88.0,35.0,0.34067982,2.181028,0.8888889,2.5434792,68.92444,0
44b6_996155de,919913,29,15.0,190.0,44.0,0.31269607,3.034098,0.23809524,2.5401762,68.65625,0
44b6_996155de,919914,29,28.0,155.0,140.0,0.30301252,1.4525902,0.44444445,2.5434792,68.92444,1
44b6_996155de,919915,29,44.0,107.0,77.0,0.29547757,3.352147,0.6984127,2.5434792,68.92444,0
44b6_996155de,919916,29,41.0,141.0,16.0,0.29511046,5.136401,0.6507937,2.5434792,68.92444,0
44b6_996155de,919917,29,59.0,110.0,63.0,0.2897242,3.4878364,0.93650794,2.5434792,68.92444,0
44b6_996155de,919918,29,8.0,173.0,16.0,0.27739766,3.1855474,0.12698413,2.5401762,68.65625,0
44b6_996155de,919919,30,6.0,82.0,90.0,2.0245454,3.5488887,0.0952381,2.5434792,68.92444,0
44b6_996155de,919920,30,5.0,122.0,123.0,1.5128087,3.3443997,0.07936508,2.5434792,68.92444,0
44b6_996155de,919921,30,8.0,47.0,23.0,1.1792748,3.6425655,0.12698413,2.5434792,68.92444,0
44b6_996155de,919922,30,11.0,97.0,7.0,0.95814544,1.990531,0.17460318,2.5401762,68.65625,0
44b6_996155de,919923,30,12.0,95.0,30.0,0.95356184,2.3744423,0.1904762,2.5434792,68.92444,0
44b6_996155de,919924,30,16.0,59.0,16.0,0.9097129,2.7479901,0.25396827,2.5434792,68.92444,1
44b6_996155de,919925,30,6.0,45.0,47.0,0.8804812,4.0989676,0.0952381,2.5401762,68.65625,0
44b6_996155de,919926,30,25.0,56.0,2.0,0.83761007,2.7430005,0.3968254,2.4687274,63.024292,0
44b6_996155de,919927,30,24.0,71.0,19.0,0.8098794,3.8538592,0.3809524,2.5401762,68.65625,1
44b6_996155de,919928,30,37.0,197.0,69.0,0.8070847,6.0787444,0.5873016,2.5434792,68.92444,0
44b6_996155de,919929,30,17.0,233.0,207.0,0.6299635,2.9548538,0.26984128,2.5434792,68.92444,0
44b6_996155de,919930,30,29.0,199.0,50.0,0.6110246,4.482832,0.46031746,2.5434792,68.92444,0
44b6_996155de,919931,30,27.0,46.0,23.0,0.5981572,2.2630746,0.42857143,2.5434792,68.92444,0
44b6_996155de,919932,30,19.0,10.0,26.0,0.5866089,2.4493036,0.3015873,2.5434792,68.92444,0
44b6_996155de,919933,30,19.0,49.0,39.0,0.57525146,1.2704358,0.3015873,2.5032594,65.70618,0
44b6_996155de,919934,30,58.0,175.0,50.0,0.5623963,5.7812037,0.9206349,2.5434792,68.92444,0
44b6_996155de,919935,30,50.0,223.0,190.0,0.5481438,5.3054347,0.7936508,2.5401762,68.65625,1
44b6_996155de,919936,30,32.0,183.0,54.0,0.5319849,3.3303823,0.50793654,2.5434792,68.92444,0
44b6_996155de,919937,30,36.0,215.0,192.0,0.5032988,4.968898,0.5714286,2.5434792,68.92444,0
44b6_996155de,919938,30,23.0,70.0,65.0,0.48706654,1.0885065,0.36507937,2.5434792,68.92444,1
44b6_996155de,919939,30,46.0,77.0,35.0,0.48164353,2.9857595,0.73015875,2.5434792,68.92444,1
44b6_996155de,919940,30,6.0,178.0,159.0,0.46745467,2.18901,0.0952381,2.5434792,68.92444,0
44b6_996155de,919941,30,7.0,224.0,67.0,0.4558182,2.8720243,0.11111111,2.5401762,68.65625,0
44b6_996155de,919942,30,49.0,187.0,60.0,0.45397058,4.321494,0.7777778,2.5434792,68.92444,0
44b6_996155de,919943,30,51.0,154.0,28.0,0.44192547,5.940892,0.8095238,2.5434792,68.92444,0
44b6_996155de,919944,30,39.0,65.0,11.0,0.42931256,0.83939755,0.61904764,2.4861133,64.365234,0
44b6_996155de,919945,30,15.0,209.0,70.0,0.43097666,2.8892295,0.23809524,2.5434792,68.92444,0
44b6_996155de,919946,30,6.0,207.0,49.0,0.41350612,2.8337767,0.0952381,2.5268764,67.583496,1
44b6_996155de,919947,30,53.0,71.0,14.0,0.4031471,1.507553,0.84126985,2.5401762,68.65625,0
44b6_996155de,919948,30,19.0,147.0,142.0,0.40096173,2.7467356,0.3015873,2.5434792,68.92444,1
44b6_996155de,919949,30,29.0,80.0,58.0,0.3616646,1.8548661,0.46031746,2.5434792,68.92444,1
44b6_996155de,919950,30,13.0,161.0,150.0,0.3607909,2.580642,0.20634921,2.5434792,68.92444,0
44b6_996155de,919951,30,19.0,211.0,50.0,0.35858598,1.7287887,0.3015873,2.5434792,68.92444,1
44b6_996155de,919952,30,58.0,229.0,182.0,0.36100876,1.8309938,0.9206349,2.5434792,68.92444,1
44b6_996155de,919953,30,56.0,88.0,34.0,0.3604459,2.1785095,0.8888889,2.5434792,68.92444,1
44b6_996155de,919954,30,29.0,163.0,29.0,0.35572523,4.3790855,0.46031746,2.5434792,68.92444,0
44b6_996155de,919955,30,15.0,228.0,84.0,0.349803,2.8762925,0.23809524,2.5434792,68.92444,0
44b6_996155de,919956,30,27.0,153.0,140.0,0.31810436,1.54553,0.42857143,2.5434792,68.92444,1
44b6_996155de,919957,30,15.0,189.0,45.0,0.2998042,2.8050942,0.23809524,2.5434792,68.92444,0
44b6_996155de,919958,30,44.0,105.0,74.0,0.30379316,3.6173518,0.6984127,2.5434792,68.92444,0
44b6_996155de,919959,30,32.0,191.0,169.0,0.2981401,3.5760927,0.50793654,2.5434792,68.92444,0
44b6_996155de,919960,30,40.0,141.0,17.0,0.29677704,5.0512385,0.63492066,2.5401762,68.65625,0
44b6_996155de,919961,30,8.0,171.0,15.0,0.2860314,3.4226105,0.12698413,2.5434792,68.92444,0
44b6_996155de,919962,31,6.0,81.0,90.0,2.117304,3.7033615,0.0952381,2.5434792,68.92444,0
44b6_996155de,919963,31,2.0,218.0,193.0,1.5954984,2.9876459,0.031746034,2.4687274,63.024292,0
44b6_996155de,919964,31,5.0,125.0,126.0,1.5285735,3.3572013,0.07936508,2.5434792,68.92444,0
44b6_996155de,919965,31,9.0,48.0,24.0,1.1152437,3.1355693,0.14285715,2.5434792,68.92444,0
44b6_996155de,919966,31,10.0,99.0,10.0,0.9855933,2.18555,0.15873016,2.5434792,68.92444,0
44b6_996155de,919967,31,11.0,97.0,32.0,0.95091647,2.3226323,0.17460318,2.5434792,68.92444,0
44b6_996155de,919968,31,15.0,61.0,17.0,0.88574755,2.485997,0.23809524,2.5401762,68.65625,1
44b6_996155de,919969,31,7.0,45.0,46.0,0.8629641,4.42059,0.11111111,2.5401762,68.65625,0
44b6_996155de,919970,31,25.0,57.0,6.0,0.78711057,2.170848,0.3968254,2.5434792,68.92444,1
44b6_996155de,919971,31,24.0,71.0,22.0,0.78510386,3.2693121,0.3809524,2.5335438,68.11987,1
44b6_996155de,919972,31,20.0,55.0,3.0,0.7672342,2.1618824,0.31746033,2.5401762,68.65625,1
44b6_996155de,919973,31,36.0,198.0,70.0,0.7424149,6.08512,0.5714286,2.5434792,68.92444,0
44b6_996155de,919974,31,23.0,18.0,11.0,0.65034133,1.3334911,0.36507937,2.5401762,68.65625,0
44b6_996155de,919975,31,17.0,234.0,208.0,0.6407899,2.874685,0.26984128,2.5434792,68.92444,1
44b6_996155de,919976,31,18.0,10.0,28.0,0.6139515,2.3951726,0.2857143,2.5434792,68.92444,0
44b6_996155de,919977,31,27.0,47.0,25.0,0.58885545,2.127456,0.42857143,2.5434792,68.92444,0
44b6_996155de,919978,31,23.0,238.0,205.0,0.5896018,1.9702888,0.36507937,2.5434792,68.92444,1
44b6_996155de,919979,31,29.0,199.0,49.0,0.5562538,4.407195,0.46031746,2.5434792,68.92444,0
44b6_996155de,919980,31,50.0,225.0,191.0,0.55235785,4.858427,0.7936508,2.5401762,68.65625,1
44b6_996155de,919981,31,56.0,174.0,49.0,0.5556249,6.036945,0.8888889,2.5434792,68.92444,0
44b6_996155de,919982,31,32.0,183.0,55.0,0.5471159,3.6881971,0.50793654,2.5434792,68.92444,0
44b6_996155de,919983,31,36.0,215.0,192.0,0.49848765,4.979945,0.5714286,2.5434792,68.92444,0
44b6_996155de,919984,31,46.0,78.0,35.0,0.484634,3.1223845,0.73015875,2.5434792,68.92444,1
44b6_996155de,919985,31,24.0,72.0,67.0,0.46608666,1.4223206,0.3809524,2.5434792,68.92444,1
44b6_996155de,919986,31,50.0,72.0,16.0,0.45667228,2.5408883,0.7936508,2.5434792,68.92444,1
44b6_996155de,919987,31,50.0,153.0,28.0,0.45353255,6.310333,0.7936508,2.5434792,68.92444,0
44b6_996155de,919988,31,49.0,187.0,62.0,0.44530994,4.462328,0.7777778,2.5434792,68.92444,0
44b6_996155de,919989,31,14.0,208.0,68.0,0.43673006,3.1169183,0.22222222,2.5434792,68.92444,0
44b6_996155de,919990,31,7.0,180.0,161.0,0.43089104,2.3527749,0.11111111,2.5434792,68.92444,0
44b6_996155de,919991,31,39.0,66.0,12.0,0.4133397,1.0094845,0.61904764,2.499849,65.43799,1
44b6_996155de,919992,31,6.0,225.0,67.0,0.4146783,2.7599661,0.0952381,2.5368643,68.38806,0
44b6_996155de,919993,31,18.0,148.0,144.0,0.4140983,2.6883912,0.2857143,2.5434792,68.92444,1
44b6_996155de,919994,31,6.0,209.0,51.0,0.40123582,2.5275822,0.0952381,2.5100527,66.24255,1
44b6_996155de,919995,31,29.0,80.0,59.0,0.3694467,1.9926527,0.46031746,2.5434792,68.92444,1
44b6_996155de,919996,31,57.0,232.0,185.0,0.36261407,1.5515684,0.9047619,2.5401762,68.65625,1
44b6_996155de,919997,31,29.0,162.0,30.0,0.35815042,4.337531,0.46031746,2.5434792,68.92444,0
44b6_996155de,919998,31,18.0,211.0,50.0,0.35075498,2.0530403,0.2857143,2.5401762,68.65625,1
44b6_996155de,919999,31,54.0,88.0,34.0,0.3467734,1.4175793,0.85714287,2.5434792,68.92444,1
44b6_996155de,920000,31,15.0,229.0,87.0,0.33186746,3.8359432,0.23809524,2.5434792,68.92444,0
44b6_996155de,920001,31,27.0,153.0,140.0,0.31925702,1.575845,0.42857143,2.5434792,68.92444,1
44b6_996155de,920002,31,44.0,106.0,75.0,0.31917873,3.8244371,0.6984127,2.5434792,68.92444,0
44b6_996155de,920003,31,40.0,141.0,18.0,0.31189585,5.041954,0.63492066,2.5368643,68.38806,0
44b6_996155de,920004,32,6.0,81.0,91.0,2.1560729,3.950954,0.0952381,2.5434792,68.92444,0
44b6_996155de,920005,32,6.0,121.0,124.0,1.6344688,3.2583218,0.0952381,2.5434792,68.92444,0
44b6_996155de,920006,32,15.0,8.0,2.0,1.197709,4.3734674,0.23809524,2.4687274,63.024292,0
44b6_996155de,920007,32,9.0,48.0,24.0,1.1306903,3.1025608,0.14285715,2.5434792,68.92444,0
44b6_996155de,920008,32,7.0,101.0,12.0,1.0377897,2.3785431,0.11111111,2.5434792,68.92444,0
44b6_996155de,920009,32,9.0,92.0,31.0,0.9579229,1.9191244,0.14285715,2.5434792,68.92444,0
44b6_996155de,920010,32,15.0,60.0,17.0,0.9221692,2.59454,0.23809524,2.5434792,68.92444,1
44b6_996155de,920011,32,9.0,72.0,71.0,0.85231864,1.7820832,0.14285715,2.5434792,68.92444,1
44b6_996155de,920012,32,7.0,44.0,47.0,0.8509336,4.509503,0.11111111,2.5434792,68.92444,0
44b6_996155de,920013,32,35.0,198.0,69.0,0.8352911,5.615862,0.5555556,2.5434792,68.92444,0
44b6_996155de,920014,32,25.0,57.0,6.0,0.7770795,1.9189231,0.3968254,2.5434792,68.92444,1
44b6_996155de,920015,32,19.0,55.0,2.0,0.7674642,2.0236008,0.3015873,2.4687274,63.024292,1
44b6_996155de,920016,32,23.0,71.0,20.0,0.7731689,2.717587,0.36507937,2.5434792,68.92444,1
44b6_996155de,920017,32,17.0,8.0,26.0,0.62340266,2.2152605,0.26984128,2.5368643,68.38806,0
44b6_996155de,920018,32,17.0,233.0,209.0,0.6179159,2.6301296,0.26984128,2.5434792,68.92444,1
44b6_996155de,920019,32,29.0,199.0,51.0,0.6032548,4.0325155,0.46031746,2.5434792,68.92444,1
44b6_996155de,920020,32,29.0,46.0,24.0,0.58943546,2.8180835,0.46031746,2.5434792,68.92444,0
44b6_996155de,920021,32,22.0,236.0,205.0,0.58853734,2.208198,0.34920636,2.5434792,68.92444,1
44b6_996155de,920022,32,49.0,225.0,191.0,0.5823337,5.2337766,0.7777778,2.5401762,68.65625,1
44b6_996155de,920023,32,32.0,182.0,54.0,0.5499816,3.609397,0.50793654,2.5434792,68.92444,0
44b6_996155de,920024,32,55.0,174.0,48.0,0.5391602,5.833225,0.8730159,2.5434792,68.92444,0
44b6_996155de,920025,32,50.0,69.0,13.0,0.4786457,2.6918604,0.7936508,2.5434792,68.92444,1
44b6_996155de,920026,32,46.0,76.0,33.0,0.4738125,2.8936226,0.73015875,2.5434792,68.92444,1
44b6_996155de,920027,32,48.0,187.0,61.0,0.4769963,4.1587305,0.7619048,2.5434792,68.92444,0
44b6_996155de,920028,32,36.0,214.0,192.0,0.47764236,5.497525,0.5714286,2.5434792,68.92444,0
44b6_996155de,920029,32,12.0,101.0,102.0,0.46129754,1.195282,0.1904762,2.5201738,67.04712,0
44b6_996155de,920030,32,23.0,72.0,68.0,0.45887235,1.1075604,0.36507937,2.5401762,68.65625,2
44b6_996155de,920031,32,13.0,206.0,66.0,0.4490958,3.1367912,0.20634921,2.5434792,68.92444,0
44b6_996155de,920032,32,17.0,146.0,144.0,0.44555464,2.919725,0.26984128,2.5434792,68.92444,1
44b6_996155de,920033,32,50.0,152.0,27.0,0.43778968,6.0254645,0.7936508,2.5434792,68.92444,0
44b6_996155de,920034,32,6.0,208.0,50.0,0.4260896,2.8459346,0.0952381,2.5134354,66.51074,1
44b6_996155de,920035,32,39.0,62.0,11.0,0.4188704,0.7549932,0.61904764,2.475711,63.56067,1
44b6_996155de,920036,32,7.0,178.0,162.0,0.41559848,2.3210986,0.11111111,2.5434792,68.92444,0
44b6_996155de,920037,32,5.0,225.0,66.0,0.39574432,2.5493762,0.07936508,2.5434792,68.92444,0
44b6_996155de,920038,32,28.0,77.0,57.0,0.37697428,2.0009341,0.44444445,2.5434792,68.92444,1
44b6_996155de,920039,32,53.0,86.0,34.0,0.3661381,1.3399562,0.84126985,2.5434792,68.92444,1
44b6_996155de,920040,32,57.0,235.0,188.0,0.3607909,1.6686199,0.9047619,2.5434792,68.92444,1
44b6_996155de,920041,32,29.0,161.0,29.0,0.35894817,4.327158,0.46031746,2.5434792,68.92444,0
44b6_996155de,920042,32,19.0,210.0,51.0,0.34905905,1.5568131,0.3015873,2.5434792,68.92444,2
44b6_996155de,920043,32,27.0,151.0,140.0,0.31876755,1.4677516,0.42857143,2.5401762,68.65625,1
44b6_996155de,920044,32,45.0,104.0,74.0,0.3153146,3.6229472,0.71428573,2.5434792,68.92444,0
44b6_996155de,920045,32,7.0,168.0,8.0,0.31029782,3.5283928,0.11111111,2.5368643,68.38806,0
44b6_996155de,920046,32,40.0,139.0,16.0,0.3111299,5.399276,0.63492066,2.5401762,68.65625,0
44b6_996155de,920047,32,14.0,230.0,87.0,0.30643126,3.8315086,0.22222222,2.5434792,68.92444,0
44b6_996155de,920048,33,7.0,79.0,88.0,2.3359175,3.9568422,0.11111111,2.5434792,68.92444,0
44b6_996155de,920049,33,6.0,120.0,124.0,1.666412,3.3766742,0.0952381,2.5434792,68.92444,0
44b6_996155de,920050,33,3.0,222.0,197.0,1.6365222,2.6859994,0.04761905,2.5401762,68.65625,0
44b6_996155de,920051,33,8.0,49.0,23.0,1.1204758,2.8346732,0.12698413,2.5434792,68.92444,1
44b6_996155de,920052,33,8.0,90.0,35.0,1.03835,2.040132,0.12698413,2.5434792,68.92444,0
44b6_996155de,920053,33,7.0,100.0,13.0,1.0251156,2.0189703,0.11111111,2.5434792,68.92444,0
44b6_996155de,920054,33,15.0,61.0,19.0,0.93367106,2.225811,0.23809524,2.5368643,68.38806,4
44b6_996155de,920055,33,6.0,43.0,46.0,0.8348335,4.621588,0.0952381,2.5434792,68.92444,1
44b6_996155de,920056,33,22.0,70.0,20.0,0.8246605,2.0728858,0.34920636,2.5335438,68.11987,1
44b6_996155de,920057,33,35.0,198.0,70.0,0.80028397,5.4828744,0.5555556,2.5434792,68.92444,0
44b6_996155de,920058,33,17.0,54.0,6.0,0.7842204,1.6579844,0.26984128,2.5368643,68.38806,2
44b6_996155de,920059,33,25.0,58.0,10.0,0.7545237,1.5148966,0.3968254,2.5168092,66.77893,3
44b6_996155de,920060,33,17.0,8.0,25.0,0.66205853,2.1170304,0.26984128,2.5434792,68.92444,0
44b6_996155de,920061,33,17.0,234.0,209.0,0.6299023,2.405021,0.26984128,2.5368643,68.38806,1
44b6_996155de,920062,33,22.0,235.0,205.0,0.6265203,2.369863,0.34920636,2.5434792,68.92444,1
44b6_996155de,920063,33,17.0,50.0,46.0,0.59420747,1.4413774,0.26984128,2.5066607,65.974365,1
44b6_996155de,920064,33,27.0,46.0,27.0,0.5880356,2.099128,0.42857143,2.5434792,68.92444,0
44b6_996155de,920065,33,28.0,198.0,50.0,0.5756919,4.502468,0.44444445,2.5434792,68.92444,0
44b6_996155de,920066,33,49.0,225.0,192.0,0.55173385,4.915369,0.7777778,2.5401762,68.65625,1
44b6_996155de,920067,33,32.0,181.0,54.0,0.5307907,3.5579488,0.50793654,2.5434792,68.92444,0
44b6_996155de,920068,33,53.0,173.0,47.0,0.520001,4.8747077,0.84126985,2.5434792,68.92444,0
44b6_996155de,920069,33,16.0,143.0,143.0,0.48589188,2.880063,0.25396827,2.5434792,68.92444,0
44b6_996155de,920070,33,49.0,187.0,60.0,0.48841003,4.8062425,0.7777778,2.5434792,68.92444,0
44b6_996155de,920071,33,36.0,214.0,193.0,0.4891956,5.6734986,0.5714286,2.5434792,68.92444,0
44b6_996155de,920072,33,23.0,71.0,68.0,0.4777745,1.0590874,0.36507937,2.5434792,68.92444,1
44b6_996155de,920073,33,46.0,76.0,34.0,0.47520983,2.9010348,0.73015875,2.5434792,68.92444,1
44b6_996155de,920074,33,50.0,69.0,13.0,0.44588014,2.775222,0.7936508,2.5434792,68.92444,1
44b6_996155de,920075,33,5.0,207.0,49.0,0.44210166,3.140345,0.07936508,2.5268764,67.583496,0
44b6_996155de,920076,33,14.0,206.0,68.0,0.4411815,3.4410667,0.22222222,2.5434792,68.92444,0
44b6_996155de,920077,33,50.0,151.0,27.0,0.4438832,6.2011333,0.7936508,2.5434792,68.92444,0
44b6_996155de,920078,33,9.0,199.0,187.0,0.43712893,1.8471069,0.14285715,2.5401762,68.65625,0
44b6_996155de,920079,33,39.0,60.0,10.0,0.41564497,0.87934613,0.61904764,2.4826555,64.097046,2
44b6_996155de,920080,33,7.0,177.0,162.0,0.41356972,2.6108665,0.11111111,2.5434792,68.92444,0
44b6_996155de,920081,33,28.0,75.0,56.0,0.39238188,2.1442852,0.44444445,2.5401762,68.65625,1
44b6_996155de,920082,33,60.0,183.0,25.0,0.3875221,6.6240344,0.95238096,2.5401762,68.65625,0
44b6_996155de,920083,33,5.0,222.0,63.0,0.3708416,2.1557348,0.07936508,2.5434792,68.92444,0
44b6_996155de,920084,33,53.0,84.0,32.0,0.3642806,1.318477,0.84126985,2.5434792,68.92444,1
44b6_996155de,920085,33,28.0,159.0,28.0,0.36657614,4.5724998,0.44444445,2.5434792,68.92444,0
44b6_996155de,920086,33,56.0,236.0,189.0,0.36387196,1.8215648,0.8888889,2.5434792,68.92444,1
44b6_996155de,920087,34,7.0,80.0,86.0,2.2451608,3.7448494,0.11111111,2.5434792,68.92444,0
44b6_996155de,920088,34,7.0,120.0,122.0,1.6624404,3.7748594,0.11111111,2.5434792,68.92444,0
44b6_996155de,920089,34,3.0,223.0,196.0,1.6268228,2.7348068,0.04761905,2.5401762,68.65625,0
44b6_996155de,920090,34,8.0,50.0,22.0,1.2087022,3.17578,0.12698413,2.5434792,68.92444,1
44b6_996155de,920091,34,7.0,91.0,34.0,1.0263538,2.0721323,0.11111111,2.5434792,68.92444,0
44b6_996155de,920092,34,6.0,100.0,17.0,0.99259716,2.0585432,0.0952381,2.5434792,68.92444,0
44b6_996155de,920093,34,14.0,62.0,16.0,0.9504589,2.0774992,0.22222222,2.5335438,68.11987,4
44b6_996155de,920094,34,7.0,44.0,45.0,0.8715635,4.5255885,0.11111111,2.5434792,68.92444,0
44b6_996155de,920095,34,20.0,70.0,19.0,0.85039765,1.8846762,0.31746033,2.5434792,68.92444,1
44b6_996155de,920096,34,16.0,54.0,6.0,0.83627,1.4828917,0.25396827,2.5302145,67.851685,2
44b6_996155de,920097,34,35.0,197.0,68.0,0.78421307,5.607345,0.5555556,2.5434792,68.92444,0
44b6_996155de,920098,34,25.0,57.0,10.0,0.7543793,1.3798057,0.3968254,2.5335438,68.11987,2
44b6_996155de,920099,34,17.0,10.0,25.0,0.66055846,1.9980558,0.26984128,2.5434792,68.92444,0
44b6_996155de,920100,34,17.0,234.0,208.0,0.65089446,2.6409512,0.26984128,2.5401762,68.65625,0
44b6_996155de,920101,34,26.0,46.0,27.0,0.5934978,1.8173434,0.41269842,2.5434792,68.92444,0
44b6_996155de,920102,34,31.0,182.0,53.0,0.5243937,3.303955,0.4920635,2.5434792,68.92444,0
44b6_996155de,920103,34,28.0,197.0,48.0,0.513303,3.587139,0.44444445,2.5434792,68.92444,0
44b6_996155de,920104,34,52.0,173.0,46.0,0.51435775,4.555197,0.82539684,2.5434792,68.92444,0
44b6_996155de,920105,34,36.0,214.0,192.0,0.506933,5.633573,0.5714286,2.5434792,68.92444,0
44b6_996155de,920106,34,49.0,225.0,192.0,0.5075129,5.0644226,0.7777778,2.5434792,68.92444,0
44b6_996155de,920107,34,17.0,141.0,140.0,0.48705432,2.6996558,0.26984128,2.5434792,68.92444,1
44b6_996155de,920108,34,22.0,72.0,68.0,0.48301888,0.82416314,0.34920636,2.5434792,68.92444,1
44b6_996155de,920109,34,49.0,187.0,60.0,0.4755647,4.481517,0.7777778,2.5434792,68.92444,0
44b6_996155de,920110,34,46.0,77.0,35.0,0.45550498,2.5016825,0.73015875,2.5434792,68.92444,1
44b6_996155de,920111,34,5.0,207.0,46.0,0.42650318,3.0825484,0.07936508,2.5268764,67.583496,1
44b6_996155de,920112,34,49.0,151.0,27.0,0.430661,5.555774,0.7777778,2.5434792,68.92444,0
44b6_996155de,920113,34,13.0,205.0,65.0,0.42301592,3.1083145,0.20634921,2.5434792,68.92444,0
44b6_996155de,920114,34,7.0,179.0,162.0,0.4153366,2.6843007,0.11111111,2.5434792,68.92444,0
44b6_996155de,920115,34,50.0,68.0,11.0,0.4003206,1.530515,0.7936508,2.5434792,68.92444,1
44b6_996155de,920116,34,53.0,66.0,8.0,0.39664492,1.1315321,0.84126985,2.5401762,68.65625,1
44b6_996155de,920117,34,27.0,76.0,56.0,0.39982378,2.0353417,0.42857143,2.5434792,68.92444,1
44b6_996155de,920118,34,4.0,224.0,61.0,0.3975626,2.362069,0.06349207,2.5434792,68.92444,0
44b6_996155de,920119,34,52.0,83.0,31.0,0.37255704,1.3158828,0.82539684,2.5434792,68.92444,1
44b6_996155de,920120,34,18.0,209.0,51.0,0.36839437,1.9642103,0.2857143,2.5434792,68.92444,1
44b6_996155de,920121,34,27.0,158.0,27.0,0.3615471,4.4402986,0.42857143,2.5401762,68.65625,0
44b6_996155de,920122,34,60.0,184.0,26.0,0.36169666,6.709371,0.95238096,2.5401762,68.65625,0
44b6_996155de,920123,34,56.0,239.0,191.0,0.3365783,2.2320688,0.8888889,2.5434792,68.92444,0
44b6_996155de,920124,34,6.0,165.0,6.0,0.3231701,3.3556063,0.0952381,2.5335438,68.11987,0
44b6_996155de,920125,34,26.0,149.0,139.0,0.32217407,1.1987602,0.41269842,2.5434792,68.92444,1
44b6_996155de,920126,34,11.0,186.0,38.0,0.3216822,3.3282044,0.17460318,2.5368643,68.38806,0
44b6_996155de,920127,35,7.0,80.0,87.0,2.1382034,3.5124047,0.11111111,2.5434792,68.92444,0
44b6_996155de,920128,35,4.0,226.0,199.0,1.7723442,3.2377455,0.06349207,2.5434792,68.92444,0
44b6_996155de,920129,35,7.0,119.0,122.0,1.6198295,3.7503927,0.11111111,2.5434792,68.92444,0
44b6_996155de,920130,35,9.0,47.0,21.0,1.1854832,2.6965976,0.14285715,2.5434792,68.92444,1
44b6_996155de,920131,35,7.0,101.0,4.0,1.0993319,2.4743903,0.11111111,2.5434792,68.92444,1
44b6_996155de,920132,35,14.0,57.0,13.0,1.0285637,2.0104847,0.22222222,2.5434792,68.92444,3
44b6_996155de,920133,35,5.0,100.0,18.0,1.0052124,2.0629752,0.07936508,2.5434792,68.92444,1
44b6_996155de,920134,35,3.0,88.0,41.0,0.9789923,1.854403,0.04761905,2.5401762,68.65625,1
44b6_996155de,920135,35,8.0,91.0,38.0,0.9612486,1.6799599,0.12698413,2.5434792,68.92444,1
44b6_996155de,920136,35,18.0,67.0,12.0,0.9565083,1.9477853,0.2857143,2.5434792,68.92444,2
44b6_996155de,920137,35,7.0,43.0,44.0,0.9365123,4.56574,0.11111111,2.5434792,68.92444,0
44b6_996155de,920138,35,25.0,55.0,7.0,0.8172014,1.3685434,0.3968254,2.5302145,67.851685,2
44b6_996155de,920139,35,34.0,196.0,67.0,0.7139491,4.942588,0.53968257,2.5434792,68.92444,0
44b6_996155de,920140,35,17.0,9.0,23.0,0.6621321,1.8450291,0.26984128,2.5401762,68.65625,0
44b6_996155de,920141,35,17.0,232.0,209.0,0.62723005,1.5737103,0.26984128,2.5168092,66.77893,0
44b6_996155de,920142,35,25.0,45.0,27.0,0.59577364,1.2822558,0.3968254,2.5434792,68.92444,0
44b6_996155de,920143,35,30.0,181.0,50.0,0.5632651,3.741518,0.47619048,2.5434792,68.92444,0
44b6_996155de,920144,35,50.0,171.0,46.0,0.5467734,5.8464737,0.7936508,2.5434792,68.92444,0
44b6_996155de,920145,35,28.0,197.0,48.0,0.51199377,3.3371964,0.44444445,2.5434792,68.92444,0
44b6_996155de,920146,35,17.0,139.0,139.0,0.49381837,2.5408561,0.26984128,2.5434792,68.92444,1
44b6_996155de,920147,35,22.0,72.0,69.0,0.48507696,0.78186774,0.34920636,2.5401762,68.65625,1
44b6_996155de,920148,35,36.0,213.0,192.0,0.4919022,5.262126,0.5714286,2.5434792,68.92444,0
44b6_996155de,920149,35,49.0,224.0,193.0,0.48775908,4.883046,0.7777778,2.5434792,68.92444,0
44b6_996155de,920150,35,49.0,186.0,60.0,0.47473264,4.56591,0.7777778,2.5434792,68.92444,0
44b6_996155de,920151,35,47.0,75.0,34.0,0.45515016,2.3588593,0.74603176,2.5434792,68.92444,1
44b6_996155de,920152,35,13.0,205.0,65.0,0.43479186,3.3134966,0.20634921,2.5401762,68.65625,0
44b6_996155de,920153,35,49.0,150.0,28.0,0.43722683,5.3094993,0.7777778,2.5434792,68.92444,0
44b6_996155de,920154,35,49.0,66.0,11.0,0.41247338,1.7771055,0.7777778,2.5434792,68.92444,0
44b6_996155de,920155,35,9.0,199.0,187.0,0.41562787,2.734388,0.14285715,2.5401762,68.65625,0
44b6_996155de,920156,35,7.0,180.0,164.0,0.3997455,2.7582865,0.11111111,2.5434792,68.92444,0
44b6_996155de,920157,35,52.0,82.0,31.0,0.37945575,1.3661138,0.82539684,2.5434792,68.92444,1
44b6_996155de,920158,35,5.0,221.0,59.0,0.37367302,2.2560356,0.07936508,2.5434792,68.92444,0
44b6_996155de,920159,35,27.0,156.0,27.0,0.36984313,4.7980776,0.42857143,2.5434792,68.92444,0
44b6_996155de,920160,35,28.0,76.0,57.0,0.36640972,1.9021832,0.44444445,2.5434792,68.92444,1
44b6_996155de,920161,35,60.0,182.0,28.0,0.36557588,6.3897805,0.95238096,2.5401762,68.65625,0
44b6_996155de,920162,35,43.0,109.0,84.0,0.36572692,3.9242764,0.6825397,2.5434792,68.92444,0
44b6_996155de,920163,35,19.0,209.0,51.0,0.3504099,2.0598097,0.3015873,2.5434792,68.92444,0
44b6_996155de,920164,35,4.0,204.0,43.0,0.34203804,2.769526,0.06349207,2.5134354,66.51074,0
44b6_996155de,920165,35,26.0,149.0,140.0,0.32937622,1.4249277,0.41269842,2.5434792,68.92444,1
44b6_996155de,920166,35,39.0,137.0,16.0,0.3239116,5.271036,0.61904764,2.5434792,68.92444,0
44b6_996155de,920167,35,55.0,239.0,193.0,0.32052466,1.6178204,0.8730159,2.5434792,68.92444,0
44b6_996155de,920168,35,11.0,184.0,37.0,0.31560582,3.554928,0.17460318,2.5401762,68.65625,0
44b6_996155de,920169,35,59.0,102.0,60.0,0.31267405,4.0301056,0.93650794,2.5434792,68.92444,0
44b6_996155de,920170,36,8.0,80.0,88.0,2.0988107,3.5671048,0.12698413,2.5434792,68.92444,0
44b6_996155de,920171,36,3.0,223.0,199.0,1.7071934,2.9747162,0.04761905,2.5401762,68.65625,0
44b6_996155de,920172,36,8.0,118.0,123.0,1.564447,3.7179723,0.12698413,2.5434792,68.92444,0
44b6_996155de,920173,36,14.0,59.0,15.0,1.151225,2.6361911,0.22222222,2.5401762,68.65625,2
44b6_996155de,920174,36,9.0,49.0,22.0,1.139302,2.1899645,0.14285715,2.5434792,68.92444,1
44b6_996155de,920175,36,7.0,99.0,6.0,1.1168196,2.8557932,0.11111111,2.5434792,68.92444,0
44b6_996155de,920176,36,15.0,21.0,2.0,1.0856711,2.160227,0.23809524,2.4687274,63.024292,0
44b6_996155de,920177,36,6.0,98.0,23.0,0.9548247,2.4563193,0.0952381,2.5401762,68.65625,0
44b6_996155de,920178,36,2.0,86.0,43.0,0.9434123,2.0536666,0.031746034,2.4687274,63.024292,1
44b6_996155de,920179,36,11.0,92.0,47.0,0.91321975,1.7410902,0.17460318,2.5401762,68.65625,1
44b6_996155de,920180,36,8.0,43.0,43.0,0.8842229,3.265048,0.12698413,2.5401762,68.65625,0
44b6_996155de,920181,36,23.0,57.0,11.0,0.858701,0.87157136,0.36507937,2.5066607,65.974365,1
44b6_996155de,920182,36,16.0,7.0,28.0,0.6800773,1.854939,0.25396827,2.5368643,68.38806,0
44b6_996155de,920183,36,34.0,195.0,67.0,0.6786139,4.8525667,0.53968257,2.5434792,68.92444,0
44b6_996155de,920184,36,17.0,231.0,209.0,0.66005677,1.5341048,0.26984128,2.5268764,67.583496,0
44b6_996155de,920185,36,31.0,181.0,51.0,0.56643903,3.546219,0.4920635,2.5434792,68.92444,0
44b6_996155de,920186,36,51.0,170.0,46.0,0.5620782,6.1796417,0.8095238,2.5434792,68.92444,0
44b6_996155de,920187,36,28.0,196.0,49.0,0.5191959,3.3326085,0.44444445,2.5401762,68.65625,0
44b6_996155de,920188,36,49.0,223.0,194.0,0.5225779,4.6942725,0.7777778,2.5434792,68.92444,0
44b6_996155de,920189,36,50.0,185.0,60.0,0.5007391,5.0868564,0.7936508,2.5401762,68.65625,0
44b6_996155de,920190,36,18.0,139.0,141.0,0.48504514,2.607442,0.2857143,2.5434792,68.92444,1
44b6_996155de,920191,36,36.0,213.0,194.0,0.48129606,5.3991694,0.5714286,2.5434792,68.92444,0
44b6_996155de,920192,36,13.0,204.0,65.0,0.45527738,3.5515826,0.20634921,2.5401762,68.65625,1
44b6_996155de,920193,36,47.0,72.0,34.0,0.45412964,2.4253821,0.74603176,2.5434792,68.92444,1
44b6_996155de,920194,36,38.0,57.0,12.0,0.44491595,1.0733302,0.6031746,2.5368643,68.38806,1
44b6_996155de,920195,36,50.0,65.0,12.0,0.42731324,2.4623146,0.7936508,2.5434792,68.92444,1
44b6_996155de,920196,36,43.0,111.0,90.0,0.43302009,4.9023614,0.6825397,2.5434792,68.92444,0
44b6_996155de,920197,36,49.0,149.0,28.0,0.4315689,5.263927,0.7777778,2.5434792,68.92444,0
44b6_996155de,920198,36,9.0,197.0,187.0,0.4278443,3.2563474,0.14285715,2.5401762,68.65625,0
44b6_996155de,920199,36,6.0,182.0,166.0,0.42463845,2.8270767,0.0952381,2.5434792,68.92444,0
44b6_996155de,920200,36,52.0,80.0,32.0,0.37741968,1.4307352,0.82539684,2.5434792,68.92444,1
44b6_996155de,920201,36,52.0,241.0,197.0,0.37212393,1.6796328,0.82539684,2.5434792,68.92444,0
44b6_996155de,920202,36,29.0,75.0,59.0,0.3703791,2.0067704,0.46031746,2.5302145,67.851685,0
44b6_996155de,920203,36,26.0,155.0,25.0,0.36823532,4.0736966,0.41269842,2.5434792,68.92444,0
44b6_996155de,920204,36,5.0,222.0,59.0,0.36048013,2.3571827,0.07936508,2.5434792,68.92444,0
44b6_996155de,920205,36,60.0,182.0,28.0,0.35675365,6.0080757,0.95238096,2.5401762,68.65625,0
44b6_996155de,920206,36,26.0,148.0,141.0,0.35073784,1.5733538,0.41269842,2.5434792,68.92444,1
44b6_996155de,920207,36,4.0,203.0,41.0,0.3355456,2.6750169,0.06349207,2.5268764,67.583496,0
44b6_996155de,920208,36,18.0,210.0,55.0,0.3289553,1.5143045,0.2857143,2.5335438,68.11987,1
44b6_996155de,920209,36,58.0,101.0,61.0,0.33347037,4.4775133,0.9206349,2.5434792,68.92444,0
44b6_996155de,920210,36,39.0,135.0,15.0,0.32212514,5.5129843,0.61904764,2.5434792,68.92444,0
44b6_996155de,920211,36,11.0,183.0,37.0,0.31390253,3.5621336,0.17460318,2.5434792,68.92444,0
44b6_996155de,920212,36,29.0,184.0,168.0,0.31146023,3.7065527,0.46031746,2.5434792,68.92444,0
44b6_996155de,920213,37,8.0,78.0,86.0,2.050767,3.2251146,0.12698413,2.5434792,68.92444,0
44b6_996155de,920214,37,4.0,227.0,201.0,1.8470842,3.3474298,0.06349207,2.5401762,68.65625,1
44b6_996155de,920215,37,7.0,117.0,122.0,1.6554118,3.6558897,0.11111111,2.5434792,68.92444,0
44b6_996155de,920216,37,13.0,23.0,3.0,1.1776263,2.4258614,0.20634921,2.5401762,68.65625,0
44b6_996155de,920217,37,8.0,48.0,22.0,1.0918729,2.468039,0.12698413,2.5434792,68.92444,0
44b6_996155de,920218,37,6.0,97.0,6.0,1.0892714,2.5150466,0.0952381,2.5434792,68.92444,0
44b6_996155de,920219,37,4.0,94.0,23.0,1.0464112,3.4335895,0.06349207,2.5434792,68.92444,0
44b6_996155de,920220,37,11.0,88.0,50.0,0.97993785,2.46458,0.17460318,2.5434792,68.92444,0
44b6_996155de,920221,37,13.0,61.0,14.0,0.9589017,1.7716677,0.20634921,2.5268764,67.583496,3
44b6_996155de,920222,37,16.0,67.0,16.0,0.92762893,1.9037069,0.25396827,2.5434792,68.92444,2
44b6_996155de,920223,37,14.0,54.0,6.0,0.9207277,1.5568969,0.22222222,2.5201738,67.04712,2
44b6_996155de,920224,37,7.0,48.0,37.0,0.91631794,1.9878241,0.11111111,2.5302145,67.851685,2
44b6_996155de,920225,37,23.0,55.0,11.0,0.8698113,1.5331178,0.36507937,2.5168092,66.77893,4
44b6_996155de,920226,37,15.0,7.0,28.0,0.74610275,1.7311953,0.23809524,2.5401762,68.65625,0
44b6_996155de,920227,37,15.0,48.0,46.0,0.6483469,1.0642576,0.23809524,2.5368643,68.38806,2
44b6_996155de,920228,37,21.0,47.0,36.0,0.6104984,1.0828255,0.33333334,2.5434792,68.92444,2
44b6_996155de,920229,37,15.0,231.0,210.0,0.6076597,0.7648606,0.23809524,2.5235295,67.31531,1
44b6_996155de,920230,37,33.0,195.0,66.0,0.6193231,4.702396,0.52380955,2.5434792,68.92444,0
44b6_996155de,920231,37,30.0,179.0,49.0,0.6085824,3.9917238,0.47619048,2.5434792,68.92444,0
44b6_996155de,920232,37,50.0,170.0,44.0,0.5698064,5.691256,0.7936508,2.5434792,68.92444,0
44b6_996155de,920233,37,48.0,223.0,194.0,0.5149402,4.5678043,0.7619048,2.5434792,68.92444,0
44b6_996155de,920234,37,50.0,185.0,59.0,0.50577545,4.8898273,0.7936508,2.5434792,68.92444,0
44b6_996155de,920235,37,27.0,195.0,49.0,0.49161586,3.0438588,0.42857143,2.5401762,68.65625,0
44b6_996155de,920236,37,17.0,138.0,141.0,0.4832024,2.783503,0.26984128,2.5434792,68.92444,1
44b6_996155de,920237,37,35.0,213.0,193.0,0.463593,4.955841,0.5555556,2.5434792,68.92444,0
44b6_996155de,920238,37,46.0,72.0,35.0,0.44779387,2.4342036,0.73015875,2.5434792,68.92444,1
44b6_996155de,920239,37,42.0,112.0,92.0,0.44700095,5.205289,0.6666667,2.5434792,68.92444,0
44b6_996155de,920240,37,12.0,205.0,65.0,0.4435406,3.5437324,0.1904762,2.5434792,68.92444,1
44b6_996155de,920241,37,37.0,57.0,11.0,0.41983947,0.95295084,0.5873016,2.5100527,66.24255,2
44b6_996155de,920242,37,5.0,182.0,166.0,0.42450625,2.632755,0.07936508,2.5434792,68.92444,0
44b6_996155de,920243,37,51.0,242.0,199.0,0.41850573,2.1379287,0.8095238,2.5434792,68.92444,1
44b6_996155de,920244,37,8.0,198.0,188.0,0.41738495,2.441327,0.12698413,2.5401762,68.65625,0
44b6_996155de,920245,37,45.0,242.0,203.0,0.41050094,1.891739,0.71428573,2.5434792,68.92444,1
44b6_996155de,920246,37,46.0,67.0,13.0,0.40801704,2.3511698,0.73015875,2.5434792,68.92444,1
44b6_996155de,920247,37,48.0,149.0,28.0,0.41059396,4.632631,0.7619048,2.5434792,68.92444,0
44b6_996155de,920248,37,4.0,222.0,58.0,0.38230672,2.3870487,0.06349207,2.5434792,68.92444,0
44b6_996155de,920249,37,3.0,202.0,40.0,0.38322031,2.7833362,0.04761905,2.5368643,68.38806,0
44b6_996155de,920250,37,58.0,181.0,28.0,0.3825392,5.3327312,0.9206349,2.5434792,68.92444,0
44b6_996155de,920251,37,52.0,79.0,31.0,0.3726501,1.5036682,0.82539684,2.5434792,68.92444,1
44b6_996155de,920252,37,27.0,74.0,59.0,0.37361428,1.6145139,0.42857143,2.5434792,68.92444,0
44b6_996155de,920253,37,26.0,155.0,25.0,0.35388738,4.145678,0.41269842,2.5434792,68.92444,0
44b6_996155de,920254,37,25.0,146.0,140.0,0.34575042,1.434046,0.3968254,2.5401762,68.65625,1
44b6_996155de,920255,37,58.0,98.0,58.0,0.33091062,4.464444,0.9206349,2.5434792,68.92444,0
44b6_996155de,920256,37,38.0,135.0,15.0,0.31594354,5.4638605,0.6031746,2.5434792,68.92444,0
44b6_996155de,920257,37,17.0,211.0,55.0,0.3113085,1.3255649,0.26984128,2.5434792,68.92444,1
44b6_996155de,920258,37,10.0,184.0,36.0,0.30718255,3.1166306,0.15873016,2.5368643,68.38806,0
44b6_996155de,920259,37,28.0,182.0,167.0,0.3057803,3.5753224,0.44444445,2.5434792,68.92444,0
44b6_996155de,920260,37,10.0,232.0,93.0,0.30178404,4.799768,0.15873016,2.5434792,68.92444,0
44b6_996155de,920261,38,7.0,78.0,87.0,1.9877983,3.1873636,0.11111111,2.5434792,68.92444,0
44b6_996155de,920262,38,3.0,227.0,202.0,1.7789898,3.3021908,0.04761905,2.5401762,68.65625,0
44b6_996155de,920263,38,8.0,118.0,124.0,1.5595233,3.5241694,0.12698413,2.5434792,68.92444,0
44b6_996155de,920264,38,14.0,23.0,6.0,1.1890144,2.9888515,0.22222222,2.5434792,68.92444,0
44b6_996155de,920265,38,8.0,47.0,21.0,1.1350979,2.6330464,0.12698413,2.5434792,68.92444,0
44b6_996155de,920266,38,4.0,91.0,25.0,1.0847515,3.3922439,0.06349207,2.5434792,68.92444,0
44b6_996155de,920267,38,6.0,98.0,7.0,1.0370213,2.376791,0.0952381,2.5434792,68.92444,0
44b6_996155de,920268,38,6.0,49.0,37.0,0.9948829,2.0750742,0.0952381,2.5302145,67.851685,1
44b6_996155de,920269,38,12.0,92.0,53.0,0.99053186,3.0796762,0.1904762,2.5368643,68.38806,0
44b6_996155de,920270,38,12.0,60.0,14.0,0.96871257,1.923836,0.1904762,2.5201738,67.04712,2
44b6_996155de,920271,38,23.0,55.0,12.0,0.9257495,2.0598483,0.36507937,2.5302145,67.851685,1
44b6_996155de,920272,38,16.0,67.0,20.0,0.92495406,1.9904201,0.25396827,2.5434792,68.92444,1
44b6_996155de,920273,38,12.0,9.0,15.0,0.9062697,2.029686,0.1904762,2.5401762,68.65625,0
44b6_996155de,920274,38,17.0,47.0,44.0,0.6637863,0.9785237,0.26984128,2.5335438,68.11987,1
44b6_996155de,920275,38,16.0,230.0,211.0,0.64392734,1.1478856,0.25396827,2.5066607,65.974365,0
44b6_996155de,920276,38,31.0,178.0,47.0,0.62472165,3.9122388,0.4920635,2.5434792,68.92444,0
44b6_996155de,920277,38,32.0,194.0,65.0,0.58003086,4.468706,0.50793654,2.5434792,68.92444,0
44b6_996155de,920278,38,52.0,171.0,45.0,0.5763625,5.854155,0.82539684,2.5434792,68.92444,0
44b6_996155de,920279,38,50.0,184.0,58.0,0.5254974,5.0329432,0.7936508,2.5434792,68.92444,0
44b6_996155de,920280,38,47.0,223.0,196.0,0.502501,4.445495,0.74603176,2.5401762,68.65625,0
44b6_996155de,920281,38,17.0,138.0,142.0,0.49012554,2.572339,0.26984128,2.5434792,68.92444,0
44b6_996155de,920282,38,50.0,244.0,201.0,0.4708881,2.675946,0.7936508,2.5434792,68.92444,0
44b6_996155de,920283,38,27.0,195.0,47.0,0.4677312,3.0868585,0.42857143,2.5401762,68.65625,0
44b6_996155de,920284,38,58.0,180.0,30.0,0.44679052,5.842116,0.9206349,2.5434792,68.92444,0
44b6_996155de,920285,38,40.0,113.0,95.0,0.44080463,4.8517475,0.63492066,2.5434792,68.92444,0
44b6_996155de,920286,38,38.0,57.0,11.0,0.42815503,1.5152798,0.6031746,2.5134354,66.51074,1
44b6_996155de,920287,38,35.0,213.0,194.0,0.43436357,4.263905,0.5555556,2.5434792,68.92444,0
44b6_996155de,920288,38,5.0,182.0,165.0,0.4263368,2.6111827,0.07936508,2.5434792,68.92444,0
44b6_996155de,920289,38,46.0,70.0,35.0,0.41934022,2.440107,0.73015875,2.5434792,68.92444,1
44b6_996155de,920290,38,48.0,148.0,27.0,0.4225999,5.4026628,0.7619048,2.5434792,68.92444,0
44b6_996155de,920291,38,12.0,205.0,64.0,0.41469792,3.546526,0.1904762,2.5434792,68.92444,1
44b6_996155de,920292,38,8.0,197.0,188.0,0.40753,3.058349,0.12698413,2.5434792,68.92444,0
44b6_996155de,920293,38,46.0,66.0,12.0,0.38919315,1.9054672,0.73015875,2.5434792,68.92444,1
44b6_996155de,920294,38,27.0,74.0,61.0,0.38226756,1.4612511,0.42857143,2.5268764,67.583496,0
44b6_996155de,920295,38,51.0,79.0,32.0,0.36333847,1.65718,0.8095238,2.5434792,68.92444,1
44b6_996155de,920296,38,4.0,223.0,61.0,0.35648632,2.2675376,0.06349207,2.5434792,68.92444,0
44b6_996155de,920297,38,26.0,156.0,24.0,0.33219784,4.125116,0.41269842,2.5434792,68.92444,0
44b6_996155de,920298,38,58.0,99.0,60.0,0.33233732,4.3846297,0.9206349,2.5434792,68.92444,0
44b6_996155de,920299,38,9.0,237.0,96.0,0.3203558,4.566472,0.14285715,2.5434792,68.92444,0
44b6_996155de,920300,38,38.0,134.0,13.0,0.3040966,4.7849154,0.6031746,2.5434792,68.92444,0
44b6_996155de,920301,38,11.0,181.0,34.0,0.29655188,3.6807516,0.17460318,2.5401762,68.65625,0
44b6_996155de,920302,38,16.0,210.0,53.0,0.29273915,1.3199438,0.25396827,2.5401762,68.65625,1
44b6_996155de,920303,38,28.0,180.0,167.0,0.28853485,3.3575816,0.44444445,2.5434792,68.92444,0
44b6_996155de,920304,39,7.0,78.0,87.0,1.9524484,3.034591,0.11111111,2.5434792,68.92444,0
44b6_996155de,920305,39,3.0,228.0,203.0,1.9363354,3.5510702,0.04761905,2.5401762,68.65625,1
44b6_996155de,920306,39,8.0,120.0,125.0,1.4705725,3.1983726,0.12698413,2.5434792,68.92444,0
44b6_996155de,920307,39,13.0,24.0,6.0,1.1670142,2.7006984,0.20634921,2.5434792,68.92444,0
44b6_996155de,920308,39,7.0,48.0,20.0,1.1218683,2.9316318,0.11111111,2.5434792,68.92444,0
44b6_996155de,920309,39,2.0,92.0,26.0,1.1167376,3.331136,0.031746034,2.4687274,63.024292,0
44b6_996155de,920310,39,5.0,100.0,6.0,1.0062845,2.2911096,0.07936508,2.5434792,68.92444,0
44b6_996155de,920311,39,12.0,9.0,15.0,0.9867533,2.1471777,0.1904762,2.5434792,68.92444,0
44b6_996155de,920312,39,6.0,49.0,37.0,0.92784184,2.0219803,0.0952381,2.5268764,67.583496,0
44b6_996155de,920313,39,12.0,61.0,11.0,0.9251107,2.1557949,0.1904762,2.5168092,66.77893,2
44b6_996155de,920314,39,11.0,90.0,53.0,0.921364,2.7921925,0.17460318,2.5434792,68.92444,0
44b6_996155de,920315,39,22.0,57.0,14.0,0.9037516,2.124531,0.34920636,2.5401762,68.65625,1
44b6_996155de,920316,39,15.0,69.0,21.0,0.8736412,2.116892,0.23809524,2.5434792,68.92444,1
44b6_996155de,920317,39,15.0,230.0,211.0,0.6592198,0.76060915,0.23809524,2.5168092,66.77893,1
44b6_996155de,920318,39,30.0,177.0,46.0,0.6097937,3.80067,0.47619048,2.5434792,68.92444,0
44b6_996155de,920319,39,31.0,194.0,62.0,0.5996475,4.353122,0.4920635,2.5434792,68.92444,0
44b6_996155de,920320,39,52.0,173.0,45.0,0.56463057,5.673774,0.82539684,2.5434792,68.92444,0
44b6_996155de,920321,39,17.0,139.0,142.0,0.50514895,2.175866,0.26984128,2.5434792,68.92444,0
44b6_996155de,920322,39,49.0,185.0,58.0,0.5009079,4.9689612,0.7777778,2.5434792,68.92444,0
44b6_996155de,920323,39,26.0,196.0,46.0,0.47186694,3.0811791,0.41269842,2.5434792,68.92444,0
44b6_996155de,920324,39,47.0,224.0,195.0,0.46894988,4.198466,0.74603176,2.5368643,68.38806,0
44b6_996155de,920325,39,4.0,184.0,166.0,0.45728898,2.6926415,0.06349207,2.5434792,68.92444,0
44b6_996155de,920326,39,50.0,246.0,202.0,0.45105594,2.6022751,0.7936508,2.5434792,68.92444,1
44b6_996155de,920327,39,37.0,59.0,12.0,0.4260211,1.3218305,0.5873016,2.5235295,67.31531,1
44b6_996155de,920328,39,56.0,181.0,30.0,0.42833126,5.083815,0.8888889,2.5434792,68.92444,0
44b6_996155de,920329,39,8.0,197.0,187.0,0.42573476,3.0919847,0.12698413,2.5401762,68.65625,0
44b6_996155de,920330,39,35.0,214.0,195.0,0.42330223,4.428497,0.5555556,2.5434792,68.92444,0
44b6_996155de,920331,39,11.0,206.0,63.0,0.4204586,3.4973793,0.17460318,2.5434792,68.92444,0
44b6_996155de,920332,39,39.0,116.0,99.0,0.41871375,4.1421833,0.61904764,2.5401762,68.65625,0
44b6_996155de,920333,39,3.0,222.0,58.0,0.3977275,2.7793052,0.04761905,2.5401762,68.65625,0
44b6_996155de,920334,39,45.0,66.0,13.0,0.39952767,2.0006044,0.71428573,2.5434792,68.92444,1
44b6_996155de,920335,39,47.0,147.0,26.0,0.4047427,5.189523,0.74603176,2.5434792,68.92444,0
44b6_996155de,920336,39,45.0,71.0,35.0,0.40147075,2.4442668,0.71428573,2.5434792,68.92444,2
44b6_996155de,920337,39,45.0,78.0,44.0,0.3932555,2.369403,0.71428573,2.5434792,68.92444,2
44b6_996155de,920338,39,43.0,239.0,199.0,0.38428652,1.6050019,0.6825397,2.5434792,68.92444,1
44b6_996155de,920339,39,26.0,75.0,62.0,0.37249592,1.2592711,0.41269842,2.5335438,68.11987,0
44b6_996155de,920340,39,51.0,79.0,31.0,0.34526098,1.6681939,0.8095238,2.5434792,68.92444,2
44b6_996155de,920341,39,25.0,156.0,22.0,0.34107873,4.3947067,0.3968254,2.5401762,68.65625,0
44b6_996155de,920342,39,57.0,99.0,59.0,0.33108434,4.278593,0.9047619,2.5434792,68.92444,0
44b6_996155de,920343,39,8.0,236.0,94.0,0.33004186,4.7369475,0.12698413,2.5401762,68.65625,0
44b6_996155de,920344,39,9.0,183.0,34.0,0.29446197,3.1394215,0.14285715,2.5368643,68.38806,0
44b6_996155de,920345,40,7.0,76.0,87.0,2.0560973,3.1884298,0.11111111,2.5434792,68.92444,0
44b6_996155de,920346,40,4.0,228.0,203.0,1.7210778,3.219618,0.06349207,2.5434792,68.92444,1
44b6_996155de,920347,40,9.0,120.0,125.0,1.571282,3.3518176,0.14285715,2.5434792,68.92444,0
44b6_996155de,920348,40,13.0,23.0,9.0,1.1977584,2.166227,0.20634921,2.5434792,68.92444,1
44b6_996155de,920349,40,12.0,13.0,12.0,1.1724495,2.0251012,0.1904762,2.5434792,68.92444,1
44b6_996155de,920350,40,5.0,47.0,22.0,1.1080073,3.0689206,0.07936508,2.5434792,68.92444,0
44b6_996155de,920351,40,22.0,57.0,13.0,0.9500404,2.3611457,0.34920636,2.5434792,68.92444,1
44b6_996155de,920352,40,10.0,89.0,51.0,0.9458459,2.3293765,0.15873016,2.5434792,68.92444,0
44b6_996155de,920353,40,14.0,60.0,9.0,0.8700145,1.8336525,0.22222222,2.5434792,68.92444,1
44b6_996155de,920354,40,5.0,47.0,41.0,0.8763209,2.384544,0.07936508,2.5401762,68.65625,1
44b6_996155de,920355,40,15.0,70.0,24.0,0.787042,2.3757482,0.23809524,2.5434792,68.92444,0
44b6_996155de,920356,40,30.0,179.0,48.0,0.7080097,4.0376186,0.47619048,2.5434792,68.92444,0
44b6_996155de,920357,40,15.0,230.0,212.0,0.664403,0.8641429,0.23809524,2.5066607,65.974365,2
44b6_996155de,920358,40,21.0,235.0,210.0,0.6388542,2.208447,0.33333334,2.5434792,68.92444,1
44b6_996155de,920359,40,17.0,44.0,41.0,0.6215843,0.96324503,0.26984128,2.4826555,64.097046,1
44b6_996155de,920360,40,30.0,193.0,62.0,0.60024476,3.566321,0.47619048,2.5434792,68.92444,1
44b6_996155de,920361,40,51.0,171.0,47.0,0.52585953,5.440537,0.8095238,2.5434792,68.92444,0
44b6_996155de,920362,40,17.0,140.0,143.0,0.50435114,2.2401998,0.26984128,2.5434792,68.92444,0
44b6_996155de,920363,40,25.0,194.0,48.0,0.4996427,2.282031,0.3968254,2.5434792,68.92444,1
44b6_996155de,920364,40,47.0,223.0,196.0,0.49268773,4.099261,0.74603176,2.5434792,68.92444,0
44b6_996155de,920365,40,50.0,246.0,204.0,0.4815481,2.600236,0.7936508,2.5434792,68.92444,1
44b6_996155de,920366,40,48.0,184.0,60.0,0.48167044,4.7048955,0.7619048,2.5434792,68.92444,0
44b6_996155de,920367,40,58.0,59.0,3.0,0.4635908,2.2678258,0.9206349,2.5401762,68.65625,0
44b6_996155de,920368,40,4.0,184.0,167.0,0.46547243,2.7872014,0.06349207,2.5434792,68.92444,0
44b6_996155de,920369,40,37.0,58.0,10.0,0.4386266,1.133294,0.5873016,2.5268764,67.583496,1
44b6_996155de,920370,40,38.0,115.0,99.0,0.429107,4.2088013,0.6031746,2.5401762,68.65625,0
44b6_996155de,920371,40,44.0,64.0,13.0,0.4210092,1.7640544,0.6984127,2.5335438,68.11987,1
44b6_996155de,920372,40,55.0,178.0,29.0,0.42504224,5.5133777,0.8730159,2.5434792,68.92444,0
44b6_996155de,920373,40,8.0,197.0,188.0,0.41969997,2.7416816,0.12698413,2.5434792,68.92444,0
44b6_996155de,920374,40,35.0,213.0,195.0,0.41755134,3.9743185,0.5555556,2.5434792,68.92444,0
44b6_996155de,920375,40,46.0,70.0,36.0,0.41073588,2.3017116,0.73015875,2.5434792,68.92444,2
44b6_996155de,920376,40,47.0,144.0,25.0,0.40996012,5.308721,0.74603176,2.5434792,68.92444,0
44b6_996155de,920377,40,45.0,76.0,44.0,0.39927807,2.2336793,0.71428573,2.5434792,68.92444,2
44b6_996155de,920378,40,43.0,238.0,200.0,0.38100237,1.4633853,0.6825397,2.5434792,68.92444,1
44b6_996155de,920379,40,50.0,77.0,32.0,0.3680224,1.741746,0.7936508,2.5434792,68.92444,2
44b6_996155de,920380,40,9.0,206.0,62.0,0.3682549,3.0417328,0.14285715,2.5434792,68.92444,0
44b6_996155de,920381,40,25.0,77.0,65.0,0.35240927,0.8862876,0.3968254,2.5201738,67.04712,0
44b6_996155de,920382,40,25.0,156.0,24.0,0.34230724,4.3121104,0.3968254,2.5434792,68.92444,0
44b6_996155de,920383,40,57.0,97.0,60.0,0.33289528,4.349013,0.9047619,2.5434792,68.92444,0
44b6_996155de,920384,40,7.0,236.0,93.0,0.31081662,4.4888115,0.11111111,2.5434792,68.92444,0
44b6_996155de,920385,40,9.0,182.0,35.0,0.30401337,3.1907582,0.14285715,2.5434792,68.92444,0
44b6_996155de,920386,41,6.0,75.0,87.0,2.0275238,3.401182,0.0952381,2.5434792,68.92444,0
44b6_996155de,920387,41,4.0,223.0,202.0,1.6949978,2.9599202,0.06349207,2.5434792,68.92444,0
44b6_996155de,920388,41,9.0,118.0,126.0,1.5275285,3.2397838,0.14285715,2.5434792,68.92444,0
44b6_996155de,920389,41,13.0,22.0,12.0,1.1817905,2.1183825,0.20634921,2.5434792,68.92444,1
44b6_996155de,920390,41,11.0,12.0,14.0,1.1227883,1.99821,0.17460318,2.5434792,68.92444,1
44b6_996155de,920391,41,5.0,45.0,22.0,1.0770745,2.692581,0.07936508,2.5434792,68.92444,0
44b6_996155de,920392,41,9.0,88.0,50.0,1.0247437,2.7779336,0.14285715,2.5434792,68.92444,0
44b6_996155de,920393,41,21.0,56.0,14.0,1.016871,2.7139602,0.33333334,2.5434792,68.92444,0
44b6_996155de,920394,41,5.0,40.0,50.0,0.9018917,4.428146,0.07936508,2.5434792,68.92444,0
44b6_996155de,920395,41,14.0,71.0,26.0,0.820554,2.8657491,0.22222222,2.5434792,68.92444,0
44b6_996155de,920396,41,29.0,181.0,50.0,0.70607644,3.6202464,0.46031746,2.5434792,68.92444,1
44b6_996155de,920397,41,30.0,193.0,63.0,0.6902772,3.7132828,0.47619048,2.5434792,68.92444,1
44b6_996155de,920398,41,18.0,40.0,38.0,0.66144186,1.6092016,0.2857143,2.5434792,68.92444,0
44b6_996155de,920399,41,15.0,232.0,213.0,0.6101755,1.3524626,0.23809524,2.5268764,67.583496,1
44b6_996155de,920400,41,21.0,235.0,211.0,0.58539754,2.1674693,0.33333334,2.5434792,68.92444,1
44b6_996155de,920401,41,51.0,172.0,49.0,0.52357143,5.014466,0.8095238,2.5434792,68.92444,0
44b6_996155de,920402,41,25.0,194.0,51.0,0.5107873,1.5691259,0.3968254,2.5401762,68.65625,2
44b6_996155de,920403,41,17.0,140.0,145.0,0.509199,3.245684,0.26984128,2.5434792,68.92444,0
44b6_996155de,920404,41,46.0,223.0,197.0,0.49994615,3.9462419,0.73015875,2.5434792,68.92444,0
44b6_996155de,920405,41,48.0,185.0,62.0,0.49107262,4.833348,0.7619048,2.5434792,68.92444,0
44b6_996155de,920406,41,37.0,56.0,12.0,0.44983238,1.4072131,0.5873016,2.5335438,68.11987,1
44b6_996155de,920407,41,3.0,184.0,169.0,0.4475285,2.7948604,0.04761905,2.5401762,68.65625,0
44b6_996155de,920408,41,49.0,247.0,206.0,0.44514352,1.6999722,0.7777778,2.5434792,68.92444,1
44b6_996155de,920409,41,35.0,212.0,196.0,0.4381298,4.2427626,0.5555556,2.5434792,68.92444,0
44b6_996155de,920410,41,43.0,62.0,11.0,0.42415386,1.3390996,0.6825397,2.5168092,66.77893,1
44b6_996155de,920411,41,45.0,70.0,38.0,0.43021068,2.389173,0.71428573,2.5434792,68.92444,1
44b6_996155de,920412,41,38.0,113.0,100.0,0.4292563,4.1228867,0.6031746,2.5401762,68.65625,0
44b6_996155de,920413,41,54.0,178.0,30.0,0.42232093,5.69927,0.85714287,2.5434792,68.92444,0
44b6_996155de,920414,41,46.0,145.0,26.0,0.41249785,4.9983277,0.73015875,2.5434792,68.92444,0
44b6_996155de,920415,41,42.0,238.0,201.0,0.4032083,1.7792608,0.6666667,2.5401762,68.65625,1
44b6_996155de,920416,41,9.0,205.0,63.0,0.37254488,3.2972205,0.14285715,2.5401762,68.65625,0
44b6_996155de,920417,41,50.0,76.0,32.0,0.3620121,1.5525951,0.7936508,2.5434792,68.92444,1
44b6_996155de,920418,41,24.0,156.0,26.0,0.36243057,4.2566314,0.3809524,2.5401762,68.65625,0
44b6_996155de,920419,41,20.0,88.0,89.0,0.3492157,0.4913582,0.31746033,2.5168092,66.77893,0
44b6_996155de,920420,42,6.0,74.0,88.0,2.0513008,3.3451724,0.0952381,2.5434792,68.92444,0
44b6_996155de,920421,42,4.0,222.0,202.0,1.7226392,2.798693,0.06349207,2.5434792,68.92444,0
44b6_996155de,920422,42,9.0,116.0,125.0,1.4981573,3.1299152,0.14285715,2.5434792,68.92444,0
44b6_996155de,920423,42,12.0,23.0,12.0,1.1631575,1.772146,0.1904762,2.5434792,68.92444,1
44b6_996155de,920424,42,11.0,17.0,16.0,1.160468,1.8042649,0.17460318,2.5434792,68.92444,1
44b6_996155de,920425,42,4.0,49.0,22.0,0.9886841,2.1955361,0.06349207,2.5401762,68.65625,0
44b6_996155de,920426,42,21.0,58.0,14.0,0.96180403,2.7320008,0.33333334,2.5434792,68.92444,0
44b6_996155de,920427,42,9.0,86.0,47.0,0.96165484,2.4738262,0.14285715,2.5401762,68.65625,0
44b6_996155de,920428,42,5.0,39.0,51.0,0.85596496,4.7667375,0.07936508,2.5434792,68.92444,0
44b6_996155de,920429,42,14.0,69.0,24.0,0.8034677,2.5753307,0.22222222,2.5434792,68.92444,0
44b6_996155de,920430,42,29.0,192.0,62.0,0.70798516,4.1435113,0.46031746,2.5434792,68.92444,0
44b6_996155de,920431,42,18.0,38.0,36.0,0.6463207,1.8191111,0.2857143,2.5302145,67.851685,0
44b6_996155de,920432,42,28.0,180.0,50.0,0.62880844,3.3021736,0.44444445,2.5434792,68.92444,0
44b6_996155de,920433,42,16.0,233.0,213.0,0.6135795,2.2647321,0.25396827,2.5434792,68.92444,0
44b6_996155de,920434,42,51.0,171.0,48.0,0.5391577,4.9383144,0.8095238,2.5434792,68.92444,0
44b6_996155de,920435,42,46.0,223.0,198.0,0.5060397,4.1199765,0.73015875,2.5401762,68.65625,0
44b6_996155de,920436,42,16.0,139.0,145.0,0.49559504,3.3881867,0.25396827,2.5434792,68.92444,0
44b6_996155de,920437,42,48.0,183.0,60.0,0.4712625,4.013661,0.7619048,2.5434792,68.92444,0
44b6_996155de,920438,42,43.0,59.0,10.0,0.45645693,1.3069447,0.6825397,2.5201738,67.04712,1
44b6_996155de,920439,42,3.0,184.0,169.0,0.45852745,2.969432,0.04761905,2.5401762,68.65625,0
44b6_996155de,920440,42,36.0,55.0,13.0,0.44746345,0.77222,0.5714286,2.5100527,66.24255,1
44b6_996155de,920441,42,38.0,116.0,105.0,0.45101678,4.8579044,0.6031746,2.5434792,68.92444,0
44b6_996155de,920442,42,34.0,211.0,196.0,0.4385899,4.5366874,0.53968257,2.5434792,68.92444,0
44b6_996155de,920443,42,45.0,70.0,40.0,0.42967722,2.2989705,0.71428573,2.5434792,68.92444,0
44b6_996155de,920444,42,46.0,144.0,25.0,0.4036757,4.9737263,0.73015875,2.5434792,68.92444,0
44b6_996155de,920445,42,54.0,176.0,27.0,0.40004894,5.5468054,0.85714287,2.5434792,68.92444,0
44b6_996155de,920446,42,8.0,204.0,63.0,0.39041674,3.3633397,0.12698413,2.5401762,68.65625,0
44b6_996155de,920447,42,20.0,86.0,89.0,0.35061303,0.5873696,0.31746033,2.5302145,67.851685,0
44b6_996155de,920448,42,24.0,155.0,26.0,0.34087807,4.2248116,0.3809524,2.5401762,68.65625,0
44b6_996155de,920449,42,5.0,236.0,93.0,0.34106895,4.6492667,0.07936508,2.5401762,68.65625,0
44b6_996155de,920450,42,24.0,73.0,67.0,0.3273132,0.771941,0.3809524,2.5302145,67.851685,0
44b6_996155de,920451,43,6.0,74.0,88.0,2.021511,3.2447522,0.0952381,2.5434792,68.92444,0
44b6_996155de,920452,43,3.0,221.0,201.0,1.558412,2.6265538,0.04761905,2.5401762,68.65625,0
44b6_996155de,920453,43,9.0,117.0,126.0,1.5005531,3.2824633,0.14285715,2.5434792,68.92444,0
44b6_996155de,920454,43,11.0,24.0,17.0,1.2231897,1.965112,0.17460318,2.5434792,68.92444,1
44b6_996155de,920455,43,9.0,27.0,12.0,1.224132,2.0156171,0.14285715,2.5434792,68.92444,1
44b6_996155de,920456,43,3.0,53.0,20.0,0.92073506,2.494515,0.04761905,2.5401762,68.65625,0
44b6_996155de,920457,43,10.0,80.0,45.0,0.9206935,2.1736217,0.15873016,2.5401762,68.65625,0
44b6_996155de,920458,43,15.0,55.0,2.0,0.8910263,2.3070223,0.23809524,2.4652207,62.756104,0
44b6_996155de,920459,43,21.0,61.0,16.0,0.8641069,2.4845042,0.33333334,2.5434792,68.92444,1
44b6_996155de,920460,43,15.0,69.0,23.0,0.83634585,2.5184128,0.23809524,2.5434792,68.92444,1
44b6_996155de,920461,43,5.0,38.0,51.0,0.81797713,4.976547,0.07936508,2.5434792,68.92444,0
44b6_996155de,920462,43,29.0,192.0,62.0,0.74992293,4.187481,0.46031746,2.5434792,68.92444,0
44b6_996155de,920463,43,28.0,180.0,51.0,0.63848466,3.3225827,0.44444445,2.5401762,68.65625,0
44b6_996155de,920464,43,18.0,235.0,212.0,0.61148477,3.1082282,0.2857143,2.5434792,68.92444,0
44b6_996155de,920465,43,50.0,170.0,48.0,0.5246433,4.5799694,0.7936508,2.5434792,68.92444,0
44b6_996155de,920466,43,50.0,183.0,58.0,0.5220345,4.1128955,0.7936508,2.5434792,68.92444,0
44b6_996155de,920467,43,17.0,140.0,146.0,0.49376208,3.563887,0.26984128,2.5434792,68.92444,0
44b6_996155de,920468,43,46.0,223.0,198.0,0.4684262,3.9580696,0.73015875,2.5434792,68.92444,0
44b6_996155de,920469,43,3.0,185.0,169.0,0.45291618,3.001837,0.04761905,2.5401762,68.65625,0
44b6_996155de,920470,43,35.0,54.0,15.0,0.44287252,0.6319428,0.5555556,2.493,64.90161,0
44b6_996155de,920471,43,34.0,213.0,197.0,0.4318797,4.472406,0.53968257,2.5434792,68.92444,0
44b6_996155de,920472,43,46.0,142.0,24.0,0.42451608,5.0737042,0.73015875,2.5434792,68.92444,0
44b6_996155de,920473,43,45.0,68.0,39.0,0.42100435,2.4308624,0.71428573,2.5434792,68.92444,1
44b6_996155de,920474,43,39.0,114.0,102.0,0.41754156,4.81545,0.61904764,2.5434792,68.92444,0
44b6_996155de,920475,43,7.0,205.0,63.0,0.41264468,3.286563,0.11111111,2.5368643,68.38806,0
44b6_996155de,920476,43,52.0,176.0,26.0,0.39038494,5.7651935,0.82539684,2.5434792,68.92444,0
44b6_996155de,920477,43,49.0,73.0,32.0,0.36333114,1.6672695,0.7777778,2.5434792,68.92444,1
44b6_996155de,920478,43,25.0,154.0,26.0,0.33296624,4.0656185,0.3968254,2.5401762,68.65625,0
44b6_996155de,920479,43,20.0,87.0,91.0,0.32890144,0.6400378,0.31746033,2.5168092,66.77893,0
44b6_996155de,920480,44,6.0,72.0,88.0,2.0021954,3.1643684,0.0952381,2.5434792,68.92444,0
44b6_996155de,920481,44,9.0,117.0,127.0,1.5608766,3.344617,0.14285715,2.5434792,68.92444,0
44b6_996155de,920482,44,3.0,217.0,198.0,1.4649615,2.530956,0.04761905,2.5401762,68.65625,0
44b6_996155de,920483,44,8.0,29.0,14.0,1.3927929,2.2361305,0.12698413,2.5434792,68.92444,1
44b6_996155de,920484,44,10.0,27.0,19.0,1.3905538,2.171009,0.15873016,2.5434792,68.92444,1
44b6_996155de,920485,44,10.0,76.0,45.0,1.1361771,3.359454,0.15873016,2.5434792,68.92444,0
44b6_996155de,920486,44,3.0,51.0,19.0,1.0253735,2.7716768,0.04761905,2.5401762,68.65625,0
44b6_996155de,920487,44,15.0,70.0,22.0,0.95473164,2.9234092,0.23809524,2.5434792,68.92444,1
44b6_996155de,920488,44,22.0,60.0,18.0,0.90615964,2.6182048,0.34920636,2.5434792,68.92444,1
44b6_996155de,920489,44,14.0,12.0,32.0,0.84080464,1.0544837,0.22222222,2.5401762,68.65625,0
44b6_996155de,920490,44,5.0,34.0,53.0,0.7958569,4.4412513,0.07936508,2.5434792,68.92444,0
44b6_996155de,920491,44,28.0,189.0,61.0,0.74973446,4.1939373,0.44444445,2.5434792,68.92444,1
44b6_996155de,920492,44,27.0,178.0,50.0,0.6364952,3.1573832,0.42857143,2.5434792,68.92444,0
44b6_996155de,920493,44,19.0,234.0,212.0,0.5704133,2.7696528,0.3015873,2.5434792,68.92444,1
44b6_996155de,920494,44,50.0,179.0,56.0,0.56480926,4.334546,0.7936508,2.5434792,68.92444,0
44b6_996155de,920495,44,50.0,167.0,46.0,0.5565475,4.3606906,0.7936508,2.5434792,68.92444,0
44b6_996155de,920496,44,17.0,139.0,146.0,0.50543034,3.6142836,0.26984128,2.5434792,68.92444,0
44b6_996155de,920497,44,22.0,193.0,51.0,0.49934417,1.7568054,0.34920636,2.5434792,68.92444,1
44b6_996155de,920498,44,2.0,185.0,169.0,0.47788036,3.3045285,0.031746034,2.4687274,63.024292,0
44b6_996155de,920499,44,46.0,222.0,199.0,0.47631598,4.024837,0.73015875,2.5368643,68.38806,0
44b6_996155de,920500,44,34.0,212.0,198.0,0.47092482,4.5643163,0.53968257,2.5434792,68.92444,0
44b6_996155de,920501,44,45.0,66.0,39.0,0.4350072,2.4128635,0.71428573,2.5434792,68.92444,1
44b6_996155de,920502,44,47.0,138.0,23.0,0.42607984,4.943043,0.74603176,2.5434792,68.92444,0
44b6_996155de,920503,44,7.0,237.0,206.0,0.41902208,1.491458,0.11111111,2.5434792,68.92444,1
44b6_996155de,920504,44,51.0,173.0,25.0,0.4048724,5.142161,0.8095238,2.5434792,68.92444,0
44b6_996155de,920505,44,49.0,71.0,34.0,0.38590413,1.6590066,0.7777778,2.5434792,68.92444,1
44b6_996155de,920506,44,8.0,201.0,61.0,0.37918413,3.081713,0.12698413,2.5434792,68.92444,0
44b6_996155de,920507,44,25.0,153.0,26.0,0.35490787,4.27268,0.3968254,2.5434792,68.92444,0
44b6_996155de,920508,44,41.0,114.0,101.0,0.34631574,2.8909543,0.6507937,2.5434792,68.92444,1
44b6_996155de,920509,44,36.0,110.0,106.0,0.33444682,2.47529,0.5714286,2.5368643,68.38806,1
44b6_996155de,920510,44,25.0,132.0,135.0,0.33345816,1.6773745,0.3968254,2.5434792,68.92444,0
44b6_996155de,920511,44,41.0,163.0,152.0,0.32417837,3.6117597,0.6507937,2.5434792,68.92444,0
44b6_996155de,920512,44,26.0,66.0,60.0,0.3141546,1.1676816,0.41269842,2.5235295,67.31531,0
44b6_996155de,920513,44,28.0,124.0,6.0,0.31452906,3.803862,0.44444445,2.5401762,68.65625,0
44b6_996155de,920514,44,21.0,87.0,92.0,0.31612214,1.2086141,0.33333334,2.5368643,68.38806,0
44b6_996155de,920515,45,5.0,71.0,89.0,2.1111007,3.0384352,0.07936508,2.5434792,68.92444,0
44b6_996155de,920516,45,10.0,116.0,127.0,1.5904608,3.4516356,0.15873016,2.5434792,68.92444,0
44b6_996155de,920517,45,3.0,213.0,195.0,1.4874877,2.7297184,0.04761905,2.5401762,68.65625,0
44b6_996155de,920518,45,11.0,26.0,20.0,1.3568387,2.372818,0.17460318,2.5434792,68.92444,0
44b6_996155de,920519,45,10.0,75.0,44.0,1.3051196,3.9168518,0.15873016,2.5434792,68.92444,0
44b6_996155de,920520,45,15.0,71.0,24.0,1.0333579,3.030094,0.23809524,2.5434792,68.92444,0
44b6_996155de,920521,45,2.0,51.0,19.0,0.9936304,2.5215,0.031746034,2.4687274,63.024292,0
44b6_996155de,920522,45,10.0,9.0,23.0,0.9193818,1.614386,0.15873016,2.5368643,68.38806,0
44b6_996155de,920523,45,23.0,58.0,21.0,0.90370995,3.2569876,0.36507937,2.5434792,68.92444,0
44b6_996155de,920524,45,4.0,35.0,58.0,0.83956635,4.579394,0.06349207,2.5401762,68.65625,0
44b6_996155de,920525,45,14.0,14.0,38.0,0.81718665,1.4914839,0.22222222,2.5401762,68.65625,0
44b6_996155de,920526,45,28.0,187.0,60.0,0.7569783,4.0782104,0.44444445,2.5434792,68.92444,1
44b6_996155de,920527,45,27.0,177.0,51.0,0.64722365,2.9089491,0.42857143,2.5434792,68.92444,1
44b6_996155de,920528,45,51.0,178.0,54.0,0.5792648,4.240159,0.8095238,2.5434792,68.92444,1
44b6_996155de,920529,45,50.0,166.0,46.0,0.5701123,4.3713384,0.7936508,2.5434792,68.92444,1
44b6_996155de,920530,45,20.0,235.0,212.0,0.55992466,2.601084,0.31746033,2.5434792,68.92444,0
44b6_996155de,920531,45,46.0,222.0,200.0,0.5245014,4.076268,0.73015875,2.5434792,68.92444,0
44b6_996155de,920532,45,41.0,108.0,3.0,0.5183913,4.1054726,0.6507937,2.5401762,68.65625,0
44b6_996155de,920533,45,17.0,141.0,147.0,0.5006779,3.6691587,0.26984128,2.5434792,68.92444,0
44b6_996155de,920534,45,34.0,212.0,198.0,0.4978538,4.1602607,0.53968257,2.5434792,68.92444,0
44b6_996155de,920535,45,3.0,185.0,169.0,0.48498428,3.1714137,0.04761905,2.5401762,68.65625,0
44b6_996155de,920536,45,42.0,55.0,11.0,0.4735017,1.4960706,0.6666667,2.5434792,68.92444,0
44b6_996155de,920537,45,21.0,191.0,47.0,0.45705405,2.102496,0.33333334,2.5434792,68.92444,0
44b6_996155de,920538,45,47.0,139.0,25.0,0.4473729,5.1630063,0.74603176,2.5434792,68.92444,0
44b6_996155de,920539,45,50.0,172.0,25.0,0.44245648,5.464112,0.7936508,2.5434792,68.92444,0
44b6_996155de,920540,45,45.0,66.0,41.0,0.43493378,2.3351612,0.71428573,2.5434792,68.92444,1
44b6_996155de,920541,45,6.0,238.0,206.0,0.43498027,2.9215133,0.0952381,2.5434792,68.92444,0
44b6_996155de,920542,45,49.0,69.0,34.0,0.39724445,1.8288217,0.7777778,2.5434792,68.92444,1
44b6_996155de,920543,45,7.0,202.0,59.0,0.39231336,2.821678,0.11111111,2.5401762,68.65625,0
44b6_996155de,920544,46,6.0,69.0,88.0,2.0554805,3.226445,0.0952381,2.5434792,68.92444,0
44b6_996155de,920545,46,4.0,213.0,195.0,1.6148838,3.0121484,0.06349207,2.5434792,68.92444,0
44b6_996155de,920546,46,10.0,116.0,126.0,1.5676553,3.3948753,0.15873016,2.5434792,68.92444,0
44b6_996155de,920547,46,11.0,76.0,44.0,1.2822064,3.9468653,0.17460318,2.5434792,68.92444,0
44b6_996155de,920548,46,12.0,23.0,23.0,1.1727601,2.4102223,0.1904762,2.5434792,68.92444,1
44b6_996155de,920549,46,8.0,35.0,20.0,1.1072537,1.9426193,0.12698413,2.5268764,67.583496,1
44b6_996155de,920550,46,17.0,72.0,27.0,1.0662482,3.72704,0.26984128,2.5434792,68.92444,0
44b6_996155de,920551,46,3.0,51.0,20.0,0.9728061,2.0206687,0.04761905,2.5368643,68.38806,0
44b6_996155de,920552,46,11.0,7.0,23.0,0.8533906,1.8284267,0.17460318,2.5401762,68.65625,0
44b6_996155de,920553,46,24.0,56.0,20.0,0.8516653,3.5672245,0.3809524,2.5434792,68.92444,0
44b6_996155de,920554,46,4.0,37.0,58.0,0.798194,4.3964086,0.06349207,2.5434792,68.92444,0
44b6_996155de,920555,46,14.0,16.0,39.0,0.77524656,1.4891775,0.22222222,2.5401762,68.65625,0
44b6_996155de,920556,46,28.0,186.0,59.0,0.7546337,4.1511097,0.44444445,2.5434792,68.92444,2
44b6_996155de,920557,46,45.0,44.0,2.0,0.64505285,3.0135112,0.71428573,2.4687274,63.024292,0
44b6_996155de,920558,46,26.0,176.0,49.0,0.6234907,2.7979705,0.41269842,2.5434792,68.92444,1
44b6_996155de,920559,46,22.0,236.0,213.0,0.5531459,2.637995,0.34920636,2.5434792,68.92444,1
44b6_996155de,920560,46,51.0,177.0,53.0,0.55265397,4.1356506,0.8095238,2.5434792,68.92444,1
44b6_996155de,920561,46,41.0,110.0,7.0,0.54712087,4.4319205,0.6507937,2.5434792,68.92444,0
44b6_996155de,920562,46,50.0,164.0,46.0,0.5509434,4.272363,0.7936508,2.5434792,68.92444,1
44b6_996155de,920563,46,46.0,222.0,200.0,0.54736805,3.9726903,0.73015875,2.5434792,68.92444,1
44b6_996155de,920564,46,35.0,212.0,198.0,0.49943963,3.8021684,0.5555556,2.5434792,68.92444,1
44b6_996155de,920565,46,18.0,142.0,148.0,0.49562928,3.6497707,0.2857143,2.5434792,68.92444,0
44b6_996155de,920566,46,2.0,186.0,169.0,0.49155092,2.915515,0.031746034,2.4687274,63.024292,0
44b6_996155de,920567,46,15.0,233.0,215.0,0.48028287,1.6715769,0.23809524,2.5434792,68.92444,2
44b6_996155de,920568,46,45.0,67.0,41.0,0.47484276,2.6974318,0.71428573,2.5434792,68.92444,0
44b6_996155de,920569,46,42.0,56.0,13.0,0.4690013,1.5647773,0.6666667,2.5401762,68.65625,0
44b6_996155de,920570,46,20.0,192.0,47.0,0.46900865,2.235434,0.31746033,2.5434792,68.92444,0
44b6_996155de,920571,46,61.0,121.0,7.0,0.44758463,7.3418775,0.96825397,2.4687274,63.024292,0
44b6_996155de,920572,46,7.0,236.0,203.0,0.43739325,3.6185122,0.11111111,2.5401762,68.65625,1
44b6_996155de,920573,46,47.0,139.0,25.0,0.42607737,5.0099607,0.74603176,2.5434792,68.92444,0
44b6_996155de,920574,46,50.0,172.0,25.0,0.40726086,5.644145,0.7936508,2.5434792,68.92444,0
44b6_996155de,920575,46,7.0,202.0,58.0,0.3801459,2.7054508,0.11111111,2.5434792,68.92444,0
44b6_996155de,920576,46,27.0,62.0,55.0,0.34658986,1.4945661,0.42857143,2.5168092,66.77893,0
44b6_996155de,920577,46,36.0,110.0,106.0,0.34400558,2.6498911,0.5714286,2.5401762,68.65625,1
44b6_996155de,920578,46,26.0,153.0,27.0,0.34628147,4.245469,0.41269842,2.5434792,68.92444,0
44b6_996155de,920579,46,42.0,113.0,103.0,0.33871475,2.6704986,0.6666667,2.5434792,68.92444,1
44b6_996155de,920580,46,39.0,191.0,56.0,0.33656612,1.0729147,0.61904764,2.5401762,68.65625,1
44b6_996155de,920581,47,5.0,69.0,89.0,2.0545774,3.1005542,0.07936508,2.5434792,68.92444,0
44b6_996155de,920582,47,4.0,209.0,195.0,1.672212,2.823093,0.06349207,2.5434792,68.92444,0
44b6_996155de,920583,47,10.0,116.0,128.0,1.5925728,3.3219163,0.15873016,2.5434792,68.92444,0
44b6_996155de,920584,47,12.0,74.0,45.0,1.199009,3.607375,0.1904762,2.5434792,68.92444,0
44b6_996155de,920585,47,13.0,23.0,21.0,1.1483395,2.3934736,0.20634921,2.5434792,68.92444,0
44b6_996155de,920586,47,5.0,79.0,3.0,1.0695828,2.5026546,0.07936508,2.5401762,68.65625,0
44b6_996155de,920587,47,7.0,37.0,23.0,1.0750483,1.9916732,0.11111111,2.5434792,68.92444,1
44b6_996155de,920588,47,12.0,52.0,3.0,1.0076847,2.7152793,0.1904762,2.5401762,68.65625,0
44b6_996155de,920589,47,3.0,51.0,21.0,0.97668046,1.8795325,0.04761905,2.5268764,67.583496,1
44b6_996155de,920590,47,25.0,55.0,25.0,0.9100825,3.9166732,0.3968254,2.5434792,68.92444,0
44b6_996155de,920591,47,20.0,69.0,30.0,0.8597289,2.8003032,0.31746033,2.5434792,68.92444,0
44b6_996155de,920592,47,3.0,38.0,63.0,0.76881874,3.7022517,0.04761905,2.5401762,68.65625,0
44b6_996155de,920593,47,14.0,16.0,40.0,0.7431441,1.4853768,0.22222222,2.5368643,68.38806,0
44b6_996155de,920594,47,28.0,183.0,59.0,0.75992465,4.0531735,0.44444445,2.5434792,68.92444,2
44b6_996155de,920595,47,45.0,43.0,3.0,0.65747356,2.731841,0.71428573,2.5401762,68.65625,0
44b6_996155de,920596,47,26.0,175.0,50.0,0.64738274,2.578731,0.41269842,2.5434792,68.92444,1
44b6_996155de,920597,47,41.0,110.0,11.0,0.5989526,4.6323285,0.6507937,2.5434792,68.92444,0
44b6_996155de,920598,47,22.0,237.0,215.0,0.58470255,2.9738028,0.34920636,2.5434792,68.92444,0
44b6_996155de,920599,47,46.0,222.0,201.0,0.5896483,4.1577883,0.73015875,2.5401762,68.65625,0
44b6_996155de,920600,47,50.0,175.0,55.0,0.5617136,4.6357965,0.7936508,2.5434792,68.92444,0
44b6_996155de,920601,47,2.0,185.0,170.0,0.5445577,3.0292768,0.031746034,2.4687274,63.024292,0
44b6_996155de,920602,47,49.0,162.0,45.0,0.5395003,4.4760475,0.7777778,2.5434792,68.92444,0
44b6_996155de,920603,47,18.0,142.0,149.0,0.52702934,3.5496073,0.2857143,2.5434792,68.92444,0
44b6_996155de,920604,47,35.0,211.0,199.0,0.5229866,3.879764,0.5555556,2.5434792,68.92444,0
44b6_996155de,920605,47,46.0,66.0,42.0,0.48707387,2.7137325,0.73015875,2.5434792,68.92444,0
44b6_996155de,920606,47,41.0,54.0,16.0,0.4510217,1.2524332,0.6507937,2.5401762,68.65625,0
44b6_996155de,920607,47,61.0,119.0,9.0,0.44736785,7.7907934,0.96825397,2.4687274,63.024292,0
44b6_996155de,920608,47,18.0,191.0,46.0,0.44105673,2.7696316,0.2857143,2.5434792,68.92444,0
44b6_996155de,920609,47,50.0,170.0,29.0,0.43886402,4.830401,0.7936508,2.5434792,68.92444,0
44b6_996155de,920610,47,6.0,237.0,204.0,0.42955485,4.148507,0.0952381,2.5434792,68.92444,0
44b6_996155de,920611,47,46.0,138.0,25.0,0.42239434,4.7876034,0.73015875,2.5434792,68.92444,0
44b6_996155de,920612,47,27.0,60.0,56.0,0.3798913,1.8134681,0.42857143,2.5268764,67.583496,0
44b6_996155de,920613,47,6.0,202.0,58.0,0.37230992,2.4651403,0.0952381,2.5434792,68.92444,0
44b6_996155de,920614,47,37.0,190.0,59.0,0.3694932,0.92440164,0.5873016,2.5434792,68.92444,1
44b6_996155de,920615,47,27.0,151.0,27.0,0.33486772,4.247092,0.42857143,2.5434792,68.92444,0
44b6_996155de,920616,47,37.0,108.0,108.0,0.33221984,2.6983123,0.5873016,2.5434792,68.92444,1
44b6_996155de,920617,47,2.0,229.0,89.0,0.3344092,4.3837748,0.031746034,2.4652207,62.756104,0
44b6_996155de,920618,47,25.0,183.0,173.0,0.33009076,5.48533,0.3968254,2.5434792,68.92444,0
44b6_996155de,920619,47,26.0,132.0,137.0,0.32609695,1.8395435,0.41269842,2.5434792,68.92444,0
44b6_996155de,920620,47,42.0,111.0,105.0,0.32069108,2.4818687,0.6666667,2.5434792,68.92444,1
44b6_996155de,920621,47,19.0,90.0,100.0,0.31393924,1.0260557,0.3015873,2.5368643,68.38806,0
44b6_996155de,920622,48,6.0,70.0,89.0,2.0638084,3.1047127,0.0952381,2.5434792,68.92444,0
44b6_996155de,920623,48,4.0,205.0,193.0,1.7160878,2.8007383,0.06349207,2.5434792,68.92444,0
44b6_996155de,920624,48,11.0,118.0,131.0,1.6093434,3.335548,0.17460318,2.5434792,68.92444,0
44b6_996155de,920625,48,13.0,73.0,44.0,1.2207328,3.9283352,0.20634921,2.5434792,68.92444,1
44b6_996155de,920626,48,5.0,80.0,5.0,1.1503928,2.5677297,0.07936508,2.5434792,68.92444,0
44b6_996155de,920627,48,14.0,20.0,20.0,1.0378264,2.570207,0.22222222,2.5434792,68.92444,0
44b6_996155de,920628,48,12.0,52.0,5.0,1.0211389,2.7061124,0.1904762,2.5434792,68.92444,0
44b6_996155de,920629,48,6.0,41.0,26.0,1.0116928,2.127713,0.0952381,2.5302145,67.851685,0
44b6_996155de,920630,48,12.0,5.0,24.0,0.96089864,2.398583,0.1904762,2.5434792,68.92444,0
44b6_996155de,920631,48,5.0,81.0,42.0,0.9249884,1.2929832,0.07936508,2.5401762,68.65625,1
44b6_996155de,920632,48,25.0,53.0,24.0,0.87694246,3.3446956,0.3968254,2.5434792,68.92444,0
44b6_996155de,920633,48,20.0,67.0,28.0,0.8423537,2.401915,0.31746033,2.5401762,68.65625,0
44b6_996155de,920634,48,29.0,181.0,57.0,0.806463,3.6426344,0.46031746,2.5434792,68.92444,1
44b6_996155de,920635,48,27.0,174.0,50.0,0.7102195,2.4752724,0.42857143,2.5434792,68.92444,1
44b6_996155de,920636,48,18.0,39.0,44.0,0.69608206,1.7173457,0.2857143,2.5434792,68.92444,0
44b6_996155de,920637,48,14.0,15.0,43.0,0.683824,1.9873275,0.22222222,2.5401762,68.65625,0
44b6_996155de,920638,48,22.0,239.0,217.0,0.5739765,3.0031137,0.34920636,2.5434792,68.92444,0
44b6_996155de,920639,48,41.0,112.0,16.0,0.58147717,4.569847,0.6507937,2.5434792,68.92444,0
44b6_996155de,920640,48,46.0,222.0,202.0,0.5732814,4.0447726,0.73015875,2.5434792,68.92444,0
44b6_996155de,920641,48,35.0,211.0,199.0,0.5379512,4.219742,0.5555556,2.5434792,68.92444,0
44b6_996155de,920642,48,19.0,141.0,149.0,0.53130704,3.414153,0.3015873,2.5434792,68.92444,0
44b6_996155de,920643,48,2.0,186.0,171.0,0.52230424,2.3137448,0.031746034,2.4687274,63.024292,0
44b6_996155de,920644,48,49.0,161.0,46.0,0.52300125,4.285983,0.7777778,2.5434792,68.92444,0
44b6_996155de,920645,48,50.0,174.0,54.0,0.5151287,4.0801287,0.7936508,2.5434792,68.92444,0
44b6_996155de,920646,48,46.0,65.0,43.0,0.4895162,2.6978683,0.73015875,2.5434792,68.92444,0
44b6_996155de,920647,48,20.0,188.0,45.0,0.426814,1.7426846,0.31746033,2.5434792,68.92444,0
44b6_996155de,920648,48,7.0,237.0,203.0,0.42833367,4.6882954,0.11111111,2.5401762,68.65625,0
44b6_996155de,920649,48,6.0,201.0,59.0,0.41411057,3.1530395,0.0952381,2.5401762,68.65625,0
44b6_996155de,920650,48,47.0,138.0,25.0,0.4153244,4.9929934,0.74603176,2.5434792,68.92444,0
44b6_996155de,920651,48,51.0,170.0,29.0,0.41604143,5.2762065,0.8095238,2.5434792,68.92444,0
44b6_996155de,920652,48,27.0,59.0,55.0,0.3849595,1.4320748,0.42857143,2.5201738,67.04712,0
44b6_996155de,920653,48,27.0,150.0,26.0,0.35563958,4.747752,0.42857143,2.5434792,68.92444,0
44b6_996155de,920654,48,26.0,183.0,173.0,0.33992368,5.222596,0.41269842,2.5434792,68.92444,0
44b6_996155de,920655,48,36.0,107.0,109.0,0.33148813,2.8226132,0.5714286,2.5335438,68.11987,0
44b6_996155de,920656,49,40.0,250.0,224.0,2.2937424,4.2077265,0.63492066,2.5434792,68.92444,0
44b6_996155de,920657,49,6.0,69.0,88.0,1.9932042,3.0702043,0.0952381,2.5434792,68.92444,0
44b6_996155de,920658,49,4.0,205.0,194.0,1.850202,3.1649988,0.06349207,2.5434792,68.92444,0
44b6_996155de,920659,49,13.0,119.0,133.0,1.5664366,3.4275837,0.20634921,2.5401762,68.65625,0
44b6_996155de,920660,49,13.0,72.0,42.0,1.2260652,3.9977722,0.20634921,2.5434792,68.92444,1
44b6_996155de,920661,49,6.0,78.0,6.0,1.1854588,2.7405205,0.0952381,2.5434792,68.92444,0
44b6_996155de,920662,49,13.0,49.0,3.0,1.0283141,2.6867476,0.20634921,2.5401762,68.65625,0
44b6_996155de,920663,49,6.0,43.0,31.0,1.0197881,2.3202932,0.0952381,2.5434792,68.92444,0
44b6_996155de,920664,49,14.0,20.0,18.0,0.9957516,2.1728134,0.22222222,2.5434792,68.92444,1
44b6_996155de,920665,49,13.0,10.0,23.0,0.93671775,1.833651,0.20634921,2.5434792,68.92444,2
44b6_996155de,920666,49,25.0,52.0,23.0,0.94352597,3.6279929,0.3968254,2.5401762,68.65625,1
44b6_996155de,920667,49,5.0,80.0,43.0,0.9271737,1.3583323,0.07936508,2.5368643,68.38806,1
44b6_996155de,920668,49,20.0,64.0,27.0,0.7905856,1.8678544,0.31746033,2.5368643,68.38806,1
44b6_996155de,920669,49,29.0,178.0,55.0,0.7880577,3.7068608,0.46031746,2.5434792,68.92444,1
44b6_996155de,920670,49,19.0,40.0,46.0,0.71582115,1.9986771,0.3015873,2.5434792,68.92444,0
44b6_996155de,920671,49,15.0,11.0,37.0,0.6947336,1.0981597,0.23809524,2.5368643,68.38806,1
44b6_996155de,920672,49,26.0,172.0,48.0,0.66894996,2.2695842,0.41269842,2.5434792,68.92444,1
44b6_996155de,920673,49,47.0,221.0,202.0,0.5811296,4.063698,0.74603176,2.5401762,68.65625,0
44b6_996155de,920674,49,24.0,238.0,218.0,0.56716835,2.079736,0.3809524,2.5434792,68.92444,1
44b6_996155de,920675,49,35.0,209.0,199.0,0.56329936,4.790882,0.5555556,2.5434792,68.92444,0
44b6_996155de,920676,49,42.0,111.0,14.0,0.54543716,4.2182817,0.6666667,2.5434792,68.92444,0
44b6_996155de,920677,49,49.0,160.0,45.0,0.53955656,4.4661603,0.7777778,2.5434792,68.92444,0
44b6_996155de,920678,49,19.0,140.0,149.0,0.52665,3.122001,0.3015873,2.5434792,68.92444,0
44b6_996155de,920679,49,3.0,186.0,172.0,0.5134336,1.6340337,0.04761905,2.5401762,68.65625,0
44b6_996155de,920680,49,46.0,64.0,44.0,0.49046326,2.6596758,0.73015875,2.5434792,68.92444,0
44b6_996155de,920681,49,50.0,173.0,54.0,0.48800626,3.7001796,0.7936508,2.5434792,68.92444,0
44b6_996155de,920682,49,16.0,233.0,217.0,0.46898174,1.6413628,0.25396827,2.5434792,68.92444,1
44b6_996155de,920683,49,52.0,168.0,29.0,0.42957196,5.123395,0.82539684,2.5434792,68.92444,0
44b6_996155de,920684,49,48.0,135.0,25.0,0.41546386,5.142052,0.7619048,2.5434792,68.92444,0
44b6_996155de,920685,49,7.0,236.0,204.0,0.39845827,4.300896,0.11111111,2.5434792,68.92444,0
44b6_996155de,920686,49,6.0,199.0,58.0,0.39400682,3.1104774,0.0952381,2.5401762,68.65625,0
44b6_996155de,920687,49,27.0,59.0,57.0,0.37754694,1.5629691,0.42857143,2.5401762,68.65625,0
44b6_996155de,920688,49,27.0,150.0,25.0,0.36485332,4.546181,0.42857143,2.5434792,68.92444,0
44b6_996155de,920689,50,39.0,249.0,223.0,2.3561802,4.010203,0.61904764,2.5434792,68.92444,0
44b6_996155de,920690,50,5.0,68.0,89.0,1.9950714,3.0826147,0.07936508,2.5434792,68.92444,0
44b6_996155de,920691,50,4.0,204.0,193.0,1.7541615,2.9226892,0.06349207,2.5434792,68.92444,0
44b6_996155de,920692,50,13.0,115.0,129.0,1.7097154,3.5824003,0.20634921,2.5434792,68.92444,0
44b6_996155de,920693,50,13.0,72.0,42.0,1.2433621,3.906034,0.20634921,2.5434792,68.92444,1
44b6_996155de,920694,50,5.0,78.0,6.0,1.1051806,2.4212155,0.07936508,2.5434792,68.92444,0
44b6_996155de,920695,50,12.0,11.0,26.0,0.9708342,2.1846454,0.1904762,2.5434792,68.92444,2
44b6_996155de,920696,50,12.0,48.0,6.0,0.9703472,3.146353,0.1904762,2.5401762,68.65625,0
44b6_996155de,920697,50,14.0,17.0,17.0,0.9570614,1.9818052,0.22222222,2.5434792,68.92444,2
44b6_996155de,920698,50,13.0,15.0,20.0,0.95203245,1.8676867,0.20634921,2.5434792,68.92444,2
44b6_996155de,920699,50,5.0,44.0,33.0,0.94555223,2.3529856,0.07936508,2.5434792,68.92444,0
44b6_996155de,920700,50,5.0,80.0,43.0,0.9148227,1.2026538,0.07936508,2.5368643,68.38806,1
44b6_996155de,920701,50,24.0,51.0,21.0,0.8978171,3.1189482,0.3809524,2.5401762,68.65625,0
44b6_996155de,920702,50,18.0,39.0,45.0,0.7103419,1.9188974,0.2857143,2.5434792,68.92444,0
44b6_996155de,920703,50,28.0,178.0,53.0,0.70972764,3.2990978,0.44444445,2.5434792,68.92444,0
44b6_996155de,920704,50,45.0,43.0,5.0,0.6481756,3.0143383,0.71428573,2.5434792,68.92444,0
44b6_996155de,920705,50,34.0,210.0,200.0,0.5978954,4.812894,0.53968257,2.5434792,68.92444,0
44b6_996155de,920706,50,46.0,222.0,203.0,0.5681644,3.4280908,0.73015875,2.5434792,68.92444,0
44b6_996155de,920707,50,24.0,241.0,220.0,0.56000775,1.1052469,0.3809524,2.5434792,68.92444,1
44b6_996155de,920708,50,3.0,188.0,172.0,0.549037,1.0696827,0.04761905,2.5401762,68.65625,0
44b6_996155de,920709,50,40.0,109.0,13.0,0.55212784,4.3785834,0.63492066,2.5434792,68.92444,0
44b6_996155de,920710,50,49.0,161.0,47.0,0.54652125,4.7511764,0.7777778,2.5434792,68.92444,0
44b6_996155de,920711,50,19.0,140.0,149.0,0.5285417,3.1845927,0.3015873,2.5434792,68.92444,0
44b6_996155de,920712,50,46.0,64.0,44.0,0.49976018,2.7629187,0.73015875,2.5434792,68.92444,0
44b6_996155de,920713,50,49.0,174.0,56.0,0.4553361,3.6625755,0.7777778,2.5434792,68.92444,0
44b6_996155de,920714,50,18.0,187.0,43.0,0.4400044,2.535348,0.2857143,2.5434792,68.92444,0
44b6_996155de,920715,50,52.0,168.0,29.0,0.43208525,5.3200974,0.82539684,2.5434792,68.92444,0
44b6_996155de,920716,50,47.0,132.0,25.0,0.4254044,4.6186323,0.74603176,2.5434792,68.92444,0
44b6_996155de,920717,50,14.0,232.0,216.0,0.4076108,1.8171288,0.22222222,2.5434792,68.92444,1
44b6_996155de,920718,50,27.0,59.0,58.0,0.37264273,1.851283,0.42857143,2.5335438,68.11987,0
44b6_996155de,920719,50,5.0,201.0,57.0,0.36911386,2.900641,0.07936508,2.5434792,68.92444,0
44b6_996155de,920720,51,39.0,250.0,224.0,2.0860631,3.9745767,0.61904764,2.5434792,68.92444,0
44b6_996155de,920721,51,5.0,70.0,91.0,1.9157772,3.0058615,0.07936508,2.5434792,68.92444,0
44b6_996155de,920722,51,3.0,207.0,196.0,1.7418067,2.8445702,0.04761905,2.5401762,68.65625,0
44b6_996155de,920723,51,14.0,118.0,132.0,1.6360105,3.3314679,0.22222222,2.5434792,68.92444,0
44b6_996155de,920724,51,13.0,73.0,46.0,1.1490322,3.9273362,0.20634921,2.5434792,68.92444,1
44b6_996155de,920725,51,12.0,15.0,26.0,1.0126007,2.3201084,0.1904762,2.5434792,68.92444,1
44b6_996155de,920726,51,13.0,19.0,16.0,0.99382573,2.1938906,0.20634921,2.5434792,68.92444,1
44b6_996155de,920727,51,7.0,75.0,14.0,0.9375401,2.4125073,0.11111111,2.5434792,68.92444,0
44b6_996155de,920728,51,4.0,49.0,37.0,0.9289357,2.4147744,0.06349207,2.5434792,68.92444,0
44b6_996155de,920729,51,22.0,53.0,21.0,0.89162564,2.4375954,0.34920636,2.5401762,68.65625,1
44b6_996155de,920730,51,4.0,84.0,44.0,0.8851626,1.581561,0.06349207,2.5401762,68.65625,1
44b6_996155de,920731,51,16.0,43.0,51.0,0.70819324,2.1453815,0.25396827,2.5434792,68.92444,0
44b6_996155de,920732,51,45.0,44.0,7.0,0.6741282,3.2203782,0.71428573,2.5434792,68.92444,0
44b6_996155de,920733,51,28.0,179.0,54.0,0.6526565,3.1105833,0.44444445,2.5434792,68.92444,1
44b6_996155de,920734,51,25.0,174.0,48.0,0.62245065,2.610852,0.3968254,2.5434792,68.92444,1
44b6_996155de,920735,51,25.0,244.0,223.0,0.58043224,1.0502723,0.3968254,2.5302145,67.851685,0
44b6_996155de,920736,51,12.0,28.0,54.0,0.5765558,1.9067572,0.1904762,2.5401762,68.65625,0
44b6_996155de,920737,51,46.0,224.0,205.0,0.5707437,2.9556494,0.73015875,2.5401762,68.65625,0
44b6_996155de,920738,51,40.0,107.0,11.0,0.5578813,4.3982735,0.63492066,2.5434792,68.92444,0
44b6_996155de,920739,51,48.0,163.0,48.0,0.56106746,5.5525794,0.7619048,2.5434792,68.92444,0
44b6_996155de,920740,51,19.0,143.0,151.0,0.54129165,3.3152351,0.3015873,2.5434792,68.92444,0
44b6_996155de,920741,51,34.0,211.0,201.0,0.5066858,4.3589077,0.53968257,2.5434792,68.92444,0
44b6_996155de,920742,51,46.0,65.0,46.0,0.48565447,2.5870745,0.73015875,2.5434792,68.92444,0
44b6_996155de,920743,51,18.0,188.0,45.0,0.46667647,2.3162613,0.2857143,2.5434792,68.92444,0
44b6_996155de,920744,51,46.0,130.0,26.0,0.44391748,4.7007794,0.73015875,2.5434792,68.92444,0
44b6_996155de,920745,51,35.0,47.0,23.0,0.42379168,0.42314214,0.5555556,2.4826555,64.097046,1
44b6_996155de,920746,51,52.0,170.0,30.0,0.43413356,5.744395,0.82539684,2.5434792,68.92444,0
44b6_996155de,920747,51,60.0,116.0,12.0,0.4228577,7.158119,0.95238096,2.5401762,68.65625,0
44b6_996155de,920748,51,48.0,177.0,59.0,0.4239214,3.8821595,0.7619048,2.5434792,68.92444,0
44b6_996155de,920749,51,9.0,93.0,102.0,0.40764752,0.99784505,0.14285715,2.475711,63.56067,0
44b6_996155de,920750,51,14.0,234.0,218.0,0.40757653,2.206912,0.22222222,2.5434792,68.92444,0
44b6_996155de,920751,51,4.0,204.0,57.0,0.37762034,2.645273,0.06349207,2.5434792,68.92444,0
44b6_996155de,920752,51,26.0,61.0,61.0,0.36297628,1.4255443,0.41269842,2.5335438,68.11987,0
44b6_996155de,920753,51,7.0,237.0,205.0,0.35624158,3.3669603,0.11111111,2.5434792,68.92444,0
44b6_996155de,920754,51,26.0,149.0,26.0,0.35064483,4.3704977,0.41269842,2.5434792,68.92444,0
44b6_996155de,920755,51,26.0,184.0,175.0,0.33068788,4.65541,0.41269842,2.5434792,68.92444,0
44b6_996155de,920756,51,55.0,125.0,113.0,0.3307075,3.9717727,0.8730159,2.5434792,68.92444,0
44b6_996155de,920757,51,44.0,110.0,106.0,0.3233365,3.0109546,0.6984127,2.5434792,68.92444,0
44b6_996155de,920758,52,4.0,72.0,94.0,1.9728678,3.174864,0.06349207,2.5434792,68.92444,0
44b6_996155de,920759,52,3.0,205.0,194.0,1.6356919,2.5401666,0.04761905,2.5401762,68.65625,0
44b6_996155de,920760,52,14.0,121.0,135.0,1.5936201,3.3704467,0.22222222,2.5434792,68.92444,0
44b6_996155de,920761,52,12.0,75.0,47.0,1.153092,4.1495233,0.1904762,2.5434792,68.92444,1
44b6_996155de,920762,52,13.0,17.0,15.0,1.0759416,2.4540248,0.20634921,2.5434792,68.92444,1
44b6_996155de,920763,52,12.0,16.0,26.0,1.0474073,2.2278597,0.1904762,2.5434792,68.92444,1
44b6_996155de,920764,52,3.0,86.0,43.0,0.93904775,1.9246116,0.04761905,2.5235295,67.31531,1
44b6_996155de,920765,52,11.0,74.0,20.0,0.9195972,2.595574,0.17460318,2.5401762,68.65625,1
44b6_996155de,920766,52,3.0,52.0,39.0,0.91843307,2.8022268,0.04761905,2.5401762,68.65625,0
44b6_996155de,920767,52,21.0,52.0,20.0,0.83179164,2.203394,0.33333334,2.5434792,68.92444,0
44b6_996155de,920768,52,18.0,68.0,28.0,0.82100433,1.8446645,0.2857143,2.5434792,68.92444,1
44b6_996155de,920769,52,46.0,43.0,7.0,0.68904144,3.006066,0.73015875,2.5434792,68.92444,0
44b6_996155de,920770,52,17.0,42.0,50.0,0.68944764,2.3650825,0.26984128,2.5434792,68.92444,0
44b6_996155de,920771,52,28.0,178.0,54.0,0.68041503,3.2331417,0.44444445,2.5434792,68.92444,1
44b6_996155de,920772,52,24.0,174.0,48.0,0.6243863,2.4883919,0.3809524,2.5434792,68.92444,1
44b6_996155de,920773,52,25.0,246.0,225.0,0.579282,1.3087476,0.3968254,2.5401762,68.65625,0
44b6_996155de,920774,52,46.0,224.0,205.0,0.5496244,3.4967158,0.73015875,2.5434792,68.92444,0
44b6_996155de,920775,52,40.0,107.0,10.0,0.54952896,4.3345428,0.63492066,2.5434792,68.92444,0
44b6_996155de,920776,52,19.0,147.0,154.0,0.53675205,3.0904315,0.3015873,2.5434792,68.92444,0
44b6_996155de,920777,52,47.0,162.0,48.0,0.5424859,5.8625684,0.74603176,2.5434792,68.92444,0
44b6_996155de,920778,52,34.0,214.0,202.0,0.5052566,4.1260653,0.53968257,2.5434792,68.92444,0
44b6_996155de,920779,52,45.0,65.0,47.0,0.49249446,2.7605894,0.71428573,2.5434792,68.92444,0
44b6_996155de,920780,52,17.0,188.0,45.0,0.47920126,2.7568548,0.26984128,2.5401762,68.65625,0
44b6_996155de,920781,52,52.0,169.0,29.0,0.45444047,5.611335,0.82539684,2.5434792,68.92444,0
44b6_996155de,920782,52,47.0,176.0,60.0,0.43103296,3.94284,0.74603176,2.5434792,68.92444,0
44b6_996155de,920783,52,35.0,46.0,23.0,0.41946995,0.58701175,0.5555556,2.4791882,63.828857,0
44b6_996155de,920784,52,15.0,122.0,5.0,0.41451436,2.427158,0.23809524,2.5401762,68.65625,0
44b6_996155de,920785,52,46.0,131.0,28.0,0.41048872,4.259018,0.73015875,2.5434792,68.92444,0
44b6_996155de,920786,52,59.0,116.0,12.0,0.40910602,6.887498,0.93650794,2.5434792,68.92444,0
44b6_996155de,920787,52,2.0,207.0,55.0,0.38399568,2.559982,0.031746034,2.4687274,63.024292,0
44b6_996155de,920788,52,13.0,235.0,218.0,0.37533218,2.481404,0.20634921,2.5434792,68.92444,1
44b6_996155de,920789,52,26.0,61.0,61.0,0.36678663,1.4790028,0.41269842,2.5335438,68.11987,0
44b6_996155de,920790,52,26.0,147.0,28.0,0.36813253,4.518918,0.41269842,2.5434792,68.92444,0
44b6_996155de,920791,52,56.0,126.0,113.0,0.3456232,4.069015,0.8888889,2.5434792,68.92444,0
44b6_996155de,920792,52,6.0,239.0,206.0,0.32842425,3.1137533,0.0952381,2.5434792,68.92444,1
44b6_996155de,920793,53,4.0,74.0,96.0,1.92178,2.8295598,0.06349207,2.5434792,68.92444,0
44b6_996155de,920794,53,14.0,122.0,135.0,1.7029489,3.5993917,0.22222222,2.5434792,68.92444,0
44b6_996155de,920795,53,3.0,205.0,194.0,1.6413399,2.7006426,0.04761905,2.5401762,68.65625,0
44b6_996155de,920796,53,12.0,75.0,48.0,1.167993,4.1791306,0.1904762,2.5434792,68.92444,0
44b6_996155de,920797,53,13.0,18.0,14.0,1.0609647,2.4562743,0.20634921,2.5434792,68.92444,2
44b6_996155de,920798,53,11.0,74.0,20.0,1.0449356,2.895535,0.17460318,2.5401762,68.65625,0
44b6_996155de,920799,53,12.0,53.0,10.0,1.0348725,2.5181723,0.1904762,2.5434792,68.92444,1
44b6_996155de,920800,53,12.0,13.0,28.0,1.0365587,2.2643692,0.1904762,2.5434792,68.92444,1
44b6_996155de,920801,53,3.0,88.0,43.0,1.0113429,2.0250106,0.04761905,2.5368643,68.38806,0
44b6_996155de,920802,53,3.0,52.0,42.0,0.9567831,2.9207094,0.04761905,2.5401762,68.65625,0
44b6_996155de,920803,53,15.0,7.0,5.0,0.88018256,1.4440182,0.23809524,2.5401762,68.65625,1
44b6_996155de,920804,53,20.0,53.0,20.0,0.8803172,1.8183311,0.31746033,2.5434792,68.92444,1
44b6_996155de,920805,53,9.0,5.0,57.0,0.7737929,3.8339434,0.14285715,2.5434792,68.92444,0
44b6_996155de,920806,53,17.0,42.0,51.0,0.74783796,2.5068765,0.26984128,2.5434792,68.92444,1
44b6_996155de,920807,53,29.0,179.0,56.0,0.6868194,2.9822898,0.46031746,2.5434792,68.92444,1
44b6_996155de,920808,53,47.0,44.0,8.0,0.6764873,2.7734408,0.74603176,2.5434792,68.92444,0
44b6_996155de,920809,53,24.0,175.0,50.0,0.6708563,2.8237774,0.3809524,2.5434792,68.92444,1
44b6_996155de,920810,53,34.0,20.0,7.0,0.61562777,2.0156803,0.53968257,2.5434792,68.92444,0
44b6_996155de,920811,53,12.0,31.0,57.0,0.569848,1.6599565,0.1904762,2.5368643,68.38806,2
44b6_996155de,920812,53,14.0,21.0,48.0,0.56737876,1.1604518,0.22222222,2.5401762,68.65625,1
44b6_996155de,920813,53,25.0,250.0,227.0,0.5692142,1.2593077,0.3968254,2.5434792,68.92444,0
44b6_996155de,920814,53,19.0,150.0,156.0,0.5352275,3.1241798,0.3015873,2.5434792,68.92444,0
44b6_996155de,920815,53,46.0,226.0,206.0,0.53748375,3.3844905,0.73015875,2.5434792,68.92444,0
44b6_996155de,920816,53,39.0,106.0,9.0,0.5339647,4.5093017,0.61904764,2.5434792,68.92444,0
44b6_996155de,920817,53,35.0,215.0,203.0,0.5177643,4.279132,0.5555556,2.5434792,68.92444,0
44b6_996155de,920818,53,45.0,67.0,48.0,0.49773142,2.817671,0.71428573,2.5434792,68.92444,0
44b6_996155de,920819,53,46.0,164.0,49.0,0.5014267,5.587073,0.73015875,2.5434792,68.92444,0
44b6_996155de,920820,53,51.0,169.0,30.0,0.48185396,5.6401772,0.8095238,2.5434792,68.92444,0
44b6_996155de,920821,53,17.0,189.0,48.0,0.44249812,2.3685706,0.26984128,2.5434792,68.92444,0
44b6_996155de,920822,53,41.0,55.0,23.0,0.43521765,1.690148,0.6507937,2.5302145,67.851685,1
44b6_996155de,920823,53,48.0,177.0,61.0,0.43508798,3.9208689,0.7619048,2.5434792,68.92444,0
44b6_996155de,920824,53,46.0,130.0,28.0,0.43000022,4.6246066,0.73015875,2.5434792,68.92444,0
44b6_996155de,920825,53,37.0,45.0,21.0,0.413533,0.70446485,0.5873016,2.499849,65.43799,1
44b6_996155de,920826,53,14.0,122.0,7.0,0.41624942,2.0433125,0.22222222,2.5368643,68.38806,0
44b6_996155de,920827,53,59.0,114.0,13.0,0.40479407,7.072222,0.93650794,2.5434792,68.92444,0
44b6_996155de,920828,53,13.0,236.0,219.0,0.39596456,2.9679472,0.20634921,2.5434792,68.92444,1
44b6_996155de,920829,53,2.0,207.0,56.0,0.37369728,2.671809,0.031746034,2.4617038,62.487915,0
44b6_996155de,920830,53,26.0,62.0,63.0,0.3593104,1.5750754,0.41269842,2.5368643,68.38806,0
44b6_996155de,920831,53,26.0,147.0,28.0,0.35602134,4.2051077,0.41269842,2.5335438,68.11987,0
44b6_996155de,920832,53,56.0,128.0,113.0,0.35424957,4.207611,0.8888889,2.5434792,68.92444,0
44b6_996155de,920833,53,27.0,186.0,178.0,0.3438465,4.5187826,0.42857143,2.5434792,68.92444,0
44b6_996155de,920834,53,7.0,239.0,208.0,0.33514673,2.4783518,0.11111111,2.5368643,68.38806,1
44b6_996155de,920835,53,3.0,174.0,22.0,0.32070804,3.303038,0.04761905,2.5401762,68.65625,0
44b6_996155de,920836,54,4.0,77.0,98.0,1.7684286,2.5656288,0.06349207,2.5434792,68.92444,0
44b6_996155de,920837,54,16.0,125.0,137.0,1.7338693,3.450609,0.25396827,2.5434792,68.92444,0
44b6_996155de,920838,54,3.0,207.0,196.0,1.7093947,2.7495358,0.04761905,2.5401762,68.65625,0
44b6_996155de,920839,54,13.0,75.0,48.0,1.1926339,4.4245553,0.20634921,2.5434792,68.92444,0
44b6_996155de,920840,54,13.0,72.0,26.0,1.1037736,3.1854293,0.20634921,2.5434792,68.92444,0
44b6_996155de,920841,54,14.0,20.0,16.0,1.0873357,2.9351382,0.22222222,2.5434792,68.92444,1
44b6_996155de,920842,54,14.0,50.0,5.0,1.0415363,2.2150228,0.22222222,2.5335438,68.11987,1
44b6_996155de,920843,54,12.0,57.0,12.0,1.0341139,2.191098,0.1904762,2.5401762,68.65625,1
44b6_996155de,920844,54,12.0,16.0,30.0,1.0257398,2.1787016,0.1904762,2.5434792,68.92444,1
44b6_996155de,920845,54,3.0,91.0,46.0,0.92889154,1.9144424,0.04761905,2.5401762,68.65625,0
44b6_996155de,920846,54,15.0,4.0,7.0,0.8634633,2.0146885,0.23809524,2.5401762,68.65625,0
44b6_996155de,920847,54,8.0,4.0,59.0,0.7505616,3.4954019,0.12698413,2.5434792,68.92444,0
44b6_996155de,920848,54,17.0,44.0,54.0,0.7375474,2.3558326,0.26984128,2.5434792,68.92444,1
44b6_996155de,920849,54,29.0,178.0,56.0,0.710151,3.1224089,0.46031746,2.5434792,68.92444,1
44b6_996155de,920850,54,47.0,43.0,9.0,0.6980129,2.2011526,0.74603176,2.5434792,68.92444,0
44b6_996155de,920851,54,24.0,175.0,51.0,0.6679735,2.5936482,0.3809524,2.5434792,68.92444,1
44b6_996155de,920852,54,34.0,20.0,9.0,0.61206955,1.8573618,0.53968257,2.5268764,67.583496,0
44b6_996155de,920853,54,11.0,34.0,62.0,0.6144189,2.339031,0.17460318,2.5434792,68.92444,1
44b6_996155de,920854,54,27.0,249.0,226.0,0.57558185,1.454144,0.42857143,2.5434792,68.92444,0
44b6_996155de,920855,54,19.0,153.0,157.0,0.557612,3.3067303,0.3015873,2.5434792,68.92444,0
44b6_996155de,920856,54,39.0,107.0,10.0,0.5402026,4.205561,0.61904764,2.5434792,68.92444,0
44b6_996155de,920857,54,45.0,165.0,50.0,0.50783354,5.4338036,0.71428573,2.5434792,68.92444,0
44b6_996155de,920858,54,46.0,66.0,49.0,0.49439102,2.7485566,0.73015875,2.5434792,68.92444,0
44b6_996155de,920859,54,46.0,228.0,206.0,0.49689204,3.4798384,0.73015875,2.5434792,68.92444,1
44b6_996155de,920860,54,35.0,218.0,204.0,0.49501994,3.9279895,0.5555556,2.5434792,68.92444,1
44b6_996155de,920861,54,16.0,190.0,48.0,0.4776693,2.786526,0.25396827,2.5434792,68.92444,0
44b6_996155de,920862,54,48.0,178.0,62.0,0.4617845,4.2509933,0.7619048,2.5434792,68.92444,0
44b6_996155de,920863,54,52.0,169.0,30.0,0.45003062,5.7832236,0.82539684,2.5434792,68.92444,0
44b6_996155de,920864,54,42.0,55.0,25.0,0.43925312,1.6622411,0.6666667,2.5302145,67.851685,0
44b6_996155de,920865,54,15.0,123.0,7.0,0.4136383,2.345369,0.23809524,2.5434792,68.92444,0
44b6_996155de,920866,54,46.0,131.0,30.0,0.41264224,4.222709,0.73015875,2.5434792,68.92444,0
44b6_996155de,920867,54,13.0,239.0,220.0,0.39690918,2.772642,0.20634921,2.5401762,68.65625,1
44b6_996155de,920868,54,59.0,116.0,15.0,0.39097473,6.1717796,0.93650794,2.5434792,68.92444,0
44b6_996155de,920869,54,26.0,63.0,65.0,0.36304235,1.4397234,0.41269842,2.5434792,68.92444,0
44b6_996155de,920870,54,7.0,241.0,209.0,0.36603528,2.7603729,0.11111111,2.5434792,68.92444,1
44b6_996155de,920871,54,26.0,149.0,29.0,0.35296234,4.3437195,0.41269842,2.5434792,68.92444,0
44b6_996155de,920872,54,27.0,188.0,179.0,0.35665026,4.5865035,0.42857143,2.5434792,68.92444,0
44b6_996155de,920873,54,57.0,129.0,114.0,0.35627344,3.9363694,0.9047619,2.5434792,68.92444,0
44b6_996155de,920874,54,42.0,176.0,164.0,0.3024203,3.5131881,0.6666667,2.5434792,68.92444,0
44b6_996155de,920875,54,45.0,116.0,112.0,0.30015415,3.2330809,0.71428573,2.5434792,68.92444,1
44b6_996155de,920876,54,34.0,167.0,23.0,0.2895896,2.7655919,0.53968257,2.5368643,68.38806,1
44b6_996155de,920877,54,52.0,84.0,60.0,0.2889729,2.6729205,0.82539684,2.5434792,68.92444,0
44b6_996155de,920878,54,34.0,136.0,134.0,0.28578666,3.4463623,0.53968257,2.5434792,68.92444,0
44b6_996155de,920879,54,35.0,108.0,112.0,0.28214523,3.2106965,0.5555556,2.5434792,68.92444,1
44b6_996155de,920880,54,28.0,167.0,12.0,0.27773538,2.5452585,0.44444445,2.5434792,68.92444,1
44b6_996155de,920881,55,5.0,74.0,97.0,1.7448866,2.6522121,0.07936508,2.5434792,68.92444,0
44b6_996155de,920882,55,3.0,208.0,197.0,1.7341957,2.326872,0.04761905,2.5401762,68.65625,0
44b6_996155de,920883,55,16.0,125.0,138.0,1.6665027,3.5800416,0.25396827,2.5434792,68.92444,0
44b6_996155de,920884,55,14.0,75.0,48.0,1.1256223,3.4412038,0.22222222,2.5434792,68.92444,0
44b6_996155de,920885,55,13.0,74.0,29.0,1.056386,2.4259005,0.20634921,2.5335438,68.11987,1
44b6_996155de,920886,55,17.0,68.0,32.0,1.0358613,1.7876736,0.26984128,2.5434792,68.92444,1
44b6_996155de,920887,55,12.0,58.0,14.0,1.0137607,2.308634,0.1904762,2.5401762,68.65625,0
44b6_996155de,920888,55,15.0,21.0,20.0,0.9997871,2.540832,0.23809524,2.5434792,68.92444,0
44b6_996155de,920889,55,13.0,18.0,35.0,0.99213713,2.2165732,0.20634921,2.5434792,68.92444,0
44b6_996155de,920890,55,5.0,87.0,52.0,0.8571911,1.8741915,0.07936508,2.5302145,67.851685,0
44b6_996155de,920891,55,18.0,43.0,54.0,0.75646186,2.1470938,0.2857143,2.5434792,68.92444,0
44b6_996155de,920892,55,9.0,5.0,61.0,0.75181216,3.655522,0.14285715,2.5434792,68.92444,0
44b6_996155de,920893,55,47.0,45.0,13.0,0.6906248,2.2977703,0.74603176,2.5434792,68.92444,0
44b6_996155de,920894,55,24.0,176.0,51.0,0.6592198,2.867226,0.3809524,2.5434792,68.92444,1
44b6_996155de,920895,55,31.0,180.0,57.0,0.65233344,2.8543594,0.4920635,2.5434792,68.92444,1
44b6_996155de,920896,55,10.0,35.0,67.0,0.630333,3.255744,0.15873016,2.5434792,68.92444,0
44b6_996155de,920897,55,34.0,22.0,13.0,0.6185963,2.0982268,0.53968257,2.5168092,66.77893,0
44b6_996155de,920898,55,26.0,251.0,226.0,0.556178,3.1140242,0.41269842,2.5434792,68.92444,0
44b6_996155de,920899,55,38.0,105.0,10.0,0.55432785,4.470858,0.6031746,2.5434792,68.92444,0
44b6_996155de,920900,55,20.0,154.0,159.0,0.5327142,3.2740188,0.31746033,2.5434792,68.92444,0
44b6_996155de,920901,55,45.0,166.0,51.0,0.52059567,5.3341346,0.71428573,2.5434792,68.92444,0
44b6_996155de,920902,55,46.0,67.0,51.0,0.4936618,2.7938254,0.73015875,2.5434792,68.92444,0
44b6_996155de,920903,55,53.0,171.0,32.0,0.48817515,5.831616,0.84126985,2.5434792,68.92444,0
44b6_996155de,920904,55,47.0,231.0,209.0,0.47279203,3.3941436,0.74603176,2.5434792,68.92444,0
44b6_996155de,920905,55,49.0,179.0,63.0,0.4624893,4.1168985,0.7777778,2.5434792,68.92444,0
44b6_996155de,920906,55,17.0,190.0,48.0,0.4592737,2.3830316,0.26984128,2.5434792,68.92444,0
44b6_996155de,920907,55,42.0,54.0,27.0,0.45178527,1.5709499,0.6666667,2.5268764,67.583496,0
44b6_996155de,920908,55,35.0,220.0,206.0,0.44986418,3.5938158,0.5555556,2.5434792,68.92444,0
44b6_996155de,920909,55,58.0,116.0,18.0,0.4206103,6.6123524,0.9206349,2.5434792,68.92444,0
44b6_996155de,920910,55,45.0,134.0,31.0,0.41462445,4.3552437,0.71428573,2.5434792,68.92444,0
44b6_996155de,920911,55,14.0,124.0,10.0,0.40881482,2.2024312,0.22222222,2.5302145,67.851685,0
44b6_996155de,920912,55,31.0,54.0,45.0,0.4006852,0.8362944,0.4920635,2.5335438,68.11987,0
44b6_996155de,920913,55,27.0,191.0,181.0,0.3997406,4.8526506,0.42857143,2.5434792,68.92444,0
44b6_996155de,920914,55,13.0,239.0,221.0,0.39313316,3.0412567,0.20634921,2.5401762,68.65625,1
44b6_996155de,920915,55,29.0,194.0,66.0,0.3931723,2.3251379,0.46031746,2.5434792,68.92444,0
44b6_996155de,920916,55,2.0,208.0,58.0,0.37042153,2.67682,0.031746034,2.4687274,63.024292,0
44b6_996155de,920917,55,25.0,65.0,70.0,0.36700195,1.2711079,0.3968254,2.5434792,68.92444,0
44b6_996155de,920918,55,7.0,242.0,211.0,0.35688764,2.5760574,0.11111111,2.5401762,68.65625,1
44b6_996155de,920919,55,26.0,149.0,31.0,0.35254386,4.358231,0.41269842,2.5401762,68.65625,0
44b6_996155de,920920,55,57.0,127.0,114.0,0.34662163,3.6393745,0.9047619,2.5434792,68.92444,0
44b6_996155de,920921,55,17.0,95.0,110.0,0.32814038,1.0479807,0.26984128,2.5401762,68.65625,0
44b6_996155de,920922,55,42.0,177.0,167.0,0.30970317,3.533811,0.6666667,2.5434792,68.92444,0
44b6_996155de,920923,55,45.0,117.0,114.0,0.30825683,3.0330884,0.71428573,2.5434792,68.92444,1
44b6_996155de,920924,55,51.0,83.0,62.0,0.29215914,1.9809306,0.8095238,2.5434792,68.92444,0
44b6_996155de,920925,55,35.0,136.0,134.0,0.2948609,3.6465585,0.5555556,2.5434792,68.92444,0
44b6_996155de,920926,55,34.0,169.0,25.0,0.28813353,2.683334,0.53968257,2.5434792,68.92444,1
44b6_996155de,920927,55,30.0,166.0,16.0,0.28053004,2.2731416,0.47619048,2.5401762,68.65625,1
44b6_996155de,920928,55,59.0,164.0,9.0,0.27118176,4.090747,0.93650794,2.5434792,68.92444,0
44b6_996155de,920929,55,34.0,107.0,112.0,0.26668867,3.653603,0.53968257,2.5434792,68.92444,1
44b6_996155de,920930,56,3.0,208.0,197.0,1.8416469,2.3100965,0.04761905,2.5401762,68.65625,0
44b6_996155de,920931,56,17.0,128.0,141.0,1.7920858,3.8393607,0.26984128,2.5434792,68.92444,0
44b6_996155de,920932,56,5.0,78.0,100.0,1.7431221,2.6335638,0.07936508,2.5434792,68.92444,0
44b6_996155de,920933,56,14.0,76.0,47.0,1.2055258,3.5875287,0.22222222,2.5434792,68.92444,1
44b6_996155de,920934,56,13.0,60.0,17.0,1.1411619,2.5585303,0.20634921,2.5434792,68.92444,2
44b6_996155de,920935,56,17.0,58.0,27.0,1.0919168,1.8523197,0.26984128,2.5434792,68.92444,1
44b6_996155de,920936,56,11.0,75.0,28.0,1.0201086,2.166086,0.17460318,2.5434792,68.92444,0
44b6_996155de,920937,56,13.0,54.0,6.0,0.9703424,1.6413468,0.20634921,2.5335438,68.11987,1
44b6_996155de,920938,56,14.0,18.0,18.0,0.96821326,2.7271397,0.22222222,2.5434792,68.92444,1
44b6_996155de,920939,56,15.0,22.0,32.0,0.92372316,2.2161472,0.23809524,2.5434792,68.92444,2
44b6_996155de,920940,56,6.0,83.0,52.0,0.8768691,1.1699717,0.0952381,2.499849,65.43799,1
44b6_996155de,920941,56,9.0,11.0,35.0,0.79735947,1.9381135,0.14285715,2.5434792,68.92444,1
44b6_996155de,920942,56,45.0,26.0,3.0,0.7867261,2.551789,0.71428573,2.5368643,68.38806,0
44b6_996155de,920943,56,9.0,5.0,61.0,0.76794654,3.3778121,0.14285715,2.5434792,68.92444,0
44b6_996155de,920944,56,18.0,44.0,56.0,0.7516311,2.036284,0.2857143,2.5434792,68.92444,0
44b6_996155de,920945,56,46.0,46.0,16.0,0.6796001,2.1967628,0.73015875,2.5434792,68.92444,0
44b6_996155de,920946,56,10.0,39.0,71.0,0.65723276,3.3773513,0.15873016,2.5434792,68.92444,0
44b6_996155de,920947,56,30.0,180.0,56.0,0.6279348,3.045248,0.47619048,2.5434792,68.92444,1
44b6_996155de,920948,56,22.0,177.0,50.0,0.6096567,2.7782683,0.34920636,2.5434792,68.92444,1
44b6_996155de,920949,56,37.0,106.0,10.0,0.5815506,4.7088857,0.5873016,2.5434792,68.92444,0
44b6_996155de,920950,56,43.0,166.0,50.0,0.5652179,5.633105,0.6825397,2.5434792,68.92444,0
44b6_996155de,920951,56,20.0,156.0,160.0,0.52225727,3.0519335,0.31746033,2.5434792,68.92444,0
44b6_996155de,920952,56,45.0,69.0,54.0,0.49596703,2.8238041,0.71428573,2.5434792,68.92444,0
44b6_996155de,920953,56,48.0,180.0,62.0,0.47784305,4.5711794,0.7619048,2.5434792,68.92444,0
44b6_996155de,920954,56,35.0,224.0,208.0,0.4741233,3.7014115,0.5555556,2.5434792,68.92444,1
44b6_996155de,920955,56,52.0,171.0,32.0,0.46998996,5.689092,0.82539684,2.5434792,68.92444,0
44b6_996155de,920956,56,46.0,234.0,210.0,0.4654186,3.2446103,0.73015875,2.5434792,68.92444,1
44b6_996155de,920957,56,15.0,193.0,51.0,0.4357316,2.8306584,0.23809524,2.5434792,68.92444,0
44b6_996155de,920958,56,56.0,116.0,21.0,0.43903533,7.5012627,0.8888889,2.5434792,68.92444,0
44b6_996155de,920959,56,45.0,136.0,32.0,0.4193867,4.421831,0.71428573,2.5434792,68.92444,0
44b6_996155de,920960,56,14.0,126.0,12.0,0.41545165,2.671081,0.22222222,2.5335438,68.11987,0
44b6_996155de,920961,56,13.0,242.0,223.0,0.40934098,3.0500844,0.20634921,2.5401762,68.65625,1
44b6_996155de,920962,56,30.0,55.0,46.0,0.39800063,0.5315861,0.47619048,2.5168092,66.77893,0
44b6_996155de,920963,56,27.0,193.0,182.0,0.38207668,4.829021,0.42857143,2.5434792,68.92444,0
44b6_996155de,920964,56,6.0,243.0,211.0,0.36289552,3.0175328,0.0952381,2.5434792,68.92444,1
44b6_996155de,920965,56,28.0,194.0,65.0,0.36306193,2.0763443,0.44444445,2.5434792,68.92444,0
44b6_996155de,920966,56,26.0,66.0,71.0,0.3586203,1.4868155,0.41269842,2.5368643,68.38806,0
44b6_996155de,920967,56,25.0,152.0,31.0,0.3421286,4.4071717,0.3968254,2.5401762,68.65625,0
44b6_996155de,920968,56,55.0,127.0,112.0,0.3210019,2.8586442,0.8730159,2.5434792,68.92444,1
44b6_996155de,920969,56,42.0,180.0,169.0,0.31736046,3.8950086,0.6666667,2.5434792,68.92444,0
44b6_996155de,920970,56,45.0,119.0,115.0,0.31516773,3.0850449,0.71428573,2.5434792,68.92444,1
44b6_996155de,920971,56,51.0,85.0,63.0,0.2972983,2.1401837,0.8095238,2.5401762,68.65625,0
44b6_996155de,920972,56,29.0,169.0,20.0,0.2886939,2.5414193,0.46031746,2.5434792,68.92444,0
44b6_996155de,920973,56,58.0,165.0,10.0,0.28945255,4.0909386,0.9206349,2.5401762,68.65625,0
44b6_996155de,920974,57,3.0,206.0,198.0,1.8549626,2.288127,0.04761905,2.5401762,68.65625,0
44b6_996155de,920975,57,5.0,77.0,104.0,1.8435088,2.84493,0.07936508,2.5434792,68.92444,0
44b6_996155de,920976,57,17.0,129.0,144.0,1.8273206,3.9355497,0.26984128,2.5434792,68.92444,0
44b6_996155de,920977,57,14.0,76.0,51.0,1.199212,3.070085,0.22222222,2.5434792,68.92444,0
44b6_996155de,920978,57,14.0,58.0,19.0,1.0631647,2.4953635,0.22222222,2.5434792,68.92444,1
44b6_996155de,920979,57,9.0,76.0,25.0,1.04032,2.3425536,0.14285715,2.5434792,68.92444,0
44b6_996155de,920980,57,15.0,19.0,20.0,0.9760517,2.6267831,0.23809524,2.5434792,68.92444,1
44b6_996155de,920981,57,13.0,51.0,8.0,0.9543499,1.8706118,0.20634921,2.5268764,67.583496,1
44b6_996155de,920982,57,17.0,64.0,41.0,0.94675136,1.7915115,0.26984128,2.5401762,68.65625,0
44b6_996155de,920983,57,15.0,23.0,33.0,0.9120867,2.2230036,0.23809524,2.5434792,68.92444,1
44b6_996155de,920984,57,15.0,2.0,17.0,0.877016,2.6031022,0.23809524,2.4687274,63.024292,0
44b6_996155de,920985,57,45.0,26.0,6.0,0.7829405,2.4565113,0.71428573,2.5434792,68.92444,0
44b6_996155de,920986,57,9.0,9.0,40.0,0.77883416,3.0630264,0.14285715,2.5434792,68.92444,0
44b6_996155de,920987,57,17.0,44.0,60.0,0.76063186,2.1016245,0.26984128,2.5434792,68.92444,1
44b6_996155de,920988,57,9.0,3.0,66.0,0.7630774,3.2904022,0.14285715,2.5401762,68.65625,0
44b6_996155de,920989,57,11.0,38.0,72.0,0.65688276,2.7317677,0.17460318,2.5434792,68.92444,1
44b6_996155de,920990,57,22.0,178.0,53.0,0.6261166,2.8277366,0.34920636,2.5434792,68.92444,1
44b6_996155de,920991,57,31.0,179.0,57.0,0.6077136,2.6319292,0.4920635,2.5434792,68.92444,2
44b6_996155de,920992,57,37.0,106.0,12.0,0.60448813,4.5426283,0.5873016,2.5434792,68.92444,0
44b6_996155de,920993,57,42.0,166.0,51.0,0.58181727,5.2231197,0.6666667,2.5434792,68.92444,0
44b6_996155de,920994,57,21.0,155.0,162.0,0.5160169,2.9984562,0.33333334,2.5434792,68.92444,0
44b6_996155de,920995,57,34.0,225.0,210.0,0.5219832,3.9039512,0.53968257,2.5434792,68.92444,0
44b6_996155de,920996,57,48.0,179.0,64.0,0.50543773,4.8610764,0.7619048,2.5434792,68.92444,0
44b6_996155de,920997,57,45.0,237.0,214.0,0.49562442,3.2986712,0.71428573,2.5434792,68.92444,0
44b6_996155de,920998,57,54.0,116.0,24.0,0.4823508,7.112186,0.85714287,2.5434792,68.92444,0
44b6_996155de,920999,57,26.0,252.0,227.0,0.4708358,3.2918615,0.41269842,2.5368643,68.38806,0
44b6_996155de,921000,57,52.0,170.0,33.0,0.47737807,5.650341,0.82539684,2.5434792,68.92444,0
44b6_996155de,921001,57,46.0,70.0,57.0,0.46671805,2.7578511,0.73015875,2.5434792,68.92444,1
44b6_996155de,921002,57,42.0,56.0,30.0,0.43475026,1.5622027,0.6666667,2.5401762,68.65625,0
44b6_996155de,921003,57,49.0,68.0,47.0,0.43551376,2.2110221,0.7777778,2.5434792,68.92444,1
44b6_996155de,921004,57,13.0,241.0,225.0,0.41489857,3.3605719,0.20634921,2.5434792,68.92444,1
44b6_996155de,921005,57,44.0,136.0,34.0,0.40637007,4.1733084,0.6984127,2.5434792,68.92444,0
44b6_996155de,921006,57,30.0,55.0,49.0,0.38752413,0.5022164,0.47619048,2.499849,65.43799,0
44b6_996155de,921007,57,13.0,127.0,12.0,0.3898417,2.325662,0.20634921,2.5401762,68.65625,0
44b6_996155de,921008,57,28.0,191.0,65.0,0.38138658,1.8399986,0.44444445,2.5434792,68.92444,1
44b6_996155de,921009,57,15.0,192.0,53.0,0.3731493,1.9528067,0.23809524,2.5434792,68.92444,1
44b6_996155de,921010,57,26.0,194.0,185.0,0.3765313,4.9241705,0.41269842,2.5434792,68.92444,0
44b6_996155de,921011,57,6.0,243.0,212.0,0.37304163,2.8968425,0.0952381,2.5434792,68.92444,1
44b6_996155de,921012,57,26.0,65.0,72.0,0.36022565,1.3927816,0.41269842,2.5434792,68.92444,0
44b6_996155de,921013,57,25.0,151.0,34.0,0.3459095,4.3015776,0.3968254,2.5434792,68.92444,0
44b6_996155de,921014,57,55.0,125.0,113.0,0.32797152,2.9135528,0.8730159,2.5434792,68.92444,1
44b6_996155de,921015,57,18.0,98.0,116.0,0.321183,1.1744624,0.2857143,2.5368643,68.38806,0
44b6_996155de,921016,57,45.0,118.0,117.0,0.31987864,2.9451787,0.71428573,2.5434792,68.92444,1
44b6_996155de,921017,57,42.0,180.0,171.0,0.31214055,3.5078359,0.6666667,2.5434792,68.92444,0
44b6_996155de,921018,57,35.0,139.0,138.0,0.303546,1.7014735,0.5555556,2.5434792,68.92444,0
44b6_996155de,921019,57,51.0,85.0,66.0,0.29808626,2.0752418,0.8095238,2.5434792,68.92444,0
44b6_996155de,921020,57,32.0,169.0,29.0,0.28819472,2.6585307,0.50793654,2.5434792,68.92444,0
44b6_996155de,921021,57,57.0,164.0,11.0,0.2888848,4.521132,0.9047619,2.5335438,68.11987,0
44b6_996155de,921022,57,7.0,203.0,48.0,0.2816411,1.3393136,0.11111111,2.5401762,68.65625,1
44b6_996155de,921023,58,4.0,80.0,106.0,1.9022857,3.0065236,0.06349207,2.5434792,68.92444,0
44b6_996155de,921024,58,4.0,203.0,196.0,1.7311308,2.2625122,0.06349207,2.5434792,68.92444,0
44b6_996155de,921025,58,18.0,130.0,145.0,1.6839049,3.7392657,0.2857143,2.5434792,68.92444,0
44b6_996155de,921026,58,13.0,75.0,53.0,1.2142206,3.2176385,0.20634921,2.5434792,68.92444,1
44b6_996155de,921027,58,15.0,66.0,42.0,1.0368892,2.3013518,0.23809524,2.5401762,68.65625,1
44b6_996155de,921028,58,8.0,76.0,17.0,1.0225779,1.7239165,0.12698413,2.5434792,68.92444,0
44b6_996155de,921029,58,14.0,57.0,19.0,0.9999682,1.9973856,0.22222222,2.5434792,68.92444,1
44b6_996155de,921030,58,45.0,44.0,4.0,1.0024816,3.3285673,0.71428573,2.5434792,68.92444,0
44b6_996155de,921031,58,14.0,19.0,18.0,0.98241204,2.6494799,0.22222222,2.5434792,68.92444,1
44b6_996155de,921032,58,14.0,22.0,32.0,0.95164573,2.3708832,0.22222222,2.5434792,68.92444,1
44b6_996155de,921033,58,12.0,51.0,8.0,0.9428823,1.7888764,0.1904762,2.5368643,68.38806,1
44b6_996155de,921034,58,16.0,46.0,62.0,0.757661,1.7022616,0.25396827,2.5434792,68.92444,0
44b6_996155de,921035,58,9.0,3.0,65.0,0.75926936,3.1150904,0.14285715,2.5401762,68.65625,0
44b6_996155de,921036,58,46.0,28.0,9.0,0.7588062,2.1048963,0.73015875,2.5434792,68.92444,0
44b6_996155de,921037,58,30.0,12.0,5.0,0.7281967,1.1618522,0.47619048,2.5434792,68.92444,0
44b6_996155de,921038,58,10.0,39.0,74.0,0.6895211,3.0615788,0.15873016,2.5434792,68.92444,0
44b6_996155de,921039,58,31.0,179.0,58.0,0.6104961,3.7122319,0.4920635,2.5434792,68.92444,1
44b6_996155de,921040,58,42.0,166.0,53.0,0.5900155,5.1931233,0.6666667,2.5434792,68.92444,0
44b6_996155de,921041,58,34.0,23.0,17.0,0.5802853,1.7089459,0.53968257,2.5201738,67.04712,0
44b6_996155de,921042,58,36.0,105.0,11.0,0.5639209,4.016323,0.5714286,2.5434792,68.92444,0
44b6_996155de,921043,58,34.0,227.0,212.0,0.5333162,4.050657,0.53968257,2.5434792,68.92444,0
44b6_996155de,921044,58,22.0,176.0,52.0,0.5278957,2.3550038,0.34920636,2.5434792,68.92444,1
44b6_996155de,921045,58,20.0,158.0,164.0,0.52722514,3.307321,0.31746033,2.5434792,68.92444,0
44b6_996155de,921046,58,49.0,180.0,65.0,0.51837605,5.9443264,0.7777778,2.5434792,68.92444,0
44b6_996155de,921047,58,27.0,250.0,226.0,0.50246674,4.1266828,0.42857143,2.5401762,68.65625,0
44b6_996155de,921048,58,45.0,240.0,216.0,0.4940998,3.2561338,0.71428573,2.5434792,68.92444,0
44b6_996155de,921049,58,52.0,170.0,33.0,0.48724028,5.606311,0.82539684,2.5434792,68.92444,0
44b6_996155de,921050,58,46.0,71.0,59.0,0.46039695,2.6263275,0.73015875,2.5434792,68.92444,1
44b6_996155de,921051,58,49.0,69.0,47.0,0.43652204,2.3290272,0.7777778,2.5434792,68.92444,1
44b6_996155de,921052,58,52.0,115.0,27.0,0.42768517,5.1531706,0.82539684,2.5434792,68.92444,0
44b6_996155de,921053,58,44.0,136.0,36.0,0.42540437,4.4300423,0.6984127,2.5434792,68.92444,0
44b6_996155de,921054,58,38.0,49.0,32.0,0.3957076,1.0449852,0.6031746,2.5201738,67.04712,0
44b6_996155de,921055,58,6.0,244.0,213.0,0.38513815,2.7797236,0.0952381,2.5434792,68.92444,1
44b6_996155de,921056,58,13.0,242.0,226.0,0.3805937,3.1461208,0.20634921,2.5434792,68.92444,1
44b6_996155de,921057,58,12.0,128.0,13.0,0.37536648,2.112901,0.1904762,2.5201738,67.04712,0
44b6_996155de,921058,58,31.0,56.0,50.0,0.37630126,0.8339759,0.4920635,2.5134354,66.51074,0
44b6_996155de,921059,58,28.0,192.0,66.0,0.3715317,2.0671835,0.44444445,2.5434792,68.92444,0
44b6_996155de,921060,58,27.0,195.0,187.0,0.36156178,5.104015,0.42857143,2.5401762,68.65625,0
44b6_996155de,921061,58,26.0,67.0,74.0,0.35529208,1.5268775,0.41269842,2.5434792,68.92444,0
44b6_996155de,921062,58,25.0,150.0,33.0,0.34937474,4.4907703,0.3968254,2.5434792,68.92444,0
44b6_996155de,921063,58,15.0,195.0,57.0,0.32866162,2.9956872,0.23809524,2.5401762,68.65625,0
44b6_996155de,921064,58,55.0,125.0,113.0,0.30908155,2.6597903,0.8730159,2.5434792,68.92444,1
44b6_996155de,921065,58,46.0,118.0,118.0,0.30701858,2.7604933,0.73015875,2.5434792,68.92444,2
44b6_996155de,921066,58,52.0,88.0,69.0,0.30433157,2.4947577,0.82539684,2.5434792,68.92444,1
44b6_996155de,921067,58,18.0,97.0,115.0,0.29849985,0.7144679,0.2857143,2.5100527,66.24255,0
44b6_996155de,921068,58,42.0,181.0,173.0,0.3027947,3.398211,0.6666667,2.5434792,68.92444,0
44b6_996155de,921069,58,36.0,139.0,139.0,0.29755524,1.6258112,0.5714286,2.5401762,68.65625,0
44b6_996155de,921070,58,32.0,170.0,28.0,0.29070795,2.9434795,0.50793654,2.5434792,68.92444,0
44b6_996155de,921071,58,58.0,164.0,10.0,0.2815946,3.9814634,0.9206349,2.5434792,68.92444,0
44b6_996155de,921072,58,35.0,110.0,117.0,0.27378312,2.9568777,0.5555556,2.5434792,68.92444,1
44b6_996155de,921073,58,42.0,85.0,77.0,0.270127,1.8972629,0.6666667,2.5434792,68.92444,1
44b6_996155de,921074,59,3.0,83.0,111.0,2.0368736,3.1571665,0.04761905,2.5401762,68.65625,0
44b6_996155de,921075,59,18.0,131.0,146.0,1.7169225,3.9628618,0.2857143,2.5434792,68.92444,0
44b6_996155de,921076,59,4.0,205.0,198.0,1.6744413,2.1151175,0.06349207,2.5434792,68.92444,0
44b6_996155de,921077,59,12.0,77.0,55.0,1.2626654,3.5029464,0.1904762,2.5434792,68.92444,1
44b6_996155de,921078,59,15.0,68.0,44.0,1.0192204,2.1944258,0.23809524,2.5401762,68.65625,1
44b6_996155de,921079,59,14.0,22.0,22.0,1.0067445,2.4237633,0.22222222,2.5401762,68.65625,0
44b6_996155de,921080,59,19.0,15.0,4.0,0.9946627,3.0531626,0.3015873,2.5434792,68.92444,0
44b6_996155de,921081,59,13.0,62.0,18.0,0.98905605,2.0063355,0.20634921,2.5434792,68.92444,1
44b6_996155de,921082,59,18.0,58.0,25.0,0.96995324,1.904535,0.2857143,2.5434792,68.92444,1
44b6_996155de,921083,59,8.0,79.0,10.0,0.9585811,1.2925375,0.12698413,2.5434792,68.92444,0
44b6_996155de,921084,59,11.0,52.0,6.0,0.9456404,1.7856483,0.17460318,2.5268764,67.583496,1
44b6_996155de,921085,59,9.0,38.0,3.0,0.81764936,1.4268583,0.14285715,2.4895616,64.63342,1
44b6_996155de,921086,59,9.0,11.0,45.0,0.80329883,4.2763495,0.14285715,2.5434792,68.92444,0
44b6_996155de,921087,59,17.0,46.0,63.0,0.7986051,2.0974212,0.26984128,2.5434792,68.92444,0
44b6_996155de,921088,59,9.0,4.0,66.0,0.7977681,3.29713,0.14285715,2.5434792,68.92444,0
44b6_996155de,921089,59,45.0,28.0,8.0,0.75471944,2.2519538,0.71428573,2.5434792,68.92444,0
44b6_996155de,921090,59,10.0,38.0,75.0,0.68700296,3.094543,0.15873016,2.5434792,68.92444,0
44b6_996155de,921091,59,60.0,87.0,4.0,0.66568154,5.1998115,0.95238096,2.5401762,68.65625,0
44b6_996155de,921092,59,41.0,165.0,53.0,0.6058684,4.9720955,0.6507937,2.5434792,68.92444,0
44b6_996155de,921093,59,32.0,179.0,57.0,0.57354325,3.543865,0.50793654,2.5434792,68.92444,1
44b6_996155de,921094,59,35.0,24.0,19.0,0.5604973,1.7258276,0.5555556,2.5268764,67.583496,0
44b6_996155de,921095,59,34.0,228.0,214.0,0.5594083,4.0485306,0.53968257,2.5434792,68.92444,0
44b6_996155de,921096,59,21.0,174.0,50.0,0.5529771,3.7191513,0.33333334,2.5434792,68.92444,1
44b6_996155de,921097,59,36.0,103.0,11.0,0.5387686,4.368607,0.5714286,2.5434792,68.92444,0
44b6_996155de,921098,59,27.0,251.0,227.0,0.5260774,4.571693,0.42857143,2.5434792,68.92444,0
44b6_996155de,921099,59,45.0,242.0,218.0,0.5150576,3.1608512,0.71428573,2.5401762,68.65625,0
44b6_996155de,921100,59,21.0,157.0,164.0,0.51094395,3.1866238,0.33333334,2.5434792,68.92444,0
44b6_996155de,921101,59,48.0,179.0,65.0,0.49578834,5.4785376,0.7619048,2.5434792,68.92444,0
44b6_996155de,921102,59,52.0,170.0,32.0,0.48197633,6.120016,0.82539684,2.5434792,68.92444,0
44b6_996155de,921103,59,46.0,71.0,60.0,0.45243374,2.6654572,0.73015875,2.5434792,68.92444,1
44b6_996155de,921104,59,49.0,118.0,32.0,0.4515038,4.369037,0.7777778,2.5434792,68.92444,0
44b6_996155de,921105,59,43.0,135.0,37.0,0.42356655,4.2406607,0.6825397,2.5434792,68.92444,0
44b6_996155de,921106,59,49.0,69.0,47.0,0.4219832,2.380932,0.7777778,2.5434792,68.92444,1
44b6_996155de,921107,59,5.0,245.0,214.0,0.4205834,2.5808015,0.07936508,2.5434792,68.92444,0
44b6_996155de,921108,59,14.0,243.0,228.0,0.40126276,3.4353626,0.22222222,2.5434792,68.92444,0
44b6_996155de,921109,59,12.0,125.0,13.0,0.37695223,1.684136,0.1904762,2.5235295,67.31531,0
44b6_996155de,921110,59,26.0,195.0,187.0,0.3793187,5.0178733,0.41269842,2.5434792,68.92444,0
44b6_996155de,921111,59,31.0,57.0,53.0,0.36849472,0.9900056,0.4920635,2.5401762,68.65625,0
44b6_996155de,921112,59,27.0,67.0,75.0,0.3644079,1.7364994,0.42857143,2.5434792,68.92444,0
44b6_996155de,921113,59,27.0,192.0,66.0,0.35430342,2.353958,0.42857143,2.5434792,68.92444,0
44b6_996155de,921114,59,24.0,150.0,33.0,0.34460515,4.098891,0.3809524,2.5401762,68.65625,0
44b6_996155de,921115,59,32.0,169.0,28.0,0.3416636,3.5198822,0.50793654,2.5434792,68.92444,0
44b6_996155de,921116,59,42.0,183.0,175.0,0.3258547,3.614038,0.6666667,2.5401762,68.65625,0
44b6_996155de,921117,59,52.0,88.0,70.0,0.31161442,2.6100633,0.82539684,2.5335438,68.11987,0
44b6_996155de,921118,59,14.0,197.0,59.0,0.30190393,2.5076582,0.22222222,2.5368643,68.38806,0
44b6_996155de,921119,59,46.0,116.0,117.0,0.3057191,2.7119322,0.73015875,2.5434792,68.92444,1
44b6_996155de,921120,59,55.0,127.0,116.0,0.29752097,2.6562877,0.8730159,2.5434792,68.92444,1
44b6_996155de,921121,59,19.0,97.0,116.0,0.29188263,0.67264265,0.3015873,2.5032594,65.70618,0
44b6_996155de,921122,59,35.0,139.0,138.0,0.2904388,0.8960073,0.5555556,2.5401762,68.65625,0
44b6_996155de,921123,60,3.0,208.0,201.0,1.8241746,2.3373504,0.04761905,2.5401762,68.65625,0
44b6_996155de,921124,60,19.0,130.0,146.0,1.5123192,3.5383294,0.3015873,2.5434792,68.92444,0
44b6_996155de,921125,60,12.0,75.0,55.0,1.1696866,3.1384795,0.1904762,2.5434792,68.92444,2
44b6_996155de,921126,60,3.0,52.0,54.0,1.1222829,2.839419,0.04761905,2.5401762,68.65625,0
44b6_996155de,921127,60,14.0,67.0,43.0,1.0546851,2.6846142,0.22222222,2.5434792,68.92444,1
44b6_996155de,921128,60,17.0,16.0,5.0,1.0382595,3.1119087,0.26984128,2.5434792,68.92444,0
44b6_996155de,921129,60,13.0,23.0,21.0,1.0228446,2.4222283,0.20634921,2.5434792,68.92444,0
44b6_996155de,921130,60,13.0,59.0,15.0,0.98524576,2.0279946,0.20634921,2.5368643,68.38806,2
44b6_996155de,921131,60,45.0,48.0,3.0,0.95581025,3.266275,0.71428573,2.5401762,68.65625,0
44b6_996155de,921132,60,11.0,53.0,5.0,0.95191246,1.6573168,0.17460318,2.5401762,68.65625,1
44b6_996155de,921133,60,19.0,59.0,28.0,0.91610014,1.9879236,0.3015873,2.5401762,68.65625,1
44b6_996155de,921134,60,6.0,84.0,61.0,0.8687615,1.3978525,0.0952381,2.5302145,67.851685,1
44b6_996155de,921135,60,16.0,47.0,65.0,0.8120647,2.2419715,0.25396827,2.5434792,68.92444,0
44b6_996155de,921136,60,8.0,15.0,44.0,0.7928322,4.1119924,0.12698413,2.5434792,68.92444,0
44b6_996155de,921137,60,9.0,4.0,65.0,0.77296823,3.1145544,0.14285715,2.5434792,68.92444,0
44b6_996155de,921138,60,45.0,28.0,9.0,0.71680737,1.8084906,0.71428573,2.5401762,68.65625,0
44b6_996155de,921139,60,8.0,40.0,78.0,0.7094413,2.7325213,0.12698413,2.5434792,68.92444,0
44b6_996155de,921140,60,60.0,88.0,4.0,0.6461134,4.510618,0.95238096,2.5401762,68.65625,0
44b6_996155de,921141,60,41.0,166.0,53.0,0.63921154,5.103372,0.6507937,2.5434792,68.92444,0
44b6_996155de,921142,60,26.0,252.0,227.0,0.5633451,4.8877435,0.41269842,2.5401762,68.65625,1
44b6_996155de,921143,60,34.0,25.0,19.0,0.5538727,1.8601862,0.53968257,2.5066607,65.974365,0
44b6_996155de,921144,60,36.0,103.0,13.0,0.5338301,4.3946,0.5714286,2.5434792,68.92444,0
44b6_996155de,921145,60,21.0,160.0,166.0,0.5147664,3.4402766,0.33333334,2.5434792,68.92444,0
44b6_996155de,921146,60,21.0,175.0,51.0,0.50869244,3.5194767,0.33333334,2.5434792,68.92444,1
44b6_996155de,921147,60,16.0,71.0,95.0,0.49941024,1.2092524,0.25396827,2.5434792,68.92444,0
44b6_996155de,921148,60,32.0,178.0,56.0,0.49078384,2.3277576,0.50793654,2.5368643,68.38806,1
44b6_996155de,921149,60,44.0,241.0,219.0,0.49007416,3.1402574,0.6984127,2.5434792,68.92444,0
44b6_996155de,921150,60,33.0,229.0,215.0,0.49304265,3.7727842,0.52380955,2.5401762,68.65625,0
44b6_996155de,921151,60,47.0,180.0,66.0,0.48986858,5.104819,0.74603176,2.5434792,68.92444,0
44b6_996155de,921152,60,52.0,171.0,33.0,0.46355137,6.3463087,0.82539684,2.5434792,68.92444,0
44b6_996155de,921153,60,49.0,120.0,35.0,0.4393706,4.36528,0.7777778,2.5434792,68.92444,0
44b6_996155de,921154,60,45.0,71.0,63.0,0.42753837,2.4909961,0.71428573,2.5434792,68.92444,1
44b6_996155de,921155,60,49.0,69.0,49.0,0.40406722,2.3007734,0.7777778,2.5434792,68.92444,1
44b6_996155de,921156,60,43.0,138.0,39.0,0.39188263,3.8217359,0.6825397,2.5434792,68.92444,0
44b6_996155de,921157,60,14.0,244.0,229.0,0.39156696,3.0678632,0.22222222,2.5434792,68.92444,1
44b6_996155de,921158,60,12.0,125.0,13.0,0.37557936,1.9129931,0.1904762,2.5168092,66.77893,0
44b6_996155de,921159,60,26.0,197.0,189.0,0.37638944,4.9125633,0.41269842,2.5434792,68.92444,0
44b6_996155de,921160,60,39.0,51.0,34.0,0.36234733,0.5185753,0.61904764,2.4687274,63.024292,0
44b6_996155de,921161,60,61.0,105.0,83.0,0.35818547,3.2491758,0.96825397,2.4687274,63.024292,0
44b6_996155de,921162,60,23.0,151.0,33.0,0.35708588,4.132231,0.36507937,2.5434792,68.92444,0
44b6_996155de,921163,60,31.0,170.0,28.0,0.35221595,3.4620907,0.4920635,2.5434792,68.92444,0
44b6_996155de,921164,60,27.0,67.0,75.0,0.34872133,1.549841,0.42857143,2.5401762,68.65625,0
44b6_996155de,921165,60,32.0,58.0,56.0,0.3457798,1.5110952,0.50793654,2.5368643,68.38806,0
44b6_996155de,921166,60,56.0,134.0,124.0,0.34568194,3.9190693,0.8888889,2.5434792,68.92444,0
44b6_996155de,921167,60,41.0,184.0,176.0,0.3401904,3.741231,0.6507937,2.5434792,68.92444,0
44b6_996155de,921168,60,25.0,192.0,67.0,0.33441988,2.4073489,0.3968254,2.5434792,68.92444,1
44b6_996155de,921169,60,14.0,195.0,58.0,0.31500867,2.4878721,0.22222222,2.5401762,68.65625,1
44b6_996155de,921170,60,52.0,89.0,73.0,0.3071409,2.626337,0.82539684,2.5268764,67.583496,0
44b6_996155de,921171,60,57.0,163.0,8.0,0.29606488,4.655823,0.9047619,2.5434792,68.92444,0
44b6_996155de,921172,60,19.0,97.0,115.0,0.28902185,0.8667542,0.3015873,2.5434792,68.92444,0
44b6_996155de,921173,61,3.0,213.0,205.0,1.9470248,2.5316281,0.04761905,2.5401762,68.65625,0
44b6_996155de,921174,61,19.0,131.0,147.0,1.4611654,3.4873886,0.3015873,2.5434792,68.92444,0
44b6_996155de,921175,61,13.0,76.0,55.0,1.0882633,2.4182074,0.20634921,2.5434792,68.92444,2
44b6_996155de,921176,61,13.0,22.0,21.0,1.0826421,2.345188,0.20634921,2.5401762,68.65625,0
44b6_996155de,921177,61,14.0,68.0,44.0,1.0723051,2.7792556,0.22222222,2.5335438,68.11987,1
44b6_996155de,921178,61,16.0,17.0,7.0,1.0658468,2.8235838,0.25396827,2.5434792,68.92444,0
44b6_996155de,921179,61,12.0,59.0,15.0,0.9760419,1.7977413,0.1904762,2.5335438,68.11987,1
44b6_996155de,921180,61,11.0,54.0,2.0,0.9473652,1.4664443,0.17460318,2.4617038,62.487915,1
44b6_996155de,921181,61,6.0,84.0,64.0,0.9274527,1.6883945,0.0952381,2.5368643,68.38806,1
44b6_996155de,921182,61,9.0,21.0,42.0,0.8051734,1.772137,0.14285715,2.5434792,68.92444,0
44b6_996155de,921183,61,19.0,60.0,30.0,0.8004038,1.463075,0.3015873,2.5434792,68.92444,0
44b6_996155de,921184,61,9.0,4.0,65.0,0.8027189,3.4600992,0.14285715,2.5434792,68.92444,0
44b6_996155de,921185,61,15.0,45.0,64.0,0.7244867,2.1568868,0.23809524,2.5434792,68.92444,0
44b6_996155de,921186,61,8.0,40.0,79.0,0.72258526,2.714807,0.12698413,2.5434792,68.92444,0
44b6_996155de,921187,61,59.0,88.0,6.0,0.66066366,5.1977024,0.93650794,2.5434792,68.92444,0
44b6_996155de,921188,61,3.0,196.0,182.0,0.651732,2.3472266,0.04761905,2.5401762,68.65625,0
44b6_996155de,921189,61,41.0,165.0,53.0,0.64268893,4.8660526,0.6507937,2.5434792,68.92444,0
44b6_996155de,921190,61,47.0,44.0,23.0,0.58386564,1.5808254,0.74603176,2.5368643,68.38806,1
44b6_996155de,921191,61,27.0,251.0,227.0,0.5717446,4.7340083,0.42857143,2.5434792,68.92444,0
44b6_996155de,921192,61,36.0,102.0,15.0,0.54339623,4.3578825,0.5714286,2.5434792,68.92444,0
44b6_996155de,921193,61,34.0,25.0,22.0,0.5355652,2.0621767,0.53968257,2.5134354,66.51074,0
44b6_996155de,921194,61,19.0,173.0,48.0,0.54008764,4.7215214,0.3015873,2.5434792,68.92444,0
44b6_996155de,921195,61,47.0,179.0,65.0,0.51796734,4.593541,0.74603176,2.5434792,68.92444,0
44b6_996155de,921196,61,33.0,230.0,216.0,0.5014316,3.4597933,0.52380955,2.5434792,68.92444,0
44b6_996155de,921197,61,16.0,71.0,95.0,0.49369356,1.6121186,0.25396827,2.5434792,68.92444,0
44b6_996155de,921198,61,44.0,241.0,220.0,0.49544087,2.9776256,0.6984127,2.5434792,68.92444,0
44b6_996155de,921199,61,53.0,52.0,23.0,0.48451412,0.5834392,0.84126985,2.4861133,64.365234,1
44b6_996155de,921200,61,31.0,179.0,56.0,0.48745075,3.0215766,0.4920635,2.5434792,68.92444,0
44b6_996155de,921201,61,48.0,120.0,35.0,0.47160268,4.7635317,0.7619048,2.5434792,68.92444,0
44b6_996155de,921202,61,22.0,160.0,164.0,0.44002643,2.9002316,0.34920636,2.5434792,68.92444,0
44b6_996155de,921203,61,52.0,170.0,34.0,0.44119862,6.5027103,0.82539684,2.5434792,68.92444,0
44b6_996155de,921204,61,45.0,70.0,64.0,0.43580747,2.482549,0.71428573,2.5434792,68.92444,1
44b6_996155de,921205,61,42.0,139.0,39.0,0.4219979,4.105885,0.6666667,2.5434792,68.92444,0
44b6_996155de,921206,61,56.0,136.0,125.0,0.4160732,4.7373705,0.8888889,2.5434792,68.92444,0
44b6_996155de,921207,61,50.0,69.0,50.0,0.40160045,2.1600418,0.7936508,2.5434792,68.92444,1
44b6_996155de,921208,61,12.0,124.0,13.0,0.397521,1.8167905,0.1904762,2.5335438,68.11987,0
44b6_996155de,921209,61,13.0,243.0,229.0,0.39760175,3.859784,0.20634921,2.5434792,68.92444,0
44b6_996155de,921210,61,27.0,66.0,75.0,0.3697183,1.770753,0.42857143,2.5401762,68.65625,0
44b6_996155de,921211,61,20.0,192.0,65.0,0.3701637,2.7301676,0.31746033,2.5434792,68.92444,1
44b6_996155de,921212,61,41.0,185.0,177.0,0.3731297,4.030778,0.6507937,2.5401762,68.65625,0
44b6_996155de,921213,61,22.0,152.0,33.0,0.36852652,3.922267,0.34920636,2.5368643,68.38806,0
44b6_996155de,921214,61,32.0,59.0,58.0,0.36128283,1.9450916,0.50793654,2.5401762,68.65625,0
44b6_996155de,921215,61,61.0,106.0,86.0,0.3542192,3.221802,0.96825397,2.4687274,63.024292,0
44b6_996155de,921216,61,32.0,169.0,26.0,0.34505543,3.3064094,0.50793654,2.5401762,68.65625,0
44b6_996155de,921217,61,14.0,195.0,56.0,0.3309106,2.1335924,0.22222222,2.5368643,68.38806,1
44b6_996155de,921218,61,26.0,197.0,190.0,0.32026285,4.2544994,0.41269842,2.5401762,68.65625,0
44b6_996155de,921219,61,51.0,90.0,76.0,0.3065071,2.593181,0.8095238,2.5434792,68.92444,0
44b6_996155de,921220,61,57.0,163.0,9.0,0.30670777,4.9436774,0.9047619,2.5434792,68.92444,0
44b6_996155de,921221,62,5.0,218.0,208.0,2.1562734,2.9599032,0.07936508,2.5434792,68.92444,0
44b6_996155de,921222,62,20.0,133.0,149.0,1.3825368,3.1022155,0.31746033,2.5434792,68.92444,0
44b6_996155de,921223,62,14.0,22.0,20.0,1.138585,2.47189,0.22222222,2.5434792,68.92444,1
44b6_996155de,921224,62,15.0,20.0,8.0,1.0950983,2.3175201,0.23809524,2.5434792,68.92444,1
44b6_996155de,921225,62,13.0,77.0,57.0,1.0482394,2.1810832,0.20634921,2.5434792,68.92444,0
44b6_996155de,921226,62,14.0,69.0,41.0,0.99251884,2.7809036,0.22222222,2.5302145,67.851685,1
44b6_996155de,921227,62,11.0,54.0,2.0,0.97645396,1.7389067,0.17460318,2.4687274,63.024292,2
44b6_996155de,921228,62,12.0,53.0,5.0,0.97870445,1.8299114,0.1904762,2.5434792,68.92444,2
44b6_996155de,921229,62,13.0,59.0,16.0,0.95837307,1.7289815,0.20634921,2.5401762,68.65625,2
44b6_996155de,921230,62,10.0,82.0,4.0,0.8959817,1.3567772,0.15873016,2.5368643,68.38806,0
44b6_996155de,921231,62,6.0,50.0,50.0,0.8933411,3.0460439,0.0952381,2.5434792,68.92444,0
44b6_996155de,921232,62,20.0,62.0,34.0,0.8082862,1.3611648,0.31746033,2.5434792,68.92444,1
44b6_996155de,921233,62,9.0,4.0,67.0,0.80659276,3.4589868,0.14285715,2.5434792,68.92444,0
44b6_996155de,921234,62,10.0,23.0,44.0,0.75866187,1.8250124,0.15873016,2.5401762,68.65625,0
44b6_996155de,921235,62,16.0,44.0,62.0,0.70816636,2.226985,0.25396827,2.5434792,68.92444,0
44b6_996155de,921236,62,7.0,43.0,81.0,0.7038812,2.0461843,0.11111111,2.5434792,68.92444,0
44b6_996155de,921237,62,58.0,90.0,7.0,0.6297261,5.4882755,0.9206349,2.5434792,68.92444,0
44b6_996155de,921238,62,40.0,168.0,54.0,0.6266672,4.23692,0.63492066,2.5434792,68.92444,1
44b6_996155de,921239,62,3.0,197.0,182.0,0.617814,2.8047366,0.04761905,2.5401762,68.65625,0
44b6_996155de,921240,62,34.0,25.0,21.0,0.55586475,1.759725,0.53968257,2.493,64.90161,0
44b6_996155de,921241,62,47.0,179.0,66.0,0.54339623,4.6901565,0.74603176,2.5434792,68.92444,0
44b6_996155de,921242,62,36.0,103.0,13.0,0.52804494,4.0831304,0.5714286,2.5434792,68.92444,0
44b6_996155de,921243,62,44.0,241.0,221.0,0.5224898,2.8413975,0.6984127,2.5434792,68.92444,1
44b6_996155de,921244,62,16.0,72.0,97.0,0.50715315,1.7125801,0.25396827,2.5434792,68.92444,0
44b6_996155de,921245,62,20.0,174.0,49.0,0.5109047,4.3237395,0.31746033,2.5434792,68.92444,1
44b6_996155de,921246,62,55.0,53.0,23.0,0.49561706,0.84863096,0.8730159,2.5368643,68.38806,0
44b6_996155de,921247,62,48.0,121.0,34.0,0.48553947,5.397816,0.7619048,2.5434792,68.92444,0
44b6_996155de,921248,62,34.0,232.0,218.0,0.47754204,2.7094746,0.53968257,2.5434792,68.92444,1
44b6_996155de,921249,62,32.0,178.0,55.0,0.46594477,2.046402,0.50793654,2.5401762,68.65625,2
44b6_996155de,921250,62,45.0,71.0,65.0,0.4424051,2.6166034,0.71428573,2.5434792,68.92444,1
44b6_996155de,921251,62,14.0,244.0,230.0,0.4359078,4.019359,0.22222222,2.5401762,68.65625,0
44b6_996155de,921252,62,43.0,60.0,40.0,0.4219294,1.840864,0.6825397,2.5368643,68.38806,0
44b6_996155de,921253,62,18.0,170.0,179.0,0.42631721,3.2971501,0.2857143,2.5434792,68.92444,0
44b6_996155de,921254,62,52.0,171.0,34.0,0.42885005,6.640063,0.82539684,2.5434792,68.92444,0
44b6_996155de,921255,62,11.0,124.0,12.0,0.41697136,1.4088935,0.17460318,2.5235295,67.31531,0
44b6_996155de,921256,62,56.0,139.0,127.0,0.42817461,4.519714,0.8888889,2.5434792,68.92444,0
44b6_996155de,921257,62,42.0,141.0,40.0,0.4085016,3.9490983,0.6666667,2.5434792,68.92444,0
44b6_996155de,921258,62,50.0,70.0,51.0,0.3876098,1.8989909,0.7936508,2.5434792,68.92444,1
44b6_996155de,921259,62,21.0,155.0,32.0,0.38243154,3.4505115,0.33333334,2.5434792,68.92444,0
44b6_996155de,921260,62,32.0,59.0,58.0,0.38054475,1.9668862,0.50793654,2.5201738,67.04712,0
44b6_996155de,921261,62,27.0,67.0,76.0,0.37422606,1.6932279,0.42857143,2.5401762,68.65625,0
44b6_996155de,921262,62,20.0,192.0,64.0,0.35997847,2.6420996,0.31746033,2.5434792,68.92444,1
44b6_996155de,921263,62,41.0,185.0,177.0,0.36093774,3.6407979,0.6507937,2.5434792,68.92444,0
44b6_996155de,921264,62,14.0,197.0,57.0,0.33989918,2.1241322,0.22222222,2.5368643,68.38806,1
44b6_996155de,921265,62,32.0,170.0,27.0,0.32221815,3.1097584,0.50793654,2.5302145,67.851685,0
44b6_996155de,921266,62,26.0,197.0,190.0,0.31276217,4.273988,0.41269842,2.5434792,68.92444,0
44b6_996155de,921267,63,5.0,221.0,211.0,2.297658,3.342688,0.07936508,2.5434792,68.92444,0
44b6_996155de,921268,63,20.0,132.0,149.0,1.442968,3.2778788,0.31746033,2.5434792,68.92444,0
44b6_996155de,921269,63,14.0,21.0,16.0,1.127744,2.143078,0.22222222,2.5434792,68.92444,0
44b6_996155de,921270,63,14.0,77.0,54.0,1.1037906,2.4201324,0.22222222,2.5401762,68.65625,1
44b6_996155de,921271,63,12.0,70.0,38.0,1.0027703,3.2479856,0.1904762,2.5401762,68.65625,1
44b6_996155de,921272,63,11.0,60.0,17.0,0.9687639,1.8559206,0.17460318,2.5368643,68.38806,0
44b6_996155de,921273,63,5.0,84.0,59.0,0.96517634,1.4336058,0.07936508,2.5368643,68.38806,1
44b6_996155de,921274,63,10.0,81.0,5.0,0.9285956,1.3131007,0.15873016,2.5434792,68.92444,0
44b6_996155de,921275,63,6.0,49.0,50.0,0.89438367,2.7835224,0.0952381,2.5434792,68.92444,0
44b6_996155de,921276,63,8.0,6.0,70.0,0.7952451,3.1621253,0.12698413,2.5434792,68.92444,0
44b6_996155de,921277,63,21.0,62.0,36.0,0.78389496,1.3769394,0.33333334,2.5434792,68.92444,1
44b6_996155de,921278,63,9.0,27.0,46.0,0.7751218,2.2273629,0.14285715,2.5401762,68.65625,2
44b6_996155de,921279,63,30.0,10.0,10.0,0.72314316,1.5073473,0.47619048,2.499849,65.43799,0
44b6_996155de,921280,63,18.0,37.0,52.0,0.6900962,1.6693898,0.2857143,2.5401762,68.65625,1
44b6_996155de,921281,63,18.0,24.0,44.0,0.6556787,0.934724,0.2857143,2.5368643,68.38806,1
44b6_996155de,921282,63,57.0,89.0,8.0,0.6089225,4.9763656,0.9047619,2.5434792,68.92444,0
44b6_996155de,921283,63,40.0,167.0,55.0,0.59633166,3.892655,0.63492066,2.5434792,68.92444,1
44b6_996155de,921284,63,4.0,194.0,181.0,0.586675,2.9664438,0.06349207,2.5434792,68.92444,0
44b6_996155de,921285,63,34.0,25.0,22.0,0.5745002,2.0935838,0.53968257,2.5201738,67.04712,0
44b6_996155de,921286,63,27.0,253.0,229.0,0.56484413,4.6258235,0.42857143,2.4687274,63.024292,0
44b6_996155de,921287,63,19.0,172.0,47.0,0.55957466,5.2755394,0.3015873,2.5434792,68.92444,0
44b6_996155de,921288,63,47.0,179.0,68.0,0.55659646,5.2213254,0.74603176,2.5434792,68.92444,0
44b6_996155de,921289,63,45.0,240.0,222.0,0.5385018,3.1953645,0.71428573,2.5434792,68.92444,1
44b6_996155de,921290,63,35.0,102.0,11.0,0.5111691,3.8668525,0.5555556,2.5434792,68.92444,0
44b6_996155de,921291,63,16.0,73.0,98.0,0.49655923,1.8868569,0.25396827,2.5434792,68.92444,0
44b6_996155de,921292,63,13.0,245.0,232.0,0.4670166,4.5392175,0.20634921,2.5434792,68.92444,0
44b6_996155de,921293,63,48.0,121.0,33.0,0.4623033,5.2686515,0.7619048,2.5434792,68.92444,0
44b6_996155de,921294,63,11.0,122.0,11.0,0.45135206,1.281382,0.17460318,2.5302145,67.851685,0
44b6_996155de,921295,63,34.0,233.0,219.0,0.4513594,2.4022255,0.53968257,2.5401762,68.65625,1
44b6_996155de,921296,63,33.0,177.0,54.0,0.44804832,2.001986,0.52380955,2.5434792,68.92444,1
44b6_996155de,921297,63,56.0,142.0,130.0,0.44690797,4.5329013,0.8888889,2.5434792,68.92444,0
44b6_996155de,921298,63,45.0,72.0,67.0,0.4397939,2.627445,0.71428573,2.5434792,68.92444,1
44b6_996155de,921299,63,42.0,60.0,43.0,0.43179893,2.2335453,0.6666667,2.5401762,68.65625,0
44b6_996155de,921300,63,42.0,141.0,40.0,0.4342804,4.371985,0.6666667,2.5434792,68.92444,0
44b6_996155de,921301,63,25.0,149.0,154.0,0.42439857,0.8202699,0.3968254,2.5201738,67.04712,0
44b6_996155de,921302,63,16.0,170.0,180.0,0.42071557,3.3144393,0.25396827,2.5434792,68.92444,0
44b6_996155de,921303,63,52.0,170.0,34.0,0.40809533,6.562883,0.82539684,2.5434792,68.92444,0
44b6_996155de,921304,63,18.0,193.0,63.0,0.39771676,2.92235,0.2857143,2.5434792,68.92444,0
44b6_996155de,921305,63,50.0,71.0,53.0,0.37347478,1.68493,0.7936508,2.5434792,68.92444,1
44b6_996155de,921306,63,21.0,153.0,30.0,0.3707217,3.4589353,0.33333334,2.5434792,68.92444,0
44b6_996155de,921307,63,31.0,58.0,58.0,0.36820105,1.4228244,0.4920635,2.5434792,68.92444,0
44b6_996155de,921308,63,27.0,67.0,77.0,0.36612585,2.0090165,0.42857143,2.5401762,68.65625,0
44b6_996155de,921309,63,61.0,109.0,89.0,0.3528141,3.5239825,0.96825397,2.4687274,63.024292,0
44b6_996155de,921310,63,42.0,186.0,179.0,0.33927757,3.476744,0.6666667,2.5434792,68.92444,0
44b6_996155de,921311,63,26.0,198.0,191.0,0.33938283,4.5672336,0.41269842,2.5434792,68.92444,0
44b6_996155de,921312,64,6.0,220.0,210.0,2.2206323,3.3693671,0.0952381,2.5434792,68.92444,0
44b6_996155de,921313,64,20.0,132.0,148.0,1.4678364,3.2496724,0.31746033,2.5434792,68.92444,0
44b6_996155de,921314,64,13.0,21.0,9.0,1.1276436,2.1397111,0.20634921,2.5401762,68.65625,0
44b6_996155de,921315,64,13.0,76.0,54.0,1.1305703,2.616687,0.20634921,2.5434792,68.92444,1
44b6_996155de,921316,64,11.0,62.0,17.0,1.0546802,2.3087728,0.17460318,2.5401762,68.65625,0
44b6_996155de,921317,64,12.0,70.0,38.0,1.0112082,2.8804681,0.1904762,2.5434792,68.92444,0
44b6_996155de,921318,64,6.0,84.0,60.0,0.97310036,1.5823784,0.0952381,2.5401762,68.65625,1
44b6_996155de,921319,64,10.0,81.0,7.0,0.942968,1.276224,0.15873016,2.5434792,68.92444,0
44b6_996155de,921320,64,7.0,52.0,51.0,0.8735824,3.1264439,0.11111111,2.5434792,68.92444,0
44b6_996155de,921321,64,8.0,8.0,70.0,0.8234515,2.7373435,0.12698413,2.5434792,68.92444,0
44b6_996155de,921322,64,29.0,7.0,6.0,0.7776081,1.5136954,0.46031746,2.5434792,68.92444,0
44b6_996155de,921323,64,9.0,28.0,45.0,0.7663754,2.2283905,0.14285715,2.5401762,68.65625,1
44b6_996155de,921324,64,18.0,37.0,52.0,0.7018818,2.029698,0.2857143,2.5368643,68.38806,1
44b6_996155de,921325,64,39.0,168.0,56.0,0.6593128,3.6428366,0.61904764,2.5434792,68.92444,0
44b6_996155de,921326,64,57.0,89.0,9.0,0.6078041,4.4515514,0.9047619,2.5434792,68.92444,0
44b6_996155de,921327,64,34.0,25.0,22.0,0.5755867,2.1320262,0.53968257,2.5134354,66.51074,0
44b6_996155de,921328,64,44.0,179.0,68.0,0.5769816,4.0894837,0.6984127,2.5434792,68.92444,0
44b6_996155de,921329,64,46.0,50.0,30.0,0.5490884,2.2884836,0.73015875,2.5434792,68.92444,0
44b6_996155de,921330,64,3.0,196.0,182.0,0.5436665,2.6129792,0.04761905,2.5401762,68.65625,0
44b6_996155de,921331,64,19.0,172.0,47.0,0.5516164,5.1476445,0.3015873,2.5434792,68.92444,0
44b6_996155de,921332,64,35.0,104.0,14.0,0.53301764,3.9665022,0.5555556,2.5434792,68.92444,0
44b6_996155de,921333,64,45.0,241.0,221.0,0.50722414,3.0541344,0.71428573,2.5434792,68.92444,2
44b6_996155de,921334,64,16.0,73.0,98.0,0.49663022,2.1772418,0.25396827,2.5434792,68.92444,0
44b6_996155de,921335,64,34.0,233.0,218.0,0.48457527,2.963201,0.53968257,2.5401762,68.65625,1
44b6_996155de,921336,64,56.0,146.0,131.0,0.4700854,4.5474563,0.8888889,2.5434792,68.92444,0
44b6_996155de,921337,64,10.0,121.0,9.0,0.4567457,1.0177712,0.15873016,2.5302145,67.851685,0
44b6_996155de,921338,64,13.0,247.0,232.0,0.4650466,4.345566,0.20634921,2.5434792,68.92444,0
44b6_996155de,921339,64,48.0,121.0,33.0,0.46484596,5.759913,0.7619048,2.5434792,68.92444,0
44b6_996155de,921340,64,17.0,171.0,180.0,0.44103223,3.4160998,0.26984128,2.5434792,68.92444,0
44b6_996155de,921341,64,44.0,72.0,66.0,0.43406263,2.732064,0.6984127,2.5434792,68.92444,1
44b6_996155de,921342,64,42.0,60.0,43.0,0.42657417,1.9848012,0.6666667,2.5368643,68.38806,0
44b6_996155de,921343,64,41.0,143.0,40.0,0.42311385,3.823023,0.6507937,2.5434792,68.92444,0
44b6_996155de,921344,64,51.0,170.0,34.0,0.42389938,6.5375247,0.8095238,2.5434792,68.92444,0
44b6_996155de,921345,64,26.0,152.0,156.0,0.41462204,1.5925076,0.41269842,2.5401762,68.65625,0
44b6_996155de,921346,64,15.0,194.0,60.0,0.38954553,2.7503173,0.23809524,2.5434792,68.92444,0
44b6_996155de,921347,64,20.0,154.0,30.0,0.3895333,3.9539075,0.31746033,2.5434792,68.92444,0
44b6_996155de,921348,64,31.0,58.0,56.0,0.38421798,1.2427635,0.4920635,2.5268764,67.583496,0
44b6_996155de,921349,64,40.0,251.0,222.0,0.37766927,1.0503359,0.63492066,2.5201738,67.04712,1
44b6_996155de,921350,64,26.0,200.0,192.0,0.3577295,4.6645575,0.41269842,2.5434792,68.92444,0
44b6_996155de,921351,64,41.0,188.0,179.0,0.35472435,3.7750103,0.6507937,2.5434792,68.92444,0
44b6_996155de,921352,64,51.0,72.0,53.0,0.35013092,1.7522678,0.8095238,2.5434792,68.92444,1
44b6_996155de,921353,64,27.0,67.0,76.0,0.34788683,1.9687104,0.42857143,2.5434792,68.92444,0
44b6_996155de,921354,64,60.0,110.0,90.0,0.34100085,3.4487681,0.95238096,2.5401762,68.65625,0
44b6_996155de,921355,65,6.0,219.0,210.0,2.0473754,3.329256,0.0952381,2.5434792,68.92444,0
44b6_996155de,921356,65,21.0,133.0,149.0,1.5407068,3.3943498,0.33333334,2.5434792,68.92444,0
44b6_996155de,921357,65,14.0,20.0,13.0,1.1042289,2.3221707,0.22222222,2.5401762,68.65625,1
44b6_996155de,921358,65,11.0,62.0,19.0,1.0876662,2.5773752,0.17460318,2.5434792,68.92444,1
44b6_996155de,921359,65,12.0,79.0,56.0,1.0834348,2.1704485,0.1904762,2.5434792,68.92444,0
44b6_996155de,921360,65,12.0,70.0,39.0,1.0320314,3.2986174,0.1904762,2.5401762,68.65625,0
44b6_996155de,921361,65,10.0,82.0,6.0,0.98972666,1.5228003,0.15873016,2.5434792,68.92444,0
44b6_996155de,921362,65,13.0,23.0,25.0,0.98013115,2.0315084,0.20634921,2.5401762,68.65625,1
44b6_996155de,921363,65,4.0,61.0,16.0,0.8948315,0.5474746,0.06349207,2.429591,60.07422,1
44b6_996155de,921364,65,8.0,54.0,51.0,0.90424347,3.6309035,0.12698413,2.5434792,68.92444,0
44b6_996155de,921365,65,8.0,10.0,71.0,0.85703444,2.6180904,0.12698413,2.5434792,68.92444,1
44b6_996155de,921366,65,7.0,7.0,58.0,0.78656244,2.1859431,0.11111111,2.5434792,68.92444,1
44b6_996155de,921367,65,30.0,10.0,10.0,0.7577613,1.6391338,0.47619048,2.5201738,67.04712,0
44b6_996155de,921368,65,9.0,28.0,42.0,0.73230064,1.8812151,0.14285715,2.5401762,68.65625,0
44b6_996155de,921369,65,8.0,44.0,82.0,0.6994714,1.8848133,0.12698413,2.5434792,68.92444,0
44b6_996155de,921370,65,39.0,168.0,56.0,0.70580965,3.9708948,0.61904764,2.5434792,68.92444,0
44b6_996155de,921371,65,19.0,37.0,51.0,0.67765456,2.368855,0.3015873,2.5434792,68.92444,0
44b6_996155de,921372,65,60.0,48.0,13.0,0.66028154,1.8833486,0.95238096,2.5401762,68.65625,1
44b6_996155de,921373,65,19.0,51.0,68.0,0.6046399,1.7874364,0.3015873,2.5434792,68.92444,0
44b6_996155de,921374,65,34.0,24.0,22.0,0.58300906,1.7348744,0.53968257,2.5032594,65.70618,0
44b6_996155de,921375,65,57.0,90.0,10.0,0.59092575,4.836266,0.9047619,2.5434792,68.92444,0
44b6_996155de,921376,65,44.0,179.0,68.0,0.5903751,4.092436,0.6984127,2.5434792,68.92444,0
44b6_996155de,921377,65,19.0,172.0,46.0,0.5497687,4.8787246,0.3015873,2.5434792,68.92444,0
44b6_996155de,921378,65,3.0,197.0,183.0,0.53396225,2.8611627,0.04761905,2.5401762,68.65625,0
44b6_996155de,921379,65,61.0,178.0,63.0,0.5401258,7.460524,0.96825397,2.4687274,63.024292,0
44b6_996155de,921380,65,34.0,105.0,15.0,0.5250398,4.0042205,0.53968257,2.5434792,68.92444,0
44b6_996155de,921381,65,55.0,53.0,23.0,0.4976825,0.7882266,0.8730159,2.4964292,65.1698,1
44b6_996155de,921382,65,33.0,233.0,218.0,0.49370825,3.581742,0.52380955,2.5434792,68.92444,0
44b6_996155de,921383,65,16.0,73.0,98.0,0.48401734,2.1125026,0.25396827,2.5434792,68.92444,0
44b6_996155de,921384,65,13.0,249.0,234.0,0.4739422,3.9185452,0.20634921,2.5434792,68.92444,0
44b6_996155de,921385,65,45.0,242.0,222.0,0.4710643,3.0761063,0.71428573,2.5434792,68.92444,0
44b6_996155de,921386,65,47.0,122.0,33.0,0.46393558,5.399382,0.74603176,2.5434792,68.92444,0
44b6_996155de,921387,65,55.0,149.0,134.0,0.45735508,4.437246,0.8730159,2.5434792,68.92444,0
44b6_996155de,921388,65,10.0,120.0,9.0,0.4414091,0.8373594,0.15873016,2.5066607,65.974365,0
44b6_996155de,921389,65,40.0,141.0,39.0,0.43545502,4.139521,0.63492066,2.5434792,68.92444,0
44b6_996155de,921390,65,44.0,72.0,66.0,0.4337102,2.5944312,0.6984127,2.5434792,68.92444,1
44b6_996155de,921391,65,16.0,171.0,181.0,0.4341409,3.3794277,0.25396827,2.5434792,68.92444,0
44b6_996155de,921392,65,42.0,60.0,43.0,0.39795414,1.5443661,0.6666667,2.5401762,68.65625,0
44b6_996155de,921393,65,51.0,170.0,35.0,0.40396202,6.304774,0.8095238,2.5434792,68.92444,0
44b6_996155de,921394,65,41.0,190.0,181.0,0.3900815,4.0544343,0.6507937,2.5401762,68.65625,0
44b6_996155de,921395,65,13.0,191.0,49.0,0.38457528,2.7623315,0.20634921,2.5434792,68.92444,2
44b6_996155de,921396,65,15.0,194.0,59.0,0.37533954,2.5595832,0.23809524,2.5434792,68.92444,2
44b6_996155de,921397,65,14.0,193.0,55.0,0.37005356,2.2816656,0.22222222,2.5434792,68.92444,2
44b6_996155de,921398,65,17.0,155.0,27.0,0.37108633,3.7948012,0.26984128,2.5434792,68.92444,0
44b6_996155de,921399,65,25.0,200.0,192.0,0.37268925,4.838944,0.3968254,2.5434792,68.92444,0
44b6_996155de,921400,65,51.0,73.0,56.0,0.36254802,1.6820827,0.8095238,2.5434792,68.92444,1
44b6_996155de,921401,65,27.0,68.0,78.0,0.35543644,1.9856695,0.42857143,2.5434792,68.92444,0
44b6_996155de,921402,65,60.0,111.0,91.0,0.34139395,3.5414073,0.95238096,2.5401762,68.65625,0
44b6_996155de,921403,65,55.0,163.0,10.0,0.33788267,5.3150477,0.8730159,2.5434792,68.92444,0
44b6_996155de,921404,65,56.0,245.0,210.0,0.30095196,2.0222669,0.8888889,2.5434792,68.92444,0
44b6_996155de,921405,65,51.0,96.0,85.0,0.29000562,2.5753465,0.8095238,2.5401762,68.65625,0
44b6_996155de,921406,66,6.0,222.0,213.0,2.1687202,3.607377,0.0952381,2.5434792,68.92444,0
44b6_996155de,921407,66,22.0,133.0,149.0,1.5101485,3.2797394,0.34920636,2.5434792,68.92444,0
44b6_996155de,921408,66,14.0,71.0,39.0,1.1567482,3.2767978,0.22222222,2.5434792,68.92444,0
44b6_996155de,921409,66,12.0,81.0,57.0,1.1046717,1.9326104,0.1904762,2.5434792,68.92444,1
44b6_996155de,921410,66,7.0,84.0,61.0,1.081367,1.8602291,0.11111111,2.5434792,68.92444,1
44b6_996155de,921411,66,14.0,21.0,11.0,1.0879695,2.3726816,0.22222222,2.5401762,68.65625,1
44b6_996155de,921412,66,10.0,61.0,52.0,1.0574235,3.3449988,0.15873016,2.5434792,68.92444,0
44b6_996155de,921413,66,11.0,64.0,20.0,1.0308518,2.2095451,0.17460318,2.5434792,68.92444,0
44b6_996155de,921414,66,10.0,83.0,6.0,1.0003206,1.5621638,0.15873016,2.5434792,68.92444,0
44b6_996155de,921415,66,13.0,24.0,25.0,0.9823973,2.1655886,0.20634921,2.5401762,68.65625,1
44b6_996155de,921416,66,8.0,11.0,73.0,0.8885422,2.5702927,0.12698413,2.5434792,68.92444,0
44b6_996155de,921417,66,30.0,9.0,8.0,0.7710252,1.4091605,0.47619048,2.5368643,68.38806,0
44b6_996155de,921418,66,8.0,44.0,82.0,0.7091428,2.5278678,0.12698413,2.5434792,68.92444,0
44b6_996155de,921419,66,19.0,38.0,53.0,0.6897756,2.721558,0.3015873,2.5434792,68.92444,0
44b6_996155de,921420,66,39.0,169.0,55.0,0.6955608,4.112515,0.61904764,2.5434792,68.92444,0
44b6_996155de,921421,66,60.0,49.0,14.0,0.6575177,1.5997423,0.95238096,2.5368643,68.38806,1
44b6_996155de,921422,66,35.0,24.0,19.0,0.61371654,0.92018914,0.5555556,2.4791882,63.828857,0
44b6_996155de,921423,66,19.0,50.0,67.0,0.61576486,1.7868418,0.3015873,2.5434792,68.92444,0
44b6_996155de,921424,66,57.0,94.0,12.0,0.6023738,4.9572625,0.9047619,2.5434792,68.92444,0
44b6_996155de,921425,66,35.0,107.0,19.0,0.54767394,4.03528,0.5555556,2.5434792,68.92444,0
44b6_996155de,921426,66,45.0,181.0,68.0,0.5491227,4.4905586,0.71428573,2.5434792,68.92444,0
44b6_996155de,921427,66,19.0,173.0,45.0,0.5410469,5.0574784,0.3015873,2.5434792,68.92444,0
44b6_996155de,921428,66,4.0,196.0,183.0,0.52894795,2.9346354,0.06349207,2.5434792,68.92444,0
44b6_996155de,921429,66,54.0,54.0,23.0,0.50492126,0.559151,0.85714287,2.4040146,58.1969,1
44b6_996155de,921430,66,15.0,75.0,100.0,0.5060984,1.5282761,0.23809524,2.5434792,68.92444,0
44b6_996155de,921431,66,45.0,241.0,222.0,0.4884492,3.5112877,0.71428573,2.5434792,68.92444,1
44b6_996155de,921432,66,33.0,235.0,219.0,0.46961063,3.236552,0.52380955,2.5434792,68.92444,1
44b6_996155de,921433,66,54.0,149.0,134.0,0.4619362,4.4621215,0.85714287,2.5434792,68.92444,0
44b6_996155de,921434,66,17.0,173.0,182.0,0.4529917,3.1357136,0.26984128,2.5434792,68.92444,0
44b6_996155de,921435,66,13.0,250.0,235.0,0.4465066,3.8319857,0.20634921,2.5434792,68.92444,0
44b6_996155de,921436,66,11.0,121.0,12.0,0.4389692,1.2434369,0.17460318,2.5335438,68.11987,0
44b6_996155de,921437,66,45.0,74.0,68.0,0.4253383,2.5587182,0.71428573,2.5434792,68.92444,1
44b6_996155de,921438,66,49.0,122.0,33.0,0.41841763,4.856715,0.7777778,2.5434792,68.92444,0
44b6_996155de,921439,66,40.0,143.0,39.0,0.40853828,4.1916823,0.63492066,2.5434792,68.92444,0
44b6_996155de,921440,66,42.0,61.0,44.0,0.3953185,1.6163586,0.6666667,2.5401762,68.65625,0
44b6_996155de,921441,66,52.0,172.0,35.0,0.37295598,6.181298,0.82539684,2.5434792,68.92444,0
44b6_996155de,921442,66,52.0,76.0,58.0,0.36717325,1.9678328,0.82539684,2.5434792,68.92444,1
44b6_996155de,921443,66,26.0,160.0,161.0,0.3674253,3.6446354,0.41269842,2.5434792,68.92444,0
44b6_996155de,921444,66,26.0,202.0,193.0,0.36326993,4.402561,0.41269842,2.5401762,68.65625,0
44b6_996155de,921445,66,14.0,193.0,49.0,0.3579889,2.578166,0.22222222,2.5434792,68.92444,0
44b6_996155de,921446,66,16.0,155.0,26.0,0.3512248,3.4576378,0.25396827,2.5434792,68.92444,0
44b6_996155de,921447,66,42.0,191.0,182.0,0.3506742,4.2606807,0.6666667,2.5434792,68.92444,0
44b6_996155de,921448,66,61.0,112.0,93.0,0.3428235,3.5016363,0.96825397,2.4687274,63.024292,0
44b6_996155de,921449,66,56.0,165.0,10.0,0.34395662,5.575537,0.8888889,2.5434792,68.92444,0
44b6_996155de,921450,66,28.0,68.0,78.0,0.34008515,1.8739337,0.44444445,2.5434792,68.92444,0
44b6_996155de,921451,67,7.0,224.0,215.0,2.0001519,3.2177167,0.11111111,2.5434792,68.92444,0
44b6_996155de,921452,67,23.0,134.0,152.0,1.698698,3.518619,0.36507937,2.5434792,68.92444,0
44b6_996155de,921453,67,14.0,69.0,37.0,1.1701906,2.7326298,0.22222222,2.5434792,68.92444,0
44b6_996155de,921454,67,42.0,34.0,4.0,1.1395442,1.8886441,0.6666667,2.5434792,68.92444,1
44b6_996155de,921455,67,43.0,46.0,7.0,1.1311626,2.3056514,0.6825397,2.5434792,68.92444,1
44b6_996155de,921456,67,12.0,63.0,23.0,1.1257225,2.3852315,0.1904762,2.5434792,68.92444,1
44b6_996155de,921457,67,5.0,84.0,61.0,1.0891296,1.8953506,0.07936508,2.5401762,68.65625,1
44b6_996155de,921458,67,14.0,21.0,14.0,1.0764287,2.2893333,0.22222222,2.5434792,68.92444,1
44b6_996155de,921459,67,13.0,77.0,56.0,1.0446811,1.8632252,0.20634921,2.5401762,68.65625,1
44b6_996155de,921460,67,11.0,61.0,51.0,1.032068,2.56044,0.17460318,2.5434792,68.92444,0
44b6_996155de,921461,67,13.0,26.0,26.0,1.0269706,2.1034696,0.20634921,2.5401762,68.65625,1
44b6_996155de,921462,67,6.0,15.0,76.0,1.009243,2.1711936,0.0952381,2.5434792,68.92444,0
44b6_996155de,921463,67,2.0,62.0,17.0,0.95342433,0.9359416,0.031746034,2.4403894,60.878784,1
44b6_996155de,921464,67,9.0,82.0,4.0,0.9055087,1.3847674,0.14285715,2.5401762,68.65625,0
44b6_996155de,921465,67,31.0,10.0,11.0,0.72492474,1.1649864,0.4920635,2.475711,63.56067,0
44b6_996155de,921466,67,19.0,35.0,51.0,0.6983726,2.2395432,0.3015873,2.5368643,68.38806,0
44b6_996155de,921467,67,60.0,49.0,15.0,0.6769556,1.6383218,0.95238096,2.5401762,68.65625,1
44b6_996155de,921468,67,8.0,44.0,85.0,0.6875266,4.354983,0.12698413,2.5434792,68.92444,0
44b6_996155de,921469,67,58.0,73.0,4.0,0.67112297,1.8592196,0.9206349,2.5434792,68.92444,0
44b6_996155de,921470,67,18.0,50.0,70.0,0.64717954,2.2559488,0.2857143,2.5434792,68.92444,0
44b6_996155de,921471,67,39.0,166.0,54.0,0.6518929,4.068984,0.61904764,2.5434792,68.92444,0
44b6_996155de,921472,67,55.0,93.0,13.0,0.5859041,5.995446,0.8730159,2.5434792,68.92444,0
44b6_996155de,921473,67,45.0,181.0,69.0,0.54838115,5.409752,0.71428573,2.5434792,68.92444,0
44b6_996155de,921474,67,55.0,53.0,26.0,0.5326506,0.74773043,0.8730159,2.5235295,67.31531,1
44b6_996155de,921475,67,61.0,180.0,64.0,0.53246886,6.502965,0.96825397,2.4687274,63.024292,0
44b6_996155de,921476,67,19.0,172.0,45.0,0.5238529,5.4919176,0.3015873,2.5434792,68.92444,0
44b6_996155de,921477,67,14.0,75.0,103.0,0.5127377,1.1586316,0.22222222,2.5401762,68.65625,0
44b6_996155de,921478,67,34.0,105.0,16.0,0.51770556,3.774932,0.53968257,2.5401762,68.65625,0
44b6_996155de,921479,67,5.0,196.0,185.0,0.5061571,2.9409938,0.07936508,2.5434792,68.92444,0
44b6_996155de,921480,67,45.0,241.0,223.0,0.49675503,3.7252994,0.71428573,2.5434792,68.92444,1
44b6_996155de,921481,67,33.0,236.0,221.0,0.47435334,3.0198636,0.52380955,2.5335438,68.11987,1
44b6_996155de,921482,67,55.0,149.0,136.0,0.46805665,4.633722,0.8730159,2.5434792,68.92444,0
44b6_996155de,921483,67,11.0,118.0,11.0,0.44619584,1.2273554,0.17460318,2.5302145,67.851685,0
44b6_996155de,921484,67,45.0,73.0,70.0,0.4377163,2.5191238,0.71428573,2.5434792,68.92444,0
44b6_996155de,921485,67,49.0,119.0,32.0,0.42750657,5.095193,0.7777778,2.5434792,68.92444,0
44b6_996155de,921486,67,17.0,173.0,183.0,0.42486113,2.2340796,0.26984128,2.5434792,68.92444,0
44b6_996155de,921487,67,39.0,143.0,40.0,0.40805128,4.156583,0.61904764,2.5434792,68.92444,0
44b6_996155de,921488,67,41.0,62.0,49.0,0.40220007,2.371244,0.6507937,2.5368643,68.38806,0
44b6_996155de,921489,67,25.0,201.0,193.0,0.3834055,4.886653,0.3968254,2.5434792,68.92444,0
44b6_996155de,921490,67,15.0,152.0,25.0,0.34472752,3.3601472,0.23809524,2.5434792,68.92444,0
44b6_996155de,921491,67,51.0,172.0,36.0,0.3373394,5.735622,0.8095238,2.5434792,68.92444,0
44b6_996155de,921492,67,28.0,67.0,80.0,0.3303453,2.1196551,0.44444445,2.5434792,68.92444,0
44b6_996155de,921493,67,61.0,113.0,96.0,0.32568714,3.4085393,0.96825397,2.4687274,63.024292,0
44b6_996155de,921494,67,13.0,195.0,52.0,0.3198468,2.1289306,0.20634921,2.5335438,68.11987,0
44b6_996155de,921495,67,57.0,165.0,11.0,0.32275409,5.7083097,0.9047619,2.5434792,68.92444,0
44b6_996155de,921496,67,55.0,241.0,209.0,0.30951473,2.510046,0.8730159,2.5434792,68.92444,0
44b6_996155de,921497,67,42.0,192.0,185.0,0.30924797,3.8303764,0.6666667,2.5434792,68.92444,0
44b6_996155de,921498,68,7.0,224.0,215.0,2.0558062,3.2561023,0.11111111,2.5434792,68.92444,0
44b6_996155de,921499,68,24.0,134.0,152.0,1.6528203,3.5159955,0.3809524,2.5434792,68.92444,0
44b6_996155de,921500,68,42.0,46.0,6.0,1.2147517,2.5505602,0.6666667,2.5434792,68.92444,0
44b6_996155de,921501,68,12.0,62.0,24.0,1.1913956,2.326221,0.1904762,2.5434792,68.92444,2
44b6_996155de,921502,68,14.0,70.0,32.0,1.1539901,2.161304,0.22222222,2.5434792,68.92444,1
44b6_996155de,921503,68,14.0,23.0,14.0,1.1238087,2.5189946,0.22222222,2.5335438,68.11987,1
44b6_996155de,921504,68,13.0,78.0,57.0,1.116964,2.2513294,0.20634921,2.5401762,68.65625,1
44b6_996155de,921505,68,13.0,30.0,27.0,1.0766512,2.4278781,0.20634921,2.5434792,68.92444,1
44b6_996155de,921506,68,5.0,15.0,79.0,1.0622275,2.2850122,0.07936508,2.5434792,68.92444,0
44b6_996155de,921507,68,4.0,86.0,61.0,1.0479628,1.5410233,0.06349207,2.5434792,68.92444,1
44b6_996155de,921508,68,10.0,61.0,50.0,1.0247486,3.3269165,0.15873016,2.5434792,68.92444,0
44b6_996155de,921509,68,4.0,60.0,20.0,0.983775,0.8076439,0.06349207,2.5302145,67.851685,1
44b6_996155de,921510,68,10.0,83.0,4.0,0.96251863,1.6782291,0.15873016,2.5434792,68.92444,0
44b6_996155de,921511,68,29.0,8.0,11.0,0.8116169,1.8192389,0.46031746,2.5434792,68.92444,0
44b6_996155de,921512,68,19.0,36.0,54.0,0.7132565,2.5983443,0.3015873,2.5434792,68.92444,0
44b6_996155de,921513,68,58.0,73.0,5.0,0.67452955,1.9597269,0.9206349,2.5434792,68.92444,0
44b6_996155de,921514,68,8.0,44.0,86.0,0.67306364,4.603778,0.12698413,2.5434792,68.92444,0
44b6_996155de,921515,68,59.0,48.0,17.0,0.6611017,1.811416,0.93650794,2.5434792,68.92444,1
44b6_996155de,921516,68,38.0,166.0,54.0,0.6500991,3.9537385,0.6031746,2.5434792,68.92444,0
44b6_996155de,921517,68,19.0,50.0,72.0,0.63491917,2.4299445,0.3015873,2.5434792,68.92444,0
44b6_996155de,921518,68,55.0,93.0,14.0,0.5954555,6.020094,0.8730159,2.5434792,68.92444,0
44b6_996155de,921519,68,55.0,52.0,27.0,0.5362676,0.783679,0.8730159,2.5168092,66.77893,1
44b6_996155de,921520,68,60.0,179.0,63.0,0.5249459,6.6715198,0.95238096,2.5401762,68.65625,0
44b6_996155de,921521,68,44.0,181.0,69.0,0.5276632,5.0695457,0.6984127,2.5434792,68.92444,0
44b6_996155de,921522,68,34.0,106.0,14.0,0.5228862,3.7092378,0.53968257,2.5434792,68.92444,0
44b6_996155de,921523,68,5.0,196.0,186.0,0.51623964,2.8588512,0.07936508,2.5434792,68.92444,0
44b6_996155de,921524,68,19.0,171.0,45.0,0.5009593,5.5754213,0.3015873,2.5434792,68.92444,0
44b6_996155de,921525,68,11.0,114.0,8.0,0.48116878,0.907622,0.17460318,2.5335438,68.11987,0
44b6_996155de,921526,68,44.0,241.0,224.0,0.46637788,3.1105747,0.6984127,2.5434792,68.92444,1
44b6_996155de,921527,68,32.0,236.0,221.0,0.45723024,3.209563,0.50793654,2.5401762,68.65625,1
44b6_996155de,921528,68,44.0,72.0,69.0,0.44932336,2.7557664,0.6984127,2.5434792,68.92444,1
44b6_996155de,921529,68,55.0,147.0,136.0,0.43656853,4.1179347,0.8730159,2.5434792,68.92444,0
44b6_996155de,921530,68,49.0,121.0,33.0,0.424751,5.1973147,0.7777778,2.5434792,68.92444,0
44b6_996155de,921531,68,16.0,172.0,183.0,0.41388786,0.94675636,0.25396827,2.5434792,68.92444,0
44b6_996155de,921532,68,39.0,144.0,40.0,0.41104665,4.32387,0.61904764,2.5434792,68.92444,0
44b6_996155de,921533,68,40.0,63.0,52.0,0.4008761,2.0615602,0.63492066,2.5401762,68.65625,0
44b6_996155de,921534,68,25.0,202.0,195.0,0.38738224,4.218526,0.3968254,2.5434792,68.92444,0
44b6_996155de,921535,68,14.0,149.0,27.0,0.3745246,3.4259677,0.22222222,2.5434792,68.92444,0
44b6_996155de,921536,68,52.0,75.0,60.0,0.35106823,1.5755155,0.82539684,2.5434792,68.92444,1
44b6_996155de,921537,68,49.0,171.0,34.0,0.3498299,5.671113,0.7777778,2.5434792,68.92444,0
44b6_996155de,921538,68,56.0,165.0,12.0,0.33779702,5.637413,0.8888889,2.5434792,68.92444,0
44b6_996155de,921539,68,28.0,68.0,81.0,0.33766732,2.1928098,0.44444445,2.5434792,68.92444,0
44b6_996155de,921540,68,55.0,240.0,209.0,0.32543132,3.0260844,0.8730159,2.5434792,68.92444,0
44b6_996155de,921541,68,61.0,113.0,98.0,0.32268703,3.5501707,0.96825397,2.4687274,63.024292,0
44b6_996155de,921542,68,42.0,193.0,186.0,0.32350045,3.9730082,0.6666667,2.5434792,68.92444,0
44b6_996155de,921543,69,7.0,226.0,216.0,1.9743142,3.3379228,0.11111111,2.5434792,68.92444,0
44b6_996155de,921544,69,25.0,133.0,149.0,1.710758,3.8024542,0.3968254,2.5434792,68.92444,0
44b6_996155de,921545,69,12.0,65.0,25.0,1.3341116,2.425834,0.1904762,2.5434792,68.92444,1
44b6_996155de,921546,69,43.0,47.0,6.0,1.1715171,2.6217809,0.6825397,2.5434792,68.92444,0
44b6_996155de,921547,69,14.0,25.0,15.0,1.0916061,2.321014,0.22222222,2.5401762,68.65625,1
44b6_996155de,921548,69,13.0,32.0,28.0,1.0716443,2.3796098,0.20634921,2.5434792,68.92444,1
44b6_996155de,921549,69,4.0,61.0,19.0,1.0598905,0.94884956,0.06349207,2.5401762,68.65625,1
44b6_996155de,921550,69,10.0,63.0,48.0,1.0624598,3.187196,0.15873016,2.5401762,68.65625,0
44b6_996155de,921551,69,13.0,77.0,57.0,1.0582311,2.3626704,0.20634921,2.5368643,68.38806,1
44b6_996155de,921552,69,7.0,14.0,76.0,1.0454838,2.0835862,0.11111111,2.5434792,68.92444,0
44b6_996155de,921553,69,4.0,87.0,61.0,0.9765118,1.4678665,0.06349207,2.5368643,68.38806,1
44b6_996155de,921554,69,9.0,83.0,6.0,0.9656878,1.3517585,0.14285715,2.5434792,68.92444,0
44b6_996155de,921555,69,29.0,10.0,12.0,0.8309351,1.7610031,0.46031746,2.5401762,68.65625,0
44b6_996155de,921556,69,20.0,37.0,52.0,0.7132516,2.351555,0.31746033,2.5401762,68.65625,0
44b6_996155de,921557,69,38.0,168.0,54.0,0.6931307,4.0401807,0.6031746,2.5434792,68.92444,1
44b6_996155de,921558,69,59.0,49.0,18.0,0.66691136,2.1581688,0.93650794,2.5434792,68.92444,0
44b6_996155de,921559,69,8.0,46.0,86.0,0.67705506,4.667285,0.12698413,2.5434792,68.92444,0
44b6_996155de,921560,69,57.0,74.0,3.0,0.6599376,1.6023159,0.9047619,2.5368643,68.38806,0
44b6_996155de,921561,69,18.0,53.0,73.0,0.6521572,2.7401283,0.2857143,2.5434792,68.92444,0
44b6_996155de,921562,69,54.0,94.0,14.0,0.5968847,6.8451953,0.85714287,2.5434792,68.92444,0
44b6_996155de,921563,69,6.0,195.0,186.0,0.56373733,1.4645503,0.0952381,2.5401762,68.65625,0
44b6_996155de,921564,69,34.0,108.0,13.0,0.5341409,3.911828,0.53968257,2.5434792,68.92444,0
44b6_996155de,921565,69,43.0,180.0,67.0,0.5166973,3.8683245,0.6825397,2.5434792,68.92444,0
44b6_996155de,921566,69,19.0,172.0,45.0,0.5144556,5.127176,0.3015873,2.5401762,68.65625,0
44b6_996155de,921567,69,32.0,177.0,51.0,0.5068204,2.0369809,0.50793654,2.5434792,68.92444,1
44b6_996155de,921568,69,60.0,179.0,63.0,0.504346,6.537484,0.95238096,2.5401762,68.65625,0
44b6_996155de,921569,69,32.0,237.0,221.0,0.49807405,3.6187067,0.50793654,2.5434792,68.92444,1
44b6_996155de,921570,69,11.0,116.0,4.0,0.48547828,0.9591234,0.17460318,2.5235295,67.31531,0
44b6_996155de,921571,69,45.0,72.0,67.0,0.44513866,2.8339217,0.71428573,2.5434792,68.92444,1
44b6_996155de,921572,69,44.0,243.0,224.0,0.45031202,3.1025124,0.6984127,2.5434792,68.92444,1
44b6_996155de,921573,69,60.0,59.0,31.0,0.43572375,0.9910253,0.95238096,2.5134354,66.51074,0
44b6_996155de,921574,69,25.0,202.0,195.0,0.43743974,5.233819,0.3968254,2.5434792,68.92444,0
44b6_996155de,921575,69,38.0,144.0,39.0,0.4258938,4.6054335,0.6031746,2.5434792,68.92444,0
44b6_996155de,921576,69,40.0,62.0,48.0,0.41999117,1.9521381,0.63492066,2.5335438,68.11987,0
44b6_996155de,921577,69,49.0,120.0,32.0,0.42213005,5.0903387,0.7777778,2.5434792,68.92444,0
44b6_996155de,921578,69,56.0,148.0,139.0,0.40015173,3.304834,0.8888889,2.5401762,68.65625,0
44b6_996155de,921579,69,15.0,170.0,181.0,0.37942883,0.2543456,0.23809524,2.5168092,66.77893,0
44b6_996155de,921580,69,56.0,164.0,12.0,0.3773218,5.7647123,0.8888889,2.5434792,68.92444,0
44b6_996155de,921581,69,13.0,151.0,28.0,0.36172575,3.3204658,0.20634921,2.5368643,68.38806,0
44b6_996155de,921582,69,50.0,171.0,35.0,0.36297625,5.3385015,0.7936508,2.5434792,68.92444,0
44b6_996155de,921583,69,53.0,75.0,59.0,0.34571618,1.4980099,0.84126985,2.5434792,68.92444,1
44b6_996155de,921584,69,13.0,191.0,47.0,0.33042362,2.434322,0.20634921,2.5434792,68.92444,0
44b6_996155de,921585,69,28.0,69.0,81.0,0.32654724,1.9050385,0.44444445,2.5401762,68.65625,0
44b6_996155de,921586,69,55.0,240.0,208.0,0.32573965,3.2757857,0.8730159,2.5434792,68.92444,0
44b6_996155de,921587,69,42.0,193.0,186.0,0.31196928,3.884458,0.6666667,2.5434792,68.92444,0
44b6_996155de,921588,70,7.0,226.0,218.0,1.9247828,2.941985,0.11111111,2.5434792,68.92444,0
44b6_996155de,921589,70,28.0,131.0,149.0,1.680633,3.7885892,0.44444445,2.5434792,68.92444,0
44b6_996155de,921590,70,13.0,65.0,26.0,1.397778,2.4012527,0.20634921,2.5434792,68.92444,1
44b6_996155de,921591,70,6.0,58.0,20.0,1.1474954,1.2072397,0.0952381,2.5401762,68.65625,2
44b6_996155de,921592,70,43.0,45.0,7.0,1.130108,2.6267304,0.6825397,2.5434792,68.92444,0
44b6_996155de,921593,70,12.0,35.0,31.0,1.124565,2.6917021,0.1904762,2.5434792,68.92444,0
44b6_996155de,921594,70,10.0,62.0,46.0,1.105423,3.1559708,0.15873016,2.5434792,68.92444,0
44b6_996155de,921595,70,7.0,14.0,76.0,1.0683895,2.200152,0.11111111,2.5434792,68.92444,0
44b6_996155de,921596,70,9.0,54.0,10.0,1.0444756,1.2154944,0.14285715,2.5401762,68.65625,1
44b6_996155de,921597,70,15.0,26.0,16.0,1.0452757,2.2340155,0.23809524,2.5335438,68.11987,0
44b6_996155de,921598,70,12.0,77.0,58.0,1.02514,2.2588415,0.1904762,2.5434792,68.92444,0
44b6_996155de,921599,70,29.0,8.0,14.0,0.85919785,2.422511,0.46031746,2.5434792,68.92444,0
44b6_996155de,921600,70,20.0,38.0,56.0,0.7519517,2.9250479,0.31746033,2.5401762,68.65625,0
44b6_996155de,921601,70,58.0,72.0,4.0,0.6853143,1.8296024,0.9206349,2.5434792,68.92444,0
44b6_996155de,921602,70,38.0,165.0,54.0,0.6906762,4.3713326,0.6031746,2.5434792,68.92444,1
44b6_996155de,921603,70,59.0,47.0,19.0,0.66476274,2.0657547,0.93650794,2.5434792,68.92444,0
44b6_996155de,921604,70,7.0,46.0,88.0,0.67307836,4.7769494,0.11111111,2.5434792,68.92444,0
44b6_996155de,921605,70,18.0,52.0,75.0,0.6284071,2.4055839,0.2857143,2.5434792,68.92444,0
44b6_996155de,921606,70,55.0,93.0,15.0,0.60063136,6.6820107,0.8730159,2.5434792,68.92444,0
44b6_996155de,921607,70,19.0,170.0,44.0,0.54347456,5.1447554,0.3015873,2.5335438,68.11987,0
44b6_996155de,921608,70,34.0,108.0,14.0,0.51852286,4.0125494,0.53968257,2.5434792,68.92444,0
44b6_996155de,921609,70,32.0,236.0,223.0,0.5123437,3.744328,0.50793654,2.5434792,68.92444,1
44b6_996155de,921610,70,42.0,177.0,66.0,0.50544006,3.385019,0.6666667,2.5434792,68.92444,0
44b6_996155de,921611,70,60.0,177.0,64.0,0.49115813,6.7199697,0.95238096,2.5401762,68.65625,0
44b6_996155de,921612,70,12.0,115.0,5.0,0.4832611,1.2312998,0.1904762,2.5434792,68.92444,0
44b6_996155de,921613,70,33.0,175.0,50.0,0.4593887,1.7663604,0.52380955,2.5434792,68.92444,1
44b6_996155de,921614,70,45.0,241.0,225.0,0.46124613,3.3076365,0.71428573,2.5434792,68.92444,1
44b6_996155de,921615,70,45.0,71.0,69.0,0.4522404,3.198444,0.71428573,2.5434792,68.92444,1
44b6_996155de,921616,70,38.0,143.0,40.0,0.44870174,4.5853047,0.6031746,2.5434792,68.92444,0
44b6_996155de,921617,70,49.0,118.0,32.0,0.44061866,5.4391084,0.7777778,2.5434792,68.92444,0
44b6_996155de,921618,70,40.0,59.0,49.0,0.4319433,1.8172053,0.63492066,2.5401762,68.65625,0
44b6_996155de,921619,70,25.0,202.0,197.0,0.43636787,5.2404313,0.3968254,2.5434792,68.92444,0
44b6_996155de,921620,70,60.0,58.0,33.0,0.41695654,1.1044137,0.95238096,2.5268764,67.583496,0
44b6_996155de,921621,70,13.0,189.0,45.0,0.39218852,3.1538212,0.20634921,2.5401762,68.65625,0
44b6_996155de,921622,70,13.0,151.0,31.0,0.36814234,3.647466,0.20634921,2.5368643,68.38806,0
44b6_996155de,921623,70,24.0,155.0,160.0,0.35829723,2.9172895,0.3809524,2.5434792,68.92444,0
44b6_996155de,921624,70,50.0,169.0,35.0,0.33720726,4.339238,0.7936508,2.5434792,68.92444,0
44b6_996155de,921625,70,55.0,74.0,61.0,0.33540612,1.6480222,0.8730159,2.5434792,68.92444,1
44b6_996155de,921626,70,55.0,161.0,10.0,0.33387414,6.129439,0.8730159,2.5434792,68.92444,0
44b6_996155de,921627,70,56.0,238.0,209.0,0.32560998,3.496741,0.8888889,2.5434792,68.92444,0
44b6_996155de,921628,71,7.0,228.0,219.0,2.1076305,3.275282,0.11111111,2.5434792,68.92444,0
44b6_996155de,921629,71,30.0,134.0,151.0,1.5865256,3.4190578,0.47619048,2.5434792,68.92444,0
44b6_996155de,921630,71,13.0,66.0,25.0,1.4808165,2.5596704,0.20634921,2.5434792,68.92444,0
44b6_996155de,921631,71,43.0,45.0,9.0,1.1597338,2.5626976,0.6825397,2.5434792,68.92444,0
44b6_996155de,921632,71,38.0,28.0,5.0,1.1432543,2.6471999,0.6031746,2.5434792,68.92444,0
44b6_996155de,921633,71,12.0,39.0,32.0,1.1523677,2.5195835,0.1904762,2.5434792,68.92444,0
44b6_996155de,921634,71,10.0,62.0,46.0,1.1269902,3.3128486,0.15873016,2.5401762,68.65625,0
44b6_996155de,921635,71,12.0,55.0,12.0,1.1159804,1.4014634,0.1904762,2.5335438,68.11987,0
44b6_996155de,921636,71,8.0,14.0,76.0,1.0696793,2.1066115,0.12698413,2.5434792,68.92444,0
44b6_996155de,921637,71,15.0,30.0,20.0,1.0486919,1.9105729,0.23809524,2.5368643,68.38806,0
44b6_996155de,921638,71,12.0,77.0,57.0,1.0480826,2.3865771,0.1904762,2.5434792,68.92444,0
44b6_996155de,921639,71,19.0,11.0,2.0,0.9070975,3.3227408,0.3015873,2.4687274,63.024292,0
44b6_996155de,921640,71,29.0,8.0,15.0,0.844172,2.2880197,0.46031746,2.5434792,68.92444,0
44b6_996155de,921641,71,21.0,36.0,52.0,0.7503144,2.1089795,0.33333334,2.5335438,68.11987,0
44b6_996155de,921642,71,61.0,48.0,20.0,0.7185521,2.905522,0.96825397,2.4687274,63.024292,0
44b6_996155de,921643,71,58.0,72.0,4.0,0.70096904,1.6657767,0.9206349,2.5434792,68.92444,0
44b6_996155de,921644,71,7.0,46.0,89.0,0.6624232,4.7092447,0.11111111,2.5434792,68.92444,0
44b6_996155de,921645,71,39.0,163.0,55.0,0.6255732,3.967155,0.61904764,2.5434792,68.92444,1
44b6_996155de,921646,71,56.0,93.0,15.0,0.6250814,6.670131,0.8888889,2.5434792,68.92444,0
44b6_996155de,921647,71,18.0,53.0,76.0,0.614135,2.6362865,0.2857143,2.5434792,68.92444,0
44b6_996155de,921648,71,19.0,168.0,43.0,0.5904437,4.7581873,0.3015873,2.5434792,68.92444,1
44b6_996155de,921649,71,42.0,176.0,65.0,0.5596554,3.5112891,0.6666667,2.5434792,68.92444,0
44b6_996155de,921650,71,35.0,111.0,16.0,0.5195042,3.960432,0.5555556,2.5434792,68.92444,0
44b6_996155de,921651,71,33.0,235.0,222.0,0.5157257,3.8847208,0.52380955,2.5434792,68.92444,1
44b6_996155de,921652,71,21.0,163.0,171.0,0.5098916,3.6668012,0.33333334,2.5434792,68.92444,0
44b6_996155de,921653,71,60.0,177.0,64.0,0.50822526,6.4521866,0.95238096,2.5401762,68.65625,0
44b6_996155de,921654,71,12.0,115.0,2.0,0.47188544,0.81439716,0.1904762,2.4546402,61.951538,0
44b6_996155de,921655,71,45.0,72.0,70.0,0.44539312,3.1766975,0.71428573,2.5434792,68.92444,0
44b6_996155de,921656,71,40.0,60.0,49.0,0.4429239,1.7124438,0.63492066,2.5401762,68.65625,1
44b6_996155de,921657,71,45.0,243.0,226.0,0.4494702,3.3049026,0.71428573,2.5434792,68.92444,1
44b6_996155de,921658,71,61.0,59.0,34.0,0.43082294,1.2102301,0.96825397,2.4475355,61.41516,0
44b6_996155de,921659,71,50.0,119.0,32.0,0.43454468,5.260181,0.7936508,2.5434792,68.92444,0
44b6_996155de,921660,71,35.0,176.0,50.0,0.42609695,1.989733,0.5555556,2.5401762,68.65625,1
44b6_996155de,921661,71,39.0,143.0,40.0,0.42744535,4.0659757,0.61904764,2.5434792,68.92444,0
44b6_996155de,921662,71,26.0,202.0,197.0,0.4166336,5.098116,0.41269842,2.5401762,68.65625,0
44b6_996155de,921663,71,34.0,60.0,59.0,0.3954286,0.986659,0.53968257,2.5268764,67.583496,1
44b6_996155de,921664,71,15.0,173.0,184.0,0.39471406,0.40802002,0.23809524,2.5268764,67.583496,0
44b6_996155de,921665,71,13.0,151.0,33.0,0.3963708,4.1143217,0.20634921,2.5401762,68.65625,0
44b6_996155de,921666,71,52.0,171.0,37.0,0.35250473,4.660835,0.82539684,2.5434792,68.92444,0
44b6_996155de,921667,71,16.0,182.0,39.0,0.3476715,1.5695127,0.25396827,2.5434792,68.92444,1
44b6_996155de,921668,72,8.0,232.0,222.0,2.228138,3.5032458,0.12698413,2.5434792,68.92444,0
44b6_996155de,921669,72,3.0,196.0,194.0,1.6988552,2.2837017,0.04761905,2.5401762,68.65625,0
44b6_996155de,921670,72,30.0,131.0,148.0,1.6291952,3.370983,0.47619048,2.5434792,68.92444,0
44b6_996155de,921671,72,13.0,68.0,25.0,1.5479236,2.513304,0.20634921,2.5434792,68.92444,0
44b6_996155de,921672,72,43.0,44.0,8.0,1.1857915,2.6160002,0.6825397,2.5434792,68.92444,0
44b6_996155de,921673,72,8.0,62.0,46.0,1.1639185,2.2207015,0.12698413,2.5434792,68.92444,2
44b6_996155de,921674,72,3.0,57.0,55.0,1.1512799,2.1972854,0.04761905,2.5368643,68.38806,1
44b6_996155de,921675,72,13.0,41.0,35.0,1.125725,2.2813773,0.20634921,2.5401762,68.65625,0
44b6_996155de,921676,72,37.0,29.0,6.0,1.1087366,2.1786182,0.5873016,2.5434792,68.92444,0
44b6_996155de,921677,72,12.0,78.0,59.0,1.0643028,2.4752743,0.1904762,2.5401762,68.65625,0
44b6_996155de,921678,72,9.0,16.0,76.0,1.0502166,3.075705,0.14285715,2.5434792,68.92444,0
44b6_996155de,921679,72,15.0,28.0,27.0,1.0193255,2.03243,0.23809524,2.5401762,68.65625,0
44b6_996155de,921680,72,3.0,91.0,65.0,1.0073409,1.6491337,0.04761905,2.5401762,68.65625,0
44b6_996155de,921681,72,19.0,11.0,4.0,0.8816827,3.0586765,0.3015873,2.5434792,68.92444,0
44b6_996155de,921682,72,30.0,9.0,15.0,0.86585176,2.5860233,0.47619048,2.5434792,68.92444,0
44b6_996155de,921683,72,21.0,34.0,48.0,0.81220907,1.6761944,0.33333334,2.5401762,68.65625,0
44b6_996155de,921684,72,20.0,67.0,47.0,0.7977217,0.8177231,0.31746033,2.499849,65.43799,1
44b6_996155de,921685,72,60.0,60.0,3.0,0.7293674,0.91214985,0.95238096,2.4040146,58.1969,1
44b6_996155de,921686,72,6.0,46.0,90.0,0.72310644,3.419243,0.0952381,2.5434792,68.92444,0
44b6_996155de,921687,72,59.0,72.0,4.0,0.69204164,1.5831443,0.93650794,2.5434792,68.92444,1
44b6_996155de,921688,72,55.0,95.0,15.0,0.62909716,7.0928288,0.8730159,2.5434792,68.92444,0
44b6_996155de,921689,72,40.0,162.0,55.0,0.6138095,3.960765,0.63492066,2.5434792,68.92444,0
44b6_996155de,921690,72,19.0,51.0,74.0,0.5942613,2.3604395,0.3015873,2.5434792,68.92444,0
44b6_996155de,921691,72,41.0,175.0,65.0,0.5525634,3.4497426,0.6507937,2.5434792,68.92444,0
44b6_996155de,921692,72,19.0,168.0,43.0,0.5341385,4.464553,0.3015873,2.5434792,68.92444,0
44b6_996155de,921693,72,35.0,112.0,17.0,0.52458215,4.0635204,0.5555556,2.5434792,68.92444,0
44b6_996155de,921694,72,59.0,176.0,64.0,0.5099625,6.5951853,0.93650794,2.5434792,68.92444,0
44b6_996155de,921695,72,20.0,162.0,171.0,0.4914666,3.5150232,0.31746033,2.5434792,68.92444,0
44b6_996155de,921696,72,33.0,236.0,223.0,0.4654382,3.6887019,0.52380955,2.5401762,68.65625,1
44b6_996155de,921697,72,45.0,72.0,70.0,0.44203562,3.2091894,0.71428573,2.5434792,68.92444,0
44b6_996155de,921698,72,38.0,140.0,38.0,0.4363605,4.073177,0.6031746,2.5434792,68.92444,0
44b6_996155de,921699,72,49.0,122.0,33.0,0.42160392,5.096265,0.7777778,2.5434792,68.92444,0
44b6_996155de,921700,72,45.0,244.0,226.0,0.41682452,3.3978164,0.71428573,2.5434792,68.92444,1
44b6_996155de,921701,72,11.0,151.0,33.0,0.4042679,4.3947105,0.17460318,2.5434792,68.92444,0
44b6_996155de,921702,72,35.0,179.0,51.0,0.40095195,2.2684028,0.5555556,2.5434792,68.92444,0
44b6_996155de,921703,72,26.0,200.0,197.0,0.40161026,5.2078347,0.41269842,2.5434792,68.92444,0
44b6_996155de,921704,72,34.0,61.0,62.0,0.38399777,1.354651,0.53968257,2.5401762,68.65625,0
44b6_996155de,921705,72,15.0,172.0,184.0,0.3755353,1.3963687,0.23809524,2.5434792,68.92444,0
44b6_996155de,921706,72,51.0,172.0,37.0,0.34670243,4.7942533,0.8095238,2.5434792,68.92444,0
44b6_996155de,921707,72,56.0,238.0,209.0,0.33631894,4.0156617,0.8888889,2.5434792,68.92444,0
44b6_996155de,921708,72,57.0,76.0,61.0,0.32503486,2.2466328,0.9047619,2.5434792,68.92444,0
44b6_996155de,921709,72,51.0,86.0,75.0,0.3135012,1.9401228,0.8095238,2.5434792,68.92444,0
44b6_996155de,921710,73,9.0,234.0,223.0,2.1757019,3.499325,0.14285715,2.5434792,68.92444,0
44b6_996155de,921711,73,3.0,199.0,196.0,2.0144532,2.679946,0.04761905,2.5401762,68.65625,0
44b6_996155de,921712,73,32.0,135.0,150.0,1.603945,3.1767051,0.50793654,2.5434792,68.92444,0
44b6_996155de,921713,73,12.0,70.0,25.0,1.5523825,2.5996203,0.1904762,2.5434792,68.92444,1
44b6_996155de,921714,73,3.0,58.0,56.0,1.2453814,2.356311,0.04761905,2.5401762,68.65625,1
44b6_996155de,921715,73,5.0,62.0,21.0,1.2231921,0.7732048,0.07936508,2.5201738,67.04712,1
44b6_996155de,921716,73,9.0,63.0,46.0,1.2310894,2.2066855,0.14285715,2.5434792,68.92444,1
44b6_996155de,921717,73,42.0,45.0,7.0,1.1943324,2.584895,0.6666667,2.5434792,68.92444,0
44b6_996155de,921718,73,13.0,45.0,40.0,1.1088613,2.077854,0.20634921,2.5434792,68.92444,0
44b6_996155de,921719,73,11.0,82.0,62.0,1.1110687,2.1729863,0.17460318,2.5434792,68.92444,0
44b6_996155de,921720,73,9.0,17.0,77.0,1.0630645,3.3707426,0.14285715,2.5434792,68.92444,0
44b6_996155de,921721,73,14.0,35.0,26.0,1.0283607,2.1086526,0.22222222,2.5434792,68.92444,0
44b6_996155de,921722,73,36.0,30.0,9.0,1.0138315,1.349073,0.5714286,2.5434792,68.92444,0
44b6_996155de,921723,73,29.0,9.0,16.0,0.8501064,3.0022986,0.46031746,2.5434792,68.92444,0
44b6_996155de,921724,73,20.0,39.0,55.0,0.84855247,2.0484178,0.31746033,2.5368643,68.38806,0
44b6_996155de,921725,73,6.0,49.0,93.0,0.67329365,2.881935,0.0952381,2.5434792,68.92444,0
44b6_996155de,921726,73,54.0,96.0,15.0,0.6420944,7.674528,0.85714287,2.5434792,68.92444,0
44b6_996155de,921727,73,39.0,162.0,54.0,0.6312385,3.3743734,0.61904764,2.5434792,68.92444,1
44b6_996155de,921728,73,18.0,54.0,77.0,0.6233536,2.5444574,0.2857143,2.5434792,68.92444,0
44b6_996155de,921729,73,40.0,172.0,65.0,0.5739055,3.28711,0.63492066,2.5434792,68.92444,1
44b6_996155de,921730,73,18.0,167.0,43.0,0.56454,4.902634,0.2857143,2.5434792,68.92444,0
44b6_996155de,921731,73,14.0,75.0,105.0,0.5368108,1.8411431,0.22222222,2.5434792,68.92444,0
44b6_996155de,921732,73,35.0,113.0,17.0,0.52838755,3.7787783,0.5555556,2.5434792,68.92444,0
44b6_996155de,921733,73,58.0,175.0,65.0,0.5096958,6.170956,0.9206349,2.5434792,68.92444,0
44b6_996155de,921734,73,32.0,237.0,223.0,0.4736069,3.75162,0.50793654,2.5434792,68.92444,0
44b6_996155de,921735,73,20.0,162.0,171.0,0.46559483,3.1108942,0.31746033,2.5401762,68.65625,1
44b6_996155de,921736,73,38.0,141.0,39.0,0.44996697,3.741813,0.6031746,2.5434792,68.92444,0
44b6_996155de,921737,73,44.0,71.0,71.0,0.4367374,2.8451934,0.6984127,2.5434792,68.92444,0
44b6_996155de,921738,73,45.0,245.0,227.0,0.43596652,3.6462154,0.71428573,2.5434792,68.92444,0
44b6_996155de,921739,73,49.0,120.0,31.0,0.42017227,4.514298,0.7777778,2.5434792,68.92444,0
44b6_996155de,921740,73,16.0,171.0,182.0,0.39247242,2.0149753,0.25396827,2.5434792,68.92444,1
44b6_996155de,921741,73,10.0,150.0,32.0,0.3958422,4.1496496,0.15873016,2.5434792,68.92444,0
44b6_996155de,921742,73,26.0,200.0,197.0,0.39713922,4.860561,0.41269842,2.5434792,68.92444,0
44b6_996155de,921743,73,34.0,61.0,63.0,0.376661,1.5558469,0.53968257,2.5368643,68.38806,0
44b6_996155de,921744,73,51.0,170.0,39.0,0.36602548,4.4500017,0.8095238,2.5434792,68.92444,0
44b6_996155de,921745,73,56.0,239.0,209.0,0.3499596,4.212266,0.8888889,2.5434792,68.92444,0
44b6_996155de,921746,73,26.0,66.0,83.0,0.32707828,0.8003719,0.41269842,2.5032594,65.70618,0
44b6_996155de,921747,74,10.0,234.0,224.0,2.1529942,3.494272,0.15873016,2.5434792,68.92444,0
44b6_996155de,921748,74,2.0,200.0,198.0,2.0198848,2.4579198,0.031746034,2.4687274,63.024292,0
44b6_996155de,921749,74,33.0,135.0,151.0,1.5512127,3.1507938,0.52380955,2.5434792,68.92444,0
44b6_996155de,921750,74,13.0,69.0,28.0,1.504011,2.8233888,0.20634921,2.5434792,68.92444,2
44b6_996155de,921751,74,11.0,59.0,48.0,1.3180995,2.2313232,0.17460318,2.5401762,68.65625,1
44b6_996155de,921752,74,3.0,58.0,57.0,1.2931726,2.0211372,0.04761905,2.5401762,68.65625,1
44b6_996155de,921753,74,42.0,44.0,7.0,1.2091575,2.548784,0.6666667,2.5434792,68.92444,0
44b6_996155de,921754,74,4.0,62.0,20.0,1.1880014,1.1427257,0.06349207,2.4687274,63.024292,2
44b6_996155de,921755,74,12.0,59.0,17.0,1.1435064,1.0861809,0.1904762,2.5100527,66.24255,2
44b6_996155de,921756,74,12.0,82.0,65.0,1.142755,2.4545083,0.1904762,2.5401762,68.65625,0
44b6_996155de,921757,74,13.0,45.0,41.0,1.1055552,1.8695531,0.20634921,2.5434792,68.92444,1
44b6_996155de,921758,74,9.0,18.0,76.0,1.0807357,3.718396,0.14285715,2.5434792,68.92444,0
44b6_996155de,921759,74,14.0,37.0,31.0,1.060042,1.9544715,0.22222222,2.5434792,68.92444,1
44b6_996155de,921760,74,35.0,28.0,10.0,1.0375401,1.55618,0.5555556,2.5434792,68.92444,0
44b6_996155de,921761,74,20.0,39.0,56.0,0.873372,2.0131853,0.31746033,2.5368643,68.38806,1
44b6_996155de,921762,74,29.0,7.0,15.0,0.8425348,2.9867039,0.46031746,2.5434792,68.92444,0
44b6_996155de,921763,74,61.0,64.0,4.0,0.7412605,1.2641097,0.96825397,2.4368005,60.610596,0
44b6_996155de,921764,74,19.0,25.0,51.0,0.701412,1.6378651,0.3015873,2.5434792,68.92444,1
44b6_996155de,921765,74,39.0,163.0,53.0,0.6671561,3.2507915,0.61904764,2.5434792,68.92444,2
44b6_996155de,921766,74,6.0,48.0,94.0,0.6465972,3.2550995,0.0952381,2.5434792,68.92444,0
44b6_996155de,921767,74,55.0,96.0,14.0,0.6497614,7.844524,0.8730159,2.5434792,68.92444,0
44b6_996155de,921768,74,18.0,55.0,78.0,0.62745756,2.2924113,0.2857143,2.5434792,68.92444,0
44b6_996155de,921769,74,40.0,172.0,63.0,0.6091893,2.8936968,0.63492066,2.5434792,68.92444,1
44b6_996155de,921770,74,35.0,113.0,16.0,0.5656609,4.2228365,0.5555556,2.5434792,68.92444,0
44b6_996155de,921771,74,59.0,175.0,63.0,0.5370653,6.5331435,0.93650794,2.5434792,68.92444,0
44b6_996155de,921772,74,19.0,169.0,43.0,0.53143674,4.751336,0.3015873,2.5434792,68.92444,0
44b6_996155de,921773,74,34.0,173.0,46.0,0.4879157,2.2031598,0.53968257,2.5434792,68.92444,1
44b6_996155de,921774,74,19.0,162.0,173.0,0.47468126,3.0573328,0.3015873,2.5434792,68.92444,0
44b6_996155de,921775,74,48.0,121.0,31.0,0.46679637,5.3290854,0.7619048,2.5434792,68.92444,0
44b6_996155de,921776,74,37.0,139.0,37.0,0.4494824,3.6397612,0.5873016,2.5434792,68.92444,0
44b6_996155de,921777,74,33.0,236.0,223.0,0.44124514,3.4212155,0.52380955,2.5401762,68.65625,0
44b6_996155de,921778,74,44.0,71.0,71.0,0.43724397,2.7916236,0.6984127,2.5434792,68.92444,0
44b6_996155de,921779,74,45.0,246.0,227.0,0.43053862,3.5664628,0.71428573,2.5434792,68.92444,0
44b6_996155de,921780,74,10.0,151.0,31.0,0.40483078,4.5415707,0.15873016,2.5434792,68.92444,0
44b6_996155de,921781,74,50.0,171.0,37.0,0.39610654,4.546056,0.7936508,2.5434792,68.92444,0
44b6_996155de,921782,74,36.0,59.0,59.0,0.38737735,1.6876628,0.5714286,2.5235295,67.31531,0
44b6_996155de,921783,74,26.0,200.0,198.0,0.38818246,5.2105184,0.41269842,2.5434792,68.92444,0
44b6_996155de,921784,74,56.0,238.0,209.0,0.3616401,4.318591,0.8888889,2.5434792,68.92444,0
44b6_996155de,921785,74,27.0,70.0,88.0,0.32630253,1.4814652,0.42857143,2.5434792,68.92444,0
44b6_996155de,921786,74,58.0,77.0,60.0,0.3187798,3.0409262,0.9206349,2.5434792,68.92444,0
44b6_996155de,921787,75,3.0,93.0,124.0,2.1488085,3.2275076,0.04761905,2.5401762,68.65625,0
44b6_996155de,921788,75,12.0,237.0,225.0,1.9459413,3.228196,0.1904762,2.5434792,68.92444,0
44b6_996155de,921789,75,3.0,200.0,197.0,1.9166691,2.382241,0.04761905,2.5401762,68.65625,0
44b6_996155de,921790,75,13.0,71.0,27.0,1.5598903,2.6573386,0.20634921,2.5434792,68.92444,0
44b6_996155de,921791,75,34.0,136.0,150.0,1.5505959,3.336447,0.53968257,2.5434792,68.92444,0
44b6_996155de,921792,75,11.0,63.0,50.0,1.4251792,2.8171844,0.17460318,2.5434792,68.92444,1
44b6_996155de,921793,75,3.0,58.0,57.0,1.2800831,1.6255355,0.04761905,2.5368643,68.38806,1
44b6_996155de,921794,75,43.0,47.0,9.0,1.2324598,2.8725703,0.6825397,2.5434792,68.92444,0
44b6_996155de,921795,75,13.0,48.0,42.0,1.1824976,1.8866255,0.20634921,2.5434792,68.92444,1
44b6_996155de,921796,75,13.0,83.0,65.0,1.165842,2.804651,0.20634921,2.5434792,68.92444,0
44b6_996155de,921797,75,14.0,40.0,34.0,1.1465383,2.031335,0.22222222,2.5434792,68.92444,1
44b6_996155de,921798,75,9.0,19.0,77.0,1.1183002,3.7813802,0.14285715,2.5434792,68.92444,0
44b6_996155de,921799,75,35.0,35.0,16.0,0.9961823,1.6357123,0.5555556,2.5434792,68.92444,0
44b6_996155de,921800,75,15.0,69.0,4.0,0.9249688,0.83359075,0.23809524,2.5335438,68.11987,0
44b6_996155de,921801,75,29.0,9.0,16.0,0.8475736,3.1498199,0.46031746,2.5434792,68.92444,0
44b6_996155de,921802,75,61.0,65.0,5.0,0.73106116,1.3432056,0.96825397,2.4040146,58.1969,1
44b6_996155de,921803,75,38.0,165.0,53.0,0.7167536,3.2965422,0.6031746,2.5434792,68.92444,2
44b6_996155de,921804,75,58.0,74.0,5.0,0.7051734,1.4923869,0.9206349,2.5434792,68.92444,1
44b6_996155de,921805,75,18.0,58.0,74.0,0.7042508,1.9584373,0.2857143,2.5434792,68.92444,0
44b6_996155de,921806,75,6.0,50.0,96.0,0.6750899,3.9501443,0.0952381,2.5434792,68.92444,0
44b6_996155de,921807,75,55.0,98.0,14.0,0.6405526,6.692078,0.8730159,2.5434792,68.92444,0
44b6_996155de,921808,75,40.0,174.0,62.0,0.6006241,2.5982053,0.63492066,2.5434792,68.92444,1
44b6_996155de,921809,75,58.0,176.0,62.0,0.59375477,6.68297,0.9206349,2.5434792,68.92444,0
44b6_996155de,921810,75,34.0,114.0,15.0,0.5450481,3.9664507,0.53968257,2.5434792,68.92444,0
44b6_996155de,921811,75,32.0,174.0,45.0,0.53126055,2.2878673,0.50793654,2.5335438,68.11987,2
44b6_996155de,921812,75,19.0,168.0,41.0,0.5249957,4.852044,0.3015873,2.5434792,68.92444,1
44b6_996155de,921813,75,32.0,238.0,224.0,0.46248198,3.518773,0.50793654,2.5401762,68.65625,0
44b6_996155de,921814,75,49.0,122.0,32.0,0.46116048,5.349525,0.7777778,2.5434792,68.92444,0
44b6_996155de,921815,75,35.0,139.0,34.0,0.45672366,4.114765,0.5555556,2.5434792,68.92444,0
44b6_996155de,921816,75,45.0,73.0,70.0,0.4482001,2.9754012,0.71428573,2.5434792,68.92444,0
44b6_996155de,921817,75,45.0,248.0,227.0,0.43748134,3.8259025,0.71428573,2.5434792,68.92444,0
44b6_996155de,921818,75,49.0,173.0,37.0,0.4309008,4.5447974,0.7777778,2.5434792,68.92444,0
44b6_996155de,921819,75,20.0,162.0,172.0,0.4242689,2.7308445,0.31746033,2.5434792,68.92444,0
44b6_996155de,921820,75,36.0,60.0,58.0,0.39972103,1.8082367,0.5714286,2.5368643,68.38806,0
44b6_996155de,921821,75,10.0,151.0,28.0,0.38003325,3.7473197,0.15873016,2.5401762,68.65625,0
44b6_996155de,921822,75,26.0,201.0,198.0,0.38232386,5.234417,0.41269842,2.5434792,68.92444,0
44b6_996155de,921823,75,56.0,240.0,209.0,0.33208525,4.2147965,0.8888889,2.5434792,68.92444,0
44b6_996155de,921824,76,4.0,94.0,126.0,2.2289503,3.432315,0.06349207,2.5434792,68.92444,0
44b6_996155de,921825,76,2.0,202.0,200.0,2.0197084,2.2118397,0.031746034,2.4687274,63.024292,1
44b6_996155de,921826,76,3.0,210.0,205.0,1.9484129,2.1056666,0.04761905,2.5401762,68.65625,1
44b6_996155de,921827,76,13.0,239.0,228.0,1.9304554,3.117197,0.20634921,2.5434792,68.92444,0
44b6_996155de,921828,76,36.0,137.0,152.0,1.6194748,3.4166026,0.5714286,2.5434792,68.92444,0
44b6_996155de,921829,76,13.0,71.0,29.0,1.5762498,2.598664,0.20634921,2.5434792,68.92444,0
44b6_996155de,921830,76,11.0,64.0,51.0,1.4111445,2.991911,0.17460318,2.5434792,68.92444,1
44b6_996155de,921831,76,44.0,28.0,3.0,1.2893376,3.5263183,0.6984127,2.5401762,68.65625,0
44b6_996155de,921832,76,43.0,47.0,12.0,1.246284,2.8891437,0.6825397,2.5434792,68.92444,0
44b6_996155de,921833,76,3.0,59.0,58.0,1.1812918,1.2238643,0.04761905,2.5268764,67.583496,1
44b6_996155de,921834,76,14.0,83.0,66.0,1.1912267,3.4178927,0.22222222,2.5434792,68.92444,0
44b6_996155de,921835,76,14.0,45.0,43.0,1.1773927,1.9947855,0.22222222,2.5434792,68.92444,1
44b6_996155de,921836,76,14.0,41.0,35.0,1.1566895,2.0117583,0.22222222,2.5434792,68.92444,1
44b6_996155de,921837,76,4.0,2.0,65.0,1.0839931,2.7160358,0.06349207,2.4687274,63.024292,0
44b6_996155de,921838,76,9.0,20.0,81.0,1.0859506,3.620936,0.14285715,2.5434792,68.92444,0
44b6_996155de,921839,76,15.0,70.0,7.0,0.9836478,0.9276259,0.23809524,2.5401762,68.65625,0
44b6_996155de,921840,76,35.0,37.0,20.0,0.94656044,1.3128369,0.5555556,2.5335438,68.11987,0
44b6_996155de,921841,76,18.0,16.0,4.0,0.8358148,3.3490753,0.2857143,2.5434792,68.92444,0
44b6_996155de,921842,76,29.0,9.0,17.0,0.8232582,3.0052066,0.46031746,2.5434792,68.92444,0
44b6_996155de,921843,76,39.0,161.0,55.0,0.7621492,3.5316174,0.61904764,2.5434792,68.92444,1
44b6_996155de,921844,76,60.0,62.0,6.0,0.73977005,1.2417709,0.95238096,2.458177,62.219727,1
44b6_996155de,921845,76,18.0,57.0,72.0,0.74358225,1.8006244,0.2857143,2.5434792,68.92444,0
44b6_996155de,921846,76,57.0,73.0,8.0,0.7034383,1.3907157,0.9047619,2.5434792,68.92444,1
44b6_996155de,921847,76,61.0,52.0,21.0,0.6870654,1.8790076,0.96825397,2.4687274,63.024292,0
44b6_996155de,921848,76,41.0,172.0,63.0,0.65722775,2.718855,0.6507937,2.5434792,68.92444,1
44b6_996155de,921849,76,6.0,52.0,98.0,0.6504124,3.9042437,0.0952381,2.5434792,68.92444,0
44b6_996155de,921850,76,56.0,95.0,15.0,0.63989186,6.1604943,0.8888889,2.5434792,68.92444,0
44b6_996155de,921851,76,32.0,172.0,45.0,0.590752,3.012412,0.50793654,2.5434792,68.92444,1
44b6_996155de,921852,76,58.0,175.0,64.0,0.5745197,6.4889097,0.9206349,2.5434792,68.92444,0
44b6_996155de,921853,76,34.0,113.0,17.0,0.54914474,4.011574,0.53968257,2.5434792,68.92444,0
44b6_996155de,921854,76,19.0,165.0,43.0,0.543269,4.8546743,0.3015873,2.5434792,68.92444,1
44b6_996155de,921855,76,33.0,138.0,35.0,0.47346252,4.2449946,0.52380955,2.5434792,68.92444,0
44b6_996155de,921856,76,48.0,120.0,33.0,0.4607469,4.9520607,0.7619048,2.5434792,68.92444,0
44b6_996155de,921857,76,44.0,70.0,72.0,0.45366222,3.0001826,0.6984127,2.5434792,68.92444,0
44b6_996155de,921858,76,48.0,171.0,37.0,0.4544869,4.453432,0.7619048,2.5434792,68.92444,0
44b6_996155de,921859,76,32.0,238.0,225.0,0.44414994,2.7300522,0.50793654,2.5434792,68.92444,0
44b6_996155de,921860,76,45.0,248.0,229.0,0.44330814,3.8713198,0.71428573,2.5434792,68.92444,0
44b6_996155de,921861,76,20.0,161.0,174.0,0.40414068,2.619059,0.31746033,2.5401762,68.65625,1
44b6_996155de,921862,76,35.0,59.0,59.0,0.395272,1.3496791,0.5555556,2.5401762,68.65625,0
44b6_996155de,921863,76,16.0,170.0,183.0,0.38694414,2.2826805,0.25396827,2.5434792,68.92444,1
44b6_996155de,921864,76,25.0,201.0,200.0,0.37580207,4.791061,0.3968254,2.5434792,68.92444,0
44b6_996155de,921865,76,9.0,147.0,26.0,0.35411254,2.8499632,0.14285715,2.5368643,68.38806,0
44b6_996155de,921866,77,3.0,94.0,128.0,2.222693,3.4983318,0.04761905,2.5401762,68.65625,0
44b6_996155de,921867,77,13.0,242.0,232.0,1.7013339,2.7749414,0.20634921,2.5434792,68.92444,1
44b6_996155de,921868,77,12.0,71.0,31.0,1.6315885,2.8573287,0.1904762,2.5434792,68.92444,0
44b6_996155de,921869,77,36.0,138.0,155.0,1.6372391,3.2715101,0.5714286,2.5434792,68.92444,0
44b6_996155de,921870,77,10.0,65.0,53.0,1.3989942,2.8702195,0.15873016,2.5434792,68.92444,0
44b6_996155de,921871,77,5.0,242.0,227.0,1.3227124,1.258725,0.07936508,2.5434792,68.92444,1
44b6_996155de,921872,77,43.0,28.0,6.0,1.2904046,3.6289182,0.6825397,2.5434792,68.92444,0
44b6_996155de,921873,77,43.0,47.0,14.0,1.2853682,3.0441806,0.6825397,2.5434792,68.92444,0
44b6_996155de,921874,77,14.0,80.0,66.0,1.2542055,3.324034,0.22222222,2.5434792,68.92444,0
44b6_996155de,921875,77,14.0,41.0,41.0,1.101023,2.2231421,0.22222222,2.5434792,68.92444,0
44b6_996155de,921876,77,8.0,21.0,82.0,0.95304066,2.9580564,0.12698413,2.5401762,68.65625,0
44b6_996155de,921877,77,35.0,39.0,25.0,0.89020145,1.5392275,0.5555556,2.5201738,67.04712,0
44b6_996155de,921878,77,35.0,25.0,19.0,0.86562175,1.4656535,0.5555556,2.5335438,68.11987,0
44b6_996155de,921879,77,17.0,15.0,5.0,0.8583095,2.6812277,0.26984128,2.5434792,68.92444,0
44b6_996155de,921880,77,29.0,10.0,19.0,0.817894,2.807528,0.46031746,2.5434792,68.92444,0
44b6_996155de,921881,77,55.0,17.0,3.0,0.78762037,0.73576933,0.8730159,2.5235295,67.31531,0
44b6_996155de,921882,77,18.0,57.0,74.0,0.79899913,2.1842034,0.2857143,2.5434792,68.92444,0
44b6_996155de,921883,77,38.0,162.0,57.0,0.78561777,3.0245845,0.6031746,2.5434792,68.92444,2
44b6_996155de,921884,77,57.0,73.0,9.0,0.7494702,1.6302205,0.9047619,2.5401762,68.65625,0
44b6_996155de,921885,77,60.0,51.0,23.0,0.70822763,2.1435559,0.95238096,2.5401762,68.65625,0
44b6_996155de,921886,77,41.0,172.0,64.0,0.71550786,2.703118,0.6507937,2.5434792,68.92444,1
44b6_996155de,921887,77,20.0,26.0,54.0,0.6896043,1.3049505,0.31746033,2.5401762,68.65625,0
44b6_996155de,921888,77,56.0,93.0,15.0,0.6743019,6.2622566,0.8888889,2.5434792,68.92444,0
44b6_996155de,921889,77,32.0,170.0,48.0,0.6568485,2.6470532,0.50793654,2.5401762,68.65625,1
44b6_996155de,921890,77,6.0,53.0,99.0,0.64747816,3.7687137,0.0952381,2.5434792,68.92444,0
44b6_996155de,921891,77,45.0,51.0,42.0,0.64009005,2.333625,0.71428573,2.5434792,68.92444,0
44b6_996155de,921892,77,57.0,174.0,65.0,0.60446125,5.1246247,0.9047619,2.5434792,68.92444,0
44b6_996155de,921893,77,34.0,112.0,19.0,0.55485404,4.1082597,0.53968257,2.5434792,68.92444,0
44b6_996155de,921894,77,18.0,163.0,42.0,0.5160561,5.1774397,0.2857143,2.5434792,68.92444,0
44b6_996155de,921895,77,48.0,170.0,39.0,0.47998926,3.9960556,0.7619048,2.5434792,68.92444,0
44b6_996155de,921896,77,32.0,137.0,36.0,0.47858942,4.5841775,0.50793654,2.5434792,68.92444,0
44b6_996155de,921897,77,47.0,119.0,34.0,0.46351227,5.043841,0.74603176,2.5434792,68.92444,0
44b6_996155de,921898,77,44.0,69.0,74.0,0.4587989,2.8965344,0.6984127,2.5434792,68.92444,0
44b6_996155de,921899,77,31.0,237.0,227.0,0.41541982,1.4291732,0.4920635,2.5401762,68.65625,0
44b6_996155de,921900,77,45.0,248.0,230.0,0.410638,3.744873,0.71428573,2.5434792,68.92444,0
44b6_996155de,921901,77,15.0,172.0,186.0,0.3940117,2.6124287,0.23809524,2.5434792,68.92444,0
44b6_996155de,921902,77,34.0,58.0,64.0,0.38915646,1.5750722,0.53968257,2.5434792,68.92444,0
44b6_996155de,921903,77,25.0,202.0,202.0,0.39515698,4.894426,0.3968254,2.5434792,68.92444,0
44b6_996155de,921904,77,20.0,159.0,174.0,0.3808996,2.5929542,0.31746033,2.5401762,68.65625,0
44b6_996155de,921905,77,9.0,143.0,26.0,0.36040917,2.452428,0.14285715,2.5401762,68.65625,0
44b6_996155de,921906,77,56.0,239.0,212.0,0.34293616,4.135778,0.8888889,2.5434792,68.92444,0
44b6_996155de,921907,77,50.0,161.0,13.0,0.32563934,6.562683,0.7936508,2.5434792,68.92444,0
44b6_996155de,921908,78,4.0,95.0,128.0,2.0680664,3.4136019,0.06349207,2.5434792,68.92444,0
44b6_996155de,921909,78,37.0,139.0,154.0,1.7862566,3.793003,0.5873016,2.5434792,68.92444,0
44b6_996155de,921910,78,12.0,72.0,34.0,1.6243447,2.5061758,0.1904762,2.5434792,68.92444,0
44b6_996155de,921911,78,10.0,65.0,50.0,1.3575534,2.13704,0.15873016,2.5434792,68.92444,0
44b6_996155de,921912,78,5.0,241.0,227.0,1.3079582,2.0688236,0.07936508,2.5434792,68.92444,0
44b6_996155de,921913,78,12.0,55.0,21.0,1.274067,1.9426314,0.1904762,2.5401762,68.65625,1
44b6_996155de,921914,78,13.0,81.0,65.0,1.2417811,3.1000216,0.20634921,2.5434792,68.92444,0
44b6_996155de,921915,78,43.0,30.0,7.0,1.2065194,3.0002565,0.6825397,2.5434792,68.92444,0
44b6_996155de,921916,78,43.0,50.0,16.0,1.1293126,2.8069468,0.6825397,2.5434792,68.92444,0
44b6_996155de,921917,78,2.0,61.0,22.0,1.0769116,0.41251472,0.031746034,2.2712636,49.07849,1
44b6_996155de,921918,78,13.0,41.0,41.0,1.07532,2.177861,0.20634921,2.5434792,68.92444,1
44b6_996155de,921919,78,8.0,22.0,83.0,1.0017326,3.5290296,0.12698413,2.5434792,68.92444,0
44b6_996155de,921920,78,19.0,41.0,53.0,0.9307858,1.8572385,0.3015873,2.5434792,68.92444,2
44b6_996155de,921921,78,6.0,40.0,13.0,0.8762548,0.91699594,0.0952381,2.4652207,62.756104,0
44b6_996155de,921922,78,34.0,26.0,19.0,0.8696865,1.6224099,0.53968257,2.4964292,65.1698,1
44b6_996155de,921923,78,17.0,17.0,10.0,0.86483616,2.659797,0.26984128,2.5434792,68.92444,0
44b6_996155de,921924,78,46.0,33.0,25.0,0.84618604,1.593575,0.73015875,2.5434792,68.92444,0
44b6_996155de,921925,78,34.0,42.0,27.0,0.8347845,1.859711,0.53968257,2.5368643,68.38806,0
44b6_996155de,921926,78,29.0,15.0,21.0,0.83376646,2.050394,0.46031746,2.5434792,68.92444,1
44b6_996155de,921927,78,37.0,164.0,59.0,0.7781954,2.903309,0.5873016,2.5368643,68.38806,2
44b6_996155de,921928,78,17.0,60.0,72.0,0.76257,1.7307754,0.26984128,2.5434792,68.92444,0
44b6_996155de,921929,78,56.0,62.0,7.0,0.74426496,1.2808294,0.8888889,2.5434792,68.92444,1
44b6_996155de,921930,78,56.0,74.0,10.0,0.7196829,1.6495781,0.8888889,2.5434792,68.92444,1
44b6_996155de,921931,78,31.0,171.0,48.0,0.69952035,3.2972043,0.4920635,2.5434792,68.92444,2
44b6_996155de,921932,78,42.0,174.0,64.0,0.69848764,2.539082,0.6666667,2.5434792,68.92444,2
44b6_996155de,921933,78,56.0,93.0,15.0,0.69147885,6.0378804,0.8888889,2.5434792,68.92444,0
44b6_996155de,921934,78,19.0,26.0,53.0,0.6745516,1.6508256,0.3015873,2.5434792,68.92444,1
44b6_996155de,921935,78,56.0,176.0,66.0,0.6559651,4.0796123,0.8888889,2.5434792,68.92444,1
44b6_996155de,921936,78,6.0,54.0,98.0,0.6166948,3.3343513,0.0952381,2.5434792,68.92444,0
44b6_996155de,921937,78,32.0,114.0,19.0,0.55106336,3.9478235,0.50793654,2.5434792,68.92444,0
44b6_996155de,921938,78,18.0,166.0,44.0,0.51063305,3.8635879,0.2857143,2.5434792,68.92444,1
44b6_996155de,921939,78,46.0,171.0,39.0,0.49722487,3.9992352,0.73015875,2.5434792,68.92444,0
44b6_996155de,921940,78,61.0,151.0,47.0,0.46431956,5.1065826,0.96825397,2.4687274,63.024292,0
44b6_996155de,921941,78,30.0,137.0,34.0,0.46060738,4.035684,0.47619048,2.5434792,68.92444,0
44b6_996155de,921942,78,47.0,121.0,34.0,0.45282286,5.7271614,0.74603176,2.5434792,68.92444,0
44b6_996155de,921943,78,43.0,69.0,73.0,0.443778,2.8947809,0.6825397,2.5434792,68.92444,0
44b6_996155de,921944,78,30.0,238.0,228.0,0.44348922,1.2108011,0.47619048,2.5368643,68.38806,0
44b6_996155de,921945,78,14.0,174.0,187.0,0.39276117,2.4256966,0.22222222,2.5434792,68.92444,0
44b6_996155de,921946,78,32.0,59.0,65.0,0.38813105,1.1600387,0.50793654,2.5201738,67.04712,0
44b6_996155de,921947,78,44.0,248.0,231.0,0.3923329,3.4875133,0.6984127,2.5434792,68.92444,0
44b6_996155de,921948,78,24.0,202.0,202.0,0.3911044,4.5256033,0.3809524,2.5434792,68.92444,0
44b6_996155de,921949,78,18.0,163.0,177.0,0.38024375,2.4119163,0.2857143,2.5434792,68.92444,0
44b6_996155de,921950,78,7.0,144.0,25.0,0.36468688,2.214006,0.11111111,2.5302145,67.851685,0
44b6_996155de,921951,78,48.0,161.0,13.0,0.3383868,4.1282616,0.7619048,2.5434792,68.92444,0
44b6_996155de,921952,78,29.0,165.0,24.0,0.33560437,2.572198,0.46031746,2.5335438,68.11987,0
44b6_996155de,921953,78,55.0,241.0,213.0,0.3314735,3.8216052,0.8730159,2.5434792,68.92444,0
44b6_996155de,921954,78,59.0,81.0,65.0,0.3292147,4.961987,0.93650794,2.5434792,68.92444,0
44b6_996155de,921955,79,4.0,208.0,207.0,2.3812764,2.826209,0.06349207,2.5434792,68.92444,0
44b6_996155de,921956,79,4.0,98.0,129.0,1.9968922,3.1748185,0.06349207,2.5434792,68.92444,0
44b6_996155de,921957,79,37.0,139.0,154.0,1.7345446,3.6636,0.5873016,2.5434792,68.92444,0
44b6_996155de,921958,79,12.0,74.0,36.0,1.6892812,2.418074,0.1904762,2.5434792,68.92444,0
44b6_996155de,921959,79,6.0,240.0,226.0,1.3279251,3.0676582,0.0952381,2.5434792,68.92444,0
44b6_996155de,921960,79,42.0,29.0,9.0,1.2850428,3.4063725,0.6666667,2.5434792,68.92444,0
44b6_996155de,921961,79,13.0,82.0,66.0,1.2498913,2.968225,0.20634921,2.5434792,68.92444,0
44b6_996155de,921962,79,13.0,40.0,39.0,1.1737415,2.2903118,0.20634921,2.5401762,68.65625,1
44b6_996155de,921963,79,12.0,63.0,15.0,1.1524214,1.917674,0.1904762,2.5434792,68.92444,0
44b6_996155de,921964,79,43.0,53.0,17.0,1.0719795,2.6665423,0.6825397,2.5434792,68.92444,0
44b6_996155de,921965,79,18.0,41.0,50.0,1.015481,1.8883173,0.2857143,2.5434792,68.92444,1
44b6_996155de,921966,79,8.0,22.0,83.0,1.0092039,3.6156046,0.12698413,2.5434792,68.92444,0
44b6_996155de,921967,79,6.0,43.0,15.0,0.9031226,1.0935361,0.0952381,2.472224,63.29248,0
44b6_996155de,921968,79,16.0,20.0,12.0,0.8869809,2.7225142,0.25396827,2.5434792,68.92444,0
44b6_996155de,921969,79,32.0,29.0,21.0,0.8629934,1.6667882,0.50793654,2.5268764,67.583496,1
44b6_996155de,921970,79,23.0,33.0,9.0,0.8212809,2.0872478,0.36507937,2.5235295,67.31531,0
44b6_996155de,921971,79,29.0,16.0,23.0,0.8190122,1.9153844,0.46031746,2.5335438,68.11987,1
44b6_996155de,921972,79,33.0,45.0,29.0,0.81425744,2.32955,0.52380955,2.5302145,67.851685,0
44b6_996155de,921973,79,37.0,163.0,58.0,0.80004406,3.3658555,0.5873016,2.5401762,68.65625,1
44b6_996155de,921974,79,57.0,65.0,10.0,0.74987394,1.7318997,0.9047619,2.5434792,68.92444,1
44b6_996155de,921975,79,56.0,72.0,11.0,0.74139446,1.8378553,0.8888889,2.5401762,68.65625,1
44b6_996155de,921976,79,5.0,87.0,106.0,0.7373589,1.4238183,0.07936508,2.5434792,68.92444,0
44b6_996155de,921977,79,55.0,174.0,65.0,0.7432616,3.8198314,0.8730159,2.5434792,68.92444,1
44b6_996155de,921978,79,19.0,26.0,52.0,0.71390986,1.623255,0.3015873,2.5401762,68.65625,0
44b6_996155de,921979,79,59.0,52.0,25.0,0.6932482,2.0452366,0.93650794,2.5434792,68.92444,0
44b6_996155de,921980,79,56.0,92.0,16.0,0.6967574,5.7863736,0.8888889,2.5434792,68.92444,0
44b6_996155de,921981,79,43.0,174.0,62.0,0.67196727,2.0633748,0.6825397,2.5434792,68.92444,2
44b6_996155de,921982,79,30.0,172.0,48.0,0.6244475,2.9066937,0.47619048,2.5434792,68.92444,1
44b6_996155de,921983,79,5.0,58.0,100.0,0.6147395,2.9722729,0.07936508,2.5434792,68.92444,0
44b6_996155de,921984,79,32.0,114.0,18.0,0.56325525,4.0932393,0.50793654,2.5434792,68.92444,0
44b6_996155de,921985,79,44.0,172.0,38.0,0.511514,3.7018704,0.6984127,2.5434792,68.92444,0
44b6_996155de,921986,79,18.0,167.0,44.0,0.50786287,3.453716,0.2857143,2.5368643,68.38806,1
44b6_996155de,921987,79,59.0,150.0,47.0,0.4714632,5.0820065,0.93650794,2.5434792,68.92444,0
44b6_996155de,921988,79,43.0,70.0,73.0,0.45124194,2.9955828,0.6825397,2.5434792,68.92444,0
44b6_996155de,921989,79,48.0,120.0,34.0,0.45315567,5.691871,0.7619048,2.5434792,68.92444,0
44b6_996155de,921990,79,29.0,136.0,33.0,0.4519541,4.355847,0.46031746,2.5434792,68.92444,0
44b6_996155de,921991,79,32.0,61.0,67.0,0.39755034,1.0983204,0.50793654,2.5235295,67.31531,0
44b6_996155de,921992,79,23.0,202.0,202.0,0.3974696,2.812581,0.36507937,2.5401762,68.65625,0
44b6_996155de,921993,79,44.0,247.0,230.0,0.3783643,3.3218284,0.6984127,2.5434792,68.92444,0
44b6_996155de,921994,79,5.0,145.0,22.0,0.36781442,1.942032,0.07936508,2.5368643,68.38806,0
44b6_996155de,921995,79,47.0,160.0,9.0,0.36253333,0.9516126,0.74603176,2.5335438,68.11987,0
44b6_996155de,921996,80,4.0,209.0,210.0,2.4975624,2.8660614,0.06349207,2.5434792,68.92444,0
44b6_996155de,921997,80,5.0,98.0,130.0,2.0738788,3.215614,0.07936508,2.5434792,68.92444,0
44b6_996155de,921998,80,12.0,73.0,40.0,1.6875365,2.4282496,0.1904762,2.5434792,68.92444,0
44b6_996155de,921999,80,38.0,140.0,156.0,1.6801214,3.5159328,0.6031746,2.5434792,68.92444,0
44b6_996155de,922000,80,6.0,236.0,226.0,1.3838534,3.5802007,0.0952381,2.5434792,68.92444,0
44b6_996155de,922001,80,42.0,32.0,12.0,1.2954066,3.0904229,0.6666667,2.5434792,68.92444,1
44b6_996155de,922002,80,2.0,66.0,66.0,1.2117382,1.7998164,0.031746034,2.4617038,62.487915,0
44b6_996155de,922003,80,7.0,88.0,18.0,1.176426,1.7769436,0.11111111,2.5434792,68.92444,0
44b6_996155de,922004,80,14.0,81.0,68.0,1.176989,2.8816245,0.22222222,2.5434792,68.92444,0
44b6_996155de,922005,80,12.0,63.0,18.0,1.0526884,1.741453,0.1904762,2.5434792,68.92444,1
44b6_996155de,922006,80,43.0,55.0,13.0,1.0483371,2.3279104,0.6825397,2.5434792,68.92444,0
44b6_996155de,922007,80,19.0,41.0,51.0,1.0451753,2.5265174,0.3015873,2.5434792,68.92444,0
44b6_996155de,922008,80,12.0,32.0,27.0,1.0242616,2.6577854,0.1904762,2.5401762,68.65625,0
44b6_996155de,922009,80,13.0,72.0,12.0,0.9806891,1.3044173,0.20634921,2.5235295,67.31531,1
44b6_996155de,922010,80,8.0,21.0,84.0,0.96887654,3.3205287,0.12698413,2.5434792,68.92444,0
44b6_996155de,922011,80,35.0,162.0,6.0,0.96459144,4.5961485,0.5555556,2.5434792,68.92444,0
44b6_996155de,922012,80,16.0,25.0,13.0,0.8774907,1.8227501,0.25396827,2.5302145,67.851685,1
44b6_996155de,922013,80,33.0,28.0,22.0,0.8646477,1.1878486,0.52380955,2.5100527,66.24255,2
44b6_996155de,922014,80,29.0,15.0,23.0,0.8178695,1.993915,0.46031746,2.5401762,68.65625,1
44b6_996155de,922015,80,23.0,35.0,10.0,0.81176615,1.4421932,0.36507937,2.4964292,65.1698,1
44b6_996155de,922016,80,33.0,47.0,33.0,0.771309,2.8875482,0.52380955,2.5168092,66.77893,0
44b6_996155de,922017,80,56.0,73.0,13.0,0.7666177,1.7592833,0.8888889,2.5434792,68.92444,0
44b6_996155de,922018,80,60.0,50.0,25.0,0.73080534,2.507181,0.95238096,2.5401762,68.65625,0
44b6_996155de,922019,80,37.0,163.0,60.0,0.73866576,3.0093632,0.5873016,2.5434792,68.92444,2
44b6_996155de,922020,80,55.0,174.0,65.0,0.7099601,3.7055078,0.8730159,2.5434792,68.92444,1
44b6_996155de,922021,80,58.0,91.0,17.0,0.6810905,4.4367313,0.9206349,2.5434792,68.92444,0
44b6_996155de,922022,80,5.0,58.0,102.0,0.634623,2.581338,0.07936508,2.5434792,68.92444,0
44b6_996155de,922023,80,44.0,173.0,62.0,0.6308935,1.9468637,0.6984127,2.5434792,68.92444,2
44b6_996155de,922024,80,30.0,171.0,50.0,0.58976823,2.5477564,0.47619048,2.5434792,68.92444,2
44b6_996155de,922025,80,31.0,113.0,18.0,0.54467857,3.9621887,0.4920635,2.5401762,68.65625,0
44b6_996155de,922026,80,17.0,166.0,45.0,0.49772412,4.334354,0.26984128,2.5434792,68.92444,1
44b6_996155de,922027,80,59.0,150.0,48.0,0.48294792,5.514976,0.93650794,2.5434792,68.92444,0
44b6_996155de,922028,80,43.0,171.0,37.0,0.47341362,3.6145017,0.6825397,2.5434792,68.92444,0
44b6_996155de,922029,80,44.0,71.0,72.0,0.46511513,3.0250278,0.6984127,2.5434792,68.92444,0
44b6_996155de,922030,80,40.0,59.0,52.0,0.45612657,1.6339374,0.63492066,2.5434792,68.92444,0
44b6_996155de,922031,80,48.0,120.0,35.0,0.45924917,5.9700794,0.7619048,2.5434792,68.92444,0
44b6_996155de,922032,80,13.0,180.0,194.0,0.44285786,1.9288441,0.20634921,2.5434792,68.92444,0
44b6_996155de,922033,80,28.0,135.0,33.0,0.44240263,4.858375,0.44444445,2.5434792,68.92444,0
44b6_996155de,922034,80,23.0,203.0,204.0,0.41096103,2.299456,0.36507937,2.5434792,68.92444,0
44b6_996155de,922035,80,44.0,247.0,231.0,0.4063505,3.4952667,0.6984127,2.5434792,68.92444,0
44b6_996155de,922036,80,32.0,60.0,65.0,0.39068842,0.7045287,0.50793654,2.5134354,66.51074,0
44b6_996155de,922037,80,5.0,143.0,20.0,0.38783252,1.8264189,0.07936508,2.5302145,67.851685,0
44b6_996155de,922038,81,5.0,209.0,210.0,2.3362112,2.7720273,0.07936508,2.5434792,68.92444,0
44b6_996155de,922039,81,6.0,100.0,131.0,2.0616863,3.1174695,0.0952381,2.5434792,68.92444,0
44b6_996155de,922040,81,38.0,140.0,155.0,1.7377871,3.607394,0.6031746,2.5434792,68.92444,0
44b6_996155de,922041,81,6.0,231.0,224.0,1.587348,3.838288,0.0952381,2.5434792,68.92444,0
44b6_996155de,922042,81,11.0,70.0,39.0,1.4873161,2.0458817,0.17460318,2.5434792,68.92444,0
44b6_996155de,922043,81,41.0,33.0,13.0,1.2862736,3.1607814,0.6507937,2.5434792,68.92444,1
44b6_996155de,922044,81,15.0,82.0,68.0,1.1432885,2.68211,0.23809524,2.5434792,68.92444,0
44b6_996155de,922045,81,7.0,88.0,16.0,1.1250006,1.8237607,0.11111111,2.5434792,68.92444,0
44b6_996155de,922046,81,2.0,92.0,70.0,1.078686,2.2968433,0.031746034,2.4687274,63.024292,0
44b6_996155de,922047,81,43.0,56.0,14.0,1.0762132,2.6550303,0.6825397,2.5434792,68.92444,0
44b6_996155de,922048,81,11.0,62.0,16.0,1.0638181,2.1378205,0.17460318,2.5434792,68.92444,3
44b6_996155de,922049,81,19.0,39.0,51.0,1.0555662,2.8037841,0.3015873,2.5434792,68.92444,1
44b6_996155de,922050,81,12.0,31.0,25.0,1.0419254,2.8186502,0.1904762,2.5434792,68.92444,1
44b6_996155de,922051,81,2.0,64.0,24.0,1.0244694,1.3613415,0.031746034,2.4546402,61.951538,1
44b6_996155de,922052,81,5.0,56.0,4.0,0.97143626,1.278238,0.07936508,2.5066607,65.974365,1
44b6_996155de,922053,81,14.0,36.0,43.0,0.97685194,1.9133302,0.22222222,2.5434792,68.92444,1
44b6_996155de,922054,81,8.0,20.0,83.0,0.9531826,3.017359,0.12698413,2.5434792,68.92444,0
44b6_996155de,922055,81,13.0,72.0,10.0,0.9224628,0.9530417,0.20634921,2.5100527,66.24255,1
44b6_996155de,922056,81,34.0,27.0,23.0,0.889291,1.097881,0.53968257,2.5100527,66.24255,2
44b6_996155de,922057,81,15.0,7.0,14.0,0.8809216,3.6019008,0.23809524,2.5066607,65.974365,0
44b6_996155de,922058,81,16.0,27.0,13.0,0.87225854,1.2041473,0.25396827,2.4895616,64.63342,2
44b6_996155de,922059,81,22.0,34.0,10.0,0.8448914,1.4594271,0.34920636,2.5066607,65.974365,1
44b6_996155de,922060,81,30.0,17.0,24.0,0.8285172,1.596069,0.47619048,2.499849,65.43799,1
44b6_996155de,922061,81,37.0,167.0,12.0,0.7897169,4.285799,0.5873016,2.5434792,68.92444,0
44b6_996155de,922062,81,56.0,73.0,12.0,0.77404493,1.7920073,0.8888889,2.5434792,68.92444,1
44b6_996155de,922063,81,56.0,64.0,10.0,0.76960087,1.4073193,0.8888889,2.5434792,68.92444,1
44b6_996155de,922064,81,32.0,47.0,35.0,0.7678707,3.8047364,0.50793654,2.5434792,68.92444,0
44b6_996155de,922065,81,60.0,53.0,26.0,0.6929491,2.0249581,0.95238096,2.5401762,68.65625,0
44b6_996155de,922066,81,58.0,92.0,16.0,0.7043388,4.5157495,0.9206349,2.5434792,68.92444,0
44b6_996155de,922067,81,36.0,166.0,60.0,0.6959156,2.6085124,0.5714286,2.5434792,68.92444,2
44b6_996155de,922068,81,55.0,173.0,65.0,0.6870958,3.3745327,0.8730159,2.5434792,68.92444,1
44b6_996155de,922069,81,5.0,57.0,101.0,0.63322324,2.7140396,0.07936508,2.5401762,68.65625,0
44b6_996155de,922070,81,44.0,173.0,62.0,0.63446397,1.8438447,0.6984127,2.5434792,68.92444,2
44b6_996155de,922071,81,29.0,172.0,50.0,0.57709426,2.5280955,0.46031746,2.5434792,68.92444,2
44b6_996155de,922072,81,31.0,113.0,17.0,0.5420454,3.983342,0.4920635,2.5434792,68.92444,0
44b6_996155de,922073,81,18.0,168.0,46.0,0.5254582,3.0876853,0.2857143,2.5434792,68.92444,1
44b6_996155de,922074,81,59.0,150.0,47.0,0.46634856,4.631709,0.93650794,2.5434792,68.92444,0
44b6_996155de,922075,81,40.0,58.0,50.0,0.45542422,1.3501632,0.63492066,2.5401762,68.65625,0
44b6_996155de,922076,81,44.0,72.0,69.0,0.4550302,2.8281837,0.6984127,2.5434792,68.92444,0
44b6_996155de,922077,81,27.0,135.0,32.0,0.43157867,5.1319685,0.42857143,2.5401762,68.65625,0
44b6_996155de,922078,81,49.0,121.0,34.0,0.43167168,5.533507,0.7777778,2.5434792,68.92444,0
44b6_996155de,922079,81,23.0,205.0,204.0,0.42984363,1.9827813,0.36507937,2.5401762,68.65625,0
44b6_996155de,922080,81,44.0,247.0,231.0,0.42414653,3.3941562,0.6984127,2.5434792,68.92444,0
44b6_996155de,922081,81,18.0,164.0,178.0,0.3979884,2.856883,0.2857143,2.5401762,68.65625,0
44b6_996155de,922082,81,32.0,60.0,67.0,0.38956264,0.7904055,0.50793654,2.5066607,65.974365,0
44b6_996155de,922083,82,6.0,206.0,208.0,2.6088834,2.8993134,0.0952381,2.5434792,68.92444,0
44b6_996155de,922084,82,8.0,98.0,129.0,2.0763454,3.1552796,0.12698413,2.5434792,68.92444,0
44b6_996155de,922085,82,6.0,232.0,224.0,1.6791425,4.015706,0.0952381,2.5434792,68.92444,0
44b6_996155de,922086,82,20.0,251.0,237.0,1.6324182,3.8508444,0.31746033,2.5434792,68.92444,0
44b6_996155de,922087,82,39.0,148.0,161.0,1.5164306,2.9217193,0.61904764,2.5434792,68.92444,0
44b6_996155de,922088,82,11.0,71.0,39.0,1.3713506,2.2696147,0.17460318,2.5434792,68.92444,1
44b6_996155de,922089,82,40.0,34.0,14.0,1.2747326,3.2805555,0.63492066,2.5434792,68.92444,1
44b6_996155de,922090,82,7.0,87.0,15.0,1.2466974,2.119284,0.11111111,2.5434792,68.92444,0
44b6_996155de,922091,82,7.0,69.0,53.0,1.2349703,1.852003,0.11111111,2.5434792,68.92444,1
44b6_996155de,922092,82,4.0,4.0,37.0,1.2166482,4.074376,0.06349207,2.5434792,68.92444,0
44b6_996155de,922093,82,4.0,2.0,68.0,1.1833774,2.7580464,0.06349207,2.4687274,63.024292,0
44b6_996155de,922094,82,10.0,60.0,14.0,1.1618701,2.519722,0.15873016,2.5434792,68.92444,1
44b6_996155de,922095,82,3.0,91.0,70.0,1.0899519,2.612392,0.04761905,2.5401762,68.65625,0
44b6_996155de,922096,82,43.0,57.0,13.0,1.0883564,2.5510077,0.6825397,2.5401762,68.65625,0
44b6_996155de,922097,82,12.0,31.0,25.0,1.0529158,2.4644408,0.1904762,2.5401762,68.65625,1
44b6_996155de,922098,82,17.0,85.0,69.0,1.0607616,2.5330582,0.26984128,2.5434792,68.92444,0
44b6_996155de,922099,82,13.0,34.0,42.0,1.0225976,2.1677344,0.20634921,2.5434792,68.92444,1
44b6_996155de,922100,82,2.0,65.0,24.0,1.0029948,1.2498201,0.031746034,2.4113774,58.733276,1
44b6_996155de,922101,82,14.0,38.0,49.0,0.9732471,1.8060308,0.22222222,2.5434792,68.92444,1
44b6_996155de,922102,82,16.0,27.0,14.0,0.9602306,1.833766,0.25396827,2.5302145,67.851685,2
44b6_996155de,922103,82,15.0,9.0,16.0,0.93250376,3.5754726,0.23809524,2.5268764,67.583496,0
44b6_996155de,922104,82,34.0,27.0,22.0,0.9179722,0.99975544,0.53968257,2.499849,65.43799,2
44b6_996155de,922105,82,10.0,15.0,76.0,0.90140474,1.858143,0.15873016,2.5401762,68.65625,0
44b6_996155de,922106,82,22.0,36.0,10.0,0.8689597,1.4641378,0.34920636,2.5100527,66.24255,1
44b6_996155de,922107,82,30.0,18.0,25.0,0.8425202,1.6372929,0.47619048,2.5066607,65.974365,1
44b6_996155de,922108,82,56.0,74.0,14.0,0.7926168,2.0216398,0.8888889,2.5434792,68.92444,0
44b6_996155de,922109,82,32.0,48.0,37.0,0.74411815,3.6155064,0.50793654,2.5434792,68.92444,1
44b6_996155de,922110,82,37.0,170.0,17.0,0.74321514,3.8720446,0.5873016,2.5434792,68.92444,0
44b6_996155de,922111,82,37.0,168.0,61.0,0.7232459,2.6742458,0.5873016,2.5434792,68.92444,1
44b6_996155de,922112,82,58.0,92.0,16.0,0.7073318,4.0613413,0.9206349,2.5434792,68.92444,0
44b6_996155de,922113,82,6.0,86.0,108.0,0.68213785,1.1395988,0.0952381,2.5302145,67.851685,0
44b6_996155de,922114,82,17.0,62.0,74.0,0.66582966,1.4151204,0.26984128,2.5368643,68.38806,0
44b6_996155de,922115,82,55.0,174.0,64.0,0.6554389,3.1525762,0.8730159,2.5434792,68.92444,1
44b6_996155de,922116,82,44.0,174.0,61.0,0.6238602,1.6631882,0.6984127,2.5434792,68.92444,2
44b6_996155de,922117,82,6.0,54.0,99.0,0.6151237,3.0351408,0.0952381,2.5434792,68.92444,0
44b6_996155de,922118,82,31.0,38.0,44.0,0.55405384,0.95747995,0.4920635,2.433201,60.342407,1
44b6_996155de,922119,82,18.0,169.0,46.0,0.56106746,3.518806,0.2857143,2.5401762,68.65625,0
44b6_996155de,922120,82,30.0,114.0,17.0,0.535712,4.2432466,0.47619048,2.5434792,68.92444,0
44b6_996155de,922121,82,59.0,151.0,47.0,0.4720554,5.3198752,0.93650794,2.5434792,68.92444,0
44b6_996155de,922122,82,39.0,57.0,53.0,0.45896044,1.6363106,0.61904764,2.5401762,68.65625,0
44b6_996155de,922123,82,43.0,69.0,74.0,0.45695615,2.8316398,0.6825397,2.5434792,68.92444,1
44b6_996155de,922124,82,44.0,71.0,70.0,0.45307,2.8282604,0.6984127,2.5434792,68.92444,1
44b6_996155de,922125,82,26.0,135.0,30.0,0.45148423,5.2725472,0.41269842,2.5434792,68.92444,0
44b6_996155de,922126,82,23.0,207.0,206.0,0.44584343,1.4342371,0.36507937,2.5401762,68.65625,0
44b6_996155de,922127,82,48.0,122.0,33.0,0.44255927,5.923825,0.7619048,2.5434792,68.92444,0
44b6_996155de,922128,82,44.0,248.0,232.0,0.42749187,3.3924465,0.6984127,2.5434792,68.92444,0
44b6_996155de,922129,82,42.0,203.0,197.0,0.4061694,3.666155,0.6666667,2.5434792,68.92444,0
44b6_996155de,922130,83,6.0,205.0,208.0,2.4652157,3.0522873,0.0952381,2.5434792,68.92444,0
44b6_996155de,922131,83,9.0,96.0,127.0,2.1329663,3.2707777,0.14285715,2.5434792,68.92444,0
44b6_996155de,922132,83,7.0,232.0,224.0,1.6149474,4.3550572,0.11111111,2.5434792,68.92444,0
44b6_996155de,922133,83,41.0,152.0,165.0,1.519651,2.9905283,0.6507937,2.5434792,68.92444,0
44b6_996155de,922134,83,12.0,71.0,40.0,1.3302253,2.4355433,0.1904762,2.5434792,68.92444,1
44b6_996155de,922135,83,6.0,88.0,14.0,1.2285148,2.132814,0.0952381,2.5434792,68.92444,0
44b6_996155de,922136,83,41.0,35.0,17.0,1.2021755,3.3704681,0.6507937,2.5434792,68.92444,1
44b6_996155de,922137,83,4.0,5.0,39.0,1.2019528,3.9540315,0.06349207,2.5434792,68.92444,0
44b6_996155de,922138,83,4.0,3.0,70.0,1.1828886,2.5420713,0.06349207,2.5368643,68.38806,1
44b6_996155de,922139,83,8.0,69.0,52.0,1.1662556,1.6469462,0.12698413,2.5401762,68.65625,2
44b6_996155de,922140,83,10.0,62.0,10.0,1.09873,1.7730998,0.15873016,2.5434792,68.92444,0
44b6_996155de,922141,83,13.0,83.0,50.0,1.073088,1.398415,0.20634921,2.5434792,68.92444,1
44b6_996155de,922142,83,5.0,91.0,71.0,1.0682917,2.614139,0.07936508,2.5434792,68.92444,1
44b6_996155de,922143,83,12.0,29.0,28.0,1.0464724,2.4412317,0.1904762,2.5434792,68.92444,2
44b6_996155de,922144,83,18.0,88.0,73.0,1.055368,2.6230772,0.2857143,2.5434792,68.92444,1
44b6_996155de,922145,83,42.0,54.0,16.0,1.0432665,2.3449004,0.6666667,2.5434792,68.92444,0
44b6_996155de,922146,83,11.0,26.0,39.0,0.9970095,2.235628,0.17460318,2.5401762,68.65625,1
44b6_996155de,922147,83,3.0,66.0,25.0,0.9691775,1.5049207,0.04761905,2.4895616,64.63342,0
44b6_996155de,922148,83,34.0,28.0,24.0,0.91663605,1.1939069,0.53968257,2.5168092,66.77893,2
44b6_996155de,922149,83,11.0,13.0,74.0,0.92299145,1.6346717,0.17460318,2.5434792,68.92444,1
44b6_996155de,922150,83,16.0,28.0,16.0,0.90106946,1.5812078,0.25396827,2.499849,65.43799,3
44b6_996155de,922151,83,15.0,8.0,16.0,0.9021071,3.6628525,0.23809524,2.5302145,67.851685,0
44b6_996155de,922152,83,12.0,37.0,51.0,0.8720652,1.8261979,0.1904762,2.5434792,68.92444,0
44b6_996155de,922153,83,21.0,32.0,3.0,0.81654876,1.2601205,0.33333334,2.4826555,64.097046,2
44b6_996155de,922154,83,30.0,18.0,27.0,0.81785476,1.5527142,0.47619048,2.5268764,67.583496,1
44b6_996155de,922155,83,22.0,35.0,10.0,0.8131929,1.1840093,0.34920636,2.493,64.90161,2
44b6_996155de,922156,83,36.0,26.0,3.0,0.78744596,1.1971524,0.5714286,2.4964292,65.1698,0
44b6_996155de,922157,83,57.0,69.0,14.0,0.77016133,1.7201687,0.9047619,2.5434792,68.92444,1
44b6_996155de,922158,83,56.0,75.0,15.0,0.7651836,1.8830607,0.8888889,2.5434792,68.92444,1
44b6_996155de,922159,83,37.0,170.0,61.0,0.7561045,3.320203,0.5873016,2.5434792,68.92444,2
44b6_996155de,922160,83,38.0,172.0,22.0,0.7320485,3.3983173,0.6031746,2.5434792,68.92444,0
44b6_996155de,922161,83,32.0,48.0,38.0,0.7192693,3.7642462,0.50793654,2.5434792,68.92444,1
44b6_996155de,922162,83,58.0,94.0,17.0,0.7047867,4.4792123,0.9206349,2.5434792,68.92444,0
44b6_996155de,922163,83,2.0,27.0,93.0,0.6951746,4.9498577,0.031746034,2.4687274,63.024292,0
44b6_996155de,922164,83,17.0,63.0,81.0,0.64304626,2.219246,0.26984128,2.5434792,68.92444,0
44b6_996155de,922165,83,6.0,54.0,101.0,0.6180114,3.4477983,0.0952381,2.5434792,68.92444,0
44b6_996155de,922166,83,29.0,176.0,54.0,0.6107065,2.003294,0.46031746,2.5434792,68.92444,2
44b6_996155de,922167,83,56.0,176.0,64.0,0.59694594,2.7185342,0.8888889,2.5434792,68.92444,1
44b6_996155de,922168,83,19.0,170.0,47.0,0.5966645,3.1580727,0.3015873,2.5401762,68.65625,1
44b6_996155de,922169,83,47.0,176.0,62.0,0.58616596,1.5789411,0.74603176,2.5434792,68.92444,2
44b6_996155de,922170,83,29.0,115.0,19.0,0.55212295,4.1350756,0.46031746,2.5434792,68.92444,0
44b6_996155de,922171,83,32.0,38.0,45.0,0.5410322,1.1769927,0.50793654,2.4652207,62.756104,1
44b6_996155de,922172,83,59.0,152.0,47.0,0.48854953,5.5390363,0.93650794,2.5434792,68.92444,0
44b6_996155de,922173,83,39.0,57.0,52.0,0.47738296,1.2430285,0.61904764,2.5434792,68.92444,0
44b6_996155de,922174,83,26.0,135.0,31.0,0.4585395,4.863242,0.41269842,2.5434792,68.92444,0
44b6_996155de,922175,83,23.0,208.0,207.0,0.45355213,1.1167474,0.36507937,2.5335438,68.11987,0
44b6_996155de,922176,83,43.0,69.0,74.0,0.4386389,2.6606417,0.6825397,2.5434792,68.92444,1
44b6_996155de,922177,83,44.0,71.0,69.0,0.43618187,2.746172,0.6984127,2.5434792,68.92444,1
44b6_996155de,922178,83,49.0,123.0,33.0,0.43137556,5.8794317,0.7777778,2.5434792,68.92444,0
44b6_996155de,922179,83,44.0,248.0,233.0,0.42298657,3.2021573,0.6984127,2.5434792,68.92444,0
44b6_996155de,922180,83,17.0,167.0,181.0,0.39775836,2.5873163,0.26984128,2.5434792,68.92444,0
44b6_996155de,922181,83,41.0,206.0,200.0,0.38569123,3.868114,0.6507937,2.5434792,68.92444,0
44b6_996155de,922182,84,6.0,207.0,210.0,2.3914104,3.0450404,0.0952381,2.5434792,68.92444,0
44b6_996155de,922183,84,10.0,96.0,126.0,2.124455,3.388948,0.15873016,2.5434792,68.92444,0
44b6_996155de,922184,84,8.0,231.0,224.0,1.5254387,4.063408,0.12698413,2.5434792,68.92444,0
44b6_996155de,922185,84,41.0,150.0,162.0,1.4972934,3.0763252,0.6507937,2.5434792,68.92444,1
44b6_996155de,922186,84,42.0,156.0,167.0,1.4907422,2.944144,0.6666667,2.5434792,68.92444,1
44b6_996155de,922187,84,6.0,89.0,14.0,1.2161882,2.1077077,0.0952381,2.5434792,68.92444,0
44b6_996155de,922188,84,39.0,36.0,17.0,1.2059516,3.2395945,0.61904764,2.5434792,68.92444,1
44b6_996155de,922189,84,5.0,3.0,70.0,1.1991572,2.5043879,0.07936508,2.5401762,68.65625,1
44b6_996155de,922190,84,14.0,68.0,42.0,1.183611,2.1196444,0.22222222,2.5434792,68.92444,2
44b6_996155de,922191,84,7.0,69.0,54.0,1.1753737,2.0214927,0.11111111,2.5401762,68.65625,2
44b6_996155de,922192,84,6.0,81.0,41.0,1.118327,1.839059,0.0952381,2.5401762,68.65625,0
44b6_996155de,922193,84,7.0,61.0,8.0,1.1003622,2.1615856,0.11111111,2.5434792,68.92444,0
44b6_996155de,922194,84,12.0,29.0,31.0,1.0868169,2.5890608,0.1904762,2.5434792,68.92444,1
44b6_996155de,922195,84,14.0,86.0,57.0,1.0613171,2.1488008,0.22222222,2.5368643,68.38806,0
44b6_996155de,922196,84,42.0,54.0,13.0,1.0486113,1.9977707,0.6666667,2.5434792,68.92444,0
44b6_996155de,922197,84,18.0,90.0,75.0,1.064349,2.3773565,0.2857143,2.5434792,68.92444,1
44b6_996155de,922198,84,19.0,71.0,51.0,1.0473338,1.3917682,0.3015873,2.5100527,66.24255,2
44b6_996155de,922199,84,6.0,91.0,73.0,1.0250617,2.3692172,0.0952381,2.5434792,68.92444,1
44b6_996155de,922200,84,14.0,8.0,17.0,1.0195042,4.051948,0.22222222,2.5434792,68.92444,1
44b6_996155de,922201,84,2.0,7.0,35.0,1.0135769,4.3781695,0.031746034,2.4687274,63.024292,0
44b6_996155de,922202,84,11.0,21.0,38.0,0.99558526,2.1238837,0.17460318,2.5401762,68.65625,1
44b6_996155de,922203,84,33.0,28.0,23.0,0.9693194,1.4295466,0.52380955,2.5302145,67.851685,2
44b6_996155de,922204,84,17.0,25.0,15.0,0.9239312,1.9661325,0.26984128,2.5268764,67.583496,1
44b6_996155de,922205,84,11.0,12.0,72.0,0.9098524,1.3808267,0.17460318,2.5434792,68.92444,1
44b6_996155de,922206,84,22.0,33.0,10.0,0.86975014,1.4793205,0.34920636,2.5134354,66.51074,1
44b6_996155de,922207,84,13.0,37.0,51.0,0.87202114,1.8190761,0.20634921,2.5434792,68.92444,2
44b6_996155de,922208,84,6.0,43.0,20.0,0.8560458,0.885481,0.0952381,2.4617038,62.487915,0
44b6_996155de,922209,84,36.0,27.0,5.0,0.8489807,1.3972893,0.5714286,2.5032594,65.70618,0
44b6_996155de,922210,84,16.0,29.0,53.0,0.8413871,1.6851811,0.25396827,2.5434792,68.92444,1
44b6_996155de,922211,84,39.0,173.0,30.0,0.8446908,3.3043454,0.61904764,2.5434792,68.92444,0
44b6_996155de,922212,84,19.0,44.0,58.0,0.8245944,1.9111716,0.3015873,2.5434792,68.92444,1
44b6_996155de,922213,84,29.0,19.0,25.0,0.8204562,1.1388563,0.46031746,2.5168092,66.77893,2
44b6_996155de,922214,84,42.0,52.0,30.0,0.8196486,1.6980401,0.6666667,2.5434792,68.92444,1
44b6_996155de,922215,84,57.0,76.0,15.0,0.7934636,2.2060208,0.9047619,2.5401762,68.65625,1
44b6_996155de,922216,84,57.0,65.0,12.0,0.7701637,1.6733744,0.9047619,2.5434792,68.92444,1
44b6_996155de,922217,84,26.0,8.0,23.0,0.74589485,1.0144528,0.41269842,2.5302145,67.851685,2
44b6_996155de,922218,84,32.0,48.0,39.0,0.7430952,3.228879,0.50793654,2.5401762,68.65625,2
44b6_996155de,922219,84,36.0,170.0,59.0,0.72857845,3.4582014,0.5714286,2.5434792,68.92444,2
44b6_996155de,922220,84,58.0,93.0,17.0,0.72208357,4.0386653,0.9206349,2.5434792,68.92444,0
44b6_996155de,922221,84,61.0,52.0,24.0,0.6906517,2.1597176,0.96825397,2.458177,62.219727,1
44b6_996155de,922222,84,60.0,42.0,19.0,0.69199586,1.5257246,0.95238096,2.5302145,67.851685,1
44b6_996155de,922223,84,6.0,52.0,101.0,0.6326604,3.7287216,0.0952381,2.5434792,68.92444,0
44b6_996155de,922224,84,28.0,176.0,53.0,0.6106429,2.070232,0.44444445,2.5434792,68.92444,2
44b6_996155de,922225,84,19.0,171.0,46.0,0.60065347,2.7919416,0.3015873,2.5434792,68.92444,1
44b6_996155de,922226,84,15.0,67.0,91.0,0.5827815,2.9271924,0.23809524,2.5401762,68.65625,1
44b6_996155de,922227,84,31.0,39.0,47.0,0.565218,1.2182529,0.4920635,2.4546402,61.951538,1
44b6_996155de,922228,84,29.0,115.0,18.0,0.5631623,4.06999,0.46031746,2.5434792,68.92444,0
44b6_996155de,922229,84,19.0,58.0,74.0,0.54758096,1.5358664,0.3015873,2.5201738,67.04712,0
44b6_996155de,922230,84,47.0,176.0,60.0,0.52635396,1.7401632,0.74603176,2.5401762,68.65625,2
44b6_996155de,922231,84,38.0,56.0,53.0,0.52028245,1.9290037,0.6031746,2.5368643,68.38806,0
44b6_996155de,922232,84,57.0,178.0,63.0,0.52330226,2.7524066,0.9047619,2.5434792,68.92444,1
44b6_996155de,922233,84,58.0,152.0,46.0,0.49691164,6.1232777,0.9206349,2.5434792,68.92444,0
44b6_996155de,922234,84,26.0,136.0,29.0,0.4772606,4.629228,0.41269842,2.5434792,68.92444,0
44b6_996155de,922235,84,23.0,207.0,207.0,0.47717738,1.3610653,0.36507937,2.5368643,68.38806,0
44b6_996155de,922236,84,43.0,69.0,73.0,0.44125983,2.6194825,0.6825397,2.5434792,68.92444,1
44b6_996155de,922237,84,42.0,246.0,231.0,0.4418129,2.8264496,0.6666667,2.5434792,68.92444,0
44b6_996155de,922238,84,44.0,71.0,68.0,0.43730515,2.673887,0.6984127,2.5434792,68.92444,1
44b6_996155de,922239,84,48.0,124.0,32.0,0.42515966,6.094623,0.7619048,2.5434792,68.92444,0
44b6_996155de,922240,84,16.0,167.0,181.0,0.41196194,2.5355308,0.25396827,2.5434792,68.92444,0
44b6_996155de,922241,84,41.0,206.0,200.0,0.4056041,4.0622187,0.6507937,2.5434792,68.92444,0
44b6_996155de,922242,84,11.0,123.0,147.0,0.39205885,2.8900046,0.17460318,2.5434792,68.92444,0
44b6_996155de,922243,84,26.0,72.0,90.0,0.34581897,0.6891794,0.41269842,2.5201738,67.04712,1
44b6_996155de,922244,85,10.0,93.0,124.0,2.3339915,3.5641205,0.15873016,2.5434792,68.92444,0
44b6_996155de,922245,85,7.0,203.0,208.0,2.0823898,2.8677902,0.11111111,2.5434792,68.92444,0
44b6_996155de,922246,85,42.0,158.0,168.0,1.4950418,2.9487607,0.6666667,2.5434792,68.92444,0
44b6_996155de,922247,85,8.0,229.0,223.0,1.4244843,3.9838762,0.12698413,2.5434792,68.92444,0
44b6_996155de,922248,85,7.0,65.0,55.0,1.2841568,2.7170289,0.11111111,2.5401762,68.65625,1
44b6_996155de,922249,85,14.0,69.0,42.0,1.2160366,1.9931259,0.22222222,2.5434792,68.92444,2
44b6_996155de,922250,85,7.0,88.0,16.0,1.2057436,2.3117669,0.11111111,2.5434792,68.92444,0
44b6_996155de,922251,85,39.0,36.0,17.0,1.2018012,2.9876463,0.61904764,2.5434792,68.92444,0
44b6_996155de,922252,85,5.0,3.0,72.0,1.1994866,2.5400772,0.07936508,2.5401762,68.65625,0
44b6_996155de,922253,85,14.0,87.0,60.0,1.2005702,2.9962606,0.22222222,2.5401762,68.65625,0
44b6_996155de,922254,85,7.0,80.0,43.0,1.1261704,1.8448381,0.11111111,2.5368643,68.38806,1
44b6_996155de,922255,85,4.0,60.0,5.0,1.0988891,2.1482482,0.06349207,2.5434792,68.92444,0
44b6_996155de,922256,85,12.0,33.0,30.0,1.0921249,2.7195299,0.1904762,2.5434792,68.92444,0
44b6_996155de,922257,85,19.0,72.0,52.0,1.0880529,1.5330313,0.3015873,2.5201738,67.04712,2
44b6_996155de,922258,85,43.0,57.0,12.0,1.0397793,1.9993871,0.6825397,2.5434792,68.92444,0
44b6_996155de,922259,85,18.0,91.0,77.0,1.0174853,2.0665739,0.2857143,2.5434792,68.92444,1
44b6_996155de,922260,85,8.0,89.0,74.0,0.9873969,1.7976954,0.12698413,2.5401762,68.65625,1
44b6_996155de,922261,85,12.0,20.0,38.0,0.9602722,2.1960976,0.1904762,2.5434792,68.92444,0
44b6_996155de,922262,85,13.0,8.0,14.0,0.95518684,2.6418974,0.20634921,2.5434792,68.92444,1
44b6_996155de,922263,85,17.0,22.0,13.0,0.923153,2.0183756,0.26984128,2.5302145,67.851685,2
44b6_996155de,922264,85,2.0,66.0,29.0,0.9071564,1.0645293,0.031746034,2.42597,59.80603,0
44b6_996155de,922265,85,16.0,29.0,54.0,0.90048206,2.3749828,0.25396827,2.5434792,68.92444,0
44b6_996155de,922266,85,40.0,172.0,33.0,0.85927606,3.3806722,0.63492066,2.5434792,68.92444,0
44b6_996155de,922267,85,19.0,44.0,63.0,0.84532213,2.6668513,0.3015873,2.5434792,68.92444,0
44b6_996155de,922268,85,21.0,31.0,5.0,0.83187973,1.3393193,0.33333334,2.5134354,66.51074,1
44b6_996155de,922269,85,28.0,21.0,24.0,0.81650394,1.1145668,0.44444445,2.5032594,65.70618,0
44b6_996155de,922270,85,43.0,54.0,30.0,0.8076793,1.5853015,0.6825397,2.5434792,68.92444,1
44b6_996155de,922271,85,57.0,75.0,17.0,0.76807624,2.2711232,0.9047619,2.5434792,68.92444,0
44b6_996155de,922272,85,31.0,168.0,7.0,0.7288794,4.3134985,0.4920635,2.5434792,68.92444,0
44b6_996155de,922273,85,58.0,92.0,17.0,0.73304945,4.0760307,0.9206349,2.5434792,68.92444,0
44b6_996155de,922274,85,61.0,51.0,25.0,0.6852669,2.153678,0.96825397,2.4652207,62.756104,1
44b6_996155de,922275,85,33.0,47.0,38.0,0.68250257,2.2215288,0.52380955,2.5235295,67.31531,2
44b6_996155de,922276,85,60.0,41.0,19.0,0.67862374,1.3308415,0.95238096,2.5401762,68.65625,1
44b6_996155de,922277,85,36.0,168.0,58.0,0.6901353,3.4901283,0.5714286,2.5434792,68.92444,2
44b6_996155de,922278,85,15.0,69.0,95.0,0.62597215,2.61298,0.23809524,2.5268764,67.583496,1
44b6_996155de,922279,85,27.0,175.0,52.0,0.61748284,2.3678174,0.42857143,2.5434792,68.92444,2
44b6_996155de,922280,85,6.0,52.0,101.0,0.61692,3.8531756,0.0952381,2.5434792,68.92444,0
44b6_996155de,922281,85,20.0,57.0,73.0,0.60430706,1.4982789,0.31746033,2.5201738,67.04712,0
44b6_996155de,922282,85,19.0,169.0,47.0,0.5859629,2.4114144,0.3015873,2.5401762,68.65625,1
44b6_996155de,922283,85,57.0,178.0,62.0,0.57729244,3.2051752,0.9047619,2.5434792,68.92444,1
44b6_996155de,922284,85,29.0,114.0,17.0,0.5426181,3.9625022,0.46031746,2.5434792,68.92444,0
44b6_996155de,922285,85,31.0,40.0,46.0,0.5348873,1.1641688,0.4920635,2.4546402,61.951538,1
44b6_996155de,922286,85,48.0,175.0,59.0,0.5205247,1.8825868,0.7619048,2.5434792,68.92444,2
44b6_996155de,922287,85,38.0,56.0,52.0,0.51059884,1.7891315,0.6031746,2.5335438,68.11987,1
44b6_996155de,922288,85,26.0,134.0,28.0,0.47739273,4.550498,0.41269842,2.5401762,68.65625,0
44b6_996155de,922289,85,58.0,151.0,45.0,0.47732177,5.685783,0.9206349,2.5434792,68.92444,0
44b6_996155de,922290,85,43.0,69.0,71.0,0.45814306,2.87492,0.6825397,2.5434792,68.92444,0
44b6_996155de,922291,85,42.0,245.0,231.0,0.4540024,3.102127,0.6666667,2.5434792,68.92444,0
44b6_996155de,922292,85,22.0,207.0,207.0,0.4473925,0.44299904,0.34920636,2.5268764,67.583496,0
44b6_996155de,922293,85,15.0,168.0,183.0,0.44129163,2.2732577,0.23809524,2.5434792,68.92444,0
44b6_996155de,922294,85,41.0,205.0,199.0,0.44352838,3.9233782,0.6507937,2.5434792,68.92444,0
44b6_996155de,922295,85,33.0,56.0,60.0,0.4225901,0.83379453,0.52380955,2.5302145,67.851685,1
44b6_996155de,922296,85,49.0,124.0,33.0,0.42779043,5.8890185,0.7777778,2.5434792,68.92444,0
44b6_996155de,922297,85,10.0,122.0,147.0,0.41818023,3.3105114,0.15873016,2.5368643,68.38806,0
44b6_996155de,922298,85,56.0,213.0,197.0,0.37957075,2.9258127,0.8888889,2.5434792,68.92444,0
44b6_996155de,922299,85,26.0,70.0,88.0,0.36720508,0.9459416,0.41269842,2.5335438,68.11987,1
44b6_996155de,922300,85,55.0,243.0,213.0,0.35108775,3.7609649,0.8730159,2.5434792,68.92444,0
44b6_996155de,922301,86,11.0,94.0,126.0,2.2707314,3.524104,0.17460318,2.5434792,68.92444,0
44b6_996155de,922302,86,7.0,206.0,210.0,2.0182388,3.2045915,0.11111111,2.5434792,68.92444,0
44b6_996155de,922303,86,43.0,161.0,171.0,1.5192399,3.118935,0.6825397,2.5434792,68.92444,0
44b6_996155de,922304,86,10.0,230.0,224.0,1.4490957,3.8087246,0.15873016,2.5434792,68.92444,0
44b6_996155de,922305,86,6.0,65.0,56.0,1.3021731,2.7444937,0.0952381,2.5434792,68.92444,0
44b6_996155de,922306,86,13.0,90.0,65.0,1.2300956,3.1526523,0.20634921,2.5434792,68.92444,0
44b6_996155de,922307,86,14.0,70.0,43.0,1.2220418,1.765772,0.22222222,2.5434792,68.92444,1
44b6_996155de,922308,86,40.0,36.0,18.0,1.198331,2.9694104,0.63492066,2.5434792,68.92444,1
44b6_996155de,922309,86,7.0,86.0,19.0,1.1935272,2.5989716,0.11111111,2.5434792,68.92444,0
44b6_996155de,922310,86,43.0,54.0,12.0,1.1312165,2.4002128,0.6825397,2.5434792,68.92444,0
44b6_996155de,922311,86,7.0,82.0,43.0,1.1267848,2.0684817,0.11111111,2.5401762,68.65625,1
44b6_996155de,922312,86,12.0,37.0,31.0,1.0899689,3.23396,0.1904762,2.5434792,68.92444,0
44b6_996155de,922313,86,18.0,93.0,82.0,1.0629297,2.7053354,0.2857143,2.5434792,68.92444,0
44b6_996155de,922314,86,14.0,14.0,20.0,0.99602085,2.3430524,0.22222222,2.5434792,68.92444,2
44b6_996155de,922315,86,4.0,60.0,9.0,0.9917309,2.3216038,0.06349207,2.5434792,68.92444,0
44b6_996155de,922316,86,18.0,21.0,12.0,0.9364878,1.7392979,0.2857143,2.5434792,68.92444,2
44b6_996155de,922317,86,15.0,32.0,51.0,0.928713,2.1767976,0.23809524,2.5434792,68.92444,0
44b6_996155de,922318,86,12.0,17.0,35.0,0.91924727,2.4350693,0.1904762,2.5302145,67.851685,0
44b6_996155de,922319,86,33.0,28.0,22.0,0.8997724,0.8626026,0.52380955,2.5335438,68.11987,2
44b6_996155de,922320,86,16.0,57.0,18.0,0.87989134,1.3463049,0.25396827,2.5066607,65.974365,0
44b6_996155de,922321,86,22.0,34.0,10.0,0.86361253,1.63609,0.34920636,2.5168092,66.77893,1
44b6_996155de,922322,86,39.0,174.0,34.0,0.85369897,3.257809,0.61904764,2.5434792,68.92444,0
44b6_996155de,922323,86,36.0,27.0,5.0,0.8286127,1.3813796,0.5714286,2.499849,65.43799,0
44b6_996155de,922324,86,43.0,51.0,31.0,0.81582856,1.5551803,0.6825397,2.5434792,68.92444,1
44b6_996155de,922325,86,28.0,21.0,26.0,0.8048381,0.9905316,0.44444445,2.4826555,64.097046,2
44b6_996155de,922326,86,32.0,170.0,11.0,0.80152214,4.5197535,0.50793654,2.5434792,68.92444,0
44b6_996155de,922327,86,57.0,75.0,18.0,0.76591784,2.3488023,0.9047619,2.5434792,68.92444,1
44b6_996155de,922328,86,58.0,69.0,16.0,0.7690698,2.2632117,0.9206349,2.5434792,68.92444,1
44b6_996155de,922329,86,25.0,10.0,25.0,0.73674965,0.7849528,0.3968254,2.5401762,68.65625,2
44b6_996155de,922330,86,33.0,48.0,38.0,0.70320827,2.116461,0.52380955,2.5268764,67.583496,2
44b6_996155de,922331,86,59.0,92.0,18.0,0.7086631,3.5932238,0.93650794,2.5434792,68.92444,0
44b6_996155de,922332,86,17.0,53.0,74.0,0.6997332,2.514175,0.26984128,2.5401762,68.65625,0
44b6_996155de,922333,86,60.0,53.0,28.0,0.6816529,2.1157558,0.95238096,2.5401762,68.65625,0
44b6_996155de,922334,86,37.0,169.0,58.0,0.6766023,3.2836344,0.5873016,2.5434792,68.92444,2
44b6_996155de,922335,86,15.0,71.0,96.0,0.62118787,2.3559096,0.23809524,2.5302145,67.851685,1
44b6_996155de,922336,86,19.0,170.0,45.0,0.61591655,3.034005,0.3015873,2.5434792,68.92444,1
44b6_996155de,922337,86,7.0,51.0,101.0,0.6125395,4.184113,0.11111111,2.5401762,68.65625,0
44b6_996155de,922338,86,58.0,181.0,61.0,0.58493745,3.250197,0.9206349,2.5434792,68.92444,1
44b6_996155de,922339,86,27.0,176.0,51.0,0.56967926,2.1910567,0.42857143,2.5434792,68.92444,2
44b6_996155de,922340,86,47.0,177.0,58.0,0.55552703,2.0757158,0.74603176,2.5434792,68.92444,2
44b6_996155de,922341,86,29.0,115.0,16.0,0.55069625,3.912405,0.46031746,2.5434792,68.92444,0
44b6_996155de,922342,86,31.0,40.0,47.0,0.53773826,0.95419127,0.4920635,2.396606,57.660522,1
44b6_996155de,922343,86,40.0,58.0,53.0,0.48924944,1.5431502,0.63492066,2.5434792,68.92444,1
44b6_996155de,922344,86,22.0,207.0,208.0,0.48413727,0.32894948,0.34920636,2.4475355,61.41516,0
44b6_996155de,922345,86,43.0,69.0,72.0,0.4709248,3.0004494,0.6825397,2.5434792,68.92444,0
44b6_996155de,922346,86,58.0,152.0,45.0,0.4705039,5.550395,0.9206349,2.5434792,68.92444,0
44b6_996155de,922347,86,26.0,135.0,26.0,0.4496929,4.122384,0.41269842,2.5401762,68.65625,0
44b6_996155de,922348,86,33.0,56.0,62.0,0.4455057,1.2650441,0.52380955,2.5368643,68.38806,1
44b6_996155de,922349,86,42.0,246.0,232.0,0.446257,3.0970378,0.6666667,2.5434792,68.92444,0
44b6_996155de,922350,86,10.0,123.0,148.0,0.43850186,3.585233,0.15873016,2.5368643,68.38806,0
44b6_996155de,922351,86,48.0,126.0,33.0,0.4212197,5.976469,0.7619048,2.5434792,68.92444,0
44b6_996155de,922352,86,41.0,206.0,201.0,0.40168858,3.632258,0.6507937,2.5434792,68.92444,0
44b6_996155de,922353,86,56.0,213.0,198.0,0.37716514,2.8383915,0.8888889,2.5434792,68.92444,0
44b6_996155de,922354,86,27.0,70.0,88.0,0.3576683,0.89691496,0.42857143,2.5235295,67.31531,1
44b6_996155de,922355,86,55.0,243.0,215.0,0.34496734,3.8960016,0.8730159,2.5434792,68.92444,0
44b6_996155de,922356,87,12.0,95.0,128.0,2.4585688,3.7683659,0.1904762,2.5434792,68.92444,0
44b6_996155de,922357,87,9.0,207.0,212.0,2.1744366,3.6423237,0.14285715,2.5434792,68.92444,0
44b6_996155de,922358,87,11.0,233.0,228.0,1.6857647,4.206743,0.17460318,2.5434792,68.92444,0
44b6_996155de,922359,87,44.0,162.0,172.0,1.5208453,2.9751484,0.6984127,2.5434792,68.92444,0
44b6_996155de,922360,87,6.0,66.0,57.0,1.2902626,2.6841762,0.0952381,2.5434792,68.92444,0
44b6_996155de,922361,87,15.0,71.0,45.0,1.2504319,1.6211271,0.23809524,2.5434792,68.92444,1
44b6_996155de,922362,87,8.0,86.0,26.0,1.2197318,2.5830455,0.12698413,2.5434792,68.92444,0
44b6_996155de,922363,87,8.0,78.0,45.0,1.1968137,1.6393396,0.12698413,2.5368643,68.38806,1
44b6_996155de,922364,87,40.0,37.0,20.0,1.2068424,3.1587398,0.63492066,2.5434792,68.92444,1
44b6_996155de,922365,87,5.0,3.0,75.0,1.1935141,3.6066396,0.07936508,2.5401762,68.65625,0
44b6_996155de,922366,87,44.0,54.0,11.0,1.1742823,2.861407,0.6984127,2.5434792,68.92444,0
44b6_996155de,922367,87,13.0,91.0,68.0,1.1469299,2.7269192,0.20634921,2.5434792,68.92444,0
44b6_996155de,922368,87,13.0,39.0,37.0,1.0728606,2.8718975,0.20634921,2.5434792,68.92444,0
44b6_996155de,922369,87,3.0,61.0,9.0,1.0226243,2.4701052,0.04761905,2.5368643,68.38806,0
44b6_996155de,922370,87,19.0,95.0,86.0,1.0061352,3.1292512,0.3015873,2.5434792,68.92444,0
44b6_996155de,922371,87,15.0,31.0,54.0,0.97895163,2.3529508,0.23809524,2.5434792,68.92444,0
44b6_996155de,922372,87,15.0,17.0,22.0,0.9634143,1.874077,0.23809524,2.5401762,68.65625,1
44b6_996155de,922373,87,19.0,23.0,16.0,0.960698,1.8569435,0.3015873,2.5401762,68.65625,2
44b6_996155de,922374,87,23.0,36.0,13.0,0.9221447,2.221335,0.36507937,2.5368643,68.38806,1
44b6_996155de,922375,87,34.0,30.0,25.0,0.90410393,0.91744316,0.53968257,2.5401762,68.65625,2
44b6_996155de,922376,87,12.0,20.0,39.0,0.8972837,2.6282346,0.1904762,2.5268764,67.583496,0
44b6_996155de,922377,87,40.0,176.0,36.0,0.8918974,3.209658,0.63492066,2.5434792,68.92444,0
44b6_996155de,922378,87,16.0,56.0,18.0,0.8561168,1.2759928,0.25396827,2.5100527,66.24255,0
44b6_996155de,922379,87,29.0,18.0,28.0,0.7934611,1.0911934,0.46031746,2.4791882,63.828857,1
44b6_996155de,922380,87,43.0,54.0,30.0,0.7840467,1.483869,0.6825397,2.5401762,68.65625,1
44b6_996155de,922381,87,59.0,71.0,18.0,0.7665517,2.3081567,0.93650794,2.5401762,68.65625,0
44b6_996155de,922382,87,17.0,55.0,76.0,0.7325404,2.9550223,0.26984128,2.5368643,68.38806,0
44b6_996155de,922383,87,59.0,93.0,21.0,0.725725,3.7881064,0.93650794,2.5434792,68.92444,0
44b6_996155de,922384,87,33.0,48.0,38.0,0.7022367,2.5432491,0.52380955,2.5302145,67.851685,2
44b6_996155de,922385,87,60.0,55.0,32.0,0.6960176,2.1029017,0.95238096,2.5401762,68.65625,0
44b6_996155de,922386,87,20.0,170.0,47.0,0.66732013,3.4777422,0.31746033,2.5401762,68.65625,0
44b6_996155de,922387,87,38.0,168.0,59.0,0.6704623,3.0834947,0.6031746,2.5434792,68.92444,1
44b6_996155de,922388,87,16.0,72.0,100.0,0.62686294,2.0078542,0.25396827,2.5335438,68.11987,0
44b6_996155de,922389,87,8.0,51.0,101.0,0.62735,4.166015,0.12698413,2.5434792,68.92444,0
44b6_996155de,922390,87,35.0,171.0,17.0,0.62702197,3.1590695,0.5555556,2.5434792,68.92444,0
44b6_996155de,922391,87,48.0,176.0,58.0,0.61249304,2.5546942,0.7619048,2.5434792,68.92444,2
44b6_996155de,922392,87,59.0,182.0,62.0,0.57777447,3.3031743,0.93650794,2.5434792,68.92444,1
44b6_996155de,922393,87,30.0,114.0,17.0,0.56454986,4.0685825,0.47619048,2.5434792,68.92444,0
44b6_996155de,922394,87,28.0,244.0,234.0,0.56211734,2.3470993,0.44444445,2.5401762,68.65625,1
44b6_996155de,922395,87,32.0,42.0,49.0,0.5456256,1.0346353,0.50793654,2.429591,60.07422,1
44b6_996155de,922396,87,43.0,69.0,74.0,0.48927638,2.9366808,0.6825397,2.5434792,68.92444,0
44b6_996155de,922397,87,40.0,58.0,55.0,0.48281085,1.6135972,0.63492066,2.5401762,68.65625,1
44b6_996155de,922398,87,58.0,152.0,47.0,0.47277242,5.380768,0.9206349,2.5434792,68.92444,0
44b6_996155de,922399,87,34.0,58.0,65.0,0.4480606,1.2779472,0.53968257,2.5368643,68.38806,1
44b6_996155de,922400,87,26.0,135.0,27.0,0.43450066,4.2917747,0.41269842,2.5401762,68.65625,0
44b6_996155de,922401,87,11.0,125.0,151.0,0.435132,3.611335,0.17460318,2.5401762,68.65625,0
44b6_996155de,922402,87,41.0,203.0,200.0,0.40301982,3.3497543,0.6507937,2.5434792,68.92444,0
44b6_996155de,922403,87,42.0,247.0,233.0,0.39745,2.8708153,0.6666667,2.5434792,68.92444,1
44b6_996155de,922404,87,48.0,126.0,36.0,0.39877152,5.350675,0.7619048,2.5434792,68.92444,0
44b6_996155de,922405,88,12.0,95.0,129.0,2.3965006,3.7440963,0.1904762,2.5434792,68.92444,0
44b6_996155de,922406,88,9.0,208.0,213.0,1.9807307,3.2811017,0.14285715,2.5434792,68.92444,0
44b6_996155de,922407,88,11.0,236.0,230.0,1.6077601,4.032789,0.17460318,2.5434792,68.92444,0
44b6_996155de,922408,88,44.0,164.0,174.0,1.5667596,3.1512408,0.6984127,2.5434792,68.92444,0
44b6_996155de,922409,88,10.0,74.0,42.0,1.3489661,2.1617155,0.15873016,2.5434792,68.92444,0
44b6_996155de,922410,88,6.0,65.0,56.0,1.32735,2.543226,0.0952381,2.5434792,68.92444,0
44b6_996155de,922411,88,5.0,4.0,75.0,1.2884101,3.7399487,0.07936508,2.5434792,68.92444,0
44b6_996155de,922412,88,7.0,86.0,29.0,1.1905293,1.9113953,0.11111111,2.5434792,68.92444,0
44b6_996155de,922413,88,40.0,39.0,21.0,1.1903727,2.9132152,0.63492066,2.5434792,68.92444,0
44b6_996155de,922414,88,43.0,54.0,12.0,1.1395273,2.8024566,0.6825397,2.5434792,68.92444,0
44b6_996155de,922415,88,12.0,92.0,69.0,1.1101608,2.6184895,0.1904762,2.5434792,68.92444,0
44b6_996155de,922416,88,12.0,39.0,39.0,1.0677581,2.737122,0.1904762,2.5434792,68.92444,0
44b6_996155de,922417,88,18.0,95.0,87.0,1.0110002,2.9067914,0.2857143,2.5434792,68.92444,0
44b6_996155de,922418,88,20.0,73.0,58.0,0.9888383,1.7272382,0.31746033,2.5235295,67.31531,0
44b6_996155de,922419,88,19.0,21.0,15.0,0.9744414,2.026425,0.3015873,2.5335438,68.11987,2
44b6_996155de,922420,88,16.0,15.0,22.0,0.95353,1.8335353,0.25396827,2.5100527,66.24255,3
44b6_996155de,922421,88,4.0,60.0,11.0,0.9394024,2.2202888,0.06349207,2.5434792,68.92444,0
44b6_996155de,922422,88,12.0,8.0,19.0,0.94147027,1.9231431,0.1904762,2.5401762,68.65625,1
44b6_996155de,922423,88,14.0,32.0,55.0,0.9413039,2.1066816,0.22222222,2.5434792,68.92444,0
44b6_996155de,922424,88,41.0,177.0,45.0,0.9293542,3.173815,0.6507937,2.5434792,68.92444,0
44b6_996155de,922425,88,22.0,35.0,12.0,0.89722,2.1268094,0.34920636,2.5235295,67.31531,1
44b6_996155de,922426,88,12.0,17.0,38.0,0.89809847,2.632232,0.1904762,2.5201738,67.04712,0
44b6_996155de,922427,88,37.0,31.0,8.0,0.87319577,1.5314509,0.5873016,2.4826555,64.097046,0
44b6_996155de,922428,88,17.0,54.0,21.0,0.83904266,1.8604602,0.26984128,2.5235295,67.31531,0
44b6_996155de,922429,88,29.0,19.0,28.0,0.8072535,1.2501152,0.46031746,2.5032594,65.70618,1
44b6_996155de,922430,88,45.0,4.0,3.0,0.78801346,3.1792698,0.71428573,2.5401762,68.65625,0
44b6_996155de,922431,88,15.0,82.0,4.0,0.7701857,1.0736444,0.23809524,2.5335438,68.11987,0
44b6_996155de,922432,88,61.0,72.0,20.0,0.76116425,2.1669776,0.96825397,2.4687274,63.024292,0
44b6_996155de,922433,88,44.0,55.0,34.0,0.74489146,1.4904835,0.6984127,2.5434792,68.92444,1
44b6_996155de,922434,88,33.0,48.0,38.0,0.74445826,2.6669722,0.52380955,2.5401762,68.65625,2
44b6_996155de,922435,88,17.0,53.0,77.0,0.7201184,3.1935165,0.26984128,2.5401762,68.65625,0
44b6_996155de,922436,88,60.0,57.0,33.0,0.695853,2.2788184,0.95238096,2.5401762,68.65625,0
44b6_996155de,922437,88,60.0,94.0,23.0,0.7025231,3.730405,0.95238096,2.5401762,68.65625,0
44b6_996155de,922438,88,39.0,163.0,58.0,0.6736534,2.9611967,0.61904764,2.5434792,68.92444,0
44b6_996155de,922439,88,15.0,70.0,100.0,0.642711,2.411895,0.23809524,2.5368643,68.38806,0
44b6_996155de,922440,88,9.0,49.0,100.0,0.6257226,3.845879,0.14285715,2.5434792,68.92444,0
44b6_996155de,922441,88,59.0,182.0,63.0,0.61436754,2.7879434,0.93650794,2.5434792,68.92444,0
44b6_996155de,922442,88,32.0,40.0,46.0,0.58300173,1.0977812,0.50793654,2.4439676,61.146973,1
44b6_996155de,922443,88,19.0,169.0,48.0,0.5803196,3.0979211,0.3015873,2.5335438,68.11987,1
44b6_996155de,922444,88,30.0,112.0,16.0,0.5224188,3.2812572,0.47619048,2.5434792,68.92444,0
44b6_996155de,922445,88,27.0,242.0,233.0,0.5190588,2.0038092,0.42857143,2.5434792,68.92444,0
44b6_996155de,922446,88,26.0,175.0,53.0,0.49868342,1.9270176,0.41269842,2.5434792,68.92444,1
44b6_996155de,922447,88,42.0,69.0,75.0,0.48813847,2.9806907,0.6666667,2.5434792,68.92444,0
44b6_996155de,922448,88,57.0,152.0,47.0,0.48503047,5.147921,0.9047619,2.5434792,68.92444,0
44b6_996155de,922449,88,33.0,57.0,64.0,0.43787536,1.1741079,0.52380955,2.5268764,67.583496,0
44b6_996155de,922450,88,15.0,169.0,186.0,0.41825858,2.1751742,0.23809524,2.5434792,68.92444,0
44b6_996155de,922451,88,57.0,217.0,203.0,0.4173311,2.9255524,0.9047619,2.5434792,68.92444,0
44b6_996155de,922452,88,47.0,128.0,37.0,0.41612217,5.9718122,0.74603176,2.5434792,68.92444,0
44b6_996155de,922453,88,41.0,201.0,199.0,0.41088027,2.9064097,0.6507937,2.5434792,68.92444,0
44b6_996155de,922454,88,11.0,126.0,152.0,0.39882046,3.4249327,0.17460318,2.5335438,68.11987,0
44b6_996155de,922455,88,27.0,136.0,31.0,0.3950542,3.9244156,0.42857143,2.5434792,68.92444,0
44b6_996155de,922456,88,42.0,249.0,236.0,0.38690504,3.263493,0.6666667,2.5434792,68.92444,0
44b6_996155de,922457,88,26.0,69.0,87.0,0.37627438,0.9763947,0.41269842,2.5335438,68.11987,0
44b6_996155de,922458,89,12.0,98.0,131.0,2.47359,3.938979,0.1904762,2.5434792,68.92444,0
44b6_996155de,922459,89,8.0,210.0,213.0,1.9770135,3.2640688,0.12698413,2.5434792,68.92444,0
44b6_996155de,922460,89,12.0,240.0,232.0,1.7186403,4.2954173,0.1904762,2.5434792,68.92444,0
44b6_996155de,922461,89,45.0,167.0,175.0,1.6481805,3.2028468,0.71428573,2.5434792,68.92444,0
44b6_996155de,922462,89,6.0,4.0,76.0,1.3943249,3.6168373,0.0952381,2.5434792,68.92444,0
44b6_996155de,922463,89,6.0,66.0,60.0,1.3663827,2.9271,0.0952381,2.5434792,68.92444,0
44b6_996155de,922464,89,11.0,75.0,43.0,1.3126447,2.2697463,0.17460318,2.5434792,68.92444,0
44b6_996155de,922465,89,40.0,40.0,22.0,1.205773,2.9554892,0.63492066,2.5434792,68.92444,1
44b6_996155de,922466,89,12.0,39.0,39.0,1.1883978,3.249236,0.1904762,2.5434792,68.92444,0
44b6_996155de,922467,89,44.0,54.0,13.0,1.1320193,2.751899,0.6984127,2.5434792,68.92444,0
44b6_996155de,922468,89,7.0,88.0,32.0,1.1201136,1.522363,0.11111111,2.5434792,68.92444,0
44b6_996155de,922469,89,12.0,94.0,69.0,1.1253971,2.613588,0.1904762,2.5434792,68.92444,0
44b6_996155de,922470,89,12.0,10.0,21.0,1.0873235,2.8258996,0.1904762,2.5434792,68.92444,1
44b6_996155de,922471,89,18.0,96.0,86.0,1.005954,2.4320066,0.2857143,2.5401762,68.65625,0
44b6_996155de,922472,89,13.0,35.0,56.0,0.9748109,2.180284,0.20634921,2.5434792,68.92444,1
44b6_996155de,922473,89,33.0,33.0,25.0,0.95381147,1.0838323,0.52380955,2.5368643,68.38806,3
44b6_996155de,922474,89,19.0,78.0,63.0,0.95911705,2.182427,0.3015873,2.5335438,68.11987,0
44b6_996155de,922475,89,11.0,15.0,35.0,0.9452732,1.9426571,0.17460318,2.5235295,67.31531,1
44b6_996155de,922476,89,17.0,26.0,18.0,0.9315885,1.8190343,0.26984128,2.5434792,68.92444,1
44b6_996155de,922477,89,23.0,37.0,16.0,0.9335462,2.1666446,0.36507937,2.5368643,68.38806,2
44b6_996155de,922478,89,6.0,63.0,13.0,0.91813374,2.4916544,0.0952381,2.5368643,68.38806,1
44b6_996155de,922479,89,15.0,57.0,20.0,0.86222255,1.6977895,0.23809524,2.5401762,68.65625,1
44b6_996155de,922480,89,36.0,33.0,9.0,0.8617037,1.297585,0.5714286,2.499849,65.43799,0
44b6_996155de,922481,89,12.0,80.0,20.0,0.8560067,0.80916137,0.1904762,2.499849,65.43799,0
44b6_996155de,922482,89,41.0,181.0,53.0,0.8604631,2.645794,0.6507937,2.5434792,68.92444,0
44b6_996155de,922483,89,29.0,19.0,28.0,0.8368475,1.5927315,0.46031746,2.5134354,66.51074,2
44b6_996155de,922484,89,33.0,47.0,36.0,0.79842395,1.7568372,0.52380955,2.5401762,68.65625,0
44b6_996155de,922485,89,60.0,75.0,22.0,0.7834979,2.6483018,0.95238096,2.5401762,68.65625,0
44b6_996155de,922486,89,21.0,42.0,59.0,0.76310843,1.2448343,0.33333334,2.5335438,68.11987,1
44b6_996155de,922487,89,26.0,11.0,29.0,0.75325114,0.87030864,0.41269842,2.5401762,68.65625,1
44b6_996155de,922488,89,43.0,59.0,35.0,0.7533367,2.0545087,0.6825397,2.5401762,68.65625,0
44b6_996155de,922489,89,59.0,96.0,26.0,0.71555686,3.939216,0.93650794,2.5434792,68.92444,0
44b6_996155de,922490,89,16.0,54.0,79.0,0.6956171,2.71959,0.25396827,2.5302145,67.851685,0
44b6_996155de,922491,89,60.0,60.0,36.0,0.69018525,2.3784845,0.95238096,2.5401762,68.65625,0
44b6_996155de,922492,89,40.0,162.0,60.0,0.6927465,3.6188045,0.63492066,2.5401762,68.65625,0
44b6_996155de,922493,89,14.0,72.0,102.0,0.64270365,2.5850186,0.22222222,2.5434792,68.92444,0
44b6_996155de,922494,89,60.0,182.0,63.0,0.64238894,3.307484,0.95238096,2.5401762,68.65625,0
44b6_996155de,922495,89,8.0,52.0,103.0,0.63941216,4.0477033,0.12698413,2.5434792,68.92444,0
44b6_996155de,922496,89,37.0,186.0,37.0,0.6036023,2.1988504,0.5873016,2.5434792,68.92444,0
44b6_996155de,922497,89,19.0,171.0,49.0,0.5908499,3.2274625,0.3015873,2.5335438,68.11987,0
44b6_996155de,922498,89,27.0,243.0,233.0,0.54570395,1.4096181,0.42857143,2.5368643,68.38806,0
44b6_996155de,922499,89,30.0,114.0,17.0,0.53528863,3.4034343,0.47619048,2.5434792,68.92444,0
44b6_996155de,922500,89,42.0,71.0,76.0,0.51368964,3.1980593,0.6666667,2.5434792,68.92444,0
44b6_996155de,922501,89,42.0,169.0,38.0,0.51441646,1.8631191,0.6666667,2.5434792,68.92444,0
44b6_996155de,922502,89,57.0,152.0,49.0,0.51435524,6.0171623,0.9047619,2.5434792,68.92444,0
44b6_996155de,922503,89,32.0,59.0,66.0,0.43906465,1.268272,0.50793654,2.5134354,66.51074,0
44b6_996155de,922504,89,14.0,171.0,187.0,0.4331351,2.1501162,0.22222222,2.5434792,68.92444,1
44b6_996155de,922505,89,12.0,173.0,191.0,0.42819664,1.4114163,0.1904762,2.5434792,68.92444,1
44b6_996155de,922506,89,57.0,218.0,203.0,0.43576583,3.2496548,0.9047619,2.5434792,68.92444,0
44b6_996155de,922507,89,47.0,129.0,37.0,0.4312361,6.0386395,0.74603176,2.5434792,68.92444,0
44b6_996155de,922508,89,41.0,204.0,200.0,0.42167485,3.0181987,0.6507937,2.5434792,68.92444,1
44b6_996155de,922509,89,11.0,130.0,155.0,0.4167168,3.7904973,0.17460318,2.5434792,68.92444,0
44b6_996155de,922510,89,27.0,139.0,33.0,0.40706998,3.9876573,0.42857143,2.5434792,68.92444,0
44b6_996155de,922511,89,26.0,72.0,90.0,0.3880405,1.2157938,0.41269842,2.5335438,68.11987,0
44b6_996155de,922512,89,42.0,250.0,236.0,0.38957736,3.8063467,0.6666667,2.5434792,68.92444,0
44b6_996155de,922513,89,40.0,190.0,198.0,0.39005947,2.524399,0.63492066,2.5434792,68.92444,1
44b6_996155de,922514,90,12.0,101.0,135.0,2.4018502,3.7111986,0.1904762,2.5434792,68.92444,0
44b6_996155de,922515,90,8.0,209.0,212.0,2.1055698,3.302419,0.12698413,2.5434792,68.92444,0
44b6_996155de,922516,90,13.0,242.0,234.0,1.9002398,4.632036,0.20634921,2.5434792,68.92444,1
44b6_996155de,922517,90,46.0,167.0,175.0,1.796853,3.4296765,0.73015875,2.5434792,68.92444,0
44b6_996155de,922518,90,6.0,5.0,76.0,1.3744806,3.6581368,0.0952381,2.5434792,68.92444,0
44b6_996155de,922519,90,9.0,76.0,43.0,1.2972665,2.2641468,0.14285715,2.5434792,68.92444,0
44b6_996155de,922520,90,39.0,41.0,23.0,1.2398821,3.4092171,0.61904764,2.5434792,68.92444,0
44b6_996155de,922521,90,6.0,65.0,58.0,1.2398821,2.3349164,0.0952381,2.5401762,68.65625,0
44b6_996155de,922522,90,11.0,95.0,71.0,1.1328807,2.1707306,0.17460318,2.5434792,68.92444,1
44b6_996155de,922523,90,44.0,54.0,14.0,1.1301495,2.7677348,0.6984127,2.5434792,68.92444,0
44b6_996155de,922524,90,15.0,93.0,79.0,1.1239948,1.8650069,0.23809524,2.5434792,68.92444,1
44b6_996155de,922525,90,12.0,36.0,37.0,1.10799,3.1981385,0.1904762,2.5434792,68.92444,0
44b6_996155de,922526,90,13.0,10.0,19.0,1.043844,2.4411294,0.20634921,2.5434792,68.92444,0
44b6_996155de,922527,90,11.0,17.0,33.0,1.0079851,2.5179935,0.17460318,2.5434792,68.92444,0
44b6_996155de,922528,90,17.0,26.0,19.0,0.9645132,2.177164,0.26984128,2.5401762,68.65625,1
44b6_996155de,922529,90,7.0,65.0,11.0,0.93693316,2.042284,0.11111111,2.5268764,67.583496,1
44b6_996155de,922530,90,22.0,35.0,13.0,0.9438245,2.1260357,0.34920636,2.5335438,68.11987,2
44b6_996155de,922531,90,12.0,28.0,55.0,0.93667376,2.6739774,0.1904762,2.5434792,68.92444,0
44b6_996155de,922532,90,19.0,77.0,63.0,0.9270686,2.1298862,0.3015873,2.5335438,68.11987,0
44b6_996155de,922533,90,15.0,57.0,20.0,0.85955507,1.7512454,0.23809524,2.5302145,67.851685,1
44b6_996155de,922534,90,45.0,5.0,4.0,0.8532634,2.4749012,0.71428573,2.5434792,68.92444,0
44b6_996155de,922535,90,36.0,34.0,10.0,0.8451068,1.0534563,0.5714286,2.4475355,61.41516,1
44b6_996155de,922536,90,42.0,180.0,56.0,0.83298343,2.6214864,0.6666667,2.5434792,68.92444,0
44b6_996155de,922537,90,29.0,20.0,29.0,0.7752784,1.2210106,0.46031746,2.5066607,65.974365,1
44b6_996155de,922538,90,60.0,75.0,22.0,0.74693394,2.3463452,0.95238096,2.5401762,68.65625,0
44b6_996155de,922539,90,43.0,61.0,35.0,0.7512664,2.5041163,0.6825397,2.5434792,68.92444,0
44b6_996155de,922540,90,21.0,40.0,58.0,0.7350684,1.7505069,0.33333334,2.5201738,67.04712,0
44b6_996155de,922541,90,26.0,9.0,29.0,0.7281673,1.058649,0.41269842,2.5434792,68.92444,1
44b6_996155de,922542,90,14.0,72.0,110.0,0.69998777,2.5499215,0.22222222,2.5434792,68.92444,1
44b6_996155de,922543,90,59.0,96.0,27.0,0.7072755,3.7485728,0.93650794,2.5434792,68.92444,0
44b6_996155de,922544,90,12.0,78.0,118.0,0.68663585,1.5390856,0.1904762,2.5434792,68.92444,1
44b6_996155de,922545,90,61.0,60.0,37.0,0.66473705,2.3287559,0.96825397,2.4687274,63.024292,0
44b6_996155de,922546,90,8.0,52.0,104.0,0.6562758,4.3569784,0.12698413,2.5434792,68.92444,0
44b6_996155de,922547,90,17.0,54.0,81.0,0.643384,2.907837,0.26984128,2.5434792,68.92444,0
44b6_996155de,922548,90,61.0,182.0,64.0,0.6261849,3.4992304,0.96825397,2.4687274,63.024292,0
44b6_996155de,922549,90,38.0,188.0,41.0,0.61936957,2.368976,0.6031746,2.5434792,68.92444,0
44b6_996155de,922550,90,41.0,163.0,61.0,0.61356723,2.6928983,0.6507937,2.5434792,68.92444,0
44b6_996155de,922551,90,20.0,171.0,49.0,0.575643,3.435896,0.31746033,2.5434792,68.92444,0
44b6_996155de,922552,90,26.0,244.0,234.0,0.5484913,0.47142938,0.41269842,2.4791882,63.828857,1
44b6_996155de,922553,90,29.0,113.0,14.0,0.52212024,3.1811717,0.46031746,2.5434792,68.92444,0
44b6_996155de,922554,90,42.0,71.0,76.0,0.49437144,3.017616,0.6666667,2.5434792,68.92444,0
44b6_996155de,922555,90,56.0,154.0,51.0,0.49398234,5.7364125,0.8888889,2.5434792,68.92444,0
44b6_996155de,922556,90,42.0,168.0,37.0,0.48386806,2.5543008,0.6666667,2.5434792,68.92444,0
44b6_996155de,922557,90,56.0,219.0,204.0,0.45203972,3.428207,0.8888889,2.5434792,68.92444,0
44b6_996155de,922558,90,32.0,60.0,67.0,0.4355896,1.4543434,0.50793654,2.5335438,68.11987,0
44b6_996155de,922559,90,14.0,170.0,186.0,0.42708808,2.55144,0.22222222,2.5434792,68.92444,0
44b6_996155de,922560,90,46.0,130.0,39.0,0.42299882,5.8865757,0.73015875,2.5434792,68.92444,0
44b6_996155de,922561,90,41.0,205.0,201.0,0.4219416,3.0070932,0.6507937,2.5434792,68.92444,1
44b6_996155de,922562,90,11.0,131.0,157.0,0.41687837,3.929902,0.17460318,2.5401762,68.65625,0
44b6_996155de,922563,90,39.0,191.0,199.0,0.38468787,2.485071,0.61904764,2.5434792,68.92444,1
44b6_996155de,922564,90,25.0,139.0,32.0,0.38091427,3.646692,0.3968254,2.5434792,68.92444,0
44b6_996155de,922565,90,25.0,73.0,92.0,0.3732276,0.80268973,0.3968254,2.5268764,67.583496,0
44b6_996155de,922566,90,41.0,252.0,236.0,0.3631486,3.4211843,0.6507937,2.5401762,68.65625,0
44b6_996155de,922567,91,13.0,101.0,135.0,2.5285978,3.8584073,0.20634921,2.5434792,68.92444,0
44b6_996155de,922568,91,7.0,212.0,213.0,2.0406628,3.2158246,0.11111111,2.5434792,68.92444,0
44b6_996155de,922569,91,13.0,245.0,235.0,1.92283,4.418591,0.20634921,2.5434792,68.92444,0
44b6_996155de,922570,91,46.0,168.0,175.0,1.8828427,3.4487805,0.73015875,2.5434792,68.92444,0
44b6_996155de,922571,91,11.0,74.0,42.0,1.3896582,2.6573646,0.17460318,2.5434792,68.92444,0
44b6_996155de,922572,91,6.0,5.0,75.0,1.3684213,3.594906,0.0952381,2.5434792,68.92444,0
44b6_996155de,922573,91,6.0,69.0,58.0,1.2979982,2.7781703,0.0952381,2.5401762,68.65625,0
44b6_996155de,922574,91,41.0,41.0,23.0,1.2635758,2.9923685,0.6507937,2.5434792,68.92444,1
44b6_996155de,922575,91,3.0,9.0,45.0,1.2232041,2.5021722,0.04761905,2.5401762,68.65625,1
44b6_996155de,922576,91,13.0,95.0,75.0,1.2106771,1.8859433,0.20634921,2.5434792,68.92444,0
44b6_996155de,922577,91,11.0,35.0,34.0,1.168688,3.0881226,0.17460318,2.5434792,68.92444,0
44b6_996155de,922578,91,8.0,89.0,32.0,1.1450922,1.4854399,0.12698413,2.5434792,68.92444,0
44b6_996155de,922579,91,44.0,54.0,14.0,1.1190614,2.1527352,0.6984127,2.5434792,68.92444,0
44b6_996155de,922580,91,61.0,41.0,9.0,1.0713797,3.786923,0.96825397,2.4687274,63.024292,0
44b6_996155de,922581,91,12.0,8.0,18.0,1.0574676,2.3941736,0.1904762,2.5434792,68.92444,0
44b6_996155de,922582,91,7.0,70.0,12.0,1.0400606,2.326891,0.11111111,2.5434792,68.92444,0
44b6_996155de,922583,91,10.0,13.0,36.0,1.0393239,1.6244724,0.15873016,2.5335438,68.11987,1
44b6_996155de,922584,91,18.0,82.0,65.0,0.98201305,1.9294727,0.2857143,2.5302145,67.851685,0
44b6_996155de,922585,91,16.0,27.0,21.0,0.961765,1.8731459,0.25396827,2.5434792,68.92444,1
44b6_996155de,922586,91,12.0,24.0,57.0,0.93799037,2.6950154,0.1904762,2.5401762,68.65625,0
44b6_996155de,922587,91,22.0,33.0,13.0,0.9122433,1.7261025,0.34920636,2.5302145,67.851685,2
44b6_996155de,922588,91,32.0,29.0,21.0,0.9059075,1.3703219,0.50793654,2.5368643,68.38806,2
44b6_996155de,922589,91,36.0,4.0,4.0,0.9034383,1.925366,0.5714286,2.5434792,68.92444,1
44b6_996155de,922590,91,45.0,7.0,5.0,0.8598463,1.6058171,0.71428573,2.5434792,68.92444,1
44b6_996155de,922591,91,33.0,46.0,34.0,0.8039229,1.1182956,0.52380955,2.5168092,66.77893,1
44b6_996155de,922592,91,29.0,19.0,30.0,0.7962827,1.5943056,0.46031746,2.5335438,68.11987,2
44b6_996155de,922593,91,42.0,185.0,58.0,0.8017375,2.4463985,0.6666667,2.5401762,68.65625,1
44b6_996155de,922594,91,44.0,64.0,35.0,0.79026747,2.9191976,0.6984127,2.5434792,68.92444,0
44b6_996155de,922595,91,27.0,59.0,8.0,0.7762817,1.4619675,0.42857143,2.5235295,67.31531,0
44b6_996155de,922596,91,13.0,74.0,111.0,0.7482833,2.764876,0.20634921,2.5434792,68.92444,0
44b6_996155de,922597,91,26.0,9.0,30.0,0.7377701,1.1529901,0.41269842,2.5434792,68.92444,1
44b6_996155de,922598,91,61.0,76.0,21.0,0.72008836,1.9435263,0.96825397,2.4687274,63.024292,0
44b6_996155de,922599,91,22.0,38.0,57.0,0.71426713,1.9176098,0.34920636,2.5268764,67.583496,0
44b6_996155de,922600,91,37.0,195.0,51.0,0.7088099,2.5643733,0.5873016,2.5401762,68.65625,1
44b6_996155de,922601,91,59.0,99.0,26.0,0.67359465,4.124966,0.93650794,2.5434792,68.92444,0
44b6_996155de,922602,91,61.0,182.0,63.0,0.65594536,3.7510662,0.96825397,2.4687274,63.024292,0
44b6_996155de,922603,91,17.0,55.0,83.0,0.6532952,3.2318928,0.26984128,2.5434792,68.92444,0
44b6_996155de,922604,91,7.0,54.0,106.0,0.6489024,3.9585013,0.11111111,2.5434792,68.92444,0
44b6_996155de,922605,91,41.0,163.0,61.0,0.5777501,3.7963243,0.6507937,2.5434792,68.92444,0
44b6_996155de,922606,91,20.0,173.0,50.0,0.55107313,3.2903674,0.31746033,2.5434792,68.92444,0
44b6_996155de,922607,91,30.0,114.0,16.0,0.5215403,3.0929775,0.47619048,2.5401762,68.65625,0
44b6_996155de,922608,91,57.0,154.0,51.0,0.5179282,6.050991,0.9047619,2.5434792,68.92444,0
44b6_996155de,922609,91,41.0,71.0,77.0,0.49071535,2.9520557,0.6507937,2.5434792,68.92444,0
44b6_996155de,922610,91,56.0,221.0,204.0,0.47812447,3.4034748,0.8888889,2.5434792,68.92444,0
44b6_996155de,922611,91,14.0,171.0,185.0,0.46670094,2.619891,0.22222222,2.5434792,68.92444,0
44b6_996155de,922612,91,42.0,168.0,36.0,0.4552578,3.64391,0.6666667,2.5434792,68.92444,0
44b6_996155de,922613,91,13.0,184.0,198.0,0.4499131,2.4792502,0.20634921,2.5401762,68.65625,0
44b6_996155de,922614,91,32.0,60.0,67.0,0.42075226,1.5780426,0.50793654,2.5268764,67.583496,0
44b6_996155de,922615,91,42.0,200.0,196.0,0.4041945,2.220171,0.6666667,2.5434792,68.92444,1
44b6_996155de,922616,91,39.0,193.0,200.0,0.4011893,2.4820786,0.61904764,2.5434792,68.92444,1
44b6_996155de,922617,91,47.0,130.0,40.0,0.3987666,5.30753,0.74603176,2.5434792,68.92444,0
44b6_996155de,922618,91,11.0,134.0,158.0,0.3906174,3.6267514,0.17460318,2.5434792,68.92444,0
44b6_996155de,922619,91,26.0,139.0,34.0,0.38349363,3.5232234,0.41269842,2.5434792,68.92444,0
44b6_996155de,922620,92,13.0,103.0,135.0,2.4839,3.876474,0.20634921,2.5434792,68.92444,0
44b6_996155de,922621,92,9.0,215.0,215.0,1.8909256,2.9438179,0.14285715,2.5434792,68.92444,0
44b6_996155de,922622,92,47.0,169.0,175.0,1.7281526,3.2095447,0.74603176,2.5434792,68.92444,0
44b6_996155de,922623,92,14.0,246.0,235.0,1.6805643,4.3067074,0.22222222,2.5434792,68.92444,0
44b6_996155de,922624,92,13.0,97.0,77.0,1.2825196,2.1213567,0.20634921,2.5368643,68.38806,0
44b6_996155de,922625,92,6.0,69.0,59.0,1.2636883,2.5677555,0.0952381,2.5401762,68.65625,0
44b6_996155de,922626,92,11.0,73.0,41.0,1.2255929,2.011846,0.17460318,2.5434792,68.92444,1
44b6_996155de,922627,92,41.0,43.0,23.0,1.235487,2.8679707,0.6507937,2.5434792,68.92444,2
44b6_996155de,922628,92,7.0,80.0,42.0,1.1914177,1.5904595,0.11111111,2.5434792,68.92444,2
44b6_996155de,922629,92,12.0,34.0,39.0,1.1894331,3.4101763,0.1904762,2.5434792,68.92444,0
44b6_996155de,922630,92,9.0,89.0,35.0,1.1434672,1.3789668,0.14285715,2.5434792,68.92444,1
44b6_996155de,922631,92,44.0,54.0,14.0,1.1221838,2.2232828,0.6984127,2.5434792,68.92444,1
44b6_996155de,922632,92,10.0,5.0,49.0,1.112236,1.8756126,0.15873016,2.5368643,68.38806,1
44b6_996155de,922633,92,10.0,16.0,33.0,1.1090546,2.5741558,0.15873016,2.5434792,68.92444,2
44b6_996155de,922634,92,3.0,11.0,45.0,1.0940547,1.9364585,0.04761905,2.5401762,68.65625,2
44b6_996155de,922635,92,12.0,11.0,21.0,1.091496,2.4983106,0.1904762,2.5434792,68.92444,1
44b6_996155de,922636,92,60.0,43.0,9.0,1.0392271,3.639678,0.95238096,2.5401762,68.65625,1
44b6_996155de,922637,92,7.0,70.0,15.0,0.9977094,1.7281994,0.11111111,2.5368643,68.38806,0
44b6_996155de,922638,92,35.0,8.0,3.0,0.9262063,2.0285208,0.5555556,2.5401762,68.65625,1
44b6_996155de,922639,92,32.0,29.0,22.0,0.9267577,2.0577834,0.50793654,2.5434792,68.92444,2
44b6_996155de,922640,92,23.0,32.0,11.0,0.9074738,1.8423369,0.36507937,2.5368643,68.38806,2
44b6_996155de,922641,92,17.0,27.0,19.0,0.9067592,1.6045668,0.26984128,2.5368643,68.38806,1
44b6_996155de,922642,92,12.0,24.0,60.0,0.8998703,2.5380366,0.1904762,2.5368643,68.38806,0
44b6_996155de,922643,92,45.0,8.0,6.0,0.850219,1.4063574,0.71428573,2.5434792,68.92444,1
44b6_996155de,922644,92,40.0,189.0,56.0,0.82694125,2.274057,0.63492066,2.5401762,68.65625,2
44b6_996155de,922645,92,33.0,47.0,35.0,0.7969948,1.317658,0.52380955,2.5134354,66.51074,1
44b6_996155de,922646,92,56.0,30.0,15.0,0.77460533,1.2307296,0.8888889,2.5100527,66.24255,1
44b6_996155de,922647,92,30.0,20.0,29.0,0.7736828,1.2211051,0.47619048,2.5032594,65.70618,2
44b6_996155de,922648,92,27.0,59.0,9.0,0.77421385,1.766796,0.42857143,2.5335438,68.11987,0
44b6_996155de,922649,92,37.0,197.0,52.0,0.7904853,2.3421,0.5873016,2.5434792,68.92444,1
44b6_996155de,922650,92,15.0,87.0,4.0,0.75782245,0.6893578,0.23809524,2.5134354,66.51074,0
44b6_996155de,922651,92,44.0,65.0,35.0,0.763916,2.954867,0.6984127,2.5434792,68.92444,0
44b6_996155de,922652,92,6.0,91.0,121.0,0.74978584,0.6193948,0.0952381,2.4652207,62.756104,0
44b6_996155de,922653,92,61.0,76.0,22.0,0.736462,1.9753373,0.96825397,2.4617038,62.487915,1
44b6_996155de,922654,92,13.0,76.0,112.0,0.74392974,2.8124568,0.20634921,2.5434792,68.92444,0
44b6_996155de,922655,92,26.0,9.0,30.0,0.72131515,1.2272091,0.41269842,2.5401762,68.65625,1
44b6_996155de,922656,92,58.0,83.0,22.0,0.7197783,2.1126788,0.9206349,2.5434792,68.92444,1
44b6_996155de,922657,92,22.0,40.0,59.0,0.689849,1.9224492,0.34920636,2.5368643,68.38806,0
44b6_996155de,922658,92,59.0,99.0,27.0,0.6911142,4.0517545,0.93650794,2.5434792,68.92444,0
44b6_996155de,922659,92,46.0,178.0,59.0,0.6472114,1.7037297,0.73015875,2.5302145,67.851685,1
44b6_996155de,922660,92,7.0,55.0,107.0,0.6416808,3.835021,0.11111111,2.5434792,68.92444,0
44b6_996155de,922661,92,61.0,181.0,62.0,0.6222748,4.4182034,0.96825397,2.4687274,63.024292,0
44b6_996155de,922662,92,17.0,60.0,86.0,0.6163253,2.8952408,0.26984128,2.5434792,68.92444,0
44b6_996155de,922663,92,41.0,164.0,62.0,0.5630913,3.3671632,0.6507937,2.5434792,68.92444,0
44b6_996155de,922664,92,30.0,113.0,15.0,0.5217777,2.9071646,0.47619048,2.5434792,68.92444,0
44b6_996155de,922665,92,57.0,153.0,52.0,0.5225412,5.762146,0.9047619,2.5434792,68.92444,0
44b6_996155de,922666,92,20.0,172.0,51.0,0.5053789,3.0399911,0.31746033,2.5401762,68.65625,0
44b6_996155de,922667,92,56.0,222.0,205.0,0.49063456,3.4377058,0.8888889,2.5434792,68.92444,0
44b6_996155de,922668,92,41.0,72.0,78.0,0.47734627,2.9626849,0.6507937,2.5434792,68.92444,0
44b6_996155de,922669,92,14.0,172.0,185.0,0.44780853,2.7106159,0.22222222,2.5434792,68.92444,0
44b6_996155de,922670,92,32.0,61.0,67.0,0.43100116,1.9002894,0.50793654,2.5268764,67.583496,0
44b6_996155de,922671,92,12.0,183.0,196.0,0.418726,2.3487575,0.1904762,2.5401762,68.65625,0
44b6_996155de,922672,92,41.0,168.0,37.0,0.4156058,3.639843,0.6507937,2.5434792,68.92444,0
44b6_996155de,922673,92,47.0,128.0,40.0,0.40697452,5.1536136,0.74603176,2.5434792,68.92444,0
44b6_996155de,922674,92,43.0,208.0,201.0,0.40312752,2.9683018,0.6825397,2.5434792,68.92444,0
44b6_996155de,922675,92,26.0,140.0,33.0,0.38563004,3.5353863,0.41269842,2.5434792,68.92444,0
44b6_996155de,922676,92,39.0,193.0,201.0,0.38466337,2.722818,0.61904764,2.5434792,68.92444,0
44b6_996155de,922677,93,14.0,104.0,136.0,2.3901427,3.6850183,0.22222222,2.5434792,68.92444,0
44b6_996155de,922678,93,9.0,217.0,216.0,2.0215552,2.9730535,0.14285715,2.5434792,68.92444,0
44b6_996155de,922679,93,46.0,172.0,177.0,1.8141767,3.2734787,0.73015875,2.5434792,68.92444,0
44b6_996155de,922680,93,16.0,250.0,237.0,1.568813,4.3033104,0.25396827,2.5434792,68.92444,0
44b6_996155de,922681,93,41.0,41.0,22.0,1.3464699,3.23126,0.6507937,2.5434792,68.92444,2
44b6_996155de,922682,93,7.0,6.0,76.0,1.3209872,3.2272363,0.11111111,2.5434792,68.92444,0
44b6_996155de,922683,93,12.0,98.0,76.0,1.3148471,2.3051076,0.1904762,2.5434792,68.92444,0
44b6_996155de,922684,93,12.0,34.0,42.0,1.2675551,3.7846887,0.1904762,2.5434792,68.92444,0
44b6_996155de,922685,93,6.0,70.0,58.0,1.2459242,2.56785,0.0952381,2.5401762,68.65625,0
44b6_996155de,922686,93,43.0,52.0,12.0,1.224592,2.743327,0.6825397,2.5434792,68.92444,1
44b6_996155de,922687,93,7.0,82.0,44.0,1.2065413,1.9607489,0.11111111,2.5368643,68.38806,1
44b6_996155de,922688,93,10.0,68.0,21.0,1.1893498,2.5314753,0.15873016,2.5434792,68.92444,0
44b6_996155de,922689,93,8.0,90.0,35.0,1.1814821,1.6218133,0.12698413,2.5434792,68.92444,1
44b6_996155de,922690,93,9.0,6.0,51.0,1.0530137,1.9438334,0.14285715,2.5434792,68.92444,0
44b6_996155de,922691,93,60.0,44.0,9.0,1.0385809,3.9006054,0.95238096,2.5401762,68.65625,0
44b6_996155de,922692,93,13.0,10.0,23.0,1.0104495,2.5987563,0.20634921,2.5434792,68.92444,1
44b6_996155de,922693,93,9.0,19.0,32.0,0.99246013,2.3791802,0.14285715,2.5335438,68.11987,1
44b6_996155de,922694,93,35.0,9.0,5.0,0.97746867,2.9624019,0.5555556,2.5434792,68.92444,1
44b6_996155de,922695,93,23.0,33.0,8.0,0.9677655,2.9349399,0.36507937,2.5434792,68.92444,0
44b6_996155de,922696,93,31.0,29.0,22.0,0.9442576,1.8758912,0.4920635,2.5434792,68.92444,2
44b6_996155de,922697,93,17.0,28.0,21.0,0.9134008,2.022143,0.26984128,2.5368643,68.38806,1
44b6_996155de,922698,93,39.0,194.0,51.0,0.88338596,2.727434,0.61904764,2.5434792,68.92444,0
44b6_996155de,922699,93,46.0,6.0,4.0,0.859861,1.3912491,0.73015875,2.5434792,68.92444,1
44b6_996155de,922700,93,34.0,46.0,34.0,0.856758,1.2782803,0.53968257,2.5235295,67.31531,1
44b6_996155de,922701,93,13.0,33.0,66.0,0.83534986,2.8402677,0.20634921,2.5434792,68.92444,1
44b6_996155de,922702,93,27.0,59.0,10.0,0.7975357,2.0779192,0.42857143,2.5434792,68.92444,0
44b6_996155de,922703,93,29.0,19.0,32.0,0.79746234,1.6180346,0.46031746,2.5268764,67.583496,2
44b6_996155de,922704,93,57.0,31.0,16.0,0.77438027,1.3028425,0.9047619,2.5434792,68.92444,0
44b6_996155de,922705,93,15.0,85.0,7.0,0.7660622,0.45764092,0.23809524,2.472224,63.29248,0
44b6_996155de,922706,93,44.0,67.0,35.0,0.7738321,3.7269423,0.6984127,2.5434792,68.92444,0
44b6_996155de,922707,93,26.0,8.0,31.0,0.7363385,1.1921264,0.41269842,2.5434792,68.92444,1
44b6_996155de,922708,93,13.0,75.0,111.0,0.7354159,3.2314577,0.20634921,2.5434792,68.92444,0
44b6_996155de,922709,93,57.0,82.0,21.0,0.6847221,1.9549092,0.9047619,2.5434792,68.92444,0
44b6_996155de,922710,93,21.0,40.0,59.0,0.690314,1.3015026,0.33333334,2.5434792,68.92444,1
44b6_996155de,922711,93,59.0,99.0,26.0,0.68958956,3.9374728,0.93650794,2.5434792,68.92444,0
44b6_996155de,922712,93,59.0,182.0,61.0,0.6613268,4.0111938,0.93650794,2.5434792,68.92444,1
44b6_996155de,922713,93,17.0,61.0,87.0,0.62082577,3.0377493,0.26984128,2.5434792,68.92444,0
44b6_996155de,922714,93,7.0,54.0,107.0,0.62041944,3.4019985,0.11111111,2.5434792,68.92444,0
44b6_996155de,922715,93,48.0,63.0,51.0,0.5686734,1.8591602,0.7619048,2.499849,65.43799,0
44b6_996155de,922716,93,41.0,163.0,60.0,0.5578372,4.663827,0.6507937,2.5434792,68.92444,0
44b6_996155de,922717,93,49.0,177.0,56.0,0.53532535,1.8719506,0.7777778,2.5434792,68.92444,1
44b6_996155de,922718,93,31.0,113.0,14.0,0.5243301,2.9543624,0.4920635,2.5434792,68.92444,0
44b6_996155de,922719,93,20.0,172.0,49.0,0.5157086,3.0067234,0.31746033,2.5335438,68.11987,0
44b6_996155de,922720,93,56.0,153.0,50.0,0.518212,5.887805,0.8888889,2.5434792,68.92444,0
44b6_996155de,922721,93,56.0,224.0,206.0,0.4947483,3.2894,0.8888889,2.5434792,68.92444,0
44b6_996155de,922722,93,42.0,72.0,77.0,0.48078457,2.8614185,0.6666667,2.5434792,68.92444,0
44b6_996155de,922723,93,14.0,174.0,186.0,0.46428308,2.7514021,0.22222222,2.5434792,68.92444,0
44b6_996155de,922724,93,42.0,169.0,36.0,0.4437364,3.8699365,0.6666667,2.5434792,68.92444,0
44b6_996155de,922725,93,31.0,61.0,68.0,0.42592078,1.9618225,0.4920635,2.5168092,66.77893,0
44b6_996155de,922726,93,47.0,129.0,39.0,0.43018624,5.523908,0.74603176,2.5434792,68.92444,0
44b6_996155de,922727,93,42.0,211.0,202.0,0.43045056,3.5637121,0.6666667,2.5434792,68.92444,0
44b6_996155de,922728,93,26.0,140.0,33.0,0.38249028,3.401123,0.41269842,2.5434792,68.92444,0
44b6_996155de,922729,94,14.0,103.0,135.0,2.36316,3.6657186,0.22222222,2.5434792,68.92444,0
44b6_996155de,922730,94,10.0,220.0,218.0,2.0704403,2.887791,0.15873016,2.5434792,68.92444,0
44b6_996155de,922731,94,46.0,172.0,176.0,1.8178182,3.3178265,0.73015875,2.5434792,68.92444,0
44b6_996155de,922732,94,6.0,6.0,75.0,1.3530896,3.26778,0.0952381,2.5434792,68.92444,0
44b6_996155de,922733,94,41.0,43.0,22.0,1.347997,3.114697,0.6507937,2.5434792,68.92444,2
44b6_996155de,922734,94,12.0,98.0,77.0,1.3250618,2.2946494,0.1904762,2.5434792,68.92444,0
44b6_996155de,922735,94,8.0,91.0,35.0,1.2953992,1.9991953,0.12698413,2.5434792,68.92444,1
44b6_996155de,922736,94,5.0,71.0,59.0,1.2714975,2.3770463,0.07936508,2.5434792,68.92444,0
44b6_996155de,922737,94,10.0,68.0,20.0,1.262066,3.2447457,0.15873016,2.5434792,68.92444,0
44b6_996155de,922738,94,11.0,34.0,44.0,1.2377065,3.6025198,0.17460318,2.5434792,68.92444,0
44b6_996155de,922739,94,43.0,54.0,13.0,1.2113135,2.3803902,0.6825397,2.5434792,68.92444,1
44b6_996155de,922740,94,9.0,10.0,55.0,1.2085578,2.5459633,0.14285715,2.5434792,68.92444,0
44b6_996155de,922741,94,6.0,84.0,42.0,1.1890929,1.4958804,0.0952381,2.5335438,68.11987,1
44b6_996155de,922742,94,60.0,44.0,8.0,1.0575693,3.6282542,0.95238096,2.5401762,68.65625,0
44b6_996155de,922743,94,23.0,33.0,8.0,1.0420527,3.1848872,0.36507937,2.5335438,68.11987,2
44b6_996155de,922744,94,8.0,21.0,36.0,0.99033105,2.3346393,0.12698413,2.5434792,68.92444,0
44b6_996155de,922745,94,34.0,10.0,6.0,0.9809999,2.983793,0.53968257,2.5434792,68.92444,1
44b6_996155de,922746,94,16.0,70.0,41.0,0.97318596,1.3979769,0.25396827,2.5401762,68.65625,0
44b6_996155de,922747,94,31.0,30.0,19.0,0.96311826,1.7482961,0.4920635,2.5368643,68.38806,2
44b6_996155de,922748,94,18.0,29.0,20.0,0.9542398,2.051746,0.2857143,2.5434792,68.92444,2
44b6_996155de,922749,94,12.0,13.0,22.0,0.94797254,2.7050734,0.1904762,2.5434792,68.92444,0
44b6_996155de,922750,94,39.0,198.0,57.0,0.91931826,3.6806376,0.61904764,2.5434792,68.92444,1
44b6_996155de,922751,94,34.0,46.0,34.0,0.84272075,1.0448004,0.53968257,2.5201738,67.04712,1
44b6_996155de,922752,94,46.0,9.0,5.0,0.82826763,1.4628118,0.73015875,2.5335438,68.11987,1
44b6_996155de,922753,94,15.0,86.0,7.0,0.82194895,0.76372236,0.23809524,2.5268764,67.583496,0
44b6_996155de,922754,94,26.0,60.0,10.0,0.79096735,1.9411786,0.41269842,2.5401762,68.65625,0
44b6_996155de,922755,94,29.0,20.0,31.0,0.7911142,1.6272215,0.46031746,2.5368643,68.38806,1
44b6_996155de,922756,94,57.0,30.0,17.0,0.78801847,1.3809441,0.9047619,2.5434792,68.92444,0
44b6_996155de,922757,94,43.0,82.0,7.0,0.77237606,1.5788767,0.6825397,2.5401762,68.65625,0
44b6_996155de,922758,94,13.0,42.0,67.0,0.7697673,2.0512347,0.20634921,2.5434792,68.92444,1
44b6_996155de,922759,94,44.0,68.0,35.0,0.7521841,3.4846678,0.6984127,2.5434792,68.92444,0
44b6_996155de,922760,94,21.0,41.0,61.0,0.72014534,1.3564732,0.33333334,2.5368643,68.38806,1
44b6_996155de,922761,94,26.0,8.0,31.0,0.71279645,1.3496454,0.41269842,2.5434792,68.92444,1
44b6_996155de,922762,94,57.0,81.0,20.0,0.69517165,1.8543392,0.9047619,2.5434792,68.92444,0
44b6_996155de,922763,94,13.0,74.0,111.0,0.6863471,2.7522736,0.20634921,2.5434792,68.92444,0
44b6_996155de,922764,94,59.0,99.0,25.0,0.6857842,4.152512,0.93650794,2.5434792,68.92444,0
44b6_996155de,922765,94,57.0,182.0,61.0,0.67104715,4.043165,0.9047619,2.5434792,68.92444,1
44b6_996155de,922766,94,18.0,61.0,85.0,0.6440839,3.1052601,0.2857143,2.5434792,68.92444,0
44b6_996155de,922767,94,7.0,55.0,107.0,0.6465996,3.590094,0.11111111,2.5434792,68.92444,0
44b6_996155de,922768,94,34.0,206.0,68.0,0.6340063,2.424683,0.53968257,2.5434792,68.92444,1
44b6_996155de,922769,94,54.0,61.0,44.0,0.5578885,1.0524721,0.85714287,2.5368643,68.38806,1
44b6_996155de,922770,94,47.0,66.0,54.0,0.5505103,2.1840315,0.74603176,2.5401762,68.65625,1
44b6_996155de,922771,94,40.0,164.0,58.0,0.54714775,3.967334,0.63492066,2.5434792,68.92444,0
44b6_996155de,922772,94,56.0,154.0,50.0,0.5423268,6.5999203,0.8888889,2.5434792,68.92444,0
44b6_996155de,922773,94,31.0,111.0,12.0,0.5144899,2.7643163,0.4920635,2.5434792,68.92444,0
44b6_996155de,922774,94,21.0,174.0,48.0,0.5051563,3.353636,0.33333334,2.5434792,68.92444,0
44b6_996155de,922775,94,58.0,225.0,206.0,0.4923745,3.1301973,0.9206349,2.5434792,68.92444,0
44b6_996155de,922776,94,49.0,177.0,55.0,0.48953575,1.5871836,0.7777778,2.5434792,68.92444,1
44b6_996155de,922777,94,41.0,74.0,78.0,0.4786457,2.9181464,0.6507937,2.5434792,68.92444,0
44b6_996155de,922778,94,31.0,62.0,68.0,0.45817488,1.7369391,0.4920635,2.5302145,67.851685,0
44b6_996155de,922779,94,42.0,213.0,203.0,0.45712256,3.9123516,0.6666667,2.5434792,68.92444,0
44b6_996155de,922780,94,14.0,173.0,185.0,0.44756627,2.995436,0.22222222,2.5434792,68.92444,0
44b6_996155de,922781,94,42.0,169.0,32.0,0.43091795,4.538488,0.6666667,2.5434792,68.92444,0
44b6_996155de,922782,94,48.0,130.0,39.0,0.41591173,5.2426867,0.7619048,2.5434792,68.92444,0
44b6_996155de,922783,94,27.0,141.0,32.0,0.37783325,3.269273,0.42857143,2.5401762,68.65625,0
44b6_996155de,922784,95,13.0,104.0,135.0,2.4023004,3.7203639,0.20634921,2.5434792,68.92444,0
44b6_996155de,922785,95,11.0,223.0,220.0,2.2741625,3.048631,0.17460318,2.5434792,68.92444,0
44b6_996155de,922786,95,46.0,172.0,176.0,1.8382741,3.3880591,0.73015875,2.5434792,68.92444,0
44b6_996155de,922787,95,41.0,44.0,23.0,1.3633605,3.1221955,0.6507937,2.5434792,68.92444,2
44b6_996155de,922788,95,6.0,9.0,77.0,1.2822725,3.2898984,0.0952381,2.5434792,68.92444,0
44b6_996155de,922789,95,8.0,93.0,34.0,1.2520617,1.9077665,0.12698413,2.5434792,68.92444,1
44b6_996155de,922790,95,10.0,70.0,21.0,1.2465824,3.0098183,0.15873016,2.5434792,68.92444,0
44b6_996155de,922791,95,12.0,98.0,78.0,1.2347845,1.8747586,0.1904762,2.5434792,68.92444,0
44b6_996155de,922792,95,6.0,71.0,58.0,1.2277684,2.341132,0.0952381,2.5401762,68.65625,0
44b6_996155de,922793,95,44.0,56.0,15.0,1.2175806,2.3491087,0.6984127,2.5434792,68.92444,1
44b6_996155de,922794,95,6.0,85.0,42.0,1.1835622,1.6880876,0.0952381,2.5268764,67.583496,1
44b6_996155de,922795,95,11.0,38.0,45.0,1.1770747,3.3175375,0.17460318,2.5368643,68.38806,0
44b6_996155de,922796,95,9.0,11.0,58.0,1.1080097,2.1512067,0.14285715,2.5434792,68.92444,0
44b6_996155de,922797,95,23.0,32.0,9.0,1.0451632,3.396645,0.36507937,2.5434792,68.92444,0
44b6_996155de,922798,95,7.0,21.0,37.0,1.0089396,2.5107107,0.11111111,2.5401762,68.65625,0
44b6_996155de,922799,95,19.0,30.0,25.0,0.9947042,2.6797006,0.3015873,2.5401762,68.65625,1
44b6_996155de,922800,95,32.0,33.0,23.0,0.97736347,1.2446271,0.50793654,2.5401762,68.65625,2
44b6_996155de,922801,95,40.0,202.0,62.0,0.98605096,3.8504465,0.63492066,2.5434792,68.92444,1
44b6_996155de,922802,95,35.0,13.0,9.0,0.9424149,2.9558177,0.5555556,2.5434792,68.92444,1
44b6_996155de,922803,95,9.0,17.0,21.0,0.8997748,2.1337144,0.14285715,2.5434792,68.92444,0
44b6_996155de,922804,95,15.0,87.0,9.0,0.88800627,1.0176389,0.23809524,2.5201738,67.04712,0
44b6_996155de,922805,95,46.0,7.0,6.0,0.83036244,1.7786415,0.73015875,2.5434792,68.92444,1
44b6_996155de,922806,95,12.0,38.0,68.0,0.83582705,2.4597955,0.1904762,2.5434792,68.92444,1
44b6_996155de,922807,95,29.0,20.0,33.0,0.82141304,1.7447351,0.46031746,2.5368643,68.38806,1
44b6_996155de,922808,95,56.0,32.0,21.0,0.7803588,1.5528134,0.8888889,2.5434792,68.92444,0
44b6_996155de,922809,95,42.0,83.0,9.0,0.7743924,1.62667,0.6666667,2.5401762,68.65625,0
44b6_996155de,922810,95,44.0,70.0,36.0,0.7628124,3.395189,0.6984127,2.5434792,68.92444,0
44b6_996155de,922811,95,26.0,8.0,32.0,0.7438074,1.7952462,0.41269842,2.5434792,68.92444,1
44b6_996155de,922812,95,29.0,78.0,2.0,0.7182658,1.1082642,0.46031746,2.4546402,61.951538,0
44b6_996155de,922813,95,56.0,82.0,22.0,0.7183809,1.9125015,0.8888889,2.5434792,68.92444,0
44b6_996155de,922814,95,21.0,41.0,62.0,0.719443,1.310827,0.33333334,2.5434792,68.92444,1
44b6_996155de,922815,95,13.0,74.0,111.0,0.6839439,2.8037724,0.20634921,2.5434792,68.92444,0
44b6_996155de,922816,95,34.0,208.0,73.0,0.68916625,2.2939258,0.53968257,2.5434792,68.92444,1
44b6_996155de,922817,95,59.0,100.0,26.0,0.67046463,4.168586,0.93650794,2.5434792,68.92444,0
44b6_996155de,922818,95,7.0,55.0,109.0,0.6541933,3.1142094,0.11111111,2.5434792,68.92444,0
44b6_996155de,922819,95,17.0,58.0,85.0,0.627279,2.9269905,0.26984128,2.5434792,68.92444,0
44b6_996155de,922820,95,58.0,181.0,62.0,0.6297066,4.03509,0.9206349,2.5434792,68.92444,1
44b6_996155de,922821,95,47.0,69.0,56.0,0.5718915,2.4648604,0.74603176,2.5401762,68.65625,0
44b6_996155de,922822,95,55.0,154.0,50.0,0.5346474,6.311101,0.8730159,2.5434792,68.92444,0
44b6_996155de,922823,95,39.0,164.0,57.0,0.5216455,4.30029,0.61904764,2.5401762,68.65625,0
44b6_996155de,922824,95,31.0,111.0,12.0,0.51694447,2.4570835,0.4920635,2.5434792,68.92444,0
44b6_996155de,922825,95,59.0,225.0,205.0,0.50078064,3.1745794,0.93650794,2.5434792,68.92444,0
44b6_996155de,922826,95,21.0,175.0,47.0,0.49200013,3.1727467,0.33333334,2.5434792,68.92444,0
44b6_996155de,922827,95,48.0,178.0,58.0,0.48594573,1.7439474,0.7619048,2.5434792,68.92444,1
44b6_996155de,922828,95,43.0,213.0,203.0,0.4669285,3.722344,0.6825397,2.5434792,68.92444,0
44b6_996155de,922829,95,41.0,74.0,79.0,0.45818958,2.6006942,0.6507937,2.5434792,68.92444,0
44b6_996155de,922830,95,14.0,173.0,185.0,0.44655555,3.1380076,0.22222222,2.5434792,68.92444,0
44b6_996155de,922831,95,41.0,169.0,34.0,0.42920247,4.7760167,0.6507937,2.5434792,68.92444,0
44b6_996155de,922832,95,49.0,129.0,39.0,0.41974893,5.07639,0.7777778,2.5401762,68.65625,0
44b6_996155de,922833,95,11.0,184.0,196.0,0.38632992,1.7757982,0.17460318,2.5434792,68.92444,0
44b6_996155de,922834,95,27.0,140.0,32.0,0.38172185,3.364782,0.42857143,2.5368643,68.38806,0
44b6_996155de,922835,95,39.0,191.0,201.0,0.377821,2.8535688,0.61904764,2.5434792,68.92444,0
44b6_996155de,922836,96,13.0,104.0,134.0,2.353831,3.7001507,0.20634921,2.5434792,68.92444,0
44b6_996155de,922837,96,12.0,227.0,222.0,2.3094583,2.980087,0.1904762,2.5434792,68.92444,0
44b6_996155de,922838,96,46.0,173.0,176.0,1.8276412,3.4111192,0.73015875,2.5434792,68.92444,0
44b6_996155de,922839,96,6.0,11.0,78.0,1.3270344,3.2909439,0.0952381,2.5434792,68.92444,0
44b6_996155de,922840,96,42.0,46.0,24.0,1.3211242,2.6134415,0.6666667,2.5434792,68.92444,1
44b6_996155de,922841,96,44.0,58.0,14.0,1.2994322,2.7767618,0.6984127,2.5434792,68.92444,0
44b6_996155de,922842,96,5.0,72.0,57.0,1.2361989,1.975569,0.07936508,2.5401762,68.65625,0
44b6_996155de,922843,96,8.0,96.0,32.0,1.224915,1.6624917,0.12698413,2.5434792,68.92444,0
44b6_996155de,922844,96,6.0,84.0,45.0,1.2134107,1.9888285,0.0952381,2.5335438,68.11987,0
44b6_996155de,922845,96,12.0,98.0,78.0,1.210851,1.9741577,0.1904762,2.5434792,68.92444,0
44b6_996155de,922846,96,9.0,12.0,61.0,1.1413505,2.131926,0.14285715,2.5434792,68.92444,0
44b6_996155de,922847,96,11.0,73.0,23.0,1.1252942,2.435687,0.17460318,2.5434792,68.92444,1
44b6_996155de,922848,96,12.0,37.0,49.0,1.1355286,3.075629,0.1904762,2.5434792,68.92444,0
44b6_996155de,922849,96,23.0,33.0,9.0,1.0903629,3.74689,0.36507937,2.5401762,68.65625,0
44b6_996155de,922850,96,16.0,80.0,29.0,1.0591708,1.3357438,0.25396827,2.5401762,68.65625,1
44b6_996155de,922851,96,20.0,31.0,27.0,1.0535692,2.7353966,0.31746033,2.5401762,68.65625,2
44b6_996155de,922852,96,39.0,206.0,62.0,1.0137435,3.9320962,0.61904764,2.5434792,68.92444,0
44b6_996155de,922853,96,32.0,36.0,22.0,0.9914568,1.3879685,0.50793654,2.5434792,68.92444,2
44b6_996155de,922854,96,7.0,22.0,39.0,0.98296505,2.1201892,0.11111111,2.5401762,68.65625,0
44b6_996155de,922855,96,15.0,89.0,10.0,0.93107456,1.2812058,0.23809524,2.5302145,67.851685,0
44b6_996155de,922856,96,36.0,18.0,10.0,0.89193153,2.7206862,0.5714286,2.5434792,68.92444,1
44b6_996155de,922857,96,8.0,20.0,22.0,0.85651076,1.7157552,0.12698413,2.5401762,68.65625,0
44b6_996155de,922858,96,21.0,75.0,64.0,0.8509507,2.544248,0.33333334,2.5434792,68.92444,0
44b6_996155de,922859,96,29.0,21.0,33.0,0.8261532,1.5957505,0.46031746,2.5302145,67.851685,2
44b6_996155de,922860,96,46.0,10.0,7.0,0.81384873,1.6330457,0.73015875,2.5401762,68.65625,1
44b6_996155de,922861,96,11.0,40.0,68.0,0.8196633,2.152605,0.17460318,2.5335438,68.11987,0
44b6_996155de,922862,96,57.0,35.0,19.0,0.7781441,1.157262,0.9047619,2.5368643,68.38806,0
44b6_996155de,922863,96,45.0,73.0,37.0,0.78737,3.5004294,0.71428573,2.5434792,68.92444,0
44b6_996155de,922864,96,23.0,64.0,12.0,0.7592712,1.0496651,0.36507937,2.4964292,65.1698,0
44b6_996155de,922865,96,26.0,9.0,34.0,0.7561364,2.1628397,0.41269842,2.5434792,68.92444,1
44b6_996155de,922866,96,14.0,76.0,110.0,0.72920984,2.970567,0.22222222,2.5434792,68.92444,0
44b6_996155de,922867,96,59.0,103.0,27.0,0.71298,5.181716,0.93650794,2.5434792,68.92444,0
44b6_996155de,922868,96,30.0,79.0,5.0,0.68188334,0.66790473,0.47619048,2.472224,63.29248,0
44b6_996155de,922869,96,7.0,57.0,109.0,0.6705601,3.4019895,0.11111111,2.5434792,68.92444,0
44b6_996155de,922870,96,17.0,57.0,85.0,0.625632,2.5489774,0.26984128,2.5434792,68.92444,0
44b6_996155de,922871,96,47.0,71.0,56.0,0.56689423,2.215907,0.74603176,2.5434792,68.92444,0
44b6_996155de,922872,96,58.0,183.0,62.0,0.57390064,3.9060574,0.9206349,2.5434792,68.92444,1
44b6_996155de,922873,96,31.0,112.0,13.0,0.54705477,2.7905788,0.4920635,2.5434792,68.92444,0
44b6_996155de,922874,96,54.0,155.0,52.0,0.5386242,6.5235796,0.85714287,2.5434792,68.92444,0
44b6_996155de,922875,96,40.0,166.0,59.0,0.53398186,3.8412683,0.63492066,2.5401762,68.65625,1
44b6_996155de,922876,96,59.0,226.0,205.0,0.5045884,3.221988,0.93650794,2.5434792,68.92444,0
44b6_996155de,922877,96,46.0,178.0,59.0,0.50088835,2.5086298,0.73015875,2.5434792,68.92444,2
44b6_996155de,922878,96,21.0,175.0,47.0,0.46669358,3.277168,0.33333334,2.5434792,68.92444,0
44b6_996155de,922879,96,41.0,75.0,79.0,0.4661063,2.5656345,0.6507937,2.5434792,68.92444,1
44b6_996155de,922880,96,44.0,213.0,201.0,0.44340354,3.8521688,0.6984127,2.5434792,68.92444,0
44b6_996155de,922881,96,42.0,170.0,34.0,0.43595427,5.1484346,0.6666667,2.5434792,68.92444,0
44b6_996155de,922882,96,15.0,172.0,183.0,0.43437093,3.2963455,0.23809524,2.5434792,68.92444,0
44b6_996155de,922883,96,44.0,83.0,76.0,0.42889658,2.069803,0.6984127,2.5434792,68.92444,1
44b6_996155de,922884,96,11.0,184.0,195.0,0.39316496,2.0383415,0.17460318,2.5434792,68.92444,0
44b6_996155de,922885,96,49.0,131.0,39.0,0.39183372,4.099796,0.7777778,2.5368643,68.38806,0
44b6_996155de,922886,96,27.0,141.0,32.0,0.38544405,3.3679018,0.42857143,2.5335438,68.11987,0
44b6_996155de,922887,96,39.0,190.0,200.0,0.38284266,2.8934767,0.61904764,2.5434792,68.92444,0
44b6_996155de,922888,96,28.0,77.0,90.0,0.359467,1.1797173,0.44444445,2.5066607,65.974365,0
44b6_996155de,922889,97,12.0,228.0,224.0,2.4019458,3.119737,0.1904762,2.5434792,68.92444,0
44b6_996155de,922890,97,14.0,105.0,137.0,2.3694172,3.671401,0.22222222,2.5434792,68.92444,0
44b6_996155de,922891,97,47.0,174.0,177.0,1.7972225,3.3248048,0.74603176,2.5434792,68.92444,0
44b6_996155de,922892,97,44.0,59.0,16.0,1.2556102,2.8916698,0.6984127,2.5434792,68.92444,0
44b6_996155de,922893,97,6.0,14.0,78.0,1.253256,2.9641805,0.0952381,2.5434792,68.92444,0
44b6_996155de,922894,97,5.0,72.0,57.0,1.2478061,2.066879,0.07936508,2.5335438,68.11987,1
44b6_996155de,922895,97,8.0,96.0,30.0,1.210545,1.8445445,0.12698413,2.5434792,68.92444,0
44b6_996155de,922896,97,6.0,82.0,47.0,1.1989061,1.9182862,0.0952381,2.5434792,68.92444,1
44b6_996155de,922897,97,43.0,49.0,29.0,1.15828,2.1726336,0.6825397,2.5434792,68.92444,0
44b6_996155de,922898,97,11.0,38.0,51.0,1.1646527,4.0951977,0.17460318,2.5434792,68.92444,1
44b6_996155de,922899,97,12.0,99.0,82.0,1.1502705,2.0052373,0.1904762,2.5434792,68.92444,0
44b6_996155de,922900,97,10.0,74.0,26.0,1.0947826,2.5025852,0.15873016,2.5434792,68.92444,1
44b6_996155de,922901,97,5.0,18.0,57.0,1.0611874,2.0063438,0.07936508,2.5434792,68.92444,1
44b6_996155de,922902,97,16.0,81.0,28.0,1.0350268,1.2515036,0.25396827,2.5401762,68.65625,1
44b6_996155de,922903,97,23.0,34.0,9.0,1.0408095,3.8262482,0.36507937,2.5434792,68.92444,0
44b6_996155de,922904,97,19.0,31.0,28.0,1.0251621,2.8449929,0.3015873,2.5434792,68.92444,1
44b6_996155de,922905,97,10.0,9.0,59.0,1.016712,1.5572903,0.15873016,2.5100527,66.24255,1
44b6_996155de,922906,97,6.0,22.0,40.0,0.978029,2.5698307,0.0952381,2.5401762,68.65625,0
44b6_996155de,922907,97,39.0,212.0,70.0,0.98768324,3.7977867,0.61904764,2.5434792,68.92444,1
44b6_996155de,922908,97,32.0,37.0,25.0,0.9657857,1.8275431,0.50793654,2.5434792,68.92444,1
44b6_996155de,922909,97,15.0,91.0,11.0,0.89387465,1.0323426,0.23809524,2.5368643,68.38806,0
44b6_996155de,922910,97,35.0,21.0,13.0,0.8725424,2.501617,0.5555556,2.5401762,68.65625,0
44b6_996155de,922911,97,6.0,18.0,21.0,0.86798817,2.6921942,0.0952381,2.5434792,68.92444,0
44b6_996155de,922912,97,46.0,11.0,10.0,0.8095735,1.7537799,0.73015875,2.5434792,68.92444,0
44b6_996155de,922913,97,45.0,74.0,38.0,0.822245,2.9103048,0.71428573,2.5434792,68.92444,0
44b6_996155de,922914,97,12.0,48.0,70.0,0.8080489,2.591526,0.1904762,2.5434792,68.92444,0
44b6_996155de,922915,97,21.0,73.0,63.0,0.79546535,2.447432,0.33333334,2.5401762,68.65625,0
44b6_996155de,922916,97,26.0,8.0,34.0,0.7551134,2.2276044,0.41269842,2.5434792,68.92444,0
44b6_996155de,922917,97,57.0,33.0,19.0,0.75215226,1.1518104,0.9047619,2.5201738,67.04712,0
44b6_996155de,922918,97,35.0,210.0,81.0,0.7438685,2.1362193,0.5555556,2.5434792,68.92444,1
44b6_996155de,922919,97,15.0,2.0,21.0,0.71065974,2.7412086,0.23809524,2.4652207,62.756104,0
44b6_996155de,922920,97,31.0,78.0,8.0,0.69744265,0.8835764,0.4920635,2.499849,65.43799,0
44b6_996155de,922921,97,14.0,75.0,111.0,0.6939138,2.963882,0.22222222,2.5434792,68.92444,0
44b6_996155de,922922,97,23.0,39.0,57.0,0.6891099,0.8662229,0.36507937,2.493,64.90161,2
44b6_996155de,922923,97,18.0,28.0,64.0,0.6836772,1.0728464,0.2857143,2.5401762,68.65625,1
44b6_996155de,922924,97,59.0,101.0,28.0,0.6862321,4.416751,0.93650794,2.5434792,68.92444,0
44b6_996155de,922925,97,7.0,58.0,111.0,0.6570247,3.3956983,0.11111111,2.5434792,68.92444,0
44b6_996155de,922926,97,17.0,59.0,87.0,0.63509524,2.6462743,0.26984128,2.5434792,68.92444,0
44b6_996155de,922927,97,47.0,71.0,58.0,0.5983383,2.6072092,0.74603176,2.5434792,68.92444,0
44b6_996155de,922928,97,54.0,155.0,54.0,0.56382054,6.4550986,0.85714287,2.5434792,68.92444,0
44b6_996155de,922929,97,31.0,111.0,15.0,0.5389129,3.0246694,0.4920635,2.5434792,68.92444,0
44b6_996155de,922930,97,46.0,176.0,61.0,0.52753836,3.0545201,0.73015875,2.5434792,68.92444,2
44b6_996155de,922931,97,58.0,182.0,63.0,0.5266329,3.7566926,0.9206349,2.5434792,68.92444,1
44b6_996155de,922932,97,40.0,164.0,61.0,0.5160292,3.5747328,0.63492066,2.5434792,68.92444,1
44b6_996155de,922933,97,59.0,226.0,206.0,0.5052028,3.3245785,0.93650794,2.5434792,68.92444,0
44b6_996155de,922934,97,20.0,176.0,49.0,0.46896702,3.323522,0.31746033,2.5434792,68.92444,0
44b6_996155de,922935,97,41.0,75.0,81.0,0.46485817,2.7330894,0.6507937,2.5434792,68.92444,1
44b6_996155de,922936,97,45.0,216.0,204.0,0.45911703,3.7730749,0.71428573,2.5434792,68.92444,0
44b6_996155de,922937,97,4.0,146.0,9.0,0.43964466,1.5796617,0.06349207,2.5434792,68.92444,0
44b6_996155de,922938,97,43.0,168.0,35.0,0.41937453,5.3863645,0.6825397,2.5434792,68.92444,0
44b6_996155de,922939,97,15.0,172.0,184.0,0.40936303,2.9094682,0.23809524,2.5434792,68.92444,0
44b6_996155de,922940,97,45.0,83.0,78.0,0.40381032,1.8167446,0.71428573,2.5434792,68.92444,1
44b6_996155de,922941,97,27.0,140.0,33.0,0.39401904,3.447046,0.42857143,2.5335438,68.11987,0
44b6_996155de,922942,97,50.0,130.0,41.0,0.39365688,3.9870937,0.7936508,2.5434792,68.92444,0
44b6_996155de,922943,97,11.0,183.0,195.0,0.38710815,1.853824,0.17460318,2.5434792,68.92444,0
44b6_996155de,922944,97,28.0,77.0,91.0,0.36470157,1.2450658,0.44444445,2.5201738,67.04712,0
44b6_996155de,922945,98,13.0,231.0,226.0,2.6053667,3.111054,0.20634921,2.5434792,68.92444,0
44b6_996155de,922946,98,14.0,108.0,139.0,2.244916,3.4863706,0.22222222,2.5434792,68.92444,0
44b6_996155de,922947,98,47.0,176.0,178.0,1.8488585,3.380544,0.74603176,2.5434792,68.92444,0
44b6_996155de,922948,98,5.0,74.0,58.0,1.2982894,2.2014382,0.07936508,2.5401762,68.65625,1
44b6_996155de,922949,98,6.0,81.0,48.0,1.2219075,1.7632312,0.0952381,2.5434792,68.92444,1
44b6_996155de,922950,98,5.0,18.0,82.0,1.2162689,2.4198146,0.07936508,2.5434792,68.92444,0
44b6_996155de,922951,98,4.0,20.0,57.0,1.2073098,2.2866812,0.06349207,2.5434792,68.92444,1
44b6_996155de,922952,98,7.0,97.0,32.0,1.1915008,1.77101,0.11111111,2.5434792,68.92444,0
44b6_996155de,922953,98,11.0,101.0,85.0,1.1786774,2.187273,0.17460318,2.5434792,68.92444,1
44b6_996155de,922954,98,10.0,75.0,25.0,1.141299,2.1778247,0.15873016,2.5434792,68.92444,1
44b6_996155de,922955,98,42.0,51.0,30.0,1.0963097,2.140961,0.6666667,2.5434792,68.92444,2
44b6_996155de,922956,98,15.0,83.0,30.0,1.0777231,1.1909866,0.23809524,2.5434792,68.92444,1
44b6_996155de,922957,98,42.0,61.0,13.0,1.0780438,2.3552344,0.6666667,2.5434792,68.92444,0
44b6_996155de,922958,98,18.0,32.0,32.0,1.0706507,2.7717223,0.2857143,2.5434792,68.92444,0
44b6_996155de,922959,98,7.0,111.0,84.0,1.0596921,1.6444305,0.11111111,2.5434792,68.92444,1
44b6_996155de,922960,98,21.0,37.0,14.0,0.991053,2.5529017,0.33333334,2.5434792,68.92444,1
44b6_996155de,922961,98,5.0,23.0,43.0,0.9732472,1.6984556,0.07936508,2.5401762,68.65625,1
44b6_996155de,922962,98,31.0,38.0,25.0,0.9749015,2.1391962,0.4920635,2.5434792,68.92444,4
44b6_996155de,922963,98,54.0,29.0,4.0,0.97587544,2.4949434,0.85714287,2.5434792,68.92444,0
44b6_996155de,922964,98,36.0,47.0,18.0,0.94759315,1.5092766,0.5714286,2.5168092,66.77893,2
44b6_996155de,922965,98,39.0,213.0,71.0,0.97152436,3.8688061,0.61904764,2.5434792,68.92444,1
44b6_996155de,922966,98,11.0,39.0,50.0,0.94873846,2.8171709,0.17460318,2.5401762,68.65625,0
44b6_996155de,922967,98,45.0,77.0,16.0,0.9385703,1.9926163,0.71428573,2.5434792,68.92444,0
44b6_996155de,922968,98,15.0,90.0,13.0,0.9171182,0.956543,0.23809524,2.5335438,68.11987,0
44b6_996155de,922969,98,35.0,27.0,16.0,0.896596,2.0673745,0.5555556,2.5235295,67.31531,1
44b6_996155de,922970,98,33.0,50.0,36.0,0.8964883,1.1534659,0.52380955,2.5302145,67.851685,2
44b6_996155de,922971,98,10.0,54.0,71.0,0.8764383,2.3590763,0.15873016,2.5434792,68.92444,0
44b6_996155de,922972,98,5.0,20.0,22.0,0.84493303,2.4689953,0.07936508,2.5268764,67.583496,0
44b6_996155de,922973,98,36.0,39.0,39.0,0.8313559,1.1583352,0.5714286,2.5134354,66.51074,2
44b6_996155de,922974,98,45.0,75.0,36.0,0.8238993,2.1019952,0.71428573,2.5434792,68.92444,0
44b6_996155de,922975,98,35.0,211.0,85.0,0.8345545,3.4524379,0.5555556,2.5434792,68.92444,1
44b6_996155de,922976,98,46.0,13.0,12.0,0.80369776,1.7606016,0.73015875,2.5401762,68.65625,0
44b6_996155de,922977,98,20.0,76.0,65.0,0.7822162,1.6779428,0.31746033,2.5302145,67.851685,0
44b6_996155de,922978,98,56.0,37.0,22.0,0.754509,1.2766132,0.8888889,2.5335438,68.11987,0
44b6_996155de,922979,98,24.0,63.0,16.0,0.75099725,0.89046365,0.3809524,2.5066607,65.974365,0
44b6_996155de,922980,98,25.0,9.0,35.0,0.7242542,1.9619789,0.3968254,2.5434792,68.92444,0
44b6_996155de,922981,98,14.0,3.0,26.0,0.7191087,3.022485,0.22222222,2.5401762,68.65625,0
44b6_996155de,922982,98,31.0,79.0,9.0,0.684727,0.57409847,0.4920635,2.4617038,62.487915,0
44b6_996155de,922983,98,16.0,60.0,87.0,0.68456304,2.3519402,0.25396827,2.5434792,68.92444,0
44b6_996155de,922984,98,14.0,78.0,111.0,0.6838925,2.6723213,0.22222222,2.5434792,68.92444,0
44b6_996155de,922985,98,24.0,41.0,58.0,0.67684454,1.8844758,0.3809524,2.5434792,68.92444,0
44b6_996155de,922986,98,58.0,103.0,30.0,0.66977215,4.2599697,0.9206349,2.5434792,68.92444,0
44b6_996155de,922987,98,20.0,25.0,61.0,0.65886986,1.5464965,0.31746033,2.5434792,68.92444,0
44b6_996155de,922988,98,6.0,60.0,113.0,0.6616352,3.111564,0.0952381,2.5434792,68.92444,0
44b6_996155de,922989,98,61.0,66.0,46.0,0.6520941,2.2786598,0.96825397,2.4687274,63.024292,0
44b6_996155de,922990,98,30.0,7.0,7.0,0.64384407,1.5624146,0.47619048,2.5302145,67.851685,0
44b6_996155de,922991,98,14.0,112.0,4.0,0.6209456,0.6192134,0.22222222,2.4861133,64.365234,0
44b6_996155de,922992,98,46.0,73.0,61.0,0.5778871,3.0406218,0.73015875,2.5434792,68.92444,0
44b6_996155de,922993,98,57.0,185.0,66.0,0.53775054,4.4226594,0.9047619,2.5434792,68.92444,0
44b6_996155de,922994,98,31.0,111.0,16.0,0.520532,2.8286204,0.4920635,2.5401762,68.65625,0
44b6_996155de,922995,98,45.0,177.0,61.0,0.51738,2.9088137,0.71428573,2.5434792,68.92444,1
44b6_996155de,922996,98,51.0,156.0,56.0,0.5161026,5.8276944,0.8095238,2.5434792,68.92444,0
44b6_996155de,922997,98,38.0,167.0,63.0,0.5084183,3.3486671,0.6031746,2.5401762,68.65625,1
44b6_996155de,922998,98,59.0,230.0,208.0,0.49466512,3.3624735,0.93650794,2.5434792,68.92444,0
44b6_996155de,922999,98,20.0,177.0,50.0,0.46663976,3.4152105,0.31746033,2.5434792,68.92444,0
44b6_996155de,923000,98,40.0,75.0,81.0,0.45900202,2.7663658,0.63492066,2.5434792,68.92444,0
44b6_996155de,923001,98,4.0,148.0,13.0,0.44087318,1.7998834,0.06349207,2.5401762,68.65625,0
44b6_996155de,923002,98,45.0,217.0,204.0,0.44977364,3.9183068,0.71428573,2.5434792,68.92444,0
44b6_996155de,923003,98,14.0,174.0,186.0,0.43422657,2.935503,0.22222222,2.5434792,68.92444,1
44b6_996155de,923004,98,42.0,169.0,36.0,0.4279348,6.1511793,0.6666667,2.5434792,68.92444,0
44b6_996155de,923005,98,11.0,184.0,196.0,0.40849912,1.9843459,0.17460318,2.5401762,68.65625,1
44b6_996155de,923006,98,28.0,143.0,37.0,0.40813205,3.4706132,0.44444445,2.5434792,68.92444,0
44b6_996155de,923007,99,13.0,234.0,229.0,2.6236815,3.404655,0.20634921,2.5434792,68.92444,0
44b6_996155de,923008,99,14.0,106.0,138.0,2.2277465,3.57056,0.22222222,2.5434792,68.92444,0
44b6_996155de,923009,99,47.0,179.0,181.0,1.7879158,3.240195,0.74603176,2.5434792,68.92444,0
44b6_996155de,923010,99,5.0,74.0,56.0,1.249196,1.8571353,0.07936508,2.5434792,68.92444,1
44b6_996155de,923011,99,7.0,81.0,49.0,1.2394269,1.9519824,0.11111111,2.5401762,68.65625,1
44b6_996155de,923012,99,4.0,19.0,83.0,1.1919366,2.2894735,0.06349207,2.5401762,68.65625,0
44b6_996155de,923013,99,7.0,97.0,36.0,1.1833884,1.5873011,0.11111111,2.5434792,68.92444,1
44b6_996155de,923014,99,14.0,88.0,34.0,1.165832,1.4337255,0.22222222,2.5434792,68.92444,1
44b6_996155de,923015,99,11.0,101.0,86.0,1.1627462,2.2817628,0.17460318,2.5434792,68.92444,1
44b6_996155de,923016,99,7.0,18.0,65.0,1.1532634,2.197707,0.11111111,2.5434792,68.92444,1
44b6_996155de,923017,99,43.0,58.0,35.0,1.0621809,2.0404313,0.6825397,2.5434792,68.92444,2
44b6_996155de,923018,99,6.0,113.0,86.0,1.0450432,1.898502,0.0952381,2.5434792,68.92444,1
44b6_996155de,923019,99,18.0,33.0,30.0,1.0200988,2.3788743,0.2857143,2.5434792,68.92444,1
44b6_996155de,923020,99,54.0,29.0,6.0,1.0053667,2.9313283,0.85714287,2.5434792,68.92444,0
44b6_996155de,923021,99,4.0,24.0,45.0,0.98229694,1.8545258,0.06349207,2.5434792,68.92444,1
44b6_996155de,923022,99,10.0,37.0,48.0,0.9856569,2.8078177,0.15873016,2.5434792,68.92444,1
44b6_996155de,923023,99,36.0,47.0,19.0,0.96416074,2.2825327,0.5714286,2.5335438,68.11987,1
44b6_996155de,923024,99,44.0,71.0,29.0,0.9631647,1.5388248,0.6984127,2.5201738,67.04712,1
44b6_996155de,923025,99,31.0,39.0,28.0,0.95656705,2.1193476,0.4920635,2.5434792,68.92444,3
44b6_996155de,923026,99,40.0,216.0,75.0,0.96089125,3.3311152,0.63492066,2.5434792,68.92444,1
44b6_996155de,923027,99,10.0,61.0,74.0,0.94177127,2.0723906,0.15873016,2.5434792,68.92444,1
44b6_996155de,923028,99,20.0,43.0,11.0,0.93190414,2.9652066,0.31746033,2.5401762,68.65625,1
44b6_996155de,923029,99,15.0,91.0,14.0,0.9173017,1.2208011,0.23809524,2.5168092,66.77893,0
44b6_996155de,923030,99,33.0,49.0,40.0,0.89869803,1.3981267,0.52380955,2.5401762,68.65625,2
44b6_996155de,923031,99,35.0,42.0,39.0,0.8706654,1.2455372,0.5555556,2.5066607,65.974365,2
44b6_996155de,923032,99,5.0,20.0,25.0,0.855341,2.8370323,0.07936508,2.5302145,67.851685,0
44b6_996155de,923033,99,19.0,78.0,65.0,0.8482735,1.5823945,0.3015873,2.5335438,68.11987,0
44b6_996155de,923034,99,35.0,26.0,16.0,0.8424272,2.0244534,0.5555556,2.5335438,68.11987,0
44b6_996155de,923035,99,8.0,40.0,10.0,0.8075741,1.5447652,0.12698413,2.472224,63.29248,1
44b6_996155de,923036,99,46.0,13.0,13.0,0.80230284,1.6763244,0.73015875,2.5368643,68.38806,0
44b6_996155de,923037,99,36.0,215.0,88.0,0.809894,2.6304169,0.5714286,2.5434792,68.92444,1
44b6_996155de,923038,99,15.0,61.0,86.0,0.7629445,1.9203616,0.23809524,2.5168092,66.77893,1
44b6_996155de,923039,99,22.0,68.0,16.0,0.7469593,0.54832596,0.34920636,2.3550162,54.71045,1
44b6_996155de,923040,99,57.0,39.0,29.0,0.7430708,1.7737553,0.9047619,2.5401762,68.65625,0
44b6_996155de,923041,99,25.0,8.0,35.0,0.7184788,1.7047582,0.3968254,2.5401762,68.65625,0
44b6_996155de,923042,99,61.0,78.0,26.0,0.71258396,1.3872195,0.96825397,2.4546402,61.951538,0
44b6_996155de,923043,99,14.0,80.0,112.0,0.70528597,2.6104689,0.22222222,2.5434792,68.92444,0
44b6_996155de,923044,99,31.0,79.0,12.0,0.68714243,0.406952,0.4920635,2.3816502,56.58777,1
44b6_996155de,923045,99,6.0,61.0,114.0,0.6992022,3.575253,0.0952381,2.5434792,68.92444,0
44b6_996155de,923046,99,24.0,41.0,59.0,0.6784793,2.588211,0.3809524,2.5201738,67.04712,0
44b6_996155de,923047,99,58.0,103.0,33.0,0.66779244,4.3190417,0.9206349,2.5434792,68.92444,0
44b6_996155de,923048,99,61.0,67.0,49.0,0.6557152,2.3317556,0.96825397,2.4687274,63.024292,0
44b6_996155de,923049,99,14.0,113.0,6.0,0.63254774,0.8811969,0.22222222,2.5032594,65.70618,0
44b6_996155de,923050,99,19.0,26.0,62.0,0.6342339,1.1447921,0.3015873,2.5335438,68.11987,1
44b6_996155de,923051,99,29.0,9.0,8.0,0.63271415,1.4670379,0.46031746,2.5268764,67.583496,0
44b6_996155de,923052,99,46.0,74.0,62.0,0.60049677,3.103253,0.73015875,2.5434792,68.92444,0
44b6_996155de,923053,99,37.0,169.0,65.0,0.54202825,3.3446991,0.5873016,2.5401762,68.65625,1
44b6_996155de,923054,99,51.0,156.0,58.0,0.5307515,5.9543643,0.8095238,2.5434792,68.92444,0
44b6_996155de,923055,99,31.0,111.0,18.0,0.5213567,2.6613622,0.4920635,2.5434792,68.92444,0
44b6_996155de,923056,99,45.0,178.0,64.0,0.52692163,2.508497,0.71428573,2.5434792,68.92444,2
44b6_996155de,923057,99,57.0,184.0,68.0,0.523963,4.0727606,0.9047619,2.5434792,68.92444,1
44b6_996155de,923058,99,59.0,230.0,208.0,0.51551527,3.4650114,0.93650794,2.5434792,68.92444,0
44b6_996155de,923059,99,19.0,177.0,52.0,0.4800088,3.5568416,0.3015873,2.5434792,68.92444,1
44b6_996155de,923060,99,14.0,175.0,187.0,0.46194845,2.9675035,0.22222222,2.5434792,68.92444,0
44b6_996155de,923061,99,40.0,76.0,83.0,0.4545506,2.7582333,0.63492066,2.5434792,68.92444,0
44b6_996155de,923062,99,21.0,212.0,213.0,0.45475125,1.9472773,0.33333334,2.5401762,68.65625,0
44b6_996155de,923063,99,4.0,148.0,14.0,0.4382963,1.832296,0.06349207,2.5434792,68.92444,0
44b6_996155de,923064,99,45.0,217.0,204.0,0.44301692,3.657444,0.71428573,2.5434792,68.92444,0
44b6_996155de,923065,99,42.0,170.0,38.0,0.43212196,6.4276443,0.6666667,2.5434792,68.92444,0
44b6_996155de,923066,99,28.0,147.0,42.0,0.3990872,3.576699,0.44444445,2.5434792,68.92444,0
44b6_996155de,923067,99,25.0,177.0,46.0,0.39514232,1.77337,0.3968254,2.5434792,68.92444,1
44b6_996155de,923068,99,50.0,132.0,44.0,0.39517903,4.116254,0.7936508,2.5401762,68.65625,0
44b6_996155de,923069,99,37.0,192.0,202.0,0.39247242,2.9643292,0.5873016,2.5434792,68.92444,0
