tree
version=v4
num_class=1
num_tree_per_iteration=1
label_index=0
max_feature_idx=19
objective=binary sigmoid:1
feature_names=track_length straightness_ratio net_velocity_um mean_step_um max_step_um total_disp_um path_length_um confinement_ratio trajectory_aspect_ratio step_velocity_cv directed_motion_index mean_raw_intensity min_raw_intensity max_raw_intensity mean_local_snr min_local_snr max_local_snr mean_dog_response mean_sigma_z mean_sigma_xy
feature_infos=[1:100] [0:0.99997202875444047] [0:5.9982093682198192] [0:5.9982093682198192] [0:5.9982093682198192] [0:138.65449979174855] [0:203.47556964116546] [0:0.99997202875444047] [0:149055.75741038602] [0:2.2918109469443118] [0:19.430365937057818] [68:5874] [0:5874] [68:6927] [0:129.39860937500001] [0:104.97218518518518] [0:162.66691666666665] [-2412.85986328125:-9.5] [1:2.559999942779541] [2:5.119999885559082]
tree_sizes=3403 3492 3478 3490 3506 3502 3512 3500 3498 3523 3541 3528 3532 3540 3548 3533 3530 3551 3550 3550 3554 3521 3557 3563 3528 3553 3568 3571 3565 3533 3573 3539 3571 3553 3573 3578 3553 3572 3553 3567 3595 3563 3569 3553 3558 3574 3553 3561 3577 3567 3583 3555 3561 3595 3583 3576 3578 3574 3582 3565 3559 3574 3579 3595 3604 3584 3583 3554 3604 3577 3581 3619 3548 3559 3593 3582 3606 3588 3588 3564 3575 3585 3585 3582 3593 3575 3589 3590 3583 3578 3588 3569 3560 3575 3586 3565 3574 3583 3584 3559 3560 3564 3584 3568 3568 3572 3549 3548 3570 3539 3580 3549 3552 3553 3559 3572 3554 3577 3585 3543 3554 3587 3556 3553 3538 3550 3559 3547 3546 3566 3540 3587 3574 3550 3567 3561 3549 3558 3557 3582 3553 3577 3576 3538 3557 3572 3538 3534 3558 3566 3568 3542 3484 3535 3595 3559 3555 3573 3538 3583 3535 3523 3538 3522 3521 3514 3584 3539 3580 3536

Tree=0
num_leaves=31
num_cat=0
split_feature=18 16 14 13 17 18 9 1 12 18 17 17 8 18 17 11 17 10 18 11 9 12 17 11 13 16 11 17 16 18
split_gain=41936.8 14706.9 8172.27 3691.71 2327.02 1590 1814.79 1978.58 1571.42 1371.55 1285.82 547.324 515.448 448.786 446.299 421.517 606.079 421.286 408.938 365.225 348.747 292.514 243.611 229.291 228.492 217.593 191.539 241.369 177.345 172.635
threshold=2.2405262845650058 5.4455979948701954 4.6293872152903246 1320.5000000000002 -116.56556701660155 2.5356922525243886 0.26597773180465939 0.87034677389398585 838.50000000000011 2.0118012232069646 -239.24147288004556 -59.333111445109047 42.956421161642794 1.5840754898089284 -72.581338882446275 313.0555555555556 -287.79505121140249 6.0363296576618062 1.7746640399039502 1361.3541666666667 0.22479915606863282 207.50000000000003 -34.606435394287104 288.52777777777783 1579.5000000000002 0.93305207409477753 783.21666666666681 -156.63753890991208 3.372891695702672 1.5485714482409614
decision_type=2 2 2 2 2 2 2 2 2 2 2 2 2 2 2 2 2 2 2 2 2 2 2 2 2 2 2 2 2 2
left_child=2 8 10 5 26 12 17 -8 15 11 25 13 14 -6 -3 -2 -17 -7 28 -5 -18 -14 24 -13 -11 -1 27 29 -12 -4
right_child=1 3 4 19 9 6 7 -9 -10 22 18 23 21 -15 -16 16 20 -19 -20 -21 -22 -23 -24 -25 -26 -27 -28 -29 -30 -31
leaf_value=-3.6594621533771607 -3.6093078687727917 -3.2315000590917591 -3.5544559698026137 -3.4557125749217099 -3.5913203829936506 -3.3211758692299957 -3.1027505659153864 -3.3193246004550132 -3.649708216004139 -3.4736020695782766 -3.6420156897916591 -3.6405615174459736 -3.2693863139056334 -3.5535971130736046 -3.3930902429460259 -3.6045448430395561 -3.5042630798286694 -3.4565016917183899 -3.5908814219944118 -3.5888095885890254 -3.3828230447479926 -3.5103560643264102 -3.5969030365941355 -3.5991404705900996 -3.615603445510537 -3.6517157752524705 -3.6329825804416331 -3.6039216986139717 -3.6290930699207733 -3.2937731746086976
leaf_weight=4253.1582800671458 36.738892365247011 19.757471047341824 5.0519103184342367 31.336849648505449 636.6157284937799 174.91614241153002 84.707030933350325 68.801016267389059 186.04535078629851 135.37619085982442 2541.8611738830805 150.43188398703933 5.1269386895000926 512.19367980957031 69.476271606981754 32.037114445120096 49.318649247288704 23.483880143612623 179.44285413250327 45.492202322930098 37.439157161861658 39.189819153398275 19.607414305210114 600.05190232768655 11.029170546680687 14026.128809992224 1318.8737160526216 48.293261509388685 1531.7542142234743 4.1765793226659298
leaf_count=170062 1469 790 202 1253 25455 6994 3387 2751 7439 5413 101636 6015 205 20480 2778 1281 1972 939 7175 1819 1497 1567 784 23993 441 560833 52735 1931 61247 167
internal_value=-3.63649 -3.43561 -3.64348 -3.34129 -3.60043 -3.31071 -3.27727 -3.19982 -3.59087 -3.58029 -3.65006 -3.58752 -3.39885 -3.5745 -3.35731 -3.5205 -3.49303 -3.33719 -3.6352 -3.53452 -3.45186 -3.48248 -3.4976 -3.60744 -3.4843 -3.65352 -3.63065 -3.57706 -3.63716 -3.43648
internal_weight=26877.9 903.867 25974 562.288 3441.7 485.459 351.908 153.508 341.579 2065.31 22532.3 1899.29 133.551 1148.81 89.2337 155.534 118.795 198.4 4253.06 76.8291 86.7578 44.3168 166.013 750.484 146.405 18279.3 1376.4 57.5218 4073.62 9.22849
internal_count=1074710 36141 1038569 22483 137616 19411 14071 6138 13658 82581 900953 75943 5340 45935 3568 6219 4750 7933 170058 3072 3469 1772 6638 30008 5854 730895 55035 2300 162883 369
is_linear=0
shrinkage=1


Tree=1
num_leaves=31
num_cat=0
split_feature=18 17 16 17 16 17 18 13 13 13 2 6 13 15 18 18 13 17 16 17 16 16 13 18 17 13 17 17 13 17
split_gain=32164.5 8292.16 7438.18 2190.5 1244.5 1180.34 1078.82 980.839 738.212 629.487 613.106 412.367 352.299 331.629 330.501 264.489 223.23 215.826 211.59 200.975 174.608 165.835 146.872 182.481 141.682 123.403 122.589 115.904 98.9306 93.0405
threshold=2.2405262845650058 -141.36145019531247 5.0891612483951247 -116.56556701660155 3.9433120930793351 -231.31401171003066 1.8746428500328747 1236.5000000000002 306.50000000000006 942.50000000000011 3.2452651959968644 20.901800098347255 291.50000000000006 1.3738503373081861 1.5866666866673367 1.8623611090911762 1557.5000000000002 -34.606435394287104 0.93305207409477753 -300.6976804097493 3.372891695702672 9.4027291005291023 892.50000000000011 1.5485714482409614 -156.63753890991208 733.50000000000011 -591.57517089843736 -1298.2127685546873 332.50000000000006 -575.27012869027931
decision_type=2 2 2 2 2 2 2 2 2 2 2 2 2 2 2 2 2 2 2 2 2 2 2 2 2 2 2 2 2 2
left_child=2 9 5 22 -3 18 12 8 -6 11 -10 19 -5 -8 -14 20 21 -15 -1 -2 -7 -9 23 -4 -25 -22 27 -24 -21 -28
right_child=1 4 3 6 7 15 13 16 10 -11 -12 -13 14 17 -16 -17 -18 -19 -20 28 25 -23 26 24 -26 -27 29 -29 -30 -31
leaf_value=-0.022762865102259409 0.00054867064009442735 0.060945808754762583 0.011928904041906959 -0.0061176368567593094 0.078850854252695571 -0.0050289410060881936 0.41319355177698197 -0.030955345681983052 0.24559864359531944 -0.0060981526548832387 0.14132382873547039 0.23693524007321887 0.034206622546528245 0.11027655518179275 0.060079983826372606 0.046102790318018665 0.062508442853720939 0.023998890735258065 -0.015055928234907031 0.0044733670237495698 0.017242337066965253 0.17683955128165257 0.13630943106067989 0.22188458729816804 0.067366821056117285 -0.00034516597638713242 0.079429212521933634 -0.024602924381746751 0.11663842807760862 0.0055513595115151962
leaf_weight=4176.248628301546 30.612098667770624 48.347305111587048 53.349297085776925 122.80050454288721 27.847001567482948 2434.2524558492005 3.1075623854994765 3.7288414109498254 589.0145199932158 204.05165041051805 55.532561743631959 14.111210098490117 941.58128045126796 260.1144193392247 841.38450254499912 114.64851897582412 34.059046715497971 29.004195852205157 13801.095173196867 8.4997885357588512 695.01765982247889 47.342776888981462 4.129500623792409 7.1179242003709104 21.390471102669835 742.79131049476564 15.514604706317185 164.97456742078066 42.283314529806376 1380.1553384084255
leaf_count=170656 1194 1741 2089 4903 882 97805 112 127 17241 8120 1778 486 36266 9302 31717 4387 1263 1119 559733 328 27492 1533 167 234 838 29439 621 6634 1448 55055
internal_value=-4.57218e-05 0.158421 -0.00683311 0.0316616 0.208516 -0.0135713 0.0512613 0.217934 0.230081 0.0236541 0.236615 0.0872205 0.0430312 0.104935 0.0464163 0.00119679 0.121996 0.101621 -0.0168463 0.061265 -0.000132841 0.161668 0.00549901 0.0446722 0.105947 0.0081564 0.00344975 -0.0206735 0.0978649 0.0063726
internal_weight=26914.1 1105.43 25808.7 3844.62 805.872 21964.1 2197.99 757.525 672.394 299.558 644.547 95.5064 1905.77 292.226 1782.97 3986.71 85.1307 289.119 17977.3 81.3952 3872.06 51.0716 1646.63 81.8577 28.5084 1437.81 1564.77 169.104 50.7831 1395.67
internal_count=1074710 36141 1038569 149057 24565 889512 83419 22824 19901 11576 19019 3456 72886 10533 67983 159123 2923 10421 730389 2970 154736 1660 65638 3161 1072 56931 62477 6801 1776 55676
is_linear=0
shrinkage=0.03


Tree=2
num_leaves=31
num_cat=0
split_feature=19 14 17 17 17 16 12 19 12 19 10 17 13 14 17 17 0 19 16 12 19 11 19 16 17 17 17 17 12 14
split_gain=26332.1 6376.22 6328.3 1645.65 1017.97 802.355 723.532 722.917 541.576 531.367 456.414 414.891 292.883 269.523 245.255 244.799 229.085 225.073 208.902 179.449 175.585 166.887 165.13 118.831 118.777 118.356 119.901 114.451 103.854 103.646
threshold=4.2978021384595531 4.4067505020422937 -141.36145019531247 -116.56556701660155 -239.24147288004556 3.9002322392524991 824.50000000000011 4.9077332348293741 1204.5000000000002 3.1573949759246926 0.089550418823685488 -37.412331277673893 1338.5000000000002 17.256127804732923 -61.600145966666084 -295.875749860491 11.500000000000002 3.5493280798079003 0.93305207409477753 389.50000000000006 4.6419046866515332 783.21666666666681 3.5493280798079003 3.2476677248677253 -34.606435394287104 -597.77490997314442 -565.77350192599818 -156.63753890991208 334.50000000000006 26.595909722222224
decision_type=2 2 2 2 2 2 2 2 2 2 2 2 2 2 2 2 2 2 2 2 2 2 2 2 2 2 2 2 2 2
left_child=1 4 6 21 18 -4 15 13 10 14 -9 12 -11 19 -5 -2 -17 23 -1 -7 -18 22 27 -6 -15 -23 -27 -3 -19 -10
right_child=2 3 5 9 17 7 -8 8 29 11 -12 -13 -14 24 -16 16 20 28 -20 -21 -22 25 -24 -25 -26 26 -28 -29 -30 -31
leaf_value=-0.02260051272524816 0.018974806871610319 0.11338169341381359 0.051860857107612353 0.039859573675275622 -0.0055656325403343468 0.18088860417107194 -0.010982199767313679 0.15279137339896182 0.015832508286759663 0.070446064574139433 0.20541560152491004 0.0092676304576061169 0.02289504247231567 0.10523472595376746 0.010356805889166721 0.083353004954132837 0.075318928786726094 0.079811440866920713 -0.014841677561902612 0.12227728405877551 0.28316495788970369 -0.024496957930350855 0.21401679624611611 0.0051845973166570912 0.027300907878940919 0.072071865957879344 0.0038845543362855568 0.017613394657007085 0.021900670334422292 0.12309159896737028
leaf_weight=4065.2421494051814 41.555774355307221 13.915775513276456 56.886352153494954 711.49100407212973 2380.6296084076166 84.020742874592543 251.47001664340496 214.55829053744674 17.940497040748596 932.06347586400807 480.54650758579373 138.29940170235932 133.24360868521035 73.910414109006524 394.03408651798964 64.267451032996178 5.642095215618613 36.050428813323379 13476.724375361577 106.73813021741807 10.402338849380611 133.84229798614979 5.0212579909712067 1513.9186717942357 23.101709708571434 23.615958807989955 1346.8489618264139 58.2135079652071 122.83337788656354 14.79464137740433
leaf_count=169764 1584 444 1953 26528 96193 2314 10135 5230 595 32749 11274 5105 4641 2113 15013 2068 183 1325 554485 3005 288 5467 175 59747 678 909 53473 2226 4569 477
internal_value=-7.41952e-05 -0.00713964 0.12447 0.0282133 -0.0135088 0.1615 0.0180915 0.167641 0.183556 0.0443601 0.189172 0.0581523 0.0644986 0.127388 0.0293441 0.0780841 0.108669 4.11303e-05 -0.0166397 0.148093 0.210075 0.00463685 0.04767 -0.00138672 0.0866762 0.00242984 0.00505956 0.0360898 0.0350405 0.0643082
internal_weight=26931.8 25486 1445.83 3890.59 21595.4 1072.5 373.338 1015.61 727.84 2309.13 695.105 1203.61 1065.31 287.771 1105.53 121.868 80.3119 4053.43 17542 190.759 16.0444 1581.46 77.1505 3894.55 97.0121 1504.31 1370.46 72.1293 158.884 32.7351
internal_count=1074710 1032813 41897 146730 886083 27639 14258 25686 17576 84036 16504 42495 37390 8110 41541 4123 2539 161834 724249 5319 471 62694 2845 155940 2791 59849 54382 2670 5894 1072
is_linear=0
shrinkage=0.03


Tree=3
num_leaves=31
num_cat=0
split_feature=18 14 17 17 17 13 11 18 18 12 10 12 7 18 14 15 11 18 9 11 18 17 13 18 14 17 17 18 12 14
split_gain=22122 5951.49 4501.36 1436.65 985.946 677.946 655.459 493.697 451.864 454.676 435.309 276.504 205.584 204.803 202.912 186.141 148.901 165.049 146.778 144.615 136.825 136.133 123.827 112.439 107.431 106.42 107.216 102.972 85.4896 76.9047
threshold=2.1489010692297765 4.4067505020422937 -200.26286497570217 -116.56556701660155 -239.24147288004556 306.50000000000006 1344.2916666666667 2.5545453977855774 1.7663027323948837 334.50000000000006 0.074007963635897608 888.50000000000011 0.72649565543233041 1.7746640399039502 0.90600417076105688 1.1978195933124778 891.35416666666686 1.5182909273017537 0.2279344275144109 1302.0384615384617 2.3689999570449198 -287.79505121140249 1365.5000000000002 1.0505319169015752 26.595909722222224 -597.77490997314442 -565.77350192599818 1.1716602368704605 334.50000000000006 2.8734293900416681
decision_type=2 2 2 2 2 2 2 2 2 2 2 2 2 2 2 2 2 2 2 2 2 2 2 2 2 2 2 2 2 2
left_child=1 4 11 16 14 -4 7 12 9 -5 -9 18 -7 23 -1 -10 17 -3 -2 -11 -20 -22 -17 -6 -8 -18 -27 -16 29 -15
right_child=2 3 5 8 13 6 24 10 15 19 -12 -13 -14 28 27 22 25 -19 20 -21 21 -23 -24 -25 -26 26 -28 -29 -30 -31
leaf_value=-0.021764922089284544 0.006374832964679669 0.0085536994677632133 0.035222762552833589 0.0085470929031630522 -0.005988011202709813 0.13260324057328399 0.0077476847251414524 0.12309583279557572 0.29744080937811923 0.04571242720677688 0.17005569361859088 -0.014300870106230712 0.088964527212282402 0.043237635962203133 -0.016843496637793495 0.077230016155461434 -0.024330427954852539 0.072941461825091189 0.034267991808140406 0.011978862227411935 0.061179131148510459 0.20547523336220117 0.022611006437788284 0.0042590998056943165 0.095062029085294639 0.065238435051404073 0.0028485091270758038 -0.011388402314505962 0.020802232080983668 0.1342395253503684
leaf_weight=4642.4170301556587 40.219739345833659 95.98117845132947 62.814352039247751 433.18648593127728 2128.0010952632874 221.88748933374882 38.019307428970933 265.80817565694451 3.2849571853876105 1499.8738794270903 535.71641273424029 218.5937715601176 172.84526786021888 26.697262682020664 7038.5920694302768 305.41939491033554 130.76232613064349 57.173171008005738 24.37989536114037 123.81649843230844 11.402236834168436 12.159379268065093 42.562909062951803 1761.4596227686852 19.030543709173799 25.279660541564226 1279.4461354780942 5585.6930137034506 125.39948052167892 12.16678982041776
leaf_count=197403 1417 3676 1827 16069 85567 5371 1337 5906 83 52389 10524 8968 4403 919 293798 9720 5467 1998 854 4350 406 299 1425 70373 585 909 50644 233048 4569 406
internal_value=-9.55436e-05 -0.00697839 0.107278 0.0266161 -0.0132761 0.1314 0.13622 0.140958 0.0412249 0.0358546 0.154482 0.00378737 0.113495 3.84628e-05 -0.016402 0.0726712 0.00447143 0.0325899 0.0486367 0.04314 0.0840916 0.135646 0.0705494 -0.0013473 0.0368738 0.00147143 0.00405734 -0.0144299 0.0328507 0.0717267
internal_weight=26940.1 25317.2 1622.88 3996.79 21320.4 1316.12 1253.31 1196.26 2408.14 2056.88 801.525 306.755 394.733 4053.72 17266.7 351.267 1588.64 153.154 88.1613 1623.69 47.9415 23.5616 347.982 3889.46 57.0499 1435.49 1304.73 12624.3 164.264 38.8641
internal_count=1074710 1032813 41897 146730 886083 29953 28126 26204 84036 72808 16430 11944 9774 161834 724249 11228 62694 5674 2976 56739 1559 705 11145 155940 1922 57020 51553 526846 5894 1325
is_linear=0
shrinkage=0.03


Tree=4
num_leaves=31
num_cat=0
split_feature=19 16 17 17 17 13 13 19 17 19 8 16 11 13 16 13 19 17 17 11 19 0 13 16 15 13 16 19 17 17
split_gain=18946 5423.59 3441.47 1265.8 988.337 487.075 481.477 391.241 320.572 303.566 301.144 244.435 214.449 204.596 199.633 163.787 159.804 144.124 139.296 133.925 173.048 129.678 117.584 169.273 99.8248 88.9628 86.7972 85.6365 80.7669 105.184
threshold=4.2817646611262781 5.0050721808048646 -200.26286497570217 -116.56556701660155 -239.24147288004556 291.50000000000006 1112.5000000000002 3.1733333733346734 -34.606435394287104 4.6742856268371868 100.7274774775556 9.4027291005291023 952.04166666666686 1338.5000000000002 0.93305207409477753 1621.5000000000002 2.3848571581499924 -61.600145966666084 -34.606435394287104 1310.0625000000002 2.9737255012287815 11.500000000000002 733.50000000000011 3.7729044113589647 3.1593920972644383 814.50000000000011 3.1068803647333061 2.6861129813020019 -1298.2127685546873 -591.57517089843736
decision_type=2 2 2 2 2 2 2 2 2 2 2 2 2 2 2 2 2 2 2 2 2 2 2 2 2 2 2 2 2 2
left_child=1 4 12 19 14 -4 9 17 13 18 -11 -8 21 -9 -1 -13 26 24 -7 20 -3 -2 23 -18 -5 -22 -6 -16 -21 -30
right_child=2 3 5 7 16 6 11 8 -10 10 -12 15 -14 -15 27 -17 22 -19 -20 28 25 -23 -24 -25 -26 -27 -28 -29 29 -31
leaf_value=-0.022215020694475111 0.024224616154281994 0.0024991167400738529 0.027199133853081838 0.0054543781347063712 -0.0093238926247178038 0.0985937025794143 0.0067927353642819877 0.058271944462111355 -0.002968962856698047 0.13728254457034986 0.090778321352269778 0.10442174219812105 -0.01235275355713125 0.019510350671760983 -0.016133414097240423 0.036003250344439346 0.0077486286275776145 0.010540212522946523 0.017070058882061357 0.11774572180919135 0.091105250042220032 0.11342359447964692 -0.0015203744741976747 0.039026199744421147 0.037428723007881776 0.028349463573129556 0.0025000497956247218 -0.010901407902000445 -0.024185481788320879 0.0016490096272536667
leaf_weight=3896.6582126170397 71.729810202494264 399.03742483630776 57.539584521204233 101.56200546585023 1474.1827757190913 178.10386456549168 37.962313318625093 1064.9651658795774 96.679105792194605 858.79654809087515 146.73635736107826 150.95634001493454 223.2304275855422 138.4948078840971 8874.6512640509754 39.790727725252509 742.49563042446971 384.00923388078809 21.097629632800817 5.0471281949430695 22.087696600705385 18.439507734030485 767.27675020322204 197.05648325569928 652.1983515676111 255.517862662673 899.81305657885969 4123.9045836143196 169.39935539849102 871.74981124326587
leaf_count=169729 2431 15676 1631 3685 60195 4188 1181 33508 3441 15690 2690 3120 9245 4617 376038 1193 29522 14124 565 188 669 492 30173 7375 22493 9882 35320 174045 7231 34373
internal_value=-0.00011194 -0.00685228 0.0937875 0.0244363 -0.0130586 0.112783 0.116218 0.0383464 0.049589 0.123794 0.130496 0.0763134 0.00341925 0.0538112 -0.016259 0.0901493 0.000191529 0.0254994 0.0899595 0.0047527 0.0151533 0.0424657 0.00719295 0.0143086 0.0331205 0.0333426 -0.00484228 -0.0144735 -0.00197401 -0.00255437
internal_weight=26941.2 25136.8 1804.38 4160.75 20976 1490.98 1433.44 2437.91 1300.14 1204.73 1005.53 228.709 313.4 1203.46 16895.2 190.747 4080.82 1137.77 199.201 1722.84 676.643 90.1693 1706.83 939.552 753.76 277.606 2374 12998.6 1046.2 1041.15
internal_count=1074710 1032284 42426 149887 882397 30258 28627 81868 41566 23133 18380 5494 12168 38125 719812 4313 162585 40302 4753 68019 26227 2923 67070 36897 26178 10551 95515 550083 41792 41604
is_linear=0
shrinkage=0.03


Tree=5
num_leaves=31
num_cat=0
split_feature=19 14 17 17 17 14 13 13 19 17 11 10 17 12 16 17 19 11 12 17 11 19 17 17 19 17 17 9 19 11
split_gain=16483.2 5078.93 2843.93 1149.13 808.156 414.793 367.993 346.257 283.759 263.656 315.301 282.51 230.95 230.47 200.325 151.197 150.163 144.232 246.619 132.276 110.963 108.145 108.039 103.944 95.0346 92.7023 87.124 84.0136 97.0793 83.2307
threshold=4.1628571039154423 4.2069914897348903 -200.26286497570217 -116.56556701660155 -239.24147288004556 4.8929928682717536 291.50000000000006 1557.5000000000002 3.1573949759246926 -37.412331277673893 486.01923076923083 6.1328629859008048 -34.606435394287104 888.50000000000011 0.93305207409477753 -603.95862375895172 2.3275388098608896 313.0555555555556 543.50000000000011 -190.40375900268552 783.21666666666681 3.7074509594175553 -1507.0461853027343 -314.40662384033197 2.6861129813020019 -565.77350192599818 -61.600145966666084 0.31073226183961594 4.6742856268371868 727.9807692307694
decision_type=2 2 2 2 2 2 2 2 2 2 2 2 2 2 2 2 2 2 2 2 2 2 2 2 2 2 2 2 2 2
left_child=1 4 13 15 14 17 -5 9 26 11 -11 -7 -10 23 -1 22 -6 -4 19 -19 21 -17 -3 -2 -16 -22 -8 -25 -29 -18
right_child=2 3 5 6 16 7 8 -9 12 10 -12 -13 -14 -15 24 20 29 18 -20 -21 25 -23 -24 27 -26 -27 -28 28 -30 -31
leaf_value=-0.022035820092529551 0.0092377820108477254 0.25146488424326852 0.0123429049626082 -0.0054960730066945995 -0.0060099903106746681 0.11980054355441531 0.032101298451131521 0.034612990865936 0.050593886324580319 0.12279347030244778 0.056989513193799232 0.077172659327876633 -0.0023685740793722944 -0.013724309112131572 -0.015974437366509341 0.029962146547465998 0.010947872587633127 0.22756430871197003 0.028385167265991131 0.092132016434412822 0.053709694452933283 0.17331999097863482 -0.025778188420850841 0.026998052916683946 -0.01042977736422194 0.0033839438887329296 0.013598251985140742 0.037135619423567974 0.14826381501441932 -0.0028272013331030236
leaf_weight=3812.8758263234049 50.087033696472645 1.2748815212398756 45.567695681005716 189.35375438444316 2165.7667388506234 955.24965612217784 830.33435282483697 62.069270431995392 1235.7805095184594 103.45550748333335 178.78313034959137 163.93595116771758 78.82791680842638 234.35257081873715 8698.8396479971707 95.032753460109234 1077.5056924279779 6.943886497989296 69.748229146003723 99.413065053522587 33.683432139456272 4.9843530971556893 163.80663261376321 23.240675503388047 4090.2888638004661 1496.9899075180292 316.26623578369617 11.876498363912107 17.499438701197505 623.01987431757152
leaf_count=169635 1815 45 1369 7143 88031 16096 28081 1847 37367 1832 3071 3049 2755 9858 374334 3277 41993 147 1750 2177 1203 129 7132 705 174374 58897 11315 376 361 24546
internal_value=-0.000124858 -0.00681069 0.0822474 0.0222509 -0.0131238 0.0981584 0.0348043 0.103951 0.0379048 0.107022 0.0811102 0.113557 0.0474181 0.00269805 -0.0160005 0.00372212 -0.000771086 0.0599151 0.0722246 0.100974 0.00649181 0.0371064 -0.0236371 0.0401711 -0.0142011 0.00449139 0.0269976 0.0696173 0.103335 0.00590111
internal_weight=26936.9 24914.6 2022.22 4446.33 20468.3 1685.17 2650.56 1463.49 2461.21 1401.42 282.239 1119.19 1314.61 337.056 16602 1795.77 3866.29 221.673 176.105 106.357 1630.69 100.017 165.082 102.704 12789.1 1530.67 1146.6 52.6166 29.3759 1700.53
internal_count=1074710 1030257 44453 157344 872913 31338 86661 25895 79518 24048 4903 19145 40122 13115 718343 70683 154570 5443 4074 2324 63506 3406 7177 3257 548708 60100 39396 1442 737 66539
is_linear=0
shrinkage=0.03


Tree=6
num_leaves=31
num_cat=0
split_feature=14 18 17 18 17 13 11 18 11 17 7 14 10 7 14 14 11 18 11 13 18 17 18 11 15 18 11 11 5 14
split_gain=14912.5 5123.45 1901.2 1133.86 555.435 408.916 310.021 284.811 243.851 216.909 224.466 212.453 196.475 381.399 193.363 163.287 154.029 182.147 143.227 211.251 126.866 124.593 117.255 116.056 110.089 109.835 120.12 108.914 86.6086 79.1133
threshold=5.2974948617183619 2.0118012232069646 -231.31401171003066 1.8623611090911762 -116.56556701660155 1557.5000000000002 517.03378378378386 2.5545453977855774 853.03086419753106 -70.234172821044908 0.72649565543233041 3.1913816721989128 0.089550418823685488 0.75584591734885065 0.90600417076105688 3.4406606164068942 1302.0384615384617 1.5762353170151806 743.03409090909111 275.50000000000006 2.2479999608463714 -187.05631561279293 1.1716602368704605 230.58333333333334 6.1783794664609397 1.4452729694009123 1019.8819444444446 288.52777777777783 7.4798476239166902 9.6111692567567584
decision_type=2 2 2 2 2 2 2 2 2 2 2 2 2 2 2 2 2 2 2 2 2 2 2 2 2 2 2 2 2 2
left_child=2 4 14 11 25 7 27 9 15 10 -3 -4 -9 -14 20 21 17 -8 19 -13 -1 -5 -16 -17 -11 -2 -27 -6 -22 -29
right_child=1 5 3 8 6 -7 16 12 -10 24 -12 18 13 -15 22 23 -18 -19 -20 -21 28 -23 -24 -25 -26 26 -28 29 -30 -31
leaf_value=-0.021103323577588394 -0.0040444004747317843 0.14476151516956876 -0.0041666803695532611 0.087590876229814443 -0.0078679820923629861 0.025351643245521301 0.031670130651268273 0.083740565228054106 0.0059330485272024265 0.093508404593291294 0.069015874483257716 -0.012321061262622444 0.1437158782757012 0.096366084986384257 -0.015913481609754896 -0.00023287943966447268 0.01118531464077804 0.054601178851184366 0.00032908653361869006 0.023284771547444402 0.0028555492904473716 0.033058651614649673 -0.010157295982381893 0.095056156176552428 0.058124625239878484 0.055383071486095795 0.010371714028676395 0.031492469917986765 0.088621434900764268 0.0080870373051592122
leaf_weight=4397.1454132087529 488.68936930783093 74.50252022407949 2557.9269731491804 49.123488277196884 129.24472721852362 83.985164746642113 544.90369289927185 330.98610382340848 84.38378587923944 102.91375568322837 66.764873450621963 183.2502336576581 227.24140514619648 469.28166883997619 6933.0172027144581 12.579883862286804 135.85390671901405 728.6289093028754 894.37415748275816 825.72719312086701 43.526128912344575 162.25999288074672 5891.4233020413667 134.4159253872931 342.52194698154926 61.489878032356501 403.56401056423783 346.50562330521643 14.006877897307275 207.99291631579399
leaf_count=198516 19132 1366 103894 1226 4868 2597 17753 5124 2780 1972 1444 7084 2751 6735 302637 341 4392 21045 34269 29977 1593 4396 252955 2899 6926 2124 15760 11030 400 6724
internal_value=-0.000135395 0.0481353 -0.0104607 0.00602502 0.0248625 0.0898908 0.0335088 0.0932487 0.0518147 0.0765723 0.108963 0.00148058 0.102771 0.111814 -0.0151396 0.062618 0.0415505 0.0447897 0.00906998 0.016818 -0.0205242 0.0457314 -0.0132691 0.0869013 0.0662997 0.00588701 0.0163232 0.0169325 0.023736 0.0227131
internal_weight=26928.2 4745.07 22183.2 4904.04 3046.87 1698.2 2093.13 1614.21 442.763 586.703 141.267 4461.28 1027.51 696.523 17279.1 358.379 1409.39 1273.53 1903.35 1008.98 4454.68 211.383 12824.4 146.996 445.436 953.743 465.054 683.743 57.533 554.499
internal_count=1074710 131743 942967 186866 102828 28915 65812 26318 11642 11708 2810 175224 14610 9486 756101 8862 43190 38798 71330 37061 200509 5622 555592 3240 8898 37016 17884 22622 1993 17754
is_linear=0
shrinkage=0.03


Tree=7
num_leaves=31
num_cat=0
split_feature=14 18 17 18 17 12 17 18 14 12 14 15 17 2 3 17 7 13 13 13 17 15 18 18 14 18 13 12 14 8
split_gain=13553.8 4185.44 1822.09 1008.74 491.473 322.761 280.593 251.102 198.455 191.012 190.823 189.464 178.83 162.91 207.664 154.789 153.944 135.018 129.391 195.046 124.787 151.489 121.371 114.616 105.11 101.51 105.325 89.2187 86.402 82.6462
threshold=5.2974948617183619 2.0118012232069646 -231.31401171003066 1.8537254797087777 -116.56556701660155 1180.5000000000002 -59.333111445109047 2.5545453977855774 3.1913816721989128 748.50000000000011 0.90600417076105688 9.5732862417411599 -88.530026175759033 3.2452651959968644 1.3747621369221679 -70.234172821044908 0.63931773561561733 306.50000000000006 814.50000000000011 275.50000000000006 -34.606435394287104 19.193128787878788 2.2479999608463714 1.1716602368704605 3.4406606164068942 1.4452729694009123 805.50000000000011 1071.5000000000002 26.595909722222224 111.77095517870252
decision_type=2 2 2 2 2 2 2 2 2 2 2 2 2 2 2 2 2 2 2 2 2 2 2 2 2 2 2 2 2 2
left_child=2 4 10 8 25 7 11 15 -4 17 22 27 -13 14 -9 16 -3 -5 19 -10 21 -8 -1 -12 -19 -2 -27 -6 -7 -15
right_child=1 5 3 9 6 28 20 13 18 -11 23 12 -14 29 -16 -17 -18 24 -20 -21 -22 -23 -24 -25 -26 26 -28 -29 -30 -31
leaf_value=-0.020893479613883735 -0.0039383642416573614 0.12838256010170163 -0.0040707401571140481 0.012088595446452365 0.03734002381517855 0.0064934088575778499 0.017447491183779532 0.081242529616069009 -0.012093881859491198 0.0063588263155760164 -0.01567572342493103 0.018825767999730136 0.0760491806250993 0.073826227182653886 0.10869467260966022 0.060289015278084064 0.068939534020080143 0.048741791024691117 0.00050030428555145837 0.022276004343693843 -0.0090966158829449192 0.056374646649041266 0.022489722183372515 -0.0099498380248170242 0.082763558481305108 0.11159297375785815 0.01349285362393254 0.0077686314833219985 0.069914559316150898 0.014287924170991216
leaf_weight=4309.4026355165988 486.82019869610667 68.352085357531905 2546.8040635585785 52.761209964752197 920.93142993934453 63.719414673745632 631.28723430261016 463.38195436820388 181.12429299019277 82.526293566450477 6828.6208121478558 64.340637307614088 208.20322857797146 68.082495082169771 533.55457278341055 486.02930185198784 91.9697026591748 185.1680926643312 909.47336620092392 827.57586808130145 128.00660294853151 104.92924021184444 58.830328922718763 5834.7036884371191 146.3022137992084 10.064393695443867 462.24354776367545 101.99318832159042 27.753588231280446 30.331525176763535
leaf_count=198516 19132 1163 103857 1549 27169 1928 20055 6246 7084 2649 302637 1954 5873 1014 6429 9256 1810 4572 34698 29494 4588 3057 1993 252955 2963 242 17642 3116 589 480
internal_value=-0.000144122 0.0446902 -0.0102528 0.005805 0.0235451 0.0806647 0.0314814 0.0835495 0.0014182 0.0477689 -0.0149025 0.0403135 0.0625402 0.0922997 0.0959348 0.0687208 0.0942827 0.056663 0.00870599 0.0161045 0.0182422 0.0229956 -0.0203092 -0.0130375 0.0637581 0.00567476 0.0155833 0.0343915 0.0257359 0.0554763
internal_weight=26915.3 4951.99 21963.3 4931.74 3118.82 1833.17 2159.69 1741.7 4464.98 466.758 17031.6 1295.47 272.544 1095.35 996.937 646.351 160.322 384.232 1918.17 1008.7 864.223 736.216 4368.23 12663.3 331.47 959.128 472.308 1022.92 91.473 98.414
internal_count=1074710 131743 942967 186866 102828 28915 65812 26398 175133 11733 756101 38112 7827 14169 12675 12229 2973 9084 71276 36578 27700 23112 200509 555592 7535 37016 17884 30285 2517 1494
is_linear=0
shrinkage=0.03


Tree=8
num_leaves=31
num_cat=0
split_feature=14 18 14 12 18 11 18 11 18 12 12 14 15 12 18 12 8 3 13 11 2 18 14 13 12 0 11 11 11 15
split_gain=12374.1 3571.04 1074.71 799.724 571.2 455.512 354.629 289.526 280.118 263.621 259.283 217.849 210.509 201.925 198.524 148.456 148.351 202.554 144.664 143.208 124.757 103.599 97.526 96.2379 85.8393 84.6823 76.3721 75.8372 73.407 71.5755
threshold=5.1907257954978023 2.0118012232069646 2.8224416079521499 961.50000000000011 1.8399999846541695 1302.0384615384617 2.2405262845650058 1435.4142857142858 1.5762353170151806 838.50000000000011 572.50000000000011 0.67140113864248907 8.5410596011131741 652.50000000000011 2.3371428134185934 508.50000000000006 85.523854659628981 1.4194765639782938 275.50000000000006 230.58333333333334 0.39611117457101969 1.7028571438221707 10.665175298853356 690.50000000000011 279.50000000000006 21.500000000000004 462.35416666666669 335.40000000000003 1674.0500000000002 4.9670787839183488
decision_type=2 2 2 2 2 2 2 2 2 2 2 2 2 2 2 2 2 2 2 2 2 2 2 2 2 2 2 2 2 2
left_child=2 5 6 4 18 8 11 14 24 20 22 -1 -12 21 25 19 17 -16 -4 -6 -8 -13 -10 -20 -2 29 -18 -22 -5 -3
right_child=1 7 3 28 15 -7 9 -9 10 -11 12 13 -14 -15 16 -17 26 -19 23 -21 27 -23 -24 -25 -26 -27 -28 -29 -30 -31
leaf_value=-0.021748561574036856 -0.0045266676503254851 0.090913409539381859 -0.013058670379556618 -0.0034619525842481472 -0.0067314875642343177 0.0018595543761446226 0.011374758405829424 0.012342064521321399 0.033336570423077486 -0.01541864818117461 0.032838304828915275 -0.0063754744659727048 0.066314197301392985 -0.014510442276930659 0.070771295741544699 0.032512453029003456 0.089937079036678622 0.095298882142989955 0.020179914405003468 0.088813479088934846 0.017796061459646188 0.021380982246609427 0.0087858559384646501 0.0063110867193815635 0.020698161273261306 0.025896980187233597 0.049403416910047224 0.077720112876196332 -0.013540395431302966 0.056731457895407671
leaf_weight=2989.9795636571944 136.61417571268976 67.36252617277205 224.97432501427829 1145.3409089967608 15.940975187346337 775.89070619828999 69.505120493471622 68.405315954238176 372.49091362021863 119.47414958663285 317.434874471277 2263.5273791141808 361.70317585021257 10993.642427835613 536.89857705868781 121.34169525280595 54.270665314048529 695.63165233843029 806.56233360618353 123.50731305964291 25.035592926666141 127.85936785116792 239.10049192979932 1019.4969373177737 1091.3117019739002 65.332085929811001 182.58349153399467 78.939043330028653 1505.1869112700224 303.68862275034189
leaf_count=140441 4979 1223 8970 48133 442 29229 1844 2131 10435 5127 9264 95480 9684 491450 6930 3026 722 8468 29186 2468 663 4488 7044 39636 35955 1202 2466 1713 65886 6025
internal_value=-0.000151078 0.0410766 -0.0101933 0.00206225 0.0149577 0.0219578 -0.013842 0.0729825 0.0281492 0.0188738 0.0379075 -0.0144273 0.0506673 -0.0127919 0.0751592 0.0567772 0.0804358 0.0846145 0.00964032 0.0778913 0.0424908 -0.00489143 0.0237385 0.0124369 0.0178917 0.0573917 0.0586909 0.0632913 -0.00918532 0.062937
internal_weight=26899 5268.72 21630.3 4962.35 2311.82 3294.55 16668 1974.17 2518.66 292.954 1290.73 16375 679.138 13385 1905.77 260.79 1469.38 1232.53 2051.03 139.448 173.48 2391.39 611.591 1826.06 1227.93 436.383 236.854 103.975 2650.53 371.051
internal_count=1074710 135757 938953 197747 83728 106590 741206 29167 77361 9347 36427 731859 18948 591418 27036 5936 18586 15398 77792 2910 4220 99968 17479 68822 40934 8450 3188 2376 114019 7248
is_linear=0
shrinkage=0.03


Tree=9
num_leaves=31
num_cat=0
split_feature=14 18 17 18 17 13 17 17 13 8 16 15 15 17 13 14 13 16 13 13 18 18 18 10 2 17 5 17 9 16
split_gain=11370.1 3523.11 1255.66 613.174 513.277 321.333 218.438 178.363 205.559 178.153 176.627 148.575 137.743 134.323 114.219 111.51 101.885 101.385 110.085 99.9591 98.2052 95.7561 93.486 91.85 85.0251 84.3948 78.8215 75.1198 89.6447 72.2954
threshold=4.6293872152903246 1.8969924630676596 -239.24147288004556 1.8281935384196621 -116.56556701660155 1295.5000000000002 -61.600145966666084 -34.606435394287104 602.50000000000011 85.523854659628981 0.93305207409477753 9.5732862417411599 14.564994256915144 -88.530026175759033 241.50000000000003 34.085753581708559 934.50000000000011 2.7198007249299079 690.50000000000011 291.50000000000006 1.8969924630676596 2.3959434700410083 1.3484792708435001 4.425148363585607 0.40606600992601155 -34.606435394287104 4.8494757364295777 -597.77490997314442 0.44065371678368143 3.6182935042735047
decision_type=2 2 2 2 2 2 2 2 2 2 2 2 2 2 2 2 2 2 2 2 2 2 2 2 2 2 2 2 2 2
left_child=2 4 10 14 27 7 11 9 21 12 20 23 -3 -13 -4 -7 24 -16 -19 -8 -1 -9 -12 -6 -5 -21 -11 -2 -29 -26
right_child=1 5 3 16 6 15 19 8 -10 26 22 13 -14 -15 17 -17 -18 18 -20 25 -22 -23 -24 -25 29 -27 -28 28 -30 -31
leaf_value=-0.021406113001814733 -0.023970629376538023 0.069895564796695522 -0.01755583059976688 0.017685546465117274 0.033103786683434874 0.022190380015545842 -0.0086623519619560638 0.023120240888496377 0.016278121383415556 0.080542324362611148 -0.014899616750619443 0.016412370848872905 0.089177574666701606 0.065837542238169566 -0.0047713899696167688 0.070286960817758801 0.007051154634937204 0.013148694339622241 -0.00049890830567734981 0.022290111430545222 0.010288433947620936 0.081233247441316922 -0.0094216926349997548 0.012766755624798997 0.039571114621686887 -0.0086414428905485906 0.041673754317667656 3.4693178659357782e-06 0.017172886228225246 0.071356674349541294
leaf_weight=3495.3624493796378 84.772286644205451 1019.3731688279659 324.73246708884835 84.590211285278201 986.79535404592752 196.14222128875554 136.67676007002592 32.348074903711677 117.94995491579175 59.87070969492197 8348.2825880050659 65.646435232833028 495.51024111732841 201.04848009720445 1594.2261251099408 55.704718537628651 83.341823313385248 910.26273071020842 1279.8416741993278 748.32416615448892 90.256765468046069 120.87691780924797 4221.8064547497779 250.63382336497307 162.53081594035029 88.80959820561111 217.67842195928097 908.47654499299824 391.68838021345437 106.66665276139975
leaf_count=168447 3846 14523 13377 1889 28347 5105 5232 761 1744 870 380084 1918 5912 5083 66291 1020 2662 34219 50319 22079 3458 1444 187128 7046 4015 3034 3189 34636 14832 2200
internal_value=-0.00015676 0.0355587 -0.0108158 0.00311232 0.0180194 0.0648195 0.0261949 0.0687237 0.0460482 0.0721543 -0.0147351 0.0333619 0.0762026 0.0536716 -0.000481224 0.0328286 0.036892 0.000983944 0.00517338 0.015125 -0.0206083 0.0689647 -0.0130598 0.0289846 0.0439216 0.0190087 0.0500582 0.00339187 0.00517594 0.0521658
internal_weight=26880.2 6178.33 20701.9 4546.19 3862.87 2315.45 2477.93 2063.61 271.175 1792.43 16155.7 1504.12 1514.88 266.695 4109.06 251.847 437.13 3784.33 2190.1 973.811 3585.62 153.225 12570.1 1237.43 353.788 837.134 277.549 1384.94 1300.16 269.197
internal_count=1074710 160621 914089 174972 126053 34568 72739 28443 3949 24494 739117 42394 20435 7001 164206 6125 10766 150829 84538 30345 171905 2205 567212 35393 8104 25113 4059 53314 49468 6215
is_linear=0
shrinkage=0.03


Tree=10
num_leaves=31
num_cat=0
split_feature=14 18 17 18 17 13 12 16 18 17 6 13 1 11 16 7 16 13 11 17 18 17 11 14 17 17 17 13 18 11
split_gain=10466.9 3005.24 1207.01 556.025 461.552 266.171 203.535 174.237 161.041 146.568 121.444 109.27 106.967 105.392 104.49 97.9913 97.165 113.906 96.9767 101.41 95.2969 94.0866 93.9804 182.762 171 131.011 117.537 78.7394 73.1591 85.1861
threshold=4.6293872152903246 1.8969924630676596 -239.24147288004556 1.8281935384196621 -116.56556701660155 1236.5000000000002 326.50000000000006 0.93305207409477753 2.5545453977855774 -59.333111445109047 20.658535419166487 241.50000000000003 0.9452472375583536 845.67543859649129 9.4027291005291023 0.64256382490977926 3.372891695702672 690.50000000000011 1407.0294117647061 -34.606435394287104 1.8969924630676596 -34.606435394287104 1397.8500000000001 2.4289718072714983 -848.47394111828919 -1234.4096272786458 -1614.2978244357637 306.50000000000006 1.3899999963385721 1344.2916666666667
decision_type=2 2 2 2 2 2 2 2 2 2 2 2 2 2 2 2 2 2 2 2 2 2 2 2 2 2 2 2 2 2
left_child=2 4 7 11 28 8 -6 20 9 15 21 -4 -12 27 -7 -3 -13 -18 19 -8 -1 -10 23 24 -9 26 -24 -5 -2 -30
right_child=1 5 3 13 6 14 18 22 10 -11 12 16 -14 -15 -16 -17 17 -19 -20 -21 -22 -23 25 -25 -26 -27 -28 -29 29 -31
leaf_value=-0.021200825473636567 -0.0039372812821398236 0.08593515377817712 -0.017320171546967949 0.0054534051947646789 0.0067088690912438147 0.0015246151007344319 0.031347946575433744 0.0097950882908962832 0.06949940328415774 0.042094442404935158 0.098933185413272534 -0.0030430345924843437 0.036508544865717953 0.0027036171449782436 0.043039275972037105 0.053431829200181413 0.017188265527303598 0.00040060737232242125 -0.00058873958632164013 -0.010092841468735214 0.009882236294114782 0.045131388149480881 -0.016940570806799091 0.0039016380175031446 -0.013910087702836985 -0.016635864326905388 0.0011053283946669404 0.046472252673359721 0.022132136860972203 0.0012663641429020937
leaf_weight=3424.4098826907575 662.09840585850179 150.72092107497156 319.35819678753614 48.362671382725239 459.19815575703979 70.902299255132675 1928.5479679703712 296.46737959980965 939.90111969970167 475.93878477439284 184.07971132174134 2239.2231500390917 28.534174516797066 77.313029408454895 236.81002225913107 187.11326770298183 583.92462193034589 964.73797632753849 96.515144281089306 54.651496469974518 91.133983582258224 168.10932902619243 552.22254782170057 769.01695210300386 3594.006858099252 6413.7374654747546 788.87037162482738 326.1897791530937 299.05770191922784 428.26974800601602
leaf_count=168447 26104 2207 13377 1384 15245 2332 52694 13654 10170 8216 1696 92733 364 2516 4511 3175 20740 37356 2964 1836 3458 1897 25309 34519 164467 293186 36077 6866 10535 16675
internal_value=-0.000161208 0.0334247 -0.0106038 0.00300701 0.0171784 0.0595582 0.0247855 -0.0144991 0.0633187 0.0528211 0.0697874 -0.000468012 0.0905554 0.0345933 0.0334736 0.0679328 0.0009528 0.00673041 0.0287768 0.030206 -0.0203951 0.0658022 -0.0128295 -0.00946211 -0.0121037 -0.0148528 -0.00632544 0.0411758 0.0032778 0.00984581
internal_weight=26859.4 6370.45 20489 4559.11 3928.34 2442.11 2538.91 15929.9 2134.4 813.773 1320.62 4107.24 212.614 451.865 307.712 337.834 3787.89 1548.66 2079.71 1983.2 3515.54 1108.01 12414.3 4659.49 3890.47 7754.83 1341.09 374.552 1389.43 727.327
internal_count=1074710 160621 914089 174972 126053 34568 72739 739117 27725 13598 14127 164206 2060 10766 6843 5382 150829 58096 57494 54530 171905 12067 567212 212640 178121 354572 61386 8250 53314 27210
is_linear=0
shrinkage=0.03


Tree=11
num_leaves=31
num_cat=0
split_feature=14 18 17 18 17 11 11 18 16 2 8 18 11 17 10 13 18 16 18 13 15 17 16 17 17 6 18 13 11 14
split_gain=9656.27 2587.22 1159.94 507.977 416.106 228.016 181.88 173.007 171.76 126.411 113.57 111.083 110.308 109.161 104.062 101.672 92.4754 92.22 91.9473 88.3695 71.3709 71.0051 118.549 70.9621 68.8234 66.127 63.8937 63.2538 60.1952 128.092
threshold=4.6293872152903246 1.8969924630676596 -239.24147288004556 1.7746640399039502 -116.56556701660155 1353.0208333333337 288.52777777777783 2.3371428134185934 0.93305207409477753 3.2452651959968644 17.484521582979855 1.4800000125106825 845.67543859649129 -49.399804306030269 0.074007963635897608 241.50000000000003 1.8969924630676596 2.7198007249299079 1.3484792708435001 690.50000000000011 1.0981431129476587 -187.05631561279293 3.5806552204585542 -597.77490997314442 -575.27012869027931 52.592042377003985 1.4893522415807856 503.50000000000006 1454.0357142857144 2.5671582307909211
decision_type=2 2 2 2 2 2 2 2 2 2 2 2 2 2 2 2 2 2 2 2 2 2 2 2 2 2 2 2 2 2
left_child=2 4 8 15 23 7 -6 13 16 14 11 -8 21 20 -9 -4 -1 -17 28 -19 -3 -5 -23 -2 -25 -18 -26 -11 29 -10
right_child=1 5 3 12 6 -7 10 9 18 27 -12 -13 -14 -15 -16 17 25 19 -20 -21 -22 22 -24 24 26 -27 -28 -29 -30 -31
leaf_value=-0.020993705712646707 -0.023784463571688102 0.15701881622918809 -0.01703959369339187 0.064412399718992513 -0.0060313175663634488 0.01531266731113258 0.02150362256767761 0.052236421342022117 -0.013536950668817563 0.069365676458178649 0.015537760819139455 0.036839023454124424 0.00073919124944654127 0.027270191039783707 0.069040101725703434 -0.0047848720995395241 0.0052707583576105249 0.011810582398658677 -0.0089587748768951963 -0.00041487325568329069 0.051402281946265983 0.015295704765640896 0.050631681714886544 0.064284204550775798 -0.0017427040124481314 0.16263146916251781 0.011715788904873578 0.022656856480364907 -0.016629714941392926 0.0045191751995589469
leaf_weight=3355.4958806391805 82.700233142822981 5.8362794108688822 313.134596189484 73.88673297688365 175.19669689424336 123.85881216265261 785.25683887861669 462.94343707710505 2974.9487890936434 34.878408629447222 710.43367012031376 926.89400918781757 87.805855471640825 229.70803873240948 1169.8311929535121 1572.3635450080037 89.514344427734613 920.82940754108131 4134.8635751456022 1260.5965402573347 431.40432224422693 180.87925346754491 161.95965690724552 17.31399805098772 734.68970232643187 2.4697250165045253 559.05010288953781 103.59722579270601 4752.225384356454 401.30004449561238
leaf_count=168447 3846 71 13343 1615 6527 3642 23062 5285 139234 433 19378 23772 2895 4416 11881 65930 3393 33934 187128 49676 7530 4379 3200 549 28548 65 20371 1310 222616 18234
internal_value=-0.000164719 0.0314935 -0.0103941 0.00290594 0.0163919 0.0550209 0.0234868 0.057038 -0.0142641 0.0619417 0.0256215 0.0298056 0.0312985 0.044015 0.0642757 -0.000616363 -0.0201802 0.000753635 -0.0126009 0.00474577 0.052812 0.0377375 0.0319887 0.00316799 0.00486813 0.00949581 0.00407297 0.0344216 -0.0144537 -0.0113908
internal_weight=26835.9 6553.59 20282.3 4571.46 3991.54 2562.06 2597.78 2438.2 15710.8 1771.25 2422.58 1712.15 504.531 666.949 1632.77 4066.92 3447.48 3753.79 12263.3 2181.43 437.241 416.726 342.839 1393.75 1311.05 91.9841 1293.74 138.476 8128.47 3376.25
internal_count=1074710 160621 914089 174972 126053 34568 72739 30926 739117 18909 66212 46834 12089 12017 17166 162883 171905 149540 567212 83610 7601 9194 7579 53314 49468 3458 48919 1743 380084 157468
is_linear=0
shrinkage=0.03


Tree=12
num_leaves=31
num_cat=0
split_feature=14 18 17 18 17 13 17 16 18 15 17 5 2 10 17 18 10 18 18 17 9 15 13 14 17 2 18 14 13 16
split_gain=8928.2 2381.15 995.211 429.192 383.415 299.032 179.138 165.128 165.114 124.945 109.342 103.998 103.022 98.7551 97.2073 94.152 93.1195 90.0174 89.6835 87.3083 84.2246 83.7776 71.9555 72.436 63.9993 59.837 83.3889 57.6472 55.9117 117.087
threshold=4.4067505020422937 1.7663027323948837 -239.24147288004556 1.8408955231086532 -116.56556701660155 1477.5000000000002 -61.600145966666084 0.93305207409477753 2.3371428134185934 8.5410596011131741 -34.606435394287104 6.3327973592644637 3.2452651959968644 4.3321346377909054 -88.530026175759033 1.1806250071773927 0.074007963635897608 1.343056490651001 1.8969924630676596 -597.77490997314442 0.43599371911295343 16.486278888888894 681.50000000000011 2.5070719390858032 -34.606435394287104 0.40606600992601155 2.3856304548353049 34.085753581708559 1517.5000000000002 2.9299521164021169
decision_type=2 2 2 2 2 2 2 2 2 2 2 2 2 2 2 2 2 2 2 2 2 2 2 2 2 2 2 2 2 2
left_child=2 4 7 15 19 8 9 18 10 13 11 -3 16 -6 -11 -4 -10 28 -1 -2 -21 -8 23 -17 -23 -5 -27 -7 29 -9
right_child=1 5 3 25 6 27 21 17 12 14 -12 -13 -14 -15 -16 22 -18 -19 -20 20 -22 24 -24 -25 -26 26 -28 -29 -30 -31
leaf_value=-0.020784791457906279 -0.023313510887890944 0.059275928999378509 -0.00502040569959546 0.0099784295058738658 0.02696879556715823 0.0081619797739000723 0.0067458046737399885 -0.013169995245853073 0.048358592709270981 0.018471255071528581 0.004606713176198274 0.036246242344405995 0.032882523642119903 0.0059783960072308136 0.052279719132470724 0.0029154066153939803 0.063812389751984278 -0.0088256272126287939 0.0091186392518953028 -0.00045223835030597541 0.015279245741028772 0.038109202081624077 -0.0016011006580277315 0.02098055039864119 -0.0038168572923614605 0.02580133144706926 0.057456756200729542 0.050340691415311091 -0.016357097299379814 0.0058631453226408708
leaf_weight=3288.5636911652982 110.3070836737752 274.47853788174689 2232.1763068381697 97.975968915969133 1015.8504893258214 175.2991144079715 786.87915302440524 2831.7136676516384 492.88017900660634 107.48369984701276 67.357861017808318 494.28488395363092 143.31730369664729 251.70923294126987 265.86779782176018 457.63664460740983 1218.425372781232 4061.5545021537691 92.811141131445765 997.08432885073125 442.10887047834694 149.05565020628273 874.27219386398792 354.50906419754028 42.001436963677406 218.42463770508766 113.97641578502953 34.982981709763408 4793.1384516842663 324.19494486600161
leaf_count=168447 5280 5079 91800 2197 27569 5270 24241 134229 5495 2920 1652 8847 1760 6835 6129 18575 11675 185503 3458 38008 16503 3709 34565 12734 1405 5404 1996 644 228001 14780
internal_value=-0.000167303 0.0287625 -0.0105273 0.00214482 0.0142375 0.0496329 0.0212361 -0.0141078 0.0523255 0.0272933 0.0412575 0.0444687 0.0573153 0.0228006 0.0425466 -0.000978472 0.0593615 -0.012459 -0.019964 0.00240886 0.00438035 0.0110725 0.00437151 0.010801 0.0288923 0.0305825 0.0366556 0.0151789 -0.0143155 -0.0112148
internal_weight=26810.3 7069.37 19740.9 4348.97 4168.35 2901.03 2618.85 15392 2690.74 1640.91 836.121 768.763 1854.62 1267.56 373.351 3918.59 1711.31 12010.6 3381.37 1549.5 1439.19 977.936 1686.42 812.146 191.057 430.377 332.401 210.282 7949.05 3155.91
internal_count=1074710 173021 901689 167271 132599 40422 72808 734418 34508 43453 15578 13926 18930 34404 9049 157674 17170 562513 171905 59791 54511 29355 65874 31309 5114 9597 7400 5914 377010 149009
is_linear=0
shrinkage=0.03


Tree=13
num_leaves=31
num_cat=0
split_feature=16 19 17 19 13 13 16 19 12 16 16 8 17 13 13 13 17 12 19 16 13 10 13 16 17 17 17 17 17 9
split_gain=8208.78 2078.53 1028.23 392.221 383.102 186.495 158.557 155.52 142.435 195.489 114.435 113.274 112.035 105.402 102.976 99.8767 92.7161 89.9201 87.314 86.8343 121.458 81.6192 76.2206 164.533 153.474 125.969 102.672 72.8149 80.2224 79.718
threshold=5.0891612483951247 3.8163974866363577 -239.24147288004556 3.7247222181823525 1338.5000000000002 1096.5000000000002 0.93305207409477753 3.1314285917887617 586.50000000000011 8.1484450410231677 8.1484450410231677 85.523854659628981 -34.606435394287104 306.50000000000006 241.50000000000003 602.50000000000011 -70.234172821044908 710.50000000000011 4.4959999216927429 3.372891695702672 716.50000000000011 3.4437107782728567 1537.5000000000002 2.7879833518724513 -848.47394111828919 -1219.4234863281247 -1614.2978244357637 -591.57517089843736 -1298.2127685546873 0.43599371911295343
decision_type=2 2 2 2 2 2 2 2 2 2 2 2 2 2 2 2 2 2 2 2 2 2 2 2 2 2 2 2 2 2
left_child=2 4 6 14 7 11 18 -2 16 -10 -7 12 13 -3 -4 -14 -9 -5 -1 -16 -21 -12 23 24 -8 26 -24 28 -6 -29
right_child=1 5 3 17 27 10 22 8 9 -11 21 -13 15 -15 19 -17 -18 -19 -20 20 -22 -23 25 -25 -26 -27 -28 29 -30 -31
leaf_value=-0.020392055681227851 0.01382935682546067 0.010280625622750891 -0.016888253874351968 0.035605003851463889 0.10231134062783388 2.9380477602800421e-05 0.0084959682917649833 0.034360149008782974 0.015945648147512238 0.048317150179106295 0.046410469918106982 0.035955420087246816 0.050893393651393629 0.058057554845233679 -0.0028531787902822126 0.011886294587637939 0.010560184216096195 0.00026382614782102825 0.016927047310413421 0.016068475236655264 -0.001197932369591049 0.018410954863021009 -0.016311600493009209 0.0034886510021126505 -0.013583370192105705 -0.016158696331791563 0.00062454576483339302 -0.0027017899437694159 -0.023443705893409036 0.01237700161655096
leaf_weight=3259.7488121185452 1513.8396866880357 42.646990597248077 318.58857989124954 362.03355175629258 4.7274155877530566 87.929136006161571 307.92545224353671 212.65267367102206 260.06665219739079 473.72923606075346 296.5647663846612 371.47932878509164 146.14587819203734 1627.4188272599131 2233.944084117189 99.161577004939318 479.45498513989151 78.918712545186281 57.417852079495788 662.28779188916087 821.42961630225182 136.97592663392425 529.14816116169095 755.6441099550575 3548.350672531873 5851.2748335842043 823.54560396820307 732.61338535510004 133.28913803771138 554.28925763256848
leaf_count=170080 47234 612 13755 7222 160 2601 14431 5184 7200 10820 4430 4557 1752 17671 92999 1265 12938 2272 1825 22483 31987 2257 25304 34251 168545 278767 38730 27164 6473 19741
internal_value=-0.000169257 0.027292 -0.010214 0.00241551 0.0143382 0.0474247 -0.0139505 0.0205261 0.0276359 0.0368443 0.0312351 0.0511164 0.0540568 0.0568375 -0.00051937 0.0351254 0.0178728 0.0292799 -0.0197461 0.000883377 0.00650928 0.0375641 -0.0123234 -0.00931201 -0.0118203 -0.0142513 -0.00600055 0.00157198 -0.0191363 0.00379288
internal_weight=26783.2 7172.98 19610.3 4477.2 4364.66 2808.32 15133.1 2939.74 1425.9 733.796 521.47 2286.85 1915.37 1670.07 4036.25 245.307 692.108 440.952 3317.17 3717.66 1483.72 433.541 11815.9 4611.92 3856.28 7203.97 1352.69 1424.92 138.017 1286.9
internal_count=1074710 172059 902651 170718 136914 35145 731933 83376 36142 18020 9288 25857 21300 18283 161224 3017 18122 9494 171905 147469 54470 6687 560028 217227 182976 342801 64034 53538 6633 46905
is_linear=0
shrinkage=0.03


Tree=14
num_leaves=31
num_cat=0
split_feature=14 18 17 18 11 11 16 18 11 10 18 18 2 3 18 17 11 15 11 17 17 16 17 16 11 11 14 17 16 11
split_gain=7686.15 1837.69 917.738 358.561 326.763 228.317 159.993 149.412 128.701 107.472 131.294 88.2677 85.7388 98.4838 85.3353 84.9488 84.2214 77.3097 71.9467 70.0521 70.623 68.8812 64.7773 79.1584 62.2017 56.2455 99.3377 75.9879 52.2205 58.754
threshold=4.4067505020422937 1.7663027323948837 -239.24147288004556 1.7746640399039502 1207.0294117647061 1361.3541666666667 0.93305207409477753 2.3371428134185934 288.52777777777783 4.2335331057573233 1.4807894927890679 1.343056490651001 3.2452651959968644 1.4194765639782938 1.8969924630676596 -34.606435394287104 213.58333333333334 1.1869482216301639 845.67543859649129 -597.77490997314442 -565.77350192599818 2.7198007249299079 -187.05631561279293 3.4748339144406071 960.01923076923083 1388.6875000000002 2.4289718072714983 -807.87125414980642 2.7198007249299079 1019.8819444444446
decision_type=2 2 2 2 2 2 2 2 2 2 2 2 2 2 2 2 2 2 2 2 2 2 2 2 2 2 2 2 2 2
left_child=2 4 6 16 8 7 14 15 -2 10 -10 25 13 -9 -1 17 -4 -3 22 -6 -21 -18 -5 -24 -23 26 -8 -27 -13 -30
right_child=1 5 3 18 19 -7 11 12 9 -11 -12 28 -14 -15 -16 -17 21 -19 -20 20 -22 24 23 -25 -26 27 -28 -29 29 -31
leaf_value=-0.020363634361494846 -0.0051089979158611947 0.11806895668223856 -0.018959345106313998 0.054517808151920609 -0.022977019031889 0.0087479500383860018 -0.012799400270688764 0.043479374790856985 0.016189521090281701 0.0086259066612989332 0.030810411759230941 -0.010992727585808925 0.028170592051854428 0.05740247173467055 0.0086694328635846772 0.0035376120827696721 -0.0046975997924363772 0.036858934863155293 -0.00062178512248396581 0.050626185915420265 0.0013815751210925163 0.0066999132444213964 0.011423688112385123 0.040190403258380282 -0.0052914797587310476 -0.012364604546071134 0.0032624790438589854 -0.019959364448649371 0.01615792924868879 -0.0056728468621668696
leaf_weight=3160.9792111944407 194.5038850363344 10.682229990139602 224.53733952715993 82.107372498139739 105.83836279250681 163.02547911182046 2582.1787967588753 789.29272163100541 1163.4251492209733 579.50096797756851 1053.1184037923813 2522.8257550876588 152.73284069448709 1086.812037518248 93.818317102268338 70.158149104565382 1595.2561875898391 853.05253133736551 78.849122922867537 26.819721151143312 1153.401483617723 1517.324886655435 184.09721821732819 161.71625299751759 523.68851299397647 2549.326414424926 400.26716766506433 2216.5371730942279 120.97841783054173 1338.9935436937958
leaf_count=168447 7194 126 9869 1611 5280 4875 125387 7679 34770 16479 25970 117969 1761 9724 3458 1666 67639 14591 2551 846 42060 57304 4176 2993 21128 124689 18233 108701 5392 62142
internal_value=-0.000170851 0.0258284 -0.0101151 0.00198593 0.0130493 0.0433125 -0.0136419 0.0452145 0.0184873 0.0201288 0.0231362 -0.0120091 0.0497853 0.0515449 -0.0195268 0.0352846 -0.00112829 0.0378633 0.0257115 0.000403901 0.00250063 -2.72304e-05 0.0305637 0.0248762 0.00362313 -0.0138748 -0.0106438 -0.0158968 -0.00837951 -0.00386387
internal_weight=26755.8 7402.36 19353.5 4367.58 4276.61 3125.76 14985.9 2962.73 2990.55 2796.04 2216.54 11731.1 2028.84 1876.1 3254.8 933.893 3860.81 863.735 506.77 1286.06 1180.22 3636.27 427.921 345.813 2041.01 7748.31 2982.45 4765.86 3982.8 1459.97
internal_count=1074710 173021 901689 167271 132599 40422 734418 35547 84413 77219 60740 562513 19164 17403 171905 16383 155940 14717 11331 48186 42906 146071 8780 7169 78432 377010 143620 233390 185503 67534
is_linear=0
shrinkage=0.03


Tree=15
num_leaves=31
num_cat=0
split_feature=14 18 17 18 17 13 12 16 18 17 7 0 13 18 18 10 17 17 18 13 1 17 3 17 11 14 17 12 18 6
split_gain=7140.54 1624.8 881.731 329.887 301.64 204.89 164.298 157.361 125.893 100.595 118.234 88.0215 86.6451 85.8757 82.7751 79.4887 95.2184 75.674 65.5282 86.0074 60.239 59.0628 58.8313 56.164 55.0437 95.3205 74.9343 52.6935 52.3924 51.7431
threshold=4.4067505020422937 1.7663027323948837 -239.24147288004556 1.8408955231086532 -116.56556701660155 1477.5000000000002 279.50000000000006 0.93305207409477753 2.5545453977855774 -72.581338882446275 0.72649565543233041 8.5000000000000018 241.50000000000003 1.343056490651001 1.8969924630676596 5.3901773030485094 -59.333111445109047 -597.77490997314442 1.1806250071773927 681.50000000000011 0.72918269578977879 -565.77350192599818 1.2722477047000853 -34.606435394287104 1388.6875000000002 2.4289718072714983 -807.87125414980642 982.50000000000011 1.4364797053300207 52.592042377003985
decision_type=2 2 2 2 2 2 2 2 2 2 2 2 2 2 2 2 2 2 2 2 2 2 2 2 2 2 2 2 2 2
left_child=2 4 7 12 17 8 -6 14 9 10 -3 23 -4 24 -1 16 -8 -2 -14 -20 -13 -19 -11 -10 25 -9 -26 -5 -23 -16
right_child=1 5 3 27 6 -7 15 13 11 22 -12 20 18 -15 29 -17 -18 21 19 -21 -22 28 -24 -25 26 -27 -28 -29 -30 -31
leaf_value=-0.020149602407936985 -0.022792142921022628 0.063917295724243664 -0.016634831863588044 0.028470603637783431 -0.0023366247441948171 0.01275277932860115 0.027023021917911574 -0.012570993572641824 0.046971718604003641 0.0086594346416801748 0.030097881181389279 0.071817360520793211 -0.0033040406644464161 -0.0081948069660645346 0.0043873482281216476 0.0059989981261773335 0.01323802948668399 0.046809449353252597 0.01222252482667757 -0.00159736186613455 0.047188757992040115 -0.0025644150549076687 0.032866282757004185 0.02970169688728987 -0.01213886589705096 0.0031546081144038221 -0.019740435198578449 -0.01277412487080962 0.0089061039229813722 0.13289533055076522
leaf_weight=3099.6516054496169 103.53096846491098 205.60876690596342 292.10873578116298 434.63836490362883 303.91863901726902 221.27296892181039 1538.2250328641385 2550.7039453145117 1163.7883588671684 101.74709887802601 169.92610574699938 204.89842374064028 1988.6852217260748 3951.0501966364682 91.674005748704076 279.96089512854815 638.0281672719866 28.115475747734308 755.65125566534698 874.13553000241518 158.53639614954591 751.6805063970387 807.36780722998083 198.36585074663162 2519.2922832146287 401.51618524640799 2174.5249545797706 29.788750719279051 684.94380801543593 2.909401260316371
leaf_count=168447 5280 2831 13045 8533 10355 5914 38117 125387 10555 1550 2786 1444 81565 185503 3393 7209 17127 846 28499 34565 1332 29086 12130 1880 124689 18233 108701 1064 24579 65
internal_value=-0.000171673 0.0245188 -0.0099105 0.00192084 0.0125016 0.040615 0.0184712 -0.01341 0.042663 0.0355526 0.0486143 0.0479566 -0.000918079 -0.011786 -0.019306 0.0210459 0.0229816 0.00199515 0.000350689 0.00481023 0.0610739 0.00374717 0.0301571 0.0444567 -0.0136418 -0.0104322 -0.0156605 0.0258251 0.00290442 0.00834028
internal_weight=26726.2 7559.92 19166.3 4375.01 4328.4 3231.51 2760.13 14791.3 3010.24 1284.65 375.535 1725.59 3910.58 11597.1 3194.24 2456.21 2176.25 1568.27 3618.47 1629.79 363.435 1464.74 909.115 1362.15 7646.04 2952.22 4693.82 464.427 1436.62 94.5834
internal_count=1074710 173021 901689 167271 132599 40422 72808 734418 34508 19297 5617 15211 157674 562513 171905 62453 55244 59791 144629 63064 2776 54511 13680 12435 377010 143620 233390 9597 53665 3458
is_linear=0
shrinkage=0.03


Tree=16
num_leaves=31
num_cat=0
split_feature=14 18 17 12 18 11 16 18 12 15 12 18 18 17 18 11 15 11 17 17 17 8 9 17 2 18 12 11 11 12
split_gain=6644.85 1535.54 766.478 322.771 284.143 196.403 151.247 123.942 122.29 114.038 99.8915 84.6321 84.3876 83.0434 80.2441 79.8993 77.7113 75.27 67.9691 76.4931 74.7898 65.3803 64.0779 47.6186 45.5465 62.9774 44.4275 43.2797 41.9415 41.8122
threshold=4.2069914897348903 1.7663027323948837 -239.24147288004556 1196.5000000000002 1.8623611090911762 1435.4142857142858 0.93305207409477753 2.453866617414687 279.50000000000006 5.9856553115004685 607.50000000000011 1.0505319169015752 1.1716602368704605 -34.606435394287104 1.8969924630676596 799.02380952380963 1.0981431129476587 246.52272727272728 -603.95862375895172 -1507.0461853027343 -565.77350192599818 111.77095517870252 0.65958280979670192 -413.77847798665363 0.40606600992601155 2.3856304548353049 207.50000000000003 1503.7375000000002 335.40000000000003 234.50000000000003
decision_type=2 2 2 2 2 2 2 2 2 2 2 2 2 2 2 2 2 2 2 2 2 2 2 2 2 2 2 2 2 2
left_child=2 3 6 8 11 7 14 13 -2 15 -11 29 -8 16 -1 -10 -3 -9 19 -5 -20 -19 27 -16 -6 -26 -15 -14 -27 -4
right_child=1 5 4 18 24 -7 12 17 9 10 -12 -13 22 26 23 -17 -18 21 20 -21 -22 -23 -24 -25 25 28 -28 -29 -30 -31
leaf_value=-0.019933957582840493 -0.0016160384226240451 0.10793501713385689 -0.017420410104847989 0.19164462847236774 0.0063516614946631713 0.0041593877079177345 -0.014058736110992487 -7.6966151630586174e-05 0.019005838375189814 0.014456682758092925 0.029868501073137047 0.003447691014670338 -0.0068670350196325123 0.046623035326818718 -0.006872466786774778 0.0058547057937125748 0.033817927538487225 0.047310588035114523 0.04298794820353985 -0.025147240745828865 -0.0015241683723985558 0.0305938254413641 -0.0021018652122653542 0.038211311862069948 0.019852197069471875 0.016448026282552864 -0.0035312033273657666 -0.012998024643689937 0.057219116821748038 -0.0039921522725412115
leaf_weight=3040.0939582493156 326.2210750002414 12.870918080210684 237.23383659496903 1.481239479035138 99.835052898153663 147.1469059009105 6061.4801738522947 33.643855847418308 803.21816475875676 646.00326529704034 914.03944638930261 1756.1737531963736 1757.2519534360617 19.763523435220122 63.829618785530329 861.95629472285509 1177.9367687758058 1660.4017898999155 35.248848851770163 131.9894742667675 938.27544577233493 241.14523282088339 1015.8638537041843 31.486313320696354 219.59099374338984 30.422457929700613 81.2222681324929 2525.6054863445461 89.553224442526698 1734.6032011732459
leaf_count=168447 11239 135 10713 43 2085 4595 303903 436 21771 16754 22422 68460 83125 373 2516 28679 17859 14111 1122 6854 35025 2268 48551 942 4938 620 1633 121892 1257 71942
internal_value=-0.000172029 0.0226423 -0.00999132 0.0114792 0.00134742 0.0380545 -0.0132512 0.0396001 0.015888 0.0176585 0.0234866 -0.00134194 -0.0116413 0.032404 -0.0190842 0.0121983 0.034619 0.0444037 -0.00266497 -0.0227413 8.75026e-05 0.0451906 -0.00887576 0.00802034 0.0241647 0.0294019 0.00628428 -0.0104825 0.0468807 -0.00560772
internal_weight=26695.6 8032.56 18663 4658.43 4167.41 3374.13 14495.6 3226.98 3551.44 3225.22 1560.04 3728.01 11360.2 1291.79 3135.41 1665.17 1190.81 1935.19 1107 133.471 973.524 1901.55 5298.72 95.3159 439.402 339.567 100.986 4282.86 119.976 1971.84
internal_count=1074710 185319 889391 143909 160015 41410 729376 36815 100865 89626 39176 151115 557471 20000 171905 50450 17994 16815 43044 6897 36147 16379 253568 3458 8900 6815 2006 205017 1877 82655
is_linear=0
shrinkage=0.03


Tree=17
num_leaves=31
num_cat=0
split_feature=14 18 17 12 18 13 16 13 10 18 18 0 18 18 17 10 17 17 17 13 18 13 16 0 7 17 17 13 16 13
split_gain=6192.39 1445.69 678.175 323.993 246.659 188.771 144.138 115.331 110.287 132.098 95.195 80.4368 78.0516 77.7831 77.1139 87.6316 75.0161 86.1995 75.1374 74.9803 54.4985 54.6102 53.7335 51.2183 50.6379 48.8248 102.677 83.5373 45.3127 52.5163
threshold=4.0352671754933853 1.7663027323948837 -239.24147288004556 1196.5000000000002 1.8623611090911762 1487.5000000000002 0.93305207409477753 275.50000000000006 4.2335331057573233 1.4807894927890679 2.5545453977855774 7.5000000000000009 1.343056490651001 1.8969924630676596 -59.333111445109047 5.584746977231168 -1507.0461853027343 -603.95862375895172 -565.77350192599818 241.50000000000003 1.0505319169015752 699.50000000000011 11.221422899680967 4.5000000000000009 0.64595144087719192 -860.58536105685755 -591.57517089843736 1517.5000000000002 2.7198007249299079 1320.5000000000002
decision_type=2 2 2 2 2 2 2 2 2 2 2 2 2 2 2 2 2 2 2 2 2 2 2 2 2 2 2 2 2 2
left_child=2 3 6 7 19 10 13 -2 9 -9 14 22 25 -1 15 -3 -5 -18 -19 -4 -21 -22 -12 -16 -13 27 -27 -8 -14 -30
right_child=1 5 4 16 -6 -7 12 8 -10 -11 11 24 28 -15 23 -17 17 18 -20 20 21 -23 -24 -25 -26 26 -28 -29 29 -31
leaf_value=-0.019716751348086009 -0.0098590294506656038 0.044510462236622285 -0.01700641367066771 0.17120678419221327 0.022641185561274559 0.010054374698390945 0.0088508729651454975 0.012845837759343707 0.0061363915007278703 0.02589300757632048 0.029904815134539152 0.064826056346554334 -0.010438839407407171 0.0077154726484015348 0.041159909909437138 0.017572904812375507 -0.023131422743670787 0.039729274201553276 -0.0016557504533286234 -0.0041834012887690675 0.0090442889199619254 -0.0020428707586966372 0.042495758018126696 0.021085251517430802 0.044495219173086645 -0.01955793429104288 -0.01087682208184855 -0.011505703514073477 0.01143080590793411 -0.0059348400647003408
leaf_weight=2982.2568558119237 161.75593330524862 536.04097956418991 265.40391490422189 2.2223717514425507 420.05254726298153 240.11179976537824 197.49516754038632 1526.1202119905502 790.80967289954424 1287.7000968586653 445.21923726983368 190.64956287667155 2456.0191818922758 96.021558105945587 141.88728563860059 136.33249188400805 168.81399653293192 41.112480256706476 996.29053737595677 1692.1164008080959 805.39202220179141 794.00998225621879 968.92900884523988 590.14277458749712 261.47476973943412 2361.4928134772927 2550.6300380099565 2230.6754902694374 181.57562832348049 1145.4515092838556
leaf_count=168447 6316 7436 12209 60 8373 6594 9605 45923 23307 31503 4242 1255 117969 3458 2407 2091 8872 1343 37720 70614 30439 31664 8074 8261 1994 120898 127826 113095 8187 54528
internal_value=-0.000171998 0.0209884 -0.0100495 0.0105861 0.000900246 0.0357287 -0.0131158 0.0149227 0.0160348 0.0188167 0.0376135 0.0420533 -0.0115259 -0.0188611 0.0317135 0.0390485 -0.00292995 -0.00325078 -1.5654e-05 -0.00166724 -0.000430398 0.00354016 0.0385317 0.0249763 0.0530682 -0.01333 -0.0150502 -0.00985 -0.00802541 -0.00355872
internal_weight=26664.2 8485.61 18178.6 4974.83 3976.97 3510.79 14201.6 3766.39 3604.63 2813.82 3270.68 1866.27 11123.3 3078.28 1404.4 672.373 1208.44 1206.22 1037.4 3556.92 3291.52 1599.4 1414.15 732.03 452.124 7340.29 4912.12 2428.17 3783.05 1327.03
internal_count=1074710 197398 877312 155044 153299 42354 724013 107049 100733 77426 35760 15565 552108 171905 20195 9527 47995 47935 39063 144926 132717 62103 12316 10668 3249 371424 248724 122700 180684 62715
is_linear=0
shrinkage=0.03


Tree=18
num_leaves=31
num_cat=0
split_feature=14 17 17 13 15 11 17 12 16 12 13 14 17 17 17 9 13 11 17 14 17 14 3 2 11 16 15 9 16 1
split_gain=5777.98 929.36 651.969 254.009 165.33 204.818 151.347 177.203 141.553 131.319 95.6187 90.0934 82.1024 90.7151 85.7593 80.0368 76.1639 73.9065 136 139.821 134.823 111.153 73.1691 60.7995 50.9018 55.1499 46.1152 41.5429 39.8021 38.8495
threshold=4.0352671754933853 -116.56556701660155 -239.24147288004556 291.50000000000006 10.928865392736489 899.00833333333344 -37.412331277673893 600.50000000000011 0.93305207409477753 838.50000000000011 241.50000000000003 6.6221092040739347 -597.77490997314442 -1507.0461853027343 -565.77350192599818 0.51948860869839641 602.50000000000011 1454.0357142857144 -848.47394111828919 2.4093777561230474 -1219.4234863281247 1.7242948498607953 1.4378879371872666 2.2344894522515681 799.02380952380963 2.0145828803312709 0.035357619685302981 0.51422212665187605 1.740748336299766 0.99945010713624094
decision_type=2 2 2 2 2 2 2 2 2 2 2 2 2 2 2 2 2 2 2 2 2 2 2 2 2 2 2 2 2 2
left_child=2 9 8 -3 5 22 7 -6 -1 23 -4 -7 13 -11 29 24 -8 18 28 -20 21 -19 -5 -2 25 -12 -17 -22 -10 -14
right_child=1 3 10 4 6 11 16 -9 17 12 15 -13 14 -15 -16 26 -18 20 19 -21 27 -23 -24 -25 -26 -27 -28 -29 -30 -31
leaf_value=-0.01863648641566467 0.023732773444124972 -0.0028449471655977209 -0.015723483077076383 0.020447537757472586 0.024176989389195304 -0.0058867198704760839 0.03156945171126848 0.044291818420982752 0.0018604522132003786 0.14876734824959353 -0.0042621609037793813 0.016303736021783137 0.037086578068209267 -0.022426155739477129 0.00028165931027284178 0.1135259576513353 0.0096596100938188319 -0.011200047724562854 -0.012480469070909954 0.0014974608161344609 -0.017259118895409525 0.0072515607407184438 0.030037189303049598 -0.0010646138794191541 -0.0074573636736604077 0.0054970529371415593 0.010331408829556641 -0.011288853343188323 0.02299264463320427 0.17659765297182073
leaf_weight=3022.8082091100514 340.76122640259564 268.39444750733674 289.74409651756287 1126.7966535687447 591.71557190828025 244.61476023867726 266.99307530559599 1180.6520795226097 213.18307325616479 2.8295697774738064 806.55876051820815 503.81533498130739 41.347301637753844 180.0238847322762 1486.7293846327811 3.9176322929561129 306.97189092263579 833.98099778778851 3437.5823186878115 792.55918152444065 3673.4103245511651 453.66417322121561 1964.5937207210809 120.44013485312462 652.87954861111939 1472.7062079440802 753.95650188066065 1468.181364711374 128.60765611752868 1.8780266046524037
leaf_count=171905 10573 8620 12922 23143 7234 6304 3833 15670 10327 68 32562 10890 1266 9545 56332 102 4098 41760 172857 36824 187753 22230 35934 3828 26452 54044 27217 74237 6120 60
internal_value=-0.000171695 0.0200128 -0.0098454 0.0257268 0.0269664 0.0231326 0.0332405 0.0375764 -0.0128866 0.00304807 0.000871283 0.00905107 -0.000777939 -0.019777 0.00149275 0.00217432 0.0198515 -0.0113067 -0.0083908 -0.00986156 -0.0133802 -0.00469916 0.0265418 0.0172571 -7.19267e-05 0.00204358 0.0108648 -0.0155543 0.00981199 0.043148
internal_weight=26632.3 8628.56 18003.7 6454.55 6186.15 3839.82 2346.33 1772.37 14024 2174.01 3979.76 748.43 1712.81 182.853 1529.95 3690.02 573.965 11001.2 4571.93 4230.14 6429.24 1287.65 3091.39 461.201 2932.14 2279.26 757.874 5141.59 341.791 43.2253
internal_count=1074710 197398 877312 115726 107106 76271 30835 22904 724013 81672 153299 17194 67271 9613 57658 140377 7931 552108 226128 209681 325980 63990 59077 14401 113058 86606 27319 261990 16447 1326
is_linear=0
shrinkage=0.03


Tree=19
num_leaves=31
num_cat=0
split_feature=14 18 17 18 12 12 14 18 12 10 18 5 9 17 18 11 14 17 2 11 17 17 17 17 12 17 13 14 18 14
split_gain=5393.04 1221.17 628.895 281.227 273.544 164.678 137.31 103.41 98.4006 103.077 112.466 75.4082 74.8883 83.564 73.387 72.0098 116.87 79.2337 65.5336 62.8569 62.6063 65.8613 62.5181 57.0424 56.2173 57.925 53.9872 52.7807 52.6054 52.1219
threshold=4.0352671754933853 1.7663027323948837 -287.79505121140249 1.8408955231086532 1204.5000000000002 1164.5000000000002 0.67140113864248907 2.3371428134185934 279.50000000000006 4.3321346377909054 1.4807894927890679 6.3327973592644637 0.64352971528772895 -837.79803466796864 1.1806250071773927 1463.788888888889 2.8474791424337238 -1234.4096272786458 3.300518163070961 246.52272727272728 -603.95862375895172 -1507.0461853027343 -565.77350192599818 -37.412331277673893 982.50000000000011 -182.72485351562497 699.50000000000011 2.4289718072714983 2.0079999794562662 26.595909722222224
decision_type=2 2 2 2 2 2 2 2 2 2 2 2 2 2 2 2 2 2 2 2 2 2 2 2 2 2 2 2 2 2
left_child=2 4 6 14 8 7 28 11 -2 10 -10 23 15 27 -4 16 -8 -17 19 -9 21 -6 -22 -3 25 -5 -16 -14 -1 -7
right_child=1 5 3 24 20 29 12 18 9 -11 -12 -13 13 -15 26 17 -18 -19 -20 -21 22 -23 -24 -25 -26 -27 -28 -29 -30 -31
leaf_value=-0.020351997625822845 -0.001716174315140955 0.041294423007919044 -0.0061980096616807596 0.040342868484777805 0.11983738001004941 -0.0010391655637556597 -0.010925338078162802 3.1660720712326114e-05 0.011950692074299909 0.0049274906943225167 0.023977986759932936 0.020618418717315665 -0.0013910419798705109 -0.011311344685407228 0.0072099743957778732 -0.0078286889021046205 0.0096877775652347356 -0.016721913051023201 0.018660091063907581 0.039435060524425705 0.034629704914802828 -0.022766266380689262 -0.0018258530595027171 0.0070259799779614418 -0.011297744030634823 0.017087555922722642 -0.0030628328262791325 0.021439667138848744 0.0075975364405838925 0.034725356066224483
leaf_weight=2280.5482604075223 351.81660137698054 343.07027179375291 2397.1585776600987 142.4975876994431 2.9683969169855109 167.89390120469034 3314.6076948978007 37.063935626298189 1507.5697324220091 736.69368830136955 1305.8071492612362 726.82371463254094 592.12594873644412 1030.0673971381038 867.35445262677968 1140.1476699262857 267.52668365091085 4310.1846151985228 156.31002433598042 2149.8725104555488 44.243716824799776 161.48682009615004 982.43410062417388 50.101510798558593 43.075705818831921 297.96570650674403 981.35814372822642 107.711509892717 62.261757662519813 46.923834662884474
leaf_count=132944 12077 5138 105037 3013 60 4909 170150 473 43920 21192 30385 11445 29715 52071 33522 58118 12326 224339 1581 17156 1343 8867 37200 1001 1769 5601 41187 5260 2260 651
internal_value=-0.000171217 0.0190888 -0.00964331 -0.000265601 0.00957605 0.0322611 -0.0130275 0.033842 0.0134175 0.0149172 0.0175331 0.0263437 -0.0115948 -0.00587652 -0.00273436 -0.01269 -0.00938588 -0.0148616 0.037426 0.0387673 -0.00300752 -0.0201923 -0.000254835 0.0369276 0.0214121 0.0246111 0.00175683 0.00212282 -0.0196092 0.00677308
internal_weight=26605.7 8771.08 17834.6 4729.41 5093.02 3678.06 13105.2 3463.24 3901.89 3550.07 2813.38 1120 10762.4 1729.9 4245.87 9032.47 3582.13 5450.33 2343.25 2186.94 1191.13 164.455 1026.68 393.172 483.539 440.463 1848.71 699.837 2342.81 214.818
internal_count=1074710 197398 877312 190129 155044 42354 687183 36794 107574 95497 74305 17584 551979 87046 179746 464933 182476 282457 19210 17629 47470 8927 38543 6139 10383 8614 74709 34975 135204 5560
is_linear=0
shrinkage=0.03


Tree=20
num_leaves=31
num_cat=0
split_feature=14 19 17 19 12 13 16 13 16 10 19 17 17 11 16 14 11 19 15 9 11 17 15 19 17 17 10 17 13 3
split_gain=5039.34 1100.59 604.998 261.722 252.667 152.283 136.692 92.8001 91.9858 89.741 103.494 83.2667 158.716 124.309 117.72 114.18 72.0638 68.4823 103.526 66.2511 66.2357 80.3318 63.4122 61.1405 60.3152 58.5962 57.4597 57.0254 52.2665 50.7257
threshold=4.0352671754933853 3.5326054647897673 -287.79505121140249 3.4281463425333913 1204.5000000000002 1096.5000000000002 0.93305207409477753 275.50000000000006 8.1484450410231677 4.2335331057573233 2.7799999926771441 -837.79803466796864 -591.57517089843736 1454.0357142857144 2.9043906186281707 2.3912495653046801 246.52272727272728 5.1090907955711549 6.6225139260249568 1.0000000180025095e-35 815.17424242424249 -116.56556701660155 1.7449811209097239 2.1010638338031504 -603.95862375895172 -1468.1789156595862 3.4437107782728567 -565.77350192599818 332.50000000000006 1.6616050073304625
decision_type=2 2 2 2 2 2 2 2 2 2 2 2 2 2 2 2 2 2 2 2 2 2 2 2 2 2 2 2 2 2
left_child=2 4 6 23 7 16 -1 -2 -7 10 -9 13 22 -8 -14 -15 -3 18 -18 -19 21 28 -13 -4 25 -6 29 -26 -5 -10
right_child=1 5 3 20 24 8 11 9 26 -11 -12 12 14 15 -16 -17 17 19 -20 -21 -22 -23 -24 -25 27 -27 -28 -29 -30 -31
leaf_value=-0.018604286379631595 -0.0095590687851857658 -0.0007535210942888551 -0.0063449014887377838 -0.007853804832014007 0.098155763062566084 -0.0027178214089938649 0.0094949185729413521 0.010210323414732452 0.020391902271979984 0.0049830776762612074 0.021429851351872364 -0.014660103510851851 -0.012208152572722966 -0.011741661093208407 0.00037174922500204428 0.003437004344283707 0.037920053387280668 0.03133304578081441 0.020350007583496435 0.043028489924540586 -0.0013416538692665894 0.0093335890129467181 -0.023515232292256834 0.00097072629683060674 0.032514923899429969 -0.022750489822606513 0.0097320537593730272 -0.0017741803677105903 0.038450251273788739 0.04194348661032176
leaf_weight=2847.2689895685762 159.5611345525831 54.246765829622746 2207.9701428730041 24.115269413217902 3.6920873746275893 149.67922117933631 347.47813114151359 1382.8261586036533 219.04291897453368 815.99535094946623 1591.6707129534334 1810.9427757579833 2432.6104515548795 2833.9933814257383 923.68703584559262 529.34480008296669 571.44246288761497 776.60305123589933 639.67939847148955 993.67634880542755 122.29606780596077 205.7038972042501 1216.8976166769862 1924.2235252354294 45.684793187305331 157.59184933081269 182.61421953514218 980.74222178198397 243.17536551505327 178.29794779792428
leaf_count=168066 6316 777 97592 572 77 4484 16727 39940 2712 23423 37895 94847 125196 146325 45032 26605 7288 6379 8496 6935 4394 4207 64385 78410 1343 8850 2765 37200 4954 2518
internal_value=-0.000170441 0.0182345 -0.00944396 -0.000259086 0.00920475 0.0305557 -0.012799 0.0128528 0.0182496 0.0137962 0.016214 -0.0111616 -0.0132388 -0.00758786 -0.00874604 -0.00935274 0.0335136 0.0341371 0.0286401 0.0378978 0.0183383 0.0234267 -0.018219 -0.00293826 -0.00292787 -0.0199827 0.0236611 -0.000248022 0.0342726 0.0300627
internal_weight=26572.8 8903.05 17669.7 4727.48 5137.76 3765.28 12942.2 3950.05 729.634 3790.49 2974.5 10095 6384.14 3710.82 3356.3 3363.34 3035.65 2981.4 1211.12 1770.28 595.291 472.995 3027.84 4132.19 1187.71 161.284 579.955 1026.43 267.291 397.341
internal_count=1074710 197398 877312 190129 155044 42354 687183 107574 12479 101258 77835 519117 329460 189657 170228 172930 29875 29098 15784 13314 14127 9733 159232 176002 47470 8927 7995 38543 5526 5230
is_linear=0
shrinkage=0.03


Tree=21
num_leaves=31
num_cat=0
split_feature=16 18 16 11 11 18 14 13 18 18 3 11 13 16 11 5 8 3 11 11 1 13 13 15 9 18 9 3 11 13
split_gain=4717.56 1033.5 343.543 329.157 294.037 167.211 132.864 109.644 105.804 105.288 114.594 81.0211 77.5888 74.5297 71.294 69.6915 67.3541 69.9805 63.9 61.47 54.8226 48.6309 47.1446 44.04 43.6552 43.2558 42.8237 43.3133 39.1772 39.0051
threshold=4.5164092282515691 2.0269333166546297 2.5001978596777792 1215.0500000000002 1435.4142857142858 2.2405262845650058 0.67140113864248907 1079.5000000000002 1.8623611090911762 1.4000000017029901 3.2226592738934752 799.02380952380963 1419.5000000000002 8.1484450410231677 246.52272727272728 9.418517765718617 85.523854659628981 1.4194765639782938 246.52272727272728 454.08333333333343 0.71706096405033637 567.50000000000011 275.50000000000006 5.0856229365079377 0.55419670137130683 1.6722069062035663 0.65958280979670192 1.3966453556250686 944.61250000000007 291.50000000000006
decision_type=2 2 2 2 2 2 2 2 2 2 2 2 2 2 2 2 2 2 2 2 2 2 2 2 2 2 2 2 2 2
left_child=2 4 5 8 9 6 -1 14 18 28 22 25 15 -9 -3 -7 17 -16 -4 -18 -15 -17 -11 -12 -13 -8 -5 -28 29 -2
right_child=1 7 3 26 -6 12 11 13 -10 10 23 24 -14 20 16 21 19 -19 -20 -21 -22 -23 -24 -25 -26 -27 27 -29 -30 -31
leaf_value=-0.019209733983727866 -0.0068914515319379909 -0.0028798537510007025 -0.014870170227039504 -0.011714180420851525 -0.0034867936224095455 0.011290990422673449 -0.0069336926828986664 -0.0053566489211063868 0.022624627050023237 -0.0096701999817946794 -0.0064445905668020541 -0.013973741487487661 -0.019937427065889544 0.030877628989542598 0.02889061568503435 0.031228168260045028 0.04277147073314283 0.039804384892875175 0.0038002143334698157 0.016337979446130933 0.010306079497278383 0.10051593036143786 0.019924674529122919 0.01214104337741769 -0.0081909837793428721 0.013489948584323229 -0.013550613589880788 0.0046181771236235639 0.00054786472541014776 0.011877933510264177
leaf_weight=2356.5661631040275 109.10923942737281 48.837335672229528 178.2217739764601 2507.0457165744156 1223.0929114725441 165.94649629667401 1943.2014444991946 95.791519513353705 258.19219599105418 49.475488148629665 227.42030921578407 5523.4821586571634 56.026341058313847 325.00743353739381 840.4283093623817 26.223267888650298 104.76076712086797 1425.9269723966718 2220.8465202767402 324.20718596689403 181.81556119024754 13.975536011159418 2323.9855519700795 231.59923248551786 1492.366649992764 98.038629576563835 188.06431689299643 317.37812727130949 533.34689768590033 1149.023101342842
leaf_count=140391 4284 650 8151 127273 50292 4197 91224 2637 5207 1804 6557 293867 2734 3657 6763 405 961 12274 90187 3046 2230 278 54904 5385 77261 3070 9556 15640 17898 31927
internal_value=-0.000169527 0.0172037 -0.00937801 -0.00331931 0.00959391 -0.0123201 -0.0128642 0.0304986 0.00437707 0.0130539 0.0166541 -0.0112132 0.0113679 0.0189112 0.0330431 0.0198761 0.033694 0.0357573 0.00241323 0.0227935 0.0234979 0.0553168 0.0193078 0.00293283 -0.0127437 -0.00595277 -0.0101081 -0.00214204 0.00736168 0.0102502
internal_weight=26539.4 9193.83 17345.6 5669.75 5847.05 11675.8 11413.7 3346.78 2657.26 4623.96 2832.48 9057.09 262.172 602.615 2744.16 206.145 2695.32 2266.36 2399.07 428.968 506.823 40.1988 2373.46 459.02 7015.85 2041.24 3012.49 505.442 1791.48 1258.13
internal_count=1074710 205269 869441 256014 173051 613427 605813 32218 103545 122759 68650 465422 7614 8524 23694 4880 23044 19037 98338 4007 5887 683 56708 11942 371128 94294 152469 25196 54109 36211
is_linear=0
shrinkage=0.03


Tree=22
num_leaves=31
num_cat=0
split_feature=17 18 18 18 18 11 17 17 3 11 13 17 12 9 8 9 17 18 17 12 3 5 17 12 12 9 9 17 2 17
split_gain=4288.31 1360.78 220.872 181.704 138.679 94.4681 87.4938 114.503 82.2441 80.0141 71.349 87.6397 70.2676 61.8425 61.2029 61.1549 55.8349 60.5968 55.5289 53.0982 52.976 64.473 55.8674 46.8657 45.605 44.6032 42.0413 31.5636 31.1778 28.3415
threshold=-222.96878596714564 1.7746640399039502 1.3942857190054292 1.3820955457599213 2.3371428134185934 230.58333333333334 -591.57517089843736 -771.35067749023426 3.2226592738934752 275.07692307692315 1338.5000000000002 -50.952177445093788 221.50000000000003 0.56438963768822614 111.77095517870252 0.48809582699399617 -396.2207412719726 2.3005262723094542 -116.56556701660155 1164.5000000000002 1.2846818745333415 6.3327973592644637 -90.915058135986314 389.50000000000006 308.50000000000006 0.70856608009053723 0.51171826609533089 -338.44029235839838 0.57098881415367431 -1614.2978244357637
decision_type=2 2 2 2 2 2 2 2 2 2 2 2 2 2 2 2 2 2 2 2 2 2 2 2 2 2 2 2 2 2
left_child=3 2 5 6 20 -2 7 13 10 -6 11 -4 -11 -1 -14 27 28 -18 26 -19 -3 22 -22 -20 -23 -12 -7 -5 -17 -30
right_child=1 4 8 15 9 18 -8 -9 -10 12 25 -13 14 -15 -16 16 17 19 23 -21 21 24 -24 -25 -26 -27 -28 -29 29 -31
leaf_value=-0.014226011093063529 -0.016983221813523824 0.0021966391494168741 0.017864821662528962 -0.010502288672271211 0.0032653399084023576 -0.00445466397933055 -0.0094739940056423281 -0.020594334579516461 0.00062981060310344594 0.063061019068504989 -0.0011383635592039135 0.0023606050707271399 0.03244755689484749 -0.0053483286511774412 0.018272959831137702 -0.010671643094225886 0.0054390306213728456 0.082164558526172465 -3.4370168270058299e-05 -0.020861760535587536 0.015321426120288082 0.028400239055673546 0.037814384158863852 0.0089684405627508748 0.012677638270183209 0.025040939973910784 0.0078335810077611832 -0.0031136564198343693 -0.021919320777548483 0.00027549112897471865
leaf_weight=3263.0274337623268 252.13476180657744 146.77410197816789 1998.6503145638853 2159.7627703808248 93.160333894193172 1339.250458072871 3624.6035359743983 2343.6009464710951 559.25678054243326 62.193061221390963 408.72781865112484 392.58019885420799 2365.0141522809863 901.26056406274438 310.09995722211897 473.45402417145669 365.78566981293261 17.257783247157935 899.23162680119276 6.0913202241063109 147.92655074223876 219.88448177278042 302.84068357944489 1235.3028298448771 678.01478485390544 68.369986582547426 308.24975943565369 685.52068517170846 55.256479253992438 823.00070382095873
leaf_count=184207 11953 2346 55732 111312 1495 55064 188372 132215 17357 485 13576 9727 19714 48845 2720 23893 16380 322 32321 275 3155 3236 4422 35952 11391 2093 12231 29706 2867 41346
internal_value=-0.000168248 0.0133155 0.00555443 -0.0109669 0.0267025 0.000796834 -0.0132094 -0.0152899 0.011154 0.0306068 0.013206 0.0153194 0.0315373 -0.0123046 0.0308044 -0.00601237 -0.00158346 0.00843004 0.00198217 0.055287 0.0193127 0.0211754 0.030433 0.00517576 0.0165279 0.00261323 -0.00215551 -0.00872213 -0.00446618 -0.00112092
internal_weight=26506.3 11787.7 7461.75 14718.6 4325.91 4034.17 10132.5 6507.89 3427.59 2830.47 2868.33 2391.23 2737.31 4164.29 2675.11 4586.13 1740.85 389.135 3782.03 23.3491 1495.44 1348.67 450.767 2134.53 897.899 477.098 1647.5 2845.28 1351.71 878.257
internal_count=1074710 294970 246006 779740 48964 147521 553639 365267 98485 24414 81128 65459 22919 233052 22434 226101 85083 16977 135568 597 24550 22204 7577 68273 14627 15669 67295 141018 68106 44213
is_linear=0
shrinkage=0.03


Tree=23
num_leaves=31
num_cat=0
split_feature=16 19 17 11 19 16 17 19 12 3 10 11 3 19 17 17 13 14 16 15 17 17 17 17 17 13 15 12 17 16
split_gain=4178.27 839.038 531.327 254.987 161.332 126.314 102.564 104.57 97.5993 82.7508 75.3978 152.857 118.129 72.7882 69.6075 157.044 122.491 95.794 78.0882 63.3132 63.0758 59.7861 83.0854 60.7293 59.7845 59.4888 45.2839 44.3701 52.5169 44.0724
threshold=4.5164092282515691 4.0538666333092594 -239.24147288004556 1435.4142857142858 3.4281463425333913 0.93305207409477753 -34.606435394287104 2.9615789855781358 1359.5000000000002 3.2226592738934752 4.2335331057573233 429.07142857142861 1.4378879371872666 3.7939849261353191 -837.79803466796864 -591.57517089843736 1589.5000000000002 2.183298916953043 2.9538015959492374 1.7449811209097239 -34.606435394287104 -1298.2127685546873 -591.57517089843736 -565.77350192599818 -112.40550184249877 241.50000000000003 11.87360892857143 702.50000000000011 -116.56556701660155 2.6779962909546788
decision_type=2 2 2 2 2 2 2 2 2 2 2 2 2 2 2 2 2 2 2 2 2 2 2 2 2 2 2 2 2 2
left_child=2 3 5 6 25 13 7 24 10 -9 12 -12 26 -1 16 19 -7 -18 -17 -16 -14 -5 -23 -24 -2 -4 -3 28 -6 -27
right_child=1 8 4 21 27 14 -8 9 -10 -11 11 -13 20 -15 15 18 17 -19 -20 -21 -22 22 23 -25 -26 29 -28 -29 -30 -31
leaf_value=-0.018510116900590751 0.0010145617863114608 0.017063048945374217 -0.01541489912924693 0.064543886835868147 0.029413567777766565 0.0095829064083941522 -0.012492794999693572 0.019476312690741768 -0.0041852094385967462 0.004277029901966072 0.048033662332149993 0.016324616784064251 0.0398323632484575 0.0082684060654075794 -0.013915456690196377 -0.010812917808042178 -0.011574034009340003 0.0010746645738693014 -0.0011252393528569762 -0.023043933920851405 0.017727867873039271 -0.020522855139564738 0.034827392040791556 -0.0017569805361653138 0.011692443603026162 -0.0044310705817756915 0.029249440554569069 -0.0035181269379168257 0.0085811483678400243 0.0026373531832347853
leaf_weight=2695.6274147108197 718.80878051184118 467.65506968647242 265.92674238421023 11.593533391132949 239.16926365159452 359.51232150942087 147.06128307431936 2093.335715662688 85.041798826307058 381.06579997763038 163.30352556705475 843.79048691317439 1132.0466110780835 94.55916035361588 1723.6587120313197 2837.1556976120919 2531.2291851304471 684.62763314135373 1017.3609005082399 1133.5075771920383 129.47123389691114 221.08847196958959 42.69598601385951 937.69522144086659 1373.9089569859207 1482.721275433898 664.20800278708339 87.047586124390364 199.9653958119452 1708.8951729685068
leaf_count=168447 25803 4154 12956 397 4476 17674 4615 46331 2425 9419 1462 8036 9739 3458 94058 149396 135222 35341 49883 63113 1242 12358 1236 36301 36591 63799 5160 2424 3885 65309
internal_value=-0.000166661 0.0158789 -0.00901922 0.00901043 0.000572879 -0.0119413 0.0121668 0.0129609 0.027559 0.0171356 0.0283529 0.0214663 0.0312506 -0.0176026 -0.0104057 -0.0122069 -0.00702462 -0.00888124 -0.00825595 -0.0175369 0.0375637 -0.00325586 -0.00391009 -0.000163733 0.00802479 -0.00178228 0.0242144 0.0160486 0.0199273 -0.000646407
internal_weight=26473.7 9412.77 17061 5927.25 3983.73 13077.2 4714.18 4567.12 3485.52 2474.4 3400.47 1007.09 2393.38 2790.19 10287.1 6711.68 3575.37 3215.86 3854.52 2857.17 1261.52 1213.07 1201.48 980.391 2092.72 3457.54 1131.86 526.182 439.135 3191.62
internal_count=1074710 205269 869441 173051 152849 716592 122759 118144 32218 55750 29793 9498 20295 171905 544687 356450 188237 170563 199279 157171 10981 50292 49895 37537 62394 142064 9314 10785 8361 129108
is_linear=0
shrinkage=0.03


Tree=24
num_leaves=31
num_cat=0
split_feature=16 18 16 11 11 18 14 13 18 18 3 11 13 15 11 9 11 10 11 3 1 9 9 13 15 3 13 10 18 18
split_gain=3913.26 762.974 313.862 288.712 236.031 146.095 129.012 90.8589 84.491 80.6942 90.4458 72.5549 66.0027 63.1464 59.3609 56.6901 56.6511 55.6792 141.465 99.1847 45.61 41.6244 41.0322 40.813 40.7557 40.7273 38.0801 37.7135 43.5894 36.4825
threshold=4.5164092282515691 2.0269333166546297 2.5001978596777792 1215.0500000000002 1435.4142857142858 2.2405262845650058 0.67140113864248907 1079.5000000000002 1.8623611090911762 1.4000000017029901 3.2226592738934752 799.02380952380963 1419.5000000000002 16.486278888888894 246.52272727272728 0.17157231106405993 246.52272727272728 4.2335331057573233 420.21538461538466 1.4378879371872666 0.68719159525119611 0.55419670137130683 0.65958280979670192 275.50000000000006 5.0856229365079377 1.3966453556250686 465.50000000000006 0.58735354236560966 2.3476190065580704 1.4971428726400651
decision_type=2 2 2 2 2 2 2 2 2 2 2 2 2 2 2 2 2 2 2 2 2 2 2 2 2 2 2 2 2 2
left_child=2 4 5 8 9 6 -1 14 16 -2 23 29 15 -9 -3 -7 -4 19 -19 -16 -15 -13 -5 -11 -12 -24 -17 -10 -29 -8
right_child=1 7 3 22 -6 12 11 13 27 10 24 21 -14 20 17 26 -18 18 -20 -21 -22 -23 25 -25 -26 -27 -28 28 -30 -31
leaf_value=-0.018648762297726631 0.0067060868469232511 -0.0038506357106291209 -0.014277585500163909 -0.011133296853094098 -0.0031703672013519714 0.0032725444387725158 -0.0077548332915615458 0.0072463557860247812 0.0010978896162775734 -0.0098519458531259648 -0.0064788540376067407 -0.013312998869393208 -0.019511873097908309 0.035798602983079783 0.02497994454688934 0.011992181143189621 0.0035885064538539613 0.050275129364286519 0.017497135676010293 0.038389387519222225 0.011436069682382203 -0.0075853249543051575 -0.012973970881915913 0.017562774709916022 0.01131485680072572 0.0048444921312149327 0.049684473468404419 0.01584102656934365 0.044791987113582996 0.0019608914044249325
leaf_weight=2249.7220659693703 1821.2716167122126 50.289485841989517 172.03207697160542 2434.4888917468488 1209.2896860223264 115.35650089755654 1565.444523114711 344.31840519048274 70.336582008749247 49.8759925365448 227.67277480848134 5319.0434737224132 53.998746341094375 176.35806132107973 974.47428183630109 41.00199388153851 2234.0497084595263 141.11205851659179 739.59878184646368 1011.9889835547656 113.78064709529281 1454.0847338922322 182.11300454102457 2431.6316921990365 235.87419888190925 315.37924960255623 58.600192133337259 125.54144362360239 74.629703851416707 447.20536336302757
leaf_count=140391 54109 650 8151 127273 50292 3063 75917 5684 1363 1804 6557 293867 2734 1663 7478 668 90187 1175 6486 7905 1177 77261 9556 54904 5385 15640 1149 2829 1015 18377
internal_value=-0.000165281 0.0152119 -0.00882762 -0.00302561 0.00866661 -0.0117062 -0.0122386 0.0262233 0.00409829 0.0116698 0.0147395 -0.0105972 0.0101396 0.0159343 0.0284609 0.0175882 0.0023111 0.0290276 0.022749 0.0318113 0.0262446 -0.0120834 -0.00952897 0.0170118 0.00257541 -0.00167817 0.0341682 0.0199948 0.0266348 -0.00559603
internal_weight=26440.6 9527.54 16913 5608.57 5975.62 11304.5 11035.5 3551.92 2676.59 4766.33 2945.05 8785.78 268.957 634.457 2917.46 214.959 2406.08 2867.17 880.711 1986.46 290.139 6773.13 2931.98 2481.51 463.547 497.492 99.6022 270.508 200.171 2012.65
internal_count=1074710 205269 869441 256014 173051 613427 605813 32218 103545 122759 68650 465422 7614 8524 23694 4880 98338 23044 7661 15383 2840 371128 152469 56708 11942 25196 1817 5207 3844 94294
is_linear=0
shrinkage=0.03


Tree=25
num_leaves=31
num_cat=0
split_feature=14 19 17 19 17 16 17 13 17 17 16 13 16 17 14 15 19 17 13 10 3 9 13 5 17 16 17 17 2 13
split_gain=3670.41 675.401 495.948 200.95 158.594 122.769 115.303 99.5015 83.2424 139.603 96.4621 95.808 86.6654 76.9631 76.2993 73.6063 72.572 62.4609 90.733 61.3067 78.7438 61.0159 57.1172 53.7054 53.5149 52.5941 52.0135 49.6008 48.0385 46.6634
threshold=4.0352671754933853 3.5326054647897673 -314.40662384033197 4.1628571039154423 -116.56556701660155 0.76346082534486792 -61.600145966666084 1320.5000000000002 -807.87125414980642 -591.57517089843736 2.029329885156351 1438.5000000000002 2.9043906186281707 -597.77490997314442 10.665175298853356 1.6061622625651373 2.3612500143547854 -37.412331277673893 602.50000000000011 5.772621740145099 1.6616050073304625 0.44065371678368143 925.50000000000011 16.37898011928845 -1234.4096272786458 16.70309435626103 -300.6976804097493 -1468.1789156595862 0.37138517632549617 892.50000000000011
decision_type=2 2 2 2 2 2 2 2 2 2 2 2 2 2 2 2 2 2 2 2 2 2 2 2 2 2 2 2 2 2
left_child=2 4 5 16 13 -1 14 17 10 15 11 -7 -11 27 22 -10 -4 19 23 20 -3 26 -6 -19 -12 -16 -15 -2 -5 -18
right_child=1 7 3 28 6 8 -8 -9 9 12 24 -13 -14 21 25 -17 29 18 -20 -21 -22 -23 -24 -25 -26 -27 -28 -29 -30 -31
leaf_value=-0.01871377901105031 0.08275550202675841 0.023492669024877944 -0.0058633867236829373 0.0041660499628435295 0.017114808961569056 0.0062830799466346114 0.0042093774591484123 0.0099756535580168195 -0.013360430220287418 -0.011476485680956446 0.0080327637520286981 -0.012697753504202275 5.0275797469518178e-05 0.010729204303850184 0.036658260084116288 -0.023269333139529471 0.0050024739918946813 0.022471845887197289 0.0052767536066561753 0.017599613394798024 0.033993060409357151 0.010856354810079389 0.0057789649847762815 0.054957166993803867 -0.0046912686614635005 0.013162085863936857 -0.0041801593271944349 -0.022030131025612649 0.027468383885796886 -0.0039396498804510332
leaf_weight=1987.1139989420772 4.1774497739970675 1208.4568257667124 2554.9220008645207 114.51884113065898 1179.2461899220943 266.7670166734606 1188.6930090785027 416.35082071274519 1514.6844000453129 2199.346323187463 412.15310838073492 2327.8377999411896 800.79643067717552 268.07295629382133 238.23224186897278 1216.6160500477999 1362.1356871658936 279.01233687996864 310.64221348240972 499.90932767279446 1373.0753281433135 570.53471498377621 605.41426589339972 54.797639286145568 1069.2748217284679 133.9486604295671 982.11901368014514 151.88273793458939 261.29104716517031 854.81732564605772
leaf_count=127614 77 9942 117311 2381 26949 13996 30997 8649 85660 120164 20934 129935 39916 11062 4575 69760 51519 2622 3029 5058 12563 20008 14351 491 56985 2553 35419 9053 4334 36803
internal_value=-0.000163535 0.0148008 -0.00852312 -0.000753697 0.00773075 -0.011914 0.0117115 0.0238849 -0.0105363 -0.0128671 -0.00725895 -0.0107462 -0.00839977 0.000993751 0.0158461 -0.0177742 -0.00241711 0.0254392 0.0169456 0.0272155 0.0290777 0.00272678 0.0132693 0.0278046 -0.00115127 0.0282019 -0.000983213 -0.0192252 0.0203676 0.00155455
internal_weight=26406.8 9464.57 16942.3 5147.68 5322.32 11794.6 3345.53 4142.24 9807.48 5731.44 4076.03 2594.6 3000.14 1976.79 2156.84 2731.3 4771.88 3725.89 644.452 3081.44 2581.53 1820.73 1784.66 333.81 1481.43 372.181 1250.19 156.06 375.81 2216.95
internal_count=1074710 197398 877312 212348 155044 664964 79425 42354 537350 315500 221850 143931 160080 75619 48428 155420 205633 33705 6142 27563 22505 66489 41300 3113 77919 7128 46481 9130 6715 88322
is_linear=0
shrinkage=0.03


Tree=26
num_leaves=31
num_cat=0
split_feature=16 18 17 11 18 14 17 18 17 11 17 17 14 5 18 12 2 17 17 4 11 3 10 17 17 9 16 12 12 17
split_gain=3443.07 647.615 473.11 234.658 130.887 119.726 92.1795 92.5186 85.9384 125.053 138.366 97.7748 82.9594 82.2111 72.7177 65.5108 64.8606 57.4629 86.9741 57.2966 55.7877 50.8438 78.7666 48.4317 46.8185 44.0559 38.9948 50.848 38.3383 46.339
threshold=4.5164092282515691 2.1690598019847167 -239.24147288004556 1302.0384615384617 1.7140731712666957 0.90600417076105688 -34.606435394287104 1.4868627506143908 -1234.4096272786458 1503.7375000000002 -860.58536105685755 -1614.2978244357637 1.5490500164550238 10.32945353397675 2.2479999608463714 1359.5000000000002 3.300518163070961 -591.57517089843736 -1298.2127685546873 3.4828480806356574 213.58333333333334 1.2598376591468305 2.1530248677313875 -565.77350192599818 -112.40550184249877 0.63737241737206685 2.6779962909546788 953.50000000000011 702.50000000000011 -116.56556701660155
decision_type=2 2 2 2 2 2 2 2 2 2 2 2 2 2 2 2 2 2 2 2 2 2 2 2 2 2 2 2 2 2
left_child=2 3 5 6 20 14 7 24 11 10 -10 -7 -13 -9 -1 16 21 18 -5 -16 -4 -3 -23 -19 -2 -11 -22 -28 29 -6
right_child=1 15 4 17 28 8 -8 13 9 25 -12 12 -14 -15 19 -17 -18 23 -20 -21 26 22 -24 -25 -26 -27 27 -29 -30 -31
leaf_value=-0.017004034932349345 0.00067811602872819439 0.020939089466156188 -0.017268547952356217 0.060498573499381501 0.026368925840599414 -0.012810974798096101 -0.010153753249999682 0.019723245311287104 0.013215258363427849 -0.015460611163720581 -0.0083731759834215318 -0.0060884274333070634 0.015808372104508646 0.0087997692752689212 -0.006810043278107962 -0.0039396906595172898 0.0091649280915988944 0.031113410081967507 -0.020162815540215279 0.051166489031058394 -0.0042245017814195041 0.038657726463617051 0.025559768370890724 -0.00049959693434398645 0.010584383848874649 -0.0070736549886102782 0.00491707578031946 -0.0079308099139180355 -0.0039070472559828914 0.00718051506844819
leaf_weight=3103.3959928993136 621.39770168624818 978.07127956300974 193.16513589583337 12.738077545538543 250.82411988452077 413.84140249155462 168.62909957207739 1812.7250027135015 287.28166227787733 3663.7484632255509 3821.6109646838158 282.92855124361813 346.34608233720064 942.48349810577929 40.866658002138138 69.737944800406694 206.04554232023656 45.206581944599748 216.73489114176482 24.562195474281907 1497.8096893038601 575.88765678182244 1462.8625137005001 1239.1767009478062 1389.5142615474761 666.18279279582202 1400.2884738203138 345.67774439789355 88.115795519202948 206.54016658850014
leaf_count=197803 21668 7423 9710 403 4476 22613 5017 34884 14007 207193 204399 15171 17540 20345 1389 1860 1926 1268 12571 582 65458 4270 11297 46387 35950 35895 52431 14465 2424 3885
internal_value=-0.000161855 0.0140021 -0.00845696 0.00847483 0.000560813 -0.0112957 0.0116445 0.0124158 -0.00960856 -0.0106127 -0.00686378 -0.0014851 0.00596334 0.0159866 -0.0163442 0.0248273 0.0254498 -0.00185745 -0.0156853 0.0149545 -0.00160589 0.026562 0.0292596 0.00061309 0.00752322 -0.0141702 -0.000673191 0.00237337 0.0142127 0.0177037
internal_weight=26374.4 9741.21 16633.2 6448.61 3982.42 12650.8 4934.75 4766.12 9481.94 8438.82 4108.89 1043.12 629.275 2755.21 3168.82 3292.6 3222.87 1513.86 229.473 65.4289 3436.94 3016.82 2038.75 1284.38 2010.91 4329.93 3243.78 1745.97 545.48 457.364
internal_count=1074710 205269 869441 178493 152849 716592 117864 112847 516818 461494 218406 55324 32711 55229 199774 26776 24916 60629 12974 1971 142064 22990 15567 47655 57618 243088 132354 66896 10785 8361
is_linear=0
shrinkage=0.03


Tree=27
num_leaves=31
num_cat=0
split_feature=16 18 17 11 16 18 17 18 5 17 17 9 13 14 17 18 12 2 17 13 17 13 11 17 17 13 17 11 16 17
split_gain=3228.95 628.612 414.151 242.419 115.559 114.85 84.8986 88.5333 79.3815 74.8399 94.7465 67.4949 66.0763 78.8043 76.436 65.7903 60.205 60.332 55.8658 53.8253 49.6461 87.4298 51.9149 43.4833 43.0675 38.4509 38.1794 36.8763 52.4291 30.1821
threshold=4.3353713872071609 2.1690598019847167 -239.24147288004556 1302.0384615384617 0.76346082534486792 1.7028571438221707 -34.606435394287104 1.4807894927890679 10.32945353397675 -1298.2127685546873 -603.95862375895172 0.64031467970170752 1537.5000000000002 2.335062983027687 -1234.4096272786458 1.9661904587632135 1359.5000000000002 3.300518163070961 -817.05206909179674 241.50000000000003 -37.412331277673893 672.50000000000011 301.01315789473693 -112.40550184249877 -603.95862375895172 455.50000000000006 -565.77350192599818 829.52777777777794 2.6779962909546788 -1526.665344238281
decision_type=2 2 2 2 2 2 2 2 2 2 2 2 2 2 2 2 2 2 2 2 2 2 2 2 2 2 2 2 2 2
left_child=2 3 4 6 15 19 7 23 -9 -5 -11 12 13 -6 -14 -1 17 20 29 -4 22 -22 -3 -2 -20 -19 -12 28 -21 -13
right_child=1 16 5 9 11 -7 -8 8 -10 10 26 18 14 -15 -16 -17 -18 25 24 27 21 -23 -24 -25 -26 -27 -28 -29 -30 -31
leaf_value=-0.018762363013467863 0.00080036226342832732 0.0025715014317871762 -0.015345954104618489 0.061283795257737556 -0.0098957840350496588 0.013248995057923289 -0.0099867443004168187 0.018775646200661522 0.0082316217031334141 -0.019798490119691124 0.023581002867028366 -0.017527905864510109 -0.0059601339167725349 0.0017881851423650623 -0.015068134029998119 0.010638411840662656 -0.0034681122484682626 0.037769847045908481 -0.016384765440251248 -0.0030901464129328626 0.026781785872155031 0.0024859546081093618 0.027890705522240482 0.010015426012741076 -0.0038174840811155235 0.0029896394316362763 -0.00084320767153821491 -0.0072619858138215495 0.0058393553952936789 0.003624246644582301
leaf_weight=1938.7943069031462 673.08308358304203 75.118741068989038 247.53050502203405 16.525482265278697 2962.6638162070885 522.64592965692282 167.39330292679369 1886.0956854056567 974.70367966033518 251.64280325453728 60.263579569756985 66.680387333966792 1047.13319661282 630.00883748196065 3985.7285253498703 71.008204221725464 71.856878966093063 34.211276780813932 423.62152718007565 1323.3135934788734 340.12201566249132 219.22074607387185 2450.366764690727 1461.6511368323117 583.41265703737736 174.66123892366886 1303.7517587170005 628.52495507895947 1070.5042760204524 678.43695910368115
leaf_count=130309 23718 761 12590 544 165899 10286 5030 36185 21203 14917 1896 3634 57594 31055 228863 2448 1969 294 24124 57651 2580 1807 18059 37934 30647 1654 49455 26668 39445 35491
internal_value=-0.000160064 0.0130945 -0.00848364 0.00784306 -0.0111394 0.00019075 0.011029 0.0117332 0.0151832 -0.00223484 -0.00288452 -0.00986423 -0.0109547 -0.00784689 -0.0131731 -0.0177236 0.0236973 0.02429 -0.00449622 -0.00189644 0.0253465 0.0172596 0.0271376 0.00710991 -0.00910407 0.0086863 0.000235879 -0.000794919 0.000903085 0.00173135
internal_weight=26340.7 10160.7 16180 6795.11 12387.5 3792.52 5162.93 4995.53 2860.8 1632.18 1615.66 10377.7 8625.53 3592.67 5032.86 2009.8 3365.56 3293.7 1752.15 3269.87 3084.83 559.343 2525.49 2134.73 1007.03 208.873 1364.02 3022.34 2393.82 745.117
internal_count=1074710 218006 856704 190882 710064 146640 124070 119040 57388 66812 66268 577307 483411 196954 286457 132757 27124 25155 93896 136354 23207 4387 18820 61652 54771 1948 51351 123764 97096 39125
is_linear=0
shrinkage=0.03


Tree=28
num_leaves=31
num_cat=0
split_feature=17 18 15 18 18 15 11 17 15 13 17 17 15 11 17 13 15 15 2 3 17 17 0 18 17 17 3 5 11 3
split_gain=2984.01 806.557 222.651 166.189 99.7793 94.8874 81.96 122.446 78.7824 61.4146 60.4341 119.86 103.865 83.0298 61.6093 56.2094 56.1737 51.2355 50.6643 54.44 45.7054 83.3634 50.5574 63.6491 46.7386 46.4299 43.0681 47.6096 38.2552 37.342
threshold=-222.96878596714564 1.7746640399039502 3.8748462919183964 1.3820955457599213 2.3371428134185934 0.34512366006540701 1207.0294117647061 -61.600145966666084 8.5410596011131741 332.50000000000006 -591.57517089843736 -771.35067749023426 1.8397247206727774 1388.6875000000002 -251.16500452945104 241.50000000000003 1.5933565793603741 19.193128787878788 3.300518163070961 1.4194765639782938 -584.87588500976551 -771.35067749023426 5.5000000000000009 2.3371428134185934 -1614.2978244357637 -1345.8432617187498 1.2722477047000853 6.3327973592644637 1246.0363636363638 3.8706878068420063
decision_type=2 2 2 2 2 2 2 2 2 2 2 2 2 2 2 2 2 2 2 2 2 2 2 2 2 2 2 2 2 2
left_child=3 2 15 5 26 -1 7 8 -4 -6 11 13 -12 -7 -14 -2 -13 -9 19 -11 21 24 -22 -24 -5 -26 -3 -28 -25 -29
right_child=1 4 6 20 9 10 -8 17 -10 18 12 16 14 -15 -16 -17 -18 -19 -20 -21 22 -23 23 28 25 -27 27 29 -30 -31
leaf_value=-0.020047788211982744 -0.01506309244917272 -0.0010120885163406642 0.012713694734840877 -0.017629071021764173 0.0052079481709108805 0.0041790886729859301 -0.00061933611833669261 0.00057961875789911278 0.027179386836878545 0.020317380907277877 -0.012585673996344138 -0.014091148550233147 0.00087929714521780341 -0.011064589136491254 -0.015881124362679792 0.00019576771135104148 -0.024433281746837354 0.01802331690870684 0.0096041563998849212 0.028869414406130341 -0.0066636666265287399 -0.01642372230464624 0.0012775273783632631 0.061338404917852446 0.012079609480559672 -0.0041931871465066056 0.023223911437254136 0.013609444766501692 -0.0058182020524606025 -0.0082247772996015388
leaf_weight=1148.8859025156125 231.59212979488075 151.77295752801001 1760.2406876999885 197.13920031487942 159.50859319418669 362.77958646975458 611.0484677683562 955.00051618553698 419.6129000056535 1135.6906244754791 1748.5378015981987 1028.5073599880561 1243.0919726062566 2832.0900571839884 234.64593394473195 3514.2532361913472 874.60611531045288 180.12645445391536 196.67452323995531 1633.4554811064154 1005.4473829744384 706.73301344737411 1097.529448973015 25.803337959572673 182.51349138934165 1165.5571608608589 507.78249641694129 909.15327510982752 10.841594576835631 76.421722617000341
leaf_count=76715 11956 2245 42815 11009 2070 20928 19925 25208 7478 9044 100001 62473 63127 165967 10520 135026 53908 3598 1821 11479 49317 39901 51386 469 9448 64073 7638 13431 498 1236
internal_value=-0.000158086 0.0105076 0.00448457 -0.00972961 0.0201939 -0.0119659 0.00947664 0.0113376 0.0154983 0.0233418 -0.0108505 -0.012884 -0.00763726 -0.00933366 -0.00178204 -0.000747633 -0.018844 0.00334765 0.0243171 0.025362 -0.00490565 -0.00788887 -0.00176582 0.00257613 -0.00398528 -0.00199003 0.0142138 0.0157613 0.0414698 0.0119164
internal_weight=26307 12442.3 7671.87 13864.7 4770.46 9473.14 3926.03 3314.98 2179.85 3125.33 8324.26 5097.98 3226.28 3194.87 1477.74 3745.85 1903.11 1135.13 2965.82 2769.15 4391.56 2251.94 2139.62 1134.17 1545.21 1348.07 1645.13 1493.36 36.6449 985.575
internal_count=1074710 294970 246006 779740 48964 553639 99024 79099 50293 24414 476924 303276 173648 186895 73647 146982 116381 28806 22344 20523 226101 124431 101670 52353 84530 73521 24550 22305 967 14667
is_linear=0
shrinkage=0.03


Tree=29
num_leaves=31
num_cat=0
split_feature=16 18 16 13 11 18 18 14 13 18 5 13 16 9 11 9 2 3 11 1 3 11 12 13 18 12 18 11 12 13
split_gain=2861.2 527.63 245.337 286.385 218.498 99.0853 92.3633 80.5695 76.6205 62.5856 68.0828 49.9241 48.957 48.2407 47.4127 44.5863 42.7049 41.0118 39.3694 43.4676 88.6712 52.6169 38.9883 36.6163 33.4985 32.6786 31.0578 31.0003 29.7937 32.2666
threshold=4.3353713872071609 2.2304285407066349 1.8121417687917083 1497.5000000000002 1302.0384615384617 2.2405262845650058 1.7140731712666957 0.58864338909705116 275.50000000000006 1.4807894927890679 10.32945353397675 1003.5000000000001 3.0046802941956008 0.65599410284010318 246.52272727272728 0.15843226362379023 0.50100863867523027 3.2226592738934752 246.52272727272728 0.90334940638093608 1.4285394201154988 437.17424242424249 543.50000000000011 699.50000000000011 1.4000000017029901 968.50000000000011 1.4800000125106825 1856.5208333333337 888.50000000000011 779.50000000000011
decision_type=2 2 2 2 2 2 2 2 2 2 2 2 2 2 2 2 2 2 2 2 2 2 2 2 2 2 2 2 2 2
left_child=2 4 5 6 8 7 12 -1 -2 25 -11 18 24 26 -14 -7 -15 27 -3 20 -20 -21 -8 -9 -4 -10 -5 -13 29 -17
right_child=1 11 3 13 -6 15 22 23 9 10 -12 17 14 16 -16 28 -18 -19 19 21 -22 -23 -24 -25 -26 -27 -28 -29 -30 -31
leaf_value=-0.018257111367611926 -0.010011692804935697 -0.0031419470092673069 -0.0059020435122125615 -0.013961400841572961 -0.0021338552544570804 -0.0044701610117777258 0.021257421965803186 -0.005647444853368204 0.008461302698422879 0.016935877220360305 0.0076389967622793424 0.01858554767642611 -0.016066430973642548 -0.014216512621126939 0.0044111732394003468 0.025272177799513951 0.0018868369663565749 -0.0091376987780572363 0.019773999355927503 0.033267284802454389 0.033049931413789507 0.014132157944270071 0.0041357691198546436 -0.012039276899093499 0.0018798600454941546 -0.0026439166668901872 -0.0075741509995813604 -0.011637356206621988 -0.014586087699914525 0.090355981251289616
leaf_weight=1767.300072283484 160.77834697812796 47.629838809370995 1740.7167127486318 2304.0466990275308 1634.5419241003692 104.69171365350485 246.39097384177148 983.87838841415942 1830.1862038802356 2040.6051256600767 1086.3429206777364 602.683204844594 109.06067824363708 218.27838881313801 1520.2262400668114 69.147244267165661 461.740487921983 58.788460031151772 844.33526025339961 165.69702465459704 976.39529728889465 589.29368259385228 232.7862775400281 4476.9852478420362 697.26636013388634 274.21077127195895 975.1180441621691 32.175393199548125 14.935242488980291 7.6101923938840619
leaf_count=120132 6023 573 87626 134415 67112 3309 4614 47941 50455 37734 22605 5424 5372 12002 60499 1027 24303 740 5828 1156 6397 4297 7160 262749 32426 8688 52219 974 731 179
internal_value=-0.000156036 0.0121299 -0.00813342 -0.00465506 0.00747456 -0.0121183 0.000481943 -0.0126895 0.0103872 0.0110141 0.013706 0.0219915 -0.000985737 -0.010554 0.00304045 0.00890749 -0.00328216 0.014834 0.0238841 0.0243838 0.0268934 0.0183317 0.0129397 -0.0108877 -0.00367641 0.00701425 -0.012062 0.0170538 0.0241817 0.031725
internal_weight=26273.8 10343.7 15930.2 8505.63 7026.67 7424.55 4546.45 7228.16 5392.12 5231.35 3126.95 3317 4067.27 3959.18 1629.29 196.384 680.019 693.647 2623.35 2575.72 1820.73 754.991 479.177 5460.86 2437.98 2104.4 3279.16 634.859 91.6927 76.7574
internal_count=1074710 218006 856704 420636 192617 436068 197697 430822 125505 119482 60339 25389 185923 222939 65871 5246 36305 7138 18251 17678 12225 5453 11774 310690 120052 59143 186634 6398 1937 1206
is_linear=0
shrinkage=0.03


Tree=30
num_leaves=31
num_cat=0
split_feature=16 18 17 11 18 16 17 18 17 17 17 17 11 16 14 15 10 11 2 17 13 3 17 17 13 11 14 11 17 16
split_gain=2686.67 485.051 367.105 195.19 131.659 114.054 75.1101 76.2076 69.5548 74.7399 67.8833 138.389 115.164 87.1463 86.3558 64.2692 63.2087 48.3192 48.5239 43.6472 79.5127 45.1582 43.5934 41.6819 41.3848 51.3558 59.7273 36.7431 58.4749 35.257
threshold=4.3353713872071609 2.1690598019847167 -287.79505121140249 1435.4142857142858 1.7140731712666957 0.76346082534486792 -34.606435394287104 1.4807894927890679 -1298.2127685546873 -603.95862375895172 -784.22274727199374 -591.57517089843736 1397.8500000000001 2.9043906186281707 2.183298916953043 1.5933565793603741 4.425148363585607 1856.5208333333337 3.300518163070961 -37.412331277673893 672.50000000000011 1.4378879371872666 -112.40550184249877 -383.91253662109369 241.50000000000003 829.52777777777794 2.4871469221725673 937.02173913043487 -187.05631561279293 1.8121417687917083
decision_type=2 2 2 2 2 2 2 2 2 2 2 2 2 2 2 2 2 2 2 2 2 2 2 2 2 2 2 2 2 2
left_child=2 3 5 6 24 -1 7 22 -5 -10 12 15 -7 -13 -14 -12 -9 18 19 21 -21 -3 -2 -11 -4 26 -26 28 -6 -30
right_child=1 17 4 8 27 10 -8 16 9 23 11 13 14 -15 -16 -17 -18 -19 -20 20 -22 -23 -24 -25 25 -27 -28 -29 29 -31
leaf_value=-0.017592651699808771 0.00030367486375235039 0.018614861402702989 -0.014787251973067399 0.056132860085397682 0.030372588297688921 0.0084153006680168143 -0.010138327275230275 0.015687874858576575 -0.019242807741106201 0.0084489165119768211 -0.012784141256069475 -0.010400462543778072 -0.01063612983329211 0.0012520327648144229 0.00079234696487077961 -0.02284606047076997 0.0059042131872076601 -0.012955913410353742 0.0073519933629844943 0.023465105542332918 0.00079053626580116395 0.026671801776694232 0.0089719542402658201 -0.0045493385097371292 -0.0034251778460430691 -0.0077765008453520041 0.005766157405091306 -0.0075241089229994102 -0.011210097735486688 0.01294265323425243
leaf_weight=1870.4709897395223 795.42208212427795 1001.6378211285919 239.15707353595644 17.481688773259521 158.85388309787959 416.01889189518988 169.92150614224374 2317.7610821314156 239.69013626221567 315.39029115065932 1294.0806114254519 2364.3258964559063 2855.245237544179 764.38446397334337 751.71968296542764 1022.9495037831366 799.25913856364787 37.877048794180155 216.2795126978308 356.04387114569545 228.5245989151299 1669.8888771720231 1519.863368935883 750.10974709130824 1583.6718882964924 978.18841225001961 1063.6547682285309 73.217895226553082 66.305266806855798 302.80236465856433
leaf_count=130042 28359 7417 12642 544 3026 22110 5075 44489 14776 12774 77768 134839 166349 39071 40991 63598 17864 1184 2011 2580 1840 12092 38623 28378 71803 45515 39388 2895 1278 5389
internal_value=-0.000153806 0.0116601 -0.00795383 0.00705511 -0.000668368 -0.0108232 0.00950242 0.0101168 -0.00331058 -0.00410676 -0.0094859 -0.0116691 -0.00653053 -0.00755361 -0.00825435 -0.0172264 0.0131792 0.0207446 0.0211123 0.0220262 0.014601 0.023651 0.00599395 -0.000701827 -0.00269997 -0.00190264 0.000267758 0.0123918 0.0151537 0.00860393
internal_weight=26240.2 10435.2 15805 6924.9 4465.85 11339.2 5602.23 5432.31 1322.67 1305.19 9468.72 5445.74 4022.98 3128.71 3606.96 2317.03 3117.02 3510.25 3472.37 3256.1 584.568 2671.53 2315.29 1065.5 3864.67 3625.52 2647.33 601.179 527.962 369.108
internal_count=1074710 218006 856704 190882 181936 674768 134410 129335 56472 55928 544726 315276 229450 173910 207340 141366 62353 27124 25940 23929 4420 19509 66982 41152 169348 156706 111191 12588 9693 6667
is_linear=0
shrinkage=0.03


Tree=31
num_leaves=31
num_cat=0
split_feature=16 18 18 13 14 12 12 13 13 14 18 18 16 13 6 8 12 15 12 12 9 16 0 5 15 16 9 13 8 10
split_gain=2524.14 534.979 198.191 185.045 126.915 108.445 101.056 89.8033 70.8775 68.1769 62.012 57.4796 62.7504 52.8726 50.5438 49.8078 62.8469 48.8897 78.3952 67.5526 39.7588 39.5525 38.1543 37.8739 37.5127 35.3134 34.3082 32.7396 31.9597 22.9444
threshold=3.7729044113589647 1.7663027323948837 1.4800000125106825 1599.5000000000002 0.58864338909705116 630.50000000000011 1164.5000000000002 1419.5000000000002 275.50000000000006 1.9679373499565094 2.5545453977855774 2.2405262845650058 1.1463305165780875 475.50000000000006 20.658535419166487 38.920682293956609 207.50000000000003 5.9856553115004685 413.50000000000006 831.50000000000011 0.67269903867419212 1.6446022830417462 21.500000000000004 10.535120036954732 28.969489194915258 26.128047249334518 0.65319352921902518 201.50000000000003 71.548637848943756 1.1845413957121245
decision_type=2 2 2 2 2 2 2 2 2 2 2 2 2 2 2 2 2 2 2 2 2 2 2 2 2 2 2 2 2 2
left_child=2 3 4 8 -1 11 10 9 -2 -6 15 12 -4 -13 28 22 -17 19 -19 -10 -9 -7 -3 -15 -8 -16 -23 -11 -12 -28
right_child=1 6 5 -5 7 21 24 20 17 27 14 13 -14 23 25 16 -18 18 -20 -21 -22 26 -24 -25 -26 -27 29 -29 -30 -31
leaf_value=-0.018915712590093444 -0.0098314004659179419 0.02049180869247846 -0.012049468922482169 -0.0036657903692417794 -0.0091322023207242153 -0.011241652087000058 -0.0041620995797325318 -0.013381101728192655 0.0087641140837906462 -0.023535013120935085 0.022043248127341958 0.0054703884259359997 0.0066055202177254134 0.022005581086399141 0.038608173242511493 0.037035578346638329 0.0043021511670130012 -0.0008301899363181523 0.014591921539711006 -0.0012962797618884928 -0.005238788901000547 -0.0051630889447259161 0.0079495475894731781 0.060102958548950237 0.025850234312495883 0.020489346828298546 -0.0029163755061519447 -0.00094819177956622877 0.011333773384131295 0.01375069005129835
leaf_weight=1416.6041491366923 198.97272819839418 1205.7956228088588 219.31076583266258 1693.3059425232932 3044.2374781705439 826.60262316185981 236.11482208035886 3981.305376354605 2155.9929647836834 59.787593640387058 1675.1976553630084 132.01166430674493 624.06851031258702 77.515345394611359 263.21910379268229 58.963952161371708 504.07239269278944 358.10779557563365 1728.5398963522166 832.69955389294773 624.38074860721827 1498.2584925722331 266.54376149363816 33.6932393591851 44.554741442203522 153.130988355726 139.39038312621415 1700.6351776206866 294.94444482773542 159.27859871648252
leaf_count=100838 8146 14514 12110 77167 171008 48501 7196 241014 59672 3328 10955 2276 22590 1179 1551 618 6311 8710 36034 30106 35023 77013 2902 385 496 928 6974 77435 2040 7690
internal_value=-0.000151733 0.0102395 -0.00849367 0.00496266 -0.0105442 -0.00250979 0.0180581 -0.00928398 0.0077328 -0.00641465 0.0191661 0.00545988 0.00175451 0.0183085 0.022447 0.0153191 0.00773016 0.00842138 0.0119452 0.00596112 -0.0122773 -0.00581062 0.0182212 0.0335481 0.000602192 0.0319442 -0.0033123 -0.00171529 0.02044 0.00597208
internal_weight=26207.2 11670.2 14537.1 6967.62 10827 3710.13 4702.54 9410.35 5274.31 4804.66 4421.87 1086.6 843.379 243.22 2386.49 2035.38 563.036 5075.34 2086.65 2988.69 4605.69 2623.53 1472.34 111.209 280.67 416.35 1796.93 1760.42 1970.14 298.669
internal_count=1074710 267346 807364 219835 628646 178718 47511 527808 142668 251771 39819 38540 34700 3840 15474 24345 6929 134522 44744 89778 276037 140178 17416 1564 7692 2479 91677 80763 12995 14664
is_linear=0
shrinkage=0.03


Tree=32
num_leaves=31
num_cat=0
split_feature=16 18 17 11 18 16 13 17 17 3 17 14 17 11 17 14 13 16 17 14 17 10 18 16 17 9 18 12 12 17
split_gain=2374.58 493.165 259.99 184.933 111.279 100.87 93.1296 84.9013 101.467 71.5601 90.4651 90.8018 66.9062 113.248 93.8813 70.5961 69.8229 66.2075 59.838 52.9026 51.9529 78.8605 74.5312 63.3042 46.8731 45.154 39.5142 36.7736 35.983 38.5046
threshold=3.7729044113589647 1.7663027323948837 -287.79505121140249 1388.6875000000002 2.2863053820403345 0.76346082534486792 1096.5000000000002 -1298.2127685546873 -591.57517089843736 3.2226592738934752 -61.600145966666084 9.1586180932514161 -784.22274727199374 1397.8500000000001 -591.57517089843736 1.7118706431186632 1753.5000000000002 8.1484450410231677 -817.05206909179674 2.0573438431679034 -72.581338882446275 6.2131779732280963 2.5545453977855774 10.209518029245599 -565.77350192599818 0.17773768170587639 1.2989655208998714 429.50000000000006 630.50000000000011 -116.56556701660155
decision_type=2 2 2 2 2 2 2 2 2 2 2 2 2 2 2 2 2 2 2 2 2 2 2 2 2 2 2 2 2 2
left_child=2 3 5 9 26 -1 20 -5 18 10 11 -2 13 -7 19 -15 -16 -8 -9 -14 21 27 -22 -24 -10 -6 -4 -3 29 -28
right_child=1 6 4 7 25 12 17 8 24 -11 -12 -13 14 15 16 -17 -18 -19 -20 -21 22 -23 23 -25 -26 -27 28 -29 -30 -31
leaf_value=-0.017151217509558621 0.0093018023549074295 0.04006470045043075 -0.0054956163796896313 0.044053413454002578 0.0055530505300207507 0.0084007897872372984 -0.0049094437186462661 0.00079532518758502785 0.024920893430143753 -0.0011639441751545611 0.0016289400174150752 0.02281292254818278 -0.013210826850384017 -0.01163313709399382 -0.005815475484762465 -0.002826147562038187 -0.017581410292400731 0.013475624760350174 -0.024156867495658419 -0.023364238162014016 0.011266432214115477 0.0036795713469566838 0.008579417309875147 0.023550372575194951 -0.0017172682613099198 0.030757744015740846 0.0096168923430274608 0.025300548874485809 -0.0057517917980072662 -0.0028897325548586229
leaf_weight=1810.3188297022134 2894.587205439806 212.82990731671453 2114.1309162499383 32.73391317948699 134.3226995319128 414.63985071331263 236.92347155883908 119.59229976031929 62.607083335518837 729.44334337487817 1138.2830983195454 529.56732502579689 1448.7101111197844 2098.373737023212 2305.9870654195547 1343.7162528261542 565.18419571407139 688.79567788541317 312.56687382329255 677.98305962886661 1094.5045735593885 123.91370390541852 303.40544900670648 1567.4308044761419 1179.2276677023619 122.13601574487984 539.74498610384762 529.75574914552271 466.74301755893975 375.81294108182192
leaf_count=130042 81940 2016 99176 1246 2495 22064 7709 6687 2110 21149 28684 9613 89862 126139 129938 75849 33078 7997 19934 43216 11918 1376 2222 9509 48472 1532 20420 4764 20379 13174
internal_value=-0.000149423 0.00985741 -0.00830891 0.00479134 -0.00151773 -0.0106987 0.0173098 -0.00379575 -0.00473141 0.00756083 0.00895575 0.0113914 -0.00937946 -0.00641085 -0.0116703 -0.00819508 -0.00813158 0.00877025 -0.0172518 -0.0164477 0.0193729 0.025835 0.0174846 0.0211224 -0.000374306 0.0175565 -0.0029168 0.0295321 0.00102732 0.00448325
internal_weight=26174 11756.2 14417.8 6998.61 3752.89 10664.9 4757.56 1706.73 1673.99 5291.88 4562.44 3424.15 8854.59 3856.73 4997.86 3442.09 2871.17 925.719 432.159 2126.69 3831.84 866.499 2965.34 1870.84 1241.83 256.459 3496.43 742.586 1382.3 915.558
internal_count=1074710 267346 807364 219835 157176 650188 47511 78449 77203 141386 120237 91553 520146 224052 296094 201988 163016 15706 26621 133078 31805 8156 23649 11731 50582 4027 153149 6780 53973 33594
is_linear=0
shrinkage=0.03


Tree=33
num_leaves=31
num_cat=0
split_feature=14 17 19 19 12 14 17 17 12 14 15 14 13 17 15 2 19 8 17 3 11 2 10 13 17 17 12 15 11 17
split_gain=2226.05 359.481 348.77 126.558 109.244 107.592 77.6716 123.012 114.794 104.457 77.1925 70.6424 61.9028 59.3564 98.6984 66.8375 58.6986 53.7794 49.488 56.4001 50.8497 48.1562 46.6088 45.6237 43.5894 43.6637 43.3077 38.023 37.5033 36.9902
threshold=4.0352671754933853 -314.40662384033197 3.5326054647897673 4.572610764080669 1196.5000000000002 0.67140113864248907 -807.87125414980642 -591.57517089843736 1296.5000000000002 2.183298916953043 1.6061622625651373 2.8734293900416681 1096.5000000000002 -61.600145966666084 8.5410596011131741 1.594593542085408 2.3612500143547854 85.523854659628981 -34.606435394287104 1.4194765639782938 445.58333333333343 1.971789428508721 0.2702250289641886 646.50000000000011 -648.17619832356752 -305.12308000837044 702.50000000000011 16.486278888888894 1662.0384615384617 -1468.1789156595862
decision_type=2 2 2 2 2 2 2 2 2 2 2 2 2 2 2 2 2 2 2 2 2 2 2 2 2 2 2 2 2 2
left_child=1 5 4 16 13 -1 8 10 -7 -10 -8 -9 17 14 15 -2 -3 18 19 -4 -20 -14 -5 -16 28 -26 -18 -15 -6 -30
right_child=2 3 12 22 24 6 7 11 9 -11 -12 -13 21 27 23 -17 26 -19 20 -21 -22 -23 -24 -25 25 -27 -28 -29 29 -31
leaf_value=-0.016855560292548342 0.0114862538714315 -0.0050333789193930919 0.015518590880599604 0.0019226147712798688 0.17793603026029581 0.010779868568705546 -0.01144015899050071 -0.0091909092896033419 -0.010049721330197332 0.0026437840370123812 -0.02221605416215797 0.0032368167928638961 0.013175327060858475 -0.0003244238130093544 -0.00090176034361170521 0.0017030132406004094 0.0044827036805091692 0.010176093402083896 0.024629229717756961 0.024526031391480203 0.0014661176953362086 -0.0046941095775714326 0.025618001108386725 0.026246689911738872 0.0076558436812827323 -0.0049946893612237888 -0.0042830794353672505 0.012831307694814427 0.056669120319306855 -0.023907727579785758
leaf_weight=1835.3985876115039 1701.249333595857 2473.8738682754338 944.48909400776029 114.42362507246435 0.86369506549090047 349.38567822147161 1355.0842467108741 2315.4855625163764 2668.5660137003288 746.73513919394463 1071.2687170933932 500.65276320651174 686.1164302546531 978.26670482940972 64.302318625152111 996.69512742944062 1552.9818440843374 578.76317212171853 133.33929226920009 1853.1955812983215 236.74324677884579 169.20091223530471 215.26194447651505 416.98682498931885 388.17537671048194 668.32218703068793 753.30959679465741 247.81027885526419 5.358441434800624 118.98684256989509
leaf_count=132836 41869 117311 6753 2243 57 18267 84100 133846 159994 40566 69760 25595 9651 25491 1052 26728 56194 5008 1224 14839 2051 2828 2863 7072 15723 24116 33737 4837 77 8022
internal_value=-0.000147309 -0.0071437 0.0108068 -0.000583637 0.00576938 -0.0102353 -0.0088863 -0.0112471 -0.00559882 -0.00727436 -0.0161979 -0.00698151 0.0169225 0.00794206 0.0101046 0.00787205 -0.00182355 0.018585 0.0201214 0.0214851 0.0098117 0.00964035 0.0173941 0.0226195 -0.0023302 -0.000346666 0.00161951 0.00233457 -0.019067 -0.0204354
internal_weight=26141.3 15952.4 10188.9 5109.85 5587.02 10842.6 9007.18 5242.49 3764.69 3415.3 2426.35 2816.14 4601.85 4405.31 3179.23 2697.94 4780.17 3746.53 3167.77 2797.68 370.083 855.317 329.686 481.289 1181.71 1056.5 2306.29 1226.08 125.209 124.345
internal_count=1074710 877312 197398 212348 155044 664964 532128 313301 218827 200560 153860 159441 42354 107049 76721 68597 207242 29875 24867 21592 3275 12479 5106 8124 47995 39839 89931 30328 8156 8099
is_linear=0
shrinkage=0.03


Tree=34
num_leaves=31
num_cat=0
split_feature=16 18 17 11 18 16 17 17 13 12 17 17 11 17 13 14 15 17 10 10 11 17 15 12 17 17 14 13 11 18
split_gain=2108.17 421.751 238.559 184.542 96.8331 96.4785 72.319 113.426 70.985 67.1502 64.4479 62.8753 104.041 89.1425 68.5017 66.5067 57.3878 57.029 52.7965 50.9208 101.872 45.184 68.1131 49.9945 44.8414 42.0863 39.1514 39.0729 38.2193 37.4108
threshold=3.7729044113589647 2.0118012232069646 -287.79505121140249 1207.0294117647061 2.2863053820403345 0.76346082534486792 -1298.2127685546873 -591.57517089843736 275.50000000000006 1180.5000000000002 -34.606435394287104 -784.22274727199374 1397.8500000000001 -591.57517089843736 1753.5000000000002 1.7118706431186632 1.5933565793603741 -817.05206909179674 4.0453716196059419 4.2335331057573233 429.07142857142861 -72.581338882446275 14.564994256915144 366.50000000000006 -565.77350192599818 -182.72485351562497 1.8053522107515374 201.50000000000003 799.02380952380963 1.3696153959912116
decision_type=2 2 2 2 2 2 2 2 2 2 2 2 2 2 2 2 2 2 2 2 2 2 2 2 2 2 2 2 2 2
left_child=2 3 5 8 27 -1 -5 17 -2 19 18 12 -7 16 -15 -14 -13 -8 -10 21 -21 23 -23 -3 -9 -6 -27 -4 29 -29
right_child=1 9 4 6 25 11 7 24 10 -11 -12 13 15 14 -16 -17 -18 -19 -20 20 -22 22 -24 -25 -26 26 -28 28 -30 -31
leaf_value=-0.016703456347914581 -0.0093465454840745473 0.049066380796814919 -0.01982501803662828 0.040046767985912959 0.030061643487130814 0.0080080318093427357 0.00060291018480094984 0.024351651233739616 0.010960997728689749 -0.00061708795825199056 -0.01323901172337048 -0.011837294871548358 -0.011227535777241103 -0.0054825128874049214 -0.017261896250038204 -0.0026263006432892364 -0.02202640912624703 -0.023216500444021446 0.0037059190616441202 0.031670780221580069 0.0083823644372694461 0.012625615119003019 0.023137005028176331 0.023692112643231397 -0.00035424358757442517 -0.015562227220405619 0.01666178754078285 -0.0029590289659964368 -0.0077304756055541074 0.0047620377987468206
leaf_weight=1753.1248472947627 202.71335199847817 80.46976463496685 117.03446581587195 36.228841805830598 111.63470961712301 418.77999160252512 127.05705703329295 68.628596635535359 3858.5129693876952 190.1846382599324 117.21306532993913 1222.0589246097952 2055.4209787072614 2276.0297329071909 552.10334339179099 1334.2807418527082 839.08214228413999 314.10644111037254 1178.4527334626764 204.31237133219838 979.52271909639239 1122.4395002499223 1097.1320970878005 531.23980770632625 1807.4456493668258 51.19383979588747 100.64734965935349 1668.3527041291818 840.9272880339995 853.83555873949081
leaf_count=130042 8255 604 6394 1324 1778 22064 7077 2273 90044 4512 3334 76958 126139 129938 33078 75849 56120 20744 30115 1551 8169 8344 7213 4438 69349 818 1431 75893 40419 30443
internal_value=-0.00014511 0.0091589 -0.00795542 0.00499067 -0.00145727 -0.0102831 -0.00201152 -0.00266909 0.00806698 0.0168013 0.00875185 -0.00898904 -0.006099 -0.0112402 -0.00778206 -0.00784185 -0.0159852 -0.0163564 0.00926359 0.0176263 0.0124016 0.019811 0.0178214 0.0270301 0.000549522 0.0160781 0.00579734 -0.00278485 -0.00219186 -0.000345219
internal_weight=26110.2 11915.7 14194.5 7710.36 3743.63 10450.9 2353.47 2317.24 5356.89 4205.3 5154.18 8697.76 3808.48 4889.27 2828.13 3389.7 2061.14 441.163 5036.97 4015.12 1183.84 2831.28 2219.57 611.71 1876.07 263.476 151.841 3480.15 3363.12 2522.19
internal_count=1074710 267346 807364 232515 157176 650188 100767 99443 131748 34831 123493 520146 224052 296094 163016 201988 133078 27821 120159 30319 9720 20599 15557 5042 71622 4027 2249 153149 146755 106336
is_linear=0
shrinkage=0.03


Tree=35
num_leaves=31
num_cat=0
split_feature=16 19 17 11 14 19 17 11 17 17 17 17 13 3 17 13 17 14 17 13 16 17 11 8 3 17 9 13 17 11
split_gain=1984.01 391.664 228.796 200.608 95.2166 90.2044 75.5999 88.3684 127.36 74.3366 89.4405 73.8849 69.1861 61.0709 68.3063 58.4875 58.2644 50.7683 47.2186 41.8645 42.9114 46.6912 40.9737 42.2339 49.7295 39.7506 37.9158 37.6727 37.6071 36.3217
threshold=3.7729044113589647 4.4608570814132698 -287.79505121140249 1407.0294117647061 0.90600417076105688 4.572610764080669 -1219.4234863281247 1513.5100000000002 -860.58536105685755 -1298.2127685546873 -591.57517089843736 -1822.7151245117186 275.50000000000006 3.2226592738934752 -47.868823941548662 475.50000000000006 -817.05206909179674 1.5490500164550238 -565.77350192599818 1003.5000000000001 7.9039362416107393 -37.412331277673893 246.52272727272728 100.7274774775556 1.2598376591468305 -280.38963928222648 0.67269903867419212 201.50000000000003 -1569.2731765747069 799.02380952380963
decision_type=2 2 2 2 2 2 2 2 2 2 2 2 2 2 2 2 2 2 2 2 2 2 2 2 2 2 2 2 2 2
left_child=2 3 4 12 28 27 11 8 -8 -5 16 -6 -2 14 -14 -15 -11 -13 -12 22 -21 -22 -3 24 -24 -7 -9 -4 -1 -29
right_child=1 19 5 9 6 25 7 26 -10 10 18 17 13 15 -16 -17 -18 -19 -20 20 21 -23 23 -25 -26 -27 -28 29 -30 -31
leaf_value=-0.024916210659217394 -0.0093196011338701618 -0.006707508138330192 -0.019606198262489712 0.037627742119873513 -0.013909423965667174 0.076228737627220516 0.01292535738195013 -0.014122825307040166 -0.0078438605504590857 0.00042215120507181582 0.023421379495807915 -0.0037847693083507949 0.010686142688631843 0.021467386365633091 0.00030743517430349416 -0.0015391841808163552 -0.02368938344941646 0.012192366526970738 -0.0020425502124259663 -0.0081135228880227801 0.016346952867154065 -0.0089878905316097234 0.015002395329573251 0.010197938453722315 0.023966520618576154 0.013186759514686923 -0.0045858388325652087 -0.00033517145538497793 -0.013648805673776212 -0.0075550768440117528
leaf_weight=299.47308150585741 208.87009193375707 55.911210007965565 114.82406192366034 38.35460638999939 272.66706071607769 9.3277537953108531 291.91922773048282 2946.5762911839411 2961.455833112821 128.76428885944188 69.197461938485503 347.74385772366077 4793.9275688622147 112.89057289622724 647.83575493469834 835.25199788343161 301.14937483798712 368.85258160345256 1239.9015007894486 94.727226225659251 580.59493315778673 73.790691167116165 872.50608559139073 399.853634621948 1540.1961911842227 257.55817840062082 429.92088938690722 2521.2962048305199 2428.9181099617854 834.73195476084948
leaf_count=21891 8371 661 6394 1358 16241 199 14212 185743 173656 7165 2214 20490 113856 2692 13072 21302 20384 19657 50421 2330 4767 621 5707 2923 9502 3828 24756 106336 173542 40419
internal_value=-0.000142905 0.00882423 -0.00777849 0.00526145 -0.0100765 -0.00141674 -0.00835439 -0.00950872 -0.00598028 -0.0036843 -0.00459545 -0.000618224 0.00767097 0.00822635 0.00945057 0.00120009 -0.0164677 0.00443912 -0.000696556 0.0170735 0.0107583 0.0134901 0.0187227 0.0192282 0.0207248 0.0153901 -0.0129085 -0.00270907 -0.0148855 -0.00213095
internal_weight=26079 11993.7 14085.3 8376.14 10347.5 3737.74 7619.14 6629.87 3253.38 1777.37 1739.01 989.264 6598.78 6389.91 5441.76 948.143 429.914 716.596 1309.1 3617.58 749.113 654.386 2868.47 2812.56 2412.7 266.886 3376.5 3470.85 2728.39 3356.03
internal_count=1074710 267346 807364 240835 650188 157176 454755 398367 187868 81542 80184 56388 159293 150922 126928 23994 27549 40147 52635 26511 7718 5388 18793 18132 15209 4027 210499 153149 195433 146755
is_linear=0
shrinkage=0.03


Tree=36
num_leaves=31
num_cat=0
split_feature=16 19 19 11 14 11 13 12 14 13 3 19 16 19 9 3 11 19 19 9 8 1 9 6 15 13 11 9 2 2
split_gain=1867.44 365.988 177.493 144.221 116.014 83.707 78.0278 72.4625 64.1805 60.2137 65.7866 49.2795 57.2491 48.9399 45.3455 41.3471 46.7543 38.7526 38.7021 37.8264 36.3618 82.2676 35.4837 35.1839 32.0634 30.6434 27.9444 26.6985 23.0656 22.0528
threshold=3.7729044113589647 3.5326054647897673 2.9600000250213649 1191.0192307692309 0.58864338909705116 822.77500000000009 1419.5000000000002 1164.5000000000002 1.9679373499565094 275.50000000000006 3.1985831001260276 4.6419046866515332 1.1463305165780875 4.9077332348293741 0.17773768170587639 1.2187921558565142 385.45000000000005 2.3612500143547854 2.7641910915198427 0.67269903867419212 1.2902735468060242 0.72918269578977879 0.62262395801899417 8.9965413262673533 28.969489194915258 201.50000000000003 335.40000000000003 0.70856608009053723 0.32857315711402113 0.57464075669615822
decision_type=2 2 2 2 2 2 2 2 2 2 2 2 2 2 2 2 2 2 2 2 2 2 2 2 2 2 2 2 2 2
left_child=2 3 4 9 -1 11 8 13 -6 -2 17 12 -4 15 -13 -3 -17 -11 -5 -8 -15 -22 -7 -12 -9 -10 -16 -20 -29 -24
right_child=1 7 5 18 6 22 19 24 25 10 23 14 -14 20 26 16 -18 -19 27 -21 21 -23 29 -25 -26 -27 -28 28 -30 -31
leaf_value=-0.01794797983508804 -0.0092844867234254929 -0.0025306259345140442 -0.01075855758184443 -0.0062067078142665341 -0.0083912829245155283 -0.0071526166164869003 -0.012391911855876956 -0.0043975999715518462 -0.022985537864669326 0.005150980706070939 0.007021316953736337 0.0040841533541936042 0.0053482292374884173 0.013952095207443938 0.002950522774346459 0.027745614484712088 0.011749857445067362 0.011373110921758875 4.1018069437586648e-05 -0.0042958635551131434 0.028984805477722003 0.015366573802773929 -0.0068123977747072319 -0.0070405697004733668 0.022783918301562477 -0.00037318643970837416 0.036728944519605393 -0.019555657402069816 0.0187817772537986 0.0070446047179526638
leaf_weight=1310.2643493972719 194.09161118976772 160.30541808158159 266.72350074537098 1073.8858830714598 2944.6963832285255 1863.3750951271504 3769.6043851794675 237.72121444903314 55.738480096682906 1377.4246274735779 279.28391224890947 141.24519636109471 777.67667642049491 1056.2814440354705 28.653849303722382 182.93134384229779 1628.5339495651424 2603.9147988986224 1078.6997752469033 602.38638886064291 688.69266116991639 949.88733374886215 158.98217534273863 375.38173893652856 46.736353721469641 1669.043549853377 95.530959244817495 16.034967956133187 118.52283175848424 295.4577550496906
leaf_count=100838 8146 1923 15476 50972 171008 106567 241014 7196 3328 37160 7491 2634 28156 7056 455 2049 19101 58060 42401 35023 3777 5913 8829 10598 496 77435 1055 754 4253 15546
internal_value=-0.000140654 0.00850465 -0.00760411 0.00414727 -0.00960523 -0.00189376 -0.00839622 0.0147684 -0.00569953 0.00708592 0.00777129 0.00416832 0.00123481 0.0156645 0.015711 0.0120729 0.0133652 0.00922044 -0.00205871 -0.0112764 0.0182924 0.0210903 -0.00531952 -0.00104169 6.83211e-05 -0.00110393 0.0289351 0.0016128 0.0142132 0.00219684
internal_weight=26047.7 12068.3 13979.4 7117.24 10351.7 3627.65 9041.47 4951.09 4669.48 4830.1 4636.01 1309.83 1044.4 4666.63 265.43 1971.77 1811.47 3981.34 2287.14 4371.99 2694.86 1638.58 2317.82 654.666 284.458 1724.78 124.185 1213.26 134.558 454.44
internal_count=1074710 267346 807364 219835 628646 178718 527808 47511 251771 121455 113309 47776 43632 39819 4144 23073 21150 95220 98380 276037 16746 9690 130942 18089 7692 80763 1510 47408 5007 24375
is_linear=0
shrinkage=0.03


Tree=37
num_leaves=31
num_cat=0
split_feature=17 18 18 16 17 17 17 16 16 17 18 16 11 17 10 1 11 17 17 13 3 11 11 11 13 17 11 13 17 11
split_gain=1760.94 405.958 140.259 139.682 93.1654 238.501 93.7146 75.6229 70.9919 64.7078 60.33 59.7455 129.351 75.866 48.0601 84.9731 47.8186 47.6718 59.8341 48.2131 46.9986 54.0681 45.6813 43.9193 40.8923 39.2825 84.2207 52.7963 37.6751 36.7291
threshold=-227.44048500061032 1.5944820437068417 2.453866617414687 2.9043906186281707 -591.57517089843736 -824.47222900390614 -257.93705813089997 0.76346082534486792 3.1068803647333061 -34.606435394287104 1.9661904587632135 8.4183609420642664 727.9807692307694 -70.234172821044908 0.089550418823685488 0.72918269578977879 230.58333333333334 -1316.9267054966515 -1569.2731765747069 2415.5000000000005 3.0197896404455555 960.01923076923083 3019.1111111111118 960.01923076923083 1392.5000000000002 -767.64426214044727 1379.0161290322583 977.50000000000011 -1388.8041398790144 470.0384615384616
decision_type=2 2 2 2 2 2 2 2 2 2 2 2 2 2 2 2 2 2 2 2 2 2 2 2 2 2 2 2 2 2
left_child=3 8 9 7 5 17 20 10 -2 11 -1 12 -3 -13 -4 -16 -10 18 -5 -19 21 -6 25 -18 -7 26 -9 -27 -24 -17
right_child=1 2 14 4 6 24 -8 22 16 -11 -12 13 -14 -15 15 29 23 19 -20 -21 -22 -23 28 -25 -26 27 -28 -29 -30 -31
leaf_value=-0.016739484599141083 -0.0045879055456843655 0.011352663724964202 0.011122791552322818 -0.011278873021952875 0.027730394823819227 0.073570399734303571 -0.012747177996428456 0.0071650626212394581 -0.015936255067950711 -0.0074446411978411958 0.011417485073693331 0.019932900014247645 -0.0030120365314407049 0.0088461973520811629 0.027457595940184959 0.02302998799812328 0.0059708476830642662 0.02271752910580415 0.03979178857594514 -0.0035813297758311947 -0.0082893170853042264 0.004598335620259188 -0.0082183210155724953 -0.0013083245229138381 -0.022248391173913425 -0.0045551273360436252 -0.0073721760627566231 -0.011982772148776117 -0.022591956073310271 0.011847719484483021
leaf_weight=1667.620125759393 1493.0428147055209 1516.2815949544311 927.28546816110611 29.44344050809741 97.501749681308866 4.0337908258661619 359.06201170012355 417.90795183368027 114.19281246140599 215.27256084792316 71.419437384232879 845.24677356891334 898.50187892280519 1620.5105079598725 745.17809442616999 360.80157582834363 2486.1541495397687 77.097592786885798 69.105139911174774 336.85676130838692 235.7195072863251 1351.2804325520992 295.96831942349672 1065.7908695507795 639.56748369336128 1212.2883086157963 2530.4189404118806 2974.6140854014084 368.41476047690958 988.98408620804548
leaf_count=130890 68804 34869 7470 1528 4331 229 14995 22486 5686 4472 2483 13411 24863 21286 4410 2496 69542 4124 2841 18712 11193 62091 17834 35076 43778 70561 157510 186561 23511 6667
internal_value=-0.000138193 0.00750683 0.0116887 -0.00810666 -0.00268258 -0.00948857 0.00116777 -0.00992613 0.000926562 0.0086519 -0.0155831 0.00936189 0.00600779 0.0126467 0.0168091 0.019326 0.00317234 0.00578104 0.0245334 0.00131674 0.00413383 0.0061551 -0.00866481 0.00378667 -0.0216478 -0.00796423 -0.00531161 -0.00983215 -0.0161888 0.0148368
internal_weight=26015.6 13277.2 8118.06 12738.3 3199.67 1156.1 2043.56 9538.65 5159.18 5095.81 1739.04 4880.54 2414.78 2465.76 3022.25 2094.96 3666.14 512.503 98.5486 413.954 1684.5 1448.78 7799.61 3551.95 643.601 7135.23 2948.33 4186.9 664.383 1349.79
internal_count=1074710 299052 119944 775658 163822 71212 92610 611836 179108 98901 133373 94429 59732 34697 21043 13573 110304 27205 4369 22836 77615 66422 478463 104618 44007 437118 179996 257122 41345 9163
is_linear=0
shrinkage=0.03


Tree=38
num_leaves=31
num_cat=0
split_feature=16 19 19 11 14 13 11 13 14 3 19 16 8 11 19 16 10 3 9 12 9 15 11 8 6 1 12 13 11 9
split_gain=1664.05 315.801 165.152 128.019 110.644 73.3527 72.6967 65.3716 59.8924 53.8927 57.5922 48.8658 44.9538 48.5174 43.0493 51.8437 40.465 38.4093 36.475 35.0782 33.6348 32.5847 31.9029 31.7322 30.1274 29.36 38.3731 29.3267 28.3392 27.85
threshold=3.7729044113589647 3.5326054647897673 2.9600000250213649 1388.6875000000002 0.58864338909705116 1419.5000000000002 822.77500000000009 1096.5000000000002 1.9679373499565094 3.2226592738934752 2.1723809592307561 8.1484450410231677 85.523854659628981 246.52272727272728 4.6419046866515332 1.1463305165780875 0.13423319756432153 1.4194765639782938 0.67269903867419212 326.50000000000006 0.58499737803925467 8.5410596011131741 454.08333333333343 17.484521582979855 8.8990358341039126 0.62478930642592256 666.50000000000011 201.50000000000003 335.40000000000003 0.54871798607862277
decision_type=2 2 2 2 2 2 2 2 2 2 2 2 2 2 2 2 2 2 2 2 2 2 2 2 2 2 2 2 2 2
left_child=2 3 4 9 -1 8 14 12 -6 10 19 29 13 -3 15 -4 -16 -15 -7 -2 -8 24 -14 -12 -11 26 -13 -10 -18 -9
right_child=1 7 6 -5 5 18 20 11 27 21 23 25 22 17 16 -17 28 -19 -20 -21 -22 -23 -24 -25 -26 -27 -28 -29 -30 -31
leaf_value=-0.01752393349572311 -0.0075342861993621486 -0.0099842597542608783 -0.010452737756533265 -0.0033603315355153836 -0.0080596144702043872 -0.011992298328820161 -0.0070302123543623772 -0.012681870472032291 -0.02273667076394565 0.0037036374754949733 0.0116228862463703 0.0010103865446207596 0.019151253630661384 0.012662846544551284 -0.00042661914085663266 0.0049400318160314153 0.0015906466385192323 0.019429344135167323 -0.0039915509751635705 0.0045261080307110778 0.0015100391753881726 0.013626833918723351 0.0037813579015905973 0.0053594514136478949 -0.0096471484768725826 0.0039570988710713028 0.02187597743898834 -0.00028633235798345851 0.030358551144844988 0.0087798471275373907
leaf_weight=1268.4019580008462 263.60725821740925 60.293863173574209 262.73835455160588 1679.2135126041248 2902.257028400898 3690.2148819053546 1744.6701747924089 154.34211315121502 54.068590171635151 260.52983534801751 2160.0768644865602 109.93803539127111 166.17454842291772 1134.6943916436285 102.14900642260909 786.19036202970892 40.503507884219289 2256.3294593654573 595.60668431222439 1228.8854782572016 544.59392859973013 109.79052674397826 452.53872987255454 1098.0272942651063 365.58155617397279 331.5867918189615 284.86792157031596 1664.3353708349168 128.88882552087307 84.05261223949492
leaf_count=100838 9257 766 15476 78449 171008 241014 101346 4816 3328 7723 49712 1122 1391 7779 1975 28156 672 18025 35023 33635 29596 2275 3844 27633 11151 3895 2980 77435 1497 2893
internal_value=-0.000136017 0.00793353 -0.00727824 0.00388776 -0.0092341 -0.00805352 -0.00176518 0.0136916 -0.00543147 0.00610614 0.00727638 0.00667047 0.0153559 0.0166909 0.00384045 0.00108441 0.0144867 0.0171652 -0.0108804 0.00239598 -0.00499857 -0.00144831 0.00790942 0.00951202 -0.00409178 0.0105383 0.0160657 -0.000992719 0.0234798 -0.00511495
internal_weight=25985.1 12200.5 13784.6 7165.71 10174.9 8906.48 3609.73 5034.82 4620.66 5486.5 4750.6 964.787 4070.03 3451.32 1320.47 1048.93 271.541 3391.02 4285.82 1492.49 2289.26 735.902 618.713 3258.1 626.111 726.393 394.806 1718.4 169.392 238.395
internal_count=1074710 267346 807364 219835 628646 527808 178718 47511 251771 141386 120237 15706 31805 26570 47776 43632 4144 25804 276037 42892 130942 21149 5235 77345 18874 7997 4102 80763 2169 7709
is_linear=0
shrinkage=0.03


Tree=39
num_leaves=31
num_cat=0
split_feature=14 18 18 14 12 11 11 14 14 8 13 9 18 14 2 13 9 13 8 8 13 10 18 14 12 13 14 2 11 2
split_gain=1552.26 230.627 198.702 115.609 103.474 101.673 88.3773 61.1286 59.3446 53.5997 56.7654 49.1774 42.9599 41.7638 37.0973 33.5943 33.0155 31.3615 28.3663 38.4708 46.9254 33.9131 31.5904 29.8832 33.9982 28.3094 31.5698 26.3984 23.9899 21.8108
threshold=3.9808297662021626 2.3371428134185934 1.3820955457599213 0.62208272493363193 1196.5000000000002 611.51923076923083 960.01923076923083 0.059012526040962035 1.9974085049577874 20.514466032356811 275.50000000000006 0.70321326712612875 1.4003773699016693 1.4508281769336502 3.3753299393562548 222.50000000000003 0.64352971528772895 1457.5000000000002 100.7274774775556 1.2902735468060242 934.50000000000011 2.0700935568111327 2.5545453977855774 12.111420502224465 881.50000000000011 259.50000000000006 2.5476194848229947 0.21908800193353636 1463.788888888889 0.57464075669615822
decision_type=2 2 2 2 2 2 2 2 2 2 2 2 2 2 2 2 2 2 2 2 2 2 2 2 2 2 2 2 2 2
left_child=2 4 3 -1 9 7 8 -4 -5 10 -2 13 -12 -7 -11 -10 28 -15 19 23 22 -22 -21 24 -3 -9 -27 -18 -8 -13
right_child=1 18 5 6 -6 11 16 25 15 14 12 29 -14 17 -16 -17 27 -19 -20 20 21 -23 -24 -25 -26 26 -28 -29 -30 -31
leaf_value=-0.017181642484244902 -0.0089241540092966608 0.0093834544988145186 -0.024658355353502769 -0.0072736367536586554 -0.0019627282229570434 -0.010635002146888084 -0.0079060628039015826 -0.0085864137668909442 -0.017072763050194836 0.0043237629789787523 0.0059072615484758633 -0.003801068504708472 0.012222429625385417 0.00082478746549849511 -0.011387453895724695 0.0024128010959211812 -0.021554778536322337 -0.0060239449781188236 0.0080311331869430697 0.014715497421400351 0.019889718543178735 0.0046571496208522058 0.025677834668336209 0.016016178511391383 -0.014528837515275578 0.0054394427818237135 0.016544384800419362 -0.0028182866355933984 -0.012221229176922982 0.0083857143849560296
leaf_weight=1272.4019754910842 150.31706715375185 389.88257794082165 54.942568707279861 1579.1595428092405 1305.5072999056429 918.82717249542475 1852.0691540753469 88.02170879766345 84.801396233960986 1708.7840920574963 1555.1661228146404 200.68674567621201 2574.2062069550157 1038.6857590908185 146.88553505018353 1306.057926768437 73.729195934720337 1430.5038555897772 423.79293907992542 329.79584182053804 247.75710498355329 280.4311216045171 837.10341973602772 693.37209556624293 62.025939129292965 692.55617285892367 345.26060056127608 824.49857791606337 3100.8224391480908 387.13731849100441
leaf_count=102615 5990 2671 3449 89464 52949 57962 110630 3122 5125 34525 40050 10526 43116 43863 3332 54406 4604 81109 3032 2147 1789 2197 4315 4431 989 23621 8363 48245 207035 19038
internal_value=-0.000133554 0.00862302 -0.00628033 -0.00872796 0.00570656 -0.00148936 -0.00750857 0.0062405 -0.00329384 0.00733846 0.00918487 -0.00378504 0.00984407 -0.0051748 0.00308014 0.00122476 -0.00964795 -0.00314297 0.0152713 0.0163515 0.0192214 0.0118023 0.0225796 0.012104 0.00610141 0.00774841 0.00913383 -0.00435623 -0.0106076 0.00422507
internal_weight=25955.2 10705 15250.2 10093.5 7440.87 5156.62 8821.14 1180.78 2970.02 6135.36 4279.69 3975.84 4129.37 3388.02 1855.67 1390.86 5851.12 2469.19 3264.16 2840.37 1695.09 528.188 1166.9 1145.28 451.909 1125.84 1037.82 898.228 4952.89 587.824
internal_count=1074710 201533 873177 622124 179962 251053 519509 38555 148995 127013 89156 212498 83166 182934 37857 59531 370514 124972 21571 18539 10448 3986 6462 8091 3660 35106 31984 52849 317665 29564
is_linear=0
shrinkage=0.03


Tree=40
num_leaves=31
num_cat=0
split_feature=16 11 17 13 16 3 13 17 11 17 13 17 17 15 16 15 17 11 9 3 10 15 17 17 16 16 17 15 13 11
split_gain=1478.64 272.751 185.739 90.7663 84.7552 75.5055 102.834 72.5381 96.357 86.3378 67.8485 65.1706 114.09 57.2534 53.0753 52.6477 44.2162 73.7748 54.3781 43.9123 63.0858 44.8529 40.8561 39.3217 37.5579 34.6692 29.8439 29.4851 29.9705 44.4622
threshold=3.7729044113589647 1207.0294117647061 -287.79505121140249 291.50000000000006 0.93305207409477753 3.2480966804407685 475.50000000000006 -784.22274727199374 1397.8500000000001 -591.57517089843736 1753.5000000000002 -591.57517089843736 -817.05206909179674 1.5933565793603741 2.1687810019212619 5.0856229365079377 -119.84022140502928 799.02380952380963 0.30448667286895109 1.4476628718460305 2.7272211961227102 13.077870724637682 -575.27012869027931 -1298.2127685546873 41.096978409090916 2.3372298936877081 -1569.2731765747069 1.8811200235950236 424.50000000000006 230.58333333333334
decision_type=2 2 2 2 2 2 2 2 2 2 2 2 2 2 2 2 2 2 2 2 2 2 2 2 2 2 2 2 2 2
left_child=2 3 4 -2 26 19 -7 8 -6 13 -11 12 23 -9 -10 -8 17 18 25 21 -21 -5 -13 -3 -24 -4 -1 -18 29 -29
right_child=1 11 16 5 7 6 15 9 14 10 -12 22 -14 -15 -16 -17 27 -19 -20 20 -22 -23 24 -25 -26 -27 -28 28 -30 -31
leaf_value=-0.024564328281086154 -0.0056309547208785405 0.033635973517749829 -0.0024988247967359196 0.0064723446020150148 0.010562994355127914 0.024052604944790602 -0.007464468294981731 -0.010597045873471017 -0.008930073794705921 -0.0041977715200266661 -0.016348454466706054 0.026083736983265549 -0.022631814931151035 -0.021332945982492274 -0.00052524132928978041 0.0057631224963427168 -0.012641484686824354 -0.0062832179638643596 0.012406274333601435 0.017354734272792952 0.010275812416190112 0.013926128499221653 -0.00039927652293913492 5.0369914494381092e-05 0.021736036180445277 0.0093600350665099166 -0.013166423178474487 -0.013907716234935539 -0.0090623225788738545 0.0073602446551321839
leaf_weight=232.12110569700599 334.7409734800458 41.127361621707678 780.96166067756712 2365.887670783326 350.30549434944987 187.79711055383086 477.48831673339009 1050.5409883745015 1981.5613157404587 2056.8862225543708 517.70058778952807 57.031774509698153 295.77875290438533 778.24711155425757 1026.4884631475434 625.63701385073364 391.85993881337345 813.80267922952771 554.77696074079722 1949.6365712583065 2705.0674972254783 1048.6050451677293 2035.945928344503 132.29371378943324 71.407507440075278 309.91931666992605 1891.6840394651517 116.59136727917939 376.1490341052413 366.74799547716975
leaf_count=18903 10774 1383 35572 43439 17622 2995 12420 69040 126204 120296 33077 1776 21036 56120 59763 8235 16191 39924 19962 31684 40965 10183 74257 7394 805 11761 149163 6425 13213 14128
internal_value=-0.000131045 0.00739302 -0.00695347 0.00971871 -0.00910177 0.0102677 0.00353115 -0.00764871 -0.00432782 -0.0101815 -0.00664104 -0.00116844 -0.0113043 -0.0151657 -0.00606195 3.75536e-05 -0.00123042 0.00110544 0.00475924 0.0113454 0.0132408 0.00876143 0.00102884 0.0080153 0.000350777 0.000870278 -0.0144122 -0.00582143 -0.00271202 0.00222998
internal_weight=25924.8 12328.4 13596.3 9694.86 9885.54 9360.12 1290.92 7761.73 3358.36 4403.37 2574.59 2633.59 469.2 1828.79 3008.05 1103.13 3710.81 2459.46 1645.66 8069.2 4654.7 3414.49 2164.39 173.421 2107.35 1090.88 2123.81 1251.35 859.488 483.339
internal_count=1074710 267346 807364 160695 650188 149921 23650 482122 203589 278533 153373 106651 29813 125160 185967 20655 157176 107219 67295 126271 72649 53622 76838 8777 75062 47333 168066 49957 33766 20553
is_linear=0
shrinkage=0.03


Tree=41
num_leaves=31
num_cat=0
split_feature=17 18 16 18 17 17 17 13 17 18 17 14 16 17 15 16 17 13 13 9 17 13 10 7 15 16 3 13 17 17
split_gain=1393.08 316.556 124.999 113.859 105.918 162.224 174.866 98.2747 94.722 64.7392 61.1344 56.7544 55.5455 51.4535 47.6321 47.3874 89.2065 69.4438 45.657 41.7159 47.9725 46.415 39.8677 71.0058 39.8402 36.2759 34.4984 34.1809 33.7312 33.595
threshold=-227.44048500061032 1.5944820437068417 1.6992486898933399 2.453866617414687 -1234.4096272786458 -591.57517089843736 -807.87125414980642 1698.5000000000002 -1614.2978244357637 2.2479999608463714 -34.606435394287104 0.31165137385203323 3.1068803647333061 -413.77847798665363 28.969489194915258 3.0046802941956008 -257.93705813089997 1610.5000000000002 1621.5000000000002 0.58001125655080721 -63.844087600708001 917.50000000000011 0.089550418823685488 0.71535236659211321 1.9834190178633249 6.55264660246121 1.4476628718460305 241.50000000000003 -177.87193107604978 -37.412331277673893
decision_type=2 2 2 2 2 2 2 2 2 2 2 2 2 2 2 2 2 2 2 2 2 2 2 2 2 2 2 2 2 2
left_child=2 12 9 10 8 6 7 -6 -4 11 14 -1 28 -11 18 17 -17 -7 -3 21 -21 27 -5 26 -8 -10 -24 -14 -2 -16
right_child=1 3 4 22 5 15 24 -9 25 13 -12 -13 19 -15 29 16 -18 -19 -20 20 -22 -23 23 -25 -26 -27 -28 -29 -30 -31
leaf_value=-0.018715586784088797 0.002622689451435292 0.0084156565934640389 -0.010334644037966403 0.0095657208454673227 0.017574593261613269 -0.0016618972282119837 -0.013533703953022124 -0.0064954814837453207 0.015428950735311864 -0.0064825542768743478 -0.0080466813825513673 -0.010007683331092858 -0.013316293790996728 0.035297213177240605 0.041101536534009685 0.0045700901907521308 -0.012332599952337531 -0.015722274127837978 -0.0041060801476944415 0.011751516158903595 -0.0072168041603945902 -0.0038434622727535816 0.014063000864751256 0.013100143756506904 -0.023321829479796625 0.16096026116304538 0.028737419061905047 0.0049910470264354998 -0.0072357701223908812 0.002316198993850055
leaf_weight=792.87857935577631 449.54269187897444 4642.4793398622423 179.81688695028424 951.94326950237155 175.4173600114882 1202.1201239628717 776.42245405633003 1176.8101491322741 386.03551189787686 59.257213339209557 219.90980981662869 4478.5027007022873 97.169464502483606 48.033853126689792 65.542668856680393 1590.9224270405248 341.29938778467476 428.95016914978623 277.75134091824293 701.83133750688285 144.74781964253634 1118.8516200911254 199.87773193977773 1443.1461051758379 722.52700138837099 1.5476934332400549 517.47003695555031 1656.6099930331111 1023.5984095772728 28.989127703011036
leaf_count=66452 20953 84551 10803 7470 8546 68715 52858 72239 19971 2721 4472 304054 5134 1009 892 72673 14339 27885 8582 19337 3996 36180 1165 9465 53363 30 2943 45657 47851 404
internal_value=-0.00012885 0.00651895 -0.0074107 0.0101369 -0.00476277 -0.00586173 -0.0111952 -0.003373 0.00766108 -0.0108479 0.00743514 -0.0113175 0.000702855 0.0122221 0.00811406 -0.00159412 0.00158447 -0.00535959 0.00770879 0.00265567 0.00850832 0.00093086 0.0146808 0.0169346 -0.0182518 0.0160101 0.0246486 0.00397672 -0.00422737 0.0292076
internal_weight=25900 13539.5 12360.5 8347.11 6981.87 6414.47 2851.18 1352.23 567.4 5378.67 5234.67 5271.38 5192.35 107.291 5014.76 3563.29 1932.22 1631.07 4920.23 3719.21 846.579 2872.63 3112.44 2160.49 1498.95 387.583 717.348 1753.78 1473.14 94.5318
internal_count=1074710 299052 775658 119944 401422 370618 187006 80785 30804 374236 98901 370506 179108 3730 94429 183612 87012 96600 93133 110304 23333 86971 21043 13573 106221 20001 4108 50791 68804 1296
is_linear=0
shrinkage=0.03


Tree=42
num_leaves=31
num_cat=0
split_feature=16 11 16 13 13 15 3 13 16 13 14 9 3 3 10 12 11 11 5 11 9 11 11 2 11 14 5 0 12 9
split_gain=1318.89 241.287 128.876 139.55 85.2214 67.7475 60.7205 92.4086 54.8397 49.2484 47.9311 46.5556 49.5532 42.4918 59.8118 51.9674 36.0764 72.3767 34.4128 29.2138 26.2313 24.5488 24.3936 21.4082 21.101 19.9684 18.4059 18.855 18.2342 17.9561
threshold=3.7729044113589647 1123.0357142857144 1.8121417687917083 1537.5000000000002 275.50000000000006 10.928865392736489 3.2480966804407685 475.50000000000006 0.39981874413130025 690.50000000000011 5.5355879541042219 0.52657455735197645 1.4740336893160066 1.4378879371872666 2.7272211961227102 572.50000000000011 3333.12962962963 2226.0609756097565 35.524233690052633 2809.7083333333335 0.57756706488093712 1924.0294117647061 213.58333333333334 1.0841034106397358 822.77500000000009 0.94745711569416802 10.265344417573978 6.5000000000000009 326.50000000000006 0.086186397375433363
decision_type=2 2 2 2 2 2 2 2 2 2 2 2 2 2 2 2 2 2 2 2 2 2 2 2 2 2 2 2 2 2
left_child=2 4 8 22 -2 11 13 28 -1 18 -9 -3 23 15 -15 -6 17 -5 29 -19 25 -7 26 -13 -24 -11 -4 -28 -8 -10
right_child=1 5 3 16 6 21 7 10 9 20 -12 12 -14 14 -16 -17 -18 19 -20 -21 -22 -23 24 -25 -26 -27 27 -29 -30 -31
leaf_value=-0.016847529994062815 -0.0073017345471713133 -0.0047516602832998467 -0.016839927626431009 -0.011639718062344314 0.0043318097446276085 0.01277233907519155 0.031754311685416078 -0.0089070825913686383 -0.0061009010457899948 -0.014174297579790962 0.0046700787928384419 -0.0091226446454331419 0.0087238714885716304 0.016771335452210497 0.009763625714062675 0.011862324030059497 -0.017353205911061802 0.0026237521473139384 0.075604926932916622 -0.0072788619497913716 -0.0054085726741874866 -0.014888860810858435 0.0025879647004547531 0.024383104875403305 -0.0019057386944585626 -0.0095241639013765034 0.12067923501928718 -0.0020067892297259064 0.01357355679959704 0.0018108422452468029
leaf_weight=833.11296560335904 269.48599846847355 1844.7911364482716 102.26824558712542 1518.8335113925859 1598.8554439190775 397.47086293809116 96.980167251080275 351.15407539345324 763.21486556809396 1270.9689193703234 701.51064172759652 252.15512905735523 575.6704437378794 1885.0848074806854 2619.2518993467093 1703.4758710507303 374.17130112834275 638.19853866007179 4.9803017238154998 462.37433149944991 896.07054397370666 31.137721644714475 1921.0629266351461 18.416112925857306 1842.3828389942646 2401.4432567004114 1.779039168730377 3.0779313622042537 101.72709015198052 390.14677008148283
leaf_count=68325 9121 76432 5786 99343 24724 5305 1750 9630 40273 96551 9437 11763 22600 29234 38156 26146 23499 38988 159 28996 57616 926 73996 711 100517 155241 69 102 1411 17903
internal_value=-0.000126691 0.00690767 -0.00664913 -0.00377557 0.00932325 -0.000314779 0.00981786 0.00368291 -0.00965595 -0.00860976 0.00014093 -0.00207914 0.00374691 0.0108013 0.0126964 0.00821635 -0.00863948 -0.00739476 -0.00308481 -0.00153655 -0.0100106 0.0107628 -1.37269e-05 -0.00684212 0.000388087 -0.0111335 -0.0141299 0.0429314 0.0224468 -0.0034246
internal_weight=25871.3 12447.2 13424.1 6864.15 9327.53 3119.64 9058.04 1251.37 6559.94 5726.82 1052.66 2691.03 846.242 7806.67 4504.34 3302.33 2993.58 2619.41 1158.34 1100.57 4568.48 428.609 3870.57 270.571 3763.45 3672.41 107.125 4.85697 198.707 1153.36
internal_count=1074710 267346 807364 371296 149609 117737 140488 22228 436068 367743 19067 111506 35074 118260 67390 50870 190826 167327 58335 67984 309408 6231 180470 12474 174513 251792 5957 171 3161 58176
is_linear=0
shrinkage=0.03


Tree=43
num_leaves=31
num_cat=0
split_feature=16 18 17 13 14 17 13 17 17 18 17 17 17 17 18 3 14 17 17 17 2 14 18 5 13 3 1 4 12 15
split_gain=1241.85 238.602 161.408 113.851 81.0711 73.8239 74.969 106.773 68.8 63.3845 58.8794 54.6002 80.0687 54.7467 48.9031 55.3663 42.1133 39.738 39.1967 35.0298 34.6678 34.047 31.9406 44.7837 31.6833 31.4482 58.0251 53.5567 49.7332 31.5847
threshold=3.7729044113589647 2.2304285407066349 -287.79505121140249 1621.5000000000002 0.90600417076105688 -1219.4234863281247 1709.5000000000002 -848.47394111828919 -1822.7151245117186 2.2863053820403345 -34.606435394287104 -1298.2127685546873 -591.57517089843736 -817.05206909179674 1.1806250071773927 3.8161257321582069 1.5490500164550238 -565.77350192599818 -1569.2731765747069 -182.72485351562497 3.300518163070961 1.8053522107515374 1.7310795570639048 36.71677519565791 201.50000000000003 1.4285394201154988 0.72918269578977879 4.7636956321480417 342.50000000000006 11.87360892857143
decision_type=2 2 2 2 2 2 2 2 2 2 2 2 2 2 2 2 2 2 2 2 2 2 2 2 2 2 2 2 2 2
left_child=2 3 4 10 18 8 7 -7 -6 24 14 -5 13 -13 -2 -16 -10 -14 -1 -11 25 -21 -20 -24 -4 29 27 -27 -28 -3
right_child=1 20 9 11 5 6 -8 -9 16 19 -12 12 17 -15 15 -17 -18 -19 22 21 -22 -23 23 -25 -26 26 28 -29 -30 -31
leaf_value=-0.024137878815412961 0.0019621775916491327 0.0045981106923585185 -0.018525594161436267 0.030622051024895444 -0.012510042286320026 0.010169643798702008 -0.011673331232520963 -0.006944301016363316 -0.0020156149643196456 0.024734883967187576 -0.010998068753561288 0.00083571300614728361 0.021369977311864592 -0.02286964894642609 0.0086187407096536793 -0.0031846494739061143 0.012828261545647538 -0.0014168169113400256 -0.012720189499806628 -0.016334167786315225 0.0019722441972934643 0.013025703902654727 0.0011061868191139146 0.12575087717931577 -0.0017806696419627413 0.028170001657545664 0.025082876404390126 0.014007020082584197 0.0089306147934087206 0.013827179738408336
leaf_weight=264.478176725097 1863.2743634972721 561.06621628534049 104.91474588308483 42.578093722462654 252.04968705773354 368.52051794715226 2863.8806960415095 2991.087467091158 326.53929634112865 120.6452520545572 186.37650254368782 128.04454937018454 72.978004671633244 278.15240246709436 4482.0521767437458 388.67943659052253 363.50101660005748 1226.0844288207591 2101.8029509419575 53.018040578812361 245.09519431740046 107.87911527045071 101.65207904018462 2.6622131057083598 3315.3001357605681 501.72216469794512 205.31812505796552 461.17082186322659 1043.5302966339514 823.68792835250497
leaf_count=21891 53929 4555 6394 1358 16241 19246 192142 186979 20490 1778 5296 7205 2270 20780 91616 9501 19657 48880 168323 818 2080 1431 5134 85 146755 3302 1381 3079 6951 5163
internal_value=-0.000124313 0.00666558 -0.00649264 0.00390739 -0.0085381 -0.00692234 -0.00810708 -0.00506705 0.000904114 -0.00116802 0.00563526 -0.00293392 -0.00377177 -0.0153971 0.00609562 0.00767684 0.00580388 -0.000136713 -0.0132244 0.0125144 0.0128892 0.00335118 -0.011916 0.00428725 -0.00229432 0.0136332 0.0158529 0.0213867 0.0115861 0.0100878
internal_weight=25847.7 12509.8 13337.9 8668.22 9636.17 7165.58 6223.49 3359.61 942.09 3701.76 6920.38 1747.84 1705.26 406.197 6734.01 4870.73 690.04 1299.06 2470.6 281.542 3841.59 160.897 2206.12 104.314 3420.21 3596.5 2211.74 962.893 1248.85 1384.75
internal_count=1074710 267346 807364 240835 650188 454755 398367 206225 56388 157176 160342 80493 79135 27985 155046 101117 40147 51150 195433 4027 26511 2249 173542 5219 153149 24431 14713 6381 8332 9718
is_linear=0
shrinkage=0.03


Tree=44
num_leaves=31
num_cat=0
split_feature=16 18 17 17 17 14 17 11 17 17 18 13 17 10 18 14 3 11 17 12 9 3 14 14 17 9 9 17 14 6
split_gain=1169.64 222.442 154.303 95.193 101.715 78.4904 70.4147 74.8037 106.121 65.109 59.1961 52.443 42.9167 56.9834 53.3586 47.8533 39.9591 39.7745 67.0899 52.4838 50.0332 47.9119 39.365 39.2201 38.725 34.913 33.1942 31.9404 32.0449 30.9344
threshold=3.7729044113589647 1.7663027323948837 -287.79505121140249 -591.57517089843736 -817.05206909179674 0.90600417076105688 -1219.4234863281247 1513.5100000000002 -860.58536105685755 -1822.7151245117186 2.2863053820403345 1096.5000000000002 -72.581338882446275 6.9407324716759478 2.5545453977855774 8.7444994050728724 3.0637918584385724 975.0441176470589 -61.600145966666084 838.50000000000011 0.50226037477279628 3.0401238250162965 13.071989207146693 1.7242948498607953 -1569.2731765747069 0.60104169888651449 0.4108192790326311 -182.72485351562497 1.8053522107515374 21.392113375119592
decision_type=2 2 2 2 2 2 2 2 2 2 2 2 2 2 2 2 2 2 2 2 2 2 2 2 2 2 2 2 2 2
left_child=2 3 5 4 -2 24 9 8 -8 -7 -4 12 13 -3 26 -16 -13 18 21 -20 22 -5 -19 -11 -1 -9 -14 29 -29 -12
right_child=1 11 10 17 -6 6 7 25 -10 23 27 16 14 -15 15 -17 -18 20 19 -21 -22 -23 -24 -25 -26 -27 -28 28 -30 -31
leaf_value=-0.023980258517859381 0.00819771031823773 0.020633251569580294 -0.002230551290717234 0.010126435376342667 -0.022066205483704967 -0.012284955682469817 0.0124956953340923 -0.012770375593558371 -0.0064315527849380548 -0.00048498794907591051 0.015170283332213938 0.0072424222682226716 0.013411545514457135 -0.0032340580086182621 0.0021255459192116308 0.015688736998645283 -0.010868101595830102 -0.0027421641469453787 -0.0012508299438496262 0.029023186312658655 0.0073861653202652198 -0.0003933892389071765 0.011703142604355057 0.013960680093162982 -0.011696097565449029 -0.0046335076142643766 0.0026795108856588925 -0.016065435933840889 0.012499970404497532 0.050601915230072868
leaf_weight=258.32336012925953 160.06360259931535 868.02801628597081 3412.7520052203909 2347.8997540455312 266.12869694642723 249.01420308277011 294.75813527218997 2503.1493569193408 2791.3279767259955 401.75822304841131 93.909687660634518 872.40886514913291 374.97162095084786 100.44734298065305 269.37611291930079 1788.5483498349786 125.40846603829414 1813.2036903295666 1203.4862323496491 53.843785623088479 826.17805864103138 467.17465318925679 187.32562213391066 292.15794495865703 2180.6410744320601 585.61620595771819 841.435561850667 52.298733193427324 109.02598534524441 29.033183621242642
leaf_count=21891 7984 7130 153149 52449 20408 16241 14212 173998 173656 24907 1537 13203 3914 1026 1835 9896 2503 65448 30015 858 26729 12540 3404 15240 173542 36501 8004 818 1431 241
internal_value=-0.000122046 0.00643555 -0.00633932 0.00305948 -0.0107001 -0.00835262 -0.00676113 -0.00792715 -0.00462377 0.000874664 -0.00113495 0.0111546 0.01261 0.0181578 0.010969 0.0139134 0.00496624 0.00390948 0.00580724 4.56218e-05 0.00117539 0.00838062 -0.00138953 0.00559704 -0.0129972 -0.0112277 0.00598779 0.0120182 0.00323955 0.0235375
internal_weight=25819.7 12565.9 13253.8 7325.3 426.192 9556.75 7117.78 6174.85 3086.09 942.93 3697.02 5240.62 4242.81 968.475 3274.33 2057.92 997.817 6899.11 4072.4 1257.33 2826.71 2815.07 2000.53 693.916 2438.96 3088.77 1216.41 284.268 161.325 122.943
internal_count=1074710 267346 807364 219835 28392 650188 454755 398367 187868 56388 157176 47511 31805 8156 23649 11731 15706 191443 95862 30873 95581 64989 68852 40147 195433 210499 11918 4027 2249 1778
is_linear=0
shrinkage=0.03


Tree=45
num_leaves=31
num_cat=0
split_feature=16 11 18 18 16 17 3 16 17 17 12 13 17 11 17 12 2 5 17 16 16 17 17 13 17 16 18 16 11 16
split_gain=1105.01 244.771 134.197 127.972 84.8292 67.2293 79.1719 64.5153 56.3126 133.588 51.3368 44.8287 59.7581 81.9646 53.9144 42.6544 47.2028 41.3581 39.2235 38.4941 36.7017 35.8343 30.7584 40.5418 29.9892 50.8366 35.6868 29.0274 27.7849 29.7473
threshold=3.372891695702672 1191.0192307692309 2.3689999570449198 1.4800000125106825 0.61167854009310574 -61.600145966666084 3.1530435378510933 8.4183609420642664 -591.57517089843736 -824.47222900390614 630.50000000000011 977.50000000000011 -771.35067749023426 1286.3452380952383 -764.1317734547149 817.50000000000011 1.5126713666961307 7.9918715313085826 -575.27012869027931 31.114885063559324 41.096978409090916 -597.77490997314442 -1298.2127685546873 2415.5000000000005 -116.56556701660155 1.1025401773165935 1.8399999846541695 6.55264660246121 246.52272727272728 26.128047249334518
decision_type=2 2 2 2 2 2 2 2 2 2 2 2 2 2 2 2 2 2 2 2 2 2 2 2 2 2 2 2 2 2
left_child=3 2 5 4 -1 6 7 -2 9 22 24 14 13 -13 -6 16 -7 -8 -10 -17 -20 -14 27 -24 25 26 -5 -3 -4 -30
right_child=1 8 28 10 11 15 17 -9 18 -11 -12 12 21 -15 -16 19 -18 -19 20 -21 -22 -23 23 -25 -26 -27 -28 -29 29 -31
leaf_value=-0.01677685969033239 0.0069869441041759293 0.020964714488185949 -0.0083158986236148112 -0.011991394454586361 0.15312001760913779 -0.0034818157119592776 0.0061977783767222386 0.015175137832257964 0.022760555545135529 -0.02068079816997221 -0.0040586529050068501 0.010357796001720355 -0.015777073455628808 -0.0074866203454293061 -0.00421263525698684 0.0058837578210705127 0.0058210492769437969 -0.0071981137326493309 -0.00079768777995324158 0.035447388108182071 0.019575285448079106 -0.0089281978958677399 0.028269443003533647 -0.0052445747707730106 -0.0038427700967078194 0.014016328817798442 0.0099612318266284229 0.14854910212808001 0.015176249444310581 0.0081458012289798085
leaf_weight=988.0541993547231 3016.3415644513443 65.687531810253859 53.127424690872431 155.38382208533585 1.9618072686716903 1242.0858471365646 397.67731975298375 1214.8044920843095 69.483747124671936 388.67231069412082 2168.4714857451618 254.47650617919862 1274.4182541444898 2584.6264983108267 2457.671661443077 123.9231669716537 811.65370025672019 433.56944492273033 2329.645089160651 58.28105466067791 82.397709645330906 1493.0395140908659 39.74825824983418 177.79572365246713 295.29194243066013 427.05921398662031 116.70157680381089 1.6451255790889252 2365.6127990931273 702.51136834919453
leaf_count=87700 76339 2462 625 10245 158 25847 10056 18199 2360 29967 128777 15223 94463 174081 133248 1869 14830 10864 87542 785 862 92930 2098 10093 8928 13473 2709 21 13894 4062
internal_value=-0.000119801 0.00577114 0.00798789 -0.00666531 -0.00848004 0.00576141 0.00767496 0.00933786 -0.00154964 -0.00924261 -0.00147041 -0.00746373 -0.00894506 -0.00588718 -0.00408715 0.00142893 0.000194748 -0.000789376 0.000538426 0.0153402 -0.000101727 -0.0120821 0.00636311 0.000878894 0.00417351 0.00755927 -0.00257558 0.024082 0.013194 0.0135665
internal_weight=25791.8 13574.7 10419.6 12217.2 9054.25 7298.34 5062.39 4231.15 3155.08 673.549 3162.91 8066.19 5606.56 2839.1 2459.63 2235.94 2053.74 831.247 2481.53 182.204 2412.04 2767.46 284.877 217.544 994.437 699.145 272.085 67.3327 3121.25 3068.12
internal_count=1074710 312775 177370 761935 597803 158789 115458 94538 135405 44641 164132 510103 376697 189304 133406 43331 40677 20920 90764 2654 88404 187393 14674 12191 35355 26427 12954 2483 18581 17956
is_linear=0
shrinkage=0.03


Tree=46
num_leaves=31
num_cat=0
split_feature=16 11 18 18 14 17 3 18 17 17 13 13 17 11 17 15 17 2 5 6 11 15 17 18 16 5 17 16 17 11
split_gain=1041.6 229.052 122.374 122.067 84.0185 71.2613 75.8833 60.1145 56.9983 128.911 47.4672 44.7566 57.4234 84.4995 51.0562 43.3839 68.2955 47.63 41.6354 40.8269 40.7983 39.9858 41.1354 38.7546 48.4685 40.5374 37.846 35.0379 34.3661 28.3624
threshold=3.372891695702672 1160.0384615384617 1.4800000125106825 2.5545453977855774 0.58864338909705116 -61.600145966666084 3.1278537542213205 1.3942857190054292 -591.57517089843736 -824.47222900390614 1610.5000000000002 977.50000000000011 -771.35067749023426 1388.6875000000002 -744.26180267333973 22.863775 -37.412331277673893 1.4646913290182664 7.9918715313085826 20.658535419166487 929.2361111111112 14.564994256915144 -575.27012869027931 2.2405262845650058 1.6992486898933399 9.418517765718617 -837.79803466796864 26.128047249334518 -597.77490997314442 420.21538461538466
decision_type=2 2 2 2 2 2 2 2 2 2 2 2 2 2 2 2 2 2 2 2 2 2 2 2 2 2 2 2 2 2
left_child=2 3 4 5 -1 6 7 -2 9 -3 23 14 13 -13 20 17 -17 -7 -8 -5 -6 22 -10 24 -4 -25 -26 -21 -14 -27
right_child=1 8 10 19 11 15 18 -9 21 -11 -12 12 28 -15 -16 16 -18 -19 -20 27 -22 -23 -24 25 26 29 -28 -29 -30 -31
leaf_value=-0.015934790899913884 0.0052381075547181574 0.0061280520028227283 -0.0066264002811757417 0.01165533047551667 0.23204637666376499 -0.0033293125333074577 0.0067998956544083455 0.012484219025756934 0.021986601284687088 -0.020495018793984857 -0.0064282725355583525 0.0083075776117649963 -0.015487053093539165 -0.0076273028969070017 -0.0039831619339971104 0.027078814998840087 -0.0045354384175245108 0.0055122902573331379 -0.0065160353816052959 0.027650043450750103 0.038778015739304096 0.01171248096879309 -0.0011884206193815453 0.0049312470075569227 0.0299326572313715 0.0074876132751820089 0.0023624997552875167 0.0099222984415408243 -0.0087055619477911204 0.044708105604665004
leaf_weight=1132.22299430985 1742.9930065646768 286.58883487246931 699.62799188587815 2219.0159851536155 1.3717178283259261 1303.1998092485592 396.38922574277967 2520.4300141893327 71.022750473581254 381.69858914241195 1109.0935367671773 342.49363291356713 1234.0557482857257 2385.9486801009625 2402.5443544406444 143.57423322275281 107.58047130145133 946.70417044032365 452.66276457998902 293.9886105209589 3.4691060688346624 267.81799226254225 2340.9994760006666 260.68680400587618 46.993233192712069 30.807254012674093 964.93949893116951 152.33168619126081 1478.0885508731008 45.845126884058118
leaf_count=100836 47953 14675 42660 13062 107 25557 9860 43504 2363 30015 69769 19109 92648 162514 129559 1709 1825 15920 10962 1532 269 3363 89687 5694 2090 368 42938 788 92761 613
internal_value=-0.000117613 0.00557528 -0.00650876 0.00779509 -0.00829505 0.00586076 0.00789078 0.00952183 -0.00123962 -0.00907796 -0.00142921 -0.00719287 -0.0086999 -0.00562704 -0.00378705 0.00171113 0.0135371 0.000391016 -0.000299347 0.0133205 0.0935434 0.000715069 -0.000506025 0.00127684 -0.000554882 0.0105705 0.00364283 0.0215995 -0.0117912 0.0297489
internal_weight=25765.2 13627 12138.2 10278.9 8980.19 7613.53 5112.48 4263.42 3348.13 668.287 3157.99 7847.97 5440.59 2728.44 2407.39 2501.06 251.155 2249.9 849.052 2665.34 4.84082 2679.84 2412.02 2048.9 1711.56 337.339 1011.93 446.32 2712.14 76.6524
internal_count=1074710 312775 761935 172672 597803 157290 112279 91457 140103 44690 164132 496967 367032 181623 129935 45011 3534 41477 20822 15382 376 95413 92050 94363 87688 6675 45028 2320 185409 981
is_linear=0
shrinkage=0.03


Tree=47
num_leaves=31
num_cat=0
split_feature=16 11 18 18 16 13 8 13 3 14 18 16 5 13 4 9 2 3 7 11 18 11 11 2 9 4 3 14 12 8
split_gain=981.896 213.674 117.332 113.903 77.91 59.8707 57.4099 57.1746 52.337 49.8953 38.3619 44.3874 36.8805 36.6661 32.6701 31.457 27.6348 35.1722 65.8179 27.7441 27.1705 25.7482 21.9947 21.4506 20.2781 35.2146 22.9152 19.5762 19.5389 19.4298
threshold=3.372891695702672 1160.0384615384617 1.3820955457599213 2.3689999570449198 0.61167854009310574 275.50000000000006 21.5407226102575 1610.5000000000002 3.8706878068420063 5.8006074249631565 2.2405262845650058 1.6992486898933399 9.418517765718617 977.50000000000011 4.8494757364295777 0.67269903867419212 3.300518163070961 1.4285394201154988 0.71866938684426585 345.51666666666671 1.3820955457599213 335.40000000000003 493.80740740740748 0.21908800193353636 0.48809582699399617 5.2890509771135763 1.2453845195450917 1.9400558902789649 3284.5000000000005 95.120989715670802
decision_type=2 2 2 2 2 2 2 2 2 2 2 2 2 2 2 2 2 2 2 2 2 2 2 2 2 2 2 2 2 2
left_child=2 3 4 5 -1 -2 14 10 -8 24 11 -4 -12 27 -7 28 17 19 -19 -5 -11 -14 -18 -17 -3 26 -26 -6 -15 -22
right_child=1 9 7 16 13 6 8 -9 -10 20 12 -13 21 15 -16 23 22 18 -20 -21 29 -23 -24 -25 25 -27 -28 -29 -30 -31
leaf_value=-0.016566564393385698 -0.0091212569863605517 -0.0063570857692810999 -0.0060718042471383533 -0.0053485432022058474 -0.006348096420298743 0.0089098630050078141 0.0029855117295260547 -0.0068199899352680534 -0.01632669358647286 -0.004168301982674069 0.0047630833628280744 0.0029205117146041846 -0.0054487870775098883 -0.0092745917353079365 0.0027974232948183362 -0.021248811486065906 0.015762923492029964 0.023775466841465205 0.01140544690873815 0.010613188530877045 0.0077260430803702792 0.037013144086766252 -0.0048741681719706859 -0.0012154948942616386 -0.013502971890063322 0.014804161256326085 -0.00017074133553664466 -0.00064986279376557103 -0.019441698930174646 -0.0063058967427640335
leaf_weight=923.68827499821782 245.35104468371719 1282.272175418213 828.80903698503971 107.25022803992033 1431.2019631247967 3962.993787901476 1877.9739556703717 1387.4394621476531 135.40115371719003 302.33671217691153 261.77688196953386 1223.1055822763592 16.205605851486325 4195.7494485126808 981.98457612656057 52.094976384192705 68.871440045535564 607.81655428372324 1066.1602462101728 1137.0823893416673 817.63112756703049 62.118274539709091 142.96055783703923 627.82260458450764 145.16250603459775 118.37749050930142 578.09662931412458 873.96146593801677 177.30640463531017 99.635328487493098
leaf_count=84711 10363 65246 51588 895 85824 83793 37402 88202 3328 10914 5694 55562 229 292753 19437 3554 477 3126 6000 6765 18988 752 1086 39489 8396 5263 28792 40969 12608 2504
internal_value=-0.000115455 0.005387 -0.00635518 0.00751988 -0.00835405 0.00544371 0.00595727 -0.00197511 0.00168675 -0.00120512 0.000835064 -0.000711663 0.0101669 -0.00732311 0.00769604 -0.00875347 0.012298 0.0130574 0.015897 0.00923743 0.00363113 0.0282276 0.00183542 -0.00275044 -0.00398222 -0.000363994 -0.0028466 -0.00418771 -0.00968682 0.00620187
internal_weight=25738.6 13677.4 12061.3 10333.8 8281.83 7203.7 6958.35 3779.45 2013.38 3343.51 2392.02 2051.91 340.101 7358.14 4944.98 5052.97 3130.14 2918.31 1673.98 1244.33 1219.6 78.3239 211.832 679.918 2123.91 841.637 723.259 2305.16 4373.06 917.266
internal_count=1074710 312775 761935 172672 559908 154323 143960 202027 40730 140103 113825 107150 6675 475197 103230 348404 18349 16786 9126 7660 32406 981 1563 43043 107697 42451 37188 126793 305361 21492
is_linear=0
shrinkage=0.03


Tree=48
num_leaves=31
num_cat=0
split_feature=17 18 18 18 16 17 15 16 11 9 11 15 11 10 1 3 13 17 12 11 17 17 9 2 17 17 11 15 17 15
split_gain=925.737 218.708 104.665 71.8859 62.7126 52.9936 59.2595 48.6385 42.8339 42.0157 40.8525 47.5619 37.3222 32.9864 57.6733 31.849 47.141 37.7468 31.3898 29.6888 28.2705 28.1142 27.5156 39.7604 26.7878 75.015 59.3397 58.925 53.1483 48.6914
threshold=-227.44048500061032 1.5944820437068417 1.1716602368704605 2.453866617414687 0.61167854009310574 -37.412331277673893 28.969489194915258 2.7198007249299079 230.58333333333334 0.58250351636923425 791.26136363636374 3.4534151107011075 1407.0294117647061 0.089550418823685488 0.72918269578977879 4.1187541909526546 1383.5000000000002 -824.47222900390614 989.50000000000011 470.0384615384616 -63.844087600708001 -68.13585245609282 0.55419670137130683 0.57098881415367431 -591.57517089843736 -771.35067749023426 1278.0384615384617 1.8397247206727774 -257.93705813089997 1.5933565793603741
decision_type=2 2 2 2 2 2 2 2 2 2 2 2 2 2 2 2 2 2 2 2 2 2 2 2 2 2 2 2 2 2
left_child=2 8 4 5 -1 6 12 22 -2 10 11 -10 -3 -5 21 16 -9 -18 -8 -16 -11 -15 -4 -24 25 26 -6 -26 -29 -27
right_child=1 3 7 13 24 -7 18 15 9 20 -12 -13 -14 14 19 -17 17 -19 -20 -21 -22 -23 23 -25 27 29 -28 28 -30 -31
leaf_value=-0.016827281391633787 -0.012859034535202811 0.006993983715748611 -0.007490729952653521 0.0070331637314573932 0.010491915425162725 -0.0049741957852019797 0.051431011344668633 0.010265051888775516 -0.0019239047593640464 0.0081528060069646028 -0.0047713531069622853 0.0061766938508505337 -0.0042243316537901561 0.030365730945741593 0.017093374632662587 -0.017798603592683537 0.006203854935140818 -0.0038193598494101612 0.011688383124657692 0.0074072875225825964 -0.0066333701626691711 0.016989157612414388 -0.0098833085628644395 0.0025179302969394564 -0.0099981136039170148 -0.010029533011524648 -0.0076011743167554852 0.0028714126010977534 -0.015834470455101984 -0.022099714718253026
leaf_weight=795.63576141465455 213.60926337726414 4684.2899649776518 2249.2265579486266 994.23337613232434 178.40847421903163 372.80376702547073 40.08271012455225 389.26318858470768 1486.1436184756458 901.57768540270627 1355.7467903457582 1162.6780332103372 283.03039869852364 182.90791443549097 389.60441498085856 86.076064221560955 454.05325069930404 1324.700503510423 32.299079434946179 1058.7171682100743 133.62452000752091 623.27145329117775 348.6013441151008 699.73878959100693 1112.3967477576807 672.6849160650745 1906.3440293064341 873.85425477847457 162.05301959626377 544.07791982870549
leaf_count=74969 12412 81908 148950 7470 10881 6586 444 16416 62526 26789 45322 28646 9515 1213 2496 4176 23893 70056 448 6667 3413 3197 22071 42840 74698 50783 133492 48932 8125 45376
internal_value=-0.000113097 0.00512835 -0.00629535 0.00805754 -0.00895953 0.0059401 0.00674747 -0.00329823 0.000299 0.000856699 -0.000535998 0.00163179 0.00635478 0.0115853 0.0135927 9.81085e-05 0.000808656 -0.00126079 0.0336966 0.0100129 0.0062442 0.0200241 -0.00561984 -0.00160582 -0.0078109 -0.00950754 -0.00605281 -0.0052035 -5.48578e-05 -0.0154267
internal_weight=25711.7 13914.6 11797.1 8661.24 6245.46 5412.51 5039.7 5551.66 5253.38 5039.77 4004.57 2648.82 4967.32 3248.73 2254.5 2254.09 2168.02 1778.75 72.3818 1448.32 1035.2 806.179 3297.57 1048.34 5449.82 3301.52 2084.75 2148.3 1035.91 1216.76
internal_count=1074710 299052 775658 119944 447256 98901 92315 328402 179108 166696 136494 91172 91423 21043 13573 114541 110365 93949 892 9163 30202 4410 213861 64911 372287 240532 144373 131755 57057 96159
is_linear=0
shrinkage=0.03


Tree=49
num_leaves=31
num_cat=0
split_feature=14 11 18 18 14 17 17 17 13 13 17 17 8 18 5 11 12 17 14 11 11 17 11 17 2 17 11 11 12 11
split_gain=873.449 199.955 121.313 109.098 70.7649 66.4524 89.9753 82.9183 54.0125 48.0442 46.039 45.5637 38.8443 37.4606 37.806 35.5628 43.7793 35.2481 40.7753 35.066 34.695 66.3641 63.2905 52.1271 37.0769 34.0716 28.8445 26.3852 25.9111 24.9088
threshold=2.8734293900416681 1503.7375000000002 2.0118012232069646 1.3899999963385721 0.62208272493363193 -1298.2127685546873 -603.95862375895172 -824.47222900390614 275.50000000000006 1709.5000000000002 -34.606435394287104 -565.77350192599818 27.353600145429841 2.2405262845650058 10.535120036954732 246.52272727272728 176.50000000000003 -817.05206909179674 1.1295879468273298 2364.052631578948 960.01923076923083 -767.64426214044727 1278.0384615384617 -744.26180267333973 0.23216431807094504 -37.412331277673893 403.77500000000003 3064.4187500000003 3284.5000000000005 2243.7888888888897
decision_type=2 2 2 2 2 2 2 2 2 2 2 2 2 2 2 2 2 2 2 2 2 2 2 2 2 2 2 2 2 2
left_child=3 2 8 4 -1 28 7 19 -2 13 12 -8 -10 17 -15 -4 -17 -5 -19 -7 23 22 -22 24 -6 -18 -16 -23 -3 -11
right_child=1 5 15 9 20 6 11 -9 10 29 -12 -13 -14 14 26 16 25 18 -20 -21 21 27 -24 -25 -26 -27 -28 -29 -30 -31
leaf_value=-0.015170603400166207 -0.0093736029300979466 0.041910660540054955 -0.010687108179047538 0.0095959705379904288 0.21515367110101929 0.026546299412475122 0.018574200156743957 -0.023829970589365368 0.0060263869359326212 -0.010923764595388678 -0.013661083473303625 -0.0023322197138325933 0.00067263348873108887 0.0042534127260020942 0.0037064913711684021 0.031973123164545633 0.011313013303082167 -0.010191122089538649 0.0001223406561117574 -0.0056854726883593465 0.01142405954811444 -0.011634080492647839 -0.0065087910871023417 -0.0041243447033787045 0.033739872797688517 0.0042441636489578332 0.041597750449171619 -0.028623861244228666 -0.00059152743706040306 -0.0025333027292983794
leaf_weight=1109.7644023392349 261.34546375274658 38.582914615049958 72.080722950398922 251.23798689246178 1.5880016107112158 37.816140986047685 101.43272416945547 353.13444982282817 5459.6812119372189 627.58312723040581 123.30420865118504 1250.3144649006426 1570.5674731209874 257.21105822175741 28.176237257197499 84.270871192216873 3718.6181834274903 454.75381792057306 1429.6272251252085 154.44648696482182 192.12594990991056 2086.1004321742803 2268.6983031462878 2214.1406312063336 2.8046994516626 734.96352598816156 50.466313137672842 85.64483852032572 19.400597648695111 646.44299726746976
leaf_count=102777 12098 1334 878 16373 114 2091 3989 29528 137919 41588 3450 53877 38856 5633 320 581 25946 29004 67339 8881 10799 148116 156809 122974 201 5130 621 7079 721 39684
internal_value=-0.000110869 0.00495142 0.00639814 -0.00615635 -0.00814288 -0.00394645 -0.00491338 -0.0151988 0.00402222 -0.00193409 0.00451162 -0.000763439 0.00483035 0.000505394 0.00981899 0.0102197 0.0105518 -0.00095929 -0.00236659 0.000654195 -0.0070045 -0.0084819 -0.0051087 -0.00391952 0.0993226 0.0101465 0.028022 -0.0123041 0.0276899 -0.00666643
internal_weight=25686.3 13980 12024.8 11706.4 7960.87 1955.13 1897.14 545.397 7414.9 3745.5 7153.55 1351.75 7030.25 2471.47 335.854 4609.93 4537.85 2135.62 1884.38 192.263 6851.1 4632.57 2460.82 2218.53 4.3927 4453.58 78.6426 2171.75 57.9835 1274.03
internal_count=1074710 325279 224858 749431 548869 100421 98366 40500 192323 200562 180225 57866 176775 119290 6574 32535 31657 112716 96343 10972 446092 322803 167608 123289 315 31076 941 155195 2055 81272
is_linear=0
shrinkage=0.03


Tree=50
num_leaves=31
num_cat=0
split_feature=16 11 18 18 14 17 14 13 13 17 17 12 14 2 13 12 15 17 6 16 17 16 13 17 17 18 15 17 17 13
split_gain=831.266 178.452 103.167 94.1463 76.4449 66.1479 65.2518 79.3599 73.7503 50.7501 117.9 46.646 57.1114 43.1604 42.4627 37.579 34.9817 44.9197 34.4989 32.6372 29.5147 40.4078 29.388 56.939 39.6418 29.1011 28.2911 25.5985 25.3504 35.5073
threshold=3.372891695702672 1123.0357142857144 1.5077592140456109 2.5545453977855774 0.58864338909705116 -61.600145966666084 7.7964830785318133 690.50000000000011 620.50000000000011 -591.57517089843736 -824.47222900390614 817.50000000000011 26.595909722222224 1.5126713666961307 3363.5000000000005 630.50000000000011 13.077870724637682 -267.79901722499295 20.658535419166487 26.128047249334518 -116.56556701660155 1.1025401773165935 977.50000000000011 -771.35067749023426 -744.26180267333973 1.8399999846541695 1.7583838250749591 -222.96878596714564 -1316.9267054966515 2415.5000000000005
decision_type=2 2 2 2 2 2 2 2 2 2 2 2 2 2 2 2 2 2 2 2 2 2 2 2 2 2 2 2 2 2
left_child=2 3 4 5 -1 6 7 -2 -8 10 28 13 -13 -7 22 20 17 26 -5 -20 21 25 24 -24 -6 -4 -11 -19 -3 -30
right_child=1 9 15 18 14 11 8 -9 -10 16 -12 12 -14 -15 -16 -17 -18 27 19 -21 -22 -23 23 -25 -26 -27 -28 -29 29 -31
leaf_value=-0.014999243143614076 0.010547835449875552 0.022460956157040312 -0.011191561409603371 0.010208604656789218 0.076331476055355618 -0.0032784989095311365 -0.0050268826254809265 0.0017303330365238726 0.016297821899983151 -0.011973342629969684 -0.019852792582552656 0.0015114488521855221 0.035963222650647379 0.0050355041759158007 -0.015956817651908074 -0.0034252285766810044 0.0094109032602638868 -0.012109555607574247 0.025005756320360908 0.0078888525280795541 -0.0041935540479259162 0.013121137608941855 -0.003973558164608349 -0.010369963900555215 -0.0034552463712394722 0.0089381986712245287 0.0057654197966422391 -0.0019314629412162565 0.026040437272369491 -0.0045894320089378176
leaf_weight=1086.0299753611907 1533.4436684204265 64.186854428611696 141.28975922521204 2235.3208750281483 5.6175434961915007 1387.5109411636367 170.02280013822019 2291.3623958081007 1031.426926124841 88.257410516962409 361.99702528491616 102.6972525510937 74.881540723145008 944.49953689239919 405.74214091338217 1971.8891994673759 372.21090540848672 271.61910668946803 300.8884353376925 150.35107283294201 289.72616146504879 410.99735076725483 2409.5178094496951 2608.3970454232767 2407.1570823565125 119.13875683583319 973.07094454485923 1227.1751779634506 41.818295625969768 183.64562946557999
leaf_count=102225 32199 2228 9584 12867 378 26695 2220 58710 13966 4291 30060 1474 894 15644 28447 118802 4552 11532 1526 761 8607 12350 163966 183421 131446 2709 43022 37686 2100 10348
internal_value=-0.000108765 0.00489466 -0.00593552 0.00691417 -0.00754005 0.00519516 0.00718122 0.00526545 0.0132801 -0.000865512 -0.00843833 0.00121744 0.0160391 8.87982e-05 -0.00650631 -0.00105446 0.000817382 -0.000432012 0.011736 0.0193025 0.00380939 0.00726273 -0.00599027 -0.00729852 -0.00326948 -0.00198276 0.00429031 -0.00377599 0.00582714 0.00109169
internal_weight=25661.9 13806.4 11855.5 10222.4 8922.46 7535.85 5026.26 3824.81 1201.45 3583.98 651.648 2509.59 177.579 2332.01 7836.43 2933.04 2932.33 2560.12 2686.56 451.24 961.152 671.426 7430.69 5017.91 2412.77 260.429 1061.33 1498.79 289.651 225.464
internal_count=1074710 312775 761935 166956 609883 151802 107095 90909 16186 145819 44736 44707 2368 42339 507658 152052 101083 96531 15154 2287 33250 24643 479211 347387 131824 12293 47313 49218 14676 12448
is_linear=0
shrinkage=0.03


Tree=51
num_leaves=31
num_cat=0
split_feature=16 11 18 18 15 13 8 13 14 12 13 6 16 16 18 5 14 18 4 1 2 10 10 12 12 16 12 15 11 13
split_gain=783.573 166.651 99.1685 87.8974 71.6905 52.2554 55.5022 48.96 48.1022 35.7593 35.1319 32.0268 31.5763 30.0948 30.0307 30.833 29.4333 26.7458 26.5143 22.0702 20.6695 20.6224 47.1241 23.1029 20.4855 23.4462 18.663 36.4537 17.539 39.9398
threshold=3.372891695702672 1123.0357142857144 1.3820955457599213 2.5545453977855774 0.34512366006540701 275.50000000000006 31.848795925056333 1610.5000000000002 5.8006074249631565 176.50000000000003 1347.5000000000002 20.658535419166487 1.8121417687917083 26.128047249334518 1.8969924630676596 39.707690470663842 1.9121944442747314 1.3899999963385721 4.8494757364295777 0.9452472375583536 1.5342853698952024 3.7219408621538244 0.13423319756432153 429.50000000000006 3217.5000000000005 0.81534710093288421 2993.5000000000005 5.9856553115004685 2280.9205882352949 3315.5000000000005
decision_type=2 2 2 2 2 2 2 2 2 2 2 2 2 2 2 2 2 2 2 2 2 2 2 2 2 2 2 2 2 2
left_child=2 3 4 5 -1 -2 18 12 -3 -8 16 21 14 19 -4 -16 -6 26 -7 -13 -19 22 -5 -23 25 -12 -10 -28 -9 -30
right_child=1 8 7 11 10 6 9 28 17 -11 24 13 -14 -15 15 -17 -18 20 -20 -21 -22 23 -24 -25 -26 -27 27 -29 29 -31
leaf_value=-0.015996060442428198 -0.0086168608787843531 -0.0035949984601274299 -0.0057721785724585972 0.0067183195810808713 -0.0065787551991564972 0.0080394290972716637 0.025877321760549372 -0.0094097031029808792 -0.0048599372514231765 2.5019645831052824e-05 -0.017172193625494318 0.027280408616239461 0.0039720507731225221 0.0076276297914848121 0.0046805906342342251 0.095035042070365297 -0.00089720758421323835 0.0091069344238061158 0.0031070714612521214 0.0039611405813560008 0.00037157771457556045 0.014443916949777355 0.016839726165110435 0.0012672340470175575 -0.017940031272498502 -0.0075528680370609393 0.16827963904515836 0.0032053965169590881 0.0033845192094465542 -0.012389817007298222
leaf_weight=834.36521986406296 244.8395870346576 2200.6522757615894 823.86158721987158 865.18704514205456 2405.1641727956012 4330.265477836132 49.578776814043522 743.67114058881998 324.83931252174079 1675.7382897315547 246.17143793869764 261.32067663222551 1302.8940149452537 150.8277278020978 260.17459360323846 3.4440580904483786 1245.6369057744741 663.28595520090312 1268.1285333400592 42.462787095457315 385.46148596331477 167.48035578429699 793.89141089655459 420.26241061091423 209.11058048345149 3097.5172979114577 1.6556449038907874 4.4135958971455693 383.20180735178292 231.8698255661875
leaf_count=77287 10407 111121 52749 5431 159306 86724 639 50015 11458 31426 22729 1249 54072 761 6965 39 62860 13438 22606 277 9546 943 4006 2487 15540 222186 61 195 23690 14497
internal_value=-0.00010666 0.0047317 -0.00579192 0.00667469 -0.00767122 0.00501657 0.00547235 -0.00176277 -0.000841702 0.000767912 -0.00670699 0.0113202 0.000821947 0.018582 -0.00295214 0.00586103 -0.00464024 0.00355001 0.00692217 0.0240208 0.0058963 0.00985088 0.0115615 0.005022 -0.00883075 -0.00826107 -0.00388609 0.0482365 -0.00630995 -0.00256209
internal_weight=25637.4 13850.3 11787.1 10270 8037.97 7568.55 7323.71 3749.12 3580.31 1725.32 7203.6 2701.43 2390.37 454.611 1087.48 263.619 3650.8 1379.66 5598.39 303.783 1048.75 2246.82 1659.08 587.743 3552.8 3343.69 330.909 6.06924 1358.74 615.072
internal_count=1074710 312775 761935 166956 559908 151802 141395 202027 145819 32065 482621 15154 113825 2287 59753 7004 222166 34698 109330 1526 22984 12867 9437 3430 260455 244915 11714 256 88202 38187
is_linear=0
shrinkage=0.03


Tree=52
num_leaves=31
num_cat=0
split_feature=14 11 18 18 17 17 17 14 11 17 17 17 11 18 5 17 14 8 3 4 11 17 15 12 12 11 17 14 17 14
split_gain=735.901 176.993 105.063 91.746 68.9542 76.1547 95.6737 63.9691 46.2997 41.6461 44.3397 40.9504 37.6804 33.6911 33.877 33.5598 33.3676 32.7783 38.4078 43.7168 32.0073 31.6279 31.483 31.0453 27.3747 26.0108 23.9594 23.1221 22.6886 41.1236
threshold=2.8224416079521499 1503.7375000000002 1.7549193578381694 1.3899999963385721 -1298.2127685546873 -603.95862375895172 -824.47222900390614 0.62208272493363193 230.58333333333334 -295.875749860491 -227.44048500061032 -565.77350192599818 1594.8611111111113 2.2405262845650058 10.535120036954732 -824.47222900390614 1.1295879468273298 85.523854659628981 1.4285394201154988 4.8834488988171865 454.08333333333343 -925.56237792968739 11.87360892857143 2993.5000000000005 3284.5000000000005 403.77500000000003 -657.88910522460924 1.4145471748926612 -1219.4234863281247 0.9740311914509554
decision_type=2 2 2 2 2 2 2 2 2 2 2 2 2 2 2 2 2 2 2 2 2 2 2 2 2 2 2 2 2 2
left_child=3 2 8 7 24 6 21 -1 -2 26 -11 -7 13 15 -15 27 -17 18 22 -20 -19 -6 -4 28 -3 -16 -10 -5 29 -9
right_child=1 4 17 12 5 11 -8 23 9 10 -12 -13 -14 14 25 16 -18 20 19 -21 -22 -23 -24 -25 -26 -27 -28 -29 -30 -31
leaf_value=-0.014496337088427617 -0.013248700659999346 0.040141443157522549 0.0011152917493759268 0.0034585323055569303 -0.0052096746144981226 0.016963388038281145 -0.02365865369702138 -0.012292014482398313 0.071637724254747709 -0.006884816262043421 0.0037206726417066058 -0.0025500908184107663 -0.0062936636630773713 0.0037236938502240961 0.0031709877937519909 -0.0096464098922251357 -0.00030140387917733082 0.014083979514716159 0.014623179700230122 0.0073276803278058723 -0.0002952359941886757 0.02103445114374702 0.0098285833335152156 -0.015688690267254297 -0.0019939879474053027 0.03892269338456221 0.012050066351661389 0.023620300264641434 -0.0066700678791335411 0.00517693556768937
leaf_weight=1063.472217341885 148.43968896009028 43.726076425984502 673.06120304204524 185.7469349866733 150.34645468834788 104.79903882555664 353.89089930895716 177.39268720336258 6.16553971171379 377.27559136692435 5953.5219259336591 1266.537302615121 1183.0346792303026 253.14955157693475 28.500014074146748 453.14304913487285 1426.1794238146394 183.38007704913616 1895.580961311236 1211.811146106571 579.89538371842355 56.995978799648583 837.72932102903724 319.84154325257987 20.328615754842758 51.248435714282095 404.77442991547287 70.670415823347867 5748.5927871726453 383.43989549670368
leaf_count=102777 7791 1470 5746 13459 8622 4116 30879 14283 373 15196 143755 55174 77083 5433 319 29479 67925 1426 15268 11016 5025 3290 5074 24149 765 624 18518 3154 378331 24190
internal_value=-0.000104385 0.0044299 0.00577766 -0.00580732 -0.00385366 -0.00486865 -0.0141776 -0.0076661 0.00332448 0.00368939 0.00308865 -0.00105885 -0.00189153 0.00021808 0.00909513 -0.00116559 -0.00255468 0.0089186 0.00987045 0.0117781 0.00315943 0.00200452 0.00594679 -0.00657039 0.0267692 0.026146 0.0129441 0.00901526 -0.00610816 -0.000348535
internal_weight=25612.7 14268.3 12271.6 11344.4 1996.62 1932.57 561.233 7692.74 6890.18 6741.74 6330.8 1371.34 3651.67 2468.64 332.898 2135.74 1879.32 5381.46 4618.18 3107.39 763.275 207.342 1510.79 6629.27 64.0547 79.7484 410.94 256.417 6309.43 560.833
internal_count=1074710 333504 229188 741206 104316 102081 42791 543730 185633 177842 158951 59290 197476 120393 6376 114017 97404 43555 37104 26284 6451 11912 10820 440953 2235 943 18891 16613 416804 38473
is_linear=0
shrinkage=0.03


Tree=53
num_leaves=31
num_cat=0
split_feature=16 13 17 13 18 16 16 17 11 17 13 9 16 17 16 17 11 17 11 17 17 17 17 11 0 18 10 17 13 16
split_gain=697.55 148.723 91.4128 77.1848 63.4532 62.6921 59.0709 77.3198 80.6594 89.9884 72.297 58.7732 46.5362 45.051 55.9804 44.2121 59.6403 40.7448 40.3618 51.817 39.0256 86.7249 38.8684 37.3166 36.9883 35.3442 33.9964 30.6979 29.5177 31.2517
threshold=3.372891695702672 1020.5000000000001 -287.79505121140249 291.50000000000006 2.5545453977855774 10.700102986673015 1.3034069976739036 -1234.4096272786458 1503.7375000000002 -837.79803466796864 3363.5000000000005 0.48809582699399617 1.8833855712166174 -70.234172821044908 8.7173212977498711 -119.84022140502928 799.02380952380963 -784.22274727199374 1533.5312500000002 -40.424762677173213 -584.87588500976551 -824.47222900390614 -86.398951721191395 891.35416666666686 8.5000000000000018 1.0505319169015752 2.7602411496122361 -1569.2731765747069 424.50000000000006 1.9702915059381394
decision_type=2 2 2 2 2 2 2 2 2 2 2 2 2 2 2 2 2 2 2 2 2 2 2 2 2 2 2 2 2 2
left_child=2 3 6 -2 13 11 27 10 9 -9 12 22 -8 14 -5 16 25 -10 19 26 21 -13 -3 -15 -6 -4 -7 -1 29 -17
right_child=1 5 15 4 24 18 7 8 17 -11 -12 20 -14 23 -16 28 -18 -19 -20 -21 -22 -23 -24 -25 -26 -27 -28 -29 -30 -31
leaf_value=-0.019337720485554523 -0.0063490824684776384 -0.0036137108974613435 -0.00054456261970099024 0.0063895865253790736 0.0098270944211393176 0.013470277285601497 0.002135558065346196 0.014716865869506844 -0.006894417583066117 -0.0045801848408461758 -0.0083839481711271268 0.0097170862191020869 0.022101346003482923 0.0022620148024072267 0.01697621075451752 -0.011912170489496381 -0.0066322004520608284 -0.014712523521386486 -0.0080108266299835085 -0.0087033975497307035 0.0060509437199727919 -0.020221038685922402 -0.023452489291714038 0.022893811050729004 0.019347439563764987 0.0086445418240422272 0.0034436718253813572 -0.0094010945048817185 -0.013358125115914433 0.002293962972873351
leaf_weight=310.35119272209704 377.3968642372638 2318.4249753914773 687.43753398861736 2548.5079893730581 1948.2011505309492 734.37129517272115 214.31709789577872 243.22680010553449 1346.1134196985513 2055.7493365360424 252.56643849704415 171.63482914958149 206.10544309858233 2528.8972936589271 545.81190686672926 209.97994857653975 606.96191312745214 1082.3230622066185 175.24815097264946 162.22390375100076 1097.9716766653582 176.77606472559273 92.424354581162333 81.439636435359716 452.61238376051188 833.44379619974643 519.74268899299204 2844.0025682067499 350.85028882324696 414.44495221506804
leaf_count=27497 12939 98669 35821 56758 10851 8499 13918 11584 93049 134722 16654 8045 11019 39217 6928 10105 32039 84400 5272 1598 36748 14591 1943 1077 2161 27932 7479 231891 13103 18201
internal_value=-0.000102299 0.00442861 -0.00551694 0.00691282 0.0075303 0.000561129 -0.0071169 -0.00521168 -0.00656608 -0.0025386 0.00430228 -0.00150593 0.0119235 0.00580834 0.00825698 -0.00110611 0.00131819 -0.0103788 0.00557069 0.00725117 0.00327504 -0.00547286 -0.00437427 0.0029057 0.0116219 0.00449107 0.00931495 -0.0103787 -0.00639542 -0.00248324
internal_weight=25589.6 13931.7 11657.9 8482.87 8105.47 5448.82 8554.76 5400.4 4727.41 2298.98 672.989 3857.23 420.423 5704.66 3094.32 3103.12 2127.84 2428.44 1591.59 1416.34 1446.38 348.411 2410.85 2610.34 2400.81 1520.88 1254.11 3154.35 975.275 624.425
internal_count=1074710 312775 761935 129931 116992 182844 624734 365346 323755 146306 41591 159996 24937 103980 63686 137201 95792 177449 22848 17576 59384 22636 100612 40294 13012 63753 15978 259388 41409 28306
is_linear=0
shrinkage=0.03


Tree=54
num_leaves=31
num_cat=0
split_feature=16 11 18 18 15 17 16 13 10 17 17 12 17 15 9 12 9 12 16 16 17 17 6 1 5 9 7 17 16 18
split_gain=657.603 139.046 89.1905 75.8827 70.9707 58.4124 70.4317 82.6274 43.1979 41.8513 106.777 39.9598 72.4708 45.2009 37.6825 35.1827 34.244 32.8102 48.4561 31.3901 36.6741 29.5916 29.1124 27.3305 27.2812 26.7021 26.9273 26.303 37.5208 26.4783
threshold=3.372891695702672 1160.0384615384617 1.4800000125106825 2.5545453977855774 0.34512366006540701 -70.234172821044908 8.4183609420642664 690.50000000000011 7.0625566766542152 -591.57517089843736 -817.05206909179674 1296.5000000000002 -775.80947570800765 1.2431412441323955 0.63737241737206685 630.50000000000011 0.4811029947265611 817.50000000000011 10.209518029245599 20.345168333333337 -300.6976804097493 -1234.4096272786458 20.658535419166487 0.99951216845349056 9.6692535923009419 0.5438708277481219 0.37355763154351163 -116.56556701660155 1.1025401773165935 1.8399999846541695
decision_type=2 2 2 2 2 2 2 2 2 2 2 2 2 2 2 2 2 2 2 2 2 2 2 2 2 2 2 2 2 2
left_child=2 3 4 5 -1 6 7 -2 -8 10 -3 12 -6 -14 21 27 19 23 -19 20 -11 -13 -5 -7 -16 -17 -27 28 29 -4
right_child=1 9 15 22 11 17 8 -9 -10 16 -12 14 13 -15 24 25 -18 18 -20 -21 -22 -23 -24 -25 -26 26 -28 -29 -30 -31
leaf_value=-0.015038532926172254 0.010696273182809284 0.0051016107646045398 -0.010781921972785099 0.0088391175064677432 0.0096306509411016854 -0.0003137633037381381 0.015028327219604256 0.0010184554872579214 -0.0060979608155665669 0.0031899654911597326 -0.019532349250200604 -0.0042564278050724333 -0.009037024653226677 -0.0024716011196623711 -0.003864172152538601 -0.0053308145533583033 0.0051428651084202467 -0.029601376382576785 0.015108593080568901 0.012122854340823962 -0.0063670727459911071 -0.011386742341619802 0.017052162225611928 0.01007840764753499 0.015301847188728533 -0.008250077180886977 0.0062103342415942443 -0.0039409926506129202 0.012044312354161873 0.0081934238507619696
leaf_weight=880.41387968510389 1247.3779600532725 297.89341123215854 146.07445223256946 2306.925701264292 320.34294747747481 2801.1363833574578 1017.8854342792183 2184.4068342745304 95.260302884504199 549.36443097051233 338.10043391119689 683.00249496009201 1621.5498284623027 2257.8952089790255 392.30387306865305 1523.4309303136542 950.22982179466635 23.857894152402878 254.95373619347811 131.99198303744197 1056.0329179633409 2247.7944031404331 467.07382022961974 247.91833455208689 80.568037951365113 159.93345587421209 420.92544750310481 296.00478987023234 444.17360496986657 121.01299896184355
leaf_count=83316 25990 15025 10245 13062 19792 48107 14648 58258 1575 25633 29665 50262 113909 125496 26135 95131 30360 446 3071 1731 37689 173782 2320 5195 5111 9786 23860 8928 13473 2709
internal_value=-0.000100354 0.00428305 -0.00538158 0.00595527 -0.00697499 0.00445188 0.00666308 0.00453613 0.0132204 -0.00107369 -0.00799404 -0.0060413 -0.00408342 -0.00521585 -0.00845714 -0.00103702 0.000563934 0.001432 0.0112828 -0.00194042 -0.00309667 -0.00972507 0.010222 0.000531223 -0.000598661 -0.00324409 0.00222881 0.00357379 0.00670121 -0.0021845
internal_weight=25565.8 13970.4 11595.4 10646.8 8483.87 7872.8 4544.93 3431.78 1113.15 3323.61 635.994 7603.46 4199.79 3879.45 3403.67 3111.56 2687.62 3327.87 278.812 1737.39 1605.4 2930.8 2774 3049.05 472.872 2104.29 580.859 1007.27 711.261 267.087
internal_count=1074710 312775 761935 172672 597803 157290 100471 84248 16223 140103 44690 514487 259197 239405 255290 164132 95413 56819 3517 65053 63322 224044 15382 53302 31246 128777 33646 35355 26427 12954
is_linear=0
shrinkage=0.03


Tree=55
num_leaves=31
num_cat=0
split_feature=16 13 18 17 17 17 17 14 17 18 17 15 12 12 17 12 16 11 17 10 17 17 11 12 17 11 18 16 13 17
split_gain=622.415 173.134 95.4847 76.4875 63.473 55.2783 113.665 49.9393 45.0433 47.5217 44.5219 47.7832 63.3253 59.7058 41.6859 90.4501 49.035 39.2368 38.5808 37.6185 36.1136 35.3794 31.5755 41.963 35.6891 31.2571 29.7576 26.727 32.266 25.6506
threshold=2.9043906186281707 1621.5000000000002 1.7663027323948837 -287.79505121140249 -1316.9267054966515 -591.57517089843736 -817.05206909179674 0.25648977793766153 -177.87193107604978 1.7140731712666957 -295.875749860491 5.9856553115004685 413.50000000000006 801.50000000000011 -764.1317734547149 1229.5000000000002 1.1025401773165935 3019.1111111111118 -565.77350192599818 6.3355675494296166 -1715.673889160156 -309.59880065917963 246.52272727272728 176.50000000000003 -34.606435394287104 1130.8200431034486 1.8639999932712981 1.9702915059381394 796.50000000000011 -938.49752807617176
decision_type=2 2 2 2 2 2 2 2 2 2 2 2 2 2 2 2 2 2 2 2 2 2 2 2 2 2 2 2 2 2
left_child=3 2 10 7 19 6 29 26 9 -5 21 13 -13 -12 15 -9 -17 -16 -7 20 -3 -2 -4 -24 -25 -23 -1 -10 -29 -6
right_child=1 4 22 8 5 18 -8 14 27 -11 11 12 -14 -15 17 16 -18 -19 -20 -21 -22 25 23 24 -26 -27 -28 28 -30 -31
leaf_value=-0.017366497783385466 0.0087129833358120506 -0.015735342530589991 -0.010213662104697971 0.00030827885040023422 -0.0033733390799722679 0.016704338897685328 -0.020846277109794264 0.0080594050258698813 -0.010292388339450507 0.016466719320221153 0.0023781969936661962 -0.0046792990302161634 0.007848707758094025 -0.0058262416432434865 -0.0083276939578420684 -0.012697831153833572 -0.0039676666175070081 -0.026732047221824901 -0.0022656322802894683 0.13259799616258608 0.02595723307850711 0.061451023209725744 0.026628313682733874 0.0089051479117920624 0.00063832184919360017 0.013575222822536188 0.010450711337888044 0.00035859563475989749 -0.022966669241057235 0.013954073439535397
leaf_weight=559.01146888080984 508.11847173143178 24.234873527660966 82.672164538875222 985.07208694890141 285.85555796325207 102.73761081136763 448.10320848505944 463.55627575516701 529.1627384275198 196.4813100527972 3198.5484717292711 443.17593502998352 2010.3228011615574 1063.792208135128 3501.1732583837584 772.37474128045142 2313.1634811200202 107.45428729616106 1586.5638546533883 2.5696881478652349 81.841472177766263 22.448599038645625 112.13064421340823 4710.8276804713532 522.09227605164051 27.076912698335946 36.895326998084784 682.85706913564354 57.900326266884804 105.18274573702365
leaf_count=57275 25056 1356 1072 52953 16442 3715 39734 30936 24117 3629 89789 10930 36173 37630 257984 66002 157705 9271 67130 104 2909 963 897 37482 4041 1189 1508 27850 2685 6183
internal_value=-9.83616e-05 0.00372145 0.00517378 -0.00583955 -0.00327349 -0.00423828 -0.010532 -0.00729994 -0.00122056 0.00299528 0.00292677 0.00225043 0.00558577 0.000330539 -0.00660525 -0.00429669 -0.00615301 -0.00887572 -0.00111194 0.0191794 0.0164319 0.0110721 0.0081849 0.00846947 0.00808036 0.0352761 -0.0156442 -0.00514305 -0.00146459 0.00128744
internal_weight=25543.4 15338.3 12701.2 10205.1 2637.09 2528.44 839.142 7753.63 2451.47 1181.55 7273.48 6715.84 2453.5 4262.34 7157.72 3549.09 3085.54 3608.63 1689.3 108.646 106.076 557.644 5427.72 5345.05 5232.92 49.5255 595.907 1269.92 740.757 391.038
internal_count=1074710 382795 245222 691915 137573 133204 62359 580681 111234 56582 201730 174522 47103 127419 521898 254643 223707 267255 70845 4369 4265 27208 43492 42420 41523 2152 58783 54652 30535 22625
is_linear=0
shrinkage=0.03


Tree=56
num_leaves=31
num_cat=0
split_feature=14 11 18 18 16 17 17 17 17 15 11 18 17 12 17 12 17 1 18 11 11 17 17 12 9 12 16 17 17 14
split_gain=587.99 139.408 83.092 80.5017 60.3427 57.7197 67.6998 88.2081 42.3097 57.6235 51.8197 48.9034 44.3181 38.3635 38.1734 38.9606 36.2536 34.9502 34.818 33.121 28.8337 30.696 27.7008 25.4055 24.1772 22.3266 22.1701 48.4233 21.8068 21.3139
threshold=2.8224416079521499 1503.7375000000002 1.4807894927890679 1.3899999963385721 0.61167854009310574 -1298.2127685546873 -603.95862375895172 -824.47222900390614 -37.412331277673893 14.564994256915144 486.01923076923083 2.3371428134185934 -70.234172821044908 666.50000000000011 -291.3324321400035 968.50000000000011 -565.77350192599818 0.2939546686919009 2.3371428134185934 230.58333333333334 3019.1111111111118 -1148.746643066406 -925.56237792968739 1506.5000000000002 0.64681676081409478 3284.5000000000005 1.8833855712166174 -875.63865966796868 -187.05631561279293 1.4508281769336502
decision_type=2 2 2 2 2 2 2 2 2 2 2 2 2 2 2 2 2 2 2 2 2 2 2 2 2 2 2 2 2 2
left_child=3 2 14 4 -1 25 7 22 9 12 11 -10 -4 -11 -2 19 -8 -5 24 -16 26 -22 -7 28 29 -3 -6 -28 -20 -19
right_child=1 5 8 17 20 6 16 -9 10 13 -12 -13 -14 -15 15 -17 -18 18 23 -21 21 -23 -24 -25 -26 -27 27 -29 -30 -31
leaf_value=-0.014747347555225679 0.011643177255044559 0.035174507019778915 0.0083108434889044708 -0.0059591261166257207 -0.0071226554104493753 -0.0050934590662805156 0.015818434716748604 -0.023144707836848216 -0.0043551827137553126 0.0062605307722807604 -0.0049731820734202495 0.01703002032997555 0.0031086752769695376 0.015902230940985303 -0.014542543081811382 -0.0068182734789857397 -0.0023517616598103257 -0.0067472440499777393 0.02519334794244088 0.0024835088041976995 -0.0067623763367803949 -0.023245225929749178 0.019161150102990767 -0.023145061408765759 0.0050525248804600218 -0.0023351625831666855 0.004794333239774495 -0.0055055057989354143 0.0039105751660748148 0.00013826118752644507
leaf_weight=817.94655640237033 300.35507470928133 46.93031426332891 3476.5309149511158 1137.1486189831048 3636.454638232477 149.66961121559143 107.25281626172364 329.79221212863922 154.22814544290304 576.17031368613243 573.95921531692147 255.96393229439855 2558.531812267378 1045.103392848745 106.68903726805001 551.72343903873116 1257.9121456015855 628.31487206555903 99.81546922866255 2842.5084714815021 239.50792518816888 176.70919034350663 59.117452919483185 16.341966995038092 519.01319256983697 20.528905540704727 509.84122279006988 2114.8405484035611 76.56493554264307 1136.4018646646291
leaf_count=84790 13877 1470 63371 65262 262018 8622 4116 30879 3435 3925 5286 1443 27419 8202 6078 19565 55174 41197 1760 76587 17205 14781 3290 1058 27307 765 32097 132839 868 60024
internal_value=-9.64906e-05 0.0039012 0.00507559 -0.00528319 -0.00705642 -0.00351128 -0.00447763 -0.0134846 0.00670172 0.00745437 0.00084639 0.0089894 0.00610541 0.0124758 0.00137931 0.000498744 -0.000924238 -0.00160518 0.000394078 0.00186758 -0.00611431 -0.0137603 0.00177416 0.0126392 -0.000639282 0.0237597 -0.00560603 -0.00350477 0.0159547 -0.00231327
internal_weight=25521.9 14413 12441.8 11108.9 7495.3 1971.2 1903.74 538.579 8640.49 7656.34 984.151 410.192 6035.06 1621.27 3801.28 3500.92 1365.16 3613.6 2476.45 2949.2 6677.35 416.217 208.787 192.722 2283.73 67.4592 6261.14 2624.68 176.38 1764.72
internal_count=1074710 333504 229188 741206 543730 104316 102081 42791 113081 102917 10164 4878 90790 12127 116107 102230 59290 197476 132214 82665 458940 31986 11912 3686 128528 2235 426954 164936 2628 101221
is_linear=0
shrinkage=0.03


Tree=57
num_leaves=31
num_cat=0
split_feature=17 18 16 17 17 17 17 17 17 14 3 18 14 15 9 17 17 18 17 0 3 7 15 14 10 15 18 9 16 9
split_gain=556.077 136.64 84.7719 82.4797 108.983 144.891 64.2694 52.8725 47.8737 49.7471 44.6328 41.1603 44.4341 39.5443 35.4033 35.1171 33.5729 31.5258 55.5708 34.7465 31.8146 66.3855 27.1231 26.5907 23.9134 28.3159 25.0127 22.9326 22.6646 20.6001
threshold=-231.31401171003066 1.5944820437068417 1.6992486898933399 -1234.4096272786458 -591.57517089843736 -807.87125414980642 -1614.2978244357637 -1057.0434163411458 -251.16500452945104 2.8734293900416681 3.2480966804407685 2.2479999608463714 0.25648977793766153 1.9834190178633249 0.58250351636923425 -413.77847798665363 -63.844087600708001 2.3371428134185934 -50.952177445093788 23.500000000000004 1.4194765639782938 0.72649565543233041 22.863775 12.111420502224465 3.9983146299809018 1.7720875730310823 1.1289916017643211 0.15843226362379023 8.7173212977498711 0.56438963768822614
decision_type=2 2 2 2 2 2 2 2 2 2 2 2 2 2 2 2 2 2 2 2 2 2 2 2 2 2 2 2 2 2
left_child=2 14 11 6 5 7 -4 -5 9 -6 17 12 -1 -7 -2 -13 -16 18 19 -3 23 -22 -20 -19 25 -8 -26 -17 -12 -14
right_child=1 10 3 4 8 13 24 -9 -10 -11 28 15 29 -15 16 27 -18 20 22 -21 21 -23 -24 -25 26 -27 -28 -29 -30 -31
leaf_value=-0.016508596396533487 -0.0012264098964431059 0.0078278070595542114 -0.0079023544831230107 -0.0083596148783861377 -0.0027306414244800403 -0.010902683461640077 0.0034615497965398952 0.0039881681296774366 -0.01079331327069921 0.0050185386825218085 -0.0033220691536955944 -0.0058153061268592663 -0.0085682787871950595 -0.021565693491248424 0.0069060461214390167 0.0040349746145044831 -0.0083935851063670162 0.0010315737888314141 -0.0041486010711629853 -0.0033330273113258866 0.018403864032977734 0.006984081946128963 0.0089019928276726449 0.0091280115420940156 -0.012181026669264771 0.020409526227150924 0.045931239764712341 0.045388244445285587 0.0046826970055254616 -0.0031483715754366563
leaf_weight=563.45526210125536 4257.6673548463732 3169.354010630399 160.84237577952445 559.98067931272089 1618.9350219042972 673.98155023530126 176.99585625249892 705.05850369762629 356.27807928901166 1382.1032082438469 608.60915492288768 57.594165003858507 3244.9221368674189 584.45320720691234 946.56861553993076 20.359872190281749 149.46559326071292 615.16926974989474 703.62111425958574 272.64642039872706 777.10822584480047 1116.1856484469026 179.98775593936443 898.00290198996663 8.1620705891400558 177.8995254971087 36.368872036226094 29.638506186194718 667.47495431639254 783.54318356607109
leaf_count=58687 149916 61233 10803 36772 102738 52858 9550 44013 16518 61084 13148 2721 254682 53363 27952 589 4202 5206 11298 4413 4387 6585 2610 5160 467 8247 1737 390 7060 56321
internal_value=-9.45313e-05 0.0038071 -0.00512432 -0.00288899 -0.00393683 -0.00864747 0.00810957 -0.00147769 -0.000396154 0.000838179 0.00606297 -0.00818801 -0.00861777 -0.0158549 1.13658e-05 0.0101537 0.00481964 0.00692084 0.0052209 0.00694374 0.00907947 0.0116714 -0.00149024 0.00583646 0.0145573 0.0119571 0.0352799 0.0285488 0.000864944 -0.0075141
internal_weight=25502.4 14361.9 11140.6 6441.06 5880.79 2523.47 560.269 1265.04 3357.32 3001.04 9008.16 4699.51 4591.92 1258.43 5353.7 107.593 1096.03 7732.08 4325.61 3442 3406.47 1893.29 883.609 1513.17 399.426 354.895 44.5309 49.9984 1276.08 4028.47
internal_count=1074710 303170 771540 398150 367346 187006 30804 80785 180340 163822 121100 373390 369690 106221 182070 3700 32154 100892 79554 65646 21338 10972 13908 10366 20001 17797 2204 979 20208 311003
is_linear=0
shrinkage=0.03


Tree=58
num_leaves=31
num_cat=0
split_feature=16 13 13 17 18 17 14 17 17 17 10 17 18 17 12 16 9 11 13 11 17 18 10 7 16 13 17 13 17 17
split_gain=526.67 149.767 72.3038 68.027 65.7061 49.4614 45.8273 45.1772 65.1026 109.686 44.7699 43.1121 40.2128 39.307 86.1333 44.0497 39.1821 36.1977 30.9144 30.2411 29.9126 27.6028 26.1723 57.4809 25.3082 30.9322 24.6801 24.0453 38.7516 23.4039
threshold=2.9043906186281707 1320.5000000000002 275.50000000000006 -287.79505121140249 2.5545453977855774 -295.875749860491 0.25648977793766153 -1316.9267054966515 -591.57517089843736 -817.05206909179674 5.3000036262511463 -177.87193107604978 1.7140731712666957 -758.91526704676005 1229.5000000000002 1.1025401773165935 0.45863152723021955 3019.1111111111118 2415.5000000000005 3891.1666666666674 -396.2207412719726 1.8639999932712981 0.089550418823685488 0.89924100103029814 1.9850166200273176 796.50000000000011 -119.84022140502928 638.50000000000011 -1013.3460150824652 -231.31401171003066
decision_type=2 2 2 2 2 2 2 2 2 2 2 2 2 2 2 2 2 2 2 2 2 2 2 2 2 2 2 2 2 2
left_child=3 2 -2 6 5 -4 21 19 9 18 -7 12 29 14 -8 -16 20 -15 -9 -3 -10 -1 -6 -24 -13 26 -26 -23 -29 -5
right_child=1 7 4 11 22 10 13 8 16 -11 -12 24 -14 17 15 -17 -18 -19 -20 -21 -22 27 23 -25 25 -27 -28 28 -30 -31
leaf_value=-0.01675131066686722 -0.0083099529897828796 0.025482737784428736 0.018370421497036479 -0.0045563581061738067 0.0053398063546281774 0.0047674514701005911 0.0077231081334336038 0.018033713928317038 0.0044495804784769619 -0.019198325668685685 -0.0015132381333071007 -0.0099170937544465106 0.01528204090798951 -0.0079312633015579115 -0.012125996022856607 -0.0037781556762579598 0.0038142440903638649 -0.026599690962026048 -0.0022155103369295229 -0.011513676775444105 -0.0052011310887536211 -0.010475384191539188 0.016626282934132826 0.0061912835571971345 0.0083103321507427119 -0.02270424283911944 -0.0037387757861328673 -0.016978986526486176 0.078740327085926445 0.0047651392292263877
leaf_weight=534.15886077750474 348.98055938631296 87.496771490201354 216.24348885193467 443.82958457060158 911.40404082834721 6853.2586623430252 489.6930390894413 85.681012579239905 370.44266658648849 471.08445786777884 1200.3484196718782 531.33222723379731 200.538734074682 3371.1779427733272 753.51990832109004 2321.9815924838185 1324.3798239473253 96.143501306883991 326.16476185712963 25.732907995581627 1315.6283260015771 21.722776218317449 971.48658926039934 929.80932316742837 235.37584204412997 56.122882336378098 437.14013843610883 6.5865184199064961 9.0188580192625505 534.17557028587908
leaf_count=57275 13648 3165 9479 27584 5612 136753 33194 4382 18592 43291 23974 24537 3629 253014 66219 160739 42830 8732 19072 1204 51018 765 4465 5310 8853 2665 18597 361 382 25369
internal_value=-9.26587e-05 0.00338598 0.00513529 -0.00544029 0.00555867 0.00421152 -0.00683853 -0.00160511 -0.00214837 -0.00931162 0.00383135 -0.00108017 0.00304428 -0.00617462 -0.00396277 -0.00582344 -4.74789e-05 -0.00844891 0.00199717 0.0170748 -0.0030808 -0.0150084 0.00951955 0.0115232 -0.00493806 -0.00130729 0.000478327 0.00993248 0.0383403 0.00053494
internal_weight=25480.7 15438.1 11431.5 10042.5 11082.6 8269.85 7604 4006.61 3893.38 882.93 8053.61 2438.51 1178.54 7032.52 3565.19 3075.5 3010.45 3467.32 411.846 113.23 1686.07 571.487 2812.7 1901.3 1259.97 728.639 672.516 37.3282 15.6054 978.005
internal_count=1074710 382795 199241 691915 185593 170206 580681 183554 179185 66745 160727 111234 56582 521898 260152 226958 112440 261746 23454 4369 69610 58783 15387 9775 54652 30115 27450 1508 743 52953
is_linear=0
shrinkage=0.03


Tree=59
num_leaves=31
num_cat=0
split_feature=16 17 13 14 17 13 17 16 17 11 3 17 18 17 13 9 18 16 17 18 5 10 10 18 11 15 0 17 17 13
split_gain=498.792 101.976 76.1228 57.7524 68.4946 71.2079 64.6731 56.6135 45.6942 54.8361 43.9999 43.3788 41.8804 52.765 41.8086 38.438 38.3455 36.3728 49.5028 36.0763 35.5478 34.8894 33.8443 42.9778 33.2914 39.7046 32.3532 32.1815 36.7113 43.4484
threshold=4.5164092282515691 -239.24147288004556 1012.5000000000001 0.90600417076105688 -1234.4096272786458 1537.5000000000002 -1822.7151245117186 1.8121417687917083 -110.41701592897113 783.21666666666681 3.2226592738934752 -1569.2731765747069 2.5545453977855774 -70.234172821044908 494.50000000000006 0.4108192790326311 1.7310795570639048 2.3372298936877081 -177.87193107604978 1.1806250071773927 36.71677519565791 3.76765589054106 7.4880481971197552 1.5866666866673367 868.02777777777794 13.077870724637682 8.5000000000000018 -648.17619832356752 -848.47394111828919 1810.5000000000002
decision_type=2 2 2 2 2 2 2 2 2 2 2 2 2 2 2 2 2 2 2 2 2 2 2 2 2 2 2 2 2 2
left_child=1 3 12 11 6 7 -5 -6 9 17 27 -1 13 22 19 -7 -13 18 -3 -10 -18 -8 23 -2 -15 -26 -14 28 -4 -30
right_child=2 8 10 4 5 15 21 -9 14 -11 -12 16 26 24 -16 -17 20 -19 -20 -21 -22 -23 -24 -25 25 -27 -28 -29 29 -31
leaf_value=-0.022662440409630568 0.0045179472850267665 0.0081595010197385714 0.0061678207617830005 -0.010375971167914052 -0.0065379518232285896 -0.011002708109371255 0.0057574879157205865 0.001527517831320124 -0.0051456685661839885 -0.0039903874935039657 -0.0074580384940877006 -0.009578994907038469 0.007866593983790509 0.00125962781059162 -0.011373673415577263 -0.0046963385258129639 0.0048869695689616084 0.010402933840686423 -0.0055639475066325264 0.0063813426575047736 0.10115484264227713 0.02781393313937313 -0.0075698730379943546 0.012988806868572194 -0.014727415039268464 0.028578541867875555 0.016711176480032001 0.0029020040911389871 0.19734908375795687 -0.026094932791884979
leaf_weight=215.77666672226042 1027.9323568027467 497.21538193151355 62.441609753295779 227.34367723297328 1431.1303986767307 2038.7441169712692 593.98628602549434 1730.1785437865183 624.64871865976602 788.41647307574749 464.04671082552522 1848.1534554995596 1973.3596377931535 2625.717387849465 478.61938314139843 1517.1604198226705 120.64005286805332 771.21989551000297 451.25999391265213 401.37876876723021 3.5538641763851038 72.4141780808568 117.53882236592472 1133.4294257871807 24.903678428381681 81.119318410754204 458.756925560534 3591.5936920875683 0.79046554025262494 85.33535466901958
leaf_count=21891 22009 19782 2672 16408 97777 156992 34925 100851 29102 33325 13385 172302 10750 43089 14503 105874 5493 24527 19641 11969 88 3991 2081 13731 362 961 2150 85491 68 8520
internal_value=-9.08108e-05 -0.00394686 0.00448198 -0.00559644 -0.00436154 -0.00539965 0.00344067 -0.00212374 8.13765e-05 0.00256093 0.00125499 -0.00989177 0.00630481 0.00473696 -0.00405182 -0.00831204 -0.00849465 0.00556447 0.00163024 -0.000636338 0.00764172 0.00815424 0.00810754 0.00896011 0.00192512 0.0184064 0.0095349 0.00233603 -0.0113463 -0.0240442
internal_weight=25458.8 13811.8 11647 9799.08 7610.96 6717.21 893.744 3161.31 4012.76 2508.11 4204.21 2188.12 7442.76 5010.64 1504.65 3555.9 1972.35 1719.7 948.475 1026.03 124.194 666.4 2278.9 2161.36 2731.74 106.023 2432.12 3740.16 148.567 86.1258
internal_count=1074710 869441 205269 716592 516818 461494 55324 198628 152849 97275 110136 199774 95133 82233 55574 262866 177883 63950 39423 41071 5581 38916 37821 35740 44412 1323 12900 96751 11260 8588
is_linear=0
shrinkage=0.03


Tree=60
num_leaves=31
num_cat=0
split_feature=16 13 18 18 15 17 17 17 17 17 17 15 13 17 17 12 10 2 13 3 10 1 17 12 13 3 16 17 1 16
split_gain=472.791 129.218 72.0004 69.1594 52.8119 51.9371 56.1903 83.5919 38.2252 35.4789 35.0722 46.7438 31.4368 30.7508 28.758 27.9835 27.7042 27.1882 30.3537 27.7859 34.0772 26.3566 24.3245 26.0988 22.6418 25.9176 22.1158 20.569 19.8833 19.5922
threshold=2.9778677248677252 1621.5000000000002 2.0118012232069646 1.3820955457599213 0.34512366006540701 -1251.5586206345329 -591.57517089843736 -824.47222900390614 -34.606435394287104 -565.77350192599818 -295.875749860491 5.9856553115004685 2415.5000000000005 -309.59880065917963 -291.3324321400035 2993.5000000000005 6.2131779732280963 3.300518163070961 445.50000000000006 1.2598376591468305 2.1530248677313875 0.35277063460041597 -116.56556701660155 630.50000000000011 403.50000000000006 3.0197896404455555 11.804473712446354 -860.58536105685755 0.99958928149213 6.55264660246121
decision_type=2 2 2 2 2 2 2 2 2 2 2 2 2 2 2 2 2 2 2 2 2 2 2 2 2 2 2 2 2 2
left_child=3 2 8 4 -1 16 7 12 10 28 13 -12 -7 -2 21 -6 29 19 -19 26 -21 -5 23 -16 25 -24 -4 -17 -8 -3
right_child=1 5 17 14 15 6 9 -9 -10 -11 11 -13 -14 -15 22 27 -18 18 -20 20 -22 -23 24 -25 -26 -27 -28 -29 -30 -31
leaf_value=-0.014311982885193033 0.0080576314186017184 0.010787360321941528 -0.00060898305262804646 -0.0075621025193038172 -0.005421715908386404 0.020649878880057086 0.013728374749888484 -0.020140031025528221 -0.012340543722367588 -0.0021383015769333102 0.00062326756631468237 0.0056264643455507827 -0.0039450454617867906 0.032485435427166282 0.0089284328837828473 -0.010099900818357275 0.093729851784673246 0.019717113907962706 -0.0047494301851922554 0.014523907426140986 0.0075717480649330768 -0.00077110867622623641 -0.0033962084368571225 -0.0030908646853832246 -0.015325878613515769 0.030655286300190435 0.0073116069103483592 -0.028032015671025423 0.093667203661418438 0.10075530413465353
leaf_weight=746.35399356484413 493.09196808096021 142.12524510640651 497.02652199752629 838.02375490497798 5944.1294601010159 57.331749528646469 101.3828628025949 400.52938967756927 148.76598133053631 1562.1186921913177 4581.1414583465084 2654.4209576454014 253.94965852145106 51.195301896892488 542.36746426019818 214.15788947418332 3.8478891458362332 54.366289049386978 284.19647821970284 891.04648441076279 2204.3920160066336 1331.7502175597474 109.0016394816339 232.20664722193033 113.6446484439075 24.670182503759861 877.25901670008898 78.734784866683185 2.8799232402816406 2.2123684752732506
leaf_count=77102 23416 5739 3974 57977 423006 2915 3483 38537 4693 65548 129019 46862 15245 2094 15729 16196 134 409 2554 5800 14757 88467 3681 10242 3455 748 5121 7683 97 27
internal_value=-8.89967e-05 0.00325031 0.00447965 -0.00509819 -0.00677026 -0.00294754 -0.00402126 -0.0110769 0.00272313 -0.0010074 0.00301118 0.00245873 0.000584843 0.0103553 -0.00143969 -0.00586778 0.0142843 0.00737607 -0.000820601 0.00799693 0.00957298 -0.00339397 0.00270983 0.00532521 -0.00548134 0.00288826 0.00444703 -0.0149204 0.0159364 0.0121664
internal_weight=25438.3 15263.3 12736.9 10175 6983.38 2526.38 2378.19 711.811 7928.62 1666.38 7779.85 7235.56 311.281 544.287 3191.66 6237.02 148.186 4808.29 338.563 4469.72 3095.44 2169.77 1021.89 774.574 247.316 133.672 1374.29 292.893 104.263 144.338
internal_count=1074710 370424 238699 704286 523987 131725 125825 56697 206084 69128 201391 175881 18160 25510 180299 446885 5900 32615 2963 29652 20557 146444 33855 25971 7884 4429 9095 23879 3580 5766
is_linear=0
shrinkage=0.03


Tree=61
num_leaves=31
num_cat=0
split_feature=14 12 18 18 14 17 15 3 17 17 17 17 14 9 17 10 3 1 18 18 17 12 4 12 9 14 18 9 17 12
split_gain=446.959 109.274 67.2757 58.2991 52.2087 38.0377 50.8355 45.4071 37.1746 66.4666 80.4965 36.1731 40.1561 35.4065 31.918 45.6877 34.9971 30.8246 27.8852 27.5826 26.75 25.5468 23.2146 22.2151 21.8964 21.5314 20.6254 19.3104 30.961 24.5241
threshold=2.8224416079521499 1027.5000000000002 1.3899999963385721 1.7549193578381694 0.31165137385203323 -70.234172821044908 5.6468761926058448 2.2090620756616928 -1316.9267054966515 -603.95862375895172 -824.47222900390614 -387.94994713278373 13.071989207146693 0.38196105139954178 -61.600145966666084 6.1328629859008048 1.6616050073304625 0.2939546686919009 2.3371428134185934 1.3146428671621144 -925.56237792968739 3217.5000000000005 4.7981541992126955 1506.5000000000002 0.64681676081409478 17.256127804732923 1.2669696994502138 0.5929699022970164 -831.33332316080725 1212.5000000000002
decision_type=2 2 2 2 2 2 2 2 2 2 2 2 2 2 2 2 2 2 2 2 2 2 2 2 2 2 2 2 2 2
left_child=2 3 4 5 -1 6 7 -2 26 10 20 -11 -13 25 15 16 -5 -4 24 -8 -10 27 -16 -20 -19 -7 -3 29 -29 -6
right_child=1 8 17 14 21 13 19 -9 9 11 -12 12 -14 -15 22 -17 -18 18 23 -21 -22 -23 -24 -25 -26 -27 -28 28 -30 -31
leaf_value=-0.015991438287839423 0.0055430317351976019 0.05687256868512449 -0.0054646751751217248 0.0065821999375958633 -0.0042677732174130284 0.00038645132360389461 0.0039421876221754784 -0.0019739766707702593 -0.0040743700672399201 0.006479973788824922 -0.02113192843123321 -0.0037313001114778312 0.0065717266366502837 -0.006818615114263381 0.00694362403942635 -0.0015555650249568051 0.01531804860266579 -0.0020023350044030453 0.014341236201719466 0.014222763867787334 0.019151039453982683 -0.016947181373173182 0.0014608222792181333 -0.022836783987713289 0.0050143510660043246 0.011070912059692245 0.013139706497450783 0.0039114941892835191 -0.0057883045821009909 -0.0083267510259515901
leaf_weight=472.69056248292327 1760.9029849590734 11.921997517347334 1114.6335363155231 683.6585662746802 2873.7942758891732 1127.7447608485818 380.56233824975789 1227.2986557902768 158.53100696019828 616.80974027235061 317.12458519637585 1766.4446177659556 421.74483500421047 593.72164346370846 2259.7824225090444 263.52045716159046 1041.4692500941455 1745.3508066469803 181.27442421484739 613.56138888373971 62.120030842721462 176.44241857063025 1003.7308805175126 15.719341448508201 519.37955455575138 199.82876587286592 52.21107497997582 484.66977356933057 761.46954162511975 2509.5754868322983
leaf_count=53580 48999 417 65262 5050 190140 29019 7591 36027 9005 28680 32074 66743 5311 12683 15041 2817 9237 101221 2628 8986 3357 14664 7599 1058 27307 3376 1492 31577 51643 202126
internal_value=-8.71099e-05 0.00334753 -0.0046949 0.00478364 -0.00635041 0.00273809 0.00441071 0.00245569 -0.00135497 -0.00178903 -0.0114503 6.32327e-05 -0.00174553 -0.000728807 0.00708293 0.0100789 0.0118561 -0.0013256 0.000548516 0.0102872 0.00246429 -0.00568081 0.00525733 0.0113746 -0.000393171 0.0019947 0.0212694 -0.00538096 -0.00201569 -0.00615995
internal_weight=25417.7 14562.7 10855 11155.8 7278.64 5903.62 3982.33 2988.2 3406.91 3342.77 537.776 2805 2188.19 1921.3 5252.16 1988.65 1725.13 3576.36 2461.72 994.124 220.651 6805.95 3263.51 196.994 2264.73 1327.57 64.1331 6629.51 1246.14 5383.37
internal_count=1074710 333504 741206 186425 543730 146681 101603 85026 147079 145170 44436 100734 72054 45078 39744 17104 14287 197476 132214 16577 12362 490150 22640 3686 128528 32395 1909 475486 83220 392266
is_linear=0
shrinkage=0.03


Tree=62
num_leaves=31
num_cat=0
split_feature=16 13 11 18 18 15 17 17 17 17 17 11 17 6 13 11 3 17 1 17 17 13 17 1 3 17 13 13 17 17
split_gain=422.068 119.949 65.6924 58.8605 54.1107 50.6608 42.0281 38.5652 36.1248 55.4186 99.3418 32.317 32.2749 26.7771 26.72 25.9507 25.1869 24.6139 24.3301 22.9378 30.1233 28.5087 22.7558 22.0593 24.3043 20.3557 18.1292 17.9982 17.1199 30.3056
threshold=2.9043906186281707 1287.5000000000002 246.52272727272728 1.5077592140456109 2.5545453977855774 0.34512366006540701 -295.875749860491 -34.606435394287104 -1316.9267054966515 -591.57517089843736 -817.05206909179674 3019.1111111111118 -1148.746643066406 20.658535419166487 2415.5000000000005 3891.1666666666674 2.2657042318266911 -309.59880065917963 0.9452472375583536 -1614.2978244357637 -1251.5586206345329 2817.5000000000005 -34.606435394287104 0.2939546686919009 3.1985831001260276 -575.27012869027931 522.50000000000011 1392.5000000000002 -123.58693027496336 -326.81986167214126
decision_type=2 2 2 2 2 2 2 2 2 2 2 2 2 2 2 2 2 2 2 2 2 2 2 2 2 2 2 2 2 2
left_child=3 2 -2 5 6 -1 17 -8 15 10 14 19 -13 22 -10 -3 25 -4 -15 21 -21 -7 -6 -5 28 -11 -26 -12 29 -25
right_child=1 8 4 23 13 11 7 -9 9 16 27 12 -14 18 -16 -17 -18 -19 -20 20 -22 -23 -24 24 26 -27 -28 -29 -30 -31
leaf_value=-0.013294972368793774 -0.0095398696426765243 0.022441070837347723 0.013464170565175862 -0.0044546101534241166 0.0084246787271359709 -0.026029975554373183 0.003771753229896238 -0.0081761880247442874 0.016660394014922364 0.017215089033087654 0.059101996288673977 -0.006689749379710952 -0.024022098290375271 0.017830857364462341 -0.0019734738032384696 -0.011608888648381282 -0.0034125753580282023 0.045510377766229841 -0.0029672029775000635 0.0038018726209164775 -0.0051074582978467408 0.0012913306675920817 -0.00011744092559350406 0.0012157084439389479 0.0078231249706801221 0.0014534074096140188 -0.0094637194453135263 -0.018910262799042541 -0.0087734216589255599 0.012299338209496755
leaf_weight=821.42847649566829 288.46485352516174 92.340065361000597 167.57207262702286 946.65296174492687 2055.4865182749927 97.721567073836923 7787.6113611962646 250.97332304157317 88.130050382576883 76.683010569773614 2.6777611086145034 241.47115649562329 161.2700409302488 398.60226746834815 323.43458880670369 25.765526880510151 1219.2813894674182 24.757923096418381 57.986318875104189 363.36239837203175 5689.8586085820571 53.023664977401495 325.06228282302618 733.60302581451833 69.280964172445238 1923.8318074485287 257.65465744584799 441.60526970773935 94.292943470180035 318.38318918645382
leaf_count=84821 11439 3165 7213 55105 11337 9396 154188 4895 4382 2601 160 18013 14654 1810 19072 1204 46798 979 367 25654 402499 4248 1815 47951 2226 68210 14787 43160 2565 9996
internal_value=-8.52753e-05 0.00299235 0.00459348 -0.00494493 0.00496184 -0.0062687 0.00373032 0.00339873 -0.00134347 -0.00181745 -0.00860272 -0.00539511 -0.0136302 0.00853466 0.00201667 0.0150128 -1.38746e-05 0.0175894 0.0151895 -0.00486052 -0.00457265 -0.0164199 0.00725826 -0.000881399 0.00141466 0.00205758 -0.00580046 -0.0184401 0.00347252 0.00457016
internal_weight=25398.3 15550.3 11356.5 9848 11068.1 7428.14 8230.91 8038.58 4193.75 4075.64 855.848 6606.71 402.741 2837.14 411.565 118.106 3219.8 192.33 456.589 6203.97 6053.22 150.745 2380.55 2419.87 1473.21 2000.51 326.936 444.283 1146.28 1051.99
internal_count=1074710 382795 194043 691915 182604 559285 167275 159083 188752 184383 66774 474464 32667 15329 23454 4369 117609 8192 2177 441797 428153 13644 13152 132630 77525 70811 17013 43320 60512 57947
is_linear=0
shrinkage=0.03


Tree=63
num_leaves=31
num_cat=0
split_feature=17 19 14 17 11 17 17 15 14 17 3 11 11 11 19 13 16 17 11 14 11 5 17 17 15 11 17 15 16 13
split_gain=398.548 99.8504 67.9928 56.2945 63.7794 60.7459 59.1921 61.4903 50.0548 42.9322 39.8537 61.4911 39.3707 35.3996 35.3442 32.223 42.7581 32.1835 31.3304 29.5071 44.6952 29.2367 22.4207 23.3894 22.24 22.0792 28.4243 29.7712 27.3223 21.9752
threshold=-227.44048500061032 2.8000000034059802 0.90600417076105688 -1234.4096272786458 1463.788888888889 -1822.7151245117186 -860.58536105685755 1.8397247206727774 5.0876588350146443 -1569.2731765747069 3.2480966804407685 394.20833333333343 3219.1428571428573 246.52272727272728 3.7939849261353191 1020.5000000000001 8.1484450410231677 -72.581338882446275 213.58333333333334 1.5490500164550238 2613.0625000000005 39.707690470663842 -753.14753044976112 -925.56237792968739 0.30798641550237604 952.04166666666686 -207.52213584052188 3.0484140789378227 2.3203254974704897 291.50000000000006
decision_type=2 2 2 2 2 2 2 2 2 2 2 2 2 2 2 2 2 2 2 2 2 2 2 2 2 2 2 2 2 2
left_child=2 18 9 5 6 -4 -5 -8 12 -1 13 29 -6 -3 22 17 -17 -15 -2 -7 -21 -16 23 -11 -24 26 28 -28 -20 -12
right_child=1 10 3 4 8 19 7 -9 -10 14 11 -13 -14 15 21 16 -18 -19 25 20 -22 -23 24 -25 -26 -27 27 -29 -30 -31
leaf_value=-0.022245414781917015 -0.014901930882345085 -0.0077140018726560584 -0.0098751780400923254 0.012268489994688983 -0.0068333504219592993 0.00077530790005536318 -0.0052792891270663595 0.0029422691243315845 0.0039767603936882402 -0.0087383328420171952 -0.0066456365238429758 -0.0021078976244222046 -0.018667149588505599 0.0096037911486481584 0.0062550290253079385 -0.0034055388579383034 0.0054967068535723288 0.0052061037793522356 0.0042391251393312113 0.029302175792008556 0.0071737602732505745 0.10480383630952805 -0.018720453288963809 0.0013624589322565096 -0.0086518962042628853 -0.0046195848508324483 -0.0031067063727633587 0.0027918481912291393 0.03136490525623728 0.021284388528711985
leaf_weight=204.99545700475574 134.83060554042459 176.89679354336113 221.89251333940774 270.26995604019612 3432.3591016083956 287.16702039353549 2257.0121634658426 1284.7845711978152 362.3574539180845 690.56786775402725 30.490891609340906 1277.0759325232357 273.16422144602984 2495.1379068344831 106.53986676596105 694.97500575520098 1611.63828769885 3746.6099352221936 94.681303572840989 113.72505944687873 295.87141851615161 2.7800709232687941 313.40143584366888 294.2349716136232 533.63198056537658 817.37409488297999 1338.0488552711904 1814.3109688190743 51.649696730077267 150.46333481930196
leaf_count=21891 8980 5142 16439 12585 254227 19428 150530 65340 14864 66943 736 22502 21328 42534 3858 20147 21219 34451 4843 6203 13915 42 32780 27453 47832 28651 59746 45523 2133 2445
internal_value=-8.34495e-05 0.0031902 -0.0044008 -0.00323299 -0.00405233 0.00379502 -0.00126426 -0.00229692 -0.00666507 -0.0091885 0.00480231 0.000211205 -0.00770572 0.00556951 -0.00780963 0.00584439 0.00281449 0.00696408 -0.00067173 0.00814845 0.0133177 0.00876118 -0.00879853 -0.00572046 -0.0123773 -0.000205589 0.000888143 0.000288151 0.0138136 0.0165782
internal_weight=25378.9 14434.2 10944.8 8798.6 7879.95 918.656 3812.07 3541.8 4067.88 2146.15 10183.3 1458.03 3705.52 8725.26 1941.16 8548.36 2306.61 6241.75 4250.9 696.763 409.596 109.32 1831.84 984.803 847.033 4116.06 3298.69 3152.36 146.331 180.954
internal_count=1074710 299052 775658 574859 518874 55985 228455 215870 290419 200799 149176 25683 275555 123493 178908 118351 41366 76985 149876 39546 20118 3900 175008 94396 80612 140896 112245 105269 6976 3181
is_linear=0
shrinkage=0.03


Tree=64
num_leaves=31
num_cat=0
split_feature=16 13 18 17 17 17 16 17 17 17 17 17 17 13 17 18 14 13 17 8 15 15 13 17 0 13 16 13 16 17
split_gain=379.582 107.012 59.1809 54.0417 41.7664 55.5042 56.0624 62.8112 40.9393 40.4808 46.6212 78.3629 38.663 38.1255 37.3005 31.1354 30.5714 62.8565 29.0695 28.7292 27.193 32.0027 26.9657 26.7003 24.7557 24.2406 24.032 30.0161 23.3619 23.2253
threshold=2.9043906186281707 1621.5000000000002 2.3371428134185934 -287.79505121140249 -758.91526704676005 -1068.5440979003904 1.1025401773165935 -1219.4234863281247 -34.606435394287104 -1206.5219116210935 -591.57517089843736 -817.05206909179674 -177.87193107604978 275.50000000000006 -591.57517089843736 1.7140731712666957 1.5243603097826319 1610.5000000000002 -565.77350192599818 21.5407226102575 0.24729268782930472 1.998877369607331 2708.5000000000005 -938.49752807617176 10.500000000000002 4139.5000000000009 1.9702915059381394 796.50000000000011 6.55264660246121 -706.74450683593739
decision_type=2 2 2 2 2 2 2 2 2 2 2 2 2 2 2 2 2 2 2 2 2 2 2 2 2 2 2 2 2 2
left_child=3 2 8 4 5 6 -1 -8 13 25 11 23 15 -2 20 -5 -16 -18 -12 -15 -6 -22 24 -11 -7 -3 -14 -28 -27 -13
right_child=1 9 -4 12 14 22 7 -9 -10 10 18 29 26 19 16 -17 17 -19 -20 -21 21 -23 -24 -25 -26 28 27 -29 -30 -31
leaf_value=-0.013827652676183732 -0.0086685053439040198 0.017289323500286179 0.0071354682793567078 0.00081524880037102604 -0.024753478218387137 -0.00010092540394020984 0.0023750704106876449 -0.010465681611728282 -0.010074629118575743 -0.0054555388952604988 0.013888728880934178 -0.024509377178048096 -0.009519037754907549 0.0043283604755481979 -0.0092794960717784859 0.013644811242878436 0.0024407563774609775 -0.013998783946721062 -0.0021349521947693949 0.00047600008969494887 -0.0089108013336512935 -0.023256897516792316 -0.010703545282945448 0.012889188827989924 0.010510074163287983 -0.010860092123489679 0.00069632753617184927 -0.022446208504132148 0.082014413179307549 -0.0089309720594198585
leaf_weight=723.94943464966491 246.70638619270176 136.48983040358871 3705.6223700065166 969.31292392872274 140.10371110774577 1276.2374455323443 746.75738781131804 633.85851906239986 222.03697866667062 211.83197119180113 108.92537132464349 259.1493517588824 510.26286289747804 6453.3659824766219 1150.0440807230771 206.51570002920926 745.47168002836406 291.04361527226865 1578.8929443089291 2386.5713447378948 1062.4096793141216 161.17756246123463 181.19075690768659 107.71597069781274 234.19373422581702 51.428993510082364 675.27907232102007 54.51172648742795 2.5588493430986992 129.00780486594886
leaf_count=72185 11570 5629 21572 52953 14826 100262 48921 45985 5742 12901 3715 27097 24117 152988 91048 3629 48927 23329 67130 53350 89500 15271 14113 6183 16314 2247 27850 2685 34 12637
internal_value=-8.17567e-05 0.00282151 0.00392909 -0.00472121 -0.00600121 -0.00381369 -0.00706592 -0.00352028 0.00265268 -0.00275248 -0.00381089 -0.0102741 -0.000828881 0.00296368 -0.00834027 0.00306856 -0.00591183 -0.00217531 -0.00110084 0.00328832 -0.0122341 -0.0108005 0.000232443 0.00072826 0.00154432 0.0105585 -0.00452446 -0.0010323 -0.00645814 -0.0193317
internal_weight=25362.6 15600.3 13014.3 9762.32 7346.44 3796.19 2104.57 1380.62 9308.68 2586 2395.52 707.705 2415.88 9086.64 3550.25 1175.83 2186.56 1036.52 1687.82 8839.94 1363.69 1223.59 1691.62 319.548 1510.43 190.478 1240.05 729.791 53.9878 388.157
internal_count=1074710 382795 245222 691915 580681 297780 167091 94906 223650 137573 129663 58818 111234 217908 282901 56582 163304 72256 70845 206338 119597 104771 130689 19084 116576 7910 54652 30535 2281 39734
is_linear=0
shrinkage=0.03


Tree=65
num_leaves=31
num_cat=0
split_feature=16 16 13 17 17 13 11 17 17 13 11 17 18 12 16 17 17 17 8 18 16 18 11 13 12 13 17 17 17 17
split_gain=358.311 80.6549 79.7475 119.874 66.6926 57.8242 45.1477 67.1444 37.5717 57.2627 43.0186 39.8459 37.7994 36.9773 69.3856 73.2832 50.2583 37.0273 36.602 47.1239 34.9758 34.1269 33.5003 33.1337 31.2262 30.2246 43.0844 30.1195 29.5925 28.565
threshold=4.5164092282515691 1.7557051091895988 1517.5000000000002 -807.87125414980642 -679.63589477539051 1012.5000000000001 3333.12962962963 -1234.4096272786458 -108.46729143928077 513.50000000000011 735.51315789473699 -860.58536105685755 1.1806250071773927 607.50000000000011 8.4183609420642664 -34.606435394287104 -84.759742736816392 -72.581338882446275 21.262253938155958 1.2826050489890479 0.27356032439782446 1.7373354849233675 727.9807692307694 831.50000000000011 2779.5000000000005 690.50000000000011 -177.87193107604978 -156.63753890991208 -200.26286497570217 -37.412331277673893
decision_type=2 2 2 2 2 2 2 2 2 2 2 2 2 2 2 2 2 2 2 2 2 2 2 2 2 2 2 2 2 2
left_child=1 20 8 6 -5 13 7 -4 10 12 -3 -12 -10 17 16 27 22 18 19 -2 -1 -19 -15 -23 -6 26 28 -16 -22 -7
right_child=5 2 3 4 24 29 -8 -9 9 -11 11 -13 -14 14 15 -17 -18 21 -20 -21 25 23 -24 -25 -26 -27 -28 -29 -30 -31
leaf_value=-0.014018433537797212 0.00082236727044090064 0.0072070830278771749 0.014669707766178425 -0.019032495151044031 -0.0051090490264491311 0.0013392776761420081 -0.0098657924225487633 -0.00088635084550374877 -0.0043792597051834645 -0.012917584782440945 0.017465094040281973 -0.00066887430528509394 0.0080207615872664433 0.016045047291446787 0.079070538907631174 -0.013849391612508706 -0.014470833068162598 -0.0015931865256742224 0.0012957346902766459 0.015506254517954192 0.00027189258076225749 0.005418502362728143 0.00091053968105026439 -0.0071941550884218651 -0.023805154287232108 -0.0067632246869693147 -0.009513505145836279 0.013764838697493242 0.01593735533942163 -0.013910695296709262
leaf_weight=477.33072985382751 274.08740870095789 1168.9453082811087 345.53648411948234 562.97393842134625 1093.5160742951557 4118.7080490230583 281.98134323395789 900.5475453864783 540.99187526665628 399.76383354887366 114.4965201690793 2294.1237660897896 374.34606318641454 179.41350549273193 6.3854148164391509 90.135675985366106 146.05867070145905 1292.739505328238 489.04308138787746 696.64789765700698 582.11582153476775 2321.7049988955259 494.23317123390734 203.92079653590918 86.781091594137251 3817.0800995435566 361.55087484139949 1382.4397937115282 133.39700634311885 113.59351532906294
leaf_count=51975 5653 42109 17550 53792 74308 108849 18509 61305 24497 11987 4925 122951 10590 2751 90 828 2098 29341 6988 8275 38194 16184 9398 1577 7546 306828 17423 11950 4952 1287
internal_value=-8.01054e-05 -0.00341192 -0.00153349 -0.00515958 -0.0105362 0.00373878 0.00097427 0.00342731 0.000890989 -0.00344505 0.0024849 0.000193145 0.000691981 0.00530775 0.00848351 0.0123638 0.00148239 0.00392468 0.00798852 0.0113603 -0.00626691 0.00237105 0.00494134 0.00440015 -0.00648368 -0.0055109 -0.00107268 0.0140651 0.00319249 0.000929974
internal_weight=25344.6 13535.5 8164 3271.34 1743.27 11809.1 1528.07 1246.08 4892.67 1315.1 3577.57 2408.62 915.338 7576.81 2298.67 1478.96 819.705 5278.14 1459.78 970.735 5371.47 3818.37 673.647 2525.63 1180.3 4894.14 1077.06 1388.83 715.513 4232.3
internal_count=1074710 869441 450069 233010 135646 205269 97364 78855 217059 47074 169985 127876 35087 95133 27115 12868 14247 68018 20916 13928 419372 47102 12149 17761 81854 367397 60569 12040 43146 110136
is_linear=0
shrinkage=0.03


Tree=66
num_leaves=31
num_cat=0
split_feature=14 13 11 19 14 17 14 19 17 19 9 5 12 12 17 13 17 17 3 17 12 15 17 19 17 17 9 14 11 13
split_gain=341.044 86.4775 61.9626 56.6912 46.3966 62.3024 46.0575 38.2655 36.0255 36.9869 35.8645 34.7754 34.7306 31.8165 31.0671 27.6703 37.2677 32.2681 26.1991 23.395 22.8985 21.3065 20.2115 35.8117 19.4912 19.1305 18.5173 18.1162 17.9613 27.8317
threshold=2.8224416079521499 1012.5000000000001 246.52272727272728 2.7799999926771441 6.6221092040739347 -100.62013117472328 0.19703344325896857 3.3200000217466648 -37.412331277673893 2.9009091158707938 0.46163210308478414 10.32945353397675 600.50000000000011 176.50000000000003 -72.581338882446275 1709.5000000000002 -817.05206909179674 -533.99746704101551 1.2846818745333415 -34.606435394287104 3217.5000000000005 2.0141160649872432 -875.63865966796868 3.776749982684851 -123.58693027496336 -103.67090988159178 0.70709155152905512 1.0798188887310534 2243.7888888888897 3315.5000000000005
decision_type=2 2 2 2 2 2 2 2 2 2 2 2 2 2 2 2 2 2 2 2 2 2 2 2 2 2 2 2 2 2
left_child=3 2 21 6 5 10 -1 11 9 25 -3 19 -11 -9 -15 16 22 -18 -12 -4 -8 -2 27 -24 -19 -6 28 -5 -17 -30
right_child=1 4 7 15 8 -7 20 13 -10 12 18 -13 -14 14 -16 26 17 24 -20 -21 -22 -23 23 -25 -26 -27 -28 -29 29 -31
leaf_value=-0.016567717416729761 0.060052993200377894 -0.0039090919209813085 0.0044869652479847481 0.00079244158894190323 -0.0076992092451135538 -0.021238670984324345 -0.0049009272981826004 0.022753156736442924 -0.0134049808507226 -0.0042701759369707191 -0.0068479952874722326 -0.0040674808826286594 0.0078207427541972605 0.010982458751393649 0.005195044360917834 -0.010592989870723612 -0.0087563642159862298 0.0026171233420511672 0.0046247765265269788 -0.01193397020998732 -0.016155000156025567 -0.010357429470066843 0.020341810552608936 0.1071816322041062 -0.0055528230682531958 0.0051659413630119697 0.0045537666603902294 0.018038642363658767 0.0028192896004824142 -0.011517308743291044
leaf_weight=335.43374458421022 3.9242283729836336 1967.3829471124336 3607.9529818184674 126.82928983960301 311.88413940370083 148.97683942317963 6592.0990280006081 113.48055539280176 111.38701123557985 249.52157937921584 217.30672956025228 532.84212934412062 1494.1037300964817 1118.9748012665659 3286.8769006058574 478.02325609792024 356.86263565719128 1446.984075916931 1019.9449279131368 79.812601091340184 166.83422841411084 269.68777760304511 29.534491239115596 4.9970815870910874 321.13666295446455 156.0861008875072 161.53651100210845 96.547972645610571 326.05902256537229 194.60307598765939
leaf_count=40900 106 96479 80811 10278 10403 3310 488166 932 1273 2967 11654 12321 22161 9694 22330 35565 26295 64453 42577 2408 14664 10953 2181 224 9900 3125 9649 4234 21599 13098
internal_value=-7.85391e-05 0.00288381 0.00471046 -0.00416948 -1.66331e-05 -0.00227392 -0.00571721 0.00515056 0.00324214 0.00408057 -0.00139229 0.00309646 0.00609047 0.00706888 0.0066649 -0.00107046 0.000779465 -0.00052758 0.00260974 0.00413157 -0.00517872 -0.00934758 0.0115486 0.0329084 0.00113325 -0.00340819 -0.00486988 0.00824658 -0.00639415 -0.00253917
internal_weight=25327.6 14690.1 9013.55 10637.5 5676.59 3353.61 7094.37 8739.94 2322.98 2211.6 3204.63 4220.61 1743.63 4519.33 4405.85 3543.11 2382.89 2124.98 1237.25 3687.77 6758.93 273.612 257.909 34.5316 1768.12 467.97 1160.22 223.377 998.685 520.662
internal_count=1074710 333504 139555 741206 193949 154020 543730 128496 39929 38656 150710 95540 25128 32956 32024 197476 117565 100648 54231 83219 502830 11059 16917 2405 74353 13528 79911 14512 70262 34697
is_linear=0
shrinkage=0.03


Tree=67
num_leaves=31
num_cat=0
split_feature=16 13 18 18 14 13 13 8 2 12 8 2 7 9 13 9 2 6 1 2 10 15 2 16 13 14 12 18 12 16
split_gain=322.989 91.2204 50.1156 49.8839 44.56 32.9156 29.6917 25.2817 37.5222 27.0062 21.1761 31.4333 40.4864 21.1449 20.8667 20.774 21.8834 21.2634 20.4494 20.7168 16.9453 20.6445 16.7077 15.5381 15.5206 15.2104 13.8203 13.5373 11.7812 11.5273
threshold=2.9043906186281707 1621.5000000000002 2.3371428134185934 1.5077592140456109 0.31165137385203323 275.50000000000006 3414.5000000000005 21.5407226102575 3.4779285470492467 968.50000000000011 111.77095517870252 0.4401324710057552 0.71866938684426585 0.84200262794613356 977.50000000000011 0.70856608009053723 0.32034120433192526 33.293033669260872 0.2939546686919009 2.369112070234149 6.6310512818798353 0.12577102466462584 3.300518163070961 0.88186556079519196 522.50000000000011 11.310041206355704 1592.5000000000002 2.4866482992912391 2320.5000000000005 2.5767276672507995
decision_type=2 2 2 2 2 2 2 2 2 2 2 2 2 2 2 2 2 2 2 2 2 2 2 2 2 2 2 2 2 2
left_child=3 2 5 4 -1 -2 13 9 -9 -7 11 25 -13 14 -6 -3 -17 28 26 20 -20 -22 27 -15 29 -4 -5 -12 -18 -21
right_child=1 15 10 18 6 7 -8 8 -10 -11 22 12 -14 23 -16 16 17 -19 19 24 21 -23 -24 -25 -26 -27 -28 -29 -30 -31
leaf_value=-0.014582280931925099 -0.0079201684612384103 -0.0037344029207525878 -0.0012414659161778627 -0.0018594228953795441 -0.002546589358105322 0.0046589546184820424 -0.014782778853468568 0.0011520295314943214 -0.013318832448002962 -9.7260028139523332e-05 -0.012540005754685427 0.014573675629948227 0.0061526910082101939 0.019954345101642356 -0.006270542293458652 -0.014082430215572879 -0.00059635361259884783 0.021620854614980305 0.0032225366373925327 0.0025942274546823479 0.11311659059786532 0.018599939510477389 -0.012923900330414706 0.0001749269509805658 -0.0079804219043318504 0.0059474454263877489 -0.010014882879965574 0.0050494290025273466 0.014154869307496275 0.036769029126591829
leaf_weight=468.97405398264527 268.93884263280779 2175.7325510075316 413.9916532151401 675.81135187111795 2021.3125818921253 5286.1157880267128 269.22918786201626 2285.5801195381209 173.50829154159874 1348.5456882948056 44.782754622399807 854.00753556005657 1290.0056899012998 39.956312837079167 4103.2727133193985 53.55118062114343 210.13945962255821 67.535521896090358 1085.2180867567658 74.417505599558353 2.618053449317812 10.117162144742904 71.351656645536423 339.12866010982543 282.53598702326417 735.44628387317061 258.55720950290561 326.38404651172459 63.437780462671071 10.087056573480366
leaf_count=56779 12842 119675 3225 36251 129086 111004 22392 50109 4636 45059 344 4361 7228 3687 326024 3351 9744 2292 57782 2428 81 522 574 21317 16440 4012 18854 1828 2511 272
internal_value=-7.68403e-05 0.00258151 0.00359549 -0.00439722 -0.00563932 0.00242331 -0.00502008 0.00272921 0.000130995 0.00369222 0.00653309 0.007361 0.00950695 -0.00461594 -0.00504152 -0.00258574 0.00374668 0.00654567 -0.000648243 0.0015636 0.00362627 0.0380303 0.000371364 0.00225972 -0.0046066 0.00335822 -0.00411619 0.00292719 0.0028242 0.00667357
internal_weight=25310.3 15669.1 13098.7 9641.24 7241.87 9362.69 6772.9 9093.75 2459.09 6634.66 3735.97 3293.45 2144.01 6503.67 6124.59 2570.4 394.664 341.113 2399.36 1464.99 1097.95 12.7352 442.518 379.085 367.041 1149.44 934.369 371.167 273.577 84.5046
internal_count=1074710 382795 245222 691915 559285 223650 502506 210808 54745 156063 21572 18826 11589 480114 455110 137573 17898 14547 132630 77525 58385 603 2746 25004 19140 7237 55105 2172 12255 2700
is_linear=0
shrinkage=0.03


Tree=68
num_leaves=31
num_cat=0
split_feature=16 13 13 19 16 17 17 17 13 13 17 17 17 12 14 17 12 17 17 14 0 17 15 17 15 3 17 10 16 19
split_gain=304.799 103.967 51.9942 43.7366 41.8679 40.7499 39.5571 164.109 37.2923 34.848 36.6509 32.7721 30.6157 70.4407 36.0483 28.9431 28.1225 27.0241 35.1545 23.2748 23.1659 24.0994 21.4509 29.8266 20.9648 19.3213 19.1921 18.2309 17.7014 17.5315
threshold=2.6169883347550789 1303.5000000000002 241.50000000000003 5.1090907955711549 0.27356032439782446 -295.875749860491 -824.47222900390614 -597.77490997314442 3735.5000000000005 690.50000000000011 -141.36145019531247 -34.606435394287104 -758.91526704676005 1229.5000000000002 0.98664322590265896 -591.57517089843736 2899.5000000000005 -925.56237792968739 -1206.5219116210935 1.2310633913244955 10.500000000000002 -82.856334686279283 1.7583838250749591 -396.2207412719726 0.34512366006540701 1.3850470267177304 -34.606435394287104 0.16140693704864975 2.029329885156351 4.0236024464139293
decision_type=2 2 2 2 2 2 2 2 2 2 2 2 2 2 2 2 2 2 2 2 2 2 2 2 2 2 2 2 2 2
left_child=4 2 -2 5 29 15 8 25 17 10 27 -7 13 24 -15 -4 19 18 -3 -14 26 -22 -9 -24 -11 -8 -5 -6 -12 -1
right_child=1 6 3 20 9 11 7 22 -10 12 28 -13 16 14 -16 -17 -18 -19 -20 -21 21 -23 23 -25 -26 -27 -28 -29 -30 -31
leaf_value=-0.015169135614355922 -0.010813631353334751 0.017303214674828486 0.10087457412240691 0.0071660250906883105 -0.0013679346235138208 0.0029415235871651513 -0.024395831466336618 -0.0084259522764301206 -0.0063028493122243671 -0.0006375968145896705 -0.010783893559808961 -0.0079565821192138664 -0.010648895972580188 -0.010688656048271822 -0.0029075842875062883 0.013133474296837193 -0.027354161111473371 0.022938386971947642 -0.00087953895002080326 -0.0050987714215723892 0.034399722309534128 0.011240982601051126 0.0061012434210768714 -0.0011145926298562826 0.012037731373292917 -0.012956228694203743 -0.00048606759005127354 0.0063755875807110342 -0.00091151749456820251 0.0062400658274127047
leaf_weight=423.40116510074586 216.28995998669416 150.42597001139075 3.4251498552039257 2167.5698501504958 493.2137145223096 8385.0192248402163 243.96581077389419 266.39281340036541 192.99173532705754 188.51563728787005 339.09353929851204 255.91868830099702 989.74695306597278 731.30101050389931 2005.0224354043603 279.0875309528783 61.282439909409732 102.57572471350431 263.03962770663202 2173.0516224438325 45.387914268299937 371.02258338406682 658.66271584108472 2372.824911672622 311.48542952444404 291.82724328292534 341.45723789185286 614.64219988696277 315.58286857046187 37.470522871240973
leaf_count=50754 10132 6622 217 11992 29265 171745 25712 13395 10452 16296 16814 5145 82971 68945 145990 12788 6583 5737 16046 154776 227 1650 32762 82140 20112 28117 1896 30540 13668 1221
internal_value=-7.50503e-05 0.00230637 0.00376284 0.00402892 -0.00462955 0.00298532 -0.00156193 -0.00276586 0.00494762 -0.0041364 -0.000397375 0.00261875 -0.00515648 -0.00309518 -0.00498713 0.0141972 -0.0072256 0.00915512 0.00573566 -0.00683559 0.00721221 0.0137652 -0.000264013 0.000453219 0.00725875 -0.0181651 0.00612464 0.0029282 -0.00602497 -0.0134285
internal_weight=25291.7 16607.9 12065.2 11848.9 8683.81 8923.45 4542.71 3833.67 709.033 8222.94 1762.53 8640.94 6460.41 3236.32 2736.32 282.513 3224.08 516.041 413.466 3162.8 2925.44 416.41 3297.88 3031.49 500.001 535.793 2509.03 1107.86 654.676 460.872
internal_count=1074710 436775 215792 205660 637935 189895 220983 182126 38857 585960 90287 176890 495673 251343 214935 13005 244330 28405 22668 237747 15765 1877 128297 114902 36408 53829 13888 59805 30482 51975
is_linear=0
shrinkage=0.03


Tree=69
num_leaves=31
num_cat=0
split_feature=16 13 13 19 3 15 11 17 17 19 17 5 2 17 14 11 17 0 7 13 17 13 17 1 2 17 17 11 17 17
split_gain=288.023 81.876 53.1283 46.8376 42.6795 42.2389 34.4611 36.7517 37.5265 32.5823 34.5645 34.7645 29.4871 29.2476 41.262 28.0878 31.4196 25.9295 25.3117 21.1123 20.9714 28.4296 26.5718 19.0782 21.5222 19.3278 21.9096 17.3507 18.0887 31.857
threshold=2.9043906186281707 1020.5000000000001 291.50000000000006 3.0155184280912217 3.8706878068420063 0.34512366006540701 1617.1547619047622 -1206.5219116210935 -648.17619832356752 5.1090907955711549 -291.3324321400035 8.1907356525763984 1.5342853698952024 -37.412331277673893 9.1586180932514161 3019.1111111111118 -1148.746643066406 8.5000000000000018 0.87132601598704085 4139.5000000000009 -1614.2978244357637 2817.5000000000005 -1251.5586206345329 0.36089665711592855 2.369112070234149 -123.58693027496336 -326.81986167214126 1584.5357142857144 -824.47222900390614 -914.04624491526658
decision_type=2 2 2 2 2 2 2 2 2 2 2 2 2 2 2 2 2 2 2 2 2 2 2 2 2 2 2 2 2 2
left_child=3 2 -2 5 6 -1 13 19 -9 10 12 -12 -4 14 -3 20 -17 -11 -19 -8 21 -7 -22 27 25 26 -25 28 29 -5
right_child=1 4 9 23 -6 15 7 8 -10 17 11 -13 -14 -15 -16 16 -18 18 -20 -21 22 -23 -24 24 -26 -27 -28 -29 -30 -31
leaf_value=-0.012048530610923739 -0.006228062274206362 0.00011245130941977055 0.018505181289603143 0.00019278666779854123 -0.012065569923191265 -0.025649023620621048 0.01553822577971975 -0.010887442872083496 -0.0013592616777396926 0.0061017247094894379 0.0049078666106490932 0.00017892945558547243 0.085069761334223684 -0.013999480120454931 0.0065707065971753924 -0.0056347018190265078 -0.023374702606737824 0.018166761446080773 0.0027713122625464956 -0.0068374687514214652 0.0040683060120404535 0.0023042521382562325 -0.0043376730029875375 0.0021920501153920931 -0.0044416541761753961 -0.010023712459967495 0.012218001807368793 -0.0095670016452666946 -0.0027051815477804396 0.042690520245379157
leaf_weight=766.11552419047803 420.45974422711879 2736.7157630166039 26.151357958093286 53.762839505448937 262.50745449075475 90.2325543416664 138.31568820122629 554.91760179726407 1128.6757298484445 2073.8826012518257 4350.0782488565892 2062.4510680921376 7.7687526214867821 102.67366360500455 1319.7017008271068 231.34637673385441 146.91437035612762 343.5161348991096 133.45008978992701 52.301734386943281 360.53178060986102 51.397170505486429 5524.4626646004617 629.13257534429431 364.72839785460383 80.403593512251973 285.04561406001449 309.11097766086459 645.91127496957779 22.526759614236653
leaf_count=84821 15813 99657 1044 3902 9840 9396 5515 47511 52182 11112 86305 32489 322 1136 15436 18013 14654 1468 711 2254 25654 4248 402499 41678 19140 2212 8768 22692 32761 1477
internal_value=-7.34998e-05 0.00242464 0.00419521 -0.00417894 -0.000223925 -0.00539126 0.000291302 -0.00308622 -0.00449978 0.00468231 0.00354667 0.00338691 0.0337505 0.00181331 0.00221356 -0.00459495 -0.0125248 0.00755226 0.0138593 0.00939877 -0.00409724 -0.0155048 -0.0038227 -0.000542407 0.00179197 0.00407793 0.0053182 -0.0036192 -0.00107347 0.0127415
internal_weight=25275.2 15713.6 9417.76 9561.62 6295.81 7171 6033.3 1874.21 1683.59 8997.3 6446.45 6412.53 33.9201 4159.09 4056.42 6404.88 378.261 2550.85 476.966 190.617 6026.62 141.63 5884.99 2390.62 1359.31 994.582 914.178 1031.31 722.201 76.2896
internal_count=1074710 382795 149264 691915 233531 559285 223691 107462 99693 133451 120160 118794 1366 116229 115093 474464 32667 13291 2179 7769 441797 13644 428153 132630 71798 52658 50446 60832 38140 5379
is_linear=0
shrinkage=0.03


Tree=70
num_leaves=31
num_cat=0
split_feature=16 13 11 16 18 17 17 11 17 9 13 17 9 17 17 5 17 13 17 15 17 17 8 7 3 18 15 13 11 16
split_gain=272.366 91.827 51.3955 39.5491 38.2667 37.8384 155.337 37.218 37.0205 33.2488 32.7883 34.2551 31.8798 31.2681 29.6117 26.478 26.3736 47.0933 24.0981 23.2474 21.7613 33.1164 21.3101 49.7973 19.3146 19.0628 18.4235 17.6366 17.3348 17.2413
threshold=2.6169883347550789 1303.5000000000002 246.52272727272728 0.27356032439782446 2.5545453977855774 -824.47222900390614 -597.77490997314442 3333.12962962963 -295.875749860491 0.45863152723021955 690.50000000000011 -141.36145019531247 0.55419670137130683 -34.606435394287104 -396.2207412719726 77.719137174682501 -775.80947570800765 2789.5000000000005 -591.57517089843736 0.73586394165535973 -925.56237792968739 -1234.4096272786458 1.2902735468060242 0.89924100103029814 1.3850470267177304 2.1956348900914828 1.7583838250749591 2275.5000000000005 445.58333333333343 2.0145828803312709
decision_type=2 2 2 2 2 2 2 2 2 2 2 2 2 2 2 2 2 2 2 2 2 2 2 2 2 2 2 2 2 2
left_child=3 2 -2 -1 8 7 24 20 18 14 11 -5 15 -10 -8 19 17 -14 -4 -12 21 -3 -6 -24 -7 -18 -11 -22 29 -13
right_child=1 5 4 10 22 6 9 -9 13 26 12 28 16 -15 -16 -17 25 -19 -20 -21 27 -23 23 -25 -26 -27 -28 -29 -30 -31
leaf_value=-0.013052975438638635 -0.008746747116959358 0.017319041649203896 0.088806846182121979 0.0029095346210276942 0.0039342471175364642 -0.024198586027702373 0.0039033500980143921 -0.007057354021824387 0.0028198059975958491 -0.0063346667778136313 -0.010343871360676046 -0.0080756353961479455 0.0064150044888560088 -0.0079750386782133816 -0.0050314489989306639 0.12799093612624027 -0.0060927101648729758 -0.011247676051067877 0.012455374865879639 -0.0051250370403962573 0.038363998673718813 -0.00023749731180802214 0.013225029839786797 0.0024720386187986258 -0.012612012837689012 0.021744118409383034 0.0043608996396400533 0.012367226157023134 -0.015117702030899171 0.0030612327989064754
leaf_weight=450.91521783126518 299.30712440237403 147.6274714814499 3.7698992062360039 1108.0866516544484 1291.8444387400523 236.43112862017006 437.34625209541991 176.5718280384317 8355.199134667404 163.37903670407832 956.81709322705865 285.61593107599765 629.18807312520221 248.68430773168802 1410.5414690962061 1.3246421227231611 721.63893125392497 173.27366879442707 283.38664092496037 3896.7489409614354 35.19213945325464 280.27598538435996 1007.4230090528727 629.99649721384048 286.25573683809489 22.841435491107404 1284.7478461759165 70.610463849268854 140.0496354047209 222.62563660833985
leaf_count=51975 12810 5974 217 59805 7650 25712 23542 9853 169400 7980 90514 14510 43314 4914 56638 86 52982 11856 12788 296281 1710 17189 4521 3492 28117 640 40137 4131 5947 10025
internal_value=-7.18779e-05 0.00216835 0.00353034 -0.00440409 0.00384121 -0.00147635 -0.00265897 0.00488181 0.00286145 -0.000249467 -0.00392606 -0.000295058 -0.00492224 0.00250779 -0.00291682 -0.00611726 -0.00117183 0.00260114 0.0134577 -0.00615386 0.00883177 0.00581954 0.00681503 0.00908782 -0.0178531 -0.00523865 0.00315422 0.0210143 -0.00577248 -0.00319734
internal_weight=25257.7 16648.6 12119.6 8609.13 11820.3 4528.98 3818.7 710.278 8891.04 3296.01 8158.21 1756.38 6401.83 8603.88 1847.89 4854.89 1546.94 802.462 287.157 4853.57 533.706 427.903 2929.26 1637.42 522.687 744.48 1448.13 105.803 648.291 508.242
internal_count=1074710 436775 215792 637935 202982 220983 182126 38857 187319 128297 585960 90287 495673 174314 80180 386881 108792 55170 13005 386795 29004 23163 15663 8013 53829 53622 48117 5841 30482 24535
is_linear=0
shrinkage=0.03


Tree=71
num_leaves=31
num_cat=0
split_feature=16 16 13 17 17 18 13 17 17 13 11 17 8 18 17 11 16 12 13 12 18 16 9 13 17 17 17 17 17 17
split_gain=258.413 64.5002 63.2895 110.342 61.7644 45.9283 40.1171 60.6692 36.5213 57.2387 37.4255 38.6156 35.9201 34.5925 34.4048 30.7172 30.3526 78.399 69.1839 29.5948 29.237 28.7852 25.5651 24.9623 37.9625 28.15 27.6059 44.9871 24.3664 27.0872
threshold=4.5164092282515691 1.7557051091895988 1517.5000000000002 -807.87125414980642 -679.63589477539051 1.3899999963385721 3363.5000000000005 -1219.4234863281247 -108.46729143928077 513.50000000000011 735.51315789473699 -295.875749860491 95.120989715670802 1.1806250071773927 -37.412331277673893 486.01923076923083 8.4183609420642664 593.50000000000011 796.50000000000011 2779.5000000000005 2.3371428134185934 0.23665710051199138 0.99998822812911947 690.50000000000011 -177.87193107604978 -200.26286497570217 -706.74450683593739 -1068.5440979003904 -112.40550184249877 -257.93705813089997
decision_type=2 2 2 2 2 2 2 2 2 2 2 2 2 2 2 2 2 2 2 2 2 2 2 2 2 2 2 2 2 2
left_child=1 21 8 6 -5 28 7 -4 10 13 -3 -12 14 -10 16 20 18 -18 -7 -6 -16 -1 -14 24 25 -23 27 -25 29 -2
right_child=5 2 3 4 19 12 -8 -9 9 -11 11 -13 22 -15 15 -17 17 -19 -20 -21 -22 23 -24 26 -26 -27 -28 -29 -30 -31
leaf_value=-0.013185432694016787 0.0020647050486155218 0.0068217290610682714 0.016366303464945997 -0.018310346215915332 -0.0046152397327677208 0.0082008334172748252 -0.0063114296354345734 0.00018389491550095509 -0.0041582157975049655 -0.012886291666414067 0.0036804657568718152 -0.0039823991136609923 -0.0031604190124317638 0.0077003718310763147 -0.0050214467868512106 -0.0055798523985356374 0.0027351240738678621 0.010559322974036433 -0.0014785950443700268 -0.023363836493019235 0.012696592332436422 0.00020117517724357742 0.0083013515400536825 -0.0084293669518994731 -0.0089609544507678867 0.015326960992059257 -0.0096538250556899088 -0.00030590771120474273 0.00210967654185058 -0.0074944599860766676
leaf_weight=409.13237319001928 440.62742758356035 1179.6433313386515 283.40838502533734 529.95845972886309 1072.9265084005892 1222.8619502801448 438.34250575955957 788.96750195231289 536.43690856732428 398.8306684307754 1339.9890660606325 1060.1118830488995 897.7207626150921 376.96573368925601 135.70793358981609 508.16958869248629 2138.8726889118552 2499.5090999910608 1455.7013956429437 81.532154179178178 219.21839349716902 591.85548721812665 217.59102880675346 1179.930679616984 352.64952937047929 136.22173888143152 1268.9582327022217 1278.1916399295442 1524.3755583688617 676.22289749514312
leaf_count=47872 21823 42109 14532 53792 74308 14505 28238 54594 24497 11987 81487 46389 12728 10590 3089 4681 19578 27871 41436 7546 1180 39246 2428 102742 17460 4984 101523 105545 33644 22306
internal_value=-7.03707e-05 -0.00294563 -0.0012679 -0.00455179 -0.00983156 0.00313428 0.00133504 0.0044606 0.000876928 -0.00340434 0.00244632 0.000295819 0.00412623 0.000735881 0.00481485 -0.000850004 0.00548307 0.00695139 0.00294042 -0.00593934 0.00592201 -0.00554638 -0.000924292 -0.00489631 -0.000881948 0.00303118 -0.00606034 -0.00420527 -0.000356736 -0.00372311
internal_weight=25240.6 13304.1 8087.11 3195.14 1684.42 11936.6 1510.72 1072.38 4891.98 1312.23 3579.74 2400.1 9295.35 913.403 8180.04 863.096 7316.95 4638.38 2678.56 1154.46 354.926 5216.94 1115.31 4807.81 1080.73 728.077 3727.08 2458.12 2641.23 1116.85
internal_count=1074710 869441 450069 233010 135646 205269 97364 69126 217059 47074 169985 127876 127496 35087 112340 8950 103390 47449 55941 81854 4269 419372 15156 371500 61690 44230 309810 208287 77773 44129
is_linear=0
shrinkage=0.03


Tree=72
num_leaves=31
num_cat=0
split_feature=16 13 11 9 3 14 14 18 12 8 11 9 5 12 18 15 10 13 18 18 13 11 3 12 3 15 14 18 3 16
split_gain=245.682 85.0031 52.781 38.5482 44.4531 41.8373 36.6027 31.2902 32.8846 29.9383 28.4488 39.2318 28.2359 26.0744 25.7031 27.4805 22.7666 22.733 21.9381 21.2663 24.0353 30.3411 21.0766 20.579 20.5714 17.6717 17.6353 16.8518 16.3343 15.9627
threshold=2.6169883347550789 1020.5000000000001 246.52272727272728 0.51948860869839641 1.3411442302596768 10.665175298853356 0.25648977793766153 1.6600000108733324 176.50000000000003 61.682905679277418 1388.6875000000002 0.64031467970170752 12.4056001354086 593.50000000000011 1.7028571438221707 0.035357619685302981 3.76765589054106 1709.5000000000002 1.2400000074814108 1.8399999846541695 638.50000000000011 1004.5250000000001 1.685469395135885 565.50000000000011 3.8706878068420063 0.73586394165535973 1.5243603097826319 1.1806250071773927 2.9295361055158864 20.345168333333337
decision_type=2 2 2 2 2 2 2 2 2 2 2 2 2 2 2 2 2 2 2 2 2 2 2 2 2 2 2 2 2 2
left_child=6 2 -2 5 -5 24 19 12 -9 -10 14 25 27 29 26 23 18 -15 -7 -1 -21 22 -22 -16 -3 -12 -8 -4 -14 -6
right_child=1 3 7 4 13 16 10 8 9 -11 11 -13 28 17 15 -17 -18 -19 -20 20 21 -23 -24 -25 -26 -27 -28 -29 -30 -31
leaf_value=-0.013944011016552791 -0.0086047967201760816 -0.0029542821568619066 0.0012199162745836747 -0.0051435242180859989 0.0016616958109510625 -0.014510601912492316 -0.0044993758758646611 0.021531814230546009 0.00673783464036482 0.0006326885078499103 -0.012531919923242927 0.0019219393750527565 0.00019474713068646756 0.0086921656090518211 0.07578535459389979 0.0034775789932502839 -0.0037208375592347525 0.0018423002766326099 0.010007739014841744 -0.0077431432536344529 0.017056517679159552 -0.024648499725037402 0.099153686768578483 -0.01956613247604912 -0.012008499175542782 -0.0061441204002617234 -0.0005571499655367242 0.0050142490362416955 -0.010704994468118435 -0.013369239648367906
leaf_weight=467.32648668158799 297.45269427634776 3336.1801692857407 1903.810316353105 557.09200424607843 158.58193901646882 35.503139358013868 2551.7791489204392 118.91129337251186 3727.8893529754132 896.8042410928756 466.90422199759632 499.37858012178913 314.38886412139982 1007.280324684456 8.114547028206287 434.32081365212798 208.64689353108406 768.90337248984724 438.54434027150273 34.888736727647483 4.9967220854014176 5.1063014017418018 6.4439554363489151 2.719914970919489 242.24009157298133 2359.6222609798424 1702.7430609427392 2358.5551531407982 204.05298728588969 106.15420076623559
leaf_count=58452 12810 161766 53597 22658 3428 983 192427 974 27517 6972 45542 35033 7583 24948 194 11780 3293 39301 5139 1044 205 325 281 166 10746 192248 100238 48181 5762 1117
internal_value=-6.89909e-05 0.00204995 0.00383958 -0.000512709 0.00236754 -0.0022688 -0.00420576 0.00422823 0.00595447 0.00555395 -0.00370655 -0.00582976 0.00251541 0.00441777 -0.00220397 0.00465485 0.00453691 0.00572688 0.00817147 -0.0119289 0.00637995 0.036158 0.0632977 0.051848 -0.0035672 -0.0071993 -0.00292162 0.00331949 -0.00409527 -0.00436543
internal_weight=25225.3 16681 9821.86 6859.13 2598.01 4261.11 8544.34 9524.41 4743.6 4624.69 8025.58 3325.91 4780.81 2040.92 4699.68 445.155 682.694 1776.18 474.047 518.762 51.4357 16.547 11.4407 10.8345 3578.42 2826.53 4254.52 4262.37 518.442 264.736
internal_count=1074710 436775 163396 273379 91452 181927 637935 150586 35463 34489 577628 272823 115123 68794 304805 12140 9415 64249 6122 60307 1855 811 486 360 172512 237790 292665 101778 13345 4545
is_linear=0
shrinkage=0.03


Tree=73
num_leaves=31
num_cat=0
split_feature=14 13 13 14 11 9 13 9 14 2 3 15 12 14 3 3 10 3 16 3 5 6 13 13 10 15 3 10 16 9
split_gain=231.951 60.5574 45.9137 40.344 37.3218 39.0158 38.6141 36.6179 43.4026 30.1087 28.9 25.2087 23.4123 23.0518 22.8356 21.3261 21.2086 22.1831 21.1951 20.3316 19.915 18.9762 18.6199 17.9228 15.8867 15.6538 13.3013 12.9041 11.1041 10.8353
threshold=2.8224416079521499 1012.5000000000001 291.50000000000006 0.25648977793766153 3019.1111111111118 0.53633026263170147 1383.5000000000002 0.46163210308478414 10.102878555590328 0.51791696824540867 1.3850470267177304 1.07791419735328 593.50000000000011 0.85038117470721986 3.0637918584385724 4.3185448053097355 8.7235460707010777 1.4378879371872666 20.345168333333337 3.4663023556745807 77.719137174682501 37.69218537408512 1910.5000000000002 1798.5000000000002 3.76765589054106 1.329929798704661 1.4194765639782938 3.0314027794284062 2.0002154499673246 0.72933246316695388
decision_type=2 2 2 2 2 2 2 2 2 2 2 2 2 2 2 2 2 2 2 2 2 2 2 2 2 2 2 2 2 2
left_child=3 2 -2 27 5 6 20 8 15 26 -9 14 18 -8 21 -3 17 -13 -12 -18 -5 -4 24 -14 -10 -6 -7 -1 -11 -29
right_child=1 7 11 4 25 9 13 10 22 28 12 16 23 -15 -16 -17 19 -19 -20 -21 -22 -23 -24 -25 -26 -27 -28 29 -30 -31
leaf_value=-0.013823029645316289 -0.005974408372139953 -0.0034001753134007369 0.060354326105254104 -0.0019744775652274652 -0.0020487032691020989 -0.0084741736406113155 -0.013409207257235574 -0.0034358798664726521 0.0091749782193063893 0.00030118547706758209 0.0030643916525524661 0.0026606464369698141 0.0081058681768546477 -0.0054189504508208109 -0.021327839499198118 -0.016984979639518834 0.0042516617887196758 0.0057702385710470816 -0.013675489896075256 -0.012912360280354184 0.068354325121627105 0.011797486896075373 -0.011766620187599349 0.0014506405514561579 -0.0014085146669331899 -0.013562505694232016 0.0002333234977687515 -0.0041810550640190951 0.0050477842434248172 0.035181393821122967
leaf_weight=428.47978995321319 409.12664280179888 2448.2159228096716 17.571859333664182 4060.0615767259151 142.8177129169926 382.01915332581848 374.84087823657319 541.68940340913832 438.00042083486915 889.89690104313195 173.63189464062452 3573.6503725666553 1060.0949447713792 2441.8390986239538 6.5973203293979159 108.61767823249102 122.72755476273596 4889.869247449562 111.97099216468632 125.7575300950557 3.6269772993400684 12.323666792362927 57.435421632602811 554.77411162154749 180.15131865255535 415.32780206901953 269.11233170703053 77.423942491412163 884.39005701150745 6.8507686541415742
leaf_count=51399 15530 109040 224 252232 11129 26758 39894 18322 5295 60078 3371 54923 22304 191826 117 4286 1269 65598 1202 1765 161 129 1977 25575 2577 34857 17467 8224 46496 685
internal_value=-6.74506e-05 0.00233951 0.00384847 -0.00350791 -0.00308141 -0.00262948 -0.00378281 -9.56456e-05 -0.00219036 0.000642251 0.00267689 0.00430784 0.00441921 -0.00648229 0.0291898 -0.00397728 0.00420361 0.00445724 -0.0034985 -0.004435 -0.00191171 0.040338 0.00457243 0.00581952 0.00609057 -0.0106164 -0.00487537 -0.0117124 0.00266712 -0.000981245
internal_weight=25208.9 14832.2 9157.62 10376.7 9863.93 9305.79 6880.37 5674.58 3232.42 2425.42 2442.16 8748.5 1900.47 2816.68 36.4928 2556.83 8712 8463.52 285.603 248.485 4063.69 29.8955 675.587 1614.87 618.152 558.146 651.131 512.755 1774.29 84.2747
internal_count=1074710 333504 139555 741206 680898 634912 484113 193949 123175 150799 70774 124025 52452 231720 470 113326 123555 120521 4573 3034 252393 353 9849 47879 7872 45986 44225 60308 106574 8909
is_linear=0
shrinkage=0.03


Tree=74
num_leaves=31
num_cat=0
split_feature=18 14 12 17 16 17 10 18 9 16 3 17 17 17 17 9 17 17 14 12 13 12 12 17 13 17 12 5 16 17
split_gain=224.27 67.1451 68.2781 68.3909 56.5518 41.4852 55.9001 40.1985 39.4277 37.1673 37.1483 36.1186 33.2618 57.6805 52.7919 30.777 29.0861 27.3447 24.6603 25.3415 23.2737 23.3134 23.0949 22.8956 21.3678 21.3176 38.558 26.708 20.8904 17.3409
threshold=1.3899999963385721 5.1907257954978023 508.50000000000006 -110.41701592897113 2.9778677248677252 -70.234172821044908 7.3558836073229177 2.5545453977855774 0.4108192790326311 0.19814062963649856 3.7663992696833328 -413.77847798665363 -1316.9267054966515 -603.95862375895172 -824.47222900390614 0.56438963768822614 -34.606435394287104 -1657.6433105468748 8.7444994050728724 459.50000000000006 241.50000000000003 317.50000000000006 176.50000000000003 -86.398951721191395 3414.5000000000005 -320.64852905273432 968.50000000000011 8.0587123587096396 18.322894696969701 -764.1317734547149
decision_type=2 2 2 2 2 2 2 2 2 2 2 2 2 2 2 2 2 2 2 2 2 2 2 2 2 2 2 2 2 2
left_child=4 2 11 10 9 6 15 8 16 -1 17 -2 -6 14 -14 23 -7 -4 19 -9 -13 -22 -10 -3 29 27 -27 -15 -17 -11
right_child=1 5 3 -5 12 7 -8 18 22 24 -12 20 13 25 -16 28 -18 -19 -20 -21 21 -23 -24 -25 -26 26 -28 -29 -30 -31
leaf_value=-0.016259161103197996 -0.022028246010418539 0.0034794650135349897 -0.013753013691042197 -0.014894326566691896 0.02605622673506941 0.0057861204823321886 -0.0074939102724904151 0.0015262779702844658 0.011969550289744372 -0.0021551654842795103 -0.011258205779547659 -0.0083616564735819691 0.00096197158460357534 0.008870278759398208 -0.020372347526872652 0.01461996288963696 -0.010396740023931011 0.00045543083792721497 0.0064082245585846166 -0.021846362818899925 0.013278852118344852 0.0047617242197570834 -0.0039688305033463763 0.010457985984200068 -0.013701255776973013 0.00087350616876589017 -0.0068765736082650577 -0.0054786466547925555 -0.0016938922411948139 -0.0054820903615367175
leaf_weight=255.6384320249781 42.019644205924124 1108.1246469570324 125.98811485711485 333.14320005662739 41.453459351323545 1059.3809808250517 216.53100773040205 186.18255160748959 86.75733856856823 2235.8483609026298 283.25176859879866 93.339082087390125 179.98235242627561 465.71978858206421 248.53933276981115 761.15569193661213 110.37211570702493 3761.6967794070952 2219.0795748047531 53.818736316636205 398.1567730596289 1057.3770102448761 1438.3684319835156 684.48834675364196 223.38972316263244 2742.4437353629619 731.95905433315784 155.80402951966971 77.871468743309379 3817.5657801670022
leaf_count=34876 3346 23054 9718 6964 1479 14127 4388 1060 929 185195 15452 3424 10810 22198 28840 10541 2667 205539 11375 297 9101 26183 16249 6748 20144 76963 29495 7774 898 284876
internal_value=-6.5909e-05 0.00244546 7.30997e-05 -0.00181399 -0.00325584 0.00425241 0.00715812 0.00264666 0.000115776 -0.00504621 -0.000769235 0.00541577 -0.000694371 -0.000939463 -0.0114118 0.00836369 0.00425919 -5.0219e-06 0.00542023 -0.00371489 0.00616031 0.00709156 -0.00306217 0.00614413 -0.00458953 0.000156165 -0.000759218 0.00527328 0.0131058 -0.00425328
internal_weight=25195.4 14097.1 6094.97 4504.08 11098.3 8002.13 2848.17 5153.96 2694.88 6532.44 4170.94 1590.89 4565.9 4524.45 428.522 2631.64 1169.75 3887.68 2459.08 240.001 1548.87 1455.53 1525.13 1792.61 6276.8 4095.93 3474.4 621.524 839.027 6053.41
internal_count=1074710 372060 279727 237673 702650 92333 45629 46704 33972 525091 230709 42054 177559 176080 39650 41241 16794 215257 12732 1357 38708 35284 17178 29802 490215 136430 106458 29972 11439 470071
is_linear=0
shrinkage=0.03


Tree=75
num_leaves=31
num_cat=0
split_feature=18 14 12 17 15 17 17 17 10 18 9 14 16 17 12 9 9 17 17 17 17 14 12 12 12 17 17 14 12 13
split_gain=211.282 62.9188 64.0416 65.3346 57.4923 45.3325 152.669 38.5856 52.2932 37.7023 37.0553 34.5072 33.4366 30.0429 52.0483 29.4192 28.3864 27.9847 40.659 27.3873 26.9365 23.1283 24.1311 21.6565 21.2971 21.2584 20.7887 21.127 20.1902 19.7177
threshold=1.3899999963385721 5.1907257954978023 508.50000000000006 -110.41701592897113 1.8811200235950236 -597.77490997314442 -824.47222900390614 -70.234172821044908 7.3558836073229177 2.5545453977855774 0.4108192790326311 0.059012526040962035 0.19814062963649856 -401.89813156127923 1814.5000000000002 0.48809582699399617 0.56438963768822614 -1316.9267054966515 -958.91231282552064 -34.606435394287104 -1657.6433105468748 8.7444994050728724 459.50000000000006 176.50000000000003 2607.5000000000005 -86.398951721191395 -50.952177445093788 3.064439774181023 193.50000000000003 602.50000000000011
decision_type=2 2 2 2 2 2 2 2 2 2 2 2 2 2 2 2 2 2 2 2 2 2 2 2 2 2 2 2 2 2
left_child=4 2 11 15 12 6 17 8 16 10 19 -2 -1 -7 28 29 25 24 -19 -9 -17 22 -11 -12 -6 -3 27 -13 -15 -4
right_child=1 7 3 -5 5 13 -8 9 -10 21 23 26 -14 14 -16 20 -18 18 -20 -21 -22 -23 -24 -25 -26 -27 -28 -29 -30 -31
leaf_value=-0.016030025776083406 -0.022906719839244492 0.0033652978608173429 0.011497756170720276 -0.014634299347324594 0.062527150040396037 0.0067694285310839365 -0.020570721457876608 0.0055862295847737753 -0.0073148617658150205 0.0014794169341830455 0.011515199273783085 0.0034912887307442129 -0.0048336496805940418 -0.014998014385043428 -0.018396964107265826 -0.019131874299096373 0.012592537612553155 -0.0041558591313343336 0.019815900608619902 -0.010178233686608404 0.0031494878101243234 0.0061996309618478022 -0.021420667536920391 -0.0038612260541247534 0.016391768452350245 0.010071261305114234 -0.012711680818836793 0.010668805400126147 0.00014468577744062062 -0.0032212761550795064
leaf_weight=251.57576126279309 38.291225063614547 1111.2968708612025 84.70406469842419 328.9547789786011 11.252155371010302 534.43597392691299 401.85166940838099 1064.2936560343951 215.19670471083373 186.31551070511341 87.464065095409751 862.23197741573676 5241.8744289176539 80.832594975829124 145.71056862361729 50.421073092613369 846.89295131899416 224.58879573643208 88.880496599711478 109.37463918887079 1549.0020735329017 2224.8413616083562 53.25032089650631 1434.1640658564866 45.096452571451664 689.37272016890347 52.097685107961297 645.33423016034067 4037.1221308233216 2483.7555879671127
leaf_count=34876 2931 23054 3158 6964 504 29924 45826 14127 4388 1060 929 27038 414476 5077 9290 3775 11439 15562 6101 2667 81098 11375 297 16249 2352 6748 1352 10733 138662 142678
internal_value=-6.45392e-05 0.00236815 7.0356e-05 -0.00176281 -0.00316878 -0.001021 -0.0077698 0.00411382 0.00690701 0.00256407 0.000111929 0.0052291 -0.00534639 6.43963e-05 -0.000776057 -0.000746912 0.00806297 0.00613995 0.00264105 0.00411713 0.00244708 0.00524596 -0.00361078 -0.00297738 0.0256045 0.00593263 0.00591986 0.00656372 -0.000152555 -0.00273586
internal_weight=25180.5 14117.3 6094.79 4496.84 11063.2 5569.77 771.67 8022.46 2862.76 5159.7 2695.3 1597.96 5493.45 4798.1 4263.67 4167.88 2647.56 369.818 313.469 1173.67 1599.42 2464.41 239.566 1521.63 56.3486 1800.67 1559.66 1507.57 4117.95 2568.46
internal_count=1074710 372060 279727 237673 702650 253298 70345 92333 45629 46704 33972 42054 449352 182953 153029 230709 41241 24519 21663 16794 84873 12732 1357 17178 2856 29802 39123 37771 143739 145836
is_linear=0
shrinkage=0.03


Tree=76
num_leaves=31
num_cat=0
split_feature=18 13 15 17 17 2 13 2 18 7 17 15 17 12 17 17 9 15 12 11 15 17 10 12 13 17 17 17 17 13
split_gain=199.056 60.0085 54.5874 43.0713 146.845 41.6669 35.7976 30.6719 36.4405 36.777 31.8515 28.7719 28.1008 49.9206 25.4518 37.5672 25.0517 21.548 48.7702 20.7577 20.5507 22.4528 42.3331 19.5609 19.2811 17.9415 38.9964 23.7382 23.356 17.388
threshold=1.3899999963385721 1589.5000000000002 1.8811200235950236 -597.77490997314442 -824.47222900390614 3.1732751048805556 445.50000000000006 0.4537284794992576 2.5356922525243886 0.71535236659211321 -70.234172821044908 0.34512366006540701 -401.89813156127923 1814.5000000000002 -1316.9267054966515 -958.91231282552064 0.70709155152905512 10.928865392736489 645.50000000000011 230.58333333333334 0.73586394165535973 -1234.4096272786458 3.6773341942519644 3912.5000000000005 839.50000000000011 -123.58693027496336 -242.88732910156247 -177.87193107604978 -758.91526704676005 1936.5000000000002
decision_type=2 2 2 2 2 2 2 2 2 2 2 2 2 2 2 2 2 2 2 2 2 2 2 2 2 2 2 2 2 2
left_child=2 5 11 4 14 7 -7 17 10 -10 -9 -1 29 19 23 -16 20 24 -19 -14 -3 22 -22 -4 -2 26 28 -28 -13 -5
right_child=1 16 3 12 -6 6 -8 8 9 -11 -12 25 13 -15 15 -17 -18 18 -20 -21 21 -23 -24 -25 -26 -27 27 -29 -30 -31
leaf_value=-0.01114950930534577 0.0017057627473118561 -0.013084176103997888 0.031636866636666212 0.01069789102564205 -0.020367075193325999 0.011158630704808327 -0.0052350267850559589 0.0052915231177067734 0.014945783720079854 0.0056629996666516351 0.00056001519344861625 -0.0027524432944380063 -0.012021683460455406 -0.018169557867326575 -0.004047705067545683 0.018850429609883715 0.0051108407839342458 -0.0026047693062897174 0.0098867366585360401 0.00023407455905725068 0.00079452552635612321 -0.0035686272456009176 0.03446299488501578 -0.016904774580778211 -0.0042384261405041526 -0.012551408447430972 0.0086234533554937504 -0.0041400339729525271 -0.0073153922989640987 -0.00044572456383337511
leaf_weight=647.79123856779188 1333.7448301925324 173.15225442592055 48.922341375611722 336.39868327695876 393.81575889186934 140.67897023679689 810.81152365589514 3611.8697265847586 554.67600587569177 1249.1748903784901 1983.7719899015501 2030.6679484834895 128.38001102861017 143.14726496394724 223.6859965827316 90.602676139213145 387.90842432761565 486.62179427035153 666.68585480004549 3988.9583123093471 224.36864465847611 1696.110174939502 39.532614734955132 8.8181051062419993 777.37014357931912 232.17488348856568 327.87051920685917 218.57123839948326 2007.8607123414986 201.50840052077547
leaf_count=77844 29568 14020 2167 19112 45826 2512 18512 103985 2728 6974 24260 164039 8568 9290 15562 6101 17530 4161 5359 135171 13178 95843 1912 689 31518 12490 16688 11286 167005 10812
internal_value=-6.32467e-05 0.00229346 -0.00308392 -0.000992287 -0.00759907 0.00320407 -0.00281121 0.00374079 0.00480944 0.00851741 0.0036141 -0.00521356 6.21847e-05 -0.000753565 0.00591665 0.00255334 -0.00190202 0.00131847 0.00461612 -0.000148064 -0.00317728 -0.00230208 0.00583809 0.0242236 -0.00048305 -0.00441532 -0.00400332 0.00351819 -0.00502103 0.00652332
internal_weight=25165.7 14136.5 11029.2 5564.24 765.845 11615.4 951.49 10663.9 7399.49 1803.85 5595.64 5464.94 4798.39 4260.49 372.029 314.289 2521.07 3264.42 1153.31 4117.34 2133.16 1960.01 263.901 57.7404 2111.11 4817.15 4584.97 546.442 4038.53 537.907
internal_count=1074710 372060 702650 253298 70345 229577 21024 208553 137947 9702 128245 449352 182953 153029 24519 21663 142483 70606 9520 143739 124953 110933 15090 2856 61086 371508 359018 27974 331044 29924
is_linear=0
shrinkage=0.03


Tree=77
num_leaves=31
num_cat=0
split_feature=16 13 11 17 17 14 14 17 17 17 11 18 5 17 18 3 0 11 17 17 17 16 13 11 17 15 17 15 18 18
split_gain=189.614 67.6254 44.8106 31.9984 36.5624 30.4475 29.1973 58.1419 34.5323 120.487 32.6903 28.5417 38.9054 27.9595 27.0706 25.2893 25.2164 24.8003 59.8751 37.9228 25.7797 49.3301 74.871 38.7902 32.7084 40.1599 27.735 22.7077 21.819 19.7004
threshold=2.6169883347550789 1020.5000000000001 230.58333333333334 -291.3324321400035 -314.40662384033197 0.25648977793766153 6.6221092040739347 -100.62013117472328 -824.47222900390614 -696.72733561197913 3333.12962962963 2.0269333166546297 10.32945353397675 -37.412331277673893 1.4504545579353969 2.050690494009495 30.500000000000004 1388.6875000000002 -764.1317734547149 -591.57517089843736 -1234.4096272786458 1.3438338338063081 2760.5000000000005 2056.0500000000006 -1074.9982035319008 1.2431412441323955 -1148.746643066406 6.1783794664609397 1.7028571438221707 1.8399999846541695
decision_type=2 2 2 2 2 2 2 2 2 2 2 2 2 2 2 2 2 2 2 2 2 2 2 2 2 2 2 2 2 2
left_child=5 2 -2 4 -4 29 7 8 10 -10 -3 12 -5 14 -8 -6 -16 18 -7 -20 21 23 -23 -19 26 -26 -22 -13 -21 -1
right_child=1 6 3 11 15 17 13 -9 9 -11 -12 27 -14 -15 16 -17 -18 20 19 28 24 22 -24 -25 25 -27 -28 -29 -30 -31
leaf_value=-0.013008700719059067 -0.010160832734729151 0.0083831333245046134 0.011978313574286753 0.0033016412083814299 0.029952442855556156 0.0074385104591998931 -0.0035354869272408167 -0.020741485537675023 -0.019969040520810243 -0.00078408298833575738 -0.0065968834657016261 0.0091827318925962499 -0.003267157054147055 -0.012764799770453309 0.0057984158826251643 0.10860131291476538 -0.0065858998984353167 0.0052978581455195468 -0.0093237007848729729 -0.002674788651701471 -0.0056843995512177309 0.020448239613359537 -0.0035840387995663579 -0.014570534107708323 0.001528596472306575 -0.0081862006253520473 -0.018066494984710874 0.0040997328155483034 0.0047583802901098376 0.0066768322059994013
leaf_weight=442.29462721245363 215.59037250746042 539.63156061526388 43.537731690332294 4580.7790615595877 7.9016177579760534 547.11185479303822 459.16344646876678 142.94147958699614 323.0407981602475 3348.5641547190025 173.18847925961018 1075.5309263803065 986.18750171177089 106.82085375115275 1591.1685607396066 6.8863058211281896 163.14455218147486 126.31490020360798 730.54803600208834 2964.9624281688593 290.43822513194755 185.35397045779973 314.86551708355546 294.92978349421173 593.18648983398452 1080.6773188980296 370.50347830960527 2989.9732008762658 403.81494672317058 51.032339686062187
leaf_count=58452 10089 28999 1977 104319 333 38157 13399 3299 37014 154761 9849 7716 21745 1242 22618 287 2198 12486 65874 191383 24703 11048 22387 28226 48786 93684 31503 16930 9391 1855
internal_value=-6.1942e-05 0.00178207 0.00336671 0.00366766 0.0258213 -0.00374162 -0.000510393 -0.00191279 -0.00129893 -0.00247204 0.00474355 0.00353351 0.00213798 0.00222596 0.0029494 0.0665769 0.00464672 -0.00329024 -0.00188335 -0.00312748 -0.00529777 -0.00104878 0.00532101 -0.00861278 -0.0069747 -0.00474346 -0.0126254 0.00544444 -0.00178378 -0.0109723
internal_weight=25150.1 16754.1 9906.39 9690.8 58.3257 8396.03 6847.66 4527.37 4384.42 3671.6 712.82 9632.47 5566.97 2320.3 2213.48 14.7879 1754.31 7902.71 4646.44 4099.33 3256.27 921.464 500.219 421.245 2334.81 1673.86 660.942 4065.5 3368.78 493.327
internal_count=1074710 436775 163396 153307 2597 637935 273379 233922 230623 191775 38848 150710 126064 39457 38215 620 24816 577628 304805 266648 272823 74147 33435 40712 198676 142470 56206 24646 200774 60307
is_linear=0
shrinkage=0.03


Tree=78
num_leaves=31
num_cat=0
split_feature=18 3 11 15 17 17 13 16 17 11 17 13 15 16 5 17 17 8 16 17 18 16 15 17 9 17 13 2 13 17
split_gain=179.473 54.1112 55.7824 49.7865 39.1138 138.931 34.2997 30.772 26.7984 41.1716 25.1299 45.1033 36.4003 30.0822 30.0113 22.7314 34.5935 21.8352 19.8633 18.907 17.8695 17.5778 17.2348 31.5658 17.188 20.9436 28.5117 23.9028 17.2634 39.6671
threshold=1.3899999963385721 3.8706878068420063 1662.0384615384617 1.8811200235950236 -597.77490997314442 -824.47222900390614 413.50000000000006 0.19814062963649856 -401.89813156127923 1951.0714285714287 -37.412331277673893 672.50000000000011 16.486278888888894 26.128047249334518 11.501251919865178 -1316.9267054966515 -958.91231282552064 15.702524852080655 8.1484450410231677 -257.93705813089997 1.9661904587632135 3.5806552204585542 0.73586394165535973 -1234.4096272786458 0.5929699022970164 -775.80947570800765 2846.5000000000005 2.6329576137408748 1374.5000000000002 -758.91526704676005
decision_type=2 2 2 2 2 2 2 2 2 2 2 2 2 2 2 2 2 2 2 2 2 2 2 2 2 2 2 2 2 2
left_child=3 2 10 7 5 15 -3 -1 -6 19 12 14 13 -2 -12 21 -17 -14 -8 -10 22 -5 -4 -24 28 26 -26 -27 29 -9
right_child=1 6 20 4 8 -7 18 24 9 -11 11 -13 17 -15 -16 16 -18 -19 -20 -21 -22 -23 23 -25 25 27 -28 -29 -30 -31
leaf_value=-0.01544792250049083 0.0033824917648215612 0.01589831969803995 -0.011762234266738227 0.014071990083441588 0.0063464372499219615 -0.020034184144420573 -0.011169871903073005 0.0069683563067014249 0.0055673545103077215 -0.01710865046686693 9.8881904502114826e-05 -0.0095255787591960808 0.011120459676676971 -0.008082127087079562 0.015856852985352159 -0.0039163985055805364 0.017927418120510692 0.003084776458168772 -0.00089325116395997945 -0.00092707282733259244 -0.011080845232697754 0.053529024376186125 0.008406444909416895 -0.0026355841206453659 0.0069956746652159486 -0.0056443012539354716 -0.010072945484439854 0.054575135966803655 -0.007514969413516254 -0.0051335455233810553
leaf_weight=241.80486059142277 9090.7532970844768 62.166730451397598 130.37171068927273 46.298358650878072 540.43727160664275 381.32301418948919 452.30804491462186 279.26279865112156 453.24534087069333 134.02989979833364 465.08146379329264 368.06501881964505 894.02280536852777 210.75886375270784 141.98141374252737 222.58971418906003 92.309507818892598 461.40341797471046 270.51411126367748 3671.7199444370344 189.35555793810636 13.018866349011658 293.2400428885594 1134.2768226219341 401.15716697601601 584.68875275366008 112.85708300210536 5.9930366636253884 1873.5758405714296 1917.5005520596169
leaf_count=34876 221387 1249 10713 2542 29924 45826 18677 23368 24250 8669 5257 3505 6285 2011 1178 15562 6101 3165 3237 120110 9789 314 15605 70002 28819 43136 7325 397 166327 145104
internal_value=-6.07519e-05 0.00217032 0.00261946 -0.002941 -0.000945418 -0.00729012 -0.00548481 -0.00498747 5.33826e-05 -0.000745163 0.00337022 -0.00123949 0.00379202 0.00312272 0.0037844 0.00569595 0.00248689 0.00838502 -0.00732388 -0.000213474 -0.00237864 0.022732 -0.00132091 -0.000367334 -0.00449871 -0.00117999 0.00324808 -0.00503332 -0.00539941 -0.0035951
internal_weight=25136.1 14164.3 13379.3 10971.8 5554.97 755.539 784.989 5416.84 4799.43 4259 11632.1 975.128 10656.9 9301.51 607.063 374.216 314.899 1355.43 722.822 4124.97 1747.24 59.3172 1557.89 1427.52 5175.04 1104.7 514.014 590.682 4070.34 2196.76
internal_count=1074710 372060 348897 702650 253298 70345 23163 449352 182953 153029 242788 9940 232848 223398 6435 24519 21663 9450 21914 144360 106109 2856 96320 85607 414476 79677 36144 43533 334799 168472
is_linear=0
shrinkage=0.03


Tree=79
num_leaves=31
num_cat=0
split_feature=14 13 11 3 11 18 16 13 11 9 1 18 5 8 14 9 9 8 11 18 13 13 5 13 14 14 13 14 12 13
split_gain=171.973 59.1911 36.1244 35.7889 37.6036 37.488 29.1595 25.6484 24.9173 30.7641 27.3677 22.2209 20.8423 18.7159 18.4799 17.4031 19.0631 16.6575 16.1395 15.5006 22.198 32.3031 25.6979 14.1279 17.8298 15.4044 12.901 12.8659 22.4564 13.3913
threshold=2.335062983027687 1621.5000000000002 230.58333333333334 3.8161257321582069 412.03125000000006 1.0927055739755658 0.39981874413130025 435.50000000000006 658.04545454545462 0.5438708277481219 0.35277063460041597 1.1506000047922138 10.172483786293755 42.956421161642794 2.3546183730339272 0.70856608009053723 0.84963899266150467 16.172787794046524 3891.1666666666674 1.8399999846541695 638.50000000000011 1053.5000000000002 9.418517765718617 1383.5000000000002 0.85038117470721986 1.2555648270580444 2789.5000000000005 4.0352671754933853 2899.5000000000005 2734.5000000000005
decision_type=2 2 2 2 2 2 2 2 2 2 2 2 2 2 2 2 2 2 2 2 2 2 2 2 2 2 2 2 2 2
left_child=6 2 14 5 17 -4 19 -7 -8 23 26 27 -12 -6 -2 18 -17 -5 -13 -1 -21 22 -22 25 -25 -10 -11 29 -29 -3
right_child=1 11 3 4 13 7 8 -9 9 10 12 15 -14 -15 -16 16 -18 -19 -20 20 21 -23 -24 24 -26 -27 -28 28 -30 -31
leaf_value=-0.011789571384872905 0.11896755426531705 -0.012360043609094658 -8.7056084051274107e-05 0.019931309216986104 -0.003189146285675223 0.0084314070570687023 0.0001370709605038597 0.0034234710506846257 -0.00630670352715505 -0.0039759112699481527 -0.00062166558238334498 -0.0012960249859762716 0.0079794601860546724 -0.014561708902554699 -0.010110879444613405 0.012025751879454902 -0.0031171931271838241 -0.004435993223146229 -0.018617381020065268 -0.0072141473739450578 0.039398925149951955 -0.024965759651757211 0.14984738496263714 -0.012981272004169897 -0.0056938392679041251 -0.00086566798906774327 -0.015913490628276017 -0.0030807390828380484 0.037967423001243887 -0.0020289087275981639
leaf_weight=504.0327922757715 1.0027952725067724 371.22301890561357 2636.4064073255286 81.19218110665679 536.87257543811575 1023.2911836337298 1728.2081386651844 9155.4865759052336 837.56029971316457 419.85399721143767 856.39187421835959 1553.3104160679504 360.20775893237442 171.9503312157467 219.68960695248097 185.54238842334598 125.37762050656602 36.643784975633025 49.971364187076688 39.042889270931482 8.1157274637371284 5.3992503127083173 2.4738371651619664 348.40444872109219 2276.6256277766079 1062.2109030848369 101.09531293576583 252.22204979322851 12.593783651944248 162.28261488303542
leaf_count=66400 61 34438 89371 1705 12570 13651 86073 140730 72855 30962 59983 79967 23234 3746 10562 7605 4798 614 3320 1145 359 346 75 38067 187521 71717 7279 13012 636 11908
internal_value=-5.94974e-05 0.00172307 0.0025161 0.00271089 -0.00333915 0.00310115 -0.00351535 0.00392693 -0.00305192 -0.00393198 -0.000538809 -0.00232974 0.00192493 -0.00594797 -0.00952437 -0.000576222 0.0059194 0.0123537 -0.0018359 -0.010139 0.00497879 0.0347526 0.0652009 -0.00523498 -0.00666106 -0.00326448 -0.00629252 -0.00653429 -0.00112862 -0.0092175
internal_weight=25124.7 16575.1 13862.5 13641.8 826.659 12815.2 8549.62 10178.8 7990.56 6262.35 1737.55 2712.52 1216.6 708.823 220.692 1914.2 310.92 117.836 1603.28 559.064 55.0317 15.9888 10.5896 4524.8 2625.03 1899.77 520.949 798.321 264.816 533.506
internal_count=1074710 428694 273010 262387 18635 243752 646016 154381 577691 491618 121458 155684 83217 16316 10623 95690 12403 2319 83287 68325 1925 780 434 370160 225588 144572 38241 59994 13648 46346
is_linear=0
shrinkage=0.03


Tree=80
num_leaves=31
num_cat=0
split_feature=16 13 11 9 3 14 17 17 17 17 17 16 13 17 17 11 14 8 6 3 3 13 11 13 11 13 10 11 10 17
split_gain=162.192 62.345 38.3921 32.7042 36.6597 30.5867 38.8639 31.6308 28.8976 38.1566 26.6225 26.5982 24.95 36.2509 29.7106 59.8839 29.5114 23.96 42.4436 32.4064 23.3669 22.1392 21.2847 20.8887 19.6426 21.3606 15.2577 15.1478 17.0077 14.6232
threshold=2.5001978596777792 1020.5000000000001 230.58333333333334 0.51948860869839641 1.3850470267177304 10.102878555590328 -88.530026175759033 -1316.9267054966515 -291.3324321400035 -314.40662384033197 -40.424762677173213 0.30697459318093767 690.50000000000011 -141.36145019531247 -753.14753044976112 1278.0384615384617 0.98664322590265896 111.77095517870252 4.4455980578897174 1.4285394201154988 2.050690494009495 1885.5000000000002 704.02380952380963 3906.5000000000005 3019.1111111111118 2226.5000000000005 0.16140693704864975 445.58333333333343 6.4223533268889561 -1526.665344238281
decision_type=2 2 2 2 2 2 2 2 2 2 2 2 2 2 2 2 2 2 2 2 2 2 2 2 2 2 2 2 2 2
left_child=11 2 -2 5 -5 6 7 -3 9 -4 21 29 13 26 15 -14 -17 19 -19 -10 -11 -7 -6 -24 25 -16 -13 28 -15 -1
right_child=1 3 8 4 22 10 -8 -9 17 20 -12 12 14 27 24 16 -18 18 -20 -21 -22 -23 23 -25 -26 -27 -28 -29 -30 -31
leaf_value=-0.027975490929789879 -0.0093352391324515345 0.015636417301413838 0.0098049868352788339 -0.0042223820074497138 -0.021512154266675805 0.0071809552218221303 -0.019171252548919729 -0.0031497386139795959 0.0015861218066588203 0.027555265096151371 -0.012569028523383192 -0.00068910170426582731 0.0083700242128879072 -0.004740174904114984 -0.0066218365772663483 -0.0089148193952658591 -0.0017743914192951237 0.0084758616444405768 -0.0055334002812792715 0.0052576088236906265 0.096490366016805301 -0.010996126754632841 0.0049915105465001379 -0.0098409783499241853 -0.026178006994406446 0.0052385793250884919 0.0065284341321748072 -0.015695310421506722 0.024804356621527912 -0.0090371054557977625
leaf_weight=40.404035900253803 218.82122660335153 82.611206633038819 54.049024212174118 645.05612299032509 29.076747209765017 598.66971544735134 133.96452230773866 3421.0263127833605 3739.5903577739373 9.2556305173784512 84.042165895923972 471.9293079180643 427.0950429351069 436.1057855123654 2629.2215285380371 720.20727013936266 1882.7503333888017 277.44580513332039 652.11297171749175 5134.2506870077923 8.4802762232720834 67.060506034642458 1940.7647830666974 89.388593046460301 44.133918307721615 144.15810031909496 597.16002616146579 116.07266125641763 18.270791715011001 399.64602137682959
leaf_count=6149 10526 3933 2569 26861 474 7495 2825 176966 64199 398 966 28339 32012 21737 206537 71665 143332 4388 8681 78383 337 2287 64939 5056 5440 12996 29541 5107 774 49798
internal_value=-5.8154e-05 0.00157928 0.00309382 -0.000576463 0.00201846 -0.00217592 -0.00331313 -0.00270679 0.00336923 0.0223342 0.0033414 -0.00360802 -0.00318673 8.38612e-05 -0.00410374 -0.0020417 -0.00375006 0.00323036 -0.00135205 0.00371038 0.060516 0.00534994 0.00397341 0.00433843 -0.00632133 -0.00600534 0.00334239 -0.00602301 -0.00355217 -0.010776
internal_weight=25112.8 17185.7 10094 7091.66 2704.29 4387.37 3637.6 3503.64 9875.18 71.7849 749.772 7927.15 7487.1 1639.54 5847.57 3030.05 2602.96 9803.4 929.559 8873.84 17.7359 665.73 2059.23 2030.15 2817.51 2773.38 1069.09 570.449 454.377 440.05
internal_count=1074710 461283 169481 291802 97330 194472 183724 180899 158955 3304 10748 613427 557480 85498 471982 247009 214997 155651 13069 142582 735 9782 70469 69995 224973 219533 57880 27618 22511 55947
is_linear=0
shrinkage=0.03


Tree=81
num_leaves=31
num_cat=0
split_feature=18 3 11 14 11 17 17 17 14 11 13 14 14 2 17 13 5 16 17 12 14 0 14 18 4 7 17 17 12 12
split_gain=155.991 48.6891 47.3636 45.2087 42.6047 46.956 32.4085 63.2442 51.7489 46.0886 31.012 27.9015 25.4071 24.5455 23.9413 42.598 37.8907 25.8933 24.528 23.0962 21.7669 19.9022 17.4201 17.119 15.6991 23.4603 15.3114 42.0516 14.9785 13.2891
threshold=1.3899999963385721 3.8706878068420063 1662.0384615384617 0.62208272493363193 960.01923076923083 -744.26180267333973 -784.22274727199374 -597.77490997314442 2.0716805950886457 1278.0384615384617 413.50000000000006 1.6484294107857831 2.5476194848229947 0.23216431807094504 -37.412331277673893 602.50000000000011 9.3216355905016748 1.8121417687917083 -817.05206909179674 193.50000000000003 6.4328342444110129 35.500000000000007 1.9679373499565094 1.9661904587632135 4.9505788873795611 0.52419029709157383 -1657.6433105468748 -1234.4096272786458 1581.5000000000002 2899.5000000000005
decision_type=2 2 2 2 2 2 2 2 2 2 2 2 2 2 2 2 2 2 2 2 2 2 2 2 2 2 2 2 2 2
left_child=3 2 14 28 5 13 9 8 -8 -6 -3 -9 -11 -5 17 16 -16 18 -2 -7 -12 -19 -21 26 25 -22 29 -28 -1 -4
right_child=1 10 23 4 6 19 7 11 -10 12 20 -13 -14 -15 15 -17 -18 21 -20 22 24 -23 -24 -25 -26 -27 27 -29 -30 -31
leaf_value=-0.0079821910846017557 0.0085395047836681268 0.014832762321077157 -0.023608236111739012 0.18120931716131378 0.014039821779635323 -0.013428695431709268 -0.0070160278380460902 -0.01261113701765771 -0.020928463666020868 -0.0034965556728828533 -0.011373544151307305 -0.0019702056307599469 0.0071697818481664269 0.038290530337253763 -0.0001715437725453177 -0.0079329385966172648 0.01856287709073759 0.0043068014283113012 -0.0032606481262782913 -0.0026807786756166637 0.074266179343995709 -0.0023006006953035629 0.0015214994317909946 -0.010772339318349922 -0.0062096218142026352 0.0052800297358413968 0.010499714960349738 -0.0027582923330947062 -0.020061872136039435 -0.0025559205417206208
leaf_weight=707.08557642949745 196.07023854739964 63.396383073180914 48.886707183439285 1.8419598676264275 168.0525417746976 113.62303031794727 699.9478348409757 246.66188912559301 366.67685960186645 1803.9964213417843 425.94716113107279 2197.9761838852428 226.18679096736014 2.6197128603234887 380.82483034953475 465.86492755450308 130.44160146825016 9258.5102194091305 828.17426127800718 1261.6943848999217 4.6302595213055602 429.30485397856683 2996.0428144307807 186.54858105164021 178.81246155500412 106.08773829974234 263.55009682942182 1176.3681794572622 106.26928387023509 60.237745547667146
leaf_count=88172 15167 1249 4468 114 9424 7280 65419 20778 45204 144951 18297 112426 13917 201 4421 4430 1089 163667 45635 86120 63 8379 94039 9789 2282 1272 13671 73882 14605 4299
internal_value=-5.69175e-05 0.00201466 0.00243773 -0.00275669 -0.00220798 1.92959e-05 -0.00391499 -0.00570336 -0.0117987 -0.00105841 -0.00527752 -0.00304387 -0.0023082 0.0972932 0.00312436 -0.00137099 0.00460825 0.00353441 -0.00100176 -7.99877e-05 -0.00705944 0.004014 0.000276239 -0.0021867 -0.00071267 0.00816505 -0.00115275 -0.000331662 -0.00956047 -0.0119872
internal_weight=25102.3 14203.7 13424.8 10898.7 10085.3 4375.82 5709.5 3511.26 1066.62 2198.24 778.874 2444.64 2030.18 4.46167 11689.2 977.131 511.266 10712.1 1024.24 4371.36 715.478 9687.82 4257.74 1735.59 289.53 110.718 1549.04 1439.92 813.355 109.124
internal_count=1074710 372060 348897 702650 599873 187754 412119 243827 110623 168292 23163 133204 158868 315 242788 9940 5510 232848 60802 187439 21914 172046 180159 106109 3617 1335 96320 87553 102777 8767
is_linear=0
shrinkage=0.03


Tree=82
num_leaves=31
num_cat=0
split_feature=18 3 13 14 13 13 9 2 3 18 1 0 12 9 14 15 12 13 13 1 15 12 16 12 12 12 2 16 14 12
split_gain=146.945 45.8798 44.3501 43.1599 34.8825 29.2021 27.9976 26.9036 25.7682 25.3832 42.1825 25.0328 21.8059 17.697 17.684 17.4195 43.2053 17.3207 16.9477 16.5775 16.4235 14.6356 12.7069 12.6224 12.1072 11.2343 11.2086 14.7682 11.6713 11.1572
threshold=1.3899999963385721 3.8706878068420063 1557.5000000000002 0.62208272493363193 977.50000000000011 455.50000000000006 0.53633026263170147 0.4537284794992576 1.3411442302596768 2.5356922525243886 0.86606480204919822 28.500000000000004 193.50000000000003 0.54871798607862277 6.4328342444110129 10.928865392736489 645.50000000000011 839.50000000000011 681.50000000000011 0.99957485622974473 0.78327166214795563 1581.5000000000002 0.19814062963649856 3154.5000000000005 874.50000000000011 3912.5000000000005 0.37138517632549617 14.186087674497788 8.3969364832889699 695.50000000000011
decision_type=2 2 2 2 2 2 2 2 2 2 2 2 2 2 2 2 2 2 2 2 2 2 2 2 2 2 2 2 2 2
left_child=3 2 7 21 12 -3 -6 15 29 11 -11 -9 -5 20 -7 17 -17 -2 -16 -14 -4 22 -1 -10 -20 -22 28 -28 -15 -8
right_child=1 5 13 4 6 14 8 9 23 10 -12 -13 19 26 18 16 -18 -19 24 -21 25 -23 -24 -25 -26 -27 27 -29 -30 -31
leaf_value=-0.013848975608077919 0.001314824468770079 0.010175011706617922 -0.013573012007958952 -0.013080054964736585 -0.0048368428178190105 -0.01131617737303236 0.014718955258167096 0.0036855318077258959 0.0026722073402272685 0.011806561925071846 0.002985458291243818 -0.0041606341502509817 -0.00027746061509803174 -0.0090226054598192586 -0.010533574078944292 -0.0029377084415234305 0.008765343350054371 -0.0043617058510586676 0.010325802957771021 0.0061705860183466736 -0.0019151328396197339 -0.019854526303149295 -0.0051077292170922115 -0.020625539612010101 -0.0073743924263611144 -0.022892288031041052 0.0050704419906402254 -0.0072937396640825316 0.021302542716521322 -0.0070671723706140673
leaf_weight=216.45208215201274 1345.4674857384525 97.831427865661681 124.93325542937964 111.44469407293946 4398.4074515071698 406.44848109642044 22.183611528947949 5317.5218298742548 1117.0085247294046 914.83040865510702 1045.4671080559492 393.01079822471365 3537.0131088774651 116.75527352886274 109.4287634845823 489.70647248439491 675.58626749552786 755.37161531299353 110.62286083772779 399.3605797374621 1456.5615859804675 104.18933507520705 485.10646283114329 21.329020367003977 50.729433245956898 23.345396582968533 676.24281808035448 99.771641233935952 12.661048553884028 456.82254870515317
leaf_count=32468 29548 1834 10889 7263 323983 17895 743 120827 67018 4489 6211 7327 150694 7683 1162 4159 5320 30266 1232 16134 83943 14605 55704 1766 1040 1608 35006 1433 188 32272
internal_value=-5.57393e-05 0.00195128 0.00236035 -0.00268188 -0.00214697 -0.00514606 -0.00359579 0.00318575 -0.000220713 0.00415665 0.00710209 0.00314554 6.22663e-06 -0.00123582 -0.00735932 0.000905498 0.00384721 -0.000726212 -0.00141998 0.000376719 -0.00312782 -0.00936281 -0.00780467 0.00223568 0.00476083 -0.00224605 0.00211769 0.00348079 -0.00605584 -0.00605822
internal_weight=25091.6 14222.3 13447.2 10869.3 10063.6 775.061 6015.75 10937 1617.34 7670.83 1960.3 5710.53 4047.82 2510.27 677.23 3266.13 1165.29 2100.84 270.781 3936.37 1604.84 805.748 701.559 1138.34 161.352 1479.91 905.431 776.014 129.416 479.006
internal_count=1074710 372060 348897 702650 599873 23163 425782 208147 101799 138854 10700 128154 174091 140750 21329 69293 9479 59814 3434 166828 96440 102777 88172 68784 2272 85551 44310 36439 7871 33015
is_linear=0
shrinkage=0.03


Tree=83
num_leaves=31
num_cat=0
split_feature=14 19 13 14 9 12 16 10 8 14 2 6 13 11 12 12 9 13 11 11 12 4 2 19 11 12 1 13 9 15
split_gain=140.061 48.2012 32.9778 36.5718 35.3237 33.1303 29.9626 27.9026 26.318 25.5372 25.3376 25.184 25.1095 23.8316 23.0634 23.002 22.6459 33.1105 20.125 19.9704 18.9951 18.3764 17.8944 17.3009 29.3023 26.2612 16.9126 16.5137 15.7522 12.2957
threshold=2.335062983027687 2.343320473740921 917.50000000000011 6.6221092040739347 0.37092015432882158 593.50000000000011 20.345168333333337 3.446512341612225 85.523854659628981 0.25648977793766153 0.55835996392248055 4.4455980578897174 445.50000000000006 1617.1547619047622 572.50000000000011 1141.5000000000002 0.5438708277481219 1020.5000000000001 429.07142857142861 2583.1652173913049 221.50000000000003 3.9907596570011665 0.62644667790918662 4.545636289228093 658.04545454545462 666.50000000000011 0.46322496424188603 1270.5000000000002 0.71130116247235198 3.8748462919183964
decision_type=2 2 2 2 2 2 2 2 2 2 2 2 2 2 2 2 2 2 2 2 2 2 2 2 2 2 2 2 2 2
left_child=9 13 8 4 15 6 -5 -7 10 23 14 -10 -12 20 -3 -4 17 26 -13 22 -2 -19 -18 -1 -25 -26 -11 -24 -6 -15
right_child=1 2 3 5 28 7 -8 -9 11 16 12 18 -14 29 -16 -17 19 21 -20 -21 -22 -23 27 24 25 -27 -28 -29 -30 -31
leaf_value=-0.011649013706140927 -0.01219726399582907 -0.00091855264170601384 -0.0096068118604345342 0.0044493797884595458 -0.00030844024335853454 0.0070253978893781962 -0.011205377300421008 -0.00018553274102373768 0.0081848254850696838 -0.0031730774907344477 0.011436033302511374 0.0053770843285984235 0.004918650371097461 -0.0089238817974790514 0.0054530806545468784 -0.0016656276000405125 -0.0030353280627528592 -0.0044589072139166247 -0.0064132065597092619 -0.0087065732575440525 0.00018275549599577103 -0.009817629152617368 -0.00052763197308839825 -0.0042001268935041259 0.15971553386396695 0.030549167766150402 0.002048182077686598 0.0065648531148309527 0.0061936090536489387 -0.00030891609388953878
leaf_weight=433.97725890949368 115.81211554259062 1166.8373525217175 583.17776516638696 200.01087122038007 1348.376179701183 1561.6703606396914 244.59931930713356 699.17574455821887 212.58467056043446 1280.8658900042064 634.24484394583851 171.53040159400553 3301.1216205973178 499.4942744220607 910.05461579188704 751.04239148041233 659.70334925595671 2934.3360227658413 542.00377344153821 216.58544558519498 3025.7613379969262 716.59840639261529 572.72439582506195 27.990172890946269 1.8689249027520407 5.8537884708493948 989.81985919876024 610.28328575193882 446.343693358358 212.55168629903346
leaf_count=59363 7247 14792 19362 2797 59089 20529 2562 11978 2665 84441 9024 2038 40425 44217 10136 42180 45613 254078 6184 15868 105220 56740 32098 681 31 233 55734 41136 17028 11221
internal_value=-5.44374e-05 0.00154397 0.00243121 0.000768868 -0.00143974 0.00332319 -0.00416298 0.00479539 0.00382905 -0.00319926 0.00455421 -0.000878592 0.00596903 -0.00139679 0.00187338 -0.00513666 -0.00279919 -0.00374157 -0.00357887 -8.93027e-05 -0.000273626 -0.00551071 0.000923539 -0.00999732 0.0100737 0.0618079 -0.000897066 0.0031312 0.00130861 -0.00635224
internal_weight=25077 16626.4 12772.8 5834.4 3128.94 2705.46 444.61 2260.85 6938.38 8450.61 6012.26 926.119 3935.37 3853.62 2076.89 1334.22 7980.92 5921.62 713.534 2059.3 3141.57 3650.93 1842.71 469.69 35.7129 7.72271 2270.69 1183.01 1794.72 712.046
internal_count=1074710 428694 260789 175525 137659 37866 5359 32507 85264 646016 74377 10887 49449 167905 24928 61542 585708 450993 8222 134715 112467 310818 118847 60308 945 264 140175 73234 76117 55438
is_linear=0
shrinkage=0.03


Tree=84
num_leaves=31
num_cat=0
split_feature=19 15 17 17 17 12 13 14 17 17 0 9 15 1 12 13 12 8 17 6 19 17 10 17 12 17 12 12 17 13
split_gain=132.324 44.97 33.824 134.258 33.2694 41.642 32.8508 34.7874 74.6503 39.6451 36.3754 25.1296 25.0901 22.9691 21.5859 20.8828 25.0664 24.7144 23.884 23.4112 20.4187 20.1644 22.2212 18.5143 17.5398 26.4899 52.7823 29.0357 15.586 14.9905
threshold=2.9615789855781358 1.8811200235950236 -591.57517089843736 -817.05206909179674 -401.89813156127923 1814.5000000000002 977.50000000000011 6.6221092040739347 -110.41701592897113 -47.868823941548662 35.500000000000007 0.5438708277481219 0.34512366006540701 0.647994178963749 2993.5000000000005 291.50000000000006 176.50000000000003 111.77095517870252 -34.606435394287104 4.4455980578897174 3.2012000453472145 -706.74450683593739 7.1976031558557265 -251.16500452945104 2320.5000000000005 -753.14753044976112 1246.5000000000002 779.50000000000011 -938.49752807617176 1742.5000000000002
decision_type=2 2 2 2 2 2 2 2 2 2 2 2 2 2 2 2 2 2 2 2 2 2 2 2 2 2 2 2 2 2
left_child=1 12 3 14 29 23 15 8 11 10 13 20 -1 -9 28 -2 -17 18 -18 -19 -8 22 -5 -6 25 26 -14 -27 -3 -4
right_child=6 2 4 21 5 -7 7 9 -10 -11 -12 -13 24 -15 -16 16 17 19 -20 -21 -22 -23 -24 -25 -26 27 -28 -29 -30 -31
leaf_value=-0.0095810840073572868 -0.0048432621055049148 0.0055052957324957926 0.011925582644290375 -0.024161265108770171 0.0052007944055264136 -0.016002144360881428 -0.00066939766243171339 0.010159519450503677 -0.02053629472959376 -0.0047084607886143087 -0.0117321998954255 0.0034946634139673923 0.010942985925443427 0.0027773291673309605 -0.0052508575175825795 0.016122713363741787 0.0044436379668502946 0.007229129477934769 -0.0026127384401952117 -0.0049973813074251821 -0.007479065216199632 -0.0095321201629506632 0.20431526211236484 -0.00066979392101636952 -0.0081379909891743946 -0.0015842682986240524 -0.0024645451101972648 -0.0075392829528524189 0.020702828621711036 0.002356923076932564
leaf_weight=682.66560161951929 273.1259871115908 225.23500224202871 289.93349238857627 256.5480266851373 547.14507136493921 150.80274199135602 1458.3727977280505 781.64063106011599 180.26375903561711 444.96559122949839 104.37124937586486 909.01782658416778 330.68102004937828 736.99045133404434 123.23149796947837 141.19487252272666 6109.082222994417 189.84744137618691 464.53039469942451 547.22449456015602 544.16445710929111 135.92724937200546 0.38368552969768543 4155.8143452331424 635.32189402030781 1493.7032883586362 1315.6558685288765 1454.423690231517 83.156617010012269 299.63428940437734
leaf_count=84419 7555 13714 16150 33243 28452 10055 87612 10490 3573 3957 1413 45284 22322 11107 8924 1320 91361 2353 4465 6585 29178 15755 48 132322 55095 92236 109903 124726 5257 15836
internal_value=-5.32154e-05 -0.00229512 -0.000524679 -0.0061873 0.000333017 -0.000484391 0.0020661 0.000212613 -0.00180195 0.00322459 0.00539953 -0.000642049 -0.00417196 0.00657695 0.0053623 0.0033041 0.00360272 0.00336092 0.00394499 -0.0018482 -0.00251984 -0.0188765 -0.0238201 1.31938e-05 -0.00346589 -0.00281983 0.000228474 -0.0045221 0.00960325 0.00706253
internal_weight=25065.1 12180.3 6267.81 824.482 5443.33 4853.76 12884.8 5159.79 3091.82 2067.97 1623 2911.56 5912.45 1518.63 431.623 7725.01 7451.88 7310.68 6573.61 737.072 2002.54 392.859 256.932 4702.96 5229.79 4594.46 1646.34 2948.13 308.392 589.568
internal_count=1074710 768457 279756 76941 202815 170829 306253 192614 165647 26967 23010 162074 488701 21597 27895 113639 106084 104764 95826 8938 116790 49046 33291 160774 404282 349187 132225 216962 18971 31986
is_linear=0
shrinkage=0.03


Tree=85
num_leaves=31
num_cat=0
split_feature=14 13 17 17 17 18 11 12 2 17 17 14 11 10 14 14 12 17 17 15 17 17 13 17 11 12 15 16 12 17
split_gain=126.105 43.3628 43.6203 106.954 31.7939 35.377 30.7721 28.5731 26.698 28.373 23.9535 42.4203 51.698 46.6568 23.8176 21.3987 20.4351 51.2843 49.041 58.9549 27.2494 25.3475 20.219 19.7451 33.7806 19.5147 18.6866 18.4202 18.4177 18.3148
threshold=2.335062983027687 1621.5000000000002 -824.47222900390614 -706.74450683593739 -295.875749860491 1.5145112970717871 3333.12962962963 968.50000000000011 3.2452651959968644 -70.234172821044908 -338.44029235839838 3.4789898241742789 1004.5250000000001 3.5184905308865604 0.25648977793766153 2.8979859291349599 2575.5000000000005 -1614.2978244357637 -1234.4096272786458 1.3078129941511829 -1388.8041398790144 -1068.5440979003904 445.50000000000006 -938.49752807617176 2502.0714285714289 1592.5000000000002 4.2851067999146464 6.402638978185994 193.50000000000003 -373.8067077636718
decision_type=2 2 2 2 2 2 2 2 2 2 2 2 2 2 2 2 2 2 2 2 2 2 2 2 2 2 2 2 2 2
left_child=14 4 6 -4 10 7 23 28 9 -7 26 12 -12 -13 -1 27 17 -16 19 -19 -18 -20 -10 24 -3 -9 -2 -5 -6 -17
right_child=1 2 3 15 5 8 -8 25 22 -11 11 13 -14 -15 16 29 20 18 21 -21 -22 -23 -24 -25 -26 -27 -28 -29 -30 -31
leaf_value=-0.0096683789248732058 0.0065004057127295645 -0.009511623764342194 -0.022587041759238789 -0.009777448848157913 -0.012915834879013556 0.0053823706648398143 -0.0057998457304843116 -0.0069146541580122718 0.0092532189316225037 0.0018413770277609846 0.034850386404790587 0.021021078919164892 -0.0087322579299597951 0.075848734331330228 -0.021344073967336556 0.0040442330802964123 -0.0013636287862391322 0.0010431312201315817 -0.0080985821992023317 0.025010551989321912 -0.013921062231384366 -0.0019333214566171976 -0.0048681753451564821 0.021615684063313233 0.01221217510449905 0.05967714240385058 -0.016995266228968155 0.14725403173304857 0.00088472606283217865 -0.0026567790930322015
leaf_weight=462.17550085531548 514.63327649794519 89.946063889190555 246.75095903221518 268.97368575353175 89.287541354075074 3491.6015381244943 161.48214481864125 608.66238022688776 107.48739823326468 4887.0546339619905 36.999292883090675 51.958929889835417 72.484634347259998 19.10499994084239 124.04635849129409 573.23918598517776 299.76510083256289 344.18672110326588 666.16518495930359 126.24818377848715 323.2131459582597 6058.1824707202613 604.18327889684588 95.388466282747686 227.02977799624205 3.9865664336830369 32.381559289991856 0.67398672271519799 3446.9455598583445 1020.7042041495442
leaf_count=60308 28375 5555 31759 21786 5154 54602 9331 23489 1361 43527 1507 1867 3548 685 13878 31279 24914 27945 56495 6895 30082 425499 9821 5235 11357 211 1208 29 97655 39353
internal_value=-5.21515e-05 0.00145989 -0.00203233 -0.00402659 0.00213104 0.0017955 0.00530161 -0.000499991 0.00284317 0.003317 0.00823682 0.0177117 0.00599618 0.0357611 -0.00304799 -0.00156907 -0.00266271 -0.00221873 -0.00188899 0.00747514 -0.00787867 -0.0025441 -0.00273535 0.00964895 0.00604776 -0.00648133 0.00510954 -0.00938495 0.000536271 -0.000246855
internal_weight=25054.9 16651 2684.19 2110.34 13966.8 13239.2 573.846 4148.88 9090.33 8378.66 727.563 180.548 109.484 71.0639 8403.98 1863.59 7941.81 7318.83 7194.78 470.435 622.978 6724.35 711.671 412.364 316.976 612.649 547.015 269.648 3536.23 1593.94
internal_count=1074710 428694 155684 124206 273010 235820 31478 126509 109311 98129 37190 7607 5055 2552 646016 92447 585708 530712 516834 34840 54996 481994 11182 22147 16912 23700 29583 21815 102809 70632
is_linear=0
shrinkage=0.03


Tree=86
num_leaves=31
num_cat=0
split_feature=18 3 16 11 11 17 17 11 16 15 13 3 8 18 0 13 15 17 9 0 13 17 4 18 1 15 17 1 16 8
split_gain=119.708 41.3581 37.7976 37.3011 32.1542 28.6192 56.5895 44.0361 41.2835 31.2751 26.4497 24.0508 32.2147 33.3206 24.9629 24.4984 21.4293 38.346 21.0614 20.4002 20.2441 19.8929 18.1388 17.5008 17.4796 15.9084 27.3766 15.0977 14.6229 14.3091
threshold=1.3899999963385721 3.8706878068420063 0.61167854009310574 1674.0500000000002 960.01923076923083 -771.35067749023426 -597.77490997314442 1278.0384615384617 2.153934336331675 1.7987543551742073 413.50000000000006 1.4285394201154988 111.77095517870252 2.3856304548353049 6.5000000000000009 503.50000000000006 0.37898770952290223 -775.80947570800765 0.65958280979670192 51.500000000000007 522.50000000000011 -657.88910522460924 5.2104570889984503 1.9661904587632135 0.83702073142896616 0.73586394165535973 -1234.4096272786458 0.9998109654937305 4.4537602923388571 45.402850371179873
decision_type=2 2 2 2 2 2 2 2 2 2 2 2 2 2 2 2 2 2 2 2 2 2 2 2 2 2 2 2 2 2
left_child=2 3 27 11 16 7 8 19 -7 -8 -3 14 13 -13 24 -16 28 -18 -9 -6 -14 -19 -12 25 -2 29 -27 -1 -4 -5
right_child=1 10 4 23 5 6 9 18 -10 -11 22 12 20 -15 15 -17 17 21 -20 -21 -22 -23 -24 -25 -26 26 -28 -29 -30 -31
leaf_value=-0.0099142813139902596 0.0011467756403874868 0.013257234826494374 -0.018247737179509539 -0.014544048790313194 0.011416097069632255 -0.0061870999196818183 -0.0094405954756840282 -0.0036198464161050718 -0.018697800542581071 -0.0010304549154656691 -0.0020857650501886586 0.0031510693616489229 0.0071583500886993464 0.0079031772245647305 -0.018005847331436755 -0.0019164620475588285 0.15362991936846895 0.027837751075810952 0.0042994756348510533 0.1672584215316299 -0.00431584919482413 -1.0725117112784961e-05 -0.011717166647014625 -0.010862605301515282 0.0072537261778455667 0.0080408398667196398 -0.0022385396278881971 0.071262170491237606 0.067699688681090886 0.021273849912530712
leaf_weight=615.75574911572039 2950.1855678744614 65.295148606412113 71.920017539989203 111.71409052005038 215.89407284418121 579.29496687510982 502.05095846578479 1738.0718385297805 402.20290608331561 1919.3289088876918 367.26033669896424 4939.0207209694199 176.0831756554544 1816.3011921187863 97.285112015437335 684.10560843301937 1.4653287213295687 23.209046163596213 365.86309699900448 0.75862889271229406 646.42647158820182 4335.4766984879971 337.89672289509326 180.04977930523455 492.19251856952906 295.86266429163516 1100.5694566536695 2.0689455796964458 1.8268579151481379 11.029219521675257
leaf_count=84514 63470 1249 6993 9607 13387 56199 39563 146708 49689 93731 11210 130366 2217 10329 1310 15080 76 2258 23800 52 11973 185332 10704 9656 9422 15605 68959 276 72 903
internal_value=-5.11621e-05 0.00175098 -0.00243803 0.00213679 -0.00199982 -0.00348546 -0.0052373 -0.000916569 -0.0113138 -0.00277422 -0.0050095 0.00273514 0.00374623 0.00442877 0.000921136 -0.00391963 -8.20931e-05 0.000189147 -0.00224272 0.0119618 -0.00185945 0.000137562 -0.00670093 -0.00201894 0.00201995 -0.000970806 -6.06431e-05 -0.00964244 -0.0161186 -0.0113256
internal_weight=25046.5 14271.3 10775.2 13500.8 10157.4 5723.47 3402.88 2320.59 981.498 2421.38 770.452 11801.6 7577.83 6755.32 4223.77 781.391 4433.9 4360.15 2103.93 216.653 822.51 4358.69 705.157 1699.23 3442.38 1519.18 1396.43 617.825 73.7469 122.743
internal_count=1074710 372060 702650 348897 617860 423129 239182 183947 105888 133294 23163 244167 154885 140695 89282 16390 194731 187666 170508 13439 14190 187590 21914 104730 72892 95074 84564 84790 7065 10510
is_linear=0
shrinkage=0.03


Tree=87
num_leaves=31
num_cat=0
split_feature=16 12 17 17 13 8 6 17 16 17 3 4 12 13 16 4 3 12 13 17 13 13 13 17 12 17 14 4 14 6
split_gain=114.671 44.8436 32.4691 102.296 30.9064 28.4627 33.6244 25.6176 34.7961 25.6159 23.6954 39.0614 25.065 21.637 21.4454 20.8007 20.3819 19.3608 18.2772 17.5046 24.3661 21.0613 16.7456 34.5519 46.8158 33.566 18.5862 15.7448 14.5287 13.1843
threshold=2.5001978596777792 968.50000000000011 -860.58536105685755 -603.95862375895172 222.50000000000003 85.523854659628981 4.4455980578897174 -320.64852905273432 10.700102986673015 -925.56237792968739 1.4476628718460305 4.8494757364295777 572.50000000000011 1709.5000000000002 0.19814062963649856 3.8432903666141045 1.3850470267177304 3355.5000000000005 3363.5000000000005 -1206.5219116210935 4139.5000000000009 1910.5000000000002 690.50000000000011 -753.14753044976112 1229.5000000000002 -141.36145019531247 1.2310633913244955 4.0726309855401821 2.5476194848229947 3.7752703554986495
decision_type=2 2 2 2 2 2 2 2 2 2 2 2 2 2 2 2 2 2 2 2 2 2 2 2 2 2 2 2 2 2
left_child=14 4 9 16 -2 10 27 13 -9 19 12 -12 -6 -5 -1 -8 -4 22 28 20 -3 -21 25 24 -24 29 -25 -7 -11 -16
right_child=1 2 3 7 5 6 15 8 -10 18 11 -13 -14 -15 17 -17 -18 -19 -20 21 -22 -23 23 26 -26 -27 -28 -29 -30 -31
leaf_value=-0.010689321601780922 -0.011525685581085476 0.012641471891324179 -0.021261112574322165 0.0082051896011142243 -0.0011181988320326981 0.0053363414161906302 -0.011995947931556379 -0.004558627532968317 0.0029562103672540092 0.0095431203857637373 0.005805962241705296 0.0010679086792287963 0.0036140478992050004 -8.0538162300237073e-05 0.00046084125334433913 -0.0019318487519208189 -0.0092960047641964527 -0.015192482173083315 -0.0039259130112879312 0.013315878606673113 -0.0074018212972661217 -0.0054445006073742955 0.0069339514433811086 -0.0093045325210731403 -0.0028675857536812777 -0.0058488559969353355 -0.004040678310920409 0.036832789623197117 0.036922831905524679 0.0071694216116663986
leaf_weight=319.28233738895506 144.16232832986861 228.31768917292356 229.75340505735949 477.79178975149989 2099.8639410231262 316.26635561604053 238.24954333156347 1681.3489147694781 827.44961195625365 28.380816671997309 4248.2308763675392 2480.2870224770159 1936.1261499742977 698.05728266015649 659.92202886380255 824.32165971957147 289.68580482900143 110.86933597130701 23.685644152574241 66.066257382743061 71.738799498416483 291.43788565788418 537.33512195199728 893.72084469953552 2386.2722311792895 566.44722839351743 1860.3961871825159 14.959917446598409 45.257789113558829 439.08211075421423
leaf_count=43831 7737 9619 28406 24223 37929 5302 3769 65607 12324 1554 75974 44197 32858 37416 40487 12897 30731 10395 1455 2969 3756 20168 41356 81989 203617 27664 143419 226 2166 20669
internal_value=-5.00698e-05 0.00131245 -0.00109598 -0.00212463 0.00228325 0.00244699 -0.00158687 -0.000367573 -0.00208009 0.00463272 0.00296929 0.00405941 0.00115193 0.00328627 -0.00307567 -0.00418842 -0.0145883 -0.00274955 0.0189973 0.00250664 0.00784943 -0.00197761 -0.00256168 -0.00333759 -0.00106614 8.34703e-05 -0.00574882 0.00675889 0.0263705 0.0031411
internal_weight=25034.8 17261.4 4958.97 4204.09 12302.5 12158.3 1393.8 3684.65 2508.8 754.885 10764.5 6728.52 4035.99 1175.85 7773.33 1062.57 519.439 7454.05 97.3242 657.561 300.056 357.504 7343.18 5677.72 2923.61 1665.45 2754.12 331.226 73.6386 1099
internal_count=1074710 461283 240394 198707 220889 213152 22194 139570 77931 41687 190958 120171 70787 61639 613427 16666 59137 569596 5175 36512 13375 23137 559201 470381 244973 88820 225408 5528 3720 61156
is_linear=0
shrinkage=0.03


Tree=88
num_leaves=31
num_cat=0
split_feature=18 3 14 11 11 11 17 17 17 16 15 9 12 11 9 11 17 11 5 15 17 11 16 17 15 12 3 18 11 14
split_gain=109.202 38.8566 36.6517 33.3788 30.7135 26.1062 45.0508 38.0541 40.8032 48.6638 26.7542 26.6259 25.0176 24.6719 22.1104 25.0091 22.0276 37.0942 37.9766 29.1183 28.5302 19.5421 19.0557 20.3178 18.5583 18.2683 17.991 16.7254 15.7186 15.3376
threshold=1.3899999963385721 3.8706878068420063 0.90600417076105688 1674.0500000000002 1869.935314685315 960.01923076923083 -664.65378952026356 -860.58536105685755 -597.77490997314442 2.153934336331675 1.7987543551742073 0.56438963768822614 909.50000000000011 394.20833333333343 0.74176842396177622 1553.2788461538464 -37.412331277673893 486.01923076923083 11.501251919865178 16.486278888888894 -61.600145966666084 213.58333333333334 0.19814062963649856 -1251.5586206345329 0.73586394165535973 666.50000000000011 1.2598376591468305 1.9661904587632135 437.17424242424249 6.4328342444110129
decision_type=2 2 2 2 2 2 2 2 2 2 2 2 2 2 2 2 2 2 2 2 2 2 2 2 2 2 2 2 2 2
left_child=2 3 4 16 22 6 11 14 9 -9 -10 12 -4 -3 15 -7 19 18 -18 20 -2 -8 -1 24 -24 -21 -16 -5 -25 -15
right_child=1 13 5 27 -6 7 21 8 10 -11 -12 -13 -14 29 26 -17 17 -19 -20 25 -22 -23 23 28 -26 -27 -28 -29 -30 -31
leaf_value=-0.013367058989511797 0.0033019846815117385 0.010681447560103918 -0.013022389281288268 -0.00087767478057371596 -0.018330075334636733 0.010229392209944625 -0.012725378900227118 -0.0040941351520793166 -0.0089037120094328133 -0.016578509021141215 -0.00099148298431616451 0.25072733680359222 0.16364902859733066 -0.010481616002949428 -0.00404670772738053 -0.0020193845543638221 -3.0146000399561964e-05 -0.0066281581513978225 0.02116242435479198 0.0016898146383342433 -0.00060837571853509229 0.00037527891715683317 0.0099502457420460183 0.0072325951051378538 0.078445838561385595 0.0092741097200952725 0.016028965564346347 -0.010603612281151326 -0.0056083988675238727 -0.0013529095090252514
leaf_weight=210.42628848645836 7283.0279701980762 81.738672021776438 1.7306197769939897 1514.3907550470904 181.09721496049315 170.44867048412561 105.16115852072835 653.85402696952224 481.17365179210901 492.79266493394971 1916.8473786325194 0.85381160397082556 1.2369621023535726 405.79282358475029 56.556051195599139 1251.835119321011 308.60994558595121 572.59616926312447 101.00955035537481 403.63415827602148 2182.4480958692729 4015.4931794553995 45.514482188038528 94.690173056907952 3.8621391514316192 979.36310895346105 138.70807259250432 177.81598552502692 913.24964829627424 279.9055436141789
leaf_count=33802 202231 1534 149 95074 22374 9260 8086 60660 38013 59166 93731 72 103 18115 3379 98724 3908 5184 851 2518 22530 159077 5643 6896 394 6945 7544 9656 95577 3514
internal_value=-4.90378e-05 0.00166861 -0.00233544 0.00204127 -0.00677333 -0.00164307 0.000136424 -0.00306484 -0.00480482 -0.00945953 -0.00257911 0.103095 0.0606187 -0.00489807 0.000748127 -0.000551472 0.00260497 -0.00169714 0.00519581 0.00299448 0.00240038 4.09436e-05 -0.00512245 -0.00348161 0.0153078 0.0070606 0.0102143 -0.00189967 -0.00440206 -0.00675523
internal_weight=25025.9 14290.3 10735.5 13522.9 1448.84 9286.69 4124.48 5162.22 3544.67 1146.65 2398.02 3.82139 2.96758 767.437 1617.55 1422.28 11830.7 982.216 409.619 10848.5 9465.48 4120.65 1267.74 1057.32 49.3766 1383 195.264 1692.21 1007.94 685.698
internal_count=1074710 372060 702650 348897 164686 537964 167487 370477 251570 119826 131744 324 252 23163 118907 107984 244167 9943 4759 234224 224761 167163 142312 108510 6037 9463 10923 104730 102473 21629
is_linear=0
shrinkage=0.03


Tree=89
num_leaves=31
num_cat=0
split_feature=14 18 17 17 17 3 13 17 11 17 15 2 13 17 1 11 17 11 17 16 11 13 17 17 13 14 13 14 13 13
split_gain=104.778 36.501 34.4181 71.6599 34.779 32.9357 23.5886 44.9599 44.061 38.1944 49.094 26.8774 22.4562 24.5083 21.8518 29.0258 21.1289 29.5625 23.4382 43.6849 42.492 27.8519 26.3642 51.6876 26.1445 25.9453 20.5009 19.7273 18.0173 17.7276
threshold=2.335062983027687 1.1716602368704605 -603.95862375895172 -817.05206909179674 -565.77350192599818 3.8706878068420063 848.50000000000011 -72.581338882446275 356.08333333333343 -40.424762677173213 10.175971148684917 0.84861327859668478 2031.5000000000002 -262.99048055013014 0.86606480204919822 1897.0227272727275 -1822.7151245117186 2809.7083333333335 -1270.4196341378345 1.0275705981264263 3019.1111111111118 2760.5000000000005 -1068.5440979003904 -764.1317734547149 1589.5000000000002 1.5490500164550238 455.50000000000006 4.5546311104060138 1810.5000000000002 2059.5000000000005
decision_type=2 2 2 2 2 2 2 2 2 2 2 2 2 2 2 2 2 2 2 2 2 2 2 2 2 2 2 2 2 2
left_child=16 2 3 -2 14 6 7 8 -3 10 -8 -9 13 -6 -4 -16 17 -1 19 29 22 25 24 -24 -20 -21 -7 -14 -11 -18
right_child=1 5 4 -5 12 26 9 11 -10 28 -12 -13 27 -15 15 -17 18 -19 20 21 -22 -23 23 -25 -26 -27 -28 -29 -30 -31
leaf_value=-0.024352557278216645 0.0037300997385081645 0.024969193789687729 0.012369074458166679 -0.02189747513360046 0.0060263282989396465 0.0093171159032209745 0.00017955259738421578 -0.0010599867105592351 0.0063192382138153114 -0.01033205585411469 0.0065879005667496071 0.0040137139136582666 -0.020863808039362108 -0.0012834953599114387 0.10884533426889095 0.019345152571472481 -0.001028562373500396 -0.0035533844375843972 0.0021218219785361998 0.0080165864033919197 -0.018376427984565021 0.00069794969427127416 0.0030060220527436624 -0.0034553110255326224 -0.010426444028317479 0.029330293767734716 -0.0061296092646883609 0.00036908586932325369 0.035643994721816959 -0.019038836204175985
leaf_weight=96.669953973963857 188.08487372286618 121.2590246098116 57.401043985504657 205.47630679188296 486.60542308818549 88.359598337672651 4524.1023066584021 1598.7799506476149 1907.0147308148444 298.89853555709124 1411.6295053716749 2279.3805779255927 91.009657886810601 2721.7495679482818 5.3791749612428239 8.2827771198935789 115.97660447563976 169.05897182226181 192.77607046253979 143.5306013925001 158.318583519198 224.9051773333922 1437.2001145565882 4958.7680999273434 664.6948209265247 80.08213412668556 619.44526196783409 69.421478677541018 7.8733898550271979 85.411370129324496
leaf_count=12804 11975 2182 2883 29416 24953 1405 158226 16702 28377 2773 12675 22340 7062 87945 350 323 14843 15196 19100 10269 16420 14550 116517 355090 57196 4204 15981 2998 128 9827
internal_value=-4.80146e-05 0.00132337 -0.00124594 -0.00964993 -0.000284421 0.00208944 0.00245594 0.00381494 0.00743421 0.00117011 0.00170358 0.00192207 -0.000722543 -0.000174828 0.020485 0.0545844 -0.0027966 -0.0111199 -0.00252225 0.00294044 -0.00300125 0.00815225 -0.00266566 -0.00200342 -0.00760535 0.0156496 -0.0042013 -0.0116759 -0.00915207 -0.00866696
internal_weight=25017.5 16690.2 3833.41 393.561 3439.85 12856.7 12148.9 5906.43 2028.27 6242.5 5935.73 3878.16 3368.79 3208.35 71.063 13.662 8327.39 265.729 8061.66 649.906 7411.76 448.518 7253.44 6395.97 857.471 223.613 707.805 160.431 306.772 201.388
internal_count=1074710 428694 167905 41391 126514 260789 243403 69601 30559 173802 170901 39042 122958 112898 3556 673 646016 28000 618016 53693 564323 29023 547903 471607 76296 14473 17386 10060 2901 24670
is_linear=0
shrinkage=0.03


Tree=90
num_leaves=31
num_cat=0
split_feature=16 13 11 9 3 14 17 17 17 8 3 18 5 12 16 13 13 16 12 12 13 17 17 13 15 11 4 5 18 13
split_gain=99.064 40.3786 30.7677 29.6254 33.6285 30.741 46.2971 33.6799 28.3651 21.5628 26.2606 35.3134 25.3095 20.441 22.7874 20.7841 20.1801 20.0686 19.7297 18.6095 15.4309 35.4346 30.409 44.3175 17.8065 14.6618 13.7721 12.9058 12.8471 19.5976
threshold=2.5001978596777792 968.50000000000011 230.58333333333334 0.51948860869839641 1.3850470267177304 10.102878555590328 -88.530026175759033 -40.424762677173213 -1316.9267054966515 78.318490230908864 1.2598376591468305 2.3689999570449198 4.4222556983506065 593.50000000000011 18.322894696969701 3906.5000000000005 1885.5000000000002 0.39981874413130025 543.50000000000011 3355.5000000000005 690.50000000000011 -141.36145019531247 -753.14753044976112 1410.5000000000002 0.74772245533014048 445.58333333333343 3.8432903666141045 41.542911219807898 1.8399999846541695 681.50000000000011
decision_type=2 2 2 2 2 2 2 2 2 2 2 2 2 2 2 2 2 2 2 2 2 2 2 2 2 2 2 2 2 2
left_child=17 2 -2 5 -5 6 8 16 -3 10 18 -12 -11 14 -6 -15 -7 28 -4 20 21 27 23 -22 -24 -23 -14 -19 -1 -30
right_child=1 3 9 4 13 7 -8 -9 -10 12 11 -13 26 15 -16 -17 -18 19 -20 -21 22 25 24 -25 -26 -27 -28 -29 29 -31
leaf_value=-0.010191537003570247 -0.0087716881128608454 0.014857781489622895 -0.0011421380753032701 -0.0038482143041437497 0.0034542833261880946 0.0066311597213593353 -0.018865961631597882 -0.013147764311438208 -0.0027820154384430589 0.0060536962713655454 0.0030878308491883275 0.0087126155478721694 -0.011100207435862394 0.005600043822790563 -0.012976905946960502 -0.0093745544922179298 -0.010682871744986978 0.003373024554544361 0.003471967853007778 -0.014810631758432244 0.00725883137214776 -0.0032945477462649102 -0.010566508721758636 -0.0025963169243293678 -0.0041732412910087165 -0.015361572259343512 -0.001782884816551544 0.047247365873216866 -0.0059503058882804088 0.034154505967824829
leaf_weight=464.23409674176946 213.15548009052873 83.975828022696078 1617.0762401008978 685.85292112734169 183.27977886237204 727.92799682542682 159.95247921627015 101.68302321620286 3563.7235439578071 326.61292206775397 3547.7906780401245 1401.3285699617118 181.49579824879766 1823.0109685915522 129.73107485473156 87.418771493248641 66.086073942482471 1023.8781805336475 1722.4117280980572 108.19701598538086 499.66322483168915 446.86405591946095 476.30584550555795 2305.6989380414598 2217.2936205463484 113.67285486124456 669.29784741904587 6.0697992211207739 39.506975639611483 15.179502703715114
leaf_count=66400 10526 3933 30288 27604 3894 8493 3290 1124 182769 5097 67762 6758 2499 62351 1378 5056 2287 54552 27699 10395 35258 22441 44707 195848 176665 5107 8475 129 1190 735
internal_value=-4.70812e-05 0.00121425 0.00249991 -0.000420415 0.00195914 -0.00189231 -0.00306864 0.00310832 -0.00237592 0.00275372 0.00329337 0.00468047 -0.00104527 0.0037505 -0.00335582 0.00491483 0.00519011 -0.00287355 0.00123768 -0.00246276 -0.00227431 0.000328164 -0.00302703 -0.000841016 -0.00530375 -0.00574165 -0.00377051 0.00363159 -0.00857143 0.00518172
internal_weight=25008.4 17291.8 9679.17 7612.64 2909.29 4703.35 3807.65 895.697 3647.7 9466.01 8288.61 4949.12 1177.41 2223.44 313.011 1910.43 794.014 7716.56 3339.49 7197.64 7089.45 1590.48 5498.96 2805.36 2693.6 560.537 850.794 1029.95 518.921 54.6865
internal_count=1074710 461283 159104 302179 100283 201896 189992 11904 186702 148578 132507 74520 16071 72679 5272 67407 10780 613427 57987 545102 534707 82229 452478 231106 221372 27548 10974 54681 68325 1925
is_linear=0
shrinkage=0.03


Tree=91
num_leaves=31
num_cat=0
split_feature=18 15 3 11 3 11 17 14 11 17 11 17 11 14 14 17 8 9 9 8 18 10 17 14 17 14 0 11 10 11
split_gain=94.8792 36.4682 34.1289 44.3366 32.8267 30.3849 39.102 47.8019 82.5427 30.2558 28.3528 26.4969 26.1888 35.4118 24.5258 29.4726 25.242 20.8862 20.4499 20.2025 22.0161 37.2073 21.0041 18.5439 30.4405 18.1052 18.0646 17.8104 17.8035 16.3078
threshold=1.4807894927890679 0.57545260794939257 3.2226592738934752 420.21538461538466 1.4285394201154988 1115.9360269360272 -753.14753044976112 1.1048191941046255 1048.5192307692309 -1219.4234863281247 3219.1428571428573 -1078.8055969238278 1910.0312500000002 0.9740311914509554 7.7964830785318133 -34.606435394287104 111.77095517870252 0.93541025730901894 0.57154058552180576 95.120989715670802 2.2863053820403345 2.1266780996172296 -70.234172821044908 1.6604575659483709 -291.3324321400035 5.4146544971743387 7.5000000000000009 960.01923076923083 4.2913464770864502 420.21538461538466
decision_type=2 2 2 2 2 2 2 2 2 2 2 2 2 2 2 2 2 2 2 2 2 2 2 2 2 2 2 2 2 2
left_child=1 17 4 -4 26 6 7 -3 -9 12 11 -11 18 -14 -5 16 -16 -1 -7 20 22 -22 -6 27 -25 -12 -2 -8 -19 -28
right_child=2 5 3 14 19 9 23 8 -10 10 25 -13 13 -15 15 -17 -18 28 -20 -21 21 -23 -24 24 -26 -27 29 -29 -30 -31
leaf_value=-0.007953981291413224 0.0011913865267025911 0.014468693696815615 0.0095543905544356218 -0.0073411910823475215 0.0042708786304948617 0.020157246986176009 -0.0016975789264642982 0.28873339010929766 0.044313905287338536 -0.010339354709387051 -0.019145224883776991 -0.0027426414782384984 -0.01546828658406582 0.0042279012701583454 0.0059058623107948972 -0.017373378426489661 -0.010306050052417359 0.00747339470534031 0.091044198552096584 -0.00091277601149428666 0.013347917814309145 0.0041617881595997384 -0.00074187237409838701 0.0092362358227014423 3.7931272074514217e-05 0.031150332396269194 -0.016311686429327826 -0.011110854251565995 0.11352480994852816 -0.0023376418956699077
leaf_weight=1104.5673152795061 3820.3941264408641 39.380204943008721 249.70390820456669 876.06419509137049 3038.3338930620812 20.803128103259954 986.62455631420016 1.5977828409522761 5.608273415826261 462.6219308655709 142.18096082331613 3870.0065408945084 95.163492140360177 600.93104876484722 449.08882115688175 73.951573790982366 107.03851599432528 60.240320063196123 4.4453738499432793 762.42422888474539 571.22646062169224 1299.8083119969815 999.87803995423019 351.84965727478266 4061.9879259150475 6.7471901969984165 85.427974756341428 221.51338625652716 1.4591850196011353 625.38943415973336
leaf_count=128040 95218 2797 3919 33462 112152 2068 69878 110 330 39466 14798 280846 10608 39360 4589 737 1246 5915 324 13294 4184 8317 12814 20918 132375 277 1046 20208 139 15275
internal_value=-4.6052e-05 -0.00196373 0.00173534 -0.00215353 0.00234484 -0.0014229 9.65685e-05 0.0274681 0.0985085 -0.00307837 -0.00399619 -0.00355379 0.00262388 0.00153522 -0.00409458 0.000419509 0.00278554 -0.00700513 0.0326379 0.00368316 0.00427614 0.00696631 0.0030297 -0.000130245 0.000771175 -0.0168666 0.000374327 -0.00342351 0.0099815 -0.00401708
internal_weight=24996.5 12037.7 12958.7 1755.85 11202.9 10871.5 5668.56 46.5863 7.20606 5202.9 4481.56 4332.63 721.343 696.095 1506.14 630.079 556.127 1166.27 25.2485 6671.67 5909.25 1871.03 4038.21 5621.98 4413.84 148.928 4531.21 1208.14 61.6995 710.817
internal_count=1074710 768457 306253 43953 262300 634363 246616 3237 440 387747 335387 320312 52360 49968 40034 6572 5835 134094 2392 150761 137467 12501 124966 243379 153293 15075 111539 90086 6054 16321
is_linear=0
shrinkage=0.03


Tree=92
num_leaves=31
num_cat=0
split_feature=16 11 17 13 17 11 18 17 16 0 3 18 16 11 17 12 3 17 13 17 17 13 16 17 16 18 13 17 3 15
split_gain=89.8681 55.2588 57.7973 38.6073 25.5397 25.2844 25.09 30.8164 28.9064 22.6697 17.5814 18.2329 17.0706 17.9457 16.7141 49.9784 17.5479 17.1491 36.5152 27.971 39.2675 34.7863 51.0466 19.2114 23.0485 18.1401 17.3543 16.9381 30.0876 16.5663
threshold=1.8121417687917083 1463.788888888889 -1219.4234863281247 3363.5000000000005 -837.79803466796864 3275.5500000000006 2.3371428134185934 -49.399804306030269 8.7173212977498711 5.5000000000000009 2.7954599755487517 1.6450000153854492 6.55264660246121 3891.1666666666674 -1569.2731765747069 2671.5000000000005 3.2673976525306441 -753.14753044976112 2539.5000000000005 -291.3324321400035 -177.87193107604978 2059.5000000000005 1.385767049876194 -875.63865966796868 1.3034069976739036 2.2304285407066349 646.50000000000011 -2006.1707959297373 3.4400828509756103 2.4314151736053589
decision_type=2 2 2 2 2 2 2 2 2 2 2 2 2 2 2 2 2 2 2 2 2 2 2 2 2 2 2 2 2 2
left_child=14 4 3 -3 10 -4 7 8 -6 -9 11 -2 13 -5 15 -1 -17 18 23 21 26 -19 -23 24 -16 -25 -21 -18 -29 -8
right_child=1 2 5 12 6 -7 29 9 -10 -11 -12 -13 -14 -15 17 16 27 19 -20 20 -22 22 -24 25 -26 -27 -28 28 -30 -31
leaf_value=-0.020043699223906867 0.0070531697682645533 0.014497081947240198 -0.0031961653603523755 0.0023199359235378508 0.00049007257247939693 -0.014202279122660961 0.013319919170737483 -0.0004488753427509781 0.0041644932846051832 -0.008731245540678589 0.046173042236686078 0.045014519474143068 0.07284985270750946 -0.015553437999092057 -0.0040863727355019809 0.0011148007956032506 0.011769449916045704 -0.0078064817894337012 -0.013177696563787466 0.0071494322835191854 -0.0082255119556196299 0.07289203834124007 0.0027081690023886161 0.0049377049629138669 0.0043366112595576364 0.050237533336967913 -0.0041413477265740831 0.25383805616578553 0.045366732385472369 0.0032004037456256898
leaf_weight=190.75027382932603 114.916234286502 278.20818484108895 3101.2773130135611 201.79808626603335 8124.6740896934643 199.96947938622907 151.33015824854374 782.87617405597121 2525.9745281599462 479.65240454114974 14.050681883469222 12.639621142297981 2.7587026162073007 67.458848403766751 932.54292023414746 124.94071345450357 4.9896862925961614 1699.4247238817625 200.59327570814639 444.47314750682563 380.91555641777813 11.045298913493751 59.947688621468842 430.74367620050907 425.92493987642229 8.1056116726249439 169.14279436226934 0.84443638660013531 2.3768094843253493 3842.3295825617388
leaf_count=24169 4703 13458 213941 10646 288847 18368 1772 17032 35554 7023 659 439 34 4655 95800 11589 491 160480 16794 20045 19556 1071 5832 38441 30875 348 10304 70 203 21511
internal_value=-4.51253e-05 0.000864505 -0.0023625 0.00663933 0.00163895 -0.00386285 0.00152604 0.000836192 0.00136152 -0.00359546 0.0143232 0.0108148 -0.0013973 -0.00215801 -0.00360369 -0.010198 0.00390673 -0.00315524 -0.00103754 -0.00468545 -0.000659581 -0.00694699 0.0136276 0.000317386 -0.00144549 0.0057744 0.00403714 0.0463899 0.100017 0.00358386
internal_weight=24986.7 19899.9 3851.47 550.224 16048.4 3301.25 15906.8 11913.2 10650.6 1262.53 141.607 127.556 272.016 269.257 5086.76 323.902 133.152 4762.86 1997.91 2764.95 994.531 1770.42 70.993 1797.32 1358.47 438.849 613.616 8.21093 3.22125 3993.66
internal_count=1074710 638642 261102 28793 377540 232309 371739 348456 324401 24055 5801 5142 15335 15301 436068 36522 12353 399546 182258 217288 49905 167383 6903 165464 126675 38789 30349 764 273 23283
is_linear=0
shrinkage=0.03


Tree=93
num_leaves=31
num_cat=0
split_feature=19 3 14 11 11 16 11 17 17 17 2 11 17 14 17 15 14 11 17 15 11 19 2 8 17 11 11 10 5 15
split_gain=86.6071 35.792 33.3768 29.5027 25.2652 24.6241 20.1684 20.6669 20.2849 18.9909 18.8294 25.3077 18.2778 17.7348 18.0027 17.2972 16.8149 16.0773 15.798 15.7216 15.8316 15.2739 15.6787 14.1326 14.0886 13.7162 13.17 25.8239 12.1907 11.7077
threshold=2.3612500143547854 3.8161257321582069 1.1048191941046255 3629.1666666666674 366.68333333333339 0.61167854009310574 944.61250000000007 -1234.4096272786458 -1822.7151245117186 -1614.2978244357637 0.41537011513694805 429.07142857142861 -61.600145966666084 5.9387747353260112 -775.80947570800765 10.928865392736489 6.4328342444110129 3219.1428571428573 -1078.8055969238278 6.6225139260249568 356.08333333333343 4.4959999216927429 0.37138517632549617 27.353600145429841 -37.412331277673893 2675.7083333333335 3629.1666666666674 6.0363296576618062 18.970178466496055 3.5480000604467015
decision_type=2 2 2 2 2 2 2 2 2 2 2 2 2 2 2 2 2 2 2 2 2 2 2 2 2 2 2 2 2 2
left_child=5 2 9 10 -3 -1 12 8 25 -2 15 -12 13 14 -7 -4 26 18 -9 20 -14 -11 -23 24 -18 -8 -6 -28 -19 -10
right_child=1 4 3 -5 16 6 7 17 29 21 11 -13 19 -15 -16 -17 23 28 -20 -21 -22 22 -24 -25 -26 -27 27 -29 -30 -31
leaf_value=-0.0087617574090455962 -0.019646375629952941 0.011717742061897456 -0.0012325892220035699 -0.01140937781405812 -0.0089379582056911908 0.089702426117224857 -0.028973805387718196 -0.0096306587400755584 0.005217608314802254 -0.0040226172454862329 0.0068077466818075713 0.0021937630781752263 -0.0065348591566505828 0.0069711761250478227 -0.00043426384100349747 0.0031751309849278255 0.0070097485412251017 -0.017289461724510562 -0.0032546932709213738 0.0005873828600901984 -0.023465891950243865 -0.0060878332822752856 0.014546516435268964 -0.0082705027693539546 -0.01657978000332945 -0.0034789703950196798 -0.030444829178151243 0.15372236654409724 0.11735448875121758 0.067589105023395935
leaf_weight=535.38639091188088 62.034835046157241 82.506195676513016 2442.391503947787 147.42193365376443 597.08102719299495 1.9957183809019614 23.537154237274081 390.81784159922972 376.49277322459966 873.63887583790347 1205.1179094295949 9535.2103809239343 212.4372837767005 333.08489857800305 2687.4757444923744 1192.5366555377841 194.81352752074599 94.34555160952732 3327.9594295015559 196.99405771400779 64.886810278519988 53.716138240881264 86.524929204024374 128.31627681665123 25.804451117292047 98.351247914601117 1.4450609851628535 1.3032053080387411 0.60910386592149635 2.7282131304964414
leaf_count=76605 7123 1877 82904 10262 28931 138 2982 35101 28017 71721 18142 264849 10363 6031 134829 9930 2573 10539 250216 5014 1711 1542 1352 1738 283 9554 123 106 55 99
internal_value=-4.42354e-05 0.00120732 0.00156518 0.0019429 -0.00420553 -0.00253771 -0.00211113 -0.00348341 0.00224435 -0.00353323 0.00207983 0.00271147 -0.000417865 0.000441329 -0.000367378 0.000213483 -0.00559025 -0.00423601 -0.00392476 -0.00589301 -0.0104963 -0.00254734 0.006643 -0.000353873 0.00425061 -0.00840213 -0.00863637 0.0568857 -0.0164258 0.00566632
internal_weight=24977 16629.9 15598.6 14522.7 1031.27 8347.1 7811.72 4314.84 501.109 1075.91 14375.3 10740.3 3496.87 3022.56 2689.47 3634.93 948.764 3813.73 3718.78 474.318 277.324 1013.88 140.241 348.934 220.618 121.888 599.829 2.74827 94.9547 379.221
internal_count=1074710 503456 467825 386087 35631 571254 494649 336563 40652 81738 375825 282991 158086 140998 134967 92834 33754 295911 285317 17088 12074 74615 2894 4594 2856 12536 29160 229 10594 28116
is_linear=0
shrinkage=0.03


Tree=94
num_leaves=31
num_cat=0
split_feature=14 18 17 17 17 3 9 15 18 11 17 17 11 17 5 11 17 13 15 13 17 2 14 1 11 16 13 17 11 2
split_gain=82.5326 29.0656 31.3735 69.5129 33.2169 28.5431 20.5198 23.0568 27.7052 22.5548 35.8173 26.2244 25.9612 21.9817 20.9912 20.3555 21.167 37.6799 22.0358 20.344 24.1239 20.2442 19.2604 19.0279 22.9221 17.9716 17.8234 17.8181 24.0398 19.7298
threshold=2.335062983027687 1.1716602368704605 -603.95862375895172 -817.05206909179674 -565.77350192599818 3.8706878068420063 0.5929699022970164 0.6012122414916139 1.7746640399039502 960.01923076923083 -744.26180267333973 -1270.4196341378345 3019.1111111111118 -141.36145019531247 41.542911219807898 3629.1666666666674 -37.412331277673893 602.50000000000011 16.486278888888894 2031.5000000000002 -262.99048055013014 0.51791696824540867 4.5546311104060138 0.86606480204919822 1897.0227272727275 1.3438338338063081 455.50000000000006 -753.14753044976112 2583.1652173913049 2.7256283394637584
decision_type=2 2 2 2 2 2 2 2 2 2 2 2 2 2 2 2 2 2 2 2 2 2 2 2 2 2 2 2 2 2
left_child=6 2 3 -2 23 15 7 8 -1 10 -9 25 -13 -12 -10 16 18 -18 -3 20 -6 -8 -21 -4 -25 -11 -7 28 -23 -29
right_child=1 5 4 -5 19 26 21 9 14 11 13 12 -14 -15 -16 -17 17 -19 -20 22 -22 27 -24 24 -26 -27 -28 29 -30 -31
leaf_value=-0.0085524779220704384 0.0038712883116918998 0.0021575044552198785 0.012284097022047302 -0.021604331294875524 0.0060149963825517714 0.0084441288115403093 -0.0048015806158372741 0.10033834842424702 0.0039524690939894422 -0.0049482218719970085 0.0019276052047684381 -0.0044701218881558593 -0.018572523885246838 -0.0053217924280126137 0.065177087583632054 -0.011734815843389215 0.0036249730998446908 -0.0080563226943772357 0.0061565411123939741 -0.020511456452491462 -0.0012372938752599903 0.0085798240348166511 0.00068791828350250536 0.096182924148511303 0.018972302918470935 0.0064653764184246891 -0.005860748003304047 -0.0016702856900014432 -0.0073250457918703276 0.043257104590723995
leaf_weight=1082.7773035648279 187.2693203673698 9695.2440611417405 57.510316755622625 198.64989989344031 486.74172752071172 89.885536814108491 498.28178146341816 3.2063308665528885 114.6731245405972 198.56366469012573 1405.8522653989494 2666.4995617787354 122.89970102161169 514.10432320926338 5.2716650809161356 93.813649318180978 526.04624453186989 471.08378017507493 1421.9969296902418 87.896290105767548 2717.3727801674977 520.84721620520577 68.732879061251879 5.9137324178591362 8.3420350947417301 331.35591749474406 612.99637412838638 663.13720219861716 102.33306174632162 8.915426555555312
leaf_count=127171 11975 217055 2883 29416 24953 1405 37068 174 4094 19309 84523 227099 13806 24942 93 6078 5780 4586 9904 7062 87945 35695 2998 350 323 23066 15981 41277 7190 509
internal_value=-4.32343e-05 0.00116717 -0.0011322 -0.00924215 -0.000220395 0.0018472 -0.00250106 -0.00329086 -0.00703703 -0.00243141 0.000153752 -0.00392922 -0.00509147 -1.35567e-05 0.00664334 0.00218566 0.00229346 -0.00189373 0.00266902 -0.000651653 -0.000135588 0.000337142 -0.0112086 0.019975 0.0510017 0.00218864 -0.00403142 0.00231403 0.00596807 -0.00107428
internal_weight=24968.2 16729.5 3818.43 385.919 3432.51 12911.1 8238.72 6445.2 1202.72 5242.48 1923.16 3319.32 2789.4 1919.96 119.945 12208.2 12114.4 997.13 11117.2 3360.74 3204.11 1793.51 156.629 71.7661 14.2558 529.92 702.882 1295.23 623.18 672.053
internal_count=1074710 428694 167905 41391 126514 260789 646016 524277 131358 392919 109639 283280 240905 109465 4187 243403 237325 10366 226959 122958 112898 121739 10060 3556 673 42375 17386 84671 42885 41786
is_linear=0
shrinkage=0.03


Tree=95
num_leaves=31
num_cat=0
split_feature=18 15 13 14 9 12 14 1 11 18 11 12 8 2 12 9 2 13 5 12 11 2 1 2 12 5 0 15 12 12
split_gain=78.0651 28.4481 26.6744 36.8154 32.8119 28.7602 26.3762 26.1787 25.4505 25.1365 19.5251 23.5191 20.997 21.2929 19.07 18.6695 24.265 18.4028 16.9981 16.3292 14.8646 14.5637 14.65 13.4254 12.7581 12.6446 12.4145 11.7628 11.5392 11.3429
threshold=1.3899999963385721 0.34512366006540701 892.50000000000011 6.4328342444110129 0.48332573843460458 600.50000000000011 13.071989207146693 0.647994178963749 960.01923076923083 1.6873863793232227 246.52272727272728 176.50000000000003 33.941664117732849 0.52735765993986972 996.50000000000011 0.5438708277481219 0.21908800193353636 201.50000000000003 4.1128576629372509 258.50000000000006 429.07142857142861 0.41537011513694805 0.16911344260714198 2.2981309776426184 1141.5000000000002 6.0597668410528991 30.500000000000004 2.8033480715847916 326.50000000000006 154.50000000000003
decision_type=2 2 2 2 2 2 2 2 2 2 2 2 2 2 2 2 2 2 2 2 2 2 2 2 2 2 2 2 2 2
left_child=1 -1 10 4 9 6 26 14 17 24 29 25 13 -13 -7 -10 -17 -3 -9 -11 -14 27 -23 28 -4 -12 -5 -6 -19 -2
right_child=2 8 3 5 21 7 -8 18 15 19 11 12 20 -15 -16 16 -18 23 -20 -21 -22 22 -24 -25 -26 -27 -28 -29 -30 -31
leaf_value=-0.008513976596653967 0.0077092739199845347 -0.015108693551911013 -0.005560356678531434 0.0086034744703841846 -0.0081391770685395864 0.010667513173361317 -0.0098636015502244836 0.0068411605611873871 -0.0039612980096341687 0.081600690906795434 -0.0019919928296736043 0.0013290779506176587 0.0049445713891595423 0.0051793358284282524 0.0030393973785629068 -0.015285662717538197 0.0011069584658986876 -0.0041543866622015847 -0.0014526297772566017 -0.010546971124948953 -0.0016818181502596991 0.089477987630471503 0.002481331135683044 0.0042351831850464634 -0.00056155446430769214 0.019955426930165387 -0.0091835190986261049 0.0081328342753227163 0.00035307922760896158 -0.010285954341273409
leaf_weight=569.93602743465453 39.43142522405833 70.758690153248608 746.69118095189333 151.10034938715398 213.23943744320422 650.97635332401842 281.31036697328091 306.28620326519012 4215.2554469397292 1.7371652033179987 30.237030901480466 2193.5917163891718 393.15092490287498 3147.6196996225044 539.3238975177519 86.761344146449119 1283.8282663435675 612.01116472668946 812.03454461321235 469.60923513257876 1353.934776277747 1.7441758764907707 1465.9395093689673 666.22896344028413 1194.7747988644987 108.04802102968097 46.087199421599507 49.209609055891633 3101.7803588551469 157.2155875172466
leaf_count=77844 1202 5943 34562 1990 14150 5887 2815 3745 334401 15 331 35537 4957 48170 8858 7254 84263 25316 11920 22070 17784 89 69823 27969 79790 966 542 2159 139660 4698
internal_value=-4.23486e-05 -0.00199407 0.0013999 6.13938e-05 -0.00173206 0.0027273 -0.00396655 0.0041147 -0.00162383 -0.00399285 0.00264948 0.00290329 0.00266424 0.00359807 0.00721122 -0.00297232 6.92694e-05 6.85663e-05 0.000818877 -0.0102074 -0.000190666 0.0014208 0.00258472 0.000313753 -0.0024841 0.0151565 0.00444625 -0.00508815 -0.000389725 -0.00667757
internal_weight=24959.9 10606.6 14353.3 6930.06 4142.95 2787.12 478.498 2308.62 10036.6 2412.81 7423.23 7226.58 7088.3 5341.21 1190.3 5585.85 1370.59 4450.78 1118.32 471.346 1747.09 1730.13 1467.68 4380.02 1941.47 138.285 197.188 262.449 3713.79 196.647
internal_count=1074710 702650 372060 258415 222658 35757 5347 30410 624806 136437 113645 107745 106448 83707 14745 425918 91517 198888 15665 22085 22741 86221 69912 192945 114352 1297 2532 16309 164976 5900
is_linear=0
shrinkage=0.03


Tree=96
num_leaves=31
num_cat=0
split_feature=16 11 17 11 8 6 3 17 18 11 4 14 11 17 17 17 2 12 11 17 12 17 17 17 11 17 17 11 14 11
split_gain=74.8526 46.7022 52.8665 34.535 25.1457 30.4836 30.3415 28.7681 29.4094 22.9603 21.6453 17.4148 16.9768 16.931 91.0763 33.423 16.3385 23.3217 15.9076 15.4416 47.6658 17.637 28.9995 38.0948 36.0575 25.2624 36.5883 30.7198 53.4623 18.2021
threshold=1.8121417687917083 1463.788888888889 -1219.4234863281247 3891.1666666666674 111.77095517870252 4.4455980578897174 1.4285394201154988 -761.3565732515774 2.3689999570449198 3275.5500000000006 1.6500058302035876 4.9906453900709229 230.58333333333334 -807.87125414980642 -706.74450683593739 -1078.8055969238278 4.399690486810699 2779.5000000000005 2613.0625000000005 -1569.2731765747069 2671.5000000000005 -753.14753044976112 -1068.5440979003904 -1162.7569928850444 1370.0312500000002 -291.3324321400035 -177.87193107604978 1731.7759856630826 1.2675333193513223 2502.0714285714289
decision_type=2 2 2 2 2 2 2 2 2 2 2 2 2 2 2 2 2 2 2 2 2 2 2 2 2 2 2 2 2 2
left_child=19 4 3 16 6 10 12 -8 -9 13 -6 -11 -2 15 -15 -4 18 -18 -3 20 -1 22 23 29 -25 27 -27 -23 -29 -21
right_child=1 2 9 -5 5 -7 7 8 -10 11 -12 -13 -14 14 -16 -17 17 -19 -20 21 -22 25 -24 24 -26 26 -28 28 -30 -31
leaf_value=-0.019633904436017403 -0.010285107208278101 0.017485173909944848 -0.0077236807749949052 -0.013799408475870977 -0.0067149227093837036 -0.0054344718756097286 0.017729624423938099 0.0018396916846101475 0.0060411734273053148 -0.015980781378717862 0.0087098338230396817 0.021263746557360734 0.00041036408695976299 -0.01837273315888531 -0.001776841894740833 0.0053788208839569175 0.004876043109448714 0.1729503743554871 0.0053467927807882148 0.0028558956593009821 0.0039528665138890366 -0.0076235478131807845 0.0025650766685000334 0.0035390613729629878 -0.017965658670516794 0.0038885438697400221 -0.0079799164510066297 0.051606180057462613 -0.0016263865567138598 -0.012146727095765959
leaf_weight=183.55410837708041 136.79873158782721 134.62381419818848 268.43433313444257 67.101955722086132 113.56341048376635 932.0302699082531 116.88866173662245 6931.2076465738937 1913.3277048636228 181.60309928795323 293.46590840723366 12.048555541783569 5652.95327013731 350.99387144250795 1956.7391733466648 504.57592727569863 1.6901195421814912 1.3259330121800301 349.25018242001534 441.85663336887956 132.97090223804116 1639.7139410544187 1087.4902310324833 95.48804571153596 264.6929628662765 615.70387332141399 376.86429460719228 21.23729064501822 84.7015471002087 87.135869043879211
leaf_count=24169 8029 6703 20957 4673 2634 17393 5147 189936 10153 17837 6118 531 138130 45127 112886 34971 87 74 17256 43674 12353 156998 95644 9645 26308 30349 19556 2032 8353 6987
internal_value=-4.13795e-05 0.000784476 -0.00219358 0.00637714 0.00149305 -0.00244322 0.00185037 0.002944 0.00274859 -0.00364366 0.00440624 -0.0136635 0.000157654 -0.00301382 -0.00430099 0.000828867 0.00915782 0.0787658 0.00872394 -0.00331082 -0.0097252 -0.00288021 -0.000720643 -0.00473919 -0.0122645 -0.00443915 -0.000617745 -0.00661198 0.00904501 0.000384657
internal_weight=24950 19918.6 3828.39 553.992 16090.2 1339.06 14751.2 8961.42 8844.54 3274.39 407.029 193.652 5789.75 3080.74 2307.73 773.01 486.89 3.01605 483.874 5031.41 316.525 4714.88 1976.66 889.174 360.181 2738.22 992.568 1745.65 105.939 528.993
internal_count=1074710 638642 261102 28793 377540 26145 351395 205236 200089 232309 8752 18368 146159 213941 158013 55928 24120 161 23959 436068 36522 399546 182258 86614 35953 217288 49905 167383 10385 50661
is_linear=0
shrinkage=0.03


Tree=97
num_leaves=31
num_cat=0
split_feature=14 13 17 17 17 14 13 11 11 8 12 17 14 18 17 11 17 11 17 11 14 13 17 17 13 11 13 14 14 17
split_gain=71.626 25.6905 26.3783 105.657 30.9738 36.4584 31.5295 26.0345 25.8414 18.8315 24.1165 21.856 22.9824 19.1516 18.7248 21.4066 18.3269 27.1779 20.0786 37.0906 32.8313 32.2043 22.1863 45.6163 24.9562 18.3498 18.2933 17.2446 16.026 15.8536
threshold=2.335062983027687 977.50000000000011 -824.47222900390614 -603.95862375895172 -276.7523248291015 6.6221092040739347 1709.5000000000002 246.52272727272728 3333.12962962963 30.397467173416796 207.50000000000003 -34.606435394287104 15.559776085313738 2.5545453977855774 -938.49752807617176 2502.0714285714289 -1822.7151245117186 2809.7083333333335 -1270.4196341378345 3019.1111111111118 0.74862329154057161 1822.5000000000002 -1068.5440979003904 -764.1317734547149 1589.5000000000002 2056.0500000000006 575.50000000000011 0.67140113864248907 2.3546183730339272 -2118.6354217529292
decision_type=2 2 2 2 2 2 2 2 2 2 2 2 2 2 2 2 2 2 2 2 2 2 2 2 2 2 2 2 2 2
left_child=16 7 8 -4 6 -6 -5 28 14 11 -11 12 -9 -12 15 -3 17 -1 20 22 25 -22 24 -24 -20 27 -13 -18 -2 -19
right_child=1 2 3 4 5 -7 -8 9 -10 10 13 26 -14 -15 -16 -17 18 29 19 -21 21 -23 23 -25 -26 -27 -28 -29 -30 -31
leaf_value=-0.02375018112912047 0.092165138650198153 -0.0055182527551162156 -0.016141170696386854 0.0078224303385488868 -0.0043995550806889194 0.0011265873204238824 -0.0004764430120854185 0.0027626120572064737 -0.00479479169603383 0.013808749535815004 -0.002867484079717709 0.0014495019814407578 0.0075909803329007493 0.0030725048622447181 0.020400036907300165 0.010960234556048609 -0.006591225283766192 -0.010257595353867837 0.0027329600411924991 -0.017446647902596799 0.12217831413596072 0.006188992786337626 0.0030819249342778901 -0.0030052386000271299 -0.0096673291847872191 -0.027124048139522305 -0.011527404029464509 0.03684664600000951 -0.0072929271074926444 0.0088978906415214786
leaf_weight=87.990685581229627 1.4655395355075587 101.89285420440137 382.83087002951652 813.27642536908388 1857.2268275069073 2549.3967561405152 835.10645064292476 5728.7852020915598 155.24073914904147 107.59066615626216 1369.7694826982915 250.4785259142518 1049.8219739925116 759.31197085604072 106.39050654135644 233.63903513364494 104.01235641771927 104.61162619525567 189.20829478930682 147.11242169747129 2.1637819642201057 495.43243681080639 1433.7250571446493 4876.6723407977261 640.65139151643962 38.564346211496741 160.35845202021301 8.9317548717372102 287.38208750728518 61.890716477297246
leaf_count=12804 83 6182 50915 38117 66285 38937 44095 103543 9331 1145 23865 2981 7451 3852 5537 11357 14319 9876 19100 16420 202 33100 116517 355090 57196 5213 1662 859 13356 5320
internal_value=-4.06331e-05 0.00108361 -0.000297055 -0.000856541 0.000109837 -0.00120247 0.00361804 0.00208341 0.0057346 0.00235527 -4.87823e-05 0.00310318 0.0035104 -0.000749057 0.00943342 0.00595612 -0.00233964 -0.0102642 -0.00208553 -0.00253587 0.00297041 0.00669337 -0.00222866 -0.00162223 -0.00684006 -0.00925681 -0.00361566 -0.00315611 -0.0067883 -0.00313729
internal_weight=24940.9 16750 7035 6437.84 6055.01 4406.62 1648.38 9714.96 597.163 9426.12 2236.67 7189.44 6778.61 2129.08 441.922 335.532 8190.97 254.493 7936.47 7287.37 649.105 497.596 7140.26 6310.4 829.86 151.508 410.837 112.944 288.848 166.502
internal_count=1074710 428694 270756 238349 187434 105222 82212 157938 32407 144499 28862 115637 110994 27717 23076 17539 646016 28000 618016 564323 53693 33302 547903 471607 76296 20391 4643 15178 13439 15196
is_linear=0
shrinkage=0.03


Tree=98
num_leaves=31
num_cat=0
split_feature=18 13 3 17 16 17 12 16 12 17 17 15 13 17 13 12 15 15 17 15 11 16 12 16 17 3 13 17 13 16
split_gain=69.2574 33.0832 39.8261 23.9672 30.9551 59.9432 28.9938 21.233 17.2175 23.3305 21.6861 22.3959 22.2023 19.0262 18.8655 18.0055 25.3487 21.9216 17.1374 36.4049 29.6069 28.3329 25.0753 38.759 43.3922 25.1363 54.5646 19.9776 32.343 27.7706
threshold=1.1806250071773927 892.50000000000011 3.1985831001260276 -37.412331277673893 7.0517744964616229 -106.99865687977181 687.50000000000011 0.61167854009310574 1204.5000000000002 -1234.4096272786458 -771.35067749023426 1.2754826842517866 968.50000000000011 -61.600145966666084 925.50000000000011 2052.5000000000005 1.2643700100637372 1.7720875730310823 -79.272734156194716 3.9348575203252039 356.08333333333343 13.298521062271066 652.50000000000011 9.0486510592843175 -52.761038144429513 1.5028865755812124 445.50000000000006 -119.84022140502928 403.50000000000006 1.1463305165780875
decision_type=2 2 2 2 2 2 2 2 2 2 2 2 2 2 2 2 2 2 2 2 2 2 2 2 2 2 2 2 2 2
left_child=7 18 3 4 5 -3 -6 -1 10 15 12 14 -9 -13 -12 16 -10 -17 19 27 -21 -22 25 -24 -25 -20 -27 29 -29 -2
right_child=1 2 -4 -5 6 -7 -8 8 9 -11 11 13 -14 -15 -16 17 -18 -19 22 20 21 -23 23 24 -26 26 -28 28 -30 -31
leaf_value=-0.0081484250113130572 -0.0023601291345850994 -5.9531913460398898e-05 -0.0056890064081289446 -0.011356838646957879 -0.0020134929227262665 -0.018589742757932438 0.0050956991556553215 0.11206608617651906 0.012121795201022467 -0.0049044665200805989 -0.0015415442759967482 0.00075815129384643719 0.0086410375471496475 -0.0056799320490206759 -0.0098949481288749339 -0.0044431613131557636 0.12950503329867052 0.01163810303809012 -0.0027156513110062519 0.055688973310119141 0.0077606709907336565 0.046964154954619627 -0.016401822816584075 0.017375358394772455 0.0016228667686836965 0.0099593840144239377 -0.00017555373679092995 0.010210554071420073 -0.004560833057687912 0.0069031063564961633
leaf_weight=520.64283573906869 408.9138170783408 4491.7434591404162 1051.7895192811266 149.33557041175663 689.57286340743303 162.81146490760148 2054.7988587091677 1.8892888147383917 88.905570020899177 2444.5061223837547 560.64595271181315 3172.439417521935 166.15870609181002 474.97763228882104 429.9038337864913 308.79745366470888 1.6871382044628251 101.32411677017808 1464.5352909630165 12.100014504045246 927.39469789713621 16.893695581704378 60.201000642031431 288.61445831879973 346.12501382827759 621.99091251194477 2066.5138564426452 166.71629561111331 667.72329341992736 1012.4719011476263
leaf_count=76605 26173 270403 49858 1555 8575 3393 31063 79 7564 211078 42555 132185 10585 17104 40471 27573 105 5350 16962 110 10140 131 770 2078 2429 8480 19648 4799 13830 33059
internal_value=-3.98504e-05 0.00107428 -0.000219935 0.000542136 0.000782297 -0.000707699 0.00330939 -0.0022838 -0.00188988 -0.00369603 -0.000783035 -0.00116663 0.0098038 -8.02353e-05 -0.00516697 0.0022036 0.0143079 -0.000470144 0.00245518 0.00415459 0.00905954 0.00846204 0.00132917 0.00660357 0.00878549 0.000446587 0.00216918 0.00207507 -0.00160959 0.0042382
internal_weight=24932.1 16660.2 8600.05 7548.26 7398.93 4654.55 2744.37 8271.88 7751.24 2945.22 4806.01 4637.97 168.048 3647.42 990.55 500.714 90.5927 410.122 8060.19 3212.21 956.388 944.288 4847.98 694.94 634.739 4153.04 2688.5 2255.83 834.44 1421.39
internal_count=1074710 503456 364847 314989 313434 273796 39638 571254 494649 251670 242979 232315 10664 149289 83026 40592 7669 32923 138609 88242 10381 10271 50367 5277 4507 45090 28128 77861 18629 59232
is_linear=0
shrinkage=0.03


Tree=99
num_leaves=31
num_cat=0
split_feature=16 11 17 13 8 6 17 11 17 11 4 14 17 13 16 17 17 17 11 9 4 18 17 6 15 8 17 11 17 15
split_gain=65.4582 40.6079 47.0336 31.5621 23.2543 28.922 23.7926 22.1311 22.3376 21.5607 20.2351 16.4157 16.0264 28.672 15.7877 15.59 85.8971 29.8866 15.4116 14.9712 14.0804 13.741 27.1241 22.5177 20.5693 15.2187 15.0015 17.4282 15.7295 13.6613
threshold=1.8121417687917083 1463.788888888889 -1219.4234863281247 3363.5000000000005 111.77095517870252 4.4455980578897174 -837.79803466796864 213.58333333333334 -34.606435394287104 3275.5500000000006 1.6500058302035876 4.9906453900709229 -1507.0461853027343 2633.5000000000005 6.55264660246121 -807.87125414980642 -706.74450683593739 -1078.8055969238278 3891.1666666666674 0.78299036838036373 3.8432903666141045 2.1765293841852866 -182.72485351562497 20.901800098347255 0.32654811921986387 5.7963292544399527 -775.80947570800765 1230.3205128205129 -363.67400665283196 1.3078129941511829
decision_type=2 2 2 2 2 2 2 2 2 2 2 2 2 2 2 2 2 2 2 2 2 2 2 2 2 2 2 2 2 2
left_child=19 4 3 12 6 10 -2 -8 -9 15 -6 -11 13 -3 18 17 -17 -4 -5 21 -7 24 23 -23 26 -25 27 -1 -28 -14
right_child=1 2 9 14 5 20 7 8 -10 11 -12 -13 29 -15 -16 16 -18 -19 -20 -21 -22 22 -24 25 -26 -27 28 -29 -30 -31
leaf_value=0.0012552112397063832 0.014053470612193922 0.092502966479328499 -0.0073350634436468313 0.0019349184989317513 -0.0065491181137895399 -0.012007825068791608 -0.009610821208719731 0.0019761787015032742 -0.0040219441137746984 -0.015593749872723666 0.008383207988136486 0.020285101660744952 -0.002781223006593224 0.020286960840129823 0.068768743858845557 -0.017985784658093799 -0.0016462763694995075 0.0051069464347695409 -0.014872162849841374 0.0024191910113214522 -0.0032837305138088005 0.0042101973317162445 -0.017109459450118155 -0.010302718582348033 -0.0030952103685326381 0.042881041788476751 -0.017942805035268784 -0.011899281918225039 -0.00090123930153667494 0.013818730206706382
leaf_weight=194.23337942361832 139.70151598751545 5.6028908779844633 263.98386769369245 204.10609752126038 112.89159804489464 217.40904360031709 156.39644302241504 13905.330424010288 582.18519036099315 176.9354884410277 295.37839012406766 12.272969556972383 59.199739561416209 42.335860051214695 2.8585232989862552 340.12093910388649 1947.9974479903467 508.35782142961398 64.657848535105586 404.97850269498304 711.05194852408022 124.18213637918234 42.483272295445204 5.9897520914673832 3747.4598531695083 25.279761595651507 217.2150020650588 169.96686533140019 62.850156015250832 181.1584831578657
leaf_count=26196 5574 275 20957 10646 2634 4371 8802 330282 6737 17837 6118 531 2961 1980 34 45127 112886 34971 4655 29336 13022 4102 710 149 316095 373 30291 23026 5790 8242
internal_value=-3.90497e-05 0.000730592 -0.00205503 0.00597548 0.00138889 -0.00240036 0.00173152 0.00161397 0.00173514 -0.00343869 0.00425424 -0.0132665 0.0128891 0.0287273 -0.00136254 -0.0028311 -0.00407509 0.000854308 -0.00210844 -0.00311012 -0.00532657 -0.00359802 0.00413407 0.0099397 -0.0039465 0.0326936 -0.00889815 -0.0048838 -0.0141185 0.0097302
internal_weight=24924.6 19929.9 3809.59 559.919 16120.3 1336.73 14783.6 14643.9 14487.5 3249.67 408.27 189.208 288.297 47.9388 271.622 3060.46 2288.12 772.342 268.764 4994.64 928.461 4589.66 197.935 155.452 4391.73 31.2695 644.265 364.2 280.065 240.358
internal_count=1074710 638642 261102 28793 377540 26145 351395 345821 337019 232309 8752 18368 13458 2255 15335 213941 158013 55928 15301 436068 17393 406732 5334 4624 401398 522 85303 49222 36081 11203
is_linear=0
shrinkage=0.03


Tree=100
num_leaves=31
num_cat=0
split_feature=18 3 11 3 15 11 14 11 11 9 3 0 10 18 11 11 6 14 11 11 1 14 11 1 11 18 11 11 11 6
split_gain=63.8324 29.249 37.3958 28.4362 27.3639 22.0633 21.2848 20.4234 22.1189 18.4696 22.6805 16.6256 16.3403 40.6257 32.318 18.3665 17.1244 16.6025 15.7958 14.8768 14.8358 13.8881 13.3326 22.8235 17.1836 12.8004 14.198 12.729 19.2465 12.7086
threshold=1.4807894927890679 3.2226592738934752 420.21538461538466 1.4285394201154988 0.34512366006540701 1115.9360269360272 9.1586180932514161 674.06153846153859 876.01515151515162 0.50454154867397027 1.2453845195450917 7.5000000000000009 2.1266780996172296 2.453866617414687 429.07142857142861 454.08333333333343 18.552823380377667 2.4467591183840942 420.21538461538466 213.58333333333334 0.47503012141495776 0.80620967998075299 301.01315789473693 0.99972687218443823 853.03086419753106 1.6722069062035663 275.07692307692315 1584.5357142857144 1574.0384615384617 40.058627806739217
decision_type=2 2 2 2 2 2 2 2 2 2 2 2 2 2 2 2 2 2 2 2 2 2 2 2 2 2 2 2 2 2
left_child=4 3 25 11 22 19 -4 -8 -9 29 21 -2 13 16 17 -15 -5 -14 -13 -6 -16 -11 23 -1 -24 -3 -27 28 -26 -7
right_child=1 2 6 12 5 9 7 8 -10 10 -12 18 14 15 20 -17 -18 -19 -20 -21 -22 -23 24 -25 27 26 -28 -29 -30 -31
leaf_value=0.013703100913732015 0.00092141519929231494 -0.0027966993023654406 -0.0067494508757504641 0.0062059381890124882 -0.01096898057361448 -0.003557202573234274 -0.004988603848673865 0.014401481585789081 -0.0027388441011538551 0.019740130334299114 0.0017557964251278524 -0.016211902209845593 -0.002752664862124209 -0.00071793677432226198 -0.012409381081054702 0.01691040494960272 0.00039338788833336117 0.010900584033966054 -0.0024260369580330985 0.00018523446315576553 0.0014349330254871053 -0.0082488936805067883 -0.014875318993703745 0.22697939348190621 -0.0024145613530054265 -0.0067321379633443782 0.016009742383012469 -0.015664181475417701 0.091703830092496663 -0.014179786071684084
leaf_weight=14.306372675113376 3838.2380893109366 67.250421523116529 941.43172264331952 957.56098268413916 109.65232790168375 3605.5460822680034 283.27485989965498 147.22108999453485 125.53896421380341 16.770561020355672 1310.9136048122309 84.972459763288498 95.558245650492609 63.423168292269111 70.952218642923981 329.73726036958396 871.19039122154936 497.35635829903185 624.98400788940489 5793.1760039627552 3837.5893000639044 328.29936775518581 230.4642896708101 0.46630450803786594 305.62376789981499 29.277864775620401 158.24728139815852 74.087768905796111 1.9680393356829871 104.2951134541072
leaf_count=1554 95218 2010 34538 28089 8882 295581 2501 1237 1758 1582 85091 1046 2456 374 1980 2019 29768 4914 15275 261390 81161 24809 33705 46 38036 412 1497 10808 270 6703
internal_value=-3.82565e-05 0.00141284 -0.00219297 0.00197339 -0.00162699 -0.00128761 -0.00400071 0.00065324 0.00651257 -0.0026799 -4.55053e-05 0.000141333 0.00321273 0.00531782 0.00217366 0.0140667 0.00343692 0.00870013 -0.00407602 -2.19689e-05 0.00118362 -0.00688861 -0.00772725 0.0204352 -0.00840689 0.00843219 0.0124591 -0.00450114 -0.00181237 -0.00385584
internal_weight=24919.4 13023.8 1752.24 11271.6 11895.6 11268.7 1497.47 556.035 272.76 5365.82 1655.98 4548.19 6723.37 2221.91 4501.46 393.16 1828.75 592.915 709.956 5902.83 3908.54 345.07 626.917 14.7727 612.144 254.776 187.525 381.68 307.592 3709.84
internal_count=1074710 306253 43953 262300 768457 684038 40034 5496 2995 413766 111482 111539 150761 60250 90511 2393 57857 7370 16321 270272 83141 26391 84419 1600 82819 3919 1909 49114 38306 302284
is_linear=0
shrinkage=0.03


Tree=101
num_leaves=31
num_cat=0
split_feature=18 3 13 13 2 16 15 18 1 16 12 15 13 12 16 1 4 12 1 12 13 3 12 3 4 13 15 13 12 3
split_gain=60.831 30.4417 25.8489 22.1537 20.0627 18.7446 18.3539 17.9919 35.6785 19.4612 16.6693 15.6679 15.2262 15.1027 14.5617 14.1952 13.9859 11.5581 10.922 11.7325 15.6371 10.1828 10.0122 9.7914 25.7586 9.59917 17.5564 10.0911 9.25411 10.5603
threshold=1.1806250071773927 3.8706878068420063 1557.5000000000002 413.50000000000006 0.4537284794992576 0.61167854009310574 0.73586394165535973 2.5356922525243886 0.72918269578977879 16.70309435626103 3355.5000000000005 0.95600852488306975 968.50000000000011 221.50000000000003 8.1484450410231677 0.99971295775824098 4.9254909913200509 3440.5000000000005 0.9998109654937305 946.50000000000011 761.50000000000011 2.0917720958091501 1828.5000000000002 2.2314448791846551 3.7782013703158861 4015.5000000000005 1.8534170985424194 917.50000000000011 326.50000000000006 3.9804287976848332
decision_type=2 2 2 2 2 2 2 2 2 2 2 2 2 2 2 2 2 2 2 2 2 2 2 2 2 2 2 2 2 2
left_child=5 2 4 -3 11 18 22 9 -9 -6 21 -2 13 -7 25 -15 -16 23 28 20 -20 -8 -4 24 -14 27 -27 -5 29 -1
right_child=1 3 6 14 7 12 10 8 -10 -11 -12 -13 17 15 16 -17 -18 -19 19 -21 -22 -23 -24 -25 -26 26 -28 -29 -30 -31
leaf_value=0.0071477379569485407 -0.0069463626019580652 0.010454443442790637 -0.0047763796039176354 -0.0045947320304050463 0.0026871057676450334 -0.0094422264955316242 0.0016900620536226601 0.011305217945279316 0.0025625148788998848 -0.0015223531039372882 -0.011651380613362499 0.00058327272993452018 -0.0029146013945187781 -0.00023708462030295696 0.0083345228128852353 0.0096736566911410863 -0.005391150632261886 -0.014771142682776271 0.032330751029330515 -0.030224913989956807 0.29138134985901154 -0.00189534878775268 -0.016998361716520739 -0.0057037526752445515 0.0056616585348027099 0.17361444935916345 -0.0084694590591093862 -0.012742306812268992 -0.0088555685381334487 0.14445337304482889
leaf_weight=24.02000047406182 269.95607386995107 83.281991684809327 236.27168935677037 260.9344024755992 5813.0182397863828 153.7367458967492 1636.692344725132 601.75237830821425 1391.7027643546462 1190.9775596559048 112.30336515232921 3161.3007228998467 3132.2441011751071 3060.5432360693812 106.50592575035989 135.8411609986797 179.28107697609812 73.141472772695124 0.47885010391473659 0.56815886637195945 0.37312928168103099 1263.0714784990996 81.006338894832879 815.35246848454699 350.45240957709029 0.73493078071623985 1.3557149614207444 287.60968456696719 484.71857292810455 0.51493499241769214
leaf_count=2645 19325 1824 19687 8524 168306 10851 95136 2883 7817 12806 8531 56914 251095 134925 1309 5825 2392 7684 54 80 52 71320 8336 60435 23834 57 97 18192 73718 56
internal_value=-3.73831e-05 0.00100417 0.00131381 -0.00430118 0.00194268 -0.00214754 -0.00103379 0.00268702 0.00520162 0.00197132 -0.000310862 -9.1256e-06 -0.00177939 -0.000257646 -0.00577039 0.000184106 -0.000275923 -0.00294566 -0.00771403 0.0753673 0.145783 0.000128338 -0.00789685 -0.00274442 -0.0020516 -0.00862209 0.055539 -0.00886662 -0.00794572 0.0100295
internal_weight=24909.7 16677.8 15758.1 919.704 12428.7 8231.99 3329.35 8997.45 1993.46 7004 3012.07 3431.26 7721.31 3350.12 836.422 3196.38 285.787 4371.19 510.674 1.42014 0.851979 2899.76 317.278 4298.05 3482.7 550.635 2.09065 548.544 509.254 24.5349
internal_count=1074710 503456 471061 32395 268051 571254 203010 191812 10700 181112 174987 76239 494649 151601 30571 140750 3701 343048 76605 186 106 166456 28023 335364 274929 26870 154 26716 76419 2701
is_linear=0
shrinkage=0.03


Tree=102
num_leaves=31
num_cat=0
split_feature=14 3 13 2 18 17 17 14 3 13 17 17 12 13 13 0 12 17 13 17 11 17 11 16 13 17 17 13 14 13
split_gain=57.5193 21.2036 37.3901 43.1949 30.0532 53.2826 29.276 36.0314 28.5431 24.4142 23.2681 57.5567 23.1864 23.1068 22.9406 22.2159 19.669 16.7311 21.0478 16.4655 26.5879 18.8289 34.7833 31.6433 23.9685 20.16 43.948 24.0467 17.8142 17.2033
threshold=2.335062983027687 1.2187921558565142 435.50000000000006 1.3626564913567683 2.5545453977855774 -68.13585245609282 -34.606435394287104 6.6221092040739347 1.8595630120295914 291.50000000000006 -597.77490997314442 -807.87125414980642 279.50000000000006 531.50000000000011 977.50000000000011 7.5000000000000009 221.50000000000003 -392.09264755249018 2176.5000000000005 -1822.7151245117186 2809.7083333333335 -1270.4196341378345 3019.1111111111118 1.0275705981264263 2760.5000000000005 -1068.5440979003904 -758.91526704676005 1589.5000000000002 1.5490500164550238 2059.5000000000005
decision_type=2 2 2 2 2 2 2 2 2 2 2 2 2 2 2 2 2 2 2 2 2 2 2 2 2 2 2 2 2 2
left_child=19 10 8 4 5 -4 7 -5 15 -10 11 -2 -11 -8 -6 -3 -12 -18 -19 20 -1 23 25 29 28 27 -27 -23 -25 -21
right_child=1 2 3 6 14 -7 13 -9 9 12 16 -13 -14 -15 -16 -17 17 18 -20 21 -22 22 -24 24 -26 26 -28 -29 -30 -31
leaf_value=-0.023438062492013939 0.0036239900938174006 0.0039476752427439052 0.0045630872998936823 -0.0023087322519997708 0.015141601955574254 -0.0040902583333005419 0.003162520367944966 0.0024138678508886678 -0.0013849116988524552 0.021885076795050192 -0.010980971928801382 -0.021865386940735504 0.0089889351788092556 -0.01686324734092454 0.0021462537450584913 -0.016610371980364511 0.0071882951208422146 3.1233014125237842e-05 -0.018907013262998876 0.0003231291644431245 -0.0026831975809037656 0.0029702875882172907 -0.016997075967339199 0.007658234567675116 0.00037066490333371332 0.0030779529738654827 -0.0028335524867911374 -0.0092624727949347264 0.024867633238272686 -0.01803097438143136
leaf_weight=84.057692197151482 169.11260702647269 183.33466803003103 2798.438587221317 2968.9592052330263 326.83137997239828 830.46075937151909 75.226620528846979 2849.4549533408135 127.47392598260194 184.70365292020142 144.43321857322007 150.84863680088893 391.28941803239286 166.92303174175322 195.31829085247591 63.762650541029871 294.40500927716494 4801.8342618942261 53.40397237194702 110.86658173939213 163.79732896247879 187.85226680617779 142.23318649129942 144.84961695969105 227.18440883141011 1482.3235471225344 4786.965645856224 628.53485582908615 86.440627475269139 78.506089242175221
leaf_count=12804 10411 3821 99472 104074 1378 9070 695 35009 4576 2957 6687 22518 5895 1798 1246 884 15420 99803 2980 14843 15196 19100 16420 10269 14550 121788 349819 57196 4204 9827
internal_value=-3.65154e-05 0.000966846 0.00172323 0.00119348 0.00355107 0.0025828 -0.000421295 4.06912e-06 0.00741414 0.0104951 -0.000537043 -0.00839321 0.0131243 -0.010642 0.0102805 -0.00135726 -6.22358e-05 0.000244005 -0.000177073 -0.00210858 -0.00972201 -0.00186898 -0.00230813 0.00303059 0.00729173 -0.00201327 -0.00143582 -0.00644769 0.0140899 -0.00728572
internal_weight=24899.8 16776.2 11162.2 10211.6 4151.05 3628.9 6060.56 5818.41 950.564 703.467 5614.04 319.961 575.993 242.15 522.15 247.097 5294.08 5149.64 4855.24 8123.61 247.855 7875.76 7227.91 647.847 458.475 7085.68 6269.29 816.387 231.29 189.373
internal_count=1074710 428694 270875 252742 111166 108542 141576 139083 18133 13428 157819 32929 8852 2493 2624 4705 124890 118203 102783 646016 28000 618016 564323 53693 29023 547903 471607 76296 14473 24670
is_linear=0
shrinkage=0.03


Tree=103
num_leaves=31
num_cat=0
split_feature=19 3 14 11 11 16 6 17 17 19 10 0 4 11 17 11 14 17 14 15 11 11 17 17 5 19 14 11 6 6
split_gain=55.764 28.581 23.4642 22.2532 20.436 17.7626 16.5086 19.672 16.4803 14.8173 14.2452 27.3018 13.9065 13.8525 17.0658 15.9438 31.1241 15.9012 15.2864 14.1977 16.3526 13.485 13.0532 12.5819 11.0126 10.876 10.3424 10.1602 12.6194 31.4228
threshold=2.3612500143547854 3.8706878068420063 1.1048191941046255 3629.1666666666674 366.68333333333339 0.61167854009310574 48.379082802855173 -37.412331277673893 -1614.2978244357637 5.1090907955711549 6.2131779732280963 26.500000000000004 5.2104570889984503 944.61250000000007 -1234.4096272786458 2056.0500000000006 0.9740311914509554 -61.600145966666084 5.9387747353260112 6.6225139260249568 356.08333333333343 3219.1428571428573 -775.80947570800765 -1078.8055969238278 18.970178466496055 4.6419046866515332 1.2800859558359161 385.45000000000005 3.8743961435636272 4.3206215643401498
decision_type=2 2 2 2 2 2 2 2 2 2 2 2 2 2 2 2 2 2 2 2 2 2 2 2 2 2 2 2 2 2
left_child=5 2 8 6 -3 27 7 -4 -2 -8 25 -12 -6 17 15 26 -17 18 22 20 -19 23 -7 -16 -23 -10 -15 28 -1 -30
right_child=1 4 3 -5 12 13 9 -9 10 -11 11 -13 -14 14 21 16 -18 19 -20 -21 -22 24 -24 -25 -26 -27 -28 -29 29 -31
leaf_value=0.00015490983205596189 -0.018717688876486376 0.01062269173582071 0.0023040843611386278 -0.010293760374125438 -0.0020512489411263031 0.069880990861955997 -0.0028296567608150432 -0.0021673098288954905 -0.0039731785110438391 0.0083270929848170382 0.010844347202072682 0.12949001819699088 -0.00981444601074603 0.014715743209819861 -0.0085122456197923024 -0.016184592648417664 0.0042085635225179623 -0.0058319483613632466 0.0065185309177395161 0.00067788218728028946 -0.023250115742981286 -0.01612773613140325 -0.00032508982352520216 -0.0026821880229578282 0.10766306380952377 0.00566004264456226 0.096779090026331185 -0.0087027888632246787 0.28012413363943112 0.027225614785268488
leaf_weight=31.511754407081753 57.155851251911372 76.769981066230685 12428.143690359779 140.92865282576531 461.01363088050857 2.3855874929577103 1066.1528313872404 953.4706575376913 854.07487890217453 119.10460567288101 28.148240291047845 1.8609446012414981 377.90925251599401 60.565914719365537 371.07616691151634 83.171552718151361 354.19050962477922 206.50247897487134 336.78666645102203 196.43157746922225 63.403395514003932 86.724528895691037 2677.5193320717663 3259.9169898689725 0.65164033696055312 120.34147998131812 1.4144658418372262 468.80274706846103 0.48314597737043996 5.2144854823127389
leaf_count=3656 7155 1704 334911 10298 16932 138 32997 10023 70788 573 1645 116 13759 5480 35101 10523 24556 10363 6031 5014 1711 10539 134829 250216 55 2555 93 72267 52 630
internal_value=-3.58057e-05 0.000960038 0.00125924 0.00157014 -0.00419258 -0.00206045 0.00168492 0.00198549 -0.00304815 -0.00170853 -0.00215649 0.0182019 -0.00554833 -0.00170268 -0.00285895 0.00234849 0.000330471 -0.000302514 0.000494458 -0.00545804 -0.00992364 -0.00355826 -0.000262594 -0.003278 -0.0152045 -0.00278347 0.0165885 -0.00750516 0.00758384 0.0486708
internal_weight=24891.8 16685.1 15769.4 14707.8 915.693 8206.75 14566.9 13381.6 1061.58 1185.26 1004.43 30.0092 838.923 7700.74 4217.71 499.342 437.362 3483.03 3016.69 466.337 269.906 3718.37 2679.9 3630.99 87.3762 974.416 61.9804 506.012 37.2094 5.69763
internal_count=1074710 503456 471061 388802 32395 571254 378504 344934 82259 33570 75104 1761 30691 494649 336563 40652 35079 158086 140998 17088 12074 295911 134967 285317 10594 73343 5573 76605 4338 682
is_linear=0
shrinkage=0.03


Tree=104
num_leaves=31
num_cat=0
split_feature=18 3 13 3 15 12 12 8 17 0 13 12 15 17 17 17 17 12 12 12 13 9 12 15 17 8 13 13 17 15
split_gain=52.9788 25.9068 32.019 25.4023 24.4057 20.9867 20.3773 17.8785 19.8817 15.8958 22.6297 24.237 14.9726 28.0567 92.2043 27.2705 16.9589 23.9422 14.8966 14.1943 19.0454 21.5516 18.8208 14.1301 18.6516 19.2169 17.9693 12.8306 12.4284 16.0511
threshold=1.4807894927890679 3.2226592738934752 455.50000000000006 1.4285394201154988 0.34512366006540701 176.50000000000003 3284.5000000000005 100.7274774775556 -70.234172821044908 7.5000000000000009 503.50000000000006 308.50000000000006 1.8811200235950236 -860.58536105685755 -706.74450683593739 -938.49752807617176 -116.56556701660155 389.50000000000006 246.50000000000003 817.50000000000011 306.50000000000006 0.78299036838036373 1119.5000000000002 4.9670787839183488 -34.606435394287104 111.77095517870252 531.50000000000011 345.50000000000006 -1316.9267054966515 3.7044522987087758
decision_type=2 2 2 2 2 2 2 2 2 2 2 2 2 2 2 2 2 2 2 2 2 2 2 2 2 2 2 2 2 2
left_child=4 3 -3 9 19 -5 12 8 -7 18 -11 -12 16 15 -15 -14 17 -6 -2 20 21 -1 -21 -4 25 -25 -26 -18 29 -8
right_child=1 2 23 5 6 7 28 -9 -10 10 11 -13 13 14 -16 -17 27 -19 -20 22 -22 -23 -24 24 26 -27 -28 -29 -30 -31
leaf_value=0.01244568145253463 -0.0098864298095906362 0.0082514644500495306 -0.0065218092835502206 0.014616241167615349 0.0086343782126557765 0.0046543230804107867 -0.0056093345320853451 -0.0017726977534949957 0.0010774989771520863 -0.019359270813076552 0.014205345640674192 -0.0042842283612929081 0.0045112555561503849 -0.018676946662641941 0.00027287472465741214 0.027191450964421628 -0.0023686204258044153 -0.002295874618162537 0.0011633413252773843 0.0035268192647654765 -0.014058218356770579 0.16196762413985602 -0.010660932652362544 0.0033168177889766315 0.008814177027039764 -0.010036866923350948 -0.023698157676339635 -0.016686102128824029 -0.0207637165438685 0.086089802146035455
leaf_weight=11.927391956094649 113.13413269957528 232.32954289810732 779.72893924731761 136.60298861982301 187.82302335370332 3630.1883136234246 71.408049141988158 706.74669956043363 2275.2135121915489 77.421534060034901 72.027728919871151 559.05805716570467 277.44691737974063 241.1473220041953 5541.6802202067338 57.623339769430459 102.39573897607625 4540.9413528740406 3731.7604328556918 178.21856860909611 264.95130857732147 0.93564399378374297 159.42630892759189 538.63290347578004 21.126506622880697 118.28870762139559 55.470478320494294 125.22125832270831 75.316264731343836 1.7603304628282774
leaf_count=1327 3647 3521 31813 1550 9703 118174 6377 12309 18728 967 768 14586 17222 34076 216277 3303 6782 375860 91571 21725 37520 86 23761 6233 208 1573 605 5582 8824 32
internal_value=-3.50155e-05 0.00128346 -0.00211805 0.00180881 -0.0014882 0.00297705 -0.00116921 0.00273659 0.00327626 7.73137e-05 -0.00405187 -0.00217396 -0.00102119 -2.83128e-05 -0.000517344 0.00841166 -0.00224674 -0.00186173 0.000838207 -0.00730486 -0.0123275 0.0233218 -0.00317223 -0.00371009 -0.000721231 0.000912284 -0.0147308 -0.0102452 -0.012209 -0.00340318
internal_weight=24886 13047.7 1745.58 11302.2 11838.2 6748.75 11222.8 6612.15 5905.4 4553.4 708.507 631.086 11074.3 6117.9 5782.83 335.07 4956.38 4728.76 3844.89 615.459 277.814 12.863 337.645 1513.25 733.519 656.922 76.597 227.617 148.485 73.1684
internal_count=1074710 306253 43953 262300 768457 150761 684038 149211 136902 111539 16321 15354 668805 270878 250353 20525 397927 385563 95218 84419 38933 1413 45486 40432 8619 7806 813 12364 15233 6409
is_linear=0
shrinkage=0.03


Tree=105
num_leaves=31
num_cat=0
split_feature=16 12 17 17 17 17 9 17 17 14 12 15 14 19 0 3 14 17 2 5 12 17 3 5 12 5 9 12 12 9
split_gain=50.6521 30.1882 36.1769 78.7019 27.9749 25.149 24.3254 22.6153 21.9465 31.8675 57.627 24.6449 22.2517 20.9249 35.5603 23.3087 23.1265 19.2471 19.1735 19.1699 18.72 25.5014 18.0807 32.6154 21.2979 16.6239 16.4299 15.7363 15.4292 13.6596
threshold=1.8121417687917083 968.50000000000011 -860.58536105685755 -603.95862375895172 -396.2207412719726 -784.22274727199374 0.43599371911295343 -925.56237792968739 -61.600145966666084 11.310041206355704 600.50000000000011 6.6225139260249568 17.256127804732923 4.4608570814132698 5.5000000000000009 2.3211313661598125 7.5121082678065649 -726.95694908728956 1.2118269368562495 8.0587123587096396 3355.5000000000005 -1206.5219116210935 3.1985831001260276 8.5890681520609231 154.50000000000003 11.501251919865178 0.43599371911295343 389.50000000000006 207.50000000000003 0.78299036838036373
decision_type=2 2 2 2 2 2 2 2 2 2 2 2 2 2 2 2 2 2 2 2 2 2 2 2 2 2 2 2 2 2
left_child=29 8 7 5 19 25 -6 20 9 22 11 -11 -12 14 15 -10 27 -7 -16 -5 21 -3 24 -24 -2 -4 -9 -15 -18 -1
right_child=1 2 3 4 6 17 -8 26 13 10 12 -13 -14 16 18 -17 28 -19 -20 -21 -22 -23 23 -25 -26 -27 -28 -29 -30 -31
leaf_value=-0.00322855289948959 0.028159527244334293 0.0080307103785868545 -0.0048487367929069989 0.0061300833388001344 -0.0037659314322967988 -0.018340950166368209 0.002025522253035495 0.023622842668863064 -0.0020838300622125208 0.012449142227799102 0.017957068567141209 -0.0092531764400238976 0.0029009205501694469 -0.0043865058288710427 -0.01301844627527343 0.0065746487008304004 0.013815178070247918 -0.0082606880688406385 -0.0031219305151384985 -0.0028640342583871269 -0.0098106157467464008 -0.00097668564921291902 0.0029845848189206108 -0.007036341035251953 0.0022881651107869955 0.018669054835540808 0.0052814475527084501 -0.026495044356763194 0.0017951390784200602 0.0025312607384562328
leaf_weight=4527.0150832580402 28.760516716167331 492.97728509642184 150.25662849098444 772.56526606203988 2130.0154723245651 329.88070256775245 941.11576964007691 76.452494270633906 990.52974609658122 63.862550221383572 368.08967095986009 179.34383108094335 116.24359107390046 139.8701706007123 341.82560463622212 389.98885401245207 99.976495578885078 352.79340494377539 363.60259224940091 294.60942828794941 115.37315897038206 663.77992411609739 634.51555779250339 542.01287282817066 6713.3139969022013 32.990194832440466 103.40902066370472 36.545961447060108 2485.7666213847697 403.60021919617429
leaf_count=406732 524 23961 12631 46042 82385 43373 30437 4928 24704 704 3298 1413 832 1170 5437 8072 583 40932 5874 16703 8922 46630 18357 15271 174201 2522 5281 214 13241 29336
internal_value=-3.43053e-05 0.000638608 -0.00104852 -0.00225818 -0.000537206 -0.0104828 -0.0019912 0.0031205 0.0014458 0.00235175 0.00836045 -0.00355446 0.0143435 -0.000169876 -0.00243786 0.000362142 0.00154287 -0.0131317 -0.00791743 0.00364712 0.0017127 0.00286201 0.00179969 -0.00163194 0.00239853 -0.000614794 0.0130777 -0.00896646 0.00225989 -0.00275708
internal_weight=24881.1 19950.5 6456.22 5004.23 4138.31 865.921 3071.13 1451.99 13494.2 8646.14 727.54 243.206 484.333 4848.11 2085.95 1380.52 2762.16 682.674 705.428 1067.17 1272.13 1156.76 7918.6 1176.53 6742.07 183.247 179.862 176.416 2585.74 4930.62
internal_count=1074710 638642 364747 275025 175567 99458 112822 89722 273895 214600 6247 2117 4130 59295 44087 32776 15208 84305 11311 62745 79513 70591 208353 33628 174725 15153 10209 1384 13824 436068
is_linear=0
shrinkage=0.03


Tree=106
num_leaves=31
num_cat=0
split_feature=18 13 3 17 15 12 17 17 15 12 17 12 16 16 16 12 16 17 2 13 13 16 17 16 2 14 14 13 17 17
split_gain=48.9838 27.2206 32.9977 25.9595 36.0435 49.5906 29.0934 17.3021 30.9446 49.8292 32.5044 34.9456 32.5029 28.0929 23.2376 22.4222 35.7271 38.3892 21.187 39.8696 17.0109 16.0196 15.5728 16.0907 18.6022 14.7426 13.27 12.5452 37.0672 15.7198
threshold=1.1806250071773927 892.50000000000011 3.8706878068420063 -40.424762677173213 10.175971148684917 607.50000000000011 -70.234172821044908 -79.272734156194716 3.0835791294642863 298.50000000000006 -116.56556701660155 358.50000000000006 5.8826812980888556 13.298521062271066 1.1463305165780875 652.50000000000011 9.0486510592843175 -52.761038144429513 0.84861327859668478 445.50000000000006 1810.5000000000002 0.61167854009310574 -848.47394111828919 2.029329885156351 4.399690486810699 6.6221092040739347 34.085753581708559 968.50000000000011 -744.26180267333973 -1251.5586206345329
decision_type=2 2 2 2 2 2 2 2 2 2 2 2 2 2 2 2 2 2 2 2 2 2 2 2 2 2 2 2 2 2
left_child=21 7 3 4 6 -6 -3 8 10 12 14 -12 -10 -11 -2 18 -17 -18 26 -20 -5 -1 23 -4 -25 -24 -9 28 -23 -29
right_child=1 2 22 20 5 -7 -8 15 9 13 11 -13 -14 -15 -16 16 17 -19 19 -21 -22 27 25 24 -26 -27 -28 29 -30 -31
leaf_value=-0.0071496693944107072 -0.0020921390168567541 -4.6171123581921195e-05 -0.006621781497811681 -0.010498934140824855 -0.016266524498987914 0.0065950916075296568 -0.0098577936740675467 -0.0031174522431781006 0.097270837865436555 0.0061543784987737942 0.0024103931544717412 -0.01260531796906215 0.019608141980374732 0.044645484688637355 0.0064943762196575461 -0.016213479091135886 0.016034777718372816 0.0012998321488137774 0.0081237448561550449 -0.00033021322219528538 0.033720192987410129 0.077149087672409841 -0.014876436240771689 0.01203533044615312 0.08384088412347375 -0.00088617387875437501 0.017283447725258087 0.0025181977355991344 -0.00034783159705294717 -0.0032959441916179462
leaf_weight=498.26632434688509 404.7835909659043 6368.0733287264593 25.276023034472018 255.34653745405376 91.8569550588727 1213.7323487456888 284.12746959365904 1443.7240256527439 8.8909277021884936 1282.3171452768147 295.7953757699579 263.97337610274553 10.670981146395205 17.295646786689758 947.97889265185222 59.71243274025619 293.60376476123929 347.44203756563365 667.21936851367354 2028.418412014842 8.0774550437927228 5.5639831833541384 246.29174340097234 11.966783379204573 4.4562243651598683 93.534185091033578 29.277454467490315 469.45063449908048 3339.9025544570759 3857.8127740914933
leaf_count=76605 26205 326488 2379 2412 775 10976 3692 16498 143 16202 6961 6898 99 131 31603 770 2078 2429 8987 19341 128 332 15251 736 262 1748 264 38616 151269 304432
internal_value=-3.36456e-05 0.000897455 -0.000277757 0.0001225 0.000429214 0.00498662 -0.000465243 0.00214544 0.00384728 0.00738197 0.00140922 -0.00467065 0.054906 0.00666663 0.00392506 0.00101596 0.00598115 0.00804855 0.000181302 0.0017623 -0.00914303 -0.00193708 -0.0089026 0.00839985 0.0315191 -0.0110257 -0.00271196 -0.00159857 -0.000218943 -0.00266519
internal_weight=24874.8 16703.8 8602.74 8221.21 7957.79 1305.59 6652.2 8101.1 3231.71 1319.17 1912.53 559.769 19.5619 1299.61 1352.76 4869.4 700.758 641.046 4168.64 2695.64 263.424 8171 381.525 41.699 16.423 339.826 1473 7672.73 3345.47 4327.26
internal_count=1074710 503456 364847 344471 341931 11751 330180 138609 88242 16575 71667 13859 242 16333 57808 50367 5277 4507 45090 28328 2540 571254 20376 3377 998 16999 16762 494649 151601 343048
is_linear=0
shrinkage=0.03


Tree=107
num_leaves=31
num_cat=0
split_feature=18 15 3 3 9 13 3 12 17 9 12 11 10 17 17 11 4 17 11 3 11 17 5 15 9 15 10 15 1 12
split_gain=46.4647 25.6991 21.3308 18.7384 23.7093 18.6669 25.0082 17.8354 21.84 17.5406 17.3102 26.106 19.4261 16.8841 18.9457 14.3807 13.0179 12.6193 12.7888 12.1928 12.079 29.7753 14.2411 13.5414 12.0179 11.9513 11.8143 13.1476 11.5435 11.0777
threshold=1.5866666866673367 0.37898770952290223 3.8706878068420063 1.3282106497196333 0.62262395801899417 655.50000000000011 1.9443859392913836 817.50000000000011 -1526.665344238281 0.2616650745605506 176.50000000000003 246.52272727272728 1.4359056972342907 -1657.6433105468748 -1388.8041398790144 324.67708333333343 5.6947452346724479 -1316.9267054966515 906.69047619047626 2.1129643797512729 1207.0294117647061 -764.1317734547149 7.1354409356000863 1.2535420972423805 0.044611917745758914 1.3519207209814972 1.8907223496628915 0.66430977868430674 0.58651808193448074 3154.5000000000005
decision_type=2 2 2 2 2 2 2 2 2 2 2 2 2 2 2 2 2 2 2 2 2 2 2 2 2 2 2 2 2 2
left_child=1 7 10 20 5 9 -7 15 -9 -5 12 -12 -2 -13 -15 -1 -17 24 -19 -14 21 22 -3 -23 25 -4 -22 -28 -18 -6
right_child=2 3 17 4 29 6 -8 8 -10 -11 11 13 19 14 -16 16 28 18 -20 -21 26 23 -24 -25 -26 -27 27 -29 -30 -31
leaf_value=0.01126315422817053 -0.0036176385411530875 0.014993289177084659 0.0028279463351145442 0.006059143846212047 0.0034715155964328212 0.001822425818954706 -0.0031300787442092269 -0.019701410508819687 0.00029765087336894205 -0.0021396506491471096 -0.013360420115262665 -0.013262154954681421 0.02730056970755379 0.014595915617684058 0.001573886443289467 -0.014886202884998112 0.044326713810147945 -0.0017248731756772985 -0.011255080519292335 0.0093388634829811527 -0.0045343819532838005 -0.0057946871543955447 0.11894341936269044 -0.00067899507021311424 -0.013301321337245226 0.13946538216171997 0.06356546530406941 0.0057611508163163223 -0.017583304062113541 -0.020470510213614582
leaf_weight=22.341658652294427 63.169184087309986 82.432120723649859 0.90469522261992041 598.06899192649871 1616.9246405679733 1282.9791548498906 3222.5809058728628 57.252767071127892 347.01492716511711 386.6953487386927 105.96334297442809 68.349185497965664 55.849447963293642 101.49766056519002 10807.709277995862 292.50045628426597 6.4219056721776706 455.66323263244703 175.54975440306589 86.995683297514915 1944.5283790370449 575.90700401877984 1.2034543966874469 2433.3471396407112 1.7178242430090902 1.5863378308713434 3.8299220432527354 47.002248918637633 4.6902005290612578 17.581907424610108
leaf_count=2343 1378 5886 92 23293 75777 86742 190879 10418 41916 13480 3226 5990 647 5499 221597 40040 594 8339 8773 941 171360 51015 66 99089 97 76 305 2999 479 1374
internal_value=-3.29886e-05 -0.00127769 0.00131801 -0.000950824 4.22275e-05 -0.000902024 -0.00171983 -0.00674461 -0.00253463 0.00283966 0.00161902 0.00145887 0.0102354 0.00160191 0.00169504 -0.0119661 -0.0136754 -0.00403014 -0.00437537 0.0163615 -0.00234135 -0.00116731 0.0164891 -0.00165803 0.0477441 0.0898413 -0.00416115 0.0101164 0.0181957 0.00321398
internal_weight=24868.3 12943.3 11925 12213.1 7124.83 5490.32 4505.56 730.222 404.268 984.764 11289.5 11083.5 206.014 10977.6 10909.2 325.954 303.613 635.422 631.213 142.845 5088.25 3092.89 83.6356 3009.25 4.20886 2.49103 1995.36 50.8322 11.1121 1634.51
internal_count=1074710 818055 256655 722265 391545 314394 277621 95790 52334 36773 239278 236312 2966 233086 227096 43456 41113 17377 17112 1588 330720 156056 5952 150104 265 168 174664 3304 1073 77151
is_linear=0
shrinkage=0.03


Tree=108
num_leaves=31
num_cat=0
split_feature=14 13 17 16 9 18 18 2 17 17 18 13 14 10 11 18 9 17 14 13 17 11 14 11 17 17 17 3 0 1
split_gain=45.4911 29.221 99.7632 32.5404 32.2996 36.3715 31.1892 25.172 23.9822 35.222 30.9541 25.8101 37.7814 25.4365 24.9806 24.7469 34.9014 22.5085 44.6438 41.7262 22.1385 20.5637 18.7553 19.1264 17.2853 23.4442 17.1015 16.9682 16.4463 48.5168
threshold=5.5355879541042219 690.50000000000011 -96.101752471923803 0.15762251529357998 0.49018222839078368 2.4322499512384339 1.1806250071773927 0.42355262235047914 -70.234172821044908 -103.67090988159178 1.460000006688966 549.50000000000011 9.1586180932514161 7.1976031558557265 1483.6076923076923 2.5545453977855774 0.39725087514199398 -119.84022140502928 2.5476194848229947 403.50000000000006 -257.93705813089997 1336.0384615384617 8.7444994050728724 462.35416666666669 -177.87193107604978 -242.88732910156247 -34.606435394287104 1.2342557069151019 66.500000000000014 0.57173676822017239
decision_type=2 2 2 2 2 2 2 2 2 2 2 2 2 2 2 2 2 2 2 2 2 2 2 2 2 2 2 2 2 2
left_child=1 3 4 -1 28 7 24 -6 9 10 20 12 -11 14 -13 16 26 18 -8 -19 -2 -7 23 -17 25 -5 27 -10 -3 -30
right_child=8 2 -4 6 5 21 17 -9 15 11 -12 13 -14 -15 -16 22 -18 19 -20 -21 -22 -23 -24 -25 -26 -27 -28 -29 29 -31
leaf_value=-0.015023183703996829 0.0061787375200075736 -0.0025977903382254936 -0.020452965966570664 -0.0026579795475154882 -0.0048055475799450506 0.03615258547431497 0.0049553870443876623 0.0016452802652148072 -0.00056069832320421653 0.0032373944724162968 0.0036423263538050811 0.0088609894333658481 -0.024142606167976144 -0.0066446030117365872 -0.011588444590878296 -0.00042900329723999999 -0.0043064639299603075 0.0089917526294243585 0.024355040412390814 -0.0021835628084477176 -0.0076003219995694786 -0.012390196720052026 0.0034506821422519191 -0.020222051548767713 -0.0029077199241354977 0.010852839882363258 -0.0084184037054172434 0.0060287585100909195 -0.01894566199090943 0.21525925683678007
leaf_weight=109.12704736553133 131.02248600358143 7273.6790446564555 252.86561889201403 242.71236515557393 660.75851885788143 39.386878692544997 657.81095107272267 3091.9146168208681 670.7719136159867 211.32557279057801 930.91738762939349 1670.3434812258929 57.75398326665163 110.49686933122575 55.550945213064551 169.60477863252163 1696.7591158626601 460.57831217162311 127.44621777534485 866.24702944606543 527.21936706081033 9.8103277250193042 2283.2956332154572 59.302303291857243 1400.7026325631887 220.6889662691392 131.47823250479996 739.38762913644314 2.2939824676141138 1.2191058686003087
leaf_count=15268 5456 545132 5656 23568 50773 455 24919 183249 11300 2272 20426 18857 407 1519 1263 929 19885 11736 2564 15751 15705 522 11375 317 60083 11613 3663 9878 110 59
internal_value=-3.22749e-05 -0.0010367 -0.00182089 0.00113853 -0.00139564 0.000845412 0.00158209 0.000509439 0.00160722 0.00349317 0.000121587 0.00603796 -0.00263932 0.00730941 0.00820279 0.000395537 -0.00133782 0.00407823 0.00810393 0.0016957 -0.00485761 0.0264728 0.00262994 -0.00555673 -0.00124611 0.00377638 0.00192954 0.00289435 -0.00256645 0.0623277
internal_weight=24862.5 15417.2 11331.9 4085.31 11079.1 3801.87 3976.19 3752.67 9445.23 3694.63 1589.16 2105.47 269.08 1836.39 1725.89 5750.6 3238.4 2112.08 785.257 1326.83 658.242 49.1972 2512.2 228.907 1864.1 463.401 1541.64 1410.16 7277.19 3.51309
internal_count=1074710 951458 785956 165502 780300 234999 150234 234022 123252 65905 41587 24318 2679 21639 20120 57347 44726 54970 27483 27487 21161 977 12621 1246 95264 35181 24841 21178 545301 169
is_linear=0
shrinkage=0.03


Tree=109
num_leaves=31
num_cat=0
split_feature=16 13 17 13 17 17 17 15 13 16 3 11 14 11 14 11 9 15 3 17 1 16 12 17 15 9 16 5 0 16
split_gain=43.6733 29.45 39.3577 26.8204 20.9912 26.9856 32.4671 26.3876 21.3675 21.1973 30.9221 18.755 18.493 18.3995 15.7184 18.517 15.6702 15.9141 14.8729 14.2034 22.7435 14.8843 13.7618 13.5149 13.1761 12.257 11.1301 11.0772 12.6829 11.9433
threshold=1.8121417687917083 1621.5000000000002 -1206.5219116210935 3363.5000000000005 -837.79803466796864 -591.57517089843736 -295.875749860491 1.2535420972423805 831.50000000000011 3.8588045247127387 1.9183811799901505 3219.1428571428573 4.9906453900709229 1071.6754385964916 3.036498724689173 3333.12962962963 0.4108192790326311 4.4579398981151312 2.9096919994454225 -1507.0461853027343 0.7811720288767422 3.5448815205403919 2993.5000000000005 -784.22274727199374 0.57545260794939257 0.78299036838036373 2.7879833518724513 22.066891997793167 23.500000000000004 0.19814062963649856
decision_type=2 2 2 2 2 2 2 2 2 2 2 2 2 2 2 2 2 2 2 2 2 2 2 2 2 2 2 2 2 2
left_child=25 4 3 19 18 9 7 -7 -8 13 -11 16 23 -6 -5 -16 17 -4 -2 20 -3 -21 -18 -13 -20 27 -26 28 29 -1
right_child=1 2 11 14 5 6 8 -9 -10 10 -12 12 -14 -15 15 -17 22 -19 24 21 -22 -23 -24 -25 26 -27 -28 -29 -30 -31
leaf_value=-0.0093118545877638181 0.0094169551192490927 0.012594001047154848 -0.0064392823357092791 -0.0056887017224823977 0.017718393129178941 -0.003699816401046687 0.0017520931474908365 0.0079734185843767652 -0.00061079214451230954 -0.00064733121343793314 0.27221387483819376 -0.0081254707842123193 0.020776119990133166 -0.010959826832840537 0.035832920846225719 0.0015940940869922262 -0.00054756596455667148 0.00080754872057149554 0.1259730311825713 0.0080337882386477578 0.056323536355739307 0.090789474227704461 0.053160751797837663 -0.024759401147714459 0.019956486884349613 0.0024302784147246948 0.10740505177767433 0.0068673735960871479 -0.016208950086585579 -0.0026482866968180617
leaf_weight=257.38991076126695 140.84936177358031 34.61013994179666 1121.4761682343669 202.57452237140387 21.82412460912019 211.11048395372927 8746.2087403954938 999.12833564914763 5682.0452364850789 1.0059983851388086 0.59479212155565608 115.93341415468603 14.465890777297316 260.08858024235815 19.183628248050809 54.897009518928826 1609.6494851508178 360.3607658338733 1.5313773527741421 256.28365940321237 15.496958848088978 1.9710726784542192 4.3052253560163072 70.811686186585575 9.4748013932257873 404.69190911063924 1.5200331173837174 99.700038732495159 66.885862695518881 4068.6909487750381
leaf_count=40384 5622 1588 94916 13485 1801 12979 159215 54154 119442 79 49 10094 615 25105 506 1911 98398 15325 66 12108 667 73 387 9546 443 29336 68 7190 5918 353240
internal_value=-3.17173e-05 0.000591233 -0.00175388 0.00541717 0.00115755 0.00105115 0.00121745 0.00593717 0.000821556 -0.00812158 0.100737 -0.00302631 -0.0119016 -0.00873972 -0.0013644 0.0104604 -0.00244946 -0.00467696 0.0122029 0.0115014 0.0261185 0.0086654 -0.000404299 -0.0144329 0.0435291 -0.00257032 0.0320462 -0.00302077 -0.00324518 -0.00304475
internal_weight=24854.8 19957.4 3882.02 585.017 16075.4 15922 15638.5 1210.24 14428.3 283.513 1.60079 3297 201.211 281.913 276.655 74.0806 3095.79 1481.84 153.376 308.362 50.1071 258.255 1613.95 186.745 12.5262 4897.36 10.9948 4492.67 4392.97 4326.08
internal_count=1074710 638642 259619 30338 379023 372824 345790 67133 278657 27034 128 229281 20255 26906 15902 2417 209026 110241 6199 14436 2255 12181 98785 19640 577 436068 511 406732 399542 393624
is_linear=0
shrinkage=0.03


Tree=110
num_leaves=31
num_cat=0
split_feature=14 9 12 17 3 17 17 18 12 18 9 10 15 17 17 17 12 17 12 15 17 15 14 17 12 18 17 8 3 17
split_gain=41.5978 25.4459 27.2528 76.1804 26.2588 22.7921 32.73 29.188 24.1673 23.2313 32.7819 22.8741 22.0965 29.4859 20.79 20.1181 18.7121 18.4674 18.2978 17.9742 27.768 21.5888 17.7235 17.3747 16.9731 16.9191 16.1564 16.1672 16.029 14.9416
threshold=5.5355879541042219 0.49018222839078368 405.50000000000006 -90.915058135986314 1.3161826528134064 -70.234172821044908 -103.67090988159178 1.460000006688966 1313.5000000000002 2.5545453977855774 0.39725087514199398 7.1976031558557265 0.94495321527988974 -1316.9267054966515 -257.93705813089997 -1822.7151245117186 515.50000000000011 -408.66375732421869 1841.5000000000002 28.969489194915258 -37.412331277673893 5.3579485299689331 8.7444994050728724 -50.952177445093788 459.50000000000006 1.2989655208998714 -34.606435394287104 59.484391132358851 0.40488783991110633 -163.87939453124997
decision_type=2 2 2 2 2 2 2 2 2 2 2 2 2 2 2 2 2 2 2 2 2 2 2 2 2 2 2 2 2 2
left_child=1 2 17 12 -3 6 7 14 11 10 26 28 18 -14 -2 -6 -5 -1 -4 21 -21 -12 24 25 -11 -19 27 -7 -8 -16
right_child=5 4 3 16 15 9 8 -9 -10 22 19 -13 13 -15 29 -17 -18 23 -20 20 -22 -23 -24 -25 -26 -27 -28 -29 -30 -31
leaf_value=-0.0286511435750493 0.0059049718422619444 -0.0033992140261663579 -0.0037047392016085023 -0.0086514265531163047 -0.014912766889133221 0.0038140841522355611 0.0027673913090388285 0.0035232100939923054 -0.012246685082691635 -0.0011530630624691247 0.00217343920593296 -0.0062944241405867513 0.0075639976915099971 -0.0015335615477485474 -0.016968612299558088 0.0022924759230944021 -0.021000817323789462 -0.00016751074223785945 -0.012931320134046168 0.026968942001983437 -0.0095374616453906998 -0.0065833147614605958 0.0033118377144760263 -0.0093181413774333852 -0.021005824996012095 0.0062406369898801431 -0.0082611942595064696 -0.0070314735741353 0.0088712805503709663 -0.0047287437282732599
leaf_weight=17.746518781874329 131.96994715230539 1033.8551735766232 1383.0761757949367 229.56829515844584 62.204920853953809 1277.7098772460595 536.13451384752989 933.68280845275149 64.639932801946998 179.05221703648567 314.59415444359183 120.54709117859602 336.91003116685897 6636.0822395165451 115.04773328267038 3661.2988802609034 212.77572578098625 755.21020377706736 224.90191465476528 40.584888078272343 34.85808239877224 1302.3633269201964 2286.9960301108658 111.15565413516015 49.465549319982529 728.51889333827421 130.67035101819783 136.96083221957088 1393.8577515985817 408.37584686279297
leaf_count=2498 5456 67591 150123 5073 6116 19258 5919 20426 1427 971 3825 1589 23343 410783 4874 190804 5102 37687 28083 334 477 15249 11375 4846 275 19409 3663 1920 15383 10831
internal_value=-3.10873e-05 -0.000993161 -0.00180892 -0.0024509 0.000830607 0.00153481 0.00337021 0.000116756 0.00581445 0.00035308 -0.00132725 0.00638379 -0.00182505 -0.001094 -0.00473613 0.00200504 -0.0145917 0.00178323 -0.00499523 -0.00421179 0.0101013 -0.00487961 0.00251584 0.00212188 -0.00545044 0.00297892 0.0018318 0.00276408 0.00717567 -0.00741905
internal_weight=24850.8 15393.3 10635.9 9023.31 4757.36 9457.51 3704.26 1589.08 2115.18 5753.26 3237.74 2050.54 8580.97 6972.99 655.394 3723.5 442.344 1612.63 1607.98 1692.4 75.443 1616.96 2515.51 1594.88 228.518 1483.73 1545.34 1414.67 1929.99 523.424
internal_count=1074710 951458 686947 622507 264511 123252 65905 41587 24318 57347 44726 22891 612332 434126 21161 196920 10175 64440 178206 19885 811 19074 12621 61942 1246 57096 24841 21178 21302 15705
is_linear=0
shrinkage=0.03


Tree=111
num_leaves=31
num_cat=0
split_feature=14 8 6 3 13 3 3 14 13 10 0 12 0 7 1 0 5 9 8 15 13 9 5 12 3 12 12 15 9 18
split_gain=40.0458 18.9324 27.9952 25.7587 25.482 32.8986 26.9471 38.177 24.5877 21.6729 17.9917 16.3599 15.4916 14.9767 14.594 17.2666 16.048 13.8887 14.0327 14.2866 12.3977 12.2678 12.4171 12.1935 14.0372 13.3242 11.62 15.0576 22.9771 10.9802
threshold=2.335062983027687 111.77095517870252 4.4455980578897174 1.2187921558565142 435.50000000000006 2.2420321181340928 2.1990242965114755 6.6221092040739347 275.50000000000006 2.7272211961227102 7.5000000000000009 221.50000000000003 6.5000000000000009 0.69518813500977517 0.35277063460041597 10.500000000000002 8.3306002935598631 0.51422212665187605 228.98449691322131 1.2317545118464428 540.50000000000011 0.27391400251408471 4.0726309855401821 1172.5000000000002 1.7596081693400405 2671.5000000000005 1377.5000000000002 0.73586394165535973 0.95194112739748704 2.5545453977855774
decision_type=2 2 2 2 2 2 2 2 2 2 2 2 2 2 2 2 2 2 2 2 2 2 2 2 2 2 2 2 2 2
left_child=14 3 13 11 5 10 9 -8 -7 -6 -5 -2 -13 -3 16 -16 26 18 -17 -20 -14 -15 -23 24 -19 -25 -1 28 -28 -18
right_child=1 2 -4 4 6 8 7 -9 -10 -11 -12 12 20 21 15 17 29 23 19 -21 -22 22 -24 25 -26 -27 27 -29 -30 -31
leaf_value=-0.0013680978549314962 -0.011273180588623987 -0.019245738672432684 -0.005444881247357489 0.0040409514449616987 0.0045708869776973481 -0.0045456773595467185 -0.0024428035815025478 0.002896442682363427 0.014756978616070202 -7.1860957179875365e-05 -0.011435561055075363 0.00014238653410471381 -0.020893334172629067 -0.010289324570477732 -0.0015471342170331865 -0.002507789597114095 -0.011405190593306221 -0.0036096533650844588 0.017986641951380479 0.13627987747110812 -0.0041335782196504616 0.0055271056761431866 0.027209595808399035 0.013438499256614762 0.0090426870624377258 -0.016111491379126774 -0.014670162390977997 -0.0037189964533003951 0.098612834501053043 0.076865561817004754
leaf_weight=2121.1822010590695 125.82566585019231 23.72075594868511 944.84854116337374 255.98930926248431 3144.6847987635992 69.185716731473804 2637.9593599042855 2219.2247415464371 419.54892144352198 1270.5259948000312 91.863519279286265 4824.3593028513715 44.7818299010396 40.690601439680904 3652.9716808898374 318.16337385866791 227.17693723365664 168.02337365970016 3.4042873126454642 1.2585664917714892 351.68285527871922 325.16040569869801 25.645560148637742 208.27912286436185 148.81659845309332 14.702589346095918 161.79563871584833 999.03037119284272 1.627625558990984 1.2754085483029474
leaf_count=172163 6254 693 18067 5293 87512 2709 93394 27526 6570 25343 1312 134073 590 995 284907 22487 16566 10524 151 74 11039 6825 499 14585 8218 1241 22331 92623 132 14
internal_value=-3.0484e-05 0.000801726 -0.00259163 0.00110033 0.00199103 0.00700549 0.0015386 -3.32689e-06 0.0120245 0.00323488 -4.61992e-05 -0.000583708 -0.000326084 0.00390109 -0.00177372 -0.000645648 -0.00322412 0.00317179 -0.00175059 0.0499156 -0.00602664 0.00530355 0.0071122 0.00611549 0.00233303 0.0114901 -0.00268923 -0.00509995 -0.0135419 -0.0109124
internal_weight=24843.4 16815.7 1360.07 15455.6 10109 836.587 9272.39 4857.18 488.735 4415.21 347.853 5346.65 5220.82 415.217 8027.71 4515.62 3512.09 862.648 322.826 4.66285 396.465 391.497 350.806 539.822 316.84 222.982 3283.64 1162.45 163.423 228.452
internal_count=1074710 428694 27079 401615 249659 15884 233775 120920 9279 112855 6605 151956 145702 9012 646016 342187 303829 57280 22712 225 11629 8319 7324 34568 18742 15826 287249 115086 22463 16580
is_linear=0
shrinkage=0.03


Tree=112
num_leaves=31
num_cat=0
split_feature=18 3 2 13 17 17 16 16 18 13 3 16 6 1 16 14 5 11 16 17 11 12 13 17 12 12 17 17 13 11
split_gain=37.9121 23.5431 20.6307 22.2507 31.5039 19.661 34.094 30.2199 17.6798 17.5568 16.4002 13.4495 12.6436 12.3465 16.939 14.7407 13.3555 13.7697 11.801 13.1749 11.7913 11.7628 11.193 11.0545 18.4925 17.5399 10.8524 27.0265 63.3832 10.5951
threshold=1.1806250071773927 3.8161257321582069 0.4537284794992576 796.50000000000011 -34.606435394287104 -119.84022140502928 2.6565732366325374 3.7729044113589647 1.5866666866673367 413.50000000000006 2.1129643797512729 0.19814062963649856 20.658535419166487 0.999756906144046 0.34027280656452635 0.16579864545753673 4.3565047228422538 2976.0312500000005 8.1484450410231677 -34.606435394287104 3629.1666666666674 3440.5000000000005 1012.5000000000001 -1251.5586206345329 1841.5000000000002 1204.5000000000002 -346.95205861871887 -326.81986167214126 319.50000000000006 230.58333333333334
decision_type=2 2 2 2 2 2 2 2 2 2 2 2 2 2 2 2 2 2 2 2 2 2 2 2 2 2 2 2 2 2
left_child=11 2 8 5 10 6 -4 -7 -2 -3 -5 26 18 21 15 -15 17 -16 20 -20 -11 23 -18 24 -13 -25 -1 28 -28 -10
right_child=1 9 3 4 -6 7 -8 -9 29 12 -12 13 -14 14 16 -17 22 -19 19 -21 -22 -23 -24 25 -26 -27 27 -29 -30 -31
leaf_value=-0.011788654315685813 -0.0059905078730774792 0.0085670237827823268 0.0034494240631337942 0.0023969379152142252 -0.016922174358193834 -0.0063139374406131488 0.017223170226452762 0.0033422503332350057 -0.012333649264340468 -0.0062579427547174021 -0.00049036695108952083 0.019191538167080715 -0.011995844030847028 0.26661149398329015 0.021512743604184908 0.044485629057401554 0.0093278282462770507 0.14335181984161466 0.0043770668156912626 -0.019566815779701083 0.055623327554365831 -0.014097721807187314 -0.0089952989347958055 -0.00084814799896607571 0.00069765879294020046 -0.0039896026775816315 0.50200536876698687 -0.0015031097560821421 0.028381035777303193 0.00019954750756085633
leaf_weight=160.02558863908052 507.34759615361691 95.679822470992804 506.59194148285314 3453.282366973348 90.23454968072474 319.67860876396298 237.59690321516246 3331.8068952234462 61.751662382856011 479.93850952526554 3633.4783956920728 55.139516304712743 182.81519552785903 0.40421251626685151 25.259420579764996 0.80310659017413855 74.51255709072575 0.86335517838597198 223.89029067009687 22.787358881905675 2.787414130754768 68.286227735690773 50.232081959489733 4867.8949806783348 414.16363545553759 2382.4626424843445 0.33822076814249147 6.2648091008886686 1.0249144490808246 3580.5750069525093
leaf_count=30442 32788 2003 22616 127265 1027 9252 4994 33312 2468 23790 144290 6214 6515 60 1527 120 3406 86 2820 282 221 7559 4033 265696 36625 214374 56 862 194 89813
internal_value=-2.98318e-05 0.000786093 0.00107103 0.00172177 0.000692295 0.00340265 0.00784696 0.00249687 -0.000743769 -0.00365871 0.000916578 -0.0017135 -0.00494103 -0.00153595 0.00692978 0.118854 0.00603411 0.0255395 -0.00317283 0.0021652 -0.00590062 -0.00170126 0.00194948 -0.0015916 0.00287055 -0.00188043 -0.0101222 0.0248376 0.145897 -1.29391e-05
internal_weight=24837.9 16730.2 15722.3 11572.7 7177 4395.67 744.189 3651.49 4149.67 1007.9 7086.76 8107.68 912.219 7940.02 152.075 1.20732 150.867 26.1228 729.404 246.678 482.726 7787.95 124.745 7719.66 469.303 7250.36 167.654 7.62794 1.36314 3642.33
internal_count=1074710 503456 467825 342756 272582 70174 27610 42564 125069 35631 271555 571254 33628 539700 9232 180 9052 1613 27113 3102 24011 530468 7439 522909 42839 480070 31554 1112 250 92281
is_linear=0
shrinkage=0.03


Tree=113
num_leaves=31
num_cat=0
split_feature=16 12 8 9 3 0 18 7 4 0 11 8 12 9 12 8 18 0 15 11 12 12 12 12 2 14 3 5 8 12
split_gain=37.0136 26.8174 19.3785 28.3871 22.1653 21.1262 19.7378 27.4774 17.0406 15.8841 13.0426 12.6482 12.4423 11.1682 10.9435 10.5275 11.3305 16.86 16.2153 15.0649 10.2356 9.90855 7.50663 11.1673 13.7506 15.3408 10.8887 8.23412 7.58662 7.29873
threshold=1.8121417687917083 3355.5000000000005 111.77095517870252 0.99998822812911947 1.2187921558565142 4.5000000000000009 2.3689999570449198 0.71866938684426585 4.8494757364295777 4.5000000000000009 470.0384615384616 919.41414194555443 221.50000000000003 0.78299036838036373 1774.5000000000002 919.41414194555443 2.1765293841852866 10.500000000000002 0.32654811921986387 366.68333333333339 817.50000000000011 193.50000000000003 2104.5000000000005 1164.5000000000002 2.1412670517305732 0.33938011770432003 1.9347748264301461 10.172483786293755 6.7804848113112817 2035.5000000000002
decision_type=2 2 2 2 2 2 2 2 2 2 2 2 2 2 2 2 2 2 2 2 2 2 2 2 2 2 2 2 2 2
left_child=13 2 4 11 5 12 8 -8 -6 14 -7 21 -2 15 -5 16 18 -18 20 -19 -1 -4 23 24 28 -26 27 -25 -15 -20
right_child=1 -3 3 9 6 10 7 -9 -10 -11 -12 -13 -14 22 -16 -17 17 19 29 -21 -22 -23 -24 26 25 -27 -28 -29 -30 -31
leaf_value=-0.011614675119316102 -0.010076057266510469 -0.011621243086412389 0.014641760678417944 0.0057810448033492976 0.001929415806041305 -0.014967226766663101 0.0082467710029817173 0.0013878925042220612 -0.00072743147082319885 -0.0079638859966023462 -0.0036872289419595974 -0.013185627715004145 0.00028627953279373211 0.0065428977575086268 0.028282910533847332 -0.023696059978630175 0.00032332390824917203 -0.0095533735585820578 -0.0016479689749625296 0.035670282788540779 -0.0038032955582866564 -0.0043265889013593623 -0.015483907593944199 0.011994496661376954 0.11689714763334833 0.01786913787266264 -0.0087374161988834249 0.038842636552583458 -0.0048573967956163176 -0.0051475343860256069
leaf_weight=292.54770174482837 106.39181466121227 161.80837987316772 25.461983108893037 295.43920858111233 6865.8005499085411 108.54773216415197 901.7559249503538 1260.405162979383 3178.5177444666624 76.59382830793038 614.62080162810162 150.20199559861794 5269.6512710074894 74.017115535680205 20.822963028214872 21.613338909577578 162.31279805675149 9.0448445752263051 2982.142032881733 24.824888388626277 311.96819705283269 932.56170861562714 20.091595054138452 85.548395032063127 1.6278206505812693 10.421475228387861 20.70885247644037 11.685186432208864 181.02469927724451 653.99366469169036
leaf_count=40912 6823 14901 516 6110 266618 1854 5205 7464 103430 1579 24594 4060 172419 5338 1014 1759 4750 94 250247 440 43979 22055 1598 6573 168 621 1480 796 12762 64551
internal_value=-2.92384e-05 0.00054237 0.000641739 -0.00263518 0.000910448 -0.000566356 0.00164836 0.00424847 0.00108866 0.00429393 -0.00538036 -0.00509148 8.1209e-05 -0.00237612 0.00726259 -0.00280947 -0.00270772 0.00434076 -0.0030338 0.0235934 -0.00758351 -0.00382246 0.00239295 0.00332579 -6.93097e-05 0.0312475 0.0110143 0.015221 -0.00154885 -0.0022774
internal_weight=24832.2 19968.6 19806.8 1501.08 18305.7 6099.21 12206.5 2162.16 10044.3 392.856 723.169 1108.23 5376.04 4863.57 316.262 4458.45 4436.83 196.183 4240.65 33.8697 604.516 958.024 405.125 385.034 267.091 12.0493 117.942 97.2336 255.042 3636.14
internal_count=1074710 638642 623741 35334 588407 205690 382717 12669 370048 8703 26448 26631 179242 436068 7124 406732 404973 5284 399689 534 84891 22571 29336 27738 18889 789 8849 7369 18100 314798
is_linear=0
shrinkage=0.03


Tree=114
num_leaves=31
num_cat=0
split_feature=16 11 17 13 17 17 8 5 3 17 11 14 17 3 14 11 2 2 17 17 17 17 5 12 16 17 12 3 17 13
split_gain=34.9297 25.8451 43.0333 26.8633 22.656 20.2619 18.1216 24.0667 19.8801 24.9184 16.8756 17.489 16.5834 16.5385 16.5086 22.764 16.0732 14.6757 13.5377 67.1203 27.287 13.0764 13.048 17.3066 12.6242 12.376 43.0848 16.3382 15.838 32.1934
threshold=1.7557051091895988 1503.7375000000002 -1206.5219116210935 2846.5000000000005 -837.79803466796864 -1468.1789156595862 111.77095517870252 4.4222556983506065 1.5507479359600314 -34.606435394287104 3219.1428571428573 4.9906453900709229 -716.8042640686034 2.4965521918411597 3.036498724689173 3333.12962962963 2.2981309776426184 0.83747790123999877 -807.87125414980642 -706.74450683593739 -1057.0434163411458 -784.22274727199374 10.416965388520016 1172.5000000000002 2.0451594122342436 -1569.2731765747069 2671.5000000000005 1.3747621369221679 -753.14753044976112 2495.5000000000005
decision_type=2 2 2 2 2 2 2 2 2 2 2 2 2 2 2 2 2 2 2 2 2 2 2 2 2 2 2 2 2 2
left_child=25 4 3 5 13 -3 8 17 12 -10 18 21 -6 -2 16 -16 -5 -8 20 -20 -4 -12 -15 -24 -7 26 -1 -28 29 -27
right_child=1 2 10 14 6 24 7 -9 9 -11 11 -13 -14 22 15 -17 -18 -19 19 -21 -22 -23 23 -25 -26 28 27 -29 -30 -31
leaf_value=-0.018565495906240726 0.0075486108386670541 0.039412487093169669 -0.0064908882051307884 -0.0028786980928875183 -0.012222825737458894 0.00037319196443913721 -0.0046472878521040921 -0.0053151910158707886 0.0024591006518777979 -0.0060597961169847527 -0.0080354981952909833 0.019752841992643558 0.00012586393947690481 0.02072097908439163 0.035286174559342812 0.0024059114620373682 0.020790595561927437 0.0068700807211988903 -0.016807990871260621 -0.0016505941108855551 0.0052380705906925904 -0.024573134296769817 0.023124316312669976 0.11504204918773595 0.018837393515316568 0.0014632508044278032 -0.0045948548016914734 0.017716652787624503 -0.0035336009302597764 -0.011727369353950228
leaf_weight=161.9604692212306 144.54086654167622 27.374235352501273 287.4045346500352 338.23894243082032 99.418034374248236 57.135839531198144 146.8297801730223 887.62241011671722 8284.8485787096433 321.00000887922943 115.49211148219183 14.750266172457485 6308.7852404359728 22.726489939726893 28.815273525193334 55.35482666734606 27.955102725885808 309.36595414159819 308.35786834917963 1784.9284166749567 471.18937623361126 68.585875615943223 3.8980605872347942 3.4978259038180113 79.972474303096533 1651.0853749737144 67.643241914920509 52.436889419332147 2509.2976687056944 185.20394804794341
leaf_count=24013 5697 1220 23539 19889 9795 3073 3508 16816 195115 3620 10228 615 154977 995 794 1931 1485 6428 43599 105827 32436 9549 177 154 3871 159761 6790 4865 207363 16580
internal_value=-2.85697e-05 0.000510062 -0.00176899 0.00547154 0.00101537 0.0158478 0.000900612 -0.00243699 0.00119934 0.00214134 -0.00322827 -0.0116787 -6.57159e-05 0.0117628 0.00168192 0.0136623 -0.00107179 0.00316314 -0.00263912 -0.0038834 0.000794381 -0.0141973 0.0319846 0.0665961 0.011143 -0.00237952 -0.00846928 0.00514819 -0.00198428 0.000132875
internal_weight=24825.7 20198.1 3665.56 614.847 16532.5 164.483 16357.9 1343.82 15014.1 8605.85 3050.71 198.828 6408.2 174.663 450.364 84.1701 366.194 456.196 2851.88 2093.29 758.594 184.078 30.1224 7.39589 137.108 4627.63 282.041 120.08 4345.59 1836.29
internal_count=1074710 655338 258056 32263 397282 8164 390259 26752 363507 198735 225793 20392 164772 7023 24099 2725 21374 9936 205401 149426 55975 19777 1326 331 6944 419372 35668 11655 383704 176341
is_linear=0
shrinkage=0.03


Tree=115
num_leaves=31
num_cat=0
split_feature=14 13 17 14 9 12 17 17 17 13 14 12 5 17 11 17 17 12 15 17 13 17 15 13 12 15 14 14 11 10
split_gain=33.7012 25.5697 95.3312 28.8036 26.4388 26.6627 22.2638 21.7459 29.9581 24.1518 40.4499 26.0582 24.0794 21.2299 26.2694 46.7526 21.1435 16.8505 51.9444 51.9529 38.4173 33.5375 22.5108 19.7867 16.7198 16.2948 19.6469 16.6839 16.2917 14.8868
threshold=5.5355879541042219 690.50000000000011 -96.101752471923803 0.059012526040962035 0.49018222839078368 207.50000000000003 -50.952177445093788 -70.234172821044908 -103.67090988159178 558.50000000000011 8.7444994050728724 1313.5000000000002 22.80253356405083 -257.93705813089997 899.00833333333344 -156.63753890991208 -1822.7151245117186 607.50000000000011 10.175971148684917 -40.424762677173213 831.50000000000011 -45.863738377888986 10.175971148684917 1028.5000000000002 358.50000000000006 1.0000000180025095e-35 1.5124784987649085 3.51963206973207 356.08333333333343 3.0688008392451986
decision_type=2 2 2 2 2 2 2 2 2 2 2 2 2 2 2 2 2 2 2 2 2 2 2 2 2 2 2 2 2 2
left_child=1 3 4 -1 -3 -6 25 8 13 10 24 12 -11 -2 15 -15 -7 20 -19 23 21 22 -9 -20 -10 26 -5 -27 -8 -23
right_child=7 2 -4 6 5 16 28 17 9 11 -12 -13 -14 14 -16 -17 -18 18 19 -21 -22 29 -24 -25 -26 27 -28 -29 -30 -31
leaf_value=-0.015433442596922578 0.0077244051410188131 -0.0022899517854866091 -0.020088670917404589 0.021594592549308865 0.075871098396973521 -0.015829870610380992 -0.0054515869771693364 -0.00012677595251149026 0.01783790550447574 0.0086753697753112514 -0.021842440220533582 -0.012035884098475062 -0.0025226106931433788 0.043929933085341662 -0.0041416285525148182 0.0023351758550526282 0.0010196406888602944 -0.011119311376669968 0.0095531097565901037 -0.0059088784836585509 -0.0092644490062029766 0.0010370517505433319 -0.0070338372630953903 0.0023822774817355893 -0.0010080037387534295 0.00041241180511853538 0.16489211721253927 0.0046276967165556895 -0.032148255882685023 0.0073829778171523013
leaf_weight=92.279563951306045 269.63063521916047 7206.0562117779627 246.42476149555296 21.941498681902889 4.2533170133829108 68.251708641648293 118.7986620971933 1284.3690353427082 57.412523565813899 1577.8002980649471 73.090394377708435 64.004552101716399 194.08501432836056 26.181297140195966 953.28092554956675 342.16787532903254 3733.0948293716647 226.84033805318177 865.05033615604043 370.72335865534842 443.47639949247241 778.72555880993605 634.43812298588455 577.53185432590544 161.68595790490508 2563.2571200048551 0.89628676325082679 1260.6800276609138 24.881737397052348 580.87150617316365
leaf_count=13657 10157 545301 5656 1631 60 6971 5250 15488 524 17658 534 1427 2321 369 26152 4909 227968 3048 5946 3140 4706 10014 4935 4573 1854 120297 14 24095 558 5497
internal_value=-2.80612e-05 -0.000897092 -0.00163466 0.00113675 -0.00122169 0.00080111 0.00151993 0.00137803 0.00316628 0.00549449 -0.00251664 0.0067695 0.00744879 5.2641e-05 -0.0015125 0.00529162 0.000717114 0.000223725 0.00241497 0.00410808 -0.000977405 0.0001436 -0.00241054 0.0066823 0.00393037 0.001953 0.0272184 0.00180211 -0.0100748 0.00374827
internal_weight=24822.2 15340.8 11258.1 4082.73 11011.7 3805.6 3990.46 9481.37 3719.34 2128.08 292.189 1835.89 1771.89 1591.26 1321.63 368.349 3801.35 5762.03 2040.15 1813.31 3721.88 3278.4 1918.81 1442.58 219.098 3846.77 22.8378 3823.94 143.68 1359.6
internal_count=1074710 951458 785956 165502 780300 234999 151845 123252 65905 24318 2912 21406 19979 41587 31430 5278 234939 57347 16707 13659 40640 35934 20423 10519 2378 146037 1645 144392 5808 15511
is_linear=0
shrinkage=0.03


Tree=116
num_leaves=31
num_cat=0
split_feature=19 15 9 12 11 13 17 17 12 14 12 17 17 17 11 14 9 12 12 17 15 17 13 6 17 12 13 17 7 9
split_gain=33.336 21.2829 18.9813 17.7756 24.465 17.2287 27.8857 27.9403 19.5039 19.0917 15.9906 16.368 29.972 22.9427 22.823 29.5033 18.9103 17.6867 14.7399 14.2208 11.9976 14.9756 13.0511 15.528 11.7889 16.3237 14.0538 12.2826 9.9617 11.3986
threshold=3.1733333733346734 0.57545260794939257 0.85796496028105984 154.50000000000003 246.52272727272728 977.50000000000011 -798.96882675633276 -1028.139655373313 600.50000000000011 6.6221092040739347 3440.5000000000005 -1219.4234863281247 -1078.8055969238278 -884.95567975725442 1883.7596153846155 0.9740311914509554 0.57154058552180576 1377.5000000000002 308.50000000000006 -77.176543235778794 2.0292032148900172 -30.995998541514073 602.50000000000011 32.752587604139727 -1569.2731765747069 817.50000000000011 1709.5000000000002 -565.77350192599818 0.70267672979214368 0.53399946678538501
decision_type=2 2 2 2 2 2 2 2 2 2 2 2 2 2 2 2 2 2 2 2 2 2 2 2 2 2 2 2 2 2
left_child=1 2 24 20 -5 6 7 -6 18 -10 11 14 17 -14 16 -16 -3 -13 -7 -8 22 -22 28 -24 -1 27 -27 -26 -2 -30
right_child=3 10 -4 4 5 8 19 -9 9 -11 -12 12 13 -15 15 -17 -18 -19 -20 -21 21 -23 23 -25 25 26 -28 -29 29 -31
leaf_value=-0.017018960345412591 -0.0038055720672660318 0.02113395496982972 0.0078601105817529392 -0.011338760457382628 -0.019771419296060435 0.0051429571093280736 0.0036313153855844832 0.058900783248355029 -0.001534644335381206 0.002673174752476022 -0.012892493928907924 0.010531757061332674 0.0047015610080304252 -0.0009281909064782506 -0.013322244509653119 0.0052151808263008444 0.094695410698253685 -0.0099280987371765782 -0.0099263409031045951 0.00090867919158017438 -0.0015349407260244559 0.046044019650216365 0.077381901107229492 0.020850564978344085 -0.016050745600609748 0.00093069454997429042 -0.010143662777138919 -0.005633722747669127 0.010113269327870355 0.060039199344572532
leaf_weight=82.004198214039207 16.958654877264053 17.492362265475098 95.640636480413377 142.88701643934473 5.6162066371180144 72.791451645083725 2773.1750279329717 14.689304951578377 2271.3943692622706 1694.3675194224343 96.044535950291902 41.588576053269207 698.44076166069135 9691.9021063540131 88.552291892468929 606.50714445952326 3.8346095867454997 443.94271323271096 295.85919314622879 4574.9295973125845 53.240407921373844 6.7035013362765303 7.423186112195256 10.642460370436309 163.02686832146719 420.62432587658986 136.63445054693148 271.55421814695001 11.270345860160889 6.4832225535064927
leaf_count=14671 378 1740 9003 4238 535 789 57995 1181 126983 20326 10351 2349 51172 520435 11027 36738 252 42334 4174 38807 724 91 57 74 25295 50860 13666 28162 214 89
internal_value=-2.75728e-05 -0.00108796 -0.00494658 0.00111256 0.000999733 0.00115038 0.00203322 0.0371412 -0.000350423 0.000263142 -0.000701881 -0.000600879 -0.000890198 -0.000549758 0.00379143 0.00285347 0.0343604 -0.00817559 -0.00695085 0.0019362 0.0129695 0.00378579 0.0234002 0.0440793 -0.00608719 -0.00518336 -0.00178463 -0.00954152 0.0126379 0.0283451
internal_weight=24816.2 12857.8 1169.48 11958.4 11845.7 11702.8 7368.41 20.3055 4334.41 3965.76 11688.3 11592.3 10875.9 10390.3 716.386 695.059 21.327 485.531 368.651 7348.1 112.722 59.9439 52.7779 18.0656 1073.84 991.84 557.259 434.581 34.7122 17.7536
internal_count=1074710 818055 141657 256655 255028 250790 98518 1716 152272 147309 676398 666047 616290 571607 49757 47765 1992 44683 4963 96802 1627 815 812 131 132654 117983 64526 53457 681 303
is_linear=0
shrinkage=0.03


Tree=117
num_leaves=31
num_cat=0
split_feature=18 3 2 15 13 17 17 16 16 9 13 5 4 1 5 16 17 15 13 17 17 13 3 6 7 13 17 17 17 17
split_gain=31.5989 21.9298 18.2053 23.0987 19.2789 29.9592 18.6128 29.9128 28.1621 17.6237 15.435 12.5663 11.888 11.6139 14.2552 12.8646 10.941 13.8816 13.6816 22.1901 15.6731 12.0481 10.4361 12.7173 11.1281 10.0564 10.4405 32.8153 9.50162 25.5529
threshold=1.1806250071773927 3.8706878068420063 0.4537284794992576 1.6671467662193524 796.50000000000011 -34.606435394287104 -119.84022140502928 2.6367653691986437 3.7729044113589647 0.65319352921902518 455.50000000000006 6.5568770145938755 5.2104570889984503 0.999756906144046 4.3565047228422538 0.61167854009310574 -61.600145966666084 6.6225139260249568 977.50000000000011 -758.91526704676005 -771.35067749023426 357.50000000000006 1.4285394201154988 2.6035217405855828 0.13805458022841371 1012.5000000000001 -436.37570826212556 -491.10897445678705 -193.75131988525388 -468.00823211669916
decision_type=2 2 2 2 2 2 2 2 2 2 2 2 2 2 2 2 2 2 2 2 2 2 2 2 2 2 2 2 2 2
left_child=13 2 3 11 6 9 7 -4 -8 -6 -3 -2 -12 15 28 -1 18 21 19 -17 -20 -18 23 -5 -24 26 27 -16 29 -15
right_child=1 10 4 22 5 -7 8 -9 -10 -11 12 -13 -14 14 25 16 17 -19 20 -21 -22 -23 24 -25 -26 -27 -28 -29 -30 -31
leaf_value=-0.0065466556970819583 -0.0037004598493593274 0.0057941180027967845 0.0032423615873621091 0.00043833887767912765 -6.8410959868024803e-05 -0.016624012058532499 -0.0061943777049256691 0.01591223164566171 0.0030630313172065552 0.0032858350986563621 -0.0020691390068687129 -0.013844667078062105 -0.0095438397925182161 0.010216279631329933 0.012716286831814767 0.069509765453943356 -0.0063353925208790574 4.3371028366859495e-05 3.3325091317385413e-05 0.00037469265633971612 -0.0037309416533989736 -0.020549377468942056 0.044189359205005503 -0.0058173439821620175 0.0046932257173045097 -0.0080214839953073238 0.0062002920663955935 0.20128287950727278 0.0070340397431967851 0.090611319728478384
leaf_weight=469.23487105988897 599.98225556197576 128.52963685523719 510.19254897534847 2770.3093941304833 5207.2335129356943 89.518150024116039 324.0978560782969 249.83207414764911 3381.6436324100941 1933.1458280910738 425.59717438369989 134.55102114588954 348.14440475031734 8.8651622240431589 4.1856623562052846 4.1845393492840222 184.06830873899162 199.40325173083693 1657.5518707642332 2829.4360129805282 2492.3088128238451 75.759375819936395 6.5572697073221198 326.99850924033672 307.37578211538494 50.747100621229038 71.824406165629625 1.0362210143357504 12.589849192649124 5.9437404302880195
leaf_count=75551 42843 2615 22860 54881 216648 1035 9408 5180 33740 57109 16372 9336 13408 853 505 191 9689 5086 142938 133212 192829 2136 247 8836 8938 4217 3084 103 460 400
internal_value=-2.70151e-05 0.000716125 0.000975235 -0.000732941 0.00158073 0.000623469 0.00313051 0.00740715 0.00225339 0.000839699 -0.00383315 -0.00555866 -0.00543237 -0.00156943 0.00655807 -0.00172886 -0.00142511 -0.00591054 -0.00113015 0.000476788 -0.00222741 -0.0104798 0.000306169 -0.000222105 0.0055182 0.00234805 0.00917801 0.0501351 0.0261945 0.0424838
internal_weight=24810.8 16743.7 15841.4 4145.77 11695.7 7229.9 4465.77 760.025 3705.74 7140.38 902.271 734.533 773.742 8067.14 155.192 7911.95 7442.71 459.231 6983.48 2833.62 4149.86 259.828 3411.24 3097.31 313.933 127.793 77.0463 5.22188 27.3988 14.8089
internal_count=1074710 503456 471061 125081 345980 274792 71188 28040 43148 273757 32395 52179 29780 571254 9622 561632 486081 16911 469170 133403 335767 11825 72902 63717 9185 7909 3692 608 1713 1253
is_linear=0
shrinkage=0.03


Tree=118
num_leaves=31
num_cat=0
split_feature=14 8 6 3 11 17 2 3 17 17 17 17 11 4 17 17 17 12 15 9 11 14 19 17 17 15 12 12 12 17
split_gain=30.3798 16.5217 24.1393 21.0574 20.6635 40.236 28.0614 26.4692 20.1311 17.2527 70.9146 17.5003 16.033 16.0237 14.371 24.5945 23.5062 38.2702 21.6246 20.2265 19.8436 17.289 19.9459 17.2189 16.6613 16.5395 15.9833 14.66 13.4252 13.363
threshold=2.335062983027687 111.77095517870252 4.4455980578897174 1.4285394201154988 385.45000000000005 -34.606435394287104 1.2508404018798933 2.2420321181340928 -30.995998541514073 -597.77490997314442 -807.87125414980642 -305.12308000837044 275.07692307692315 1.6500058302035876 -123.58693027496336 -242.88732910156247 -758.91526704676005 1229.5000000000002 0.57545260794939257 0.31712659453271996 783.21666666666681 0.16579864545753673 4.2978021384595531 -177.87193107604978 -200.26286497570217 0.37898770952290223 593.50000000000011 358.50000000000006 1912.5000000000002 -408.66375732421869
decision_type=2 2 2 2 2 2 2 2 2 2 2 2 2 2 2 2 2 2 2 2 2 2 2 2 2 2 2 2 2 2
left_child=14 3 13 9 7 6 -6 8 -5 10 -2 -11 -9 -3 15 16 17 25 -19 27 23 29 -23 24 -17 -1 -25 -16 -13 -18
right_child=1 2 -4 4 5 -7 -8 12 -10 11 -12 28 -14 -15 19 20 21 18 -20 -21 -22 22 -24 26 -26 -27 -28 -29 -30 -31
leaf_value=0.0016231171817369485 0.00554027881866346 -0.0061310901662335873 -0.0051588323339124866 -0.002320704424183649 0.0041928492318440659 -0.010040129853623094 0.00053718291640105528 0.00093676880424316896 0.03182711414707038 0.0052929508973312391 -0.020877760391318036 -0.00035835264882854302 0.013714297183747235 0.0070803280387021338 0.0018038712604191403 0.0032173140941508583 -0.021322897984718068 -0.0088911424935702726 -0.0007731132100294272 -0.016148687804399035 -0.0084086814557479631 -0.0038353762803192727 0.010163777421585325 0.0013128374967463529 0.013296637704405877 0.010969501128131462 -0.019444533325667122 -0.011712422093095465 -0.014660807415615153 0.0035150668547480677
leaf_weight=352.61653487291187 197.29341787751764 113.26099801715463 936.26206349255517 288.68894677050412 2884.4145467849448 266.648732194677 5480.5991897804197 115.10542861837894 16.421424156986177 511.58334724605083 170.45885448832996 5113.3312979843467 380.68329015374184 305.45067190146074 223.06921614799649 354.77898394828662 83.818489120341837 340.99546374822967 2204.6101005980745 140.9656843021512 126.28491482604295 2916.0917738524731 94.56978582078591 376.42812861502171 252.75641468167305 329.76155921723694 36.635324455797672 106.7973817428574 59.757065559271723 25.402885411400348
leaf_count=41542 12014 2803 18067 5473 78856 2732 133400 3639 239 26526 27225 102686 5721 6209 12291 14493 14252 45037 183910 5530 6689 264000 3652 16019 9035 19893 1678 5279 3104 2716
internal_value=-2.64617e-05 0.000695606 -0.00248104 0.00097357 0.00185974 0.00143203 0.00179773 0.00646937 -0.000482826 -0.000407509 -0.00670489 -1.19111e-07 0.0107478 0.00350666 -0.00155298 -0.0012336 -0.00196407 -0.00016933 -0.00186056 -0.00663693 0.00280952 -0.003821 -0.00339564 0.00419761 0.00741067 0.00613979 -0.00052817 -0.00257215 -0.000523568 -0.015546
internal_weight=24805.5 16840 1354.97 15485 9432.56 8631.66 8365.01 800.899 305.11 6052.42 367.752 5684.67 495.789 418.712 7965.58 7494.75 6347.87 3227.98 2545.61 470.832 1146.88 3119.88 3010.66 1020.6 607.535 682.378 413.063 329.867 5173.09 109.221
internal_count=1074710 428694 27079 401615 230060 214988 212256 15072 5712 171555 39239 132316 9360 9012 646016 622916 575002 290382 228947 23100 47914 284620 267652 41225 23528 61435 17697 17570 105790 16968
is_linear=0
shrinkage=0.03


Tree=119
num_leaves=31
num_cat=0
split_feature=18 12 15 12 8 6 17 15 17 9 12 18 16 14 5 12 12 17 14 8 17 15 15 17 8 9 12 12 17 17
split_gain=29.396 18.7293 16.4528 16.4613 14.6175 20.2644 17.3726 22.5975 25.0294 23.1206 18.835 26.4646 12.2824 12.1362 20.3951 13.1502 16.2609 15.4482 20.7566 14.377 12.0465 14.5852 10.8711 15.6611 13.2271 10.9148 10.4969 11.4362 19.5565 18.0795
threshold=1.4807894927890679 154.50000000000003 0.34512366006540701 3284.5000000000005 111.77095517870252 4.3206215643401498 -34.606435394287104 13.077870724637682 -70.234172821044908 0.78299036838036373 536.50000000000011 2.3689999570449198 41.096978409090916 2.0869884037972999 15.408070186451779 817.50000000000011 1119.5000000000002 -363.67400665283196 1.0000000180025095e-35 7957.7408231186137 -1316.9267054966515 3.7044522987087758 2.0292032148900172 -30.995998541514073 35.494814993513522 0.52420112593805623 193.50000000000003 801.50000000000011 -771.35067749023426 -679.63589477539051
decision_type=2 2 2 2 2 2 2 2 2 2 2 2 2 2 2 2 2 2 2 2 2 2 2 2 2 2 2 2 2 2
left_child=2 22 13 26 6 -6 7 8 -3 -9 11 -8 -12 15 -15 17 19 -1 -19 -17 21 -5 24 -24 -2 -26 -4 29 -29 -28
right_child=1 4 3 20 5 -7 10 9 -10 -11 12 -13 -14 14 -16 16 -18 18 -20 -21 -22 -23 23 -25 25 -27 27 28 -30 -31
leaf_value=-0.01496760414209111 0.012358500581758455 0.0016682667169536263 -0.0097490286222123527 -0.0045747866523272798 0.0044946366228693583 -0.0048098129958541918 -0.011345646466395656 0.0052879549554475146 -0.0019264207892092332 -0.0042153926761450689 -0.019398507094457861 0.0054011134416633777 -0.0033179211187323323 -0.01789199524194619 0.11059586383376166 0.0033643961242706536 -0.0096590512908835708 0.081191023940388282 -0.00098694501583804196 0.17569161382645648 -0.019948237655260759 0.081147970958826254 -0.0014238028060938391 0.046219590749512221 0.022618177433937195 0.069358327707430931 0.11519856157905448 0.00072495445033073308 -0.0027179883549827721 0.00049668992948034428
leaf_weight=208.63034314196557 38.683523726649582 6809.545892150607 114.9633602257818 68.577343532815576 282.34136584866792 829.85359983239323 128.76342937722802 1918.3750610686839 2343.1622257418931 261.8523799739778 96.130443872883916 249.46152278035879 76.98166536167264 2.3353489157743743 2.1222114590927958 174.6210459349677 150.26209365040995 2.9618687923066309 41.880148750264198 0.43680555839091439 69.496108097024262 1.8341074399650086 53.998054731637239 7.0163848027586928 10.131306589581074 8.0846980875357968 1.2371075390838076 2349.7069393014535 4033.9117010133341 4464.622818864882
leaf_count=33849 670 238536 7853 6377 4945 15405 2945 13653 24228 1801 948 1321 733 121 99 21661 23751 431 4465 42 8824 32 744 95 126 103 135 192219 286446 182152
internal_value=-2.59866e-05 0.000949027 -0.00112003 -0.000862063 0.000841039 -0.00244779 0.00114883 0.00140182 0.000748 0.00414657 -0.0040515 -0.000300177 -0.0122476 -0.00603134 0.0432801 -0.00641112 -0.00241962 -0.011534 0.00444101 0.00379439 -0.0110874 -0.00234184 0.0128515 0.00405497 0.0222842 0.0433626 -0.000731586 -0.000636035 -0.0014507 0.000528464
internal_weight=24802 13114.4 11687.6 11104.3 12996.5 1112.19 11884.3 11332.9 9152.71 2180.23 551.337 378.225 173.112 583.25 4.45756 578.792 325.32 253.472 44.842 175.058 139.908 70.4115 117.914 61.0144 56.8995 18.216 10964.4 10849.5 6383.62 4465.86
internal_count=1074710 306253 768457 684038 304515 20350 284165 278218 262764 15454 5947 4266 1681 84419 220 84199 45454 38745 4896 21703 15233 6409 1738 839 899 229 668805 660952 478665 182287
is_linear=0
shrinkage=0.03


Tree=120
num_leaves=31
num_cat=0
split_feature=14 12 13 3 3 2 15 13 5 1 13 18 15 13 12 4 0 3 13 12 5 5 7 14 16 5 4 12 12 5
split_gain=28.9635 24.5798 16.6933 18.0924 23.0671 16.6246 15.2645 13.7373 13.9155 12.3232 15.1555 13.4149 15.9229 20.172 22.8261 15.5996 11.1793 11.0839 18.0909 10.8308 15.056 10.1028 9.57711 8.85295 8.07003 9.91993 7.74132 7.66701 7.29976 7.23539
threshold=1.5243603097826319 3355.5000000000005 1020.5000000000001 2.4060098879931755 1.2187921558565142 1.3626564913567683 1.0000000180025095e-35 222.50000000000003 6.5568770145938755 0.38161407824729626 2379.5000000000005 2.2479999608463714 0.09670338077145986 465.50000000000006 350.50000000000006 1.0287255676437148 3.5000000000000004 4.3185448053097355 3661.5000000000005 2671.5000000000005 1.9259408960435713 19.512690724318421 0.41410958140717352 2.4289718072714983 0.15762251529357998 22.066891997793167 2.0107302080056666 2258.5000000000005 2858.5000000000005 23.550239201795467
decision_type=2 2 2 2 2 2 2 2 2 2 2 2 2 2 2 2 2 2 2 2 2 2 2 2 2 2 2 2 2 2
left_child=9 2 6 4 16 -6 -2 23 -9 10 21 19 13 -13 -15 -14 -4 29 -19 24 -21 -1 -17 -8 25 -11 -22 -26 -12 -5
right_child=1 -3 3 17 5 -7 7 8 -10 11 28 12 15 14 -16 22 -18 18 -20 20 26 -23 -24 -25 27 -27 -28 -29 -30 -31
leaf_value=-0.0027596860101776494 0.076733125513269038 -0.010786068159794573 -0.00088296827941928809 -0.0029352573114498079 0.0030857775091457261 -0.0012487264874987481 0.0058372463537908394 0.0021771137413611713 -4.7263275566694942e-05 -0.011577475629873374 -0.01399762848214285 0.0041483093736798407 0.063330856690619636 0.12235273902455779 0.032201435656881904 0.054352557764905086 -0.0059961186881340887 -0.010944578564789465 0.11537036175082949 -0.016233546179409294 0.055248011316463848 -0.026440340173869478 -0.0010431789705044609 -0.010941116190191263 -0.0007990692905130997 0.053697626451735182 0.01438787850306425 -0.0093604822931098626 -0.0012870599569276046 0.0015161184647746505
leaf_weight=1911.8300063374918 2.4144640071317545 173.3768377979286 1913.8490726051386 1783.5822490258142 2756.3890245445073 1119.941928348504 36.208573861978948 7434.9506796803325 3837.7231193138286 93.379651391878724 178.09185233502649 13.416601076722147 3.7374599613249293 3.4808324426412574 9.2315272772684676 2.9036489687860003 481.69927456742153 164.70552944857627 1.0268144197762001 14.893504538107662 4.5562758473679414 16.352914600167423 86.006728693842888 129.63009325601161 2018.1378854752984 2.143444661051034 49.620360055938363 98.746968139195815 52.697937377262861 402.8676949236542
leaf_count=183288 47 16612 116770 84466 124363 49544 2471 156310 55353 15666 17740 237 90 24 195 37 25435 9335 66 1424 414 1151 1466 7651 168898 286 4482 10239 5203 15447
internal_value=-2.54335e-05 0.000461198 0.000558383 -0.000438278 0.000403214 0.00183346 0.00130966 0.00129374 0.00141984 -0.00218558 -0.00383012 -0.000706367 0.00912309 0.0298065 0.0568862 0.00328984 -0.00191113 -0.00268204 -0.010162 -0.0012181 0.0104804 -0.00296052 0.000765944 -0.00727779 -0.00158332 -0.0101128 0.0178242 -0.00119844 -0.0110953 -0.00211506
internal_weight=24797.6 20238.4 20065 8624.06 6271.88 3876.33 11440.9 11438.5 11272.7 4559.23 2158.97 2400.25 118.777 26.129 12.7124 92.6478 2395.55 2352.18 165.732 2281.48 69.0701 1928.18 88.9104 165.839 2212.41 95.5231 54.1766 2116.88 230.79 2186.45
internal_count=1074710 663870 647258 425426 316112 173907 221832 221785 211663 410840 207382 203458 2049 456 219 1593 142205 109314 9401 201409 6320 184439 1503 10122 195089 15952 4896 179137 22943 99913
is_linear=0
shrinkage=0.03


Tree=121
num_leaves=31
num_cat=0
split_feature=14 13 17 18 14 12 17 14 13 17 3 16 17 1 12 17 17 13 0 17 13 13 17 11 14 3 11 16 12 17
split_gain=27.4043 25.6635 99.1214 28.2235 25.1217 24.5348 37.7233 32.2392 33.4077 25.3403 23.3547 35.5592 22.2113 32.2322 19.2037 22.4659 48.7314 32.0947 18.5192 18.5016 18.0044 17.3628 16.5071 39.4978 34.2571 16.3606 16.0125 21.4405 13.2059 12.9109
threshold=5.9387747353260112 690.50000000000011 -96.101752471923803 1.1806250071773927 0.059012526040962035 607.50000000000011 -40.424762677173213 10.665175298853356 1936.5000000000002 -68.13585245609282 1.6616050073304625 14.186087674497788 -45.863738377888986 0.87353459110224141 3355.5000000000005 -771.35067749023426 -591.57517089843736 1120.5000000000002 39.500000000000007 -30.995998541514073 1028.5000000000002 761.50000000000011 -119.84022140502928 356.08333333333343 2.5476194848229947 2.3102692649168706 288.52777777777783 9.8022549645390082 726.50000000000011 -584.87588500976551
decision_type=2 2 2 2 2 2 2 2 2 2 2 2 2 2 2 2 2 2 2 2 2 2 2 2 2 2 2 2 2 2
left_child=1 3 14 29 -5 10 7 9 20 28 19 12 13 -12 15 17 -17 -3 -13 26 -9 -11 24 -24 -6 -14 -2 -28 -7 -1
right_child=5 2 -4 4 22 6 -8 8 -10 21 11 18 25 -15 -16 16 -18 -19 -20 -21 -22 -23 23 -25 -26 -27 27 -29 -30 -31
leaf_value=-0.021616813802120587 -0.01569799682011545 0.013916665799655316 -0.018383710640913219 -0.018697688911968026 0.0045420888927461276 0.0069779066955905841 -0.0061654036594886944 0.0096399903886587469 -0.012005393197069395 0.0021072564985697125 0.0075901691085407024 -0.0013261876048520015 0.0013076521497161961 -0.0025281608566023067 -0.010644672968802501 -0.0068736449778577383 -0.00066601514418078358 0.00043299960949725995 -0.020871092447840658 0.0088337174452555005 0.0040535590905605616 -0.019506858663474989 0.0091189382421851487 -0.0013404980717422698 0.021092037614860112 0.019044789617015209 0.001841848295721542 -0.0054108627131901378 0.00049547457450766928 -0.0011522730194540422
leaf_weight=28.147229756927118 93.508945726789534 166.61320855515078 305.04675014037639 45.307830785401165 669.76429051253945 358.00003520026803 377.43644082546234 1096.3818762823939 86.759400924667716 53.821633365005255 659.06206220574677 1264.3919740421697 67.383310414850712 497.02620048262179 184.75440315739252 1400.4395038876683 6076.9344288003631 3421.5459927532356 45.190605822950602 114.39503097441047 986.31866226345301 88.369384264573455 477.12673583906144 1018.7036830019206 135.30404473468661 153.24127391725779 557.24511311389506 1073.6014771852642 1347.1044524074532 1944.5023607625626
leaf_count=5984 2484 20769 6600 4723 25287 4702 3349 7837 2397 636 7298 11370 822 5410 18286 162536 306748 279867 386 1764 9918 1235 11693 17641 2583 1728 7092 10465 32174 100926
internal_value=-2.48724e-05 -0.000772492 -0.00150993 0.00120057 0.00342431 0.00130572 0.00290241 0.00375447 0.00623456 0.000841854 -0.000244799 0.00153832 0.00490472 0.00324009 -0.00105241 -0.00089225 -0.00182864 0.0010591 -0.00200064 -0.00284983 0.00699439 -0.0113256 0.00385992 0.00199576 0.00732356 0.0136275 -0.00362492 -0.00293268 0.00185651 -0.00144428
internal_weight=24793.4 15874.2 11555.3 4318.86 2346.21 8919.24 4394.19 4016.76 2169.46 1847.3 4525.05 2686.3 1376.71 1156.09 11250.3 11065.5 7477.37 3588.16 1309.58 1838.75 2082.7 142.191 2300.9 1495.83 805.068 220.625 1724.36 1630.85 1705.1 1972.65
internal_count=1074710 963643 794806 168837 61927 111067 62248 58899 20152 38747 48819 27014 15258 12708 788206 769920 469284 300636 11756 21805 17755 1871 57204 29334 27870 2550 20041 17557 36876 106910
is_linear=0
shrinkage=0.03


Tree=122
num_leaves=31
num_cat=0
split_feature=16 11 17 11 17 10 8 5 3 7 4 11 16 3 17 9 11 4 17 17 17 17 17 17 11 9 5 15 17 11
split_gain=27.0157 20.0889 39.4377 20.5889 20.2071 16.1291 15.8068 20.4676 17.5544 21.7881 16.0217 15.3958 15.1296 14.9937 14.6046 14.2803 14.1897 12.4625 12.3002 11.8469 62.7018 24.4698 11.5951 30.1328 13.8467 11.4619 10.7132 13.2847 10.6955 45.2681
threshold=1.7557051091895988 1503.7375000000002 -1206.5219116210935 3891.1666666666674 -837.79803466796864 6.2131779732280963 111.77095517870252 4.4222556983506065 1.5507479359600314 0.73451297351711042 1.6500058302035876 3219.1428571428573 5.8826812980888556 2.4965521918411597 -716.8042640686034 0.90955734839218583 2613.0625000000005 3.8432903666141045 -784.22274727199374 -807.87125414980642 -706.74450683593739 -1057.0434163411458 -177.87193107604978 -200.26286497570217 533.05000000000007 0.35011480674512457 10.416965388520016 0.98973498597671061 -1614.2978244357637 2707.5192307692309
decision_type=2 2 2 2 2 2 2 2 2 2 2 2 2 2 2 2 2 2 2 2 2 2 2 2 2 2 2 2 2 2
left_child=22 4 3 5 13 16 8 10 14 -10 -8 19 18 -2 -6 -5 -3 -9 -13 21 -21 -4 23 28 -25 -7 -15 -28 29 -1
right_child=1 2 11 15 6 25 7 17 9 -11 -12 12 -14 26 -16 -17 -18 -19 -20 20 -22 -23 -24 24 -26 -27 27 -29 -30 -31
leaf_value=-0.022210867115149004 0.0069321357032327826 0.013809766704898918 -0.0061838645529570056 -0.013371461738291459 -0.011701697363038227 0.015269979375774421 -0.0067964658041865401 -0.011794891074956324 0.0034900040948633187 0.0004752217775527132 0.0060598009793615118 -0.0075643291768283894 0.018191292346835534 0.019564954918022792 4.734090344204734e-05 0.07680505159570053 0.0031683321594170597 -0.0031399292464607586 -0.023875839764125342 -0.01633081511756428 -0.001456581298284117 0.0049501297397458056 -0.0074546697513609211 0.015766524525608221 -0.0073146872177372859 0.068680845512788607 0.034332167788721925 0.11879204445286869 -0.0017806938686101774 0.0037089335836677142
leaf_weight=112.65025405213237 146.83686449192464 160.48540530540049 283.80779566057026 60.608370944391936 96.677642281167209 8.4590714974328858 117.02602833416313 191.36525937961414 4202.3932611094788 4433.7827413673513 342.77418368309736 113.13023432996124 14.60598220862448 23.239615670405332 6315.4890820011497 1.6228174353018392 379.35737167578191 688.25140167912468 65.811247147386894 297.92221796279773 1773.1510452153161 474.95608568750322 337.68343278672546 123.84370407834649 28.839701880700886 6.316149102523922 5.5276608197018495 2.4054411193355918 3847.3750605741516 131.34938817890361
leaf_count=19130 5697 7830 23539 4771 9795 376 2831 3918 100690 98045 7105 10220 590 995 154977 59 19003 12898 9582 43599 105827 32436 18032 4345 1232 224 238 93 363591 13042
internal_value=-2.44782e-05 0.000447135 -0.00157077 0.00534228 0.000890558 0.00717821 0.000781356 -0.00234163 0.00105933 0.00194223 0.00278769 -0.00298121 -0.011167 0.0109438 -0.000129802 -0.0110199 0.00633184 -0.00502286 -0.0135634 -0.00242134 -0.00359623 0.000785574 -0.00210435 -0.00167864 0.0114068 0.0381022 0.0298404 0.0599417 -0.00216697 -0.00825777
internal_weight=24787.7 20206 3640.23 616.849 16565.8 554.618 16387.8 1339.42 15048.3 8636.18 459.8 3023.38 193.547 178.01 6412.17 62.2312 539.843 879.617 178.941 2829.84 2071.07 758.764 4581.74 4244.06 152.683 14.7752 31.1727 7.9331 4091.37 244
internal_count=1074710 655338 258056 32263 397282 27433 390259 26752 363507 198735 9936 225793 20392 7023 164772 4830 26833 16816 19802 205401 149426 55975 419372 401340 5577 600 1326 331 395763 32172
is_linear=0
shrinkage=0.03


Tree=123
num_leaves=31
num_cat=0
split_feature=14 17 13 13 3 13 17 17 17 17 13 17 14 16 3 10 18 16 9 17 12 17 15 16 17 17 13 13 18 12
split_gain=25.8549 23.1672 38.1621 33.4816 22.9942 17.9542 27.14 56.4007 22.364 24.614 18.2025 16.9523 16.2124 13.507 12.767 14.9071 13.0191 12.1387 11.8419 11.5989 31.3829 17.4764 11.5915 11.2877 10.6336 31.3643 32.4352 28.3293 15.0232 22.0251
threshold=1.5243603097826319 -1316.9267054966515 3363.5000000000005 2607.5000000000005 2.7462853107399154 1621.5000000000002 -807.87125414980642 -706.74450683593739 -295.875749860491 -591.57517089843736 831.50000000000011 -1429.6903076171873 2.1336253728714194 6.55264660246121 2.9772442733861628 6.0363296576618062 1.1200000029621704 2.6984557432432434 0.80790844690146779 -761.3565732515774 1897.5000000000002 -691.8621253967284 1.7987543551742073 2.6779962909546788 -1068.5440979003904 -706.74450683593739 985.50000000000011 2539.5000000000005 2.0118012232069646 809.50000000000011
decision_type=2 2 2 2 2 2 2 2 2 2 2 2 2 2 2 2 2 2 2 2 2 2 2 2 2 2 2 2 2 2
left_child=18 3 5 11 13 8 12 -8 9 -3 -10 -2 -7 22 16 -16 -6 -4 24 23 21 -21 -5 -20 -1 28 -27 -28 -26 -30
right_child=1 2 17 4 14 6 7 -9 10 -11 -12 -13 -14 -15 15 -17 -18 -19 19 20 -22 -23 -24 -25 25 26 27 -29 29 -31
leaf_value=-0.005167102311940854 0.058751332878569505 -0.0020387333633168922 -0.018067533443826653 -0.0043122185396127144 -0.03054819806539294 -0.00079097948092704117 -0.015483212086924675 -0.0014909313418129215 0.0013438585152830455 0.0062910166453763574 -0.00082544237679426714 0.016934614406768786 0.0073966985933852838 0.071823382514812059 0.0022388358370072975 0.047872534126441699 0.058998416183269134 -0.0058572759895109232 0.0074289224363742338 -0.026688033414932387 0.17807978437096433 0.00038071945566840694 0.0076433811867304413 0.090488541217856849 0.0017416678997445975 -0.0017268988716385685 -0.011398959701682644 0.053894895095110834 0.066460875458496396 0.0069759066387266805
leaf_weight=1037.5660685435869 15.764289840124546 429.25893570762128 105.66104350658134 157.27456363569945 1.6575101278722275 480.83635909110308 297.04543484281749 2038.6859737918712 8922.6050244234502 1246.0497689982876 5708.4628445133567 19.539852300658822 397.65667283255607 2.46021944284439 24.495631130412221 8.7418472021818143 12.34097513463348 239.0811900452245 195.32722686231136 24.734724977053702 0.86348513886332412 162.45279694721103 136.1853657104075 1.4837246714159835 1123.2463886882178 1471.888864917215 489.40642752870917 6.0544292526319614 7.9129613460972932 19.182210515253246
leaf_count=114435 751 35151 13293 9668 113 37696 43401 115211 166315 70854 120978 956 24727 18 1260 338 577 16707 14354 2520 72 10168 5856 62 109903 110616 46730 561 230 1189
internal_value=-2.40452e-05 0.000434831 0.000294752 0.00778758 0.0049255 0.000469491 -0.00157977 -0.00327039 0.000873431 0.00415671 0.000497483 0.035607 0.00291524 0.00182284 0.0243628 0.014241 0.0483955 -0.00959963 -0.00207011 0.00296425 -0.00236374 -0.00319611 0.00123599 0.00805509 -0.0025364 -0.0016609 -0.00396179 -0.0106011 0.00227414 0.0243481
internal_weight=24783.9 20243.8 19865.3 378.46 343.156 19520.6 3214.22 2335.73 16306.4 1675.31 14631.1 35.3041 878.493 295.92 47.236 33.2375 13.9985 344.742 4540.12 384.862 188.051 187.188 293.46 196.811 4155.26 3117.69 1967.35 495.461 1150.34 27.0952
internal_count=1074710 663870 644333 19537 17830 614333 221035 158612 393298 106005 287293 1707 62423 15542 2288 1598 690 30000 410840 27176 12760 12688 15524 14416 383664 269229 157907 47291 111322 1419
is_linear=0
shrinkage=0.03


Tree=124
num_leaves=31
num_cat=0
split_feature=14 13 9 19 14 19 11 15 19 11 2 3 0 15 8 6 3 0 12 5 10 0 10 15 13 2 2 2 12 8
split_gain=24.7647 19.3793 24.9319 31.4228 23.9162 23.6582 21.267 20.3766 23.9274 18.1589 18.0385 15.4235 15.3202 16.0085 15.0833 21.3248 18.2659 14.9876 14.1727 13.0369 12.9825 12.0052 47.6875 10.6943 10.6288 10.38 8.96998 8.74718 8.0767 7.82372
threshold=5.5355879541042219 690.50000000000011 0.49018222839078368 4.8196885691827287 0.059012526040962035 2.3612500143547854 1175.5214285714289 1.0000000180025095e-35 3.8519642560609753 275.07692307692315 0.28434538685795235 3.2480966804407685 39.500000000000007 1.1318010972750685 85.523854659628981 4.4455980578897174 1.5507479359600314 35.500000000000007 207.50000000000003 10.32945353397675 0.20066926715904043 64.500000000000014 6.7432018334308941 0.73586394165535973 201.50000000000003 2.0102150542083854 4.242590161224725 0.61967444737526001 687.50000000000011 10.605792010416193
decision_type=2 2 2 2 2 2 2 2 2 2 2 2 2 2 2 2 2 2 2 2 2 2 2 2 2 2 2 2 2 2
left_child=1 4 11 10 28 24 27 8 -7 26 -4 21 13 -11 16 -16 -15 25 -12 -9 -14 23 -23 -3 -6 -13 -2 -5 -1 -22
right_child=9 2 3 6 5 7 -8 19 -10 12 18 17 20 14 15 -17 -18 -19 -20 -21 29 22 -24 -25 -26 -27 -28 -29 -30 -31
leaf_value=-0.015172358692515153 -0.0099029740695615459 -0.005270098190600629 -0.0068335050674897882 0.010162567039178968 -0.013781922291039436 -0.00097291294943593334 -0.010693165718482878 0.0043907257307258703 0.066002173526967564 0.029148056608399097 0.048604282410797256 -0.012244955146690675 0.038307083558014501 0.00031404511906599149 0.005654485395735342 -0.0041202914737461143 0.0032076439224020151 0.12766556771961909 0.00072889074930530655 -0.0014246782560489763 -0.014854755121888849 -0.015882647822669706 0.18409733770355161 -0.0014610374340027091 -0.00073819671889537941 -0.0045032280483394103 0.036190366084544012 0.040365356143499204 0.12012378205131723 -0.003292518318460952
leaf_weight=86.765669301617891 157.71560426708311 754.35332505800761 302.27110877353698 11.707419830374418 58.034523439127952 9.1410843031480926 13.388819590210913 1692.1711549586616 10.110860030166803 18.874073658138514 5.5739515554159871 190.16414147778414 5.778850484173744 3482.3976605068892 263.69210704555735 843.13366456702352 4501.1526386640035 0.75666331220418115 3492.9542835024185 436.41853718739003 79.636087487451732 3.5797251514159134 1.5326720811426637 5500.29613202787 1802.6511880927719 864.31698438734747 3.8935773540288201 32.832762937992811 0.3989309212192883 155.55404553515837
leaf_count=13585 4146 95957 25369 153 5565 869 667 45129 148 164 75 12451 78 44940 3194 10696 57330 31 209622 9197 686 154 56 384004 90937 57136 91 281 72 1927
internal_value=-2.36606e-05 -0.00077217 -0.00141923 0.000531896 0.000993115 0.00133116 0.0224605 0.0034763 0.0342015 0.00117793 0.000197677 -0.00244846 0.00135026 0.00154776 0.00149046 -0.00179153 0.00194547 -0.00580359 0.000805167 0.00319841 -0.00611601 -0.00188288 0.0440704 -0.00192044 -0.00114503 -0.00589936 -0.00879247 0.0324265 -0.0145531 -0.00720753
internal_weight=24781.2 15269.4 11173.7 3858.73 4095.69 4008.53 57.929 2147.84 19.2519 9511.83 3800.8 7315 9350.22 9109.25 9090.38 1106.83 7983.55 1055.24 3498.53 2128.59 240.969 6259.76 5.1124 6254.65 1860.69 1054.48 161.609 44.5402 87.1646 235.19
internal_count=1074710 951458 785956 236167 165502 151845 1101 55343 1017 123252 235066 549789 119015 116324 116160 13890 102270 69618 209697 54326 2691 480171 210 479961 96502 69587 4237 434 13657 2613
is_linear=0
shrinkage=0.03


Tree=125
num_leaves=31
num_cat=0
split_feature=15 17 17 17 17 11 17 12 10 12 17 17 17 17 1 17 12 12 15 17 11 17 15 10 14 10 17 18 10 1
split_gain=23.4028 21.1149 84.9166 28.542 22.823 25.7101 19.4718 29.9286 29.419 17.7753 24.0918 43.3022 24.157 20.4745 16.1883 17.4411 34.0928 33.2364 17.1511 15.6275 24.2198 15.5944 14.8016 12.5223 11.995 11.8557 11.5496 11.2027 10.8511 10.025
threshold=1.8811200235950236 -837.79803466796864 -701.03737053504346 -950.35886637369788 -775.80947570800765 1191.0192307692309 -1234.4096272786458 2575.5000000000005 0.74967210247163252 2158.5000000000005 -257.93705813089997 -239.24147288004556 -591.57517089843736 -425.99616196576284 0.32872646494376201 -123.58693027496336 234.50000000000003 389.50000000000006 0.66430977868430674 -758.91526704676005 1041.3541666666667 -792.6698924473352 4.5493682219874172 6.4223533268889561 1.5490500164550238 7.6676122846849859 -149.91560745239255 2.0814285519577211 7.4880481971197552 0.72918269578977879
decision_type=2 2 2 2 2 2 2 2 2 2 2 2 2 2 2 2 2 2 2 2 2 2 2 2 2 2 2 2 2 2
left_child=14 3 4 6 -3 -6 7 8 -2 10 12 -12 -4 22 -1 17 24 18 27 21 -21 -19 -11 -9 28 -7 -20 -16 -17 -5
right_child=1 2 9 29 5 25 -8 23 -10 13 11 -13 -14 -15 15 16 -18 19 26 20 -22 -23 -24 -25 -26 -27 -28 -29 -30 -31
leaf_value=-0.0031451037372847144 0.06682031203345519 -0.0015326003946756596 -0.0083048966581627682 0.023601871923201973 0.24485026206277255 -0.021599669942541543 -0.0029407428551784811 0.0033627671138967792 0.010621136727134193 -0.0055272609149052574 -0.013869659523345618 0.00058201383271804224 0.0049955133162136933 -0.015226445113838562 -0.0021079293999175562 -0.016090323127140191 -0.013334997402305983 0.00080080539583596614 0.010209555233920071 0.0003197832042424298 -0.005988459459275456 0.01247443025950842 0.015791119032456821 0.053406148354803125 0.0099693265597069376 0.16474568457834432 0.027141123377943666 0.014007677586876432 0.081553215751706182 0.0063228078741097461
leaf_weight=2927.6864559228998 14.738410912454126 73.945309703238308 132.4328506058082 93.547092819586396 0.32710235938429733 209.45105279213749 266.13332498818636 197.63767239823937 19.441548178903759 91.24407125194557 189.17335123568773 13728.521266900934 1707.5844403244555 134.75357961561531 122.28326680790633 26.245135686360303 239.85756189841777 1798.2490907304455 95.0472651431337 1365.6494724373333 914.62640482606366 109.24809790588915 43.184598979540169 4.6050723213702431 108.25102662853897 0.30772946681827207 58.622654479928315 56.878597694449127 1.0659069325774897 44.640191501937807
leaf_count=262777 583 7791 15838 5498 35 35313 20068 8511 664 8491 9627 246682 87020 9361 7913 1340 8235 149032 3032 91151 76317 10336 1419 141 2311 42 2019 679 48 2436
internal_value=-2.31826e-05 0.000603208 0.000393357 0.00594524 -0.0158666 -0.0209119 0.00262505 0.00889028 0.0348542 0.000681518 0.0008121 0.000385582 0.00403823 -0.00696262 -0.00138039 -0.000325134 -0.00653848 0.000190862 0.00931536 -0.000534326 -0.00221047 0.00146939 0.00132117 0.00450226 0.00548697 -0.0213263 0.0166687 0.0030083 -0.0122794 0.01802
internal_weight=24775.4 16951.7 16310.9 640.743 284.031 210.086 502.556 236.423 34.18 16026.9 15757.7 13917.7 1840.02 269.182 7823.71 4896.02 375.42 4520.6 332.832 4187.77 2280.28 1907.5 134.429 202.243 135.562 209.759 153.67 179.162 27.311 138.187
internal_count=1074710 459520 421619 37901 43181 35390 29967 9899 1247 378438 359167 256309 102858 19271 615190 352413 11934 340479 13643 326836 167468 159368 9910 8652 3699 35355 5051 8592 1388 7934
is_linear=0
shrinkage=0.03


Tree=126
num_leaves=31
num_cat=0
split_feature=18 15 11 13 17 17 11 17 15 16 15 17 17 4 0 17 11 13 13 13 11 17 16 0 6 0 17 1 4 17
split_gain=22.7357 16.9301 14.7665 15.0302 24.5152 23.4929 28.8862 16.3694 17.6004 13.7238 27.5729 13.3115 12.8564 18.6681 17.3971 17.0256 12.8227 12.4058 12.3665 10.7004 11.9499 16.6555 56.6047 12.8232 20.6713 12.0794 11.6924 9.45191 9.16781 9.13838
threshold=1.5866666866673367 0.37898770952290223 275.07692307692315 977.50000000000011 -798.96882675633276 -1028.139655373313 619.01785714285722 -40.424762677173213 28.969489194915258 0.34027280656452635 0.15238864046973807 -45.863738377888986 -775.80947570800765 5.6511065541600169 54.500000000000007 -1526.665344238281 324.67708333333343 1872.5000000000002 513.50000000000011 201.50000000000003 960.01923076923083 -657.88910522460924 1.2193027943051427 9.5000000000000018 40.823372770266708 3.5000000000000004 -1251.5586206345329 0.99961333401116947 4.279935627834182 -54.245683034261063
decision_type=2 2 2 2 2 2 2 2 2 2 2 2 2 2 2 2 2 2 2 2 2 2 2 2 2 2 2 2 2 2
left_child=1 12 -2 4 5 -4 -7 8 11 28 -11 -5 15 16 18 -1 -14 -9 -15 -3 21 22 -21 26 -25 -23 -22 -18 -6 -10
right_child=2 19 3 7 9 6 -8 17 29 10 -12 -13 13 14 -16 -17 27 -19 -20 20 23 25 -24 24 -26 -27 -28 -29 -30 -31
leaf_value=-0.018296178910540879 -0.0057493453278154791 -0.012786010794908167 -0.019473630274826164 -1.9201224838382614e-05 -0.020663525428788663 -0.016144055301561076 0.076697917040404573 -0.010299982168951408 -0.0050778888399531426 0.029768163402717492 0.0017974852830617218 -0.0099938532920631883 0.01035484873481058 0.10353077707604338 0.19136183919847391 0.00031434045909921397 -0.015077088794119495 0.034370484307795754 0.0072052334515301875 0.0094242795634342791 0.0017426005508551596 0.0015332797919474289 0.14206253224128557 0.0028965562828247183 -0.0042040259466616381 -0.0014212332706819554 -0.002714645769442229 0.013326774869347248 0.010607016014444384 0.012826458095086897
leaf_weight=50.565232267137617 291.94487769436091 64.950423444621265 5.4656878509558764 3848.9990780171938 38.968587050680071 4.0664548063650718 11.676704759243874 183.845458349213 31.472706066444516 31.857985577080399 7268.9174021719955 124.30141367390752 21.365250995848328 1.3439172371290595 0.54071622807532627 353.74683672329411 242.91920743789524 5.7710002996027461 11.163488316815345 38.475950432009995 601.81231866311282 3109.3805733770132 3.1313949348404995 1243.8877055253834 524.62423539627343 2077.552638261579 4419.066084173508 11.022486495785413 10.770016029942779 138.82836603745818
leaf_count=10463 7414 6048 535 148158 3509 327 853 1768 236 1095 89887 1086 2292 141 36 45089 35004 87 1056 4367 49357 136929 258 79655 30092 75309 340250 1709 732 968
internal_value=-2.28424e-05 -0.000903558 0.000915037 0.00108126 0.00190547 0.0341128 0.0527169 -0.000320904 7.35364e-05 0.00181254 0.00191954 -0.00033125 -0.00546481 -0.0103045 0.024758 -0.00201318 -0.0119662 -0.00894043 0.0175554 -0.000642078 -0.000576447 0.000501541 0.0194067 -0.00140661 0.000790188 0.000349891 -0.00218039 -0.0138442 -0.0138924 0.00951762
internal_weight=24772.4 12775.5 11996.9 11704.9 7371.72 21.2088 15.7432 4333.22 4143.6 7350.51 7300.78 3973.3 692.667 288.355 13.0481 404.312 275.307 189.616 12.5074 12082.9 12017.9 5228.54 41.6073 6789.39 1768.51 5186.93 5020.88 253.942 49.7386 170.301
internal_count=1074710 818055 256655 249241 96938 1715 1180 152303 150448 95223 90982 149244 95790 40238 1233 55552 39005 1855 1197 722265 716217 216863 4625 499354 109747 212238 389607 36713 4241 1204
is_linear=0
shrinkage=0.03


Tree=127
num_leaves=31
num_cat=0
split_feature=14 17 11 11 3 18 0 5 11 17 17 17 17 14 18 14 5 14 6 11 17 17 17 17 11 9 11 11 11 12
split_gain=22.1343 21.0586 33.0761 25.4162 19.6563 19.2563 23.4297 23.8841 18.7603 25.8511 23.2479 60.9742 18.4517 17.207 15.8877 14.8051 13.8134 13.2367 13.1733 12.3704 11.4202 17.9028 26.7851 32.4042 22.1501 47.317 20.9501 19.1335 14.0349 15.7426
threshold=1.5243603097826319 -1316.9267054966515 3219.1428571428573 2613.0625000000005 2.7462853107399154 1.5944820437068417 9.5000000000000018 5.1627264816171241 1463.788888888889 -295.875749860491 -807.87125414980642 -706.74450683593739 -338.44029235839838 2.5476194848229947 2.3371428134185934 5.2974948617183619 21.367745151269414 3.2242912552326284 2.9586158011853949 2583.1652173913049 -145.90738105773923 -287.79505121140249 -706.74450683593739 -1068.5440979003904 2103.7750000000005 0.43599371911295343 891.35416666666686 611.51923076923083 301.01315789473693 246.50000000000003
decision_type=2 2 2 2 2 2 2 2 2 2 2 2 2 2 2 2 2 2 2 2 2 2 2 2 2 2 2 2 2 2
left_child=20 3 8 5 17 18 7 -7 9 12 13 -12 -3 -10 -11 -4 -6 -5 19 -2 21 22 23 -1 26 -26 -24 -25 29 -22
right_child=1 2 15 4 16 6 -8 -9 10 14 11 -13 -14 -15 -16 -17 -18 -19 -20 -21 28 -23 24 27 25 -27 -28 -29 -30 -31
leaf_value=-0.0043511055768761884 0.027514895785446438 0.0028908291725944944 -0.012727191216807274 -0.0021335515266244051 0.017342286825909516 0.03980898365470207 -0.021700800645968858 0.12280685602618327 -0.00015941894521945743 -0.00018906695886452348 -0.015550103758723113 -0.0013624517130223486 0.011157441137113691 0.0089938498925935806 0.0020177644001832988 0.018580213791930086 0.076982067144192701 0.017259750414984475 0.0047465042400945184 0.11283214942939773 -0.0094662492684554674 0.0029668004606278322 -0.0031409950413878699 -0.025971241753068964 -0.0098858583448863651 0.096665297830424601 -0.010948341504406597 0.0031169553964791037 -0.017788882301380784 0.018157746106999224
leaf_weight=1094.8739435444586 18.049808685667816 1348.4195211459883 224.35848035570234 228.92916092649102 36.078922928310931 9.348040612414481 3.2659337576478711 4.6839989069849244 709.17570615932345 10714.899797345512 316.91121289459988 1950.9664234761149 296.43283998873085 249.99987285910174 4044.2435402767733 14.471282355487345 3.8701076190918675 36.761643963865936 39.692841537296772 1.671117067337035 59.239100548438728 651.34589214343578 753.32986640743911 20.680914299562573 10.287602588534357 5.9034182056784621 524.83808729145676 1279.132379678078 88.985097976401448 27.043197738938034
leaf_count=119991 898 85887 23096 13513 1855 383 120 167 53342 265535 47393 117181 14518 14093 22739 549 95 776 1662 68 3685 30143 75828 3575 1068 493 51361 118777 4405 1514
internal_value=-2.24145e-05 0.000401066 0.000266872 0.00737481 0.00349982 0.0228138 0.0506701 0.0675143 0.000401878 0.000813215 -0.00168906 -0.00334502 0.00438063 0.00222629 0.00041564 -0.0108302 0.02312 0.000549754 0.0147036 0.0347445 -0.00192168 -0.00161851 -0.0024281 -0.000548724 -0.00590513 0.0289638 -0.00634683 0.00265414 -0.00942944 -0.000808145
internal_weight=24767.9 20252.2 19869.9 382.352 305.64 76.7117 17.298 14.032 19631 16404 3227.05 2267.88 1644.85 959.176 14759.1 238.83 39.949 265.691 59.4138 19.7209 4515.66 4340.39 3689.05 2394.69 1294.36 16.191 1278.17 1299.81 175.267 86.2823
internal_count=1074710 663870 644333 19537 16239 3298 670 550 620688 388679 232009 164574 100405 67435 288274 23645 1950 14289 2628 966 410840 401236 371093 242343 128750 1561 127189 122352 9604 5199
is_linear=0
shrinkage=0.03


Tree=128
num_leaves=31
num_cat=0
split_feature=16 11 17 17 13 13 2 11 6 17 11 17 14 18 17 17 11 14 13 17 18 17 15 1 0 17 11 17 16 17
split_gain=21.342 21.3341 26.0655 21.1773 35.6001 31.9549 20.9235 20.3311 20.3235 18.0764 17.5463 30.4872 17.251 19.687 16.3701 18.8848 36.2317 32.7813 23.2934 19.4061 17.6126 15.4533 17.5764 15.2957 14.5833 14.5086 13.1765 12.961 26.1199 16.0272
threshold=1.3034069976739036 2056.0500000000006 -848.47394111828919 -1316.9267054966515 3363.5000000000005 2633.5000000000005 2.3180835630058225 2675.7083333333335 24.685024946305926 -1468.1789156595862 1503.7375000000002 -837.79803466796864 1.4383010403374561 1.3600000128513432 -1657.6433105468748 -758.91526704676005 1628.5192307692309 1.1418824000691685 690.50000000000011 -875.63865966796868 1.7310795570639048 -2118.6354217529292 1.7987543551742073 0.28469706212923557 4.5000000000000009 -591.57517089843736 2103.7750000000005 -1219.4234863281247 3.372891695702672 -1078.8055969238278
decision_type=2 2 2 2 2 2 2 2 2 2 2 2 2 2 2 2 2 2 2 2 2 2 2 2 2 2 2 2 2 2
left_child=1 14 7 5 10 9 21 -3 -8 12 11 -5 23 -14 -1 19 18 -18 -17 -16 -21 -7 -23 -2 26 -13 -11 28 -12 -29
right_child=3 2 -4 4 -6 6 8 -9 -10 24 27 25 13 -15 15 16 17 -19 -20 20 -22 22 -24 -25 -26 -27 -28 29 -30 -31
leaf_value=-0.030132323467241283 0.07502984844855716 -0.016415700091193662 0.040415470920562004 0.010532626839440569 -0.0094212257826452334 -0.011500495910514053 0.017935909979946176 0.0018789593892216553 0.10367872647443239 0.092178986124189455 0.0042951451994877165 -0.0042833167578612682 0.037367450281779131 0.10694420051485051 -0.00059711009980499715 -0.00057685188365883639 0.069559070954555643 -0.013046516809303866 -0.008239210279851349 0.0071274503207994378 0.042447491863213012 -0.0012897271567751678 0.012593329046810509 -0.00086409483663975307 -0.0060734878550109716 0.00067661479502344765 0.020031104041267692 -0.0082120219113991158 0.085916775375308271 -0.0013941476171863642
leaf_weight=17.956945235840976 3.1287671774625805 212.14499133499339 8.9060349529609066 278.08484980277717 344.74208952137269 73.303846191149205 38.110851964447647 73.65108993370086 2.6617372995242468 2.4462704025208941 194.2027732739225 548.06143064750358 9.6997756054624897 5.8781942212954155 777.96680611302145 772.52297518169507 11.416693526785822 6.9591721044853321 663.9558476624079 234.46714926045388 13.434507578611372 232.36931287450716 126.89240645896643 10.122010943479834 22.014506769366562 16835.937952844426 33.161880555562675 348.12766237929463 3.5939068663865319 2856.879331978038
leaf_count=4313 225 26635 856 12064 30614 7038 2089 7966 69 168 10601 52298 481 230 87163 58506 1211 742 72448 22884 623 14926 4557 658 1214 407229 1760 31277 126 213739
internal_value=-2.2091e-05 -0.00249201 -0.0101261 0.000291956 0.000141346 0.00605219 0.00298897 -0.0117011 0.0235334 0.0228239 0.000297844 0.000677886 0.0422182 0.0636216 -0.00159163 -0.00138503 -0.00358301 0.0382753 -0.00411848 0.00173208 0.00904155 0.0010525 0.00361381 0.0170559 0.0131209 0.000520244 0.0249876 -0.00167475 0.00577819 -0.0021347
internal_weight=24762.8 2793.38 294.702 21969.4 21409.6 559.79 473.338 285.796 40.7726 86.4514 21064.9 17662.1 28.8287 15.578 2498.68 2480.72 1454.85 18.3759 1436.48 1025.87 247.902 432.566 359.262 13.2508 57.6227 17384 35.6082 3402.8 197.797 3205.01
internal_count=1074710 283347 35457 791363 757948 33415 28679 34601 2158 4736 727334 471591 1594 711 247890 243577 132907 1953 130954 110670 23507 26521 19483 883 3142 459527 1928 255743 10727 245016
is_linear=0
shrinkage=0.03


Tree=129
num_leaves=31
num_cat=0
split_feature=14 17 9 8 18 9 13 17 18 14 9 18 12 17 13 17 15 18 15 17 2 17 11 13 0 7 17 14 11 17
split_gain=20.5463 24.5564 26.6534 25.047 21.3216 32.0637 20.5945 97.0325 24.1033 22.2398 21.1322 26.6316 20.3837 18.7996 26.1097 24.3098 17.6189 20.0055 17.4504 23.2305 17.8373 17.4456 17.3001 16.485 15.2405 25.6962 15.0878 15.0521 18.5927 14.5908
threshold=5.9387747353260112 -70.234172821044908 0.58737803466183214 128.41388194682909 2.5545453977855774 0.39725087514199398 690.50000000000011 -96.101752471923803 1.1806250071773927 0.059012526040962035 0.49018222839078368 2.4322499512384339 207.50000000000003 -86.398951721191395 663.50000000000011 -287.79505121140249 1.0000000180025095e-35 1.9259821280304876 28.969489194915258 -37.412331277673893 1.4646913290182664 -526.40425836472275 1503.7375000000002 672.50000000000011 66.500000000000014 0.57596363942407891 -43.294536227271664 8.7444994050728724 462.35416666666669 -156.63753890991208
decision_type=2 2 2 2 2 2 2 2 2 2 2 2 2 2 2 2 2 2 2 2 2 2 2 2 2 2 2 2 2 2
left_child=6 2 3 13 5 23 8 10 -1 -10 24 12 -12 15 -15 -2 17 -11 20 -20 -7 -18 29 26 -8 -26 -3 28 -6 -4
right_child=1 4 22 -5 27 18 7 -9 9 16 11 -13 -14 14 -16 -17 21 -19 19 -21 -22 -23 -24 -25 25 -27 -28 -29 -30 -31
leaf_value=-0.0013615969893044017 0.013910082102983511 -0.0038175630245611638 0.026273279431163536 -0.011515811001386904 -0.00048890634366233112 -0.0075988855686758222 -0.0018699798820501305 -0.018152953769325932 -0.018153045272010237 -0.00095197587848352765 0.060175749496415826 0.021442908339299939 0.00052007190636597076 -0.0013917608152585561 0.0096296976470646722 -0.00095716116606028336 0.085212473019557519 0.059475728584024293 0.024392491485519696 -0.0089310669191637691 -0.00096136019336318448 0.0032058704128596336 -0.0047637969528774955 0.0052641040624218823 -0.0072076733458382187 0.14514381714832589 0.0046393531235541484 0.0026972357408476515 -0.021060982090521593 0.0081109069141693003
leaf_weight=1966.9350191596895 107.03624280635267 601.22086745128036 42.043992947787046 125.0900844046846 155.44686763733625 1025.2699338765815 7285.5438739040401 300.72245387081057 43.360004254151136 9.1323408861644584 5.1618742141872636 55.97893358906731 3833.0240957771894 296.67404219135642 555.97897987626493 1315.6570593174547 2.3370708832517257 10.717617652378975 42.023385483771563 34.110118178650737 565.29054290056229 2296.718284026254 90.594461469911039 612.65816270187497 2.4035376943647853 1.7018550848588345 277.49809445999563 2297.8009251989424 53.027252687141299 748.7234547175467
leaf_count=106910 4185 9751 858 2653 833 11809 550664 6600 4723 869 64 1016 236288 2932 5773 28459 276 148 334 477 6744 55911 2731 7645 113 61 5955 11375 286 8267
internal_value=-2.17644e-05 0.00112722 0.00319214 0.00155392 -6.91565e-05 -0.00170884 -0.000671766 -0.00133647 0.00109156 0.00313418 -0.000884288 0.000899915 0.000600301 0.00227244 0.00579487 0.000161375 0.00353222 0.0316748 -0.00456829 0.00946253 -0.00523989 0.00328923 0.00765393 0.00148675 -0.00183742 0.0559483 -0.00114688 0.00199695 -0.0057216 0.00907657
internal_weight=24759.9 8946.14 3281.8 2400.44 5664.35 3158.07 15813.7 11484.5 4329.2 2362.27 11183.8 3894.16 3838.19 2275.35 852.653 1422.69 2318.91 19.85 1666.69 76.1335 1590.56 2299.06 881.362 1491.38 7289.65 4.10539 878.719 2506.28 208.474 790.767
internal_count=1074710 111067 55858 44002 55209 42715 963643 794806 168837 61927 788206 237368 236352 41349 8705 32644 57204 1017 19364 811 18553 56187 11856 23351 550838 174 15706 12494 1119 9125
is_linear=0
shrinkage=0.03


Tree=130
num_leaves=31
num_cat=0
split_feature=16 17 13 13 2 13 17 13 8 3 2 6 4 6 17 17 13 5 16 12 17 17 4 17 14 18 6 7 1 13
split_gain=19.8056 19.9683 33.7425 29.1378 19.2342 17.6271 28.649 18.1368 16.9831 22.3242 22.093 18.9222 17.2185 16.7122 16.3793 17.1402 43.4231 20.0657 20.6072 19.3776 19.093 15.7275 15.1352 14.628 14.4396 15.1147 14.2608 13.1812 13.1582 12.8184
threshold=1.3034069976739036 -1316.9267054966515 3363.5000000000005 2633.5000000000005 2.3180835630058225 2146.5000000000005 -792.6698924473352 2817.5000000000005 111.77095517870252 1.4285394201154988 1.3449713302720612 4.4455980578897174 1.6500058302035876 24.685024946305926 -1657.6433105468748 -758.91526704676005 2116.5000000000005 41.542911219807898 0.86596943358519385 1538.5000000000002 -875.63865966796868 -1468.1789156595862 3.8432903666141045 -2118.6354217529292 1.4383010403374561 1.3600000128513432 41.706769037169416 0.74856251979964539 0.28469706212923557 2176.5000000000005
decision_type=2 2 2 2 2 2 2 2 2 2 2 2 2 2 2 2 2 2 2 2 2 2 2 2 2 2 2 2 2 2
left_child=5 3 8 21 23 14 7 -7 9 26 -11 12 -10 -6 -1 17 19 20 -19 -17 -16 24 -13 -5 28 -26 -3 -23 -2 -8
right_child=1 2 -4 4 13 6 29 -9 11 10 -12 22 -14 -15 15 16 -18 18 -20 -21 -22 27 -24 -25 25 -27 -28 -29 -30 -31
leaf_value=-0.030125319693131432 0.067691398562679639 -0.00053538963925673928 -0.0092198992819873711 -0.011264089984660509 0.017171769300853436 -0.015074162039003493 0.14976413044923681 0.0030045990916589332 -0.0070290353853512035 0.0029885794599734282 0.00031952786187937403 -0.011494658802840797 0.0052732681413121922 0.091619995349822209 -0.00091860479014046668 -0.0040386924843149137 0.20630203821711157 -0.00033352043288694885 0.20334620465040434 0.024840669775881261 0.0086168524911740107 0.0030089267357887965 -0.0030259941657569634 0.0035129481909881833 0.035045872274007801 0.093780923868351934 -0.009386529469283816 0.033812825972059556 -0.00082429052122630765 0.033825890611939115
leaf_weight=17.976816268870607 3.3615667456761029 7558.5644229967147 341.54111993103288 72.410094174090773 38.705865739844739 217.08576372289099 0.99940571002662082 64.864400226157159 140.39117792760953 4540.0423955949955 7245.6925670839846 250.64380078297108 378.29558720486239 2.9183409335091701 776.41786115104333 1427.3415598869324 0.88742507435381313 0.88996770372614153 0.89831583248451352 21.22151783015579 249.78822690993547 40.152341138571501 784.14125971542671 360.23615653812885 10.038644790649416 6.4940693508833638 167.45786360441707 18.1550547266379 10.10863009886816 6.0773468632251024
leaf_count=4515 225 293534 30614 7038 2089 27096 91 7109 4737 160896 226595 6858 10266 69 87392 130592 82 71 69 2259 23522 2182 18003 19483 481 230 6445 960 658 549
internal_value=-2.14091e-05 0.000280694 0.000134072 0.00585982 0.0029137 -0.00240501 -0.00941866 -0.010915 0.000285732 0.000526086 0.00134769 -0.00273312 0.00194345 0.0223915 -0.00159267 -0.00138563 -0.00348709 0.00157738 0.101982 -0.00361561 0.00140242 0.0216819 -0.00507726 0.00103978 0.0393312 0.0581171 -0.000727234 0.0126003 0.0162742 0.0501991
internal_weight=24753.8 21969.4 21406.8 562.581 474.27 2784.45 289.027 281.95 21065.2 19511.8 11785.7 1553.47 518.687 41.6242 2495.42 2477.44 1449.45 1027.99 1.78828 1448.56 1026.21 88.3103 1034.79 432.646 30.0029 16.5327 7726.02 58.3074 13.4702 7.07675
internal_count=1074710 791363 757948 33415 28679 283347 34845 34205 727334 687470 387491 39864 15003 2158 248502 243987 132933 111054 140 132851 110914 4736 24861 26521 1594 711 299979 3142 883 640
is_linear=0
shrinkage=0.03


Tree=131
num_leaves=31
num_cat=0
split_feature=13 0 17 15 17 14 17 17 15 3 0 1 17 13 15 17 13 17 16 17 8 2 3 12 3 17 3 17 17 15
split_gain=19.3425 21.211 23.265 20.0442 29.021 20.5095 22.682 19.813 19.3179 21.6594 24.0052 21.3251 17.0293 16.6768 16.2958 15.4565 14.3778 13.6925 16.4926 13.5366 13.0105 22.7961 21.6678 19.883 16.6279 14.5781 18.6343 17.3803 11.5253 10.6415
threshold=977.50000000000011 8.5000000000000018 -61.600145966666084 10.928865392736489 -276.7523248291015 2.9260521254309988 -771.35067749023426 -40.424762677173213 1.164503844854909 2.1990242965114755 28.500000000000004 0.35277063460041597 -737.13586425781239 241.50000000000003 19.193128787878788 -597.77490997314442 1195.5000000000002 -88.530026175759033 8.4183609420642664 -88.530026175759033 30.397467173416796 0.88401302421463035 3.4841994776082421 176.50000000000003 2.6287615383853908 -34.606435394287104 1.569884842206293 -43.294536227271664 -74.949505805969224 14.564994256915144
decision_type=2 2 2 2 2 2 2 2 2 2 2 2 2 2 2 2 2 2 2 2 2 2 2 2 2 2 2 2 2 2
left_child=13 3 8 4 5 6 -2 19 11 10 -10 -3 -13 -1 -4 -7 -11 -6 -19 29 21 -15 23 -22 -25 27 -27 -23 -21 -5
right_child=1 2 14 7 17 15 -8 -9 9 16 -12 12 -14 20 -16 -17 -18 18 -20 28 22 25 -24 24 -26 26 -28 -29 -30 -31
leaf_value=-0.0063622027433712161 -0.0001961623231591253 -0.0073454187675815168 -0.011473149650466748 -4.8910619456428167e-05 -0.0044610849228891667 -0.0033591170243772927 -0.0046801222398199132 -0.0097218209904082389 0.0069060227760638464 0.0070242442087403868 -0.0023316469510282758 0.0056336073908083645 -0.0046408209120598325 0.00017273882325020398 0.00024993078982352959 0.0049869603878996919 -0.0022895724832939254 -0.024367046538377558 -0.0069656326598049349 0.014485723475921154 0.016806814552832318 0.0028938829757876971 -0.0078881483411387572 -0.0020275662458722845 0.0035758662454554828 0.024850487045381491 -0.008483620551876252 0.010247211511925895 0.0040964455432284143 -0.023037805095396473
leaf_weight=286.46523369289935 2483.751352295978 390.34637097036466 217.88715151138604 68.298307223245502 1746.6609682021663 273.78877042536624 1717.3326757121831 100.66552205383778 1323.6496469336562 184.16396908927709 313.05473754368722 372.80937415314838 237.79010023409501 5446.428868241841 209.15971482545137 738.04974631406367 785.03266395791434 70.129872348159552 162.8372034560889 119.68653994239867 62.731329789850861 3844.9234548893292 347.36783964652568 1561.2260102303699 686.06747730774805 16.661997666582465 160.29384082369506 312.82497046142817 487.65241349115968 24.667384883388877
leaf_count=17136 224265 32871 2514 1577 64813 27190 163863 1040 62470 4653 13271 27959 16295 175350 1427 33853 35454 1798 2174 1243 733 103359 7390 31026 11408 193 1860 2975 4079 471
internal_value=-2.10679e-05 -0.000883672 0.000889793 -0.00177864 -0.00227996 -0.00110564 -0.00202913 0.00272309 0.00167374 0.00303444 0.00513912 -0.00186877 0.00163236 0.000794249 -0.0057314 0.00272863 -0.000519788 -0.00537228 -0.012204 0.00451199 0.000959065 0.00146479 -0.00090238 0.000148098 -0.000316916 0.00308822 -0.00534491 0.00344714 0.00614383 -0.00614875
internal_weight=24752.4 12027.4 4033.89 7993.52 7192.55 5212.92 4201.08 800.97 3606.85 2605.9 1636.7 1000.95 610.599 12725 427.047 1011.84 969.197 1979.63 232.967 700.305 12438.5 9781.13 2657.39 2310.02 2247.29 4334.7 176.956 4157.75 607.339 92.9657
internal_count=1074710 723280 196914 526366 517956 449171 388128 8410 192973 115848 75741 77125 44254 351430 3941 61043 40107 68785 3972 7370 334294 283737 50557 43167 42434 108387 2053 106334 5322 2048
is_linear=0
shrinkage=0.03


Tree=132
num_leaves=31
num_cat=0
split_feature=15 17 17 17 11 17 9 1 12 17 12 12 17 17 12 17 17 17 17 17 12 12 1 7 5 13 17 14 18 10
split_gain=18.9084 19.7134 76.678 27.0008 24.3768 23.2914 16.2223 18.0775 17.9977 16.1969 33.8276 26.1102 37.1588 22.6252 15.7029 23.107 40.3037 21.8722 19.6612 14.6682 37.2847 20.3005 14.6383 13.9107 13.2522 12.4331 19.7273 12.1838 13.219 12.5055
threshold=1.8811200235950236 -837.79803466796864 -701.03737053504346 -950.35886637369788 1183.4463601532568 -775.80947570800765 0.64352971528772895 0.39367633987834244 2575.5000000000005 -123.58693027496336 234.50000000000003 551.50000000000011 -413.77847798665363 -182.72485351562497 2158.5000000000005 -257.93705813089997 -239.24147288004556 -591.57517089843736 -425.99616196576284 -758.91526704676005 1246.5000000000002 1686.5000000000002 0.27074997063977829 0.78671464028721461 24.88923699806131 3414.5000000000005 -1206.5219116210935 2.4674331873905451 1.5053588573061869 7.4880481971197552
decision_type=2 2 2 2 2 2 2 2 2 2 2 2 2 2 2 2 2 2 2 2 2 2 2 2 2 2 2 2 2 2
left_child=9 3 4 6 -3 -6 25 8 -8 11 27 12 -1 19 15 17 -17 -4 24 20 -13 -21 -14 -24 -16 26 -2 29 -29 -11
right_child=1 2 14 -5 5 -7 7 -9 -10 10 -12 13 22 -15 18 16 -18 -19 -20 21 -22 -23 23 -25 -26 -27 -28 28 -30 -31
leaf_value=-0.013816964455532274 0.012697980064939779 0.24227002360956704 -0.0079631639680290186 0.017336476850651008 -0.0011743253261227511 -0.020950096502536333 0.066958321398471132 0.0048983589235603291 0.016956891103492785 -0.0054429560917066949 -0.011895693724285852 0.0058786520910964592 -0.00073452463547609326 -0.018626311461382591 0.00075621853590092923 -0.013564119276768934 0.00049811828498851486 0.0047799206569726204 -0.014858051755574409 -0.0037863787342007462 -0.0019019343642371976 0.006378678308802033 0.010041899485124505 0.0022868189614506057 0.12598280066665996 -0.0080479681421552016 -0.0034299680190476565 -0.0096730225210854646 0.018389618512514767 0.06146734222540623
leaf_weight=108.52628066320904 117.27520837821066 0.33010251168161531 130.42820712784305 140.12050897628069 73.041885862592608 201.38314401474781 9.4948626616969722 68.815635113976896 20.395870179869235 87.319862319622189 341.06867689546198 721.47284962004051 339.86923825740814 70.369807398878038 132.9753576470539 185.91467892937362 13744.64344898425 1717.6432524733245 131.68243255233392 2598.8350036987104 2392.2839389985893 189.72762604849413 474.22827392490581 371.04922180902213 0.76494101481512089 125.52303071739152 163.30886519653723 19.387338308617473 68.429538549855351 2.5884744543582192
leaf_count=14892 5126 28 15838 7934 7791 35362 384 2692 753 4997 13521 62791 20253 3147 9862 9627 246682 87020 9361 223368 215891 20026 17652 17432 48 8552 12460 527 597 96
internal_value=-2.06818e-05 0.000541069 0.000337761 0.00568539 -0.0153766 -0.0156865 0.00245141 0.0133598 0.03284 -0.00124473 -0.00636584 -0.000879098 0.00298493 -0.00171604 0.00060687 0.000728597 0.000310446 0.00388057 -0.00662949 -0.00151443 -9.9134e-05 -0.00309477 0.00452352 0.00663767 0.00147246 -0.000199926 0.003311 0.00424637 0.0121942 -0.0035166
internal_weight=24748.9 16963.7 16318.8 644.934 274.755 274.425 504.813 98.7064 29.8907 7785.16 518.794 7266.36 1293.67 5972.69 16044.1 15778.6 13930.6 1848.07 265.423 5902.32 3113.76 2788.56 1185.15 845.277 133.74 406.107 280.584 177.725 87.8169 89.9083
internal_count=1074710 459520 421619 37901 43181 43153 29967 3829 1137 615190 19738 595452 70229 525223 378438 359167 256309 102858 19271 522076 278682 243394 55337 35084 9910 26138 17586 6217 1124 5093
is_linear=0
shrinkage=0.03


Tree=133
num_leaves=31
num_cat=0
split_feature=13 9 17 3 17 18 15 17 17 3 15 9 18 13 15 15 17 13 3 13 2 17 10 17 17 18 17 0 17 17
split_gain=18.2607 25.5822 24.0621 22.794 21.8281 23.1119 20.2263 27.086 20.5692 47.7702 45.8413 45.5823 19.1338 29.0294 17.9523 17.1489 24.7959 22.3767 20.4514 17.0026 17.7849 16.1615 14.4928 15.9694 19.5295 12.7211 20.6066 16.6789 12.381 13.9844
threshold=1120.5000000000002 0.5438708277481219 -775.80947570800765 1.3411442302596768 -875.63865966796868 2.4322499512384339 0.58876532841523399 -514.63253784179676 -691.8621253967284 2.3363798500123285 1.3632068007662839 0.18874375059221113 1.7746640399039502 485.50000000000006 0.94495321527988974 1.0666162947488882 -1316.9267054966515 2415.5000000000005 2.7462853107399154 3363.5000000000005 1.5850285605949013 -508.82835083007808 1.4709137482964001 -1174.3636728922522 -1219.4234863281247 2.3371428134185934 -34.606435394287104 8.5000000000000018 -1822.7151245117186 -1174.3636728922522
decision_type=2 2 2 2 2 2 2 2 2 2 2 2 2 2 2 2 2 2 2 2 2 2 2 2 2 2 2 2 2 2
left_child=2 15 4 22 -1 14 7 -4 9 10 -8 -11 21 -14 -6 -2 17 -17 -19 20 -18 -9 -3 24 -24 26 -10 -27 -5 -30
right_child=1 3 6 28 5 -7 8 12 25 11 -12 -13 13 -15 -16 16 19 18 -20 -21 -22 -23 23 -25 -26 27 -28 -29 29 -31
leaf_value=0.0038230459216301504 -0.0053004304103918291 -0.005873120389999471 -0.012945092814307207 -0.013722055758659745 0.017393592249388169 0.11674248163382388 0.0075046774707111692 0.04674849968416013 0.00033194756837386493 0.020420723510636365 0.17934544733568658 0.23870487697540979 -0.003008897977260787 0.024550062378359758 0.07856572541542646 0.0321965658818959 -0.00020757434418154232 0.0006161342475163445 0.021272365299481646 -0.010635948061079641 -0.0039320812863226405 -0.0053572516028199142 0.014068126930654484 0.00033076737985099445 0.085383707112453244 0.00097836463729489027 -0.0093625671103388011 0.0055498648714042741 0.0086678443348988284 0.0019362587529121158
leaf_weight=117.63968364777975 1207.3863549947273 561.80882390937768 228.67180777504109 41.547212729463354 57.114357013255358 2.4085933044552794 59.505534854251891 5.4538802076131097 9863.8689034115523 1.7744154650717967 1.4307576222345222 1.6725259404629467 79.364847715012729 60.716431382112205 4.670834392309188 28.240560094825923 3267.1685271402821 245.01778664439917 52.356281064450741 191.23820617911406 1783.888156473171 302.79180445801467 20.763015572912995 182.50865945429541 4.1460229405201963 2681.8166605550796 201.36010824143887 981.02537763677537 318.07747063878924 2190.5721984403208
leaf_count=15918 129282 37782 33952 4371 6598 51 6359 751 304210 189 135 158 1454 1158 240 1888 212904 16558 2701 19827 96474 29601 1233 8119 352 15837 5488 5058 18237 97825
internal_value=-2.04131e-05 -0.0010022 0.000656038 0.00115542 0.0115013 0.0255722 0.000519749 -0.00454293 0.000768249 0.0176854 0.0115394 0.126337 -0.000257356 0.00893618 0.0220181 -0.00205929 -0.00135645 0.00667647 0.00425291 -0.0018554 -0.00152296 -0.00443533 -0.00337105 0.00340601 0.0259384 0.000688909 0.000138004 0.00220276 0.00252077 0.00278977
internal_weight=24746 10094.7 14651.3 3319.42 181.833 64.1938 14469.5 676.999 13792.5 64.3832 60.9363 3.44694 448.327 140.081 61.7852 6775.3 5567.91 325.615 297.374 5242.29 5051.06 308.246 769.227 207.418 24.909 13728.1 10065.2 3662.84 2550.2 2508.65
internal_count=1074710 647553 427157 167919 22807 6889 404350 66916 337434 6841 6494 347 32964 2612 6838 479634 350352 21147 19259 329205 309378 30352 47486 9704 1585 330593 309698 20895 120433 116062
is_linear=0
shrinkage=0.03


Tree=134
num_leaves=31
num_cat=0
split_feature=14 12 14 18 13 12 11 11 11 10 18 9 8 13 3 3 6 5 16 18 14 16 9 9 3 11 16 3 2 13
split_gain=17.8353 17.9472 20.9637 26.2162 25.5129 22.7157 22.5567 20.247 16.876 16.6911 16.5258 15.5195 21.4449 19.6766 19.1772 17.0987 15.3743 19.3712 16.6309 15.0123 13.9437 27.012 14.2168 11.9933 11.8906 17.6086 11.6677 13.4504 11.4698 11.2597
threshold=5.5355879541042219 607.50000000000011 10.102878555590328 2.2013953218972966 831.50000000000011 382.50000000000006 288.52777777777783 914.04347826086962 3891.1666666666674 3.4437107782728567 2.5250793108076022 0.49018222839078368 919.41414194555443 655.50000000000011 1.3161826528134064 3.2480966804407685 15.502045757885785 25.928490479808968 12.505900310559008 1.0861904796153781 10.102878555590328 22.854410067873307 0.7253391581068207 0.99999350749646598 1.7596081693400405 611.51923076923083 14.186087674497788 1.6249950881789121 0.82859845137208843 241.50000000000003
decision_type=2 2 2 2 2 2 2 2 2 2 2 2 2 2 2 2 2 2 2 2 2 2 2 2 2 2 2 2 2 2
left_child=8 2 6 24 5 -5 -2 20 11 16 -6 12 13 19 28 -15 18 -18 -9 -1 -3 22 -22 -23 -4 -26 27 -8 -13 -16
right_child=1 7 3 4 10 -7 26 9 -10 -11 -12 14 -14 15 29 -17 17 -19 -20 -21 21 23 -24 -25 25 -27 -28 -29 -30 -31
leaf_value=-0.0011779639012227075 -0.0087251108557408891 0.0012913394817463473 -0.0098315560237489507 0.0076315958316032712 -0.0032831309445169395 -0.00073911918948026589 8.9955964644851769e-06 -0.0024344134182328965 -0.013613667734405682 -0.0032476434801561251 -0.020017831301924579 -0.0046136735328212511 -0.021243417333052256 -0.0013666037022320159 -0.019298889074736217 -0.0054562870359996275 0.0084552643021424505 -0.014059301956019983 0.0039031219996231293 0.0031082624450394147 0.0085160803334233728 0.0021851850353526263 0.020844878380777185 -0.019563195700155748 -0.0073269486547635748 0.0042770655013957279 -0.010756222217220168 0.0050625252896423813 0.0028868473375082745 0.0019694446561369029
leaf_weight=1489.3164789392613 167.70694572292268 729.38176838494837 427.10900621954352 407.09566521272063 155.09869428724051 1029.968414247036 775.44560952484608 790.52626373060048 89.954870816320181 732.03601938765496 80.764990262687206 768.36949553247541 47.961028091143817 6320.6130351386964 22.539591141510755 1076.8341774567962 444.74786639306694 37.275640659034252 705.02142538689077 1452.8381968953181 665.44635289348662 488.99948314204812 96.369741030037403 23.937697317451239 317.85309704020619 186.89608613401651 56.25147532299161 1219.4060241002589 241.0563602426555 3693.4010676187463
leaf_count=83217 4046 9265 7696 2261 1137 5357 9761 20680 8228 15934 384 53592 2683 482808 1125 70385 7576 597 6935 42225 5095 3340 704 155 4933 2640 743 14013 13712 193483
internal_value=-2.01445e-05 0.000996829 -0.000289653 -0.00211499 0.000131249 0.00163216 0.00185322 0.00231329 -0.00065813 0.000622347 -0.00901347 -0.000581016 -0.00122942 -0.00113659 0.000844347 -0.00196193 0.0020549 0.00671418 0.000553187 0.000938578 0.00459946 0.00649229 0.0100757 0.00117023 -0.00614758 -0.00303027 0.00271815 0.0030981 -0.00282251 0.00184044
internal_weight=24740.2 9537.34 4823.6 2604.79 1672.93 1437.06 2218.81 4713.74 15202.9 2709.61 235.864 15112.9 10387.6 10339.6 4725.37 7397.45 1977.57 482.024 1495.55 2942.15 2004.14 1274.75 761.816 512.937 931.858 504.749 2051.1 1994.85 1009.43 3715.94
internal_count=1074710 123252 52971 24408 9139 7618 28563 70281 951458 51722 1521 943230 681318 678635 261912 553193 35788 8173 27615 125442 18559 9294 5799 3495 15269 7573 24517 23774 67304 194608
is_linear=0
shrinkage=0.03


Tree=135
num_leaves=31
num_cat=0
split_feature=14 12 8 9 3 4 10 0 18 11 0 8 11 9 12 8 18 15 11 15 12 2 12 3 5 11 3 4 6 12
split_gain=17.0739 17.7318 13.1815 21.2486 14.7629 17.3817 27.076 15.5902 15.1703 13.7284 12.9269 12.8287 11.5855 9.59968 9.26826 8.60791 8.64446 14.7187 16.508 12.2167 8.76627 8.51153 7.43529 7.31367 7.08407 6.91508 9.371 16.2651 16.2827 9.28194
threshold=1.5243603097826319 3355.5000000000005 111.77095517870252 0.99998822812911947 1.2187921558565142 4.8494757364295777 2.6928012757271138 3.5000000000000004 2.512585312636888 385.45000000000005 4.5000000000000009 919.41414194555443 213.58333333333334 0.80790844690146779 193.50000000000003 919.41414194555443 2.1765293841852866 0.46025350504133417 366.68333333333339 0.42870269093410618 350.50000000000006 1.0156019694324019 771.50000000000011 1.3523556819697984 2.0107302080056666 1152.5909090909092 2.6933964569389315 5.6947452346724479 5.6444707929847269 2104.5000000000005
decision_type=2 2 2 2 2 2 2 2 2 2 2 2 2 2 2 2 2 2 2 2 2 2 2 2 2 2 2 2 2 2
left_child=13 2 4 11 7 6 -6 12 -9 -7 21 14 -2 15 -4 16 19 18 -18 22 -19 -5 -1 -21 -13 26 -15 28 -28 -27
right_child=1 -3 3 10 5 9 -8 8 -10 -11 -12 24 -14 25 -16 -17 17 20 -20 23 -22 -23 -24 -25 -26 29 27 -29 -30 -31
leaf_value=-0.0089789490447689749 -0.010995751879257058 -0.0095102528465725467 0.01475185090010411 0.017652219135204181 0.0036559315932246776 0.0060671160683419042 0.00022574667944389595 -0.0061952515148941244 0.0036939021945733511 -0.0009030841353158222 -0.0075999794653401793 0.00084148797861524052 0.00024274038504705877 -0.0013922312059342866 -0.003664755841251143 -0.021678687671735329 -0.0023844112841351836 -0.017999784032554991 0.025081576341626912 -0.0029426700903619147 0.0017568357334760501 0.0041291570883027319 -0.0031868337266178527 -7.3208761443439228e-06 -0.015855847148927189 0.009589425155805931 0.032785329070079791 -0.030583909975990562 0.22279387947957036 -0.015700530683926649
leaf_weight=339.8951295777224 83.815124598331749 162.7926385034807 25.272024346515536 49.236758564133197 4384.8528108652681 273.86315741948783 3924.8302490564529 702.48997834720649 174.23830981506035 3562.6968393444549 75.682762064039707 28.261683543678373 5489.8139716191217 216.26531180646271 916.09413651935756 20.156999967526644 33.295085600577295 26.404542831704021 48.213704014196992 1513.7579657882452 86.201627098955214 280.69441914372146 482.77973176934756 1542.2612887118012 119.82764633116312 152.67193031217903 0.94697326654568248 1.205958575941622 0.71040981914848089 14.283200163394211
leaf_count=45249 6059 16612 502 1264 161457 4698 113244 30066 990 96845 1576 868 197926 14960 22252 1739 578 406 1119 140901 2689 6220 64847 126136 3291 10841 63 77 50 1185
internal_value=-1.97498e-05 0.000350912 0.000430812 -0.00227926 0.000648688 0.00126466 0.00203579 -0.000511211 -0.00422991 -0.000405534 0.00358218 -0.00446153 7.37382e-05 -0.0016959 -0.00317034 -0.00212246 -0.00202567 0.00415245 0.0138621 -0.00233486 -0.00287581 0.00614725 -0.0055799 -0.00146131 -0.0126693 0.00282615 -0.00067838 0.0532381 0.114229 0.00742584
internal_weight=24733.5 20254.5 20091.7 1495.07 18596.6 12146.2 8309.68 6450.36 876.728 3836.56 405.614 1089.46 5573.63 4479.05 941.366 4092.97 4072.81 194.115 81.5088 3878.69 112.606 329.931 822.675 3056.02 148.089 386.084 219.129 2.86334 1.65738 166.955
internal_count=1074710 663870 647258 35973 611285 376244 274701 235041 31056 101543 9060 26913 203985 410840 22754 383664 381925 4792 1697 377133 3095 7484 110096 267037 4159 27176 15150 190 113 12026
is_linear=0
shrinkage=0.03


Tree=136
num_leaves=31
num_cat=0
split_feature=13 9 16 2 14 18 16 4 11 18 6 15 13 12 10 9 11 2 4 4 18 8 2 7 12 12 7 14 12 7
split_gain=16.5594 21.1039 24.3888 22.0454 19.1862 16.8083 16.429 16.8761 16.3274 14.949 32.6582 20.4986 20.2523 18.3667 14.3474 15.4418 13.4997 13.1317 12.8113 12.3467 18.5933 12.8653 11.6637 22.6542 15.655 11.6209 11.5657 10.6617 12.0038 15.942
threshold=977.50000000000011 0.5438708277481219 18.322894696969701 0.30648772810576558 10.665175298853356 1.6006000226736072 7.0517744964616229 3.4828480806356574 213.58333333333334 1.6600000108733324 11.436900779719528 0.065911007682241729 465.50000000000006 298.50000000000006 3.76765589054106 0.21936322206168507 3629.1666666666674 3.1732751048805556 2.5202364384102305 4.0726309855401821 1.4364797053300207 26.890272719595547 0.52735765993986972 0.73042240088001653 358.50000000000006 246.50000000000003 0.61228236500349775 34.085753581708559 630.50000000000011 0.41410958140717352
decision_type=2 2 2 2 2 2 2 2 2 2 2 2 2 2 2 2 2 2 2 2 2 2 2 2 2 2 2 2 2 2
left_child=8 4 3 -3 5 -2 16 -8 -1 10 19 12 17 -14 18 -16 -5 -11 -6 21 -21 -10 24 -24 -13 -7 -20 28 -4 -30
right_child=1 2 27 6 14 25 7 -9 9 11 -12 22 13 -15 15 -17 -18 -19 26 20 -22 -23 23 -25 -26 -27 -28 -29 29 -31
leaf_value=-0.0076808837357321535 -0.0017250588035254129 -0.0055225434008081293 -0.014256381891980486 0.0019858985981428636 0.0020696263021129013 0.047930189925536937 -0.0020930421621285344 0.0098728591909944072 0.00095663275173403647 -0.011097419078171395 -0.004294133993293819 -0.0076101868427648489 0.079061842162603715 0.023751228244738257 0.0074651650530979784 -0.0085567259829554439 -0.013940593044383586 0.068125206408944455 0.017810577361240844 0.0089239347374221178 -0.0017880728448029586 -0.0039690954512951312 0.0056937607558726734 0.0009594724962171474 0.00097102413418648182 -0.0068398309010068081 0.0029428493084105696 0.0017248296375488659 0.013000854273720087 -0.0066161808884881504
leaf_weight=204.18096871115267 6478.3265820611268 318.60613034782 142.02307409420609 2360.3781713461503 426.69384217914194 3.5037129539996377 136.87720013875514 471.42503410438076 4790.3837505404372 17.552714307326827 1312.835190810496 231.12710006721318 7.009529844857755 23.579127104021609 78.874489364214242 172.63745187129825 48.890978180337697 2.1093482994474462 109.22908584028482 390.93303445493802 232.60403189016506 530.02498940192163 1457.0365049699321 2421.4162796074525 1111.4177694777027 711.6459022895433 82.774919952265918 171.48348715342581 44.108209662139416 240.96749617904425
leaf_count=12581 494501 24820 1545 141534 4830 33 2419 8158 204270 577 48116 2094 92 1000 1129 2568 3597 65 1191 16924 6566 19524 12731 19224 7666 32276 971 1331 355 2022
internal_value=-1.93425e-05 -0.000819019 0.000982122 0.00198257 -0.00169791 -0.00220687 0.00277499 0.00718035 0.000734249 0.000871398 -1.18267e-05 0.00208731 0.0211565 0.0364259 0.00250942 -0.00353224 0.0016627 -0.00259841 0.00496547 0.000934003 0.00492793 0.000465926 0.00190377 0.00273802 -0.000506282 -0.0065715 0.0114009 -0.00459385 -0.00713085 -0.00358094
internal_weight=24730.7 11998.4 3934.76 3336.18 8063.69 7193.48 3017.57 608.302 12732.2 12528 7256.78 5271.25 50.2507 30.5887 870.21 251.512 2409.27 19.6621 618.698 5943.95 623.537 5320.41 5221 3878.45 1342.54 715.15 192.004 598.582 427.099 285.076
internal_count=1074710 723280 185781 180528 537499 526810 155708 10577 351430 338849 295400 43449 1734 1092 10689 3697 145131 642 6992 247284 23490 223794 41715 31955 9760 32309 2162 5253 3922 2377
is_linear=0
shrinkage=0.03


Tree=137
num_leaves=31
num_cat=0
split_feature=18 3 2 15 13 2 5 2 18 17 14 13 0 4 0 4 0 11 17 6 8 17 6 13 11 3 18 4 4 3
split_gain=16.0356 18.6567 15.2062 16.6828 14.6799 39.9908 21.4136 20.7215 19.7884 18.4997 18.494 13.6754 12.19 11.4605 10.4338 18.5236 17.2631 15.1526 14.9335 10.1918 9.79813 9.59693 9.31418 9.19761 9.02574 12.1478 9.01323 11.932 9.01014 8.90102
threshold=1.1806250071773927 3.8161257321582069 0.4537284794992576 1.6671467662193524 475.50000000000006 1.0939849267309911 5.4352333606035304 1.6873914860776174 2.453866617414687 -34.606435394287104 2.2491020193595785 413.50000000000006 28.500000000000004 5.2104570889984503 3.5000000000000004 4.1128576629372509 9.5000000000000018 517.03378378378386 -219.41341400146482 13.663131651863184 66.588145949020699 -1822.7151245117186 4.3206215643401498 1153.5000000000002 2675.7083333333335 3.0830897537789435 1.2012048272722697 5.7524151958180338 4.1528885517326133 1.4285394201154988
decision_type=2 2 2 2 2 2 2 2 2 2 2 2 2 2 2 2 2 2 2 2 2 2 2 2 2 2 2 2 2 2
left_child=14 2 3 12 5 6 -4 8 -6 -9 -7 -3 -2 -13 15 21 20 -18 -19 -20 -16 24 -17 -24 -1 -26 27 -15 -25 -5
right_child=1 11 4 29 7 10 -8 9 -10 -11 -12 13 -14 26 16 22 17 18 19 -21 -22 -23 23 28 25 -27 -28 -29 -30 -31
leaf_value=-0.025516515817753008 -0.0033821677095680273 0.0071387157658552433 0.00071553604982764647 -0.0004205824455632313 0.0012978346039829701 -0.0016389043605477952 -0.016265349269813156 -0.00033806330901771099 0.0059201257277657843 -0.011139420089986281 0.0094134885188320565 -0.0016938785447495476 -0.01463512431532943 -0.0021823076166642219 -0.0036049109964979929 0.026037814291341367 -0.017303501029906621 0.00019671936251073206 -0.01405446777332117 0.014961425537919541 -0.011188641852452007 -0.00061293775691977602 0.010522050128871764 0.085655679060241824 -0.0072800207307785808 0.05743702622275431 -0.0093503435940122046 0.063790470385419989 -0.0034907488320513871 0.0048560474065047097
leaf_weight=25.911848303629085 616.08973207511008 98.548622604925185 190.44230398535728 3105.7848422320094 5393.8272549768444 165.64127155905589 102.97558279754594 3887.1125581869856 985.92862687073648 148.14784812368453 768.10907443426549 513.07871250621974 100.81686114543118 8.4133641202934069 1582.8689405519981 22.702611488522962 37.257806986570358 522.90696724900045 12.137691740877925 106.39782147482038 169.77288580220193 5188.3118144751061 137.64231584523804 1.0339318052865554 57.385436783544719 2.7347680958919218 374.6709625069052 3.4911473481915882 77.908426129957661 317.09496687259525
leaf_count=5759 44617 2003 3734 63717 202285 5813 1572 112761 5829 1503 9259 19025 7558 520 112251 1381 1702 46613 338 3142 10014 369222 7023 92 6451 273 13879 204 6993 9177
internal_value=-1.89725e-05 0.000506732 0.000758308 -0.000803326 0.0013136 0.00441704 -0.00524394 0.000947934 0.00201216 -0.000734617 0.00745287 -0.00347078 -0.00496464 -0.00463295 -0.00112929 -0.000407349 -0.00276645 0.00129579 0.00237611 0.0119903 -0.00433952 -0.000777724 0.00775641 0.00584013 -0.0107154 -0.00433615 -0.00853381 0.017165 -0.00232317 6.82436e-05
internal_weight=24725.1 16780.2 15782 4139.79 11642.2 1227.17 293.418 10415 6379.76 4035.26 933.75 998.203 716.907 899.654 7944.97 5513.63 2431.34 678.7 641.442 118.536 1752.64 5274.34 239.287 216.585 86.0321 60.1202 386.575 11.9045 78.9424 3422.88
internal_count=1074710 503456 467825 125069 342756 20378 5306 322378 208114 114264 15072 35631 52175 33628 571254 397194 174060 51795 50093 3480 122265 381705 15489 14108 12483 6724 14603 724 7085 72894
is_linear=0
shrinkage=0.03


Tree=138
num_leaves=31
num_cat=0
split_feature=16 11 11 16 13 8 9 3 0 4 2 13 18 8 6 15 6 4 14 10 9 3 9 11 18 11 14 13 13 3
split_gain=15.6179 19.0466 15.4658 19.0465 15.1392 14.6367 20.5442 17.6348 20.0861 16.5827 18.7872 15.4555 15.3493 14.3613 13.4347 12.3569 10.9921 8.67619 8.55482 12.1043 16.4417 13.7657 10.0924 8.79163 8.79144 8.30256 12.172 8.90925 8.13184 7.94998
threshold=1.3034069976739036 2056.0500000000006 3891.1666666666674 7.0517744964616229 2817.5000000000005 111.77095517870252 0.99998822812911947 1.1814285897233783 3.5000000000000004 4.8494757364295777 1.547080538377638 435.50000000000006 2.4413042998184333 919.41414194555443 4.4455980578897174 1.0981431129476587 2.1904005591005435 3.3252069613488544 0.33938011770432003 3.0005746124547037 0.72933246316695388 2.6794452664224955 0.88787016167195154 1152.5909090909092 1.4003773699016693 1523.5584415584419 0.87846079273922018 814.50000000000011 1687.5000000000002 4.3185448053097355
decision_type=2 2 2 2 2 2 2 2 2 2 2 2 2 2 2 2 2 2 2 2 2 2 2 2 2 2 2 2 2 2
left_child=1 18 5 -4 15 7 13 8 16 10 -9 -11 -10 29 -8 -3 -2 -16 19 -1 -21 -22 25 24 -24 27 -27 -20 -25 -7
right_child=2 4 3 -5 -6 6 14 9 12 11 -12 -13 -14 -15 17 -17 -18 -19 22 20 21 -23 23 28 -26 26 -28 -29 -30 -31
leaf_value=-0.007228464223737463 -0.00018776246546205067 -0.016930835178998252 -0.013918374872008546 0.09968701977618348 0.0033445066443505696 -0.0027215476288518503 0.006612535964511744 0.0030817232590633343 -0.0069440477647153311 0.006840542430570049 0.00038275672464980446 -0.00088350896858417009 0.0031718832417897331 -0.013039637552437595 -0.031326437401166939 0.00026103312492824568 0.021036120865767543 -0.00262460001038505 0.00048494019806174138 0.00078017792594414922 0.030521197614163647 0.1485026471307534 0.0095630812618733834 0.029632255035239499 -0.011996751480534727 -0.0025225230970775153 0.0083968957499936901 -0.0041275454240768342 0.0043175436212255424 -0.016813263102165583
leaf_weight=384.59116151859052 5869.2826900251675 173.38391674007289 88.040621943771839 1.3485304969362903 64.213440568884835 943.00555152981542 298.69588288944215 5058.3323326751124 701.031661094632 247.78867380134761 4289.5970813035965 3946.5602869428694 167.19092010566965 156.746813042555 10.266869017854331 48.056774686556309 22.044566024793312 123.48375504463911 711.13769185123965 79.65526625700295 7.7959559655282629 1.0047595098149029 45.744985251221806 25.452144102659076 27.109827221371233 179.5069470461458 188.20480719627813 801.85787022439763 20.715769518632442 37.462803442031145
leaf_count=59879 233429 23753 8242 45 7104 24448 7480 203289 33758 4523 144303 120485 991 4884 237 4600 1095 2828 50090 9904 777 84 3688 1815 1038 21960 17629 79498 1528 1326
internal_value=-1.85961e-05 -0.00214628 0.000248655 -0.0122045 -0.00948079 0.000299552 -0.0024915 0.000515345 -0.000736142 0.00114002 0.00184322 -0.000427197 -0.00499605 -0.00460795 0.00307418 -0.0131999 -0.000108346 -0.00482779 -0.001299 -0.00492701 0.00507932 0.0439909 -0.00044078 0.00803106 0.0015405 -0.00097693 0.00306633 -0.00195959 0.0182734 -0.00325998
internal_weight=24719.3 2758.43 21960.9 89.3892 285.654 21871.5 1569.66 20301.8 6759.55 13542.3 9347.93 4194.35 868.223 1137.22 432.447 221.441 5891.33 133.751 2472.78 473.047 88.456 8.80072 1999.73 119.023 72.8548 1880.71 367.712 1513 46.1679 980.468
internal_count=1074710 283347 791363 8287 35457 783076 41203 741873 269273 472600 347592 125008 34749 30658 10545 28353 234524 3065 247890 70644 10765 861 177246 8069 4726 169177 39589 129588 3343 25774
is_linear=0
shrinkage=0.03


Tree=139
num_leaves=31
num_cat=0
split_feature=18 3 11 3 5 17 11 17 14 1 18 11 16 1 17 14 8 11 16 1 17 0 6 8 3 3 1 9 9 2
split_gain=15.0792 18.1864 26.6725 14.6716 14.8241 20.0901 15.3252 12.6279 23.1156 25.0339 16.5472 15.3265 38.7474 20.5084 12.5162 20.9353 14.418 12.5579 12.5138 11.9912 11.7335 11.3996 22.0438 20.0671 18.0369 18.635 17.0781 12.9669 11.5027 13.7212
threshold=1.3899999963385721 3.2226592738934752 412.03125000000006 1.492515560887167 6.4425891606027186 -40.424762677173213 420.21538461538466 -70.234172821044908 6.4328342444110129 0.66368782393944503 2.4729153093499456 429.07142857142861 8.4183609420642664 0.47503012141495776 -34.606435394287104 9.1586180932514161 111.77095517870252 493.80740740740748 0.19814062963649856 0.83207560295280369 -112.40550184249877 3.5000000000000004 1.6500058302035876 59.484391132358851 2.3329735842459294 1.3282106497196333 0.92040924461760654 1.3288752056976498 0.026333912012341237 0.57098881415367431
decision_type=2 2 2 2 2 2 2 2 2 2 2 2 2 2 2 2 2 2 2 2 2 2 2 2 2 2 2 2 2 2
left_child=18 3 -3 4 19 6 -6 8 10 -10 -5 13 -13 -9 15 20 -17 -16 -1 -2 -4 22 -20 24 25 -23 -26 -25 -24 -30
right_child=1 2 14 7 5 -7 -8 11 9 -11 -12 12 -14 -15 17 16 -18 -19 21 -21 -22 23 28 27 26 -27 -28 -29 29 -31
leaf_value=-0.0090021045648265696 -0.00024710499502668534 0.0067406512511315915 -0.0029653767530231252 0.0010962722629524076 -0.020901969179798439 0.013334476535312851 -0.0044490731212472531 -0.0097262974223016937 0.011674103237146473 0.0027283158282390479 0.0095365220637379285 -0.017998496505066942 3.8922061991900787e-05 0.0070543777501226347 0.0010045380560259668 0.0044631422190063875 -0.0086440915890961239 -0.024663160961789613 -0.0012165291040474174 0.0042035309880426447 -0.0094638939953517916 -0.00450613734242145 0.00074868348746193474 -0.010847672545333916 -0.0053593232311061941 0.0014445920911648077 0.015609068520893511 0.0077030730306683901 0.027941735569387692 0.0047083823736235111
leaf_weight=168.79356337524951 3754.2480965473223 264.90854741679505 698.48503752355464 3415.2311003832147 56.159895032178611 52.715810566209257 549.46742683742195 76.143046224489808 485.14970230823383 670.81299650901929 222.68379731616005 113.04721776582301 2067.1700883675367 471.04510465729982 26.67258669808507 415.96105437539518 92.288927970454097 48.074001599103212 4048.1647466341965 637.32279232982546 389.49822845216841 624.79350256640464 1185.2612373000011 314.27981646033004 1023.5891174329445 1957.4980083599221 36.194542311364785 38.014097806066275 23.559991418616846 789.86087596951984
leaf_count=34876 98718 4209 37070 146558 695 503 14589 878 6616 9733 2535 1440 16372 4859 268 4052 1099 548 280677 14255 7063 47273 74728 17579 63709 128091 1974 1834 1814 50095
internal_value=-1.82389e-05 0.000603396 -0.00210338 0.00102022 -0.000230543 -0.0044286 -0.00597475 0.00186001 0.00278721 0.0064828 0.00161292 0.000230299 -0.000896343 0.00471929 -0.00350547 -0.00294362 0.00208311 -0.0155039 -0.0009015 0.00039879 -0.00529185 -0.000765329 5.62193e-05 -0.00200902 -0.00134769 4.7945e-06 -0.00464319 -0.00884596 0.00263407 0.00538132
internal_weight=24717.1 14507.1 1935.89 12571.2 5049.91 658.343 605.627 7521.28 4793.88 1155.96 3637.91 2727.41 2180.22 547.188 1670.98 1596.23 508.25 74.7466 10210 4391.57 1087.98 10041.2 6046.85 3994.37 3642.08 2582.29 1059.78 352.294 1998.68 813.421
internal_count=1074710 372060 54309 317751 128760 15787 15284 188991 165442 16349 149093 23549 17812 5737 50100 49284 5151 816 702650 112973 44133 667774 407314 260460 241047 175364 65683 19413 126637 51909
is_linear=0
shrinkage=0.03


Tree=140
num_leaves=31
num_cat=0
split_feature=13 17 16 17 9 17 3 18 16 3 3 17 16 17 17 17 13 3 16 17 18 0 17 0 17 4 1 8 3 0
split_gain=15.2748 24.3102 26.1552 22.0071 20.9595 19.6317 18.9543 17.364 17.9902 31.3075 15.8445 19.494 15.2898 15.1342 14.6725 20.3679 12.9163 12.8726 15.8585 15.4097 12.1564 22.5262 31.8053 16.8917 17.3755 15.1747 12.1423 12.1359 10.228 11.0157
threshold=1120.5000000000002 -775.80947570800765 0.30697459318093767 -408.66375732421869 0.5438708277481219 -875.63865966796868 0.81276583026517879 2.4322499512384339 1.0581420609699814 1.8150365641341586 2.828672594488737 -320.64852905273432 0.19814062963649856 -824.47222900390614 -1822.7151245117186 -1148.746643066406 3594.5000000000005 2.050690494009495 0.86596943358519385 -1345.8432617187498 2.3371428134185934 6.5000000000000009 -77.176543235778794 8.5000000000000018 -77.176543235778794 2.0513633386985348 0.99963523667511456 1.0000000180025095e-35 1.3747621369221679 96.500000000000014
decision_type=2 2 2 2 2 2 2 2 2 2 2 2 2 2 2 2 2 2 2 2 2 2 2 2 2 2 2 2 2 2
left_child=1 5 3 -3 12 27 -6 8 13 -10 -5 -12 -2 -7 -8 -16 -17 28 -19 -20 21 25 -23 26 -25 -4 -22 -1 -14 -30
right_child=4 2 20 10 6 7 14 -9 9 -11 11 -13 17 -15 15 16 -18 18 19 -21 23 22 -24 24 -26 -27 -28 -29 29 -31
leaf_value=0.12125125495296557 -0.019705377866765083 -0.020738622792941714 -0.00028126238320703138 -0.0039436881538152417 -0.010753553951877382 0.035396707706494689 -0.015343883428512351 0.098765634136638303 0.02952222405255334 0.1906378559763158 0.084956201960128569 -0.0042714151188615315 -0.0017057823998400598 0.0038317873806890724 0.0079140578216752872 0.0010910733220556525 -0.012592044494759518 -0.015856698956912524 0.0058458718303064493 -0.003467110986630763 0.0014217674026775265 0.0001338298552167947 -0.0066636742334687379 0.012735513314677821 0.003276982363330779 0.002370253238210814 -0.0059385638354064125 0.0033316980805466641 0.001514743463194524 0.092639856047350699
leaf_weight=0.79085840051993628 43.034955829847604 94.634330379543826 4429.2861604336649 41.388020805548877 118.51003789063543 22.786603834945709 46.075952309416607 2.7288668602704993 3.9882567934691897 1.491359084844589 4.4084949507378042 4.4061537329107505 2588.5351131195202 34.172199653927237 413.75431861216202 2688.6771934819408 63.556103670503944 87.624777743825689 170.39830068964511 2596.5068221818656 2497.6547615500167 1734.6506739896722 963.65731056500226 224.0500739524141 795.12263885512948 3460.0113364225253 219.44379088655114 115.77194955060259 1245.0968420673162 1.1950780474580813
leaf_count=80 9076 17918 180564 4301 7420 2792 5023 51 196 75 421 203 208343 3775 24693 125679 5104 12345 12535 151585 15039 58265 13403 1281 4030 107591 1334 15838 85714 36
internal_value=-1.7913e-05 0.000600217 0.000463259 -0.0122213 -0.000917835 0.0115044 0.00102875 0.0246916 0.0214541 0.0733722 0.0038342 0.0403542 -0.00188083 0.0164595 0.00146346 0.00170807 0.000775095 -0.00176616 -0.0032915 -0.00289358 0.00059152 7.23451e-05 -0.00229379 0.00206272 0.0053563 0.000881614 0.000827317 0.00413176 -0.000630736 0.00160212
internal_weight=24713.4 14650.4 14468.7 144.837 10063 181.73 3330.57 65.1673 62.4384 5.47962 50.2027 8.81465 6732.39 56.9588 3212.06 3165.99 2752.23 6689.36 2854.53 2766.91 14323.9 10587.6 2698.31 3736.27 1019.17 7889.3 2717.1 116.563 3834.83 1246.29
internal_count=1074710 427157 404350 22843 647553 22807 167919 6889 6838 271 4925 624 479634 6567 160499 155476 130783 470558 176465 164120 381507 359823 71668 21684 5311 288155 16373 15918 294093 85750
is_linear=0
shrinkage=0.03


Tree=141
num_leaves=31
num_cat=0
split_feature=13 17 17 14 16 17 17 14 17 17 14 11 17 17 9 17 16 14 17 11 17 13 2 1 12 8 18 15 13 16
split_gain=14.8374 25.2712 38.8973 27.0928 23.9528 29.546 25.5684 22.3901 53.1307 21.4517 20.0468 21.0365 19.7297 18.1712 16.1561 17.8437 15.8282 14.6018 47.2568 30.8524 18.471 16.2915 14.5814 18.1358 14.547 14.4737 19.7635 12.5222 12.3364 18.4169
threshold=1709.5000000000002 -824.47222900390614 -591.57517089843736 4.0352671754933853 0.81534710093288421 -1219.4234863281247 -1057.0434163411458 1.2675333193513223 -792.6698924473352 -860.58536105685755 0.28558060202650598 1115.9360269360272 -914.04624491526658 -2118.6354217529292 0.58250351636923425 -1123.4234873453772 1.3034069976739036 1.5243603097826319 -295.875749860491 891.35416666666686 -177.87193107604978 831.50000000000011 2.071675838698535 0.92461337360119134 996.50000000000011 17.484521582979855 2.0118012232069646 1.8397247206727774 2291.5000000000005 1.3578268709327552
decision_type=2 2 2 2 2 2 2 2 2 2 2 2 2 2 2 2 2 2 2 2 2 2 2 2 2 2 2 2 2 2
left_child=1 12 3 10 -2 13 14 8 -8 -9 -3 -12 16 -6 -7 -16 -1 19 27 20 -4 -20 -18 -24 25 26 -14 -19 -15 -30
right_child=4 2 17 -5 5 6 7 9 -10 -11 11 -13 24 28 15 -17 22 18 21 -21 -22 -23 23 -25 -26 -27 -28 -29 29 -31
leaf_value=-0.001045600282797208 -0.013501711294304077 -0.019741663684580781 0.0011482624264396381 0.1790173347083949 -0.0089679368232034439 -0.010929422138256366 -0.00035990415233317058 0.003781481159535886 0.035437811051981516 -0.0031942400891380412 0.0015492191298699981 -0.0075860074533605311 0.027356817512693629 0.013431061500041818 0.010046986460242054 -0.010388433571251462 0.0065231736457548317 0.0024954204781206728 0.0010343868324895792 -0.011720476583623827 -0.00735715308954681 -0.00099818701872498444 0.076287356906581644 0.013707476762078433 0.0083378856229882042 -0.0012610679148412456 0.097904032324775417 0.0083610854136282244 -0.0069457434659395351 0.0052269728420679448
leaf_weight=417.1310584123712 145.53930621524341 82.684960850980133 1188.4737091274001 0.71628120075911184 98.417241031071171 450.2920519108884 153.87233675597236 479.09892571344972 49.26028871582821 2308.5579438987188 350.24892758112401 644.04206696082838 41.582295732107013 123.17864948045462 80.809710767120123 73.371453538071364 201.09282973408699 540.60067478846759 8965.0407137004659 259.1764910868369 284.87771063717082 5874.7130854520947 6.1687118466943529 12.849300202913581 205.09347153874114 14.213872476480899 3.9099964387714854 831.19508997164667 133.53838449437171 689.15231027221307
leaf_count=51827 24795 15229 88672 71 10148 45286 12835 34223 4654 170888 38254 66480 4803 9887 6229 5730 8982 35566 166315 23869 14787 127076 306 667 13785 1276 86 42227 14176 35581
internal_value=-1.76326e-05 0.000342641 0.000109973 -0.00542567 -0.00151771 -0.00114178 -0.00243204 -0.00129467 0.00832115 -0.00199536 -0.00554835 -0.00436803 0.00524901 0.00330032 -0.0080595 0.000322216 0.00238895 0.000442435 0.0007222 -0.00217537 -0.00049629 0.000229738 0.00889774 0.034006 0.0121318 0.0251639 0.0334202 0.00604953 0.00457682 0.00325111
internal_weight=24708.9 19923.8 19021.8 1077.69 4785.09 4639.55 3595.26 2990.79 203.133 2787.66 1076.98 994.291 902.042 1044.29 604.473 154.181 637.242 17944.1 16211.5 1732.53 1473.35 14839.8 220.111 19.018 264.8 59.7062 45.4923 1371.8 945.869 822.691
internal_count=1074710 700278 618546 120034 374432 349637 279845 222600 17489 205111 119963 104734 81732 69792 57245 11959 61782 498512 371184 127328 103459 293391 9955 973 19950 6165 4889 77793 59644 49757
is_linear=0
shrinkage=0.03


Tree=142
num_leaves=31
num_cat=0
split_feature=14 17 17 13 14 18 17 17 13 17 17 13 18 3 15 6 17 5 18 17 13 17 17 13 17 17 14 13 8 6
split_gain=14.0849 23.3568 21.1452 24.6808 31.9389 21.8235 19.7871 18.0927 20.3345 86.4047 20.9864 18.033 17.8347 19.7817 21.1336 18.9027 18.579 17.5793 17.4423 18.1744 15.8427 15.6086 32.8518 25.5547 14.927 22.8019 14.0481 16.7559 13.4557 12.6159
threshold=5.9387747353260112 -70.234172821044908 -103.67090988159178 549.50000000000011 9.1586180932514161 1.460000006688966 -257.93705813089997 -47.868823941548662 690.50000000000011 -96.101752471923803 -584.87588500976551 357.50000000000006 2.5545453977855774 2.6933964569389315 28.969489194915258 9.496627303431346 -37.412331277673893 22.80253356405083 1.1806250071773927 -177.87193107604978 241.50000000000003 -771.35067749023426 -591.57517089843736 1120.5000000000002 -37.412331277673893 -43.294536227271664 8.7444994050728724 503.50000000000006 95.120989715670802 9.71213822376499
decision_type=2 2 2 2 2 2 2 2 2 2 2 2 2 2 2 2 2 2 2 2 2 2 2 2 2 2 2 2 2 2
left_child=7 2 5 4 -4 6 -2 8 10 21 -1 -9 13 14 15 -3 -16 -5 19 -12 -20 23 -23 -10 25 -15 27 -14 -19 -7
right_child=1 12 3 17 -6 29 -8 11 9 -11 18 -13 26 24 16 -17 -18 28 20 -21 -22 22 -24 -25 -26 -27 -28 -29 -30 -31
leaf_value=-0.019333784956644805 0.0078364093811861008 -0.0012816069170966443 0.0021657662828440871 0.0071180648430129558 -0.023893845918386437 -0.0011272293279891239 -0.007422864299693667 -0.0040593250957236676 0.012118738808688908 -0.017447432764760181 0.0044650790745737971 -0.029400292955354238 -0.0011494098935040506 0.0021370301918149318 0.015480178541085006 -0.0067720370241135305 -0.005699768923835489 0.0018001395242244068 -0.0091715906012323576 -0.0023233839459804329 0.0037741576480595524 -0.0057623069973414811 -0.00056937246306769428 0.00032288528342159329 -0.0064401345282247046 0.018388596045823834 0.002325231517244362 -0.021347319634924457 -0.017325612160195115 0.0065176151871144568
leaf_weight=43.878970302641392 92.836625065188855 1247.4652766464278 164.5519665107131 1572.9101602267474 56.986575912684202 347.14039207575843 434.1341059319675 76.185926547273993 173.36844656104222 284.77209222875535 474.16572162089869 37.819319971837103 160.11371124535799 494.425721636042 99.478888243436813 1030.6074751522392 59.610851833596826 142.45707303658128 88.482984164729714 1411.6722907791846 2210.8096544370055 1338.8627197090536 6054.7737284908071 3548.7236323892139 133.01177192106843 92.18819434940815 2303.4634007774293 48.061454925686121 43.129427807405591 441.19165079807863
leaf_count=8469 3728 20277 1666 17602 407 7084 13280 3352 20769 6359 39303 821 860 6296 911 10977 988 1613 3621 59106 54406 165131 308313 293993 2204 1062 11375 259 617 9861
internal_value=-1.74533e-05 0.000931819 0.00294028 0.00489892 -0.00453757 -8.2127e-06 -0.00473463 -0.000557933 -0.000471075 -0.00113013 0.0013056 -0.0124658 -0.000235801 -0.00173679 -0.00302725 -0.0037655 0.00754406 0.00608774 0.00152199 -0.000616527 0.00327597 -0.000712101 -0.00150973 0.000872315 0.00263359 0.00469101 0.00165074 -0.00581251 -0.00264459 0.00315122
internal_weight=24707.3 8963.76 3295.34 1980.04 221.539 1315.3 526.971 15743.5 15629.5 11400.5 4229.01 114.005 5668.43 3156.79 2437.16 2278.07 159.09 1758.5 4185.13 1885.84 2299.29 11115.7 7393.64 3722.09 719.626 586.614 2511.64 208.175 185.587 788.332
internal_count=1074710 111067 55858 21905 2073 33953 17008 963643 959470 794565 164905 4173 55209 42715 33153 31254 1899 19832 156436 98409 58027 788206 473444 314762 9562 7358 12494 1119 2230 16945
is_linear=0
shrinkage=0.03


Tree=143
num_leaves=31
num_cat=0
split_feature=12 16 17 0 12 12 13 17 17 13 17 13 17 14 17 13 17 9 10 3 2 10 17 17 14 16 6 17 6 3
split_gain=14.4239 14.8013 24.6549 21.5553 31.8742 19.263 18.0992 29.4916 15.5432 15.455 24.9956 16.7685 15.3234 14.8893 14.725 36.4381 13.906 12.2776 17.3357 12.1161 11.7462 18.8342 9.69337 9.04023 11.308 8.361 8.13714 7.61013 7.10769 6.5368
threshold=3355.5000000000005 1.3034069976739036 -1316.9267054966515 3.5000000000000004 1883.5000000000002 2607.5000000000005 1698.5000000000002 -893.18625386555971 -591.57517089843736 2146.5000000000005 -792.6698924473352 2817.5000000000005 -1657.6433105468748 0.7922871454592767 -753.14753044976112 2131.5000000000005 -875.63865966796868 0.70856608009053723 1.8390493230014724 0.90846025631914573 1.3226895539693706 1.4918034788779735 -2321.7399611700143 -1507.0461853027343 3.7772123370203361 4.0788666356661247 18.351673497202636 -2321.7399611700143 52.592042377003985 2.4965521918411597
decision_type=2 2 2 2 2 2 2 2 2 2 2 2 2 2 2 2 2 2 2 2 2 2 2 2 2 2 2 2 2 2
left_child=1 9 3 4 -3 -6 7 13 -9 12 11 27 -1 -4 16 -16 -14 25 -19 -5 21 -12 -21 24 28 -8 -13 -11 29 -2
right_child=23 2 6 19 5 -7 17 8 -10 10 20 26 14 -15 15 -17 -18 18 -20 22 -22 -23 -24 -25 -26 -27 -28 -29 -30 -31
leaf_value=-0.030115564352803017 -0.009075190382429878 0.17134945976588667 0.054903570893094597 -0.030868781608777249 0.0285221318767729 0.0062972220400658021 -0.0037175775514666966 -0.0042383705719099907 0.00057157241384000752 0.029302481203956666 0.04037295992131399 0.0072438387929089345 -0.00044974899163083607 0.0094800070186069132 -0.0031866445665963039 0.24003301906927396 0.0074251741126587622 -0.0016288113154198055 0.0096566567620558277 -0.019024119015936057 -0.030378714088021525 0.18404505961130049 0.004973690530330482 -0.015165487013051888 0.041798565719608653 -0.00044109290950101202 -0.030273961648095222 -0.015102805161055076 0.086323959417169124 0.013758981593043566
leaf_weight=16.47637415677309 66.322035886347294 1.1886073537170876 6.6686861841008058 9.3440270754508656 59.273124590981752 86.055978879332542 1937.3725527888164 627.14899267279543 16854.032589518931 3.533725465880706 5.0894944574683896 54.344993473263457 771.10525574185885 248.83115886989981 1406.1624734511133 0.55459030251949926 273.35724083846435 342.9337618786376 190.58154456573538 15.938048859126864 1.492857404053211 0.97918409481644619 305.85635570762679 90.710130238207057 5.0875734286382785 1098.319828389911 5.7536684256047002 203.75354533549398 0.77119292318820853 13.59650146961212
leaf_count=4515 6409 70 379 412 2971 5109 177458 61774 412054 906 442 5999 87504 10912 130510 40 25933 21172 9328 1566 124 74 15566 10725 63 54532 708 26190 66 1199
internal_value=-1.7212e-05 4.4282e-05 0.000305783 0.00704642 0.0166272 0.0153618 0.000154665 0.000546904 0.000399013 -0.00203273 -0.00877943 -0.0103006 -0.00128101 0.0106656 -0.00108719 -0.00309076 0.00161128 -0.00179451 0.00240257 0.00280725 0.0450095 0.0635545 0.00378511 -0.00856293 -0.00158067 -0.00253214 0.003652 -0.0143458 -0.00431577 -0.00519042
internal_weight=24702.6 24526.1 21783.5 477.656 146.518 145.329 21305.9 17736.7 17481.2 2742.6 274.947 267.386 2467.66 255.5 2451.18 1406.72 1044.46 3569.21 533.515 331.138 7.56154 6.06868 321.794 176.487 85.7773 3035.69 60.0987 207.287 80.6897 79.9185
internal_count=1074710 1056248 773303 25694 8150 8080 747609 485119 473828 282945 34443 33803 248502 11291 243987 130550 113437 262490 30500 17544 640 516 17132 18462 7737 231990 6707 27096 7674 7608
is_linear=0
shrinkage=0.03


Tree=144
num_leaves=31
num_cat=0
split_feature=12 16 13 8 6 4 4 3 0 4 2 16 18 13 6 2 5 8 4 16 14 12 6 0 18 18 14 10 14 13
split_gain=13.6986 13.9592 14.733 14.1455 17.6179 15.6646 15.1795 14.9076 18.7344 15.5107 17.855 14.5266 13.8887 12.6456 10.4511 9.9306 9.60916 11.6016 9.23364 9.21851 8.09588 10.4292 7.81002 9.24544 7.76648 7.74471 7.59429 9.96306 5.39645 4.78178
threshold=3355.5000000000005 1.3034069976739036 2146.5000000000005 111.77095517870252 4.4455980578897174 1.6500058302035876 3.8432903666141045 1.1814285897233783 3.5000000000000004 4.8494757364295777 1.547080538377638 18.322894696969701 2.4413042998184333 2817.5000000000005 2.1904005591005435 4.3464952732031632 41.542911219807898 21.908610472199303 1.5448776028286231 1.425236016878874 0.86467174680297709 1774.5000000000002 18.351673497202636 8.5000000000000018 1.7916250064969066 2.1956348900914828 0.33938011770432003 3.0005746124547037 0.33938011770432003 2131.5000000000005
decision_type=2 2 2 2 2 2 2 2 2 2 2 2 2 2 2 2 2 2 2 2 2 2 2 2 2 2 2 2 2 2
left_child=1 2 16 7 5 18 25 8 14 10 -9 -11 -10 20 -3 -8 26 -18 -5 -7 28 -22 23 -15 -19 -6 27 -1 -4 -28
right_child=-2 3 13 4 6 19 15 9 12 11 -12 -13 -14 22 -16 -17 17 24 -20 -21 21 -23 -24 -25 -26 -27 29 -29 -30 -31
leaf_value=-0.0069022862128584953 -0.0083811618017643908 -0.00011873312382582233 0.0052785091212445212 -0.0022675464789178794 -0.014968671515490754 -0.027051896181151114 -0.0019690893627585561 0.002968891580650002 -0.0066656772454831998 0.00038330290595450474 0.00033604211652806855 -0.0042496057149755831 0.0029619327654476463 0.0044938508298929935 0.020481497878573115 -0.018601165234909008 0.1201774394985009 -0.013616185548102022 -0.02024886698173162 0.0057408170298476986 0.032521083881185985 -0.008954363276114442 -0.030265804961743976 0.068224269864616424 0.050558640061328285 -0.0037948232406905405 -0.00064402061136739836 0.0044454392528878658 -0.021103526789945742 0.021713567813496901
leaf_weight=377.87882793601602 174.97780590318143 5810.8119192484301 7.6239820732735089 106.73358082561754 164.75141420448199 7.8739083856344214 751.53300892002881 5059.3743484793231 690.98275115480646 3452.9168391390704 4278.6702227774076 739.58333776704967 167.55654816934839 52.600649019703269 22.249494542600587 33.760523134376854 1.1418821609113354 3.5759396636858582 33.854818740626797 382.8230520344805 5.7243348602205506 116.59446457028389 5.5851039174012831 2.1317173256538799 3.2304611168801785 84.439286891836673 1984.8538115471601 85.363744377857074 82.361595860216767 8.6470895942766202
leaf_count=59896 18462 227429 1870 3757 6460 480 17161 201763 33584 118431 142609 6411 990 5752 1064 1217 45 328 1152 10148 506 12011 708 247 32 647 176711 10576 13349 914
internal_value=-1.69544e-05 4.27209e-05 -0.00197653 0.000296408 -0.00245068 0.00198983 -0.00473121 0.000509111 -0.000649144 0.00108193 0.00176253 -0.000433971 -0.00478671 -0.0085942 -4.01561e-05 -0.00268412 -0.00124454 0.031688 -0.00659759 0.00507993 -0.0120381 -0.00701338 0.00352761 0.00697602 0.0168425 -0.0111824 -0.00135109 -0.00481119 -0.0188683 -0.000547041
internal_weight=24700.2 24525.2 2737.31 21787.9 1565.77 531.285 1034.48 20222.1 6691.6 13530.5 9338.04 4192.5 858.539 272.622 5833.06 785.294 2464.69 7.94828 140.588 390.697 212.304 122.319 60.3175 54.7324 6.8064 249.191 2456.74 463.243 89.9856 1993.5
internal_count=1074710 1056248 282945 773303 41022 15537 25485 732281 263067 469214 344372 124842 34574 34443 228493 18378 248502 405 4909 10628 27736 12517 6707 5999 360 7107 248097 70472 15219 177625
is_linear=0
shrinkage=0.03


Tree=145
num_leaves=31
num_cat=0
split_feature=13 9 16 3 14 17 17 16 17 13 6 17 16 5 13 18 6 15 13 12 17 14 2 12 8 15 16 12 17 8
split_gain=13.292 17.0638 22.9654 19.5411 16.4746 41.3413 24.7402 15.1194 13.8196 13.5412 13.0612 13.009 29.5279 16.9002 12.9276 12.8702 30.2327 18.9443 16.9462 16.5505 13.5358 12.4371 11.1576 11.1472 14.6981 10.768 10.3378 25.3174 17.2583 10.3027
threshold=977.50000000000011 0.5438708277481219 18.322894696969701 1.3411442302596768 10.665175298853356 -88.530026175759033 -43.294536227271664 7.0517744964616229 -149.91560745239255 241.50000000000003 22.765596250242119 -280.38963928222648 5.2590403782066195 9.9800260716951197 1910.5000000000002 1.6600000108733324 11.436900779719528 0.065911007682241729 465.50000000000006 298.50000000000006 -63.844087600708001 7.035850023742392 3.1732751048805556 176.50000000000003 11.709041413238237 0.46025350504133417 26.128047249334518 838.50000000000011 -47.868823941548662 30.397467173416796
decision_type=2 2 2 2 2 2 2 2 2 2 2 2 2 2 2 2 2 2 2 2 2 2 2 2 2 2 2 2 2 2
left_child=9 4 3 -3 5 11 14 8 -5 -1 -9 12 -2 -13 -6 16 26 18 22 -20 25 -7 -17 24 -19 -18 28 -28 -11 -25
right_child=1 2 -4 7 6 21 -8 10 -10 15 -12 13 -14 -15 -16 17 20 23 19 -21 -22 -23 -24 29 -26 -27 27 -29 -30 -31
leaf_value=-0.0058574582515051269 -0.0014460009502408405 -0.0023348655066694835 -0.0045407620625185479 0.0024828806132622967 0.0056969937676235299 -0.025599272985283486 -0.0091446490086763282 0.0033604939564467937 -0.0090733397178693175 0.0011584005414782622 0.012806143606074724 -0.0057568342938457669 0.0080716864876396646 0.00030770739020103685 -0.0096813540704291726 -0.010418800778786302 -0.012505752351356123 -0.0028726923830353097 0.073170052386024045 0.021738004859025214 -0.011506274774112868 -0.009260902675154805 0.060135250320629947 0.0024005951141840508 0.017183481219013294 -0.0019784994767474248 0.00077441091326595419 0.034667971986081195 -0.0055936154372428449 -0.00055350972284464416
leaf_weight=280.78430846799165 4778.3134121501353 773.3264395846054 596.85747836530209 1943.8908461283427 678.10138235799968 76.598831378854811 140.97242350317538 293.16485385270789 97.820353548973799 5420.2583312061615 239.29663909971714 1268.9987032311037 312.55751628382131 613.49338428117335 53.045816610567272 16.992696067783985 95.652499889256433 51.200970420613885 7.3240782679058638 24.359354031272233 191.96566553600132 92.651531977578998 2.2890488449484101 3564.0322953946888 91.933093896135688 1019.4038090761751 68.009150085970759 28.001368906348944 363.55329059809446 1513.8588416138664
leaf_count=17136 437838 51796 5253 117176 7374 2121 1478 4845 2393 233128 4318 51132 13771 20493 1837 564 10727 423 92 1000 4224 1455 64 28490 674 33216 1247 298 8183 11964
internal_value=-1.66132e-05 -0.000734918 0.000880432 0.00184703 -0.00152989 -0.00200517 0.00236257 0.00310334 0.00192921 0.000657683 0.00760552 -0.00164959 -0.000861656 -0.00378043 0.00458127 0.000804514 -2.13217e-05 0.0019303 0.0201321 0.0336273 -0.00414829 -0.0166553 -0.00204292 0.00175263 0.0100091 -0.00288156 0.00089606 0.0106594 0.000733989 0.0015199
internal_weight=24698.7 11959.1 3944.36 3347.5 8014.73 7142.61 872.12 2574.17 2041.71 12739.6 532.461 6973.36 5090.87 1882.49 731.147 12458.8 7186.84 5271.99 50.9652 31.6834 1307.02 169.25 19.2817 5221.03 143.134 1115.06 5879.82 96.0105 5783.81 5077.89
internal_count=1074710 723280 185781 180528 537499 526810 10689 128732 119569 351430 9163 523234 451609 71625 9211 334294 291023 43271 1720 1092 48167 3576 628 41551 1097 43943 242856 1545 241311 40454
is_linear=0
shrinkage=0.03


Tree=146
num_leaves=31
num_cat=0
split_feature=11 16 14 17 13 13 3 15 14 17 17 17 17 17 17 17 11 12 18 17 7 9 15 11 7 12 8 12 13 4
split_gain=13.2622 16.9497 13.1218 25.495 19.0528 16.0445 14.9956 12.8884 11.0871 11.0161 69.291 14.8006 10.9626 32.6844 13.4946 25.5842 24.2065 12.3494 12.7528 13.4332 10.5068 10.4588 17.7626 9.96454 9.81345 9.0691 8.84621 6.42034 6.38524 6.59453
threshold=3891.1666666666674 7.0517744964616229 1.5243603097826319 -1316.9267054966515 3363.5000000000005 2607.5000000000005 2.7462853107399154 1.7987543551742073 2.5892139148722726 -807.87125414980642 -720.30723910861536 -925.56237792968739 -177.87193107604978 -200.26286497570217 -706.74450683593739 -1068.5440979003904 891.35416666666686 382.50000000000006 1.929999986663461 -77.176543235778794 0.41784213999941577 0.5438708277481219 1.4418774739910838 412.03125000000006 0.9997690002436338 2463.5000000000005 106.50530060837782 551.50000000000011 3906.5000000000005 5.5627627213139679
decision_type=2 2 2 2 2 2 2 2 2 2 2 2 2 2 2 2 2 2 2 2 2 2 2 2 2 2 2 2 2 2
left_child=2 28 12 5 9 21 7 -7 -6 11 -11 -5 13 14 15 -1 -16 18 23 -20 -10 25 -23 -14 -8 -4 27 -15 -2 -30
right_child=1 -3 3 4 8 6 24 -9 20 10 -12 -13 17 26 16 -17 -18 -19 19 -21 -22 22 -24 -25 -26 -27 -28 -29 29 -31
leaf_value=-0.0035714219842171964 0.063790564884388501 0.090003339060260021 0.0083555585749359711 0.0010865229768086959 -0.013465418051140682 -0.0030023206798952405 0.018067191443419013 0.010551858131713639 0.0074990332306603784 -0.012749562731439616 0.00041715722399425238 0.0090959111847406012 -0.0015724388507924168 0.016405544169876284 -0.0011294057307183688 0.0027063899042336173 -0.0088854111815780401 -0.018066580288233082 -0.023729662780872834 0.045199102644278941 -0.008543287310028215 0.018449999597335419 0.11254284000946861 0.033992472302778944 0.072664971948237331 0.041743876791156265 -0.016156379741174287 -0.0081339532704241147 -0.016096168875077775 0.024904524487170787
leaf_weight=1063.00001960597 0.95284103858284552 1.4498958108015347 23.033763019368052 733.49179682973772 140.60809252830222 137.48758122138679 42.703729996457696 116.75658998731524 63.736263592261821 366.99550874228589 18144.896796584362 289.64094185642898 165.49543611193076 129.58609506301582 1110.5316080327611 1297.2387891148683 537.41565630957484 70.304482902400196 36.713260095566511 2.7341052796691647 86.758703666739166 4.2565439855679861 3.1359678544104099 7.4075205652043214 3.1837788214907041 10.73375581204891 8.9621614962816221 10.362881157547234 80.867522797780111 3.6917418197263023
leaf_count=119991 109 45 1056 49997 16278 7802 1671 3918 4361 52083 493850 18403 10166 4380 94204 122352 54357 3604 650 63 5381 160 110 324 132 381 289 460 7874 259
internal_value=-1.63415e-05 -0.0117113 2.49886e-05 0.000350032 0.000210084 0.00847983 0.00607101 0.00322217 -0.00740834 0.000323611 0.000156129 0.00335392 -0.00145151 -0.0010628 -0.00157552 -0.000120999 -0.00365873 -0.00716849 -0.00356037 -0.0189522 -0.00174919 0.0260445 0.058365 -4.87644e-05 0.0218553 0.0189688 0.0127381 0.0145885 -0.0134359 -0.0143061
internal_weight=24694.1 86.962 24607.2 20167.4 19826.1 341.292 300.132 254.244 291.103 19535 18511.9 1023.13 4439.75 4157.1 4008.19 2360.24 1647.95 282.655 212.35 39.4474 150.495 41.16 7.39251 172.903 45.8875 33.7675 148.911 139.949 85.5121 84.5593
internal_count=1074710 8287 1066423 655583 640353 15230 13523 11720 26020 614333 545933 68400 410840 396033 390904 242343 148561 14807 11203 713 9742 1707 270 10490 1803 1437 5129 4840 8242 8133
is_linear=0
shrinkage=0.03


Tree=147
num_leaves=31
num_cat=0
split_feature=11 16 16 17 11 17 11 17 11 17 17 11 11 3 3 12 17 9 8 3 11 3 8 18 16 1 10 16 17 4
split_gain=12.636 15.1318 12.4208 23.1871 20.2603 24.2291 15.8767 19.9238 18.3447 14.5129 14.7479 28.7166 14.1767 21.8998 22.7374 22.1072 13.4259 12.377 12.3212 12.3047 10.5603 10.7849 9.69714 35.1637 9.754 9.19677 9.02704 7.08639 6.17456 5.95426
threshold=3891.1666666666674 7.0517744964616229 1.3034069976739036 -1316.9267054966515 1503.7375000000002 -837.79803466796864 2056.0500000000006 -848.47394111828919 2675.7083333333335 -1657.6433105468748 -758.91526704676005 1628.5192307692309 2431.0384615384619 1.4378879371872666 1.3966453556250686 2298.5000000000005 -875.63865966796868 0.61723788158043857 111.77095517870252 2.7462853107399154 3333.12962962963 2.3944848979945825 5.1972788337836144 1.0378989376761814 1.2193027943051427 0.41007626827215798 2.7602411496122361 2.5569087694252017 -1614.2978244357637 5.5627627213139679
decision_type=2 2 2 2 2 2 2 2 2 2 2 2 2 2 2 2 2 2 2 2 2 2 2 2 2 2 2 2 2 2
left_child=2 29 6 12 5 17 9 8 -8 -1 16 -12 13 14 -4 -15 -11 -5 -7 26 21 -6 24 -24 -9 -21 -14 -22 -10 -2
right_child=1 -3 3 4 20 18 7 22 28 10 11 -13 19 15 -16 -17 -18 -19 -20 25 27 -23 23 -25 -26 -27 -28 -29 -30 -31
leaf_value=-0.030114852133316276 -0.014931920310050502 0.081134587673254835 0.033944704308677992 0.014825966627751647 -0.00065692602275838345 0.00062135575331039288 -0.015075887647091927 -0.015165879299437263 0.006521071963997465 -0.0001734869170209981 -0.0034240556068541837 0.032821170371172451 0.0040125119170347084 0.0033524440610785428 0.16664820667403543 0.091122778936030227 0.0077618845058083259 0.0023152634166314699 -0.0023421009327510389 -0.0097775996682588576 -0.021299315393566397 -0.0045107113179811177 0.2249085924008965 -0.030466317119653832 0.051080038895381187 0.021523176260985377 -0.010020559888721685 -0.0059411018459876435 -0.017392754305212157 0.023618972589599805
leaf_weight=15.436026614857836 80.633136730873957 1.5583456647582341 26.029305599629883 157.45679320720956 2665.6606992708985 16026.190543340519 193.70649901824072 3.950350263155995 60.316897506592795 766.99930883687921 1398.3324773646891 19.953850095625967 324.02628328371793 56.478287436999381 1.2163319843821216 2.7065024860203257 255.91552482219413 129.87066301796585 1370.6923561007716 10.045306038577108 37.018837002571672 865.84056141553447 0.94013477116823096 1.0029622986912725 4.0523673705756664 53.139354676473886 47.274620537180454 100.29373490670696 11.583602397702633 3.7745925327762953
leaf_count=4313 7983 45 1426 7439 204783 429841 26635 348 6902 87163 130954 1953 18961 3005 62 116 23507 4627 29689 661 6073 62775 79 70 359 2528 2349 8741 1064 259
internal_value=-1.60997e-05 -0.0114978 2.40137e-05 0.000262227 0.000109669 0.000530575 -0.00188313 -0.00871145 -0.0102725 -0.00111721 -0.000933859 -0.00291412 0.00651577 0.0176121 0.039869 0.00736615 0.00181181 0.00917119 0.000387866 0.00430843 -0.00191916 -0.00160178 0.0329759 0.0930925 0.0183793 0.0165469 0.0022258 -0.0100816 0.00266841 -0.013208
internal_weight=24692.1 85.9661 24606.1 21873.9 21353 17684.2 2732.19 275.553 265.607 2456.64 2441.2 1418.29 520.916 86.4304 27.2456 59.1848 1022.91 287.327 17396.9 434.486 3668.81 3531.5 9.94581 1.9431 8.00272 63.1847 371.301 137.313 71.9005 84.4077
internal_count=1074710 8287 1066423 783076 753968 471596 283347 35457 34601 247890 243577 132907 29108 4609 1488 3121 110670 12066 459530 24499 282372 267558 856 149 707 3189 21310 14814 7966 8242
is_linear=0
shrinkage=0.03


Tree=148
num_leaves=31
num_cat=0
split_feature=15 17 17 1 17 11 17 12 12 17 17 17 17 3 12 11 15 17 12 3 1 10 17 17 12 12 3 3 16 1
split_gain=12.1349 19.7677 75.8287 24.1363 20.9034 19.4098 16.9527 32.439 22.4196 32.2736 22.3269 15.209 35.7058 21.4724 29.1005 16.8753 13.9588 13.0571 21.9783 22.3374 12.2215 15.101 11.9499 11.8478 30.6399 17.4629 11.2994 20.6166 20.0261 16.2901
threshold=1.8811200235950236 -824.47222900390614 -701.03737053504346 0.9998109654937305 -950.35886637369788 1183.4463601532568 -123.58693027496336 234.50000000000003 551.50000000000011 -413.77847798665363 -182.72485351562497 -257.93705813089997 -239.24147288004556 4.3185448053097355 902.50000000000011 2342.0545454545459 2.6926432239380218 -1234.4096272786458 2575.5000000000005 2.5853934267107408 0.31578660240542178 1.0553080436484603 -775.80947570800765 -753.14753044976112 1246.5000000000002 1674.5000000000002 2.0917720958091501 2.1868149360364977 4.1288501563536437 0.21330457514689322
decision_type=2 2 2 2 2 2 2 2 2 2 2 2 2 2 2 2 2 2 2 2 2 2 2 2 2 2 2 2 2 2
left_child=6 4 3 5 17 -3 8 -8 9 -1 23 13 16 14 -4 -14 -13 18 19 -2 -11 -22 -7 24 -10 -25 29 28 -28 -6
right_child=1 2 11 -5 26 22 7 -9 10 20 -12 12 15 -15 -16 -17 -18 -19 -20 -21 21 -23 -24 25 -26 -27 27 -29 -30 -31
leaf_value=-0.013087166270750189 0.038248940405023496 0.1896058949663128 0.014224666888375651 0.23751476904333771 0.022394674348672639 -0.0037974559489869783 0.004138308259406101 -0.011713286119165169 0.0052756898126588431 -0.00022248600224051486 -0.018373561645345232 -0.0017244790801743232 0.00034484041345472598 -0.016633244203825465 0.0021596439526149003 -0.022619120668302843 -0.018772919332141966 -0.0022467654313192008 0.0035714187518945356 -0.025856841792755315 0.018119944781445001 0.0049721725510304474 -0.020597730951009544 -0.003325377749761476 -0.0016333356859350794 0.0062094407522025044 0.054223402918401928 0.021101188849774098 0.20779211168997824 0.00035439578031402251
leaf_weight=103.82772807613946 32.008977585472167 0.40896356850862403 199.57099924236536 0.33609656663611431 53.848878736142069 47.598528578877449 177.10495707206428 337.80130407679826 762.64126945124008 364.25179664650932 69.007131479680538 66.531222878023982 13769.055307681672 49.59046317753382 1827.5056011255365 28.860854967497289 123.38258612435311 259.59633788093925 207.1188838602975 5.7744534388184539 88.02008969290182 736.35336443036795 191.03213784191757 2509.1854044992942 2382.1337784125935 185.66742327320389 3.1814204086549571 39.4325136016123 1.0058798063546417 68.666904301382601
leaf_count=14892 1054 28 8171 44 3580 6013 6217 13521 66289 21237 3147 3963 246816 3313 108681 1266 6228 20068 8652 193 3946 30154 35331 218364 217819 19604 178 2218 45 3678
internal_value=-1.58642e-05 0.000432542 0.000224908 -0.0165356 0.00548036 -0.0168928 -0.00100232 -0.00626104 -0.000626298 0.00295279 -0.00140919 0.000474654 0.000118985 0.00287034 0.00334748 0.000296807 -0.0128005 0.00244095 0.00740993 0.0284516 0.0043539 0.00637599 -0.0172467 -0.00120872 4.21762e-05 -0.00266846 0.01471 0.0278221 0.0911139 0.0100417
internal_weight=24690.5 16974.5 16303.9 239.376 670.634 239.04 7715.99 514.906 7201.09 1292.45 5908.64 16064.5 13987.8 2076.67 2027.08 13797.9 189.914 504.499 244.902 37.7834 1188.63 824.373 238.631 5839.63 3144.78 2694.85 166.136 43.6198 4.1873 122.516
internal_count=1074710 459520 419854 41416 39666 41372 615190 19738 595452 70229 525223 378438 258273 120165 116852 248082 10191 29967 9899 1247 55337 34100 41344 522076 284108 237968 9699 2441 223 7258
is_linear=0
shrinkage=0.03


Tree=149
num_leaves=31
num_cat=0
split_feature=2 11 10 14 10 17 2 15 4 9 15 17 17 13 17 17 13 17 18 7 11 13 1 0 8 13 17 2 17 4
split_gain=12.1568 13.9464 13.2031 17.2327 17.5022 17.243 26.0763 26.2524 12.5686 12.6735 11.9427 28.3871 32.0602 62.5957 18.8548 14.1075 12.9136 15.4717 11.6893 22.8183 16.8011 16.5222 15.4838 14.8214 23.2784 21.1852 17.1486 16.5931 15.2092 12.967
threshold=0.4537284794992576 3394.5357142857147 0.63263372575793264 4.2693817394236708 0.11919330983091911 -320.64852905273432 0.4542296819156329 3.1977987437436886 4.7463413766458276 0.69151231658051515 1.5467071531982102 -875.63865966796868 -706.74450683593739 1112.5000000000002 -383.91253662109369 -925.56237792968739 2397.5000000000005 -1614.2978244357637 2.4729153093499456 0.63931773561561733 345.51666666666671 1045.5000000000002 0.99963523667511456 3.5000000000000004 95.120989715670802 977.50000000000011 -37.412331277673893 3.1338754971741971 -1316.9267054966515 3.8217588198772661
decision_type=2 2 2 2 2 2 2 2 2 2 2 2 2 2 2 2 2 2 2 2 2 2 2 2 2 2 2 2 2 2
left_child=1 10 3 4 -2 6 -5 -8 9 -7 16 15 13 -13 -14 -12 17 -1 23 20 -20 22 -21 25 27 26 -4 -25 -27 -22
right_child=2 -3 18 5 -6 8 7 -9 -10 -11 11 12 14 -15 -16 -17 -18 -19 19 21 29 -23 -24 24 -26 28 -28 -29 -30 -31
leaf_value=-0.028587201479707645 0.13105719684220496 -0.012199760147574115 0.0039485405952051356 0.17181885368630678 0.00067572211578218323 0.0078883682622766169 0.11567759741848241 0.015201648170760952 -0.0022194066127306138 0.026387075122345793 0.0062487998207030439 0.3804568721391926 0.0051378169468638459 -0.012697874851162225 -0.00076283865187106164 0.025649126902601137 -0.010072586177189759 -0.0017373206401813455 -0.01594778227259375 0.0030309715369364019 0.016705544543915214 -0.0063318190508031931 -0.0056061836714418516 -7.4064777881329108e-05 -0.0057228363176268903 0.0078262725828747697 -0.010668047074898129 -0.008344972967220322 -0.0016990073131309834 0.005815606358730325
leaf_weight=19.51923552621156 0.92822030209936102 98.062543731415644 2097.2310942639597 1.1837017601355935 539.20167005737312 156.95053295232356 2.660533704794946 19.449345966801047 80.65207527205348 42.318863735534251 277.16611345671117 0.36509139649569888 539.51926880609244 213.5553480645176 5042.8253490081988 38.409281136933714 198.1895028508734 1845.9327894060407 24.554499976336956 1390.9070293614641 149.90036541316658 256.24239580566064 215.78049165382981 8154.2229753457941 777.22774509503506 165.05458792275749 74.817195914685726 224.30962495668791 1755.077802706277 286.47654342465103
leaf_count=5088 76 9994 75661 57 38285 2284 124 872 1141 523 19185 29 39491 31040 128013 2342 19878 179519 181 7364 864 3036 1332 334136 26297 15706 1775 8979 119952 1486
internal_value=-1.57327e-05 -0.000953423 0.000456881 0.00411286 0.000899784 0.00983646 0.0346365 0.0272922 0.00777273 0.0118169 -0.000818526 -0.00015226 -0.00062932 -0.0120269 -0.000192555 0.00861005 -0.00279179 -0.00201827 0.000258878 0.0022214 0.00819778 0.000742709 0.00187099 -8.53736e-05 -0.000756217 0.00141556 0.00344507 -0.000295493 -0.000880214 0.00955642
internal_weight=24688.7 8273.54 16415.1 843.345 540.13 303.215 23.2936 22.1099 279.921 199.269 8175.48 6111.84 5796.27 213.92 5582.34 315.575 2063.64 1865.45 15571.8 2323.86 460.931 1862.93 1606.69 13247.9 9155.76 4092.18 2172.05 8378.53 1920.13 436.377
internal_count=1074710 434579 640131 43362 38361 5001 1053 996 3948 2807 424585 220100 198573 31069 167504 21527 204485 184607 596769 14263 2531 11732 8696 582506 369412 213094 77436 343115 135658 2350
is_linear=0
shrinkage=0.03


Tree=150
num_leaves=31
num_cat=0
split_feature=11 13 9 3 17 14 17 17 7 11 8 18 2 17 13 17 17 3 1 0 9 2 9 17 14 15 11 6 3 9
split_gain=12.1038 13.7612 17.1699 19.1846 14.9714 24.8001 37.2458 14.7493 14.9574 13.7552 11.56 22.3612 19.771 16.356 35.7929 15.2667 16.8089 15.1735 13.3041 12.9149 13.9028 11.321 10.6398 9.47997 15.5267 15.0508 7.36859 6.73124 7.04399 5.55484
threshold=213.58333333333334 968.50000000000011 0.5438708277481219 1.3411442302596768 -40.424762677173213 10.665175298853356 -88.530026175759033 -63.844087600708001 0.33347456350375509 1883.7596153846155 16.945294550431772 2.2304285407066349 0.88401302421463035 -30.995998541514073 638.50000000000011 -34.606435394287104 -43.294536227271664 1.6193564271693572 0.8986921722720741 3.5000000000000004 0.38357089076287892 0.30648772810576558 1.3288752056976498 -72.581338882446275 3.4406606164068942 10.928865392736489 1048.5192307692309 82.292121460343353 0.81276583026517879 1.4142054198512664
decision_type=2 2 2 2 2 2 2 2 2 2 2 2 2 2 2 2 2 2 2 2 2 2 2 2 2 2 2 2 2 2
left_child=29 10 4 27 5 6 -3 21 -9 -7 12 19 23 18 -15 16 -14 -17 -13 20 -12 -5 -21 24 -2 -25 -6 28 -4 -1
right_child=1 2 3 7 26 9 -8 8 -10 -11 11 13 15 14 -16 17 -18 -19 -20 22 -22 -23 -24 25 -26 -27 -28 -29 -30 -31
leaf_value=-0.0076787000364310432 -0.00057432546404985571 -0.0015449718134336796 -0.0086168517462908642 -0.0052706573737291828 -0.02033130293099332 0.0045649446274478806 -0.015827298242813228 0.014830312448966073 -0.0053597334514183951 -0.014383003909714772 -0.0043921797189067696 0.0040653085228980037 0.0028760938089174462 0.028078060045845114 -0.011824688270276452 0.022249940600470013 0.011062415130937323 -0.010356386043730537 -0.0016762740834241488 -0.0045923321964570366 0.0053814995654030444 0.0033256705829483577 0.0090740115343017121 -0.0039941087033263378 0.0036581850959683687 0.0011296388878632188 -0.0045137847603978617 -0.025559698026343627 -0.0014210797374505197 0.066420203359881039
leaf_weight=200.37418631417677 1872.0861516010482 7008.5171062336303 145.94786013639532 145.79946871916763 54.693111663684249 759.0052401907742 168.27768515981734 36.503523806110024 346.41363902203739 36.12233617529273 225.61374346795492 749.4561667246744 3152.188946264796 59.288606263697147 30.712000492960215 14.38853022828698 243.14994459412992 119.71281602047384 704.77536171022803 1482.0305734665599 312.30887494515628 2538.5058570390102 53.107974038459361 1025.8186264121905 1337.2645820556208 1038.1518776845187 51.432571660727262 11.619750118115915 759.97984676272608 0.91467874124646087
leaf_count=12543 124043 526527 8665 9924 563 8343 3576 302 2951 1386 8279 4061 87065 342 229 169 2364 1477 4301 41068 10617 120287 1522 18723 21109 8862 691 800 43883 38
internal_value=-1.55229e-05 4.47124e-05 -0.000676986 0.00093452 -0.00147192 -0.0013229 -0.00187986 0.00207303 -0.00343501 0.00370415 0.000745653 -0.000682111 0.00133236 0.00205081 0.0144616 0.00307022 0.00346234 -0.00685786 0.00128272 -0.00271787 0.00128225 0.00285876 -0.00411955 0.000169207 0.00118927 -0.00141693 -0.0126655 -0.00287135 -0.00258034 -0.00734199
internal_weight=24684.2 24482.9 12062.8 3984.77 8078.05 7971.92 7176.79 3067.22 382.917 795.128 12420.1 3617.29 8802.76 1544.23 90.0006 3529.44 3395.34 134.101 1454.23 2073.06 537.923 2684.31 1535.14 5273.32 3209.35 2063.97 106.126 917.547 905.928 201.289
internal_count=1074710 1062129 727898 186812 541086 539832 530103 133464 3253 9729 334231 70419 263812 8933 571 91075 89429 1646 8362 61486 18896 130211 42590 172737 145152 27585 1254 53348 52548 12581
is_linear=0
shrinkage=0.03


Tree=151
num_leaves=31
num_cat=0
split_feature=12 14 12 17 17 2 13 17 14 0 0 3 12 1 15 17 17 12 17 13 17 15 19 8 15 6 13 14 3 17
split_gain=11.4988 11.4481 27.268 18.2184 14.4143 15.153 13.2749 37.9644 28.529 18.8098 17.365 13.262 13.0842 12.6299 12.1688 12.1464 12.493 40.0787 11.8227 10.0026 8.65016 14.2265 7.09843 14.5748 8.03194 6.40194 6.5238 13.7797 9.09279 5.88173
threshold=3355.5000000000005 0.92053493323545965 1828.5000000000002 -1316.9267054966515 -2118.6354217529292 2.3180835630058225 1020.5000000000001 -664.65378952026356 1.1931618183048573 8.5000000000000018 28.500000000000004 4.3185448053097355 2545.5000000000005 0.94135607678170075 1.7315953091906333 -1614.2978244357637 -758.91526704676005 1359.5000000000002 -875.63865966796868 222.50000000000003 -1507.0461853027343 3.7044522987087758 2.1854111479511316 13.526497147500201 0.32654811921986387 52.592042377003985 4139.5000000000009 2.1181806225317055 2.4965521918411597 -2363.6071472167964
decision_type=2 2 2 2 2 2 2 2 2 2 2 2 2 2 2 2 2 2 2 2 2 2 2 2 2 2 2 2 2 2
left_child=1 2 15 4 -3 14 7 8 -5 11 -11 -8 29 -7 -6 -1 18 -18 -17 -9 21 25 24 -24 -14 26 27 -2 -28 -4
right_child=20 3 12 6 5 13 9 19 -10 10 -12 -13 22 -15 -16 16 17 -19 -20 -21 -22 -23 23 -25 -26 -27 28 -29 -30 -31
leaf_value=-0.028103520234350858 -0.0039329820792380499 -0.012000789538055485 0.036170884402181407 0.033420503475937162 0.0021569496680045566 0.041242856489465379 -0.0014985255891272592 -0.0064248971732933377 0.16217006636251094 0.0020439577109533321 -0.0034741173946406544 -0.0099753846339776624 0.094021300997352605 0.010913347003088906 0.01286847471346422 -0.00016217453360340382 -0.0037960854408756271 0.06372897322660033 0.0084808574605726387 0.00079517452285704222 -0.014432467384101672 0.054117927208423934 0.0098237170395306297 0.11839456530615422 -0.008044923432642655 0.079921356659594184 -0.023361234228504248 0.043131910381425373 0.014555745910584646 -0.018271668705391295
leaf_weight=14.866494803689418 39.811313678976148 39.303094920236617 1.8097694085445244 6.5822323104366642 343.76414250116795 19.478841469157487 6039.7660670310725 175.16427347995341 2.0256298063322902 2806.9300551072229 628.12064877082594 170.80200372985564 0.7248653790447922 33.797359684947878 132.14523056242615 580.99397492851131 918.58108985377476 7.979618265759199 188.70185247901827 12238.861601400655 86.575953308492899 4.0251034731045356 5.2417059005238107 1.4127171994186936 16.245356923434883 0.81579894851893087 25.286862901877612 6.5149128232151261 7.3456007069908074 135.72959124133922
leaf_count=4025 4116 3816 444 567 22925 807 363903 11369 178 130432 27257 11191 167 1781 4040 69610 93764 978 18175 265046 10725 45 696 177 2543 66 2405 449 656 22357
internal_value=-1.52435e-05 3.87474e-05 -0.00221573 0.000225216 0.00552786 0.00682973 8.86168e-05 0.000736969 0.0637183 -0.000746399 0.00103494 -0.00173165 -0.0140126 0.0220024 0.00513121 -0.00110462 -0.000867999 -0.00321455 0.00195679 0.000693298 -0.007782 -0.0009112 0.00661221 0.032873 -0.00368527 -0.00368775 -0.0045516 0.00268581 -0.0148261 -0.0175553
internal_weight=24679.4 24509 1872.29 22636.7 568.489 529.186 22068.3 12422.6 8.60786 9645.62 3435.05 6210.57 161.164 53.2762 475.909 1711.12 1696.26 926.561 769.696 12414 170.376 83.7996 23.6246 6.65442 16.9702 79.7745 78.9587 46.3262 32.6325 137.539
internal_count=1074710 1056248 212936 843312 33369 29553 809943 277160 745 532783 157689 375094 26384 2588 26965 186552 182527 94742 87785 276415 18462 7737 3583 873 2710 7692 7626 4565 3061 22801
is_linear=0
shrinkage=0.03


Tree=152
num_leaves=31
num_cat=0
split_feature=11 11 12 5 3 17 11 5 14 14 11 12 14 8 13 4 18 9 17 2 14 17 13 8 5 7 9 7 13 17
split_gain=11.5604 11.1424 15.2365 10.5551 11.3456 10.2056 33.4512 31.3831 21.8062 12.2213 29.8718 25.2549 9.66551 7.57256 6.05158 5.84335 7.01796 5.01298 4.63658 11.8135 5.16895 12.5917 4.35433 4.31266 4.1606 4.04364 3.82486 3.72395 3.15823 2.44424
threshold=3891.1666666666674 213.58333333333334 176.50000000000003 6.0597668410528991 3.0197896404455555 -34.606435394287104 478.0555555555556 18.707360240473772 34.085753581708559 5.9387747353260112 301.01315789473693 317.50000000000006 5.0876588350146443 37.139728879813106 3906.5000000000005 5.5627627213139679 1.6362142954553878 1.4142054198512664 -30.995998541514073 1.6671474345880439 2.4289718072714983 -72.581338882446275 392.50000000000006 19.823332088668284 3.6675001061841632 0.34553585236613066 0.74635062922906326 0.99980790742723713 201.50000000000003 -784.22274727199374
decision_type=2 2 2 2 2 2 2 2 2 2 2 2 2 2 2 2 2 2 2 2 2 2 2 2 2 2 2 2 2 2
left_child=1 17 3 22 13 9 7 -7 -8 11 -11 -4 14 -5 -2 29 26 18 20 28 21 -1 24 -6 -3 -24 -17 -22 -20 -16
right_child=12 2 5 4 23 6 8 -9 -10 10 -12 -13 -14 -15 15 16 -18 -19 19 -21 27 -23 25 -25 -26 -27 -28 -29 -30 -31
leaf_value=-0.0130838301713984 0.060862105716502135 0.027170132679062237 0.0041459869218289092 0.011563157631406175 -0.018036751616015093 0.00013674429691770654 -0.015931072243052208 0.030226454205549678 -0.00065136566085670605 -0.012209950888143509 0.0013026085417387403 -0.00070760465675200849 0.040107613329535552 0.028150577468916374 -0.013860711673572329 -0.031717082208661151 0.075441046558600983 0.061151504648863667 0.010746230821641743 0.081674930356606862 -0.012680602474741806 0.012593772708282039 0.014744705029759383 0.0049439380497222516 -0.004808928455479795 -0.015516282348943488 0.050983282417310281 0.038701370175052645 -0.033104763833307647 -0.030220809255755637
leaf_weight=39.324795938562602 0.98265879950486024 6.4752896367572239 1034.3754470732529 76.33835559245199 11.463998021557929 259.3282512947917 214.28094144910574 35.462180878967047 138.32405871525407 149.99586647190154 8016.3428768115118 14356.050788464956 3.1897994750179341 36.6680280524306 66.717868385603651 1.7885384391993282 1.403885726816952 0.96528375707566638 4.2700824951753003 1.8373384373262522 118.43731491174549 30.532550178002566 4.716194182168695 20.478052295744419 8.426477062981574 25.260041898116469 0.70042790705338109 1.2832298129796971 2.2608029972761869 9.37363681825809
leaf_count=2863 109 156 34559 725 151 3633 2265 276 1414 2973 98430 908190 91 354 6262 150 87 38 217 59 7064 2191 62 202 150 302 23 59 90 1565
internal_value=-1.50218e-05 2.29622e-05 8.06249e-05 0.00854684 0.0124831 1.42267e-05 -0.00370171 0.00375642 -0.00993697 0.000116349 0.00105442 -0.0003814 -0.011115 0.0169454 -0.013133 -0.014042 0.0218075 -0.00704864 -0.00738122 0.0144724 -0.00834587 -0.00186092 -0.00416665 -0.00330383 0.00908699 -0.0107553 -0.00844411 -0.0121299 -0.00443371 -0.0158761
internal_weight=24677.1 24592.9 24394 189.826 144.948 24204.2 647.395 294.79 352.605 23556.8 8166.34 15390.4 84.1568 113.006 80.967 79.9844 3.89285 198.911 197.946 8.36822 189.578 69.8573 44.878 31.9421 14.9018 29.9762 2.48897 119.721 6.53089 76.0915
internal_count=1074710 1066423 1053842 2102 1432 1051740 7588 3909 3679 1044152 101403 942749 8287 1079 8196 8087 260 12581 12543 366 12177 5054 670 353 306 364 173 7123 307 7827
is_linear=0
shrinkage=0.03


Tree=153
num_leaves=31
num_cat=0
split_feature=11 3 5 8 10 18 7 12 17 17 9 9 17 5 3 9 2 18 13 15 12 3 9 12 2 13 10 13 4 13
split_gain=11.0127 10.685 15.4995 15.206 14.7964 14.7152 22.1499 25.5191 18.7064 15.0633 13.4309 12.8516 12.7114 12.3253 13.3938 12.7282 11.1968 11.8436 10.7161 9.27694 9.17943 8.12736 7.64343 7.51 7.22583 6.62864 6.15528 5.8693 5.77247 5.58928
threshold=3891.1666666666674 1.2187921558565142 3.4828480806356574 111.77095517870252 2.2043837458373887 2.3689999570449198 0.71866938684426585 397.50000000000006 -61.600145966666084 -34.606435394287104 0.64031467970170752 0.29451502605564156 -40.424762677173213 4.8494757364295777 2.4495196576597569 0.29760365430828878 0.837628974718851 2.5165150969317471 319.50000000000006 7.4200611480865231 221.50000000000003 0.81247446590703276 0.90955734839218583 289.50000000000006 0.84861327859668478 540.50000000000011 1.0058269948816132 1329.5000000000002 4.9254909913200509 3906.5000000000005
decision_type=2 2 2 2 2 2 2 2 2 2 2 2 2 2 2 2 2 2 2 2 2 2 2 2 2 2 2 2 2 2
left_child=1 2 4 5 20 9 8 -8 -7 10 -3 23 21 15 -15 -13 17 -14 -11 22 -1 -4 29 26 -22 -23 -5 -25 -24 -2
right_child=19 3 12 11 -6 6 7 -9 -10 18 -12 13 16 14 -16 -17 -18 -19 -20 -21 24 25 28 27 -26 -27 -28 -29 -30 -31
leaf_value=-0.007868724616805994 0.055653773845678954 -7.9228658143244501e-05 -0.020439435754740401 0.058716980582753854 0.054771807348800439 0.011591875479393228 0.0077534257544391071 -0.0019242552898059444 0.0030218588090999755 0.017862458327773136 0.0022931934753443934 0.085750070440489989 0.001660059511183049 -0.007968524542127901 0.00046686402734473389 0.0037488319688810602 -0.014441189259698646 0.042099137983315181 -0.012320751020636629 0.098267703907111384 -0.00059392424309375944 -0.01513814147114583 -0.0056304605316938585 -0.011393595991214187 0.0034194439755440547 -0.0044911361727784285 0.0034071755493627238 -0.00072098074882230101 0.088276671774269844 -0.01430205738248131
leaf_weight=150.03166047972627 1.0414267955347885 9425.4618067468982 36.427994420519099 1.9588328525424028 4.3586874366737893 382.84424806945026 325.44478298909962 994.85415644524619 571.28818398714066 11.597558522596954 2781.4226644802839 1.7136434325948346 12.914161949418485 294.30720979860052 399.18785036262125 290.89322983962484 10.64486905466765 13.160776682198048 121.41779359616339 0.69461713824421067 7519.0250181008596 59.763938580872491 1.1757128816097968 232.49285312811844 426.66012712451629 440.7201475428883 23.972781483549625 57.930780184920877 1.1807965133339164 79.132202415494248
leaf_count=10025 109 463823 1457 47 123 3004 1919 6472 2793 441 105014 50 222 7543 9706 9656 125 67 2475 20 387724 1229 83 6029 20477 21575 566 3861 25 8050
internal_value=-1.47032e-05 2.21685e-05 -0.00082496 0.000483803 -0.000487479 0.000760621 0.00297797 0.000461228 0.00646057 0.00035193 0.000461344 -0.00262225 -0.00559042 -0.000934359 -0.00311297 0.00422907 0.0114862 0.0220708 -0.00968909 -0.0109092 -0.00051723 -0.00675831 -0.0118281 -0.00788354 -0.000378418 -0.00576252 0.00758519 -0.00926473 0.0414244 -0.0133934
internal_weight=24673.7 24590.5 8673.71 15916.8 8100.08 14614.3 2274.43 1320.3 954.132 12339.9 12206.9 1302.46 573.632 986.102 693.495 292.607 36.7198 26.0749 133.015 83.2248 8095.72 536.912 82.5301 316.355 7945.69 500.484 25.9316 290.424 2.35651 80.1736
internal_count=1074710 1066423 443024 623399 418349 585941 14188 8391 5797 571753 568837 37458 24675 26955 17249 9706 414 289 2916 8287 418226 24261 8267 10503 408201 22804 613 9890 108 8159
is_linear=0
shrinkage=0.03


Tree=154
num_leaves=31
num_cat=0
split_feature=13 17 17 5 14 16 17 17 14 14 17 11 17 17 13 15 11 9 17 12 8 14 17 14 11 11 16 13 0 17
split_gain=10.6653 21.3172 30.7496 24.4586 21.8912 20.1452 25.4254 22.8873 19.8793 19.731 45.2032 19.4544 19.1306 16.1577 15.7429 15.7261 25.8169 14.9495 16.8757 12.832 12.6325 12.5097 12.0983 30.1569 60.9933 16.7078 16.1833 15.254 13.6343 11.813
threshold=1709.5000000000002 -824.47222900390614 -591.57517089843736 45.996040365589458 4.0352671754933853 0.81534710093288421 -1219.4234863281247 -1057.0434163411458 0.28558060202650598 1.2675333193513223 -792.6698924473352 1115.9360269360272 -860.58536105685755 -914.04624491526658 2291.5000000000005 1.4188161481276753 2583.1652173913049 0.58250351636923425 -1123.4234873453772 996.50000000000011 17.484521582979855 0.68718470547939103 -61.600145966666084 10.665175298853356 572.05555555555566 799.02380952380963 4.9278144658936727 494.50000000000006 5.5000000000000009 -1123.4234873453772
decision_type=2 2 2 2 2 2 2 2 2 2 2 2 2 2 2 2 2 2 2 2 2 2 2 2 2 2 2 2 2 2
left_child=1 3 4 13 8 -2 14 17 -3 10 -9 -10 -11 21 -7 -16 -17 -8 -19 20 -15 -1 23 25 -25 -4 27 -24 -28 -23
right_child=5 2 22 -5 -6 6 7 9 11 12 -12 -13 -14 19 15 16 -18 18 -20 -21 -22 29 26 24 -26 -27 28 -29 -30 -31
leaf_value=-0.0025050424338835609 -0.012585466560536204 -0.019394593300349417 0.0013434543776178704 0.18509516930448405 0.14825318322605599 0.013198709603924561 -0.010375303903542115 -0.00029970935936885374 0.0018593741494298129 0.0036854298697944717 0.032088937804942944 -0.0069930323409658117 -0.0029009397814694039 0.030122926111966535 -0.0021766022483812263 0.02058795879134696 0.0023440496239925737 0.0099016694550670466 -0.010043378214523866 0.0072037945673619798 -0.0018524363583958387 -0.02298602799969689 -0.0058589735127518366 -0.016297424584493962 0.007457738519410546 -0.00097274174050321046 0.00086505646743036525 -0.030428148206660344 -0.0023300903939004105 0.0069648012641684966
leaf_weight=295.09545322577469 138.02778567210771 80.049164975993335 6817.280251376098 0.67642202414572139 0.83928049122914572 123.81924591260031 437.95029787020758 153.56154243601486 346.86655181832612 480.37609595851973 51.88517344975844 627.83738683722913 2283.9615151272155 47.914345170836896 453.81464977678843 85.267894152551889 385.05072533804923 81.094615168403834 72.147059712558985 209.56981831090525 14.480492899194358 12.287957369349895 214.98075276333839 106.66938829794526 1104.7347837928683 4760.0085604237393 2840.6425711000338 25.433513280004263 2083.6286099916324 333.91060591023415
leaf_count=42234 24795 15229 220093 31 71 9887 45286 12835 38254 34223 4654 66480 170888 4889 36861 3732 19312 6229 5730 13780 1274 1307 10794 848 10292 204818 32388 779 18500 18217
internal_value=-1.43924e-05 0.000290086 7.49129e-05 0.00476548 -0.00490116 -0.00129228 -0.000954077 -0.00216284 -0.00502303 -0.00108975 0.00787998 -0.00384274 -0.00175639 0.00463192 0.00315334 0.00180742 0.00565164 -0.00755338 0.000511427 0.0107595 0.0227021 0.0020333 0.000367488 0.000862389 0.00536599 0.000391149 -0.000857978 -0.00845816 -0.00048692 0.00590173
internal_weight=24669.9 19922.9 19009 913.935 1055.59 4746.96 4608.93 3560.98 1054.75 2969.78 205.447 974.704 2764.34 913.259 1047.95 924.133 470.319 591.192 153.242 271.965 62.3948 641.294 17953.4 12788.7 1211.4 11577.3 5164.69 240.414 4924.27 346.199
internal_count=1074710 700278 618546 81732 120034 374432 349637 279845 119963 222600 17489 104734 205111 81701 69792 59905 23044 57245 11959 19943 6163 61758 498512 436051 11140 424911 62461 11573 50888 19524
is_linear=0
shrinkage=0.03


Tree=155
num_leaves=31
num_cat=0
split_feature=11 14 17 11 17 17 11 19 7 17 17 17 17 14 15 4 17 17 17 11 17 12 19 17 14 11 14 12 15 13
split_gain=10.5038 10.5236 20.0247 19.957 18.4585 22.0921 15.3631 17.8948 19.8901 13.9388 12.4943 40.1437 24.0864 12.2734 12.3037 10.7786 10.6276 29.5648 12.4416 22.9408 21.2348 11.9967 12.4169 12.5782 10.3188 8.91218 8.61721 6.10209 15.782 7.31064
threshold=3891.1666666666674 1.5243603097826319 -1206.5219116210935 1674.0500000000002 -295.875749860491 -591.57517089843736 2613.0625000000005 3.1889640874136833 0.5397046938158182 -227.44048500061032 -784.22274727199374 -701.03737053504346 -1057.0434163411458 2.335062983027687 0.50351323119777158 5.9498274013801788 -177.87193107604978 -200.26286497570217 -706.74450683593739 891.35416666666686 -1068.5440979003904 382.50000000000006 3.8599999733269219 -77.176543235778794 2.1181806225317055 412.03125000000006 5.0876588350146443 551.50000000000011 1.4302949439232677 796.50000000000011
decision_type=2 2 2 2 2 2 2 2 2 2 2 2 2 2 2 2 2 2 2 2 2 2 2 2 2 2 2 2 2 2
left_child=1 16 6 4 5 -4 7 24 -9 -6 12 -12 -5 14 -8 -15 17 18 20 -20 -1 22 25 -24 -3 -18 -2 29 -29 -19
right_child=26 2 3 10 9 -7 13 8 -10 -11 11 -13 -14 15 -16 -17 21 27 19 -21 -22 -23 23 -25 -26 -27 -28 28 -30 -31
leaf_value=-0.0031968407819475504 -0.012705743755874526 0.0060535801119583092 -0.0018789945902918767 -0.0062293176192100494 -0.0037186062580612119 0.0049815898793902583 0.11060920165000901 0.0081128713769595892 0.052388399302828251 0.0003500818942416952 -0.016285006864338213 -0.0021138687555876095 0.0043081059408079424 0.0068299184441284787 -0.0037658354193390643 0.087056947958329939 -0.0014300594516553436 0.013078597067804697 -0.00096440511973882085 -0.0085600287427979212 0.0025381548589963753 -0.017816513700232097 -0.023531015252978252 0.041907706472825088 0.039347323764593094 0.0316224865298333 0.036505273125477092 -0.024915952374944719 0.074216810153310414 0.078344204580084814
leaf_weight=1048.3523363589775 79.006560592446476 123.9454222144559 580.24567311885767 307.16177004761994 800.1139092836529 1553.1882982300594 0.85054618399590154 16.956484844908118 19.78854865860194 14332.779785086401 209.24575044214725 1283.1501440841239 535.74493512138724 218.25192456366494 176.88342297077179 1.5176549116149534 164.68719398416579 138.26306854002178 1104.1479275224265 529.47953463019803 1303.6107879921328 69.023648805916309 36.014520857483149 2.8530020397156468 8.9854637421667558 7.6846282547339788 3.3377593546174458 9.2533678747713548 1.7128883590921749 1.562098030000924
leaf_count=119991 8196 5733 52557 28306 39731 87048 67 716 690 262487 36717 82573 39643 7464 11399 39 10166 4605 94204 54357 122352 3604 650 63 413 324 91 404 84 36
internal_value=-1.42637e-05 2.15631e-05 0.000312012 0.000151215 0.000503257 0.00311567 0.00586914 0.0134263 0.0319569 0.00013496 -0.00245165 -0.00410077 0.000468187 0.00264332 -0.00321849 0.00738394 -0.00130479 -0.000921728 -0.00141506 -0.00342624 -1.81336e-05 -0.00695833 -0.00341035 -0.0187276 0.00830407 4.34791e-05 -0.010711 0.0121176 -0.00943178 0.0138077
internal_weight=24667.8 24585.5 20168.8 19601.6 17266.3 2133.43 567.179 169.676 36.745 15132.9 2335.3 1492.4 842.907 397.504 177.734 219.77 4416.65 4136.38 3985.59 1633.63 2351.96 280.263 211.239 38.8675 132.931 172.372 82.3443 150.791 10.9663 139.825
internal_count=1074710 1066423 655583 629062 441823 139605 26521 7552 1406 302218 187239 119290 67949 18969 11466 7503 410840 396033 390904 148561 242343 14807 11203 713 6146 10490 8287 5129 488 4641
is_linear=0
shrinkage=0.03


Tree=156
num_leaves=31
num_cat=0
split_feature=2 11 10 16 17 10 2 9 10 6 2 4 15 17 17 12 17 17 17 9 18 7 12 17 11 17 10 17 16 9
split_gain=10.2226 12.5261 12.4884 17.2934 16.5348 22.8323 17.4519 16.6392 15.2617 12.0884 11.3377 11.167 10.2387 26.0758 28.8916 42.1356 18.5722 12.6264 11.127 10.5189 10.1913 22.0052 18.3108 17.1682 16.108 18.5878 17.739 14.7079 10.5544 15.7783
threshold=0.4537284794992576 3394.5357142857147 0.63263372575793264 4.2781316305712496 -314.40662384033197 0.4999869985824193 0.4654376078239913 1.1543425105882987 0.11919330983091911 10.037188447016929 1.1579093236867666 4.7463413766458276 1.5467071531982102 -875.63865966796868 -706.74450683593739 1111.5000000000002 -383.91253662109369 -925.56237792968739 -1042.2778625488279 0.77743477093043356 2.5356922525243886 0.86708441706024342 382.50000000000006 -37.412331277673893 937.02173913043487 -68.13585245609282 0.89057918220215593 -34.606435394287104 16.70309435626103 0.64031467970170752
decision_type=2 2 2 2 2 2 2 2 2 2 2 2 2 2 2 2 2 2 2 2 2 2 2 2 2 2 2 2 2 2
left_child=1 12 3 8 5 -5 -7 11 -2 10 -10 -6 18 17 15 -15 -16 -14 -1 -19 28 24 23 -23 25 -22 -26 -24 29 -4
right_child=2 -3 20 4 7 6 -8 -9 9 -11 -12 -13 13 14 16 -17 -18 19 -20 -21 21 22 27 -25 26 -27 -28 -29 -30 -31
leaf_value=-0.0067069532053677739 0.11603223325471212 -0.011685268701110817 -0.00040930217228109364 0.0048301091569679109 0.0094320632168094238 0.14538749790184677 0.040421037740554999 0.070645668532739236 0.0046339058274871897 -0.0043876408278722134 0.098697467908290926 -0.0030464740396659788 0.0059756258644953261 0.2583842511092998 0.0051037302180463309 -0.012229250704540917 -0.00075033520984487702 0.028461761396129423 -0.0013986031877182303 -0.030874596695488907 0.015945981659574116 0.0026458079686341642 -0.00096068990801836983 0.022100352579209181 0.031079081360176158 0.004903858925384543 -0.0047278168980855314 -0.01243789865035696 -0.0026242979841517773 0.0021433301537457095
leaf_weight=457.63365055760369 1.0228227353654791 95.364269099198282 9202.4535053167492 22.634534109383821 220.99853259790689 1.5316182640381182 20.585191585822031 3.6010477580130091 223.52721664542332 259.28719232464209 1.159233815036713 91.169495756737888 279.15587367862463 0.51912868395447631 540.016668101307 208.06219631689601 5038.5644779680297 36.582680266816169 1590.6483717216179 2.9022049745544782 180.08364519663155 177.21275714226067 895.96955036232248 53.045023918151855 13.390797459054737 576.20868557319045 177.60407023550943 113.18399838358164 1326.3139532441273 2855.6219858571421
leaf_count=55922 74 9994 457149 1123 3378 83 1017 45 17542 18550 76 1474 19185 30 39491 31039 128013 2222 148563 120 1021 1177 6147 261 126 2467 1475 687 15459 110800
internal_value=-1.40795e-05 -0.000875629 0.000418855 0.00396969 0.00894597 0.0260122 0.0476901 0.00652732 0.000270598 2.59486e-05 0.00511921 0.00578767 -0.000749208 -0.000133494 -0.000593525 -0.0115557 -0.000183651 0.00822159 -0.00258461 0.0241004 0.000226043 0.00212485 -0.000506156 0.0071276 0.00556721 0.00753314 -0.00221737 -0.00224794 -8.41792e-05 0.000195218
internal_weight=24666.1 8249.45 16416.6 845.517 360.52 44.7513 22.1168 315.769 484.996 483.974 224.686 312.168 8154.09 6105.8 5787.16 208.581 5578.58 318.641 2048.28 39.4849 15571.1 2186.7 1239.41 230.258 947.287 756.292 190.995 1009.15 13384.4 12058.1
internal_count=1074710 434579 640131 43362 7120 2223 1100 4897 36242 36168 17618 4852 424585 220100 198573 31069 167504 21527 204485 2342 596769 13361 8272 1438 5089 3488 1601 6834 583408 567949
is_linear=0
shrinkage=0.03


Tree=157
num_leaves=31
num_cat=0
split_feature=11 13 3 3 11 7 14 17 17 4 13 13 8 19 2 17 13 17 17 3 0 9 15 0 9 17 16 15 17 9
split_gain=10.0509 11.1957 15.6496 27.4477 13.0019 14.1286 11.4532 12.4191 12.2907 47.5876 12.0658 12.0511 11.0874 20.7546 17.863 15.6108 32.3339 13.5329 15.7055 14.2739 12.0656 12.6425 11.7194 10.25 9.99316 8.97701 14.2787 14.0831 8.70161 7.97586
threshold=213.58333333333334 968.50000000000011 2.1990242965114755 1.3850470267177304 696.61250000000007 0.92758900072623363 0.74862329154057161 -1345.8432617187498 -2118.6354217529292 5.3201182223254007 2397.5000000000005 2734.5000000000005 16.945294550431772 4.4608570814132698 0.88401302421463035 -30.995998541514073 638.50000000000011 -34.606435394287104 -43.294536227271664 1.6193564271693572 3.5000000000000004 0.50226037477279628 8.1232626105778305 38.500000000000007 1.3288752056976498 -72.581338882446275 3.4412931196750551 10.928865392736489 -824.47222900390614 0.58737803466183214
decision_type=2 2 2 2 2 2 2 2 2 2 2 2 2 2 2 2 2 2 2 2 2 2 2 2 2 2 2 2 2 2
left_child=-1 12 3 23 -5 -6 8 10 9 -4 -8 -9 14 20 25 22 -17 18 -16 -19 21 -14 -15 28 -22 26 -2 -27 -3 -10
right_child=1 2 6 4 5 -7 7 11 29 -11 -12 -13 13 15 17 16 -18 19 -20 -21 24 -23 -24 -25 -26 27 -28 -29 -30 -31
leaf_value=-0.0067694825409824631 -0.00063091562774734013 0.00068965326875016311 0.013568705506478576 -0.0164073455619888 0.0028171152194624792 -0.0022806446120912116 0.033144549479625522 -0.0017857793564560846 -0.014579003044166945 0.44315897434562562 0.0034669597912893742 -0.0086300265496411181 -0.0035478110932975395 0.0043167640058795944 0.0026930752115444214 0.026781548636341364 -0.011274543004627331 0.02159476636292355 0.010580880271428566 -0.0099509927846841012 -0.0045110755556379079 0.0056391657012916339 -0.0011381585861988089 -0.012065531834082471 0.0086761186497235684 -0.0039049091133145195 0.0034014734914571119 0.001054044158503646 -0.0022762815549929624 0.0038688683109945506
leaf_weight=196.62649211403914 1809.2548339136411 1295.4690320428926 2.7433154620230193 34.548711718991399 3370.0244387274142 572.41951986216009 13.210237886290995 3232.6418036860414 124.31269169435836 0.25352174974977959 184.91209520446137 249.3991634096019 262.67652970599011 611.27719449065626 3164.2002484549303 59.91403492167592 30.232292644679546 14.492049043066798 244.7603307031095 118.20336182042956 1477.7398494305089 276.95193751179613 843.70447171106935 81.908633861457929 53.593513653380796 1022.7794612459838 1403.335733814165 1039.0225365813822 2846.234792415984 25.402586064767092
leaf_count=12581 122578 121229 527 619 173706 36515 1010 157797 17201 49 11931 20146 9673 3892 87065 342 229 169 2364 1477 41068 9223 4470 5139 1522 18723 22574 8862 179503 2526
internal_value=-1.38676e-05 4.04263e-05 -0.000611872 0.000127763 0.00191637 0.00207695 -0.00219435 -0.00186029 -0.0102448 0.0499105 0.00544578 -0.00227599 0.000671807 -0.000727072 0.00124559 0.00190418 0.0140187 0.00289354 0.00325941 -0.00650579 -0.00269023 0.00116719 0.0011536 -0.00155641 -0.00404955 0.000139018 0.00113053 -0.0014059 -0.00134858 -0.0114489
internal_weight=24662.2 24465.6 12033.5 8200.61 3976.99 3942.44 3832.88 3680.16 152.712 2.99684 198.122 3482.04 12432.1 3616.09 8816.05 1545.13 90.1463 3541.66 3408.96 132.695 2070.96 539.628 1454.98 4223.61 1531.33 5274.39 3212.59 2061.8 4141.7 149.715
internal_count=1074710 1062129 727898 516711 210840 210221 211187 190884 20303 576 12941 177943 334231 70419 263812 8933 571 91075 89429 1646 61486 18896 8362 305871 42590 172737 145152 27585 300732 19727
is_linear=0
shrinkage=0.03


Tree=158
num_leaves=31
num_cat=0
split_feature=11 16 14 12 17 13 17 12 17 11 17 8 5 18 14 7 7 13 11 16 18 17 8 4 18 13 1 4 15 12
split_gain=9.87787 11.4045 9.91066 25.1975 17.2815 17.0316 14.2839 12.6833 11.6057 13.8695 11.4208 11.1246 13.0948 11.6559 10.9659 10.1165 9.68748 9.78949 7.94115 6.94574 13.924 5.45655 36.9648 5.20047 6.3923 5.41655 3.97509 3.2227 3.13342 5.39767
threshold=3891.1666666666674 7.0517744964616229 0.92053493323545965 1828.5000000000002 -1316.9267054966515 3363.5000000000005 -2118.6354217529292 2545.5000000000005 -1614.2978244357637 2261.7083333333335 -753.14753044976112 111.77095517870252 4.4222556983506065 1.0861904796153781 2.5892139148722726 0.41784213999941577 0.66658627634731127 2259.5000000000005 3019.1111111111118 0.99604104235247715 1.0927055739755658 -2363.6071472167964 26.890272719595547 5.5627627213139679 1.6362142954553878 3906.5000000000005 0.18948675381560567 4.3280298881555863 0.71258156692520125 2943.5000000000005
decision_type=2 2 2 2 2 2 2 2 2 2 2 2 2 2 2 2 2 2 2 2 2 2 2 2 2 2 2 2 2 2
left_child=2 23 3 8 6 11 28 21 -1 10 -10 13 -13 -6 26 -16 17 -8 -18 20 -9 22 -5 25 -25 -2 -7 -23 -4 -30
right_child=1 -3 4 7 5 14 16 19 9 -11 -12 12 -14 -15 15 -17 18 -19 -20 -21 -22 27 -24 24 -26 -27 -28 -29 29 -31
leaf_value=-0.028007521894720111 0.052987783007771752 0.063874563953108365 -0.026558313194137952 -0.012333367344159513 -0.00082475375111180666 -0.024132521341962761 0.024023691828491921 0.0012228959052297329 0.0018118604257562185 0.16288727010476692 -0.0031320328663060649 0.0012166354018592303 -0.0044379707987695759 0.00078474127833431007 0.0075799933789555364 -0.0082198460744925261 0.0080829157573106131 0.0026380807154739888 0.021515915410590187 -0.024361294994491717 0.063589761402263995 -0.015865591030678632 0.41844482291474855 -0.0080722880765102967 0.0714092739480649 -0.014860014707950184 -0.010841174302811913 -0.028776158582505328 0.064531845880590813 -0.0077288545592585495
leaf_weight=14.226017843931912 1.0742675324436266 1.8162589618004847 8.0197518849745375 1.6844521618913848 5597.0018916362897 24.489562765927985 20.381155376322567 14.325542793842038 783.32647082745098 0.46576647227629919 907.99808030994609 594.94403394847177 968.75005136802793 14647.116323611699 63.58715778705664 85.533605882432312 129.75169348344207 351.6391890309751 57.010657366365194 5.0791124869137994 4.1566148309502742 110.94900229922496 0.2006294298917054 2.4327976799104358 1.4555420861579476 74.491500497562811 117.01395133137703 20.637627940624952 0.94879550766199727 47.846376342698932
leaf_count=4025 109 45 832 399 345730 3602 1477 2425 89635 44 92848 18209 23832 401903 4361 5381 6833 20118 2880 591 567 19269 45 173 86 7874 13284 3088 90 4955
internal_value=-1.36531e-05 -0.0104553 2.0875e-05 -0.00208262 0.000193408 5.52957e-05 0.0051513 -0.0135823 -0.00102412 -0.000797223 -0.000842299 0.000151441 -0.00228654 0.000339755 -0.00715923 -0.00148258 0.00660846 0.00380969 0.0121834 0.00671029 0.0152491 -0.0171644 0.0335144 -0.0121544 0.0216805 -0.0138955 -0.0131415 -0.0178904 -0.00918 -0.00632378
internal_weight=24658.4 81.2704 24577.1 1863.05 22714 22098.4 615.598 157.033 1706.02 1691.79 1691.32 21807.8 1563.69 20244.1 290.624 149.121 558.783 372.02 186.762 23.5613 18.4822 133.472 1.88508 79.4541 3.88834 75.5658 141.504 131.587 56.8149 48.7952
internal_count=1074710 8287 1066423 212936 853487 816302 37185 26384 186552 182527 182483 789674 42041 747633 26628 9742 31308 21595 9713 3583 2992 22801 444 8242 259 7983 16886 22357 5877 5045
is_linear=0
shrinkage=0.03


Tree=159
num_leaves=31
num_cat=0
split_feature=15 17 11 15 14 11 14 17 17 11 17 11 17 11 17 18 11 0 16 17 17 17 11 14 5 8 11 14 14 15
split_gain=9.55515 34.2002 47.0008 22.068 17.7045 16.1286 23.1704 25.1863 19.3139 18.9421 18.1125 17.4339 14.2359 21.2316 25.2802 50.2618 23.7971 23.6721 25.599 33.2663 29.238 15.8965 15.5183 18.7197 17.0594 15.3473 14.1259 30.9708 15.3097 13.4349
threshold=2.9205603832116793 -116.56556701660155 366.68333333333339 0.50351323119777158 1.3665293841263317 960.01923076923083 1.9974085049577874 -207.52213584052188 -758.91526704676005 3113.5500000000006 -496.60119533538813 791.26136363636374 -72.581338882446275 751.03571428571433 -160.48849105834958 1.4971428726400651 727.9807692307694 12.500000000000002 10.700102986673015 -320.64852905273432 -86.398951721191395 -141.36145019531247 1425.2678571428573 8.7444994050728724 14.437596935264525 20.514466032356811 1191.0192307692309 1.7774034745425802 0.90600417076105688 14.564994256915144
decision_type=2 2 2 2 2 2 2 2 2 2 2 2 2 2 2 2 2 2 2 2 2 2 2 2 2 2 2 2 2 2
left_child=1 5 4 -4 -3 6 -1 10 26 -10 -8 -9 13 14 15 -2 -17 18 19 -15 -20 -16 24 -24 -19 -23 27 -7 -28 -14
right_child=12 2 3 -5 -6 8 7 11 9 -11 -12 -13 29 17 21 16 -18 22 20 -21 -22 25 23 -25 -26 -27 28 -29 -30 -31
leaf_value=-0.00011050606234182684 -0.0055234987563197169 -0.013417304073406012 0.044965912730095606 -0.0098251938627431611 0.0037628103324016606 0.0063992873601321403 0.075317915102891639 0.004218650458942287 -0.0023602133673802919 -0.020801294950363702 0.010821800180282233 -0.0072329835785461469 -0.0015305087109322914 0.0037439672445677042 -0.0097242660463337828 0.055883619691718185 -0.0092445023901528544 0.017900954081069485 -0.0015839661875772348 -0.0035918992781485458 0.011062832912707991 0.0051946157712118848 0.0032350784005051132 -0.018038675314604909 0.0049728722998956081 -0.00071401642514442134 -0.0043372923092429502 0.19247572541223268 0.00097648773075315195 0.0012869462006993247
leaf_weight=2283.3768203544896 32.800657227635384 60.738905359990895 6.6675523705780497 853.31824211962521 485.50282040145248 290.51011816156097 3.9607244720682493 622.85059723630548 2961.6531039623078 50.993197530973703 370.25170467142016 148.09596138633788 4032.6021039593033 732.18676959816366 81.551942737773061 31.304673656821251 6.0203213999047867 128.81519828736782 331.43121493374929 2316.5717319855466 326.69941432029009 1639.184183283709 203.64284765999764 45.553994559682906 320.2246514018625 521.51675681769848 594.41100609605201 0.80726809892803331 2725.3597898138687 2447.8188681239262
leaf_count=174067 999 3825 51 23362 20219 25748 190 18536 241978 8862 15966 5163 55888 45544 1722 432 94 2141 6974 69213 3086 25793 9409 1464 5925 6903 78556 52 203854 18694
internal_value=-1.34219e-05 -0.000647239 -0.00502927 -0.00940039 0.00185248 -3.42295e-05 0.00163603 0.00511852 -0.000898779 -0.00267235 0.0115044 0.00201883 0.000536861 0.0015046 0.00383247 0.0215697 0.0453788 0.000282638 -0.00067182 -0.00183012 0.00469397 0.00327774 0.00534979 -0.000653833 0.00868153 0.00376848 0.000580873 0.00691492 2.50457e-05 -0.000466285
internal_weight=24656.4 11458.5 1406.23 859.986 546.242 10052.3 3428.54 1145.16 6623.73 3012.65 374.212 770.947 13197.9 6717.5 2312.38 70.1257 37.325 4405.13 3706.89 3048.76 658.131 2242.25 698.237 249.197 449.04 2160.7 3611.09 291.317 3319.77 6480.42
internal_count=1074710 820429 47457 23413 24044 772972 213922 39855 559050 250840 16156 23699 254281 179699 35943 1525 526 143756 124817 114757 10060 34418 18939 10873 8066 32696 308210 25800 282410 74582
is_linear=0
shrinkage=0.03


Tree=160
num_leaves=31
num_cat=0
split_feature=3 6 3 13 17 6 16 18 1 12 13 4 17 5 13 17 2 17 14 8 9 16 14 16 13 17 9 3 4 6
split_gain=9.59124 18.4185 13.5989 25.6354 20.7974 19.5496 19.0643 13.1342 20.1909 37.9373 21.9457 18.9529 19.1986 16.4374 14.261 13.898 19.518 12.951 15.2725 13.8279 12.5626 24.5384 13.3342 11.2435 10.9989 10.9863 10.8416 10.3993 9.81804 10.0789
threshold=1.2187921558565142 2.6035217405855828 3.0830897537789435 445.50000000000006 -300.6976804097493 4.0231618462989847 0.058961792609546322 2.2013953218972966 0.72918269578977879 308.50000000000006 381.50000000000006 4.8834488988171865 -61.600145966666084 6.4425891606027186 1989.5000000000002 -47.868823941548662 1.9903330792115526 -34.606435394287104 10.102878555590328 106.50530060837782 0.64352971528772895 18.322894696969701 0.74862329154057161 0.65141997187343048 531.50000000000011 -112.40550184249877 0.64681676081409478 0.81276583026517879 1.6992922197746922 1.7584235194281399
decision_type=2 2 2 2 2 2 2 2 2 2 2 2 2 2 2 2 2 2 2 2 2 2 2 2 2 2 2 2 2 2
left_child=1 28 7 4 5 6 -4 15 11 10 -10 14 -13 -11 -9 20 -17 18 25 -20 22 -22 -2 -6 -19 -5 -25 -3 -1 -30
right_child=2 27 3 17 23 -7 -8 8 9 13 -12 12 -14 -15 -16 16 -18 24 19 -21 21 -23 -24 26 -26 -27 -28 -29 29 -31
leaf_value=-0.00046304463418636479 -0.005725675536505416 -0.01208916802787522 0.037859975061326795 -0.0016447019421374338 -0.024095728971921908 0.037238316677285437 0.30400377599385986 0.008985322205077655 0.0017490720182645819 0.0025549866473860024 0.02337537781391167 0.0071834506770109647 -0.0043671169763236086 -0.0045928132381698643 -0.013399893348024676 -0.0086968258865527288 0.0059854858578909419 0.0017371432947975158 0.0046190893502555145 -0.007449528485456062 0.0029800576720676588 -0.0097716995946756455 0.00022504716744062371 0.0052014013783368111 -0.020428581451101806 -0.0062096946771478638 0.054655082448594024 -0.0033574527586241773 0.035459221224202545 0.004991622948188292
leaf_weight=7457.4249880651478 357.71671516331844 141.82090611453168 0.4404273540712883 1524.7796041262336 11.732961100526152 4.8452554370742291 0.53828460536897182 778.98295232420787 78.136808513663709 486.17699648858979 91.899278692901134 238.46722802612931 283.45386704802513 715.9678225228563 26.484423294663429 317.43396208900958 109.62934863939881 29.624567681923509 469.9422843856737 104.43239965289831 2605.4348525907844 143.28460747376084 6442.6281850426458 396.82086816057563 62.982689363881946 688.8234705850482 4.0302118519321075 913.22781817638315 10.422820365754886 156.46084029530175
leaf_count=388036 47892 6521 66 96457 470 397 63 4869 653 3564 532 2073 1592 4430 1207 5623 2113 299 4715 1210 110086 1744 315906 9175 767 13157 91 44636 338 6028
internal_value=-1.333e-05 -0.000816092 0.000422826 -0.00129291 0.00564599 0.0619413 0.184237 0.000869367 0.00272576 0.000173969 0.0134374 0.00536366 0.00091037 -0.00170207 0.00824928 0.000367022 -0.0049278 -0.0023008 -0.00193418 0.00242478 0.000603822 0.00231534 -8.79771e-05 0.00485133 -0.0133379 -0.00306522 0.00569862 -0.00453118 -0.000302 0.0068945
internal_weight=24654 8679.36 15974.7 3298.99 418.408 5.82397 0.978712 12675.7 2699.57 1372.18 170.036 1327.39 521.921 1202.14 805.467 9976.13 427.063 2880.59 2787.98 574.375 9549.06 2748.72 6800.34 412.584 92.6073 2213.6 400.851 1055.05 7624.31 166.884
internal_count=1074710 445559 629151 126867 10262 526 129 502284 18920 9179 1185 9741 3665 7994 6076 483364 7736 116605 115539 5925 475628 111830 363798 9736 1066 109614 9266 51157 394402 6366
is_linear=0
shrinkage=0.03


Tree=161
num_leaves=31
num_cat=0
split_feature=11 12 15 17 12 17 17 17 13 17 12 17 17 9 3 8 18 0 10 11 14 15 11 13 10 17 15 17 3 8
split_gain=9.47031 14.2693 10.5026 31.0639 20.3429 17.6842 17.0332 66.1872 19.4992 19.1895 16.3878 15.5199 13.6458 10.9905 10.6399 9.25315 14.1308 9.0007 8.77106 8.09676 8.01959 7.86473 7.60528 10.2596 6.33036 4.86892 16.1161 11.0468 32.0516 14.3684
threshold=213.58333333333334 176.50000000000003 1.8811200235950236 -116.56556701660155 389.50000000000006 -149.91560745239255 -824.47222900390614 -701.03737053504346 1186.5000000000002 -950.35886637369788 234.50000000000003 -257.93705813089997 -408.66375732421869 0.64352971528772895 2.0917720958091501 11.709041413238237 1.9202739688903776 3.5000000000000004 4.7571603093041217 376.0555555555556 1.1804052868244024 0.63984388234705514 525.02777777777794 424.50000000000006 1.5344259642754792 -72.581338882446275 0.47466077781522681 -57.06400537490844 3.0197896404455555 39.956073404615701
decision_type=2 2 2 2 2 2 2 2 2 2 2 2 2 2 2 2 2 2 2 2 2 2 2 2 2 2 2 2 2 2
left_child=25 15 3 4 12 -6 9 8 -8 13 20 -9 -3 -4 -11 21 22 -12 24 -20 -5 -2 23 -17 -18 -1 -27 28 -28 -30
right_child=1 2 6 10 5 -7 7 11 -10 14 17 -13 -14 -15 -16 16 18 -19 19 -21 -22 -23 -24 -25 -26 26 27 -29 29 -31
leaf_value=-0.015254970920839939 0.029572290450686919 -0.018710484625090406 -0.00010059252380760919 -0.030741680670299809 -0.00075673134338612039 -0.012836318406490655 0.19251489096364457 0.002845818435097108 -0.016218385087026096 0.0092940225689535291 -0.006459784776307864 6.3729697891419255e-05 0.0063522691259938549 0.010824728720662334 0.026348128003524301 0.015697064575676413 0.0063840959331864745 -0.01707293373974714 0.026581338495727129 -0.0015046668231328704 0.0069956064615309772 -0.0038833977392707924 0.035212355623149616 -0.019653986901144602 0.034515880103615164 0.13884154528260373 -0.0010415973162406103 -0.0088088013018881549 0.05430654794847245 0.17835018469101771
leaf_weight=44.963730172254145 7.035639187321066 20.385791230481118 404.29422590276226 5.5249057784676543 6587.1174410788808 110.91150321718305 0.40350113436579604 2077.892208375968 227.63259550579824 124.76243144879118 124.74653639644384 13722.725588998292 477.82189846923575 104.23356463015079 44.728748921304941 11.380505972541867 8.9714735299348813 169.8164568291977 15.212172608822582 23.52236520126462 61.310606961138546 62.514348404482007 4.2982603311538687 21.064731537364423 36.439959593117237 0.70750419935211439 26.24164009932429 119.02859786944464 3.1675575273111454 1.1439501885324714
leaf_count=3396 103 3177 26138 318 568798 4600 24 120165 41392 7258 6749 248288 19905 3829 2441 296 66 5184 87 143 1761 739 59 389 220 45 1909 7016 174 41
internal_value=-1.31197e-05 3.9423e-05 -2.47771e-05 -0.000952757 -0.000521738 -0.000956755 0.000395015 0.000198001 -0.015849 0.00505251 -0.00953529 0.000429594 0.00532674 0.00213878 0.0137946 0.00821929 0.0132351 -0.0125783 0.0200128 0.00952552 0.00387608 -0.000499038 -0.00228649 -0.00725424 0.0289582 -0.0065939 -0.00400267 -0.00467831 0.0114132 0.0872184
internal_weight=24650 24454.7 24264.3 7557.64 7196.24 6698.03 16706.7 16028.7 228.036 678.019 361.399 15800.6 498.208 508.528 169.491 190.439 120.889 294.563 84.146 38.7345 66.8355 69.55 36.7435 32.4452 45.4114 195.253 150.289 149.582 30.5531 4.31151
internal_count=1074710 1062129 1060027 610492 596480 573398 449535 409869 41416 39666 14012 368453 23082 29967 9699 2102 1260 11933 516 230 2079 842 744 685 286 12581 9185 9140 2124 215
is_linear=0
shrinkage=0.03


Tree=162
num_leaves=31
num_cat=0
split_feature=11 16 14 17 13 17 17 17 13 12 16 13 14 0 17 5 17 17 13 11 19 3 19 1 5 13 13 13 11 9
split_gain=9.45384 10.3122 9.27327 9.25054 19.0744 21.7053 20.0953 18.1828 17.3671 36.0953 24.9245 18.6606 16.9566 14.0352 13.7196 12.9267 9.13479 22.8655 19.3057 15.7236 18.8694 13.1144 17.3266 8.90228 16.6602 7.47953 6.52967 4.71695 4.46234 3.57571
threshold=3891.1666666666674 7.0517744964616229 0.25648977793766153 -1234.4096272786458 1709.5000000000002 -1057.0434163411458 -848.47394111828919 -1148.746643066406 1822.5000000000002 1814.5000000000002 1.1025401773165935 2308.5000000000005 1.2675333193513223 20.500000000000004 -591.57517089843736 39.707690470663842 -775.80947570800765 -408.66375732421869 1120.5000000000002 611.51923076923083 3.1524706340303612 2.828672594488737 2.4248077000180888 0.99979526799997787 5.1866283901704096 2817.5000000000005 2495.5000000000005 3906.5000000000005 230.58333333333334 0.90955734839218583
decision_type=2 2 2 2 2 2 2 2 2 2 2 2 2 2 2 2 2 2 2 2 2 2 2 2 2 2 2 2 2 2
left_child=2 27 16 8 6 7 15 -6 9 13 25 -12 -7 -4 -8 -5 18 -18 19 -1 -21 28 -23 26 -25 -10 -20 -2 -19 -29
right_child=1 -3 3 4 5 12 14 -9 10 -11 11 -13 -14 -15 -16 -17 17 21 23 20 -22 22 -24 24 -26 -27 -28 29 -30 -31
leaf_value=-0.025495463191222683 0.048950099287614346 0.058501832037731238 0.018703334568911972 0.0053118887542319736 -0.0012813933316076556 0.0072505639414740782 -0.0032250121368099546 -0.011471397369723659 -0.010618316987126236 0.28409411393184825 0.018135006293589526 0.0028818625537539674 -0.0015862899791854227 0.19947227949553437 0.00034875961527682241 0.13028829106199663 -0.018957226354626981 -0.023116021388586375 -0.012503528359778566 0.0035888206915482895 0.0323408425241547 0.11895529030159595 0.01786142667098186 0.26064229630167673 -0.030245325174894436 0.0065481852884559369 0.051036242408075326 -0.013891068808218209 0.0021947860480140656 0.026708929231889639
leaf_weight=11.949677931144832 1.1280773859471072 1.9152505928650487 29.416637677233673 666.82936140522361 278.64776214538142 210.46995880687609 1022.1190860951319 362.78784399246797 151.39003109163605 0.47712038177996774 79.61335179861635 773.6806031409651 2734.4137193229981 0.39170452579855819 17859.049299546517 0.74568936415016551 98.151850369758904 7.6494824877008787 94.915634786710143 82.604812905890867 27.342923147138208 1.8084815582260478 9.7627223604358715 0.30942181358113785 0.41469578025862575 26.902240792522207 1.4782722019590426 75.449550562305376 34.735381786245853 2.0041889473795882
leaf_count=1785 109 45 3891 46580 26616 17902 109826 36739 23063 55 5373 43745 202484 44 486283 41 19365 559 17786 13935 2040 236 552 52 62 3473 362 8028 3574 105
internal_value=-1.29453e-05 -0.0102771 2.06853e-05 9.28676e-05 -3.28005e-05 -0.00204396 0.000336157 -0.00704473 0.00283081 0.0252223 0.00217343 0.004305 -0.000954723 0.0210788 0.000155296 0.00545149 -0.00468555 -0.0103333 -0.000763164 0.00718706 0.0107392 0.00535465 0.0336615 -0.0107419 0.0940535 -0.00802809 -0.0115291 -0.0119535 -0.00237323 -0.0128405
internal_weight=24648.6 80.4971 24568.1 24196.9 23135.1 3586.32 19548.7 641.436 1061.87 30.2855 1031.59 853.294 2944.88 29.8083 18881.2 667.575 371.123 152.108 219.015 121.897 109.948 53.9561 11.5712 97.118 0.724118 178.292 96.3939 78.5818 42.3849 77.4537
internal_count=1074710 8287 1066423 1006115 926471 283741 642730 63355 79644 3990 75654 49118 220386 3935 596109 46621 60308 24286 36022 17760 15975 4921 788 18262 114 26536 18148 8242 4133 8133
is_linear=0
shrinkage=0.03


Tree=163
num_leaves=31
num_cat=0
split_feature=3 6 8 18 7 12 17 4 16 8 17 14 4 9 6 3 12 14 2 14 8 4 3 1 4 6 12 16 9 12
split_gain=8.90859 17.3612 13.1975 12.0028 19.4439 22.6585 27.7314 16.6774 14.2996 13.7588 13.5932 12.632 12.9148 11.6604 10.4704 13.5855 10.3709 15.5472 10.3389 10.7769 10.0911 10.0762 9.96547 9.31675 9.13332 9.09724 9.03319 8.86896 19.9283 8.52007
threshold=1.2187921558565142 2.6035217405855828 111.77095517870252 2.3689999570449198 0.71866938684426585 397.50000000000006 -34.606435394287104 4.8834488988171865 0.69128873744485142 20.878901786368207 -34.606435394287104 0.8217787889733188 4.8494757364295777 0.29451502605564156 4.4455980578897174 2.3329735842459294 154.50000000000003 14.183534397197727 1.2402378198335338 14.183534397197727 139.83450170789106 5.4880889402064881 0.81276583026517879 0.18292901906340944 1.6992922197746922 1.7584235194281399 342.50000000000006 0.11017255703776796 0.82669903827936031 733.50000000000011
decision_type=2 2 2 2 2 2 2 2 2 2 2 2 2 2 2 2 2 2 2 2 2 2 2 2 2 2 2 2 2 2
left_child=1 24 3 10 7 -6 -7 8 -5 -9 11 23 -13 -4 18 21 17 -12 -15 -20 -17 -16 -3 -2 -1 26 -26 28 -27 -28
right_child=2 22 13 4 5 6 -8 9 -10 -11 16 12 -14 14 15 20 -18 -19 19 -21 -22 -23 -24 -25 25 27 29 -29 -30 -31
leaf_value=-0.00044442019938199486 -0.018165294338812501 -0.011842139115461725 -0.0075412503871091279 0.045792868166095756 0.0071506105672296911 -0.00034843236961495466 -0.017634850240951114 -0.0026652377054988642 0.0085927739453646856 0.0093916975789744023 0.072121512495108717 0.0012958522444051913 -0.00089621235279605535 -0.018482715069957252 -0.009458865637079204 -0.0079768363405674607 -0.011191114931121291 -0.023722141705427649 0.0094187162417085895 -0.00972093783352951 0.0028914908366256117 0.0090382927586250029 -0.003254810769424315 -0.0026527667331116612 0.099856648605691101 0.24967630372430322 -0.016951497244047754 0.0040477387954276269 0.014473924361732608 0.04346268036984538
leaf_weight=7452.7906844385434 36.695436446927488 140.38341928576119 312.56109647871926 9.4580645300447923 327.41842395998538 902.59215541090816 92.039779115468264 267.90795969730243 556.24133693240583 124.89281391445547 3.3639064179733387 8087.8352696353104 3451.1106937236618 15.956165504408999 265.39621463161893 97.202590096741915 124.82730580866337 2.783775495365262 177.93360487581231 31.105412947013974 367.88521231501363 29.445718822535127 910.23415300156921 691.04691060050391 1.5693678078241635 0.42867265245877106 3.2616141452454013 155.39725029328838 1.3304682432208208 5.9036451522260904
leaf_count=388036 4521 6521 10525 119 1919 5975 543 1651 3416 710 77 364163 124939 619 7584 2413 2803 36 6127 264 9435 575 44636 80737 40 77 66 5769 182 232
internal_value=-1.2796e-05 -0.000786958 0.000407404 0.000663765 0.00266397 0.000305315 -0.00194806 0.00591725 0.00921473 0.00116832 0.000295827 0.000398473 0.000640241 -0.00249276 -0.000890648 -0.00257371 -0.00931769 0.0287219 0.00479397 0.0065707 0.000620028 -0.00761156 -0.00440225 -0.00343497 -0.000288539 0.00663112 0.033351 0.004806 0.0717887 0.0219633
internal_weight=24647 8671.3 15975.7 14678.2 2280.55 1322.05 994.632 958.5 565.699 392.801 12397.7 12266.7 11538.9 1297.49 984.925 759.93 130.975 6.14768 224.995 209.039 465.088 294.842 1050.62 727.742 7620.68 167.891 10.7346 157.156 1.75914 9.16526
internal_count=1074710 445559 629151 591609 14333 8437 6518 5896 3535 2361 577276 574360 489102 37542 27017 20007 2916 113 7010 6391 11848 8159 51157 85258 394402 6366 338 6028 259 298
is_linear=0
shrinkage=0.03


Tree=164
num_leaves=31
num_cat=0
split_feature=11 12 15 17 12 17 17 17 7 17 17 12 17 5 5 3 13 3 14 9 15 15 8 14 9 17 2 14 17 18
split_gain=9.04388 13.2661 9.65677 29.7159 18.9486 21.2336 16.1978 62.8202 25.4546 17.6934 16.0702 15.6486 14.829 10.4218 9.60883 10.2735 11.122 9.56075 7.6928 7.1007 6.65637 5.88053 5.59188 6.76762 4.67705 4.30058 9.85972 5.19835 11.2901 22.4329
threshold=213.58333333333334 176.50000000000003 1.8811200235950236 -116.56556701660155 405.50000000000006 -149.91560745239255 -824.47222900390614 -701.03737053504346 0.99981681508431097 -950.35886637369788 -413.77847798665363 234.50000000000003 -257.93705813089997 18.707360240473772 6.0597668410528991 2.1024563606219107 831.50000000000011 2.0917720958091501 1.1804052868244024 0.26597773180465939 1.2754826842517866 0.70051342862975841 165.25206825191651 11.310041206355704 1.4142054198512664 -30.995998541514073 1.6671474345880439 2.4289718072714983 -72.581338882446275 2.3580962620416925
decision_type=2 2 2 2 2 2 2 2 2 2 2 2 2 2 2 2 2 2 2 2 2 2 2 2 2 2 2 2 2 2
left_child=24 14 3 4 10 -6 9 8 -8 13 -3 18 -9 -4 21 16 20 -11 -5 -13 -16 -2 23 -17 25 27 -27 28 -1 -30
right_child=1 2 6 11 5 -7 7 12 -10 17 -12 19 -14 -15 15 22 -18 -19 -20 -21 -22 -23 -24 -25 -26 26 -28 -29 29 -31
leaf_value=-0.012213812611107953 0.03271786712052438 -0.01992478662458682 0.0028744336581729606 -0.03072167597034943 -0.00074049590652216157 -0.014951607853861846 -0.015970108378296974 0.0027688696404719803 0.25257070306085894 0.0089687774481119927 0.0057666879443526208 -0.0071540829365155812 5.2072382124343797e-05 -0.02179554711340629 0.047827022776535354 0.0088376979659031754 -0.0046346654547092343 0.024975646943556012 0.0067201404244306082 -0.016571029437925953 0.021542155085516764 -0.0074311356039943981 0.030174302510042883 -0.0097671462659669958 0.05848664507731681 -0.0039124535462780712 0.07247278186702158 -0.011599539897478119 0.0016250051509770942 0.073811174836977328
leaf_weight=37.520756112411618 3.5670675183646372 22.822011870099232 493.05378723796457 5.3685057787224642 6520.3837500568479 96.019151289947331 223.69874535454437 2082.5543208830059 0.31813064543530245 125.76780565502122 549.65106745553203 130.58170847222209 13723.937814895529 15.908920571207998 11.737326803151516 56.83098488021642 11.517543148249386 45.817659072112292 61.687577969394624 160.81440456677228 33.190738681703806 41.271278405562043 7.4766467791050664 25.488468486815691 0.99279819242656131 6.4203411750495416 1.9929482890293 116.56054048379883 26.162962636910382 4.5480728577822438
leaf_count=2863 74 3753 29238 318 565538 4037 41383 120165 33 7258 23152 6868 248288 729 115 628 95 2441 1761 5065 302 596 77 215 38 307 59 7123 2094 97
internal_value=-1.25646e-05 3.86548e-05 -2.33658e-05 -0.000914025 -0.000493682 -0.000946732 0.000378889 0.000186446 -0.0155887 0.00491195 0.00474248 -0.00934416 0.000410019 0.00210331 0.00791241 0.0116375 0.0216665 0.013243 0.00372255 -0.0123511 0.028409 -0.00423712 0.00533328 0.0030771 -0.00646105 -0.00679479 0.0141818 -0.00774982 -0.00117332 0.0123152
internal_weight=24643.7 24449.5 24258.4 7547.33 7188.88 6616.4 16711.1 16030.5 224.017 680.548 572.473 358.452 15806.5 508.963 191.08 146.242 56.4456 171.585 67.0561 291.396 44.9281 44.8383 89.7961 82.3195 194.198 193.206 8.41329 184.792 68.2318 30.711
internal_count=1074710 1062129 1060027 610492 596480 569575 449535 409869 41416 39666 26905 14012 368453 29967 2102 1432 512 9699 2079 11933 417 670 920 843 12581 12543 366 12177 5054 2191
is_linear=0
shrinkage=0.03


Tree=165
num_leaves=31
num_cat=0
split_feature=11 11 12 15 17 17 17 12 12 17 5 3 9 8 15 9 17 14 17 3 18 14 3 8 17 15 13 13 17 17
split_gain=9.08506 8.66225 12.3112 9.08169 28.4717 19.9666 58.9625 17.6122 14.9613 14.0767 8.96187 9.77646 7.7143 6.62007 5.44131 5.36302 4.54309 14.321 10.2804 26.6975 5.84854 9.10806 6.06291 5.05779 4.13439 4.10016 4.49649 3.46689 3.0257 2.86222
threshold=3891.1666666666674 213.58333333333334 176.50000000000003 1.8811200235950236 -116.56556701660155 -824.47222900390614 -701.03737053504346 382.50000000000006 234.50000000000003 -950.35886637369788 6.0597668410528991 3.0197896404455555 0.89793989930800577 37.139728879813106 0.70051342862975841 0.99038859739245944 -72.581338882446275 0.7039874156128727 -57.06400537490844 3.0197896404455555 1.4156923083158641 1.7505231005574931 2.6287615383853908 64.416798237024423 -55.794345038277754 6.3831650769859669 3906.5000000000005 392.50000000000006 -784.22274727199374 -1013.3460150824652
decision_type=2 2 2 2 2 2 2 2 2 2 2 2 2 2 2 2 2 2 2 2 2 2 2 2 2 2 2 2 2 2
left_child=1 16 10 4 7 9 -7 -4 -6 -5 14 13 25 -12 -3 -14 20 -18 19 -19 21 22 -1 -20 -13 26 -2 -16 29 -28
right_child=12 2 3 5 8 6 -8 -9 -10 -11 11 24 15 -15 27 -17 17 18 23 -21 -22 -23 -24 -25 -26 -27 28 -29 -30 -31
leaf_value=0.0017565948390099531 0.045309137044387798 0.030943439995506118 0.0051617308275785645 0.0029508121266716737 0.0035993438113269402 -0.01530906891904041 0.00040653155072212807 -0.00083901974277907337 -0.012116060511385765 0.013066594616538271 0.010270440243933648 -0.017317332408127065 0.084498610988409051 0.025596700890131635 0.0047915856240570301 0.0013306251713368217 0.1253342932259538 -0.00095210759912746823 -0.010920099586429853 0.076457748285603686 -0.02768690783727874 -0.027410462395844239 0.057158057575357323 0.0076792388359144276 0.0049437640230806804 0.043903914117238027 -0.01388888304103383 -0.013557708148827723 -0.030214915150595906 0.0047155607906719365
leaf_weight=13.106197873596104 1.1814201872330148 3.6570469345897427 471.22064129682258 475.41524440282956 67.2414231877774 217.82144988630898 15805.005808466813 6685.4549625748768 288.19219249486923 167.40161376446486 77.582991420291364 12.079039139673116 1.2645396082662039 37.685851782560349 14.127228163182734 1.5570362429134545 0.76871620584279199 26.159124779514972 102.50809266138822 4.7356777945533386 18.398662348743528 10.18343029823154 2.056785763707011 15.096420484594999 19.844468459486961 1.1669695167802263 57.321191369090222 26.937191961333156 8.7869008786510658 8.5528636840172165
leaf_count=1436 109 74 21447 27001 2079 40769 367389 571989 11933 9133 725 153 46 354 271 72 54 1901 6437 216 852 922 186 577 200 26 5588 325 1601 845
internal_value=-1.23894e-05 2.04496e-05 7.05877e-05 1.05128e-05 -0.000855505 0.000400874 0.000192887 -0.000443909 -0.009143 0.00558515 0.00763896 0.0112124 -0.0101164 0.0152812 -0.00412225 0.0386038 -0.00630994 -0.0038183 -0.00448687 0.0109136 -0.014812 -0.00546619 0.00927154 -0.00853258 -0.00347927 -0.0119015 -0.0127602 -0.00724507 -0.0136791 -0.0114733
internal_weight=24642.5 24562.7 24369.7 24177.8 7512.11 16665.6 16022.8 7156.68 355.434 642.817 191.914 147.192 79.8309 115.269 44.7215 2.82158 193.013 149.268 148.499 30.8948 43.7451 25.3464 15.163 117.605 31.9235 77.0093 75.8424 41.0644 74.661 65.8741
internal_count=1074710 1066423 1053842 1051740 607448 444292 408158 593436 14012 36134 2102 1432 8287 1079 670 118 12581 9185 9131 2117 3396 2544 1622 7014 353 8169 8143 596 8034 6433
is_linear=0
shrinkage=0.03


Tree=166
num_leaves=31
num_cat=0
split_feature=13 17 17 15 11 17 5 16 16 17 17 17 13 16 17 17 9 17 16 13 15 11 6 9 2 17 16 13 11 15
split_gain=8.83954 19.4125 24.3005 19.8 23.1702 27.5535 18.0829 17.7084 17.1639 20.9779 20.8649 15.1214 15.7103 15.1123 41.3141 15.0479 14.7301 16.0791 14.2878 13.9774 13.2951 22.0033 12.7625 12.7189 11.3016 11.1138 22.0116 70.6446 20.0192 14.7541
threshold=1709.5000000000002 -824.47222900390614 -591.57517089843736 0.2678949320071296 1048.5192307692309 -657.88910522460924 45.996040365589458 4.1288501563536437 0.78104382716049392 -1219.4234863281247 -1057.0434163411458 -875.63865966796868 1071.5000000000002 1.4528055391074985 -784.22274727199374 -784.22274727199374 0.58250351636923425 -1123.4234873453772 1.3034069976739036 2291.5000000000005 1.4188161481276753 2583.1652173913049 29.739105310822705 0.61723788158043857 1.1489111008270798 -61.600145966666084 10.700102986673015 646.50000000000011 799.02380952380963 16.486278888888894
decision_type=2 2 2 2 2 2 2 2 2 2 2 2 2 2 2 2 2 2 2 2 2 2 2 2 2 2 2 2 2 2
left_child=1 6 3 -3 5 -5 11 -6 -2 19 16 18 22 14 -12 -15 -11 -18 -1 -10 24 -22 -13 -20 -21 26 28 -28 -4 -27
right_child=8 2 25 4 7 -7 -8 -9 9 10 13 12 -14 15 -16 -17 17 -19 23 20 21 -23 -24 -25 -26 29 27 -29 -30 -31
leaf_value=-0.00016124811939830533 -0.012644783132750715 -0.015687483097077865 0.0013643011488458346 0.013710636773211288 -0.0057096682529061684 -0.0094909314031119286 0.14522933736560309 0.090033916471231032 0.011942850705489299 -0.010015197432795622 -0.0015063861424930553 0.031113295011534949 0.008935352763120628 0.0022401525499846555 0.028213574564335122 -0.002863135013832127 0.009878702135593791 -0.0096443313886028885 0.01342514331645152 -0.0055981017319500044 0.018473577130066664 0.0019293648989107514 0.12855765876742481 0.00098687207597720106 0.0042962892462790163 -0.0020469771068116309 -0.013531881401090344 0.0061402688861335927 -0.0012252361499505491 0.0013097788093880641
leaf_weight=502.10611256910488 114.64158636354841 123.41214779531583 6572.1193140544929 137.62656282261014 703.68594195879996 69.243583392351866 0.82126315403729577 1.7429162159096439 131.72442645952106 431.8288458539173 150.74598063807935 22.320900200866166 91.300177224446088 696.151065192651 58.40654094144702 2055.3425191980787 81.880447138566524 70.794054802507162 172.67013049684465 298.14898147620261 88.856355972588062 389.47244319086894 1.2789777275174845 129.46757679153234 159.46836878429167 3332.185947147198 184.50050179287791 1500.0090759005398 4544.9601851846091 1823.2773863011971
leaf_count=59736 22236 20793 217589 15692 75569 7827 31 153 10572 45961 13231 2411 6669 51544 5496 152481 6285 5780 8420 25248 3732 19312 44 4421 12554 48817 1486 15555 201421 13644
internal_value=-1.21846e-05 0.000264677 5.85247e-05 -0.00440968 -0.00288407 0.00594461 0.00452071 -0.00547311 -0.00117836 -0.000893392 -0.00200364 0.00439499 0.0145753 -0.000981023 0.00679301 -0.00157196 -0.00718343 0.000826014 0.00294056 0.00279314 0.00150541 0.00500269 0.0363942 0.00809528 -0.00215015 0.000316238 0.000789864 0.00398562 0.000305629 -0.000859829
internal_weight=24640.2 19912.7 18992.8 1035.71 912.299 206.87 919.965 705.429 4727.46 4612.82 3545.15 919.144 114.9 2960.65 209.153 2751.49 584.503 152.675 804.244 1067.67 935.946 478.329 23.5999 302.138 457.617 17957.1 12801.6 1684.51 11117.1 5155.46
internal_count=1074710 700278 618546 120034 99241 23519 81732 75722 374432 352196 280778 81701 9124 222752 18727 204025 58026 12065 72577 71418 60846 23044 2455 12841 37802 498512 436051 17041 419010 62461
is_linear=0
shrinkage=0.03


Tree=167
num_leaves=31
num_cat=0
split_feature=11 16 8 9 8 3 3 12 16 17 12 18 6 6 3 17 12 12 17 17 10 18 15 17 6 2 2 17 15 1
split_gain=8.64742 9.00273 8.52033 17.9143 21.0805 11.6721 14.1109 26.4327 32.5691 30.4355 15.5648 15.0999 13.446 10.0026 9.52293 9.10248 15.8742 8.98638 8.07195 6.93103 6.83191 14.4338 6.39758 17.077 16.9697 5.94789 5.4521 5.04098 4.75866 6.46366
threshold=3891.1666666666674 7.0517744964616229 111.77095517870252 0.99038859739245944 919.41414194555443 1.4285394201154988 1.9628683462677552 421.50000000000006 16.70309435626103 -34.606435394287104 615.50000000000011 2.5165150969317471 41.706769037169416 4.4455980578897174 2.3102692649168706 -40.424762677173213 487.50000000000006 607.50000000000011 -40.424762677173213 -34.606435394287104 3.0314027794284062 2.1336666398578221 19.193128787878788 -59.333111445109047 31.723006996512286 0.36337856869734414 2.8672851377673862 -43.294536227271664 10.175971148684917 0.9982671626331413
decision_type=2 2 2 2 2 2 2 2 2 2 2 2 2 2 2 2 2 2 2 2 2 2 2 2 2 2 2 2 2 2
left_child=2 -2 5 4 15 12 10 8 -8 -9 11 -7 22 19 -15 17 -17 -4 -12 25 27 -22 23 -1 -24 -5 -16 -14 -6 -30
right_child=1 -3 3 13 28 6 7 9 -10 -11 18 -13 20 14 26 16 -18 -19 -20 -21 21 -23 24 -25 -26 -27 -28 -29 29 -31
leaf_value=-0.00019658589075230711 -0.011572066151205693 0.052117087471018793 -0.0069579230073382936 -0.015677127475180474 -0.01717522590841717 -0.0018010397773373316 0.004562712894787011 -0.0005582300584011697 -0.0057482460519411816 -0.017019218955896302 0.0037341186171704821 0.0060122270228738827 -0.01174381083992395 -0.010412936252009146 0.0088859225248963686 0.014399748863910846 -0.0087426305642542852 -0.00073033079003418083 -0.0075865826223437752 -0.014030651963521216 -0.025309418448400602 0.042232492573948038 0.0017187252230159405 -0.0042060051524748787 0.043830131593466701 0.0059516229208547086 -0.020062594994576667 0.010797675644689178 0.01632022295373271 -0.013830837240807874
leaf_weight=7365.6046987038571 76.983239750610664 2.0507047697901717 398.5278805277776 11.77972941403277 124.0953828105703 1185.0659155568574 1821.2845281169284 7051.0529322356451 324.890524642542 102.56114073097706 2704.9450611062348 274.10451900586486 154.53191905654967 92.059605270624161 48.246082038385794 68.591442707926035 43.652909725904465 437.43887425912544 57.899144737049937 17.335530633106828 4.9751062421128136 6.6589631233364344 711.3523654602468 1098.6814161790535 8.7178112398833019 400.3881109575741 6.6641460275277487 9.4763196725398284 9.6920231664553302 18.833985636010766
leaf_count=445390 8242 45 7993 418 5466 28726 40057 315624 3186 1128 144565 1317 7393 2400 1380 795 416 19202 434 210 169 39 5596 20816 60 13074 174 74 111 210
internal_value=-1.21046e-05 -0.00991951 1.97786e-05 -0.00204409 -0.00428769 0.000171066 0.000734797 8.18113e-05 0.00300183 -0.000794231 0.00217312 -0.000333321 -0.00064332 0.00224027 -0.00451521 -0.00262214 0.00539945 -0.00369919 0.00349688 0.0045519 -0.00886554 0.0133494 -0.000486078 -0.000717017 0.00222856 0.00533347 0.0053726 -0.0104414 -0.0146354 -0.00358669
internal_weight=24638.1 79.0339 24559.1 1677.31 1100.83 22881.8 13521.8 9299.79 2146.18 7153.61 4222.01 1459.17 9360 576.473 146.97 948.211 112.244 835.967 2762.84 429.503 175.642 11.6341 9184.36 8464.29 720.07 412.168 54.9102 164.008 152.621 28.526
internal_count=1074710 8287 1066423 51849 34193 1014574 535037 359995 43243 316752 175042 30043 479537 17656 3954 28406 1211 27195 144999 13702 7675 208 471862 466206 5656 13492 1554 7467 5787 321
is_linear=0
shrinkage=0.03


Tree=168
num_leaves=31
num_cat=0
split_feature=13 17 17 15 11 17 14 16 17 13 11 5 13 17 13 11 14 16 15 9 16 17 17 14 17 14 11 13 16 13
split_gain=8.45737 18.0161 23.0528 19.0935 18.1098 29.8251 17.5181 16.41 20.0432 20.4176 20.2773 15.2268 15.0929 13.9183 14.0879 13.5126 13.4408 13.2333 13.0742 11.7838 10.9703 10.9116 22.0548 16.1205 10.0222 25.4316 54.7606 14.7773 14.3126 15.1178
threshold=1709.5000000000002 -824.47222900390614 -591.57517089843736 0.15238864046973807 1115.9360269360272 -657.88910522460924 3.6873450058072015 0.81534710093288421 -1270.4196341378345 1822.5000000000002 1755.0526315789477 45.996040365589458 2291.5000000000005 -875.63865966796868 1120.5000000000002 3219.1428571428573 4.9906453900709229 1.3034069976739036 1.4188161481276753 0.61723788158043857 1.0882091751653022 -1074.9982035319008 -1148.746643066406 1.2675333193513223 -61.600145966666084 10.665175298853356 572.05555555555566 805.50000000000011 4.9278144658936727 494.50000000000006
decision_type=2 2 2 2 2 2 2 2 2 2 2 2 2 2 2 2 2 2 2 2 2 2 2 2 2 2 2 2 2 2
left_child=1 11 3 -3 5 -5 -6 -2 9 10 -9 13 20 17 -15 21 -17 -1 -14 -19 -11 22 -10 -23 25 27 -27 -4 29 -26
right_child=7 2 24 4 6 -7 -8 8 15 12 -12 -13 18 14 -16 16 -18 19 -20 -21 -22 23 -24 -25 28 26 -28 -29 -30 -31
leaf_value=-0.00016460746602480245 -0.011625102888348116 -0.017420987376991021 0.0013644541162550097 0.0084285930393452127 -0.0064122645364871264 -0.01129329966569532 0.078232011042249028 -0.0010316543407181461 9.15981760788595e-05 -0.00025982580997663545 0.18376231887215988 0.12705578496976497 -0.0021520030614399482 0.031773700321855433 0.0078257614404347309 -0.011742583089681662 0.017413857143643713 0.012841241125723594 0.0054190507986368883 0.00091029738776177279 0.021606130997303241 0.0070924979353387749 -0.01154697972855874 -0.0012982725807072738 -0.0054400767884552051 -0.015828325246065183 0.0068255215816463788 -0.00077909361545388308 -0.00046102633663486729 -0.030332550170326399
leaf_weight=502.1606988098938 130.94491606834345 91.029974665958434 5972.1267997007817 233.81398970470764 606.48484534886666 97.911958450684324 2.2085758571047327 1.0217352490872138 327.3763345181942 30.916391337290406 1.1204717252403495 0.90925098117440839 414.21098246611655 29.653180986642838 86.887738136108965 182.48406487843022 15.433294393355025 174.94615599606186 406.97224398888648 129.767623109743 62.188021503388882 223.36181354615837 265.2772515215911 2662.0530354110524 211.46412978228182 105.07296914234757 1116.3840001001954 5616.699642887339 4912.2354358136654 24.502448383718729
leaf_count=59736 24795 16312 196597 26329 66032 11148 213 86 27293 2992 83 31 34231 2860 6264 22373 625 8420 18907 4421 4040 18971 27067 192969 10794 848 10292 228314 50888 779
internal_value=-1.18916e-05 0.000258805 5.97285e-05 -0.00430173 -0.00303182 0.0026075 -0.00610514 -0.00115318 -0.000854593 0.00311478 0.095624 0.00434877 0.00289803 0.00422794 0.0139192 -0.00184416 -0.00946901 0.00282819 0.00160015 0.00776024 0.0143453 -0.00141028 -0.00511794 -0.000648738 0.00031023 0.00075951 0.00487678 0.000325551 -0.000807714 -0.00802488
internal_weight=24637.6 19914.3 18989.9 1031.45 940.419 331.726 608.693 4723.36 4592.42 916.43 2.14221 924.325 914.288 923.415 116.541 3675.99 197.917 806.874 821.183 304.714 93.1044 3478.07 592.654 2885.41 17958.5 12810.3 1221.46 11588.8 5148.2 235.967
internal_count=1074710 700278 618546 120034 103722 37477 66245 374432 349637 60339 169 81732 60170 81701 9124 289298 22998 72577 53138 12841 7032 266300 54360 211940 498512 436051 11140 424911 62461 11573
is_linear=0
shrinkage=0.03


Tree=169
num_leaves=31
num_cat=0
split_feature=12 16 17 0 12 13 3 13 17 13 17 13 17 17 13 17 2 7 3 8 0 16 15 17 15 17 6 17 6 3
split_gain=8.21257 8.31 14.7225 15.2151 22.8986 12.5742 11.5588 11.3304 19.3757 10.67 18.1115 14.4272 13.0302 12.2039 11.7869 11.6942 9.44479 12.7065 9.29025 9.07858 8.66866 16.2844 12.0123 8.24202 12.0792 7.75244 7.52399 7.25725 6.25411 5.84209
threshold=3355.5000000000005 1.3034069976739036 -1316.9267054966515 3.5000000000000004 1883.5000000000002 2415.5000000000005 0.90846025631914573 1698.5000000000002 -893.18625386555971 2146.5000000000005 -792.6698924473352 2817.5000000000005 -1657.6433105468748 -1162.7569928850444 1311.5000000000002 -1068.5440979003904 1.3226895539693706 0.72242685939300832 2.7780660799490593 111.77095517870252 10.500000000000002 1.4528055391074985 3.8151703125000003 -1507.0461853027343 3.7044522987087758 -2321.7399611700143 18.351673497202636 -2321.7399611700143 52.592042377003985 2.4965521918411597
decision_type=2 2 2 2 2 2 2 2 2 2 2 2 2 2 2 2 2 2 2 2 2 2 2 2 2 2 2 2 2 2
left_child=1 9 3 4 -3 -6 -5 8 18 12 11 27 -1 14 -14 -15 17 -12 -4 -10 22 -22 -9 24 28 -8 -13 -11 29 -2
right_child=23 2 7 6 5 -7 25 20 19 10 16 26 13 15 -16 -17 -18 -19 -20 -21 21 -23 -24 -25 -26 -27 -28 -29 -30 -31
leaf_value=-0.030096321123145628 -0.0074024102415301985 0.1298795965050363 0.0064216607854725421 -0.030898690553532244 0.032166224598734909 0.0083318342378908786 -0.018346511343769568 -0.0036329433436572984 0.00049190260422436695 0.029970641480219513 0.031493055524928044 0.0074071329917612515 -0.011801498069838011 -0.0092820968740334794 0.0086136124510669248 -0.00082758453719660591 -0.030410955062059406 0.13671879014690383 0.024112932853850407 -0.0020579559691057338 0.026045011553486493 0.00017131904834276343 0.0015360109072202473 -0.013464439857628884 0.049433148679580256 0.003685201612091682 -0.030251237095790792 -0.013666498067437301 0.079968227078887053 0.014426955742258158
leaf_weight=13.703252021688966 62.658493379596621 1.4944267496466626 239.94565556570888 9.4878757982514781 23.415945021435618 133.4800942982547 15.058203001972286 1836.551359141944 16120.717969120713 3.494398236507549 5.8134254273027164 54.109461459564045 29.306276036892086 158.69433907023631 193.58135023340583 2040.7046852437779 1.6057339468970893 1.2559579415246842 30.06178614962846 1362.9381988858804 22.318118426483124 1148.0930270457175 518.97952188714407 81.559402815997601 4.2242517787963143 316.45432686479762 5.2370906989090136 186.30536842858419 0.81543703563511272 13.392181399744002
leaf_count=4515 6424 70 9953 412 1235 6845 1566 163993 443675 906 433 5999 4898 20889 24335 193865 124 83 1338 30153 1767 72338 24392 10725 45 15566 708 26190 66 1202
internal_value=-1.17965e-05 3.2858e-05 0.00022728 0.00531888 0.0130022 0.011889 0.00175006 0.00010779 0.000416291 -0.00153901 -0.00734261 -0.00882632 -0.000924763 -0.000759735 0.00592934 -0.00143761 0.0352691 0.0501876 0.00839135 0.000293128 -0.00144556 0.000664695 -0.0024941 -0.00673066 4.20723e-05 0.00268446 0.00408394 -0.0128631 -0.00267226 -0.00355836
internal_weight=24635.5 24472.8 21779 499.391 158.39 156.896 341 21279.6 17753.7 2693.81 257.821 249.146 2435.99 2422.29 222.888 2199.4 8.67512 7.06938 270.007 17483.7 3525.94 1170.41 2355.53 162.65 81.0904 331.513 59.3466 189.8 76.8661 76.0507
internal_count=1074710 1056248 773303 25694 8150 8080 17544 747609 485119 282945 34443 33803 248502 243987 29233 214754 640 516 11291 473828 262490 74105 188385 18462 7737 17132 6707 27096 7692 7626
is_linear=0
shrinkage=0.03


end of trees

feature_importances:
mean_dog_response=1234
max_raw_intensity=507
mean_raw_intensity=465
mean_sigma_z=365
min_raw_intensity=350
mean_local_snr=339
max_local_snr=337
min_local_snr=240
mean_step_um=230
step_velocity_cv=191
net_velocity_um=121
trajectory_aspect_ratio=113
directed_motion_index=104
total_disp_um=94
mean_sigma_xy=80
track_length=76
path_length_um=73
straightness_ratio=72
max_step_um=65
confinement_ratio=44

parameters:
[boosting: gbdt]
[objective: binary]
[metric: auc]
[tree_learner: serial]
[device_type: cpu]
[data_sample_strategy: bagging]
[data: ]
[valid: ]
[num_iterations: 170]
[learning_rate: 0.03]
[num_leaves: 31]
[num_threads: 24]
[seed: 42]
[deterministic: 0]
[force_col_wise: 0]
[force_row_wise: 0]
[histogram_pool_size: -1]
[max_depth: 6]
[min_data_in_leaf: 50]
[min_sum_hessian_in_leaf: 0.001]
[bagging_fraction: 0.8]
[pos_bagging_fraction: 1]
[neg_bagging_fraction: 1]
[bagging_freq: 0]
[bagging_seed: 400]
[bagging_by_query: 0]
[feature_fraction: 0.8]
[feature_fraction_bynode: 1]
[feature_fraction_seed: 30056]
[extra_trees: 0]
[extra_seed: 12879]
[early_stopping_round: 0]
[early_stopping_min_delta: 0]
[first_metric_only: 0]
[max_delta_step: 0]
[lambda_l1: 0]
[lambda_l2: 0]
[linear_lambda: 0]
[min_gain_to_split: 0]
[drop_rate: 0.1]
[max_drop: 50]
[skip_drop: 0.5]
[xgboost_dart_mode: 0]
[uniform_drop: 0]
[drop_seed: 17869]
[top_rate: 0.2]
[other_rate: 0.1]
[min_data_per_group: 100]
[max_cat_threshold: 32]
[cat_l2: 10]
[cat_smooth: 10]
[max_cat_to_onehot: 4]
[top_k: 20]
[monotone_constraints: ]
[monotone_constraints_method: basic]
[monotone_penalty: 0]
[feature_contri: ]
[forcedsplits_filename: ]
[refit_decay_rate: 0.9]
[cegb_tradeoff: 1]
[cegb_penalty_split: 0]
[cegb_penalty_feature_lazy: ]
[cegb_penalty_feature_coupled: ]
[path_smooth: 0]
[interaction_constraints: ]
[verbosity: -1]
[saved_feature_importance_type: 0]
[use_quantized_grad: 0]
[num_grad_quant_bins: 4]
[quant_train_renew_leaf: 0]
[stochastic_rounding: 1]
[linear_tree: 0]
[max_bin: 255]
[max_bin_by_feature: ]
[min_data_in_bin: 3]
[bin_construct_sample_cnt: 200000]
[data_random_seed: 175]
[is_enable_sparse: 1]
[enable_bundle: 1]
[use_missing: 1]
[zero_as_missing: 0]
[feature_pre_filter: 1]
[pre_partition: 0]
[two_round: 0]
[header: 0]
[label_column: ]
[weight_column: ]
[group_column: ]
[ignore_column: ]
[categorical_feature: ]
[forcedbins_filename: ]
[precise_float_parser: 0]
[parser_config_file: ]
[objective_seed: 16083]
[num_class: 1]
[is_unbalance: 0]
[scale_pos_weight: 1]
[sigmoid: 1]
[boost_from_average: 1]
[reg_sqrt: 0]
[alpha: 0.9]
[fair_c: 1]
[poisson_max_delta_step: 0.7]
[tweedie_variance_power: 1.5]
[lambdarank_truncation_level: 30]
[lambdarank_norm: 1]
[label_gain: ]
[lambdarank_position_bias_regularization: 0]
[eval_at: ]
[multi_error_top_k: 1]
[auc_mu_weights: ]
[num_machines: 1]
[local_listen_port: 12400]
[time_out: 120]
[machine_list_filename: ]
[machines: ]
[gpu_platform_id: -1]
[gpu_device_id: -1]
[gpu_device_id_list: ]
[gpu_use_dp: 0]
[num_gpu: 1]

end of parameters

pandas_categorical:[]
