dataset,source_id,target_id
44b6_87bba6c4,0,166
44b6_87bba6c4,1,157
44b6_87bba6c4,2,161
44b6_87bba6c4,3,160
44b6_87bba6c4,4,158
44b6_87bba6c4,5,220
44b6_87bba6c4,6,178
44b6_87bba6c4,7,156
44b6_87bba6c4,8,211
44b6_87bba6c4,9,167
44b6_87bba6c4,10,163
44b6_87bba6c4,11,164
44b6_87bba6c4,12,186
44b6_87bba6c4,13,184
44b6_87bba6c4,15,165
44b6_87bba6c4,16,193
44b6_87bba6c4,17,177
44b6_87bba6c4,18,176
44b6_87bba6c4,19,169
44b6_87bba6c4,20,179
44b6_87bba6c4,21,174
44b6_87bba6c4,22,172
44b6_87bba6c4,23,192
44b6_87bba6c4,24,294
44b6_87bba6c4,25,180
44b6_87bba6c4,26,188
44b6_87bba6c4,27,198
44b6_87bba6c4,28,210
44b6_87bba6c4,29,189
44b6_87bba6c4,30,170
44b6_87bba6c4,31,173
44b6_87bba6c4,32,185
44b6_87bba6c4,33,201
44b6_87bba6c4,34,194
44b6_87bba6c4,35,214
44b6_87bba6c4,36,203
44b6_87bba6c4,37,204
44b6_87bba6c4,41,286
44b6_87bba6c4,42,159
44b6_87bba6c4,43,182
44b6_87bba6c4,44,231
44b6_87bba6c4,45,206
44b6_87bba6c4,46,187
44b6_87bba6c4,47,239
44b6_87bba6c4,48,233
44b6_87bba6c4,49,196
44b6_87bba6c4,50,218
44b6_87bba6c4,51,225
44b6_87bba6c4,52,208
44b6_87bba6c4,53,223
44b6_87bba6c4,54,207
44b6_87bba6c4,55,243
44b6_87bba6c4,56,183
44b6_87bba6c4,57,209
44b6_87bba6c4,58,228
44b6_87bba6c4,59,240
44b6_87bba6c4,60,199
44b6_87bba6c4,61,249
44b6_87bba6c4,62,191
44b6_87bba6c4,63,217
44b6_87bba6c4,64,242
44b6_87bba6c4,65,270
44b6_87bba6c4,66,253
44b6_87bba6c4,67,238
44b6_87bba6c4,68,229
44b6_87bba6c4,69,290
44b6_87bba6c4,70,280
44b6_87bba6c4,72,213
44b6_87bba6c4,73,245
44b6_87bba6c4,74,227
44b6_87bba6c4,75,205
44b6_87bba6c4,76,168
44b6_87bba6c4,77,265
44b6_87bba6c4,78,202
44b6_87bba6c4,79,219
44b6_87bba6c4,80,257
44b6_87bba6c4,81,200
44b6_87bba6c4,83,181
44b6_87bba6c4,84,258
44b6_87bba6c4,85,230
44b6_87bba6c4,86,215
44b6_87bba6c4,87,268
44b6_87bba6c4,88,274
44b6_87bba6c4,89,247
44b6_87bba6c4,90,289
44b6_87bba6c4,92,267
44b6_87bba6c4,93,269
44b6_87bba6c4,94,304
44b6_87bba6c4,95,271
44b6_87bba6c4,97,262
44b6_87bba6c4,98,281
44b6_87bba6c4,99,297
44b6_87bba6c4,100,276
44b6_87bba6c4,101,212
44b6_87bba6c4,102,312
44b6_87bba6c4,103,273
44b6_87bba6c4,104,171
44b6_87bba6c4,106,251
44b6_87bba6c4,107,288
44b6_87bba6c4,108,255
44b6_87bba6c4,109,260
44b6_87bba6c4,110,303
44b6_87bba6c4,111,278
44b6_87bba6c4,113,232
44b6_87bba6c4,114,246
44b6_87bba6c4,115,310
44b6_87bba6c4,117,237
44b6_87bba6c4,118,195
44b6_87bba6c4,119,221
44b6_87bba6c4,120,279
44b6_87bba6c4,121,292
44b6_87bba6c4,122,254
44b6_87bba6c4,123,261
44b6_87bba6c4,124,277
44b6_87bba6c4,125,263
44b6_87bba6c4,127,266
44b6_87bba6c4,128,299
44b6_87bba6c4,130,216
44b6_87bba6c4,132,293
44b6_87bba6c4,133,300
44b6_87bba6c4,134,301
44b6_87bba6c4,135,264
44b6_87bba6c4,137,298
44b6_87bba6c4,138,272
44b6_87bba6c4,139,285
44b6_87bba6c4,142,307
44b6_87bba6c4,143,306
44b6_87bba6c4,146,287
44b6_87bba6c4,147,311
44b6_87bba6c4,148,314
44b6_87bba6c4,149,302
44b6_87bba6c4,151,282
44b6_87bba6c4,152,305
44b6_87bba6c4,153,313
44b6_87bba6c4,154,315
44b6_87bba6c4,155,318
44b6_87bba6c4,156,324
44b6_87bba6c4,157,323
44b6_87bba6c4,158,322
44b6_87bba6c4,159,328
44b6_87bba6c4,160,332
44b6_87bba6c4,161,338
44b6_87bba6c4,162,336
44b6_87bba6c4,163,327
44b6_87bba6c4,164,329
44b6_87bba6c4,165,354
44b6_87bba6c4,166,343
44b6_87bba6c4,167,333
44b6_87bba6c4,168,360
44b6_87bba6c4,169,335
44b6_87bba6c4,170,331
44b6_87bba6c4,171,362
44b6_87bba6c4,172,401
44b6_87bba6c4,173,353
44b6_87bba6c4,174,340
44b6_87bba6c4,175,334
44b6_87bba6c4,176,349
44b6_87bba6c4,177,345
44b6_87bba6c4,178,410
44b6_87bba6c4,179,357
44b6_87bba6c4,180,356
44b6_87bba6c4,182,330
44b6_87bba6c4,183,337
44b6_87bba6c4,184,386
44b6_87bba6c4,185,341
44b6_87bba6c4,186,344
44b6_87bba6c4,187,385
44b6_87bba6c4,188,384
44b6_87bba6c4,189,364
44b6_87bba6c4,190,325
44b6_87bba6c4,191,390
44b6_87bba6c4,192,358
44b6_87bba6c4,193,347
44b6_87bba6c4,194,371
44b6_87bba6c4,195,363
44b6_87bba6c4,197,346
44b6_87bba6c4,198,418
44b6_87bba6c4,199,351
44b6_87bba6c4,200,367
44b6_87bba6c4,201,350
44b6_87bba6c4,202,374
44b6_87bba6c4,205,369
44b6_87bba6c4,207,352
44b6_87bba6c4,208,372
44b6_87bba6c4,209,409
44b6_87bba6c4,210,361
44b6_87bba6c4,211,348
44b6_87bba6c4,212,432
44b6_87bba6c4,214,370
44b6_87bba6c4,215,375
44b6_87bba6c4,216,437
44b6_87bba6c4,217,368
44b6_87bba6c4,218,414
44b6_87bba6c4,219,424
44b6_87bba6c4,220,359
44b6_87bba6c4,221,387
44b6_87bba6c4,222,428
44b6_87bba6c4,223,373
44b6_87bba6c4,224,379
44b6_87bba6c4,225,383
44b6_87bba6c4,227,376
44b6_87bba6c4,228,388
44b6_87bba6c4,230,395
44b6_87bba6c4,231,382
44b6_87bba6c4,232,406
44b6_87bba6c4,233,399
44b6_87bba6c4,234,365
44b6_87bba6c4,235,355
44b6_87bba6c4,236,407
44b6_87bba6c4,237,398
44b6_87bba6c4,238,427
44b6_87bba6c4,239,400
44b6_87bba6c4,240,391
44b6_87bba6c4,241,417
44b6_87bba6c4,242,472
44b6_87bba6c4,243,422
44b6_87bba6c4,244,408
44b6_87bba6c4,245,366
44b6_87bba6c4,246,445
44b6_87bba6c4,247,380
44b6_87bba6c4,248,419
44b6_87bba6c4,249,416
44b6_87bba6c4,250,420
44b6_87bba6c4,251,435
44b6_87bba6c4,252,426
44b6_87bba6c4,253,461
44b6_87bba6c4,254,413
44b6_87bba6c4,255,443
44b6_87bba6c4,257,452
44b6_87bba6c4,258,421
44b6_87bba6c4,259,392
44b6_87bba6c4,262,404
44b6_87bba6c4,263,467
44b6_87bba6c4,264,433
44b6_87bba6c4,266,451
44b6_87bba6c4,268,434
44b6_87bba6c4,269,444
44b6_87bba6c4,270,431
44b6_87bba6c4,271,429
44b6_87bba6c4,272,377
44b6_87bba6c4,273,430
44b6_87bba6c4,274,442
44b6_87bba6c4,275,405
44b6_87bba6c4,276,453
44b6_87bba6c4,277,447
44b6_87bba6c4,278,446
44b6_87bba6c4,280,466
44b6_87bba6c4,281,464
44b6_87bba6c4,282,457
44b6_87bba6c4,284,403
44b6_87bba6c4,285,436
44b6_87bba6c4,287,471
44b6_87bba6c4,288,455
44b6_87bba6c4,290,415
44b6_87bba6c4,291,423
44b6_87bba6c4,292,459
44b6_87bba6c4,293,485
44b6_87bba6c4,296,440
44b6_87bba6c4,297,402
44b6_87bba6c4,298,470
44b6_87bba6c4,299,476
44b6_87bba6c4,300,465
44b6_87bba6c4,301,456
44b6_87bba6c4,302,463
44b6_87bba6c4,304,458
44b6_87bba6c4,305,460
44b6_87bba6c4,306,475
44b6_87bba6c4,307,448
44b6_87bba6c4,308,468
44b6_87bba6c4,312,454
44b6_87bba6c4,313,438
44b6_87bba6c4,315,474
44b6_87bba6c4,322,496
44b6_87bba6c4,323,493
44b6_87bba6c4,324,491
44b6_87bba6c4,325,492
44b6_87bba6c4,326,490
44b6_87bba6c4,327,498
44b6_87bba6c4,328,502
44b6_87bba6c4,329,505
44b6_87bba6c4,330,510
44b6_87bba6c4,331,512
44b6_87bba6c4,332,500
44b6_87bba6c4,333,497
44b6_87bba6c4,334,501
44b6_87bba6c4,335,508
44b6_87bba6c4,336,544
44b6_87bba6c4,337,511
44b6_87bba6c4,338,499
44b6_87bba6c4,339,495
44b6_87bba6c4,340,506
44b6_87bba6c4,341,516
44b6_87bba6c4,342,537
44b6_87bba6c4,343,515
44b6_87bba6c4,344,545
44b6_87bba6c4,345,521
44b6_87bba6c4,346,526
44b6_87bba6c4,347,529
44b6_87bba6c4,348,507
44b6_87bba6c4,349,562
44b6_87bba6c4,350,538
44b6_87bba6c4,351,584
44b6_87bba6c4,352,534
44b6_87bba6c4,353,596
44b6_87bba6c4,354,514
44b6_87bba6c4,355,554
44b6_87bba6c4,356,530
44b6_87bba6c4,357,524
44b6_87bba6c4,358,536
44b6_87bba6c4,359,518
44b6_87bba6c4,360,535
44b6_87bba6c4,361,541
44b6_87bba6c4,362,509
44b6_87bba6c4,363,519
44b6_87bba6c4,364,533
44b6_87bba6c4,365,528
44b6_87bba6c4,366,578
44b6_87bba6c4,367,563
44b6_87bba6c4,368,531
44b6_87bba6c4,369,520
44b6_87bba6c4,370,542
44b6_87bba6c4,371,532
44b6_87bba6c4,372,540
44b6_87bba6c4,373,568
44b6_87bba6c4,374,556
44b6_87bba6c4,375,550
44b6_87bba6c4,376,522
44b6_87bba6c4,377,527
44b6_87bba6c4,378,594
44b6_87bba6c4,379,560
44b6_87bba6c4,382,559
44b6_87bba6c4,383,551
44b6_87bba6c4,384,549
44b6_87bba6c4,385,557
44b6_87bba6c4,386,539
44b6_87bba6c4,387,523
44b6_87bba6c4,388,561
44b6_87bba6c4,389,548
44b6_87bba6c4,390,587
44b6_87bba6c4,391,558
44b6_87bba6c4,392,565
44b6_87bba6c4,393,567
44b6_87bba6c4,395,583
44b6_87bba6c4,396,566
44b6_87bba6c4,397,543
44b6_87bba6c4,398,593
44b6_87bba6c4,399,575
44b6_87bba6c4,400,572
44b6_87bba6c4,403,592
44b6_87bba6c4,404,607
44b6_87bba6c4,405,620
44b6_87bba6c4,406,547
44b6_87bba6c4,407,600
44b6_87bba6c4,408,552
44b6_87bba6c4,409,581
44b6_87bba6c4,410,599
44b6_87bba6c4,411,503
44b6_87bba6c4,413,601
44b6_87bba6c4,414,623
44b6_87bba6c4,415,615
44b6_87bba6c4,416,588
44b6_87bba6c4,418,546
44b6_87bba6c4,419,573
44b6_87bba6c4,420,611
44b6_87bba6c4,421,590
44b6_87bba6c4,423,665
44b6_87bba6c4,424,586
44b6_87bba6c4,425,591
44b6_87bba6c4,426,637
44b6_87bba6c4,427,570
44b6_87bba6c4,429,579
44b6_87bba6c4,430,580
44b6_87bba6c4,431,612
44b6_87bba6c4,432,589
44b6_87bba6c4,433,617
44b6_87bba6c4,434,577
44b6_87bba6c4,435,610
44b6_87bba6c4,437,632
44b6_87bba6c4,439,614
44b6_87bba6c4,440,597
44b6_87bba6c4,441,626
44b6_87bba6c4,443,651
44b6_87bba6c4,444,576
44b6_87bba6c4,445,582
44b6_87bba6c4,447,618
44b6_87bba6c4,448,569
44b6_87bba6c4,450,660
44b6_87bba6c4,451,602
44b6_87bba6c4,452,627
44b6_87bba6c4,453,606
44b6_87bba6c4,454,633
44b6_87bba6c4,455,619
44b6_87bba6c4,456,605
44b6_87bba6c4,457,630
44b6_87bba6c4,458,603
44b6_87bba6c4,459,642
44b6_87bba6c4,460,608
44b6_87bba6c4,461,609
44b6_87bba6c4,463,616
44b6_87bba6c4,464,631
44b6_87bba6c4,465,622
44b6_87bba6c4,466,634
44b6_87bba6c4,467,574
44b6_87bba6c4,468,636
44b6_87bba6c4,470,644
44b6_87bba6c4,471,640
44b6_87bba6c4,472,663
44b6_87bba6c4,474,641
44b6_87bba6c4,475,649
44b6_87bba6c4,476,652
44b6_87bba6c4,477,645
44b6_87bba6c4,481,621
44b6_87bba6c4,482,658
44b6_87bba6c4,483,654
44b6_87bba6c4,487,661
44b6_87bba6c4,489,628
44b6_87bba6c4,490,675
44b6_87bba6c4,491,681
44b6_87bba6c4,492,691
44b6_87bba6c4,493,677
44b6_87bba6c4,494,821
44b6_87bba6c4,495,688
44b6_87bba6c4,496,689
44b6_87bba6c4,497,680
44b6_87bba6c4,498,685
44b6_87bba6c4,499,690
44b6_87bba6c4,500,684
44b6_87bba6c4,501,682
44b6_87bba6c4,503,674
44b6_87bba6c4,504,679
44b6_87bba6c4,505,678
44b6_87bba6c4,506,687
44b6_87bba6c4,507,727
44b6_87bba6c4,508,698
44b6_87bba6c4,509,694
44b6_87bba6c4,510,716
44b6_87bba6c4,511,686
44b6_87bba6c4,512,701
44b6_87bba6c4,513,712
44b6_87bba6c4,514,720
44b6_87bba6c4,515,696
44b6_87bba6c4,516,695
44b6_87bba6c4,517,676
44b6_87bba6c4,518,717
44b6_87bba6c4,519,732
44b6_87bba6c4,520,721
44b6_87bba6c4,521,706
44b6_87bba6c4,522,703
44b6_87bba6c4,523,702
44b6_87bba6c4,524,704
44b6_87bba6c4,525,693
44b6_87bba6c4,526,738
44b6_87bba6c4,527,683
44b6_87bba6c4,528,741
44b6_87bba6c4,529,740
44b6_87bba6c4,530,699
44b6_87bba6c4,531,729
44b6_87bba6c4,532,724
44b6_87bba6c4,533,735
44b6_87bba6c4,534,711
44b6_87bba6c4,535,752
44b6_87bba6c4,536,726
44b6_87bba6c4,538,714
44b6_87bba6c4,539,700
44b6_87bba6c4,540,707
44b6_87bba6c4,541,730
44b6_87bba6c4,542,746
44b6_87bba6c4,543,692
44b6_87bba6c4,544,725
44b6_87bba6c4,545,723
44b6_87bba6c4,546,719
44b6_87bba6c4,547,734
44b6_87bba6c4,548,742
44b6_87bba6c4,549,736
44b6_87bba6c4,550,713
44b6_87bba6c4,551,737
44b6_87bba6c4,552,715
44b6_87bba6c4,553,755
44b6_87bba6c4,554,728
44b6_87bba6c4,555,802
44b6_87bba6c4,556,766
44b6_87bba6c4,557,708
44b6_87bba6c4,558,749
44b6_87bba6c4,559,767
44b6_87bba6c4,561,750
44b6_87bba6c4,562,744
44b6_87bba6c4,563,765
44b6_87bba6c4,564,790
44b6_87bba6c4,565,753
44b6_87bba6c4,566,709
44b6_87bba6c4,567,751
44b6_87bba6c4,568,739
44b6_87bba6c4,569,697
44b6_87bba6c4,570,785
44b6_87bba6c4,572,745
44b6_87bba6c4,573,748
44b6_87bba6c4,575,760
44b6_87bba6c4,576,783
44b6_87bba6c4,578,731
44b6_87bba6c4,579,759
44b6_87bba6c4,580,743
44b6_87bba6c4,581,763
44b6_87bba6c4,582,791
44b6_87bba6c4,583,784
44b6_87bba6c4,584,756
44b6_87bba6c4,585,773
44b6_87bba6c4,586,775
44b6_87bba6c4,587,770
44b6_87bba6c4,588,769
44b6_87bba6c4,589,758
44b6_87bba6c4,590,781
44b6_87bba6c4,591,797
44b6_87bba6c4,592,809
44b6_87bba6c4,593,747
44b6_87bba6c4,594,754
44b6_87bba6c4,595,778
44b6_87bba6c4,596,796
44b6_87bba6c4,598,847
44b6_87bba6c4,599,761
44b6_87bba6c4,600,722
44b6_87bba6c4,601,774
44b6_87bba6c4,602,771
44b6_87bba6c4,603,798
44b6_87bba6c4,604,776
44b6_87bba6c4,606,787
44b6_87bba6c4,607,762
44b6_87bba6c4,608,786
44b6_87bba6c4,609,825
44b6_87bba6c4,610,779
44b6_87bba6c4,611,795
44b6_87bba6c4,612,801
44b6_87bba6c4,613,828
44b6_87bba6c4,614,780
44b6_87bba6c4,615,818
44b6_87bba6c4,616,794
44b6_87bba6c4,617,810
44b6_87bba6c4,618,823
44b6_87bba6c4,619,793
44b6_87bba6c4,621,733
44b6_87bba6c4,622,792
44b6_87bba6c4,623,768
44b6_87bba6c4,627,834
44b6_87bba6c4,628,808
44b6_87bba6c4,629,757
44b6_87bba6c4,630,816
44b6_87bba6c4,631,814
44b6_87bba6c4,632,835
44b6_87bba6c4,633,822
44b6_87bba6c4,634,829
44b6_87bba6c4,635,819
44b6_87bba6c4,636,841
44b6_87bba6c4,637,815
44b6_87bba6c4,640,806
44b6_87bba6c4,641,812
44b6_87bba6c4,642,840
44b6_87bba6c4,643,858
44b6_87bba6c4,644,855
44b6_87bba6c4,645,800
44b6_87bba6c4,646,824
44b6_87bba6c4,648,837
44b6_87bba6c4,649,833
44b6_87bba6c4,651,846
44b6_87bba6c4,652,811
44b6_87bba6c4,654,839
44b6_87bba6c4,657,843
44b6_87bba6c4,658,838
44b6_87bba6c4,662,807
44b6_87bba6c4,663,853
44b6_87bba6c4,671,867
44b6_87bba6c4,674,875
44b6_87bba6c4,675,872
44b6_87bba6c4,676,873
44b6_87bba6c4,677,871
44b6_87bba6c4,678,874
44b6_87bba6c4,679,870
44b6_87bba6c4,680,877
44b6_87bba6c4,681,901
44b6_87bba6c4,682,876
44b6_87bba6c4,683,869
44b6_87bba6c4,684,881
44b6_87bba6c4,685,885
44b6_87bba6c4,686,880
44b6_87bba6c4,687,882
44b6_87bba6c4,688,888
44b6_87bba6c4,689,884
44b6_87bba6c4,690,879
44b6_87bba6c4,691,1002
44b6_87bba6c4,692,916
44b6_87bba6c4,693,886
44b6_87bba6c4,695,890
44b6_87bba6c4,696,929
44b6_87bba6c4,697,891
44b6_87bba6c4,698,898
44b6_87bba6c4,699,902
44b6_87bba6c4,700,922
44b6_87bba6c4,701,900
44b6_87bba6c4,702,889
44b6_87bba6c4,703,899
44b6_87bba6c4,704,911
44b6_87bba6c4,705,912
44b6_87bba6c4,706,895
44b6_87bba6c4,707,908
44b6_87bba6c4,708,955
44b6_87bba6c4,709,923
44b6_87bba6c4,710,907
44b6_87bba6c4,711,887
44b6_87bba6c4,712,934
44b6_87bba6c4,713,883
44b6_87bba6c4,714,915
44b6_87bba6c4,716,910
44b6_87bba6c4,717,953
44b6_87bba6c4,719,931
44b6_87bba6c4,720,903
44b6_87bba6c4,721,950
44b6_87bba6c4,722,919
44b6_87bba6c4,723,893
44b6_87bba6c4,724,940
44b6_87bba6c4,725,913
44b6_87bba6c4,726,954
44b6_87bba6c4,727,918
44b6_87bba6c4,728,906
44b6_87bba6c4,729,932
44b6_87bba6c4,730,957
44b6_87bba6c4,732,909
44b6_87bba6c4,733,892
44b6_87bba6c4,734,927
44b6_87bba6c4,735,920
44b6_87bba6c4,737,935
44b6_87bba6c4,738,917
44b6_87bba6c4,739,896
44b6_87bba6c4,740,949
44b6_87bba6c4,741,936
44b6_87bba6c4,742,948
44b6_87bba6c4,743,926
44b6_87bba6c4,744,921
44b6_87bba6c4,745,990
44b6_87bba6c4,746,1049
44b6_87bba6c4,747,974
44b6_87bba6c4,748,945
44b6_87bba6c4,749,968
44b6_87bba6c4,750,939
44b6_87bba6c4,751,960
44b6_87bba6c4,752,966
44b6_87bba6c4,753,958
44b6_87bba6c4,754,942
44b6_87bba6c4,755,938
44b6_87bba6c4,756,992
44b6_87bba6c4,757,989
44b6_87bba6c4,758,1009
44b6_87bba6c4,760,980
44b6_87bba6c4,761,937
44b6_87bba6c4,762,999
44b6_87bba6c4,763,941
44b6_87bba6c4,764,979
44b6_87bba6c4,765,967
44b6_87bba6c4,766,962
44b6_87bba6c4,767,973
44b6_87bba6c4,768,1018
44b6_87bba6c4,769,971
44b6_87bba6c4,770,946
44b6_87bba6c4,771,986
44b6_87bba6c4,772,925
44b6_87bba6c4,773,975
44b6_87bba6c4,774,1015
44b6_87bba6c4,775,951
44b6_87bba6c4,776,976
44b6_87bba6c4,777,981
44b6_87bba6c4,778,1004
44b6_87bba6c4,779,1013
44b6_87bba6c4,780,982
44b6_87bba6c4,781,985
44b6_87bba6c4,782,905
44b6_87bba6c4,783,956
44b6_87bba6c4,784,961
44b6_87bba6c4,785,970
44b6_87bba6c4,786,924
44b6_87bba6c4,788,947
44b6_87bba6c4,790,988
44b6_87bba6c4,791,959
44b6_87bba6c4,792,987
44b6_87bba6c4,793,933
44b6_87bba6c4,795,944
44b6_87bba6c4,796,1030
44b6_87bba6c4,797,1007
44b6_87bba6c4,798,904
44b6_87bba6c4,799,1044
44b6_87bba6c4,800,1043
44b6_87bba6c4,806,1011
44b6_87bba6c4,807,998
44b6_87bba6c4,808,1059
44b6_87bba6c4,810,1038
44b6_87bba6c4,811,1010
44b6_87bba6c4,812,1014
44b6_87bba6c4,814,1023
44b6_87bba6c4,816,1020
44b6_87bba6c4,818,1070
44b6_87bba6c4,819,1025
44b6_87bba6c4,820,1047
44b6_87bba6c4,821,1008
44b6_87bba6c4,822,1024
44b6_87bba6c4,823,993
44b6_87bba6c4,824,1035
44b6_87bba6c4,825,1016
44b6_87bba6c4,827,1012
44b6_87bba6c4,828,1039
44b6_87bba6c4,829,1029
44b6_87bba6c4,832,1068
44b6_87bba6c4,833,1028
44b6_87bba6c4,835,1052
44b6_87bba6c4,836,1036
44b6_87bba6c4,837,1057
44b6_87bba6c4,838,1003
44b6_87bba6c4,839,1072
44b6_87bba6c4,840,1046
44b6_87bba6c4,841,1063
44b6_87bba6c4,843,983
44b6_87bba6c4,846,1065
44b6_87bba6c4,853,964
44b6_87bba6c4,854,1041
44b6_87bba6c4,855,1042
44b6_87bba6c4,859,1062
44b6_87bba6c4,860,1031
44b6_87bba6c4,867,1051
44b6_87bba6c4,869,1082
44b6_87bba6c4,870,1092
44b6_87bba6c4,871,1073
44b6_87bba6c4,873,1078
44b6_87bba6c4,874,1074
44b6_87bba6c4,875,1146
44b6_87bba6c4,876,1077
44b6_87bba6c4,877,1076
44b6_87bba6c4,878,1079
44b6_87bba6c4,879,1090
44b6_87bba6c4,880,1085
44b6_87bba6c4,881,1083
44b6_87bba6c4,882,1117
44b6_87bba6c4,883,1112
44b6_87bba6c4,884,1111
44b6_87bba6c4,885,1105
44b6_87bba6c4,886,1108
44b6_87bba6c4,887,1127
44b6_87bba6c4,888,1095
44b6_87bba6c4,889,1088
44b6_87bba6c4,890,1131
44b6_87bba6c4,891,1096
44b6_87bba6c4,892,1080
44b6_87bba6c4,893,1109
44b6_87bba6c4,895,1089
44b6_87bba6c4,896,1087
44b6_87bba6c4,897,1142
44b6_87bba6c4,898,1094
44b6_87bba6c4,899,1130
44b6_87bba6c4,900,1093
44b6_87bba6c4,901,1081
44b6_87bba6c4,902,1101
44b6_87bba6c4,903,1158
44b6_87bba6c4,904,1098
44b6_87bba6c4,906,1203
44b6_87bba6c4,908,1100
44b6_87bba6c4,909,1177
44b6_87bba6c4,910,1129
44b6_87bba6c4,911,1115
44b6_87bba6c4,912,1200
44b6_87bba6c4,913,1150
44b6_87bba6c4,914,1133
44b6_87bba6c4,915,1099
44b6_87bba6c4,916,1097
44b6_87bba6c4,917,1113
44b6_87bba6c4,918,1143
44b6_87bba6c4,919,1162
44b6_87bba6c4,920,1137
44b6_87bba6c4,921,1121
44b6_87bba6c4,922,1211
44b6_87bba6c4,923,1126
44b6_87bba6c4,924,1106
44b6_87bba6c4,925,1114
44b6_87bba6c4,926,1159
44b6_87bba6c4,927,1104
44b6_87bba6c4,928,1125
44b6_87bba6c4,929,1123
44b6_87bba6c4,931,1075
44b6_87bba6c4,932,1136
44b6_87bba6c4,933,1191
44b6_87bba6c4,934,1132
44b6_87bba6c4,935,1180
44b6_87bba6c4,936,1182
44b6_87bba6c4,937,1116
44b6_87bba6c4,938,1151
44b6_87bba6c4,939,1157
44b6_87bba6c4,940,1139
44b6_87bba6c4,941,1147
44b6_87bba6c4,942,1205
44b6_87bba6c4,943,1152
44b6_87bba6c4,944,1198
44b6_87bba6c4,945,1170
44b6_87bba6c4,946,1110
44b6_87bba6c4,948,1135
44b6_87bba6c4,949,1149
44b6_87bba6c4,950,1202
44b6_87bba6c4,951,1164
44b6_87bba6c4,952,1134
44b6_87bba6c4,953,1178
44b6_87bba6c4,954,1122
44b6_87bba6c4,955,1236
44b6_87bba6c4,956,1206
44b6_87bba6c4,958,1144
44b6_87bba6c4,959,1161
44b6_87bba6c4,960,1153
44b6_87bba6c4,961,1171
44b6_87bba6c4,962,1190
44b6_87bba6c4,963,1163
44b6_87bba6c4,964,1128
44b6_87bba6c4,965,1160
44b6_87bba6c4,966,1179
44b6_87bba6c4,967,1175
44b6_87bba6c4,968,1196
44b6_87bba6c4,969,1140
44b6_87bba6c4,970,1201
44b6_87bba6c4,971,1168
44b6_87bba6c4,972,1248
44b6_87bba6c4,973,1186
44b6_87bba6c4,974,1166
44b6_87bba6c4,975,1188
44b6_87bba6c4,976,1199
44b6_87bba6c4,977,1154
44b6_87bba6c4,978,1173
44b6_87bba6c4,979,1103
44b6_87bba6c4,980,1187
44b6_87bba6c4,982,1155
44b6_87bba6c4,983,1226
44b6_87bba6c4,985,1174
44b6_87bba6c4,986,1218
44b6_87bba6c4,988,1124
44b6_87bba6c4,990,1167
44b6_87bba6c4,992,1176
44b6_87bba6c4,994,1204
44b6_87bba6c4,996,1148
44b6_87bba6c4,997,1235
44b6_87bba6c4,998,1184
44b6_87bba6c4,1000,1220
44b6_87bba6c4,1001,1217
44b6_87bba6c4,1003,1189
44b6_87bba6c4,1004,1222
44b6_87bba6c4,1006,1229
44b6_87bba6c4,1008,1214
44b6_87bba6c4,1011,1212
44b6_87bba6c4,1012,1238
44b6_87bba6c4,1014,1213
44b6_87bba6c4,1015,1227
44b6_87bba6c4,1016,1181
44b6_87bba6c4,1017,1145
44b6_87bba6c4,1018,1234
44b6_87bba6c4,1019,1245
44b6_87bba6c4,1021,1193
44b6_87bba6c4,1023,1233
44b6_87bba6c4,1024,1231
44b6_87bba6c4,1025,1240
44b6_87bba6c4,1027,1185
44b6_87bba6c4,1028,1246
44b6_87bba6c4,1029,1228
44b6_87bba6c4,1030,1223
44b6_87bba6c4,1031,1262
44b6_87bba6c4,1035,1258
44b6_87bba6c4,1036,1239
44b6_87bba6c4,1038,1225
44b6_87bba6c4,1041,1230
44b6_87bba6c4,1043,1256
44b6_87bba6c4,1044,1265
44b6_87bba6c4,1045,1247
44b6_87bba6c4,1046,1244
44b6_87bba6c4,1047,1254
44b6_87bba6c4,1050,1242
44b6_87bba6c4,1052,1268
44b6_87bba6c4,1054,1260
44b6_87bba6c4,1055,1264
44b6_87bba6c4,1057,1272
44b6_87bba6c4,1058,1266
44b6_87bba6c4,1061,1255
44b6_87bba6c4,1063,1261
44b6_87bba6c4,1066,1243
44b6_87bba6c4,1068,1269
44b6_87bba6c4,1069,1276
44b6_87bba6c4,1072,1267
44b6_87bba6c4,1073,1281
44b6_87bba6c4,1074,1277
44b6_87bba6c4,1075,1286
44b6_87bba6c4,1076,1284
44b6_87bba6c4,1077,1278
44b6_87bba6c4,1078,1282
44b6_87bba6c4,1079,1292
44b6_87bba6c4,1080,1310
44b6_87bba6c4,1081,1295
44b6_87bba6c4,1082,1288
44b6_87bba6c4,1083,1289
44b6_87bba6c4,1084,1301
44b6_87bba6c4,1085,1305
44b6_87bba6c4,1086,1297
44b6_87bba6c4,1087,1307
44b6_87bba6c4,1088,1322
44b6_87bba6c4,1089,1287
44b6_87bba6c4,1090,1332
44b6_87bba6c4,1091,1320
44b6_87bba6c4,1092,1298
44b6_87bba6c4,1093,1294
44b6_87bba6c4,1094,1296
44b6_87bba6c4,1095,1291
44b6_87bba6c4,1096,1312
44b6_87bba6c4,1097,1333
44b6_87bba6c4,1098,1283
44b6_87bba6c4,1099,1304
44b6_87bba6c4,1100,1299
44b6_87bba6c4,1101,1336
44b6_87bba6c4,1102,1328
44b6_87bba6c4,1103,1331
44b6_87bba6c4,1104,1318
44b6_87bba6c4,1105,1330
44b6_87bba6c4,1106,1309
44b6_87bba6c4,1107,1345
44b6_87bba6c4,1108,1279
44b6_87bba6c4,1109,1335
44b6_87bba6c4,1110,1386
44b6_87bba6c4,1111,1341
44b6_87bba6c4,1112,1339
44b6_87bba6c4,1113,1324
44b6_87bba6c4,1114,1323
44b6_87bba6c4,1115,1303
44b6_87bba6c4,1116,1347
44b6_87bba6c4,1117,1325
44b6_87bba6c4,1118,1382
44b6_87bba6c4,1121,1311
44b6_87bba6c4,1122,1314
44b6_87bba6c4,1123,1360
44b6_87bba6c4,1124,1293
44b6_87bba6c4,1125,1290
44b6_87bba6c4,1126,1321
44b6_87bba6c4,1127,1343
44b6_87bba6c4,1128,1280
44b6_87bba6c4,1129,1356
44b6_87bba6c4,1131,1344
44b6_87bba6c4,1132,1300
44b6_87bba6c4,1134,1308
44b6_87bba6c4,1135,1372
44b6_87bba6c4,1136,1346
44b6_87bba6c4,1137,1352
44b6_87bba6c4,1138,1306
44b6_87bba6c4,1139,1366
44b6_87bba6c4,1140,1376
44b6_87bba6c4,1141,1327
44b6_87bba6c4,1142,1313
44b6_87bba6c4,1143,1329
44b6_87bba6c4,1144,1349
44b6_87bba6c4,1145,1302
44b6_87bba6c4,1147,1368
44b6_87bba6c4,1149,1397
44b6_87bba6c4,1150,1359
44b6_87bba6c4,1151,1350
44b6_87bba6c4,1152,1319
44b6_87bba6c4,1153,1361
44b6_87bba6c4,1154,1440
44b6_87bba6c4,1155,1375
44b6_87bba6c4,1157,1355
44b6_87bba6c4,1158,1371
44b6_87bba6c4,1159,1373
44b6_87bba6c4,1160,1348
44b6_87bba6c4,1162,1444
44b6_87bba6c4,1163,1378
44b6_87bba6c4,1164,1404
44b6_87bba6c4,1166,1406
44b6_87bba6c4,1167,1391
44b6_87bba6c4,1168,1410
44b6_87bba6c4,1169,1362
44b6_87bba6c4,1170,1377
44b6_87bba6c4,1173,1357
44b6_87bba6c4,1174,1392
44b6_87bba6c4,1175,1383
44b6_87bba6c4,1176,1317
44b6_87bba6c4,1177,1365
44b6_87bba6c4,1178,1387
44b6_87bba6c4,1179,1370
44b6_87bba6c4,1180,1395
44b6_87bba6c4,1181,1316
44b6_87bba6c4,1182,1364
44b6_87bba6c4,1183,1351
44b6_87bba6c4,1184,1334
44b6_87bba6c4,1186,1374
44b6_87bba6c4,1187,1353
44b6_87bba6c4,1188,1380
44b6_87bba6c4,1189,1409
44b6_87bba6c4,1190,1401
44b6_87bba6c4,1191,1427
44b6_87bba6c4,1192,1396
44b6_87bba6c4,1193,1358
44b6_87bba6c4,1194,1433
44b6_87bba6c4,1196,1408
44b6_87bba6c4,1198,1451
44b6_87bba6c4,1199,1418
44b6_87bba6c4,1200,1462
44b6_87bba6c4,1201,1407
44b6_87bba6c4,1202,1390
44b6_87bba6c4,1203,1436
44b6_87bba6c4,1204,1389
44b6_87bba6c4,1205,1326
44b6_87bba6c4,1206,1414
44b6_87bba6c4,1208,1400
44b6_87bba6c4,1210,1393
44b6_87bba6c4,1212,1423
44b6_87bba6c4,1213,1448
44b6_87bba6c4,1215,1447
44b6_87bba6c4,1216,1354
44b6_87bba6c4,1217,1420
44b6_87bba6c4,1218,1426
44b6_87bba6c4,1219,1367
44b6_87bba6c4,1220,1403
44b6_87bba6c4,1222,1405
44b6_87bba6c4,1223,1384
44b6_87bba6c4,1224,1411
44b6_87bba6c4,1226,1419
44b6_87bba6c4,1228,1445
44b6_87bba6c4,1229,1413
44b6_87bba6c4,1230,1434
44b6_87bba6c4,1233,1425
44b6_87bba6c4,1234,1394
44b6_87bba6c4,1235,1431
44b6_87bba6c4,1240,1435
44b6_87bba6c4,1242,1467
44b6_87bba6c4,1243,1439
44b6_87bba6c4,1244,1412
44b6_87bba6c4,1245,1456
44b6_87bba6c4,1246,1459
44b6_87bba6c4,1247,1458
44b6_87bba6c4,1249,1461
44b6_87bba6c4,1251,1452
44b6_87bba6c4,1252,1473
44b6_87bba6c4,1253,1428
44b6_87bba6c4,1254,1437
44b6_87bba6c4,1255,1424
44b6_87bba6c4,1256,1472
44b6_87bba6c4,1257,1475
44b6_87bba6c4,1258,1443
44b6_87bba6c4,1259,1453
44b6_87bba6c4,1260,1471
44b6_87bba6c4,1261,1449
44b6_87bba6c4,1267,1479
44b6_87bba6c4,1268,1463
44b6_87bba6c4,1272,1468
44b6_87bba6c4,1275,1457
44b6_87bba6c4,1277,1482
44b6_87bba6c4,1278,1498
44b6_87bba6c4,1279,1541
44b6_87bba6c4,1280,1493
44b6_87bba6c4,1281,1499
44b6_87bba6c4,1282,1488
44b6_87bba6c4,1283,1534
44b6_87bba6c4,1284,1510
44b6_87bba6c4,1285,1508
44b6_87bba6c4,1286,1492
44b6_87bba6c4,1287,1491
44b6_87bba6c4,1288,1501
44b6_87bba6c4,1289,1503
44b6_87bba6c4,1290,1485
44b6_87bba6c4,1291,1495
44b6_87bba6c4,1292,1502
44b6_87bba6c4,1293,1509
44b6_87bba6c4,1294,1526
44b6_87bba6c4,1295,1486
44b6_87bba6c4,1296,1514
44b6_87bba6c4,1297,1500
44b6_87bba6c4,1298,1506
44b6_87bba6c4,1299,1519
44b6_87bba6c4,1300,1489
44b6_87bba6c4,1301,1522
44b6_87bba6c4,1302,1504
44b6_87bba6c4,1303,1521
44b6_87bba6c4,1304,1555
44b6_87bba6c4,1305,1518
44b6_87bba6c4,1306,1551
44b6_87bba6c4,1307,1529
44b6_87bba6c4,1308,1511
44b6_87bba6c4,1309,1550
44b6_87bba6c4,1310,1540
44b6_87bba6c4,1311,1494
44b6_87bba6c4,1312,1528
44b6_87bba6c4,1313,1549
44b6_87bba6c4,1314,1533
44b6_87bba6c4,1315,1515
44b6_87bba6c4,1316,1496
44b6_87bba6c4,1317,1527
44b6_87bba6c4,1318,1520
44b6_87bba6c4,1319,1524
44b6_87bba6c4,1320,1536
44b6_87bba6c4,1321,1583
44b6_87bba6c4,1322,1505
44b6_87bba6c4,1323,1516
44b6_87bba6c4,1324,1539
44b6_87bba6c4,1325,1542
44b6_87bba6c4,1326,1556
44b6_87bba6c4,1328,1513
44b6_87bba6c4,1329,1590
44b6_87bba6c4,1330,1523
44b6_87bba6c4,1331,1564
44b6_87bba6c4,1332,1512
44b6_87bba6c4,1333,1565
44b6_87bba6c4,1334,1588
44b6_87bba6c4,1335,1554
44b6_87bba6c4,1336,1531
44b6_87bba6c4,1337,1557
44b6_87bba6c4,1338,1673
44b6_87bba6c4,1339,1585
44b6_87bba6c4,1340,1497
44b6_87bba6c4,1341,1552
44b6_87bba6c4,1343,1537
44b6_87bba6c4,1344,1587
44b6_87bba6c4,1345,1487
44b6_87bba6c4,1346,1578
44b6_87bba6c4,1347,1615
44b6_87bba6c4,1348,1571
44b6_87bba6c4,1349,1592
44b6_87bba6c4,1350,1553
44b6_87bba6c4,1351,1483
44b6_87bba6c4,1352,1569
44b6_87bba6c4,1353,1605
44b6_87bba6c4,1354,1559
44b6_87bba6c4,1355,1591
44b6_87bba6c4,1356,1546
44b6_87bba6c4,1357,1490
44b6_87bba6c4,1358,1594
44b6_87bba6c4,1359,1567
44b6_87bba6c4,1360,1599
44b6_87bba6c4,1361,1598
44b6_87bba6c4,1363,1652
44b6_87bba6c4,1364,1547
44b6_87bba6c4,1365,1530
44b6_87bba6c4,1366,1535
44b6_87bba6c4,1367,1560
44b6_87bba6c4,1368,1593
44b6_87bba6c4,1370,1589
44b6_87bba6c4,1371,1624
44b6_87bba6c4,1372,1566
44b6_87bba6c4,1373,1584
44b6_87bba6c4,1375,1575
44b6_87bba6c4,1376,1570
44b6_87bba6c4,1378,1600
44b6_87bba6c4,1379,1543
44b6_87bba6c4,1380,1579
44b6_87bba6c4,1381,1602
44b6_87bba6c4,1382,1525
44b6_87bba6c4,1384,1544
44b6_87bba6c4,1385,1532
44b6_87bba6c4,1386,1603
44b6_87bba6c4,1391,1658
44b6_87bba6c4,1392,1608
44b6_87bba6c4,1393,1568
44b6_87bba6c4,1394,1573
44b6_87bba6c4,1395,1612
44b6_87bba6c4,1396,1619
44b6_87bba6c4,1397,1630
44b6_87bba6c4,1400,1636
44b6_87bba6c4,1401,1611
44b6_87bba6c4,1402,1634
44b6_87bba6c4,1403,1627
44b6_87bba6c4,1404,1629
44b6_87bba6c4,1405,1635
44b6_87bba6c4,1406,1561
44b6_87bba6c4,1407,1595
44b6_87bba6c4,1408,1586
44b6_87bba6c4,1409,1626
44b6_87bba6c4,1410,1661
44b6_87bba6c4,1412,1651
44b6_87bba6c4,1414,1613
44b6_87bba6c4,1416,1632
44b6_87bba6c4,1417,1596
44b6_87bba6c4,1418,1581
44b6_87bba6c4,1419,1622
44b6_87bba6c4,1421,1577
44b6_87bba6c4,1422,1667
44b6_87bba6c4,1423,1631
44b6_87bba6c4,1424,1545
44b6_87bba6c4,1425,1657
44b6_87bba6c4,1426,1633
44b6_87bba6c4,1427,1628
44b6_87bba6c4,1429,1610
44b6_87bba6c4,1432,1650
44b6_87bba6c4,1434,1645
44b6_87bba6c4,1435,1638
44b6_87bba6c4,1436,1642
44b6_87bba6c4,1437,1676
44b6_87bba6c4,1439,1677
44b6_87bba6c4,1440,1648
44b6_87bba6c4,1442,1654
44b6_87bba6c4,1443,1665
44b6_87bba6c4,1444,1604
44b6_87bba6c4,1445,1666
44b6_87bba6c4,1447,1663
44b6_87bba6c4,1448,1678
44b6_87bba6c4,1449,1668
44b6_87bba6c4,1450,1637
44b6_87bba6c4,1452,1623
44b6_87bba6c4,1453,1614
44b6_87bba6c4,1456,1653
44b6_87bba6c4,1457,1606
44b6_87bba6c4,1458,1659
44b6_87bba6c4,1459,1656
44b6_87bba6c4,1460,1672
44b6_87bba6c4,1463,1686
44b6_87bba6c4,1466,1682
44b6_87bba6c4,1468,1647
44b6_87bba6c4,1469,1664
44b6_87bba6c4,1470,1660
44b6_87bba6c4,1471,1688
44b6_87bba6c4,1472,1689
44b6_87bba6c4,1473,1644
44b6_87bba6c4,1475,1671
44b6_87bba6c4,1477,1580
44b6_87bba6c4,1482,1694
44b6_87bba6c4,1484,1703
44b6_87bba6c4,1485,1697
44b6_87bba6c4,1486,1709
44b6_87bba6c4,1487,1724
44b6_87bba6c4,1488,1712
44b6_87bba6c4,1489,1699
44b6_87bba6c4,1490,1716
44b6_87bba6c4,1491,1707
44b6_87bba6c4,1492,1715
44b6_87bba6c4,1493,1721
44b6_87bba6c4,1494,1726
44b6_87bba6c4,1495,1864
44b6_87bba6c4,1496,1700
44b6_87bba6c4,1497,1734
44b6_87bba6c4,1498,1837
44b6_87bba6c4,1499,1695
44b6_87bba6c4,1500,1722
44b6_87bba6c4,1501,1758
44b6_87bba6c4,1502,1710
44b6_87bba6c4,1503,1708
44b6_87bba6c4,1504,1745
44b6_87bba6c4,1505,1730
44b6_87bba6c4,1506,1696
44b6_87bba6c4,1507,1727
44b6_87bba6c4,1508,1711
44b6_87bba6c4,1509,1763
44b6_87bba6c4,1510,1737
44b6_87bba6c4,1512,1774
44b6_87bba6c4,1513,1736
44b6_87bba6c4,1514,1735
44b6_87bba6c4,1515,1731
44b6_87bba6c4,1516,1751
44b6_87bba6c4,1518,1733
44b6_87bba6c4,1519,1747
44b6_87bba6c4,1520,1756
44b6_87bba6c4,1521,1743
44b6_87bba6c4,1522,1729
44b6_87bba6c4,1523,1698
44b6_87bba6c4,1525,1792
44b6_87bba6c4,1526,1702
44b6_87bba6c4,1527,1723
44b6_87bba6c4,1528,1741
44b6_87bba6c4,1529,1753
44b6_87bba6c4,1530,1739
44b6_87bba6c4,1531,1742
44b6_87bba6c4,1532,1718
44b6_87bba6c4,1534,1838
44b6_87bba6c4,1535,1765
44b6_87bba6c4,1536,1771
44b6_87bba6c4,1537,1781
44b6_87bba6c4,1539,1759
44b6_87bba6c4,1540,1748
44b6_87bba6c4,1541,1717
44b6_87bba6c4,1542,1732
44b6_87bba6c4,1543,1725
44b6_87bba6c4,1545,1713
44b6_87bba6c4,1547,1749
44b6_87bba6c4,1548,1770
44b6_87bba6c4,1549,1836
44b6_87bba6c4,1553,1768
44b6_87bba6c4,1554,1776
44b6_87bba6c4,1555,1835
44b6_87bba6c4,1556,1755
44b6_87bba6c4,1558,1719
44b6_87bba6c4,1560,1853
44b6_87bba6c4,1561,1761
44b6_87bba6c4,1562,1857
44b6_87bba6c4,1564,1895
44b6_87bba6c4,1565,1784
44b6_87bba6c4,1566,1810
44b6_87bba6c4,1567,1750
44b6_87bba6c4,1569,1796
44b6_87bba6c4,1570,1767
44b6_87bba6c4,1571,1788
44b6_87bba6c4,1572,1754
44b6_87bba6c4,1573,1805
44b6_87bba6c4,1574,1764
44b6_87bba6c4,1575,1816
44b6_87bba6c4,1576,1821
44b6_87bba6c4,1578,1801
44b6_87bba6c4,1581,1786
44b6_87bba6c4,1582,1714
44b6_87bba6c4,1583,1890
44b6_87bba6c4,1584,1803
44b6_87bba6c4,1585,1797
44b6_87bba6c4,1586,1841
44b6_87bba6c4,1587,1817
44b6_87bba6c4,1588,1840
44b6_87bba6c4,1589,1791
44b6_87bba6c4,1590,1813
44b6_87bba6c4,1592,1802
44b6_87bba6c4,1593,1808
44b6_87bba6c4,1594,1746
44b6_87bba6c4,1595,1785
44b6_87bba6c4,1597,1814
44b6_87bba6c4,1598,1807
44b6_87bba6c4,1599,1804
44b6_87bba6c4,1600,1854
44b6_87bba6c4,1601,1809
44b6_87bba6c4,1603,1828
44b6_87bba6c4,1604,1793
44b6_87bba6c4,1605,1766
44b6_87bba6c4,1606,1855
44b6_87bba6c4,1607,1790
44b6_87bba6c4,1608,1811
44b6_87bba6c4,1610,1775
44b6_87bba6c4,1611,1820
44b6_87bba6c4,1612,1795
44b6_87bba6c4,1613,1822
44b6_87bba6c4,1614,1825
44b6_87bba6c4,1615,1799
44b6_87bba6c4,1616,1769
44b6_87bba6c4,1617,1789
44b6_87bba6c4,1618,1806
44b6_87bba6c4,1619,1783
44b6_87bba6c4,1620,1777
44b6_87bba6c4,1622,1834
44b6_87bba6c4,1623,1852
44b6_87bba6c4,1624,1728
44b6_87bba6c4,1625,1832
44b6_87bba6c4,1626,1872
44b6_87bba6c4,1627,1882
44b6_87bba6c4,1628,1848
44b6_87bba6c4,1629,1846
44b6_87bba6c4,1630,1829
44b6_87bba6c4,1631,1862
44b6_87bba6c4,1632,1844
44b6_87bba6c4,1633,1858
44b6_87bba6c4,1634,1875
44b6_87bba6c4,1635,1898
44b6_87bba6c4,1636,1704
44b6_87bba6c4,1638,1893
44b6_87bba6c4,1640,1870
44b6_87bba6c4,1641,1880
44b6_87bba6c4,1642,1866
44b6_87bba6c4,1643,1859
44b6_87bba6c4,1644,1863
44b6_87bba6c4,1645,1902
44b6_87bba6c4,1647,1878
44b6_87bba6c4,1650,1892
44b6_87bba6c4,1651,1899
44b6_87bba6c4,1652,1886
44b6_87bba6c4,1656,1868
44b6_87bba6c4,1658,1861
44b6_87bba6c4,1659,1877
44b6_87bba6c4,1660,1830
44b6_87bba6c4,1662,1885
44b6_87bba6c4,1666,1879
44b6_87bba6c4,1667,1896
44b6_87bba6c4,1670,1778
44b6_87bba6c4,1674,1876
44b6_87bba6c4,1676,1891
44b6_87bba6c4,1677,1907
44b6_87bba6c4,1680,1843
44b6_87bba6c4,1682,1905
44b6_87bba6c4,1684,1908
44b6_87bba6c4,1691,1860
44b6_87bba6c4,1694,1914
44b6_87bba6c4,1695,1920
44b6_87bba6c4,1696,1918
44b6_87bba6c4,1697,1946
44b6_87bba6c4,1698,1917
44b6_87bba6c4,1699,1922
44b6_87bba6c4,1700,1916
44b6_87bba6c4,1701,1973
44b6_87bba6c4,1702,1929
44b6_87bba6c4,1703,2010
44b6_87bba6c4,1704,1930
44b6_87bba6c4,1705,1940
44b6_87bba6c4,1706,2009
44b6_87bba6c4,1707,1933
44b6_87bba6c4,1708,1923
44b6_87bba6c4,1709,1955
44b6_87bba6c4,1710,1919
44b6_87bba6c4,1711,1934
44b6_87bba6c4,1712,1938
44b6_87bba6c4,1713,1944
44b6_87bba6c4,1714,1915
44b6_87bba6c4,1715,1931
44b6_87bba6c4,1716,1992
44b6_87bba6c4,1717,2013
44b6_87bba6c4,1718,1969
44b6_87bba6c4,1719,1912
44b6_87bba6c4,1720,2014
44b6_87bba6c4,1721,1926
44b6_87bba6c4,1722,1952
44b6_87bba6c4,1723,1942
44b6_87bba6c4,1724,1913
44b6_87bba6c4,1725,2020
44b6_87bba6c4,1726,1970
44b6_87bba6c4,1727,1939
44b6_87bba6c4,1728,2008
44b6_87bba6c4,1729,1927
44b6_87bba6c4,1730,1959
44b6_87bba6c4,1731,1972
44b6_87bba6c4,1732,1974
44b6_87bba6c4,1733,1948
44b6_87bba6c4,1735,1941
44b6_87bba6c4,1736,1956
44b6_87bba6c4,1737,1950
44b6_87bba6c4,1738,1935
44b6_87bba6c4,1739,1979
44b6_87bba6c4,1741,2011
44b6_87bba6c4,1742,1949
44b6_87bba6c4,1743,1978
44b6_87bba6c4,1744,1943
44b6_87bba6c4,1745,1977
44b6_87bba6c4,1746,1921
44b6_87bba6c4,1747,1963
44b6_87bba6c4,1748,1971
44b6_87bba6c4,1749,1995
44b6_87bba6c4,1750,2023
44b6_87bba6c4,1751,2003
44b6_87bba6c4,1752,1947
44b6_87bba6c4,1753,1990
44b6_87bba6c4,1755,1951
44b6_87bba6c4,1756,1984
44b6_87bba6c4,1757,1925
44b6_87bba6c4,1758,1936
44b6_87bba6c4,1759,1983
44b6_87bba6c4,1760,1967
44b6_87bba6c4,1761,1991
44b6_87bba6c4,1762,1965
44b6_87bba6c4,1763,2001
44b6_87bba6c4,1764,1954
44b6_87bba6c4,1765,2066
44b6_87bba6c4,1766,1986
44b6_87bba6c4,1767,1968
44b6_87bba6c4,1768,1964
44b6_87bba6c4,1769,1945
44b6_87bba6c4,1770,2074
44b6_87bba6c4,1771,1937
44b6_87bba6c4,1773,1928
44b6_87bba6c4,1775,2065
44b6_87bba6c4,1776,1982
44b6_87bba6c4,1778,1932
44b6_87bba6c4,1780,1997
44b6_87bba6c4,1781,1998
44b6_87bba6c4,1782,2000
44b6_87bba6c4,1783,2032
44b6_87bba6c4,1784,1966
44b6_87bba6c4,1785,2041
44b6_87bba6c4,1786,2063
44b6_87bba6c4,1787,1961
44b6_87bba6c4,1788,2035
44b6_87bba6c4,1789,2004
44b6_87bba6c4,1790,1999
44b6_87bba6c4,1792,1962
44b6_87bba6c4,1793,1993
44b6_87bba6c4,1794,1981
44b6_87bba6c4,1795,1994
44b6_87bba6c4,1797,2049
44b6_87bba6c4,1798,2025
44b6_87bba6c4,1799,2031
44b6_87bba6c4,1800,1985
44b6_87bba6c4,1801,2021
44b6_87bba6c4,1802,2019
44b6_87bba6c4,1803,2036
44b6_87bba6c4,1804,2027
44b6_87bba6c4,1806,2059
44b6_87bba6c4,1807,2018
44b6_87bba6c4,1808,2002
44b6_87bba6c4,1810,2040
44b6_87bba6c4,1812,2042
44b6_87bba6c4,1813,2024
44b6_87bba6c4,1814,2029
44b6_87bba6c4,1815,2016
44b6_87bba6c4,1816,2039
44b6_87bba6c4,1817,1975
44b6_87bba6c4,1818,1989
44b6_87bba6c4,1819,2095
44b6_87bba6c4,1820,1987
44b6_87bba6c4,1821,2043
44b6_87bba6c4,1822,2072
44b6_87bba6c4,1823,2028
44b6_87bba6c4,1824,2034
44b6_87bba6c4,1825,2067
44b6_87bba6c4,1827,2056
44b6_87bba6c4,1828,1996
44b6_87bba6c4,1830,2086
44b6_87bba6c4,1831,2068
44b6_87bba6c4,1832,2044
44b6_87bba6c4,1834,2076
44b6_87bba6c4,1836,2045
44b6_87bba6c4,1837,2012
44b6_87bba6c4,1838,2050
44b6_87bba6c4,1839,2047
44b6_87bba6c4,1841,2061
44b6_87bba6c4,1844,2046
44b6_87bba6c4,1846,2033
44b6_87bba6c4,1847,2089
44b6_87bba6c4,1848,2062
44b6_87bba6c4,1850,2081
44b6_87bba6c4,1851,2090
44b6_87bba6c4,1852,2109
44b6_87bba6c4,1853,2006
44b6_87bba6c4,1854,2037
44b6_87bba6c4,1855,2057
44b6_87bba6c4,1857,2133
44b6_87bba6c4,1858,2103
44b6_87bba6c4,1859,2038
44b6_87bba6c4,1860,2100
44b6_87bba6c4,1861,2017
44b6_87bba6c4,1862,2077
44b6_87bba6c4,1863,2114
44b6_87bba6c4,1864,2134
44b6_87bba6c4,1866,2055
44b6_87bba6c4,1867,2094
44b6_87bba6c4,1868,2102
44b6_87bba6c4,1869,2110
44b6_87bba6c4,1870,2085
44b6_87bba6c4,1873,2099
44b6_87bba6c4,1875,2131
44b6_87bba6c4,1876,2082
44b6_87bba6c4,1877,2118
44b6_87bba6c4,1878,2115
44b6_87bba6c4,1879,2096
44b6_87bba6c4,1881,2104
44b6_87bba6c4,1882,2071
44b6_87bba6c4,1883,2098
44b6_87bba6c4,1885,2091
44b6_87bba6c4,1886,2073
44b6_87bba6c4,1890,2051
44b6_87bba6c4,1891,2116
44b6_87bba6c4,1892,2054
44b6_87bba6c4,1893,2105
44b6_87bba6c4,1896,2135
44b6_87bba6c4,1897,2117
44b6_87bba6c4,1898,2108
44b6_87bba6c4,1899,2093
44b6_87bba6c4,1901,2097
44b6_87bba6c4,1902,2064
44b6_87bba6c4,1905,2130
44b6_87bba6c4,1907,2125
44b6_87bba6c4,1908,2129
44b6_87bba6c4,1912,2137
44b6_87bba6c4,1914,2139
44b6_87bba6c4,1915,2143
44b6_87bba6c4,1916,2138
44b6_87bba6c4,1917,2144
44b6_87bba6c4,1918,2157
44b6_87bba6c4,1919,2185
44b6_87bba6c4,1920,2150
44b6_87bba6c4,1921,2161
44b6_87bba6c4,1922,2198
44b6_87bba6c4,1923,2156
44b6_87bba6c4,1925,2142
44b6_87bba6c4,1926,2140
44b6_87bba6c4,1927,2191
44b6_87bba6c4,1928,2160
44b6_87bba6c4,1929,2168
44b6_87bba6c4,1930,2146
44b6_87bba6c4,1931,2149
44b6_87bba6c4,1932,2151
44b6_87bba6c4,1933,2153
44b6_87bba6c4,1934,2162
44b6_87bba6c4,1935,2232
44b6_87bba6c4,1936,2158
44b6_87bba6c4,1937,2167
44b6_87bba6c4,1938,2164
44b6_87bba6c4,1939,2214
44b6_87bba6c4,1940,2148
44b6_87bba6c4,1941,2159
44b6_87bba6c4,1942,2271
44b6_87bba6c4,1943,2180
44b6_87bba6c4,1944,2244
44b6_87bba6c4,1945,2169
44b6_87bba6c4,1946,2190
44b6_87bba6c4,1947,2186
44b6_87bba6c4,1948,2189
44b6_87bba6c4,1949,2181
44b6_87bba6c4,1950,2173
44b6_87bba6c4,1951,2194
44b6_87bba6c4,1952,2165
44b6_87bba6c4,1953,2152
44b6_87bba6c4,1955,2174
44b6_87bba6c4,1956,2166
44b6_87bba6c4,1957,2179
44b6_87bba6c4,1958,2193
44b6_87bba6c4,1959,2200
44b6_87bba6c4,1960,2256
44b6_87bba6c4,1962,2239
44b6_87bba6c4,1963,2187
44b6_87bba6c4,1964,2184
44b6_87bba6c4,1965,2202
44b6_87bba6c4,1968,2216
44b6_87bba6c4,1969,2221
44b6_87bba6c4,1970,2234
44b6_87bba6c4,1971,2197
44b6_87bba6c4,1972,2212
44b6_87bba6c4,1973,2176
44b6_87bba6c4,1974,2223
44b6_87bba6c4,1975,2215
44b6_87bba6c4,1977,2224
44b6_87bba6c4,1978,2247
44b6_87bba6c4,1979,2253
44b6_87bba6c4,1980,2229
44b6_87bba6c4,1981,2205
44b6_87bba6c4,1982,2236
44b6_87bba6c4,1983,2209
44b6_87bba6c4,1984,2182
44b6_87bba6c4,1985,2195
44b6_87bba6c4,1986,2204
44b6_87bba6c4,1987,2220
44b6_87bba6c4,1988,2241
44b6_87bba6c4,1989,2279
44b6_87bba6c4,1991,2228
44b6_87bba6c4,1992,2188
44b6_87bba6c4,1993,2210
44b6_87bba6c4,1994,2203
44b6_87bba6c4,1995,2237
44b6_87bba6c4,1996,2280
44b6_87bba6c4,1997,2170
44b6_87bba6c4,1998,2245
44b6_87bba6c4,1999,2264
44b6_87bba6c4,2000,2266
44b6_87bba6c4,2001,2177
44b6_87bba6c4,2002,2231
44b6_87bba6c4,2003,2258
44b6_87bba6c4,2004,2263
44b6_87bba6c4,2006,2246
44b6_87bba6c4,2007,2240
44b6_87bba6c4,2008,2313
44b6_87bba6c4,2009,2243
44b6_87bba6c4,2010,2141
44b6_87bba6c4,2011,2199
44b6_87bba6c4,2012,2163
44b6_87bba6c4,2014,2238
44b6_87bba6c4,2015,2255
44b6_87bba6c4,2016,2175
44b6_87bba6c4,2017,2222
44b6_87bba6c4,2018,2259
44b6_87bba6c4,2019,2242
44b6_87bba6c4,2020,2178
44b6_87bba6c4,2021,2250
44b6_87bba6c4,2023,2257
44b6_87bba6c4,2024,2218
44b6_87bba6c4,2026,2269
44b6_87bba6c4,2027,2307
44b6_87bba6c4,2028,2172
44b6_87bba6c4,2029,2251
44b6_87bba6c4,2030,2183
44b6_87bba6c4,2031,2292
44b6_87bba6c4,2032,2290
44b6_87bba6c4,2033,2293
44b6_87bba6c4,2034,2213
44b6_87bba6c4,2035,2270
44b6_87bba6c4,2036,2261
44b6_87bba6c4,2037,2208
44b6_87bba6c4,2038,2297
44b6_87bba6c4,2040,2284
44b6_87bba6c4,2041,2301
44b6_87bba6c4,2042,2282
44b6_87bba6c4,2043,2262
44b6_87bba6c4,2044,2248
44b6_87bba6c4,2045,2206
44b6_87bba6c4,2047,2281
44b6_87bba6c4,2049,2249
44b6_87bba6c4,2050,2330
44b6_87bba6c4,2051,2201
44b6_87bba6c4,2052,2326
44b6_87bba6c4,2053,2272
44b6_87bba6c4,2054,2335
44b6_87bba6c4,2055,2312
44b6_87bba6c4,2056,2285
44b6_87bba6c4,2057,2211
44b6_87bba6c4,2058,2296
44b6_87bba6c4,2059,2289
44b6_87bba6c4,2061,2274
44b6_87bba6c4,2062,2298
44b6_87bba6c4,2063,2260
44b6_87bba6c4,2065,2288
44b6_87bba6c4,2067,2316
44b6_87bba6c4,2071,2294
44b6_87bba6c4,2072,2309
44b6_87bba6c4,2073,2304
44b6_87bba6c4,2075,2346
44b6_87bba6c4,2076,2318
44b6_87bba6c4,2077,2321
44b6_87bba6c4,2078,2315
44b6_87bba6c4,2079,2303
44b6_87bba6c4,2081,2267
44b6_87bba6c4,2082,2268
44b6_87bba6c4,2083,2283
44b6_87bba6c4,2085,2331
44b6_87bba6c4,2089,2300
44b6_87bba6c4,2090,2295
44b6_87bba6c4,2092,2310
44b6_87bba6c4,2093,2341
44b6_87bba6c4,2094,2299
44b6_87bba6c4,2096,2343
44b6_87bba6c4,2097,2325
44b6_87bba6c4,2098,2332
44b6_87bba6c4,2099,2336
44b6_87bba6c4,2101,2337
44b6_87bba6c4,2103,2308
44b6_87bba6c4,2104,2334
44b6_87bba6c4,2105,2314
44b6_87bba6c4,2110,2354
44b6_87bba6c4,2111,2319
44b6_87bba6c4,2114,2333
44b6_87bba6c4,2115,2351
44b6_87bba6c4,2116,2348
44b6_87bba6c4,2118,2359
44b6_87bba6c4,2120,2344
44b6_87bba6c4,2122,2322
44b6_87bba6c4,2129,2357
44b6_87bba6c4,2132,2317
44b6_87bba6c4,2137,2366
44b6_87bba6c4,2138,2376
44b6_87bba6c4,2139,2370
44b6_87bba6c4,2140,2400
44b6_87bba6c4,2142,2367
44b6_87bba6c4,2143,2372
44b6_87bba6c4,2144,2384
44b6_87bba6c4,2145,2382
44b6_87bba6c4,2146,2386
44b6_87bba6c4,2148,2368
44b6_87bba6c4,2149,2397
44b6_87bba6c4,2150,2380
44b6_87bba6c4,2151,2516
44b6_87bba6c4,2152,2385
44b6_87bba6c4,2153,2383
44b6_87bba6c4,2155,2394
44b6_87bba6c4,2156,2388
44b6_87bba6c4,2157,2419
44b6_87bba6c4,2158,2390
44b6_87bba6c4,2159,2392
44b6_87bba6c4,2160,2425
44b6_87bba6c4,2161,2393
44b6_87bba6c4,2162,2391
44b6_87bba6c4,2163,2442
44b6_87bba6c4,2164,2466
44b6_87bba6c4,2165,2418
44b6_87bba6c4,2166,2404
44b6_87bba6c4,2167,2389
44b6_87bba6c4,2168,2412
44b6_87bba6c4,2169,2450
44b6_87bba6c4,2170,2398
44b6_87bba6c4,2171,2375
44b6_87bba6c4,2172,2406
44b6_87bba6c4,2173,2409
44b6_87bba6c4,2174,2395
44b6_87bba6c4,2175,2399
44b6_87bba6c4,2176,2402
44b6_87bba6c4,2177,2422
44b6_87bba6c4,2178,2507
44b6_87bba6c4,2179,2411
44b6_87bba6c4,2180,2415
44b6_87bba6c4,2181,2424
44b6_87bba6c4,2183,2491
44b6_87bba6c4,2184,2405
44b6_87bba6c4,2185,2432
44b6_87bba6c4,2186,2407
44b6_87bba6c4,2187,2434
44b6_87bba6c4,2188,2417
44b6_87bba6c4,2189,2420
44b6_87bba6c4,2191,2463
44b6_87bba6c4,2193,2433
44b6_87bba6c4,2195,2408
44b6_87bba6c4,2196,2423
44b6_87bba6c4,2197,2449
44b6_87bba6c4,2198,2426
44b6_87bba6c4,2199,2444
44b6_87bba6c4,2200,2467
44b6_87bba6c4,2201,2439
44b6_87bba6c4,2202,2413
44b6_87bba6c4,2203,2410
44b6_87bba6c4,2205,2421
44b6_87bba6c4,2206,2416
44b6_87bba6c4,2207,2378
44b6_87bba6c4,2208,2414
44b6_87bba6c4,2209,2445
44b6_87bba6c4,2210,2524
44b6_87bba6c4,2211,2438
44b6_87bba6c4,2212,2556
44b6_87bba6c4,2213,2458
44b6_87bba6c4,2214,2506
44b6_87bba6c4,2215,2462
44b6_87bba6c4,2216,2428
44b6_87bba6c4,2218,2387
44b6_87bba6c4,2220,2435
44b6_87bba6c4,2221,2460
44b6_87bba6c4,2222,2469
44b6_87bba6c4,2223,2505
44b6_87bba6c4,2224,2479
44b6_87bba6c4,2225,2456
44b6_87bba6c4,2227,2594
44b6_87bba6c4,2228,2459
44b6_87bba6c4,2229,2451
44b6_87bba6c4,2230,2453
44b6_87bba6c4,2231,2447
44b6_87bba6c4,2232,2430
44b6_87bba6c4,2233,2471
44b6_87bba6c4,2234,2446
44b6_87bba6c4,2235,2381
44b6_87bba6c4,2236,2480
44b6_87bba6c4,2237,2496
44b6_87bba6c4,2238,2427
44b6_87bba6c4,2239,2403
44b6_87bba6c4,2240,2490
44b6_87bba6c4,2241,2465
44b6_87bba6c4,2242,2468
44b6_87bba6c4,2243,2437
44b6_87bba6c4,2244,2431
44b6_87bba6c4,2246,2538
44b6_87bba6c4,2247,2499
44b6_87bba6c4,2248,2474
44b6_87bba6c4,2249,2498
44b6_87bba6c4,2250,2481
44b6_87bba6c4,2251,2509
44b6_87bba6c4,2253,2441
44b6_87bba6c4,2254,2452
44b6_87bba6c4,2256,2483
44b6_87bba6c4,2257,2477
44b6_87bba6c4,2258,2489
44b6_87bba6c4,2259,2443
44b6_87bba6c4,2260,2493
44b6_87bba6c4,2261,2521
44b6_87bba6c4,2262,2515
44b6_87bba6c4,2264,2369
44b6_87bba6c4,2265,2464
44b6_87bba6c4,2266,2513
44b6_87bba6c4,2267,2511
44b6_87bba6c4,2268,2470
44b6_87bba6c4,2269,2522
44b6_87bba6c4,2270,2482
44b6_87bba6c4,2271,2440
44b6_87bba6c4,2272,2526
44b6_87bba6c4,2275,2568
44b6_87bba6c4,2276,2487
44b6_87bba6c4,2277,2379
44b6_87bba6c4,2278,2473
44b6_87bba6c4,2279,2492
44b6_87bba6c4,2280,2485
44b6_87bba6c4,2281,2476
44b6_87bba6c4,2282,2475
44b6_87bba6c4,2284,2478
44b6_87bba6c4,2285,2531
44b6_87bba6c4,2287,2510
44b6_87bba6c4,2288,2582
44b6_87bba6c4,2289,2533
44b6_87bba6c4,2290,2517
44b6_87bba6c4,2291,2502
44b6_87bba6c4,2292,2501
44b6_87bba6c4,2293,2514
44b6_87bba6c4,2294,2550
44b6_87bba6c4,2296,2537
44b6_87bba6c4,2298,2503
44b6_87bba6c4,2299,2401
44b6_87bba6c4,2301,2448
44b6_87bba6c4,2302,2508
44b6_87bba6c4,2303,2523
44b6_87bba6c4,2304,2519
44b6_87bba6c4,2308,2546
44b6_87bba6c4,2309,2543
44b6_87bba6c4,2310,2436
44b6_87bba6c4,2312,2512
44b6_87bba6c4,2314,2552
44b6_87bba6c4,2315,2555
44b6_87bba6c4,2316,2575
44b6_87bba6c4,2318,2564
44b6_87bba6c4,2319,2553
44b6_87bba6c4,2320,2525
44b6_87bba6c4,2321,2535
44b6_87bba6c4,2322,2486
44b6_87bba6c4,2324,2577
44b6_87bba6c4,2325,2548
44b6_87bba6c4,2326,2562
44b6_87bba6c4,2330,2541
44b6_87bba6c4,2331,2563
44b6_87bba6c4,2332,2572
44b6_87bba6c4,2333,2557
44b6_87bba6c4,2334,2580
44b6_87bba6c4,2337,2587
44b6_87bba6c4,2338,2566
44b6_87bba6c4,2339,2554
44b6_87bba6c4,2340,2581
44b6_87bba6c4,2341,2579
44b6_87bba6c4,2343,2569
44b6_87bba6c4,2348,2598
44b6_87bba6c4,2351,2558
44b6_87bba6c4,2352,2600
44b6_87bba6c4,2353,2559
44b6_87bba6c4,2354,2586
44b6_87bba6c4,2357,2545
44b6_87bba6c4,2358,2560
44b6_87bba6c4,2363,2528
44b6_87bba6c4,2364,2578
44b6_87bba6c4,2366,2603
44b6_87bba6c4,2367,2615
44b6_87bba6c4,2368,2612
44b6_87bba6c4,2369,2630
44b6_87bba6c4,2370,2613
44b6_87bba6c4,2371,2635
44b6_87bba6c4,2372,2605
44b6_87bba6c4,2373,2618
44b6_87bba6c4,2374,2611
44b6_87bba6c4,2375,2608
44b6_87bba6c4,2376,2607
44b6_87bba6c4,2377,2624
44b6_87bba6c4,2378,2604
44b6_87bba6c4,2379,2695
44b6_87bba6c4,2380,2619
44b6_87bba6c4,2381,2654
44b6_87bba6c4,2382,2653
44b6_87bba6c4,2383,2662
44b6_87bba6c4,2384,2640
44b6_87bba6c4,2385,2616
44b6_87bba6c4,2386,2622
44b6_87bba6c4,2387,2649
44b6_87bba6c4,2388,2647
44b6_87bba6c4,2389,2639
44b6_87bba6c4,2390,2661
44b6_87bba6c4,2391,2652
44b6_87bba6c4,2392,2677
44b6_87bba6c4,2393,2610
44b6_87bba6c4,2394,2633
44b6_87bba6c4,2395,2648
44b6_87bba6c4,2396,2673
44b6_87bba6c4,2397,2614
44b6_87bba6c4,2398,2637
44b6_87bba6c4,2399,2703
44b6_87bba6c4,2400,2659
44b6_87bba6c4,2401,2634
44b6_87bba6c4,2402,2666
44b6_87bba6c4,2403,2671
44b6_87bba6c4,2404,2628
44b6_87bba6c4,2405,2705
44b6_87bba6c4,2406,2704
44b6_87bba6c4,2407,2663
44b6_87bba6c4,2408,2679
44b6_87bba6c4,2409,2660
44b6_87bba6c4,2410,2689
44b6_87bba6c4,2411,2681
44b6_87bba6c4,2412,2746
44b6_87bba6c4,2413,2717
44b6_87bba6c4,2414,2680
44b6_87bba6c4,2415,2645
44b6_87bba6c4,2416,2711
44b6_87bba6c4,2417,2642
44b6_87bba6c4,2418,2688
44b6_87bba6c4,2419,2691
44b6_87bba6c4,2420,2651
44b6_87bba6c4,2421,2684
44b6_87bba6c4,2422,2655
44b6_87bba6c4,2424,2656
44b6_87bba6c4,2425,2678
44b6_87bba6c4,2426,2623
44b6_87bba6c4,2427,2685
44b6_87bba6c4,2428,2658
44b6_87bba6c4,2429,2638
44b6_87bba6c4,2430,2725
44b6_87bba6c4,2431,2644
44b6_87bba6c4,2432,2716
44b6_87bba6c4,2433,2650
44b6_87bba6c4,2434,2674
44b6_87bba6c4,2435,2629
44b6_87bba6c4,2436,2687
44b6_87bba6c4,2437,2672
44b6_87bba6c4,2438,2625
44b6_87bba6c4,2439,2731
44b6_87bba6c4,2440,2715
44b6_87bba6c4,2441,2776
44b6_87bba6c4,2442,2664
44b6_87bba6c4,2443,2735
44b6_87bba6c4,2444,2722
44b6_87bba6c4,2445,2718
44b6_87bba6c4,2446,2631
44b6_87bba6c4,2447,2682
44b6_87bba6c4,2448,2791
44b6_87bba6c4,2449,2657
44b6_87bba6c4,2451,2646
44b6_87bba6c4,2453,2670
44b6_87bba6c4,2454,2675
44b6_87bba6c4,2455,2692
44b6_87bba6c4,2458,2721
44b6_87bba6c4,2459,2668
44b6_87bba6c4,2460,2665
44b6_87bba6c4,2461,2723
44b6_87bba6c4,2462,2728
44b6_87bba6c4,2463,2697
44b6_87bba6c4,2464,2733
44b6_87bba6c4,2465,2702
44b6_87bba6c4,2466,2621
44b6_87bba6c4,2468,2738
44b6_87bba6c4,2469,2686
44b6_87bba6c4,2470,2751
44b6_87bba6c4,2471,2755
44b6_87bba6c4,2472,2720
44b6_87bba6c4,2473,2727
44b6_87bba6c4,2474,2762
44b6_87bba6c4,2475,2698
44b6_87bba6c4,2476,2706
44b6_87bba6c4,2477,2777
44b6_87bba6c4,2478,2742
44b6_87bba6c4,2481,2632
44b6_87bba6c4,2482,2696
44b6_87bba6c4,2484,2745
44b6_87bba6c4,2485,2759
44b6_87bba6c4,2486,2617
44b6_87bba6c4,2487,2636
44b6_87bba6c4,2488,2749
44b6_87bba6c4,2489,2757
44b6_87bba6c4,2490,2690
44b6_87bba6c4,2491,2790
44b6_87bba6c4,2492,2740
44b6_87bba6c4,2494,2669
44b6_87bba6c4,2495,2729
44b6_87bba6c4,2496,2707
44b6_87bba6c4,2498,2753
44b6_87bba6c4,2499,2730
44b6_87bba6c4,2500,2732
44b6_87bba6c4,2501,2739
44b6_87bba6c4,2502,2774
44b6_87bba6c4,2503,2784
44b6_87bba6c4,2504,2801
44b6_87bba6c4,2505,2694
44b6_87bba6c4,2506,2794
44b6_87bba6c4,2508,2769
44b6_87bba6c4,2509,2726
44b6_87bba6c4,2510,2810
44b6_87bba6c4,2511,2719
44b6_87bba6c4,2512,2761
44b6_87bba6c4,2513,2641
44b6_87bba6c4,2514,2771
44b6_87bba6c4,2515,2764
44b6_87bba6c4,2516,2803
44b6_87bba6c4,2517,2766
44b6_87bba6c4,2518,2741
44b6_87bba6c4,2519,2714
44b6_87bba6c4,2520,2797
44b6_87bba6c4,2521,2760
44b6_87bba6c4,2522,2770
44b6_87bba6c4,2523,2824
44b6_87bba6c4,2524,2709
44b6_87bba6c4,2525,2754
44b6_87bba6c4,2526,2783
44b6_87bba6c4,2528,2701
44b6_87bba6c4,2529,2744
44b6_87bba6c4,2530,2772
44b6_87bba6c4,2531,2768
44b6_87bba6c4,2534,2747
44b6_87bba6c4,2535,2779
44b6_87bba6c4,2538,2773
44b6_87bba6c4,2539,2792
44b6_87bba6c4,2540,2793
44b6_87bba6c4,2541,2788
44b6_87bba6c4,2542,2743
44b6_87bba6c4,2544,2782
44b6_87bba6c4,2545,2817
44b6_87bba6c4,2546,2785
44b6_87bba6c4,2547,2750
44b6_87bba6c4,2548,2799
44b6_87bba6c4,2551,2834
44b6_87bba6c4,2552,2778
44b6_87bba6c4,2553,2806
44b6_87bba6c4,2554,2841
44b6_87bba6c4,2555,2802
44b6_87bba6c4,2556,2808
44b6_87bba6c4,2557,2821
44b6_87bba6c4,2562,2807
44b6_87bba6c4,2564,2780
44b6_87bba6c4,2566,2786
44b6_87bba6c4,2567,2798
44b6_87bba6c4,2569,2800
44b6_87bba6c4,2570,2812
44b6_87bba6c4,2571,2839
44b6_87bba6c4,2572,2795
44b6_87bba6c4,2573,2819
44b6_87bba6c4,2575,2826
44b6_87bba6c4,2578,2775
44b6_87bba6c4,2580,2829
44b6_87bba6c4,2584,2837
44b6_87bba6c4,2585,2822
44b6_87bba6c4,2586,2828
44b6_87bba6c4,2587,2843
44b6_87bba6c4,2588,2825
44b6_87bba6c4,2590,2823
44b6_87bba6c4,2591,2811
44b6_87bba6c4,2592,2844
44b6_87bba6c4,2598,2820
44b6_87bba6c4,2599,2836
44b6_87bba6c4,2600,2815
44b6_87bba6c4,2603,2848
44b6_87bba6c4,2605,2864
44b6_87bba6c4,2606,2849
44b6_87bba6c4,2607,2868
44b6_87bba6c4,2608,2854
44b6_87bba6c4,2609,2850
44b6_87bba6c4,2610,2858
44b6_87bba6c4,2611,2870
44b6_87bba6c4,2612,2859
44b6_87bba6c4,2613,2852
44b6_87bba6c4,2614,2887
44b6_87bba6c4,2615,2866
44b6_87bba6c4,2616,2851
44b6_87bba6c4,2617,2847
44b6_87bba6c4,2618,2944
44b6_87bba6c4,2619,2872
44b6_87bba6c4,2620,2885
44b6_87bba6c4,2621,2875
44b6_87bba6c4,2622,2862
44b6_87bba6c4,2623,2879
44b6_87bba6c4,2624,2886
44b6_87bba6c4,2625,2899
44b6_87bba6c4,2626,2855
44b6_87bba6c4,2627,2869
44b6_87bba6c4,2628,2877
44b6_87bba6c4,2629,2878
44b6_87bba6c4,2630,2895
44b6_87bba6c4,2631,2876
44b6_87bba6c4,2632,2874
44b6_87bba6c4,2633,2894
44b6_87bba6c4,2634,2889
44b6_87bba6c4,2635,2853
44b6_87bba6c4,2637,2881
44b6_87bba6c4,2638,2867
44b6_87bba6c4,2639,2897
44b6_87bba6c4,2640,2910
44b6_87bba6c4,2641,2891
44b6_87bba6c4,2642,2924
44b6_87bba6c4,2643,2907
44b6_87bba6c4,2644,2929
44b6_87bba6c4,2645,2884
44b6_87bba6c4,2646,2865
44b6_87bba6c4,2647,2873
44b6_87bba6c4,2648,2969
44b6_87bba6c4,2649,2856
44b6_87bba6c4,2650,2857
44b6_87bba6c4,2651,2896
44b6_87bba6c4,2652,2901
44b6_87bba6c4,2653,2926
44b6_87bba6c4,2654,2906
44b6_87bba6c4,2655,2871
44b6_87bba6c4,2656,2936
44b6_87bba6c4,2657,2900
44b6_87bba6c4,2658,2904
44b6_87bba6c4,2659,2912
44b6_87bba6c4,2660,2914
44b6_87bba6c4,2661,2916
44b6_87bba6c4,2662,2915
44b6_87bba6c4,2663,2927
44b6_87bba6c4,2664,2948
44b6_87bba6c4,2665,2863
44b6_87bba6c4,2667,2964
44b6_87bba6c4,2668,2909
44b6_87bba6c4,2669,2955
44b6_87bba6c4,2670,2943
44b6_87bba6c4,2671,2911
44b6_87bba6c4,2672,2893
44b6_87bba6c4,2673,2917
44b6_87bba6c4,2674,2888
44b6_87bba6c4,2675,2918
44b6_87bba6c4,2676,2922
44b6_87bba6c4,2677,2880
44b6_87bba6c4,2678,2902
44b6_87bba6c4,2679,2923
44b6_87bba6c4,2681,2995
44b6_87bba6c4,2682,2960
44b6_87bba6c4,2683,2861
44b6_87bba6c4,2684,2941
44b6_87bba6c4,2685,2980
44b6_87bba6c4,2686,2905
44b6_87bba6c4,2687,3002
44b6_87bba6c4,2688,2908
44b6_87bba6c4,2689,2931
44b6_87bba6c4,2690,2959
44b6_87bba6c4,2691,2954
44b6_87bba6c4,2692,2930
44b6_87bba6c4,2693,2938
44b6_87bba6c4,2694,2947
44b6_87bba6c4,2695,3008
44b6_87bba6c4,2696,2963
44b6_87bba6c4,2697,2974
44b6_87bba6c4,2698,2921
44b6_87bba6c4,2700,2920
44b6_87bba6c4,2701,2919
44b6_87bba6c4,2702,2903
44b6_87bba6c4,2703,2937
44b6_87bba6c4,2704,2976
44b6_87bba6c4,2705,2933
44b6_87bba6c4,2706,3075
44b6_87bba6c4,2707,2972
44b6_87bba6c4,2708,2968
44b6_87bba6c4,2709,2940
44b6_87bba6c4,2710,2970
44b6_87bba6c4,2711,2890
44b6_87bba6c4,2713,2939
44b6_87bba6c4,2714,2986
44b6_87bba6c4,2715,3003
44b6_87bba6c4,2718,2950
44b6_87bba6c4,2719,3030
44b6_87bba6c4,2721,2957
44b6_87bba6c4,2723,2967
44b6_87bba6c4,2724,2979
44b6_87bba6c4,2725,2951
44b6_87bba6c4,2727,2958
44b6_87bba6c4,2728,2932
44b6_87bba6c4,2729,2925
44b6_87bba6c4,2730,3006
44b6_87bba6c4,2731,2962
44b6_87bba6c4,2732,2934
44b6_87bba6c4,2733,2978
44b6_87bba6c4,2734,3009
44b6_87bba6c4,2735,2981
44b6_87bba6c4,2737,2994
44b6_87bba6c4,2738,2985
44b6_87bba6c4,2740,3014
44b6_87bba6c4,2741,2965
44b6_87bba6c4,2742,3011
44b6_87bba6c4,2743,2898
44b6_87bba6c4,2745,2991
44b6_87bba6c4,2746,3026
44b6_87bba6c4,2747,2992
44b6_87bba6c4,2748,2977
44b6_87bba6c4,2749,3019
44b6_87bba6c4,2750,2961
44b6_87bba6c4,2751,2973
44b6_87bba6c4,2753,3005
44b6_87bba6c4,2754,3043
44b6_87bba6c4,2755,2956
44b6_87bba6c4,2756,3046
44b6_87bba6c4,2757,2971
44b6_87bba6c4,2759,2993
44b6_87bba6c4,2760,2984
44b6_87bba6c4,2761,3033
44b6_87bba6c4,2762,2997
44b6_87bba6c4,2764,2999
44b6_87bba6c4,2766,3001
44b6_87bba6c4,2767,3013
44b6_87bba6c4,2768,3048
44b6_87bba6c4,2769,3072
44b6_87bba6c4,2771,2989
44b6_87bba6c4,2772,3025
44b6_87bba6c4,2773,3071
44b6_87bba6c4,2774,2983
44b6_87bba6c4,2775,3032
44b6_87bba6c4,2777,2946
44b6_87bba6c4,2778,3016
44b6_87bba6c4,2779,3049
44b6_87bba6c4,2780,2987
44b6_87bba6c4,2781,3051
44b6_87bba6c4,2782,3024
44b6_87bba6c4,2783,3031
44b6_87bba6c4,2784,3050
44b6_87bba6c4,2785,3044
44b6_87bba6c4,2786,3000
44b6_87bba6c4,2787,2998
44b6_87bba6c4,2788,3065
44b6_87bba6c4,2789,3069
44b6_87bba6c4,2791,3021
44b6_87bba6c4,2792,2996
44b6_87bba6c4,2794,2892
44b6_87bba6c4,2795,3068
44b6_87bba6c4,2796,3017
44b6_87bba6c4,2797,3079
44b6_87bba6c4,2798,3036
44b6_87bba6c4,2799,3045
44b6_87bba6c4,2800,3062
44b6_87bba6c4,2802,3042
44b6_87bba6c4,2803,3040
44b6_87bba6c4,2805,3038
44b6_87bba6c4,2806,3061
44b6_87bba6c4,2807,3070
44b6_87bba6c4,2811,3028
44b6_87bba6c4,2812,3073
44b6_87bba6c4,2817,3058
44b6_87bba6c4,2818,3083
44b6_87bba6c4,2819,3066
44b6_87bba6c4,2820,3088
44b6_87bba6c4,2821,3063
44b6_87bba6c4,2822,3059
44b6_87bba6c4,2824,3041
44b6_87bba6c4,2825,3067
44b6_87bba6c4,2826,3052
44b6_87bba6c4,2827,3078
44b6_87bba6c4,2828,3060
44b6_87bba6c4,2829,3057
44b6_87bba6c4,2831,3086
44b6_87bba6c4,2833,3091
44b6_87bba6c4,2836,3076
44b6_87bba6c4,2841,3097
44b6_87bba6c4,2847,3168
44b6_87bba6c4,2848,3099
44b6_87bba6c4,2849,3101
44b6_87bba6c4,2850,3304
44b6_87bba6c4,2851,3103
44b6_87bba6c4,2852,3116
44b6_87bba6c4,2853,3102
44b6_87bba6c4,2854,3124
44b6_87bba6c4,2855,3133
44b6_87bba6c4,2856,3100
44b6_87bba6c4,2858,3107
44b6_87bba6c4,2859,3106
44b6_87bba6c4,2860,3175
44b6_87bba6c4,2861,3105
44b6_87bba6c4,2862,3165
44b6_87bba6c4,2863,3166
44b6_87bba6c4,2864,3140
44b6_87bba6c4,2865,3122
44b6_87bba6c4,2866,3104
44b6_87bba6c4,2867,3154
44b6_87bba6c4,2868,3148
44b6_87bba6c4,2869,3141
44b6_87bba6c4,2870,3138
44b6_87bba6c4,2871,3115
44b6_87bba6c4,2872,3182
44b6_87bba6c4,2873,3119
44b6_87bba6c4,2874,3112
44b6_87bba6c4,2875,3121
44b6_87bba6c4,2876,3110
44b6_87bba6c4,2877,3118
44b6_87bba6c4,2878,3191
44b6_87bba6c4,2879,3163
44b6_87bba6c4,2880,3151
44b6_87bba6c4,2881,3162
44b6_87bba6c4,2883,3157
44b6_87bba6c4,2884,3135
44b6_87bba6c4,2885,3126
44b6_87bba6c4,2887,3145
44b6_87bba6c4,2888,3136
44b6_87bba6c4,2889,3137
44b6_87bba6c4,2890,3131
44b6_87bba6c4,2891,3109
44b6_87bba6c4,2892,3143
44b6_87bba6c4,2893,3139
44b6_87bba6c4,2894,3221
44b6_87bba6c4,2895,3120
44b6_87bba6c4,2896,3123
44b6_87bba6c4,2897,3130
44b6_87bba6c4,2900,3207
44b6_87bba6c4,2901,3206
44b6_87bba6c4,2902,3161
44b6_87bba6c4,2903,3210
44b6_87bba6c4,2904,3188
44b6_87bba6c4,2905,3232
44b6_87bba6c4,2906,3150
44b6_87bba6c4,2907,3177
44b6_87bba6c4,2908,3179
44b6_87bba6c4,2910,3111
44b6_87bba6c4,2911,3209
44b6_87bba6c4,2912,3160
44b6_87bba6c4,2913,3098
44b6_87bba6c4,2914,3164
44b6_87bba6c4,2915,3173
44b6_87bba6c4,2916,3153
44b6_87bba6c4,2917,3169
44b6_87bba6c4,2918,3167
44b6_87bba6c4,2919,3189
44b6_87bba6c4,2920,3142
44b6_87bba6c4,2921,3174
44b6_87bba6c4,2923,3158
44b6_87bba6c4,2924,3146
44b6_87bba6c4,2925,3117
44b6_87bba6c4,2928,3170
44b6_87bba6c4,2929,3287
44b6_87bba6c4,2930,3194
44b6_87bba6c4,2931,3229
44b6_87bba6c4,2932,3216
44b6_87bba6c4,2933,3172
44b6_87bba6c4,2934,3231
44b6_87bba6c4,2935,3254
44b6_87bba6c4,2936,3202
44b6_87bba6c4,2937,3218
44b6_87bba6c4,2938,3183
44b6_87bba6c4,2939,3211
44b6_87bba6c4,2941,3152
44b6_87bba6c4,2943,3200
44b6_87bba6c4,2944,3108
44b6_87bba6c4,2945,3171
44b6_87bba6c4,2947,3245
44b6_87bba6c4,2948,3185
44b6_87bba6c4,2949,3204
44b6_87bba6c4,2950,3178
44b6_87bba6c4,2951,3156
44b6_87bba6c4,2952,3180
44b6_87bba6c4,2954,3129
44b6_87bba6c4,2955,3237
44b6_87bba6c4,2958,3181
44b6_87bba6c4,2959,3203
44b6_87bba6c4,2960,3190
44b6_87bba6c4,2961,3193
44b6_87bba6c4,2962,3149
44b6_87bba6c4,2963,3213
44b6_87bba6c4,2964,3195
44b6_87bba6c4,2965,3197
44b6_87bba6c4,2967,3198
44b6_87bba6c4,2968,3201
44b6_87bba6c4,2969,3235
44b6_87bba6c4,2973,3250
44b6_87bba6c4,2974,3230
44b6_87bba6c4,2976,3214
44b6_87bba6c4,2977,3263
44b6_87bba6c4,2980,3208
44b6_87bba6c4,2982,3222
44b6_87bba6c4,2983,3308
44b6_87bba6c4,2984,3199
44b6_87bba6c4,2986,3279
44b6_87bba6c4,2987,3332
44b6_87bba6c4,2988,3224
44b6_87bba6c4,2990,3270
44b6_87bba6c4,2991,3251
44b6_87bba6c4,2994,3223
44b6_87bba6c4,2995,3256
44b6_87bba6c4,2996,3249
44b6_87bba6c4,2997,3234
44b6_87bba6c4,2998,3225
44b6_87bba6c4,2999,3244
44b6_87bba6c4,3001,3259
44b6_87bba6c4,3003,3228
44b6_87bba6c4,3006,3258
44b6_87bba6c4,3008,3277
44b6_87bba6c4,3009,3205
44b6_87bba6c4,3011,3297
44b6_87bba6c4,3013,3276
44b6_87bba6c4,3014,3252
44b6_87bba6c4,3015,3159
44b6_87bba6c4,3016,3262
44b6_87bba6c4,3017,3240
44b6_87bba6c4,3018,3267
44b6_87bba6c4,3024,3192
44b6_87bba6c4,3025,3275
44b6_87bba6c4,3027,3247
44b6_87bba6c4,3028,3239
44b6_87bba6c4,3029,3285
44b6_87bba6c4,3031,3243
44b6_87bba6c4,3033,3315
44b6_87bba6c4,3034,3281
44b6_87bba6c4,3035,3301
44b6_87bba6c4,3036,3318
44b6_87bba6c4,3038,3269
44b6_87bba6c4,3039,3293
44b6_87bba6c4,3040,3255
44b6_87bba6c4,3041,3299
44b6_87bba6c4,3042,3266
44b6_87bba6c4,3043,3291
44b6_87bba6c4,3047,3284
44b6_87bba6c4,3048,3292
44b6_87bba6c4,3049,3268
44b6_87bba6c4,3050,3246
44b6_87bba6c4,3051,3312
44b6_87bba6c4,3052,3125
44b6_87bba6c4,3054,3114
44b6_87bba6c4,3057,3286
44b6_87bba6c4,3058,3317
44b6_87bba6c4,3059,3310
44b6_87bba6c4,3060,3316
44b6_87bba6c4,3061,3296
44b6_87bba6c4,3062,3272
44b6_87bba6c4,3063,3290
44b6_87bba6c4,3064,3330
44b6_87bba6c4,3065,3305
44b6_87bba6c4,3067,3314
44b6_87bba6c4,3070,3253
44b6_87bba6c4,3074,3322
44b6_87bba6c4,3077,3295
44b6_87bba6c4,3083,3227
44b6_87bba6c4,3088,3320
44b6_87bba6c4,3090,3325
44b6_87bba6c4,3098,3335
44b6_87bba6c4,3099,3339
44b6_87bba6c4,3100,3338
44b6_87bba6c4,3101,3334
44b6_87bba6c4,3102,3337
44b6_87bba6c4,3103,3336
44b6_87bba6c4,3104,3363
44b6_87bba6c4,3105,3340
44b6_87bba6c4,3106,3341
44b6_87bba6c4,3107,3351
44b6_87bba6c4,3108,3362
44b6_87bba6c4,3109,3369
44b6_87bba6c4,3110,3348
44b6_87bba6c4,3111,3352
44b6_87bba6c4,3112,3355
44b6_87bba6c4,3113,3344
44b6_87bba6c4,3114,3360
44b6_87bba6c4,3115,3343
44b6_87bba6c4,3116,3346
44b6_87bba6c4,3117,3353
44b6_87bba6c4,3118,3359
44b6_87bba6c4,3119,3368
44b6_87bba6c4,3120,3489
44b6_87bba6c4,3121,3421
44b6_87bba6c4,3122,3380
44b6_87bba6c4,3123,3347
44b6_87bba6c4,3124,3388
44b6_87bba6c4,3126,3345
44b6_87bba6c4,3127,3425
44b6_87bba6c4,3128,3357
44b6_87bba6c4,3129,3366
44b6_87bba6c4,3130,3365
44b6_87bba6c4,3131,3454
44b6_87bba6c4,3132,3371
44b6_87bba6c4,3133,3370
44b6_87bba6c4,3134,3405
44b6_87bba6c4,3135,3364
44b6_87bba6c4,3136,3389
44b6_87bba6c4,3137,3386
44b6_87bba6c4,3138,3449
44b6_87bba6c4,3139,3378
44b6_87bba6c4,3140,3381
44b6_87bba6c4,3141,3439
44b6_87bba6c4,3142,3395
44b6_87bba6c4,3143,3383
44b6_87bba6c4,3145,3428
44b6_87bba6c4,3146,3384
44b6_87bba6c4,3147,3379
44b6_87bba6c4,3149,3374
44b6_87bba6c4,3150,3373
44b6_87bba6c4,3151,3419
44b6_87bba6c4,3152,3375
44b6_87bba6c4,3153,3394
44b6_87bba6c4,3154,3376
44b6_87bba6c4,3155,3407
44b6_87bba6c4,3156,3431
44b6_87bba6c4,3158,3391
44b6_87bba6c4,3159,3354
44b6_87bba6c4,3160,3367
44b6_87bba6c4,3161,3387
44b6_87bba6c4,3162,3393
44b6_87bba6c4,3163,3426
44b6_87bba6c4,3164,3377
44b6_87bba6c4,3165,3350
44b6_87bba6c4,3166,3472
44b6_87bba6c4,3167,3396
44b6_87bba6c4,3168,3410
44b6_87bba6c4,3169,3358
44b6_87bba6c4,3171,3385
44b6_87bba6c4,3172,3398
44b6_87bba6c4,3173,3372
44b6_87bba6c4,3174,3399
44b6_87bba6c4,3175,3546
44b6_87bba6c4,3177,3430
44b6_87bba6c4,3178,3406
44b6_87bba6c4,3179,3417
44b6_87bba6c4,3181,3409
44b6_87bba6c4,3182,3480
44b6_87bba6c4,3183,3400
44b6_87bba6c4,3184,3356
44b6_87bba6c4,3185,3451
44b6_87bba6c4,3186,3427
44b6_87bba6c4,3188,3463
44b6_87bba6c4,3189,3477
44b6_87bba6c4,3190,3445
44b6_87bba6c4,3191,3488
44b6_87bba6c4,3193,3441
44b6_87bba6c4,3194,3418
44b6_87bba6c4,3195,3361
44b6_87bba6c4,3197,3412
44b6_87bba6c4,3198,3436
44b6_87bba6c4,3199,3478
44b6_87bba6c4,3200,3420
44b6_87bba6c4,3201,3433
44b6_87bba6c4,3203,3423
44b6_87bba6c4,3204,3414
44b6_87bba6c4,3205,3416
44b6_87bba6c4,3207,3408
44b6_87bba6c4,3208,3460
44b6_87bba6c4,3209,3518
44b6_87bba6c4,3210,3484
44b6_87bba6c4,3211,3465
44b6_87bba6c4,3212,3458
44b6_87bba6c4,3213,3459
44b6_87bba6c4,3214,3452
44b6_87bba6c4,3215,3474
44b6_87bba6c4,3216,3397
44b6_87bba6c4,3217,3455
44b6_87bba6c4,3219,3411
44b6_87bba6c4,3220,3461
44b6_87bba6c4,3221,3422
44b6_87bba6c4,3222,3432
44b6_87bba6c4,3223,3392
44b6_87bba6c4,3224,3443
44b6_87bba6c4,3225,3487
44b6_87bba6c4,3226,3435
44b6_87bba6c4,3228,3476
44b6_87bba6c4,3230,3500
44b6_87bba6c4,3231,3415
44b6_87bba6c4,3234,3446
44b6_87bba6c4,3236,3403
44b6_87bba6c4,3237,3511
44b6_87bba6c4,3239,3413
44b6_87bba6c4,3240,3485
44b6_87bba6c4,3242,3517
44b6_87bba6c4,3243,3437
44b6_87bba6c4,3244,3450
44b6_87bba6c4,3245,3467
44b6_87bba6c4,3246,3504
44b6_87bba6c4,3247,3486
44b6_87bba6c4,3248,3447
44b6_87bba6c4,3249,3448
44b6_87bba6c4,3250,3509
44b6_87bba6c4,3251,3475
44b6_87bba6c4,3252,3498
44b6_87bba6c4,3253,3499
44b6_87bba6c4,3255,3513
44b6_87bba6c4,3256,3462
44b6_87bba6c4,3258,3512
44b6_87bba6c4,3259,3515
44b6_87bba6c4,3260,3424
44b6_87bba6c4,3261,3563
44b6_87bba6c4,3262,3521
44b6_87bba6c4,3264,3491
44b6_87bba6c4,3265,3495
44b6_87bba6c4,3266,3538
44b6_87bba6c4,3267,3543
44b6_87bba6c4,3268,3528
44b6_87bba6c4,3269,3542
44b6_87bba6c4,3270,3541
44b6_87bba6c4,3271,3525
44b6_87bba6c4,3274,3481
44b6_87bba6c4,3275,3507
44b6_87bba6c4,3277,3468
44b6_87bba6c4,3278,3508
44b6_87bba6c4,3279,3523
44b6_87bba6c4,3280,3575
44b6_87bba6c4,3281,3531
44b6_87bba6c4,3283,3506
44b6_87bba6c4,3284,3558
44b6_87bba6c4,3285,3492
44b6_87bba6c4,3286,3529
44b6_87bba6c4,3288,3501
44b6_87bba6c4,3289,3536
44b6_87bba6c4,3290,3552
44b6_87bba6c4,3291,3534
44b6_87bba6c4,3293,3530
44b6_87bba6c4,3296,3547
44b6_87bba6c4,3300,3557
44b6_87bba6c4,3302,3539
44b6_87bba6c4,3305,3516
44b6_87bba6c4,3306,3473
44b6_87bba6c4,3307,3540
44b6_87bba6c4,3309,3519
44b6_87bba6c4,3310,3555
44b6_87bba6c4,3311,3537
44b6_87bba6c4,3314,3579
44b6_87bba6c4,3315,3520
44b6_87bba6c4,3317,3581
44b6_87bba6c4,3318,3572
44b6_87bba6c4,3319,3583
44b6_87bba6c4,3320,3574
44b6_87bba6c4,3322,3533
44b6_87bba6c4,3323,3510
44b6_87bba6c4,3324,3549
44b6_87bba6c4,3325,3556
44b6_87bba6c4,3326,3578
44b6_87bba6c4,3328,3585
44b6_87bba6c4,3333,3589
44b6_87bba6c4,3334,3587
44b6_87bba6c4,3335,3591
44b6_87bba6c4,3336,3590
44b6_87bba6c4,3337,3597
44b6_87bba6c4,3338,3593
44b6_87bba6c4,3339,3592
44b6_87bba6c4,3340,3601
44b6_87bba6c4,3341,3596
44b6_87bba6c4,3342,3599
44b6_87bba6c4,3343,3600
44b6_87bba6c4,3345,3605
44b6_87bba6c4,3346,3613
44b6_87bba6c4,3347,3621
44b6_87bba6c4,3348,3606
44b6_87bba6c4,3349,3618
44b6_87bba6c4,3350,3632
44b6_87bba6c4,3351,3638
44b6_87bba6c4,3352,3611
44b6_87bba6c4,3353,3704
44b6_87bba6c4,3354,3724
44b6_87bba6c4,3355,3607
44b6_87bba6c4,3356,3629
44b6_87bba6c4,3357,3633
44b6_87bba6c4,3358,3656
44b6_87bba6c4,3359,3628
44b6_87bba6c4,3360,3602
44b6_87bba6c4,3361,3669
44b6_87bba6c4,3362,3672
44b6_87bba6c4,3363,3671
44b6_87bba6c4,3364,3616
44b6_87bba6c4,3365,3614
44b6_87bba6c4,3366,3681
44b6_87bba6c4,3367,3610
44b6_87bba6c4,3368,3652
44b6_87bba6c4,3369,3595
44b6_87bba6c4,3370,3662
44b6_87bba6c4,3371,3649
44b6_87bba6c4,3372,3608
44b6_87bba6c4,3373,3651
44b6_87bba6c4,3374,3733
44b6_87bba6c4,3375,3650
44b6_87bba6c4,3376,3658
44b6_87bba6c4,3377,3624
44b6_87bba6c4,3379,3617
44b6_87bba6c4,3380,3627
44b6_87bba6c4,3381,3620
44b6_87bba6c4,3383,3609
44b6_87bba6c4,3384,3604
44b6_87bba6c4,3385,3653
44b6_87bba6c4,3387,3622
44b6_87bba6c4,3388,3646
44b6_87bba6c4,3389,3668
44b6_87bba6c4,3390,3636
44b6_87bba6c4,3391,3637
44b6_87bba6c4,3394,3798
44b6_87bba6c4,3395,3702
44b6_87bba6c4,3396,3644
44b6_87bba6c4,3397,3640
44b6_87bba6c4,3398,3657
44b6_87bba6c4,3399,3639
44b6_87bba6c4,3400,3666
44b6_87bba6c4,3401,3701
44b6_87bba6c4,3402,3634
44b6_87bba6c4,3403,3727
44b6_87bba6c4,3405,3674
44b6_87bba6c4,3406,3635
44b6_87bba6c4,3407,3670
44b6_87bba6c4,3408,3676
44b6_87bba6c4,3411,3696
44b6_87bba6c4,3412,3692
44b6_87bba6c4,3413,3623
44b6_87bba6c4,3415,3665
44b6_87bba6c4,3416,3664
44b6_87bba6c4,3417,3675
44b6_87bba6c4,3418,3654
44b6_87bba6c4,3419,3679
44b6_87bba6c4,3421,3703
44b6_87bba6c4,3422,3716
44b6_87bba6c4,3423,3728
44b6_87bba6c4,3424,3731
44b6_87bba6c4,3426,3631
44b6_87bba6c4,3428,3707
44b6_87bba6c4,3429,3615
44b6_87bba6c4,3430,3647
44b6_87bba6c4,3431,3683
44b6_87bba6c4,3433,3641
44b6_87bba6c4,3434,3693
44b6_87bba6c4,3436,3711
44b6_87bba6c4,3437,3630
44b6_87bba6c4,3438,3709
44b6_87bba6c4,3439,3746
44b6_87bba6c4,3440,3663
44b6_87bba6c4,3441,3722
44b6_87bba6c4,3442,3813
44b6_87bba6c4,3444,3626
44b6_87bba6c4,3445,3719
44b6_87bba6c4,3446,3710
44b6_87bba6c4,3447,3691
44b6_87bba6c4,3448,3748
44b6_87bba6c4,3449,3688
44b6_87bba6c4,3450,3705
44b6_87bba6c4,3451,3680
44b6_87bba6c4,3452,3698
44b6_87bba6c4,3454,3678
44b6_87bba6c4,3455,3660
44b6_87bba6c4,3457,3708
44b6_87bba6c4,3458,3740
44b6_87bba6c4,3459,3779
44b6_87bba6c4,3460,3655
44b6_87bba6c4,3461,3721
44b6_87bba6c4,3463,3726
44b6_87bba6c4,3465,3777
44b6_87bba6c4,3466,3763
44b6_87bba6c4,3467,3697
44b6_87bba6c4,3468,3789
44b6_87bba6c4,3469,3684
44b6_87bba6c4,3470,3741
44b6_87bba6c4,3471,3715
44b6_87bba6c4,3472,3717
44b6_87bba6c4,3474,3713
44b6_87bba6c4,3475,3695
44b6_87bba6c4,3476,3833
44b6_87bba6c4,3477,3758
44b6_87bba6c4,3479,3706
44b6_87bba6c4,3480,3751
44b6_87bba6c4,3481,3760
44b6_87bba6c4,3483,3788
44b6_87bba6c4,3484,3648
44b6_87bba6c4,3485,3830
44b6_87bba6c4,3487,3732
44b6_87bba6c4,3488,3714
44b6_87bba6c4,3490,3700
44b6_87bba6c4,3491,3718
44b6_87bba6c4,3492,3747
44b6_87bba6c4,3493,3773
44b6_87bba6c4,3495,3811
44b6_87bba6c4,3496,3729
44b6_87bba6c4,3497,3720
44b6_87bba6c4,3498,3764
44b6_87bba6c4,3499,3778
44b6_87bba6c4,3500,3769
44b6_87bba6c4,3501,3738
44b6_87bba6c4,3502,3836
44b6_87bba6c4,3504,3793
44b6_87bba6c4,3507,3806
44b6_87bba6c4,3509,3756
44b6_87bba6c4,3510,3739
44b6_87bba6c4,3511,3801
44b6_87bba6c4,3512,3753
44b6_87bba6c4,3513,3734
44b6_87bba6c4,3515,3781
44b6_87bba6c4,3516,3809
44b6_87bba6c4,3517,3834
44b6_87bba6c4,3520,3755
44b6_87bba6c4,3521,3762
44b6_87bba6c4,3522,3757
44b6_87bba6c4,3523,3765
44b6_87bba6c4,3524,3761
44b6_87bba6c4,3525,3661
44b6_87bba6c4,3526,3786
44b6_87bba6c4,3528,3776
44b6_87bba6c4,3529,3803
44b6_87bba6c4,3531,3832
44b6_87bba6c4,3533,3787
44b6_87bba6c4,3534,3774
44b6_87bba6c4,3535,3785
44b6_87bba6c4,3537,3749
44b6_87bba6c4,3538,3780
44b6_87bba6c4,3540,3795
44b6_87bba6c4,3541,3818
44b6_87bba6c4,3543,3812
44b6_87bba6c4,3544,3802
44b6_87bba6c4,3545,3804
44b6_87bba6c4,3546,3735
44b6_87bba6c4,3547,3800
44b6_87bba6c4,3552,3796
44b6_87bba6c4,3555,3805
44b6_87bba6c4,3556,3842
44b6_87bba6c4,3557,3808
44b6_87bba6c4,3563,3766
44b6_87bba6c4,3564,3794
44b6_87bba6c4,3570,3768
44b6_87bba6c4,3575,3775
44b6_87bba6c4,3579,3816
44b6_87bba6c4,3582,3817
44b6_87bba6c4,3583,3823
44b6_87bba6c4,3585,3839
44b6_87bba6c4,3587,4089
44b6_87bba6c4,3591,3849
44b6_87bba6c4,3593,4023
44b6_87bba6c4,3594,3846
44b6_87bba6c4,3596,3886
44b6_87bba6c4,3598,3992
44b6_87bba6c4,3600,3922
44b6_87bba6c4,3601,3858
44b6_87bba6c4,3602,3990
44b6_87bba6c4,3603,3969
44b6_87bba6c4,3604,3952
44b6_87bba6c4,3605,3875
44b6_87bba6c4,3606,4019
44b6_87bba6c4,3607,3950
44b6_87bba6c4,3609,3936
44b6_87bba6c4,3611,4052
44b6_87bba6c4,3612,3915
44b6_87bba6c4,3613,3935
44b6_87bba6c4,3615,3884
44b6_87bba6c4,3621,3864
44b6_87bba6c4,3622,3932
44b6_87bba6c4,3623,3931
44b6_87bba6c4,3624,3869
44b6_87bba6c4,3625,3863
44b6_87bba6c4,3628,3847
44b6_87bba6c4,3631,3892
44b6_87bba6c4,3632,3924
44b6_87bba6c4,3633,3917
44b6_87bba6c4,3637,3916
44b6_87bba6c4,3638,3855
44b6_87bba6c4,3642,3862
44b6_87bba6c4,3643,3908
44b6_87bba6c4,3644,3940
44b6_87bba6c4,3646,4032
44b6_87bba6c4,3648,3919
44b6_87bba6c4,3650,3861
44b6_87bba6c4,3651,4007
44b6_87bba6c4,3653,3907
44b6_87bba6c4,3654,3866
44b6_87bba6c4,3656,3925
44b6_87bba6c4,3657,3976
44b6_87bba6c4,3658,3939
44b6_87bba6c4,3659,3983
44b6_87bba6c4,3661,3971
44b6_87bba6c4,3662,3914
44b6_87bba6c4,3667,3873
44b6_87bba6c4,3669,4086
44b6_87bba6c4,3670,4068
44b6_87bba6c4,3671,3848
44b6_87bba6c4,3675,4025
44b6_87bba6c4,3677,4043
44b6_87bba6c4,3678,3888
44b6_87bba6c4,3679,3899
44b6_87bba6c4,3682,4046
44b6_87bba6c4,3683,3945
44b6_87bba6c4,3684,3928
44b6_87bba6c4,3689,3890
44b6_87bba6c4,3690,3854
44b6_87bba6c4,3691,3930
44b6_87bba6c4,3694,3955
44b6_87bba6c4,3695,3857
44b6_87bba6c4,3696,3909
44b6_87bba6c4,3698,3926
44b6_87bba6c4,3699,3943
44b6_87bba6c4,3700,3865
44b6_87bba6c4,3704,4040
44b6_87bba6c4,3706,3880
44b6_87bba6c4,3707,3868
44b6_87bba6c4,3708,4041
44b6_87bba6c4,3710,3878
44b6_87bba6c4,3711,3970
44b6_87bba6c4,3712,3953
44b6_87bba6c4,3713,3989
44b6_87bba6c4,3715,4024
44b6_87bba6c4,3716,3985
44b6_87bba6c4,3720,3958
44b6_87bba6c4,3722,3987
44b6_87bba6c4,3724,3956
44b6_87bba6c4,3725,4050
44b6_87bba6c4,3726,3929
44b6_87bba6c4,3732,4028
44b6_87bba6c4,3733,3988
44b6_87bba6c4,3735,4000
44b6_87bba6c4,3736,3895
44b6_87bba6c4,3738,3906
44b6_87bba6c4,3739,4056
44b6_87bba6c4,3740,3964
44b6_87bba6c4,3741,3911
44b6_87bba6c4,3744,3902
44b6_87bba6c4,3745,3994
44b6_87bba6c4,3746,3860
44b6_87bba6c4,3749,4078
44b6_87bba6c4,3751,4055
44b6_87bba6c4,3752,4002
44b6_87bba6c4,3753,3986
44b6_87bba6c4,3754,4006
44b6_87bba6c4,3756,4064
44b6_87bba6c4,3758,3910
44b6_87bba6c4,3761,3934
44b6_87bba6c4,3765,3951
44b6_87bba6c4,3770,3993
44b6_87bba6c4,3773,4067
44b6_87bba6c4,3774,4037
44b6_87bba6c4,3775,3967
44b6_87bba6c4,3776,4074
44b6_87bba6c4,3777,3978
44b6_87bba6c4,3788,4017
44b6_87bba6c4,3789,3850
44b6_87bba6c4,3790,4042
44b6_87bba6c4,3801,3893
44b6_87bba6c4,3808,4057
44b6_87bba6c4,3811,3948
44b6_87bba6c4,3812,3859
44b6_87bba6c4,3813,4033
44b6_87bba6c4,3824,3982
44b6_87bba6c4,3831,4062
44b6_87bba6c4,3841,4080
44b6_87bba6c4,3843,4093
44b6_87bba6c4,3844,4096
44b6_87bba6c4,3845,4098
44b6_87bba6c4,3846,4177
44b6_87bba6c4,3847,4106
44b6_87bba6c4,3848,4095
44b6_87bba6c4,3849,4101
44b6_87bba6c4,3850,4338
44b6_87bba6c4,3851,4104
44b6_87bba6c4,3852,4121
44b6_87bba6c4,3853,4136
44b6_87bba6c4,3854,4102
44b6_87bba6c4,3855,4097
44b6_87bba6c4,3856,4186
44b6_87bba6c4,3857,4114
44b6_87bba6c4,3858,4094
44b6_87bba6c4,3859,4105
44b6_87bba6c4,3860,4129
44b6_87bba6c4,3861,4109
44b6_87bba6c4,3862,4138
44b6_87bba6c4,3863,4112
44b6_87bba6c4,3864,4110
44b6_87bba6c4,3865,4118
44b6_87bba6c4,3866,4117
44b6_87bba6c4,3867,4103
44b6_87bba6c4,3868,4185
44b6_87bba6c4,3869,4107
44b6_87bba6c4,3870,4187
44b6_87bba6c4,3871,4134
44b6_87bba6c4,3872,4111
44b6_87bba6c4,3873,4147
44b6_87bba6c4,3874,4151
44b6_87bba6c4,3875,4122
44b6_87bba6c4,3876,4100
44b6_87bba6c4,3877,4126
44b6_87bba6c4,3878,4180
44b6_87bba6c4,3879,4195
44b6_87bba6c4,3880,4139
44b6_87bba6c4,3881,4157
44b6_87bba6c4,3882,4175
44b6_87bba6c4,3884,4124
44b6_87bba6c4,3885,4199
44b6_87bba6c4,3886,4120
44b6_87bba6c4,3887,4205
44b6_87bba6c4,3888,4178
44b6_87bba6c4,3889,4158
44b6_87bba6c4,3890,4153
44b6_87bba6c4,3891,4193
44b6_87bba6c4,3893,4123
44b6_87bba6c4,3894,4192
44b6_87bba6c4,3895,4108
44b6_87bba6c4,3896,4173
44b6_87bba6c4,3898,4143
44b6_87bba6c4,3900,4116
44b6_87bba6c4,3901,4220
44b6_87bba6c4,3902,4161
44b6_87bba6c4,3903,4237
44b6_87bba6c4,3904,4150
44b6_87bba6c4,3905,4125
44b6_87bba6c4,3906,4188
44b6_87bba6c4,3907,4174
44b6_87bba6c4,3908,4168
44b6_87bba6c4,3909,4201
44b6_87bba6c4,3910,4167
44b6_87bba6c4,3911,4196
44b6_87bba6c4,3912,4145
44b6_87bba6c4,3913,4149
44b6_87bba6c4,3914,4172
44b6_87bba6c4,3915,4191
44b6_87bba6c4,3916,4130
44b6_87bba6c4,3917,4163
44b6_87bba6c4,3918,4183
44b6_87bba6c4,3919,4169
44b6_87bba6c4,3920,4152
44b6_87bba6c4,3921,4159
44b6_87bba6c4,3922,4135
44b6_87bba6c4,3923,4235
44b6_87bba6c4,3924,4165
44b6_87bba6c4,3925,4154
44b6_87bba6c4,3926,4179
44b6_87bba6c4,3927,4197
44b6_87bba6c4,3928,4211
44b6_87bba6c4,3930,4194
44b6_87bba6c4,3931,4128
44b6_87bba6c4,3934,4243
44b6_87bba6c4,3935,4119
44b6_87bba6c4,3936,4132
44b6_87bba6c4,3937,4190
44b6_87bba6c4,3938,4155
44b6_87bba6c4,3939,4156
44b6_87bba6c4,3940,4210
44b6_87bba6c4,3941,4184
44b6_87bba6c4,3942,4224
44b6_87bba6c4,3943,4170
44b6_87bba6c4,3944,4234
44b6_87bba6c4,3945,4189
44b6_87bba6c4,3946,4208
44b6_87bba6c4,3947,4115
44b6_87bba6c4,3948,4256
44b6_87bba6c4,3949,4148
44b6_87bba6c4,3950,4164
44b6_87bba6c4,3951,4166
44b6_87bba6c4,3954,4245
44b6_87bba6c4,3955,4146
44b6_87bba6c4,3956,4304
44b6_87bba6c4,3957,4226
44b6_87bba6c4,3958,4162
44b6_87bba6c4,3959,4142
44b6_87bba6c4,3960,4215
44b6_87bba6c4,3962,4141
44b6_87bba6c4,3963,4160
44b6_87bba6c4,3964,4182
44b6_87bba6c4,3965,4218
44b6_87bba6c4,3966,4202
44b6_87bba6c4,3967,4140
44b6_87bba6c4,3969,4133
44b6_87bba6c4,3971,4231
44b6_87bba6c4,3972,4228
44b6_87bba6c4,3974,4261
44b6_87bba6c4,3976,4246
44b6_87bba6c4,3977,4219
44b6_87bba6c4,3979,4248
44b6_87bba6c4,3980,4257
44b6_87bba6c4,3981,4207
44b6_87bba6c4,3982,4227
44b6_87bba6c4,3983,4214
44b6_87bba6c4,3984,4221
44b6_87bba6c4,3988,4216
44b6_87bba6c4,3989,4259
44b6_87bba6c4,3990,4242
44b6_87bba6c4,3991,4232
44b6_87bba6c4,3993,4204
44b6_87bba6c4,3994,4310
44b6_87bba6c4,3996,4270
44b6_87bba6c4,3997,4247
44b6_87bba6c4,3998,4260
44b6_87bba6c4,3999,4249
44b6_87bba6c4,4000,4206
44b6_87bba6c4,4002,4200
44b6_87bba6c4,4004,4255
44b6_87bba6c4,4005,4299
44b6_87bba6c4,4006,4268
44b6_87bba6c4,4007,4265
44b6_87bba6c4,4008,4236
44b6_87bba6c4,4009,4283
44b6_87bba6c4,4010,4252
44b6_87bba6c4,4011,4272
44b6_87bba6c4,4013,4288
44b6_87bba6c4,4014,4198
44b6_87bba6c4,4015,4223
44b6_87bba6c4,4016,4251
44b6_87bba6c4,4018,4269
44b6_87bba6c4,4019,4127
44b6_87bba6c4,4020,4137
44b6_87bba6c4,4021,4263
44b6_87bba6c4,4022,4240
44b6_87bba6c4,4023,4258
44b6_87bba6c4,4025,4262
44b6_87bba6c4,4028,4267
44b6_87bba6c4,4029,4273
44b6_87bba6c4,4030,4264
44b6_87bba6c4,4031,4307
44b6_87bba6c4,4032,4317
44b6_87bba6c4,4033,4244
44b6_87bba6c4,4034,4295
44b6_87bba6c4,4035,4229
44b6_87bba6c4,4036,4300
44b6_87bba6c4,4037,4271
44b6_87bba6c4,4038,4285
44b6_87bba6c4,4039,4253
44b6_87bba6c4,4040,4282
44b6_87bba6c4,4041,4322
44b6_87bba6c4,4042,4233
44b6_87bba6c4,4043,4276
44b6_87bba6c4,4044,4332
44b6_87bba6c4,4045,4302
44b6_87bba6c4,4046,4312
44b6_87bba6c4,4048,4305
44b6_87bba6c4,4049,4291
44b6_87bba6c4,4050,4296
44b6_87bba6c4,4051,4333
44b6_87bba6c4,4052,4286
44b6_87bba6c4,4056,4303
44b6_87bba6c4,4057,4308
44b6_87bba6c4,4058,4339
44b6_87bba6c4,4061,4340
44b6_87bba6c4,4063,4335
44b6_87bba6c4,4064,4311
44b6_87bba6c4,4066,4325
44b6_87bba6c4,4067,4330
44b6_87bba6c4,4069,4318
44b6_87bba6c4,4070,4324
44b6_87bba6c4,4071,4328
44b6_87bba6c4,4072,4313
44b6_87bba6c4,4074,4319
44b6_87bba6c4,4075,4331
44b6_87bba6c4,4076,4334
44b6_87bba6c4,4077,4266
44b6_87bba6c4,4079,4275
44b6_87bba6c4,4080,4281
44b6_87bba6c4,4082,4329
44b6_87bba6c4,4083,4301
44b6_87bba6c4,4093,4346
44b6_87bba6c4,4094,4348
44b6_87bba6c4,4095,4349
44b6_87bba6c4,4096,4345
44b6_87bba6c4,4097,4347
44b6_87bba6c4,4098,4344
44b6_87bba6c4,4099,4358
44b6_87bba6c4,4100,4433
44b6_87bba6c4,4101,4360
44b6_87bba6c4,4102,4426
44b6_87bba6c4,4103,4376
44b6_87bba6c4,4104,4362
44b6_87bba6c4,4105,4371
44b6_87bba6c4,4106,4373
44b6_87bba6c4,4107,4380
44b6_87bba6c4,4108,4351
44b6_87bba6c4,4109,4368
44b6_87bba6c4,4110,4374
44b6_87bba6c4,4111,4369
44b6_87bba6c4,4112,4382
44b6_87bba6c4,4113,4410
44b6_87bba6c4,4114,4357
44b6_87bba6c4,4115,4354
44b6_87bba6c4,4116,4355
44b6_87bba6c4,4117,4363
44b6_87bba6c4,4118,4389
44b6_87bba6c4,4119,4365
44b6_87bba6c4,4120,4391
44b6_87bba6c4,4121,4399
44b6_87bba6c4,4122,4356
44b6_87bba6c4,4123,4375
44b6_87bba6c4,4124,4384
44b6_87bba6c4,4125,4434
44b6_87bba6c4,4126,4364
44b6_87bba6c4,4127,4398
44b6_87bba6c4,4128,4406
44b6_87bba6c4,4129,4381
44b6_87bba6c4,4130,4421
44b6_87bba6c4,4131,4366
44b6_87bba6c4,4132,4378
44b6_87bba6c4,4133,4441
44b6_87bba6c4,4134,4392
44b6_87bba6c4,4135,4386
44b6_87bba6c4,4136,4403
44b6_87bba6c4,4137,4370
44b6_87bba6c4,4138,4436
44b6_87bba6c4,4139,4448
44b6_87bba6c4,4140,4379
44b6_87bba6c4,4141,4458
44b6_87bba6c4,4142,4383
44b6_87bba6c4,4143,4361
44b6_87bba6c4,4144,4377
44b6_87bba6c4,4145,4367
44b6_87bba6c4,4146,4387
44b6_87bba6c4,4147,4359
44b6_87bba6c4,4148,4388
44b6_87bba6c4,4149,4471
44b6_87bba6c4,4150,4401
44b6_87bba6c4,4151,4447
44b6_87bba6c4,4152,4432
44b6_87bba6c4,4153,4440
44b6_87bba6c4,4155,4420
44b6_87bba6c4,4156,4462
44b6_87bba6c4,4157,4394
44b6_87bba6c4,4158,4397
44b6_87bba6c4,4159,4444
44b6_87bba6c4,4161,4412
44b6_87bba6c4,4162,4393
44b6_87bba6c4,4164,4395
44b6_87bba6c4,4165,4402
44b6_87bba6c4,4167,4408
44b6_87bba6c4,4168,4558
44b6_87bba6c4,4169,4506
44b6_87bba6c4,4170,4400
44b6_87bba6c4,4171,4385
44b6_87bba6c4,4172,4484
44b6_87bba6c4,4173,4419
44b6_87bba6c4,4174,4413
44b6_87bba6c4,4175,4396
44b6_87bba6c4,4176,4352
44b6_87bba6c4,4177,4350
44b6_87bba6c4,4178,4449
44b6_87bba6c4,4179,4415
44b6_87bba6c4,4180,4390
44b6_87bba6c4,4181,4435
44b6_87bba6c4,4182,4450
44b6_87bba6c4,4183,4461
44b6_87bba6c4,4184,4460
44b6_87bba6c4,4185,4504
44b6_87bba6c4,4187,4439
44b6_87bba6c4,4188,4489
44b6_87bba6c4,4189,4430
44b6_87bba6c4,4190,4407
44b6_87bba6c4,4191,4443
44b6_87bba6c4,4192,4428
44b6_87bba6c4,4193,4488
44b6_87bba6c4,4194,4438
44b6_87bba6c4,4195,4431
44b6_87bba6c4,4197,4425
44b6_87bba6c4,4198,4404
44b6_87bba6c4,4199,4452
44b6_87bba6c4,4200,4545
44b6_87bba6c4,4201,4372
44b6_87bba6c4,4202,4409
44b6_87bba6c4,4204,4491
44b6_87bba6c4,4205,4423
44b6_87bba6c4,4206,4466
44b6_87bba6c4,4207,4486
44b6_87bba6c4,4208,4422
44b6_87bba6c4,4209,4417
44b6_87bba6c4,4210,4503
44b6_87bba6c4,4211,4464
44b6_87bba6c4,4212,4453
44b6_87bba6c4,4213,4414
44b6_87bba6c4,4214,4531
44b6_87bba6c4,4215,4472
44b6_87bba6c4,4216,4467
44b6_87bba6c4,4218,4473
44b6_87bba6c4,4220,4455
44b6_87bba6c4,4221,4411
44b6_87bba6c4,4223,4479
44b6_87bba6c4,4224,4477
44b6_87bba6c4,4225,4454
44b6_87bba6c4,4227,4524
44b6_87bba6c4,4229,4501
44b6_87bba6c4,4230,4469
44b6_87bba6c4,4231,4521
44b6_87bba6c4,4232,4480
44b6_87bba6c4,4233,4446
44b6_87bba6c4,4234,4487
44b6_87bba6c4,4235,4478
44b6_87bba6c4,4236,4562
44b6_87bba6c4,4237,4437
44b6_87bba6c4,4239,4517
44b6_87bba6c4,4241,4500
44b6_87bba6c4,4243,4522
44b6_87bba6c4,4244,4529
44b6_87bba6c4,4245,4485
44b6_87bba6c4,4246,4543
44b6_87bba6c4,4247,4515
44b6_87bba6c4,4248,4468
44b6_87bba6c4,4249,4498
44b6_87bba6c4,4250,4563
44b6_87bba6c4,4251,4512
44b6_87bba6c4,4252,4505
44b6_87bba6c4,4253,4474
44b6_87bba6c4,4254,4465
44b6_87bba6c4,4255,4496
44b6_87bba6c4,4256,4602
44b6_87bba6c4,4257,4481
44b6_87bba6c4,4258,4513
44b6_87bba6c4,4259,4463
44b6_87bba6c4,4260,4451
44b6_87bba6c4,4261,4581
44b6_87bba6c4,4262,4535
44b6_87bba6c4,4263,4549
44b6_87bba6c4,4264,4482
44b6_87bba6c4,4265,4539
44b6_87bba6c4,4266,4525
44b6_87bba6c4,4267,4541
44b6_87bba6c4,4268,4544
44b6_87bba6c4,4269,4578
44b6_87bba6c4,4271,4495
44b6_87bba6c4,4272,4476
44b6_87bba6c4,4273,4568
44b6_87bba6c4,4274,4520
44b6_87bba6c4,4276,4579
44b6_87bba6c4,4278,4592
44b6_87bba6c4,4279,4490
44b6_87bba6c4,4280,4470
44b6_87bba6c4,4281,4519
44b6_87bba6c4,4283,4572
44b6_87bba6c4,4284,4565
44b6_87bba6c4,4285,4575
44b6_87bba6c4,4286,4561
44b6_87bba6c4,4287,4497
44b6_87bba6c4,4288,4527
44b6_87bba6c4,4289,4560
44b6_87bba6c4,4290,4580
44b6_87bba6c4,4291,4511
44b6_87bba6c4,4292,4566
44b6_87bba6c4,4293,4494
44b6_87bba6c4,4295,4548
44b6_87bba6c4,4296,4552
44b6_87bba6c4,4301,4555
44b6_87bba6c4,4303,4557
44b6_87bba6c4,4304,4459
44b6_87bba6c4,4305,4499
44b6_87bba6c4,4306,4590
44b6_87bba6c4,4308,4617
44b6_87bba6c4,4309,4577
44b6_87bba6c4,4311,4573
44b6_87bba6c4,4312,4582
44b6_87bba6c4,4313,4600
44b6_87bba6c4,4316,4427
44b6_87bba6c4,4317,4567
44b6_87bba6c4,4318,4584
44b6_87bba6c4,4319,4593
44b6_87bba6c4,4322,4608
44b6_87bba6c4,4324,4601
44b6_87bba6c4,4325,4595
44b6_87bba6c4,4326,4588
44b6_87bba6c4,4328,4606
44b6_87bba6c4,4329,4618
44b6_87bba6c4,4331,4609
44b6_87bba6c4,4332,4493
44b6_87bba6c4,4334,4587
44b6_87bba6c4,4338,4597
44b6_87bba6c4,4339,4596
44b6_87bba6c4,4341,4564
44b6_87bba6c4,4343,4619
44b6_87bba6c4,4344,4669
44b6_87bba6c4,4348,4720
44b6_87bba6c4,4350,4662
44b6_87bba6c4,4351,4637
44b6_87bba6c4,4353,4769
44b6_87bba6c4,4354,4635
44b6_87bba6c4,4356,4638
44b6_87bba6c4,4360,4834
44b6_87bba6c4,4361,4696
44b6_87bba6c4,4362,4626
44b6_87bba6c4,4364,4655
44b6_87bba6c4,4365,4812
44b6_87bba6c4,4367,4627
44b6_87bba6c4,4368,4648
44b6_87bba6c4,4373,4682
44b6_87bba6c4,4374,4674
44b6_87bba6c4,4375,4647
44b6_87bba6c4,4379,4667
44b6_87bba6c4,4380,4691
44b6_87bba6c4,4382,4636
44b6_87bba6c4,4383,4818
44b6_87bba6c4,4384,4715
44b6_87bba6c4,4385,4628
44b6_87bba6c4,4387,4658
44b6_87bba6c4,4389,4766
44b6_87bba6c4,4391,4685
44b6_87bba6c4,4393,4795
44b6_87bba6c4,4394,4661
44b6_87bba6c4,4395,4675
44b6_87bba6c4,4396,4815
44b6_87bba6c4,4397,4760
44b6_87bba6c4,4398,4782
44b6_87bba6c4,4399,4642
44b6_87bba6c4,4402,4777
44b6_87bba6c4,4404,4723
44b6_87bba6c4,4405,4790
44b6_87bba6c4,4406,4840
44b6_87bba6c4,4407,4630
44b6_87bba6c4,4408,4713
44b6_87bba6c4,4413,4703
44b6_87bba6c4,4414,4765
44b6_87bba6c4,4415,4650
44b6_87bba6c4,4416,4755
44b6_87bba6c4,4417,4651
44b6_87bba6c4,4418,4679
44b6_87bba6c4,4419,4634
44b6_87bba6c4,4420,4687
44b6_87bba6c4,4422,4645
44b6_87bba6c4,4423,4761
44b6_87bba6c4,4425,4758
44b6_87bba6c4,4426,4700
44b6_87bba6c4,4428,4804
44b6_87bba6c4,4429,4759
44b6_87bba6c4,4430,4746
44b6_87bba6c4,4432,4741
44b6_87bba6c4,4439,4817
44b6_87bba6c4,4440,4680
44b6_87bba6c4,4442,4779
44b6_87bba6c4,4443,4646
44b6_87bba6c4,4447,4621
44b6_87bba6c4,4448,4745
44b6_87bba6c4,4450,4732
44b6_87bba6c4,4451,4725
44b6_87bba6c4,4452,4710
44b6_87bba6c4,4453,4623
44b6_87bba6c4,4458,4709
44b6_87bba6c4,4460,4752
44b6_87bba6c4,4461,4728
44b6_87bba6c4,4464,4733
44b6_87bba6c4,4466,4707
44b6_87bba6c4,4468,4816
44b6_87bba6c4,4469,4639
44b6_87bba6c4,4471,4791
44b6_87bba6c4,4473,4786
44b6_87bba6c4,4474,4781
44b6_87bba6c4,4476,4692
44b6_87bba6c4,4478,4683
44b6_87bba6c4,4480,4693
44b6_87bba6c4,4481,4783
44b6_87bba6c4,4482,4706
44b6_87bba6c4,4484,4678
44b6_87bba6c4,4485,4729
44b6_87bba6c4,4486,4686
44b6_87bba6c4,4489,4803
44b6_87bba6c4,4493,4792
44b6_87bba6c4,4496,4695
44b6_87bba6c4,4500,4659
44b6_87bba6c4,4501,4773
44b6_87bba6c4,4502,4744
44b6_87bba6c4,4503,4722
44b6_87bba6c4,4506,4698
44b6_87bba6c4,4507,4743
44b6_87bba6c4,4511,4768
44b6_87bba6c4,4517,4885
44b6_87bba6c4,4518,4737
44b6_87bba6c4,4520,4660
44b6_87bba6c4,4521,4730
44b6_87bba6c4,4523,4829
44b6_87bba6c4,4524,4813
44b6_87bba6c4,4526,4671
44b6_87bba6c4,4530,4724
44b6_87bba6c4,4531,4862
44b6_87bba6c4,4533,4738
44b6_87bba6c4,4537,4754
44b6_87bba6c4,4538,4811
44b6_87bba6c4,4544,4739
44b6_87bba6c4,4545,4838
44b6_87bba6c4,4546,4826
44b6_87bba6c4,4550,4820
44b6_87bba6c4,4551,4788
44b6_87bba6c4,4552,4858
44b6_87bba6c4,4555,4894
44b6_87bba6c4,4556,4668
44b6_87bba6c4,4562,4753
44b6_87bba6c4,4565,4775
44b6_87bba6c4,4567,4757
44b6_87bba6c4,4569,4891
44b6_87bba6c4,4572,4886
44b6_87bba6c4,4574,4805
44b6_87bba6c4,4575,4751
44b6_87bba6c4,4576,4770
44b6_87bba6c4,4577,4842
44b6_87bba6c4,4579,4806
44b6_87bba6c4,4580,4881
44b6_87bba6c4,4581,4701
44b6_87bba6c4,4582,4749
44b6_87bba6c4,4586,4837
44b6_87bba6c4,4588,4877
44b6_87bba6c4,4589,4874
44b6_87bba6c4,4593,4866
44b6_87bba6c4,4596,4879
44b6_87bba6c4,4599,4857
44b6_87bba6c4,4608,4747
44b6_87bba6c4,4613,4843
44b6_87bba6c4,4618,4893
44b6_87bba6c4,4620,4919
44b6_87bba6c4,4621,4895
44b6_87bba6c4,4622,4896
44b6_87bba6c4,4623,4897
44b6_87bba6c4,4624,4904
44b6_87bba6c4,4625,4941
44b6_87bba6c4,4626,4898
44b6_87bba6c4,4627,4899
44b6_87bba6c4,4628,4902
44b6_87bba6c4,4629,4901
44b6_87bba6c4,4630,4908
44b6_87bba6c4,4631,4924
44b6_87bba6c4,4632,5065
44b6_87bba6c4,4633,4911
44b6_87bba6c4,4634,4928
44b6_87bba6c4,4635,4923
44b6_87bba6c4,4636,4916
44b6_87bba6c4,4637,4931
44b6_87bba6c4,4638,4910
44b6_87bba6c4,4639,4915
44b6_87bba6c4,4640,4926
44b6_87bba6c4,4641,4905
44b6_87bba6c4,4642,4930
44b6_87bba6c4,4643,4925
44b6_87bba6c4,4644,4912
44b6_87bba6c4,4645,4913
44b6_87bba6c4,4646,4920
44b6_87bba6c4,4647,4963
44b6_87bba6c4,4648,4909
44b6_87bba6c4,4649,4917
44b6_87bba6c4,4650,4939
44b6_87bba6c4,4651,4993
44b6_87bba6c4,4652,4959
44b6_87bba6c4,4655,4940
44b6_87bba6c4,4656,4955
44b6_87bba6c4,4658,4914
44b6_87bba6c4,4659,4938
44b6_87bba6c4,4660,4986
44b6_87bba6c4,4661,4933
44b6_87bba6c4,4662,5027
44b6_87bba6c4,4664,4960
44b6_87bba6c4,4665,4970
44b6_87bba6c4,4666,4934
44b6_87bba6c4,4667,4976
44b6_87bba6c4,4668,4978
44b6_87bba6c4,4669,4937
44b6_87bba6c4,4670,4935
44b6_87bba6c4,4671,4918
44b6_87bba6c4,4672,4942
44b6_87bba6c4,4673,4946
44b6_87bba6c4,4674,4927
44b6_87bba6c4,4675,4967
44b6_87bba6c4,4676,4974
44b6_87bba6c4,4677,5052
44b6_87bba6c4,4678,5025
44b6_87bba6c4,4679,4961
44b6_87bba6c4,4680,4949
44b6_87bba6c4,4681,4975
44b6_87bba6c4,4683,4964
44b6_87bba6c4,4685,4936
44b6_87bba6c4,4686,4945
44b6_87bba6c4,4687,4989
44b6_87bba6c4,4688,4903
44b6_87bba6c4,4689,4948
44b6_87bba6c4,4690,5008
44b6_87bba6c4,4691,5006
44b6_87bba6c4,4692,4983
44b6_87bba6c4,4693,4979
44b6_87bba6c4,4694,5012
44b6_87bba6c4,4695,4969
44b6_87bba6c4,4696,4952
44b6_87bba6c4,4697,4972
44b6_87bba6c4,4698,4991
44b6_87bba6c4,4699,5038
44b6_87bba6c4,4700,4985
44b6_87bba6c4,4702,4997
44b6_87bba6c4,4703,4966
44b6_87bba6c4,4704,4950
44b6_87bba6c4,4705,4998
44b6_87bba6c4,4706,4973
44b6_87bba6c4,4707,4990
44b6_87bba6c4,4709,4999
44b6_87bba6c4,4710,4922
44b6_87bba6c4,4711,4980
44b6_87bba6c4,4713,4944
44b6_87bba6c4,4714,5024
44b6_87bba6c4,4715,4957
44b6_87bba6c4,4717,4943
44b6_87bba6c4,4718,4996
44b6_87bba6c4,4719,4947
44b6_87bba6c4,4720,5113
44b6_87bba6c4,4721,5011
44b6_87bba6c4,4722,5036
44b6_87bba6c4,4723,5001
44b6_87bba6c4,4724,4958
44b6_87bba6c4,4725,4984
44b6_87bba6c4,4726,5053
44b6_87bba6c4,4727,5080
44b6_87bba6c4,4728,4982
44b6_87bba6c4,4729,4995
44b6_87bba6c4,4730,5075
44b6_87bba6c4,4731,5041
44b6_87bba6c4,4732,5083
44b6_87bba6c4,4733,5004
44b6_87bba6c4,4734,5066
44b6_87bba6c4,4735,5014
44b6_87bba6c4,4736,4981
44b6_87bba6c4,4737,5045
44b6_87bba6c4,4738,5028
44b6_87bba6c4,4739,4962
44b6_87bba6c4,4740,4953
44b6_87bba6c4,4741,4971
44b6_87bba6c4,4742,5090
44b6_87bba6c4,4743,5017
44b6_87bba6c4,4744,5060
44b6_87bba6c4,4745,5021
44b6_87bba6c4,4746,5005
44b6_87bba6c4,4748,4977
44b6_87bba6c4,4750,4992
44b6_87bba6c4,4751,5019
44b6_87bba6c4,4752,5046
44b6_87bba6c4,4753,5042
44b6_87bba6c4,4755,5026
44b6_87bba6c4,4757,5044
44b6_87bba6c4,4758,4956
44b6_87bba6c4,4760,5055
44b6_87bba6c4,4761,5002
44b6_87bba6c4,4762,5058
44b6_87bba6c4,4763,5018
44b6_87bba6c4,4764,5039
44b6_87bba6c4,4766,5029
44b6_87bba6c4,4768,5000
44b6_87bba6c4,4769,5103
44b6_87bba6c4,4770,5074
44b6_87bba6c4,4771,5127
44b6_87bba6c4,4772,5104
44b6_87bba6c4,4773,5030
44b6_87bba6c4,4774,5105
44b6_87bba6c4,4775,5043
44b6_87bba6c4,4776,5049
44b6_87bba6c4,4777,5070
44b6_87bba6c4,4778,5054
44b6_87bba6c4,4779,5047
44b6_87bba6c4,4780,5094
44b6_87bba6c4,4781,5050
44b6_87bba6c4,4782,4951
44b6_87bba6c4,4785,5106
44b6_87bba6c4,4786,5072
44b6_87bba6c4,4787,5081
44b6_87bba6c4,4789,5100
44b6_87bba6c4,4790,5088
44b6_87bba6c4,4791,5128
44b6_87bba6c4,4793,5118
44b6_87bba6c4,4794,5015
44b6_87bba6c4,4795,5016
44b6_87bba6c4,4796,5086
44b6_87bba6c4,4797,5167
44b6_87bba6c4,4798,5108
44b6_87bba6c4,4799,5010
44b6_87bba6c4,4800,4988
44b6_87bba6c4,4801,5076
44b6_87bba6c4,4802,5020
44b6_87bba6c4,4803,5087
44b6_87bba6c4,4804,5110
44b6_87bba6c4,4805,5032
44b6_87bba6c4,4806,5077
44b6_87bba6c4,4807,5067
44b6_87bba6c4,4809,5095
44b6_87bba6c4,4810,5123
44b6_87bba6c4,4812,5101
44b6_87bba6c4,4814,5013
44b6_87bba6c4,4815,5091
44b6_87bba6c4,4816,5082
44b6_87bba6c4,4817,5120
44b6_87bba6c4,4818,5048
44b6_87bba6c4,4819,5078
44b6_87bba6c4,4821,5143
44b6_87bba6c4,4822,5116
44b6_87bba6c4,4823,5071
44b6_87bba6c4,4824,5119
44b6_87bba6c4,4825,5099
44b6_87bba6c4,4826,5133
44b6_87bba6c4,4827,5163
44b6_87bba6c4,4828,5035
44b6_87bba6c4,4829,5155
44b6_87bba6c4,4830,4987
44b6_87bba6c4,4832,5132
44b6_87bba6c4,4835,5126
44b6_87bba6c4,4836,5125
44b6_87bba6c4,4837,5093
44b6_87bba6c4,4839,5138
44b6_87bba6c4,4840,5062
44b6_87bba6c4,4842,5142
44b6_87bba6c4,4843,5151
44b6_87bba6c4,4844,5162
44b6_87bba6c4,4845,5169
44b6_87bba6c4,4846,5124
44b6_87bba6c4,4850,5136
44b6_87bba6c4,4851,5130
44b6_87bba6c4,4855,5135
44b6_87bba6c4,4857,5144
44b6_87bba6c4,4860,5166
44b6_87bba6c4,4861,5165
44b6_87bba6c4,4862,5145
44b6_87bba6c4,4863,5109
44b6_87bba6c4,4864,5164
44b6_87bba6c4,4866,5084
44b6_87bba6c4,4868,5137
44b6_87bba6c4,4872,5114
44b6_87bba6c4,4873,5121
44b6_87bba6c4,4876,5129
44b6_87bba6c4,4877,5159
44b6_87bba6c4,4878,5149
44b6_87bba6c4,4880,5150
44b6_87bba6c4,4881,5177
44b6_87bba6c4,4882,5148
44b6_87bba6c4,4885,5057
44b6_87bba6c4,4888,5172
44b6_87bba6c4,4893,5156
44b6_87bba6c4,4894,5168
44b6_87bba6c4,4895,5182
44b6_87bba6c4,4896,5184
44b6_87bba6c4,4897,5183
44b6_87bba6c4,4898,5210
44b6_87bba6c4,4899,5189
44b6_87bba6c4,4900,5186
44b6_87bba6c4,4901,5188
44b6_87bba6c4,4902,5181
44b6_87bba6c4,4903,5190
44b6_87bba6c4,4904,5229
44b6_87bba6c4,4905,5192
44b6_87bba6c4,4906,5198
44b6_87bba6c4,4907,5200
44b6_87bba6c4,4908,5222
44b6_87bba6c4,4909,5204
44b6_87bba6c4,4910,5194
44b6_87bba6c4,4911,5196
44b6_87bba6c4,4912,5195
44b6_87bba6c4,4913,5217
44b6_87bba6c4,4914,5191
44b6_87bba6c4,4915,5187
44b6_87bba6c4,4916,5202
44b6_87bba6c4,4917,5197
44b6_87bba6c4,4918,5212
44b6_87bba6c4,4919,5223
44b6_87bba6c4,4920,5203
44b6_87bba6c4,4921,5185
44b6_87bba6c4,4922,5216
44b6_87bba6c4,4923,5248
44b6_87bba6c4,4924,5219
44b6_87bba6c4,4925,5193
44b6_87bba6c4,4926,5224
44b6_87bba6c4,4927,5243
44b6_87bba6c4,4928,5211
44b6_87bba6c4,4929,5257
44b6_87bba6c4,4930,5205
44b6_87bba6c4,4932,5226
44b6_87bba6c4,4933,5220
44b6_87bba6c4,4934,5263
44b6_87bba6c4,4935,5407
44b6_87bba6c4,4936,5215
44b6_87bba6c4,4937,5239
44b6_87bba6c4,4938,5242
44b6_87bba6c4,4939,5245
44b6_87bba6c4,4940,5209
44b6_87bba6c4,4941,5258
44b6_87bba6c4,4944,5207
44b6_87bba6c4,4945,5320
44b6_87bba6c4,4946,5241
44b6_87bba6c4,4947,5199
44b6_87bba6c4,4949,5213
44b6_87bba6c4,4950,5235
44b6_87bba6c4,4951,5289
44b6_87bba6c4,4952,5233
44b6_87bba6c4,4953,5294
44b6_87bba6c4,4954,5208
44b6_87bba6c4,4955,5261
44b6_87bba6c4,4956,5276
44b6_87bba6c4,4957,5218
44b6_87bba6c4,4958,5271
44b6_87bba6c4,4959,5244
44b6_87bba6c4,4960,5322
44b6_87bba6c4,4961,5250
44b6_87bba6c4,4962,5268
44b6_87bba6c4,4963,5296
44b6_87bba6c4,4964,5285
44b6_87bba6c4,4966,5262
44b6_87bba6c4,4967,5236
44b6_87bba6c4,4968,5274
44b6_87bba6c4,4969,5254
44b6_87bba6c4,4970,5340
44b6_87bba6c4,4971,5225
44b6_87bba6c4,4972,5305
44b6_87bba6c4,4974,5249
44b6_87bba6c4,4975,5267
44b6_87bba6c4,4976,5278
44b6_87bba6c4,4977,5298
44b6_87bba6c4,4978,5252
44b6_87bba6c4,4979,5286
44b6_87bba6c4,4980,5309
44b6_87bba6c4,4981,5288
44b6_87bba6c4,4982,5270
44b6_87bba6c4,4983,5206
44b6_87bba6c4,4984,5251
44b6_87bba6c4,4985,5293
44b6_87bba6c4,4986,5256
44b6_87bba6c4,4988,5234
44b6_87bba6c4,4989,5260
44b6_87bba6c4,4990,5282
44b6_87bba6c4,4991,5253
44b6_87bba6c4,4992,5232
44b6_87bba6c4,4993,5275
44b6_87bba6c4,4994,5306
44b6_87bba6c4,4995,5300
44b6_87bba6c4,4996,5311
44b6_87bba6c4,4997,5304
44b6_87bba6c4,4998,5273
44b6_87bba6c4,4999,5280
44b6_87bba6c4,5000,5371
44b6_87bba6c4,5001,5238
44b6_87bba6c4,5003,5299
44b6_87bba6c4,5004,5265
44b6_87bba6c4,5005,5351
44b6_87bba6c4,5006,5269
44b6_87bba6c4,5007,5328
44b6_87bba6c4,5008,5240
44b6_87bba6c4,5012,5291
44b6_87bba6c4,5014,5302
44b6_87bba6c4,5015,5319
44b6_87bba6c4,5017,5214
44b6_87bba6c4,5018,5329
44b6_87bba6c4,5019,5318
44b6_87bba6c4,5020,5378
44b6_87bba6c4,5021,5337
44b6_87bba6c4,5023,5315
44b6_87bba6c4,5024,5287
44b6_87bba6c4,5026,5301
44b6_87bba6c4,5027,5404
44b6_87bba6c4,5028,5330
44b6_87bba6c4,5029,5370
44b6_87bba6c4,5030,5292
44b6_87bba6c4,5031,5264
44b6_87bba6c4,5032,5349
44b6_87bba6c4,5033,5281
44b6_87bba6c4,5035,5353
44b6_87bba6c4,5038,5321
44b6_87bba6c4,5039,5383
44b6_87bba6c4,5040,5389
44b6_87bba6c4,5041,5332
44b6_87bba6c4,5042,5339
44b6_87bba6c4,5043,5364
44b6_87bba6c4,5044,5355
44b6_87bba6c4,5045,5346
44b6_87bba6c4,5046,5297
44b6_87bba6c4,5047,5356
44b6_87bba6c4,5049,5333
44b6_87bba6c4,5050,5381
44b6_87bba6c4,5051,5342
44b6_87bba6c4,5052,5438
44b6_87bba6c4,5053,5361
44b6_87bba6c4,5054,5358
44b6_87bba6c4,5055,5272
44b6_87bba6c4,5056,5325
44b6_87bba6c4,5057,5290
44b6_87bba6c4,5058,5336
44b6_87bba6c4,5059,5326
44b6_87bba6c4,5060,5308
44b6_87bba6c4,5062,5255
44b6_87bba6c4,5063,5284
44b6_87bba6c4,5066,5313
44b6_87bba6c4,5068,5323
44b6_87bba6c4,5071,5403
44b6_87bba6c4,5072,5376
44b6_87bba6c4,5073,5350
44b6_87bba6c4,5074,5411
44b6_87bba6c4,5075,5372
44b6_87bba6c4,5076,5354
44b6_87bba6c4,5077,5344
44b6_87bba6c4,5078,5416
44b6_87bba6c4,5079,5338
44b6_87bba6c4,5080,5295
44b6_87bba6c4,5081,5343
44b6_87bba6c4,5082,5368
44b6_87bba6c4,5083,5400
44b6_87bba6c4,5087,5369
44b6_87bba6c4,5088,5377
44b6_87bba6c4,5089,5398
44b6_87bba6c4,5090,5362
44b6_87bba6c4,5091,5375
44b6_87bba6c4,5092,5357
44b6_87bba6c4,5094,5331
44b6_87bba6c4,5097,5386
44b6_87bba6c4,5098,5277
44b6_87bba6c4,5099,5402
44b6_87bba6c4,5101,5335
44b6_87bba6c4,5102,5303
44b6_87bba6c4,5104,5374
44b6_87bba6c4,5105,5348
44b6_87bba6c4,5106,5382
44b6_87bba6c4,5107,5397
44b6_87bba6c4,5108,5324
44b6_87bba6c4,5110,5352
44b6_87bba6c4,5113,5365
44b6_87bba6c4,5114,5418
44b6_87bba6c4,5115,5415
44b6_87bba6c4,5116,5458
44b6_87bba6c4,5118,5310
44b6_87bba6c4,5119,5391
44b6_87bba6c4,5120,5419
44b6_87bba6c4,5121,5390
44b6_87bba6c4,5122,5312
44b6_87bba6c4,5123,5409
44b6_87bba6c4,5124,5408
44b6_87bba6c4,5125,5399
44b6_87bba6c4,5126,5385
44b6_87bba6c4,5128,5380
44b6_87bba6c4,5130,5440
44b6_87bba6c4,5132,5393
44b6_87bba6c4,5133,5405
44b6_87bba6c4,5134,5442
44b6_87bba6c4,5135,5387
44b6_87bba6c4,5136,5392
44b6_87bba6c4,5137,5414
44b6_87bba6c4,5140,5396
44b6_87bba6c4,5141,5448
44b6_87bba6c4,5142,5430
44b6_87bba6c4,5143,5423
44b6_87bba6c4,5144,5412
44b6_87bba6c4,5148,5441
44b6_87bba6c4,5150,5433
44b6_87bba6c4,5152,5453
44b6_87bba6c4,5153,5314
44b6_87bba6c4,5154,5445
44b6_87bba6c4,5156,5436
44b6_87bba6c4,5159,5394
44b6_87bba6c4,5160,5437
44b6_87bba6c4,5163,5465
44b6_87bba6c4,5165,5451
44b6_87bba6c4,5166,5454
44b6_87bba6c4,5167,5434
44b6_87bba6c4,5168,5432
44b6_87bba6c4,5169,5463
44b6_87bba6c4,5176,5443
44b6_87bba6c4,5181,5494
44b6_87bba6c4,5182,5468
44b6_87bba6c4,5183,5466
44b6_87bba6c4,5184,5472
44b6_87bba6c4,5185,5469
44b6_87bba6c4,5186,5467
44b6_87bba6c4,5187,5496
44b6_87bba6c4,5188,5490
44b6_87bba6c4,5189,5475
44b6_87bba6c4,5190,5501
44b6_87bba6c4,5191,5487
44b6_87bba6c4,5192,5476
44b6_87bba6c4,5193,5473
44b6_87bba6c4,5194,5480
44b6_87bba6c4,5196,5478
44b6_87bba6c4,5197,5485
44b6_87bba6c4,5198,5470
44b6_87bba6c4,5199,5484
44b6_87bba6c4,5200,5586
44b6_87bba6c4,5201,5483
44b6_87bba6c4,5202,5482
44b6_87bba6c4,5203,5493
44b6_87bba6c4,5204,5477
44b6_87bba6c4,5205,5491
44b6_87bba6c4,5206,5540
44b6_87bba6c4,5207,5498
44b6_87bba6c4,5208,5481
44b6_87bba6c4,5209,5489
44b6_87bba6c4,5210,5617
44b6_87bba6c4,5211,5552
44b6_87bba6c4,5212,5505
44b6_87bba6c4,5213,5526
44b6_87bba6c4,5214,5513
44b6_87bba6c4,5215,5532
44b6_87bba6c4,5216,5509
44b6_87bba6c4,5217,5520
44b6_87bba6c4,5218,5515
44b6_87bba6c4,5219,5514
44b6_87bba6c4,5220,5506
44b6_87bba6c4,5221,5591
44b6_87bba6c4,5223,5554
44b6_87bba6c4,5224,5521
44b6_87bba6c4,5225,5527
44b6_87bba6c4,5226,5495
44b6_87bba6c4,5227,5492
44b6_87bba6c4,5228,5510
44b6_87bba6c4,5229,5524
44b6_87bba6c4,5230,5517
44b6_87bba6c4,5231,5471
44b6_87bba6c4,5232,5528
44b6_87bba6c4,5233,5516
44b6_87bba6c4,5234,5587
44b6_87bba6c4,5235,5512
44b6_87bba6c4,5236,5539
44b6_87bba6c4,5237,5560
44b6_87bba6c4,5238,5543
44b6_87bba6c4,5239,5531
44b6_87bba6c4,5240,5488
44b6_87bba6c4,5241,5507
44b6_87bba6c4,5242,5544
44b6_87bba6c4,5243,5486
44b6_87bba6c4,5244,5522
44b6_87bba6c4,5245,5508
44b6_87bba6c4,5246,5500
44b6_87bba6c4,5247,5555
44b6_87bba6c4,5248,5541
44b6_87bba6c4,5249,5583
44b6_87bba6c4,5250,5537
44b6_87bba6c4,5251,5580
44b6_87bba6c4,5252,5573
44b6_87bba6c4,5253,5602
44b6_87bba6c4,5254,5549
44b6_87bba6c4,5255,5572
44b6_87bba6c4,5256,5579
44b6_87bba6c4,5257,5504
44b6_87bba6c4,5258,5597
44b6_87bba6c4,5259,5600
44b6_87bba6c4,5261,5502
44b6_87bba6c4,5262,5657
44b6_87bba6c4,5263,5518
44b6_87bba6c4,5264,5557
44b6_87bba6c4,5265,5525
44b6_87bba6c4,5266,5535
44b6_87bba6c4,5267,5553
44b6_87bba6c4,5268,5536
44b6_87bba6c4,5269,5562
44b6_87bba6c4,5270,5529
44b6_87bba6c4,5271,5503
44b6_87bba6c4,5272,5497
44b6_87bba6c4,5273,5523
44b6_87bba6c4,5274,5558
44b6_87bba6c4,5275,5551
44b6_87bba6c4,5276,5559
44b6_87bba6c4,5278,5519
44b6_87bba6c4,5280,5570
44b6_87bba6c4,5281,5604
44b6_87bba6c4,5283,5574
44b6_87bba6c4,5285,5595
44b6_87bba6c4,5286,5542
44b6_87bba6c4,5287,5533
44b6_87bba6c4,5288,5609
44b6_87bba6c4,5289,5546
44b6_87bba6c4,5290,5653
44b6_87bba6c4,5291,5561
44b6_87bba6c4,5292,5674
44b6_87bba6c4,5293,5564
44b6_87bba6c4,5294,5530
44b6_87bba6c4,5295,5547
44b6_87bba6c4,5296,5499
44b6_87bba6c4,5297,5646
44b6_87bba6c4,5298,5598
44b6_87bba6c4,5299,5621
44b6_87bba6c4,5301,5632
44b6_87bba6c4,5302,5637
44b6_87bba6c4,5304,5581
44b6_87bba6c4,5305,5671
44b6_87bba6c4,5306,5593
44b6_87bba6c4,5307,5603
44b6_87bba6c4,5308,5577
44b6_87bba6c4,5309,5618
44b6_87bba6c4,5310,5610
44b6_87bba6c4,5311,5576
44b6_87bba6c4,5313,5714
44b6_87bba6c4,5314,5601
44b6_87bba6c4,5315,5548
44b6_87bba6c4,5317,5589
44b6_87bba6c4,5318,5575
44b6_87bba6c4,5319,5666
44b6_87bba6c4,5320,5563
44b6_87bba6c4,5321,5565
44b6_87bba6c4,5323,5538
44b6_87bba6c4,5325,5588
44b6_87bba6c4,5327,5624
44b6_87bba6c4,5328,5689
44b6_87bba6c4,5329,5628
44b6_87bba6c4,5330,5614
44b6_87bba6c4,5331,5599
44b6_87bba6c4,5332,5568
44b6_87bba6c4,5333,5607
44b6_87bba6c4,5335,5647
44b6_87bba6c4,5336,5567
44b6_87bba6c4,5338,5584
44b6_87bba6c4,5339,5651
44b6_87bba6c4,5340,5582
44b6_87bba6c4,5341,5639
44b6_87bba6c4,5343,5634
44b6_87bba6c4,5344,5678
44b6_87bba6c4,5345,5643
44b6_87bba6c4,5346,5722
44b6_87bba6c4,5348,5511
44b6_87bba6c4,5349,5669
44b6_87bba6c4,5350,5661
44b6_87bba6c4,5351,5578
44b6_87bba6c4,5352,5616
44b6_87bba6c4,5353,5676
44b6_87bba6c4,5354,5664
44b6_87bba6c4,5355,5596
44b6_87bba6c4,5356,5641
44b6_87bba6c4,5357,5716
44b6_87bba6c4,5358,5655
44b6_87bba6c4,5359,5627
44b6_87bba6c4,5360,5743
44b6_87bba6c4,5361,5660
44b6_87bba6c4,5362,5590
44b6_87bba6c4,5363,5630
44b6_87bba6c4,5364,5693
44b6_87bba6c4,5365,5611
44b6_87bba6c4,5366,5615
44b6_87bba6c4,5367,5638
44b6_87bba6c4,5368,5684
44b6_87bba6c4,5369,5640
44b6_87bba6c4,5371,5648
44b6_87bba6c4,5372,5613
44b6_87bba6c4,5373,5654
44b6_87bba6c4,5374,5672
44b6_87bba6c4,5375,5667
44b6_87bba6c4,5376,5623
44b6_87bba6c4,5377,5633
44b6_87bba6c4,5378,5677
44b6_87bba6c4,5380,5706
44b6_87bba6c4,5382,5636
44b6_87bba6c4,5383,5681
44b6_87bba6c4,5384,5620
44b6_87bba6c4,5385,5704
44b6_87bba6c4,5386,5626
44b6_87bba6c4,5387,5679
44b6_87bba6c4,5390,5683
44b6_87bba6c4,5391,5659
44b6_87bba6c4,5392,5709
44b6_87bba6c4,5393,5688
44b6_87bba6c4,5397,5720
44b6_87bba6c4,5398,5696
44b6_87bba6c4,5399,5652
44b6_87bba6c4,5400,5673
44b6_87bba6c4,5401,5698
44b6_87bba6c4,5403,5729
44b6_87bba6c4,5404,5690
44b6_87bba6c4,5405,5721
44b6_87bba6c4,5408,5645
44b6_87bba6c4,5409,5694
44b6_87bba6c4,5411,5625
44b6_87bba6c4,5412,5650
44b6_87bba6c4,5413,5713
44b6_87bba6c4,5414,5687
44b6_87bba6c4,5415,5700
44b6_87bba6c4,5417,5670
44b6_87bba6c4,5418,5715
44b6_87bba6c4,5419,5663
44b6_87bba6c4,5420,5619
44b6_87bba6c4,5421,5710
44b6_87bba6c4,5423,5702
44b6_87bba6c4,5426,5680
44b6_87bba6c4,5430,5717
44b6_87bba6c4,5432,5734
44b6_87bba6c4,5433,5731
44b6_87bba6c4,5435,5692
44b6_87bba6c4,5436,5712
44b6_87bba6c4,5437,5656
44b6_87bba6c4,5438,5727
44b6_87bba6c4,5439,5662
44b6_87bba6c4,5440,5737
44b6_87bba6c4,5441,5725
44b6_87bba6c4,5443,5695
44b6_87bba6c4,5450,5740
44b6_87bba6c4,5453,5718
44b6_87bba6c4,5454,5746
44b6_87bba6c4,5455,5730
44b6_87bba6c4,5463,5724
44b6_87bba6c4,5466,5749
44b6_87bba6c4,5467,5769
44b6_87bba6c4,5468,5756
44b6_87bba6c4,5469,5776
44b6_87bba6c4,5470,5775
44b6_87bba6c4,5471,5750
44b6_87bba6c4,5472,5768
44b6_87bba6c4,5473,5765
44b6_87bba6c4,5474,5885
44b6_87bba6c4,5475,5752
44b6_87bba6c4,5476,5753
44b6_87bba6c4,5477,5761
44b6_87bba6c4,5478,5755
44b6_87bba6c4,5479,5754
44b6_87bba6c4,5480,5758
44b6_87bba6c4,5482,5757
44b6_87bba6c4,5483,5807
44b6_87bba6c4,5484,5784
44b6_87bba6c4,5485,5762
44b6_87bba6c4,5486,5779
44b6_87bba6c4,5487,5766
44b6_87bba6c4,5489,5805
44b6_87bba6c4,5490,5867
44b6_87bba6c4,5491,5764
44b6_87bba6c4,5492,5804
44b6_87bba6c4,5494,5773
44b6_87bba6c4,5495,5813
44b6_87bba6c4,5496,5760
44b6_87bba6c4,5498,5794
44b6_87bba6c4,5499,5771
44b6_87bba6c4,5500,5799
44b6_87bba6c4,5501,5777
44b6_87bba6c4,5502,5774
44b6_87bba6c4,5503,5809
44b6_87bba6c4,5504,5770
44b6_87bba6c4,5505,5806
44b6_87bba6c4,5506,5787
44b6_87bba6c4,5507,5759
44b6_87bba6c4,5508,5816
44b6_87bba6c4,5509,5856
44b6_87bba6c4,5510,5836
44b6_87bba6c4,5511,5786
44b6_87bba6c4,5512,5789
44b6_87bba6c4,5513,5828
44b6_87bba6c4,5515,5781
44b6_87bba6c4,5516,5803
44b6_87bba6c4,5517,5810
44b6_87bba6c4,5518,5875
44b6_87bba6c4,5519,5800
44b6_87bba6c4,5521,5814
44b6_87bba6c4,5522,5785
44b6_87bba6c4,5523,5791
44b6_87bba6c4,5524,5751
44b6_87bba6c4,5525,5788
44b6_87bba6c4,5526,5827
44b6_87bba6c4,5527,5845
44b6_87bba6c4,5529,5823
44b6_87bba6c4,5530,5852
44b6_87bba6c4,5531,5895
44b6_87bba6c4,5532,5846
44b6_87bba6c4,5534,5795
44b6_87bba6c4,5535,5763
44b6_87bba6c4,5536,5820
44b6_87bba6c4,5537,5798
44b6_87bba6c4,5538,5822
44b6_87bba6c4,5539,5797
44b6_87bba6c4,5542,5834
44b6_87bba6c4,5543,5848
44b6_87bba6c4,5544,5796
44b6_87bba6c4,5545,5825
44b6_87bba6c4,5546,5829
44b6_87bba6c4,5547,5869
44b6_87bba6c4,5548,5832
44b6_87bba6c4,5549,5792
44b6_87bba6c4,5550,5833
44b6_87bba6c4,5551,5842
44b6_87bba6c4,5552,5793
44b6_87bba6c4,5553,5782
44b6_87bba6c4,5554,5883
44b6_87bba6c4,5555,5826
44b6_87bba6c4,5557,5876
44b6_87bba6c4,5560,5812
44b6_87bba6c4,5561,5841
44b6_87bba6c4,5562,5817
44b6_87bba6c4,5563,5851
44b6_87bba6c4,5564,5873
44b6_87bba6c4,5565,5864
44b6_87bba6c4,5566,5874
44b6_87bba6c4,5567,5818
44b6_87bba6c4,5568,5850
44b6_87bba6c4,5569,5824
44b6_87bba6c4,5570,5831
44b6_87bba6c4,5571,5871
44b6_87bba6c4,5572,5778
44b6_87bba6c4,5573,5830
44b6_87bba6c4,5574,5891
44b6_87bba6c4,5575,5907
44b6_87bba6c4,5577,5821
44b6_87bba6c4,5579,5840
44b6_87bba6c4,5580,5843
44b6_87bba6c4,5582,5844
44b6_87bba6c4,5583,5767
44b6_87bba6c4,5584,5880
44b6_87bba6c4,5585,5859
44b6_87bba6c4,5586,5940
44b6_87bba6c4,5587,5923
44b6_87bba6c4,5589,5863
44b6_87bba6c4,5590,5901
44b6_87bba6c4,5595,5858
44b6_87bba6c4,5596,5899
44b6_87bba6c4,5597,5884
44b6_87bba6c4,5599,5915
44b6_87bba6c4,5600,5861
44b6_87bba6c4,5601,5918
44b6_87bba6c4,5603,5928
44b6_87bba6c4,5604,5912
44b6_87bba6c4,5606,5837
44b6_87bba6c4,5607,5904
44b6_87bba6c4,5608,5969
44b6_87bba6c4,5609,5921
44b6_87bba6c4,5610,5920
44b6_87bba6c4,5611,5906
44b6_87bba6c4,5612,5868
44b6_87bba6c4,5613,5882
44b6_87bba6c4,5615,5913
44b6_87bba6c4,5616,5944
44b6_87bba6c4,5618,5916
44b6_87bba6c4,5619,5815
44b6_87bba6c4,5620,5881
44b6_87bba6c4,5622,5893
44b6_87bba6c4,5623,5839
44b6_87bba6c4,5624,5898
44b6_87bba6c4,5625,5941
44b6_87bba6c4,5628,5886
44b6_87bba6c4,5629,5892
44b6_87bba6c4,5630,5879
44b6_87bba6c4,5633,5887
44b6_87bba6c4,5634,5974
44b6_87bba6c4,5636,5958
44b6_87bba6c4,5637,5855
44b6_87bba6c4,5639,5984
44b6_87bba6c4,5640,5894
44b6_87bba6c4,5641,5937
44b6_87bba6c4,5642,5866
44b6_87bba6c4,5643,5938
44b6_87bba6c4,5644,5965
44b6_87bba6c4,5645,5979
44b6_87bba6c4,5646,5888
44b6_87bba6c4,5648,5927
44b6_87bba6c4,5649,5962
44b6_87bba6c4,5650,5896
44b6_87bba6c4,5651,5939
44b6_87bba6c4,5652,5960
44b6_87bba6c4,5655,5925
44b6_87bba6c4,5656,5872
44b6_87bba6c4,5657,5905
44b6_87bba6c4,5659,5929
44b6_87bba6c4,5660,5987
44b6_87bba6c4,5661,5967
44b6_87bba6c4,5662,5994
44b6_87bba6c4,5663,5911
44b6_87bba6c4,5664,5931
44b6_87bba6c4,5665,5981
44b6_87bba6c4,5667,5877
44b6_87bba6c4,5668,5909
44b6_87bba6c4,5669,5932
44b6_87bba6c4,5670,5957
44b6_87bba6c4,5671,6009
44b6_87bba6c4,5672,5926
44b6_87bba6c4,5673,5878
44b6_87bba6c4,5674,5988
44b6_87bba6c4,5675,5947
44b6_87bba6c4,5676,5973
44b6_87bba6c4,5677,5946
44b6_87bba6c4,5678,5966
44b6_87bba6c4,5679,5949
44b6_87bba6c4,5680,6003
44b6_87bba6c4,5681,5922
44b6_87bba6c4,5683,5961
44b6_87bba6c4,5684,5930
44b6_87bba6c4,5686,6017
44b6_87bba6c4,5687,5985
44b6_87bba6c4,5688,5972
44b6_87bba6c4,5689,5963
44b6_87bba6c4,5690,5933
44b6_87bba6c4,5692,5900
44b6_87bba6c4,5693,5934
44b6_87bba6c4,5694,5935
44b6_87bba6c4,5695,5924
44b6_87bba6c4,5696,5903
44b6_87bba6c4,5697,5977
44b6_87bba6c4,5698,5945
44b6_87bba6c4,5700,6005
44b6_87bba6c4,5702,5953
44b6_87bba6c4,5703,5986
44b6_87bba6c4,5704,5919
44b6_87bba6c4,5706,5955
44b6_87bba6c4,5708,5849
44b6_87bba6c4,5709,5951
44b6_87bba6c4,5710,6011
44b6_87bba6c4,5711,5990
44b6_87bba6c4,5712,5971
44b6_87bba6c4,5713,5914
44b6_87bba6c4,5714,5959
44b6_87bba6c4,5718,5976
44b6_87bba6c4,5720,6029
44b6_87bba6c4,5724,6008
44b6_87bba6c4,5725,6027
44b6_87bba6c4,5727,6004
44b6_87bba6c4,5732,6001
44b6_87bba6c4,5736,5992
44b6_87bba6c4,5737,5995
44b6_87bba6c4,5745,6020
44b6_87bba6c4,5749,6063
44b6_87bba6c4,5750,6108
44b6_87bba6c4,5751,6059
44b6_87bba6c4,5752,6033
44b6_87bba6c4,5753,6062
44b6_87bba6c4,5754,6032
44b6_87bba6c4,5755,6047
44b6_87bba6c4,5756,6039
44b6_87bba6c4,5757,6046
44b6_87bba6c4,5758,6038
44b6_87bba6c4,5760,6064
44b6_87bba6c4,5761,6045
44b6_87bba6c4,5762,6036
44b6_87bba6c4,5763,6041
44b6_87bba6c4,5764,6057
44b6_87bba6c4,5765,6049
44b6_87bba6c4,5766,6060
44b6_87bba6c4,5767,6037
44b6_87bba6c4,5768,6048
44b6_87bba6c4,5769,6034
44b6_87bba6c4,5770,6065
44b6_87bba6c4,5771,6146
44b6_87bba6c4,5772,6042
44b6_87bba6c4,5773,6102
44b6_87bba6c4,5774,6054
44b6_87bba6c4,5775,6040
44b6_87bba6c4,5776,6053
44b6_87bba6c4,5778,6104
44b6_87bba6c4,5779,6072
44b6_87bba6c4,5780,6083
44b6_87bba6c4,5781,6109
44b6_87bba6c4,5782,6097
44b6_87bba6c4,5784,6086
44b6_87bba6c4,5785,6055
44b6_87bba6c4,5786,6090
44b6_87bba6c4,5787,6050
44b6_87bba6c4,5788,6068
44b6_87bba6c4,5789,6051
44b6_87bba6c4,5790,6080
44b6_87bba6c4,5791,6132
44b6_87bba6c4,5792,6066
44b6_87bba6c4,5793,6058
44b6_87bba6c4,5794,6089
44b6_87bba6c4,5795,6056
44b6_87bba6c4,5796,6073
44b6_87bba6c4,5797,6129
44b6_87bba6c4,5798,6071
44b6_87bba6c4,5799,6082
44b6_87bba6c4,5800,6052
44b6_87bba6c4,5802,6088
44b6_87bba6c4,5803,6085
44b6_87bba6c4,5804,6187
44b6_87bba6c4,5805,6091
44b6_87bba6c4,5806,6110
44b6_87bba6c4,5807,6170
44b6_87bba6c4,5808,6079
44b6_87bba6c4,5809,6084
44b6_87bba6c4,5810,6094
44b6_87bba6c4,5811,6123
44b6_87bba6c4,5812,6087
44b6_87bba6c4,5813,6141
44b6_87bba6c4,5814,6106
44b6_87bba6c4,5815,6140
44b6_87bba6c4,5816,6074
44b6_87bba6c4,5817,6100
44b6_87bba6c4,5818,6035
44b6_87bba6c4,5819,6144
44b6_87bba6c4,5820,6070
44b6_87bba6c4,5821,6183
44b6_87bba6c4,5822,6043
44b6_87bba6c4,5823,6200
44b6_87bba6c4,5824,6105
44b6_87bba6c4,5825,6131
44b6_87bba6c4,5826,6130
44b6_87bba6c4,5828,6081
44b6_87bba6c4,5829,6044
44b6_87bba6c4,5830,6125
44b6_87bba6c4,5831,6099
44b6_87bba6c4,5832,6163
44b6_87bba6c4,5834,6139
44b6_87bba6c4,5835,6166
44b6_87bba6c4,5836,6067
44b6_87bba6c4,5837,6069
44b6_87bba6c4,5838,6186
44b6_87bba6c4,5839,6120
44b6_87bba6c4,5840,6121
44b6_87bba6c4,5841,6075
44b6_87bba6c4,5842,6136
44b6_87bba6c4,5843,6188
44b6_87bba6c4,5844,6203
44b6_87bba6c4,5845,6118
44b6_87bba6c4,5847,6185
44b6_87bba6c4,5848,6111
44b6_87bba6c4,5849,6116
44b6_87bba6c4,5850,6077
44b6_87bba6c4,5851,6171
44b6_87bba6c4,5852,6148
44b6_87bba6c4,5853,6101
44b6_87bba6c4,5854,6124
44b6_87bba6c4,5855,6127
44b6_87bba6c4,5856,6172
44b6_87bba6c4,5857,6113
44b6_87bba6c4,5858,6134
44b6_87bba6c4,5859,6271
44b6_87bba6c4,5860,6107
44b6_87bba6c4,5861,6156
44b6_87bba6c4,5862,6078
44b6_87bba6c4,5863,6103
44b6_87bba6c4,5864,6093
44b6_87bba6c4,5865,6119
44b6_87bba6c4,5866,6178
44b6_87bba6c4,5867,6135
44b6_87bba6c4,5868,6208
44b6_87bba6c4,5869,6152
44b6_87bba6c4,5871,6177
44b6_87bba6c4,5872,6122
44b6_87bba6c4,5873,6138
44b6_87bba6c4,5874,6159
44b6_87bba6c4,5875,6114
44b6_87bba6c4,5876,6173
44b6_87bba6c4,5877,6153
44b6_87bba6c4,5878,6190
44b6_87bba6c4,5879,6195
44b6_87bba6c4,5880,6137
44b6_87bba6c4,5881,6158
44b6_87bba6c4,5882,6239
44b6_87bba6c4,5883,6145
44b6_87bba6c4,5884,6154
44b6_87bba6c4,5886,6117
44b6_87bba6c4,5887,6184
44b6_87bba6c4,5888,6193
44b6_87bba6c4,5889,6246
44b6_87bba6c4,5890,6133
44b6_87bba6c4,5891,6182
44b6_87bba6c4,5892,6196
44b6_87bba6c4,5893,6194
44b6_87bba6c4,5894,6151
44b6_87bba6c4,5895,6244
44b6_87bba6c4,5896,6214
44b6_87bba6c4,5897,6211
44b6_87bba6c4,5898,6150
44b6_87bba6c4,5899,6128
44b6_87bba6c4,5900,6168
44b6_87bba6c4,5901,6192
44b6_87bba6c4,5902,6212
44b6_87bba6c4,5903,6112
44b6_87bba6c4,5904,6226
44b6_87bba6c4,5905,6220
44b6_87bba6c4,5906,6255
44b6_87bba6c4,5907,6218
44b6_87bba6c4,5908,6164
44b6_87bba6c4,5909,6252
44b6_87bba6c4,5911,6096
44b6_87bba6c4,5912,6180
44b6_87bba6c4,5913,6204
44b6_87bba6c4,5914,6267
44b6_87bba6c4,5915,6320
44b6_87bba6c4,5916,6219
44b6_87bba6c4,5918,6209
44b6_87bba6c4,5919,6245
44b6_87bba6c4,5921,6157
44b6_87bba6c4,5923,6224
44b6_87bba6c4,5924,6240
44b6_87bba6c4,5925,6284
44b6_87bba6c4,5926,6215
44b6_87bba6c4,5927,6198
44b6_87bba6c4,5930,6216
44b6_87bba6c4,5931,6234
44b6_87bba6c4,5932,6228
44b6_87bba6c4,5933,6201
44b6_87bba6c4,5935,6174
44b6_87bba6c4,5936,6189
44b6_87bba6c4,5938,6222
44b6_87bba6c4,5939,6231
44b6_87bba6c4,5941,6290
44b6_87bba6c4,5943,6275
44b6_87bba6c4,5944,6061
44b6_87bba6c4,5945,6206
44b6_87bba6c4,5946,6304
44b6_87bba6c4,5947,6266
44b6_87bba6c4,5949,6225
44b6_87bba6c4,5951,6273
44b6_87bba6c4,5952,6237
44b6_87bba6c4,5953,6223
44b6_87bba6c4,5954,6232
44b6_87bba6c4,5955,6293
44b6_87bba6c4,5957,6288
44b6_87bba6c4,5958,6264
44b6_87bba6c4,5960,6217
44b6_87bba6c4,5961,6254
44b6_87bba6c4,5963,6260
44b6_87bba6c4,5966,6147
44b6_87bba6c4,5967,6289
44b6_87bba6c4,5968,6301
44b6_87bba6c4,5970,6261
44b6_87bba6c4,5971,6298
44b6_87bba6c4,5972,6258
44b6_87bba6c4,5973,6268
44b6_87bba6c4,5974,6277
44b6_87bba6c4,5976,6291
44b6_87bba6c4,5977,6287
44b6_87bba6c4,5979,6306
44b6_87bba6c4,5980,6279
44b6_87bba6c4,5985,6280
44b6_87bba6c4,5986,6276
44b6_87bba6c4,5987,6249
44b6_87bba6c4,5988,6202
44b6_87bba6c4,5990,6274
44b6_87bba6c4,5992,6300
44b6_87bba6c4,5994,6286
44b6_87bba6c4,5995,6241
44b6_87bba6c4,5997,6248
44b6_87bba6c4,5998,6296
44b6_87bba6c4,5999,6302
44b6_87bba6c4,6000,6281
44b6_87bba6c4,6001,6325
44b6_87bba6c4,6005,6321
44b6_87bba6c4,6006,6318
44b6_87bba6c4,6008,6332
44b6_87bba6c4,6010,6259
44b6_87bba6c4,6012,6311
44b6_87bba6c4,6013,6313
44b6_87bba6c4,6017,6295
44b6_87bba6c4,6018,6309
44b6_87bba6c4,6020,6328
44b6_87bba6c4,6021,6292
44b6_87bba6c4,6022,6327
44b6_87bba6c4,6027,6297
44b6_87bba6c4,6028,6308
44b6_87bba6c4,6029,6316
44b6_87bba6c4,6032,6336
44b6_87bba6c4,6033,6352
44b6_87bba6c4,6034,6338
44b6_87bba6c4,6035,6347
44b6_87bba6c4,6036,6342
44b6_87bba6c4,6037,6402
44b6_87bba6c4,6038,6346
44b6_87bba6c4,6039,6339
44b6_87bba6c4,6040,6341
44b6_87bba6c4,6041,6357
44b6_87bba6c4,6042,6355
44b6_87bba6c4,6043,6379
44b6_87bba6c4,6044,6365
44b6_87bba6c4,6045,6358
44b6_87bba6c4,6046,6422
44b6_87bba6c4,6047,6337
44b6_87bba6c4,6048,6344
44b6_87bba6c4,6049,6354
44b6_87bba6c4,6050,6372
44b6_87bba6c4,6051,6364
44b6_87bba6c4,6052,6378
44b6_87bba6c4,6053,6359
44b6_87bba6c4,6054,6363
44b6_87bba6c4,6055,6371
44b6_87bba6c4,6056,6356
44b6_87bba6c4,6057,6425
44b6_87bba6c4,6058,6360
44b6_87bba6c4,6059,6377
44b6_87bba6c4,6060,6374
44b6_87bba6c4,6061,6386
44b6_87bba6c4,6062,6376
44b6_87bba6c4,6063,6375
44b6_87bba6c4,6064,6438
44b6_87bba6c4,6065,6458
44b6_87bba6c4,6066,6385
44b6_87bba6c4,6067,6389
44b6_87bba6c4,6069,6366
44b6_87bba6c4,6070,6361
44b6_87bba6c4,6071,6420
44b6_87bba6c4,6072,6397
44b6_87bba6c4,6073,6413
44b6_87bba6c4,6074,6340
44b6_87bba6c4,6075,6362
44b6_87bba6c4,6077,6456
44b6_87bba6c4,6078,6388
44b6_87bba6c4,6079,6407
44b6_87bba6c4,6081,6367
44b6_87bba6c4,6082,6409
44b6_87bba6c4,6083,6335
44b6_87bba6c4,6084,6479
44b6_87bba6c4,6085,6370
44b6_87bba6c4,6086,6454
44b6_87bba6c4,6087,6411
44b6_87bba6c4,6088,6353
44b6_87bba6c4,6089,6368
44b6_87bba6c4,6090,6469
44b6_87bba6c4,6091,6381
44b6_87bba6c4,6092,6414
44b6_87bba6c4,6093,6410
44b6_87bba6c4,6094,6387
44b6_87bba6c4,6095,6394
44b6_87bba6c4,6096,6421
44b6_87bba6c4,6097,6427
44b6_87bba6c4,6098,6396
44b6_87bba6c4,6099,6391
44b6_87bba6c4,6100,6400
44b6_87bba6c4,6101,6382
44b6_87bba6c4,6102,6384
44b6_87bba6c4,6104,6481
44b6_87bba6c4,6105,6395
44b6_87bba6c4,6106,6442
44b6_87bba6c4,6107,6448
44b6_87bba6c4,6108,6351
44b6_87bba6c4,6109,6373
44b6_87bba6c4,6110,6390
44b6_87bba6c4,6111,6403
44b6_87bba6c4,6113,6404
44b6_87bba6c4,6114,6468
44b6_87bba6c4,6115,6405
44b6_87bba6c4,6116,6464
44b6_87bba6c4,6117,6465
44b6_87bba6c4,6118,6460
44b6_87bba6c4,6119,6455
44b6_87bba6c4,6120,6435
44b6_87bba6c4,6121,6393
44b6_87bba6c4,6123,6426
44b6_87bba6c4,6124,6429
44b6_87bba6c4,6125,6452
44b6_87bba6c4,6126,6450
44b6_87bba6c4,6127,6453
44b6_87bba6c4,6128,6536
44b6_87bba6c4,6129,6440
44b6_87bba6c4,6130,6462
44b6_87bba6c4,6131,6408
44b6_87bba6c4,6132,6474
44b6_87bba6c4,6133,6398
44b6_87bba6c4,6134,6406
44b6_87bba6c4,6135,6430
44b6_87bba6c4,6136,6466
44b6_87bba6c4,6137,6447
44b6_87bba6c4,6138,6451
44b6_87bba6c4,6139,6449
44b6_87bba6c4,6140,6343
44b6_87bba6c4,6141,6490
44b6_87bba6c4,6143,6550
44b6_87bba6c4,6144,6401
44b6_87bba6c4,6145,6441
44b6_87bba6c4,6146,6415
44b6_87bba6c4,6147,6513
44b6_87bba6c4,6149,6496
44b6_87bba6c4,6150,6493
44b6_87bba6c4,6151,6419
44b6_87bba6c4,6152,6399
44b6_87bba6c4,6153,6463
44b6_87bba6c4,6154,6418
44b6_87bba6c4,6155,6457
44b6_87bba6c4,6156,6432
44b6_87bba6c4,6158,6514
44b6_87bba6c4,6159,6483
44b6_87bba6c4,6160,6434
44b6_87bba6c4,6162,6486
44b6_87bba6c4,6163,6501
44b6_87bba6c4,6164,6461
44b6_87bba6c4,6168,6502
44b6_87bba6c4,6169,6507
44b6_87bba6c4,6170,6417
44b6_87bba6c4,6172,6484
44b6_87bba6c4,6174,6470
44b6_87bba6c4,6175,6568
44b6_87bba6c4,6176,6516
44b6_87bba6c4,6177,6476
44b6_87bba6c4,6178,6392
44b6_87bba6c4,6179,6531
44b6_87bba6c4,6180,6439
44b6_87bba6c4,6181,6433
44b6_87bba6c4,6182,6509
44b6_87bba6c4,6183,6587
44b6_87bba6c4,6184,6520
44b6_87bba6c4,6185,6480
44b6_87bba6c4,6186,6416
44b6_87bba6c4,6188,6525
44b6_87bba6c4,6190,6538
44b6_87bba6c4,6191,6495
44b6_87bba6c4,6192,6443
44b6_87bba6c4,6193,6471
44b6_87bba6c4,6194,6527
44b6_87bba6c4,6195,6472
44b6_87bba6c4,6196,6500
44b6_87bba6c4,6198,6505
44b6_87bba6c4,6201,6558
44b6_87bba6c4,6203,6459
44b6_87bba6c4,6204,6528
44b6_87bba6c4,6205,6488
44b6_87bba6c4,6206,6518
44b6_87bba6c4,6209,6539
44b6_87bba6c4,6211,6494
44b6_87bba6c4,6212,6524
44b6_87bba6c4,6214,6572
44b6_87bba6c4,6215,6489
44b6_87bba6c4,6216,6551
44b6_87bba6c4,6217,6546
44b6_87bba6c4,6218,6532
44b6_87bba6c4,6219,6533
44b6_87bba6c4,6220,6519
44b6_87bba6c4,6222,6478
44b6_87bba6c4,6223,6477
44b6_87bba6c4,6224,6473
44b6_87bba6c4,6225,6529
44b6_87bba6c4,6226,6537
44b6_87bba6c4,6227,6508
44b6_87bba6c4,6228,6541
44b6_87bba6c4,6230,6487
44b6_87bba6c4,6231,6548
44b6_87bba6c4,6232,6618
44b6_87bba6c4,6234,6424
44b6_87bba6c4,6237,6555
44b6_87bba6c4,6238,6444
44b6_87bba6c4,6239,6445
44b6_87bba6c4,6240,6491
44b6_87bba6c4,6241,6542
44b6_87bba6c4,6242,6515
44b6_87bba6c4,6243,6467
44b6_87bba6c4,6244,6559
44b6_87bba6c4,6245,6545
44b6_87bba6c4,6246,6570
44b6_87bba6c4,6247,6547
44b6_87bba6c4,6248,6526
44b6_87bba6c4,6249,6557
44b6_87bba6c4,6250,6482
44b6_87bba6c4,6251,6485
44b6_87bba6c4,6252,6522
44b6_87bba6c4,6254,6563
44b6_87bba6c4,6255,6582
44b6_87bba6c4,6258,6565
44b6_87bba6c4,6260,6577
44b6_87bba6c4,6261,6567
44b6_87bba6c4,6263,6540
44b6_87bba6c4,6264,6544
44b6_87bba6c4,6265,6616
44b6_87bba6c4,6266,6608
44b6_87bba6c4,6267,6560
44b6_87bba6c4,6268,6511
44b6_87bba6c4,6270,6564
44b6_87bba6c4,6271,6622
44b6_87bba6c4,6273,6586
44b6_87bba6c4,6274,6584
44b6_87bba6c4,6277,6553
44b6_87bba6c4,6279,6543
44b6_87bba6c4,6280,6583
44b6_87bba6c4,6281,6598
44b6_87bba6c4,6285,6562
44b6_87bba6c4,6289,6566
44b6_87bba6c4,6291,6574
44b6_87bba6c4,6293,6535
44b6_87bba6c4,6297,6579
44b6_87bba6c4,6298,6590
44b6_87bba6c4,6300,6588
44b6_87bba6c4,6301,6601
44b6_87bba6c4,6303,6606
44b6_87bba6c4,6304,6581
44b6_87bba6c4,6306,6596
44b6_87bba6c4,6308,6592
44b6_87bba6c4,6310,6576
44b6_87bba6c4,6311,6613
44b6_87bba6c4,6312,6585
44b6_87bba6c4,6313,6617
44b6_87bba6c4,6315,6626
44b6_87bba6c4,6317,6615
44b6_87bba6c4,6328,6611
44b6_87bba6c4,6330,6607
44b6_87bba6c4,6335,6647
44b6_87bba6c4,6336,6633
44b6_87bba6c4,6337,6637
44b6_87bba6c4,6338,6653
44b6_87bba6c4,6339,6630
44b6_87bba6c4,6340,6639
44b6_87bba6c4,6341,6634
44b6_87bba6c4,6342,6635
44b6_87bba6c4,6343,6681
44b6_87bba6c4,6344,6642
44b6_87bba6c4,6345,6628
44b6_87bba6c4,6346,6636
44b6_87bba6c4,6347,6641
44b6_87bba6c4,6348,6631
44b6_87bba6c4,6350,6646
44b6_87bba6c4,6351,6649
44b6_87bba6c4,6352,6654
44b6_87bba6c4,6353,6717
44b6_87bba6c4,6354,6644
44b6_87bba6c4,6355,6650
44b6_87bba6c4,6356,6670
44b6_87bba6c4,6357,6669
44b6_87bba6c4,6358,6657
44b6_87bba6c4,6359,6687
44b6_87bba6c4,6360,6645
44b6_87bba6c4,6361,6638
44b6_87bba6c4,6362,6643
44b6_87bba6c4,6363,6697
44b6_87bba6c4,6364,6736
44b6_87bba6c4,6365,6665
44b6_87bba6c4,6366,6675
44b6_87bba6c4,6367,6683
44b6_87bba6c4,6368,6674
44b6_87bba6c4,6369,6627
44b6_87bba6c4,6370,6706
44b6_87bba6c4,6371,6678
44b6_87bba6c4,6372,6655
44b6_87bba6c4,6373,6712
44b6_87bba6c4,6374,6662
44b6_87bba6c4,6375,6707
44b6_87bba6c4,6376,6666
44b6_87bba6c4,6377,6632
44b6_87bba6c4,6378,6700
44b6_87bba6c4,6379,6656
44b6_87bba6c4,6381,6753
44b6_87bba6c4,6382,6668
44b6_87bba6c4,6383,6661
44b6_87bba6c4,6384,6663
44b6_87bba6c4,6385,6671
44b6_87bba6c4,6386,6709
44b6_87bba6c4,6387,6648
44b6_87bba6c4,6388,6659
44b6_87bba6c4,6389,6664
44b6_87bba6c4,6390,6689
44b6_87bba6c4,6391,6688
44b6_87bba6c4,6392,6682
44b6_87bba6c4,6393,6770
44b6_87bba6c4,6394,6716
44b6_87bba6c4,6395,6698
44b6_87bba6c4,6396,6785
44b6_87bba6c4,6397,6660
44b6_87bba6c4,6398,6629
44b6_87bba6c4,6399,6726
44b6_87bba6c4,6400,6695
44b6_87bba6c4,6402,6721
44b6_87bba6c4,6403,6693
44b6_87bba6c4,6404,6749
44b6_87bba6c4,6405,6847
44b6_87bba6c4,6406,6723
44b6_87bba6c4,6407,6703
44b6_87bba6c4,6408,6705
44b6_87bba6c4,6409,6676
44b6_87bba6c4,6410,6747
44b6_87bba6c4,6412,6718
44b6_87bba6c4,6413,6732
44b6_87bba6c4,6414,6804
44b6_87bba6c4,6415,6767
44b6_87bba6c4,6416,6731
44b6_87bba6c4,6417,6690
44b6_87bba6c4,6419,6814
44b6_87bba6c4,6420,6704
44b6_87bba6c4,6421,6803
44b6_87bba6c4,6422,6830
44b6_87bba6c4,6423,6699
44b6_87bba6c4,6424,6904
44b6_87bba6c4,6425,6714
44b6_87bba6c4,6427,6727
44b6_87bba6c4,6428,6710
44b6_87bba6c4,6429,6711
44b6_87bba6c4,6430,6769
44b6_87bba6c4,6431,6651
44b6_87bba6c4,6432,6757
44b6_87bba6c4,6433,6691
44b6_87bba6c4,6434,6640
44b6_87bba6c4,6435,6725
44b6_87bba6c4,6437,6715
44b6_87bba6c4,6438,6744
44b6_87bba6c4,6439,6863
44b6_87bba6c4,6440,6734
44b6_87bba6c4,6441,6685
44b6_87bba6c4,6442,6680
44b6_87bba6c4,6443,6752
44b6_87bba6c4,6444,6672
44b6_87bba6c4,6445,6740
44b6_87bba6c4,6446,6679
44b6_87bba6c4,6447,6784
44b6_87bba6c4,6448,6743
44b6_87bba6c4,6449,6751
44b6_87bba6c4,6450,6800
44b6_87bba6c4,6451,6817
44b6_87bba6c4,6452,6806
44b6_87bba6c4,6453,6720
44b6_87bba6c4,6455,6755
44b6_87bba6c4,6456,6728
44b6_87bba6c4,6457,6733
44b6_87bba6c4,6458,6771
44b6_87bba6c4,6459,6737
44b6_87bba6c4,6460,6762
44b6_87bba6c4,6461,6742
44b6_87bba6c4,6462,6765
44b6_87bba6c4,6463,6777
44b6_87bba6c4,6464,6798
44b6_87bba6c4,6465,6768
44b6_87bba6c4,6466,6773
44b6_87bba6c4,6467,6719
44b6_87bba6c4,6468,6722
44b6_87bba6c4,6470,6789
44b6_87bba6c4,6471,6801
44b6_87bba6c4,6472,6858
44b6_87bba6c4,6473,6788
44b6_87bba6c4,6474,6673
44b6_87bba6c4,6475,6758
44b6_87bba6c4,6476,6741
44b6_87bba6c4,6477,6782
44b6_87bba6c4,6478,6748
44b6_87bba6c4,6479,6761
44b6_87bba6c4,6480,6677
44b6_87bba6c4,6481,6772
44b6_87bba6c4,6482,6795
44b6_87bba6c4,6483,6780
44b6_87bba6c4,6485,6813
44b6_87bba6c4,6486,6702
44b6_87bba6c4,6487,6684
44b6_87bba6c4,6489,6807
44b6_87bba6c4,6490,6840
44b6_87bba6c4,6491,6730
44b6_87bba6c4,6493,6781
44b6_87bba6c4,6494,6787
44b6_87bba6c4,6495,6760
44b6_87bba6c4,6496,6708
44b6_87bba6c4,6497,6724
44b6_87bba6c4,6498,6832
44b6_87bba6c4,6499,6786
44b6_87bba6c4,6500,6808
44b6_87bba6c4,6501,6797
44b6_87bba6c4,6503,6852
44b6_87bba6c4,6504,6735
44b6_87bba6c4,6505,6845
44b6_87bba6c4,6506,6783
44b6_87bba6c4,6507,6822
44b6_87bba6c4,6508,6831
44b6_87bba6c4,6509,6857
44b6_87bba6c4,6510,6859
44b6_87bba6c4,6511,6824
44b6_87bba6c4,6512,6862
44b6_87bba6c4,6513,6774
44b6_87bba6c4,6514,6778
44b6_87bba6c4,6515,6729
44b6_87bba6c4,6516,6750
44b6_87bba6c4,6518,6810
44b6_87bba6c4,6519,6825
44b6_87bba6c4,6521,6746
44b6_87bba6c4,6522,6833
44b6_87bba6c4,6523,6835
44b6_87bba6c4,6524,6802
44b6_87bba6c4,6525,6874
44b6_87bba6c4,6526,6861
44b6_87bba6c4,6527,6818
44b6_87bba6c4,6528,6826
44b6_87bba6c4,6529,6869
44b6_87bba6c4,6530,6790
44b6_87bba6c4,6531,6764
44b6_87bba6c4,6532,6779
44b6_87bba6c4,6533,6841
44b6_87bba6c4,6536,6791
44b6_87bba6c4,6539,6875
44b6_87bba6c4,6540,6756
44b6_87bba6c4,6541,6870
44b6_87bba6c4,6542,6873
44b6_87bba6c4,6543,6846
44b6_87bba6c4,6544,6816
44b6_87bba6c4,6545,6821
44b6_87bba6c4,6546,6799
44b6_87bba6c4,6547,6776
44b6_87bba6c4,6548,6823
44b6_87bba6c4,6549,6805
44b6_87bba6c4,6551,6759
44b6_87bba6c4,6552,6794
44b6_87bba6c4,6553,6850
44b6_87bba6c4,6555,6842
44b6_87bba6c4,6557,6902
44b6_87bba6c4,6558,6865
44b6_87bba6c4,6559,6872
44b6_87bba6c4,6562,6868
44b6_87bba6c4,6563,6815
44b6_87bba6c4,6564,6855
44b6_87bba6c4,6565,6884
44b6_87bba6c4,6566,6837
44b6_87bba6c4,6567,6793
44b6_87bba6c4,6568,6844
44b6_87bba6c4,6569,6853
44b6_87bba6c4,6572,6796
44b6_87bba6c4,6576,6916
44b6_87bba6c4,6577,6843
44b6_87bba6c4,6578,6839
44b6_87bba6c4,6579,6854
44b6_87bba6c4,6582,6809
44b6_87bba6c4,6583,6890
44b6_87bba6c4,6584,6829
44b6_87bba6c4,6585,6819
44b6_87bba6c4,6586,6923
44b6_87bba6c4,6587,6849
44b6_87bba6c4,6588,6901
44b6_87bba6c4,6589,6889
44b6_87bba6c4,6592,6879
44b6_87bba6c4,6593,6864
44b6_87bba6c4,6594,6897
44b6_87bba6c4,6596,6888
44b6_87bba6c4,6597,6909
44b6_87bba6c4,6598,6887
44b6_87bba6c4,6599,6919
44b6_87bba6c4,6601,6828
44b6_87bba6c4,6602,6892
44b6_87bba6c4,6606,6860
44b6_87bba6c4,6607,6915
44b6_87bba6c4,6611,6883
44b6_87bba6c4,6613,6921
44b6_87bba6c4,6614,6906
44b6_87bba6c4,6615,6910
44b6_87bba6c4,6617,6891
44b6_87bba6c4,6618,6918
44b6_87bba6c4,6627,6926
44b6_87bba6c4,6628,6927
44b6_87bba6c4,6629,6937
44b6_87bba6c4,6630,6934
44b6_87bba6c4,6631,6949
44b6_87bba6c4,6632,6945
44b6_87bba6c4,6633,6930
44b6_87bba6c4,6634,6943
44b6_87bba6c4,6635,6933
44b6_87bba6c4,6636,6935
44b6_87bba6c4,6637,6970
44b6_87bba6c4,6639,6956
44b6_87bba6c4,6640,6942
44b6_87bba6c4,6641,6950
44b6_87bba6c4,6642,6951
44b6_87bba6c4,6643,6955
44b6_87bba6c4,6644,6936
44b6_87bba6c4,6645,6958
44b6_87bba6c4,6646,6941
44b6_87bba6c4,6647,6929
44b6_87bba6c4,6648,6947
44b6_87bba6c4,6649,6973
44b6_87bba6c4,6650,6963
44b6_87bba6c4,6651,6972
44b6_87bba6c4,6652,6925
44b6_87bba6c4,6653,6931
44b6_87bba6c4,6654,6964
44b6_87bba6c4,6655,6959
44b6_87bba6c4,6656,6932
44b6_87bba6c4,6657,6979
44b6_87bba6c4,6658,6975
44b6_87bba6c4,6659,7001
44b6_87bba6c4,6660,6946
44b6_87bba6c4,6661,6948
44b6_87bba6c4,6662,6957
44b6_87bba6c4,6663,6939
44b6_87bba6c4,6664,6990
44b6_87bba6c4,6665,6981
44b6_87bba6c4,6666,6952
44b6_87bba6c4,6667,6983
44b6_87bba6c4,6668,6953
44b6_87bba6c4,6670,7022
44b6_87bba6c4,6671,6954
44b6_87bba6c4,6672,6961
44b6_87bba6c4,6673,6960
44b6_87bba6c4,6674,7019
44b6_87bba6c4,6675,6928
44b6_87bba6c4,6676,6965
44b6_87bba6c4,6677,6982
44b6_87bba6c4,6678,6969
44b6_87bba6c4,6679,7027
44b6_87bba6c4,6680,7028
44b6_87bba6c4,6681,7009
44b6_87bba6c4,6682,7018
44b6_87bba6c4,6683,6980
44b6_87bba6c4,6684,7084
44b6_87bba6c4,6685,6978
44b6_87bba6c4,6686,6938
44b6_87bba6c4,6687,7045
44b6_87bba6c4,6688,6984
44b6_87bba6c4,6689,7023
44b6_87bba6c4,6690,6966
44b6_87bba6c4,6691,7086
44b6_87bba6c4,6692,6940
44b6_87bba6c4,6693,7096
44b6_87bba6c4,6694,7030
44b6_87bba6c4,6695,7034
44b6_87bba6c4,6697,6985
44b6_87bba6c4,6698,7013
44b6_87bba6c4,6699,7026
44b6_87bba6c4,6700,7003
44b6_87bba6c4,6701,6976
44b6_87bba6c4,6702,6962
44b6_87bba6c4,6703,6992
44b6_87bba6c4,6704,6987
44b6_87bba6c4,6705,6989
44b6_87bba6c4,6706,7014
44b6_87bba6c4,6707,7002
44b6_87bba6c4,6708,7015
44b6_87bba6c4,6709,6988
44b6_87bba6c4,6710,7044
44b6_87bba6c4,6711,6994
44b6_87bba6c4,6712,6996
44b6_87bba6c4,6714,6999
44b6_87bba6c4,6715,6998
44b6_87bba6c4,6716,7046
44b6_87bba6c4,6718,7035
44b6_87bba6c4,6719,7037
44b6_87bba6c4,6720,7020
44b6_87bba6c4,6721,7033
44b6_87bba6c4,6722,7080
44b6_87bba6c4,6723,6991
44b6_87bba6c4,6724,6995
44b6_87bba6c4,6725,7021
44b6_87bba6c4,6726,7042
44b6_87bba6c4,6727,7071
44b6_87bba6c4,6728,7069
44b6_87bba6c4,6730,7066
44b6_87bba6c4,6732,7006
44b6_87bba6c4,6733,7024
44b6_87bba6c4,6734,7005
44b6_87bba6c4,6735,7088
44b6_87bba6c4,6736,7038
44b6_87bba6c4,6737,7075
44b6_87bba6c4,6739,6993
44b6_87bba6c4,6740,7095
44b6_87bba6c4,6741,7058
44b6_87bba6c4,6742,7115
44b6_87bba6c4,6743,7051
44b6_87bba6c4,6744,7056
44b6_87bba6c4,6745,7114
44b6_87bba6c4,6747,7065
44b6_87bba6c4,6748,7073
44b6_87bba6c4,6750,7076
44b6_87bba6c4,6751,7104
44b6_87bba6c4,6752,7050
44b6_87bba6c4,6753,7007
44b6_87bba6c4,6754,7105
44b6_87bba6c4,6756,7031
44b6_87bba6c4,6757,7016
44b6_87bba6c4,6758,7041
44b6_87bba6c4,6759,7070
44b6_87bba6c4,6760,6997
44b6_87bba6c4,6761,7110
44b6_87bba6c4,6762,7017
44b6_87bba6c4,6763,7077
44b6_87bba6c4,6764,7102
44b6_87bba6c4,6765,7054
44b6_87bba6c4,6766,7187
44b6_87bba6c4,6768,7089
44b6_87bba6c4,6769,7091
44b6_87bba6c4,6770,7101
44b6_87bba6c4,6771,7032
44b6_87bba6c4,6773,7060
44b6_87bba6c4,6774,7124
44b6_87bba6c4,6775,7036
44b6_87bba6c4,6776,7148
44b6_87bba6c4,6777,7010
44b6_87bba6c4,6778,7067
44b6_87bba6c4,6779,7057
44b6_87bba6c4,6780,7062
44b6_87bba6c4,6781,7011
44b6_87bba6c4,6782,7055
44b6_87bba6c4,6783,7082
44b6_87bba6c4,6784,7177
44b6_87bba6c4,6785,7162
44b6_87bba6c4,6786,7081
44b6_87bba6c4,6787,7113
44b6_87bba6c4,6788,7097
44b6_87bba6c4,6789,7149
44b6_87bba6c4,6790,7074
44b6_87bba6c4,6791,7000
44b6_87bba6c4,6793,7172
44b6_87bba6c4,6794,7109
44b6_87bba6c4,6796,7154
44b6_87bba6c4,6797,7072
44b6_87bba6c4,6798,7094
44b6_87bba6c4,6799,7152
44b6_87bba6c4,6800,7049
44b6_87bba6c4,6801,7122
44b6_87bba6c4,6802,7165
44b6_87bba6c4,6803,7012
44b6_87bba6c4,6804,7142
44b6_87bba6c4,6805,7141
44b6_87bba6c4,6806,7127
44b6_87bba6c4,6807,7164
44b6_87bba6c4,6808,7129
44b6_87bba6c4,6809,7116
44b6_87bba6c4,6810,7131
44b6_87bba6c4,6811,7166
44b6_87bba6c4,6813,7004
44b6_87bba6c4,6814,7111
44b6_87bba6c4,6815,7137
44b6_87bba6c4,6817,7059
44b6_87bba6c4,6819,7227
44b6_87bba6c4,6821,7128
44b6_87bba6c4,6822,7117
44b6_87bba6c4,6823,7119
44b6_87bba6c4,6825,7150
44b6_87bba6c4,6826,7068
44b6_87bba6c4,6827,7130
44b6_87bba6c4,6828,7120
44b6_87bba6c4,6829,7085
44b6_87bba6c4,6830,7183
44b6_87bba6c4,6831,7103
44b6_87bba6c4,6833,7087
44b6_87bba6c4,6835,7159
44b6_87bba6c4,6837,7140
44b6_87bba6c4,6838,7108
44b6_87bba6c4,6839,7079
44b6_87bba6c4,6840,7121
44b6_87bba6c4,6841,7125
44b6_87bba6c4,6842,7112
44b6_87bba6c4,6843,7126
44b6_87bba6c4,6845,7158
44b6_87bba6c4,6846,7161
44b6_87bba6c4,6847,7185
44b6_87bba6c4,6849,7156
44b6_87bba6c4,6850,7144
44b6_87bba6c4,6851,7163
44b6_87bba6c4,6852,7132
44b6_87bba6c4,6854,7155
44b6_87bba6c4,6855,7203
44b6_87bba6c4,6856,7107
44b6_87bba6c4,6857,7178
44b6_87bba6c4,6858,7133
44b6_87bba6c4,6859,7207
44b6_87bba6c4,6860,7170
44b6_87bba6c4,6861,7168
44b6_87bba6c4,6863,7225
44b6_87bba6c4,6864,7134
44b6_87bba6c4,6865,7153
44b6_87bba6c4,6868,7083
44b6_87bba6c4,6869,7209
44b6_87bba6c4,6871,7157
44b6_87bba6c4,6872,7143
44b6_87bba6c4,6873,7151
44b6_87bba6c4,6874,7147
44b6_87bba6c4,6878,7039
44b6_87bba6c4,6879,7189
44b6_87bba6c4,6880,7182
44b6_87bba6c4,6881,7145
44b6_87bba6c4,6882,7136
44b6_87bba6c4,6883,7218
44b6_87bba6c4,6884,7215
44b6_87bba6c4,6886,7078
44b6_87bba6c4,6887,7169
44b6_87bba6c4,6888,7212
44b6_87bba6c4,6889,7195
44b6_87bba6c4,6890,7223
44b6_87bba6c4,6891,7188
44b6_87bba6c4,6892,7197
44b6_87bba6c4,6893,7174
44b6_87bba6c4,6894,7194
44b6_87bba6c4,6897,7213
44b6_87bba6c4,6898,7214
44b6_87bba6c4,6899,7205
44b6_87bba6c4,6900,7176
44b6_87bba6c4,6902,7139
44b6_87bba6c4,6904,7180
44b6_87bba6c4,6906,7217
44b6_87bba6c4,6911,7211
44b6_87bba6c4,6912,7219
44b6_87bba6c4,6918,7138
44b6_87bba6c4,6919,7232
44b6_87bba6c4,6925,7237
44b6_87bba6c4,6926,7238
44b6_87bba6c4,6927,7249
44b6_87bba6c4,6928,7248
44b6_87bba6c4,6929,7240
44b6_87bba6c4,6930,7243
44b6_87bba6c4,6931,7246
44b6_87bba6c4,6932,7260
44b6_87bba6c4,6933,7242
44b6_87bba6c4,6934,7286
44b6_87bba6c4,6935,7268
44b6_87bba6c4,6936,7265
44b6_87bba6c4,6937,7271
44b6_87bba6c4,6938,7239
44b6_87bba6c4,6939,7244
44b6_87bba6c4,6940,7278
44b6_87bba6c4,6941,7280
44b6_87bba6c4,6942,7257
44b6_87bba6c4,6943,7247
44b6_87bba6c4,6944,7301
44b6_87bba6c4,6945,7241
44b6_87bba6c4,6946,7250
44b6_87bba6c4,6947,7254
44b6_87bba6c4,6948,7251
44b6_87bba6c4,6949,7267
44b6_87bba6c4,6950,7319
44b6_87bba6c4,6951,7256
44b6_87bba6c4,6952,7281
44b6_87bba6c4,6953,7275
44b6_87bba6c4,6954,7415
44b6_87bba6c4,6955,7261
44b6_87bba6c4,6957,7279
44b6_87bba6c4,6958,7277
44b6_87bba6c4,6959,7270
44b6_87bba6c4,6960,7283
44b6_87bba6c4,6961,7329
44b6_87bba6c4,6962,7264
44b6_87bba6c4,6963,7255
44b6_87bba6c4,6964,7263
44b6_87bba6c4,6965,7324
44b6_87bba6c4,6966,7302
44b6_87bba6c4,6967,7298
44b6_87bba6c4,6969,7381
44b6_87bba6c4,6970,7273
44b6_87bba6c4,6971,7296
44b6_87bba6c4,6972,7402
44b6_87bba6c4,6973,7292
44b6_87bba6c4,6974,7300
44b6_87bba6c4,6975,7253
44b6_87bba6c4,6976,7389
44b6_87bba6c4,6977,7290
44b6_87bba6c4,6978,7284
44b6_87bba6c4,6980,7258
44b6_87bba6c4,6981,7327
44b6_87bba6c4,6982,7472
44b6_87bba6c4,6984,7309
44b6_87bba6c4,6985,7274
44b6_87bba6c4,6987,7299
44b6_87bba6c4,6988,7306
44b6_87bba6c4,6990,7272
44b6_87bba6c4,6991,7312
44b6_87bba6c4,6992,7289
44b6_87bba6c4,6993,7360
44b6_87bba6c4,6995,7311
44b6_87bba6c4,6996,7326
44b6_87bba6c4,6997,7334
44b6_87bba6c4,6998,7303
44b6_87bba6c4,6999,7262
44b6_87bba6c4,7000,7357
44b6_87bba6c4,7001,7358
44b6_87bba6c4,7002,7245
44b6_87bba6c4,7004,7349
44b6_87bba6c4,7005,7285
44b6_87bba6c4,7006,7295
44b6_87bba6c4,7007,7305
44b6_87bba6c4,7008,7362
44b6_87bba6c4,7009,7450
44b6_87bba6c4,7010,7348
44b6_87bba6c4,7011,7396
44b6_87bba6c4,7012,7338
44b6_87bba6c4,7013,7418
44b6_87bba6c4,7014,7310
44b6_87bba6c4,7015,7346
44b6_87bba6c4,7016,7355
44b6_87bba6c4,7017,7393
44b6_87bba6c4,7018,7322
44b6_87bba6c4,7020,7297
44b6_87bba6c4,7021,7365
44b6_87bba6c4,7022,7351
44b6_87bba6c4,7023,7323
44b6_87bba6c4,7025,7361
44b6_87bba6c4,7026,7269
44b6_87bba6c4,7027,7490
44b6_87bba6c4,7028,7325
44b6_87bba6c4,7030,7318
44b6_87bba6c4,7031,7400
44b6_87bba6c4,7032,7377
44b6_87bba6c4,7033,7439
44b6_87bba6c4,7034,7350
44b6_87bba6c4,7035,7331
44b6_87bba6c4,7036,7330
44b6_87bba6c4,7037,7353
44b6_87bba6c4,7038,7354
44b6_87bba6c4,7039,7340
44b6_87bba6c4,7041,7372
44b6_87bba6c4,7043,7416
44b6_87bba6c4,7045,7378
44b6_87bba6c4,7046,7422
44b6_87bba6c4,7047,7288
44b6_87bba6c4,7048,7342
44b6_87bba6c4,7050,7359
44b6_87bba6c4,7052,7333
44b6_87bba6c4,7053,7344
44b6_87bba6c4,7054,7383
44b6_87bba6c4,7055,7294
44b6_87bba6c4,7056,7337
44b6_87bba6c4,7057,7409
44b6_87bba6c4,7058,7335
44b6_87bba6c4,7059,7376
44b6_87bba6c4,7060,7317
44b6_87bba6c4,7061,7314
44b6_87bba6c4,7062,7369
44b6_87bba6c4,7063,7307
44b6_87bba6c4,7064,7370
44b6_87bba6c4,7066,7313
44b6_87bba6c4,7067,7420
44b6_87bba6c4,7068,7374
44b6_87bba6c4,7069,7276
44b6_87bba6c4,7070,7537
44b6_87bba6c4,7071,7364
44b6_87bba6c4,7072,7375
44b6_87bba6c4,7073,7373
44b6_87bba6c4,7076,7356
44b6_87bba6c4,7077,7287
44b6_87bba6c4,7079,7320
44b6_87bba6c4,7080,7421
44b6_87bba6c4,7081,7392
44b6_87bba6c4,7082,7398
44b6_87bba6c4,7083,7443
44b6_87bba6c4,7085,7410
44b6_87bba6c4,7086,7384
44b6_87bba6c4,7087,7534
44b6_87bba6c4,7088,7371
44b6_87bba6c4,7089,7399
44b6_87bba6c4,7090,7541
44b6_87bba6c4,7091,7401
44b6_87bba6c4,7092,7259
44b6_87bba6c4,7093,7386
44b6_87bba6c4,7094,7385
44b6_87bba6c4,7095,7426
44b6_87bba6c4,7097,7316
44b6_87bba6c4,7098,7380
44b6_87bba6c4,7099,7368
44b6_87bba6c4,7100,7379
44b6_87bba6c4,7101,7390
44b6_87bba6c4,7103,7394
44b6_87bba6c4,7104,7403
44b6_87bba6c4,7106,7405
44b6_87bba6c4,7107,7315
44b6_87bba6c4,7109,7413
44b6_87bba6c4,7111,7336
44b6_87bba6c4,7112,7417
44b6_87bba6c4,7114,7430
44b6_87bba6c4,7115,7461
44b6_87bba6c4,7116,7440
44b6_87bba6c4,7117,7425
44b6_87bba6c4,7118,7343
44b6_87bba6c4,7119,7428
44b6_87bba6c4,7120,7457
44b6_87bba6c4,7121,7367
44b6_87bba6c4,7122,7437
44b6_87bba6c4,7123,7347
44b6_87bba6c4,7124,7452
44b6_87bba6c4,7125,7441
44b6_87bba6c4,7126,7407
44b6_87bba6c4,7127,7444
44b6_87bba6c4,7128,7395
44b6_87bba6c4,7129,7448
44b6_87bba6c4,7130,7408
44b6_87bba6c4,7131,7411
44b6_87bba6c4,7132,7435
44b6_87bba6c4,7133,7453
44b6_87bba6c4,7134,7442
44b6_87bba6c4,7136,7366
44b6_87bba6c4,7137,7467
44b6_87bba6c4,7138,7488
44b6_87bba6c4,7139,7479
44b6_87bba6c4,7140,7414
44b6_87bba6c4,7144,7423
44b6_87bba6c4,7145,7455
44b6_87bba6c4,7147,7510
44b6_87bba6c4,7149,7404
44b6_87bba6c4,7150,7466
44b6_87bba6c4,7151,7504
44b6_87bba6c4,7152,7511
44b6_87bba6c4,7153,7484
44b6_87bba6c4,7155,7473
44b6_87bba6c4,7156,7476
44b6_87bba6c4,7157,7463
44b6_87bba6c4,7158,7447
44b6_87bba6c4,7159,7483
44b6_87bba6c4,7161,7438
44b6_87bba6c4,7162,7429
44b6_87bba6c4,7163,7471
44b6_87bba6c4,7164,7465
44b6_87bba6c4,7165,7469
44b6_87bba6c4,7166,7535
44b6_87bba6c4,7168,7486
44b6_87bba6c4,7169,7489
44b6_87bba6c4,7170,7451
44b6_87bba6c4,7173,7458
44b6_87bba6c4,7175,7434
44b6_87bba6c4,7176,7477
44b6_87bba6c4,7178,7391
44b6_87bba6c4,7180,7462
44b6_87bba6c4,7182,7494
44b6_87bba6c4,7186,7454
44b6_87bba6c4,7187,7487
44b6_87bba6c4,7188,7518
44b6_87bba6c4,7189,7517
44b6_87bba6c4,7190,7491
44b6_87bba6c4,7194,7481
44b6_87bba6c4,7195,7528
44b6_87bba6c4,7196,7436
44b6_87bba6c4,7197,7464
44b6_87bba6c4,7200,7520
44b6_87bba6c4,7201,7502
44b6_87bba6c4,7203,7523
44b6_87bba6c4,7205,7513
44b6_87bba6c4,7206,7478
44b6_87bba6c4,7207,7508
44b6_87bba6c4,7210,7459
44b6_87bba6c4,7211,7495
44b6_87bba6c4,7213,7527
44b6_87bba6c4,7217,7505
44b6_87bba6c4,7219,7533
44b6_87bba6c4,7223,7526
44b6_87bba6c4,7226,7544
44b6_87bba6c4,7229,7514
44b6_87bba6c4,7231,7387
44b6_87bba6c4,7236,7519
44b6_87bba6c4,7237,7548
44b6_87bba6c4,7238,7549
44b6_87bba6c4,7239,7551
44b6_87bba6c4,7240,7553
44b6_87bba6c4,7241,7563
44b6_87bba6c4,7242,7552
44b6_87bba6c4,7243,7555
44b6_87bba6c4,7244,7560
44b6_87bba6c4,7245,7642
44b6_87bba6c4,7246,7558
44b6_87bba6c4,7247,7557
44b6_87bba6c4,7248,7602
44b6_87bba6c4,7249,7614
44b6_87bba6c4,7250,7554
44b6_87bba6c4,7251,7569
44b6_87bba6c4,7252,7567
44b6_87bba6c4,7253,7556
44b6_87bba6c4,7254,7578
44b6_87bba6c4,7255,7562
44b6_87bba6c4,7256,7559
44b6_87bba6c4,7257,7566
44b6_87bba6c4,7258,7637
44b6_87bba6c4,7259,7571
44b6_87bba6c4,7260,7570
44b6_87bba6c4,7261,7577
44b6_87bba6c4,7263,7568
44b6_87bba6c4,7264,7582
44b6_87bba6c4,7265,7591
44b6_87bba6c4,7266,7586
44b6_87bba6c4,7267,7619
44b6_87bba6c4,7268,7572
44b6_87bba6c4,7269,7668
44b6_87bba6c4,7270,7584
44b6_87bba6c4,7271,7581
44b6_87bba6c4,7272,7573
44b6_87bba6c4,7273,7652
44b6_87bba6c4,7274,7588
44b6_87bba6c4,7275,7625
44b6_87bba6c4,7276,7653
44b6_87bba6c4,7277,7663
44b6_87bba6c4,7278,7579
44b6_87bba6c4,7279,7592
44b6_87bba6c4,7280,7696
44b6_87bba6c4,7281,7596
44b6_87bba6c4,7283,7681
44b6_87bba6c4,7284,7608
44b6_87bba6c4,7285,7593
44b6_87bba6c4,7286,7550
44b6_87bba6c4,7287,7594
44b6_87bba6c4,7288,7580
44b6_87bba6c4,7289,7670
44b6_87bba6c4,7291,7561
44b6_87bba6c4,7292,7589
44b6_87bba6c4,7293,7564
44b6_87bba6c4,7294,7673
44b6_87bba6c4,7295,7615
44b6_87bba6c4,7296,7629
44b6_87bba6c4,7297,7646
44b6_87bba6c4,7298,7612
44b6_87bba6c4,7299,7643
44b6_87bba6c4,7300,7684
44b6_87bba6c4,7301,7682
44b6_87bba6c4,7302,7677
44b6_87bba6c4,7303,7595
44b6_87bba6c4,7304,7575
44b6_87bba6c4,7305,7644
44b6_87bba6c4,7306,7613
44b6_87bba6c4,7307,7635
44b6_87bba6c4,7308,7697
44b6_87bba6c4,7309,7672
44b6_87bba6c4,7310,7710
44b6_87bba6c4,7311,7728
44b6_87bba6c4,7312,7636
44b6_87bba6c4,7313,7632
44b6_87bba6c4,7314,7606
44b6_87bba6c4,7316,7656
44b6_87bba6c4,7317,7599
44b6_87bba6c4,7319,7631
44b6_87bba6c4,7320,7650
44b6_87bba6c4,7321,7605
44b6_87bba6c4,7322,7590
44b6_87bba6c4,7323,7620
44b6_87bba6c4,7324,7641
44b6_87bba6c4,7325,7674
44b6_87bba6c4,7326,7667
44b6_87bba6c4,7327,7691
44b6_87bba6c4,7328,7645
44b6_87bba6c4,7329,7622
44b6_87bba6c4,7330,7601
44b6_87bba6c4,7331,7617
44b6_87bba6c4,7333,7675
44b6_87bba6c4,7334,7634
44b6_87bba6c4,7335,7661
44b6_87bba6c4,7336,7604
44b6_87bba6c4,7337,7616
44b6_87bba6c4,7338,7687
44b6_87bba6c4,7339,7600
44b6_87bba6c4,7340,7694
44b6_87bba6c4,7341,7657
44b6_87bba6c4,7342,7683
44b6_87bba6c4,7344,7685
44b6_87bba6c4,7345,7627
44b6_87bba6c4,7346,7633
44b6_87bba6c4,7348,7628
44b6_87bba6c4,7349,7630
44b6_87bba6c4,7350,7698
44b6_87bba6c4,7351,7713
44b6_87bba6c4,7352,7665
44b6_87bba6c4,7353,7583
44b6_87bba6c4,7354,7769
44b6_87bba6c4,7355,7611
44b6_87bba6c4,7357,7658
44b6_87bba6c4,7358,7736
44b6_87bba6c4,7359,7689
44b6_87bba6c4,7360,7598
44b6_87bba6c4,7364,7705
44b6_87bba6c4,7365,7655
44b6_87bba6c4,7366,7574
44b6_87bba6c4,7367,7662
44b6_87bba6c4,7368,7692
44b6_87bba6c4,7370,7747
44b6_87bba6c4,7371,7774
44b6_87bba6c4,7372,7716
44b6_87bba6c4,7373,7651
44b6_87bba6c4,7374,7640
44b6_87bba6c4,7375,7739
44b6_87bba6c4,7376,7723
44b6_87bba6c4,7377,7649
44b6_87bba6c4,7378,7693
44b6_87bba6c4,7382,7664
44b6_87bba6c4,7383,7711
44b6_87bba6c4,7384,7639
44b6_87bba6c4,7386,7666
44b6_87bba6c4,7387,7725
44b6_87bba6c4,7388,7704
44b6_87bba6c4,7389,7760
44b6_87bba6c4,7390,7741
44b6_87bba6c4,7391,7624
44b6_87bba6c4,7393,7762
44b6_87bba6c4,7394,7700
44b6_87bba6c4,7395,7597
44b6_87bba6c4,7396,7690
44b6_87bba6c4,7397,7765
44b6_87bba6c4,7399,7671
44b6_87bba6c4,7400,7733
44b6_87bba6c4,7401,7743
44b6_87bba6c4,7402,7722
44b6_87bba6c4,7403,7660
44b6_87bba6c4,7404,7731
44b6_87bba6c4,7405,7701
44b6_87bba6c4,7406,7647
44b6_87bba6c4,7407,7730
44b6_87bba6c4,7408,7749
44b6_87bba6c4,7409,7752
44b6_87bba6c4,7410,7778
44b6_87bba6c4,7411,7756
44b6_87bba6c4,7412,7659
44b6_87bba6c4,7413,7703
44b6_87bba6c4,7414,7742
44b6_87bba6c4,7415,7623
44b6_87bba6c4,7416,7678
44b6_87bba6c4,7417,7706
44b6_87bba6c4,7418,7727
44b6_87bba6c4,7420,7754
44b6_87bba6c4,7421,7719
44b6_87bba6c4,7422,7737
44b6_87bba6c4,7423,7785
44b6_87bba6c4,7425,7679
44b6_87bba6c4,7426,7748
44b6_87bba6c4,7427,7819
44b6_87bba6c4,7428,7764
44b6_87bba6c4,7429,7695
44b6_87bba6c4,7432,7626
44b6_87bba6c4,7433,7709
44b6_87bba6c4,7434,7761
44b6_87bba6c4,7435,7746
44b6_87bba6c4,7437,7751
44b6_87bba6c4,7438,7726
44b6_87bba6c4,7442,7781
44b6_87bba6c4,7443,7779
44b6_87bba6c4,7444,7621
44b6_87bba6c4,7446,7740
44b6_87bba6c4,7447,7772
44b6_87bba6c4,7448,7773
44b6_87bba6c4,7449,7758
44b6_87bba6c4,7450,7607
44b6_87bba6c4,7451,7789
44b6_87bba6c4,7452,7715
44b6_87bba6c4,7453,7770
44b6_87bba6c4,7454,7702
44b6_87bba6c4,7455,7796
44b6_87bba6c4,7456,7708
44b6_87bba6c4,7457,7767
44b6_87bba6c4,7458,7791
44b6_87bba6c4,7459,7735
44b6_87bba6c4,7461,7745
44b6_87bba6c4,7462,7821
44b6_87bba6c4,7463,7717
44b6_87bba6c4,7464,7712
44b6_87bba6c4,7466,7768
44b6_87bba6c4,7467,7804
44b6_87bba6c4,7469,7786
44b6_87bba6c4,7471,7792
44b6_87bba6c4,7472,7729
44b6_87bba6c4,7473,7820
44b6_87bba6c4,7474,7680
44b6_87bba6c4,7476,7759
44b6_87bba6c4,7477,7707
44b6_87bba6c4,7478,7782
44b6_87bba6c4,7479,7721
44b6_87bba6c4,7480,7814
44b6_87bba6c4,7481,7777
44b6_87bba6c4,7482,7734
44b6_87bba6c4,7483,7750
44b6_87bba6c4,7484,7784
44b6_87bba6c4,7486,7771
44b6_87bba6c4,7488,7780
44b6_87bba6c4,7489,7802
44b6_87bba6c4,7490,7794
44b6_87bba6c4,7491,7800
44b6_87bba6c4,7493,7843
44b6_87bba6c4,7494,7811
44b6_87bba6c4,7495,7829
44b6_87bba6c4,7496,7787
44b6_87bba6c4,7498,7824
44b6_87bba6c4,7499,7766
44b6_87bba6c4,7502,7823
44b6_87bba6c4,7504,7797
44b6_87bba6c4,7505,7815
44b6_87bba6c4,7506,7795
44b6_87bba6c4,7510,7788
44b6_87bba6c4,7511,7826
44b6_87bba6c4,7512,7793
44b6_87bba6c4,7514,7812
44b6_87bba6c4,7515,7801
44b6_87bba6c4,7517,7844
44b6_87bba6c4,7518,7845
44b6_87bba6c4,7519,7831
44b6_87bba6c4,7520,7837
44b6_87bba6c4,7525,7839
44b6_87bba6c4,7526,7807
44b6_87bba6c4,7527,7825
44b6_87bba6c4,7528,7799
44b6_87bba6c4,7530,7810
44b6_87bba6c4,7531,7832
44b6_87bba6c4,7533,7818
44b6_87bba6c4,7543,7846
44b6_87bba6c4,7545,7822
44b6_87bba6c4,7548,7849
44b6_87bba6c4,7549,7851
44b6_87bba6c4,7550,7856
44b6_87bba6c4,7551,7861
44b6_87bba6c4,7552,7852
44b6_87bba6c4,7553,7891
44b6_87bba6c4,7554,7858
44b6_87bba6c4,7555,7853
44b6_87bba6c4,7556,7886
44b6_87bba6c4,7557,7857
44b6_87bba6c4,7558,7867
44b6_87bba6c4,7559,7871
44b6_87bba6c4,7560,7890
44b6_87bba6c4,7561,7850
44b6_87bba6c4,7562,7868
44b6_87bba6c4,7563,7923
44b6_87bba6c4,7564,7922
44b6_87bba6c4,7565,7887
44b6_87bba6c4,7566,7854
44b6_87bba6c4,7567,7872
44b6_87bba6c4,7568,7905
44b6_87bba6c4,7569,7874
44b6_87bba6c4,7570,7936
44b6_87bba6c4,7571,7914
44b6_87bba6c4,7572,7902
44b6_87bba6c4,7573,7895
44b6_87bba6c4,7574,7870
44b6_87bba6c4,7575,7884
44b6_87bba6c4,7576,7910
44b6_87bba6c4,7577,7881
44b6_87bba6c4,7578,7876
44b6_87bba6c4,7579,8034
44b6_87bba6c4,7580,7901
44b6_87bba6c4,7581,7906
44b6_87bba6c4,7582,7916
44b6_87bba6c4,7583,7864
44b6_87bba6c4,7584,7926
44b6_87bba6c4,7585,7869
44b6_87bba6c4,7588,7865
44b6_87bba6c4,7589,7892
44b6_87bba6c4,7590,7863
44b6_87bba6c4,7591,7888
44b6_87bba6c4,7592,7882
44b6_87bba6c4,7593,7943
44b6_87bba6c4,7594,7859
44b6_87bba6c4,7595,7879
44b6_87bba6c4,7596,7885
44b6_87bba6c4,7597,7860
44b6_87bba6c4,7598,7873
44b6_87bba6c4,7599,7995
44b6_87bba6c4,7600,8031
44b6_87bba6c4,7601,8050
44b6_87bba6c4,7602,7904
44b6_87bba6c4,7603,7924
44b6_87bba6c4,7604,7982
44b6_87bba6c4,7605,7956
44b6_87bba6c4,7606,7880
44b6_87bba6c4,7607,7942
44b6_87bba6c4,7608,7866
44b6_87bba6c4,7609,7875
44b6_87bba6c4,7611,7893
44b6_87bba6c4,7612,7909
44b6_87bba6c4,7613,7955
44b6_87bba6c4,7614,7953
44b6_87bba6c4,7615,7945
44b6_87bba6c4,7617,7883
44b6_87bba6c4,7618,7898
44b6_87bba6c4,7619,7971
44b6_87bba6c4,7620,7889
44b6_87bba6c4,7621,7957
44b6_87bba6c4,7622,7940
44b6_87bba6c4,7623,7897
44b6_87bba6c4,7624,7908
44b6_87bba6c4,7625,7899
44b6_87bba6c4,7626,7963
44b6_87bba6c4,7627,7937
44b6_87bba6c4,7628,7958
44b6_87bba6c4,7629,7983
44b6_87bba6c4,7630,7918
44b6_87bba6c4,7631,7855
44b6_87bba6c4,7632,7896
44b6_87bba6c4,7633,7977
44b6_87bba6c4,7634,7930
44b6_87bba6c4,7635,7933
44b6_87bba6c4,7636,7920
44b6_87bba6c4,7637,7934
44b6_87bba6c4,7638,7947
44b6_87bba6c4,7640,7965
44b6_87bba6c4,7641,7915
44b6_87bba6c4,7642,7877
44b6_87bba6c4,7643,7928
44b6_87bba6c4,7644,7941
44b6_87bba6c4,7645,8063
44b6_87bba6c4,7646,7984
44b6_87bba6c4,7647,7954
44b6_87bba6c4,7648,7894
44b6_87bba6c4,7649,8004
44b6_87bba6c4,7650,7975
44b6_87bba6c4,7651,7988
44b6_87bba6c4,7652,7974
44b6_87bba6c4,7653,7960
44b6_87bba6c4,7654,8008
44b6_87bba6c4,7655,7962
44b6_87bba6c4,7656,7907
44b6_87bba6c4,7657,7976
44b6_87bba6c4,7659,7979
44b6_87bba6c4,7660,7968
44b6_87bba6c4,7661,7944
44b6_87bba6c4,7662,7961
44b6_87bba6c4,7663,7925
44b6_87bba6c4,7664,7964
44b6_87bba6c4,7665,7997
44b6_87bba6c4,7666,8015
44b6_87bba6c4,7667,7981
44b6_87bba6c4,7668,7878
44b6_87bba6c4,7669,7911
44b6_87bba6c4,7671,7935
44b6_87bba6c4,7673,7996
44b6_87bba6c4,7674,7951
44b6_87bba6c4,7675,8049
44b6_87bba6c4,7677,7959
44b6_87bba6c4,7679,7986
44b6_87bba6c4,7680,7973
44b6_87bba6c4,7681,7950
44b6_87bba6c4,7682,8023
44b6_87bba6c4,7683,8025
44b6_87bba6c4,7684,7948
44b6_87bba6c4,7685,7978
44b6_87bba6c4,7687,7952
44b6_87bba6c4,7688,7972
44b6_87bba6c4,7689,7992
44b6_87bba6c4,7690,7999
44b6_87bba6c4,7691,8022
44b6_87bba6c4,7692,7993
44b6_87bba6c4,7693,7929
44b6_87bba6c4,7694,8065
44b6_87bba6c4,7695,7931
44b6_87bba6c4,7696,8002
44b6_87bba6c4,7697,8142
44b6_87bba6c4,7698,7985
44b6_87bba6c4,7699,7917
44b6_87bba6c4,7700,8016
44b6_87bba6c4,7702,8035
44b6_87bba6c4,7703,7987
44b6_87bba6c4,7704,8036
44b6_87bba6c4,7706,7994
44b6_87bba6c4,7707,8054
44b6_87bba6c4,7708,7967
44b6_87bba6c4,7709,7938
44b6_87bba6c4,7712,8041
44b6_87bba6c4,7715,7991
44b6_87bba6c4,7716,8053
44b6_87bba6c4,7717,8044
44b6_87bba6c4,7718,8011
44b6_87bba6c4,7719,8000
44b6_87bba6c4,7720,7949
44b6_87bba6c4,7721,8030
44b6_87bba6c4,7722,7939
44b6_87bba6c4,7723,8032
44b6_87bba6c4,7724,8007
44b6_87bba6c4,7726,7966
44b6_87bba6c4,7727,8014
44b6_87bba6c4,7729,8068
44b6_87bba6c4,7730,8111
44b6_87bba6c4,7731,8058
44b6_87bba6c4,7732,8033
44b6_87bba6c4,7733,7970
44b6_87bba6c4,7734,8019
44b6_87bba6c4,7735,8073
44b6_87bba6c4,7737,7932
44b6_87bba6c4,7739,8012
44b6_87bba6c4,7740,7989
44b6_87bba6c4,7741,8104
44b6_87bba6c4,7742,8070
44b6_87bba6c4,7744,8096
44b6_87bba6c4,7745,8105
44b6_87bba6c4,7746,8021
44b6_87bba6c4,7748,8043
44b6_87bba6c4,7749,8062
44b6_87bba6c4,7751,7980
44b6_87bba6c4,7753,8005
44b6_87bba6c4,7754,8047
44b6_87bba6c4,7755,8092
44b6_87bba6c4,7756,8113
44b6_87bba6c4,7758,8051
44b6_87bba6c4,7759,8001
44b6_87bba6c4,7760,7921
44b6_87bba6c4,7761,8042
44b6_87bba6c4,7762,8064
44b6_87bba6c4,7763,8020
44b6_87bba6c4,7764,8084
44b6_87bba6c4,7765,8038
44b6_87bba6c4,7766,8103
44b6_87bba6c4,7767,8083
44b6_87bba6c4,7768,8089
44b6_87bba6c4,7769,8076
44b6_87bba6c4,7770,8086
44b6_87bba6c4,7771,8059
44b6_87bba6c4,7772,8039
44b6_87bba6c4,7773,8017
44b6_87bba6c4,7774,8061
44b6_87bba6c4,7775,8109
44b6_87bba6c4,7776,8045
44b6_87bba6c4,7777,8056
44b6_87bba6c4,7778,8077
44b6_87bba6c4,7779,8024
44b6_87bba6c4,7780,8101
44b6_87bba6c4,7781,8117
44b6_87bba6c4,7782,8097
44b6_87bba6c4,7783,8067
44b6_87bba6c4,7784,8072
44b6_87bba6c4,7785,8027
44b6_87bba6c4,7786,8108
44b6_87bba6c4,7787,8088
44b6_87bba6c4,7788,8078
44b6_87bba6c4,7789,8115
44b6_87bba6c4,7791,8093
44b6_87bba6c4,7793,8098
44b6_87bba6c4,7794,8037
44b6_87bba6c4,7795,8026
44b6_87bba6c4,7796,8127
44b6_87bba6c4,7797,8085
44b6_87bba6c4,7798,8052
44b6_87bba6c4,7799,8147
44b6_87bba6c4,7800,8118
44b6_87bba6c4,7802,8150
44b6_87bba6c4,7803,8018
44b6_87bba6c4,7805,8029
44b6_87bba6c4,7807,8140
44b6_87bba6c4,7809,8100
44b6_87bba6c4,7810,8112
44b6_87bba6c4,7811,8081
44b6_87bba6c4,7812,8153
44b6_87bba6c4,7813,8074
44b6_87bba6c4,7814,8151
44b6_87bba6c4,7815,8116
44b6_87bba6c4,7817,8099
44b6_87bba6c4,7818,8123
44b6_87bba6c4,7819,8139
44b6_87bba6c4,7820,8148
44b6_87bba6c4,7822,8087
44b6_87bba6c4,7824,8143
44b6_87bba6c4,7825,8125
44b6_87bba6c4,7826,8132
44b6_87bba6c4,7827,8145
44b6_87bba6c4,7828,8075
44b6_87bba6c4,7830,8134
44b6_87bba6c4,7832,8082
44b6_87bba6c4,7834,8124
44b6_87bba6c4,7835,8094
44b6_87bba6c4,7837,8110
44b6_87bba6c4,7838,8079
44b6_87bba6c4,7840,8091
44b6_87bba6c4,7842,8120
44b6_87bba6c4,7843,8046
44b6_87bba6c4,7844,8149
44b6_87bba6c4,7845,8119
44b6_87bba6c4,7849,8162
44b6_87bba6c4,7850,8225
44b6_87bba6c4,7851,8156
44b6_87bba6c4,7852,8157
44b6_87bba6c4,7853,8163
44b6_87bba6c4,7854,8174
44b6_87bba6c4,7855,8179
44b6_87bba6c4,7856,8158
44b6_87bba6c4,7857,8171
44b6_87bba6c4,7858,8166
44b6_87bba6c4,7859,8205
44b6_87bba6c4,7860,8160
44b6_87bba6c4,7861,8172
44b6_87bba6c4,7862,8168
44b6_87bba6c4,7863,8188
44b6_87bba6c4,7864,8189
44b6_87bba6c4,7865,8190
44b6_87bba6c4,7866,8347
44b6_87bba6c4,7867,8181
44b6_87bba6c4,7868,8183
44b6_87bba6c4,7869,8248
44b6_87bba6c4,7870,8199
44b6_87bba6c4,7871,8167
44b6_87bba6c4,7872,8178
44b6_87bba6c4,7873,8217
44b6_87bba6c4,7874,8193
44b6_87bba6c4,7875,8176
44b6_87bba6c4,7876,8185
44b6_87bba6c4,7877,8161
44b6_87bba6c4,7878,8177
44b6_87bba6c4,7879,8169
44b6_87bba6c4,7880,8187
44b6_87bba6c4,7881,8203
44b6_87bba6c4,7882,8202
44b6_87bba6c4,7883,8356
44b6_87bba6c4,7884,8223
44b6_87bba6c4,7885,8213
44b6_87bba6c4,7886,8276
44b6_87bba6c4,7887,8281
44b6_87bba6c4,7888,8182
44b6_87bba6c4,7889,8184
44b6_87bba6c4,7890,8165
44b6_87bba6c4,7891,8159
44b6_87bba6c4,7892,8210
44b6_87bba6c4,7893,8239
44b6_87bba6c4,7894,8226
44b6_87bba6c4,7895,8250
44b6_87bba6c4,7896,8229
44b6_87bba6c4,7897,8211
44b6_87bba6c4,7898,8209
44b6_87bba6c4,7899,8180
44b6_87bba6c4,7900,8255
44b6_87bba6c4,7901,8196
44b6_87bba6c4,7902,8191
44b6_87bba6c4,7903,8267
44b6_87bba6c4,7904,8198
44b6_87bba6c4,7905,8222
44b6_87bba6c4,7906,8273
44b6_87bba6c4,7907,8292
44b6_87bba6c4,7908,8234
44b6_87bba6c4,7909,8197
44b6_87bba6c4,7910,8175
44b6_87bba6c4,7911,8269
44b6_87bba6c4,7913,8164
44b6_87bba6c4,7914,8262
44b6_87bba6c4,7915,8256
44b6_87bba6c4,7916,8186
44b6_87bba6c4,7917,8249
44b6_87bba6c4,7918,8204
44b6_87bba6c4,7919,8218
44b6_87bba6c4,7920,8446
44b6_87bba6c4,7921,8265
44b6_87bba6c4,7922,8208
44b6_87bba6c4,7924,8212
44b6_87bba6c4,7925,8207
44b6_87bba6c4,7926,8200
44b6_87bba6c4,7927,8427
44b6_87bba6c4,7928,8214
44b6_87bba6c4,7929,8271
44b6_87bba6c4,7930,8201
44b6_87bba6c4,7931,8246
44b6_87bba6c4,7932,8244
44b6_87bba6c4,7933,8216
44b6_87bba6c4,7934,8224
44b6_87bba6c4,7935,8334
44b6_87bba6c4,7936,8206
44b6_87bba6c4,7937,8243
44b6_87bba6c4,7938,8227
44b6_87bba6c4,7940,8259
44b6_87bba6c4,7941,8236
44b6_87bba6c4,7942,8371
44b6_87bba6c4,7943,8247
44b6_87bba6c4,7944,8291
44b6_87bba6c4,7945,8238
44b6_87bba6c4,7946,8312
44b6_87bba6c4,7947,8232
44b6_87bba6c4,7948,8280
44b6_87bba6c4,7949,8337
44b6_87bba6c4,7950,8318
44b6_87bba6c4,7951,8215
44b6_87bba6c4,7952,8297
44b6_87bba6c4,7953,8277
44b6_87bba6c4,7954,8235
44b6_87bba6c4,7956,8195
44b6_87bba6c4,7957,8300
44b6_87bba6c4,7958,8264
44b6_87bba6c4,7959,8303
44b6_87bba6c4,7960,8275
44b6_87bba6c4,7961,8289
44b6_87bba6c4,7962,8241
44b6_87bba6c4,7963,8194
44b6_87bba6c4,7964,8230
44b6_87bba6c4,7965,8282
44b6_87bba6c4,7966,8310
44b6_87bba6c4,7967,8301
44b6_87bba6c4,7968,8245
44b6_87bba6c4,7969,8279
44b6_87bba6c4,7970,8231
44b6_87bba6c4,7972,8270
44b6_87bba6c4,7973,8258
44b6_87bba6c4,7974,8283
44b6_87bba6c4,7975,8260
44b6_87bba6c4,7976,8293
44b6_87bba6c4,7977,8304
44b6_87bba6c4,7978,8253
44b6_87bba6c4,7979,8257
44b6_87bba6c4,7980,8323
44b6_87bba6c4,7981,8294
44b6_87bba6c4,7982,8237
44b6_87bba6c4,7983,8272
44b6_87bba6c4,7984,8228
44b6_87bba6c4,7986,8266
44b6_87bba6c4,7987,8314
44b6_87bba6c4,7988,8261
44b6_87bba6c4,7989,8307
44b6_87bba6c4,7991,8252
44b6_87bba6c4,7992,8299
44b6_87bba6c4,7993,8341
44b6_87bba6c4,7994,8305
44b6_87bba6c4,7995,8308
44b6_87bba6c4,7996,8350
44b6_87bba6c4,7997,8348
44b6_87bba6c4,7999,8332
44b6_87bba6c4,8000,8295
44b6_87bba6c4,8001,8316
44b6_87bba6c4,8002,8326
44b6_87bba6c4,8003,8233
44b6_87bba6c4,8005,8317
44b6_87bba6c4,8006,8328
44b6_87bba6c4,8007,8327
44b6_87bba6c4,8008,8302
44b6_87bba6c4,8009,8320
44b6_87bba6c4,8011,8290
44b6_87bba6c4,8012,8285
44b6_87bba6c4,8013,8274
44b6_87bba6c4,8014,8288
44b6_87bba6c4,8015,8296
44b6_87bba6c4,8016,8322
44b6_87bba6c4,8017,8340
44b6_87bba6c4,8019,8344
44b6_87bba6c4,8020,8220
44b6_87bba6c4,8021,8335
44b6_87bba6c4,8022,8338
44b6_87bba6c4,8023,8346
44b6_87bba6c4,8024,8240
44b6_87bba6c4,8025,8362
44b6_87bba6c4,8027,8298
44b6_87bba6c4,8030,8361
44b6_87bba6c4,8031,8345
44b6_87bba6c4,8032,8367
44b6_87bba6c4,8033,8330
44b6_87bba6c4,8034,8339
44b6_87bba6c4,8036,8379
44b6_87bba6c4,8037,8419
44b6_87bba6c4,8038,8319
44b6_87bba6c4,8039,8329
44b6_87bba6c4,8040,8418
44b6_87bba6c4,8041,8254
44b6_87bba6c4,8042,8324
44b6_87bba6c4,8043,8287
44b6_87bba6c4,8045,8377
44b6_87bba6c4,8046,8373
44b6_87bba6c4,8047,8357
44b6_87bba6c4,8049,8286
44b6_87bba6c4,8051,8278
44b6_87bba6c4,8052,8315
44b6_87bba6c4,8053,8342
44b6_87bba6c4,8054,8384
44b6_87bba6c4,8056,8383
44b6_87bba6c4,8057,8372
44b6_87bba6c4,8058,8365
44b6_87bba6c4,8059,8364
44b6_87bba6c4,8061,8349
44b6_87bba6c4,8062,8382
44b6_87bba6c4,8063,8405
44b6_87bba6c4,8064,8353
44b6_87bba6c4,8066,8454
44b6_87bba6c4,8067,8399
44b6_87bba6c4,8068,8402
44b6_87bba6c4,8069,8386
44b6_87bba6c4,8070,8359
44b6_87bba6c4,8071,8374
44b6_87bba6c4,8072,8325
44b6_87bba6c4,8073,8394
44b6_87bba6c4,8074,8380
44b6_87bba6c4,8075,8385
44b6_87bba6c4,8076,8336
44b6_87bba6c4,8077,8355
44b6_87bba6c4,8078,8431
44b6_87bba6c4,8079,8411
44b6_87bba6c4,8080,8414
44b6_87bba6c4,8081,8400
44b6_87bba6c4,8082,8401
44b6_87bba6c4,8083,8354
44b6_87bba6c4,8084,8389
44b6_87bba6c4,8085,8404
44b6_87bba6c4,8086,8416
44b6_87bba6c4,8087,8440
44b6_87bba6c4,8088,8392
44b6_87bba6c4,8091,8391
44b6_87bba6c4,8092,8406
44b6_87bba6c4,8094,8369
44b6_87bba6c4,8097,8410
44b6_87bba6c4,8098,8438
44b6_87bba6c4,8100,8421
44b6_87bba6c4,8102,8352
44b6_87bba6c4,8103,8396
44b6_87bba6c4,8104,8395
44b6_87bba6c4,8105,8445
44b6_87bba6c4,8107,8388
44b6_87bba6c4,8111,8436
44b6_87bba6c4,8115,8468
44b6_87bba6c4,8117,8437
44b6_87bba6c4,8118,8459
44b6_87bba6c4,8120,8458
44b6_87bba6c4,8122,8378
44b6_87bba6c4,8124,8420
44b6_87bba6c4,8125,8426
44b6_87bba6c4,8127,8423
44b6_87bba6c4,8130,8463
44b6_87bba6c4,8134,8397
44b6_87bba6c4,8135,8408
44b6_87bba6c4,8142,8413
44b6_87bba6c4,8143,8453
44b6_87bba6c4,8145,8439
44b6_87bba6c4,8146,8466
44b6_87bba6c4,8148,8430
44b6_87bba6c4,8150,8472
44b6_87bba6c4,8151,8457
44b6_87bba6c4,8153,8450
44b6_87bba6c4,8154,8449
44b6_87bba6c4,8155,8455
44b6_87bba6c4,8156,8475
44b6_87bba6c4,8157,8485
44b6_87bba6c4,8158,8480
44b6_87bba6c4,8159,8474
44b6_87bba6c4,8160,8478
44b6_87bba6c4,8161,8531
44b6_87bba6c4,8162,8491
44b6_87bba6c4,8163,8497
44b6_87bba6c4,8164,8511
44b6_87bba6c4,8165,8483
44b6_87bba6c4,8166,8486
44b6_87bba6c4,8167,8487
44b6_87bba6c4,8168,8479
44b6_87bba6c4,8169,8518
44b6_87bba6c4,8170,8525
44b6_87bba6c4,8171,8559
44b6_87bba6c4,8172,8536
44b6_87bba6c4,8174,8482
44b6_87bba6c4,8175,8501
44b6_87bba6c4,8177,8513
44b6_87bba6c4,8178,8490
44b6_87bba6c4,8179,8476
44b6_87bba6c4,8180,8524
44b6_87bba6c4,8181,8512
44b6_87bba6c4,8182,8493
44b6_87bba6c4,8183,8503
44b6_87bba6c4,8184,8506
44b6_87bba6c4,8185,8484
44b6_87bba6c4,8186,8495
44b6_87bba6c4,8187,8539
44b6_87bba6c4,8188,8623
44b6_87bba6c4,8189,8504
44b6_87bba6c4,8190,8502
44b6_87bba6c4,8191,8492
44b6_87bba6c4,8192,8547
44b6_87bba6c4,8193,8494
44b6_87bba6c4,8195,8517
44b6_87bba6c4,8196,8500
44b6_87bba6c4,8197,8625
44b6_87bba6c4,8198,8566
44b6_87bba6c4,8199,8551
44b6_87bba6c4,8200,8521
44b6_87bba6c4,8201,8535
44b6_87bba6c4,8202,8496
44b6_87bba6c4,8203,8541
44b6_87bba6c4,8204,8557
44b6_87bba6c4,8205,8585
44b6_87bba6c4,8206,8507
44b6_87bba6c4,8207,8548
44b6_87bba6c4,8208,8499
44b6_87bba6c4,8209,8477
44b6_87bba6c4,8210,8508
44b6_87bba6c4,8211,8516
44b6_87bba6c4,8212,8510
44b6_87bba6c4,8213,8624
44b6_87bba6c4,8214,8537
44b6_87bba6c4,8215,8515
44b6_87bba6c4,8216,8519
44b6_87bba6c4,8217,8560
44b6_87bba6c4,8218,8520
44b6_87bba6c4,8219,8523
44b6_87bba6c4,8220,8526
44b6_87bba6c4,8221,8505
44b6_87bba6c4,8222,8546
44b6_87bba6c4,8223,8509
44b6_87bba6c4,8224,8542
44b6_87bba6c4,8225,8489
44b6_87bba6c4,8226,8488
44b6_87bba6c4,8227,8514
44b6_87bba6c4,8228,8562
44b6_87bba6c4,8229,8569
44b6_87bba6c4,8231,8552
44b6_87bba6c4,8232,8534
44b6_87bba6c4,8233,8587
44b6_87bba6c4,8234,8545
44b6_87bba6c4,8235,8522
44b6_87bba6c4,8236,8679
44b6_87bba6c4,8237,8594
44b6_87bba6c4,8238,8563
44b6_87bba6c4,8239,8543
44b6_87bba6c4,8240,8498
44b6_87bba6c4,8241,8592
44b6_87bba6c4,8242,8565
44b6_87bba6c4,8244,8640
44b6_87bba6c4,8245,8608
44b6_87bba6c4,8246,8581
44b6_87bba6c4,8247,8561
44b6_87bba6c4,8248,8529
44b6_87bba6c4,8249,8553
44b6_87bba6c4,8250,8555
44b6_87bba6c4,8251,8538
44b6_87bba6c4,8252,8590
44b6_87bba6c4,8253,8481
44b6_87bba6c4,8254,8577
44b6_87bba6c4,8255,8576
44b6_87bba6c4,8256,8593
44b6_87bba6c4,8257,8575
44b6_87bba6c4,8259,8544
44b6_87bba6c4,8260,8540
44b6_87bba6c4,8261,8683
44b6_87bba6c4,8262,8606
44b6_87bba6c4,8263,8571
44b6_87bba6c4,8264,8613
44b6_87bba6c4,8265,8584
44b6_87bba6c4,8266,8607
44b6_87bba6c4,8267,8589
44b6_87bba6c4,8268,8528
44b6_87bba6c4,8269,8588
44b6_87bba6c4,8270,8556
44b6_87bba6c4,8271,8570
44b6_87bba6c4,8272,8620
44b6_87bba6c4,8273,8549
44b6_87bba6c4,8274,8627
44b6_87bba6c4,8275,8646
44b6_87bba6c4,8276,8558
44b6_87bba6c4,8278,8574
44b6_87bba6c4,8280,8630
44b6_87bba6c4,8281,8527
44b6_87bba6c4,8282,8639
44b6_87bba6c4,8283,8586
44b6_87bba6c4,8285,8605
44b6_87bba6c4,8286,8579
44b6_87bba6c4,8287,8602
44b6_87bba6c4,8288,8554
44b6_87bba6c4,8289,8583
44b6_87bba6c4,8290,8615
44b6_87bba6c4,8291,8567
44b6_87bba6c4,8292,8533
44b6_87bba6c4,8293,8681
44b6_87bba6c4,8294,8582
44b6_87bba6c4,8295,8580
44b6_87bba6c4,8296,8572
44b6_87bba6c4,8297,8635
44b6_87bba6c4,8298,8600
44b6_87bba6c4,8299,8619
44b6_87bba6c4,8300,8662
44b6_87bba6c4,8301,8532
44b6_87bba6c4,8302,8659
44b6_87bba6c4,8303,8578
44b6_87bba6c4,8304,8631
44b6_87bba6c4,8305,8670
44b6_87bba6c4,8306,8684
44b6_87bba6c4,8307,8653
44b6_87bba6c4,8308,8634
44b6_87bba6c4,8309,8611
44b6_87bba6c4,8310,8633
44b6_87bba6c4,8312,8595
44b6_87bba6c4,8313,8661
44b6_87bba6c4,8314,8612
44b6_87bba6c4,8315,8564
44b6_87bba6c4,8316,8651
44b6_87bba6c4,8317,8682
44b6_87bba6c4,8319,8597
44b6_87bba6c4,8320,8616
44b6_87bba6c4,8322,8591
44b6_87bba6c4,8323,8609
44b6_87bba6c4,8324,8669
44b6_87bba6c4,8325,8699
44b6_87bba6c4,8326,8604
44b6_87bba6c4,8327,8610
44b6_87bba6c4,8328,8637
44b6_87bba6c4,8329,8596
44b6_87bba6c4,8332,8663
44b6_87bba6c4,8333,8641
44b6_87bba6c4,8334,8687
44b6_87bba6c4,8335,8677
44b6_87bba6c4,8336,8622
44b6_87bba6c4,8337,8660
44b6_87bba6c4,8338,8603
44b6_87bba6c4,8339,8680
44b6_87bba6c4,8340,8629
44b6_87bba6c4,8341,8671
44b6_87bba6c4,8344,8742
44b6_87bba6c4,8345,8667
44b6_87bba6c4,8347,8599
44b6_87bba6c4,8348,8697
44b6_87bba6c4,8349,8658
44b6_87bba6c4,8350,8617
44b6_87bba6c4,8352,8686
44b6_87bba6c4,8353,8568
44b6_87bba6c4,8354,8690
44b6_87bba6c4,8355,8666
44b6_87bba6c4,8356,8621
44b6_87bba6c4,8357,8672
44b6_87bba6c4,8358,8701
44b6_87bba6c4,8359,8688
44b6_87bba6c4,8360,8645
44b6_87bba6c4,8361,8648
44b6_87bba6c4,8362,8696
44b6_87bba6c4,8363,8675
44b6_87bba6c4,8364,8678
44b6_87bba6c4,8365,8655
44b6_87bba6c4,8366,8652
44b6_87bba6c4,8367,8657
44b6_87bba6c4,8368,8647
44b6_87bba6c4,8369,8737
44b6_87bba6c4,8371,8705
44b6_87bba6c4,8372,8698
44b6_87bba6c4,8373,8739
44b6_87bba6c4,8374,8754
44b6_87bba6c4,8375,8598
44b6_87bba6c4,8377,8716
44b6_87bba6c4,8380,8693
44b6_87bba6c4,8382,8733
44b6_87bba6c4,8383,8676
44b6_87bba6c4,8384,8715
44b6_87bba6c4,8385,8674
44b6_87bba6c4,8386,8689
44b6_87bba6c4,8387,8650
44b6_87bba6c4,8389,8752
44b6_87bba6c4,8390,8713
44b6_87bba6c4,8391,8736
44b6_87bba6c4,8392,8731
44b6_87bba6c4,8393,8703
44b6_87bba6c4,8394,8707
44b6_87bba6c4,8395,8711
44b6_87bba6c4,8396,8740
44b6_87bba6c4,8397,8760
44b6_87bba6c4,8399,8706
44b6_87bba6c4,8400,8768
44b6_87bba6c4,8401,8673
44b6_87bba6c4,8402,8732
44b6_87bba6c4,8403,8664
44b6_87bba6c4,8404,8743
44b6_87bba6c4,8405,8700
44b6_87bba6c4,8407,8668
44b6_87bba6c4,8408,8720
44b6_87bba6c4,8410,8749
44b6_87bba6c4,8411,8766
44b6_87bba6c4,8412,8665
44b6_87bba6c4,8413,8729
44b6_87bba6c4,8414,8636
44b6_87bba6c4,8416,8601
44b6_87bba6c4,8417,8717
44b6_87bba6c4,8420,8725
44b6_87bba6c4,8421,8748
44b6_87bba6c4,8422,8744
44b6_87bba6c4,8429,8761
44b6_87bba6c4,8430,8730
44b6_87bba6c4,8436,8728
44b6_87bba6c4,8437,8759
44b6_87bba6c4,8438,8750
44b6_87bba6c4,8439,8776
44b6_87bba6c4,8449,8771
44b6_87bba6c4,8450,8727
44b6_87bba6c4,8453,8745
44b6_87bba6c4,8457,8773
44b6_87bba6c4,8458,8751
44b6_87bba6c4,8462,8719
44b6_87bba6c4,8463,8762
44b6_87bba6c4,8465,8695
44b6_87bba6c4,8466,8757
44b6_87bba6c4,8467,8712
44b6_87bba6c4,8468,8721
44b6_87bba6c4,8474,8791
44b6_87bba6c4,8475,8781
44b6_87bba6c4,8476,8788
44b6_87bba6c4,8477,8801
44b6_87bba6c4,8478,8816
44b6_87bba6c4,8479,8794
44b6_87bba6c4,8480,8793
44b6_87bba6c4,8481,8792
44b6_87bba6c4,8482,8811
44b6_87bba6c4,8483,8803
44b6_87bba6c4,8484,8802
44b6_87bba6c4,8485,8784
44b6_87bba6c4,8486,8807
44b6_87bba6c4,8487,8808
44b6_87bba6c4,8488,8815
44b6_87bba6c4,8489,8820
44b6_87bba6c4,8490,8806
44b6_87bba6c4,8491,8790
44b6_87bba6c4,8492,8786
44b6_87bba6c4,8493,8785
44b6_87bba6c4,8494,8819
44b6_87bba6c4,8495,8829
44b6_87bba6c4,8496,8805
44b6_87bba6c4,8497,8789
44b6_87bba6c4,8498,8968
44b6_87bba6c4,8499,8797
44b6_87bba6c4,8500,8800
44b6_87bba6c4,8501,8783
44b6_87bba6c4,8502,8798
44b6_87bba6c4,8503,8799
44b6_87bba6c4,8504,8859
44b6_87bba6c4,8505,8877
44b6_87bba6c4,8506,8966
44b6_87bba6c4,8507,8837
44b6_87bba6c4,8508,8796
44b6_87bba6c4,8509,8822
44b6_87bba6c4,8510,8830
44b6_87bba6c4,8511,8905
44b6_87bba6c4,8512,8862
44b6_87bba6c4,8513,8823
44b6_87bba6c4,8514,8904
44b6_87bba6c4,8515,8907
44b6_87bba6c4,8516,8804
44b6_87bba6c4,8517,8812
44b6_87bba6c4,8518,8825
44b6_87bba6c4,8519,8914
44b6_87bba6c4,8520,8809
44b6_87bba6c4,8521,8835
44b6_87bba6c4,8522,8864
44b6_87bba6c4,8523,8827
44b6_87bba6c4,8524,8867
44b6_87bba6c4,8525,8787
44b6_87bba6c4,8526,8847
44b6_87bba6c4,8527,8894
44b6_87bba6c4,8528,8893
44b6_87bba6c4,8529,8813
44b6_87bba6c4,8530,8833
44b6_87bba6c4,8531,8875
44b6_87bba6c4,8532,8839
44b6_87bba6c4,8533,8795
44b6_87bba6c4,8534,8874
44b6_87bba6c4,8535,8857
44b6_87bba6c4,8536,8821
44b6_87bba6c4,8537,8841
44b6_87bba6c4,8538,8838
44b6_87bba6c4,8539,8836
44b6_87bba6c4,8541,8869
44b6_87bba6c4,8542,8846
44b6_87bba6c4,8543,8865
44b6_87bba6c4,8544,8840
44b6_87bba6c4,8545,8850
44b6_87bba6c4,8546,8891
44b6_87bba6c4,8547,8826
44b6_87bba6c4,8548,8947
44b6_87bba6c4,8549,8817
44b6_87bba6c4,8550,8852
44b6_87bba6c4,8551,8915
44b6_87bba6c4,8552,8834
44b6_87bba6c4,8553,8861
44b6_87bba6c4,8554,8879
44b6_87bba6c4,8555,8849
44b6_87bba6c4,8556,8878
44b6_87bba6c4,8557,8910
44b6_87bba6c4,8558,8818
44b6_87bba6c4,8559,8844
44b6_87bba6c4,8560,8931
44b6_87bba6c4,8561,8870
44b6_87bba6c4,8562,8873
44b6_87bba6c4,8563,8855
44b6_87bba6c4,8564,8851
44b6_87bba6c4,8565,8831
44b6_87bba6c4,8566,8929
44b6_87bba6c4,8567,8881
44b6_87bba6c4,8568,8930
44b6_87bba6c4,8569,8928
44b6_87bba6c4,8571,8782
44b6_87bba6c4,8572,8886
44b6_87bba6c4,8573,8883
44b6_87bba6c4,8574,8964
44b6_87bba6c4,8575,8924
44b6_87bba6c4,8576,8906
44b6_87bba6c4,8577,8882
44b6_87bba6c4,8578,8897
44b6_87bba6c4,8579,9056
44b6_87bba6c4,8580,8896
44b6_87bba6c4,8581,8888
44b6_87bba6c4,8582,8892
44b6_87bba6c4,8583,8984
44b6_87bba6c4,8584,8863
44b6_87bba6c4,8585,8824
44b6_87bba6c4,8586,8843
44b6_87bba6c4,8588,8959
44b6_87bba6c4,8589,8999
44b6_87bba6c4,8590,8887
44b6_87bba6c4,8591,8871
44b6_87bba6c4,8592,8946
44b6_87bba6c4,8593,8901
44b6_87bba6c4,8594,8903
44b6_87bba6c4,8595,8889
44b6_87bba6c4,8596,8876
44b6_87bba6c4,8597,8902
44b6_87bba6c4,8598,8848
44b6_87bba6c4,8599,8976
44b6_87bba6c4,8600,8810
44b6_87bba6c4,8601,8917
44b6_87bba6c4,8602,8900
44b6_87bba6c4,8603,8951
44b6_87bba6c4,8604,8956
44b6_87bba6c4,8605,8949
44b6_87bba6c4,8606,8884
44b6_87bba6c4,8608,8866
44b6_87bba6c4,8609,8898
44b6_87bba6c4,8610,8926
44b6_87bba6c4,8612,8973
44b6_87bba6c4,8613,8995
44b6_87bba6c4,8615,8991
44b6_87bba6c4,8616,8899
44b6_87bba6c4,8617,8895
44b6_87bba6c4,8618,8913
44b6_87bba6c4,8619,8912
44b6_87bba6c4,8620,9015
44b6_87bba6c4,8623,8945
44b6_87bba6c4,8624,8890
44b6_87bba6c4,8625,8860
44b6_87bba6c4,8626,8872
44b6_87bba6c4,8628,8911
44b6_87bba6c4,8629,9024
44b6_87bba6c4,8630,8932
44b6_87bba6c4,8631,8936
44b6_87bba6c4,8634,8954
44b6_87bba6c4,8635,8868
44b6_87bba6c4,8636,9072
44b6_87bba6c4,8637,9012
44b6_87bba6c4,8639,8982
44b6_87bba6c4,8640,8963
44b6_87bba6c4,8641,8948
44b6_87bba6c4,8642,8832
44b6_87bba6c4,8643,8975
44b6_87bba6c4,8644,8845
44b6_87bba6c4,8645,8937
44b6_87bba6c4,8646,8842
44b6_87bba6c4,8647,8933
44b6_87bba6c4,8648,9000
44b6_87bba6c4,8650,8969
44b6_87bba6c4,8651,8970
44b6_87bba6c4,8652,8944
44b6_87bba6c4,8654,8909
44b6_87bba6c4,8655,9093
44b6_87bba6c4,8656,9006
44b6_87bba6c4,8657,8919
44b6_87bba6c4,8658,8950
44b6_87bba6c4,8660,9011
44b6_87bba6c4,8661,8997
44b6_87bba6c4,8662,8983
44b6_87bba6c4,8663,8996
44b6_87bba6c4,8666,8993
44b6_87bba6c4,8667,8941
44b6_87bba6c4,8668,8921
44b6_87bba6c4,8669,8918
44b6_87bba6c4,8670,8998
44b6_87bba6c4,8671,8942
44b6_87bba6c4,8672,8989
44b6_87bba6c4,8673,8974
44b6_87bba6c4,8674,9027
44b6_87bba6c4,8676,9022
44b6_87bba6c4,8678,8992
44b6_87bba6c4,8679,8961
44b6_87bba6c4,8680,8978
44b6_87bba6c4,8681,8958
44b6_87bba6c4,8682,8925
44b6_87bba6c4,8684,8943
44b6_87bba6c4,8686,9055
44b6_87bba6c4,8687,9003
44b6_87bba6c4,8688,8967
44b6_87bba6c4,8689,8985
44b6_87bba6c4,8690,9019
44b6_87bba6c4,8691,9005
44b6_87bba6c4,8693,9047
44b6_87bba6c4,8694,8935
44b6_87bba6c4,8695,8987
44b6_87bba6c4,8696,8957
44b6_87bba6c4,8698,9013
44b6_87bba6c4,8699,9035
44b6_87bba6c4,8700,9018
44b6_87bba6c4,8702,8938
44b6_87bba6c4,8703,9020
44b6_87bba6c4,8704,8971
44b6_87bba6c4,8705,9032
44b6_87bba6c4,8706,9008
44b6_87bba6c4,8707,9064
44b6_87bba6c4,8709,8980
44b6_87bba6c4,8710,8962
44b6_87bba6c4,8713,9087
44b6_87bba6c4,8714,9034
44b6_87bba6c4,8715,9067
44b6_87bba6c4,8717,8986
44b6_87bba6c4,8718,8934
44b6_87bba6c4,8720,9054
44b6_87bba6c4,8721,9066
44b6_87bba6c4,8722,9076
44b6_87bba6c4,8723,9017
44b6_87bba6c4,8725,9045
44b6_87bba6c4,8726,9061
44b6_87bba6c4,8727,9036
44b6_87bba6c4,8728,9038
44b6_87bba6c4,8729,9029
44b6_87bba6c4,8730,9057
44b6_87bba6c4,8731,9039
44b6_87bba6c4,8732,9062
44b6_87bba6c4,8733,9031
44b6_87bba6c4,8736,9042
44b6_87bba6c4,8739,9070
44b6_87bba6c4,8740,9085
44b6_87bba6c4,8743,9044
44b6_87bba6c4,8744,9049
44b6_87bba6c4,8745,9009
44b6_87bba6c4,8746,9053
44b6_87bba6c4,8748,9058
44b6_87bba6c4,8749,9069
44b6_87bba6c4,8751,9080
44b6_87bba6c4,8752,9097
44b6_87bba6c4,8757,9028
44b6_87bba6c4,8759,9089
44b6_87bba6c4,8760,9078
44b6_87bba6c4,8761,9077
44b6_87bba6c4,8768,9030
44b6_87bba6c4,8769,9052
44b6_87bba6c4,8770,9059
44b6_87bba6c4,8771,9083
44b6_87bba6c4,8775,9050
44b6_87bba6c4,8776,9075
44b6_87bba6c4,8780,9092
44b6_87bba6c4,8781,9100
44b6_87bba6c4,8782,9292
44b6_87bba6c4,8783,9123
44b6_87bba6c4,8784,9106
44b6_87bba6c4,8785,9134
44b6_87bba6c4,8786,9102
44b6_87bba6c4,8787,9126
44b6_87bba6c4,8788,9124
44b6_87bba6c4,8789,9138
44b6_87bba6c4,8790,9236
44b6_87bba6c4,8791,9161
44b6_87bba6c4,8792,9125
44b6_87bba6c4,8793,9101
44b6_87bba6c4,8794,9103
44b6_87bba6c4,8795,9214
44b6_87bba6c4,8796,9107
44b6_87bba6c4,8797,9111
44b6_87bba6c4,8798,9108
44b6_87bba6c4,8799,9127
44b6_87bba6c4,8800,9200
44b6_87bba6c4,8801,9122
44b6_87bba6c4,8802,9113
44b6_87bba6c4,8803,9142
44b6_87bba6c4,8804,9121
44b6_87bba6c4,8805,9152
44b6_87bba6c4,8807,9118
44b6_87bba6c4,8808,9129
44b6_87bba6c4,8809,9128
44b6_87bba6c4,8810,9148
44b6_87bba6c4,8811,9169
44b6_87bba6c4,8812,9131
44b6_87bba6c4,8813,9234
44b6_87bba6c4,8814,9272
44b6_87bba6c4,8815,9198
44b6_87bba6c4,8816,9172
44b6_87bba6c4,8817,9159
44b6_87bba6c4,8818,9104
44b6_87bba6c4,8819,9170
44b6_87bba6c4,8820,9137
44b6_87bba6c4,8821,9174
44b6_87bba6c4,8822,9114
44b6_87bba6c4,8823,9112
44b6_87bba6c4,8824,9120
44b6_87bba6c4,8825,9143
44b6_87bba6c4,8826,9130
44b6_87bba6c4,8827,9156
44b6_87bba6c4,8828,9146
44b6_87bba6c4,8829,9116
44b6_87bba6c4,8830,9209
44b6_87bba6c4,8831,9162
44b6_87bba6c4,8834,9178
44b6_87bba6c4,8835,9226
44b6_87bba6c4,8836,9150
44b6_87bba6c4,8837,9206
44b6_87bba6c4,8838,9173
44b6_87bba6c4,8839,9117
44b6_87bba6c4,8840,9155
44b6_87bba6c4,8842,9115
44b6_87bba6c4,8843,9151
44b6_87bba6c4,8844,9187
44b6_87bba6c4,8845,9190
44b6_87bba6c4,8846,9132
44b6_87bba6c4,8847,9191
44b6_87bba6c4,8848,9171
44b6_87bba6c4,8849,9158
44b6_87bba6c4,8850,9203
44b6_87bba6c4,8851,9141
44b6_87bba6c4,8852,9189
44b6_87bba6c4,8853,9254
44b6_87bba6c4,8854,9144
44b6_87bba6c4,8855,9182
44b6_87bba6c4,8857,9168
44b6_87bba6c4,8858,9231
44b6_87bba6c4,8861,9257
44b6_87bba6c4,8862,9167
44b6_87bba6c4,8863,9179
44b6_87bba6c4,8864,9192
44b6_87bba6c4,8865,9145
44b6_87bba6c4,8866,9247
44b6_87bba6c4,8867,9164
44b6_87bba6c4,8868,9289
44b6_87bba6c4,8869,9193
44b6_87bba6c4,8870,9177
44b6_87bba6c4,8871,9196
44b6_87bba6c4,8872,9285
44b6_87bba6c4,8873,9225
44b6_87bba6c4,8874,9205
44b6_87bba6c4,8875,9157
44b6_87bba6c4,8876,9180
44b6_87bba6c4,8877,9237
44b6_87bba6c4,8878,9243
44b6_87bba6c4,8879,9230
44b6_87bba6c4,8881,9213
44b6_87bba6c4,8882,9183
44b6_87bba6c4,8883,9297
44b6_87bba6c4,8884,9233
44b6_87bba6c4,8886,9185
44b6_87bba6c4,8887,9149
44b6_87bba6c4,8888,9227
44b6_87bba6c4,8889,9197
44b6_87bba6c4,8890,9204
44b6_87bba6c4,8891,9166
44b6_87bba6c4,8892,9201
44b6_87bba6c4,8894,9186
44b6_87bba6c4,8895,9212
44b6_87bba6c4,8896,9263
44b6_87bba6c4,8897,9220
44b6_87bba6c4,8898,9242
44b6_87bba6c4,8899,9154
44b6_87bba6c4,8900,9135
44b6_87bba6c4,8901,9140
44b6_87bba6c4,8902,9165
44b6_87bba6c4,8903,9228
44b6_87bba6c4,8904,9175
44b6_87bba6c4,8905,9241
44b6_87bba6c4,8907,9298
44b6_87bba6c4,8908,9222
44b6_87bba6c4,8909,9136
44b6_87bba6c4,8910,9181
44b6_87bba6c4,8911,9262
44b6_87bba6c4,8912,9240
44b6_87bba6c4,8913,9194
44b6_87bba6c4,8914,9355
44b6_87bba6c4,8915,9221
44b6_87bba6c4,8916,9346
44b6_87bba6c4,8917,9301
44b6_87bba6c4,8918,9259
44b6_87bba6c4,8921,9163
44b6_87bba6c4,8922,9188
44b6_87bba6c4,8923,9275
44b6_87bba6c4,8924,9265
44b6_87bba6c4,8925,9318
44b6_87bba6c4,8926,9207
44b6_87bba6c4,8928,9239
44b6_87bba6c4,8929,9199
44b6_87bba6c4,8930,9313
44b6_87bba6c4,8931,9287
44b6_87bba6c4,8932,9256
44b6_87bba6c4,8933,9249
44b6_87bba6c4,8934,9347
44b6_87bba6c4,8935,9293
44b6_87bba6c4,8936,9223
44b6_87bba6c4,8937,9245
44b6_87bba6c4,8938,9299
44b6_87bba6c4,8939,9202
44b6_87bba6c4,8940,9350
44b6_87bba6c4,8941,9110
44b6_87bba6c4,8942,9252
44b6_87bba6c4,8943,9238
44b6_87bba6c4,8945,9290
44b6_87bba6c4,8946,9310
44b6_87bba6c4,8947,9322
44b6_87bba6c4,8949,9407
44b6_87bba6c4,8950,9354
44b6_87bba6c4,8952,9260
44b6_87bba6c4,8953,9325
44b6_87bba6c4,8954,9261
44b6_87bba6c4,8955,9295
44b6_87bba6c4,8956,9312
44b6_87bba6c4,8957,9208
44b6_87bba6c4,8959,9281
44b6_87bba6c4,8961,9320
44b6_87bba6c4,8962,9280
44b6_87bba6c4,8963,9224
44b6_87bba6c4,8964,9433
44b6_87bba6c4,8965,9235
44b6_87bba6c4,8966,9422
44b6_87bba6c4,8967,9326
44b6_87bba6c4,8968,9330
44b6_87bba6c4,8969,9307
44b6_87bba6c4,8970,9319
44b6_87bba6c4,8971,9278
44b6_87bba6c4,8972,9294
44b6_87bba6c4,8973,9286
44b6_87bba6c4,8974,9329
44b6_87bba6c4,8975,9266
44b6_87bba6c4,8976,9248
44b6_87bba6c4,8977,9302
44b6_87bba6c4,8978,9279
44b6_87bba6c4,8979,9273
44b6_87bba6c4,8980,9317
44b6_87bba6c4,8981,9255
44b6_87bba6c4,8982,9270
44b6_87bba6c4,8983,9219
44b6_87bba6c4,8984,9385
44b6_87bba6c4,8985,9274
44b6_87bba6c4,8986,9283
44b6_87bba6c4,8987,9250
44b6_87bba6c4,8989,9258
44b6_87bba6c4,8990,9253
44b6_87bba6c4,8991,9349
44b6_87bba6c4,8993,9345
44b6_87bba6c4,8996,9323
44b6_87bba6c4,8998,9271
44b6_87bba6c4,9000,9333
44b6_87bba6c4,9001,9308
44b6_87bba6c4,9004,9331
44b6_87bba6c4,9005,9309
44b6_87bba6c4,9006,9372
44b6_87bba6c4,9007,9421
44b6_87bba6c4,9008,9327
44b6_87bba6c4,9009,9335
44b6_87bba6c4,9012,9304
44b6_87bba6c4,9015,9393
44b6_87bba6c4,9017,9362
44b6_87bba6c4,9018,9365
44b6_87bba6c4,9020,9277
44b6_87bba6c4,9021,9267
44b6_87bba6c4,9022,9401
44b6_87bba6c4,9026,9337
44b6_87bba6c4,9028,9437
44b6_87bba6c4,9029,9399
44b6_87bba6c4,9030,9392
44b6_87bba6c4,9031,9332
44b6_87bba6c4,9032,9356
44b6_87bba6c4,9033,9411
44b6_87bba6c4,9034,9324
44b6_87bba6c4,9035,9276
44b6_87bba6c4,9036,9369
44b6_87bba6c4,9038,9361
44b6_87bba6c4,9039,9364
44b6_87bba6c4,9040,9381
44b6_87bba6c4,9041,9415
44b6_87bba6c4,9042,9430
44b6_87bba6c4,9043,9334
44b6_87bba6c4,9044,9340
44b6_87bba6c4,9046,9338
44b6_87bba6c4,9047,9436
44b6_87bba6c4,9049,9405
44b6_87bba6c4,9050,9367
44b6_87bba6c4,9052,9363
44b6_87bba6c4,9054,9375
44b6_87bba6c4,9055,9284
44b6_87bba6c4,9057,9382
44b6_87bba6c4,9058,9418
44b6_87bba6c4,9059,9400
44b6_87bba6c4,9061,9384
44b6_87bba6c4,9062,9396
44b6_87bba6c4,9063,9394
44b6_87bba6c4,9064,9232
44b6_87bba6c4,9069,9408
44b6_87bba6c4,9070,9358
44b6_87bba6c4,9074,9389
44b6_87bba6c4,9075,9406
44b6_87bba6c4,9076,9434
44b6_87bba6c4,9080,9440
44b6_87bba6c4,9083,9416
44b6_87bba6c4,9084,9374
44b6_87bba6c4,9085,9366
44b6_87bba6c4,9087,9403
44b6_87bba6c4,9089,9380
44b6_87bba6c4,9090,9424
44b6_87bba6c4,9097,9431
44b6_87bba6c4,9099,9426
44b6_87bba6c4,9100,9443
44b6_87bba6c4,9101,9444
44b6_87bba6c4,9102,9448
44b6_87bba6c4,9103,9450
44b6_87bba6c4,9104,9449
44b6_87bba6c4,9105,9445
44b6_87bba6c4,9106,9452
44b6_87bba6c4,9107,9455
44b6_87bba6c4,9108,9457
44b6_87bba6c4,9109,9469
44b6_87bba6c4,9110,9480
44b6_87bba6c4,9111,9451
44b6_87bba6c4,9112,9474
44b6_87bba6c4,9113,9465
44b6_87bba6c4,9114,9463
44b6_87bba6c4,9115,9532
44b6_87bba6c4,9116,9456
44b6_87bba6c4,9117,9473
44b6_87bba6c4,9118,9472
44b6_87bba6c4,9119,9468
44b6_87bba6c4,9120,9489
44b6_87bba6c4,9121,9516
44b6_87bba6c4,9122,9486
44b6_87bba6c4,9123,9453
44b6_87bba6c4,9124,9550
44b6_87bba6c4,9125,9466
44b6_87bba6c4,9126,9447
44b6_87bba6c4,9127,9471
44b6_87bba6c4,9128,9505
44b6_87bba6c4,9129,9470
44b6_87bba6c4,9130,9490
44b6_87bba6c4,9131,9497
44b6_87bba6c4,9132,9462
44b6_87bba6c4,9133,9518
44b6_87bba6c4,9134,9487
44b6_87bba6c4,9135,9459
44b6_87bba6c4,9136,9557
44b6_87bba6c4,9137,9523
44b6_87bba6c4,9138,9460
44b6_87bba6c4,9139,9483
44b6_87bba6c4,9140,9493
44b6_87bba6c4,9141,9510
44b6_87bba6c4,9142,9500
44b6_87bba6c4,9143,9475
44b6_87bba6c4,9144,9482
44b6_87bba6c4,9146,9506
44b6_87bba6c4,9147,9601
44b6_87bba6c4,9149,9538
44b6_87bba6c4,9150,9579
44b6_87bba6c4,9151,9515
44b6_87bba6c4,9152,9479
44b6_87bba6c4,9153,9517
44b6_87bba6c4,9154,9533
44b6_87bba6c4,9155,9512
44b6_87bba6c4,9156,9531
44b6_87bba6c4,9157,9467
44b6_87bba6c4,9158,9520
44b6_87bba6c4,9159,9541
44b6_87bba6c4,9160,9454
44b6_87bba6c4,9161,9461
44b6_87bba6c4,9162,9514
44b6_87bba6c4,9163,9524
44b6_87bba6c4,9164,9507
44b6_87bba6c4,9165,9591
44b6_87bba6c4,9166,9521
44b6_87bba6c4,9167,9548
44b6_87bba6c4,9168,9492
44b6_87bba6c4,9169,9588
44b6_87bba6c4,9170,9628
44b6_87bba6c4,9171,9672
44b6_87bba6c4,9172,9458
44b6_87bba6c4,9173,9556
44b6_87bba6c4,9174,9488
44b6_87bba6c4,9176,9478
44b6_87bba6c4,9177,9542
44b6_87bba6c4,9178,9558
44b6_87bba6c4,9179,9543
44b6_87bba6c4,9180,9568
44b6_87bba6c4,9181,9595
44b6_87bba6c4,9182,9563
44b6_87bba6c4,9183,9501
44b6_87bba6c4,9184,9540
44b6_87bba6c4,9185,9498
44b6_87bba6c4,9186,9485
44b6_87bba6c4,9188,9561
44b6_87bba6c4,9189,9594
44b6_87bba6c4,9190,9607
44b6_87bba6c4,9191,9522
44b6_87bba6c4,9192,9496
44b6_87bba6c4,9193,9622
44b6_87bba6c4,9194,9549
44b6_87bba6c4,9195,9608
44b6_87bba6c4,9196,9535
44b6_87bba6c4,9197,9508
44b6_87bba6c4,9198,9577
44b6_87bba6c4,9199,9477
44b6_87bba6c4,9200,9585
44b6_87bba6c4,9201,9578
44b6_87bba6c4,9202,9583
44b6_87bba6c4,9204,9519
44b6_87bba6c4,9205,9580
44b6_87bba6c4,9206,9537
44b6_87bba6c4,9207,9539
44b6_87bba6c4,9208,9491
44b6_87bba6c4,9209,9559
44b6_87bba6c4,9210,9626
44b6_87bba6c4,9211,9609
44b6_87bba6c4,9212,9553
44b6_87bba6c4,9213,9564
44b6_87bba6c4,9214,9650
44b6_87bba6c4,9215,9546
44b6_87bba6c4,9216,9566
44b6_87bba6c4,9218,9511
44b6_87bba6c4,9219,9573
44b6_87bba6c4,9220,9599
44b6_87bba6c4,9221,9547
44b6_87bba6c4,9222,9527
44b6_87bba6c4,9223,9536
44b6_87bba6c4,9224,9627
44b6_87bba6c4,9225,9617
44b6_87bba6c4,9226,9596
44b6_87bba6c4,9227,9575
44b6_87bba6c4,9228,9565
44b6_87bba6c4,9229,9576
44b6_87bba6c4,9230,9584
44b6_87bba6c4,9231,9586
44b6_87bba6c4,9232,9504
44b6_87bba6c4,9233,9560
44b6_87bba6c4,9234,9529
44b6_87bba6c4,9237,9677
44b6_87bba6c4,9238,9610
44b6_87bba6c4,9239,9638
44b6_87bba6c4,9240,9603
44b6_87bba6c4,9241,9606
44b6_87bba6c4,9242,9629
44b6_87bba6c4,9244,9476
44b6_87bba6c4,9245,9554
44b6_87bba6c4,9246,9572
44b6_87bba6c4,9248,9552
44b6_87bba6c4,9249,9620
44b6_87bba6c4,9250,9571
44b6_87bba6c4,9251,9534
44b6_87bba6c4,9252,9570
44b6_87bba6c4,9253,9593
44b6_87bba6c4,9254,9616
44b6_87bba6c4,9255,9645
44b6_87bba6c4,9256,9604
44b6_87bba6c4,9257,9614
44b6_87bba6c4,9258,9667
44b6_87bba6c4,9259,9669
44b6_87bba6c4,9260,9602
44b6_87bba6c4,9262,9668
44b6_87bba6c4,9263,9592
44b6_87bba6c4,9264,9597
44b6_87bba6c4,9265,9644
44b6_87bba6c4,9266,9581
44b6_87bba6c4,9267,9633
44b6_87bba6c4,9269,9605
44b6_87bba6c4,9270,9530
44b6_87bba6c4,9271,9623
44b6_87bba6c4,9272,9671
44b6_87bba6c4,9273,9615
44b6_87bba6c4,9274,9619
44b6_87bba6c4,9275,9613
44b6_87bba6c4,9276,9634
44b6_87bba6c4,9277,9503
44b6_87bba6c4,9278,9691
44b6_87bba6c4,9279,9649
44b6_87bba6c4,9282,9657
44b6_87bba6c4,9284,9642
44b6_87bba6c4,9287,9502
44b6_87bba6c4,9289,9731
44b6_87bba6c4,9290,9582
44b6_87bba6c4,9293,9651
44b6_87bba6c4,9294,9674
44b6_87bba6c4,9295,9643
44b6_87bba6c4,9296,9641
44b6_87bba6c4,9297,9646
44b6_87bba6c4,9298,9675
44b6_87bba6c4,9299,9685
44b6_87bba6c4,9301,9690
44b6_87bba6c4,9302,9647
44b6_87bba6c4,9304,9587
44b6_87bba6c4,9306,9727
44b6_87bba6c4,9307,9678
44b6_87bba6c4,9308,9698
44b6_87bba6c4,9309,9659
44b6_87bba6c4,9311,9621
44b6_87bba6c4,9312,9679
44b6_87bba6c4,9313,9696
44b6_87bba6c4,9314,9653
44b6_87bba6c4,9316,9611
44b6_87bba6c4,9317,9631
44b6_87bba6c4,9318,9600
44b6_87bba6c4,9319,9598
44b6_87bba6c4,9320,9733
44b6_87bba6c4,9322,9637
44b6_87bba6c4,9323,9630
44b6_87bba6c4,9325,9680
44b6_87bba6c4,9326,9699
44b6_87bba6c4,9327,9648
44b6_87bba6c4,9328,9768
44b6_87bba6c4,9329,9704
44b6_87bba6c4,9330,9658
44b6_87bba6c4,9331,9700
44b6_87bba6c4,9334,9695
44b6_87bba6c4,9335,9715
44b6_87bba6c4,9336,9684
44b6_87bba6c4,9337,9785
44b6_87bba6c4,9338,9655
44b6_87bba6c4,9339,9656
44b6_87bba6c4,9340,9724
44b6_87bba6c4,9341,9709
44b6_87bba6c4,9342,9664
44b6_87bba6c4,9344,9692
44b6_87bba6c4,9345,9701
44b6_87bba6c4,9346,9717
44b6_87bba6c4,9348,9673
44b6_87bba6c4,9349,9665
44b6_87bba6c4,9350,9722
44b6_87bba6c4,9352,9719
44b6_87bba6c4,9353,9670
44b6_87bba6c4,9355,9652
44b6_87bba6c4,9356,9714
44b6_87bba6c4,9358,9710
44b6_87bba6c4,9360,9718
44b6_87bba6c4,9361,9688
44b6_87bba6c4,9362,9744
44b6_87bba6c4,9363,9725
44b6_87bba6c4,9364,9681
44b6_87bba6c4,9366,9742
44b6_87bba6c4,9367,9764
44b6_87bba6c4,9369,9752
44b6_87bba6c4,9370,9779
44b6_87bba6c4,9372,9713
44b6_87bba6c4,9373,9735
44b6_87bba6c4,9375,9771
44b6_87bba6c4,9377,9745
44b6_87bba6c4,9380,9726
44b6_87bba6c4,9381,9780
44b6_87bba6c4,9382,9750
44b6_87bba6c4,9384,9721
44b6_87bba6c4,9389,9711
44b6_87bba6c4,9390,9716
44b6_87bba6c4,9391,9705
44b6_87bba6c4,9392,9792
44b6_87bba6c4,9393,9697
44b6_87bba6c4,9395,9738
44b6_87bba6c4,9396,9767
44b6_87bba6c4,9400,9787
44b6_87bba6c4,9401,9712
44b6_87bba6c4,9402,9747
44b6_87bba6c4,9403,9753
44b6_87bba6c4,9405,9789
44b6_87bba6c4,9406,9773
44b6_87bba6c4,9407,9708
44b6_87bba6c4,9408,9743
44b6_87bba6c4,9409,9784
44b6_87bba6c4,9412,9755
44b6_87bba6c4,9414,9756
44b6_87bba6c4,9415,9788
44b6_87bba6c4,9416,9761
44b6_87bba6c4,9418,9759
44b6_87bba6c4,9419,9687
44b6_87bba6c4,9424,9766
44b6_87bba6c4,9426,9777
44b6_87bba6c4,9430,9728
44b6_87bba6c4,9436,9736
44b6_87bba6c4,9437,9754
44b6_87bba6c4,9438,9748
44b6_87bba6c4,9440,9776
44b6_87bba6c4,9441,9791
44b6_87bba6c4,9442,9757
44b6_87bba6c4,9443,9901
44b6_87bba6c4,9445,9865
44b6_87bba6c4,9446,9970
44b6_87bba6c4,9447,9957
44b6_87bba6c4,9449,9846
44b6_87bba6c4,9451,9817
44b6_87bba6c4,9452,9900
44b6_87bba6c4,9454,10031
44b6_87bba6c4,9462,9833
44b6_87bba6c4,9463,9835
44b6_87bba6c4,9466,9820
44b6_87bba6c4,9468,10023
44b6_87bba6c4,9471,9868
44b6_87bba6c4,9473,9871
44b6_87bba6c4,9474,9823
44b6_87bba6c4,9476,9815
44b6_87bba6c4,9477,9858
44b6_87bba6c4,9478,10073
44b6_87bba6c4,9481,9829
44b6_87bba6c4,9482,9841
44b6_87bba6c4,9483,9878
44b6_87bba6c4,9484,9935
44b6_87bba6c4,9488,9854
44b6_87bba6c4,9489,10024
44b6_87bba6c4,9490,9902
44b6_87bba6c4,9491,9814
44b6_87bba6c4,9495,9888
44b6_87bba6c4,9496,9822
44b6_87bba6c4,9497,9915
44b6_87bba6c4,9499,9942
44b6_87bba6c4,9502,10108
44b6_87bba6c4,9503,9945
44b6_87bba6c4,9505,9894
44b6_87bba6c4,9506,10019
44b6_87bba6c4,9509,9971
44b6_87bba6c4,9510,9849
44b6_87bba6c4,9512,9800
44b6_87bba6c4,9513,9986
44b6_87bba6c4,9514,9904
44b6_87bba6c4,9515,9869
44b6_87bba6c4,9517,9796
44b6_87bba6c4,9519,9821
44b6_87bba6c4,9520,9880
44b6_87bba6c4,9521,10119
44b6_87bba6c4,9523,9958
44b6_87bba6c4,9524,9798
44b6_87bba6c4,9525,9882
44b6_87bba6c4,9527,9795
44b6_87bba6c4,9528,9863
44b6_87bba6c4,9529,10008
44b6_87bba6c4,9530,9879
44b6_87bba6c4,9532,10017
44b6_87bba6c4,9533,9936
44b6_87bba6c4,9534,10035
44b6_87bba6c4,9536,9827
44b6_87bba6c4,9537,10020
44b6_87bba6c4,9541,9922
44b6_87bba6c4,9542,9842
44b6_87bba6c4,9543,9864
44b6_87bba6c4,9545,9839
44b6_87bba6c4,9546,9860
44b6_87bba6c4,9547,10040
44b6_87bba6c4,9548,9802
44b6_87bba6c4,9549,9913
44b6_87bba6c4,9550,9875
44b6_87bba6c4,9551,9977
44b6_87bba6c4,9554,9941
44b6_87bba6c4,9555,9992
44b6_87bba6c4,9556,10042
44b6_87bba6c4,9558,10025
44b6_87bba6c4,9561,9911
44b6_87bba6c4,9562,9872
44b6_87bba6c4,9563,9877
44b6_87bba6c4,9564,9809
44b6_87bba6c4,9566,9853
44b6_87bba6c4,9568,9892
44b6_87bba6c4,9571,10018
44b6_87bba6c4,9572,10013
44b6_87bba6c4,9573,9974
44b6_87bba6c4,9574,9921
44b6_87bba6c4,9575,10009
44b6_87bba6c4,9576,9866
44b6_87bba6c4,9578,9893
44b6_87bba6c4,9582,9908
44b6_87bba6c4,9584,9876
44b6_87bba6c4,9585,9979
44b6_87bba6c4,9587,9927
44b6_87bba6c4,9588,9998
44b6_87bba6c4,9589,9855
44b6_87bba6c4,9590,9968
44b6_87bba6c4,9591,9834
44b6_87bba6c4,9592,9955
44b6_87bba6c4,9593,9910
44b6_87bba6c4,9595,9929
44b6_87bba6c4,9597,9924
44b6_87bba6c4,9598,9840
44b6_87bba6c4,9599,9891
44b6_87bba6c4,9600,10070
44b6_87bba6c4,9603,10002
44b6_87bba6c4,9605,9845
44b6_87bba6c4,9607,10016
44b6_87bba6c4,9609,9988
44b6_87bba6c4,9610,9995
44b6_87bba6c4,9612,9962
44b6_87bba6c4,9613,10036
44b6_87bba6c4,9614,9925
44b6_87bba6c4,9616,9969
44b6_87bba6c4,9617,9857
44b6_87bba6c4,9625,10033
44b6_87bba6c4,9626,10000
44b6_87bba6c4,9627,9870
44b6_87bba6c4,9628,9978
44b6_87bba6c4,9629,10045
44b6_87bba6c4,9630,9923
44b6_87bba6c4,9631,9982
44b6_87bba6c4,9633,10110
44b6_87bba6c4,9635,9972
44b6_87bba6c4,9643,10028
44b6_87bba6c4,9644,9861
44b6_87bba6c4,9646,9830
44b6_87bba6c4,9647,10087
44b6_87bba6c4,9648,10092
44b6_87bba6c4,9649,10010
44b6_87bba6c4,9650,9944
44b6_87bba6c4,9651,9946
44b6_87bba6c4,9652,9905
44b6_87bba6c4,9653,9885
44b6_87bba6c4,9656,10112
44b6_87bba6c4,9659,9899
44b6_87bba6c4,9660,10085
44b6_87bba6c4,9662,10062
44b6_87bba6c4,9663,10039
44b6_87bba6c4,9664,9816
44b6_87bba6c4,9665,9856
44b6_87bba6c4,9670,10041
44b6_87bba6c4,9671,9898
44b6_87bba6c4,9672,9993
44b6_87bba6c4,9676,9985
44b6_87bba6c4,9677,9831
44b6_87bba6c4,9678,10132
44b6_87bba6c4,9680,9966
44b6_87bba6c4,9681,10065
44b6_87bba6c4,9683,9937
44b6_87bba6c4,9685,9976
44b6_87bba6c4,9687,10006
44b6_87bba6c4,9688,10111
44b6_87bba6c4,9690,9947
44b6_87bba6c4,9691,9950
44b6_87bba6c4,9692,10114
44b6_87bba6c4,9694,9983
44b6_87bba6c4,9695,10043
44b6_87bba6c4,9700,9961
44b6_87bba6c4,9702,10014
44b6_87bba6c4,9703,10063
44b6_87bba6c4,9704,10100
44b6_87bba6c4,9708,10056
44b6_87bba6c4,9710,10081
44b6_87bba6c4,9711,10088
44b6_87bba6c4,9712,10067
44b6_87bba6c4,9714,9887
44b6_87bba6c4,9718,9975
44b6_87bba6c4,9719,10124
44b6_87bba6c4,9722,9948
44b6_87bba6c4,9723,10127
44b6_87bba6c4,9724,10050
44b6_87bba6c4,9729,9980
44b6_87bba6c4,9735,10038
44b6_87bba6c4,9736,10072
44b6_87bba6c4,9737,10083
44b6_87bba6c4,9740,10048
44b6_87bba6c4,9743,10128
44b6_87bba6c4,9744,9813
44b6_87bba6c4,9746,10066
44b6_87bba6c4,9749,9967
44b6_87bba6c4,9754,10075
44b6_87bba6c4,9756,10101
44b6_87bba6c4,9764,10121
44b6_87bba6c4,9765,10091
44b6_87bba6c4,9766,10074
44b6_87bba6c4,9770,9934
44b6_87bba6c4,9780,10134
44b6_87bba6c4,9781,10129
44b6_87bba6c4,9784,10093
44b6_87bba6c4,9786,10125
44b6_87bba6c4,9789,10135
44b6_87bba6c4,9793,10123
44b6_87bba6c4,9794,10136
44b6_87bba6c4,9795,10142
44b6_87bba6c4,9796,10146
44b6_87bba6c4,9798,10187
44b6_87bba6c4,9799,10145
44b6_87bba6c4,9800,10174
44b6_87bba6c4,9801,10139
44b6_87bba6c4,9802,10138
44b6_87bba6c4,9803,10168
44b6_87bba6c4,9804,10179
44b6_87bba6c4,9805,10180
44b6_87bba6c4,9806,10147
44b6_87bba6c4,9807,10160
44b6_87bba6c4,9808,10148
44b6_87bba6c4,9809,10151
44b6_87bba6c4,9810,10172
44b6_87bba6c4,9811,10173
44b6_87bba6c4,9812,10209
44b6_87bba6c4,9813,10141
44b6_87bba6c4,9814,10140
44b6_87bba6c4,9815,10234
44b6_87bba6c4,9816,10150
44b6_87bba6c4,9817,10144
44b6_87bba6c4,9818,10143
44b6_87bba6c4,9819,10153
44b6_87bba6c4,9820,10175
44b6_87bba6c4,9821,10149
44b6_87bba6c4,9822,10167
44b6_87bba6c4,9823,10159
44b6_87bba6c4,9824,10193
44b6_87bba6c4,9825,10220
44b6_87bba6c4,9826,10215
44b6_87bba6c4,9827,10196
44b6_87bba6c4,9828,10170
44b6_87bba6c4,9829,10198
44b6_87bba6c4,9830,10176
44b6_87bba6c4,9831,10137
44b6_87bba6c4,9832,10195
44b6_87bba6c4,9833,10191
44b6_87bba6c4,9836,10258
44b6_87bba6c4,9837,10299
44b6_87bba6c4,9838,10250
44b6_87bba6c4,9839,10154
44b6_87bba6c4,9840,10278
44b6_87bba6c4,9841,10204
44b6_87bba6c4,9842,10194
44b6_87bba6c4,9843,10236
44b6_87bba6c4,9844,10169
44b6_87bba6c4,9845,10165
44b6_87bba6c4,9847,10217
44b6_87bba6c4,9848,10212
44b6_87bba6c4,9849,10152
44b6_87bba6c4,9850,10182
44b6_87bba6c4,9851,10267
44b6_87bba6c4,9852,10197
44b6_87bba6c4,9853,10203
44b6_87bba6c4,9854,10178
44b6_87bba6c4,9855,10183
44b6_87bba6c4,9856,10300
44b6_87bba6c4,9857,10214
44b6_87bba6c4,9858,10181
44b6_87bba6c4,9859,10157
44b6_87bba6c4,9860,10184
44b6_87bba6c4,9861,10192
44b6_87bba6c4,9862,10301
44b6_87bba6c4,9863,10166
44b6_87bba6c4,9864,10201
44b6_87bba6c4,9865,10268
44b6_87bba6c4,9866,10162
44b6_87bba6c4,9867,10218
44b6_87bba6c4,9868,10251
44b6_87bba6c4,9869,10273
44b6_87bba6c4,9870,10185
44b6_87bba6c4,9871,10233
44b6_87bba6c4,9872,10188
44b6_87bba6c4,9873,10221
44b6_87bba6c4,9874,10241
44b6_87bba6c4,9875,10216
44b6_87bba6c4,9877,10232
44b6_87bba6c4,9878,10213
44b6_87bba6c4,9879,10288
44b6_87bba6c4,9880,10229
44b6_87bba6c4,9881,10202
44b6_87bba6c4,9882,10200
44b6_87bba6c4,9883,10287
44b6_87bba6c4,9884,10190
44b6_87bba6c4,9885,10164
44b6_87bba6c4,9886,10294
44b6_87bba6c4,9887,10189
44b6_87bba6c4,9888,10231
44b6_87bba6c4,9889,10158
44b6_87bba6c4,9890,10208
44b6_87bba6c4,9891,10248
44b6_87bba6c4,9892,10256
44b6_87bba6c4,9893,10225
44b6_87bba6c4,9894,10186
44b6_87bba6c4,9896,10246
44b6_87bba6c4,9898,10199
44b6_87bba6c4,9899,10296
44b6_87bba6c4,9901,10281
44b6_87bba6c4,9902,10331
44b6_87bba6c4,9903,10219
44b6_87bba6c4,9905,10313
44b6_87bba6c4,9906,10284
44b6_87bba6c4,9907,10156
44b6_87bba6c4,9908,10227
44b6_87bba6c4,9909,10265
44b6_87bba6c4,9910,10240
44b6_87bba6c4,9911,10303
44b6_87bba6c4,9912,10242
44b6_87bba6c4,9913,10348
44b6_87bba6c4,9914,10207
44b6_87bba6c4,9915,10271
44b6_87bba6c4,9916,10224
44b6_87bba6c4,9917,10377
44b6_87bba6c4,9919,10295
44b6_87bba6c4,9920,10244
44b6_87bba6c4,9921,10320
44b6_87bba6c4,9922,10290
44b6_87bba6c4,9923,10305
44b6_87bba6c4,9924,10226
44b6_87bba6c4,9925,10358
44b6_87bba6c4,9926,10387
44b6_87bba6c4,9927,10211
44b6_87bba6c4,9928,10260
44b6_87bba6c4,9929,10350
44b6_87bba6c4,9930,10266
44b6_87bba6c4,9931,10237
44b6_87bba6c4,9932,10282
44b6_87bba6c4,9933,10245
44b6_87bba6c4,9934,10340
44b6_87bba6c4,9935,10257
44b6_87bba6c4,9936,10334
44b6_87bba6c4,9937,10253
44b6_87bba6c4,9938,10321
44b6_87bba6c4,9940,10297
44b6_87bba6c4,9941,10239
44b6_87bba6c4,9942,10163
44b6_87bba6c4,9943,10272
44b6_87bba6c4,9944,10276
44b6_87bba6c4,9945,10365
44b6_87bba6c4,9946,10330
44b6_87bba6c4,9947,10285
44b6_87bba6c4,9948,10254
44b6_87bba6c4,9949,10315
44b6_87bba6c4,9950,10442
44b6_87bba6c4,9951,10255
44b6_87bba6c4,9952,10311
44b6_87bba6c4,9955,10275
44b6_87bba6c4,9956,10336
44b6_87bba6c4,9957,10259
44b6_87bba6c4,9958,10222
44b6_87bba6c4,9959,10366
44b6_87bba6c4,9960,10298
44b6_87bba6c4,9961,10306
44b6_87bba6c4,9963,10286
44b6_87bba6c4,9964,10252
44b6_87bba6c4,9965,10309
44b6_87bba6c4,9966,10262
44b6_87bba6c4,9967,10155
44b6_87bba6c4,9968,10289
44b6_87bba6c4,9969,10372
44b6_87bba6c4,9971,10280
44b6_87bba6c4,9972,10322
44b6_87bba6c4,9973,10312
44b6_87bba6c4,9974,10323
44b6_87bba6c4,9976,10360
44b6_87bba6c4,9977,10308
44b6_87bba6c4,9979,10347
44b6_87bba6c4,9981,10364
44b6_87bba6c4,9982,10332
44b6_87bba6c4,9983,10235
44b6_87bba6c4,9984,10316
44b6_87bba6c4,9985,10413
44b6_87bba6c4,9986,10264
44b6_87bba6c4,9987,10177
44b6_87bba6c4,9988,10307
44b6_87bba6c4,9990,10402
44b6_87bba6c4,9991,10291
44b6_87bba6c4,9992,10338
44b6_87bba6c4,9993,10326
44b6_87bba6c4,9994,10228
44b6_87bba6c4,9995,10346
44b6_87bba6c4,9996,10269
44b6_87bba6c4,9997,10339
44b6_87bba6c4,9998,10274
44b6_87bba6c4,9999,10367
44b6_87bba6c4,10000,10292
44b6_87bba6c4,10002,10407
44b6_87bba6c4,10003,10345
44b6_87bba6c4,10004,10318
44b6_87bba6c4,10005,10375
44b6_87bba6c4,10006,10354
44b6_87bba6c4,10007,10389
44b6_87bba6c4,10008,10352
44b6_87bba6c4,10010,10335
44b6_87bba6c4,10011,10319
44b6_87bba6c4,10012,10238
44b6_87bba6c4,10013,10361
44b6_87bba6c4,10014,10356
44b6_87bba6c4,10015,10270
44b6_87bba6c4,10016,10263
44b6_87bba6c4,10017,10368
44b6_87bba6c4,10018,10277
44b6_87bba6c4,10019,10310
44b6_87bba6c4,10020,10327
44b6_87bba6c4,10021,10344
44b6_87bba6c4,10022,10325
44b6_87bba6c4,10023,10329
44b6_87bba6c4,10024,10333
44b6_87bba6c4,10025,10390
44b6_87bba6c4,10026,10304
44b6_87bba6c4,10027,10374
44b6_87bba6c4,10028,10283
44b6_87bba6c4,10029,10363
44b6_87bba6c4,10030,10412
44b6_87bba6c4,10031,10261
44b6_87bba6c4,10032,10376
44b6_87bba6c4,10033,10423
44b6_87bba6c4,10034,10249
44b6_87bba6c4,10035,10314
44b6_87bba6c4,10036,10454
44b6_87bba6c4,10039,10436
44b6_87bba6c4,10040,10379
44b6_87bba6c4,10041,10351
44b6_87bba6c4,10042,10427
44b6_87bba6c4,10044,10391
44b6_87bba6c4,10045,10353
44b6_87bba6c4,10046,10426
44b6_87bba6c4,10047,10359
44b6_87bba6c4,10048,10357
44b6_87bba6c4,10049,10371
44b6_87bba6c4,10050,10477
44b6_87bba6c4,10053,10421
44b6_87bba6c4,10057,10453
44b6_87bba6c4,10058,10395
44b6_87bba6c4,10059,10401
44b6_87bba6c4,10060,10337
44b6_87bba6c4,10061,10397
44b6_87bba6c4,10062,10317
44b6_87bba6c4,10064,10370
44b6_87bba6c4,10065,10405
44b6_87bba6c4,10066,10416
44b6_87bba6c4,10067,10469
44b6_87bba6c4,10068,10403
44b6_87bba6c4,10069,10406
44b6_87bba6c4,10072,10355
44b6_87bba6c4,10073,10369
44b6_87bba6c4,10074,10448
44b6_87bba6c4,10075,10424
44b6_87bba6c4,10076,10409
44b6_87bba6c4,10077,10380
44b6_87bba6c4,10079,10443
44b6_87bba6c4,10081,10434
44b6_87bba6c4,10085,10465
44b6_87bba6c4,10086,10386
44b6_87bba6c4,10088,10472
44b6_87bba6c4,10089,10343
44b6_87bba6c4,10090,10435
44b6_87bba6c4,10091,10458
44b6_87bba6c4,10092,10378
44b6_87bba6c4,10093,10384
44b6_87bba6c4,10094,10398
44b6_87bba6c4,10095,10446
44b6_87bba6c4,10100,10404
44b6_87bba6c4,10101,10432
44b6_87bba6c4,10103,10392
44b6_87bba6c4,10105,10467
44b6_87bba6c4,10107,10415
44b6_87bba6c4,10108,10422
44b6_87bba6c4,10110,10473
44b6_87bba6c4,10114,10460
44b6_87bba6c4,10116,10410
44b6_87bba6c4,10117,10439
44b6_87bba6c4,10121,10433
44b6_87bba6c4,10123,10452
44b6_87bba6c4,10124,10445
44b6_87bba6c4,10126,10468
44b6_87bba6c4,10127,10441
44b6_87bba6c4,10128,10425
44b6_87bba6c4,10132,10451
44b6_87bba6c4,10133,10437
44b6_87bba6c4,10135,10464
44b6_87bba6c4,10136,10485
44b6_87bba6c4,10137,10494
44b6_87bba6c4,10138,10482
44b6_87bba6c4,10139,10480
44b6_87bba6c4,10140,10479
44b6_87bba6c4,10141,10478
44b6_87bba6c4,10142,10488
44b6_87bba6c4,10143,10496
44b6_87bba6c4,10144,10505
44b6_87bba6c4,10145,10486
44b6_87bba6c4,10146,10580
44b6_87bba6c4,10147,10490
44b6_87bba6c4,10148,10512
44b6_87bba6c4,10149,10510
44b6_87bba6c4,10150,10535
44b6_87bba6c4,10151,10487
44b6_87bba6c4,10152,10529
44b6_87bba6c4,10153,10503
44b6_87bba6c4,10154,10506
44b6_87bba6c4,10156,10495
44b6_87bba6c4,10157,10507
44b6_87bba6c4,10158,10528
44b6_87bba6c4,10159,10497
44b6_87bba6c4,10160,10501
44b6_87bba6c4,10161,10489
44b6_87bba6c4,10162,10553
44b6_87bba6c4,10163,10519
44b6_87bba6c4,10164,10484
44b6_87bba6c4,10165,10523
44b6_87bba6c4,10166,10541
44b6_87bba6c4,10167,10492
44b6_87bba6c4,10168,10551
44b6_87bba6c4,10169,10565
44b6_87bba6c4,10170,10509
44b6_87bba6c4,10171,10498
44b6_87bba6c4,10172,10493
44b6_87bba6c4,10173,10527
44b6_87bba6c4,10174,10556
44b6_87bba6c4,10175,10508
44b6_87bba6c4,10176,10533
44b6_87bba6c4,10177,10491
44b6_87bba6c4,10178,10516
44b6_87bba6c4,10179,10540
44b6_87bba6c4,10180,10504
44b6_87bba6c4,10181,10502
44b6_87bba6c4,10182,10525
44b6_87bba6c4,10183,10547
44b6_87bba6c4,10184,10548
44b6_87bba6c4,10185,10500
44b6_87bba6c4,10186,10655
44b6_87bba6c4,10187,10646
44b6_87bba6c4,10188,10499
44b6_87bba6c4,10189,10544
44b6_87bba6c4,10190,10483
44b6_87bba6c4,10191,10545
44b6_87bba6c4,10192,10517
44b6_87bba6c4,10193,10511
44b6_87bba6c4,10194,10558
44b6_87bba6c4,10195,10530
44b6_87bba6c4,10196,10513
44b6_87bba6c4,10197,10536
44b6_87bba6c4,10198,10534
44b6_87bba6c4,10199,10554
44b6_87bba6c4,10200,10518
44b6_87bba6c4,10201,10579
44b6_87bba6c4,10202,10555
44b6_87bba6c4,10203,10585
44b6_87bba6c4,10204,10568
44b6_87bba6c4,10206,10570
44b6_87bba6c4,10207,10600
44b6_87bba6c4,10208,10595
44b6_87bba6c4,10209,10522
44b6_87bba6c4,10210,10589
44b6_87bba6c4,10211,10596
44b6_87bba6c4,10212,10549
44b6_87bba6c4,10213,10630
44b6_87bba6c4,10214,10531
44b6_87bba6c4,10215,10583
44b6_87bba6c4,10216,10560
44b6_87bba6c4,10217,10557
44b6_87bba6c4,10218,10562
44b6_87bba6c4,10219,10601
44b6_87bba6c4,10220,10594
44b6_87bba6c4,10221,10537
44b6_87bba6c4,10222,10668
44b6_87bba6c4,10223,10538
44b6_87bba6c4,10224,10628
44b6_87bba6c4,10225,10598
44b6_87bba6c4,10226,10690
44b6_87bba6c4,10227,10591
44b6_87bba6c4,10228,10714
44b6_87bba6c4,10229,10550
44b6_87bba6c4,10230,10676
44b6_87bba6c4,10231,10514
44b6_87bba6c4,10232,10563
44b6_87bba6c4,10233,10611
44b6_87bba6c4,10234,10614
44b6_87bba6c4,10235,10610
44b6_87bba6c4,10237,10632
44b6_87bba6c4,10238,10675
44b6_87bba6c4,10239,10539
44b6_87bba6c4,10240,10566
44b6_87bba6c4,10241,10582
44b6_87bba6c4,10242,10567
44b6_87bba6c4,10244,10584
44b6_87bba6c4,10245,10625
44b6_87bba6c4,10246,10663
44b6_87bba6c4,10247,10576
44b6_87bba6c4,10248,10546
44b6_87bba6c4,10249,10587
44b6_87bba6c4,10251,10561
44b6_87bba6c4,10252,10542
44b6_87bba6c4,10253,10569
44b6_87bba6c4,10254,10573
44b6_87bba6c4,10255,10574
44b6_87bba6c4,10256,10572
44b6_87bba6c4,10257,10666
44b6_87bba6c4,10258,10637
44b6_87bba6c4,10259,10616
44b6_87bba6c4,10260,10645
44b6_87bba6c4,10261,10578
44b6_87bba6c4,10262,10629
44b6_87bba6c4,10263,10653
44b6_87bba6c4,10264,10593
44b6_87bba6c4,10265,10634
44b6_87bba6c4,10266,10622
44b6_87bba6c4,10267,10588
44b6_87bba6c4,10268,10633
44b6_87bba6c4,10269,10575
44b6_87bba6c4,10270,10543
44b6_87bba6c4,10271,10581
44b6_87bba6c4,10272,10609
44b6_87bba6c4,10273,10658
44b6_87bba6c4,10274,10652
44b6_87bba6c4,10275,10672
44b6_87bba6c4,10278,10552
44b6_87bba6c4,10279,10597
44b6_87bba6c4,10280,10639
44b6_87bba6c4,10281,10640
44b6_87bba6c4,10282,10621
44b6_87bba6c4,10283,10638
44b6_87bba6c4,10285,10685
44b6_87bba6c4,10286,10524
44b6_87bba6c4,10287,10617
44b6_87bba6c4,10288,10659
44b6_87bba6c4,10289,10603
44b6_87bba6c4,10290,10778
44b6_87bba6c4,10291,10667
44b6_87bba6c4,10292,10656
44b6_87bba6c4,10293,10670
44b6_87bba6c4,10294,10687
44b6_87bba6c4,10295,10643
44b6_87bba6c4,10296,10605
44b6_87bba6c4,10297,10604
44b6_87bba6c4,10298,10691
44b6_87bba6c4,10299,10571
44b6_87bba6c4,10300,10704
44b6_87bba6c4,10301,10619
44b6_87bba6c4,10302,10602
44b6_87bba6c4,10303,10751
44b6_87bba6c4,10304,10661
44b6_87bba6c4,10305,10590
44b6_87bba6c4,10306,10678
44b6_87bba6c4,10307,10677
44b6_87bba6c4,10309,10641
44b6_87bba6c4,10310,10644
44b6_87bba6c4,10311,10674
44b6_87bba6c4,10312,10715
44b6_87bba6c4,10313,10612
44b6_87bba6c4,10314,10702
44b6_87bba6c4,10315,10706
44b6_87bba6c4,10316,10649
44b6_87bba6c4,10317,10718
44b6_87bba6c4,10318,10669
44b6_87bba6c4,10319,10665
44b6_87bba6c4,10320,10743
44b6_87bba6c4,10321,10680
44b6_87bba6c4,10322,10662
44b6_87bba6c4,10323,10613
44b6_87bba6c4,10324,10648
44b6_87bba6c4,10325,10657
44b6_87bba6c4,10326,10712
44b6_87bba6c4,10328,10759
44b6_87bba6c4,10329,10725
44b6_87bba6c4,10330,10592
44b6_87bba6c4,10331,10606
44b6_87bba6c4,10332,10651
44b6_87bba6c4,10333,10636
44b6_87bba6c4,10334,10693
44b6_87bba6c4,10335,10673
44b6_87bba6c4,10336,10642
44b6_87bba6c4,10338,10623
44b6_87bba6c4,10340,10626
44b6_87bba6c4,10341,10564
44b6_87bba6c4,10343,10608
44b6_87bba6c4,10344,10723
44b6_87bba6c4,10345,10707
44b6_87bba6c4,10346,10682
44b6_87bba6c4,10347,10692
44b6_87bba6c4,10348,10683
44b6_87bba6c4,10349,10684
44b6_87bba6c4,10351,10681
44b6_87bba6c4,10352,10754
44b6_87bba6c4,10353,10710
44b6_87bba6c4,10354,10700
44b6_87bba6c4,10355,10740
44b6_87bba6c4,10356,10755
44b6_87bba6c4,10357,10664
44b6_87bba6c4,10358,10713
44b6_87bba6c4,10359,10734
44b6_87bba6c4,10360,10599
44b6_87bba6c4,10361,10701
44b6_87bba6c4,10363,10727
44b6_87bba6c4,10364,10703
44b6_87bba6c4,10365,10709
44b6_87bba6c4,10366,10738
44b6_87bba6c4,10367,10654
44b6_87bba6c4,10368,10732
44b6_87bba6c4,10369,10698
44b6_87bba6c4,10370,10721
44b6_87bba6c4,10371,10696
44b6_87bba6c4,10372,10671
44b6_87bba6c4,10374,10717
44b6_87bba6c4,10375,10660
44b6_87bba6c4,10376,10744
44b6_87bba6c4,10377,10695
44b6_87bba6c4,10378,10716
44b6_87bba6c4,10382,10752
44b6_87bba6c4,10383,10694
44b6_87bba6c4,10384,10757
44b6_87bba6c4,10386,10772
44b6_87bba6c4,10387,10726
44b6_87bba6c4,10388,10705
44b6_87bba6c4,10389,10745
44b6_87bba6c4,10390,10688
44b6_87bba6c4,10391,10748
44b6_87bba6c4,10393,10741
44b6_87bba6c4,10394,10807
44b6_87bba6c4,10395,10729
44b6_87bba6c4,10396,10697
44b6_87bba6c4,10397,10739
44b6_87bba6c4,10398,10756
44b6_87bba6c4,10399,10736
44b6_87bba6c4,10400,10737
44b6_87bba6c4,10401,10784
44b6_87bba6c4,10403,10724
44b6_87bba6c4,10404,10770
44b6_87bba6c4,10405,10762
44b6_87bba6c4,10406,10771
44b6_87bba6c4,10407,10730
44b6_87bba6c4,10410,10780
44b6_87bba6c4,10411,10607
44b6_87bba6c4,10413,10733
44b6_87bba6c4,10415,10815
44b6_87bba6c4,10416,10711
44b6_87bba6c4,10419,10767
44b6_87bba6c4,10421,10787
44b6_87bba6c4,10422,10750
44b6_87bba6c4,10423,10774
44b6_87bba6c4,10424,10805
44b6_87bba6c4,10425,10765
44b6_87bba6c4,10426,10801
44b6_87bba6c4,10427,10817
44b6_87bba6c4,10431,10766
44b6_87bba6c4,10432,10782
44b6_87bba6c4,10433,10790
44b6_87bba6c4,10434,10828
44b6_87bba6c4,10436,10794
44b6_87bba6c4,10437,10792
44b6_87bba6c4,10439,10779
44b6_87bba6c4,10441,10786
44b6_87bba6c4,10445,10777
44b6_87bba6c4,10446,10811
44b6_87bba6c4,10448,10825
44b6_87bba6c4,10450,10822
44b6_87bba6c4,10452,10819
44b6_87bba6c4,10453,10826
44b6_87bba6c4,10455,10813
44b6_87bba6c4,10457,10823
44b6_87bba6c4,10458,10802
44b6_87bba6c4,10462,10776
44b6_87bba6c4,10464,10791
44b6_87bba6c4,10467,10816
44b6_87bba6c4,10471,10804
44b6_87bba6c4,10477,10798
44b6_87bba6c4,10478,10835
44b6_87bba6c4,10479,10837
44b6_87bba6c4,10480,10834
44b6_87bba6c4,10481,10843
44b6_87bba6c4,10482,10839
44b6_87bba6c4,10483,10891
44b6_87bba6c4,10484,10847
44b6_87bba6c4,10485,10836
44b6_87bba6c4,10486,10838
44b6_87bba6c4,10487,10842
44b6_87bba6c4,10488,10923
44b6_87bba6c4,10489,10881
44b6_87bba6c4,10490,10851
44b6_87bba6c4,10491,10840
44b6_87bba6c4,10492,10859
44b6_87bba6c4,10493,10841
44b6_87bba6c4,10494,10862
44b6_87bba6c4,10495,10873
44b6_87bba6c4,10496,10861
44b6_87bba6c4,10497,10878
44b6_87bba6c4,10498,10982
44b6_87bba6c4,10499,10846
44b6_87bba6c4,10500,10869
44b6_87bba6c4,10501,10889
44b6_87bba6c4,10502,10858
44b6_87bba6c4,10503,10844
44b6_87bba6c4,10504,10877
44b6_87bba6c4,10505,10874
44b6_87bba6c4,10506,10867
44b6_87bba6c4,10507,10850
44b6_87bba6c4,10508,10897
44b6_87bba6c4,10509,10864
44b6_87bba6c4,10510,10855
44b6_87bba6c4,10511,10863
44b6_87bba6c4,10512,10872
44b6_87bba6c4,10513,10865
44b6_87bba6c4,10514,10902
44b6_87bba6c4,10515,10868
44b6_87bba6c4,10516,10870
44b6_87bba6c4,10517,10894
44b6_87bba6c4,10518,10892
44b6_87bba6c4,10519,10882
44b6_87bba6c4,10521,10932
44b6_87bba6c4,10522,10860
44b6_87bba6c4,10523,10845
44b6_87bba6c4,10524,10885
44b6_87bba6c4,10525,10852
44b6_87bba6c4,10526,10871
44b6_87bba6c4,10527,10849
44b6_87bba6c4,10528,10904
44b6_87bba6c4,10529,10901
44b6_87bba6c4,10530,10888
44b6_87bba6c4,10531,10875
44b6_87bba6c4,10532,10957
44b6_87bba6c4,10533,10896
44b6_87bba6c4,10534,10920
44b6_87bba6c4,10535,10916
44b6_87bba6c4,10536,10917
44b6_87bba6c4,10537,10890
44b6_87bba6c4,10538,10942
44b6_87bba6c4,10539,10909
44b6_87bba6c4,10540,10883
44b6_87bba6c4,10541,10856
44b6_87bba6c4,10542,10968
44b6_87bba6c4,10543,10998
44b6_87bba6c4,10544,10853
44b6_87bba6c4,10545,10983
44b6_87bba6c4,10546,10934
44b6_87bba6c4,10547,10961
44b6_87bba6c4,10548,10906
44b6_87bba6c4,10549,10900
44b6_87bba6c4,10550,10903
44b6_87bba6c4,10551,10905
44b6_87bba6c4,10552,10886
44b6_87bba6c4,10553,10952
44b6_87bba6c4,10554,10880
44b6_87bba6c4,10555,10911
44b6_87bba6c4,10556,10915
44b6_87bba6c4,10557,10924
44b6_87bba6c4,10558,10919
44b6_87bba6c4,10559,10854
44b6_87bba6c4,10560,10941
44b6_87bba6c4,10561,10955
44b6_87bba6c4,10563,10945
44b6_87bba6c4,10564,10929
44b6_87bba6c4,10565,10950
44b6_87bba6c4,10566,10931
44b6_87bba6c4,10567,10899
44b6_87bba6c4,10568,10910
44b6_87bba6c4,10569,10898
44b6_87bba6c4,10570,11010
44b6_87bba6c4,10571,10939
44b6_87bba6c4,10572,10972
44b6_87bba6c4,10573,11000
44b6_87bba6c4,10574,10956
44b6_87bba6c4,10576,10921
44b6_87bba6c4,10577,10925
44b6_87bba6c4,10578,11042
44b6_87bba6c4,10579,10912
44b6_87bba6c4,10580,10848
44b6_87bba6c4,10581,11005
44b6_87bba6c4,10583,10887
44b6_87bba6c4,10584,10933
44b6_87bba6c4,10585,10996
44b6_87bba6c4,10586,10879
44b6_87bba6c4,10587,10937
44b6_87bba6c4,10588,10949
44b6_87bba6c4,10589,10991
44b6_87bba6c4,10590,10951
44b6_87bba6c4,10591,10918
44b6_87bba6c4,10593,10958
44b6_87bba6c4,10594,10975
44b6_87bba6c4,10595,10997
44b6_87bba6c4,10596,10930
44b6_87bba6c4,10597,10954
44b6_87bba6c4,10598,10926
44b6_87bba6c4,10599,10948
44b6_87bba6c4,10600,11015
44b6_87bba6c4,10601,10876
44b6_87bba6c4,10602,10922
44b6_87bba6c4,10603,10963
44b6_87bba6c4,10604,10966
44b6_87bba6c4,10605,10973
44b6_87bba6c4,10606,11002
44b6_87bba6c4,10607,11099
44b6_87bba6c4,10608,10914
44b6_87bba6c4,10609,10977
44b6_87bba6c4,10610,10938
44b6_87bba6c4,10611,10993
44b6_87bba6c4,10612,10970
44b6_87bba6c4,10613,10960
44b6_87bba6c4,10614,11017
44b6_87bba6c4,10615,10989
44b6_87bba6c4,10616,10994
44b6_87bba6c4,10617,10936
44b6_87bba6c4,10618,10980
44b6_87bba6c4,10619,10974
44b6_87bba6c4,10620,11004
44b6_87bba6c4,10621,10964
44b6_87bba6c4,10622,11050
44b6_87bba6c4,10623,11041
44b6_87bba6c4,10624,11024
44b6_87bba6c4,10625,10992
44b6_87bba6c4,10626,11037
44b6_87bba6c4,10627,11103
44b6_87bba6c4,10629,10988
44b6_87bba6c4,10630,10976
44b6_87bba6c4,10631,11012
44b6_87bba6c4,10632,10884
44b6_87bba6c4,10633,10969
44b6_87bba6c4,10634,10986
44b6_87bba6c4,10635,11026
44b6_87bba6c4,10637,11028
44b6_87bba6c4,10638,10927
44b6_87bba6c4,10639,10981
44b6_87bba6c4,10640,10943
44b6_87bba6c4,10641,11097
44b6_87bba6c4,10642,10979
44b6_87bba6c4,10643,10965
44b6_87bba6c4,10644,10947
44b6_87bba6c4,10645,11043
44b6_87bba6c4,10647,11007
44b6_87bba6c4,10648,11060
44b6_87bba6c4,10649,11038
44b6_87bba6c4,10651,11087
44b6_87bba6c4,10652,10946
44b6_87bba6c4,10653,10895
44b6_87bba6c4,10654,11016
44b6_87bba6c4,10656,10985
44b6_87bba6c4,10657,11058
44b6_87bba6c4,10658,10984
44b6_87bba6c4,10659,10928
44b6_87bba6c4,10660,10971
44b6_87bba6c4,10661,11025
44b6_87bba6c4,10662,11046
44b6_87bba6c4,10663,10944
44b6_87bba6c4,10664,11088
44b6_87bba6c4,10665,10962
44b6_87bba6c4,10666,11061
44b6_87bba6c4,10667,11034
44b6_87bba6c4,10668,11048
44b6_87bba6c4,10669,11062
44b6_87bba6c4,10670,10990
44b6_87bba6c4,10671,10995
44b6_87bba6c4,10673,10959
44b6_87bba6c4,10674,11126
44b6_87bba6c4,10675,11035
44b6_87bba6c4,10676,11086
44b6_87bba6c4,10677,11078
44b6_87bba6c4,10678,11081
44b6_87bba6c4,10681,11069
44b6_87bba6c4,10682,11051
44b6_87bba6c4,10683,11054
44b6_87bba6c4,10684,11125
44b6_87bba6c4,10685,10999
44b6_87bba6c4,10686,11045
44b6_87bba6c4,10687,11020
44b6_87bba6c4,10688,11106
44b6_87bba6c4,10689,11075
44b6_87bba6c4,10690,11082
44b6_87bba6c4,10691,11152
44b6_87bba6c4,10692,11066
44b6_87bba6c4,10693,11013
44b6_87bba6c4,10694,11121
44b6_87bba6c4,10695,11056
44b6_87bba6c4,10696,11068
44b6_87bba6c4,10697,10967
44b6_87bba6c4,10698,11006
44b6_87bba6c4,10699,11070
44b6_87bba6c4,10700,11116
44b6_87bba6c4,10701,11052
44b6_87bba6c4,10702,11032
44b6_87bba6c4,10703,11022
44b6_87bba6c4,10704,11053
44b6_87bba6c4,10705,11153
44b6_87bba6c4,10706,11096
44b6_87bba6c4,10707,11059
44b6_87bba6c4,10708,11055
44b6_87bba6c4,10709,10953
44b6_87bba6c4,10710,11049
44b6_87bba6c4,10711,11029
44b6_87bba6c4,10712,11111
44b6_87bba6c4,10713,11023
44b6_87bba6c4,10714,11120
44b6_87bba6c4,10715,11047
44b6_87bba6c4,10717,11071
44b6_87bba6c4,10718,11030
44b6_87bba6c4,10719,11039
44b6_87bba6c4,10720,11113
44b6_87bba6c4,10721,11057
44b6_87bba6c4,10723,11040
44b6_87bba6c4,10724,11091
44b6_87bba6c4,10725,11102
44b6_87bba6c4,10726,10987
44b6_87bba6c4,10729,11065
44b6_87bba6c4,10730,11077
44b6_87bba6c4,10733,11080
44b6_87bba6c4,10734,11036
44b6_87bba6c4,10735,11033
44b6_87bba6c4,10736,11019
44b6_87bba6c4,10737,11072
44b6_87bba6c4,10738,11021
44b6_87bba6c4,10739,11089
44b6_87bba6c4,10740,10907
44b6_87bba6c4,10741,11079
44b6_87bba6c4,10743,11142
44b6_87bba6c4,10744,11083
44b6_87bba6c4,10745,11163
44b6_87bba6c4,10747,11127
44b6_87bba6c4,10750,11067
44b6_87bba6c4,10751,11084
44b6_87bba6c4,10753,11115
44b6_87bba6c4,10755,11044
44b6_87bba6c4,10756,11136
44b6_87bba6c4,10757,11123
44b6_87bba6c4,10760,11104
44b6_87bba6c4,10762,11110
44b6_87bba6c4,10763,11185
44b6_87bba6c4,10764,11094
44b6_87bba6c4,10765,11158
44b6_87bba6c4,10766,11137
44b6_87bba6c4,10769,11132
44b6_87bba6c4,10770,11179
44b6_87bba6c4,10771,11135
44b6_87bba6c4,10772,11149
44b6_87bba6c4,10774,11112
44b6_87bba6c4,10775,11095
44b6_87bba6c4,10776,11119
44b6_87bba6c4,10778,11018
44b6_87bba6c4,10779,11182
44b6_87bba6c4,10780,11143
44b6_87bba6c4,10782,11105
44b6_87bba6c4,10784,11138
44b6_87bba6c4,10786,11150
44b6_87bba6c4,10787,11157
44b6_87bba6c4,10789,11133
44b6_87bba6c4,10791,11183
44b6_87bba6c4,10792,11117
44b6_87bba6c4,10793,11151
44b6_87bba6c4,10794,11162
44b6_87bba6c4,10797,11190
44b6_87bba6c4,10798,11114
44b6_87bba6c4,10801,11090
44b6_87bba6c4,10802,11168
44b6_87bba6c4,10803,11174
44b6_87bba6c4,10804,11101
44b6_87bba6c4,10808,11175
44b6_87bba6c4,10809,11156
44b6_87bba6c4,10813,11166
44b6_87bba6c4,10814,11140
44b6_87bba6c4,10815,11144
44b6_87bba6c4,10816,11180
44b6_87bba6c4,10817,11184
44b6_87bba6c4,10818,11147
44b6_87bba6c4,10819,11171
44b6_87bba6c4,10820,11167
44b6_87bba6c4,10821,11165
44b6_87bba6c4,10827,11169
44b6_87bba6c4,10834,11192
44b6_87bba6c4,10835,11249
44b6_87bba6c4,10836,11220
44b6_87bba6c4,10837,11209
44b6_87bba6c4,10838,11193
44b6_87bba6c4,10839,11195
44b6_87bba6c4,10840,11314
44b6_87bba6c4,10841,11205
44b6_87bba6c4,10842,11200
44b6_87bba6c4,10843,11194
44b6_87bba6c4,10844,11197
44b6_87bba6c4,10845,11206
44b6_87bba6c4,10846,11204
44b6_87bba6c4,10847,11226
44b6_87bba6c4,10848,11203
44b6_87bba6c4,10849,11202
44b6_87bba6c4,10850,11221
44b6_87bba6c4,10851,11229
44b6_87bba6c4,10852,11216
44b6_87bba6c4,10853,11251
44b6_87bba6c4,10855,11217
44b6_87bba6c4,10856,11287
44b6_87bba6c4,10858,11230
44b6_87bba6c4,10859,11207
44b6_87bba6c4,10860,11304
44b6_87bba6c4,10862,11310
44b6_87bba6c4,10863,11263
44b6_87bba6c4,10864,11247
44b6_87bba6c4,10865,11234
44b6_87bba6c4,10867,11225
44b6_87bba6c4,10868,11210
44b6_87bba6c4,10869,11233
44b6_87bba6c4,10870,11253
44b6_87bba6c4,10872,11231
44b6_87bba6c4,10873,11289
44b6_87bba6c4,10874,11356
44b6_87bba6c4,10876,11283
44b6_87bba6c4,10877,11244
44b6_87bba6c4,10878,11250
44b6_87bba6c4,10879,11223
44b6_87bba6c4,10880,11213
44b6_87bba6c4,10881,11227
44b6_87bba6c4,10882,11327
44b6_87bba6c4,10883,11211
44b6_87bba6c4,10884,11281
44b6_87bba6c4,10885,11294
44b6_87bba6c4,10886,11270
44b6_87bba6c4,10887,11266
44b6_87bba6c4,10888,11215
44b6_87bba6c4,10889,11237
44b6_87bba6c4,10890,11248
44b6_87bba6c4,10891,11199
44b6_87bba6c4,10892,11239
44b6_87bba6c4,10893,11274
44b6_87bba6c4,10894,11282
44b6_87bba6c4,10895,11272
44b6_87bba6c4,10896,11232
44b6_87bba6c4,10897,11275
44b6_87bba6c4,10898,11284
44b6_87bba6c4,10899,11285
44b6_87bba6c4,10900,11254
44b6_87bba6c4,10902,11243
44b6_87bba6c4,10903,11258
44b6_87bba6c4,10906,11236
44b6_87bba6c4,10907,11346
44b6_87bba6c4,10908,11208
44b6_87bba6c4,10909,11295
44b6_87bba6c4,10910,11312
44b6_87bba6c4,10911,11298
44b6_87bba6c4,10912,11299
44b6_87bba6c4,10913,11277
44b6_87bba6c4,10914,11219
44b6_87bba6c4,10915,11276
44b6_87bba6c4,10916,11222
44b6_87bba6c4,10918,11218
44b6_87bba6c4,10919,11246
44b6_87bba6c4,10920,11265
44b6_87bba6c4,10921,11278
44b6_87bba6c4,10922,11297
44b6_87bba6c4,10923,11271
44b6_87bba6c4,10924,11381
44b6_87bba6c4,10925,11315
44b6_87bba6c4,10926,11348
44b6_87bba6c4,10927,11420
44b6_87bba6c4,10928,11228
44b6_87bba6c4,10929,11541
44b6_87bba6c4,10930,11214
44b6_87bba6c4,10931,11324
44b6_87bba6c4,10933,11280
44b6_87bba6c4,10935,11345
44b6_87bba6c4,10936,11320
44b6_87bba6c4,10937,11399
44b6_87bba6c4,10938,11323
44b6_87bba6c4,10939,11269
44b6_87bba6c4,10940,11267
44b6_87bba6c4,10941,11466
44b6_87bba6c4,10942,11255
44b6_87bba6c4,10943,11357
44b6_87bba6c4,10944,11286
44b6_87bba6c4,10945,11322
44b6_87bba6c4,10946,11302
44b6_87bba6c4,10947,11334
44b6_87bba6c4,10948,11441
44b6_87bba6c4,10951,11401
44b6_87bba6c4,10953,11301
44b6_87bba6c4,10955,11309
44b6_87bba6c4,10956,11407
44b6_87bba6c4,10957,11411
44b6_87bba6c4,10958,11235
44b6_87bba6c4,10959,11268
44b6_87bba6c4,10960,11374
44b6_87bba6c4,10961,11355
44b6_87bba6c4,10962,11261
44b6_87bba6c4,10963,11435
44b6_87bba6c4,10964,11338
44b6_87bba6c4,10965,11392
44b6_87bba6c4,10966,11457
44b6_87bba6c4,10967,11397
44b6_87bba6c4,10968,11296
44b6_87bba6c4,10969,11240
44b6_87bba6c4,10971,11303
44b6_87bba6c4,10972,11318
44b6_87bba6c4,10973,11363
44b6_87bba6c4,10976,11279
44b6_87bba6c4,10977,11308
44b6_87bba6c4,10979,11273
44b6_87bba6c4,10980,11317
44b6_87bba6c4,10981,11367
44b6_87bba6c4,10983,11359
44b6_87bba6c4,10985,11242
44b6_87bba6c4,10986,11292
44b6_87bba6c4,10987,11351
44b6_87bba6c4,10988,11339
44b6_87bba6c4,10990,11361
44b6_87bba6c4,10991,11376
44b6_87bba6c4,10992,11369
44b6_87bba6c4,10993,11344
44b6_87bba6c4,10994,11417
44b6_87bba6c4,10996,11293
44b6_87bba6c4,10999,11423
44b6_87bba6c4,11000,11343
44b6_87bba6c4,11001,11259
44b6_87bba6c4,11003,11432
44b6_87bba6c4,11004,11241
44b6_87bba6c4,11005,11379
44b6_87bba6c4,11006,11358
44b6_87bba6c4,11007,11290
44b6_87bba6c4,11008,11313
44b6_87bba6c4,11009,11307
44b6_87bba6c4,11011,11391
44b6_87bba6c4,11012,11325
44b6_87bba6c4,11013,11288
44b6_87bba6c4,11014,11245
44b6_87bba6c4,11015,11362
44b6_87bba6c4,11017,11311
44b6_87bba6c4,11018,11347
44b6_87bba6c4,11019,11400
44b6_87bba6c4,11020,11460
44b6_87bba6c4,11021,11336
44b6_87bba6c4,11022,11382
44b6_87bba6c4,11024,11360
44b6_87bba6c4,11026,11326
44b6_87bba6c4,11027,11196
44b6_87bba6c4,11029,11461
44b6_87bba6c4,11030,11370
44b6_87bba6c4,11031,11353
44b6_87bba6c4,11032,11264
44b6_87bba6c4,11033,11444
44b6_87bba6c4,11034,11398
44b6_87bba6c4,11035,11350
44b6_87bba6c4,11036,11433
44b6_87bba6c4,11038,11373
44b6_87bba6c4,11039,11429
44b6_87bba6c4,11040,11449
44b6_87bba6c4,11044,11422
44b6_87bba6c4,11045,11388
44b6_87bba6c4,11046,11450
44b6_87bba6c4,11048,11385
44b6_87bba6c4,11049,11489
44b6_87bba6c4,11050,11405
44b6_87bba6c4,11051,11375
44b6_87bba6c4,11052,11469
44b6_87bba6c4,11054,11389
44b6_87bba6c4,11055,11415
44b6_87bba6c4,11056,11418
44b6_87bba6c4,11057,11390
44b6_87bba6c4,11058,11410
44b6_87bba6c4,11059,11436
44b6_87bba6c4,11060,11496
44b6_87bba6c4,11062,11456
44b6_87bba6c4,11063,11465
44b6_87bba6c4,11064,11329
44b6_87bba6c4,11065,11437
44b6_87bba6c4,11066,11428
44b6_87bba6c4,11067,11395
44b6_87bba6c4,11068,11443
44b6_87bba6c4,11069,11384
44b6_87bba6c4,11071,11394
44b6_87bba6c4,11072,11445
44b6_87bba6c4,11073,11252
44b6_87bba6c4,11076,11328
44b6_87bba6c4,11077,11529
44b6_87bba6c4,11079,11447
44b6_87bba6c4,11081,11414
44b6_87bba6c4,11082,11380
44b6_87bba6c4,11083,11480
44b6_87bba6c4,11084,11342
44b6_87bba6c4,11088,11507
44b6_87bba6c4,11089,11378
44b6_87bba6c4,11090,11386
44b6_87bba6c4,11092,11446
44b6_87bba6c4,11094,11427
44b6_87bba6c4,11095,11419
44b6_87bba6c4,11096,11431
44b6_87bba6c4,11097,11349
44b6_87bba6c4,11098,11473
44b6_87bba6c4,11101,11472
44b6_87bba6c4,11102,11468
44b6_87bba6c4,11105,11494
44b6_87bba6c4,11106,11497
44b6_87bba6c4,11107,11474
44b6_87bba6c4,11109,11438
44b6_87bba6c4,11110,11453
44b6_87bba6c4,11112,11426
44b6_87bba6c4,11113,11409
44b6_87bba6c4,11114,11511
44b6_87bba6c4,11116,11452
44b6_87bba6c4,11117,11500
44b6_87bba6c4,11119,11495
44b6_87bba6c4,11122,11504
44b6_87bba6c4,11123,11483
44b6_87bba6c4,11125,11523
44b6_87bba6c4,11127,11434
44b6_87bba6c4,11128,11476
44b6_87bba6c4,11129,11455
44b6_87bba6c4,11131,11459
44b6_87bba6c4,11133,11387
44b6_87bba6c4,11135,11485
44b6_87bba6c4,11136,11486
44b6_87bba6c4,11137,11503
44b6_87bba6c4,11139,11451
44b6_87bba6c4,11143,11481
44b6_87bba6c4,11144,11442
44b6_87bba6c4,11146,11498
44b6_87bba6c4,11148,11537
44b6_87bba6c4,11149,11454
44b6_87bba6c4,11150,11538
44b6_87bba6c4,11153,11488
44b6_87bba6c4,11157,11493
44b6_87bba6c4,11160,11484
44b6_87bba6c4,11162,11527
44b6_87bba6c4,11163,11467
44b6_87bba6c4,11165,11532
44b6_87bba6c4,11166,11525
44b6_87bba6c4,11168,11416
44b6_87bba6c4,11170,11508
44b6_87bba6c4,11173,11518
44b6_87bba6c4,11176,11535
44b6_87bba6c4,11180,11533
44b6_87bba6c4,11183,11490
44b6_87bba6c4,11184,11531
44b6_87bba6c4,11192,11551
44b6_87bba6c4,11193,11550
44b6_87bba6c4,11194,11556
44b6_87bba6c4,11195,11569
44b6_87bba6c4,11196,11554
44b6_87bba6c4,11197,11570
44b6_87bba6c4,11198,11586
44b6_87bba6c4,11199,11549
44b6_87bba6c4,11200,11562
44b6_87bba6c4,11201,11548
44b6_87bba6c4,11202,11552
44b6_87bba6c4,11203,11585
44b6_87bba6c4,11204,11576
44b6_87bba6c4,11205,11561
44b6_87bba6c4,11206,11636
44b6_87bba6c4,11207,11565
44b6_87bba6c4,11208,11567
44b6_87bba6c4,11209,11557
44b6_87bba6c4,11210,11622
44b6_87bba6c4,11211,11581
44b6_87bba6c4,11213,11564
44b6_87bba6c4,11214,11575
44b6_87bba6c4,11215,11568
44b6_87bba6c4,11216,11572
44b6_87bba6c4,11217,11583
44b6_87bba6c4,11218,11587
44b6_87bba6c4,11219,11584
44b6_87bba6c4,11220,11649
44b6_87bba6c4,11221,11592
44b6_87bba6c4,11222,11559
44b6_87bba6c4,11223,11566
44b6_87bba6c4,11224,11752
44b6_87bba6c4,11225,11574
44b6_87bba6c4,11226,11679
44b6_87bba6c4,11227,11621
44b6_87bba6c4,11228,11563
44b6_87bba6c4,11229,11602
44b6_87bba6c4,11230,11609
44b6_87bba6c4,11231,11600
44b6_87bba6c4,11232,11595
44b6_87bba6c4,11233,11573
44b6_87bba6c4,11234,11606
44b6_87bba6c4,11235,11615
44b6_87bba6c4,11236,11597
44b6_87bba6c4,11237,11624
44b6_87bba6c4,11239,11596
44b6_87bba6c4,11240,11555
44b6_87bba6c4,11241,11588
44b6_87bba6c4,11242,11594
44b6_87bba6c4,11243,11579
44b6_87bba6c4,11244,11590
44b6_87bba6c4,11245,11571
44b6_87bba6c4,11246,11658
44b6_87bba6c4,11247,11593
44b6_87bba6c4,11248,11603
44b6_87bba6c4,11250,11650
44b6_87bba6c4,11251,11626
44b6_87bba6c4,11252,11614
44b6_87bba6c4,11253,11604
44b6_87bba6c4,11254,11634
44b6_87bba6c4,11255,11547
44b6_87bba6c4,11256,11638
44b6_87bba6c4,11258,11582
44b6_87bba6c4,11259,11607
44b6_87bba6c4,11260,11632
44b6_87bba6c4,11261,11619
44b6_87bba6c4,11262,11589
44b6_87bba6c4,11263,11821
44b6_87bba6c4,11264,11580
44b6_87bba6c4,11265,11671
44b6_87bba6c4,11266,11663
44b6_87bba6c4,11267,11631
44b6_87bba6c4,11268,11661
44b6_87bba6c4,11269,11630
44b6_87bba6c4,11270,11672
44b6_87bba6c4,11271,11558
44b6_87bba6c4,11272,11683
44b6_87bba6c4,11273,11618
44b6_87bba6c4,11274,11640
44b6_87bba6c4,11275,11647
44b6_87bba6c4,11276,11578
44b6_87bba6c4,11278,11651
44b6_87bba6c4,11279,11643
44b6_87bba6c4,11280,11676
44b6_87bba6c4,11281,11639
44b6_87bba6c4,11282,11674
44b6_87bba6c4,11283,11710
44b6_87bba6c4,11284,11799
44b6_87bba6c4,11285,11715
44b6_87bba6c4,11286,11668
44b6_87bba6c4,11287,11696
44b6_87bba6c4,11288,11612
44b6_87bba6c4,11289,11577
44b6_87bba6c4,11290,11613
44b6_87bba6c4,11291,11641
44b6_87bba6c4,11292,11690
44b6_87bba6c4,11293,11734
44b6_87bba6c4,11294,11738
44b6_87bba6c4,11295,11623
44b6_87bba6c4,11297,11675
44b6_87bba6c4,11298,11682
44b6_87bba6c4,11299,11608
44b6_87bba6c4,11300,11628
44b6_87bba6c4,11301,11793
44b6_87bba6c4,11302,11728
44b6_87bba6c4,11303,11598
44b6_87bba6c4,11304,11666
44b6_87bba6c4,11305,11677
44b6_87bba6c4,11306,11644
44b6_87bba6c4,11307,11664
44b6_87bba6c4,11308,11646
44b6_87bba6c4,11309,11706
44b6_87bba6c4,11311,11748
44b6_87bba6c4,11312,11665
44b6_87bba6c4,11313,11620
44b6_87bba6c4,11314,11881
44b6_87bba6c4,11315,11599
44b6_87bba6c4,11316,11692
44b6_87bba6c4,11318,11681
44b6_87bba6c4,11319,11686
44b6_87bba6c4,11320,11746
44b6_87bba6c4,11323,11813
44b6_87bba6c4,11324,11678
44b6_87bba6c4,11325,11645
44b6_87bba6c4,11326,11697
44b6_87bba6c4,11327,11763
44b6_87bba6c4,11328,11642
44b6_87bba6c4,11329,11735
44b6_87bba6c4,11330,11712
44b6_87bba6c4,11331,11610
44b6_87bba6c4,11332,11684
44b6_87bba6c4,11335,11629
44b6_87bba6c4,11336,11736
44b6_87bba6c4,11337,11616
44b6_87bba6c4,11338,11652
44b6_87bba6c4,11339,11698
44b6_87bba6c4,11340,11662
44b6_87bba6c4,11342,11772
44b6_87bba6c4,11343,11685
44b6_87bba6c4,11344,11688
44b6_87bba6c4,11345,11670
44b6_87bba6c4,11346,11591
44b6_87bba6c4,11348,11695
44b6_87bba6c4,11349,11667
44b6_87bba6c4,11350,11648
44b6_87bba6c4,11351,11770
44b6_87bba6c4,11352,11633
44b6_87bba6c4,11353,11601
44b6_87bba6c4,11354,11653
44b6_87bba6c4,11355,11718
44b6_87bba6c4,11356,11655
44b6_87bba6c4,11357,11719
44b6_87bba6c4,11358,11659
44b6_87bba6c4,11359,11703
44b6_87bba6c4,11360,11687
44b6_87bba6c4,11361,11702
44b6_87bba6c4,11362,11705
44b6_87bba6c4,11363,11730
44b6_87bba6c4,11364,11717
44b6_87bba6c4,11365,11753
44b6_87bba6c4,11366,11757
44b6_87bba6c4,11367,11669
44b6_87bba6c4,11368,11723
44b6_87bba6c4,11370,11886
44b6_87bba6c4,11371,11786
44b6_87bba6c4,11372,11699
44b6_87bba6c4,11373,11708
44b6_87bba6c4,11374,11758
44b6_87bba6c4,11375,11739
44b6_87bba6c4,11376,11657
44b6_87bba6c4,11377,11689
44b6_87bba6c4,11378,11807
44b6_87bba6c4,11379,11700
44b6_87bba6c4,11380,11732
44b6_87bba6c4,11381,11680
44b6_87bba6c4,11382,11805
44b6_87bba6c4,11384,11740
44b6_87bba6c4,11385,11701
44b6_87bba6c4,11386,11778
44b6_87bba6c4,11387,11731
44b6_87bba6c4,11388,11789
44b6_87bba6c4,11389,11724
44b6_87bba6c4,11390,11840
44b6_87bba6c4,11391,11771
44b6_87bba6c4,11392,11780
44b6_87bba6c4,11393,11721
44b6_87bba6c4,11394,11749
44b6_87bba6c4,11395,11773
44b6_87bba6c4,11396,11760
44b6_87bba6c4,11397,11709
44b6_87bba6c4,11398,11727
44b6_87bba6c4,11399,11714
44b6_87bba6c4,11400,11808
44b6_87bba6c4,11401,11782
44b6_87bba6c4,11404,11759
44b6_87bba6c4,11405,11733
44b6_87bba6c4,11406,11617
44b6_87bba6c4,11407,11716
44b6_87bba6c4,11408,11767
44b6_87bba6c4,11409,11804
44b6_87bba6c4,11410,11791
44b6_87bba6c4,11411,11751
44b6_87bba6c4,11412,11841
44b6_87bba6c4,11413,11654
44b6_87bba6c4,11414,11802
44b6_87bba6c4,11415,11788
44b6_87bba6c4,11416,11784
44b6_87bba6c4,11417,11776
44b6_87bba6c4,11419,11720
44b6_87bba6c4,11421,11792
44b6_87bba6c4,11422,11814
44b6_87bba6c4,11423,11768
44b6_87bba6c4,11425,11627
44b6_87bba6c4,11426,11737
44b6_87bba6c4,11427,11722
44b6_87bba6c4,11428,11745
44b6_87bba6c4,11429,11825
44b6_87bba6c4,11430,11762
44b6_87bba6c4,11431,11741
44b6_87bba6c4,11432,11774
44b6_87bba6c4,11433,11836
44b6_87bba6c4,11434,11820
44b6_87bba6c4,11436,11800
44b6_87bba6c4,11437,11755
44b6_87bba6c4,11438,11779
44b6_87bba6c4,11439,11713
44b6_87bba6c4,11440,11747
44b6_87bba6c4,11441,11729
44b6_87bba6c4,11443,11769
44b6_87bba6c4,11444,11822
44b6_87bba6c4,11445,11766
44b6_87bba6c4,11446,11812
44b6_87bba6c4,11447,11796
44b6_87bba6c4,11448,11826
44b6_87bba6c4,11449,11803
44b6_87bba6c4,11450,11853
44b6_87bba6c4,11451,11819
44b6_87bba6c4,11452,11832
44b6_87bba6c4,11453,11806
44b6_87bba6c4,11455,11852
44b6_87bba6c4,11456,11851
44b6_87bba6c4,11457,11839
44b6_87bba6c4,11458,11775
44b6_87bba6c4,11459,11809
44b6_87bba6c4,11460,11777
44b6_87bba6c4,11461,11823
44b6_87bba6c4,11462,11830
44b6_87bba6c4,11463,11750
44b6_87bba6c4,11464,11815
44b6_87bba6c4,11468,11797
44b6_87bba6c4,11469,11855
44b6_87bba6c4,11470,11795
44b6_87bba6c4,11471,11785
44b6_87bba6c4,11472,11834
44b6_87bba6c4,11473,11787
44b6_87bba6c4,11474,11691
44b6_87bba6c4,11475,11783
44b6_87bba6c4,11476,11817
44b6_87bba6c4,11477,11553
44b6_87bba6c4,11478,11693
44b6_87bba6c4,11479,11859
44b6_87bba6c4,11480,11818
44b6_87bba6c4,11481,11831
44b6_87bba6c4,11483,11844
44b6_87bba6c4,11484,11798
44b6_87bba6c4,11485,11857
44b6_87bba6c4,11486,11869
44b6_87bba6c4,11487,11850
44b6_87bba6c4,11489,11790
44b6_87bba6c4,11490,11882
44b6_87bba6c4,11493,11870
44b6_87bba6c4,11494,11838
44b6_87bba6c4,11495,11874
44b6_87bba6c4,11496,11865
44b6_87bba6c4,11499,11846
44b6_87bba6c4,11500,11860
44b6_87bba6c4,11501,11856
44b6_87bba6c4,11502,11866
44b6_87bba6c4,11505,11892
44b6_87bba6c4,11506,11854
44b6_87bba6c4,11507,11867
44b6_87bba6c4,11508,11824
44b6_87bba6c4,11509,11704
44b6_87bba6c4,11510,11878
44b6_87bba6c4,11514,11905
44b6_87bba6c4,11515,11801
44b6_87bba6c4,11517,11877
44b6_87bba6c4,11518,11884
44b6_87bba6c4,11520,11864
44b6_87bba6c4,11522,11871
44b6_87bba6c4,11525,11848
44b6_87bba6c4,11526,11833
44b6_87bba6c4,11527,11863
44b6_87bba6c4,11531,11880
44b6_87bba6c4,11532,11885
44b6_87bba6c4,11534,11847
44b6_87bba6c4,11535,11902
44b6_87bba6c4,11536,11897
44b6_87bba6c4,11544,11861
44b6_87bba6c4,11548,11933
44b6_87bba6c4,11549,11927
44b6_87bba6c4,11550,11914
44b6_87bba6c4,11551,11911
44b6_87bba6c4,11552,11907
44b6_87bba6c4,11553,11935
44b6_87bba6c4,11554,11909
44b6_87bba6c4,11555,11964
44b6_87bba6c4,11556,11922
44b6_87bba6c4,11557,11929
44b6_87bba6c4,11558,11979
44b6_87bba6c4,11559,11913
44b6_87bba6c4,11560,11908
44b6_87bba6c4,11562,11910
44b6_87bba6c4,11563,12010
44b6_87bba6c4,11564,11952
44b6_87bba6c4,11565,11920
44b6_87bba6c4,11566,11923
44b6_87bba6c4,11567,11928
44b6_87bba6c4,11568,11926
44b6_87bba6c4,11569,11930
44b6_87bba6c4,11570,11931
44b6_87bba6c4,11571,12058
44b6_87bba6c4,11572,11936
44b6_87bba6c4,11573,11921
44b6_87bba6c4,11574,11916
44b6_87bba6c4,11575,11975
44b6_87bba6c4,11576,11969
44b6_87bba6c4,11577,11912
44b6_87bba6c4,11578,11937
44b6_87bba6c4,11579,11974
44b6_87bba6c4,11580,11954
44b6_87bba6c4,11581,11943
44b6_87bba6c4,11582,11951
44b6_87bba6c4,11583,11987
44b6_87bba6c4,11584,11938
44b6_87bba6c4,11585,11950
44b6_87bba6c4,11586,11925
44b6_87bba6c4,11587,11945
44b6_87bba6c4,11588,11940
44b6_87bba6c4,11589,11973
44b6_87bba6c4,11590,11962
44b6_87bba6c4,11591,11915
44b6_87bba6c4,11592,11958
44b6_87bba6c4,11593,11966
44b6_87bba6c4,11594,11976
44b6_87bba6c4,11595,11939
44b6_87bba6c4,11596,11960
44b6_87bba6c4,11597,12000
44b6_87bba6c4,11598,11972
44b6_87bba6c4,11600,11968
44b6_87bba6c4,11601,11942
44b6_87bba6c4,11602,11934
44b6_87bba6c4,11603,11994
44b6_87bba6c4,11604,11957
44b6_87bba6c4,11605,11967
44b6_87bba6c4,11606,11963
44b6_87bba6c4,11607,11924
44b6_87bba6c4,11608,12006
44b6_87bba6c4,11609,11947
44b6_87bba6c4,11610,12043
44b6_87bba6c4,11611,11970
44b6_87bba6c4,11612,12008
44b6_87bba6c4,11613,11941
44b6_87bba6c4,11614,12001
44b6_87bba6c4,11615,12002
44b6_87bba6c4,11616,12060
44b6_87bba6c4,11617,11918
44b6_87bba6c4,11618,11985
44b6_87bba6c4,11619,12035
44b6_87bba6c4,11620,12003
44b6_87bba6c4,11621,11944
44b6_87bba6c4,11622,12029
44b6_87bba6c4,11623,11955
44b6_87bba6c4,11624,11992
44b6_87bba6c4,11625,11993
44b6_87bba6c4,11626,12059
44b6_87bba6c4,11627,12022
44b6_87bba6c4,11628,12038
44b6_87bba6c4,11629,12055
44b6_87bba6c4,11630,11959
44b6_87bba6c4,11631,12056
44b6_87bba6c4,11633,12119
44b6_87bba6c4,11634,12018
44b6_87bba6c4,11635,12133
44b6_87bba6c4,11636,11998
44b6_87bba6c4,11639,12049
44b6_87bba6c4,11640,12068
44b6_87bba6c4,11641,12092
44b6_87bba6c4,11642,11989
44b6_87bba6c4,11645,11971
44b6_87bba6c4,11646,12100
44b6_87bba6c4,11647,12064
44b6_87bba6c4,11648,12048
44b6_87bba6c4,11649,12009
44b6_87bba6c4,11650,11982
44b6_87bba6c4,11651,11978
44b6_87bba6c4,11652,12020
44b6_87bba6c4,11653,12102
44b6_87bba6c4,11654,11946
44b6_87bba6c4,11655,12037
44b6_87bba6c4,11656,12023
44b6_87bba6c4,11657,12034
44b6_87bba6c4,11658,11995
44b6_87bba6c4,11659,12041
44b6_87bba6c4,11661,12118
44b6_87bba6c4,11662,12070
44b6_87bba6c4,11663,12024
44b6_87bba6c4,11664,12019
44b6_87bba6c4,11666,11999
44b6_87bba6c4,11667,12026
44b6_87bba6c4,11668,11984
44b6_87bba6c4,11669,12047
44b6_87bba6c4,11671,12017
44b6_87bba6c4,11672,12036
44b6_87bba6c4,11673,12032
44b6_87bba6c4,11674,11996
44b6_87bba6c4,11675,12126
44b6_87bba6c4,11676,12033
44b6_87bba6c4,11677,12087
44b6_87bba6c4,11678,12069
44b6_87bba6c4,11679,12081
44b6_87bba6c4,11680,12044
44b6_87bba6c4,11682,12082
44b6_87bba6c4,11683,12065
44b6_87bba6c4,11684,12112
44b6_87bba6c4,11685,11949
44b6_87bba6c4,11686,12004
44b6_87bba6c4,11688,12031
44b6_87bba6c4,11689,12085
44b6_87bba6c4,11690,12025
44b6_87bba6c4,11691,12062
44b6_87bba6c4,11692,12012
44b6_87bba6c4,11693,12067
44b6_87bba6c4,11694,11948
44b6_87bba6c4,11695,12089
44b6_87bba6c4,11696,12042
44b6_87bba6c4,11698,12040
44b6_87bba6c4,11699,12052
44b6_87bba6c4,11700,12095
44b6_87bba6c4,11701,11997
44b6_87bba6c4,11702,12158
44b6_87bba6c4,11703,11980
44b6_87bba6c4,11704,12137
44b6_87bba6c4,11705,12079
44b6_87bba6c4,11706,12099
44b6_87bba6c4,11708,12050
44b6_87bba6c4,11709,12013
44b6_87bba6c4,11710,12007
44b6_87bba6c4,11712,11977
44b6_87bba6c4,11713,12074
44b6_87bba6c4,11714,11990
44b6_87bba6c4,11715,12015
44b6_87bba6c4,11716,11953
44b6_87bba6c4,11717,12014
44b6_87bba6c4,11718,12122
44b6_87bba6c4,11719,12054
44b6_87bba6c4,11720,12097
44b6_87bba6c4,11721,12028
44b6_87bba6c4,11723,12075
44b6_87bba6c4,11725,12113
44b6_87bba6c4,11726,12123
44b6_87bba6c4,11727,12139
44b6_87bba6c4,11729,12155
44b6_87bba6c4,11730,12104
44b6_87bba6c4,11731,12027
44b6_87bba6c4,11734,12151
44b6_87bba6c4,11735,12076
44b6_87bba6c4,11736,12157
44b6_87bba6c4,11737,12178
44b6_87bba6c4,11738,12191
44b6_87bba6c4,11739,12080
44b6_87bba6c4,11740,12103
44b6_87bba6c4,11741,12172
44b6_87bba6c4,11743,12053
44b6_87bba6c4,11744,11965
44b6_87bba6c4,11745,12144
44b6_87bba6c4,11746,12202
44b6_87bba6c4,11747,12162
44b6_87bba6c4,11748,12078
44b6_87bba6c4,11749,12135
44b6_87bba6c4,11750,12094
44b6_87bba6c4,11751,12111
44b6_87bba6c4,11755,12120
44b6_87bba6c4,11758,12164
44b6_87bba6c4,11759,12117
44b6_87bba6c4,11760,12108
44b6_87bba6c4,11761,12101
44b6_87bba6c4,11762,12030
44b6_87bba6c4,11764,12093
44b6_87bba6c4,11766,12182
44b6_87bba6c4,11767,12121
44b6_87bba6c4,11768,12138
44b6_87bba6c4,11769,12198
44b6_87bba6c4,11770,12109
44b6_87bba6c4,11771,12116
44b6_87bba6c4,11772,12167
44b6_87bba6c4,11773,12132
44b6_87bba6c4,11774,12183
44b6_87bba6c4,11776,12145
44b6_87bba6c4,11777,12125
44b6_87bba6c4,11778,12169
44b6_87bba6c4,11779,12146
44b6_87bba6c4,11780,12124
44b6_87bba6c4,11781,12149
44b6_87bba6c4,11782,12148
44b6_87bba6c4,11784,12193
44b6_87bba6c4,11787,12136
44b6_87bba6c4,11788,11988
44b6_87bba6c4,11789,12083
44b6_87bba6c4,11790,12115
44b6_87bba6c4,11791,12127
44b6_87bba6c4,11792,12073
44b6_87bba6c4,11793,12091
44b6_87bba6c4,11794,12130
44b6_87bba6c4,11797,12175
44b6_87bba6c4,11798,12105
44b6_87bba6c4,11800,12194
44b6_87bba6c4,11801,12110
44b6_87bba6c4,11802,12170
44b6_87bba6c4,11803,12196
44b6_87bba6c4,11804,12084
44b6_87bba6c4,11805,12159
44b6_87bba6c4,11806,12226
44b6_87bba6c4,11807,12233
44b6_87bba6c4,11808,12154
44b6_87bba6c4,11809,12174
44b6_87bba6c4,11812,12223
44b6_87bba6c4,11813,12210
44b6_87bba6c4,11816,12213
44b6_87bba6c4,11817,12166
44b6_87bba6c4,11818,12184
44b6_87bba6c4,11820,12181
44b6_87bba6c4,11821,12077
44b6_87bba6c4,11823,12150
44b6_87bba6c4,11824,12142
44b6_87bba6c4,11826,12177
44b6_87bba6c4,11827,12261
44b6_87bba6c4,11828,12173
44b6_87bba6c4,11829,12217
44b6_87bba6c4,11830,12245
44b6_87bba6c4,11832,12235
44b6_87bba6c4,11834,12229
44b6_87bba6c4,11836,12190
44b6_87bba6c4,11838,12208
44b6_87bba6c4,11840,12165
44b6_87bba6c4,11841,12134
44b6_87bba6c4,11842,12199
44b6_87bba6c4,11844,12143
44b6_87bba6c4,11845,12231
44b6_87bba6c4,11846,12179
44b6_87bba6c4,11847,12246
44b6_87bba6c4,11848,12266
44b6_87bba6c4,11849,12171
44b6_87bba6c4,11852,12227
44b6_87bba6c4,11853,12207
44b6_87bba6c4,11854,12236
44b6_87bba6c4,11857,12268
44b6_87bba6c4,11860,12203
44b6_87bba6c4,11861,12180
44b6_87bba6c4,11862,12086
44b6_87bba6c4,11864,12224
44b6_87bba6c4,11865,12218
44b6_87bba6c4,11867,12187
44b6_87bba6c4,11869,12241
44b6_87bba6c4,11870,12248
44b6_87bba6c4,11874,12205
44b6_87bba6c4,11875,12212
44b6_87bba6c4,11876,12273
44b6_87bba6c4,11877,12220
44b6_87bba6c4,11878,12272
44b6_87bba6c4,11879,12072
44b6_87bba6c4,11880,12201
44b6_87bba6c4,11881,12156
44b6_87bba6c4,11884,12211
44b6_87bba6c4,11885,12258
44b6_87bba6c4,11886,12197
44b6_87bba6c4,11889,12271
44b6_87bba6c4,11890,12200
44b6_87bba6c4,11892,12230
44b6_87bba6c4,11893,12215
44b6_87bba6c4,11897,12252
44b6_87bba6c4,11899,12275
44b6_87bba6c4,11906,12277
44b6_87bba6c4,11907,12278
44b6_87bba6c4,11908,12281
44b6_87bba6c4,11909,12279
44b6_87bba6c4,11910,12282
44b6_87bba6c4,11911,12318
44b6_87bba6c4,11912,12299
44b6_87bba6c4,11913,12297
44b6_87bba6c4,11914,12291
44b6_87bba6c4,11915,12286
44b6_87bba6c4,11916,12301
44b6_87bba6c4,11917,12285
44b6_87bba6c4,11918,12292
44b6_87bba6c4,11919,12280
44b6_87bba6c4,11920,12293
44b6_87bba6c4,11921,12290
44b6_87bba6c4,11922,12397
44b6_87bba6c4,11923,12289
44b6_87bba6c4,11924,12284
44b6_87bba6c4,11925,12358
44b6_87bba6c4,11926,12294
44b6_87bba6c4,11927,12300
44b6_87bba6c4,11928,12329
44b6_87bba6c4,11929,12306
44b6_87bba6c4,11930,12349
44b6_87bba6c4,11931,12361
44b6_87bba6c4,11933,12368
44b6_87bba6c4,11934,12327
44b6_87bba6c4,11935,12305
44b6_87bba6c4,11936,12351
44b6_87bba6c4,11937,12315
44b6_87bba6c4,11938,12298
44b6_87bba6c4,11939,12309
44b6_87bba6c4,11940,12348
44b6_87bba6c4,11941,12366
44b6_87bba6c4,11942,12314
44b6_87bba6c4,11943,12387
44b6_87bba6c4,11944,12307
44b6_87bba6c4,11945,12325
44b6_87bba6c4,11946,12310
44b6_87bba6c4,11947,12417
44b6_87bba6c4,11948,12296
44b6_87bba6c4,11949,12373
44b6_87bba6c4,11950,12288
44b6_87bba6c4,11951,12332
44b6_87bba6c4,11952,12389
44b6_87bba6c4,11953,12304
44b6_87bba6c4,11954,12312
44b6_87bba6c4,11956,12334
44b6_87bba6c4,11957,12347
44b6_87bba6c4,11958,12331
44b6_87bba6c4,11959,12295
44b6_87bba6c4,11960,12326
44b6_87bba6c4,11961,12303
44b6_87bba6c4,11962,12336
44b6_87bba6c4,11963,12328
44b6_87bba6c4,11964,12352
44b6_87bba6c4,11965,12339
44b6_87bba6c4,11966,12333
44b6_87bba6c4,11967,12316
44b6_87bba6c4,11968,12320
44b6_87bba6c4,11969,12376
44b6_87bba6c4,11970,12354
44b6_87bba6c4,11971,12381
44b6_87bba6c4,11972,12401
44b6_87bba6c4,11973,12357
44b6_87bba6c4,11974,12375
44b6_87bba6c4,11975,12363
44b6_87bba6c4,11976,12342
44b6_87bba6c4,11977,12341
44b6_87bba6c4,11978,12311
44b6_87bba6c4,11979,12308
44b6_87bba6c4,11980,12395
44b6_87bba6c4,11981,12382
44b6_87bba6c4,11982,12322
44b6_87bba6c4,11983,12323
44b6_87bba6c4,11985,12353
44b6_87bba6c4,11986,12337
44b6_87bba6c4,11987,12324
44b6_87bba6c4,11988,12283
44b6_87bba6c4,11989,12453
44b6_87bba6c4,11990,12359
44b6_87bba6c4,11991,12390
44b6_87bba6c4,11992,12383
44b6_87bba6c4,11993,12343
44b6_87bba6c4,11994,12420
44b6_87bba6c4,11995,12371
44b6_87bba6c4,11997,12409
44b6_87bba6c4,11998,12302
44b6_87bba6c4,11999,12386
44b6_87bba6c4,12000,12340
44b6_87bba6c4,12001,12477
44b6_87bba6c4,12002,12445
44b6_87bba6c4,12003,12418
44b6_87bba6c4,12004,12384
44b6_87bba6c4,12005,12370
44b6_87bba6c4,12006,12374
44b6_87bba6c4,12007,12360
44b6_87bba6c4,12008,12367
44b6_87bba6c4,12009,12287
44b6_87bba6c4,12010,12344
44b6_87bba6c4,12011,12425
44b6_87bba6c4,12012,12338
44b6_87bba6c4,12013,12444
44b6_87bba6c4,12014,12457
44b6_87bba6c4,12015,12345
44b6_87bba6c4,12016,12398
44b6_87bba6c4,12017,12380
44b6_87bba6c4,12018,12402
44b6_87bba6c4,12020,12346
44b6_87bba6c4,12021,12379
44b6_87bba6c4,12022,12530
44b6_87bba6c4,12023,12356
44b6_87bba6c4,12025,12438
44b6_87bba6c4,12026,12413
44b6_87bba6c4,12027,12408
44b6_87bba6c4,12028,12321
44b6_87bba6c4,12029,12400
44b6_87bba6c4,12030,12403
44b6_87bba6c4,12031,12428
44b6_87bba6c4,12032,12470
44b6_87bba6c4,12033,12407
44b6_87bba6c4,12034,12488
44b6_87bba6c4,12035,12396
44b6_87bba6c4,12036,12497
44b6_87bba6c4,12037,12378
44b6_87bba6c4,12038,12317
44b6_87bba6c4,12040,12416
44b6_87bba6c4,12041,12466
44b6_87bba6c4,12042,12385
44b6_87bba6c4,12043,12362
44b6_87bba6c4,12044,12423
44b6_87bba6c4,12045,12394
44b6_87bba6c4,12046,12335
44b6_87bba6c4,12047,12393
44b6_87bba6c4,12048,12377
44b6_87bba6c4,12049,12429
44b6_87bba6c4,12051,12414
44b6_87bba6c4,12052,12435
44b6_87bba6c4,12054,12415
44b6_87bba6c4,12055,12399
44b6_87bba6c4,12058,12549
44b6_87bba6c4,12059,12313
44b6_87bba6c4,12060,12426
44b6_87bba6c4,12061,12421
44b6_87bba6c4,12062,12412
44b6_87bba6c4,12065,12455
44b6_87bba6c4,12067,12411
44b6_87bba6c4,12068,12433
44b6_87bba6c4,12069,12474
44b6_87bba6c4,12070,12538
44b6_87bba6c4,12071,12350
44b6_87bba6c4,12072,12364
44b6_87bba6c4,12073,12434
44b6_87bba6c4,12074,12450
44b6_87bba6c4,12075,12405
44b6_87bba6c4,12076,12406
44b6_87bba6c4,12079,12404
44b6_87bba6c4,12080,12451
44b6_87bba6c4,12081,12454
44b6_87bba6c4,12082,12424
44b6_87bba6c4,12083,12441
44b6_87bba6c4,12085,12430
44b6_87bba6c4,12086,12365
44b6_87bba6c4,12087,12561
44b6_87bba6c4,12090,12493
44b6_87bba6c4,12091,12465
44b6_87bba6c4,12094,12443
44b6_87bba6c4,12095,12437
44b6_87bba6c4,12096,12526
44b6_87bba6c4,12098,12330
44b6_87bba6c4,12099,12467
44b6_87bba6c4,12100,12484
44b6_87bba6c4,12101,12496
44b6_87bba6c4,12102,12419
44b6_87bba6c4,12103,12531
44b6_87bba6c4,12104,12442
44b6_87bba6c4,12105,12539
44b6_87bba6c4,12106,12511
44b6_87bba6c4,12109,12473
44b6_87bba6c4,12110,12439
44b6_87bba6c4,12111,12510
44b6_87bba6c4,12112,12461
44b6_87bba6c4,12113,12522
44b6_87bba6c4,12114,12550
44b6_87bba6c4,12115,12483
44b6_87bba6c4,12116,12552
44b6_87bba6c4,12117,12449
44b6_87bba6c4,12118,12475
44b6_87bba6c4,12119,12446
44b6_87bba6c4,12120,12519
44b6_87bba6c4,12121,12492
44b6_87bba6c4,12122,12388
44b6_87bba6c4,12125,12431
44b6_87bba6c4,12126,12569
44b6_87bba6c4,12127,12479
44b6_87bba6c4,12129,12485
44b6_87bba6c4,12130,12501
44b6_87bba6c4,12132,12516
44b6_87bba6c4,12133,12478
44b6_87bba6c4,12134,12464
44b6_87bba6c4,12135,12468
44b6_87bba6c4,12136,12500
44b6_87bba6c4,12137,12547
44b6_87bba6c4,12138,12459
44b6_87bba6c4,12139,12486
44b6_87bba6c4,12140,12606
44b6_87bba6c4,12141,12527
44b6_87bba6c4,12142,12512
44b6_87bba6c4,12143,12458
44b6_87bba6c4,12144,12490
44b6_87bba6c4,12145,12545
44b6_87bba6c4,12146,12593
44b6_87bba6c4,12147,12427
44b6_87bba6c4,12148,12469
44b6_87bba6c4,12149,12392
44b6_87bba6c4,12150,12471
44b6_87bba6c4,12152,12514
44b6_87bba6c4,12153,12540
44b6_87bba6c4,12154,12448
44b6_87bba6c4,12155,12452
44b6_87bba6c4,12156,12482
44b6_87bba6c4,12157,12560
44b6_87bba6c4,12158,12494
44b6_87bba6c4,12159,12591
44b6_87bba6c4,12160,12436
44b6_87bba6c4,12161,12498
44b6_87bba6c4,12162,12476
44b6_87bba6c4,12163,12507
44b6_87bba6c4,12164,12546
44b6_87bba6c4,12165,12499
44b6_87bba6c4,12166,12562
44b6_87bba6c4,12167,12504
44b6_87bba6c4,12168,12462
44b6_87bba6c4,12169,12598
44b6_87bba6c4,12170,12463
44b6_87bba6c4,12171,12489
44b6_87bba6c4,12172,12542
44b6_87bba6c4,12173,12534
44b6_87bba6c4,12176,12564
44b6_87bba6c4,12177,12570
44b6_87bba6c4,12180,12592
44b6_87bba6c4,12182,12515
44b6_87bba6c4,12183,12509
44b6_87bba6c4,12184,12572
44b6_87bba6c4,12185,12502
44b6_87bba6c4,12186,12506
44b6_87bba6c4,12187,12495
44b6_87bba6c4,12188,12525
44b6_87bba6c4,12189,12559
44b6_87bba6c4,12190,12533
44b6_87bba6c4,12191,12460
44b6_87bba6c4,12192,12544
44b6_87bba6c4,12193,12612
44b6_87bba6c4,12194,12587
44b6_87bba6c4,12195,12487
44b6_87bba6c4,12196,12580
44b6_87bba6c4,12199,12558
44b6_87bba6c4,12200,12543
44b6_87bba6c4,12201,12571
44b6_87bba6c4,12202,12566
44b6_87bba6c4,12205,12523
44b6_87bba6c4,12207,12589
44b6_87bba6c4,12208,12604
44b6_87bba6c4,12209,12575
44b6_87bba6c4,12212,12568
44b6_87bba6c4,12213,12603
44b6_87bba6c4,12215,12532
44b6_87bba6c4,12216,12605
44b6_87bba6c4,12218,12556
44b6_87bba6c4,12219,12581
44b6_87bba6c4,12220,12610
44b6_87bba6c4,12221,12520
44b6_87bba6c4,12226,12565
44b6_87bba6c4,12227,12573
44b6_87bba6c4,12229,12551
44b6_87bba6c4,12230,12601
44b6_87bba6c4,12232,12491
44b6_87bba6c4,12233,12576
44b6_87bba6c4,12241,12541
44b6_87bba6c4,12242,12621
44b6_87bba6c4,12245,12517
44b6_87bba6c4,12246,12599
44b6_87bba6c4,12251,12537
44b6_87bba6c4,12254,12608
44b6_87bba6c4,12258,12617
44b6_87bba6c4,12263,12583
44b6_87bba6c4,12266,12620
44b6_87bba6c4,12273,12555
44b6_87bba6c4,12276,12586
44b6_87bba6c4,12277,12624
44b6_87bba6c4,12278,12628
44b6_87bba6c4,12280,12625
44b6_87bba6c4,12281,12629
44b6_87bba6c4,12282,12634
44b6_87bba6c4,12283,12632
44b6_87bba6c4,12284,12626
44b6_87bba6c4,12285,12643
44b6_87bba6c4,12286,12721
44b6_87bba6c4,12287,12680
44b6_87bba6c4,12288,12704
44b6_87bba6c4,12289,12650
44b6_87bba6c4,12290,12720
44b6_87bba6c4,12291,12633
44b6_87bba6c4,12292,12718
44b6_87bba6c4,12293,12646
44b6_87bba6c4,12294,12648
44b6_87bba6c4,12295,12772
44b6_87bba6c4,12296,12636
44b6_87bba6c4,12297,12641
44b6_87bba6c4,12298,12653
44b6_87bba6c4,12299,12647
44b6_87bba6c4,12300,12737
44b6_87bba6c4,12301,12652
44b6_87bba6c4,12302,12655
44b6_87bba6c4,12303,12657
44b6_87bba6c4,12304,12701
44b6_87bba6c4,12305,12638
44b6_87bba6c4,12307,12661
44b6_87bba6c4,12308,12681
44b6_87bba6c4,12309,12686
44b6_87bba6c4,12310,12735
44b6_87bba6c4,12311,12635
44b6_87bba6c4,12312,12663
44b6_87bba6c4,12313,12656
44b6_87bba6c4,12314,12664
44b6_87bba6c4,12315,12640
44b6_87bba6c4,12316,12674
44b6_87bba6c4,12317,12679
44b6_87bba6c4,12318,12630
44b6_87bba6c4,12319,12763
44b6_87bba6c4,12320,12670
44b6_87bba6c4,12321,12786
44b6_87bba6c4,12322,12687
44b6_87bba6c4,12323,12784
44b6_87bba6c4,12324,12649
44b6_87bba6c4,12325,12672
44b6_87bba6c4,12326,12700
44b6_87bba6c4,12327,12642
44b6_87bba6c4,12328,12658
44b6_87bba6c4,12329,12689
44b6_87bba6c4,12330,12768
44b6_87bba6c4,12331,12668
44b6_87bba6c4,12332,12665
44b6_87bba6c4,12334,12709
44b6_87bba6c4,12336,12703
44b6_87bba6c4,12339,12660
44b6_87bba6c4,12340,12644
44b6_87bba6c4,12341,12731
44b6_87bba6c4,12342,12639
44b6_87bba6c4,12343,12716
44b6_87bba6c4,12344,12699
44b6_87bba6c4,12345,12677
44b6_87bba6c4,12346,12691
44b6_87bba6c4,12347,12713
44b6_87bba6c4,12348,12771
44b6_87bba6c4,12351,12645
44b6_87bba6c4,12352,12654
44b6_87bba6c4,12353,12692
44b6_87bba6c4,12354,12683
44b6_87bba6c4,12355,12695
44b6_87bba6c4,12356,12728
44b6_87bba6c4,12358,12712
44b6_87bba6c4,12359,12759
44b6_87bba6c4,12360,12697
44b6_87bba6c4,12361,12671
44b6_87bba6c4,12362,12708
44b6_87bba6c4,12364,12651
44b6_87bba6c4,12365,12710
44b6_87bba6c4,12366,12696
44b6_87bba6c4,12367,12659
44b6_87bba6c4,12368,12666
44b6_87bba6c4,12369,12795
44b6_87bba6c4,12370,12684
44b6_87bba6c4,12371,12752
44b6_87bba6c4,12373,12792
44b6_87bba6c4,12374,12725
44b6_87bba6c4,12375,12676
44b6_87bba6c4,12376,12719
44b6_87bba6c4,12377,12770
44b6_87bba6c4,12378,12727
44b6_87bba6c4,12379,12673
44b6_87bba6c4,12380,12726
44b6_87bba6c4,12381,12744
44b6_87bba6c4,12382,12685
44b6_87bba6c4,12383,12794
44b6_87bba6c4,12384,12688
44b6_87bba6c4,12385,12722
44b6_87bba6c4,12386,12693
44b6_87bba6c4,12387,12724
44b6_87bba6c4,12388,12736
44b6_87bba6c4,12389,12774
44b6_87bba6c4,12390,12723
44b6_87bba6c4,12391,12758
44b6_87bba6c4,12392,12678
44b6_87bba6c4,12393,12707
44b6_87bba6c4,12394,12749
44b6_87bba6c4,12395,12767
44b6_87bba6c4,12397,12756
44b6_87bba6c4,12398,12637
44b6_87bba6c4,12399,12822
44b6_87bba6c4,12400,12729
44b6_87bba6c4,12401,12769
44b6_87bba6c4,12402,12698
44b6_87bba6c4,12403,12797
44b6_87bba6c4,12404,12761
44b6_87bba6c4,12406,12852
44b6_87bba6c4,12407,12765
44b6_87bba6c4,12408,12746
44b6_87bba6c4,12409,12793
44b6_87bba6c4,12411,12754
44b6_87bba6c4,12413,12740
44b6_87bba6c4,12414,12747
44b6_87bba6c4,12415,12809
44b6_87bba6c4,12416,12865
44b6_87bba6c4,12417,12675
44b6_87bba6c4,12418,12730
44b6_87bba6c4,12419,12694
44b6_87bba6c4,12420,12798
44b6_87bba6c4,12421,12733
44b6_87bba6c4,12422,12751
44b6_87bba6c4,12423,12745
44b6_87bba6c4,12424,12782
44b6_87bba6c4,12425,12779
44b6_87bba6c4,12427,12789
44b6_87bba6c4,12428,12717
44b6_87bba6c4,12429,12706
44b6_87bba6c4,12430,12762
44b6_87bba6c4,12432,12799
44b6_87bba6c4,12433,12741
44b6_87bba6c4,12434,12893
44b6_87bba6c4,12435,12849
44b6_87bba6c4,12436,12816
44b6_87bba6c4,12437,12777
44b6_87bba6c4,12438,12806
44b6_87bba6c4,12439,12790
44b6_87bba6c4,12440,12800
44b6_87bba6c4,12442,12864
44b6_87bba6c4,12443,12851
44b6_87bba6c4,12445,12764
44b6_87bba6c4,12446,12868
44b6_87bba6c4,12448,12899
44b6_87bba6c4,12449,12787
44b6_87bba6c4,12450,12823
44b6_87bba6c4,12451,12813
44b6_87bba6c4,12452,12858
44b6_87bba6c4,12453,12877
44b6_87bba6c4,12455,12820
44b6_87bba6c4,12457,12796
44b6_87bba6c4,12458,12884
44b6_87bba6c4,12459,12915
44b6_87bba6c4,12460,12750
44b6_87bba6c4,12461,12802
44b6_87bba6c4,12462,12927
44b6_87bba6c4,12463,12785
44b6_87bba6c4,12464,12788
44b6_87bba6c4,12465,12810
44b6_87bba6c4,12466,12863
44b6_87bba6c4,12467,12812
44b6_87bba6c4,12468,12808
44b6_87bba6c4,12469,12890
44b6_87bba6c4,12470,12804
44b6_87bba6c4,12471,12830
44b6_87bba6c4,12472,12934
44b6_87bba6c4,12473,12827
44b6_87bba6c4,12474,12819
44b6_87bba6c4,12475,12845
44b6_87bba6c4,12476,12803
44b6_87bba6c4,12477,12873
44b6_87bba6c4,12479,12831
44b6_87bba6c4,12480,12776
44b6_87bba6c4,12481,12775
44b6_87bba6c4,12482,12781
44b6_87bba6c4,12483,12732
44b6_87bba6c4,12484,12766
44b6_87bba6c4,12485,12821
44b6_87bba6c4,12486,12855
44b6_87bba6c4,12487,12861
44b6_87bba6c4,12488,12869
44b6_87bba6c4,12489,12815
44b6_87bba6c4,12490,12839
44b6_87bba6c4,12491,12892
44b6_87bba6c4,12492,12881
44b6_87bba6c4,12494,12859
44b6_87bba6c4,12496,12846
44b6_87bba6c4,12497,12838
44b6_87bba6c4,12498,12871
44b6_87bba6c4,12499,12836
44b6_87bba6c4,12500,12874
44b6_87bba6c4,12501,12862
44b6_87bba6c4,12502,12909
44b6_87bba6c4,12503,12801
44b6_87bba6c4,12504,12843
44b6_87bba6c4,12505,12743
44b6_87bba6c4,12509,12702
44b6_87bba6c4,12510,12891
44b6_87bba6c4,12511,12885
44b6_87bba6c4,12512,12900
44b6_87bba6c4,12514,12814
44b6_87bba6c4,12515,12930
44b6_87bba6c4,12516,12854
44b6_87bba6c4,12517,12817
44b6_87bba6c4,12518,12807
44b6_87bba6c4,12519,12866
44b6_87bba6c4,12520,12826
44b6_87bba6c4,12523,12883
44b6_87bba6c4,12524,12778
44b6_87bba6c4,12525,12898
44b6_87bba6c4,12526,12904
44b6_87bba6c4,12527,12848
44b6_87bba6c4,12528,12853
44b6_87bba6c4,12529,12897
44b6_87bba6c4,12530,12889
44b6_87bba6c4,12532,12886
44b6_87bba6c4,12533,12911
44b6_87bba6c4,12534,12902
44b6_87bba6c4,12535,12912
44b6_87bba6c4,12536,12842
44b6_87bba6c4,12540,12916
44b6_87bba6c4,12541,12901
44b6_87bba6c4,12542,12896
44b6_87bba6c4,12543,12935
44b6_87bba6c4,12544,12876
44b6_87bba6c4,12545,12870
44b6_87bba6c4,12546,12972
44b6_87bba6c4,12550,12906
44b6_87bba6c4,12551,12888
44b6_87bba6c4,12553,12914
44b6_87bba6c4,12555,12835
44b6_87bba6c4,12558,12925
44b6_87bba6c4,12560,12949
44b6_87bba6c4,12561,12903
44b6_87bba6c4,12562,12924
44b6_87bba6c4,12563,12908
44b6_87bba6c4,12564,12922
44b6_87bba6c4,12565,12919
44b6_87bba6c4,12567,12887
44b6_87bba6c4,12569,12931
44b6_87bba6c4,12570,12837
44b6_87bba6c4,12572,12936
44b6_87bba6c4,12574,12964
44b6_87bba6c4,12575,12844
44b6_87bba6c4,12576,12942
44b6_87bba6c4,12578,12960
44b6_87bba6c4,12580,12948
44b6_87bba6c4,12581,12920
44b6_87bba6c4,12583,12905
44b6_87bba6c4,12585,12880
44b6_87bba6c4,12586,12943
44b6_87bba6c4,12587,12932
44b6_87bba6c4,12588,12951
44b6_87bba6c4,12589,12978
44b6_87bba6c4,12591,12944
44b6_87bba6c4,12592,12939
44b6_87bba6c4,12593,12926
44b6_87bba6c4,12596,12910
44b6_87bba6c4,12597,12955
44b6_87bba6c4,12599,12969
44b6_87bba6c4,12601,12954
44b6_87bba6c4,12603,12967
44b6_87bba6c4,12604,12968
44b6_87bba6c4,12611,12963
44b6_87bba6c4,12617,12937
44b6_87bba6c4,12618,12907
44b6_87bba6c4,12621,12973
44b6_87bba6c4,12623,12970
44b6_87bba6c4,12626,13002
44b6_87bba6c4,12627,12989
44b6_87bba6c4,12628,13137
44b6_87bba6c4,12629,13205
44b6_87bba6c4,12631,13014
44b6_87bba6c4,12634,13057
44b6_87bba6c4,12637,13035
44b6_87bba6c4,12638,13162
44b6_87bba6c4,12640,13246
44b6_87bba6c4,12641,12993
44b6_87bba6c4,12642,13101
44b6_87bba6c4,12644,13294
44b6_87bba6c4,12647,13045
44b6_87bba6c4,12653,13061
44b6_87bba6c4,12656,12991
44b6_87bba6c4,12658,13060
44b6_87bba6c4,12660,13124
44b6_87bba6c4,12662,13174
44b6_87bba6c4,12667,13023
44b6_87bba6c4,12673,13021
44b6_87bba6c4,12674,13042
44b6_87bba6c4,12675,13143
44b6_87bba6c4,12681,13132
44b6_87bba6c4,12684,13012
44b6_87bba6c4,12685,13015
44b6_87bba6c4,12688,13087
44b6_87bba6c4,12689,13341
44b6_87bba6c4,12690,13063
44b6_87bba6c4,12691,12995
44b6_87bba6c4,12696,13024
44b6_87bba6c4,12697,13036
44b6_87bba6c4,12698,13001
44b6_87bba6c4,12699,13075
44b6_87bba6c4,12702,13082
44b6_87bba6c4,12703,13265
44b6_87bba6c4,12704,13228
44b6_87bba6c4,12705,13128
44b6_87bba6c4,12706,13185
44b6_87bba6c4,12707,13173
44b6_87bba6c4,12709,13140
44b6_87bba6c4,12714,13273
44b6_87bba6c4,12717,13146
44b6_87bba6c4,12718,13120
44b6_87bba6c4,12719,13077
44b6_87bba6c4,12720,13248
44b6_87bba6c4,12721,13268
44b6_87bba6c4,12722,13110
44b6_87bba6c4,12723,13009
44b6_87bba6c4,12724,13107
44b6_87bba6c4,12725,13078
44b6_87bba6c4,12728,13027
44b6_87bba6c4,12729,13005
44b6_87bba6c4,12731,13047
44b6_87bba6c4,12732,13067
44b6_87bba6c4,12733,13154
44b6_87bba6c4,12734,13203
44b6_87bba6c4,12735,12987
44b6_87bba6c4,12737,13028
44b6_87bba6c4,12738,13187
44b6_87bba6c4,12741,13182
44b6_87bba6c4,12742,13091
44b6_87bba6c4,12743,13126
44b6_87bba6c4,12744,13052
44b6_87bba6c4,12745,13150
44b6_87bba6c4,12746,13006
44b6_87bba6c4,12747,13235
44b6_87bba6c4,12748,13217
44b6_87bba6c4,12749,13148
44b6_87bba6c4,12750,13010
44b6_87bba6c4,12751,13096
44b6_87bba6c4,12752,13180
44b6_87bba6c4,12757,13209
44b6_87bba6c4,12760,13008
44b6_87bba6c4,12761,13069
44b6_87bba6c4,12763,13168
44b6_87bba6c4,12766,13191
44b6_87bba6c4,12767,12999
44b6_87bba6c4,12770,13145
44b6_87bba6c4,12773,13219
44b6_87bba6c4,12774,13051
44b6_87bba6c4,12775,13084
44b6_87bba6c4,12776,13216
44b6_87bba6c4,12777,13062
44b6_87bba6c4,12778,13119
44b6_87bba6c4,12781,13105
44b6_87bba6c4,12782,13152
44b6_87bba6c4,12783,13109
44b6_87bba6c4,12784,12997
44b6_87bba6c4,12785,13186
44b6_87bba6c4,12786,13103
44b6_87bba6c4,12787,13135
44b6_87bba6c4,12789,13165
44b6_87bba6c4,12790,13250
44b6_87bba6c4,12792,13122
44b6_87bba6c4,12793,13312
44b6_87bba6c4,12794,13081
44b6_87bba6c4,12795,13076
44b6_87bba6c4,12798,13212
44b6_87bba6c4,12799,13161
44b6_87bba6c4,12802,13104
44b6_87bba6c4,12803,13261
44b6_87bba6c4,12804,13227
44b6_87bba6c4,12805,13031
44b6_87bba6c4,12806,13158
44b6_87bba6c4,12807,13229
44b6_87bba6c4,12810,13243
44b6_87bba6c4,12811,13133
44b6_87bba6c4,12813,13202
44b6_87bba6c4,12815,13066
44b6_87bba6c4,12817,13226
44b6_87bba6c4,12818,13166
44b6_87bba6c4,12819,13073
44b6_87bba6c4,12823,13033
44b6_87bba6c4,12824,13000
44b6_87bba6c4,12827,13285
44b6_87bba6c4,12829,13264
44b6_87bba6c4,12831,13257
44b6_87bba6c4,12834,13249
44b6_87bba6c4,12843,13266
44b6_87bba6c4,12844,13003
44b6_87bba6c4,12847,13177
44b6_87bba6c4,12848,13299
44b6_87bba6c4,12850,13244
44b6_87bba6c4,12856,13208
44b6_87bba6c4,12858,13241
44b6_87bba6c4,12859,13072
44b6_87bba6c4,12863,13160
44b6_87bba6c4,12866,13240
44b6_87bba6c4,12868,13278
44b6_87bba6c4,12869,13029
44b6_87bba6c4,12870,13106
44b6_87bba6c4,12871,13233
44b6_87bba6c4,12872,13277
44b6_87bba6c4,12874,13194
44b6_87bba6c4,12875,13231
44b6_87bba6c4,12877,13269
44b6_87bba6c4,12884,13297
44b6_87bba6c4,12885,13199
44b6_87bba6c4,12889,13054
44b6_87bba6c4,12890,13255
44b6_87bba6c4,12892,13113
44b6_87bba6c4,12893,13302
44b6_87bba6c4,12895,13236
44b6_87bba6c4,12900,13279
44b6_87bba6c4,12901,13330
44b6_87bba6c4,12902,13308
44b6_87bba6c4,12904,13286
44b6_87bba6c4,12908,13317
44b6_87bba6c4,12910,13200
44b6_87bba6c4,12912,13214
44b6_87bba6c4,12913,13195
44b6_87bba6c4,12922,13183
44b6_87bba6c4,12923,13149
44b6_87bba6c4,12924,13222
44b6_87bba6c4,12925,13242
44b6_87bba6c4,12927,13234
44b6_87bba6c4,12929,13153
44b6_87bba6c4,12930,13313
44b6_87bba6c4,12931,13018
44b6_87bba6c4,12932,13295
44b6_87bba6c4,12935,13288
44b6_87bba6c4,12943,13340
44b6_87bba6c4,12944,13334
44b6_87bba6c4,12945,13043
44b6_87bba6c4,12954,13306
44b6_87bba6c4,12955,13343
44b6_87bba6c4,12959,13179
44b6_87bba6c4,12961,13215
44b6_87bba6c4,12963,13325
44b6_87bba6c4,12966,13337
44b6_87bba6c4,12969,13319
44b6_87bba6c4,12972,13293
44b6_87bba6c4,12975,13290
44b6_87bba6c4,12984,13354
44b6_87bba6c4,12985,13353
44b6_87bba6c4,12986,13362
44b6_87bba6c4,12987,13399
44b6_87bba6c4,12989,13383
44b6_87bba6c4,12990,13356
44b6_87bba6c4,12991,13377
44b6_87bba6c4,12992,13442
44b6_87bba6c4,12993,13372
44b6_87bba6c4,12994,13360
44b6_87bba6c4,12995,13363
44b6_87bba6c4,12996,13364
44b6_87bba6c4,12997,13389
44b6_87bba6c4,12998,13358
44b6_87bba6c4,12999,13376
44b6_87bba6c4,13000,13370
44b6_87bba6c4,13001,13366
44b6_87bba6c4,13002,13378
44b6_87bba6c4,13003,13411
44b6_87bba6c4,13004,13385
44b6_87bba6c4,13005,13392
44b6_87bba6c4,13006,13361
44b6_87bba6c4,13007,13359
44b6_87bba6c4,13008,13375
44b6_87bba6c4,13009,13390
44b6_87bba6c4,13010,13472
44b6_87bba6c4,13011,13387
44b6_87bba6c4,13012,13436
44b6_87bba6c4,13013,13381
44b6_87bba6c4,13014,13434
44b6_87bba6c4,13015,13380
44b6_87bba6c4,13016,13394
44b6_87bba6c4,13017,13374
44b6_87bba6c4,13018,13352
44b6_87bba6c4,13019,13413
44b6_87bba6c4,13020,13412
44b6_87bba6c4,13021,13384
44b6_87bba6c4,13022,13386
44b6_87bba6c4,13023,13435
44b6_87bba6c4,13024,13452
44b6_87bba6c4,13025,13391
44b6_87bba6c4,13026,13373
44b6_87bba6c4,13027,13365
44b6_87bba6c4,13028,13471
44b6_87bba6c4,13029,13410
44b6_87bba6c4,13030,13554
44b6_87bba6c4,13031,13457
44b6_87bba6c4,13032,13401
44b6_87bba6c4,13033,13371
44b6_87bba6c4,13034,13395
44b6_87bba6c4,13035,13461
44b6_87bba6c4,13036,13483
44b6_87bba6c4,13037,13368
44b6_87bba6c4,13038,13407
44b6_87bba6c4,13039,13415
44b6_87bba6c4,13040,13476
44b6_87bba6c4,13041,13453
44b6_87bba6c4,13042,13408
44b6_87bba6c4,13043,13449
44b6_87bba6c4,13044,13455
44b6_87bba6c4,13045,13429
44b6_87bba6c4,13046,13402
44b6_87bba6c4,13047,13432
44b6_87bba6c4,13048,13478
44b6_87bba6c4,13049,13355
44b6_87bba6c4,13050,13398
44b6_87bba6c4,13051,13405
44b6_87bba6c4,13052,13421
44b6_87bba6c4,13053,13431
44b6_87bba6c4,13054,13397
44b6_87bba6c4,13055,13440
44b6_87bba6c4,13056,13396
44b6_87bba6c4,13057,13428
44b6_87bba6c4,13058,13409
44b6_87bba6c4,13059,13482
44b6_87bba6c4,13060,13404
44b6_87bba6c4,13063,13474
44b6_87bba6c4,13064,13460
44b6_87bba6c4,13065,13492
44b6_87bba6c4,13066,13519
44b6_87bba6c4,13068,13382
44b6_87bba6c4,13069,13448
44b6_87bba6c4,13070,13545
44b6_87bba6c4,13071,13414
44b6_87bba6c4,13072,13558
44b6_87bba6c4,13073,13430
44b6_87bba6c4,13074,13506
44b6_87bba6c4,13075,13388
44b6_87bba6c4,13077,13459
44b6_87bba6c4,13078,13470
44b6_87bba6c4,13079,13491
44b6_87bba6c4,13080,13598
44b6_87bba6c4,13081,13587
44b6_87bba6c4,13082,13425
44b6_87bba6c4,13083,13433
44b6_87bba6c4,13084,13422
44b6_87bba6c4,13085,13575
44b6_87bba6c4,13086,13426
44b6_87bba6c4,13087,13514
44b6_87bba6c4,13089,13443
44b6_87bba6c4,13090,13510
44b6_87bba6c4,13091,13567
44b6_87bba6c4,13093,13464
44b6_87bba6c4,13094,13561
44b6_87bba6c4,13095,13515
44b6_87bba6c4,13096,13424
44b6_87bba6c4,13097,13468
44b6_87bba6c4,13098,13540
44b6_87bba6c4,13099,13488
44b6_87bba6c4,13100,13553
44b6_87bba6c4,13101,13494
44b6_87bba6c4,13102,13524
44b6_87bba6c4,13103,13416
44b6_87bba6c4,13104,13507
44b6_87bba6c4,13105,13499
44b6_87bba6c4,13106,13509
44b6_87bba6c4,13107,13469
44b6_87bba6c4,13108,13439
44b6_87bba6c4,13109,13596
44b6_87bba6c4,13110,13542
44b6_87bba6c4,13111,13456
44b6_87bba6c4,13112,13473
44b6_87bba6c4,13113,13573
44b6_87bba6c4,13114,13504
44b6_87bba6c4,13115,13484
44b6_87bba6c4,13116,13445
44b6_87bba6c4,13117,13495
44b6_87bba6c4,13118,13602
44b6_87bba6c4,13119,13552
44b6_87bba6c4,13120,13518
44b6_87bba6c4,13122,13462
44b6_87bba6c4,13123,13419
44b6_87bba6c4,13124,13490
44b6_87bba6c4,13125,13498
44b6_87bba6c4,13126,13477
44b6_87bba6c4,13127,13521
44b6_87bba6c4,13128,13466
44b6_87bba6c4,13129,13458
44b6_87bba6c4,13130,13635
44b6_87bba6c4,13131,13550
44b6_87bba6c4,13132,13438
44b6_87bba6c4,13133,13537
44b6_87bba6c4,13134,13367
44b6_87bba6c4,13135,13423
44b6_87bba6c4,13136,13516
44b6_87bba6c4,13137,13531
44b6_87bba6c4,13138,13379
44b6_87bba6c4,13140,13539
44b6_87bba6c4,13141,13546
44b6_87bba6c4,13142,13548
44b6_87bba6c4,13143,13502
44b6_87bba6c4,13144,13594
44b6_87bba6c4,13145,13493
44b6_87bba6c4,13146,13497
44b6_87bba6c4,13147,13534
44b6_87bba6c4,13149,13444
44b6_87bba6c4,13150,13584
44b6_87bba6c4,13151,13525
44b6_87bba6c4,13152,13480
44b6_87bba6c4,13153,13543
44b6_87bba6c4,13154,13578
44b6_87bba6c4,13155,13533
44b6_87bba6c4,13157,13406
44b6_87bba6c4,13158,13517
44b6_87bba6c4,13159,13522
44b6_87bba6c4,13160,13614
44b6_87bba6c4,13161,13427
44b6_87bba6c4,13162,13590
44b6_87bba6c4,13163,13527
44b6_87bba6c4,13164,13568
44b6_87bba6c4,13166,13626
44b6_87bba6c4,13167,13450
44b6_87bba6c4,13168,13649
44b6_87bba6c4,13169,13503
44b6_87bba6c4,13171,13446
44b6_87bba6c4,13172,13593
44b6_87bba6c4,13174,13526
44b6_87bba6c4,13177,13403
44b6_87bba6c4,13178,13549
44b6_87bba6c4,13179,13563
44b6_87bba6c4,13180,13609
44b6_87bba6c4,13181,13529
44b6_87bba6c4,13183,13637
44b6_87bba6c4,13184,13557
44b6_87bba6c4,13185,13603
44b6_87bba6c4,13186,13591
44b6_87bba6c4,13187,13523
44b6_87bba6c4,13188,13536
44b6_87bba6c4,13189,13501
44b6_87bba6c4,13190,13556
44b6_87bba6c4,13191,13467
44b6_87bba6c4,13192,13685
44b6_87bba6c4,13193,13451
44b6_87bba6c4,13195,13607
44b6_87bba6c4,13197,13486
44b6_87bba6c4,13198,13513
44b6_87bba6c4,13199,13530
44b6_87bba6c4,13200,13417
44b6_87bba6c4,13201,13611
44b6_87bba6c4,13202,13570
44b6_87bba6c4,13203,13634
44b6_87bba6c4,13204,13730
44b6_87bba6c4,13205,13606
44b6_87bba6c4,13206,13580
44b6_87bba6c4,13207,13447
44b6_87bba6c4,13208,13592
44b6_87bba6c4,13210,13644
44b6_87bba6c4,13211,13620
44b6_87bba6c4,13212,13688
44b6_87bba6c4,13213,13589
44b6_87bba6c4,13214,13657
44b6_87bba6c4,13215,13512
44b6_87bba6c4,13217,13625
44b6_87bba6c4,13218,13674
44b6_87bba6c4,13219,13608
44b6_87bba6c4,13220,13576
44b6_87bba6c4,13221,13532
44b6_87bba6c4,13222,13551
44b6_87bba6c4,13223,13564
44b6_87bba6c4,13225,13632
44b6_87bba6c4,13226,13581
44b6_87bba6c4,13227,13684
44b6_87bba6c4,13229,13585
44b6_87bba6c4,13231,13656
44b6_87bba6c4,13232,13583
44b6_87bba6c4,13235,13565
44b6_87bba6c4,13236,13500
44b6_87bba6c4,13238,13597
44b6_87bba6c4,13239,13699
44b6_87bba6c4,13240,13571
44b6_87bba6c4,13241,13600
44b6_87bba6c4,13242,13612
44b6_87bba6c4,13243,13508
44b6_87bba6c4,13244,13662
44b6_87bba6c4,13245,13639
44b6_87bba6c4,13246,13586
44b6_87bba6c4,13247,13616
44b6_87bba6c4,13248,13604
44b6_87bba6c4,13249,13544
44b6_87bba6c4,13250,13562
44b6_87bba6c4,13251,13643
44b6_87bba6c4,13252,13595
44b6_87bba6c4,13254,13487
44b6_87bba6c4,13256,13621
44b6_87bba6c4,13257,13652
44b6_87bba6c4,13258,13647
44b6_87bba6c4,13259,13613
44b6_87bba6c4,13260,13669
44b6_87bba6c4,13263,13698
44b6_87bba6c4,13265,13693
44b6_87bba6c4,13266,13668
44b6_87bba6c4,13267,13651
44b6_87bba6c4,13268,13648
44b6_87bba6c4,13269,13640
44b6_87bba6c4,13273,13687
44b6_87bba6c4,13274,13601
44b6_87bba6c4,13275,13653
44b6_87bba6c4,13276,13633
44b6_87bba6c4,13277,13622
44b6_87bba6c4,13279,13599
44b6_87bba6c4,13280,13722
44b6_87bba6c4,13281,13666
44b6_87bba6c4,13282,13658
44b6_87bba6c4,13283,13655
44b6_87bba6c4,13284,13566
44b6_87bba6c4,13285,13664
44b6_87bba6c4,13288,13628
44b6_87bba6c4,13289,13712
44b6_87bba6c4,13290,13661
44b6_87bba6c4,13294,13702
44b6_87bba6c4,13295,13660
44b6_87bba6c4,13296,13618
44b6_87bba6c4,13297,13705
44b6_87bba6c4,13298,13665
44b6_87bba6c4,13299,13577
44b6_87bba6c4,13300,13723
44b6_87bba6c4,13302,13732
44b6_87bba6c4,13303,13686
44b6_87bba6c4,13304,13671
44b6_87bba6c4,13305,13659
44b6_87bba6c4,13306,13719
44b6_87bba6c4,13307,13663
44b6_87bba6c4,13308,13696
44b6_87bba6c4,13310,13689
44b6_87bba6c4,13311,13650
44b6_87bba6c4,13312,13710
44b6_87bba6c4,13313,13678
44b6_87bba6c4,13315,13701
44b6_87bba6c4,13319,13738
44b6_87bba6c4,13320,13720
44b6_87bba6c4,13322,13675
44b6_87bba6c4,13323,13704
44b6_87bba6c4,13325,13569
44b6_87bba6c4,13328,13695
44b6_87bba6c4,13330,13711
44b6_87bba6c4,13331,13670
44b6_87bba6c4,13332,13709
44b6_87bba6c4,13333,13682
44b6_87bba6c4,13334,13700
44b6_87bba6c4,13335,13729
44b6_87bba6c4,13336,13703
44b6_87bba6c4,13337,13680
44b6_87bba6c4,13339,13677
44b6_87bba6c4,13341,13672
44b6_87bba6c4,13343,13694
44b6_87bba6c4,13345,13559
44b6_87bba6c4,13349,13735
44b6_87bba6c4,13350,13692
44b6_87bba6c4,13351,13734
44b6_87bba6c4,13352,13803
44b6_87bba6c4,13353,13745
44b6_87bba6c4,13354,13744
44b6_87bba6c4,13355,13743
44b6_87bba6c4,13356,13746
44b6_87bba6c4,13357,13752
44b6_87bba6c4,13358,13774
44b6_87bba6c4,13361,13784
44b6_87bba6c4,13362,13741
44b6_87bba6c4,13363,13764
44b6_87bba6c4,13364,13755
44b6_87bba6c4,13365,13770
44b6_87bba6c4,13366,13754
44b6_87bba6c4,13367,13875
44b6_87bba6c4,13368,13757
44b6_87bba6c4,13370,13856
44b6_87bba6c4,13371,13751
44b6_87bba6c4,13372,13763
44b6_87bba6c4,13373,13812
44b6_87bba6c4,13374,13796
44b6_87bba6c4,13375,13748
44b6_87bba6c4,13376,13759
44b6_87bba6c4,13377,13767
44b6_87bba6c4,13379,13849
44b6_87bba6c4,13380,13761
44b6_87bba6c4,13381,13750
44b6_87bba6c4,13382,13758
44b6_87bba6c4,13383,13749
44b6_87bba6c4,13384,13771
44b6_87bba6c4,13385,13756
44b6_87bba6c4,13386,13768
44b6_87bba6c4,13387,13790
44b6_87bba6c4,13388,13800
44b6_87bba6c4,13389,13820
44b6_87bba6c4,13390,13760
44b6_87bba6c4,13391,13776
44b6_87bba6c4,13393,13804
44b6_87bba6c4,13394,13766
44b6_87bba6c4,13395,13775
44b6_87bba6c4,13396,13871
44b6_87bba6c4,13397,13778
44b6_87bba6c4,13398,13793
44b6_87bba6c4,13399,13901
44b6_87bba6c4,13400,13843
44b6_87bba6c4,13401,13867
44b6_87bba6c4,13402,13786
44b6_87bba6c4,13403,13797
44b6_87bba6c4,13404,13769
44b6_87bba6c4,13405,13779
44b6_87bba6c4,13406,13852
44b6_87bba6c4,13407,13877
44b6_87bba6c4,13408,13921
44b6_87bba6c4,13409,13827
44b6_87bba6c4,13410,13807
44b6_87bba6c4,13411,13753
44b6_87bba6c4,13412,13808
44b6_87bba6c4,13413,13960
44b6_87bba6c4,13414,13835
44b6_87bba6c4,13415,13772
44b6_87bba6c4,13416,13944
44b6_87bba6c4,13418,13954
44b6_87bba6c4,13419,13855
44b6_87bba6c4,13420,13870
44b6_87bba6c4,13422,13810
44b6_87bba6c4,13424,13813
44b6_87bba6c4,13426,13866
44b6_87bba6c4,13427,13780
44b6_87bba6c4,13428,13880
44b6_87bba6c4,13429,13933
44b6_87bba6c4,13430,13922
44b6_87bba6c4,13431,13839
44b6_87bba6c4,13432,13927
44b6_87bba6c4,13433,13809
44b6_87bba6c4,13435,13777
44b6_87bba6c4,13436,13894
44b6_87bba6c4,13437,13782
44b6_87bba6c4,13438,13819
44b6_87bba6c4,13439,13781
44b6_87bba6c4,13440,13851
44b6_87bba6c4,13442,13966
44b6_87bba6c4,13443,13858
44b6_87bba6c4,13444,13798
44b6_87bba6c4,13445,13811
44b6_87bba6c4,13446,13773
44b6_87bba6c4,13447,13783
44b6_87bba6c4,13451,13836
44b6_87bba6c4,13452,13842
44b6_87bba6c4,13453,13990
44b6_87bba6c4,13454,13830
44b6_87bba6c4,13455,13821
44b6_87bba6c4,13456,13785
44b6_87bba6c4,13457,13832
44b6_87bba6c4,13459,13863
44b6_87bba6c4,13460,13891
44b6_87bba6c4,13461,13899
44b6_87bba6c4,13462,13930
44b6_87bba6c4,13463,13805
44b6_87bba6c4,13464,13857
44b6_87bba6c4,13466,13789
44b6_87bba6c4,13467,13889
44b6_87bba6c4,13468,13806
44b6_87bba6c4,13469,13911
44b6_87bba6c4,13470,13841
44b6_87bba6c4,13473,13850
44b6_87bba6c4,13474,13838
44b6_87bba6c4,13476,14004
44b6_87bba6c4,13477,13932
44b6_87bba6c4,13479,13854
44b6_87bba6c4,13480,13993
44b6_87bba6c4,13481,13814
44b6_87bba6c4,13483,13908
44b6_87bba6c4,13484,13897
44b6_87bba6c4,13485,13833
44b6_87bba6c4,13486,13893
44b6_87bba6c4,13487,13823
44b6_87bba6c4,13489,13900
44b6_87bba6c4,13490,13826
44b6_87bba6c4,13491,13920
44b6_87bba6c4,13492,13825
44b6_87bba6c4,13493,13848
44b6_87bba6c4,13494,13898
44b6_87bba6c4,13495,13892
44b6_87bba6c4,13496,13845
44b6_87bba6c4,13498,13929
44b6_87bba6c4,13500,13818
44b6_87bba6c4,13502,13859
44b6_87bba6c4,13503,13909
44b6_87bba6c4,13504,13910
44b6_87bba6c4,13505,13853
44b6_87bba6c4,13507,13890
44b6_87bba6c4,13508,13895
44b6_87bba6c4,13509,13881
44b6_87bba6c4,13510,13874
44b6_87bba6c4,13512,13946
44b6_87bba6c4,13513,14067
44b6_87bba6c4,13514,13957
44b6_87bba6c4,13515,13840
44b6_87bba6c4,13516,13887
44b6_87bba6c4,13517,13872
44b6_87bba6c4,13518,13886
44b6_87bba6c4,13519,13968
44b6_87bba6c4,13520,13834
44b6_87bba6c4,13521,13868
44b6_87bba6c4,13522,13926
44b6_87bba6c4,13524,14019
44b6_87bba6c4,13525,13991
44b6_87bba6c4,13526,13969
44b6_87bba6c4,13527,13953
44b6_87bba6c4,13528,13822
44b6_87bba6c4,13529,13955
44b6_87bba6c4,13530,14006
44b6_87bba6c4,13531,13861
44b6_87bba6c4,13532,14065
44b6_87bba6c4,13533,13928
44b6_87bba6c4,13534,13943
44b6_87bba6c4,13535,13791
44b6_87bba6c4,13536,13918
44b6_87bba6c4,13540,14070
44b6_87bba6c4,13541,13844
44b6_87bba6c4,13542,13931
44b6_87bba6c4,13543,13982
44b6_87bba6c4,13544,13864
44b6_87bba6c4,13545,13970
44b6_87bba6c4,13546,13847
44b6_87bba6c4,13547,13940
44b6_87bba6c4,13548,13973
44b6_87bba6c4,13549,13924
44b6_87bba6c4,13550,13904
44b6_87bba6c4,13553,13829
44b6_87bba6c4,13554,13976
44b6_87bba6c4,13555,13888
44b6_87bba6c4,13556,14079
44b6_87bba6c4,13558,13951
44b6_87bba6c4,13559,13988
44b6_87bba6c4,13560,13905
44b6_87bba6c4,13561,13913
44b6_87bba6c4,13562,13999
44b6_87bba6c4,13563,13948
44b6_87bba6c4,13564,14018
44b6_87bba6c4,13565,13919
44b6_87bba6c4,13566,13980
44b6_87bba6c4,13567,13865
44b6_87bba6c4,13571,14002
44b6_87bba6c4,13572,13956
44b6_87bba6c4,13573,13945
44b6_87bba6c4,13574,14076
44b6_87bba6c4,13575,13981
44b6_87bba6c4,13576,13925
44b6_87bba6c4,13577,13907
44b6_87bba6c4,13580,13972
44b6_87bba6c4,13581,13936
44b6_87bba6c4,13582,13884
44b6_87bba6c4,13583,13882
44b6_87bba6c4,13584,13994
44b6_87bba6c4,13585,13915
44b6_87bba6c4,13587,13959
44b6_87bba6c4,13588,13795
44b6_87bba6c4,13589,14033
44b6_87bba6c4,13591,13939
44b6_87bba6c4,13592,13941
44b6_87bba6c4,13595,13963
44b6_87bba6c4,13596,13942
44b6_87bba6c4,13597,14001
44b6_87bba6c4,13599,13916
44b6_87bba6c4,13600,13983
44b6_87bba6c4,13601,13934
44b6_87bba6c4,13602,14048
44b6_87bba6c4,13603,13971
44b6_87bba6c4,13604,14013
44b6_87bba6c4,13605,13952
44b6_87bba6c4,13606,13979
44b6_87bba6c4,13607,13873
44b6_87bba6c4,13608,14039
44b6_87bba6c4,13609,14083
44b6_87bba6c4,13610,14026
44b6_87bba6c4,13612,14044
44b6_87bba6c4,13613,14040
44b6_87bba6c4,13615,13935
44b6_87bba6c4,13616,13961
44b6_87bba6c4,13617,14035
44b6_87bba6c4,13618,13992
44b6_87bba6c4,13621,13985
44b6_87bba6c4,13624,14095
44b6_87bba6c4,13625,13923
44b6_87bba6c4,13626,13947
44b6_87bba6c4,13628,14016
44b6_87bba6c4,13630,14008
44b6_87bba6c4,13632,14014
44b6_87bba6c4,13634,13962
44b6_87bba6c4,13635,13997
44b6_87bba6c4,13637,13938
44b6_87bba6c4,13638,13883
44b6_87bba6c4,13640,13995
44b6_87bba6c4,13641,13958
44b6_87bba6c4,13642,13978
44b6_87bba6c4,13647,14063
44b6_87bba6c4,13648,13965
44b6_87bba6c4,13649,14021
44b6_87bba6c4,13650,14059
44b6_87bba6c4,13651,14042
44b6_87bba6c4,13652,14027
44b6_87bba6c4,13653,14053
44b6_87bba6c4,13657,14045
44b6_87bba6c4,13659,14022
44b6_87bba6c4,13660,14005
44b6_87bba6c4,13663,14037
44b6_87bba6c4,13664,14015
44b6_87bba6c4,13665,14025
44b6_87bba6c4,13666,14047
44b6_87bba6c4,13667,13986
44b6_87bba6c4,13670,14043
44b6_87bba6c4,13671,14003
44b6_87bba6c4,13672,14000
44b6_87bba6c4,13673,14050
44b6_87bba6c4,13675,14051
44b6_87bba6c4,13678,14038
44b6_87bba6c4,13680,14060
44b6_87bba6c4,13682,14057
44b6_87bba6c4,13684,14010
44b6_87bba6c4,13685,13906
44b6_87bba6c4,13686,14058
44b6_87bba6c4,13690,14075
44b6_87bba6c4,13695,14073
44b6_87bba6c4,13700,14020
44b6_87bba6c4,13701,14082
44b6_87bba6c4,13702,14011
44b6_87bba6c4,13705,14069
44b6_87bba6c4,13709,14088
44b6_87bba6c4,13710,14089
44b6_87bba6c4,13711,14062
44b6_87bba6c4,13712,13937
44b6_87bba6c4,13720,14078
44b6_87bba6c4,13722,14098
44b6_87bba6c4,13723,14102
44b6_87bba6c4,13724,14054
44b6_87bba6c4,13726,14056
44b6_87bba6c4,13733,14071
44b6_87bba6c4,13738,14094
44b6_87bba6c4,13740,14106
44b6_87bba6c4,13741,14107
44b6_87bba6c4,13742,14110
44b6_87bba6c4,13743,14109
44b6_87bba6c4,13745,14112
44b6_87bba6c4,13747,14199
44b6_87bba6c4,13748,14124
44b6_87bba6c4,13749,14114
44b6_87bba6c4,13750,14152
44b6_87bba6c4,13751,14113
44b6_87bba6c4,13752,14146
44b6_87bba6c4,13753,14118
44b6_87bba6c4,13754,14115
44b6_87bba6c4,13755,14136
44b6_87bba6c4,13756,14144
44b6_87bba6c4,13757,14139
44b6_87bba6c4,13758,14123
44b6_87bba6c4,13759,14120
44b6_87bba6c4,13760,14119
44b6_87bba6c4,13761,14158
44b6_87bba6c4,13762,14116
44b6_87bba6c4,13763,14145
44b6_87bba6c4,13764,14125
44b6_87bba6c4,13765,14130
44b6_87bba6c4,13766,14128
44b6_87bba6c4,13767,14132
44b6_87bba6c4,13768,14141
44b6_87bba6c4,13769,14134
44b6_87bba6c4,13770,14176
44b6_87bba6c4,13771,14117
44b6_87bba6c4,13772,14148
44b6_87bba6c4,13773,14187
44b6_87bba6c4,13774,14161
44b6_87bba6c4,13775,14163
44b6_87bba6c4,13776,14178
44b6_87bba6c4,13777,14129
44b6_87bba6c4,13778,14164
44b6_87bba6c4,13781,14151
44b6_87bba6c4,13782,14127
44b6_87bba6c4,13783,14195
44b6_87bba6c4,13784,14159
44b6_87bba6c4,13785,14302
44b6_87bba6c4,13786,14131
44b6_87bba6c4,13787,14197
44b6_87bba6c4,13788,14170
44b6_87bba6c4,13789,14138
44b6_87bba6c4,13790,14198
44b6_87bba6c4,13791,14262
44b6_87bba6c4,13792,14257
44b6_87bba6c4,13793,14181
44b6_87bba6c4,13794,14291
44b6_87bba6c4,13796,14194
44b6_87bba6c4,13797,14168
44b6_87bba6c4,13799,14250
44b6_87bba6c4,13800,14165
44b6_87bba6c4,13801,14179
44b6_87bba6c4,13803,14171
44b6_87bba6c4,13804,14126
44b6_87bba6c4,13805,14175
44b6_87bba6c4,13806,14232
44b6_87bba6c4,13809,14121
44b6_87bba6c4,13810,14180
44b6_87bba6c4,13811,14204
44b6_87bba6c4,13812,14133
44b6_87bba6c4,13813,14193
44b6_87bba6c4,13814,14184
44b6_87bba6c4,13815,14185
44b6_87bba6c4,13816,14166
44b6_87bba6c4,13817,14188
44b6_87bba6c4,13818,14156
44b6_87bba6c4,13819,14256
44b6_87bba6c4,13821,14155
44b6_87bba6c4,13822,14183
44b6_87bba6c4,13823,14137
44b6_87bba6c4,13825,14150
44b6_87bba6c4,13826,14224
44b6_87bba6c4,13827,14208
44b6_87bba6c4,13829,14260
44b6_87bba6c4,13830,14202
44b6_87bba6c4,13831,14230
44b6_87bba6c4,13832,14201
44b6_87bba6c4,13833,14296
44b6_87bba6c4,13836,14272
44b6_87bba6c4,13837,14223
44b6_87bba6c4,13838,14282
44b6_87bba6c4,13839,14214
44b6_87bba6c4,13840,14379
44b6_87bba6c4,13841,14191
44b6_87bba6c4,13842,14234
44b6_87bba6c4,13843,14209
44b6_87bba6c4,13844,14225
44b6_87bba6c4,13845,14169
44b6_87bba6c4,13846,14186
44b6_87bba6c4,13847,14360
44b6_87bba6c4,13848,14220
44b6_87bba6c4,13849,14299
44b6_87bba6c4,13850,14192
44b6_87bba6c4,13851,14157
44b6_87bba6c4,13852,14153
44b6_87bba6c4,13853,14229
44b6_87bba6c4,13856,14409
44b6_87bba6c4,13857,14233
44b6_87bba6c4,13858,14206
44b6_87bba6c4,13859,14244
44b6_87bba6c4,13861,14177
44b6_87bba6c4,13862,14190
44b6_87bba6c4,13863,14149
44b6_87bba6c4,13865,14264
44b6_87bba6c4,13866,14292
44b6_87bba6c4,13867,14217
44b6_87bba6c4,13868,14122
44b6_87bba6c4,13869,14211
44b6_87bba6c4,13872,14283
44b6_87bba6c4,13873,14246
44b6_87bba6c4,13874,14200
44b6_87bba6c4,13875,14288
44b6_87bba6c4,13876,14236
44b6_87bba6c4,13877,14274
44b6_87bba6c4,13879,14154
44b6_87bba6c4,13880,14222
44b6_87bba6c4,13881,14235
44b6_87bba6c4,13882,14218
44b6_87bba6c4,13883,14265
44b6_87bba6c4,13884,14174
44b6_87bba6c4,13885,14203
44b6_87bba6c4,13886,14240
44b6_87bba6c4,13887,14231
44b6_87bba6c4,13888,14213
44b6_87bba6c4,13890,14249
44b6_87bba6c4,13892,14167
44b6_87bba6c4,13893,14207
44b6_87bba6c4,13894,14254
44b6_87bba6c4,13895,14341
44b6_87bba6c4,13896,14354
44b6_87bba6c4,13897,14261
44b6_87bba6c4,13898,14287
44b6_87bba6c4,13899,14143
44b6_87bba6c4,13903,14241
44b6_87bba6c4,13904,14269
44b6_87bba6c4,13905,14251
44b6_87bba6c4,13906,14259
44b6_87bba6c4,13907,14277
44b6_87bba6c4,13908,14280
44b6_87bba6c4,13909,14317
44b6_87bba6c4,13910,14294
44b6_87bba6c4,13912,14142
44b6_87bba6c4,13913,14215
44b6_87bba6c4,13914,14308
44b6_87bba6c4,13915,14356
44b6_87bba6c4,13916,14273
44b6_87bba6c4,13917,14140
44b6_87bba6c4,13918,14276
44b6_87bba6c4,13920,14216
44b6_87bba6c4,13921,14147
44b6_87bba6c4,13922,14318
44b6_87bba6c4,13923,14303
44b6_87bba6c4,13924,14293
44b6_87bba6c4,13925,14343
44b6_87bba6c4,13926,14263
44b6_87bba6c4,13928,14319
44b6_87bba6c4,13929,14266
44b6_87bba6c4,13933,14284
44b6_87bba6c4,13934,14393
44b6_87bba6c4,13935,14237
44b6_87bba6c4,13936,14322
44b6_87bba6c4,13937,14372
44b6_87bba6c4,13938,14332
44b6_87bba6c4,13939,14297
44b6_87bba6c4,13940,14316
44b6_87bba6c4,13941,14313
44b6_87bba6c4,13942,14374
44b6_87bba6c4,13943,14321
44b6_87bba6c4,13944,14286
44b6_87bba6c4,13945,14463
44b6_87bba6c4,13946,14271
44b6_87bba6c4,13947,14227
44b6_87bba6c4,13949,14320
44b6_87bba6c4,13950,14268
44b6_87bba6c4,13951,14306
44b6_87bba6c4,13952,14279
44b6_87bba6c4,13953,14315
44b6_87bba6c4,13954,14245
44b6_87bba6c4,13955,14267
44b6_87bba6c4,13956,14196
44b6_87bba6c4,13957,14342
44b6_87bba6c4,13958,14369
44b6_87bba6c4,13959,14305
44b6_87bba6c4,13960,14352
44b6_87bba6c4,13961,14324
44b6_87bba6c4,13963,14285
44b6_87bba6c4,13965,14344
44b6_87bba6c4,13966,14380
44b6_87bba6c4,13967,14415
44b6_87bba6c4,13968,14307
44b6_87bba6c4,13969,14327
44b6_87bba6c4,13970,14281
44b6_87bba6c4,13971,14248
44b6_87bba6c4,13972,14382
44b6_87bba6c4,13974,14391
44b6_87bba6c4,13975,14353
44b6_87bba6c4,13976,14329
44b6_87bba6c4,13977,14255
44b6_87bba6c4,13978,14416
44b6_87bba6c4,13979,14386
44b6_87bba6c4,13981,14243
44b6_87bba6c4,13982,14346
44b6_87bba6c4,13983,14363
44b6_87bba6c4,13984,14350
44b6_87bba6c4,13985,14301
44b6_87bba6c4,13988,14358
44b6_87bba6c4,13989,14252
44b6_87bba6c4,13990,14458
44b6_87bba6c4,13991,14348
44b6_87bba6c4,13992,14461
44b6_87bba6c4,13993,14309
44b6_87bba6c4,13994,14312
44b6_87bba6c4,13995,14323
44b6_87bba6c4,13996,14362
44b6_87bba6c4,13997,14373
44b6_87bba6c4,13999,14326
44b6_87bba6c4,14000,14384
44b6_87bba6c4,14001,14359
44b6_87bba6c4,14002,14361
44b6_87bba6c4,14006,14366
44b6_87bba6c4,14007,14405
44b6_87bba6c4,14008,14431
44b6_87bba6c4,14009,14310
44b6_87bba6c4,14010,14388
44b6_87bba6c4,14011,14371
44b6_87bba6c4,14012,14444
44b6_87bba6c4,14013,14375
44b6_87bba6c4,14014,14278
44b6_87bba6c4,14015,14339
44b6_87bba6c4,14016,14387
44b6_87bba6c4,14017,14347
44b6_87bba6c4,14018,14414
44b6_87bba6c4,14019,14336
44b6_87bba6c4,14020,14401
44b6_87bba6c4,14021,14325
44b6_87bba6c4,14025,14330
44b6_87bba6c4,14026,14160
44b6_87bba6c4,14027,14404
44b6_87bba6c4,14028,14398
44b6_87bba6c4,14030,14395
44b6_87bba6c4,14031,14340
44b6_87bba6c4,14032,14331
44b6_87bba6c4,14033,14437
44b6_87bba6c4,14035,14364
44b6_87bba6c4,14036,14400
44b6_87bba6c4,14037,14412
44b6_87bba6c4,14038,14406
44b6_87bba6c4,14039,14368
44b6_87bba6c4,14040,14345
44b6_87bba6c4,14042,14448
44b6_87bba6c4,14043,14417
44b6_87bba6c4,14044,14355
44b6_87bba6c4,14048,14290
44b6_87bba6c4,14049,14365
44b6_87bba6c4,14051,14403
44b6_87bba6c4,14053,14433
44b6_87bba6c4,14054,14376
44b6_87bba6c4,14056,14440
44b6_87bba6c4,14058,14451
44b6_87bba6c4,14059,14427
44b6_87bba6c4,14060,14438
44b6_87bba6c4,14061,14408
44b6_87bba6c4,14062,14428
44b6_87bba6c4,14063,14430
44b6_87bba6c4,14066,14462
44b6_87bba6c4,14067,14396
44b6_87bba6c4,14069,14392
44b6_87bba6c4,14071,14446
44b6_87bba6c4,14073,14436
44b6_87bba6c4,14075,14459
44b6_87bba6c4,14078,14407
44b6_87bba6c4,14079,14441
44b6_87bba6c4,14081,14390
44b6_87bba6c4,14084,14432
44b6_87bba6c4,14085,14429
44b6_87bba6c4,14088,14411
44b6_87bba6c4,14089,14450
44b6_87bba6c4,14090,14439
44b6_87bba6c4,14091,14399
44b6_87bba6c4,14094,14426
44b6_87bba6c4,14097,14449
44b6_87bba6c4,14098,14447
44b6_87bba6c4,14100,14443
44b6_87bba6c4,14101,14456
44b6_87bba6c4,14103,14289
44b6_87bba6c4,14107,14659
44b6_87bba6c4,14111,14620
44b6_87bba6c4,14112,14480
44b6_87bba6c4,14115,14806
44b6_87bba6c4,14118,14536
44b6_87bba6c4,14121,14560
44b6_87bba6c4,14123,14526
44b6_87bba6c4,14124,14551
44b6_87bba6c4,14125,14550
44b6_87bba6c4,14126,14492
44b6_87bba6c4,14128,14496
44b6_87bba6c4,14129,14636
44b6_87bba6c4,14134,14511
44b6_87bba6c4,14137,14489
44b6_87bba6c4,14142,14678
44b6_87bba6c4,14143,14617
44b6_87bba6c4,14145,14625
44b6_87bba6c4,14147,14592
44b6_87bba6c4,14149,14599
44b6_87bba6c4,14150,14656
44b6_87bba6c4,14152,14699
44b6_87bba6c4,14154,14651
44b6_87bba6c4,14156,14539
44b6_87bba6c4,14157,14707
44b6_87bba6c4,14158,14537
44b6_87bba6c4,14161,14574
44b6_87bba6c4,14162,14570
44b6_87bba6c4,14164,14523
44b6_87bba6c4,14166,14495
44b6_87bba6c4,14167,14685
44b6_87bba6c4,14170,14703
44b6_87bba6c4,14172,14579
44b6_87bba6c4,14173,14587
44b6_87bba6c4,14175,14652
44b6_87bba6c4,14178,14767
44b6_87bba6c4,14181,14591
44b6_87bba6c4,14182,14562
44b6_87bba6c4,14184,14648
44b6_87bba6c4,14186,14691
44b6_87bba6c4,14190,14747
44b6_87bba6c4,14194,14704
44b6_87bba6c4,14195,14721
44b6_87bba6c4,14197,14473
44b6_87bba6c4,14201,14619
44b6_87bba6c4,14203,14605
44b6_87bba6c4,14204,14791
44b6_87bba6c4,14207,14602
44b6_87bba6c4,14209,14655
44b6_87bba6c4,14210,14756
44b6_87bba6c4,14211,14766
44b6_87bba6c4,14213,14471
44b6_87bba6c4,14214,14593
44b6_87bba6c4,14215,14581
44b6_87bba6c4,14216,14642
44b6_87bba6c4,14218,14665
44b6_87bba6c4,14220,14499
44b6_87bba6c4,14221,14475
44b6_87bba6c4,14222,14654
44b6_87bba6c4,14223,14600
44b6_87bba6c4,14233,14606
44b6_87bba6c4,14236,14675
44b6_87bba6c4,14238,14494
44b6_87bba6c4,14241,14506
44b6_87bba6c4,14243,14524
44b6_87bba6c4,14244,14628
44b6_87bba6c4,14246,14843
44b6_87bba6c4,14247,14632
44b6_87bba6c4,14248,14585
44b6_87bba6c4,14249,14727
44b6_87bba6c4,14250,14761
44b6_87bba6c4,14251,14717
44b6_87bba6c4,14252,14535
44b6_87bba6c4,14253,14681
44b6_87bba6c4,14254,14731
44b6_87bba6c4,14257,14545
44b6_87bba6c4,14263,14684
44b6_87bba6c4,14264,14720
44b6_87bba6c4,14265,14809
44b6_87bba6c4,14266,14730
44b6_87bba6c4,14267,14590
44b6_87bba6c4,14268,14597
44b6_87bba6c4,14271,14780
44b6_87bba6c4,14272,14739
44b6_87bba6c4,14275,14724
44b6_87bba6c4,14277,14734
44b6_87bba6c4,14279,14509
44b6_87bba6c4,14282,14817
44b6_87bba6c4,14284,14828
44b6_87bba6c4,14288,14657
44b6_87bba6c4,14291,14554
44b6_87bba6c4,14292,14586
44b6_87bba6c4,14293,14698
44b6_87bba6c4,14295,14622
44b6_87bba6c4,14297,14517
44b6_87bba6c4,14298,14713
44b6_87bba6c4,14300,14671
44b6_87bba6c4,14301,14466
44b6_87bba6c4,14302,14759
44b6_87bba6c4,14303,14573
44b6_87bba6c4,14305,14519
44b6_87bba6c4,14307,14615
44b6_87bba6c4,14309,14715
44b6_87bba6c4,14311,14758
44b6_87bba6c4,14312,14718
44b6_87bba6c4,14315,14737
44b6_87bba6c4,14318,14709
44b6_87bba6c4,14321,14729
44b6_87bba6c4,14322,14750
44b6_87bba6c4,14323,14802
44b6_87bba6c4,14324,14497
44b6_87bba6c4,14327,14610
44b6_87bba6c4,14329,14646
44b6_87bba6c4,14330,14712
44b6_87bba6c4,14344,14748
44b6_87bba6c4,14345,14568
44b6_87bba6c4,14346,14842
44b6_87bba6c4,14347,14649
44b6_87bba6c4,14349,14690
44b6_87bba6c4,14351,14641
44b6_87bba6c4,14352,14633
44b6_87bba6c4,14356,14611
44b6_87bba6c4,14357,14487
44b6_87bba6c4,14360,14781
44b6_87bba6c4,14365,14688
44b6_87bba6c4,14366,14785
44b6_87bba6c4,14367,14769
44b6_87bba6c4,14370,14796
44b6_87bba6c4,14373,14544
44b6_87bba6c4,14375,14736
44b6_87bba6c4,14379,14540
44b6_87bba6c4,14380,14725
44b6_87bba6c4,14381,14810
44b6_87bba6c4,14384,14667
44b6_87bba6c4,14389,14831
44b6_87bba6c4,14390,14751
44b6_87bba6c4,14397,14789
44b6_87bba6c4,14407,14816
44b6_87bba6c4,14408,14738
44b6_87bba6c4,14414,14697
44b6_87bba6c4,14415,14772
44b6_87bba6c4,14422,14594
44b6_87bba6c4,14430,14689
44b6_87bba6c4,14438,14847
44b6_87bba6c4,14439,14679
44b6_87bba6c4,14441,14764
44b6_87bba6c4,14466,15138
44b6_87bba6c4,14468,14866
44b6_87bba6c4,14470,15166
44b6_87bba6c4,14471,14995
44b6_87bba6c4,14472,15065
44b6_87bba6c4,14474,14853
44b6_87bba6c4,14475,14935
44b6_87bba6c4,14480,14892
44b6_87bba6c4,14485,14865
44b6_87bba6c4,14488,14896
44b6_87bba6c4,14489,14852
44b6_87bba6c4,14493,15007
44b6_87bba6c4,14495,14884
44b6_87bba6c4,14496,14938
44b6_87bba6c4,14497,14881
44b6_87bba6c4,14500,14981
44b6_87bba6c4,14502,15010
44b6_87bba6c4,14504,14920
44b6_87bba6c4,14506,14886
44b6_87bba6c4,14508,14858
44b6_87bba6c4,14509,14887
44b6_87bba6c4,14511,15028
44b6_87bba6c4,14512,14913
44b6_87bba6c4,14516,15004
44b6_87bba6c4,14517,14961
44b6_87bba6c4,14520,14949
44b6_87bba6c4,14526,14956
44b6_87bba6c4,14529,14918
44b6_87bba6c4,14531,15188
44b6_87bba6c4,14535,14903
44b6_87bba6c4,14536,15001
44b6_87bba6c4,14537,14946
44b6_87bba6c4,14538,14945
44b6_87bba6c4,14539,14958
44b6_87bba6c4,14540,15024
44b6_87bba6c4,14545,15077
44b6_87bba6c4,14548,15019
44b6_87bba6c4,14549,15146
44b6_87bba6c4,14550,15055
44b6_87bba6c4,14552,14966
44b6_87bba6c4,14555,14940
44b6_87bba6c4,14556,15137
44b6_87bba6c4,14557,14947
44b6_87bba6c4,14558,14999
44b6_87bba6c4,14561,15209
44b6_87bba6c4,14563,14954
44b6_87bba6c4,14564,14906
44b6_87bba6c4,14567,14939
44b6_87bba6c4,14568,15105
44b6_87bba6c4,14572,15057
44b6_87bba6c4,14573,15002
44b6_87bba6c4,14575,15027
44b6_87bba6c4,14577,15153
44b6_87bba6c4,14578,14984
44b6_87bba6c4,14579,15140
44b6_87bba6c4,14581,15164
44b6_87bba6c4,14582,15040
44b6_87bba6c4,14585,14857
44b6_87bba6c4,14586,15145
44b6_87bba6c4,14587,14976
44b6_87bba6c4,14589,15141
44b6_87bba6c4,14591,14904
44b6_87bba6c4,14593,14893
44b6_87bba6c4,14594,15151
44b6_87bba6c4,14596,14991
44b6_87bba6c4,14599,15064
44b6_87bba6c4,14600,14876
44b6_87bba6c4,14601,15101
44b6_87bba6c4,14602,15039
44b6_87bba6c4,14603,15109
44b6_87bba6c4,14604,14986
44b6_87bba6c4,14605,14927
44b6_87bba6c4,14609,15049
44b6_87bba6c4,14611,15173
44b6_87bba6c4,14613,15112
44b6_87bba6c4,14616,14953
44b6_87bba6c4,14619,14901
44b6_87bba6c4,14621,14982
44b6_87bba6c4,14624,15015
44b6_87bba6c4,14625,15097
44b6_87bba6c4,14626,15093
44b6_87bba6c4,14628,15074
44b6_87bba6c4,14630,14944
44b6_87bba6c4,14632,14874
44b6_87bba6c4,14634,15187
44b6_87bba6c4,14636,15021
44b6_87bba6c4,14638,15070
44b6_87bba6c4,14639,15126
44b6_87bba6c4,14644,15035
44b6_87bba6c4,14646,15062
44b6_87bba6c4,14648,14898
44b6_87bba6c4,14650,15016
44b6_87bba6c4,14651,14890
44b6_87bba6c4,14652,14888
44b6_87bba6c4,14653,15008
44b6_87bba6c4,14654,14977
44b6_87bba6c4,14658,15124
44b6_87bba6c4,14659,15056
44b6_87bba6c4,14661,15089
44b6_87bba6c4,14662,14851
44b6_87bba6c4,14666,14941
44b6_87bba6c4,14669,15099
44b6_87bba6c4,14670,15085
44b6_87bba6c4,14674,15025
44b6_87bba6c4,14676,15130
44b6_87bba6c4,14681,15098
44b6_87bba6c4,14683,14861
44b6_87bba6c4,14685,14978
44b6_87bba6c4,14687,15162
44b6_87bba6c4,14691,14882
44b6_87bba6c4,14692,14969
44b6_87bba6c4,14696,15088
44b6_87bba6c4,14697,15080
44b6_87bba6c4,14699,15208
44b6_87bba6c4,14700,15000
44b6_87bba6c4,14701,15041
44b6_87bba6c4,14702,15203
44b6_87bba6c4,14705,15034
44b6_87bba6c4,14709,15104
44b6_87bba6c4,14711,15046
44b6_87bba6c4,14712,15117
44b6_87bba6c4,14714,14868
44b6_87bba6c4,14715,15031
44b6_87bba6c4,14719,14899
44b6_87bba6c4,14720,15185
44b6_87bba6c4,14721,15202
44b6_87bba6c4,14728,15107
44b6_87bba6c4,14730,15005
44b6_87bba6c4,14732,15061
44b6_87bba6c4,14733,15051
44b6_87bba6c4,14734,15142
44b6_87bba6c4,14735,14931
44b6_87bba6c4,14738,15129
44b6_87bba6c4,14739,15053
44b6_87bba6c4,14740,15169
44b6_87bba6c4,14741,14979
44b6_87bba6c4,14745,15163
44b6_87bba6c4,14752,15152
44b6_87bba6c4,14754,15100
44b6_87bba6c4,14756,14983
44b6_87bba6c4,14767,15176
44b6_87bba6c4,14774,15121
44b6_87bba6c4,14780,15058
44b6_87bba6c4,14783,15174
44b6_87bba6c4,14784,14952
44b6_87bba6c4,14785,15148
44b6_87bba6c4,14790,15091
44b6_87bba6c4,14793,15011
44b6_87bba6c4,14796,15156
44b6_87bba6c4,14798,14914
44b6_87bba6c4,14799,15132
44b6_87bba6c4,14806,15131
44b6_87bba6c4,14807,15198
44b6_87bba6c4,14818,15171
44b6_87bba6c4,14819,15135
44b6_87bba6c4,14820,15191
44b6_87bba6c4,14838,15022
44b6_87bba6c4,14845,15017
44b6_87bba6c4,14850,15326
44b6_87bba6c4,14851,15278
44b6_87bba6c4,14852,15242
44b6_87bba6c4,14853,15271
44b6_87bba6c4,14857,15362
44b6_87bba6c4,14858,15218
44b6_87bba6c4,14859,15360
44b6_87bba6c4,14861,15455
44b6_87bba6c4,14865,15217
44b6_87bba6c4,14866,15215
44b6_87bba6c4,14868,15406
44b6_87bba6c4,14871,15485
44b6_87bba6c4,14874,15264
44b6_87bba6c4,14876,15352
44b6_87bba6c4,14881,15363
44b6_87bba6c4,14882,15334
44b6_87bba6c4,14884,15259
44b6_87bba6c4,14886,15224
44b6_87bba6c4,14888,15313
44b6_87bba6c4,14890,15409
44b6_87bba6c4,14892,15261
44b6_87bba6c4,14893,15373
44b6_87bba6c4,14894,15338
44b6_87bba6c4,14896,15225
44b6_87bba6c4,14899,15441
44b6_87bba6c4,14901,15262
44b6_87bba6c4,14903,15385
44b6_87bba6c4,14905,15244
44b6_87bba6c4,14906,15282
44b6_87bba6c4,14913,15239
44b6_87bba6c4,14914,15544
44b6_87bba6c4,14916,15274
44b6_87bba6c4,14918,15294
44b6_87bba6c4,14919,15530
44b6_87bba6c4,14920,15306
44b6_87bba6c4,14922,15539
44b6_87bba6c4,14924,15322
44b6_87bba6c4,14927,15323
44b6_87bba6c4,14935,15231
44b6_87bba6c4,14937,15281
44b6_87bba6c4,14939,15376
44b6_87bba6c4,14940,15304
44b6_87bba6c4,14941,15461
44b6_87bba6c4,14943,15258
44b6_87bba6c4,14945,15221
44b6_87bba6c4,14946,15516
44b6_87bba6c4,14947,15295
44b6_87bba6c4,14951,15475
44b6_87bba6c4,14953,15342
44b6_87bba6c4,14956,15227
44b6_87bba6c4,14958,15286
44b6_87bba6c4,14961,15350
44b6_87bba6c4,14965,15256
44b6_87bba6c4,14966,15349
44b6_87bba6c4,14970,15321
44b6_87bba6c4,14976,15297
44b6_87bba6c4,14977,15380
44b6_87bba6c4,14978,15543
44b6_87bba6c4,14979,15507
44b6_87bba6c4,14981,15267
44b6_87bba6c4,14983,15511
44b6_87bba6c4,14984,15272
44b6_87bba6c4,14988,15266
44b6_87bba6c4,14991,15291
44b6_87bba6c4,14999,15339
44b6_87bba6c4,15000,15570
44b6_87bba6c4,15001,15255
44b6_87bba6c4,15002,15337
44b6_87bba6c4,15003,15328
44b6_87bba6c4,15004,15265
44b6_87bba6c4,15005,15484
44b6_87bba6c4,15006,15280
44b6_87bba6c4,15007,15279
44b6_87bba6c4,15011,15525
44b6_87bba6c4,15012,15316
44b6_87bba6c4,15013,15366
44b6_87bba6c4,15014,15397
44b6_87bba6c4,15015,15378
44b6_87bba6c4,15016,15311
44b6_87bba6c4,15017,15444
44b6_87bba6c4,15020,15497
44b6_87bba6c4,15021,15394
44b6_87bba6c4,15025,15533
44b6_87bba6c4,15027,15492
44b6_87bba6c4,15028,15285
44b6_87bba6c4,15029,15417
44b6_87bba6c4,15032,15361
44b6_87bba6c4,15033,15268
44b6_87bba6c4,15035,15537
44b6_87bba6c4,15036,15348
44b6_87bba6c4,15039,15458
44b6_87bba6c4,15041,15468
44b6_87bba6c4,15046,15488
44b6_87bba6c4,15049,15344
44b6_87bba6c4,15051,15496
44b6_87bba6c4,15053,15526
44b6_87bba6c4,15055,15254
44b6_87bba6c4,15056,15335
44b6_87bba6c4,15058,15595
44b6_87bba6c4,15059,15510
44b6_87bba6c4,15061,15498
44b6_87bba6c4,15062,15579
44b6_87bba6c4,15066,15584
44b6_87bba6c4,15067,15398
44b6_87bba6c4,15070,15401
44b6_87bba6c4,15071,15357
44b6_87bba6c4,15074,15437
44b6_87bba6c4,15077,15336
44b6_87bba6c4,15078,15547
44b6_87bba6c4,15083,15476
44b6_87bba6c4,15084,15296
44b6_87bba6c4,15085,15372
44b6_87bba6c4,15086,15293
44b6_87bba6c4,15088,15382
44b6_87bba6c4,15090,15512
44b6_87bba6c4,15091,15536
44b6_87bba6c4,15093,15427
44b6_87bba6c4,15097,15324
44b6_87bba6c4,15098,15410
44b6_87bba6c4,15099,15309
44b6_87bba6c4,15100,15450
44b6_87bba6c4,15101,15396
44b6_87bba6c4,15104,15502
44b6_87bba6c4,15105,15480
44b6_87bba6c4,15107,15443
44b6_87bba6c4,15111,15490
44b6_87bba6c4,15113,15332
44b6_87bba6c4,15121,15432
44b6_87bba6c4,15122,15319
44b6_87bba6c4,15125,15515
44b6_87bba6c4,15126,15354
44b6_87bba6c4,15130,15460
44b6_87bba6c4,15132,15472
44b6_87bba6c4,15137,15425
44b6_87bba6c4,15138,15318
44b6_87bba6c4,15140,15459
44b6_87bba6c4,15141,15238
44b6_87bba6c4,15142,15495
44b6_87bba6c4,15146,15365
44b6_87bba6c4,15147,15395
44b6_87bba6c4,15150,15494
44b6_87bba6c4,15153,15389
44b6_87bba6c4,15154,15586
44b6_87bba6c4,15156,15591
44b6_87bba6c4,15162,15423
44b6_87bba6c4,15166,15235
44b6_87bba6c4,15169,15416
44b6_87bba6c4,15172,15340
44b6_87bba6c4,15173,15517
44b6_87bba6c4,15174,15524
44b6_87bba6c4,15176,15356
44b6_87bba6c4,15179,15405
44b6_87bba6c4,15185,15523
44b6_87bba6c4,15186,15456
44b6_87bba6c4,15193,15506
44b6_87bba6c4,15198,15571
44b6_87bba6c4,15201,15589
44b6_87bba6c4,15214,15599
44b6_87bba6c4,15215,15695
44b6_87bba6c4,15216,15603
44b6_87bba6c4,15217,15630
44b6_87bba6c4,15218,15614
44b6_87bba6c4,15221,15785
44b6_87bba6c4,15224,15623
44b6_87bba6c4,15225,15650
44b6_87bba6c4,15226,15736
44b6_87bba6c4,15227,15639
44b6_87bba6c4,15230,15618
44b6_87bba6c4,15232,15659
44b6_87bba6c4,15234,15628
44b6_87bba6c4,15235,15638
44b6_87bba6c4,15236,15914
44b6_87bba6c4,15238,15648
44b6_87bba6c4,15239,15922
44b6_87bba6c4,15240,15655
44b6_87bba6c4,15242,15602
44b6_87bba6c4,15243,15626
44b6_87bba6c4,15244,15608
44b6_87bba6c4,15245,15692
44b6_87bba6c4,15246,15670
44b6_87bba6c4,15249,15624
44b6_87bba6c4,15250,15642
44b6_87bba6c4,15251,15606
44b6_87bba6c4,15252,15646
44b6_87bba6c4,15253,15647
44b6_87bba6c4,15254,15866
44b6_87bba6c4,15255,15944
44b6_87bba6c4,15257,15611
44b6_87bba6c4,15259,15616
44b6_87bba6c4,15260,15952
44b6_87bba6c4,15261,15612
44b6_87bba6c4,15262,15907
44b6_87bba6c4,15264,15617
44b6_87bba6c4,15266,15683
44b6_87bba6c4,15267,15723
44b6_87bba6c4,15269,15641
44b6_87bba6c4,15272,15781
44b6_87bba6c4,15273,15863
44b6_87bba6c4,15274,15724
44b6_87bba6c4,15276,15709
44b6_87bba6c4,15277,15835
44b6_87bba6c4,15278,15622
44b6_87bba6c4,15279,15652
44b6_87bba6c4,15280,15757
44b6_87bba6c4,15281,15714
44b6_87bba6c4,15283,15654
44b6_87bba6c4,15284,15720
44b6_87bba6c4,15285,15658
44b6_87bba6c4,15286,15912
44b6_87bba6c4,15287,15661
44b6_87bba6c4,15289,15615
44b6_87bba6c4,15292,15711
44b6_87bba6c4,15295,15610
44b6_87bba6c4,15296,15850
44b6_87bba6c4,15299,15672
44b6_87bba6c4,15300,15823
44b6_87bba6c4,15302,15761
44b6_87bba6c4,15304,15675
44b6_87bba6c4,15305,15681
44b6_87bba6c4,15306,15676
44b6_87bba6c4,15307,15604
44b6_87bba6c4,15309,15677
44b6_87bba6c4,15311,15789
44b6_87bba6c4,15312,15734
44b6_87bba6c4,15313,15644
44b6_87bba6c4,15315,15730
44b6_87bba6c4,15316,15873
44b6_87bba6c4,15317,15737
44b6_87bba6c4,15318,15688
44b6_87bba6c4,15319,15684
44b6_87bba6c4,15322,15817
44b6_87bba6c4,15324,15629
44b6_87bba6c4,15325,15759
44b6_87bba6c4,15326,15669
44b6_87bba6c4,15327,15745
44b6_87bba6c4,15329,15657
44b6_87bba6c4,15330,15715
44b6_87bba6c4,15331,15738
44b6_87bba6c4,15334,15633
44b6_87bba6c4,15335,15802
44b6_87bba6c4,15336,15710
44b6_87bba6c4,15337,15725
44b6_87bba6c4,15339,15760
44b6_87bba6c4,15340,15776
44b6_87bba6c4,15341,15689
44b6_87bba6c4,15343,15727
44b6_87bba6c4,15344,15719
44b6_87bba6c4,15345,15741
44b6_87bba6c4,15346,15682
44b6_87bba6c4,15348,15837
44b6_87bba6c4,15349,15713
44b6_87bba6c4,15350,15653
44b6_87bba6c4,15353,15792
44b6_87bba6c4,15355,15707
44b6_87bba6c4,15356,15767
44b6_87bba6c4,15358,15746
44b6_87bba6c4,15360,15729
44b6_87bba6c4,15362,15772
44b6_87bba6c4,15364,15818
44b6_87bba6c4,15366,15756
44b6_87bba6c4,15367,15751
44b6_87bba6c4,15368,15747
44b6_87bba6c4,15369,15597
44b6_87bba6c4,15370,15783
44b6_87bba6c4,15371,15691
44b6_87bba6c4,15373,15706
44b6_87bba6c4,15374,15755
44b6_87bba6c4,15375,15662
44b6_87bba6c4,15376,15869
44b6_87bba6c4,15377,15764
44b6_87bba6c4,15378,15800
44b6_87bba6c4,15379,15665
44b6_87bba6c4,15382,15752
44b6_87bba6c4,15383,15750
44b6_87bba6c4,15384,15819
44b6_87bba6c4,15385,15651
44b6_87bba6c4,15387,15726
44b6_87bba6c4,15388,15687
44b6_87bba6c4,15389,15795
44b6_87bba6c4,15393,15856
44b6_87bba6c4,15394,15854
44b6_87bba6c4,15396,15881
44b6_87bba6c4,15397,15902
44b6_87bba6c4,15399,15846
44b6_87bba6c4,15400,15753
44b6_87bba6c4,15401,15765
44b6_87bba6c4,15402,15636
44b6_87bba6c4,15404,15889
44b6_87bba6c4,15405,15814
44b6_87bba6c4,15406,15797
44b6_87bba6c4,15407,15784
44b6_87bba6c4,15409,15815
44b6_87bba6c4,15412,15876
44b6_87bba6c4,15415,15827
44b6_87bba6c4,15416,15890
44b6_87bba6c4,15418,15813
44b6_87bba6c4,15419,15825
44b6_87bba6c4,15420,15773
44b6_87bba6c4,15421,15887
44b6_87bba6c4,15423,15829
44b6_87bba6c4,15424,15728
44b6_87bba6c4,15426,15849
44b6_87bba6c4,15427,15666
44b6_87bba6c4,15429,15782
44b6_87bba6c4,15430,15793
44b6_87bba6c4,15431,15845
44b6_87bba6c4,15432,15844
44b6_87bba6c4,15434,15775
44b6_87bba6c4,15435,15742
44b6_87bba6c4,15439,15787
44b6_87bba6c4,15440,15774
44b6_87bba6c4,15441,15806
44b6_87bba6c4,15443,15904
44b6_87bba6c4,15445,15645
44b6_87bba6c4,15446,15809
44b6_87bba6c4,15450,15780
44b6_87bba6c4,15451,15884
44b6_87bba6c4,15453,15871
44b6_87bba6c4,15455,15788
44b6_87bba6c4,15458,15717
44b6_87bba6c4,15460,15685
44b6_87bba6c4,15461,15631
44b6_87bba6c4,15462,15832
44b6_87bba6c4,15463,15762
44b6_87bba6c4,15464,15853
44b6_87bba6c4,15466,15915
44b6_87bba6c4,15468,15870
44b6_87bba6c4,15471,15847
44b6_87bba6c4,15472,15801
44b6_87bba6c4,15473,15908
44b6_87bba6c4,15474,15649
44b6_87bba6c4,15475,15855
44b6_87bba6c4,15476,15791
44b6_87bba6c4,15477,15810
44b6_87bba6c4,15478,15831
44b6_87bba6c4,15479,15699
44b6_87bba6c4,15480,15807
44b6_87bba6c4,15482,15693
44b6_87bba6c4,15483,15859
44b6_87bba6c4,15484,15886
44b6_87bba6c4,15488,15883
44b6_87bba6c4,15489,15841
44b6_87bba6c4,15490,15842
44b6_87bba6c4,15491,15838
44b6_87bba6c4,15493,15880
44b6_87bba6c4,15495,15777
44b6_87bba6c4,15496,15744
44b6_87bba6c4,15499,15875
44b6_87bba6c4,15502,15811
44b6_87bba6c4,15503,15861
44b6_87bba6c4,15504,15840
44b6_87bba6c4,15506,15901
44b6_87bba6c4,15507,15878
44b6_87bba6c4,15508,15947
44b6_87bba6c4,15511,15946
44b6_87bba6c4,15512,15910
44b6_87bba6c4,15513,15879
44b6_87bba6c4,15516,15637
44b6_87bba6c4,15517,15867
44b6_87bba6c4,15518,15955
44b6_87bba6c4,15519,15826
44b6_87bba6c4,15520,15913
44b6_87bba6c4,15524,15804
44b6_87bba6c4,15525,15833
44b6_87bba6c4,15526,15864
44b6_87bba6c4,15527,15898
44b6_87bba6c4,15529,15816
44b6_87bba6c4,15531,15928
44b6_87bba6c4,15533,15930
44b6_87bba6c4,15535,15951
44b6_87bba6c4,15536,15927
44b6_87bba6c4,15537,15739
44b6_87bba6c4,15538,15786
44b6_87bba6c4,15539,15771
44b6_87bba6c4,15540,15903
44b6_87bba6c4,15544,15900
44b6_87bba6c4,15545,15790
44b6_87bba6c4,15549,15917
44b6_87bba6c4,15550,15920
44b6_87bba6c4,15554,15940
44b6_87bba6c4,15555,15924
44b6_87bba6c4,15556,15958
44b6_87bba6c4,15558,15941
44b6_87bba6c4,15568,15919
44b6_87bba6c4,15570,15964
44b6_87bba6c4,15571,15933
44b6_87bba6c4,15572,15868
44b6_87bba6c4,15574,15950
44b6_87bba6c4,15575,15877
44b6_87bba6c4,15576,15942
44b6_87bba6c4,15580,15959
44b6_87bba6c4,15587,15967
44b6_87bba6c4,15595,15892
44b6_87bba6c4,15597,16084
44b6_87bba6c4,15602,16074
44b6_87bba6c4,15603,16002
44b6_87bba6c4,15604,16031
44b6_87bba6c4,15606,16297
44b6_87bba6c4,15608,16001
44b6_87bba6c4,15610,16056
44b6_87bba6c4,15611,16017
44b6_87bba6c4,15613,16121
44b6_87bba6c4,15616,16009
44b6_87bba6c4,15617,15982
44b6_87bba6c4,15619,16152
44b6_87bba6c4,15622,16035
44b6_87bba6c4,15624,16134
44b6_87bba6c4,15628,16021
44b6_87bba6c4,15629,16025
44b6_87bba6c4,15630,16069
44b6_87bba6c4,15631,16022
44b6_87bba6c4,15633,16062
44b6_87bba6c4,15636,16249
44b6_87bba6c4,15639,16013
44b6_87bba6c4,15641,15996
44b6_87bba6c4,15642,15999
44b6_87bba6c4,15646,16048
44b6_87bba6c4,15647,16029
44b6_87bba6c4,15648,16174
44b6_87bba6c4,15650,15985
44b6_87bba6c4,15654,16000
44b6_87bba6c4,15655,15983
44b6_87bba6c4,15656,16015
44b6_87bba6c4,15657,15976
44b6_87bba6c4,15658,16055
44b6_87bba6c4,15659,16248
44b6_87bba6c4,15662,16106
44b6_87bba6c4,15666,15978
44b6_87bba6c4,15670,16126
44b6_87bba6c4,15671,16239
44b6_87bba6c4,15672,16090
44b6_87bba6c4,15673,15990
44b6_87bba6c4,15675,16170
44b6_87bba6c4,15683,16034
44b6_87bba6c4,15684,16154
44b6_87bba6c4,15691,16026
44b6_87bba6c4,15692,16059
44b6_87bba6c4,15693,16050
44b6_87bba6c4,15694,16198
44b6_87bba6c4,15695,15971
44b6_87bba6c4,15699,16185
44b6_87bba6c4,15706,16269
44b6_87bba6c4,15707,16041
44b6_87bba6c4,15708,16099
44b6_87bba6c4,15709,16058
44b6_87bba6c4,15710,16197
44b6_87bba6c4,15711,16230
44b6_87bba6c4,15712,16130
44b6_87bba6c4,15713,16094
44b6_87bba6c4,15714,16033
44b6_87bba6c4,15715,16187
44b6_87bba6c4,15716,15980
44b6_87bba6c4,15717,16330
44b6_87bba6c4,15718,16329
44b6_87bba6c4,15719,16116
44b6_87bba6c4,15721,16158
44b6_87bba6c4,15723,16091
44b6_87bba6c4,15725,16125
44b6_87bba6c4,15727,16110
44b6_87bba6c4,15728,16229
44b6_87bba6c4,15730,16071
44b6_87bba6c4,15731,16213
44b6_87bba6c4,15734,16083
44b6_87bba6c4,15735,16216
44b6_87bba6c4,15736,16045
44b6_87bba6c4,15737,15997
44b6_87bba6c4,15738,16105
44b6_87bba6c4,15740,16039
44b6_87bba6c4,15741,16232
44b6_87bba6c4,15742,16258
44b6_87bba6c4,15744,16189
44b6_87bba6c4,15745,16102
44b6_87bba6c4,15746,16268
44b6_87bba6c4,15748,16195
44b6_87bba6c4,15750,16051
44b6_87bba6c4,15752,16111
44b6_87bba6c4,15755,16127
44b6_87bba6c4,15756,16179
44b6_87bba6c4,15757,16101
44b6_87bba6c4,15758,16246
44b6_87bba6c4,15759,16061
44b6_87bba6c4,15760,16196
44b6_87bba6c4,15762,16081
44b6_87bba6c4,15763,16112
44b6_87bba6c4,15765,16098
44b6_87bba6c4,15766,16302
44b6_87bba6c4,15767,16271
44b6_87bba6c4,15768,16186
44b6_87bba6c4,15770,16137
44b6_87bba6c4,15774,16304
44b6_87bba6c4,15776,16060
44b6_87bba6c4,15783,16037
44b6_87bba6c4,15784,16208
44b6_87bba6c4,15785,15986
44b6_87bba6c4,15787,16143
44b6_87bba6c4,15789,16024
44b6_87bba6c4,15790,16175
44b6_87bba6c4,15792,16234
44b6_87bba6c4,15794,16065
44b6_87bba6c4,15795,16149
44b6_87bba6c4,15797,16018
44b6_87bba6c4,15799,16007
44b6_87bba6c4,15801,16073
44b6_87bba6c4,15802,16254
44b6_87bba6c4,15803,16331
44b6_87bba6c4,15805,16164
44b6_87bba6c4,15807,15984
44b6_87bba6c4,15809,16206
44b6_87bba6c4,15810,16334
44b6_87bba6c4,15812,16044
44b6_87bba6c4,15813,16178
44b6_87bba6c4,15814,16166
44b6_87bba6c4,15815,15995
44b6_87bba6c4,15816,16142
44b6_87bba6c4,15819,16238
44b6_87bba6c4,15820,16317
44b6_87bba6c4,15828,16124
44b6_87bba6c4,15831,16224
44b6_87bba6c4,15832,16155
44b6_87bba6c4,15833,16123
44b6_87bba6c4,15837,16138
44b6_87bba6c4,15840,16261
44b6_87bba6c4,15841,16314
44b6_87bba6c4,15843,16318
44b6_87bba6c4,15845,16183
44b6_87bba6c4,15846,16064
44b6_87bba6c4,15848,16337
44b6_87bba6c4,15854,16038
44b6_87bba6c4,15855,16049
44b6_87bba6c4,15859,16252
44b6_87bba6c4,15863,16028
44b6_87bba6c4,15865,16245
44b6_87bba6c4,15866,16023
44b6_87bba6c4,15867,16286
44b6_87bba6c4,15868,16211
44b6_87bba6c4,15869,15972
44b6_87bba6c4,15871,16136
44b6_87bba6c4,15880,16205
44b6_87bba6c4,15881,16190
44b6_87bba6c4,15884,16165
44b6_87bba6c4,15886,16173
44b6_87bba6c4,15887,15993
44b6_87bba6c4,15891,16169
44b6_87bba6c4,15900,16223
44b6_87bba6c4,15907,16222
44b6_87bba6c4,15908,16320
44b6_87bba6c4,15910,16075
44b6_87bba6c4,15911,16163
44b6_87bba6c4,15912,16072
44b6_87bba6c4,15914,15979
44b6_87bba6c4,15926,16250
44b6_87bba6c4,15927,16172
44b6_87bba6c4,15930,16241
44b6_87bba6c4,15933,16290
44b6_87bba6c4,15939,16089
44b6_87bba6c4,15941,16280
44b6_87bba6c4,15942,16312
44b6_87bba6c4,15943,16262
44b6_87bba6c4,15945,16192
44b6_87bba6c4,15953,16253
44b6_87bba6c4,15957,16295
44b6_87bba6c4,15958,16343
44b6_87bba6c4,15959,16332
44b6_87bba6c4,15960,16294
44b6_87bba6c4,15969,16469
44b6_87bba6c4,15973,16380
44b6_87bba6c4,15976,16629
44b6_87bba6c4,15977,16467
44b6_87bba6c4,15978,16594
44b6_87bba6c4,15981,16403
44b6_87bba6c4,15982,16514
44b6_87bba6c4,15983,16728
44b6_87bba6c4,15989,16597
44b6_87bba6c4,15990,16649
44b6_87bba6c4,15992,16484
44b6_87bba6c4,15993,16487
44b6_87bba6c4,15995,16553
44b6_87bba6c4,15998,16378
44b6_87bba6c4,15999,16370
44b6_87bba6c4,16000,16359
44b6_87bba6c4,16005,16530
44b6_87bba6c4,16008,16457
44b6_87bba6c4,16013,16375
44b6_87bba6c4,16014,16521
44b6_87bba6c4,16015,16421
44b6_87bba6c4,16016,16408
44b6_87bba6c4,16017,16490
44b6_87bba6c4,16018,16353
44b6_87bba6c4,16029,16470
44b6_87bba6c4,16036,16559
44b6_87bba6c4,16040,16460
44b6_87bba6c4,16043,16491
44b6_87bba6c4,16047,16349
44b6_87bba6c4,16048,16426
44b6_87bba6c4,16049,16661
44b6_87bba6c4,16051,16486
44b6_87bba6c4,16054,16419
44b6_87bba6c4,16056,16535
44b6_87bba6c4,16057,16404
44b6_87bba6c4,16058,16498
44b6_87bba6c4,16059,16608
44b6_87bba6c4,16062,16585
44b6_87bba6c4,16064,16432
44b6_87bba6c4,16065,16523
44b6_87bba6c4,16067,16472
44b6_87bba6c4,16068,16473
44b6_87bba6c4,16073,16405
44b6_87bba6c4,16075,16428
44b6_87bba6c4,16077,16566
44b6_87bba6c4,16082,16371
44b6_87bba6c4,16083,16442
44b6_87bba6c4,16086,16572
44b6_87bba6c4,16087,16571
44b6_87bba6c4,16090,16529
44b6_87bba6c4,16092,16437
44b6_87bba6c4,16093,16459
44b6_87bba6c4,16096,16453
44b6_87bba6c4,16097,16627
44b6_87bba6c4,16101,16658
44b6_87bba6c4,16104,16544
44b6_87bba6c4,16105,16485
44b6_87bba6c4,16106,16388
44b6_87bba6c4,16107,16595
44b6_87bba6c4,16109,16494
44b6_87bba6c4,16113,16619
44b6_87bba6c4,16116,16583
44b6_87bba6c4,16122,16584
44b6_87bba6c4,16126,16588
44b6_87bba6c4,16127,16660
44b6_87bba6c4,16128,16622
44b6_87bba6c4,16130,16346
44b6_87bba6c4,16132,16499
44b6_87bba6c4,16135,16556
44b6_87bba6c4,16136,16554
44b6_87bba6c4,16137,16458
44b6_87bba6c4,16141,16574
44b6_87bba6c4,16143,16402
44b6_87bba6c4,16145,16354
44b6_87bba6c4,16148,16462
44b6_87bba6c4,16150,16449
44b6_87bba6c4,16153,16439
44b6_87bba6c4,16156,16709
44b6_87bba6c4,16157,16397
44b6_87bba6c4,16158,16718
44b6_87bba6c4,16160,16434
44b6_87bba6c4,16162,16604
44b6_87bba6c4,16165,16355
44b6_87bba6c4,16166,16625
44b6_87bba6c4,16168,16540
44b6_87bba6c4,16170,16452
44b6_87bba6c4,16171,16656
44b6_87bba6c4,16172,16578
44b6_87bba6c4,16174,16510
44b6_87bba6c4,16176,16560
44b6_87bba6c4,16177,16699
44b6_87bba6c4,16181,16557
44b6_87bba6c4,16183,16727
44b6_87bba6c4,16184,16611
44b6_87bba6c4,16186,16483
44b6_87bba6c4,16188,16502
44b6_87bba6c4,16191,16441
44b6_87bba6c4,16195,16685
44b6_87bba6c4,16200,16446
44b6_87bba6c4,16203,16565
44b6_87bba6c4,16204,16413
44b6_87bba6c4,16205,16614
44b6_87bba6c4,16206,16361
44b6_87bba6c4,16208,16454
44b6_87bba6c4,16209,16599
44b6_87bba6c4,16210,16407
44b6_87bba6c4,16215,16461
44b6_87bba6c4,16216,16368
44b6_87bba6c4,16219,16635
44b6_87bba6c4,16222,16351
44b6_87bba6c4,16223,16600
44b6_87bba6c4,16224,16392
44b6_87bba6c4,16225,16394
44b6_87bba6c4,16227,16518
44b6_87bba6c4,16228,16440
44b6_87bba6c4,16236,16552
44b6_87bba6c4,16243,16382
44b6_87bba6c4,16251,16527
44b6_87bba6c4,16253,16643
44b6_87bba6c4,16254,16589
44b6_87bba6c4,16255,16495
44b6_87bba6c4,16257,16563
44b6_87bba6c4,16260,16640
44b6_87bba6c4,16262,16418
44b6_87bba6c4,16264,16561
44b6_87bba6c4,16270,16717
44b6_87bba6c4,16271,16633
44b6_87bba6c4,16272,16387
44b6_87bba6c4,16282,16729
44b6_87bba6c4,16290,16612
44b6_87bba6c4,16294,16694
44b6_87bba6c4,16295,16541
44b6_87bba6c4,16296,16425
44b6_87bba6c4,16301,16526
44b6_87bba6c4,16303,16686
44b6_87bba6c4,16307,16721
44b6_87bba6c4,16316,16500
44b6_87bba6c4,16322,16680
44b6_87bba6c4,16325,16444
44b6_87bba6c4,16327,16569
44b6_87bba6c4,16339,16632
44b6_87bba6c4,16341,16616
44b6_87bba6c4,16345,16736
44b6_87bba6c4,16346,16731
44b6_87bba6c4,16347,16733
44b6_87bba6c4,16348,16734
44b6_87bba6c4,16349,16752
44b6_87bba6c4,16350,16732
44b6_87bba6c4,16351,16740
44b6_87bba6c4,16352,16745
44b6_87bba6c4,16353,16735
44b6_87bba6c4,16354,16737
44b6_87bba6c4,16355,16730
44b6_87bba6c4,16356,16753
44b6_87bba6c4,16357,16762
44b6_87bba6c4,16358,16770
44b6_87bba6c4,16359,16739
44b6_87bba6c4,16360,16767
44b6_87bba6c4,16361,16743
44b6_87bba6c4,16362,16756
44b6_87bba6c4,16363,16746
44b6_87bba6c4,16364,16814
44b6_87bba6c4,16365,16749
44b6_87bba6c4,16366,16747
44b6_87bba6c4,16367,16845
44b6_87bba6c4,16368,16763
44b6_87bba6c4,16369,16748
44b6_87bba6c4,16370,16791
44b6_87bba6c4,16371,16769
44b6_87bba6c4,16372,16757
44b6_87bba6c4,16373,16768
44b6_87bba6c4,16374,16738
44b6_87bba6c4,16375,16758
44b6_87bba6c4,16376,16786
44b6_87bba6c4,16377,16750
44b6_87bba6c4,16378,16765
44b6_87bba6c4,16379,16742
44b6_87bba6c4,16380,16833
44b6_87bba6c4,16381,16754
44b6_87bba6c4,16382,16774
44b6_87bba6c4,16383,16764
44b6_87bba6c4,16384,16800
44b6_87bba6c4,16385,16766
44b6_87bba6c4,16386,16806
44b6_87bba6c4,16388,16810
44b6_87bba6c4,16389,16859
44b6_87bba6c4,16390,16781
44b6_87bba6c4,16391,16755
44b6_87bba6c4,16392,16783
44b6_87bba6c4,16393,16798
44b6_87bba6c4,16394,16823
44b6_87bba6c4,16395,16808
44b6_87bba6c4,16396,16820
44b6_87bba6c4,16397,16777
44b6_87bba6c4,16398,16744
44b6_87bba6c4,16399,16805
44b6_87bba6c4,16400,16844
44b6_87bba6c4,16401,16856
44b6_87bba6c4,16402,16789
44b6_87bba6c4,16404,16784
44b6_87bba6c4,16405,16826
44b6_87bba6c4,16406,16773
44b6_87bba6c4,16409,16776
44b6_87bba6c4,16410,16939
44b6_87bba6c4,16411,16807
44b6_87bba6c4,16412,16793
44b6_87bba6c4,16413,16886
44b6_87bba6c4,16414,16787
44b6_87bba6c4,16415,16775
44b6_87bba6c4,16416,16824
44b6_87bba6c4,16417,16822
44b6_87bba6c4,16418,16799
44b6_87bba6c4,16419,16825
44b6_87bba6c4,16420,16867
44b6_87bba6c4,16421,16834
44b6_87bba6c4,16422,16771
44b6_87bba6c4,16423,16741
44b6_87bba6c4,16425,16816
44b6_87bba6c4,16426,16759
44b6_87bba6c4,16427,16795
44b6_87bba6c4,16428,16760
44b6_87bba6c4,16429,16751
44b6_87bba6c4,16430,16817
44b6_87bba6c4,16431,16838
44b6_87bba6c4,16432,16772
44b6_87bba6c4,16433,16813
44b6_87bba6c4,16434,16761
44b6_87bba6c4,16435,16847
44b6_87bba6c4,16436,16801
44b6_87bba6c4,16437,16884
44b6_87bba6c4,16438,16860
44b6_87bba6c4,16439,16778
44b6_87bba6c4,16441,16803
44b6_87bba6c4,16442,16929
44b6_87bba6c4,16443,16850
44b6_87bba6c4,16444,16796
44b6_87bba6c4,16445,16802
44b6_87bba6c4,16446,16835
44b6_87bba6c4,16448,16843
44b6_87bba6c4,16449,16819
44b6_87bba6c4,16451,16896
44b6_87bba6c4,16452,16779
44b6_87bba6c4,16453,16794
44b6_87bba6c4,16454,16882
44b6_87bba6c4,16455,16827
44b6_87bba6c4,16457,16875
44b6_87bba6c4,16458,16854
44b6_87bba6c4,16459,16870
44b6_87bba6c4,16460,16837
44b6_87bba6c4,16462,16888
44b6_87bba6c4,16463,16788
44b6_87bba6c4,16464,16836
44b6_87bba6c4,16465,16828
44b6_87bba6c4,16466,16897
44b6_87bba6c4,16467,16848
44b6_87bba6c4,16468,16922
44b6_87bba6c4,16469,16831
44b6_87bba6c4,16470,16809
44b6_87bba6c4,16471,16878
44b6_87bba6c4,16472,16797
44b6_87bba6c4,16473,16916
44b6_87bba6c4,16474,16815
44b6_87bba6c4,16475,16866
44b6_87bba6c4,16476,16914
44b6_87bba6c4,16478,16829
44b6_87bba6c4,16479,16852
44b6_87bba6c4,16480,16903
44b6_87bba6c4,16481,16873
44b6_87bba6c4,16483,16812
44b6_87bba6c4,16484,16947
44b6_87bba6c4,16485,16841
44b6_87bba6c4,16486,16842
44b6_87bba6c4,16487,16933
44b6_87bba6c4,16488,16889
44b6_87bba6c4,16489,16840
44b6_87bba6c4,16490,16876
44b6_87bba6c4,16491,17010
44b6_87bba6c4,16492,16940
44b6_87bba6c4,16493,16892
44b6_87bba6c4,16494,16912
44b6_87bba6c4,16496,16934
44b6_87bba6c4,16497,16943
44b6_87bba6c4,16498,16891
44b6_87bba6c4,16500,16976
44b6_87bba6c4,16501,16858
44b6_87bba6c4,16502,16904
44b6_87bba6c4,16503,16849
44b6_87bba6c4,16504,16883
44b6_87bba6c4,16505,16928
44b6_87bba6c4,16506,16863
44b6_87bba6c4,16507,16944
44b6_87bba6c4,16508,16811
44b6_87bba6c4,16509,16868
44b6_87bba6c4,16510,16911
44b6_87bba6c4,16511,16865
44b6_87bba6c4,16514,16906
44b6_87bba6c4,16515,16930
44b6_87bba6c4,16516,16900
44b6_87bba6c4,16517,17017
44b6_87bba6c4,16519,16864
44b6_87bba6c4,16520,16945
44b6_87bba6c4,16521,16832
44b6_87bba6c4,16522,16926
44b6_87bba6c4,16523,16901
44b6_87bba6c4,16526,16871
44b6_87bba6c4,16528,16902
44b6_87bba6c4,16529,16785
44b6_87bba6c4,16530,16830
44b6_87bba6c4,16531,16890
44b6_87bba6c4,16532,16790
44b6_87bba6c4,16533,16963
44b6_87bba6c4,16534,16885
44b6_87bba6c4,16535,16846
44b6_87bba6c4,16536,16954
44b6_87bba6c4,16538,16965
44b6_87bba6c4,16539,16874
44b6_87bba6c4,16540,16872
44b6_87bba6c4,16541,16861
44b6_87bba6c4,16542,17073
44b6_87bba6c4,16543,16923
44b6_87bba6c4,16544,16909
44b6_87bba6c4,16545,16955
44b6_87bba6c4,16547,17004
44b6_87bba6c4,16548,16941
44b6_87bba6c4,16549,17009
44b6_87bba6c4,16552,16881
44b6_87bba6c4,16553,16877
44b6_87bba6c4,16554,16879
44b6_87bba6c4,16555,16839
44b6_87bba6c4,16558,16971
44b6_87bba6c4,16559,16921
44b6_87bba6c4,16560,16880
44b6_87bba6c4,16561,16862
44b6_87bba6c4,16562,16913
44b6_87bba6c4,16563,16853
44b6_87bba6c4,16564,16919
44b6_87bba6c4,16565,16990
44b6_87bba6c4,16567,17003
44b6_87bba6c4,16569,16907
44b6_87bba6c4,16570,17013
44b6_87bba6c4,16572,16936
44b6_87bba6c4,16575,16967
44b6_87bba6c4,16576,16898
44b6_87bba6c4,16577,17014
44b6_87bba6c4,16578,16942
44b6_87bba6c4,16579,16969
44b6_87bba6c4,16580,17042
44b6_87bba6c4,16582,16804
44b6_87bba6c4,16584,16951
44b6_87bba6c4,16585,16949
44b6_87bba6c4,16586,16893
44b6_87bba6c4,16587,16957
44b6_87bba6c4,16590,16962
44b6_87bba6c4,16591,16915
44b6_87bba6c4,16592,16984
44b6_87bba6c4,16593,17011
44b6_87bba6c4,16595,16993
44b6_87bba6c4,16596,16948
44b6_87bba6c4,16598,16975
44b6_87bba6c4,16600,16925
44b6_87bba6c4,16602,16956
44b6_87bba6c4,16604,16938
44b6_87bba6c4,16605,16972
44b6_87bba6c4,16606,17005
44b6_87bba6c4,16607,17000
44b6_87bba6c4,16608,16961
44b6_87bba6c4,16609,16999
44b6_87bba6c4,16612,17006
44b6_87bba6c4,16613,16953
44b6_87bba6c4,16617,16895
44b6_87bba6c4,16618,16989
44b6_87bba6c4,16619,16927
44b6_87bba6c4,16620,16937
44b6_87bba6c4,16621,16950
44b6_87bba6c4,16622,16992
44b6_87bba6c4,16624,16991
44b6_87bba6c4,16625,17054
44b6_87bba6c4,16627,16966
44b6_87bba6c4,16629,17023
44b6_87bba6c4,16632,17100
44b6_87bba6c4,16636,17024
44b6_87bba6c4,16638,17064
44b6_87bba6c4,16639,17028
44b6_87bba6c4,16641,17015
44b6_87bba6c4,16644,16932
44b6_87bba6c4,16645,17038
44b6_87bba6c4,16646,16983
44b6_87bba6c4,16649,16982
44b6_87bba6c4,16650,17027
44b6_87bba6c4,16651,16987
44b6_87bba6c4,16652,17026
44b6_87bba6c4,16653,16935
44b6_87bba6c4,16654,17007
44b6_87bba6c4,16655,16958
44b6_87bba6c4,16656,17025
44b6_87bba6c4,16657,17052
44b6_87bba6c4,16658,16997
44b6_87bba6c4,16659,16887
44b6_87bba6c4,16660,17041
44b6_87bba6c4,16661,16978
44b6_87bba6c4,16664,17030
44b6_87bba6c4,16665,16988
44b6_87bba6c4,16666,17020
44b6_87bba6c4,16668,16996
44b6_87bba6c4,16669,17066
44b6_87bba6c4,16671,17053
44b6_87bba6c4,16672,17016
44b6_87bba6c4,16673,17068
44b6_87bba6c4,16674,17045
44b6_87bba6c4,16675,17040
44b6_87bba6c4,16678,17031
44b6_87bba6c4,16682,17048
44b6_87bba6c4,16683,17082
44b6_87bba6c4,16685,17063
44b6_87bba6c4,16686,16974
44b6_87bba6c4,16687,17072
44b6_87bba6c4,16689,17085
44b6_87bba6c4,16690,17047
44b6_87bba6c4,16691,17074
44b6_87bba6c4,16692,17051
44b6_87bba6c4,16694,17044
44b6_87bba6c4,16695,17075
44b6_87bba6c4,16699,17037
44b6_87bba6c4,16700,17094
44b6_87bba6c4,16704,17090
44b6_87bba6c4,16705,17089
44b6_87bba6c4,16709,17034
44b6_87bba6c4,16711,17002
44b6_87bba6c4,16714,17081
44b6_87bba6c4,16716,17033
44b6_87bba6c4,16721,17021
44b6_87bba6c4,16726,17102
44b6_87bba6c4,16727,17084
44b6_87bba6c4,16728,17099
44b6_87bba6c4,16730,17126
44b6_87bba6c4,16731,17110
44b6_87bba6c4,16732,17107
44b6_87bba6c4,16733,17109
44b6_87bba6c4,16734,17111
44b6_87bba6c4,16735,17114
44b6_87bba6c4,16736,17108
44b6_87bba6c4,16737,17116
44b6_87bba6c4,16738,17119
44b6_87bba6c4,16739,17120
44b6_87bba6c4,16740,17161
44b6_87bba6c4,16741,17127
44b6_87bba6c4,16742,17112
44b6_87bba6c4,16743,17139
44b6_87bba6c4,16744,17159
44b6_87bba6c4,16745,17129
44b6_87bba6c4,16746,17122
44b6_87bba6c4,16747,17146
44b6_87bba6c4,16748,17125
44b6_87bba6c4,16749,17133
44b6_87bba6c4,16750,17117
44b6_87bba6c4,16751,17128
44b6_87bba6c4,16752,17124
44b6_87bba6c4,16753,17208
44b6_87bba6c4,16754,17155
44b6_87bba6c4,16755,17130
44b6_87bba6c4,16756,17179
44b6_87bba6c4,16757,17180
44b6_87bba6c4,16758,17123
44b6_87bba6c4,16759,17175
44b6_87bba6c4,16760,17115
44b6_87bba6c4,16761,17156
44b6_87bba6c4,16762,17184
44b6_87bba6c4,16763,17173
44b6_87bba6c4,16764,17131
44b6_87bba6c4,16765,17176
44b6_87bba6c4,16766,17113
44b6_87bba6c4,16767,17149
44b6_87bba6c4,16768,17135
44b6_87bba6c4,16769,17185
44b6_87bba6c4,16770,17247
44b6_87bba6c4,16771,17183
44b6_87bba6c4,16772,17152
44b6_87bba6c4,16773,17143
44b6_87bba6c4,16774,17136
44b6_87bba6c4,16775,17145
44b6_87bba6c4,16776,17150
44b6_87bba6c4,16777,17141
44b6_87bba6c4,16779,17157
44b6_87bba6c4,16780,17254
44b6_87bba6c4,16781,17163
44b6_87bba6c4,16782,17167
44b6_87bba6c4,16783,17189
44b6_87bba6c4,16785,17233
44b6_87bba6c4,16786,17168
44b6_87bba6c4,16787,17137
44b6_87bba6c4,16788,17142
44b6_87bba6c4,16789,17132
44b6_87bba6c4,16791,17140
44b6_87bba6c4,16792,17229
44b6_87bba6c4,16793,17193
44b6_87bba6c4,16794,17205
44b6_87bba6c4,16795,17172
44b6_87bba6c4,16796,17147
44b6_87bba6c4,16797,17190
44b6_87bba6c4,16798,17138
44b6_87bba6c4,16799,17166
44b6_87bba6c4,16800,17416
44b6_87bba6c4,16801,17195
44b6_87bba6c4,16802,17148
44b6_87bba6c4,16803,17169
44b6_87bba6c4,16804,17206
44b6_87bba6c4,16805,17199
44b6_87bba6c4,16806,17154
44b6_87bba6c4,16807,17194
44b6_87bba6c4,16808,17257
44b6_87bba6c4,16809,17232
44b6_87bba6c4,16810,17174
44b6_87bba6c4,16811,17231
44b6_87bba6c4,16812,17177
44b6_87bba6c4,16813,17121
44b6_87bba6c4,16814,17312
44b6_87bba6c4,16815,17211
44b6_87bba6c4,16816,17165
44b6_87bba6c4,16817,17294
44b6_87bba6c4,16818,17118
44b6_87bba6c4,16819,17178
44b6_87bba6c4,16820,17134
44b6_87bba6c4,16821,17164
44b6_87bba6c4,16822,17188
44b6_87bba6c4,16823,17222
44b6_87bba6c4,16824,17204
44b6_87bba6c4,16825,17200
44b6_87bba6c4,16826,17250
44b6_87bba6c4,16827,17212
44b6_87bba6c4,16828,17236
44b6_87bba6c4,16829,17207
44b6_87bba6c4,16830,17264
44b6_87bba6c4,16831,17210
44b6_87bba6c4,16832,17158
44b6_87bba6c4,16833,17153
44b6_87bba6c4,16834,17273
44b6_87bba6c4,16835,17243
44b6_87bba6c4,16836,17230
44b6_87bba6c4,16837,17261
44b6_87bba6c4,16838,17253
44b6_87bba6c4,16839,17263
44b6_87bba6c4,16840,17226
44b6_87bba6c4,16841,17215
44b6_87bba6c4,16842,17186
44b6_87bba6c4,16843,17281
44b6_87bba6c4,16844,17238
44b6_87bba6c4,16845,17244
44b6_87bba6c4,16846,17223
44b6_87bba6c4,16847,17201
44b6_87bba6c4,16848,17196
44b6_87bba6c4,16849,17197
44b6_87bba6c4,16850,17209
44b6_87bba6c4,16851,17288
44b6_87bba6c4,16852,17242
44b6_87bba6c4,16853,17240
44b6_87bba6c4,16854,17248
44b6_87bba6c4,16856,17221
44b6_87bba6c4,16857,17187
44b6_87bba6c4,16858,17213
44b6_87bba6c4,16859,17387
44b6_87bba6c4,16861,17192
44b6_87bba6c4,16862,17170
44b6_87bba6c4,16863,17198
44b6_87bba6c4,16865,17255
44b6_87bba6c4,16866,17251
44b6_87bba6c4,16868,17220
44b6_87bba6c4,16870,17203
44b6_87bba6c4,16871,17237
44b6_87bba6c4,16872,17239
44b6_87bba6c4,16873,17291
44b6_87bba6c4,16874,17227
44b6_87bba6c4,16876,17311
44b6_87bba6c4,16877,17260
44b6_87bba6c4,16878,17262
44b6_87bba6c4,16879,17256
44b6_87bba6c4,16880,17345
44b6_87bba6c4,16881,17459
44b6_87bba6c4,16882,17395
44b6_87bba6c4,16883,17235
44b6_87bba6c4,16884,17182
44b6_87bba6c4,16885,17313
44b6_87bba6c4,16886,17202
44b6_87bba6c4,16887,17217
44b6_87bba6c4,16890,17302
44b6_87bba6c4,16891,17228
44b6_87bba6c4,16892,17315
44b6_87bba6c4,16894,17283
44b6_87bba6c4,16895,17353
44b6_87bba6c4,16896,17296
44b6_87bba6c4,16897,17181
44b6_87bba6c4,16898,17490
44b6_87bba6c4,16899,17245
44b6_87bba6c4,16900,17362
44b6_87bba6c4,16901,17366
44b6_87bba6c4,16902,17234
44b6_87bba6c4,16903,17289
44b6_87bba6c4,16904,17306
44b6_87bba6c4,16905,17214
44b6_87bba6c4,16907,17317
44b6_87bba6c4,16908,17225
44b6_87bba6c4,16909,17324
44b6_87bba6c4,16910,17286
44b6_87bba6c4,16911,17271
44b6_87bba6c4,16912,17303
44b6_87bba6c4,16913,17290
44b6_87bba6c4,16914,17304
44b6_87bba6c4,16915,17320
44b6_87bba6c4,16916,17252
44b6_87bba6c4,16918,17408
44b6_87bba6c4,16919,17287
44b6_87bba6c4,16921,17241
44b6_87bba6c4,16922,17327
44b6_87bba6c4,16923,17274
44b6_87bba6c4,16924,17319
44b6_87bba6c4,16925,17272
44b6_87bba6c4,16926,17282
44b6_87bba6c4,16927,17370
44b6_87bba6c4,16928,17284
44b6_87bba6c4,16929,17371
44b6_87bba6c4,16931,17380
44b6_87bba6c4,16932,17397
44b6_87bba6c4,16933,17278
44b6_87bba6c4,16934,17351
44b6_87bba6c4,16935,17350
44b6_87bba6c4,16937,17292
44b6_87bba6c4,16938,17307
44b6_87bba6c4,16939,17218
44b6_87bba6c4,16940,17224
44b6_87bba6c4,16941,17329
44b6_87bba6c4,16942,17268
44b6_87bba6c4,16943,17357
44b6_87bba6c4,16944,17340
44b6_87bba6c4,16945,17352
44b6_87bba6c4,16946,17216
44b6_87bba6c4,16947,17300
44b6_87bba6c4,16948,17322
44b6_87bba6c4,16949,17318
44b6_87bba6c4,16950,17309
44b6_87bba6c4,16951,17335
44b6_87bba6c4,16952,17339
44b6_87bba6c4,16953,17398
44b6_87bba6c4,16956,17295
44b6_87bba6c4,16957,17293
44b6_87bba6c4,16958,17308
44b6_87bba6c4,16960,17246
44b6_87bba6c4,16962,17356
44b6_87bba6c4,16963,17388
44b6_87bba6c4,16965,17392
44b6_87bba6c4,16966,17334
44b6_87bba6c4,16967,17369
44b6_87bba6c4,16969,17316
44b6_87bba6c4,16970,17219
44b6_87bba6c4,16972,17378
44b6_87bba6c4,16973,17360
44b6_87bba6c4,16974,17368
44b6_87bba6c4,16975,17467
44b6_87bba6c4,16978,17446
44b6_87bba6c4,16979,17314
44b6_87bba6c4,16980,17331
44b6_87bba6c4,16982,17347
44b6_87bba6c4,16983,17465
44b6_87bba6c4,16984,17361
44b6_87bba6c4,16985,17486
44b6_87bba6c4,16986,17394
44b6_87bba6c4,16987,17373
44b6_87bba6c4,16988,17390
44b6_87bba6c4,16989,17391
44b6_87bba6c4,16990,17249
44b6_87bba6c4,16991,17381
44b6_87bba6c4,16992,17328
44b6_87bba6c4,16993,17421
44b6_87bba6c4,16994,17407
44b6_87bba6c4,16995,17422
44b6_87bba6c4,16996,17415
44b6_87bba6c4,16998,17305
44b6_87bba6c4,16999,17449
44b6_87bba6c4,17000,17393
44b6_87bba6c4,17001,17479
44b6_87bba6c4,17002,17379
44b6_87bba6c4,17003,17338
44b6_87bba6c4,17004,17402
44b6_87bba6c4,17006,17453
44b6_87bba6c4,17007,17413
44b6_87bba6c4,17008,17417
44b6_87bba6c4,17009,17367
44b6_87bba6c4,17010,17425
44b6_87bba6c4,17011,17404
44b6_87bba6c4,17012,17372
44b6_87bba6c4,17013,17333
44b6_87bba6c4,17015,17337
44b6_87bba6c4,17017,17399
44b6_87bba6c4,17018,17406
44b6_87bba6c4,17019,17374
44b6_87bba6c4,17020,17447
44b6_87bba6c4,17021,17462
44b6_87bba6c4,17026,17384
44b6_87bba6c4,17029,17385
44b6_87bba6c4,17031,17382
44b6_87bba6c4,17034,17423
44b6_87bba6c4,17035,17326
44b6_87bba6c4,17037,17419
44b6_87bba6c4,17038,17330
44b6_87bba6c4,17039,17412
44b6_87bba6c4,17040,17434
44b6_87bba6c4,17041,17386
44b6_87bba6c4,17042,17376
44b6_87bba6c4,17044,17355
44b6_87bba6c4,17045,17410
44b6_87bba6c4,17046,17443
44b6_87bba6c4,17047,17451
44b6_87bba6c4,17050,17478
44b6_87bba6c4,17051,17409
44b6_87bba6c4,17052,17428
44b6_87bba6c4,17053,17457
44b6_87bba6c4,17054,17424
44b6_87bba6c4,17056,17464
44b6_87bba6c4,17057,17435
44b6_87bba6c4,17064,17437
44b6_87bba6c4,17066,17445
44b6_87bba6c4,17068,17477
44b6_87bba6c4,17071,17440
44b6_87bba6c4,17072,17454
44b6_87bba6c4,17073,17484
44b6_87bba6c4,17075,17411
44b6_87bba6c4,17079,17458
44b6_87bba6c4,17080,17455
44b6_87bba6c4,17081,17452
44b6_87bba6c4,17082,17480
44b6_87bba6c4,17086,17474
44b6_87bba6c4,17087,17403
44b6_87bba6c4,17090,17444
44b6_87bba6c4,17092,17441
44b6_87bba6c4,17094,17433
44b6_87bba6c4,17100,17475
44b6_87bba6c4,17102,17485
44b6_87bba6c4,17103,17469
44b6_87bba6c4,17107,17494
44b6_87bba6c4,17108,17499
44b6_87bba6c4,17109,17495
44b6_87bba6c4,17110,17496
44b6_87bba6c4,17111,17497
44b6_87bba6c4,17112,17501
44b6_87bba6c4,17113,17503
44b6_87bba6c4,17114,17505
44b6_87bba6c4,17115,17498
44b6_87bba6c4,17116,17502
44b6_87bba6c4,17117,17522
44b6_87bba6c4,17119,17500
44b6_87bba6c4,17120,17523
44b6_87bba6c4,17121,17506
44b6_87bba6c4,17122,17564
44b6_87bba6c4,17123,17525
44b6_87bba6c4,17124,17578
44b6_87bba6c4,17125,17518
44b6_87bba6c4,17126,17529
44b6_87bba6c4,17127,17568
44b6_87bba6c4,17128,17509
44b6_87bba6c4,17129,17504
44b6_87bba6c4,17130,17512
44b6_87bba6c4,17131,17521
44b6_87bba6c4,17132,17519
44b6_87bba6c4,17133,17532
44b6_87bba6c4,17134,17515
44b6_87bba6c4,17135,17514
44b6_87bba6c4,17136,17511
44b6_87bba6c4,17137,17520
44b6_87bba6c4,17138,17513
44b6_87bba6c4,17139,17510
44b6_87bba6c4,17140,17545
44b6_87bba6c4,17141,17533
44b6_87bba6c4,17142,17541
44b6_87bba6c4,17143,17552
44b6_87bba6c4,17144,17641
44b6_87bba6c4,17145,17543
44b6_87bba6c4,17146,17539
44b6_87bba6c4,17147,17595
44b6_87bba6c4,17148,17538
44b6_87bba6c4,17149,17531
44b6_87bba6c4,17150,17526
44b6_87bba6c4,17151,17534
44b6_87bba6c4,17152,17626
44b6_87bba6c4,17154,17584
44b6_87bba6c4,17155,17609
44b6_87bba6c4,17156,17535
44b6_87bba6c4,17157,17524
44b6_87bba6c4,17158,17572
44b6_87bba6c4,17159,17527
44b6_87bba6c4,17160,17544
44b6_87bba6c4,17161,17507
44b6_87bba6c4,17162,17530
44b6_87bba6c4,17163,17551
44b6_87bba6c4,17164,17596
44b6_87bba6c4,17165,17607
44b6_87bba6c4,17166,17560
44b6_87bba6c4,17167,17587
44b6_87bba6c4,17168,17556
44b6_87bba6c4,17169,17549
44b6_87bba6c4,17170,17548
44b6_87bba6c4,17171,17542
44b6_87bba6c4,17172,17558
44b6_87bba6c4,17173,17546
44b6_87bba6c4,17174,17537
44b6_87bba6c4,17175,17629
44b6_87bba6c4,17176,17555
44b6_87bba6c4,17177,17679
44b6_87bba6c4,17178,17577
44b6_87bba6c4,17179,17553
44b6_87bba6c4,17180,17536
44b6_87bba6c4,17181,17550
44b6_87bba6c4,17182,17567
44b6_87bba6c4,17183,17547
44b6_87bba6c4,17184,17508
44b6_87bba6c4,17185,17652
44b6_87bba6c4,17186,17637
44b6_87bba6c4,17187,17621
44b6_87bba6c4,17188,17554
44b6_87bba6c4,17189,17574
44b6_87bba6c4,17190,17575
44b6_87bba6c4,17191,17694
44b6_87bba6c4,17192,17585
44b6_87bba6c4,17193,17582
44b6_87bba6c4,17194,17557
44b6_87bba6c4,17195,17563
44b6_87bba6c4,17196,17559
44b6_87bba6c4,17197,17631
44b6_87bba6c4,17198,17598
44b6_87bba6c4,17199,17614
44b6_87bba6c4,17200,17583
44b6_87bba6c4,17201,17751
44b6_87bba6c4,17202,17528
44b6_87bba6c4,17203,17612
44b6_87bba6c4,17204,17603
44b6_87bba6c4,17205,17668
44b6_87bba6c4,17206,17729
44b6_87bba6c4,17207,17611
44b6_87bba6c4,17208,17516
44b6_87bba6c4,17210,17561
44b6_87bba6c4,17211,17562
44b6_87bba6c4,17212,17600
44b6_87bba6c4,17213,17640
44b6_87bba6c4,17214,17635
44b6_87bba6c4,17215,17649
44b6_87bba6c4,17216,17688
44b6_87bba6c4,17217,17566
44b6_87bba6c4,17218,17733
44b6_87bba6c4,17219,17670
44b6_87bba6c4,17220,17571
44b6_87bba6c4,17221,17750
44b6_87bba6c4,17222,17618
44b6_87bba6c4,17223,17597
44b6_87bba6c4,17225,17630
44b6_87bba6c4,17226,17651
44b6_87bba6c4,17227,17691
44b6_87bba6c4,17229,17632
44b6_87bba6c4,17230,17580
44b6_87bba6c4,17231,17517
44b6_87bba6c4,17232,17627
44b6_87bba6c4,17233,17616
44b6_87bba6c4,17234,17658
44b6_87bba6c4,17235,17661
44b6_87bba6c4,17236,17639
44b6_87bba6c4,17237,17617
44b6_87bba6c4,17238,17601
44b6_87bba6c4,17239,17666
44b6_87bba6c4,17240,17659
44b6_87bba6c4,17241,17593
44b6_87bba6c4,17242,17644
44b6_87bba6c4,17243,17648
44b6_87bba6c4,17244,17581
44b6_87bba6c4,17245,17675
44b6_87bba6c4,17246,17730
44b6_87bba6c4,17247,17766
44b6_87bba6c4,17248,17646
44b6_87bba6c4,17249,17692
44b6_87bba6c4,17250,17619
44b6_87bba6c4,17251,17594
44b6_87bba6c4,17252,17745
44b6_87bba6c4,17253,17589
44b6_87bba6c4,17254,17615
44b6_87bba6c4,17255,17576
44b6_87bba6c4,17256,17610
44b6_87bba6c4,17259,17721
44b6_87bba6c4,17260,17623
44b6_87bba6c4,17261,17591
44b6_87bba6c4,17263,17592
44b6_87bba6c4,17264,17707
44b6_87bba6c4,17266,17667
44b6_87bba6c4,17268,17719
44b6_87bba6c4,17269,17713
44b6_87bba6c4,17270,17602
44b6_87bba6c4,17271,17686
44b6_87bba6c4,17272,17701
44b6_87bba6c4,17273,17643
44b6_87bba6c4,17274,17680
44b6_87bba6c4,17276,17620
44b6_87bba6c4,17277,17645
44b6_87bba6c4,17278,17676
44b6_87bba6c4,17281,17579
44b6_87bba6c4,17282,17540
44b6_87bba6c4,17283,17678
44b6_87bba6c4,17284,17717
44b6_87bba6c4,17285,17714
44b6_87bba6c4,17286,17689
44b6_87bba6c4,17287,17716
44b6_87bba6c4,17289,17747
44b6_87bba6c4,17290,17613
44b6_87bba6c4,17292,17638
44b6_87bba6c4,17293,17636
44b6_87bba6c4,17294,17793
44b6_87bba6c4,17295,17684
44b6_87bba6c4,17296,17599
44b6_87bba6c4,17297,17625
44b6_87bba6c4,17298,17810
44b6_87bba6c4,17300,17657
44b6_87bba6c4,17301,17624
44b6_87bba6c4,17302,17725
44b6_87bba6c4,17303,17746
44b6_87bba6c4,17304,17740
44b6_87bba6c4,17305,17703
44b6_87bba6c4,17306,17705
44b6_87bba6c4,17308,17760
44b6_87bba6c4,17309,17741
44b6_87bba6c4,17310,17738
44b6_87bba6c4,17311,17655
44b6_87bba6c4,17313,17817
44b6_87bba6c4,17314,17650
44b6_87bba6c4,17315,17732
44b6_87bba6c4,17316,17728
44b6_87bba6c4,17317,17588
44b6_87bba6c4,17318,17723
44b6_87bba6c4,17319,17727
44b6_87bba6c4,17320,17734
44b6_87bba6c4,17321,17660
44b6_87bba6c4,17322,17804
44b6_87bba6c4,17323,17674
44b6_87bba6c4,17324,17671
44b6_87bba6c4,17326,17756
44b6_87bba6c4,17327,17749
44b6_87bba6c4,17328,17681
44b6_87bba6c4,17329,17642
44b6_87bba6c4,17330,17715
44b6_87bba6c4,17331,17710
44b6_87bba6c4,17332,17699
44b6_87bba6c4,17335,17569
44b6_87bba6c4,17337,17704
44b6_87bba6c4,17339,17769
44b6_87bba6c4,17340,17864
44b6_87bba6c4,17343,17687
44b6_87bba6c4,17344,17590
44b6_87bba6c4,17345,17682
44b6_87bba6c4,17346,17735
44b6_87bba6c4,17347,17783
44b6_87bba6c4,17348,17669
44b6_87bba6c4,17349,17672
44b6_87bba6c4,17350,17787
44b6_87bba6c4,17353,17779
44b6_87bba6c4,17354,17824
44b6_87bba6c4,17355,17739
44b6_87bba6c4,17356,17702
44b6_87bba6c4,17358,17654
44b6_87bba6c4,17359,17754
44b6_87bba6c4,17361,17744
44b6_87bba6c4,17362,17772
44b6_87bba6c4,17363,17776
44b6_87bba6c4,17364,17673
44b6_87bba6c4,17366,17712
44b6_87bba6c4,17367,17718
44b6_87bba6c4,17368,17696
44b6_87bba6c4,17369,17877
44b6_87bba6c4,17370,17752
44b6_87bba6c4,17372,17786
44b6_87bba6c4,17373,17765
44b6_87bba6c4,17374,17761
44b6_87bba6c4,17376,17736
44b6_87bba6c4,17377,17690
44b6_87bba6c4,17378,17784
44b6_87bba6c4,17380,17700
44b6_87bba6c4,17381,17795
44b6_87bba6c4,17384,17726
44b6_87bba6c4,17385,17836
44b6_87bba6c4,17386,17780
44b6_87bba6c4,17388,17809
44b6_87bba6c4,17389,17720
44b6_87bba6c4,17391,17794
44b6_87bba6c4,17392,17819
44b6_87bba6c4,17393,17825
44b6_87bba6c4,17394,17647
44b6_87bba6c4,17396,17789
44b6_87bba6c4,17397,17762
44b6_87bba6c4,17398,17768
44b6_87bba6c4,17402,17759
44b6_87bba6c4,17403,17800
44b6_87bba6c4,17404,17822
44b6_87bba6c4,17405,17857
44b6_87bba6c4,17407,17753
44b6_87bba6c4,17408,17803
44b6_87bba6c4,17411,17881
44b6_87bba6c4,17413,17799
44b6_87bba6c4,17415,17834
44b6_87bba6c4,17417,17852
44b6_87bba6c4,17418,17842
44b6_87bba6c4,17419,17870
44b6_87bba6c4,17420,17573
44b6_87bba6c4,17421,17792
44b6_87bba6c4,17424,17830
44b6_87bba6c4,17425,17764
44b6_87bba6c4,17426,17604
44b6_87bba6c4,17427,17828
44b6_87bba6c4,17429,17781
44b6_87bba6c4,17431,17814
44b6_87bba6c4,17432,17845
44b6_87bba6c4,17433,17802
44b6_87bba6c4,17434,17837
44b6_87bba6c4,17436,17808
44b6_87bba6c4,17437,17775
44b6_87bba6c4,17438,17685
44b6_87bba6c4,17440,17867
44b6_87bba6c4,17441,17823
44b6_87bba6c4,17443,17874
44b6_87bba6c4,17444,17838
44b6_87bba6c4,17445,17801
44b6_87bba6c4,17446,17774
44b6_87bba6c4,17449,17851
44b6_87bba6c4,17451,17858
44b6_87bba6c4,17452,17850
44b6_87bba6c4,17454,17805
44b6_87bba6c4,17456,17785
44b6_87bba6c4,17457,17863
44b6_87bba6c4,17458,17853
44b6_87bba6c4,17460,17767
44b6_87bba6c4,17462,17860
44b6_87bba6c4,17464,17831
44b6_87bba6c4,17466,17873
44b6_87bba6c4,17467,17844
44b6_87bba6c4,17471,17871
44b6_87bba6c4,17472,17791
44b6_87bba6c4,17477,17797
44b6_87bba6c4,17479,17835
44b6_87bba6c4,17480,17868
44b6_87bba6c4,17486,17811
44b6_87bba6c4,17487,17878
44b6_87bba6c4,17488,17883
44b6_87bba6c4,17491,17757
44b6_87bba6c4,17493,17884
44b6_87bba6c4,17494,17887
44b6_87bba6c4,17495,17885
44b6_87bba6c4,17496,17889
44b6_87bba6c4,17497,17891
44b6_87bba6c4,17498,17886
44b6_87bba6c4,17499,17892
44b6_87bba6c4,17500,17902
44b6_87bba6c4,17501,17890
44b6_87bba6c4,17502,17893
44b6_87bba6c4,17503,17897
44b6_87bba6c4,17504,17904
44b6_87bba6c4,17505,17898
44b6_87bba6c4,17506,17937
44b6_87bba6c4,17507,17919
44b6_87bba6c4,17508,17939
44b6_87bba6c4,17509,17906
44b6_87bba6c4,17510,17901
44b6_87bba6c4,17511,17905
44b6_87bba6c4,17512,17911
44b6_87bba6c4,17513,17925
44b6_87bba6c4,17514,17894
44b6_87bba6c4,17515,17899
44b6_87bba6c4,17516,17965
44b6_87bba6c4,17517,17927
44b6_87bba6c4,17518,17920
44b6_87bba6c4,17519,17903
44b6_87bba6c4,17520,17895
44b6_87bba6c4,17521,17924
44b6_87bba6c4,17522,17918
44b6_87bba6c4,17523,17910
44b6_87bba6c4,17524,17976
44b6_87bba6c4,17525,17916
44b6_87bba6c4,17526,17956
44b6_87bba6c4,17527,17947
44b6_87bba6c4,17528,17914
44b6_87bba6c4,17529,17888
44b6_87bba6c4,17531,17917
44b6_87bba6c4,17532,17977
44b6_87bba6c4,17533,17949
44b6_87bba6c4,17534,18014
44b6_87bba6c4,17535,17931
44b6_87bba6c4,17536,17988
44b6_87bba6c4,17537,17935
44b6_87bba6c4,17538,17934
44b6_87bba6c4,17539,17969
44b6_87bba6c4,17540,17930
44b6_87bba6c4,17541,17922
44b6_87bba6c4,17542,18008
44b6_87bba6c4,17543,17963
44b6_87bba6c4,17544,17953
44b6_87bba6c4,17545,17936
44b6_87bba6c4,17546,17928
44b6_87bba6c4,17547,17926
44b6_87bba6c4,17548,17921
44b6_87bba6c4,17549,17950
44b6_87bba6c4,17550,17929
44b6_87bba6c4,17551,17980
44b6_87bba6c4,17552,17959
44b6_87bba6c4,17553,17908
44b6_87bba6c4,17554,17964
44b6_87bba6c4,17555,17948
44b6_87bba6c4,17556,17954
44b6_87bba6c4,17557,17968
44b6_87bba6c4,17558,17973
44b6_87bba6c4,17559,17896
44b6_87bba6c4,17560,17933
44b6_87bba6c4,17561,17943
44b6_87bba6c4,17562,17972
44b6_87bba6c4,17563,17984
44b6_87bba6c4,17565,17961
44b6_87bba6c4,17566,17923
44b6_87bba6c4,17567,17940
44b6_87bba6c4,17568,17985
44b6_87bba6c4,17569,18086
44b6_87bba6c4,17570,17974
44b6_87bba6c4,17571,17997
44b6_87bba6c4,17572,17993
44b6_87bba6c4,17573,17909
44b6_87bba6c4,17575,17955
44b6_87bba6c4,17576,17979
44b6_87bba6c4,17577,17945
44b6_87bba6c4,17578,17907
44b6_87bba6c4,17580,18011
44b6_87bba6c4,17581,17971
44b6_87bba6c4,17582,18003
44b6_87bba6c4,17583,17952
44b6_87bba6c4,17584,17994
44b6_87bba6c4,17585,17986
44b6_87bba6c4,17587,17983
44b6_87bba6c4,17588,17975
44b6_87bba6c4,17589,18030
44b6_87bba6c4,17590,17960
44b6_87bba6c4,17591,18005
44b6_87bba6c4,17592,18001
44b6_87bba6c4,17593,17938
44b6_87bba6c4,17594,18071
44b6_87bba6c4,17595,18002
44b6_87bba6c4,17597,18045
44b6_87bba6c4,17598,17992
44b6_87bba6c4,17599,17996
44b6_87bba6c4,17600,18026
44b6_87bba6c4,17601,17900
44b6_87bba6c4,17602,18200
44b6_87bba6c4,17603,18004
44b6_87bba6c4,17605,17942
44b6_87bba6c4,17606,18037
44b6_87bba6c4,17607,17966
44b6_87bba6c4,17608,18000
44b6_87bba6c4,17609,18040
44b6_87bba6c4,17611,17967
44b6_87bba6c4,17612,17962
44b6_87bba6c4,17613,18019
44b6_87bba6c4,17614,17987
44b6_87bba6c4,17615,17932
44b6_87bba6c4,17616,18017
44b6_87bba6c4,17617,18009
44b6_87bba6c4,17618,18006
44b6_87bba6c4,17619,18129
44b6_87bba6c4,17620,18015
44b6_87bba6c4,17621,17941
44b6_87bba6c4,17622,17958
44b6_87bba6c4,17623,18062
44b6_87bba6c4,17626,18087
44b6_87bba6c4,17627,18041
44b6_87bba6c4,17628,17946
44b6_87bba6c4,17629,18157
44b6_87bba6c4,17630,18068
44b6_87bba6c4,17631,17991
44b6_87bba6c4,17632,17957
44b6_87bba6c4,17633,18052
44b6_87bba6c4,17634,18195
44b6_87bba6c4,17636,18065
44b6_87bba6c4,17639,17990
44b6_87bba6c4,17640,18028
44b6_87bba6c4,17641,18027
44b6_87bba6c4,17642,18074
44b6_87bba6c4,17645,18050
44b6_87bba6c4,17646,17989
44b6_87bba6c4,17647,17982
44b6_87bba6c4,17648,18141
44b6_87bba6c4,17649,18010
44b6_87bba6c4,17650,18070
44b6_87bba6c4,17652,18034
44b6_87bba6c4,17653,18012
44b6_87bba6c4,17654,18007
44b6_87bba6c4,17656,18056
44b6_87bba6c4,17657,18035
44b6_87bba6c4,17658,18039
44b6_87bba6c4,17659,18032
44b6_87bba6c4,17661,18022
44b6_87bba6c4,17662,18046
44b6_87bba6c4,17663,18016
44b6_87bba6c4,17664,18048
44b6_87bba6c4,17665,18088
44b6_87bba6c4,17666,18084
44b6_87bba6c4,17667,18061
44b6_87bba6c4,17668,18023
44b6_87bba6c4,17669,18120
44b6_87bba6c4,17670,18075
44b6_87bba6c4,17671,18219
44b6_87bba6c4,17672,18114
44b6_87bba6c4,17673,18151
44b6_87bba6c4,17674,18076
44b6_87bba6c4,17675,18133
44b6_87bba6c4,17676,18121
44b6_87bba6c4,17677,17999
44b6_87bba6c4,17678,18044
44b6_87bba6c4,17679,18148
44b6_87bba6c4,17680,18073
44b6_87bba6c4,17681,18116
44b6_87bba6c4,17682,18132
44b6_87bba6c4,17683,17915
44b6_87bba6c4,17684,18142
44b6_87bba6c4,17685,18066
44b6_87bba6c4,17686,18117
44b6_87bba6c4,17687,18091
44b6_87bba6c4,17688,18103
44b6_87bba6c4,17689,17978
44b6_87bba6c4,17690,18090
44b6_87bba6c4,17691,17951
44b6_87bba6c4,17692,18024
44b6_87bba6c4,17693,18085
44b6_87bba6c4,17694,17998
44b6_87bba6c4,17695,18036
44b6_87bba6c4,17697,18145
44b6_87bba6c4,17698,18049
44b6_87bba6c4,17699,18059
44b6_87bba6c4,17700,18092
44b6_87bba6c4,17702,18104
44b6_87bba6c4,17704,18082
44b6_87bba6c4,17705,18083
44b6_87bba6c4,17707,18096
44b6_87bba6c4,17708,17981
44b6_87bba6c4,17710,18064
44b6_87bba6c4,17712,18201
44b6_87bba6c4,17713,18108
44b6_87bba6c4,17714,18167
44b6_87bba6c4,17715,18013
44b6_87bba6c4,17716,18155
44b6_87bba6c4,17717,18063
44b6_87bba6c4,17718,18186
44b6_87bba6c4,17719,18139
44b6_87bba6c4,17720,18111
44b6_87bba6c4,17723,18128
44b6_87bba6c4,17725,18079
44b6_87bba6c4,17726,18182
44b6_87bba6c4,17727,18196
44b6_87bba6c4,17730,18097
44b6_87bba6c4,17731,18143
44b6_87bba6c4,17732,18125
44b6_87bba6c4,17733,18176
44b6_87bba6c4,17734,18147
44b6_87bba6c4,17735,18057
44b6_87bba6c4,17736,18130
44b6_87bba6c4,17737,18193
44b6_87bba6c4,17739,18115
44b6_87bba6c4,17740,18174
44b6_87bba6c4,17741,18109
44b6_87bba6c4,17743,18163
44b6_87bba6c4,17744,18118
44b6_87bba6c4,17745,18198
44b6_87bba6c4,17746,18150
44b6_87bba6c4,17747,18033
44b6_87bba6c4,17748,18137
44b6_87bba6c4,17749,18135
44b6_87bba6c4,17750,18183
44b6_87bba6c4,17751,18238
44b6_87bba6c4,17752,18149
44b6_87bba6c4,17753,18094
44b6_87bba6c4,17755,18113
44b6_87bba6c4,17756,18055
44b6_87bba6c4,17757,18206
44b6_87bba6c4,17758,18081
44b6_87bba6c4,17759,18217
44b6_87bba6c4,17760,18209
44b6_87bba6c4,17761,18112
44b6_87bba6c4,17762,18233
44b6_87bba6c4,17763,18093
44b6_87bba6c4,17764,18131
44b6_87bba6c4,17765,18160
44b6_87bba6c4,17766,18119
44b6_87bba6c4,17767,18144
44b6_87bba6c4,17768,18170
44b6_87bba6c4,17771,18166
44b6_87bba6c4,17773,18197
44b6_87bba6c4,17774,18138
44b6_87bba6c4,17775,18218
44b6_87bba6c4,17776,18126
44b6_87bba6c4,17778,18202
44b6_87bba6c4,17779,18207
44b6_87bba6c4,17780,18095
44b6_87bba6c4,17781,18054
44b6_87bba6c4,17784,18203
44b6_87bba6c4,17785,18127
44b6_87bba6c4,17786,18214
44b6_87bba6c4,17787,18168
44b6_87bba6c4,17789,18181
44b6_87bba6c4,17791,18123
44b6_87bba6c4,17792,18165
44b6_87bba6c4,17793,18161
44b6_87bba6c4,17795,18190
44b6_87bba6c4,17796,18188
44b6_87bba6c4,17797,18171
44b6_87bba6c4,17799,18268
44b6_87bba6c4,17801,18169
44b6_87bba6c4,17802,18259
44b6_87bba6c4,17804,18265
44b6_87bba6c4,17810,18191
44b6_87bba6c4,17812,18159
44b6_87bba6c4,17813,18194
44b6_87bba6c4,17816,18248
44b6_87bba6c4,17817,18199
44b6_87bba6c4,17819,18211
44b6_87bba6c4,17822,18072
44b6_87bba6c4,17823,18234
44b6_87bba6c4,17827,18230
44b6_87bba6c4,17829,18205
44b6_87bba6c4,17830,18254
44b6_87bba6c4,17833,18237
44b6_87bba6c4,17836,18175
44b6_87bba6c4,17837,18257
44b6_87bba6c4,17838,18241
44b6_87bba6c4,17839,18232
44b6_87bba6c4,17844,18222
44b6_87bba6c4,17846,18275
44b6_87bba6c4,17852,18208
44b6_87bba6c4,17855,18236
44b6_87bba6c4,17856,18229
44b6_87bba6c4,17858,18242
44b6_87bba6c4,17860,18246
44b6_87bba6c4,17864,18252
44b6_87bba6c4,17868,18269
44b6_87bba6c4,17870,18244
44b6_87bba6c4,17873,18240
44b6_87bba6c4,17875,18146
44b6_87bba6c4,17883,18223
44b6_87bba6c4,17884,18279
44b6_87bba6c4,17885,18281
44b6_87bba6c4,17886,18293
44b6_87bba6c4,17887,18280
44b6_87bba6c4,17888,18288
44b6_87bba6c4,17889,18287
44b6_87bba6c4,17890,18314
44b6_87bba6c4,17891,18294
44b6_87bba6c4,17892,18306
44b6_87bba6c4,17893,18283
44b6_87bba6c4,17894,18291
44b6_87bba6c4,17895,18307
44b6_87bba6c4,17896,18285
44b6_87bba6c4,17897,18290
44b6_87bba6c4,17898,18301
44b6_87bba6c4,17899,18295
44b6_87bba6c4,17900,18292
44b6_87bba6c4,17901,18304
44b6_87bba6c4,17902,18300
44b6_87bba6c4,17903,18296
44b6_87bba6c4,17904,18308
44b6_87bba6c4,17905,18286
44b6_87bba6c4,17906,18297
44b6_87bba6c4,17907,18282
44b6_87bba6c4,17908,18328
44b6_87bba6c4,17909,18284
44b6_87bba6c4,17910,18305
44b6_87bba6c4,17911,18333
44b6_87bba6c4,17912,18350
44b6_87bba6c4,17913,18310
44b6_87bba6c4,17914,18299
44b6_87bba6c4,17915,18321
44b6_87bba6c4,17916,18322
44b6_87bba6c4,17917,18289
44b6_87bba6c4,17918,18298
44b6_87bba6c4,17919,18312
44b6_87bba6c4,17920,18326
44b6_87bba6c4,17921,18324
44b6_87bba6c4,17922,18302
44b6_87bba6c4,17923,18388
44b6_87bba6c4,17924,18317
44b6_87bba6c4,17925,18315
44b6_87bba6c4,17926,18367
44b6_87bba6c4,17927,18405
44b6_87bba6c4,17928,18343
44b6_87bba6c4,17929,18443
44b6_87bba6c4,17930,18332
44b6_87bba6c4,17931,18340
44b6_87bba6c4,17932,18319
44b6_87bba6c4,17933,18353
44b6_87bba6c4,17934,18316
44b6_87bba6c4,17935,18349
44b6_87bba6c4,17936,18370
44b6_87bba6c4,17937,18354
44b6_87bba6c4,17938,18422
44b6_87bba6c4,17939,18440
44b6_87bba6c4,17940,18323
44b6_87bba6c4,17941,18330
44b6_87bba6c4,17942,18303
44b6_87bba6c4,17943,18320
44b6_87bba6c4,17944,18311
44b6_87bba6c4,17945,18469
44b6_87bba6c4,17946,18438
44b6_87bba6c4,17947,18449
44b6_87bba6c4,17948,18387
44b6_87bba6c4,17949,18437
44b6_87bba6c4,17950,18359
44b6_87bba6c4,17951,18346
44b6_87bba6c4,17952,18337
44b6_87bba6c4,17953,18339
44b6_87bba6c4,17954,18329
44b6_87bba6c4,17955,18352
44b6_87bba6c4,17956,18363
44b6_87bba6c4,17957,18341
44b6_87bba6c4,17958,18389
44b6_87bba6c4,17959,18361
44b6_87bba6c4,17960,18344
44b6_87bba6c4,17961,18338
44b6_87bba6c4,17962,18383
44b6_87bba6c4,17963,18372
44b6_87bba6c4,17964,18347
44b6_87bba6c4,17965,18396
44b6_87bba6c4,17966,18331
44b6_87bba6c4,17967,18373
44b6_87bba6c4,17968,18371
44b6_87bba6c4,17969,18336
44b6_87bba6c4,17970,18425
44b6_87bba6c4,17971,18342
44b6_87bba6c4,17972,18427
44b6_87bba6c4,17973,18399
44b6_87bba6c4,17974,18379
44b6_87bba6c4,17975,18356
44b6_87bba6c4,17976,18439
44b6_87bba6c4,17977,18394
44b6_87bba6c4,17979,18402
44b6_87bba6c4,17980,18413
44b6_87bba6c4,17981,18455
44b6_87bba6c4,17982,18327
44b6_87bba6c4,17983,18362
44b6_87bba6c4,17984,18400
44b6_87bba6c4,17985,18355
44b6_87bba6c4,17986,18366
44b6_87bba6c4,17987,18368
44b6_87bba6c4,17988,18429
44b6_87bba6c4,17989,18471
44b6_87bba6c4,17990,18419
44b6_87bba6c4,17991,18386
44b6_87bba6c4,17992,18392
44b6_87bba6c4,17993,18313
44b6_87bba6c4,17994,18417
44b6_87bba6c4,17995,18382
44b6_87bba6c4,17997,18384
44b6_87bba6c4,17998,18416
44b6_87bba6c4,17999,18334
44b6_87bba6c4,18001,18421
44b6_87bba6c4,18002,18411
44b6_87bba6c4,18003,18492
44b6_87bba6c4,18004,18494
44b6_87bba6c4,18005,18460
44b6_87bba6c4,18006,18426
44b6_87bba6c4,18007,18390
44b6_87bba6c4,18008,18377
44b6_87bba6c4,18009,18447
44b6_87bba6c4,18010,18374
44b6_87bba6c4,18011,18365
44b6_87bba6c4,18012,18550
44b6_87bba6c4,18013,18499
44b6_87bba6c4,18014,18498
44b6_87bba6c4,18015,18335
44b6_87bba6c4,18016,18537
44b6_87bba6c4,18017,18395
44b6_87bba6c4,18018,18397
44b6_87bba6c4,18019,18385
44b6_87bba6c4,18020,18398
44b6_87bba6c4,18021,18364
44b6_87bba6c4,18022,18345
44b6_87bba6c4,18023,18456
44b6_87bba6c4,18024,18520
44b6_87bba6c4,18026,18404
44b6_87bba6c4,18027,18516
44b6_87bba6c4,18028,18407
44b6_87bba6c4,18029,18406
44b6_87bba6c4,18030,18408
44b6_87bba6c4,18031,18409
44b6_87bba6c4,18032,18434
44b6_87bba6c4,18033,18502
44b6_87bba6c4,18034,18325
44b6_87bba6c4,18035,18414
44b6_87bba6c4,18036,18454
44b6_87bba6c4,18037,18401
44b6_87bba6c4,18039,18459
44b6_87bba6c4,18041,18484
44b6_87bba6c4,18042,18538
44b6_87bba6c4,18043,18501
44b6_87bba6c4,18044,18412
44b6_87bba6c4,18045,18483
44b6_87bba6c4,18046,18448
44b6_87bba6c4,18047,18418
44b6_87bba6c4,18048,18453
44b6_87bba6c4,18049,18430
44b6_87bba6c4,18051,18480
44b6_87bba6c4,18053,18535
44b6_87bba6c4,18054,18381
44b6_87bba6c4,18055,18534
44b6_87bba6c4,18056,18506
44b6_87bba6c4,18061,18441
44b6_87bba6c4,18062,18583
44b6_87bba6c4,18063,18613
44b6_87bba6c4,18064,18462
44b6_87bba6c4,18065,18467
44b6_87bba6c4,18066,18575
44b6_87bba6c4,18067,18424
44b6_87bba6c4,18068,18530
44b6_87bba6c4,18069,18586
44b6_87bba6c4,18070,18481
44b6_87bba6c4,18071,18519
44b6_87bba6c4,18072,18378
44b6_87bba6c4,18073,18515
44b6_87bba6c4,18074,18393
44b6_87bba6c4,18075,18375
44b6_87bba6c4,18076,18544
44b6_87bba6c4,18077,18431
44b6_87bba6c4,18079,18410
44b6_87bba6c4,18080,18450
44b6_87bba6c4,18081,18559
44b6_87bba6c4,18082,18489
44b6_87bba6c4,18083,18473
44b6_87bba6c4,18085,18598
44b6_87bba6c4,18086,18477
44b6_87bba6c4,18087,18536
44b6_87bba6c4,18089,18614
44b6_87bba6c4,18090,18500
44b6_87bba6c4,18091,18568
44b6_87bba6c4,18092,18376
44b6_87bba6c4,18094,18423
44b6_87bba6c4,18095,18461
44b6_87bba6c4,18096,18549
44b6_87bba6c4,18098,18490
44b6_87bba6c4,18099,18610
44b6_87bba6c4,18100,18505
44b6_87bba6c4,18103,18466
44b6_87bba6c4,18104,18521
44b6_87bba6c4,18105,18451
44b6_87bba6c4,18107,18517
44b6_87bba6c4,18108,18562
44b6_87bba6c4,18109,18445
44b6_87bba6c4,18110,18433
44b6_87bba6c4,18111,18463
44b6_87bba6c4,18112,18497
44b6_87bba6c4,18113,18485
44b6_87bba6c4,18114,18511
44b6_87bba6c4,18115,18472
44b6_87bba6c4,18117,18508
44b6_87bba6c4,18118,18557
44b6_87bba6c4,18119,18442
44b6_87bba6c4,18120,18470
44b6_87bba6c4,18121,18604
44b6_87bba6c4,18122,18415
44b6_87bba6c4,18124,18563
44b6_87bba6c4,18125,18514
44b6_87bba6c4,18126,18444
44b6_87bba6c4,18127,18540
44b6_87bba6c4,18128,18593
44b6_87bba6c4,18129,18621
44b6_87bba6c4,18130,18510
44b6_87bba6c4,18131,18606
44b6_87bba6c4,18132,18478
44b6_87bba6c4,18133,18369
44b6_87bba6c4,18134,18628
44b6_87bba6c4,18135,18468
44b6_87bba6c4,18136,18526
44b6_87bba6c4,18137,18476
44b6_87bba6c4,18139,18556
44b6_87bba6c4,18141,18552
44b6_87bba6c4,18142,18524
44b6_87bba6c4,18144,18611
44b6_87bba6c4,18146,18543
44b6_87bba6c4,18147,18458
44b6_87bba6c4,18150,18560
44b6_87bba6c4,18151,18532
44b6_87bba6c4,18152,18594
44b6_87bba6c4,18153,18529
44b6_87bba6c4,18154,18581
44b6_87bba6c4,18155,18571
44b6_87bba6c4,18158,18435
44b6_87bba6c4,18160,18457
44b6_87bba6c4,18161,18579
44b6_87bba6c4,18163,18607
44b6_87bba6c4,18164,18587
44b6_87bba6c4,18165,18569
44b6_87bba6c4,18166,18561
44b6_87bba6c4,18167,18527
44b6_87bba6c4,18168,18573
44b6_87bba6c4,18169,18631
44b6_87bba6c4,18170,18475
44b6_87bba6c4,18171,18592
44b6_87bba6c4,18172,18487
44b6_87bba6c4,18173,18525
44b6_87bba6c4,18174,18615
44b6_87bba6c4,18175,18662
44b6_87bba6c4,18176,18574
44b6_87bba6c4,18178,18578
44b6_87bba6c4,18179,18503
44b6_87bba6c4,18181,18565
44b6_87bba6c4,18182,18577
44b6_87bba6c4,18183,18554
44b6_87bba6c4,18184,18509
44b6_87bba6c4,18185,18582
44b6_87bba6c4,18187,18570
44b6_87bba6c4,18188,18512
44b6_87bba6c4,18189,18567
44b6_87bba6c4,18190,18632
44b6_87bba6c4,18191,18479
44b6_87bba6c4,18193,18620
44b6_87bba6c4,18194,18522
44b6_87bba6c4,18195,18391
44b6_87bba6c4,18198,18588
44b6_87bba6c4,18199,18555
44b6_87bba6c4,18200,18531
44b6_87bba6c4,18201,18528
44b6_87bba6c4,18202,18533
44b6_87bba6c4,18203,18584
44b6_87bba6c4,18206,18518
44b6_87bba6c4,18207,18616
44b6_87bba6c4,18208,18638
44b6_87bba6c4,18209,18576
44b6_87bba6c4,18211,18546
44b6_87bba6c4,18212,18564
44b6_87bba6c4,18214,18507
44b6_87bba6c4,18215,18597
44b6_87bba6c4,18216,18656
44b6_87bba6c4,18217,18580
44b6_87bba6c4,18218,18636
44b6_87bba6c4,18222,18626
44b6_87bba6c4,18223,18624
44b6_87bba6c4,18224,18609
44b6_87bba6c4,18227,18674
44b6_87bba6c4,18228,18566
44b6_87bba6c4,18229,18676
44b6_87bba6c4,18230,18625
44b6_87bba6c4,18232,18572
44b6_87bba6c4,18233,18589
44b6_87bba6c4,18236,18651
44b6_87bba6c4,18240,18635
44b6_87bba6c4,18242,18619
44b6_87bba6c4,18243,18646
44b6_87bba6c4,18245,18661
44b6_87bba6c4,18246,18634
44b6_87bba6c4,18248,18655
44b6_87bba6c4,18251,18677
44b6_87bba6c4,18254,18649
44b6_87bba6c4,18255,18650
44b6_87bba6c4,18257,18640
44b6_87bba6c4,18264,18647
44b6_87bba6c4,18265,18644
44b6_87bba6c4,18269,18667
44b6_87bba6c4,18270,18666
44b6_87bba6c4,18280,18680
44b6_87bba6c4,18281,18689
44b6_87bba6c4,18283,18686
44b6_87bba6c4,18284,18690
44b6_87bba6c4,18285,18698
44b6_87bba6c4,18286,18699
44b6_87bba6c4,18287,18683
44b6_87bba6c4,18288,18705
44b6_87bba6c4,18289,18684
44b6_87bba6c4,18290,18707
44b6_87bba6c4,18291,18711
44b6_87bba6c4,18293,18713
44b6_87bba6c4,18294,18702
44b6_87bba6c4,18295,18697
44b6_87bba6c4,18296,18691
44b6_87bba6c4,18297,18687
44b6_87bba6c4,18298,18727
44b6_87bba6c4,18299,18685
44b6_87bba6c4,18300,18743
44b6_87bba6c4,18301,18706
44b6_87bba6c4,18302,18703
44b6_87bba6c4,18303,18798
44b6_87bba6c4,18304,18717
44b6_87bba6c4,18305,18704
44b6_87bba6c4,18307,18696
44b6_87bba6c4,18308,18693
44b6_87bba6c4,18310,18714
44b6_87bba6c4,18312,18720
44b6_87bba6c4,18313,18747
44b6_87bba6c4,18314,18723
44b6_87bba6c4,18315,18715
44b6_87bba6c4,18316,18724
44b6_87bba6c4,18317,18751
44b6_87bba6c4,18318,18716
44b6_87bba6c4,18319,18748
44b6_87bba6c4,18320,18753
44b6_87bba6c4,18321,18740
44b6_87bba6c4,18322,18701
44b6_87bba6c4,18324,18700
44b6_87bba6c4,18325,18752
44b6_87bba6c4,18327,18709
44b6_87bba6c4,18328,18695
44b6_87bba6c4,18330,18732
44b6_87bba6c4,18331,18737
44b6_87bba6c4,18334,18881
44b6_87bba6c4,18335,18708
44b6_87bba6c4,18336,18728
44b6_87bba6c4,18337,18777
44b6_87bba6c4,18338,18755
44b6_87bba6c4,18339,18746
44b6_87bba6c4,18340,18772
44b6_87bba6c4,18341,18822
44b6_87bba6c4,18342,18776
44b6_87bba6c4,18343,18764
44b6_87bba6c4,18344,18757
44b6_87bba6c4,18345,18773
44b6_87bba6c4,18346,18784
44b6_87bba6c4,18347,18815
44b6_87bba6c4,18349,18725
44b6_87bba6c4,18351,18718
44b6_87bba6c4,18353,18758
44b6_87bba6c4,18354,18814
44b6_87bba6c4,18355,18710
44b6_87bba6c4,18356,18863
44b6_87bba6c4,18357,18802
44b6_87bba6c4,18358,18792
44b6_87bba6c4,18359,18721
44b6_87bba6c4,18361,18749
44b6_87bba6c4,18362,18729
44b6_87bba6c4,18363,18759
44b6_87bba6c4,18365,18791
44b6_87bba6c4,18366,18739
44b6_87bba6c4,18367,18730
44b6_87bba6c4,18368,18726
44b6_87bba6c4,18369,18856
44b6_87bba6c4,18370,18736
44b6_87bba6c4,18371,18788
44b6_87bba6c4,18372,18770
44b6_87bba6c4,18373,18857
44b6_87bba6c4,18374,18811
44b6_87bba6c4,18375,18750
44b6_87bba6c4,18376,18819
44b6_87bba6c4,18377,18774
44b6_87bba6c4,18378,18796
44b6_87bba6c4,18379,18733
44b6_87bba6c4,18381,18731
44b6_87bba6c4,18382,18824
44b6_87bba6c4,18383,18841
44b6_87bba6c4,18384,18830
44b6_87bba6c4,18385,18781
44b6_87bba6c4,18386,18722
44b6_87bba6c4,18387,18745
44b6_87bba6c4,18388,18809
44b6_87bba6c4,18389,18817
44b6_87bba6c4,18390,18803
44b6_87bba6c4,18391,18794
44b6_87bba6c4,18392,18797
44b6_87bba6c4,18393,18847
44b6_87bba6c4,18394,18738
44b6_87bba6c4,18395,18795
44b6_87bba6c4,18396,18808
44b6_87bba6c4,18397,18768
44b6_87bba6c4,18398,18918
44b6_87bba6c4,18399,18972
44b6_87bba6c4,18400,18769
44b6_87bba6c4,18401,18775
44b6_87bba6c4,18402,18930
44b6_87bba6c4,18403,18805
44b6_87bba6c4,18404,18760
44b6_87bba6c4,18405,18735
44b6_87bba6c4,18406,18742
44b6_87bba6c4,18408,18692
44b6_87bba6c4,18409,18820
44b6_87bba6c4,18412,18741
44b6_87bba6c4,18413,18765
44b6_87bba6c4,18414,18785
44b6_87bba6c4,18415,18782
44b6_87bba6c4,18416,18828
44b6_87bba6c4,18417,18763
44b6_87bba6c4,18418,18882
44b6_87bba6c4,18419,18886
44b6_87bba6c4,18420,18831
44b6_87bba6c4,18421,18813
44b6_87bba6c4,18423,18840
44b6_87bba6c4,18424,18793
44b6_87bba6c4,18425,18790
44b6_87bba6c4,18426,18766
44b6_87bba6c4,18427,18915
44b6_87bba6c4,18429,18821
44b6_87bba6c4,18430,18919
44b6_87bba6c4,18431,18838
44b6_87bba6c4,18432,18835
44b6_87bba6c4,18433,18719
44b6_87bba6c4,18434,18925
44b6_87bba6c4,18435,18807
44b6_87bba6c4,18436,18744
44b6_87bba6c4,18437,18959
44b6_87bba6c4,18438,18826
44b6_87bba6c4,18439,18852
44b6_87bba6c4,18440,18827
44b6_87bba6c4,18441,18859
44b6_87bba6c4,18442,18734
44b6_87bba6c4,18443,18786
44b6_87bba6c4,18444,18901
44b6_87bba6c4,18445,18973
44b6_87bba6c4,18446,18872
44b6_87bba6c4,18447,18940
44b6_87bba6c4,18450,18943
44b6_87bba6c4,18452,18844
44b6_87bba6c4,18453,18908
44b6_87bba6c4,18455,18888
44b6_87bba6c4,18457,18935
44b6_87bba6c4,18458,18839
44b6_87bba6c4,18459,18854
44b6_87bba6c4,18460,18767
44b6_87bba6c4,18461,18932
44b6_87bba6c4,18462,18892
44b6_87bba6c4,18463,18910
44b6_87bba6c4,18464,18903
44b6_87bba6c4,18465,18837
44b6_87bba6c4,18466,18842
44b6_87bba6c4,18467,18895
44b6_87bba6c4,18468,18887
44b6_87bba6c4,18469,18800
44b6_87bba6c4,18470,18874
44b6_87bba6c4,18471,18914
44b6_87bba6c4,18472,18799
44b6_87bba6c4,18473,18871
44b6_87bba6c4,18475,18816
44b6_87bba6c4,18476,18923
44b6_87bba6c4,18477,18829
44b6_87bba6c4,18479,18845
44b6_87bba6c4,18480,18885
44b6_87bba6c4,18481,18984
44b6_87bba6c4,18482,18843
44b6_87bba6c4,18483,18850
44b6_87bba6c4,18484,18891
44b6_87bba6c4,18485,18889
44b6_87bba6c4,18487,18832
44b6_87bba6c4,18489,18897
44b6_87bba6c4,18490,18907
44b6_87bba6c4,18492,18990
44b6_87bba6c4,18494,18938
44b6_87bba6c4,18496,18862
44b6_87bba6c4,18497,18902
44b6_87bba6c4,18499,18818
44b6_87bba6c4,18500,18880
44b6_87bba6c4,18501,18789
44b6_87bba6c4,18502,18963
44b6_87bba6c4,18503,18913
44b6_87bba6c4,18506,18945
44b6_87bba6c4,18507,18954
44b6_87bba6c4,18508,18864
44b6_87bba6c4,18509,18933
44b6_87bba6c4,18510,18870
44b6_87bba6c4,18511,18904
44b6_87bba6c4,18512,18833
44b6_87bba6c4,18513,18866
44b6_87bba6c4,18515,18884
44b6_87bba6c4,18516,19031
44b6_87bba6c4,18518,18994
44b6_87bba6c4,18519,18957
44b6_87bba6c4,18520,18995
44b6_87bba6c4,18521,18944
44b6_87bba6c4,18522,18906
44b6_87bba6c4,18523,18893
44b6_87bba6c4,18524,18896
44b6_87bba6c4,18525,18806
44b6_87bba6c4,18527,18855
44b6_87bba6c4,18528,18912
44b6_87bba6c4,18529,18861
44b6_87bba6c4,18531,18834
44b6_87bba6c4,18532,18878
44b6_87bba6c4,18533,18851
44b6_87bba6c4,18534,18890
44b6_87bba6c4,18535,18941
44b6_87bba6c4,18536,19015
44b6_87bba6c4,18537,18783
44b6_87bba6c4,18538,18898
44b6_87bba6c4,18539,18879
44b6_87bba6c4,18540,18924
44b6_87bba6c4,18541,18899
44b6_87bba6c4,18542,18911
44b6_87bba6c4,18543,18978
44b6_87bba6c4,18544,18964
44b6_87bba6c4,18545,18956
44b6_87bba6c4,18546,18965
44b6_87bba6c4,18547,18939
44b6_87bba6c4,18548,18877
44b6_87bba6c4,18549,18928
44b6_87bba6c4,18550,18846
44b6_87bba6c4,18551,18934
44b6_87bba6c4,18552,18961
44b6_87bba6c4,18553,18951
44b6_87bba6c4,18555,18970
44b6_87bba6c4,18556,18968
44b6_87bba6c4,18557,18936
44b6_87bba6c4,18560,18979
44b6_87bba6c4,18561,18894
44b6_87bba6c4,18562,18909
44b6_87bba6c4,18563,18868
44b6_87bba6c4,18564,18920
44b6_87bba6c4,18565,18848
44b6_87bba6c4,18566,18950
44b6_87bba6c4,18567,18969
44b6_87bba6c4,18569,18942
44b6_87bba6c4,18572,19010
44b6_87bba6c4,18573,18865
44b6_87bba6c4,18574,19005
44b6_87bba6c4,18575,18986
44b6_87bba6c4,18577,19020
44b6_87bba6c4,18579,18931
44b6_87bba6c4,18580,19004
44b6_87bba6c4,18581,18998
44b6_87bba6c4,18582,18916
44b6_87bba6c4,18583,18985
44b6_87bba6c4,18584,18977
44b6_87bba6c4,18586,19025
44b6_87bba6c4,18588,18825
44b6_87bba6c4,18589,18875
44b6_87bba6c4,18590,18955
44b6_87bba6c4,18591,19000
44b6_87bba6c4,18592,18952
44b6_87bba6c4,18595,18987
44b6_87bba6c4,18596,18922
44b6_87bba6c4,18597,18996
44b6_87bba6c4,18598,19011
44b6_87bba6c4,18599,18967
44b6_87bba6c4,18603,18962
44b6_87bba6c4,18605,18988
44b6_87bba6c4,18606,18946
44b6_87bba6c4,18609,18980
44b6_87bba6c4,18610,19049
44b6_87bba6c4,18611,19016
44b6_87bba6c4,18613,19044
44b6_87bba6c4,18615,19009
44b6_87bba6c4,18616,18976
44b6_87bba6c4,18618,19066
44b6_87bba6c4,18619,19051
44b6_87bba6c4,18620,19001
44b6_87bba6c4,18623,18997
44b6_87bba6c4,18625,19026
44b6_87bba6c4,18626,18982
44b6_87bba6c4,18628,19003
44b6_87bba6c4,18631,19054
44b6_87bba6c4,18632,19030
44b6_87bba6c4,18633,19008
44b6_87bba6c4,18635,19067
44b6_87bba6c4,18636,19013
44b6_87bba6c4,18637,19071
44b6_87bba6c4,18638,19055
44b6_87bba6c4,18640,19017
44b6_87bba6c4,18641,19029
44b6_87bba6c4,18642,19024
44b6_87bba6c4,18643,19018
44b6_87bba6c4,18644,19038
44b6_87bba6c4,18646,19022
44b6_87bba6c4,18647,19021
44b6_87bba6c4,18650,18991
44b6_87bba6c4,18651,19028
44b6_87bba6c4,18661,18869
44b6_87bba6c4,18662,19059
44b6_87bba6c4,18665,19061
44b6_87bba6c4,18666,19056
44b6_87bba6c4,18669,19035
44b6_87bba6c4,18671,19032
44b6_87bba6c4,18675,19040
44b6_87bba6c4,18677,19045
44b6_87bba6c4,18679,19099
44b6_87bba6c4,18680,19083
44b6_87bba6c4,18682,19074
44b6_87bba6c4,18683,19086
44b6_87bba6c4,18684,19076
44b6_87bba6c4,18685,19082
44b6_87bba6c4,18686,19093
44b6_87bba6c4,18687,19084
44b6_87bba6c4,18688,19081
44b6_87bba6c4,18689,19088
44b6_87bba6c4,18690,19092
44b6_87bba6c4,18691,19124
44b6_87bba6c4,18692,19091
44b6_87bba6c4,18694,19080
44b6_87bba6c4,18695,19085
44b6_87bba6c4,18696,19101
44b6_87bba6c4,18697,19113
44b6_87bba6c4,18699,19096
44b6_87bba6c4,18700,19297
44b6_87bba6c4,18701,19106
44b6_87bba6c4,18702,19102
44b6_87bba6c4,18703,19078
44b6_87bba6c4,18704,19098
44b6_87bba6c4,18705,19079
44b6_87bba6c4,18706,19116
44b6_87bba6c4,18707,19107
44b6_87bba6c4,18708,19119
44b6_87bba6c4,18710,19089
44b6_87bba6c4,18712,19135
44b6_87bba6c4,18713,19103
44b6_87bba6c4,18714,19132
44b6_87bba6c4,18715,19111
44b6_87bba6c4,18716,19090
44b6_87bba6c4,18717,19204
44b6_87bba6c4,18718,19100
44b6_87bba6c4,18719,19141
44b6_87bba6c4,18720,19147
44b6_87bba6c4,18721,19129
44b6_87bba6c4,18722,19156
44b6_87bba6c4,18723,19360
44b6_87bba6c4,18724,19233
44b6_87bba6c4,18725,19125
44b6_87bba6c4,18726,19115
44b6_87bba6c4,18727,19120
44b6_87bba6c4,18728,19183
44b6_87bba6c4,18729,19155
44b6_87bba6c4,18730,19136
44b6_87bba6c4,18731,19356
44b6_87bba6c4,18732,19195
44b6_87bba6c4,18733,19108
44b6_87bba6c4,18734,19143
44b6_87bba6c4,18735,19097
44b6_87bba6c4,18736,19165
44b6_87bba6c4,18737,19128
44b6_87bba6c4,18738,19193
44b6_87bba6c4,18739,19126
44b6_87bba6c4,18740,19283
44b6_87bba6c4,18741,19198
44b6_87bba6c4,18743,19123
44b6_87bba6c4,18744,19158
44b6_87bba6c4,18745,19257
44b6_87bba6c4,18746,19146
44b6_87bba6c4,18747,19133
44b6_87bba6c4,18748,19148
44b6_87bba6c4,18749,19144
44b6_87bba6c4,18750,19112
44b6_87bba6c4,18752,19145
44b6_87bba6c4,18753,19174
44b6_87bba6c4,18754,19140
44b6_87bba6c4,18755,19205
44b6_87bba6c4,18756,19301
44b6_87bba6c4,18757,19139
44b6_87bba6c4,18759,19110
44b6_87bba6c4,18760,19154
44b6_87bba6c4,18762,19131
44b6_87bba6c4,18763,19153
44b6_87bba6c4,18764,19160
44b6_87bba6c4,18765,19219
44b6_87bba6c4,18766,19175
44b6_87bba6c4,18767,19178
44b6_87bba6c4,18768,19196
44b6_87bba6c4,18769,19211
44b6_87bba6c4,18770,19172
44b6_87bba6c4,18771,19077
44b6_87bba6c4,18772,19189
44b6_87bba6c4,18773,19186
44b6_87bba6c4,18774,19094
44b6_87bba6c4,18775,19159
44b6_87bba6c4,18776,19180
44b6_87bba6c4,18778,19250
44b6_87bba6c4,18779,19218
44b6_87bba6c4,18780,19177
44b6_87bba6c4,18781,19166
44b6_87bba6c4,18782,19184
44b6_87bba6c4,18783,19137
44b6_87bba6c4,18784,19199
44b6_87bba6c4,18785,19210
44b6_87bba6c4,18786,19262
44b6_87bba6c4,18787,19104
44b6_87bba6c4,18788,19206
44b6_87bba6c4,18789,19385
44b6_87bba6c4,18790,19190
44b6_87bba6c4,18791,19173
44b6_87bba6c4,18793,19194
44b6_87bba6c4,18795,19170
44b6_87bba6c4,18796,19265
44b6_87bba6c4,18797,19208
44b6_87bba6c4,18799,19121
44b6_87bba6c4,18800,19168
44b6_87bba6c4,18802,19246
44b6_87bba6c4,18803,19134
44b6_87bba6c4,18804,19150
44b6_87bba6c4,18805,19171
44b6_87bba6c4,18806,19162
44b6_87bba6c4,18807,19202
44b6_87bba6c4,18808,19138
44b6_87bba6c4,18811,19152
44b6_87bba6c4,18812,19122
44b6_87bba6c4,18814,19149
44b6_87bba6c4,18815,19282
44b6_87bba6c4,18816,19130
44b6_87bba6c4,18817,19298
44b6_87bba6c4,18818,19270
44b6_87bba6c4,18819,19386
44b6_87bba6c4,18820,19182
44b6_87bba6c4,18821,19230
44b6_87bba6c4,18822,19232
44b6_87bba6c4,18823,19288
44b6_87bba6c4,18824,19292
44b6_87bba6c4,18826,19306
44b6_87bba6c4,18827,19187
44b6_87bba6c4,18828,19192
44b6_87bba6c4,18829,19357
44b6_87bba6c4,18830,19169
44b6_87bba6c4,18831,19201
44b6_87bba6c4,18832,19164
44b6_87bba6c4,18833,19346
44b6_87bba6c4,18834,19273
44b6_87bba6c4,18839,19274
44b6_87bba6c4,18840,19191
44b6_87bba6c4,18841,19354
44b6_87bba6c4,18843,19217
44b6_87bba6c4,18844,19236
44b6_87bba6c4,18846,19117
44b6_87bba6c4,18847,19231
44b6_87bba6c4,18848,19227
44b6_87bba6c4,18849,19299
44b6_87bba6c4,18850,19293
44b6_87bba6c4,18851,19421
44b6_87bba6c4,18852,19087
44b6_87bba6c4,18853,19268
44b6_87bba6c4,18854,19309
44b6_87bba6c4,18855,19253
44b6_87bba6c4,18856,19339
44b6_87bba6c4,18857,19249
44b6_87bba6c4,18858,19245
44b6_87bba6c4,18859,19207
44b6_87bba6c4,18862,19317
44b6_87bba6c4,18863,19414
44b6_87bba6c4,18864,19239
44b6_87bba6c4,18865,19367
44b6_87bba6c4,18866,19224
44b6_87bba6c4,18867,19326
44b6_87bba6c4,18868,19289
44b6_87bba6c4,18869,19311
44b6_87bba6c4,18870,19320
44b6_87bba6c4,18871,19255
44b6_87bba6c4,18872,19220
44b6_87bba6c4,18873,19176
44b6_87bba6c4,18874,19291
44b6_87bba6c4,18875,19238
44b6_87bba6c4,18876,19269
44b6_87bba6c4,18877,19295
44b6_87bba6c4,18878,19287
44b6_87bba6c4,18879,19281
44b6_87bba6c4,18880,19215
44b6_87bba6c4,18881,19381
44b6_87bba6c4,18882,19382
44b6_87bba6c4,18883,19276
44b6_87bba6c4,18884,19248
44b6_87bba6c4,18885,19327
44b6_87bba6c4,18887,19197
44b6_87bba6c4,18889,19279
44b6_87bba6c4,18890,19258
44b6_87bba6c4,18891,19304
44b6_87bba6c4,18892,19209
44b6_87bba6c4,18893,19318
44b6_87bba6c4,18894,19212
44b6_87bba6c4,18895,19271
44b6_87bba6c4,18896,19312
44b6_87bba6c4,18898,19412
44b6_87bba6c4,18899,19214
44b6_87bba6c4,18900,19359
44b6_87bba6c4,18901,19294
44b6_87bba6c4,18902,19266
44b6_87bba6c4,18903,19410
44b6_87bba6c4,18904,19314
44b6_87bba6c4,18905,19308
44b6_87bba6c4,18906,19237
44b6_87bba6c4,18907,19378
44b6_87bba6c4,18908,19280
44b6_87bba6c4,18910,19328
44b6_87bba6c4,18911,19335
44b6_87bba6c4,18912,19351
44b6_87bba6c4,18913,19267
44b6_87bba6c4,18914,19260
44b6_87bba6c4,18915,19228
44b6_87bba6c4,18916,19264
44b6_87bba6c4,18918,19336
44b6_87bba6c4,18919,19261
44b6_87bba6c4,18920,19322
44b6_87bba6c4,18921,19167
44b6_87bba6c4,18922,19340
44b6_87bba6c4,18923,19449
44b6_87bba6c4,18924,19396
44b6_87bba6c4,18925,19325
44b6_87bba6c4,18927,19337
44b6_87bba6c4,18928,19241
44b6_87bba6c4,18930,19440
44b6_87bba6c4,18931,19244
44b6_87bba6c4,18932,19441
44b6_87bba6c4,18933,19371
44b6_87bba6c4,18934,19355
44b6_87bba6c4,18935,19105
44b6_87bba6c4,18936,19368
44b6_87bba6c4,18937,19275
44b6_87bba6c4,18938,19384
44b6_87bba6c4,18939,19305
44b6_87bba6c4,18940,19376
44b6_87bba6c4,18942,19302
44b6_87bba6c4,18943,19369
44b6_87bba6c4,18944,19361
44b6_87bba6c4,18946,19465
44b6_87bba6c4,18947,19259
44b6_87bba6c4,18949,19235
44b6_87bba6c4,18951,19352
44b6_87bba6c4,18953,19365
44b6_87bba6c4,18954,19303
44b6_87bba6c4,18955,19313
44b6_87bba6c4,18956,19127
44b6_87bba6c4,18961,19374
44b6_87bba6c4,18963,19321
44b6_87bba6c4,18964,19349
44b6_87bba6c4,18965,19388
44b6_87bba6c4,18966,19345
44b6_87bba6c4,18967,19334
44b6_87bba6c4,18970,19331
44b6_87bba6c4,18972,19366
44b6_87bba6c4,18973,19252
44b6_87bba6c4,18974,19399
44b6_87bba6c4,18975,19263
44b6_87bba6c4,18976,19379
44b6_87bba6c4,18977,19418
44b6_87bba6c4,18978,19455
44b6_87bba6c4,18979,19350
44b6_87bba6c4,18980,19377
44b6_87bba6c4,18982,19348
44b6_87bba6c4,18986,19284
44b6_87bba6c4,18987,19403
44b6_87bba6c4,18988,19362
44b6_87bba6c4,18989,19338
44b6_87bba6c4,18990,19163
44b6_87bba6c4,18991,19459
44b6_87bba6c4,18993,19343
44b6_87bba6c4,18996,19404
44b6_87bba6c4,18997,19427
44b6_87bba6c4,18998,19392
44b6_87bba6c4,19001,19347
44b6_87bba6c4,19002,19254
44b6_87bba6c4,19004,19416
44b6_87bba6c4,19005,19426
44b6_87bba6c4,19006,19429
44b6_87bba6c4,19008,19402
44b6_87bba6c4,19009,19358
44b6_87bba6c4,19010,19390
44b6_87bba6c4,19013,19375
44b6_87bba6c4,19014,19436
44b6_87bba6c4,19016,19428
44b6_87bba6c4,19018,19442
44b6_87bba6c4,19020,19406
44b6_87bba6c4,19021,19247
44b6_87bba6c4,19022,19411
44b6_87bba6c4,19024,19408
44b6_87bba6c4,19026,19380
44b6_87bba6c4,19028,19417
44b6_87bba6c4,19029,19422
44b6_87bba6c4,19030,19407
44b6_87bba6c4,19031,19353
44b6_87bba6c4,19032,19423
44b6_87bba6c4,19040,19453
44b6_87bba6c4,19044,19415
44b6_87bba6c4,19045,19447
44b6_87bba6c4,19046,19393
44b6_87bba6c4,19048,19454
44b6_87bba6c4,19051,19400
44b6_87bba6c4,19052,19462
44b6_87bba6c4,19054,19448
44b6_87bba6c4,19056,19398
44b6_87bba6c4,19066,19476
44b6_87bba6c4,19070,19468
44b6_87bba6c4,19074,19511
44b6_87bba6c4,19076,19483
44b6_87bba6c4,19077,19480
44b6_87bba6c4,19078,19503
44b6_87bba6c4,19079,19540
44b6_87bba6c4,19080,19481
44b6_87bba6c4,19081,19482
44b6_87bba6c4,19082,19509
44b6_87bba6c4,19083,19484
44b6_87bba6c4,19084,19507
44b6_87bba6c4,19085,19494
44b6_87bba6c4,19086,19501
44b6_87bba6c4,19087,19500
44b6_87bba6c4,19088,19499
44b6_87bba6c4,19089,19492
44b6_87bba6c4,19090,19485
44b6_87bba6c4,19091,19505
44b6_87bba6c4,19092,19491
44b6_87bba6c4,19093,19496
44b6_87bba6c4,19094,19577
44b6_87bba6c4,19096,19518
44b6_87bba6c4,19097,19489
44b6_87bba6c4,19098,19486
44b6_87bba6c4,19099,19478
44b6_87bba6c4,19100,19512
44b6_87bba6c4,19101,19510
44b6_87bba6c4,19102,19535
44b6_87bba6c4,19103,19487
44b6_87bba6c4,19104,19513
44b6_87bba6c4,19105,19495
44b6_87bba6c4,19106,19531
44b6_87bba6c4,19107,19519
44b6_87bba6c4,19108,19557
44b6_87bba6c4,19109,19517
44b6_87bba6c4,19110,19549
44b6_87bba6c4,19111,19521
44b6_87bba6c4,19115,19524
44b6_87bba6c4,19116,19515
44b6_87bba6c4,19117,19697
44b6_87bba6c4,19118,19493
44b6_87bba6c4,19119,19506
44b6_87bba6c4,19120,19523
44b6_87bba6c4,19121,19550
44b6_87bba6c4,19122,19497
44b6_87bba6c4,19123,19545
44b6_87bba6c4,19124,19543
44b6_87bba6c4,19125,19526
44b6_87bba6c4,19126,19558
44b6_87bba6c4,19127,19502
44b6_87bba6c4,19129,19525
44b6_87bba6c4,19130,19565
44b6_87bba6c4,19132,19572
44b6_87bba6c4,19133,19564
44b6_87bba6c4,19134,19569
44b6_87bba6c4,19136,19608
44b6_87bba6c4,19137,19578
44b6_87bba6c4,19138,19539
44b6_87bba6c4,19139,19516
44b6_87bba6c4,19140,19610
44b6_87bba6c4,19143,19551
44b6_87bba6c4,19144,19538
44b6_87bba6c4,19145,19627
44b6_87bba6c4,19146,19547
44b6_87bba6c4,19147,19568
44b6_87bba6c4,19148,19598
44b6_87bba6c4,19149,19601
44b6_87bba6c4,19150,19593
44b6_87bba6c4,19151,19530
44b6_87bba6c4,19152,19583
44b6_87bba6c4,19153,19508
44b6_87bba6c4,19154,19567
44b6_87bba6c4,19155,19620
44b6_87bba6c4,19157,19571
44b6_87bba6c4,19158,19653
44b6_87bba6c4,19159,19784
44b6_87bba6c4,19160,19562
44b6_87bba6c4,19161,19556
44b6_87bba6c4,19162,19490
44b6_87bba6c4,19163,19514
44b6_87bba6c4,19164,19561
44b6_87bba6c4,19165,19560
44b6_87bba6c4,19166,19554
44b6_87bba6c4,19168,19607
44b6_87bba6c4,19169,19522
44b6_87bba6c4,19170,19606
44b6_87bba6c4,19171,19546
44b6_87bba6c4,19172,19611
44b6_87bba6c4,19173,19613
44b6_87bba6c4,19174,19595
44b6_87bba6c4,19175,19590
44b6_87bba6c4,19176,19582
44b6_87bba6c4,19177,19529
44b6_87bba6c4,19178,19689
44b6_87bba6c4,19179,19575
44b6_87bba6c4,19180,19622
44b6_87bba6c4,19182,19553
44b6_87bba6c4,19183,19600
44b6_87bba6c4,19184,19637
44b6_87bba6c4,19185,19576
44b6_87bba6c4,19187,19589
44b6_87bba6c4,19188,19488
44b6_87bba6c4,19189,19614
44b6_87bba6c4,19190,19696
44b6_87bba6c4,19191,19566
44b6_87bba6c4,19192,19619
44b6_87bba6c4,19193,19647
44b6_87bba6c4,19194,19629
44b6_87bba6c4,19195,19541
44b6_87bba6c4,19196,19652
44b6_87bba6c4,19197,19703
44b6_87bba6c4,19198,19654
44b6_87bba6c4,19199,19626
44b6_87bba6c4,19200,19479
44b6_87bba6c4,19201,19574
44b6_87bba6c4,19202,19729
44b6_87bba6c4,19203,19634
44b6_87bba6c4,19204,19662
44b6_87bba6c4,19205,19579
44b6_87bba6c4,19206,19609
44b6_87bba6c4,19207,19658
44b6_87bba6c4,19208,19625
44b6_87bba6c4,19209,19692
44b6_87bba6c4,19210,19671
44b6_87bba6c4,19211,19628
44b6_87bba6c4,19212,19602
44b6_87bba6c4,19213,19581
44b6_87bba6c4,19215,19584
44b6_87bba6c4,19216,19592
44b6_87bba6c4,19217,19638
44b6_87bba6c4,19218,19630
44b6_87bba6c4,19219,19597
44b6_87bba6c4,19220,19714
44b6_87bba6c4,19221,19603
44b6_87bba6c4,19222,19635
44b6_87bba6c4,19223,19705
44b6_87bba6c4,19224,19649
44b6_87bba6c4,19225,19544
44b6_87bba6c4,19226,19555
44b6_87bba6c4,19227,19645
44b6_87bba6c4,19228,19533
44b6_87bba6c4,19229,19528
44b6_87bba6c4,19230,19633
44b6_87bba6c4,19231,19741
44b6_87bba6c4,19232,19646
44b6_87bba6c4,19234,19664
44b6_87bba6c4,19235,19641
44b6_87bba6c4,19236,19675
44b6_87bba6c4,19237,19542
44b6_87bba6c4,19238,19716
44b6_87bba6c4,19239,19587
44b6_87bba6c4,19240,19570
44b6_87bba6c4,19241,19684
44b6_87bba6c4,19242,19694
44b6_87bba6c4,19243,19621
44b6_87bba6c4,19244,19681
44b6_87bba6c4,19246,19678
44b6_87bba6c4,19247,19698
44b6_87bba6c4,19248,19643
44b6_87bba6c4,19249,19702
44b6_87bba6c4,19250,19586
44b6_87bba6c4,19251,19690
44b6_87bba6c4,19252,19642
44b6_87bba6c4,19254,19655
44b6_87bba6c4,19255,19667
44b6_87bba6c4,19256,19631
44b6_87bba6c4,19257,19618
44b6_87bba6c4,19258,19750
44b6_87bba6c4,19259,19660
44b6_87bba6c4,19260,19691
44b6_87bba6c4,19261,19651
44b6_87bba6c4,19262,19670
44b6_87bba6c4,19263,19640
44b6_87bba6c4,19264,19612
44b6_87bba6c4,19265,19648
44b6_87bba6c4,19266,19687
44b6_87bba6c4,19267,19682
44b6_87bba6c4,19268,19665
44b6_87bba6c4,19269,19650
44b6_87bba6c4,19270,19688
44b6_87bba6c4,19271,19669
44b6_87bba6c4,19273,19668
44b6_87bba6c4,19274,19732
44b6_87bba6c4,19275,19659
44b6_87bba6c4,19276,19663
44b6_87bba6c4,19277,19740
44b6_87bba6c4,19278,19693
44b6_87bba6c4,19279,19624
44b6_87bba6c4,19280,19680
44b6_87bba6c4,19281,19711
44b6_87bba6c4,19282,19679
44b6_87bba6c4,19283,19573
44b6_87bba6c4,19284,19710
44b6_87bba6c4,19285,19717
44b6_87bba6c4,19287,19726
44b6_87bba6c4,19288,19745
44b6_87bba6c4,19291,19707
44b6_87bba6c4,19292,19617
44b6_87bba6c4,19294,19730
44b6_87bba6c4,19295,19661
44b6_87bba6c4,19296,19674
44b6_87bba6c4,19298,19676
44b6_87bba6c4,19299,19700
44b6_87bba6c4,19302,19695
44b6_87bba6c4,19304,19720
44b6_87bba6c4,19305,19666
44b6_87bba6c4,19306,19727
44b6_87bba6c4,19307,19706
44b6_87bba6c4,19308,19731
44b6_87bba6c4,19309,19722
44b6_87bba6c4,19310,19754
44b6_87bba6c4,19311,19712
44b6_87bba6c4,19313,19735
44b6_87bba6c4,19314,19844
44b6_87bba6c4,19315,19715
44b6_87bba6c4,19316,19616
44b6_87bba6c4,19317,19769
44b6_87bba6c4,19318,19636
44b6_87bba6c4,19320,19760
44b6_87bba6c4,19321,19749
44b6_87bba6c4,19322,19673
44b6_87bba6c4,19323,19777
44b6_87bba6c4,19324,19757
44b6_87bba6c4,19325,19713
44b6_87bba6c4,19326,19644
44b6_87bba6c4,19327,19686
44b6_87bba6c4,19328,19746
44b6_87bba6c4,19329,19708
44b6_87bba6c4,19330,19623
44b6_87bba6c4,19331,19718
44b6_87bba6c4,19332,19588
44b6_87bba6c4,19333,19828
44b6_87bba6c4,19334,19762
44b6_87bba6c4,19335,19685
44b6_87bba6c4,19337,19747
44b6_87bba6c4,19338,19739
44b6_87bba6c4,19339,19704
44b6_87bba6c4,19340,19751
44b6_87bba6c4,19343,19632
44b6_87bba6c4,19346,19758
44b6_87bba6c4,19348,19773
44b6_87bba6c4,19349,19756
44b6_87bba6c4,19350,19709
44b6_87bba6c4,19351,19748
44b6_87bba6c4,19352,19591
44b6_87bba6c4,19353,19656
44b6_87bba6c4,19354,19782
44b6_87bba6c4,19356,19818
44b6_87bba6c4,19357,19738
44b6_87bba6c4,19358,19721
44b6_87bba6c4,19359,19774
44b6_87bba6c4,19360,19605
44b6_87bba6c4,19361,19821
44b6_87bba6c4,19362,19778
44b6_87bba6c4,19364,19842
44b6_87bba6c4,19365,19808
44b6_87bba6c4,19366,19728
44b6_87bba6c4,19368,19737
44b6_87bba6c4,19371,19789
44b6_87bba6c4,19372,19807
44b6_87bba6c4,19374,19761
44b6_87bba6c4,19375,19797
44b6_87bba6c4,19376,19810
44b6_87bba6c4,19377,19734
44b6_87bba6c4,19378,19742
44b6_87bba6c4,19379,19767
44b6_87bba6c4,19380,19825
44b6_87bba6c4,19384,19812
44b6_87bba6c4,19385,19851
44b6_87bba6c4,19386,19733
44b6_87bba6c4,19388,19736
44b6_87bba6c4,19389,19677
44b6_87bba6c4,19391,19787
44b6_87bba6c4,19392,19813
44b6_87bba6c4,19394,19806
44b6_87bba6c4,19395,19772
44b6_87bba6c4,19397,19725
44b6_87bba6c4,19398,19793
44b6_87bba6c4,19399,19838
44b6_87bba6c4,19400,19790
44b6_87bba6c4,19402,19841
44b6_87bba6c4,19403,19744
44b6_87bba6c4,19404,19775
44b6_87bba6c4,19406,19848
44b6_87bba6c4,19407,19796
44b6_87bba6c4,19410,19835
44b6_87bba6c4,19411,19809
44b6_87bba6c4,19413,19850
44b6_87bba6c4,19415,19846
44b6_87bba6c4,19416,19786
44b6_87bba6c4,19417,19831
44b6_87bba6c4,19418,19817
44b6_87bba6c4,19422,19820
44b6_87bba6c4,19423,19803
44b6_87bba6c4,19427,19824
44b6_87bba6c4,19428,19755
44b6_87bba6c4,19432,19858
44b6_87bba6c4,19433,19811
44b6_87bba6c4,19435,19759
44b6_87bba6c4,19441,19826
44b6_87bba6c4,19442,19815
44b6_87bba6c4,19443,19832
44b6_87bba6c4,19448,19799
44b6_87bba6c4,19450,19857
44b6_87bba6c4,19451,19780
44b6_87bba6c4,19459,19860
44b6_87bba6c4,19463,19792
44b6_87bba6c4,19466,19766
44b6_87bba6c4,19468,19856
44b6_87bba6c4,19469,19827
44b6_87bba6c4,19473,19814
44b6_87bba6c4,19474,19776
44b6_87bba6c4,19475,19843
44b6_87bba6c4,19477,19859
44b6_87bba6c4,19478,19864
44b6_87bba6c4,19480,19862
44b6_87bba6c4,19481,19863
44b6_87bba6c4,19482,19865
44b6_87bba6c4,19483,19867
44b6_87bba6c4,19484,19871
44b6_87bba6c4,19485,19866
44b6_87bba6c4,19487,19891
44b6_87bba6c4,19488,19876
44b6_87bba6c4,19489,19877
44b6_87bba6c4,19490,19873
44b6_87bba6c4,19491,19879
44b6_87bba6c4,19492,19888
44b6_87bba6c4,19493,19878
44b6_87bba6c4,19494,19995
44b6_87bba6c4,19495,19909
44b6_87bba6c4,19496,19927
44b6_87bba6c4,19497,19910
44b6_87bba6c4,19498,19868
44b6_87bba6c4,19499,19889
44b6_87bba6c4,19500,19874
44b6_87bba6c4,19501,19887
44b6_87bba6c4,19502,19940
44b6_87bba6c4,19503,19894
44b6_87bba6c4,19504,19883
44b6_87bba6c4,19505,20006
44b6_87bba6c4,19506,19886
44b6_87bba6c4,19507,19881
44b6_87bba6c4,19508,19921
44b6_87bba6c4,19509,19904
44b6_87bba6c4,19510,19897
44b6_87bba6c4,19511,19872
44b6_87bba6c4,19512,19892
44b6_87bba6c4,19513,19903
44b6_87bba6c4,19514,19880
44b6_87bba6c4,19515,19917
44b6_87bba6c4,19516,19911
44b6_87bba6c4,19517,19895
44b6_87bba6c4,19518,19939
44b6_87bba6c4,19519,19905
44b6_87bba6c4,19520,19922
44b6_87bba6c4,19521,19875
44b6_87bba6c4,19522,19941
44b6_87bba6c4,19523,19901
44b6_87bba6c4,19525,19924
44b6_87bba6c4,19526,19884
44b6_87bba6c4,19528,19957
44b6_87bba6c4,19531,19899
44b6_87bba6c4,19533,20034
44b6_87bba6c4,19534,19898
44b6_87bba6c4,19535,19971
44b6_87bba6c4,19537,19938
44b6_87bba6c4,19538,19912
44b6_87bba6c4,19539,19943
44b6_87bba6c4,19540,19936
44b6_87bba6c4,19541,19931
44b6_87bba6c4,19542,19981
44b6_87bba6c4,19543,20007
44b6_87bba6c4,19545,19900
44b6_87bba6c4,19546,19963
44b6_87bba6c4,19547,19932
44b6_87bba6c4,19548,19913
44b6_87bba6c4,19549,19915
44b6_87bba6c4,19550,19907
44b6_87bba6c4,19551,19949
44b6_87bba6c4,19553,19946
44b6_87bba6c4,19554,19974
44b6_87bba6c4,19556,19906
44b6_87bba6c4,19558,20020
44b6_87bba6c4,19559,19914
44b6_87bba6c4,19560,19977
44b6_87bba6c4,19561,19990
44b6_87bba6c4,19562,19945
44b6_87bba6c4,19563,19870
44b6_87bba6c4,19564,19948
44b6_87bba6c4,19565,19959
44b6_87bba6c4,19566,20035
44b6_87bba6c4,19567,19930
44b6_87bba6c4,19568,19942
44b6_87bba6c4,19569,19916
44b6_87bba6c4,19570,19960
44b6_87bba6c4,19571,19962
44b6_87bba6c4,19573,19967
44b6_87bba6c4,19574,20044
44b6_87bba6c4,19575,19973
44b6_87bba6c4,19576,19965
44b6_87bba6c4,19577,19890
44b6_87bba6c4,19578,19955
44b6_87bba6c4,19579,19947
44b6_87bba6c4,19582,20010
44b6_87bba6c4,19583,20031
44b6_87bba6c4,19584,19954
44b6_87bba6c4,19585,19969
44b6_87bba6c4,19586,19951
44b6_87bba6c4,19587,20014
44b6_87bba6c4,19588,20053
44b6_87bba6c4,19589,20027
44b6_87bba6c4,19590,20004
44b6_87bba6c4,19591,19956
44b6_87bba6c4,19592,19999
44b6_87bba6c4,19593,20017
44b6_87bba6c4,19594,20015
44b6_87bba6c4,19595,19925
44b6_87bba6c4,19596,19952
44b6_87bba6c4,19597,19928
44b6_87bba6c4,19598,19926
44b6_87bba6c4,19599,19986
44b6_87bba6c4,19600,19972
44b6_87bba6c4,19601,20024
44b6_87bba6c4,19604,20037
44b6_87bba6c4,19605,19933
44b6_87bba6c4,19607,20028
44b6_87bba6c4,19609,19989
44b6_87bba6c4,19610,19991
44b6_87bba6c4,19611,19944
44b6_87bba6c4,19612,20059
44b6_87bba6c4,19613,19920
44b6_87bba6c4,19614,20060
44b6_87bba6c4,19615,19908
44b6_87bba6c4,19616,19937
44b6_87bba6c4,19617,20018
44b6_87bba6c4,19618,19953
44b6_87bba6c4,19619,20013
44b6_87bba6c4,19620,19996
44b6_87bba6c4,19621,19961
44b6_87bba6c4,19622,19966
44b6_87bba6c4,19623,19923
44b6_87bba6c4,19624,20002
44b6_87bba6c4,19625,20011
44b6_87bba6c4,19626,20049
44b6_87bba6c4,19627,19935
44b6_87bba6c4,19628,20055
44b6_87bba6c4,19629,20063
44b6_87bba6c4,19630,20052
44b6_87bba6c4,19632,20194
44b6_87bba6c4,19633,20032
44b6_87bba6c4,19634,20026
44b6_87bba6c4,19635,19980
44b6_87bba6c4,19636,19976
44b6_87bba6c4,19637,19997
44b6_87bba6c4,19638,20079
44b6_87bba6c4,19639,20038
44b6_87bba6c4,19640,20040
44b6_87bba6c4,19641,19968
44b6_87bba6c4,19642,19984
44b6_87bba6c4,19643,20057
44b6_87bba6c4,19644,20089
44b6_87bba6c4,19646,19979
44b6_87bba6c4,19647,20001
44b6_87bba6c4,19649,20128
44b6_87bba6c4,19650,20130
44b6_87bba6c4,19651,20071
44b6_87bba6c4,19652,19993
44b6_87bba6c4,19653,19958
44b6_87bba6c4,19654,20094
44b6_87bba6c4,19655,19896
44b6_87bba6c4,19656,20061
44b6_87bba6c4,19657,19975
44b6_87bba6c4,19658,19987
44b6_87bba6c4,19659,20016
44b6_87bba6c4,19660,20065
44b6_87bba6c4,19661,20047
44b6_87bba6c4,19662,20003
44b6_87bba6c4,19663,20064
44b6_87bba6c4,19664,20124
44b6_87bba6c4,19665,19983
44b6_87bba6c4,19666,20076
44b6_87bba6c4,19667,20036
44b6_87bba6c4,19668,20106
44b6_87bba6c4,19669,20084
44b6_87bba6c4,19671,20033
44b6_87bba6c4,19673,20237
44b6_87bba6c4,19674,20051
44b6_87bba6c4,19675,20107
44b6_87bba6c4,19676,20009
44b6_87bba6c4,19678,20142
44b6_87bba6c4,19680,19970
44b6_87bba6c4,19681,20067
44b6_87bba6c4,19682,20131
44b6_87bba6c4,19683,20046
44b6_87bba6c4,19684,20022
44b6_87bba6c4,19685,20153
44b6_87bba6c4,19686,20000
44b6_87bba6c4,19687,20143
44b6_87bba6c4,19689,20087
44b6_87bba6c4,19690,19985
44b6_87bba6c4,19691,20039
44b6_87bba6c4,19692,20101
44b6_87bba6c4,19693,20021
44b6_87bba6c4,19694,20045
44b6_87bba6c4,19695,20070
44b6_87bba6c4,19696,19982
44b6_87bba6c4,19697,20008
44b6_87bba6c4,19698,20029
44b6_87bba6c4,19701,20041
44b6_87bba6c4,19702,20068
44b6_87bba6c4,19703,19978
44b6_87bba6c4,19704,20104
44b6_87bba6c4,19705,19988
44b6_87bba6c4,19706,20054
44b6_87bba6c4,19707,20083
44b6_87bba6c4,19708,20088
44b6_87bba6c4,19709,20080
44b6_87bba6c4,19710,20077
44b6_87bba6c4,19712,20134
44b6_87bba6c4,19713,20117
44b6_87bba6c4,19714,20072
44b6_87bba6c4,19715,20074
44b6_87bba6c4,19716,20183
44b6_87bba6c4,19718,20078
44b6_87bba6c4,19721,20120
44b6_87bba6c4,19722,20138
44b6_87bba6c4,19723,20238
44b6_87bba6c4,19724,20103
44b6_87bba6c4,19725,20092
44b6_87bba6c4,19726,20058
44b6_87bba6c4,19727,20129
44b6_87bba6c4,19728,20126
44b6_87bba6c4,19729,20137
44b6_87bba6c4,19730,20086
44b6_87bba6c4,19731,20188
44b6_87bba6c4,19732,19992
44b6_87bba6c4,19733,20151
44b6_87bba6c4,19734,20157
44b6_87bba6c4,19735,19998
44b6_87bba6c4,19737,20132
44b6_87bba6c4,19738,20182
44b6_87bba6c4,19739,20122
44b6_87bba6c4,19740,20042
44b6_87bba6c4,19742,20110
44b6_87bba6c4,19744,20121
44b6_87bba6c4,19746,20140
44b6_87bba6c4,19747,20062
44b6_87bba6c4,19748,20097
44b6_87bba6c4,19750,20081
44b6_87bba6c4,19751,20085
44b6_87bba6c4,19752,20148
44b6_87bba6c4,19753,20133
44b6_87bba6c4,19755,20190
44b6_87bba6c4,19756,20082
44b6_87bba6c4,19757,20050
44b6_87bba6c4,19758,20115
44b6_87bba6c4,19759,20169
44b6_87bba6c4,19760,20162
44b6_87bba6c4,19761,20030
44b6_87bba6c4,19762,20209
44b6_87bba6c4,19763,20119
44b6_87bba6c4,19764,20012
44b6_87bba6c4,19766,20164
44b6_87bba6c4,19767,20136
44b6_87bba6c4,19769,20114
44b6_87bba6c4,19773,20196
44b6_87bba6c4,19774,20206
44b6_87bba6c4,19775,20118
44b6_87bba6c4,19776,20172
44b6_87bba6c4,19777,20189
44b6_87bba6c4,19778,20167
44b6_87bba6c4,19780,20150
44b6_87bba6c4,19782,20218
44b6_87bba6c4,19783,20109
44b6_87bba6c4,19784,20165
44b6_87bba6c4,19786,20180
44b6_87bba6c4,19787,20175
44b6_87bba6c4,19789,20096
44b6_87bba6c4,19792,20155
44b6_87bba6c4,19794,20123
44b6_87bba6c4,19795,20200
44b6_87bba6c4,19796,20160
44b6_87bba6c4,19797,20195
44b6_87bba6c4,19799,20186
44b6_87bba6c4,19806,20173
44b6_87bba6c4,19807,20168
44b6_87bba6c4,19808,20159
44b6_87bba6c4,19809,20177
44b6_87bba6c4,19810,20224
44b6_87bba6c4,19812,20212
44b6_87bba6c4,19813,20221
44b6_87bba6c4,19814,20202
44b6_87bba6c4,19815,20144
44b6_87bba6c4,19821,20243
44b6_87bba6c4,19823,20222
44b6_87bba6c4,19824,20248
44b6_87bba6c4,19825,20213
44b6_87bba6c4,19827,20233
44b6_87bba6c4,19830,20139
44b6_87bba6c4,19833,20187
44b6_87bba6c4,19834,20247
44b6_87bba6c4,19837,20234
44b6_87bba6c4,19840,20205
44b6_87bba6c4,19843,20166
44b6_87bba6c4,19845,20204
44b6_87bba6c4,19846,20207
44b6_87bba6c4,19850,20241
44b6_87bba6c4,19855,20216
44b6_87bba6c4,19856,20242
44b6_87bba6c4,19857,20235
44b6_87bba6c4,19859,20215
44b6_87bba6c4,19862,20259
44b6_87bba6c4,19863,20249
44b6_87bba6c4,19865,20251
44b6_87bba6c4,19866,20272
44b6_87bba6c4,19867,20257
44b6_87bba6c4,19868,20254
44b6_87bba6c4,19869,20262
44b6_87bba6c4,19870,20250
44b6_87bba6c4,19871,20255
44b6_87bba6c4,19873,20252
44b6_87bba6c4,19874,20363
44b6_87bba6c4,19875,20263
44b6_87bba6c4,19876,20258
44b6_87bba6c4,19877,20310
44b6_87bba6c4,19878,20284
44b6_87bba6c4,19879,20261
44b6_87bba6c4,19880,20253
44b6_87bba6c4,19881,20304
44b6_87bba6c4,19882,20276
44b6_87bba6c4,19883,20307
44b6_87bba6c4,19884,20264
44b6_87bba6c4,19885,20273
44b6_87bba6c4,19886,20274
44b6_87bba6c4,19887,20269
44b6_87bba6c4,19888,20256
44b6_87bba6c4,19889,20290
44b6_87bba6c4,19890,20316
44b6_87bba6c4,19891,20311
44b6_87bba6c4,19892,20266
44b6_87bba6c4,19893,20281
44b6_87bba6c4,19894,20271
44b6_87bba6c4,19895,20278
44b6_87bba6c4,19896,20323
44b6_87bba6c4,19897,20289
44b6_87bba6c4,19898,20312
44b6_87bba6c4,19899,20285
44b6_87bba6c4,19900,20320
44b6_87bba6c4,19901,20282
44b6_87bba6c4,19902,20297
44b6_87bba6c4,19903,20347
44b6_87bba6c4,19904,20308
44b6_87bba6c4,19905,20270
44b6_87bba6c4,19906,20275
44b6_87bba6c4,19907,20354
44b6_87bba6c4,19908,20267
44b6_87bba6c4,19909,20295
44b6_87bba6c4,19910,20280
44b6_87bba6c4,19911,20260
44b6_87bba6c4,19912,20301
44b6_87bba6c4,19913,20286
44b6_87bba6c4,19914,20395
44b6_87bba6c4,19915,20334
44b6_87bba6c4,19916,20303
44b6_87bba6c4,19917,20319
44b6_87bba6c4,19918,20288
44b6_87bba6c4,19920,20338
44b6_87bba6c4,19921,20379
44b6_87bba6c4,19922,20283
44b6_87bba6c4,19923,20358
44b6_87bba6c4,19924,20300
44b6_87bba6c4,19925,20298
44b6_87bba6c4,19926,20340
44b6_87bba6c4,19927,20326
44b6_87bba6c4,19928,20321
44b6_87bba6c4,19930,20292
44b6_87bba6c4,19931,20306
44b6_87bba6c4,19932,20296
44b6_87bba6c4,19934,20346
44b6_87bba6c4,19935,20370
44b6_87bba6c4,19936,20341
44b6_87bba6c4,19937,20313
44b6_87bba6c4,19939,20336
44b6_87bba6c4,19940,20365
44b6_87bba6c4,19941,20299
44b6_87bba6c4,19942,20345
44b6_87bba6c4,19943,20291
44b6_87bba6c4,19944,20348
44b6_87bba6c4,19945,20355
44b6_87bba6c4,19946,20465
44b6_87bba6c4,19947,20385
44b6_87bba6c4,19948,20294
44b6_87bba6c4,19949,20332
44b6_87bba6c4,19950,20402
44b6_87bba6c4,19952,20335
44b6_87bba6c4,19953,20386
44b6_87bba6c4,19954,20387
44b6_87bba6c4,19955,20353
44b6_87bba6c4,19956,20268
44b6_87bba6c4,19957,20293
44b6_87bba6c4,19958,20408
44b6_87bba6c4,19959,20373
44b6_87bba6c4,19960,20328
44b6_87bba6c4,19961,20388
44b6_87bba6c4,19962,20398
44b6_87bba6c4,19963,20330
44b6_87bba6c4,19964,20367
44b6_87bba6c4,19965,20382
44b6_87bba6c4,19966,20415
44b6_87bba6c4,19967,20416
44b6_87bba6c4,19968,20383
44b6_87bba6c4,19969,20393
44b6_87bba6c4,19970,20350
44b6_87bba6c4,19971,20317
44b6_87bba6c4,19972,20366
44b6_87bba6c4,19974,20360
44b6_87bba6c4,19975,20356
44b6_87bba6c4,19976,20459
44b6_87bba6c4,19977,20361
44b6_87bba6c4,19978,20384
44b6_87bba6c4,19979,20351
44b6_87bba6c4,19980,20337
44b6_87bba6c4,19981,20371
44b6_87bba6c4,19982,20475
44b6_87bba6c4,19983,20445
44b6_87bba6c4,19984,20392
44b6_87bba6c4,19985,20412
44b6_87bba6c4,19986,20378
44b6_87bba6c4,19987,20329
44b6_87bba6c4,19988,20318
44b6_87bba6c4,19989,20369
44b6_87bba6c4,19990,20390
44b6_87bba6c4,19991,20489
44b6_87bba6c4,19992,20434
44b6_87bba6c4,19993,20391
44b6_87bba6c4,19994,20410
44b6_87bba6c4,19995,20265
44b6_87bba6c4,19996,20439
44b6_87bba6c4,19997,20349
44b6_87bba6c4,19998,20399
44b6_87bba6c4,19999,20357
44b6_87bba6c4,20001,20452
44b6_87bba6c4,20002,20477
44b6_87bba6c4,20003,20427
44b6_87bba6c4,20004,20409
44b6_87bba6c4,20005,20448
44b6_87bba6c4,20006,20375
44b6_87bba6c4,20007,20413
44b6_87bba6c4,20009,20374
44b6_87bba6c4,20010,20431
44b6_87bba6c4,20011,20436
44b6_87bba6c4,20012,20481
44b6_87bba6c4,20014,20359
44b6_87bba6c4,20015,20400
44b6_87bba6c4,20016,20414
44b6_87bba6c4,20018,20368
44b6_87bba6c4,20020,20457
44b6_87bba6c4,20021,20287
44b6_87bba6c4,20022,20425
44b6_87bba6c4,20023,20471
44b6_87bba6c4,20024,20324
44b6_87bba6c4,20025,20305
44b6_87bba6c4,20026,20309
44b6_87bba6c4,20027,20372
44b6_87bba6c4,20029,20381
44b6_87bba6c4,20030,20419
44b6_87bba6c4,20031,20389
44b6_87bba6c4,20032,20407
44b6_87bba6c4,20033,20428
44b6_87bba6c4,20035,20463
44b6_87bba6c4,20036,20450
44b6_87bba6c4,20037,20466
44b6_87bba6c4,20038,20364
44b6_87bba6c4,20039,20478
44b6_87bba6c4,20041,20449
44b6_87bba6c4,20042,20513
44b6_87bba6c4,20043,20421
44b6_87bba6c4,20045,20396
44b6_87bba6c4,20046,20460
44b6_87bba6c4,20047,20508
44b6_87bba6c4,20048,20403
44b6_87bba6c4,20049,20417
44b6_87bba6c4,20050,20565
44b6_87bba6c4,20051,20484
44b6_87bba6c4,20052,20422
44b6_87bba6c4,20053,20468
44b6_87bba6c4,20054,20339
44b6_87bba6c4,20057,20492
44b6_87bba6c4,20058,20443
44b6_87bba6c4,20059,20424
44b6_87bba6c4,20060,20376
44b6_87bba6c4,20062,20558
44b6_87bba6c4,20063,20432
44b6_87bba6c4,20066,20405
44b6_87bba6c4,20067,20501
44b6_87bba6c4,20068,20538
44b6_87bba6c4,20069,20397
44b6_87bba6c4,20070,20528
44b6_87bba6c4,20071,20485
44b6_87bba6c4,20072,20491
44b6_87bba6c4,20073,20342
44b6_87bba6c4,20075,20418
44b6_87bba6c4,20078,20496
44b6_87bba6c4,20079,20525
44b6_87bba6c4,20080,20515
44b6_87bba6c4,20081,20597
44b6_87bba6c4,20082,20572
44b6_87bba6c4,20083,20511
44b6_87bba6c4,20086,20433
44b6_87bba6c4,20087,20547
44b6_87bba6c4,20088,20480
44b6_87bba6c4,20089,20523
44b6_87bba6c4,20090,20438
44b6_87bba6c4,20092,20482
44b6_87bba6c4,20093,20474
44b6_87bba6c4,20095,20506
44b6_87bba6c4,20096,20533
44b6_87bba6c4,20097,20458
44b6_87bba6c4,20098,20423
44b6_87bba6c4,20099,20473
44b6_87bba6c4,20100,20352
44b6_87bba6c4,20101,20435
44b6_87bba6c4,20102,20454
44b6_87bba6c4,20103,20493
44b6_87bba6c4,20104,20593
44b6_87bba6c4,20105,20476
44b6_87bba6c4,20107,20446
44b6_87bba6c4,20108,20479
44b6_87bba6c4,20109,20526
44b6_87bba6c4,20110,20499
44b6_87bba6c4,20111,20527
44b6_87bba6c4,20112,20486
44b6_87bba6c4,20113,20401
44b6_87bba6c4,20114,20539
44b6_87bba6c4,20115,20542
44b6_87bba6c4,20116,20576
44b6_87bba6c4,20117,20605
44b6_87bba6c4,20118,20550
44b6_87bba6c4,20119,20557
44b6_87bba6c4,20120,20548
44b6_87bba6c4,20121,20544
44b6_87bba6c4,20122,20541
44b6_87bba6c4,20123,20522
44b6_87bba6c4,20124,20380
44b6_87bba6c4,20125,20490
44b6_87bba6c4,20126,20524
44b6_87bba6c4,20127,20532
44b6_87bba6c4,20128,20582
44b6_87bba6c4,20129,20442
44b6_87bba6c4,20130,20430
44b6_87bba6c4,20131,20555
44b6_87bba6c4,20132,20495
44b6_87bba6c4,20133,20518
44b6_87bba6c4,20134,20573
44b6_87bba6c4,20135,20535
44b6_87bba6c4,20136,20509
44b6_87bba6c4,20137,20498
44b6_87bba6c4,20139,20507
44b6_87bba6c4,20141,20500
44b6_87bba6c4,20143,20591
44b6_87bba6c4,20145,20505
44b6_87bba6c4,20147,20556
44b6_87bba6c4,20148,20543
44b6_87bba6c4,20149,20585
44b6_87bba6c4,20151,20470
44b6_87bba6c4,20152,20561
44b6_87bba6c4,20153,20613
44b6_87bba6c4,20155,20554
44b6_87bba6c4,20157,20494
44b6_87bba6c4,20160,20534
44b6_87bba6c4,20161,20568
44b6_87bba6c4,20162,20571
44b6_87bba6c4,20163,20570
44b6_87bba6c4,20165,20569
44b6_87bba6c4,20166,20462
44b6_87bba6c4,20167,20639
44b6_87bba6c4,20169,20516
44b6_87bba6c4,20170,20472
44b6_87bba6c4,20173,20510
44b6_87bba6c4,20175,20559
44b6_87bba6c4,20177,20608
44b6_87bba6c4,20178,20540
44b6_87bba6c4,20179,20577
44b6_87bba6c4,20180,20514
44b6_87bba6c4,20182,20567
44b6_87bba6c4,20183,20566
44b6_87bba6c4,20185,20619
44b6_87bba6c4,20186,20624
44b6_87bba6c4,20188,20631
44b6_87bba6c4,20190,20578
44b6_87bba6c4,20192,20617
44b6_87bba6c4,20193,20563
44b6_87bba6c4,20194,20552
44b6_87bba6c4,20195,20604
44b6_87bba6c4,20196,20560
44b6_87bba6c4,20200,20626
44b6_87bba6c4,20201,20592
44b6_87bba6c4,20202,20536
44b6_87bba6c4,20204,20627
44b6_87bba6c4,20205,20601
44b6_87bba6c4,20206,20451
44b6_87bba6c4,20207,20581
44b6_87bba6c4,20211,20622
44b6_87bba6c4,20212,20579
44b6_87bba6c4,20213,20609
44b6_87bba6c4,20214,20455
44b6_87bba6c4,20215,20615
44b6_87bba6c4,20218,20634
44b6_87bba6c4,20221,20625
44b6_87bba6c4,20222,20600
44b6_87bba6c4,20223,20610
44b6_87bba6c4,20224,20607
44b6_87bba6c4,20225,20586
44b6_87bba6c4,20234,20589
44b6_87bba6c4,20235,20587
44b6_87bba6c4,20238,20580
44b6_87bba6c4,20248,20633
44b6_87bba6c4,20249,20658
44b6_87bba6c4,20250,20641
44b6_87bba6c4,20251,20646
44b6_87bba6c4,20252,20649
44b6_87bba6c4,20253,20643
44b6_87bba6c4,20255,20645
44b6_87bba6c4,20256,20677
44b6_87bba6c4,20257,20644
44b6_87bba6c4,20258,20734
44b6_87bba6c4,20259,20656
44b6_87bba6c4,20260,20655
44b6_87bba6c4,20261,20650
44b6_87bba6c4,20263,20771
44b6_87bba6c4,20264,20648
44b6_87bba6c4,20265,20663
44b6_87bba6c4,20266,20681
44b6_87bba6c4,20267,20711
44b6_87bba6c4,20268,20671
44b6_87bba6c4,20269,20659
44b6_87bba6c4,20270,20667
44b6_87bba6c4,20271,20653
44b6_87bba6c4,20272,20647
44b6_87bba6c4,20273,20668
44b6_87bba6c4,20274,20651
44b6_87bba6c4,20275,20669
44b6_87bba6c4,20276,20688
44b6_87bba6c4,20277,20642
44b6_87bba6c4,20278,20665
44b6_87bba6c4,20279,20660
44b6_87bba6c4,20280,20680
44b6_87bba6c4,20281,20699
44b6_87bba6c4,20282,20678
44b6_87bba6c4,20283,20703
44b6_87bba6c4,20284,20672
44b6_87bba6c4,20285,20662
44b6_87bba6c4,20286,20725
44b6_87bba6c4,20287,20696
44b6_87bba6c4,20288,20661
44b6_87bba6c4,20290,20666
44b6_87bba6c4,20291,20679
44b6_87bba6c4,20292,20683
44b6_87bba6c4,20293,20673
44b6_87bba6c4,20294,20790
44b6_87bba6c4,20295,20756
44b6_87bba6c4,20296,20670
44b6_87bba6c4,20297,20687
44b6_87bba6c4,20298,20684
44b6_87bba6c4,20299,20712
44b6_87bba6c4,20300,20685
44b6_87bba6c4,20301,20664
44b6_87bba6c4,20302,20733
44b6_87bba6c4,20303,20692
44b6_87bba6c4,20304,20700
44b6_87bba6c4,20305,20928
44b6_87bba6c4,20306,20793
44b6_87bba6c4,20307,20758
44b6_87bba6c4,20308,20691
44b6_87bba6c4,20310,20754
44b6_87bba6c4,20311,20717
44b6_87bba6c4,20312,21008
44b6_87bba6c4,20313,20723
44b6_87bba6c4,20314,20705
44b6_87bba6c4,20315,20704
44b6_87bba6c4,20316,20826
44b6_87bba6c4,20317,20716
44b6_87bba6c4,20318,20708
44b6_87bba6c4,20319,20726
44b6_87bba6c4,20320,20727
44b6_87bba6c4,20321,20707
44b6_87bba6c4,20322,20822
44b6_87bba6c4,20323,20761
44b6_87bba6c4,20325,20858
44b6_87bba6c4,20326,20690
44b6_87bba6c4,20327,20815
44b6_87bba6c4,20328,20728
44b6_87bba6c4,20330,20770
44b6_87bba6c4,20331,20775
44b6_87bba6c4,20332,20710
44b6_87bba6c4,20333,20800
44b6_87bba6c4,20334,20702
44b6_87bba6c4,20336,20801
44b6_87bba6c4,20337,20709
44b6_87bba6c4,20339,20764
44b6_87bba6c4,20341,20719
44b6_87bba6c4,20342,20753
44b6_87bba6c4,20343,20676
44b6_87bba6c4,20344,20654
44b6_87bba6c4,20345,20713
44b6_87bba6c4,20346,20732
44b6_87bba6c4,20347,20747
44b6_87bba6c4,20348,20714
44b6_87bba6c4,20349,20686
44b6_87bba6c4,20350,20706
44b6_87bba6c4,20351,20694
44b6_87bba6c4,20352,20735
44b6_87bba6c4,20353,20843
44b6_87bba6c4,20354,20738
44b6_87bba6c4,20355,20818
44b6_87bba6c4,20357,20751
44b6_87bba6c4,20358,20737
44b6_87bba6c4,20359,20741
44b6_87bba6c4,20360,20720
44b6_87bba6c4,20361,20757
44b6_87bba6c4,20363,20805
44b6_87bba6c4,20364,20698
44b6_87bba6c4,20365,20863
44b6_87bba6c4,20366,20750
44b6_87bba6c4,20367,20739
44b6_87bba6c4,20368,20729
44b6_87bba6c4,20369,20746
44b6_87bba6c4,20370,20787
44b6_87bba6c4,20371,20782
44b6_87bba6c4,20372,20846
44b6_87bba6c4,20373,20844
44b6_87bba6c4,20374,20808
44b6_87bba6c4,20375,20763
44b6_87bba6c4,20376,20821
44b6_87bba6c4,20377,20744
44b6_87bba6c4,20378,20693
44b6_87bba6c4,20379,20917
44b6_87bba6c4,20380,20715
44b6_87bba6c4,20381,20779
44b6_87bba6c4,20382,20777
44b6_87bba6c4,20383,20876
44b6_87bba6c4,20384,20850
44b6_87bba6c4,20385,20682
44b6_87bba6c4,20386,20828
44b6_87bba6c4,20387,20766
44b6_87bba6c4,20388,20879
44b6_87bba6c4,20389,20795
44b6_87bba6c4,20390,20792
44b6_87bba6c4,20391,20765
44b6_87bba6c4,20392,20721
44b6_87bba6c4,20393,20882
44b6_87bba6c4,20395,20803
44b6_87bba6c4,20397,20759
44b6_87bba6c4,20398,20749
44b6_87bba6c4,20399,20740
44b6_87bba6c4,20400,20767
44b6_87bba6c4,20402,20778
44b6_87bba6c4,20403,20769
44b6_87bba6c4,20407,20835
44b6_87bba6c4,20408,20848
44b6_87bba6c4,20409,20791
44b6_87bba6c4,20410,20830
44b6_87bba6c4,20411,20724
44b6_87bba6c4,20412,20768
44b6_87bba6c4,20414,20814
44b6_87bba6c4,20415,20896
44b6_87bba6c4,20416,20776
44b6_87bba6c4,20417,20810
44b6_87bba6c4,20418,20695
44b6_87bba6c4,20419,20797
44b6_87bba6c4,20422,20840
44b6_87bba6c4,20423,20736
44b6_87bba6c4,20424,20811
44b6_87bba6c4,20427,20834
44b6_87bba6c4,20428,20852
44b6_87bba6c4,20429,20861
44b6_87bba6c4,20430,20836
44b6_87bba6c4,20431,20794
44b6_87bba6c4,20432,20853
44b6_87bba6c4,20433,20817
44b6_87bba6c4,20434,20745
44b6_87bba6c4,20435,20806
44b6_87bba6c4,20436,20748
44b6_87bba6c4,20437,20820
44b6_87bba6c4,20438,20722
44b6_87bba6c4,20439,20872
44b6_87bba6c4,20440,20825
44b6_87bba6c4,20442,20819
44b6_87bba6c4,20443,20798
44b6_87bba6c4,20445,20799
44b6_87bba6c4,20446,20743
44b6_87bba6c4,20448,20854
44b6_87bba6c4,20450,20809
44b6_87bba6c4,20452,20788
44b6_87bba6c4,20453,20897
44b6_87bba6c4,20454,20781
44b6_87bba6c4,20457,20773
44b6_87bba6c4,20459,20731
44b6_87bba6c4,20460,20892
44b6_87bba6c4,20462,20786
44b6_87bba6c4,20463,20862
44b6_87bba6c4,20464,20742
44b6_87bba6c4,20465,20868
44b6_87bba6c4,20466,20851
44b6_87bba6c4,20467,20860
44b6_87bba6c4,20468,20783
44b6_87bba6c4,20469,20780
44b6_87bba6c4,20470,20906
44b6_87bba6c4,20472,20885
44b6_87bba6c4,20474,20937
44b6_87bba6c4,20475,20864
44b6_87bba6c4,20477,20823
44b6_87bba6c4,20479,20833
44b6_87bba6c4,20480,20901
44b6_87bba6c4,20482,20824
44b6_87bba6c4,20483,20829
44b6_87bba6c4,20484,20838
44b6_87bba6c4,20485,20905
44b6_87bba6c4,20486,20804
44b6_87bba6c4,20487,20762
44b6_87bba6c4,20489,20772
44b6_87bba6c4,20490,20839
44b6_87bba6c4,20491,20898
44b6_87bba6c4,20492,20841
44b6_87bba6c4,20493,21022
44b6_87bba6c4,20494,20867
44b6_87bba6c4,20495,20933
44b6_87bba6c4,20496,20878
44b6_87bba6c4,20497,20978
44b6_87bba6c4,20498,20918
44b6_87bba6c4,20499,20881
44b6_87bba6c4,20500,20813
44b6_87bba6c4,20501,20889
44b6_87bba6c4,20503,20924
44b6_87bba6c4,20504,20845
44b6_87bba6c4,20505,20935
44b6_87bba6c4,20506,20755
44b6_87bba6c4,20507,20912
44b6_87bba6c4,20508,21019
44b6_87bba6c4,20509,20887
44b6_87bba6c4,20510,20919
44b6_87bba6c4,20511,20873
44b6_87bba6c4,20514,20891
44b6_87bba6c4,20515,20869
44b6_87bba6c4,20516,20859
44b6_87bba6c4,20518,20983
44b6_87bba6c4,20520,20946
44b6_87bba6c4,20522,20942
44b6_87bba6c4,20523,20967
44b6_87bba6c4,20524,20929
44b6_87bba6c4,20525,20951
44b6_87bba6c4,20526,20949
44b6_87bba6c4,20527,20831
44b6_87bba6c4,20528,20865
44b6_87bba6c4,20530,20939
44b6_87bba6c4,20531,20925
44b6_87bba6c4,20532,20837
44b6_87bba6c4,20533,20936
44b6_87bba6c4,20534,20953
44b6_87bba6c4,20535,20938
44b6_87bba6c4,20536,20913
44b6_87bba6c4,20537,20920
44b6_87bba6c4,20538,20940
44b6_87bba6c4,20539,20950
44b6_87bba6c4,20540,20875
44b6_87bba6c4,20541,20982
44b6_87bba6c4,20543,20970
44b6_87bba6c4,20544,20980
44b6_87bba6c4,20547,20870
44b6_87bba6c4,20548,20880
44b6_87bba6c4,20552,20991
44b6_87bba6c4,20553,20785
44b6_87bba6c4,20554,20968
44b6_87bba6c4,20555,20948
44b6_87bba6c4,20556,20985
44b6_87bba6c4,20557,20884
44b6_87bba6c4,20558,20899
44b6_87bba6c4,20559,20921
44b6_87bba6c4,20560,20932
44b6_87bba6c4,20563,21000
44b6_87bba6c4,20564,20857
44b6_87bba6c4,20565,20973
44b6_87bba6c4,20566,20959
44b6_87bba6c4,20567,20930
44b6_87bba6c4,20569,20832
44b6_87bba6c4,20570,20915
44b6_87bba6c4,20571,20910
44b6_87bba6c4,20572,20956
44b6_87bba6c4,20573,20908
44b6_87bba6c4,20575,20900
44b6_87bba6c4,20576,20972
44b6_87bba6c4,20577,20914
44b6_87bba6c4,20578,20874
44b6_87bba6c4,20579,20957
44b6_87bba6c4,20581,21018
44b6_87bba6c4,20582,20962
44b6_87bba6c4,20583,20947
44b6_87bba6c4,20584,20922
44b6_87bba6c4,20586,21002
44b6_87bba6c4,20589,20903
44b6_87bba6c4,20590,20963
44b6_87bba6c4,20591,20958
44b6_87bba6c4,20593,20964
44b6_87bba6c4,20600,20969
44b6_87bba6c4,20601,21016
44b6_87bba6c4,20602,20927
44b6_87bba6c4,20608,20993
44b6_87bba6c4,20609,20998
44b6_87bba6c4,20613,20992
44b6_87bba6c4,20618,20944
44b6_87bba6c4,20620,20987
44b6_87bba6c4,20623,20994
44b6_87bba6c4,20624,21023
44b6_87bba6c4,20625,20952
44b6_87bba6c4,20626,20981
44b6_87bba6c4,20631,20996
44b6_87bba6c4,20633,21006
44b6_87bba6c4,20639,20997
44b6_87bba6c4,20643,21029
44b6_87bba6c4,20644,21043
44b6_87bba6c4,20646,21035
44b6_87bba6c4,20647,21041
44b6_87bba6c4,20648,21034
44b6_87bba6c4,20649,21030
44b6_87bba6c4,20650,21031
44b6_87bba6c4,20651,21047
44b6_87bba6c4,20652,21033
44b6_87bba6c4,20653,21046
44b6_87bba6c4,20654,21106
44b6_87bba6c4,20655,21039
44b6_87bba6c4,20656,21045
44b6_87bba6c4,20657,21060
44b6_87bba6c4,20658,21048
44b6_87bba6c4,20660,21055
44b6_87bba6c4,20661,21061
44b6_87bba6c4,20662,21065
44b6_87bba6c4,20663,21064
44b6_87bba6c4,20664,21104
44b6_87bba6c4,20666,21071
44b6_87bba6c4,20667,21054
44b6_87bba6c4,20668,21036
44b6_87bba6c4,20669,21059
44b6_87bba6c4,20670,21040
44b6_87bba6c4,20671,21050
44b6_87bba6c4,20672,21079
44b6_87bba6c4,20673,21042
44b6_87bba6c4,20675,21056
44b6_87bba6c4,20676,21074
44b6_87bba6c4,20677,21089
44b6_87bba6c4,20679,21069
44b6_87bba6c4,20681,21057
44b6_87bba6c4,20682,21141
44b6_87bba6c4,20683,21092
44b6_87bba6c4,20684,21051
44b6_87bba6c4,20685,21053
44b6_87bba6c4,20687,21072
44b6_87bba6c4,20688,21052
44b6_87bba6c4,20690,21096
44b6_87bba6c4,20691,21087
44b6_87bba6c4,20692,21101
44b6_87bba6c4,20693,21112
44b6_87bba6c4,20694,21123
44b6_87bba6c4,20695,21259
44b6_87bba6c4,20696,21109
44b6_87bba6c4,20697,21032
44b6_87bba6c4,20698,21251
44b6_87bba6c4,20699,21070
44b6_87bba6c4,20700,21075
44b6_87bba6c4,20701,21081
44b6_87bba6c4,20702,21068
44b6_87bba6c4,20703,21026
44b6_87bba6c4,20704,21110
44b6_87bba6c4,20705,21058
44b6_87bba6c4,20706,21150
44b6_87bba6c4,20707,21082
44b6_87bba6c4,20710,21134
44b6_87bba6c4,20711,21077
44b6_87bba6c4,20712,21107
44b6_87bba6c4,20713,21063
44b6_87bba6c4,20714,21078
44b6_87bba6c4,20715,21191
44b6_87bba6c4,20716,21095
44b6_87bba6c4,20717,21085
44b6_87bba6c4,20719,21152
44b6_87bba6c4,20720,21128
44b6_87bba6c4,20721,21088
44b6_87bba6c4,20722,21062
44b6_87bba6c4,20723,21168
44b6_87bba6c4,20724,21049
44b6_87bba6c4,20725,21138
44b6_87bba6c4,20726,21111
44b6_87bba6c4,20728,21121
44b6_87bba6c4,20729,21129
44b6_87bba6c4,20730,21091
44b6_87bba6c4,20731,21097
44b6_87bba6c4,20732,21122
44b6_87bba6c4,20733,21090
44b6_87bba6c4,20735,21083
44b6_87bba6c4,20736,21105
44b6_87bba6c4,20737,21132
44b6_87bba6c4,20738,21094
44b6_87bba6c4,20739,21098
44b6_87bba6c4,20740,21212
44b6_87bba6c4,20741,21119
44b6_87bba6c4,20742,21126
44b6_87bba6c4,20743,21116
44b6_87bba6c4,20744,21115
44b6_87bba6c4,20745,21173
44b6_87bba6c4,20746,21117
44b6_87bba6c4,20747,21200
44b6_87bba6c4,20748,21160
44b6_87bba6c4,20749,21159
44b6_87bba6c4,20750,21099
44b6_87bba6c4,20751,21209
44b6_87bba6c4,20752,21145
44b6_87bba6c4,20753,21080
44b6_87bba6c4,20755,21194
44b6_87bba6c4,20756,21249
44b6_87bba6c4,20758,21192
44b6_87bba6c4,20759,21284
44b6_87bba6c4,20760,21073
44b6_87bba6c4,20761,21220
44b6_87bba6c4,20763,21076
44b6_87bba6c4,20764,21148
44b6_87bba6c4,20766,21113
44b6_87bba6c4,20767,21291
44b6_87bba6c4,20768,21207
44b6_87bba6c4,20770,21135
44b6_87bba6c4,20771,21324
44b6_87bba6c4,20772,21100
44b6_87bba6c4,20773,21167
44b6_87bba6c4,20774,21140
44b6_87bba6c4,20775,21169
44b6_87bba6c4,20776,21179
44b6_87bba6c4,20777,21124
44b6_87bba6c4,20778,21223
44b6_87bba6c4,20779,21144
44b6_87bba6c4,20780,21234
44b6_87bba6c4,20781,21118
44b6_87bba6c4,20782,21131
44b6_87bba6c4,20783,21108
44b6_87bba6c4,20784,21146
44b6_87bba6c4,20785,21201
44b6_87bba6c4,20786,21279
44b6_87bba6c4,20787,21282
44b6_87bba6c4,20788,21163
44b6_87bba6c4,20790,21157
44b6_87bba6c4,20791,21158
44b6_87bba6c4,20792,21156
44b6_87bba6c4,20793,21238
44b6_87bba6c4,20795,21321
44b6_87bba6c4,20796,21252
44b6_87bba6c4,20797,21170
44b6_87bba6c4,20798,21197
44b6_87bba6c4,20799,21180
44b6_87bba6c4,20801,21215
44b6_87bba6c4,20803,21174
44b6_87bba6c4,20804,21269
44b6_87bba6c4,20805,21346
44b6_87bba6c4,20806,21193
44b6_87bba6c4,20808,21231
44b6_87bba6c4,20809,21143
44b6_87bba6c4,20810,21176
44b6_87bba6c4,20811,21246
44b6_87bba6c4,20812,21302
44b6_87bba6c4,20813,21265
44b6_87bba6c4,20814,21327
44b6_87bba6c4,20816,21136
44b6_87bba6c4,20817,21336
44b6_87bba6c4,20818,21254
44b6_87bba6c4,20819,21189
44b6_87bba6c4,20820,21175
44b6_87bba6c4,20821,21202
44b6_87bba6c4,20822,21289
44b6_87bba6c4,20823,21206
44b6_87bba6c4,20824,21196
44b6_87bba6c4,20825,21285
44b6_87bba6c4,20826,21154
44b6_87bba6c4,20828,21310
44b6_87bba6c4,20829,21276
44b6_87bba6c4,20830,21332
44b6_87bba6c4,20831,21142
44b6_87bba6c4,20832,21229
44b6_87bba6c4,20833,21178
44b6_87bba6c4,20834,21186
44b6_87bba6c4,20835,21204
44b6_87bba6c4,20837,21217
44b6_87bba6c4,20838,21190
44b6_87bba6c4,20839,21245
44b6_87bba6c4,20840,21275
44b6_87bba6c4,20841,21232
44b6_87bba6c4,20843,21133
44b6_87bba6c4,20844,21183
44b6_87bba6c4,20846,21177
44b6_87bba6c4,20847,21171
44b6_87bba6c4,20849,21226
44b6_87bba6c4,20851,21153
44b6_87bba6c4,20853,21262
44b6_87bba6c4,20855,21356
44b6_87bba6c4,20857,21151
44b6_87bba6c4,20858,21228
44b6_87bba6c4,20861,21253
44b6_87bba6c4,20862,21185
44b6_87bba6c4,20863,21386
44b6_87bba6c4,20864,21222
44b6_87bba6c4,20865,21244
44b6_87bba6c4,20866,21203
44b6_87bba6c4,20867,21335
44b6_87bba6c4,20868,21224
44b6_87bba6c4,20869,21188
44b6_87bba6c4,20870,21221
44b6_87bba6c4,20871,21283
44b6_87bba6c4,20872,21248
44b6_87bba6c4,20873,21294
44b6_87bba6c4,20874,21287
44b6_87bba6c4,20875,21273
44b6_87bba6c4,20876,21164
44b6_87bba6c4,20877,21347
44b6_87bba6c4,20878,21315
44b6_87bba6c4,20879,21161
44b6_87bba6c4,20880,21264
44b6_87bba6c4,20881,21292
44b6_87bba6c4,20882,21184
44b6_87bba6c4,20883,21272
44b6_87bba6c4,20884,21216
44b6_87bba6c4,20885,21230
44b6_87bba6c4,20888,21361
44b6_87bba6c4,20889,21358
44b6_87bba6c4,20891,21250
44b6_87bba6c4,20892,21263
44b6_87bba6c4,20893,21299
44b6_87bba6c4,20895,21274
44b6_87bba6c4,20896,21317
44b6_87bba6c4,20897,21318
44b6_87bba6c4,20898,21195
44b6_87bba6c4,20899,21236
44b6_87bba6c4,20901,21314
44b6_87bba6c4,20903,21399
44b6_87bba6c4,20904,21328
44b6_87bba6c4,20906,21218
44b6_87bba6c4,20910,21247
44b6_87bba6c4,20911,21270
44b6_87bba6c4,20912,21233
44b6_87bba6c4,20913,21371
44b6_87bba6c4,20914,21304
44b6_87bba6c4,20915,21237
44b6_87bba6c4,20917,21368
44b6_87bba6c4,20918,21349
44b6_87bba6c4,20919,21255
44b6_87bba6c4,20921,21162
44b6_87bba6c4,20923,21300
44b6_87bba6c4,20925,21297
44b6_87bba6c4,20927,21376
44b6_87bba6c4,20928,21219
44b6_87bba6c4,20929,21316
44b6_87bba6c4,20930,21205
44b6_87bba6c4,20931,21256
44b6_87bba6c4,20932,21280
44b6_87bba6c4,20933,21240
44b6_87bba6c4,20934,21352
44b6_87bba6c4,20936,21271
44b6_87bba6c4,20939,21266
44b6_87bba6c4,20941,21301
44b6_87bba6c4,20942,21182
44b6_87bba6c4,20943,21286
44b6_87bba6c4,20945,21298
44b6_87bba6c4,20948,21225
44b6_87bba6c4,20949,21290
44b6_87bba6c4,20950,21344
44b6_87bba6c4,20951,21369
44b6_87bba6c4,20952,21329
44b6_87bba6c4,20953,21392
44b6_87bba6c4,20956,21379
44b6_87bba6c4,20957,21348
44b6_87bba6c4,20958,21303
44b6_87bba6c4,20959,21268
44b6_87bba6c4,20962,21338
44b6_87bba6c4,20963,21373
44b6_87bba6c4,20964,21383
44b6_87bba6c4,20966,21306
44b6_87bba6c4,20968,21308
44b6_87bba6c4,20969,21326
44b6_87bba6c4,20970,21295
44b6_87bba6c4,20973,21333
44b6_87bba6c4,20974,21337
44b6_87bba6c4,20978,21211
44b6_87bba6c4,20979,21278
44b6_87bba6c4,20980,21323
44b6_87bba6c4,20981,21322
44b6_87bba6c4,20983,21360
44b6_87bba6c4,20987,21355
44b6_87bba6c4,20988,21374
44b6_87bba6c4,20991,21398
44b6_87bba6c4,20993,21362
44b6_87bba6c4,20996,21350
44b6_87bba6c4,20999,21320
44b6_87bba6c4,21000,21367
44b6_87bba6c4,21001,21366
44b6_87bba6c4,21011,21341
44b6_87bba6c4,21013,21382
44b6_87bba6c4,21017,21397
44b6_87bba6c4,21018,21378
44b6_87bba6c4,21019,21390
44b6_87bba6c4,21020,21363
44b6_87bba6c4,21023,21370
44b6_87bba6c4,21024,21405
44b6_87bba6c4,21026,21407
44b6_87bba6c4,21027,21460
44b6_87bba6c4,21028,21417
44b6_87bba6c4,21029,21443
44b6_87bba6c4,21031,21403
44b6_87bba6c4,21032,21402
44b6_87bba6c4,21033,21409
44b6_87bba6c4,21034,21414
44b6_87bba6c4,21035,21415
44b6_87bba6c4,21036,21424
44b6_87bba6c4,21037,21435
44b6_87bba6c4,21038,21406
44b6_87bba6c4,21039,21440
44b6_87bba6c4,21040,21442
44b6_87bba6c4,21041,21431
44b6_87bba6c4,21042,21423
44b6_87bba6c4,21043,21416
44b6_87bba6c4,21044,21495
44b6_87bba6c4,21045,21444
44b6_87bba6c4,21046,21411
44b6_87bba6c4,21048,21410
44b6_87bba6c4,21049,21418
44b6_87bba6c4,21051,21450
44b6_87bba6c4,21052,21421
44b6_87bba6c4,21053,21427
44b6_87bba6c4,21054,21434
44b6_87bba6c4,21055,21429
44b6_87bba6c4,21057,21445
44b6_87bba6c4,21058,21451
44b6_87bba6c4,21059,21529
44b6_87bba6c4,21060,21404
44b6_87bba6c4,21061,21474
44b6_87bba6c4,21062,21526
44b6_87bba6c4,21063,21692
44b6_87bba6c4,21064,21433
44b6_87bba6c4,21067,21479
44b6_87bba6c4,21068,21501
44b6_87bba6c4,21069,21430
44b6_87bba6c4,21070,21432
44b6_87bba6c4,21071,21487
44b6_87bba6c4,21072,21462
44b6_87bba6c4,21073,21439
44b6_87bba6c4,21074,21448
44b6_87bba6c4,21075,21461
44b6_87bba6c4,21076,21464
44b6_87bba6c4,21077,21425
44b6_87bba6c4,21078,21466
44b6_87bba6c4,21079,21653
44b6_87bba6c4,21080,21422
44b6_87bba6c4,21081,21446
44b6_87bba6c4,21082,21507
44b6_87bba6c4,21083,21496
44b6_87bba6c4,21084,21475
44b6_87bba6c4,21085,21465
44b6_87bba6c4,21087,21437
44b6_87bba6c4,21089,21543
44b6_87bba6c4,21090,21569
44b6_87bba6c4,21091,21510
44b6_87bba6c4,21092,21561
44b6_87bba6c4,21093,21470
44b6_87bba6c4,21094,21552
44b6_87bba6c4,21095,21523
44b6_87bba6c4,21096,21482
44b6_87bba6c4,21097,21608
44b6_87bba6c4,21098,21457
44b6_87bba6c4,21099,21438
44b6_87bba6c4,21100,21503
44b6_87bba6c4,21101,21522
44b6_87bba6c4,21102,21413
44b6_87bba6c4,21103,21456
44b6_87bba6c4,21104,21619
44b6_87bba6c4,21105,21459
44b6_87bba6c4,21106,21447
44b6_87bba6c4,21107,21541
44b6_87bba6c4,21108,21478
44b6_87bba6c4,21109,21473
44b6_87bba6c4,21110,21471
44b6_87bba6c4,21111,21441
44b6_87bba6c4,21113,21454
44b6_87bba6c4,21114,21493
44b6_87bba6c4,21115,21467
44b6_87bba6c4,21116,21535
44b6_87bba6c4,21117,21469
44b6_87bba6c4,21118,21449
44b6_87bba6c4,21119,21480
44b6_87bba6c4,21122,21502
44b6_87bba6c4,21123,21504
44b6_87bba6c4,21124,21458
44b6_87bba6c4,21125,21426
44b6_87bba6c4,21126,21629
44b6_87bba6c4,21127,21476
44b6_87bba6c4,21128,21527
44b6_87bba6c4,21129,21605
44b6_87bba6c4,21130,21453
44b6_87bba6c4,21131,21577
44b6_87bba6c4,21132,21506
44b6_87bba6c4,21133,21468
44b6_87bba6c4,21134,21516
44b6_87bba6c4,21135,21630
44b6_87bba6c4,21137,21582
44b6_87bba6c4,21138,21546
44b6_87bba6c4,21139,21555
44b6_87bba6c4,21140,21556
44b6_87bba6c4,21141,21492
44b6_87bba6c4,21142,21489
44b6_87bba6c4,21143,21514
44b6_87bba6c4,21144,21667
44b6_87bba6c4,21145,21551
44b6_87bba6c4,21146,21524
44b6_87bba6c4,21147,21481
44b6_87bba6c4,21148,21486
44b6_87bba6c4,21149,21517
44b6_87bba6c4,21150,21544
44b6_87bba6c4,21151,21520
44b6_87bba6c4,21152,21638
44b6_87bba6c4,21153,21566
44b6_87bba6c4,21154,21497
44b6_87bba6c4,21155,21528
44b6_87bba6c4,21157,21508
44b6_87bba6c4,21158,21477
44b6_87bba6c4,21159,21534
44b6_87bba6c4,21161,21533
44b6_87bba6c4,21162,21600
44b6_87bba6c4,21163,21575
44b6_87bba6c4,21164,21537
44b6_87bba6c4,21165,21568
44b6_87bba6c4,21166,21525
44b6_87bba6c4,21167,21521
44b6_87bba6c4,21168,21637
44b6_87bba6c4,21169,21539
44b6_87bba6c4,21170,21545
44b6_87bba6c4,21171,21518
44b6_87bba6c4,21172,21610
44b6_87bba6c4,21173,21530
44b6_87bba6c4,21174,21509
44b6_87bba6c4,21175,21565
44b6_87bba6c4,21176,21674
44b6_87bba6c4,21177,21738
44b6_87bba6c4,21178,21587
44b6_87bba6c4,21179,21491
44b6_87bba6c4,21180,21559
44b6_87bba6c4,21181,21557
44b6_87bba6c4,21182,21505
44b6_87bba6c4,21183,21631
44b6_87bba6c4,21185,21690
44b6_87bba6c4,21186,21562
44b6_87bba6c4,21187,21579
44b6_87bba6c4,21188,21570
44b6_87bba6c4,21189,21669
44b6_87bba6c4,21190,21602
44b6_87bba6c4,21191,21485
44b6_87bba6c4,21192,21634
44b6_87bba6c4,21193,21583
44b6_87bba6c4,21194,21519
44b6_87bba6c4,21195,21644
44b6_87bba6c4,21196,21594
44b6_87bba6c4,21197,21625
44b6_87bba6c4,21198,21589
44b6_87bba6c4,21199,21532
44b6_87bba6c4,21201,21490
44b6_87bba6c4,21203,21574
44b6_87bba6c4,21204,21596
44b6_87bba6c4,21205,21578
44b6_87bba6c4,21206,21624
44b6_87bba6c4,21207,21542
44b6_87bba6c4,21208,21756
44b6_87bba6c4,21209,21654
44b6_87bba6c4,21211,21648
44b6_87bba6c4,21212,21554
44b6_87bba6c4,21214,21622
44b6_87bba6c4,21215,21640
44b6_87bba6c4,21216,21547
44b6_87bba6c4,21217,21663
44b6_87bba6c4,21219,21549
44b6_87bba6c4,21220,21531
44b6_87bba6c4,21221,21597
44b6_87bba6c4,21222,21611
44b6_87bba6c4,21223,21671
44b6_87bba6c4,21225,21616
44b6_87bba6c4,21226,21662
44b6_87bba6c4,21227,21558
44b6_87bba6c4,21228,21540
44b6_87bba6c4,21229,21643
44b6_87bba6c4,21231,21632
44b6_87bba6c4,21232,21718
44b6_87bba6c4,21233,21661
44b6_87bba6c4,21234,21709
44b6_87bba6c4,21235,21649
44b6_87bba6c4,21236,21721
44b6_87bba6c4,21237,21642
44b6_87bba6c4,21238,21680
44b6_87bba6c4,21240,21665
44b6_87bba6c4,21241,21636
44b6_87bba6c4,21243,21615
44b6_87bba6c4,21244,21659
44b6_87bba6c4,21245,21580
44b6_87bba6c4,21247,21658
44b6_87bba6c4,21248,21593
44b6_87bba6c4,21249,21588
44b6_87bba6c4,21250,21685
44b6_87bba6c4,21252,21646
44b6_87bba6c4,21254,21628
44b6_87bba6c4,21255,21635
44b6_87bba6c4,21256,21641
44b6_87bba6c4,21257,21670
44b6_87bba6c4,21259,21609
44b6_87bba6c4,21261,21679
44b6_87bba6c4,21263,21673
44b6_87bba6c4,21264,21701
44b6_87bba6c4,21265,21604
44b6_87bba6c4,21266,21696
44b6_87bba6c4,21267,21666
44b6_87bba6c4,21268,21627
44b6_87bba6c4,21269,21633
44b6_87bba6c4,21270,21436
44b6_87bba6c4,21271,21601
44b6_87bba6c4,21274,21656
44b6_87bba6c4,21275,21751
44b6_87bba6c4,21276,21620
44b6_87bba6c4,21277,21650
44b6_87bba6c4,21278,21511
44b6_87bba6c4,21280,21705
44b6_87bba6c4,21281,21731
44b6_87bba6c4,21282,21734
44b6_87bba6c4,21283,21595
44b6_87bba6c4,21285,21757
44b6_87bba6c4,21287,21728
44b6_87bba6c4,21288,21687
44b6_87bba6c4,21289,21655
44b6_87bba6c4,21290,21697
44b6_87bba6c4,21291,21768
44b6_87bba6c4,21294,21686
44b6_87bba6c4,21295,21752
44b6_87bba6c4,21296,21678
44b6_87bba6c4,21298,21651
44b6_87bba6c4,21301,21748
44b6_87bba6c4,21302,21623
44b6_87bba6c4,21303,21606
44b6_87bba6c4,21304,21720
44b6_87bba6c4,21306,21689
44b6_87bba6c4,21307,21688
44b6_87bba6c4,21308,21760
44b6_87bba6c4,21309,21706
44b6_87bba6c4,21310,21647
44b6_87bba6c4,21315,21730
44b6_87bba6c4,21316,21676
44b6_87bba6c4,21317,21739
44b6_87bba6c4,21320,21711
44b6_87bba6c4,21321,21677
44b6_87bba6c4,21322,21722
44b6_87bba6c4,21323,21694
44b6_87bba6c4,21324,21590
44b6_87bba6c4,21325,21733
44b6_87bba6c4,21326,21767
44b6_87bba6c4,21327,21741
44b6_87bba6c4,21328,21716
44b6_87bba6c4,21332,21710
44b6_87bba6c4,21335,21744
44b6_87bba6c4,21336,21617
44b6_87bba6c4,21338,21713
44b6_87bba6c4,21340,21702
44b6_87bba6c4,21341,21715
44b6_87bba6c4,21343,21698
44b6_87bba6c4,21344,21765
44b6_87bba6c4,21348,21708
44b6_87bba6c4,21352,21737
44b6_87bba6c4,21353,21714
44b6_87bba6c4,21354,21747
44b6_87bba6c4,21355,21783
44b6_87bba6c4,21359,21571
44b6_87bba6c4,21362,21717
44b6_87bba6c4,21364,21785
44b6_87bba6c4,21366,21775
44b6_87bba6c4,21367,21769
44b6_87bba6c4,21368,21707
44b6_87bba6c4,21370,21719
44b6_87bba6c4,21373,21766
44b6_87bba6c4,21374,21759
44b6_87bba6c4,21376,21725
44b6_87bba6c4,21378,21755
44b6_87bba6c4,21383,21682
44b6_87bba6c4,21384,21735
44b6_87bba6c4,21385,21771
44b6_87bba6c4,21388,21621
44b6_87bba6c4,21392,21758
44b6_87bba6c4,21393,21703
44b6_87bba6c4,21401,21937
44b6_87bba6c4,21402,21793
44b6_87bba6c4,21403,21791
44b6_87bba6c4,21405,21918
44b6_87bba6c4,21407,21789
44b6_87bba6c4,21409,21795
44b6_87bba6c4,21410,21803
44b6_87bba6c4,21411,21809
44b6_87bba6c4,21412,21790
44b6_87bba6c4,21413,21800
44b6_87bba6c4,21415,21917
44b6_87bba6c4,21416,21801
44b6_87bba6c4,21417,21787
44b6_87bba6c4,21418,21812
44b6_87bba6c4,21419,21788
44b6_87bba6c4,21420,21830
44b6_87bba6c4,21421,21814
44b6_87bba6c4,21422,21805
44b6_87bba6c4,21424,21810
44b6_87bba6c4,21425,21802
44b6_87bba6c4,21426,21838
44b6_87bba6c4,21427,21832
44b6_87bba6c4,21428,21796
44b6_87bba6c4,21429,21839
44b6_87bba6c4,21430,21836
44b6_87bba6c4,21431,21811
44b6_87bba6c4,21432,21829
44b6_87bba6c4,21434,21828
44b6_87bba6c4,21435,21823
44b6_87bba6c4,21436,21816
44b6_87bba6c4,21437,21841
44b6_87bba6c4,21438,21826
44b6_87bba6c4,21439,21833
44b6_87bba6c4,21440,21855
44b6_87bba6c4,21441,21817
44b6_87bba6c4,21442,21861
44b6_87bba6c4,21443,21913
44b6_87bba6c4,21445,21874
44b6_87bba6c4,21446,21840
44b6_87bba6c4,21447,21794
44b6_87bba6c4,21448,21825
44b6_87bba6c4,21449,21882
44b6_87bba6c4,21450,21886
44b6_87bba6c4,21451,21850
44b6_87bba6c4,21453,21865
44b6_87bba6c4,21454,21940
44b6_87bba6c4,21455,21821
44b6_87bba6c4,21456,21827
44b6_87bba6c4,21457,21854
44b6_87bba6c4,21458,21869
44b6_87bba6c4,21459,21907
44b6_87bba6c4,21460,21819
44b6_87bba6c4,21461,21818
44b6_87bba6c4,21462,21875
44b6_87bba6c4,21463,21887
44b6_87bba6c4,21464,21846
44b6_87bba6c4,21465,21834
44b6_87bba6c4,21466,21842
44b6_87bba6c4,21467,21837
44b6_87bba6c4,21468,21867
44b6_87bba6c4,21469,21860
44b6_87bba6c4,21470,21859
44b6_87bba6c4,21471,21858
44b6_87bba6c4,21472,21799
44b6_87bba6c4,21473,21878
44b6_87bba6c4,21474,21868
44b6_87bba6c4,21475,21848
44b6_87bba6c4,21476,21965
44b6_87bba6c4,21477,21890
44b6_87bba6c4,21478,21864
44b6_87bba6c4,21479,21876
44b6_87bba6c4,21480,21934
44b6_87bba6c4,21481,21974
44b6_87bba6c4,21482,21822
44b6_87bba6c4,21483,21831
44b6_87bba6c4,21484,21807
44b6_87bba6c4,21485,21804
44b6_87bba6c4,21486,21847
44b6_87bba6c4,21487,21929
44b6_87bba6c4,21488,21904
44b6_87bba6c4,21489,21849
44b6_87bba6c4,21490,21883
44b6_87bba6c4,21491,21950
44b6_87bba6c4,21492,21872
44b6_87bba6c4,21493,21901
44b6_87bba6c4,21494,21922
44b6_87bba6c4,21496,21910
44b6_87bba6c4,21498,22017
44b6_87bba6c4,21500,21898
44b6_87bba6c4,21501,21856
44b6_87bba6c4,21502,21879
44b6_87bba6c4,21503,21889
44b6_87bba6c4,21505,21973
44b6_87bba6c4,21506,21853
44b6_87bba6c4,21507,21863
44b6_87bba6c4,21508,21888
44b6_87bba6c4,21509,21966
44b6_87bba6c4,21510,21866
44b6_87bba6c4,21511,21967
44b6_87bba6c4,21513,21820
44b6_87bba6c4,21514,21926
44b6_87bba6c4,21515,21948
44b6_87bba6c4,21516,21824
44b6_87bba6c4,21518,21932
44b6_87bba6c4,21519,21880
44b6_87bba6c4,21520,21892
44b6_87bba6c4,21521,21954
44b6_87bba6c4,21522,21871
44b6_87bba6c4,21523,21964
44b6_87bba6c4,21524,21935
44b6_87bba6c4,21525,21958
44b6_87bba6c4,21527,21902
44b6_87bba6c4,21528,21927
44b6_87bba6c4,21529,21943
44b6_87bba6c4,21530,21959
44b6_87bba6c4,21531,22007
44b6_87bba6c4,21532,21946
44b6_87bba6c4,21534,21938
44b6_87bba6c4,21535,21944
44b6_87bba6c4,21538,21942
44b6_87bba6c4,21539,21900
44b6_87bba6c4,21540,22041
44b6_87bba6c4,21541,21911
44b6_87bba6c4,21542,22014
44b6_87bba6c4,21543,21877
44b6_87bba6c4,21546,21884
44b6_87bba6c4,21547,22019
44b6_87bba6c4,21548,21984
44b6_87bba6c4,21549,21912
44b6_87bba6c4,21550,21919
44b6_87bba6c4,21551,21920
44b6_87bba6c4,21553,21903
44b6_87bba6c4,21554,21975
44b6_87bba6c4,21555,22020
44b6_87bba6c4,21556,21945
44b6_87bba6c4,21557,21939
44b6_87bba6c4,21558,22102
44b6_87bba6c4,21559,22034
44b6_87bba6c4,21560,21908
44b6_87bba6c4,21561,21899
44b6_87bba6c4,21562,21971
44b6_87bba6c4,21563,21961
44b6_87bba6c4,21564,21914
44b6_87bba6c4,21565,21906
44b6_87bba6c4,21566,22004
44b6_87bba6c4,21567,21857
44b6_87bba6c4,21568,21923
44b6_87bba6c4,21569,21956
44b6_87bba6c4,21570,21915
44b6_87bba6c4,21571,21835
44b6_87bba6c4,21573,22030
44b6_87bba6c4,21574,21930
44b6_87bba6c4,21576,21962
44b6_87bba6c4,21578,21997
44b6_87bba6c4,21579,21990
44b6_87bba6c4,21580,21897
44b6_87bba6c4,21582,21970
44b6_87bba6c4,21585,21951
44b6_87bba6c4,21586,21957
44b6_87bba6c4,21587,22009
44b6_87bba6c4,21588,21916
44b6_87bba6c4,21589,21870
44b6_87bba6c4,21590,21936
44b6_87bba6c4,21591,22047
44b6_87bba6c4,21593,21987
44b6_87bba6c4,21594,21952
44b6_87bba6c4,21595,22032
44b6_87bba6c4,21596,21949
44b6_87bba6c4,21597,21991
44b6_87bba6c4,21598,21977
44b6_87bba6c4,21599,21924
44b6_87bba6c4,21600,21969
44b6_87bba6c4,21601,22063
44b6_87bba6c4,21602,21988
44b6_87bba6c4,21604,21933
44b6_87bba6c4,21605,22050
44b6_87bba6c4,21606,22008
44b6_87bba6c4,21607,21972
44b6_87bba6c4,21608,22076
44b6_87bba6c4,21609,21895
44b6_87bba6c4,21611,21844
44b6_87bba6c4,21612,22029
44b6_87bba6c4,21613,21885
44b6_87bba6c4,21614,21976
44b6_87bba6c4,21615,22022
44b6_87bba6c4,21616,22015
44b6_87bba6c4,21617,21909
44b6_87bba6c4,21618,22003
44b6_87bba6c4,21620,21985
44b6_87bba6c4,21621,21998
44b6_87bba6c4,21622,21982
44b6_87bba6c4,21627,22018
44b6_87bba6c4,21628,22016
44b6_87bba6c4,21629,22061
44b6_87bba6c4,21630,22025
44b6_87bba6c4,21632,22031
44b6_87bba6c4,21633,22084
44b6_87bba6c4,21634,21983
44b6_87bba6c4,21635,22111
44b6_87bba6c4,21636,21893
44b6_87bba6c4,21638,22006
44b6_87bba6c4,21639,22037
44b6_87bba6c4,21640,22042
44b6_87bba6c4,21641,22005
44b6_87bba6c4,21642,22106
44b6_87bba6c4,21643,22055
44b6_87bba6c4,21644,21980
44b6_87bba6c4,21646,21978
44b6_87bba6c4,21647,21953
44b6_87bba6c4,21649,21981
44b6_87bba6c4,21650,22012
44b6_87bba6c4,21651,22090
44b6_87bba6c4,21656,22078
44b6_87bba6c4,21658,22092
44b6_87bba6c4,21659,22023
44b6_87bba6c4,21660,22033
44b6_87bba6c4,21662,22068
44b6_87bba6c4,21663,22080
44b6_87bba6c4,21664,22036
44b6_87bba6c4,21666,22043
44b6_87bba6c4,21669,22051
44b6_87bba6c4,21670,22001
44b6_87bba6c4,21671,22151
44b6_87bba6c4,21672,22175
44b6_87bba6c4,21674,22059
44b6_87bba6c4,21675,22071
44b6_87bba6c4,21676,22049
44b6_87bba6c4,21677,22123
44b6_87bba6c4,21678,22021
44b6_87bba6c4,21679,22096
44b6_87bba6c4,21680,22094
44b6_87bba6c4,21682,21995
44b6_87bba6c4,21685,22064
44b6_87bba6c4,21686,22054
44b6_87bba6c4,21687,22085
44b6_87bba6c4,21688,21963
44b6_87bba6c4,21690,22118
44b6_87bba6c4,21691,22077
44b6_87bba6c4,21694,22075
44b6_87bba6c4,21695,22035
44b6_87bba6c4,21696,21979
44b6_87bba6c4,21697,22011
44b6_87bba6c4,21698,22060
44b6_87bba6c4,21701,22120
44b6_87bba6c4,21702,22083
44b6_87bba6c4,21703,22058
44b6_87bba6c4,21704,22128
44b6_87bba6c4,21705,22097
44b6_87bba6c4,21706,22027
44b6_87bba6c4,21709,22112
44b6_87bba6c4,21711,22127
44b6_87bba6c4,21712,22056
44b6_87bba6c4,21713,22070
44b6_87bba6c4,21714,22057
44b6_87bba6c4,21715,22109
44b6_87bba6c4,21716,22169
44b6_87bba6c4,21717,22101
44b6_87bba6c4,21719,22174
44b6_87bba6c4,21720,22088
44b6_87bba6c4,21721,22086
44b6_87bba6c4,21723,22079
44b6_87bba6c4,21724,22073
44b6_87bba6c4,21728,22103
44b6_87bba6c4,21730,22130
44b6_87bba6c4,21731,21955
44b6_87bba6c4,21732,22062
44b6_87bba6c4,21733,22093
44b6_87bba6c4,21736,22104
44b6_87bba6c4,21737,22135
44b6_87bba6c4,21738,22162
44b6_87bba6c4,21739,22176
44b6_87bba6c4,21741,22081
44b6_87bba6c4,21742,22121
44b6_87bba6c4,21744,22117
44b6_87bba6c4,21746,22131
44b6_87bba6c4,21748,22124
44b6_87bba6c4,21749,22095
44b6_87bba6c4,21751,22139
44b6_87bba6c4,21753,22136
44b6_87bba6c4,21755,22065
44b6_87bba6c4,21757,22157
44b6_87bba6c4,21758,22168
44b6_87bba6c4,21759,22148
44b6_87bba6c4,21760,22129
44b6_87bba6c4,21761,22115
44b6_87bba6c4,21764,22170
44b6_87bba6c4,21767,22133
44b6_87bba6c4,21769,22091
44b6_87bba6c4,21771,22155
44b6_87bba6c4,21777,22045
44b6_87bba6c4,21781,22141
44b6_87bba6c4,21782,22150
44b6_87bba6c4,21785,22154
44b6_87bba6c4,21787,22180
44b6_87bba6c4,21788,22185
44b6_87bba6c4,21789,22181
44b6_87bba6c4,21790,22183
44b6_87bba6c4,21791,22184
44b6_87bba6c4,21792,22179
44b6_87bba6c4,21793,22182
44b6_87bba6c4,21794,22192
44b6_87bba6c4,21795,22187
44b6_87bba6c4,21796,22198
44b6_87bba6c4,21797,22189
44b6_87bba6c4,21798,22186
44b6_87bba6c4,21799,22190
44b6_87bba6c4,21800,22225
44b6_87bba6c4,21801,22211
44b6_87bba6c4,21802,22232
44b6_87bba6c4,21803,22200
44b6_87bba6c4,21805,22194
44b6_87bba6c4,21806,22244
44b6_87bba6c4,21807,22262
44b6_87bba6c4,21808,22188
44b6_87bba6c4,21809,22280
44b6_87bba6c4,21810,22191
44b6_87bba6c4,21811,22178
44b6_87bba6c4,21812,22196
44b6_87bba6c4,21813,22218
44b6_87bba6c4,21814,22203
44b6_87bba6c4,21817,22197
44b6_87bba6c4,21818,22202
44b6_87bba6c4,21819,22199
44b6_87bba6c4,21820,22223
44b6_87bba6c4,21821,22220
44b6_87bba6c4,21822,22205
44b6_87bba6c4,21823,22275
44b6_87bba6c4,21824,22243
44b6_87bba6c4,21825,22256
44b6_87bba6c4,21826,22212
44b6_87bba6c4,21827,22204
44b6_87bba6c4,21828,22227
44b6_87bba6c4,21829,22281
44b6_87bba6c4,21830,22320
44b6_87bba6c4,21832,22217
44b6_87bba6c4,21833,22270
44b6_87bba6c4,21834,22278
44b6_87bba6c4,21835,22248
44b6_87bba6c4,21836,22239
44b6_87bba6c4,21837,22240
44b6_87bba6c4,21838,22273
44b6_87bba6c4,21839,22224
44b6_87bba6c4,21840,22215
44b6_87bba6c4,21841,22252
44b6_87bba6c4,21842,22234
44b6_87bba6c4,21843,22408
44b6_87bba6c4,21844,22325
44b6_87bba6c4,21845,22292
44b6_87bba6c4,21846,22241
44b6_87bba6c4,21847,22257
44b6_87bba6c4,21848,22231
44b6_87bba6c4,21849,22264
44b6_87bba6c4,21850,22250
44b6_87bba6c4,21851,22209
44b6_87bba6c4,21852,22226
44b6_87bba6c4,21853,22272
44b6_87bba6c4,21854,22261
44b6_87bba6c4,21855,22235
44b6_87bba6c4,21856,22242
44b6_87bba6c4,21857,22288
44b6_87bba6c4,21858,22230
44b6_87bba6c4,21859,22238
44b6_87bba6c4,21860,22267
44b6_87bba6c4,21861,22251
44b6_87bba6c4,21862,22210
44b6_87bba6c4,21863,22246
44b6_87bba6c4,21864,22302
44b6_87bba6c4,21865,22291
44b6_87bba6c4,21866,22206
44b6_87bba6c4,21867,22229
44b6_87bba6c4,21868,22277
44b6_87bba6c4,21869,22213
44b6_87bba6c4,21870,22245
44b6_87bba6c4,21871,22283
44b6_87bba6c4,21872,22193
44b6_87bba6c4,21873,22263
44b6_87bba6c4,21874,22269
44b6_87bba6c4,21875,22249
44b6_87bba6c4,21876,22348
44b6_87bba6c4,21877,22222
44b6_87bba6c4,21879,22304
44b6_87bba6c4,21880,22236
44b6_87bba6c4,21882,22314
44b6_87bba6c4,21883,22342
44b6_87bba6c4,21884,22259
44b6_87bba6c4,21885,22214
44b6_87bba6c4,21886,22279
44b6_87bba6c4,21887,22337
44b6_87bba6c4,21888,22298
44b6_87bba6c4,21889,22228
44b6_87bba6c4,21890,22284
44b6_87bba6c4,21892,22327
44b6_87bba6c4,21893,22274
44b6_87bba6c4,21894,22364
44b6_87bba6c4,21895,22343
44b6_87bba6c4,21896,22271
44b6_87bba6c4,21897,22296
44b6_87bba6c4,21898,22385
44b6_87bba6c4,21899,22254
44b6_87bba6c4,21901,22371
44b6_87bba6c4,21903,22324
44b6_87bba6c4,21904,22258
44b6_87bba6c4,21905,22328
44b6_87bba6c4,21906,22313
44b6_87bba6c4,21907,22359
44b6_87bba6c4,21908,22367
44b6_87bba6c4,21909,22378
44b6_87bba6c4,21910,22233
44b6_87bba6c4,21911,22333
44b6_87bba6c4,21912,22301
44b6_87bba6c4,21913,22349
44b6_87bba6c4,21914,22316
44b6_87bba6c4,21915,22307
44b6_87bba6c4,21916,22282
44b6_87bba6c4,21917,22366
44b6_87bba6c4,21918,22303
44b6_87bba6c4,21919,22299
44b6_87bba6c4,21920,22335
44b6_87bba6c4,21921,22331
44b6_87bba6c4,21922,22341
44b6_87bba6c4,21923,22326
44b6_87bba6c4,21925,22300
44b6_87bba6c4,21926,22318
44b6_87bba6c4,21927,22322
44b6_87bba6c4,21929,22297
44b6_87bba6c4,21930,22286
44b6_87bba6c4,21931,22317
44b6_87bba6c4,21933,22330
44b6_87bba6c4,21934,22361
44b6_87bba6c4,21936,22340
44b6_87bba6c4,21937,22293
44b6_87bba6c4,21938,22362
44b6_87bba6c4,21939,22374
44b6_87bba6c4,21940,22260
44b6_87bba6c4,21941,22276
44b6_87bba6c4,21942,22305
44b6_87bba6c4,21944,22311
44b6_87bba6c4,21945,22360
44b6_87bba6c4,21946,22345
44b6_87bba6c4,21947,22376
44b6_87bba6c4,21948,22295
44b6_87bba6c4,21949,22332
44b6_87bba6c4,21950,22377
44b6_87bba6c4,21951,22391
44b6_87bba6c4,21953,22255
44b6_87bba6c4,21954,22338
44b6_87bba6c4,21956,22395
44b6_87bba6c4,21957,22287
44b6_87bba6c4,21958,22266
44b6_87bba6c4,21959,22396
44b6_87bba6c4,21960,22452
44b6_87bba6c4,21961,22404
44b6_87bba6c4,21962,22386
44b6_87bba6c4,21963,22346
44b6_87bba6c4,21964,22329
44b6_87bba6c4,21965,22365
44b6_87bba6c4,21967,22373
44b6_87bba6c4,21969,22310
44b6_87bba6c4,21970,22406
44b6_87bba6c4,21971,22381
44b6_87bba6c4,21972,22417
44b6_87bba6c4,21973,22426
44b6_87bba6c4,21974,22368
44b6_87bba6c4,21975,22407
44b6_87bba6c4,21976,22389
44b6_87bba6c4,21977,22384
44b6_87bba6c4,21978,22356
44b6_87bba6c4,21980,22372
44b6_87bba6c4,21982,22336
44b6_87bba6c4,21983,22308
44b6_87bba6c4,21984,22469
44b6_87bba6c4,21985,22422
44b6_87bba6c4,21988,22468
44b6_87bba6c4,21989,22459
44b6_87bba6c4,21990,22375
44b6_87bba6c4,21991,22216
44b6_87bba6c4,21992,22424
44b6_87bba6c4,21994,22354
44b6_87bba6c4,21995,22491
44b6_87bba6c4,21996,22420
44b6_87bba6c4,21997,22265
44b6_87bba6c4,21998,22357
44b6_87bba6c4,22000,22425
44b6_87bba6c4,22001,22321
44b6_87bba6c4,22003,22394
44b6_87bba6c4,22004,22363
44b6_87bba6c4,22005,22446
44b6_87bba6c4,22006,22403
44b6_87bba6c4,22007,22438
44b6_87bba6c4,22008,22476
44b6_87bba6c4,22009,22398
44b6_87bba6c4,22010,22379
44b6_87bba6c4,22011,22414
44b6_87bba6c4,22012,22393
44b6_87bba6c4,22014,22464
44b6_87bba6c4,22015,22492
44b6_87bba6c4,22016,22339
44b6_87bba6c4,22017,22440
44b6_87bba6c4,22019,22415
44b6_87bba6c4,22021,22401
44b6_87bba6c4,22022,22405
44b6_87bba6c4,22023,22315
44b6_87bba6c4,22025,22532
44b6_87bba6c4,22027,22347
44b6_87bba6c4,22028,22482
44b6_87bba6c4,22029,22436
44b6_87bba6c4,22030,22458
44b6_87bba6c4,22031,22400
44b6_87bba6c4,22032,22442
44b6_87bba6c4,22034,22358
44b6_87bba6c4,22035,22431
44b6_87bba6c4,22037,22294
44b6_87bba6c4,22039,22435
44b6_87bba6c4,22040,22387
44b6_87bba6c4,22041,22323
44b6_87bba6c4,22042,22453
44b6_87bba6c4,22043,22441
44b6_87bba6c4,22044,22521
44b6_87bba6c4,22045,22462
44b6_87bba6c4,22046,22450
44b6_87bba6c4,22048,22494
44b6_87bba6c4,22049,22421
44b6_87bba6c4,22051,22439
44b6_87bba6c4,22053,22309
44b6_87bba6c4,22054,22392
44b6_87bba6c4,22055,22456
44b6_87bba6c4,22056,22428
44b6_87bba6c4,22059,22454
44b6_87bba6c4,22060,22397
44b6_87bba6c4,22062,22544
44b6_87bba6c4,22063,22513
44b6_87bba6c4,22064,22448
44b6_87bba6c4,22065,22511
44b6_87bba6c4,22069,22470
44b6_87bba6c4,22070,22510
44b6_87bba6c4,22071,22563
44b6_87bba6c4,22072,22411
44b6_87bba6c4,22075,22483
44b6_87bba6c4,22076,22390
44b6_87bba6c4,22079,22500
44b6_87bba6c4,22080,22460
44b6_87bba6c4,22082,22471
44b6_87bba6c4,22083,22519
44b6_87bba6c4,22084,22553
44b6_87bba6c4,22085,22445
44b6_87bba6c4,22091,22506
44b6_87bba6c4,22092,22410
44b6_87bba6c4,22094,22517
44b6_87bba6c4,22096,22444
44b6_87bba6c4,22097,22488
44b6_87bba6c4,22098,22505
44b6_87bba6c4,22101,22531
44b6_87bba6c4,22103,22507
44b6_87bba6c4,22104,22443
44b6_87bba6c4,22106,22473
44b6_87bba6c4,22109,22516
44b6_87bba6c4,22111,22523
44b6_87bba6c4,22112,22550
44b6_87bba6c4,22118,22503
44b6_87bba6c4,22120,22416
44b6_87bba6c4,22123,22522
44b6_87bba6c4,22124,22498
44b6_87bba6c4,22128,22546
44b6_87bba6c4,22129,22541
44b6_87bba6c4,22132,22536
44b6_87bba6c4,22141,22463
44b6_87bba6c4,22143,22490
44b6_87bba6c4,22155,22549
44b6_87bba6c4,22158,22524
44b6_87bba6c4,22162,22484
44b6_87bba6c4,22163,22542
44b6_87bba6c4,22164,22559
44b6_87bba6c4,22165,22423
44b6_87bba6c4,22168,22545
44b6_87bba6c4,22169,22525
44b6_87bba6c4,22171,22548
44b6_87bba6c4,22172,22486
44b6_87bba6c4,22173,22495
44b6_87bba6c4,22174,22547
44b6_87bba6c4,22177,22572
44b6_87bba6c4,22178,22566
44b6_87bba6c4,22179,22590
44b6_87bba6c4,22180,22568
44b6_87bba6c4,22181,22571
44b6_87bba6c4,22182,22570
44b6_87bba6c4,22183,22579
44b6_87bba6c4,22184,22577
44b6_87bba6c4,22186,22580
44b6_87bba6c4,22187,22581
44b6_87bba6c4,22189,22578
44b6_87bba6c4,22190,22583
44b6_87bba6c4,22191,22574
44b6_87bba6c4,22192,22575
44b6_87bba6c4,22193,22624
44b6_87bba6c4,22194,22600
44b6_87bba6c4,22195,22686
44b6_87bba6c4,22196,22668
44b6_87bba6c4,22197,22601
44b6_87bba6c4,22198,22608
44b6_87bba6c4,22199,22617
44b6_87bba6c4,22200,22609
44b6_87bba6c4,22202,22585
44b6_87bba6c4,22203,22588
44b6_87bba6c4,22204,22592
44b6_87bba6c4,22205,22639
44b6_87bba6c4,22207,22582
44b6_87bba6c4,22208,22602
44b6_87bba6c4,22209,22595
44b6_87bba6c4,22210,22598
44b6_87bba6c4,22212,22605
44b6_87bba6c4,22213,22591
44b6_87bba6c4,22215,22604
44b6_87bba6c4,22217,22593
44b6_87bba6c4,22218,22611
44b6_87bba6c4,22219,22934
44b6_87bba6c4,22221,22618
44b6_87bba6c4,22222,22671
44b6_87bba6c4,22223,22678
44b6_87bba6c4,22224,22587
44b6_87bba6c4,22225,22607
44b6_87bba6c4,22226,22641
44b6_87bba6c4,22227,22606
44b6_87bba6c4,22228,22634
44b6_87bba6c4,22229,22616
44b6_87bba6c4,22230,22594
44b6_87bba6c4,22232,22638
44b6_87bba6c4,22233,22636
44b6_87bba6c4,22234,22610
44b6_87bba6c4,22235,22622
44b6_87bba6c4,22236,22615
44b6_87bba6c4,22237,22661
44b6_87bba6c4,22238,22794
44b6_87bba6c4,22239,22619
44b6_87bba6c4,22240,22644
44b6_87bba6c4,22241,22709
44b6_87bba6c4,22242,22675
44b6_87bba6c4,22243,22635
44b6_87bba6c4,22245,22680
44b6_87bba6c4,22246,22695
44b6_87bba6c4,22247,22681
44b6_87bba6c4,22248,22667
44b6_87bba6c4,22249,22586
44b6_87bba6c4,22250,22640
44b6_87bba6c4,22251,22688
44b6_87bba6c4,22252,22692
44b6_87bba6c4,22254,22697
44b6_87bba6c4,22255,22726
44b6_87bba6c4,22256,22625
44b6_87bba6c4,22257,22835
44b6_87bba6c4,22258,22656
44b6_87bba6c4,22259,22646
44b6_87bba6c4,22260,22648
44b6_87bba6c4,22261,22631
44b6_87bba6c4,22262,22633
44b6_87bba6c4,22263,22620
44b6_87bba6c4,22264,22715
44b6_87bba6c4,22265,22599
44b6_87bba6c4,22266,22649
44b6_87bba6c4,22267,22651
44b6_87bba6c4,22269,22723
44b6_87bba6c4,22270,22603
44b6_87bba6c4,22271,22705
44b6_87bba6c4,22273,22629
44b6_87bba6c4,22274,22701
44b6_87bba6c4,22275,22627
44b6_87bba6c4,22276,22729
44b6_87bba6c4,22278,22674
44b6_87bba6c4,22279,22679
44b6_87bba6c4,22280,22650
44b6_87bba6c4,22281,22621
44b6_87bba6c4,22282,22645
44b6_87bba6c4,22283,22765
44b6_87bba6c4,22285,22714
44b6_87bba6c4,22286,22704
44b6_87bba6c4,22287,22632
44b6_87bba6c4,22288,22677
44b6_87bba6c4,22291,22748
44b6_87bba6c4,22292,22673
44b6_87bba6c4,22293,22684
44b6_87bba6c4,22294,22569
44b6_87bba6c4,22295,22710
44b6_87bba6c4,22296,22655
44b6_87bba6c4,22297,22657
44b6_87bba6c4,22298,22724
44b6_87bba6c4,22299,22623
44b6_87bba6c4,22300,22685
44b6_87bba6c4,22301,22732
44b6_87bba6c4,22303,22689
44b6_87bba6c4,22304,22687
44b6_87bba6c4,22305,22702
44b6_87bba6c4,22307,22690
44b6_87bba6c4,22308,22796
44b6_87bba6c4,22309,22676
44b6_87bba6c4,22310,22727
44b6_87bba6c4,22311,22738
44b6_87bba6c4,22312,22785
44b6_87bba6c4,22313,22666
44b6_87bba6c4,22315,22742
44b6_87bba6c4,22317,22739
44b6_87bba6c4,22318,22665
44b6_87bba6c4,22320,22613
44b6_87bba6c4,22321,22827
44b6_87bba6c4,22322,22775
44b6_87bba6c4,22323,22842
44b6_87bba6c4,22325,22708
44b6_87bba6c4,22326,22720
44b6_87bba6c4,22327,22719
44b6_87bba6c4,22329,22753
44b6_87bba6c4,22330,22693
44b6_87bba6c4,22331,22659
44b6_87bba6c4,22332,22741
44b6_87bba6c4,22333,22779
44b6_87bba6c4,22334,22786
44b6_87bba6c4,22335,22770
44b6_87bba6c4,22336,22647
44b6_87bba6c4,22337,22800
44b6_87bba6c4,22338,22761
44b6_87bba6c4,22339,22814
44b6_87bba6c4,22341,22946
44b6_87bba6c4,22342,22766
44b6_87bba6c4,22343,22711
44b6_87bba6c4,22344,22712
44b6_87bba6c4,22345,22706
44b6_87bba6c4,22346,22760
44b6_87bba6c4,22347,22776
44b6_87bba6c4,22349,22822
44b6_87bba6c4,22350,22718
44b6_87bba6c4,22351,22737
44b6_87bba6c4,22353,22780
44b6_87bba6c4,22354,22774
44b6_87bba6c4,22355,22654
44b6_87bba6c4,22357,22743
44b6_87bba6c4,22359,22769
44b6_87bba6c4,22361,22691
44b6_87bba6c4,22362,22682
44b6_87bba6c4,22363,22699
44b6_87bba6c4,22364,22730
44b6_87bba6c4,22366,22596
44b6_87bba6c4,22367,22816
44b6_87bba6c4,22370,22767
44b6_87bba6c4,22372,22849
44b6_87bba6c4,22373,22781
44b6_87bba6c4,22374,22845
44b6_87bba6c4,22375,22643
44b6_87bba6c4,22376,22812
44b6_87bba6c4,22377,22790
44b6_87bba6c4,22378,22833
44b6_87bba6c4,22379,22740
44b6_87bba6c4,22381,22728
44b6_87bba6c4,22382,22749
44b6_87bba6c4,22383,22694
44b6_87bba6c4,22384,22744
44b6_87bba6c4,22385,22824
44b6_87bba6c4,22386,22799
44b6_87bba6c4,22387,22832
44b6_87bba6c4,22388,22809
44b6_87bba6c4,22389,22881
44b6_87bba6c4,22390,22752
44b6_87bba6c4,22391,22652
44b6_87bba6c4,22393,22810
44b6_87bba6c4,22394,22751
44b6_87bba6c4,22395,22756
44b6_87bba6c4,22397,22721
44b6_87bba6c4,22398,22750
44b6_87bba6c4,22400,22840
44b6_87bba6c4,22401,22788
44b6_87bba6c4,22402,22754
44b6_87bba6c4,22403,22851
44b6_87bba6c4,22404,22825
44b6_87bba6c4,22406,22819
44b6_87bba6c4,22407,22758
44b6_87bba6c4,22409,22768
44b6_87bba6c4,22410,22792
44b6_87bba6c4,22411,22589
44b6_87bba6c4,22412,22658
44b6_87bba6c4,22415,22745
44b6_87bba6c4,22416,22855
44b6_87bba6c4,22417,22783
44b6_87bba6c4,22418,22736
44b6_87bba6c4,22420,22802
44b6_87bba6c4,22421,22876
44b6_87bba6c4,22422,22805
44b6_87bba6c4,22423,22789
44b6_87bba6c4,22426,22773
44b6_87bba6c4,22427,22861
44b6_87bba6c4,22428,22801
44b6_87bba6c4,22429,22852
44b6_87bba6c4,22431,22889
44b6_87bba6c4,22432,22862
44b6_87bba6c4,22433,22856
44b6_87bba6c4,22436,22926
44b6_87bba6c4,22438,22746
44b6_87bba6c4,22439,22854
44b6_87bba6c4,22440,22891
44b6_87bba6c4,22441,22850
44b6_87bba6c4,22443,22838
44b6_87bba6c4,22444,22863
44b6_87bba6c4,22445,22860
44b6_87bba6c4,22448,22795
44b6_87bba6c4,22449,22831
44b6_87bba6c4,22450,22762
44b6_87bba6c4,22452,22683
44b6_87bba6c4,22453,22873
44b6_87bba6c4,22454,22803
44b6_87bba6c4,22455,22916
44b6_87bba6c4,22456,22905
44b6_87bba6c4,22458,22777
44b6_87bba6c4,22459,22797
44b6_87bba6c4,22460,22804
44b6_87bba6c4,22461,22823
44b6_87bba6c4,22463,22747
44b6_87bba6c4,22464,22834
44b6_87bba6c4,22467,22791
44b6_87bba6c4,22468,22912
44b6_87bba6c4,22470,22830
44b6_87bba6c4,22473,22939
44b6_87bba6c4,22475,22866
44b6_87bba6c4,22476,22882
44b6_87bba6c4,22482,22936
44b6_87bba6c4,22485,22880
44b6_87bba6c4,22486,22879
44b6_87bba6c4,22487,22713
44b6_87bba6c4,22488,22897
44b6_87bba6c4,22490,22820
44b6_87bba6c4,22492,22900
44b6_87bba6c4,22495,22725
44b6_87bba6c4,22498,22894
44b6_87bba6c4,22499,22892
44b6_87bba6c4,22500,22927
44b6_87bba6c4,22505,22932
44b6_87bba6c4,22506,22895
44b6_87bba6c4,22510,22899
44b6_87bba6c4,22511,22898
44b6_87bba6c4,22513,22793
44b6_87bba6c4,22516,22896
44b6_87bba6c4,22519,22888
44b6_87bba6c4,22520,22904
44b6_87bba6c4,22521,22940
44b6_87bba6c4,22522,22961
44b6_87bba6c4,22524,22847
44b6_87bba6c4,22525,22872
44b6_87bba6c4,22526,22909
44b6_87bba6c4,22527,22930
44b6_87bba6c4,22528,22945
44b6_87bba6c4,22530,22841
44b6_87bba6c4,22531,22922
44b6_87bba6c4,22534,22886
44b6_87bba6c4,22537,22837
44b6_87bba6c4,22539,22942
44b6_87bba6c4,22545,22956
44b6_87bba6c4,22547,22920
44b6_87bba6c4,22548,22953
44b6_87bba6c4,22553,22943
44b6_87bba6c4,22554,22877
44b6_87bba6c4,22557,22844
44b6_87bba6c4,22559,22958
44b6_87bba6c4,22560,22944
44b6_87bba6c4,22562,22887
44b6_87bba6c4,22566,22968
44b6_87bba6c4,22567,22972
44b6_87bba6c4,22568,22964
44b6_87bba6c4,22569,23025
44b6_87bba6c4,22570,22963
44b6_87bba6c4,22571,22970
44b6_87bba6c4,22572,22987
44b6_87bba6c4,22574,22975
44b6_87bba6c4,22575,22971
44b6_87bba6c4,22576,22965
44b6_87bba6c4,22577,22967
44b6_87bba6c4,22578,22973
44b6_87bba6c4,22579,23040
44b6_87bba6c4,22580,22974
44b6_87bba6c4,22581,22969
44b6_87bba6c4,22582,22978
44b6_87bba6c4,22583,23069
44b6_87bba6c4,22584,22995
44b6_87bba6c4,22585,23041
44b6_87bba6c4,22586,22993
44b6_87bba6c4,22587,22980
44b6_87bba6c4,22588,22982
44b6_87bba6c4,22589,23103
44b6_87bba6c4,22591,22986
44b6_87bba6c4,22592,22979
44b6_87bba6c4,22593,23043
44b6_87bba6c4,22594,23009
44b6_87bba6c4,22595,23027
44b6_87bba6c4,22596,22976
44b6_87bba6c4,22597,23001
44b6_87bba6c4,22598,23004
44b6_87bba6c4,22599,23129
44b6_87bba6c4,22600,22997
44b6_87bba6c4,22601,22977
44b6_87bba6c4,22602,22996
44b6_87bba6c4,22603,22991
44b6_87bba6c4,22604,23021
44b6_87bba6c4,22605,22990
44b6_87bba6c4,22606,23003
44b6_87bba6c4,22607,23034
44b6_87bba6c4,22608,22985
44b6_87bba6c4,22609,23074
44b6_87bba6c4,22610,23024
44b6_87bba6c4,22611,22999
44b6_87bba6c4,22612,22988
44b6_87bba6c4,22613,23019
44b6_87bba6c4,22614,22981
44b6_87bba6c4,22615,23042
44b6_87bba6c4,22616,22998
44b6_87bba6c4,22617,23020
44b6_87bba6c4,22618,23002
44b6_87bba6c4,22619,23023
44b6_87bba6c4,22620,23150
44b6_87bba6c4,22621,23032
44b6_87bba6c4,22622,23015
44b6_87bba6c4,22623,23053
44b6_87bba6c4,22624,23036
44b6_87bba6c4,22625,23016
44b6_87bba6c4,22626,23055
44b6_87bba6c4,22627,22983
44b6_87bba6c4,22628,23000
44b6_87bba6c4,22629,23050
44b6_87bba6c4,22630,23062
44b6_87bba6c4,22631,23101
44b6_87bba6c4,22632,23173
44b6_87bba6c4,22633,23017
44b6_87bba6c4,22634,23018
44b6_87bba6c4,22635,23030
44b6_87bba6c4,22636,23010
44b6_87bba6c4,22637,23084
44b6_87bba6c4,22638,23051
44b6_87bba6c4,22639,23026
44b6_87bba6c4,22640,23095
44b6_87bba6c4,22641,23031
44b6_87bba6c4,22642,23038
44b6_87bba6c4,22643,22989
44b6_87bba6c4,22645,23037
44b6_87bba6c4,22646,23052
44b6_87bba6c4,22647,23006
44b6_87bba6c4,22648,23049
44b6_87bba6c4,22649,22992
44b6_87bba6c4,22650,23044
44b6_87bba6c4,22651,23007
44b6_87bba6c4,22653,22984
44b6_87bba6c4,22654,23079
44b6_87bba6c4,22655,23014
44b6_87bba6c4,22657,23118
44b6_87bba6c4,22658,23078
44b6_87bba6c4,22659,23092
44b6_87bba6c4,22661,23082
44b6_87bba6c4,22662,23058
44b6_87bba6c4,22663,23057
44b6_87bba6c4,22665,23145
44b6_87bba6c4,22666,23013
44b6_87bba6c4,22667,23073
44b6_87bba6c4,22668,23039
44b6_87bba6c4,22669,23344
44b6_87bba6c4,22670,23067
44b6_87bba6c4,22671,23048
44b6_87bba6c4,22673,22994
44b6_87bba6c4,22675,23071
44b6_87bba6c4,22676,23100
44b6_87bba6c4,22677,23072
44b6_87bba6c4,22678,23083
44b6_87bba6c4,22679,23122
44b6_87bba6c4,22681,23133
44b6_87bba6c4,22682,23125
44b6_87bba6c4,22683,23061
44b6_87bba6c4,22684,23126
44b6_87bba6c4,22685,23112
44b6_87bba6c4,22687,23222
44b6_87bba6c4,22688,23066
44b6_87bba6c4,22689,23065
44b6_87bba6c4,22690,23081
44b6_87bba6c4,22691,23093
44b6_87bba6c4,22692,23068
44b6_87bba6c4,22693,23012
44b6_87bba6c4,22694,23089
44b6_87bba6c4,22695,23059
44b6_87bba6c4,22696,23094
44b6_87bba6c4,22697,23182
44b6_87bba6c4,22698,23047
44b6_87bba6c4,22699,23135
44b6_87bba6c4,22701,23123
44b6_87bba6c4,22702,23091
44b6_87bba6c4,22704,23134
44b6_87bba6c4,22705,23147
44b6_87bba6c4,22706,23035
44b6_87bba6c4,22709,23177
44b6_87bba6c4,22710,23115
44b6_87bba6c4,22711,23127
44b6_87bba6c4,22712,23097
44b6_87bba6c4,22713,23113
44b6_87bba6c4,22714,23130
44b6_87bba6c4,22715,23119
44b6_87bba6c4,22716,23045
44b6_87bba6c4,22717,23131
44b6_87bba6c4,22718,23064
44b6_87bba6c4,22719,23232
44b6_87bba6c4,22720,23229
44b6_87bba6c4,22721,23033
44b6_87bba6c4,22723,23063
44b6_87bba6c4,22724,23056
44b6_87bba6c4,22725,23098
44b6_87bba6c4,22726,23159
44b6_87bba6c4,22727,23240
44b6_87bba6c4,22728,23128
44b6_87bba6c4,22729,23117
44b6_87bba6c4,22730,23244
44b6_87bba6c4,22731,23087
44b6_87bba6c4,22734,23085
44b6_87bba6c4,22736,23120
44b6_87bba6c4,22737,23184
44b6_87bba6c4,22738,23168
44b6_87bba6c4,22739,23166
44b6_87bba6c4,22740,23109
44b6_87bba6c4,22741,23086
44b6_87bba6c4,22742,23208
44b6_87bba6c4,22743,23107
44b6_87bba6c4,22744,23238
44b6_87bba6c4,22745,23200
44b6_87bba6c4,22746,23205
44b6_87bba6c4,22747,23141
44b6_87bba6c4,22748,23252
44b6_87bba6c4,22749,23139
44b6_87bba6c4,22750,23163
44b6_87bba6c4,22751,23096
44b6_87bba6c4,22752,23149
44b6_87bba6c4,22753,23076
44b6_87bba6c4,22754,23137
44b6_87bba6c4,22756,23116
44b6_87bba6c4,22758,23183
44b6_87bba6c4,22759,23132
44b6_87bba6c4,22761,23144
44b6_87bba6c4,22762,23206
44b6_87bba6c4,22763,23230
44b6_87bba6c4,22764,23011
44b6_87bba6c4,22765,23136
44b6_87bba6c4,22766,23207
44b6_87bba6c4,22767,23060
44b6_87bba6c4,22769,23140
44b6_87bba6c4,22770,23046
44b6_87bba6c4,22771,23225
44b6_87bba6c4,22773,23167
44b6_87bba6c4,22774,23201
44b6_87bba6c4,22775,23077
44b6_87bba6c4,22776,23223
44b6_87bba6c4,22779,23152
44b6_87bba6c4,22780,23233
44b6_87bba6c4,22783,23246
44b6_87bba6c4,22784,23209
44b6_87bba6c4,22785,23176
44b6_87bba6c4,22786,23172
44b6_87bba6c4,22788,23165
44b6_87bba6c4,22789,23142
44b6_87bba6c4,22790,23228
44b6_87bba6c4,22791,23300
44b6_87bba6c4,22792,23199
44b6_87bba6c4,22793,23138
44b6_87bba6c4,22794,23212
44b6_87bba6c4,22795,23174
44b6_87bba6c4,22796,23121
44b6_87bba6c4,22797,23239
44b6_87bba6c4,22798,23269
44b6_87bba6c4,22799,23155
44b6_87bba6c4,22800,23090
44b6_87bba6c4,22801,23156
44b6_87bba6c4,22802,23146
44b6_87bba6c4,22803,23198
44b6_87bba6c4,22805,23254
44b6_87bba6c4,22806,23181
44b6_87bba6c4,22807,23211
44b6_87bba6c4,22808,23104
44b6_87bba6c4,22809,23170
44b6_87bba6c4,22810,23275
44b6_87bba6c4,22811,23158
44b6_87bba6c4,22812,23220
44b6_87bba6c4,22813,23157
44b6_87bba6c4,22814,23161
44b6_87bba6c4,22815,23261
44b6_87bba6c4,22816,23265
44b6_87bba6c4,22817,23221
44b6_87bba6c4,22818,23114
44b6_87bba6c4,22819,23188
44b6_87bba6c4,22820,23110
44b6_87bba6c4,22822,23218
44b6_87bba6c4,22823,23204
44b6_87bba6c4,22826,23151
44b6_87bba6c4,22830,23213
44b6_87bba6c4,22831,23298
44b6_87bba6c4,22832,23262
44b6_87bba6c4,22833,23202
44b6_87bba6c4,22834,23214
44b6_87bba6c4,22835,23075
44b6_87bba6c4,22836,23253
44b6_87bba6c4,22837,23270
44b6_87bba6c4,22838,23219
44b6_87bba6c4,22840,23180
44b6_87bba6c4,22841,23189
44b6_87bba6c4,22842,23148
44b6_87bba6c4,22843,23210
44b6_87bba6c4,22844,23231
44b6_87bba6c4,22845,23251
44b6_87bba6c4,22846,23171
44b6_87bba6c4,22847,23227
44b6_87bba6c4,22848,23235
44b6_87bba6c4,22849,23267
44b6_87bba6c4,22850,23271
44b6_87bba6c4,22852,23179
44b6_87bba6c4,22854,23286
44b6_87bba6c4,22855,23312
44b6_87bba6c4,22856,23287
44b6_87bba6c4,22857,23248
44b6_87bba6c4,22859,23296
44b6_87bba6c4,22860,23153
44b6_87bba6c4,22861,23236
44b6_87bba6c4,22862,23309
44b6_87bba6c4,22863,23242
44b6_87bba6c4,22864,23197
44b6_87bba6c4,22865,23186
44b6_87bba6c4,22866,23268
44b6_87bba6c4,22867,23245
44b6_87bba6c4,22868,23237
44b6_87bba6c4,22869,23164
44b6_87bba6c4,22872,23191
44b6_87bba6c4,22873,23315
44b6_87bba6c4,22875,23190
44b6_87bba6c4,22876,23256
44b6_87bba6c4,22877,23264
44b6_87bba6c4,22878,23316
44b6_87bba6c4,22879,23302
44b6_87bba6c4,22881,23280
44b6_87bba6c4,22882,23278
44b6_87bba6c4,22883,23288
44b6_87bba6c4,22884,23279
44b6_87bba6c4,22886,23283
44b6_87bba6c4,22887,23196
44b6_87bba6c4,22888,23304
44b6_87bba6c4,22889,23282
44b6_87bba6c4,22890,23243
44b6_87bba6c4,22891,23217
44b6_87bba6c4,22893,23276
44b6_87bba6c4,22895,23299
44b6_87bba6c4,22896,23241
44b6_87bba6c4,22897,23295
44b6_87bba6c4,22898,23303
44b6_87bba6c4,22900,23297
44b6_87bba6c4,22902,23263
44b6_87bba6c4,22909,23306
44b6_87bba6c4,22914,23257
44b6_87bba6c4,22915,23308
44b6_87bba6c4,22917,23272
44b6_87bba6c4,22918,23319
44b6_87bba6c4,22919,23194
44b6_87bba6c4,22922,23290
44b6_87bba6c4,22927,23285
44b6_87bba6c4,22930,23305
44b6_87bba6c4,22931,23343
44b6_87bba6c4,22939,23330
44b6_87bba6c4,22942,23274
44b6_87bba6c4,22947,23333
44b6_87bba6c4,22948,23327
44b6_87bba6c4,22949,23291
44b6_87bba6c4,22950,23273
44b6_87bba6c4,22953,23318
44b6_87bba6c4,22954,23350
44b6_87bba6c4,22956,23328
44b6_87bba6c4,22958,23336
44b6_87bba6c4,22959,23294
44b6_87bba6c4,22963,23353
44b6_87bba6c4,22964,23361
44b6_87bba6c4,22965,23355
44b6_87bba6c4,22966,23362
44b6_87bba6c4,22967,23407
44b6_87bba6c4,22968,23354
44b6_87bba6c4,22969,23366
44b6_87bba6c4,22970,23352
44b6_87bba6c4,22971,23380
44b6_87bba6c4,22972,23398
44b6_87bba6c4,22973,23365
44b6_87bba6c4,22974,23360
44b6_87bba6c4,22975,23364
44b6_87bba6c4,22976,23371
44b6_87bba6c4,22977,23379
44b6_87bba6c4,22978,23363
44b6_87bba6c4,22979,23375
44b6_87bba6c4,22980,23367
44b6_87bba6c4,22981,23382
44b6_87bba6c4,22982,23358
44b6_87bba6c4,22984,23372
44b6_87bba6c4,22985,23376
44b6_87bba6c4,22987,23385
44b6_87bba6c4,22988,23391
44b6_87bba6c4,22990,23425
44b6_87bba6c4,22991,23432
44b6_87bba6c4,22992,23593
44b6_87bba6c4,22993,23421
44b6_87bba6c4,22994,23458
44b6_87bba6c4,22995,23381
44b6_87bba6c4,22996,23384
44b6_87bba6c4,22998,23356
44b6_87bba6c4,22999,23406
44b6_87bba6c4,23001,23424
44b6_87bba6c4,23002,23429
44b6_87bba6c4,23003,23400
44b6_87bba6c4,23004,23420
44b6_87bba6c4,23005,23477
44b6_87bba6c4,23006,23397
44b6_87bba6c4,23007,23437
44b6_87bba6c4,23008,23390
44b6_87bba6c4,23009,23377
44b6_87bba6c4,23010,23383
44b6_87bba6c4,23012,23462
44b6_87bba6c4,23013,23480
44b6_87bba6c4,23014,23457
44b6_87bba6c4,23015,23392
44b6_87bba6c4,23016,23357
44b6_87bba6c4,23017,23388
44b6_87bba6c4,23018,23414
44b6_87bba6c4,23019,23542
44b6_87bba6c4,23020,23374
44b6_87bba6c4,23021,23403
44b6_87bba6c4,23022,23427
44b6_87bba6c4,23023,23417
44b6_87bba6c4,23024,23439
44b6_87bba6c4,23026,23449
44b6_87bba6c4,23027,23393
44b6_87bba6c4,23028,23419
44b6_87bba6c4,23029,23448
44b6_87bba6c4,23030,23455
44b6_87bba6c4,23031,23461
44b6_87bba6c4,23032,23446
44b6_87bba6c4,23034,23387
44b6_87bba6c4,23035,23378
44b6_87bba6c4,23036,23450
44b6_87bba6c4,23037,23415
44b6_87bba6c4,23038,23408
44b6_87bba6c4,23039,23386
44b6_87bba6c4,23040,23486
44b6_87bba6c4,23041,23568
44b6_87bba6c4,23042,23426
44b6_87bba6c4,23043,23395
44b6_87bba6c4,23044,23428
44b6_87bba6c4,23045,23495
44b6_87bba6c4,23047,23519
44b6_87bba6c4,23048,23442
44b6_87bba6c4,23049,23418
44b6_87bba6c4,23050,23433
44b6_87bba6c4,23051,23496
44b6_87bba6c4,23052,23451
44b6_87bba6c4,23054,23412
44b6_87bba6c4,23055,23410
44b6_87bba6c4,23056,23463
44b6_87bba6c4,23057,23526
44b6_87bba6c4,23058,23435
44b6_87bba6c4,23059,23453
44b6_87bba6c4,23060,23370
44b6_87bba6c4,23061,23490
44b6_87bba6c4,23062,23507
44b6_87bba6c4,23063,23498
44b6_87bba6c4,23064,23494
44b6_87bba6c4,23065,23484
44b6_87bba6c4,23066,23499
44b6_87bba6c4,23067,23551
44b6_87bba6c4,23068,23447
44b6_87bba6c4,23069,23389
44b6_87bba6c4,23070,23473
44b6_87bba6c4,23071,23508
44b6_87bba6c4,23072,23399
44b6_87bba6c4,23073,23506
44b6_87bba6c4,23074,23438
44b6_87bba6c4,23075,23489
44b6_87bba6c4,23076,23474
44b6_87bba6c4,23077,23524
44b6_87bba6c4,23078,23411
44b6_87bba6c4,23079,23523
44b6_87bba6c4,23081,23475
44b6_87bba6c4,23082,23431
44b6_87bba6c4,23083,23596
44b6_87bba6c4,23084,23534
44b6_87bba6c4,23085,23430
44b6_87bba6c4,23086,23538
44b6_87bba6c4,23087,23536
44b6_87bba6c4,23088,23540
44b6_87bba6c4,23089,23405
44b6_87bba6c4,23090,23409
44b6_87bba6c4,23091,23434
44b6_87bba6c4,23092,23515
44b6_87bba6c4,23093,23471
44b6_87bba6c4,23094,23469
44b6_87bba6c4,23095,23513
44b6_87bba6c4,23096,23452
44b6_87bba6c4,23098,23604
44b6_87bba6c4,23099,23492
44b6_87bba6c4,23100,23541
44b6_87bba6c4,23101,23483
44b6_87bba6c4,23102,23504
44b6_87bba6c4,23103,23579
44b6_87bba6c4,23104,23402
44b6_87bba6c4,23105,23545
44b6_87bba6c4,23106,23531
44b6_87bba6c4,23107,23520
44b6_87bba6c4,23108,23422
44b6_87bba6c4,23109,23493
44b6_87bba6c4,23110,23401
44b6_87bba6c4,23111,23514
44b6_87bba6c4,23112,23512
44b6_87bba6c4,23113,23456
44b6_87bba6c4,23114,23505
44b6_87bba6c4,23115,23560
44b6_87bba6c4,23116,23555
44b6_87bba6c4,23117,23472
44b6_87bba6c4,23119,23500
44b6_87bba6c4,23120,23533
44b6_87bba6c4,23121,23581
44b6_87bba6c4,23122,23460
44b6_87bba6c4,23123,23464
44b6_87bba6c4,23124,23479
44b6_87bba6c4,23125,23444
44b6_87bba6c4,23126,23481
44b6_87bba6c4,23127,23585
44b6_87bba6c4,23128,23503
44b6_87bba6c4,23129,23482
44b6_87bba6c4,23130,23443
44b6_87bba6c4,23131,23530
44b6_87bba6c4,23132,23569
44b6_87bba6c4,23133,23516
44b6_87bba6c4,23134,23557
44b6_87bba6c4,23135,23517
44b6_87bba6c4,23136,23518
44b6_87bba6c4,23137,23527
44b6_87bba6c4,23138,23597
44b6_87bba6c4,23139,23488
44b6_87bba6c4,23140,23612
44b6_87bba6c4,23141,23575
44b6_87bba6c4,23142,23546
44b6_87bba6c4,23143,23577
44b6_87bba6c4,23144,23544
44b6_87bba6c4,23145,23454
44b6_87bba6c4,23146,23543
44b6_87bba6c4,23147,23459
44b6_87bba6c4,23148,23413
44b6_87bba6c4,23149,23718
44b6_87bba6c4,23150,23528
44b6_87bba6c4,23151,23576
44b6_87bba6c4,23152,23539
44b6_87bba6c4,23153,23594
44b6_87bba6c4,23157,23566
44b6_87bba6c4,23159,23501
44b6_87bba6c4,23160,23626
44b6_87bba6c4,23161,23600
44b6_87bba6c4,23162,23609
44b6_87bba6c4,23163,23550
44b6_87bba6c4,23164,23535
44b6_87bba6c4,23166,23478
44b6_87bba6c4,23167,23467
44b6_87bba6c4,23168,23396
44b6_87bba6c4,23169,23599
44b6_87bba6c4,23170,23616
44b6_87bba6c4,23171,23603
44b6_87bba6c4,23173,23416
44b6_87bba6c4,23174,23562
44b6_87bba6c4,23175,23559
44b6_87bba6c4,23176,23537
44b6_87bba6c4,23177,23709
44b6_87bba6c4,23179,23598
44b6_87bba6c4,23180,23615
44b6_87bba6c4,23181,23554
44b6_87bba6c4,23182,23584
44b6_87bba6c4,23183,23699
44b6_87bba6c4,23184,23590
44b6_87bba6c4,23186,23441
44b6_87bba6c4,23188,23549
44b6_87bba6c4,23189,23606
44b6_87bba6c4,23190,23592
44b6_87bba6c4,23191,23632
44b6_87bba6c4,23193,23552
44b6_87bba6c4,23194,23675
44b6_87bba6c4,23195,23627
44b6_87bba6c4,23196,23649
44b6_87bba6c4,23197,23565
44b6_87bba6c4,23198,23602
44b6_87bba6c4,23199,23638
44b6_87bba6c4,23200,23668
44b6_87bba6c4,23201,23553
44b6_87bba6c4,23202,23697
44b6_87bba6c4,23203,23529
44b6_87bba6c4,23204,23656
44b6_87bba6c4,23205,23623
44b6_87bba6c4,23206,23563
44b6_87bba6c4,23207,23580
44b6_87bba6c4,23208,23511
44b6_87bba6c4,23209,23487
44b6_87bba6c4,23211,23574
44b6_87bba6c4,23212,23601
44b6_87bba6c4,23213,23556
44b6_87bba6c4,23214,23509
44b6_87bba6c4,23217,23583
44b6_87bba6c4,23218,23666
44b6_87bba6c4,23219,23621
44b6_87bba6c4,23220,23510
44b6_87bba6c4,23222,23676
44b6_87bba6c4,23226,23617
44b6_87bba6c4,23227,23628
44b6_87bba6c4,23228,23639
44b6_87bba6c4,23229,23582
44b6_87bba6c4,23232,23502
44b6_87bba6c4,23237,23605
44b6_87bba6c4,23238,23578
44b6_87bba6c4,23240,23571
44b6_87bba6c4,23241,23681
44b6_87bba6c4,23242,23651
44b6_87bba6c4,23243,23611
44b6_87bba6c4,23244,23595
44b6_87bba6c4,23246,23657
44b6_87bba6c4,23247,23636
44b6_87bba6c4,23248,23591
44b6_87bba6c4,23249,23641
44b6_87bba6c4,23251,23669
44b6_87bba6c4,23252,23567
44b6_87bba6c4,23253,23619
44b6_87bba6c4,23254,23589
44b6_87bba6c4,23256,23667
44b6_87bba6c4,23257,23653
44b6_87bba6c4,23259,23728
44b6_87bba6c4,23260,23644
44b6_87bba6c4,23262,23640
44b6_87bba6c4,23264,23665
44b6_87bba6c4,23265,23608
44b6_87bba6c4,23267,23696
44b6_87bba6c4,23268,23662
44b6_87bba6c4,23269,23548
44b6_87bba6c4,23270,23631
44b6_87bba6c4,23271,23664
44b6_87bba6c4,23272,23521
44b6_87bba6c4,23273,23629
44b6_87bba6c4,23274,23622
44b6_87bba6c4,23277,23674
44b6_87bba6c4,23278,23620
44b6_87bba6c4,23280,23588
44b6_87bba6c4,23283,23683
44b6_87bba6c4,23285,23635
44b6_87bba6c4,23288,23587
44b6_87bba6c4,23290,23708
44b6_87bba6c4,23291,23661
44b6_87bba6c4,23292,23672
44b6_87bba6c4,23293,23685
44b6_87bba6c4,23294,23727
44b6_87bba6c4,23295,23654
44b6_87bba6c4,23296,23705
44b6_87bba6c4,23297,23704
44b6_87bba6c4,23299,23625
44b6_87bba6c4,23301,23655
44b6_87bba6c4,23302,23711
44b6_87bba6c4,23305,23660
44b6_87bba6c4,23306,23703
44b6_87bba6c4,23308,23684
44b6_87bba6c4,23310,23624
44b6_87bba6c4,23312,23572
44b6_87bba6c4,23313,23715
44b6_87bba6c4,23316,23678
44b6_87bba6c4,23317,23719
44b6_87bba6c4,23318,23733
44b6_87bba6c4,23320,23714
44b6_87bba6c4,23325,23722
44b6_87bba6c4,23328,23732
44b6_87bba6c4,23332,23701
44b6_87bba6c4,23333,23717
44b6_87bba6c4,23338,23677
44b6_87bba6c4,23342,23647
44b6_87bba6c4,23343,23710
44b6_87bba6c4,23346,23700
44b6_87bba6c4,23352,23737
44b6_87bba6c4,23353,23746
44b6_87bba6c4,23354,23735
44b6_87bba6c4,23356,23758
44b6_87bba6c4,23357,23752
44b6_87bba6c4,23358,23776
44b6_87bba6c4,23359,23738
44b6_87bba6c4,23360,23740
44b6_87bba6c4,23361,23767
44b6_87bba6c4,23362,23797
44b6_87bba6c4,23363,23747
44b6_87bba6c4,23364,23739
44b6_87bba6c4,23365,23754
44b6_87bba6c4,23367,23744
44b6_87bba6c4,23368,23742
44b6_87bba6c4,23370,23773
44b6_87bba6c4,23371,23775
44b6_87bba6c4,23372,23753
44b6_87bba6c4,23373,23751
44b6_87bba6c4,23374,23789
44b6_87bba6c4,23375,23761
44b6_87bba6c4,23376,23772
44b6_87bba6c4,23377,23765
44b6_87bba6c4,23378,23750
44b6_87bba6c4,23379,23749
44b6_87bba6c4,23380,23736
44b6_87bba6c4,23383,23764
44b6_87bba6c4,23384,23770
44b6_87bba6c4,23385,23743
44b6_87bba6c4,23386,23792
44b6_87bba6c4,23387,23774
44b6_87bba6c4,23388,23766
44b6_87bba6c4,23389,23820
44b6_87bba6c4,23390,23825
44b6_87bba6c4,23391,23794
44b6_87bba6c4,23392,23745
44b6_87bba6c4,23393,23801
44b6_87bba6c4,23394,23795
44b6_87bba6c4,23395,23760
44b6_87bba6c4,23396,23805
44b6_87bba6c4,23397,23806
44b6_87bba6c4,23398,23768
44b6_87bba6c4,23399,23842
44b6_87bba6c4,23400,23782
44b6_87bba6c4,23401,23817
44b6_87bba6c4,23402,23756
44b6_87bba6c4,23403,23762
44b6_87bba6c4,23404,23818
44b6_87bba6c4,23405,23819
44b6_87bba6c4,23406,23812
44b6_87bba6c4,23407,23790
44b6_87bba6c4,23408,23779
44b6_87bba6c4,23409,23851
44b6_87bba6c4,23410,23829
44b6_87bba6c4,23411,23777
44b6_87bba6c4,23412,23784
44b6_87bba6c4,23413,23845
44b6_87bba6c4,23414,23798
44b6_87bba6c4,23415,23872
44b6_87bba6c4,23416,23840
44b6_87bba6c4,23418,23791
44b6_87bba6c4,23419,23796
44b6_87bba6c4,23420,23759
44b6_87bba6c4,23421,23816
44b6_87bba6c4,23422,23781
44b6_87bba6c4,23423,23839
44b6_87bba6c4,23424,23802
44b6_87bba6c4,23425,23793
44b6_87bba6c4,23426,23835
44b6_87bba6c4,23427,23849
44b6_87bba6c4,23428,23785
44b6_87bba6c4,23429,23826
44b6_87bba6c4,23431,23815
44b6_87bba6c4,23432,23896
44b6_87bba6c4,23433,23814
44b6_87bba6c4,23434,23869
44b6_87bba6c4,23435,23771
44b6_87bba6c4,23436,23877
44b6_87bba6c4,23437,23821
44b6_87bba6c4,23438,23813
44b6_87bba6c4,23439,23831
44b6_87bba6c4,23441,23841
44b6_87bba6c4,23442,23857
44b6_87bba6c4,23443,23830
44b6_87bba6c4,23444,23907
44b6_87bba6c4,23445,23755
44b6_87bba6c4,23446,23808
44b6_87bba6c4,23447,23811
44b6_87bba6c4,23448,23800
44b6_87bba6c4,23449,23853
44b6_87bba6c4,23450,23837
44b6_87bba6c4,23451,23748
44b6_87bba6c4,23452,23847
44b6_87bba6c4,23453,23923
44b6_87bba6c4,23454,23884
44b6_87bba6c4,23455,23882
44b6_87bba6c4,23456,23879
44b6_87bba6c4,23457,23769
44b6_87bba6c4,23458,23902
44b6_87bba6c4,23459,23894
44b6_87bba6c4,23460,23827
44b6_87bba6c4,23461,23799
44b6_87bba6c4,23462,23844
44b6_87bba6c4,23463,23913
44b6_87bba6c4,23464,23778
44b6_87bba6c4,23465,23963
44b6_87bba6c4,23466,23912
44b6_87bba6c4,23467,23873
44b6_87bba6c4,23468,23836
44b6_87bba6c4,23469,23828
44b6_87bba6c4,23470,23957
44b6_87bba6c4,23472,23898
44b6_87bba6c4,23473,23843
44b6_87bba6c4,23474,23807
44b6_87bba6c4,23475,23862
44b6_87bba6c4,23476,23854
44b6_87bba6c4,23477,23852
44b6_87bba6c4,23478,23885
44b6_87bba6c4,23479,23906
44b6_87bba6c4,23480,23863
44b6_87bba6c4,23481,23921
44b6_87bba6c4,23482,23883
44b6_87bba6c4,23483,23838
44b6_87bba6c4,23484,23823
44b6_87bba6c4,23485,23810
44b6_87bba6c4,23487,23834
44b6_87bba6c4,23488,23865
44b6_87bba6c4,23489,23824
44b6_87bba6c4,23490,23925
44b6_87bba6c4,23491,23888
44b6_87bba6c4,23492,23878
44b6_87bba6c4,23493,23930
44b6_87bba6c4,23494,24115
44b6_87bba6c4,23495,23763
44b6_87bba6c4,23496,24008
44b6_87bba6c4,23498,23846
44b6_87bba6c4,23499,23864
44b6_87bba6c4,23500,23870
44b6_87bba6c4,23501,23972
44b6_87bba6c4,23502,23988
44b6_87bba6c4,23503,23891
44b6_87bba6c4,23504,23866
44b6_87bba6c4,23505,23874
44b6_87bba6c4,23506,23928
44b6_87bba6c4,23507,23949
44b6_87bba6c4,23508,23904
44b6_87bba6c4,23509,23880
44b6_87bba6c4,23510,23952
44b6_87bba6c4,23511,23929
44b6_87bba6c4,23512,23833
44b6_87bba6c4,23514,23860
44b6_87bba6c4,23515,23871
44b6_87bba6c4,23516,23858
44b6_87bba6c4,23517,23918
44b6_87bba6c4,23518,23822
44b6_87bba6c4,23519,23809
44b6_87bba6c4,23520,23900
44b6_87bba6c4,23521,23859
44b6_87bba6c4,23522,23909
44b6_87bba6c4,23523,23975
44b6_87bba6c4,23524,23903
44b6_87bba6c4,23525,23899
44b6_87bba6c4,23526,23875
44b6_87bba6c4,23527,24003
44b6_87bba6c4,23528,23868
44b6_87bba6c4,23529,23892
44b6_87bba6c4,23530,23867
44b6_87bba6c4,23533,23895
44b6_87bba6c4,23534,23935
44b6_87bba6c4,23536,23910
44b6_87bba6c4,23537,23980
44b6_87bba6c4,23538,23893
44b6_87bba6c4,23539,23951
44b6_87bba6c4,23540,23915
44b6_87bba6c4,23541,24069
44b6_87bba6c4,23543,23905
44b6_87bba6c4,23544,23936
44b6_87bba6c4,23545,23961
44b6_87bba6c4,23546,23848
44b6_87bba6c4,23547,23911
44b6_87bba6c4,23548,23969
44b6_87bba6c4,23549,23978
44b6_87bba6c4,23550,23938
44b6_87bba6c4,23551,24039
44b6_87bba6c4,23552,23953
44b6_87bba6c4,23553,23941
44b6_87bba6c4,23554,23956
44b6_87bba6c4,23555,24120
44b6_87bba6c4,23556,23981
44b6_87bba6c4,23557,23901
44b6_87bba6c4,23558,23890
44b6_87bba6c4,23559,23987
44b6_87bba6c4,23560,23876
44b6_87bba6c4,23561,23855
44b6_87bba6c4,23562,24001
44b6_87bba6c4,23563,23979
44b6_87bba6c4,23564,23960
44b6_87bba6c4,23565,23968
44b6_87bba6c4,23566,24020
44b6_87bba6c4,23567,24035
44b6_87bba6c4,23568,23948
44b6_87bba6c4,23569,23994
44b6_87bba6c4,23570,24019
44b6_87bba6c4,23571,23916
44b6_87bba6c4,23572,23944
44b6_87bba6c4,23574,23946
44b6_87bba6c4,23575,23997
44b6_87bba6c4,23577,24029
44b6_87bba6c4,23578,23939
44b6_87bba6c4,23579,23973
44b6_87bba6c4,23580,23996
44b6_87bba6c4,23581,23926
44b6_87bba6c4,23582,23971
44b6_87bba6c4,23583,23924
44b6_87bba6c4,23584,23993
44b6_87bba6c4,23585,24000
44b6_87bba6c4,23586,23908
44b6_87bba6c4,23587,23990
44b6_87bba6c4,23588,23964
44b6_87bba6c4,23589,23962
44b6_87bba6c4,23590,23856
44b6_87bba6c4,23591,23970
44b6_87bba6c4,23592,23932
44b6_87bba6c4,23593,24086
44b6_87bba6c4,23594,24031
44b6_87bba6c4,23595,23934
44b6_87bba6c4,23596,23974
44b6_87bba6c4,23597,23998
44b6_87bba6c4,23598,23977
44b6_87bba6c4,23599,23937
44b6_87bba6c4,23600,24037
44b6_87bba6c4,23601,24007
44b6_87bba6c4,23602,23920
44b6_87bba6c4,23603,24090
44b6_87bba6c4,23604,23922
44b6_87bba6c4,23605,23931
44b6_87bba6c4,23606,23942
44b6_87bba6c4,23607,23947
44b6_87bba6c4,23608,23965
44b6_87bba6c4,23609,24010
44b6_87bba6c4,23611,24064
44b6_87bba6c4,23612,23984
44b6_87bba6c4,23613,23927
44b6_87bba6c4,23614,24042
44b6_87bba6c4,23615,24045
44b6_87bba6c4,23616,23950
44b6_87bba6c4,23617,23919
44b6_87bba6c4,23618,24040
44b6_87bba6c4,23619,23954
44b6_87bba6c4,23620,24065
44b6_87bba6c4,23621,23986
44b6_87bba6c4,23622,24026
44b6_87bba6c4,23623,24104
44b6_87bba6c4,23624,23991
44b6_87bba6c4,23625,24054
44b6_87bba6c4,23626,24102
44b6_87bba6c4,23628,23995
44b6_87bba6c4,23630,24092
44b6_87bba6c4,23631,24002
44b6_87bba6c4,23632,24043
44b6_87bba6c4,23633,24016
44b6_87bba6c4,23634,24070
44b6_87bba6c4,23635,24103
44b6_87bba6c4,23636,24085
44b6_87bba6c4,23637,23945
44b6_87bba6c4,23638,24047
44b6_87bba6c4,23639,23886
44b6_87bba6c4,23640,23958
44b6_87bba6c4,23641,24027
44b6_87bba6c4,23644,24051
44b6_87bba6c4,23647,24059
44b6_87bba6c4,23649,24095
44b6_87bba6c4,23651,24118
44b6_87bba6c4,23653,24052
44b6_87bba6c4,23654,24077
44b6_87bba6c4,23655,24023
44b6_87bba6c4,23656,24087
44b6_87bba6c4,23657,23982
44b6_87bba6c4,23658,24061
44b6_87bba6c4,23660,24079
44b6_87bba6c4,23661,24055
44b6_87bba6c4,23662,24084
44b6_87bba6c4,23663,24024
44b6_87bba6c4,23664,24014
44b6_87bba6c4,23666,24113
44b6_87bba6c4,23667,24098
44b6_87bba6c4,23669,24053
44b6_87bba6c4,23671,24013
44b6_87bba6c4,23672,24046
44b6_87bba6c4,23673,24015
44b6_87bba6c4,23675,24004
44b6_87bba6c4,23676,24018
44b6_87bba6c4,23677,24041
44b6_87bba6c4,23680,24078
44b6_87bba6c4,23684,24088
44b6_87bba6c4,23685,24093
44b6_87bba6c4,23686,24048
44b6_87bba6c4,23687,24056
44b6_87bba6c4,23692,24057
44b6_87bba6c4,23699,24107
44b6_87bba6c4,23700,24006
44b6_87bba6c4,23701,24106
44b6_87bba6c4,23703,24074
44b6_87bba6c4,23704,24068
44b6_87bba6c4,23706,24114
44b6_87bba6c4,23707,24081
44b6_87bba6c4,23708,24062
44b6_87bba6c4,23709,24063
44b6_87bba6c4,23710,24125
44b6_87bba6c4,23713,24100
44b6_87bba6c4,23714,24089
44b6_87bba6c4,23715,24109
44b6_87bba6c4,23718,24066
44b6_87bba6c4,23719,24119
44b6_87bba6c4,23720,24091
44b6_87bba6c4,23721,24110
44b6_87bba6c4,23724,24101
44b6_87bba6c4,23725,23933
44b6_87bba6c4,23732,24124
44b6_87bba6c4,23735,24127
44b6_87bba6c4,23736,24214
44b6_87bba6c4,23737,24129
44b6_87bba6c4,23738,24159
44b6_87bba6c4,23739,24145
44b6_87bba6c4,23740,24128
44b6_87bba6c4,23741,24149
44b6_87bba6c4,23742,24139
44b6_87bba6c4,23743,24132
44b6_87bba6c4,23744,24162
44b6_87bba6c4,23745,24133
44b6_87bba6c4,23746,24146
44b6_87bba6c4,23747,24186
44b6_87bba6c4,23748,24141
44b6_87bba6c4,23749,24136
44b6_87bba6c4,23750,24138
44b6_87bba6c4,23751,24155
44b6_87bba6c4,23752,24158
44b6_87bba6c4,23753,24171
44b6_87bba6c4,23754,24140
44b6_87bba6c4,23755,24187
44b6_87bba6c4,23756,24142
44b6_87bba6c4,23757,24176
44b6_87bba6c4,23758,24154
44b6_87bba6c4,23759,24135
44b6_87bba6c4,23760,24168
44b6_87bba6c4,23761,24174
44b6_87bba6c4,23762,24143
44b6_87bba6c4,23763,24274
44b6_87bba6c4,23764,24169
44b6_87bba6c4,23765,24172
44b6_87bba6c4,23766,24137
44b6_87bba6c4,23767,24152
44b6_87bba6c4,23768,24151
44b6_87bba6c4,23769,24233
44b6_87bba6c4,23770,24170
44b6_87bba6c4,23771,24184
44b6_87bba6c4,23772,24204
44b6_87bba6c4,23773,24130
44b6_87bba6c4,23774,24153
44b6_87bba6c4,23775,24175
44b6_87bba6c4,23776,24147
44b6_87bba6c4,23777,24148
44b6_87bba6c4,23778,24182
44b6_87bba6c4,23779,24161
44b6_87bba6c4,23780,24150
44b6_87bba6c4,23781,24165
44b6_87bba6c4,23782,24207
44b6_87bba6c4,23783,24166
44b6_87bba6c4,23784,24163
44b6_87bba6c4,23785,24156
44b6_87bba6c4,23786,24212
44b6_87bba6c4,23787,24292
44b6_87bba6c4,23788,24226
44b6_87bba6c4,23789,24144
44b6_87bba6c4,23790,24157
44b6_87bba6c4,23791,24190
44b6_87bba6c4,23792,24252
44b6_87bba6c4,23793,24205
44b6_87bba6c4,23794,24189
44b6_87bba6c4,23795,24167
44b6_87bba6c4,23796,24185
44b6_87bba6c4,23797,24202
44b6_87bba6c4,23799,24225
44b6_87bba6c4,23801,24134
44b6_87bba6c4,23802,24254
44b6_87bba6c4,23803,24238
44b6_87bba6c4,23804,24160
44b6_87bba6c4,23805,24179
44b6_87bba6c4,23806,24200
44b6_87bba6c4,23807,24250
44b6_87bba6c4,23809,24224
44b6_87bba6c4,23810,24192
44b6_87bba6c4,23811,24199
44b6_87bba6c4,23812,24209
44b6_87bba6c4,23813,24181
44b6_87bba6c4,23814,24210
44b6_87bba6c4,23815,24219
44b6_87bba6c4,23816,24285
44b6_87bba6c4,23817,24193
44b6_87bba6c4,23818,24266
44b6_87bba6c4,23819,24197
44b6_87bba6c4,23820,24251
44b6_87bba6c4,23821,24281
44b6_87bba6c4,23822,24294
44b6_87bba6c4,23823,24293
44b6_87bba6c4,23824,24222
44b6_87bba6c4,23825,24284
44b6_87bba6c4,23826,24230
44b6_87bba6c4,23827,24234
44b6_87bba6c4,23828,24269
44b6_87bba6c4,23829,24296
44b6_87bba6c4,23830,24289
44b6_87bba6c4,23831,24242
44b6_87bba6c4,23833,24191
44b6_87bba6c4,23834,24217
44b6_87bba6c4,23835,24229
44b6_87bba6c4,23837,24246
44b6_87bba6c4,23839,24198
44b6_87bba6c4,23840,24232
44b6_87bba6c4,23842,24258
44b6_87bba6c4,23843,24178
44b6_87bba6c4,23844,24368
44b6_87bba6c4,23845,24477
44b6_87bba6c4,23846,24215
44b6_87bba6c4,23847,24208
44b6_87bba6c4,23848,24280
44b6_87bba6c4,23849,24216
44b6_87bba6c4,23851,24131
44b6_87bba6c4,23852,24206
44b6_87bba6c4,23853,24255
44b6_87bba6c4,23854,24332
44b6_87bba6c4,23856,24366
44b6_87bba6c4,23857,24195
44b6_87bba6c4,23858,24248
44b6_87bba6c4,23859,24317
44b6_87bba6c4,23861,24180
44b6_87bba6c4,23862,24235
44b6_87bba6c4,23863,24240
44b6_87bba6c4,23864,24261
44b6_87bba6c4,23865,24318
44b6_87bba6c4,23866,24188
44b6_87bba6c4,23867,24259
44b6_87bba6c4,23868,24183
44b6_87bba6c4,23870,24272
44b6_87bba6c4,23871,24393
44b6_87bba6c4,23872,24335
44b6_87bba6c4,23873,24356
44b6_87bba6c4,23874,24244
44b6_87bba6c4,23875,24203
44b6_87bba6c4,23876,24379
44b6_87bba6c4,23877,24315
44b6_87bba6c4,23878,24278
44b6_87bba6c4,23879,24211
44b6_87bba6c4,23880,24329
44b6_87bba6c4,23881,24263
44b6_87bba6c4,23883,24243
44b6_87bba6c4,23884,24369
44b6_87bba6c4,23885,24312
44b6_87bba6c4,23886,24303
44b6_87bba6c4,23888,24287
44b6_87bba6c4,23890,24257
44b6_87bba6c4,23891,24299
44b6_87bba6c4,23892,24262
44b6_87bba6c4,23893,24270
44b6_87bba6c4,23895,24311
44b6_87bba6c4,23896,24236
44b6_87bba6c4,23899,24322
44b6_87bba6c4,23900,24306
44b6_87bba6c4,23901,24330
44b6_87bba6c4,23902,24249
44b6_87bba6c4,23903,24348
44b6_87bba6c4,23904,24363
44b6_87bba6c4,23905,24309
44b6_87bba6c4,23906,24304
44b6_87bba6c4,23907,24295
44b6_87bba6c4,23908,24220
44b6_87bba6c4,23909,24327
44b6_87bba6c4,23911,24340
44b6_87bba6c4,23912,24245
44b6_87bba6c4,23913,24276
44b6_87bba6c4,23914,24433
44b6_87bba6c4,23915,24247
44b6_87bba6c4,23916,24407
44b6_87bba6c4,23917,24286
44b6_87bba6c4,23918,24231
44b6_87bba6c4,23919,24282
44b6_87bba6c4,23921,24380
44b6_87bba6c4,23922,24320
44b6_87bba6c4,23923,24237
44b6_87bba6c4,23924,24241
44b6_87bba6c4,23925,24253
44b6_87bba6c4,23926,24346
44b6_87bba6c4,23927,24377
44b6_87bba6c4,23928,24367
44b6_87bba6c4,23929,24283
44b6_87bba6c4,23930,24302
44b6_87bba6c4,23931,24342
44b6_87bba6c4,23932,24350
44b6_87bba6c4,23934,24291
44b6_87bba6c4,23935,24376
44b6_87bba6c4,23936,24265
44b6_87bba6c4,23937,24404
44b6_87bba6c4,23938,24275
44b6_87bba6c4,23939,24344
44b6_87bba6c4,23940,24260
44b6_87bba6c4,23941,24371
44b6_87bba6c4,23942,24420
44b6_87bba6c4,23944,24218
44b6_87bba6c4,23946,24316
44b6_87bba6c4,23949,24300
44b6_87bba6c4,23950,24422
44b6_87bba6c4,23951,24347
44b6_87bba6c4,23952,24321
44b6_87bba6c4,23953,24352
44b6_87bba6c4,23954,24387
44b6_87bba6c4,23956,24279
44b6_87bba6c4,23957,24256
44b6_87bba6c4,23958,24339
44b6_87bba6c4,23960,24331
44b6_87bba6c4,23962,24463
44b6_87bba6c4,23964,24402
44b6_87bba6c4,23965,24345
44b6_87bba6c4,23966,24239
44b6_87bba6c4,23967,24386
44b6_87bba6c4,23968,24290
44b6_87bba6c4,23969,24385
44b6_87bba6c4,23970,24360
44b6_87bba6c4,23971,24378
44b6_87bba6c4,23972,24405
44b6_87bba6c4,23974,24440
44b6_87bba6c4,23975,24333
44b6_87bba6c4,23976,24267
44b6_87bba6c4,23979,24297
44b6_87bba6c4,23980,24454
44b6_87bba6c4,23981,24435
44b6_87bba6c4,23982,24343
44b6_87bba6c4,23983,24453
44b6_87bba6c4,23984,24419
44b6_87bba6c4,23985,24365
44b6_87bba6c4,23986,24468
44b6_87bba6c4,23988,24341
44b6_87bba6c4,23989,24337
44b6_87bba6c4,23990,24334
44b6_87bba6c4,23993,24336
44b6_87bba6c4,23994,24484
44b6_87bba6c4,23995,24349
44b6_87bba6c4,23996,24392
44b6_87bba6c4,23997,24487
44b6_87bba6c4,23998,24444
44b6_87bba6c4,23999,24389
44b6_87bba6c4,24000,24357
44b6_87bba6c4,24001,24424
44b6_87bba6c4,24002,24458
44b6_87bba6c4,24003,24313
44b6_87bba6c4,24010,24460
44b6_87bba6c4,24011,24421
44b6_87bba6c4,24013,24361
44b6_87bba6c4,24014,24426
44b6_87bba6c4,24015,24323
44b6_87bba6c4,24016,24388
44b6_87bba6c4,24018,24464
44b6_87bba6c4,24020,24375
44b6_87bba6c4,24021,24432
44b6_87bba6c4,24024,24415
44b6_87bba6c4,24025,24485
44b6_87bba6c4,24026,24445
44b6_87bba6c4,24029,24430
44b6_87bba6c4,24030,24399
44b6_87bba6c4,24031,24358
44b6_87bba6c4,24032,24374
44b6_87bba6c4,24033,24411
44b6_87bba6c4,24034,24314
44b6_87bba6c4,24035,24452
44b6_87bba6c4,24037,24401
44b6_87bba6c4,24038,24438
44b6_87bba6c4,24039,24427
44b6_87bba6c4,24041,24395
44b6_87bba6c4,24043,24425
44b6_87bba6c4,24044,24408
44b6_87bba6c4,24046,24403
44b6_87bba6c4,24047,24428
44b6_87bba6c4,24048,24439
44b6_87bba6c4,24049,24390
44b6_87bba6c4,24052,24455
44b6_87bba6c4,24053,24480
44b6_87bba6c4,24054,24370
44b6_87bba6c4,24055,24462
44b6_87bba6c4,24056,24517
44b6_87bba6c4,24057,24483
44b6_87bba6c4,24059,24423
44b6_87bba6c4,24061,24443
44b6_87bba6c4,24062,24461
44b6_87bba6c4,24063,24446
44b6_87bba6c4,24064,24457
44b6_87bba6c4,24065,24410
44b6_87bba6c4,24066,24409
44b6_87bba6c4,24068,24490
44b6_87bba6c4,24069,24506
44b6_87bba6c4,24070,24469
44b6_87bba6c4,24071,24471
44b6_87bba6c4,24074,24353
44b6_87bba6c4,24078,24412
44b6_87bba6c4,24079,24467
44b6_87bba6c4,24081,24502
44b6_87bba6c4,24082,24481
44b6_87bba6c4,24084,24520
44b6_87bba6c4,24085,24381
44b6_87bba6c4,24089,24417
44b6_87bba6c4,24090,24515
44b6_87bba6c4,24093,24516
44b6_87bba6c4,24096,24475
44b6_87bba6c4,24098,24497
44b6_87bba6c4,24103,24514
44b6_87bba6c4,24104,24503
44b6_87bba6c4,24107,24437
44b6_87bba6c4,24112,24465
44b6_87bba6c4,24114,24496
44b6_87bba6c4,24119,24501
44b6_87bba6c4,24121,24494
44b6_87bba6c4,24124,24500
44b6_87bba6c4,24125,24479
44b6_87bba6c4,24127,24521
44b6_87bba6c4,24128,24523
44b6_87bba6c4,24129,24543
44b6_87bba6c4,24130,24693
44b6_87bba6c4,24131,24524
44b6_87bba6c4,24132,24528
44b6_87bba6c4,24133,24535
44b6_87bba6c4,24134,24606
44b6_87bba6c4,24135,24562
44b6_87bba6c4,24136,24536
44b6_87bba6c4,24137,24522
44b6_87bba6c4,24138,24533
44b6_87bba6c4,24139,24527
44b6_87bba6c4,24140,24568
44b6_87bba6c4,24141,24529
44b6_87bba6c4,24142,24539
44b6_87bba6c4,24143,24546
44b6_87bba6c4,24144,24544
44b6_87bba6c4,24145,24537
44b6_87bba6c4,24146,24526
44b6_87bba6c4,24147,24538
44b6_87bba6c4,24148,24532
44b6_87bba6c4,24149,24566
44b6_87bba6c4,24150,24540
44b6_87bba6c4,24151,24531
44b6_87bba6c4,24152,24541
44b6_87bba6c4,24153,24563
44b6_87bba6c4,24154,24556
44b6_87bba6c4,24155,24534
44b6_87bba6c4,24156,24582
44b6_87bba6c4,24157,24552
44b6_87bba6c4,24158,24542
44b6_87bba6c4,24159,24564
44b6_87bba6c4,24160,24559
44b6_87bba6c4,24161,24579
44b6_87bba6c4,24162,24602
44b6_87bba6c4,24163,24659
44b6_87bba6c4,24164,24589
44b6_87bba6c4,24165,24554
44b6_87bba6c4,24166,24619
44b6_87bba6c4,24167,24569
44b6_87bba6c4,24168,24592
44b6_87bba6c4,24169,24581
44b6_87bba6c4,24170,24580
44b6_87bba6c4,24171,24550
44b6_87bba6c4,24172,24558
44b6_87bba6c4,24173,24548
44b6_87bba6c4,24174,24586
44b6_87bba6c4,24175,24555
44b6_87bba6c4,24176,24525
44b6_87bba6c4,24177,24618
44b6_87bba6c4,24178,24587
44b6_87bba6c4,24179,24547
44b6_87bba6c4,24180,24574
44b6_87bba6c4,24181,24557
44b6_87bba6c4,24182,24585
44b6_87bba6c4,24183,24721
44b6_87bba6c4,24184,24611
44b6_87bba6c4,24186,24551
44b6_87bba6c4,24187,24560
44b6_87bba6c4,24188,24628
44b6_87bba6c4,24189,24584
44b6_87bba6c4,24190,24571
44b6_87bba6c4,24191,24647
44b6_87bba6c4,24192,24567
44b6_87bba6c4,24193,24707
44b6_87bba6c4,24194,24545
44b6_87bba6c4,24195,24593
44b6_87bba6c4,24196,24610
44b6_87bba6c4,24197,24608
44b6_87bba6c4,24198,24590
44b6_87bba6c4,24199,24570
44b6_87bba6c4,24200,24657
44b6_87bba6c4,24202,24576
44b6_87bba6c4,24203,24575
44b6_87bba6c4,24205,24572
44b6_87bba6c4,24206,24612
44b6_87bba6c4,24207,24635
44b6_87bba6c4,24208,24600
44b6_87bba6c4,24209,24577
44b6_87bba6c4,24210,24698
44b6_87bba6c4,24211,24601
44b6_87bba6c4,24212,24594
44b6_87bba6c4,24213,24605
44b6_87bba6c4,24214,24744
44b6_87bba6c4,24215,24701
44b6_87bba6c4,24216,24636
44b6_87bba6c4,24217,24629
44b6_87bba6c4,24220,24620
44b6_87bba6c4,24221,24588
44b6_87bba6c4,24225,24621
44b6_87bba6c4,24226,24603
44b6_87bba6c4,24228,24616
44b6_87bba6c4,24229,24685
44b6_87bba6c4,24230,24677
44b6_87bba6c4,24231,24638
44b6_87bba6c4,24232,24553
44b6_87bba6c4,24233,24763
44b6_87bba6c4,24234,24641
44b6_87bba6c4,24235,24578
44b6_87bba6c4,24236,24663
44b6_87bba6c4,24237,24643
44b6_87bba6c4,24238,24596
44b6_87bba6c4,24239,24613
44b6_87bba6c4,24240,24633
44b6_87bba6c4,24241,24597
44b6_87bba6c4,24243,24653
44b6_87bba6c4,24244,24786
44b6_87bba6c4,24246,24666
44b6_87bba6c4,24247,24614
44b6_87bba6c4,24248,24694
44b6_87bba6c4,24249,24625
44b6_87bba6c4,24250,24634
44b6_87bba6c4,24251,24660
44b6_87bba6c4,24252,24652
44b6_87bba6c4,24253,24639
44b6_87bba6c4,24254,24622
44b6_87bba6c4,24255,24684
44b6_87bba6c4,24256,24678
44b6_87bba6c4,24257,24680
44b6_87bba6c4,24259,24637
44b6_87bba6c4,24260,24599
44b6_87bba6c4,24262,24668
44b6_87bba6c4,24263,24650
44b6_87bba6c4,24264,24711
44b6_87bba6c4,24265,24573
44b6_87bba6c4,24266,24667
44b6_87bba6c4,24267,24630
44b6_87bba6c4,24268,24649
44b6_87bba6c4,24269,24675
44b6_87bba6c4,24270,24719
44b6_87bba6c4,24271,24688
44b6_87bba6c4,24272,24674
44b6_87bba6c4,24274,24561
44b6_87bba6c4,24275,24715
44b6_87bba6c4,24277,24700
44b6_87bba6c4,24278,24727
44b6_87bba6c4,24279,24651
44b6_87bba6c4,24280,24687
44b6_87bba6c4,24281,24736
44b6_87bba6c4,24282,24713
44b6_87bba6c4,24283,24683
44b6_87bba6c4,24285,24810
44b6_87bba6c4,24287,24655
44b6_87bba6c4,24290,24696
44b6_87bba6c4,24291,24626
44b6_87bba6c4,24292,24624
44b6_87bba6c4,24293,24640
44b6_87bba6c4,24294,24681
44b6_87bba6c4,24295,24646
44b6_87bba6c4,24296,24689
44b6_87bba6c4,24297,24604
44b6_87bba6c4,24298,24658
44b6_87bba6c4,24301,24645
44b6_87bba6c4,24302,24609
44b6_87bba6c4,24303,24724
44b6_87bba6c4,24304,24710
44b6_87bba6c4,24306,24695
44b6_87bba6c4,24308,24812
44b6_87bba6c4,24309,24794
44b6_87bba6c4,24311,24662
44b6_87bba6c4,24312,24583
44b6_87bba6c4,24313,24718
44b6_87bba6c4,24314,24778
44b6_87bba6c4,24315,24762
44b6_87bba6c4,24316,24742
44b6_87bba6c4,24317,24671
44b6_87bba6c4,24318,24623
44b6_87bba6c4,24319,24726
44b6_87bba6c4,24320,24661
44b6_87bba6c4,24321,24627
44b6_87bba6c4,24322,24795
44b6_87bba6c4,24323,24670
44b6_87bba6c4,24324,24746
44b6_87bba6c4,24327,24665
44b6_87bba6c4,24328,24728
44b6_87bba6c4,24329,24669
44b6_87bba6c4,24330,24758
44b6_87bba6c4,24331,24714
44b6_87bba6c4,24332,24672
44b6_87bba6c4,24333,24679
44b6_87bba6c4,24334,24751
44b6_87bba6c4,24335,24754
44b6_87bba6c4,24337,24729
44b6_87bba6c4,24339,24709
44b6_87bba6c4,24340,24686
44b6_87bba6c4,24342,24791
44b6_87bba6c4,24343,24705
44b6_87bba6c4,24345,24615
44b6_87bba6c4,24346,24775
44b6_87bba6c4,24347,24682
44b6_87bba6c4,24348,24631
44b6_87bba6c4,24349,24745
44b6_87bba6c4,24350,24740
44b6_87bba6c4,24351,24656
44b6_87bba6c4,24352,24741
44b6_87bba6c4,24353,24738
44b6_87bba6c4,24355,24749
44b6_87bba6c4,24356,24712
44b6_87bba6c4,24357,24702
44b6_87bba6c4,24358,24706
44b6_87bba6c4,24359,24697
44b6_87bba6c4,24360,24691
44b6_87bba6c4,24361,24690
44b6_87bba6c4,24363,24816
44b6_87bba6c4,24364,24796
44b6_87bba6c4,24365,24703
44b6_87bba6c4,24366,24617
44b6_87bba6c4,24368,24734
44b6_87bba6c4,24370,24756
44b6_87bba6c4,24371,24716
44b6_87bba6c4,24372,24591
44b6_87bba6c4,24373,24866
44b6_87bba6c4,24374,24732
44b6_87bba6c4,24377,24815
44b6_87bba6c4,24378,24692
44b6_87bba6c4,24379,24723
44b6_87bba6c4,24380,24760
44b6_87bba6c4,24381,24759
44b6_87bba6c4,24383,24828
44b6_87bba6c4,24384,24720
44b6_87bba6c4,24385,24839
44b6_87bba6c4,24386,24838
44b6_87bba6c4,24388,24747
44b6_87bba6c4,24389,24784
44b6_87bba6c4,24390,24717
44b6_87bba6c4,24391,24722
44b6_87bba6c4,24392,24848
44b6_87bba6c4,24393,24773
44b6_87bba6c4,24394,24785
44b6_87bba6c4,24395,24809
44b6_87bba6c4,24396,24790
44b6_87bba6c4,24397,24648
44b6_87bba6c4,24401,24598
44b6_87bba6c4,24402,24861
44b6_87bba6c4,24403,24774
44b6_87bba6c4,24404,24699
44b6_87bba6c4,24406,24750
44b6_87bba6c4,24407,24844
44b6_87bba6c4,24408,24757
44b6_87bba6c4,24410,24799
44b6_87bba6c4,24411,24798
44b6_87bba6c4,24412,24797
44b6_87bba6c4,24413,24739
44b6_87bba6c4,24414,24808
44b6_87bba6c4,24415,24881
44b6_87bba6c4,24416,24761
44b6_87bba6c4,24417,24765
44b6_87bba6c4,24418,24704
44b6_87bba6c4,24420,24849
44b6_87bba6c4,24421,24779
44b6_87bba6c4,24422,24898
44b6_87bba6c4,24424,24748
44b6_87bba6c4,24425,24770
44b6_87bba6c4,24426,24824
44b6_87bba6c4,24427,24776
44b6_87bba6c4,24428,24772
44b6_87bba6c4,24429,24781
44b6_87bba6c4,24431,24788
44b6_87bba6c4,24432,24766
44b6_87bba6c4,24433,24789
44b6_87bba6c4,24435,24793
44b6_87bba6c4,24437,24725
44b6_87bba6c4,24438,24813
44b6_87bba6c4,24439,24822
44b6_87bba6c4,24440,24730
44b6_87bba6c4,24443,24801
44b6_87bba6c4,24445,24780
44b6_87bba6c4,24446,24737
44b6_87bba6c4,24449,24834
44b6_87bba6c4,24452,24859
44b6_87bba6c4,24455,24876
44b6_87bba6c4,24456,24831
44b6_87bba6c4,24458,24733
44b6_87bba6c4,24460,24835
44b6_87bba6c4,24462,24783
44b6_87bba6c4,24464,24886
44b6_87bba6c4,24468,24832
44b6_87bba6c4,24469,24800
44b6_87bba6c4,24474,24829
44b6_87bba6c4,24475,24811
44b6_87bba6c4,24478,24792
44b6_87bba6c4,24481,24842
44b6_87bba6c4,24482,24825
44b6_87bba6c4,24483,24833
44b6_87bba6c4,24485,24826
44b6_87bba6c4,24487,24855
44b6_87bba6c4,24490,24830
44b6_87bba6c4,24491,24850
44b6_87bba6c4,24492,24860
44b6_87bba6c4,24493,24843
44b6_87bba6c4,24496,24879
44b6_87bba6c4,24497,24856
44b6_87bba6c4,24498,24890
44b6_87bba6c4,24499,24871
44b6_87bba6c4,24500,24868
44b6_87bba6c4,24501,24862
44b6_87bba6c4,24503,24889
44b6_87bba6c4,24505,24806
44b6_87bba6c4,24506,24888
44b6_87bba6c4,24512,24893
44b6_87bba6c4,24515,24807
44b6_87bba6c4,24518,24867
44b6_87bba6c4,24521,24899
44b6_87bba6c4,24522,24901
44b6_87bba6c4,24523,24927
44b6_87bba6c4,24524,24903
44b6_87bba6c4,24525,24926
44b6_87bba6c4,24526,24905
44b6_87bba6c4,24527,24910
44b6_87bba6c4,24528,24933
44b6_87bba6c4,24529,24915
44b6_87bba6c4,24530,24987
44b6_87bba6c4,24531,24900
44b6_87bba6c4,24532,24909
44b6_87bba6c4,24533,24942
44b6_87bba6c4,24534,24935
44b6_87bba6c4,24535,24907
44b6_87bba6c4,24536,24912
44b6_87bba6c4,24537,24904
44b6_87bba6c4,24538,24914
44b6_87bba6c4,24539,24906
44b6_87bba6c4,24540,24916
44b6_87bba6c4,24541,24920
44b6_87bba6c4,24542,24911
44b6_87bba6c4,24543,24932
44b6_87bba6c4,24544,24943
44b6_87bba6c4,24545,24917
44b6_87bba6c4,24546,24946
44b6_87bba6c4,24547,24941
44b6_87bba6c4,24548,24902
44b6_87bba6c4,24549,24944
44b6_87bba6c4,24550,24924
44b6_87bba6c4,24551,24918
44b6_87bba6c4,24552,24922
44b6_87bba6c4,24553,24928
44b6_87bba6c4,24554,24934
44b6_87bba6c4,24555,24930
44b6_87bba6c4,24556,24923
44b6_87bba6c4,24557,24945
44b6_87bba6c4,24558,24973
44b6_87bba6c4,24559,24908
44b6_87bba6c4,24561,24956
44b6_87bba6c4,24562,24925
44b6_87bba6c4,24563,24921
44b6_87bba6c4,24565,24913
44b6_87bba6c4,24566,24960
44b6_87bba6c4,24567,24949
44b6_87bba6c4,24568,24951
44b6_87bba6c4,24569,24952
44b6_87bba6c4,24570,24948
44b6_87bba6c4,24571,24929
44b6_87bba6c4,24572,24974
44b6_87bba6c4,24573,24953
44b6_87bba6c4,24574,25063
44b6_87bba6c4,24575,24958
44b6_87bba6c4,24576,25000
44b6_87bba6c4,24577,25008
44b6_87bba6c4,24578,24982
44b6_87bba6c4,24579,24940
44b6_87bba6c4,24580,24936
44b6_87bba6c4,24581,24939
44b6_87bba6c4,24582,24931
44b6_87bba6c4,24583,24962
44b6_87bba6c4,24584,25052
44b6_87bba6c4,24585,25014
44b6_87bba6c4,24586,24955
44b6_87bba6c4,24589,24994
44b6_87bba6c4,24590,25017
44b6_87bba6c4,24591,24965
44b6_87bba6c4,24592,25010
44b6_87bba6c4,24593,25013
44b6_87bba6c4,24595,24990
44b6_87bba6c4,24596,24957
44b6_87bba6c4,24597,24959
44b6_87bba6c4,24598,24993
44b6_87bba6c4,24599,24950
44b6_87bba6c4,24600,24967
44b6_87bba6c4,24601,24947
44b6_87bba6c4,24602,24988
44b6_87bba6c4,24604,25028
44b6_87bba6c4,24606,25053
44b6_87bba6c4,24607,24954
44b6_87bba6c4,24608,24976
44b6_87bba6c4,24609,24971
44b6_87bba6c4,24610,25006
44b6_87bba6c4,24611,25023
44b6_87bba6c4,24612,24977
44b6_87bba6c4,24613,25033
44b6_87bba6c4,24614,25029
44b6_87bba6c4,24615,24999
44b6_87bba6c4,24616,24975
44b6_87bba6c4,24617,25016
44b6_87bba6c4,24618,25009
44b6_87bba6c4,24619,25055
44b6_87bba6c4,24620,25001
44b6_87bba6c4,24621,24989
44b6_87bba6c4,24622,25042
44b6_87bba6c4,24623,25071
44b6_87bba6c4,24624,25004
44b6_87bba6c4,24627,24963
44b6_87bba6c4,24628,25171
44b6_87bba6c4,24629,25153
44b6_87bba6c4,24630,24966
44b6_87bba6c4,24631,24991
44b6_87bba6c4,24633,25020
44b6_87bba6c4,24634,24985
44b6_87bba6c4,24635,24992
44b6_87bba6c4,24636,25007
44b6_87bba6c4,24637,25003
44b6_87bba6c4,24638,25110
44b6_87bba6c4,24639,24979
44b6_87bba6c4,24642,24968
44b6_87bba6c4,24643,25021
44b6_87bba6c4,24644,25031
44b6_87bba6c4,24645,25039
44b6_87bba6c4,24646,25011
44b6_87bba6c4,24647,25026
44b6_87bba6c4,24649,25130
44b6_87bba6c4,24650,25022
44b6_87bba6c4,24651,25079
44b6_87bba6c4,24652,25066
44b6_87bba6c4,24653,25120
44b6_87bba6c4,24654,25140
44b6_87bba6c4,24655,25019
44b6_87bba6c4,24656,25035
44b6_87bba6c4,24657,25057
44b6_87bba6c4,24658,25185
44b6_87bba6c4,24659,25067
44b6_87bba6c4,24660,24972
44b6_87bba6c4,24661,25099
44b6_87bba6c4,24662,24997
44b6_87bba6c4,24663,25068
44b6_87bba6c4,24664,25041
44b6_87bba6c4,24665,25045
44b6_87bba6c4,24666,24964
44b6_87bba6c4,24667,24996
44b6_87bba6c4,24668,25072
44b6_87bba6c4,24669,24995
44b6_87bba6c4,24670,25002
44b6_87bba6c4,24671,25070
44b6_87bba6c4,24673,25074
44b6_87bba6c4,24675,25061
44b6_87bba6c4,24676,25024
44b6_87bba6c4,24677,24978
44b6_87bba6c4,24678,25114
44b6_87bba6c4,24679,25038
44b6_87bba6c4,24680,25115
44b6_87bba6c4,24681,25050
44b6_87bba6c4,24682,25062
44b6_87bba6c4,24683,25075
44b6_87bba6c4,24684,24986
44b6_87bba6c4,24685,25058
44b6_87bba6c4,24686,25084
44b6_87bba6c4,24687,25094
44b6_87bba6c4,24689,25027
44b6_87bba6c4,24690,25081
44b6_87bba6c4,24691,25037
44b6_87bba6c4,24692,25049
44b6_87bba6c4,24693,25060
44b6_87bba6c4,24694,25082
44b6_87bba6c4,24695,25086
44b6_87bba6c4,24696,25096
44b6_87bba6c4,24697,25097
44b6_87bba6c4,24698,25034
44b6_87bba6c4,24699,25059
44b6_87bba6c4,24700,25087
44b6_87bba6c4,24701,25093
44b6_87bba6c4,24702,25018
44b6_87bba6c4,24703,25076
44b6_87bba6c4,24704,24980
44b6_87bba6c4,24705,25032
44b6_87bba6c4,24706,25036
44b6_87bba6c4,24708,25088
44b6_87bba6c4,24709,25043
44b6_87bba6c4,24710,25157
44b6_87bba6c4,24711,25048
44b6_87bba6c4,24714,25015
44b6_87bba6c4,24715,25092
44b6_87bba6c4,24716,25069
44b6_87bba6c4,24718,25005
44b6_87bba6c4,24719,25102
44b6_87bba6c4,24720,25131
44b6_87bba6c4,24722,25160
44b6_87bba6c4,24725,25056
44b6_87bba6c4,24727,25046
44b6_87bba6c4,24728,25078
44b6_87bba6c4,24729,25190
44b6_87bba6c4,24730,25107
44b6_87bba6c4,24731,25040
44b6_87bba6c4,24732,25109
44b6_87bba6c4,24733,25148
44b6_87bba6c4,24734,25125
44b6_87bba6c4,24736,24984
44b6_87bba6c4,24737,25177
44b6_87bba6c4,24738,25151
44b6_87bba6c4,24740,25176
44b6_87bba6c4,24741,25106
44b6_87bba6c4,24742,25156
44b6_87bba6c4,24744,25143
44b6_87bba6c4,24745,25163
44b6_87bba6c4,24746,25091
44b6_87bba6c4,24747,25077
44b6_87bba6c4,24748,25117
44b6_87bba6c4,24751,25175
44b6_87bba6c4,24754,25122
44b6_87bba6c4,24755,25116
44b6_87bba6c4,24756,25184
44b6_87bba6c4,24757,25089
44b6_87bba6c4,24758,25121
44b6_87bba6c4,24759,25173
44b6_87bba6c4,24760,25111
44b6_87bba6c4,24761,25085
44b6_87bba6c4,24762,25198
44b6_87bba6c4,24763,25105
44b6_87bba6c4,24764,25179
44b6_87bba6c4,24765,25155
44b6_87bba6c4,24766,25207
44b6_87bba6c4,24768,25174
44b6_87bba6c4,24769,25141
44b6_87bba6c4,24770,25222
44b6_87bba6c4,24771,25134
44b6_87bba6c4,24772,25219
44b6_87bba6c4,24773,25103
44b6_87bba6c4,24774,25144
44b6_87bba6c4,24776,25183
44b6_87bba6c4,24778,25101
44b6_87bba6c4,24780,25226
44b6_87bba6c4,24783,25158
44b6_87bba6c4,24784,25161
44b6_87bba6c4,24785,25095
44b6_87bba6c4,24786,25169
44b6_87bba6c4,24787,25090
44b6_87bba6c4,24788,25230
44b6_87bba6c4,24789,25231
44b6_87bba6c4,24790,25159
44b6_87bba6c4,24791,25167
44b6_87bba6c4,24792,25152
44b6_87bba6c4,24793,25119
44b6_87bba6c4,24794,25204
44b6_87bba6c4,24796,25150
44b6_87bba6c4,24797,25181
44b6_87bba6c4,24798,25166
44b6_87bba6c4,24799,25164
44b6_87bba6c4,24800,25271
44b6_87bba6c4,24802,25186
44b6_87bba6c4,24804,25213
44b6_87bba6c4,24806,25194
44b6_87bba6c4,24808,25127
44b6_87bba6c4,24809,25217
44b6_87bba6c4,24810,25209
44b6_87bba6c4,24811,25083
44b6_87bba6c4,24812,25146
44b6_87bba6c4,24813,25124
44b6_87bba6c4,24814,25277
44b6_87bba6c4,24816,25113
44b6_87bba6c4,24819,25216
44b6_87bba6c4,24822,25232
44b6_87bba6c4,24824,25221
44b6_87bba6c4,24828,25188
44b6_87bba6c4,24829,25168
44b6_87bba6c4,24830,25206
44b6_87bba6c4,24831,25178
44b6_87bba6c4,24832,25162
44b6_87bba6c4,24833,25208
44b6_87bba6c4,24834,25199
44b6_87bba6c4,24835,25133
44b6_87bba6c4,24836,25234
44b6_87bba6c4,24837,25259
44b6_87bba6c4,24838,25262
44b6_87bba6c4,24840,25145
44b6_87bba6c4,24841,25138
44b6_87bba6c4,24842,25210
44b6_87bba6c4,24843,25225
44b6_87bba6c4,24844,25203
44b6_87bba6c4,24845,25126
44b6_87bba6c4,24847,25265
44b6_87bba6c4,24848,25227
44b6_87bba6c4,24849,25201
44b6_87bba6c4,24850,25251
44b6_87bba6c4,24854,25254
44b6_87bba6c4,24855,25128
44b6_87bba6c4,24856,25236
44b6_87bba6c4,24858,25237
44b6_87bba6c4,24860,25264
44b6_87bba6c4,24869,25233
44b6_87bba6c4,24871,25228
44b6_87bba6c4,24872,25187
44b6_87bba6c4,24873,25276
44b6_87bba6c4,24880,25275
44b6_87bba6c4,24882,25246
44b6_87bba6c4,24886,25196
44b6_87bba6c4,24887,25182
44b6_87bba6c4,24896,25270
44b6_87bba6c4,24898,25147
44b6_87bba6c4,24899,25279
44b6_87bba6c4,24900,25290
44b6_87bba6c4,24901,25287
44b6_87bba6c4,24902,25291
44b6_87bba6c4,24903,25282
44b6_87bba6c4,24904,25281
44b6_87bba6c4,24905,25280
44b6_87bba6c4,24906,25331
44b6_87bba6c4,24907,25278
44b6_87bba6c4,24908,25314
44b6_87bba6c4,24909,25298
44b6_87bba6c4,24910,25310
44b6_87bba6c4,24911,25301
44b6_87bba6c4,24912,25324
44b6_87bba6c4,24913,25288
44b6_87bba6c4,24914,25295
44b6_87bba6c4,24915,25322
44b6_87bba6c4,24916,25336
44b6_87bba6c4,24917,25347
44b6_87bba6c4,24918,25303
44b6_87bba6c4,24919,25356
44b6_87bba6c4,24920,25292
44b6_87bba6c4,24921,25327
44b6_87bba6c4,24922,25299
44b6_87bba6c4,24923,25300
44b6_87bba6c4,24924,25350
44b6_87bba6c4,24925,25343
44b6_87bba6c4,24926,25307
44b6_87bba6c4,24927,25414
44b6_87bba6c4,24928,25320
44b6_87bba6c4,24929,25315
44b6_87bba6c4,24930,25357
44b6_87bba6c4,24931,25308
44b6_87bba6c4,24932,25293
44b6_87bba6c4,24933,25294
44b6_87bba6c4,24934,25312
44b6_87bba6c4,24935,25285
44b6_87bba6c4,24936,25302
44b6_87bba6c4,24937,25326
44b6_87bba6c4,24938,25311
44b6_87bba6c4,24939,25296
44b6_87bba6c4,24940,25373
44b6_87bba6c4,24941,25334
44b6_87bba6c4,24942,25330
44b6_87bba6c4,24943,25283
44b6_87bba6c4,24944,25338
44b6_87bba6c4,24945,25351
44b6_87bba6c4,24946,25346
44b6_87bba6c4,24947,25353
44b6_87bba6c4,24948,25284
44b6_87bba6c4,24950,25328
44b6_87bba6c4,24951,25319
44b6_87bba6c4,24952,25348
44b6_87bba6c4,24953,25363
44b6_87bba6c4,24954,25430
44b6_87bba6c4,24955,25335
44b6_87bba6c4,24956,25321
44b6_87bba6c4,24957,25341
44b6_87bba6c4,24958,25316
44b6_87bba6c4,24960,25286
44b6_87bba6c4,24962,25494
44b6_87bba6c4,24963,25339
44b6_87bba6c4,24964,25368
44b6_87bba6c4,24965,25379
44b6_87bba6c4,24966,25374
44b6_87bba6c4,24967,25354
44b6_87bba6c4,24968,25465
44b6_87bba6c4,24969,25406
44b6_87bba6c4,24970,25313
44b6_87bba6c4,24971,25397
44b6_87bba6c4,24972,25371
44b6_87bba6c4,24973,25366
44b6_87bba6c4,24974,25361
44b6_87bba6c4,24975,25323
44b6_87bba6c4,24976,25359
44b6_87bba6c4,24977,25398
44b6_87bba6c4,24978,25372
44b6_87bba6c4,24979,25469
44b6_87bba6c4,24980,25325
44b6_87bba6c4,24981,25355
44b6_87bba6c4,24982,25457
44b6_87bba6c4,24983,25377
44b6_87bba6c4,24984,25329
44b6_87bba6c4,24985,25405
44b6_87bba6c4,24986,25422
44b6_87bba6c4,24987,25337
44b6_87bba6c4,24988,25385
44b6_87bba6c4,24989,25344
44b6_87bba6c4,24990,25378
44b6_87bba6c4,24991,25386
44b6_87bba6c4,24992,25369
44b6_87bba6c4,24993,25400
44b6_87bba6c4,24994,25340
44b6_87bba6c4,24995,25402
44b6_87bba6c4,24996,25460
44b6_87bba6c4,24997,25380
44b6_87bba6c4,24998,25447
44b6_87bba6c4,24999,25433
44b6_87bba6c4,25001,25478
44b6_87bba6c4,25002,25429
44b6_87bba6c4,25003,25365
44b6_87bba6c4,25004,25333
44b6_87bba6c4,25005,25395
44b6_87bba6c4,25006,25407
44b6_87bba6c4,25007,25352
44b6_87bba6c4,25009,25399
44b6_87bba6c4,25010,25431
44b6_87bba6c4,25011,25419
44b6_87bba6c4,25013,25393
44b6_87bba6c4,25014,25342
44b6_87bba6c4,25016,25388
44b6_87bba6c4,25017,25396
44b6_87bba6c4,25018,25401
44b6_87bba6c4,25019,25305
44b6_87bba6c4,25020,25381
44b6_87bba6c4,25021,25411
44b6_87bba6c4,25022,25364
44b6_87bba6c4,25023,25383
44b6_87bba6c4,25024,25410
44b6_87bba6c4,25025,25332
44b6_87bba6c4,25026,25394
44b6_87bba6c4,25027,25403
44b6_87bba6c4,25028,25511
44b6_87bba6c4,25029,25468
44b6_87bba6c4,25031,25510
44b6_87bba6c4,25032,25434
44b6_87bba6c4,25033,25420
44b6_87bba6c4,25034,25454
44b6_87bba6c4,25035,25426
44b6_87bba6c4,25036,25384
44b6_87bba6c4,25037,25435
44b6_87bba6c4,25038,25451
44b6_87bba6c4,25039,25370
44b6_87bba6c4,25040,25437
44b6_87bba6c4,25042,25495
44b6_87bba6c4,25043,25557
44b6_87bba6c4,25044,25436
44b6_87bba6c4,25045,25417
44b6_87bba6c4,25047,25409
44b6_87bba6c4,25048,25438
44b6_87bba6c4,25050,25389
44b6_87bba6c4,25051,25526
44b6_87bba6c4,25053,25390
44b6_87bba6c4,25054,25440
44b6_87bba6c4,25055,25404
44b6_87bba6c4,25056,25472
44b6_87bba6c4,25057,25427
44b6_87bba6c4,25058,25423
44b6_87bba6c4,25059,25542
44b6_87bba6c4,25061,25413
44b6_87bba6c4,25062,25455
44b6_87bba6c4,25063,25459
44b6_87bba6c4,25064,25412
44b6_87bba6c4,25065,25428
44b6_87bba6c4,25066,25545
44b6_87bba6c4,25067,25461
44b6_87bba6c4,25069,25458
44b6_87bba6c4,25070,25530
44b6_87bba6c4,25071,25481
44b6_87bba6c4,25072,25479
44b6_87bba6c4,25073,25439
44b6_87bba6c4,25074,25544
44b6_87bba6c4,25075,25480
44b6_87bba6c4,25076,25450
44b6_87bba6c4,25077,25509
44b6_87bba6c4,25078,25443
44b6_87bba6c4,25079,25491
44b6_87bba6c4,25080,25518
44b6_87bba6c4,25081,25360
44b6_87bba6c4,25082,25444
44b6_87bba6c4,25083,25525
44b6_87bba6c4,25084,25445
44b6_87bba6c4,25085,25453
44b6_87bba6c4,25086,25466
44b6_87bba6c4,25088,25485
44b6_87bba6c4,25089,25504
44b6_87bba6c4,25090,25473
44b6_87bba6c4,25091,25416
44b6_87bba6c4,25092,25609
44b6_87bba6c4,25093,25501
44b6_87bba6c4,25094,25513
44b6_87bba6c4,25095,25375
44b6_87bba6c4,25096,25593
44b6_87bba6c4,25098,25418
44b6_87bba6c4,25099,25415
44b6_87bba6c4,25100,25562
44b6_87bba6c4,25101,25533
44b6_87bba6c4,25103,25493
44b6_87bba6c4,25105,25462
44b6_87bba6c4,25106,25471
44b6_87bba6c4,25107,25486
44b6_87bba6c4,25108,25349
44b6_87bba6c4,25109,25555
44b6_87bba6c4,25110,25547
44b6_87bba6c4,25111,25550
44b6_87bba6c4,25113,25448
44b6_87bba6c4,25115,25483
44b6_87bba6c4,25116,25392
44b6_87bba6c4,25117,25523
44b6_87bba6c4,25118,25456
44b6_87bba6c4,25119,25477
44b6_87bba6c4,25120,25516
44b6_87bba6c4,25121,25536
44b6_87bba6c4,25122,25532
44b6_87bba6c4,25123,25496
44b6_87bba6c4,25124,25508
44b6_87bba6c4,25125,25441
44b6_87bba6c4,25126,25591
44b6_87bba6c4,25127,25499
44b6_87bba6c4,25128,25482
44b6_87bba6c4,25130,25553
44b6_87bba6c4,25131,25522
44b6_87bba6c4,25132,25492
44b6_87bba6c4,25133,25560
44b6_87bba6c4,25134,25424
44b6_87bba6c4,25135,25519
44b6_87bba6c4,25136,25470
44b6_87bba6c4,25137,25527
44b6_87bba6c4,25138,25565
44b6_87bba6c4,25139,25432
44b6_87bba6c4,25140,25623
44b6_87bba6c4,25141,25500
44b6_87bba6c4,25143,25464
44b6_87bba6c4,25144,25521
44b6_87bba6c4,25145,25570
44b6_87bba6c4,25147,25490
44b6_87bba6c4,25148,25548
44b6_87bba6c4,25149,25487
44b6_87bba6c4,25151,25564
44b6_87bba6c4,25152,25648
44b6_87bba6c4,25155,25621
44b6_87bba6c4,25158,25649
44b6_87bba6c4,25159,25601
44b6_87bba6c4,25161,25585
44b6_87bba6c4,25162,25575
44b6_87bba6c4,25163,25421
44b6_87bba6c4,25164,25566
44b6_87bba6c4,25166,25554
44b6_87bba6c4,25170,25476
44b6_87bba6c4,25172,25425
44b6_87bba6c4,25173,25602
44b6_87bba6c4,25175,25600
44b6_87bba6c4,25176,25590
44b6_87bba6c4,25177,25581
44b6_87bba6c4,25178,25588
44b6_87bba6c4,25179,25608
44b6_87bba6c4,25180,25596
44b6_87bba6c4,25181,25551
44b6_87bba6c4,25182,25614
44b6_87bba6c4,25183,25538
44b6_87bba6c4,25184,25558
44b6_87bba6c4,25185,25607
44b6_87bba6c4,25186,25577
44b6_87bba6c4,25188,25641
44b6_87bba6c4,25189,25529
44b6_87bba6c4,25190,25546
44b6_87bba6c4,25193,25520
44b6_87bba6c4,25194,25627
44b6_87bba6c4,25196,25539
44b6_87bba6c4,25198,25632
44b6_87bba6c4,25201,25498
44b6_87bba6c4,25203,25580
44b6_87bba6c4,25204,25568
44b6_87bba6c4,25205,25541
44b6_87bba6c4,25206,25599
44b6_87bba6c4,25207,25611
44b6_87bba6c4,25208,25517
44b6_87bba6c4,25210,25595
44b6_87bba6c4,25211,25497
44b6_87bba6c4,25213,25512
44b6_87bba6c4,25217,25592
44b6_87bba6c4,25218,25618
44b6_87bba6c4,25219,25631
44b6_87bba6c4,25221,25636
44b6_87bba6c4,25222,25556
44b6_87bba6c4,25223,25572
44b6_87bba6c4,25225,25620
44b6_87bba6c4,25226,25617
44b6_87bba6c4,25227,25638
44b6_87bba6c4,25228,25610
44b6_87bba6c4,25231,25534
44b6_87bba6c4,25232,25589
44b6_87bba6c4,25233,25586
44b6_87bba6c4,25236,25637
44b6_87bba6c4,25243,25449
44b6_87bba6c4,25251,25616
44b6_87bba6c4,25253,25654
44b6_87bba6c4,25254,25633
44b6_87bba6c4,25256,25584
44b6_87bba6c4,25258,25626
44b6_87bba6c4,25260,25635
44b6_87bba6c4,25264,25653
44b6_87bba6c4,25271,25640
44b6_87bba6c4,25278,25655
44b6_87bba6c4,25279,25668
44b6_87bba6c4,25280,25656
44b6_87bba6c4,25281,25661
44b6_87bba6c4,25282,25670
44b6_87bba6c4,25283,25665
44b6_87bba6c4,25285,25657
44b6_87bba6c4,25286,25707
44b6_87bba6c4,25287,25669
44b6_87bba6c4,25288,25690
44b6_87bba6c4,25289,25680
44b6_87bba6c4,25290,25664
44b6_87bba6c4,25291,25659
44b6_87bba6c4,25292,25658
44b6_87bba6c4,25293,25678
44b6_87bba6c4,25294,25728
44b6_87bba6c4,25295,25683
44b6_87bba6c4,25296,25667
44b6_87bba6c4,25297,25684
44b6_87bba6c4,25298,25699
44b6_87bba6c4,25299,25685
44b6_87bba6c4,25300,25694
44b6_87bba6c4,25301,25710
44b6_87bba6c4,25302,25693
44b6_87bba6c4,25303,25695
44b6_87bba6c4,25304,25660
44b6_87bba6c4,25305,25743
44b6_87bba6c4,25306,25662
44b6_87bba6c4,25308,25681
44b6_87bba6c4,25310,25682
44b6_87bba6c4,25311,25738
44b6_87bba6c4,25312,25679
44b6_87bba6c4,25313,25674
44b6_87bba6c4,25314,25740
44b6_87bba6c4,25315,25696
44b6_87bba6c4,25316,25697
44b6_87bba6c4,25318,25666
44b6_87bba6c4,25319,25663
44b6_87bba6c4,25320,25715
44b6_87bba6c4,25321,25731
44b6_87bba6c4,25324,25671
44b6_87bba6c4,25326,25721
44b6_87bba6c4,25327,25688
44b6_87bba6c4,25328,25744
44b6_87bba6c4,25329,25835
44b6_87bba6c4,25330,25716
44b6_87bba6c4,25332,25725
44b6_87bba6c4,25333,25805
44b6_87bba6c4,25334,25672
44b6_87bba6c4,25335,25741
44b6_87bba6c4,25336,25701
44b6_87bba6c4,25337,25691
44b6_87bba6c4,25338,25732
44b6_87bba6c4,25339,25742
44b6_87bba6c4,25340,25705
44b6_87bba6c4,25341,25698
44b6_87bba6c4,25342,25677
44b6_87bba6c4,25343,25708
44b6_87bba6c4,25344,25774
44b6_87bba6c4,25345,25711
44b6_87bba6c4,25346,25700
44b6_87bba6c4,25347,25675
44b6_87bba6c4,25348,25746
44b6_87bba6c4,25349,25790
44b6_87bba6c4,25350,25813
44b6_87bba6c4,25351,25687
44b6_87bba6c4,25352,25751
44b6_87bba6c4,25353,25753
44b6_87bba6c4,25354,25727
44b6_87bba6c4,25355,25771
44b6_87bba6c4,25356,25704
44b6_87bba6c4,25357,25712
44b6_87bba6c4,25359,25713
44b6_87bba6c4,25360,25767
44b6_87bba6c4,25361,25768
44b6_87bba6c4,25362,25692
44b6_87bba6c4,25363,25686
44b6_87bba6c4,25364,25748
44b6_87bba6c4,25365,25735
44b6_87bba6c4,25366,25757
44b6_87bba6c4,25367,25833
44b6_87bba6c4,25368,25718
44b6_87bba6c4,25369,25769
44b6_87bba6c4,25370,25793
44b6_87bba6c4,25371,25720
44b6_87bba6c4,25372,25706
44b6_87bba6c4,25373,25722
44b6_87bba6c4,25374,25772
44b6_87bba6c4,25375,25761
44b6_87bba6c4,25376,25709
44b6_87bba6c4,25377,25726
44b6_87bba6c4,25380,25724
44b6_87bba6c4,25381,25758
44b6_87bba6c4,25382,25737
44b6_87bba6c4,25383,25791
44b6_87bba6c4,25384,25858
44b6_87bba6c4,25385,25770
44b6_87bba6c4,25386,25703
44b6_87bba6c4,25387,25689
44b6_87bba6c4,25388,25773
44b6_87bba6c4,25389,25785
44b6_87bba6c4,25390,25832
44b6_87bba6c4,25391,25837
44b6_87bba6c4,25392,25842
44b6_87bba6c4,25393,25781
44b6_87bba6c4,25394,25750
44b6_87bba6c4,25395,25784
44b6_87bba6c4,25396,25739
44b6_87bba6c4,25397,25779
44b6_87bba6c4,25398,25734
44b6_87bba6c4,25399,25798
44b6_87bba6c4,25401,25841
44b6_87bba6c4,25402,25802
44b6_87bba6c4,25403,25789
44b6_87bba6c4,25404,25852
44b6_87bba6c4,25406,25702
44b6_87bba6c4,25407,25760
44b6_87bba6c4,25409,25763
44b6_87bba6c4,25410,25759
44b6_87bba6c4,25411,25780
44b6_87bba6c4,25412,25794
44b6_87bba6c4,25413,25788
44b6_87bba6c4,25414,25797
44b6_87bba6c4,25415,25888
44b6_87bba6c4,25416,25865
44b6_87bba6c4,25417,25795
44b6_87bba6c4,25420,25736
44b6_87bba6c4,25421,25816
44b6_87bba6c4,25422,25766
44b6_87bba6c4,25423,25723
44b6_87bba6c4,25424,25879
44b6_87bba6c4,25426,25778
44b6_87bba6c4,25427,25838
44b6_87bba6c4,25429,25822
44b6_87bba6c4,25430,25870
44b6_87bba6c4,25431,25730
44b6_87bba6c4,25432,25856
44b6_87bba6c4,25433,25775
44b6_87bba6c4,25434,25799
44b6_87bba6c4,25435,25849
44b6_87bba6c4,25436,25827
44b6_87bba6c4,25437,25845
44b6_87bba6c4,25438,25818
44b6_87bba6c4,25439,25756
44b6_87bba6c4,25440,25881
44b6_87bba6c4,25441,25812
44b6_87bba6c4,25443,25871
44b6_87bba6c4,25444,25783
44b6_87bba6c4,25445,25747
44b6_87bba6c4,25446,25821
44b6_87bba6c4,25447,25972
44b6_87bba6c4,25448,25729
44b6_87bba6c4,25449,25755
44b6_87bba6c4,25450,25811
44b6_87bba6c4,25451,25840
44b6_87bba6c4,25453,25846
44b6_87bba6c4,25454,25754
44b6_87bba6c4,25455,25782
44b6_87bba6c4,25456,25857
44b6_87bba6c4,25457,25847
44b6_87bba6c4,25458,25810
44b6_87bba6c4,25459,25844
44b6_87bba6c4,25460,25829
44b6_87bba6c4,25461,25874
44b6_87bba6c4,25462,25862
44b6_87bba6c4,25463,25792
44b6_87bba6c4,25465,25848
44b6_87bba6c4,25466,25869
44b6_87bba6c4,25468,25843
44b6_87bba6c4,25469,25777
44b6_87bba6c4,25470,25970
44b6_87bba6c4,25471,25776
44b6_87bba6c4,25472,25863
44b6_87bba6c4,25473,25808
44b6_87bba6c4,25474,25951
44b6_87bba6c4,25475,25868
44b6_87bba6c4,25476,25839
44b6_87bba6c4,25477,25823
44b6_87bba6c4,25479,25877
44b6_87bba6c4,25480,25867
44b6_87bba6c4,25482,25878
44b6_87bba6c4,25484,25860
44b6_87bba6c4,25485,25866
44b6_87bba6c4,25486,25872
44b6_87bba6c4,25489,25906
44b6_87bba6c4,25490,25937
44b6_87bba6c4,25491,25900
44b6_87bba6c4,25492,25943
44b6_87bba6c4,25495,25892
44b6_87bba6c4,25496,25733
44b6_87bba6c4,25497,25876
44b6_87bba6c4,25498,25825
44b6_87bba6c4,25499,25855
44b6_87bba6c4,25501,25817
44b6_87bba6c4,25502,25893
44b6_87bba6c4,25504,25804
44b6_87bba6c4,25505,25815
44b6_87bba6c4,25506,25885
44b6_87bba6c4,25508,25831
44b6_87bba6c4,25509,25908
44b6_87bba6c4,25510,25806
44b6_87bba6c4,25511,25912
44b6_87bba6c4,25512,25992
44b6_87bba6c4,25513,25954
44b6_87bba6c4,25514,25864
44b6_87bba6c4,25515,25907
44b6_87bba6c4,25518,25897
44b6_87bba6c4,25519,25875
44b6_87bba6c4,25520,25918
44b6_87bba6c4,25521,25890
44b6_87bba6c4,25522,25915
44b6_87bba6c4,25523,25948
44b6_87bba6c4,25524,25796
44b6_87bba6c4,25525,25932
44b6_87bba6c4,25526,25922
44b6_87bba6c4,25527,25898
44b6_87bba6c4,25528,25820
44b6_87bba6c4,25529,25873
44b6_87bba6c4,25530,25859
44b6_87bba6c4,25531,25884
44b6_87bba6c4,25532,25964
44b6_87bba6c4,25533,25830
44b6_87bba6c4,25535,25902
44b6_87bba6c4,25536,25903
44b6_87bba6c4,25538,25828
44b6_87bba6c4,25542,25965
44b6_87bba6c4,25543,25895
44b6_87bba6c4,25545,25809
44b6_87bba6c4,25546,25945
44b6_87bba6c4,25547,25952
44b6_87bba6c4,25548,25940
44b6_87bba6c4,25549,25944
44b6_87bba6c4,25550,25905
44b6_87bba6c4,25551,25925
44b6_87bba6c4,25552,25926
44b6_87bba6c4,25553,25891
44b6_87bba6c4,25554,25942
44b6_87bba6c4,25555,25923
44b6_87bba6c4,25556,25882
44b6_87bba6c4,25557,25956
44b6_87bba6c4,25558,25979
44b6_87bba6c4,25559,25971
44b6_87bba6c4,25560,25931
44b6_87bba6c4,25561,25927
44b6_87bba6c4,25562,25914
44b6_87bba6c4,25565,26021
44b6_87bba6c4,25566,25977
44b6_87bba6c4,25567,25969
44b6_87bba6c4,25568,25983
44b6_87bba6c4,25570,25936
44b6_87bba6c4,25571,25909
44b6_87bba6c4,25572,25955
44b6_87bba6c4,25573,25894
44b6_87bba6c4,25575,25939
44b6_87bba6c4,25577,25920
44b6_87bba6c4,25578,26009
44b6_87bba6c4,25580,25962
44b6_87bba6c4,25581,25953
44b6_87bba6c4,25582,25982
44b6_87bba6c4,25584,26017
44b6_87bba6c4,25585,25946
44b6_87bba6c4,25587,25957
44b6_87bba6c4,25588,26015
44b6_87bba6c4,25589,25889
44b6_87bba6c4,25590,25961
44b6_87bba6c4,25591,25921
44b6_87bba6c4,25592,25998
44b6_87bba6c4,25593,25989
44b6_87bba6c4,25595,25886
44b6_87bba6c4,25597,25899
44b6_87bba6c4,25599,25958
44b6_87bba6c4,25600,25910
44b6_87bba6c4,25601,25987
44b6_87bba6c4,25602,25997
44b6_87bba6c4,25608,26003
44b6_87bba6c4,25609,25959
44b6_87bba6c4,25610,26024
44b6_87bba6c4,25611,25984
44b6_87bba6c4,25612,26013
44b6_87bba6c4,25613,26037
44b6_87bba6c4,25616,26019
44b6_87bba6c4,25617,26000
44b6_87bba6c4,25618,25928
44b6_87bba6c4,25621,26030
44b6_87bba6c4,25623,26011
44b6_87bba6c4,25624,26006
44b6_87bba6c4,25625,26012
44b6_87bba6c4,25626,25966
44b6_87bba6c4,25628,26029
44b6_87bba6c4,25629,26036
44b6_87bba6c4,25634,25990
44b6_87bba6c4,25642,26031
44b6_87bba6c4,25644,26028
44b6_87bba6c4,25649,25988
44b6_87bba6c4,25650,26018
44b6_87bba6c4,25653,26033
44b6_87bba6c4,25655,26047
44b6_87bba6c4,25656,26043
44b6_87bba6c4,25657,26045
44b6_87bba6c4,25658,26041
44b6_87bba6c4,25659,26044
44b6_87bba6c4,25660,26279
44b6_87bba6c4,25661,26046
44b6_87bba6c4,25662,26040
44b6_87bba6c4,25663,26042
44b6_87bba6c4,25664,26060
44b6_87bba6c4,25665,26076
44b6_87bba6c4,25666,26062
44b6_87bba6c4,25667,26072
44b6_87bba6c4,25668,26233
44b6_87bba6c4,25669,26075
44b6_87bba6c4,25671,26051
44b6_87bba6c4,25672,26056
44b6_87bba6c4,25673,26070
44b6_87bba6c4,25674,26050
44b6_87bba6c4,25675,26049
44b6_87bba6c4,25677,26066
44b6_87bba6c4,25678,26083
44b6_87bba6c4,25679,26074
44b6_87bba6c4,25682,26085
44b6_87bba6c4,25684,26064
44b6_87bba6c4,25685,26061
44b6_87bba6c4,25686,26068
44b6_87bba6c4,25687,26081
44b6_87bba6c4,25689,26103
44b6_87bba6c4,25690,26100
44b6_87bba6c4,25691,26097
44b6_87bba6c4,25693,26093
44b6_87bba6c4,25694,26055
44b6_87bba6c4,25698,26125
44b6_87bba6c4,25699,26108
44b6_87bba6c4,25700,26104
44b6_87bba6c4,25701,26095
44b6_87bba6c4,25703,26157
44b6_87bba6c4,25704,26071
44b6_87bba6c4,25705,26270
44b6_87bba6c4,25706,26114
44b6_87bba6c4,25707,26063
44b6_87bba6c4,25708,26121
44b6_87bba6c4,25709,26105
44b6_87bba6c4,25710,26141
44b6_87bba6c4,25713,26087
44b6_87bba6c4,25714,26116
44b6_87bba6c4,25715,26088
44b6_87bba6c4,25717,26065
44b6_87bba6c4,25718,26169
44b6_87bba6c4,25719,26126
44b6_87bba6c4,25720,26089
44b6_87bba6c4,25721,26086
44b6_87bba6c4,25722,26197
44b6_87bba6c4,25723,26137
44b6_87bba6c4,25724,26112
44b6_87bba6c4,25725,26092
44b6_87bba6c4,25727,26132
44b6_87bba6c4,25728,26091
44b6_87bba6c4,25729,26117
44b6_87bba6c4,25730,26124
44b6_87bba6c4,25731,26115
44b6_87bba6c4,25732,26099
44b6_87bba6c4,25733,26067
44b6_87bba6c4,25734,26165
44b6_87bba6c4,25735,26161
44b6_87bba6c4,25736,26147
44b6_87bba6c4,25738,26110
44b6_87bba6c4,25739,26131
44b6_87bba6c4,25740,26198
44b6_87bba6c4,25741,26102
44b6_87bba6c4,25742,26168
44b6_87bba6c4,25743,26212
44b6_87bba6c4,25744,26273
44b6_87bba6c4,25745,26069
44b6_87bba6c4,25746,26155
44b6_87bba6c4,25748,26118
44b6_87bba6c4,25750,26128
44b6_87bba6c4,25751,26106
44b6_87bba6c4,25752,26223
44b6_87bba6c4,25753,26111
44b6_87bba6c4,25754,26176
44b6_87bba6c4,25756,26365
44b6_87bba6c4,25757,26109
44b6_87bba6c4,25758,26145
44b6_87bba6c4,25759,26196
44b6_87bba6c4,25761,26268
44b6_87bba6c4,25762,26173
44b6_87bba6c4,25763,26134
44b6_87bba6c4,25765,26166
44b6_87bba6c4,25766,26123
44b6_87bba6c4,25767,26122
44b6_87bba6c4,25768,26127
44b6_87bba6c4,25770,26129
44b6_87bba6c4,25771,26185
44b6_87bba6c4,25773,26182
44b6_87bba6c4,25774,26113
44b6_87bba6c4,25775,26229
44b6_87bba6c4,25776,26260
44b6_87bba6c4,25778,26177
44b6_87bba6c4,25779,26154
44b6_87bba6c4,25780,26175
44b6_87bba6c4,25781,26162
44b6_87bba6c4,25782,26140
44b6_87bba6c4,25783,26163
44b6_87bba6c4,25784,26211
44b6_87bba6c4,25785,26172
44b6_87bba6c4,25786,26207
44b6_87bba6c4,25787,26096
44b6_87bba6c4,25788,26149
44b6_87bba6c4,25789,26159
44b6_87bba6c4,25791,26156
44b6_87bba6c4,25792,26090
44b6_87bba6c4,25793,26178
44b6_87bba6c4,25796,26231
44b6_87bba6c4,25797,26139
44b6_87bba6c4,25798,26153
44b6_87bba6c4,25799,26251
44b6_87bba6c4,25801,26160
44b6_87bba6c4,25802,26222
44b6_87bba6c4,25803,26201
44b6_87bba6c4,25804,26158
44b6_87bba6c4,25805,26146
44b6_87bba6c4,25808,26200
44b6_87bba6c4,25809,26189
44b6_87bba6c4,25810,26181
44b6_87bba6c4,25812,26237
44b6_87bba6c4,25813,26256
44b6_87bba6c4,25814,26164
44b6_87bba6c4,25816,26167
44b6_87bba6c4,25818,26195
44b6_87bba6c4,25819,26204
44b6_87bba6c4,25820,26247
44b6_87bba6c4,25821,26221
44b6_87bba6c4,25822,26280
44b6_87bba6c4,25825,26239
44b6_87bba6c4,25826,26188
44b6_87bba6c4,25828,26143
44b6_87bba6c4,25829,26186
44b6_87bba6c4,25831,26258
44b6_87bba6c4,25834,26238
44b6_87bba6c4,25837,26180
44b6_87bba6c4,25839,26206
44b6_87bba6c4,25840,26205
44b6_87bba6c4,25841,26218
44b6_87bba6c4,25843,26203
44b6_87bba6c4,25844,26242
44b6_87bba6c4,25845,26152
44b6_87bba6c4,25846,26254
44b6_87bba6c4,25847,26183
44b6_87bba6c4,25848,26170
44b6_87bba6c4,25849,26274
44b6_87bba6c4,25850,26232
44b6_87bba6c4,25852,26220
44b6_87bba6c4,25853,26249
44b6_87bba6c4,25854,26278
44b6_87bba6c4,25855,26263
44b6_87bba6c4,25856,26340
44b6_87bba6c4,25858,26304
44b6_87bba6c4,25859,26240
44b6_87bba6c4,25860,26151
44b6_87bba6c4,25861,26235
44b6_87bba6c4,25865,26282
44b6_87bba6c4,25866,26291
44b6_87bba6c4,25867,26262
44b6_87bba6c4,25869,26214
44b6_87bba6c4,25870,26215
44b6_87bba6c4,25871,26244
44b6_87bba6c4,25873,26300
44b6_87bba6c4,25874,26267
44b6_87bba6c4,25875,26193
44b6_87bba6c4,25876,26316
44b6_87bba6c4,25878,26381
44b6_87bba6c4,25879,26101
44b6_87bba6c4,25880,26080
44b6_87bba6c4,25882,26297
44b6_87bba6c4,25883,26192
44b6_87bba6c4,25885,26288
44b6_87bba6c4,25886,26296
44b6_87bba6c4,25887,26265
44b6_87bba6c4,25888,26401
44b6_87bba6c4,25890,26230
44b6_87bba6c4,25891,26252
44b6_87bba6c4,25892,26354
44b6_87bba6c4,25893,26187
44b6_87bba6c4,25894,26202
44b6_87bba6c4,25895,26302
44b6_87bba6c4,25898,26286
44b6_87bba6c4,25899,26226
44b6_87bba6c4,25900,26243
44b6_87bba6c4,25901,26148
44b6_87bba6c4,25902,26323
44b6_87bba6c4,25903,26372
44b6_87bba6c4,25905,26306
44b6_87bba6c4,25907,26057
44b6_87bba6c4,25908,26320
44b6_87bba6c4,25909,26272
44b6_87bba6c4,25910,26336
44b6_87bba6c4,25912,26250
44b6_87bba6c4,25914,26259
44b6_87bba6c4,25915,26224
44b6_87bba6c4,25917,26225
44b6_87bba6c4,25918,26313
44b6_87bba6c4,25919,26327
44b6_87bba6c4,25920,26303
44b6_87bba6c4,25921,26348
44b6_87bba6c4,25922,26266
44b6_87bba6c4,25923,26275
44b6_87bba6c4,25925,26328
44b6_87bba6c4,25927,26199
44b6_87bba6c4,25928,26358
44b6_87bba6c4,25929,26311
44b6_87bba6c4,25930,26294
44b6_87bba6c4,25931,26331
44b6_87bba6c4,25934,26269
44b6_87bba6c4,25938,26284
44b6_87bba6c4,25939,26345
44b6_87bba6c4,25941,26248
44b6_87bba6c4,25942,26301
44b6_87bba6c4,25943,26399
44b6_87bba6c4,25945,26332
44b6_87bba6c4,25947,26312
44b6_87bba6c4,25948,26309
44b6_87bba6c4,25949,26227
44b6_87bba6c4,25950,26370
44b6_87bba6c4,25951,26287
44b6_87bba6c4,25952,26342
44b6_87bba6c4,25953,26290
44b6_87bba6c4,25954,26319
44b6_87bba6c4,25955,26374
44b6_87bba6c4,25956,26276
44b6_87bba6c4,25958,26352
44b6_87bba6c4,25959,26315
44b6_87bba6c4,25962,26356
44b6_87bba6c4,25964,26308
44b6_87bba6c4,25966,26349
44b6_87bba6c4,25967,26191
44b6_87bba6c4,25968,26255
44b6_87bba6c4,25969,26341
44b6_87bba6c4,25973,26335
44b6_87bba6c4,25974,26357
44b6_87bba6c4,25975,26283
44b6_87bba6c4,25977,26368
44b6_87bba6c4,25978,26355
44b6_87bba6c4,25979,26324
44b6_87bba6c4,25982,26338
44b6_87bba6c4,25983,26305
44b6_87bba6c4,25984,26353
44b6_87bba6c4,25986,26321
44b6_87bba6c4,25987,26307
44b6_87bba6c4,25988,26369
44b6_87bba6c4,25994,26333
44b6_87bba6c4,26000,26371
44b6_87bba6c4,26002,26351
44b6_87bba6c4,26003,26384
44b6_87bba6c4,26004,26135
44b6_87bba6c4,26007,26405
44b6_87bba6c4,26009,26397
44b6_87bba6c4,26011,26322
44b6_87bba6c4,26012,26390
44b6_87bba6c4,26015,26350
44b6_87bba6c4,26017,26360
44b6_87bba6c4,26018,26385
44b6_87bba6c4,26019,26347
44b6_87bba6c4,26020,26391
44b6_87bba6c4,26021,26234
44b6_87bba6c4,26024,26380
44b6_87bba6c4,26025,26404
44b6_87bba6c4,26026,26362
44b6_87bba6c4,26029,26389
44b6_87bba6c4,26031,26393
44b6_87bba6c4,26032,26383
44b6_87bba6c4,26037,26253
44b6_87bba6c4,26038,26375
44b6_87bba6c4,26040,26435
44b6_87bba6c4,26041,26410
44b6_87bba6c4,26042,26407
44b6_87bba6c4,26043,26412
44b6_87bba6c4,26044,26408
44b6_87bba6c4,26045,26418
44b6_87bba6c4,26046,26413
44b6_87bba6c4,26047,26419
44b6_87bba6c4,26048,26414
44b6_87bba6c4,26049,26417
44b6_87bba6c4,26050,26423
44b6_87bba6c4,26051,26411
44b6_87bba6c4,26054,26473
44b6_87bba6c4,26055,26469
44b6_87bba6c4,26056,26552
44b6_87bba6c4,26057,26409
44b6_87bba6c4,26058,26438
44b6_87bba6c4,26059,26416
44b6_87bba6c4,26061,26439
44b6_87bba6c4,26062,26415
44b6_87bba6c4,26063,26426
44b6_87bba6c4,26065,26420
44b6_87bba6c4,26066,26456
44b6_87bba6c4,26067,26442
44b6_87bba6c4,26068,26427
44b6_87bba6c4,26069,26450
44b6_87bba6c4,26070,26429
44b6_87bba6c4,26072,26477
44b6_87bba6c4,26073,26458
44b6_87bba6c4,26074,26432
44b6_87bba6c4,26075,26425
44b6_87bba6c4,26076,26466
44b6_87bba6c4,26077,26433
44b6_87bba6c4,26078,26448
44b6_87bba6c4,26079,26443
44b6_87bba6c4,26080,26421
44b6_87bba6c4,26081,26440
44b6_87bba6c4,26082,26472
44b6_87bba6c4,26083,26462
44b6_87bba6c4,26084,26424
44b6_87bba6c4,26085,26452
44b6_87bba6c4,26086,26422
44b6_87bba6c4,26087,26437
44b6_87bba6c4,26088,26479
44b6_87bba6c4,26090,26530
44b6_87bba6c4,26091,26451
44b6_87bba6c4,26092,26548
44b6_87bba6c4,26093,26428
44b6_87bba6c4,26094,26478
44b6_87bba6c4,26096,26508
44b6_87bba6c4,26098,26461
44b6_87bba6c4,26099,26459
44b6_87bba6c4,26100,26484
44b6_87bba6c4,26101,26510
44b6_87bba6c4,26102,26457
44b6_87bba6c4,26103,26492
44b6_87bba6c4,26104,26490
44b6_87bba6c4,26105,26526
44b6_87bba6c4,26106,26498
44b6_87bba6c4,26107,26436
44b6_87bba6c4,26108,26445
44b6_87bba6c4,26109,26449
44b6_87bba6c4,26110,26471
44b6_87bba6c4,26111,26562
44b6_87bba6c4,26113,26475
44b6_87bba6c4,26114,26511
44b6_87bba6c4,26115,26460
44b6_87bba6c4,26116,26581
44b6_87bba6c4,26117,26503
44b6_87bba6c4,26118,26474
44b6_87bba6c4,26119,26557
44b6_87bba6c4,26120,26485
44b6_87bba6c4,26121,26455
44b6_87bba6c4,26122,26544
44b6_87bba6c4,26123,26486
44b6_87bba6c4,26124,26515
44b6_87bba6c4,26125,26468
44b6_87bba6c4,26126,26494
44b6_87bba6c4,26128,26612
44b6_87bba6c4,26129,26499
44b6_87bba6c4,26130,26491
44b6_87bba6c4,26131,26531
44b6_87bba6c4,26132,26441
44b6_87bba6c4,26134,26447
44b6_87bba6c4,26135,26512
44b6_87bba6c4,26136,26528
44b6_87bba6c4,26137,26495
44b6_87bba6c4,26138,26556
44b6_87bba6c4,26139,26550
44b6_87bba6c4,26140,26585
44b6_87bba6c4,26141,26569
44b6_87bba6c4,26143,26535
44b6_87bba6c4,26144,26506
44b6_87bba6c4,26145,26505
44b6_87bba6c4,26146,26470
44b6_87bba6c4,26147,26480
44b6_87bba6c4,26148,26559
44b6_87bba6c4,26149,26500
44b6_87bba6c4,26150,26566
44b6_87bba6c4,26151,26538
44b6_87bba6c4,26152,26476
44b6_87bba6c4,26153,26507
44b6_87bba6c4,26154,26593
44b6_87bba6c4,26155,26509
44b6_87bba6c4,26156,26521
44b6_87bba6c4,26157,26488
44b6_87bba6c4,26158,26619
44b6_87bba6c4,26159,26554
44b6_87bba6c4,26160,26587
44b6_87bba6c4,26162,26525
44b6_87bba6c4,26163,26542
44b6_87bba6c4,26164,26467
44b6_87bba6c4,26166,26539
44b6_87bba6c4,26167,26601
44b6_87bba6c4,26168,26563
44b6_87bba6c4,26169,26641
44b6_87bba6c4,26172,26513
44b6_87bba6c4,26173,26434
44b6_87bba6c4,26174,26518
44b6_87bba6c4,26175,26560
44b6_87bba6c4,26176,26520
44b6_87bba6c4,26177,26617
44b6_87bba6c4,26178,26532
44b6_87bba6c4,26179,26537
44b6_87bba6c4,26180,26584
44b6_87bba6c4,26181,26588
44b6_87bba6c4,26182,26565
44b6_87bba6c4,26183,26553
44b6_87bba6c4,26184,26543
44b6_87bba6c4,26185,26517
44b6_87bba6c4,26187,26572
44b6_87bba6c4,26188,26580
44b6_87bba6c4,26189,26574
44b6_87bba6c4,26191,26493
44b6_87bba6c4,26192,26481
44b6_87bba6c4,26193,26502
44b6_87bba6c4,26194,26489
44b6_87bba6c4,26195,26482
44b6_87bba6c4,26196,26524
44b6_87bba6c4,26197,26590
44b6_87bba6c4,26198,26501
44b6_87bba6c4,26199,26613
44b6_87bba6c4,26200,26616
44b6_87bba6c4,26201,26522
44b6_87bba6c4,26202,26555
44b6_87bba6c4,26203,26579
44b6_87bba6c4,26204,26549
44b6_87bba6c4,26205,26600
44b6_87bba6c4,26206,26568
44b6_87bba6c4,26207,26571
44b6_87bba6c4,26208,26519
44b6_87bba6c4,26209,26596
44b6_87bba6c4,26211,26614
44b6_87bba6c4,26213,26623
44b6_87bba6c4,26214,26597
44b6_87bba6c4,26215,26608
44b6_87bba6c4,26216,26454
44b6_87bba6c4,26217,26689
44b6_87bba6c4,26220,26624
44b6_87bba6c4,26221,26496
44b6_87bba6c4,26222,26578
44b6_87bba6c4,26224,26629
44b6_87bba6c4,26225,26545
44b6_87bba6c4,26226,26769
44b6_87bba6c4,26227,26567
44b6_87bba6c4,26228,26607
44b6_87bba6c4,26229,26706
44b6_87bba6c4,26230,26625
44b6_87bba6c4,26231,26591
44b6_87bba6c4,26232,26651
44b6_87bba6c4,26233,26541
44b6_87bba6c4,26235,26595
44b6_87bba6c4,26236,26547
44b6_87bba6c4,26237,26656
44b6_87bba6c4,26238,26598
44b6_87bba6c4,26239,26615
44b6_87bba6c4,26240,26453
44b6_87bba6c4,26241,26671
44b6_87bba6c4,26242,26632
44b6_87bba6c4,26243,26611
44b6_87bba6c4,26244,26720
44b6_87bba6c4,26246,26546
44b6_87bba6c4,26247,26640
44b6_87bba6c4,26249,26463
44b6_87bba6c4,26250,26677
44b6_87bba6c4,26251,26635
44b6_87bba6c4,26252,26626
44b6_87bba6c4,26253,26529
44b6_87bba6c4,26254,26622
44b6_87bba6c4,26255,26667
44b6_87bba6c4,26256,26658
44b6_87bba6c4,26257,26604
44b6_87bba6c4,26258,26718
44b6_87bba6c4,26259,26589
44b6_87bba6c4,26261,26534
44b6_87bba6c4,26263,26642
44b6_87bba6c4,26264,26633
44b6_87bba6c4,26265,26583
44b6_87bba6c4,26267,26536
44b6_87bba6c4,26269,26674
44b6_87bba6c4,26270,26663
44b6_87bba6c4,26271,26680
44b6_87bba6c4,26272,26645
44b6_87bba6c4,26274,26666
44b6_87bba6c4,26275,26630
44b6_87bba6c4,26276,26648
44b6_87bba6c4,26277,26497
44b6_87bba6c4,26278,26628
44b6_87bba6c4,26279,26540
44b6_87bba6c4,26280,26679
44b6_87bba6c4,26281,26516
44b6_87bba6c4,26282,26654
44b6_87bba6c4,26283,26712
44b6_87bba6c4,26284,26599
44b6_87bba6c4,26285,26675
44b6_87bba6c4,26286,26618
44b6_87bba6c4,26287,26653
44b6_87bba6c4,26289,26652
44b6_87bba6c4,26290,26646
44b6_87bba6c4,26293,26721
44b6_87bba6c4,26296,26711
44b6_87bba6c4,26297,26672
44b6_87bba6c4,26298,26561
44b6_87bba6c4,26300,26661
44b6_87bba6c4,26301,26662
44b6_87bba6c4,26302,26670
44b6_87bba6c4,26303,26685
44b6_87bba6c4,26304,26691
44b6_87bba6c4,26305,26678
44b6_87bba6c4,26306,26681
44b6_87bba6c4,26307,26582
44b6_87bba6c4,26308,26644
44b6_87bba6c4,26309,26693
44b6_87bba6c4,26312,26620
44b6_87bba6c4,26314,26729
44b6_87bba6c4,26315,26647
44b6_87bba6c4,26316,26649
44b6_87bba6c4,26317,26687
44b6_87bba6c4,26318,26701
44b6_87bba6c4,26319,26639
44b6_87bba6c4,26321,26698
44b6_87bba6c4,26322,26610
44b6_87bba6c4,26323,26760
44b6_87bba6c4,26324,26686
44b6_87bba6c4,26325,26704
44b6_87bba6c4,26326,26655
44b6_87bba6c4,26327,26750
44b6_87bba6c4,26328,26638
44b6_87bba6c4,26330,26609
44b6_87bba6c4,26331,26748
44b6_87bba6c4,26332,26716
44b6_87bba6c4,26333,26731
44b6_87bba6c4,26334,26643
44b6_87bba6c4,26335,26682
44b6_87bba6c4,26338,26736
44b6_87bba6c4,26339,26637
44b6_87bba6c4,26340,26713
44b6_87bba6c4,26341,26576
44b6_87bba6c4,26342,26664
44b6_87bba6c4,26343,26742
44b6_87bba6c4,26344,26709
44b6_87bba6c4,26345,26690
44b6_87bba6c4,26347,26684
44b6_87bba6c4,26348,26688
44b6_87bba6c4,26349,26605
44b6_87bba6c4,26350,26734
44b6_87bba6c4,26353,26758
44b6_87bba6c4,26354,26771
44b6_87bba6c4,26355,26725
44b6_87bba6c4,26356,26753
44b6_87bba6c4,26358,26703
44b6_87bba6c4,26359,26707
44b6_87bba6c4,26360,26747
44b6_87bba6c4,26361,26761
44b6_87bba6c4,26362,26745
44b6_87bba6c4,26363,26724
44b6_87bba6c4,26365,26787
44b6_87bba6c4,26368,26737
44b6_87bba6c4,26369,26754
44b6_87bba6c4,26370,26744
44b6_87bba6c4,26371,26660
44b6_87bba6c4,26372,26741
44b6_87bba6c4,26373,26777
44b6_87bba6c4,26374,26726
44b6_87bba6c4,26375,26732
44b6_87bba6c4,26376,26781
44b6_87bba6c4,26377,26730
44b6_87bba6c4,26380,26749
44b6_87bba6c4,26381,26774
44b6_87bba6c4,26383,26776
44b6_87bba6c4,26384,26735
44b6_87bba6c4,26389,26773
44b6_87bba6c4,26391,26775
44b6_87bba6c4,26395,26695
44b6_87bba6c4,26399,26766
44b6_87bba6c4,26405,26751
44b6_87bba6c4,26407,26789
44b6_87bba6c4,26408,26809
44b6_87bba6c4,26409,26837
44b6_87bba6c4,26410,26795
44b6_87bba6c4,26411,26799
44b6_87bba6c4,26412,26802
44b6_87bba6c4,26413,26796
44b6_87bba6c4,26414,26790
44b6_87bba6c4,26415,26794
44b6_87bba6c4,26417,26832
44b6_87bba6c4,26418,26793
44b6_87bba6c4,26419,26818
44b6_87bba6c4,26420,26801
44b6_87bba6c4,26421,26849
44b6_87bba6c4,26422,26803
44b6_87bba6c4,26423,26798
44b6_87bba6c4,26424,26808
44b6_87bba6c4,26425,26807
44b6_87bba6c4,26426,26813
44b6_87bba6c4,26427,26926
44b6_87bba6c4,26428,26831
44b6_87bba6c4,26429,26811
44b6_87bba6c4,26430,26814
44b6_87bba6c4,26431,26823
44b6_87bba6c4,26432,26833
44b6_87bba6c4,26434,26797
44b6_87bba6c4,26435,26944
44b6_87bba6c4,26436,26839
44b6_87bba6c4,26437,26800
44b6_87bba6c4,26438,26870
44b6_87bba6c4,26439,26804
44b6_87bba6c4,26440,26830
44b6_87bba6c4,26441,26841
44b6_87bba6c4,26442,26868
44b6_87bba6c4,26443,26819
44b6_87bba6c4,26444,26817
44b6_87bba6c4,26445,26824
44b6_87bba6c4,26446,26829
44b6_87bba6c4,26447,26840
44b6_87bba6c4,26449,26834
44b6_87bba6c4,26450,26792
44b6_87bba6c4,26451,26915
44b6_87bba6c4,26452,26826
44b6_87bba6c4,26453,26904
44b6_87bba6c4,26455,26816
44b6_87bba6c4,26456,26862
44b6_87bba6c4,26457,26836
44b6_87bba6c4,26458,27023
44b6_87bba6c4,26459,26854
44b6_87bba6c4,26460,26881
44b6_87bba6c4,26461,26822
44b6_87bba6c4,26462,26857
44b6_87bba6c4,26463,26936
44b6_87bba6c4,26464,26842
44b6_87bba6c4,26465,26820
44b6_87bba6c4,26466,26806
44b6_87bba6c4,26467,26827
44b6_87bba6c4,26468,26939
44b6_87bba6c4,26469,26835
44b6_87bba6c4,26470,26880
44b6_87bba6c4,26471,26825
44b6_87bba6c4,26473,26810
44b6_87bba6c4,26474,26828
44b6_87bba6c4,26475,26902
44b6_87bba6c4,26476,26871
44b6_87bba6c4,26477,26913
44b6_87bba6c4,26478,26873
44b6_87bba6c4,26479,26912
44b6_87bba6c4,26480,26907
44b6_87bba6c4,26481,26861
44b6_87bba6c4,26482,26869
44b6_87bba6c4,26483,26805
44b6_87bba6c4,26484,26838
44b6_87bba6c4,26485,26867
44b6_87bba6c4,26486,26864
44b6_87bba6c4,26487,26856
44b6_87bba6c4,26488,26850
44b6_87bba6c4,26489,26893
44b6_87bba6c4,26490,26875
44b6_87bba6c4,26491,26853
44b6_87bba6c4,26492,26848
44b6_87bba6c4,26493,26897
44b6_87bba6c4,26494,26919
44b6_87bba6c4,26495,26892
44b6_87bba6c4,26496,26909
44b6_87bba6c4,26497,26994
44b6_87bba6c4,26498,26843
44b6_87bba6c4,26499,26903
44b6_87bba6c4,26500,26865
44b6_87bba6c4,26501,26884
44b6_87bba6c4,26502,26859
44b6_87bba6c4,26503,27136
44b6_87bba6c4,26504,26894
44b6_87bba6c4,26505,26911
44b6_87bba6c4,26506,26847
44b6_87bba6c4,26508,26872
44b6_87bba6c4,26509,26858
44b6_87bba6c4,26510,26866
44b6_87bba6c4,26511,26896
44b6_87bba6c4,26513,26900
44b6_87bba6c4,26514,27102
44b6_87bba6c4,26515,26876
44b6_87bba6c4,26516,26852
44b6_87bba6c4,26517,26879
44b6_87bba6c4,26519,26899
44b6_87bba6c4,26520,27036
44b6_87bba6c4,26521,26889
44b6_87bba6c4,26525,26877
44b6_87bba6c4,26526,26923
44b6_87bba6c4,26527,26791
44b6_87bba6c4,26528,26846
44b6_87bba6c4,26530,26883
44b6_87bba6c4,26531,26888
44b6_87bba6c4,26532,26964
44b6_87bba6c4,26534,26874
44b6_87bba6c4,26535,27015
44b6_87bba6c4,26536,26960
44b6_87bba6c4,26537,26863
44b6_87bba6c4,26538,26921
44b6_87bba6c4,26539,26906
44b6_87bba6c4,26540,26979
44b6_87bba6c4,26541,26887
44b6_87bba6c4,26542,26905
44b6_87bba6c4,26543,26882
44b6_87bba6c4,26544,27003
44b6_87bba6c4,26545,26910
44b6_87bba6c4,26547,26851
44b6_87bba6c4,26548,26953
44b6_87bba6c4,26549,26886
44b6_87bba6c4,26550,26917
44b6_87bba6c4,26551,26942
44b6_87bba6c4,26553,26941
44b6_87bba6c4,26554,26885
44b6_87bba6c4,26555,26948
44b6_87bba6c4,26556,26965
44b6_87bba6c4,26557,27022
44b6_87bba6c4,26558,27084
44b6_87bba6c4,26560,26989
44b6_87bba6c4,26561,26969
44b6_87bba6c4,26562,26952
44b6_87bba6c4,26563,26914
44b6_87bba6c4,26565,26932
44b6_87bba6c4,26567,27009
44b6_87bba6c4,26568,26928
44b6_87bba6c4,26570,26957
44b6_87bba6c4,26571,26937
44b6_87bba6c4,26572,26895
44b6_87bba6c4,26573,26950
44b6_87bba6c4,26574,26954
44b6_87bba6c4,26575,27013
44b6_87bba6c4,26576,27144
44b6_87bba6c4,26577,27085
44b6_87bba6c4,26578,26968
44b6_87bba6c4,26579,26955
44b6_87bba6c4,26580,26916
44b6_87bba6c4,26581,26924
44b6_87bba6c4,26582,26946
44b6_87bba6c4,26583,26988
44b6_87bba6c4,26585,27035
44b6_87bba6c4,26587,27002
44b6_87bba6c4,26588,26961
44b6_87bba6c4,26589,26908
44b6_87bba6c4,26591,26997
44b6_87bba6c4,26592,26963
44b6_87bba6c4,26593,27103
44b6_87bba6c4,26594,26995
44b6_87bba6c4,26595,26999
44b6_87bba6c4,26597,26962
44b6_87bba6c4,26599,26993
44b6_87bba6c4,26600,27005
44b6_87bba6c4,26601,26991
44b6_87bba6c4,26604,26973
44b6_87bba6c4,26605,27025
44b6_87bba6c4,26606,26929
44b6_87bba6c4,26607,26977
44b6_87bba6c4,26608,26855
44b6_87bba6c4,26609,26947
44b6_87bba6c4,26610,27011
44b6_87bba6c4,26611,27006
44b6_87bba6c4,26612,27052
44b6_87bba6c4,26613,26996
44b6_87bba6c4,26614,26982
44b6_87bba6c4,26615,27086
44b6_87bba6c4,26616,26983
44b6_87bba6c4,26617,26956
44b6_87bba6c4,26618,27007
44b6_87bba6c4,26619,27061
44b6_87bba6c4,26620,26940
44b6_87bba6c4,26621,26933
44b6_87bba6c4,26622,26978
44b6_87bba6c4,26623,26970
44b6_87bba6c4,26625,26972
44b6_87bba6c4,26627,26986
44b6_87bba6c4,26628,26985
44b6_87bba6c4,26629,27032
44b6_87bba6c4,26630,26984
44b6_87bba6c4,26632,26987
44b6_87bba6c4,26633,26966
44b6_87bba6c4,26634,27019
44b6_87bba6c4,26635,27030
44b6_87bba6c4,26636,27067
44b6_87bba6c4,26637,27095
44b6_87bba6c4,26638,26945
44b6_87bba6c4,26639,27024
44b6_87bba6c4,26640,27021
44b6_87bba6c4,26641,26998
44b6_87bba6c4,26643,27051
44b6_87bba6c4,26644,27045
44b6_87bba6c4,26645,27145
44b6_87bba6c4,26646,27099
44b6_87bba6c4,26647,26971
44b6_87bba6c4,26648,27038
44b6_87bba6c4,26649,27001
44b6_87bba6c4,26650,27063
44b6_87bba6c4,26651,27119
44b6_87bba6c4,26652,27106
44b6_87bba6c4,26653,27150
44b6_87bba6c4,26654,27068
44b6_87bba6c4,26655,27096
44b6_87bba6c4,26656,27087
44b6_87bba6c4,26659,26821
44b6_87bba6c4,26660,27069
44b6_87bba6c4,26661,27070
44b6_87bba6c4,26662,27066
44b6_87bba6c4,26663,26951
44b6_87bba6c4,26664,27049
44b6_87bba6c4,26665,26958
44b6_87bba6c4,26666,27094
44b6_87bba6c4,26667,27076
44b6_87bba6c4,26668,27147
44b6_87bba6c4,26669,27083
44b6_87bba6c4,26670,27004
44b6_87bba6c4,26673,27088
44b6_87bba6c4,26674,27062
44b6_87bba6c4,26675,27120
44b6_87bba6c4,26677,27027
44b6_87bba6c4,26678,27029
44b6_87bba6c4,26681,27101
44b6_87bba6c4,26682,27059
44b6_87bba6c4,26683,26949
44b6_87bba6c4,26684,26974
44b6_87bba6c4,26685,27072
44b6_87bba6c4,26686,27044
44b6_87bba6c4,26688,27098
44b6_87bba6c4,26690,27057
44b6_87bba6c4,26691,27080
44b6_87bba6c4,26692,27039
44b6_87bba6c4,26693,27114
44b6_87bba6c4,26698,27058
44b6_87bba6c4,26699,27077
44b6_87bba6c4,26702,27153
44b6_87bba6c4,26703,27092
44b6_87bba6c4,26704,27053
44b6_87bba6c4,26705,27056
44b6_87bba6c4,26706,27016
44b6_87bba6c4,26707,27142
44b6_87bba6c4,26709,27073
44b6_87bba6c4,26710,27105
44b6_87bba6c4,26713,27100
44b6_87bba6c4,26714,27074
44b6_87bba6c4,26716,27122
44b6_87bba6c4,26717,27109
44b6_87bba6c4,26720,27126
44b6_87bba6c4,26724,27118
44b6_87bba6c4,26728,27014
44b6_87bba6c4,26729,27050
44b6_87bba6c4,26731,27037
44b6_87bba6c4,26732,27125
44b6_87bba6c4,26734,27107
44b6_87bba6c4,26736,27148
44b6_87bba6c4,26737,27081
44b6_87bba6c4,26746,27133
44b6_87bba6c4,26749,27137
44b6_87bba6c4,26753,27104
44b6_87bba6c4,26754,27151
44b6_87bba6c4,26756,27026
44b6_87bba6c4,26760,27048
44b6_87bba6c4,26766,27139
44b6_87bba6c4,26770,27075
44b6_87bba6c4,26771,27089
44b6_87bba6c4,26772,27093
44b6_87bba6c4,26773,27143
44b6_87bba6c4,26774,27047
44b6_87bba6c4,26775,27135
44b6_87bba6c4,26777,27097
44b6_87bba6c4,26781,27082
44b6_87bba6c4,26789,27157
44b6_87bba6c4,26790,27319
44b6_87bba6c4,26791,27340
44b6_87bba6c4,26792,27162
44b6_87bba6c4,26793,27177
44b6_87bba6c4,26794,27166
44b6_87bba6c4,26795,27169
44b6_87bba6c4,26796,27160
44b6_87bba6c4,26797,27176
44b6_87bba6c4,26798,27168
44b6_87bba6c4,26799,27163
44b6_87bba6c4,26800,27165
44b6_87bba6c4,26801,27170
44b6_87bba6c4,26802,27156
44b6_87bba6c4,26803,27167
44b6_87bba6c4,26804,27202
44b6_87bba6c4,26807,27164
44b6_87bba6c4,26808,27217
44b6_87bba6c4,26809,27192
44b6_87bba6c4,26810,27236
44b6_87bba6c4,26814,27173
44b6_87bba6c4,26816,27216
44b6_87bba6c4,26817,27260
44b6_87bba6c4,26818,27187
44b6_87bba6c4,26820,27214
44b6_87bba6c4,26822,27193
44b6_87bba6c4,26823,27246
44b6_87bba6c4,26824,27209
44b6_87bba6c4,26825,27352
44b6_87bba6c4,26826,27189
44b6_87bba6c4,26827,27234
44b6_87bba6c4,26828,27190
44b6_87bba6c4,26829,27181
44b6_87bba6c4,26830,27172
44b6_87bba6c4,26831,27174
44b6_87bba6c4,26832,27248
44b6_87bba6c4,26833,27175
44b6_87bba6c4,26834,27222
44b6_87bba6c4,26835,27182
44b6_87bba6c4,26836,27198
44b6_87bba6c4,26838,27197
44b6_87bba6c4,26840,27332
44b6_87bba6c4,26841,27230
44b6_87bba6c4,26842,27292
44b6_87bba6c4,26844,27325
44b6_87bba6c4,26846,27257
44b6_87bba6c4,26847,27201
44b6_87bba6c4,26848,27184
44b6_87bba6c4,26850,27186
44b6_87bba6c4,26851,27272
44b6_87bba6c4,26852,27271
44b6_87bba6c4,26853,27200
44b6_87bba6c4,26854,27235
44b6_87bba6c4,26855,27241
44b6_87bba6c4,26856,27233
44b6_87bba6c4,26857,27211
44b6_87bba6c4,26860,27275
44b6_87bba6c4,26861,27215
44b6_87bba6c4,26862,27183
44b6_87bba6c4,26863,27242
44b6_87bba6c4,26866,27259
44b6_87bba6c4,26867,27387
44b6_87bba6c4,26868,27224
44b6_87bba6c4,26869,27238
44b6_87bba6c4,26872,27237
44b6_87bba6c4,26875,27245
44b6_87bba6c4,26876,27204
44b6_87bba6c4,26877,27226
44b6_87bba6c4,26878,27254
44b6_87bba6c4,26879,27253
44b6_87bba6c4,26882,27196
44b6_87bba6c4,26883,27218
44b6_87bba6c4,26884,27247
44b6_87bba6c4,26885,27223
44b6_87bba6c4,26887,27185
44b6_87bba6c4,26890,27203
44b6_87bba6c4,26891,27250
44b6_87bba6c4,26893,27283
44b6_87bba6c4,26894,27180
44b6_87bba6c4,26896,27281
44b6_87bba6c4,26897,27212
44b6_87bba6c4,26898,27356
44b6_87bba6c4,26899,27194
44b6_87bba6c4,26900,27268
44b6_87bba6c4,26901,27266
44b6_87bba6c4,26902,27228
44b6_87bba6c4,26904,27300
44b6_87bba6c4,26905,27287
44b6_87bba6c4,26906,27232
44b6_87bba6c4,26909,27243
44b6_87bba6c4,26910,27315
44b6_87bba6c4,26911,27244
44b6_87bba6c4,26915,27297
44b6_87bba6c4,26916,27342
44b6_87bba6c4,26918,27288
44b6_87bba6c4,26920,27310
44b6_87bba6c4,26921,27219
44b6_87bba6c4,26922,27320
44b6_87bba6c4,26923,27199
44b6_87bba6c4,26924,27258
44b6_87bba6c4,26925,27343
44b6_87bba6c4,26926,27375
44b6_87bba6c4,26928,27273
44b6_87bba6c4,26929,27264
44b6_87bba6c4,26930,27208
44b6_87bba6c4,26931,27337
44b6_87bba6c4,26932,27335
44b6_87bba6c4,26933,27282
44b6_87bba6c4,26934,27345
44b6_87bba6c4,26936,27207
44b6_87bba6c4,26937,27349
44b6_87bba6c4,26938,27221
44b6_87bba6c4,26939,27353
44b6_87bba6c4,26940,27317
44b6_87bba6c4,26941,27417
44b6_87bba6c4,26942,27305
44b6_87bba6c4,26944,27321
44b6_87bba6c4,26945,27274
44b6_87bba6c4,26946,27261
44b6_87bba6c4,26947,27312
44b6_87bba6c4,26948,27314
44b6_87bba6c4,26951,27179
44b6_87bba6c4,26952,27338
44b6_87bba6c4,26953,27437
44b6_87bba6c4,26955,27313
44b6_87bba6c4,26957,27286
44b6_87bba6c4,26958,27294
44b6_87bba6c4,26959,27301
44b6_87bba6c4,26960,27295
44b6_87bba6c4,26962,27293
44b6_87bba6c4,26964,27285
44b6_87bba6c4,26965,27309
44b6_87bba6c4,26966,27291
44b6_87bba6c4,26967,27369
44b6_87bba6c4,26968,27408
44b6_87bba6c4,26969,27427
44b6_87bba6c4,26971,27399
44b6_87bba6c4,26972,27391
44b6_87bba6c4,26973,27298
44b6_87bba6c4,26974,27390
44b6_87bba6c4,26979,27392
44b6_87bba6c4,26980,27377
44b6_87bba6c4,26982,27361
44b6_87bba6c4,26983,27267
44b6_87bba6c4,26986,27311
44b6_87bba6c4,26987,27468
44b6_87bba6c4,26988,27296
44b6_87bba6c4,26989,27358
44b6_87bba6c4,26991,27256
44b6_87bba6c4,26992,27397
44b6_87bba6c4,26993,27306
44b6_87bba6c4,26996,27347
44b6_87bba6c4,26997,27348
44b6_87bba6c4,26999,27284
44b6_87bba6c4,27000,27341
44b6_87bba6c4,27005,27370
44b6_87bba6c4,27006,27372
44b6_87bba6c4,27007,27333
44b6_87bba6c4,27009,27355
44b6_87bba6c4,27011,27368
44b6_87bba6c4,27013,27354
44b6_87bba6c4,27014,27414
44b6_87bba6c4,27020,27280
44b6_87bba6c4,27021,27401
44b6_87bba6c4,27022,27270
44b6_87bba6c4,27023,27380
44b6_87bba6c4,27025,27458
44b6_87bba6c4,27026,27389
44b6_87bba6c4,27027,27405
44b6_87bba6c4,27029,27364
44b6_87bba6c4,27032,27431
44b6_87bba6c4,27033,27299
44b6_87bba6c4,27035,27445
44b6_87bba6c4,27040,27324
44b6_87bba6c4,27042,27398
44b6_87bba6c4,27045,27404
44b6_87bba6c4,27048,27269
44b6_87bba6c4,27049,27327
44b6_87bba6c4,27050,27330
44b6_87bba6c4,27051,27360
44b6_87bba6c4,27052,27379
44b6_87bba6c4,27053,27395
44b6_87bba6c4,27054,27461
44b6_87bba6c4,27055,27384
44b6_87bba6c4,27058,27418
44b6_87bba6c4,27059,27419
44b6_87bba6c4,27062,27334
44b6_87bba6c4,27063,27410
44b6_87bba6c4,27065,27383
44b6_87bba6c4,27066,27400
44b6_87bba6c4,27069,27371
44b6_87bba6c4,27070,27407
44b6_87bba6c4,27074,27452
44b6_87bba6c4,27077,27231
44b6_87bba6c4,27078,27366
44b6_87bba6c4,27079,27434
44b6_87bba6c4,27080,27252
44b6_87bba6c4,27081,27432
44b6_87bba6c4,27082,27433
44b6_87bba6c4,27087,27469
44b6_87bba6c4,27092,27396
44b6_87bba6c4,27093,27484
44b6_87bba6c4,27094,27373
44b6_87bba6c4,27095,27444
44b6_87bba6c4,27098,27465
44b6_87bba6c4,27099,27382
44b6_87bba6c4,27104,27430
44b6_87bba6c4,27105,27365
44b6_87bba6c4,27106,27487
44b6_87bba6c4,27107,27450
44b6_87bba6c4,27113,27464
44b6_87bba6c4,27114,27480
44b6_87bba6c4,27116,27471
44b6_87bba6c4,27118,27473
44b6_87bba6c4,27120,27443
44b6_87bba6c4,27122,27441
44b6_87bba6c4,27123,27448
44b6_87bba6c4,27126,27436
44b6_87bba6c4,27131,27359
44b6_87bba6c4,27133,27442
44b6_87bba6c4,27134,27492
44b6_87bba6c4,27135,27440
44b6_87bba6c4,27137,27453
44b6_87bba6c4,27138,27501
44b6_87bba6c4,27144,27478
44b6_87bba6c4,27145,27303
44b6_87bba6c4,27151,27415
44b6_87bba6c4,27156,27503
44b6_87bba6c4,27157,27507
44b6_87bba6c4,27158,27504
44b6_87bba6c4,27159,27502
44b6_87bba6c4,27160,27508
44b6_87bba6c4,27162,27523
44b6_87bba6c4,27163,27534
44b6_87bba6c4,27164,27511
44b6_87bba6c4,27165,27526
44b6_87bba6c4,27166,27512
44b6_87bba6c4,27167,27506
44b6_87bba6c4,27168,27525
44b6_87bba6c4,27169,27574
44b6_87bba6c4,27170,27509
44b6_87bba6c4,27171,27626
44b6_87bba6c4,27172,27535
44b6_87bba6c4,27173,27594
44b6_87bba6c4,27174,27515
44b6_87bba6c4,27175,27548
44b6_87bba6c4,27176,27565
44b6_87bba6c4,27177,27532
44b6_87bba6c4,27178,27519
44b6_87bba6c4,27179,27518
44b6_87bba6c4,27180,27520
44b6_87bba6c4,27181,27538
44b6_87bba6c4,27182,27550
44b6_87bba6c4,27184,27544
44b6_87bba6c4,27185,27516
44b6_87bba6c4,27186,27558
44b6_87bba6c4,27187,27530
44b6_87bba6c4,27188,27552
44b6_87bba6c4,27189,27542
44b6_87bba6c4,27190,27564
44b6_87bba6c4,27191,27531
44b6_87bba6c4,27192,27559
44b6_87bba6c4,27193,27556
44b6_87bba6c4,27194,27580
44b6_87bba6c4,27195,27567
44b6_87bba6c4,27196,27576
44b6_87bba6c4,27197,27529
44b6_87bba6c4,27198,27527
44b6_87bba6c4,27199,27605
44b6_87bba6c4,27200,27555
44b6_87bba6c4,27202,27536
44b6_87bba6c4,27203,27510
44b6_87bba6c4,27204,27517
44b6_87bba6c4,27205,27589
44b6_87bba6c4,27206,27653
44b6_87bba6c4,27207,27578
44b6_87bba6c4,27208,27549
44b6_87bba6c4,27209,27587
44b6_87bba6c4,27210,27524
44b6_87bba6c4,27211,27521
44b6_87bba6c4,27212,27600
44b6_87bba6c4,27213,27575
44b6_87bba6c4,27214,27596
44b6_87bba6c4,27215,27543
44b6_87bba6c4,27216,27541
44b6_87bba6c4,27219,27568
44b6_87bba6c4,27220,27590
44b6_87bba6c4,27221,27513
44b6_87bba6c4,27222,27566
44b6_87bba6c4,27223,27577
44b6_87bba6c4,27224,27688
44b6_87bba6c4,27225,27573
44b6_87bba6c4,27226,27599
44b6_87bba6c4,27227,27522
44b6_87bba6c4,27228,27553
44b6_87bba6c4,27229,27630
44b6_87bba6c4,27230,27612
44b6_87bba6c4,27231,27662
44b6_87bba6c4,27232,27595
44b6_87bba6c4,27233,27505
44b6_87bba6c4,27234,27560
44b6_87bba6c4,27235,27610
44b6_87bba6c4,27236,27569
44b6_87bba6c4,27237,27584
44b6_87bba6c4,27238,27557
44b6_87bba6c4,27240,27609
44b6_87bba6c4,27241,27664
44b6_87bba6c4,27242,27632
44b6_87bba6c4,27243,27581
44b6_87bba6c4,27244,27579
44b6_87bba6c4,27245,27586
44b6_87bba6c4,27246,27551
44b6_87bba6c4,27247,27537
44b6_87bba6c4,27248,27588
44b6_87bba6c4,27249,27582
44b6_87bba6c4,27250,27672
44b6_87bba6c4,27251,27608
44b6_87bba6c4,27252,27618
44b6_87bba6c4,27253,27644
44b6_87bba6c4,27254,27643
44b6_87bba6c4,27255,27598
44b6_87bba6c4,27256,27614
44b6_87bba6c4,27257,27603
44b6_87bba6c4,27259,27592
44b6_87bba6c4,27260,27572
44b6_87bba6c4,27261,27673
44b6_87bba6c4,27262,27613
44b6_87bba6c4,27263,27571
44b6_87bba6c4,27264,27668
44b6_87bba6c4,27265,27539
44b6_87bba6c4,27266,27528
44b6_87bba6c4,27267,27583
44b6_87bba6c4,27268,27633
44b6_87bba6c4,27269,27698
44b6_87bba6c4,27271,27570
44b6_87bba6c4,27272,27705
44b6_87bba6c4,27273,27704
44b6_87bba6c4,27274,27658
44b6_87bba6c4,27275,27677
44b6_87bba6c4,27276,27635
44b6_87bba6c4,27277,27621
44b6_87bba6c4,27280,27561
44b6_87bba6c4,27281,27602
44b6_87bba6c4,27282,27661
44b6_87bba6c4,27283,27619
44b6_87bba6c4,27284,27620
44b6_87bba6c4,27285,27691
44b6_87bba6c4,27286,27563
44b6_87bba6c4,27287,27625
44b6_87bba6c4,27288,27647
44b6_87bba6c4,27289,27675
44b6_87bba6c4,27290,27622
44b6_87bba6c4,27291,27666
44b6_87bba6c4,27292,27593
44b6_87bba6c4,27293,27694
44b6_87bba6c4,27294,27607
44b6_87bba6c4,27295,27646
44b6_87bba6c4,27296,27695
44b6_87bba6c4,27297,27645
44b6_87bba6c4,27298,27743
44b6_87bba6c4,27299,27640
44b6_87bba6c4,27300,27717
44b6_87bba6c4,27301,27591
44b6_87bba6c4,27303,27627
44b6_87bba6c4,27304,27657
44b6_87bba6c4,27306,27659
44b6_87bba6c4,27307,27669
44b6_87bba6c4,27308,27686
44b6_87bba6c4,27309,27696
44b6_87bba6c4,27310,27708
44b6_87bba6c4,27312,27674
44b6_87bba6c4,27313,27667
44b6_87bba6c4,27314,27639
44b6_87bba6c4,27315,27671
44b6_87bba6c4,27317,27689
44b6_87bba6c4,27318,27682
44b6_87bba6c4,27319,27685
44b6_87bba6c4,27320,27783
44b6_87bba6c4,27321,27651
44b6_87bba6c4,27322,27606
44b6_87bba6c4,27324,27697
44b6_87bba6c4,27325,27562
44b6_87bba6c4,27326,27693
44b6_87bba6c4,27328,27660
44b6_87bba6c4,27329,27634
44b6_87bba6c4,27330,27740
44b6_87bba6c4,27331,27615
44b6_87bba6c4,27333,27707
44b6_87bba6c4,27334,27679
44b6_87bba6c4,27335,27721
44b6_87bba6c4,27336,27728
44b6_87bba6c4,27338,27750
44b6_87bba6c4,27340,27637
44b6_87bba6c4,27341,27670
44b6_87bba6c4,27342,27687
44b6_87bba6c4,27344,27681
44b6_87bba6c4,27345,27629
44b6_87bba6c4,27346,27684
44b6_87bba6c4,27347,27747
44b6_87bba6c4,27349,27642
44b6_87bba6c4,27351,27720
44b6_87bba6c4,27352,27716
44b6_87bba6c4,27353,27611
44b6_87bba6c4,27354,27585
44b6_87bba6c4,27355,27729
44b6_87bba6c4,27356,27652
44b6_87bba6c4,27357,27711
44b6_87bba6c4,27358,27678
44b6_87bba6c4,27359,27624
44b6_87bba6c4,27360,27727
44b6_87bba6c4,27362,27631
44b6_87bba6c4,27363,27726
44b6_87bba6c4,27364,27769
44b6_87bba6c4,27365,27690
44b6_87bba6c4,27367,27754
44b6_87bba6c4,27368,27641
44b6_87bba6c4,27369,27775
44b6_87bba6c4,27370,27751
44b6_87bba6c4,27371,27706
44b6_87bba6c4,27372,27718
44b6_87bba6c4,27373,27617
44b6_87bba6c4,27375,27746
44b6_87bba6c4,27377,27709
44b6_87bba6c4,27378,27676
44b6_87bba6c4,27379,27787
44b6_87bba6c4,27380,27638
44b6_87bba6c4,27382,27734
44b6_87bba6c4,27383,27781
44b6_87bba6c4,27384,27683
44b6_87bba6c4,27385,27648
44b6_87bba6c4,27386,27823
44b6_87bba6c4,27387,27764
44b6_87bba6c4,27388,27654
44b6_87bba6c4,27392,27663
44b6_87bba6c4,27393,27710
44b6_87bba6c4,27394,27703
44b6_87bba6c4,27395,27739
44b6_87bba6c4,27396,27786
44b6_87bba6c4,27397,27665
44b6_87bba6c4,27398,27765
44b6_87bba6c4,27399,27757
44b6_87bba6c4,27400,27753
44b6_87bba6c4,27401,27715
44b6_87bba6c4,27402,27782
44b6_87bba6c4,27404,27752
44b6_87bba6c4,27405,27773
44b6_87bba6c4,27406,27714
44b6_87bba6c4,27407,27791
44b6_87bba6c4,27408,27785
44b6_87bba6c4,27409,27800
44b6_87bba6c4,27410,27767
44b6_87bba6c4,27412,27744
44b6_87bba6c4,27413,27700
44b6_87bba6c4,27417,27807
44b6_87bba6c4,27418,27816
44b6_87bba6c4,27419,27779
44b6_87bba6c4,27422,27799
44b6_87bba6c4,27423,27628
44b6_87bba6c4,27424,27699
44b6_87bba6c4,27425,27777
44b6_87bba6c4,27427,27702
44b6_87bba6c4,27429,27725
44b6_87bba6c4,27430,27818
44b6_87bba6c4,27431,27793
44b6_87bba6c4,27432,27768
44b6_87bba6c4,27433,27755
44b6_87bba6c4,27434,27749
44b6_87bba6c4,27435,27736
44b6_87bba6c4,27436,27774
44b6_87bba6c4,27437,27778
44b6_87bba6c4,27438,27745
44b6_87bba6c4,27440,27802
44b6_87bba6c4,27441,27780
44b6_87bba6c4,27444,27761
44b6_87bba6c4,27445,27813
44b6_87bba6c4,27447,27829
44b6_87bba6c4,27450,27817
44b6_87bba6c4,27451,27830
44b6_87bba6c4,27452,27771
44b6_87bba6c4,27453,27759
44b6_87bba6c4,27454,27815
44b6_87bba6c4,27456,27701
44b6_87bba6c4,27458,27833
44b6_87bba6c4,27460,27723
44b6_87bba6c4,27463,27838
44b6_87bba6c4,27464,27798
44b6_87bba6c4,27465,27837
44b6_87bba6c4,27466,27827
44b6_87bba6c4,27468,27836
44b6_87bba6c4,27471,27810
44b6_87bba6c4,27472,27795
44b6_87bba6c4,27473,27805
44b6_87bba6c4,27478,27797
44b6_87bba6c4,27480,27804
44b6_87bba6c4,27483,27814
44b6_87bba6c4,27488,27792
44b6_87bba6c4,27491,27840
44b6_87bba6c4,27495,27831
44b6_87bba6c4,27499,27822
44b6_87bba6c4,27503,27849
44b6_87bba6c4,27504,27848
44b6_87bba6c4,27505,27851
44b6_87bba6c4,27506,27869
44b6_87bba6c4,27507,27862
44b6_87bba6c4,27508,27852
44b6_87bba6c4,27509,27859
44b6_87bba6c4,27511,27863
44b6_87bba6c4,27512,27857
44b6_87bba6c4,27513,27856
44b6_87bba6c4,27515,27871
44b6_87bba6c4,27516,27853
44b6_87bba6c4,27517,27861
44b6_87bba6c4,27518,27875
44b6_87bba6c4,27519,27868
44b6_87bba6c4,27520,27951
44b6_87bba6c4,27521,27860
44b6_87bba6c4,27522,27896
44b6_87bba6c4,27523,27855
44b6_87bba6c4,27524,27939
44b6_87bba6c4,27525,27889
44b6_87bba6c4,27526,27850
44b6_87bba6c4,27527,27873
44b6_87bba6c4,27528,27909
44b6_87bba6c4,27530,27886
44b6_87bba6c4,27531,27867
44b6_87bba6c4,27532,27961
44b6_87bba6c4,27533,27870
44b6_87bba6c4,27534,27885
44b6_87bba6c4,27535,27865
44b6_87bba6c4,27536,27888
44b6_87bba6c4,27537,27935
44b6_87bba6c4,27538,27877
44b6_87bba6c4,27539,27854
44b6_87bba6c4,27540,27899
44b6_87bba6c4,27541,27902
44b6_87bba6c4,27542,27881
44b6_87bba6c4,27543,27879
44b6_87bba6c4,27544,27913
44b6_87bba6c4,27545,27994
44b6_87bba6c4,27546,27900
44b6_87bba6c4,27547,27892
44b6_87bba6c4,27548,27917
44b6_87bba6c4,27549,27891
44b6_87bba6c4,27550,27907
44b6_87bba6c4,27551,27983
44b6_87bba6c4,27552,27903
44b6_87bba6c4,27553,27858
44b6_87bba6c4,27554,27957
44b6_87bba6c4,27555,27914
44b6_87bba6c4,27557,27897
44b6_87bba6c4,27558,27948
44b6_87bba6c4,27559,27898
44b6_87bba6c4,27560,27864
44b6_87bba6c4,27561,27942
44b6_87bba6c4,27562,27926
44b6_87bba6c4,27563,27887
44b6_87bba6c4,27564,27927
44b6_87bba6c4,27565,27906
44b6_87bba6c4,27566,27882
44b6_87bba6c4,27567,27908
44b6_87bba6c4,27568,27946
44b6_87bba6c4,27569,27947
44b6_87bba6c4,27570,27920
44b6_87bba6c4,27571,27934
44b6_87bba6c4,27572,27894
44b6_87bba6c4,27575,27937
44b6_87bba6c4,27576,27884
44b6_87bba6c4,27577,27866
44b6_87bba6c4,27578,27890
44b6_87bba6c4,27580,27923
44b6_87bba6c4,27581,27922
44b6_87bba6c4,27582,27915
44b6_87bba6c4,27583,27968
44b6_87bba6c4,27585,27950
44b6_87bba6c4,27586,27911
44b6_87bba6c4,27587,27953
44b6_87bba6c4,27588,27931
44b6_87bba6c4,27589,27933
44b6_87bba6c4,27590,27974
44b6_87bba6c4,27591,27925
44b6_87bba6c4,27592,28020
44b6_87bba6c4,27593,27943
44b6_87bba6c4,27594,27880
44b6_87bba6c4,27595,27893
44b6_87bba6c4,27596,27991
44b6_87bba6c4,27597,27978
44b6_87bba6c4,27598,27997
44b6_87bba6c4,27599,27960
44b6_87bba6c4,27600,28037
44b6_87bba6c4,27602,27883
44b6_87bba6c4,27603,27936
44b6_87bba6c4,27604,27976
44b6_87bba6c4,27605,27921
44b6_87bba6c4,27606,27910
44b6_87bba6c4,27607,27929
44b6_87bba6c4,27608,28001
44b6_87bba6c4,27609,27944
44b6_87bba6c4,27610,27982
44b6_87bba6c4,27612,27963
44b6_87bba6c4,27613,27878
44b6_87bba6c4,27614,27954
44b6_87bba6c4,27615,27966
44b6_87bba6c4,27616,28009
44b6_87bba6c4,27617,28064
44b6_87bba6c4,27618,27958
44b6_87bba6c4,27619,27941
44b6_87bba6c4,27620,28002
44b6_87bba6c4,27621,27928
44b6_87bba6c4,27622,28092
44b6_87bba6c4,27623,27964
44b6_87bba6c4,27625,27989
44b6_87bba6c4,27627,27962
44b6_87bba6c4,27628,28080
44b6_87bba6c4,27629,27990
44b6_87bba6c4,27631,28021
44b6_87bba6c4,27632,27919
44b6_87bba6c4,27633,28033
44b6_87bba6c4,27635,27999
44b6_87bba6c4,27637,27979
44b6_87bba6c4,27638,27973
44b6_87bba6c4,27639,27981
44b6_87bba6c4,27640,28000
44b6_87bba6c4,27641,27949
44b6_87bba6c4,27643,27901
44b6_87bba6c4,27644,27952
44b6_87bba6c4,27645,27992
44b6_87bba6c4,27646,28013
44b6_87bba6c4,27648,27955
44b6_87bba6c4,27649,28007
44b6_87bba6c4,27650,28019
44b6_87bba6c4,27651,28049
44b6_87bba6c4,27652,28038
44b6_87bba6c4,27653,28047
44b6_87bba6c4,27654,28023
44b6_87bba6c4,27656,27945
44b6_87bba6c4,27658,28045
44b6_87bba6c4,27659,27967
44b6_87bba6c4,27660,28025
44b6_87bba6c4,27661,28053
44b6_87bba6c4,27662,27918
44b6_87bba6c4,27664,27995
44b6_87bba6c4,27665,28041
44b6_87bba6c4,27666,27975
44b6_87bba6c4,27667,28034
44b6_87bba6c4,27668,27959
44b6_87bba6c4,27669,28027
44b6_87bba6c4,27670,28028
44b6_87bba6c4,27671,27972
44b6_87bba6c4,27673,28005
44b6_87bba6c4,27674,28040
44b6_87bba6c4,27675,28003
44b6_87bba6c4,27676,28089
44b6_87bba6c4,27677,27938
44b6_87bba6c4,27679,27912
44b6_87bba6c4,27680,27916
44b6_87bba6c4,27682,28006
44b6_87bba6c4,27683,27971
44b6_87bba6c4,27685,28014
44b6_87bba6c4,27686,28010
44b6_87bba6c4,27687,28102
44b6_87bba6c4,27688,28008
44b6_87bba6c4,27690,27988
44b6_87bba6c4,27691,28055
44b6_87bba6c4,27692,28050
44b6_87bba6c4,27693,27969
44b6_87bba6c4,27694,28103
44b6_87bba6c4,27695,28081
44b6_87bba6c4,27696,27985
44b6_87bba6c4,27697,27980
44b6_87bba6c4,27698,27986
44b6_87bba6c4,27699,28051
44b6_87bba6c4,27700,28043
44b6_87bba6c4,27701,28024
44b6_87bba6c4,27702,28091
44b6_87bba6c4,27703,28029
44b6_87bba6c4,27704,28058
44b6_87bba6c4,27706,28035
44b6_87bba6c4,27707,28017
44b6_87bba6c4,27708,28046
44b6_87bba6c4,27709,28068
44b6_87bba6c4,27710,28079
44b6_87bba6c4,27711,28069
44b6_87bba6c4,27713,28057
44b6_87bba6c4,27714,28032
44b6_87bba6c4,27716,28044
44b6_87bba6c4,27717,28077
44b6_87bba6c4,27718,28090
44b6_87bba6c4,27720,27998
44b6_87bba6c4,27722,28030
44b6_87bba6c4,27723,28087
44b6_87bba6c4,27724,27872
44b6_87bba6c4,27725,28088
44b6_87bba6c4,27728,28076
44b6_87bba6c4,27729,28073
44b6_87bba6c4,27731,28097
44b6_87bba6c4,27734,28075
44b6_87bba6c4,27736,28122
44b6_87bba6c4,27738,28048
44b6_87bba6c4,27739,28012
44b6_87bba6c4,27740,28062
44b6_87bba6c4,27741,28083
44b6_87bba6c4,27742,27904
44b6_87bba6c4,27744,27970
44b6_87bba6c4,27745,28065
44b6_87bba6c4,27748,28126
44b6_87bba6c4,27749,28052
44b6_87bba6c4,27750,28082
44b6_87bba6c4,27751,28078
44b6_87bba6c4,27752,28143
44b6_87bba6c4,27754,28106
44b6_87bba6c4,27755,28074
44b6_87bba6c4,27756,28100
44b6_87bba6c4,27757,28054
44b6_87bba6c4,27759,28121
44b6_87bba6c4,27760,28067
44b6_87bba6c4,27761,28108
44b6_87bba6c4,27765,28107
44b6_87bba6c4,27766,28026
44b6_87bba6c4,27767,28151
44b6_87bba6c4,27768,28093
44b6_87bba6c4,27769,28059
44b6_87bba6c4,27771,28042
44b6_87bba6c4,27773,28039
44b6_87bba6c4,27774,28060
44b6_87bba6c4,27775,28071
44b6_87bba6c4,27776,28135
44b6_87bba6c4,27778,28127
44b6_87bba6c4,27779,27932
44b6_87bba6c4,27781,28101
44b6_87bba6c4,27782,28015
44b6_87bba6c4,27784,28144
44b6_87bba6c4,27786,28164
44b6_87bba6c4,27787,28031
44b6_87bba6c4,27788,28149
44b6_87bba6c4,27789,28118
44b6_87bba6c4,27791,28061
44b6_87bba6c4,27792,28133
44b6_87bba6c4,27795,28104
44b6_87bba6c4,27796,28114
44b6_87bba6c4,27797,28070
44b6_87bba6c4,27798,28036
44b6_87bba6c4,27801,28094
44b6_87bba6c4,27802,28120
44b6_87bba6c4,27803,28119
44b6_87bba6c4,27804,28137
44b6_87bba6c4,27805,28130
44b6_87bba6c4,27809,28129
44b6_87bba6c4,27810,28154
44b6_87bba6c4,27812,28140
44b6_87bba6c4,27813,28157
44b6_87bba6c4,27815,28177
44b6_87bba6c4,27816,28168
44b6_87bba6c4,27817,28161
44b6_87bba6c4,27828,28158
44b6_87bba6c4,27831,28152
44b6_87bba6c4,27833,28115
44b6_87bba6c4,27835,28179
44b6_87bba6c4,27837,28153
44b6_87bba6c4,27838,28109
44b6_87bba6c4,27842,28132
44b6_87bba6c4,27844,28170
44b6_87bba6c4,27846,28162
44b6_87bba6c4,27847,28128
44b6_87bba6c4,27848,28183
44b6_87bba6c4,27849,28245
44b6_87bba6c4,27850,28182
44b6_87bba6c4,27851,28185
44b6_87bba6c4,27852,28188
44b6_87bba6c4,27853,28240
44b6_87bba6c4,27854,28193
44b6_87bba6c4,27855,28199
44b6_87bba6c4,27856,28192
44b6_87bba6c4,27857,28259
44b6_87bba6c4,27858,28195
44b6_87bba6c4,27859,28184
44b6_87bba6c4,27860,28194
44b6_87bba6c4,27861,28187
44b6_87bba6c4,27862,28191
44b6_87bba6c4,27863,28213
44b6_87bba6c4,27864,28202
44b6_87bba6c4,27865,28198
44b6_87bba6c4,27866,28204
44b6_87bba6c4,27867,28197
44b6_87bba6c4,27868,28206
44b6_87bba6c4,27869,28217
44b6_87bba6c4,27870,28207
44b6_87bba6c4,27871,28224
44b6_87bba6c4,27872,28389
44b6_87bba6c4,27873,28219
44b6_87bba6c4,27874,28201
44b6_87bba6c4,27875,28218
44b6_87bba6c4,27876,28278
44b6_87bba6c4,27877,28205
44b6_87bba6c4,27878,28239
44b6_87bba6c4,27879,28226
44b6_87bba6c4,27880,28200
44b6_87bba6c4,27881,28211
44b6_87bba6c4,27882,28241
44b6_87bba6c4,27883,28189
44b6_87bba6c4,27884,28248
44b6_87bba6c4,27885,28223
44b6_87bba6c4,27886,28196
44b6_87bba6c4,27887,28221
44b6_87bba6c4,27888,28231
44b6_87bba6c4,27889,28229
44b6_87bba6c4,27890,28225
44b6_87bba6c4,27891,28222
44b6_87bba6c4,27892,28250
44b6_87bba6c4,27893,28230
44b6_87bba6c4,27894,28251
44b6_87bba6c4,27896,28262
44b6_87bba6c4,27897,28209
44b6_87bba6c4,27898,28208
44b6_87bba6c4,27899,28268
44b6_87bba6c4,27900,28232
44b6_87bba6c4,27901,28214
44b6_87bba6c4,27902,28234
44b6_87bba6c4,27903,28298
44b6_87bba6c4,27904,28186
44b6_87bba6c4,27905,28220
44b6_87bba6c4,27906,28216
44b6_87bba6c4,27907,28246
44b6_87bba6c4,27908,28277
44b6_87bba6c4,27909,28210
44b6_87bba6c4,27910,28334
44b6_87bba6c4,27911,28238
44b6_87bba6c4,27912,28237
44b6_87bba6c4,27913,28243
44b6_87bba6c4,27914,28254
44b6_87bba6c4,27915,28190
44b6_87bba6c4,27916,28399
44b6_87bba6c4,27917,28235
44b6_87bba6c4,27918,28293
44b6_87bba6c4,27921,28274
44b6_87bba6c4,27922,28349
44b6_87bba6c4,27923,28212
44b6_87bba6c4,27925,28300
44b6_87bba6c4,27926,28270
44b6_87bba6c4,27927,28275
44b6_87bba6c4,27928,28312
44b6_87bba6c4,27929,28256
44b6_87bba6c4,27931,28203
44b6_87bba6c4,27932,28292
44b6_87bba6c4,27933,28249
44b6_87bba6c4,27934,28253
44b6_87bba6c4,27935,28242
44b6_87bba6c4,27936,28244
44b6_87bba6c4,27937,28279
44b6_87bba6c4,27938,28228
44b6_87bba6c4,27939,28377
44b6_87bba6c4,27941,28247
44b6_87bba6c4,27943,28266
44b6_87bba6c4,27945,28255
44b6_87bba6c4,27947,28236
44b6_87bba6c4,27948,28264
44b6_87bba6c4,27949,28286
44b6_87bba6c4,27950,28299
44b6_87bba6c4,27951,28316
44b6_87bba6c4,27953,28252
44b6_87bba6c4,27954,28306
44b6_87bba6c4,27955,28271
44b6_87bba6c4,27958,28258
44b6_87bba6c4,27959,28341
44b6_87bba6c4,27960,28305
44b6_87bba6c4,27961,28257
44b6_87bba6c4,27962,28296
44b6_87bba6c4,27963,28297
44b6_87bba6c4,27965,28276
44b6_87bba6c4,27967,28352
44b6_87bba6c4,27968,28327
44b6_87bba6c4,27969,28260
44b6_87bba6c4,27970,28227
44b6_87bba6c4,27971,28372
44b6_87bba6c4,27972,28308
44b6_87bba6c4,27974,28289
44b6_87bba6c4,27975,28378
44b6_87bba6c4,27977,28267
44b6_87bba6c4,27978,28329
44b6_87bba6c4,27979,28294
44b6_87bba6c4,27980,28353
44b6_87bba6c4,27981,28282
44b6_87bba6c4,27982,28281
44b6_87bba6c4,27983,28287
44b6_87bba6c4,27986,28288
44b6_87bba6c4,27987,28283
44b6_87bba6c4,27988,28330
44b6_87bba6c4,27989,28325
44b6_87bba6c4,27990,28346
44b6_87bba6c4,27991,28307
44b6_87bba6c4,27992,28345
44b6_87bba6c4,27994,28233
44b6_87bba6c4,27995,28291
44b6_87bba6c4,27996,28318
44b6_87bba6c4,27997,28317
44b6_87bba6c4,27998,28320
44b6_87bba6c4,27999,28370
44b6_87bba6c4,28000,28304
44b6_87bba6c4,28001,28358
44b6_87bba6c4,28002,28295
44b6_87bba6c4,28003,28328
44b6_87bba6c4,28004,28383
44b6_87bba6c4,28005,28416
44b6_87bba6c4,28006,28332
44b6_87bba6c4,28007,28303
44b6_87bba6c4,28008,28263
44b6_87bba6c4,28009,28350
44b6_87bba6c4,28010,28374
44b6_87bba6c4,28012,28387
44b6_87bba6c4,28013,28408
44b6_87bba6c4,28014,28333
44b6_87bba6c4,28017,28391
44b6_87bba6c4,28018,28364
44b6_87bba6c4,28019,28354
44b6_87bba6c4,28020,28309
44b6_87bba6c4,28021,28413
44b6_87bba6c4,28022,28452
44b6_87bba6c4,28023,28340
44b6_87bba6c4,28024,28348
44b6_87bba6c4,28026,28375
44b6_87bba6c4,28027,28366
44b6_87bba6c4,28028,28360
44b6_87bba6c4,28031,28363
44b6_87bba6c4,28032,28323
44b6_87bba6c4,28034,28359
44b6_87bba6c4,28035,28379
44b6_87bba6c4,28036,28285
44b6_87bba6c4,28037,28302
44b6_87bba6c4,28038,28335
44b6_87bba6c4,28039,28400
44b6_87bba6c4,28042,28411
44b6_87bba6c4,28043,28394
44b6_87bba6c4,28045,28415
44b6_87bba6c4,28046,28321
44b6_87bba6c4,28047,28342
44b6_87bba6c4,28049,28371
44b6_87bba6c4,28050,28385
44b6_87bba6c4,28052,28437
44b6_87bba6c4,28053,28422
44b6_87bba6c4,28054,28390
44b6_87bba6c4,28055,28393
44b6_87bba6c4,28057,28373
44b6_87bba6c4,28058,28362
44b6_87bba6c4,28059,28343
44b6_87bba6c4,28061,28337
44b6_87bba6c4,28062,28453
44b6_87bba6c4,28064,28380
44b6_87bba6c4,28065,28356
44b6_87bba6c4,28066,28470
44b6_87bba6c4,28067,28347
44b6_87bba6c4,28068,28396
44b6_87bba6c4,28069,28427
44b6_87bba6c4,28070,28381
44b6_87bba6c4,28071,28461
44b6_87bba6c4,28072,28388
44b6_87bba6c4,28073,28402
44b6_87bba6c4,28074,28417
44b6_87bba6c4,28076,28409
44b6_87bba6c4,28077,28421
44b6_87bba6c4,28078,28430
44b6_87bba6c4,28079,28488
44b6_87bba6c4,28081,28386
44b6_87bba6c4,28083,28434
44b6_87bba6c4,28085,28444
44b6_87bba6c4,28088,28454
44b6_87bba6c4,28090,28443
44b6_87bba6c4,28091,28419
44b6_87bba6c4,28093,28404
44b6_87bba6c4,28094,28456
44b6_87bba6c4,28095,28465
44b6_87bba6c4,28096,28466
44b6_87bba6c4,28099,28463
44b6_87bba6c4,28101,28451
44b6_87bba6c4,28103,28450
44b6_87bba6c4,28104,28496
44b6_87bba6c4,28109,28489
44b6_87bba6c4,28110,28423
44b6_87bba6c4,28111,28502
44b6_87bba6c4,28114,28406
44b6_87bba6c4,28115,28440
44b6_87bba6c4,28116,28425
44b6_87bba6c4,28118,28433
44b6_87bba6c4,28120,28449
44b6_87bba6c4,28121,28482
44b6_87bba6c4,28122,28448
44b6_87bba6c4,28123,28273
44b6_87bba6c4,28125,28457
44b6_87bba6c4,28126,28483
44b6_87bba6c4,28127,28401
44b6_87bba6c4,28128,28472
44b6_87bba6c4,28129,28480
44b6_87bba6c4,28130,28429
44b6_87bba6c4,28131,28484
44b6_87bba6c4,28132,28479
44b6_87bba6c4,28133,28503
44b6_87bba6c4,28136,28474
44b6_87bba6c4,28137,28405
44b6_87bba6c4,28139,28431
44b6_87bba6c4,28141,28426
44b6_87bba6c4,28142,28485
44b6_87bba6c4,28143,28475
44b6_87bba6c4,28149,28468
44b6_87bba6c4,28151,28473
44b6_87bba6c4,28152,28478
44b6_87bba6c4,28153,28493
44b6_87bba6c4,28154,28486
44b6_87bba6c4,28157,28492
44b6_87bba6c4,28158,28441
44b6_87bba6c4,28162,28497
44b6_87bba6c4,28165,28414
44b6_87bba6c4,28173,28438
44b6_87bba6c4,28175,28507
44b6_87bba6c4,28182,28510
44b6_87bba6c4,28183,28522
44b6_87bba6c4,28184,28552
44b6_87bba6c4,28185,28515
44b6_87bba6c4,28186,28511
44b6_87bba6c4,28187,28517
44b6_87bba6c4,28188,28537
44b6_87bba6c4,28189,28530
44b6_87bba6c4,28190,28528
44b6_87bba6c4,28191,28518
44b6_87bba6c4,28192,28540
44b6_87bba6c4,28193,28554
44b6_87bba6c4,28194,28519
44b6_87bba6c4,28195,28520
44b6_87bba6c4,28196,28622
44b6_87bba6c4,28197,28521
44b6_87bba6c4,28198,28539
44b6_87bba6c4,28199,28514
44b6_87bba6c4,28200,28545
44b6_87bba6c4,28201,28513
44b6_87bba6c4,28202,28534
44b6_87bba6c4,28203,28546
44b6_87bba6c4,28204,28557
44b6_87bba6c4,28205,28524
44b6_87bba6c4,28206,28640
44b6_87bba6c4,28207,28533
44b6_87bba6c4,28208,28531
44b6_87bba6c4,28209,28559
44b6_87bba6c4,28210,28541
44b6_87bba6c4,28211,28553
44b6_87bba6c4,28212,28568
44b6_87bba6c4,28213,28527
44b6_87bba6c4,28214,28525
44b6_87bba6c4,28215,28558
44b6_87bba6c4,28216,28551
44b6_87bba6c4,28217,28543
44b6_87bba6c4,28218,28526
44b6_87bba6c4,28219,28570
44b6_87bba6c4,28220,28562
44b6_87bba6c4,28221,28603
44b6_87bba6c4,28222,28523
44b6_87bba6c4,28223,28561
44b6_87bba6c4,28224,28555
44b6_87bba6c4,28225,28593
44b6_87bba6c4,28226,28595
44b6_87bba6c4,28228,28576
44b6_87bba6c4,28229,28538
44b6_87bba6c4,28230,28569
44b6_87bba6c4,28231,28560
44b6_87bba6c4,28232,28532
44b6_87bba6c4,28233,28600
44b6_87bba6c4,28234,28626
44b6_87bba6c4,28235,28548
44b6_87bba6c4,28236,28574
44b6_87bba6c4,28237,28681
44b6_87bba6c4,28238,28556
44b6_87bba6c4,28239,28572
44b6_87bba6c4,28240,28639
44b6_87bba6c4,28241,28516
44b6_87bba6c4,28242,28617
44b6_87bba6c4,28243,28598
44b6_87bba6c4,28244,28592
44b6_87bba6c4,28245,28535
44b6_87bba6c4,28246,28571
44b6_87bba6c4,28247,28547
44b6_87bba6c4,28248,28577
44b6_87bba6c4,28249,28582
44b6_87bba6c4,28250,28599
44b6_87bba6c4,28251,28613
44b6_87bba6c4,28252,28601
44b6_87bba6c4,28253,28585
44b6_87bba6c4,28254,28583
44b6_87bba6c4,28255,28609
44b6_87bba6c4,28256,28587
44b6_87bba6c4,28257,28646
44b6_87bba6c4,28258,28611
44b6_87bba6c4,28259,28512
44b6_87bba6c4,28260,28590
44b6_87bba6c4,28261,28581
44b6_87bba6c4,28262,28575
44b6_87bba6c4,28263,28653
44b6_87bba6c4,28264,28665
44b6_87bba6c4,28265,28566
44b6_87bba6c4,28266,28605
44b6_87bba6c4,28267,28586
44b6_87bba6c4,28268,28608
44b6_87bba6c4,28269,28536
44b6_87bba6c4,28270,28550
44b6_87bba6c4,28271,28661
44b6_87bba6c4,28273,28606
44b6_87bba6c4,28274,28589
44b6_87bba6c4,28276,28594
44b6_87bba6c4,28277,28647
44b6_87bba6c4,28278,28549
44b6_87bba6c4,28279,28591
44b6_87bba6c4,28281,28623
44b6_87bba6c4,28282,28607
44b6_87bba6c4,28285,28588
44b6_87bba6c4,28286,28650
44b6_87bba6c4,28287,28683
44b6_87bba6c4,28288,28649
44b6_87bba6c4,28289,28610
44b6_87bba6c4,28290,28741
44b6_87bba6c4,28291,28690
44b6_87bba6c4,28292,28563
44b6_87bba6c4,28293,28643
44b6_87bba6c4,28296,28612
44b6_87bba6c4,28297,28580
44b6_87bba6c4,28298,28578
44b6_87bba6c4,28299,28722
44b6_87bba6c4,28301,28596
44b6_87bba6c4,28302,28677
44b6_87bba6c4,28303,28662
44b6_87bba6c4,28304,28691
44b6_87bba6c4,28305,28730
44b6_87bba6c4,28306,28628
44b6_87bba6c4,28307,28720
44b6_87bba6c4,28308,28654
44b6_87bba6c4,28309,28619
44b6_87bba6c4,28310,28644
44b6_87bba6c4,28311,28579
44b6_87bba6c4,28312,28624
44b6_87bba6c4,28313,28616
44b6_87bba6c4,28314,28615
44b6_87bba6c4,28315,28648
44b6_87bba6c4,28316,28635
44b6_87bba6c4,28317,28634
44b6_87bba6c4,28318,28656
44b6_87bba6c4,28319,28688
44b6_87bba6c4,28320,28659
44b6_87bba6c4,28321,28668
44b6_87bba6c4,28322,28645
44b6_87bba6c4,28323,28737
44b6_87bba6c4,28324,28542
44b6_87bba6c4,28325,28754
44b6_87bba6c4,28327,28602
44b6_87bba6c4,28328,28664
44b6_87bba6c4,28329,28651
44b6_87bba6c4,28330,28674
44b6_87bba6c4,28331,28666
44b6_87bba6c4,28332,28669
44b6_87bba6c4,28333,28692
44b6_87bba6c4,28334,28725
44b6_87bba6c4,28336,28620
44b6_87bba6c4,28337,28621
44b6_87bba6c4,28341,28706
44b6_87bba6c4,28342,28713
44b6_87bba6c4,28343,28700
44b6_87bba6c4,28344,28564
44b6_87bba6c4,28346,28708
44b6_87bba6c4,28347,28671
44b6_87bba6c4,28350,28676
44b6_87bba6c4,28351,28629
44b6_87bba6c4,28352,28675
44b6_87bba6c4,28353,28670
44b6_87bba6c4,28354,28729
44b6_87bba6c4,28356,28714
44b6_87bba6c4,28357,28707
44b6_87bba6c4,28358,28584
44b6_87bba6c4,28359,28652
44b6_87bba6c4,28360,28742
44b6_87bba6c4,28362,28684
44b6_87bba6c4,28363,28686
44b6_87bba6c4,28364,28716
44b6_87bba6c4,28365,28723
44b6_87bba6c4,28366,28746
44b6_87bba6c4,28367,28638
44b6_87bba6c4,28369,28663
44b6_87bba6c4,28370,28728
44b6_87bba6c4,28372,28695
44b6_87bba6c4,28373,28678
44b6_87bba6c4,28374,28726
44b6_87bba6c4,28375,28785
44b6_87bba6c4,28376,28704
44b6_87bba6c4,28377,28630
44b6_87bba6c4,28378,28641
44b6_87bba6c4,28379,28805
44b6_87bba6c4,28380,28734
44b6_87bba6c4,28381,28819
44b6_87bba6c4,28382,28727
44b6_87bba6c4,28383,28632
44b6_87bba6c4,28385,28709
44b6_87bba6c4,28386,28693
44b6_87bba6c4,28387,28717
44b6_87bba6c4,28388,28702
44b6_87bba6c4,28389,28715
44b6_87bba6c4,28390,28773
44b6_87bba6c4,28391,28657
44b6_87bba6c4,28392,28658
44b6_87bba6c4,28393,28637
44b6_87bba6c4,28394,28790
44b6_87bba6c4,28395,28703
44b6_87bba6c4,28396,28750
44b6_87bba6c4,28397,28761
44b6_87bba6c4,28400,28747
44b6_87bba6c4,28401,28762
44b6_87bba6c4,28402,28685
44b6_87bba6c4,28404,28712
44b6_87bba6c4,28405,28764
44b6_87bba6c4,28406,28768
44b6_87bba6c4,28407,28689
44b6_87bba6c4,28408,28718
44b6_87bba6c4,28409,28732
44b6_87bba6c4,28410,28655
44b6_87bba6c4,28411,28763
44b6_87bba6c4,28413,28757
44b6_87bba6c4,28414,28769
44b6_87bba6c4,28416,28743
44b6_87bba6c4,28417,28731
44b6_87bba6c4,28419,28680
44b6_87bba6c4,28421,28739
44b6_87bba6c4,28422,28698
44b6_87bba6c4,28424,28766
44b6_87bba6c4,28425,28748
44b6_87bba6c4,28427,28776
44b6_87bba6c4,28429,28753
44b6_87bba6c4,28430,28765
44b6_87bba6c4,28431,28724
44b6_87bba6c4,28432,28794
44b6_87bba6c4,28433,28791
44b6_87bba6c4,28434,28824
44b6_87bba6c4,28436,28778
44b6_87bba6c4,28437,28813
44b6_87bba6c4,28438,28797
44b6_87bba6c4,28440,28793
44b6_87bba6c4,28441,28784
44b6_87bba6c4,28443,28740
44b6_87bba6c4,28446,28795
44b6_87bba6c4,28448,28745
44b6_87bba6c4,28449,28775
44b6_87bba6c4,28450,28798
44b6_87bba6c4,28454,28770
44b6_87bba6c4,28456,28796
44b6_87bba6c4,28459,28814
44b6_87bba6c4,28462,28735
44b6_87bba6c4,28464,28811
44b6_87bba6c4,28466,28802
44b6_87bba6c4,28467,28788
44b6_87bba6c4,28469,28631
44b6_87bba6c4,28472,28705
44b6_87bba6c4,28473,28758
44b6_87bba6c4,28474,28806
44b6_87bba6c4,28475,28826
44b6_87bba6c4,28478,28832
44b6_87bba6c4,28479,28783
44b6_87bba6c4,28480,28804
44b6_87bba6c4,28481,28820
44b6_87bba6c4,28488,28779
44b6_87bba6c4,28489,28789
44b6_87bba6c4,28492,28828
44b6_87bba6c4,28495,28800
44b6_87bba6c4,28498,28711
44b6_87bba6c4,28502,28760
44b6_87bba6c4,28504,28830
44b6_87bba6c4,28510,28838
44b6_87bba6c4,28511,28843
44b6_87bba6c4,28512,28836
44b6_87bba6c4,28513,28880
44b6_87bba6c4,28514,28837
44b6_87bba6c4,28515,28841
44b6_87bba6c4,28516,28862
44b6_87bba6c4,28517,28839
44b6_87bba6c4,28518,28850
44b6_87bba6c4,28519,28858
44b6_87bba6c4,28520,28844
44b6_87bba6c4,28521,28854
44b6_87bba6c4,28522,28856
44b6_87bba6c4,28523,28845
44b6_87bba6c4,28524,28848
44b6_87bba6c4,28525,28852
44b6_87bba6c4,28526,28840
44b6_87bba6c4,28527,28855
44b6_87bba6c4,28528,28867
44b6_87bba6c4,28529,28942
44b6_87bba6c4,28530,28870
44b6_87bba6c4,28531,28960
44b6_87bba6c4,28532,28849
44b6_87bba6c4,28533,28847
44b6_87bba6c4,28534,28873
44b6_87bba6c4,28535,28866
44b6_87bba6c4,28536,28958
44b6_87bba6c4,28537,28861
44b6_87bba6c4,28538,28890
44b6_87bba6c4,28539,28871
44b6_87bba6c4,28540,28863
44b6_87bba6c4,28541,28904
44b6_87bba6c4,28542,28864
44b6_87bba6c4,28543,28879
44b6_87bba6c4,28544,28916
44b6_87bba6c4,28545,28853
44b6_87bba6c4,28546,28918
44b6_87bba6c4,28547,28859
44b6_87bba6c4,28548,28911
44b6_87bba6c4,28550,28860
44b6_87bba6c4,28551,28922
44b6_87bba6c4,28552,28842
44b6_87bba6c4,28553,28877
44b6_87bba6c4,28554,28846
44b6_87bba6c4,28555,28874
44b6_87bba6c4,28556,28886
44b6_87bba6c4,28557,28889
44b6_87bba6c4,28558,28938
44b6_87bba6c4,28559,28876
44b6_87bba6c4,28560,28857
44b6_87bba6c4,28561,28875
44b6_87bba6c4,28563,28899
44b6_87bba6c4,28564,28865
44b6_87bba6c4,28566,28882
44b6_87bba6c4,28567,28878
44b6_87bba6c4,28568,28965
44b6_87bba6c4,28569,28920
44b6_87bba6c4,28570,28969
44b6_87bba6c4,28571,28891
44b6_87bba6c4,28572,28892
44b6_87bba6c4,28573,28943
44b6_87bba6c4,28574,28851
44b6_87bba6c4,28575,28964
44b6_87bba6c4,28576,28888
44b6_87bba6c4,28577,28881
44b6_87bba6c4,28578,28962
44b6_87bba6c4,28579,28913
44b6_87bba6c4,28580,28929
44b6_87bba6c4,28581,28921
44b6_87bba6c4,28582,28902
44b6_87bba6c4,28583,28932
44b6_87bba6c4,28584,28895
44b6_87bba6c4,28585,28925
44b6_87bba6c4,28587,28897
44b6_87bba6c4,28588,28923
44b6_87bba6c4,28589,28915
44b6_87bba6c4,28591,28944
44b6_87bba6c4,28592,28894
44b6_87bba6c4,28594,29032
44b6_87bba6c4,28595,28919
44b6_87bba6c4,28596,29004
44b6_87bba6c4,28597,28884
44b6_87bba6c4,28598,28930
44b6_87bba6c4,28599,28963
44b6_87bba6c4,28600,28952
44b6_87bba6c4,28602,28903
44b6_87bba6c4,28603,28926
44b6_87bba6c4,28604,28978
44b6_87bba6c4,28605,28910
44b6_87bba6c4,28606,28947
44b6_87bba6c4,28607,28909
44b6_87bba6c4,28608,28908
44b6_87bba6c4,28610,28885
44b6_87bba6c4,28611,28905
44b6_87bba6c4,28612,28948
44b6_87bba6c4,28613,28950
44b6_87bba6c4,28614,28970
44b6_87bba6c4,28615,28954
44b6_87bba6c4,28616,29043
44b6_87bba6c4,28617,28953
44b6_87bba6c4,28618,28985
44b6_87bba6c4,28619,28906
44b6_87bba6c4,28620,28924
44b6_87bba6c4,28621,29037
44b6_87bba6c4,28623,28936
44b6_87bba6c4,28624,28968
44b6_87bba6c4,28626,28896
44b6_87bba6c4,28627,28973
44b6_87bba6c4,28629,28975
44b6_87bba6c4,28631,28933
44b6_87bba6c4,28632,28898
44b6_87bba6c4,28633,28959
44b6_87bba6c4,28634,28967
44b6_87bba6c4,28635,28935
44b6_87bba6c4,28637,28995
44b6_87bba6c4,28638,28940
44b6_87bba6c4,28639,28887
44b6_87bba6c4,28640,28872
44b6_87bba6c4,28641,28941
44b6_87bba6c4,28642,28883
44b6_87bba6c4,28643,28986
44b6_87bba6c4,28644,28998
44b6_87bba6c4,28646,28997
44b6_87bba6c4,28648,28946
44b6_87bba6c4,28649,28945
44b6_87bba6c4,28650,29010
44b6_87bba6c4,28651,28939
44b6_87bba6c4,28652,28966
44b6_87bba6c4,28653,28972
44b6_87bba6c4,28654,28980
44b6_87bba6c4,28655,29070
44b6_87bba6c4,28656,28984
44b6_87bba6c4,28658,29092
44b6_87bba6c4,28659,28951
44b6_87bba6c4,28661,29003
44b6_87bba6c4,28662,29000
44b6_87bba6c4,28663,29058
44b6_87bba6c4,28664,29033
44b6_87bba6c4,28666,29011
44b6_87bba6c4,28667,28900
44b6_87bba6c4,28669,28957
44b6_87bba6c4,28670,29096
44b6_87bba6c4,28671,28988
44b6_87bba6c4,28672,29122
44b6_87bba6c4,28673,28999
44b6_87bba6c4,28674,29018
44b6_87bba6c4,28675,28993
44b6_87bba6c4,28677,28971
44b6_87bba6c4,28679,28991
44b6_87bba6c4,28680,29025
44b6_87bba6c4,28681,28931
44b6_87bba6c4,28683,29053
44b6_87bba6c4,28684,28983
44b6_87bba6c4,28685,28994
44b6_87bba6c4,28686,29062
44b6_87bba6c4,28689,29075
44b6_87bba6c4,28690,28956
44b6_87bba6c4,28691,29029
44b6_87bba6c4,28692,29019
44b6_87bba6c4,28694,29066
44b6_87bba6c4,28695,28996
44b6_87bba6c4,28696,29051
44b6_87bba6c4,28697,28974
44b6_87bba6c4,28698,29002
44b6_87bba6c4,28699,29022
44b6_87bba6c4,28700,29038
44b6_87bba6c4,28702,29082
44b6_87bba6c4,28703,29021
44b6_87bba6c4,28704,29028
44b6_87bba6c4,28705,29098
44b6_87bba6c4,28706,29013
44b6_87bba6c4,28708,28982
44b6_87bba6c4,28710,28981
44b6_87bba6c4,28711,29088
44b6_87bba6c4,28712,29060
44b6_87bba6c4,28713,28937
44b6_87bba6c4,28714,29084
44b6_87bba6c4,28716,29087
44b6_87bba6c4,28717,28912
44b6_87bba6c4,28718,29042
44b6_87bba6c4,28721,29041
44b6_87bba6c4,28722,28979
44b6_87bba6c4,28723,29023
44b6_87bba6c4,28724,29052
44b6_87bba6c4,28725,29141
44b6_87bba6c4,28726,29015
44b6_87bba6c4,28727,29054
44b6_87bba6c4,28728,29074
44b6_87bba6c4,28729,29017
44b6_87bba6c4,28730,29040
44b6_87bba6c4,28731,29047
44b6_87bba6c4,28732,29061
44b6_87bba6c4,28733,28989
44b6_87bba6c4,28734,29127
44b6_87bba6c4,28736,29069
44b6_87bba6c4,28737,29056
44b6_87bba6c4,28739,29031
44b6_87bba6c4,28740,29036
44b6_87bba6c4,28741,28961
44b6_87bba6c4,28743,29126
44b6_87bba6c4,28744,29045
44b6_87bba6c4,28745,28955
44b6_87bba6c4,28746,29111
44b6_87bba6c4,28747,29073
44b6_87bba6c4,28749,29121
44b6_87bba6c4,28750,29077
44b6_87bba6c4,28751,29094
44b6_87bba6c4,28753,29110
44b6_87bba6c4,28754,29132
44b6_87bba6c4,28755,29009
44b6_87bba6c4,28757,29005
44b6_87bba6c4,28758,29099
44b6_87bba6c4,28759,29027
44b6_87bba6c4,28761,29026
44b6_87bba6c4,28762,29091
44b6_87bba6c4,28763,29118
44b6_87bba6c4,28764,29100
44b6_87bba6c4,28766,29064
44b6_87bba6c4,28768,29139
44b6_87bba6c4,28769,28949
44b6_87bba6c4,28770,29093
44b6_87bba6c4,28772,29108
44b6_87bba6c4,28773,29149
44b6_87bba6c4,28775,29081
44b6_87bba6c4,28776,29113
44b6_87bba6c4,28778,29130
44b6_87bba6c4,28779,29048
44b6_87bba6c4,28780,29090
44b6_87bba6c4,28781,29078
44b6_87bba6c4,28783,29131
44b6_87bba6c4,28784,29104
44b6_87bba6c4,28785,29150
44b6_87bba6c4,28786,29016
44b6_87bba6c4,28788,29158
44b6_87bba6c4,28789,29109
44b6_87bba6c4,28790,29076
44b6_87bba6c4,28793,29085
44b6_87bba6c4,28795,29123
44b6_87bba6c4,28796,29148
44b6_87bba6c4,28799,29055
44b6_87bba6c4,28802,29156
44b6_87bba6c4,28804,29125
44b6_87bba6c4,28805,29157
44b6_87bba6c4,28809,29050
44b6_87bba6c4,28811,29129
44b6_87bba6c4,28815,29107
44b6_87bba6c4,28817,29154
44b6_87bba6c4,28823,29160
44b6_87bba6c4,28826,29089
44b6_87bba6c4,28827,29095
44b6_87bba6c4,28829,29065
44b6_87bba6c4,28836,29170
44b6_87bba6c4,28837,29168
44b6_87bba6c4,28838,29172
44b6_87bba6c4,28839,29167
44b6_87bba6c4,28840,29176
44b6_87bba6c4,28841,29171
44b6_87bba6c4,28842,29199
44b6_87bba6c4,28843,29185
44b6_87bba6c4,28844,29181
44b6_87bba6c4,28845,29174
44b6_87bba6c4,28846,29175
44b6_87bba6c4,28847,29180
44b6_87bba6c4,28848,29173
44b6_87bba6c4,28849,29220
44b6_87bba6c4,28850,29192
44b6_87bba6c4,28851,29169
44b6_87bba6c4,28852,29212
44b6_87bba6c4,28853,29194
44b6_87bba6c4,28854,29183
44b6_87bba6c4,28855,29182
44b6_87bba6c4,28856,29186
44b6_87bba6c4,28857,29188
44b6_87bba6c4,28858,29177
44b6_87bba6c4,28859,29184
44b6_87bba6c4,28861,29195
44b6_87bba6c4,28862,29179
44b6_87bba6c4,28863,29196
44b6_87bba6c4,28864,29202
44b6_87bba6c4,28865,29191
44b6_87bba6c4,28866,29209
44b6_87bba6c4,28867,29233
44b6_87bba6c4,28868,29245
44b6_87bba6c4,28870,29247
44b6_87bba6c4,28871,29207
44b6_87bba6c4,28872,29178
44b6_87bba6c4,28873,29198
44b6_87bba6c4,28874,29197
44b6_87bba6c4,28875,29205
44b6_87bba6c4,28876,29200
44b6_87bba6c4,28877,29230
44b6_87bba6c4,28878,29229
44b6_87bba6c4,28879,29208
44b6_87bba6c4,28880,29267
44b6_87bba6c4,28881,29225
44b6_87bba6c4,28882,29238
44b6_87bba6c4,28883,29193
44b6_87bba6c4,28884,29223
44b6_87bba6c4,28885,29236
44b6_87bba6c4,28886,29227
44b6_87bba6c4,28887,29201
44b6_87bba6c4,28888,29252
44b6_87bba6c4,28889,29226
44b6_87bba6c4,28890,29246
44b6_87bba6c4,28891,29244
44b6_87bba6c4,28892,29216
44b6_87bba6c4,28893,29305
44b6_87bba6c4,28894,29221
44b6_87bba6c4,28895,29269
44b6_87bba6c4,28896,29189
44b6_87bba6c4,28897,29214
44b6_87bba6c4,28898,29290
44b6_87bba6c4,28900,29203
44b6_87bba6c4,28901,29268
44b6_87bba6c4,28902,29272
44b6_87bba6c4,28903,29316
44b6_87bba6c4,28904,29219
44b6_87bba6c4,28906,29255
44b6_87bba6c4,28907,29240
44b6_87bba6c4,28908,29228
44b6_87bba6c4,28909,29257
44b6_87bba6c4,28910,29280
44b6_87bba6c4,28911,29273
44b6_87bba6c4,28912,29237
44b6_87bba6c4,28914,29239
44b6_87bba6c4,28915,29234
44b6_87bba6c4,28916,29217
44b6_87bba6c4,28917,29282
44b6_87bba6c4,28918,29294
44b6_87bba6c4,28919,29274
44b6_87bba6c4,28920,29231
44b6_87bba6c4,28921,29211
44b6_87bba6c4,28922,29291
44b6_87bba6c4,28923,29350
44b6_87bba6c4,28924,29307
44b6_87bba6c4,28925,29242
44b6_87bba6c4,28926,29265
44b6_87bba6c4,28927,29218
44b6_87bba6c4,28929,29270
44b6_87bba6c4,28930,29210
44b6_87bba6c4,28931,29259
44b6_87bba6c4,28932,29262
44b6_87bba6c4,28933,29301
44b6_87bba6c4,28934,29187
44b6_87bba6c4,28935,29248
44b6_87bba6c4,28936,29260
44b6_87bba6c4,28937,29190
44b6_87bba6c4,28938,29213
44b6_87bba6c4,28939,29318
44b6_87bba6c4,28940,29224
44b6_87bba6c4,28941,29287
44b6_87bba6c4,28942,29222
44b6_87bba6c4,28943,29253
44b6_87bba6c4,28944,29266
44b6_87bba6c4,28945,29281
44b6_87bba6c4,28947,29261
44b6_87bba6c4,28948,29284
44b6_87bba6c4,28949,29204
44b6_87bba6c4,28950,29278
44b6_87bba6c4,28951,29319
44b6_87bba6c4,28952,29453
44b6_87bba6c4,28953,29345
44b6_87bba6c4,28954,29289
44b6_87bba6c4,28955,29389
44b6_87bba6c4,28956,29264
44b6_87bba6c4,28958,29215
44b6_87bba6c4,28959,29288
44b6_87bba6c4,28961,29313
44b6_87bba6c4,28962,29377
44b6_87bba6c4,28963,29235
44b6_87bba6c4,28964,29243
44b6_87bba6c4,28965,29206
44b6_87bba6c4,28966,29279
44b6_87bba6c4,28967,29348
44b6_87bba6c4,28968,29341
44b6_87bba6c4,28970,29417
44b6_87bba6c4,28971,29363
44b6_87bba6c4,28972,29332
44b6_87bba6c4,28973,29302
44b6_87bba6c4,28975,29277
44b6_87bba6c4,28976,29314
44b6_87bba6c4,28977,29256
44b6_87bba6c4,28978,29311
44b6_87bba6c4,28980,29304
44b6_87bba6c4,28981,29275
44b6_87bba6c4,28982,29339
44b6_87bba6c4,28983,29283
44b6_87bba6c4,28985,29321
44b6_87bba6c4,28986,29263
44b6_87bba6c4,28987,29300
44b6_87bba6c4,28988,29298
44b6_87bba6c4,28989,29308
44b6_87bba6c4,28990,29249
44b6_87bba6c4,28991,29293
44b6_87bba6c4,28992,29326
44b6_87bba6c4,28993,29327
44b6_87bba6c4,28994,29393
44b6_87bba6c4,28995,29334
44b6_87bba6c4,28996,29333
44b6_87bba6c4,28997,29296
44b6_87bba6c4,28999,29312
44b6_87bba6c4,29000,29353
44b6_87bba6c4,29001,29409
44b6_87bba6c4,29002,29335
44b6_87bba6c4,29003,29365
44b6_87bba6c4,29004,29328
44b6_87bba6c4,29005,29285
44b6_87bba6c4,29007,29342
44b6_87bba6c4,29008,29371
44b6_87bba6c4,29009,29346
44b6_87bba6c4,29010,29317
44b6_87bba6c4,29011,29378
44b6_87bba6c4,29012,29384
44b6_87bba6c4,29014,29368
44b6_87bba6c4,29015,29315
44b6_87bba6c4,29016,29309
44b6_87bba6c4,29017,29306
44b6_87bba6c4,29018,29330
44b6_87bba6c4,29019,29336
44b6_87bba6c4,29021,29374
44b6_87bba6c4,29023,29352
44b6_87bba6c4,29026,29324
44b6_87bba6c4,29027,29408
44b6_87bba6c4,29028,29397
44b6_87bba6c4,29029,29325
44b6_87bba6c4,29030,29241
44b6_87bba6c4,29032,29323
44b6_87bba6c4,29033,29322
44b6_87bba6c4,29036,29415
44b6_87bba6c4,29037,29391
44b6_87bba6c4,29038,29337
44b6_87bba6c4,29039,29362
44b6_87bba6c4,29041,29347
44b6_87bba6c4,29043,29310
44b6_87bba6c4,29044,29303
44b6_87bba6c4,29045,29356
44b6_87bba6c4,29046,29271
44b6_87bba6c4,29047,29386
44b6_87bba6c4,29048,29359
44b6_87bba6c4,29050,29401
44b6_87bba6c4,29052,29395
44b6_87bba6c4,29053,29375
44b6_87bba6c4,29054,29355
44b6_87bba6c4,29055,29381
44b6_87bba6c4,29056,29422
44b6_87bba6c4,29057,29369
44b6_87bba6c4,29058,29343
44b6_87bba6c4,29059,29439
44b6_87bba6c4,29060,29425
44b6_87bba6c4,29062,29388
44b6_87bba6c4,29063,29344
44b6_87bba6c4,29064,29349
44b6_87bba6c4,29065,29450
44b6_87bba6c4,29068,29390
44b6_87bba6c4,29069,29407
44b6_87bba6c4,29070,29370
44b6_87bba6c4,29072,29416
44b6_87bba6c4,29073,29351
44b6_87bba6c4,29074,29383
44b6_87bba6c4,29076,29405
44b6_87bba6c4,29077,29399
44b6_87bba6c4,29078,29434
44b6_87bba6c4,29081,29382
44b6_87bba6c4,29084,29360
44b6_87bba6c4,29085,29392
44b6_87bba6c4,29086,29394
44b6_87bba6c4,29087,29406
44b6_87bba6c4,29088,29400
44b6_87bba6c4,29089,29427
44b6_87bba6c4,29090,29329
44b6_87bba6c4,29091,29412
44b6_87bba6c4,29092,29387
44b6_87bba6c4,29093,29402
44b6_87bba6c4,29094,29385
44b6_87bba6c4,29095,29361
44b6_87bba6c4,29097,29475
44b6_87bba6c4,29099,29444
44b6_87bba6c4,29100,29420
44b6_87bba6c4,29101,29380
44b6_87bba6c4,29102,29473
44b6_87bba6c4,29105,29433
44b6_87bba6c4,29106,29372
44b6_87bba6c4,29107,29403
44b6_87bba6c4,29110,29432
44b6_87bba6c4,29111,29413
44b6_87bba6c4,29113,29440
44b6_87bba6c4,29114,29398
44b6_87bba6c4,29117,29414
44b6_87bba6c4,29118,29431
44b6_87bba6c4,29119,29449
44b6_87bba6c4,29121,29478
44b6_87bba6c4,29123,29452
44b6_87bba6c4,29125,29451
44b6_87bba6c4,29126,29410
44b6_87bba6c4,29127,29419
44b6_87bba6c4,29128,29460
44b6_87bba6c4,29129,29471
44b6_87bba6c4,29130,29476
44b6_87bba6c4,29131,29437
44b6_87bba6c4,29132,29455
44b6_87bba6c4,29134,29438
44b6_87bba6c4,29139,29448
44b6_87bba6c4,29140,29436
44b6_87bba6c4,29141,29457
44b6_87bba6c4,29142,29446
44b6_87bba6c4,29149,29467
44b6_87bba6c4,29156,29435
44b6_87bba6c4,29166,29479
44b6_87bba6c4,29167,29483
44b6_87bba6c4,29168,29480
44b6_87bba6c4,29169,29494
44b6_87bba6c4,29170,29517
44b6_87bba6c4,29171,29489
44b6_87bba6c4,29172,29482
44b6_87bba6c4,29173,29485
44b6_87bba6c4,29174,29513
44b6_87bba6c4,29175,29503
44b6_87bba6c4,29176,29486
44b6_87bba6c4,29177,29484
44b6_87bba6c4,29178,29488
44b6_87bba6c4,29179,29508
44b6_87bba6c4,29180,29491
44b6_87bba6c4,29181,29524
44b6_87bba6c4,29182,29497
44b6_87bba6c4,29183,29510
44b6_87bba6c4,29184,29487
44b6_87bba6c4,29185,29506
44b6_87bba6c4,29186,29511
44b6_87bba6c4,29187,29481
44b6_87bba6c4,29188,29493
44b6_87bba6c4,29189,29555
44b6_87bba6c4,29190,29507
44b6_87bba6c4,29192,29532
44b6_87bba6c4,29193,29496
44b6_87bba6c4,29194,29500
44b6_87bba6c4,29195,29492
44b6_87bba6c4,29196,29504
44b6_87bba6c4,29197,29495
44b6_87bba6c4,29198,29514
44b6_87bba6c4,29199,29501
44b6_87bba6c4,29200,29490
44b6_87bba6c4,29201,29601
44b6_87bba6c4,29202,29536
44b6_87bba6c4,29203,29542
44b6_87bba6c4,29204,29528
44b6_87bba6c4,29205,29522
44b6_87bba6c4,29206,29570
44b6_87bba6c4,29207,29498
44b6_87bba6c4,29208,29535
44b6_87bba6c4,29209,29626
44b6_87bba6c4,29210,29602
44b6_87bba6c4,29211,29531
44b6_87bba6c4,29213,29525
44b6_87bba6c4,29214,29537
44b6_87bba6c4,29215,29505
44b6_87bba6c4,29216,29633
44b6_87bba6c4,29217,29527
44b6_87bba6c4,29219,29499
44b6_87bba6c4,29220,29611
44b6_87bba6c4,29221,29583
44b6_87bba6c4,29222,29562
44b6_87bba6c4,29223,29533
44b6_87bba6c4,29224,29606
44b6_87bba6c4,29225,29526
44b6_87bba6c4,29226,29530
44b6_87bba6c4,29227,29520
44b6_87bba6c4,29228,29534
44b6_87bba6c4,29229,29554
44b6_87bba6c4,29230,29546
44b6_87bba6c4,29231,29574
44b6_87bba6c4,29233,29515
44b6_87bba6c4,29234,29539
44b6_87bba6c4,29235,29543
44b6_87bba6c4,29236,29599
44b6_87bba6c4,29237,29529
44b6_87bba6c4,29238,29548
44b6_87bba6c4,29239,29577
44b6_87bba6c4,29240,29585
44b6_87bba6c4,29242,29540
44b6_87bba6c4,29243,29512
44b6_87bba6c4,29244,29553
44b6_87bba6c4,29245,29567
44b6_87bba6c4,29246,29549
44b6_87bba6c4,29247,29615
44b6_87bba6c4,29248,29556
44b6_87bba6c4,29249,29502
44b6_87bba6c4,29250,29573
44b6_87bba6c4,29251,29619
44b6_87bba6c4,29252,29566
44b6_87bba6c4,29253,29603
44b6_87bba6c4,29254,29521
44b6_87bba6c4,29255,29579
44b6_87bba6c4,29256,29708
44b6_87bba6c4,29257,29592
44b6_87bba6c4,29258,29516
44b6_87bba6c4,29259,29572
44b6_87bba6c4,29260,29568
44b6_87bba6c4,29261,29589
44b6_87bba6c4,29262,29578
44b6_87bba6c4,29263,29610
44b6_87bba6c4,29264,29655
44b6_87bba6c4,29266,29584
44b6_87bba6c4,29267,29571
44b6_87bba6c4,29269,29581
44b6_87bba6c4,29270,29569
44b6_87bba6c4,29272,29594
44b6_87bba6c4,29273,29591
44b6_87bba6c4,29274,29545
44b6_87bba6c4,29275,29596
44b6_87bba6c4,29276,29509
44b6_87bba6c4,29277,29580
44b6_87bba6c4,29278,29550
44b6_87bba6c4,29279,29635
44b6_87bba6c4,29280,29547
44b6_87bba6c4,29281,29637
44b6_87bba6c4,29282,29587
44b6_87bba6c4,29283,29564
44b6_87bba6c4,29284,29598
44b6_87bba6c4,29285,29703
44b6_87bba6c4,29286,29557
44b6_87bba6c4,29287,29593
44b6_87bba6c4,29288,29628
44b6_87bba6c4,29289,29613
44b6_87bba6c4,29290,29620
44b6_87bba6c4,29291,29519
44b6_87bba6c4,29292,29653
44b6_87bba6c4,29294,29600
44b6_87bba6c4,29295,29582
44b6_87bba6c4,29296,29696
44b6_87bba6c4,29297,29654
44b6_87bba6c4,29298,29632
44b6_87bba6c4,29299,29617
44b6_87bba6c4,29300,29710
44b6_87bba6c4,29301,29595
44b6_87bba6c4,29302,29607
44b6_87bba6c4,29303,29746
44b6_87bba6c4,29304,29541
44b6_87bba6c4,29305,29561
44b6_87bba6c4,29306,29629
44b6_87bba6c4,29307,29625
44b6_87bba6c4,29308,29558
44b6_87bba6c4,29309,29686
44b6_87bba6c4,29310,29538
44b6_87bba6c4,29312,29650
44b6_87bba6c4,29314,29612
44b6_87bba6c4,29315,29641
44b6_87bba6c4,29316,29647
44b6_87bba6c4,29317,29642
44b6_87bba6c4,29318,29677
44b6_87bba6c4,29319,29605
44b6_87bba6c4,29321,29680
44b6_87bba6c4,29322,29640
44b6_87bba6c4,29323,29651
44b6_87bba6c4,29324,29656
44b6_87bba6c4,29325,29609
44b6_87bba6c4,29326,29588
44b6_87bba6c4,29327,29597
44b6_87bba6c4,29330,29575
44b6_87bba6c4,29331,29623
44b6_87bba6c4,29332,29636
44b6_87bba6c4,29335,29679
44b6_87bba6c4,29336,29643
44b6_87bba6c4,29337,29663
44b6_87bba6c4,29338,29678
44b6_87bba6c4,29339,29627
44b6_87bba6c4,29340,29551
44b6_87bba6c4,29341,29661
44b6_87bba6c4,29342,29648
44b6_87bba6c4,29343,29729
44b6_87bba6c4,29344,29622
44b6_87bba6c4,29345,29618
44b6_87bba6c4,29346,29668
44b6_87bba6c4,29347,29646
44b6_87bba6c4,29348,29621
44b6_87bba6c4,29349,29752
44b6_87bba6c4,29351,29675
44b6_87bba6c4,29352,29683
44b6_87bba6c4,29353,29659
44b6_87bba6c4,29354,29712
44b6_87bba6c4,29356,29745
44b6_87bba6c4,29357,29694
44b6_87bba6c4,29358,29676
44b6_87bba6c4,29359,29700
44b6_87bba6c4,29360,29707
44b6_87bba6c4,29361,29674
44b6_87bba6c4,29363,29693
44b6_87bba6c4,29365,29690
44b6_87bba6c4,29366,29559
44b6_87bba6c4,29367,29662
44b6_87bba6c4,29371,29685
44b6_87bba6c4,29372,29713
44b6_87bba6c4,29374,29644
44b6_87bba6c4,29375,29616
44b6_87bba6c4,29376,29673
44b6_87bba6c4,29378,29665
44b6_87bba6c4,29379,29630
44b6_87bba6c4,29381,29669
44b6_87bba6c4,29382,29687
44b6_87bba6c4,29383,29638
44b6_87bba6c4,29386,29744
44b6_87bba6c4,29387,29761
44b6_87bba6c4,29390,29681
44b6_87bba6c4,29391,29649
44b6_87bba6c4,29392,29769
44b6_87bba6c4,29393,29777
44b6_87bba6c4,29394,29658
44b6_87bba6c4,29395,29701
44b6_87bba6c4,29397,29682
44b6_87bba6c4,29400,29688
44b6_87bba6c4,29402,29711
44b6_87bba6c4,29404,29684
44b6_87bba6c4,29406,29698
44b6_87bba6c4,29407,29785
44b6_87bba6c4,29409,29702
44b6_87bba6c4,29410,29695
44b6_87bba6c4,29411,29749
44b6_87bba6c4,29413,29634
44b6_87bba6c4,29414,29727
44b6_87bba6c4,29415,29776
44b6_87bba6c4,29416,29714
44b6_87bba6c4,29418,29691
44b6_87bba6c4,29420,29731
44b6_87bba6c4,29421,29652
44b6_87bba6c4,29422,29753
44b6_87bba6c4,29424,29716
44b6_87bba6c4,29425,29719
44b6_87bba6c4,29427,29724
44b6_87bba6c4,29429,29748
44b6_87bba6c4,29430,29751
44b6_87bba6c4,29431,29726
44b6_87bba6c4,29435,29718
44b6_87bba6c4,29436,29704
44b6_87bba6c4,29440,29763
44b6_87bba6c4,29444,29723
44b6_87bba6c4,29445,29715
44b6_87bba6c4,29447,29795
44b6_87bba6c4,29449,29786
44b6_87bba6c4,29450,29784
44b6_87bba6c4,29451,29764
44b6_87bba6c4,29460,29783
44b6_87bba6c4,29461,29671
44b6_87bba6c4,29467,29741
44b6_87bba6c4,29468,29760
44b6_87bba6c4,29470,29773
44b6_87bba6c4,29472,29730
44b6_87bba6c4,29473,29767
44b6_87bba6c4,29479,29796
44b6_87bba6c4,29480,29797
44b6_87bba6c4,29481,29798
44b6_87bba6c4,29482,29800
44b6_87bba6c4,29483,29801
44b6_87bba6c4,29484,29810
44b6_87bba6c4,29485,29799
44b6_87bba6c4,29486,29806
44b6_87bba6c4,29487,29820
44b6_87bba6c4,29488,29813
44b6_87bba6c4,29489,29818
44b6_87bba6c4,29490,29817
44b6_87bba6c4,29491,29829
44b6_87bba6c4,29492,29843
44b6_87bba6c4,29493,29807
44b6_87bba6c4,29494,29830
44b6_87bba6c4,29495,29812
44b6_87bba6c4,29496,29811
44b6_87bba6c4,29497,29805
44b6_87bba6c4,29498,29848
44b6_87bba6c4,29499,29815
44b6_87bba6c4,29500,29809
44b6_87bba6c4,29501,29827
44b6_87bba6c4,29502,29854
44b6_87bba6c4,29503,29833
44b6_87bba6c4,29504,29822
44b6_87bba6c4,29505,29840
44b6_87bba6c4,29506,29915
44b6_87bba6c4,29507,29901
44b6_87bba6c4,29508,29824
44b6_87bba6c4,29510,29819
44b6_87bba6c4,29511,29834
44b6_87bba6c4,29512,29853
44b6_87bba6c4,29513,29802
44b6_87bba6c4,29514,29826
44b6_87bba6c4,29516,29839
44b6_87bba6c4,29517,29816
44b6_87bba6c4,29518,29923
44b6_87bba6c4,29519,29850
44b6_87bba6c4,29520,29838
44b6_87bba6c4,29521,29864
44b6_87bba6c4,29522,29869
44b6_87bba6c4,29523,29831
44b6_87bba6c4,29524,29865
44b6_87bba6c4,29525,29823
44b6_87bba6c4,29526,29851
44b6_87bba6c4,29527,29825
44b6_87bba6c4,29528,29808
44b6_87bba6c4,29529,29860
44b6_87bba6c4,29531,29849
44b6_87bba6c4,29532,29828
44b6_87bba6c4,29533,29842
44b6_87bba6c4,29534,29930
44b6_87bba6c4,29535,29857
44b6_87bba6c4,29536,29832
44b6_87bba6c4,29537,29874
44b6_87bba6c4,29538,29884
44b6_87bba6c4,29539,29868
44b6_87bba6c4,29540,29875
44b6_87bba6c4,29541,29847
44b6_87bba6c4,29542,29836
44b6_87bba6c4,29543,29898
44b6_87bba6c4,29545,29856
44b6_87bba6c4,29546,29852
44b6_87bba6c4,29547,29882
44b6_87bba6c4,29548,29870
44b6_87bba6c4,29549,29858
44b6_87bba6c4,29550,29866
44b6_87bba6c4,29551,29859
44b6_87bba6c4,29552,29855
44b6_87bba6c4,29553,29861
44b6_87bba6c4,29554,29873
44b6_87bba6c4,29555,29917
44b6_87bba6c4,29556,29814
44b6_87bba6c4,29557,29899
44b6_87bba6c4,29558,29845
44b6_87bba6c4,29559,29920
44b6_87bba6c4,29560,29903
44b6_87bba6c4,29561,29879
44b6_87bba6c4,29562,29927
44b6_87bba6c4,29563,29883
44b6_87bba6c4,29564,29890
44b6_87bba6c4,29565,29862
44b6_87bba6c4,29566,29905
44b6_87bba6c4,29567,29835
44b6_87bba6c4,29568,29918
44b6_87bba6c4,29569,29912
44b6_87bba6c4,29570,29909
44b6_87bba6c4,29571,29952
44b6_87bba6c4,29572,29880
44b6_87bba6c4,29573,29878
44b6_87bba6c4,29574,29922
44b6_87bba6c4,29575,29896
44b6_87bba6c4,29576,29877
44b6_87bba6c4,29577,29911
44b6_87bba6c4,29578,29876
44b6_87bba6c4,29579,29887
44b6_87bba6c4,29580,29921
44b6_87bba6c4,29581,29942
44b6_87bba6c4,29582,29966
44b6_87bba6c4,29583,29944
44b6_87bba6c4,29586,29937
44b6_87bba6c4,29587,29872
44b6_87bba6c4,29588,29931
44b6_87bba6c4,29589,29935
44b6_87bba6c4,29590,29974
44b6_87bba6c4,29591,29939
44b6_87bba6c4,29592,29962
44b6_87bba6c4,29593,29871
44b6_87bba6c4,29594,29914
44b6_87bba6c4,29595,29863
44b6_87bba6c4,29596,29897
44b6_87bba6c4,29597,29983
44b6_87bba6c4,29598,29908
44b6_87bba6c4,29599,29943
44b6_87bba6c4,29601,29844
44b6_87bba6c4,29602,29972
44b6_87bba6c4,29603,29928
44b6_87bba6c4,29604,29957
44b6_87bba6c4,29605,29929
44b6_87bba6c4,29606,29892
44b6_87bba6c4,29607,29945
44b6_87bba6c4,29609,29946
44b6_87bba6c4,29610,29904
44b6_87bba6c4,29611,29902
44b6_87bba6c4,29612,29881
44b6_87bba6c4,29614,29968
44b6_87bba6c4,29615,29971
44b6_87bba6c4,29616,29895
44b6_87bba6c4,29617,29889
44b6_87bba6c4,29618,29867
44b6_87bba6c4,29619,29886
44b6_87bba6c4,29620,29910
44b6_87bba6c4,29621,29964
44b6_87bba6c4,29625,29894
44b6_87bba6c4,29627,29888
44b6_87bba6c4,29628,29993
44b6_87bba6c4,29629,29925
44b6_87bba6c4,29630,29954
44b6_87bba6c4,29632,30006
44b6_87bba6c4,29633,29916
44b6_87bba6c4,29634,30027
44b6_87bba6c4,29635,29981
44b6_87bba6c4,29636,30005
44b6_87bba6c4,29637,30036
44b6_87bba6c4,29638,29987
44b6_87bba6c4,29639,29963
44b6_87bba6c4,29640,30013
44b6_87bba6c4,29641,29924
44b6_87bba6c4,29642,30000
44b6_87bba6c4,29643,30001
44b6_87bba6c4,29644,29948
44b6_87bba6c4,29645,29926
44b6_87bba6c4,29646,29991
44b6_87bba6c4,29648,29995
44b6_87bba6c4,29649,29960
44b6_87bba6c4,29650,29961
44b6_87bba6c4,29651,29913
44b6_87bba6c4,29653,29978
44b6_87bba6c4,29654,30014
44b6_87bba6c4,29655,30043
44b6_87bba6c4,29656,30040
44b6_87bba6c4,29659,29933
44b6_87bba6c4,29660,29998
44b6_87bba6c4,29661,29955
44b6_87bba6c4,29662,29977
44b6_87bba6c4,29663,29969
44b6_87bba6c4,29664,29956
44b6_87bba6c4,29665,30047
44b6_87bba6c4,29666,29982
44b6_87bba6c4,29667,30004
44b6_87bba6c4,29668,29932
44b6_87bba6c4,29669,30050
44b6_87bba6c4,29670,29989
44b6_87bba6c4,29671,29980
44b6_87bba6c4,29672,30038
44b6_87bba6c4,29673,29891
44b6_87bba6c4,29674,30064
44b6_87bba6c4,29677,30011
44b6_87bba6c4,29678,29994
44b6_87bba6c4,29679,30060
44b6_87bba6c4,29680,29984
44b6_87bba6c4,29681,30053
44b6_87bba6c4,29682,30034
44b6_87bba6c4,29683,29990
44b6_87bba6c4,29684,30032
44b6_87bba6c4,29685,30009
44b6_87bba6c4,29686,30031
44b6_87bba6c4,29687,30002
44b6_87bba6c4,29688,29999
44b6_87bba6c4,29689,30007
44b6_87bba6c4,29690,29975
44b6_87bba6c4,29691,30092
44b6_87bba6c4,29692,30025
44b6_87bba6c4,29693,29976
44b6_87bba6c4,29694,29997
44b6_87bba6c4,29695,30077
44b6_87bba6c4,29696,30068
44b6_87bba6c4,29698,29985
44b6_87bba6c4,29700,30010
44b6_87bba6c4,29701,30042
44b6_87bba6c4,29708,30021
44b6_87bba6c4,29710,30018
44b6_87bba6c4,29711,30061
44b6_87bba6c4,29712,29941
44b6_87bba6c4,29713,30020
44b6_87bba6c4,29715,30026
44b6_87bba6c4,29716,30098
44b6_87bba6c4,29717,30019
44b6_87bba6c4,29718,30022
44b6_87bba6c4,29719,30075
44b6_87bba6c4,29723,30076
44b6_87bba6c4,29724,30066
44b6_87bba6c4,29726,30046
44b6_87bba6c4,29727,30039
44b6_87bba6c4,29731,30045
44b6_87bba6c4,29733,29988
44b6_87bba6c4,29734,30089
44b6_87bba6c4,29735,30091
44b6_87bba6c4,29736,30056
44b6_87bba6c4,29741,30082
44b6_87bba6c4,29746,30073
44b6_87bba6c4,29747,30059
44b6_87bba6c4,29748,30041
44b6_87bba6c4,29749,30035
44b6_87bba6c4,29751,30065
44b6_87bba6c4,29752,30016
44b6_87bba6c4,29753,30048
44b6_87bba6c4,29754,30072
44b6_87bba6c4,29757,30088
44b6_87bba6c4,29758,30080
44b6_87bba6c4,29760,30103
44b6_87bba6c4,29761,30051
44b6_87bba6c4,29762,30063
44b6_87bba6c4,29763,30023
44b6_87bba6c4,29764,30074
44b6_87bba6c4,29766,30101
44b6_87bba6c4,29770,30100
44b6_87bba6c4,29772,30070
44b6_87bba6c4,29778,30105
44b6_87bba6c4,29779,30078
44b6_87bba6c4,29783,30108
44b6_87bba6c4,29784,30094
44b6_87bba6c4,29787,30106
44b6_87bba6c4,29792,30109
44b6_87bba6c4,29796,30112
44b6_87bba6c4,29797,30114
44b6_87bba6c4,29798,30111
44b6_87bba6c4,29799,30116
44b6_87bba6c4,29800,30129
44b6_87bba6c4,29801,30119
44b6_87bba6c4,29802,30118
44b6_87bba6c4,29803,30133
44b6_87bba6c4,29804,30251
44b6_87bba6c4,29805,30115
44b6_87bba6c4,29806,30148
44b6_87bba6c4,29807,30117
44b6_87bba6c4,29808,30113
44b6_87bba6c4,29809,30126
44b6_87bba6c4,29810,30138
44b6_87bba6c4,29811,30146
44b6_87bba6c4,29812,30127
44b6_87bba6c4,29813,30157
44b6_87bba6c4,29814,30166
44b6_87bba6c4,29815,30132
44b6_87bba6c4,29816,30196
44b6_87bba6c4,29817,30128
44b6_87bba6c4,29818,30141
44b6_87bba6c4,29819,30131
44b6_87bba6c4,29820,30158
44b6_87bba6c4,29821,30130
44b6_87bba6c4,29822,30123
44b6_87bba6c4,29823,30140
44b6_87bba6c4,29824,30189
44b6_87bba6c4,29825,30156
44b6_87bba6c4,29826,30137
44b6_87bba6c4,29827,30168
44b6_87bba6c4,29828,30124
44b6_87bba6c4,29829,30181
44b6_87bba6c4,29832,30154
44b6_87bba6c4,29833,30174
44b6_87bba6c4,29834,30122
44b6_87bba6c4,29835,30121
44b6_87bba6c4,29836,30153
44b6_87bba6c4,29837,30139
44b6_87bba6c4,29838,30170
44b6_87bba6c4,29839,30136
44b6_87bba6c4,29841,30150
44b6_87bba6c4,29842,30164
44b6_87bba6c4,29843,30176
44b6_87bba6c4,29844,30145
44b6_87bba6c4,29845,30207
44b6_87bba6c4,29846,30161
44b6_87bba6c4,29847,30193
44b6_87bba6c4,29848,30135
44b6_87bba6c4,29849,30163
44b6_87bba6c4,29850,30120
44b6_87bba6c4,29851,30194
44b6_87bba6c4,29852,30151
44b6_87bba6c4,29853,30199
44b6_87bba6c4,29854,30180
44b6_87bba6c4,29855,30149
44b6_87bba6c4,29856,30191
44b6_87bba6c4,29857,30177
44b6_87bba6c4,29858,30178
44b6_87bba6c4,29860,30284
44b6_87bba6c4,29861,30182
44b6_87bba6c4,29862,30186
44b6_87bba6c4,29863,30173
44b6_87bba6c4,29864,30142
44b6_87bba6c4,29865,30155
44b6_87bba6c4,29866,30175
44b6_87bba6c4,29867,30241
44b6_87bba6c4,29868,30185
44b6_87bba6c4,29869,30212
44b6_87bba6c4,29870,30159
44b6_87bba6c4,29872,30233
44b6_87bba6c4,29873,30209
44b6_87bba6c4,29874,30190
44b6_87bba6c4,29875,30195
44b6_87bba6c4,29876,30179
44b6_87bba6c4,29878,30221
44b6_87bba6c4,29879,30171
44b6_87bba6c4,29880,30183
44b6_87bba6c4,29881,30205
44b6_87bba6c4,29882,30213
44b6_87bba6c4,29883,30293
44b6_87bba6c4,29884,30232
44b6_87bba6c4,29885,30172
44b6_87bba6c4,29886,30144
44b6_87bba6c4,29887,30192
44b6_87bba6c4,29888,30167
44b6_87bba6c4,29889,30160
44b6_87bba6c4,29890,30261
44b6_87bba6c4,29891,30230
44b6_87bba6c4,29892,30208
44b6_87bba6c4,29893,30134
44b6_87bba6c4,29895,30266
44b6_87bba6c4,29896,30201
44b6_87bba6c4,29897,30206
44b6_87bba6c4,29898,30321
44b6_87bba6c4,29899,30224
44b6_87bba6c4,29900,30246
44b6_87bba6c4,29901,30289
44b6_87bba6c4,29902,30169
44b6_87bba6c4,29903,30231
44b6_87bba6c4,29904,30217
44b6_87bba6c4,29905,30216
44b6_87bba6c4,29906,30211
44b6_87bba6c4,29907,30184
44b6_87bba6c4,29908,30254
44b6_87bba6c4,29909,30240
44b6_87bba6c4,29910,30249
44b6_87bba6c4,29911,30252
44b6_87bba6c4,29912,30235
44b6_87bba6c4,29913,30187
44b6_87bba6c4,29914,30198
44b6_87bba6c4,29915,30256
44b6_87bba6c4,29916,30165
44b6_87bba6c4,29917,30220
44b6_87bba6c4,29918,30214
44b6_87bba6c4,29919,30320
44b6_87bba6c4,29920,30295
44b6_87bba6c4,29921,30218
44b6_87bba6c4,29922,30265
44b6_87bba6c4,29924,30204
44b6_87bba6c4,29925,30263
44b6_87bba6c4,29926,30271
44b6_87bba6c4,29927,30162
44b6_87bba6c4,29928,30309
44b6_87bba6c4,29929,30238
44b6_87bba6c4,29931,30152
44b6_87bba6c4,29933,30228
44b6_87bba6c4,29934,30302
44b6_87bba6c4,29935,30227
44b6_87bba6c4,29936,30236
44b6_87bba6c4,29938,30203
44b6_87bba6c4,29939,30202
44b6_87bba6c4,29940,30281
44b6_87bba6c4,29941,30288
44b6_87bba6c4,29942,30143
44b6_87bba6c4,29943,30287
44b6_87bba6c4,29944,30147
44b6_87bba6c4,29945,30298
44b6_87bba6c4,29946,30260
44b6_87bba6c4,29948,30244
44b6_87bba6c4,29951,30324
44b6_87bba6c4,29952,30268
44b6_87bba6c4,29953,30282
44b6_87bba6c4,29954,30310
44b6_87bba6c4,29955,30301
44b6_87bba6c4,29956,30210
44b6_87bba6c4,29957,30319
44b6_87bba6c4,29958,30250
44b6_87bba6c4,29960,30239
44b6_87bba6c4,29961,30299
44b6_87bba6c4,29962,30215
44b6_87bba6c4,29963,30258
44b6_87bba6c4,29967,30314
44b6_87bba6c4,29968,30291
44b6_87bba6c4,29969,30247
44b6_87bba6c4,29971,30339
44b6_87bba6c4,29972,30414
44b6_87bba6c4,29974,30297
44b6_87bba6c4,29975,30269
44b6_87bba6c4,29976,30255
44b6_87bba6c4,29977,30332
44b6_87bba6c4,29979,30277
44b6_87bba6c4,29981,30276
44b6_87bba6c4,29982,30405
44b6_87bba6c4,29983,30275
44b6_87bba6c4,29984,30327
44b6_87bba6c4,29985,30305
44b6_87bba6c4,29986,30226
44b6_87bba6c4,29987,30337
44b6_87bba6c4,29988,30300
44b6_87bba6c4,29989,30333
44b6_87bba6c4,29990,30303
44b6_87bba6c4,29991,30343
44b6_87bba6c4,29993,30328
44b6_87bba6c4,29994,30290
44b6_87bba6c4,29995,30262
44b6_87bba6c4,29997,30379
44b6_87bba6c4,29998,30354
44b6_87bba6c4,29999,30318
44b6_87bba6c4,30000,30278
44b6_87bba6c4,30001,30273
44b6_87bba6c4,30002,30307
44b6_87bba6c4,30003,30323
44b6_87bba6c4,30004,30259
44b6_87bba6c4,30005,30243
44b6_87bba6c4,30006,30311
44b6_87bba6c4,30007,30304
44b6_87bba6c4,30009,30334
44b6_87bba6c4,30010,30308
44b6_87bba6c4,30011,30317
44b6_87bba6c4,30013,30340
44b6_87bba6c4,30014,30363
44b6_87bba6c4,30015,30396
44b6_87bba6c4,30018,30253
44b6_87bba6c4,30019,30373
44b6_87bba6c4,30020,30362
44b6_87bba6c4,30021,30344
44b6_87bba6c4,30022,30336
44b6_87bba6c4,30023,30359
44b6_87bba6c4,30024,30219
44b6_87bba6c4,30025,30257
44b6_87bba6c4,30027,30369
44b6_87bba6c4,30028,30342
44b6_87bba6c4,30029,30280
44b6_87bba6c4,30030,30341
44b6_87bba6c4,30031,30410
44b6_87bba6c4,30032,30389
44b6_87bba6c4,30034,30361
44b6_87bba6c4,30035,30384
44b6_87bba6c4,30037,30375
44b6_87bba6c4,30039,30370
44b6_87bba6c4,30040,30356
44b6_87bba6c4,30041,30316
44b6_87bba6c4,30042,30397
44b6_87bba6c4,30045,30390
44b6_87bba6c4,30046,30270
44b6_87bba6c4,30048,30367
44b6_87bba6c4,30050,30377
44b6_87bba6c4,30051,30401
44b6_87bba6c4,30053,30386
44b6_87bba6c4,30055,30388
44b6_87bba6c4,30056,30393
44b6_87bba6c4,30058,30408
44b6_87bba6c4,30061,30381
44b6_87bba6c4,30062,30392
44b6_87bba6c4,30063,30372
44b6_87bba6c4,30064,30365
44b6_87bba6c4,30065,30418
44b6_87bba6c4,30066,30352
44b6_87bba6c4,30068,30399
44b6_87bba6c4,30070,30421
44b6_87bba6c4,30071,30237
44b6_87bba6c4,30073,30353
44b6_87bba6c4,30074,30411
44b6_87bba6c4,30075,30423
44b6_87bba6c4,30076,30407
44b6_87bba6c4,30077,30349
44b6_87bba6c4,30078,30380
44b6_87bba6c4,30080,30400
44b6_87bba6c4,30081,30387
44b6_87bba6c4,30082,30426
44b6_87bba6c4,30085,30431
44b6_87bba6c4,30091,30420
44b6_87bba6c4,30093,30419
44b6_87bba6c4,30094,30374
44b6_87bba6c4,30095,30424
44b6_87bba6c4,30102,30425
44b6_87bba6c4,30105,30415
44b6_87bba6c4,30106,30382
44b6_87bba6c4,30109,30413
44b6_87bba6c4,30110,30432
44b6_87bba6c4,30111,30447
44b6_87bba6c4,30112,30444
44b6_87bba6c4,30113,30440
44b6_87bba6c4,30114,30563
44b6_87bba6c4,30115,30442
44b6_87bba6c4,30116,30434
44b6_87bba6c4,30117,30436
44b6_87bba6c4,30118,30437
44b6_87bba6c4,30119,30435
44b6_87bba6c4,30120,30573
44b6_87bba6c4,30121,30465
44b6_87bba6c4,30122,30469
44b6_87bba6c4,30123,30441
44b6_87bba6c4,30124,30438
44b6_87bba6c4,30125,30433
44b6_87bba6c4,30126,30449
44b6_87bba6c4,30127,30445
44b6_87bba6c4,30128,30529
44b6_87bba6c4,30129,30446
44b6_87bba6c4,30130,30511
44b6_87bba6c4,30131,30448
44b6_87bba6c4,30132,30485
44b6_87bba6c4,30135,30498
44b6_87bba6c4,30136,30459
44b6_87bba6c4,30137,30490
44b6_87bba6c4,30138,30452
44b6_87bba6c4,30139,30467
44b6_87bba6c4,30141,30453
44b6_87bba6c4,30142,30488
44b6_87bba6c4,30143,30478
44b6_87bba6c4,30144,30475
44b6_87bba6c4,30145,30683
44b6_87bba6c4,30146,30460
44b6_87bba6c4,30147,30477
44b6_87bba6c4,30148,30468
44b6_87bba6c4,30149,30455
44b6_87bba6c4,30150,30499
44b6_87bba6c4,30151,30463
44b6_87bba6c4,30152,30531
44b6_87bba6c4,30154,30559
44b6_87bba6c4,30155,30510
44b6_87bba6c4,30156,30466
44b6_87bba6c4,30157,30519
44b6_87bba6c4,30158,30464
44b6_87bba6c4,30159,30456
44b6_87bba6c4,30160,30457
44b6_87bba6c4,30161,30472
44b6_87bba6c4,30162,30539
44b6_87bba6c4,30163,30505
44b6_87bba6c4,30164,30458
44b6_87bba6c4,30165,30451
44b6_87bba6c4,30166,30470
44b6_87bba6c4,30167,30507
44b6_87bba6c4,30168,30462
44b6_87bba6c4,30169,30481
44b6_87bba6c4,30170,30450
44b6_87bba6c4,30171,30461
44b6_87bba6c4,30172,30571
44b6_87bba6c4,30173,30528
44b6_87bba6c4,30174,30454
44b6_87bba6c4,30175,30513
44b6_87bba6c4,30176,30500
44b6_87bba6c4,30177,30484
44b6_87bba6c4,30178,30476
44b6_87bba6c4,30179,30473
44b6_87bba6c4,30180,30572
44b6_87bba6c4,30181,30497
44b6_87bba6c4,30182,30502
44b6_87bba6c4,30183,30548
44b6_87bba6c4,30184,30483
44b6_87bba6c4,30185,30471
44b6_87bba6c4,30186,30515
44b6_87bba6c4,30187,30508
44b6_87bba6c4,30188,30474
44b6_87bba6c4,30189,30514
44b6_87bba6c4,30190,30480
44b6_87bba6c4,30191,30535
44b6_87bba6c4,30192,30494
44b6_87bba6c4,30193,30558
44b6_87bba6c4,30194,30504
44b6_87bba6c4,30195,30521
44b6_87bba6c4,30196,30487
44b6_87bba6c4,30197,30600
44b6_87bba6c4,30198,30492
44b6_87bba6c4,30199,30522
44b6_87bba6c4,30200,30532
44b6_87bba6c4,30201,30520
44b6_87bba6c4,30202,30538
44b6_87bba6c4,30203,30551
44b6_87bba6c4,30204,30546
44b6_87bba6c4,30205,30479
44b6_87bba6c4,30206,30495
44b6_87bba6c4,30207,30509
44b6_87bba6c4,30208,30555
44b6_87bba6c4,30209,30517
44b6_87bba6c4,30211,30496
44b6_87bba6c4,30212,30516
44b6_87bba6c4,30213,30620
44b6_87bba6c4,30214,30506
44b6_87bba6c4,30215,30570
44b6_87bba6c4,30216,30537
44b6_87bba6c4,30217,30567
44b6_87bba6c4,30218,30550
44b6_87bba6c4,30219,30601
44b6_87bba6c4,30220,30556
44b6_87bba6c4,30221,30716
44b6_87bba6c4,30224,30527
44b6_87bba6c4,30226,30576
44b6_87bba6c4,30227,30557
44b6_87bba6c4,30228,30565
44b6_87bba6c4,30230,30598
44b6_87bba6c4,30231,30543
44b6_87bba6c4,30233,30540
44b6_87bba6c4,30235,30564
44b6_87bba6c4,30236,30545
44b6_87bba6c4,30237,30536
44b6_87bba6c4,30238,30562
44b6_87bba6c4,30239,30525
44b6_87bba6c4,30240,30666
44b6_87bba6c4,30241,30631
44b6_87bba6c4,30242,30591
44b6_87bba6c4,30244,30560
44b6_87bba6c4,30245,30486
44b6_87bba6c4,30246,30547
44b6_87bba6c4,30247,30592
44b6_87bba6c4,30248,30569
44b6_87bba6c4,30249,30501
44b6_87bba6c4,30250,30491
44b6_87bba6c4,30252,30552
44b6_87bba6c4,30253,30580
44b6_87bba6c4,30254,30586
44b6_87bba6c4,30255,30585
44b6_87bba6c4,30256,30512
44b6_87bba6c4,30257,30605
44b6_87bba6c4,30258,30574
44b6_87bba6c4,30259,30575
44b6_87bba6c4,30260,30577
44b6_87bba6c4,30261,30628
44b6_87bba6c4,30262,30608
44b6_87bba6c4,30263,30595
44b6_87bba6c4,30264,30530
44b6_87bba6c4,30265,30661
44b6_87bba6c4,30266,30619
44b6_87bba6c4,30269,30568
44b6_87bba6c4,30270,30614
44b6_87bba6c4,30271,30553
44b6_87bba6c4,30273,30604
44b6_87bba6c4,30275,30617
44b6_87bba6c4,30277,30583
44b6_87bba6c4,30278,30638
44b6_87bba6c4,30280,30635
44b6_87bba6c4,30281,30610
44b6_87bba6c4,30282,30589
44b6_87bba6c4,30284,30549
44b6_87bba6c4,30285,30544
44b6_87bba6c4,30286,30618
44b6_87bba6c4,30287,30607
44b6_87bba6c4,30290,30581
44b6_87bba6c4,30292,30611
44b6_87bba6c4,30293,30627
44b6_87bba6c4,30294,30616
44b6_87bba6c4,30295,30721
44b6_87bba6c4,30297,30603
44b6_87bba6c4,30298,30624
44b6_87bba6c4,30299,30541
44b6_87bba6c4,30300,30602
44b6_87bba6c4,30301,30643
44b6_87bba6c4,30302,30629
44b6_87bba6c4,30303,30655
44b6_87bba6c4,30304,30597
44b6_87bba6c4,30305,30668
44b6_87bba6c4,30306,30599
44b6_87bba6c4,30307,30615
44b6_87bba6c4,30308,30593
44b6_87bba6c4,30309,30533
44b6_87bba6c4,30310,30632
44b6_87bba6c4,30311,30561
44b6_87bba6c4,30312,30670
44b6_87bba6c4,30313,30613
44b6_87bba6c4,30314,30554
44b6_87bba6c4,30315,30640
44b6_87bba6c4,30317,30653
44b6_87bba6c4,30318,30665
44b6_87bba6c4,30319,30590
44b6_87bba6c4,30320,30612
44b6_87bba6c4,30321,30596
44b6_87bba6c4,30322,30493
44b6_87bba6c4,30323,30688
44b6_87bba6c4,30324,30630
44b6_87bba6c4,30325,30641
44b6_87bba6c4,30326,30626
44b6_87bba6c4,30328,30645
44b6_87bba6c4,30332,30669
44b6_87bba6c4,30333,30642
44b6_87bba6c4,30335,30662
44b6_87bba6c4,30336,30674
44b6_87bba6c4,30337,30646
44b6_87bba6c4,30339,30656
44b6_87bba6c4,30340,30667
44b6_87bba6c4,30341,30623
44b6_87bba6c4,30343,30609
44b6_87bba6c4,30345,30671
44b6_87bba6c4,30346,30684
44b6_87bba6c4,30349,30637
44b6_87bba6c4,30352,30654
44b6_87bba6c4,30353,30663
44b6_87bba6c4,30356,30636
44b6_87bba6c4,30357,30676
44b6_87bba6c4,30360,30652
44b6_87bba6c4,30361,30649
44b6_87bba6c4,30362,30534
44b6_87bba6c4,30364,30651
44b6_87bba6c4,30366,30672
44b6_87bba6c4,30367,30723
44b6_87bba6c4,30370,30690
44b6_87bba6c4,30372,30702
44b6_87bba6c4,30374,30679
44b6_87bba6c4,30377,30727
44b6_87bba6c4,30379,30606
44b6_87bba6c4,30380,30713
44b6_87bba6c4,30381,30621
44b6_87bba6c4,30382,30720
44b6_87bba6c4,30384,30709
44b6_87bba6c4,30385,30685
44b6_87bba6c4,30388,30687
44b6_87bba6c4,30390,30678
44b6_87bba6c4,30392,30518
44b6_87bba6c4,30393,30686
44b6_87bba6c4,30394,30647
44b6_87bba6c4,30395,30682
44b6_87bba6c4,30399,30712
44b6_87bba6c4,30407,30704
44b6_87bba6c4,30417,30726
44b6_87bba6c4,30418,30719
44b6_87bba6c4,30420,30731
44b6_87bba6c4,30428,30729
44b6_87bba6c4,30431,30691
44b6_87bba6c4,30432,30733
44b6_87bba6c4,30433,30741
44b6_87bba6c4,30434,30734
44b6_87bba6c4,30435,30736
44b6_87bba6c4,30436,30738
44b6_87bba6c4,30437,30739
44b6_87bba6c4,30438,30735
44b6_87bba6c4,30439,30745
44b6_87bba6c4,30440,30765
44b6_87bba6c4,30441,30749
44b6_87bba6c4,30442,30743
44b6_87bba6c4,30443,30747
44b6_87bba6c4,30445,30750
44b6_87bba6c4,30446,30756
44b6_87bba6c4,30447,30748
44b6_87bba6c4,30448,30740
44b6_87bba6c4,30450,30754
44b6_87bba6c4,30451,30785
44b6_87bba6c4,30452,30776
44b6_87bba6c4,30453,30762
44b6_87bba6c4,30454,30737
44b6_87bba6c4,30455,30788
44b6_87bba6c4,30456,30746
44b6_87bba6c4,30457,30794
44b6_87bba6c4,30458,30796
44b6_87bba6c4,30459,30755
44b6_87bba6c4,30461,30780
44b6_87bba6c4,30462,30803
44b6_87bba6c4,30463,30759
44b6_87bba6c4,30464,30778
44b6_87bba6c4,30465,30757
44b6_87bba6c4,30466,30781
44b6_87bba6c4,30467,30764
44b6_87bba6c4,30468,30758
44b6_87bba6c4,30469,30912
44b6_87bba6c4,30471,30774
44b6_87bba6c4,30472,30770
44b6_87bba6c4,30473,30777
44b6_87bba6c4,30475,30751
44b6_87bba6c4,30476,30767
44b6_87bba6c4,30478,30744
44b6_87bba6c4,30479,30894
44b6_87bba6c4,30481,30786
44b6_87bba6c4,30482,30773
44b6_87bba6c4,30483,30799
44b6_87bba6c4,30484,30851
44b6_87bba6c4,30485,30837
44b6_87bba6c4,30486,30790
44b6_87bba6c4,30487,30791
44b6_87bba6c4,30488,30761
44b6_87bba6c4,30489,30800
44b6_87bba6c4,30490,30771
44b6_87bba6c4,30491,30760
44b6_87bba6c4,30492,30828
44b6_87bba6c4,30493,30899
44b6_87bba6c4,30494,30853
44b6_87bba6c4,30495,30763
44b6_87bba6c4,30497,30804
44b6_87bba6c4,30498,30766
44b6_87bba6c4,30499,30818
44b6_87bba6c4,30500,30835
44b6_87bba6c4,30501,30833
44b6_87bba6c4,30502,30801
44b6_87bba6c4,30503,30787
44b6_87bba6c4,30505,30811
44b6_87bba6c4,30506,30838
44b6_87bba6c4,30507,30784
44b6_87bba6c4,30508,30768
44b6_87bba6c4,30509,30812
44b6_87bba6c4,30510,30808
44b6_87bba6c4,30511,30797
44b6_87bba6c4,30512,30815
44b6_87bba6c4,30513,30769
44b6_87bba6c4,30514,30779
44b6_87bba6c4,30515,30842
44b6_87bba6c4,30516,30793
44b6_87bba6c4,30517,30862
44b6_87bba6c4,30518,31013
44b6_87bba6c4,30519,30802
44b6_87bba6c4,30520,30814
44b6_87bba6c4,30521,30850
44b6_87bba6c4,30522,30772
44b6_87bba6c4,30524,30825
44b6_87bba6c4,30525,30895
44b6_87bba6c4,30526,30860
44b6_87bba6c4,30527,30856
44b6_87bba6c4,30529,30900
44b6_87bba6c4,30530,30775
44b6_87bba6c4,30531,30817
44b6_87bba6c4,30532,30857
44b6_87bba6c4,30533,30795
44b6_87bba6c4,30534,30821
44b6_87bba6c4,30535,30816
44b6_87bba6c4,30536,30888
44b6_87bba6c4,30537,30839
44b6_87bba6c4,30538,30938
44b6_87bba6c4,30539,30806
44b6_87bba6c4,30540,30880
44b6_87bba6c4,30541,30810
44b6_87bba6c4,30542,30792
44b6_87bba6c4,30543,30861
44b6_87bba6c4,30544,30829
44b6_87bba6c4,30546,30849
44b6_87bba6c4,30547,30805
44b6_87bba6c4,30548,30870
44b6_87bba6c4,30550,30918
44b6_87bba6c4,30551,30827
44b6_87bba6c4,30552,30879
44b6_87bba6c4,30553,30798
44b6_87bba6c4,30555,30875
44b6_87bba6c4,30556,30873
44b6_87bba6c4,30557,30846
44b6_87bba6c4,30558,30886
44b6_87bba6c4,30559,30854
44b6_87bba6c4,30560,30917
44b6_87bba6c4,30561,30836
44b6_87bba6c4,30562,30852
44b6_87bba6c4,30564,30859
44b6_87bba6c4,30565,30890
44b6_87bba6c4,30566,30822
44b6_87bba6c4,30567,30877
44b6_87bba6c4,30568,30902
44b6_87bba6c4,30570,30893
44b6_87bba6c4,30571,30994
44b6_87bba6c4,30572,30905
44b6_87bba6c4,30573,30834
44b6_87bba6c4,30574,30876
44b6_87bba6c4,30575,30823
44b6_87bba6c4,30577,30885
44b6_87bba6c4,30579,30820
44b6_87bba6c4,30580,30903
44b6_87bba6c4,30583,30898
44b6_87bba6c4,30584,30813
44b6_87bba6c4,30585,30867
44b6_87bba6c4,30586,30883
44b6_87bba6c4,30587,30926
44b6_87bba6c4,30588,30958
44b6_87bba6c4,30589,30830
44b6_87bba6c4,30590,30872
44b6_87bba6c4,30592,30924
44b6_87bba6c4,30593,30945
44b6_87bba6c4,30594,30896
44b6_87bba6c4,30595,30881
44b6_87bba6c4,30597,30980
44b6_87bba6c4,30599,30939
44b6_87bba6c4,30600,30882
44b6_87bba6c4,30601,30887
44b6_87bba6c4,30602,30871
44b6_87bba6c4,30603,30904
44b6_87bba6c4,30604,30889
44b6_87bba6c4,30605,30966
44b6_87bba6c4,30606,30878
44b6_87bba6c4,30607,30941
44b6_87bba6c4,30608,30959
44b6_87bba6c4,30609,30911
44b6_87bba6c4,30611,30824
44b6_87bba6c4,30612,30865
44b6_87bba6c4,30613,30847
44b6_87bba6c4,30614,30866
44b6_87bba6c4,30615,30990
44b6_87bba6c4,30616,30908
44b6_87bba6c4,30617,30943
44b6_87bba6c4,30618,30845
44b6_87bba6c4,30619,30863
44b6_87bba6c4,30620,30848
44b6_87bba6c4,30621,30962
44b6_87bba6c4,30623,30843
44b6_87bba6c4,30624,30925
44b6_87bba6c4,30625,30927
44b6_87bba6c4,30626,30952
44b6_87bba6c4,30627,30914
44b6_87bba6c4,30628,30809
44b6_87bba6c4,30629,30951
44b6_87bba6c4,30630,30976
44b6_87bba6c4,30632,30826
44b6_87bba6c4,30633,30963
44b6_87bba6c4,30634,30931
44b6_87bba6c4,30635,30936
44b6_87bba6c4,30637,30944
44b6_87bba6c4,30638,30913
44b6_87bba6c4,30640,30909
44b6_87bba6c4,30641,30929
44b6_87bba6c4,30642,30961
44b6_87bba6c4,30643,30997
44b6_87bba6c4,30645,30964
44b6_87bba6c4,30646,30950
44b6_87bba6c4,30648,30910
44b6_87bba6c4,30649,30947
44b6_87bba6c4,30650,30965
44b6_87bba6c4,30652,30923
44b6_87bba6c4,30653,30932
44b6_87bba6c4,30654,30949
44b6_87bba6c4,30656,30930
44b6_87bba6c4,30657,30985
44b6_87bba6c4,30659,31003
44b6_87bba6c4,30661,31014
44b6_87bba6c4,30662,30922
44b6_87bba6c4,30664,30972
44b6_87bba6c4,30665,30907
44b6_87bba6c4,30667,30979
44b6_87bba6c4,30668,30946
44b6_87bba6c4,30670,30996
44b6_87bba6c4,30671,30935
44b6_87bba6c4,30672,30981
44b6_87bba6c4,30673,30977
44b6_87bba6c4,30674,30995
44b6_87bba6c4,30675,31018
44b6_87bba6c4,30676,30999
44b6_87bba6c4,30678,30988
44b6_87bba6c4,30679,31004
44b6_87bba6c4,30680,30983
44b6_87bba6c4,30682,31002
44b6_87bba6c4,30683,30919
44b6_87bba6c4,30684,30956
44b6_87bba6c4,30686,30968
44b6_87bba6c4,30687,30978
44b6_87bba6c4,30688,30844
44b6_87bba6c4,30689,31001
44b6_87bba6c4,30690,31008
44b6_87bba6c4,30692,31015
44b6_87bba6c4,30693,30970
44b6_87bba6c4,30699,30986
44b6_87bba6c4,30701,31010
44b6_87bba6c4,30703,30989
44b6_87bba6c4,30705,30884
44b6_87bba6c4,30708,30953
44b6_87bba6c4,30709,31025
44b6_87bba6c4,30711,31012
44b6_87bba6c4,30713,31006
44b6_87bba6c4,30718,31026
44b6_87bba6c4,30720,31005
44b6_87bba6c4,30725,31016
44b6_87bba6c4,30726,31021
44b6_87bba6c4,30731,31027
44b6_87bba6c4,30732,31033
44b6_87bba6c4,30733,31037
44b6_87bba6c4,30734,31048
44b6_87bba6c4,30735,31040
44b6_87bba6c4,30736,31053
44b6_87bba6c4,30737,31044
44b6_87bba6c4,30738,31041
44b6_87bba6c4,30739,31047
44b6_87bba6c4,30740,31039
44b6_87bba6c4,30741,31155
44b6_87bba6c4,30742,31222
44b6_87bba6c4,30743,31051
44b6_87bba6c4,30744,31038
44b6_87bba6c4,30745,31052
44b6_87bba6c4,30746,31060
44b6_87bba6c4,30747,31097
44b6_87bba6c4,30748,31055
44b6_87bba6c4,30749,31058
44b6_87bba6c4,30750,31049
44b6_87bba6c4,30751,31057
44b6_87bba6c4,30752,31054
44b6_87bba6c4,30753,31043
44b6_87bba6c4,30754,31065
44b6_87bba6c4,30755,31045
44b6_87bba6c4,30756,31050
44b6_87bba6c4,30757,31087
44b6_87bba6c4,30759,31078
44b6_87bba6c4,30760,31114
44b6_87bba6c4,30761,31062
44b6_87bba6c4,30762,31056
44b6_87bba6c4,30763,31102
44b6_87bba6c4,30764,31063
44b6_87bba6c4,30765,31061
44b6_87bba6c4,30767,31067
44b6_87bba6c4,30768,31082
44b6_87bba6c4,30769,31094
44b6_87bba6c4,30770,31071
44b6_87bba6c4,30771,31069
44b6_87bba6c4,30772,31125
44b6_87bba6c4,30773,31086
44b6_87bba6c4,30774,31072
44b6_87bba6c4,30775,31110
44b6_87bba6c4,30776,31076
44b6_87bba6c4,30777,31084
44b6_87bba6c4,30778,31080
44b6_87bba6c4,30779,31120
44b6_87bba6c4,30780,31073
44b6_87bba6c4,30781,31081
44b6_87bba6c4,30782,31095
44b6_87bba6c4,30783,31046
44b6_87bba6c4,30784,31203
44b6_87bba6c4,30785,31074
44b6_87bba6c4,30786,31042
44b6_87bba6c4,30787,31064
44b6_87bba6c4,30788,31088
44b6_87bba6c4,30789,31079
44b6_87bba6c4,30790,31164
44b6_87bba6c4,30793,31111
44b6_87bba6c4,30795,31118
44b6_87bba6c4,30796,31109
44b6_87bba6c4,30797,31059
44b6_87bba6c4,30798,31100
44b6_87bba6c4,30799,31116
44b6_87bba6c4,30800,31104
44b6_87bba6c4,30802,31151
44b6_87bba6c4,30803,31091
44b6_87bba6c4,30804,31154
44b6_87bba6c4,30805,31230
44b6_87bba6c4,30806,31117
44b6_87bba6c4,30808,31068
44b6_87bba6c4,30809,31092
44b6_87bba6c4,30810,31129
44b6_87bba6c4,30811,31099
44b6_87bba6c4,30812,31144
44b6_87bba6c4,30814,31153
44b6_87bba6c4,30815,31077
44b6_87bba6c4,30816,31098
44b6_87bba6c4,30817,31127
44b6_87bba6c4,30818,31124
44b6_87bba6c4,30819,31148
44b6_87bba6c4,30822,31170
44b6_87bba6c4,30823,31139
44b6_87bba6c4,30824,31090
44b6_87bba6c4,30825,31165
44b6_87bba6c4,30827,31186
44b6_87bba6c4,30828,31219
44b6_87bba6c4,30829,31174
44b6_87bba6c4,30831,31190
44b6_87bba6c4,30832,31075
44b6_87bba6c4,30833,31135
44b6_87bba6c4,30835,31123
44b6_87bba6c4,30836,31134
44b6_87bba6c4,30837,31128
44b6_87bba6c4,30838,31093
44b6_87bba6c4,30839,31121
44b6_87bba6c4,30840,31150
44b6_87bba6c4,30841,31131
44b6_87bba6c4,30843,31189
44b6_87bba6c4,30845,31138
44b6_87bba6c4,30846,31225
44b6_87bba6c4,30848,31070
44b6_87bba6c4,30849,31112
44b6_87bba6c4,30850,31163
44b6_87bba6c4,30851,31147
44b6_87bba6c4,30852,31173
44b6_87bba6c4,30853,31132
44b6_87bba6c4,30854,31103
44b6_87bba6c4,30855,31146
44b6_87bba6c4,30856,31160
44b6_87bba6c4,30857,31137
44b6_87bba6c4,30858,31204
44b6_87bba6c4,30859,31126
44b6_87bba6c4,30860,31184
44b6_87bba6c4,30861,31149
44b6_87bba6c4,30862,31179
44b6_87bba6c4,30863,31106
44b6_87bba6c4,30864,31216
44b6_87bba6c4,30865,31211
44b6_87bba6c4,30866,31185
44b6_87bba6c4,30867,31253
44b6_87bba6c4,30868,31141
44b6_87bba6c4,30869,31212
44b6_87bba6c4,30870,31194
44b6_87bba6c4,30871,31221
44b6_87bba6c4,30872,31200
44b6_87bba6c4,30873,31140
44b6_87bba6c4,30876,31181
44b6_87bba6c4,30877,31175
44b6_87bba6c4,30878,31115
44b6_87bba6c4,30880,31198
44b6_87bba6c4,30881,31206
44b6_87bba6c4,30882,31089
44b6_87bba6c4,30883,31197
44b6_87bba6c4,30884,31158
44b6_87bba6c4,30887,31143
44b6_87bba6c4,30888,31224
44b6_87bba6c4,30889,31159
44b6_87bba6c4,30890,31145
44b6_87bba6c4,30891,31231
44b6_87bba6c4,30896,31228
44b6_87bba6c4,30897,31187
44b6_87bba6c4,30898,31193
44b6_87bba6c4,30899,31157
44b6_87bba6c4,30902,31196
44b6_87bba6c4,30904,31107
44b6_87bba6c4,30905,31113
44b6_87bba6c4,30907,31245
44b6_87bba6c4,30908,31195
44b6_87bba6c4,30910,31229
44b6_87bba6c4,30911,31223
44b6_87bba6c4,30913,31259
44b6_87bba6c4,30914,31085
44b6_87bba6c4,30917,31182
44b6_87bba6c4,30918,31130
44b6_87bba6c4,30919,31152
44b6_87bba6c4,30920,31202
44b6_87bba6c4,30921,31220
44b6_87bba6c4,30922,31256
44b6_87bba6c4,30923,31240
44b6_87bba6c4,30924,31277
44b6_87bba6c4,30925,31279
44b6_87bba6c4,30927,31217
44b6_87bba6c4,30928,31096
44b6_87bba6c4,30929,31270
44b6_87bba6c4,30930,31180
44b6_87bba6c4,30931,31215
44b6_87bba6c4,30932,31169
44b6_87bba6c4,30933,31309
44b6_87bba6c4,30934,31207
44b6_87bba6c4,30936,31188
44b6_87bba6c4,30939,31232
44b6_87bba6c4,30940,31199
44b6_87bba6c4,30942,31244
44b6_87bba6c4,30944,31218
44b6_87bba6c4,30945,31290
44b6_87bba6c4,30946,31210
44b6_87bba6c4,30947,31167
44b6_87bba6c4,30950,31246
44b6_87bba6c4,30951,31227
44b6_87bba6c4,30952,31291
44b6_87bba6c4,30953,31255
44b6_87bba6c4,30954,31183
44b6_87bba6c4,30956,31307
44b6_87bba6c4,30958,31208
44b6_87bba6c4,30959,31282
44b6_87bba6c4,30960,31252
44b6_87bba6c4,30961,31233
44b6_87bba6c4,30962,31251
44b6_87bba6c4,30963,31276
44b6_87bba6c4,30964,31249
44b6_87bba6c4,30965,31287
44b6_87bba6c4,30966,31178
44b6_87bba6c4,30968,31263
44b6_87bba6c4,30970,31265
44b6_87bba6c4,30972,31321
44b6_87bba6c4,30973,31236
44b6_87bba6c4,30974,31254
44b6_87bba6c4,30976,31242
44b6_87bba6c4,30979,31258
44b6_87bba6c4,30982,31312
44b6_87bba6c4,30986,31298
44b6_87bba6c4,30987,31261
44b6_87bba6c4,30988,31281
44b6_87bba6c4,30989,31319
44b6_87bba6c4,30993,31214
44b6_87bba6c4,30994,31205
44b6_87bba6c4,30996,31239
44b6_87bba6c4,30998,31257
44b6_87bba6c4,30999,31273
44b6_87bba6c4,31000,31302
44b6_87bba6c4,31001,31305
44b6_87bba6c4,31002,31288
44b6_87bba6c4,31005,31318
44b6_87bba6c4,31006,31311
44b6_87bba6c4,31008,31247
44b6_87bba6c4,31012,31250
44b6_87bba6c4,31013,31269
44b6_87bba6c4,31015,31286
44b6_87bba6c4,31018,31315
44b6_87bba6c4,31020,31267
44b6_87bba6c4,31021,31328
44b6_87bba6c4,31022,31317
44b6_87bba6c4,31025,31329
44b6_87bba6c4,31027,31243
44b6_87bba6c4,31030,31266
44b6_87bba6c4,31032,31314
44b6_87bba6c4,31033,31299
44b6_87bba6c4,31036,31322
44b6_87bba6c4,31037,31330
44b6_87bba6c4,31038,31331
44b6_87bba6c4,31039,31332
44b6_87bba6c4,31040,31338
44b6_87bba6c4,31041,31336
44b6_87bba6c4,31042,31390
44b6_87bba6c4,31043,31333
44b6_87bba6c4,31045,31342
44b6_87bba6c4,31046,31334
44b6_87bba6c4,31047,31335
44b6_87bba6c4,31048,31353
44b6_87bba6c4,31049,31337
44b6_87bba6c4,31050,31347
44b6_87bba6c4,31051,31340
44b6_87bba6c4,31052,31364
44b6_87bba6c4,31053,31385
44b6_87bba6c4,31054,31339
44b6_87bba6c4,31055,31376
44b6_87bba6c4,31056,31358
44b6_87bba6c4,31057,31351
44b6_87bba6c4,31058,31372
44b6_87bba6c4,31059,31374
44b6_87bba6c4,31060,31366
44b6_87bba6c4,31061,31344
44b6_87bba6c4,31063,31348
44b6_87bba6c4,31064,31356
44b6_87bba6c4,31066,31352
44b6_87bba6c4,31067,31361
44b6_87bba6c4,31068,31377
44b6_87bba6c4,31069,31373
44b6_87bba6c4,31070,31369
44b6_87bba6c4,31071,31350
44b6_87bba6c4,31072,31360
44b6_87bba6c4,31073,31349
44b6_87bba6c4,31074,31363
44b6_87bba6c4,31075,31387
44b6_87bba6c4,31076,31341
44b6_87bba6c4,31077,31383
44b6_87bba6c4,31078,31379
44b6_87bba6c4,31079,31357
44b6_87bba6c4,31080,31365
44b6_87bba6c4,31081,31430
44b6_87bba6c4,31082,31386
44b6_87bba6c4,31083,31343
44b6_87bba6c4,31084,31395
44b6_87bba6c4,31085,31354
44b6_87bba6c4,31086,31359
44b6_87bba6c4,31087,31370
44b6_87bba6c4,31088,31371
44b6_87bba6c4,31089,31388
44b6_87bba6c4,31090,31438
44b6_87bba6c4,31091,31402
44b6_87bba6c4,31092,31378
44b6_87bba6c4,31093,31413
44b6_87bba6c4,31094,31355
44b6_87bba6c4,31095,31381
44b6_87bba6c4,31096,31421
44b6_87bba6c4,31097,31345
44b6_87bba6c4,31098,31382
44b6_87bba6c4,31099,31399
44b6_87bba6c4,31100,31389
44b6_87bba6c4,31101,31398
44b6_87bba6c4,31102,31499
44b6_87bba6c4,31103,31384
44b6_87bba6c4,31104,31405
44b6_87bba6c4,31105,31392
44b6_87bba6c4,31106,31444
44b6_87bba6c4,31107,31424
44b6_87bba6c4,31109,31425
44b6_87bba6c4,31110,31463
44b6_87bba6c4,31111,31391
44b6_87bba6c4,31112,31400
44b6_87bba6c4,31113,31346
44b6_87bba6c4,31115,31410
44b6_87bba6c4,31116,31397
44b6_87bba6c4,31117,31412
44b6_87bba6c4,31118,31443
44b6_87bba6c4,31120,31454
44b6_87bba6c4,31121,31407
44b6_87bba6c4,31122,31380
44b6_87bba6c4,31124,31418
44b6_87bba6c4,31125,31446
44b6_87bba6c4,31126,31429
44b6_87bba6c4,31127,31459
44b6_87bba6c4,31129,31401
44b6_87bba6c4,31130,31485
44b6_87bba6c4,31132,31409
44b6_87bba6c4,31133,31367
44b6_87bba6c4,31134,31496
44b6_87bba6c4,31135,31469
44b6_87bba6c4,31137,31394
44b6_87bba6c4,31138,31472
44b6_87bba6c4,31139,31411
44b6_87bba6c4,31140,31475
44b6_87bba6c4,31141,31455
44b6_87bba6c4,31142,31582
44b6_87bba6c4,31143,31464
44b6_87bba6c4,31144,31427
44b6_87bba6c4,31145,31431
44b6_87bba6c4,31146,31447
44b6_87bba6c4,31147,31393
44b6_87bba6c4,31151,31428
44b6_87bba6c4,31152,31436
44b6_87bba6c4,31153,31441
44b6_87bba6c4,31155,31450
44b6_87bba6c4,31156,31451
44b6_87bba6c4,31157,31432
44b6_87bba6c4,31158,31420
44b6_87bba6c4,31159,31423
44b6_87bba6c4,31160,31406
44b6_87bba6c4,31161,31416
44b6_87bba6c4,31162,31414
44b6_87bba6c4,31163,31422
44b6_87bba6c4,31164,31437
44b6_87bba6c4,31165,31491
44b6_87bba6c4,31166,31403
44b6_87bba6c4,31167,31512
44b6_87bba6c4,31168,31520
44b6_87bba6c4,31169,31460
44b6_87bba6c4,31170,31439
44b6_87bba6c4,31173,31481
44b6_87bba6c4,31174,31484
44b6_87bba6c4,31176,31466
44b6_87bba6c4,31178,31501
44b6_87bba6c4,31179,31540
44b6_87bba6c4,31181,31435
44b6_87bba6c4,31182,31470
44b6_87bba6c4,31183,31452
44b6_87bba6c4,31184,31488
44b6_87bba6c4,31185,31490
44b6_87bba6c4,31186,31415
44b6_87bba6c4,31187,31445
44b6_87bba6c4,31188,31516
44b6_87bba6c4,31189,31480
44b6_87bba6c4,31190,31471
44b6_87bba6c4,31191,31473
44b6_87bba6c4,31192,31368
44b6_87bba6c4,31193,31467
44b6_87bba6c4,31194,31509
44b6_87bba6c4,31195,31457
44b6_87bba6c4,31197,31498
44b6_87bba6c4,31198,31458
44b6_87bba6c4,31199,31544
44b6_87bba6c4,31200,31434
44b6_87bba6c4,31201,31440
44b6_87bba6c4,31203,31465
44b6_87bba6c4,31207,31495
44b6_87bba6c4,31208,31539
44b6_87bba6c4,31210,31579
44b6_87bba6c4,31211,31468
44b6_87bba6c4,31212,31611
44b6_87bba6c4,31214,31433
44b6_87bba6c4,31215,31497
44b6_87bba6c4,31216,31476
44b6_87bba6c4,31218,31503
44b6_87bba6c4,31219,31565
44b6_87bba6c4,31221,31519
44b6_87bba6c4,31223,31538
44b6_87bba6c4,31226,31541
44b6_87bba6c4,31227,31456
44b6_87bba6c4,31228,31522
44b6_87bba6c4,31229,31553
44b6_87bba6c4,31230,31568
44b6_87bba6c4,31231,31531
44b6_87bba6c4,31232,31578
44b6_87bba6c4,31233,31511
44b6_87bba6c4,31235,31453
44b6_87bba6c4,31236,31461
44b6_87bba6c4,31237,31537
44b6_87bba6c4,31238,31506
44b6_87bba6c4,31239,31536
44b6_87bba6c4,31240,31596
44b6_87bba6c4,31241,31442
44b6_87bba6c4,31242,31486
44b6_87bba6c4,31243,31595
44b6_87bba6c4,31244,31515
44b6_87bba6c4,31245,31606
44b6_87bba6c4,31246,31474
44b6_87bba6c4,31247,31551
44b6_87bba6c4,31249,31525
44b6_87bba6c4,31252,31533
44b6_87bba6c4,31253,31586
44b6_87bba6c4,31254,31545
44b6_87bba6c4,31255,31589
44b6_87bba6c4,31256,31559
44b6_87bba6c4,31257,31552
44b6_87bba6c4,31258,31546
44b6_87bba6c4,31259,31526
44b6_87bba6c4,31260,31426
44b6_87bba6c4,31262,31523
44b6_87bba6c4,31263,31562
44b6_87bba6c4,31265,31567
44b6_87bba6c4,31266,31532
44b6_87bba6c4,31267,31564
44b6_87bba6c4,31268,31549
44b6_87bba6c4,31269,31514
44b6_87bba6c4,31270,31557
44b6_87bba6c4,31272,31563
44b6_87bba6c4,31278,31535
44b6_87bba6c4,31279,31550
44b6_87bba6c4,31281,31580
44b6_87bba6c4,31283,31588
44b6_87bba6c4,31285,31597
44b6_87bba6c4,31286,31566
44b6_87bba6c4,31287,31547
44b6_87bba6c4,31288,31576
44b6_87bba6c4,31291,31483
44b6_87bba6c4,31292,31572
44b6_87bba6c4,31295,31513
44b6_87bba6c4,31296,31604
44b6_87bba6c4,31297,31570
44b6_87bba6c4,31301,31610
44b6_87bba6c4,31302,31548
44b6_87bba6c4,31303,31558
44b6_87bba6c4,31304,31574
44b6_87bba6c4,31305,31577
44b6_87bba6c4,31306,31508
44b6_87bba6c4,31307,31492
44b6_87bba6c4,31308,31601
44b6_87bba6c4,31311,31623
44b6_87bba6c4,31313,31593
44b6_87bba6c4,31319,31587
44b6_87bba6c4,31321,31561
44b6_87bba6c4,31324,31620
44b6_87bba6c4,31326,31602
44b6_87bba6c4,31327,31600
44b6_87bba6c4,31330,31632
44b6_87bba6c4,31331,31628
44b6_87bba6c4,31332,31627
44b6_87bba6c4,31333,31642
44b6_87bba6c4,31334,31626
44b6_87bba6c4,31335,31633
44b6_87bba6c4,31336,31637
44b6_87bba6c4,31337,31629
44b6_87bba6c4,31338,31634
44b6_87bba6c4,31339,31635
44b6_87bba6c4,31340,31640
44b6_87bba6c4,31341,31658
44b6_87bba6c4,31342,31644
44b6_87bba6c4,31343,31630
44b6_87bba6c4,31345,31665
44b6_87bba6c4,31347,31639
44b6_87bba6c4,31348,31650
44b6_87bba6c4,31350,31646
44b6_87bba6c4,31351,31651
44b6_87bba6c4,31352,31641
44b6_87bba6c4,31353,31636
44b6_87bba6c4,31354,31682
44b6_87bba6c4,31355,31643
44b6_87bba6c4,31356,31666
44b6_87bba6c4,31357,31660
44b6_87bba6c4,31358,31662
44b6_87bba6c4,31359,31638
44b6_87bba6c4,31360,31653
44b6_87bba6c4,31361,31647
44b6_87bba6c4,31362,31672
44b6_87bba6c4,31363,31668
44b6_87bba6c4,31364,31667
44b6_87bba6c4,31365,31657
44b6_87bba6c4,31366,31675
44b6_87bba6c4,31367,31679
44b6_87bba6c4,31368,31693
44b6_87bba6c4,31369,31692
44b6_87bba6c4,31370,31649
44b6_87bba6c4,31372,31648
44b6_87bba6c4,31373,31645
44b6_87bba6c4,31374,31757
44b6_87bba6c4,31375,31673
44b6_87bba6c4,31376,31671
44b6_87bba6c4,31377,31687
44b6_87bba6c4,31379,31684
44b6_87bba6c4,31380,31719
44b6_87bba6c4,31381,31663
44b6_87bba6c4,31382,31686
44b6_87bba6c4,31383,31652
44b6_87bba6c4,31385,31697
44b6_87bba6c4,31387,31702
44b6_87bba6c4,31388,31681
44b6_87bba6c4,31389,31699
44b6_87bba6c4,31390,31745
44b6_87bba6c4,31391,31685
44b6_87bba6c4,31392,31764
44b6_87bba6c4,31393,31691
44b6_87bba6c4,31394,31696
44b6_87bba6c4,31395,31717
44b6_87bba6c4,31396,31706
44b6_87bba6c4,31397,31689
44b6_87bba6c4,31399,31676
44b6_87bba6c4,31400,31736
44b6_87bba6c4,31401,31737
44b6_87bba6c4,31403,31718
44b6_87bba6c4,31404,31674
44b6_87bba6c4,31405,31678
44b6_87bba6c4,31406,31659
44b6_87bba6c4,31407,31726
44b6_87bba6c4,31408,31680
44b6_87bba6c4,31409,31759
44b6_87bba6c4,31410,31747
44b6_87bba6c4,31411,31727
44b6_87bba6c4,31412,31723
44b6_87bba6c4,31413,31797
44b6_87bba6c4,31414,31694
44b6_87bba6c4,31415,31710
44b6_87bba6c4,31416,31775
44b6_87bba6c4,31417,31714
44b6_87bba6c4,31418,31705
44b6_87bba6c4,31419,31707
44b6_87bba6c4,31420,31725
44b6_87bba6c4,31421,31767
44b6_87bba6c4,31422,31713
44b6_87bba6c4,31423,31664
44b6_87bba6c4,31424,31700
44b6_87bba6c4,31425,31739
44b6_87bba6c4,31426,31631
44b6_87bba6c4,31427,31716
44b6_87bba6c4,31428,31729
44b6_87bba6c4,31429,31728
44b6_87bba6c4,31430,31704
44b6_87bba6c4,31431,31786
44b6_87bba6c4,31432,31730
44b6_87bba6c4,31433,31790
44b6_87bba6c4,31434,31724
44b6_87bba6c4,31436,31698
44b6_87bba6c4,31437,31709
44b6_87bba6c4,31438,31670
44b6_87bba6c4,31439,31778
44b6_87bba6c4,31440,31688
44b6_87bba6c4,31441,31712
44b6_87bba6c4,31442,31774
44b6_87bba6c4,31444,31715
44b6_87bba6c4,31445,31744
44b6_87bba6c4,31446,31695
44b6_87bba6c4,31447,31763
44b6_87bba6c4,31448,31741
44b6_87bba6c4,31450,31721
44b6_87bba6c4,31451,31758
44b6_87bba6c4,31452,31776
44b6_87bba6c4,31453,31779
44b6_87bba6c4,31454,31703
44b6_87bba6c4,31455,31892
44b6_87bba6c4,31456,31738
44b6_87bba6c4,31457,31793
44b6_87bba6c4,31458,31735
44b6_87bba6c4,31459,31792
44b6_87bba6c4,31460,31756
44b6_87bba6c4,31462,31796
44b6_87bba6c4,31463,31755
44b6_87bba6c4,31464,31711
44b6_87bba6c4,31465,31805
44b6_87bba6c4,31467,31829
44b6_87bba6c4,31468,31816
44b6_87bba6c4,31469,31819
44b6_87bba6c4,31470,31815
44b6_87bba6c4,31471,31783
44b6_87bba6c4,31472,31820
44b6_87bba6c4,31473,31841
44b6_87bba6c4,31474,31733
44b6_87bba6c4,31475,31749
44b6_87bba6c4,31480,31780
44b6_87bba6c4,31482,31773
44b6_87bba6c4,31483,31887
44b6_87bba6c4,31484,31753
44b6_87bba6c4,31485,31784
44b6_87bba6c4,31488,31791
44b6_87bba6c4,31490,31772
44b6_87bba6c4,31492,31811
44b6_87bba6c4,31494,31810
44b6_87bba6c4,31496,31752
44b6_87bba6c4,31497,31762
44b6_87bba6c4,31498,31855
44b6_87bba6c4,31499,31808
44b6_87bba6c4,31500,31781
44b6_87bba6c4,31501,31806
44b6_87bba6c4,31503,31854
44b6_87bba6c4,31504,31824
44b6_87bba6c4,31507,31909
44b6_87bba6c4,31509,31769
44b6_87bba6c4,31511,31765
44b6_87bba6c4,31512,31770
44b6_87bba6c4,31513,31813
44b6_87bba6c4,31514,31843
44b6_87bba6c4,31515,31803
44b6_87bba6c4,31516,31754
44b6_87bba6c4,31517,31720
44b6_87bba6c4,31518,31683
44b6_87bba6c4,31519,31768
44b6_87bba6c4,31520,31848
44b6_87bba6c4,31521,31836
44b6_87bba6c4,31522,31750
44b6_87bba6c4,31523,31856
44b6_87bba6c4,31524,31654
44b6_87bba6c4,31526,31799
44b6_87bba6c4,31527,31732
44b6_87bba6c4,31528,31846
44b6_87bba6c4,31529,31845
44b6_87bba6c4,31530,31787
44b6_87bba6c4,31531,31839
44b6_87bba6c4,31532,31817
44b6_87bba6c4,31533,31823
44b6_87bba6c4,31535,31828
44b6_87bba6c4,31536,31866
44b6_87bba6c4,31538,31849
44b6_87bba6c4,31540,31876
44b6_87bba6c4,31545,31837
44b6_87bba6c4,31547,31822
44b6_87bba6c4,31548,31872
44b6_87bba6c4,31549,31858
44b6_87bba6c4,31550,31731
44b6_87bba6c4,31552,31852
44b6_87bba6c4,31555,31814
44b6_87bba6c4,31556,31883
44b6_87bba6c4,31557,31827
44b6_87bba6c4,31559,31882
44b6_87bba6c4,31561,31835
44b6_87bba6c4,31563,31885
44b6_87bba6c4,31565,31893
44b6_87bba6c4,31566,31834
44b6_87bba6c4,31569,31877
44b6_87bba6c4,31570,31669
44b6_87bba6c4,31573,31807
44b6_87bba6c4,31574,31888
44b6_87bba6c4,31575,31802
44b6_87bba6c4,31576,31863
44b6_87bba6c4,31577,31880
44b6_87bba6c4,31578,31825
44b6_87bba6c4,31579,31859
44b6_87bba6c4,31580,31870
44b6_87bba6c4,31582,31864
44b6_87bba6c4,31586,31833
44b6_87bba6c4,31587,31899
44b6_87bba6c4,31589,31851
44b6_87bba6c4,31592,31865
44b6_87bba6c4,31596,31911
44b6_87bba6c4,31598,31742
44b6_87bba6c4,31606,31886
44b6_87bba6c4,31609,31915
44b6_87bba6c4,31610,31896
44b6_87bba6c4,31613,31857
44b6_87bba6c4,31618,31908
44b6_87bba6c4,31619,31868
44b6_87bba6c4,31622,31916
44b6_87bba6c4,31626,31921
44b6_87bba6c4,31627,31918
44b6_87bba6c4,31628,31920
44b6_87bba6c4,31629,31922
44b6_87bba6c4,31630,31919
44b6_87bba6c4,31632,31958
44b6_87bba6c4,31633,31936
44b6_87bba6c4,31634,31941
44b6_87bba6c4,31635,31934
44b6_87bba6c4,31636,31930
44b6_87bba6c4,31637,31928
44b6_87bba6c4,31638,31924
44b6_87bba6c4,31639,31951
44b6_87bba6c4,31640,31923
44b6_87bba6c4,31641,31953
44b6_87bba6c4,31642,31947
44b6_87bba6c4,31644,31939
44b6_87bba6c4,31645,31927
44b6_87bba6c4,31646,31935
44b6_87bba6c4,31648,31938
44b6_87bba6c4,31649,31944
44b6_87bba6c4,31650,31946
44b6_87bba6c4,31651,31929
44b6_87bba6c4,31652,31943
44b6_87bba6c4,31653,31963
44b6_87bba6c4,31654,32094
44b6_87bba6c4,31655,31933
44b6_87bba6c4,31657,31925
44b6_87bba6c4,31658,31957
44b6_87bba6c4,31659,31940
44b6_87bba6c4,31660,32016
44b6_87bba6c4,31661,31932
44b6_87bba6c4,31662,31942
44b6_87bba6c4,31664,31952
44b6_87bba6c4,31665,31987
44b6_87bba6c4,31666,31965
44b6_87bba6c4,31667,31976
44b6_87bba6c4,31668,31948
44b6_87bba6c4,31669,31993
44b6_87bba6c4,31670,31972
44b6_87bba6c4,31671,31967
44b6_87bba6c4,31672,31954
44b6_87bba6c4,31673,31937
44b6_87bba6c4,31675,31964
44b6_87bba6c4,31676,31961
44b6_87bba6c4,31677,31971
44b6_87bba6c4,31678,31966
44b6_87bba6c4,31680,31975
44b6_87bba6c4,31681,31955
44b6_87bba6c4,31682,31969
44b6_87bba6c4,31683,31984
44b6_87bba6c4,31684,31970
44b6_87bba6c4,31685,31989
44b6_87bba6c4,31686,31962
44b6_87bba6c4,31687,31950
44b6_87bba6c4,31688,32022
44b6_87bba6c4,31689,31973
44b6_87bba6c4,31690,31945
44b6_87bba6c4,31691,31995
44b6_87bba6c4,31694,31996
44b6_87bba6c4,31695,32060
44b6_87bba6c4,31696,31956
44b6_87bba6c4,31697,32065
44b6_87bba6c4,31698,31982
44b6_87bba6c4,31699,32014
44b6_87bba6c4,31700,31959
44b6_87bba6c4,31701,32015
44b6_87bba6c4,31702,32017
44b6_87bba6c4,31704,32027
44b6_87bba6c4,31705,31991
44b6_87bba6c4,31706,31986
44b6_87bba6c4,31707,31978
44b6_87bba6c4,31708,32004
44b6_87bba6c4,31710,31968
44b6_87bba6c4,31712,32018
44b6_87bba6c4,31713,32003
44b6_87bba6c4,31714,31999
44b6_87bba6c4,31715,31981
44b6_87bba6c4,31716,31988
44b6_87bba6c4,31717,32038
44b6_87bba6c4,31718,32020
44b6_87bba6c4,31719,32115
44b6_87bba6c4,31720,32010
44b6_87bba6c4,31722,31997
44b6_87bba6c4,31723,31979
44b6_87bba6c4,31725,32028
44b6_87bba6c4,31726,32008
44b6_87bba6c4,31727,32021
44b6_87bba6c4,31728,32002
44b6_87bba6c4,31729,32005
44b6_87bba6c4,31730,32025
44b6_87bba6c4,31732,31983
44b6_87bba6c4,31733,32031
44b6_87bba6c4,31734,31974
44b6_87bba6c4,31735,32037
44b6_87bba6c4,31736,32074
44b6_87bba6c4,31737,32006
44b6_87bba6c4,31738,32106
44b6_87bba6c4,31739,32033
44b6_87bba6c4,31740,31998
44b6_87bba6c4,31742,32076
44b6_87bba6c4,31743,32086
44b6_87bba6c4,31744,32052
44b6_87bba6c4,31745,32011
44b6_87bba6c4,31746,31949
44b6_87bba6c4,31747,32030
44b6_87bba6c4,31748,32088
44b6_87bba6c4,31749,32046
44b6_87bba6c4,31750,32120
44b6_87bba6c4,31752,32041
44b6_87bba6c4,31753,32045
44b6_87bba6c4,31754,32078
44b6_87bba6c4,31756,32044
44b6_87bba6c4,31757,32019
44b6_87bba6c4,31758,32098
44b6_87bba6c4,31762,32062
44b6_87bba6c4,31763,32108
44b6_87bba6c4,31764,32068
44b6_87bba6c4,31765,32055
44b6_87bba6c4,31767,32000
44b6_87bba6c4,31768,32050
44b6_87bba6c4,31769,32051
44b6_87bba6c4,31770,32053
44b6_87bba6c4,31771,32042
44b6_87bba6c4,31772,32013
44b6_87bba6c4,31773,32183
44b6_87bba6c4,31774,32048
44b6_87bba6c4,31775,32049
44b6_87bba6c4,31776,32104
44b6_87bba6c4,31777,32072
44b6_87bba6c4,31778,32075
44b6_87bba6c4,31779,32047
44b6_87bba6c4,31780,32124
44b6_87bba6c4,31781,32084
44b6_87bba6c4,31782,32035
44b6_87bba6c4,31784,32039
44b6_87bba6c4,31785,32059
44b6_87bba6c4,31786,32058
44b6_87bba6c4,31787,32036
44b6_87bba6c4,31788,32043
44b6_87bba6c4,31789,32064
44b6_87bba6c4,31790,32113
44b6_87bba6c4,31791,32007
44b6_87bba6c4,31792,32085
44b6_87bba6c4,31793,32001
44b6_87bba6c4,31794,32110
44b6_87bba6c4,31795,32009
44b6_87bba6c4,31796,32103
44b6_87bba6c4,31797,32133
44b6_87bba6c4,31799,32118
44b6_87bba6c4,31800,32040
44b6_87bba6c4,31801,32112
44b6_87bba6c4,31802,32141
44b6_87bba6c4,31803,32066
44b6_87bba6c4,31804,32073
44b6_87bba6c4,31805,32077
44b6_87bba6c4,31807,32130
44b6_87bba6c4,31808,32023
44b6_87bba6c4,31809,32063
44b6_87bba6c4,31810,32067
44b6_87bba6c4,31811,32061
44b6_87bba6c4,31813,32125
44b6_87bba6c4,31814,32069
44b6_87bba6c4,31815,32029
44b6_87bba6c4,31816,32026
44b6_87bba6c4,31817,32119
44b6_87bba6c4,31819,32089
44b6_87bba6c4,31820,32109
44b6_87bba6c4,31821,32092
44b6_87bba6c4,31822,32081
44b6_87bba6c4,31823,32107
44b6_87bba6c4,31824,32083
44b6_87bba6c4,31825,32149
44b6_87bba6c4,31826,32093
44b6_87bba6c4,31827,32082
44b6_87bba6c4,31828,32127
44b6_87bba6c4,31829,32116
44b6_87bba6c4,31831,32184
44b6_87bba6c4,31834,32101
44b6_87bba6c4,31835,32157
44b6_87bba6c4,31836,32071
44b6_87bba6c4,31838,32132
44b6_87bba6c4,31840,32135
44b6_87bba6c4,31842,32179
44b6_87bba6c4,31843,32024
44b6_87bba6c4,31845,32087
44b6_87bba6c4,31849,32170
44b6_87bba6c4,31850,32148
44b6_87bba6c4,31851,32080
44b6_87bba6c4,31852,32099
44b6_87bba6c4,31853,32100
44b6_87bba6c4,31854,32096
44b6_87bba6c4,31855,32070
44b6_87bba6c4,31856,32126
44b6_87bba6c4,31857,32056
44b6_87bba6c4,31858,32122
44b6_87bba6c4,31859,32173
44b6_87bba6c4,31862,32137
44b6_87bba6c4,31866,32136
44b6_87bba6c4,31869,32139
44b6_87bba6c4,31870,32142
44b6_87bba6c4,31874,32162
44b6_87bba6c4,31875,32158
44b6_87bba6c4,31876,32131
44b6_87bba6c4,31879,32128
44b6_87bba6c4,31882,32164
44b6_87bba6c4,31884,32166
44b6_87bba6c4,31885,32140
44b6_87bba6c4,31886,32152
44b6_87bba6c4,31887,32160
44b6_87bba6c4,31890,32155
44b6_87bba6c4,31891,32182
44b6_87bba6c4,31892,32165
44b6_87bba6c4,31894,32176
44b6_87bba6c4,31904,32172
44b6_87bba6c4,31905,32151
44b6_87bba6c4,31916,32188
