dataset,source_id,target_id
6bba_12665c0e,0,175
6bba_12665c0e,1,180
6bba_12665c0e,3,182
6bba_12665c0e,4,212
6bba_12665c0e,6,181
6bba_12665c0e,8,186
6bba_12665c0e,9,208
6bba_12665c0e,10,184
6bba_12665c0e,11,179
6bba_12665c0e,12,176
6bba_12665c0e,13,191
6bba_12665c0e,14,197
6bba_12665c0e,16,195
6bba_12665c0e,17,185
6bba_12665c0e,18,190
6bba_12665c0e,20,215
6bba_12665c0e,21,187
6bba_12665c0e,22,189
6bba_12665c0e,23,183
6bba_12665c0e,24,255
6bba_12665c0e,25,209
6bba_12665c0e,26,211
6bba_12665c0e,27,199
6bba_12665c0e,28,206
6bba_12665c0e,29,198
6bba_12665c0e,31,223
6bba_12665c0e,32,207
6bba_12665c0e,33,214
6bba_12665c0e,34,225
6bba_12665c0e,35,201
6bba_12665c0e,37,193
6bba_12665c0e,38,228
6bba_12665c0e,39,192
6bba_12665c0e,40,227
6bba_12665c0e,41,226
6bba_12665c0e,42,210
6bba_12665c0e,44,218
6bba_12665c0e,45,200
6bba_12665c0e,46,244
6bba_12665c0e,47,202
6bba_12665c0e,48,230
6bba_12665c0e,49,260
6bba_12665c0e,50,217
6bba_12665c0e,53,243
6bba_12665c0e,54,188
6bba_12665c0e,56,236
6bba_12665c0e,57,287
6bba_12665c0e,58,264
6bba_12665c0e,59,267
6bba_12665c0e,60,232
6bba_12665c0e,61,204
6bba_12665c0e,62,248
6bba_12665c0e,63,216
6bba_12665c0e,66,233
6bba_12665c0e,67,249
6bba_12665c0e,68,222
6bba_12665c0e,70,235
6bba_12665c0e,71,265
6bba_12665c0e,72,323
6bba_12665c0e,73,251
6bba_12665c0e,74,284
6bba_12665c0e,75,231
6bba_12665c0e,76,254
6bba_12665c0e,77,263
6bba_12665c0e,78,240
6bba_12665c0e,81,247
6bba_12665c0e,83,271
6bba_12665c0e,85,293
6bba_12665c0e,88,203
6bba_12665c0e,89,280
6bba_12665c0e,90,266
6bba_12665c0e,93,259
6bba_12665c0e,95,275
6bba_12665c0e,96,250
6bba_12665c0e,97,308
6bba_12665c0e,99,272
6bba_12665c0e,100,295
6bba_12665c0e,101,262
6bba_12665c0e,102,285
6bba_12665c0e,103,241
6bba_12665c0e,104,307
6bba_12665c0e,105,283
6bba_12665c0e,106,304
6bba_12665c0e,107,276
6bba_12665c0e,108,300
6bba_12665c0e,110,306
6bba_12665c0e,111,326
6bba_12665c0e,112,278
6bba_12665c0e,113,270
6bba_12665c0e,115,273
6bba_12665c0e,116,289
6bba_12665c0e,118,314
6bba_12665c0e,119,242
6bba_12665c0e,120,297
6bba_12665c0e,121,292
6bba_12665c0e,124,282
6bba_12665c0e,125,294
6bba_12665c0e,127,303
6bba_12665c0e,128,317
6bba_12665c0e,130,318
6bba_12665c0e,132,313
6bba_12665c0e,133,320
6bba_12665c0e,134,301
6bba_12665c0e,136,302
6bba_12665c0e,137,321
6bba_12665c0e,139,305
6bba_12665c0e,143,309
6bba_12665c0e,145,298
6bba_12665c0e,149,310
6bba_12665c0e,151,332
6bba_12665c0e,153,322
6bba_12665c0e,154,290
6bba_12665c0e,155,316
6bba_12665c0e,164,329
6bba_12665c0e,172,341
6bba_12665c0e,176,342
6bba_12665c0e,177,347
6bba_12665c0e,179,345
6bba_12665c0e,180,344
6bba_12665c0e,181,348
6bba_12665c0e,182,356
6bba_12665c0e,183,349
6bba_12665c0e,184,346
6bba_12665c0e,185,350
6bba_12665c0e,187,357
6bba_12665c0e,188,366
6bba_12665c0e,189,361
6bba_12665c0e,192,353
6bba_12665c0e,194,385
6bba_12665c0e,195,376
6bba_12665c0e,199,379
6bba_12665c0e,201,360
6bba_12665c0e,203,351
6bba_12665c0e,205,404
6bba_12665c0e,206,364
6bba_12665c0e,209,391
6bba_12665c0e,211,372
6bba_12665c0e,212,358
6bba_12665c0e,216,387
6bba_12665c0e,221,383
6bba_12665c0e,222,420
6bba_12665c0e,223,399
6bba_12665c0e,224,402
6bba_12665c0e,225,403
6bba_12665c0e,227,419
6bba_12665c0e,228,386
6bba_12665c0e,231,390
6bba_12665c0e,232,365
6bba_12665c0e,233,392
6bba_12665c0e,234,396
6bba_12665c0e,235,377
6bba_12665c0e,239,405
6bba_12665c0e,241,401
6bba_12665c0e,244,359
6bba_12665c0e,245,409
6bba_12665c0e,246,371
6bba_12665c0e,247,426
6bba_12665c0e,248,444
6bba_12665c0e,249,439
6bba_12665c0e,250,429
6bba_12665c0e,251,408
6bba_12665c0e,252,479
6bba_12665c0e,253,394
6bba_12665c0e,257,414
6bba_12665c0e,259,446
6bba_12665c0e,260,363
6bba_12665c0e,261,422
6bba_12665c0e,262,460
6bba_12665c0e,266,378
6bba_12665c0e,267,373
6bba_12665c0e,269,428
6bba_12665c0e,271,477
6bba_12665c0e,272,433
6bba_12665c0e,276,397
6bba_12665c0e,278,425
6bba_12665c0e,279,474
6bba_12665c0e,280,421
6bba_12665c0e,282,423
6bba_12665c0e,284,491
6bba_12665c0e,285,445
6bba_12665c0e,289,448
6bba_12665c0e,292,441
6bba_12665c0e,293,435
6bba_12665c0e,294,455
6bba_12665c0e,295,436
6bba_12665c0e,296,459
6bba_12665c0e,297,447
6bba_12665c0e,300,469
6bba_12665c0e,301,462
6bba_12665c0e,302,467
6bba_12665c0e,303,464
6bba_12665c0e,305,468
6bba_12665c0e,307,458
6bba_12665c0e,310,470
6bba_12665c0e,311,427
6bba_12665c0e,313,431
6bba_12665c0e,314,480
6bba_12665c0e,318,449
6bba_12665c0e,320,466
6bba_12665c0e,324,475
6bba_12665c0e,342,499
6bba_12665c0e,343,497
6bba_12665c0e,344,498
6bba_12665c0e,345,505
6bba_12665c0e,346,502
6bba_12665c0e,347,515
6bba_12665c0e,348,506
6bba_12665c0e,349,518
6bba_12665c0e,350,503
6bba_12665c0e,351,507
6bba_12665c0e,352,511
6bba_12665c0e,353,520
6bba_12665c0e,354,501
6bba_12665c0e,356,508
6bba_12665c0e,357,512
6bba_12665c0e,358,500
6bba_12665c0e,359,513
6bba_12665c0e,360,525
6bba_12665c0e,361,516
6bba_12665c0e,362,504
6bba_12665c0e,363,552
6bba_12665c0e,364,509
6bba_12665c0e,365,529
6bba_12665c0e,366,523
6bba_12665c0e,368,533
6bba_12665c0e,369,517
6bba_12665c0e,371,540
6bba_12665c0e,372,536
6bba_12665c0e,373,538
6bba_12665c0e,374,532
6bba_12665c0e,375,537
6bba_12665c0e,376,522
6bba_12665c0e,377,521
6bba_12665c0e,378,528
6bba_12665c0e,379,519
6bba_12665c0e,380,510
6bba_12665c0e,381,531
6bba_12665c0e,383,526
6bba_12665c0e,384,530
6bba_12665c0e,385,562
6bba_12665c0e,386,539
6bba_12665c0e,387,514
6bba_12665c0e,388,544
6bba_12665c0e,389,561
6bba_12665c0e,390,543
6bba_12665c0e,391,587
6bba_12665c0e,392,555
6bba_12665c0e,396,534
6bba_12665c0e,399,551
6bba_12665c0e,400,564
6bba_12665c0e,401,541
6bba_12665c0e,402,588
6bba_12665c0e,404,567
6bba_12665c0e,405,570
6bba_12665c0e,406,548
6bba_12665c0e,407,545
6bba_12665c0e,408,535
6bba_12665c0e,410,549
6bba_12665c0e,411,579
6bba_12665c0e,413,599
6bba_12665c0e,414,554
6bba_12665c0e,415,553
6bba_12665c0e,417,576
6bba_12665c0e,418,573
6bba_12665c0e,419,546
6bba_12665c0e,421,566
6bba_12665c0e,422,574
6bba_12665c0e,424,595
6bba_12665c0e,425,565
6bba_12665c0e,426,582
6bba_12665c0e,427,585
6bba_12665c0e,428,593
6bba_12665c0e,429,542
6bba_12665c0e,431,609
6bba_12665c0e,432,581
6bba_12665c0e,433,578
6bba_12665c0e,434,559
6bba_12665c0e,435,611
6bba_12665c0e,436,601
6bba_12665c0e,437,596
6bba_12665c0e,438,560
6bba_12665c0e,439,603
6bba_12665c0e,440,563
6bba_12665c0e,441,590
6bba_12665c0e,442,631
6bba_12665c0e,444,600
6bba_12665c0e,445,622
6bba_12665c0e,446,606
6bba_12665c0e,447,613
6bba_12665c0e,448,602
6bba_12665c0e,449,612
6bba_12665c0e,452,586
6bba_12665c0e,455,616
6bba_12665c0e,456,580
6bba_12665c0e,459,598
6bba_12665c0e,460,594
6bba_12665c0e,462,621
6bba_12665c0e,463,617
6bba_12665c0e,464,629
6bba_12665c0e,465,589
6bba_12665c0e,467,607
6bba_12665c0e,469,625
6bba_12665c0e,470,638
6bba_12665c0e,472,623
6bba_12665c0e,473,640
6bba_12665c0e,474,634
6bba_12665c0e,475,630
6bba_12665c0e,481,633
6bba_12665c0e,482,653
6bba_12665c0e,489,650
6bba_12665c0e,497,660
6bba_12665c0e,498,663
6bba_12665c0e,500,661
6bba_12665c0e,501,667
6bba_12665c0e,502,665
6bba_12665c0e,503,672
6bba_12665c0e,504,668
6bba_12665c0e,505,664
6bba_12665c0e,506,671
6bba_12665c0e,507,670
6bba_12665c0e,508,666
6bba_12665c0e,509,678
6bba_12665c0e,510,669
6bba_12665c0e,511,725
6bba_12665c0e,512,677
6bba_12665c0e,513,683
6bba_12665c0e,514,673
6bba_12665c0e,515,694
6bba_12665c0e,516,681
6bba_12665c0e,517,685
6bba_12665c0e,519,680
6bba_12665c0e,520,676
6bba_12665c0e,521,703
6bba_12665c0e,522,688
6bba_12665c0e,524,675
6bba_12665c0e,525,687
6bba_12665c0e,526,689
6bba_12665c0e,527,684
6bba_12665c0e,528,700
6bba_12665c0e,529,691
6bba_12665c0e,530,697
6bba_12665c0e,531,696
6bba_12665c0e,532,690
6bba_12665c0e,533,682
6bba_12665c0e,534,679
6bba_12665c0e,535,738
6bba_12665c0e,536,704
6bba_12665c0e,537,708
6bba_12665c0e,538,699
6bba_12665c0e,539,692
6bba_12665c0e,540,698
6bba_12665c0e,541,751
6bba_12665c0e,542,717
6bba_12665c0e,543,715
6bba_12665c0e,544,702
6bba_12665c0e,545,724
6bba_12665c0e,546,686
6bba_12665c0e,547,721
6bba_12665c0e,548,716
6bba_12665c0e,549,711
6bba_12665c0e,551,695
6bba_12665c0e,552,777
6bba_12665c0e,553,709
6bba_12665c0e,554,723
6bba_12665c0e,555,705
6bba_12665c0e,557,736
6bba_12665c0e,560,693
6bba_12665c0e,561,713
6bba_12665c0e,562,710
6bba_12665c0e,565,742
6bba_12665c0e,566,720
6bba_12665c0e,567,743
6bba_12665c0e,568,714
6bba_12665c0e,570,735
6bba_12665c0e,571,729
6bba_12665c0e,572,762
6bba_12665c0e,573,730
6bba_12665c0e,574,731
6bba_12665c0e,576,712
6bba_12665c0e,578,733
6bba_12665c0e,579,737
6bba_12665c0e,580,745
6bba_12665c0e,581,747
6bba_12665c0e,582,732
6bba_12665c0e,583,799
6bba_12665c0e,584,782
6bba_12665c0e,585,756
6bba_12665c0e,586,707
6bba_12665c0e,587,718
6bba_12665c0e,588,746
6bba_12665c0e,590,775
6bba_12665c0e,591,750
6bba_12665c0e,593,761
6bba_12665c0e,595,767
6bba_12665c0e,596,754
6bba_12665c0e,599,739
6bba_12665c0e,600,727
6bba_12665c0e,601,757
6bba_12665c0e,602,753
6bba_12665c0e,603,786
6bba_12665c0e,606,774
6bba_12665c0e,607,768
6bba_12665c0e,608,780
6bba_12665c0e,609,744
6bba_12665c0e,610,772
6bba_12665c0e,611,755
6bba_12665c0e,612,770
6bba_12665c0e,613,792
6bba_12665c0e,614,763
6bba_12665c0e,615,797
6bba_12665c0e,616,808
6bba_12665c0e,617,766
6bba_12665c0e,620,791
6bba_12665c0e,621,781
6bba_12665c0e,622,760
6bba_12665c0e,623,790
6bba_12665c0e,625,759
6bba_12665c0e,626,803
6bba_12665c0e,627,752
6bba_12665c0e,628,800
6bba_12665c0e,629,783
6bba_12665c0e,630,795
6bba_12665c0e,633,785
6bba_12665c0e,635,798
6bba_12665c0e,636,778
6bba_12665c0e,638,810
6bba_12665c0e,639,787
6bba_12665c0e,640,793
6bba_12665c0e,643,805
6bba_12665c0e,645,813
6bba_12665c0e,650,821
6bba_12665c0e,651,814
6bba_12665c0e,653,822
6bba_12665c0e,660,829
6bba_12665c0e,661,832
6bba_12665c0e,662,830
6bba_12665c0e,663,831
6bba_12665c0e,664,840
6bba_12665c0e,665,839
6bba_12665c0e,666,836
6bba_12665c0e,668,834
6bba_12665c0e,669,860
6bba_12665c0e,670,835
6bba_12665c0e,671,843
6bba_12665c0e,672,854
6bba_12665c0e,673,848
6bba_12665c0e,674,838
6bba_12665c0e,675,853
6bba_12665c0e,676,859
6bba_12665c0e,678,844
6bba_12665c0e,679,855
6bba_12665c0e,680,866
6bba_12665c0e,681,862
6bba_12665c0e,682,858
6bba_12665c0e,683,849
6bba_12665c0e,684,856
6bba_12665c0e,685,864
6bba_12665c0e,686,833
6bba_12665c0e,687,874
6bba_12665c0e,688,893
6bba_12665c0e,689,852
6bba_12665c0e,690,850
6bba_12665c0e,691,847
6bba_12665c0e,692,845
6bba_12665c0e,693,842
6bba_12665c0e,694,899
6bba_12665c0e,695,920
6bba_12665c0e,696,870
6bba_12665c0e,697,881
6bba_12665c0e,698,861
6bba_12665c0e,699,867
6bba_12665c0e,700,857
6bba_12665c0e,701,889
6bba_12665c0e,702,863
6bba_12665c0e,703,868
6bba_12665c0e,704,882
6bba_12665c0e,705,883
6bba_12665c0e,706,875
6bba_12665c0e,707,865
6bba_12665c0e,708,900
6bba_12665c0e,709,871
6bba_12665c0e,710,877
6bba_12665c0e,711,898
6bba_12665c0e,713,896
6bba_12665c0e,714,878
6bba_12665c0e,715,895
6bba_12665c0e,717,958
6bba_12665c0e,720,887
6bba_12665c0e,722,913
6bba_12665c0e,724,916
6bba_12665c0e,725,880
6bba_12665c0e,727,851
6bba_12665c0e,728,911
6bba_12665c0e,729,910
6bba_12665c0e,730,912
6bba_12665c0e,731,891
6bba_12665c0e,732,903
6bba_12665c0e,733,923
6bba_12665c0e,734,922
6bba_12665c0e,736,905
6bba_12665c0e,738,884
6bba_12665c0e,739,885
6bba_12665c0e,740,932
6bba_12665c0e,741,890
6bba_12665c0e,742,902
6bba_12665c0e,743,925
6bba_12665c0e,745,926
6bba_12665c0e,746,914
6bba_12665c0e,747,915
6bba_12665c0e,748,897
6bba_12665c0e,749,909
6bba_12665c0e,751,906
6bba_12665c0e,752,919
6bba_12665c0e,753,928
6bba_12665c0e,754,872
6bba_12665c0e,756,929
6bba_12665c0e,757,939
6bba_12665c0e,760,941
6bba_12665c0e,761,931
6bba_12665c0e,764,973
6bba_12665c0e,766,952
6bba_12665c0e,767,954
6bba_12665c0e,768,946
6bba_12665c0e,770,956
6bba_12665c0e,772,955
6bba_12665c0e,774,938
6bba_12665c0e,775,949
6bba_12665c0e,778,930
6bba_12665c0e,780,945
6bba_12665c0e,781,948
6bba_12665c0e,783,953
6bba_12665c0e,785,962
6bba_12665c0e,786,974
6bba_12665c0e,788,943
6bba_12665c0e,790,963
6bba_12665c0e,792,965
6bba_12665c0e,793,961
6bba_12665c0e,795,967
6bba_12665c0e,796,980
6bba_12665c0e,797,976
6bba_12665c0e,803,927
6bba_12665c0e,814,959
6bba_12665c0e,820,978
6bba_12665c0e,829,987
6bba_12665c0e,830,1000
6bba_12665c0e,831,989
6bba_12665c0e,832,991
6bba_12665c0e,833,998
6bba_12665c0e,834,994
6bba_12665c0e,835,990
6bba_12665c0e,836,996
6bba_12665c0e,837,993
6bba_12665c0e,838,1014
6bba_12665c0e,839,1009
6bba_12665c0e,841,1067
6bba_12665c0e,842,1019
6bba_12665c0e,843,1006
6bba_12665c0e,844,995
6bba_12665c0e,846,988
6bba_12665c0e,847,1005
6bba_12665c0e,848,1031
6bba_12665c0e,849,1013
6bba_12665c0e,850,1012
6bba_12665c0e,851,1001
6bba_12665c0e,852,1017
6bba_12665c0e,855,1020
6bba_12665c0e,857,1028
6bba_12665c0e,858,1051
6bba_12665c0e,859,1008
6bba_12665c0e,860,1011
6bba_12665c0e,861,1004
6bba_12665c0e,862,1010
6bba_12665c0e,863,1003
6bba_12665c0e,864,1038
6bba_12665c0e,865,1015
6bba_12665c0e,866,1021
6bba_12665c0e,868,1037
6bba_12665c0e,869,1030
6bba_12665c0e,870,1016
6bba_12665c0e,871,1022
6bba_12665c0e,872,1078
6bba_12665c0e,874,1023
6bba_12665c0e,875,1034
6bba_12665c0e,876,1027
6bba_12665c0e,877,1029
6bba_12665c0e,878,1026
6bba_12665c0e,879,1047
6bba_12665c0e,880,1049
6bba_12665c0e,881,1052
6bba_12665c0e,882,1043
6bba_12665c0e,883,1054
6bba_12665c0e,884,1064
6bba_12665c0e,887,1083
6bba_12665c0e,888,1035
6bba_12665c0e,889,1042
6bba_12665c0e,890,1060
6bba_12665c0e,891,1056
6bba_12665c0e,892,1055
6bba_12665c0e,893,1065
6bba_12665c0e,895,1039
6bba_12665c0e,896,1058
6bba_12665c0e,897,1048
6bba_12665c0e,898,1007
6bba_12665c0e,899,1033
6bba_12665c0e,900,1069
6bba_12665c0e,902,1081
6bba_12665c0e,903,1057
6bba_12665c0e,904,1076
6bba_12665c0e,906,1082
6bba_12665c0e,908,1040
6bba_12665c0e,909,1088
6bba_12665c0e,910,1072
6bba_12665c0e,911,1102
6bba_12665c0e,912,1070
6bba_12665c0e,914,1061
6bba_12665c0e,915,1071
6bba_12665c0e,916,1075
6bba_12665c0e,917,1036
6bba_12665c0e,918,1063
6bba_12665c0e,919,1044
6bba_12665c0e,923,1068
6bba_12665c0e,924,1085
6bba_12665c0e,925,1097
6bba_12665c0e,926,1080
6bba_12665c0e,927,1045
6bba_12665c0e,928,1105
6bba_12665c0e,929,1110
6bba_12665c0e,930,1053
6bba_12665c0e,931,1090
6bba_12665c0e,932,1093
6bba_12665c0e,933,1077
6bba_12665c0e,935,1103
6bba_12665c0e,938,1091
6bba_12665c0e,939,1084
6bba_12665c0e,940,1101
6bba_12665c0e,941,1095
6bba_12665c0e,942,1087
6bba_12665c0e,944,1104
6bba_12665c0e,945,1073
6bba_12665c0e,946,1094
6bba_12665c0e,948,1099
6bba_12665c0e,949,1074
6bba_12665c0e,950,1109
6bba_12665c0e,951,1079
6bba_12665c0e,952,1096
6bba_12665c0e,953,1100
6bba_12665c0e,954,1092
6bba_12665c0e,955,1108
6bba_12665c0e,956,1106
6bba_12665c0e,959,1059
6bba_12665c0e,962,1113
6bba_12665c0e,963,1116
6bba_12665c0e,964,1107
6bba_12665c0e,966,1112
6bba_12665c0e,967,1121
6bba_12665c0e,968,1117
6bba_12665c0e,971,1111
6bba_12665c0e,987,1136
6bba_12665c0e,988,1142
6bba_12665c0e,989,1141
6bba_12665c0e,990,1146
6bba_12665c0e,991,1243
6bba_12665c0e,995,1150
6bba_12665c0e,996,1148
6bba_12665c0e,997,1157
6bba_12665c0e,998,1247
6bba_12665c0e,999,1159
6bba_12665c0e,1002,1164
6bba_12665c0e,1005,1149
6bba_12665c0e,1006,1147
6bba_12665c0e,1009,1138
6bba_12665c0e,1011,1145
6bba_12665c0e,1013,1161
6bba_12665c0e,1014,1144
6bba_12665c0e,1015,1188
6bba_12665c0e,1017,1173
6bba_12665c0e,1019,1191
6bba_12665c0e,1020,1177
6bba_12665c0e,1024,1230
6bba_12665c0e,1026,1194
6bba_12665c0e,1027,1171
6bba_12665c0e,1029,1167
6bba_12665c0e,1030,1169
6bba_12665c0e,1031,1234
6bba_12665c0e,1033,1163
6bba_12665c0e,1037,1165
6bba_12665c0e,1038,1211
6bba_12665c0e,1039,1203
6bba_12665c0e,1040,1246
6bba_12665c0e,1043,1181
6bba_12665c0e,1047,1208
6bba_12665c0e,1049,1204
6bba_12665c0e,1051,1271
6bba_12665c0e,1052,1186
6bba_12665c0e,1053,1172
6bba_12665c0e,1054,1168
6bba_12665c0e,1056,1212
6bba_12665c0e,1057,1233
6bba_12665c0e,1058,1140
6bba_12665c0e,1059,1215
6bba_12665c0e,1062,1201
6bba_12665c0e,1063,1197
6bba_12665c0e,1064,1279
6bba_12665c0e,1065,1261
6bba_12665c0e,1066,1209
6bba_12665c0e,1068,1205
6bba_12665c0e,1071,1224
6bba_12665c0e,1073,1193
6bba_12665c0e,1074,1218
6bba_12665c0e,1075,1216
6bba_12665c0e,1077,1222
6bba_12665c0e,1079,1244
6bba_12665c0e,1080,1237
6bba_12665c0e,1081,1198
6bba_12665c0e,1082,1190
6bba_12665c0e,1084,1207
6bba_12665c0e,1085,1225
6bba_12665c0e,1089,1176
6bba_12665c0e,1091,1241
6bba_12665c0e,1092,1256
6bba_12665c0e,1093,1210
6bba_12665c0e,1095,1226
6bba_12665c0e,1096,1240
6bba_12665c0e,1099,1227
6bba_12665c0e,1101,1154
6bba_12665c0e,1103,1267
6bba_12665c0e,1106,1223
6bba_12665c0e,1108,1158
6bba_12665c0e,1109,1265
6bba_12665c0e,1111,1260
6bba_12665c0e,1113,1231
6bba_12665c0e,1114,1245
6bba_12665c0e,1116,1254
6bba_12665c0e,1117,1262
6bba_12665c0e,1121,1270
6bba_12665c0e,1136,1289
6bba_12665c0e,1138,1286
6bba_12665c0e,1139,1295
6bba_12665c0e,1140,1288
6bba_12665c0e,1141,1292
6bba_12665c0e,1142,1305
6bba_12665c0e,1143,1311
6bba_12665c0e,1144,1299
6bba_12665c0e,1145,1290
6bba_12665c0e,1146,1297
6bba_12665c0e,1147,1293
6bba_12665c0e,1148,1298
6bba_12665c0e,1149,1294
6bba_12665c0e,1150,1302
6bba_12665c0e,1151,1291
6bba_12665c0e,1152,1307
6bba_12665c0e,1153,1306
6bba_12665c0e,1154,1301
6bba_12665c0e,1155,1287
6bba_12665c0e,1156,1303
6bba_12665c0e,1157,1304
6bba_12665c0e,1158,1313
6bba_12665c0e,1159,1300
6bba_12665c0e,1161,1333
6bba_12665c0e,1162,1308
6bba_12665c0e,1163,1312
6bba_12665c0e,1164,1318
6bba_12665c0e,1165,1319
6bba_12665c0e,1166,1315
6bba_12665c0e,1167,1316
6bba_12665c0e,1168,1309
6bba_12665c0e,1169,1322
6bba_12665c0e,1171,1365
6bba_12665c0e,1172,1317
6bba_12665c0e,1173,1329
6bba_12665c0e,1174,1338
6bba_12665c0e,1175,1310
6bba_12665c0e,1177,1334
6bba_12665c0e,1178,1314
6bba_12665c0e,1179,1336
6bba_12665c0e,1180,1349
6bba_12665c0e,1181,1332
6bba_12665c0e,1182,1323
6bba_12665c0e,1184,1321
6bba_12665c0e,1185,1326
6bba_12665c0e,1186,1348
6bba_12665c0e,1187,1324
6bba_12665c0e,1188,1328
6bba_12665c0e,1189,1331
6bba_12665c0e,1190,1330
6bba_12665c0e,1191,1343
6bba_12665c0e,1192,1325
6bba_12665c0e,1193,1354
6bba_12665c0e,1194,1327
6bba_12665c0e,1195,1391
6bba_12665c0e,1196,1341
6bba_12665c0e,1199,1347
6bba_12665c0e,1200,1377
6bba_12665c0e,1201,1366
6bba_12665c0e,1202,1384
6bba_12665c0e,1203,1358
6bba_12665c0e,1204,1357
6bba_12665c0e,1205,1364
6bba_12665c0e,1206,1362
6bba_12665c0e,1207,1346
6bba_12665c0e,1208,1405
6bba_12665c0e,1209,1320
6bba_12665c0e,1210,1361
6bba_12665c0e,1211,1352
6bba_12665c0e,1212,1340
6bba_12665c0e,1215,1382
6bba_12665c0e,1216,1344
6bba_12665c0e,1217,1356
6bba_12665c0e,1218,1345
6bba_12665c0e,1219,1351
6bba_12665c0e,1220,1378
6bba_12665c0e,1221,1360
6bba_12665c0e,1222,1385
6bba_12665c0e,1223,1381
6bba_12665c0e,1224,1368
6bba_12665c0e,1227,1376
6bba_12665c0e,1228,1392
6bba_12665c0e,1229,1353
6bba_12665c0e,1231,1363
6bba_12665c0e,1232,1380
6bba_12665c0e,1233,1388
6bba_12665c0e,1234,1342
6bba_12665c0e,1235,1369
6bba_12665c0e,1236,1374
6bba_12665c0e,1237,1399
6bba_12665c0e,1238,1372
6bba_12665c0e,1239,1406
6bba_12665c0e,1240,1386
6bba_12665c0e,1241,1379
6bba_12665c0e,1242,1389
6bba_12665c0e,1243,1394
6bba_12665c0e,1244,1401
6bba_12665c0e,1246,1350
6bba_12665c0e,1247,1370
6bba_12665c0e,1249,1422
6bba_12665c0e,1250,1383
6bba_12665c0e,1251,1403
6bba_12665c0e,1254,1395
6bba_12665c0e,1255,1375
6bba_12665c0e,1256,1390
6bba_12665c0e,1257,1411
6bba_12665c0e,1258,1409
6bba_12665c0e,1261,1407
6bba_12665c0e,1263,1404
6bba_12665c0e,1265,1393
6bba_12665c0e,1267,1421
6bba_12665c0e,1269,1410
6bba_12665c0e,1270,1413
6bba_12665c0e,1272,1408
6bba_12665c0e,1273,1418
6bba_12665c0e,1286,1435
6bba_12665c0e,1287,1434
6bba_12665c0e,1288,1437
6bba_12665c0e,1289,1436
6bba_12665c0e,1290,1439
6bba_12665c0e,1291,1463
6bba_12665c0e,1292,1438
6bba_12665c0e,1293,1444
6bba_12665c0e,1294,1440
6bba_12665c0e,1295,1442
6bba_12665c0e,1297,1443
6bba_12665c0e,1298,1446
6bba_12665c0e,1300,1441
6bba_12665c0e,1301,1445
6bba_12665c0e,1302,1462
6bba_12665c0e,1304,1449
6bba_12665c0e,1305,1453
6bba_12665c0e,1307,1448
6bba_12665c0e,1308,1447
6bba_12665c0e,1309,1459
6bba_12665c0e,1310,1451
6bba_12665c0e,1311,1503
6bba_12665c0e,1312,1480
6bba_12665c0e,1313,1471
6bba_12665c0e,1314,1539
6bba_12665c0e,1315,1456
6bba_12665c0e,1317,1457
6bba_12665c0e,1318,1515
6bba_12665c0e,1319,1461
6bba_12665c0e,1320,1469
6bba_12665c0e,1321,1468
6bba_12665c0e,1322,1465
6bba_12665c0e,1323,1467
6bba_12665c0e,1325,1473
6bba_12665c0e,1326,1495
6bba_12665c0e,1327,1487
6bba_12665c0e,1328,1460
6bba_12665c0e,1329,1489
6bba_12665c0e,1330,1481
6bba_12665c0e,1331,1484
6bba_12665c0e,1332,1472
6bba_12665c0e,1333,1476
6bba_12665c0e,1334,1492
6bba_12665c0e,1335,1531
6bba_12665c0e,1336,1470
6bba_12665c0e,1337,1544
6bba_12665c0e,1338,1478
6bba_12665c0e,1340,1482
6bba_12665c0e,1341,1496
6bba_12665c0e,1342,1494
6bba_12665c0e,1343,1466
6bba_12665c0e,1344,1477
6bba_12665c0e,1345,1474
6bba_12665c0e,1346,1508
6bba_12665c0e,1347,1535
6bba_12665c0e,1348,1493
6bba_12665c0e,1349,1475
6bba_12665c0e,1350,1502
6bba_12665c0e,1352,1486
6bba_12665c0e,1354,1529
6bba_12665c0e,1355,1540
6bba_12665c0e,1356,1527
6bba_12665c0e,1358,1488
6bba_12665c0e,1359,1520
6bba_12665c0e,1361,1517
6bba_12665c0e,1362,1514
6bba_12665c0e,1363,1512
6bba_12665c0e,1364,1497
6bba_12665c0e,1365,1516
6bba_12665c0e,1366,1511
6bba_12665c0e,1367,1538
6bba_12665c0e,1368,1490
6bba_12665c0e,1369,1498
6bba_12665c0e,1370,1505
6bba_12665c0e,1372,1504
6bba_12665c0e,1373,1500
6bba_12665c0e,1375,1532
6bba_12665c0e,1376,1533
6bba_12665c0e,1377,1523
6bba_12665c0e,1378,1499
6bba_12665c0e,1379,1530
6bba_12665c0e,1381,1537
6bba_12665c0e,1382,1534
6bba_12665c0e,1383,1524
6bba_12665c0e,1384,1501
6bba_12665c0e,1385,1560
6bba_12665c0e,1386,1557
6bba_12665c0e,1388,1528
6bba_12665c0e,1389,1521
6bba_12665c0e,1390,1509
6bba_12665c0e,1391,1569
6bba_12665c0e,1392,1562
6bba_12665c0e,1393,1554
6bba_12665c0e,1394,1543
6bba_12665c0e,1395,1546
6bba_12665c0e,1396,1522
6bba_12665c0e,1398,1547
6bba_12665c0e,1399,1561
6bba_12665c0e,1400,1559
6bba_12665c0e,1402,1536
6bba_12665c0e,1403,1551
6bba_12665c0e,1404,1563
6bba_12665c0e,1406,1576
6bba_12665c0e,1407,1553
6bba_12665c0e,1409,1550
6bba_12665c0e,1412,1566
6bba_12665c0e,1413,1567
6bba_12665c0e,1415,1552
6bba_12665c0e,1418,1575
6bba_12665c0e,1420,1565
6bba_12665c0e,1424,1549
6bba_12665c0e,1434,1590
6bba_12665c0e,1435,1600
6bba_12665c0e,1436,1592
6bba_12665c0e,1437,1591
6bba_12665c0e,1438,1593
6bba_12665c0e,1439,1612
6bba_12665c0e,1440,1596
6bba_12665c0e,1441,1601
6bba_12665c0e,1442,1606
6bba_12665c0e,1443,1595
6bba_12665c0e,1444,1605
6bba_12665c0e,1445,1597
6bba_12665c0e,1446,1609
6bba_12665c0e,1447,1604
6bba_12665c0e,1448,1620
6bba_12665c0e,1449,1641
6bba_12665c0e,1450,1599
6bba_12665c0e,1451,1610
6bba_12665c0e,1452,1616
6bba_12665c0e,1453,1615
6bba_12665c0e,1454,1611
6bba_12665c0e,1456,1613
6bba_12665c0e,1457,1619
6bba_12665c0e,1458,1624
6bba_12665c0e,1459,1638
6bba_12665c0e,1460,1608
6bba_12665c0e,1461,1626
6bba_12665c0e,1462,1603
6bba_12665c0e,1463,1617
6bba_12665c0e,1464,1602
6bba_12665c0e,1465,1625
6bba_12665c0e,1466,1622
6bba_12665c0e,1467,1636
6bba_12665c0e,1468,1618
6bba_12665c0e,1469,1598
6bba_12665c0e,1470,1628
6bba_12665c0e,1471,1627
6bba_12665c0e,1472,1621
6bba_12665c0e,1473,1637
6bba_12665c0e,1474,1651
6bba_12665c0e,1475,1607
6bba_12665c0e,1477,1642
6bba_12665c0e,1478,1640
6bba_12665c0e,1479,1639
6bba_12665c0e,1480,1631
6bba_12665c0e,1482,1645
6bba_12665c0e,1483,1644
6bba_12665c0e,1484,1652
6bba_12665c0e,1486,1632
6bba_12665c0e,1487,1634
6bba_12665c0e,1488,1654
6bba_12665c0e,1489,1648
6bba_12665c0e,1490,1629
6bba_12665c0e,1491,1721
6bba_12665c0e,1492,1643
6bba_12665c0e,1493,1630
6bba_12665c0e,1494,1657
6bba_12665c0e,1496,1633
6bba_12665c0e,1497,1653
6bba_12665c0e,1498,1668
6bba_12665c0e,1499,1686
6bba_12665c0e,1500,1663
6bba_12665c0e,1502,1699
6bba_12665c0e,1503,1647
6bba_12665c0e,1504,1662
6bba_12665c0e,1507,1635
6bba_12665c0e,1508,1671
6bba_12665c0e,1509,1711
6bba_12665c0e,1511,1666
6bba_12665c0e,1512,1650
6bba_12665c0e,1513,1655
6bba_12665c0e,1515,1672
6bba_12665c0e,1517,1660
6bba_12665c0e,1518,1687
6bba_12665c0e,1519,1696
6bba_12665c0e,1520,1623
6bba_12665c0e,1521,1659
6bba_12665c0e,1523,1656
6bba_12665c0e,1524,1677
6bba_12665c0e,1526,1678
6bba_12665c0e,1527,1681
6bba_12665c0e,1528,1661
6bba_12665c0e,1529,1649
6bba_12665c0e,1530,1684
6bba_12665c0e,1531,1716
6bba_12665c0e,1533,1683
6bba_12665c0e,1534,1667
6bba_12665c0e,1536,1676
6bba_12665c0e,1537,1674
6bba_12665c0e,1538,1670
6bba_12665c0e,1539,1675
6bba_12665c0e,1541,1688
6bba_12665c0e,1543,1689
6bba_12665c0e,1546,1700
6bba_12665c0e,1549,1701
6bba_12665c0e,1550,1691
6bba_12665c0e,1553,1697
6bba_12665c0e,1554,1705
6bba_12665c0e,1556,1693
6bba_12665c0e,1557,1708
6bba_12665c0e,1559,1679
6bba_12665c0e,1560,1719
6bba_12665c0e,1561,1682
6bba_12665c0e,1562,1718
6bba_12665c0e,1563,1712
6bba_12665c0e,1564,1707
6bba_12665c0e,1565,1714
6bba_12665c0e,1567,1715
6bba_12665c0e,1568,1727
6bba_12665c0e,1569,1725
6bba_12665c0e,1570,1720
6bba_12665c0e,1571,1733
6bba_12665c0e,1575,1730
6bba_12665c0e,1590,1748
6bba_12665c0e,1591,1747
6bba_12665c0e,1592,1767
6bba_12665c0e,1593,1753
6bba_12665c0e,1594,1757
6bba_12665c0e,1595,1758
6bba_12665c0e,1596,1760
6bba_12665c0e,1597,1754
6bba_12665c0e,1598,1750
6bba_12665c0e,1599,1749
6bba_12665c0e,1600,1763
6bba_12665c0e,1601,1759
6bba_12665c0e,1602,1755
6bba_12665c0e,1603,1762
6bba_12665c0e,1604,1761
6bba_12665c0e,1605,1751
6bba_12665c0e,1606,1774
6bba_12665c0e,1608,1765
6bba_12665c0e,1609,1783
6bba_12665c0e,1610,1764
6bba_12665c0e,1611,1766
6bba_12665c0e,1612,1772
6bba_12665c0e,1613,1770
6bba_12665c0e,1614,1810
6bba_12665c0e,1615,1752
6bba_12665c0e,1616,1768
6bba_12665c0e,1617,1769
6bba_12665c0e,1618,1790
6bba_12665c0e,1619,1773
6bba_12665c0e,1620,1782
6bba_12665c0e,1622,1808
6bba_12665c0e,1623,1840
6bba_12665c0e,1624,1785
6bba_12665c0e,1625,1787
6bba_12665c0e,1626,1801
6bba_12665c0e,1627,1784
6bba_12665c0e,1628,1775
6bba_12665c0e,1630,1779
6bba_12665c0e,1631,1789
6bba_12665c0e,1632,1788
6bba_12665c0e,1633,1797
6bba_12665c0e,1634,1814
6bba_12665c0e,1636,1800
6bba_12665c0e,1637,1798
6bba_12665c0e,1639,1804
6bba_12665c0e,1640,1771
6bba_12665c0e,1641,1825
6bba_12665c0e,1642,1806
6bba_12665c0e,1643,1791
6bba_12665c0e,1644,1802
6bba_12665c0e,1645,1812
6bba_12665c0e,1646,1786
6bba_12665c0e,1647,1778
6bba_12665c0e,1648,1817
6bba_12665c0e,1649,1828
6bba_12665c0e,1650,1807
6bba_12665c0e,1651,1799
6bba_12665c0e,1652,1780
6bba_12665c0e,1653,1815
6bba_12665c0e,1654,1803
6bba_12665c0e,1655,1781
6bba_12665c0e,1656,1794
6bba_12665c0e,1657,1777
6bba_12665c0e,1659,1823
6bba_12665c0e,1660,1832
6bba_12665c0e,1661,1792
6bba_12665c0e,1662,1824
6bba_12665c0e,1663,1837
6bba_12665c0e,1665,1809
6bba_12665c0e,1666,1805
6bba_12665c0e,1668,1811
6bba_12665c0e,1669,1835
6bba_12665c0e,1670,1816
6bba_12665c0e,1671,1813
6bba_12665c0e,1672,1838
6bba_12665c0e,1673,1821
6bba_12665c0e,1674,1846
6bba_12665c0e,1675,1879
6bba_12665c0e,1676,1822
6bba_12665c0e,1677,1833
6bba_12665c0e,1678,1836
6bba_12665c0e,1679,1849
6bba_12665c0e,1680,1827
6bba_12665c0e,1681,1844
6bba_12665c0e,1682,1852
6bba_12665c0e,1683,1834
6bba_12665c0e,1684,1826
6bba_12665c0e,1685,1869
6bba_12665c0e,1689,1830
6bba_12665c0e,1690,1831
6bba_12665c0e,1691,1848
6bba_12665c0e,1693,1839
6bba_12665c0e,1696,1853
6bba_12665c0e,1697,1855
6bba_12665c0e,1699,1842
6bba_12665c0e,1700,1860
6bba_12665c0e,1701,1870
6bba_12665c0e,1702,1866
6bba_12665c0e,1704,1829
6bba_12665c0e,1706,1861
6bba_12665c0e,1707,1857
6bba_12665c0e,1708,1862
6bba_12665c0e,1709,1859
6bba_12665c0e,1710,1841
6bba_12665c0e,1711,1863
6bba_12665c0e,1712,1868
6bba_12665c0e,1713,1858
6bba_12665c0e,1715,1867
6bba_12665c0e,1718,1843
6bba_12665c0e,1719,1897
6bba_12665c0e,1727,1889
6bba_12665c0e,1728,1872
6bba_12665c0e,1730,1881
6bba_12665c0e,1747,1906
6bba_12665c0e,1748,1904
6bba_12665c0e,1749,1919
6bba_12665c0e,1750,1913
6bba_12665c0e,1751,1909
6bba_12665c0e,1752,1922
6bba_12665c0e,1753,1918
6bba_12665c0e,1754,1907
6bba_12665c0e,1755,1912
6bba_12665c0e,1756,1905
6bba_12665c0e,1758,1911
6bba_12665c0e,1759,1938
6bba_12665c0e,1760,1908
6bba_12665c0e,1761,1910
6bba_12665c0e,1762,1936
6bba_12665c0e,1764,1925
6bba_12665c0e,1765,1916
6bba_12665c0e,1767,1923
6bba_12665c0e,1768,1932
6bba_12665c0e,1769,1920
6bba_12665c0e,1770,1929
6bba_12665c0e,1771,1948
6bba_12665c0e,1772,1921
6bba_12665c0e,1773,1914
6bba_12665c0e,1774,1952
6bba_12665c0e,1775,1941
6bba_12665c0e,1777,2009
6bba_12665c0e,1778,1958
6bba_12665c0e,1779,1990
6bba_12665c0e,1780,1926
6bba_12665c0e,1781,1993
6bba_12665c0e,1782,1959
6bba_12665c0e,1783,1989
6bba_12665c0e,1784,1953
6bba_12665c0e,1785,1973
6bba_12665c0e,1787,1939
6bba_12665c0e,1788,1931
6bba_12665c0e,1789,1968
6bba_12665c0e,1790,1933
6bba_12665c0e,1791,1928
6bba_12665c0e,1792,1937
6bba_12665c0e,1793,1944
6bba_12665c0e,1794,1942
6bba_12665c0e,1795,1985
6bba_12665c0e,1796,1960
6bba_12665c0e,1797,1955
6bba_12665c0e,1798,1917
6bba_12665c0e,1799,1966
6bba_12665c0e,1800,1963
6bba_12665c0e,1801,1992
6bba_12665c0e,1802,1935
6bba_12665c0e,1804,1962
6bba_12665c0e,1805,1979
6bba_12665c0e,1806,1949
6bba_12665c0e,1807,1983
6bba_12665c0e,1808,1947
6bba_12665c0e,1809,1987
6bba_12665c0e,1810,1915
6bba_12665c0e,1811,1971
6bba_12665c0e,1812,1945
6bba_12665c0e,1813,2012
6bba_12665c0e,1814,1951
6bba_12665c0e,1815,1957
6bba_12665c0e,1816,1977
6bba_12665c0e,1817,1967
6bba_12665c0e,1818,1998
6bba_12665c0e,1821,2005
6bba_12665c0e,1822,1976
6bba_12665c0e,1823,1981
6bba_12665c0e,1824,1988
6bba_12665c0e,1825,1970
6bba_12665c0e,1826,1984
6bba_12665c0e,1827,1924
6bba_12665c0e,1828,1943
6bba_12665c0e,1829,2014
6bba_12665c0e,1830,1986
6bba_12665c0e,1831,1975
6bba_12665c0e,1832,1997
6bba_12665c0e,1833,2003
6bba_12665c0e,1834,1994
6bba_12665c0e,1835,1927
6bba_12665c0e,1836,1982
6bba_12665c0e,1839,1965
6bba_12665c0e,1842,2016
6bba_12665c0e,1843,2010
6bba_12665c0e,1844,2001
6bba_12665c0e,1846,2011
6bba_12665c0e,1847,2030
6bba_12665c0e,1848,2028
6bba_12665c0e,1850,1996
6bba_12665c0e,1851,2023
6bba_12665c0e,1852,2019
6bba_12665c0e,1855,2025
6bba_12665c0e,1856,2026
6bba_12665c0e,1858,2007
6bba_12665c0e,1859,2000
6bba_12665c0e,1861,1950
6bba_12665c0e,1862,2018
6bba_12665c0e,1863,2022
6bba_12665c0e,1866,2032
6bba_12665c0e,1868,2027
6bba_12665c0e,1869,2015
6bba_12665c0e,1871,2033
6bba_12665c0e,1872,2021
6bba_12665c0e,1881,2037
6bba_12665c0e,1891,2044
6bba_12665c0e,1904,2058
6bba_12665c0e,1905,2059
6bba_12665c0e,1906,2060
6bba_12665c0e,1907,2063
6bba_12665c0e,1908,2062
6bba_12665c0e,1909,2067
6bba_12665c0e,1910,2089
6bba_12665c0e,1911,2061
6bba_12665c0e,1912,2068
6bba_12665c0e,1913,2066
6bba_12665c0e,1914,2074
6bba_12665c0e,1915,2065
6bba_12665c0e,1916,2075
6bba_12665c0e,1917,2072
6bba_12665c0e,1918,2070
6bba_12665c0e,1919,2069
6bba_12665c0e,1920,2071
6bba_12665c0e,1921,2080
6bba_12665c0e,1922,2064
6bba_12665c0e,1923,2077
6bba_12665c0e,1924,2129
6bba_12665c0e,1925,2073
6bba_12665c0e,1926,2087
6bba_12665c0e,1927,2119
6bba_12665c0e,1928,2090
6bba_12665c0e,1929,2086
6bba_12665c0e,1931,2079
6bba_12665c0e,1933,2088
6bba_12665c0e,1935,2078
6bba_12665c0e,1936,2094
6bba_12665c0e,1937,2084
6bba_12665c0e,1938,2097
6bba_12665c0e,1939,2092
6bba_12665c0e,1940,2108
6bba_12665c0e,1941,2085
6bba_12665c0e,1942,2096
6bba_12665c0e,1943,2116
6bba_12665c0e,1945,2114
6bba_12665c0e,1946,2076
6bba_12665c0e,1947,2098
6bba_12665c0e,1948,2111
6bba_12665c0e,1949,2107
6bba_12665c0e,1950,2091
6bba_12665c0e,1951,2099
6bba_12665c0e,1952,2101
6bba_12665c0e,1953,2118
6bba_12665c0e,1955,2110
6bba_12665c0e,1956,2103
6bba_12665c0e,1957,2115
6bba_12665c0e,1958,2100
6bba_12665c0e,1959,2164
6bba_12665c0e,1960,2106
6bba_12665c0e,1961,2132
6bba_12665c0e,1962,2102
6bba_12665c0e,1963,2121
6bba_12665c0e,1964,2143
6bba_12665c0e,1965,2154
6bba_12665c0e,1966,2128
6bba_12665c0e,1967,2122
6bba_12665c0e,1968,2123
6bba_12665c0e,1969,2120
6bba_12665c0e,1970,2112
6bba_12665c0e,1971,2113
6bba_12665c0e,1972,2093
6bba_12665c0e,1973,2117
6bba_12665c0e,1974,2144
6bba_12665c0e,1975,2109
6bba_12665c0e,1976,2127
6bba_12665c0e,1978,2152
6bba_12665c0e,1979,2142
6bba_12665c0e,1980,2145
6bba_12665c0e,1981,2141
6bba_12665c0e,1984,2133
6bba_12665c0e,1985,2124
6bba_12665c0e,1986,2134
6bba_12665c0e,1987,2081
6bba_12665c0e,1988,2126
6bba_12665c0e,1989,2148
6bba_12665c0e,1990,2153
6bba_12665c0e,1991,2151
6bba_12665c0e,1992,2147
6bba_12665c0e,1993,2149
6bba_12665c0e,1994,2138
6bba_12665c0e,1995,2137
6bba_12665c0e,1996,2125
6bba_12665c0e,1998,2136
6bba_12665c0e,2000,2173
6bba_12665c0e,2001,2167
6bba_12665c0e,2002,2158
6bba_12665c0e,2003,2171
6bba_12665c0e,2007,2163
6bba_12665c0e,2009,2157
6bba_12665c0e,2010,2155
6bba_12665c0e,2011,2161
6bba_12665c0e,2013,2156
6bba_12665c0e,2014,2168
6bba_12665c0e,2015,2131
6bba_12665c0e,2016,2180
6bba_12665c0e,2017,2183
6bba_12665c0e,2018,2160
6bba_12665c0e,2020,2162
6bba_12665c0e,2021,2170
6bba_12665c0e,2022,2174
6bba_12665c0e,2023,2150
6bba_12665c0e,2024,2181
6bba_12665c0e,2025,2176
6bba_12665c0e,2026,2178
6bba_12665c0e,2027,2166
6bba_12665c0e,2028,2187
6bba_12665c0e,2029,2169
6bba_12665c0e,2030,2182
6bba_12665c0e,2032,2184
6bba_12665c0e,2036,2193
6bba_12665c0e,2037,2189
6bba_12665c0e,2054,2186
6bba_12665c0e,2058,2207
6bba_12665c0e,2061,2211
6bba_12665c0e,2062,2212
6bba_12665c0e,2063,2210
6bba_12665c0e,2064,2219
6bba_12665c0e,2065,2209
6bba_12665c0e,2066,2213
6bba_12665c0e,2067,2215
6bba_12665c0e,2068,2218
6bba_12665c0e,2069,2216
6bba_12665c0e,2070,2230
6bba_12665c0e,2071,2217
6bba_12665c0e,2072,2206
6bba_12665c0e,2073,2225
6bba_12665c0e,2074,2221
6bba_12665c0e,2075,2220
6bba_12665c0e,2076,2243
6bba_12665c0e,2077,2224
6bba_12665c0e,2078,2236
6bba_12665c0e,2079,2222
6bba_12665c0e,2080,2229
6bba_12665c0e,2081,2247
6bba_12665c0e,2084,2237
6bba_12665c0e,2085,2242
6bba_12665c0e,2086,2241
6bba_12665c0e,2087,2226
6bba_12665c0e,2088,2234
6bba_12665c0e,2089,2228
6bba_12665c0e,2090,2240
6bba_12665c0e,2091,2246
6bba_12665c0e,2092,2251
6bba_12665c0e,2093,2214
6bba_12665c0e,2094,2245
6bba_12665c0e,2095,2227
6bba_12665c0e,2096,2255
6bba_12665c0e,2097,2266
6bba_12665c0e,2098,2232
6bba_12665c0e,2099,2259
6bba_12665c0e,2100,2239
6bba_12665c0e,2101,2250
6bba_12665c0e,2102,2276
6bba_12665c0e,2103,2253
6bba_12665c0e,2104,2223
6bba_12665c0e,2106,2265
6bba_12665c0e,2107,2291
6bba_12665c0e,2109,2268
6bba_12665c0e,2110,2248
6bba_12665c0e,2111,2261
6bba_12665c0e,2115,2252
6bba_12665c0e,2116,2263
6bba_12665c0e,2117,2249
6bba_12665c0e,2118,2264
6bba_12665c0e,2119,2235
6bba_12665c0e,2121,2277
6bba_12665c0e,2122,2273
6bba_12665c0e,2123,2267
6bba_12665c0e,2124,2272
6bba_12665c0e,2125,2231
6bba_12665c0e,2126,2284
6bba_12665c0e,2127,2283
6bba_12665c0e,2128,2293
6bba_12665c0e,2129,2256
6bba_12665c0e,2130,2279
6bba_12665c0e,2131,2257
6bba_12665c0e,2133,2307
6bba_12665c0e,2134,2298
6bba_12665c0e,2136,2308
6bba_12665c0e,2137,2271
6bba_12665c0e,2138,2301
6bba_12665c0e,2139,2282
6bba_12665c0e,2140,2309
6bba_12665c0e,2141,2285
6bba_12665c0e,2142,2295
6bba_12665c0e,2143,2314
6bba_12665c0e,2144,2292
6bba_12665c0e,2147,2275
6bba_12665c0e,2148,2290
6bba_12665c0e,2149,2274
6bba_12665c0e,2150,2270
6bba_12665c0e,2152,2297
6bba_12665c0e,2153,2304
6bba_12665c0e,2154,2312
6bba_12665c0e,2155,2280
6bba_12665c0e,2157,2322
6bba_12665c0e,2158,2269
6bba_12665c0e,2159,2305
6bba_12665c0e,2160,2316
6bba_12665c0e,2161,2310
6bba_12665c0e,2162,2337
6bba_12665c0e,2163,2311
6bba_12665c0e,2166,2323
6bba_12665c0e,2167,2287
6bba_12665c0e,2168,2303
6bba_12665c0e,2169,2233
6bba_12665c0e,2172,2325
6bba_12665c0e,2173,2327
6bba_12665c0e,2174,2324
6bba_12665c0e,2175,2315
6bba_12665c0e,2176,2328
6bba_12665c0e,2180,2306
6bba_12665c0e,2181,2318
6bba_12665c0e,2182,2320
6bba_12665c0e,2183,2333
6bba_12665c0e,2185,2326
6bba_12665c0e,2189,2336
6bba_12665c0e,2206,2349
6bba_12665c0e,2207,2350
6bba_12665c0e,2209,2386
6bba_12665c0e,2210,2354
6bba_12665c0e,2211,2359
6bba_12665c0e,2214,2374
6bba_12665c0e,2215,2367
6bba_12665c0e,2217,2352
6bba_12665c0e,2218,2452
6bba_12665c0e,2219,2387
6bba_12665c0e,2220,2372
6bba_12665c0e,2221,2353
6bba_12665c0e,2222,2364
6bba_12665c0e,2224,2384
6bba_12665c0e,2225,2379
6bba_12665c0e,2226,2368
6bba_12665c0e,2228,2357
6bba_12665c0e,2229,2380
6bba_12665c0e,2230,2369
6bba_12665c0e,2231,2398
6bba_12665c0e,2232,2377
6bba_12665c0e,2233,2358
6bba_12665c0e,2235,2366
6bba_12665c0e,2236,2363
6bba_12665c0e,2237,2435
6bba_12665c0e,2238,2355
6bba_12665c0e,2239,2383
6bba_12665c0e,2240,2406
6bba_12665c0e,2241,2395
6bba_12665c0e,2242,2390
6bba_12665c0e,2245,2410
6bba_12665c0e,2246,2405
6bba_12665c0e,2247,2469
6bba_12665c0e,2248,2393
6bba_12665c0e,2249,2400
6bba_12665c0e,2250,2401
6bba_12665c0e,2251,2416
6bba_12665c0e,2252,2407
6bba_12665c0e,2254,2420
6bba_12665c0e,2257,2453
6bba_12665c0e,2258,2433
6bba_12665c0e,2261,2422
6bba_12665c0e,2262,2409
6bba_12665c0e,2265,2411
6bba_12665c0e,2266,2478
6bba_12665c0e,2267,2428
6bba_12665c0e,2269,2421
6bba_12665c0e,2271,2403
6bba_12665c0e,2272,2414
6bba_12665c0e,2275,2436
6bba_12665c0e,2277,2438
6bba_12665c0e,2280,2424
6bba_12665c0e,2281,2447
6bba_12665c0e,2285,2429
6bba_12665c0e,2287,2443
6bba_12665c0e,2291,2425
6bba_12665c0e,2292,2434
6bba_12665c0e,2295,2412
6bba_12665c0e,2296,2460
6bba_12665c0e,2297,2394
6bba_12665c0e,2298,2444
6bba_12665c0e,2300,2418
6bba_12665c0e,2301,2439
6bba_12665c0e,2303,2451
6bba_12665c0e,2307,2370
6bba_12665c0e,2308,2423
6bba_12665c0e,2310,2459
6bba_12665c0e,2312,2465
6bba_12665c0e,2315,2441
6bba_12665c0e,2316,2445
6bba_12665c0e,2323,2462
6bba_12665c0e,2326,2471
6bba_12665c0e,2328,2466
6bba_12665c0e,2329,2463
6bba_12665c0e,2336,2474
6bba_12665c0e,2350,2494
6bba_12665c0e,2352,2503
6bba_12665c0e,2353,2501
6bba_12665c0e,2354,2500
6bba_12665c0e,2355,2505
6bba_12665c0e,2356,2497
6bba_12665c0e,2358,2498
6bba_12665c0e,2359,2507
6bba_12665c0e,2360,2520
6bba_12665c0e,2361,2506
6bba_12665c0e,2362,2508
6bba_12665c0e,2363,2511
6bba_12665c0e,2364,2502
6bba_12665c0e,2365,2499
6bba_12665c0e,2366,2521
6bba_12665c0e,2367,2527
6bba_12665c0e,2368,2544
6bba_12665c0e,2369,2524
6bba_12665c0e,2371,2548
6bba_12665c0e,2372,2525
6bba_12665c0e,2373,2517
6bba_12665c0e,2374,2504
6bba_12665c0e,2375,2509
6bba_12665c0e,2377,2533
6bba_12665c0e,2378,2514
6bba_12665c0e,2379,2523
6bba_12665c0e,2380,2513
6bba_12665c0e,2381,2539
6bba_12665c0e,2382,2537
6bba_12665c0e,2383,2518
6bba_12665c0e,2386,2558
6bba_12665c0e,2387,2546
6bba_12665c0e,2388,2512
6bba_12665c0e,2390,2551
6bba_12665c0e,2391,2528
6bba_12665c0e,2393,2515
6bba_12665c0e,2394,2519
6bba_12665c0e,2395,2545
6bba_12665c0e,2396,2561
6bba_12665c0e,2397,2516
6bba_12665c0e,2399,2564
6bba_12665c0e,2400,2535
6bba_12665c0e,2402,2536
6bba_12665c0e,2403,2566
6bba_12665c0e,2404,2531
6bba_12665c0e,2405,2565
6bba_12665c0e,2406,2543
6bba_12665c0e,2407,2560
6bba_12665c0e,2408,2554
6bba_12665c0e,2409,2575
6bba_12665c0e,2410,2552
6bba_12665c0e,2412,2556
6bba_12665c0e,2413,2538
6bba_12665c0e,2414,2522
6bba_12665c0e,2415,2549
6bba_12665c0e,2416,2562
6bba_12665c0e,2417,2530
6bba_12665c0e,2418,2557
6bba_12665c0e,2421,2584
6bba_12665c0e,2422,2547
6bba_12665c0e,2423,2567
6bba_12665c0e,2424,2563
6bba_12665c0e,2425,2572
6bba_12665c0e,2426,2574
6bba_12665c0e,2427,2570
6bba_12665c0e,2428,2571
6bba_12665c0e,2429,2593
6bba_12665c0e,2430,2596
6bba_12665c0e,2432,2590
6bba_12665c0e,2434,2576
6bba_12665c0e,2438,2606
6bba_12665c0e,2439,2580
6bba_12665c0e,2440,2583
6bba_12665c0e,2442,2540
6bba_12665c0e,2443,2589
6bba_12665c0e,2444,2611
6bba_12665c0e,2445,2587
6bba_12665c0e,2446,2586
6bba_12665c0e,2447,2613
6bba_12665c0e,2449,2597
6bba_12665c0e,2450,2608
6bba_12665c0e,2451,2600
6bba_12665c0e,2452,2604
6bba_12665c0e,2453,2594
6bba_12665c0e,2454,2573
6bba_12665c0e,2457,2592
6bba_12665c0e,2458,2599
6bba_12665c0e,2459,2577
6bba_12665c0e,2460,2619
6bba_12665c0e,2461,2603
6bba_12665c0e,2462,2616
6bba_12665c0e,2463,2617
6bba_12665c0e,2464,2609
6bba_12665c0e,2465,2623
6bba_12665c0e,2466,2610
6bba_12665c0e,2468,2602
6bba_12665c0e,2470,2615
6bba_12665c0e,2473,2630
6bba_12665c0e,2474,2621
6bba_12665c0e,2499,2657
6bba_12665c0e,2500,2659
6bba_12665c0e,2502,2673
6bba_12665c0e,2503,2680
6bba_12665c0e,2504,2669
6bba_12665c0e,2505,2660
6bba_12665c0e,2506,2664
6bba_12665c0e,2507,2666
6bba_12665c0e,2508,2656
6bba_12665c0e,2511,2667
6bba_12665c0e,2513,2668
6bba_12665c0e,2516,2735
6bba_12665c0e,2518,2677
6bba_12665c0e,2520,2708
6bba_12665c0e,2521,2655
6bba_12665c0e,2522,2707
6bba_12665c0e,2523,2687
6bba_12665c0e,2524,2690
6bba_12665c0e,2525,2672
6bba_12665c0e,2527,2684
6bba_12665c0e,2528,2649
6bba_12665c0e,2531,2688
6bba_12665c0e,2533,2676
6bba_12665c0e,2535,2682
6bba_12665c0e,2537,2681
6bba_12665c0e,2538,2702
6bba_12665c0e,2540,2653
6bba_12665c0e,2543,2715
6bba_12665c0e,2544,2678
6bba_12665c0e,2545,2693
6bba_12665c0e,2547,2716
6bba_12665c0e,2548,2675
6bba_12665c0e,2549,2749
6bba_12665c0e,2551,2754
6bba_12665c0e,2552,2709
6bba_12665c0e,2554,2726
6bba_12665c0e,2562,2710
6bba_12665c0e,2563,2696
6bba_12665c0e,2564,2698
6bba_12665c0e,2565,2685
6bba_12665c0e,2566,2723
6bba_12665c0e,2568,2699
6bba_12665c0e,2569,2706
6bba_12665c0e,2570,2731
6bba_12665c0e,2571,2730
6bba_12665c0e,2572,2705
6bba_12665c0e,2573,2695
6bba_12665c0e,2574,2720
6bba_12665c0e,2575,2719
6bba_12665c0e,2576,2733
6bba_12665c0e,2580,2701
6bba_12665c0e,2581,2737
6bba_12665c0e,2583,2741
6bba_12665c0e,2585,2703
6bba_12665c0e,2586,2686
6bba_12665c0e,2588,2729
6bba_12665c0e,2589,2718
6bba_12665c0e,2590,2694
6bba_12665c0e,2592,2732
6bba_12665c0e,2594,2762
6bba_12665c0e,2596,2757
6bba_12665c0e,2597,2758
6bba_12665c0e,2599,2766
6bba_12665c0e,2600,2734
6bba_12665c0e,2604,2748
6bba_12665c0e,2607,2743
6bba_12665c0e,2609,2742
6bba_12665c0e,2610,2739
6bba_12665c0e,2613,2745
6bba_12665c0e,2620,2770
6bba_12665c0e,2626,2771
6bba_12665c0e,2651,2789
6bba_12665c0e,2652,2788
6bba_12665c0e,2653,2798
6bba_12665c0e,2654,2792
6bba_12665c0e,2655,2800
6bba_12665c0e,2656,2799
6bba_12665c0e,2657,2802
6bba_12665c0e,2658,2801
6bba_12665c0e,2659,2791
6bba_12665c0e,2660,2794
6bba_12665c0e,2662,2811
6bba_12665c0e,2663,2806
6bba_12665c0e,2664,2796
6bba_12665c0e,2665,2836
6bba_12665c0e,2666,2805
6bba_12665c0e,2667,2804
6bba_12665c0e,2668,2809
6bba_12665c0e,2669,2813
6bba_12665c0e,2670,2821
6bba_12665c0e,2671,2812
6bba_12665c0e,2672,2817
6bba_12665c0e,2673,2814
6bba_12665c0e,2674,2825
6bba_12665c0e,2675,2793
6bba_12665c0e,2676,2810
6bba_12665c0e,2677,2827
6bba_12665c0e,2678,2803
6bba_12665c0e,2679,2797
6bba_12665c0e,2680,2818
6bba_12665c0e,2681,2835
6bba_12665c0e,2682,2816
6bba_12665c0e,2683,2844
6bba_12665c0e,2684,2824
6bba_12665c0e,2685,2841
6bba_12665c0e,2686,2845
6bba_12665c0e,2687,2832
6bba_12665c0e,2688,2834
6bba_12665c0e,2689,2831
6bba_12665c0e,2690,2820
6bba_12665c0e,2691,2833
6bba_12665c0e,2692,2807
6bba_12665c0e,2693,2822
6bba_12665c0e,2694,2815
6bba_12665c0e,2695,2829
6bba_12665c0e,2696,2861
6bba_12665c0e,2697,2808
6bba_12665c0e,2698,2839
6bba_12665c0e,2700,2823
6bba_12665c0e,2701,2849
6bba_12665c0e,2702,2842
6bba_12665c0e,2703,2819
6bba_12665c0e,2705,2828
6bba_12665c0e,2706,2848
6bba_12665c0e,2708,2838
6bba_12665c0e,2709,2854
6bba_12665c0e,2710,2840
6bba_12665c0e,2711,2859
6bba_12665c0e,2712,2870
6bba_12665c0e,2713,2850
6bba_12665c0e,2715,2852
6bba_12665c0e,2718,2867
6bba_12665c0e,2720,2853
6bba_12665c0e,2721,2868
6bba_12665c0e,2723,2881
6bba_12665c0e,2724,2857
6bba_12665c0e,2725,2830
6bba_12665c0e,2726,2858
6bba_12665c0e,2727,2843
6bba_12665c0e,2728,2869
6bba_12665c0e,2729,2874
6bba_12665c0e,2730,2855
6bba_12665c0e,2731,2875
6bba_12665c0e,2732,2860
6bba_12665c0e,2734,2826
6bba_12665c0e,2735,2891
6bba_12665c0e,2739,2873
6bba_12665c0e,2740,2856
6bba_12665c0e,2742,2877
6bba_12665c0e,2743,2888
6bba_12665c0e,2744,2837
6bba_12665c0e,2748,2887
6bba_12665c0e,2750,2864
6bba_12665c0e,2752,2905
6bba_12665c0e,2753,2883
6bba_12665c0e,2755,2879
6bba_12665c0e,2757,2885
6bba_12665c0e,2758,2876
6bba_12665c0e,2761,2894
6bba_12665c0e,2763,2893
6bba_12665c0e,2766,2895
6bba_12665c0e,2779,2914
6bba_12665c0e,2787,2932
6bba_12665c0e,2788,2929
6bba_12665c0e,2789,2931
6bba_12665c0e,2791,2930
6bba_12665c0e,2792,2938
6bba_12665c0e,2793,2933
6bba_12665c0e,2794,2936
6bba_12665c0e,2795,2937
6bba_12665c0e,2796,2935
6bba_12665c0e,2797,2944
6bba_12665c0e,2798,2997
6bba_12665c0e,2799,2940
6bba_12665c0e,2800,2973
6bba_12665c0e,2802,2943
6bba_12665c0e,2803,2957
6bba_12665c0e,2804,2962
6bba_12665c0e,2805,2963
6bba_12665c0e,2806,2946
6bba_12665c0e,2807,2948
6bba_12665c0e,2808,2988
6bba_12665c0e,2809,2955
6bba_12665c0e,2810,2959
6bba_12665c0e,2811,2961
6bba_12665c0e,2812,2960
6bba_12665c0e,2813,2941
6bba_12665c0e,2814,2950
6bba_12665c0e,2815,2939
6bba_12665c0e,2816,2953
6bba_12665c0e,2817,2966
6bba_12665c0e,2818,2968
6bba_12665c0e,2819,2942
6bba_12665c0e,2820,2975
6bba_12665c0e,2821,2985
6bba_12665c0e,2822,2965
6bba_12665c0e,2823,2976
6bba_12665c0e,2824,2978
6bba_12665c0e,2825,2969
6bba_12665c0e,2826,2952
6bba_12665c0e,2827,2984
6bba_12665c0e,2828,2974
6bba_12665c0e,2829,2967
6bba_12665c0e,2830,2981
6bba_12665c0e,2831,2996
6bba_12665c0e,2832,2977
6bba_12665c0e,2833,2956
6bba_12665c0e,2835,2979
6bba_12665c0e,2836,3025
6bba_12665c0e,2837,2951
6bba_12665c0e,2838,2970
6bba_12665c0e,2839,2949
6bba_12665c0e,2840,2972
6bba_12665c0e,2841,2982
6bba_12665c0e,2842,2989
6bba_12665c0e,2843,2992
6bba_12665c0e,2846,2994
6bba_12665c0e,2849,2998
6bba_12665c0e,2850,2958
6bba_12665c0e,2852,2993
6bba_12665c0e,2853,3009
6bba_12665c0e,2854,2990
6bba_12665c0e,2855,2995
6bba_12665c0e,2856,3011
6bba_12665c0e,2858,3017
6bba_12665c0e,2860,3006
6bba_12665c0e,2862,3020
6bba_12665c0e,2863,3012
6bba_12665c0e,2864,3023
6bba_12665c0e,2865,2986
6bba_12665c0e,2866,2987
6bba_12665c0e,2867,2999
6bba_12665c0e,2868,3005
6bba_12665c0e,2869,3019
6bba_12665c0e,2870,3014
6bba_12665c0e,2871,2983
6bba_12665c0e,2872,3002
6bba_12665c0e,2873,3026
6bba_12665c0e,2874,3008
6bba_12665c0e,2875,3015
6bba_12665c0e,2876,3001
6bba_12665c0e,2877,3021
6bba_12665c0e,2879,3013
6bba_12665c0e,2880,3007
6bba_12665c0e,2881,3004
6bba_12665c0e,2882,3028
6bba_12665c0e,2883,3031
6bba_12665c0e,2885,3041
6bba_12665c0e,2887,3024
6bba_12665c0e,2890,3049
6bba_12665c0e,2891,3045
6bba_12665c0e,2893,3038
6bba_12665c0e,2894,3037
6bba_12665c0e,2895,3032
6bba_12665c0e,2896,3030
6bba_12665c0e,2897,3054
6bba_12665c0e,2898,3036
6bba_12665c0e,2901,3027
6bba_12665c0e,2914,3055
6bba_12665c0e,2927,3060
6bba_12665c0e,2929,3065
6bba_12665c0e,2930,3069
6bba_12665c0e,2931,3067
6bba_12665c0e,2932,3177
6bba_12665c0e,2933,3066
6bba_12665c0e,2935,3073
6bba_12665c0e,2936,3071
6bba_12665c0e,2937,3072
6bba_12665c0e,2938,3140
6bba_12665c0e,2939,3102
6bba_12665c0e,2940,3081
6bba_12665c0e,2941,3113
6bba_12665c0e,2943,3076
6bba_12665c0e,2945,3098
6bba_12665c0e,2946,3074
6bba_12665c0e,2948,3110
6bba_12665c0e,2949,3075
6bba_12665c0e,2950,3079
6bba_12665c0e,2952,3088
6bba_12665c0e,2953,3095
6bba_12665c0e,2954,3091
6bba_12665c0e,2955,3093
6bba_12665c0e,2956,3086
6bba_12665c0e,2959,3080
6bba_12665c0e,2960,3087
6bba_12665c0e,2962,3082
6bba_12665c0e,2963,3090
6bba_12665c0e,2964,3169
6bba_12665c0e,2965,3103
6bba_12665c0e,2966,3109
6bba_12665c0e,2967,3107
6bba_12665c0e,2968,3096
6bba_12665c0e,2970,3101
6bba_12665c0e,2971,3083
6bba_12665c0e,2973,3092
6bba_12665c0e,2974,3117
6bba_12665c0e,2975,3108
6bba_12665c0e,2976,3142
6bba_12665c0e,2977,3106
6bba_12665c0e,2978,3118
6bba_12665c0e,2979,3097
6bba_12665c0e,2980,3168
6bba_12665c0e,2981,3150
6bba_12665c0e,2982,3124
6bba_12665c0e,2984,3105
6bba_12665c0e,2985,3122
6bba_12665c0e,2986,3129
6bba_12665c0e,2987,3127
6bba_12665c0e,2988,3104
6bba_12665c0e,2989,3099
6bba_12665c0e,2990,3111
6bba_12665c0e,2991,3132
6bba_12665c0e,2992,3139
6bba_12665c0e,2993,3120
6bba_12665c0e,2994,3143
6bba_12665c0e,2995,3141
6bba_12665c0e,2996,3130
6bba_12665c0e,2997,3119
6bba_12665c0e,2998,3149
6bba_12665c0e,2999,3121
6bba_12665c0e,3000,3153
6bba_12665c0e,3001,3133
6bba_12665c0e,3002,3151
6bba_12665c0e,3003,3152
6bba_12665c0e,3004,3144
6bba_12665c0e,3005,3128
6bba_12665c0e,3006,3145
6bba_12665c0e,3008,3135
6bba_12665c0e,3009,3137
6bba_12665c0e,3010,3162
6bba_12665c0e,3011,3134
6bba_12665c0e,3012,3148
6bba_12665c0e,3013,3157
6bba_12665c0e,3015,3146
6bba_12665c0e,3019,3158
6bba_12665c0e,3021,3155
6bba_12665c0e,3022,3156
6bba_12665c0e,3024,3163
6bba_12665c0e,3026,3160
6bba_12665c0e,3028,3164
6bba_12665c0e,3031,3166
6bba_12665c0e,3032,3165
6bba_12665c0e,3035,3147
6bba_12665c0e,3036,3167
6bba_12665c0e,3037,3161
6bba_12665c0e,3038,3174
6bba_12665c0e,3041,3170
6bba_12665c0e,3051,3181
6bba_12665c0e,3055,3185
6bba_12665c0e,3065,3196
6bba_12665c0e,3066,3194
6bba_12665c0e,3067,3193
6bba_12665c0e,3068,3288
6bba_12665c0e,3069,3197
6bba_12665c0e,3070,3206
6bba_12665c0e,3071,3198
6bba_12665c0e,3072,3240
6bba_12665c0e,3073,3203
6bba_12665c0e,3074,3200
6bba_12665c0e,3075,3195
6bba_12665c0e,3076,3204
6bba_12665c0e,3077,3208
6bba_12665c0e,3078,3217
6bba_12665c0e,3079,3215
6bba_12665c0e,3080,3220
6bba_12665c0e,3081,3219
6bba_12665c0e,3082,3211
6bba_12665c0e,3083,3205
6bba_12665c0e,3084,3210
6bba_12665c0e,3085,3213
6bba_12665c0e,3086,3221
6bba_12665c0e,3087,3242
6bba_12665c0e,3088,3247
6bba_12665c0e,3090,3224
6bba_12665c0e,3091,3207
6bba_12665c0e,3092,3218
6bba_12665c0e,3093,3223
6bba_12665c0e,3094,3230
6bba_12665c0e,3095,3228
6bba_12665c0e,3096,3237
6bba_12665c0e,3097,3209
6bba_12665c0e,3098,3249
6bba_12665c0e,3099,3235
6bba_12665c0e,3100,3233
6bba_12665c0e,3101,3236
6bba_12665c0e,3102,3254
6bba_12665c0e,3103,3229
6bba_12665c0e,3104,3253
6bba_12665c0e,3105,3222
6bba_12665c0e,3107,3226
6bba_12665c0e,3108,3251
6bba_12665c0e,3109,3238
6bba_12665c0e,3110,3244
6bba_12665c0e,3111,3232
6bba_12665c0e,3112,3202
6bba_12665c0e,3113,3225
6bba_12665c0e,3114,3199
6bba_12665c0e,3116,3201
6bba_12665c0e,3117,3216
6bba_12665c0e,3118,3256
6bba_12665c0e,3119,3278
6bba_12665c0e,3120,3239
6bba_12665c0e,3121,3262
6bba_12665c0e,3122,3241
6bba_12665c0e,3123,3250
6bba_12665c0e,3124,3273
6bba_12665c0e,3125,3285
6bba_12665c0e,3126,3227
6bba_12665c0e,3127,3234
6bba_12665c0e,3128,3231
6bba_12665c0e,3129,3258
6bba_12665c0e,3131,3243
6bba_12665c0e,3132,3214
6bba_12665c0e,3133,3246
6bba_12665c0e,3134,3264
6bba_12665c0e,3135,3245
6bba_12665c0e,3137,3274
6bba_12665c0e,3139,3263
6bba_12665c0e,3140,3257
6bba_12665c0e,3141,3269
6bba_12665c0e,3142,3268
6bba_12665c0e,3143,3259
6bba_12665c0e,3144,3272
6bba_12665c0e,3146,3261
6bba_12665c0e,3148,3255
6bba_12665c0e,3149,3270
6bba_12665c0e,3150,3297
6bba_12665c0e,3152,3271
6bba_12665c0e,3153,3265
6bba_12665c0e,3154,3275
6bba_12665c0e,3155,3292
6bba_12665c0e,3156,3283
6bba_12665c0e,3157,3282
6bba_12665c0e,3158,3286
6bba_12665c0e,3159,3267
6bba_12665c0e,3160,3279
6bba_12665c0e,3161,3287
6bba_12665c0e,3162,3277
6bba_12665c0e,3163,3284
6bba_12665c0e,3164,3290
6bba_12665c0e,3165,3280
6bba_12665c0e,3166,3291
6bba_12665c0e,3167,3289
6bba_12665c0e,3169,3293
6bba_12665c0e,3170,3303
6bba_12665c0e,3174,3295
6bba_12665c0e,3175,3308
6bba_12665c0e,3177,3312
6bba_12665c0e,3181,3301
6bba_12665c0e,3182,3304
6bba_12665c0e,3192,3320
6bba_12665c0e,3193,3323
6bba_12665c0e,3194,3324
6bba_12665c0e,3195,3333
6bba_12665c0e,3196,3331
6bba_12665c0e,3197,3329
6bba_12665c0e,3198,3328
6bba_12665c0e,3199,3325
6bba_12665c0e,3200,3335
6bba_12665c0e,3201,3326
6bba_12665c0e,3202,3356
6bba_12665c0e,3203,3336
6bba_12665c0e,3204,3330
6bba_12665c0e,3205,3327
6bba_12665c0e,3207,3361
6bba_12665c0e,3208,3349
6bba_12665c0e,3209,3339
6bba_12665c0e,3210,3332
6bba_12665c0e,3211,3345
6bba_12665c0e,3212,3337
6bba_12665c0e,3213,3372
6bba_12665c0e,3214,3347
6bba_12665c0e,3215,3340
6bba_12665c0e,3216,3341
6bba_12665c0e,3218,3387
6bba_12665c0e,3219,3338
6bba_12665c0e,3220,3342
6bba_12665c0e,3221,3350
6bba_12665c0e,3222,3343
6bba_12665c0e,3223,3352
6bba_12665c0e,3224,3344
6bba_12665c0e,3226,3348
6bba_12665c0e,3227,3353
6bba_12665c0e,3228,3351
6bba_12665c0e,3229,3358
6bba_12665c0e,3230,3357
6bba_12665c0e,3231,3360
6bba_12665c0e,3232,3359
6bba_12665c0e,3234,3385
6bba_12665c0e,3235,3382
6bba_12665c0e,3236,3362
6bba_12665c0e,3237,3363
6bba_12665c0e,3238,3365
6bba_12665c0e,3239,3370
6bba_12665c0e,3240,3334
6bba_12665c0e,3241,3366
6bba_12665c0e,3242,3354
6bba_12665c0e,3243,3367
6bba_12665c0e,3244,3375
6bba_12665c0e,3245,3380
6bba_12665c0e,3246,3355
6bba_12665c0e,3247,3374
6bba_12665c0e,3248,3392
6bba_12665c0e,3250,3388
6bba_12665c0e,3251,3386
6bba_12665c0e,3252,3378
6bba_12665c0e,3254,3383
6bba_12665c0e,3255,3384
6bba_12665c0e,3256,3391
6bba_12665c0e,3257,3368
6bba_12665c0e,3258,3401
6bba_12665c0e,3259,3379
6bba_12665c0e,3260,3395
6bba_12665c0e,3261,3390
6bba_12665c0e,3262,3402
6bba_12665c0e,3263,3394
6bba_12665c0e,3264,3406
6bba_12665c0e,3267,3403
6bba_12665c0e,3268,3399
6bba_12665c0e,3269,3398
6bba_12665c0e,3270,3408
6bba_12665c0e,3272,3409
6bba_12665c0e,3273,3371
6bba_12665c0e,3274,3397
6bba_12665c0e,3275,3400
6bba_12665c0e,3276,3410
6bba_12665c0e,3277,3393
6bba_12665c0e,3279,3412
6bba_12665c0e,3280,3421
6bba_12665c0e,3281,3381
6bba_12665c0e,3282,3411
6bba_12665c0e,3283,3404
6bba_12665c0e,3284,3414
6bba_12665c0e,3285,3431
6bba_12665c0e,3286,3415
6bba_12665c0e,3287,3416
6bba_12665c0e,3289,3418
6bba_12665c0e,3290,3407
6bba_12665c0e,3291,3426
6bba_12665c0e,3293,3420
6bba_12665c0e,3294,3417
6bba_12665c0e,3295,3422
6bba_12665c0e,3298,3427
6bba_12665c0e,3299,3425
6bba_12665c0e,3300,3428
6bba_12665c0e,3301,3435
6bba_12665c0e,3305,3441
6bba_12665c0e,3313,3443
6bba_12665c0e,3323,3451
6bba_12665c0e,3324,3452
6bba_12665c0e,3325,3461
6bba_12665c0e,3326,3463
6bba_12665c0e,3327,3464
6bba_12665c0e,3328,3454
6bba_12665c0e,3329,3459
6bba_12665c0e,3330,3460
6bba_12665c0e,3331,3455
6bba_12665c0e,3332,3456
6bba_12665c0e,3333,3489
6bba_12665c0e,3334,3457
6bba_12665c0e,3335,3458
6bba_12665c0e,3336,3468
6bba_12665c0e,3337,3462
6bba_12665c0e,3338,3495
6bba_12665c0e,3339,3453
6bba_12665c0e,3340,3466
6bba_12665c0e,3341,3484
6bba_12665c0e,3342,3476
6bba_12665c0e,3343,3470
6bba_12665c0e,3344,3483
6bba_12665c0e,3345,3477
6bba_12665c0e,3346,3515
6bba_12665c0e,3347,3501
6bba_12665c0e,3348,3469
6bba_12665c0e,3349,3479
6bba_12665c0e,3350,3478
6bba_12665c0e,3351,3486
6bba_12665c0e,3352,3480
6bba_12665c0e,3353,3471
6bba_12665c0e,3354,3485
6bba_12665c0e,3355,3482
6bba_12665c0e,3356,3474
6bba_12665c0e,3357,3521
6bba_12665c0e,3358,3488
6bba_12665c0e,3360,3510
6bba_12665c0e,3361,3467
6bba_12665c0e,3362,3481
6bba_12665c0e,3363,3499
6bba_12665c0e,3364,3472
6bba_12665c0e,3365,3494
6bba_12665c0e,3366,3492
6bba_12665c0e,3368,3493
6bba_12665c0e,3369,3533
6bba_12665c0e,3370,3505
6bba_12665c0e,3371,3524
6bba_12665c0e,3372,3502
6bba_12665c0e,3373,3545
6bba_12665c0e,3374,3559
6bba_12665c0e,3376,3496
6bba_12665c0e,3377,3506
6bba_12665c0e,3379,3465
6bba_12665c0e,3380,3503
6bba_12665c0e,3381,3511
6bba_12665c0e,3382,3512
6bba_12665c0e,3383,3504
6bba_12665c0e,3384,3490
6bba_12665c0e,3385,3539
6bba_12665c0e,3386,3507
6bba_12665c0e,3387,3497
6bba_12665c0e,3388,3514
6bba_12665c0e,3389,3519
6bba_12665c0e,3390,3518
6bba_12665c0e,3391,3516
6bba_12665c0e,3392,3520
6bba_12665c0e,3393,3509
6bba_12665c0e,3394,3529
6bba_12665c0e,3395,3523
6bba_12665c0e,3397,3525
6bba_12665c0e,3398,3517
6bba_12665c0e,3399,3508
6bba_12665c0e,3400,3535
6bba_12665c0e,3401,3500
6bba_12665c0e,3402,3527
6bba_12665c0e,3403,3526
6bba_12665c0e,3404,3522
6bba_12665c0e,3405,3556
6bba_12665c0e,3406,3530
6bba_12665c0e,3407,3534
6bba_12665c0e,3408,3532
6bba_12665c0e,3409,3528
6bba_12665c0e,3410,3531
6bba_12665c0e,3411,3554
6bba_12665c0e,3412,3536
6bba_12665c0e,3413,3537
6bba_12665c0e,3414,3547
6bba_12665c0e,3415,3491
6bba_12665c0e,3416,3553
6bba_12665c0e,3417,3557
6bba_12665c0e,3418,3546
6bba_12665c0e,3419,3538
6bba_12665c0e,3420,3541
6bba_12665c0e,3421,3549
6bba_12665c0e,3422,3551
6bba_12665c0e,3425,3555
6bba_12665c0e,3430,3540
6bba_12665c0e,3431,3569
6bba_12665c0e,3432,3566
6bba_12665c0e,3433,3563
6bba_12665c0e,3434,3560
6bba_12665c0e,3435,3562
6bba_12665c0e,3451,3580
6bba_12665c0e,3452,3581
6bba_12665c0e,3453,3590
6bba_12665c0e,3454,3583
6bba_12665c0e,3455,3585
6bba_12665c0e,3456,3582
6bba_12665c0e,3457,3592
6bba_12665c0e,3458,3593
6bba_12665c0e,3459,3587
6bba_12665c0e,3460,3586
6bba_12665c0e,3461,3600
6bba_12665c0e,3462,3584
6bba_12665c0e,3463,3616
6bba_12665c0e,3465,3617
6bba_12665c0e,3466,3606
6bba_12665c0e,3467,3609
6bba_12665c0e,3468,3589
6bba_12665c0e,3469,3594
6bba_12665c0e,3472,3605
6bba_12665c0e,3473,3602
6bba_12665c0e,3474,3596
6bba_12665c0e,3475,3614
6bba_12665c0e,3476,3597
6bba_12665c0e,3477,3613
6bba_12665c0e,3478,3620
6bba_12665c0e,3479,3591
6bba_12665c0e,3480,3598
6bba_12665c0e,3481,3595
6bba_12665c0e,3482,3638
6bba_12665c0e,3483,3599
6bba_12665c0e,3484,3608
6bba_12665c0e,3485,3612
6bba_12665c0e,3486,3615
6bba_12665c0e,3487,3625
6bba_12665c0e,3488,3629
6bba_12665c0e,3489,3622
6bba_12665c0e,3490,3626
6bba_12665c0e,3491,3588
6bba_12665c0e,3492,3634
6bba_12665c0e,3493,3624
6bba_12665c0e,3494,3619
6bba_12665c0e,3495,3604
6bba_12665c0e,3496,3672
6bba_12665c0e,3497,3640
6bba_12665c0e,3498,3636
6bba_12665c0e,3499,3631
6bba_12665c0e,3500,3646
6bba_12665c0e,3501,3635
6bba_12665c0e,3502,3630
6bba_12665c0e,3503,3618
6bba_12665c0e,3504,3633
6bba_12665c0e,3505,3628
6bba_12665c0e,3506,3643
6bba_12665c0e,3507,3611
6bba_12665c0e,3508,3610
6bba_12665c0e,3509,3639
6bba_12665c0e,3511,3637
6bba_12665c0e,3512,3649
6bba_12665c0e,3513,3632
6bba_12665c0e,3516,3641
6bba_12665c0e,3517,3644
6bba_12665c0e,3518,3651
6bba_12665c0e,3519,3645
6bba_12665c0e,3521,3607
6bba_12665c0e,3522,3650
6bba_12665c0e,3523,3653
6bba_12665c0e,3524,3665
6bba_12665c0e,3525,3654
6bba_12665c0e,3526,3658
6bba_12665c0e,3527,3652
6bba_12665c0e,3528,3656
6bba_12665c0e,3529,3660
6bba_12665c0e,3530,3659
6bba_12665c0e,3531,3657
6bba_12665c0e,3532,3668
6bba_12665c0e,3533,3661
6bba_12665c0e,3535,3663
6bba_12665c0e,3536,3667
6bba_12665c0e,3537,3676
6bba_12665c0e,3539,3687
6bba_12665c0e,3540,3664
6bba_12665c0e,3541,3671
6bba_12665c0e,3543,3677
6bba_12665c0e,3544,3621
6bba_12665c0e,3545,3689
6bba_12665c0e,3546,3669
6bba_12665c0e,3547,3680
6bba_12665c0e,3548,3675
6bba_12665c0e,3549,3682
6bba_12665c0e,3550,3648
6bba_12665c0e,3552,3681
6bba_12665c0e,3553,3688
6bba_12665c0e,3554,3678
6bba_12665c0e,3555,3673
6bba_12665c0e,3560,3684
6bba_12665c0e,3562,3690
6bba_12665c0e,3563,3674
6bba_12665c0e,3565,3696
6bba_12665c0e,3569,3701
6bba_12665c0e,3591,3800
6bba_12665c0e,3592,3778
6bba_12665c0e,3594,3801
6bba_12665c0e,3600,3718
6bba_12665c0e,3601,3782
6bba_12665c0e,3603,3728
6bba_12665c0e,3605,3738
6bba_12665c0e,3615,3735
6bba_12665c0e,3616,3709
6bba_12665c0e,3617,3771
6bba_12665c0e,3621,3765
6bba_12665c0e,3624,3706
6bba_12665c0e,3626,3715
6bba_12665c0e,3628,3734
6bba_12665c0e,3629,3716
6bba_12665c0e,3633,3768
6bba_12665c0e,3638,3798
6bba_12665c0e,3639,3772
6bba_12665c0e,3640,3747
6bba_12665c0e,3643,3758
6bba_12665c0e,3647,3764
6bba_12665c0e,3648,3760
6bba_12665c0e,3653,3781
6bba_12665c0e,3654,3739
6bba_12665c0e,3655,3733
6bba_12665c0e,3659,3785
6bba_12665c0e,3669,3793
6bba_12665c0e,3673,3776
6bba_12665c0e,3675,3784
6bba_12665c0e,3676,3792
6bba_12665c0e,3677,3789
6bba_12665c0e,3678,3796
6bba_12665c0e,3682,3780
6bba_12665c0e,3688,3775
6bba_12665c0e,3695,3804
6bba_12665c0e,3706,3815
6bba_12665c0e,3707,3816
6bba_12665c0e,3708,3818
6bba_12665c0e,3709,3817
6bba_12665c0e,3710,3823
6bba_12665c0e,3711,3819
6bba_12665c0e,3712,3820
6bba_12665c0e,3713,3821
6bba_12665c0e,3714,3827
6bba_12665c0e,3715,3831
6bba_12665c0e,3716,3826
6bba_12665c0e,3717,3822
6bba_12665c0e,3718,3824
6bba_12665c0e,3719,3834
6bba_12665c0e,3721,3830
6bba_12665c0e,3722,3832
6bba_12665c0e,3723,3838
6bba_12665c0e,3724,3829
6bba_12665c0e,3725,3837
6bba_12665c0e,3726,3833
6bba_12665c0e,3728,3828
6bba_12665c0e,3729,3840
6bba_12665c0e,3730,3835
6bba_12665c0e,3731,3845
6bba_12665c0e,3732,3839
6bba_12665c0e,3734,3836
6bba_12665c0e,3735,3858
6bba_12665c0e,3736,3867
6bba_12665c0e,3737,3841
6bba_12665c0e,3738,3860
6bba_12665c0e,3740,3861
6bba_12665c0e,3741,3857
6bba_12665c0e,3743,3854
6bba_12665c0e,3744,3850
6bba_12665c0e,3745,3855
6bba_12665c0e,3746,3872
6bba_12665c0e,3747,3878
6bba_12665c0e,3748,3852
6bba_12665c0e,3749,3853
6bba_12665c0e,3750,3864
6bba_12665c0e,3751,3856
6bba_12665c0e,3752,3849
6bba_12665c0e,3753,3842
6bba_12665c0e,3754,3906
6bba_12665c0e,3755,3876
6bba_12665c0e,3756,3862
6bba_12665c0e,3758,3863
6bba_12665c0e,3759,3880
6bba_12665c0e,3760,3894
6bba_12665c0e,3761,3874
6bba_12665c0e,3763,3875
6bba_12665c0e,3765,3865
6bba_12665c0e,3766,3877
6bba_12665c0e,3767,3851
6bba_12665c0e,3768,3848
6bba_12665c0e,3769,3883
6bba_12665c0e,3770,3887
6bba_12665c0e,3772,3868
6bba_12665c0e,3773,3884
6bba_12665c0e,3774,3871
6bba_12665c0e,3775,3899
6bba_12665c0e,3776,3886
6bba_12665c0e,3780,3896
6bba_12665c0e,3781,3892
6bba_12665c0e,3782,3882
6bba_12665c0e,3784,3895
6bba_12665c0e,3785,3891
6bba_12665c0e,3786,3881
6bba_12665c0e,3790,3879
6bba_12665c0e,3793,3903
6bba_12665c0e,3795,3905
6bba_12665c0e,3796,3902
6bba_12665c0e,3798,3914
6bba_12665c0e,3799,3911
6bba_12665c0e,3800,3909
6bba_12665c0e,3801,3913
6bba_12665c0e,3803,3915
6bba_12665c0e,3804,3910
6bba_12665c0e,3806,3927
6bba_12665c0e,3807,3922
6bba_12665c0e,3809,3920
6bba_12665c0e,3815,3932
6bba_12665c0e,3816,3945
6bba_12665c0e,3817,3935
6bba_12665c0e,3818,3934
6bba_12665c0e,3820,3938
6bba_12665c0e,3821,3942
6bba_12665c0e,3822,3940
6bba_12665c0e,3823,3947
6bba_12665c0e,3824,3937
6bba_12665c0e,3826,3941
6bba_12665c0e,3827,3943
6bba_12665c0e,3828,3944
6bba_12665c0e,3829,3977
6bba_12665c0e,3830,3950
6bba_12665c0e,3831,3949
6bba_12665c0e,3832,3991
6bba_12665c0e,3833,3948
6bba_12665c0e,3834,3953
6bba_12665c0e,3835,3939
6bba_12665c0e,3836,3963
6bba_12665c0e,3837,3952
6bba_12665c0e,3838,3956
6bba_12665c0e,3839,3957
6bba_12665c0e,3840,3955
6bba_12665c0e,3841,3959
6bba_12665c0e,3843,3965
6bba_12665c0e,3844,3951
6bba_12665c0e,3845,3962
6bba_12665c0e,3846,3960
6bba_12665c0e,3847,3961
6bba_12665c0e,3848,3933
6bba_12665c0e,3849,3954
6bba_12665c0e,3850,3946
6bba_12665c0e,3851,3989
6bba_12665c0e,3852,3982
6bba_12665c0e,3853,3975
6bba_12665c0e,3854,3964
6bba_12665c0e,3855,3968
6bba_12665c0e,3856,3976
6bba_12665c0e,3857,3969
6bba_12665c0e,3858,3967
6bba_12665c0e,3860,3974
6bba_12665c0e,3861,4008
6bba_12665c0e,3862,3978
6bba_12665c0e,3863,3966
6bba_12665c0e,3864,3980
6bba_12665c0e,3865,3986
6bba_12665c0e,3866,3979
6bba_12665c0e,3867,3988
6bba_12665c0e,3868,3990
6bba_12665c0e,3869,3992
6bba_12665c0e,3870,3970
6bba_12665c0e,3871,3983
6bba_12665c0e,3872,3987
6bba_12665c0e,3873,3984
6bba_12665c0e,3874,3985
6bba_12665c0e,3875,4016
6bba_12665c0e,3877,3997
6bba_12665c0e,3878,3996
6bba_12665c0e,3879,3993
6bba_12665c0e,3880,3995
6bba_12665c0e,3881,4003
6bba_12665c0e,3883,3972
6bba_12665c0e,3884,4012
6bba_12665c0e,3885,3971
6bba_12665c0e,3886,3998
6bba_12665c0e,3887,4009
6bba_12665c0e,3888,4001
6bba_12665c0e,3889,4026
6bba_12665c0e,3890,4010
6bba_12665c0e,3891,4011
6bba_12665c0e,3892,4007
6bba_12665c0e,3893,3999
6bba_12665c0e,3895,4000
6bba_12665c0e,3896,4027
6bba_12665c0e,3897,4004
6bba_12665c0e,3898,3981
6bba_12665c0e,3899,4019
6bba_12665c0e,3900,4015
6bba_12665c0e,3902,4018
6bba_12665c0e,3903,4013
6bba_12665c0e,3905,4014
6bba_12665c0e,3910,4021
6bba_12665c0e,3911,4020
6bba_12665c0e,3913,4025
6bba_12665c0e,3914,4038
6bba_12665c0e,3922,4037
6bba_12665c0e,3925,4047
6bba_12665c0e,3932,4051
6bba_12665c0e,3933,4057
6bba_12665c0e,3935,4053
6bba_12665c0e,3937,4056
6bba_12665c0e,3938,4054
6bba_12665c0e,3939,4063
6bba_12665c0e,3940,4058
6bba_12665c0e,3941,4062
6bba_12665c0e,3942,4059
6bba_12665c0e,3943,4055
6bba_12665c0e,3944,4060
6bba_12665c0e,3945,4067
6bba_12665c0e,3946,4064
6bba_12665c0e,3947,4061
6bba_12665c0e,3948,4068
6bba_12665c0e,3949,4073
6bba_12665c0e,3950,4071
6bba_12665c0e,3951,4081
6bba_12665c0e,3952,4072
6bba_12665c0e,3953,4070
6bba_12665c0e,3954,4065
6bba_12665c0e,3955,4076
6bba_12665c0e,3958,4089
6bba_12665c0e,3959,4074
6bba_12665c0e,3960,4078
6bba_12665c0e,3961,4077
6bba_12665c0e,3962,4100
6bba_12665c0e,3963,4092
6bba_12665c0e,3964,4083
6bba_12665c0e,3965,4108
6bba_12665c0e,3966,4085
6bba_12665c0e,3967,4082
6bba_12665c0e,3968,4075
6bba_12665c0e,3969,4079
6bba_12665c0e,3970,4086
6bba_12665c0e,3971,4105
6bba_12665c0e,3972,4069
6bba_12665c0e,3973,4104
6bba_12665c0e,3974,4088
6bba_12665c0e,3975,4099
6bba_12665c0e,3976,4093
6bba_12665c0e,3977,4095
6bba_12665c0e,3978,4106
6bba_12665c0e,3979,4102
6bba_12665c0e,3980,4097
6bba_12665c0e,3981,4098
6bba_12665c0e,3982,4103
6bba_12665c0e,3983,4118
6bba_12665c0e,3984,4110
6bba_12665c0e,3985,4112
6bba_12665c0e,3987,4119
6bba_12665c0e,3988,4096
6bba_12665c0e,3989,4120
6bba_12665c0e,3990,4094
6bba_12665c0e,3991,4087
6bba_12665c0e,3993,4113
6bba_12665c0e,3994,4084
6bba_12665c0e,3995,4090
6bba_12665c0e,3996,4126
6bba_12665c0e,3997,4114
6bba_12665c0e,3998,4124
6bba_12665c0e,3999,4117
6bba_12665c0e,4000,4121
6bba_12665c0e,4001,4111
6bba_12665c0e,4002,4136
6bba_12665c0e,4003,4123
6bba_12665c0e,4004,4115
6bba_12665c0e,4006,4109
6bba_12665c0e,4007,4125
6bba_12665c0e,4008,4132
6bba_12665c0e,4009,4122
6bba_12665c0e,4011,4101
6bba_12665c0e,4012,4129
6bba_12665c0e,4013,4131
6bba_12665c0e,4015,4133
6bba_12665c0e,4016,4135
6bba_12665c0e,4018,4134
6bba_12665c0e,4019,4130
6bba_12665c0e,4020,4139
6bba_12665c0e,4021,4137
6bba_12665c0e,4025,4143
6bba_12665c0e,4026,4151
6bba_12665c0e,4027,4128
6bba_12665c0e,4030,4138
6bba_12665c0e,4038,4150
6bba_12665c0e,4051,4163
6bba_12665c0e,4053,4168
6bba_12665c0e,4054,4167
6bba_12665c0e,4055,4173
6bba_12665c0e,4056,4171
6bba_12665c0e,4057,4166
6bba_12665c0e,4058,4169
6bba_12665c0e,4059,4181
6bba_12665c0e,4060,4175
6bba_12665c0e,4061,4183
6bba_12665c0e,4062,4176
6bba_12665c0e,4063,4172
6bba_12665c0e,4064,4177
6bba_12665c0e,4065,4164
6bba_12665c0e,4066,4182
6bba_12665c0e,4067,4209
6bba_12665c0e,4068,4174
6bba_12665c0e,4069,4170
6bba_12665c0e,4070,4178
6bba_12665c0e,4071,4186
6bba_12665c0e,4072,4185
6bba_12665c0e,4074,4187
6bba_12665c0e,4075,4192
6bba_12665c0e,4076,4179
6bba_12665c0e,4077,4184
6bba_12665c0e,4078,4198
6bba_12665c0e,4079,4191
6bba_12665c0e,4081,4190
6bba_12665c0e,4082,4197
6bba_12665c0e,4083,4189
6bba_12665c0e,4084,4199
6bba_12665c0e,4085,4188
6bba_12665c0e,4086,4196
6bba_12665c0e,4087,4207
6bba_12665c0e,4088,4204
6bba_12665c0e,4089,4211
6bba_12665c0e,4090,4216
6bba_12665c0e,4092,4206
6bba_12665c0e,4093,4212
6bba_12665c0e,4094,4213
6bba_12665c0e,4095,4203
6bba_12665c0e,4096,4201
6bba_12665c0e,4097,4200
6bba_12665c0e,4099,4195
6bba_12665c0e,4100,4240
6bba_12665c0e,4101,4208
6bba_12665c0e,4102,4205
6bba_12665c0e,4103,4210
6bba_12665c0e,4104,4214
6bba_12665c0e,4105,4202
6bba_12665c0e,4106,4217
6bba_12665c0e,4107,4215
6bba_12665c0e,4109,4227
6bba_12665c0e,4111,4226
6bba_12665c0e,4112,4230
6bba_12665c0e,4113,4220
6bba_12665c0e,4114,4228
6bba_12665c0e,4115,4235
6bba_12665c0e,4116,4219
6bba_12665c0e,4117,4218
6bba_12665c0e,4118,4224
6bba_12665c0e,4119,4223
6bba_12665c0e,4120,4232
6bba_12665c0e,4121,4233
6bba_12665c0e,4122,4231
6bba_12665c0e,4123,4225
6bba_12665c0e,4124,4236
6bba_12665c0e,4125,4229
6bba_12665c0e,4126,4234
6bba_12665c0e,4128,4246
6bba_12665c0e,4129,4242
6bba_12665c0e,4130,4247
6bba_12665c0e,4131,4248
6bba_12665c0e,4133,4252
6bba_12665c0e,4134,4245
6bba_12665c0e,4136,4244
6bba_12665c0e,4137,4253
6bba_12665c0e,4138,4239
6bba_12665c0e,4143,4257
6bba_12665c0e,4145,4251
6bba_12665c0e,4163,4279
6bba_12665c0e,4164,4280
6bba_12665c0e,4165,4281
6bba_12665c0e,4166,4282
6bba_12665c0e,4167,4283
6bba_12665c0e,4168,4284
6bba_12665c0e,4169,4285
6bba_12665c0e,4170,4286
6bba_12665c0e,4171,4287
6bba_12665c0e,4172,4288
6bba_12665c0e,4173,4289
6bba_12665c0e,4174,4290
6bba_12665c0e,4175,4291
6bba_12665c0e,4176,4292
6bba_12665c0e,4177,4293
6bba_12665c0e,4178,4294
6bba_12665c0e,4179,4295
6bba_12665c0e,4180,4296
6bba_12665c0e,4181,4297
6bba_12665c0e,4182,4298
6bba_12665c0e,4183,4299
6bba_12665c0e,4184,4300
6bba_12665c0e,4185,4301
6bba_12665c0e,4186,4302
6bba_12665c0e,4187,4303
6bba_12665c0e,4188,4304
6bba_12665c0e,4189,4305
6bba_12665c0e,4190,4306
6bba_12665c0e,4191,4307
6bba_12665c0e,4192,4308
6bba_12665c0e,4193,4309
6bba_12665c0e,4194,4310
6bba_12665c0e,4195,4311
6bba_12665c0e,4196,4312
6bba_12665c0e,4197,4313
6bba_12665c0e,4198,4314
6bba_12665c0e,4199,4315
6bba_12665c0e,4200,4316
6bba_12665c0e,4201,4317
6bba_12665c0e,4202,4318
6bba_12665c0e,4203,4319
6bba_12665c0e,4204,4320
6bba_12665c0e,4205,4321
6bba_12665c0e,4206,4322
6bba_12665c0e,4207,4323
6bba_12665c0e,4208,4324
6bba_12665c0e,4209,4325
6bba_12665c0e,4210,4326
6bba_12665c0e,4211,4327
6bba_12665c0e,4212,4328
6bba_12665c0e,4213,4329
6bba_12665c0e,4214,4330
6bba_12665c0e,4215,4331
6bba_12665c0e,4216,4332
6bba_12665c0e,4217,4333
6bba_12665c0e,4218,4334
6bba_12665c0e,4219,4335
6bba_12665c0e,4220,4336
6bba_12665c0e,4221,4337
6bba_12665c0e,4222,4338
6bba_12665c0e,4223,4339
6bba_12665c0e,4224,4340
6bba_12665c0e,4225,4341
6bba_12665c0e,4226,4342
6bba_12665c0e,4227,4343
6bba_12665c0e,4228,4344
6bba_12665c0e,4229,4345
6bba_12665c0e,4230,4346
6bba_12665c0e,4231,4347
6bba_12665c0e,4232,4348
6bba_12665c0e,4233,4349
6bba_12665c0e,4234,4350
6bba_12665c0e,4235,4351
6bba_12665c0e,4236,4352
6bba_12665c0e,4237,4353
6bba_12665c0e,4238,4354
6bba_12665c0e,4239,4355
6bba_12665c0e,4240,4356
6bba_12665c0e,4241,4357
6bba_12665c0e,4242,4358
6bba_12665c0e,4244,4360
6bba_12665c0e,4245,4361
6bba_12665c0e,4246,4362
6bba_12665c0e,4247,4363
6bba_12665c0e,4248,4364
6bba_12665c0e,4249,4365
6bba_12665c0e,4250,4366
6bba_12665c0e,4251,4367
6bba_12665c0e,4252,4368
6bba_12665c0e,4253,4369
6bba_12665c0e,4254,4370
6bba_12665c0e,4255,4371
6bba_12665c0e,4256,4372
6bba_12665c0e,4257,4373
6bba_12665c0e,4258,4374
6bba_12665c0e,4259,4375
6bba_12665c0e,4260,4376
6bba_12665c0e,4261,4377
6bba_12665c0e,4262,4378
6bba_12665c0e,4263,4379
6bba_12665c0e,4266,4382
6bba_12665c0e,4267,4383
6bba_12665c0e,4275,4391
6bba_12665c0e,4279,4395
6bba_12665c0e,4281,4398
6bba_12665c0e,4283,4400
6bba_12665c0e,4284,4409
6bba_12665c0e,4285,4410
6bba_12665c0e,4289,4416
6bba_12665c0e,4290,4397
6bba_12665c0e,4292,4420
6bba_12665c0e,4293,4417
6bba_12665c0e,4295,4396
6bba_12665c0e,4297,4429
6bba_12665c0e,4300,4460
6bba_12665c0e,4301,4403
6bba_12665c0e,4302,4414
6bba_12665c0e,4303,4422
6bba_12665c0e,4304,4418
6bba_12665c0e,4305,4439
6bba_12665c0e,4306,4432
6bba_12665c0e,4308,4401
6bba_12665c0e,4309,4465
6bba_12665c0e,4310,4447
6bba_12665c0e,4311,4424
6bba_12665c0e,4312,4430
6bba_12665c0e,4313,4408
6bba_12665c0e,4314,4467
6bba_12665c0e,4316,4436
6bba_12665c0e,4320,4446
6bba_12665c0e,4322,4426
6bba_12665c0e,4324,4407
6bba_12665c0e,4327,4402
6bba_12665c0e,4328,4443
6bba_12665c0e,4329,4442
6bba_12665c0e,4332,4412
6bba_12665c0e,4333,4445
6bba_12665c0e,4337,4405
6bba_12665c0e,4339,4423
6bba_12665c0e,4341,4452
6bba_12665c0e,4344,4479
6bba_12665c0e,4347,4464
6bba_12665c0e,4350,4454
6bba_12665c0e,4357,4469
6bba_12665c0e,4358,4456
6bba_12665c0e,4360,4406
6bba_12665c0e,4361,4482
6bba_12665c0e,4364,4481
6bba_12665c0e,4367,4463
6bba_12665c0e,4369,4480
6bba_12665c0e,4373,4486
6bba_12665c0e,4374,4487
6bba_12665c0e,4379,4488
6bba_12665c0e,4393,4492
6bba_12665c0e,4395,4497
6bba_12665c0e,4396,4498
6bba_12665c0e,4397,4500
6bba_12665c0e,4398,4499
6bba_12665c0e,4399,4512
6bba_12665c0e,4400,4502
6bba_12665c0e,4401,4508
6bba_12665c0e,4403,4505
6bba_12665c0e,4404,4504
6bba_12665c0e,4405,4503
6bba_12665c0e,4407,4509
6bba_12665c0e,4408,4518
6bba_12665c0e,4409,4501
6bba_12665c0e,4410,4506
6bba_12665c0e,4411,4511
6bba_12665c0e,4412,4517
6bba_12665c0e,4413,4529
6bba_12665c0e,4414,4525
6bba_12665c0e,4415,4519
6bba_12665c0e,4416,4521
6bba_12665c0e,4417,4523
6bba_12665c0e,4418,4510
6bba_12665c0e,4419,4514
6bba_12665c0e,4420,4526
6bba_12665c0e,4421,4515
6bba_12665c0e,4422,4520
6bba_12665c0e,4423,4538
6bba_12665c0e,4424,4527
6bba_12665c0e,4425,4532
6bba_12665c0e,4426,4537
6bba_12665c0e,4427,4524
6bba_12665c0e,4429,4542
6bba_12665c0e,4430,4530
6bba_12665c0e,4431,4535
6bba_12665c0e,4432,4557
6bba_12665c0e,4433,4572
6bba_12665c0e,4434,4543
6bba_12665c0e,4435,4533
6bba_12665c0e,4436,4545
6bba_12665c0e,4437,4544
6bba_12665c0e,4440,4522
6bba_12665c0e,4441,4551
6bba_12665c0e,4442,4567
6bba_12665c0e,4443,4540
6bba_12665c0e,4444,4534
6bba_12665c0e,4445,4531
6bba_12665c0e,4446,4552
6bba_12665c0e,4448,4516
6bba_12665c0e,4449,4549
6bba_12665c0e,4450,4541
6bba_12665c0e,4451,4528
6bba_12665c0e,4452,4550
6bba_12665c0e,4453,4571
6bba_12665c0e,4454,4577
6bba_12665c0e,4456,4565
6bba_12665c0e,4457,4562
6bba_12665c0e,4459,4561
6bba_12665c0e,4460,4547
6bba_12665c0e,4462,4563
6bba_12665c0e,4463,4513
6bba_12665c0e,4464,4570
6bba_12665c0e,4465,4569
6bba_12665c0e,4466,4559
6bba_12665c0e,4467,4568
6bba_12665c0e,4468,4554
6bba_12665c0e,4470,4560
6bba_12665c0e,4471,4579
6bba_12665c0e,4472,4556
6bba_12665c0e,4473,4580
6bba_12665c0e,4475,4576
6bba_12665c0e,4479,4573
6bba_12665c0e,4480,4583
6bba_12665c0e,4481,4582
6bba_12665c0e,4482,4584
6bba_12665c0e,4484,4587
6bba_12665c0e,4485,4586
6bba_12665c0e,4487,4588
6bba_12665c0e,4488,4592
6bba_12665c0e,4497,4601
6bba_12665c0e,4500,4600
6bba_12665c0e,4501,4606
6bba_12665c0e,4503,4634
6bba_12665c0e,4505,4674
6bba_12665c0e,4509,4632
6bba_12665c0e,4510,4661
6bba_12665c0e,4517,4619
6bba_12665c0e,4518,4669
6bba_12665c0e,4519,4637
6bba_12665c0e,4521,4679
6bba_12665c0e,4522,4642
6bba_12665c0e,4525,4608
6bba_12665c0e,4529,4681
6bba_12665c0e,4530,4636
6bba_12665c0e,4531,4638
6bba_12665c0e,4534,4655
6bba_12665c0e,4536,4644
6bba_12665c0e,4539,4629
6bba_12665c0e,4540,4604
6bba_12665c0e,4541,4613
6bba_12665c0e,4542,4635
6bba_12665c0e,4544,4643
6bba_12665c0e,4545,4646
6bba_12665c0e,4552,4665
6bba_12665c0e,4554,4620
6bba_12665c0e,4560,4649
6bba_12665c0e,4561,4650
6bba_12665c0e,4568,4631
6bba_12665c0e,4569,4667
6bba_12665c0e,4572,4656
6bba_12665c0e,4589,4686
6bba_12665c0e,4590,4701
6bba_12665c0e,4600,4706
6bba_12665c0e,4601,4708
6bba_12665c0e,4604,4711
6bba_12665c0e,4605,4713
6bba_12665c0e,4606,4722
6bba_12665c0e,4607,4729
6bba_12665c0e,4608,4720
6bba_12665c0e,4609,4721
6bba_12665c0e,4610,4723
6bba_12665c0e,4611,4719
6bba_12665c0e,4612,4714
6bba_12665c0e,4613,4749
6bba_12665c0e,4614,4732
6bba_12665c0e,4615,4726
6bba_12665c0e,4617,4781
6bba_12665c0e,4619,4724
6bba_12665c0e,4620,4727
6bba_12665c0e,4621,4730
6bba_12665c0e,4622,4710
6bba_12665c0e,4623,4731
6bba_12665c0e,4624,4715
6bba_12665c0e,4626,4718
6bba_12665c0e,4627,4707
6bba_12665c0e,4628,4734
6bba_12665c0e,4629,4733
6bba_12665c0e,4630,4709
6bba_12665c0e,4631,4736
6bba_12665c0e,4632,4735
6bba_12665c0e,4633,4737
6bba_12665c0e,4634,4742
6bba_12665c0e,4635,4746
6bba_12665c0e,4636,4739
6bba_12665c0e,4637,4748
6bba_12665c0e,4638,4712
6bba_12665c0e,4639,4752
6bba_12665c0e,4640,4740
6bba_12665c0e,4641,4743
6bba_12665c0e,4642,4716
6bba_12665c0e,4643,4744
6bba_12665c0e,4644,4756
6bba_12665c0e,4645,4741
6bba_12665c0e,4646,4754
6bba_12665c0e,4647,4763
6bba_12665c0e,4648,4745
6bba_12665c0e,4649,4765
6bba_12665c0e,4650,4751
6bba_12665c0e,4651,4761
6bba_12665c0e,4653,4762
6bba_12665c0e,4654,4738
6bba_12665c0e,4655,4758
6bba_12665c0e,4656,4775
6bba_12665c0e,4657,4773
6bba_12665c0e,4658,4768
6bba_12665c0e,4659,4753
6bba_12665c0e,4660,4770
6bba_12665c0e,4661,4759
6bba_12665c0e,4662,4767
6bba_12665c0e,4663,4764
6bba_12665c0e,4664,4771
6bba_12665c0e,4665,4772
6bba_12665c0e,4666,4760
6bba_12665c0e,4667,4755
6bba_12665c0e,4669,4778
6bba_12665c0e,4670,4766
6bba_12665c0e,4671,4769
6bba_12665c0e,4672,4776
6bba_12665c0e,4673,4782
6bba_12665c0e,4674,4779
6bba_12665c0e,4675,4777
6bba_12665c0e,4677,4783
6bba_12665c0e,4679,4780
6bba_12665c0e,4680,4784
6bba_12665c0e,4681,4786
6bba_12665c0e,4684,4785
6bba_12665c0e,4685,4789
6bba_12665c0e,4687,4796
6bba_12665c0e,4691,4790
6bba_12665c0e,4698,4801
6bba_12665c0e,4706,4805
6bba_12665c0e,4707,4812
6bba_12665c0e,4708,4810
6bba_12665c0e,4709,4804
6bba_12665c0e,4710,4824
6bba_12665c0e,4711,4811
6bba_12665c0e,4712,4806
6bba_12665c0e,4713,4821
6bba_12665c0e,4714,4814
6bba_12665c0e,4715,4816
6bba_12665c0e,4716,4808
6bba_12665c0e,4717,4803
6bba_12665c0e,4718,4807
6bba_12665c0e,4719,4809
6bba_12665c0e,4720,4818
6bba_12665c0e,4721,4815
6bba_12665c0e,4722,4819
6bba_12665c0e,4723,4822
6bba_12665c0e,4724,4832
6bba_12665c0e,4726,4823
6bba_12665c0e,4727,4825
6bba_12665c0e,4728,4813
6bba_12665c0e,4730,4827
6bba_12665c0e,4731,4835
6bba_12665c0e,4732,4820
6bba_12665c0e,4733,4833
6bba_12665c0e,4734,4830
6bba_12665c0e,4735,4829
6bba_12665c0e,4736,4831
6bba_12665c0e,4737,4834
6bba_12665c0e,4739,4840
6bba_12665c0e,4740,4847
6bba_12665c0e,4741,4817
6bba_12665c0e,4742,4836
6bba_12665c0e,4743,4846
6bba_12665c0e,4744,4843
6bba_12665c0e,4745,4850
6bba_12665c0e,4746,4845
6bba_12665c0e,4748,4837
6bba_12665c0e,4749,4828
6bba_12665c0e,4750,4839
6bba_12665c0e,4752,4849
6bba_12665c0e,4753,4852
6bba_12665c0e,4754,4853
6bba_12665c0e,4755,4848
6bba_12665c0e,4756,4856
6bba_12665c0e,4757,4862
6bba_12665c0e,4758,4868
6bba_12665c0e,4759,4858
6bba_12665c0e,4760,4855
6bba_12665c0e,4761,4866
6bba_12665c0e,4762,4859
6bba_12665c0e,4763,4869
6bba_12665c0e,4764,4842
6bba_12665c0e,4765,4864
6bba_12665c0e,4766,4863
6bba_12665c0e,4767,4860
6bba_12665c0e,4768,4857
6bba_12665c0e,4769,4870
6bba_12665c0e,4770,4854
6bba_12665c0e,4771,4872
6bba_12665c0e,4772,4865
6bba_12665c0e,4773,4885
6bba_12665c0e,4775,4851
6bba_12665c0e,4776,4873
6bba_12665c0e,4777,4874
6bba_12665c0e,4778,4887
6bba_12665c0e,4779,4876
6bba_12665c0e,4780,4880
6bba_12665c0e,4781,4892
6bba_12665c0e,4782,4875
6bba_12665c0e,4784,4884
6bba_12665c0e,4786,4889
6bba_12665c0e,4787,4838
6bba_12665c0e,4796,4895
6bba_12665c0e,4797,4896
6bba_12665c0e,4803,4898
6bba_12665c0e,4804,4924
6bba_12665c0e,4805,4900
6bba_12665c0e,4806,4909
6bba_12665c0e,4807,4904
6bba_12665c0e,4808,4937
6bba_12665c0e,4809,4901
6bba_12665c0e,4810,4903
6bba_12665c0e,4811,4908
6bba_12665c0e,4813,4899
6bba_12665c0e,4814,4914
6bba_12665c0e,4815,4922
6bba_12665c0e,4816,4906
6bba_12665c0e,4817,4916
6bba_12665c0e,4818,4910
6bba_12665c0e,4819,4907
6bba_12665c0e,4820,4912
6bba_12665c0e,4821,4946
6bba_12665c0e,4822,4919
6bba_12665c0e,4823,4935
6bba_12665c0e,4824,4915
6bba_12665c0e,4825,4918
6bba_12665c0e,4826,4920
6bba_12665c0e,4827,4917
6bba_12665c0e,4828,4931
6bba_12665c0e,4829,4925
6bba_12665c0e,4830,4923
6bba_12665c0e,4831,4911
6bba_12665c0e,4832,4921
6bba_12665c0e,4833,4926
6bba_12665c0e,4834,4927
6bba_12665c0e,4835,4928
6bba_12665c0e,4836,4930
6bba_12665c0e,4837,4933
6bba_12665c0e,4838,4902
6bba_12665c0e,4840,4940
6bba_12665c0e,4841,4905
6bba_12665c0e,4842,4932
6bba_12665c0e,4843,4938
6bba_12665c0e,4845,4939
6bba_12665c0e,4846,4952
6bba_12665c0e,4847,4949
6bba_12665c0e,4848,4934
6bba_12665c0e,4849,4936
6bba_12665c0e,4850,4955
6bba_12665c0e,4851,4944
6bba_12665c0e,4852,4942
6bba_12665c0e,4853,4948
6bba_12665c0e,4854,4951
6bba_12665c0e,4856,4950
6bba_12665c0e,4857,4953
6bba_12665c0e,4858,4961
6bba_12665c0e,4859,4947
6bba_12665c0e,4860,4957
6bba_12665c0e,4861,4969
6bba_12665c0e,4863,4963
6bba_12665c0e,4864,4956
6bba_12665c0e,4865,4964
6bba_12665c0e,4866,4962
6bba_12665c0e,4867,4941
6bba_12665c0e,4868,4971
6bba_12665c0e,4869,4959
6bba_12665c0e,4870,4960
6bba_12665c0e,4872,4967
6bba_12665c0e,4873,4973
6bba_12665c0e,4874,4958
6bba_12665c0e,4876,4970
6bba_12665c0e,4877,4965
6bba_12665c0e,4878,4975
6bba_12665c0e,4880,4968
6bba_12665c0e,4882,4966
6bba_12665c0e,4884,4974
6bba_12665c0e,4885,4982
6bba_12665c0e,4900,4997
6bba_12665c0e,4901,4998
6bba_12665c0e,4902,5005
6bba_12665c0e,4903,5000
6bba_12665c0e,4904,5013
6bba_12665c0e,4905,5006
6bba_12665c0e,4906,5010
6bba_12665c0e,4907,5002
6bba_12665c0e,4908,5003
6bba_12665c0e,4909,5036
6bba_12665c0e,4910,5012
6bba_12665c0e,4911,5001
6bba_12665c0e,4912,5037
6bba_12665c0e,4914,5016
6bba_12665c0e,4915,5004
6bba_12665c0e,4916,5018
6bba_12665c0e,4917,5009
6bba_12665c0e,4918,5007
6bba_12665c0e,4919,5008
6bba_12665c0e,4920,5040
6bba_12665c0e,4921,5025
6bba_12665c0e,4922,4999
6bba_12665c0e,4923,5015
6bba_12665c0e,4925,5019
6bba_12665c0e,4926,5024
6bba_12665c0e,4927,5026
6bba_12665c0e,4928,5030
6bba_12665c0e,4930,5021
6bba_12665c0e,4932,5022
6bba_12665c0e,4933,5011
6bba_12665c0e,4934,5031
6bba_12665c0e,4935,5020
6bba_12665c0e,4936,5023
6bba_12665c0e,4937,5029
6bba_12665c0e,4938,5034
6bba_12665c0e,4939,5032
6bba_12665c0e,4940,5039
6bba_12665c0e,4941,5035
6bba_12665c0e,4942,5057
6bba_12665c0e,4944,5043
6bba_12665c0e,4946,5073
6bba_12665c0e,4947,5050
6bba_12665c0e,4948,5049
6bba_12665c0e,4949,5042
6bba_12665c0e,4950,5054
6bba_12665c0e,4951,5056
6bba_12665c0e,4952,5046
6bba_12665c0e,4953,5048
6bba_12665c0e,4954,5028
6bba_12665c0e,4956,5055
6bba_12665c0e,4957,5051
6bba_12665c0e,4958,5053
6bba_12665c0e,4959,5059
6bba_12665c0e,4961,5052
6bba_12665c0e,4962,5063
6bba_12665c0e,4963,5058
6bba_12665c0e,4965,5071
6bba_12665c0e,4967,5066
6bba_12665c0e,4968,5064
6bba_12665c0e,4969,5062
6bba_12665c0e,4970,5065
6bba_12665c0e,4971,5045
6bba_12665c0e,4973,5067
6bba_12665c0e,4974,5072
6bba_12665c0e,4975,5068
6bba_12665c0e,4983,5085
6bba_12665c0e,4996,5103
6bba_12665c0e,4997,5086
6bba_12665c0e,4998,5087
6bba_12665c0e,5000,5092
6bba_12665c0e,5001,5089
6bba_12665c0e,5002,5093
6bba_12665c0e,5003,5096
6bba_12665c0e,5004,5090
6bba_12665c0e,5005,5110
6bba_12665c0e,5006,5095
6bba_12665c0e,5007,5097
6bba_12665c0e,5008,5098
6bba_12665c0e,5009,5102
6bba_12665c0e,5010,5094
6bba_12665c0e,5011,5091
6bba_12665c0e,5012,5112
6bba_12665c0e,5013,5132
6bba_12665c0e,5015,5105
6bba_12665c0e,5016,5100
6bba_12665c0e,5017,5166
6bba_12665c0e,5018,5159
6bba_12665c0e,5019,5113
6bba_12665c0e,5020,5109
6bba_12665c0e,5021,5114
6bba_12665c0e,5022,5111
6bba_12665c0e,5023,5117
6bba_12665c0e,5024,5115
6bba_12665c0e,5025,5106
6bba_12665c0e,5026,5128
6bba_12665c0e,5027,5154
6bba_12665c0e,5028,5118
6bba_12665c0e,5029,5101
6bba_12665c0e,5030,5116
6bba_12665c0e,5031,5107
6bba_12665c0e,5032,5120
6bba_12665c0e,5033,5139
6bba_12665c0e,5034,5121
6bba_12665c0e,5035,5127
6bba_12665c0e,5038,5108
6bba_12665c0e,5039,5125
6bba_12665c0e,5040,5122
6bba_12665c0e,5042,5137
6bba_12665c0e,5043,5131
6bba_12665c0e,5044,5134
6bba_12665c0e,5045,5130
6bba_12665c0e,5046,5140
6bba_12665c0e,5047,5129
6bba_12665c0e,5048,5138
6bba_12665c0e,5049,5141
6bba_12665c0e,5050,5136
6bba_12665c0e,5051,5143
6bba_12665c0e,5052,5142
6bba_12665c0e,5053,5123
6bba_12665c0e,5054,5147
6bba_12665c0e,5055,5145
6bba_12665c0e,5056,5148
6bba_12665c0e,5057,5135
6bba_12665c0e,5058,5119
6bba_12665c0e,5059,5149
6bba_12665c0e,5061,5153
6bba_12665c0e,5063,5133
6bba_12665c0e,5065,5144
6bba_12665c0e,5066,5155
6bba_12665c0e,5068,5156
6bba_12665c0e,5069,5152
6bba_12665c0e,5070,5164
6bba_12665c0e,5071,5160
6bba_12665c0e,5072,5163
6bba_12665c0e,5075,5170
6bba_12665c0e,5086,5175
6bba_12665c0e,5087,5177
6bba_12665c0e,5089,5190
6bba_12665c0e,5090,5178
6bba_12665c0e,5091,5174
6bba_12665c0e,5092,5176
6bba_12665c0e,5093,5192
6bba_12665c0e,5094,5181
6bba_12665c0e,5095,5179
6bba_12665c0e,5096,5187
6bba_12665c0e,5097,5189
6bba_12665c0e,5098,5186
6bba_12665c0e,5099,5194
6bba_12665c0e,5100,5188
6bba_12665c0e,5101,5180
6bba_12665c0e,5102,5183
6bba_12665c0e,5103,5182
6bba_12665c0e,5104,5198
6bba_12665c0e,5105,5193
6bba_12665c0e,5106,5209
6bba_12665c0e,5107,5203
6bba_12665c0e,5108,5195
6bba_12665c0e,5109,5201
6bba_12665c0e,5110,5191
6bba_12665c0e,5111,5204
6bba_12665c0e,5112,5196
6bba_12665c0e,5113,5199
6bba_12665c0e,5114,5205
6bba_12665c0e,5115,5202
6bba_12665c0e,5116,5210
6bba_12665c0e,5117,5208
6bba_12665c0e,5118,5211
6bba_12665c0e,5119,5207
6bba_12665c0e,5120,5215
6bba_12665c0e,5121,5214
6bba_12665c0e,5122,5185
6bba_12665c0e,5123,5221
6bba_12665c0e,5124,5206
6bba_12665c0e,5125,5219
6bba_12665c0e,5127,5212
6bba_12665c0e,5128,5236
6bba_12665c0e,5129,5200
6bba_12665c0e,5130,5228
6bba_12665c0e,5131,5218
6bba_12665c0e,5132,5244
6bba_12665c0e,5133,5217
6bba_12665c0e,5134,5213
6bba_12665c0e,5135,5223
6bba_12665c0e,5136,5227
6bba_12665c0e,5137,5224
6bba_12665c0e,5138,5230
6bba_12665c0e,5139,5237
6bba_12665c0e,5140,5225
6bba_12665c0e,5141,5233
6bba_12665c0e,5142,5235
6bba_12665c0e,5143,5231
6bba_12665c0e,5144,5232
6bba_12665c0e,5145,5239
6bba_12665c0e,5146,5216
6bba_12665c0e,5147,5234
6bba_12665c0e,5149,5226
6bba_12665c0e,5151,5246
6bba_12665c0e,5152,5242
6bba_12665c0e,5153,5241
6bba_12665c0e,5154,5222
6bba_12665c0e,5156,5240
6bba_12665c0e,5157,5220
6bba_12665c0e,5160,5243
6bba_12665c0e,5163,5247
6bba_12665c0e,5166,5259
6bba_12665c0e,5167,5253
6bba_12665c0e,5174,5263
6bba_12665c0e,5175,5266
6bba_12665c0e,5176,5270
6bba_12665c0e,5177,5264
6bba_12665c0e,5178,5271
6bba_12665c0e,5180,5268
6bba_12665c0e,5181,5275
6bba_12665c0e,5182,5267
6bba_12665c0e,5183,5273
6bba_12665c0e,5185,5269
6bba_12665c0e,5186,5276
6bba_12665c0e,5187,5284
6bba_12665c0e,5188,5277
6bba_12665c0e,5189,5281
6bba_12665c0e,5190,5299
6bba_12665c0e,5191,5274
6bba_12665c0e,5192,5272
6bba_12665c0e,5193,5278
6bba_12665c0e,5196,5283
6bba_12665c0e,5198,5279
6bba_12665c0e,5199,5285
6bba_12665c0e,5201,5282
6bba_12665c0e,5202,5293
6bba_12665c0e,5203,5290
6bba_12665c0e,5204,5294
6bba_12665c0e,5205,5287
6bba_12665c0e,5206,5318
6bba_12665c0e,5207,5296
6bba_12665c0e,5208,5286
6bba_12665c0e,5209,5291
6bba_12665c0e,5210,5289
6bba_12665c0e,5211,5288
6bba_12665c0e,5212,5316
6bba_12665c0e,5213,5325
6bba_12665c0e,5214,5302
6bba_12665c0e,5215,5297
6bba_12665c0e,5216,5308
6bba_12665c0e,5217,5326
6bba_12665c0e,5218,5301
6bba_12665c0e,5219,5306
6bba_12665c0e,5221,5305
6bba_12665c0e,5222,5295
6bba_12665c0e,5223,5309
6bba_12665c0e,5224,5298
6bba_12665c0e,5225,5314
6bba_12665c0e,5226,5300
6bba_12665c0e,5227,5312
6bba_12665c0e,5228,5324
6bba_12665c0e,5229,5315
6bba_12665c0e,5230,5310
6bba_12665c0e,5231,5307
6bba_12665c0e,5232,5311
6bba_12665c0e,5233,5320
6bba_12665c0e,5234,5319
6bba_12665c0e,5235,5313
6bba_12665c0e,5236,5321
6bba_12665c0e,5238,5333
6bba_12665c0e,5239,5323
6bba_12665c0e,5240,5328
6bba_12665c0e,5241,5327
6bba_12665c0e,5243,5322
6bba_12665c0e,5246,5329
6bba_12665c0e,5247,5334
6bba_12665c0e,5248,5341
6bba_12665c0e,5262,5349
6bba_12665c0e,5264,5357
6bba_12665c0e,5265,5356
6bba_12665c0e,5266,5359
6bba_12665c0e,5267,5365
6bba_12665c0e,5268,5366
6bba_12665c0e,5269,5368
6bba_12665c0e,5270,5361
6bba_12665c0e,5272,5364
6bba_12665c0e,5273,5367
6bba_12665c0e,5274,5372
6bba_12665c0e,5275,5387
6bba_12665c0e,5276,5374
6bba_12665c0e,5277,5375
6bba_12665c0e,5278,5370
6bba_12665c0e,5280,5358
6bba_12665c0e,5281,5371
6bba_12665c0e,5282,5362
6bba_12665c0e,5283,5376
6bba_12665c0e,5284,5379
6bba_12665c0e,5285,5381
6bba_12665c0e,5286,5380
6bba_12665c0e,5287,5373
6bba_12665c0e,5289,5386
6bba_12665c0e,5290,5382
6bba_12665c0e,5291,5391
6bba_12665c0e,5294,5393
6bba_12665c0e,5296,5377
6bba_12665c0e,5297,5394
6bba_12665c0e,5298,5395
6bba_12665c0e,5299,5426
6bba_12665c0e,5301,5406
6bba_12665c0e,5302,5388
6bba_12665c0e,5304,5419
6bba_12665c0e,5305,5398
6bba_12665c0e,5306,5400
6bba_12665c0e,5307,5399
6bba_12665c0e,5308,5390
6bba_12665c0e,5309,5410
6bba_12665c0e,5311,5418
6bba_12665c0e,5312,5402
6bba_12665c0e,5313,5392
6bba_12665c0e,5314,5408
6bba_12665c0e,5316,5404
6bba_12665c0e,5319,5412
6bba_12665c0e,5320,5411
6bba_12665c0e,5321,5401
6bba_12665c0e,5322,5422
6bba_12665c0e,5323,5409
6bba_12665c0e,5326,5417
6bba_12665c0e,5328,5396
6bba_12665c0e,5329,5423
6bba_12665c0e,5330,5434
6bba_12665c0e,5333,5425
6bba_12665c0e,5340,5429
6bba_12665c0e,5341,5436
6bba_12665c0e,5355,5444
6bba_12665c0e,5356,5445
6bba_12665c0e,5357,5448
6bba_12665c0e,5358,5443
6bba_12665c0e,5359,5446
6bba_12665c0e,5360,5442
6bba_12665c0e,5361,5447
6bba_12665c0e,5362,5475
6bba_12665c0e,5363,5483
6bba_12665c0e,5364,5453
6bba_12665c0e,5365,5449
6bba_12665c0e,5366,5455
6bba_12665c0e,5367,5451
6bba_12665c0e,5368,5450
6bba_12665c0e,5370,5454
6bba_12665c0e,5371,5458
6bba_12665c0e,5372,5457
6bba_12665c0e,5373,5463
6bba_12665c0e,5374,5464
6bba_12665c0e,5375,5468
6bba_12665c0e,5376,5460
6bba_12665c0e,5377,5473
6bba_12665c0e,5378,5493
6bba_12665c0e,5380,5474
6bba_12665c0e,5381,5465
6bba_12665c0e,5382,5466
6bba_12665c0e,5383,5452
6bba_12665c0e,5384,5467
6bba_12665c0e,5385,5461
6bba_12665c0e,5386,5470
6bba_12665c0e,5388,5469
6bba_12665c0e,5391,5472
6bba_12665c0e,5392,5481
6bba_12665c0e,5393,5477
6bba_12665c0e,5394,5471
6bba_12665c0e,5395,5487
6bba_12665c0e,5396,5500
6bba_12665c0e,5398,5490
6bba_12665c0e,5399,5488
6bba_12665c0e,5400,5480
6bba_12665c0e,5401,5489
6bba_12665c0e,5402,5486
6bba_12665c0e,5404,5478
6bba_12665c0e,5407,5497
6bba_12665c0e,5408,5482
6bba_12665c0e,5410,5499
6bba_12665c0e,5411,5496
6bba_12665c0e,5412,5494
6bba_12665c0e,5413,5518
6bba_12665c0e,5418,5501
6bba_12665c0e,5425,5512
6bba_12665c0e,5427,5506
6bba_12665c0e,5442,5526
6bba_12665c0e,5443,5521
6bba_12665c0e,5444,5520
6bba_12665c0e,5445,5523
6bba_12665c0e,5446,5524
6bba_12665c0e,5447,5525
6bba_12665c0e,5448,5528
6bba_12665c0e,5449,5532
6bba_12665c0e,5450,5529
6bba_12665c0e,5451,5530
6bba_12665c0e,5452,5522
6bba_12665c0e,5453,5535
6bba_12665c0e,5454,5533
6bba_12665c0e,5455,5531
6bba_12665c0e,5456,5527
6bba_12665c0e,5457,5537
6bba_12665c0e,5458,5538
6bba_12665c0e,5459,5534
6bba_12665c0e,5460,5543
6bba_12665c0e,5462,5553
6bba_12665c0e,5463,5540
6bba_12665c0e,5464,5539
6bba_12665c0e,5465,5542
6bba_12665c0e,5466,5551
6bba_12665c0e,5467,5546
6bba_12665c0e,5468,5544
6bba_12665c0e,5469,5548
6bba_12665c0e,5470,5547
6bba_12665c0e,5471,5552
6bba_12665c0e,5472,5549
6bba_12665c0e,5473,5554
6bba_12665c0e,5474,5556
6bba_12665c0e,5475,5550
6bba_12665c0e,5477,5561
6bba_12665c0e,5478,5536
6bba_12665c0e,5479,5555
6bba_12665c0e,5480,5560
6bba_12665c0e,5481,5564
6bba_12665c0e,5482,5562
6bba_12665c0e,5483,5568
6bba_12665c0e,5484,5571
6bba_12665c0e,5485,5557
6bba_12665c0e,5486,5558
6bba_12665c0e,5487,5576
6bba_12665c0e,5488,5559
6bba_12665c0e,5490,5569
6bba_12665c0e,5491,5565
6bba_12665c0e,5492,5567
6bba_12665c0e,5493,5579
6bba_12665c0e,5494,5563
6bba_12665c0e,5495,5566
6bba_12665c0e,5496,5572
6bba_12665c0e,5497,5575
6bba_12665c0e,5498,5578
6bba_12665c0e,5499,5574
6bba_12665c0e,5501,5580
6bba_12665c0e,5502,5573
6bba_12665c0e,5503,5581
6bba_12665c0e,5504,5582
6bba_12665c0e,5506,5584
6bba_12665c0e,5509,5585
6bba_12665c0e,5513,5586
6bba_12665c0e,5520,5607
6bba_12665c0e,5522,5600
6bba_12665c0e,5523,5592
6bba_12665c0e,5524,5596
6bba_12665c0e,5525,5593
6bba_12665c0e,5526,5619
6bba_12665c0e,5527,5591
6bba_12665c0e,5528,5595
6bba_12665c0e,5529,5594
6bba_12665c0e,5530,5599
6bba_12665c0e,5531,5602
6bba_12665c0e,5532,5604
6bba_12665c0e,5533,5603
6bba_12665c0e,5535,5608
6bba_12665c0e,5536,5598
6bba_12665c0e,5537,5605
6bba_12665c0e,5538,5606
6bba_12665c0e,5539,5597
6bba_12665c0e,5540,5609
6bba_12665c0e,5541,5610
6bba_12665c0e,5542,5611
6bba_12665c0e,5543,5613
6bba_12665c0e,5544,5616
6bba_12665c0e,5546,5615
6bba_12665c0e,5547,5618
6bba_12665c0e,5548,5620
6bba_12665c0e,5549,5621
6bba_12665c0e,5550,5624
6bba_12665c0e,5551,5622
6bba_12665c0e,5552,5617
6bba_12665c0e,5554,5626
6bba_12665c0e,5555,5646
6bba_12665c0e,5556,5614
6bba_12665c0e,5557,5627
6bba_12665c0e,5559,5631
6bba_12665c0e,5560,5628
6bba_12665c0e,5561,5634
6bba_12665c0e,5562,5633
6bba_12665c0e,5563,5632
6bba_12665c0e,5564,5635
6bba_12665c0e,5565,5623
6bba_12665c0e,5566,5641
6bba_12665c0e,5567,5630
6bba_12665c0e,5568,5642
6bba_12665c0e,5569,5638
6bba_12665c0e,5572,5639
6bba_12665c0e,5573,5644
6bba_12665c0e,5574,5645
6bba_12665c0e,5575,5648
6bba_12665c0e,5576,5647
6bba_12665c0e,5577,5653
6bba_12665c0e,5578,5637
6bba_12665c0e,5579,5654
6bba_12665c0e,5580,5650
6bba_12665c0e,5581,5629
6bba_12665c0e,5582,5651
6bba_12665c0e,5584,5652
6bba_12665c0e,5585,5655
6bba_12665c0e,5586,5658
6bba_12665c0e,5591,5666
6bba_12665c0e,5593,5668
6bba_12665c0e,5594,5672
6bba_12665c0e,5595,5670
6bba_12665c0e,5596,5671
6bba_12665c0e,5597,5665
6bba_12665c0e,5598,5676
6bba_12665c0e,5599,5674
6bba_12665c0e,5600,5673
6bba_12665c0e,5602,5675
6bba_12665c0e,5603,5677
6bba_12665c0e,5604,5678
6bba_12665c0e,5605,5679
6bba_12665c0e,5606,5680
6bba_12665c0e,5607,5684
6bba_12665c0e,5608,5683
6bba_12665c0e,5609,5693
6bba_12665c0e,5610,5682
6bba_12665c0e,5611,5689
6bba_12665c0e,5612,5688
6bba_12665c0e,5614,5690
6bba_12665c0e,5615,5685
6bba_12665c0e,5616,5691
6bba_12665c0e,5617,5686
6bba_12665c0e,5618,5692
6bba_12665c0e,5619,5681
6bba_12665c0e,5620,5694
6bba_12665c0e,5621,5699
6bba_12665c0e,5622,5697
6bba_12665c0e,5623,5698
6bba_12665c0e,5624,5696
6bba_12665c0e,5626,5716
6bba_12665c0e,5627,5709
6bba_12665c0e,5628,5703
6bba_12665c0e,5630,5705
6bba_12665c0e,5631,5702
6bba_12665c0e,5632,5701
6bba_12665c0e,5633,5712
6bba_12665c0e,5634,5707
6bba_12665c0e,5635,5713
6bba_12665c0e,5637,5720
6bba_12665c0e,5638,5704
6bba_12665c0e,5639,5717
6bba_12665c0e,5641,5700
6bba_12665c0e,5642,5715
6bba_12665c0e,5645,5719
6bba_12665c0e,5646,5718
6bba_12665c0e,5647,5710
6bba_12665c0e,5648,5727
6bba_12665c0e,5650,5724
6bba_12665c0e,5651,5723
6bba_12665c0e,5652,5725
6bba_12665c0e,5657,5729
6bba_12665c0e,5658,5730
6bba_12665c0e,5666,5738
6bba_12665c0e,5667,5742
6bba_12665c0e,5668,5739
6bba_12665c0e,5670,5741
6bba_12665c0e,5671,5740
6bba_12665c0e,5672,5743
6bba_12665c0e,5674,5745
6bba_12665c0e,5675,5750
6bba_12665c0e,5676,5774
6bba_12665c0e,5677,5752
6bba_12665c0e,5678,5751
6bba_12665c0e,5679,5748
6bba_12665c0e,5680,5753
6bba_12665c0e,5681,5746
6bba_12665c0e,5682,5755
6bba_12665c0e,5683,5757
6bba_12665c0e,5684,5754
6bba_12665c0e,5685,5765
6bba_12665c0e,5686,5761
6bba_12665c0e,5688,5758
6bba_12665c0e,5689,5770
6bba_12665c0e,5690,5756
6bba_12665c0e,5691,5759
6bba_12665c0e,5692,5764
6bba_12665c0e,5693,5771
6bba_12665c0e,5694,5776
6bba_12665c0e,5696,5749
6bba_12665c0e,5697,5768
6bba_12665c0e,5699,5781
6bba_12665c0e,5700,5767
6bba_12665c0e,5701,5766
6bba_12665c0e,5702,5779
6bba_12665c0e,5703,5782
6bba_12665c0e,5704,5763
6bba_12665c0e,5705,5775
6bba_12665c0e,5706,5780
6bba_12665c0e,5707,5772
6bba_12665c0e,5710,5769
6bba_12665c0e,5711,5778
6bba_12665c0e,5712,5784
6bba_12665c0e,5713,5785
6bba_12665c0e,5714,5795
6bba_12665c0e,5715,5760
6bba_12665c0e,5716,5777
6bba_12665c0e,5717,5787
6bba_12665c0e,5718,5789
6bba_12665c0e,5719,5786
6bba_12665c0e,5720,5791
6bba_12665c0e,5721,5792
6bba_12665c0e,5722,5788
6bba_12665c0e,5724,5794
6bba_12665c0e,5725,5793
6bba_12665c0e,5727,5797
6bba_12665c0e,5729,5801
6bba_12665c0e,5730,5802
6bba_12665c0e,5737,5810
6bba_12665c0e,5738,5821
6bba_12665c0e,5739,5806
6bba_12665c0e,5740,5805
6bba_12665c0e,5741,5807
6bba_12665c0e,5742,5816
6bba_12665c0e,5743,5809
6bba_12665c0e,5744,5813
6bba_12665c0e,5745,5808
6bba_12665c0e,5746,5811
6bba_12665c0e,5747,5833
6bba_12665c0e,5748,5817
6bba_12665c0e,5749,5812
6bba_12665c0e,5750,5815
6bba_12665c0e,5751,5814
6bba_12665c0e,5752,5819
6bba_12665c0e,5753,5826
6bba_12665c0e,5754,5824
6bba_12665c0e,5755,5825
6bba_12665c0e,5756,5828
6bba_12665c0e,5757,5830
6bba_12665c0e,5758,5823
6bba_12665c0e,5759,5831
6bba_12665c0e,5760,5822
6bba_12665c0e,5761,5839
6bba_12665c0e,5762,5818
6bba_12665c0e,5763,5837
6bba_12665c0e,5764,5827
6bba_12665c0e,5765,5835
6bba_12665c0e,5766,5838
6bba_12665c0e,5767,5829
6bba_12665c0e,5768,5832
6bba_12665c0e,5769,5840
6bba_12665c0e,5770,5834
6bba_12665c0e,5771,5836
6bba_12665c0e,5772,5843
6bba_12665c0e,5773,5842
6bba_12665c0e,5774,5862
6bba_12665c0e,5775,5847
6bba_12665c0e,5776,5846
6bba_12665c0e,5777,5841
6bba_12665c0e,5778,5848
6bba_12665c0e,5779,5844
6bba_12665c0e,5780,5849
6bba_12665c0e,5781,5852
6bba_12665c0e,5782,5850
6bba_12665c0e,5783,5820
6bba_12665c0e,5784,5851
6bba_12665c0e,5785,5853
6bba_12665c0e,5786,5845
6bba_12665c0e,5787,5854
6bba_12665c0e,5788,5856
6bba_12665c0e,5791,5855
6bba_12665c0e,5792,5858
6bba_12665c0e,5793,5861
6bba_12665c0e,5794,5859
6bba_12665c0e,5796,5863
6bba_12665c0e,5799,5864
6bba_12665c0e,5801,5867
6bba_12665c0e,5802,5868
6bba_12665c0e,5805,5877
6bba_12665c0e,5806,5878
6bba_12665c0e,5807,5881
6bba_12665c0e,5808,5882
6bba_12665c0e,5809,5880
6bba_12665c0e,5811,5879
6bba_12665c0e,5812,5887
6bba_12665c0e,5813,5884
6bba_12665c0e,5814,5885
6bba_12665c0e,5815,5886
6bba_12665c0e,5816,5893
6bba_12665c0e,5817,5889
6bba_12665c0e,5819,5895
6bba_12665c0e,5820,5876
6bba_12665c0e,5821,5902
6bba_12665c0e,5822,5891
6bba_12665c0e,5823,5888
6bba_12665c0e,5824,5890
6bba_12665c0e,5825,5892
6bba_12665c0e,5826,5896
6bba_12665c0e,5827,5900
6bba_12665c0e,5828,5899
6bba_12665c0e,5830,5901
6bba_12665c0e,5831,5898
6bba_12665c0e,5832,5897
6bba_12665c0e,5834,5907
6bba_12665c0e,5835,5908
6bba_12665c0e,5836,5909
6bba_12665c0e,5837,5913
6bba_12665c0e,5838,5911
6bba_12665c0e,5839,5905
6bba_12665c0e,5840,5917
6bba_12665c0e,5841,5918
6bba_12665c0e,5842,5906
6bba_12665c0e,5843,5910
6bba_12665c0e,5844,5921
6bba_12665c0e,5845,5904
6bba_12665c0e,5846,5912
6bba_12665c0e,5847,5915
6bba_12665c0e,5848,5925
6bba_12665c0e,5849,5916
6bba_12665c0e,5850,5922
6bba_12665c0e,5851,5923
6bba_12665c0e,5852,5919
6bba_12665c0e,5853,5924
6bba_12665c0e,5854,5926
6bba_12665c0e,5855,5927
6bba_12665c0e,5857,5930
6bba_12665c0e,5858,5928
6bba_12665c0e,5859,5932
6bba_12665c0e,5860,5929
6bba_12665c0e,5861,5931
6bba_12665c0e,5864,5935
6bba_12665c0e,5867,5937
6bba_12665c0e,5868,5938
6bba_12665c0e,5876,5945
6bba_12665c0e,5877,5943
6bba_12665c0e,5878,5944
6bba_12665c0e,5879,5946
6bba_12665c0e,5880,5949
6bba_12665c0e,5881,5948
6bba_12665c0e,5882,5947
6bba_12665c0e,5884,5952
6bba_12665c0e,5885,5951
6bba_12665c0e,5886,5956
6bba_12665c0e,5887,5950
6bba_12665c0e,5888,5953
6bba_12665c0e,5889,5954
6bba_12665c0e,5890,5957
6bba_12665c0e,5891,5978
6bba_12665c0e,5892,5958
6bba_12665c0e,5893,5963
6bba_12665c0e,5895,5955
6bba_12665c0e,5896,5959
6bba_12665c0e,5897,5966
6bba_12665c0e,5898,5961
6bba_12665c0e,5899,5965
6bba_12665c0e,5900,5962
6bba_12665c0e,5901,5967
6bba_12665c0e,5903,5971
6bba_12665c0e,5904,5969
6bba_12665c0e,5905,5972
6bba_12665c0e,5906,5981
6bba_12665c0e,5907,5973
6bba_12665c0e,5908,5970
6bba_12665c0e,5909,5968
6bba_12665c0e,5910,5979
6bba_12665c0e,5911,5975
6bba_12665c0e,5912,5976
6bba_12665c0e,5913,5977
6bba_12665c0e,5915,5982
6bba_12665c0e,5916,5986
6bba_12665c0e,5917,5989
6bba_12665c0e,5918,5988
6bba_12665c0e,5919,5991
6bba_12665c0e,5920,5984
6bba_12665c0e,5921,5985
6bba_12665c0e,5922,5987
6bba_12665c0e,5923,5980
6bba_12665c0e,5924,5990
6bba_12665c0e,5925,5983
6bba_12665c0e,5926,5995
6bba_12665c0e,5927,5992
6bba_12665c0e,5930,5997
6bba_12665c0e,5932,5996
6bba_12665c0e,5933,6001
6bba_12665c0e,5934,6004
6bba_12665c0e,5937,6002
6bba_12665c0e,5938,6003
6bba_12665c0e,5943,6008
6bba_12665c0e,5944,6009
6bba_12665c0e,5945,6012
6bba_12665c0e,5946,6011
6bba_12665c0e,5947,6010
6bba_12665c0e,5948,6015
6bba_12665c0e,5949,6014
6bba_12665c0e,5950,6013
6bba_12665c0e,5951,6016
6bba_12665c0e,5952,6019
6bba_12665c0e,5953,6017
6bba_12665c0e,5954,6018
6bba_12665c0e,5955,6025
6bba_12665c0e,5956,6020
6bba_12665c0e,5957,6023
6bba_12665c0e,5958,6021
6bba_12665c0e,5959,6026
6bba_12665c0e,5960,6040
6bba_12665c0e,5961,6029
6bba_12665c0e,5962,6024
6bba_12665c0e,5963,6022
6bba_12665c0e,5964,6007
6bba_12665c0e,5965,6033
6bba_12665c0e,5966,6027
6bba_12665c0e,5967,6032
6bba_12665c0e,5968,6031
6bba_12665c0e,5969,6030
6bba_12665c0e,5970,6034
6bba_12665c0e,5971,6028
6bba_12665c0e,5972,6037
6bba_12665c0e,5973,6036
6bba_12665c0e,5975,6050
6bba_12665c0e,5976,6043
6bba_12665c0e,5977,6035
6bba_12665c0e,5979,6041
6bba_12665c0e,5980,6044
6bba_12665c0e,5981,6042
6bba_12665c0e,5982,6038
6bba_12665c0e,5983,6046
6bba_12665c0e,5985,6045
6bba_12665c0e,5986,6047
6bba_12665c0e,5987,6049
6bba_12665c0e,5988,6048
6bba_12665c0e,5990,6054
6bba_12665c0e,5991,6051
6bba_12665c0e,5992,6052
6bba_12665c0e,5994,6056
6bba_12665c0e,5995,6055
6bba_12665c0e,5997,6061
6bba_12665c0e,5998,6060
6bba_12665c0e,6000,6063
6bba_12665c0e,6001,6065
6bba_12665c0e,6002,6066
6bba_12665c0e,6003,6068
6bba_12665c0e,6007,6117
6bba_12665c0e,6008,6078
6bba_12665c0e,6009,6075
6bba_12665c0e,6010,6076
6bba_12665c0e,6011,6080
6bba_12665c0e,6012,6101
6bba_12665c0e,6014,6079
6bba_12665c0e,6015,6083
6bba_12665c0e,6016,6081
6bba_12665c0e,6017,6077
6bba_12665c0e,6018,6084
6bba_12665c0e,6019,6090
6bba_12665c0e,6020,6082
6bba_12665c0e,6021,6088
6bba_12665c0e,6022,6089
6bba_12665c0e,6023,6085
6bba_12665c0e,6024,6093
6bba_12665c0e,6025,6091
6bba_12665c0e,6026,6095
6bba_12665c0e,6027,6094
6bba_12665c0e,6029,6096
6bba_12665c0e,6030,6092
6bba_12665c0e,6031,6087
6bba_12665c0e,6032,6097
6bba_12665c0e,6033,6098
6bba_12665c0e,6034,6104
6bba_12665c0e,6035,6103
6bba_12665c0e,6036,6100
6bba_12665c0e,6037,6102
6bba_12665c0e,6038,6105
6bba_12665c0e,6041,6107
6bba_12665c0e,6042,6111
6bba_12665c0e,6043,6110
6bba_12665c0e,6044,6112
6bba_12665c0e,6045,6108
6bba_12665c0e,6046,6106
6bba_12665c0e,6047,6109
6bba_12665c0e,6048,6115
6bba_12665c0e,6049,6113
6bba_12665c0e,6050,6119
6bba_12665c0e,6051,6116
6bba_12665c0e,6052,6118
6bba_12665c0e,6054,6114
6bba_12665c0e,6055,6120
6bba_12665c0e,6057,6121
6bba_12665c0e,6058,6123
6bba_12665c0e,6059,6127
6bba_12665c0e,6060,6124
6bba_12665c0e,6061,6125
6bba_12665c0e,6063,6126
6bba_12665c0e,6066,6131
6bba_12665c0e,6075,6146
6bba_12665c0e,6076,6144
6bba_12665c0e,6077,6142
6bba_12665c0e,6078,6143
6bba_12665c0e,6079,6145
6bba_12665c0e,6080,6147
6bba_12665c0e,6081,6148
6bba_12665c0e,6082,6151
6bba_12665c0e,6083,6149
6bba_12665c0e,6084,6153
6bba_12665c0e,6085,6152
6bba_12665c0e,6086,6158
6bba_12665c0e,6087,6141
6bba_12665c0e,6088,6155
6bba_12665c0e,6089,6150
6bba_12665c0e,6090,6156
6bba_12665c0e,6091,6154
6bba_12665c0e,6092,6162
6bba_12665c0e,6093,6159
6bba_12665c0e,6094,6161
6bba_12665c0e,6095,6157
6bba_12665c0e,6097,6160
6bba_12665c0e,6098,6164
6bba_12665c0e,6100,6170
6bba_12665c0e,6101,6165
6bba_12665c0e,6102,6167
6bba_12665c0e,6103,6168
6bba_12665c0e,6104,6172
6bba_12665c0e,6106,6166
6bba_12665c0e,6107,6174
6bba_12665c0e,6108,6175
6bba_12665c0e,6109,6169
6bba_12665c0e,6110,6171
6bba_12665c0e,6112,6176
6bba_12665c0e,6113,6179
6bba_12665c0e,6114,6184
6bba_12665c0e,6115,6178
6bba_12665c0e,6116,6181
6bba_12665c0e,6118,6180
6bba_12665c0e,6119,6185
6bba_12665c0e,6120,6182
6bba_12665c0e,6121,6187
6bba_12665c0e,6123,6183
6bba_12665c0e,6125,6190
6bba_12665c0e,6128,6188
6bba_12665c0e,6130,6200
6bba_12665c0e,6131,6199
6bba_12665c0e,6136,6202
6bba_12665c0e,6141,6204
6bba_12665c0e,6142,6205
6bba_12665c0e,6143,6211
6bba_12665c0e,6144,6208
6bba_12665c0e,6145,6206
6bba_12665c0e,6146,6209
6bba_12665c0e,6147,6210
6bba_12665c0e,6148,6207
6bba_12665c0e,6149,6213
6bba_12665c0e,6150,6212
6bba_12665c0e,6151,6215
6bba_12665c0e,6152,6214
6bba_12665c0e,6153,6217
6bba_12665c0e,6154,6219
6bba_12665c0e,6155,6222
6bba_12665c0e,6156,6218
6bba_12665c0e,6157,6224
6bba_12665c0e,6158,6216
6bba_12665c0e,6159,6220
6bba_12665c0e,6160,6223
6bba_12665c0e,6161,6225
6bba_12665c0e,6163,6226
6bba_12665c0e,6164,6229
6bba_12665c0e,6165,6221
6bba_12665c0e,6166,6237
6bba_12665c0e,6167,6235
6bba_12665c0e,6168,6227
6bba_12665c0e,6169,6234
6bba_12665c0e,6170,6230
6bba_12665c0e,6171,6232
6bba_12665c0e,6172,6231
6bba_12665c0e,6173,6236
6bba_12665c0e,6174,6233
6bba_12665c0e,6175,6238
6bba_12665c0e,6176,6242
6bba_12665c0e,6177,6244
6bba_12665c0e,6178,6240
6bba_12665c0e,6179,6247
6bba_12665c0e,6180,6251
6bba_12665c0e,6181,6243
6bba_12665c0e,6182,6250
6bba_12665c0e,6183,6241
6bba_12665c0e,6184,6246
6bba_12665c0e,6185,6249
6bba_12665c0e,6187,6258
6bba_12665c0e,6188,6256
6bba_12665c0e,6189,6257
6bba_12665c0e,6193,6254
6bba_12665c0e,6199,6260
6bba_12665c0e,6200,6269
6bba_12665c0e,6204,6270
6bba_12665c0e,6205,6271
6bba_12665c0e,6206,6277
6bba_12665c0e,6207,6274
6bba_12665c0e,6208,6278
6bba_12665c0e,6209,6276
6bba_12665c0e,6210,6275
6bba_12665c0e,6211,6279
6bba_12665c0e,6212,6272
6bba_12665c0e,6213,6281
6bba_12665c0e,6214,6280
6bba_12665c0e,6215,6282
6bba_12665c0e,6217,6285
6bba_12665c0e,6218,6284
6bba_12665c0e,6219,6287
6bba_12665c0e,6220,6290
6bba_12665c0e,6221,6283
6bba_12665c0e,6222,6292
6bba_12665c0e,6223,6288
6bba_12665c0e,6224,6293
6bba_12665c0e,6225,6289
6bba_12665c0e,6226,6299
6bba_12665c0e,6227,6306
6bba_12665c0e,6228,6273
6bba_12665c0e,6229,6295
6bba_12665c0e,6230,6308
6bba_12665c0e,6231,6302
6bba_12665c0e,6232,6298
6bba_12665c0e,6233,6301
6bba_12665c0e,6234,6294
6bba_12665c0e,6235,6310
6bba_12665c0e,6236,6311
6bba_12665c0e,6237,6304
6bba_12665c0e,6238,6300
6bba_12665c0e,6240,6321
6bba_12665c0e,6242,6309
6bba_12665c0e,6243,6296
6bba_12665c0e,6244,6305
6bba_12665c0e,6245,6291
6bba_12665c0e,6246,6317
6bba_12665c0e,6247,6315
6bba_12665c0e,6249,6316
6bba_12665c0e,6250,6312
6bba_12665c0e,6251,6318
6bba_12665c0e,6252,6320
6bba_12665c0e,6254,6325
6bba_12665c0e,6258,6329
6bba_12665c0e,6259,6327
6bba_12665c0e,6260,6326
6bba_12665c0e,6261,6333
6bba_12665c0e,6270,6381
6bba_12665c0e,6271,6337
6bba_12665c0e,6272,6338
6bba_12665c0e,6273,6359
6bba_12665c0e,6274,6346
6bba_12665c0e,6275,6342
6bba_12665c0e,6276,6344
6bba_12665c0e,6277,6340
6bba_12665c0e,6278,6339
6bba_12665c0e,6279,6343
6bba_12665c0e,6280,6347
6bba_12665c0e,6281,6350
6bba_12665c0e,6282,6348
6bba_12665c0e,6283,6349
6bba_12665c0e,6284,6341
6bba_12665c0e,6286,6353
6bba_12665c0e,6287,6352
6bba_12665c0e,6288,6355
6bba_12665c0e,6289,6361
6bba_12665c0e,6290,6358
6bba_12665c0e,6292,6357
6bba_12665c0e,6294,6360
6bba_12665c0e,6295,6362
6bba_12665c0e,6296,6367
6bba_12665c0e,6298,6365
6bba_12665c0e,6299,6376
6bba_12665c0e,6300,6375
6bba_12665c0e,6301,6380
6bba_12665c0e,6304,6368
6bba_12665c0e,6305,6369
6bba_12665c0e,6306,6372
6bba_12665c0e,6307,6384
6bba_12665c0e,6308,6366
6bba_12665c0e,6309,6370
6bba_12665c0e,6313,6373
6bba_12665c0e,6314,6388
6bba_12665c0e,6315,6379
6bba_12665c0e,6317,6378
6bba_12665c0e,6319,6377
6bba_12665c0e,6320,6385
6bba_12665c0e,6326,6392
6bba_12665c0e,6327,6389
6bba_12665c0e,6329,6391
6bba_12665c0e,6334,6398
6bba_12665c0e,6337,6400
6bba_12665c0e,6338,6402
6bba_12665c0e,6339,6404
6bba_12665c0e,6340,6401
6bba_12665c0e,6341,6403
6bba_12665c0e,6342,6406
6bba_12665c0e,6343,6407
6bba_12665c0e,6344,6408
6bba_12665c0e,6345,6424
6bba_12665c0e,6346,6405
6bba_12665c0e,6347,6410
6bba_12665c0e,6348,6411
6bba_12665c0e,6349,6413
6bba_12665c0e,6350,6409
6bba_12665c0e,6351,6412
6bba_12665c0e,6352,6417
6bba_12665c0e,6353,6415
6bba_12665c0e,6355,6420
6bba_12665c0e,6356,6414
6bba_12665c0e,6357,6419
6bba_12665c0e,6358,6423
6bba_12665c0e,6360,6426
6bba_12665c0e,6361,6421
6bba_12665c0e,6362,6418
6bba_12665c0e,6363,6425
6bba_12665c0e,6365,6429
6bba_12665c0e,6366,6428
6bba_12665c0e,6367,6442
6bba_12665c0e,6368,6430
6bba_12665c0e,6369,6437
6bba_12665c0e,6370,6438
6bba_12665c0e,6371,6439
6bba_12665c0e,6372,6434
6bba_12665c0e,6374,6431
6bba_12665c0e,6375,6432
6bba_12665c0e,6376,6435
6bba_12665c0e,6378,6440
6bba_12665c0e,6379,6441
6bba_12665c0e,6380,6445
6bba_12665c0e,6382,6443
6bba_12665c0e,6383,6422
6bba_12665c0e,6385,6444
6bba_12665c0e,6392,6456
6bba_12665c0e,6393,6447
6bba_12665c0e,6400,6458
6bba_12665c0e,6401,6459
6bba_12665c0e,6402,6463
6bba_12665c0e,6403,6460
6bba_12665c0e,6404,6462
6bba_12665c0e,6405,6464
6bba_12665c0e,6406,6461
6bba_12665c0e,6407,6467
6bba_12665c0e,6408,6468
6bba_12665c0e,6409,6470
6bba_12665c0e,6410,6465
6bba_12665c0e,6411,6473
6bba_12665c0e,6412,6474
6bba_12665c0e,6413,6472
6bba_12665c0e,6414,6466
6bba_12665c0e,6415,6475
6bba_12665c0e,6417,6476
6bba_12665c0e,6418,6480
6bba_12665c0e,6419,6471
6bba_12665c0e,6420,6478
6bba_12665c0e,6421,6481
6bba_12665c0e,6423,6486
6bba_12665c0e,6424,6483
6bba_12665c0e,6425,6469
6bba_12665c0e,6426,6489
6bba_12665c0e,6427,6479
6bba_12665c0e,6428,6493
6bba_12665c0e,6429,6490
6bba_12665c0e,6430,6491
6bba_12665c0e,6433,6496
6bba_12665c0e,6434,6492
6bba_12665c0e,6435,6494
6bba_12665c0e,6436,6488
6bba_12665c0e,6438,6499
6bba_12665c0e,6439,6501
6bba_12665c0e,6440,6502
6bba_12665c0e,6442,6510
6bba_12665c0e,6444,6498
6bba_12665c0e,6445,6503
6bba_12665c0e,6447,6477
6bba_12665c0e,6448,6505
6bba_12665c0e,6452,6485
6bba_12665c0e,6453,6507
6bba_12665c0e,6456,6509
6bba_12665c0e,6458,6519
6bba_12665c0e,6459,6526
6bba_12665c0e,6460,6522
6bba_12665c0e,6461,6525
6bba_12665c0e,6462,6524
6bba_12665c0e,6464,6523
6bba_12665c0e,6465,6528
6bba_12665c0e,6467,6529
6bba_12665c0e,6468,6530
6bba_12665c0e,6469,6521
6bba_12665c0e,6470,6536
6bba_12665c0e,6471,6520
6bba_12665c0e,6472,6531
6bba_12665c0e,6473,6534
6bba_12665c0e,6474,6532
6bba_12665c0e,6475,6563
6bba_12665c0e,6476,6533
6bba_12665c0e,6477,6518
6bba_12665c0e,6478,6537
6bba_12665c0e,6479,6540
6bba_12665c0e,6480,6539
6bba_12665c0e,6481,6542
6bba_12665c0e,6482,6561
6bba_12665c0e,6483,6543
6bba_12665c0e,6485,6535
6bba_12665c0e,6486,6541
6bba_12665c0e,6487,6545
6bba_12665c0e,6488,6548
6bba_12665c0e,6489,6546
6bba_12665c0e,6490,6544
6bba_12665c0e,6491,6551
6bba_12665c0e,6492,6552
6bba_12665c0e,6493,6553
6bba_12665c0e,6494,6549
6bba_12665c0e,6496,6562
6bba_12665c0e,6498,6547
6bba_12665c0e,6499,6557
6bba_12665c0e,6500,6559
6bba_12665c0e,6501,6555
6bba_12665c0e,6502,6556
6bba_12665c0e,6503,6560
6bba_12665c0e,6506,6564
6bba_12665c0e,6507,6567
6bba_12665c0e,6508,6569
6bba_12665c0e,6509,6570
6bba_12665c0e,6511,6574
6bba_12665c0e,6518,6580
6bba_12665c0e,6519,6579
6bba_12665c0e,6520,6577
6bba_12665c0e,6521,6589
6bba_12665c0e,6522,6582
6bba_12665c0e,6523,6585
6bba_12665c0e,6524,6581
6bba_12665c0e,6525,6587
6bba_12665c0e,6526,6583
6bba_12665c0e,6527,6588
6bba_12665c0e,6528,6584
6bba_12665c0e,6529,6590
6bba_12665c0e,6530,6586
6bba_12665c0e,6531,6592
6bba_12665c0e,6532,6593
6bba_12665c0e,6533,6594
6bba_12665c0e,6534,6595
6bba_12665c0e,6535,6578
6bba_12665c0e,6536,6591
6bba_12665c0e,6537,6600
6bba_12665c0e,6539,6606
6bba_12665c0e,6540,6602
6bba_12665c0e,6541,6597
6bba_12665c0e,6542,6604
6bba_12665c0e,6543,6599
6bba_12665c0e,6544,6605
6bba_12665c0e,6545,6601
6bba_12665c0e,6546,6612
6bba_12665c0e,6547,6609
6bba_12665c0e,6549,6598
6bba_12665c0e,6551,6616
6bba_12665c0e,6552,6608
6bba_12665c0e,6553,6615
6bba_12665c0e,6554,6610
6bba_12665c0e,6555,6603
6bba_12665c0e,6556,6617
6bba_12665c0e,6557,6619
6bba_12665c0e,6559,6618
6bba_12665c0e,6560,6611
6bba_12665c0e,6561,6613
6bba_12665c0e,6564,6621
6bba_12665c0e,6565,6620
6bba_12665c0e,6566,6623
6bba_12665c0e,6567,6626
6bba_12665c0e,6570,6630
6bba_12665c0e,6577,6634
6bba_12665c0e,6578,6656
6bba_12665c0e,6579,6635
6bba_12665c0e,6580,6669
6bba_12665c0e,6581,6637
6bba_12665c0e,6582,6641
6bba_12665c0e,6583,6639
6bba_12665c0e,6584,6638
6bba_12665c0e,6585,6644
6bba_12665c0e,6586,6647
6bba_12665c0e,6587,6643
6bba_12665c0e,6588,6642
6bba_12665c0e,6589,6661
6bba_12665c0e,6590,6645
6bba_12665c0e,6591,6640
6bba_12665c0e,6592,6649
6bba_12665c0e,6593,6646
6bba_12665c0e,6594,6650
6bba_12665c0e,6595,6651
6bba_12665c0e,6597,6648
6bba_12665c0e,6598,6636
6bba_12665c0e,6599,6654
6bba_12665c0e,6600,6652
6bba_12665c0e,6601,6662
6bba_12665c0e,6602,6657
6bba_12665c0e,6603,6655
6bba_12665c0e,6604,6659
6bba_12665c0e,6605,6663
6bba_12665c0e,6606,6664
6bba_12665c0e,6607,6658
6bba_12665c0e,6608,6666
6bba_12665c0e,6609,6667
6bba_12665c0e,6610,6668
6bba_12665c0e,6611,6660
6bba_12665c0e,6612,6665
6bba_12665c0e,6613,6672
6bba_12665c0e,6615,6670
6bba_12665c0e,6616,6671
6bba_12665c0e,6617,6676
6bba_12665c0e,6618,6673
6bba_12665c0e,6619,6674
6bba_12665c0e,6620,6675
6bba_12665c0e,6621,6681
6bba_12665c0e,6626,6685
6bba_12665c0e,6630,6684
6bba_12665c0e,6634,6703
6bba_12665c0e,6635,6693
6bba_12665c0e,6636,6694
6bba_12665c0e,6637,6698
6bba_12665c0e,6638,6701
6bba_12665c0e,6639,6695
6bba_12665c0e,6640,6696
6bba_12665c0e,6641,6699
6bba_12665c0e,6642,6702
6bba_12665c0e,6643,6705
6bba_12665c0e,6644,6710
6bba_12665c0e,6645,6704
6bba_12665c0e,6646,6700
6bba_12665c0e,6647,6706
6bba_12665c0e,6648,6697
6bba_12665c0e,6649,6708
6bba_12665c0e,6650,6709
6bba_12665c0e,6651,6712
6bba_12665c0e,6652,6714
6bba_12665c0e,6654,6707
6bba_12665c0e,6655,6725
6bba_12665c0e,6656,6722
6bba_12665c0e,6657,6711
6bba_12665c0e,6658,6716
6bba_12665c0e,6659,6718
6bba_12665c0e,6660,6717
6bba_12665c0e,6663,6720
6bba_12665c0e,6664,6723
6bba_12665c0e,6665,6727
6bba_12665c0e,6666,6730
6bba_12665c0e,6667,6737
6bba_12665c0e,6668,6728
6bba_12665c0e,6669,6719
6bba_12665c0e,6670,6732
6bba_12665c0e,6671,6734
6bba_12665c0e,6672,6729
6bba_12665c0e,6673,6733
6bba_12665c0e,6674,6735
6bba_12665c0e,6676,6738
6bba_12665c0e,6679,6726
6bba_12665c0e,6682,6724
6bba_12665c0e,6683,6748
6bba_12665c0e,6684,6743
6bba_12665c0e,6693,6758
6bba_12665c0e,6694,6757
6bba_12665c0e,6695,6759
6bba_12665c0e,6696,6756
6bba_12665c0e,6697,6755
6bba_12665c0e,6698,6754
6bba_12665c0e,6699,6760
6bba_12665c0e,6700,6765
6bba_12665c0e,6701,6761
6bba_12665c0e,6702,6766
6bba_12665c0e,6703,6762
6bba_12665c0e,6704,6764
6bba_12665c0e,6705,6767
6bba_12665c0e,6706,6763
6bba_12665c0e,6707,6771
6bba_12665c0e,6708,6770
6bba_12665c0e,6709,6768
6bba_12665c0e,6710,6773
6bba_12665c0e,6711,6776
6bba_12665c0e,6712,6774
6bba_12665c0e,6713,6769
6bba_12665c0e,6714,6775
6bba_12665c0e,6716,6772
6bba_12665c0e,6717,6782
6bba_12665c0e,6718,6779
6bba_12665c0e,6719,6780
6bba_12665c0e,6720,6783
6bba_12665c0e,6721,6798
6bba_12665c0e,6722,6777
6bba_12665c0e,6723,6789
6bba_12665c0e,6724,6778
6bba_12665c0e,6726,6786
6bba_12665c0e,6727,6784
6bba_12665c0e,6728,6788
6bba_12665c0e,6729,6791
6bba_12665c0e,6730,6790
6bba_12665c0e,6731,6793
6bba_12665c0e,6732,6792
6bba_12665c0e,6733,6794
6bba_12665c0e,6734,6795
6bba_12665c0e,6735,6797
6bba_12665c0e,6736,6785
6bba_12665c0e,6737,6800
6bba_12665c0e,6738,6799
6bba_12665c0e,6739,6781
6bba_12665c0e,6743,6803
6bba_12665c0e,6754,6818
6bba_12665c0e,6755,6814
6bba_12665c0e,6756,6821
6bba_12665c0e,6758,6815
6bba_12665c0e,6759,6816
6bba_12665c0e,6760,6820
6bba_12665c0e,6761,6819
6bba_12665c0e,6762,6849
6bba_12665c0e,6763,6822
6bba_12665c0e,6764,6824
6bba_12665c0e,6765,6828
6bba_12665c0e,6766,6825
6bba_12665c0e,6767,6826
6bba_12665c0e,6768,6827
6bba_12665c0e,6769,6831
6bba_12665c0e,6770,6836
6bba_12665c0e,6771,6829
6bba_12665c0e,6772,6823
6bba_12665c0e,6773,6838
6bba_12665c0e,6774,6832
6bba_12665c0e,6775,6830
6bba_12665c0e,6776,6833
6bba_12665c0e,6777,6839
6bba_12665c0e,6778,6817
6bba_12665c0e,6779,6842
6bba_12665c0e,6780,6841
6bba_12665c0e,6781,6834
6bba_12665c0e,6783,6843
6bba_12665c0e,6784,6845
6bba_12665c0e,6785,6837
6bba_12665c0e,6786,6840
6bba_12665c0e,6788,6850
6bba_12665c0e,6789,6844
6bba_12665c0e,6790,6856
6bba_12665c0e,6791,6851
6bba_12665c0e,6792,6846
6bba_12665c0e,6793,6847
6bba_12665c0e,6794,6852
6bba_12665c0e,6795,6853
6bba_12665c0e,6796,6855
6bba_12665c0e,6797,6854
6bba_12665c0e,6798,6862
6bba_12665c0e,6799,6857
6bba_12665c0e,6800,6859
6bba_12665c0e,6801,6860
6bba_12665c0e,6803,6863
6bba_12665c0e,6808,6865
6bba_12665c0e,6814,6872
6bba_12665c0e,6815,6874
6bba_12665c0e,6816,6873
6bba_12665c0e,6818,6875
6bba_12665c0e,6819,6876
6bba_12665c0e,6820,6879
6bba_12665c0e,6821,6878
6bba_12665c0e,6822,6881
6bba_12665c0e,6823,6887
6bba_12665c0e,6824,6882
6bba_12665c0e,6825,6877
6bba_12665c0e,6826,6883
6bba_12665c0e,6827,6880
6bba_12665c0e,6828,6884
6bba_12665c0e,6829,6888
6bba_12665c0e,6830,6886
6bba_12665c0e,6831,6890
6bba_12665c0e,6832,6885
6bba_12665c0e,6833,6896
6bba_12665c0e,6835,6903
6bba_12665c0e,6836,6893
6bba_12665c0e,6837,6895
6bba_12665c0e,6838,6892
6bba_12665c0e,6839,6891
6bba_12665c0e,6840,6899
6bba_12665c0e,6841,6898
6bba_12665c0e,6842,6897
6bba_12665c0e,6843,6900
6bba_12665c0e,6844,6904
6bba_12665c0e,6845,6902
6bba_12665c0e,6846,6894
6bba_12665c0e,6848,6912
6bba_12665c0e,6850,6905
6bba_12665c0e,6851,6907
6bba_12665c0e,6852,6901
6bba_12665c0e,6853,6909
6bba_12665c0e,6854,6906
6bba_12665c0e,6855,6913
6bba_12665c0e,6856,6910
6bba_12665c0e,6857,6915
6bba_12665c0e,6859,6918
6bba_12665c0e,6860,6917
6bba_12665c0e,6861,6914
6bba_12665c0e,6863,6920
6bba_12665c0e,6870,6927
6bba_12665c0e,6872,6937
6bba_12665c0e,6873,6928
6bba_12665c0e,6874,6930
6bba_12665c0e,6875,6929
6bba_12665c0e,6876,6931
6bba_12665c0e,6877,6933
6bba_12665c0e,6878,6966
6bba_12665c0e,6879,6935
6bba_12665c0e,6880,6936
6bba_12665c0e,6881,6938
6bba_12665c0e,6882,6949
6bba_12665c0e,6883,6940
6bba_12665c0e,6884,6945
6bba_12665c0e,6885,6944
6bba_12665c0e,6886,6941
6bba_12665c0e,6887,6951
6bba_12665c0e,6888,6943
6bba_12665c0e,6889,6954
6bba_12665c0e,6890,6948
6bba_12665c0e,6891,6932
6bba_12665c0e,6892,6950
6bba_12665c0e,6893,6947
6bba_12665c0e,6894,6934
6bba_12665c0e,6895,6942
6bba_12665c0e,6896,6939
6bba_12665c0e,6897,6953
6bba_12665c0e,6898,6946
6bba_12665c0e,6899,6961
6bba_12665c0e,6900,6956
6bba_12665c0e,6901,6952
6bba_12665c0e,6902,6960
6bba_12665c0e,6904,6959
6bba_12665c0e,6905,6964
6bba_12665c0e,6906,6955
6bba_12665c0e,6907,6963
6bba_12665c0e,6908,6967
6bba_12665c0e,6909,6969
6bba_12665c0e,6910,6968
6bba_12665c0e,6912,6974
6bba_12665c0e,6913,6972
6bba_12665c0e,6914,6958
6bba_12665c0e,6915,6970
6bba_12665c0e,6917,6971
6bba_12665c0e,6918,6973
6bba_12665c0e,6920,6976
6bba_12665c0e,6928,6984
6bba_12665c0e,6929,6986
6bba_12665c0e,6930,6985
6bba_12665c0e,6931,6989
6bba_12665c0e,6932,6992
6bba_12665c0e,6933,6988
6bba_12665c0e,6934,6990
6bba_12665c0e,6935,6991
6bba_12665c0e,6936,6998
6bba_12665c0e,6938,7004
6bba_12665c0e,6939,6995
6bba_12665c0e,6940,6994
6bba_12665c0e,6941,7001
6bba_12665c0e,6942,7005
6bba_12665c0e,6943,6997
6bba_12665c0e,6944,7000
6bba_12665c0e,6945,6999
6bba_12665c0e,6946,7009
6bba_12665c0e,6947,7008
6bba_12665c0e,6948,7011
6bba_12665c0e,6949,7007
6bba_12665c0e,6950,7003
6bba_12665c0e,6951,7012
6bba_12665c0e,6952,6996
6bba_12665c0e,6953,7010
6bba_12665c0e,6954,7013
6bba_12665c0e,6955,7006
6bba_12665c0e,6956,7020
6bba_12665c0e,6957,7002
6bba_12665c0e,6958,6987
6bba_12665c0e,6959,7017
6bba_12665c0e,6960,7014
6bba_12665c0e,6961,7015
6bba_12665c0e,6962,7027
6bba_12665c0e,6963,7019
6bba_12665c0e,6964,7021
6bba_12665c0e,6965,7018
6bba_12665c0e,6966,7016
6bba_12665c0e,6967,7025
6bba_12665c0e,6968,7024
6bba_12665c0e,6969,7023
6bba_12665c0e,6970,7022
6bba_12665c0e,6971,7026
6bba_12665c0e,6972,7028
6bba_12665c0e,6973,7029
6bba_12665c0e,6974,7030
6bba_12665c0e,6976,7031
6bba_12665c0e,6984,7042
6bba_12665c0e,6985,7043
6bba_12665c0e,6986,7044
6bba_12665c0e,6987,7046
6bba_12665c0e,6988,7045
6bba_12665c0e,6989,7047
6bba_12665c0e,6990,7052
6bba_12665c0e,6991,7049
6bba_12665c0e,6992,7048
6bba_12665c0e,6993,7050
6bba_12665c0e,6994,7055
6bba_12665c0e,6995,7053
6bba_12665c0e,6996,7059
6bba_12665c0e,6997,7058
6bba_12665c0e,6998,7051
6bba_12665c0e,6999,7054
6bba_12665c0e,7000,7062
6bba_12665c0e,7001,7060
6bba_12665c0e,7003,7064
6bba_12665c0e,7004,7061
6bba_12665c0e,7005,7057
6bba_12665c0e,7006,7067
6bba_12665c0e,7007,7065
6bba_12665c0e,7008,7063
6bba_12665c0e,7009,7071
6bba_12665c0e,7010,7066
6bba_12665c0e,7011,7069
6bba_12665c0e,7012,7068
6bba_12665c0e,7013,7082
6bba_12665c0e,7014,7070
6bba_12665c0e,7015,7056
6bba_12665c0e,7016,7072
6bba_12665c0e,7017,7073
6bba_12665c0e,7018,7076
6bba_12665c0e,7019,7078
6bba_12665c0e,7020,7075
6bba_12665c0e,7021,7074
6bba_12665c0e,7022,7077
6bba_12665c0e,7023,7079
6bba_12665c0e,7024,7080
6bba_12665c0e,7025,7083
6bba_12665c0e,7029,7084
6bba_12665c0e,7031,7090
6bba_12665c0e,7038,7094
6bba_12665c0e,7041,7102
6bba_12665c0e,7042,7096
6bba_12665c0e,7043,7099
6bba_12665c0e,7044,7098
6bba_12665c0e,7045,7100
6bba_12665c0e,7046,7097
6bba_12665c0e,7047,7101
6bba_12665c0e,7048,7103
6bba_12665c0e,7049,7105
6bba_12665c0e,7050,7136
6bba_12665c0e,7051,7104
6bba_12665c0e,7052,7122
6bba_12665c0e,7053,7106
6bba_12665c0e,7054,7107
6bba_12665c0e,7055,7115
6bba_12665c0e,7056,7114
6bba_12665c0e,7057,7116
6bba_12665c0e,7058,7108
6bba_12665c0e,7059,7110
6bba_12665c0e,7060,7109
6bba_12665c0e,7061,7117
6bba_12665c0e,7062,7113
6bba_12665c0e,7063,7112
6bba_12665c0e,7064,7111
6bba_12665c0e,7065,7118
6bba_12665c0e,7066,7120
6bba_12665c0e,7068,7121
6bba_12665c0e,7069,7124
6bba_12665c0e,7070,7131
6bba_12665c0e,7071,7132
6bba_12665c0e,7073,7130
6bba_12665c0e,7074,7127
6bba_12665c0e,7075,7126
6bba_12665c0e,7077,7129
6bba_12665c0e,7078,7133
6bba_12665c0e,7079,7134
6bba_12665c0e,7080,7135
6bba_12665c0e,7083,7128
6bba_12665c0e,7084,7137
6bba_12665c0e,7086,7140
6bba_12665c0e,7087,7139
6bba_12665c0e,7090,7143
6bba_12665c0e,7092,7149
6bba_12665c0e,7096,7152
6bba_12665c0e,7097,7153
6bba_12665c0e,7098,7154
6bba_12665c0e,7099,7155
6bba_12665c0e,7100,7156
6bba_12665c0e,7101,7157
6bba_12665c0e,7102,7158
6bba_12665c0e,7103,7159
6bba_12665c0e,7104,7160
6bba_12665c0e,7105,7161
6bba_12665c0e,7106,7162
6bba_12665c0e,7107,7163
6bba_12665c0e,7108,7164
6bba_12665c0e,7109,7165
6bba_12665c0e,7110,7166
6bba_12665c0e,7111,7167
6bba_12665c0e,7112,7168
6bba_12665c0e,7113,7169
6bba_12665c0e,7114,7170
6bba_12665c0e,7115,7171
6bba_12665c0e,7116,7172
6bba_12665c0e,7117,7173
6bba_12665c0e,7118,7174
6bba_12665c0e,7119,7175
6bba_12665c0e,7120,7176
6bba_12665c0e,7121,7177
6bba_12665c0e,7122,7178
6bba_12665c0e,7123,7179
6bba_12665c0e,7124,7180
6bba_12665c0e,7125,7181
6bba_12665c0e,7126,7182
6bba_12665c0e,7127,7183
6bba_12665c0e,7128,7184
6bba_12665c0e,7129,7185
6bba_12665c0e,7130,7186
6bba_12665c0e,7131,7187
6bba_12665c0e,7132,7188
6bba_12665c0e,7133,7189
6bba_12665c0e,7134,7190
6bba_12665c0e,7135,7191
6bba_12665c0e,7136,7192
6bba_12665c0e,7137,7193
6bba_12665c0e,7138,7194
6bba_12665c0e,7139,7195
6bba_12665c0e,7140,7196
6bba_12665c0e,7141,7197
6bba_12665c0e,7142,7198
6bba_12665c0e,7143,7199
6bba_12665c0e,7144,7200
6bba_12665c0e,7145,7201
6bba_12665c0e,7146,7202
6bba_12665c0e,7147,7203
6bba_12665c0e,7148,7204
6bba_12665c0e,7149,7205
6bba_12665c0e,7150,7206
6bba_12665c0e,7151,7207
6bba_12665c0e,7152,7209
6bba_12665c0e,7153,7232
6bba_12665c0e,7154,7208
6bba_12665c0e,7155,7212
6bba_12665c0e,7156,7211
6bba_12665c0e,7157,7213
6bba_12665c0e,7159,7210
6bba_12665c0e,7160,7219
6bba_12665c0e,7161,7223
6bba_12665c0e,7162,7214
6bba_12665c0e,7163,7220
6bba_12665c0e,7164,7221
6bba_12665c0e,7165,7218
6bba_12665c0e,7166,7216
6bba_12665c0e,7167,7224
6bba_12665c0e,7169,7222
6bba_12665c0e,7171,7225
6bba_12665c0e,7172,7229
6bba_12665c0e,7173,7233
6bba_12665c0e,7174,7230
6bba_12665c0e,7176,7226
6bba_12665c0e,7177,7240
6bba_12665c0e,7180,7241
6bba_12665c0e,7181,7246
6bba_12665c0e,7182,7239
6bba_12665c0e,7183,7236
6bba_12665c0e,7184,7257
6bba_12665c0e,7185,7217
6bba_12665c0e,7186,7237
6bba_12665c0e,7187,7235
6bba_12665c0e,7188,7245
6bba_12665c0e,7189,7242
6bba_12665c0e,7190,7248
6bba_12665c0e,7191,7244
6bba_12665c0e,7193,7249
6bba_12665c0e,7194,7254
6bba_12665c0e,7196,7247
6bba_12665c0e,7199,7253
6bba_12665c0e,7207,7260
6bba_12665c0e,7214,7285
6bba_12665c0e,7221,7275
6bba_12665c0e,7227,7281
6bba_12665c0e,7241,7307
6bba_12665c0e,7247,7311
6bba_12665c0e,7267,7324
6bba_12665c0e,7268,7323
6bba_12665c0e,7269,7322
6bba_12665c0e,7270,7325
6bba_12665c0e,7271,7326
6bba_12665c0e,7272,7328
6bba_12665c0e,7273,7327
6bba_12665c0e,7274,7339
6bba_12665c0e,7275,7332
6bba_12665c0e,7276,7331
6bba_12665c0e,7277,7330
6bba_12665c0e,7278,7335
6bba_12665c0e,7279,7334
6bba_12665c0e,7280,7333
6bba_12665c0e,7281,7329
6bba_12665c0e,7282,7343
6bba_12665c0e,7283,7337
6bba_12665c0e,7284,7340
6bba_12665c0e,7285,7342
6bba_12665c0e,7286,7344
6bba_12665c0e,7287,7341
6bba_12665c0e,7288,7364
6bba_12665c0e,7289,7336
6bba_12665c0e,7291,7345
6bba_12665c0e,7292,7351
6bba_12665c0e,7296,7346
6bba_12665c0e,7297,7350
6bba_12665c0e,7298,7355
6bba_12665c0e,7299,7352
6bba_12665c0e,7300,7349
6bba_12665c0e,7301,7362
6bba_12665c0e,7302,7354
6bba_12665c0e,7303,7358
6bba_12665c0e,7309,7361
6bba_12665c0e,7313,7369
6bba_12665c0e,7321,7381
6bba_12665c0e,7322,7384
6bba_12665c0e,7323,7391
6bba_12665c0e,7325,7385
6bba_12665c0e,7326,7387
6bba_12665c0e,7327,7386
6bba_12665c0e,7328,7389
6bba_12665c0e,7329,7390
6bba_12665c0e,7330,7398
6bba_12665c0e,7331,7388
6bba_12665c0e,7332,7393
6bba_12665c0e,7333,7395
6bba_12665c0e,7334,7399
6bba_12665c0e,7335,7396
6bba_12665c0e,7336,7394
6bba_12665c0e,7337,7397
6bba_12665c0e,7338,7383
6bba_12665c0e,7339,7402
6bba_12665c0e,7340,7403
6bba_12665c0e,7341,7400
6bba_12665c0e,7342,7401
6bba_12665c0e,7343,7404
6bba_12665c0e,7345,7406
6bba_12665c0e,7346,7410
6bba_12665c0e,7347,7411
6bba_12665c0e,7348,7408
6bba_12665c0e,7349,7416
6bba_12665c0e,7350,7405
6bba_12665c0e,7351,7418
6bba_12665c0e,7352,7415
6bba_12665c0e,7354,7417
6bba_12665c0e,7355,7409
6bba_12665c0e,7356,7414
6bba_12665c0e,7357,7413
6bba_12665c0e,7358,7421
6bba_12665c0e,7359,7427
6bba_12665c0e,7360,7424
6bba_12665c0e,7361,7423
6bba_12665c0e,7362,7437
6bba_12665c0e,7363,7428
6bba_12665c0e,7364,7420
6bba_12665c0e,7367,7425
6bba_12665c0e,7374,7439
6bba_12665c0e,7381,7440
6bba_12665c0e,7384,7446
6bba_12665c0e,7385,7447
6bba_12665c0e,7386,7453
6bba_12665c0e,7387,7445
6bba_12665c0e,7388,7448
6bba_12665c0e,7389,7450
6bba_12665c0e,7390,7449
6bba_12665c0e,7391,7451
6bba_12665c0e,7392,7443
6bba_12665c0e,7393,7454
6bba_12665c0e,7394,7457
6bba_12665c0e,7395,7461
6bba_12665c0e,7396,7455
6bba_12665c0e,7397,7460
6bba_12665c0e,7398,7456
6bba_12665c0e,7399,7467
6bba_12665c0e,7400,7463
6bba_12665c0e,7401,7464
6bba_12665c0e,7402,7459
6bba_12665c0e,7403,7468
6bba_12665c0e,7404,7462
6bba_12665c0e,7405,7465
6bba_12665c0e,7406,7466
6bba_12665c0e,7407,7472
6bba_12665c0e,7408,7476
6bba_12665c0e,7410,7473
6bba_12665c0e,7411,7474
6bba_12665c0e,7412,7493
6bba_12665c0e,7413,7469
6bba_12665c0e,7414,7480
6bba_12665c0e,7415,7458
6bba_12665c0e,7416,7475
6bba_12665c0e,7417,7479
6bba_12665c0e,7419,7477
6bba_12665c0e,7420,7481
6bba_12665c0e,7421,7483
6bba_12665c0e,7422,7452
6bba_12665c0e,7423,7482
6bba_12665c0e,7424,7484
6bba_12665c0e,7425,7488
6bba_12665c0e,7426,7485
6bba_12665c0e,7427,7487
6bba_12665c0e,7431,7490
6bba_12665c0e,7440,7497
6bba_12665c0e,7441,7494
6bba_12665c0e,7443,7500
6bba_12665c0e,7445,7501
6bba_12665c0e,7446,7502
6bba_12665c0e,7447,7503
6bba_12665c0e,7448,7508
6bba_12665c0e,7449,7507
6bba_12665c0e,7450,7505
6bba_12665c0e,7451,7506
6bba_12665c0e,7452,7535
6bba_12665c0e,7453,7510
6bba_12665c0e,7454,7511
6bba_12665c0e,7455,7512
6bba_12665c0e,7456,7515
6bba_12665c0e,7457,7513
6bba_12665c0e,7458,7509
6bba_12665c0e,7459,7519
6bba_12665c0e,7460,7520
6bba_12665c0e,7461,7514
6bba_12665c0e,7462,7518
6bba_12665c0e,7463,7516
6bba_12665c0e,7464,7521
6bba_12665c0e,7465,7523
6bba_12665c0e,7466,7522
6bba_12665c0e,7467,7528
6bba_12665c0e,7468,7524
6bba_12665c0e,7469,7526
6bba_12665c0e,7470,7534
6bba_12665c0e,7471,7540
6bba_12665c0e,7472,7529
6bba_12665c0e,7473,7530
6bba_12665c0e,7474,7525
6bba_12665c0e,7475,7531
6bba_12665c0e,7476,7532
6bba_12665c0e,7477,7517
6bba_12665c0e,7478,7527
6bba_12665c0e,7479,7533
6bba_12665c0e,7480,7538
6bba_12665c0e,7483,7536
6bba_12665c0e,7484,7539
6bba_12665c0e,7485,7542
6bba_12665c0e,7487,7541
6bba_12665c0e,7488,7543
6bba_12665c0e,7491,7544
6bba_12665c0e,7496,7552
6bba_12665c0e,7501,7553
6bba_12665c0e,7502,7554
6bba_12665c0e,7503,7556
6bba_12665c0e,7505,7555
6bba_12665c0e,7506,7564
6bba_12665c0e,7507,7557
6bba_12665c0e,7508,7559
6bba_12665c0e,7510,7560
6bba_12665c0e,7511,7561
6bba_12665c0e,7512,7565
6bba_12665c0e,7513,7568
6bba_12665c0e,7514,7570
6bba_12665c0e,7515,7572
6bba_12665c0e,7516,7569
6bba_12665c0e,7517,7567
6bba_12665c0e,7518,7558
6bba_12665c0e,7519,7574
6bba_12665c0e,7520,7576
6bba_12665c0e,7521,7581
6bba_12665c0e,7522,7582
6bba_12665c0e,7523,7571
6bba_12665c0e,7524,7577
6bba_12665c0e,7525,7562
6bba_12665c0e,7526,7575
6bba_12665c0e,7527,7579
6bba_12665c0e,7528,7583
6bba_12665c0e,7529,7566
6bba_12665c0e,7530,7584
6bba_12665c0e,7531,7587
6bba_12665c0e,7532,7588
6bba_12665c0e,7533,7589
6bba_12665c0e,7534,7591
6bba_12665c0e,7535,7585
6bba_12665c0e,7536,7592
6bba_12665c0e,7537,7578
6bba_12665c0e,7538,7590
6bba_12665c0e,7539,7593
6bba_12665c0e,7540,7586
6bba_12665c0e,7541,7594
6bba_12665c0e,7543,7595
6bba_12665c0e,7545,7597
6bba_12665c0e,7552,7605
6bba_12665c0e,7553,7608
6bba_12665c0e,7554,7624
6bba_12665c0e,7555,7611
6bba_12665c0e,7556,7609
6bba_12665c0e,7557,7612
6bba_12665c0e,7558,7607
6bba_12665c0e,7559,7613
6bba_12665c0e,7560,7610
6bba_12665c0e,7561,7616
6bba_12665c0e,7564,7614
6bba_12665c0e,7565,7615
6bba_12665c0e,7566,7627
6bba_12665c0e,7567,7618
6bba_12665c0e,7568,7620
6bba_12665c0e,7569,7621
6bba_12665c0e,7570,7617
6bba_12665c0e,7571,7626
6bba_12665c0e,7572,7623
6bba_12665c0e,7574,7622
6bba_12665c0e,7575,7631
6bba_12665c0e,7576,7635
6bba_12665c0e,7577,7629
6bba_12665c0e,7578,7633
6bba_12665c0e,7581,7619
6bba_12665c0e,7582,7632
6bba_12665c0e,7584,7637
6bba_12665c0e,7585,7634
6bba_12665c0e,7586,7630
6bba_12665c0e,7587,7638
6bba_12665c0e,7588,7639
6bba_12665c0e,7589,7643
6bba_12665c0e,7591,7642
6bba_12665c0e,7592,7641
6bba_12665c0e,7593,7644
6bba_12665c0e,7594,7651
6bba_12665c0e,7595,7648
6bba_12665c0e,7597,7650
6bba_12665c0e,7607,7662
6bba_12665c0e,7608,7663
6bba_12665c0e,7609,7665
6bba_12665c0e,7610,7670
6bba_12665c0e,7611,7664
6bba_12665c0e,7612,7666
6bba_12665c0e,7613,7667
6bba_12665c0e,7615,7671
6bba_12665c0e,7616,7672
6bba_12665c0e,7617,7676
6bba_12665c0e,7618,7677
6bba_12665c0e,7619,7678
6bba_12665c0e,7620,7675
6bba_12665c0e,7621,7674
6bba_12665c0e,7622,7679
6bba_12665c0e,7623,7685
6bba_12665c0e,7624,7668
6bba_12665c0e,7626,7680
6bba_12665c0e,7627,7684
6bba_12665c0e,7628,7673
6bba_12665c0e,7629,7683
6bba_12665c0e,7630,7690
6bba_12665c0e,7631,7687
6bba_12665c0e,7632,7681
6bba_12665c0e,7633,7682
6bba_12665c0e,7634,7686
6bba_12665c0e,7635,7692
6bba_12665c0e,7636,7691
6bba_12665c0e,7637,7688
6bba_12665c0e,7638,7698
6bba_12665c0e,7639,7689
6bba_12665c0e,7641,7693
6bba_12665c0e,7642,7697
6bba_12665c0e,7643,7694
6bba_12665c0e,7644,7696
6bba_12665c0e,7647,7699
6bba_12665c0e,7650,7703
6bba_12665c0e,7651,7708
6bba_12665c0e,7653,7705
6bba_12665c0e,7662,7750
6bba_12665c0e,7664,7718
6bba_12665c0e,7665,7722
6bba_12665c0e,7667,7719
6bba_12665c0e,7671,7723
6bba_12665c0e,7672,7724
6bba_12665c0e,7674,7730
6bba_12665c0e,7676,7728
6bba_12665c0e,7679,7726
6bba_12665c0e,7680,7733
6bba_12665c0e,7681,7732
6bba_12665c0e,7683,7735
6bba_12665c0e,7684,7743
6bba_12665c0e,7688,7738
6bba_12665c0e,7689,7741
6bba_12665c0e,7690,7739
6bba_12665c0e,7691,7744
6bba_12665c0e,7693,7751
6bba_12665c0e,7694,7747
6bba_12665c0e,7699,7757
6bba_12665c0e,7717,7769
6bba_12665c0e,7718,7770
6bba_12665c0e,7719,7773
6bba_12665c0e,7720,7771
6bba_12665c0e,7722,7772
6bba_12665c0e,7723,7775
6bba_12665c0e,7724,7779
6bba_12665c0e,7725,7776
6bba_12665c0e,7726,7774
6bba_12665c0e,7727,7778
6bba_12665c0e,7728,7777
6bba_12665c0e,7729,7781
6bba_12665c0e,7730,7780
6bba_12665c0e,7731,7782
6bba_12665c0e,7732,7787
6bba_12665c0e,7733,7788
6bba_12665c0e,7735,7793
6bba_12665c0e,7736,7800
6bba_12665c0e,7737,7789
6bba_12665c0e,7738,7791
6bba_12665c0e,7739,7783
6bba_12665c0e,7740,7794
6bba_12665c0e,7741,7785
6bba_12665c0e,7742,7790
6bba_12665c0e,7743,7792
6bba_12665c0e,7744,7795
6bba_12665c0e,7745,7802
6bba_12665c0e,7746,7796
6bba_12665c0e,7747,7801
6bba_12665c0e,7748,7798
6bba_12665c0e,7749,7799
6bba_12665c0e,7750,7809
6bba_12665c0e,7751,7806
6bba_12665c0e,7752,7803
6bba_12665c0e,7755,7807
6bba_12665c0e,7757,7808
6bba_12665c0e,7758,7804
6bba_12665c0e,7759,7813
6bba_12665c0e,7760,7812
6bba_12665c0e,7762,7811
6bba_12665c0e,7763,7816
6bba_12665c0e,7766,7818
6bba_12665c0e,7767,7819
6bba_12665c0e,7769,7822
6bba_12665c0e,7770,7821
6bba_12665c0e,7771,7824
6bba_12665c0e,7772,7825
6bba_12665c0e,7773,7823
6bba_12665c0e,7774,7820
6bba_12665c0e,7775,7826
6bba_12665c0e,7776,7830
6bba_12665c0e,7777,7829
6bba_12665c0e,7778,7836
6bba_12665c0e,7779,7827
6bba_12665c0e,7780,7828
6bba_12665c0e,7781,7839
6bba_12665c0e,7782,7832
6bba_12665c0e,7783,7837
6bba_12665c0e,7784,7831
6bba_12665c0e,7785,7834
6bba_12665c0e,7786,7853
6bba_12665c0e,7787,7843
6bba_12665c0e,7788,7847
6bba_12665c0e,7789,7838
6bba_12665c0e,7790,7840
6bba_12665c0e,7791,7846
6bba_12665c0e,7792,7835
6bba_12665c0e,7793,7842
6bba_12665c0e,7794,7833
6bba_12665c0e,7795,7851
6bba_12665c0e,7796,7848
6bba_12665c0e,7797,7845
6bba_12665c0e,7798,7852
6bba_12665c0e,7799,7841
6bba_12665c0e,7800,7855
6bba_12665c0e,7801,7844
6bba_12665c0e,7802,7857
6bba_12665c0e,7803,7850
6bba_12665c0e,7804,7856
6bba_12665c0e,7805,7854
6bba_12665c0e,7806,7861
6bba_12665c0e,7807,7863
6bba_12665c0e,7808,7858
6bba_12665c0e,7809,7868
6bba_12665c0e,7810,7865
6bba_12665c0e,7812,7860
6bba_12665c0e,7813,7864
6bba_12665c0e,7814,7862
6bba_12665c0e,7820,7873
6bba_12665c0e,7821,7874
6bba_12665c0e,7822,7876
6bba_12665c0e,7823,7877
6bba_12665c0e,7824,7879
6bba_12665c0e,7825,7878
6bba_12665c0e,7826,7880
6bba_12665c0e,7827,7891
6bba_12665c0e,7828,7881
6bba_12665c0e,7829,7896
6bba_12665c0e,7830,7895
6bba_12665c0e,7832,7890
6bba_12665c0e,7833,7875
6bba_12665c0e,7834,7883
6bba_12665c0e,7835,7882
6bba_12665c0e,7836,7889
6bba_12665c0e,7837,7888
6bba_12665c0e,7838,7886
6bba_12665c0e,7839,7900
6bba_12665c0e,7840,7884
6bba_12665c0e,7841,7885
6bba_12665c0e,7842,7894
6bba_12665c0e,7843,7899
6bba_12665c0e,7844,7901
6bba_12665c0e,7845,7903
6bba_12665c0e,7846,7897
6bba_12665c0e,7847,7898
6bba_12665c0e,7848,7887
6bba_12665c0e,7849,7904
6bba_12665c0e,7850,7902
6bba_12665c0e,7851,7911
6bba_12665c0e,7852,7908
6bba_12665c0e,7854,7892
6bba_12665c0e,7855,7905
6bba_12665c0e,7856,7912
6bba_12665c0e,7857,7907
6bba_12665c0e,7858,7910
6bba_12665c0e,7860,7909
6bba_12665c0e,7861,7914
6bba_12665c0e,7864,7917
6bba_12665c0e,7870,7923
6bba_12665c0e,7873,7925
6bba_12665c0e,7874,7927
6bba_12665c0e,7875,7924
6bba_12665c0e,7876,7926
6bba_12665c0e,7877,7928
6bba_12665c0e,7878,7931
6bba_12665c0e,7879,7930
6bba_12665c0e,7880,7932
6bba_12665c0e,7881,7934
6bba_12665c0e,7882,7933
6bba_12665c0e,7883,7937
6bba_12665c0e,7884,7935
6bba_12665c0e,7885,7936
6bba_12665c0e,7886,7941
6bba_12665c0e,7887,7942
6bba_12665c0e,7888,7940
6bba_12665c0e,7889,7939
6bba_12665c0e,7890,7943
6bba_12665c0e,7891,7944
6bba_12665c0e,7892,7945
6bba_12665c0e,7893,7938
6bba_12665c0e,7894,7929
6bba_12665c0e,7895,7946
6bba_12665c0e,7896,7952
6bba_12665c0e,7897,7948
6bba_12665c0e,7898,7947
6bba_12665c0e,7899,7950
6bba_12665c0e,7900,7954
6bba_12665c0e,7901,7951
6bba_12665c0e,7902,7956
6bba_12665c0e,7904,7960
6bba_12665c0e,7905,7949
6bba_12665c0e,7907,7955
6bba_12665c0e,7909,7959
6bba_12665c0e,7910,7964
6bba_12665c0e,7911,7957
6bba_12665c0e,7912,7967
6bba_12665c0e,7917,7968
6bba_12665c0e,7926,7974
6bba_12665c0e,7927,7975
6bba_12665c0e,7928,7978
6bba_12665c0e,7930,7976
6bba_12665c0e,7931,7977
6bba_12665c0e,7932,7979
6bba_12665c0e,7933,7984
6bba_12665c0e,7934,7990
6bba_12665c0e,7935,7986
6bba_12665c0e,7937,7989
6bba_12665c0e,7938,7996
6bba_12665c0e,7939,7993
6bba_12665c0e,7940,7987
6bba_12665c0e,7941,7995
6bba_12665c0e,7942,7998
6bba_12665c0e,7943,7997
6bba_12665c0e,7944,7988
6bba_12665c0e,7945,7994
6bba_12665c0e,7946,7982
6bba_12665c0e,7947,8000
6bba_12665c0e,7948,7999
6bba_12665c0e,7949,7981
6bba_12665c0e,7950,8004
6bba_12665c0e,7951,8001
6bba_12665c0e,7952,7983
6bba_12665c0e,7953,8003
6bba_12665c0e,7954,8006
6bba_12665c0e,7955,8002
6bba_12665c0e,7956,8005
6bba_12665c0e,7957,7992
6bba_12665c0e,7958,8009
6bba_12665c0e,7959,8010
6bba_12665c0e,7963,8011
6bba_12665c0e,7964,8013
6bba_12665c0e,7967,8016
6bba_12665c0e,7968,8018
6bba_12665c0e,7972,8021
6bba_12665c0e,7974,8028
6bba_12665c0e,7975,8027
6bba_12665c0e,7976,8030
6bba_12665c0e,7977,8033
6bba_12665c0e,7978,8029
6bba_12665c0e,7979,8032
6bba_12665c0e,7981,8026
6bba_12665c0e,7982,8025
6bba_12665c0e,7983,8051
6bba_12665c0e,7984,8034
6bba_12665c0e,7986,8038
6bba_12665c0e,7987,8036
6bba_12665c0e,7988,8044
6bba_12665c0e,7989,8035
6bba_12665c0e,7990,8039
6bba_12665c0e,7992,8042
6bba_12665c0e,7993,8041
6bba_12665c0e,7994,8040
6bba_12665c0e,7995,8037
6bba_12665c0e,7997,8043
6bba_12665c0e,7998,8046
6bba_12665c0e,7999,8049
6bba_12665c0e,8000,8052
6bba_12665c0e,8001,8050
6bba_12665c0e,8002,8055
6bba_12665c0e,8003,8048
6bba_12665c0e,8004,8054
6bba_12665c0e,8005,8056
6bba_12665c0e,8006,8063
6bba_12665c0e,8008,8058
6bba_12665c0e,8009,8053
6bba_12665c0e,8010,8059
6bba_12665c0e,8011,8062
6bba_12665c0e,8012,8067
6bba_12665c0e,8013,8064
6bba_12665c0e,8014,8057
6bba_12665c0e,8015,8065
6bba_12665c0e,8016,8066
6bba_12665c0e,8018,8068
6bba_12665c0e,8025,8080
6bba_12665c0e,8026,8075
6bba_12665c0e,8027,8078
6bba_12665c0e,8028,8079
6bba_12665c0e,8029,8076
6bba_12665c0e,8030,8077
6bba_12665c0e,8032,8081
6bba_12665c0e,8033,8082
6bba_12665c0e,8034,8085
6bba_12665c0e,8035,8086
6bba_12665c0e,8036,8090
6bba_12665c0e,8037,8089
6bba_12665c0e,8038,8088
6bba_12665c0e,8039,8087
6bba_12665c0e,8040,8092
6bba_12665c0e,8041,8091
6bba_12665c0e,8042,8083
6bba_12665c0e,8043,8094
6bba_12665c0e,8044,8096
6bba_12665c0e,8045,8093
6bba_12665c0e,8046,8100
6bba_12665c0e,8047,8097
6bba_12665c0e,8048,8099
6bba_12665c0e,8049,8095
6bba_12665c0e,8050,8104
6bba_12665c0e,8052,8101
6bba_12665c0e,8053,8098
6bba_12665c0e,8054,8103
6bba_12665c0e,8055,8105
6bba_12665c0e,8056,8106
6bba_12665c0e,8058,8109
6bba_12665c0e,8059,8107
6bba_12665c0e,8061,8119
6bba_12665c0e,8062,8108
6bba_12665c0e,8063,8111
6bba_12665c0e,8064,8110
6bba_12665c0e,8065,8115
6bba_12665c0e,8066,8112
6bba_12665c0e,8067,8113
6bba_12665c0e,8068,8116
6bba_12665c0e,8069,8118
6bba_12665c0e,8075,8126
6bba_12665c0e,8076,8128
6bba_12665c0e,8077,8127
6bba_12665c0e,8078,8130
6bba_12665c0e,8079,8129
6bba_12665c0e,8081,8131
6bba_12665c0e,8082,8132
6bba_12665c0e,8083,8135
6bba_12665c0e,8084,8166
6bba_12665c0e,8085,8136
6bba_12665c0e,8086,8137
6bba_12665c0e,8087,8141
6bba_12665c0e,8088,8139
6bba_12665c0e,8089,8134
6bba_12665c0e,8090,8138
6bba_12665c0e,8091,8142
6bba_12665c0e,8092,8140
6bba_12665c0e,8093,8147
6bba_12665c0e,8094,8145
6bba_12665c0e,8095,8144
6bba_12665c0e,8096,8143
6bba_12665c0e,8097,8148
6bba_12665c0e,8098,8162
6bba_12665c0e,8099,8146
6bba_12665c0e,8100,8152
6bba_12665c0e,8101,8150
6bba_12665c0e,8102,8151
6bba_12665c0e,8103,8155
6bba_12665c0e,8104,8154
6bba_12665c0e,8105,8153
6bba_12665c0e,8106,8160
6bba_12665c0e,8107,8157
6bba_12665c0e,8108,8158
6bba_12665c0e,8109,8156
6bba_12665c0e,8110,8161
6bba_12665c0e,8111,8165
6bba_12665c0e,8112,8163
6bba_12665c0e,8113,8159
6bba_12665c0e,8114,8149
6bba_12665c0e,8115,8164
6bba_12665c0e,8116,8167
6bba_12665c0e,8117,8171
6bba_12665c0e,8118,8168
6bba_12665c0e,8119,8175
6bba_12665c0e,8122,8174
6bba_12665c0e,8126,8188
6bba_12665c0e,8127,8177
6bba_12665c0e,8128,8178
6bba_12665c0e,8129,8182
6bba_12665c0e,8130,8181
6bba_12665c0e,8131,8180
6bba_12665c0e,8132,8183
6bba_12665c0e,8134,8184
6bba_12665c0e,8135,8179
6bba_12665c0e,8136,8189
6bba_12665c0e,8137,8185
6bba_12665c0e,8138,8198
6bba_12665c0e,8139,8190
6bba_12665c0e,8140,8195
6bba_12665c0e,8141,8186
6bba_12665c0e,8142,8187
6bba_12665c0e,8143,8196
6bba_12665c0e,8144,8192
6bba_12665c0e,8145,8199
6bba_12665c0e,8146,8197
6bba_12665c0e,8147,8203
6bba_12665c0e,8148,8194
6bba_12665c0e,8150,8204
6bba_12665c0e,8151,8206
6bba_12665c0e,8152,8200
6bba_12665c0e,8153,8201
6bba_12665c0e,8154,8207
6bba_12665c0e,8155,8209
6bba_12665c0e,8156,8205
6bba_12665c0e,8157,8210
6bba_12665c0e,8158,8211
6bba_12665c0e,8159,8193
6bba_12665c0e,8160,8208
6bba_12665c0e,8161,8212
6bba_12665c0e,8162,8217
6bba_12665c0e,8163,8214
6bba_12665c0e,8164,8215
6bba_12665c0e,8165,8216
6bba_12665c0e,8167,8221
6bba_12665c0e,8168,8218
6bba_12665c0e,8186,8252
6bba_12665c0e,8200,8277
6bba_12665c0e,8211,8267
6bba_12665c0e,8217,8266
6bba_12665c0e,8225,8284
6bba_12665c0e,8237,8290
6bba_12665c0e,8238,8291
6bba_12665c0e,8239,8292
6bba_12665c0e,8240,8293
6bba_12665c0e,8241,8294
6bba_12665c0e,8242,8295
6bba_12665c0e,8243,8296
6bba_12665c0e,8244,8297
6bba_12665c0e,8245,8298
6bba_12665c0e,8246,8299
6bba_12665c0e,8247,8300
6bba_12665c0e,8248,8301
6bba_12665c0e,8249,8302
6bba_12665c0e,8250,8303
6bba_12665c0e,8251,8304
6bba_12665c0e,8252,8305
6bba_12665c0e,8253,8306
6bba_12665c0e,8254,8307
6bba_12665c0e,8255,8308
6bba_12665c0e,8256,8309
6bba_12665c0e,8257,8310
6bba_12665c0e,8258,8311
6bba_12665c0e,8259,8312
6bba_12665c0e,8260,8313
6bba_12665c0e,8261,8314
6bba_12665c0e,8262,8315
6bba_12665c0e,8263,8316
6bba_12665c0e,8264,8317
6bba_12665c0e,8265,8318
6bba_12665c0e,8266,8319
6bba_12665c0e,8267,8320
6bba_12665c0e,8268,8321
6bba_12665c0e,8269,8322
6bba_12665c0e,8270,8323
6bba_12665c0e,8271,8324
6bba_12665c0e,8272,8325
6bba_12665c0e,8273,8326
6bba_12665c0e,8274,8327
6bba_12665c0e,8275,8328
6bba_12665c0e,8276,8329
6bba_12665c0e,8277,8330
6bba_12665c0e,8278,8331
6bba_12665c0e,8279,8332
6bba_12665c0e,8280,8333
6bba_12665c0e,8281,8334
6bba_12665c0e,8282,8335
6bba_12665c0e,8283,8336
6bba_12665c0e,8284,8337
6bba_12665c0e,8285,8338
6bba_12665c0e,8286,8339
6bba_12665c0e,8288,8341
6bba_12665c0e,8289,8342
6bba_12665c0e,8290,8344
6bba_12665c0e,8291,8345
6bba_12665c0e,8292,8346
6bba_12665c0e,8293,8343
6bba_12665c0e,8294,8350
6bba_12665c0e,8297,8352
6bba_12665c0e,8298,8355
6bba_12665c0e,8300,8353
6bba_12665c0e,8301,8358
6bba_12665c0e,8302,8378
6bba_12665c0e,8306,8364
6bba_12665c0e,8307,8354
6bba_12665c0e,8308,8349
6bba_12665c0e,8309,8362
6bba_12665c0e,8311,8366
6bba_12665c0e,8312,8368
6bba_12665c0e,8314,8365
6bba_12665c0e,8316,8374
6bba_12665c0e,8317,8379
6bba_12665c0e,8319,8356
6bba_12665c0e,8320,8370
6bba_12665c0e,8321,8380
6bba_12665c0e,8322,8376
6bba_12665c0e,8323,8373
6bba_12665c0e,8325,8377
6bba_12665c0e,8326,8375
6bba_12665c0e,8327,8381
6bba_12665c0e,8331,8387
6bba_12665c0e,8334,8386
6bba_12665c0e,8336,8388
6bba_12665c0e,8337,8383
6bba_12665c0e,8343,8397
6bba_12665c0e,8344,8402
6bba_12665c0e,8345,8400
6bba_12665c0e,8346,8398
6bba_12665c0e,8347,8399
6bba_12665c0e,8348,8396
6bba_12665c0e,8349,8401
6bba_12665c0e,8351,8413
6bba_12665c0e,8352,8406
6bba_12665c0e,8353,8409
6bba_12665c0e,8354,8410
6bba_12665c0e,8355,8405
6bba_12665c0e,8356,8403
6bba_12665c0e,8357,8407
6bba_12665c0e,8358,8411
6bba_12665c0e,8359,8404
6bba_12665c0e,8360,8421
6bba_12665c0e,8361,8412
6bba_12665c0e,8362,8420
6bba_12665c0e,8363,8408
6bba_12665c0e,8364,8417
6bba_12665c0e,8365,8419
6bba_12665c0e,8366,8414
6bba_12665c0e,8367,8416
6bba_12665c0e,8368,8418
6bba_12665c0e,8370,8422
6bba_12665c0e,8371,8415
6bba_12665c0e,8373,8424
6bba_12665c0e,8374,8426
6bba_12665c0e,8375,8427
6bba_12665c0e,8376,8425
6bba_12665c0e,8377,8429
6bba_12665c0e,8379,8435
6bba_12665c0e,8380,8432
6bba_12665c0e,8381,8431
6bba_12665c0e,8382,8436
6bba_12665c0e,8383,8433
6bba_12665c0e,8384,8439
6bba_12665c0e,8386,8442
6bba_12665c0e,8387,8443
6bba_12665c0e,8388,8445
6bba_12665c0e,8391,8448
6bba_12665c0e,8396,8453
6bba_12665c0e,8397,8454
6bba_12665c0e,8398,8456
6bba_12665c0e,8399,8457
6bba_12665c0e,8400,8452
6bba_12665c0e,8401,8455
6bba_12665c0e,8402,8459
6bba_12665c0e,8403,8483
6bba_12665c0e,8404,8458
6bba_12665c0e,8405,8460
6bba_12665c0e,8406,8464
6bba_12665c0e,8407,8473
6bba_12665c0e,8408,8461
6bba_12665c0e,8409,8475
6bba_12665c0e,8410,8474
6bba_12665c0e,8411,8481
6bba_12665c0e,8412,8465
6bba_12665c0e,8414,8470
6bba_12665c0e,8415,8463
6bba_12665c0e,8416,8462
6bba_12665c0e,8417,8466
6bba_12665c0e,8418,8471
6bba_12665c0e,8419,8472
6bba_12665c0e,8420,8468
6bba_12665c0e,8421,8479
6bba_12665c0e,8422,8478
6bba_12665c0e,8423,8477
6bba_12665c0e,8424,8476
6bba_12665c0e,8425,8484
6bba_12665c0e,8426,8486
6bba_12665c0e,8429,8490
6bba_12665c0e,8431,8488
6bba_12665c0e,8433,8496
6bba_12665c0e,8434,8489
6bba_12665c0e,8435,8498
6bba_12665c0e,8436,8487
6bba_12665c0e,8437,8497
6bba_12665c0e,8439,8495
6bba_12665c0e,8442,8500
6bba_12665c0e,8448,8501
6bba_12665c0e,8452,8508
6bba_12665c0e,8453,8507
6bba_12665c0e,8454,8515
6bba_12665c0e,8455,8509
6bba_12665c0e,8456,8517
6bba_12665c0e,8457,8511
6bba_12665c0e,8458,8514
6bba_12665c0e,8460,8516
6bba_12665c0e,8461,8518
6bba_12665c0e,8462,8525
6bba_12665c0e,8463,8533
6bba_12665c0e,8464,8512
6bba_12665c0e,8465,8519
6bba_12665c0e,8466,8521
6bba_12665c0e,8467,8513
6bba_12665c0e,8468,8526
6bba_12665c0e,8470,8528
6bba_12665c0e,8471,8527
6bba_12665c0e,8472,8534
6bba_12665c0e,8473,8524
6bba_12665c0e,8474,8522
6bba_12665c0e,8475,8540
6bba_12665c0e,8476,8530
6bba_12665c0e,8477,8538
6bba_12665c0e,8478,8532
6bba_12665c0e,8479,8523
6bba_12665c0e,8480,8531
6bba_12665c0e,8481,8539
6bba_12665c0e,8482,8535
6bba_12665c0e,8483,8529
6bba_12665c0e,8484,8541
6bba_12665c0e,8485,8536
6bba_12665c0e,8486,8542
6bba_12665c0e,8487,8546
6bba_12665c0e,8488,8544
6bba_12665c0e,8489,8547
6bba_12665c0e,8490,8545
6bba_12665c0e,8494,8537
6bba_12665c0e,8495,8550
6bba_12665c0e,8496,8552
6bba_12665c0e,8497,8553
6bba_12665c0e,8499,8549
6bba_12665c0e,8500,8551
6bba_12665c0e,8502,8555
6bba_12665c0e,8503,8556
6bba_12665c0e,8504,8557
6bba_12665c0e,8506,8561
6bba_12665c0e,8508,8563
6bba_12665c0e,8509,8564
6bba_12665c0e,8510,8565
6bba_12665c0e,8511,8566
6bba_12665c0e,8512,8571
6bba_12665c0e,8513,8567
6bba_12665c0e,8514,8569
6bba_12665c0e,8515,8568
6bba_12665c0e,8516,8572
6bba_12665c0e,8517,8588
6bba_12665c0e,8518,8570
6bba_12665c0e,8519,8576
6bba_12665c0e,8520,8582
6bba_12665c0e,8521,8579
6bba_12665c0e,8522,8578
6bba_12665c0e,8523,8575
6bba_12665c0e,8524,8577
6bba_12665c0e,8525,8573
6bba_12665c0e,8526,8581
6bba_12665c0e,8527,8585
6bba_12665c0e,8528,8580
6bba_12665c0e,8529,8584
6bba_12665c0e,8530,8593
6bba_12665c0e,8531,8587
6bba_12665c0e,8532,8583
6bba_12665c0e,8533,8598
6bba_12665c0e,8534,8589
6bba_12665c0e,8535,8586
6bba_12665c0e,8536,8591
6bba_12665c0e,8537,8574
6bba_12665c0e,8538,8596
6bba_12665c0e,8539,8594
6bba_12665c0e,8540,8592
6bba_12665c0e,8541,8599
6bba_12665c0e,8542,8595
6bba_12665c0e,8543,8590
6bba_12665c0e,8544,8601
6bba_12665c0e,8546,8602
6bba_12665c0e,8547,8604
6bba_12665c0e,8548,8603
6bba_12665c0e,8549,8605
6bba_12665c0e,8550,8606
6bba_12665c0e,8551,8600
6bba_12665c0e,8552,8607
6bba_12665c0e,8553,8608
6bba_12665c0e,8554,8611
6bba_12665c0e,8555,8613
6bba_12665c0e,8556,8610
6bba_12665c0e,8563,8617
6bba_12665c0e,8564,8619
6bba_12665c0e,8565,8616
6bba_12665c0e,8566,8621
6bba_12665c0e,8567,8622
6bba_12665c0e,8568,8618
6bba_12665c0e,8569,8626
6bba_12665c0e,8570,8628
6bba_12665c0e,8571,8627
6bba_12665c0e,8572,8629
6bba_12665c0e,8573,8630
6bba_12665c0e,8574,8634
6bba_12665c0e,8575,8620
6bba_12665c0e,8576,8631
6bba_12665c0e,8577,8623
6bba_12665c0e,8578,8625
6bba_12665c0e,8579,8633
6bba_12665c0e,8580,8637
6bba_12665c0e,8581,8635
6bba_12665c0e,8582,8650
6bba_12665c0e,8583,8638
6bba_12665c0e,8584,8642
6bba_12665c0e,8585,8632
6bba_12665c0e,8586,8639
6bba_12665c0e,8587,8644
6bba_12665c0e,8588,8651
6bba_12665c0e,8589,8647
6bba_12665c0e,8590,8636
6bba_12665c0e,8591,8640
6bba_12665c0e,8592,8657
6bba_12665c0e,8593,8645
6bba_12665c0e,8594,8646
6bba_12665c0e,8595,8643
6bba_12665c0e,8596,8648
6bba_12665c0e,8597,8649
6bba_12665c0e,8598,8654
6bba_12665c0e,8599,8641
6bba_12665c0e,8600,8653
6bba_12665c0e,8601,8655
6bba_12665c0e,8602,8652
6bba_12665c0e,8603,8656
6bba_12665c0e,8604,8659
6bba_12665c0e,8605,8658
6bba_12665c0e,8606,8660
6bba_12665c0e,8607,8662
6bba_12665c0e,8609,8664
6bba_12665c0e,8610,8665
6bba_12665c0e,8613,8670
6bba_12665c0e,8616,8672
6bba_12665c0e,8617,8674
6bba_12665c0e,8619,8673
6bba_12665c0e,8620,8686
6bba_12665c0e,8621,8675
6bba_12665c0e,8622,8688
6bba_12665c0e,8623,8689
6bba_12665c0e,8625,8683
6bba_12665c0e,8626,8678
6bba_12665c0e,8627,8687
6bba_12665c0e,8628,8681
6bba_12665c0e,8629,8676
6bba_12665c0e,8630,8677
6bba_12665c0e,8631,8684
6bba_12665c0e,8632,8682
6bba_12665c0e,8633,8679
6bba_12665c0e,8634,8706
6bba_12665c0e,8635,8685
6bba_12665c0e,8636,8692
6bba_12665c0e,8637,8693
6bba_12665c0e,8638,8691
6bba_12665c0e,8639,8690
6bba_12665c0e,8640,8695
6bba_12665c0e,8641,8705
6bba_12665c0e,8642,8715
6bba_12665c0e,8643,8703
6bba_12665c0e,8644,8697
6bba_12665c0e,8645,8698
6bba_12665c0e,8646,8704
6bba_12665c0e,8647,8700
6bba_12665c0e,8648,8701
6bba_12665c0e,8649,8696
6bba_12665c0e,8650,8708
6bba_12665c0e,8651,8694
6bba_12665c0e,8652,8710
6bba_12665c0e,8655,8707
6bba_12665c0e,8656,8719
6bba_12665c0e,8657,8680
6bba_12665c0e,8658,8711
6bba_12665c0e,8659,8712
6bba_12665c0e,8660,8717
6bba_12665c0e,8661,8713
6bba_12665c0e,8662,8721
6bba_12665c0e,8663,8720
6bba_12665c0e,8664,8718
6bba_12665c0e,8665,8722
6bba_12665c0e,8673,8724
6bba_12665c0e,8674,8725
6bba_12665c0e,8675,8727
6bba_12665c0e,8676,8734
6bba_12665c0e,8677,8729
6bba_12665c0e,8678,8730
6bba_12665c0e,8679,8728
6bba_12665c0e,8680,8758
6bba_12665c0e,8681,8735
6bba_12665c0e,8682,8732
6bba_12665c0e,8683,8733
6bba_12665c0e,8684,8740
6bba_12665c0e,8685,8739
6bba_12665c0e,8687,8745
6bba_12665c0e,8689,8742
6bba_12665c0e,8690,8743
6bba_12665c0e,8691,8738
6bba_12665c0e,8692,8748
6bba_12665c0e,8693,8736
6bba_12665c0e,8694,8749
6bba_12665c0e,8695,8731
6bba_12665c0e,8696,8747
6bba_12665c0e,8697,8737
6bba_12665c0e,8698,8746
6bba_12665c0e,8699,8753
6bba_12665c0e,8700,8744
6bba_12665c0e,8701,8750
6bba_12665c0e,8702,8764
6bba_12665c0e,8703,8761
6bba_12665c0e,8704,8754
6bba_12665c0e,8705,8763
6bba_12665c0e,8706,8770
6bba_12665c0e,8707,8757
6bba_12665c0e,8708,8752
6bba_12665c0e,8709,8755
6bba_12665c0e,8710,8759
6bba_12665c0e,8711,8768
6bba_12665c0e,8712,8766
6bba_12665c0e,8713,8765
6bba_12665c0e,8714,8772
6bba_12665c0e,8715,8756
6bba_12665c0e,8717,8767
6bba_12665c0e,8719,8776
6bba_12665c0e,8721,8774
6bba_12665c0e,8722,8775
6bba_12665c0e,8724,8783
6bba_12665c0e,8725,8784
6bba_12665c0e,8726,8785
6bba_12665c0e,8727,8786
6bba_12665c0e,8728,8787
6bba_12665c0e,8729,8788
6bba_12665c0e,8730,8789
6bba_12665c0e,8731,8790
6bba_12665c0e,8732,8791
6bba_12665c0e,8733,8792
6bba_12665c0e,8734,8793
6bba_12665c0e,8735,8794
6bba_12665c0e,8736,8795
6bba_12665c0e,8737,8796
6bba_12665c0e,8738,8797
6bba_12665c0e,8739,8798
6bba_12665c0e,8740,8799
6bba_12665c0e,8741,8800
6bba_12665c0e,8742,8801
6bba_12665c0e,8743,8802
6bba_12665c0e,8744,8803
6bba_12665c0e,8745,8804
6bba_12665c0e,8746,8805
6bba_12665c0e,8747,8806
6bba_12665c0e,8748,8807
6bba_12665c0e,8749,8808
6bba_12665c0e,8750,8809
6bba_12665c0e,8751,8810
6bba_12665c0e,8752,8811
6bba_12665c0e,8753,8812
6bba_12665c0e,8754,8813
6bba_12665c0e,8755,8814
6bba_12665c0e,8756,8815
6bba_12665c0e,8757,8816
6bba_12665c0e,8758,8817
6bba_12665c0e,8759,8818
6bba_12665c0e,8760,8819
6bba_12665c0e,8761,8820
6bba_12665c0e,8762,8821
6bba_12665c0e,8763,8822
6bba_12665c0e,8764,8823
6bba_12665c0e,8765,8824
6bba_12665c0e,8766,8825
6bba_12665c0e,8767,8826
6bba_12665c0e,8768,8827
6bba_12665c0e,8769,8828
6bba_12665c0e,8770,8829
6bba_12665c0e,8771,8830
6bba_12665c0e,8772,8831
6bba_12665c0e,8773,8832
6bba_12665c0e,8774,8833
6bba_12665c0e,8775,8834
6bba_12665c0e,8776,8835
6bba_12665c0e,8777,8836
6bba_12665c0e,8779,8838
6bba_12665c0e,8781,8840
6bba_12665c0e,8782,8841
