tree
version=v4
num_class=1
num_tree_per_iteration=1
label_index=0
max_feature_idx=84
objective=binary sigmoid:1
feature_names=pos_z pos_z_norm dist_z_boundary dist_xy_boundary dist_3d_boundary radial_dist_xy_um radial_dist_3d_um is_shallow_z is_deep_z optical_path_um norm_volume_depth solution_flag has_incident_edge max_incident_edge_prob mean_incident_edge_prob degree_in degree_out degree_total is_isolated track_len_est min_incident_edge_dist mean_incident_edge_dist division_source_flag division_target_flag intensity_center intensity_mean_r1 intensity_std_r1 intensity_mean_r3 intensity_std_r3 intensity_max_r3 intensity_min_r3 intensity_dynamic_range intensity_bg_shell_mean intensity_bg_shell_std snr_local contrast_weber contrast_michelson grad_mag_3d hessian_trace hessian_det hessian_eig1 hessian_eig2 hessian_eig3 log_response blobness elongation flatness sphericity peak_prominence peak_drop_ratio moment_ratio_xy_z moment_ratio_x_y conn_vol_ratio_90 conn_vol_ratio_75 dist_knn_1_um dist_knn_2_um dist_knn_3_um dist_knn_5_um mean_dist_k5_um count_radius_5um count_radius_10um density_ratio_5_10 is_doublet voronoi_vol_est knn1_dz_um knn1_dxy_um knn1_angle_z knn1_intensity_diff time_idx time_norm dist_prev_min_um dist_next_min_um bidirectional_min_disp_um bidirectional_disp_ratio is_birth_frame is_death_frame temporal_disp_consistency intensity_diff_prev_voxel intensity_diff_next_voxel temporal_contrast_ratio global_candidates_frame global_candidates_dataset global_intensity_median global_intensity_std stage_density_proxy
feature_infos=[0:63] [0:1] [0:31] [0:127] [0:31] [0:73.539108276367188] [0:90.066642761230469] [0:1] [0:1] [0:102.375] [0:1] none none [0.48005291819572449:0.99988222122192383] [0.48005291819572449:0.9998544454574585] [0:1] [0:1] [1:2] none [2:3] [0:17.058721542358398] [0:17.058721542358398] none none [38:5318] [37.814815521240234:4624.037109375] [5.2832140922546387:910.580322265625] [36.504001617431641:3927.19189453125] [4.9673862457275391:1126.7188720703125] [51:5665] [24:3195] [23:3649] [34.781341552734375:3412.548095703125] [5.4517703056335449:1115.4937744140625] [-1.9765682451018978:3.8340310083042839] [-0.38179853372470468:1.4921690423501162] [0.033853594196526712:0.84318766066838047] [1.1180340051651001:1212.6435546875] [-1737.75:378.75] [-142620336:10147410] [-1082.75:338.5] [-631.5:182.25] [-343.75:152.75] [-378.75:1737.75] [0:0.99999809750659208] [1.0178106689684441e-06:1] [0:1.9545383471332831] [0:0.99998620708679886] [-184.74072265625:729.629638671875] [0.99435028248587576:7.4315476190476186] [0:825000] [0:1165000] [0.35720300276301581:0.99999997957099118] [0.39601898743668507:0.98329958790456062] [2.8145825622994254:42.685257993832018] [4.5961940777125587:49.23508657451513] [5.3895152843275245:57.175989278717338] [6.8942911165688381:67.510878752983217] [6.3971071725753506:49.40340037461111] [0:2] [0:5] [0.16666666666666666:1] [0:1] [11.674562118816137:40722.30518897967] [0:39] [0:42.654315948486328] [0:1.5707936612681506] [0:3174] [0:99] [0:1] [0:999] [0:999] [0:11.718041645257966] [0:0.99999989989990989] [0:1] [0:1] [0:999] [0:3854] [0:3686] [0.2546075085324232:3695] [51:799] [6258:70800] [41:1940] [112.513916015625:859.44134521484375] [62.579999999999998:708]
tree_sizes=3349 3394 3408 3409 3409 3421 3432 3437 3423 3445 3446 3434 3439 3439 3425 3427 3452 3438 3431 3427 3443 3452 3447 3432 3430 3456 3431 3435 3440 3413 3427 3425 3455 3443 3440 3443 3427 3443 3432 3463 3438 3463 3441 3441 3458 3459 3457 3434 3457 3442 3451 3439 3448 3470 3470 3447 3487 3443 3472 3449 3467 3448 3460 3479 3487 3435 3467 3422 3480 3470 3441 3448 3445 3472 3459 3481 3478 3473 3443 3470 3478 3426 3434 3444 3483 3472 3441 3469 3477 3440 3454 3472 3478 3453 3487 3467 3465 3491 3475 3470 3487 3481 3452 3464 3443 3475 3386 3444 3455 3499 3487 3451 3465 3455 3487 3480 3477 3470 3454 3476 3472 3474 3451 3485 3479 3458 3497 3513 3449 3502 3466 3466 3439 3468 3460 3431 3464 3458 3459 3463 3462 3466 3450 3438 3460 3466 3458 3482 3454 3465

Tree=0
num_leaves=31
num_cat=0
split_feature=80 36 80 30 1 2 6 35 32 3 6 1 5 13 56 5 13 13 1 36 56 3 68 6 5 1 5 36 6 83
split_gain=77735.3 58427.9 8286.77 8213.74 7685.2 6019.1 5272.17 4367.85 3861.53 3805.93 5202.83 3599.83 3113.49 3029.99 2814.77 2434.2 1408.64 1154.96 1099.32 1222.3 1154.96 1017.96 1146.91 1092.86 728.517 694.021 953.264 651.025 589.388 1092.77
threshold=89.500000000000014 0.19712734591574985 439.50000000000006 420.50000000000006 0.5158730447292329 6.5000000000000009 50.597290039062507 0.20221128502296815 561.44607543945324 111.50000000000001 22.923373222351078 0.43650794029235845 47.902988433837898 0.99591660499572765 21.40438007194405 31.467877388000492 0.98175108432769786 0.97621044516563427 0.6428571641445161 0.10124353533444444 8.8256921855262611 95.500000000000014 37.500000000000007 21.496642112731937 16.168339729309086 0.38888889551162725 37.463172912597663 0.49660706892081713 10.46814012527466 838.81259155273449
decision_type=2 2 2 2 2 2 2 2 2 2 2 2 2 2 2 2 2 2 2 2 2 2 2 2 2 2 2 2 2 2
left_child=1 8 28 16 21 7 9 15 -1 12 -11 14 -6 -9 -7 -5 -3 -13 20 -20 -8 25 -23 -24 27 -4 -27 -18 29 -2
right_child=2 3 4 5 6 11 18 13 -10 10 -12 17 -14 -15 -16 -17 24 -19 19 -21 -22 22 23 -25 -26 26 -28 -29 -30 -31
leaf_value=-3.776675029710542 -3.8554550575831441 -3.9541082839883503 -4.0369203266612832 -3.3683223728866856 -3.6820832823542489 -3.2562724841976358 -3.0763856487714247 -3.7732259142312969 -1.2599423667064253 -3.9753181895324796 -2.1248678301059289 -3.9942955722250191 -2.9171893031491161 -1.2755624573298254 -1.9080208840976947 -1.5006350420136889 -1.2007943847822555 -3.1972617384841753 -3.1143876077145207 -3.9886078323132201 -3.7995008600460598 -4.0939936530427428 -3.9414050701385275 -3.408695956652549 -3.6376436736541296 -4.0520384676948042 -3.8204359978572566 -3.1717863998273583 -4.0667309545488051 -2.0932728164307748
leaf_weight=1.5757033508270968 7.3363392613828164 48.253797302022576 402.99036851711571 2.0670517012476948 364.15690425224602 13.130861205980183 6.3875286038964978 6.2350412160158148 46.576434733346105 6.3197564594447604 9.521992174908517 17.552996495738629 13.80858303979039 1.5079311355948446 5.4895470812916747 11.182410687208174 0.86409536935388975 6.133382908999919 4.0832742545753709 192.15109387040138 40.748027520254254 19.823364783078432 16.383926259353757 23.347518403083086 1.6434755362570284 77.463610051199794 104.18279470317066 0.81326624192297459 806.96343392878771 0.99963974766433228
leaf_count=85 405 2740 23417 98 19093 599 273 336 637 361 262 1008 555 21 132 196 11 274 177 11017 2213 1170 927 1122 85 4520 5693 36 47276 27
internal_value=-3.85602 -2.80432 -3.93779 -3.41716 -3.8585 -3.03553 -3.73538 -2.34336 -1.3423 -3.62232 -2.86307 -3.37898 -3.65414 -3.28681 -2.85879 -1.79201 -3.88556 -3.78791 -3.91834 -3.97042 -3.70151 -3.98029 -3.78336 -3.62837 -2.88948 -4.00035 -3.9192 -2.15643 -4.06241 -3.64414
internal_weight=2259.69 163.026 2096.67 114.874 1281.37 63.2992 637.177 20.9924 48.1521 393.807 15.8417 42.3068 377.965 7.74297 18.6204 13.2495 51.5746 23.6864 243.37 196.234 47.1356 644.192 59.5548 39.7314 3.32084 584.637 181.646 1.67736 815.299 8.33598
internal_count=124766 6258 118508 5536 70800 2664 33951 651 722 20271 623 2013 19648 357 731 294 2872 1282 13680 11194 2486 36849 3219 2049 132 33630 10213 47 47708 432
is_linear=0
shrinkage=1


Tree=1
num_leaves=31
num_cat=0
split_feature=81 81 0 4 32 68 36 6 32 29 6 68 0 33 6 32 0 3 33 33 14 49 48 33 4 4 6 3 27 35
split_gain=3810.26 5315.78 3455.43 2184.14 2894.52 2059.07 1631.87 921.877 886.861 839.968 682.088 757.55 533.272 480.503 415.331 1461.35 1441.43 342.908 574.638 741.03 191.965 141.003 125.209 143.66 324.774 528.559 187.898 150.553 725.793 274.236
threshold=14011.000000000002 48372.000000000007 32.500000000000007 16.500000000000004 1232.7244873046877 45.500000000000007 0.1469279265349944 42.234369277954109 1014.4416809082032 584.50000000000011 58.714017868041999 25.500000000000004 44.500000000000007 129.99134826660159 80.030220031738295 2217.282836914063 3.5000000000000004 101.50000000000001 387.16291809082037 446.96392822265631 0.96959754824638378 1.195565428289586 136.59255981445315 218.60552215576175 9.5000000000000018 23.500000000000004 69.931659698486342 19.500000000000004 573.37600708007824 0.15785066076870019
decision_type=2 2 2 2 2 2 2 2 2 2 2 2 2 2 2 2 2 2 2 2 2 2 2 2 2 2 2 2 2 2
left_child=9 14 10 7 5 -5 -6 8 -4 -1 11 20 -9 -13 17 -16 -17 -2 21 -20 -3 -19 23 27 26 -26 -25 28 -11 -29
right_child=1 2 3 4 6 -7 -8 12 -10 22 -12 13 -14 -15 15 16 -18 18 19 -21 -22 -23 -24 24 25 -27 -28 29 -30 -31
leaf_value=-0.050974878111649781 -0.032444723837179917 -0.040809625139739125 0.025450725467052168 0.20165972143279035 0.38158438759693486 0.55550524958256808 0.095620551851275173 0.18438475357678213 0.33469607601054085 0.90787734196241654 -0.042168258720362978 -0.00061281939681589396 0.047139197642360728 0.1397186092676464 -0.022211985138852832 2.3783439740446926 -0.050856666039822279 0.11518429860411475 0.92768338227072233 -0.050922330672335737 0.16160724775794205 -0.051029567821147585 -0.052318006222939972 0.23516757902796673 0.45093843106119913 -0.053291624627466366 -0.054537191181762958 0.21826887377445889 0.2403422114345741 0.10980688081528243
leaf_weight=28.720350623130798 733.21980294585228 123.57686344534159 31.969707332551479 62.247958360239863 68.719107003882527 121.09263160079718 182.06600534543395 99.634657857939601 84.363259516656399 4.171465227380394 143.06742550618947 74.48841786198318 244.36687976866961 336.8515565302223 8.7276242524385435 1.4408032447099679 1.0599012374877927 25.430978503078222 4.3429041225463143 3.4882207065820694 12.939473161473869 25.607800094410777 4.0576094109565011 57.768105186522007 38.539364190772176 6.0074181035161009 6.1973878089338532 377.90147842466831 170.71966510079801 68.904803164303303
leaf_count=1538 44058 6972 979 2311 2351 3564 7179 3742 1741 154 8205 4050 12084 16930 523 31 64 1188 178 198 692 1468 144 546 423 193 205 1039 537 1479
internal_value=0.117013 0.0859418 0.139036 0.203913 0.284369 0.435367 0.173979 0.128037 0.249712 0.214287 0.0550478 0.0804349 0.0868902 0.114306 -0.0188424 0.28312 1.34875 -0.0231229 0.0929797 0.491783 -0.0216239 0.0317894 0.224662 0.226202 0.279286 0.38294 0.207099 0.216936 0.256264 0.201542
internal_weight=3151.69 2388.7 1585.38 894.46 434.126 183.341 250.785 460.335 116.333 762.988 690.924 547.856 344.002 411.34 803.318 11.2283 2.5007 792.09 58.8699 7.83112 136.516 51.0388 734.267 730.21 108.512 44.5468 63.9655 621.697 174.891 446.806
internal_count=124766 118508 70800 33951 15405 5875 9530 18546 2720 6258 36849 28644 15826 20980 47708 618 95 47090 3032 376 7664 2656 4720 4576 1367 616 751 3209 691 2518
is_linear=0
shrinkage=0.05


Tree=2
num_leaves=31
num_cat=0
split_feature=80 80 0 57 13 27 58 5 68 5 68 4 54 5 33 82 31 83 25 25 65 4 5 35 57 83 39 33 83 43
split_gain=2835.88 3895.3 2139.71 839.66 650.523 606.837 605.993 578.767 485.826 442.244 420.973 331.062 708.069 287.866 404.437 446.225 311.171 258.377 489.357 193.946 111.593 101.018 84.2048 194.413 76.9883 76.3683 129.204 72.5158 178.239 129.319
threshold=89.500000000000014 439.50000000000006 28.500000000000004 14.212869348009695 0.9909397065639497 460.70800781250006 8.8860861449770372 16.290523529052738 38.500000000000007 17.539423942565922 76.500000000000014 24.500000000000004 3.4418052317185794 15.155989646911623 377.20301818847662 196.00000000000003 1147.5000000000002 777.39840698242199 1604.388854980469 1704.8518676757815 1.0000000180025095e-35 1.0000000180025095e-35 12.845828056335451 0.15785066076870019 22.13221741714856 452.49664306640631 -1.0000000180025095e-35 205.33722686767581 120.17728805541994 161.37500000000003
decision_type=2 2 2 2 2 2 2 2 2 2 2 2 2 2 2 2 2 2 2 2 2 2 2 2 2 2 2 2 2 2
left_child=5 13 7 4 6 -1 -4 8 -3 -6 -10 19 -13 14 17 -16 -17 -2 -19 -9 24 -7 23 -23 -15 26 -5 29 -29 -24
right_child=1 2 3 25 9 21 -8 11 10 -11 -12 12 -14 20 15 16 -18 18 -20 -21 -22 22 27 -25 -26 -27 -28 28 -30 -31
leaf_value=-0.035983835758822545 -0.050881050326155308 -0.050915396583988873 0.23070967722017621 -0.051932583002354406 0.60416603857285578 -0.057315162837267966 0.13701353683788781 -0.044497099771311617 0.3080951237616727 0.22147074954085344 0.045733867863002937 2.0337422567609629 0.10572703023468383 -0.05082961454033727 -0.05134538964407518 0.60928407048019395 0.074755471291145431 0.51281961826219746 0.0065634847781884109 0.024685761521496381 -0.031842804395778947 0.17737717535282077 0.18776513313364357 -0.012925781926870628 0.30874622216977565 -0.051315373262916644 0.98562852488527286 0.043300595044125229 0.23913550617821386 0.023713786380041083
leaf_weight=32.048309490084648 53.377568671479821 21.992728503420949 212.16380378045142 0.79400318674743176 13.34271250665188 4.2543774340301743 924.70338720269501 155.44406599365175 45.17210198380053 17.385699866339564 23.112530332058668 0.479615718126296 66.974364753812551 2.3440282344818106 7.188518879935148 8.6955901235342008 3.963783584535121 6.6103989146649864 17.176640184596181 290.85261905938387 694.53610189631581 67.545222129672766 584.38057481683791 16.74847849458456 4.0791876055300236 52.202378369867802 0.48230274394154438 12.665510427206753 140.59191010519862 12.264868173748253
leaf_count=1651 3166 1278 6028 28 323 104 30539 8761 1316 511 782 4 3219 146 345 199 181 132 877 15654 42648 193 2155 338 14 2341 16 301 1261 255
internal_value=0.099347 0.0733958 0.113685 0.151762 0.160635 0.177546 0.154499 0.0367104 0.153467 0.387642 0.219293 0.0161937 0.119436 -0.0187521 0.0619722 0.263267 0.441918 0.010196 0.147252 0.000589537 -0.0299243 0.185708 0.186947 0.139566 0.177526 -0.0419728 0.340151 0.192273 0.222951 0.184393
internal_weight=3493.57 2623.07 1825.1 1221.07 1167.6 870.499 1136.87 604.028 90.2774 30.7284 68.2846 513.751 67.454 797.972 97.0125 19.8479 12.6594 77.1646 23.787 446.297 700.959 838.451 834.197 84.2937 6.42322 53.4787 1.27631 749.903 153.257 596.645
internal_count=124766 118508 70800 39786 37401 6258 36567 31014 3376 834 2098 27638 3223 47708 4900 725 380 4175 1009 24415 42808 4607 4503 531 160 2385 44 3972 1562 2410
is_linear=0
shrinkage=0.05


Tree=3
num_leaves=31
num_cat=0
split_feature=80 80 0 6 31 30 6 27 0 68 68 0 0 34 30 3 6 10 68 68 66 68 58 3 6 10 3 32 6 32
split_gain=2245.5 2975.4 1450.38 686.399 625.036 771.078 600.907 454.713 395.582 471.31 452.363 324.061 280.82 271.753 262.711 219.247 212.93 207.384 293.162 274.367 177.095 130.62 114.447 257.487 89.3276 106.413 98.4691 353.167 275.354 195.022
threshold=89.500000000000014 439.50000000000006 28.500000000000004 55.571672439575202 566.50000000000011 1521.5000000000002 51.038969039916999 460.70800781250006 13.500000000000002 46.500000000000007 65.500000000000014 40.500000000000007 37.500000000000007 0.9570232864470104 1005.5000000000001 101.50000000000001 78.967304229736342 0.49603174626827246 62.500000000000007 31.500000000000004 0.96675069075956765 49.500000000000007 10.300211984819038 73.500000000000014 72.62677383422853 0.94325396418571483 23.500000000000004 561.44607543945324 62.101793289184577 594.24053955078136
decision_type=2 2 2 2 2 2 2 2 2 2 2 2 2 2 2 2 2 2 2 2 2 2 2 2 2 2 2 2 2 2
left_child=7 15 6 4 5 -4 8 -1 9 -3 -10 12 -5 -13 -6 16 22 -17 19 -19 21 -18 23 -2 26 -26 27 28 -9 -28
right_child=1 2 3 11 14 -7 -8 24 10 -11 -12 13 -14 -15 -16 17 20 18 -20 -21 -22 -23 -24 -25 25 -27 29 -29 -30 -31
leaf_value=-0.035397807657301765 -0.033901794226586526 0.0088797938144956953 0.1506027312636038 0.069526667560941835 0.14992488118139902 0.31993769067881872 -0.027644689797944929 0.81651353632134915 0.084977929355872783 0.24196300355812658 -0.051163080220194557 0.087574803470431145 0.29973343360350402 -0.035045771621837196 0.063138414494548767 -0.042437787126920756 0.30291238559593614 -0.050945331625664683 -0.051337600073457584 0.30505172638496625 -0.051809916104392631 -0.053044260939781013 -0.040525261632318836 0.13926536096060244 -0.037849162618707057 0.16267886215205662 0.032373048143412547 0.17608037637312912 0.28140555705065717 0.15791114775087101
leaf_weight=30.977307710796595 73.958268237300217 33.319015391170979 683.75653970055282 37.134187027812004 126.99486974440515 74.55774873867631 246.92328500561416 3.7402048390358669 198.19137153867632 62.131172517314553 88.15759783051908 77.448288215324283 20.59441146813333 108.46310506202281 278.26988691091537 27.952911709435284 11.733128678053619 7.0870785275474217 14.750566164031623 22.902190113440156 9.4147885851562005 3.3026914503425351 583.61545540299267 30.245509339496493 12.415229000151159 14.163102099671958 32.592772554606199 247.06375632062554 6.7296788617968559 608.84424127265811
leaf_count=1651 4733 1699 16529 1263 2949 1597 13914 42 9272 1917 4212 3340 468 4946 8694 1472 107 408 749 403 537 158 37342 1799 281 61 717 665 121 2720
internal_value=0.0868375 0.0643893 0.0962745 0.124483 0.140462 0.167252 0.0331381 0.15304 0.0724485 0.1606 0.0430645 0.0481694 0.151652 0.0160364 0.0903341 -0.018311 -0.0267528 0.0644051 0.131159 0.220922 0.118244 0.224725 -0.0319071 0.0163606 0.159347 0.0690085 0.162018 0.188134 0.472565 0.151532
internal_weight=3777.43 2820.9 2035.94 1407.22 1163.58 758.314 628.722 956.526 381.799 95.4502 286.349 243.64 57.7286 185.911 405.265 784.963 712.27 72.6927 44.7398 29.9893 24.4506 15.0358 687.819 104.204 925.549 26.5783 898.971 257.534 10.4699 641.437
internal_count=124766 118508 70800 39786 29769 18126 31014 6258 17100 3616 13484 10017 1731 8286 11643 47708 44676 3032 1560 811 802 265 43874 6532 4607 342 4265 828 163 3437
is_linear=0
shrinkage=0.05


Tree=4
num_leaves=31
num_cat=0
split_feature=80 80 0 6 0 0 5 13 58 68 6 5 27 36 5 6 82 14 32 14 27 82 83 20 36 70 13 54 36 54
split_gain=1841.92 2338.78 1060.36 702.421 986.656 631.427 1164.56 692.534 565.168 436.844 495.179 561.365 354.77 316.544 224.737 191.694 230.746 182.746 475.786 177.164 273.09 176.221 132.487 119.456 79.4143 75.0083 73.5707 98.5726 140.111 69.3806
threshold=89.500000000000014 439.50000000000006 33.500000000000007 40.511087417602546 39.500000000000007 40.500000000000007 27.142676353454593 0.98997643589973461 8.9842209544802785 25.500000000000004 58.714017868041999 51.681627273559577 460.70800781250006 0.14784309452326674 15.155989646911623 78.967304229736342 157.50000000000003 0.96959754824638378 1915.1428833007815 0.91311123967170726 1292.8599853515627 196.00000000000003 830.44116210937511 3.0811388492584233 0.53932127408260833 10.593520618451764 0.8933033049106599 6.6000233208143504 0.1672562694554022 17.911855826464652
decision_type=2 2 2 2 2 2 2 2 2 2 2 2 2 2 2 2 2 2 2 2 2 2 2 2 2 2 2 2 2 2
left_child=12 14 9 5 8 7 -7 -4 -5 17 11 -11 -1 -6 19 -16 -17 23 -19 -2 -21 -22 -18 -3 26 -12 27 -14 -29 -26
right_child=1 2 3 4 13 6 -8 -9 -10 10 25 -13 24 -15 15 16 22 18 -20 20 21 -23 -24 -25 29 -27 -28 28 -30 -31
leaf_value=-0.034803440381924372 -0.021665950719357549 -0.042783444011522467 0.05248365519123363 0.28797021357702507 0.12148124572649005 0.13499850792182064 0.33111629319339114 0.28285891899738796 0.1140703038515891 0.062901406643522839 -0.045827974380549578 0.24407679342764346 0.1851682379104041 0.020970643577875946 -0.034265315886927931 0.98231269379533137 -0.051663997397524863 -0.051434754244834818 0.45600634481346874 -0.039044486379957243 -0.051146139489463276 0.23368846046280911 0.17745702944556976 0.5652953278649161 -0.016248974090544634 0.71168403513112222 0.14821084110347932 0.14092599047318477 0.043932326420545516 0.29029914567650733
leaf_weight=29.957093620672822 48.836298589594662 180.81593198981136 207.59241076558828 66.470379415899515 96.499833831563592 259.45447209849954 106.87575182877481 38.704044820740819 157.25714035890996 530.6876609120518 99.070476846769452 46.501397604122758 38.117310404777527 416.12173238769174 635.85519914980978 0.72585858963430183 11.120122885331513 13.991449670866134 6.8961319327354422 20.839325975626707 6.5354204941540948 32.108849490061402 14.583943675272165 0.811280382797121 13.150888418778775 0.32787276059389014 796.66489933710545 78.781602151691914 70.597638383507729 2.1471439059823743
leaf_count=1651 2527 9541 4868 720 2728 4266 1805 572 3227 20309 5985 1588 76 14379 42006 29 649 558 201 1276 357 740 124 36 343 17 3105 90 968 25
internal_value=0.0770333 0.0572232 0.083192 0.111037 0.0781275 0.150593 0.192215 0.0886858 0.165737 0.0404638 0.059747 0.0774979 0.13474 0.0398915 -0.017861 -0.028781 0.103161 -0.0239601 0.116099 0.0489057 0.106845 0.185518 0.0783344 -0.0400673 0.139822 -0.0433293 0.141579 0.113399 0.0950861 0.0267764
internal_weight=4028.1 2998.68 2228.08 1348.98 736.349 612.627 366.33 246.296 223.728 879.102 676.587 577.189 1029.42 512.622 770.605 662.285 26.4299 202.515 20.8876 108.32 59.4836 38.6443 25.7041 181.627 999.459 99.3983 984.161 187.497 149.379 15.298
internal_count=124766 118508 70800 32565 21054 11511 6071 5440 3947 38235 27899 21897 6258 17107 47708 42808 802 10336 759 4900 2373 1097 773 9577 4607 6002 4239 1134 1058 368
is_linear=0
shrinkage=0.05


Tree=5
num_leaves=31
num_cat=0
split_feature=80 80 1 3 5 36 6 68 6 68 5 5 29 5 6 33 28 83 24 14 13 6 68 3 83 36 70 20 1 6
split_gain=1573.97 1873.89 770.1 667.088 783.48 434.906 428.263 367.777 409.037 357.908 342.869 338.978 302.912 201.325 165.852 160.951 160.533 158.957 200.792 151.989 330.843 145.148 115.392 112.253 109.318 86.3685 78.3378 67.9136 61.0064 134.577
threshold=89.500000000000014 439.50000000000006 0.5317460596561433 39.500000000000007 43.814731597900398 0.12027456116456885 40.511087417602546 25.500000000000004 58.714017868041999 27.500000000000004 51.681627273559577 51.681627273559577 584.50000000000011 15.155989646911623 78.967304229736342 387.16291809082037 306.65167236328131 777.39840698242199 1784.5000000000002 0.96959754824638378 0.97275575995445263 48.273712158203132 2.5000000000000004 99.500000000000014 830.44116210937511 0.53932127408260833 11.885720533074421 3.0811388492584233 0.78571429848670971 40.118083953857429
decision_type=2 2 2 2 2 2 2 2 2 2 2 2 2 2 2 2 2 2 2 2 2 2 2 2 2 2 2 2 2 2
left_child=12 13 7 5 6 11 -5 19 10 -6 -9 -4 -1 15 28 17 23 -2 -19 27 -21 -7 -16 -17 -24 -14 -10 -3 -15 -30
right_child=1 2 3 4 9 21 -8 8 26 -11 -12 -13 25 14 22 16 -18 18 -20 20 -22 -23 24 -25 -26 -27 -28 -29 29 -31
leaf_value=-0.050854818116044788 -0.04601480960655624 -0.042391241146365 0.26341040127025034 0.12910806979065562 -0.052376628896892014 -0.0087520603249440984 0.045147753615867786 0.056243894037217683 -0.045581513760498904 0.36980439883730148 0.18356518385421222 -0.018522522694251902 0.12686334580022066 -0.043048685783638886 0.56736788904788993 0.49173612627747776 -0.02634157474885674 0.21926035799021923 -0.034895919362311227 0.84053943927184283 0.048431752689336284 0.053138126696010951 -0.051639341751665901 0.17069736737033406 0.15153573085087788 0.01556050593720963 0.74642346097089696 0.30903395998214078 0.21350059158136184 -0.016692108000426632
leaf_weight=25.063497707247734 51.534979118965566 173.54895226936787 39.404069321230054 682.51905965991318 5.7064614072442046 125.52018460258842 195.35239472426474 562.93585719354451 95.111895769834518 41.738507663831115 58.358543448150158 14.616253869608043 1044.7884189411998 454.30046173371375 1.2098507704213286 3.2196848299354377 9.6552236666902882 16.165461374446753 14.965398094616829 1.4004851523786808 22.446225685998797 386.25391432829201 11.206395080313088 17.644587017595768 16.178143432363868 17.725103218108416 0.31324469670653243 1.3857490997761477 6.6220868732780209 154.14901793282479
leaf_count=1538 3242 9541 540 11087 162 2786 5364 20309 5996 367 1588 364 4272 31076 19 84 389 252 757 22 737 11895 659 176 124 448 6 36 419 10511
internal_value=0.0690652 0.0512263 0.0728069 0.0949692 0.12112 0.0522009 0.110424 0.0367103 0.0533999 0.319026 0.0682033 0.187128 0.120954 -0.0173949 -0.0282087 0.0441014 0.14223 0.00787316 0.097081 -0.0234652 0.0949512 0.0379586 0.0895038 0.220239 0.0683917 0.125007 -0.0429817 -0.0396074 -0.0336811 -0.00721058
internal_weight=4251.04 3163.46 2406.61 1491.11 925.316 565.794 877.871 915.501 716.72 47.445 621.294 54.0203 1087.58 756.851 643.666 113.185 30.5195 82.6658 31.1309 198.781 23.8467 511.774 28.5944 20.8643 27.3845 1062.51 95.4251 174.935 615.072 160.771
internal_count=124766 118508 70800 32565 16980 15585 16451 38235 27899 529 21897 904 6258 47708 42808 4900 649 4251 1009 10336 759 14681 802 260 783 4720 6002 9577 42006 10930
is_linear=0
shrinkage=0.05


Tree=6
num_leaves=31
num_cat=0
split_feature=80 80 0 57 29 32 5 29 68 68 5 4 13 29 68 13 27 29 2 27 25 36 42 13 64 13 4 55 10 83
split_gain=1363.49 1532.12 591.391 381.531 309.158 410.907 290.777 251.26 243.556 212.687 180.861 178.601 389.211 170.186 132.583 129.595 147.725 135.739 77.3409 93.1357 310.247 70.96 59.0974 59.4605 74.2989 57.2935 51.5383 43.9879 42.33 42.2747
threshold=89.500000000000014 439.50000000000006 29.500000000000004 14.212869348009695 1030.5000000000002 735.35861206054699 16.290523529052738 584.50000000000011 38.500000000000007 87.500000000000014 15.155989646911623 23.500000000000004 0.88977378606796276 1873.5000000000002 94.500000000000014 0.91366487741470348 1292.8599853515627 2060.5000000000005 13.500000000000002 1381.675964355469 1660.2036743164065 0.53932127408260833 -41.124999999999993 0.8933033049106599 2.4375000000000004 0.89540341496467601 12.500000000000002 6.797168879098769 0.99206349253654491 452.49664306640631
decision_type=2 2 2 2 2 2 2 2 2 2 2 2 2 2 2 2 2 2 2 2 2 2 2 2 2 2 2 2 2 2
left_child=7 10 6 4 14 -6 8 -1 -3 -10 15 13 -13 -8 -4 27 -17 -18 19 28 -21 22 -9 24 -24 -25 -23 -2 -12 -5
right_child=1 2 3 29 5 -7 11 21 9 -11 18 12 -14 -15 -16 16 17 -19 -20 20 -22 26 23 25 -26 -27 -28 -29 -30 -31
leaf_value=-0.050812464211923897 0.40790598473608464 -0.051018402014116261 -0.01529763397359569 0.16927111891061802 1.2410568549681855 0.08853117930687876 -0.046072976307051761 0.041160235335113836 0.15377770989208245 -0.05206323158225809 -0.050737616425289324 0.22131533887231383 0.016882679528529964 0.018268770819643999 0.25072229656144723 -0.039077920271143457 0.15796324813543969 -0.017946716053520325 -0.045773183313296495 0.1440121989960613 -0.018948244458566542 -0.021128776913886059 0.13585318075051761 0.26790867829021592 0.071380032657094042 0.1212025614238505 0.2154739587207109 -0.044816170713014303 0.06343822048088496 -0.05166802943229587
leaf_weight=23.860506875440478 0.54466576967388292 23.691101316362619 93.752508921548724 2.2483580131083718 0.77371977083384891 1672.5121990796179 151.25936520844698 26.594079103320837 93.183179570361972 14.502327676862476 122.04502089321613 30.124353139661252 102.50683055166155 320.61070301011205 4.9301089085638514 20.879119359888136 45.327147367410362 14.466415630653499 303.12886556889862 35.939364525489509 155.90865652263165 15.24803068302572 66.176530383527279 6.7070103976875535 137.59660658426583 858.49450513534248 2.710780067369341 36.005118768662214 8.6962512647733075 58.457813696935773
leaf_count=1538 25 1320 2481 42 14 33539 8299 294 1764 422 8584 911 4031 15631 68 1361 855 602 21624 2377 9734 416 248 37 875 2818 32 2057 489 2278
internal_value=0.0624981 0.0462758 0.0645668 0.0797696 0.0839922 0.0890641 0.0267049 0.109729 0.0941246 0.126056 -0.0169613 0.0120525 0.0633152 -0.00235617 -0.00200748 0.0400354 0.0754219 0.115404 -0.0276391 -0.0105989 0.0115795 0.113169 0.114785 0.116617 0.0923181 0.12234 0.0145851 -0.0380697 -0.0431432 -0.0434852
internal_weight=4448.88 3311.49 2568.55 1832.67 1771.97 1673.29 735.878 1137.39 131.377 107.686 742.941 604.501 132.631 471.87 98.6826 117.222 80.6727 59.7936 625.718 322.589 191.848 1113.53 1095.57 1068.97 203.773 865.202 17.9588 36.5498 130.741 60.7062
internal_count=124766 118508 70800 38422 36102 33553 32378 6258 3506 2186 47708 28872 4942 23930 2549 4900 2818 1457 42808 21184 12111 4720 4272 3978 1123 2855 448 2082 9073 2320
is_linear=0
shrinkage=0.05


Tree=7
num_leaves=31
num_cat=0
split_feature=80 80 6 0 5 69 24 31 69 29 5 4 6 0 0 34 35 14 82 0 69 6 66 36 4 10 0 6 66 0
split_gain=1201.89 1269.79 536.424 329.336 439.376 538.512 266.134 362.45 227.196 212.086 163.965 154.151 147.399 123.513 183.681 188.487 173.277 113.312 145.13 105.083 96.5189 285.13 91.6097 80.676 217.863 133.68 206.352 166.945 70.2699 60.8025
threshold=89.500000000000014 439.50000000000006 55.571672439575202 33.500000000000007 51.681627273559577 0.580808080808081 978.50000000000011 566.50000000000011 0.76262626262626265 584.50000000000011 15.710248947143556 28.500000000000004 78.967304229736342 28.500000000000004 40.500000000000007 0.9570232864470104 0.14247104589418966 0.91311123967170726 196.00000000000003 39.500000000000007 0.81313131313131326 57.693220138549812 0.96675069075956765 0.24494642178715217 23.500000000000004 0.24001535773277285 27.500000000000004 54.419303894042976 1.5707885410448659 49.500000000000007
decision_type=2 2 2 2 2 2 2 2 2 2 2 2 2 2 2 2 2 2 2 2 2 2 2 2 2 2 2 2 2 2
left_child=9 10 3 4 8 -6 11 -8 -3 -1 17 -5 29 20 16 -16 -15 -2 -19 -20 28 -22 -14 -11 25 27 -27 -25 -4 -12
right_child=1 2 13 6 5 -7 7 -9 -10 23 12 -13 22 14 15 -17 -18 18 19 -21 21 -23 -24 24 -26 26 -28 -29 -30 -31
leaf_value=-0.050772242630071823 -0.022937161792565868 0.04702385801149727 -0.045360279658611571 -0.002740374120404768 0.021684827447159542 0.33848802919613841 0.10671902132477851 0.052083589709940627 -0.019059055107216678 0.11319616959258726 -0.042905663216424361 0.43573644857911398 0.13804737984772036 -0.013927190727405071 0.055523641869032483 -0.037018879379467982 0.14322019909153152 -0.051007771235811697 0.063070000746879032 0.20444867897146227 0.32918185884629403 -0.029660760755424773 -0.051747415383139664 -0.05544624933208897 -0.053422870398795758 0.17400147738208196 0.081895547871125074 0.084963730523101633 0.66714690940315158 -0.0065028620750841445
leaf_weight=22.714344227686524 49.780678668990731 573.71423014439642 135.53127844911069 103.85904920473695 26.807597242295742 26.848184863105416 887.73571446910501 461.29315185546875 168.19695807434618 751.24603835679591 417.14896879345179 2.0438843518495551 20.997175076976422 25.813805585727096 100.24488700740039 121.96849302202463 54.73812111094594 17.695497621782124 37.462326909415424 20.246727306395769 7.2296789325773743 23.626063611358404 9.119144535623489 28.380216740071774 26.382195126265287 94.079595474526286 171.95607184804976 83.324104538187385 0.34692919254302879 158.21290576644242
leaf_count=1538 2697 20256 8362 2241 705 451 12232 8768 5938 1046 30817 19 265 647 3340 4946 1084 1125 1007 376 279 1529 537 478 563 446 1617 570 3 10884
internal_value=0.0569262 0.0420392 0.0577594 0.0679013 0.042035 0.180206 0.0820451 0.0880367 0.0320424 0.100531 -0.0164815 0.00572205 -0.0272515 0.00914537 0.0281767 0.0047289 0.0928605 0.0356091 0.0742602 0.112671 -0.0254128 0.0544181 0.080578 0.103506 0.0854914 0.0951935 0.114467 0.0492904 -0.0435411 -0.0328956
internal_weight=4628.74 3450.66 2720 2250.5 795.567 53.6558 1454.93 1349.03 741.911 1178.08 730.663 105.903 605.478 469.499 302.765 222.213 80.5519 125.185 75.4046 57.7091 166.734 30.8557 30.1163 1155.37 404.122 377.74 266.036 111.704 135.878 575.362
internal_count=124766 118508 70800 50610 27350 1156 23260 21000 26194 6258 47708 2260 42503 20190 10017 8286 1731 5205 2508 1383 10173 1808 802 4720 3674 3111 2063 1048 8365 41701
is_linear=0
shrinkage=0.05


Tree=8
num_leaves=31
num_cat=0
split_feature=80 80 6 0 5 60 3 5 36 27 25 3 33 0 33 6 33 6 5 53 35 4 0 5 80 63 80 25 68 0
split_gain=1078.43 1062.33 431.482 255.656 304.189 352.473 242.281 399.683 301.881 196.826 185.945 157.759 306.09 908.577 976.728 148.627 145.748 113.678 384.376 125.958 86.506 181.712 201.569 108.737 77.166 69.744 67.7653 148.674 54.5757 49.2923
threshold=89.500000000000014 439.50000000000006 55.571672439575202 33.500000000000007 51.681627273559577 4.5000000000000009 39.500000000000007 43.814731597900398 0.12651612669542059 1680.9000244140627 462.87036132812506 73.500000000000014 387.16291809082037 16.500000000000004 421.45529174804693 78.967304229736342 446.96392822265631 68.818317413330092 67.842521667480483 0.91125353102244477 0.16000106082892676 23.500000000000004 12.500000000000002 11.137915611267092 216.50000000000003 1934.3566828044525 228.50000000000003 1632.537048339844 49.500000000000007 49.500000000000007
decision_type=2 2 2 2 2 2 2 2 2 2 2 2 2 2 2 2 2 2 2 2 2 2 2 2 2 2 2 2 2 2
left_child=10 11 3 4 9 -6 8 -8 -5 -3 -1 15 26 14 -14 29 -15 18 19 -4 -12 22 25 -24 28 -22 27 -13 -17 -2
right_child=1 2 17 6 5 -7 7 -9 -10 -11 20 12 13 16 -16 24 -18 -19 -20 -21 21 -23 23 -25 -26 -27 -28 -29 -30 -31
leaf_value=-0.050839948804548021 -0.049885451872207498 -0.0022818221458945995 0.036219365413771243 0.14235781479654347 0.10171832638974412 0.47643045306434373 0.077225787931146483 0.20680013498205826 0.021236485582400461 0.049751707003842641 0.10460611885469798 0.097102083223053581 2.1187539772050004 0.12733012258041518 0.13516436611550395 0.15664164707598438 -0.051142380463853027 -0.04509482951825361 0.62985640917329011 -0.023642703894181362 -0.032338116877562696 -0.042877124956620258 -0.059899346706664414 0.10965827335851366 -0.051462946049846227 0.096816709030642933 -0.047796306420642899 -0.036946970518694382 -0.055308221075655042 -0.013997108941515604
leaf_weight=22.052839864045382 322.01795440167189 297.55203786399215 255.59001404698938 60.481508525088429 56.4873290611431 7.0602209959179154 1090.4544664788991 62.949331173673272 344.2748654410243 466.95188126340508 826.1662987601012 33.918444134294987 1.1523161726072424 39.417323379777372 1.3449288941919801 18.875328618101783 16.116411787457764 81.956108765676618 2.5638919640332452 133.91605576872826 42.258149953559041 29.86009225808084 9.8061244357377273 264.38843123614788 8.8900473061948997 13.887807179242371 83.077001264318824 53.015156275592744 3.6196259763091794 136.12287868093699
leaf_count=1491 25012 10896 10094 563 1101 55 15757 368 6572 15298 1461 1333 36 769 93 117 951 4325 30 5741 613 549 152 1867 536 125 5754 3381 149 9577
internal_value=0.0521785 0.0383851 0.0520316 0.0606872 0.038237 0.143349 0.0726179 0.0842976 0.0393353 0.0294998 0.093017 -0.0160101 0.0183391 0.11749 1.05046 -0.0320113 0.0755357 0.00845999 0.0196548 0.0156382 0.0956911 0.0752434 0.0859205 0.103594 0.0732503 -0.00039143 -0.0155047 0.0153543 0.122537 -0.0392223
internal_weight=4786.22 3577.81 2860.24 2386.21 828.051 63.5476 1558.16 1153.4 404.756 764.504 1208.42 717.567 228.042 58.031 2.49725 489.526 55.5337 474.026 392.07 389.506 1186.37 360.201 330.341 274.195 31.385 56.146 170.011 86.9336 22.495 458.141
internal_count=124766 118508 70800 50610 27350 1156 23260 16125 7135 26194 6258 47708 12317 1849 129 35391 1720 20190 15865 15835 4767 3306 2757 2019 802 738 10468 4714 266 34589
is_linear=0
shrinkage=0.05


Tree=9
num_leaves=31
num_cat=0
split_feature=80 80 6 0 68 5 67 25 5 28 5 2 32 0 13 6 5 34 14 40 10 29 36 4 6 68 0 68 66 68
split_gain=979.046 910.104 351.858 202.365 268.254 230.97 201.863 161.205 143.273 139.772 138.021 131.883 167.456 319.183 130.831 129.311 117.107 138.419 115.067 112.37 122.227 107.817 90.3248 163.154 109.959 102.997 66.4812 135.358 66.1074 46.9689
threshold=89.500000000000014 439.50000000000006 55.571672439575202 33.500000000000007 25.500000000000004 51.681627273559577 215.50000000000003 462.87036132812506 21.280472755432132 259.49601745605474 15.710248947143556 22.500000000000004 982.81488037109386 36.500000000000007 0.9963025450706483 78.967304229736342 53.092992782592781 0.73608772667545164 0.96959754824638378 -317.12499999999994 0.34960317611694341 2345.5000000000005 0.24494642178715217 23.500000000000004 70.214290618896499 8.5000000000000018 31.500000000000004 50.500000000000007 0.96675069075956765 49.500000000000007
decision_type=2 2 2 2 2 2 2 2 2 2 2 2 2 2 2 2 2 2 2 2 2 2 2 2 2 2 2 2 2 2
left_child=7 8 3 4 18 -6 14 -1 9 26 -8 16 13 -13 -5 -10 17 -4 -3 -11 -21 -14 -9 24 25 -24 -2 -28 29 -17
right_child=1 2 11 6 5 -7 10 22 15 19 -12 12 21 -15 -16 28 -18 -19 -20 20 -22 -23 23 -25 -26 -27 27 -29 -30 -31
leaf_value=-0.050798600145218767 -0.043311888748951727 -0.041962445964778682 0.081385049538925308 0.077809460534075406 0.039306416234878752 0.13841260793351393 0.093440834860392383 0.099214215863781388 -0.035833856784660223 -0.013068575193261038 0.03418029772435098 -0.026099061095791812 -0.046108053004676533 0.24459312026978763 0.25624222673428654 0.14066022460440639 -0.040996571026363726 -0.0072370998403861186 0.067614586995955281 0.37854165508548959 0.10383468946130517 0.090730946421907072 -0.032151790333115202 -0.053174106431435032 -0.010379579182127832 0.091560822410531054 0.094964910453575718 -0.044274888502366064 -0.051655158018231041 -0.054552743155083308
leaf_weight=20.993954325094819 63.632049264386296 134.98681385442615 60.135858814232051 950.03437909856439 628.91985895857215 64.850602770224214 118.54832665808499 773.96216716524214 487.008031854406 18.410088881850243 573.97930324077606 18.803603484295309 39.498659484088421 25.875938184559345 10.385401360690592 20.029932681471113 146.45363244228065 164.82695664837956 29.127780731767416 4.6231183754280201 32.616896874271333 22.649053372442722 17.642499845474958 25.023578063584864 32.218253018334508 362.76528222486377 35.93382484279573 33.939497191458941 8.5389791280031186 3.6414782349020234
leaf_count=1491 4207 6595 2261 12527 19128 879 1205 1111 37637 751 9472 534 1246 275 56 107 7357 7975 748 117 714 542 246 576 444 2390 1378 2102 537 158
internal_value=0.0479773 0.0351124 0.0471885 0.0546754 0.0349718 0.0485704 0.0649016 0.0865682 -0.0158443 0.0214108 0.0443246 0.0078815 0.0568402 0.130671 0.0797389 -0.0294167 -0.00620006 0.0164529 -0.0225142 0.0879821 0.137938 0.00376142 0.0889484 0.0707937 0.0783117 0.0858233 -0.00633862 0.0273321 0.067608 0.11063
internal_weight=4930.06 3697.45 2989.08 2510.83 857.885 693.77 1652.95 1232.61 708.374 189.155 692.528 478.244 106.827 44.6795 960.42 519.218 371.416 224.963 164.115 55.6501 37.24 62.1477 1211.61 437.65 412.626 380.408 133.505 69.8733 32.2104 23.6714
internal_count=124766 118508 70800 50610 27350 20007 23260 6258 47708 9269 10677 20190 2597 809 12583 38439 17593 10236 7343 1582 831 1788 4767 3656 3080 2636 7687 3480 802 265
is_linear=0
shrinkage=0.05


Tree=10
num_leaves=31
num_cat=0
split_feature=80 80 6 0 68 68 24 31 29 3 40 6 68 83 6 2 57 79 0 5 34 14 83 14 36 4 2 68 14 80
split_gain=892.004 775.728 290.492 162.359 229.128 199.043 184.202 224.399 142.212 132.146 165.738 124.806 120.321 119.957 141.918 111.803 129.004 127.324 125.968 108.847 115.27 103.746 103.501 182.212 97.0974 138.654 96.5008 250.666 139.302 57.9897
threshold=89.500000000000014 439.50000000000006 55.571672439575202 33.500000000000007 25.500000000000004 67.500000000000014 978.50000000000011 566.50000000000011 584.50000000000011 73.500000000000014 -236.12499999999997 78.967304229736342 92.500000000000014 248.15177917480472 39.887044906616218 22.500000000000004 10.593520618451764 2.2920051417573899 38.500000000000007 53.092992782592781 0.55711259783970302 0.96959754824638378 749.48849487304699 0.95917329192161571 0.24494642178715217 23.500000000000004 17.500000000000004 63.500000000000007 0.96501547098159801 216.50000000000003
decision_type=2 2 2 2 2 2 2 2 2 2 2 2 2 2 2 2 2 2 2 2 2 2 2 2 2 2 2 2 2 2
left_child=8 9 3 4 21 -6 12 -8 -1 11 13 -2 -5 -11 -15 19 18 -18 -17 20 -4 -3 -12 -24 -10 26 28 -28 -26 -13
right_child=1 2 15 6 5 -7 7 -9 24 10 22 29 -14 14 -16 16 17 -19 -20 -21 -22 -23 23 -25 25 -27 27 -29 -30 -31
leaf_value=-0.050699272405109866 -0.038306352218859127 -0.041534796409016389 0.089779623067808095 -0.017053327905081524 0.064707314149751796 0.010788904879754044 0.07591380237058945 0.036403693696357001 0.093884815044993394 -0.051425079300448429 -0.045956875455020446 0.10154450350067651 0.16064404554251449 0.084034634886942267 0.34927765809653261 0.050200372081972526 0.17611216856650316 0.0012851209079588165 0.29035779706739639 -0.040539424446149198 -0.0015959037413135349 0.060335873363816996 0.010179902553417049 0.31107513446272345 0.030300748069151506 -0.053037009086453327 0.012665708588457378 0.17163207580150702 0.097061984467760695 -0.05137199495212319
leaf_weight=20.165205331519246 425.88712217286229 129.69239917490631 42.366510650143027 108.96779827214777 447.75093661807477 277.08706000074744 1085.0378418099135 537.34305523149669 777.59993866086006 14.495465928688644 97.107962820678949 24.522484893910587 10.438778122887014 53.228597293607891 5.5707964953035107 11.994862058199944 12.012354472652076 78.285643794573843 10.022534552961586 140.84261104650795 186.21506106760353 30.958741474896669 60.641076290048659 5.486600996926426 190.63088272511959 23.673850085586309 39.446985594928265 66.779782777652144 132.4054200835526 8.2977250339463335
leaf_count=1538 34589 6595 1441 2152 11826 8181 12232 8768 1046 838 6837 266 108 1346 117 243 275 2045 34 7357 8795 748 3048 131 1928 563 364 262 557 536
internal_value=0.0443759 0.0323328 0.0430097 0.0495542 0.0321217 0.0440957 0.0584166 0.0628278 0.0810072 -0.015413 0.0149438 -0.0310663 -0.00151864 0.0774047 0.109164 0.00731762 0.0510028 0.0245424 0.159522 -0.0059639 0.0153401 -0.0219035 -0.013102 0.0351451 0.0831655 0.0647626 0.0712593 0.1126 0.0576647 0.0628836
internal_weight=5054.96 3804.25 3109.02 2627.28 885.489 724.838 1741.79 1622.38 1250.7 695.238 236.53 458.707 119.407 73.2949 58.7994 481.74 112.315 90.298 22.0174 369.424 228.582 160.651 163.236 66.1277 1230.54 452.937 429.263 106.227 323.036 32.8202
internal_count=124766 118508 70800 50610 27350 20007 23260 21000 6258 47708 12317 35391 2260 2301 1463 20190 2597 2320 277 17593 10236 7343 10016 3179 4720 3674 3111 626 2485 802
is_linear=0
shrinkage=0.05


Tree=11
num_leaves=31
num_cat=0
split_feature=80 80 57 1 69 3 5 36 50 25 5 27 82 29 56 13 35 4 10 5 27 54 56 69 54 51 21 67 53 57
split_gain=817.491 667.88 226.248 201.57 215.287 171.065 295.804 205.985 166.767 125.682 119.534 170.759 183.717 147.941 110.47 105.57 103.601 120.193 150.981 83.8403 69.6296 138.596 61.1156 59.4651 57.6707 35.7658 34.249 66.8945 32.9466 32.2096
threshold=89.500000000000014 603.50000000000011 14.305464268647476 0.5317460596561433 0.24747474747474751 39.500000000000007 44.886449813842781 0.12027456116456885 0.31616366061633028 462.87036132812506 26.126534461975101 1630.9600219726565 196.00000000000003 1720.5000000000002 6.797168879098769 0.96811437606811535 0.16000106082892676 23.500000000000004 0.20801331102848056 12.845828056335451 2419.980102539063 6.797168879098769 20.132929799810622 0.50000000000000011 15.458807808173111 9.6657001073945228 2.999197363853455 34.500000000000007 0.73823532526764934 27.648876422315205
decision_type=2 2 2 2 2 2 2 2 2 2 2 2 2 2 2 2 2 2 2 2 2 2 2 2 2 2 2 2 2 2
left_child=9 10 3 4 15 7 -7 -5 -6 -1 11 12 -2 -14 -12 -3 28 18 24 -20 -4 -22 -16 -24 -18 -23 -13 -28 29 -11
right_child=1 2 20 5 8 6 -8 -9 -10 16 14 26 13 -15 22 -17 17 -19 19 -21 21 25 23 -25 -26 -27 27 -29 -30 -31
leaf_value=-0.050747623442037863 -0.051052791508555087 -0.045741858767988461 -0.045989667889450678 0.10673046940825673 0.062067880615676578 0.056280478232314406 0.16080776943549902 0.021021504328950516 0.01675088997535008 0.0012122303039358905 0.3667984268434753 -0.045923650558854702 0.020236285706992464 0.12406466896604294 -0.033417364151211645 0.042340921480373626 -0.035834341824978237 -0.043251471086432236 -0.025268840725913445 0.085218616578201484 0.9681119356476382 -0.051760139499441186 0.08462946877917743 -0.052053820784858873 0.075434897189091313 0.40785729994057562 0.31055798286736236 -0.050883327820276686 0.089667102956101988 0.14939199015356175
leaf_weight=19.224212668836117 39.831324968487024 140.65276515111327 87.46864974219352 79.385557522065938 340.56647504400462 1273.0369235854596 71.484305648133159 599.36810787394643 502.6518092667684 19.050340041518215 1.7739050071686495 92.644972255453467 70.290604840032756 67.019483686424792 450.01739311870188 44.868786829523742 45.389120486564934 27.768343916162848 18.2417695466429 292.19777506776154 0.49044232163578216 1.9431923739612105 22.165730193257332 12.413973588496445 15.663940351456402 0.54113794956356276 2.0290811005979768 3.4681822685524821 821.75060108117759 4.541588842868804
leaf_count=1491 2846 7907 3992 803 10041 15978 369 12909 15556 166 14 5984 3362 1462 34088 1398 619 549 208 1805 13 85 504 914 125 7 27 249 1265 30
internal_value=0.0411692 0.0298547 0.0400359 0.0423455 0.0243251 0.051508 0.0618379 0.0310458 0.0350539 0.076121 -0.0121516 0.0141772 0.0434888 0.0709137 -0.0270535 -0.0244388 0.0780806 0.0570901 0.0645904 0.0787263 -0.0378991 0.199992 -0.0284953 0.0355607 -0.0072868 0.0483539 -0.0387287 0.0825274 0.0879946 0.0297377
internal_weight=5167.94 3904.11 3142.46 3052.01 1028.74 2023.27 1344.52 678.754 843.218 1263.83 761.655 275.284 177.141 137.31 486.371 185.522 1244.6 399.261 371.493 310.44 90.4434 2.97477 484.597 34.5797 61.0531 2.48433 98.1422 5.49726 845.343 23.5919
internal_count=124766 118508 69058 64961 34902 30059 16347 13712 25597 6258 49450 13930 7670 4824 35520 9305 4767 3306 2757 2013 4097 105 35506 1418 744 92 6260 276 1461 196
is_linear=0
shrinkage=0.05


Tree=12
num_leaves=31
num_cat=0
split_feature=80 80 6 30 5 82 2 32 4 69 6 32 82 5 69 6 2 32 0 5 34 65 66 45 45 5 54 31 6 5
split_gain=752.157 579.13 214.572 133.972 133.728 396.971 465.094 173.738 542.852 328.003 131.382 122.048 165.724 121.554 223.542 114.34 95.9765 114.26 187.285 97.1916 95.1634 91.0257 82.6576 72.621 97.0107 65.2419 63.6322 57.3267 103.007 77.4298
threshold=89.500000000000014 439.50000000000006 55.571672439575202 547.50000000000011 9.6126484870910662 968.00000000000011 19.500000000000004 1032.5859985351565 17.500000000000004 0.77272727272727282 41.588560104370124 1069.0335693359377 1529.5000000000002 29.272552490234379 0.2373737373737374 78.967304229736342 22.500000000000004 982.81488037109386 36.500000000000007 53.092992782592781 0.73608772667545164 9.3338427543640154 0.89604975608168058 0.88730223629463933 0.89784953101508358 62.914712905883796 6.9887509499112168 457.50000000000006 27.384943962097172 23.351270675659183
decision_type=2 2 2 2 2 2 2 2 2 2 2 2 2 2 2 2 2 2 2 2 2 2 2 2 2 2 2 2 2 2
left_child=3 11 4 10 5 6 -3 8 -6 -9 -1 -2 13 14 -13 -15 19 18 -18 20 -4 -19 25 26 -25 -12 -24 -5 -29 -30
right_child=1 2 16 27 7 -7 -8 9 -10 -11 22 12 -14 15 -16 -17 17 21 -20 -21 -22 -23 23 24 -26 -27 -28 28 29 -31
leaf_value=-0.03442833953504032 -0.048170840095969496 0.15130748812913056 0.061378778267257385 0.088823953792889265 0.00065128399256797736 -0.034583588740367106 -0.053412081276560108 0.041006386152802735 0.10122167639640511 -0.010545397554827675 -0.019561782220898147 -0.050865780746933188 -0.050934842039186683 -0.029289321106230934 0.077951001674314249 0.087015486846125173 -0.026441275736835614 -0.012627253865708399 0.16945298061554906 -0.040215036227237516 -0.0078764540153444685 0.26128105242475891 0.15584182791422421 0.3865521482994787 0.1104116770218273 0.072931701272951774 0.054150689437422531 -0.060048553045449704 0.11670581846568161 0.053196861658092932
leaf_weight=46.021762937307358 193.61268252134323 149.76384757645428 70.545577221550047 685.75858927704394 217.76278747897595 60.164659088477492 34.051534607075155 1639.3991272188723 349.57217748090625 380.09152212552726 51.322424141690135 45.07707707118243 123.81554262153804 152.18355725239962 133.18773888237774 24.53963184915483 18.986296470277011 62.202873176895082 34.141123101115227 136.83265000488609 167.08497822936624 3.1886338694021097 17.092879633419216 3.959392104297879 16.168447581119835 30.333770049735904 153.81044856086373 16.350947342813015 64.507393062114716 187.46792495809495
leaf_count=1044 16494 735 2261 743 4133 954 724 32929 3184 7951 856 3326 9882 12995 4713 298 534 1711 275 7357 7975 77 87 28 161 254 1604 232 304 945
internal_value=0.0383079 0.0276465 0.0362077 0.0717817 0.0415093 0.0768953 0.113383 0.0381718 0.0626193 0.0313037 0.0437148 -0.0146722 -0.00112638 0.0162462 0.0453776 -0.0131393 0.00576533 0.0449799 0.0994457 -0.00664622 0.0126834 0.000729118 0.0569031 0.074901 0.164732 0.0147978 0.0643213 0.0811574 0.061564 0.0694556
internal_weight=5269 3996.2 3323.79 1272.79 2830.81 243.98 183.815 2586.83 567.335 2019.49 318.709 672.416 478.804 354.988 178.265 176.723 492.982 118.519 53.1274 374.463 237.631 65.3915 272.687 191.031 20.1278 81.6562 170.903 954.085 268.326 251.975
internal_count=124766 118508 70800 6258 50610 2413 1459 48197 7317 40880 4034 47708 31214 21332 8039 13293 20190 2597 809 17593 10236 1788 2990 1880 189 1110 1691 2224 1481 1249
is_linear=0
shrinkage=0.05


Tree=13
num_leaves=31
num_cat=0
split_feature=80 80 9 3 29 45 48 34 40 67 50 36 30 24 82 33 3 5 3 6 6 6 6 39 69 66 20 69 69 14
split_gain=692.825 502.488 184.104 239.009 164.597 158.572 271.893 134.772 185.916 132.582 139.203 130.126 118.699 114.005 141.376 106.959 154.759 105.054 200.803 123.198 98.2048 97.3032 97.0754 87.0499 74.9297 71.9988 67.3657 57.0979 54.3952 51.3076
threshold=89.500000000000014 439.50000000000006 39.812500000000007 103.50000000000001 1017.5000000000001 0.81042978305556279 127.01849365234376 0.17524331478851038 -19.374999999999996 301.50000000000006 0.24952536578187376 0.24494642178715217 875.50000000000011 1352.5000000000002 1529.5000000000002 190.19094085693362 19.500000000000004 29.272552490234379 57.500000000000007 78.967304229736342 69.931659698486342 54.902397155761726 27.384943962097172 -168745.81249999997 0.075757575757575774 1.570781611782722 2.1180340051651005 0.9545454545454547 0.71212121212121227 0.97644498944282543
decision_type=2 2 2 2 2 2 2 2 2 2 2 2 2 2 2 2 2 2 2 2 2 2 2 2 2 2 2 2 2 2
left_child=11 13 3 5 23 26 -7 8 -6 10 -5 -1 -9 -2 17 16 21 18 -15 -19 22 -13 -17 -4 -24 -11 -3 -25 -23 -18
right_child=1 2 4 9 7 6 -8 12 -10 25 -12 15 -14 14 -16 20 29 19 -20 -21 -22 28 24 27 -26 -27 -28 -29 -30 -31
leaf_value=0.080704765808014708 -0.050615494449466003 -0.023970281067584448 0.30735358681141434 0.22473360885066906 0.39272517369748705 0.014884848953891604 0.21385920859398536 0.05656085602622285 0.088196894863395769 -0.019152311465307468 0.06106729378352508 0.31418119129508959 0.033081561654211361 1.1217855405457915 -0.050899644251737111 -0.058570023262136867 -0.039099220529628088 -0.030571016673148755 0.035627420249558929 0.0869882140243146 -0.047610897843409702 0.0087068523513725068 -0.055035173384316488 -0.031297764020956159 0.081180582450564961 0.21499797205377333 0.06829174414858688 0.11138598960385995 0.10448476547868663 0.056645793000211379
leaf_weight=775.33165938779712 162.53658090252429 381.62351314164698 2.0320412684231988 24.146689416840672 5.5840896125882855 131.50683229230344 19.747078136540949 760.93910001404583 48.910971572622657 28.550427110865712 28.123169111087918 4.0231353351846328 1839.6869673766196 0.42645944189280172 115.37004775181413 13.902020346373318 84.683504241518676 162.1088303886354 194.07101881597191 25.837854020297527 18.574118223041296 27.613678117282689 10.453052163124083 115.08212944678962 295.3760193195194 3.7096071513369671 20.866673364304006 7.4664049539715043 32.006599302403629 16.761885300278664
leaf_count=1325 14706 17311 10 279 51 5505 653 10085 771 549 473 21 31192 26 9660 212 2088 14341 8663 312 304 429 168 2915 1426 43 870 93 228 57
internal_value=0.0357404 0.0256719 0.0333861 0.00916955 0.0389467 -0.00278477 0.0408621 0.0415822 0.119402 0.0874806 0.136675 0.0678527 0.0399516 -0.0142572 -0.00238621 0.0480578 0.015065 0.0122486 0.038009 -0.0144096 0.0641579 0.0761842 0.0706508 -0.0172226 0.0765248 0.00777282 -0.0191871 -0.0226046 0.0601243 -0.0232792
internal_weight=5357.05 4078.33 3417.98 638.274 2779.7 553.744 151.254 2655.12 54.4951 84.5299 52.2699 1278.73 2600.63 660.351 497.814 503.394 165.089 382.444 194.497 187.947 338.305 63.6434 319.731 124.581 305.829 32.26 402.49 122.549 59.6203 101.445
internal_count=124766 118508 70800 25683 45117 24339 6158 42099 822 1344 752 6258 41277 47708 33002 4933 2823 23342 8689 14653 2110 678 1806 3018 1594 592 18181 3008 657 2145
is_linear=0
shrinkage=0.05


Tree=14
num_leaves=31
num_cat=0
split_feature=80 57 10 68 33 6 29 31 68 30 13 6 3 33 4 66 5 6 30 13 30 37 68 6 5 5 10 57 25 52
split_gain=642.815 446.17 165.226 178.596 151.444 134.64 133.438 164.166 135.269 125.488 124.593 108.358 102.385 71.1271 91.4539 65.537 65.3162 65.292 62.2789 175.895 60.682 71.4545 58.7754 75.4555 55.5517 55.419 54.2742 67.4139 49.5418 48.7301
threshold=89.500000000000014 13.251380330913085 0.5280338227748872 26.500000000000004 129.99134826660159 59.827810287475593 1017.5000000000001 566.50000000000011 72.500000000000014 547.50000000000011 0.99513158202171337 41.588560104370124 101.50000000000001 134.04244232177737 23.500000000000004 0.89604975608168058 12.845828056335451 78.967304229736342 1897.5000000000002 0.96811437606811535 785.50000000000011 243.10234832763675 94.500000000000014 37.144664764404304 53.919555664062507 22.338806152343754 0.85241937637329113 18.98536550658331 462.87036132812506 0.99964451453005332
decision_type=2 2 2 2 2 2 2 2 2 2 2 2 2 2 2 2 2 2 2 2 2 2 2 2 2 2 2 2 2 2
left_child=9 2 3 18 -5 -6 22 10 -9 11 -8 26 17 -11 16 24 -15 -3 -2 -20 -14 -22 29 -24 -13 -18 -1 -28 -17 -4
right_child=1 12 6 4 5 -7 7 8 -10 13 -12 15 20 14 -16 28 25 -19 19 -21 21 -23 23 -25 -26 -27 27 -29 -30 -31
leaf_value=-0.050416838231106764 -0.036213286589013786 -0.023499398302909136 -0.038239145978223837 -0.025031538900544516 0.039150967303624308 -0.045767424918049117 0.048571626158562753 0.032165280756091146 -0.021411676826782421 0.083040931328540596 0.15804816431432411 -0.034505290215673334 -0.054180148729023193 -0.060764914458238839 -0.05887150504253174 -0.050814296193566359 0.10732429577373803 0.042678433737246738 -0.051212906960513206 0.2848602804080862 0.055850546028008333 0.38423108203305417 0.27127411084729203 -0.055490346194972721 0.048038063437899153 0.053394624094281695 -0.056989129713038801 0.3769456438543044 0.069942193884386897 0.15208976648221781
leaf_weight=41.491866159252822 183.49693283066154 582.56009621731937 84.628474502824247 130.38983121141791 690.1644275765866 50.06373896356672 1489.3307308917865 640.29981403332204 144.37328936718404 642.43617708608508 26.450694678351283 36.402667702175677 12.9503430519253 10.712403915822504 17.002384264022112 8.886920325458048 60.733722623437643 39.818871223367751 11.470660267397763 5.8938569333404294 57.11563491076231 1.706072057597338 3.7880916064605108 3.310780038125813 46.319068012759089 220.90567141585052 1.8551152646541589 1.7294378094375131 191.89684113953263 3.502180313691496
leaf_count=995 10261 39282 2280 5202 19184 3604 18639 12181 3754 653 133 682 689 129 321 668 245 1158 571 81 1358 14 11 70 428 876 36 13 1212 36
internal_value=0.0333781 0.0238457 0.0311714 0.0148504 0.0246554 0.0334077 0.038471 0.0408719 0.0223076 0.0643589 0.050482 0.0377178 -0.0127445 0.0735561 0.0538589 0.0491669 0.060415 -0.0192654 -0.0276486 0.0628569 0.0438028 0.0653749 -0.0195273 0.118877 0.0117139 0.0650242 -0.0342908 0.152371 0.0645974 -0.0306758
internal_weight=5441.69 4161.31 3467.16 1071.48 870.618 740.228 2395.68 2300.45 784.673 1280.37 1515.78 328.582 694.151 951.79 309.354 283.505 292.352 622.379 200.861 17.3645 71.7721 58.8217 95.2295 7.09887 82.7217 281.639 45.0764 3.58455 200.784 88.1307
internal_count=124766 118508 76007 38903 27990 22788 37104 34707 15935 6258 18772 4034 42501 2224 1571 2990 1250 40440 10913 652 2061 1372 2397 81 1110 1121 1044 49 1880 2316
is_linear=0
shrinkage=0.05


Tree=15
num_leaves=31
num_cat=0
split_feature=80 80 6 4 5 32 35 33 10 4 5 27 82 3 10 68 68 6 32 13 57 45 54 82 65 66 72 55 66 10
split_gain=597.905 397.228 160.879 129.76 142.88 137.502 129.6 120.651 105.949 109.395 92.8849 142.073 138.527 125.214 85.4019 221.134 166.216 80.4152 51.3573 53.2576 49.547 58.5912 48.0322 65.9775 45.9994 44.4398 41.5466 40.7617 39.5402 28.8441
threshold=89.500000000000014 603.50000000000011 68.818317413330092 1.0000000180025095e-35 65.666843414306655 1001.1793212890626 0.15785066076870019 113.30186462402345 0.20801331102848056 23.500000000000004 26.126534461975101 1630.9600219726565 196.00000000000003 63.500000000000007 0.44722221791744238 53.500000000000007 63.500000000000007 78.967304229736342 594.24053955078136 0.85200974345207225 10.468140260370577 0.83606577084989109 15.458807808173111 44.500000000000007 5.4988608360290536 0.96675069075956765 5.2641082410505708 20.714742259381271 1.5707885410448659 0.80322581529617321
decision_type=2 2 2 2 2 2 2 2 2 2 2 2 2 2 2 2 2 2 2 2 2 2 2 2 2 2 2 2 2 2
left_child=6 10 3 -3 7 -6 18 -5 22 14 11 12 -2 -14 16 -16 -10 20 19 -1 21 -12 -8 -24 -25 -19 28 -21 -4 -22
right_child=1 2 26 4 5 -7 8 -9 9 -11 17 -13 13 -15 15 -17 -18 25 -20 27 29 -23 23 24 -26 -27 -28 -29 -30 -31
leaf_value=-0.040805788870152834 -0.051040144369277063 -0.052542414164794299 -0.051157310810107576 0.005340013912720952 0.30577980451764747 -0.052643174914440843 -0.04136219775458317 0.03470045608465587 0.020767320733426783 -0.044690495672058156 -0.031381439300155127 -0.038618834968822097 0.77549760730365491 0.054586092706854307 0.078031883712747913 -0.031628067808624823 0.12468571793715236 0.079131608898229511 0.076271768785907745 0.044616839157827971 -0.043996733050839135 0.14150279915092087 -0.062196511868647879 0.27357432821158872 0.056395371649304728 -0.051745840422792261 0.37475087987282707 0.22507749572225358 0.35174588938357276 -0.013647598131811885
leaf_weight=19.318551136180758 36.524735763669014 46.131407332606614 71.658753532916307 396.46292427461594 8.9624391095712763 3.8147662030532947 51.817850536666811 2979.3166052000597 62.889126918278635 28.223167961463332 11.04479537997395 95.361825342290103 0.60474560596048732 150.40132779162377 117.47500741295516 75.530997785739601 99.137849843129516 26.511256680823863 772.66076424345374 29.992226838134229 284.0169407967478 8.809761173091827 7.3343190662562856 3.7517924904823303 6.963247655890882 8.5868917340412718 0.5866306759417047 3.4936529137194148 0.61416293680667777 108.08305832464248
leaf_count=570 2846 1609 4175 7795 66 112 771 55268 423 691 369 6260 27 4797 876 1037 223 267 1059 390 25065 215 121 12 56 545 26 29 7 9059
internal_value=0.0312491 0.0222068 0.0291904 0.03075 0.0318839 0.198769 0.0612173 0.0312523 0.0397316 0.0500545 -0.0113509 0.0110707 0.0363384 0.0574732 0.0575862 0.0351175 0.0843508 -0.0255391 0.0730114 0.0253045 -0.031729 0.0453299 -0.0168946 0.0533493 0.132439 0.047112 -0.0443319 0.0634447 -0.0477335 -0.0356309
internal_weight=5516.08 4237.49 3507.55 3434.69 3388.56 12.7772 1278.59 3375.78 453.123 383.256 729.945 282.893 187.531 151.006 355.033 193.006 162.027 447.053 825.465 52.8044 411.955 19.8546 69.8672 18.0494 10.715 35.0981 72.8595 33.4859 72.2729 392.1
internal_count=124766 118508 69058 64850 63241 178 6258 63063 4210 3250 49450 13930 7670 4824 2559 1913 646 35520 2048 989 34708 584 960 189 68 812 4208 419 4182 34124
is_linear=0
shrinkage=0.05


Tree=16
num_leaves=31
num_cat=0
split_feature=80 57 41 33 6 35 48 68 10 4 3 10 68 68 63 80 10 49 6 68 68 0 24 30 68 10 37 57 30 0
split_gain=557.678 350.347 145.761 146.407 129.06 125.997 121.197 106.051 93.7553 96.8936 87.6904 73.6489 193.194 141.477 68.5153 95.4685 65.4928 74.6336 55.0392 52.766 63.2007 76.3558 54.6054 52.3615 53.7857 64.9354 62.4698 46.2561 54.0914 51.8125
threshold=89.500000000000014 13.251380330913085 -38.124999999999993 113.30186462402345 63.551836013793952 0.15785066076870019 32.981506347656257 77.500000000000014 0.20801331102848056 23.500000000000004 101.50000000000001 0.44722221791744238 53.500000000000007 63.500000000000007 248.00375945627303 692.00000000000011 0.41801074147224432 1.1210209177764912 78.967304229736342 31.500000000000004 50.500000000000007 28.500000000000004 2891.5000000000005 483.50000000000006 79.500000000000014 0.016397849656641487 150.95819091796878 14.212869348009695 1773.5000000000002 49.500000000000007
decision_type=2 2 2 2 2 2 2 2 2 2 2 2 2 2 2 2 2 2 2 2 2 2 2 2 2 2 2 2 2 2
left_child=5 2 7 16 6 23 -5 14 -7 11 18 13 -13 -10 -2 -16 -4 -18 27 -12 21 -21 -22 24 25 26 -1 28 -3 -29
right_child=1 10 3 4 -6 8 -8 -9 9 -11 19 12 -14 -15 15 -17 17 -19 -20 20 22 -23 -24 -25 -26 -27 -28 29 -30 -31
leaf_value=-0.058363510113623507 0.0032416759945949891 -0.01254594345932088 -0.051057031516879695 0.027679725298479608 -0.025949266314614524 -0.016335607908524685 0.05077453960190529 -0.032563769425955534 0.019570737773971687 -0.043861240493334029 -0.052431856584278159 0.071860059682112745 -0.030650457015503459 0.11462662613803838 -0.0082648966620878141 0.051069165040482811 0.076377494399403459 0.0035766226871561651 0.037453698815165908 -0.053061507728057594 -0.018811158095937648 0.14190243929932908 0.21579286390918823 0.073741221093427498 0.086580076778364323 -0.03903042496371939 0.25852518525048712 -0.045938792455681055 0.074050149622792397 -0.0021516136333385458
leaf_weight=2.5625447845086446 428.61948739457875 201.41763218771666 46.907715423963964 1113.9142739055678 78.008006645366549 69.065852973610163 1159.268530481495 129.61994732264429 63.384399718604982 27.341491051949561 13.044155462644992 121.08834935724735 74.080599952489138 102.35667181480676 95.998954438604414 230.74666323326528 39.732169328257442 308.95417079608887 40.896067614667118 6.1789859049022189 25.773802154697481 26.819299396127462 2.7444042395800343 754.94839743338525 22.930436535738409 32.317584674805403 3.956449992954731 250.2852846654132 19.806437344290316 92.536653164774179
leaf_count=97 10490 10302 2793 19018 3994 960 21405 3877 423 691 710 876 1037 223 3303 4768 792 5567 1158 260 928 127 36 938 193 788 32 20855 1034 7091
internal_value=0.0292901 0.0207014 0.0268667 0.0325525 0.0372875 0.0583538 0.0394575 0.00921953 0.0373409 0.0468893 -0.0122504 0.0537643 0.03295 0.0782744 0.0163895 0.0336366 0.0044103 0.0118721 -0.0185563 0.0389122 0.058281 0.105395 0.00376559 0.07012 0.025859 -0.0099928 0.13396 -0.0226173 -0.0047929 -0.0341195
internal_weight=5585.31 4311.27 3631.77 2746.78 2351.19 1274.03 2273.18 884.985 457.317 388.252 679.503 360.91 195.169 165.741 755.365 326.746 395.594 348.686 604.942 74.5606 61.5165 32.9983 28.5182 816.715 61.767 38.8366 6.51899 564.046 221.224 342.822
internal_count=124766 118508 76007 53569 44417 6258 40423 22438 4210 3250 42501 2559 1913 646 18561 8071 9152 6359 40440 2061 1351 387 964 2048 1110 917 129 39282 11336 27946
is_linear=0
shrinkage=0.05


Tree=17
num_leaves=31
num_cat=0
split_feature=81 81 57 36 0 29 45 32 82 29 0 82 57 30 14 10 68 10 10 56 30 39 68 0 49 10 57 55 57 64
split_gain=521.467 317.704 148.401 138.804 123.972 192.692 181.59 108.809 138.588 106.404 190.275 99.9447 239.727 131.526 73.049 91.2686 119.022 69.1406 111.383 67.9736 57.287 61.3355 54.6507 90.9223 50.5841 46.7083 45.3704 36.0648 34.8096 29.9208
threshold=14011.000000000002 48372.000000000007 14.305464268647476 0.22382536171043285 24.500000000000004 1873.5000000000002 0.8048971906533694 1069.0335693359377 1529.5000000000002 2012.5000000000002 49.500000000000007 1006.5000000000001 11.661431420820049 1608.5000000000002 0.92546910047531139 0.41468253731727606 38.500000000000007 0.85241937637329113 0.64004096388816845 19.601270448814336 1977.5000000000002 21045.000000000004 53.500000000000007 59.500000000000007 2.3088813661491421 0.28801843523979193 23.743897415594056 10.717434085322902 24.510027785636954 5.6875000000000009
decision_type=2 2 2 2 2 2 2 2 2 2 2 2 2 2 2 2 2 2 2 2 2 2 2 2 2 2 2 2 2 2
left_child=3 7 4 -1 5 -3 -7 -2 9 10 -9 13 -13 -6 15 16 -5 18 26 -11 -4 -22 24 -24 -19 -18 -16 -20 -17 -30
right_child=1 2 20 14 11 6 -8 8 -10 19 -12 12 -14 -15 17 28 25 22 27 -21 21 -23 23 -25 -26 -27 -28 -29 29 -31
leaf_value=0.070858011390148398 -0.047785821477213483 -0.047403463432902894 -0.04598418383245436 -0.058709854407125395 0.022698825485802016 -0.00033190260604670395 0.063037594800160288 0.010885718978257816 -0.050886030832286544 -0.031171440353257758 0.12504628118022396 0.075912400296521174 0.0028650492635984366 0.059980918938061706 0.011984739061265303 -0.055342776829785237 0.033993330323602258 0.1377903442029722 0.14184313578092111 0.061185189938385232 -0.052190752569993448 0.36821715220818069 -0.060035358232459285 0.079074623839600261 0.014187238982515308 0.094583513907904079 0.069149282014506055 -0.057628896908002797 0.049978026126270975 -0.046535090466701082
leaf_weight=691.14080121554434 169.09984944202006 131.72757590655237 87.817836632952094 26.428194862790406 2245.8320711599663 345.8921386692673 167.93875043466687 153.79484845418483 106.79333963617682 131.19464837759733 47.857785944826901 330.55380969215184 170.1229160130024 264.41791009530425 49.884544485248625 46.14985774923116 82.420669764280319 48.588867675513029 2.4258757121860972 23.489508029073477 1.7099135955795639 1.7611706871539352 14.527337140403686 61.353794680908322 9.9770868029445392 51.796696802601218 114.10921639110893 34.383412500843406 20.19500732049346 13.331781089305876
leaf_count=989 16494 6967 4267 576 31082 12055 4648 8487 9882 9719 2710 4774 3011 3912 503 1276 676 112 9 416 70 14 174 148 76 238 578 424 207 272
internal_value=0.0274995 0.0193283 0.0248592 0.0557538 0.0264313 0.0065483 0.0203796 -0.013458 -0.000924146 0.0140493 0.0379792 0.0306943 0.0510919 0.0266259 0.0376167 0.0165782 0.0382785 0.0526981 0.0341182 -0.0171467 -0.0381096 0.161117 0.080448 0.0524422 0.116734 0.0573761 0.0517606 -0.0444829 -0.0271742 0.0116
internal_weight=5646.72 4380 3747.77 1266.71 3656.49 645.558 513.831 632.23 463.13 356.337 201.653 3010.93 500.677 2510.25 575.572 240.322 160.646 335.25 200.803 154.684 91.2889 3.47108 134.447 75.8811 58.566 134.217 163.994 36.8093 79.6766 33.5268
internal_count=124766 118508 70800 6258 66449 23670 16703 47708 31214 21332 11197 42779 7785 34994 5269 3245 1490 2024 1514 10135 4351 84 510 322 188 914 1081 433 1755 479
is_linear=0
shrinkage=0.05


Tree=18
num_leaves=31
num_cat=0
split_feature=80 80 36 6 5 82 6 1 45 82 27 27 5 65 68 6 6 6 28 24 4 1 4 66 5 6 24 32 5 55
split_gain=490.046 280.144 135.06 130.112 110.602 295.811 335.602 147.404 151.148 137.4 109.08 187.188 137.076 146.915 139.118 83.5458 72.9966 66.2562 55.9594 45.2025 42.7058 38.8669 34.9012 28.3303 28.2175 27.4714 36.3412 27.2674 46.3067 27.2469
threshold=89.500000000000014 439.50000000000006 0.22382536171043285 68.818317413330092 9.6126484870910662 968.00000000000011 20.999533653259281 0.38888889551162725 0.81042978305556279 991.50000000000011 1292.8599853515627 1630.9600219726565 29.919390678405765 14.848380565643312 23.500000000000004 80.030220031738295 27.384943962097172 71.231739044189467 60.35675239562989 1616.5000000000002 23.500000000000004 0.94444444775581371 1.5000000000000002 1.5707885410448659 7.0807559490203866 78.967304229736342 1366.5000000000002 611.04663085937511 50.518932342529304 10.593520618451764
decision_type=2 2 2 2 2 2 2 2 2 2 2 2 2 2 2 2 2 2 2 2 2 2 2 2 2 2 2 2 2 2
left_child=2 10 27 4 5 6 -3 8 -6 -9 25 12 14 -14 -12 19 -4 18 -18 -13 -20 -19 -23 -5 -7 -2 -27 28 29 -1
right_child=1 3 16 23 7 24 -8 9 -10 -11 11 15 13 -15 -16 -17 17 21 20 -21 -22 22 -24 -25 -26 26 -28 -29 -30 -31
leaf_value=0.19497623401795086 -0.049211512047276161 -0.04769868551075146 -0.04847755109101759 -0.047541333824374934 -0.018091368685173873 -0.063287921406767075 0.11272474070807788 0.020672580814462799 0.037227869354477867 0.046748613522185144 -0.051020782794877595 0.41469177825358639 -0.023460181890553974 0.74291119355878044 0.085556094079232439 0.05544339158401862 -0.054876580066214445 -0.060372220594135773 0.049540307178360408 -0.044555814643853192 -0.036958579110504514 -0.067397305987750109 0.096159202732817028 0.24900454137723194 0.0042108623740774445 -0.051672871863432585 0.1778243784240684 0.071010797144462623 0.063201537425047929 -0.079742071292512151
leaf_weight=0.98716975748538871 176.83001236151904 40.042293489910662 24.691532240249217 69.797003230080009 401.28786329366267 41.338932906277478 175.42361583653837 2238.6628527063876 178.36051698587835 652.39641992002726 22.231741731055081 0.53729520551860233 82.822699839249253 0.63011197280138631 115.58086034376174 24.089748546481133 13.857595763169227 25.191360707394779 483.47801795508713 193.43541646562517 14.703371010720728 4.8806258914992204 9.8331619985401613 0.81479424051940341 24.755525948479772 3.8174549806863061 3.1470028115436435 640.09145132824779 27.517413813620806 10.532301421277223
leaf_count=7 17973 754 563 4318 16634 550 705 31957 5696 9775 1458 45 7635 49 2720 256 822 547 2887 17263 360 67 23 7 404 260 49 717 101 164
internal_value=0.0258457 0.0180554 0.053427 0.0231226 0.024388 0.0545269 0.0829116 0.021943 -0.00106938 0.0265569 -0.013032 0.000498954 0.0328992 -0.0176737 0.0635237 -0.0323772 0.0356318 0.0393944 0.0442306 -0.0432837 0.0469874 -0.02266 0.0419068 -0.0441195 -0.0380064 -0.0453752 0.0520292 0.0685366 0.0279671 -0.0561999
internal_weight=5701.77 4446 1255.76 3822.88 3752.27 281.56 215.466 3470.71 579.648 2891.06 623.122 439.328 221.265 83.4528 137.813 218.062 576.636 551.944 512.039 193.973 498.181 39.9051 14.7138 70.6118 66.0945 183.794 6.96446 679.128 39.0369 11.5195
internal_count=124766 118508 6258 70800 66475 2413 1459 64062 22330 41732 47708 29426 11862 7684 4178 17564 5269 4706 4069 17308 3247 637 90 4325 954 18282 309 989 272 171
is_linear=0
shrinkage=0.05


Tree=19
num_leaves=31
num_cat=0
split_feature=80 80 36 4 57 29 30 5 14 0 5 35 65 14 10 68 56 10 10 3 57 68 30 3 5 83 35 66 58 80
split_gain=457.411 248.865 134.416 122.027 99.7965 102.292 136.656 77.683 148.832 122.866 211.218 77.7081 72.9408 62.2444 79.2778 103.247 60.8907 60.6221 99.2485 87.0238 58.0018 74.8953 55.8273 46.4091 51.7325 45.4046 48.6495 42.0738 40.4269 37.7621
threshold=89.500000000000014 603.50000000000011 0.22382536171043285 1.0000000180025095e-35 14.305464268647476 2855.5000000000005 1857.5000000000002 29.272552490234379 0.89286988973617565 49.500000000000007 29.000593185424808 0.10013245907352432 9.8172445297241229 0.92546910047531139 0.41468253731727606 38.500000000000007 6.797168879098769 0.85241937637329113 0.64004096388816845 79.500000000000014 18.09508707005055 49.500000000000007 1977.5000000000002 9.5000000000000018 54.552562713623054 127.792049407959 0.26997190761985274 1.2490380801110754 16.072364891709608 629.50000000000011
decision_type=2 2 2 2 2 2 2 2 2 2 2 2 2 2 2 2 2 2 2 2 2 2 2 2 2 2 2 2 2 2
left_child=2 7 -1 -3 5 6 -5 8 -2 11 -11 -10 -7 14 15 -4 -9 18 19 -15 -18 -22 -6 24 -16 28 -27 -17 -19 -24
right_child=1 3 13 4 22 12 -8 16 9 10 -12 -13 -14 17 23 27 20 25 -20 -21 21 -23 29 -25 -26 26 -28 -29 -30 -31
leaf_value=0.066485361560006007 -0.039578000703719238 -0.052267020942553789 -0.058354008118665091 0.024220405889107413 -0.044554999011122309 -0.025276590275164101 0.088186354095353456 0.20717694150608035 0.080292252525093338 0.10592799322089803 0.96210375370937129 0.00020209425698608188 0.24839998510817896 0.05992031763857119 0.0929048865601136 0.027013935789915896 -0.038285093923881124 0.1682645701282576 -0.04456286337666035 -0.049600062026112064 0.046531563688995567 -0.051162572275821418 0.40753715611462565 -0.053160898326063188 -0.055473012155607085 0.069044878309005658 -0.027690897802490452 0.0828311734723855 0.076688135936259894 0.048767155608707903
leaf_weight=665.41184860281646 110.63396570179611 54.58165168762207 25.551293830387294 3461.5571815203875 69.464862215332687 124.42792191635817 85.561006776057184 2.7794064385816446 38.246565606445074 28.101225319318477 0.73930547013878722 145.51903751678765 2.4832315063104025 146.9934015404433 13.930644171312453 78.281934446655214 289.60605042800307 18.894034594297409 36.511544028297067 20.691095566377044 51.229718957096338 31.793136610649526 1.0805328786373132 53.835940677672625 10.157914674840866 67.432881642132998 16.100164679810405 59.362530666403472 33.277841489762068 2.2832610113546252
leaf_count=989 8050 2369 576 58587 3336 3181 1495 12 1033 1150 10 6765 38 808 31 624 26365 50 433 273 2737 3328 8 1489 235 182 168 290 110 44
internal_value=0.0243385 0.0169144 0.0511423 0.0219552 0.0230364 0.0241853 0.0257633 -0.0105131 0.00745463 0.031929 0.127875 0.016871 -0.0199216 0.0335708 0.0141403 0.0339516 -0.0259839 0.0473545 0.0301404 0.0464063 -0.0277231 0.00912014 -0.0349217 -0.02735 0.0303353 0.0732566 0.0504 0.0510865 0.109853 0.164013
internal_weight=5746.52 4500.09 1246.43 3801.44 3746.86 3674.03 3547.12 698.648 323.24 212.606 28.8405 183.766 126.911 581.021 241.12 163.196 375.408 339.901 204.196 167.684 372.629 83.0229 72.8287 77.9245 24.0886 135.705 83.533 137.644 52.1719 3.36379
internal_count=124766 118508 6258 69058 66689 63301 60082 49450 17008 8958 1160 7798 3219 5269 3245 1490 32442 2024 1514 1081 32430 6065 3388 1755 266 510 350 914 160 52
is_linear=0
shrinkage=0.05


Tree=20
num_leaves=31
num_cat=0
split_feature=80 80 35 57 27 27 1 57 5 5 68 2 2 32 68 6 57 13 55 10 10 31 68 68 2 13 32 5 4 32
split_gain=429.752 222.046 123.988 114.982 103.071 167.2 115.146 230.91 114.191 97.3685 257.179 287.457 129.872 236.632 168.538 74.8146 53.0154 54.3898 61.7247 51.9051 47.7562 52.2656 48.5688 44.5477 44.0552 41.3938 55.4167 40.6886 39.9766 35.5957
threshold=89.500000000000014 439.50000000000006 0.13525321688156935 14.305464268647476 1292.8599853515627 1630.9600219726565 0.78571429848670971 18.563412882016422 29.919390678405765 9.6126484870910662 44.500000000000007 19.500000000000004 18.500000000000004 1032.5859985351565 31.500000000000004 80.030220031738295 25.042918012841763 0.98004144430160534 14.937565375853712 0.21317204087972644 0.42396312952041632 348.50000000000006 63.500000000000007 53.500000000000007 28.500000000000004 0.85861241817474376 746.21572875976574 8.2054533958435076 1.5000000000000002 2279.530639648438
decision_type=2 2 2 2 2 2 2 2 2 2 2 2 2 2 2 2 2 2 2 2 2 2 2 2 2 2 2 2 2 2
left_child=2 4 25 9 -2 6 8 -8 -6 10 27 -12 14 -14 -11 -7 17 20 23 -18 22 -22 -4 -19 28 26 -1 -3 -21 -5
right_child=1 3 16 29 5 15 7 -9 -10 12 11 -13 13 -15 -16 -17 19 18 -20 24 21 -23 -24 -25 -26 -27 -28 -29 -30 -31
leaf_value=-0.015024803726659814 -0.045072607181044111 -0.040033602314635847 0.0032901755627328111 -0.045359770388576331 0.037742680300257486 -0.04277244381227107 0.068451239204333894 0.51285067893140279 -0.050525442540820309 0.031423412748089179 0.10707245873780408 -0.05381084463376537 0.055671640378288645 0.017534940615408837 -0.006868863033171641 0.050630843601543032 -0.0078332068370589817 0.11131906586665799 -0.0011092717016229726 -0.060035008175316318 0.026728866854195361 -0.043750965314809369 0.062340430126129991 0.018374365752937646 -0.034061251058670777 0.069206564823592776 0.061196885964863251 0.045645149021473985 0.07215972902682348 0.092165713774392422
leaf_weight=36.248656240291893 172.38007250195369 68.884796627797186 87.196728120557964 80.229313350282609 117.67997688986361 182.58302474627271 51.418455168604851 3.0992376748472443 53.207507746294141 438.66986089944839 167.6544591486454 33.275113604962826 526.9948846148327 1782.6591306710616 833.04598952643573 24.29114090744406 31.625092543661594 41.879148237407207 34.4844243619591 5.9199504451826206 42.714297585189342 68.46840463206172 57.973860697820783 18.625450421124697 11.333482405170797 558.61064386647195 69.697172325104475 17.346307905390859 168.44770079478621 4.9982595331966868
leaf_count=575 18282 870 844 4237 3345 17308 2722 161 5634 10968 591 642 4799 28843 19465 256 416 95 212 107 670 1138 251 97 148 973 104 271 628 114
internal_value=0.0229207 0.0158364 0.0491064 0.020152 -0.0123821 0.000653945 0.0304444 0.0937146 0.0102595 0.0214176 0.0494311 0.0804292 0.0191714 0.0262366 0.0063398 -0.031805 0.0319678 0.0199608 0.0522789 0.0513789 0.00798567 -0.0166739 0.0268719 0.0827074 0.0614628 0.0637721 0.0351181 -0.0227984 0.0676716 -0.0372944
internal_weight=5791.64 4558.42 1233.23 3953.76 604.659 432.279 225.405 54.5177 170.887 3868.53 287.161 200.93 3581.37 2309.65 1271.72 206.874 568.669 351.342 94.989 217.326 256.353 111.183 145.171 60.5046 185.701 664.556 105.946 86.2311 174.368 85.2276
internal_count=124766 118508 6258 70800 47708 29426 11862 2883 8979 66449 2374 1233 64075 33642 30433 17564 4606 3307 404 1299 2903 1808 1095 192 883 1652 679 1141 735 4351
is_linear=0
shrinkage=0.05


Tree=21
num_leaves=31
num_cat=0
split_feature=80 57 36 46 5 68 10 3 6 47 6 4 2 68 14 3 3 5 6 6 57 14 4 36 14 32 2 68 82 0
split_gain=401.622 199.972 133.199 108.625 86.1289 138.009 125.865 141.854 112.943 82.5095 77.2091 95.6579 94.6979 93.1774 73.6028 66.7482 66.0244 64.45 58.201 53.9783 49.0601 53.0494 47.6772 52.7412 138.956 42.2081 41.7505 38.1589 50.0205 34.1542
threshold=89.500000000000014 13.251380330913085 0.22382536171043285 0.048938862955248692 15.155989646911623 30.500000000000004 0.4016129076480866 65.500000000000014 12.05082416534424 0.015349572277285346 51.038969039916999 27.500000000000004 28.500000000000004 75.500000000000014 0.98604467511177074 101.50000000000001 71.500000000000014 46.205465316772468 27.384943962097172 71.231739044189467 25.042918012841763 0.97188103199005138 13.500000000000002 0.20573593037831076 0.9360608458518983 1160.4387817382815 28.500000000000004 31.500000000000004 1529.5000000000002 59.500000000000007
decision_type=2 2 2 2 2 2 2 2 2 2 2 2 2 2 2 2 2 2 2 2 2 2 2 2 2 2 2 2 2 2
left_child=2 3 -1 10 5 14 9 -8 -7 -6 12 16 13 -2 -5 22 -12 -14 -4 20 21 -20 23 24 -3 -17 -22 -27 -29 -21
right_child=1 15 18 4 6 8 7 -9 -10 -11 11 -13 17 -15 -16 25 -18 -19 19 29 26 -23 -24 -25 -26 27 -28 28 -30 -31
leaf_value=0.062892048150004154 0.065826964054880782 -0.0041876385170816982 -0.04769578040541534 -0.029117160425006169 0.053613760408726063 -0.047557529263482383 0.023601692478967082 -0.004803608441787414 0.054610063011655434 -0.019922294531195872 -0.011501366973150622 0.18194469490808871 -0.032404627274311766 0.012435382185978609 0.11082478890266596 -0.042569452911879788 0.19397231912806678 0.081711197932287219 0.012693669463356514 -0.060395481778911991 0.062557987400265705 0.05622963212789156 -0.037333064907409085 -0.029080905565601209 0.12773901407867824 -0.051204609334373354 -0.056653348424472151 0.086158696520396802 -0.053076574688325377 0.037002924135364879
leaf_weight=638.43693391326815 366.01073137205094 199.78764422843233 23.241672178264707 99.182515861932188 42.216845258139074 29.125433332286775 1733.1618564734235 588.85565352858976 379.67349057272077 395.53907869383693 129.91061308933422 7.1854560356587163 56.653456011321396 105.20334974536672 10.379160712007431 14.878444680012761 4.0309075070545068 15.83013488166034 233.27168603101745 24.142206935212016 180.27382801938802 99.954209653660655 190.10874365782365 154.1161141525954 22.174994973000139 7.9021239504218093 7.6565115721896282 45.770215649157763 7.5086402231827369 14.351291682571171
leaf_count=989 5409 13006 563 2010 1618 535 27672 9062 3730 18578 4202 27 1131 1615 146 753 110 162 2669 547 919 356 14721 11846 867 445 125 365 498 90
internal_value=0.0216238 0.0148635 0.0471145 0.0190579 0.0152744 0.0339748 0.0117619 0.0163982 0.047331 -0.0128305 0.0371692 0.0042167 0.0457226 0.0539067 -0.01586 -0.0110179 -0.00531773 -0.00748217 0.0298335 0.0330532 0.0372734 0.0257527 -0.0169259 -0.00660995 0.00899239 0.0329608 0.0577012 0.0513288 0.0665361 -0.024083
internal_weight=5826.53 4605.21 1221.33 3962.96 3278.13 518.361 2759.77 2322.02 408.799 437.756 684.825 141.127 543.698 471.214 109.562 642.247 133.942 72.4836 582.891 559.65 521.156 333.226 566.187 376.079 221.963 76.0594 187.93 61.181 53.2789 38.4935
internal_count=124766 118508 6258 76007 63351 6421 56930 36734 4265 20196 12656 4339 8317 7024 2156 42501 4312 1293 5269 4706 4069 3025 40440 25719 13873 2061 1044 1308 863 637
is_linear=0
shrinkage=0.05


Tree=22
num_leaves=31
num_cat=0
split_feature=80 80 36 4 27 27 5 68 68 6 5 29 6 33 3 6 68 32 6 72 4 42 2 45 6 68 5 66 80 33
split_gain=375.079 183.144 130.841 107.159 95.4809 147.195 92.9963 103.521 99.1103 89.4696 100.804 81.294 70.06 62.4761 97.7964 59.1533 58.6711 45.3073 45.2469 39.6059 38.1225 40.0855 37.2144 31.8613 27.2973 31.5075 25.6558 23.1899 19.3886 19.2858
threshold=89.500000000000014 439.50000000000006 0.24494642178715217 1.0000000180025095e-35 1292.8599853515627 1630.9600219726565 29.919390678405765 23.500000000000004 22.500000000000004 68.818317413330092 66.901790618896499 2855.5000000000005 80.030220031738295 190.19094085693362 19.500000000000004 69.931659698486342 7.5000000000000009 594.24053955078136 27.384943962097172 5.2641082410505708 1.5000000000000002 -11.124999999999998 2.5000000000000004 0.96143848876453719 78.967304229736342 2.5000000000000004 59.860870361328132 1.5707885410448659 204.50000000000003 134.04244232177737
decision_type=2 2 2 2 2 2 2 2 2 2 2 2 2 2 2 2 2 2 2 2 2 2 2 2 2 2 2 2 2 2
left_child=2 4 17 -3 24 6 7 -6 -8 10 11 -5 23 14 20 16 -15 26 -18 27 -4 -22 -16 -7 -2 -26 -1 -11 -14 -19
right_child=1 3 13 9 5 12 8 -9 -10 19 -12 -13 28 15 22 -17 18 29 -20 -21 21 -23 -24 -25 25 -27 -28 -29 -30 -31
leaf_value=-0.031090165038209529 -0.048964511647039778 -0.052280532189694265 -0.061150712953777032 0.020540527949531661 -0.051021303067274974 -0.045100193336899547 0.074119684032176544 0.067202603378155187 -0.050580187192305275 -0.05116493228133983 0.18555371584617208 -0.019513670470944499 0.067163885594651321 -0.057020113140254049 0.018437997851595427 -0.0495040092497539 -0.058111782917353243 0.065527470579323663 0.050661109728607746 0.35837326517103563 -0.041417453573627055 0.073827593981370634 -0.048857613485300315 0.12628507541702319 0.16452317690982562 -0.050817461607998139 0.060039951140082551 0.19381716364062676 -0.055048472050958801 0.034384381012209385
leaf_weight=20.744371409527957 155.59527938114479 53.912858922500163 7.4121846072375766 3807.6088859485462 21.587250798940659 171.44535918859765 21.983547526411712 130.16766667272896 57.903778763487935 56.775901114568114 9.1285211266949755 131.03799714241177 20.631764073856178 14.010479302145539 28.714328777045012 18.105054241605103 9.8529279101639968 584.20619954168797 322.29403396509588 0.60890739504247804 8.7033601086586696 56.712172014638782 72.196647744160146 2.7553727827034882 3.2907672040164462 3.510932716075331 12.304250549525021 0.98270542733371158 3.8510660016909233 54.334532110020518
leaf_count=338 17973 2422 181 61519 1458 17143 1921 2720 5763 3518 53 3263 113 202 485 304 178 719 1426 18 109 388 1660 165 13 296 90 7 143 178
internal_value=0.0203999 0.0139514 0.0452045 0.0177417 -0.0120113 0.000316699 0.0273993 0.0503852 -0.016265 0.018684 0.0195926 0.0192079 -0.0312585 0.0268314 0.00215997 0.0385987 0.0432067 0.0599229 0.0474344 -0.0427679 0.0463174 0.0584946 -0.0297086 -0.0423894 -0.0446785 0.0533677 0.00283826 -0.0469968 0.0479403 0.0628775
internal_weight=5862.37 4652.78 1209.59 4060.06 592.723 430.326 231.642 151.755 79.8873 4006.14 3947.78 3938.65 198.684 538.001 173.739 364.262 346.157 671.589 332.147 58.3675 72.8277 65.4155 100.911 174.201 162.397 6.8017 33.0486 57.7586 24.4828 638.541
internal_count=124766 118508 6258 70800 47708 29426 11862 4178 7684 68378 64835 64782 17564 4933 2823 2110 1806 1325 1604 3543 678 497 2145 17308 18282 309 428 3525 256 897
is_linear=0
shrinkage=0.05


Tree=23
num_leaves=31
num_cat=0
split_feature=80 57 36 82 49 45 0 29 66 68 5 83 24 68 24 6 6 28 6 6 57 0 32 5 0 13 54 55 30 14
split_gain=351.598 164.643 128.131 114.101 105.992 96.2886 153.142 105.039 84.6809 84.1647 70.5651 66.2165 112.054 169.33 334.081 73.8136 58.6641 49.2325 45.7166 41.6054 39.3936 30.9157 29.2003 39.4529 27.9419 48.1349 27.5384 22.1644 42.5576 19.8151
threshold=89.500000000000014 14.305464268647476 0.22382536171043285 196.00000000000003 1.2003822883226081 0.6936498147475747 25.500000000000004 2855.5000000000005 1.3201038653131358 7.5000000000000009 12.845828056335451 641.38290405273449 1597.5000000000002 27.500000000000004 1435.5000000000002 22.072481155395511 80.030220031738295 60.35675239562989 27.384943962097172 71.231739044189467 25.461201174383532 59.500000000000007 611.04663085937511 50.518932342529304 61.500000000000007 0.9465378224849702 9.4051055648739563 7.7913836368792024 1977.5000000000002 0.97188103199005138
decision_type=2 2 2 2 2 2 2 2 2 2 2 2 2 2 2 2 2 2 2 2 2 2 2 2 2 2 2 2 2 2
left_child=2 3 22 4 -2 6 10 9 -8 -7 -5 24 13 14 -13 -15 29 -4 -19 20 -20 -21 23 -1 27 -26 -27 28 -3 -14
right_child=1 11 17 5 -6 7 8 -9 -10 -11 -12 12 16 15 -16 -17 -18 18 19 21 -22 -23 -24 -25 25 26 -28 -29 -30 -31
leaf_value=-0.058126860144386276 1.0232616969536046 -0.050866072737202832 -0.054912416550668877 0.028132780088260173 -0.045131545347498039 -0.014945101577804945 0.0063562379151433038 -0.038252986803812089 0.029394790978042824 0.028262294203844008 -0.031584401348462798 -0.050683055210293697 -0.045579314436959735 0.11399718706507261 0.50120355792602833 -0.051591154427627864 0.046465485805354964 -0.04609568762826069 0.026092910221252371 -0.060248070140393621 0.055769442787818958 0.035867895124396018 0.062379971559436559 0.05130207935838911 -0.050900840747923504 0.18368432198386694 -0.056479633725330769 -0.046987645813952442 0.290876989124634 0.16244601541287795
leaf_weight=11.93348486535251 0.23278986569493909 2.5169211439788337 17.878830166999251 59.776958607137203 83.275982989929616 119.24747184617445 1038.6448703380302 65.749624965246767 647.50793057121336 2055.1661955709569 286.86931360000744 5.1390881417319161 77.909405199345201 11.010573329403998 5.8792541353031993 17.311244749929756 24.184916907921433 19.390478618908674 349.02441306225955 20.497990289703012 164.54396094474941 14.135620241984723 570.78492533788085 26.588949203491211 8.8346916567534191 5.08064923249185 1.5601427135989068 179.47018577810377 1.4277832014486191 1.1617999412119377
leaf_count=171 17 228 1113 1249 8146 2712 16402 1727 8892 36965 13865 474 8436 49 242 1389 241 404 2506 421 741 84 717 101 696 97 83 16549 6 43
internal_value=0.0192675 0.0131083 0.0434859 0.0157289 -0.0421533 0.0168601 0.00898088 0.02401 0.0152034 0.0258927 -0.0212866 -0.0203242 0.00567856 0.0774858 0.243797 0.012784 -0.0216797 0.0267819 0.0293553 0.032024 0.0356011 -0.0210186 0.0595364 0.0174032 -0.0389671 0.0255518 0.127262 -0.0444108 0.0728276 -0.0425228
internal_weight=5892.74 4697.96 1194.78 4356.47 83.5088 4272.96 2032.8 2240.16 1686.15 2174.41 346.646 341.487 142.596 39.3402 11.0183 28.3218 103.256 585.471 567.592 548.202 513.568 34.6336 609.307 38.5224 198.89 15.4755 6.64079 183.415 3.9447 79.0712
internal_count=124766 118508 6258 89975 8163 81812 40408 41404 25294 39677 15114 28533 10874 2154 716 1438 8720 5269 4156 3752 3247 505 989 272 17659 876 180 16783 234 8479
is_linear=0
shrinkage=0.05


Tree=24
num_leaves=31
num_cat=0
split_feature=81 81 36 4 27 27 9 29 5 6 5 82 6 6 4 68 6 57 32 52 72 6 24 6 4 9 49 25 65 39
split_gain=328.601 151.243 126.788 95.6944 88.1191 128.106 81.6633 146.219 88.535 78.5997 84.1817 80.7177 75.8795 61.8109 50.688 49.4675 41.1067 42.0181 39.8945 35.541 28.7293 24.2057 22.6345 22.4999 33.4834 27.0536 21.4958 17.9168 17.0434 16.1296
threshold=14011.000000000002 48372.000000000007 0.24494642178715217 1.0000000180025095e-35 1292.8599853515627 1630.9600219726565 80.437500000000014 1911.5000000000002 29.919390678405765 68.818317413330092 65.666843414306655 978.00000000000011 12.05082416534424 80.030220031738295 23.500000000000004 8.5000000000000018 70.214290618896499 25.042918012841763 594.24053955078136 0.84747580517519161 5.2641082410505708 78.967304229736342 1366.5000000000002 60.953744888305671 7.5000000000000009 99.937500000000014 1.7706851417223328 2246.3518066406255 12.845828056335451 -79428.117187499985
decision_type=2 2 2 2 2 2 2 2 2 2 2 2 2 2 2 2 2 2 2 2 2 2 2 2 2 2 2 2 2 2
left_child=2 4 18 -3 21 6 8 -8 -6 10 12 -12 -5 19 15 -4 17 -17 23 -7 28 -2 -23 25 -25 -1 -18 -15 -11 -20
right_child=1 3 14 9 5 13 7 -9 -10 20 11 -13 -14 27 -16 16 26 -19 29 -21 -22 22 -24 24 -26 -27 -28 -29 -30 -31
leaf_value=-0.064091481413087292 -0.048813777379281449 -0.052216985353664286 -0.043685369576947845 -0.053849570424758054 0.028927652651346492 0.1421892625589195 0.11926436517968071 -0.052815701901777007 -0.050489798960604321 -0.051124646421423059 -0.05366406139087633 0.1914936016791198 0.017488615449324195 -0.054083724283537929 -0.052673726296579008 0.022785299024314684 0.023162411284519579 0.054053819214119662 -0.0015049524557268535 -0.044805690652405486 0.25087443970320755 -0.051757962045813725 0.12847595849714707 -0.082154956629116191 0.07612361624655424 0.22322146483641953 -0.05772575454374837 0.062092106937708946 0.13321778082568134 0.060775132887873243
leaf_weight=12.877172182314094 144.52727609919384 51.318201526999474 23.622192045673728 37.625751092098653 125.93420337932184 2.5816699112765482 46.127034395933151 16.855778054334223 48.650257658213377 53.724529267754406 4.5512897297740009 12.800600995309649 4001.4690576982684 3.9588329354301122 20.755850151181221 293.12284102663398 14.368123832624404 169.60469034686685 10.57983026653528 161.41078913025558 0.82255011983215709 3.2034540758468202 3.8182165389880538 4.3780883820727494 14.11072697304189 0.87499290890991765 19.174045108258724 20.524659183807671 1.2838154202327121 598.23418975621462
leaf_count=298 17973 2422 386 768 3345 203 1861 1022 5634 3502 107 77 63883 157 749 2385 162 794 60 17105 18 260 49 63 62 5 457 99 23 837
internal_value=0.0181919 0.0123123 0.0417818 0.0156384 -0.0116643 -1.64874e-05 0.0244045 0.0732114 0.00679693 0.0164852 0.0172962 0.12719 0.0168241 -0.0307982 0.0239479 0.0270069 0.0303719 0.0342462 0.0568225 -0.0418619 -0.0424364 -0.0444093 0.0462489 0.00262021 0.0386438 -0.045811 -0.0230765 0.0433072 -0.0468224 0.0596928
internal_weight=5922.89 4741.19 1181.7 4163.6 577.592 426.043 237.567 62.9828 174.584 4112.28 4056.45 17.3519 4039.09 188.476 540.648 519.892 496.27 462.728 641.055 163.992 55.8309 151.549 7.02167 32.241 18.4888 13.7522 33.5422 24.4835 55.0083 608.814
internal_count=124766 118508 6258 70800 47708 29426 11862 2883 8979 68378 64835 184 64651 17564 4933 4184 3798 3179 1325 17308 3543 18282 309 428 125 303 619 256 3525 897
is_linear=0
shrinkage=0.05


Tree=25
num_leaves=31
num_cat=0
split_feature=80 57 49 82 5 3 32 60 2 57 34 83 68 67 27 54 14 3 10 10 3 10 10 49 68 10 13 33 55 27
split_gain=307.218 139.056 124.432 99.8367 92.5602 343.022 209.571 199.576 198.416 210.391 116.921 61.2911 94.6802 95.3407 84.8923 66.9057 53.5163 62.3291 48.9591 88.5716 75.5127 42.1186 53.2491 41.645 35.084 33.1845 36.6094 32.1418 26.9336 21.9732
threshold=89.500000000000014 14.305464268647476 1.3560131311359311 190.50000000000003 30.095133781433109 65.500000000000014 1401.7915649414065 2.5000000000000004 18.500000000000004 10.839930979483263 0.56956237242441532 641.38290405273449 49.500000000000007 304.50000000000006 1487.4199829101565 5.2641082410505708 0.92632794380187999 79.500000000000014 0.85241937637329113 0.64004096388816845 75.500000000000014 0.032795699313282974 0.25601638853549963 2.4389957631970689 53.500000000000007 0.99206349253654491 0.9465378224849702 170.92395782470706 10.717434085322902 2419.980102539063
decision_type=2 2 2 2 2 2 2 2 2 2 2 2 2 2 2 2 2 2 2 2 2 2 2 2 2 2 2 2 2 2
left_child=2 3 -1 -2 5 7 -7 -5 10 -10 -6 25 13 15 -15 -13 17 21 19 20 -18 27 -23 24 -20 29 -27 -4 -21 -3
right_child=1 11 16 4 8 6 -8 -9 9 -11 -12 12 -14 14 -16 -17 18 -19 23 28 -22 22 -24 -25 -26 26 -28 -29 -30 -31
leaf_value=0.058454214582855435 -0.050678885357547637 -0.047985498458375533 -0.055199568775116815 0.12563805938352857 0.034202072644714303 0.031656614538719964 -0.0044957760580534552 0.039108230848491021 0.041540198804189965 0.0049878776063038525 -0.019918159879058737 0.10479716101030885 -0.048662985502541542 0.18846163185908521 0.029530361427864135 -0.032063741185305313 0.049097037803803839 -0.057727547265061033 0.096657459556925493 0.098115159713616326 -0.041562488523773665 -0.041776815950260483 0.021405793041724849 -0.02989771636208069 0.045876293998148139 -0.050992436807406262 0.11915598460193069 0.077645688829918569 -0.059242306225258758 0.036980911044107216
leaf_weight=518.40744375251234 59.061605389695615 167.4220087477006 5.1715306416153899 113.28310457151383 116.80900378292426 835.66919474722818 770.43421335238963 161.83317353436723 613.99229920329526 1097.1142913531512 685.19540227064863 11.217722796369342 51.636874887626618 15.53777875844389 18.295536869671196 43.784308267291635 168.19297822797671 31.474422615021467 58.938980439677835 2.9497156143188468 26.601203142665327 43.101276900153607 147.35141790984198 11.952496959827839 80.425030035898089 5.939012883231042 6.7595269661396742 38.082745044492185 34.81394698517397 7.9715111162513486
leaf_count=855 6478 16642 213 1992 3225 9473 16614 2215 7103 18818 24057 128 5930 336 953 3527 798 820 124 9 320 504 1677 122 282 450 118 108 426 449
internal_value=0.0171941 0.01158 0.0401892 0.013896 0.0147639 0.0231512 0.0143146 0.0747381 0.00848546 0.0181039 -0.0120357 -0.0198104 0.00517854 0.0364747 0.102519 -0.00415081 0.0256008 0.00832673 0.0375338 0.0231302 0.0367165 0.0172226 0.00710696 0.0596706 0.0673524 -0.0384729 0.0395788 0.0617626 -0.0469511 -0.0441238
internal_weight=5949.42 4781.96 1167.46 4453.39 4394.33 1881.22 1606.1 275.116 2513.11 1711.11 802.004 328.564 140.472 88.8353 33.8333 55.002 649.056 265.181 383.874 232.558 194.794 233.707 190.453 151.317 139.364 188.092 12.6985 43.2543 37.7637 175.394
internal_count=124766 118508 6258 89975 83497 30294 26087 4207 53203 25921 27282 28533 10874 4944 1289 3655 5403 3322 2081 1553 1118 2502 2181 528 406 17659 568 321 435 17091
is_linear=0
shrinkage=0.05


Tree=26
num_leaves=31
num_cat=0
split_feature=80 82 36 82 5 3 57 10 30 10 13 28 66 27 10 57 39 58 32 5 6 26 57 83 13 5 36 38 68 10
split_gain=287.834 130.026 122.21 120.739 101.409 283.674 186.999 226.232 158.192 152.474 105.071 42.1292 38.6417 51.1686 46.9076 35.707 43.6339 29.9493 28.0119 33.9154 23.6284 21.19 19.8958 25.352 19.056 15.9911 34.5186 27.6878 14.1022 11.2451
threshold=89.500000000000014 1529.5000000000002 0.22382536171043285 194.50000000000003 30.095133781433109 65.500000000000014 11.774110107669406 0.4016129076480866 1223.5000000000002 0.5600358545780183 0.96869203448295604 60.35675239562989 0.90559467330295862 813.91198730468761 0.16001024097204211 26.227508058375502 -77056.664062499985 15.687928862988711 611.04663085937511 50.518932342529304 78.967304229736342 39.953683853149421 10.468140260370577 250.08034515380862 0.94844654202461254 14.848380565643312 0.1672562694554022 8.8750000000000018 2.5000000000000004 0.33602151274681097
decision_type=2 2 2 2 2 2 2 2 2 2 2 2 2 2 2 2 2 2 2 2 2 2 2 2 2 2 2 2 2 2
left_child=2 3 18 20 5 9 7 -6 -7 -5 -8 -4 13 21 -15 17 -17 -14 19 24 22 -13 23 -2 -1 26 -20 -28 -22 -21
right_child=1 -3 11 4 6 8 10 -9 -10 -11 -12 12 15 14 -16 16 -18 -19 25 29 28 -23 -24 -25 -26 -27 27 -29 -30 -31
leaf_value=-0.081416081914954655 -0.050775925817646478 -0.050902896356075228 -0.054727068528560754 0.0072924758908120731 -0.030627259650286117 0.027891569302103892 -0.0035564296205937065 0.024324481391937589 -0.0031409688321241778 0.088255028395604687 -0.049920677729438395 0.032807315075702323 0.04846070419966525 -0.061964695949582926 0.030230107091458614 -0.031946908715551663 0.073481894965372593 0.013529362395768199 0.056932998168612005 0.063314654343899962 0.10943176631490309 -0.054501667722147096 -0.050599166785052718 0.19438612426232751 0.11557173167926826 0.062130129833093607 -0.058235110425861603 0.061079462295152889 -0.050925115158697881 -0.016175978318298759
leaf_weight=10.173554462380705 2.3379306201823047 83.62909024534747 17.031256254762411 79.173199663870037 215.19606734998524 903.31723750336096 868.0864229965955 1444.7000698191114 752.9942437754944 219.02504420280457 142.21498669544235 8.5080225598067027 93.536104905419052 15.286855164915321 141.51786175556481 11.113931085914372 83.905797173269093 178.38658845610917 63.532014116644859 19.863752117380503 4.0498952567577353 37.936873527243733 97.670569714624435 1.9209020384587345 1.3961874861270178 441.90152350440621 13.90491681918502 7.4767954424023619 2.0727605349384248 5.7332097059115759
leaf_count=157 200 9926 1113 2556 9544 11260 29453 17999 16125 2016 7020 93 571 172 790 105 378 1364 79 43 8 683 12227 8 14 564 60 14 166 58
internal_value=0.0162677 0.0108991 0.0387285 0.0119912 0.0132119 0.021866 0.00687738 0.0172003 0.0137835 0.066759 -0.0100829 0.0227632 0.0250778 0.00758849 0.0212421 0.0347651 0.0611505 0.0255451 0.0553517 0.013399 -0.0402559 -0.0385079 -0.0459864 0.0598019 -0.0576444 0.0583115 0.0384389 -0.016513 0.0551446 0.0455103
internal_weight=5967.59 4816.39 1151.21 4732.76 4624.71 1954.51 2670.2 1659.9 1656.31 298.198 1010.3 587.223 570.192 203.25 156.805 366.942 95.0197 271.923 563.982 37.1667 108.052 46.4449 101.929 4.25883 11.5697 526.815 84.9137 21.3817 6.12266 25.597
internal_count=124766 118508 6258 108582 95973 31957 64016 27543 27385 4572 36473 5269 4156 1738 962 2418 483 1935 989 272 12609 776 12435 208 171 717 153 74 174 101
is_linear=0
shrinkage=0.05


Tree=27
num_leaves=31
num_cat=0
split_feature=81 82 36 82 5 68 27 10 29 36 14 33 66 6 68 0 0 14 10 35 65 30 6 0 10 6 33 6 31 6
split_gain=269.006 120.986 120.313 111.327 94.9823 190.905 102.045 96.9961 144.148 115.898 79.6282 49.8479 44.208 50.6443 41.8004 63.8156 38.6288 59.7443 47.7091 36.9206 34.9034 27.8909 70.1307 62.7695 24.5903 26.4503 24.3811 38.4374 33.1056 22.1753
threshold=14011.000000000002 1529.5000000000002 0.24494642178715217 194.50000000000003 15.155989646911623 30.500000000000004 1077.028015136719 0.4016129076480866 1873.5000000000002 0.15039728324868271 0.98604467511177074 204.1973571777344 0.90559467330295862 48.273712158203132 29.500000000000004 55.500000000000007 27.500000000000004 0.97188103199005138 0.20801331102848056 0.38127447598207703 15.155989646911623 556.50000000000011 48.081878662109382 8.5000000000000018 0.86190477013587963 39.621349334716804 134.04244232177737 57.279808044433601 698.50000000000011 78.967304229736342
decision_type=2 2 2 2 2 2 2 2 2 2 2 2 2 2 2 2 2 2 2 2 2 2 2 2 2 2 2 2 2 2
left_child=2 3 21 29 5 10 -7 8 -6 -9 -5 12 24 -14 15 20 18 -18 -16 -15 -13 22 -1 -24 -4 -26 -23 28 -28 -2
right_child=1 -3 11 4 7 6 -8 9 -10 -11 -12 14 13 19 16 -17 17 -19 -20 -21 -22 26 23 -25 25 -27 27 -29 -30 -31
leaf_value=-0.07980115374122225 -0.045841110461149102 -0.050866342101209855 -0.048107218429793409 -0.034538503035721251 -0.046784156453509342 -0.047443820351098641 0.046162757546053264 0.02948105096682432 0.0062137438872014233 0.0075125412060081335 0.095637297898531648 -0.054992111000087343 -0.036260162485639028 0.042217031547603964 0.024639700512368218 0.074723769595082132 -0.027154434852496703 0.050669966291181562 0.081372651322948575 -0.062767973388685172 0.049105803441244565 0.060723441184754326 -0.098156451196828226 0.062240777149721815 0.19236300879557763 -0.0018707859471131059 -0.079179979021134217 0.058077736938906249 0.057968717876901388 0.051959430531917095
leaf_weight=13.224808686412869 97.294345138594508 79.606180650182068 52.427555188536644 130.86325108958408 177.4839189844206 30.696658000349998 565.09757827920839 790.52249701879919 462.99297929275781 2495.8486777967773 12.906093393918125 38.011123228818178 33.51420409604907 103.71406822511926 63.158901733346283 19.260091457515955 42.392925530672073 58.95694150775671 89.667211282998323 9.1100036241114122 10.216712014749644 463.03377107530832 6.7810495821759096 60.687347596976906 1.9345503915101314 18.651450100820512 12.583045352250339 31.945242948830128 6.7659969273954621 6.1631292230449608
leaf_count=249 12435 9926 1005 2981 13082 667 5121 13417 19303 41291 111 492 737 964 350 65 473 186 174 179 47 610 71 218 6 255 98 59 20 174
internal_value=0.0153963 0.010266 0.0372967 0.0112862 0.0124236 0.028861 0.0413399 0.00932786 -0.00847262 0.012797 -0.0228527 0.0202323 0.00185343 0.0177086 0.0327654 -0.00221411 0.042053 0.0181173 0.0579265 0.03374 -0.0329397 0.0528124 0.0254826 0.0461197 -0.0299246 0.0163822 0.0571001 0.0243925 -0.0312217 -0.040015
internal_weight=5985.51 4849.48 1136.04 4769.87 4666.41 739.564 595.794 3926.85 640.477 3286.37 143.769 541.016 219.352 146.338 321.664 67.4879 254.176 101.35 152.826 112.824 48.2278 595.021 80.6932 67.4684 73.0136 20.586 514.328 51.2943 19.349 103.457
internal_count=124766 118508 6258 108582 95973 8880 5788 87093 32385 54708 3092 4933 3146 1880 1787 604 1183 659 524 1143 539 1325 538 289 1266 261 787 177 118 12609
is_linear=0
shrinkage=0.05


Tree=28
num_leaves=31
num_cat=0
split_feature=80 36 82 36 29 68 5 30 68 6 33 5 68 6 5 60 32 31 0 14 10 46 37 33 6 31 6 51 13 13
split_gain=252.87 114.479 112.833 100.877 89.7841 101.892 84.4079 72.3008 51.7233 248.296 44.1808 48.6908 43.8654 43.1176 35.976 35.5476 34.489 32.2599 31.0462 29.1778 23.0622 20.381 19.6274 19.2925 37.4651 30.6751 18.2803 16.9783 14.7419 13.1252
threshold=79.500000000000014 0.24494642178715217 1529.5000000000002 0.42543304579556279 1017.5000000000001 6.5000000000000009 15.155989646911623 483.50000000000006 4.5000000000000009 65.091342926025405 190.19094085693362 48.587106704711921 7.5000000000000009 69.931659698486342 12.845828056335451 3.5000000000000004 594.24053955078136 554.50000000000011 16.500000000000004 0.97644498944282543 0.99206349253654491 0.002321531915352074 279.43872070312506 134.04244232177737 57.279808044433601 698.50000000000011 58.012725830078132 1.1272665785496618 0.85200974345207225 0.86019602417945873
decision_type=2 2 2 2 2 2 2 2 2 2 2 2 2 2 2 2 2 2 2 2 2 2 2 2 2 2 2 2 2 2
left_child=1 16 3 4 8 7 -7 -6 9 -2 11 19 -12 14 -14 -10 27 18 -13 26 21 -5 -22 29 25 -25 -3 28 -1 -18
right_child=2 10 -4 20 5 6 -8 -9 15 -11 12 17 13 -15 -16 -17 23 -19 -20 -21 22 -23 -24 24 -26 -27 -28 -29 -30 -31
leaf_value=-0.028761628827679797 -0.052834422135664173 -0.055954437832113159 -0.050831112230589608 0.077649973066712397 0.37840224545758472 0.030931354547012305 0.011884605040646937 -0.018932347889244232 -0.042305560419103105 0.59268595069554608 -0.056999406307645245 -0.045763512318322597 -0.039691399152882167 -0.047773426705184016 0.04027586072309363 0.019114472780282887 0.035699487835371836 -0.063616026104015802 0.048086963012280742 0.035553671136827496 0.094264548557134203 -0.045318069888571871 -0.053945640917385268 -0.077909307464595179 0.058809308472948713 0.054414517404240074 0.0037864996851386086 -0.053755421296562259 0.0611250916834487 0.060678580448186407
leaf_weight=7.4295916263945463 6.4344956469722074 53.453409411944449 75.774903011508286 3.4806569013744584 1.1499679884873319 694.58510874398053 3578.3273491556756 260.12961908243597 127.37419416476041 1.9384434553794561 14.111478776670991 10.152371739502994 14.714216343127189 15.805438862182198 318.59165083058178 28.903124094475061 59.889035994186997 9.1499707493931037 66.74615019466728 14.821177458390592 6.0440305676311237 105.63002796517685 3.5434372373856604 12.159624610096218 31.191438816487789 6.8453928790986529 16.838794404640794 10.050269111059604 11.815776724368332 431.42611884325743
leaf_count=123 270 1589 9926 137 16 7916 75812 7469 5557 51 219 228 194 285 1392 375 121 119 568 52 147 10619 293 98 56 20 228 198 97 591
internal_value=0.0145869 0.0361882 0.00970808 0.0106603 0.0118103 0.0131273 0.0149808 -0.0171836 -0.0244594 0.0966119 0.0195567 -0.00138653 0.0294257 0.0329191 0.0367456 -0.0309461 0.0517585 0.0251361 0.0356965 -0.0282006 -0.0348623 -0.0413954 0.0394875 0.0546171 0.0250912 -0.0302478 -0.0416432 -0.00108218 0.0264247 0.0576337
internal_weight=5998.51 1105.19 4893.32 4817.54 4698.84 4534.19 4272.91 261.28 164.65 8.37294 534.385 171.162 363.223 349.111 333.306 156.277 570.807 86.0485 76.8985 85.1134 118.698 109.111 9.58747 541.512 50.1965 19.005 70.2922 29.2956 19.2454 491.315
internal_count=124766 6178 118588 108662 97466 91213 83728 7485 6253 321 4874 2784 2090 1871 1586 5932 1304 915 796 1869 11196 10756 440 886 174 118 1817 418 220 712
is_linear=0
shrinkage=0.05


Tree=29
num_leaves=31
num_cat=0
split_feature=80 49 82 82 29 68 41 27 68 6 10 0 5 57 66 30 68 10 57 6 5 6 41 32 6 55 38 0 64 4
split_gain=237.097 115.167 105.102 98.959 82.9267 85.0053 80.5708 55.5172 52.5922 136.747 42.8501 109.036 77.7339 54.9202 52.9814 51.1893 60.9441 67.1067 41.4717 34.2402 29.0286 22.4709 18.4118 16.5761 40.4966 15.2265 11.9081 10.6029 9.47062 9.11385
threshold=89.500000000000014 1.3560131311359311 1529.5000000000002 190.50000000000003 1017.5000000000001 6.5000000000000009 -38.124999999999993 800.95602416992199 4.5000000000000009 65.091342926025405 0.85241937637329113 30.500000000000004 19.260068893432621 29.897342272177422 1.2309513612611103 361.50000000000006 54.500000000000007 0.94325396418571483 10.468140260370577 56.57240295410157 11.604263305664064 78.967304229736342 -51.874999999999993 611.04663085937511 60.953744888305671 10.717434085322902 -181.87499999999997 25.500000000000004 8.9375000000000018 10.500000000000002
decision_type=2 2 2 2 2 2 2 2 2 2 2 2 2 2 2 2 2 2 2 2 2 2 2 2 2 2 2 2 2 2
left_child=1 23 3 21 8 7 -7 -6 9 -5 11 12 27 25 -14 20 22 -18 -10 -15 -12 -2 -17 24 -1 -13 -23 -3 29 -26
right_child=2 10 -4 4 5 6 -8 -9 18 -11 15 13 14 19 -16 16 17 -19 -20 -21 -22 26 -24 -25 28 -27 -28 -29 -30 -31
leaf_value=-0.076405743309881827 -0.05050108466134872 -0.061123171431665062 -0.050797162781560913 -0.05306362074027976 0.29872255265700187 0.0017387081014024542 0.017651159762642799 -0.017729334011476448 0.023797291988220868 0.37179915371721034 0.053800595453988277 0.046532760540726199 0.015856387669128068 0.12916789087213196 0.057512880601565286 -0.0082235947686628841 -0.056271489203717828 0.047061489340929324 -0.04466206273378967 -0.058009476490171907 -0.054223927477065115 0.09450295659734903 0.087585428561780795 0.056369421406314069 -0.032014407811403793 -0.051697327201342652 -0.056753682395234206 0.032997394605386587 0.084344993646687808 0.062441944291514263
leaf_weight=8.2484420146793145 79.21080079395324 26.964630346279595 72.126278230454773 5.34101654589176 1.3936350345611561 1048.1312343883328 3300.5268120542169 251.78855463396758 27.158155702520162 2.9344822447746992 9.0187992118299025 4.1400736416690043 183.98704745760188 7.7313997093588096 130.45022179419175 5.3586266860365859 21.021927187219262 62.201650245115161 119.29796730587259 3.572117016185075 20.032871946692467 4.2919242861680686 78.074948687106371 430.39530566707253 4.7741209072992223 83.736861321143806 1.8673905166797329 3.365720738656818 11.677761180326341 5.4909618813544512
leaf_count=186 11157 442 9926 131 2 24856 59812 6848 343 30 63 35 1334 11 662 32 233 158 5248 72 528 52 158 597 32 1610 103 65 25 15
internal_value=0.013813 0.0347935 0.0091155 0.010008 0.0109656 0.0121762 0.0138159 -0.0159874 -0.0250381 0.0975922 0.0210666 0.0124743 0.0257647 -0.0337253 0.0331384 0.0405576 0.0512341 0.02096 -0.0319673 0.0700164 -0.0206888 -0.0433479 0.081432 0.0538572 0.0180436 -0.0470695 0.0486447 -0.0506787 0.0535476 0.0185119
internal_weight=6014.31 1100.24 4914.07 4841.94 4756.57 4601.84 4348.66 253.182 154.732 8.2755 639.657 443.948 344.768 99.1805 314.437 195.709 166.657 83.2236 146.456 11.3035 29.0517 85.3701 83.4336 460.587 30.1913 87.8769 6.15931 30.3304 21.9428 10.2651
internal_count=124766 6258 118508 108582 97270 91518 84668 6850 5752 161 5403 4231 2503 1728 1996 1172 581 391 5591 83 591 11312 190 855 258 1645 155 507 72 47
is_linear=0
shrinkage=0.05


Tree=30
num_leaves=31
num_cat=0
split_feature=80 35 82 82 5 3 57 10 32 58 32 52 57 6 63 14 32 10 14 30 30 6 6 28 6 49 38 40 42 14
split_gain=222.962 112.884 98.122 91.788 78.6999 237.222 162.789 191.07 144.991 135.778 86.59 37.0031 34.1315 36.9364 29.1494 42.7888 48.2874 30.5688 27.8088 39.5921 26.1271 21.2618 20.1612 15.2958 14.5227 12.6336 10.5155 10.4428 8.0745 7.54426
threshold=89.500000000000014 0.13525321688156935 1529.5000000000002 190.50000000000003 30.095133781433109 65.500000000000014 11.774110107669406 0.4016129076480866 1401.7915649414065 9.4421147176003561 1767.0349731445315 0.65251443095009709 29.67571300963078 71.923461914062514 178.82789442488476 0.94198518991470348 845.87463378906261 0.85241937637329113 0.8437788486480714 483.50000000000006 361.50000000000006 78.967304229736342 44.546915054321296 187.79938507080081 59.273530960083015 1.9182783921924813 -181.87499999999997 -92.124999999999986 6.3750000000000009 0.94834819436073314
decision_type=2 2 2 2 2 2 2 2 2 2 2 2 2 2 2 2 2 2 2 2 2 2 2 2 2 2 2 2 2 2
left_child=1 11 3 21 5 9 7 -6 -7 -5 -8 -1 14 20 24 16 -16 -17 19 23 28 -2 -21 -13 -3 -26 -23 -22 -14 -20
right_child=2 12 -4 4 6 8 10 -9 -10 -11 -12 18 13 -15 15 17 -18 -19 29 22 27 26 -24 -25 25 -27 -28 -29 -30 -31
leaf_value=-0.049578531947260043 -0.050477052724020602 -0.019865001804065002 -0.050764451054675808 0.020906149480325317 -0.030273872664962422 0.024110132601193178 -0.01879865242445114 0.020446106371207771 -0.0049086116972844544 0.086357657037811036 0.015911088003164816 -0.059085306376490024 -0.057980408885330029 -0.059622007847065631 -0.028112788504025696 0.010887567397315639 0.020591236748801332 0.045658823846449648 0.052011020970783466 0.00015376628590181189 0.036115018712314088 0.087375115513996418 0.054654832295897064 0.11737282890662676 0.048008200003645057 0.12530731034948367 -0.056515754391515106 0.096791168388136575 0.080121511940913437 0.065723818312399526
leaf_weight=9.1243902505375427 75.382612865418196 4.1432836400344994 68.651735919527709 142.78403715556487 211.75601222692057 911.76994072971866 795.07613008422777 1508.1247081723996 815.40685847960413 178.03879990847781 232.14565002266318 14.307825708761809 4.7085184194147578 6.1913059251382938 112.97047332720831 165.67405359772965 92.611178355291486 102.20117547083646 228.63288798369467 22.14992898888886 8.9979425687342864 4.4067978663370013 72.540818750858307 1.3433939106762398 11.878844703547658 9.5237891739234311 1.7836070493794967 33.463866223581135 1.3653238350525496 178.69309930130839
leaf_count=203 11157 77 9926 1759 9577 11082 29660 18048 16665 2866 7613 458 95 160 2129 1047 565 389 537 78 34 52 109 4 24 25 103 55 6 263
internal_value=0.013091 0.0336668 0.00859528 0.00943092 0.0103256 0.0177444 0.00479485 0.0142013 0.0104103 0.0572281 -0.0109545 0.0502358 0.0179037 0.0553881 0.0137927 0.0109857 -0.00617242 0.0241537 0.0519952 0.0297295 0.070059 -0.0431619 0.041906 -0.0439393 0.0658178 0.0824049 0.0459166 0.0839335 -0.0269368 0.0580268
internal_weight=6025.85 1080.52 4945.33 4876.68 4795.1 2048 2747.1 1719.88 1727.18 320.823 1027.22 526.792 553.73 54.727 499.003 473.457 205.582 267.875 517.668 110.342 48.5357 81.573 94.6907 15.6512 25.5459 21.4026 6.1904 42.4618 6.07384 407.326
internal_count=124766 6258 118508 108582 97270 32372 64898 27625 27747 4625 37273 1652 4606 350 4256 4130 2694 1436 1449 649 190 11312 187 462 126 49 155 89 101 800
is_linear=0
shrinkage=0.05


Tree=31
num_leaves=31
num_cat=0
split_feature=81 49 82 82 4 31 49 48 72 3 10 10 3 14 49 49 6 32 6 42 6 2 57 68 52 6 51 34 32 49
split_gain=207.981 110.62 91.7046 85.237 72.732 69.6136 72.373 43.9125 39.2961 38.0267 40.403 96.213 76.8219 46.7796 38.8323 25.3582 20.1503 15.7053 36.4944 14.5551 13.4943 13.1863 11.8512 9.53151 6.70365 6.46406 4.06668 3.69415 1.97051 1.07199
threshold=14011.000000000002 1.3560131311359311 1529.5000000000002 190.50000000000003 1.0000000180025095e-35 295.50000000000006 1.195565428289586 -86.611145019531236 1.0000000180025095e-35 105.50000000000001 0.85241937637329113 0.64004096388816845 79.500000000000014 0.89395353198051464 2.4389957631970689 1.4955190415634834 78.967304229736342 611.04663085937511 60.953744888305671 -50.124999999999993 8.2054533958435076 10.500000000000002 35.657546112143692 2.5000000000000004 0.74598197488759443 34.144334793090827 10.342969532942105 0.26570210534253852 561.44607543945324 1.3943280531425655
decision_type=2 2 2 2 2 2 2 2 2 2 2 2 2 2 2 2 2 2 2 2 2 2 2 2 2 2 2 2 2 2
left_child=1 17 3 16 7 8 -7 -5 -6 10 11 12 -3 15 -15 -12 -2 18 28 -13 -19 -20 -9 -18 -22 -26 29 -23 -1 -11
right_child=2 9 -4 4 5 6 -8 22 -10 26 13 19 -14 14 -16 -17 23 20 21 -21 24 27 -24 -25 25 -27 -28 -29 -30 -31
leaf_value=-0.053464240216654739 -0.050454159535763515 0.028390200871607631 -0.05073293668316077 0.39993294356331099 -0.040506763755837422 0.032076044326378991 0.0098516557532323176 -0.051979012940806091 0.00080304893981438311 -0.098480210296478576 0.07436648438201858 0.032057136077444696 -0.054276051126729563 0.058308009397749341 -0.033275249751703782 -0.043720788324860579 0.084088458238789007 -0.11150730146499065 -0.012314455157498457 -0.057819727616090999 -0.076083787949246251 0.10343222395316375 0.060786809548670641 -0.050995382509497048 0.043663690212445462 0.058727040710375038 0.030392137432892 0.053750599006906701 -0.10392969156542049 -0.058876382009640585
leaf_weight=4.3784627555869546 71.737875503487885 344.55228989757597 65.343096005730331 0.5529872328042974 96.439582550432533 402.03337280219421 4123.3517301329412 59.964622615370899 142.8263704162091 1.9708734755404318 5.7290155119262662 4.9578866586089125 30.599951539188623 145.77088084584102 12.572749968618153 22.020732643082738 4.3400986269116393 1.2212408632040013 6.0108225867152241 49.271834077313542 0.97372997552156348 6.5645836843177667 2.4241399979218832 1.8678583465516565 92.461585342884064 310.01119036972523 1.2321722116321314 8.7010062728077155 3.465202521532774 12.843106772284953
leaf_count=169 11157 2497 9926 19 2139 10031 77184 3618 4274 17 31 40 607 438 140 456 8 7 31 847 7 9 5 147 152 431 12 32 17 318
internal_value=0.0124063 0.0324547 0.00810973 0.00889353 0.00973101 0.0104364 0.0118261 -0.0436656 -0.0158475 0.0191012 0.0210823 0.0126487 0.0216474 0.0405416 0.0510361 -0.0193413 -0.0429757 0.051895 0.0164294 -0.0496028 0.0544471 0.0504152 -0.0475975 0.0434443 0.0549495 0.0552665 -0.0568859 0.0751149 -0.075759 -0.0641453
internal_weight=6036.19 1065.31 4970.88 4905.54 4827.59 4764.65 4525.39 62.9417 239.266 631.521 615.475 429.382 375.152 186.093 158.344 27.7497 77.9458 433.788 29.1201 54.2297 404.668 21.2764 62.3888 6.20796 403.447 402.473 16.0462 15.2656 7.84367 14.814
internal_count=124766 6258 118508 108582 97270 93628 87215 3642 6413 5403 5056 3991 3104 1065 578 487 11312 855 258 887 597 72 3623 155 590 583 347 41 186 335
is_linear=0
shrinkage=0.05


Tree=32
num_leaves=31
num_cat=0
split_feature=81 36 57 46 67 36 5 68 3 46 42 83 27 54 67 53 53 6 72 3 14 3 35 6 58 68 10 33 27 39
split_gain=194.519 110.153 85.9983 73.5178 112.673 71.1841 73.0209 112.835 82.0775 60.8564 76.7953 59.8217 77.1656 89.1087 91.8651 57.121 54.3418 50.8401 46.3791 43.9035 41.1758 56.2478 46.1548 41.0398 36.6439 36.0514 25.398 24.1066 21.5719 28.0359
threshold=14011.000000000002 0.17122574315970543 14.305464268647476 0.051372950862937243 221.50000000000003 0.42543304579556279 15.155989646911623 30.500000000000004 69.500000000000014 0.046511611793892349 12.875000000000002 641.38290405273449 1582.863952636719 5.2641082410505708 304.50000000000006 0.903455638050631 0.82975807816925273 80.030220031738295 5.7440929736139177 103.50000000000001 0.92632794380187999 75.500000000000014 0.12554427037492921 22.923373222351078 19.867360684571391 92.500000000000014 0.99206349253654491 377.20301818847662 2419.980102539063 21045.000000000004
decision_type=2 2 2 2 2 2 2 2 2 2 2 2 2 2 2 2 2 2 2 2 2 2 2 2 2 2 2 2 2 2
left_child=1 -1 3 4 15 6 7 -5 -8 18 -11 26 13 -13 -15 16 -2 -14 -6 20 21 24 -22 -17 -3 -24 28 -28 -4 -30
right_child=2 19 11 5 9 -7 8 -9 -10 10 -12 12 17 14 -16 23 -18 -19 -20 -21 22 -23 25 -25 -26 -27 27 -29 29 -31
leaf_value=0.055014680966933585 -0.029980815671126711 0.0026984208789873586 -0.047660421627357702 -0.020269002055158955 -0.007391286694657411 -0.052210763000981479 0.0082669388977801034 0.033873654002165174 -0.011423708487602447 0.047661822966494939 0.39601841569344254 0.58571605194968956 -0.04645641848368768 -0.028403258535334919 0.11133374279468777 -0.045311658409827801 0.058076571012239286 0.041391333941287495 0.26572761566167213 -0.042704599159292485 0.062710076800428088 -0.053456665402875914 0.027233753540021673 0.02576623827233547 0.043344438033511616 -0.052515046918526126 -0.050903710285547382 0.087181663334770787 -0.051725294362554998 0.13797147951087541
leaf_weight=334.59536182507873 18.748486569151282 167.63876521587372 149.0048415963538 120.15978278499097 315.76618666574359 51.200089944060892 2512.327657006681 483.18071039253846 670.46493980614468 31.442680621985346 1.6658946759998787 0.78490492701530357 59.769905283115804 21.346846329979599 26.193861538078636 22.580068182665855 267.45809978432953 22.73409026581794 1.5620737657882262 26.662903388030827 98.462597830221057 32.833889341447502 290.3529229266569 201.86344903009012 82.857551740948111 14.898604086600242 5.4381717448122782 7.5470435447059572 4.1389115569181731 3.6791553711518645
leaf_count=512 523 1893 16642 2492 7167 4703 49242 4580 13226 667 37 39 8118 1760 730 364 3715 227 27 448 223 765 1637 3232 643 137 438 130 397 52
internal_value=0.0117607 0.0313432 0.00765425 0.00931314 0.0225164 0.00635036 0.00714228 0.0230907 0.00411904 0.000683456 0.0651898 -0.0182711 0.00713883 0.0573127 0.0485887 0.0374994 0.0523082 -0.0222498 -0.00604684 0.0202458 0.0226888 0.00807744 0.0329431 0.0186155 0.016143 0.0233414 -0.0378484 0.0293519 -0.0434127 0.0375454
internal_weight=6047.36 1048.3 4999.06 4698.42 861.087 3837.33 3786.13 603.34 3182.79 350.437 33.1086 300.638 130.83 48.3256 47.5407 510.65 286.207 82.504 317.328 713.707 687.044 283.33 403.714 224.444 250.496 305.252 169.808 12.9852 156.823 7.81807
internal_count=124766 6258 118508 89975 15732 74243 69540 7072 62468 7898 704 28533 10874 2529 2490 7834 4238 8345 7194 5746 5298 3301 1997 3596 2536 1774 17659 568 17091 449
is_linear=0
shrinkage=0.05


Tree=33
num_leaves=31
num_cat=0
split_feature=80 36 80 33 36 24 3 5 4 6 13 3 14 56 32 13 3 79 41 3 10 0 3 6 30 49 67 63 68 83
split_gain=180.985 105.934 79.0808 78.3914 89.1912 80.6231 77.7903 183.233 126.814 69.9508 71.8999 66.7494 66.5272 46.3161 141.506 59.6383 50.9385 43.8092 41.6242 39.6674 39.1416 57.8871 60.0732 49.2073 40.8913 38.5226 36.0776 67.581 48.1771 30.6777
threshold=79.500000000000014 0.17122574315970543 631.00000000000011 92.132038116455092 0.11360853119616508 1736.5000000000002 39.500000000000007 44.886449813842781 26.500000000000004 34.719518661499031 0.98231911659240734 119.50000000000001 0.92632794380187999 8.5973202492459251 1039.1064453125002 0.93809106945991527 105.50000000000001 1.9830348576910779 -63.624999999999993 103.50000000000001 0.89444443583488475 30.500000000000004 79.500000000000014 54.902397155761726 361.50000000000006 1.1357229581058663 128.50000000000003 416.31523625091012 46.500000000000007 134.19710540771487
decision_type=2 2 2 2 2 2 2 2 2 2 2 2 2 2 2 2 2 2 2 2 2 2 2 2 2 2 2 2 2 2
left_child=1 -1 11 5 9 17 8 -8 -6 18 -11 13 -7 14 15 -2 -16 -4 -5 20 21 22 -3 -23 -22 -19 27 -15 -28 -26
right_child=2 19 3 4 6 12 7 -9 -10 10 -12 -13 -14 26 16 -17 -18 25 -20 -21 24 23 -24 -25 29 -27 28 -29 -30 -31
leaf_value=0.054110260180165064 0.13167643146016683 0.030950873607056811 0.21383899809783316 0.21664082037297319 -0.0060911111793607812 0.018545259720411537 0.012704707317142502 0.081263144629074746 0.040583203351629217 0.054468937599494532 0.18377978564789527 0.076364640845435539 0.3733256987444134 0.015164956071654166 -0.043838287237929485 -0.059909984738318822 0.089477065825576685 0.010524094968386509 -0.031860886486819062 -0.0411316708169795 -0.018388240783756209 0.0060517556325778987 -0.041737994147006678 -0.060764512156409045 0.068647398519479749 -0.043528455335846414 0.0020733558144030713 -0.04254712716745903 -0.028376580086610311 0.022715846438271393
leaf_weight=320.97297059185803 30.073876582086086 335.09815117716789 1.8618721934035409 1.7901733927428747 1078.4227565079927 3.1279107592999926 2351.9281495413743 101.67221093084663 168.23269455693662 104.2986013465561 11.985011745244263 24.39930267771706 2.2878250908106565 242.10931360721588 46.255888085346669 4.6962647265754631 8.4784948066808266 43.987531261518598 28.711032154969871 26.026591478381306 24.362926908768713 92.416270477697253 31.058433188591152 39.261749237775803 96.273493831977248 131.51704222708941 195.79519379651174 64.171028455719352 385.96942935092375 58.408012622967362
leaf_count=509 162 2007 27 9 25135 37 30450 649 1772 1273 33 345 10 9208 1325 131 98 741 447 443 486 1232 477 614 203 2868 15511 6607 21750 207
internal_value=0.0111479 0.0303102 0.00724875 0.0103743 0.0118944 -0.0216189 0.010378 0.0155456 0.000207458 0.050119 0.0677966 -0.00532212 0.168419 -0.00736099 0.0269206 0.1058 -0.0231874 -0.0274216 -0.0172759 0.0194422 0.0217713 0.0145607 0.0247852 -0.0138705 0.0418205 -0.029981 -0.0108162 0.00307328 -0.0181285 0.0513036
internal_weight=6055.65 1023.88 5031.77 4029.82 3847.04 182.782 3700.26 2453.6 1246.66 146.785 116.284 1001.95 5.41574 977.549 89.5045 34.7701 54.7344 177.366 30.5012 702.906 676.879 497.835 366.157 131.678 179.044 175.505 888.045 306.28 581.765 154.682
internal_count=124766 6178 118588 63451 59768 3683 58006 31099 26907 1762 1306 55137 47 54792 1716 293 1423 3636 456 5669 5226 4330 2484 1846 896 3609 53076 15815 37261 410
is_linear=0
shrinkage=0.05


Tree=34
num_leaves=31
num_cat=0
split_feature=80 49 82 29 68 82 35 10 32 52 46 79 48 14 6 58 35 67 10 10 3 51 49 40 68 29 58 30 5 0
split_gain=168.394 104.473 80.9137 75.3842 68.6145 73.8478 66.3268 46.4457 94.4866 45.7297 39.2844 35.5357 34.3941 31.954 41.8258 48.9848 45.1896 34.3549 29.4164 60.1902 47.7923 29.3645 29.066 25.0229 23.8802 22.6905 16.3545 15.8787 47.122 32.8735
threshold=89.500000000000014 1.3560131311359311 1512.0000000000002 1017.5000000000001 6.5000000000000009 190.50000000000003 0.010988926371560877 0.64004096388816845 2146.1035156250005 0.99964451453005332 1.5714061228053067 9.2072854795905492 -86.611145019531236 0.92632794380187999 58.217197418212898 19.867360684571391 0.35822731053011692 781.50000000000011 0.85241937637329113 0.64004096388816845 75.500000000000014 0.099999651516368235 2.4389957631970689 -94.624999999999986 53.500000000000007 1708.5000000000002 15.154866900073875 556.50000000000011 50.518932342529304 60.500000000000007
decision_type=2 2 2 2 2 2 2 2 2 2 2 2 2 2 2 2 2 2 2 2 2 2 2 2 2 2 2 2 2 2
left_child=1 27 3 9 7 -6 -7 12 -9 10 21 -11 -5 14 15 25 17 -16 19 20 -15 -2 24 -17 -20 -3 -21 28 29 -1
right_child=2 13 -4 4 5 6 -8 8 -10 11 -12 -13 -14 18 16 23 -18 -19 22 26 -22 -23 -24 -25 -26 -27 -28 -29 -30 -31
leaf_value=-0.0965756177193655 0.052818608229960679 -0.048019050205774155 -0.049053020249106016 0.31676803845853935 -0.050482576628635506 0.052522230220663407 0.0098991535974926274 -0.0028532670403596189 0.28152219505687387 -0.053734763552930123 0.18598407353909374 0.21120081885247341 -0.040977798809272999 0.034821255347074941 0.039164628558176651 0.071191258772937041 -0.058541689457618888 -0.087063790443775116 0.074078916915945633 0.045823645860557295 -0.040023726391460769 -0.03952133650898456 -0.031611037537595886 -0.018619586416189715 0.031271211830502521 0.021951411999963599 -0.058912547422733302 0.052851808242560555 0.055255802382218645 0.080992195575001827
leaf_weight=10.841116234194486 9.1554898889735323 76.153869651723653 63.971399661153555 0.67564434790983696 49.731257368577644 93.203618241939694 4405.060656583868 143.86166020482779 2.9814990777522317 1.9789253459312011 2.056329153943806 3.5116834146901965 119.75517546851188 169.19627143396065 109.84747882187366 19.022371711209416 15.274028551299123 5.6684786076657465 58.139248671941459 4.2465348364785305 24.405696738045663 144.39944378915243 11.862146249040959 13.09445761144161 74.102598913479596 13.665745265781878 30.476763805840164 349.17667180672288 32.209247239865363 3.4315341119654468
leaf_count=190 375 1811 10120 22 7817 2037 82439 2884 40 129 37 16 5123 798 774 43 308 125 124 45 320 7469 122 183 282 78 390 557 95 13
internal_value=0.0105722 0.029091 0.0068216 0.00753987 0.00866549 0.0101124 0.0107823 -0.0159552 0.00292068 -0.0261046 -0.0311085 0.115713 -0.0389708 0.0163658 0.00264321 -0.018423 0.0222834 0.0329705 0.0256777 0.0145142 0.0253862 -0.0340157 0.0433659 0.0345742 0.0500913 -0.0373733 -0.0461037 0.0491972 0.0217437 -0.0538835
internal_weight=6061.16 1020.81 5040.34 4976.37 4815.27 4548 4498.26 267.274 146.843 161.102 155.611 5.49061 120.431 625.156 252.726 121.936 130.79 115.516 372.429 228.325 193.602 153.555 144.104 32.1168 132.242 89.8196 34.7233 395.659 46.4819 14.2727
internal_count=124766 6258 118508 108388 100362 92293 84476 8069 2924 8026 7881 145 5145 5403 3322 2115 1207 899 2081 1553 1118 7844 528 226 406 1889 435 855 298 203
is_linear=0
shrinkage=0.05


Tree=35
num_leaves=31
num_cat=0
split_feature=80 36 82 36 4 3 68 6 14 3 35 68 63 58 68 40 3 10 48 79 37 55 3 6 57 31 37 31 30 55
split_gain=157.595 101.36 75.7202 72.6739 64.8042 58.3906 179.804 106.693 35.9317 62.6483 50.7516 37.4646 32.6554 57.4453 29.5566 29.4262 20.0633 20.412 16.1545 15.8713 14.3025 11.8307 9.30774 7.66178 7.61533 7.57436 5.93364 5.24134 7.64561 4.09845
threshold=79.500000000000014 0.17122574315970543 1512.0000000000002 0.42543304579556279 1.0000000180025095e-35 91.500000000000014 29.500000000000004 24.266363143920902 0.92632794380187999 79.500000000000014 0.12554427037492921 92.500000000000014 178.82789442488476 19.867360684571391 7.5000000000000009 -333.62499999999994 119.50000000000001 0.99206349253654491 -9.7777404785156232 4.1783913053773123 279.43872070312506 25.148031444901253 63.500000000000007 8.2054533958435076 10.961058806445019 1005.5000000000001 76.078086853027358 299.50000000000006 556.50000000000011 18.563412882016422
decision_type=2 2 2 2 2 2 2 2 2 2 2 2 2 2 2 2 2 2 2 2 2 2 2 2 2 2 2 2 2 2
left_child=1 23 3 4 15 7 -7 -6 9 12 19 14 18 -14 -12 -2 17 24 -3 22 -19 -17 -10 -1 -5 -13 -21 28 -11 -29
right_child=2 8 -4 16 5 6 -8 -9 10 27 11 25 13 -15 -16 21 -18 20 -20 26 -22 -23 -24 -25 -26 -27 -28 29 -30 -31
leaf_value=-0.12339538215218192 0.25622461062386387 -0.028587251953197231 -0.048873521699737764 0.0029171600466229943 -0.030493790259275427 -0.026678724324800521 0.031792503367323123 0.0079577931048743361 0.037412550903444725 -0.068057460510674905 -0.058811955343421318 -0.071393916448845726 -0.016195077953675554 0.037520178082974656 0.024683742249196061 -0.051917956465715953 0.092403537883039011 0.076040415920528556 0.066067755486921301 0.079657086864444768 -0.054312114025148274 0.06979430327516889 -0.054607206842081146 0.052932206709153211 -0.048939561063426854 0.016102335264443764 0.052827780252521883 -0.057891242202722064 -0.17829109313245417 0.0005145566598713365
leaf_weight=0.61734168417751689 0.80743093602359195 5.1754957395605734 61.06941360514611 7.7169434437528244 189.3735093860887 162.67420457513072 685.60446441289969 3809.467783495551 8.0723814498633129 6.4465089193545264 11.00401394581422 13.608890890143813 128.50785454548895 81.239072179887444 287.99929587030783 57.202473712153733 3.0570762818679205 6.2913604630157334 34.929426668677479 43.997927178163081 3.161918040830642 2.0687576793134204 4.1663669785484663 298.69813092891127 85.74377951072529 3.0228947363793841 38.766092732548714 20.445420572068546 2.0806805640459061 3.5208920473232856
leaf_count=6 38 30 10120 386 3467 3887 6555 79643 35 358 165 140 1834 641 1600 3679 41 147 113 77 293 3 38 503 10329 15 77 492 11 43
internal_value=0.0100297 0.0282533 0.0064659 0.00714004 0.0080247 0.0086644 0.0205795 0.00613684 0.017751 0.00402049 0.0271918 0.0175482 0.0125141 0.00460989 0.0216109 -0.0435856 -0.0338262 -0.0375759 0.0538526 0.0592316 0.0324403 -0.0476698 0.00608679 0.0525685 -0.0446578 -0.0554911 0.0670904 -0.0612891 -0.0949551 -0.0493108
internal_weight=6066.54 992.299 5074.24 5013.17 4907.2 4847.12 848.279 3998.84 692.983 282.345 410.638 315.635 249.852 209.747 299.003 60.0787 105.971 102.914 40.1049 95.0028 9.45328 59.2712 12.2387 299.315 93.4607 16.6318 82.764 32.4935 8.52719 23.9663
internal_count=124766 6178 118588 108468 97272 93552 10442 83110 5669 3522 2147 1920 2618 2475 1765 3720 11196 11155 143 227 440 3682 73 509 10715 155 154 904 369 535
is_linear=0
shrinkage=0.05


Tree=36
num_leaves=31
num_cat=0
split_feature=80 36 82 29 31 40 83 10 67 44 60 5 68 3 5 67 3 10 10 3 5 3 42 5 55 56 13 30 33 6
split_gain=146.749 100.746 71.1058 67.9233 65.7471 89.9921 163.064 71.7671 49.7852 57.1047 37.6059 62.6155 48.2265 96.6904 34.7911 34.4974 33.1264 33.5437 77.8957 60.3084 37.3176 89.1922 32.8403 28.3998 16.3495 13.9066 12.6596 9.99365 10.0997 7.08059
threshold=89.500000000000014 0.17122574315970543 1529.5000000000002 1030.5000000000002 1076.5000000000002 -284.62499999999994 476.04631042480474 0.5280338227748872 120.50000000000001 0.27709147952302388 3.5000000000000004 27.886538505554203 4.5000000000000009 13.500000000000002 25.564390182495121 2.5000000000000004 103.50000000000001 0.84563493728637706 0.64004096388816845 79.500000000000014 17.119742393493656 31.500000000000004 -25.624999999999996 19.260068893432621 10.717434085322902 14.0258456852207 0.99672871828079235 779.50000000000011 138.07629394531253 8.2054533958435076
decision_type=2 2 2 2 2 2 2 2 2 2 2 2 2 2 2 2 2 2 2 2 2 2 2 2 2 2 2 2 2 2
left_child=1 29 3 10 5 6 -5 -7 9 -6 12 14 13 -2 -12 -14 17 18 19 -3 25 -22 -13 -10 -20 -19 27 -18 -29 -1
right_child=2 16 -4 4 8 7 -8 -9 23 -11 11 22 15 -15 -16 -17 26 20 24 -21 21 -23 -24 -25 -26 -27 -28 28 -30 -31
leaf_value=-0.11745382890921247 0.26500802230552539 0.024626278239685693 -0.050681017687802948 0.039499428581015066 0.011225230695306117 -0.0013169959991516905 0.29111539484691534 0.012412432199148525 0.00070056825454146217 0.21544524324543826 0.0052920771768715175 0.11255714801692791 0.30816987761536435 -0.052682527721019425 0.19132644970974916 -0.045346885664251983 -0.070996186577109793 0.0040107890096399241 0.055630938827458898 -0.044208475068458139 0.048212922764399049 -0.038218053235788113 -0.044523148318991679 -0.042007651137771523 -0.052782277880169773 0.079601988202003898 0.075632644777473848 0.063355201350896742 -0.061982810245907842 0.052219975832533107
leaf_weight=0.61617030389606853 3.8992749934550357 384.44918930809945 54.564657375914976 57.463140708627179 48.102697065332904 1356.8454822786152 7.2516096523031583 3188.7559338069987 54.891729790950194 3.6853194648865601 3.9839178137481195 3.9216411937959483 0.6937632451299568 6.2084942848887295 6.80757687240839 130.37772460863926 16.539656504523016 6.9289453709498039 3.7394611993804565 34.691534260753542 100.28252631146461 42.498470527585596 21.958239997737113 133.82355833379552 49.662005312275141 49.918035214301199 2.1806374192237845 3.3073355555534354 3.1267236769199371 290.34202052745968
leaf_count=6 64 2641 9926 1716 1954 46325 111 40829 1185 59 48 15 25 307 24 7627 386 41 22 633 389 557 360 7933 894 121 2 4 56 506
internal_value=0.00951706 0.0271465 0.00608955 0.00670555 0.00781824 0.00914776 0.0676942 0.00831425 -0.017668 0.0257579 -0.0236426 0.0214694 -0.0353605 0.069873 0.122648 -0.0434757 0.0168345 0.0189427 0.0116829 0.0189289 0.0361276 0.0224869 -0.0207204 -0.0295851 -0.0451906 0.0703884 -0.0394998 -0.050428 0.00244539 0.0518607
internal_weight=6071.52 988.283 5083.23 5028.67 4850.82 4610.32 64.7148 4545.6 240.503 51.788 177.851 36.6714 141.179 10.1078 10.7915 131.071 697.325 672.17 472.542 419.141 199.628 142.781 25.8799 188.715 53.4015 56.847 25.1544 22.9737 6.43406 290.958
internal_count=124766 6258 118508 108582 100112 88981 1827 87154 11131 2013 8470 447 8023 371 72 7652 5746 5298 4190 3274 1108 946 375 9118 916 162 448 446 60 512
is_linear=0
shrinkage=0.05


Tree=37
num_leaves=31
num_cat=0
split_feature=80 36 82 82 5 3 57 5 30 56 32 35 14 6 4 10 6 57 52 6 52 33 57 36 80 38 6 57 14 6
split_gain=136.691 97.9249 66.7703 65.0058 63.922 188.654 126.28 163.721 124.796 108.905 72.3002 31.7668 48.4873 41.8293 33.1543 39.7265 44.04 37.1361 19.2073 17.8219 15.794 12.3741 11.1569 10.5995 9.26357 8.25661 6.5463 5.35166 4.33329 2.77438
threshold=89.500000000000014 0.17122574315970543 1529.5000000000002 190.50000000000003 30.095133781433109 65.500000000000014 11.774110107669406 41.253728866577156 1223.5000000000002 9.9508309332795992 1767.0349731445315 0.12554427037492921 0.89620792865753185 58.012725830078132 23.500000000000004 0.21317204087972644 54.419303894042976 17.539424045537046 0.69889416116298408 78.967304229736342 0.72649935085391426 415.56459045410162 20.132929799810622 0.22146089957235723 78.500000000000014 -181.87499999999997 8.2054533958435076 17.61454038304365 0.99014693498611461 36.679668426513679
decision_type=2 2 2 2 2 2 2 2 2 2 2 2 2 2 2 2 2 2 2 2 2 2 2 2 2 2 2 2 2 2
left_child=1 26 3 19 5 9 7 -6 -7 -5 -8 12 13 24 15 16 -13 -17 -15 -2 21 -14 23 -16 -3 -21 -1 -22 -24 -28
right_child=2 11 -4 4 6 8 10 -9 -10 -11 -12 14 20 18 22 17 -18 -19 -20 25 27 -23 28 -25 -26 -27 29 -29 -30 -31
leaf_value=-0.11193896538927071 -0.050400598368479411 -0.071742618250629206 -0.050653322040811577 0.021964341991934724 -0.0064608644896158134 0.018936589652966671 -0.019081158155406813 0.023793529811575499 -0.0075826310706988897 0.078167963503432095 0.012134478365390333 -0.061009953233300135 -0.044208813929608806 -0.074003916100434761 0.084189278946967427 -0.053337776625072192 0.0078402318200400719 0.023807291651501944 0.039684983095540138 0.075355460044701672 0.097914535846032213 0.062436748680017244 -0.061955074633075195 -0.051766438259242924 0.042706096140509915 -0.05725159203296977 0.043482799570173536 0.056696935944618367 0.054098310968302213 0.054569321688656941
leaf_weight=0.61424657888710399 61.558030267013237 18.106215526349846 51.931173032615334 192.0845197616145 818.17988178413361 983.41933837067336 796.57010583789088 986.10352555755526 808.22348944842815 156.34442901052535 241.80520426528528 33.917298111133277 6.8648690888658148 4.1446798923425368 3.0401895614340928 16.293233642820269 73.684150422457606 366.54985742457211 35.843883306253701 4.3921098057180643 8.6030097007751447 4.5049451887607574 22.221467199735347 2.712888632202521 1.9593923138454545 1.6019876096397627 78.340757170692086 93.091367922723293 0.83455214649438758 201.77070278860629
leaf_count=6 11157 477 9926 2220 12288 11617 29660 15337 16130 2405 7613 466 86 95 6 237 690 2501 168 52 16 6 600 161 10 103 151 224 3 355
internal_value=0.00902811 0.0262015 0.00575278 0.0063328 0.0069933 0.0135202 0.00207954 0.0100742 0.00697357 0.0471836 -0.011812 0.0161018 0.0346501 -0.00165797 0.0099178 0.0129799 -0.0138622 0.0205241 0.0279015 -0.0423867 0.0539352 -0.00195373 -0.0422113 0.0200788 -0.0605668 0.0399148 0.0511111 0.0601838 -0.0577543 0.0514687
internal_weight=6075.31 973.098 5102.21 5050.28 4982.73 2140.07 2842.66 1804.28 1791.64 348.429 1038.38 692.372 173.118 60.0542 519.254 490.445 107.601 382.843 39.9886 67.5521 113.064 11.3698 28.8091 5.75308 20.0656 5.9941 280.726 101.694 23.056 280.111
internal_count=124766 6258 118508 108582 97270 32372 64898 27625 27747 4625 37273 5746 1082 750 4664 3894 1156 2738 263 11312 332 92 770 167 487 155 512 240 603 506
is_linear=0
shrinkage=0.05


Tree=38
num_leaves=31
num_cat=0
split_feature=80 36 4 82 36 5 69 29 45 14 3 35 69 56 54 6 69 77 10 48 79 66 49 31 6 37 80 67 53 6
split_gain=127.311 93.1499 63.2377 60.0672 61.2319 56.1838 187.08 71.618 31.374 30.3639 52.3792 45.0812 33.5925 30.8079 55.6658 30.5538 26.3837 25.8931 24.9821 24.0522 14.7659 9.89274 8.34637 6.82757 6.05497 5.59831 4.16081 3.40921 3.34379 2.92007
threshold=79.500000000000014 0.17122574315970543 1.0000000180025095e-35 1529.5000000000002 0.42936157626501642 9.6126484870910662 0.43939393939393945 2855.5000000000005 0.96143848876453719 0.92632794380187999 79.500000000000014 0.12554427037492921 0.93434343434343448 20.650905926468496 6.9887509499112168 71.923461914062514 0.075757575757575774 981.50000000000011 0.99206349253654491 -86.611145019531236 4.1783913053773123 1.2377998557731817 1.0564703576992096 1005.5000000000001 8.2054533958435076 76.99756240844728 78.500000000000014 16.500000000000004 0.82286439289746505 36.679668426513679
decision_type=2 2 2 2 2 2 2 2 2 2 2 2 2 2 2 2 2 2 2 2 2 2 2 2 2 2 2 2 2 2
left_child=1 24 19 4 5 6 -4 -7 18 10 13 20 16 14 -3 -15 -13 -10 -6 -2 21 -11 -21 -14 -1 -22 27 -12 -26 -30
right_child=2 9 3 -5 8 7 -8 -9 17 11 26 12 23 15 -16 -17 -18 -19 -20 22 25 -23 -24 -25 28 -27 -28 -29 29 -31
leaf_value=-0.10687597021360094 0.20266366404610761 0.053465412079529907 -0.02997179563841499 -0.050590511886848301 -0.051794798791652719 0.006826338990058284 0.047170510819471372 -0.03231837630950004 0.01410270100676321 -0.056173512338942799 0.019982222926108274 -0.058621307524371002 -0.070343001089186882 0.043941920624560919 -0.01780115711312286 -0.062894812753344229 0.022045073959964384 0.23598745553424202 0.038485420147667204 0.039776454368446582 0.075603022164982853 0.038624864607324193 -0.051761493520175575 0.013852343561317194 -0.1400882094861034 0.048543068170704154 0.044224432552161748 -0.066665740734125317 0.042491579495059634 0.05409940842065785
leaf_weight=0.61125046480446954 0.97219364647753437 34.933171918615699 109.15632047085091 46.33288714918308 75.657632726011798 4416.8355887904763 280.69150506984442 120.02167304512113 5.9297103558201334 4.3659480866044742 1.183664842043078 10.508586796466259 13.164256795309486 77.668557113967836 127.06884787091985 7.3230966790579251 286.31084950035438 1.6894400208257137 8.5262797703035158 2.5981335279066107 43.090696354396641 7.4448220673948526 59.946686222450808 2.9468578193336716 0.22952753305435081 34.35027808137238 0.93184549547731776 27.731885904679075 75.380461718887091 192.6296093929559
leaf_count=6 29 118 1944 9368 9462 87134 1703 3373 365 44 21 165 140 431 1880 189 1600 25 357 41 79 29 4787 15 1 75 7 876 150 352
internal_value=0.0085686 0.0254031 0.00545708 0.00607886 0.00660205 0.00735596 0.0255709 0.00579077 -0.0338575 0.0155403 0.00279641 0.0243126 0.0153725 0.0103568 -0.00243365 0.0347366 0.0191892 0.0633025 -0.0426511 -0.0441229 0.0556578 0.00358187 -0.047959 -0.054943 0.050313 0.0636001 -0.0597675 -0.0631188 0.0506712 0.0508346
internal_weight=6076.23 947.874 5128.36 5064.84 5018.51 4926.71 389.848 4536.86 91.8031 679.023 276.841 402.182 312.931 246.994 162.002 84.9917 296.819 7.61915 84.1839 63.517 89.2517 11.8108 62.5448 16.1111 268.851 77.441 29.8474 28.9156 268.24 268.01
internal_count=124766 6178 118588 113731 104363 94154 3647 90507 10209 5669 3522 2147 1920 2618 1998 620 1765 390 9819 4857 227 73 4828 155 509 154 904 897 503 502
is_linear=0
shrinkage=0.05


Tree=39
num_leaves=31
num_cat=0
split_feature=80 35 4 80 5 4 5 2 2 6 4 14 0 5 29 35 56 27 13 30 10 10 4 68 68 6 68 54 35 31
split_gain=118.413 86.309 59.1286 56.8164 91.8675 141.398 86.861 84.3899 77.6512 75.2038 202.833 129.903 114.399 278.842 86.5629 68.0691 60.2867 50.2893 32.6086 33.8759 31.0587 38.1971 93.379 85.4036 59.4219 56.7964 32.4391 35.8301 36.8067 25.8297
threshold=79.500000000000014 0.13525321688156935 1.0000000180025095e-35 641.50000000000011 46.88624572753907 28.500000000000004 14.848380565643312 29.500000000000004 21.500000000000004 47.362545013427741 25.500000000000004 0.89837193489074718 13.500000000000002 24.831133842468265 2505.5000000000005 0.075027198935872993 9.8172445558673065 1346.7080078125002 0.85861241817474376 483.50000000000006 0.20801331102848056 0.43996416032314306 11.500000000000002 63.500000000000007 53.500000000000007 53.575729370117195 64.500000000000014 15.458807808173111 0.15785066076870019 690.50000000000011
decision_type=2 2 2 2 2 2 2 2 2 2 2 2 2 2 2 2 2 2 2 2 2 2 2 2 2 2 2 2 2 2
left_child=1 18 -2 4 6 7 17 -6 -8 12 15 -12 13 -5 -14 -11 -7 -4 19 -1 26 23 24 25 -23 -22 27 28 -3 -25
right_child=2 20 3 9 5 16 8 -9 -10 10 11 -13 14 -15 -16 -17 -18 -19 -20 -21 21 22 -24 29 -26 -27 -28 -29 -30 -31
leaf_value=-0.060713262302450811 -0.043833490184796216 0.033064705042599167 0.043937722317342991 0.028771382875169789 0.0035716725658974341 -0.0022204081012214744 -0.0061111391697814682 0.095749076207814213 -0.039938878445834929 0.019207306095633335 0.097263174026955557 -0.02307699625327158 0.013548433972024666 0.22741629348014905 -0.025146319182551075 -0.012734643377808059 0.23118555436809746 -0.0026162362973207198 0.048300085762217469 0.027545870460759882 -0.056307038594840209 0.044458439183643117 -0.046827087179178641 0.034176879938388631 -0.015508530422024817 0.032507962226035574 -0.066303952913849717 0.071530204065260075 -0.047840353935174121 0.082962895528968822
leaf_weight=13.320344718405975 60.843649992020801 23.293955543078482 90.847009928431362 126.62737931590527 237.24971649097279 3.6953328698873511 411.56959388242103 27.732758835889399 288.60668579884805 201.35013104882091 79.830473614856601 31.185698268003762 2265.1076095271856 20.530507792718709 154.38414646778256 971.69755573617294 11.007158915512262 160.49045780813321 336.34461175091565 59.151381643489003 33.088162105996162 114.01427215151489 66.083098919829354 47.868154282215983 64.783607611432672 39.476946507114917 23.031313105951995 14.696497945114968 35.453895509475842 62.62845852971077
leaf_count=515 4857 83 1870 1795 14099 33 23856 707 11890 4094 324 302 24722 448 3122 22726 79 3664 962 151 379 619 1349 189 692 185 302 95 585 72
internal_value=0.00813778 0.0245235 0.00516434 0.00575097 -0.00359877 0.0215931 -0.0110036 0.0132189 -0.0200546 0.00874039 -0.00113852 0.0634583 0.0136827 0.056485 0.0110794 -0.0072519 0.172521 0.0142109 0.0417452 0.0113238 0.011098 0.0168755 0.00395996 0.0341526 0.0227307 -0.00798981 -0.0145295 0.00170639 -0.0157609 0.0618283
internal_weight=6075.99 933.235 5142.76 5081.91 1231.2 279.685 951.514 264.982 700.176 3850.71 1284.06 111.016 2566.65 147.158 2419.49 1173.05 14.7025 251.337 408.816 72.4717 524.418 427.943 244.881 183.062 178.798 72.5651 96.4757 73.4443 58.7479 110.497
internal_count=124766 6178 118588 113731 56198 14918 41280 14806 35746 57533 27446 626 30087 2243 27844 26820 112 5534 1628 666 4550 3485 2660 825 1311 564 1065 763 668 261
is_linear=0
shrinkage=0.05


Tree=40
num_leaves=31
num_cat=0
split_feature=80 36 82 82 31 36 6 3 72 33 1 3 35 52 2 1 66 6 32 24 66 38 27 3 78 36 57 6 35 1
split_gain=110.211 91.4066 57.8956 57.9022 52.1577 58.3302 136.109 94.3905 31.4594 36.4983 34.1663 27.4813 26.8571 30.3884 26.4975 30.7458 17.7198 16.5217 13.3134 9.05857 9.20071 7.31563 4.06378 8.12685 3.99528 2.98406 2.85355 2.84126 6.25587 2.27736
threshold=89.500000000000014 0.17122574315970543 1529.5000000000002 190.50000000000003 295.50000000000006 0.14784309452326674 36.930778503417976 25.500000000000004 1.0000000180025095e-35 60.771087646484382 0.5158730447292329 103.50000000000001 0.12554427037492921 0.72649935085391426 28.500000000000004 0.23015873134136203 0.84106229782771547 78.967304229736342 815.19970703125011 1008.5000000000001 1.0956132249225905 -181.87499999999997 653.27200317382824 23.500000000000004 83.500000000000014 0.19183958774951423 17.61454038304365 36.679668426513679 0.11295733497461515 0.5634920895099641
decision_type=2 2 2 2 2 2 2 2 2 2 2 2 2 2 2 2 2 2 2 2 2 2 2 2 2 2 2 2 2 2
left_child=1 22 3 17 8 6 -6 -7 9 -5 -10 12 13 18 15 -14 -15 -2 -3 25 -21 -19 23 -1 -22 -13 -16 28 29 -24
right_child=2 11 -4 4 5 7 -8 -9 10 -11 -12 19 14 16 26 -17 -18 21 -20 20 24 -23 27 -25 -26 -27 -28 -29 -30 -31
leaf_value=0.056356565582742879 -0.050379103640923344 -0.054241196714442413 -0.050600595466181064 0.025023113306489059 -0.0055109531408479044 -0.011413009694476752 0.033034130701860197 0.0082599924721465483 -0.051581613268280473 -0.053025300784762447 0.0097336741383884096 -0.12107713486590164 -0.010547863298676947 0.0055993323356124773 0.035051793328112778 0.019305457489674813 0.051468120780699844 0.070127302934292798 0.025768201971225754 -0.060160068354318155 0.049241143254447749 -0.057443331677918368 0.053279594467753044 -0.016071011307726379 -0.027490966964083985 -0.059183880480883189 -0.057737326264766478 0.054332837029759634 0.0058177422719760943 0.029186595338520166
leaf_weight=8.8138055782765132 57.337635580915958 12.656381770735608 46.631501821335405 18.434281430440024 373.87024010857567 761.1879467186518 591.17318381927907 3063.9681305354461 28.04032739228569 79.916530590737239 119.731511966791 2.6923442417755741 112.84364461782388 26.074354654643685 0.87589298863895493 365.91639032145031 109.38671709410846 4.3912725569680333 8.8244586661457998 5.8340219408273679 5.0276962076313794 1.5103203067556012 48.614030279219151 6.909161463379859 2.5602986025623977 7.0385479899123311 15.33730605826713 167.17745970934629 10.038070723414419 12.287251785397528
leaf_count=19 11157 318 9926 389 6401 22699 13046 48349 2030 1864 2492 17 1184 227 8 2793 411 52 31 111 23 103 90 39 48 249 326 312 25 27
internal_value=0.00772017 0.0235714 0.00485896 0.0053661 0.00596311 0.00711649 0.0181013 0.00434516 -0.0164847 -0.0383964 -0.00190116 0.0139535 0.0158547 0.0338776 0.0101401 0.012269 0.042639 -0.04218 -0.0213729 -0.0395778 -0.0129482 0.0374798 0.0491494 0.0245296 0.0233506 -0.0763085 -0.0527245 0.050775 0.0423905 0.0484187
internal_weight=6075.1 928.908 5146.19 5099.56 5036.32 4790.2 965.043 3825.16 246.123 98.3508 147.772 675.068 651.915 156.942 494.973 478.76 135.461 63.2392 21.4808 23.1529 13.422 5.90159 253.84 15.723 7.58799 9.73089 16.2132 238.117 70.9394 60.9013
internal_count=124766 6258 118508 108582 97270 90495 19447 71048 6775 2253 4522 5746 5298 987 4311 3977 638 11312 349 448 182 155 512 58 71 266 334 454 142 117
is_linear=0
shrinkage=0.05


Tree=41
num_leaves=31
num_cat=0
split_feature=80 49 46 67 3 30 68 30 3 30 68 30 13 29 10 46 73 57 14 58 55 82 48 41 34 34 50 72 66 10
split_gain=102.059 81.4381 56.3077 86.5713 51.4462 126.715 96.3149 86.2141 74.3589 87.8224 138.692 86.062 224.99 135.261 53.8696 47.9692 48.0734 74.8049 67.2183 43.2225 51.3782 79.6166 46.1832 33.8617 31.6709 72.548 31.0591 30.0792 25.7733 63.9229
threshold=79.500000000000014 1.3560131311359311 0.051372950862937243 221.50000000000003 91.500000000000014 785.50000000000011 23.500000000000004 1223.5000000000002 69.500000000000014 1264.5000000000002 30.500000000000004 1377.5000000000002 0.95483973622322094 1331.5000000000002 0.76428571343421947 0.046511611793892349 0.99996047982244951 11.547653195331767 0.69655919075012218 11.20754308362015 9.8172445558673065 978.00000000000011 12.463012695312502 -96.624999999999986 0.35914836955281954 0.26570210534253852 17.799110060515378 5.7440929736139177 1.2309513612611103 0.16001024097204211
decision_type=2 2 2 2 2 2 2 2 2 2 2 2 2 2 2 2 2 2 2 2 2 2 2 2 2 2 2 2 2 2
left_child=1 -1 3 19 8 -6 14 -8 11 10 -10 13 -13 -4 -7 24 18 -18 -17 20 22 -22 -2 -21 25 -5 -25 -26 29 -3
right_child=2 28 4 15 5 6 7 -9 9 -11 -12 12 -14 -15 -16 16 17 -19 -20 23 21 -23 -24 26 27 -27 -28 -29 -30 -31
leaf_value=0.043449190480990788 -0.017692162820314446 -0.057054354122607356 0.01285704450387048 -0.022276837588030424 -0.049032095585554963 -0.055273043592179195 0.049272175854540613 0.010685163101367825 0.043678163569988278 -0.037150849053137383 -0.020595692805439464 -0.00041097811504999226 0.052466095294188088 -0.014531506697305772 0.027938893241022292 0.29541723910852696 0.29966283016038353 -0.055131191954939922 0.0058218015841999338 0.33145190606326169 0.033556317697005109 0.13877880998222078 0.031013652214044615 -0.042730558895174756 -0.012590365193963766 0.23854308127405 0.28799441264763276 0.17386142168102742 0.025417042993167285 0.010931823285961394
leaf_weight=312.76146109262481 55.585711475228891 38.570603321539238 770.74268760648556 7.2964573670178634 71.848350313957781 59.129124498227611 264.80101253138855 319.30863032396883 123.05667396564968 274.08501313533634 263.97634515049867 679.48496663570404 285.78241127752699 1085.9154325097334 28.983373197261244 2.1467138743028036 4.2003665240481487 2.2986897260416299 30.088729037903249 0.64258765708655019 54.723500690888613 26.77250585402362 391.19811511342414 31.021541106514636 331.50913105998188 4.2013249602168798 0.72652222658507426 2.1772909285500637 221.86167211248539 333.7114335289225
leaf_count=842 840 620 16087 327 1804 1999 1531 4982 2414 8804 4611 20913 3704 31369 340 45 26 69 788 7 780 369 5115 2574 8979 51 18 42 1782 2934
internal_value=0.00732676 0.0227981 0.00461371 0.0156504 0.00214746 0.0140818 0.0208275 0.0281782 -0.000402021 -0.0154955 -0.000159899 0.00313407 0.0152441 -0.00316187 -0.0279016 -0.00264199 0.0501184 0.174174 0.0251074 0.0281761 0.0316136 0.0681233 0.024954 -0.0278891 -0.00856244 0.0730276 -0.0351623 -0.0113738 0.0119273 0.00388806
internal_weight=6078.61 906.905 5171.7 944.589 4227.11 744.07 672.222 584.11 3483.04 661.118 387.033 2821.93 965.267 1856.66 88.1125 383.919 38.7345 6.49906 32.2354 560.67 528.28 81.496 446.784 32.3907 345.184 11.4978 31.7481 333.686 594.144 372.282
internal_count=124766 6178 118588 20030 98558 10656 8852 6513 87902 15829 7025 72073 24617 47456 2339 10327 928 95 833 9703 7104 1149 5955 2599 9399 378 2592 9021 5336 3554
is_linear=0
shrinkage=0.05


Tree=42
num_leaves=31
num_cat=0
split_feature=57 36 54 6 41 33 54 6 68 3 6 27 32 0 57 6 4 17 32 58 66 57 6 33 44 82 72 0 4 80
split_gain=94.3125 72.4024 60.0617 65.2132 57.6342 62.759 75.6848 65.5473 59.6068 67.0412 43.6444 39.7842 130.447 75.7394 25.982 25.0353 26.4244 24.814 24.4334 23.3164 22.3642 22.1032 21.8904 20.6674 19.7036 19.327 17.7914 17.6915 15.7496 15.409
threshold=18.563412882016422 0.22382536171043285 10.468140260370577 68.818317413330092 -38.124999999999993 113.30186462402345 7.1752158550639562 64.459468841552749 77.500000000000014 3.5000000000000004 68.558822631835952 1487.4199829101565 1359.2623291015627 51.500000000000007 22.13221741714856 71.231739044189467 23.500000000000004 1.5000000000000002 611.04663085937511 11.105488180801276 1.1071384614385351 27.648876422315205 60.953744888305671 133.19300079345706 0.77899879221445123 157.50000000000003 5.2641082410505708 59.500000000000007 1.5000000000000002 756.00000000000011
decision_type=2 2 2 2 2 2 2 2 2 2 2 2 2 2 2 2 2 2 2 2 2 2 2 2 2 2 2 2 2 2
left_child=2 11 3 4 8 7 -7 -6 10 -10 -1 12 18 -14 -13 16 17 -3 22 -4 -16 -19 -2 -20 -21 -5 -27 -17 -29 -26
right_child=1 15 19 25 5 6 -8 -9 9 -11 -12 14 13 -15 20 27 -18 21 23 24 -22 -23 -24 -25 29 26 -28 28 -30 -31
leaf_value=-0.00011763913499472341 -0.072177928109402295 -0.041624609184572448 0.10828281937364358 0.028822558988804033 -0.010805088352770888 0.020675463190354744 0.0051569541126493361 0.063553495827623582 0.11555371421183368 -0.0393511213276143 0.13313099671218639 -0.05658545647914303 -0.051229796735507163 0.40779847104296768 0.040683094705691911 -0.060578073017501247 -0.03863347114787756 0.012251339729594971 0.047140059825242164 -0.034376415425416577 -0.049291295113605388 0.041601642764534617 0.024471737278448574 -0.020417459352805496 -0.050871760148945504 -0.050982630628981729 0.13457809594052725 -0.041317964623985487 0.065102141879458134 0.34069009387211802
leaf_weight=999.65233169030398 8.3230338380672055 18.493902060668916 3.0078947434667489 9.3224810948595387 524.53549284068868 1340.5725449207239 1898.1685499842279 31.411694861017168 7.3215065479744217 151.86647999333218 6.1833114833571008 15.481719279196112 1.1786441665608425 3.7826135475188494 30.01124865654856 20.910711119649932 24.089305487694219 358.24612178374082 295.76110573508777 125.35952785727568 8.9709232156164926 78.13693036371842 19.785940284375101 11.771396249299867 0.41966047091409453 71.587784875417128 1.31548746023327 6.9143563208635879 6.9926834697835147 0.62611085176467896
leaf_count=22945 199 461 39 151 12943 19251 35355 894 190 4931 82 2219 146 39 796 735 1023 3636 1047 9080 1104 411 133 137 50 6562 36 122 48 1
internal_value=0.00694489 0.0217992 0.00433429 0.00519759 0.00592976 0.00891625 0.0115803 -0.00660374 -0.00379777 -0.0322266 0.000701498 0.0378928 0.0442377 0.298747 -0.0017861 0.00942417 0.0124 0.0151026 0.0404757 -0.0292995 0.0199774 0.0175067 -0.00414611 0.0445542 -0.0325734 -0.0389659 -0.0476343 -0.0315121 0.0121918 0.183559
internal_weight=6080.2 908.851 5171.35 5041.94 4959.71 3794.69 3238.74 555.947 1165.02 159.188 1005.84 395.067 340.603 4.96126 54.4639 513.784 478.966 454.877 335.641 129.413 38.9822 436.383 28.109 307.533 126.405 82.2258 72.9033 34.8178 13.907 1.04577
internal_count=124766 12256 112510 103340 96591 68443 54606 13837 28148 5121 23027 5820 1701 185 4119 6436 5531 4508 1516 9170 1900 4047 332 1184 9131 6749 6598 905 170 51
is_linear=0
shrinkage=0.05


Tree=43
num_leaves=31
num_cat=0
split_feature=80 49 29 82 69 83 32 10 32 52 69 3 69 32 27 66 10 3 38 79 67 66 40 30 4 10 64 9 3 49
split_gain=88.1542 78.6081 55.4964 54.1063 54.8753 54.1931 49.9343 41.3144 52.4749 35.2835 29.548 64.1567 33.1562 34.8243 24.2517 25.4085 58.2006 28.0928 24.9707 23.4464 22.8239 20.2037 19.0646 17.6708 30.6729 37.8086 11.5241 9.0338 8.56657 13.586
threshold=89.500000000000014 1.3560131311359311 1017.5000000000001 1529.5000000000002 0.065656565656565677 246.95793151855472 1032.5859985351565 0.54403483867645275 1951.7259521484377 0.99964451453005332 0.035353535353535366 9.5000000000000018 0.9545454545454547 765.03497314453136 460.70800781250006 1.2309513612611103 0.16001024097204211 63.500000000000007 -3.8749999999999996 9.2072854795905492 2.5000000000000004 1.3958193765273956 -99.374999999999986 556.50000000000011 13.500000000000002 0.16001024097204211 2.4375000000000004 73.937500000000014 95.500000000000014 1.2407076481303181
decision_type=2 2 2 2 2 2 2 2 2 2 2 2 2 2 2 2 2 2 2 2 2 2 2 2 2 2 2 2 2 2
left_child=1 23 9 4 7 -6 -7 -4 -9 10 11 -2 20 -14 -3 16 26 22 -18 -11 -12 -19 -17 24 25 -1 -16 -27 -25 -30
right_child=2 14 3 -5 5 6 -8 8 -10 19 12 -13 13 -15 15 17 18 21 -20 -21 -22 -23 -24 28 -26 27 -28 -29 29 -31
leaf_value=-0.10539153568242941 0.22380692503237373 -0.044690407394836339 -0.051445817321819791 -0.050582441198244989 -0.050468861209455512 0.017375202779612322 0.0045960912388136911 -0.015073905611253994 0.061620713787680609 -0.054081096914218918 0.19277840497318521 -0.052866822539111763 -0.055697679365857712 0.12118547737048598 0.066263143523091317 0.0016401093115423213 0.013602169154106288 0.024721705217235487 -0.061228978255925784 0.16187796901007348 -0.045027028307550801 -0.03028717234163272 0.046725622643909781 0.051105958871818097 -0.086420049802022447 0.065898859077678978 -0.062706989408378197 -0.0013592971993492606 0.042043209134831117 -0.020594866074065618
leaf_weight=4.4382943611126384 3.5206381566822511 19.226731146452948 64.356911099050194 43.425150592112914 41.06156111555174 962.31228513410315 3717.4654221995734 178.74105265852995 25.48261310136877 1.8236730711068947 1.0170786674134422 5.1754636452533305 4.8437221858184767 6.5391703199129552 1.8248462677001942 29.103675245307386 313.16391894081607 35.728976525831968 11.559761205688117 4.0434476137161255 126.84254758269526 31.327494621276855 120.64294121786952 210.25643596798182 6.7166142405476412 22.875084469094876 34.075418327003717 6.3863668483681968 38.808729484677315 11.142157617956398
leaf_count=50 26 1507 4317 9920 7334 14635 70516 3423 329 129 24 257 379 39 2 211 2050 237 124 16 7164 348 462 435 142 47 462 59 85 37
internal_value=0.00658689 0.0210573 0.00408356 0.0049877 0.00547136 0.00672208 0.00722389 -0.0165126 -0.00550411 -0.025502 -0.0302711 0.0591452 -0.0358555 0.045917 0.0105524 0.0123918 0.00425948 0.025919 0.0109383 0.0947516 -0.0431354 -0.000977385 0.0379631 0.0419065 0.0111478 0.0305938 -0.0561513 0.0512196 0.046684 0.028071
internal_weight=6083.93 897.277 5186.65 5032.84 4989.42 4720.84 4679.78 268.581 204.224 153.806 147.939 8.6961 139.243 11.3829 596.654 577.427 360.624 216.803 324.724 5.86712 127.86 67.0565 149.747 300.624 40.4164 33.6997 35.9003 29.2615 260.207 49.9509
internal_count=124766 6258 118508 110474 100554 92485 85151 8069 3752 8034 7889 283 7606 418 5403 3896 2638 1258 2174 145 7188 585 673 855 298 156 464 106 557 122
is_linear=0
shrinkage=0.05


Tree=44
num_leaves=31
num_cat=0
split_feature=57 4 5 4 3 5 4 13 68 14 36 32 57 83 52 66 21 36 10 33 3 6 4 14 0 45 13 3 5 3
split_gain=83.3904 61.1153 50.1098 143.018 129.383 124.474 407.548 249.936 143.348 165.686 122.732 102.918 98.7406 98.7251 51.3377 53.2011 51.6179 45.7983 32.1366 38.6141 42.4098 29.605 29.4873 23.651 21.4199 21.3595 20.4334 20.3727 17.7607 16.5172
threshold=23.379610471963918 1.0000000180025095e-35 30.095133781433109 28.500000000000004 69.500000000000014 41.253728866577156 24.500000000000004 0.90892022848129284 57.500000000000007 0.94997406005859386 0.14784309452326674 1020.3906555175782 10.717434085322902 471.02119445800787 0.80748760496748628 0.48623468232556794 3.3500834703445439 0.29054256231096448 0.43996416032314306 190.19094085693362 75.500000000000014 69.931659698486342 7.5000000000000009 0.75752598047256481 21.500000000000004 0.96143848876453719 0.91366487741470348 3.5000000000000004 54.212602615356452 13.500000000000002
decision_type=2 2 2 2 2 2 2 2 2 2 2 2 2 2 2 2 2 2 2 2 2 2 2 2 2 2 2 2 2 2
left_child=1 25 3 4 13 8 10 -8 9 -4 -7 -10 -6 -3 15 -5 -16 27 19 23 21 -21 26 24 -19 -1 -20 -2 -28 -29
right_child=17 2 5 14 12 6 7 -9 11 -11 -12 -13 -14 -15 16 -17 -18 18 22 20 -22 -23 -24 -25 -26 -27 28 29 -30 -31
leaf_value=-0.052266004855164611 -0.062064959261201313 0.05475886418102939 -0.011945815014426799 0.34425423756319462 -0.012686142065379656 0.022355357259182737 0.10273038479822459 0.017936921183751425 -0.001318189947438582 0.041187407234834258 -0.010429075136808762 -0.05008087183062529 0.014799782549718241 0.0096032655872862298 -0.036113479017220895 -0.062938021043390024 0.077853282090255674 -0.055957401772356502 -0.055127623823286953 0.054858867674903666 -0.063295467067181116 -0.057378260692153564 -0.059265805958418905 -0.051440520270653725 0.096668190307565058 0.16871963195675005 0.036151574616173292 0.059186578013895909 -0.040727405246876597 0.032777121113456147
leaf_weight=54.153656042646617 4.8221297159325323 300.16539322142489 559.01017608819529 1.8621303439140313 440.76406366447918 380.80273311189376 163.60818661632948 185.36872684024274 166.45556053472683 198.93510009301826 1140.3114996182267 309.22458962467499 1263.1708127050661 202.84216288849711 209.07484874292277 1.4092171369120476 10.431053108302875 3.6221848051063699 11.349857899826018 92.766487629385665 9.415498224552719 6.2726051621139041 26.289707246702164 23.061539717717096 6.2919890857301652 1.1159944115206588 35.59499266766943 89.087835497455671 9.5221862189937365 176.50247400812805
leaf_count=4661 202 4322 12104 3 5857 9393 1043 2221 3337 4462 33845 8064 22424 3457 4583 94 147 135 252 232 112 150 428 464 23 61 146 849 119 1576
internal_value=0.0062547 0.00451318 0.00503574 0.0104134 0.0142676 0.000825847 0.00895842 0.05769 -0.0115026 0.00199987 -0.00222167 -0.0330173 0.00768988 0.0365495 -0.0277675 0.168846 -0.0306977 0.025933 0.00922299 0.0237039 0.0381099 0.0477504 -0.0155247 -0.0236765 0.0409058 -0.0478039 0.00484018 0.0397865 0.0199259 0.0416357
internal_weight=6083.31 5588.71 5533.44 2429.72 2206.94 3103.72 1870.09 348.977 1233.63 757.945 1521.11 475.68 1703.93 503.008 222.777 3.27135 219.506 494.599 224.187 141.43 108.455 99.0391 82.7567 32.9757 9.91417 55.2697 56.467 270.412 45.1172 265.59
internal_count=124766 120078 115356 40887 36060 74469 46502 3264 27967 16566 43238 11401 28281 7779 4827 97 4730 4688 2061 1116 494 382 945 622 158 4722 517 2627 265 2425
is_linear=0
shrinkage=0.05


Tree=45
num_leaves=31
num_cat=0
split_feature=80 36 36 45 10 37 45 36 39 25 66 66 66 30 28 45 14 3 6 3 35 10 28 68 77 32 55 78 37 6
split_gain=77.7938 80.3733 49.6913 55.1968 85.5933 73.6882 71.3167 63.7899 102.714 69.7957 61.605 55.9835 54.2788 46.352 35.7195 27.7538 25.7139 43.7218 38.7602 40.2401 37.1346 22.8036 21.1112 28.4982 17.8298 13.9486 12.8796 12.2742 11.5513 22.1503
threshold=79.500000000000014 0.17122574315970543 0.42936157626501642 0.6936498147475747 0.41801074147224432 482.23774719238287 0.23636525619484108 0.13986362474734571 -62425.773437499993 2530.314819335938 1.3201038653131358 0.73357557584204647 0.24497594822749644 1703.5000000000002 339.81686401367193 0.96143848876453719 0.94117742776870739 79.500000000000014 31.278605461120609 63.500000000000007 0.14032715596007728 0.99206349253654491 214.72926330566409 92.500000000000014 981.50000000000011 994.59475708007824 18.09508707005055 17.500000000000004 76.99756240844728 65.091342926025405
decision_type=2 2 2 2 2 2 2 2 2 2 2 2 2 2 2 2 2 2 2 2 2 2 2 2 2 2 2 2 2 2
left_child=1 -1 3 4 12 7 10 8 -5 -9 -6 -8 13 -2 -14 21 17 18 25 -20 28 -4 23 -22 27 -3 -24 -17 -18 -30
right_child=2 16 15 5 6 -7 11 9 -10 -11 -12 -13 14 -15 -16 24 20 -19 19 -21 22 -23 26 -25 -26 -27 -28 -29 29 -31
leaf_value=0.046291242691226447 -0.052266130758269573 -0.012389405048710849 -0.051737430196319351 0.13533460738119552 0.0066480608870831698 0.43303886990939522 -0.021712870215634301 0.0078376415229172141 0.022488635824542316 -0.041031344989075402 0.049355447734272875 0.0028965698321821052 -0.028390290020627991 0.10473038526142252 0.053594956710164468 0.092835661779568465 0.068883828658915777 -0.051477067086375866 0.0081946073898954055 -0.057815519364402157 0.01999848817641536 0.033372539094162108 -0.054452746141728195 -0.071781717887365121 0.18360849676261704 0.083577677050879109 0.01689619316724824 -0.051804046229433666 -0.030056535926947583 0.055136910629504945
leaf_weight=215.21057506278157 6.8578231213614371 4.6246707488317069 71.554584313184023 21.667041691252962 213.0506542797666 1.0253655551932741 276.51106572407298 2274.6226960390341 290.88565800734796 75.48859503515996 139.88054102915339 1407.1114921243861 391.69759322353639 14.951483496231956 13.751820845995097 2.6185910385102025 41.494196786545217 35.49300603242591 229.08287776145153 25.675155355129391 220.72224150365219 8.8427505919244123 18.161625689826909 8.7948416238650662 2.0238948315382004 20.888771593570709 9.7050743866711837 3.3345098977442831 10.735850006341932 26.370800556614995
leaf_count=509 429 122 9943 307 4359 16 5735 43298 6706 1803 2123 21730 20706 223 393 19 85 1005 2327 451 1159 420 213 97 25 22 60 353 76 52
internal_value=0.00592874 0.019798 0.00362345 0.00426416 -0.00112985 0.00925342 0.00313873 0.00909022 0.0303114 0.00626791 0.0235747 -0.00114518 -0.0214763 0.0553636 -0.0256096 -0.0335503 0.0110498 0.000805297 0.00742623 0.00154194 0.0206778 -0.0423763 0.0114919 0.0164816 0.0554045 0.0661823 -0.0296042 0.0118186 0.0507577 0.0304884
internal_weight=6082.84 866.96 5215.88 5127.5 2463.81 2663.69 2036.55 2662.66 312.553 2350.11 352.931 1683.62 427.259 21.8093 405.449 88.3743 651.749 315.764 280.271 254.758 335.985 80.3973 257.384 229.517 7.977 25.5134 27.8667 5.9531 78.6008 37.1067
internal_count=124766 6178 118588 107828 55698 52130 33947 52114 7013 45101 6482 27465 21751 652 21099 10760 5669 3927 2922 2778 1742 10363 1529 1256 397 144 273 372 213 128
is_linear=0
shrinkage=0.05


Tree=46
num_leaves=31
num_cat=0
split_feature=57 4 5 36 3 68 68 29 4 10 6 82 30 21 82 5 5 36 10 3 28 6 4 39 67 3 45 55 54 82
split_gain=72.9786 56.8048 48.54 67.8683 125.467 247.232 181.466 123.83 222.456 79.9891 62.6994 88.5331 116.942 81.3909 75.507 175.633 81.2544 41.3932 29.4684 33.6389 35.7888 27.9129 27.3804 20.5988 19.0352 18.2913 18.1176 16.6396 20.4308 14.9784
threshold=23.379610471963918 1.0000000180025095e-35 15.710248947143556 0.15126955449977356 3.5000000000000004 80.500000000000014 80.500000000000014 1359.5000000000002 19.500000000000004 0.91801077127456676 21.496642112731937 995.50000000000011 1229.5000000000002 3.3225259780883794 974.00000000000011 12.102904796600344 11.137915611267092 0.29054256231096448 0.43996416032314306 75.500000000000014 144.24615478515628 69.931659698486342 7.5000000000000009 -105793.18749999999 238.50000000000003 3.5000000000000004 0.96143848876453719 18.492151390855945 15.712946011608311 1512.0000000000002
decision_type=2 2 2 2 2 2 2 2 2 2 2 2 2 2 2 2 2 2 2 2 2 2 2 2 2 2 2 2 2 2
left_child=1 26 10 4 5 -4 -6 8 -5 -9 11 13 -13 -3 16 -16 -12 23 19 20 24 -22 27 -2 -19 -25 -1 28 -20 -27
right_child=17 2 3 7 6 -7 -8 9 -10 -11 14 12 -14 -15 15 -17 -18 18 22 -21 21 -23 -24 25 -26 29 -28 -29 -30 -31
leaf_value=-0.05222759977632041 -0.030791851533174548 -0.020980805806055311 -0.037043857417263175 -0.0067726362609896625 0.018056097568557909 0.24592737970045878 -0.041774157486437341 -0.010340433724026979 0.035704189648676686 0.03644273174620246 0.050708459279483878 0.13357974034063336 0.0034510441670304822 0.099792418953874973 -0.057543049475450747 0.060911319922552755 0.0078272067383605461 0.028729185426875411 -0.0023895257012155361 -0.061426293691460548 0.053318753824261961 -0.057192648132594316 -0.058812593419266472 -0.062429323484290158 -0.045122593336176312 0.044065564310321853 0.13735795264600761 -0.052329019436065438 0.075240803691984978 -0.052108556459082536
leaf_weight=51.512062624329701 10.503292389214037 268.62535422551446 14.633638373343276 721.43414335954003 963.21712281228974 16.335904330248013 145.9356985616032 2094.6163979033008 538.1667429455556 95.534721810603514 285.67763422359712 25.371112439781427 54.037094175582752 14.714134509442372 76.432518291054294 52.986098293913528 180.12733166362159 15.407087166793643 33.334076799452305 11.041712792124597 86.024222758365795 6.1204112600535145 25.29013140569441 4.22823014226742 20.118472395930439 241.8819206089247 1.2917714645154763 10.600263756001366 11.365146963857113 4.1173654338344923
leaf_count=4661 257 3914 387 16108 22491 91 4755 49610 6010 3674 1676 215 1305 114 1871 1192 1943 132 300 242 230 153 428 184 359 1292 61 177 40 894
internal_value=0.00562863 0.00402499 0.00451625 0.0023796 0.0129556 0.112219 0.010184 -0.0011157 0.0113757 -0.00829974 0.0147535 -0.00163217 0.0450275 -0.0147089 0.0247394 -0.00904589 0.0341262 0.0243387 0.00832934 0.0222998 0.0295409 0.0459784 -0.0157168 0.0378042 -0.0130938 0.0406836 -0.0475897 0.00399224 0.0173486 0.0424559
internal_weight=6080.68 5600.65 5547.85 4589.87 1140.12 30.9695 1109.15 3449.75 1259.6 2190.15 957.971 362.748 79.4082 283.339 595.224 129.419 465.805 480.032 219.302 138.712 127.67 92.1446 80.5896 260.731 35.5256 250.228 52.8038 55.2995 44.6992 245.999
internal_count=124766 120078 115356 103126 27724 478 27246 75402 22118 53284 12230 5548 1520 4028 6682 3063 3619 4688 2061 1116 874 383 945 2627 491 2370 4722 517 340 2186
is_linear=0
shrinkage=0.05


Tree=47
num_leaves=31
num_cat=0
split_feature=80 35 29 82 68 83 35 0 58 78 68 3 57 5 30 4 0 14 68 57 58 2 14 67 49 58 3 42 79 0
split_gain=68.7074 72.9984 50.9574 49.3035 49.4426 48.9073 47.6137 38.5715 76.0451 31.6537 30.5176 53.1418 32.1121 52.919 27.753 24.4567 24.3492 27.5681 30.8613 24.9459 30.4035 24.6813 20.6004 19.7317 19.6371 16.3037 22.953 14.3187 13.8558 11.5434
threshold=89.500000000000014 0.13525321688156935 1017.5000000000001 1529.5000000000002 6.5000000000000009 246.95793151855472 0.010988926371560877 39.500000000000007 9.6994883210906568 3.5000000000000004 4.5000000000000009 13.500000000000002 10.147287575185912 28.215626716613773 483.50000000000006 23.500000000000004 12.500000000000002 0.59742346405982982 46.500000000000007 25.042918012841763 16.290792170225298 28.500000000000004 0.80344071984291088 2.5000000000000004 1.2885792345937552 19.867360684571391 97.500000000000014 -39.624999999999993 4.471635009781032 56.500000000000007
decision_type=2 2 2 2 2 2 2 2 2 2 2 2 2 2 2 2 2 2 2 2 2 2 2 2 2 2 2 2 2 2
left_child=1 14 10 4 7 -6 -7 9 -9 -4 11 29 13 -12 22 16 17 -3 -19 20 -18 -21 -1 -14 -17 26 -24 -25 -16 -2
right_child=2 15 3 -5 5 6 -8 8 -10 -11 12 -13 23 -15 28 24 19 18 -20 21 -22 -23 25 27 -26 -27 -28 -29 -30 -31
leaf_value=-0.05881509318140149 0.066873051212964121 0.083710564567738358 0.13370263158152396 -0.050557094507788294 -0.050454780878342459 0.039866122701136923 0.0053660889803718616 -0.043769377815854743 0.028552660333059778 -0.04242467572990144 0.13458829494428626 -0.052591007481347964 0.16792642308304084 -0.054978394041505799 0.014590064608293402 0.048440356829886608 0.023852980561402577 0.0038166790929057316 -0.057739334548447332 0.035073879473238818 -0.012205605326177626 -0.057867728641268573 -0.050688610412300217 0.071755246158406824 -0.05523810816336349 0.064457417992871718 0.058157997045394809 -0.044690342660403649 0.045714955352783498 0.21701853565597343
leaf_weight=11.404951348202301 1.9904634533449987 6.6585998442023984 2.6105651040561488 41.020606023957953 38.521919958759099 102.21949857892469 4621.4657907232177 60.030825489666313 92.128465447109193 111.80397642264143 7.2138469479978067 5.8147742301225662 1.1281468244269479 7.5185452508740127 41.390334088355303 5.5655827596783665 108.61008326057345 48.549129063496366 35.070315805729479 143.94968497217633 126.59847302618437 7.5160682164132586 12.435246281325819 2.6991503236349663 25.457389105344191 12.382441660389302 7.9333484757225952 120.39118704642169 262.69880087114871 3.5870341677218676
leaf_count=475 44 40 52 9920 7334 2069 83082 847 2108 5062 27 306 26 131 147 11 891 522 510 646 1107 117 264 62 762 86 57 7423 623 15
internal_value=0.00533934 0.0184673 0.00318606 0.00403676 0.00448209 0.00565508 0.00611266 -0.0164728 1.97221e-05 -0.038406 -0.025501 0.0531726 -0.0319513 0.0378446 0.0360998 0.00637932 0.00917734 -0.0142033 -0.0220001 0.0146361 0.00444483 0.0304619 -0.000941679 -0.0402291 -0.036638 0.0192117 -0.00829403 -0.0421369 0.0414785 0.163436
internal_weight=6076.37 856.22 5220.14 5069.8 5028.78 4762.21 4723.69 266.574 152.159 114.415 150.343 11.3923 138.951 14.7324 348.245 507.975 476.952 90.278 83.6194 386.674 235.209 151.466 44.156 124.218 31.023 32.751 20.3686 123.09 304.089 5.5775
internal_count=124766 6258 118508 110474 100554 92485 85151 8069 2955 5114 8034 365 7669 158 1652 4606 3833 1072 1032 2761 1998 763 882 7511 773 407 321 7485 770 59
is_linear=0
shrinkage=0.05


Tree=48
num_leaves=31
num_cat=0
split_feature=57 4 31 82 67 60 32 39 4 48 21 36 33 68 55 55 54 68 10 82 45 48 35 82 41 32 46 51 31 52
split_gain=63.9713 55.2992 41.5102 41.9865 41.5082 41.5263 68.1234 38.774 57.0272 54.373 36.8856 27.8759 32.5628 36.8354 25.5358 26.6697 24.4515 27.2014 22.3027 51.7927 23.6853 18.2457 17.7927 15.9448 14.2918 9.92568 9.20186 8.37677 7.43173 5.00786
threshold=24.510027785636954 1.0000000180025095e-35 1076.5000000000002 1529.5000000000002 120.50000000000001 1.0000000180025095e-35 1818.467956542969 1867.1640625000002 29.500000000000004 127.01849365234376 1.9230325818061831 0.29054256231096448 208.79550933837893 22.500000000000004 17.61454038304365 14.759727707791397 14.670000424736653 50.500000000000007 0.86881721019744884 1018.5000000000001 0.97368422672063693 -86.611145019531236 0.28706097591079049 1512.0000000000002 -10.374999999999998 439.41690063476568 0.017591958101649468 7.999743597974752 611.50000000000011 0.82391898260992902
decision_type=2 2 2 2 2 2 2 2 2 2 2 2 2 2 2 2 2 2 2 2 2 2 2 2 2 2 2 2 2 2
left_child=1 21 3 7 5 6 -4 8 -3 -9 -7 22 14 -14 15 -13 17 -15 20 -20 -6 -1 23 25 -17 -2 -27 -16 -24 -18
right_child=11 2 4 -5 18 10 -8 9 -10 -11 -12 12 13 16 27 24 29 -19 19 -21 -22 -23 28 -25 -26 26 -28 -29 -30 -31
leaf_value=0.13993516684249405 -0.051580081947960543 0.0088169643072935414 -0.055092223209858876 -0.050465654991151333 -0.037000697826474145 -0.027217299695115577 0.34214994181694464 -0.0049517566233990389 -0.018116266143063834 0.078719059469244457 0.061682513774729865 -0.068003814628073853 -0.061151126655255607 -0.058025171980237523 -0.065179907818769089 -0.014860088433030811 0.030939890168874457 0.032475358579067241 -0.00056545673834578695 0.31979792507140592 0.07595483473173073 -0.052470870009023354 -0.074729553930478212 -0.053243146799712329 0.054491054157515456 0.089538955947625717 0.042506733726076343 0.0085365992971831225 0.021848832220326249 0.070803301058578225
leaf_weight=1.2630697209388007 2.6745000251103184 4156.5389721759129 1.8997158678248514 33.725838403450325 159.29333590506576 27.824068715795875 2.4989519608207047 993.05253594508395 206.29160699807107 19.803900912869722 20.094582478050143 8.8245143089443427 10.42513022571802 10.645149181829764 23.14372314885259 11.483374110655857 9.8794877654872817 37.73526237718761 26.593524103518579 1.3244352231267829 4.7801799967419347 50.333119278540835 4.6951111634261888 4.3154630458448073 21.039886391721666 11.099436740390955 164.98531079734676 4.6237009447067967 3.4596968430560082 38.898385426262394
leaf_count=28 172 71947 180 8526 7362 1182 15 20576 3991 429 569 182 136 126 472 139 57 149 1473 10 121 4759 55 916 163 32 840 40 19 100
internal_value=0.00507092 0.00376777 0.00423802 0.00514851 -0.0159218 0.023559 0.170587 0.00549742 0.00754346 -0.00331578 0.0100626 0.0252783 0.0109609 0.0281649 -0.0158184 0.00908733 0.0377485 0.0125625 -0.0266802 0.0146327 -0.0337098 -0.0477608 0.0385078 0.0417267 0.0300044 0.0440194 0.0454714 -0.052905 -0.0337559 0.0627294
internal_weight=6073.25 5705.32 5653.72 5409.41 244.309 52.3173 4.39867 5375.69 4362.83 1012.86 47.9187 367.928 176.699 107.583 69.1152 41.3478 97.1583 48.3804 191.991 27.918 164.074 51.5962 191.23 183.075 32.5233 178.759 176.085 27.7674 8.15481 48.7779
internal_count=124766 121168 116381 105469 10912 1946 195 96943 75938 21005 1751 3598 1564 568 996 484 432 275 8966 1483 7483 4787 2034 1960 302 1044 872 512 74 157
is_linear=0
shrinkage=0.05


Tree=49
num_leaves=31
num_cat=0
split_feature=57 36 6 5 82 54 33 49 40 27 24 67 5 5 9 35 6 52 3 58 66 5 27 6 9 58 34 9 82 66
split_gain=60.3821 58.4242 52.4896 67.8626 58.6361 53.3499 43.9305 63.3941 51.6715 39.7292 87.7742 54.7262 30.2081 35.9825 59.084 52.5575 41.1729 38.0356 35.0106 35.3121 32.3244 30.133 27.8782 25.2118 23.6611 20.7338 19.8622 18.991 17.6388 19.6684
threshold=18.563412882016422 0.18055855531557477 68.818317413330092 65.666843414306655 978.00000000000011 10.468140260370577 113.30186462402345 1.195565428289586 -60.624999999999993 1487.4199829101565 1447.5000000000002 304.50000000000006 43.100740432739265 23.826597213745121 28.437500000000004 0.14682690067146356 27.384943962097172 0.77268134949795786 41.500000000000007 19.047929301674746 0.87680815840108672 65.666843414306655 1102.5840454101565 80.030220031738295 90.187500000000014 11.105488180801276 0.55711259783970302 86.937500000000014 157.50000000000003 1.5707851738093639
decision_type=2 2 2 2 2 2 2 2 2 2 2 2 2 2 2 2 2 2 2 2 2 2 2 2 2 2 2 2 2 2
left_child=2 9 3 5 -5 6 8 -8 -1 10 -2 -12 13 14 -3 17 -16 -15 20 -20 24 -22 -6 -11 -14 -7 -27 -13 -4 -30
right_child=1 12 28 4 22 25 7 -9 -10 23 11 27 18 15 16 -17 -18 -19 19 -21 21 -23 -24 -25 -26 26 -28 -29 29 -31
leaf_value=-0.035192019492272818 0.040087220303235138 -0.058529239741656053 0.018243276195938931 -0.053466434565601642 0.17757562906293789 0.092916569997318788 0.029131858011070506 0.0040799105609924486 -0.00067311541047583882 -0.042140243837592566 -0.052660160323228136 0.19410264778759165 -0.024224125823355133 -0.066668417654237477 -0.033569995207391179 -0.049963202187001315 0.040680019586684865 0.040115098975811898 -0.055407976459584944 0.11845381414124737 0.031699841464055183 -0.048383914799724391 0.015150304606878627 0.033679954709242996 0.034854033107230203 0.011977723666554144 -0.044101925675953731 0.39772277451418375 -0.051011301546307987 0.059188296268379653
leaf_weight=141.67043996904977 214.43384575494565 24.222482206299901 13.052879180293528 5.0776698957197395 12.151624874677507 3.2919242458883664 268.91238275053911 4144.0765160385054 461.79833807121031 23.420925342710689 1.3066494115628291 1.9605268056038765 68.876184830907732 10.677995831705628 22.932182228425518 74.98734379815869 100.46868892689236 38.072491924278438 3.6124786590226021 15.246068330947308 179.21052799024619 12.569970937329343 3.3756599035114041 20.614420376019552 22.479528098134324 19.083389134379104 91.463446858804673 2.7532093385234475 70.934434407856315 4.2941303455736479
leaf_count=3881 1001 620 206 136 32 39 5238 75703 11533 3770 115 35 1114 183 619 1383 527 286 90 29 1708 394 88 215 154 990 7300 13 7065 299
internal_value=0.00480974 0.0172729 0.00281665 0.00347184 0.0940303 0.00310812 0.00387621 0.00560649 -0.00877678 0.0367127 0.0453736 0.233664 0.0083053 -0.00380194 0.0128673 -0.0236889 0.0268818 0.0167259 0.0191844 0.0851494 0.0147908 0.0264509 0.142264 -0.00664627 -0.009687 -0.0307388 -0.0344211 0.313034 -0.0354114 -0.044721
internal_weight=6077.03 837.846 5239.18 5150.9 20.605 5130.3 5016.46 4412.99 603.469 264.49 220.454 6.02039 573.356 271.361 147.623 123.738 123.401 48.7505 301.995 18.8585 283.136 191.78 15.5273 44.0353 91.3557 113.839 110.547 4.71374 88.2814 75.2286
internal_count=124766 12256 112510 104940 256 104684 96355 80941 15414 5149 1164 163 7107 3618 1766 1852 1146 469 3489 119 3370 2102 120 3985 1268 8329 8290 48 7570 7364
is_linear=0
shrinkage=0.05


Tree=50
num_leaves=31
num_cat=0
split_feature=57 29 30 13 82 61 6 0 41 39 57 69 66 63 65 51 3 65 30 35 26 3 32 26 6 6 6 14 76 80
split_gain=56.7159 42.911 48.4339 105.454 89.3128 103.524 76.9847 67.3172 46.6673 58.6333 64.1432 55.4664 52.0223 47.2896 41.1096 41.3979 39.9096 26.8914 49.1449 26.2893 21.5228 23.1248 20.984 17.4848 21.3388 28.1114 17.0594 16.1123 14.3484 13.5528
threshold=24.510027785636954 2855.5000000000005 1857.5000000000002 0.95228561758995067 950.50000000000011 0.22500000000000003 35.768455505371101 31.500000000000004 -38.124999999999993 1867.1640625000002 13.050584420492573 0.78282828282828298 0.62249667437267187 193.51636651906233 1.9615485668182375 0.80459492668522392 15.500000000000002 9.8172445297241229 1736.5000000000002 0.44525999502381036 364.81442260742193 101.50000000000001 439.41690063476568 64.016845703125014 69.931659698486342 63.551836013793952 47.51561355590821 0.98604467511177074 5.3910088607333408 697.50000000000011
decision_type=2 2 2 2 2 2 2 2 2 2 2 2 2 2 2 2 2 2 2 2 2 2 2 2 2 2 2 2 2 2
left_child=1 2 8 4 5 -4 -5 -8 11 13 -11 12 -1 -10 15 -3 -6 20 -19 22 29 -22 -2 28 25 -25 -13 -21 -24 -16
right_child=19 14 3 6 16 -7 7 -9 9 10 -12 26 -14 -15 17 -17 -18 18 -20 27 21 -23 23 24 -26 -27 -28 -29 -30 -31
leaf_value=-0.035796927091509494 -0.037844515709426159 0.16844871922903923 -0.059434443249034519 -0.054371049432506535 0.033189159830917261 0.099798242129670423 0.18926686081214603 0.050994886276356823 0.01662185600441957 0.00036486851419103271 -0.035067981245628765 -0.045717074388386562 0.0024381799030669324 0.0042524585927437228 -0.019258611658229188 -0.021738275884802909 -0.052918366721357447 0.24396725033972291 -0.05286689171949957 -0.067143553488928365 -0.05146354014148799 0.20624660875060577 0.043276602513319024 0.0086059869777956512 -0.036113517827990549 0.056208207523171676 -0.010497850944123881 0.06346000166357034 -0.033410184180951048 -0.053123058271530368
leaf_weight=98.880091059952974 12.123782794806173 5.3708321000449342 13.992172269150613 6.8981711657252154 18.298268342856318 37.737302058842033 19.896869806339964 15.786057509249074 1209.1347670156974 768.86441449262202 153.17087342008017 101.0784905932378 886.92995073040947 2140.7137043523835 49.001503503648564 6.1234639019239694 50.856698426650837 2.448493590578436 3.2390346534084529 11.896276460960506 1.6307788465637707 1.8670772463083265 162.13079169765115 98.805540066910908 16.728010314982384 45.204159432090819 52.108050905168056 2.9463818520307532 6.3380731428042045 74.407964270096272
leaf_count=2796 646 43 222 163 593 489 136 169 17097 12240 9222 2902 20641 42067 1972 131 4857 18 366 254 112 12 1099 668 388 231 2757 7 305 2163
internal_value=0.00456576 0.00336002 0.00405638 0.0308708 0.00703606 0.0567278 0.0985359 0.128096 0.0032463 0.005644 -0.00552133 -0.00574641 -0.00139693 0.00871722 -0.02358 0.0671286 -0.0301345 -0.0314432 0.0749209 0.0239242 -0.0362101 0.0860964 0.0267569 0.029136 0.0173392 0.0235482 -0.0337369 -0.0412177 0.0403915 -0.0396767
internal_weight=6074.61 5718.44 5574.35 163.466 120.884 51.7295 42.5811 35.6829 5410.88 4271.88 922.035 1139 985.81 3349.85 144.089 11.4943 69.155 132.595 5.68753 356.173 126.907 3.49786 341.33 329.207 160.738 144.01 153.187 14.8427 168.469 123.409
internal_count=124766 121168 116351 6629 6161 711 468 305 109722 80626 21462 29096 23437 59164 4817 174 5450 4643 384 3598 4259 124 3337 2691 1287 899 5659 261 1404 4135
is_linear=0
shrinkage=0.05


Tree=51
num_leaves=31
num_cat=0
split_feature=4 57 36 33 6 37 6 58 37 80 36 13 6 3 3 32 24 0 5 5 10 0 2 79 3 66 6 81 48 32
split_gain=55.9898 56.627 56.2401 45.6941 61.4328 71.0912 54.5209 53.2723 66.3249 43.4105 58.8184 59.8814 49.8913 48.7116 45.6584 33.8377 53.8716 35.8748 30.0042 33.1547 54.6404 42.5868 30.6897 29.4171 26.9613 21.8294 21.2248 16.0977 15.3619 10.1022
threshold=1.0000000180025095e-35 18.563412882016422 0.18055855531557477 92.132038116455092 30.724956512451175 105.74084091186525 29.897341728210453 8.7077081979618622 78.949352264404311 631.00000000000011 0.11467218335866933 0.99759265780448925 34.719518661499031 119.50000000000001 3.5000000000000004 1450.8061523437502 1447.5000000000002 51.500000000000007 43.100740432739265 23.351270675659183 0.28801843523979193 2.5000000000000004 28.500000000000004 1.9830348576910779 41.500000000000007 1.3201038653131358 80.030220031738295 14011.000000000002 -86.611145019531236 2217.282836914063
decision_type=2 2 2 2 2 2 2 2 2 2 2 2 2 2 2 2 2 2 2 2 2 2 2 2 2 2 2 2 2 2
left_child=28 3 15 4 5 6 -2 8 -6 13 12 -12 -11 14 -5 16 27 -18 19 20 -4 -21 24 -9 -20 -15 -17 -3 -1 -28
right_child=1 2 18 9 7 -7 -8 23 -10 10 11 -13 -14 25 -16 26 17 -19 22 21 -22 -23 -24 -25 -26 -27 29 -29 -30 -31
leaf_value=0.11731185855056513 0.00043520162610352061 0.042142320280553786 -0.057955376080454674 0.068159184182534832 0.0074845068156132151 0.44405997497553928 0.13400121751948543 0.12098341564179781 0.2495733251714457 -0.021035277984249399 0.0044204347066746476 0.090170656495557139 0.047555724163231131 0.0015170276819386173 -0.010085071904745654 -0.039728564243667192 -0.080797537738728095 0.22706274057952924 0.018618540871189283 0.032823749143589348 0.026200510643743159 -0.038089959699354872 -0.057496002413785663 -0.0411921057741403 0.080716708224010447 0.10000712750381327 -0.053859590533327034 -0.051337606395366199 -0.049557242506955763 0.050725686199051517
leaf_weight=1.4148425962775935 51.85168862901628 198.91069455258548 22.995111828437075 19.082788524683565 22.454627746483315 1.0052153288852412 8.9606649011839163 2.8388905806932589 3.2370884530246249 32.666344097815454 3888.4610192230903 20.466394834220409 140.70140880625695 8.909344380488621 812.18388818507083 21.224503780598752 1.1207363330759097 6.0793145541101694 261.12021943135187 27.049843228189275 119.63904241716955 97.42649474227801 12.436413376126437 185.97592940949835 18.733239206019789 15.265780024463309 2.7326970549766001 4.7145453968551001 54.770966019947082 14.889911560807375
leaf_count=29 1464 549 615 1076 327 36 118 138 19 486 55723 74 1321 206 39912 3558 121 29 2618 191 1112 1682 343 7242 113 77 100 386 5026 75
internal_value=0.0043263 0.00478974 0.0170971 0.00287999 -0.0169064 0.0270098 0.0201161 -0.0295624 0.0379871 0.00398727 0.00613336 0.00486941 0.0346317 -0.00625415 -0.00828888 0.0368293 0.0447307 0.179142 0.0082902 -0.00382306 0.0126331 -0.0226798 0.01936 -0.0387537 0.0227754 0.0637102 -0.00605193 0.039978 -0.0453552 0.0345079
internal_weight=6079.32 6023.13 809.073 5214.06 276.324 61.8176 60.8124 214.507 25.6917 4937.74 4082.3 3908.93 173.368 855.442 831.267 249.672 210.825 7.20005 559.4 267.11 142.634 124.476 292.29 188.815 279.853 24.1751 38.8471 203.625 56.1858 17.6226
internal_count=124766 119711 11492 108219 9344 1618 1582 7726 346 98875 57604 55797 1807 41271 40988 4818 1085 150 6674 3600 1727 1873 3074 7380 2731 283 3733 935 5055 175
is_linear=0
shrinkage=0.05


Tree=52
num_leaves=31
num_cat=0
split_feature=4 55 54 13 69 33 4 24 34 58 67 29 4 69 82 83 48 28 70 69 54 82 4 36 40 66 28 77 55 76
split_gain=52.3244 53.9511 60.8389 71.9503 50.8675 50.095 77.1082 43.4376 65.5671 59.5591 51.5666 47.7645 191.259 102.628 46.7695 42.9683 34.8029 52.0897 39.9439 32.9708 25.2561 21.6965 21.2396 19.9067 14.2547 13.8604 9.1925 8.61208 5.96419 3.01185
threshold=1.0000000180025095e-35 10.468140260370577 7.1752158550639562 0.86169454455375682 0.98484848484848497 134.04244232177737 25.500000000000004 884.50000000000011 0.17524331478851038 8.7548721414193853 536.50000000000011 1307.5000000000002 16.500000000000004 0.77272727272727282 995.50000000000011 134.19710540771487 74.648071289062514 186.45526123046878 4.7355970388562802 0.9545454545454547 12.8976313976346 43.500000000000007 19.500000000000004 0.13892575045055197 -333.62499999999994 0.19626001030628698 222.07374572753909 297.50000000000006 25.148031444901253 2.2289103422886867
decision_type=2 2 2 2 2 2 2 2 2 2 2 2 2 2 2 2 2 2 2 2 2 2 2 2 2 2 2 2 2 2
left_child=24 7 4 20 16 15 -7 19 9 14 -11 12 -10 -13 -9 -5 17 -3 -18 21 25 29 -21 -22 26 -4 -1 -23 -26 -2
right_child=1 2 3 5 -6 6 -8 8 11 10 -12 13 -14 -15 -16 -17 18 -19 -20 22 23 27 -24 -25 28 -27 -28 -29 -30 -31
leaf_value=0.20513085229311312 0.014816161675130841 0.042016651207809515 0.081867143638509304 0.047633544411458825 0.37560883444120535 0.010982393666172872 -0.056395557005429413 0.070191896322302924 -0.015774409721217623 -0.00051582030199847826 0.088814633043553415 0.003003837119039331 0.031036688771884376 -0.01961840991707085 0.23616586260399411 0.014298360931798244 -0.049043643195121243 0.15135768514235176 0.16400428457764926 -0.056739052741370491 0.04083696706436829 -0.05263775324602811 0.10392844762880238 -0.025733349567489808 -0.052732271763796773 -0.036769332792250461 -0.050731708304403413 0.037007658310482118 0.031639458293650863 0.085853793661720981
leaf_weight=0.92167162895202526 3.0492683462798587 90.389463430270553 2.5182078634388736 171.82708160602488 1.1665592705830921 616.438011321472 45.603822903009132 14.841148185078056 367.02596443402581 61.266584887169302 21.940479934681207 2983.0205718930811 538.14114155154675 602.62221486330964 5.9445744212716809 221.00003616407048 15.848647390026601 12.384893859038128 2.5547068354208013 2.9545790168922377 24.341363137820736 73.751612067222595 6.7708579206373543 20.848428812692873 50.321793846203946 110.1856977379648 0.56699942541308701 2.7801096395123741 2.1855543891433618 2.9218313186429441
leaf_count=1 30 1774 100 923 38 14862 2460 143 6323 1258 271 54142 3785 13148 43 7211 733 295 94 135 1210 2486 36 585 4941 7413 93 185 20 28
internal_value=0.0041061 0.00454545 0.0134126 0.0100226 0.0470172 0.0147343 0.00634116 0.00201962 0.00270157 0.0419516 0.0230393 0.00179267 0.0120558 -0.000798178 0.117659 0.0288796 0.0438539 0.0551929 -0.0194689 -0.0319551 -0.021456 -0.0422192 0.0551178 0.0101246 -0.0448947 -0.0341186 0.107679 -0.0493813 -0.0492204 0.0495769
internal_weight=6076.13 6022.14 1335.11 1212.76 122.344 1054.87 662.042 4687.03 4594.8 103.993 83.2071 4490.81 905.167 3585.64 20.7857 392.827 121.178 102.774 18.4034 92.2283 157.894 82.5028 9.72544 45.1898 53.996 112.704 1.48867 76.5317 52.5073 5.9711
internal_count=124766 119711 37698 34764 2934 25456 17322 82013 79113 1715 1529 77398 10108 67290 186 8134 2896 2069 827 2900 9308 2729 171 1795 5055 7513 94 2671 4961 58
is_linear=0
shrinkage=0.05


Tree=53
num_leaves=31
num_cat=0
split_feature=57 5 2 3 5 58 2 3 80 14 30 32 0 80 83 49 36 32 32 32 69 49 67 21 34 3 58 67 65 77
split_gain=47.5947 45.9289 116.874 108.061 97.928 183.41 227.415 140.021 128.928 213.807 152.274 116.744 106.319 95.4295 109.717 87.0071 83.6633 83.2299 83.2149 143.768 87.9068 70.0876 64.9941 54.3966 67.6934 52.3148 51.3382 37.3477 34.8767 27.4361
threshold=24.510027785636954 30.095133781433109 28.500000000000004 69.500000000000014 41.253728866577156 8.965552705586374 22.500000000000004 37.500000000000007 718.00000000000011 0.94997406005859386 1416.5000000000002 1045.211364746094 44.500000000000007 647.00000000000011 471.88278198242193 1.1408516968275817 0.15126955449977356 1434.3294677734377 1439.8877563476565 1155.0320434570315 0.24747474747474751 1.1722428503173847 84.500000000000014 3.1100636720657353 0.75281724259077765 55.500000000000007 9.0379166244558267 726.50000000000011 12.845828056335451 307.50000000000006
decision_type=2 2 2 2 2 2 2 2 2 2 2 2 2 2 2 2 2 2 2 2 2 2 2 2 2 2 2 2 2 2
left_child=1 2 3 13 8 6 15 -8 11 26 -11 12 -3 22 -15 -6 17 -7 19 -5 -20 27 -1 -23 -25 -18 -10 29 -13 -4
right_child=-2 4 21 18 5 16 7 -9 9 10 -12 28 -14 14 -16 -17 25 -19 20 -21 -22 23 -24 24 -26 -27 -28 -29 -30 -31
leaf_value=0.052921709521110943 0.02194885299704118 0.018517624068003967 0.0037096332422836284 -0.0023458236852146874 0.10400329932598716 -0.014959725825345799 0.033336187389570303 0.10503895900059029 -0.041138226965921933 0.0085504498470584424 0.10363133309469799 -0.045507166295370195 -0.051613526662238632 0.063118032254272302 0.008145812547388968 -0.030519075172756562 -0.009751623860007809 0.032601232751804453 -0.049588969504205813 0.034342847166111544 -0.00056741837963560028 -0.046018913410181134 -0.026797591598037199 0.33082432248626692 0.012283572085428619 0.29200757135419925 -0.0026068998538512213 0.16641843647868818 0.077436595090580818 0.19889638956105452
leaf_weight=34.736514661926776 344.35810472210869 192.00790332001634 24.050988935399808 604.01749540423043 13.274581912206484 137.38610384182539 186.21234609489329 107.33151633664966 124.15176403336227 91.110019871033728 78.296806613914669 401.86772796150763 75.209824610501528 253.20399110717699 141.48623004602268 127.18622696469538 1123.3084239051677 278.35365167178679 109.13759477250278 478.58146362518892 564.31200542312581 174.38137377705425 96.860677733784541 1.9421901039313514 11.807403180748222 1.4381329249590624 284.65355500928126 5.0906221242621532 5.8525093002244821 1.9460402817931015
leaf_count=816 3598 3998 616 8298 141 3732 1512 298 2266 1000 630 13676 2211 2233 1486 3733 34338 6758 4047 5117 11634 4021 3477 19 146 16 4720 20 186 23
internal_value=0.00389501 0.00280987 0.00789502 0.0112445 -0.00113133 0.005807 0.0345171 0.0595536 -0.0120635 0.00526379 0.0524951 -0.0269076 -0.00122115 0.0311179 0.0434119 -0.0178057 -0.00228157 0.0168842 0.00528841 0.013873 -0.00851173 -0.0269768 -0.00575481 -0.0384694 0.0572788 -0.00936579 -0.0143086 0.0425717 -0.0437424 0.0183206
internal_weight=6073.55 5729.2 2501.55 2282.34 3227.64 1974.49 434.005 293.544 1253.15 578.212 169.407 674.938 267.218 526.287 394.69 140.461 1540.49 415.74 1756.05 1082.6 673.45 219.219 131.597 188.131 13.7496 1124.75 408.805 31.0877 407.72 25.997
internal_count=124766 121168 41953 37108 79215 50528 5684 1810 28687 8616 1630 20071 6209 8012 3719 3874 44844 10490 29096 13415 15681 4845 4293 4186 165 34354 6986 659 13862 639
is_linear=0
shrinkage=0.05


Tree=54
num_leaves=31
num_cat=0
split_feature=4 55 69 10 30 5 30 45 1 69 5 30 13 49 69 19 35 83 30 73 52 5 79 36 79 54 48 54 43 45
split_gain=48.5716 50.1839 61.3898 99.5246 84.2132 106.022 70.3929 70.3096 70.0373 144.373 185.472 129.953 152.177 88.6604 86.4353 55.8558 43.666 64.5131 63.2772 77.311 56.0794 45.6983 40.0748 29.4797 22.4471 24.0261 22.2761 19.9332 16.1171 12.8808
threshold=1.0000000180025095e-35 10.147287575185912 0.1767676767676768 0.64004096388816845 957.50000000000011 33.657146453857429 1575.5000000000002 0.34872290707596931 0.7380952537059785 0.29797979797979807 10.341239452362062 875.50000000000011 0.96280100941658031 1.6663037086915495 0.77272727272727282 2.5000000000000004 0.23797269946832572 470.94825744628912 1377.5000000000002 0.99994747647758098 0.97529185914131422 22.338806152343754 6.0117820579559265 0.29587180281676512 46.410600255427845 4.7355970388562802 9.4814605712890643 7.1752158550639562 -37.124999999999993 0.96143848876453719
decision_type=2 2 2 2 2 2 2 2 2 2 2 2 2 2 2 2 2 2 2 2 2 2 2 2 2 2 2 2 2 2
left_child=29 2 3 6 23 -6 -2 -8 11 13 -11 12 -4 -10 -13 24 17 20 21 -20 -17 -18 -19 -5 25 28 27 -26 -3 -1
right_child=1 15 8 4 5 -7 7 -9 9 10 -12 14 -14 -15 -16 16 18 22 19 -21 -22 -23 -24 -25 26 -27 -28 -29 -30 -31
leaf_value=-0.049138778324708067 -0.053985010582402973 0.24884360485432838 0.037429189774743514 -0.038737967111691626 0.054009638703527998 -0.014377813839605517 0.092132849349057466 -0.0203598848916593 0.025321281981862051 0.042730162116424338 -0.03396279300064426 0.0060015249192433284 -0.013413599584365499 0.19787294307454573 -0.017925207512254314 0.024309227064632861 0.020681055250790184 -0.019181899918801801 0.018844731109729992 0.21269615697945896 0.085789865841545618 -0.016191030667817748 0.015674505987050957 0.041499954600260222 0.26295273956385684 -0.039391463335887604 -0.052942562683352623 0.053691172194915565 0.02730128334310454 0.09575611866124184
leaf_weight=49.882486915099435 180.07221870520152 0.9573426090646534 584.77062643761747 103.1161645418033 122.9874706082046 105.10988342319615 16.631308383308351 84.273587413597852 133.64061393216252 94.237199706956744 482.26483992673457 1812.1375960288569 196.67177438456565 7.8835872844792894 476.75956448784564 711.0130424532108 122.55323819501791 140.59922772285063 16.576578321633864 7.4570665154606095 39.132199920713902 267.34336449718103 199.41761106043123 12.876846916275097 1.5319844009354691 83.968966340762563 3.3966046086279675 4.4248544396832585 5.7620585975237182 1.582482362166046
leaf_count=4993 6487 13 5091 1408 1094 1925 325 1871 1876 388 11113 29327 4129 260 9132 8061 3065 5968 346 99 318 12118 9118 552 11 5260 179 100 77 62
internal_value=0.00368435 0.00409801 0.00134522 -0.0131723 0.00485668 0.0224959 -0.035251 -0.00181865 0.00374056 -0.0103177 -0.0214263 0.00702821 0.0246332 0.0349332 0.00101777 0.0116717 0.014078 0.0193275 0.000252304 0.0789922 0.0275164 -0.00460131 0.00126115 -0.0298304 -0.0245051 -0.0321113 0.0492428 0.107509 0.0588654 -0.0446834
internal_weight=6069.03 6017.57 4413.43 625.067 344.09 228.097 280.977 100.905 3788.37 718.026 576.502 3070.34 781.442 141.524 2288.9 1604.13 1504.09 1090.16 413.93 24.0336 750.145 389.897 340.017 115.993 100.042 90.6884 9.35344 5.95684 6.7194 51.465
internal_count=124766 119711 74978 13662 4979 3019 8683 2196 61316 13637 11501 47679 9220 2136 38459 44733 39093 23465 15628 445 8379 15183 15086 1960 5640 5350 290 111 90 5055
is_linear=0
shrinkage=0.05


Tree=55
num_leaves=31
num_cat=0
split_feature=4 80 36 35 45 10 51 29 41 13 3 10 10 30 37 40 30 5 33 49 36 6 49 10 24 14 67 52 26 69
split_gain=45.4037 44.5387 68.2846 40.0921 44.2384 69.2718 65.3314 55.7664 67.9 53.4303 28.5863 21.4451 58.7654 31.4225 19.353 12.8047 7.81757 6.67602 6.28678 5.87853 4.0084 2.99641 5.41356 2.70155 1.55781 0.837836 0.540613 1.88956 0.408409 0.362555
threshold=1.0000000180025095e-35 79.500000000000014 0.1672562694554022 0.56006235640526969 0.6936498147475747 0.41801074147224432 2.0927904390164174 2855.5000000000005 -85.624999999999986 0.90791052579879772 105.50000000000001 0.84563493728637706 0.64004096388816845 361.50000000000006 482.23774719238287 -333.62499999999994 779.50000000000011 34.946899414062507 138.07629394531253 1.0564703576992096 0.19353775029005907 36.679668426513679 1.2386882974543501 0.57603687047958385 655.50000000000011 0.9308183789253236 4.5000000000000009 0.96052627440560023 23.601674079895023 0.9545454545454547
decision_type=2 2 2 2 2 2 2 2 2 2 2 2 2 2 2 2 2 2 2 2 2 2 2 2 2 2 2 2 2 2
left_child=15 2 21 4 5 9 -7 8 -6 -3 11 12 -4 -13 -9 17 20 -1 -18 26 -12 22 23 -2 -23 -26 -17 -28 29 -21
right_child=1 3 10 -5 7 6 -8 14 -10 -11 16 13 -14 -15 -16 19 18 -19 -20 28 -22 24 -24 -25 25 -27 27 -29 -30 -31
leaf_value=0.17016780067759141 0.049108658154837781 -0.0072509248946480854 0.010122895834641411 -0.053021117888898586 0.19058729031916954 -0.003468906377995384 0.01758616884122343 -0.042228494034253203 0.0077258359334882835 -0.044844179775513061 -0.12492508373119851 -0.028144150119558134 -0.046890783436068013 0.032540743445112971 0.17112352524419683 0.062770964445557284 0.05824210662034407 -0.050658641758244742 -0.059183551488437125 -0.051066102185205277 -0.059510017930552495 0.024523094279331803 0.0012225284404628668 0.015701724886358005 0.045656451228613948 0.05450349113260481 -0.053912963672411066 0.061669951778790581 -0.051831589615396682 -0.10256107836674973
leaf_weight=1.0374647378921498 29.645040908828378 255.03176375722978 375.78067887783982 32.64087951136753 5.0862268386408678 1583.9243323992705 480.09540505870245 64.211563431192189 2657.3498608836671 150.1710031866096 3.0475251358002451 24.828420816687867 51.37547679641284 151.45239484868944 1.0807963842526067 0.81030058860778753 2.3500651419162741 0.51075820566620667 2.2133739958517253 0.62040230585262068 10.113107461947946 6.447506630793213 10.228798483498393 7.6040136739611617 56.765848711133003 50.629034072160721 0.62267801328562178 0.81827267352491617 44.299978297087364 0.76118280447553843
leaf_count=1 85 13089 3162 4241 194 25492 8349 2021 52908 7424 19 535 873 551 13 1 4 93 48 62 314 29 36 23 163 138 47 3 4842 6
internal_value=0.00349165 0.00388424 0.0150098 0.00221956 0.00256652 -0.00228208 0.00142855 0.00695561 0.00807517 -0.0211833 0.00748258 0.00932086 0.00326567 0.0239935 -0.0386968 -0.0442081 -0.0551039 0.0973172 0.00128793 -0.0487794 -0.0746578 0.0439934 0.0334415 0.042289 0.0483941 0.0498272 0.0300969 0.0117231 -0.0526665 -0.0794372
internal_weight=6061.55 6012.07 782.481 5229.59 5196.95 2469.22 2064.02 2727.73 2662.44 405.203 621.161 603.437 427.156 176.281 65.2924 49.481 17.7241 1.54822 4.56344 47.9328 13.1606 161.32 47.4779 37.2491 113.842 107.395 2.25125 1.44095 45.6816 1.38159
internal_count=124766 119711 5980 113731 109490 54354 33841 55136 53102 20513 5506 5121 4035 1086 2034 5055 385 94 52 4961 333 474 144 108 330 301 51 50 4910 68
is_linear=0
shrinkage=0.05


Tree=56
num_leaves=31
num_cat=0
split_feature=4 55 68 10 30 30 54 0 68 3 30 58 3 25 78 17 39 35 14 10 39 73 40 79 6 73 71 73 41 40
split_gain=42.6836 43.5027 55.9641 92.504 75.9559 68.8802 68.8555 64.5004 130.119 152.493 113.272 165.469 83.5321 77.6099 60.6377 50.3372 43.3341 46.7874 60.5613 42.7048 41.3121 91.0571 31.863 29.4802 21.8694 35.2399 18.4101 14.3962 20.968 11.778
threshold=1.0000000180025095e-35 10.147287575185912 17.500000000000004 0.64004096388816845 957.50000000000011 1575.5000000000002 7.3569532155887787 46.500000000000007 29.500000000000004 107.50000000000001 875.50000000000011 9.6123994073271941 91.500000000000014 1246.3518676757815 33.500000000000007 1.5000000000000002 5813.6718750000009 0.23797269946832572 0.91311123967170726 0.19201228767633441 124066.42187500001 0.99998001390436453 -279.12499999999994 7.7467099567099575 63.996946334838874 1.0000000180025095e-35 1.9615485194281399 0.99998866875843817 23.625000000000004 -333.62499999999994
decision_type=2 2 2 2 2 2 2 2 2 2 2 2 2 2 2 2 2 2 2 2 2 2 2 2 2 2 2 2 2 2
left_child=29 2 3 5 23 -2 -6 10 13 -10 11 -4 -12 -9 -7 24 17 18 -17 -19 22 -22 -18 -5 27 -26 -27 -3 -29 -1
right_child=1 15 7 4 6 14 -8 8 9 -11 12 -13 -14 -15 -16 16 20 19 -20 -21 21 -23 -24 -25 25 26 -28 28 -30 -31
leaf_value=0.089690781585274562 -0.053820628921981709 -0.049627891369558835 0.038637591556840947 -0.045295005002641435 -0.01654994229103247 0.10210828672826729 0.040620171142139082 0.07220318589532114 -0.031694305737486987 0.042237460013257747 -0.004074736637896482 -0.010156791485586856 0.019224092569045063 -0.0010792769139960693 -0.016246110464118741 0.0074489168603444735 0.088413822958561941 -0.051348860012281408 0.032322056730363202 0.0060929675359000564 0.036479392581250179 0.59552278403094394 -0.029180939763249081 0.010884926519450281 0.41617739139417886 0.048681417740573232 -0.032522672662031682 -0.0069756674398896816 0.25852356389805403 -0.048646772018277815
leaf_weight=1.5922012510709453 171.99021291732788 57.212038033059798 536.00798514625058 81.052101951092482 80.733689643442631 12.335439608432351 151.49823198094964 65.722468370804563 483.7960833273828 81.496279896236956 1802.5834336361149 257.07928410172462 489.0811090322677 80.237215025117621 88.216665769461542 437.30493919504806 6.0625760608818373 35.845286048483104 555.70264912536368 332.43149180000182 13.439731120597568 0.77012581471353847 115.55832585890312 32.801089982269332 0.53131326870061713 13.01628402946517 15.050168980727902 11.121677310322408 0.79694267944432873 45.716305305948481
leaf_count=94 6487 3809 3334 1490 1149 156 1870 841 11211 290 33202 5886 5257 1295 2040 13980 249 2146 6292 10470 791 7 5158 470 16 316 1120 350 29 4961
internal_value=0.00331638 0.0036888 0.00113185 -0.0128134 0.00434439 -0.034601 0.0207454 0.00340448 -0.0101688 -0.0210358 0.00653409 0.0228209 0.000897639 0.0319182 -0.00172674 0.0107666 0.0130361 0.0157232 0.0213683 0.000502013 -0.0138936 0.0667776 -0.0233191 -0.0291096 -0.0240009 0.0127737 0.00513707 -0.0392137 0.010777 -0.0439909
internal_weight=6056.78 6009.47 4414.63 618.627 346.085 272.542 232.232 3796 711.252 565.292 3084.75 793.087 2291.66 145.96 100.552 1594.84 1497.12 1361.28 993.008 368.277 135.831 14.2099 121.621 113.853 97.7284 28.5978 28.0665 69.1307 11.9186 47.3085
internal_count=124766 119711 74978 13662 4979 8683 3019 61316 13637 11501 47679 9220 38459 2136 2196 44733 39093 32888 20272 12616 6205 798 5407 1960 5640 1452 1436 4188 379 5055
is_linear=0
shrinkage=0.05


Tree=57
num_leaves=31
num_cat=0
split_feature=82 55 54 13 33 24 80 68 54 53 24 34 56 82 49 3 5 2 48 80 68 57 36 66 14 32 82 77 56 57
split_gain=40.4274 42.2749 53.8943 61.6629 49.5711 54.6801 49.3565 42.0472 102.844 53.7937 40.4598 55.7617 43.039 41.5384 41.0966 36.4737 141.818 91.1748 32.7603 34.5484 28.9548 28.9067 24.5975 24.337 24.0258 21.6816 20.3807 8.17538 3.75575 0.0236606
threshold=1529.5000000000002 10.468140260370577 7.1752158550639562 0.89093396067619335 134.04244232177737 2142.5000000000005 232.50000000000003 80.500000000000014 6.9887509499112168 0.91086631947509311 884.50000000000011 0.17524331478851038 8.5973202492459251 995.50000000000011 1.4794836253883525 39.500000000000007 41.636163711547859 26.500000000000004 74.648071289062514 788.50000000000011 94.500000000000014 21.496641659751798 0.16559458532873642 1.5707885410448659 0.65061333775520336 765.03497314453136 43.500000000000007 297.50000000000006 12.586758781817403 11.774110107669406
decision_type=2 2 2 2 2 2 2 2 2 2 2 2 2 2 2 2 2 2 2 2 2 2 2 2 2 2 2 2 2 2
left_child=1 10 7 21 6 -6 -5 18 9 -9 20 12 13 -12 -14 17 -17 -13 19 -3 26 23 -23 -4 -20 29 28 -28 -1 -22
right_child=-2 2 3 4 5 -7 -8 8 -10 -11 11 15 14 -15 -16 16 -18 -19 24 -21 25 22 -24 -25 -26 -27 27 -29 -30 -31
leaf_value=0.079244925358026339 -0.050530041208912406 0.03109626545563924 -0.037817019292805135 0.038544384177977856 0.00076414409950185144 0.053698845358268715 -0.0090569336016349065 0.0062231392978086553 0.54763249389747104 0.17506116242941472 0.045269904398558769 -0.014635177435592917 0.019774554863137509 0.2117071774109423 0.25902413284365911 0.0011868151930500262 0.043433569423860653 0.011564122975938118 0.16458643030900827 0.13506592726133382 -0.061388952119810394 0.035217793192857338 -0.015401394406828101 0.11292801745255968 -0.056443532383168994 0.10063420783701443 -0.052524191750486483 0.033149832587104126 -0.00066178258216204999 -0.052737373234420348
leaf_weight=3.5547823153901836 34.882697588182054 81.212861574138515 107.32105501531623 269.32102542580105 581.46041512128431 53.253250665497035 68.257613643887453 10.872259333846165 1.2494694126071397 8.3340072064893302 8.9735941109247488 948.52184161578771 90.327381061273627 6.4384810877963892 1.8313054642640043 2831.4632079214789 213.6356998081319 510.95937657181639 1.3460885742679227 8.862035589758305 1.8135911896824821 37.303782381583005 67.291331805288792 2.7459527307655653 14.190123398439026 6.6264156484976411 71.061438680277206 2.8980769352056077 2.5080146552063525 1.4005643245764074
leaf_count=14 9926 1459 6732 2442 14912 1417 3136 275 31 75 101 26599 1413 40 25 41778 2137 6310 44 91 22 667 1406 64 659 20 2579 206 50 136
internal_value=0.0031419 0.00345316 0.0113854 0.00808411 0.0134389 0.00520543 0.0289195 0.0424684 0.108081 0.0794855 0.0012381 0.00188551 0.0374622 0.1148 0.0245287 0.00103592 0.00415073 -0.00546289 0.02976 0.0413253 -0.0319897 -0.01617 0.00265191 -0.0340562 -0.0372931 0.0489451 -0.0419425 -0.0491671 0.0461897 -0.057619
internal_weight=6049.92 6015.04 1313.02 1186.95 972.292 634.714 337.579 126.067 20.4557 19.2063 4702.01 4612.15 107.571 15.4121 92.1587 4504.58 3045.1 1459.48 105.611 90.0749 89.8629 214.662 104.595 110.067 15.5362 9.84057 80.0223 73.9595 6.0628 3.21416
internal_count=124766 114840 33410 30776 21907 16329 5578 2634 381 350 81430 78403 1579 141 1438 76824 43915 32909 2253 1550 3027 8869 2073 6796 703 178 2849 2785 64 158
is_linear=0
shrinkage=0.05


Tree=58
num_leaves=31
num_cat=0
split_feature=46 67 49 14 3 82 68 31 66 29 82 3 67 51 45 24 58 1 32 5 5 30 26 3 40 46 53 44 47 39
split_gain=41.9446 49.456 42.3926 80.5079 74.3057 90.5485 73.8939 64.439 42.9213 69.8505 75.2786 72.9105 57.2335 51.9877 42.3417 42.1525 126.039 131.809 82.038 68.0652 72.7204 64.1171 41.8524 37.3467 37.0017 36.1557 35.6357 35.6296 50.041 49.6827
threshold=0.051372950862937243 221.50000000000003 1.2367450425467772 0.8831557333469392 3.5000000000000004 879.00000000000011 66.500000000000014 339.50000000000006 0.78538534305556651 2445.5000000000005 978.00000000000011 29.500000000000004 421.50000000000006 0.057864393745143704 0.21993122459244777 1288.5000000000002 8.9058930029161729 0.7380952537059785 1149.1457519531252 17.911855697631839 49.382341384887702 1193.5000000000002 204.54522705078128 29.500000000000004 -136.12499999999997 0.057522085715432651 0.92205796674909546 0.0011992667742346435 0.012232410665023371 -2063.3203124999995
decision_type=2 2 2 2 2 2 2 2 2 2 2 2 2 2 2 2 2 2 2 2 2 2 2 2 2 2 2 2 2 2
left_child=1 27 3 14 5 -5 24 -8 9 12 11 -11 25 -14 26 16 17 -10 -18 21 -21 -17 23 -16 -6 -4 -2 -1 29 -29
right_child=2 -3 8 4 6 -7 7 -9 15 10 -12 -13 13 -15 22 19 18 -19 -20 20 -22 -23 -24 -25 -26 -27 -28 28 -30 -31
leaf_value=-0.056243747079600226 0.037344066540631611 -0.00018678475224865283 0.04353059467231768 0.19956337183244907 0.282015573321728 -0.055064594812187534 0.023068457759241913 -0.044167967677079992 0.057147366880087397 0.15832153710711816 -0.042717418141791724 0.027171073011389869 0.14867047199268132 0.00098903416309576212 0.0073412075044012957 0.033915700537625736 -0.0016938894754308688 -0.055403673318481408 0.077860476411343596 -0.014225755708151072 0.014601507753467514 -0.003784456013960439 0.44196140360399777 -0.025551014338360684 0.030351619417058374 -0.031728041294051282 -0.016794871520988946 0.2246246140613104 0.019511026342016572 0.056170027520322068
leaf_weight=14.575381858157924 91.707026893738657 489.35887145297602 16.622219912009314 12.102732105879115 1.4661378683522333 4.9071127685019738 70.692513346555643 71.85787458519917 193.68194026732817 15.265656022122128 22.595166146522388 34.652233290718868 6.2094126787269479 147.89466444053687 135.02018410060555 204.40269508841448 1041.4529344630428 30.048433425836265 33.446852644323371 1205.1160333674634 267.29417416406795 251.59720907418523 0.50465559214353461 239.15831349545624 383.95264024613425 399.94640840799548 45.463737599202432 5.2388396924361613 581.26044914952945 26.607290225336328
leaf_count=344 1997 11137 257 29 18 167 768 1472 808 307 628 647 106 3486 4635 1888 18412 516 311 26801 9583 3487 8 10380 5247 9166 2524 61 9248 328
internal_value=0.00298055 0.0117284 0.000997278 0.00987264 0.0232469 0.126107 0.019933 -0.0108246 -0.00142629 -0.0132206 0.0330039 0.0672789 -0.0190942 0.00693966 -0.00436713 0.000924443 0.00788808 0.042031 0.000781544 -0.00376501 -0.00899259 0.0131147 -0.0130683 -0.013682 0.031309 -0.028725 0.0194003 0.0210178 0.0228546 0.0838816
internal_weight=6044.1 1117.04 4927.06 1056.83 544.979 17.0098 527.969 142.55 3870.23 643.186 72.5131 49.9179 570.673 154.104 511.854 3227.04 1298.63 223.73 1074.9 1928.41 1472.41 456 374.683 374.178 385.419 416.569 137.171 627.682 613.107 31.8461
internal_count=124766 21118 103648 27245 7701 196 7505 2240 76403 14597 1582 954 13015 3592 19544 61806 20047 1324 18723 41759 36384 5375 15023 15015 5265 9423 4521 9981 9637 389
is_linear=0
shrinkage=0.05


Tree=59
num_leaves=31
num_cat=0
split_feature=57 5 3 10 6 2 57 34 26 30 2 40 58 68 27 58 68 68 57 57 68 3 3 5 33 83 3 65 30 5
split_gain=38.4989 39.2279 104.469 90.5646 84.6505 91.6189 134.675 107.314 92.534 88.6199 83.4691 82.6863 80.8305 88.8352 82.5955 66.4159 65.4059 65.2672 63.3214 58.2606 54.6888 67.9661 48.4633 40.553 37.9869 23.9543 43.9362 23.4636 21.2205 33.0084
threshold=24.510027785636954 30.095133781433109 65.500000000000014 0.5280338227748872 35.509126663208015 18.500000000000004 10.839930979483263 0.56956237242441532 41.76795959472657 1444.5000000000002 28.500000000000004 -401.37499999999994 9.5551460350587032 25.500000000000004 1128.0640258789065 9.6994883210906568 65.500000000000014 6.5000000000000009 8.8256921855262611 9.9508309332795992 6.5000000000000009 61.500000000000007 95.500000000000014 7.0807559490203866 136.43817138671878 477.88235473632818 47.500000000000007 6.6000232696533212 564.50000000000011 43.694061279296882
decision_type=2 2 2 2 2 2 2 2 2 2 2 2 2 2 2 2 2 2 2 2 2 2 2 2 2 2 2 2 2 2
left_child=1 2 3 11 20 7 8 16 -7 -8 17 -1 14 -14 -5 -9 -6 23 -13 -19 21 -3 -12 -4 -24 -22 -27 -23 29 -2
right_child=28 4 10 12 5 6 9 15 -10 -11 22 18 13 -15 -16 -17 -18 19 -20 -21 25 27 24 -25 -26 26 -28 -29 -30 -31
leaf_value=0.42849153056839412 -0.044311653243170018 -0.032616695627955633 0.040402280582922306 0.05966361673859151 0.035412515051075809 -0.04358979220178797 -0.012078060334299978 -0.035659206188543575 0.030182400250886213 0.016980188252867259 -0.052488501546247873 0.32092283002060451 0.11260474092829187 0.037966600728516389 -0.015580665298160391 -0.007910118948681084 -0.031103973465073143 -0.026261059101487974 -0.025483783852630434 0.0094685960470637983 -0.048334428048906738 0.25995318898256831 0.044501257596000911 -0.052176169771045069 -0.02863035708718363 0.13301453873197003 -0.029968253002314427 0.056677646562765499 0.029478531325026786 0.016873411095086572
leaf_weight=1.0387619964312751 28.171511041466147 8.4242271056864393 14.112934780772774 61.737708749482408 167.99154271464795 45.638494460843503 828.76316664204933 347.64380733668804 619.40334287355654 383.9307413129136 104.93518604221754 1.3395648580044497 63.021114642033353 108.50350312178489 89.115704115247354 567.8558253289666 47.38061390304938 122.25797577830963 86.877740192459896 1708.2744260707404 156.77681049110834 3.909089215565472 29.37418287678156 73.088490590453148 44.897248121560551 5.248252980993132 19.494579096790403 2.2291015277151018 202.53181710606441 101.330266251578
leaf_count=35 586 204 169 274 4316 528 18192 10801 5684 6048 2930 26 565 1369 690 27910 1995 1784 2888 27658 2730 19 409 2270 886 66 666 56 2034 978
internal_value=0.00281946 0.00185755 0.00654035 0.02957 -0.00180805 0.000266515 0.00703777 -0.0109767 0.0251198 -0.00287841 0.00201957 -0.0150015 0.0419104 0.0653899 0.0152135 -0.0184473 0.0207793 0.00506903 -0.0202237 0.00708228 -0.0336394 0.0595883 -0.0306134 -0.037193 0.000293031 -0.0411186 0.00460236 0.186133 0.0193709 0.00356336
internal_weight=6045.3 5713.26 2508.57 411.634 3204.69 3008.61 1877.74 1130.87 665.042 1212.69 2096.94 89.2561 322.378 171.525 150.853 915.5 215.372 1917.73 88.2173 1830.53 196.082 14.5624 179.207 87.2014 74.2714 181.52 24.7428 6.13819 332.034 129.502
internal_count=124766 121168 41953 5847 79215 75474 30452 45022 6212 24240 36106 2949 2898 1934 964 38711 6311 31881 2914 29442 3741 279 4225 2439 1295 3462 732 75 3598 1564
is_linear=0
shrinkage=0.05


Tree=60
num_leaves=31
num_cat=0
split_feature=35 46 13 67 6 4 51 55 55 46 28 29 29 14 33 78 40 46 30 66 67 58 57 66 38 44 80 65 80 5
split_gain=38.8301 39.3049 44.2239 46.9046 51.2391 40.9981 37.9818 60.6437 47.7311 46.609 44.6374 44.4847 63.7124 44.2118 43.035 55.3748 39.5506 35.4589 32.3481 31.5234 46.0026 29.3941 29.2087 28.5202 24.1734 12.8284 11.0054 8.98464 2.173 0.239145
threshold=0.56006235640526969 0.051372950862937243 0.99468719959259044 221.50000000000003 22.923373222351078 16.500000000000004 1.6556375226281845 8.3648271982432778 6.9887509499112168 1.3298003236911236 78.414760589599624 2855.5000000000005 2363.5000000000005 0.81545844674110424 116.6866798400879 232.50000000000003 -232.62499999999997 0.030412518879559227 1960.5000000000002 1.107130256444979 6.5000000000000009 8.7307405784229122 24.617528681301287 1.0068432396977578 -34.374999999999993 0.21634817127467845 56.500000000000007 1.0000000180025095e-35 56.500000000000007 10.341239452362062
decision_type=2 2 2 2 2 2 2 2 2 2 2 2 2 2 2 2 2 2 2 2 2 2 2 2 2 2 2 2 2 2
left_child=1 2 3 4 24 -6 8 9 14 18 13 12 -9 -10 -3 -16 -12 22 -8 25 -21 -22 -5 -19 -1 28 -2 -13 -4 -28
right_child=26 6 19 17 5 -7 7 11 10 -11 16 27 -14 -15 15 -17 -18 23 -20 20 21 -23 -24 -25 -26 -27 29 -29 -30 -31
leaf_value=-0.051964921435271122 0.023927957684296983 -0.05861935999108811 0.055581324762610573 -0.019925202780623937 0.00630167943208802 0.033513190264672574 -0.012123398562695136 0.010137412818415986 -0.013823016091709063 0.18594196658827164 0.025806923650518565 0.066836472784322934 0.046332191542762385 0.017907497053601611 0.049901694681425968 -0.028933148719263099 -0.0078660604167933076 0.038398055709501978 0.047469842902663144 0.63989411969223042 0.45972195012467298 0.06791393415773371 0.035576088504914491 -0.0019402188017340173 0.074856880028159684 0.069402825123491399 -0.063251245503341158 -0.0531870189708743 -0.05732780227786765 -0.052013314438293518
leaf_weight=33.742236319114454 5.1928102006204417 13.897405849536879 0.45166820287704279 241.66655979026109 237.71601889980957 331.37952140835114 466.79580577812158 1121.4037094032392 151.40698494343087 3.0785894542932501 90.617183930822648 1.6473512817174221 136.36780111165717 399.29957855422981 108.60821445495822 28.022041681222618 2314.2542849879246 72.651043979567476 23.939476806437597 0.36081871949136157 0.48466175794601341 38.84879652922973 26.283481100108474 110.41194817470387 4.2282753146719179 3.0636044738348573 5.5321902418509117 29.145672048907727 7.5363191030919552 32.810784880886786
leaf_count=578 31 278 1 5611 5035 3430 8297 23998 6058 32 3439 14 3524 6457 1280 672 44386 1474 509 7 1 566 173 2258 42 29 166 1259 460 4701
internal_value=0.00266681 0.00300835 0.0115074 0.00932061 0.0183945 0.0221467 0.00108057 0.00689863 -0.00225802 -0.00799959 -0.0036568 0.012608 0.0140617 0.00918376 0.0252067 0.0337331 -0.00659724 -0.00289295 -0.00921627 0.0571033 0.0778971 0.0727417 -0.014481 0.0140686 -0.0378424 -0.0175824 -0.0443833 -0.0467661 -0.0509435 -0.0536347
internal_weight=6040.84 5997.31 1108.82 1058.08 607.066 569.096 4888.48 1782.38 3106.11 493.814 2955.58 1288.56 1257.77 550.707 150.528 136.63 2404.87 451.013 490.735 50.7459 39.6943 39.3335 267.95 183.063 37.9705 11.0516 43.5358 30.793 7.98799 38.343
internal_count=124766 119868 19665 18601 9085 8465 100203 37633 62570 8838 60340 28795 27522 12515 2230 1952 47825 9516 8806 1064 574 567 5784 3732 620 490 4898 1273 461 4867
is_linear=0
shrinkage=0.05


Tree=61
num_leaves=31
num_cat=0
split_feature=4 57 5 2 3 6 4 5 6 57 80 49 21 69 3 67 53 83 35 3 49 6 57 14 48 65 57 0 49 30
split_gain=38.6162 36.1516 36.3209 98.4471 90.2297 87.3623 106.353 226.01 126.583 76.6734 70.1144 60.377 49.7901 46.4066 57.7009 29.9918 25.479 24.5085 22.2262 16.6559 19.5819 18.0994 15.728 14.0537 10.5258 9.71622 9.5437 6.96921 5.57826 4.82409
threshold=1.0000000180025095e-35 23.379610471963918 30.095133781433109 28.500000000000004 69.500000000000014 35.509126663208015 24.500000000000004 41.253728866577156 40.118083953857429 10.717434085322902 647.00000000000011 1.1722428503173847 3.1100636720657353 0.065656565656565677 61.500000000000007 540.50000000000011 0.76671313428723764 477.88235473632818 0.44525999502381036 75.500000000000014 1.2616998509546173 34.719518661499031 27.648876422315205 0.98604467511177074 -86.611145019531236 14.848380565643312 29.317621500852535 25.500000000000004 1.0564703576992096 373.50000000000006
decision_type=2 2 2 2 2 2 2 2 2 2 2 2 2 2 2 2 2 2 2 2 2 2 2 2 2 2 2 2 2 2
left_child=24 2 3 4 10 13 8 -8 -7 -6 -2 15 -13 14 -4 -5 22 -15 19 21 -21 -18 25 -20 -1 -3 27 -24 -26 -27
right_child=1 16 5 11 9 6 7 -9 -10 -11 -12 12 -14 17 -16 -17 18 -19 23 20 -22 -23 26 -25 28 29 -28 -29 -30 -31
leaf_value=0.079582377012706221 -0.0056140827934297137 -0.059949166879228612 -0.049321649534653678 0.0066061540079324485 -0.01412089950748238 0.029312855527635923 -0.018324465840071982 0.043109611702978674 -0.0086815732251593267 0.0099645546195052098 0.037102953829352824 -0.046115394845990441 0.051180887005660841 -0.049420687087467573 0.15458958652304181 0.11565433533471935 0.062428052718476824 0.0042153054588747437 -0.068264651291508271 0.034448091618994307 -0.028457012761085893 0.023920479754448873 0.070731399495983005 0.060559829551636607 0.033906777774094642 -0.058298275858263582 -0.037935032377390175 -0.00085211490231830358 -0.052394113138193324 0.062682032171716015
leaf_weight=1.6667237519286562 125.05971232021693 20.18003677169327 6.8993151551112515 22.262120256898928 444.70082057290711 245.42400804976933 248.80281784629915 375.88771497213747 2052.9237569980323 1285.8633139504818 414.26300685666502 160.69549287192058 14.320723013952373 149.6258445935091 6.978273166809231 8.7968318901257572 34.421329921926372 24.833121417206712 10.513158739311619 21.022941453731619 30.062680537812412 268.88149551139213 7.303614081116395 2.6508728561457238 1.9615983669646073 1.1802349183708423 6.0705096391029647 6.3618687517009676 41.197423174162395 2.7299569947645068
leaf_count=29 4141 362 200 604 5857 3244 4235 3264 60011 22424 3638 4004 165 2712 75 54 147 728 192 165 369 2804 52 6 42 59 132 57 4984 10
internal_value=0.00252503 0.00287053 0.0018173 0.00633638 0.00934045 -0.00177889 0.000347811 0.0186415 -0.00462442 0.00377535 0.0271976 -0.026753 -0.0381541 -0.0347859 0.0532141 0.0374919 0.0171755 -0.0417859 0.0214723 0.023842 -0.00257007 0.0282906 -0.0188603 -0.042323 -0.0437104 -0.0459715 0.0142323 0.0374062 -0.0484717 0.0261659
internal_weight=6043.54 5998.72 5587.34 2475.96 2269.89 3111.37 2923.04 624.691 2298.35 1730.56 539.323 206.075 175.016 188.337 13.8776 31.059 411.379 174.459 367.552 354.388 51.0856 303.303 43.8262 13.164 44.8257 24.0902 19.736 13.6655 43.159 3.91019
internal_count=124766 119711 115356 40887 36060 74469 70754 7499 63255 28281 7779 4827 4169 3715 275 658 4355 3440 3683 3485 534 2951 672 198 5055 431 241 109 5026 69
is_linear=0
shrinkage=0.05


Tree=62
num_leaves=31
num_cat=0
split_feature=4 33 46 66 5 5 4 68 3 68 57 67 68 33 46 26 32 52 27 31 40 67 70 65 5 35 56 33 26 68
split_gain=36.31 34.7316 34.1406 44.4937 40.0154 74.3038 91.1259 73.229 61.5236 62.2312 47.459 37.4942 30.6978 30.105 29.9501 43.7054 21.9184 15.6613 19.692 14.759 10.1481 7.77019 18.1395 5.01699 4.54553 2.65265 0.51494 1.71919 0.234207 0.189959
threshold=1.0000000180025095e-35 454.01541137695318 0.051372950862937243 1.5707801006378692 44.368745803833015 35.842166900634773 22.500000000000004 57.500000000000007 41.500000000000007 31.500000000000004 10.961058806445019 277.50000000000006 77.500000000000014 392.46003723144537 0.045281158248638813 74.627826690673842 1197.403747558594 0.84317336090057138 2753.339965820313 1327.5000000000002 -333.62499999999994 1531.0000000000002 5.0068505988868095 1.0000000180025095e-35 34.946899414062507 0.056547789070899281 36.025881882536957 65.058746337890639 23.601674079895023 94.500000000000014
decision_type=2 2 2 2 2 2 2 2 2 2 2 2 2 2 2 2 2 2 2 2 2 2 2 2 2 2 2 2 2 2
left_child=20 2 3 11 5 6 -4 -7 10 -10 -6 13 -13 -2 16 -16 -5 18 19 -3 24 -19 -23 26 -1 -21 27 -22 29 -25
right_child=1 17 4 14 8 7 -8 -9 9 -11 -12 12 -14 -15 15 -17 -18 21 -20 25 23 22 -24 28 -26 -27 -28 -29 -30 -31
leaf_value=0.13040176816476465 0.019246012723664396 0.081460128361278888 0.0088511045702784827 -0.0026773652901015306 0.020971536075932735 -0.0035964759725076825 -0.011137711201131079 -0.035429999542503886 -0.0566928412159503 0.062924537660309934 -0.00018746268673711783 0.007499507887458283 -0.034047072750840499 0.071361164600465529 0.13032689524983515 -0.035716764824119444 -0.048938440637230934 -0.05212735088583284 0.14144556139091763 0.045274794763892248 0.060857925395754964 -0.054008188509657912 0.22061722328615363 -0.052968087346174808 -0.050643820942000484 -0.054387481919381246 0.060869887993061582 -0.051971218675815868 -0.051606150471751294 -0.089438586707560996
leaf_weight=1.1820576190948475 618.18833402509335 3.0103706107474855 1761.9854908010457 47.350860158680007 363.25371115561575 495.06951814843342 842.95091505919117 284.45908581011463 12.523482946911825 82.517012697062455 979.91955648746807 288.36828766344115 52.565312380087562 29.011341071454808 7.8147514162119469 8.0407116001006198 55.751885552657768 46.717245836509392 2.4364490136504164 0.72602716879919071 0.73291325569152765 1.870895869797095 0.88606554549187411 0.67693319788668194 0.49058374064043153 8.3057762349490059 0.73343229293823231 0.62596612330526114 37.721267659566365 0.75553712493274361
leaf_count=1 9292 35 29677 820 5150 10797 15466 7256 281 563 26449 5823 1391 523 108 153 1198 3961 26 5 1 85 11 63 93 641 1 54 4835 7
internal_value=0.00239335 0.00272149 0.00311676 0.0110352 0.00129901 -0.00166996 0.00238277 -0.0152129 0.00828572 0.0471626 0.00553487 0.0145131 0.00109384 0.0215821 -0.0178542 0.0461219 -0.0276926 -0.0339284 0.0118099 -0.0144189 -0.0434325 -0.0473137 0.0342542 -0.0483286 0.0773013 -0.0463761 0.0271065 0.00888332 -0.0523597 -0.072204
internal_weight=6036.64 5993.72 5929.77 1107.09 4822.68 3384.47 2604.94 779.529 1438.21 95.0405 1343.17 988.133 340.934 647.2 118.958 15.8555 103.103 63.9528 14.4786 12.0422 42.9187 49.4742 2.75696 41.246 1.67264 9.0318 2.09231 1.35888 39.1537 1.43247
internal_count=124766 119711 114947 19308 95639 63196 45143 18053 32443 844 31599 17029 7214 9815 2279 261 2018 4764 707 681 5055 4057 96 4961 94 646 56 55 4905 70
is_linear=0
shrinkage=0.05


Tree=63
num_leaves=31
num_cat=0
split_feature=4 55 68 0 32 3 68 5 68 5 36 14 3 76 0 68 5 14 14 4 72 26 39 56 56 44 14 13 13 41
split_gain=34.209 34.3986 52.1737 67.8557 104.72 140.37 99.8521 128.439 98.9327 66.1011 63.3132 77.9839 80.2839 50.0417 48.3541 105.97 72.1924 60.4588 65.3472 48.0819 42.8116 37.6903 34.9788 31.2541 26.5471 39.8406 21.6341 21.5632 75.1077 12.0341
threshold=1.0000000180025095e-35 9.8172445558673065 17.500000000000004 46.500000000000007 1020.3906555175782 37.500000000000007 27.500000000000004 10.341239452362062 75.500000000000014 19.260068893432621 0.2118073946114136 0.91693484783172619 41.500000000000007 3.0761389211184347 49.500000000000007 28.500000000000004 19.260068893432621 0.96735852956771862 0.95078623294830333 16.500000000000004 1.9615485194281399 53.498249053955085 147536.43750000003 10.468140260370577 10.147287575185912 0.0047697120771590011 0.92546910047531139 0.88748949766159069 0.87346330285072338 -141.87499999999997
decision_type=2 2 2 2 2 2 2 2 2 2 2 2 2 2 2 2 2 2 2 2 2 2 2 2 2 2 2 2 2 2
left_child=-1 2 10 4 5 -4 9 -8 -6 -5 11 19 -13 14 17 20 -17 18 -3 -2 -16 -19 24 -24 25 -15 -26 28 -12 -25
right_child=1 13 3 6 8 -7 7 -9 -10 -11 27 12 -14 22 15 16 -18 21 -20 -21 -22 -23 23 29 26 -27 -28 -29 -30 -31
leaf_value=-0.043245999748735081 -0.0042189798539316418 0.0054356660881186292 -0.0079052827873615245 -0.06163743540802278 0.0059100277508348162 0.04172875567815959 0.036314600680012903 -0.032982989549100124 -0.019562603080833994 0.04646313708575317 -0.042682807715370245 -0.039657282093850062 0.037641434599695725 0.19208960573451961 0.042022806992844698 0.043083809098328422 -0.010747681726313092 0.021668624063256772 0.037724116890833652 -0.055628691986666229 0.099695254975321529 -0.024903156813051774 0.34781431247369388 0.17005584141674723 -0.025700058347281864 0.00017486779382244885 0.0015035700644162656 -0.049660446172254673 0.1052214948664728 -0.052786115826034569
leaf_weight=41.006039141095243 109.820353719173 723.36268228956033 223.52430488553364 16.64233508054167 1791.5440701546613 392.71694021788426 79.21639123535715 428.85438811336644 484.20501458342187 94.10345400008373 40.478553839260712 43.57322988868691 146.62891616346315 3.8990749958902589 105.11518139997497 94.643373923376203 182.14359675988089 55.272386750904843 200.03439462499227 77.631486425409093 46.374953975435346 202.9939744817093 1.2363348121289157 1.0404319555964323 181.30985455296468 8.824909665854646 122.43795313709415 128.15619686036371 10.893420790089293 1.4504181237425653
leaf_count=5055 2941 18899 3041 161 28471 2677 337 10144 9429 1367 1169 771 1791 22 1755 824 5953 871 3266 1919 1129 8085 13 4 7921 165 2930 3322 226 108
internal_value=0.00226712 0.00257827 -2.99061e-05 0.0022259 0.00544135 0.0237254 -0.0128013 -0.0221784 0.000490285 0.0302183 -0.0142437 -0.00262288 0.0199331 0.0080753 0.0116657 0.0260592 0.00765923 0.00644901 0.0124303 -0.0255098 0.0596778 -0.0149362 -0.00997717 0.142302 -0.0117706 0.0589843 -0.0147345 -0.0386892 -0.0113197 0.0402953
internal_weight=6039.13 5998.13 4067.99 3510.81 2891.99 616.241 618.817 508.071 2275.75 110.746 557.182 377.654 190.202 1930.14 1609.94 428.277 276.787 1181.66 923.397 187.452 151.49 258.266 320.199 3.72718 316.472 12.724 303.748 179.528 51.372 2.49085
internal_count=124766 119711 67766 55627 43618 5718 12009 10481 37900 1528 12139 7422 2562 51945 40782 9661 6777 31121 22165 4860 2884 8956 11163 125 11038 187 10851 4717 1395 112
is_linear=0
shrinkage=0.05


Tree=64
num_leaves=31
num_cat=0
split_feature=82 35 55 54 76 40 24 34 58 48 73 68 4 67 68 82 32 80 5 49 80 78 30 3 24 5 6 64 68 6
split_gain=36.6655 35.3952 37.2246 46.8885 44.0253 43.8266 37.2822 44.6629 41.1712 36.1125 33.7468 69.8304 33.6921 32.4619 25.1711 19.336 18.2098 10.1894 0.218092 0.166855 0.0701206 0.0174778 0.0168803 0.0120803 0.00956373 0.00582854 0.00378234 0.00277667 0.000912615 0.000500597
threshold=1529.5000000000002 0.56006235640526969 10.468140260370577 7.1752158550639562 3.0761389211184347 -279.12499999999994 884.50000000000011 0.17524331478851038 8.9454509003072804 11.277709960937502 0.99803638806499817 80.500000000000014 23.500000000000004 126.50000000000001 94.500000000000014 43.500000000000007 765.03497314453136 56.500000000000007 10.341239452362062 2.1615773115773123 66.500000000000014 1153.5000000000002 690.50000000000011 121.50000000000001 1676.5000000000002 15.710248947143556 81.687568664550795 17.062500000000004 51.500000000000007 23.379610061645511
decision_type=2 2 2 2 2 2 2 2 2 2 2 2 2 2 2 2 2 2 2 2 2 2 2 2 2 2 2 2 2 2
left_child=1 2 6 10 12 -6 14 8 -8 -9 13 -12 -5 -4 15 -1 -16 -3 19 -19 22 -21 -20 26 -25 -22 29 28 -28 -2
right_child=23 17 3 4 5 -7 7 9 -10 -11 11 -13 -14 -15 16 -17 -18 18 20 21 25 -23 -24 24 -26 -27 27 -29 -30 -31
leaf_value=0.0447922018008328 -0.050845514859541918 0.022246176196656853 0.051825983718235595 0.015182519910953013 0.11004786649298121 -0.019434177494529872 0.082169238429568414 -0.0080430664119370467 0.013946530699525971 0.0028714492180037161 0.044899319813095244 0.20233463616668895 -0.012194771611701821 -0.015442121982626816 -0.057579185722499496 -0.048817498265360887 0.089592168742112843 -0.075731505061077078 -0.055830555186072862 -0.055116767974184411 -0.052778244802763691 -0.064211149800440362 -0.062935586910564736 -0.06332043631453306 -0.051251658733255684 -0.050540025843023584 -0.054576080227814662 -0.056943777369482876 -0.050893106178539975 -0.050205881269389629
leaf_weight=5.9839867739938191 3.4429132026853067 5.071740702725946 34.15779770934023 830.97581827640533 6.7761893689166746 183.76111527404282 30.411903519649059 966.06904792739078 81.053894929238595 3516.4011340503348 47.135247248923406 8.2807540951762331 129.95405541651417 37.761852562776767 3.0559020279906672 70.618073078920133 6.7322616882156581 1.7074450436048199 3.6503440225496915 2.9483388131484394 3.3469885529484626 0.64362684218212951 1.0842784941196439 0.32584472000598808 0.33079251949675381 22.210544058005325 0.21382365049794205 0.33386190654709924 0.78833659423980862 27.425056606531143
leaf_count=63 679 31 589 18222 154 6283 243 15108 1336 59334 539 106 3809 1249 149 2738 20 21 78 131 215 14 8 2 44 4400 6 5 120 9070
internal_value=0.00214455 0.00243302 0.00275026 0.0103104 0.00712657 -0.0148293 0.000684609 0.00129657 0.0325602 0.000519136 0.0391011 0.0684247 0.0114801 0.0165065 -0.0318573 -0.0415049 0.0436447 -0.0440574 -0.0535056 -0.0628633 -0.0518685 -0.0567463 -0.0574577 -0.0505268 -0.0572406 -0.0508331 -0.05039 -0.0529946 -0.0516789 -0.0502772
internal_weight=6032.65 5999.79 5959.13 1278.8 1151.47 190.537 4680.33 4593.94 111.466 4482.47 127.336 55.416 960.93 71.9197 86.3902 76.6021 9.78816 40.6633 35.5916 5.29941 30.2922 3.59197 4.73462 32.8606 0.656637 25.5575 32.204 1.33602 1.00216 30.868
internal_count=124766 114840 109942 30951 28468 6437 78991 76021 1579 74442 2483 645 22031 1838 2970 2801 169 4898 4867 166 4701 145 86 9926 46 4615 9880 131 126 9749
is_linear=0
shrinkage=0.05


Tree=65
num_leaves=31
num_cat=0
split_feature=29 65 35 40 0 82 28 29 34 26 41 51 54 31 13 83 54 51 65 30 80 53 82 44 41 79 51 34 80 46
split_gain=35.3292 33.8872 33.1249 47.8729 81.5516 70.6584 64.3185 55.8149 52.4937 47.6376 34.8981 65.0961 74.2936 44.8613 36.8355 41.123 39.1313 30.4114 20.0083 31.5781 21.2125 28.9945 36.8115 20.4794 10.1422 9.9561 8.9274 6.95038 1.37218 0.558367
threshold=2855.5000000000005 1.9615485668182375 0.56006235640526969 -274.12499999999994 17.500000000000004 1018.5000000000001 241.27008056640628 1992.5000000000002 1.8334814176546466 258.66181945800787 -38.124999999999993 1.6556375226281845 7.7913836368792024 392.50000000000006 0.99513158202171337 470.88073730468756 7.1752158550639562 0.77091060218990748 9.8172445297241229 1736.5000000000002 697.50000000000011 0.84639119535565721 914.50000000000011 0.014966408788399067 -69.874999999999986 8.709449458052811 22.997316986072359 1.6204151336662591 53.500000000000007 0.022279976634983999
decision_type=2 2 2 2 2 2 2 2 2 2 2 2 2 2 2 2 2 2 2 2 2 2 2 2 2 2 2 2 2 2
left_child=2 17 3 4 6 7 8 -6 -1 -8 11 13 -13 -5 16 -16 -12 24 20 -20 21 22 -3 -23 -2 -4 -19 -27 -29 -30
right_child=1 18 25 10 5 -7 9 -9 -10 -11 14 12 -14 -15 15 -17 -18 26 19 -21 -22 23 -24 -25 -26 27 -28 28 29 -31
leaf_value=0.23301590066489825 0.20656882368186458 -0.053812528733625881 -0.053502941408466592 0.021751931461872914 0.03797184086080671 0.22256390643111437 0.037956588985901693 -0.043971221495601495 -0.055380696889758635 0.35822625552416998 0.009791279245557425 -0.015097410926622241 0.030733685446279344 -0.017954458903282875 0.014542824651831467 0.091847467698934621 8.7719738765908249e-05 -0.054967430267782662 0.16926102532651466 -0.052770637037762927 -0.053000682867248627 0.02302257793436998 0.14254989900825618 -0.054212191727108699 0.077504457433990384 -0.058644518321531169 0.091977909265870961 0.10530836449275434 0.066373428328678832 0.01473854544699364
leaf_weight=10.15159216430038 2.731341639533639 3.9209203791106102 33.451759386458434 79.316241125226952 40.700256732641719 3.5942464414983979 28.401380679686557 42.460963769815862 1.8682326024863858 1.2105587685946364 1622.5653021879261 150.72430454590358 213.92711345304269 689.76378204417415 58.761730975122191 24.324818726163357 2888.6170273087919 4.7493999404832721 3.122265371028333 3.2875319484155625 70.032912892056629 12.616042729699982 6.0998644528444856 26.847477059927769 3.4383077805396152 1.774605682818218 1.3211138565093277 1.2468237876892092 0.99107635882683132 1.1099206167273221
leaf_count=95 6 203 4647 2070 1073 33 1103 2211 60 48 23785 3836 4503 15166 1816 87 59076 133 18 489 2202 418 83 1409 38 104 4 1 6 43
internal_value=0.00203357 -0.0229586 0.00261934 0.00292353 0.0331189 0.00551381 0.0906445 -0.00386715 0.188191 0.0510495 0.00224673 -0.00560965 0.0117899 -0.0138595 0.00418546 0.0371749 0.00357786 0.0564654 -0.0306786 0.0553828 -0.0352941 -0.0102349 0.0657174 -0.0295211 0.134642 -0.0435628 -0.022988 0.0213512 0.0637551 0.0390956
internal_weight=6033.13 138.167 5894.96 5856.39 128.387 86.7555 41.6318 83.1612 12.0198 29.6119 5728 1133.73 364.651 769.08 4594.27 83.0865 4511.18 12.2402 125.927 6.4098 119.517 49.4843 10.0208 39.4635 6.16965 38.5742 6.07051 5.12243 3.34782 2.101
internal_count=124766 5003 119763 114962 4623 3317 1306 3284 155 1151 110339 25575 8339 17236 84764 1903 82861 181 4822 507 4315 2113 286 1827 44 4801 137 154 50 49
is_linear=0
shrinkage=0.05


Tree=66
num_leaves=31
num_cat=0
split_feature=82 36 14 6 26 10 58 26 49 83 82 80 53 53 13 30 58 4 13 10 80 6 10 69 82 6 13 4 25 58
split_gain=34.4847 32.9221 85.5511 141.791 81.6892 79.8893 70.2847 55.7561 53.5063 52.8958 52.2094 50.777 49.4036 50.2835 48.4367 32.8714 91.4921 109.514 95.7223 84.5139 199.288 87.6143 60.9649 101.82 71.4231 47.1957 81.8317 62.4181 27.8226 17.3962
threshold=1529.5000000000002 0.15126955449977356 0.91411149501800548 33.637887954711921 53.79997634887696 0.46402969956398016 9.4282234561998255 104.63522720336915 1.3513629608990436 460.83531188964849 974.00000000000011 198.50000000000003 0.92836496956872361 0.93047217471476273 0.87199637293815624 1099.5000000000002 8.6281421853880662 16.500000000000004 0.9465378224849702 0.95199692249298107 786.50000000000011 63.779954910278327 0.30401946604251867 0.26767676767676774 897.00000000000011 35.952547073364265 0.96869203448295604 28.500000000000004 971.75924682617199 13.785654895727498
decision_type=2 2 2 2 2 2 2 2 2 2 2 2 2 2 2 2 2 2 2 2 2 2 2 2 2 2 2 2 2 2
left_child=1 2 7 6 9 -6 -4 8 11 -5 -8 -1 14 -14 -9 16 17 28 -19 22 29 -22 23 -17 -24 26 -18 -27 -3 -21
right_child=-2 15 3 4 5 -7 10 12 -10 -11 -12 -13 13 -15 -16 19 25 18 -20 20 21 -23 24 -25 -26 27 -28 -29 -30 -31
leaf_value=0.031033106070363959 -0.050500646830963926 0.032617187417046431 -0.046185946771167503 0.055773893124503975 -0.011747056503752604 0.075403566249500162 -0.011665315879625496 -0.054598158486460713 0.30652288761375768 -0.00026377178213281516 0.044208708082376903 -0.0097209261923884207 0.47251735554913088 0.11085382576877799 0.12160485876917415 -0.052583599648971517 0.022787488514849363 0.061602310486701721 -0.033342977193121445 -0.052823556424004638 0.70201746496028572 0.20534443347481562 -0.040367366105141356 0.019313420515182148 -0.0071598300829363113 -0.0061257076587965626 -0.009453227375102324 0.036882903039758969 -0.052837407251539605 0.058374037288503849
leaf_weight=86.193181500537321 31.207050911732949 12.442930506076662 79.33823827188462 61.418807317269966 30.902546335943043 176.39845253853127 105.0404233019799 7.3882408740464625 1.3799387898761768 133.96209535817616 69.453195577953011 674.78566924587358 1.4236642317846406 2.9577854569070041 8.2613068348728103 56.898162195575424 511.46433871123008 179.60293059097603 31.150720013305545 5.1837035785429242 1.6543560177087777 1.916578250005841 192.16281562810764 366.04138681455515 1028.9137460293714 1718.1217780536972 319.91672521340661 88.716629197122529 40.618243294302374 10.940932673634959
leaf_count=1588 9926 153 1089 314 845 1116 1148 214 12 1785 823 17569 16 44 84 3932 4584 798 223 216 8 33 4275 9407 16515 39468 6620 1054 847 60
internal_value=0.00192347 0.00219593 0.00879085 0.0221002 0.0405489 0.0624119 -0.00716697 -0.0023772 -0.0045408 0.0173519 0.0105741 -0.00510487 0.079967 0.228369 0.0384184 0.000117524 0.00332978 0.0314046 0.0475688 -0.00548566 0.0974732 0.435445 -0.00671913 0.0096411 -0.0123858 0.000522382 0.0103812 -0.00401396 -0.0327982 0.0226265
internal_weight=6035.86 6004.65 1438.9 656.514 402.682 207.301 253.832 782.39 762.359 195.381 174.494 760.979 20.031 4.38145 15.6495 4565.75 2902.03 263.815 210.754 1663.71 19.6956 3.57093 1644.02 422.94 1221.08 2638.22 831.381 1806.84 53.0612 16.1246
internal_count=124766 114840 26647 7120 4060 1961 3060 19527 19169 2099 1971 19157 358 60 298 88193 53747 2021 1021 34446 317 41 34129 13339 20790 51726 11204 40522 1000 276
is_linear=0
shrinkage=0.05


Tree=67
num_leaves=31
num_cat=0
split_feature=29 4 65 30 83 61 45 3 29 51 27 57 80 27 51 43 57 65 30 80 53 3 44 48 51 70 49 26 68 80
split_gain=33.1593 31.1044 30.7844 30.6498 72.0682 54.6866 48.5513 40.8095 38.7737 79.9689 40.7233 34.677 32.1442 31.6044 25.0306 23.9789 19.0886 18.6219 26.6696 20.4338 25.3659 32.821 19.2587 9.45198 8.15294 5.5083 5.13841 0.184095 0.135018 0.117786
threshold=2855.5000000000005 1.0000000180025095e-35 1.9615485668182375 1857.5000000000002 477.37062072753912 0.22500000000000003 0.78615879471142003 11.500000000000002 2830.5000000000005 6.2278298759511381 2222.911987304688 25.042918012841763 773.50000000000011 2285.047973632813 0.77091060218990748 267.37500000000006 14.0258456852207 9.8172445297241229 1736.5000000000002 697.50000000000011 0.84639119535565721 93.500000000000014 0.014966408788399067 -86.611145019531236 22.997316986072359 1.9615485194281399 1.0564703576992096 23.601674079895023 94.500000000000014 631.00000000000011
decision_type=2 2 2 2 2 2 2 2 2 2 2 2 2 2 2 2 2 2 2 2 2 2 2 2 2 2 2 2 2 2
left_child=1 23 14 8 5 12 -7 15 10 13 11 -3 -5 -10 25 -6 -12 19 -19 20 21 -4 -22 -1 -16 -2 -25 28 -28 -9
right_child=2 3 17 4 7 6 -8 29 9 -11 16 -13 -14 -15 24 -17 -18 18 -20 -21 22 -23 -24 26 -26 -27 27 -29 -30 -31
leaf_value=0.07966645041150916 0.16603303088600149 0.0014773923887749611 -0.051602252797059649 -0.047305625227973491 0.017757434848897101 0.036021080218721559 0.11094543779142539 -0.050896892213587397 0.14520795654952276 0.43311181688008632 -0.038127526158927658 0.020247676261541891 0.073127860564793951 -0.05588220991856381 -0.054734777066424906 0.20697787822255875 0.16930024522074036 0.15077560140786558 -0.052723039651414311 -0.052873076918850875 0.02057140858850183 0.12932020082050019 -0.054087879339895999 0.036161674797258785 0.086268605323022426 0.074586063198120861 -0.050814153645721283 -0.051522606093947446 -0.084847947180703862 -0.056958347341905663
leaf_weight=1.5101851848885406 3.2066751704551262 5333.0418622785946 4.1222148761153203 21.046785078011457 18.427408867049966 58.998812464531511 34.129952148534358 27.192285135271959 3.6965288636274618 1.5391133960802106 72.950103866169229 257.96108847402502 7.5201493622735134 4.1447452688589692 4.5425710643175989 1.841626940993591 1.1262450993526716 3.331555639859288 3.1157771751750261 66.888548615388572 12.977473475271834 6.3963645529001951 25.8298239010619 1.7268685624003399 1.3239608658477662 3.3850227014627308 0.48359998618252464 33.249742279411294 0.73329723440110683 11.363947119563816
leaf_count=20 16 104182 251 338 555 710 231 4826 56 18 1460 2090 105 88 133 9 66 18 489 2202 418 35 1409 32 4 28 62 4715 6 194
internal_value=0.00181582 0.00237738 -0.0226742 0.00266889 0.0229513 0.0449158 0.0634795 -0.0224882 0.00202365 0.103594 0.00185547 0.00234343 -0.0156019 0.0389156 0.052212 0.0349498 -0.0349738 -0.0302801 0.0524316 -0.0348688 -0.010454 0.058417 -0.0291212 -0.042891 -0.0229131 0.119072 -0.0480047 -0.0522217 -0.0713228 -0.0526834
internal_weight=6027.8 5892.68 135.12 5854.98 180.521 121.696 93.1288 58.8253 5674.46 9.38039 5665.08 5591 28.5669 7.84127 12.4582 20.269 74.0763 122.662 6.44733 116.214 49.3259 10.5186 38.8073 37.7037 5.86653 6.5917 36.1935 34.4666 1.2169 38.5562
internal_count=124766 119763 5003 114928 6968 1384 941 5584 107960 162 107798 106272 443 144 181 564 1526 4822 507 4315 2113 286 1827 4835 137 44 4815 4783 68 5020
is_linear=0
shrinkage=0.05


Tree=68
num_leaves=31
num_cat=0
split_feature=82 35 55 68 0 68 32 6 10 83 0 68 6 10 14 25 3 79 14 83 14 3 49 81 45 2 82 3 27 3
split_gain=32.0596 30.7732 31.8547 47.697 56.1397 84.9876 84.4581 55.3525 71.8701 48.6494 47.0931 81.4512 77.1767 54.9375 49.4319 41.5924 33.6404 9.4884 6.56907 1.51628 1.29055 0.138893 0.125458 0.0560584 0.0123329 0.0104316 0.0102795 0.00903516 0.00687049 0.00333109
threshold=1529.5000000000002 0.56006235640526969 9.8172445558673065 16.500000000000004 46.500000000000007 29.500000000000004 1020.3906555175782 51.834695816040046 0.64004096388816845 711.95770263671886 49.500000000000007 23.500000000000004 42.452634811401374 0.71547618508338939 0.96735852956771862 1649.3518676757815 93.500000000000014 8.709449458052811 0.98604467511177074 124.50712203979494 0.98674991726875316 101.50000000000001 2.1615773115773123 23854.000000000004 0.8322833254872658 17.500000000000004 44.500000000000007 121.50000000000001 1669.3959960937502 93.500000000000014
decision_type=2 2 2 2 2 2 2 2 2 2 2 2 2 2 2 2 2 2 2 2 2 2 2 2 2 2 2 2 2 2
left_child=1 2 3 7 6 -6 -5 8 -1 -9 13 15 -13 14 -4 -12 -15 21 26 -20 -21 23 -23 25 -24 -3 -19 -2 -29 -25
right_child=27 17 10 4 5 -7 -8 9 -10 -11 11 12 -14 16 -16 -17 -18 18 19 20 -22 22 24 29 -26 -27 -28 28 -30 -31
leaf_value=-0.029290876064258578 -0.050357597464818528 -0.05474689226732924 0.01130102263362559 0.020961405690947829 0.021521844550139835 -0.022304294267632408 0.00026409118283849965 -0.050636019104682843 0.012380311509656476 0.4387586488018152 0.058321323107109593 0.048820204162050462 -0.0064243297838588384 -0.039307145671950337 -0.013537672930696649 -0.034758755224127781 0.014282963994854148 -0.061612352227025005 0.085792709104896017 0.059134418271145663 -0.050506052920032865 -0.071914325085279673 -0.051641071200130541 -0.05047453817558905 -0.057618543767613807 -0.059315259503959578 -0.053469986356063197 -0.061854950156636529 -0.051144662347543439 -0.052524385254194943
leaf_weight=189.05595977779012 28.668017102347225 3.5111086815595653 1004.9503165317001 627.5448258278193 144.87979622697458 467.77623860351741 2297.1406977602746 98.257110262406059 228.56337564415298 0.51044536894187231 144.11267533979844 83.692201568046585 258.43226247909479 113.04462448740378 250.16654152539559 13.091914531192741 39.522293491056189 1.1254358389414836 2.197895467281342 0.65304064750671365 0.45567118725739419 1.6901254854165007 1.3204785422421994 19.008059878600765 2.4902936603175476 1.9400656418874858 0.59126996726263303 0.30299574136733909 0.29602849611546844 2.2126091741956762
leaf_count=5246 9880 88 23130 5702 2017 8963 37610 4011 2252 31 2260 585 5941 3091 7919 836 348 11 2 1 79 28 105 4268 79 26 61 2 44 150
internal_value=0.00171928 0.00197401 0.00225693 -0.000250085 0.00182214 -0.0119404 0.00470508 -0.0144452 -0.0064842 -0.0481068 0.00758607 0.0207787 0.00708987 0.00290643 0.00635024 0.0505697 -0.0254247 -0.0433634 0.0205463 0.061745 0.0140731 -0.053342 -0.060576 -0.0518501 -0.0555473 -0.0563728 -0.0588079 -0.0504846 -0.0565621 -0.0506883
internal_weight=6027.2 5997.94 5960.74 4053.73 3537.34 612.656 2924.69 516.387 417.619 98.7676 1907.01 499.329 342.124 1407.68 1255.12 157.205 152.567 37.1961 5.02331 3.30661 1.10871 32.1727 5.5009 26.6718 3.81077 5.45117 1.71671 29.267 0.599024 21.2207
internal_count=124766 114840 109942 65832 54292 10980 43312 11540 7498 4042 44110 9622 6526 34488 31049 3096 3439 4898 154 82 80 4744 212 4532 184 114 72 9926 46 4418
is_linear=0
shrinkage=0.05


Tree=69
num_leaves=31
num_cat=0
split_feature=82 36 83 37 21 3 45 30 67 5 29 4 10 80 6 67 30 6 21 82 1 56 30 67 57 55 76 41 3 57
split_gain=30.4055 29.9429 56.1589 77.4894 56.872 70.5157 58.5967 48.9704 69.894 46.0984 69.9124 138.841 72.1104 85.7824 68.9857 68.6792 65.5347 72.9032 68.8506 65.276 60.1308 59.4177 46.0796 40.8316 10.3008 10.8483 5.76405 4.22326 4.01289 0.0408254
threshold=1512.0000000000002 0.14784309452326674 452.02690124511724 54.491971969604499 0.78656607866287243 23.500000000000004 0.65477572650076821 1527.5000000000002 204.50000000000003 15.710248947143556 1359.5000000000002 27.500000000000004 0.95199692249298107 786.50000000000011 62.292842864990241 166.50000000000003 815.50000000000011 20.999533653259281 3.3225259780883794 897.00000000000011 0.6269841492176057 8.8256921855262611 1533.5000000000002 367.50000000000006 11.432742597140701 9.6818148237684394 4.8478190684019102 -51.874999999999993 123.50000000000001 38.796328329240772
decision_type=2 2 2 2 2 2 2 2 2 2 2 2 2 2 2 2 2 2 2 2 2 2 2 2 2 2 2 2 2 2
left_child=1 2 24 7 5 -5 -6 23 -9 16 11 21 14 -14 -12 -13 19 18 -18 20 -3 -11 -19 -4 -1 -26 -27 -21 29 -2
right_child=28 9 3 4 6 -7 -8 8 -10 10 12 15 13 -15 -16 -17 17 22 -20 27 -22 -23 -24 -25 25 26 -28 -29 -30 -31
leaf_value=-0.057085056476771673 -0.050413873010910416 -0.046778657211667296 -0.029057603904228593 0.041079055823123559 0.011808837800576295 -0.025942540415516704 0.047554320743084952 0.039929592829340874 -0.02473244649773116 0.02393125394573065 -0.0072478520033999868 0.079904460017783868 0.022753883727121772 0.1985339824676568 -0.047386627586181868 0.0091206434375464499 -0.012587277379766657 0.042558486997656339 0.11008279384334772 0.002519323517929716 0.02437370306701377 -0.0034861601323061425 0.0053381192555673994 0.0073390281743745209 0.12247374323713048 0.044850039630903581 -0.0059524580878759547 -0.065424713716631375 0.040530009796168505 -0.058671077208363002
leaf_weight=2.5196221810765556 28.841786028351642 42.258374742232263 268.19529534922913 55.507587058935314 287.55949350039009 133.9638722576201 190.66809576330706 102.39805114339106 70.607092580758035 238.05508480872959 2143.9970060371561 88.908183659659699 59.127799627138302 7.8636989733204237 112.67158529278822 55.761270654038526 191.31452857027762 280.56917324918322 12.165924884378908 2.3978183194994918 99.863216401077807 1163.0095343880239 118.18121791956946 108.12296620779671 4.356374174123629 96.537821016740054 5.9261270002461961 49.530259795486927 1.2510361644672219 1.5788871550466854
leaf_count=45 9921 1741 5775 755 7061 2235 3168 2028 1520 1697 45111 596 1975 104 8527 1015 2389 1790 64 14 1003 22362 1133 1665 35 334 54 450 29 170
internal_value=0.00162814 0.0018864 0.00851552 0.0054317 0.0168754 -0.00630788 0.0260605 -0.00847801 0.0135396 1.8725e-06 -0.00225272 0.00598761 -0.00773431 0.0433876 -0.00925191 0.0526216 0.0109577 0.0191 -0.00525294 -0.0143119 0.00321729 0.00117234 0.0315272 -0.0186002 0.0428403 0.0451973 0.0419118 -0.0622873 -0.0472332 -0.0508424
internal_weight=6023.71 5992.04 1326.36 1217.02 667.699 189.471 478.228 549.323 173.005 4665.67 3869.39 1545.73 2323.66 66.9915 2256.67 144.669 796.281 602.231 203.48 194.05 142.122 1401.06 398.75 376.318 109.34 106.82 102.464 51.9281 31.6717 30.4207
internal_count=124766 114646 24675 24207 13219 2990 10229 10988 3548 89971 81387 25670 55717 2079 53638 1611 8584 5376 2453 3208 2744 24059 2923 7440 468 423 388 464 10120 10091
is_linear=0
shrinkage=0.05


Tree=70
num_leaves=31
num_cat=0
split_feature=4 57 33 33 5 1 79 26 72 57 35 32 5 30 6 57 5 24 14 30 40 65 28 35 66 56 33 82 37 56
split_gain=29.7832 29.0785 27.662 34.7307 45.6805 45.1177 36.8205 44.7154 40.8985 23.2713 19.018 15.6334 16.4762 33.59 23.8818 14.3546 22.5051 11.8469 11.8312 8.33364 8.32287 4.25196 2.71751 0.575457 0.599123 0.434524 1.45242 0.163502 0.102057 0.0590556
threshold=1.0000000180025095e-35 24.510027785636954 454.01541137695318 403.48892211914068 29.272552490234379 0.84920635819435131 2.1748578678572579 277.94856262207037 3.0322912811497131 18.204316038854383 0.44525999502381036 413.67492675781256 43.694061279296882 594.50000000000011 71.923461914062514 10.468140260370577 12.102904796600344 1485.5000000000002 0.98604467511177074 493.50000000000006 -333.62499999999994 1.0000000180025095e-35 222.07374572753909 0.48257703476722097 1.1969963107100108 36.025881882536957 65.058746337890639 42.500000000000007 27.656373977661136 17.985416737922304
decision_type=2 2 2 2 2 2 2 2 2 2 2 2 2 2 2 2 2 2 2 2 2 2 2 2 2 2 2 2 2 2
left_child=20 2 3 6 5 -5 8 -8 -2 -6 11 -3 13 -13 -14 16 -4 19 23 -17 22 25 -1 24 -12 26 -22 28 -23 -19
right_child=1 10 15 4 9 -7 7 -9 -10 -11 18 12 14 -15 -16 17 -18 29 -20 -21 21 27 -24 -25 -26 -27 -28 -29 -30 -31
leaf_value=0.1030839484077269 -0.023603673087170152 -0.05261832828567501 0.10762313148310028 0.036410478168036518 -0.042546267604173196 0.16243941686565255 0.001804430710778925 0.19440431398335356 0.012589345117790833 0.055315197550473538 -0.064365881443505787 -0.040782634817261784 0.037412307292625513 0.022529881547507048 -0.013089617223579051 -0.053193955409893051 -0.052366264014770882 -0.051830206559509574 0.052441012524133815 0.10079639615873115 0.058962221834606525 -0.081369694243372412 -0.050520766076977322 -0.058087927167873379 -0.10385125188759109 0.058982307781949676 -0.051717910657905833 -0.051381124477586596 -0.055615639563161935 -0.068374308969176442
leaf_weight=1.2488812208175648 290.66167382081039 7.3860519190784535 4.2433648975566012 75.308038718532771 26.576043698936701 7.8408084267284712 5087.9196211047238 3.0153854987584046 106.71072082268074 7.8749760540667912 2.08124973787926 28.807933474192396 158.99237951729447 76.796190969645977 27.451206946512684 1.4345216711517417 4.5602766055380926 43.197500744834542 2.5823643379844716 2.2671300689689815 0.64447772502899059 0.74409050401300081 0.37422023655381043 6.3019663852173835 1.7843226608820257 0.64548218250274647 0.5488261294667609 32.201118473545648 0.79637035704217851 0.54622530192136665
leaf_count=1 10853 517 25 1123 2485 126 93156 84 3772 34 29 309 1135 611 533 181 199 4327 7 12 1 8 93 169 20 1 54 4864 33 4
internal_value=0.0015417 0.00181942 0.00100034 0.00135041 0.028236 0.0482948 0.000774326 0.00191851 -0.0138844 -0.0201766 0.0166752 0.0192218 0.0210387 0.00525875 0.0299766 -0.0338885 0.0247488 -0.0447688 -0.0431307 0.0411197 -0.0430563 -0.0481074 0.067669 -0.0674041 -0.0825921 0.0259344 0.00805805 -0.0521424 -0.0680556 -0.0520368
internal_weight=6011.54 5974.34 5662.16 5605.91 117.6 83.1488 5488.31 5090.94 397.372 34.451 312.184 299.434 292.048 105.604 186.444 56.249 8.80364 47.4454 12.7499 3.70165 37.2035 35.5804 1.6231 10.1675 3.86557 1.83879 1.1933 33.7416 1.54046 43.7437
internal_count=124766 119711 116381 111633 3768 1249 107865 93240 14625 2519 3330 3105 2588 920 1668 4748 224 4524 225 193 5055 4961 94 218 49 56 55 4905 41 4331
is_linear=0
shrinkage=0.05


Tree=71
num_leaves=31
num_cat=0
split_feature=29 46 24 82 60 49 35 45 14 49 83 73 26 44 21 5 42 34 32 6 34 65 34 14 52 65 56 65 5 0
split_gain=29.0899 29.2123 38.9721 70.2612 94.4238 61.0887 57.7404 57.268 44.2712 65.2066 43.2935 41.0576 40.7725 73.1128 40.5852 38.8015 36.3224 46.24 72.881 75.5969 34.1039 32.5688 45.6199 34.9734 30.4668 28.179 22.8852 17.6948 22.5785 19.0231
threshold=2855.5000000000005 0.051372950862937243 2487.5000000000005 950.50000000000011 3.5000000000000004 1.4357250808180528 0.33145463753138432 0.73117205177149314 0.81545844674110424 1.2367450425467772 469.81938171386724 0.99915586938065992 156.26560211181643 0.029701490112732914 3.3039792776107793 39.050745010375984 -45.874999999999993 1.6718125438014459 1788.6633300781252 37.144664764404304 0.8646222922293022 6.1795103549957284 1.2772103715002563 0.99155136942863475 0.924066481891752 1.9615485668182375 9.9508309332795992 9.8172445297241229 54.805822372436531 11.500000000000002
decision_type=2 2 2 2 2 2 2 2 2 2 2 2 2 2 2 2 2 2 2 2 2 2 2 2 2 2 2 2 2 2
left_child=1 16 8 4 5 -4 10 -8 12 14 -5 -11 15 -14 -10 -3 20 21 24 -20 -1 22 -18 -23 -19 26 -2 29 -29 -27
right_child=25 2 3 6 -6 -7 7 -9 9 11 -12 -13 13 -15 -16 -17 17 18 19 -21 -22 23 -24 -25 -26 27 -28 28 -30 -31
leaf_value=0.17282626339518314 -0.054494730366371182 -0.023587723451933523 0.14798426359223282 0.0385113654552134 -0.056274295618450279 -0.0012725475223591459 -0.052972907653390383 0.2604892713331512 0.014034637970770057 -0.0064071011882344629 -0.042178053963982443 0.0054156752514533356 0.10565268113030231 -0.026268903161260151 0.1252240336077258 -0.0024036760559132892 0.033159710579351305 0.17465839809159875 -0.054648265367860119 0.17944804126341943 -0.03068310991357507 -0.0027998004620447964 -0.0040309336224927878 0.047299010118451744 0.017872426694090452 -0.011480342038964761 0.093165833441002863 -0.052865371193209554 0.13656433390475572 -0.053074754779841152
leaf_weight=2.1200921344570807 3.73504724074155 421.13065400271444 28.642550826771185 25.589343345025554 10.664527532644568 9.01247264316771 2.3135855430737129 3.9358197781257331 725.87042994581861 1711.4186922999215 47.447232284292113 1286.2306210165261 20.390580636216328 21.658503812272102 8.3007847215048951 444.11138271389063 229.09948078216985 3.2079135023523113 4.4188676312333 15.707841214607468 70.991656764876097 528.48679614119465 128.82216866523959 37.293863449012861 90.855135013873223 50.283035863016266 8.821281638229264 2.8539031296386375 3.5048861489631236 60.637691026262473
leaf_count=18 92 12166 243 427 216 307 77 35 12233 38339 2391 17548 544 799 132 13872 3084 83 100 164 2124 9831 2574 966 1490 1570 89 452 55 2745
internal_value=0.00146275 0.00197987 0.000278114 0.0275378 0.0750636 0.112261 -0.0014261 0.144443 -0.000471702 0.00193669 -0.0139074 -0.00133419 -0.0103777 0.0377029 0.0152918 -0.0127144 0.00928117 0.0116806 0.0416968 0.128052 -0.0247818 0.00797 0.0197742 0.000502501 0.0232194 -0.0219471 0.0492422 -0.0295689 0.0515459 -0.034219
internal_weight=6007.56 5877.72 4766.72 127.606 48.3196 37.655 79.286 6.24941 4639.11 3731.82 73.0366 2997.65 907.291 42.0491 734.171 865.242 1111 1037.89 114.19 20.1267 73.1117 923.702 357.922 565.781 94.063 129.836 12.5563 117.28 6.35879 110.921
internal_count=124766 119763 99329 3696 766 550 2930 112 95633 68252 2818 55887 27381 1343 12365 26038 20434 18292 1837 264 2142 16455 5658 10797 1573 5003 181 4822 507 4315
is_linear=0
shrinkage=0.05


Tree=72
num_leaves=31
num_cat=0
split_feature=39 4 27 83 79 14 48 71 21 13 34 55 82 3 4 4 0 34 80 47 55 78 47 79 79 82 37 55 24 54
split_gain=28.3575 36.8496 69.2475 45.2009 38.6553 36.0409 31.3789 49.7684 45.3729 44.9665 44.4271 54.5809 44.3849 53.1173 41.3232 39.4764 37.5637 32.1396 78.3243 31.4786 40.3247 31.7711 30.9059 75.2561 30.7245 36.4034 69.173 29.6045 48.7532 46.8793
threshold=1867.1640625000002 29.500000000000004 1070.5639648437502 472.07389831542974 2.1748578678572579 0.94032204151153576 69.722229003906264 3.0322912811497131 1.5995864272117617 0.89214754104614269 0.37939490176329832 8.3648271982432778 980.50000000000011 5.5000000000000009 28.500000000000004 15.500000000000002 32.500000000000007 1.6269782593178908 788.50000000000011 0.027777741340925879 6.9887509499112168 36.500000000000007 0.021148025605223979 15.040931427295066 2.038300310227688 1018.5000000000001 308.89906311035162 10.468140260370577 935.50000000000011 7.1752158550639562
decision_type=2 2 2 2 2 2 2 2 2 2 2 2 2 2 2 2 2 2 2 2 2 2 2 2 2 2 2 2 2 2
left_child=1 4 3 -3 24 -5 8 19 10 12 11 16 13 -9 -13 -11 -2 -12 -19 22 21 -21 -8 -24 25 -1 -27 28 -6 -29
right_child=6 2 -4 5 27 -7 7 9 -10 15 17 14 -14 -15 -16 -17 -18 18 -20 20 -22 -23 23 -25 -26 26 -28 29 -30 -31
leaf_value=-0.010310133917496115 -0.053015490430176462 0.010232076137346864 -0.030013800206210112 0.040321275582531638 -0.029504059062811339 0.22881676112504168 0.003529678525845536 0.5284472383955362 -0.031147589002947115 0.069697783967323956 -0.0098025389307108187 -0.013379760672804594 -0.052549630191837983 0.12561300205736789 0.11402955658763061 -0.041955074421941893 0.10407145582363707 -0.054023458377439174 0.24673185721144317 0.15232502012776872 -0.035656121882058703 -0.055030549501478843 0.04883556502950398 0.41364387333676711 -0.046182259992449667 0.035708422194030538 0.47101770641142304 0.045430924341053856 0.0041974928402352648 0.0092717066187712888
leaf_weight=305.60686105972854 4.4291792057920274 23.642239406122826 176.42477315745782 4.975713780615477 111.00972997862846 5.1717229289934039 36.733407241350506 0.862697481410584 191.90914552204777 16.96282065729611 645.54065553710097 55.458749257377349 3.3687518442166029 15.908219804172402 7.1889814810128874 14.844565611332653 27.032971948385239 4.617226073634809 4.0755721048917621 5.4068482238799316 69.723045674094465 2.8060332904569805 12.046574653009882 1.6016384186223138 54.051072482252494 24.518483201041821 0.94788120500743289 100.0392168245744 3220.4167990884162 861.96250664588297
leaf_count=12482 164 593 4003 40 2690 16 1070 88 6887 777 12859 1651 193 247 36 700 184 218 24 26 2931 83 309 21 1804 671 9 1928 49757 22305
internal_value=0.00137987 0.00302425 -0.0174549 0.0481186 0.00394441 0.13639 -0.00579449 0.0133149 -0.00945813 0.0546058 -0.00389597 0.0282253 0.113068 0.146335 0.00124077 0.0175892 0.0819571 -0.00851654 0.0869841 -0.00340099 -0.0233124 0.0814794 0.0274002 0.0916464 -0.0112303 -0.00552404 0.051911 0.00530559 0.00307449 0.0130319
internal_weight=6009.28 4888.77 210.214 33.7897 4678.55 10.1474 1120.52 180.265 940.252 51.9471 748.343 94.1099 20.1397 16.7709 62.6477 31.8074 31.4622 654.233 8.6928 128.318 77.9359 8.21288 50.3816 13.6482 385.124 331.073 25.4664 4293.43 3331.43 962.002
internal_count=124766 96298 4652 649 91646 56 28468 6445 22023 2005 15136 2035 528 335 1687 1477 348 13101 242 4440 3040 109 1400 330 14966 13162 680 76680 52447 24233
is_linear=0
shrinkage=0.05


Tree=73
num_leaves=31
num_cat=0
split_feature=82 68 43 14 10 40 25 5 52 0 51 57 26 39 48 71 21 39 43 55 5 64 43 50 36 54 28 3 30 57
split_gain=28.3304 27.8354 43.0672 35.0028 58.5007 50.162 33.3233 33.0616 32.0406 32.1796 28.5605 35.7756 30.3401 28.3438 36.3113 41.7824 38.7218 34.9856 40.179 31.3121 25.5192 23.3034 32.5268 16.9492 14.8467 11.3939 1.22128 0.00732505 0.00550823 0.00205176
threshold=1529.5000000000002 6.5000000000000009 82.875000000000014 0.90271043777465831 0.90161287784576427 -113.62499999999999 1278.166687011719 7.0807559490203866 0.99964451453005332 43.500000000000007 0.023809472789226325 8.8256921855262611 194.11851501464847 1867.1640625000002 69.722229003906264 3.0322912811497131 1.5995864272117617 -128787.04687499999 204.12500000000003 10.468140260370577 31.467877388000492 5.6875000000000009 154.87500000000003 4.4637965143745619 0.11467218335866933 11.316665124598853 44.111896514892585 121.50000000000001 1497.5000000000002 38.796328329240772
decision_type=2 2 2 2 2 2 2 2 2 2 2 2 2 2 2 2 2 2 2 2 2 2 2 2 2 2 2 2 2 2
left_child=1 2 3 5 20 -1 -6 -7 21 26 11 -3 25 17 16 -16 -15 18 -12 -19 -5 24 -23 -14 -4 -13 -10 29 -29 -2
right_child=27 10 8 4 6 7 -8 -9 9 -11 13 12 23 14 15 -17 -18 19 -20 -21 -22 22 -24 -25 -26 -27 -28 28 -30 -31
leaf_value=0.26158744016359314 -0.050235150918688326 0.34272947874483406 0.037877697975822501 -0.027631714753353964 0.063164287100099137 0.091947793571580783 0.22259967559606181 -0.037805079022725507 0.053456804211956102 0.20456445608951113 -0.027551236090957245 -0.052281870592872565 -0.017565354002143631 -0.0036213541419747985 5.4882533918924962e-05 0.05379383636063062 -0.029957322291906726 0.0039153520592239239 0.00042561784627864968 0.014720768242988517 0.041443034807328423 -0.056441656612263136 0.03521924581201142 0.21765457958492043 -0.048598180730178964 0.019209325159745154 -0.053694340467423475 -0.060919366106624351 -0.051049594649795763 -0.052587039665066518
leaf_weight=1.5535843586549152 24.803304646338809 0.6303713321685781 5.1832294783089301 24.807495785877109 8.4538095337338728 5.3929773964919141 5.3522507403977206 54.752371530747041 0.3024188876152033 2.8643963721115142 158.19165000744397 50.11646579077933 1.350232482305727 704.60509800922591 119.48478455492295 51.873861498315819 174.04773640754865 2859.6213086244534 679.93536645610584 875.7868964051595 29.004499751143157 16.043149566045031 24.397004231228493 1.7694969177246094 117.03339527116623 6.2705593190621576 2.203742781188339 0.28801502287387748 0.27763070107903332 0.96334173227660258
leaf_count=17 9714 9 194 415 79 56 49 2350 1 34 3228 1042 50 12639 3897 1788 5488 41529 17959 18085 498 591 836 2 3773 95 136 2 44 166
internal_value=0.00130191 0.00152974 -0.0133833 0.00830751 0.0331561 -0.0189249 0.124973 -0.0261707 -0.0300769 0.0900822 0.00230992 -0.0319646 -0.0359339 0.00267645 -0.00473193 0.0163228 -0.00883811 0.00437729 -0.00485485 0.00644874 0.00959936 -0.0340443 -0.00114386 0.11585 -0.0449307 -0.0443316 -0.0407644 -0.0504466 -0.0560751 -0.0503231
internal_weight=6007.36 5981.03 297.344 129.317 67.6181 61.6989 13.8061 60.1453 168.027 5.37056 5683.68 60.1371 59.5068 5623.55 1050.01 171.359 878.653 4573.54 838.127 3735.41 53.812 162.657 40.4402 3.11973 122.217 56.387 2.50616 26.3323 0.565646 25.7666
internal_count=124766 114840 9029 3464 1041 2423 128 2406 5565 171 105811 1198 1189 104613 23812 5685 18127 80801 21187 59614 913 5394 1427 52 3967 1137 137 9926 46 9880
is_linear=0
shrinkage=0.05


Tree=74
num_leaves=31
num_cat=0
split_feature=4 29 80 65 80 57 58 68 33 33 0 55 65 40 31 39 38 40 68 55 33 82 57 36 3 68 3 0 83 3
split_gain=27.8949 26.0757 28.3443 32.7721 32.6947 45.4897 73.8987 34.7054 27.1033 48.737 33.1399 51.2136 42.5259 31.6431 60.4896 32.0183 13.2444 7.81672 7.49707 4.11264 2.52154 0.13578 0.10115 0.0895464 0.0282236 0.0254068 0.0222016 0.0182562 0.0175324 0.0120073
threshold=1.0000000180025095e-35 2855.5000000000005 697.50000000000011 9.8172445297241229 650.50000000000011 12.428746568657671 10.044939665948638 56.500000000000007 454.01541137695318 403.48892211914068 19.500000000000004 9.046439857442035 6.6000232696533212 -279.12499999999994 903.50000000000011 -128787.04687499999 -97.124999999999986 -333.62499999999994 74.500000000000014 25.148031444901253 283.74945068359381 42.500000000000007 21.892293808373427 0.17461586133627136 95.500000000000014 38.500000000000007 95.500000000000014 32.500000000000007 116.90050506591798 91.500000000000014
decision_type=2 2 2 2 2 2 2 2 2 2 2 2 2 2 2 2 2 2 2 2 2 2 2 2 2 2 2 2 2 2
left_child=17 8 4 24 26 7 -7 -6 9 13 11 -11 -12 14 -2 -15 22 20 -18 21 -1 23 29 -19 27 -26 -3 -4 -23 -10
right_child=1 2 3 -5 5 6 -8 -9 16 10 12 -13 -14 15 -16 -17 18 19 -20 -21 -22 28 -24 -25 25 -27 -28 -29 -30 -31
leaf_value=0.09832675155109985 0.11227677086653634 -0.051130932925253225 -0.051551806774981335 0.085672683611912409 0.051256128357427003 0.44324760092088333 0.064463885109678987 -0.056129207338992473 -0.05069964882870142 0.1405124150485938 -0.042060285342371023 -0.018723910723809408 0.042954628109237968 -0.0087049148208996566 0.0062233090671317375 0.0026663576689233475 -0.053380500298109007 -0.079787306264938254 0.080486357206178583 0.029688869444742153 -0.050541825522498356 -0.058901708050024718 -0.063187992635736268 -0.055192408245809503 -0.051569214912709931 -0.056976318621913741 -0.054795577761267512 -0.05357543764573032 -0.051051740681575135 -0.053015995590306043
leaf_weight=1.2496379613876332 18.66053055471275 10.750090873101728 37.155219613574445 4.598972985520958 15.309583118651064 1.512478639371692 8.6618388313800079 14.79511409299448 23.243884651223201 15.700479266117329 19.811994290445 7.4432216584682456 57.116735755815171 707.89958925382234 48.108494429383427 4931.6532309624599 1.5458316570147861 0.69601191580295452 3.2339087720029056 1.6200380704831321 0.36827314761467267 0.7285061832517411 1.8859488193411369 0.790297273080796 3.3223586645908636 6.2771855592727661 6.7143472533207378 15.920858151279388 30.092766212066635 7.3682198466267428
leaf_count=1 397 1602 1728 31 190 30 93 352 3527 294 963 525 1378 16143 1699 89440 147 3 39 20 93 8 22 38 135 64 240 318 4892 354
internal_value=0.00123153 0.00149453 -0.0211001 -0.0431569 0.00459743 0.0293714 0.120773 -0.00151897 0.00197791 0.00225075 0.0368421 0.0893006 0.0210601 0.00164412 0.035863 0.00123899 -0.0405199 -0.0429307 0.037192 -0.0480509 0.0644409 -0.0519491 -0.0519496 -0.0667098 -0.0526101 -0.0551049 -0.0525398 -0.0521588 -0.0512373 -0.0512572
internal_weight=6004.24 5968.69 125.018 67.2746 57.7435 40.279 10.1743 30.1047 5843.67 5806.39 100.072 23.1437 76.9287 5706.32 66.769 5639.55 37.2778 35.5455 4.77974 33.9276 1.61791 32.3076 32.4981 1.48631 62.6756 9.59954 17.4644 53.0761 30.8213 30.6121
internal_count=124766 119711 4783 2276 2507 665 123 542 114928 110839 3160 819 2341 107679 2096 105583 4089 5055 186 4961 94 4941 3903 41 2245 199 1842 2046 4900 3881
is_linear=0
shrinkage=0.05


Tree=75
num_leaves=31
num_cat=0
split_feature=35 82 57 5 32 32 13 3 10 30 36 33 68 41 39 3 79 14 83 14 5 57 49 80 78 37 46 3 57 5
split_gain=26.9841 26.9427 26.6177 30.4054 84.1425 127.406 85.8573 78.0573 70.7224 63.9394 18.1258 23.6986 26.1591 16.5765 12.7138 11.0751 9.05287 5.78601 1.31388 1.18485 0.138276 0.0953674 0.0947159 0.0454283 0.0124819 0.0071725 0.00658697 0.00632164 0.00597912 0.00499509
threshold=0.56006235640526969 1529.5000000000002 24.510027785636954 30.095133781433109 1428.4255981445315 1020.3906555175782 0.95613238215446483 65.500000000000014 0.5280338227748872 1264.5000000000002 0.27340667986616063 208.79550933837893 22.500000000000004 -10.624999999999998 -105793.18749999999 3.5000000000000004 8.709449458052811 0.98604467511177074 124.50712203979494 0.98674991726875316 10.341239452362062 25.667786737857387 2.1615773115773123 66.500000000000014 1153.5000000000002 95.56150054931642 0.180560019908893 121.50000000000001 13.050584420492573 15.710248947143556
decision_type=2 2 2 2 2 2 2 2 2 2 2 2 2 2 2 2 2 2 2 2 2 2 2 2 2 2 2 2 2 2
left_child=1 2 3 7 5 -5 -6 8 -1 -9 14 13 -13 -12 21 -16 20 26 -19 -20 22 -4 -2 25 28 -22 -18 -3 -24 -25
right_child=16 27 10 4 6 -7 -8 9 -10 -11 11 12 -14 -15 15 -17 17 18 19 -21 23 -23 24 29 -26 -27 -28 -29 -30 -31
leaf_value=-0.015323872516828603 -0.071399687191081349 -0.050309279347213826 -0.074618723281922622 0.0033593224194661459 -0.0011986034813606476 -0.022780814580260031 0.0267643864965816 0.0077109076326589733 0.034959383681355878 -0.010529581313417153 -0.041296355177638487 -0.060942307345795588 0.029021114912528841 0.006517513296327786 -0.069035786447665004 0.034740566488214386 -0.053486073178124087 0.081982208256569267 0.058243087225841039 -0.050505553707037722 -0.05862228293279647 -0.057755687201111884 -0.057121285153155878 -0.052715279115154001 -0.062790312815614313 -0.054627790887077032 -0.060147322067955256 -0.055774930513747378 -0.052217346826700956 -0.050454331166578853
leaf_weight=88.270575898350216 1.5270139023195977 24.411538303189449 1.4574841940775507 971.95913485717028 888.08929666504264 895.69950178591534 397.31226365454495 1300.6300472063012 336.51437442423776 761.85614917636849 34.735707757761702 8.858859184663741 91.951133130351081 37.910696541424841 2.6248745641205451 125.12795560085215 0.60333166411146411 2.1538518667221074 0.60749274492263772 0.42618907347787172 1.879210806684571 1.97399454889819 1.2187427364988259 2.8376701581291881 0.57569169183261681 2.7956163708586246 0.96424148941878229 0.54075600800570001 1.2685167534509671 17.558994280698244
leaf_count=2664 21 9880 13 19658 23503 22031 5638 16173 2459 15256 470 119 420 506 95 896 52 2 1 79 26 41 34 211 14 71 20 46 93 4274
internal_value=0.00116502 0.00141952 0.00163714 0.000859597 -0.00240093 -0.00917707 0.00744464 0.0049929 0.0245105 0.000973103 0.016033 0.00542655 0.0211154 -0.0163446 0.0300573 0.0326083 -0.0429811 0.0210655 0.0597436 0.0134058 -0.0532485 -0.0649181 -0.0612272 -0.0517878 -0.0561558 -0.0562335 -0.0575835 -0.0504277 -0.0546202 -0.0507689
internal_weight=6004.34 5969.92 5944.97 5640.33 3153.06 1867.66 1285.4 2487.27 424.785 2062.49 304.641 173.456 100.81 72.6464 131.184 127.753 34.4166 4.75511 3.18753 1.03368 29.6615 3.43148 4.58997 25.0715 3.06295 4.67483 1.56757 24.9523 2.48726 20.3967
internal_count=124766 119868 109942 107382 70830 41689 29141 36552 5123 31429 2560 1515 539 976 1045 991 4898 154 82 80 4744 54 162 4582 141 97 72 9926 127 4485
is_linear=0
shrinkage=0.05


Tree=76
num_leaves=31
num_cat=0
split_feature=4 35 82 55 40 40 39 68 10 77 5 56 80 35 80 58 40 80 55 54 33 36 80 82 6 14 83 3 32 58
split_gain=25.9371 24.6091 24.9175 26.5814 45.9373 66.1809 48.1417 38.9294 74.2703 53.9989 21.4661 18.7941 18.4532 15.5868 10.9077 9.52263 7.40589 5.6797 3.79813 2.56282 2.23682 0.340145 0.1855 0.11675 0.0405725 0.0394374 0.0134932 0.00554336 0.00396539 0.00306457
threshold=1.0000000180025095e-35 0.49573955024041577 1529.5000000000002 10.147287575185912 -274.12499999999994 -310.12499999999994 5813.6718750000009 17.500000000000004 0.64004096388816845 155.50000000000003 17.911855697631839 10.341239640687808 274.00000000000006 0.56006235640526969 56.500000000000007 8.7077081979618622 -333.62499999999994 251.50000000000003 25.148031444901253 20.905081685629586 283.74945068359381 0.36180004500112511 78.500000000000014 42.500000000000007 16.209273338317875 0.71907672286033641 116.90050506591798 121.50000000000001 1618.7813110351565 18.692428935078585
decision_type=2 2 2 2 2 2 2 2 2 2 2 2 2 2 2 2 2 2 2 2 2 2 2 2 2 2 2 2 2 2
left_child=16 2 3 7 5 -5 -6 8 -2 -9 11 21 14 -14 -13 17 20 -12 23 22 -1 -3 -17 25 -23 -18 -25 -4 -29 -28
right_child=1 10 27 4 6 -7 -8 9 -10 -11 15 12 13 -15 -16 19 18 -19 -20 -21 -22 24 -24 26 -26 -27 29 28 -30 -31
leaf_value=0.093853615263522261 -0.032911795559748873 -0.080222523742757401 -0.050278766463713244 -0.054690435021015685 0.0091611675680817566 0.10998353939729529 -0.023148762415107577 -0.0022478607482534366 0.0029702892570768876 0.010632901776901833 0.13032909060349127 0.06665300214164252 0.075691065425016427 -0.055943248636052573 -0.043719341852654511 -0.058346676064694736 -0.07444995759746674 -0.050543115787273246 0.02796394393598366 0.048426573938924924 -0.050518957481377129 -0.063346852148207414 -0.05081730569565758 -0.058102856556980345 -0.054630770579432081 -0.05776526547740575 -0.050840368057395835 -0.059752072654436987 -0.050962378525644482 -0.052771550176011754
leaf_weight=1.2446389198303212 246.59836044022813 2.5687699920963478 22.30834268277977 8.2426815453218314 1346.6403304658597 23.485475750057958 126.08364837628324 2558.0307092906442 347.33326557092369 1193.1852352432907 1.1823066473007191 2.7881619436666396 14.459403672488408 2.6630116371670729 11.35405305714812 10.569754261756314 0.68736889911815768 0.68579030316323031 1.5675594976055425 0.63732177810743351 0.34201018419116724 2.2605988138820976 36.184701331658289 0.68328341376036661 3.2613601803313941 0.73063201457262039 26.106073066184766 0.2671593502163877 0.24690010712947696 2.229754850792232
leaf_count=1 8495 27 9324 476 27165 499 5031 34365 4795 21397 1 7 137 163 512 175 12 114 20 12 93 38 6798 8 136 29 4654 2 42 238
internal_value=0.00110439 0.00135128 0.00174592 0.00194936 0.00767744 0.0672028 0.00639503 -3.39206e-05 -0.0119278 0.00184925 -0.0248011 0.00273081 0.0203079 0.0552183 -0.0219592 -0.0467973 -0.042708 0.0639298 -0.0479354 -0.051162 0.0627334 -0.0651914 -0.0525195 -0.0518443 -0.058199 -0.0658531 -0.0511598 -0.0503971 -0.0555304 -0.0509923
internal_weight=5994.63 5961.04 5872.42 5849.6 1504.45 31.7282 1472.72 4345.15 593.932 3751.22 88.6152 39.3554 31.2646 17.1224 14.1422 49.2599 33.5913 1.8681 32.0047 47.3918 1.58665 8.09073 46.7545 30.4371 5.52196 1.418 29.0191 22.8224 0.514059 28.3358
internal_count=124766 119711 111591 102223 33171 975 32196 69052 13290 55762 8120 1020 819 300 519 7100 5055 115 4961 6985 94 201 6973 4941 174 41 4900 9368 44 4892
is_linear=0
shrinkage=0.05


Tree=77
num_leaves=31
num_cat=0
split_feature=70 46 66 67 51 55 55 79 33 43 40 46 28 37 30 13 68 6 46 37 30 30 52 53 76 78 56 34 68 3
split_gain=24.884 24.9058 33.4657 31.2528 28.1296 47.2804 41.6235 55.9669 48.3241 38.4862 39.2543 36.5676 33.5424 30.1557 28.6259 27.8119 26.6452 38.459 24.9224 35.0394 30.6415 23.7651 26.1372 20.8392 26.3743 21.5934 20.6151 57.7773 26.5037 18.1815
threshold=8.0429208320226664 0.051372950862937243 1.5707801006378692 277.50000000000006 1.6556375226281845 8.3648271982432778 6.9887509499112168 3.5660767191641978 116.6866798400879 -22.374999999999996 63.375000000000007 1.3298003236911236 78.414760589599624 54.491971969604499 1960.5000000000002 0.94165989756584179 77.500000000000014 46.759349822998054 0.045281158248638813 68.53192520141603 1137.5000000000002 862.50000000000011 0.89999995311355574 0.93265290966172254 14.312663894051513 165.50000000000003 8.5973202492459251 1.3608765523504656 39.500000000000007 125.50000000000001
decision_type=2 2 2 2 2 2 2 2 2 2 2 2 2 2 2 2 2 2 2 2 2 2 2 2 2 2 2 2 2 2
left_child=1 2 3 26 6 11 7 29 -9 -7 -11 14 15 -14 -6 -8 17 -5 21 20 -20 22 -4 -2 -25 -26 27 -1 -28 -3
right_child=23 4 18 16 5 9 12 8 -10 10 -12 -13 13 -15 -16 -17 -18 -19 19 -21 -22 -23 -24 24 25 -27 28 -29 -30 -31
leaf_value=0.065089467564693346 -0.03943676200575668 -0.056330923085396938 -0.055136494921972347 0.01798624763403818 -0.012449736778297178 -0.032643657545157266 -0.0018837049489218401 -0.058769699206495801 0.046012332791189797 0.011364768569665736 0.26280708168286371 0.15134099694245329 -0.019099307211188913 -0.0043286784537814029 0.043221449391967703 0.021868306081817074 -0.034506410752161272 -0.020195359822062577 0.014113802560808226 -0.017730975518884206 0.23500979880367714 -0.044372335429801638 0.034172280507972677 -0.054150287047908523 0.12799801305410349 -0.054571373186877395 0.028227684974956563 -0.020212091678817927 0.0057547278988036412 0.15105740041398283
leaf_weight=65.235285981092602 63.341702366655227 23.226980382460173 12.055804061121306 188.83111513219774 455.64804204995744 51.004420760029461 329.97127238754183 12.177104850532485 114.16946196055505 1224.3585173595347 1.5541792517760757 3.5542987836524835 420.85886549018323 1931.1059090957278 24.323416629456915 196.72070798202185 51.094372656603809 101.35054652660619 2.9250919683836427 10.015994759858584 3.3885666663991287 65.06049668014748 25.564404783013742 5.960499146487563 6.5011663890909386 2.1569263431010768 204.82078648149036 28.533888828707859 364.99268880143063 1.1071950197219838
leaf_count=504 2745 620 347 3068 8413 1743 9722 258 1348 27642 35 32 8714 39436 503 2061 1476 3381 47 190 36 1380 448 652 134 93 3543 415 5779 1
internal_value=0.00104608 0.00141605 0.00811478 0.0110841 -0.000155732 0.00487067 -0.00307673 0.0225404 0.0359136 0.00991296 0.0116835 -0.00844525 -0.00441764 -0.00697172 -0.0096285 0.00698773 -0.00121172 0.00465072 -0.0169563 0.0404195 0.13267 -0.0260809 0.00555231 -0.0270179 0.0267924 0.0825159 0.0174077 0.0391323 0.0138327 -0.0468948
internal_weight=5991.61 5913.65 1123.87 1004.86 4789.78 1760.44 3029.34 150.681 126.347 1276.92 1225.91 483.526 2878.66 2351.96 479.971 526.692 341.276 290.182 119.01 16.3297 6.31366 102.681 37.6202 77.9603 14.6186 8.65809 663.583 93.7692 569.813 24.3342
internal_count=124766 121142 20614 18166 100528 38368 62160 2227 1606 29420 27677 8948 59933 48150 8916 11783 7925 6449 2448 273 83 2175 795 3624 879 227 10241 919 9322 621
is_linear=0
shrinkage=0.05


Tree=78
num_leaves=31
num_cat=0
split_feature=29 82 6 57 56 69 52 27 82 54 42 69 26 76 13 58 14 69 6 32 2 6 34 6 65 78 36 51 67 34
split_gain=24.5575 25.9534 32.8677 39.6294 56.0045 36.4928 35.7239 25.1802 71.5686 70.5243 41.2406 37.2771 35.741 34.8414 34.5963 34.3672 33.022 31.6572 89.9121 151.769 106.315 61.1924 97.7704 89.1476 23.0319 22.051 56.4178 22.0068 28.6976 15.2706
threshold=2855.5000000000005 945.00000000000011 48.464788436889656 12.586758781817403 9.2636512280247079 0.57070707070707083 0.89432216122315078 2320.779907226563 897.00000000000011 7.3569532155887787 -17.374999999999996 0.81313131313131326 277.94856262207037 6.50075788295237 0.95921388268470775 9.7288856726313728 0.84531301259994518 0.66161616161616166 46.759349822998054 1249.714294433594 18.500000000000004 46.433502197265632 0.87099454966358192 37.427947998046882 9.8172445297241229 942.50000000000011 0.17122574315970543 0.24045907410213602 114.50000000000001 0.82915336254085481
decision_type=2 2 2 2 2 2 2 2 2 2 2 2 2 2 2 2 2 2 2 2 2 2 2 2 2 2 2 2 2 2
left_child=7 2 3 5 -5 6 -2 13 9 10 -9 -12 14 17 15 -10 -16 21 19 -19 -20 23 -23 -1 -3 27 -27 28 -15 -28
right_child=1 24 -4 4 -6 -7 -8 8 12 -11 11 -13 -14 25 16 -17 -18 18 20 -21 -22 22 -24 -25 -26 26 29 -29 -30 -31
leaf_value=0.0013835255282215286 0.14273292593336737 -0.05220946059564744 -0.052117626141094248 0.37711384495688205 0.059474013345391388 -0.043943693591491834 -0.021040454771635256 -0.054679184366749428 -0.055716721770483063 -0.055311550090436618 0.28653158643926213 0.12413292580481566 0.41135171284317407 0.084220860276927739 0.22120731349327283 0.016138159683042816 0.033443894116767993 0.0026153786026612471 -0.012782257345250318 -0.035993032112386462 0.026128053643733995 0.014099547089042805 -0.01339886660445609 0.021205880003394181 0.052528479149624552 0.38623347645323114 0.096320740018393067 -0.033172525761079784 -0.029389051150323517 -0.058016427843313581
leaf_weight=1448.9478732735151 7.0216377584729361 59.026653929904569 18.482089315773919 1.7367160826688612 6.9050644983071834 18.057431699940935 6.3328953934833407 2.2510013233404669 30.152248957660049 5.6241887561045578 5.0664644613862064 11.679330329876391 0.53485744819044967 9.8483331899624336 2.6876401291228857 37.135287412966136 18.189670674270019 622.77285719895735 303.04515380662633 430.49601716076722 417.27975827426417 492.84228164033266 939.33721603092272 932.07199699711055 5.7611187230795613 1.1362221613526333 2.7067466252483428 136.03759847965557 12.76053031842457 3.9293601614772342
leaf_count=21632 32 3125 898 13 92 292 76 60 665 140 22 67 2 155 23 3018 227 7557 12902 9183 5050 11007 28604 13783 475 14 9 5065 467 111
internal_value=0.000987906 -0.0210933 0.00303798 0.0284886 0.123309 0.00240232 0.0650694 0.00145209 0.0247926 0.100212 0.146257 0.173267 0.00385778 0.00099235 0.0013857 -0.0160608 0.0576156 0.00166391 -0.00385486 -0.0131648 0.00975824 0.00423079 -0.0039361 0.00914317 -0.0428959 -0.0215523 0.0606762 -0.0255808 0.020099 0.00493488
internal_weight=5989.86 123.324 58.5358 40.0537 8.64178 31.412 13.3545 5866.53 113.321 24.621 18.9968 16.7458 88.6997 5753.21 88.1648 67.2875 20.8773 5586.79 1773.59 1053.27 720.325 3813.2 1432.18 2381.02 64.7878 166.419 7.77233 158.646 22.6089 6.63611
internal_count=124766 5003 1403 505 105 400 108 119763 4224 289 149 89 3935 115539 3933 3683 250 109718 34692 16740 17952 75026 39611 35415 3600 5821 134 5687 622 120
is_linear=0
shrinkage=0.05


Tree=79
num_leaves=31
num_cat=0
split_feature=82 36 14 6 3 68 32 58 82 5 24 6 24 58 0 10 54 0 25 6 55 26 46 47 73 10 3 52 54 21
split_gain=23.6719 24.1781 68.0025 110.831 72.0287 150.459 85.8023 61.88 42.8086 41.6644 72.2813 57.4552 56.5843 102.917 111.773 81.9232 79.132 75.7167 46.754 45.0023 43.0376 41.6004 52.6431 47.6437 42.2463 35.0527 30.4346 27.3587 26.7223 17.5057
threshold=1529.5000000000002 0.15126955449977356 0.91411149501800548 33.637887954711921 57.500000000000007 32.500000000000007 1522.1312255859377 9.4282234561998255 974.00000000000011 15.155989646911623 1126.5000000000002 15.373161315917971 1274.5000000000002 9.2335089113325939 47.500000000000007 0.88521504402160656 8.2054533547941393 44.500000000000007 1418.2222290039065 61.471406936645515 8.3648271982432778 104.63522720336915 0.19700844502721451 0.10937448730735778 0.55277341958311155 0.91801077127456676 103.50000000000001 0.86429935517313461 8.2054533547941393 2.3657222986221318
decision_type=2 2 2 2 2 2 2 2 2 2 2 2 2 2 2 2 2 2 2 2 2 2 2 2 2 2 2 2 2 2
left_child=1 2 21 7 6 -6 -5 -4 -9 10 25 18 13 14 -11 17 -17 -14 -12 -15 -13 23 28 27 -25 29 -27 -1 -23 -3
right_child=-2 9 3 4 5 -7 -8 8 -10 12 11 20 15 19 -16 16 -18 -19 -20 -21 -22 22 -24 24 -26 26 -28 -29 -30 -31
leaf_value=0.064007560733367164 -0.050395374912112871 -0.059430098393733158 -0.04543196882565833 -0.015181862175935819 0.11651336854851278 -0.011851387060633529 0.040797737493056763 -0.012216705926454387 0.038015128063475893 0.033141674692603554 0.063217854784527794 0.0012290178153593096 -0.0063960092028175044 -0.0091383280709709871 -0.035933485887697368 -0.018065546889342803 0.061359152539856902 -0.032450492120202755 -0.032080211882876283 0.013617628920589679 0.031992731285241376 0.064228127500493004 -0.05420401701273047 0.015761229316217814 -0.012892486390531116 0.040578082957804469 -0.05922101819173449 -0.027584522374467686 0.19991083424009387 0.028266853447428193
leaf_weight=8.463974134065209 22.3823838927201 59.001050434249919 75.806413300335407 101.34546975034755 64.904252636013553 35.212900895625353 210.89221707754768 102.0210979632102 72.59507563803345 416.90645093278727 15.09425069298595 162.2215262320824 1615.4284719986026 928.60059687000467 68.135464033694007 51.896088836248964 79.251216374861542 337.02296961384127 87.355446968227625 283.62003672186984 379.9862358198734 9.8303332708310354 6.595977942342869 290.71064051892608 230.73604050336871 25.240004607941955 10.955039679305626 221.93264156044461 5.7522155328188083 6.2979118471266693
leaf_count=118 9926 1306 1089 1541 344 407 1768 1148 823 1980 311 1540 40928 17789 1309 2234 1864 7141 1343 7018 3021 111 196 7605 5708 124 150 5738 51 135
internal_value=0.000928606 0.00112123 0.00677224 0.0185274 0.0344611 0.0713653 0.022628 -0.00770971 0.00866672 -0.000672313 0.0101253 0.0163002 -0.00280322 0.00397405 0.0234385 -0.00832387 0.0299301 -0.0108934 -0.0180396 -0.00381418 0.0227886 -0.0032934 0.0641966 -0.00528428 0.00308219 -0.0290953 0.0103722 -0.0242197 0.114315 -0.050972
internal_weight=5986.19 5963.81 1436.8 662.777 412.355 100.117 312.238 250.423 174.616 4527.01 746.151 644.657 3780.86 1697.26 485.042 2083.6 131.147 1952.45 102.45 1212.22 542.208 774.022 22.1785 751.843 521.447 101.494 36.195 230.397 15.5825 65.299
internal_count=124766 114840 26647 7120 4060 751 3309 3060 1971 88193 7930 6215 80263 28096 3289 52167 4098 48069 1654 24807 4561 19527 358 19169 13313 1715 274 5856 162 1441
is_linear=0
shrinkage=0.05


Tree=80
num_leaves=31
num_cat=0
split_feature=35 51 37 68 38 43 14 52 45 45 36 10 10 66 17 45 64 54 65 80 1 33 82 82 5 49 80 78 30 48
split_gain=24.128 23.6001 31.3697 23.2524 38.0737 35.0413 31.9222 29.7355 25.5002 45.5021 45.3091 61.0047 40.1747 32.9358 27.8175 24.8619 22.7672 17.2389 9.18943 7.69432 4.88738 3.89485 1.55058 0.688362 0.110275 0.0717037 0.0279664 0.0108533 0.00497005 0.00459611
threshold=0.56006235640526969 0.015278815064515153 243.10234832763675 6.5000000000000009 -82.124999999999986 79.625000000000014 0.89395353198051464 0.99964451453005332 0.6936498147475747 0.23636525619484108 0.13986362474734571 0.57603687047958385 0.42396312952041632 1.3201038653131358 1.5000000000000002 0.64096357496357848 5.6875000000000009 8.8256921855262611 10.080945491790773 56.500000000000007 0.92857143282890331 89.961189270019545 43.500000000000007 45.500000000000007 10.341239452362062 2.1615773115773123 66.500000000000014 1153.5000000000002 690.50000000000011 82.796264648437514
decision_type=2 2 2 2 2 2 2 2 2 2 2 2 2 2 2 2 2 2 2 2 2 2 2 2 2 2 2 2 2 2
left_child=1 2 18 4 7 6 -6 16 9 13 11 -10 -12 -5 -11 -9 -3 -7 22 -2 21 -20 -1 -24 25 -21 28 -27 29 -26
right_child=19 3 -4 8 5 17 -8 15 10 14 12 -13 -14 -15 -16 -17 -18 -19 20 24 -22 -23 23 -25 26 27 -28 -29 -30 -31
leaf_value=0.018854189597147283 0.018325067362846018 -0.044130222284635402 0.13537276899844009 0.002138163062348231 -0.028393846277286125 0.02377168073920656 0.023482506978688231 -0.040883226548578684 0.00070639015385791587 -0.026868415194560555 0.013800275720691386 0.043536964963998885 -0.00055382546252619039 0.028477504527661165 -0.0031082467517919796 0.17541007364790784 -2.8543130549654855e-05 0.18364130647631621 -0.24457380945255358 -0.069356110550342784 0.062509370153533084 -0.012431080476725359 -0.091322242840614284 -0.056380750561862085 -0.057329154045732481 -0.054170468032428323 -0.050711054192118847 -0.061988351048112206 -0.05882607713507735 -0.053058670987831347
leaf_weight=0.67084001982584496 4.4150759042240706 114.71989744028542 2.4759663483127943 312.8011352326721 51.414476416481193 2.889860442839562 70.069174042902887 2.2699439701391375 161.99567384272814 130.98052269441541 652.86324938986218 170.78537292435067 1924.0744079401484 191.25220974208787 2069.8984356525471 3.2036587581969798 39.28604355501011 4.048605247400701 0.23606825235765361 1.4321387796662772 2.6548658407991752 0.77014693402452394 1.4745033020153631 31.987674251198769 0.93935969844460832 2.3263861901359637 18.948248503438663 0.5486313709989189 0.84726099669933308 1.9134523267857728
leaf_count=8 31 3797 27 7069 2247 55 1084 82 4098 5626 19224 2436 29140 3645 39084 50 1307 25 16 21 15 44 13 776 19 131 4615 14 8 59
internal_value=0.000874282 0.00110515 -0.0370417 0.0013654 -0.0124933 0.00776917 0.00152733 -0.0288099 0.00207603 -0.00141881 0.00532491 0.0226873 0.00308276 0.0121321 -0.00452228 0.0857116 -0.0328801 0.117056 -0.048337 -0.0428604 0.026944 -0.0668941 -0.0564115 -0.0579204 -0.0528821 -0.0602155 -0.0514875 -0.0556623 -0.0554635 -0.0544648
internal_weight=5974.19 5942.82 40.2701 5902.55 287.902 128.422 121.484 159.48 5614.65 2704.93 2909.72 332.781 2576.94 504.053 2200.88 5.4736 154.006 6.93847 37.7941 31.3706 3.66108 1.00622 34.133 33.4622 26.9555 4.30716 22.6483 2.87502 3.70007 2.85281
internal_count=124766 119868 899 118969 8647 3411 3331 5236 110322 55424 54898 6534 48364 10714 44710 132 5104 80 872 4898 75 60 797 789 4867 166 4701 145 86 78
is_linear=0
shrinkage=0.05


Tree=81
num_leaves=31
num_cat=0
split_feature=33 33 67 66 31 80 58 37 82 48 82 55 79 55 39 2 0 51 58 43 50 58 2 6 10 30 66 26 34 58
split_gain=22.81 27.624 45.004 33.3901 30.8645 29.3872 32.379 27.0119 26.4322 24.5706 59.5946 32.897 27.3508 37.8112 26.0972 20.8324 19.3673 18.9329 18.7407 17.3519 29.7105 22.149 12.8216 27.2932 10.6142 20.4277 10.192 8.41772 5.51172 3.13392
threshold=454.01541137695318 403.48892211914068 140.50000000000003 0.9329522388064807 1094.5000000000002 263.50000000000006 10.300211984819038 482.23774719238287 202.50000000000003 184.27777099609378 1028.5000000000002 8.5973202492459251 2.1748578678572579 8.5973202492459251 1867.1640625000002 12.500000000000002 59.500000000000007 0.84745523317757798 10.718355134898957 530.62500000000011 0.32903764232711769 10.630901413522597 7.5000000000000009 44.159952163696296 0.57603687047958385 1649.5000000000002 1.5707821942083353 277.94856262207037 0.61512409759339015 10.246380941589177
decision_type=2 2 2 2 2 2 2 2 2 2 2 2 2 2 2 2 2 2 2 2 2 2 2 2 2 2 2 2 2 2
left_child=1 4 3 -3 9 6 8 24 -4 12 11 -11 13 -1 -14 18 -8 -17 -5 21 -21 -7 23 -2 27 -26 -25 -6 -28 -12
right_child=22 2 5 15 7 19 16 -9 -10 10 29 -13 14 -15 -16 17 -18 -19 -20 20 -22 -23 -24 26 25 -27 28 -29 -30 -31
leaf_value=-0.038700264046196226 0.12165861495969113 -0.058498065366058609 -0.055126825543624053 0.13883768780972219 -0.049427964614750311 -0.057504771278815051 -0.038672705843075444 0.26218445280608499 0.14413061869978688 -0.054038324751578937 0.2981317230619937 0.049436509210794767 0.0033698916093329555 -0.0028993310300947876 -0.0057621643166239972 0.087614844489865562 0.057760364924994805 -0.015428436274924623 0.0069273088559390758 0.23735568420552813 -0.053074832755117866 0.018567305102675884 -0.05198656966019332 -0.048616945120582483 -0.032141661126502352 0.065787323593150135 0.086905279943422842 0.044675177733965218 -0.051168487503140153 0.20012900615260243
leaf_weight=99.00348506908631 3.7015740321949151 4.777860128437168 2.0354619252029797 16.516739003127444 52.193891173286829 28.49164324614685 12.152142630075106 0.78610264329472457 9.1285170968621951 10.501182505337054 1.4162916243076318 28.602940796699841 4331.2818571340176 289.15474956389517 954.8037849079119 10.327017370844262 9.1097668379079533 7.843505604658275 3.2170168659067704 1.6599440107820549 1.8754941648803649 14.406771114910951 31.72917949926341 13.171049067983406 21.050969148520384 7.1284981798380604 2.5083810398355122 2.4898008914897209 1.015345374937169 1.9237664222018791
leaf_count=2840 11 296 127 163 2083 1131 866 43 77 326 14 743 75719 11521 21723 130 70 240 122 8 97 593 3359 1382 746 68 19 92 129 28
internal_value=0.000826511 0.00111638 0.0247074 0.0660633 0.000622042 0.00232391 0.0388491 -0.0295298 0.107801 0.00106324 0.0389643 0.021649 0.000779733 -0.0120307 0.00172041 0.0817643 0.0026445 0.0431351 0.117334 -0.0231825 0.0832869 -0.0319571 -0.0321044 -0.00117521 -0.0322973 -0.00736878 -0.02841 -0.0451434 0.04712 0.241685
internal_weight=5974 5921.88 121.542 42.6821 5800.34 78.8597 32.4259 83.6493 11.164 5716.69 42.4442 39.1041 5674.24 388.158 5286.09 37.9043 21.2619 18.1705 19.7338 46.4339 3.53544 42.8984 52.1255 20.3963 82.8632 28.1795 16.6948 54.6837 3.52373 3.34006
internal_count=124766 119866 3920 951 115946 2969 1140 3032 204 112914 1111 1069 111803 14361 97442 655 936 370 285 1829 105 1724 4900 1541 2989 814 1530 2175 148 42
is_linear=0
shrinkage=0.05


Tree=82
num_leaves=31
num_cat=0
split_feature=4 53 57 3 68 6 30 56 82 67 36 10 4 28 83 2 29 13 57 28 83 68 40 82 57 36 68 59 56 36
split_gain=23.6613 22.773 30.3653 24.0369 71.9366 58.9637 54.0848 47.4728 41.2121 37.4365 14.8258 19.9995 24.1108 23.3282 15.0638 19.2458 16.5415 14.6439 11.907 9.1588 8.50883 7.6275 7.21974 6.16466 4.3423 3.69821 3.35619 1.5258 1.48491 1.729
threshold=1.0000000180025095e-35 0.73823532526764934 23.379610471963918 91.500000000000014 27.500000000000004 23.82711219787598 785.50000000000011 10.593520618451764 1108.5000000000002 608.50000000000011 0.29054256231096448 0.43996416032314306 7.5000000000000009 144.24615478515628 134.19710540771487 24.500000000000004 1380.5000000000002 0.97735679149627697 27.69658813606619 194.52738952636722 127.792049407959 90.500000000000014 -333.62499999999994 43.500000000000007 28.28616616405569 0.060368367526884299 21.500000000000004 1.0000000180025095e-35 18.98536550658331 0.3799383065963759
decision_type=2 2 2 2 2 2 2 2 2 2 2 2 2 2 2 2 2 2 2 2 2 2 2 2 2 2 2 2 2 2
left_child=22 17 3 5 9 7 -6 -3 -7 -5 14 13 -13 -12 16 -16 -4 18 28 23 -20 -21 -1 -19 -22 27 -25 -24 -2 -30
right_child=1 2 10 4 6 8 -8 -9 -10 -11 11 12 -14 -15 15 -17 -18 19 20 21 24 -23 25 26 -26 -27 -28 -29 29 -31
leaf_value=0.063338919336381999 -0.051878381839914736 -0.044108504363655994 0.043798322658547856 -0.032279569414316443 -0.018332438072372753 0.0004714036279902496 0.01850865246772667 0.024347513308922968 -0.046826644225664543 0.031543262819435862 -0.018091613384792121 0.0064986816390964434 -0.059420240417382121 0.031928809140463262 0.019032746361667671 -0.051039473372263756 -0.03850355205353851 -0.05912035229830534 -0.054888041257718838 -0.058411788866668646 0.1011225453678628 0.032919409621148379 -0.053615235797610884 -0.015831036138142057 0.010132864895049909 -0.05183131066586838 0.06266363648364158 0.05694681962418794 -0.12025596409835222 -0.064674431207172006
leaf_weight=1.5381636233651104 26.254623139742762 130.18780566996429 93.448649599566124 144.17620912624989 115.54452153178863 4298.1878135505249 722.8681164997397 31.44221458164975 46.553993939596694 27.332244459073991 33.059694665600546 36.04364860849455 22.550548365921713 79.030369542888366 75.788904430810362 11.254124646075068 6.531858147121965 1.4864358343184019 3.4737269459292275 7.0383123850915563 2.1211768696084619 3.3857212266884744 0.42871528741671006 1.6243468958418805 3.4339224190916866 28.555571113654878 8.4244612815091369 1.1467183714266866 1.7365872240625302 7.2013856632984243
leaf_count=94 1916 2374 472 3557 1992 86021 7187 1380 9932 532 434 265 393 351 1600 300 45 14 93 411 6 35 69 31 53 4888 86 4 21 210
internal_value=0.000780992 0.00101079 0.0013394 0.000423957 0.00739593 -0.00113853 0.0134315 -0.0307916 -3.53959e-05 -0.0221085 0.0154567 0.00480138 -0.0188709 0.0171759 0.0251811 0.00997284 0.0384214 -0.0281555 -0.0447294 0.00522099 0.00649345 -0.0287475 -0.0423229 0.0359172 0.0448767 -0.0477168 0.0499753 0.0268601 -0.0578709 -0.0754735
internal_weight=5971.85 5940.18 5874 5516.29 1009.92 4506.37 838.413 161.63 4344.74 171.508 357.708 170.684 58.5942 112.09 187.024 87.043 99.9805 66.1807 44.2214 21.9593 9.02883 10.424 31.6692 11.5352 5.5551 30.131 10.0488 1.57543 35.1926 8.93797
internal_count=124766 119711 116835 112975 13268 99707 9179 3754 95953 4089 3860 1443 658 785 2417 1900 517 2876 2299 577 152 446 5055 131 59 4961 117 73 2147 231
is_linear=0
shrinkage=0.05


Tree=83
num_leaves=31
num_cat=0
split_feature=29 80 6 48 40 3 65 35 40 0 67 68 13 29 36 5 80 0 3 57 13 48 5 79 56 57 5 53 58 68
split_gain=22.4815 24.4561 29.573 27.3637 41.245 30.8102 25.5691 22.4008 42.2636 50.1815 36.7061 36.2168 36.0242 26.435 25.6895 24.7051 81.2122 149.097 86.3939 69.5701 78.724 62.8435 20.0948 17.7815 16.532 20.2189 13.7085 13.4539 8.81749 4.44708
threshold=2855.5000000000005 697.50000000000011 48.464788436889656 69.018493652343764 -197.87499999999997 95.500000000000014 9.8172445297241229 0.49573955024041577 -274.12499999999994 28.500000000000004 22.500000000000004 25.500000000000004 0.87199637293815624 1824.5000000000002 0.17803764002301159 44.368745803833015 769.50000000000011 38.500000000000007 39.500000000000007 10.593520618451764 0.94234743714332592 190.31488037109378 17.911855697631839 1.7271520874052622 10.341239640687808 11.885720533074421 6.6000232696533212 0.75824691719669768 8.7077081979618622 31.500000000000004
decision_type=2 2 2 2 2 2 2 2 2 2 2 2 2 2 2 2 2 2 2 2 2 2 2 2 2 2 2 2 2 2
left_child=7 2 3 27 23 -6 -3 8 9 11 13 -1 -13 -11 -12 16 18 -18 -10 20 -17 -21 24 -5 -9 -26 -27 -2 29 -24
right_child=1 6 -4 4 5 -7 -8 22 15 10 14 12 -14 -15 -16 19 17 -19 -20 21 -22 -23 28 -25 25 26 -28 -29 -30 -31
leaf_value=-0.051611842828736043 0.11722672099571303 -0.052363543205408203 -0.051854202575783707 0.075238394801978678 0.22660976503055308 0.063017835547170067 0.066713515660004483 -0.06411735572900619 -0.027398563626543939 0.30993851554991597 0.24298242771843942 -0.024158746534426283 0.090745908523417712 0.031691596818160993 -0.040590088738838639 0.038227329385080527 -0.015786822940966252 0.032209387987501288 -0.0015809625342452166 0.00028527699934289641 -0.021776029258830966 0.1707970936375155 0.11560564656477071 -0.038276870009316226 0.082974371762137594 0.046860811123611755 -0.036218539105509186 -0.056482488921728892 -0.051010938984631583 -0.050490967506950861
leaf_weight=6.3726258741226038 1.2470053328433994 56.248458744725212 17.413794265652541 5.1059352935990345 4.4000430031446731 8.3210559979779628 4.9009605066385111 7.4795395609689868 364.66916916181799 1.3572935769334429 0.82114877551794307 7.9648922302294514 47.503299040603451 2.3002418605610728 29.175810504588298 273.07976044900715 257.40958394715562 435.65548753086478 2907.9826814230182 1352.0418732408434 68.343944235472009 5.4253875329159191 1.2272219657897938 10.636334291892124 8.7592246304266173 7.661181062692779 14.110377778648397 10.503116392297668 44.372236647002865 0.60002037097001437
leaf_count=461 4 2299 1544 70 173 68 33 200 9362 8 2 184 821 54 1240 3418 5451 3497 51222 34451 800 94 1 189 53 105 648 623 7576 115
internal_value=0.000740302 -0.0207948 0.00257632 0.0261466 0.0526468 0.119602 -0.0428198 0.00117797 0.00155225 0.0345384 -0.0145938 0.0612768 0.0742463 0.134948 -0.0328275 0.000996166 -0.00116506 0.0143832 -0.0044578 0.00604112 0.0262163 0.000966761 -0.0244237 -0.0014587 0.00250392 0.018825 -0.0069838 -0.0380472 -0.0465783 0.0610637
internal_weight=5963.09 118.777 57.6273 40.2135 28.4634 12.7211 61.1494 5844.31 5760.1 95.4953 33.6545 61.8408 55.4682 3.65754 29.997 5664.61 3965.72 693.065 3272.65 1698.89 341.424 1357.47 84.2098 15.7423 38.0103 30.5308 21.7716 11.7501 46.1995 1.82724
internal_count=124766 5003 2671 1127 500 241 2332 119763 111065 2770 1304 1466 1005 62 1242 108295 69532 8948 60584 38763 4218 34545 8698 259 1006 806 753 627 7692 116
is_linear=0
shrinkage=0.05


Tree=84
num_leaves=31
num_cat=0
split_feature=4 51 37 57 30 5 82 5 4 2 68 10 35 30 65 40 79 36 43 36 82 59 68 82 82 13 14 57 83 14
split_gain=22.3981 21.8333 26.8288 21.7187 24.7149 26.1154 61.1661 29.3373 25.4055 17.7416 17.0686 14.7862 25.2936 14.7837 8.79396 6.40077 4.64057 3.5228 2.92486 2.31585 1.47224 1.43504 0.743888 0.575001 0.0852699 0.0261379 0.0260382 0.0142926 0.0107038 0.00188596
threshold=1.0000000180025095e-35 0.015278815064515153 243.10234832763675 25.042918012841763 547.50000000000011 65.666843414306655 978.00000000000011 30.095133781433109 21.500000000000004 29.500000000000004 9.5000000000000018 0.20801331102848056 0.20850791372967528 308.50000000000006 10.080945491790773 -333.62499999999994 9.0080478345184236 0.060368367526884299 36.375000000000007 0.19532149689886918 43.500000000000007 1.0000000180025095e-35 86.500000000000014 45.500000000000007 42.500000000000007 0.97675836086273204 0.71907672286033641 40.835674788057922 116.90050506591798 0.50894948840141307
decision_type=2 2 2 2 2 2 2 2 2 2 2 2 2 2 2 2 2 2 2 2 2 2 2 2 2 2 2 2 2 2
left_child=15 2 14 4 8 7 -7 -6 10 11 -3 12 -5 -13 20 -1 18 21 -16 -10 -2 29 25 -22 26 -11 -19 28 -26 -17
right_child=1 3 -4 9 5 6 -8 -9 19 22 -12 13 -14 -15 16 17 -18 24 -20 -21 23 -23 -24 -25 27 -27 -28 -29 -30 -31
leaf_value=0.057706700830796667 0.018465901355691944 0.030418889875062062 0.11555027651095505 0.013711808556266573 0.0050605636465543514 -0.057527561470950853 0.07993558726473507 -0.0023957727757745887 -0.094368200123089774 -0.056385124208916892 -0.013468942751634481 -0.028203093775576362 -0.067886134039220711 0.027904416839403513 -0.17870427368689679 -0.058457409980852117 0.061999331937671209 -0.071289128935130966 0.00027641537259738753 -0.053860968802267317 -0.08847222906945279 0.056486877868400592 -0.10502062919397095 -0.05615256243629866 -0.057450629611914841 -0.064323926878400745 -0.057284348373359821 -0.06443984605074958 -0.050861398839748197 -0.051138603861615922
leaf_weight=1.5188156183576236 0.64879351109266181 24.611387853161432 2.6981462498661122 39.676380555843934 2402.0544652757235 11.239378468482753 28.902013607788831 2926.314642542915 4.1703993082046535 4.1748413697350761 221.86605213722214 12.56672680901829 12.485778493573887 178.54132355854381 0.36203849804587607 0.12887773592956597 2.5741821808042005 0.64827260538004583 0.61774159595370293 22.922582088387571 1.4415315843652958 1.0993658492807299 1.0092407107003962 30.355038025183603 0.63194484263659134 1.3793783932924268 0.68006098200567067 0.20008847583085199 24.930213380197529 0.27766384347341955
leaf_count=94 7 995 30 777 36876 755 630 63964 46 95 9873 353 307 1299 13 2 27 12 32 2830 13 4 20 757 8 12 29 10 4829 67
internal_value=0.000695764 0.000914173 -0.0365199 0.00116004 0.000521236 0.00126826 0.0414466 0.00096558 -0.0141384 0.0155863 -0.00908663 0.0177749 -0.00581986 0.0242149 -0.0479175 -0.0423155 0.0267506 -0.0476279 -0.0658587 -0.0600962 -0.0560964 0.0268055 -0.0655321 -0.0576178 -0.0517655 -0.0583567 -0.0641192 -0.0511285 -0.0510243 -0.0534587
internal_weight=5960.73 5930.61 38.6975 5891.91 5642.08 5368.51 40.1414 5328.37 273.57 249.834 246.477 243.27 52.1622 191.108 35.9993 30.1153 3.55396 28.5965 0.97978 27.093 32.4454 1.50591 6.56346 31.7966 27.0906 5.55422 1.32833 25.7622 25.5622 0.406542
internal_count=124766 119711 879 118832 115969 102225 1385 100840 13744 2863 10868 2736 1084 1652 849 5055 72 4961 45 2876 777 73 127 770 4888 107 41 4847 4837 69
is_linear=0
shrinkage=0.05


Tree=85
num_leaves=31
num_cat=0
split_feature=82 68 32 4 13 5 55 2 56 10 46 66 36 14 5 44 51 4 56 25 41 82 46 30 37 33 33 4 54 5
split_gain=21.7531 21.2216 41.6152 69.6926 42.5525 29.4427 31.0077 42.7599 27.3729 26.189 23.1229 33.3385 31.6138 64.5705 48.6856 45.8192 32.1577 35.4816 33.7015 26.0217 34.4417 33.9765 19.3387 22.0841 21.0051 8.80661 7.35728 4.1572 3.19583 0.00396583
threshold=1529.5000000000002 93.500000000000014 976.85858154296886 16.500000000000004 0.95547276735305797 4.7355971336364755 10.839930979483263 29.500000000000004 7.1752158550639562 0.5280338227748872 0.048938862955248692 1.5707801006378692 0.14867219857785283 0.91411149501800548 51.502374649047859 0.013117963212962481 3.5454008272927493 22.500000000000004 9.046439857442035 2246.3518066406255 -50.374999999999993 916.00000000000011 0.045281158248638813 862.50000000000011 87.64630508422853 71.869781494140639 65.058746337890639 5.5000000000000009 23.009660783272135 3.4418052434921269
decision_type=2 2 2 2 2 2 2 2 2 2 2 2 2 2 2 2 2 2 2 2 2 2 2 2 2 2 2 2 2 2
left_child=1 10 3 26 9 -4 8 -8 -7 -5 11 19 13 15 -15 -12 17 -14 -18 20 -1 -21 23 -13 -24 -6 27 -3 -28 -2
right_child=29 2 5 4 25 6 7 -9 -10 -11 12 22 16 14 -16 -17 18 -19 -20 21 -22 -23 24 -25 -26 -27 28 -29 -30 -31
leaf_value=-0.029236569215776782 -0.054597581618002294 -0.063692749920757227 0.064689334880965996 -0.058084773595935738 0.045857558818708712 0.077480208733424594 -0.021909434391538182 0.119303042324021 -0.047166071170223624 0.071918651968899447 -0.03195289589765811 0.0058827521541640849 -0.0010948755440503158 0.015135018521518759 0.066886074493666139 0.0027957094708541096 -0.01525526264854234 -0.013384796061910998 0.013775190367011176 0.033569026226021009 0.015929622465148265 -0.044620216664951376 0.092615795321704039 -0.043656534845219946 -0.055222748820552683 -0.059855968466925015 -0.062063129920515769 0.04714068345798525 0.057565168779640921 -0.050276577433752349
leaf_weight=44.508712945273146 0.5453130331006858 1.2163963620550959 8.1413579187355918 4.2063163424027143 2.4309186239261171 4.5622069537639609 20.256671567098241 7.2900828558485946 127.45977744954871 49.02088564785663 116.71541496261489 35.764578881149646 2045.5073079476715 475.10972468275577 50.253649938153103 506.76749504730105 125.20977383235004 823.79966735088965 496.00020908255829 20.465087082586251 816.62553593737539 43.270678088767454 7.4233949435874802 60.641993102151901 3.5524225482949987 10.392651152040342 25.581688801059503 2.7789147919975221 0.57074093818664451 20.249647325603291
leaf_count=1425 62 39 35 131 13 46 495 26 2993 181 3207 770 43108 4987 554 13068 2188 13246 10750 335 13189 1086 72 1260 87 367 1154 27 1 9864
internal_value=0.000659706 0.000838557 -0.0130212 0.0131947 0.0419466 -0.0280587 -0.0327908 0.0154616 -0.0428587 0.061645 0.00148347 0.00825169 -2.24458e-05 0.00717193 0.0200853 -0.0037092 -0.00239036 -0.0046234 0.00792387 0.0113135 0.0135952 -0.0195142 -0.0181191 -0.0252786 0.0447665 -0.0398162 -0.0497981 0.0133968 -0.0594524 -0.0503899
internal_weight=5956.32 5935.52 263.909 96.1985 66.0508 167.71 159.569 27.5468 132.022 53.2272 5671.62 1032.25 4639.36 1148.85 525.363 623.483 3490.52 2869.31 621.21 924.87 861.134 63.7358 107.382 96.4066 10.9758 12.8236 30.1477 3.99531 26.1524 20.795
internal_count=124766 114840 5508 1913 692 3595 3560 521 3039 312 109332 18224 91108 21816 5541 16275 69292 56354 12938 16035 14614 1421 2189 2030 159 380 1221 66 1155 9926
is_linear=0
shrinkage=0.05


Tree=86
num_leaves=31
num_cat=0
split_feature=4 53 81 26 5 3 32 13 21 6 33 30 5 4 4 5 13 33 5 40 40 58 10 83 45 51 3 54 33 56
split_gain=20.8877 20.5244 27.1139 40.4541 36.4415 55.7907 43.644 25.8776 34.0866 28.9938 24.6095 51.9733 43.4516 32.8724 25.416 15.7627 13.9162 9.9913 8.93512 6.21802 5.27158 5.0475 7.17532 4.89876 4.59941 4.50492 3.98445 2.88805 2.33705 1.9017
threshold=1.0000000180025095e-35 0.73823532526764934 14011.000000000002 41.76795959472657 30.746322631835941 63.500000000000007 1774.250671386719 0.72604826092720043 2.2340594530105595 68.818317413330092 124.157283782959 556.50000000000011 51.681627273559577 23.500000000000004 3.5000000000000004 13.250630855560305 0.97735679149627697 229.43912506103518 47.348598480224616 -333.62499999999994 -46.624999999999993 19.867360684571391 0.34960317611694341 127.792049407959 0.097117902947775517 0.35503857141258599 21.500000000000004 5.0068505988868095 134.8265075683594 25.872722826515581
decision_type=2 2 2 2 2 2 2 2 2 2 2 2 2 2 2 2 2 2 2 2 2 2 2 2 2 2 2 2 2 2
left_child=19 16 10 4 5 -4 -6 8 -5 -9 11 12 -3 14 -12 -13 21 20 -19 -1 -18 24 23 -23 25 -2 -20 29 -15 -21
right_child=1 2 3 7 6 -7 -8 9 -10 -11 13 15 -14 28 -16 -17 17 18 26 27 -22 22 -24 -25 -26 -27 -28 -29 -30 -31
leaf_value=0.056083835425969564 0.047858618251659137 -0.045801756323845352 0.058267845525994559 -0.029769518147859348 -0.032168483458481008 -0.011721782417751101 0.049167794881637736 0.0024634468927626344 0.017114983618870053 -0.032037536064868061 0.027979620849343696 0.0020736474151674565 0.023100466721866639 -0.12446593677016937 -0.0016295604640845212 0.044803254851762529 0.065898117754265892 -0.059113671453943362 -0.054237418433565922 -0.050889777417321147 -0.023909433869056137 -0.053589576577756072 -0.056496223272743097 0.055415715312600936 -0.061073854775008152 -0.057764950723688369 0.052815377638904586 -0.051672690405143842 -0.058333012862242017 0.056841797788014764
leaf_weight=1.5324990429799097 2.0565460518701029 41.532570939045399 36.196435203892179 139.08438845182536 241.110788608843 133.44295224256348 17.703876699495595 4509.1510158593883 53.74876501847757 61.728754786134232 97.125806060153991 25.265797747299075 50.951671656221151 1.4553894549608255 285.57304210262373 148.07057208195329 7.0196014564135112 7.3138417457812448 1.1295726804528383 0.66826817649416881 2.1297776349820214 1.3978129881434123 5.0308616112452 3.9244265095330775 27.905086994811427 1.9827943861018864 3.770553719077725 25.469850841967855 16.271105161169544 1.0584314465522764
leaf_count=94 6 1378 362 5931 5694 2325 362 89417 2094 5365 516 99 506 27 1792 499 71 341 92 88 32 37 138 74 1955 89 41 4871 468 2
internal_value=0.000622314 0.000828639 0.00113548 -8.30016e-05 -0.0147993 0.0032121 -0.0266048 0.0012406 -0.0167013 0.00199752 0.0106313 0.0224256 -0.00784196 0.00280176 0.00588501 0.0385749 -0.0274086 0.00548541 -0.0241093 -0.0419085 0.0449929 -0.0440225 -0.0136827 0.026787 -0.0538555 -0.00398891 0.0281377 -0.0474303 -0.0637627 0.0151475
internal_weight=5950.8 5922.07 5858.41 5192.17 428.454 169.639 258.815 4763.71 192.833 4570.88 666.246 265.821 92.4842 400.425 382.699 173.336 63.6609 21.3633 12.214 28.729 9.14938 42.2975 10.3531 5.32224 31.9444 4.03934 4.90013 27.1966 17.7265 1.7267
internal_count=124766 119711 116835 111550 8743 2687 6056 102807 8025 94782 5285 2482 1884 2803 2308 598 2876 577 474 5055 103 2299 249 111 2050 95 133 4961 495 90
is_linear=0
shrinkage=0.05


Tree=87
num_leaves=31
num_cat=0
split_feature=82 35 57 48 35 34 10 5 10 26 5 56 57 49 5 5 6 5 83 36 58 5 0 3 80 63 36 80 57 48
split_gain=20.4966 20.7128 20.7599 22.7383 41.8137 38.7666 45.5106 43.993 35.5627 33.6622 18.9878 15.3375 17.9223 15.1457 18.5253 24.1979 23.4738 12.1355 8.63231 8.25158 8.16573 6.46221 4.43457 3.95227 3.89915 2.41988 0.250736 0.125792 0.0340384 0.0383042
threshold=1512.0000000000002 0.49573955024041577 24.510027785636954 32.981506347656257 0.097847609380501771 1.2693451555059458 0.72798261046409618 11.137915611267092 0.43440860509872442 108.7910842895508 17.911855697631839 10.341239640687808 11.885720533074421 1.3722096950357112 42.328027725219734 23.351270675659183 70.860061645507827 6.6000232696533212 643.48260498046886 0.078041116644034667 8.7077081979618622 25.252925872802738 49.500000000000007 123.50000000000001 251.50000000000003 4783.6258259816086 0.36180004500112511 205.50000000000003 38.796328329240772 -58.018493652343743
decision_type=2 2 2 2 2 2 2 2 2 2 2 2 2 2 2 2 2 2 2 2 2 2 2 2 2 2 2 2 2 2
left_child=1 2 3 4 8 7 -7 -5 -1 -6 11 26 22 18 15 -15 -16 -14 21 -20 24 -4 -13 28 -12 27 -3 -22 -2 -30
right_child=23 10 13 5 9 6 -8 -9 -10 -11 20 12 17 14 16 -17 -18 -19 19 -21 25 -23 -24 -25 -26 -27 -28 -29 29 -31
leaf_value=-0.014069943807325794 -0.050397363750089498 -0.076774001053519725 0.0087599123927057567 0.035553850455418326 -0.013119730920530629 0.002274994466818993 -0.018860703153255328 0.0067189975310098628 0.0081223930406154297 0.0069923123152368901 0.10708848632116828 0.037749730394310177 0.043491449474839655 0.012485128274724606 0.025171023442633673 -0.049747223864339392 -0.034490848794988808 -0.034964184476070546 0.024909818625297658 -0.057744889665807091 -0.057151796174566505 0.047617203104109988 0.10874060784338258 0.043380071229187578 -0.05046976252114739 0.048524998951489637 -0.057019285111447174 -0.050726974172837259 -0.075862662560529343 -0.054451417809651549
leaf_weight=223.81281669106102 20.862849362223649 2.4116829473059616 13.346561595564706 151.65756754030008 1063.5907883290201 1578.3068993213237 303.70330256642774 1035.1633418195415 933.28523917729035 258.64483335823752 1.2445231676101673 3.968206478981303 7.6261879026424166 34.782702028402127 122.15651044424158 28.352720210561529 19.058742309571244 13.93573506339453 8.548332875594495 4.6686747570056459 10.014660023734903 53.955273983534425 4.9363060635514557 1.1705288958037261 0.57367585221072648 0.60412959044333447 4.8095916648162529 31.841527226846665 0.26041742821689684 1.0555349016794924
leaf_count=8858 9921 27 85 1019 17733 31682 6600 20406 12548 4490 1 47 108 326 670 331 404 659 123 209 219 344 6 29 116 12 174 7449 15 155
internal_value=0.000590452 0.000775012 0.00112575 0.000449848 -0.00311133 0.00332695 -0.00113571 0.0104037 0.00382982 -0.00918558 -0.0241848 0.00189993 0.017429 0.0142897 0.00705283 -0.015462 0.0171189 -0.00721539 0.0326564 -0.0042865 -0.0463869 0.0399115 0.0771042 -0.0461635 0.0573759 -0.0508302 -0.0636168 -0.0522642 -0.0508893 -0.0586885
internal_weight=5938.35 5915 5833.03 5548.16 2479.33 3068.83 1882.01 1186.82 1157.1 1322.24 81.9662 37.6877 30.4664 284.87 204.351 63.1354 141.215 21.5619 80.5188 13.217 44.2785 67.3018 8.90451 23.3493 1.8182 42.4603 7.22127 41.8562 22.1788 1.31595
internal_count=124766 114646 105828 103336 43629 59707 38282 21425 21406 22223 8818 1021 820 2492 1731 657 1074 767 761 332 7797 429 53 10120 117 7680 201 7668 10091 170
is_linear=0
shrinkage=0.05


Tree=88
num_leaves=31
num_cat=0
split_feature=70 34 67 48 32 24 48 37 80 68 57 21 68 56 68 66 55 67 42 36 80 54 32 53 45 47 55 3 55 68
split_gain=20.0834 20.0364 39.0163 47.9666 41.9576 59.3035 38.5833 31.8769 46.8393 41.7635 44.5904 32.8566 27.8502 33.5343 28.1729 32.8251 26.4133 25.227 22.7183 22.6737 36.3311 44.0258 35.0547 34.8677 37.7239 27.2017 21.3215 19.6929 29.0164 19.2659
threshold=8.0429208320226664 0.56956237242441532 376.50000000000006 -28.277770996093746 1119.5335083007815 1622.5000000000002 6.5555496215820321 92.63031387329103 248.50000000000003 65.500000000000014 11.139808235888133 2.3657222986221318 94.500000000000014 7.1752158550639562 6.5000000000000009 0.87642881736679124 8.8256921855262611 88.500000000000014 14.125000000000002 0.18227278495771124 758.00000000000011 8.3648271982432778 1032.5859985351565 0.85832733320233356 0.054440829804386477 0.19277087530869225 7.3569532155887787 11.500000000000002 8.3648271982432778 5.5000000000000009
decision_type=2 2 2 2 2 2 2 2 2 2 2 2 2 2 2 2 2 2 2 2 2 2 2 2 2 2 2 2 2 2
left_child=1 2 7 18 26 -6 19 8 11 10 -9 -1 14 -14 16 -16 -8 -15 -4 20 22 -22 -3 25 -25 -21 -5 28 -2 -20
right_child=27 6 3 4 5 -7 12 9 -10 -11 -12 -13 13 17 15 -17 -18 -19 29 23 21 -23 -24 24 -26 -27 -28 -29 -30 -31
leaf_value=0.013706360851902312 0.36984964022377909 0.020468753306637999 -0.033435349711189791 0.16938611568008652 0.086976596514863946 0.0002398365008709684 -0.045885190683436883 0.06430198945839255 -0.025879747262567612 -0.029138695234924836 0.0070485565255929685 0.16745112556006486 0.089485405162065032 0.003745088877795481 -0.0051559874958134917 0.0055954348254030877 -0.0041315461319912129 -0.039686999208300704 0.17177014268744376 0.017328417020000878 -0.0011346724944795905 0.065729131655739889 -0.020394245649674299 0.086619991271731089 -0.035116336995850782 -0.040336824478520078 0.0091311440605494169 -0.038236089093652052 0.01241919039490931 0.014086699435638721
leaf_weight=73.007312841655221 0.59246535564307024 66.879168934421614 42.287420467298944 2.1267690745880818 65.787335829169024 28.134422634087969 55.203156528237741 53.974517757305875 174.14425539853983 40.541265769687016 91.930803416820709 3.6487331831012844 6.7665310883894554 51.654462495876942 913.49568491178798 3185.7712195774075 120.67862196970964 94.781499601376709 2.2972924400819457 81.631083355983719 71.258125559310429 37.613737409585156 243.83436945587164 6.5544911285978733 218.73571259609889 27.286687704559881 86.196923433919437 58.897145610622829 13.642870497831607 12.355857126531189
leaf_count=2369 25 587 1247 22 704 655 1751 450 3250 1196 1851 191 32 997 21547 61731 4003 3037 18 1323 1098 373 6374 54 3893 682 1408 2755 844 299
internal_value=0.000559552 0.000884607 0.00897792 0.0252138 0.0377295 0.0609945 -0.000171825 9.64409e-05 -0.0115437 0.0157543 0.0282282 0.0210244 0.00160818 -0.019338 0.0023588 0.00319955 -0.0172366 -0.0243666 -0.0148442 -0.0106289 -0.00288957 0.0219659 -0.0115987 -0.0203453 -0.0315746 0.0028818 0.01299 -0.0254803 0.0272952 0.038808
internal_weight=5931.71 5858.58 676.433 239.186 182.245 93.9218 5182.14 437.247 250.8 186.447 145.905 76.656 4428.35 153.202 4275.15 4099.27 175.882 146.436 56.9406 753.793 419.585 108.872 310.714 334.208 225.29 108.918 88.3237 73.1325 14.2353 14.6531
internal_count=124766 121142 13660 4353 2789 1359 107482 9307 5810 3497 2301 2560 93098 4066 89032 83278 5754 4034 1564 14384 8432 1471 6961 5952 3947 2005 1430 3624 869 317
is_linear=0
shrinkage=0.05


Tree=89
num_leaves=31
num_cat=0
split_feature=29 80 80 57 52 68 52 65 27 83 51 45 80 57 51 33 76 68 30 4 4 27 55 58 78 36 51 67 45 56
split_gain=20.4894 23.0546 25.1766 29.061 27.2666 25.6487 24.2506 24.0359 22.8905 57.7695 48.5365 42.4007 64.219 41.0405 49.6562 28.9113 28.6141 26.6943 64.9332 202.473 141.641 35.0489 29.8416 22.2608 18.7565 39.6676 20.0178 23.2294 16.8908 15.905
threshold=2855.5000000000005 697.50000000000011 650.50000000000011 12.428746568657671 0.93526563271022056 56.500000000000007 0.89432216122315078 9.8172445297241229 2320.779907226563 472.07389831542974 1.5999626675555343 0.51056219816383785 656.50000000000011 11.432742597140701 0.75451664672570395 303.49464416503912 6.50075788295237 65.500000000000014 901.50000000000011 12.500000000000002 16.500000000000004 616.22799682617199 10.341239640687808 10.044939665948638 942.50000000000011 0.16389307921766058 0.24045907410213602 178.50000000000003 0.17600175786197905 19.601270448814336
decision_type=2 2 2 2 2 2 2 2 2 2 2 2 2 2 2 2 2 2 2 2 2 2 2 2 2 2 2 2 2 2
left_child=8 2 -2 5 -5 6 -4 -3 16 10 13 15 -13 -10 -15 -12 17 21 20 -20 -19 -1 -23 -6 26 -26 27 -18 -28 -11
right_child=1 7 3 4 23 -7 -8 -9 9 29 11 12 -14 14 -16 -17 24 18 19 -21 -22 22 -24 -25 25 -27 28 -29 -30 -31
leaf_value=-0.036732116613046539 -0.052380369083638349 -0.052241357644841939 0.0951509416963532 -0.054235704425493442 0.2621077590199794 -0.055637273436093218 -0.027023124785752584 0.062473827451912378 -0.055800088232029081 -0.034379034763522671 0.12767367603446192 0.13875180751391109 -0.022505832467436964 0.1374547082295878 -0.05696215816253565 0.31418570213259917 0.06029639245091778 -0.018506777462995994 0.026868360358229773 -0.027767976346187901 0.022728240336488931 0.0015223854485892981 0.011994948739428322 0.083760819393267461 0.2918346596164027 0.0020531669296859037 0.018550166622649033 -0.044049013760225943 -0.038567238564535339 0.031114093071571498
leaf_weight=53.518117457337212 15.365242893632965 53.37371724343393 8.6768941087648326 2.6166098613757631 2.3342080647125822 13.275833272142334 7.6361819971352807 4.9934479682706288 13.997283277567478 36.557474685658235 9.0470755044370872 11.905866925138982 12.824000920401884 8.8304168069735152 5.2292572660371652 2.6971963888499877 13.553944063372912 354.08236315730028 229.12325907126069 652.36995666299481 505.66907004814129 2853.6648926844937 893.12678927407251 6.986465465510264 1.4391192477196435 6.5833050244254991 14.610649269656276 8.7945300868595933 113.43680705924635 12.419272605737204
leaf_count=3300 1967 2299 63 89 11 358 127 33 286 2902 78 58 192 94 112 25 235 9691 7510 12005 5486 48302 23424 56 12 122 493 387 4572 477
internal_value=0.000525754 -0.0203496 0.00230062 0.0225333 0.0883863 -0.00403428 0.037961 -0.0424272 0.000939631 0.0231729 0.0542483 0.0922802 0.0551295 0.00480676 0.0651447 0.170508 0.000496883 0.00109586 -0.0040309 -0.0135666 0.0057459 0.00344487 0.00401874 0.128425 -0.0204556 0.0540362 -0.0244292 0.0192346 -0.0320499 -0.0177716
internal_weight=5928.74 115.259 56.8914 41.5262 11.9373 29.5889 16.3131 58.3672 5813.48 113.508 64.5311 36.4741 24.7299 28.057 14.0597 11.7443 5699.97 5541.55 1741.24 881.493 859.751 3800.31 3746.79 9.32067 158.418 8.02242 150.396 22.3485 128.047 48.9767
internal_count=124766 5003 2671 704 156 548 190 2332 119763 4224 845 353 250 492 206 103 115539 109718 34692 19515 15177 75026 71726 67 5821 134 5687 622 5065 3379
is_linear=0
shrinkage=0.05


Tree=90
num_leaves=31
num_cat=0
split_feature=51 37 33 33 36 67 40 33 56 82 40 6 13 58 2 6 40 47 80 66 65 34 79 43 82 82 82 0 5 13
split_gain=20.2438 22.9823 19.7838 23.5098 35.8352 31.3499 32.0682 24.5105 38.511 45.5291 37.6344 60.2995 28.7042 23.9755 12.1604 21.2006 12.1124 12.5148 10.3868 9.36811 8.24969 4.94986 4.51375 3.02319 1.96348 1.26223 0.473969 0.0471116 0.0217784 0.0192701
threshold=0.015278815064515153 243.10234832763675 454.01541137695318 403.48892211914068 0.31100776445252581 152.50000000000003 -317.12499999999994 323.81631469726568 9.2636512280247079 1018.5000000000001 -279.12499999999994 41.588560104370124 0.99759265780448925 9.8140844259719255 7.5000000000000009 44.159952163696296 -401.37499999999994 0.016966590043656308 240.50000000000003 1.5707821942083353 10.080945491790773 0.61512409759339015 9.0080478345184236 36.375000000000007 41.500000000000007 43.500000000000007 45.500000000000007 32.500000000000007 9.6126484870910662 0.77759730815887462
decision_type=2 2 2 2 2 2 2 2 2 2 2 2 2 2 2 2 2 2 2 2 2 2 2 2 2 2 2 2 2 2
left_child=1 20 3 7 16 6 -6 10 18 -10 11 -2 -12 -7 15 -4 -5 -18 -9 24 25 -21 23 -22 -17 -1 -27 -28 29 -16
right_child=2 -3 14 4 5 13 -8 8 9 -11 12 -13 -14 -15 28 19 17 -19 -20 21 22 -23 -24 -25 -26 26 27 -29 -30 -31
leaf_value=0.015442831256791351 -0.056006883022145217 0.099564381488107478 0.10440740314006508 0.10978065120156195 -0.056394691623568673 -0.05936946881894585 0.0874100649193566 0.08120025087980097 -0.011375206976556071 0.081368982614036856 0.00064461835168655804 0.10015835315845044 0.052672039623717776 0.028158179463777206 -0.060851348456995663 0.047046289679133817 0.033947437934146445 -0.055385440689780685 -0.05502141220465917 0.086099317259110519 -0.1902482729859144 -0.05101571046012713 0.061521437053465848 -0.00077254091800765107 -0.052525532143591763 -0.085468358103718112 -0.052718079158515369 -0.057120702413290453 -0.051324691164680525 -0.053161479315030784
leaf_weight=0.61035519046709197 8.5843253997154552 2.8735598740167907 3.8541031638160375 1.4819846437312687 4.3610645013977765 9.5083093455759791 34.909075299394317 1.4363041279138986 167.12175801704871 14.370814600260926 5423.359344298573 22.082458251854405 26.640910004032776 44.161187544115819 1.1198361515998865 0.51812632568180461 4.9062851797789362 19.512369337142445 54.396257085783873 2.351358804153278 0.32713289663661216 0.91408402286469925 2.4740982295479625 0.59059047867776826 11.140432685089761 1.4118153138551885 8.6822578362771328 20.245251550571993 24.592152920784429 2.9896371517097577
leaf_count=8 223 30 11 27 278 430 547 31 6802 248 105195 355 530 1710 9 3 90 819 1700 19 13 129 30 34 1370 13 405 387 3174 146
internal_value=0.000492032 -0.036269 0.000724525 0.000986007 0.0229973 0.0374916 0.0714401 0.000528534 -0.0152029 -0.0040316 0.00120974 0.0564442 0.000898941 0.0126514 -0.0314203 -0.00013668 -0.0290129 -0.0374364 -0.0515171 -0.027135 -0.047635 0.0477172 0.0263921 -0.0683133 -0.0481004 -0.0557477 -0.0571799 -0.0557993 -0.0518877 -0.055257
internal_weight=5921.53 37.2151 5884.31 5836.83 118.84 92.9396 39.2701 5717.99 237.325 181.493 5480.67 30.6668 5450 53.6695 47.4797 18.7781 25.9006 24.4187 55.8326 14.924 34.3415 3.26544 3.39182 0.917723 11.6586 30.9497 30.3393 28.9275 28.7016 4.10947
internal_count=124766 920 123846 118985 3901 2965 825 115084 8781 7050 106303 578 105725 2140 4861 1532 936 909 1731 1521 890 148 77 47 1373 813 805 792 3329 155
is_linear=0
shrinkage=0.05


Tree=91
num_leaves=31
num_cat=0
split_feature=4 5 4 14 0 5 5 68 32 14 80 2 14 3 57 31 57 32 5 2 26 35 38 82 10 4 65 78 2 6
split_gain=19.7592 19.4501 163.341 172.652 117.461 187.018 109.329 89.3783 84.4828 83.0064 76.3808 73.9304 119.923 101.028 94.9218 106.693 68.1293 124.508 86.8646 82.0102 57.392 53.0426 64.7227 50.0872 44.5493 45.0997 38.5546 26.6092 24.462 23.1943
threshold=1.0000000180025095e-35 41.253728866577156 24.500000000000004 0.91411149501800548 26.500000000000004 42.700695037841804 36.025882720947273 31.500000000000004 1655.0306396484377 0.89723470807075512 732.00000000000011 22.500000000000004 0.8548761010169984 41.500000000000007 10.717434085322902 566.50000000000011 19.868878517840297 1309.9970703125002 65.666843414306655 26.500000000000004 194.11851501464847 0.15785066076870019 -155.37499999999997 995.50000000000011 0.032795699313282974 29.500000000000004 3.4418052434921269 1528.5000000000002 28.500000000000004 71.555370330810561
decision_type=2 2 2 2 2 2 2 2 2 2 2 2 2 2 2 2 2 2 2 2 2 2 2 2 2 2 2 2 2 2
left_child=-1 6 16 4 5 -4 11 -6 24 27 -11 12 20 -14 23 -16 17 18 -3 -19 -2 22 -5 -13 -8 -26 -23 -10 29 -18
right_child=1 2 3 21 7 -7 8 -9 9 10 -12 14 13 -15 15 -17 28 19 -20 -21 -22 26 -24 -25 25 -27 -28 -29 -30 -31
leaf_value=-0.042069434165288494 -0.016085236787419136 -0.026132124907523476 0.3362228081002433 0.10118129065093973 -0.055482786247698784 0.043558133336678739 0.045571766610288 0.058131998560891941 -0.040559159012654694 -0.028856275236601631 0.070301189133974637 -0.044907216219476104 0.1149124793153905 0.012510419660712625 0.014846917527267276 -0.025582969274669701 0.026396124968877929 -0.0032002709647204241 0.07258864885750535 0.034219886548043629 0.048291335484263294 0.14820661328962736 -0.0058920108618273686 0.0023827642429969471 -0.043899492538673091 0.018224175977155997 -0.05446010018374562 0.24726386572325731 -0.056515210363173064 -0.011127418352843319
leaf_weight=27.17949853054597 561.51991989143426 638.55793940386502 9.5440025669522601 17.588736702105962 18.923466376960278 12.752101565478368 16.467579996970017 203.04939919593744 58.51098017883487 28.186178445175756 62.452911023981869 222.3464924863074 24.451251414837316 1612.7156553026871 463.71275405102642 251.7845031300094 271.90773016377352 521.28975975111825 23.088254806061741 203.60764827457024 36.895519452635199 2.4489995748735955 71.430349616974127 74.838449623784982 335.46476337208878 32.001512464194093 56.159348190994933 0.81418372038751741 10.592670514888594 48.533465331944171
leaf_count=5055 14192 19843 60 82 401 148 270 1005 2584 639 657 3606 211 22363 7931 6914 3225 17995 697 2538 667 35 600 1032 8832 610 1054 7 325 1188
internal_value=0.000464418 0.000660636 0.0045074 0.0336349 0.0594349 0.168835 -0.00148487 0.0484462 -0.0224532 0.00937109 0.039466 0.00196158 0.00703846 0.0140398 -0.00924607 0.000619583 -0.00213857 -0.0070043 -0.0226872 0.00731022 -0.0121161 -0.00905457 0.0152639 -0.0329984 -0.0348838 -0.0384893 -0.0459915 -0.0366091 0.0182417 0.0207129
internal_weight=5918.82 5891.64 2109.47 391.896 244.269 22.2961 3782.16 221.973 533.898 149.964 90.6391 3248.26 2235.58 1637.17 1012.68 715.497 1717.58 1386.54 661.646 724.897 598.415 147.627 89.0191 297.185 383.934 367.466 58.6083 59.3252 331.034 320.441
internal_count=124766 119711 49196 3385 1614 208 70515 1406 13599 3887 1296 56916 37433 22574 19483 14845 45811 41073 20540 20533 14859 1771 682 4638 9712 9442 1089 2591 4738 4413
is_linear=0
shrinkage=0.05


Tree=92
num_leaves=31
num_cat=0
split_feature=53 34 67 48 39 47 48 57 43 83 26 55 69 45 35 34 67 5 5 52 6 54 39 83 58 32 28 46 14 41
split_gain=19.3275 25.4132 40.5117 43.7053 35.5437 51.3904 34.1028 40.2786 64.9887 32.3092 30.8016 40.2631 39.9782 34.3537 29.6829 27.5938 34.693 54.2327 41.3548 34.6678 44.9023 40.0663 23.7303 26.9306 22.0959 19.0438 17.2731 15.7393 15.5072 15.2716
threshold=0.73823532526764934 0.56956237242441532 376.50000000000006 -28.277770996093746 -1611.1874999999998 0.072687959609896519 8.9074096679687518 8.8256921855262611 23.375000000000004 482.72317504882818 71.965705871582045 11.316665124598853 0.68181818181818199 0.23636525619484108 0.073868422294044764 1.2811499642663831 301.50000000000006 47.139003753662116 31.130406379699711 0.95588827012709232 36.930778503417976 6.6000233208143504 32586.156250000004 470.31726074218756 11.051694494643735 1700.005798339844 82.828510284423842 1.0285066429371399 0.97188103199005138 -44.124999999999993
decision_type=2 2 2 2 2 2 2 2 2 2 2 2 2 2 2 2 2 2 2 2 2 2 2 2 2 2 2 2 2 2
left_child=28 2 10 22 5 -5 7 8 -3 14 11 29 13 -12 -9 16 18 -18 -8 21 -21 -17 26 -24 -13 -6 -4 -10 -1 -2
right_child=1 6 3 4 25 -7 15 9 27 -11 12 24 -14 -15 -16 19 17 -19 -20 20 -22 -23 23 -25 -26 -27 -28 -29 -30 -31
leaf_value=-0.044312136543228714 0.1571434366658338 0.52447402218527872 0.0081852092270325635 0.27345741679493807 0.029458609391473847 0.061198572112943911 0.017541150179938365 0.010500667760929318 -0.053215173908004482 -0.053574187205543682 0.06513746698193526 0.30087068800354067 -0.031577175704170284 0.012199950059893844 -0.013238208295376511 0.011288043413408604 -0.012807880716374795 0.021068639696994323 0.0013614929617568998 -0.010043043113407252 0.010992578265200404 -0.014115295707987571 0.18519522772454444 -0.05725650256786189 0.018465252451492536 -0.050870150646799533 -0.051013130047885873 0.13754538753026041 0.010688595308197279 -0.025591163299752841
leaf_weight=42.293384363118093 1.1512678784783918 0.86566968262195487 23.661475056724157 3.0244467100128523 114.17161724943435 49.90021744085243 766.97172928234795 166.48364772240166 1.9955617296509442 41.410914923355449 42.948424373054877 0.69988842983730037 35.601229653169867 106.99744871107396 629.93295691342792 190.8549737946305 485.95973433283507 156.08856871546595 814.18550742216757 396.49337976070819 704.34621488660923 831.22631856470252 3.0160026492085299 1.846596452349331 66.849996732664295 7.8879732398490878 25.712988138722721 2.3601842578500509 18.38703240826726 166.38520058779977
leaf_count=2498 13 11 499 36 1488 598 9507 2044 63 3907 575 15 1021 1666 10345 3515 10410 4332 16527 7642 18037 22613 27 85 2188 334 657 5 454 3654
internal_value=0.000426834 0.000718574 0.0100397 0.026951 0.0391061 0.0733284 -0.000448742 -0.00965198 0.128789 -0.0105148 0.000824067 -0.0111963 0.0160538 0.0273626 -0.00827581 0.00133647 0.00522963 -0.00457215 0.00920976 -0.00274059 0.0034161 -0.00937169 -0.0122648 0.093123 0.0213913 0.0242674 -0.0226438 0.0501495 -0.0276461 -0.0243355
internal_weight=5899.71 5839.03 649.855 229.221 174.984 52.9247 5189.18 843.049 5.22142 837.828 420.633 235.086 185.547 149.946 796.417 4346.13 2223.21 642.048 1581.16 2122.92 1100.84 1022.08 54.2371 4.8626 67.5499 122.06 49.3745 4.35575 60.6804 167.536
internal_count=124766 121814 12856 3724 2456 634 108958 16375 79 16296 9132 5870 3262 2241 12389 92583 40776 14742 26034 51807 25679 26128 1268 112 2203 1822 1156 68 2952 3667
is_linear=0
shrinkage=0.05


Tree=93
num_leaves=31
num_cat=0
split_feature=45 36 41 10 46 35 68 67 34 68 45 41 36 0 58 47 45 66 49 51 57 78 45 10 80 56 68 83 34 3
split_gain=19.3657 37.2899 52.7369 45.4765 43.8295 55.0764 39.0172 38.2006 34.5186 38.1183 32.8905 32.7167 47.2033 32.3859 68.015 49.3907 28.9138 27.7964 39.3102 47.3317 46.5731 65.1908 39.6343 33.8375 33.3762 48.565 32.6456 28.1313 25.5276 42.6958
threshold=0.6936498147475747 0.13986362474734571 -24.874999999999996 0.5280338227748872 0.43749830729825462 0.066381413114004376 82.500000000000014 160.50000000000003 1.2772103715002563 10.500000000000002 0.70297051269467603 -27.124999999999996 0.13142863543334274 26.500000000000004 9.1224822083568817 0.2309390574168072 0.23636525619484108 1.3201038653131358 1.1906188251260761 2.4999564401543721 10.147287575185912 183.50000000000003 0.15688940638657287 0.46402969956398016 735.50000000000011 10.593520618451764 92.500000000000014 131.27776336669925 1.2350977458622605 87.500000000000014
decision_type=2 2 2 2 2 2 2 2 2 2 2 2 2 2 2 2 2 2 2 2 2 2 2 2 2 2 2 2 2 2
left_child=16 2 7 -4 6 -6 -5 10 28 -10 -2 -9 -13 14 -11 -15 17 18 20 -20 21 -1 -21 27 26 -26 -25 -19 -3 -30
right_child=1 8 3 4 5 -7 -8 11 9 13 -12 12 -14 15 -16 -17 -18 23 19 22 -22 -23 -24 24 25 -27 -28 -29 29 -31
leaf_value=0.036514999450748341 0.21649473573530528 0.0038806416118356717 -0.017445816562147255 0.026479434353502737 0.27252749346392635 -0.049579658865901995 -0.057323082136352871 -0.026163141683705038 -0.040621632241159222 -0.028834016030305061 0.078346744157308634 0.012473070719280199 0.30577919087153382 -0.012371665728260874 0.024167242307198893 0.041011420344651835 -0.0049879660450666084 0.044708215553391294 -0.026777298686144396 -0.019988874480348629 0.0093752102598444603 0.25713275942022834 0.073954206586361121 0.0010693552371869243 0.078584629300161288 -0.03632335863779413 0.083104026612563539 -0.044441337107427939 0.010221052409653923 0.072590356867870118
leaf_weight=11.62645388802048 5.2827747085830223 1442.3495366165298 97.375206004711799 182.92373262537876 3.7755705725867292 2.0464148562168702 15.030621415353378 14.552846135920847 72.584802799392492 81.998475158470683 23.36025959008839 4.0621970657957709 2.0711134182056412 677.13134897669079 231.19695764986682 46.291000433149748 2312.682239783986 12.683352182852103 163.17137633328093 20.677603602351155 106.59159829234704 4.7029155516065648 24.566511078679468 79.253974213672336 56.253985839430243 10.991986971581353 14.31847894086968 29.270306960126618 109.960702957178 36.564316759817302
leaf_count=107 34 24445 3577 2264 65 40 433 318 3148 2242 242 75 21 14266 8654 532 49650 84 3554 521 3244 22 390 1455 395 146 128 1778 2532 404
internal_value=0.000399151 0.0031684 0.0185115 0.0106618 0.0240931 0.159308 0.0201163 0.0664336 0.00117533 -0.00559343 0.103826 0.0146583 0.111518 -0.00314073 0.0102909 -0.00895574 -0.00256637 0.00791911 -0.00100406 -0.0142303 0.0214213 0.100054 0.0310201 0.0224999 0.0329322 0.0598018 0.0136223 -0.0174898 0.00590064 0.0257849
internal_weight=5895.35 3048.56 350.481 301.152 203.776 5.82199 197.954 49.3292 2698.08 1109.2 28.643 20.6862 6.13331 1036.62 313.195 723.422 2846.79 534.109 331.336 208.415 122.921 16.3294 45.2441 202.772 160.818 67.246 93.5725 41.9537 1588.87 146.525
internal_count=124766 63292 7069 6379 2802 105 2697 690 56223 28842 276 414 96 25694 10896 14798 61474 11824 7838 4465 3373 129 911 3986 2124 541 1583 1862 27381 2936
is_linear=0
shrinkage=0.05


Tree=94
num_leaves=31
num_cat=0
split_feature=82 33 33 36 36 67 31 40 6 14 37 1 32 2 6 68 10 38 26 3 29 56 57 48 5 13 37 31 3 80
split_gain=19.0518 19.0873 20.7368 32.1328 27.3203 27.1944 26.4241 26.8449 48.156 22.5325 20.7429 11.5111 16.5922 11.1823 18.6645 10.1666 10.1615 8.33077 5.91549 3.56658 0.339223 0.0599633 0.0310447 0.0363968 0.0201247 0.0197026 0.00614996 0.00490749 0.00469253 0.00392922
threshold=1512.0000000000002 454.01541137695318 403.48892211914068 0.31100776445252581 0.4378602030310747 337.50000000000006 1094.5000000000002 -279.12499999999994 43.527557373046882 0.99536514282226574 482.23774719238287 0.18253968656063083 1933.3367919921877 7.5000000000000009 44.159952163696296 2.5000000000000004 0.57603687047958385 -97.124999999999986 258.66181945800787 123.50000000000001 2033.5000000000002 18.775574591687082 38.796328329240772 -58.018493652343743 9.6126484870910662 0.77759730815887462 140.32952117919925 1170.5000000000002 121.50000000000001 68.500000000000014
decision_type=2 2 2 2 2 2 2 2 2 2 2 2 2 2 2 2 2 2 2 2 2 2 2 2 2 2 2 2 2 2
left_child=1 2 6 11 5 -5 7 8 -1 -9 16 12 -4 14 -3 -6 -8 21 -19 22 -13 -16 28 -24 25 -15 -25 -27 -2 -26
right_child=19 13 3 4 15 -7 10 9 -10 -11 -12 20 -14 24 17 -17 -18 18 -20 -21 -22 -23 23 26 29 27 -28 -29 -30 -31
leaf_value=-0.011801584222345911 -0.050317136786835005 0.09507744258257321 0.12286744433305688 0.065024379169903376 0.074234680311723825 -0.0040863914278205429 -0.044527291724566487 0.00012357652872612039 0.074645510293038994 0.037392575276069775 0.20304242300422676 -0.075828637400513724 -0.024523601823050172 -0.060809220568405535 -0.051370779701252083 -0.037114383963434874 -0.0065341399465690189 0.07336159492750309 -0.052579350245890881 0.040057118922717364 -0.053110554286213876 -0.068273924249749596 -0.075308839003605507 -0.052438750091738873 -0.054869427829216569 -0.056258497094325621 -0.062854846778142182 -0.051620010788093612 -0.056670947560741196 -0.051148948280518948
leaf_weight=31.197244804236107 19.203265263495279 3.9379868628457215 2.5615842208499107 57.309281940746587 2.3771480660070692 18.937646769511048 50.536887585447403 5523.4284210309852 33.311133758281358 40.855840351956431 0.95596452103927632 1.8733323010383163 7.4999615617562085 1.100075215101245 9.6008619973144942 14.892818853724746 27.002019286213908 2.800963363843036 1.3976331750745883 1.1366441029822443 13.373829949181525 0.55500548891723234 0.256769174709916 0.83240001805825048 0.73247359786182897 0.7926648668944839 0.17078565736301243 2.0320064106490463 0.29505315475398575 22.782345900137443
leaf_count=792 9902 11 49 939 31 700 2174 99981 952 1077 43 39 271 9 1317 1311 809 29 178 29 578 6 15 150 11 11 5 137 19 3191
internal_value=0.000371514 0.000545105 0.000797672 0.021471 0.0349973 0.0478592 0.000367253 0.000769014 0.0328384 0.000397225 -0.0284427 -0.0285093 0.0130009 -0.031631 -0.00134952 -0.0217876 -0.0312966 -0.0278032 0.0314382 -0.0461826 -0.0559018 -0.0522945 -0.0509048 -0.0585114 -0.051818 -0.0551325 -0.054212 -0.0529217 -0.0504133 -0.0512648
internal_weight=5893.74 5871.85 5826.11 118.826 93.5169 76.2469 5707.29 5628.79 64.5084 5564.28 78.4949 25.3087 10.0615 45.732 18.2925 17.27 77.5389 14.3545 4.1986 21.8949 15.2472 10.1559 20.7583 1.25995 27.4396 3.92475 1.00319 2.82467 19.4983 23.5148
internal_count=124766 114646 109746 3918 2981 1639 105828 102802 1744 101058 3026 937 320 4900 1541 1342 2983 1530 207 10120 617 1323 10091 170 3359 157 155 148 9921 3202
is_linear=0
shrinkage=0.05


Tree=95
num_leaves=31
num_cat=0
split_feature=29 28 82 53 44 79 5 68 57 68 54 14 82 31 40 82 21 0 67 67 55 42 42 68 36 54 50 30 27 55
split_gain=18.3456 22.1533 21.0319 26.0082 23.8689 19.4746 39.4537 59.2412 59.2372 40.9488 35.3284 32.7705 27.6126 24.2625 27.6399 33.3135 26.9388 16.2137 24.7886 14.7603 9.73221 4.54074 8.6024 3.95343 0.0220593 0.0146004 0.00777392 0.0033173 0.00248652 0.00161008
threshold=584.50000000000011 41.31018257141114 881.00000000000011 0.94483846004817262 0.36976644391249203 12.109429267534084 47.902988433837898 69.500000000000014 10.961058806445019 36.500000000000007 6.2900966267538285 0.99536514282226574 882.50000000000011 1076.5000000000002 -274.12499999999994 1021.5000000000001 1.577135503292084 53.500000000000007 10.500000000000002 215.50000000000003 9.046439857442035 -8.8749999999999982 -14.874999999999998 87.500000000000014 0.10889381218997744 7.5343055570081576 3.2799650137998158 349.50000000000006 834.04397583007824 17.61454038304365
decision_type=2 2 2 2 2 2 2 2 2 2 2 2 2 2 2 2 2 2 2 2 2 2 2 2 2 2 2 2 2 2
left_child=27 2 20 24 26 13 7 11 9 -8 -9 -7 -10 14 15 -3 -16 19 -19 -15 -2 22 -22 -23 25 -4 -5 -1 -26 -29
right_child=1 5 3 4 -6 6 8 10 12 -11 -12 -13 -14 17 16 -17 -18 18 -20 -21 21 23 -24 -25 28 -27 -28 29 -30 -31
leaf_value=-0.050624823972802616 0.11555549187160229 0.021653779109639577 -0.059447144580120785 -0.052214330925017462 0.23170484441434486 -0.0020904495484028542 -0.036987303433082028 0.0024330532602832057 0.01199933117873089 0.054138296254342383 -0.033148144853636381 0.082074470954059967 -0.02341516490216982 -0.0030921503833636912 0.0043166786513572286 0.14289153832195095 -0.004997710216654066 0.19972320058998166 0.0076538312211502299 -0.033600829395138372 0.046717963289857251 0.04701094398203836 -0.055337706324153441 -0.0031374548810196865 -0.05200570380050587 -0.05516141695587097 -0.060097938142318855 -0.051959950802806104 -0.054416885193110637 -0.055137419230814902
leaf_weight=14.934608781448334 4.1349978544749311 86.58000630280003 4.0103653362020832 0.6650110722985112 1.6956734401173887 663.07320773878018 14.308988217031581 90.482540573051665 119.48295109882019 89.058413600549102 304.6504157082818 11.77071855496615 102.05174769170117 65.987622179905884 3083.9096640553325 6.0628777341917148 1037.388331555092 1.8028620696859459 24.624851656029932 99.309916672878899 4.7306458614766598 41.004961325088516 3.664177062455563 4.3466632002964607 2.7516240444965661 3.9393510518129915 0.59024802665226161 1.9712793757207685 1.7487723678350446 0.49975135829299677
leaf_count=2360 38 2286 49 35 7 10200 214 1207 1820 743 5946 99 3191 2821 54934 38 30146 34 1791 6172 22 178 28 35 111 108 9 102 31 11
internal_value=0.000350875 0.000502761 0.0278216 -0.0241067 0.109355 0.000157622 -0.0049912 -0.00962497 0.0102689 0.0415239 -0.0250003 -0.000622434 -0.00431464 0.00178779 0.00257925 0.029588 0.00197212 -0.0156077 0.0207565 -0.0214216 0.0416386 0.0359518 0.00217265 0.0422045 -0.0557399 -0.0573234 -0.0559214 -0.0509056 -0.0529426 -0.0526026
internal_weight=5891.23 5873.83 73.2825 15.401 2.95093 5800.55 1394.88 1069.98 324.902 103.367 395.133 674.844 221.535 4405.67 4213.94 92.6429 4121.3 191.725 26.4277 165.298 57.8814 53.7464 8.39482 45.3516 12.4501 7.94972 1.25526 17.4056 4.5004 2.47103
internal_count=124766 122293 651 350 51 121642 23420 17452 5968 957 7153 10299 5011 98222 87404 2324 85080 10818 1825 8993 301 263 50 213 299 157 44 2473 142 113
is_linear=0
shrinkage=0.05


Tree=96
num_leaves=31
num_cat=0
split_feature=51 50 35 45 36 48 67 10 29 40 83 36 10 51 68 32 5 29 66 13 51 0 58 76 65 21 54 44 50 28
split_gain=18.8112 22.2142 18.9013 18.3497 33.1809 48.3746 40.3001 34.3378 31.5824 44.4766 25.4939 43.3425 32.2731 42.8417 35.2224 19.7262 17.4 12.1755 13.5604 11.0918 10.068 9.97094 6.96676 5.10606 5.02709 2.93626 2.23039 2.02919 1.12823 1.12398
threshold=0.015278815064515153 4.4637965143745619 0.49573955024041577 0.6936498147475747 0.13986362474734571 73.907348632812514 140.50000000000003 0.5280338227748872 2855.5000000000005 -232.62499999999997 134.19710540771487 0.23374986571022197 0.41801074147224432 2.0927904390164174 39.500000000000007 945.96792602539074 17.911855697631839 1886.5000000000002 1.0831737332339431 0.86019602417945873 0.19999785716591814 32.500000000000007 8.7077081979618622 4.4539158090412743 11.137915611267092 2.6860159635543828 20.905081685629586 0.28793267799635142 2.6234400306594754 49.783594131469734
decision_type=2 2 2 2 2 2 2 2 2 2 2 2 2 2 2 2 2 2 2 2 2 2 2 2 2 2 2 2 2 2
left_child=1 24 3 10 5 7 -7 -5 9 -6 11 19 14 -14 -12 -13 17 18 27 -2 -10 -20 25 -19 28 -18 -24 -4 29 -1
right_child=2 -3 16 4 8 6 -8 -9 20 -11 12 15 13 -15 -16 -17 22 23 21 -21 -22 -23 26 -25 -26 -27 -28 -29 -30 -31
leaf_value=0.011081447016260236 0.003129119665126147 0.066143037954147693 -0.059996629164620334 -0.013319279380233976 0.026143667443338271 0.11320633583020792 0.015193752872681763 0.022565959831591435 0.020522746760595567 0.00059546543652473421 -0.039003813753394817 0.0045444581669081769 -0.0049357234772506716 0.011720559200964263 -0.0072301105040124053 -0.041100331595477199 -0.050438398033546578 -0.061754320481533259 -0.060592629784955637 0.04398630545757555 -0.048694841081336565 0.048747255510190553 -0.052260393967594299 0.051345781127358506 0.02751514074534317 0.092235485080095672 0.047456721469648896 0.044976874215037557 -0.11687013895198546 -0.056186922471940765
leaf_weight=0.63520114729181898 20.333575249649584 4.6422360874130382 5.1350346520775956 97.586848922102945 183.45832632156089 22.867052986635827 19.373013350239489 210.363693116582 6.0563605501956763 2384.8454637695686 119.2155817328603 108.89800562208984 1606.0571665293828 508.21884744954878 325.0012026874756 30.243923687376082 0.50713095063110691 8.1986280361888912 2.3444632383761954 90.742500527063385 39.630656896333676 18.844681741204113 38.502567984658526 1.1362305214861397 1.9070925416890521 1.2481973572866991 0.5690544878016216 0.50570209266152222 0.74854327528737385 27.739048329240177
leaf_count=15 149 35 269 3627 5237 180 368 2807 132 41489 9448 1443 26369 8667 12904 315 113 336 185 374 1560 202 7635 16 45 4 12 5 16 809
internal_value=0.000330664 -0.0358681 0.000551401 0.000879623 0.00362365 0.0180768 0.0682538 0.0111942 0.0016874 0.00242042 -0.0020163 0.0132161 -0.00350601 -0.000931971 -0.0157573 -0.0053769 -0.0240589 0.00119645 0.018309 0.036507 -0.0395192 0.0366494 -0.0464302 -0.0479879 -0.0511295 0.0510157 -0.0508081 -0.0505856 -0.0562795 -0.054681
internal_weight=5885.56 35.6721 5849.88 5772.89 2964.18 350.191 42.2401 307.951 2613.99 2568.3 2808.71 250.218 2558.49 2114.28 444.217 139.142 76.9917 36.1647 26.8299 111.076 45.687 21.1891 40.827 9.33486 31.0299 1.75533 39.0716 5.64074 29.1228 28.3742
internal_count=124766 920 123846 115069 55400 6982 548 6434 48418 46726 59669 2281 57388 35036 22352 1758 8777 1013 661 523 1692 387 7764 352 885 117 7647 274 840 824
is_linear=0
shrinkage=0.05


Tree=97
num_leaves=31
num_cat=0
split_feature=4 51 37 82 35 57 48 3 57 13 65 40 79 55 24 3 47 82 82 82 57 83 3 29 57 29 6 83 13 37
split_gain=18.3352 17.6105 19.0646 17.4769 17.2968 18.8707 20.532 16.2028 13.2581 12.5693 7.46988 5.15022 4.12047 3.26242 3.18648 1.56652 1.52116 1.19591 0.385107 0.0447756 0.0112506 0.00606757 0.00513273 0.00239908 0.00158348 0.00131869 0.00066654 0.000627408 0.000128543 3.17017e-05
threshold=1.0000000180025095e-35 0.015278815064515153 243.10234832763675 1529.5000000000002 0.49573955024041577 25.148031444901253 32.981506347656257 119.50000000000001 11.885720533074421 0.84309843182563793 10.080945491790773 -333.62499999999994 9.0080478345184236 25.148031444901253 805.50000000000011 71.500000000000014 0.010662239159594153 43.500000000000007 45.500000000000007 42.500000000000007 21.710611182313617 116.90050506591798 121.50000000000001 1781.5000000000002 25.409292345378372 1855.5000000000002 81.687568664550795 847.91955566406261 0.98847049474716198 105.07616424560548
decision_type=2 2 2 2 2 2 2 2 2 2 2 2 2 2 2 2 2 2 2 2 2 2 2 2 2 2 2 2 2 2
left_child=11 2 10 4 5 6 -3 8 -6 -7 17 15 14 19 -12 29 -9 -2 -19 20 -13 -21 26 -24 -23 -25 28 -28 -5 -1
right_child=1 3 -4 22 7 9 -8 16 -10 -11 12 13 -14 -15 -16 -17 -18 18 -20 21 -22 24 23 25 -26 -27 27 -29 -30 -31
leaf_value=-0.051301927872814013 0.016041555541331316 -0.002833367720600393 0.085123307123262132 -0.050157817894131464 0.0088948919689603081 -0.015048393679366646 0.0033143181067883799 0.089344039717574639 -0.042544779905219716 0.019860219376840169 -0.21268857476454275 -0.067865401013926213 0.059167024697855244 0.029665190008471027 -0.0049495403382413174 0.077043290464647918 0.036330174661379354 -0.082768024812788332 -0.055319258193233113 -0.05612199009041649 -0.057440100207061799 -0.05067430402276582 -0.060826847094852615 -0.057499159107391999 -0.052340564617580645 -0.0508414317652707 -0.050189510547652388 -0.053568316562664066 -0.051845754507355402 -0.05020156356251089
leaf_weight=0.095122984959746248 0.57749158702791348 2445.4939547746908 3.0002163277240461 15.552650668134449 16.577341654454358 29.665148577070795 3054.5531272310764 2.370310604106634 51.260467519576196 197.20416796649806 0.26464161125477348 0.39966413960792724 2.3718197752023116 1.3105671285302367 0.61026678490452468 1.1390161514282227 3.1531176697462797 1.3437418887624542 26.054646966687869 0.54789041960612195 0.73415752523578703 19.93042906126357 0.14631249010562797 0.11341214179992676 1.5356885807705101 0.21608370868489146 0.26512178371194828 0.28518012841232121 0.11361582274548787 0.20987656543729827
leaf_count=11 7 42245 30 9135 1086 574 57281 3 6955 1366 11 6 27 20 34 1 39 13 757 8 35 4696 1 1 196 42 83 12 9 82
internal_value=0.000311514 0.000497329 -0.0352649 0.000707728 0.000854752 0.00116378 0.000580864 -0.0232696 -0.0299746 0.0152956 -0.0468331 -0.0416628 0.0249564 -0.0470801 -0.0677863 0.0500946 0.0590804 -0.0551646 -0.0566655 -0.0514252 -0.0611149 -0.0509261 -0.0503803 -0.0554989 -0.0507935 -0.053133 -0.0502301 -0.0519405 -0.0501701 -0.0505447
internal_weight=5877.1 5851.19 34.2228 5816.97 5800.28 5726.92 5500.05 73.3612 67.8378 226.869 31.2226 25.9024 3.24673 24.4584 0.874908 1.44402 5.52343 27.9759 27.3984 23.1478 1.13382 22.014 16.6924 0.475808 21.4661 0.329496 16.2166 0.550302 15.6663 0.305
internal_count=124766 119711 879 118832 109549 101466 99526 8083 8041 1940 849 5055 72 4961 45 94 42 777 770 4941 41 4900 9283 44 4892 43 9239 95 9144 93
is_linear=0
shrinkage=0.05


Tree=98
num_leaves=31
num_cat=0
split_feature=53 34 67 40 30 76 4 25 66 67 21 25 21 26 68 5 80 5 10 10 68 32 57 0 82 21 80 50 13 14
split_gain=17.4841 23.0818 35.8719 34.1981 37.5029 38.1085 29.3024 53.306 35.3571 93.4235 33.9867 30.0205 29.1709 28.4946 39.4249 34.2115 32.4402 28.1864 67.6237 83.6568 59.9611 54.751 48.478 25.1839 34.2213 24.2477 23.9744 22.8876 16.0397 14.0318
threshold=0.73823532526764934 0.56956237242441532 376.50000000000006 -28.374999999999996 1308.5000000000002 1.3316181812647399 29.500000000000004 1138.1296386718752 1.5707832927396268 793.50000000000011 3.1100636720657353 1051.9444580078127 0.60355338454246532 65.278728485107436 67.500000000000014 50.518932342529304 248.50000000000003 30.095133781433109 0.71198156476020824 0.68804404139518749 30.500000000000004 691.67346191406261 10.717434085322902 60.500000000000007 1006.5000000000001 4.1588637828826913 652.50000000000011 0.023183584800603906 0.89214754104614269 0.97188103199005138
decision_type=2 2 2 2 2 2 2 2 2 2 2 2 2 2 2 2 2 2 2 2 2 2 2 2 2 2 2 2 2 2
left_child=29 2 13 4 5 -4 17 11 10 -10 -9 -8 -13 16 15 -15 27 21 19 -19 -20 -3 -23 26 -25 -6 -5 -2 -18 -1
right_child=1 6 3 23 25 -7 7 8 9 -11 -12 12 -14 14 -16 -17 28 18 20 -21 -22 22 -24 24 -26 -27 -28 -29 -30 -31
leaf_value=-0.043051196772453913 0.284364915482893 -0.054471880386192245 0.013199982899928311 0.026519270342780815 -0.054043637069646037 0.099008404539800809 -0.021273382794373498 -0.040118379335980663 0.0018425721016149901 0.40391058886321124 0.044912748193931949 -0.059689996718798079 0.1019653682375409 0.031148994617130599 -0.031423802031737259 -0.040008400054829335 -0.045259406710364679 -0.0021714902006226195 0.0010503834601195998 0.031205271525015173 -0.031306899952967898 -0.0068277687878959123 0.010209070007101292 0.0083226640115387374 0.12814070460389107 0.21792214264194951 -0.015484687881472043 0.013133647959674713 -0.010817503357981276 0.0097196378680631038
leaf_weight=40.839059796737274 0.78746370793669385 38.592171082214918 19.363139061257243 64.297790144337341 9.8017113423848024 39.000019559345674 12.494251336378509 167.39695102156838 12.828509277896954 1.6281255413196039 12.638748504512476 3.3111987127922502 17.752173671207856 157.18529723805841 40.111560075602029 18.92544846778037 62.669662889151368 1980.7296453838062 242.48024699965026 207.39568029157817 349.59626970559475 571.39434530353174 1550.7960163501848 13.943795732688161 10.406952634686602 0.89434384182095605 72.023463628720492 63.285254458605777 73.388499773922376 18.215592426771764
leaf_count=2498 20 2187 195 1350 382 279 486 4320 297 11 174 38 168 2096 1243 661 1842 46767 6489 2319 13370 7448 24884 217 205 3 1093 2343 927 454
internal_value=0.000295011 0.000569905 0.00948007 0.0253408 0.054766 0.0705398 -0.000543788 -0.0180668 -0.028108 0.047124 -0.0341491 0.04013 0.0765529 0.000728589 0.0133128 0.0235022 -0.0128675 0.000264982 -0.0030643 0.000992038 -0.0180552 0.00454865 0.00562194 0.0126934 0.0595302 -0.0313034 0.00432706 0.0164671 -0.0266818 -0.0267739
internal_weight=5874.17 5815.12 646.084 229.731 69.0592 58.3632 5169.03 228.05 194.492 14.4566 180.036 33.5576 21.0634 416.353 216.222 176.111 200.131 4940.98 2780.2 2188.13 592.077 2160.78 2122.19 160.672 24.3507 10.6961 136.321 64.0727 136.058 59.0547
internal_count=124766 121814 12856 3724 859 474 108958 5494 4802 308 4494 692 206 9132 4000 2757 5132 103464 68945 49086 19859 34519 32332 2865 422 385 2443 2363 2769 2952
is_linear=0
shrinkage=0.05


Tree=99
num_leaves=31
num_cat=0
split_feature=4 5 4 14 5 68 0 68 4 14 2 13 3 57 27 5 10 40 35 38 52 10 5 26 65 5 21 53 2 58
split_gain=17.3817 17.7892 143.603 148.708 99.0994 89.7714 87.8334 75.9109 70.4935 89.3901 64.1424 66.7378 69.2012 60.2034 95.9095 79.9715 71.6909 58.4153 48.3024 52.0091 45.4216 41.6656 66.648 40.1013 33.3944 31.503 27.7136 25.6695 22.4102 19.5301
threshold=1.0000000180025095e-35 41.253728866577156 24.500000000000004 0.91411149501800548 35.842166900634773 31.500000000000004 26.500000000000004 56.500000000000007 29.500000000000004 0.93857747316360485 28.500000000000004 0.8660792112350465 41.500000000000007 19.868878517840297 1358.487976074219 65.666843414306655 0.96720427274703991 -59.874999999999993 0.15785066076870019 -155.37499999999997 0.99999992322456288 0.11478494480252267 40.494581222534187 194.11851501464847 3.4418052434921269 35.657545089721687 3.5816729068756108 0.95192673251185222 28.500000000000004 15.154866900073875
decision_type=2 2 2 2 2 2 2 2 2 2 2 2 2 2 2 2 2 2 2 2 2 2 2 2 2 2 2 2 2 2
left_child=-1 4 13 5 10 27 -7 8 20 -10 11 23 -13 14 15 -3 -16 25 19 -5 -6 22 -9 -2 -20 -12 -19 -4 29 -15
right_child=1 2 3 18 7 6 -8 21 9 -11 17 12 -14 28 16 -17 -18 26 24 -21 -22 -23 -24 -25 -26 -27 -28 -29 -30 -31
leaf_value=-0.041609651302208388 -0.017245359043089162 -0.024882740668119394 -0.055084528558654033 0.088293063009243819 -0.018118373930143632 0.15919650500961369 0.053812068457000289 -0.010998710570334549 -0.0311089979731775 0.12592553582990626 -0.044429853240252552 0.089721827038913682 0.0062114593221594778 0.065283343455114079 0.0024363402810324629 0.069361335829580054 0.090401045800262758 0.0039563404695482684 0.12472771083615719 -0.005596714139363107 0.10822720921099503 -0.052030714905784294 0.29914290307886959 0.041065911571786934 -0.053877049173704707 0.077027075463173306 0.12989425383879288 0.21472325875739831 -0.056143268565175097 0.016168893096562893
leaf_weight=24.667630790296244 444.64326510601677 596.07221728382865 20.379235650645573 18.642990392749198 299.81837012118194 21.869561052881181 206.12653786031296 9.4828861831920204 15.969774452038108 20.951711420319043 157.00664471066557 25.059544265328441 2460.7832809193642 21.747050054953434 730.61640782974428 23.392942099017091 23.920956857095007 80.850814161181916 2.7517330045811823 70.628239033336286 7.286356924683786 184.51069955731509 2.1193812129204153 31.578437333926558 53.510113618802279 5.5267866368521927 4.6178838729392728 0.92141225654631753 10.087066702835726 292.21135622460861
leaf_count=5055 12932 17905 466 82 7488 128 1005 584 373 205 4564 221 36333 287 21266 635 1267 1713 35 600 109 5201 137 525 1054 80 50 15 325 4126
internal_value=0.000273368 0.000450184 0.00414321 0.0313045 -0.00161078 0.0547497 0.0639206 -0.0214252 -0.00727296 0.0580029 0.00172328 0.00376839 0.00705332 -0.00217232 -0.00674441 -0.0213238 0.00522507 -0.0227029 -0.00885702 0.0140108 -0.0151207 -0.0462515 0.0456547 -0.0133787 -0.0451416 -0.0402998 0.0107608 -0.0434133 0.017214 0.0195709
internal_weight=5867.75 5843.08 2092.88 394.83 3750.21 249.297 227.996 540.139 344.026 36.9215 3210.07 2962.06 2485.84 1698.05 1374 619.465 754.537 248.002 145.533 89.2712 307.105 196.113 11.6023 476.222 56.2618 162.533 85.4687 21.3006 324.045 313.958
internal_count=124766 119711 49196 3385 70515 1614 1133 14097 8175 578 56418 50011 36554 45811 41073 18540 22533 6407 1771 682 7597 5922 721 13457 1089 4644 1763 481 4738 4413
is_linear=0
shrinkage=0.05


Tree=100
num_leaves=31
num_cat=0
split_feature=42 46 34 82 3 29 52 36 30 65 50 77 5 5 68 36 1 3 57 68 6 82 36 32 30 33 52 50 33 50
split_gain=17.2406 23.7861 34.6352 40.7434 37.3569 31.7686 30.7018 29.4159 29.3113 26.3459 39.3255 31.9656 23.2993 53.5897 64.4137 71.4069 56.8531 56.1834 49.0915 66.8734 78.5948 47.4377 80.663 52.4948 47.3253 40.0374 38.0358 21.2174 20.958 30.602
threshold=-45.874999999999993 0.051372950862937243 1.6718125438014459 1000.5000000000001 73.500000000000014 2568.5000000000005 0.924066481891752 0.18489295459948138 1569.5000000000002 6.1795103549957284 0.654851981153732 34.500000000000007 44.368745803833015 30.095133781433109 63.500000000000007 0.16135888746592172 0.13492064177989962 65.500000000000014 10.961058806445019 29.500000000000004 54.078571319580085 886.50000000000011 0.20475892484653438 735.35861206054699 760.50000000000011 228.06016540527347 0.93399994551666998 36.306065234766223 205.33722686767581 0.63475692854951016
decision_type=2 2 2 2 2 2 2 2 2 2 2 2 2 2 2 2 2 2 2 2 2 2 2 2 2 2 2 2 2 2
left_child=28 2 5 6 7 9 -4 -5 -8 10 -2 -11 13 17 15 -15 -16 26 19 25 -21 22 -20 -23 -19 -14 -3 -7 -1 -30
right_child=1 12 3 4 -6 27 8 -9 -10 11 -12 -13 18 14 16 -17 -18 24 21 20 -22 23 -24 -25 -26 -27 -28 -29 29 -31
leaf_value=-0.042224018551759029 0.02292141945465357 0.005819978117999329 0.16494067966932929 0.1401507902209693 -0.05552785795329325 -0.048470022669664575 -0.0040214140651439988 0.027433611147888989 0.07144106050502684 -0.022297638035307994 -0.029564680287567969 0.0060715713500289481 -0.044515199384856589 0.014343861472346457 0.037341135774305756 -0.015107234961642901 -0.035053693703330856 -0.019890254684637714 0.036470681033654577 0.011125011979686038 0.062932837971998945 0.076157775239943701 -0.006857115977840611 -0.014253604847799301 0.0020942469196513704 0.030580282011149235 0.039389337849766233 0.18410434962556768 -0.035458442198211843 0.012763812407481204
leaf_weight=50.240870596055174 308.72168781541404 195.12652645859635 3.3158693502191445 18.164177158090759 4.2412146640708661 34.775514296081383 69.855336152657401 8.4952727191848663 15.77372452476993 130.7118596759974 40.35313941212371 413.12779978988692 56.191181353060529 330.74249036144465 29.544924023706699 544.8917737386364 330.33129682615981 298.77033382887021 180.26561509998282 202.82654529088177 114.5492043037666 16.569863891694695 265.81838528547087 516.7028205881652 1354.9784689535736 25.94422770710662 148.67494901100872 1.0090923020616163 51.525958860642277 91.012648595613427
leaf_count=1662 4566 2667 81 195 114 1140 1227 115 142 2273 806 8084 1061 6785 1550 12927 8805 6390 2547 1605 2051 531 9803 17268 22960 583 2049 5 2661 2113
internal_value=0.000248736 0.000749522 0.00754709 0.0328437 0.0823048 0.00428265 0.0156602 0.104232 0.00987952 0.00613394 0.016854 -0.000746968 -0.000795938 -0.00311683 -0.011302 -0.00398304 -0.0291103 0.00194582 0.0046459 0.0194172 0.0298238 -0.00137977 0.0106519 -0.0114443 -0.00187753 -0.0207947 0.0203369 -0.0419116 -0.0144555 -0.00466794
internal_weight=5853.25 5660.47 1048.54 119.846 30.9007 928.699 88.9449 26.6594 85.6291 892.914 349.075 543.84 4611.93 3233.06 1235.51 875.634 359.876 1997.55 1378.87 399.511 317.376 979.357 446.084 533.273 1653.75 82.1354 343.801 35.7846 192.779 142.539
internal_count=124766 118330 18748 1874 424 16874 1450 310 1369 15729 5372 10357 99582 64133 30067 19712 10355 34066 35449 5300 3656 30149 12350 17799 29350 1644 4716 1145 6436 4774
is_linear=0
shrinkage=0.05


Tree=101
num_leaves=31
num_cat=0
split_feature=29 28 82 53 79 5 68 57 31 54 6 77 31 28 68 10 67 53 43 55 45 35 42 52 68 36 54 30 27 55
split_gain=17.0288 19.6528 18.7367 23.5739 17.7672 33.2163 52.0693 48.316 34.3214 32.4673 30.9177 25.8049 21.2502 25.8504 71.5222 30.2653 14.7692 18.9428 18.3364 7.41462 6.17332 12.4056 4.48065 9.75863 3.74961 0.0176516 0.0118998 0.00335427 0.00189761 0.00171995
threshold=584.50000000000011 41.31018257141114 881.00000000000011 0.94483846004817262 12.109429267534084 47.902988433837898 69.500000000000014 10.961058806445019 569.50000000000011 6.2900966267538285 46.433502197265632 4.5000000000000009 1076.5000000000002 183.81818389892581 24.500000000000004 0.3852150440216065 56.500000000000007 0.84426596343036586 270.12500000000006 9.046439857442035 0.054440829804386477 0.1297180021673561 -8.8749999999999982 0.96644783546170754 87.500000000000014 0.10889381218997744 7.5343055570081576 349.50000000000006 834.04397583007824 17.61454038304365
decision_type=2 2 2 2 2 2 2 2 2 2 2 2 2 2 2 2 2 2 2 2 2 2 2 2 2 2 2 2 2 2
left_child=27 2 19 25 12 6 10 8 -7 -8 -6 -9 13 15 -15 -3 18 -18 -14 -2 -5 -22 23 -21 -24 26 -4 -1 -27 -29
right_child=1 4 3 20 5 7 9 11 -10 -11 -12 -13 16 14 -16 -17 17 -19 -20 22 21 -23 24 -25 -26 28 -28 29 -30 -31
leaf_value=-0.050601228291154036 0.10254751193153988 -0.010780203704606126 -0.058788338230141436 0.2087209741696662 0.0043433959304572172 0.047691559511666877 0.002432053519277061 0.022599834178629249 -0.038342817889470276 -0.031913404192609955 -0.023211760725923375 -0.015318161582279582 -0.054388833246962233 -0.018204086812435471 0.017972395496555597 0.0024119988677854046 -0.00054812466339430768 -0.035351095783127659 0.043429346949844655 -0.060416371046072205 -0.055226154547995544 0.18488617454887307 0.046311339625974668 0.049853380608602636 -0.0031624835188237854 -0.051935748260239001 -0.054810556531705412 -0.051943979081722352 -0.054111100837464898 -0.055254328100209915
leaf_weight=13.855473220668502 4.3921758392825714 512.51450312428642 3.7698005829006416 0.91652090451680068 545.95587495720247 92.287716758088209 89.816653251997195 63.181364467891399 13.257275388576089 294.19590997937485 125.13043127270066 154.81285405493691 6.3099580091075067 173.31626130032237 645.35322219264344 2865.7270997560991 67.831302710808814 92.297510834992863 19.900149024557322 3.6139300153590721 1.1830330770462754 0.98650336265563954 38.107780903344974 4.5106041291728616 4.2576854117214671 2.613649063045159 3.7509377175010741 1.8898410382098512 1.6263050045818088 0.49519776785746206
leaf_count=2360 38 21846 49 4 6889 685 1207 1080 272 5946 3410 3931 290 5859 14975 44724 3890 6015 623 30 46 1 178 20 35 111 108 102 31 11
internal_value=0.000228568 0.000370955 0.0267564 -0.0230758 5.16453e-05 -0.0048991 -0.00919682 0.00911625 0.036885 -0.0238803 -0.000794525 -0.00432837 0.00160877 0.00234234 0.0103137 0.000410604 -0.0149134 -0.0206084 0.0198801 0.040237 0.0999183 0.0539546 0.0348165 0.000803533 0.0413393 -0.05535 -0.0568044 -0.0508994 -0.0527701 -0.0526313
internal_weight=5847.86 5831.62 69.7289 14.8467 5761.89 1378.64 1055.1 323.539 105.545 384.013 671.086 217.994 4383.25 4196.91 818.669 3378.24 186.339 160.129 26.2101 54.8822 3.08606 2.16954 50.49 8.12453 42.3655 11.7607 7.52074 16.2405 4.23995 2.38504
internal_count=124766 122293 651 350 121642 23420 17452 5968 957 7153 10299 5011 98222 87404 20834 66570 10818 9905 913 301 51 47 263 50 213 299 157 2473 142 113
is_linear=0
shrinkage=0.05


Tree=102
num_leaves=31
num_cat=0
split_feature=82 68 38 32 32 56 32 52 64 38 70 49 5 5 37 4 5 5 0 52 54 67 53 79 70 49 6 35 33 64
split_gain=16.888 16.7588 32.3894 33.7627 44.438 43.8362 36.9407 23.5645 21.6172 31.4036 21.4019 19.1857 28.2787 41.3471 29.9994 27.4987 53.9972 37.5967 16.8911 14.091 13.434 10.399 47.5849 10.1902 9.64375 9.12104 3.17876 1.86708 0.891567 0.339102
threshold=1512.0000000000002 6.5000000000000009 -82.124999999999986 1951.7259521484377 1315.6428833007815 10.147287575185912 1992.858581542969 0.99964451453005332 5.6875000000000009 -155.37499999999997 8.0429208320226664 1.1722428503173847 41.253728866577156 52.480197906494148 140.32952117919925 29.500000000000004 35.657545089721687 30.095133781433109 43.500000000000007 0.88562892634390222 5.7440929736139177 68.500000000000014 0.77822498951796171 87.653273809523824 15.838321432346865 1.2189681269355235 8.2054533958435076 -0.036449469123141384 54.804834365844734 12.187500000000002
decision_type=2 2 2 2 2 2 2 2 2 2 2 2 2 2 2 2 2 2 2 2 2 2 2 2 2 2 2 2 2 2
left_child=1 2 7 4 5 -4 19 8 25 -10 11 12 14 -14 -3 17 -17 -13 28 -5 -8 22 -12 -6 -24 -1 -2 -23 -9 -29
right_child=26 10 3 6 23 -7 20 18 9 -11 21 15 13 -15 -16 16 -18 -19 -20 -21 -22 27 24 -25 -26 -27 -28 29 -30 -31
leaf_value=0.012389714076432603 0.034560549630013343 -0.003667433979492095 -0.03648623414121465 0.29245154135750123 -0.054699794904757681 0.04363244174698698 0.1387260277069628 0.052435173855618591 0.036642346757390525 -0.05622847912318242 0.52208636580062906 0.0059713932099156059 0.039317592993063213 -0.014087844820075865 0.086948296435696196 -0.041244539741943448 0.0094707773661375089 -0.0028561078802269405 0.13266371065590801 0.11876055287009067 -0.055820473621207935 -0.18061590900549324 -0.055347784481477327 0.067017093866292773 0.10006155897712975 -0.04704098632198303 -0.050888484825187069 -0.055290325449927825 -0.053518061168571635 -0.025822825494208435
leaf_weight=6.9095091135241082 1.1559062076848956 230.86228566430509 24.31014091684483 2.1240046760067326 32.241494921327103 57.347391058428911 1.215733552817255 0.22142401337623541 23.519311464682687 14.849639700609258 0.43358791118953632 2187.6499372426188 142.12679080152884 48.647196599282324 9.5099165874998999 111.38595110701863 99.251914842054248 2688.5434515545494 3.8373143959324807 2.5934842417482287 3.2852639913326129 0.29491149971727892 4.5115413733292371 1.8164589419029642 1.2818598933517931 98.358699321688619 18.633206850121496 22.969259894714924 1.9217986142029984 1.0196405859896902
leaf_count=249 35 5534 478 11 1459 1286 8 1 832 598 12 28914 2230 1354 128 3255 1378 61172 34 34 146 26 208 23 4 3734 10085 1366 136 36
internal_value=0.000214226 0.000370933 -0.0116875 0.0071061 -0.00023029 0.0197804 0.0991964 -0.0273806 -0.0314296 0.000699266 0.000967612 0.00119852 0.0113255 0.0256993 -8.2377e-05 0.000340188 -0.0173476 0.00110425 0.0698653 0.196963 -0.00327285 -0.0407935 0.0168511 -0.0482081 -0.0209616 -0.0431401 -0.0458973 -0.055575 -0.0425717 -0.0540378
internal_weight=5842.83 5823.04 274.552 124.934 115.715 81.6575 9.21849 149.618 143.637 38.369 5548.49 5517.98 431.146 190.774 240.372 5086.83 210.638 4876.19 5.98054 4.71749 4.501 30.5108 6.22699 34.058 5.7934 105.268 19.7891 24.2838 2.14322 23.9889
internal_count=124766 114646 9029 3445 3246 1764 199 5584 5413 1430 105617 103965 9246 3584 5662 94719 4633 90086 171 45 154 1652 224 1482 212 3983 10120 1428 137 1402
is_linear=0
shrinkage=0.05


Tree=103
num_leaves=31
num_cat=0
split_feature=51 50 39 48 54 34 80 51 57 21 3 34 55 34 31 4 27 79 79 66 68 30 21 83 43 67 21 43 3 6
split_gain=16.5576 18.158 16.3552 24.4556 38.1302 45.9002 47.2442 39.6878 68.0833 36.833 35.8482 34.7427 41.6416 29.8288 29.3056 23.469 47.263 27.1854 27.1385 27.452 26.5517 49.5831 25.2309 25.1792 23.2376 22.9911 22.3661 18.9929 18.6902 37.3043
threshold=0.015278815064515153 4.4637965143745619 1867.1640625000002 69.722229003906264 6.797168879098769 1.1176794440209916 732.00000000000011 0.11666637500081019 10.717434085322902 1.5995864272117617 15.500000000000002 0.37939490176329832 8.3648271982432778 1.6269782593178908 772.50000000000011 29.500000000000004 1070.5639648437502 2.1748578678572579 2.038300310227688 0.95530453407656735 14.500000000000002 1664.5000000000002 3.1100636720657353 472.07389831542974 -41.874999999999993 6.5000000000000009 1.9579554796218874 -65.874999999999986 27.500000000000004 41.413593292236335
decision_type=2 2 2 2 2 2 2 2 2 2 2 2 2 2 2 2 2 2 2 2 2 2 2 2 2 2 2 2 2 2
left_child=1 -1 15 9 5 10 -7 8 -6 11 -5 12 -4 -13 -9 17 23 18 19 -2 21 -18 -22 -17 25 -19 -26 -20 29 -11
right_child=2 -3 3 4 7 6 -8 14 -10 28 -12 13 -14 -15 -16 16 20 24 27 -21 22 -23 -24 -25 26 -27 -28 -29 -30 -31
leaf_value=-0.050189235257806254 -0.02784981641654451 0.056140646531657193 0.070286787206735243 0.41987079638228136 0.21052049563822153 0.055244338636618096 -0.054282933135654368 -0.049718066236698749 -0.022473173752812662 0.41504107146993169 0.11086589232216051 -0.00903011608943864 -0.00013566048231561958 0.084249447377465342 0.0055194218814762731 0.005429526678646629 -0.051936221067646837 0.085483844909960971 0.16273189465504256 0.0044446745432709786 -0.041870573180496501 0.10533518800440012 0.036706179349559963 0.094097657553862957 0.0028283104011889789 -0.043815594845955895 0.016559329231960296 -0.05000400848717166 -0.038859630411856881 -0.0063430233432973868
leaf_weight=28.324532197962981 94.461330454825656 4.6782595118274903 32.886882934020832 1.0554996891878534 5.525044023524968 35.96964896452846 13.55626346397912 38.382014885806711 7.2492563088890165 0.53154966188594599 8.474072049953973 618.18589863670059 58.035355794505449 8.6909226504212693 64.133516162633896 22.506764836783987 10.076287528092509 3.7608913629082954 1.0726178546901781 216.91421585754142 123.78160145416041 9.9705592417158169 11.135121244704349 12.427555701928211 3824.0214067711204 40.045755098806694 321.50268895196496 48.009270762791857 129.00753303672536 44.114540301088709
leaf_count=885 4655 35 348 24 46 725 401 1745 374 4 119 12852 1687 242 2961 588 526 32 9 8420 3169 136 129 56 65889 1614 8441 1780 4758 2116
internal_value=0.000198687 -0.0351166 0.000399446 -0.00519705 0.0119294 0.0446005 0.0252645 -0.00480596 0.0782995 -0.00854654 0.145091 -0.00354757 0.0253364 -0.0077369 -0.0151616 0.00165791 -0.0155639 0.00237671 -0.0107994 -0.00535244 -0.0274074 0.0262848 -0.0353854 0.0369724 0.00351041 -0.032715 0.00389321 -0.045355 -0.0292098 -0.00132609
internal_weight=5838.49 33.0028 5805.48 1065.8 174.345 59.0555 49.5259 115.29 12.7743 891.453 9.52957 717.799 90.9222 626.877 102.516 4739.69 189.898 4549.79 360.457 311.376 154.964 20.0468 134.917 34.9343 4189.33 43.8066 4145.52 49.0819 173.654 44.6461
internal_count=124766 920 123846 28402 6395 1269 1126 5126 420 22007 143 15129 2035 13094 4706 95444 4604 90840 14864 13075 3960 662 3298 644 75976 1646 74330 1789 6878 2120
is_linear=0
shrinkage=0.05


Tree=104
num_leaves=31
num_cat=0
split_feature=29 28 13 4 68 83 82 3 42 68 67 55 5 82 53 44 52 82 67 33 44 55 79 35 55 9 57 29 32 80
split_gain=16.1651 17.8591 17.748 45.2311 38.2826 31.6269 54.7833 29.4997 22.3949 21.4733 43.724 21.8694 19.8075 17.6977 20.9672 16.3558 11.7884 33.1139 7.26294 6.18661 8.38613 6.4416 5.04028 10.5008 3.37712 1.69971 0.0144902 0.00931044 0.00266385 0.00212731
threshold=584.50000000000011 41.31018257141114 0.78089722990989696 21.500000000000004 35.500000000000007 470.31726074218756 1006.5000000000001 63.500000000000007 -64.624999999999986 93.500000000000014 128.50000000000003 6.9887509499112168 64.857501983642592 881.00000000000011 0.94483846004817262 0.45651411041188289 0.92313677069002209 1028.5000000000002 16.500000000000004 60.771087646484382 0.3265798693686105 9.046439857442035 3.0953196087504247 0.1297180021673561 11.885720533074421 57.687500000000007 13.050584420492573 1030.5000000000002 413.67492675781256 53.500000000000007
decision_type=2 2 2 2 2 2 2 2 2 2 2 2 2 2 2 2 2 2 2 2 2 2 2 2 2 2 2 2 2 2
left_child=28 13 3 5 15 6 -3 -6 16 11 -11 -10 -7 19 26 -5 17 -4 -18 21 25 -2 -16 -24 -23 -21 27 -15 -1 -30
right_child=1 2 8 4 7 12 -8 -9 9 10 -12 -13 -14 14 22 -17 18 -19 -20 20 -22 24 23 -25 -26 -27 -28 -29 29 -31
leaf_value=-0.050530337143868446 0.10627735503621188 -0.011063754505272803 -0.012273162766988765 -0.05568131027693856 0.055722616664701623 -0.036918894962309094 0.088379029796271408 -0.017521752943874751 0.018314840447463433 0.010627348066796733 -0.034110298880355737 0.0011029232701326734 0.021907770868427386 -0.054640634655571653 0.18277348126218773 0.1211446732007469 0.051599814850914888 0.40081003990719322 -0.055356143203603707 0.046900054854958836 -0.07655482462800671 -0.0025920594263677929 -0.054958254554978582 0.16113497251006403 0.046200470521885945 0.00035373166532034301 -0.052045549377766898 -0.057961475658447316 -0.056263949935059468 -0.0517455992470661
leaf_weight=12.252196230459957 4.2183164758607736 150.48364553274587 4.3508384894812471 17.333566773915667 55.718877739680465 169.91775031652651 15.253591747255994 18.24958636352676 191.83995491842506 98.555538727610838 122.49864350576536 4857.8417859202018 15.625258430954998 4.5799746741540712 0.9936306476593012 1.4144520254340012 1.6769961803802313 0.54603598039830092 29.655989263235824 5.1196294510737044 2.42935796547681 3.9517082129605106 1.1844838932156563 1.0700674057006836 34.571077157743275 3.1792570948600769 2.8401172934100023 3.9146834695711732 0.28593551227822844 2.9286666679545306
leaf_count=2269 25 4258 221 799 705 9480 339 756 2521 1819 3573 95243 510 96 1 87 27 4 1300 35 21 42 49 1 154 24 147 56 6 198
internal_value=0.000182008 0.000317694 1.63747e-05 -0.00958665 0.0214766 -0.0177855 -0.00191156 0.0376517 0.000819793 0.00108908 -0.0141643 0.00175681 -0.0319649 0.0257815 -0.0230428 -0.0423406 -0.0383565 0.0337885 -0.0496317 0.0390976 0.00515056 0.0476185 0.0889536 0.0476051 0.0411953 0.0290684 -0.0551373 -0.056171 -0.0508664 -0.0521475
internal_weight=5834.48 5819.01 5750.96 443.997 92.7165 351.28 165.737 73.9685 5306.97 5270.74 221.054 5049.68 185.543 68.0523 14.583 18.748 36.2299 4.89687 31.333 53.4693 10.7282 42.7411 3.24818 2.25455 38.5228 8.29889 11.3348 8.49466 15.4668 3.2146
internal_count=124766 122293 121642 16934 2347 14587 4597 1461 104708 103156 5392 97764 9990 651 350 886 1552 225 1327 301 80 221 51 50 196 59 299 152 2473 204
is_linear=0
shrinkage=0.05


Tree=105
num_leaves=31
num_cat=0
split_feature=82 35 57 6 32 6 5 55 54 26 5 56 66 29 40 57 36 58 49 38 68 54 14 47 36 55 48 3 32 57
split_gain=15.8383 15.8379 17.0381 21.0416 17.2684 25.6311 24.7542 20.3833 36.078 26.636 16.0608 13.0638 12.9844 11.7506 11.838 10.0553 8.99509 6.38386 5.58746 3.92867 2.56406 2.23764 2.14232 1.85452 0.229076 0.0882755 0.0194485 0.00440787 0.00285327 0.000623047
threshold=1529.5000000000002 0.49573955024041577 27.981150009880718 71.923461914062514 652.24783325195324 46.062370300292976 12.102904796600344 11.316665124598853 9.9508309332795992 42.197452545166023 17.911855697631839 10.341239640687808 1.0831737332339431 708.50000000000011 -134.87499999999997 11.885720533074421 0.075961425045819958 8.7077081979618622 1.3049724335264152 91.625000000000014 31.500000000000004 20.905081685629586 0.94834819436073314 0.33027432034618537 0.36180004500112511 16.045536599956318 92.166625976562514 121.50000000000001 1618.7813110351565 38.796328329240772
decision_type=2 2 2 2 2 2 2 2 2 2 2 2 2 2 2 2 2 2 2 2 2 2 2 2 2 2 2 2 2 2
left_child=1 2 4 13 5 19 -7 9 -9 -6 11 24 23 18 -15 -14 -5 20 -4 -1 -12 25 -18 -13 -3 -19 -26 29 -29 -2
right_child=27 10 3 16 7 6 -8 8 -10 -11 17 12 15 14 -16 -17 22 21 -20 -21 -22 -23 -24 -25 26 -27 -28 28 -30 -31
leaf_value=-0.060851262571428123 -0.050156783592658107 -0.075891635586428252 0.053483502418418552 0.033729846338352104 -0.012725527974363538 0.059687413964486472 -0.013760385893076571 0.025027839605396191 0.00046121140473256701 0.00069469051645349713 0.086532259105077697 -0.057288536884141511 0.078975779241419228 -0.035628326566315635 0.042486441719194218 0.008783764746154981 -0.065559466221027596 -0.051031624617343632 -0.057464413721881213 0.059580886496065244 -0.050415596371793575 0.048025731968733276 -0.023818710756982268 0.043927586194151241 -0.063616050767426865 -0.057938108011291845 -0.054560053834404987 -0.058812702427886637 -0.05081250554964245 -0.051768847850685321
leaf_weight=28.921643168374434 14.383949427574402 2.2600217009894541 1.4609485203400243 4.2981172911822823 403.47993521776516 12.756437875097616 113.91250352596398 228.08922776370309 433.45836269657593 4420.8233359442675 1.2320227986201633 5.5659709415049319 7.8669277571607408 5.2070672735571852 70.753543968661688 14.518498224497305 8.0780401165829954 29.253356519795489 5.0830338173545897 0.69341040239669283 0.47301100363256399 0.56683699315180902 4.962371722329407 0.4926074482500552 0.71604999946430314 5.4958591047325163 3.4461040898459032 0.2496281564235695 0.20134329749271274 0.62543297931552011
leaf_count=2501 9714 27 6 25 6503 95 4688 5974 9412 75878 2 332 34 38 370 447 253 7357 199 2 115 12 78 7 11 311 163 2 44 166
internal_value=0.000169948 0.000304345 0.000596344 0.0210708 0.000234028 -0.0161545 -0.00636368 0.000700913 0.00893133 -0.000427708 -0.023019 0.0013339 0.0158767 0.0315933 0.0371317 0.0334514 -0.0289998 -0.0459544 -0.0326952 -0.0580314 0.0485401 -0.0505165 -0.0496755 -0.0490589 -0.0630765 -0.0521239 -0.056118 -0.0503703 -0.0552409 -0.050224
internal_weight=5829.33 5813.87 5741.98 99.8431 5642.13 156.284 126.669 5485.85 661.548 4824.3 71.8873 34.8662 28.444 82.5046 75.9606 22.3854 17.3385 37.0211 6.54398 29.6151 1.70503 35.3161 13.0404 6.05858 6.42218 34.7492 4.16215 15.4604 0.450971 15.0094
internal_count=124766 114840 106022 969 105053 7286 4783 97767 15386 82381 8818 1021 820 613 408 481 356 7797 205 2503 117 7680 331 339 201 7668 174 9926 46 9880
is_linear=0
shrinkage=0.05


Tree=106
num_leaves=30
num_cat=0
split_feature=4 51 10 42 52 24 6 24 34 48 63 33 50 57 77 80 50 78 45 14 55 29 28 83 57 82 37 83 66
split_gain=15.6864 15.5326 16.9975 15.1912 21.7428 37.6035 54.1221 46.5113 32.6995 27.7065 24.3458 20.1514 28.2615 29.9916 13.1057 10.4523 8.10153 7.24918 4.81642 3.84718 3.27609 1.79745 1.27203 1.25582 0.0731224 0.0398125 0.0112981 0.00399596 0.000975792
threshold=1.0000000180025095e-35 0.015278815064515153 0.86881721019744884 -45.874999999999993 0.96531072719477906 1700.5000000000002 37.427947998046882 1309.5000000000002 1.2811499642663831 34.037017822265632 130.74317565395447 205.33722686767581 0.63475692854951016 11.661431420820049 625.50000000000011 794.50000000000011 4.4637965143745619 399.50000000000006 0.96143848876453719 0.95389875769615184 25.148031444901253 841.50000000000011 48.024406433105476 120.17728805541994 27.69658813606619 42.500000000000007 23.051571846008304 116.90050506591798 1.5707877084438817
decision_type=2 2 2 2 2 2 2 2 2 2 2 2 2 2 2 2 2 2 2 2 2 2 2 2 2 2 2 2 2
left_child=18 2 21 11 8 7 -7 -6 9 -5 -10 15 14 -14 -13 17 19 -3 20 24 25 -2 -23 -24 -4 26 -1 -27 -29
right_child=1 3 16 4 5 6 -8 -9 10 -11 -12 12 13 -15 -16 -17 -18 -19 -20 -21 -22 22 23 -25 -26 27 -28 28 -30
leaf_value=-0.067515573244093047 -0.16598834481013161 -0.055686806073609332 -0.054146332217083273 -0.00087608591076158515 0.013563386031553222 -0.004472528721449453 0.032952231753400583 -0.022904046317394768 0.0079844348318335156 0.0085297744615545398 -0.010509186270124461 -0.051559821255888753 0.03700432887720833 -0.021267589917782329 0.0046445512650839958 0.079726287383464767 0.083699020363808718 -0.0060623889291558548 0.048567614949958121 0.04991005459310361 0.031393574057141362 0.029130458802776801 0.044016428537993778 -0.05587507178727015 -0.074957921731231822 -0.055287310453919242 -0.05681601059908728 -0.050661416220297066 -0.053417296015021237
leaf_weight=0.39205816504546465 0.35667854972417146 37.202364001743263 1.7981258234940467 2423.7739725914143 190.25223295204341 153.78227963697282 259.821217721008 161.79111328959698 215.6535764556611 1156.5131925896858 1018.1185165457719 34.095418320677709 52.847256209235638 37.928939421544783 14.906614575360434 1.7178876702673722 3.7431228458881378 9.1741362968459708 1.4173860672162835 1.2370565274031831 1.2704099059337739 0.4633106006076585 0.31894315965473907 23.302432691649301 0.55152146518230427 0.48870578128844755 0.66557707777246833 18.767149491905005 0.32679412531433527
leaf_count=5 32 1352 81 45884 2673 3204 5764 3800 3749 21655 25865 1704 1065 970 894 18 6 235 62 18 20 8 2 729 3 8 36 4857 67
internal_value=0.00016041 0.000325007 -0.0345395 0.000517061 0.000987924 0.00881436 0.0190373 -0.00319622 -0.000256823 0.00216222 -0.00727665 -0.0134673 -0.00386182 0.0126566 -0.0344622 -0.041384 0.0322428 -0.0458702 -0.0407582 -0.0214574 -0.0465366 -0.0545671 -0.052917 -0.0545263 -0.0590313 -0.0513332 -0.0607823 -0.0508229 -0.0507086
internal_weight=5822.68 5799.35 31.7712 5767.58 5579.71 765.647 413.603 352.043 4814.06 3580.29 1233.77 187.873 139.778 90.7762 49.002 48.0944 7.32983 46.3765 23.3281 3.5867 21.9107 24.4414 24.0847 23.6214 2.34965 20.6403 1.05764 19.5826 19.0939
internal_count=124766 119711 879 118832 112594 15441 8968 6473 97153 67539 29614 6238 4633 2035 2598 1605 108 1587 5055 102 4993 771 739 731 84 4973 41 4932 4924
is_linear=0
shrinkage=0.05


Tree=107
num_leaves=31
num_cat=0
split_feature=70 46 53 76 34 40 56 33 33 30 0 45 57 36 4 0 51 13 39 31 27 82 4 24 30 83 53 82 27 79
split_gain=15.5234 17.9503 16.5931 24.7704 15.8202 37.4911 34.6468 28.7867 40.9244 25.1146 32.29 22.3156 29.6508 25.6871 49.2927 31.9567 22.9844 53.5733 34.6853 32.8316 24.0479 49.6461 27.2344 21.5557 18.9533 17.9133 14.1258 19.4516 12.47 10.3797
threshold=8.0429208320226664 0.31295201941566381 0.93265290966172254 995.55819476828151 0.17524331478851038 38.375000000000007 8.5973202492459251 279.25515747070318 281.41983032226568 1258.5000000000002 32.500000000000007 0.6936498147475747 9.4051055648739563 0.13986362474734571 27.500000000000004 26.500000000000004 5.1057744696814717 0.92513287067413341 245.21875000000003 521.50000000000011 1063.8960571289065 897.00000000000011 3.5000000000000004 1193.5000000000002 1053.5000000000002 471.98999023437506 0.77296192137250785 990.00000000000011 1043.3280029296877 223.37500000000003
decision_type=2 2 2 2 2 2 2 2 2 2 2 2 2 2 2 2 2 2 2 2 2 2 2 2 2 2 2 2 2 2
left_child=4 -2 26 -4 5 6 25 -7 -9 24 -11 16 23 14 -14 -15 20 19 -19 -18 21 -6 -22 28 -8 -1 27 -3 -13 -28
right_child=1 2 3 -5 11 7 9 8 -10 10 -12 12 13 15 -16 -17 17 18 -20 -21 22 -23 -24 -25 -26 -27 29 -29 -30 -31
leaf_value=-0.0053125372595745138 -0.045261782017101265 -0.05422405524700577 -0.05532122922057589 0.1382079272005593 0.014371651980628983 -0.033400458389859652 0.014392001954331683 0.34894537036989781 -0.017592123411209328 -0.022622475826258665 0.084147838413403842 -0.015628225386907734 0.024075335495287016 0.011530311783696227 -0.034031316185046061 -0.0013150415689128028 -0.047884103387047655 0.042847855592940909 -0.011377229718404443 0.0089312836334673445 0.012751488482276094 -0.015331622585575383 -0.0098333264652828191 -0.055808943796412505 -0.055311502473962895 0.13236229579632958 -0.037308523252720667 0.3449671580719143 0.097045526483379524 0.10793794181026835
leaf_weight=3.0013687424361697 39.658443284250097 0.60081764686038386 2.518088320241076 4.8150203502736986 387.74493677823921 44.217117884982144 68.260913635283941 1.2247550403699272 2.0134410975442734 9.7482625766424444 25.882310941960895 6.7180950699839723 287.71665994729847 644.66102201287868 41.800740402220981 1945.0369034514879 47.380310729960911 116.8006158703356 39.451740801712731 54.878748830262339 145.6385805804457 220.77143581048585 1599.2547717624402 35.200988515338395 11.378096551517954 11.103041501715778 17.348773240810264 0.6201422184240073 3.8703010082244873 1.3238923326134671
leaf_count=37 2200 66 403 29 5982 1799 909 5 133 567 454 48 5594 20739 777 32800 1836 1569 859 1474 7435 3145 33840 793 297 44 918 3 6 5
internal_value=0.000149328 -0.0237998 0.00746183 0.0717527 0.000427727 0.0151516 0.0290952 -0.0228619 0.12104 0.0200442 0.0549363 -3.91262e-05 0.00292942 0.00355564 0.0167042 0.00188259 -0.00340897 0.010743 0.0291567 -0.0173933 -0.00496349 0.00359522 -0.00794827 -0.0369939 0.0044334 0.103066 -0.0162368 0.148531 0.0255566 -0.0270105
internal_weight=5820.64 66.8852 27.2267 7.33311 5753.76 176.829 129.374 47.4553 3.2382 115.27 35.6306 5576.93 2965 2919.22 329.517 2589.7 2611.92 258.511 156.252 102.259 2353.41 608.516 1744.89 45.7894 79.639 14.1044 19.8936 1.22096 10.5884 18.6727
internal_count=124766 3624 1424 432 121142 4245 2308 1937 138 2227 1021 116897 60757 59910 6371 53539 56140 5738 2428 3310 50402 9127 41275 847 1206 81 992 69 54 923
is_linear=0
shrinkage=0.05


Tree=108
num_leaves=31
num_cat=0
split_feature=33 33 36 67 40 33 56 82 32 73 40 6 50 80 3 5 58 61 36 50 0 35 2 6 28 66 80 34 82 27
split_gain=15.3324 18.7759 26.8284 21.9823 24.0821 21.52 35.6696 34.0452 48.3527 40.3827 23.8418 62.0493 41.2062 23.8766 59.8112 46.1923 21.3499 18.5619 17.2213 13.8802 10.7442 15.1652 10.669 16.8329 8.67192 7.96169 7.75753 4.02052 1.58955 0.300966
threshold=454.01541137695318 403.48892211914068 0.31100776445252581 152.50000000000003 -317.12499999999994 323.81631469726568 9.2636512280247079 1018.5000000000001 1924.163269042969 0.11413803516417084 -264.62499999999994 43.527557373046882 0.38891570130173603 769.50000000000011 109.50000000000001 44.665311813354499 9.8140844259719255 0.22500000000000003 0.4378602030310747 0.016700277282849195 11.500000000000002 0.37559133906044712 7.5000000000000009 44.159952163696296 259.49601745605474 1.5707821942083353 240.50000000000003 0.61512409759339015 41.500000000000007 1620.288024902344
decision_type=2 2 2 2 2 2 2 2 2 2 2 2 2 2 2 2 2 2 2 2 2 2 2 2 2 2 2 2 2 2
left_child=1 5 20 4 -4 10 26 9 -9 -8 11 19 -13 15 -15 -12 -5 -18 -6 -1 21 24 23 -2 -3 28 -7 -27 -25 -22
right_child=22 2 3 16 18 6 7 8 -10 -11 13 12 -14 14 -16 -17 17 -19 -20 -21 29 -23 -24 25 -26 27 -28 -29 -30 -31
leaf_value=0.11815563460287681 0.090436658980653617 0.081675783017034931 -0.056487527721311749 -0.05970764516871481 0.082285893588292552 0.065623637885062147 0.031268218278052561 0.12990838999747636 -0.053026425769768161 -0.025784200086267636 -0.004636610042430535 0.10500000706137386 -0.053458037689712551 0.0097262603661999944 -0.066033565345869225 0.0064185992774047143 0.27097362296756494 0.021098004135802356 -0.053756830169807202 -0.056344501545122272 -0.074744399715126739 0.11773747314007209 -0.051729171312093328 0.044883004879971648 -0.052616359348299585 0.081132562904749836 -0.054849624669288846 -0.050905638975973777 -0.052263330426003465 -0.052858388474052512
leaf_weight=1.2346439845860029 3.9502468206919756 1.5245369969052278 3.9886157111614002 8.8691592327086237 33.849960437277332 1.3727630673674855 41.621636609401321 10.264524191152303 5.5735468851635224 121.7238522063999 3084.415559877496 24.999798212811587 4.9082377999438895 906.1279390216223 26.823422898072749 1362.1635315898166 0.75652758928481389 42.238444999267813 2.4979100508789989 14.800563091877846 1.8075579298892979 2.5458671129308641 24.062621589197079 0.44001812115311523 5.6845544771058485 2.1348872280213977 50.214355478354264 0.78982613544212643 9.7813824146869575 11.993134249292778
leaf_count=5 11 24 279 431 322 31 1356 78 171 5485 59876 337 219 13612 352 32299 6 1714 229 413 31 29 3359 3 267 19 1712 129 1379 588
internal_value=0.000137217 0.000354056 0.0202883 0.0324551 0.0601388 -5.39023e-05 -0.0150078 -0.00446032 0.0655321 -0.0112468 0.000582158 0.0364481 0.0789953 0.000275849 0.00754808 -0.00124996 0.0109245 0.0254947 0.0729367 -0.0429087 -0.0273345 0.0128305 -0.0302716 -7.07105e-05 -0.024217 -0.0272671 -0.0516438 0.0454753 -0.0480813 -0.0557249
internal_weight=5813.16 5772 115.756 92.2006 40.3365 5656.24 230.771 179.184 15.8381 163.345 5425.47 45.9432 29.908 5379.53 932.951 4446.58 51.8641 42.995 36.3479 16.0352 23.5557 9.75496 41.159 17.0964 7.20909 13.1461 51.5871 2.92471 10.2214 13.8007
internal_count=124766 119866 3920 2981 830 115946 8833 7090 249 6841 107113 974 556 106139 13964 92175 2151 1720 551 418 939 320 4900 1541 291 1530 1743 148 1382 619
is_linear=0
shrinkage=0.05


Tree=109
num_leaves=31
num_cat=0
split_feature=53 34 80 10 25 30 66 57 48 83 35 72 52 66 29 51 51 68 55 49 65 66 49 49 14 57 33 24 14 58
split_gain=15.7482 19.1018 31.0683 42.2767 66.6403 75.2314 31.2774 35.5684 29.227 26.7473 26.2905 28.0439 25.3881 24.1155 45.8678 45.6289 37.9114 24.1245 24.3298 23.641 22.8504 17.0958 18.0681 14.407 12.6575 11.0465 7.73735 7.01959 10.9693 10.0494
threshold=0.73823532526764934 0.56956237242441532 198.50000000000003 0.5280338227748872 1233.148132324219 971.50000000000011 0.24497594822749644 9.9508309332795992 6.5555496215820321 482.72317504882818 0.073868422294044764 1.9615485194281399 0.82044331490131006 0.78538534305556651 2445.5000000000005 0.65191467236401579 0.65908881199136926 5.5000000000000009 9.6818148237684394 2.0016851890762273 5.4988608360290536 0.82498130800252423 1.202800974645635 1.3894517444398236 0.97188103199005138 27.69658813606619 229.43912506103518 623.50000000000011 0.90271043777465831 10.162000484334856
decision_type=2 2 2 2 2 2 2 2 2 2 2 2 2 2 2 2 2 2 2 2 2 2 2 2 2 2 2 2 2 2
left_child=24 2 21 6 12 -6 7 -4 9 10 11 -3 -5 14 16 -16 -10 18 -15 -12 -19 22 -2 -8 25 -1 -26 28 -23 -29
right_child=1 8 3 4 5 -7 23 -9 13 -11 19 -13 -14 17 15 -17 -18 20 -20 -21 -22 27 -24 -25 26 -27 -28 29 -30 -31
leaf_value=-0.055802789657172697 0.026252602530173808 -0.0012708606844023041 0.13741644671197942 -0.046205409151419893 0.094946209904349987 0.015646480062612947 -0.043344071509844873 -0.053071025901077366 -0.031449647762588982 -0.053416603260171704 -0.01474189237444478 0.049401407020261308 -0.0020889183629470491 -0.037092833706496735 0.074550685188651419 0.00057553856550854484 -0.0044395230296987954 0.012843618568728008 0.0072281460137482312 0.046452374352901608 0.0016332244786032405 -0.052295112557206175 -0.048139539719134372 0.026895566763940282 0.042690059761117012 0.0097940493293656641 -0.022909199196712072 0.20772110631252461 0.044566001437321721 0.043285028458487862
leaf_weight=30.752193053776864 23.058384501287946 116.87199454649817 5.7707652733661217 41.955416792770848 35.815396089921705 181.34771861397894 78.024201682535931 4.2593668751069345 182.96573283229372 33.662127905234229 529.10431641130708 35.628564341925085 146.42606568301562 74.960434888082091 31.236731744080316 62.661389578221133 448.05190101731569 535.9388104317477 52.756586445175344 16.268058200192172 2993.613125929056 4.9992537135258299 12.634185852366498 8.0540313135716115 8.6488907296443376 8.1107245247112569 9.3593375016353075 0.93906011700164427 7.0377382156439126 88.075366226723418
leaf_count=2333 451 1496 31 734 239 3186 4268 223 5054 3548 8918 393 1793 2280 667 1811 11039 8767 2089 359 62537 205 239 289 91 165 363 45 31 1122
internal_value=0.000126395 0.000385257 0.00854012 0.00278127 0.00984738 0.0287249 -0.0270353 0.0565246 -0.000632796 -0.00988449 -0.00778471 0.0105677 -0.0119143 0.000911626 -0.00741957 0.0251846 -0.0122712 0.00256297 -0.018785 -0.0129165 0.00333545 0.0296668 -8.01648e-05 -0.036772 -0.0260556 -0.0421127 0.00859644 0.0401738 0.00433724 0.0450198
internal_weight=5808.99 5752.12 638.397 501.653 405.545 217.163 96.1084 10.0301 5113.72 731.535 697.873 152.501 188.381 4382.18 724.916 93.8981 631.018 3657.27 127.717 545.372 3529.55 136.744 35.6926 86.0782 56.8711 38.8629 18.0082 101.051 12.037 89.0144
internal_count=124766 121814 12856 10763 5952 3425 4811 254 108958 14714 11166 1889 2527 94244 18571 2478 16093 75673 4369 9277 71304 2093 690 4557 2952 2498 454 1403 236 1167
is_linear=0
shrinkage=0.05


Tree=110
num_leaves=31
num_cat=0
split_feature=4 51 10 82 53 57 54 35 14 57 5 67 48 49 66 25 83 79 38 83 82 0 57 5 38 24 64 80 64 83
split_gain=15.0044 14.8769 15.3549 14.494 14.5102 18.579 21.5622 14.9616 11.8488 10.6628 7.99495 7.04567 4.35921 3.19111 1.89352 1.72781 1.79178 1.55382 0.0918572 0.0612839 0.028831 0.024212 0.00505683 0.00360044 0.00301125 0.00284749 0.0016898 0.000926858 0.000600122 0.000443799
threshold=1.0000000180025095e-35 0.015278815064515153 0.86881721019744884 1529.5000000000002 0.73823532526764934 23.379610471963918 10.468140260370577 0.12554427037492921 0.97188103199005138 27.69658813606619 13.836294174194338 271.50000000000006 -86.611145019531236 1.0564703576992096 0.37846717992882417 787.05557250976574 145.35356903076175 36.007352941176478 -59.874999999999993 131.27776336669925 42.500000000000007 32.500000000000007 36.044225032834582 3.4418052434921269 -9.1249999999999982 1676.5000000000002 17.062500000000004 772.00000000000011 17.062500000000004 852.71075439453136
decision_type=2 2 2 2 2 2 2 2 2 2 2 2 2 2 2 2 2 2 2 2 2 2 2 2 2 2 2 2 2 2
left_child=12 2 15 4 8 6 -6 -7 9 -3 -10 19 -1 18 -13 -2 -17 -16 -14 -4 24 -18 26 25 -15 -5 -22 -21 -25 -30
right_child=1 3 11 23 5 7 -8 -9 10 -11 -12 14 13 20 17 16 21 -19 -20 27 22 -23 -24 28 -26 -27 -28 -29 29 -31
leaf_value=0.045739002304699898 -0.12542471562369323 -0.055195746853138883 -0.074060869096979828 -0.058485998687005152 0.00087081013103458929 0.028082561332799606 -0.013413730106297587 0.0050455571773107971 -0.065459489327584622 0.0098060598753180479 0.023713539695600888 0.090037931839515084 0.050125597724965887 -0.056618172395323602 -0.0093367359714166022 0.0154591131997252 -0.052250949839818928 0.063995377303371917 0.021751379476525376 -0.051981305401940396 -0.050636635568412885 -0.055829549769710156 -0.055734200020812266 -0.050161180352169155 -0.062135330942803116 -0.050691199922800113 -0.055191071154370691 -0.054847733128510247 -0.050078642115004249 -0.054382887883780401
leaf_weight=1.3641005792305829 0.82350024429616198 29.055066745495424 0.4868369959294786 0.23893021792173286 5078.5554719122301 104.12400710151996 278.67614899616456 218.12651013222057 3.028972992324273 8.0589270724449289 14.771559195185544 2.4693636894226074 0.49780117627233267 0.46310349169652909 1.3292206458281726 0.95151118561625736 7.0268950129393515 1.5821910221129656 0.66799162904499343 0.75860659999307223 18.014719902974328 14.438275322987463 0.51039849815424432 13.281869341502894 0.53077506198315205 0.22989773418521509 0.20598895166767661 0.4488908015191555 0.10060476546641517 0.14796740270685405
leaf_count=29 39 2249 3 2 93778 1042 10093 1787 52 150 398 2 7 23 44 7 416 3 35 49 4910 309 29 9142 17 57 5 7 79 3
internal_value=0.00011572 0.000273526 -0.0346608 0.00045776 0.00058181 0.000829127 0.000127747 0.0124892 -0.0249966 -0.0410813 0.00853968 0.0298326 -0.0408605 -0.0465152 0.0578316 -0.0542948 -0.0516818 0.0305152 0.0338674 -0.0590849 -0.051266 -0.054658 -0.0508256 -0.050356 -0.0595646 -0.0546637 -0.0506881 -0.0530469 -0.0502067 -0.0526408
internal_weight=5800.97 5778.71 30.3153 5748.4 5734.4 5679.48 5357.23 322.251 54.9145 37.114 17.8005 7.07511 22.2549 20.8908 5.38078 23.2402 22.4167 2.91141 1.16579 1.69433 19.725 21.4652 18.7311 13.9993 0.993879 0.468828 18.2207 1.2075 13.5304 0.248572
internal_count=124766 119711 879 118832 109549 106700 103871 2829 2849 2399 450 108 5055 5026 49 771 732 47 42 59 4984 725 4944 9283 40 59 4915 56 9224 82
is_linear=0
shrinkage=0.05


Tree=111
num_leaves=31
num_cat=0
split_feature=13 83 21 83 47 31 51 39 49 36 24 82 30 77 54 6 66 33 79 5 33 68 57 14 6 41 21 79 68 40
split_gain=14.6276 32.1485 44.6971 43.8362 36.0892 45.8362 30.9647 30.9203 24.3991 48.1497 24.0709 47.035 35.1785 32.0091 23.7268 20.7034 19.6465 19.2221 18.3168 29.5412 46.5135 45.1128 41.264 33.5899 31.1436 29.2246 23.6951 29.7386 44.8405 30.3633
threshold=0.78089722990989696 470.31726074218756 2.2340594530105595 468.36521911621099 0.07806290213553084 605.50000000000011 0.2912612875887573 -758806.34374999988 1.276255195988911 0.16559458532873642 1260.5000000000002 1006.5000000000001 1996.5000000000002 177.50000000000003 5.969607038068319 46.234031677246101 1.5707841386061838 454.01541137695318 12.109429267534084 48.76353836059571 170.92395782470706 69.500000000000014 10.839930979483263 0.92990806698799144 46.062370300292976 19.625000000000004 1.5995864272117617 10.954836829836831 23.500000000000004 -247.62499999999997
decision_type=2 2 2 2 2 2 2 2 2 2 2 2 2 2 2 2 2 2 2 2 2 2 2 2 2 2 2 2 2 2
left_child=1 2 10 7 -5 -6 8 -4 -3 -10 11 14 -12 -13 -1 -14 -9 18 26 21 22 24 -21 -23 -20 -22 -2 29 -29 -28
right_child=17 6 3 4 5 -7 -8 16 9 -11 12 13 15 -15 -16 -17 -18 -19 19 20 25 23 -24 -25 -26 -27 27 28 -30 -31
leaf_value=0.03163966810049007 0.0048966331208820622 -0.031550544164618076 0.23800360989010341 -0.05473047340157277 0.47950483201934424 0.14342244306245425 -0.029948464791725568 -0.00026774632788135989 0.14229862008664826 -0.0039909627279896926 -0.036311308186142262 0.064676635323725362 0.097663640788548098 0.31005026202076136 -0.018348085708587199 -0.051682991223331309 0.12631014089109252 -0.036965072223033781 0.005344542623242186 0.059866643863228014 -0.034785007149832813 -0.0079736976239487018 0.0088613050909401216 -0.03824152684308358 -0.022019810549348953 0.068910735361387934 0.020136268458940447 0.1867253176433416 -0.00022106661337429817 -0.008305274972150339
leaf_weight=42.27654363043257 3057.1328482635727 14.82496121060103 1.6851569560822124 1.3428464038297523 1.4053514655679462 3.6479138657450676 190.75275978178252 22.470781566866211 8.9078440013399831 15.261701741896102 75.470126518601319 3.8610594553174442 8.5003712717443687 2.0267847739160061 54.136023939296138 3.1919184527359894 3.5498520826222366 33.411840004788246 524.21179859191761 55.483861289685592 63.873406946193427 198.46489549247781 138.97953860092093 170.32725210225908 129.70425679750042 7.6034711538813999 105.55709022909286 5.0879213807638726 8.6791893658228201 845.29923643424991
leaf_count=370 53995 1151 21 29 21 35 10313 730 66 367 2667 49 42 8 1637 180 31 4693 6177 350 1478 3712 2683 2473 2900 177 3698 83 223 24407
internal_value=0.000109201 -0.00851417 0.00498401 0.0576804 0.175665 0.23689 -0.0216491 0.0304427 0.0189496 0.049925 -0.00450094 0.0119496 -0.0238085 0.149142 0.00357135 0.056893 0.0170006 0.000840715 0.00107858 -0.00410909 0.0107366 -0.00796949 0.023414 -0.0219529 -8.31771e-05 -0.0237542 0.00274081 -0.00409154 0.0688688 -0.0051479
internal_weight=5797.13 453.312 223.565 34.1019 6.39611 5.05327 229.747 27.7058 38.9945 24.1695 189.463 102.3 87.1624 5.88784 96.4126 11.6923 26.0206 5343.82 5310.4 1288.65 265.94 1022.71 194.463 368.792 653.916 71.4769 4021.76 964.623 13.7671 950.856
internal_count=124766 17717 5820 867 85 56 11897 782 1584 433 4953 2064 2889 57 2007 222 761 107049 102356 19950 4688 15262 3033 6185 9077 1655 82406 28411 306 28105
is_linear=0
shrinkage=0.05


Tree=112
num_leaves=31
num_cat=0
split_feature=29 33 82 57 13 4 35 39 83 5 83 71 42 68 33 55 52 82 39 6 57 65 68 45 58 55 30 55 68 13
split_gain=14.585 16.2022 24.436 44.9048 19.576 43.3851 34.2288 28.6538 30.3026 27.5965 27.0002 23.8701 19.8057 18.958 39.4324 19.189 11.3085 20.8061 10.4851 7.2297 7.01384 3.64595 3.19709 2.99253 2.4975 2.03671 0.0024837 0.00118764 0.000444997 0.000245796
threshold=584.50000000000011 60.771087646484382 886.50000000000011 10.147287575185912 0.78089722990989696 21.500000000000004 0.10978673199266489 -700049.21874999988 469.32780456542974 41.253728866577156 138.637565612793 3.8070156477299117 -64.624999999999986 93.500000000000014 132.42273712158206 6.9887509499112168 0.92313677069002209 1028.5000000000002 15158.906250000002 30.724956512451175 18.775574591687082 9.8172445297241229 65.500000000000014 0.51472420308889888 18.692428935078585 25.148031444901253 349.50000000000006 17.61454038304365 5.5000000000000009 0.98685738444328319
decision_type=2 2 2 2 2 2 2 2 2 2 2 2 2 2 2 2 2 2 2 2 2 2 2 2 2 2 2 2 2 2
left_child=26 2 19 -4 5 7 11 8 -3 -8 -9 -7 16 15 -15 -14 17 -6 25 -2 22 -18 -21 -20 -22 -5 29 28 -28 -1
right_child=1 4 3 18 12 6 9 10 -10 -11 -12 -13 13 14 -16 -17 21 -19 23 20 24 -23 -24 -25 -26 -27 27 -29 -30 -31
leaf_value=-0.050504416161068932 0.077561444699683013 0.10023711938578367 0.11917689557665945 -0.054274753713702995 -0.010198775209969483 -0.055814221246976305 -0.0049080935511284542 0.018269993805032393 -0.052413478675844873 0.068552616355079435 -0.027279375819195692 0.031071643794184502 0.017069099147300138 0.018305792967518653 -0.02767457823123089 0.00098690613324573374 -0.05445806553637636 0.27771463849682892 -0.0031554378985387934 0.051484370094509048 0.048204547813922749 0.0067194746650717802 -0.068949847406512207 0.11258902632342759 0.021553007976663138 0.04774112392779465 -0.053286366623764514 -0.054689844359002551 -0.051335232340358708 -0.052206193274139001
leaf_weight=11.717358708643584 11.576645668596028 9.7865577116026525 5.2466196594759849 22.144770895247355 4.1759095450397572 19.401672824518755 19.317713238910073 36.811856026761234 4.8682548167416817 37.801754030166194 279.98456368979532 13.340132967306998 192.89133926376235 67.516416496335296 150.71459140005754 4828.8388088174397 26.707828335405797 0.73845148610416789 1.0086467283836094 0.72325125150382463 24.542403900064528 2.6797358011535826 2.314526992617175 1.2511397560592739 13.695486919488756 0.50030572264222328 0.37914198264479582 0.44598079938441504 1.2747883202973751 0.21609551028814244
leaf_count=2346 33 163 21 999 221 1060 460 268 243 230 13586 563 2515 1121 4273 94833 1238 4 45 6 105 89 114 6 85 12 9 11 93 14
internal_value=9.72809e-05 0.00022092 0.0221523 -0.0137658 -9.86943e-05 -0.0104702 0.0203448 -0.0188246 0.0495274 0.0437083 -0.0219865 -0.0204139 0.000729791 0.000977693 -0.0134491 0.00160464 -0.0371396 0.0330642 -0.0417724 0.0426431 0.0328495 -0.0488795 -0.0402762 0.0609269 0.0386589 -0.0520209 -0.0508143 -0.0524 -0.0517825 -0.0505352
internal_weight=5792.61 5778.58 83.0038 30.1515 5695.58 421.313 89.8613 331.451 14.6548 57.1195 316.796 32.7418 5274.26 5239.96 218.231 5021.73 34.3019 4.91436 24.9049 52.8523 41.2757 29.3876 3.03778 2.25979 38.2379 22.6451 14.0334 2.09991 1.65393 11.9335
internal_count=124766 122293 1426 1083 120867 16573 2313 14260 406 690 13854 1623 104294 102742 5394 97348 1552 225 1062 343 310 1327 120 51 190 1011 2473 113 102 2360
is_linear=0
shrinkage=0.05


Tree=113
num_leaves=31
num_cat=0
split_feature=35 13 29 58 57 2 0 54 21 21 2 4 24 35 35 5 5 3 68 68 5 6 57 39 5 37 67 29 66 5
split_gain=14.1687 15.6567 42.4084 38.8452 29.9642 26.6562 21.9608 19.098 20.5822 15.7593 39.6926 32.322 78.7627 32.319 32.2929 29.4437 20.0499 49.0566 46.5022 46.2903 109.795 42.2518 38.1886 18.5545 15.1303 11.3005 10.732 10.5774 10.8416 9.63083
threshold=0.49573955024041577 0.99513158202171337 1843.5000000000002 10.76103934674296 10.717434085322902 6.5000000000000009 40.500000000000007 5.7440929736139177 2.2340594530105595 1.0000000180025095e-35 22.500000000000004 19.500000000000004 1309.5000000000002 0.27979519754585974 0.28706097591079049 10.341239452362062 44.368745803833015 41.500000000000007 30.500000000000004 64.500000000000014 29.742250442504886 62.292842864990241 10.961058806445019 26079.992187500004 17.911855697631839 29.135458946228031 116.50000000000001 1886.5000000000002 1.0831737332339431 18.276414871215824
decision_type=2 2 2 2 2 2 2 2 2 2 2 2 2 2 2 2 2 2 2 2 2 2 2 2 2 2 2 2 2 2
left_child=1 9 3 4 -3 -6 -5 -4 25 10 11 15 -13 23 -15 -1 19 22 -19 21 -21 -11 -18 -12 27 -9 -10 28 -2 -8
right_child=24 2 7 6 5 -7 29 8 26 16 13 12 -14 14 -16 -17 17 18 -20 20 -22 -23 -24 -25 -26 -27 -28 -29 -30 -31
leaf_value=0.035545878516188567 -0.04914556659204973 -0.06641408815437698 0.19730810388739786 -0.055761765906930785 0.23972380648596295 0.070436326554148262 0.045316111431666709 0.076883109455560039 0.069885889094280992 0.0016248910138312489 -0.035014422438861603 0.0663242324758508 -0.03735642975662725 0.15956392047262083 -0.0012288286272553175 -0.013588131229702009 0.01604775072540111 -0.056421527010951246 0.050688399219457461 0.0021875608976708026 -0.03217504004611399 0.058436087430714781 -0.0020067655122112823 0.033397791537533951 -0.045929874554803768 -0.054726714796486442 -0.060812161973837625 -0.048224345653405665 0.033103429415098556 -0.055752085648464268
leaf_weight=35.693061769823544 4.9765841129119535 3.7985680282581589 0.96031145006418128 12.256206685560757 2.4646724686026564 41.136242683394812 15.926145727047698 1.7269478423986608 6.7170958286151272 2501.6931654270738 178.14752948563546 52.403177712811157 28.161145212186966 4.3461247803643337 11.09169295511674 209.19776922016172 411.88140730705345 11.388354175724087 91.955088310409337 638.86071519032703 365.43111300427699 33.161691542773042 1013.8010044499533 10.495005237171425 34.369130284932908 29.365552515140735 2.0500228357268497 8.1921892436221224 20.555383057217114 2.7665316020138553
leaf_count=167 276 39 2 924 36 296 82 13 37 45114 2554 193 441 21 166 4608 5703 296 626 10801 10619 1327 30296 126 7797 1047 135 357 388 279
internal_value=9.0071e-05 0.000360129 0.0182937 0.0398233 0.0682718 0.0800058 -0.00374671 -0.0230296 -0.028338 -2.16537e-05 -0.00822916 0.00261091 0.0300828 -0.0255163 0.0440383 -0.0064268 0.000835887 0.00562045 0.038885 -0.0012312 -0.0103159 0.00236811 0.00320921 -0.0312084 -0.0225831 -0.0474168 0.0393247 0.00121022 0.0170718 0.0303579
internal_weight=5784.97 5716.88 119.168 78.3484 47.3995 43.6009 30.9489 40.8199 39.8596 5597.71 529.536 325.455 80.5643 204.08 15.4378 244.891 5068.17 1529.03 103.343 3539.15 1004.29 2534.85 1425.68 188.643 68.0933 31.0925 8.76712 33.7242 25.532 18.6927
internal_count=124766 115948 2890 1656 371 332 1285 1234 1232 113058 8276 5409 634 2867 187 4775 104782 36921 922 67861 21420 46441 35999 2680 8818 1060 172 1021 664 361
is_linear=0
shrinkage=0.05


Tree=114
num_leaves=31
num_cat=0
split_feature=4 51 10 44 24 41 55 66 65 66 51 32 56 3 33 10 40 82 67 40 65 65 25 80 79 55 50 52 82 0
split_gain=13.9098 13.8193 14.6044 14.0127 58.4616 55.7343 56.9778 43.2353 31.5796 22.7515 19.5724 26.2751 69.3454 42.8186 25.0433 48.473 22.1209 16.0025 6.46623 4.32895 2.98289 1.66353 1.6156 1.52068 1.488 0.19977 0.789309 0.0449717 0.0257028 0.0217629
threshold=1.0000000180025095e-35 0.015278815064515153 0.86881721019744884 0.0053213778845970323 1610.5000000000002 -33.124999999999993 8.3648271982432778 0.94177419802361084 1.0000000180025095e-35 1.0303700392247079 0.66666303705680663 1020.3906555175782 9.6818148237684394 91.500000000000014 327.10940551757818 0.86881721019744884 -264.62499999999994 990.00000000000011 271.50000000000006 -333.62499999999994 1.0000000180025095e-35 2.7740485668182377 787.05557250976574 63.500000000000007 36.007352941176478 34.833374154000985 17.799110060515378 0.76099787535314756 42.500000000000007 32.500000000000007
decision_type=2 2 2 2 2 2 2 2 2 2 2 2 2 2 2 2 2 2 2 2 2 2 2 2 2 2 2 2 2 2
left_child=19 2 22 4 7 17 -7 8 -3 -9 11 12 -5 -13 16 -16 -12 -6 27 -1 25 -20 -2 -24 -23 26 -21 -4 -22 -25
right_child=1 3 18 10 5 6 -8 9 -10 -11 14 13 -14 -15 15 -17 -18 -19 21 20 28 24 23 29 -26 -27 -28 -29 -30 -31
leaf_value=0.048898175990021317 -0.12396684340810238 0.14324843411472385 -0.071270206941855471 0.029253366122358633 0.00096511833686108812 -0.00299060502480602 0.048129685908837351 0.034731394734784593 -0.037407003093115607 -0.002237709672370906 0.04125330940442172 -0.014901266544654949 -0.011380134012486283 0.010323143545907017 -0.024816471860995313 0.042494911618612588 0.0021222712640575126 -0.045424928283592882 0.086316892808624091 -0.050888811213230495 -0.059214866612680245 -0.0088441196781371811 0.0071070665814749927 -0.052049175316686659 0.063478697446438845 0.055794754280280516 0.055493231197838479 -0.052924424561139764 -0.05080602046902704 -0.055554374621594342
leaf_weight=1.2711369137396129 0.79512988956412911 2.475918384268879 0.47163115488365193 174.85496801463887 74.941044827864971 76.73638330004178 188.16974750926602 48.756736720213667 105.31558755272999 284.20633717125747 36.528689114260487 825.01432014271268 262.8270539563091 211.33749805547995 184.16675059229601 31.290513080952223 3196.6192557971808 24.722597367363051 2.437143087387085 0.28630208160029968 0.95830956893041985 1.320554468606133 1.056374898180368 6.5317620589339667 1.5412703473120928 0.46535921096801758 0.44595158100128174 1.1450859821343327 17.574367959372466 13.750314864795653
leaf_count=94 39 31 4 1325 2106 1448 4054 661 2779 5050 735 20260 5975 2719 8518 1508 60907 756 2 54 41 44 8 415 3 1 1 55 4864 309
internal_value=8.08771e-05 0.000229049 -0.0341701 0.000403504 0.00651777 0.0213303 0.0333215 -0.00573437 -0.0332574 0.00317578 -0.000596765 -0.00541914 0.00485304 -0.00975739 0.00146446 -0.0150409 0.00256438 -0.0105424 0.0292537 -0.0405368 -0.0462987 0.0559591 -0.053987 -0.0513793 0.0301062 0.0301786 0.0138992 -0.0582763 -0.0512408 -0.0544255
internal_weight=5778.01 5757.01 29.0493 5727.96 805.324 364.57 264.906 440.755 107.792 332.963 4922.64 1474.03 437.682 1036.35 3448.61 215.457 3233.15 99.6636 6.91569 21.0014 19.7303 5.29897 22.1336 21.3385 2.86182 1.19761 0.732254 1.61672 18.5327 20.2821
internal_count=124766 119711 879 118832 16885 8364 5502 8521 2810 5711 101947 30279 7300 22979 71668 10026 61642 2862 108 5055 4961 49 771 732 47 56 55 59 4905 724
is_linear=0
shrinkage=0.05


Tree=115
num_leaves=31
num_cat=0
split_feature=82 34 48 44 44 37 14 71 1 48 54 49 36 6 14 40 30 5 49 1 83 68 66 66 34 3 68 67 37 48
split_gain=13.8457 13.8496 30.263 49.4191 50.638 51.422 41.3098 35.8221 42.0455 27.1708 38.4317 47.4153 35.4209 48.9221 48.0916 35.1637 33.3625 27.1137 26.427 25.8132 32.658 31.0914 25.3975 23.2838 23.0463 32.3749 65.835 27.0635 29.1419 24.9371
threshold=1529.5000000000002 1.2811499642663831 34.037017822265632 0.078851317870263879 0.071753125106959456 140.32952117919925 0.87553274631500255 5.2641082410505708 0.5000000149011613 51.722229003906257 5.969607038068319 1.3607433547430512 0.15039728324868271 33.637887954711921 0.90374255180358898 -46.624999999999993 1557.5000000000002 65.546131134033217 1.1906188251260761 0.7222222387790681 125.92456436157228 11.500000000000002 1.1327866752391633 1.5707751918192276 0.56956237242441532 3.5000000000000004 80.500000000000014 536.50000000000011 92.63031387329103 -28.277770996093746
decision_type=2 2 2 2 2 2 2 2 2 2 2 2 2 2 2 2 2 2 2 2 2 2 2 2 2 2 2 2 2 2
left_child=1 2 24 4 5 -4 -6 18 -9 10 11 -3 13 22 -15 17 -17 -12 -5 21 -21 -14 -11 -13 27 26 -26 28 -1 -29
right_child=-2 9 3 7 6 -7 -8 8 -10 12 15 23 19 14 -16 16 -18 -19 -20 20 -22 -23 -24 -25 25 -27 -28 29 -30 -31
leaf_value=-0.0083007098603188317 -0.05034313079926498 -0.019018594522052436 0.021708030013174756 0.048936287498809294 0.12072032629737779 -0.009740734687921861 0.019015466282273102 -0.040518322559980953 0.086390678961102724 -0.051801252245095512 -0.025924025455251899 0.097671330208393858 -0.031989491499875795 0.0017376661450699852 0.047828155602951006 0.0065014629660479252 0.13386614855635623 0.050111598800352132 -0.0089871917973901195 0.037925201637024231 -0.025102464114891185 0.0020051762503133638 0.0054038246514294024 -0.0098213254777665803 -0.013140355133860427 -0.005133936127537553 0.11704632911520318 -0.0127690240226698 0.015802328625476512 0.040500006684955236
leaf_weight=295.74110106000444 13.58604012642172 29.625782807997894 507.37229252519319 20.545568932313472 20.650529959821142 174.75009689456783 19.329542825929821 9.2900315299048106 21.938832024985459 33.228419878985733 369.13110926725494 21.078311022720303 72.138384112331551 103.01254817581503 125.6045131176943 37.197669707762543 5.9663254612823939 12.109116313338744 473.70205041038571 22.833079542266205 205.78235200321069 994.68145882134559 46.631734984926879 6.6199183379067099 23.66356345283566 1751.5637393980287 16.469869481603382 28.66708231868688 217.73062938184012 94.049786383577157
leaf_count=5873 9926 505 8349 528 219 4800 296 380 312 764 7638 142 3510 2801 1113 891 127 262 7665 108 6977 23845 816 81 1011 29942 161 818 3485 1421
internal_value=7.29298e-05 0.000191823 0.00203853 0.00836775 0.0168568 0.0136513 0.0715481 -0.00329783 0.0486375 -0.00306258 -0.0134759 0.024951 6.5026e-05 0.0152917 0.0270602 -0.0186662 0.0241064 -0.0235089 -0.00657935 -0.00356085 -0.0188075 -0.000293544 -0.0183982 0.0719804 -0.00121376 -0.00411656 0.0402854 0.00696139 0.00191985 0.0280562
internal_weight=5774.69 5761.11 3675.46 1247.58 722.102 682.122 39.9801 525.476 31.2289 2085.64 481.728 57.324 1603.91 308.477 228.617 424.404 43.164 381.24 494.248 1295.44 228.615 1066.82 79.8602 27.6982 2427.89 1791.7 40.1334 636.189 513.472 122.717
internal_count=124766 114840 65260 22549 13664 13149 515 8885 692 49580 9646 728 39934 5494 3914 8918 1018 7900 8193 34440 7085 27355 1580 223 42711 31114 1172 11597 9358 2239
is_linear=0
shrinkage=0.05


Tree=116
num_leaves=31
num_cat=0
split_feature=29 57 33 28 52 54 52 0 51 33 0 68 2 33 30 0 42 44 40 58 57 30 34 52 13 56 14 36 24 82
split_gain=13.7333 15.2868 35.0081 34.37 31.8978 31.0903 30.9807 35.3797 32.4597 26.8274 82.7365 25.9688 23.5311 19.6006 19.2864 24.2919 18.7635 30.3419 16.6248 15.1922 15.82 14.9418 14.8606 15.9426 14.4658 13.442 2.74478 1.95848 3.35156 0.0372763
threshold=584.50000000000011 18.563412882016422 113.30186462402345 81.017745971679702 0.91391364570789935 10.593520618451764 0.90963350894237338 52.500000000000007 1.2791692437941466 137.28096008300784 27.500000000000004 93.500000000000014 27.500000000000004 123.33414840698244 556.50000000000011 8.5000000000000018 -39.624999999999993 0.27122484481374692 -59.874999999999993 15.687928862988711 25.042918012841763 1337.5000000000002 0.45456743542195893 0.96755099106638565 0.98285064101219188 11.547653195331767 0.9280804991722108 0.18227278495771124 1441.5000000000002 42.500000000000007
decision_type=2 2 2 2 2 2 2 2 2 2 2 2 2 2 2 2 2 2 2 2 2 2 2 2 2 2 2 2 2 2
left_child=-1 2 4 13 6 9 8 -8 -2 10 -4 -11 19 14 15 -3 17 -6 -18 24 -21 -16 25 -24 -5 -7 -15 28 -14 -29
right_child=1 3 5 12 16 22 7 -9 -10 11 -12 -13 27 26 21 -17 18 -19 -20 20 -22 -23 23 -25 -26 -27 -28 29 -30 -31
leaf_value=-0.050773371465427042 0.01163762462964542 -0.085493886275624514 -0.04097416799256462 0.0068840583624039959 0.41053603202209299 0.22161295598817632 0.014256021380009086 0.13277152721282789 -0.028595909547791256 0.00039118109426627642 0.01571560593661521 -0.022160233939007231 -0.26419912453279482 -0.060584734906014681 0.039846367668628861 0.012770351276495333 -0.037248954103454045 0.025252739460563323 -0.015061472864965595 -0.012495129839721205 0.0092234082171838826 -0.0078923382627651226 -0.056056089659935408 0.014354647737082289 0.054823715203087514 0.0089254476723194861 -0.1536763718896812 -0.06053710001389763 -0.077774775108754787 -0.054803229462273888
leaf_weight=13.25434339509229 128.36255422409158 7.1799215266946694 71.416973793850048 49.287861652657739 0.53748235254897636 0.88077321473974635 20.588200368918482 9.0718836718588118 82.255532865587156 3556.5182817056047 651.50392587523675 132.40972992678871 0.30792869115248223 2.0201374613097864 140.66143922100309 50.709773516806308 124.97993748795125 10.371723298303548 260.19224463892169 192.36111206503119 148.63217142384383 18.552794746210566 43.969908511964604 9.8381365958484803 23.116038484440651 4.7450614017725457 1.3022546129068358 4.0280495428014538 1.1107478839403482 9.5660391714482085
leaf_count=2473 2761 109 3987 1348 18 5 483 141 2103 71856 7670 3964 4 39 958 477 3997 463 8763 3313 1427 1915 4656 784 82 292 15 55 183 425
internal_value=6.34813e-05 0.000180534 -0.000737816 0.00740978 -0.0117104 0.000823818 0.00266215 0.0505054 -0.00407532 0.00130774 0.0101153 -0.000418275 -0.000844782 0.023453 0.0252974 0.000582871 -0.0204293 0.0442351 -0.0222608 0.00138832 -0.00302845 0.0342835 -0.0350981 -0.0431824 0.0221895 0.0422235 -0.0970732 -0.0623362 -0.118239 -0.0565022
internal_weight=5769.73 5756.48 5107.64 648.836 636.36 4471.28 240.278 29.6601 210.618 4411.85 722.921 3688.93 428.41 220.426 217.104 57.8897 396.081 10.9092 385.172 413.397 340.993 159.214 59.4339 53.808 72.4039 5.62583 3.32239 15.0128 1.41868 13.5941
internal_count=124766 122293 111943 10350 18729 93214 5488 624 4864 87477 11657 75820 6837 3513 3459 586 13241 481 12760 6170 4740 2873 5737 5440 1430 297 54 667 187 480
is_linear=0
shrinkage=0.05


Tree=117
num_leaves=31
num_cat=0
split_feature=53 57 54 55 64 33 55 33 21 0 2 52 57 28 52 4 20 35 3 36 6 6 14 57 14 33 80 83 6 83
split_gain=13.5957 15.9991 17.4991 33.0266 39.6097 30.7695 30.4412 26.6902 23.4928 21.2921 18.1597 22.3396 21.2593 19.2169 26.8461 19.0606 15.1106 12.6833 16.9497 20.3497 19.6228 43.0611 10.9986 9.97113 9.28491 6.81987 6.70646 6.61238 6.43108 4.4129
threshold=0.73823532526764934 23.379610471963918 10.468140260370577 11.316665124598853 5.6875000000000009 113.30186462402345 11.661431420820049 137.28096008300784 0.78656607866287243 47.500000000000007 11.500000000000002 0.95720660818344616 19.432054921348055 200.28199005126956 0.85488542211030449 27.500000000000004 1.5731321573257449 0.44525999502381036 75.500000000000014 0.15892571697978797 34.719518661499031 48.081878662109382 0.97188103199005138 27.69658813606619 0.98604467511177074 229.43912506103518 56.500000000000007 127.792049407959 57.486886978149421 135.49089813232425
decision_type=2 2 2 2 2 2 2 2 2 2 2 2 2 2 2 2 2 2 2 2 2 2 2 2 2 2 2 2 2 2
left_child=22 2 3 5 6 8 -5 -7 -2 -6 11 12 -4 15 -15 -12 -13 18 20 29 -3 -22 23 -1 -19 -24 -21 -25 -27 -20
right_child=1 17 10 4 9 7 -8 -9 -10 -11 13 16 -14 14 -16 -17 -18 24 19 26 21 -23 25 27 -26 28 -28 -29 -30 -31
leaf_value=-0.05478151542065765 -0.026637879091723576 0.056088830772071219 -0.036727632913849236 0.048439548108941279 -0.046810179208407951 0.0096738254976702926 0.010926547211883957 -0.0009686866041046738 -0.0046479175513954611 0.018735037035602406 -0.04174258292574784 0.025459563991013352 0.0092027479158034962 0.073631455021747005 -0.035846285064765442 0.0094069154505584951 0.13215322714105424 -0.067047546936013877 0.04736864704812193 -0.004991280227086458 -0.051350728765756186 0.019813017300685892 0.040008458112436904 -0.054251349586090417 0.047490180765426313 -0.059588647136723807 -0.055647465639636566 0.040999034464014456 0.024800167351234165 -0.03805676299201638
leaf_weight=28.125668290420435 178.77607257271302 29.433894501620671 43.469293368718354 91.688608632946853 32.617289576897747 705.7924332205439 131.84629383975698 3563.7504912603763 378.82645332190441 19.979708949074848 100.92426385550061 25.477010712376799 59.923228475439828 10.985953510680703 11.421529896062564 22.224306562216952 3.8155046672036397 8.3361653701576852 11.240354059729723 9.6924378649564478 23.567656377475942 216.84150085269357 8.4086979810672364 2.7768114109057915 2.2461262224824159 5.1171891423582547 20.049622827034909 5.2993665097746998 4.040056855767034 1.746709248778642
leaf_count=2333 3661 153 2841 2838 2633 10319 5832 67786 10328 917 6155 934 1093 182 952 970 198 260 57 116 378 2799 91 98 8 243 307 67 120 97
internal_value=5.72603e-05 0.000293126 -0.00035574 0.00031001 0.0171276 -0.000652024 0.0263135 0.000790613 -0.0116982 -0.0219119 -0.0125664 0.000812442 -0.0101078 -0.0247622 0.0178285 -0.0325118 0.039357 0.0110987 0.0129214 -0.0163383 0.0175546 0.0128367 -0.0249677 -0.0407201 -0.0427365 0.00749671 -0.0391395 0.00824934 -0.0223574 0.0358793
internal_weight=5758.44 5704.67 5381.52 5103.28 276.132 4827.15 223.535 4269.54 557.603 52.597 278.241 132.685 103.393 145.556 22.4075 123.149 29.2925 323.154 312.572 42.7291 269.843 240.409 53.7678 36.2018 10.5823 17.5659 29.7421 8.07618 9.15725 12.9871
internal_count=124766 121814 117639 104314 12220 92094 8670 78105 13989 3550 13325 5066 3934 8259 1134 7125 1132 4175 3907 577 3330 3177 2952 2498 268 454 423 165 363 154
is_linear=0
shrinkage=0.05


Tree=118
num_leaves=31
num_cat=0
split_feature=51 39 58 14 13 5 56 80 79 54 48 33 4 32 68 32 21 79 79 65 14 33 77 48 26 57 48 43 10 35
split_gain=13.1196 13.5941 22.0061 34.634 55.9027 49.8488 37.8402 21.0943 39.1175 29.7642 21.6267 39.6724 21.0046 41.782 26.8683 42.5139 24.1529 22.7502 26.053 24.5135 22.1027 36.8246 22.269 20.6961 23.5984 15.9041 15.3073 14.6972 13.5523 11.3466
threshold=0.015278815064515153 1867.1640625000002 9.920008842316884 0.71907672286033641 0.90892022848129284 42.218727111816413 11.774110107669406 784.50000000000011 1.9830348576910779 9.8172445558673065 127.01849365234376 311.70739746093756 29.500000000000004 1045.211364746094 14.500000000000002 1915.1428833007815 3.1100636720657353 2.1748578678572579 2.038300310227688 7.0807559490203866 0.99536514282226574 218.60552215576175 426.50000000000006 -10.611145019531248 59.07463455200196 24.510027785636954 8.2962799072265643 -65.874999999999986 0.86881721019744884 -0.011286598534551114
decision_type=2 2 2 2 2 2 2 2 2 2 2 2 2 2 2 2 2 2 2 2 2 2 2 2 2 2 2 2 2 2
left_child=28 12 3 29 5 -5 -6 10 26 -10 25 -12 17 23 15 -15 -16 18 19 -2 22 -22 -19 -14 -25 -4 -9 -20 -1 -3
right_child=1 2 7 4 6 -7 -8 8 9 -11 11 -13 13 14 16 -17 -18 20 27 -21 21 -23 -24 24 -26 -27 -28 -29 -30 -31
leaf_value=-0.053722493996404365 -0.019132824362247842 0.03538642053509377 -0.02391955711766261 0.0033932134545824055 -0.0094768218282305049 0.050359431854870906 0.22586128118939555 0.23067226286007983 -0.018120934621352773 0.089009360927884446 0.1178264622039811 -0.038507833894438771 0.10416026117670019 -0.052044936754552018 -0.04421444327566551 0.095537206570741828 0.033246848972163748 0.0018714346953577817 0.12694908823840545 0.0093207539119449546 0.080010935089858154 -0.020253120259631198 0.018583373385731346 0.046279965351873564 -0.037530890083268723 0.012292001195553537 0.06672390751316741 -0.049734189902185949 0.027780435865899695 -0.047632746852472867
leaf_weight=21.218509261438161 150.9803833560145 4.5460442358744322 320.59193418078939 132.16290615667822 343.85218563250965 98.680543800990563 1.71661216020584 2.5461071995086959 36.852327406872064 7.8676913074450558 7.9996101369906709 8.2361153618257941 7.4244374751579008 9.2279108692891914 109.97885731075075 10.356346928747369 11.076836828142403 3896.0630840141093 1.2085415261099104 151.8053727261431 23.421724769170396 15.037132205819942 210.08566925383639 20.659789736469975 14.152216123242395 33.489157063595485 3.2296667414484546 45.127713712165132 6.714425445185042 43.481164141616318
leaf_count=810 6845 72 15353 2306 5159 1512 2 10 748 96 293 902 50 513 2997 125 122 70358 9 6230 64 864 4690 261 536 639 43 1780 110 1267
internal_value=5.22644e-05 0.000219141 -0.0049359 0.00101977 0.00441879 0.0234702 -0.00830778 -0.0137735 0.0165422 0.000726734 -0.0179073 0.0385207 0.00137133 -0.0152393 -0.0283364 0.0259979 -0.0371266 0.00204731 -0.0102105 -0.00486727 0.00307985 0.0408084 0.00272648 0.0283717 0.0122081 -0.0204947 0.138996 -0.0451259 -0.0341311 -0.0397745
internal_weight=5749.79 5721.86 1045.25 624.439 576.412 230.843 345.569 420.813 50.4958 44.72 370.317 16.2357 4676.61 182.876 140.64 19.5843 121.056 4493.73 349.122 302.786 4144.61 38.4589 4106.15 42.2364 34.812 354.081 5.77577 46.3363 27.9329 48.0272
internal_count=124766 123846 28402 10318 8979 3818 5161 18084 897 844 17187 1195 95444 4604 3757 638 3119 90840 14864 13075 75976 928 75048 847 797 15992 53 1789 920 1339
is_linear=0
shrinkage=0.05


Tree=119
num_leaves=31
num_cat=0
split_feature=4 55 6 57 30 5 2 25 53 6 24 32 68 68 40 36 36 33 31 55 80 24 13 0 5 82 40 57 55 64
split_gain=13.022 13.018 13.0184 45.2749 22.8089 20.0263 46.9431 65.8894 42.6664 24.2962 51.2417 26.5149 10.6959 7.9828 4.02011 2.80134 2.18155 0.632906 0.257375 0.182363 0.745436 0.113106 0.054445 0.0269489 0.0211047 0.0165563 0.0100461 0.0040154 0.00322701 0.00122207
threshold=1.0000000180025095e-35 5.969607038068319 12.05082416534424 13.050584420492573 656.50000000000011 15.710248947143556 27.500000000000004 1831.759216308594 0.92915089451888677 26.972051620483402 1742.5000000000002 1456.2769775390627 37.500000000000007 98.500000000000014 -333.62499999999994 0.060368367526884299 0.19353775029005907 392.46003723144537 1085.5000000000002 34.833374154000985 190.00000000000003 1209.5000000000002 0.9909397065639497 33.500000000000007 14.670000553131105 42.500000000000007 -74.124999999999986 36.044225032834582 12.428746568657671 17.062500000000004
decision_type=2 2 2 2 2 2 2 2 2 2 2 2 2 2 2 2 2 2 2 2 2 2 2 2 2 2 2 2 2 2
left_child=14 13 3 17 16 6 8 -8 -4 10 -7 -11 -6 21 -1 19 -5 22 -19 20 -16 -2 -3 24 -23 28 -25 29 -17 -27
right_child=1 2 5 4 12 9 7 -9 -10 11 -12 -13 -14 -15 15 25 -18 18 -20 -21 -22 23 -24 26 -26 27 -28 -29 -30 -31
leaf_value=0.046562412941100501 -0.066827895488848058 -0.05334059444426275 0.0087398512252809691 -0.12352508260839082 -0.034505349002125617 0.0021399662257084672 0.082259767971834957 -0.05676002667375174 -0.026408419666572553 -0.0026635542850332312 -0.038425164171256652 0.005382017906242367 0.042271227839991814 0.077492224229675943 0.054993912046479937 -0.060821550655513916 -0.053162169094431937 -0.083765495160923353 -0.059698156909710989 0.055393777989366844 -0.052294760229890026 -0.058414589746531125 -0.058156582605679401 -0.05618771064347422 -0.052086350358308178 -0.050587848567586441 -0.061608272729690987 -0.055542051521966063 -0.05480692328241879 -0.054652022307735394
leaf_weight=1.2463043063180546 2.4955712859518799 29.133908540476114 736.50491237797542 2.2734461217187336 5.3169680329738176 197.24646846367978 41.297038903110661 10.739739066106265 97.807247134565841 2801.5082097585546 128.60990397108253 1614.0066148270562 30.895671390229836 1.1957596056163318 0.42523064624401985 0.43704878166318195 2.1371023126412183 2.7329637072980395 1.871536076068878 0.43945178389549255 0.26143443176988512 1.6768597499467413 7.3487797942943862 1.8020891579799356 6.1479328827699646 15.978607584562273 1.6260243661236016 0.4279131994699118 0.45536332728806883 0.18713182950159613
leaf_count=94 30 766 8013 18 188 3777 584 303 2098 57055 3916 42046 218 3 3 13 218 15 41 1 69 25 90 34 255 4816 18 26 28 5
internal_value=4.47304e-05 0.000184948 0.000306936 -0.0195075 0.0179231 0.000594627 0.0074931 0.0535678 0.00461938 -0.00069497 -0.0138704 0.00027735 0.0309984 -0.0464206 -0.0403741 -0.0461956 -0.0894312 -0.0565153 -0.0739831 0.0302423 0.0141458 -0.0571978 -0.0543107 -0.0550621 -0.0534425 -0.0511182 -0.0587588 -0.0507614 -0.0577525 -0.0506349
internal_weight=5744.23 5724.37 5709.43 81.7104 40.6232 5627.72 886.349 52.0368 834.312 4741.37 325.856 4415.51 36.2126 14.9442 19.8585 18.6122 4.41055 41.0872 4.6045 1.12612 0.686665 13.7485 36.4827 11.2529 7.82479 17.4861 3.42811 16.5937 0.892412 16.1657
internal_count=124766 119711 119346 1554 642 117792 10998 887 10111 106794 7693 99101 406 365 5055 4961 236 912 56 73 72 362 856 332 280 4888 52 4847 41 4821
is_linear=0
shrinkage=0.05


Tree=120
num_leaves=31
num_cat=0
split_feature=29 80 41 6 49 65 27 73 83 70 6 42 1 83 35 5 14 21 1 14 43 28 1 31 27 69 1 57 5 53
split_gain=13.288 19.7575 22.9484 22.7872 21.3664 20.8079 19.4072 47.2708 35.2064 32.4552 37.4672 35.2129 20.4086 36.4699 27.1339 19.8607 23.7955 19.6659 31.479 50.777 25.4269 21.9303 63.8709 32.3406 17.1574 15.4094 14.7016 11.8003 9.41459 8.72951
threshold=2855.5000000000005 697.50000000000011 -37.124999999999993 48.464788436889656 1.3818580563584955 9.8172445297241229 2320.779907226563 0.9999852852047133 472.07389831542974 1.9615485194281399 49.542514801025398 -22.374999999999996 0.087301589548587813 466.68960571289068 0.15785066076870019 64.857501983642592 0.96886590123176586 1.0000000180025095e-35 0.6428571641445161 0.9280804991722108 207.62500000000003 198.89569854736331 0.32539683580398565 557.50000000000011 2658.6840820312505 0.94444444444444453 0.11904762312769891 10.468140260370577 65.867538452148452 0.74924278890897378
decision_type=2 2 2 2 2 2 2 2 2 2 2 2 2 2 2 2 2 2 2 2 2 2 2 2 2 2 2 2 2 2
left_child=6 2 3 4 24 -3 12 8 9 11 -11 -8 13 14 25 16 -10 18 20 -20 -14 23 -23 -19 -2 -1 -6 -16 -15 -4
right_child=1 5 29 -5 26 -7 7 -9 15 10 -12 -13 17 28 27 -17 -18 21 19 -21 -22 22 -24 -25 -26 -27 -28 -29 -30 -31
leaf_value=0.025314984157231116 0.13939851985932833 -0.05192711997388149 0.076928051357380164 -0.051860044708190473 0.046217334874947752 0.056154888087394841 -0.054978118785361609 0.16596605308462553 -0.053696802597202734 -0.045695877011870799 0.069558180405729031 0.093057400060483686 -0.027652238169900773 -0.052699488289343413 0.056166276330683301 0.039191992511952704 0.085731859396847757 0.0030052181301998895 -0.026266751678880235 0.022044670849061782 0.014620539789079737 0.033980554379192639 2.6237263645567739e-05 -0.006560297935079386 0.01781402215784433 -0.085346674590232652 -0.055118893701107868 -0.041380585153429461 0.011678936699522746 -0.055103531626134107
leaf_weight=64.786467062134761 8.0287812556489389 43.629671375558246 1.3618751353351424 7.3278102033364112 9.3075066655874235 4.9592707139672703 4.6838421421125522 5.3533378816209725 29.996229339245474 17.87434807326645 11.645724466885438 28.218983362661675 220.87330422602827 58.875133995272336 3.4033275295514605 10.560205069719812 3.4077102689188896 2917.5658246104576 85.820346825348679 148.50100452615879 42.401192034943961 194.65815075655701 480.08764850447187 1267.522413398372 4.5436319544678545 3.3063414180942337 5.8153714310028581 34.823742936714552 6.2850902341888277 15.504829328507183
leaf_count=1367 49 2299 15 729 73 33 125 103 3164 292 205 206 3662 5485 90 94 35 50838 1774 1123 708 5924 15679 25250 222 102 192 3281 256 1391
internal_value=3.98602e-05 -0.0179832 0.00347172 0.0265468 0.0472922 -0.0408956 0.000360911 0.020991 0.0136959 0.0378346 -0.000227933 0.071984 -5.60276e-05 -0.0170357 0.00101588 -0.0205776 -0.039473 0.000487455 -0.00897974 0.00435058 -0.0208441 0.0014568 0.00982176 0.000108145 0.0954583 0.0199417 0.00724937 -0.0326961 -0.0464898 -0.0444429
internal_weight=5741.13 100.479 51.8898 35.0231 27.6953 48.5889 5640.65 111.74 106.387 62.4229 29.5201 32.9028 5528.91 171.48 106.32 43.9641 33.4039 5357.43 497.596 234.321 263.274 4859.83 674.746 4185.09 12.5724 68.0928 15.1229 38.2271 65.1602 16.8667
internal_count=124766 5003 2671 1265 536 2332 119763 4224 4121 828 497 331 115539 10581 4840 3293 3199 104958 7267 2897 4370 97691 21603 76088 271 1469 265 3371 5741 1406
is_linear=0
shrinkage=0.05


Tree=121
num_leaves=31
num_cat=0
split_feature=29 33 14 49 71 6 10 45 40 51 63 5 57 5 80 20 29 5 55 80 14 0 46 55 5 80 0 80 30 80
split_gain=12.8927 14.678 17.2177 33.5353 21.3812 23.0601 19.2277 18.3281 37.0134 31.185 27.2789 26.9159 56.5883 45.5778 18.0553 16.4101 14.9833 15.5718 18.6866 12.8205 16.4404 6.12244 4.29309 3.16445 3.05445 0.0187302 0.0152316 0.00705015 0.00182656 0.00112737
threshold=584.50000000000011 60.771087646484382 0.71907672286033641 1.5224579001933372 2.5563398005778528 31.801849365234379 0.87199181318283092 0.78615879471142003 -173.62499999999997 1.7575715728822776 248.00375945627303 32.21434402465821 10.593520618451764 40.298635482788093 788.50000000000011 2.1180340051651005 1299.5000000000002 27.720382690429691 8.2054533547941393 193.50000000000003 0.70350831747055065 48.500000000000007 1.249997281329793 25.148031444901253 50.518932342529304 439.50000000000006 37.500000000000007 190.00000000000003 349.50000000000006 55.500000000000007
decision_type=2 2 2 2 2 2 2 2 2 2 2 2 2 2 2 2 2 2 2 2 2 2 2 2 2 2 2 2 2 2
left_child=28 16 3 4 15 -6 14 8 10 -10 -4 12 -9 -13 -5 -3 17 18 -2 24 -21 -20 -8 25 -19 27 -27 -18 -1 -30
right_child=1 2 7 6 5 -7 22 11 9 -11 -12 13 -14 -15 -16 -17 23 19 21 20 -22 -23 -24 -25 -26 26 -28 -29 29 -31
leaf_value=-0.050489080813044332 0.17584395561499691 -0.031050512988055053 -0.038291555009302022 0.023418722574765221 0.035513709005456126 -0.013014976522835571 -0.058187052027262834 -0.012873307693181344 -0.0032402534379693789 0.0076050564571452503 -0.0047862538978894319 -0.019763345705748624 0.017283690178191476 0.0056335549579031412 0.13469921474894461 0.082825632439200048 -0.060791438007251834 0.015021351507044298 0.061115258722699586 0.044697600473379687 -0.054635921321544802 0.0074140271110589608 0.062584014591172979 0.047484702124001764 0.050424523038026074 -0.051955365587488679 -0.059385312534567393 -0.050914575455218325 -0.055360013154479304 -0.05170959654998572
leaf_weight=10.607614851745891 3.0174361811950829 171.15792454595794 112.95717419113498 60.086640797555447 30.556293086439837 123.09299822233152 8.3000728499609941 198.83428432553774 2280.3120323596086 934.44889363198308 131.43692976076272 246.61346151400357 714.69958849548129 622.76399070388288 3.8804891375475554 3.2232042675605035 0.1888578812358882 11.348202938213946 16.603104289621118 6.2957791248336461 12.310084038530475 7.8015065602958193 0.80742302932776588 0.87001902534393583 13.154605120420454 1.1224204739555719 1.7895768946036694 4.1703714121249504 0.24318287009373207 1.6236612427164798
leaf_count=2360 9 7250 4457 1306 941 5703 356 2472 40764 17478 5275 6770 11522 16439 85 47 20 63 77 110 396 92 2 14 58 53 17 517 5 108
internal_value=3.30375e-05 0.000143737 -0.000155272 -0.0101396 -0.0169633 -0.00336406 0.0204917 0.000608693 -0.00151385 -8.77988e-05 -0.0202722 0.0047268 0.0107199 -0.0015707 0.0301694 -0.0289457 0.0215917 0.0290052 0.0584618 0.0102674 -0.0210238 0.0439484 -0.0474801 -0.0426337 0.0340279 -0.0534166 -0.0565215 -0.0513425 -0.0507429 -0.0521851
internal_weight=5734.32 5721.84 5643.17 401.105 328.03 153.649 73.0746 5242.07 3459.16 3214.76 244.394 1782.91 913.534 869.377 63.9671 174.381 78.672 70.5307 27.422 43.1087 18.6059 24.4046 9.1075 8.14125 24.5028 7.27123 2.912 4.35923 12.4745 1.86684
internal_count=124766 122293 120867 15690 13941 6644 1749 105177 67974 58242 9732 37203 13994 23209 1391 7297 1426 805 178 627 506 169 358 621 121 607 70 537 2473 113
is_linear=0
shrinkage=0.05


Tree=122
num_leaves=31
num_cat=0
split_feature=70 46 14 34 40 58 33 39 33 53 6 57 45 47 80 51 80 10 29 30 83 6 57 51 48 45 79 6 55 5
split_gain=12.7726 16.8505 14.6123 13.8533 31.8178 25.1292 24.8362 24.4711 22.8814 21.1465 19.7762 30.2058 17.9293 28.7456 55.9692 26.3184 33.0256 24.9165 21.5735 15.9485 15.047 13.8442 13.4461 14.2552 13.0278 11.9234 10.6007 10.3555 10.4439 7.84478
threshold=8.0429208320226664 0.31295201941566381 0.82293248176574718 0.17524331478851038 38.375000000000007 8.7548721414193853 279.25515747070318 21045.000000000004 281.41983032226568 0.86447422316262579 12.05082416534424 13.050584420492573 0.65477572650076821 0.26708718413089194 753.50000000000011 1.6747443922484131 791.50000000000011 0.080005120486021056 1055.5000000000002 656.50000000000011 471.54675292968756 78.967304229736342 10.961058806445019 0.18315189758339923 32.981506347656257 0.11711950327990524 7.8291419183621898 10.46814012527466 6.797168879098769 6.6000232696533212
decision_type=2 2 2 2 2 2 2 2 2 2 2 2 2 2 2 2 2 2 2 2 2 2 2 2 2 2 2 2 2 2
left_child=3 21 -3 4 5 20 27 9 -8 -7 11 -5 15 17 -15 18 -17 -14 -12 -13 25 -2 -4 24 -24 -1 -25 -6 -29 -21
right_child=1 2 22 10 6 7 8 -9 -10 -11 12 19 13 14 -16 16 -18 -19 -20 29 -22 -23 23 26 -26 -27 -28 28 -30 -31
leaf_value=0.074844737709549594 -0.053010291042422678 -0.057944144173047565 -0.056983277472654706 -0.056184786717078355 0.072438150585649466 -0.018508928154659605 0.24369823173956032 0.10173664531569081 -0.015030386736778959 0.029016425727253537 0.010014656274957442 -0.088872823614025376 -0.028135430120035783 0.00058196146509401558 0.073577361683060949 0.0017506251945441397 0.045234627554172367 0.0022941290042320333 -0.0092869203043974627 0.039458661876557791 0.10809258130298816 0.063342226333483687 -0.023522045889516532 -0.053755346716156449 0.18375049325499992 -0.05776208168553152 0.050668234579913797 0.085508056170546409 -0.043802026406038821 -0.015702121982950162
leaf_weight=3.9222594071179655 33.936853715218604 6.3282243265275637 3.6812405806267661 38.73276862577768 2.2243586028926066 38.387866944918642 1.623392594745382 7.9370320429734411 1.804326672805473 59.973427070304751 162.86193700133299 3.6978897594381115 68.77170371482498 71.816269936563913 41.397584862424992 640.57450362548116 46.859001064964104 3085.5578375509212 1303.0861601899378 19.621847943635661 13.653557189274578 2.764846217876765 1.0174892403883888 3.3466045047680373 2.9738217464473564 2.9853997835889459 8.8774127232900337 1.6288857004838053 37.735631783463759 9.5985664658364822
leaf_count=12 2156 759 82 898 8 750 5 56 133 1390 2964 226 4287 1241 419 15328 680 61508 28978 185 55 44 48 318 23 45 194 25 1766 183
internal_value=2.84284e-05 -0.0223739 0.00823496 0.000277296 0.0142554 0.0270705 -0.0218583 0.0172833 0.107505 0.0104685 -0.000160113 -0.0262564 0.000184815 0.00251916 0.0272733 -0.00335732 0.00471472 0.00163069 -0.00714258 0.0089583 0.0776688 -0.0442451 0.0292836 0.0488681 0.130911 0.0175338 0.0220799 -0.0325204 -0.0384512 0.021339
internal_weight=5727.38 62.9265 26.2248 5664.45 171.876 126.86 45.0166 106.298 3.42772 98.3613 5492.58 71.6511 5420.92 3267.54 113.214 2153.38 687.434 3154.33 1465.95 32.9183 20.5612 36.7017 19.8966 16.2153 3.99131 6.90766 12.224 41.5889 39.3645 29.2204
internal_count=124766 3624 1424 121142 4245 2308 1937 2196 138 2140 116897 1492 115405 67455 1660 47950 16008 65795 31942 594 112 2200 665 583 71 57 512 1799 1791 368
is_linear=0
shrinkage=0.05


Tree=123
num_leaves=31
num_cat=0
split_feature=82 49 76 28 55 14 34 73 73 3 46 30 31 66 67 68 66 32 67 1 25 46 36 13 48 30 39 3 66 83
split_gain=12.7014 12.848 40.9605 30.5286 31.2694 42.7112 37.8049 29.2978 33.8181 26.2603 19.3657 31.9602 59.4963 41.1644 40.2294 31.3241 31.2759 28.9002 27.7502 31.4929 25.5254 20.1796 18.3712 16.5688 18.7548 16.3087 13.3438 7.55229 6.39957 5.31039
threshold=1529.5000000000002 1.2345617004917191 4.2513245217915765 163.99314117431643 8.5973202492459251 0.91411149501800548 0.23558826381875939 0.32181052473545985 0.44159940678710113 55.500000000000007 0.048938862955248692 1869.5000000000002 915.50000000000011 0.78538534305556651 392.50000000000006 66.500000000000014 1.5707801006378692 1795.4795532226565 307.50000000000006 0.6904762089252473 2200.555541992188 0.046511611793892349 0.19183958774951423 0.90086030960083019 4.6851806640625009 849.50000000000011 -826598.53124999988 59.500000000000007 1.5707763402990886 131.27776336669925
decision_type=2 2 2 2 2 2 2 2 2 2 2 2 2 2 2 2 2 2 2 2 2 2 2 2 2 2 2 2 2 2
left_child=1 2 3 4 6 -6 -1 28 -9 29 16 13 15 14 -12 -13 18 -15 19 -3 -20 25 -23 27 -25 -18 -14 -11 -5 -4
right_child=-2 10 9 7 5 -7 -8 8 -10 23 11 12 26 17 -16 -17 21 -19 20 -21 -22 22 -24 24 -26 -27 -28 -29 -30 -31
leaf_value=0.033397980627837297 -0.050344589005717859 0.021340092058571982 0.036155153574082277 -0.055036457115555132 -0.00011239109443385958 0.02506106647357921 -0.015341762079983121 0.2563615425588866 0.06711205293676735 0.039885314778070301 -0.024938142930064799 0.020233941650328803 0.018411872598266866 0.00067251661452858065 0.0037465460944816169 0.081466996181607035 -0.0014264165602646192 -0.014163600486823406 -0.00043008722274752963 -0.0036611209383284136 -0.054263540737933769 0.13443715195135333 -0.025861011715722016 -0.031652675556263922 0.059436011635655164 -0.045465326225967072 -0.046696950518881196 -0.053578245469654617 0.066439485175800089 -0.056403059185486361
leaf_weight=47.862543458817527 12.489021700355805 434.10104516745196 1.604682721197604 4.1038977121934321 331.77946954098297 342.38180402107537 235.74903079407522 3.1566566787660113 9.3604653787333501 2.5845539259025818 387.362057690043 50.858198301400989 10.862080006278118 2622.8667005816387 178.58309399112477 35.439095739158802 34.405099826632068 375.20248505030759 226.06969154565013 177.4476828193292 24.395700313791167 3.7911882349289945 3.3817689794232138 8.7337983513716626 16.009548378176987 54.047226787137333 28.56158012477681 13.201255027321166 1.4734763312153516 45.195724124845583
leaf_count=528 9926 6221 8 102 10252 3453 4187 36 143 76 9331 849 324 51089 4418 319 810 8190 5502 2700 808 23 72 161 187 1176 1164 734 13 1964
internal_value=2.36538e-05 0.000133809 0.00509226 0.00802809 0.00681255 0.0126723 -0.0071164 0.0723689 0.114838 -0.0277143 -0.00100055 -0.00264487 0.0221318 -0.00351887 -0.0158867 0.0453801 0.00533493 -0.00118419 0.00834449 0.0140857 -0.00567355 -0.0217948 0.0588628 0.0017489 0.0272839 -0.0283356 -0.028758 -0.0382758 -0.0229439 -0.0532294
internal_weight=5723.06 5710.57 1063.2 975.867 957.773 674.161 283.612 18.0945 12.5171 87.3296 4647.37 3689.74 125.721 3564.01 565.945 86.2973 957.639 2998.07 862.014 611.549 250.465 95.6253 7.17296 40.5292 24.7433 88.4523 39.4237 15.7858 5.57737 46.8004
internal_count=124766 114840 21844 18714 18420 13705 4715 294 179 3130 92996 75684 2656 73028 13749 1168 17312 59279 15231 8921 6310 2081 95 1158 348 1986 1488 810 115 1972
is_linear=0
shrinkage=0.05


Tree=124
num_leaves=31
num_cat=0
split_feature=35 5 79 5 69 37 37 80 32 55 26 77 34 14 31 5 3 83 10 67 69 67 63 57 3 0 57 55 49 2
split_gain=12.6945 13.6722 13.3059 24.252 40.5355 36.3022 34.2597 34.3736 31.2735 36.7461 28.6264 24.7282 26.8638 23.0699 20.6175 16.439 58.0792 52.9506 75.1754 49.9831 50.2938 44.6803 43.3335 33.4951 65.7343 48.8582 34.2443 31.2866 24.6991 11.3634
threshold=0.49573955024041577 17.911855697631839 12.109429267534084 47.902988433837898 0.75252525252525271 113.60622787475587 87.64630508422853 696.50000000000011 1032.5859985351565 7.5343055570081576 116.67985153198244 133.50000000000003 0.9215141701705275 0.99536514282226574 810.50000000000011 30.095133781433109 65.500000000000014 470.94825744628912 0.59203791618347179 18.500000000000004 0.095959595959595981 462.50000000000006 272.50575062327385 10.593520618451764 53.500000000000007 22.500000000000004 22.923373608851012 9.5444632383302466 1.2276799088419073 29.500000000000004
decision_type=2 2 2 2 2 2 2 2 2 2 2 2 2 2 2 2 2 2 2 2 2 2 2 2 2 2 2 2 2 2
left_child=2 -2 15 4 11 6 7 -5 9 -6 -8 13 -13 -4 -10 16 17 18 -1 22 -21 -19 -18 24 25 -17 28 -26 -25 -28
right_child=1 -3 3 5 8 -7 10 -9 14 -11 -12 12 -14 -15 -16 23 19 21 -20 20 -22 -23 -24 26 27 -27 29 -29 -30 -31
leaf_value=-0.014011288818537124 0.00068208678636458948 -0.045251141982892748 -0.0040935512045160048 0.014756830821952114 0.051801460898223455 -0.033458347285341382 0.041572198026482196 -0.03596630965252133 -0.041751670628833094 -0.017833271191490804 0.25548516673630312 0.16519349502967287 0.019654359935171214 0.064522709129839581 0.017316636804590203 -0.03170119775644039 0.063099550835089668 -0.016692695667186369 0.057197797691684295 -0.035016944208151511 0.0014546843227905306 0.05043656310158226 -0.017109903104972134 0.0059864648587336627 -0.051349513222988585 0.02011650579110429 0.016652396521729264 0.052155042203268213 -0.010012184517872526 -0.044885629975969912
leaf_weight=48.811526087753009 32.82858257269254 31.984012457673089 716.72323684940056 176.83420133270556 24.169691938441247 45.754092423492693 61.491062101267744 41.17827074136585 164.15546938555781 87.645324858138338 1.6048010408412654 4.4069790223729788 11.301974118556243 12.462867578200528 16.233929907903075 50.330841895309277 56.85541425034171 101.99485828862817 153.99221408739686 101.4806872807967 1378.9821564004378 32.745479801029433 23.92458414947032 296.63179126812611 56.918203213252127 473.02041159482906 203.81141312423279 8.3752532245125604 1291.9491071685188 7.7884270674549034
leaf_count=1369 1021 7797 11178 3008 86 1156 908 1000 4653 980 31 106 233 75 363 2796 599 1654 932 3165 22626 352 552 9543 1174 4850 2542 71 39787 159
internal_value=1.72211e-05 -0.0219853 0.000269547 -0.00403189 -0.00777485 0.00784412 0.0145666 0.00517623 -0.0235576 -0.00278118 0.0470129 -0.00158367 0.0604838 -0.0029208 -0.0364359 0.00163791 0.0051105 0.0239172 0.0400589 0.00104445 -0.00104532 -0.000378503 0.0393439 -0.00112232 0.00923148 0.0151332 -0.00450793 -0.0380729 -0.0070248 0.0143873
internal_weight=5716.39 64.8126 5651.57 1363.96 1037.1 326.862 281.108 218.012 292.204 111.815 63.0959 744.895 15.709 729.186 180.389 4287.61 1898.79 337.544 202.804 1561.24 1480.46 134.74 80.78 2388.83 588.645 523.351 1800.18 65.2935 1588.58 211.6
internal_count=124766 8818 115948 23777 17674 6103 4947 4008 6082 1066 939 11592 339 11253 5016 92171 31249 4307 2301 26942 25791 2006 1151 60922 8891 7646 52031 1245 49330 2701
is_linear=0
shrinkage=0.05


Tree=125
num_leaves=31
num_cat=0
split_feature=53 57 33 68 56 37 14 36 50 32 0 0 57 65 4 24 14 4 13 14 77 0 67 67 30 14 80 36 83 57
split_gain=12.462 14.0439 33.6019 33.3803 29.4878 26.5271 51.6093 23.1953 22.9965 22.8953 21.621 40.0797 28.3874 20.8905 19.6669 19.0496 18.196 28.7976 24.1236 16.9803 16.4024 14.2245 13.259 11.5501 11.3384 10.2912 10.2806 10.1229 9.56072 9.33839
threshold=0.73823532526764934 18.563412882016422 92.132038116455092 92.500000000000014 9.5444632383302466 107.12550735473634 0.92632794380187999 0.1672562694554022 0.044290994071760424 1450.8061523437502 54.500000000000007 30.500000000000004 29.897342272177422 10.341239452362062 14.500000000000002 1447.5000000000002 0.71907672286033641 21.500000000000004 0.96869203448295604 0.87820643186569225 103.50000000000001 3.5000000000000004 4.5000000000000009 304.50000000000006 483.50000000000006 0.97188103199005138 117.00000000000001 0.28516041459430275 830.44116210937511 27.69658813606619
decision_type=2 2 2 2 2 2 2 2 2 2 2 2 2 2 2 2 2 2 2 2 2 2 2 2 2 2 2 2 2 2
left_child=25 2 3 5 20 8 -7 9 -2 15 11 14 -13 16 -9 26 17 -4 -18 27 -5 28 -15 -17 -21 29 -3 -12 -11 -1
right_child=1 7 13 4 -6 6 -8 10 -10 21 19 12 -14 22 -16 23 18 -19 -20 24 -22 -23 -24 -25 -26 -27 -28 -29 -30 -31
leaf_value=-0.054286916879783223 0.05429289647557111 0.034263381820499268 -0.01963115164086069 -0.0026701414102752608 -0.049528875234826089 0.00070431814983035722 0.38945639550669719 -0.0063171701511226773 -0.029250037911930843 -0.059793980090298328 0.01973965521714165 -0.039645775325007598 0.043532799308331864 0.10866011245247952 0.0209688674039121 -0.054532210599480158 0.0034538203322303737 0.017088042061946501 -0.0051511262556776247 0.00067359261982202518 0.11523026427493031 -0.043753324653459623 -0.046876662793661976 0.13234570558472938 0.043238334865729852 0.0071436193366228203 -0.051332921406569469 -0.059743416571033416 0.042046683142901102 0.0078253448432746373
leaf_weight=26.65820431150496 8.5571583441924286 90.730403285007924 234.3080429758993 4.1275087428512078 6.0936788170802165 3.5497360190347527 1.12408314878121 136.96252954922966 220.33470421140373 2.8254838674911325 7.3152584073832285 89.765019992177258 11.580874614301136 1.4343935234355729 127.5273382839805 0.9345081723004095 3394.8244107286446 69.15607862584875 1071.5889508649998 21.067141619510949 10.340080903843043 16.373854937250144 30.618947345719789 7.1751049700833391 60.794758984440705 17.218495292006992 3.6489930692478074 8.8547868076129799 12.499944787821731 7.8284933055401771
leaf_count=2333 252 466 9255 55 260 242 11 2097 8840 705 129 2179 84 32 1150 114 62087 1483 24991 171 30 3036 3037 47 286 454 379 242 154 165
internal_value=9.87175e-06 0.000233327 -0.000623706 -0.0183423 0.0427336 -0.0237189 0.0942017 0.00747881 -0.0261268 0.0257867 0.00218268 -0.00340526 -0.0301409 0.000313994 0.00683916 0.0372728 0.00058434 -0.0112633 0.00138931 0.0230358 0.081594 -0.0113497 -0.0399164 0.110811 0.0322843 -0.0244256 0.030954 -0.0237856 0.0232708 -0.0401874
internal_weight=5705.82 5654.11 5056.06 254.127 20.5613 233.566 4.67382 598.056 228.892 134.188 463.868 365.836 101.346 4801.93 264.49 102.489 4769.88 303.464 4466.41 98.0319 14.4676 31.6993 32.0533 8.10961 81.8619 51.7052 94.3794 16.17 15.3254 34.4867
internal_count=124766 121814 110575 9690 345 9345 253 11239 9092 4901 6338 5510 2263 100885 3247 1006 97816 10738 87078 828 85 3895 3069 161 457 2952 845 371 859 2498
is_linear=0
shrinkage=0.05


Tree=126
num_leaves=31
num_cat=0
split_feature=72 51 10 39 48 34 0 21 52 80 4 27 57 21 50 25 79 3 50 65 25 83 30 51 57 73 29 0 34 41
split_gain=12.2958 12.1928 12.6564 12.1939 20.6916 31.9285 42.4739 31.0508 30.7884 28.8325 18.7883 38.7137 22.978 20.9225 20.0602 39.8048 24.6266 18.0366 5.6628 2.75547 1.48719 1.6212 1.43201 0.0919944 0.0272081 0.0199488 0.023846 0.0146807 0.00594774 0.00413988
threshold=6.6000233208143504 0.015278815064515153 0.86881721019744884 1867.1640625000002 69.722229003906264 1.2392958108780117 25.500000000000004 1.5995864272117617 0.96991806423396043 736.50000000000011 29.500000000000004 1070.5639648437502 10.717434085322902 0.78656607866287243 0.31616366061633028 1547.3518676757815 2.1748578678572579 27.500000000000004 4.4637965143745619 11.137915611267092 787.05557250976574 145.35356903076175 547.50000000000011 0.075471270917603125 27.69658813606619 1.0000000180025095e-35 1252.5000000000002 32.500000000000007 -0.063314574676523558 14.125000000000002
decision_type=2 2 2 2 2 2 2 2 2 2 2 2 2 2 2 2 2 2 2 2 2 2 2 2 2 2 2 2 2 2
left_child=1 2 20 10 7 8 -7 9 -6 -5 14 13 -13 -12 15 -3 -16 -9 19 24 22 -22 28 -2 -4 26 -25 -23 -1 -27
right_child=23 3 18 4 5 6 -8 17 -10 -11 11 12 -14 -15 16 -17 -18 -19 -20 -21 21 27 -24 25 -26 29 -28 -29 -30 -31
leaf_value=-0.063302249667938279 -0.073763113258101434 -0.00030946692217538471 -0.053842306559540171 -0.010805529966697499 0.040806178467312534 0.029975239872917909 -0.027600178959412597 0.00029711955385992991 0.27011639688597983 0.010436708017174799 -0.023673292722272976 -0.00025278793354747666 -0.041796700628586592 0.059793401270475215 -0.017250464427749662 0.01645617618791138 0.00086924514018829613 -0.037591480214146246 0.070260947449168915 0.041467607691419932 0.014871963643652975 -0.05194397313288375 -0.19561722956156508 -0.065813428342214528 -0.067378250426375047 -0.053828523547961617 -0.055857270252053642 -0.054968122918936241 -0.050733707225062923 -0.057043334917368717
leaf_weight=0.16598038375377655 0.80837987828999658 832.43308013440401 1.5320348145323803 448.99295264710963 40.450008130748756 59.339850511532859 69.606826211645966 42.695184522046475 1.5187551341950882 247.96403403684963 11.07090852697729 53.311385394394165 88.600354054142372 23.32995296723675 200.95676195880515 616.00821043900214 2803.9091017138126 118.84430968049855 3.4787906559649855 1.0911667645559644 0.89627153612673538 5.9193676471768439 0.35420382022857666 1.0033197139855459 0.48997759819030751 4.6415132018155418 1.501362564275041 12.461569477862211 0.21744167178986273 1.2769192773266693
leaf_count=1 9 15893 88 11176 1234 2426 2714 2097 11 3953 138 1029 2922 503 8223 13355 53139 4720 7 12 7 438 2 13 3 215 39 320 41 38
internal_value=6.72853e-06 0.000100345 -0.0336678 0.000259111 -0.00466296 0.0112244 -0.0011046 -0.00782592 0.0491044 -0.00324795 0.00135355 -0.0146546 -0.0261901 0.0329321 0.00198734 0.0068208 -0.000342549 -0.0275775 0.0264214 -0.0225667 -0.0534585 -0.0507924 -0.123134 -0.0576513 -0.0571224 -0.0561051 -0.0598455 -0.0539942 -0.0561745 -0.0545221
internal_weight=5694.87 5685.64 26.6068 5659.03 1029.41 170.915 128.947 858.496 41.9688 696.957 4629.62 176.313 141.912 34.4009 4453.31 1448.44 3004.87 161.539 6.59197 3.11318 20.0148 19.2772 0.737626 9.23149 2.02201 8.42311 2.50468 18.3809 0.383422 5.91843
internal_count=124766 124452 919 123533 28331 6385 5140 21946 1245 15129 95202 4592 3951 641 90610 29248 61362 6817 110 103 809 765 44 314 91 305 52 758 42 253
is_linear=0
shrinkage=0.05


Tree=127
num_leaves=31
num_cat=0
split_feature=3 55 55 4 6 27 56 50 46 52 51 43 41 31 43 38 40 69 24 0 3 43 83 2 82 45 83 56 57 80
split_gain=12.1162 12.0512 12.9648 55.0932 87.0748 54.9371 37.8687 27.7125 26.3636 25.9517 20.6915 41.1374 28.8646 40.292 28.1618 26.3229 10.0578 7.21242 0.107846 0.0223242 0.0191479 0.00831424 0.00218095 0.000249865 0.00024132 0.000208465 0.000258617 0.000148123 8.14933e-05 3.80456e-05
threshold=1.0000000180025095e-35 5.969607038068319 6.9887509499112168 23.500000000000004 41.952072143554695 1443.0360107421877 11.774110107669406 0.05036639286065734 0.13202236065532449 0.95720660818344616 1.6556375226281845 -22.374999999999996 -42.124999999999993 389.50000000000006 -19.124999999999996 -139.12499999999997 38.375000000000007 0.99494949494949514 1209.5000000000002 33.500000000000007 95.500000000000014 111.37500000000001 116.90050506591798 20.500000000000004 43.500000000000007 0.06493870802943065 127.792049407959 8.8256921855262611 13.836294159639335 73.500000000000014
decision_type=2 2 2 2 2 2 2 2 2 2 2 2 2 2 2 2 2 2 2 2 2 2 2 2 2 2 2 2 2 2
left_child=22 17 3 7 6 -6 -5 8 -3 -9 12 16 13 -4 -13 -14 -12 18 -2 20 -20 -21 -1 25 -25 26 -24 -26 -29 -27
right_child=1 2 10 4 5 -7 -8 9 -10 -11 11 14 15 -15 -16 -17 -18 -19 19 21 -22 -23 23 24 27 29 -28 28 -30 -31
leaf_value=-0.054347796107613956 -0.066672937664837548 -0.058486978218951206 0.030173481384191233 -0.027741710712676462 0.054434816393314905 0.17655529470114836 0.20186735395070074 -0.029090262524320405 0.082641810267252147 0.021012374452991294 -0.018089407762311958 0.079354560200346702 0.0068818143055599081 -0.016631972565316538 0.0051760335374828768 -0.0033758869464558272 -0.057627876309652042 0.073616954272194585 -0.051970586758340646 -0.060313451693062681 -0.058339135845430712 -0.055139390314460274 -0.054278392489839483 -0.052257112767481621 -0.051706447956144368 -0.050616692890587768 -0.050141378596836594 -0.050799807456802487 -0.050370867663275268 -0.050190988376772022
leaf_weight=0.41286694165319104 2.3471428516786519 4.325008342391814 50.307196900903364 39.427922661532648 51.964517639949918 11.193016565404831 1.8814233596785914 98.474979066755623 14.088177811237982 35.042608449584804 39.023345875320956 12.895036776113555 869.83168780442793 534.51197049061011 1651.2073876184586 2225.8250079292629 27.362538213346852 1.1519517237320549 5.7656563232885656 1.9598134614061566 1.4840617023874072 1.2858388257445765 0.073510304966473927 0.28177268977742631 0.39411507674958546 0.6263816298451278 0.07771293398400303 5.2119021968974266 1.4060331084911011 3.2376147038448835
leaf_count=8 30 96 1378 590 135 49 12 2240 124 769 987 197 18346 15755 36359 43136 1283 3 256 24 25 28 2 11 20 99 50 512 533 1709
internal_value=3.28201e-06 0.000108056 0.000222488 0.0112086 0.0391594 0.0760775 -0.0172842 -0.00801035 0.0494926 -0.0159405 -0.000298085 0.00421108 -0.00241821 -0.0126057 0.00575084 -0.000493631 -0.0343861 -0.0462336 -0.056984 -0.0548172 -0.0532743 -0.0582636 -0.0507783 -0.050648 -0.0508224 -0.0503313 -0.0521524 -0.0507648 -0.0507087 -0.05026
internal_weight=5693.08 5681.36 5667.36 256.398 104.467 63.1575 41.3093 151.931 18.4132 133.518 5410.96 1730.49 3680.48 584.819 1664.1 3095.66 66.3859 13.9945 12.8425 10.4954 7.24972 3.24565 11.7219 11.309 7.29382 4.01522 0.151223 7.01205 6.61794 3.864
internal_count=124766 121822 121456 4015 786 184 602 3229 220 3009 117441 38826 78615 17133 36556 61482 2270 366 363 333 281 52 2944 2936 1076 1860 52 1065 1045 1808
is_linear=0
shrinkage=0.05


Tree=128
num_leaves=31
num_cat=0
split_feature=33 33 36 31 36 67 40 28 3 68 3 40 55 5 39 37 43 68 0 79 2 3 79 46 55 66 68 45 56 56
split_gain=12.0149 16.0981 21.3149 18.9883 18.2852 18.9998 20.6402 16.8139 14.643 17.6531 14.4043 14.0768 27.7039 28.4558 15.8654 38.37 26.5208 12.1765 10.2261 12.4879 9.95272 10.1116 9.8969 8.36621 7.86441 7.61967 7.35441 6.91651 6.43484 2.78771
threshold=454.01541137695318 403.48892211914068 0.31100776445252581 1094.5000000000002 0.42936157626501642 334.50000000000006 -317.12499999999994 339.81686401367193 15.500000000000002 15.500000000000002 67.500000000000014 -279.12499999999994 8.5973202492459251 24.831133842468265 -128787.04687499999 308.89906311035162 142.62500000000003 83.500000000000014 11.500000000000002 2.038300310227688 7.5000000000000009 101.50000000000001 3.6051150078644514 0.087868053375201094 8.5973202492459251 1.5707821942083353 2.5000000000000004 0.96143848876453719 23.576487831425258 12.586758781817403
decision_type=2 2 2 2 2 2 2 2 2 2 2 2 2 2 2 2 2 2 2 2 2 2 2 2 2 2 2 2 2 2
left_child=1 3 18 11 5 6 -4 8 9 -5 -9 12 17 -14 15 -13 -16 -1 19 24 21 25 -7 -12 -3 -2 -6 -28 -10 -27
right_child=20 2 4 7 26 22 -8 10 28 -11 23 14 13 -15 16 -17 -18 -19 -20 -21 -22 -23 -24 -25 -26 29 27 -29 -30 -31
leaf_value=-0.055708181630405522 -0.047080921445844887 0.09747470622421095 -0.034264008043745048 0.070737764706356066 0.070534625105741433 -0.045010182353877007 0.065811462952606661 -0.052279377763556116 -0.050186239066166483 -0.052607262714282815 -0.015316467256889611 -0.0081587812749499052 -0.005455812601796799 0.071235573668313235 -0.0012459392334879052 0.16290222321574099 0.0074822598270193677 0.060669404965477472 -0.055423360295315693 -0.052375168982544941 -0.051578610087055103 0.066143735417926022 0.031498132632258036 0.12882708397421916 -0.052302257216781105 -0.050423887993500532 -0.041544924136041446 0.043443771728426513 0.055051671571504174 0.077025025780384698
leaf_weight=12.827507210779002 8.3999497431068431 4.080029231496157 5.7557465586578465 6.4381969136302342 2.2272305543010615 8.1365791508287675 49.140713706845418 2.6479197008302426 47.966313195240218 5.2795815234130714 1.3649778785184024 671.03498908951588 19.976407388108782 30.658415093435906 3582.3967827000015 3.2942512448498737 1149.6055244784511 2.7251151304808436 12.360705673694609 3.982343838782981 20.557289297896205 4.3516947403550139 8.79675145447254 3.8346274122595787 1.1161968337255528 0.54097838059533332 13.376049112295734 2.91571456787642 1.4979182202368964 2.073864545323886
leaf_count=399 1378 30 270 129 33 485 598 253 2146 435 28 16672 362 918 70535 54 23909 65 619 223 3359 17 162 37 67 119 1368 65 4 27
internal_value=-1.43564e-07 0.000183018 0.0189599 -0.000196103 0.0296154 0.0410367 0.0553188 -0.026256 -0.0350938 0.0151632 0.042646 0.000132613 0.0230514 0.0409794 -0.000147972 -0.00732311 0.000874513 -0.0353166 -0.0257357 0.0142445 -0.0288248 0.00161528 -0.00526463 0.0909871 0.0653012 -0.0238784 -0.0146844 -0.0263346 -0.0469993 0.0506574
internal_weight=5689.36 5653.44 111.888 5541.55 90.3488 71.8298 54.8965 69.0295 61.182 11.7178 7.84752 5472.52 66.1874 50.6348 5406.33 674.329 4732 15.5526 21.5393 9.17857 35.9238 15.3665 16.9333 5.19961 5.19623 11.0148 18.519 16.2918 49.4642 2.61484
internal_count=124766 119866 3920 115946 2981 1515 868 3032 2714 564 318 112914 1744 1280 111170 16726 94444 464 939 320 4900 1541 647 65 97 1524 1466 1433 2150 146
is_linear=0
shrinkage=0.05


Tree=129
num_leaves=31
num_cat=0
split_feature=29 33 37 36 13 4 10 50 45 63 66 14 37 10 26 79 50 29 5 58 80 14 68 5 0 80 68 30 80 66
split_gain=12.0159 13.1322 15.7575 34.7594 57.1057 58.4435 54.1962 28.5949 29.6322 34.9554 27.3642 24.2319 24.0747 23.1203 19.1863 30.9397 16.7283 13.2202 13.8653 14.8112 10.7372 15.6294 7.49949 3.12213 2.66392 0.0135512 0.00799808 0.0016696 0.000904194 0.000298603
threshold=584.50000000000011 60.771087646484382 54.491971969604499 0.14784309452326674 0.9322456717491151 15.500000000000002 0.36587302386760717 0.19201980646898467 0.84956152905486149 164.53137419033956 1.5707801006378692 0.94751530885696422 50.895725250244148 0.71198156476020824 53.213235855102546 1.9830348576910779 0.076923034605105037 1299.5000000000002 27.720382690429691 8.7077081979618622 193.50000000000003 0.70350831747055065 60.500000000000007 50.518932342529304 1.0000000180025095e-35 766.50000000000011 87.500000000000014 349.50000000000006 56.500000000000007 1.0303700392247079
decision_type=2 2 2 2 2 2 2 2 2 2 2 2 2 2 2 2 2 2 2 2 2 2 2 2 2 2 2 2 2 2
left_child=27 17 7 4 5 -4 -6 14 12 -10 13 -12 -9 -5 15 -3 -16 18 19 -2 23 -22 -21 -20 -19 26 -26 -1 -29 -30
right_child=1 2 3 10 6 -7 -8 8 9 -11 11 -13 -14 -15 16 -17 -18 24 20 22 21 -23 -24 -25 25 -27 -28 28 29 -31
leaf_value=-0.050468530434371328 0.19152506443191664 0.085080081458210444 0.015278664450406635 0.0036961192117046446 -0.047670694295430222 -0.027342982634310904 0.030541836189232858 -0.00020330009896122101 0.084761541739782231 0.0023619688085832341 -0.0043375090739679713 -0.030116427430566257 -0.024551055111084012 -0.0057466738798693257 -0.013683598295872783 -0.012707477610884166 -0.050806771398587296 0.041213994498553792 0.012748446807670167 0.0091297458795488087 0.043637333263542147 -0.054317241838482015 0.066766036442642993 0.049743267787294369 -0.051803826888199345 -0.060009198953804715 -0.058372576877040387 -0.054585068131635973 -0.050794858398473447 -0.052240006383088546
leaf_weight=9.8867233201017353 1.8796458840370203 8.5039784357068111 182.46018592717883 2218.3788138611999 23.71351149250404 143.83144104553503 335.73928874370176 899.15337966920924 21.378610345709603 32.341766074037878 280.35505921421282 135.0804662303126 114.45036050109775 915.8566398578696 56.06829288721201 165.71608040755382 66.146730707754614 0.84471466031391074 10.775966575369241 8.8542104139924067 6.3205397699493941 11.44815952767385 15.566230928525327 12.114580847322939 5.422016108466778 0.64265326317399729 0.50671172025613476 0.31087287701666255 0.63017118792049565 0.82592560513876379
leaf_count=2360 2 199 8995 46964 981 5227 3286 18207 172 667 5852 3031 2755 17930 1443 3063 2095 25 63 113 110 396 63 58 573 7 16 8 69 36
internal_value=-2.62586e-06 0.000101553 -0.000175692 0.00132943 0.011635 -0.00350923 0.0253821 -0.00485015 -0.00103455 0.0351538 -0.000661447 -0.0127196 -0.00295251 0.000936836 -0.0185883 -0.0079343 -0.0337759 0.0209733 0.0279887 0.0562786 0.00968967 -0.0194736 0.0458686 0.0323276 -0.0423687 -0.0531128 -0.0523652 -0.0507215 -0.0521372 -0.0516146
internal_weight=5685.2 5673.55 5599.17 4235.42 685.744 326.292 359.453 1363.76 1067.32 53.7204 3549.67 415.436 1013.6 3134.24 296.435 174.22 122.215 74.3754 66.9593 26.3001 40.6592 17.7687 24.4204 22.8905 7.4161 6.57138 5.92873 11.6537 1.76697 1.4561
internal_count=124766 122293 120867 92266 18489 14222 4267 28601 21801 839 73777 8883 20962 64894 6800 3262 3538 1426 805 178 627 506 176 121 621 596 589 2473 113 105
is_linear=0
shrinkage=0.05


Tree=130
num_leaves=31
num_cat=0
split_feature=34 48 44 69 44 37 83 71 10 58 48 54 36 40 31 36 6 14 24 21 56 51 5 27 10 26 43 83 83 56
split_gain=12.0685 27.0505 41.7778 42.9094 44.9505 52.6178 34.097 32.3026 35.2463 30.9912 24.995 35.6922 34.6987 30.268 29.4131 28.0796 40.6264 41.0777 38.715 35.7881 25.8904 24.6231 24.5576 24.7978 23.3133 30.6739 55.0202 36.9639 28.0754 40.1951
threshold=1.2811499642663831 34.037017822265632 0.078851317870263879 0.91414141414141425 0.071753125106959456 140.32952117919925 470.31726074218756 5.2641082410505708 0.51203277707099926 10.028960128806803 51.722229003906257 5.969607038068319 0.18142876256737647 -46.624999999999993 432.50000000000006 0.15039728324868271 33.637887954711921 0.90374255180358898 2443.5000000000005 1.0590170025825503 9.8172445558673065 5.7271165336587488 65.546131134033217 2022.455993652344 0.72798261046409618 42.197452545166023 92.375000000000014 460.83531188964849 464.60032653808599 8.8256921855262611
decision_type=2 2 2 2 2 2 2 2 2 2 2 2 2 2 2 2 2 2 2 2 2 2 2 2 2 2 2 2 2 2
left_child=1 -1 3 4 5 -3 -6 -4 -9 -10 11 12 -2 22 -15 16 21 18 -18 -19 -16 -12 23 -13 28 26 -26 -27 -17 -30
right_child=10 2 7 -5 6 -7 -8 8 9 -11 15 13 -14 14 20 24 17 19 -20 -21 -22 -23 -24 -25 25 27 -28 -29 29 -31
leaf_value=-0.0013885277766911681 -0.016263535310858824 0.023109921995559994 -0.0063222246568545 -0.041560979818899363 0.10283434599526242 -0.0096416410966639835 0.0051154806404160877 -0.039621562885979643 0.11373764910917555 -0.016458842272737372 -0.026611906449761098 -0.029791713854689844 0.061819018097251856 0.0075296521850638318 0.33474844376956198 -0.013957394863182735 -0.013716202196067333 0.016792831878242591 0.066787365854499459 0.069460447934269906 0.067353007950721966 0.07226335248955798 0.047627427561768083 0.01327299483642771 0.40649703403034992 0.0010256756162811301 0.026569439495945292 -0.040890148378026153 -0.017186109223693846 0.010570897261284936
leaf_weight=2387.6002858022403 27.686524905846454 489.89600541470281 486.5896793550346 31.559037174083642 26.281225122744218 163.58214805950411 13.51872474644915 8.766795881296277 16.737440398661423 6.2877362406870807 70.965032684121979 319.77755542293016 29.269663228769787 37.179937995926593 1.2672916541341681 275.66457605380856 85.204271998984041 65.57143319878378 18.10847865161486 63.480642916925717 3.1687806193658616 6.9097217498056116 11.932689418317748 37.330316464009229 1.0833345275605077 95.992913480615243 7.9163865217124112 116.34622571681393 165.99948664361727 608.64311562725925
leaf_count=48196 509 8168 9012 1091 279 4516 221 439 108 269 1983 7222 238 1061 9 13959 3223 645 828 590 57 101 283 881 13 4553 126 2541 3164 10481
internal_value=-5.85121e-06 0.00172569 0.00770653 0.0154578 0.0180534 0.0149114 0.0696425 -0.00313185 0.0456981 0.0781835 -0.00307338 -0.0132293 0.0238629 -0.0183738 0.0220493 -7.12593e-05 0.0134157 0.0238903 0.000394323 0.0427 0.143742 -0.0178388 -0.0229322 -0.0252899 -0.00336162 -0.0181091 0.0723029 -0.0219411 -0.000253774 0.0046228
internal_weight=5680.32 3630.82 1243.22 724.837 693.278 653.478 39.7999 518.382 31.792 23.0252 2049.5 467.613 56.9562 410.657 41.616 1581.89 310.24 232.365 103.313 129.052 4.43607 77.8748 369.041 357.108 1271.65 221.339 8.99972 212.339 1050.31 774.643
internal_count=124766 72299 24103 14275 13184 12684 500 9828 816 377 52467 10260 747 9513 1127 42207 7370 5286 4051 1235 66 2084 8386 8103 34837 7233 139 7094 27604 13645
is_linear=0
shrinkage=0.05


Tree=131
num_leaves=31
num_cat=0
split_feature=82 55 54 29 34 33 5 33 4 57 47 80 6 56 61 73 69 45 40 57 32 34 34 0 69 80 2 82 69 5
split_gain=11.8096 12.0723 30.2868 27.5418 26.3202 25.6012 34.8698 31.8697 24.8701 31.6058 61.1165 30.9948 24.5068 39.1545 24.1949 23.7093 39.3829 40.8187 22.7023 21.2019 26.3463 20.6801 22.9023 20.4737 32.4448 17.9748 14.7824 13.9847 12.5358 7.06289
threshold=1529.5000000000002 10.468140260370577 7.1752158550639562 1066.5000000000002 0.17524331478851038 113.30186462402345 65.666843414306655 137.28096008300784 23.500000000000004 12.214433732165141 0.10692428919474042 232.50000000000003 33.637887954711921 9.2636512280247079 0.36666666666666675 0.75381012545513049 0.81313131313131326 0.78615879471142003 38.375000000000007 13.15136562425929 746.21572875976574 1.2311265294408962 1.2811499642663831 52.500000000000007 0.19696969696969699 685.50000000000011 24.500000000000004 42.500000000000007 0.9545454545454547 7.0807559490203866
decision_type=2 2 2 2 2 2 2 2 2 2 2 2 2 2 2 2 2 2 2 2 2 2 2 2 2 2 2 2 2 2
left_child=1 3 15 12 14 6 -6 -7 9 10 -4 -11 13 -1 18 23 26 -18 -5 -10 -21 27 -23 25 -25 -3 -17 -14 -15 -16
right_child=-2 2 8 4 5 7 -8 -9 19 11 -12 -13 21 28 29 16 17 -19 -20 20 -22 22 -24 24 -26 -27 -28 -29 -30 -31
leaf_value=0.078238726934088107 -0.050345264067209419 0.010344180906195242 0.066755821132310642 0.045800258001211236 -0.015627515961345883 0.010708208101737345 0.11669067619785066 -0.0017070291565562214 -0.057152517266502757 0.0074925271817408365 -0.012067655386756023 -0.014802599974593973 0.050180973019778488 -0.057356635770009962 0.056867845907684358 0.012386200220107767 -0.020600499421432054 0.19982118577397986 -0.010352096907170578 -0.070275188281242129 0.0022511087316586568 0.05960520485865093 -0.021813594067893363 0.14859482942370281 -0.0018995859891330971 -0.056598271289712489 0.07137932528371127 -0.045604435939220429 0.052385186741459672 -0.053509305178559265
leaf_weight=14.91307106614113 11.629864347967667 37.47409813728882 54.822879555315012 74.549329442379531 350.91612466686638 614.29339913104195 5.0507571552880099 3260.3182045048452 27.931760900566587 579.05120815182454 44.595664675405715 213.31290558532055 3.9685422312468281 12.567187677137552 1.6562533318065096 32.02331880069687 2.9030663277371769 7.5959396597463638 23.729583270265721 14.590739727806065 88.309738052106695 11.575533972063566 34.024900479314965 6.0226580325397654 8.8349894920829666 13.691315154428592 15.887146777648011 95.758366161928279 3.2818044443847603 11.600063990103079
leaf_count=40 9926 1217 676 734 7748 7558 48 59685 794 9774 778 14392 32 321 8 498 85 39 544 1549 2813 187 1224 99 235 326 135 2890 29 382
internal_value=-1.20467e-05 9.12794e-05 0.00467215 -0.00107168 -0.000285539 -0.000917616 -0.0137501 0.000261323 0.00183804 0.00482466 0.0313984 0.00149044 -0.0204568 0.020086 0.0236894 0.0279635 0.0511678 0.138873 0.0322422 -0.0185195 -0.00803273 -0.0290386 -0.00114568 0.00743509 0.0591044 -0.0075689 0.0319484 -0.0417927 -0.0346327 -0.0397187
internal_weight=5676.88 5665.25 1147.05 4518.2 4342.11 4230.58 355.967 3874.61 1022.61 891.783 99.4185 792.364 176.089 30.7621 111.535 124.433 58.4095 10.499 98.2789 130.832 102.9 145.327 45.6004 66.0231 14.8576 51.1654 47.9105 99.7269 15.849 13.2563
internal_count=124766 114840 33410 81430 76707 75039 7796 67243 30776 25620 1454 24166 4723 390 1668 2634 757 124 1278 5156 4362 4333 1411 1877 334 1543 633 2922 350 390
is_linear=0
shrinkage=0.05


Tree=132
num_leaves=31
num_cat=0
split_feature=4 48 56 42 34 56 46 38 6 57 51 83 4 27 46 37 30 39 83 48 45 40 32 66 80 33 57 56 56 80
split_gain=11.565 12.187 32.6236 26.5824 18.6976 18.7366 21.8813 22.0051 18.3331 28.2348 17.3073 16.148 15.1738 50.1407 15.4011 14.8404 13.7775 13.3717 13.8539 7.8442 4.11432 3.57095 3.03396 2.24103 1.71534 0.481747 0.246337 0.16075 0.603413 0.129144
threshold=1.0000000180025095e-35 -53.407440185546868 8.8256921855262611 16.125000000000004 0.17524331478851038 8.5973202492459251 0.54716910339309932 26.125000000000004 12.05082416534424 13.050584420492573 1.0322556226211557 472.07389831542974 29.500000000000004 1057.2280273437502 0.68225688748702262 93.186641693115249 656.50000000000011 34934.937500000007 467.02117919921881 -58.018493652343743 0.011176841573083353 -333.62499999999994 2146.1035156250005 1.0000000180025095e-35 64.500000000000014 392.46003723144537 9.6818148237684394 36.025881882536957 25.872722826515581 89.500000000000014
decision_type=2 2 2 2 2 2 2 2 2 2 2 2 2 2 2 2 2 2 2 2 2 2 2 2 2 2 2 2 2 2
left_child=21 2 3 19 5 11 10 -8 9 25 -7 20 14 -14 -10 -5 -11 24 22 -2 -3 -1 -19 27 -4 -6 -21 28 -23 -26
right_child=1 4 17 15 8 6 7 -9 12 16 -12 -13 13 -15 -16 -17 -18 18 -20 26 -22 23 -24 -25 29 -27 -28 -29 -30 -31
leaf_value=0.044358965198136507 -0.05676719468995757 0.056731983240969334 -0.014468432236962425 0.022107011786595243 -0.053873336166002588 0.016164161827467698 0.056077419333283432 -0.014277110669933094 0.001422198499154216 -0.085009086114179011 -0.033384031014247875 0.1011134369566368 0.039909303788576482 -0.025666365474783376 -0.010003677667520531 0.17614833158526541 0.020178164731111402 0.055592494612828336 -0.05382953881240387 0.051906964017330387 -0.056133828841397053 -0.050649724833516589 0.15315799163836827 -0.051059195153280085 -0.069747173961149836 -0.071754767558564206 0.026581093826095366 0.054327611137285806 0.053996461049145884 -0.056061103005725046
leaf_weight=1.1575217268546136 4.998666950617916 1.195255616679787 2.5670325112296259 2.5365821218583724 32.086674880585633 39.091514246421866 38.836310883780243 15.570079817523945 4872.0739143033279 3.4989478712668669 32.093874986894662 11.238076787441967 35.767074180621421 157.57670137706737 313.93011658618343 4.075976415653713 28.225801079766825 2.8949595000594845 3.4983639361453243 1.7475287551060312 2.4885953896446154 0.23035877635993784 1.0994198322296145 15.472063413631984 1.8119788945186872 4.2676202640577676 2.1310067813610658 0.36656156182289124 0.34267672896385193 35.373137220129138
leaf_count=94 131 4 31 35 846 944 483 440 99703 230 957 39 708 4522 7990 26 377 95 330 12 66 54 1 4905 14 56 28 1 1 1643
internal_value=-1.59659e-05 0.000109968 -0.0218049 0.0411656 0.000356003 0.0183643 0.0120709 0.0359433 -0.000108513 -0.0258925 -0.0061746 0.0713336 0.000217799 -0.0135354 0.000730543 0.117058 0.00857698 -0.0424505 0.0188192 -0.015366 -0.0195136 -0.0405195 0.0824466 -0.046506 -0.0539991 -0.0559724 0.037992 0.0284698 0.011929 -0.056728
internal_weight=5668.24 5650.68 62.7347 15.4898 5587.94 140.514 125.592 54.4064 5447.43 68.079 71.1854 14.9219 5379.35 193.344 5186 6.61256 31.7247 47.2449 7.49274 8.8772 3.68385 17.5692 3.99438 16.4117 39.7521 36.3543 3.87854 0.939597 0.573036 37.1851
internal_count=124766 119711 2346 232 117365 2933 2824 923 114432 1509 1901 109 112923 5230 107693 61 607 2114 426 171 70 5055 96 4961 1688 902 40 56 55 1657
is_linear=0
shrinkage=0.05


Tree=133
num_leaves=31
num_cat=0
split_feature=3 68 24 14 14 80 24 6 27 5 58 83 82 57 54 66 0 80 14 83 82 29 27 6 4 2 68 0 5 56
split_gain=11.4763 54.1463 50.5476 51.9037 65.8948 49.6319 43.2988 42.7099 44.1481 54.6778 51.0561 37.8172 35.1073 32.215 31.9912 28.781 26.0159 25.0899 25.9927 29.2375 25.4956 21.0103 22.1542 65.654 95.498 49.6786 40.5715 105.466 84.2662 19.1943
threshold=91.500000000000014 27.500000000000004 1126.5000000000002 0.94032204151153576 0.87688982486724865 665.00000000000011 1912.5000000000002 23.82711219787598 1530.591979980469 19.260068893432621 9.7856586881911181 460.83531188964849 1013.5000000000001 10.839930979483263 8.0429208320226664 1.1071384614385351 60.500000000000007 781.00000000000011 0.98459631204605114 466.09365844726568 1009.0000000000001 2970.5000000000005 1835.8040161132815 52.580736160278327 15.500000000000002 26.500000000000004 34.500000000000007 46.500000000000007 35.116527557373054 11.885720533074421
decision_type=2 2 2 2 2 2 2 2 2 2 2 2 2 2 2 2 2 2 2 2 2 2 2 2 2 2 2 2 2 2
left_child=7 14 16 4 15 -6 13 8 9 10 12 -12 -1 -5 -2 -4 -3 18 19 -16 -20 22 26 24 -24 -25 28 -28 -9 -8
right_child=1 2 3 6 5 -7 29 21 -10 -11 11 -13 -14 -15 17 -17 -18 -19 20 -21 -22 -23 23 25 -26 -27 27 -29 -30 -31
leaf_value=-0.056677966953800021 -0.050260305688539245 -0.039824807529327259 0.024878709629832411 -0.029750420956570791 0.014847288761794968 0.064094099369223945 -0.053746550263634431 0.019454415803581846 -0.053973460037621518 -0.051672564015449778 -0.0225513089181048 0.12123909365596278 0.1498101916402127 0.015811646351224413 0.013050968701609456 -0.010204245926423298 0.032285947630476854 -0.061083762605397655 0.020263877568097523 -0.056351412632246592 0.14164839463476406 -0.039178943641356705 0.042898701845652004 -0.029844663373728028 0.0022620331094964884 0.028607540767575181 -0.00020541267095031677 -0.026614835176894391 -0.0069767523496742645 0.0276801679622669
leaf_weight=14.807458172086628 60.281843962555286 68.969928387698019 112.00924981040589 47.929314604960382 83.84756831949926 131.24232324119657 47.717313307337463 583.78724890432204 76.270343976822915 29.016314488486387 6.1274360337993157 18.021168698032852 2.3908504841383538 203.6009549482842 46.636665016179904 122.27808950284088 15.278491411881985 16.722392525756732 16.125381573685448 22.494619015604258 5.9119035974144927 34.311317125495407 208.61156629718607 166.45522282697493 470.9988462656911 46.506275612860918 1901.416579471057 471.84720244948403 623.73787251346221 8.5312885895255004
leaf_count=216 1743 1329 1629 502 983 749 786 9763 2309 875 333 92 20 1806 820 1769 89 276 465 931 16 2783 4845 9823 9098 597 36772 14569 18680 98
internal_value=-1.75619e-05 0.00481494 0.00999172 0.0140797 0.0249137 0.0448964 -0.00173873 -0.00106579 -0.027622 0.00094166 0.0378651 0.0847539 -0.0279727 0.00712975 -0.0210856 0.00656839 -0.0267475 -0.00478485 0.00554165 -0.00953186 0.0528275 -0.000201924 9.70356e-05 0.00714476 0.0147358 -0.0170799 -0.00165973 -0.00545608 0.0058016 -0.0413965
internal_weight=5663.88 1009.58 841.405 757.156 449.377 215.09 307.779 4654.31 146.634 70.3632 41.3469 24.1486 17.1983 251.53 168.173 234.287 84.2484 107.891 91.1686 69.1313 22.0373 4507.67 4473.36 892.572 679.61 212.961 3580.79 2373.26 1207.53 56.2486
internal_count=124766 13991 9740 8322 5130 1732 3192 110775 3845 1536 661 425 236 2308 4251 3398 1418 2508 2232 1751 481 106930 104147 24363 13943 10420 79784 51341 28443 884
is_linear=0
shrinkage=0.05


Tree=134
num_leaves=31
num_cat=0
split_feature=72 79 5 68 32 31 5 33 3 44 29 6 64 47 41 50 50 66 26 56 24 3 34 48 39 79 51 82 30 40
split_gain=11.3801 11.5134 21.601 37.0977 27.9578 43.0595 34.1073 27.2181 25.3562 22.3863 26.8319 20.7867 22.8534 22.0668 19.9004 18.1008 22.7345 42.2698 27.1962 18.6224 25.192 21.3994 16.5057 29.1752 22.9247 15.3476 21.233 10.493 8.26285 7.75693
threshold=6.6000233208143504 12.109429267534084 47.902988433837898 69.500000000000014 1261.3017578125002 820.50000000000011 12.102904796600344 170.92395782470706 37.500000000000007 0.29388576511150016 1714.5000000000002 46.433502197265632 7.3125000000000009 0.094794237669833095 19.625000000000004 0.016700277282849195 0.019999970666710047 0.42053089762385854 115.01385879516603 9.046439857442035 1209.5000000000002 125.50000000000001 0.99674404417119067 29.425903320312504 -6419.1406249999991 10.394112554112557 0.89999656364951408 176.00000000000003 822.50000000000011 -290.12499999999994
decision_type=2 2 2 2 2 2 2 2 2 2 2 2 2 2 2 2 2 2 2 2 2 2 2 2 2 2 2 2 2 2
left_child=1 15 3 11 6 -6 -5 9 14 10 -4 13 -13 -3 -9 19 17 -17 -19 20 28 -22 24 -24 -18 29 -27 -11 -1 -21
right_child=-2 2 7 4 5 -7 -8 8 -10 27 -12 12 -14 -15 -16 16 22 18 -20 25 21 -23 23 -25 -26 26 -28 -29 -30 -31
leaf_value=0.042937685143566384 -0.057196745094433822 0.015851168303293806 0.0095258831100565287 0.037234921455639308 -0.049097124827510136 0.032177226391714261 -0.01777633785191474 -0.033924992907821569 0.062104075305221884 0.032449974826884442 0.04841150368378197 -0.027941506171194137 0.033656292837441565 -0.0046844667074831103 0.045526116965740056 0.25514164678929513 0.01461815432435642 -0.028762722634955197 0.11321496410858432 0.021478905136601792 -0.056767231486390346 0.10616191426453743 -0.012627344837951242 0.0014734621943924531 0.0014656231389173074 0.15948944099580256 -0.054841925879002357 -0.057968975239810788 0.1461809611563552 -0.052370856235820801
leaf_weight=4.4900507088750627 8.6907749187957943 219.87127769988729 155.35463254962815 33.262461802340113 120.14350575432763 18.854256683989661 184.26851575053297 71.674891731105163 9.2773431651294214 4.1656381601933417 62.093228104073205 105.35191082295205 17.568881527186022 322.98136566042376 8.8550650853430835 2.3827564155508325 488.51498405603343 8.5188990252208878 5.5837208799493956 3.8559156150149638 10.550571051542645 2.4911721944808951 438.15730644727591 2253.4427553675632 1029.47258835104 2.2332846266217521 2.3944306499906816 13.966691660971263 3.409593440592289 45.677660398127045
leaf_count=36 314 2542 2422 145 4500 382 2212 1795 53 31 1106 3118 406 4512 229 24 9288 248 107 191 243 2 10042 57311 21217 19 72 526 10 1663
internal_value=-2.51416e-05 6.28169e-05 -0.00396983 -0.0075411 -0.0205569 -0.0380727 -0.00936462 0.00725038 -0.016171 0.016179 0.0206298 -0.000571015 -0.0191374 0.00363307 -0.0251886 0.00132637 0.00175877 0.060361 0.0274512 -0.023005 0.0170357 -0.0256453 0.00152927 -0.000821965 0.00569834 -0.0384867 0.048592 -0.0371965 0.0874989 -0.0466221
internal_weight=5657.56 5648.87 1347.69 1022.3 356.529 138.998 217.531 325.387 89.8073 235.58 217.448 665.773 122.921 542.853 80.53 4301.18 4226.07 16.4854 14.1026 75.1027 20.9414 13.0417 4209.59 2691.6 1517.99 54.1613 4.62772 18.1323 7.89964 49.5336
internal_count=124766 124452 23979 17817 7239 4882 2357 6162 2077 4085 3528 10578 3524 7054 2024 100473 98237 379 355 2236 291 245 97858 67353 30505 1945 91 557 46 1854
is_linear=0
shrinkage=0.05


Tree=135
num_leaves=31
num_cat=0
split_feature=68 0 13 3 32 13 0 29 67 5 26 14 70 51 57 51 0 4 40 3 5 6 32 3 67 0 51 3 5 67
split_gain=11.4142 26.9027 35.5276 38.6247 31.9655 32.6273 35.9444 30.2782 28.2879 27.7833 27.0638 35.8859 14.7424 13.9197 25.6264 16.4829 60.6155 75.9545 24.0716 13.7684 13.4686 71.0972 46.7715 11.8234 17.3365 11.6862 11.2188 11.0353 5.83706 5.833
threshold=5.5000000000000009 55.500000000000007 0.89093396067619335 63.500000000000007 1951.7259521484377 0.83514541387557995 39.500000000000007 2403.5000000000005 215.50000000000003 5.4988608360290536 52.29304504394532 0.93857747316360485 8.0429208320226664 0.023809472789226325 8.8256921855262611 0.041666510417259842 12.500000000000002 10.500000000000002 -70.374999999999986 57.500000000000007 30.095133781433109 35.509126663208015 1795.4795532226565 7.5000000000000009 68.500000000000014 53.500000000000007 0.03296692428490481 17.500000000000004 48.939186096191413 250.50000000000003
decision_type=2 2 2 2 2 2 2 2 2 2 2 2 2 2 2 2 2 2 2 2 2 2 2 2 2 2 2 2 2 2
left_child=1 4 -3 8 9 6 -6 -7 19 -1 11 -11 13 14 -2 16 17 -15 -18 -4 22 -22 -17 24 28 -16 -12 -10 -14 -27
right_child=12 2 3 -5 5 7 -8 -9 27 10 26 -13 23 15 25 20 18 -19 -20 -21 21 -23 -24 -25 -26 29 -28 -29 -30 -31
leaf_value=0.055874262387913466 0.24816837224799901 -0.051232688825445571 0.085332161002550297 -0.060245350742841292 -0.055176308725161494 0.082498546143297533 0.17543872175217448 -0.053172635287938544 0.055679177921940631 -0.04352205485359785 0.071883351297577711 0.046837241296252705 0.23640137186448223 -0.053797049946495007 -0.04616155279479444 0.0063323091912590255 -0.033439416733597425 0.35123007788938471 0.04224677975609184 0.18599134461702355 -0.034975789080077251 0.00012116038424414655 -0.013500234834820999 -0.054690702120670079 -0.052911941325456874 -0.055609789745523934 -0.051449213433115371 -0.054532685974670439 0.071872372188826444 0.045635983322101288
leaf_weight=9.1146060038590786 0.82416433840989967 11.102910640824119 8.0082831848994882 5.9800020013935855 2.3333859107806365 6.2389901108108488 6.1245584222488105 12.064916466479188 6.666048606624825 23.801744057564065 1.8805083631596051 20.410361932445085 0.83385229110718073 1.8727698111470079 33.770066704266355 2002.5820038145612 17.86328303188202 3.030724975746125 25.504731059249025 5.8999669067561618 152.09292847072356 2814.6684886124422 349.10283134657948 20.342990245902911 2.8711838615272427 1.8662915540335223 94.625725124555174 3.4450481235398911 1.5249129082949364 5.9836096445214935
leaf_count=85 9 497 138 89 144 54 23 437 77 1237 61 286 1 147 1154 28199 421 23 310 8 3414 70538 10406 1780 464 83 4401 136 74 70
internal_value=-2.82313e-05 -0.0112546 0.0251787 0.0534589 -0.0197344 0.0306003 0.111816 -0.00692835 0.0817674 -0.0287247 -0.0342043 -0.00180801 0.000421457 0.000600514 -0.0279205 0.000826081 0.0299118 0.19654 0.0110716 0.128032 0.000562092 -0.00167811 0.00338821 -0.0374525 0.0295993 -0.0333877 -0.049046 0.0181278 0.130035 0.0215651
internal_weight=5652.43 217.697 41.1023 29.9993 176.595 26.7619 8.45794 18.3039 24.0193 149.833 140.718 44.2121 5434.73 5409.16 42.4441 5366.72 48.2715 4.90349 43.368 13.9083 5318.45 2966.76 2351.68 25.5729 5.22995 41.62 96.5062 10.1111 2.35877 7.8499
internal_count=124766 7673 945 448 6728 658 167 491 359 6070 5985 1523 117093 114774 1316 113458 901 170 731 146 112557 73952 38605 2319 539 1307 4462 213 75 153
is_linear=0
shrinkage=0.05


Tree=136
num_leaves=31
num_cat=0
split_feature=35 57 6 32 6 67 0 55 60 33 33 77 58 32 77 66 2 32 2 79 36 69 36 24 36 25 43 29 14 35
split_gain=11.3695 11.5222 20.1134 15.7684 37.0905 21.972 24.1157 14.4019 23.5934 26.1671 22.1857 24.5016 22.7381 19.7761 12.7071 9.9624 17.5402 10.4268 7.87382 7.80579 6.45719 3.92777 3.48348 3.46847 3.30027 3.74301 2.63961 2.27549 1.75358 3.54811
threshold=0.56006235640526969 27.981150009880718 71.923461914062514 691.67346191406261 44.546915054321296 6.5000000000000009 7.5000000000000009 11.316665124598853 1.0000000180025095e-35 110.813045501709 113.30186462402345 69.500000000000014 11.438340960231743 1494.1384887695315 183.50000000000003 0.54281942651537951 19.500000000000004 439.41690063476568 28.500000000000004 8.709449458052811 0.075961425045819958 0.60101010101010111 0.46676739204140311 2277.5000000000005 0.19712734591574985 732.66668701171886 -103.12499999999999 990.50000000000011 0.94834819436073314 0.1647131395321508
decision_type=2 2 2 2 2 2 2 2 2 2 2 2 2 2 2 2 2 2 2 2 2 2 2 2 2 2 2 2 2 2
left_child=1 3 15 4 24 14 -7 10 9 -9 11 -5 -12 -10 -6 16 27 -17 -19 -2 23 -18 -21 -4 25 -1 -26 -3 -22 -30
right_child=19 2 20 7 5 6 -8 8 13 -11 12 -13 -14 -15 -16 17 21 18 -20 22 28 -23 -24 -25 26 -27 -28 -29 29 -31
leaf_value=-0.070733563315956122 -0.052708661862913009 -0.027740775137035923 -0.057049165404936868 -0.02129380617763036 0.03651142003778754 -0.059479648870429495 0.00083434245150632112 0.020394557731117938 0.010378958396525766 -0.0081312222086432611 0.0011773729872141129 0.00033767448222356234 -0.021718566023233635 0.042570782029564276 0.21215665770681325 -0.055113934085373066 -0.022629977947584274 0.045269106432480694 -0.050613367634746026 0.057931807403639193 -0.065038076797761454 0.056192679327391581 -0.054715108824372187 0.05155259649122871 0.056660836437667485 -0.14847123513218838 -0.054753617550030755 -0.088984472192116804 0.023611102071521704 -0.063297188754930608
leaf_weight=7.2312273718416673 16.162810334339159 2.2942892191931596 0.98871478158980908 258.48645640630275 2.5319123303052029 19.112728613225045 124.72414818717516 113.27332507647225 149.81476798311633 276.95888501789887 4105.1819773137686 265.22717830895272 111.3788426626561 69.998529047123156 1.7355332204606382 2.9213729642215176 2.0446978207619377 56.814066828374052 2.2250025001703753 2.6587396941613402 7.7259782328619604 6.9610579832806252 0.92509699429501768 2.8672766011441126 0.54356059199199336 1.9703771602362392 24.190174618939636 4.4747929607983679 2.033067874610424 2.78060112753883
leaf_count=142 4744 50 65 6133 38 1320 4771 4251 4216 8494 67761 7245 7312 3824 15 165 51 541 54 72 357 60 82 39 2 15 2800 66 9 72
internal_value=-3.24769e-05 0.000100442 0.0174468 -0.000194699 -0.0146663 -0.00386287 -0.00718005 0.000297683 0.00752888 0.000149001 -0.000632929 -0.0103389 0.000572586 0.0206303 0.107945 0.0280613 -0.00741329 0.037093 0.0416556 -0.0379057 -0.0328791 0.0382965 0.0288542 0.023706 -0.0618157 -0.0873798 -0.0523051 -0.0682267 -0.0502792 -0.0265912
internal_weight=5646.24 5626.49 94.1309 5532.36 182.04 148.104 143.837 5350.32 610.046 390.232 4740.27 523.714 4216.56 219.813 4.26745 77.7353 15.7748 61.9604 59.0391 19.7466 16.3956 9.00576 3.58384 3.85599 33.9353 9.2016 24.7337 6.76908 12.5396 4.81367
internal_count=124766 119868 1529 118339 9103 6144 6091 109236 20785 12745 88451 13378 75073 8040 53 987 227 760 595 4898 542 111 154 104 2959 157 2802 116 438 81
is_linear=0
shrinkage=0.05


Tree=137
num_leaves=31
num_cat=0
split_feature=45 66 49 51 57 78 45 5 10 46 80 56 39 68 80 78 45 13 13 4 42 55 77 51 79 51 68 67 33 4
split_gain=11.295 24.2908 27.599 37.4254 27.6886 34.8224 26.483 32.1898 25.9658 22.8366 22.3023 36.4565 32.1132 26.101 21.9497 20.4654 21.3239 18.9082 28.2931 37.1062 31.1097 28.2707 23.5533 19.2754 26.8027 18.8897 18.2103 32.8235 20.3543 25.5147
threshold=0.23636525619484108 1.3201038653131358 1.1906188251260761 2.4999564401543721 10.147287575185912 101.50000000000001 0.15688940638657287 39.75433540344239 0.46402969956398016 0.68225688748702262 735.50000000000011 10.593520618451764 -12697.171874999998 92.500000000000014 89.500000000000014 169.50000000000003 0.11711950327990524 0.91746056079864513 0.93943655490875255 15.500000000000002 1.1250000000000002 9.4051055648739563 63.500000000000007 3.7390870831739673 18.508066581306021 1.2791692437941466 93.500000000000014 124.50000000000001 160.40924835205081 22.500000000000004
decision_type=2 2 2 2 2 2 2 2 2 2 2 2 2 2 2 2 2 2 2 2 2 2 2 2 2 2 2 2 2 2
left_child=1 2 4 -4 5 -1 -5 -8 14 26 13 12 -12 25 -3 16 -6 23 20 22 -19 -22 -20 -11 -25 -10 -2 28 29 -28
right_child=9 8 3 6 15 -7 7 -9 10 17 11 -13 -14 -15 -16 -17 -18 18 19 -21 21 -23 -24 24 -26 -27 27 -29 -30 -31
leaf_value=-0.030224156396734276 0.00053498715866260791 0.036117939690963101 -0.025376004760341943 -0.018252106623909772 -0.015493544699154061 0.12065556125551605 -0.010328398971978415 0.10353795875094177 -0.020984381292642063 -0.047642388942631952 0.0089128429131322649 -0.035899858885531565 0.089226725485610781 0.074894493832848047 -0.046020062448067667 -0.042995641868812176 0.037068793101106688 -0.033805161352690731 0.067803260682379005 -0.04849905637575621 0.097129811692336421 -0.025239906943016144 -0.025848008363777708 -0.025935918799302876 0.13517594239084568 0.029890227074129555 -0.014457153952755528 -0.033641451068758065 -0.02077341815024826 0.05679562371818906
leaf_weight=5.5067964795744073 4749.2153165890923 12.464332542265764 147.87120159447659 19.01685729395831 30.783839883646579 12.515544448047875 10.149141048925232 15.978692937860613 42.151935416201013 65.242865968379192 17.630637637339532 10.375511680846101 42.32756700576283 14.256698967103146 23.409116154129151 16.864647300753859 51.703823266099789 12.067493081282008 14.608694437774831 47.923144700325793 17.707469186163511 6.4351009516540207 12.422966709855244 9.1289417535590456 3.5992182409827356 32.171455011761282 21.270852008528891 107.24262758648547 37.317426393608912 30.693630147754448
leaf_count=86 101627 113 3554 521 1169 43 182 208 952 3259 156 146 239 128 1749 810 1265 283 193 828 148 179 344 370 45 503 528 3814 1084 240
internal_value=-3.24307e-05 0.00710128 -0.00158422 -0.0132108 0.0175351 0.0745537 0.0266361 0.0593075 0.0209415 -0.000734257 0.029615 0.0506359 0.0656105 0.0129242 -0.017481 0.00719199 0.0174529 -0.0177852 -0.00454515 -0.0220776 0.0317469 0.0645127 0.0247639 -0.0366619 0.0196226 0.00103709 -8.21901e-05 -0.0149969 0.00739833 0.0276294
internal_weight=5640.05 505.178 310.391 193.016 117.375 18.0223 45.1447 26.1278 194.787 5134.88 158.914 70.3337 59.9582 88.5801 35.8734 99.3523 82.4877 189.136 111.165 74.9548 36.2101 24.1426 27.0317 77.971 12.7282 74.3234 4945.74 196.525 89.2819 51.9645
internal_count=124766 11824 7838 4465 3373 129 911 390 3986 112942 2124 541 395 1583 1862 3244 2434 5649 1975 1365 610 327 537 3674 415 1455 107293 5666 1852 768
is_linear=0
shrinkage=0.05


Tree=138
num_leaves=31
num_cat=0
split_feature=83 29 32 68 10 3 4 5 4 58 13 10 32 10 0 80 3 68 4 2 33 31 21 27 10 0 68 66 33 52
split_gain=10.9194 57.2012 27.5041 45.0478 130.793 93.2785 109.421 74.5873 43.5788 31.3166 32.154 30.2927 26.6517 25.7432 40.8406 23.0415 23.895 22.796 20.3663 29.7685 20.2807 36.6394 30.8021 36.1862 29.771 26.0662 21.7689 19.005 16.5738 16.43
threshold=134.19710540771487 1359.5000000000002 874.84548950195324 20.500000000000004 0.85241937637329113 79.500000000000014 7.5000000000000009 55.309698104858406 19.500000000000004 9.4282234561998255 0.84673738479614269 0.67204302549362194 527.32507324218761 0.84563493728637706 41.500000000000007 89.500000000000014 79.500000000000014 48.500000000000007 16.500000000000004 6.5000000000000009 116.6866798400879 345.50000000000006 0.78656607866287243 958.77999877929699 0.49603174626827246 31.500000000000004 93.500000000000014 1.2309513612611103 251.62552642822268 0.86685433312976945
decision_type=2 2 2 2 2 2 2 2 2 2 2 2 2 2 2 2 2 2 2 2 2 2 2 2 2 2 2 2 2 2
left_child=1 12 3 4 -2 6 -6 8 -5 10 -9 -10 -1 14 27 16 18 -3 19 -4 22 24 23 -17 -22 -24 -23 -14 -15 -11
right_child=2 17 15 7 5 -7 -8 9 11 29 -12 -13 13 28 -16 20 -18 -19 -20 -21 21 26 25 -25 -26 -27 -28 -29 -30 -31
leaf_value=-0.024705837472853719 -0.053763608864795136 -0.060015490273953913 0.033904177200755579 -0.045401395122214971 0.065263792741716203 -0.059178203824255662 0.27807940063107828 -0.025503538960230727 -0.021093066020747259 -0.04165972622213774 0.10571353857338724 0.039174047543726165 0.0020723736477535897 0.049055415222107164 -0.060752018294342014 0.031302463367699346 -0.055014068002476095 0.0052815213146131341 0.050373744603326921 -0.053186192756022294 -0.053124044943486104 0.0011153235138843362 -0.026954025157866837 -0.036987352636815581 0.037943641682175941 0.0043909433101583135 -0.01900018613764852 0.034319697314017961 -0.039543919416611811 0.017150387652708307
leaf_weight=35.349371261429042 28.38543911051238 38.359871326712891 29.465599612798542 188.83125055105484 18.81396881869296 8.1134111527353507 8.8958378173410875 6.389610631682447 82.444714072305942 15.480646783529663 17.334233328932896 27.908789228997193 90.389569532650057 84.284817554755136 17.905875417171046 22.567667134688236 8.953952733660115 20.514458314748481 55.645096992142498 14.71060024295002 9.8632395920285472 3855.0563720294158 82.298739728576038 138.14306699902227 99.583958702656673 341.73507067013998 139.35963243276638 92.392115799244493 5.6310344636440268 51.00502281478839
leaf_count=1626 2310 491 130 8993 493 143 103 82 3141 827 60 314 695 291 241 254 145 139 145 128 397 76752 7926 3732 663 8325 4123 518 41 1538
internal_value=-3.48598e-05 0.00809494 -0.000630665 -0.0123989 0.0264042 0.0899272 0.133585 -0.0187973 -0.0308134 0.0210548 0.0703725 -0.0058513 0.0162876 0.0212741 0.011313 0.00048205 0.023232 -0.0372631 0.0302506 0.00490323 -4.57464e-05 0.00119555 -0.00875744 -0.0273978 0.0297367 -0.00169266 0.000413521 0.0183727 0.0435068 0.00345693
internal_weight=5635.81 384.827 5250.99 453.603 64.2087 35.8232 27.7098 389.394 299.185 90.2095 23.7238 110.354 325.953 290.603 200.688 4797.38 108.775 58.8743 99.8213 44.1762 4688.61 4103.86 584.745 160.711 109.447 424.034 3994.42 182.782 89.9159 66.4857
internal_count=124766 4042 120724 18004 3049 739 596 14955 12448 2507 142 3455 3412 1786 1454 102720 548 630 403 258 102172 81935 20237 3986 1060 16251 80875 1213 332 2365
is_linear=0
shrinkage=0.05


Tree=139
num_leaves=31
num_cat=0
split_feature=55 55 4 6 0 57 13 26 52 45 58 26 48 51 43 35 58 6 5 50 60 68 32 24 0 30 30 3 2 0
split_gain=11.1396 11.8763 50.6425 73.6724 40.7201 31.6153 30.4534 26.5142 27.0608 38.8734 25.1908 28.163 22.2214 17.4807 35.4443 28.6285 23.5912 63.3779 24.4482 15.2248 10.4185 6.75408 0.145942 0.10493 0.0976028 0.0637175 0.0565223 0.0527354 0.0476069 0.0194698
threshold=5.969607038068319 6.9887509499112168 23.500000000000004 41.952072143554695 26.500000000000004 11.316665124598853 0.73580819368362438 57.868890762329109 0.92493479975802362 0.52362992698616573 7.9533162578443202 25.931097984313968 -64.222198486328111 1.6556375226281845 -22.374999999999996 0.19467372647425871 8.2763017972206985 36.930778503417976 36.025882720947273 0.57922694201328662 3.5000000000000004 98.500000000000014 1026.4475097656252 1209.5000000000002 28.500000000000004 1485.5000000000002 869.50000000000011 111.50000000000001 18.500000000000004 33.500000000000007
decision_type=2 2 2 2 2 2 2 2 2 2 2 2 2 2 2 2 2 2 2 2 2 2 2 2 2 2 2 2 2 2
left_child=21 2 7 5 -5 22 -7 24 12 -10 11 -3 -9 16 20 -16 17 -12 -18 -6 -15 23 -4 -1 -2 -26 28 -28 -13 -25
right_child=1 10 3 4 19 6 -8 8 9 -11 13 26 -14 14 15 -17 18 -19 -20 -21 -22 -23 -24 29 25 -27 27 -29 -30 -31
leaf_value=-0.066688245291928336 -0.051916170051318357 0.24112208002142071 -0.065342206687517321 0.17330064260037248 0.067552277641284617 0.1760686166207196 0.0034973125687354474 0.113758003595334 0.11116328099438054 0.0061851212058755302 -0.047143996776847649 -0.054093043926830779 -0.032524148968294711 -0.044636899834630255 0.0097954610688376353 -0.0044591728190699316 0.00094836800084666529 0.052880835513738712 -0.0074217641965629829 0.00025736099870191331 0.0027504459336223867 0.07150585611882096 -0.0545059746647448 -0.053122944578919563 -0.058216972547825332 -0.069185258665902888 -0.05431248956726601 -0.063642772665295624 -0.065388743773409599 -0.057912344200955604
leaf_weight=2.2038685919251266 6.4221101111616035 0.82182037830353039 3.7502378523349789 8.3848612681031209 45.537576040253043 3.0871399412280907 14.871674978698136 2.7314159079105584 10.308726455201393 61.002555998275056 21.977464192081243 1.4532348453067268 52.421175702504115 47.123657359668869 1138.3095037936437 510.05925714143814 1972.5449478081864 56.677565409452654 1564.2480488508154 10.307169403880833 15.386070865846703 1.1204453958198435 18.120245983707719 6.7820268584182468 15.301533546124121 1.4495351567165915 21.981762290990449 1.6265002605505277 2.604622786398977 3.0882239352213219
leaf_count=30 352 1 24 33 102 17 204 30 221 1183 371 41 1236 2103 20964 16427 36491 714 42365 49 197 3 357 285 215 24 634 20 20 53
internal_value=-3.87598e-05 6.91958e-05 0.0106399 0.0374285 0.0705581 -0.015997 0.0331625 -0.0079892 0.00102026 0.0213607 -0.000431612 -0.047324 -0.0252796 -0.000180808 0.00398315 0.00538461 -0.00215125 0.0249323 -0.00275356 0.0551318 -0.032973 -0.0459266 -0.0563641 -0.056824 -0.0571569 -0.0591661 -0.0558923 -0.0549553 -0.0613434 -0.0546215
internal_weight=5621.7 5608.51 253.696 104.059 64.2296 39.8293 17.9588 149.637 126.464 71.3113 5354.81 28.4879 55.1526 5326.33 1710.88 1648.37 3615.45 78.655 3536.79 55.8447 62.5097 13.1946 21.8705 12.0741 23.1732 16.7511 27.6661 23.6083 4.05786 9.87025
internal_count=124766 124395 4047 786 184 602 221 3261 2670 1404 120348 716 1266 119632 39691 37391 79941 1085 78856 151 2300 371 381 368 591 239 715 654 61 338
is_linear=0
shrinkage=0.05


Tree=140
num_leaves=31
num_cat=0
split_feature=82 68 10 13 30 65 5 5 5 26 67 70 51 51 0 41 5 53 67 67 0 66 66 54 30 26 41 58 5 29
split_gain=10.9284 11.02 23.7652 31.0061 30.7828 37.3921 30.2652 27.5348 26.7597 24.462 20.5478 13.2626 12.9911 14.1692 46.4474 13.0483 12.5505 11.9417 9.43477 14.9561 5.2173 0.844177 1.55542 0.149832 0.124302 0.0403166 0.0302765 0.00779276 0.00304969 0.0022999
threshold=1529.5000000000002 5.5000000000000009 0.90161287784576427 0.89093396067619335 1601.5000000000002 6.6000232696533212 48.587106704711921 26.552532196044925 5.4988608360290536 52.29304504394532 215.50000000000003 8.0429208320226664 0.023809472789226325 0.041666510417259842 12.500000000000002 37.125000000000007 30.095133781433109 0.83277356542674741 68.500000000000014 60.500000000000007 49.500000000000007 0.19626001030628698 0.19739378471945798 16.611554206930453 656.50000000000011 47.834348678588874 -57.124999999999993 21.173059888891718 3.4418052434921269 1781.5000000000002
decision_type=2 2 2 2 2 2 2 2 2 2 2 2 2 2 2 2 2 2 2 2 2 2 2 2 2 2 2 2 2 2
left_child=1 2 4 23 8 6 -6 24 20 -10 -9 12 15 14 -14 17 -15 -3 19 26 -1 -20 -23 27 -5 -7 -13 -4 29 -2
right_child=28 11 3 7 5 25 -8 10 9 -11 -12 18 13 16 -16 -17 -18 -19 21 -21 -22 22 -24 -25 -26 -27 -28 -29 -30 -31
leaf_value=-0.0018243016868663719 -0.059857832580253047 0.027033327209295344 -0.052019951240688422 -0.070078487158887232 0.085864385103665827 -0.067020716277694778 -0.056349322104239701 0.10611606583048008 -0.0043820696846670858 -0.051005090900386831 0.014634405172797205 -0.072220075132641282 0.16382253985367837 0.0033607533494995588 0.010223936574467529 0.12296148562341609 -0.0015461389602555234 -0.04541412227411503 0.010386985237581537 0.10774505926375653 0.079339032590873104 -0.1806802735049953 -0.054165249043587174 -0.023449415735745147 -0.053826063827818807 -0.053233005956321772 -0.053072570302422989 -0.05824518836170578 -0.050184909614475443 -0.051910742146636095
leaf_weight=2.92380333249457 0.13756546378135581 6.8929949682496945 9.469427618954791 2.0123176551423994 19.099390045623299 0.55893101519904931 4.6524083265103391 15.307429922919257 41.761695674766088 86.215671281010145 10.247193179500753 0.22227392334025386 5.5527434644463929 2340.7791002845916 43.317467370012309 1.3929389858967614 2939.6801378885139 32.53778917164891 0.49336749408394354 2.6093449333566241 6.1338746696710587 0.24635376397054898 17.542190082269371 0.46950818551704365 2.8323815264739096 10.314567606488707 2.9005611705360961 0.53089654375799078 10.366283357579958 0.26918518205638975
leaf_count=76 1 152 468 16 333 52 133 152 1435 4265 218 6 158 34765 679 32 68676 1010 20 38 6 10 1435 9 57 444 186 9 9864 61
internal_value=-4.06375e-05 5.60328e-05 -0.0111116 0.0231548 -0.0192698 0.0228521 0.0580081 0.0487132 -0.0299129 -0.035791 0.0694327 0.000496035 0.000661827 0.000877065 0.0276762 -0.0274364 0.000629041 -0.0327494 -0.036579 0.0193907 0.0531396 -0.054128 -0.0559174 -0.0510544 -0.0605767 -0.0539417 -0.0544354 -0.0523504 -0.0503516 -0.0545985
internal_weight=5617.47 5606.7 212.529 40.8692 171.66 34.6253 23.7518 30.3993 137.035 127.977 25.5546 5394.17 5370.15 5329.33 48.8702 40.8237 5280.46 39.4308 24.0141 5.73218 9.05768 18.2819 17.7885 10.4698 4.8447 10.8735 3.12284 10.0003 10.773 0.406751
internal_count=124766 114840 7673 929 6744 962 466 443 5782 5700 370 107167 105472 104278 837 1194 103441 1162 1695 230 82 1465 1445 486 73 496 192 477 9926 62
is_linear=0
shrinkage=0.05


Tree=141
num_leaves=31
num_cat=0
split_feature=35 79 5 4 14 68 24 6 37 37 54 6 66 3 50 50 67 48 52 51 67 57 35 46 25 34 5 13 79 35
split_gain=10.7342 10.9144 19.7414 33.7487 42.6393 33.647 37.5685 37.1838 30.9571 42.0347 29.1283 21.4931 22.9826 21.6585 16.3639 19.3355 32.7439 26.2505 19.5417 17.872 20.3302 27.8879 15.4 14.4158 33.4911 17.6406 12.688 10.1118 7.18863 4.66121
threshold=0.56006235640526969 12.109429267534084 47.902988433837898 25.500000000000004 0.90374255180358898 74.500000000000014 1302.5000000000002 57.279808044433601 107.81002044677736 87.64630508422853 6.6000233208143504 46.433502197265632 0.46363837842092065 15.500000000000002 0.016700277282849195 0.019999970666710047 405.50000000000006 24.814880371093754 0.89999995311355574 1.0322556226211557 62.500000000000007 10.961058806445019 0.14573522323902446 0.055049989029327874 2246.3518066406255 0.17524331478851038 52.91864204406739 0.98060482740402233 8.709449458052811 0.086530165417319962
decision_type=2 2 2 2 2 2 2 2 2 2 2 2 2 2 2 2 2 2 2 2 2 2 2 2 2 2 2 2 2 2
left_child=1 14 5 8 22 11 10 -8 9 -4 -7 12 -3 -13 19 16 18 -18 -16 20 21 -1 -5 24 -17 -25 -22 -10 -2 -6
right_child=28 2 3 4 29 6 7 -9 27 -11 -12 13 -14 -15 15 23 17 -19 -20 -21 26 -23 -24 25 -26 -27 -28 -29 -30 -31
leaf_value=0.10352441566404168 -0.052621276893855831 -0.038233389980807393 -0.0037749088157565552 0.011738447982829418 0.024350628878208741 0.032058980167530525 -0.046466328890838487 0.098103957626659993 -0.047827405519854455 0.050312992457013199 -0.018444047146166726 0.043314770788362794 0.0046318300531526723 -0.026513555694090377 0.074617640633633894 0.0098559493045811686 0.24493729541761403 0.032992593782733004 -0.057718994069857324 -0.056448921294375433 -0.03732067913754112 -0.051226109190030011 0.080085945754888477 0.01869965135431307 -0.028499032530735258 -0.00072598841682986544 0.045012705853007887 0.024898757601930558 0.027589578887287136 -0.068807329430468508
leaf_weight=8.3513325622770918 15.230391432982289 33.087250889104325 177.12922334221366 10.903483379981479 1.6165738869458417 39.540049625211395 127.61906719890248 4.6083022633247301 38.395629050501157 45.058628914150177 102.7297198032611 12.242959609196985 569.37622776717762 119.43738378287526 5.2669806679768971 819.1915823558229 3.261947527062147 2.646019265637733 5.9307655361189973 25.002758096743491 29.141214198054513 4.4693844724679357 33.7600057143718 121.33619302896841 61.164415656559868 3175.0566764028044 5.5743957051017778 5.4590963022201313 3.4206798576633437 7.9275555904023349
leaf_count=50 4744 569 3886 60 8 246 4101 525 1245 729 1234 226 7297 3572 83 14956 22 75 180 871 892 153 54 2864 1865 73771 183 72 154 79
internal_value=-4.15997e-05 8.46301e-05 -0.00387217 0.00694311 0.0429014 -0.0073061 -0.0222408 -0.0414279 -0.000383588 0.00719386 -0.00440809 -0.001722 0.00227768 -0.0200213 0.00131709 0.00172434 0.0547749 0.150013 0.00452697 -0.0222282 -0.00422905 0.0495774 0.0634006 0.00150708 0.00719116 -1.09544e-05 -0.0241001 -0.0387744 -0.0379103 -0.0530283
internal_weight=5613.94 5595.28 1328.89 320.25 54.2076 1008.64 274.497 132.227 266.043 222.188 142.27 734.144 602.463 131.68 4266.39 4193.85 17.1057 5.90797 11.1977 72.5391 47.5363 12.8207 44.6635 4176.75 880.356 3296.39 34.7156 43.8547 18.6511 9.54413
internal_count=124766 119868 23903 6133 201 17770 6106 4626 5932 4615 1480 11664 7866 3798 95965 93816 360 97 263 2149 1278 203 114 93456 16821 76635 1075 1317 4898 87
is_linear=0
shrinkage=0.05


Tree=142
num_leaves=31
num_cat=0
split_feature=83 29 32 68 0 36 5 68 5 5 5 57 32 10 0 68 6 6 5 30 0 27 6 80 42 29 33 72 42 41
split_gain=10.6014 52.8846 25.1892 39.6459 66.2845 65.1329 46.8825 41.1093 37.6663 40.7483 35.406 29.5934 24.2604 23.8676 37.8653 21.5874 19.6272 19.3749 46.6062 37.7144 28.2088 75.2145 58.5243 17.9112 16.4057 16.012 15.3087 12.732 12.2101 11.3461
threshold=134.19710540771487 1359.5000000000002 860.42129516601574 10.500000000000002 53.500000000000007 0.29054256231096448 55.309698104858406 6.5000000000000009 33.657146453857429 33.023685455322273 50.948324203491218 10.593520618451764 527.32507324218761 0.84563493728637706 41.500000000000007 48.500000000000007 53.093004226684577 68.818317413330092 65.666843414306655 842.50000000000011 59.500000000000007 1358.487976074219 62.736364364624031 216.50000000000003 -37.874999999999993 632.50000000000011 251.62552642822268 5.2641082410505708 -36.874999999999993 -21.124999999999996
decision_type=2 2 2 2 2 2 2 2 2 2 2 2 2 2 2 2 2 2 2 2 2 2 2 2 2 2 2 2 2 2
left_child=1 12 3 4 -2 10 8 -7 9 -5 -6 29 -1 14 16 -3 -14 18 20 -20 22 -22 -4 -19 -10 -13 -15 -25 -17 -8
right_child=2 15 17 6 5 7 11 -9 24 -11 -12 25 13 26 -16 28 -18 23 19 -21 21 -23 -24 27 -26 -27 -28 -29 -30 -31
leaf_value=-0.023601733365812842 -0.052828084671882852 -0.059166798538615777 0.00067360683476211641 -0.015957399763522988 -0.056716057207459161 0.086294086204987866 0.098754273847194471 0.32839046786747306 0.057224163690521301 0.10423411909229166 0.11252550610978462 0.059943965273744529 -0.0025233950524875168 0.047737735235872061 -0.059910591777208616 0.065563246031601533 0.03111772014379497 0.0083365982510128014 0.10838682271291765 -0.053290152201838019 -0.0099308634783491848 0.07438866515900372 -0.039496901937399284 -0.04419347447208747 -0.049630353828449707 -0.0093149883764802252 -0.038150764352957958 0.10306672891052174 -0.019695983044907314 0.0091811446311327507
leaf_weight=34.636717569403118 11.627720319622314 36.754929278977215 4520.4088655433443 145.53302823044942 6.1137844051700103 3.1985199415939851 12.447377348958982 3.8812848433153704 3.69598934399255 7.4109299966075914 6.2489387420937419 9.7010067156807036 71.761838738806546 82.640672718174756 17.158255332149565 5.9045499609783318 109.53577432152815 29.090855411981465 17.007719734625429 4.5779455827578195 62.639161285886075 45.774406229975284 92.525367301306687 53.589680157587281 127.80337305640569 59.707738169046934 5.5356158185750237 1.5091349087597326 14.540207530371843 4.9378023287281385
leaf_count=1626 1172 491 84475 4954 171 72 25 50 258 182 40 279 673 291 241 21 540 1305 62 228 1598 2528 7082 6327 7595 2234 41 37 118 50
internal_value=-4.35037e-05 0.00803747 -0.000628346 -0.0126486 0.0416069 0.0980842 -0.0171895 0.219016 -0.0270046 -0.0101335 0.0288298 0.0149769 0.0159239 0.0207002 0.0110829 -0.0362578 0.0178018 0.000373462 0.0007955 0.0740979 0.000460366 0.0256706 -0.000132126 -0.0234026 -0.046627 0.000365083 0.0423457 -0.0401601 0.00492732 0.0733134
internal_weight=5607.9 378.469 5229.43 402.307 31.0702 19.4425 371.237 7.0798 284.443 152.944 12.3627 86.7939 321.269 286.632 198.456 57.1997 181.298 4827.12 4742.93 21.5857 4721.35 108.414 4612.93 84.1897 131.499 69.4087 88.1763 55.0988 20.4448 17.3852
internal_count=124766 4042 120724 17082 1505 333 15577 122 12989 5136 211 2588 3412 1786 1454 630 1213 103642 95973 290 95683 4126 91557 7669 7853 2513 332 6364 139 75
is_linear=0
shrinkage=0.05


Tree=143
num_leaves=31
num_cat=0
split_feature=48 56 42 34 6 57 3 4 54 68 6 27 39 76 67 52 58 33 80 4 39 32 39 66 57 68 55 40 82 13
split_gain=10.5614 27.7367 20.5454 16.2587 16.8511 26.7693 15.8271 58.0089 65.8209 37.9577 37.3423 42.6511 19.9974 15.7077 14.02 23.4822 20.6331 18.817 18.545 14.2073 11.7507 10.9888 10.9352 10.5875 10.4532 7.91504 7.23643 4.8914 4.14772 3.24883
threshold=-53.407440185546868 8.8256921855262611 16.125000000000004 0.17524331478851038 12.05082416534424 13.050584420492573 91.500000000000014 27.500000000000004 6.797168879098769 22.500000000000004 23.82711219787598 1530.591979980469 6253.6953125000009 5.8242942327234806 405.50000000000006 0.8565573156157672 8.7548721414193853 251.62552642822268 784.50000000000011 28.500000000000004 -44514.187499999993 746.21572875976574 34934.937500000007 1.0055809996533942 10.341239640687808 45.500000000000007 8.2054533547941393 -324.62499999999994 44.500000000000007 0.92167159914970409
decision_type=2 2 2 2 2 2 2 2 2 2 2 2 2 2 2 2 2 2 2 2 2 2 2 2 2 2 2 2 2 2
left_child=1 2 26 13 5 -5 10 9 -9 -8 11 -6 -12 14 16 19 23 -18 -17 -16 -4 -7 27 -2 -24 -23 -1 -3 -26 -22
right_child=3 22 20 4 6 21 7 8 -10 -11 12 -13 -14 -15 15 18 17 -19 -20 -21 29 25 24 -25 28 -27 -28 -29 -30 -31
leaf_value=-0.056631633251405217 -0.0036518063554729567 0.065067595681749316 0.20762766662501894 -0.055789918772247031 0.001499839299902969 -0.093108738387294054 -0.02446113977309055 0.11472022204668704 0.0094528906929985442 0.006834976291632257 0.00083517837459073886 -0.053800179860395314 -0.010229029945174483 -0.066738468000825293 -0.012528410171075125 0.082070718952725469 -0.010965983271801594 0.11879674015602067 -0.060144618806159435 0.079239995071061858 0.020824586342289803 -0.02055318514186211 0.09819355666169724 0.092740064698676086 0.057398160164431659 0.035202609106786853 0.035983828173627316 -0.053540869802568662 -0.053364586694036459 0.099462099392691267
leaf_weight=4.7436029706150276 4.1117967134341589 0.88972228765487571 1.8588045272044835 34.482694882375654 68.545603547740029 2.4697933049174052 111.74489164423721 25.368352031480754 35.813536498171743 728.60055677747005 3830.926911125498 70.966016143967863 457.11887474631658 5.3814672562002661 21.539526316875712 27.112808158854026 61.60931382367562 2.926476388500304 2.5040171392029142 5.2445153661537907 2.5471536347176871 9.5036258500185813 2.5258386449422678 9.2738273921422643 1.1000663936138151 19.274934406450484 3.7975824848981574 37.768036995024886 3.6481667564657982 2.7117284806445241
leaf_count=127 51 1 17 902 1506 144 2723 264 840 8087 85647 2242 16448 405 584 254 1618 40 31 20 36 270 7 33 2 193 47 1792 426 9
internal_value=-4.63831e-05 -0.0206371 0.0368296 0.00018276 -0.000253342 -0.0254149 5.70102e-05 0.00609562 0.0531008 0.00267338 -0.00117255 -0.0266299 -0.0003443 0.0170233 0.0203791 0.0393661 0.00663603 -0.00508169 0.0700468 0.00544053 0.0995684 0.00810407 -0.0402283 0.0631304 0.016013 0.0167902 -0.0154529 -0.0508111 -0.0277032 0.0613738
internal_weight=5596.11 61.5907 15.6589 5534.52 5394.82 65.731 5329.08 901.527 61.1819 840.345 4427.56 139.512 4288.05 139.704 134.322 56.4009 77.9214 64.5358 29.6168 26.784 7.11769 31.2484 45.9318 13.3856 7.27407 28.7786 8.54119 38.6578 4.74823 5.25888
internal_count=124766 2464 236 122302 119266 1509 117757 11914 1104 10810 105843 3748 102095 3036 2631 889 1742 1658 285 604 62 607 2228 84 435 463 174 1793 428 45
is_linear=0
shrinkage=0.05


Tree=144
num_leaves=31
num_cat=0
split_feature=82 35 14 48 37 3 5 0 2 68 82 64 66 38 57 48 38 56 57 44 45 68 6 5 21 66 14 0 77 3
split_gain=10.4182 11.2011 31.7995 40.7901 70.2531 31.69 53.8191 49.1121 28.8559 30.6779 29.1721 28.5305 36.6416 20.8981 20.7676 20.237 25.561 44.1753 21.9251 22.1301 26.6939 21.4587 20.8852 27.5015 19.5902 17.8665 17.2303 16.0989 3.88463 0.00314075
threshold=1529.5000000000002 0.075027198935872993 0.88444674015045177 37.03700256347657 104.35216903686525 27.500000000000004 49.154563903808601 57.500000000000007 23.500000000000004 36.500000000000007 837.00000000000011 7.3125000000000009 1.1902819921509937 -84.124999999999986 10.147287575185912 4.6851806640625009 -29.374999999999996 8.5973202492459251 8.8256921855262611 0.10166943676147511 0.054440829804386477 17.500000000000004 13.449178218841555 9.6126484870910662 1.992029666900635 1.1125998393377619 0.98886254429817211 11.500000000000002 97.500000000000014 121.50000000000001
decision_type=2 2 2 2 2 2 2 2 2 2 2 2 2 2 2 2 2 2 2 2 2 2 2 2 2 2 2 2 2 2
left_child=1 2 5 11 13 6 7 -1 10 -10 -7 12 -4 -5 -13 18 22 25 28 20 -20 -19 24 -24 -17 -18 -21 -8 -3 -2
right_child=29 15 3 4 -6 8 27 -9 9 -11 -12 14 -14 -15 -16 16 17 21 19 26 -22 -23 23 -25 -26 -27 -28 -29 -30 -31
leaf_value=0.011047870262767137 -0.050178147804933272 0.050795832571555594 -0.012535385392957635 0.094436661480963441 0.33694956067183379 0.018000798875128409 0.025615080676428773 0.095335261012458886 -0.051389745083483533 0.02469317564056393 -0.033675713053103969 0.14862918195067557 0.021589857855833301 -0.045436508786372891 0.037546863266293702 -0.047571061111749524 0.14502955125372302 0.063895965865454638 0.086978543439191355 -0.029161008643919795 -0.0058896081384797808 -0.0055011624929974957 0.015525314822816947 -0.00090953490689280731 0.015352695769522091 0.030990167697638023 0.042344292477176429 -0.025086122484487335 0.14452768777970218 -0.054902995294483517
leaf_weight=41.344511781993788 9.911458651433346 2.0730481992941341 135.85051557881525 7.9450363921932867 2.5399087551049879 32.986767919850536 20.713305806348217 29.695273958786856 16.385251844738377 69.226039382745512 158.69361084001139 4.6409606728702775 186.8582906081574 4.0223753958707666 45.061867178941611 42.943075257237069 9.8611819049692695 14.408396111262844 7.9043564976891494 165.03148039241205 367.24301040038699 49.097257321001962 272.8449585372 3795.1497501266786 17.373787263466511 5.270045109326019 8.8779596049571392 64.13357942859875 2.3681096720974892 0.36466057872166935
leaf_count=1006 9880 29 1958 99 29 619 733 396 1088 757 6525 15 2081 98 659 1187 49 421 80 3368 6452 1533 2246 80651 236 54 102 2342 27 46
internal_value=-4.77126e-05 4.49073e-05 0.00544193 0.0158596 0.0981133 -0.00386324 0.0141737 0.0462808 -0.0140031 0.0101316 -0.0247826 0.0126554 0.00722418 0.0474238 0.0479191 -0.000884855 0.000297626 0.0285366 -0.00987249 -0.0107675 -0.00393288 0.0102439 -0.000240275 0.000192769 -0.0294464 0.105311 -0.0255107 -0.0127087 0.100775 -0.0503458
internal_weight=5590.82 5580.54 820.097 386.919 14.5073 433.178 155.887 71.0398 277.292 85.6113 191.68 372.412 322.709 11.9674 49.7028 4760.45 4206.95 78.6369 553.498 549.057 375.147 63.5057 4128.31 4067.99 60.3169 15.1312 173.909 84.8469 4.44116 10.2761
internal_count=124766 114840 18405 4939 226 13466 4477 1402 8989 1845 7144 4713 4039 197 674 96435 86377 2057 10058 10002 6532 1954 84320 82897 1423 103 3470 3075 56 9926
is_linear=0
shrinkage=0.05


Tree=145
num_leaves=31
num_cat=0
split_feature=72 20 79 10 6 21 77 77 53 80 67 37 83 39 34 53 43 82 34 77 28 13 4 79 51 3 3 51 73 29
split_gain=10.4872 10.9989 24.4155 28.4896 47.6981 25.5351 22.1556 30.143 35.3925 30.4321 21.7878 21.3982 49.6052 17.9112 29.3104 21.1414 17.4994 23.2962 20.2059 16.761 44.3786 16.3555 33.6056 15.8196 12.824 10.8251 10.6018 0.0695122 0.017308 0.0187537
threshold=6.6000233208143504 1.8660253882408144 2.1748578678572579 0.85241937637329113 41.952072143554695 1.2953851819038393 415.50000000000006 906.50000000000011 0.92757794749539679 790.50000000000011 2.5000000000000004 308.89906311035162 478.78565979003912 1108.9218750000002 0.74458562389307004 0.74924278890897378 296.37500000000006 1013.5000000000001 2.0218157347310597 953.50000000000011 186.45526123046878 0.78089722990989696 21.500000000000004 12.109429267534084 27.330600303667264 3.5000000000000004 107.50000000000001 0.075471270917603125 1.0000000180025095e-35 1252.5000000000002
decision_type=2 2 2 2 2 2 2 2 2 2 2 2 2 2 2 2 2 2 2 2 2 2 2 2 2 2 2 2 2 2
left_child=1 2 3 16 5 -5 11 8 9 -8 -6 13 -13 14 -3 -15 18 -18 -1 21 -21 22 -4 -23 26 -10 -9 -2 29 -29
right_child=27 6 19 4 10 -7 7 24 25 -11 -12 12 -14 15 -16 -17 17 -19 -20 20 -22 23 -24 -25 -26 -27 -28 28 -30 -31
leaf_value=-0.030571386027814642 -0.071494757107378973 0.04002007240322536 -0.01951992168432953 0.16855960780917811 0.23638871216044569 0.043326490175091992 0.046270338061124267 -0.053837728209270456 0.087957395873545799 0.21634513630071003 -0.021655728726271452 -0.051136227142186345 0.7487552544080861 0.17749304175954658 -0.01295287915071943 -0.052388930055165706 -0.012285324840214279 0.064293430182318353 0.097247275976426184 0.19062203748857848 -0.052737401333408478 0.0027410060721704942 0.020429441799242044 -0.0038833321270600831 0.12780007780700728 -0.056022131601278252 0.019694877023133425 -0.064594665517916247 -0.053888842936070547 -0.055369098799148024
leaf_weight=189.1929217059951 0.75131986290216257 38.070606475041131 242.50103312307328 6.0560541313607272 0.83858568943105538 12.41454276605509 75.502034271761659 16.104065488354543 1.4831018523836963 2.7251554718241087 33.357228723500157 0.51281576446490262 0.31159129738807678 1.0437153393868381 83.136212537981919 23.960040485610079 59.450889035288128 11.923120800987816 3.1433082014555103 3.9437188669107845 3.5683958385779988 3460.9987211331027 67.237920696716174 1218.584344635703 1.3370824457088009 10.900346634705782 7.0467457586782976 0.9316287565743554 5.0380538587050978 1.3477935825940219
leaf_count=8452 9 1324 11449 13 10 82 2578 1322 23 36 2218 76 1 68 3546 1593 3997 262 163 30 161 65049 1717 19835 36 358 53 13 253 39
internal_value=-5.01612e-05 3.22749e-05 -0.000461004 -0.0139311 0.0196433 0.0843873 0.0100306 0.0264602 0.0397621 0.0521951 -0.0153277 -0.00283042 0.251189 -0.00426271 0.00368573 -0.0427931 -0.0206363 0.000507255 -0.0284825 0.000391859 0.0750217 0.000279493 -0.0108477 0.001016 -0.0227599 -0.0387784 -0.0314556 -0.0570116 -0.0555245 -0.0591397
internal_weight=5583.41 5575.34 5313.21 316.377 52.6664 18.4706 262.134 115.099 90.6106 78.2272 34.1958 147.035 0.824407 146.211 121.207 25.0038 263.71 71.374 192.336 4996.83 7.51211 4989.32 309.739 4679.58 24.4879 12.3834 23.1508 8.0688 7.31748 2.27942
internal_count=124766 124452 113438 15197 2323 95 11014 4406 2995 2614 2228 6608 77 6531 4870 1661 12874 4259 8615 98241 191 98050 13166 84884 1411 381 1375 314 305 52
is_linear=0
shrinkage=0.05


Tree=146
num_leaves=31
num_cat=0
split_feature=55 55 4 6 27 57 66 42 42 42 58 29 29 52 72 40 73 6 79 58 13 30 34 58 47 68 32 24 32 67
split_gain=10.4363 10.3664 44.9513 64.1022 33.1203 29.2951 24.9952 30.1256 38.6421 24.612 23.3777 24.6612 21.1532 18.8705 18.6411 27.8981 16.858 16.0664 13.1645 21.7912 29.8228 19.0968 16.2488 30.7153 22.1016 6.13754 0.123759 0.0963718 0.0486603 0.0361181
threshold=5.969607038068319 6.9887509499112168 23.500000000000004 41.952072143554695 1443.0360107421877 11.316665124598853 1.2403666014730581 -26.124999999999996 -30.874999999999996 -9.3749999999999982 7.9533162578443202 942.50000000000011 1800.5000000000002 0.93832666142382037 2.5563398005778528 -55.374999999999993 0.99998324300889718 52.743703842163093 12.109429267534084 10.33698112507431 0.95359990000724804 1253.5000000000002 0.88425077880561709 8.6015699214151535 0.029481215909602627 98.500000000000014 1026.4475097656252 1209.5000000000002 1032.5859985351565 82.500000000000014
decision_type=2 2 2 2 2 2 2 2 2 2 2 2 2 2 2 2 2 2 2 2 2 2 2 2 2 2 2 2 2 2
left_child=25 2 6 5 17 26 7 8 -2 -7 11 -3 -6 -9 16 -16 -8 -5 22 20 -20 -21 23 -12 -24 27 -4 -1 29 -13
right_child=1 10 3 4 12 9 14 13 -10 -11 18 28 -14 -15 15 -17 -18 -19 19 21 -22 -23 24 -25 -26 -27 -28 -29 -30 -31
leaf_value=-0.06628805583875956 0.022359020525504827 0.20925311531631033 -0.064470456710228316 0.033177246802081659 0.200328546692224 -0.056126583975338908 -0.040647160428440854 -0.029492800521061166 0.1884044556880127 0.069698699756064325 0.036814949718161287 -0.067277728056634095 0.07276222118425138 0.029770243804579613 -0.054596528627377364 0.1520386522907812 0.077341168852947437 0.10095968921234313 -0.0024657885602800693 -0.0027234845787617568 -0.02227692100590678 0.02094165155276724 0.0092903952060968322 0.0040546165333967734 -0.0026547313723032716 0.068614507799524341 -0.054284273946520738 -0.054397645720634769 -0.054767143916837714 -0.056994078221151982
leaf_weight=2.087404714431611 11.62443872887525 0.90925163030624645 3.6093957573175457 40.580194395035505 6.5518998662009817 5.6232023643679012 66.4264743939857 31.688775427406654 5.0157025021035215 12.583193781814769 76.738587984698825 1.4083734303712874 6.4477586587890983 23.315633944643196 3.1372456262179185 3.4077400343085165 3.1719585631508371 11.142781013622878 560.02990100655006 255.16780344101426 287.47583001939347 128.01615161530208 459.38686964519729 1057.8107318200782 2465.7564934037073 1.0711872214451439 17.152501052245498 9.2803725520498102 22.616518832161091 2.1684542300645262
leaf_count=30 262 1 24 118 12 110 1634 733 59 111 836 13 37 371 140 32 30 17 8441 5050 3317 6045 11795 22519 61629 3 357 338 663 39
internal_value=-5.2363e-05 4.98194e-05 0.00996951 0.0352066 0.0657111 -0.0154584 -0.00773734 0.0134611 0.0724087 0.0308365 -0.000419311 -0.0467379 0.137056 -0.00437199 -0.0276833 0.052991 -0.0352698 0.0477797 -0.000182021 -0.00471205 -0.00918577 0.00518269 0.00119125 0.00627046 -0.000778777 -0.0457997 -0.0560551 -0.056581 -0.0556242 -0.0610433
internal_weight=5581.4 5568.96 251.479 103.691 64.7226 38.9683 147.788 71.6446 16.6401 18.2064 5317.48 27.1026 12.9997 55.0044 76.1434 6.54499 69.5984 51.723 5290.38 1230.69 847.506 383.184 4059.69 1134.55 2925.14 12.439 20.7619 11.3678 26.1933 3.57683
internal_count=124766 124395 4047 786 184 602 3261 1425 321 221 120348 716 49 1104 1836 172 1664 135 119632 22853 11758 11095 96779 23355 73424 371 381 368 715 52
is_linear=0
shrinkage=0.05


Tree=147
num_leaves=31
num_cat=0
split_feature=3 55 54 76 80 48 80 29 6 0 32 6 56 29 73 69 45 14 34 48 53 3 80 72 14 33 54 69 79 80
split_gain=10.2985 10.293 23.7537 24.694 32.2503 41.1122 25.7849 20.6343 22.8919 24.7525 84.2946 22.6872 33.1068 21.7525 20.2655 32.3592 29.9894 21.6891 19.6358 18.5451 18.5207 16.1124 14.7764 13.212 12.1374 15.2433 14.8332 12.0164 11.8381 5.51853
threshold=1.0000000180025095e-35 10.468140260370577 7.1752158550639562 1.6291353162923163 740.50000000000011 30.388854980468754 232.50000000000003 1066.5000000000002 68.818317413330092 59.500000000000007 1172.304626464844 33.637887954711921 9.2636512280247079 1307.5000000000002 0.75381012545513049 0.81313131313131326 0.78615879471142003 0.77700603008270275 1.2311265294408962 66.407379150390639 0.86987144267822136 63.500000000000007 790.50000000000011 5.2641082410505708 0.93262276053428661 314.70388793945318 9.6818148237684394 0.9545454545454547 1.6969802998494392 63.500000000000007
decision_type=2 2 2 2 2 2 2 2 2 2 2 2 2 2 2 2 2 2 2 2 2 2 2 2 2 2 2 2 2 2
left_child=-1 7 14 4 6 -6 -4 11 9 13 -11 12 -2 -9 17 19 -17 21 28 -16 -20 -3 -19 29 25 -5 -26 -14 -13 -10
right_child=1 2 3 24 5 -7 -8 8 23 10 -12 18 27 -15 15 16 -18 22 20 -21 -22 -23 -24 -25 26 -27 -28 -29 -30 -31
leaf_value=-0.050669369355991312 0.073048753085594456 0.050983911489447337 0.0099204575355464134 -0.020965239247927165 -0.0084483393387883889 0.07002197278113588 -0.015025522988030907 0.0068642227534756687 0.069409138623448371 -0.021935616072140295 0.079251560679471283 0.089237978336534726 -0.056865456259631408 -0.0023270105731552516 0.039566648932858051 -0.019997991820474893 0.16996230151310163 -0.031481082365074117 0.064523476665059462 -0.058532564927996557 -0.016239021215182541 -0.057822399258077695 0.078170140478257544 0.10890412621572892 0.022177754539280337 0.035267702662896395 -0.0090809005081736137 0.052215480025263966 -0.043048202222195325 -0.049349486926438042
leaf_weight=10.031344487106251 15.075324503704907 26.295421765564246 418.54403425795317 179.83656181092374 27.219580779667012 43.155959574098233 137.65569243219215 795.57157688526786 1.0071936845779408 42.472124280058779 39.934278156681103 1.7240906633669499 11.348146769043522 3372.6918099659524 41.952117787732277 2.7610171850828911 8.3951608251663838 31.747490810201271 8.9388622432161338 5.4427163065120103 34.482923705974827 3.9081352161883833 3.4016289156861594 1.4341765351127822 56.112882676068693 12.917016836348919 117.26289254656876 3.2471896219649343 88.645547417458147 33.994780059918412
leaf_count=2944 40 566 9322 10034 515 660 9613 7674 1 1229 1290 191 321 64348 489 134 43 1265 457 168 852 334 31 18 1699 331 3560 29 2665 3943
internal_value=-5.36434e-05 3.75597e-05 0.00432976 0.00175334 0.00778151 0.0396715 0.0037465 -0.00103932 -0.000374527 -3.62548e-05 0.0270999 -0.0184747 0.0210804 -0.000572735 0.0249718 0.0463352 0.122949 0.00583184 -0.0272467 0.0283012 0.000386846 0.0369051 -0.0208694 -0.0398376 -0.00856298 -0.0171969 0.00103593 -0.032597 -0.0405244 -0.0459322
internal_weight=5577.21 5567.18 1116.61 992.705 626.575 70.3755 556.2 4450.57 4287.11 4250.67 82.4064 163.462 29.6707 4168.26 123.904 58.551 11.1562 65.3527 133.791 47.3948 43.4218 30.2036 35.1491 36.4362 366.129 192.754 173.376 14.5953 90.3696 35.002
internal_count=124766 121822 38764 35734 20110 1175 18935 83058 78503 74541 2519 4555 390 72022 3030 834 177 2196 4165 657 1309 900 1296 3962 15624 10365 5259 350 2856 3944
is_linear=0
shrinkage=0.05


Tree=148
num_leaves=31
num_cat=0
split_feature=53 82 35 26 5 3 63 32 41 6 13 3 67 26 33 36 48 33 3 33 68 32 9 55 6 9 14 57 36 5
split_gain=10.2739 13.8469 30.1193 22.182 26.7146 35.6242 38.0031 31.0662 26.6852 26.3665 20.5216 19.9039 19.6751 18.7811 43.8087 20.9978 17.9882 15.0104 40.4424 23.5487 19.2745 29.2609 22.6912 15.574 12.22 19.4915 8.7545 8.50296 6.63118 6.48471
threshold=0.73823532526764934 45.500000000000007 0.12554427037492921 41.76795959472657 30.746322631835941 63.500000000000007 130.74317565395447 1774.250671386719 9.1250000000000018 63.996946334838874 0.94304329156875621 15.500000000000002 995.50000000000011 45.673433303833015 170.92395782470706 0.14784309452326674 244.5370788574219 204.1973571777344 19.500000000000004 160.40924835205081 32.500000000000007 831.27114868164074 44.687500000000007 16.769764841192679 45.470964431762702 57.687500000000007 0.97188103199005138 27.69658813606619 0.20282017211965991 13.836294174194338
decision_type=2 2 2 2 2 2 2 2 2 2 2 2 2 2 2 2 2 2 2 2 2 2 2 2 2 2 2 2 2 2
left_child=26 2 10 4 5 8 -7 9 -3 -6 24 -9 13 14 -5 -15 -14 18 19 -4 21 -19 -22 -20 25 -2 27 -1 -26 -28
right_child=1 3 17 12 7 6 -8 11 -10 -11 -12 -13 16 15 -16 -17 -18 20 23 -21 22 -23 -24 -25 28 -27 29 -29 -30 -31
leaf_value=-0.053322503445126006 0.011821516522487016 0.010357223896695288 0.027465709484457354 0.0065233902252336846 -0.035416219336195945 0.04300101110199165 -0.023875848892645903 0.083094643690784897 0.095754543730221797 0.01479993697813297 0.04491951277071627 -0.025762587323730757 -0.053553201775203389 0.0068892501852232729 0.074260475916218011 -0.00189376884071332 0.069144243644280817 0.019930730007856265 -0.017645583816305922 -0.051331531604015671 0.033279391632044096 -0.058020391712966128 -0.0095894139073452889 -0.059384584929015861 0.039106116918517321 -0.077253684601190087 -0.063592620769938199 0.0082461690148281763 0.0040503145300384282 0.020707281208474527
leaf_weight=23.757009108900096 18.062709453515712 21.821877711437992 71.288524921110366 203.45134857189259 183.18810852515162 27.128966955991928 97.902606642586761 10.792549810241328 15.75079546755296 30.490825540720834 75.705030008684844 6.8735098000615826 26.864935768244326 845.80972412791016 27.042453490197659 3481.695236109932 3.3608408739382858 25.342349581187591 80.384743715607328 10.936240894719957 95.960978913819417 22.93312168889679 45.506989561137743 30.955256055807695 28.533011320279911 9.3053558913525176 2.7443619159748804 7.3404770375927901 25.58723829354858 13.519177745416526
leaf_count=2333 186 284 584 4298 4850 278 2161 104 89 1264 334 287 1875 24071 363 76623 171 186 1480 124 380 291 469 515 148 137 52 165 262 402
internal_value=-5.48579e-05 0.000144 0.00774521 -0.000680632 -0.0120664 0.00346417 -0.00936511 -0.0229823 0.0461565 -0.0282506 0.0261763 0.0407405 0.000296962 0.000563591 0.0144706 -0.00017713 -0.0399103 0.000186679 -0.00960963 0.0169853 0.0101803 -0.0170997 0.0194895 -0.0292501 0.00876331 -0.0184647 -0.0232433 -0.0387894 0.0225323 0.00648225
internal_weight=5570.04 5522.68 540.502 4982.17 393.949 162.604 125.032 231.345 37.5727 213.679 157.193 17.6661 4588.22 4558 230.494 4327.5 30.2258 383.308 193.565 82.2248 189.743 48.2755 141.468 111.34 81.4883 27.3681 47.361 31.0975 54.1202 16.2635
internal_count=124766 121814 5096 116718 9317 2812 2439 6505 373 6114 1067 391 107401 105355 4661 100694 2046 4029 2703 708 1326 477 849 1995 733 323 2952 2498 410 454
is_linear=0
shrinkage=0.05


Tree=149
num_leaves=31
num_cat=0
split_feature=29 33 37 3 67 67 21 37 41 68 3 3 5 37 52 34 57 29 5 6 57 55 68 17 55 80 54 30 55 5
split_gain=10.191 11.7907 12.4075 22.9596 28.2686 34.4667 22.7694 23.4481 21.7995 18.8052 29.2246 36.2415 19.3787 18.9888 47.6075 31.9656 13.0574 11.6956 10.9225 9.7249 11.1732 8.22426 5.18734 4.6891 2.46712 0.0119435 0.00557396 0.00120478 0.000820245 0.0001762
threshold=584.50000000000011 60.771087646484382 54.491971969604499 11.500000000000002 437.50000000000006 425.50000000000006 1.5995864272117617 38.493505477905281 -89.124999999999986 7.5000000000000009 67.500000000000014 57.500000000000007 5.4988608360290536 74.581329345703139 0.88987870375269629 0.76020867819193172 30.552585334604711 1299.5000000000002 27.720382690429691 62.736364364624031 18.98536550658331 8.2054533547941393 60.500000000000007 1.5000000000000002 25.148031444901253 766.50000000000011 5.5093402044631885 349.50000000000006 18.312678035686606 51.681627273559577
decision_type=2 2 2 2 2 2 2 2 2 2 2 2 2 2 2 2 2 2 2 2 2 2 2 2 2 2 2 2 2 2
left_child=27 17 3 4 5 -3 7 -5 -8 10 11 -4 -12 14 -11 -15 -6 18 21 20 -20 -2 -23 -21 25 26 -19 -1 29 -29
right_child=1 2 9 6 16 -7 8 -9 -10 13 12 -13 -14 15 -16 -17 -18 24 19 23 -22 22 -24 -25 -26 -27 -28 28 -30 -31
leaf_value=-0.050431614571952936 0.12252754332948992 0.018294277489161945 -0.015777869056168226 0.0045408796668652196 -0.05651983034838929 0.17045335744587017 0.11432716223108813 -0.011169483038645907 -0.02304141505478843 -0.01995953957227448 0.035254902839884882 0.042943294459736797 -0.055546807932512536 0.0098776382626188618 0.012079871763814943 -0.0028440198822453772 0.056997940748512756 -0.05695677066316273 -0.057323516964729031 -0.048298835838472269 0.019772861944289889 0.0089055664433073164 0.059505998859232717 0.044230407853824233 0.046889239799358308 -0.059606380946297916 -0.051680362008041061 -0.050815759102636672 -0.054403338506607994 -0.052004431187255853
leaf_weight=8.4010266430996108 3.601624226197603 123.79208296135766 112.44543960719602 468.36807261353533 17.657130582272661 3.8370807406608938 2.9267688869731492 481.84812240784231 218.59817564723198 133.7451736391522 6.6786639800993717 34.288171074003913 48.886902089740033 626.92419120214618 871.09505344877834 2325.0771699627076 2.9575023325742213 0.55938935821177338 8.558358597976623 1.4947539109271044 10.42260953853838 7.9918674968648729 13.829797114245592 16.302615979628172 0.69013371609617014 0.61296831257641304 4.7566306397784501 0.62454147444805019 0.2801023325882851 0.62250486260745674
leaf_count=2360 9 3129 4706 7818 829 38 91 9116 7558 2711 83 710 2038 11956 16622 53440 22 26 305 65 85 109 60 172 14 7 574 72 6 35
internal_value=-5.42895e-05 3.62821e-05 -0.00022205 -0.00444556 0.0140938 0.0228688 -0.00679108 -0.00342574 -0.0212265 0.00111836 -0.0137507 -0.00205612 -0.044633 0.00187857 0.0078154 -0.000142288 -0.0402339 0.0206032 0.0273271 0.00990708 -0.0149892 0.0525277 0.0409743 0.0364591 -0.042583 -0.0529976 -0.0522356 -0.0506665 -0.0519583 -0.0514091
internal_weight=5557.87 5547.95 5479.13 1319.98 148.244 127.629 1171.74 950.216 221.525 4159.14 202.299 146.734 55.5656 3956.84 1004.84 2952 20.6146 68.8207 62.2016 36.7783 18.981 25.4233 21.8217 17.7974 6.61912 5.92899 5.31602 9.92818 1.52715 1.24705
internal_count=124766 122293 120867 28601 4018 3167 24583 16934 7649 92266 7537 5416 2121 84729 19333 65396 851 1426 805 627 390 178 169 237 621 607 600 2473 113 107
is_linear=0
shrinkage=0.05


end of trees

feature_importances:
radial_dist_xy_um=239
radial_dist_3d_um=232
time_idx=207
dist_xy_boundary=178
dist_knn_5_um=168
global_candidates_frame=157
global_intensity_median=145
dist_3d_boundary=132
norm_volume_depth=130
pos_z=126
contrast_michelson=120
mean_incident_edge_prob=116
intensity_bg_shell_std=112
intensity_bg_shell_mean=109
intensity_min_r3=106
dist_knn_2_um=92
intensity_max_r3=88
max_incident_edge_prob=87
knn1_intensity_diff=83
global_intensity_std=83
knn1_angle_z=81
contrast_weber=79
mean_dist_k5_um=69
hessian_eig1=65
moment_ratio_x_y=65
snr_local=64
dist_knn_1_um=63
intensity_mean_r3=60
dist_knn_3_um=60
peak_prominence=59
peak_drop_ratio=58
dist_z_boundary=56
elongation=54
temporal_contrast_ratio=54
intensity_center=49
conn_vol_ratio_90=48
grad_mag_3d=47
knn1_dxy_um=45
intensity_dynamic_range=42
time_norm=42
hessian_det=41
intensity_std_r1=39
conn_vol_ratio_75=39
flatness=38
mean_incident_edge_dist=37
intensity_std_r3=32
hessian_eig2=30
moment_ratio_xy_z=29
pos_z_norm=27
intensity_mean_r1=27
hessian_eig3=27
log_response=25
hessian_trace=21
blobness=21
intensity_diff_prev_voxel=20
bidirectional_min_disp_um=17
bidirectional_disp_ratio=17
intensity_diff_next_voxel=17
sphericity=16
knn1_dz_um=15
dist_prev_min_um=14
temporal_disp_consistency=14
voronoi_vol_est=12
global_candidates_dataset=12
optical_path_um=10
count_radius_10um=8
dist_next_min_um=7
min_incident_edge_dist=6
degree_total=4
density_ratio_5_10=4
count_radius_5um=2
track_len_est=1

parameters:
[boosting: gbdt]
[objective: binary]
[metric: auc]
[tree_learner: serial]
[device_type: cpu]
[data_sample_strategy: bagging]
[data: ]
[valid: ]
[num_iterations: 150]
[learning_rate: 0.05]
[num_leaves: 31]
[num_threads: 0]
[seed: 42]
[deterministic: 0]
[force_col_wise: 0]
[force_row_wise: 0]
[histogram_pool_size: -1]
[max_depth: 6]
[min_data_in_leaf: 20]
[min_sum_hessian_in_leaf: 0.001]
[bagging_fraction: 1]
[pos_bagging_fraction: 1]
[neg_bagging_fraction: 1]
[bagging_freq: 0]
[bagging_seed: 400]
[bagging_by_query: 0]
[feature_fraction: 0.8]
[feature_fraction_bynode: 1]
[feature_fraction_seed: 30056]
[extra_trees: 0]
[extra_seed: 12879]
[early_stopping_round: 0]
[early_stopping_min_delta: 0]
[first_metric_only: 0]
[max_delta_step: 0]
[lambda_l1: 0]
[lambda_l2: 0]
[linear_lambda: 0]
[min_gain_to_split: 0]
[drop_rate: 0.1]
[max_drop: 50]
[skip_drop: 0.5]
[xgboost_dart_mode: 0]
[uniform_drop: 0]
[drop_seed: 17869]
[top_rate: 0.2]
[other_rate: 0.1]
[min_data_per_group: 100]
[max_cat_threshold: 32]
[cat_l2: 10]
[cat_smooth: 10]
[max_cat_to_onehot: 4]
[top_k: 20]
[monotone_constraints: ]
[monotone_constraints_method: basic]
[monotone_penalty: 0]
[feature_contri: ]
[forcedsplits_filename: ]
[refit_decay_rate: 0.9]
[cegb_tradeoff: 1]
[cegb_penalty_split: 0]
[cegb_penalty_feature_lazy: ]
[cegb_penalty_feature_coupled: ]
[path_smooth: 0]
[interaction_constraints: ]
[verbosity: -1]
[saved_feature_importance_type: 0]
[use_quantized_grad: 0]
[num_grad_quant_bins: 4]
[quant_train_renew_leaf: 0]
[stochastic_rounding: 1]
[linear_tree: 0]
[max_bin: 255]
[max_bin_by_feature: ]
[min_data_in_bin: 3]
[bin_construct_sample_cnt: 200000]
[data_random_seed: 175]
[is_enable_sparse: 1]
[enable_bundle: 1]
[use_missing: 1]
[zero_as_missing: 0]
[feature_pre_filter: 1]
[pre_partition: 0]
[two_round: 0]
[header: 0]
[label_column: ]
[weight_column: ]
[group_column: ]
[ignore_column: ]
[categorical_feature: ]
[forcedbins_filename: ]
[precise_float_parser: 0]
[parser_config_file: ]
[objective_seed: 16083]
[num_class: 1]
[is_unbalance: 0]
[scale_pos_weight: 5]
[sigmoid: 1]
[boost_from_average: 1]
[reg_sqrt: 0]
[alpha: 0.9]
[fair_c: 1]
[poisson_max_delta_step: 0.7]
[tweedie_variance_power: 1.5]
[lambdarank_truncation_level: 30]
[lambdarank_norm: 1]
[label_gain: ]
[lambdarank_position_bias_regularization: 0]
[eval_at: ]
[multi_error_top_k: 1]
[auc_mu_weights: ]
[num_machines: 1]
[local_listen_port: 12400]
[time_out: 120]
[machine_list_filename: ]
[machines: ]
[gpu_platform_id: -1]
[gpu_device_id: -1]
[gpu_device_id_list: ]
[gpu_use_dp: 0]
[num_gpu: 1]

end of parameters

pandas_categorical:[]
