[{"stream_name":"stderr","time":8.673137132,"data":"0.00s - Debugger warning: It seems that frozen modules are being used, which may\n"}
,{"stream_name":"stderr","time":8.673199917,"data":"0.00s - make the debugger miss breakpoints. Please pass -Xfrozen_modules=off\n"}
,{"stream_name":"stderr","time":8.673205788,"data":"0.00s - to python to disable frozen modules.\n"}
,{"stream_name":"stderr","time":8.673208816,"data":"0.00s - Note: Debugging will proceed. Set PYDEVD_DISABLE_FILE_VALIDATION=1 to disable this validation.\n"}
,{"stream_name":"stderr","time":9.456509143,"data":"0.00s - Debugger warning: It seems that frozen modules are being used, which may\n"}
,{"stream_name":"stderr","time":9.456551199,"data":"0.00s - make the debugger miss breakpoints. Please pass -Xfrozen_modules=off\n"}
,{"stream_name":"stderr","time":9.456558773,"data":"0.00s - to python to disable frozen modules.\n"}
,{"stream_name":"stderr","time":9.456564365,"data":"0.00s - Note: Debugging will proceed. Set PYDEVD_DISABLE_FILE_VALIDATION=1 to disable this validation.\n"}
,{"stream_name":"stdout","time":10.752938336,"data":"BIOHUB_PRESET: harmonic_v3_division_wide\n"}
,{"stream_name":"stdout","time":10.752971806,"data":"BIOHUB_SCORE_AXIS: 080: 061 Base + Layer 0 Continuous Sigmoid Adaptive Background Removal\n"}
,{"stream_name":"stdout","time":10.790888566,"data":"Configuration guard: PASS\n"}
,{"stream_name":"stdout","time":10.79091645,"data":"Baseline: fixed-90 dual-seed clean pipeline (public LB 0.913)\n"}
,{"stream_name":"stdout","time":10.790923031,"data":"Single model-level change: harmonic mutual-support association fusion\n"}
,{"stream_name":"stdout","time":10.790928313,"data":"Reverse-time association weight: 0.200\n"}
,{"stream_name":"stdout","time":12.022861191,"data":"Biohub learned UNet + node-transformer + ILP submission\n"}
,{"stream_name":"stdout","time":12.022900578,"data":"COMP_DIR: /kaggle/input/competitions/biohub-cell-tracking-during-development exists: True\n"}
,{"stream_name":"stdout","time":12.022920077,"data":"TEST_DIR: /kaggle/input/competitions/biohub-cell-tracking-during-development/test exists: True\n"}
,{"stream_name":"stdout","time":12.022927195,"data":"{\n"}
,{"stream_name":"stdout","time":12.022932692,"data":"  \"adaptive_short_track_rescue\": true,\n"}
,{"stream_name":"stdout","time":12.022939589,"data":"  \"allow_artifact_fallback\": false,\n"}
,{"stream_name":"stdout","time":12.022945733,"data":"  \"allow_pip_install\": false,\n"}
,{"stream_name":"stdout","time":12.022950931,"data":"  \"boundary_min_track_len\": 2,\n"}
,{"stream_name":"stdout","time":12.022955858,"data":"  \"boundary_t_margin\": 2,\n"}
,{"stream_name":"stdout","time":12.022960795,"data":"  \"boundary_track_rescue\": true,\n"}
,{"stream_name":"stdout","time":12.022965702,"data":"  \"boundary_z_margin\": 3.0,\n"}
,{"stream_name":"stdout","time":12.022970653,"data":"  \"continuous_survival_enable\": true,\n"}
,{"stream_name":"stdout","time":12.022975664,"data":"  \"deepcenter_checkpoint_default\": \"/kaggle/input/biohub-deepcenter-unet3d-center-prior-v1/weights/full_frame_center/best.pt\",\n"}
,{"stream_name":"stdout","time":12.022981212,"data":"  \"deepcenter_expected_epoch\": 2,\n"}
,{"stream_name":"stdout","time":12.022986295,"data":"  \"deepcenter_gap_add_gate\": true,\n"}
,{"stream_name":"stdout","time":12.022991442,"data":"  \"deepcenter_gap_confirm_min_span_um\": 8.5,\n"}
,{"stream_name":"stdout","time":12.022999369,"data":"  \"deepcenter_gap_threshold\": 0.25,\n"}
,{"stream_name":"stdout","time":12.023002985,"data":"  \"deepcenter_safe_div_add_gate\": true,\n"}
,{"stream_name":"stdout","time":12.023006798,"data":"  \"deepcenter_safe_div_threshold\": 0.25,\n"}
,{"stream_name":"stdout","time":12.023040939,"data":"  \"det_threshold\": 0.965,\n"}
,{"stream_name":"stdout","time":12.023046026,"data":"  \"div_drop_to_single_if_bad\": true,\n"}
,{"stream_name":"stdout","time":12.023050028,"data":"  \"div_parent_max_um\": 10.5,\n"}
,{"stream_name":"stdout","time":12.023053834,"data":"  \"div_sister_max_um\": 8.0,\n"}
,{"stream_name":"stdout","time":12.023057605,"data":"  \"experiment_tag\": \"061-LAYER1_SPATIAL_DETECTION\",\n"}
,{"stream_name":"stdout","time":12.023061548,"data":"  \"gap2_frame_frac_cap\": 0.006,\n"}
,{"stream_name":"stdout","time":12.023065269,"data":"  \"gap2_max_links_abs\": 180,\n"}
,{"stream_name":"stdout","time":12.023069008,"data":"  \"gap2_max_links_frac\": 0.0045,\n"}
,{"stream_name":"stdout","time":12.023072768,"data":"  \"gap2_max_step_um\": 4.0,\n"}
,{"stream_name":"stdout","time":12.023076538,"data":"  \"gap2_max_total_um\": 10.2,\n"}
,{"stream_name":"stdout","time":12.023083107,"data":"  \"gap2_require_context\": true,\n"}
,{"stream_name":"stdout","time":12.023087001,"data":"  \"gap_close_effective_max_gap\": 1,\n"}
,{"stream_name":"stdout","time":12.023091055,"data":"  \"gap_close_max_added_abs\": 2000,\n"}
,{"stream_name":"stdout","time":12.023095107,"data":"  \"gap_close_max_added_frac\": 0.05,\n"}
,{"stream_name":"stdout","time":12.023102915,"data":"  \"gap_close_max_gap\": 2,\n"}
,{"stream_name":"stdout","time":12.023117513,"data":"  \"gap_close_reuse_existing\": true,\n"}
,{"stream_name":"stdout","time":12.023122061,"data":"  \"gap_close_reuse_um\": 2.8,\n"}
,{"stream_name":"stdout","time":12.023127447,"data":"  \"gap_close_um\": 4.5,\n"}
,{"stream_name":"stdout","time":12.023131536,"data":"  \"gap_density_adaptive\": true,\n"}
,{"stream_name":"stdout","time":12.023136173,"data":"  \"gap_density_gain\": 0.04,\n"}
,{"stream_name":"stdout","time":12.023140453,"data":"  \"gap_density_max_step_delta_um\": 0.125,\n"}
,{"stream_name":"stdout","time":12.023144379,"data":"  \"gap_density_neighbors\": 3,\n"}
,{"stream_name":"stdout","time":12.023148163,"data":"  \"gap_density_reference_um\": 6.5,\n"}
,{"stream_name":"stdout","time":12.02315199,"data":"  \"gap_refine_max_shift_um\": 3.2,\n"}
,{"stream_name":"stdout","time":12.023155559,"data":"  \"gap_refine_synthetic\": true,\n"}
,{"stream_name":"stdout","time":12.023159392,"data":"  \"gap_refine_win_yx\": 3,\n"}
,{"stream_name":"stdout","time":12.023163128,"data":"  \"gap_refine_win_z\": 1,\n"}
,{"stream_name":"stdout","time":12.023166941,"data":"  \"ilp_appearance_weight\": 0.0,\n"}
,{"stream_name":"stdout","time":12.023170994000001,"data":"  \"ilp_disappearance_weight\": 2.0,\n"}
,{"stream_name":"stdout","time":12.023174762,"data":"  \"ilp_division_weight\": 1.2,\n"}
,{"stream_name":"stdout","time":12.023178256,"data":"  \"ilp_edge_weight\": -1.0,\n"}
,{"stream_name":"stdout","time":12.023182009,"data":"  \"method\": \"unet_transformer\",\n"}
,{"stream_name":"stdout","time":12.023185654,"data":"  \"motion_relink_learned_bonus\": 1.0,\n"}
,{"stream_name":"stdout","time":12.023189233,"data":"  \"motion_relink_max_frame_nodes\": 2600,\n"}
,{"stream_name":"stdout","time":12.02319328,"data":"  \"motion_relink_relaxed_um\": 9.0,\n"}
,{"stream_name":"stdout","time":12.023200573,"data":"  \"motion_relink_tight_um\": 5.0,\n"}
,{"stream_name":"stdout","time":12.02321578,"data":"  \"motion_relink_velocity_weight\": 0.5,\n"}
,{"stream_name":"stdout","time":12.023220511,"data":"  \"output_division_geometry_filter\": false,\n"}
,{"stream_name":"stdout","time":12.023225221,"data":"  \"output_edge_max_um\": 14.0,\n"}
,{"stream_name":"stdout","time":12.023235341,"data":"  \"output_enforce_next_frame\": true,\n"}
,{"stream_name":"stdout","time":12.023239387,"data":"  \"output_filter_short_tracks\": true,\n"}
,{"stream_name":"stdout","time":12.023243275,"data":"  \"output_gap2_recovery\": true,\n"}
,{"stream_name":"stdout","time":12.023247013,"data":"  \"output_gap_close\": true,\n"}
,{"stream_name":"stdout","time":12.023250902,"data":"  \"output_keep_division_components\": true,\n"}
,{"stream_name":"stdout","time":12.023254826,"data":"  \"output_linefit_smooth\": true,\n"}
,{"stream_name":"stdout","time":12.023258653,"data":"  \"output_linefit_weight\": 0.8,\n"}
,{"stream_name":"stdout","time":12.023262463,"data":"  \"output_linefit_window\": 2,\n"}
,{"stream_name":"stdout","time":12.023266184,"data":"  \"output_min_track_len\": 6,\n"}
,{"stream_name":"stdout","time":12.023269931,"data":"  \"output_motion_relink\": true,\n"}
,{"stream_name":"stdout","time":12.023273748,"data":"  \"output_prune_isolated\": true,\n"}
,{"stream_name":"stdout","time":12.023277514,"data":"  \"output_safe_divisions\": true,\n"}
,{"stream_name":"stdout","time":12.023281232,"data":"  \"output_single_child_repair\": false,\n"}
,{"stream_name":"stdout","time":12.023285035,"data":"  \"output_single_parent_repair\": true,\n"}
,{"stream_name":"stdout","time":12.02328904,"data":"  \"primary_artifact_manifest\": \"/kaggle/input/datasets/pilkwang/biohub-tracking-support-pack-50ep-v1/ARTIFACT_MANIFEST.json\",\n"}
,{"stream_name":"stdout","time":12.023325046,"data":"  \"safe_div_existing_child_max_um\": 10.0,\n"}
,{"stream_name":"stdout","time":12.023329754,"data":"  \"safe_div_frame_frac_cap\": 0.0076,\n"}
,{"stream_name":"stdout","time":12.02333418,"data":"  \"safe_div_global_frac_cap\": 0.00375,\n"}
,{"stream_name":"stdout","time":12.023339198,"data":"  \"safe_div_max_um\": 9.0,\n"}
,{"stream_name":"stdout","time":12.023343207,"data":"  \"safe_div_sister_max_um\": 14.0,\n"}
,{"stream_name":"stdout","time":12.023347202,"data":"  \"short_track_rescue_max_mean_edge_dist_um\": 3.0,\n"}
,{"stream_name":"stdout","time":12.023350684,"data":"  \"short_track_rescue_max_nodes_abs\": 120,\n"}
,{"stream_name":"stdout","time":12.023354413,"data":"  \"short_track_rescue_max_nodes_frac\": 0.012,\n"}
,{"stream_name":"stdout","time":12.023358438,"data":"  \"short_track_rescue_min_len\": 4,\n"}
,{"stream_name":"stdout","time":12.02336252,"data":"  \"short_track_rescue_min_mean_edge_prob\": 0.88,\n"}
,{"stream_name":"stdout","time":12.023366756,"data":"  \"short_track_rescue_trigger_removed_frac\": 0.1,\n"}
,{"stream_name":"stdout","time":12.023370777,"data":"  \"slice\": \"\",\n"}
,{"stream_name":"stdout","time":12.023374725,"data":"  \"survival_boundary_max_bonus\": 4.5,\n"}
,{"stream_name":"stdout","time":12.02337869,"data":"  \"survival_decay_scale\": 3.0,\n"}
,{"stream_name":"stdout","time":12.023382665,"data":"  \"survival_edge_prob_weight\": 2.0,\n"}
,{"stream_name":"stdout","time":12.023386675,"data":"  \"survival_threshold\": 5.0,\n"}
,{"stream_name":"stdout","time":12.023390653,"data":"  \"target_artifact_slug\": \"biohub-tracking-support-pack-50ep-v1\",\n"}
,{"stream_name":"stdout","time":12.023395492,"data":"  \"unet_batch_size\": 8,\n"}
,{"stream_name":"stdout","time":12.023399898,"data":"  \"use_deepcenter_add_only_gate\": true,\n"}
,{"stream_name":"stdout","time":12.023405108,"data":"  \"use_ilp\": true,\n"}
,{"stream_name":"stdout","time":12.023409718,"data":"  \"weights\": \"weights/unet_transformer/split_0/edge_predictor_best.pth\"\n"}
,{"stream_name":"stdout","time":12.023414388,"data":"}\n"}
,{"stream_name":"stdout","time":12.277557229,"data":"ARTIFACTS: /kaggle/input/datasets/pilkwang/biohub-tracking-support-pack-50ep-v1\n"}
,{"stream_name":"stdout","time":12.277599095,"data":"Has offline wheels: True\n"}
,{"stream_name":"stdout","time":12.277602955,"data":"Artifact name: biohub-tracking-support-pack-400ep-snapshot-v1\n"}
,{"stream_name":"stdout","time":12.277606064,"data":"Weight sha256: 12f6881ee3620a831697ca098ff8f48e687a24225f4e048b538deec3562fe771\n"}
,{"stream_name":"stdout","time":12.277608936,"data":"Weight path: weights/unet_transformer/split_0/edge_predictor_best.pth\n"}
,{"stream_name":"stdout","time":13.146081333,"data":"Installing missing packages from offline package dirs: ['polars']\n"}
,{"stream_name":"stdout","time":13.146109258,"data":"Dependency resolver is disabled with --no-deps to avoid replacing Kaggle numpy/scipy in a live kernel.\n"}
,{"stream_name":"stdout","time":13.146114909,"data":"Offline package dirs: ['/kaggle/input/datasets/pilkwang/biohub-tracking-support-pack-50ep-v1/wheels']\n"}
,{"stream_name":"stdout","time":19.951385457,"data":"Offline dependency install succeeded.\n"}
,{"stream_name":"stdout","time":19.951434437,"data":"Installing missing packages from offline package dirs: ['tracksdata', 'zarr', 'pyscipopt', 'geff', 'geff_spec', 'ilpy', 'imagecodecs', 'rustworkx', 'numcodecs', 'donfig', 'bidict']\n"}
,{"stream_name":"stdout","time":19.951442405,"data":"Dependency resolver is disabled with --no-deps to avoid replacing Kaggle numpy/scipy in a live kernel.\n"}
,{"stream_name":"stdout","time":19.951448126,"data":"Offline package dirs: ['/kaggle/input/datasets/pilkwang/biohub-tracking-support-pack-50ep-v1/wheels']\n"}
,{"stream_name":"stdout","time":51.964001796,"data":"Offline dependency install succeeded.\n"}
,{"stream_name":"stderr","time":61.000576851,"data":"/usr/local/lib/python3.12/dist-packages/dask/array/image.py:7: FutureWarning: `find_available_plugins` is deprecated since version 0.25 and will be removed in version 0.27. The plugin infrastructure of `skimage.io` is deprecated. Instead, use `imageio` or other I/O packages directly.\n"}
,{"stream_name":"stderr","time":61.000621404,"data":"  from skimage.io import imread as sk_imread\n"}
,{"stream_name":"stderr","time":61.00062652,"data":"/usr/lib/python3.12/importlib/__init__.py:90: FutureWarning: `reset_plugins` is deprecated since version 0.25 and will be removed in version 0.27. The plugin infrastructure of `skimage.io` is deprecated. Instead, use `imageio` or other I/O packages directly.\n"}
,{"stream_name":"stderr","time":61.000630644,"data":"  return _bootstrap._gcd_import(name[level:], package, level)\n"}
,{"stream_name":"stderr","time":61.000634033,"data":"\n"}
,{"stream_name":"stderr","time":61.000637327,"data":"/usr/local/lib/python3.12/dist-packages/dask/array/image.py:7: FutureWarning: `find_available_plugins` is deprecated since version 0.25 and will be removed in version 0.27. The plugin infrastructure of `skimage.io` is deprecated. Instead, use `imageio` or other I/O packages directly.\n"}
,{"stream_name":"stderr","time":61.000641104,"data":"  from skimage.io import imread as sk_imread\n"}
,{"stream_name":"stderr","time":61.000644522,"data":"/usr/lib/python3.12/importlib/__init__.py:90: FutureWarning: `reset_plugins` is deprecated since version 0.25 and will be removed in version 0.27. The plugin infrastructure of `skimage.io` is deprecated. Instead, use `imageio` or other I/O packages directly.\n"}
,{"stream_name":"stderr","time":61.000648237,"data":"  return _bootstrap._gcd_import(name[level:], package, level)\n"}
,{"stream_name":"stdout","time":61.313781657,"data":"Required graph/Zarr/ILP packages import successfully.\n"}
,{"stream_name":"stdout","time":61.31382319,"data":"Inference repo: /kaggle/working/tracking_repo\n"}
,{"stream_name":"stdout","time":61.313847246,"data":"Weights: /kaggle/working/tracking_repo/weights/unet_transformer/split_0/edge_predictor_best.pth\n"}
,{"stream_name":"stdout","time":62.408383195,"data":"Support repo Python manifest SHA256: 978b626d1fd1e7397435a437dfe68691defe1572fc3c20e61012d7c9b52ed029\n"}
,{"stream_name":"stdout","time":62.408432269,"data":"Primary materialized SHA256: 12f6881ee3620a831697ca098ff8f48e687a24225f4e048b538deec3562fe771\n"}
,{"stream_name":"stdout","time":62.40843714,"data":"DeepCenter materialized SHA256: 8040999a92f6b7bbd98fa8cf458141e045c0f9ad7c936bdb3b18e1f7edafe2a0\n"}
,{"stream_name":"stdout","time":430.285153754,"data":"Secondary artifact: /kaggle/input/datasets/pilkwang/biohub-temporal-unet3d-seed314159-v1\n"}
,{"stream_name":"stdout","time":430.285198422,"data":"Secondary weight: /kaggle/working/secondary_seed_weights/unet_transformer/split_0/edge_predictor_best.pth\n"}
,{"stream_name":"stdout","time":430.2852045,"data":"Secondary SHA256: 9bac2fa0dadc4a6fc1899e0caf187f4b553e0a7cd90ba1261a68b35ffe9e305f\n"}
,{"stream_name":"stdout","time":430.285210494,"data":"Secondary edge-logit weight: 0.15\n"}
,{"stream_name":"stdout","time":430.28521625,"data":"Runtime integrity receipt: /kaggle/working/bidirectional_production_runtime_integrity.json\n"}
,{"stream_name":"stdout","time":435.5967872,"data":"CUDA device: Tesla T4\n"}
,{"stream_name":"stdout","time":435.596817458,"data":"TTA patch applied (400ep spatial D4-style)\n"}
,{"stream_name":"stdout","time":435.596834745,"data":"Calibrated dual-seed runtime patch applied\n"}
,{"stream_name":"stdout","time":435.596839547,"data":"Frozen frame retention guard applied at 0.90\n"}
,{"stream_name":"stdout","time":435.596843748,"data":"Bidirectional harmonic-probability association fusion applied | weight= 0.15\n"}
,{"stream_name":"stdout","time":435.596848624,"data":"Pre-ILP detector-coordinate manifest hook applied\n"}
,{"stream_name":"stdout","time":435.596853169,"data":"EDGE_TTA patch installed and enabled in /kaggle/working/tracking_repo/scripts/predict_unet_transformer.py\n"}
,{"stream_name":"stdout","time":435.596858331,"data":"secondary edge-feature TTA patch installed and enabled\n"}
,{"stream_name":"stdout","time":435.616957655,"data":"[s8_080] Continuous Sigmoid Adaptive Background Preprocessor patch applied successfully!\n"}
,{"stream_name":"stdout","time":435.616984262,"data":"[s8_081] Layer 2 3D Watershed patch applied successfully!\n"}
,{"stream_name":"stdout","time":435.627072751,"data":"[s8_082] Layer 1 Depth-Adaptive Threshold patch applied successfully!\n"}
,{"stream_name":"stdout","time":435.632256037,"data":"Found 4 test videos\n"}
,{"stream_name":"stdout","time":435.632277598,"data":"['44b6_0113de3b', '44b6_0b24845f', '6bba_05b6850b', '6bba_05db0fb1']\n"}
,{"stream_name":"stdout","time":435.632284076,"data":"Launching 2 independent video shards on CUDA devices ['0', '1']\n"}
,{"stream_name":"stdout","time":435.632290337,"data":"GPU shard 0: CUDA_VISIBLE_DEVICES=0 | /usr/bin/python3 scripts/predict_unet_transformer.py --data-dir /kaggle/input/competitions/biohub-cell-tracking-during-development/test --splits kaggle_test_splits_50ep.json --split 0 --weights weights/unet_transformer/split_0/edge_predictor_best.pth --unet-batch-size 8 --det-threshold 0.965 --ilp-edge-weight -1.0 --ilp-appearance-weight 0.0 --ilp-disappearance-weight 2.0 --ilp-division-weight 1.2 --use-ilp --method unet_transformer_gpu0 --slice 0::2\n"}
,{"stream_name":"stdout","time":435.635386642,"data":"GPU shard 1: CUDA_VISIBLE_DEVICES=1 | /usr/bin/python3 scripts/predict_unet_transformer.py --data-dir /kaggle/input/competitions/biohub-cell-tracking-during-development/test --splits kaggle_test_splits_50ep.json --split 0 --weights weights/unet_transformer/split_0/edge_predictor_best.pth --unet-batch-size 8 --det-threshold 0.965 --ilp-edge-weight -1.0 --ilp-appearance-weight 0.0 --ilp-disappearance-weight 2.0 --ilp-division-weight 1.2 --use-ilp --method unet_transformer_gpu1 --slice 1::2\n"}
,{"stream_name":"stderr","time":441.906933539,"data":"/usr/local/lib/python3.12/dist-packages/dask/array/image.py:7: FutureWarning: `find_available_plugins` is deprecated since version 0.25 and will be removed in version 0.27. The plugin infrastructure of `skimage.io` is deprecated. Instead, use `imageio` or other I/O packages directly.\n"}
,{"stream_name":"stderr","time":441.906973768,"data":"  from skimage.io import imread as sk_imread\n"}
,{"stream_name":"stderr","time":441.91208058,"data":"/usr/lib/python3.12/importlib/__init__.py:90: FutureWarning: `reset_plugins` is deprecated since version 0.25 and will be removed in version 0.27. The plugin infrastructure of `skimage.io` is deprecated. Instead, use `imageio` or other I/O packages directly.\n"}
,{"stream_name":"stderr","time":441.9121255,"data":"  return _bootstrap._gcd_import(name[level:], package, level)\n"}
,{"stream_name":"stderr","time":441.94246937,"data":"/usr/local/lib/python3.12/dist-packages/dask/array/image.py:7: FutureWarning: `find_available_plugins` is deprecated since version 0.25 and will be removed in version 0.27. The plugin infrastructure of `skimage.io` is deprecated. Instead, use `imageio` or other I/O packages directly.\n"}
,{"stream_name":"stderr","time":441.942491437,"data":"  from skimage.io import imread as sk_imread\n"}
,{"stream_name":"stderr","time":441.947481032,"data":"/usr/lib/python3.12/importlib/__init__.py:90: FutureWarning: `reset_plugins` is deprecated since version 0.25 and will be removed in version 0.27. The plugin infrastructure of `skimage.io` is deprecated. Instead, use `imageio` or other I/O packages directly.\n"}
,{"stream_name":"stderr","time":441.947506797,"data":"  return _bootstrap._gcd_import(name[level:], package, level)\n"}
,{"stream_name":"stderr","time":442.109163424,"data":"/usr/local/lib/python3.12/dist-packages/dask/array/image.py:7: FutureWarning: `find_available_plugins` is deprecated since version 0.25 and will be removed in version 0.27. The plugin infrastructure of `skimage.io` is deprecated. Instead, use `imageio` or other I/O packages directly.\n"}
,{"stream_name":"stderr","time":442.109198404,"data":"  from skimage.io import imread as sk_imread\n"}
,{"stream_name":"stderr","time":442.109204784,"data":"/usr/lib/python3.12/importlib/__init__.py:90: FutureWarning: `reset_plugins` is deprecated since version 0.25 and will be removed in version 0.27. The plugin infrastructure of `skimage.io` is deprecated. Instead, use `imageio` or other I/O packages directly.\n"}
,{"stream_name":"stderr","time":442.109211022,"data":"  return _bootstrap._gcd_import(name[level:], package, level)\n"}
,{"stream_name":"stderr","time":442.109216409,"data":"/usr/local/lib/python3.12/dist-packages/dask/array/image.py:7: FutureWarning: `find_available_plugins` is deprecated since version 0.25 and will be removed in version 0.27. The plugin infrastructure of `skimage.io` is deprecated. Instead, use `imageio` or other I/O packages directly.\n"}
,{"stream_name":"stderr","time":442.10922259,"data":"  from skimage.io import imread as sk_imread\n"}
,{"stream_name":"stderr","time":442.109229743,"data":"/usr/lib/python3.12/importlib/__init__.py:90: FutureWarning: `reset_plugins` is deprecated since version 0.25 and will be removed in version 0.27. The plugin infrastructure of `skimage.io` is deprecated. Instead, use `imageio` or other I/O packages directly.\n"}
,{"stream_name":"stderr","time":442.10924013,"data":"  return _bootstrap._gcd_import(name[level:], package, level)\n"}
,{"stream_name":"stderr","time":442.109244096,"data":"\n"}
,{"stream_name":"stderr","time":442.109249124,"data":"/usr/local/lib/python3.12/dist-packages/dask/array/image.py:7: FutureWarning: `find_available_plugins` is deprecated since version 0.25 and will be removed in version 0.27. The plugin infrastructure of `skimage.io` is deprecated. Instead, use `imageio` or other I/O packages directly.\n"}
,{"stream_name":"stderr","time":442.109270267,"data":"  from skimage.io import imread as sk_imread\n"}
,{"stream_name":"stderr","time":442.109273242,"data":"/usr/lib/python3.12/importlib/__init__.py:90: FutureWarning: `reset_plugins` is deprecated since version 0.25 and will be removed in version 0.27. The plugin infrastructure of `skimage.io` is deprecated. Instead, use `imageio` or other I/O packages directly.\n"}
,{"stream_name":"stderr","time":442.109276297,"data":"  return _bootstrap._gcd_import(name[level:], package, level)\n"}
,{"stream_name":"stderr","time":442.10928035,"data":"/usr/local/lib/python3.12/dist-packages/dask/array/image.py:7: FutureWarning: `find_available_plugins` is deprecated since version 0.25 and will be removed in version 0.27. The plugin infrastructure of `skimage.io` is deprecated. Instead, use `imageio` or other I/O packages directly.\n"}
,{"stream_name":"stderr","time":442.109283525,"data":"  from skimage.io import imread as sk_imread\n"}
,{"stream_name":"stderr","time":442.10928628,"data":"/usr/lib/python3.12/importlib/__init__.py:90: FutureWarning: `reset_plugins` is deprecated since version 0.25 and will be removed in version 0.27. The plugin infrastructure of `skimage.io` is deprecated. Instead, use `imageio` or other I/O packages directly.\n"}
,{"stream_name":"stderr","time":442.109327064,"data":"  return _bootstrap._gcd_import(name[level:], package, level)\n"}
,{"stream_name":"stdout","time":442.697599251,"data":"Secondary model: /kaggle/working/secondary_seed_weights/unet_transformer/split_0/edge_predictor_best.pth | edge weight=0.150 | detection weight=0.800 | link mode=low_margin_consensus | temperature=1.000 | low-margin max=0.350 | edge threshold=0.480\n"}
,{"stream_name":"stdout","time":442.697646884,"data":"Fold 0: 2 datasets | weights=weights/unet_transformer/split_0/edge_predictor_best.pth | device=cuda | window_size=2 | pool_kernel_um=3.0\n"}
,{"stream_name":"stdout","time":442.701755775,"data":"Secondary model: /kaggle/working/secondary_seed_weights/unet_transformer/split_0/edge_predictor_best.pth | edge weight=0.150 | detection weight=0.800 | link mode=low_margin_consensus | temperature=1.000 | low-margin max=0.350 | edge threshold=0.480\n"}
,{"stream_name":"stdout","time":442.70179719,"data":"Fold 0: 2 datasets | weights=weights/unet_transformer/split_0/edge_predictor_best.pth | device=cuda | window_size=2 | pool_kernel_um=3.0\n"}
,{"stream_name":"stdout","time":442.900570107,"data":"Secondary model: /kaggle/working/secondary_seed_weights/unet_transformer/split_0/edge_predictor_best.pth | edge weight=0.150 | detection weight=0.800 | link mode=low_margin_consensus | temperature=1.000 | low-margin max=0.350 | edge threshold=0.480\n"}
,{"stream_name":"stdout","time":442.900677822,"data":"Fold 0: 2 datasets | weights=weights/unet_transformer/split_0/edge_predictor_best.pth | device=cuda | window_size=2 | pool_kernel_um=3.0\n"}
,{"stream_name":"stdout","time":442.900684302,"data":"Secondary model: /kaggle/working/secondary_seed_weights/unet_transformer/split_0/edge_predictor_best.pth | edge weight=0.150 | detection weight=0.800 | link mode=low_margin_consensus | temperature=1.000 | low-margin max=0.350 | edge threshold=0.480\n"}
,{"stream_name":"stdout","time":442.900689377,"data":"Fold 0: 2 datasets | weights=weights/unet_transformer/split_0/edge_predictor_best.pth | device=cuda | window_size=2 | pool_kernel_um=3.0\n"}
,{"stream_name":"stdout","time":444.955650722,"data":"EDGE_TTA_ACTIVE views= 8 mean_abs_feat_delta= 0.409603\n"}
,{"stream_name":"stdout","time":444.973771247,"data":"EDGE_TTA_ACTIVE views= 8 mean_abs_feat_delta= 0.323238\n"}
,{"stream_name":"stdout","time":445.158556608,"data":"EDGE_TTA_ACTIVE views= 8 mean_abs_feat_delta= 0.409603\n"}
,{"stream_name":"stdout","time":445.158600714,"data":"EDGE_TTA_ACTIVE views= 8 mean_abs_feat_delta= 0.323238\n"}
,{"stream_name":"stdout","time":445.825147114,"data":"SECONDARY_EDGE_TTA_ACTIVE views= 8 weight= 0.75 mean_abs_feat_delta= 0.306307\n"}
,{"stream_name":"stdout","time":445.857083273,"data":"SECONDARY_EDGE_TTA_ACTIVE views= 8 weight= 0.75 mean_abs_feat_delta= 0.230737\n"}
,{"stream_name":"stdout","time":446.027964865,"data":"SECONDARY_EDGE_TTA_ACTIVE views= 8 weight= 0.75 mean_abs_feat_delta= 0.306307\n"}
,{"stream_name":"stdout","time":446.028025044,"data":"SECONDARY_EDGE_TTA_ACTIVE views= 8 weight= 0.75 mean_abs_feat_delta= 0.230737\n"}
,{"stream_name":"stdout","time":450.626898175,"data":"EDGE_TTA_ACTIVE views= 8 mean_abs_feat_delta= 0.328294\n"}
,{"stream_name":"stdout","time":450.829689523,"data":"EDGE_TTA_ACTIVE views= 8 mean_abs_feat_delta= 0.328294\n"}
,{"stream_name":"stdout","time":450.831794555,"data":"EDGE_TTA_ACTIVE views= 8 mean_abs_feat_delta= 0.416119\n"}
,{"stream_name":"stdout","time":451.034982102,"data":"EDGE_TTA_ACTIVE views= 8 mean_abs_feat_delta= 0.416119\n"}
,{"stream_name":"stdout","time":451.51096818,"data":"SECONDARY_EDGE_TTA_ACTIVE views= 8 weight= 0.75 mean_abs_feat_delta= 0.23209\n"}
,{"stream_name":"stdout","time":451.695445198,"data":"SECONDARY_EDGE_TTA_ACTIVE views= 8 weight= 0.75 mean_abs_feat_delta= 0.313253\n"}
,{"stream_name":"stdout","time":451.714087914,"data":"SECONDARY_EDGE_TTA_ACTIVE views= 8 weight= 0.75 mean_abs_feat_delta= 0.23209\n"}
,{"stream_name":"stdout","time":451.714136672,"data":"SECONDARY_EDGE_TTA_ACTIVE views= 8 weight= 0.75 mean_abs_feat_delta= 0.313253\n"}
,{"stream_name":"stdout","time":451.74515738,"data":"BIOHUB_RETENTION_GUARD {\"blended_candidates\": 342, \"dataset\": \"44b6_0b24845f\", \"frame\": 2, \"minimum_retention\": 0.9, \"primary_candidates\": 403, \"retention\": 0.8486352357320099, \"use_primary\": true}\n"}
,{"stream_name":"stdout","time":451.947665601,"data":"BIOHUB_RETENTION_GUARD {\"blended_candidates\": 342, \"dataset\": \"44b6_0b24845f\", \"frame\": 2, \"minimum_retention\": 0.9, \"primary_candidates\": 403, \"retention\": 0.8486352357320099, \"use_primary\": true}\n"}
,{"stream_name":"stdout","time":452.630076075,"data":"EDGE_TTA_ACTIVE views= 8 mean_abs_feat_delta= 0.326314\n"}
,{"stream_name":"stdout","time":452.832906346,"data":"EDGE_TTA_ACTIVE views= 8 mean_abs_feat_delta= 0.326314\n"}
,{"stream_name":"stdout","time":452.974231179,"data":"EDGE_TTA_ACTIVE views= 8 mean_abs_feat_delta= 0.407382\n"}
,{"stream_name":"stdout","time":453.176876421,"data":"EDGE_TTA_ACTIVE views= 8 mean_abs_feat_delta= 0.407382\n"}
,{"stream_name":"stdout","time":453.52525481,"data":"SECONDARY_EDGE_TTA_ACTIVE views= 8 weight= 0.75 mean_abs_feat_delta= 0.232786\n"}
,{"stream_name":"stdout","time":453.728137799,"data":"SECONDARY_EDGE_TTA_ACTIVE views= 8 weight= 0.75 mean_abs_feat_delta= 0.232786\n"}
,{"stream_name":"stdout","time":453.840724225,"data":"SECONDARY_EDGE_TTA_ACTIVE views= 8 weight= 0.75 mean_abs_feat_delta= 0.311044\n"}
,{"stream_name":"stdout","time":453.906713337,"data":"BIOHUB_RETENTION_GUARD {\"blended_candidates\": 378, \"dataset\": \"44b6_0b24845f\", \"frame\": 3, \"minimum_retention\": 0.9, \"primary_candidates\": 427, \"retention\": 0.8852459016393442, \"use_primary\": true}\n"}
,{"stream_name":"stdout","time":454.043704691,"data":"SECONDARY_EDGE_TTA_ACTIVE views= 8 weight= 0.75 mean_abs_feat_delta= 0.311044\n"}
,{"stream_name":"stdout","time":454.043745656,"data":"BIOHUB_RETENTION_GUARD {\"blended_candidates\": 378, \"dataset\": \"44b6_0b24845f\", \"frame\": 3, \"minimum_retention\": 0.9, \"primary_candidates\": 427, \"retention\": 0.8852459016393442, \"use_primary\": true}\n"}
,{"stream_name":"stdout","time":454.646255595,"data":"EDGE_TTA_ACTIVE views= 8 mean_abs_feat_delta= 0.32686\n"}
,{"stream_name":"stdout","time":454.84880232,"data":"EDGE_TTA_ACTIVE views= 8 mean_abs_feat_delta= 0.32686\n"}
,{"stream_name":"stdout","time":455.177709205,"data":"EDGE_TTA_ACTIVE views= 8 mean_abs_feat_delta= 0.409693\n"}
,{"stream_name":"stdout","time":455.380570274,"data":"EDGE_TTA_ACTIVE views= 8 mean_abs_feat_delta= 0.409693\n"}
,{"stream_name":"stdout","time":455.544082949,"data":"SECONDARY_EDGE_TTA_ACTIVE views= 8 weight= 0.75 mean_abs_feat_delta= 0.232764\n"}
,{"stream_name":"stdout","time":455.746423951,"data":"SECONDARY_EDGE_TTA_ACTIVE views= 8 weight= 0.75 mean_abs_feat_delta= 0.232764\n"}
,{"stream_name":"stdout","time":456.04226953,"data":"SECONDARY_EDGE_TTA_ACTIVE views= 8 weight= 0.75 mean_abs_feat_delta= 0.306843\n"}
,{"stream_name":"stdout","time":456.245373909,"data":"SECONDARY_EDGE_TTA_ACTIVE views= 8 weight= 0.75 mean_abs_feat_delta= 0.306843\n"}
,{"stream_name":"stdout","time":456.654438679,"data":"EDGE_TTA_ACTIVE views= 8 mean_abs_feat_delta= 0.327781\n"}
,{"stream_name":"stdout","time":456.857367017,"data":"EDGE_TTA_ACTIVE views= 8 mean_abs_feat_delta= 0.327781\n"}
,{"stream_name":"stdout","time":457.380156606,"data":"EDGE_TTA_ACTIVE views= 8 mean_abs_feat_delta= 0.406339\n"}
,{"stream_name":"stdout","time":457.557130214,"data":"SECONDARY_EDGE_TTA_ACTIVE views= 8 weight= 0.75 mean_abs_feat_delta= 0.236445\n"}
,{"stream_name":"stdout","time":457.582992811,"data":"EDGE_TTA_ACTIVE views= 8 mean_abs_feat_delta= 0.406339\n"}
,{"stream_name":"stdout","time":457.583067138,"data":"SECONDARY_EDGE_TTA_ACTIVE views= 8 weight= 0.75 mean_abs_feat_delta= 0.236445\n"}
,{"stream_name":"stdout","time":458.248600197,"data":"SECONDARY_EDGE_TTA_ACTIVE views= 8 weight= 0.75 mean_abs_feat_delta= 0.307361\n"}
,{"stream_name":"stdout","time":458.293359955,"data":"BIOHUB_RETENTION_GUARD {\"blended_candidates\": 331, \"dataset\": \"44b6_0b24845f\", \"frame\": 5, \"minimum_retention\": 0.9, \"primary_candidates\": 381, \"retention\": 0.868766404199475, \"use_primary\": true}\n"}
,{"stream_name":"stdout","time":458.450964285,"data":"SECONDARY_EDGE_TTA_ACTIVE views= 8 weight= 0.75 mean_abs_feat_delta= 0.307361\n"}
,{"stream_name":"stdout","time":458.451000802,"data":"BIOHUB_RETENTION_GUARD {\"blended_candidates\": 331, \"dataset\": \"44b6_0b24845f\", \"frame\": 5, \"minimum_retention\": 0.9, \"primary_candidates\": 381, \"retention\": 0.868766404199475, \"use_primary\": true}\n"}
,{"stream_name":"stdout","time":458.638446527,"data":"EDGE_TTA_ACTIVE views= 8 mean_abs_feat_delta= 0.332086\n"}
,{"stream_name":"stdout","time":458.840937471,"data":"EDGE_TTA_ACTIVE views= 8 mean_abs_feat_delta= 0.332086\n"}
,{"stream_name":"stdout","time":459.509716768,"data":"EDGE_TTA_ACTIVE views= 8 mean_abs_feat_delta= 0.3947\n"}
,{"stream_name":"stdout","time":459.543884402,"data":"SECONDARY_EDGE_TTA_ACTIVE views= 8 weight= 0.75 mean_abs_feat_delta= 0.236059\n"}
,{"stream_name":"stdout","time":459.711982067,"data":"EDGE_TTA_ACTIVE views= 8 mean_abs_feat_delta= 0.3947\n"}
,{"stream_name":"stdout","time":459.712018511,"data":"SECONDARY_EDGE_TTA_ACTIVE views= 8 weight= 0.75 mean_abs_feat_delta= 0.236059\n"}
,{"stream_name":"stdout","time":460.379016123,"data":"SECONDARY_EDGE_TTA_ACTIVE views= 8 weight= 0.75 mean_abs_feat_delta= 0.314245\n"}
,{"stream_name":"stdout","time":460.429616248,"data":"BIOHUB_RETENTION_GUARD {\"blended_candidates\": 346, \"dataset\": \"44b6_0b24845f\", \"frame\": 6, \"minimum_retention\": 0.9, \"primary_candidates\": 413, \"retention\": 0.837772397094431, \"use_primary\": true}\n"}
,{"stream_name":"stdout","time":460.596376574,"data":"SECONDARY_EDGE_TTA_ACTIVE views= 8 weight= 0.75 mean_abs_feat_delta= 0.314245\n"}
,{"stream_name":"stdout","time":460.596527844,"data":"BIOHUB_RETENTION_GUARD {\"blended_candidates\": 346, \"dataset\": \"44b6_0b24845f\", \"frame\": 6, \"minimum_retention\": 0.9, \"primary_candidates\": 413, \"retention\": 0.837772397094431, \"use_primary\": true}\n"}
,{"stream_name":"stdout","time":460.692255381,"data":"EDGE_TTA_ACTIVE views= 8 mean_abs_feat_delta= 0.337311\n"}
,{"stream_name":"stdout","time":460.895099721,"data":"EDGE_TTA_ACTIVE views= 8 mean_abs_feat_delta= 0.337311\n"}
,{"stream_name":"stdout","time":461.59674111,"data":"SECONDARY_EDGE_TTA_ACTIVE views= 8 weight= 0.75 mean_abs_feat_delta= 0.242392\n"}
,{"stream_name":"stdout","time":461.65310774,"data":"EDGE_TTA_ACTIVE views= 8 mean_abs_feat_delta= 0.394579\n"}
,{"stream_name":"stdout","time":461.799677269,"data":"SECONDARY_EDGE_TTA_ACTIVE views= 8 weight= 0.75 mean_abs_feat_delta= 0.242392\n"}
,{"stream_name":"stdout","time":461.799717472,"data":"EDGE_TTA_ACTIVE views= 8 mean_abs_feat_delta= 0.394579\n"}
,{"stream_name":"stdout","time":462.527215575,"data":"SECONDARY_EDGE_TTA_ACTIVE views= 8 weight= 0.75 mean_abs_feat_delta= 0.313847\n"}
,{"stream_name":"stdout","time":462.573832191,"data":"BIOHUB_RETENTION_GUARD {\"blended_candidates\": 324, \"dataset\": \"44b6_0b24845f\", \"frame\": 7, \"minimum_retention\": 0.9, \"primary_candidates\": 372, \"retention\": 0.8709677419354839, \"use_primary\": true}\n"}
,{"stream_name":"stdout","time":462.725253958,"data":"EDGE_TTA_ACTIVE views= 8 mean_abs_feat_delta= 0.336476\n"}
,{"stream_name":"stdout","time":462.72943553,"data":"SECONDARY_EDGE_TTA_ACTIVE views= 8 weight= 0.75 mean_abs_feat_delta= 0.313847\n"}
,{"stream_name":"stdout","time":462.729462229,"data":"BIOHUB_RETENTION_GUARD {\"blended_candidates\": 324, \"dataset\": \"44b6_0b24845f\", \"frame\": 7, \"minimum_retention\": 0.9, \"primary_candidates\": 372, \"retention\": 0.8709677419354839, \"use_primary\": true}\n"}
,{"stream_name":"stdout","time":462.729470297,"data":"EDGE_TTA_ACTIVE views= 8 mean_abs_feat_delta= 0.336476\n"}
,{"stream_name":"stdout","time":463.637013911,"data":"SECONDARY_EDGE_TTA_ACTIVE views= 8 weight= 0.75 mean_abs_feat_delta= 0.241164\n"}
,{"stream_name":"stdout","time":463.823044267,"data":"EDGE_TTA_ACTIVE views= 8 mean_abs_feat_delta= 0.395376\n"}
,{"stream_name":"stdout","time":463.840095597,"data":"SECONDARY_EDGE_TTA_ACTIVE views= 8 weight= 0.75 mean_abs_feat_delta= 0.241164\n"}
,{"stream_name":"stdout","time":463.840253141,"data":"EDGE_TTA_ACTIVE views= 8 mean_abs_feat_delta= 0.395376\n"}
,{"stream_name":"stdout","time":464.70047107,"data":"SECONDARY_EDGE_TTA_ACTIVE views= 8 weight= 0.75 mean_abs_feat_delta= 0.308779\n"}
,{"stream_name":"stdout","time":464.724138488,"data":"EDGE_TTA_ACTIVE views= 8 mean_abs_feat_delta= 0.33307\n"}
,{"stream_name":"stdout","time":464.757344561,"data":"BIOHUB_RETENTION_GUARD {\"blended_candidates\": 380, \"dataset\": \"44b6_0b24845f\", \"frame\": 8, \"minimum_retention\": 0.9, \"primary_candidates\": 443, \"retention\": 0.8577878103837472, \"use_primary\": true}\n"}
,{"stream_name":"stdout","time":464.903100702,"data":"SECONDARY_EDGE_TTA_ACTIVE views= 8 weight= 0.75 mean_abs_feat_delta= 0.308779\n"}
,{"stream_name":"stdout","time":464.903141764,"data":"EDGE_TTA_ACTIVE views= 8 mean_abs_feat_delta= 0.33307\n"}
,{"stream_name":"stdout","time":464.90314643,"data":"BIOHUB_RETENTION_GUARD {\"blended_candidates\": 380, \"dataset\": \"44b6_0b24845f\", \"frame\": 8, \"minimum_retention\": 0.9, \"primary_candidates\": 443, \"retention\": 0.8577878103837472, \"use_primary\": true}\n"}
,{"stream_name":"stdout","time":465.633413785,"data":"SECONDARY_EDGE_TTA_ACTIVE views= 8 weight= 0.75 mean_abs_feat_delta= 0.240446\n"}
,{"stream_name":"stdout","time":465.836779129,"data":"SECONDARY_EDGE_TTA_ACTIVE views= 8 weight= 0.75 mean_abs_feat_delta= 0.240446\n"}
,{"stream_name":"stdout","time":466.022169025,"data":"EDGE_TTA_ACTIVE views= 8 mean_abs_feat_delta= 0.390279\n"}
,{"stream_name":"stdout","time":466.225042318,"data":"EDGE_TTA_ACTIVE views= 8 mean_abs_feat_delta= 0.390279\n"}
,{"stream_name":"stdout","time":466.73854817,"data":"EDGE_TTA_ACTIVE views= 8 mean_abs_feat_delta= 0.333216\n"}
,{"stream_name":"stdout","time":466.903848668,"data":"SECONDARY_EDGE_TTA_ACTIVE views= 8 weight= 0.75 mean_abs_feat_delta= 0.310636\n"}
,{"stream_name":"stdout","time":466.941530501,"data":"EDGE_TTA_ACTIVE views= 8 mean_abs_feat_delta= 0.333216\n"}
,{"stream_name":"stdout","time":466.941567089,"data":"SECONDARY_EDGE_TTA_ACTIVE views= 8 weight= 0.75 mean_abs_feat_delta= 0.310636\n"}
,{"stream_name":"stdout","time":466.955200962,"data":"BIOHUB_RETENTION_GUARD {\"blended_candidates\": 361, \"dataset\": \"44b6_0b24845f\", \"frame\": 9, \"minimum_retention\": 0.9, \"primary_candidates\": 429, \"retention\": 0.8414918414918415, \"use_primary\": true}\n"}
,{"stream_name":"stdout","time":467.15766077,"data":"BIOHUB_RETENTION_GUARD {\"blended_candidates\": 361, \"dataset\": \"44b6_0b24845f\", \"frame\": 9, \"minimum_retention\": 0.9, \"primary_candidates\": 429, \"retention\": 0.8414918414918415, \"use_primary\": true}\n"}
,{"stream_name":"stdout","time":467.652067175,"data":"SECONDARY_EDGE_TTA_ACTIVE views= 8 weight= 0.75 mean_abs_feat_delta= 0.24216\n"}
,{"stream_name":"stdout","time":467.854390519,"data":"SECONDARY_EDGE_TTA_ACTIVE views= 8 weight= 0.75 mean_abs_feat_delta= 0.24216\n"}
,{"stream_name":"stdout","time":468.184560477,"data":"EDGE_TTA_ACTIVE views= 8 mean_abs_feat_delta= 0.382431\n"}
,{"stream_name":"stdout","time":468.387464145,"data":"EDGE_TTA_ACTIVE views= 8 mean_abs_feat_delta= 0.382431\n"}
,{"stream_name":"stdout","time":468.820398112,"data":"EDGE_TTA_ACTIVE views= 8 mean_abs_feat_delta= 0.341654\n"}
,{"stream_name":"stdout","time":469.023365891,"data":"EDGE_TTA_ACTIVE views= 8 mean_abs_feat_delta= 0.341654\n"}
,{"stream_name":"stdout","time":469.065521598,"data":"SECONDARY_EDGE_TTA_ACTIVE views= 8 weight= 0.75 mean_abs_feat_delta= 0.313269\n"}
,{"stream_name":"stdout","time":469.113879487,"data":"BIOHUB_RETENTION_GUARD {\"blended_candidates\": 326, \"dataset\": \"44b6_0b24845f\", \"frame\": 10, \"minimum_retention\": 0.9, \"primary_candidates\": 417, \"retention\": 0.7817745803357314, \"use_primary\": true}\n"}
,{"stream_name":"stdout","time":469.268205721,"data":"SECONDARY_EDGE_TTA_ACTIVE views= 8 weight= 0.75 mean_abs_feat_delta= 0.313269\n"}
,{"stream_name":"stdout","time":469.268278206,"data":"BIOHUB_RETENTION_GUARD {\"blended_candidates\": 326, \"dataset\": \"44b6_0b24845f\", \"frame\": 10, \"minimum_retention\": 0.9, \"primary_candidates\": 417, \"retention\": 0.7817745803357314, \"use_primary\": true}\n"}
,{"stream_name":"stdout","time":469.735067658,"data":"SECONDARY_EDGE_TTA_ACTIVE views= 8 weight= 0.75 mean_abs_feat_delta= 0.243727\n"}
,{"stream_name":"stdout","time":469.937537492,"data":"SECONDARY_EDGE_TTA_ACTIVE views= 8 weight= 0.75 mean_abs_feat_delta= 0.243727\n"}
,{"stream_name":"stdout","time":470.424020018,"data":"EDGE_TTA_ACTIVE views= 8 mean_abs_feat_delta= 0.382137\n"}
,{"stream_name":"stdout","time":470.626781714,"data":"EDGE_TTA_ACTIVE views= 8 mean_abs_feat_delta= 0.382137\n"}
,{"stream_name":"stdout","time":470.888184139,"data":"EDGE_TTA_ACTIVE views= 8 mean_abs_feat_delta= 0.334228\n"}
,{"stream_name":"stdout","time":471.092046503,"data":"EDGE_TTA_ACTIVE views= 8 mean_abs_feat_delta= 0.334228\n"}
,{"stream_name":"stdout","time":471.307022012,"data":"SECONDARY_EDGE_TTA_ACTIVE views= 8 weight= 0.75 mean_abs_feat_delta= 0.296628\n"}
,{"stream_name":"stdout","time":471.365053437,"data":"BIOHUB_RETENTION_GUARD {\"blended_candidates\": 348, \"dataset\": \"44b6_0b24845f\", \"frame\": 11, \"minimum_retention\": 0.9, \"primary_candidates\": 399, \"retention\": 0.8721804511278195, \"use_primary\": true}\n"}
,{"stream_name":"stdout","time":471.509821474,"data":"SECONDARY_EDGE_TTA_ACTIVE views= 8 weight= 0.75 mean_abs_feat_delta= 0.296628\n"}
,{"stream_name":"stdout","time":471.509865683,"data":"BIOHUB_RETENTION_GUARD {\"blended_candidates\": 348, \"dataset\": \"44b6_0b24845f\", \"frame\": 11, \"minimum_retention\": 0.9, \"primary_candidates\": 399, \"retention\": 0.8721804511278195, \"use_primary\": true}\n"}
,{"stream_name":"stdout","time":471.808208887,"data":"SECONDARY_EDGE_TTA_ACTIVE views= 8 weight= 0.75 mean_abs_feat_delta= 0.241899\n"}
,{"stream_name":"stdout","time":472.010865236,"data":"SECONDARY_EDGE_TTA_ACTIVE views= 8 weight= 0.75 mean_abs_feat_delta= 0.241899\n"}
,{"stream_name":"stdout","time":472.574130564,"data":"EDGE_TTA_ACTIVE views= 8 mean_abs_feat_delta= 0.390851\n"}
,{"stream_name":"stdout","time":472.776775287,"data":"EDGE_TTA_ACTIVE views= 8 mean_abs_feat_delta= 0.390851\n"}
,{"stream_name":"stdout","time":472.945915399,"data":"EDGE_TTA_ACTIVE views= 8 mean_abs_feat_delta= 0.335161\n"}
,{"stream_name":"stdout","time":473.14846277,"data":"EDGE_TTA_ACTIVE views= 8 mean_abs_feat_delta= 0.335161\n"}
,{"stream_name":"stdout","time":473.457761146,"data":"SECONDARY_EDGE_TTA_ACTIVE views= 8 weight= 0.75 mean_abs_feat_delta= 0.299359\n"}
,{"stream_name":"stdout","time":473.494779112,"data":"BIOHUB_RETENTION_GUARD {\"blended_candidates\": 296, \"dataset\": \"44b6_0b24845f\", \"frame\": 12, \"minimum_retention\": 0.9, \"primary_candidates\": 350, \"retention\": 0.8457142857142858, \"use_primary\": true}\n"}
,{"stream_name":"stdout","time":473.660072024,"data":"SECONDARY_EDGE_TTA_ACTIVE views= 8 weight= 0.75 mean_abs_feat_delta= 0.299359\n"}
,{"stream_name":"stdout","time":473.660110219,"data":"BIOHUB_RETENTION_GUARD {\"blended_candidates\": 296, \"dataset\": \"44b6_0b24845f\", \"frame\": 12, \"minimum_retention\": 0.9, \"primary_candidates\": 350, \"retention\": 0.8457142857142858, \"use_primary\": true}\n"}
,{"stream_name":"stdout","time":473.858998625,"data":"SECONDARY_EDGE_TTA_ACTIVE views= 8 weight= 0.75 mean_abs_feat_delta= 0.237416\n"}
,{"stream_name":"stdout","time":474.062398604,"data":"SECONDARY_EDGE_TTA_ACTIVE views= 8 weight= 0.75 mean_abs_feat_delta= 0.237416\n"}
,{"stream_name":"stdout","time":474.71883341,"data":"EDGE_TTA_ACTIVE views= 8 mean_abs_feat_delta= 0.390516\n"}
,{"stream_name":"stdout","time":474.92127029,"data":"EDGE_TTA_ACTIVE views= 8 mean_abs_feat_delta= 0.390516\n"}
,{"stream_name":"stdout","time":475.077672229,"data":"EDGE_TTA_ACTIVE views= 8 mean_abs_feat_delta= 0.330752\n"}
,{"stream_name":"stdout","time":475.280155897,"data":"EDGE_TTA_ACTIVE views= 8 mean_abs_feat_delta= 0.330752\n"}
,{"stream_name":"stdout","time":475.608970545,"data":"SECONDARY_EDGE_TTA_ACTIVE views= 8 weight= 0.75 mean_abs_feat_delta= 0.295563\n"}
,{"stream_name":"stdout","time":475.654782599,"data":"BIOHUB_RETENTION_GUARD {\"blended_candidates\": 316, \"dataset\": \"44b6_0b24845f\", \"frame\": 13, \"minimum_retention\": 0.9, \"primary_candidates\": 367, \"retention\": 0.8610354223433242, \"use_primary\": true}\n"}
,{"stream_name":"stdout","time":475.811259285,"data":"SECONDARY_EDGE_TTA_ACTIVE views= 8 weight= 0.75 mean_abs_feat_delta= 0.295563\n"}
,{"stream_name":"stdout","time":475.811308146,"data":"BIOHUB_RETENTION_GUARD {\"blended_candidates\": 316, \"dataset\": \"44b6_0b24845f\", \"frame\": 13, \"minimum_retention\": 0.9, \"primary_candidates\": 367, \"retention\": 0.8610354223433242, \"use_primary\": true}\n"}
,{"stream_name":"stdout","time":475.997484254,"data":"SECONDARY_EDGE_TTA_ACTIVE views= 8 weight= 0.75 mean_abs_feat_delta= 0.238386\n"}
,{"stream_name":"stdout","time":476.200207995,"data":"SECONDARY_EDGE_TTA_ACTIVE views= 8 weight= 0.75 mean_abs_feat_delta= 0.238386\n"}
,{"stream_name":"stdout","time":476.902818001,"data":"EDGE_TTA_ACTIVE views= 8 mean_abs_feat_delta= 0.385724\n"}
,{"stream_name":"stdout","time":477.105721061,"data":"EDGE_TTA_ACTIVE views= 8 mean_abs_feat_delta= 0.385724\n"}
,{"stream_name":"stdout","time":477.118835351,"data":"EDGE_TTA_ACTIVE views= 8 mean_abs_feat_delta= 0.32964\n"}
,{"stream_name":"stdout","time":477.321869327,"data":"EDGE_TTA_ACTIVE views= 8 mean_abs_feat_delta= 0.32964\n"}
,{"stream_name":"stdout","time":477.806868169,"data":"SECONDARY_EDGE_TTA_ACTIVE views= 8 weight= 0.75 mean_abs_feat_delta= 0.291254\n"}
,{"stream_name":"stdout","time":477.846510099,"data":"BIOHUB_RETENTION_GUARD {\"blended_candidates\": 306, \"dataset\": \"44b6_0b24845f\", \"frame\": 14, \"minimum_retention\": 0.9, \"primary_candidates\": 375, \"retention\": 0.816, \"use_primary\": true}\n"}
,{"stream_name":"stdout","time":478.009285395,"data":"SECONDARY_EDGE_TTA_ACTIVE views= 8 weight= 0.75 mean_abs_feat_delta= 0.291254\n"}
,{"stream_name":"stdout","time":478.009341284,"data":"BIOHUB_RETENTION_GUARD {\"blended_candidates\": 306, \"dataset\": \"44b6_0b24845f\", \"frame\": 14, \"minimum_retention\": 0.9, \"primary_candidates\": 375, \"retention\": 0.816, \"use_primary\": true}\n"}
,{"stream_name":"stdout","time":478.045584861,"data":"SECONDARY_EDGE_TTA_ACTIVE views= 8 weight= 0.75 mean_abs_feat_delta= 0.238478\n"}
,{"stream_name":"stdout","time":478.247884264,"data":"SECONDARY_EDGE_TTA_ACTIVE views= 8 weight= 0.75 mean_abs_feat_delta= 0.238478\n"}
,{"stream_name":"stdout","time":479.063815546,"data":"EDGE_TTA_ACTIVE views= 8 mean_abs_feat_delta= 0.383518\n"}
,{"stream_name":"stdout","time":479.174491388,"data":"EDGE_TTA_ACTIVE views= 8 mean_abs_feat_delta= 0.32447\n"}
,{"stream_name":"stdout","time":479.266675715,"data":"EDGE_TTA_ACTIVE views= 8 mean_abs_feat_delta= 0.383518\n"}
,{"stream_name":"stdout","time":479.266718352,"data":"EDGE_TTA_ACTIVE views= 8 mean_abs_feat_delta= 0.32447\n"}
,{"stream_name":"stdout","time":479.958434217,"data":"SECONDARY_EDGE_TTA_ACTIVE views= 8 weight= 0.75 mean_abs_feat_delta= 0.292761\n"}
,{"stream_name":"stdout","time":480.005910981,"data":"BIOHUB_RETENTION_GUARD {\"blended_candidates\": 318, \"dataset\": \"44b6_0b24845f\", \"frame\": 15, \"minimum_retention\": 0.9, \"primary_candidates\": 373, \"retention\": 0.8525469168900804, \"use_primary\": true}\n"}
,{"stream_name":"stdout","time":480.103947708,"data":"SECONDARY_EDGE_TTA_ACTIVE views= 8 weight= 0.75 mean_abs_feat_delta= 0.234529\n"}
,{"stream_name":"stdout","time":480.161261315,"data":"SECONDARY_EDGE_TTA_ACTIVE views= 8 weight= 0.75 mean_abs_feat_delta= 0.292761\n"}
,{"stream_name":"stdout","time":480.161336247,"data":"BIOHUB_RETENTION_GUARD {\"blended_candidates\": 318, \"dataset\": \"44b6_0b24845f\", \"frame\": 15, \"minimum_retention\": 0.9, \"primary_candidates\": 373, \"retention\": 0.8525469168900804, \"use_primary\": true}\n"}
,{"stream_name":"stdout","time":480.161350081,"data":"SECONDARY_EDGE_TTA_ACTIVE views= 8 weight= 0.75 mean_abs_feat_delta= 0.234529\n"}
,{"stream_name":"stdout","time":481.263225296,"data":"EDGE_TTA_ACTIVE views= 8 mean_abs_feat_delta= 0.385471\n"}
,{"stream_name":"stdout","time":481.319355835,"data":"EDGE_TTA_ACTIVE views= 8 mean_abs_feat_delta= 0.325522\n"}
,{"stream_name":"stdout","time":481.465930364,"data":"EDGE_TTA_ACTIVE views= 8 mean_abs_feat_delta= 0.385471\n"}
,{"stream_name":"stdout","time":481.465966873,"data":"EDGE_TTA_ACTIVE views= 8 mean_abs_feat_delta= 0.325522\n"}
,{"stream_name":"stdout","time":482.147440192,"data":"SECONDARY_EDGE_TTA_ACTIVE views= 8 weight= 0.75 mean_abs_feat_delta= 0.289362\n"}
,{"stream_name":"stdout","time":482.184861971,"data":"BIOHUB_RETENTION_GUARD {\"blended_candidates\": 324, \"dataset\": \"44b6_0b24845f\", \"frame\": 16, \"minimum_retention\": 0.9, \"primary_candidates\": 364, \"retention\": 0.8901098901098901, \"use_primary\": true}\n"}
,{"stream_name":"stdout","time":482.247719686,"data":"SECONDARY_EDGE_TTA_ACTIVE views= 8 weight= 0.75 mean_abs_feat_delta= 0.238533\n"}
,{"stream_name":"stdout","time":482.350838091,"data":"SECONDARY_EDGE_TTA_ACTIVE views= 8 weight= 0.75 mean_abs_feat_delta= 0.289362\n"}
,{"stream_name":"stdout","time":482.350878941,"data":"BIOHUB_RETENTION_GUARD {\"blended_candidates\": 324, \"dataset\": \"44b6_0b24845f\", \"frame\": 16, \"minimum_retention\": 0.9, \"primary_candidates\": 364, \"retention\": 0.8901098901098901, \"use_primary\": true}\n"}
,{"stream_name":"stdout","time":482.350892272,"data":"SECONDARY_EDGE_TTA_ACTIVE views= 8 weight= 0.75 mean_abs_feat_delta= 0.238533\n"}
,{"stream_name":"stdout","time":483.424377767,"data":"EDGE_TTA_ACTIVE views= 8 mean_abs_feat_delta= 0.384377\n"}
,{"stream_name":"stdout","time":483.427134756,"data":"EDGE_TTA_ACTIVE views= 8 mean_abs_feat_delta= 0.319866\n"}
,{"stream_name":"stdout","time":483.627226549,"data":"EDGE_TTA_ACTIVE views= 8 mean_abs_feat_delta= 0.384377\n"}
,{"stream_name":"stdout","time":483.62726559,"data":"EDGE_TTA_ACTIVE views= 8 mean_abs_feat_delta= 0.319866\n"}
,{"stream_name":"stdout","time":484.322377609,"data":"SECONDARY_EDGE_TTA_ACTIVE views= 8 weight= 0.75 mean_abs_feat_delta= 0.286833\n"}
,{"stream_name":"stdout","time":484.356477768,"data":"SECONDARY_EDGE_TTA_ACTIVE views= 8 weight= 0.75 mean_abs_feat_delta= 0.239819\n"}
,{"stream_name":"stdout","time":484.364103375,"data":"BIOHUB_RETENTION_GUARD {\"blended_candidates\": 320, \"dataset\": \"44b6_0b24845f\", \"frame\": 17, \"minimum_retention\": 0.9, \"primary_candidates\": 359, \"retention\": 0.8913649025069638, \"use_primary\": true}\n"}
,{"stream_name":"stdout","time":484.524596367,"data":"SECONDARY_EDGE_TTA_ACTIVE views= 8 weight= 0.75 mean_abs_feat_delta= 0.286833\n"}
,{"stream_name":"stdout","time":484.52465557,"data":"SECONDARY_EDGE_TTA_ACTIVE views= 8 weight= 0.75 mean_abs_feat_delta= 0.239819\n"}
,{"stream_name":"stdout","time":484.524661365,"data":"BIOHUB_RETENTION_GUARD {\"blended_candidates\": 320, \"dataset\": \"44b6_0b24845f\", \"frame\": 17, \"minimum_retention\": 0.9, \"primary_candidates\": 359, \"retention\": 0.8913649025069638, \"use_primary\": true}\n"}
,{"stream_name":"stdout","time":485.495472943,"data":"EDGE_TTA_ACTIVE views= 8 mean_abs_feat_delta= 0.323582\n"}
,{"stream_name":"stdout","time":485.629670399,"data":"EDGE_TTA_ACTIVE views= 8 mean_abs_feat_delta= 0.382582\n"}
,{"stream_name":"stdout","time":485.698456717,"data":"EDGE_TTA_ACTIVE views= 8 mean_abs_feat_delta= 0.323582\n"}
,{"stream_name":"stdout","time":485.69851558,"data":"EDGE_TTA_ACTIVE views= 8 mean_abs_feat_delta= 0.382582\n"}
,{"stream_name":"stdout","time":486.438948661,"data":"SECONDARY_EDGE_TTA_ACTIVE views= 8 weight= 0.75 mean_abs_feat_delta= 0.242037\n"}
,{"stream_name":"stdout","time":486.529272686,"data":"SECONDARY_EDGE_TTA_ACTIVE views= 8 weight= 0.75 mean_abs_feat_delta= 0.278925\n"}
,{"stream_name":"stdout","time":486.577863884,"data":"BIOHUB_RETENTION_GUARD {\"blended_candidates\": 336, \"dataset\": \"44b6_0b24845f\", \"frame\": 18, \"minimum_retention\": 0.9, \"primary_candidates\": 380, \"retention\": 0.8842105263157894, \"use_primary\": true}\n"}
,{"stream_name":"stdout","time":486.641750703,"data":"SECONDARY_EDGE_TTA_ACTIVE views= 8 weight= 0.75 mean_abs_feat_delta= 0.242037\n"}
,{"stream_name":"stdout","time":486.641821845,"data":"SECONDARY_EDGE_TTA_ACTIVE views= 8 weight= 0.75 mean_abs_feat_delta= 0.278925\n"}
,{"stream_name":"stdout","time":486.641829538,"data":"BIOHUB_RETENTION_GUARD {\"blended_candidates\": 336, \"dataset\": \"44b6_0b24845f\", \"frame\": 18, \"minimum_retention\": 0.9, \"primary_candidates\": 380, \"retention\": 0.8842105263157894, \"use_primary\": true}\n"}
,{"stream_name":"stdout","time":487.578065464,"data":"EDGE_TTA_ACTIVE views= 8 mean_abs_feat_delta= 0.326415\n"}
,{"stream_name":"stdout","time":487.780584728,"data":"EDGE_TTA_ACTIVE views= 8 mean_abs_feat_delta= 0.326415\n"}
,{"stream_name":"stdout","time":487.834452882,"data":"EDGE_TTA_ACTIVE views= 8 mean_abs_feat_delta= 0.372763\n"}
,{"stream_name":"stdout","time":488.037153519,"data":"EDGE_TTA_ACTIVE views= 8 mean_abs_feat_delta= 0.372763\n"}
,{"stream_name":"stdout","time":488.515704882,"data":"SECONDARY_EDGE_TTA_ACTIVE views= 8 weight= 0.75 mean_abs_feat_delta= 0.241724\n"}
,{"stream_name":"stdout","time":488.718144073,"data":"SECONDARY_EDGE_TTA_ACTIVE views= 8 weight= 0.75 mean_abs_feat_delta= 0.241724\n"}
,{"stream_name":"stdout","time":488.735581827,"data":"SECONDARY_EDGE_TTA_ACTIVE views= 8 weight= 0.75 mean_abs_feat_delta= 0.279475\n"}
,{"stream_name":"stdout","time":488.774825814,"data":"BIOHUB_RETENTION_GUARD {\"blended_candidates\": 286, \"dataset\": \"44b6_0b24845f\", \"frame\": 19, \"minimum_retention\": 0.9, \"primary_candidates\": 337, \"retention\": 0.8486646884272997, \"use_primary\": true}\n"}
,{"stream_name":"stdout","time":488.937921387,"data":"SECONDARY_EDGE_TTA_ACTIVE views= 8 weight= 0.75 mean_abs_feat_delta= 0.279475\n"}
,{"stream_name":"stdout","time":488.937961886,"data":"BIOHUB_RETENTION_GUARD {\"blended_candidates\": 286, \"dataset\": \"44b6_0b24845f\", \"frame\": 19, \"minimum_retention\": 0.9, \"primary_candidates\": 337, \"retention\": 0.8486646884272997, \"use_primary\": true}\n"}
,{"stream_name":"stdout","time":489.658405145,"data":"EDGE_TTA_ACTIVE views= 8 mean_abs_feat_delta= 0.32326\n"}
,{"stream_name":"stdout","time":489.861459672,"data":"EDGE_TTA_ACTIVE views= 8 mean_abs_feat_delta= 0.32326\n"}
,{"stream_name":"stdout","time":490.026130723,"data":"EDGE_TTA_ACTIVE views= 8 mean_abs_feat_delta= 0.372366\n"}
,{"stream_name":"stdout","time":490.228698116,"data":"EDGE_TTA_ACTIVE views= 8 mean_abs_feat_delta= 0.372366\n"}
,{"stream_name":"stdout","time":490.587163941,"data":"SECONDARY_EDGE_TTA_ACTIVE views= 8 weight= 0.75 mean_abs_feat_delta= 0.234753\n"}
,{"stream_name":"stdout","time":490.806905659,"data":"SECONDARY_EDGE_TTA_ACTIVE views= 8 weight= 0.75 mean_abs_feat_delta= 0.234753\n"}
,{"stream_name":"stdout","time":490.933274032,"data":"SECONDARY_EDGE_TTA_ACTIVE views= 8 weight= 0.75 mean_abs_feat_delta= 0.284561\n"}
,{"stream_name":"stdout","time":490.972654003,"data":"BIOHUB_RETENTION_GUARD {\"blended_candidates\": 282, \"dataset\": \"44b6_0b24845f\", \"frame\": 20, \"minimum_retention\": 0.9, \"primary_candidates\": 334, \"retention\": 0.844311377245509, \"use_primary\": true}\n"}
,{"stream_name":"stdout","time":491.137064855,"data":"SECONDARY_EDGE_TTA_ACTIVE views= 8 weight= 0.75 mean_abs_feat_delta= 0.284561\n"}
,{"stream_name":"stdout","time":491.137097865,"data":"BIOHUB_RETENTION_GUARD {\"blended_candidates\": 282, \"dataset\": \"44b6_0b24845f\", \"frame\": 20, \"minimum_retention\": 0.9, \"primary_candidates\": 334, \"retention\": 0.844311377245509, \"use_primary\": true}\n"}
,{"stream_name":"stdout","time":491.761138764,"data":"EDGE_TTA_ACTIVE views= 8 mean_abs_feat_delta= 0.324888\n"}
,{"stream_name":"stdout","time":491.963799179,"data":"EDGE_TTA_ACTIVE views= 8 mean_abs_feat_delta= 0.324888\n"}
,{"stream_name":"stdout","time":492.190458622,"data":"EDGE_TTA_ACTIVE views= 8 mean_abs_feat_delta= 0.371789\n"}
,{"stream_name":"stdout","time":492.393336599,"data":"EDGE_TTA_ACTIVE views= 8 mean_abs_feat_delta= 0.371789\n"}
,{"stream_name":"stdout","time":492.697848542,"data":"SECONDARY_EDGE_TTA_ACTIVE views= 8 weight= 0.75 mean_abs_feat_delta= 0.238746\n"}
,{"stream_name":"stdout","time":492.900709709,"data":"SECONDARY_EDGE_TTA_ACTIVE views= 8 weight= 0.75 mean_abs_feat_delta= 0.238746\n"}
,{"stream_name":"stdout","time":493.102391648,"data":"SECONDARY_EDGE_TTA_ACTIVE views= 8 weight= 0.75 mean_abs_feat_delta= 0.285181\n"}
,{"stream_name":"stdout","time":493.145083028,"data":"BIOHUB_RETENTION_GUARD {\"blended_candidates\": 272, \"dataset\": \"44b6_0b24845f\", \"frame\": 21, \"minimum_retention\": 0.9, \"primary_candidates\": 319, \"retention\": 0.8526645768025078, \"use_primary\": true}\n"}
,{"stream_name":"stdout","time":493.305110982,"data":"SECONDARY_EDGE_TTA_ACTIVE views= 8 weight= 0.75 mean_abs_feat_delta= 0.285181\n"}
,{"stream_name":"stdout","time":493.305150852,"data":"BIOHUB_RETENTION_GUARD {\"blended_candidates\": 272, \"dataset\": \"44b6_0b24845f\", \"frame\": 21, \"minimum_retention\": 0.9, \"primary_candidates\": 319, \"retention\": 0.8526645768025078, \"use_primary\": true}\n"}
,{"stream_name":"stdout","time":493.841174602,"data":"EDGE_TTA_ACTIVE views= 8 mean_abs_feat_delta= 0.325752\n"}
,{"stream_name":"stdout","time":494.044120869,"data":"EDGE_TTA_ACTIVE views= 8 mean_abs_feat_delta= 0.325752\n"}
,{"stream_name":"stdout","time":494.384867601,"data":"EDGE_TTA_ACTIVE views= 8 mean_abs_feat_delta= 0.374281\n"}
,{"stream_name":"stdout","time":494.587700192,"data":"EDGE_TTA_ACTIVE views= 8 mean_abs_feat_delta= 0.374281\n"}
,{"stream_name":"stdout","time":494.782550757,"data":"SECONDARY_EDGE_TTA_ACTIVE views= 8 weight= 0.75 mean_abs_feat_delta= 0.238954\n"}
,{"stream_name":"stdout","time":494.985864872,"data":"SECONDARY_EDGE_TTA_ACTIVE views= 8 weight= 0.75 mean_abs_feat_delta= 0.238954\n"}
,{"stream_name":"stdout","time":495.293638973,"data":"SECONDARY_EDGE_TTA_ACTIVE views= 8 weight= 0.75 mean_abs_feat_delta= 0.283807\n"}
,{"stream_name":"stdout","time":495.337488093,"data":"BIOHUB_RETENTION_GUARD {\"blended_candidates\": 276, \"dataset\": \"44b6_0b24845f\", \"frame\": 22, \"minimum_retention\": 0.9, \"primary_candidates\": 312, \"retention\": 0.8846153846153846, \"use_primary\": true}\n"}
,{"stream_name":"stdout","time":495.495881657,"data":"SECONDARY_EDGE_TTA_ACTIVE views= 8 weight= 0.75 mean_abs_feat_delta= 0.283807\n"}
,{"stream_name":"stdout","time":495.495918709,"data":"BIOHUB_RETENTION_GUARD {\"blended_candidates\": 276, \"dataset\": \"44b6_0b24845f\", \"frame\": 22, \"minimum_retention\": 0.9, \"primary_candidates\": 312, \"retention\": 0.8846153846153846, \"use_primary\": true}\n"}
,{"stream_name":"stdout","time":495.948008734,"data":"EDGE_TTA_ACTIVE views= 8 mean_abs_feat_delta= 0.330364\n"}
,{"stream_name":"stdout","time":496.15072859,"data":"EDGE_TTA_ACTIVE views= 8 mean_abs_feat_delta= 0.330364\n"}
,{"stream_name":"stdout","time":496.567566365,"data":"EDGE_TTA_ACTIVE views= 8 mean_abs_feat_delta= 0.376351\n"}
,{"stream_name":"stdout","time":496.770257369,"data":"EDGE_TTA_ACTIVE views= 8 mean_abs_feat_delta= 0.376351\n"}
,{"stream_name":"stdout","time":496.892099966,"data":"SECONDARY_EDGE_TTA_ACTIVE views= 8 weight= 0.75 mean_abs_feat_delta= 0.235145\n"}
,{"stream_name":"stdout","time":497.095254783,"data":"SECONDARY_EDGE_TTA_ACTIVE views= 8 weight= 0.75 mean_abs_feat_delta= 0.235145\n"}
,{"stream_name":"stdout","time":497.484361335,"data":"SECONDARY_EDGE_TTA_ACTIVE views= 8 weight= 0.75 mean_abs_feat_delta= 0.283023\n"}
,{"stream_name":"stdout","time":497.525931255,"data":"BIOHUB_RETENTION_GUARD {\"blended_candidates\": 298, \"dataset\": \"44b6_0b24845f\", \"frame\": 23, \"minimum_retention\": 0.9, \"primary_candidates\": 343, \"retention\": 0.8688046647230321, \"use_primary\": true}\n"}
,{"stream_name":"stdout","time":497.687743454,"data":"SECONDARY_EDGE_TTA_ACTIVE views= 8 weight= 0.75 mean_abs_feat_delta= 0.283023\n"}
,{"stream_name":"stdout","time":497.687800393,"data":"BIOHUB_RETENTION_GUARD {\"blended_candidates\": 298, \"dataset\": \"44b6_0b24845f\", \"frame\": 23, \"minimum_retention\": 0.9, \"primary_candidates\": 343, \"retention\": 0.8688046647230321, \"use_primary\": true}\n"}
,{"stream_name":"stdout","time":498.016594335,"data":"EDGE_TTA_ACTIVE views= 8 mean_abs_feat_delta= 0.329773\n"}
,{"stream_name":"stdout","time":498.219438911,"data":"EDGE_TTA_ACTIVE views= 8 mean_abs_feat_delta= 0.329773\n"}
,{"stream_name":"stdout","time":498.799415683,"data":"EDGE_TTA_ACTIVE views= 8 mean_abs_feat_delta= 0.376414\n"}
,{"stream_name":"stdout","time":498.964259289,"data":"SECONDARY_EDGE_TTA_ACTIVE views= 8 weight= 0.75 mean_abs_feat_delta= 0.236219\n"}
,{"stream_name":"stdout","time":499.002143703,"data":"EDGE_TTA_ACTIVE views= 8 mean_abs_feat_delta= 0.376414\n"}
,{"stream_name":"stdout","time":499.002190596,"data":"SECONDARY_EDGE_TTA_ACTIVE views= 8 weight= 0.75 mean_abs_feat_delta= 0.236219\n"}
,{"stream_name":"stdout","time":499.717797092,"data":"SECONDARY_EDGE_TTA_ACTIVE views= 8 weight= 0.75 mean_abs_feat_delta= 0.282779\n"}
,{"stream_name":"stdout","time":499.754763233,"data":"BIOHUB_RETENTION_GUARD {\"blended_candidates\": 252, \"dataset\": \"44b6_0b24845f\", \"frame\": 24, \"minimum_retention\": 0.9, \"primary_candidates\": 308, \"retention\": 0.8181818181818182, \"use_primary\": true}\n"}
,{"stream_name":"stdout","time":499.920333377,"data":"SECONDARY_EDGE_TTA_ACTIVE views= 8 weight= 0.75 mean_abs_feat_delta= 0.282779\n"}
,{"stream_name":"stdout","time":499.920489608,"data":"BIOHUB_RETENTION_GUARD {\"blended_candidates\": 252, \"dataset\": \"44b6_0b24845f\", \"frame\": 24, \"minimum_retention\": 0.9, \"primary_candidates\": 308, \"retention\": 0.8181818181818182, \"use_primary\": true}\n"}
,{"stream_name":"stdout","time":500.141610747,"data":"EDGE_TTA_ACTIVE views= 8 mean_abs_feat_delta= 0.325156\n"}
,{"stream_name":"stdout","time":500.344616526,"data":"EDGE_TTA_ACTIVE views= 8 mean_abs_feat_delta= 0.325156\n"}
,{"stream_name":"stdout","time":500.94052624,"data":"EDGE_TTA_ACTIVE views= 8 mean_abs_feat_delta= 0.372882\n"}
,{"stream_name":"stdout","time":501.090180146,"data":"SECONDARY_EDGE_TTA_ACTIVE views= 8 weight= 0.75 mean_abs_feat_delta= 0.234985\n"}
,{"stream_name":"stdout","time":501.146886957,"data":"EDGE_TTA_ACTIVE views= 8 mean_abs_feat_delta= 0.372882\n"}
,{"stream_name":"stdout","time":501.146921956,"data":"SECONDARY_EDGE_TTA_ACTIVE views= 8 weight= 0.75 mean_abs_feat_delta= 0.234985\n"}
,{"stream_name":"stdout","time":501.854514046,"data":"SECONDARY_EDGE_TTA_ACTIVE views= 8 weight= 0.75 mean_abs_feat_delta= 0.277254\n"}
,{"stream_name":"stdout","time":501.886040963,"data":"BIOHUB_RETENTION_GUARD {\"blended_candidates\": 266, \"dataset\": \"44b6_0b24845f\", \"frame\": 25, \"minimum_retention\": 0.9, \"primary_candidates\": 321, \"retention\": 0.8286604361370716, \"use_primary\": true}\n"}
,{"stream_name":"stdout","time":502.057152128,"data":"SECONDARY_EDGE_TTA_ACTIVE views= 8 weight= 0.75 mean_abs_feat_delta= 0.277254\n"}
,{"stream_name":"stdout","time":502.057195838,"data":"BIOHUB_RETENTION_GUARD {\"blended_candidates\": 266, \"dataset\": \"44b6_0b24845f\", \"frame\": 25, \"minimum_retention\": 0.9, \"primary_candidates\": 321, \"retention\": 0.8286604361370716, \"use_primary\": true}\n"}
,{"stream_name":"stdout","time":502.313098399,"data":"EDGE_TTA_ACTIVE views= 8 mean_abs_feat_delta= 0.328005\n"}
,{"stream_name":"stdout","time":502.51544417,"data":"EDGE_TTA_ACTIVE views= 8 mean_abs_feat_delta= 0.328005\n"}
,{"stream_name":"stdout","time":503.126730395,"data":"EDGE_TTA_ACTIVE views= 8 mean_abs_feat_delta= 0.37166\n"}
,{"stream_name":"stdout","time":503.266372956,"data":"SECONDARY_EDGE_TTA_ACTIVE views= 8 weight= 0.75 mean_abs_feat_delta= 0.230623\n"}
,{"stream_name":"stdout","time":503.329923324,"data":"EDGE_TTA_ACTIVE views= 8 mean_abs_feat_delta= 0.37166\n"}
,{"stream_name":"stdout","time":503.330031493,"data":"SECONDARY_EDGE_TTA_ACTIVE views= 8 weight= 0.75 mean_abs_feat_delta= 0.230623\n"}
,{"stream_name":"stdout","time":504.054261774,"data":"SECONDARY_EDGE_TTA_ACTIVE views= 8 weight= 0.75 mean_abs_feat_delta= 0.281262\n"}
,{"stream_name":"stdout","time":504.096645238,"data":"BIOHUB_RETENTION_GUARD {\"blended_candidates\": 276, \"dataset\": \"44b6_0b24845f\", \"frame\": 26, \"minimum_retention\": 0.9, \"primary_candidates\": 319, \"retention\": 0.8652037617554859, \"use_primary\": true}\n"}
,{"stream_name":"stdout","time":504.256716655,"data":"SECONDARY_EDGE_TTA_ACTIVE views= 8 weight= 0.75 mean_abs_feat_delta= 0.281262\n"}
,{"stream_name":"stdout","time":504.256754222,"data":"BIOHUB_RETENTION_GUARD {\"blended_candidates\": 276, \"dataset\": \"44b6_0b24845f\", \"frame\": 26, \"minimum_retention\": 0.9, \"primary_candidates\": 319, \"retention\": 0.8652037617554859, \"use_primary\": true}\n"}
,{"stream_name":"stdout","time":504.436512785,"data":"EDGE_TTA_ACTIVE views= 8 mean_abs_feat_delta= 0.332057\n"}
,{"stream_name":"stdout","time":504.638976306,"data":"EDGE_TTA_ACTIVE views= 8 mean_abs_feat_delta= 0.332057\n"}
,{"stream_name":"stdout","time":505.366275645,"data":"EDGE_TTA_ACTIVE views= 8 mean_abs_feat_delta= 0.380369\n"}
,{"stream_name":"stdout","time":505.388496336,"data":"SECONDARY_EDGE_TTA_ACTIVE views= 8 weight= 0.75 mean_abs_feat_delta= 0.233514\n"}
,{"stream_name":"stdout","time":505.569242182,"data":"EDGE_TTA_ACTIVE views= 8 mean_abs_feat_delta= 0.380369\n"}
,{"stream_name":"stdout","time":505.5693351,"data":"SECONDARY_EDGE_TTA_ACTIVE views= 8 weight= 0.75 mean_abs_feat_delta= 0.233514\n"}
,{"stream_name":"stdout","time":506.295748671,"data":"SECONDARY_EDGE_TTA_ACTIVE views= 8 weight= 0.75 mean_abs_feat_delta= 0.286689\n"}
,{"stream_name":"stdout","time":506.33991592,"data":"BIOHUB_RETENTION_GUARD {\"blended_candidates\": 264, \"dataset\": \"44b6_0b24845f\", \"frame\": 27, \"minimum_retention\": 0.9, \"primary_candidates\": 310, \"retention\": 0.8516129032258064, \"use_primary\": true}\n"}
,{"stream_name":"stdout","time":506.498399974,"data":"SECONDARY_EDGE_TTA_ACTIVE views= 8 weight= 0.75 mean_abs_feat_delta= 0.286689\n"}
,{"stream_name":"stdout","time":506.498474857,"data":"BIOHUB_RETENTION_GUARD {\"blended_candidates\": 264, \"dataset\": \"44b6_0b24845f\", \"frame\": 27, \"minimum_retention\": 0.9, \"primary_candidates\": 310, \"retention\": 0.8516129032258064, \"use_primary\": true}\n"}
,{"stream_name":"stdout","time":506.524720796,"data":"EDGE_TTA_ACTIVE views= 8 mean_abs_feat_delta= 0.327244\n"}
,{"stream_name":"stdout","time":506.727660431,"data":"EDGE_TTA_ACTIVE views= 8 mean_abs_feat_delta= 0.327244\n"}
,{"stream_name":"stdout","time":507.480017035,"data":"SECONDARY_EDGE_TTA_ACTIVE views= 8 weight= 0.75 mean_abs_feat_delta= 0.236419\n"}
,{"stream_name":"stdout","time":507.638764872,"data":"EDGE_TTA_ACTIVE views= 8 mean_abs_feat_delta= 0.376619\n"}
,{"stream_name":"stdout","time":507.682161097,"data":"SECONDARY_EDGE_TTA_ACTIVE views= 8 weight= 0.75 mean_abs_feat_delta= 0.236419\n"}
,{"stream_name":"stdout","time":507.682211642,"data":"EDGE_TTA_ACTIVE views= 8 mean_abs_feat_delta= 0.376619\n"}
,{"stream_name":"stdout","time":508.573210648,"data":"SECONDARY_EDGE_TTA_ACTIVE views= 8 weight= 0.75 mean_abs_feat_delta= 0.289543\n"}
,{"stream_name":"stdout","time":508.640236032,"data":"EDGE_TTA_ACTIVE views= 8 mean_abs_feat_delta= 0.331491\n"}
,{"stream_name":"stdout","time":508.775606748,"data":"SECONDARY_EDGE_TTA_ACTIVE views= 8 weight= 0.75 mean_abs_feat_delta= 0.289543\n"}
,{"stream_name":"stdout","time":508.775646341,"data":"EDGE_TTA_ACTIVE views= 8 mean_abs_feat_delta= 0.331491\n"}
,{"stream_name":"stdout","time":509.597795069,"data":"SECONDARY_EDGE_TTA_ACTIVE views= 8 weight= 0.75 mean_abs_feat_delta= 0.240106\n"}
,{"stream_name":"stdout","time":509.800532498,"data":"SECONDARY_EDGE_TTA_ACTIVE views= 8 weight= 0.75 mean_abs_feat_delta= 0.240106\n"}
,{"stream_name":"stdout","time":509.906850821,"data":"EDGE_TTA_ACTIVE views= 8 mean_abs_feat_delta= 0.376866\n"}
,{"stream_name":"stdout","time":510.109544634,"data":"EDGE_TTA_ACTIVE views= 8 mean_abs_feat_delta= 0.376866\n"}
,{"stream_name":"stdout","time":510.759265354,"data":"EDGE_TTA_ACTIVE views= 8 mean_abs_feat_delta= 0.332767\n"}
,{"stream_name":"stdout","time":510.840724569,"data":"SECONDARY_EDGE_TTA_ACTIVE views= 8 weight= 0.75 mean_abs_feat_delta= 0.279696\n"}
,{"stream_name":"stdout","time":510.961738378,"data":"EDGE_TTA_ACTIVE views= 8 mean_abs_feat_delta= 0.332767\n"}
,{"stream_name":"stdout","time":510.961779491,"data":"SECONDARY_EDGE_TTA_ACTIVE views= 8 weight= 0.75 mean_abs_feat_delta= 0.279696\n"}
,{"stream_name":"stdout","time":511.7210583,"data":"SECONDARY_EDGE_TTA_ACTIVE views= 8 weight= 0.75 mean_abs_feat_delta= 0.251196\n"}
,{"stream_name":"stdout","time":511.923724488,"data":"SECONDARY_EDGE_TTA_ACTIVE views= 8 weight= 0.75 mean_abs_feat_delta= 0.251196\n"}
,{"stream_name":"stdout","time":512.137884915,"data":"EDGE_TTA_ACTIVE views= 8 mean_abs_feat_delta= 0.386917\n"}
,{"stream_name":"stdout","time":512.340653663,"data":"EDGE_TTA_ACTIVE views= 8 mean_abs_feat_delta= 0.386917\n"}
,{"stream_name":"stdout","time":512.918319614,"data":"EDGE_TTA_ACTIVE views= 8 mean_abs_feat_delta= 0.333532\n"}
,{"stream_name":"stdout","time":513.075892397,"data":"SECONDARY_EDGE_TTA_ACTIVE views= 8 weight= 0.75 mean_abs_feat_delta= 0.278123\n"}
,{"stream_name":"stdout","time":513.111446089,"data":"BIOHUB_RETENTION_GUARD {\"blended_candidates\": 248, \"dataset\": \"44b6_0b24845f\", \"frame\": 30, \"minimum_retention\": 0.9, \"primary_candidates\": 289, \"retention\": 0.8581314878892734, \"use_primary\": true}\n"}
,{"stream_name":"stdout","time":513.120789129,"data":"EDGE_TTA_ACTIVE views= 8 mean_abs_feat_delta= 0.333532\n"}
,{"stream_name":"stdout","time":513.120822589,"data":"SECONDARY_EDGE_TTA_ACTIVE views= 8 weight= 0.75 mean_abs_feat_delta= 0.278123\n"}
,{"stream_name":"stdout","time":513.120828524,"data":"BIOHUB_RETENTION_GUARD {\"blended_candidates\": 248, \"dataset\": \"44b6_0b24845f\", \"frame\": 30, \"minimum_retention\": 0.9, \"primary_candidates\": 289, \"retention\": 0.8581314878892734, \"use_primary\": true}\n"}
,{"stream_name":"stdout","time":513.889702353,"data":"SECONDARY_EDGE_TTA_ACTIVE views= 8 weight= 0.75 mean_abs_feat_delta= 0.251416\n"}
,{"stream_name":"stdout","time":514.091926168,"data":"SECONDARY_EDGE_TTA_ACTIVE views= 8 weight= 0.75 mean_abs_feat_delta= 0.251416\n"}
,{"stream_name":"stdout","time":514.310118393,"data":"EDGE_TTA_ACTIVE views= 8 mean_abs_feat_delta= 0.380402\n"}
,{"stream_name":"stdout","time":514.513288154,"data":"EDGE_TTA_ACTIVE views= 8 mean_abs_feat_delta= 0.380402\n"}
,{"stream_name":"stdout","time":515.086720913,"data":"EDGE_TTA_ACTIVE views= 8 mean_abs_feat_delta= 0.339086\n"}
,{"stream_name":"stdout","time":515.25199627,"data":"SECONDARY_EDGE_TTA_ACTIVE views= 8 weight= 0.75 mean_abs_feat_delta= 0.280595\n"}
,{"stream_name":"stdout","time":515.288353485,"data":"BIOHUB_RETENTION_GUARD {\"blended_candidates\": 241, \"dataset\": \"44b6_0b24845f\", \"frame\": 31, \"minimum_retention\": 0.9, \"primary_candidates\": 302, \"retention\": 0.7980132450331126, \"use_primary\": true}\n"}
,{"stream_name":"stdout","time":515.29008772,"data":"EDGE_TTA_ACTIVE views= 8 mean_abs_feat_delta= 0.339086\n"}
,{"stream_name":"stdout","time":515.290112235,"data":"SECONDARY_EDGE_TTA_ACTIVE views= 8 weight= 0.75 mean_abs_feat_delta= 0.280595\n"}
,{"stream_name":"stdout","time":515.492922482,"data":"BIOHUB_RETENTION_GUARD {\"blended_candidates\": 241, \"dataset\": \"44b6_0b24845f\", \"frame\": 31, \"minimum_retention\": 0.9, \"primary_candidates\": 302, \"retention\": 0.7980132450331126, \"use_primary\": true}\n"}
,{"stream_name":"stdout","time":516.060857734,"data":"SECONDARY_EDGE_TTA_ACTIVE views= 8 weight= 0.75 mean_abs_feat_delta= 0.251129\n"}
,{"stream_name":"stdout","time":516.264234312,"data":"SECONDARY_EDGE_TTA_ACTIVE views= 8 weight= 0.75 mean_abs_feat_delta= 0.251129\n"}
,{"stream_name":"stdout","time":516.521233992,"data":"EDGE_TTA_ACTIVE views= 8 mean_abs_feat_delta= 0.37605\n"}
,{"stream_name":"stdout","time":516.723738828,"data":"EDGE_TTA_ACTIVE views= 8 mean_abs_feat_delta= 0.37605\n"}
,{"stream_name":"stdout","time":517.256025621,"data":"EDGE_TTA_ACTIVE views= 8 mean_abs_feat_delta= 0.336421\n"}
,{"stream_name":"stdout","time":517.458557118,"data":"EDGE_TTA_ACTIVE views= 8 mean_abs_feat_delta= 0.336421\n"}
,{"stream_name":"stdout","time":517.477921026,"data":"SECONDARY_EDGE_TTA_ACTIVE views= 8 weight= 0.75 mean_abs_feat_delta= 0.279727\n"}
,{"stream_name":"stdout","time":517.510336702,"data":"BIOHUB_RETENTION_GUARD {\"blended_candidates\": 223, \"dataset\": \"44b6_0b24845f\", \"frame\": 32, \"minimum_retention\": 0.9, \"primary_candidates\": 293, \"retention\": 0.7610921501706485, \"use_primary\": true}\n"}
,{"stream_name":"stdout","time":517.680178851,"data":"SECONDARY_EDGE_TTA_ACTIVE views= 8 weight= 0.75 mean_abs_feat_delta= 0.279727\n"}
,{"stream_name":"stdout","time":517.68021719,"data":"BIOHUB_RETENTION_GUARD {\"blended_candidates\": 223, \"dataset\": \"44b6_0b24845f\", \"frame\": 32, \"minimum_retention\": 0.9, \"primary_candidates\": 293, \"retention\": 0.7610921501706485, \"use_primary\": true}\n"}
,{"stream_name":"stdout","time":518.230116031,"data":"SECONDARY_EDGE_TTA_ACTIVE views= 8 weight= 0.75 mean_abs_feat_delta= 0.248917\n"}
,{"stream_name":"stdout","time":518.43296163,"data":"SECONDARY_EDGE_TTA_ACTIVE views= 8 weight= 0.75 mean_abs_feat_delta= 0.248917\n"}
,{"stream_name":"stdout","time":518.76614632,"data":"EDGE_TTA_ACTIVE views= 8 mean_abs_feat_delta= 0.37454\n"}
,{"stream_name":"stdout","time":518.969065875,"data":"EDGE_TTA_ACTIVE views= 8 mean_abs_feat_delta= 0.37454\n"}
,{"stream_name":"stdout","time":519.412507766,"data":"EDGE_TTA_ACTIVE views= 8 mean_abs_feat_delta= 0.329875\n"}
,{"stream_name":"stdout","time":519.615693942,"data":"EDGE_TTA_ACTIVE views= 8 mean_abs_feat_delta= 0.329875\n"}
,{"stream_name":"stdout","time":519.717008144,"data":"SECONDARY_EDGE_TTA_ACTIVE views= 8 weight= 0.75 mean_abs_feat_delta= 0.277852\n"}
,{"stream_name":"stdout","time":519.750480073,"data":"BIOHUB_RETENTION_GUARD {\"blended_candidates\": 225, \"dataset\": \"44b6_0b24845f\", \"frame\": 33, \"minimum_retention\": 0.9, \"primary_candidates\": 297, \"retention\": 0.7575757575757576, \"use_primary\": true}\n"}
,{"stream_name":"stdout","time":519.919081944,"data":"SECONDARY_EDGE_TTA_ACTIVE views= 8 weight= 0.75 mean_abs_feat_delta= 0.277852\n"}
,{"stream_name":"stdout","time":519.919125934,"data":"BIOHUB_RETENTION_GUARD {\"blended_candidates\": 225, \"dataset\": \"44b6_0b24845f\", \"frame\": 33, \"minimum_retention\": 0.9, \"primary_candidates\": 297, \"retention\": 0.7575757575757576, \"use_primary\": true}\n"}
,{"stream_name":"stdout","time":520.382865702,"data":"SECONDARY_EDGE_TTA_ACTIVE views= 8 weight= 0.75 mean_abs_feat_delta= 0.248317\n"}
,{"stream_name":"stdout","time":520.585458145,"data":"SECONDARY_EDGE_TTA_ACTIVE views= 8 weight= 0.75 mean_abs_feat_delta= 0.248317\n"}
,{"stream_name":"stdout","time":521.058700325,"data":"EDGE_TTA_ACTIVE views= 8 mean_abs_feat_delta= 0.372821\n"}
,{"stream_name":"stdout","time":521.282826345,"data":"EDGE_TTA_ACTIVE views= 8 mean_abs_feat_delta= 0.372821\n"}
,{"stream_name":"stdout","time":521.577603878,"data":"EDGE_TTA_ACTIVE views= 8 mean_abs_feat_delta= 0.328572\n"}
,{"stream_name":"stdout","time":521.780304968,"data":"EDGE_TTA_ACTIVE views= 8 mean_abs_feat_delta= 0.328572\n"}
,{"stream_name":"stdout","time":522.012920877,"data":"SECONDARY_EDGE_TTA_ACTIVE views= 8 weight= 0.75 mean_abs_feat_delta= 0.27334\n"}
,{"stream_name":"stdout","time":522.046394876,"data":"BIOHUB_RETENTION_GUARD {\"blended_candidates\": 279, \"dataset\": \"44b6_0b24845f\", \"frame\": 34, \"minimum_retention\": 0.9, \"primary_candidates\": 336, \"retention\": 0.8303571428571429, \"use_primary\": true}\n"}
,{"stream_name":"stdout","time":522.215447618,"data":"SECONDARY_EDGE_TTA_ACTIVE views= 8 weight= 0.75 mean_abs_feat_delta= 0.27334\n"}
,{"stream_name":"stdout","time":522.215513178,"data":"BIOHUB_RETENTION_GUARD {\"blended_candidates\": 279, \"dataset\": \"44b6_0b24845f\", \"frame\": 34, \"minimum_retention\": 0.9, \"primary_candidates\": 336, \"retention\": 0.8303571428571429, \"use_primary\": true}\n"}
,{"stream_name":"stdout","time":522.551237589,"data":"SECONDARY_EDGE_TTA_ACTIVE views= 8 weight= 0.75 mean_abs_feat_delta= 0.247468\n"}
,{"stream_name":"stdout","time":522.754038339,"data":"SECONDARY_EDGE_TTA_ACTIVE views= 8 weight= 0.75 mean_abs_feat_delta= 0.247468\n"}
,{"stream_name":"stdout","time":523.330327517,"data":"EDGE_TTA_ACTIVE views= 8 mean_abs_feat_delta= 0.373902\n"}
,{"stream_name":"stdout","time":523.53314988,"data":"EDGE_TTA_ACTIVE views= 8 mean_abs_feat_delta= 0.373902\n"}
,{"stream_name":"stdout","time":523.719893756,"data":"EDGE_TTA_ACTIVE views= 8 mean_abs_feat_delta= 0.326071\n"}
,{"stream_name":"stdout","time":523.922762285,"data":"EDGE_TTA_ACTIVE views= 8 mean_abs_feat_delta= 0.326071\n"}
,{"stream_name":"stdout","time":524.302704799,"data":"SECONDARY_EDGE_TTA_ACTIVE views= 8 weight= 0.75 mean_abs_feat_delta= 0.274833\n"}
,{"stream_name":"stdout","time":524.341912261,"data":"BIOHUB_RETENTION_GUARD {\"blended_candidates\": 304, \"dataset\": \"44b6_0b24845f\", \"frame\": 35, \"minimum_retention\": 0.9, \"primary_candidates\": 341, \"retention\": 0.8914956011730205, \"use_primary\": true}\n"}
,{"stream_name":"stdout","time":524.505153219,"data":"SECONDARY_EDGE_TTA_ACTIVE views= 8 weight= 0.75 mean_abs_feat_delta= 0.274833\n"}
,{"stream_name":"stdout","time":524.50521315,"data":"BIOHUB_RETENTION_GUARD {\"blended_candidates\": 304, \"dataset\": \"44b6_0b24845f\", \"frame\": 35, \"minimum_retention\": 0.9, \"primary_candidates\": 341, \"retention\": 0.8914956011730205, \"use_primary\": true}\n"}
,{"stream_name":"stdout","time":524.703190128,"data":"SECONDARY_EDGE_TTA_ACTIVE views= 8 weight= 0.75 mean_abs_feat_delta= 0.246968\n"}
,{"stream_name":"stdout","time":524.90571536,"data":"SECONDARY_EDGE_TTA_ACTIVE views= 8 weight= 0.75 mean_abs_feat_delta= 0.246968\n"}
,{"stream_name":"stdout","time":525.614900103,"data":"EDGE_TTA_ACTIVE views= 8 mean_abs_feat_delta= 0.382961\n"}
,{"stream_name":"stdout","time":525.817446841,"data":"EDGE_TTA_ACTIVE views= 8 mean_abs_feat_delta= 0.382961\n"}
,{"stream_name":"stdout","time":525.894613371,"data":"EDGE_TTA_ACTIVE views= 8 mean_abs_feat_delta= 0.328178\n"}
,{"stream_name":"stdout","time":526.097608293,"data":"EDGE_TTA_ACTIVE views= 8 mean_abs_feat_delta= 0.328178\n"}
,{"stream_name":"stdout","time":526.571410581,"data":"SECONDARY_EDGE_TTA_ACTIVE views= 8 weight= 0.75 mean_abs_feat_delta= 0.281367\n"}
,{"stream_name":"stdout","time":526.774436665,"data":"SECONDARY_EDGE_TTA_ACTIVE views= 8 weight= 0.75 mean_abs_feat_delta= 0.281367\n"}
,{"stream_name":"stdout","time":526.894625393,"data":"SECONDARY_EDGE_TTA_ACTIVE views= 8 weight= 0.75 mean_abs_feat_delta= 0.250361\n"}
,{"stream_name":"stdout","time":527.097219153,"data":"SECONDARY_EDGE_TTA_ACTIVE views= 8 weight= 0.75 mean_abs_feat_delta= 0.250361\n"}
,{"stream_name":"stdout","time":527.944381514,"data":"EDGE_TTA_ACTIVE views= 8 mean_abs_feat_delta= 0.378492\n"}
,{"stream_name":"stdout","time":528.091109028,"data":"EDGE_TTA_ACTIVE views= 8 mean_abs_feat_delta= 0.331242\n"}
,{"stream_name":"stdout","time":528.146648813,"data":"EDGE_TTA_ACTIVE views= 8 mean_abs_feat_delta= 0.378492\n"}
,{"stream_name":"stdout","time":528.146701584,"data":"EDGE_TTA_ACTIVE views= 8 mean_abs_feat_delta= 0.331242\n"}
,{"stream_name":"stdout","time":528.901828241,"data":"SECONDARY_EDGE_TTA_ACTIVE views= 8 weight= 0.75 mean_abs_feat_delta= 0.279908\n"}
,{"stream_name":"stdout","time":528.950358222,"data":"BIOHUB_RETENTION_GUARD {\"blended_candidates\": 267, \"dataset\": \"44b6_0b24845f\", \"frame\": 37, \"minimum_retention\": 0.9, \"primary_candidates\": 301, \"retention\": 0.8870431893687708, \"use_primary\": true}\n"}
,{"stream_name":"stdout","time":529.08153169,"data":"SECONDARY_EDGE_TTA_ACTIVE views= 8 weight= 0.75 mean_abs_feat_delta= 0.24375\n"}
,{"stream_name":"stdout","time":529.10466252,"data":"SECONDARY_EDGE_TTA_ACTIVE views= 8 weight= 0.75 mean_abs_feat_delta= 0.279908\n"}
,{"stream_name":"stdout","time":529.104719315,"data":"BIOHUB_RETENTION_GUARD {\"blended_candidates\": 267, \"dataset\": \"44b6_0b24845f\", \"frame\": 37, \"minimum_retention\": 0.9, \"primary_candidates\": 301, \"retention\": 0.8870431893687708, \"use_primary\": true}\n"}
,{"stream_name":"stdout","time":529.104726624,"data":"SECONDARY_EDGE_TTA_ACTIVE views= 8 weight= 0.75 mean_abs_feat_delta= 0.24375\n"}
,{"stream_name":"stdout","time":530.257254289,"data":"EDGE_TTA_ACTIVE views= 8 mean_abs_feat_delta= 0.376768\n"}
,{"stream_name":"stdout","time":530.335692873,"data":"EDGE_TTA_ACTIVE views= 8 mean_abs_feat_delta= 0.332742\n"}
,{"stream_name":"stdout","time":530.45997669,"data":"EDGE_TTA_ACTIVE views= 8 mean_abs_feat_delta= 0.376768\n"}
,{"stream_name":"stdout","time":530.460008531,"data":"EDGE_TTA_ACTIVE views= 8 mean_abs_feat_delta= 0.332742\n"}
,{"stream_name":"stdout","time":531.218472256,"data":"SECONDARY_EDGE_TTA_ACTIVE views= 8 weight= 0.75 mean_abs_feat_delta= 0.275562\n"}
,{"stream_name":"stdout","time":531.250682386,"data":"BIOHUB_RETENTION_GUARD {\"blended_candidates\": 274, \"dataset\": \"44b6_0b24845f\", \"frame\": 38, \"minimum_retention\": 0.9, \"primary_candidates\": 317, \"retention\": 0.8643533123028391, \"use_primary\": true}\n"}
,{"stream_name":"stdout","time":531.328047377,"data":"SECONDARY_EDGE_TTA_ACTIVE views= 8 weight= 0.75 mean_abs_feat_delta= 0.239566\n"}
,{"stream_name":"stdout","time":531.420786064,"data":"SECONDARY_EDGE_TTA_ACTIVE views= 8 weight= 0.75 mean_abs_feat_delta= 0.275562\n"}
,{"stream_name":"stdout","time":531.420836003,"data":"BIOHUB_RETENTION_GUARD {\"blended_candidates\": 274, \"dataset\": \"44b6_0b24845f\", \"frame\": 38, \"minimum_retention\": 0.9, \"primary_candidates\": 317, \"retention\": 0.8643533123028391, \"use_primary\": true}\n"}
,{"stream_name":"stdout","time":531.420847061,"data":"SECONDARY_EDGE_TTA_ACTIVE views= 8 weight= 0.75 mean_abs_feat_delta= 0.239566\n"}
,{"stream_name":"stdout","time":532.545090036,"data":"EDGE_TTA_ACTIVE views= 8 mean_abs_feat_delta= 0.383232\n"}
,{"stream_name":"stdout","time":532.553165739,"data":"EDGE_TTA_ACTIVE views= 8 mean_abs_feat_delta= 0.325998\n"}
,{"stream_name":"stdout","time":532.747819211,"data":"EDGE_TTA_ACTIVE views= 8 mean_abs_feat_delta= 0.383232\n"}
,{"stream_name":"stdout","time":532.747876419,"data":"EDGE_TTA_ACTIVE views= 8 mean_abs_feat_delta= 0.325998\n"}
,{"stream_name":"stdout","time":533.505997866,"data":"SECONDARY_EDGE_TTA_ACTIVE views= 8 weight= 0.75 mean_abs_feat_delta= 0.278592\n"}
,{"stream_name":"stdout","time":533.539917678,"data":"BIOHUB_RETENTION_GUARD {\"blended_candidates\": 254, \"dataset\": \"44b6_0b24845f\", \"frame\": 39, \"minimum_retention\": 0.9, \"primary_candidates\": 303, \"retention\": 0.8382838283828383, \"use_primary\": true}\n"}
,{"stream_name":"stdout","time":533.55094771,"data":"SECONDARY_EDGE_TTA_ACTIVE views= 8 weight= 0.75 mean_abs_feat_delta= 0.242074\n"}
,{"stream_name":"stdout","time":533.708259361,"data":"SECONDARY_EDGE_TTA_ACTIVE views= 8 weight= 0.75 mean_abs_feat_delta= 0.278592\n"}
,{"stream_name":"stdout","time":533.708344889,"data":"BIOHUB_RETENTION_GUARD {\"blended_candidates\": 254, \"dataset\": \"44b6_0b24845f\", \"frame\": 39, \"minimum_retention\": 0.9, \"primary_candidates\": 303, \"retention\": 0.8382838283828383, \"use_primary\": true}\n"}
,{"stream_name":"stdout","time":533.708368726,"data":"SECONDARY_EDGE_TTA_ACTIVE views= 8 weight= 0.75 mean_abs_feat_delta= 0.242074\n"}
,{"stream_name":"stdout","time":534.73179111,"data":"EDGE_TTA_ACTIVE views= 8 mean_abs_feat_delta= 0.326187\n"}
,{"stream_name":"stdout","time":534.836369395,"data":"EDGE_TTA_ACTIVE views= 8 mean_abs_feat_delta= 0.382186\n"}
,{"stream_name":"stdout","time":534.934902896,"data":"EDGE_TTA_ACTIVE views= 8 mean_abs_feat_delta= 0.326187\n"}
,{"stream_name":"stdout","time":534.934992573,"data":"EDGE_TTA_ACTIVE views= 8 mean_abs_feat_delta= 0.382186\n"}
,{"stream_name":"stdout","time":535.723880814,"data":"SECONDARY_EDGE_TTA_ACTIVE views= 8 weight= 0.75 mean_abs_feat_delta= 0.24388\n"}
,{"stream_name":"stdout","time":535.811638504,"data":"SECONDARY_EDGE_TTA_ACTIVE views= 8 weight= 0.75 mean_abs_feat_delta= 0.283369\n"}
,{"stream_name":"stdout","time":535.926729488,"data":"SECONDARY_EDGE_TTA_ACTIVE views= 8 weight= 0.75 mean_abs_feat_delta= 0.24388\n"}
,{"stream_name":"stdout","time":535.926841425,"data":"SECONDARY_EDGE_TTA_ACTIVE views= 8 weight= 0.75 mean_abs_feat_delta= 0.283369\n"}
,{"stream_name":"stdout","time":536.900638816,"data":"EDGE_TTA_ACTIVE views= 8 mean_abs_feat_delta= 0.329641\n"}
,{"stream_name":"stdout","time":537.103020916,"data":"EDGE_TTA_ACTIVE views= 8 mean_abs_feat_delta= 0.329641\n"}
,{"stream_name":"stdout","time":537.12567964,"data":"EDGE_TTA_ACTIVE views= 8 mean_abs_feat_delta= 0.374552\n"}
,{"stream_name":"stdout","time":537.328348441,"data":"EDGE_TTA_ACTIVE views= 8 mean_abs_feat_delta= 0.374552\n"}
,{"stream_name":"stdout","time":537.891763892,"data":"SECONDARY_EDGE_TTA_ACTIVE views= 8 weight= 0.75 mean_abs_feat_delta= 0.242396\n"}
,{"stream_name":"stdout","time":538.094864011,"data":"SECONDARY_EDGE_TTA_ACTIVE views= 8 weight= 0.75 mean_abs_feat_delta= 0.242396\n"}
,{"stream_name":"stdout","time":538.099528534,"data":"SECONDARY_EDGE_TTA_ACTIVE views= 8 weight= 0.75 mean_abs_feat_delta= 0.279116\n"}
,{"stream_name":"stdout","time":538.143277163,"data":"BIOHUB_RETENTION_GUARD {\"blended_candidates\": 277, \"dataset\": \"44b6_0b24845f\", \"frame\": 41, \"minimum_retention\": 0.9, \"primary_candidates\": 309, \"retention\": 0.8964401294498382, \"use_primary\": true}\n"}
,{"stream_name":"stdout","time":538.302172984,"data":"SECONDARY_EDGE_TTA_ACTIVE views= 8 weight= 0.75 mean_abs_feat_delta= 0.279116\n"}
,{"stream_name":"stdout","time":538.30222299,"data":"BIOHUB_RETENTION_GUARD {\"blended_candidates\": 277, \"dataset\": \"44b6_0b24845f\", \"frame\": 41, \"minimum_retention\": 0.9, \"primary_candidates\": 309, \"retention\": 0.8964401294498382, \"use_primary\": true}\n"}
,{"stream_name":"stdout","time":539.06740149,"data":"EDGE_TTA_ACTIVE views= 8 mean_abs_feat_delta= 0.331184\n"}
,{"stream_name":"stdout","time":539.269934957,"data":"EDGE_TTA_ACTIVE views= 8 mean_abs_feat_delta= 0.331184\n"}
,{"stream_name":"stdout","time":539.4325141,"data":"EDGE_TTA_ACTIVE views= 8 mean_abs_feat_delta= 0.377956\n"}
,{"stream_name":"stdout","time":539.635676907,"data":"EDGE_TTA_ACTIVE views= 8 mean_abs_feat_delta= 0.377956\n"}
,{"stream_name":"stdout","time":540.068451557,"data":"SECONDARY_EDGE_TTA_ACTIVE views= 8 weight= 0.75 mean_abs_feat_delta= 0.24245\n"}
,{"stream_name":"stdout","time":540.272390508,"data":"SECONDARY_EDGE_TTA_ACTIVE views= 8 weight= 0.75 mean_abs_feat_delta= 0.24245\n"}
,{"stream_name":"stdout","time":540.408247391,"data":"SECONDARY_EDGE_TTA_ACTIVE views= 8 weight= 0.75 mean_abs_feat_delta= 0.276578\n"}
,{"stream_name":"stdout","time":540.448006726,"data":"BIOHUB_RETENTION_GUARD {\"blended_candidates\": 238, \"dataset\": \"44b6_0b24845f\", \"frame\": 42, \"minimum_retention\": 0.9, \"primary_candidates\": 278, \"retention\": 0.8561151079136691, \"use_primary\": true}\n"}
,{"stream_name":"stdout","time":540.611048176,"data":"SECONDARY_EDGE_TTA_ACTIVE views= 8 weight= 0.75 mean_abs_feat_delta= 0.276578\n"}
,{"stream_name":"stdout","time":540.611093691,"data":"BIOHUB_RETENTION_GUARD {\"blended_candidates\": 238, \"dataset\": \"44b6_0b24845f\", \"frame\": 42, \"minimum_retention\": 0.9, \"primary_candidates\": 278, \"retention\": 0.8561151079136691, \"use_primary\": true}\n"}
,{"stream_name":"stdout","time":541.249091409,"data":"EDGE_TTA_ACTIVE views= 8 mean_abs_feat_delta= 0.330506\n"}
,{"stream_name":"stdout","time":541.451842006,"data":"EDGE_TTA_ACTIVE views= 8 mean_abs_feat_delta= 0.330506\n"}
,{"stream_name":"stdout","time":541.719190685,"data":"EDGE_TTA_ACTIVE views= 8 mean_abs_feat_delta= 0.385865\n"}
,{"stream_name":"stdout","time":541.922013099,"data":"EDGE_TTA_ACTIVE views= 8 mean_abs_feat_delta= 0.385865\n"}
,{"stream_name":"stdout","time":542.253203615,"data":"SECONDARY_EDGE_TTA_ACTIVE views= 8 weight= 0.75 mean_abs_feat_delta= 0.246663\n"}
,{"stream_name":"stdout","time":542.455459301,"data":"SECONDARY_EDGE_TTA_ACTIVE views= 8 weight= 0.75 mean_abs_feat_delta= 0.246663\n"}
,{"stream_name":"stdout","time":542.699965695,"data":"SECONDARY_EDGE_TTA_ACTIVE views= 8 weight= 0.75 mean_abs_feat_delta= 0.277385\n"}
,{"stream_name":"stdout","time":542.73318641,"data":"BIOHUB_RETENTION_GUARD {\"blended_candidates\": 221, \"dataset\": \"44b6_0b24845f\", \"frame\": 43, \"minimum_retention\": 0.9, \"primary_candidates\": 258, \"retention\": 0.8565891472868217, \"use_primary\": true}\n"}
,{"stream_name":"stdout","time":542.902486684,"data":"SECONDARY_EDGE_TTA_ACTIVE views= 8 weight= 0.75 mean_abs_feat_delta= 0.277385\n"}
,{"stream_name":"stdout","time":542.902566424,"data":"BIOHUB_RETENTION_GUARD {\"blended_candidates\": 221, \"dataset\": \"44b6_0b24845f\", \"frame\": 43, \"minimum_retention\": 0.9, \"primary_candidates\": 258, \"retention\": 0.8565891472868217, \"use_primary\": true}\n"}
,{"stream_name":"stdout","time":543.464546545,"data":"EDGE_TTA_ACTIVE views= 8 mean_abs_feat_delta= 0.326851\n"}
,{"stream_name":"stdout","time":543.667568442,"data":"EDGE_TTA_ACTIVE views= 8 mean_abs_feat_delta= 0.326851\n"}
,{"stream_name":"stdout","time":543.97458978,"data":"EDGE_TTA_ACTIVE views= 8 mean_abs_feat_delta= 0.384137\n"}
,{"stream_name":"stdout","time":544.177279843,"data":"EDGE_TTA_ACTIVE views= 8 mean_abs_feat_delta= 0.384137\n"}
,{"stream_name":"stdout","time":544.471509802,"data":"SECONDARY_EDGE_TTA_ACTIVE views= 8 weight= 0.75 mean_abs_feat_delta= 0.248161\n"}
,{"stream_name":"stdout","time":544.673779505,"data":"SECONDARY_EDGE_TTA_ACTIVE views= 8 weight= 0.75 mean_abs_feat_delta= 0.248161\n"}
,{"stream_name":"stdout","time":544.954424041,"data":"SECONDARY_EDGE_TTA_ACTIVE views= 8 weight= 0.75 mean_abs_feat_delta= 0.277411\n"}
,{"stream_name":"stdout","time":544.98964302,"data":"BIOHUB_RETENTION_GUARD {\"blended_candidates\": 234, \"dataset\": \"44b6_0b24845f\", \"frame\": 44, \"minimum_retention\": 0.9, \"primary_candidates\": 289, \"retention\": 0.8096885813148789, \"use_primary\": true}\n"}
,{"stream_name":"stdout","time":545.15665552,"data":"SECONDARY_EDGE_TTA_ACTIVE views= 8 weight= 0.75 mean_abs_feat_delta= 0.277411\n"}
,{"stream_name":"stdout","time":545.156697844,"data":"BIOHUB_RETENTION_GUARD {\"blended_candidates\": 234, \"dataset\": \"44b6_0b24845f\", \"frame\": 44, \"minimum_retention\": 0.9, \"primary_candidates\": 289, \"retention\": 0.8096885813148789, \"use_primary\": true}\n"}
,{"stream_name":"stdout","time":545.696260818,"data":"EDGE_TTA_ACTIVE views= 8 mean_abs_feat_delta= 0.32759\n"}
,{"stream_name":"stdout","time":545.898756338,"data":"EDGE_TTA_ACTIVE views= 8 mean_abs_feat_delta= 0.32759\n"}
,{"stream_name":"stdout","time":546.245475353,"data":"EDGE_TTA_ACTIVE views= 8 mean_abs_feat_delta= 0.384017\n"}
,{"stream_name":"stdout","time":546.447911764,"data":"EDGE_TTA_ACTIVE views= 8 mean_abs_feat_delta= 0.384017\n"}
,{"stream_name":"stdout","time":546.702619415,"data":"SECONDARY_EDGE_TTA_ACTIVE views= 8 weight= 0.75 mean_abs_feat_delta= 0.244572\n"}
,{"stream_name":"stdout","time":546.905363808,"data":"SECONDARY_EDGE_TTA_ACTIVE views= 8 weight= 0.75 mean_abs_feat_delta= 0.244572\n"}
,{"stream_name":"stdout","time":547.236404847,"data":"SECONDARY_EDGE_TTA_ACTIVE views= 8 weight= 0.75 mean_abs_feat_delta= 0.278503\n"}
,{"stream_name":"stdout","time":547.275877415,"data":"BIOHUB_RETENTION_GUARD {\"blended_candidates\": 272, \"dataset\": \"44b6_0b24845f\", \"frame\": 45, \"minimum_retention\": 0.9, \"primary_candidates\": 319, \"retention\": 0.8526645768025078, \"use_primary\": true}\n"}
,{"stream_name":"stdout","time":547.439514338,"data":"SECONDARY_EDGE_TTA_ACTIVE views= 8 weight= 0.75 mean_abs_feat_delta= 0.278503\n"}
,{"stream_name":"stdout","time":547.439552092,"data":"BIOHUB_RETENTION_GUARD {\"blended_candidates\": 272, \"dataset\": \"44b6_0b24845f\", \"frame\": 45, \"minimum_retention\": 0.9, \"primary_candidates\": 319, \"retention\": 0.8526645768025078, \"use_primary\": true}\n"}
,{"stream_name":"stdout","time":547.958266188,"data":"EDGE_TTA_ACTIVE views= 8 mean_abs_feat_delta= 0.323605\n"}
,{"stream_name":"stdout","time":548.160990121,"data":"EDGE_TTA_ACTIVE views= 8 mean_abs_feat_delta= 0.323605\n"}
,{"stream_name":"stdout","time":548.620108767,"data":"EDGE_TTA_ACTIVE views= 8 mean_abs_feat_delta= 0.388955\n"}
,{"stream_name":"stdout","time":548.822833951,"data":"EDGE_TTA_ACTIVE views= 8 mean_abs_feat_delta= 0.388955\n"}
,{"stream_name":"stdout","time":548.968656569,"data":"SECONDARY_EDGE_TTA_ACTIVE views= 8 weight= 0.75 mean_abs_feat_delta= 0.244253\n"}
,{"stream_name":"stdout","time":549.171402299,"data":"SECONDARY_EDGE_TTA_ACTIVE views= 8 weight= 0.75 mean_abs_feat_delta= 0.244253\n"}
,{"stream_name":"stdout","time":549.629328965,"data":"SECONDARY_EDGE_TTA_ACTIVE views= 8 weight= 0.75 mean_abs_feat_delta= 0.284378\n"}
,{"stream_name":"stdout","time":549.67285398,"data":"BIOHUB_RETENTION_GUARD {\"blended_candidates\": 209, \"dataset\": \"44b6_0b24845f\", \"frame\": 46, \"minimum_retention\": 0.9, \"primary_candidates\": 293, \"retention\": 0.7133105802047781, \"use_primary\": true}\n"}
,{"stream_name":"stdout","time":549.832036229,"data":"SECONDARY_EDGE_TTA_ACTIVE views= 8 weight= 0.75 mean_abs_feat_delta= 0.284378\n"}
,{"stream_name":"stdout","time":549.832097461,"data":"BIOHUB_RETENTION_GUARD {\"blended_candidates\": 209, \"dataset\": \"44b6_0b24845f\", \"frame\": 46, \"minimum_retention\": 0.9, \"primary_candidates\": 293, \"retention\": 0.7133105802047781, \"use_primary\": true}\n"}
,{"stream_name":"stdout","time":550.155704406,"data":"EDGE_TTA_ACTIVE views= 8 mean_abs_feat_delta= 0.332571\n"}
,{"stream_name":"stdout","time":550.358415554,"data":"EDGE_TTA_ACTIVE views= 8 mean_abs_feat_delta= 0.332571\n"}
,{"stream_name":"stdout","time":550.984953639,"data":"EDGE_TTA_ACTIVE views= 8 mean_abs_feat_delta= 0.392302\n"}
,{"stream_name":"stdout","time":551.170961713,"data":"SECONDARY_EDGE_TTA_ACTIVE views= 8 weight= 0.75 mean_abs_feat_delta= 0.251298\n"}
,{"stream_name":"stdout","time":551.189275731,"data":"EDGE_TTA_ACTIVE views= 8 mean_abs_feat_delta= 0.392302\n"}
,{"stream_name":"stdout","time":551.189354942,"data":"SECONDARY_EDGE_TTA_ACTIVE views= 8 weight= 0.75 mean_abs_feat_delta= 0.251298\n"}
,{"stream_name":"stdout","time":551.9892608,"data":"SECONDARY_EDGE_TTA_ACTIVE views= 8 weight= 0.75 mean_abs_feat_delta= 0.294342\n"}
,{"stream_name":"stdout","time":552.022751791,"data":"BIOHUB_RETENTION_GUARD {\"blended_candidates\": 208, \"dataset\": \"44b6_0b24845f\", \"frame\": 47, \"minimum_retention\": 0.9, \"primary_candidates\": 289, \"retention\": 0.7197231833910035, \"use_primary\": true}\n"}
,{"stream_name":"stdout","time":552.212420912,"data":"SECONDARY_EDGE_TTA_ACTIVE views= 8 weight= 0.75 mean_abs_feat_delta= 0.294342\n"}
,{"stream_name":"stdout","time":552.212473629,"data":"BIOHUB_RETENTION_GUARD {\"blended_candidates\": 208, \"dataset\": \"44b6_0b24845f\", \"frame\": 47, \"minimum_retention\": 0.9, \"primary_candidates\": 289, \"retention\": 0.7197231833910035, \"use_primary\": true}\n"}
,{"stream_name":"stdout","time":552.359689946,"data":"EDGE_TTA_ACTIVE views= 8 mean_abs_feat_delta= 0.328319\n"}
,{"stream_name":"stdout","time":552.562854834,"data":"EDGE_TTA_ACTIVE views= 8 mean_abs_feat_delta= 0.328319\n"}
,{"stream_name":"stdout","time":553.346555717,"data":"EDGE_TTA_ACTIVE views= 8 mean_abs_feat_delta= 0.392885\n"}
,{"stream_name":"stdout","time":553.378513502,"data":"SECONDARY_EDGE_TTA_ACTIVE views= 8 weight= 0.75 mean_abs_feat_delta= 0.241945\n"}
,{"stream_name":"stdout","time":553.54941484,"data":"EDGE_TTA_ACTIVE views= 8 mean_abs_feat_delta= 0.392885\n"}
,{"stream_name":"stdout","time":553.549500813,"data":"SECONDARY_EDGE_TTA_ACTIVE views= 8 weight= 0.75 mean_abs_feat_delta= 0.241945\n"}
,{"stream_name":"stdout","time":554.350921126,"data":"SECONDARY_EDGE_TTA_ACTIVE views= 8 weight= 0.75 mean_abs_feat_delta= 0.292034\n"}
,{"stream_name":"stdout","time":554.382989295,"data":"BIOHUB_RETENTION_GUARD {\"blended_candidates\": 256, \"dataset\": \"44b6_0b24845f\", \"frame\": 48, \"minimum_retention\": 0.9, \"primary_candidates\": 330, \"retention\": 0.7757575757575758, \"use_primary\": true}\n"}
,{"stream_name":"stdout","time":554.553121121,"data":"SECONDARY_EDGE_TTA_ACTIVE views= 8 weight= 0.75 mean_abs_feat_delta= 0.292034\n"}
,{"stream_name":"stdout","time":554.553168121,"data":"BIOHUB_RETENTION_GUARD {\"blended_candidates\": 256, \"dataset\": \"44b6_0b24845f\", \"frame\": 48, \"minimum_retention\": 0.9, \"primary_candidates\": 330, \"retention\": 0.7757575757575758, \"use_primary\": true}\n"}
,{"stream_name":"stdout","time":554.568686157,"data":"EDGE_TTA_ACTIVE views= 8 mean_abs_feat_delta= 0.327289\n"}
,{"stream_name":"stdout","time":554.771332843,"data":"EDGE_TTA_ACTIVE views= 8 mean_abs_feat_delta= 0.327289\n"}
,{"stream_name":"stdout","time":555.592954175,"data":"SECONDARY_EDGE_TTA_ACTIVE views= 8 weight= 0.75 mean_abs_feat_delta= 0.241039\n"}
,{"stream_name":"stdout","time":555.678434604,"data":"EDGE_TTA_ACTIVE views= 8 mean_abs_feat_delta= 0.391542\n"}
,{"stream_name":"stdout","time":555.795227394,"data":"SECONDARY_EDGE_TTA_ACTIVE views= 8 weight= 0.75 mean_abs_feat_delta= 0.241039\n"}
,{"stream_name":"stdout","time":555.795310389,"data":"EDGE_TTA_ACTIVE views= 8 mean_abs_feat_delta= 0.391542\n"}
,{"stream_name":"stdout","time":556.682996395,"data":"SECONDARY_EDGE_TTA_ACTIVE views= 8 weight= 0.75 mean_abs_feat_delta= 0.296342\n"}
,{"stream_name":"stdout","time":556.718986355,"data":"BIOHUB_RETENTION_GUARD {\"blended_candidates\": 228, \"dataset\": \"44b6_0b24845f\", \"frame\": 49, \"minimum_retention\": 0.9, \"primary_candidates\": 297, \"retention\": 0.7676767676767676, \"use_primary\": true}\n"}
,{"stream_name":"stdout","time":556.828754209,"data":"EDGE_TTA_ACTIVE views= 8 mean_abs_feat_delta= 0.337614\n"}
,{"stream_name":"stdout","time":556.885922956,"data":"SECONDARY_EDGE_TTA_ACTIVE views= 8 weight= 0.75 mean_abs_feat_delta= 0.296342\n"}
,{"stream_name":"stdout","time":556.885968651,"data":"BIOHUB_RETENTION_GUARD {\"blended_candidates\": 228, \"dataset\": \"44b6_0b24845f\", \"frame\": 49, \"minimum_retention\": 0.9, \"primary_candidates\": 297, \"retention\": 0.7676767676767676, \"use_primary\": true}\n"}
,{"stream_name":"stdout","time":556.885974883,"data":"EDGE_TTA_ACTIVE views= 8 mean_abs_feat_delta= 0.337614\n"}
,{"stream_name":"stdout","time":557.857323784,"data":"SECONDARY_EDGE_TTA_ACTIVE views= 8 weight= 0.75 mean_abs_feat_delta= 0.250851\n"}
,{"stream_name":"stdout","time":558.03109073,"data":"EDGE_TTA_ACTIVE views= 8 mean_abs_feat_delta= 0.392506\n"}
,{"stream_name":"stdout","time":558.060169032,"data":"SECONDARY_EDGE_TTA_ACTIVE views= 8 weight= 0.75 mean_abs_feat_delta= 0.250851\n"}
,{"stream_name":"stdout","time":558.060239326,"data":"EDGE_TTA_ACTIVE views= 8 mean_abs_feat_delta= 0.392506\n"}
,{"stream_name":"stdout","time":559.045176098,"data":"SECONDARY_EDGE_TTA_ACTIVE views= 8 weight= 0.75 mean_abs_feat_delta= 0.29874\n"}
,{"stream_name":"stdout","time":559.085725058,"data":"BIOHUB_RETENTION_GUARD {\"blended_candidates\": 208, \"dataset\": \"44b6_0b24845f\", \"frame\": 50, \"minimum_retention\": 0.9, \"primary_candidates\": 288, \"retention\": 0.7222222222222222, \"use_primary\": true}\n"}
,{"stream_name":"stdout","time":559.096983354,"data":"EDGE_TTA_ACTIVE views= 8 mean_abs_feat_delta= 0.338693\n"}
,{"stream_name":"stdout","time":559.248159443,"data":"SECONDARY_EDGE_TTA_ACTIVE views= 8 weight= 0.75 mean_abs_feat_delta= 0.29874\n"}
,{"stream_name":"stdout","time":559.248229589,"data":"BIOHUB_RETENTION_GUARD {\"blended_candidates\": 208, \"dataset\": \"44b6_0b24845f\", \"frame\": 50, \"minimum_retention\": 0.9, \"primary_candidates\": 288, \"retention\": 0.7222222222222222, \"use_primary\": true}\n"}
,{"stream_name":"stdout","time":559.248240199,"data":"EDGE_TTA_ACTIVE views= 8 mean_abs_feat_delta= 0.338693\n"}
,{"stream_name":"stdout","time":560.119767376,"data":"SECONDARY_EDGE_TTA_ACTIVE views= 8 weight= 0.75 mean_abs_feat_delta= 0.253217\n"}
,{"stream_name":"stdout","time":560.321910977,"data":"SECONDARY_EDGE_TTA_ACTIVE views= 8 weight= 0.75 mean_abs_feat_delta= 0.253217\n"}
,{"stream_name":"stdout","time":560.401028282,"data":"EDGE_TTA_ACTIVE views= 8 mean_abs_feat_delta= 0.388826\n"}
,{"stream_name":"stdout","time":560.604120297,"data":"EDGE_TTA_ACTIVE views= 8 mean_abs_feat_delta= 0.388826\n"}
,{"stream_name":"stdout","time":561.358057109,"data":"EDGE_TTA_ACTIVE views= 8 mean_abs_feat_delta= 0.338257\n"}
,{"stream_name":"stdout","time":561.422617869,"data":"SECONDARY_EDGE_TTA_ACTIVE views= 8 weight= 0.75 mean_abs_feat_delta= 0.295582\n"}
,{"stream_name":"stdout","time":561.467635078,"data":"BIOHUB_RETENTION_GUARD {\"blended_candidates\": 264, \"dataset\": \"44b6_0b24845f\", \"frame\": 51, \"minimum_retention\": 0.9, \"primary_candidates\": 329, \"retention\": 0.8024316109422492, \"use_primary\": true}\n"}
,{"stream_name":"stdout","time":561.562183522,"data":"EDGE_TTA_ACTIVE views= 8 mean_abs_feat_delta= 0.338257\n"}
,{"stream_name":"stdout","time":561.562241427,"data":"SECONDARY_EDGE_TTA_ACTIVE views= 8 weight= 0.75 mean_abs_feat_delta= 0.295582\n"}
,{"stream_name":"stdout","time":561.562247691,"data":"BIOHUB_RETENTION_GUARD {\"blended_candidates\": 264, \"dataset\": \"44b6_0b24845f\", \"frame\": 51, \"minimum_retention\": 0.9, \"primary_candidates\": 329, \"retention\": 0.8024316109422492, \"use_primary\": true}\n"}
,{"stream_name":"stdout","time":562.396289465,"data":"SECONDARY_EDGE_TTA_ACTIVE views= 8 weight= 0.75 mean_abs_feat_delta= 0.261342\n"}
,{"stream_name":"stdout","time":562.599311988,"data":"SECONDARY_EDGE_TTA_ACTIVE views= 8 weight= 0.75 mean_abs_feat_delta= 0.261342\n"}
,{"stream_name":"stdout","time":562.825240624,"data":"EDGE_TTA_ACTIVE views= 8 mean_abs_feat_delta= 0.386089\n"}
,{"stream_name":"stdout","time":563.027636975,"data":"EDGE_TTA_ACTIVE views= 8 mean_abs_feat_delta= 0.386089\n"}
,{"stream_name":"stdout","time":563.626700935,"data":"EDGE_TTA_ACTIVE views= 8 mean_abs_feat_delta= 0.33887\n"}
,{"stream_name":"stdout","time":563.829938007,"data":"EDGE_TTA_ACTIVE views= 8 mean_abs_feat_delta= 0.33887\n"}
,{"stream_name":"stdout","time":563.845593823,"data":"SECONDARY_EDGE_TTA_ACTIVE views= 8 weight= 0.75 mean_abs_feat_delta= 0.298921\n"}
,{"stream_name":"stdout","time":563.882189282,"data":"BIOHUB_RETENTION_GUARD {\"blended_candidates\": 260, \"dataset\": \"44b6_0b24845f\", \"frame\": 52, \"minimum_retention\": 0.9, \"primary_candidates\": 336, \"retention\": 0.7738095238095238, \"use_primary\": true}\n"}
,{"stream_name":"stdout","time":564.048224747,"data":"SECONDARY_EDGE_TTA_ACTIVE views= 8 weight= 0.75 mean_abs_feat_delta= 0.298921\n"}
,{"stream_name":"stdout","time":564.048339279,"data":"BIOHUB_RETENTION_GUARD {\"blended_candidates\": 260, \"dataset\": \"44b6_0b24845f\", \"frame\": 52, \"minimum_retention\": 0.9, \"primary_candidates\": 336, \"retention\": 0.7738095238095238, \"use_primary\": true}\n"}
,{"stream_name":"stdout","time":564.671001161,"data":"SECONDARY_EDGE_TTA_ACTIVE views= 8 weight= 0.75 mean_abs_feat_delta= 0.263655\n"}
,{"stream_name":"stdout","time":564.873727108,"data":"SECONDARY_EDGE_TTA_ACTIVE views= 8 weight= 0.75 mean_abs_feat_delta= 0.263655\n"}
,{"stream_name":"stdout","time":565.200233151,"data":"EDGE_TTA_ACTIVE views= 8 mean_abs_feat_delta= 0.384761\n"}
,{"stream_name":"stdout","time":565.402985723,"data":"EDGE_TTA_ACTIVE views= 8 mean_abs_feat_delta= 0.384761\n"}
,{"stream_name":"stdout","time":565.894356386,"data":"EDGE_TTA_ACTIVE views= 8 mean_abs_feat_delta= 0.339106\n"}
,{"stream_name":"stdout","time":566.09705307,"data":"EDGE_TTA_ACTIVE views= 8 mean_abs_feat_delta= 0.339106\n"}
,{"stream_name":"stdout","time":566.227586547,"data":"SECONDARY_EDGE_TTA_ACTIVE views= 8 weight= 0.75 mean_abs_feat_delta= 0.303741\n"}
,{"stream_name":"stdout","time":566.262129626,"data":"BIOHUB_RETENTION_GUARD {\"blended_candidates\": 239, \"dataset\": \"44b6_0b24845f\", \"frame\": 53, \"minimum_retention\": 0.9, \"primary_candidates\": 316, \"retention\": 0.7563291139240507, \"use_primary\": true}\n"}
,{"stream_name":"stdout","time":566.430335734,"data":"SECONDARY_EDGE_TTA_ACTIVE views= 8 weight= 0.75 mean_abs_feat_delta= 0.303741\n"}
,{"stream_name":"stdout","time":566.430382635,"data":"BIOHUB_RETENTION_GUARD {\"blended_candidates\": 239, \"dataset\": \"44b6_0b24845f\", \"frame\": 53, \"minimum_retention\": 0.9, \"primary_candidates\": 316, \"retention\": 0.7563291139240507, \"use_primary\": true}\n"}
,{"stream_name":"stdout","time":566.945541836,"data":"SECONDARY_EDGE_TTA_ACTIVE views= 8 weight= 0.75 mean_abs_feat_delta= 0.264049\n"}
,{"stream_name":"stdout","time":567.148531263,"data":"SECONDARY_EDGE_TTA_ACTIVE views= 8 weight= 0.75 mean_abs_feat_delta= 0.264049\n"}
,{"stream_name":"stdout","time":567.59984224,"data":"EDGE_TTA_ACTIVE views= 8 mean_abs_feat_delta= 0.384431\n"}
,{"stream_name":"stdout","time":567.802624069,"data":"EDGE_TTA_ACTIVE views= 8 mean_abs_feat_delta= 0.384431\n"}
,{"stream_name":"stdout","time":568.182391909,"data":"EDGE_TTA_ACTIVE views= 8 mean_abs_feat_delta= 0.341611\n"}
,{"stream_name":"stdout","time":568.385013458,"data":"EDGE_TTA_ACTIVE views= 8 mean_abs_feat_delta= 0.341611\n"}
,{"stream_name":"stdout","time":568.632810975,"data":"SECONDARY_EDGE_TTA_ACTIVE views= 8 weight= 0.75 mean_abs_feat_delta= 0.305836\n"}
,{"stream_name":"stdout","time":568.66397873,"data":"BIOHUB_RETENTION_GUARD {\"blended_candidates\": 247, \"dataset\": \"44b6_0b24845f\", \"frame\": 54, \"minimum_retention\": 0.9, \"primary_candidates\": 320, \"retention\": 0.771875, \"use_primary\": true}\n"}
,{"stream_name":"stdout","time":568.835731674,"data":"SECONDARY_EDGE_TTA_ACTIVE views= 8 weight= 0.75 mean_abs_feat_delta= 0.305836\n"}
,{"stream_name":"stdout","time":568.835813879,"data":"BIOHUB_RETENTION_GUARD {\"blended_candidates\": 247, \"dataset\": \"44b6_0b24845f\", \"frame\": 54, \"minimum_retention\": 0.9, \"primary_candidates\": 320, \"retention\": 0.771875, \"use_primary\": true}\n"}
,{"stream_name":"stdout","time":569.235089282,"data":"SECONDARY_EDGE_TTA_ACTIVE views= 8 weight= 0.75 mean_abs_feat_delta= 0.262185\n"}
,{"stream_name":"stdout","time":569.437844338,"data":"SECONDARY_EDGE_TTA_ACTIVE views= 8 weight= 0.75 mean_abs_feat_delta= 0.262185\n"}
,{"stream_name":"stdout","time":569.97466666,"data":"EDGE_TTA_ACTIVE views= 8 mean_abs_feat_delta= 0.3821\n"}
,{"stream_name":"stdout","time":570.177175387,"data":"EDGE_TTA_ACTIVE views= 8 mean_abs_feat_delta= 0.3821\n"}
,{"stream_name":"stdout","time":570.480148415,"data":"EDGE_TTA_ACTIVE views= 8 mean_abs_feat_delta= 0.346143\n"}
,{"stream_name":"stdout","time":570.682787639,"data":"EDGE_TTA_ACTIVE views= 8 mean_abs_feat_delta= 0.346143\n"}
,{"stream_name":"stdout","time":571.004325492,"data":"SECONDARY_EDGE_TTA_ACTIVE views= 8 weight= 0.75 mean_abs_feat_delta= 0.308772\n"}
,{"stream_name":"stdout","time":571.036907625,"data":"BIOHUB_RETENTION_GUARD {\"blended_candidates\": 269, \"dataset\": \"44b6_0b24845f\", \"frame\": 55, \"minimum_retention\": 0.9, \"primary_candidates\": 339, \"retention\": 0.7935103244837758, \"use_primary\": true}\n"}
,{"stream_name":"stdout","time":571.206669868,"data":"SECONDARY_EDGE_TTA_ACTIVE views= 8 weight= 0.75 mean_abs_feat_delta= 0.308772\n"}
,{"stream_name":"stdout","time":571.206717023,"data":"BIOHUB_RETENTION_GUARD {\"blended_candidates\": 269, \"dataset\": \"44b6_0b24845f\", \"frame\": 55, \"minimum_retention\": 0.9, \"primary_candidates\": 339, \"retention\": 0.7935103244837758, \"use_primary\": true}\n"}
,{"stream_name":"stdout","time":571.534953014,"data":"SECONDARY_EDGE_TTA_ACTIVE views= 8 weight= 0.75 mean_abs_feat_delta= 0.257653\n"}
,{"stream_name":"stdout","time":571.73769888,"data":"SECONDARY_EDGE_TTA_ACTIVE views= 8 weight= 0.75 mean_abs_feat_delta= 0.257653\n"}
,{"stream_name":"stdout","time":572.375382861,"data":"EDGE_TTA_ACTIVE views= 8 mean_abs_feat_delta= 0.380706\n"}
,{"stream_name":"stdout","time":572.578240389,"data":"EDGE_TTA_ACTIVE views= 8 mean_abs_feat_delta= 0.380706\n"}
,{"stream_name":"stdout","time":572.806346319,"data":"EDGE_TTA_ACTIVE views= 8 mean_abs_feat_delta= 0.340083\n"}
,{"stream_name":"stdout","time":573.009187109,"data":"EDGE_TTA_ACTIVE views= 8 mean_abs_feat_delta= 0.340083\n"}
,{"stream_name":"stdout","time":573.412935471,"data":"SECONDARY_EDGE_TTA_ACTIVE views= 8 weight= 0.75 mean_abs_feat_delta= 0.309438\n"}
,{"stream_name":"stdout","time":573.448090388,"data":"BIOHUB_RETENTION_GUARD {\"blended_candidates\": 302, \"dataset\": \"44b6_0b24845f\", \"frame\": 56, \"minimum_retention\": 0.9, \"primary_candidates\": 383, \"retention\": 0.7885117493472585, \"use_primary\": true}\n"}
,{"stream_name":"stdout","time":573.615371745,"data":"SECONDARY_EDGE_TTA_ACTIVE views= 8 weight= 0.75 mean_abs_feat_delta= 0.309438\n"}
,{"stream_name":"stdout","time":573.615415549,"data":"BIOHUB_RETENTION_GUARD {\"blended_candidates\": 302, \"dataset\": \"44b6_0b24845f\", \"frame\": 56, \"minimum_retention\": 0.9, \"primary_candidates\": 383, \"retention\": 0.7885117493472585, \"use_primary\": true}\n"}
,{"stream_name":"stdout","time":573.861663733,"data":"SECONDARY_EDGE_TTA_ACTIVE views= 8 weight= 0.75 mean_abs_feat_delta= 0.252778\n"}
,{"stream_name":"stdout","time":574.064131123,"data":"SECONDARY_EDGE_TTA_ACTIVE views= 8 weight= 0.75 mean_abs_feat_delta= 0.252778\n"}
,{"stream_name":"stdout","time":574.810656117,"data":"EDGE_TTA_ACTIVE views= 8 mean_abs_feat_delta= 0.385179\n"}
,{"stream_name":"stdout","time":575.013554944,"data":"EDGE_TTA_ACTIVE views= 8 mean_abs_feat_delta= 0.385179\n"}
,{"stream_name":"stdout","time":575.078073316,"data":"EDGE_TTA_ACTIVE views= 8 mean_abs_feat_delta= 0.339203\n"}
,{"stream_name":"stdout","time":575.28082195,"data":"EDGE_TTA_ACTIVE views= 8 mean_abs_feat_delta= 0.339203\n"}
,{"stream_name":"stdout","time":575.870774433,"data":"SECONDARY_EDGE_TTA_ACTIVE views= 8 weight= 0.75 mean_abs_feat_delta= 0.304936\n"}
,{"stream_name":"stdout","time":575.90439591,"data":"BIOHUB_RETENTION_GUARD {\"blended_candidates\": 173, \"dataset\": \"44b6_0b24845f\", \"frame\": 57, \"minimum_retention\": 0.9, \"primary_candidates\": 267, \"retention\": 0.6479400749063671, \"use_primary\": true}\n"}
,{"stream_name":"stdout","time":576.073467015,"data":"SECONDARY_EDGE_TTA_ACTIVE views= 8 weight= 0.75 mean_abs_feat_delta= 0.304936\n"}
,{"stream_name":"stdout","time":576.073520239,"data":"BIOHUB_RETENTION_GUARD {\"blended_candidates\": 173, \"dataset\": \"44b6_0b24845f\", \"frame\": 57, \"minimum_retention\": 0.9, \"primary_candidates\": 267, \"retention\": 0.6479400749063671, \"use_primary\": true}\n"}
,{"stream_name":"stdout","time":576.136231838,"data":"SECONDARY_EDGE_TTA_ACTIVE views= 8 weight= 0.75 mean_abs_feat_delta= 0.255196\n"}
,{"stream_name":"stdout","time":576.338938829,"data":"SECONDARY_EDGE_TTA_ACTIVE views= 8 weight= 0.75 mean_abs_feat_delta= 0.255196\n"}
,{"stream_name":"stdout","time":577.244191799,"data":"EDGE_TTA_ACTIVE views= 8 mean_abs_feat_delta= 0.383311\n"}
,{"stream_name":"stdout","time":577.41100605,"data":"EDGE_TTA_ACTIVE views= 8 mean_abs_feat_delta= 0.336994\n"}
,{"stream_name":"stdout","time":577.446610723,"data":"EDGE_TTA_ACTIVE views= 8 mean_abs_feat_delta= 0.383311\n"}
,{"stream_name":"stdout","time":577.44664707,"data":"EDGE_TTA_ACTIVE views= 8 mean_abs_feat_delta= 0.336994\n"}
,{"stream_name":"stdout","time":578.284116128,"data":"SECONDARY_EDGE_TTA_ACTIVE views= 8 weight= 0.75 mean_abs_feat_delta= 0.302499\n"}
,{"stream_name":"stdout","time":578.324689289,"data":"BIOHUB_RETENTION_GUARD {\"blended_candidates\": 167, \"dataset\": \"44b6_0b24845f\", \"frame\": 58, \"minimum_retention\": 0.9, \"primary_candidates\": 275, \"retention\": 0.6072727272727273, \"use_primary\": true}\n"}
,{"stream_name":"stdout","time":578.471139962,"data":"SECONDARY_EDGE_TTA_ACTIVE views= 8 weight= 0.75 mean_abs_feat_delta= 0.255652\n"}
,{"stream_name":"stdout","time":578.486713584,"data":"SECONDARY_EDGE_TTA_ACTIVE views= 8 weight= 0.75 mean_abs_feat_delta= 0.302499\n"}
,{"stream_name":"stdout","time":578.486752388,"data":"BIOHUB_RETENTION_GUARD {\"blended_candidates\": 167, \"dataset\": \"44b6_0b24845f\", \"frame\": 58, \"minimum_retention\": 0.9, \"primary_candidates\": 275, \"retention\": 0.6072727272727273, \"use_primary\": true}\n"}
,{"stream_name":"stdout","time":578.486760436,"data":"SECONDARY_EDGE_TTA_ACTIVE views= 8 weight= 0.75 mean_abs_feat_delta= 0.255652\n"}
,{"stream_name":"stdout","time":579.65301781,"data":"EDGE_TTA_ACTIVE views= 8 mean_abs_feat_delta= 0.383536\n"}
,{"stream_name":"stdout","time":579.759063499,"data":"EDGE_TTA_ACTIVE views= 8 mean_abs_feat_delta= 0.342499\n"}
,{"stream_name":"stdout","time":579.855717166,"data":"EDGE_TTA_ACTIVE views= 8 mean_abs_feat_delta= 0.383536\n"}
,{"stream_name":"stdout","time":579.855790545,"data":"EDGE_TTA_ACTIVE views= 8 mean_abs_feat_delta= 0.342499\n"}
,{"stream_name":"stdout","time":580.690619935,"data":"SECONDARY_EDGE_TTA_ACTIVE views= 8 weight= 0.75 mean_abs_feat_delta= 0.300366\n"}
,{"stream_name":"stdout","time":580.725721837,"data":"BIOHUB_RETENTION_GUARD {\"blended_candidates\": 220, \"dataset\": \"44b6_0b24845f\", \"frame\": 59, \"minimum_retention\": 0.9, \"primary_candidates\": 301, \"retention\": 0.7308970099667774, \"use_primary\": true}\n"}
,{"stream_name":"stdout","time":580.818705332,"data":"SECONDARY_EDGE_TTA_ACTIVE views= 8 weight= 0.75 mean_abs_feat_delta= 0.256616\n"}
,{"stream_name":"stdout","time":580.893647743,"data":"SECONDARY_EDGE_TTA_ACTIVE views= 8 weight= 0.75 mean_abs_feat_delta= 0.300366\n"}
,{"stream_name":"stdout","time":580.893702909,"data":"BIOHUB_RETENTION_GUARD {\"blended_candidates\": 220, \"dataset\": \"44b6_0b24845f\", \"frame\": 59, \"minimum_retention\": 0.9, \"primary_candidates\": 301, \"retention\": 0.7308970099667774, \"use_primary\": true}\n"}
,{"stream_name":"stdout","time":580.893712575,"data":"SECONDARY_EDGE_TTA_ACTIVE views= 8 weight= 0.75 mean_abs_feat_delta= 0.256616\n"}
,{"stream_name":"stdout","time":582.066954798,"data":"EDGE_TTA_ACTIVE views= 8 mean_abs_feat_delta= 0.383261\n"}
,{"stream_name":"stdout","time":582.091662674,"data":"EDGE_TTA_ACTIVE views= 8 mean_abs_feat_delta= 0.346059\n"}
,{"stream_name":"stdout","time":582.296577997,"data":"EDGE_TTA_ACTIVE views= 8 mean_abs_feat_delta= 0.383261\n"}
,{"stream_name":"stdout","time":582.296607895,"data":"EDGE_TTA_ACTIVE views= 8 mean_abs_feat_delta= 0.346059\n"}
,{"stream_name":"stdout","time":583.102742525,"data":"SECONDARY_EDGE_TTA_ACTIVE views= 8 weight= 0.75 mean_abs_feat_delta= 0.302139\n"}
,{"stream_name":"stdout","time":583.138274854,"data":"BIOHUB_RETENTION_GUARD {\"blended_candidates\": 239, \"dataset\": \"44b6_0b24845f\", \"frame\": 60, \"minimum_retention\": 0.9, \"primary_candidates\": 353, \"retention\": 0.6770538243626062, \"use_primary\": true}\n"}
,{"stream_name":"stdout","time":583.1471144,"data":"SECONDARY_EDGE_TTA_ACTIVE views= 8 weight= 0.75 mean_abs_feat_delta= 0.257121\n"}
,{"stream_name":"stdout","time":583.305290415,"data":"SECONDARY_EDGE_TTA_ACTIVE views= 8 weight= 0.75 mean_abs_feat_delta= 0.302139\n"}
,{"stream_name":"stdout","time":583.305356614,"data":"BIOHUB_RETENTION_GUARD {\"blended_candidates\": 239, \"dataset\": \"44b6_0b24845f\", \"frame\": 60, \"minimum_retention\": 0.9, \"primary_candidates\": 353, \"retention\": 0.6770538243626062, \"use_primary\": true}\n"}
,{"stream_name":"stdout","time":583.305368154,"data":"SECONDARY_EDGE_TTA_ACTIVE views= 8 weight= 0.75 mean_abs_feat_delta= 0.257121\n"}
,{"stream_name":"stdout","time":584.445599149,"data":"EDGE_TTA_ACTIVE views= 8 mean_abs_feat_delta= 0.346159\n"}
,{"stream_name":"stdout","time":584.477531369,"data":"EDGE_TTA_ACTIVE views= 8 mean_abs_feat_delta= 0.381737\n"}
,{"stream_name":"stdout","time":584.648328251,"data":"EDGE_TTA_ACTIVE views= 8 mean_abs_feat_delta= 0.346159\n"}
,{"stream_name":"stdout","time":584.648372834,"data":"EDGE_TTA_ACTIVE views= 8 mean_abs_feat_delta= 0.381737\n"}
,{"stream_name":"stdout","time":585.496192308,"data":"SECONDARY_EDGE_TTA_ACTIVE views= 8 weight= 0.75 mean_abs_feat_delta= 0.257896\n"}
,{"stream_name":"stdout","time":585.509324252,"data":"SECONDARY_EDGE_TTA_ACTIVE views= 8 weight= 0.75 mean_abs_feat_delta= 0.301732\n"}
,{"stream_name":"stdout","time":585.546074778,"data":"BIOHUB_RETENTION_GUARD {\"blended_candidates\": 138, \"dataset\": \"44b6_0b24845f\", \"frame\": 61, \"minimum_retention\": 0.9, \"primary_candidates\": 296, \"retention\": 0.46621621621621623, \"use_primary\": true}\n"}
,{"stream_name":"stdout","time":585.698742167,"data":"SECONDARY_EDGE_TTA_ACTIVE views= 8 weight= 0.75 mean_abs_feat_delta= 0.257896\n"}
,{"stream_name":"stdout","time":585.698804564,"data":"SECONDARY_EDGE_TTA_ACTIVE views= 8 weight= 0.75 mean_abs_feat_delta= 0.301732\n"}
,{"stream_name":"stdout","time":585.698811834,"data":"BIOHUB_RETENTION_GUARD {\"blended_candidates\": 138, \"dataset\": \"44b6_0b24845f\", \"frame\": 61, \"minimum_retention\": 0.9, \"primary_candidates\": 296, \"retention\": 0.46621621621621623, \"use_primary\": true}\n"}
,{"stream_name":"stdout","time":586.748714855,"data":"EDGE_TTA_ACTIVE views= 8 mean_abs_feat_delta= 0.345426\n"}
,{"stream_name":"stdout","time":586.834245645,"data":"EDGE_TTA_ACTIVE views= 8 mean_abs_feat_delta= 0.383886\n"}
,{"stream_name":"stdout","time":586.951456634,"data":"EDGE_TTA_ACTIVE views= 8 mean_abs_feat_delta= 0.345426\n"}
,{"stream_name":"stdout","time":586.95163272,"data":"EDGE_TTA_ACTIVE views= 8 mean_abs_feat_delta= 0.383886\n"}
,{"stream_name":"stdout","time":587.797905603,"data":"SECONDARY_EDGE_TTA_ACTIVE views= 8 weight= 0.75 mean_abs_feat_delta= 0.259858\n"}
,{"stream_name":"stdout","time":587.861322404,"data":"SECONDARY_EDGE_TTA_ACTIVE views= 8 weight= 0.75 mean_abs_feat_delta= 0.302064\n"}
,{"stream_name":"stdout","time":587.893915215,"data":"BIOHUB_RETENTION_GUARD {\"blended_candidates\": 162, \"dataset\": \"44b6_0b24845f\", \"frame\": 62, \"minimum_retention\": 0.9, \"primary_candidates\": 304, \"retention\": 0.5328947368421053, \"use_primary\": true}\n"}
,{"stream_name":"stdout","time":588.000405442,"data":"SECONDARY_EDGE_TTA_ACTIVE views= 8 weight= 0.75 mean_abs_feat_delta= 0.259858\n"}
,{"stream_name":"stdout","time":588.000460361,"data":"SECONDARY_EDGE_TTA_ACTIVE views= 8 weight= 0.75 mean_abs_feat_delta= 0.302064\n"}
,{"stream_name":"stdout","time":588.000466662,"data":"BIOHUB_RETENTION_GUARD {\"blended_candidates\": 162, \"dataset\": \"44b6_0b24845f\", \"frame\": 62, \"minimum_retention\": 0.9, \"primary_candidates\": 304, \"retention\": 0.5328947368421053, \"use_primary\": true}\n"}
,{"stream_name":"stdout","time":589.053943599,"data":"EDGE_TTA_ACTIVE views= 8 mean_abs_feat_delta= 0.344989\n"}
,{"stream_name":"stdout","time":589.220601333,"data":"EDGE_TTA_ACTIVE views= 8 mean_abs_feat_delta= 0.386677\n"}
,{"stream_name":"stdout","time":589.256927849,"data":"EDGE_TTA_ACTIVE views= 8 mean_abs_feat_delta= 0.344989\n"}
,{"stream_name":"stdout","time":589.257020876,"data":"EDGE_TTA_ACTIVE views= 8 mean_abs_feat_delta= 0.386677\n"}
,{"stream_name":"stdout","time":590.09396501,"data":"SECONDARY_EDGE_TTA_ACTIVE views= 8 weight= 0.75 mean_abs_feat_delta= 0.25507\n"}
,{"stream_name":"stdout","time":590.242389779,"data":"SECONDARY_EDGE_TTA_ACTIVE views= 8 weight= 0.75 mean_abs_feat_delta= 0.304759\n"}
,{"stream_name":"stdout","time":590.277510658,"data":"BIOHUB_RETENTION_GUARD {\"blended_candidates\": 203, \"dataset\": \"44b6_0b24845f\", \"frame\": 63, \"minimum_retention\": 0.9, \"primary_candidates\": 305, \"retention\": 0.6655737704918033, \"use_primary\": true}\n"}
,{"stream_name":"stdout","time":590.296391024,"data":"SECONDARY_EDGE_TTA_ACTIVE views= 8 weight= 0.75 mean_abs_feat_delta= 0.25507\n"}
,{"stream_name":"stdout","time":590.296450182,"data":"SECONDARY_EDGE_TTA_ACTIVE views= 8 weight= 0.75 mean_abs_feat_delta= 0.304759\n"}
,{"stream_name":"stdout","time":590.296458686,"data":"BIOHUB_RETENTION_GUARD {\"blended_candidates\": 203, \"dataset\": \"44b6_0b24845f\", \"frame\": 63, \"minimum_retention\": 0.9, \"primary_candidates\": 305, \"retention\": 0.6655737704918033, \"use_primary\": true}\n"}
,{"stream_name":"stdout","time":591.382506752,"data":"EDGE_TTA_ACTIVE views= 8 mean_abs_feat_delta= 0.343404\n"}
,{"stream_name":"stdout","time":591.584481573,"data":"EDGE_TTA_ACTIVE views= 8 mean_abs_feat_delta= 0.343404\n"}
,{"stream_name":"stdout","time":591.66227597,"data":"EDGE_TTA_ACTIVE views= 8 mean_abs_feat_delta= 0.377234\n"}
,{"stream_name":"stdout","time":591.865653178,"data":"EDGE_TTA_ACTIVE views= 8 mean_abs_feat_delta= 0.377234\n"}
,{"stream_name":"stdout","time":592.414474132,"data":"SECONDARY_EDGE_TTA_ACTIVE views= 8 weight= 0.75 mean_abs_feat_delta= 0.262098\n"}
,{"stream_name":"stdout","time":592.617357734,"data":"SECONDARY_EDGE_TTA_ACTIVE views= 8 weight= 0.75 mean_abs_feat_delta= 0.262098\n"}
,{"stream_name":"stdout","time":592.679259195,"data":"SECONDARY_EDGE_TTA_ACTIVE views= 8 weight= 0.75 mean_abs_feat_delta= 0.305178\n"}
,{"stream_name":"stdout","time":592.713813242,"data":"BIOHUB_RETENTION_GUARD {\"blended_candidates\": 179, \"dataset\": \"44b6_0b24845f\", \"frame\": 64, \"minimum_retention\": 0.9, \"primary_candidates\": 295, \"retention\": 0.6067796610169491, \"use_primary\": true}\n"}
,{"stream_name":"stdout","time":592.882004942,"data":"SECONDARY_EDGE_TTA_ACTIVE views= 8 weight= 0.75 mean_abs_feat_delta= 0.305178\n"}
,{"stream_name":"stdout","time":592.882044845,"data":"BIOHUB_RETENTION_GUARD {\"blended_candidates\": 179, \"dataset\": \"44b6_0b24845f\", \"frame\": 64, \"minimum_retention\": 0.9, \"primary_candidates\": 295, \"retention\": 0.6067796610169491, \"use_primary\": true}\n"}
,{"stream_name":"stdout","time":593.684454773,"data":"EDGE_TTA_ACTIVE views= 8 mean_abs_feat_delta= 0.341221\n"}
,{"stream_name":"stdout","time":593.886794447,"data":"EDGE_TTA_ACTIVE views= 8 mean_abs_feat_delta= 0.341221\n"}
,{"stream_name":"stdout","time":594.069562782,"data":"EDGE_TTA_ACTIVE views= 8 mean_abs_feat_delta= 0.378211\n"}
,{"stream_name":"stdout","time":594.271804114,"data":"EDGE_TTA_ACTIVE views= 8 mean_abs_feat_delta= 0.378211\n"}
,{"stream_name":"stdout","time":594.713988185,"data":"SECONDARY_EDGE_TTA_ACTIVE views= 8 weight= 0.75 mean_abs_feat_delta= 0.262847\n"}
,{"stream_name":"stdout","time":594.916766016,"data":"SECONDARY_EDGE_TTA_ACTIVE views= 8 weight= 0.75 mean_abs_feat_delta= 0.262847\n"}
,{"stream_name":"stdout","time":595.081601522,"data":"SECONDARY_EDGE_TTA_ACTIVE views= 8 weight= 0.75 mean_abs_feat_delta= 0.303892\n"}
,{"stream_name":"stdout","time":595.11582391,"data":"BIOHUB_RETENTION_GUARD {\"blended_candidates\": 187, \"dataset\": \"44b6_0b24845f\", \"frame\": 65, \"minimum_retention\": 0.9, \"primary_candidates\": 314, \"retention\": 0.5955414012738853, \"use_primary\": true}\n"}
,{"stream_name":"stdout","time":595.284535474,"data":"SECONDARY_EDGE_TTA_ACTIVE views= 8 weight= 0.75 mean_abs_feat_delta= 0.303892\n"}
,{"stream_name":"stdout","time":595.284577543,"data":"BIOHUB_RETENTION_GUARD {\"blended_candidates\": 187, \"dataset\": \"44b6_0b24845f\", \"frame\": 65, \"minimum_retention\": 0.9, \"primary_candidates\": 314, \"retention\": 0.5955414012738853, \"use_primary\": true}\n"}
,{"stream_name":"stdout","time":595.974280889,"data":"EDGE_TTA_ACTIVE views= 8 mean_abs_feat_delta= 0.343003\n"}
,{"stream_name":"stdout","time":596.176701234,"data":"EDGE_TTA_ACTIVE views= 8 mean_abs_feat_delta= 0.343003\n"}
,{"stream_name":"stdout","time":596.40563235,"data":"EDGE_TTA_ACTIVE views= 8 mean_abs_feat_delta= 0.383219\n"}
,{"stream_name":"stdout","time":596.608154439,"data":"EDGE_TTA_ACTIVE views= 8 mean_abs_feat_delta= 0.383219\n"}
,{"stream_name":"stdout","time":597.00185165,"data":"SECONDARY_EDGE_TTA_ACTIVE views= 8 weight= 0.75 mean_abs_feat_delta= 0.261047\n"}
,{"stream_name":"stdout","time":597.204331206,"data":"SECONDARY_EDGE_TTA_ACTIVE views= 8 weight= 0.75 mean_abs_feat_delta= 0.261047\n"}
,{"stream_name":"stdout","time":597.414624412,"data":"SECONDARY_EDGE_TTA_ACTIVE views= 8 weight= 0.75 mean_abs_feat_delta= 0.302059\n"}
,{"stream_name":"stdout","time":597.451339288,"data":"BIOHUB_RETENTION_GUARD {\"blended_candidates\": 164, \"dataset\": \"44b6_0b24845f\", \"frame\": 66, \"minimum_retention\": 0.9, \"primary_candidates\": 320, \"retention\": 0.5125, \"use_primary\": true}\n"}
,{"stream_name":"stdout","time":597.617288606,"data":"SECONDARY_EDGE_TTA_ACTIVE views= 8 weight= 0.75 mean_abs_feat_delta= 0.302059\n"}
,{"stream_name":"stdout","time":597.617365042,"data":"BIOHUB_RETENTION_GUARD {\"blended_candidates\": 164, \"dataset\": \"44b6_0b24845f\", \"frame\": 66, \"minimum_retention\": 0.9, \"primary_candidates\": 320, \"retention\": 0.5125, \"use_primary\": true}\n"}
,{"stream_name":"stdout","time":598.254212655,"data":"EDGE_TTA_ACTIVE views= 8 mean_abs_feat_delta= 0.343125\n"}
,{"stream_name":"stdout","time":598.456981547,"data":"EDGE_TTA_ACTIVE views= 8 mean_abs_feat_delta= 0.343125\n"}
,{"stream_name":"stdout","time":598.77862881,"data":"EDGE_TTA_ACTIVE views= 8 mean_abs_feat_delta= 0.380103\n"}
,{"stream_name":"stdout","time":598.981344224,"data":"EDGE_TTA_ACTIVE views= 8 mean_abs_feat_delta= 0.380103\n"}
,{"stream_name":"stdout","time":599.278142336,"data":"SECONDARY_EDGE_TTA_ACTIVE views= 8 weight= 0.75 mean_abs_feat_delta= 0.257455\n"}
,{"stream_name":"stdout","time":599.480151858,"data":"SECONDARY_EDGE_TTA_ACTIVE views= 8 weight= 0.75 mean_abs_feat_delta= 0.257455\n"}
,{"stream_name":"stdout","time":599.778433185,"data":"SECONDARY_EDGE_TTA_ACTIVE views= 8 weight= 0.75 mean_abs_feat_delta= 0.298878\n"}
,{"stream_name":"stdout","time":599.807246604,"data":"BIOHUB_RETENTION_GUARD {\"blended_candidates\": 132, \"dataset\": \"44b6_0b24845f\", \"frame\": 67, \"minimum_retention\": 0.9, \"primary_candidates\": 252, \"retention\": 0.5238095238095238, \"use_primary\": true}\n"}
,{"stream_name":"stdout","time":599.981209469,"data":"SECONDARY_EDGE_TTA_ACTIVE views= 8 weight= 0.75 mean_abs_feat_delta= 0.298878\n"}
,{"stream_name":"stdout","time":599.981275554,"data":"BIOHUB_RETENTION_GUARD {\"blended_candidates\": 132, \"dataset\": \"44b6_0b24845f\", \"frame\": 67, \"minimum_retention\": 0.9, \"primary_candidates\": 252, \"retention\": 0.5238095238095238, \"use_primary\": true}\n"}
,{"stream_name":"stdout","time":600.506903143,"data":"EDGE_TTA_ACTIVE views= 8 mean_abs_feat_delta= 0.337095\n"}
,{"stream_name":"stdout","time":600.709715854,"data":"EDGE_TTA_ACTIVE views= 8 mean_abs_feat_delta= 0.337095\n"}
,{"stream_name":"stdout","time":601.085432678,"data":"EDGE_TTA_ACTIVE views= 8 mean_abs_feat_delta= 0.379931\n"}
,{"stream_name":"stdout","time":601.288407062,"data":"EDGE_TTA_ACTIVE views= 8 mean_abs_feat_delta= 0.379931\n"}
,{"stream_name":"stdout","time":601.531018616,"data":"SECONDARY_EDGE_TTA_ACTIVE views= 8 weight= 0.75 mean_abs_feat_delta= 0.254838\n"}
,{"stream_name":"stdout","time":601.733662896,"data":"SECONDARY_EDGE_TTA_ACTIVE views= 8 weight= 0.75 mean_abs_feat_delta= 0.254838\n"}
,{"stream_name":"stdout","time":602.089204343,"data":"SECONDARY_EDGE_TTA_ACTIVE views= 8 weight= 0.75 mean_abs_feat_delta= 0.301881\n"}
,{"stream_name":"stdout","time":602.12507005,"data":"BIOHUB_RETENTION_GUARD {\"blended_candidates\": 165, \"dataset\": \"44b6_0b24845f\", \"frame\": 68, \"minimum_retention\": 0.9, \"primary_candidates\": 259, \"retention\": 0.637065637065637, \"use_primary\": true}\n"}
,{"stream_name":"stdout","time":602.292221796,"data":"SECONDARY_EDGE_TTA_ACTIVE views= 8 weight= 0.75 mean_abs_feat_delta= 0.301881\n"}
,{"stream_name":"stdout","time":602.292339676,"data":"BIOHUB_RETENTION_GUARD {\"blended_candidates\": 165, \"dataset\": \"44b6_0b24845f\", \"frame\": 68, \"minimum_retention\": 0.9, \"primary_candidates\": 259, \"retention\": 0.637065637065637, \"use_primary\": true}\n"}
,{"stream_name":"stdout","time":602.768992979,"data":"EDGE_TTA_ACTIVE views= 8 mean_abs_feat_delta= 0.337123\n"}
,{"stream_name":"stdout","time":602.971485441,"data":"EDGE_TTA_ACTIVE views= 8 mean_abs_feat_delta= 0.337123\n"}
,{"stream_name":"stdout","time":603.403396991,"data":"EDGE_TTA_ACTIVE views= 8 mean_abs_feat_delta= 0.377554\n"}
,{"stream_name":"stdout","time":603.606099244,"data":"EDGE_TTA_ACTIVE views= 8 mean_abs_feat_delta= 0.377554\n"}
,{"stream_name":"stdout","time":603.787311957,"data":"SECONDARY_EDGE_TTA_ACTIVE views= 8 weight= 0.75 mean_abs_feat_delta= 0.260524\n"}
,{"stream_name":"stdout","time":603.990158979,"data":"SECONDARY_EDGE_TTA_ACTIVE views= 8 weight= 0.75 mean_abs_feat_delta= 0.260524\n"}
,{"stream_name":"stdout","time":604.408868942,"data":"SECONDARY_EDGE_TTA_ACTIVE views= 8 weight= 0.75 mean_abs_feat_delta= 0.303653\n"}
,{"stream_name":"stdout","time":604.450812355,"data":"BIOHUB_RETENTION_GUARD {\"blended_candidates\": 129, \"dataset\": \"44b6_0b24845f\", \"frame\": 69, \"minimum_retention\": 0.9, \"primary_candidates\": 270, \"retention\": 0.4777777777777778, \"use_primary\": true}\n"}
,{"stream_name":"stdout","time":604.611567528,"data":"SECONDARY_EDGE_TTA_ACTIVE views= 8 weight= 0.75 mean_abs_feat_delta= 0.303653\n"}
,{"stream_name":"stdout","time":604.611668881,"data":"BIOHUB_RETENTION_GUARD {\"blended_candidates\": 129, \"dataset\": \"44b6_0b24845f\", \"frame\": 69, \"minimum_retention\": 0.9, \"primary_candidates\": 270, \"retention\": 0.4777777777777778, \"use_primary\": true}\n"}
,{"stream_name":"stdout","time":605.054804116,"data":"EDGE_TTA_ACTIVE views= 8 mean_abs_feat_delta= 0.338112\n"}
,{"stream_name":"stdout","time":605.25747918,"data":"EDGE_TTA_ACTIVE views= 8 mean_abs_feat_delta= 0.338112\n"}
,{"stream_name":"stdout","time":605.779985893,"data":"EDGE_TTA_ACTIVE views= 8 mean_abs_feat_delta= 0.389556\n"}
,{"stream_name":"stdout","time":605.982788622,"data":"EDGE_TTA_ACTIVE views= 8 mean_abs_feat_delta= 0.389556\n"}
,{"stream_name":"stdout","time":606.07005283,"data":"SECONDARY_EDGE_TTA_ACTIVE views= 8 weight= 0.75 mean_abs_feat_delta= 0.262847\n"}
,{"stream_name":"stdout","time":606.272842549,"data":"SECONDARY_EDGE_TTA_ACTIVE views= 8 weight= 0.75 mean_abs_feat_delta= 0.262847\n"}
,{"stream_name":"stdout","time":606.776133684,"data":"SECONDARY_EDGE_TTA_ACTIVE views= 8 weight= 0.75 mean_abs_feat_delta= 0.303567\n"}
,{"stream_name":"stdout","time":606.811252544,"data":"BIOHUB_RETENTION_GUARD {\"blended_candidates\": 114, \"dataset\": \"44b6_0b24845f\", \"frame\": 70, \"minimum_retention\": 0.9, \"primary_candidates\": 220, \"retention\": 0.5181818181818182, \"use_primary\": true}\n"}
,{"stream_name":"stdout","time":606.979589157,"data":"SECONDARY_EDGE_TTA_ACTIVE views= 8 weight= 0.75 mean_abs_feat_delta= 0.303567\n"}
,{"stream_name":"stdout","time":606.979643828,"data":"BIOHUB_RETENTION_GUARD {\"blended_candidates\": 114, \"dataset\": \"44b6_0b24845f\", \"frame\": 70, \"minimum_retention\": 0.9, \"primary_candidates\": 220, \"retention\": 0.5181818181818182, \"use_primary\": true}\n"}
,{"stream_name":"stdout","time":607.285807863,"data":"EDGE_TTA_ACTIVE views= 8 mean_abs_feat_delta= 0.338704\n"}
,{"stream_name":"stdout","time":607.488707394,"data":"EDGE_TTA_ACTIVE views= 8 mean_abs_feat_delta= 0.338704\n"}
,{"stream_name":"stdout","time":608.127687472,"data":"EDGE_TTA_ACTIVE views= 8 mean_abs_feat_delta= 0.387405\n"}
,{"stream_name":"stdout","time":608.30050578,"data":"SECONDARY_EDGE_TTA_ACTIVE views= 8 weight= 0.75 mean_abs_feat_delta= 0.260131\n"}
,{"stream_name":"stdout","time":608.330735235,"data":"EDGE_TTA_ACTIVE views= 8 mean_abs_feat_delta= 0.387405\n"}
,{"stream_name":"stdout","time":608.330767797,"data":"SECONDARY_EDGE_TTA_ACTIVE views= 8 weight= 0.75 mean_abs_feat_delta= 0.260131\n"}
,{"stream_name":"stdout","time":609.122038892,"data":"SECONDARY_EDGE_TTA_ACTIVE views= 8 weight= 0.75 mean_abs_feat_delta= 0.305519\n"}
,{"stream_name":"stdout","time":609.15075125,"data":"BIOHUB_RETENTION_GUARD {\"blended_candidates\": 141, \"dataset\": \"44b6_0b24845f\", \"frame\": 71, \"minimum_retention\": 0.9, \"primary_candidates\": 251, \"retention\": 0.5617529880478087, \"use_primary\": true}\n"}
,{"stream_name":"stdout","time":609.324824492,"data":"SECONDARY_EDGE_TTA_ACTIVE views= 8 weight= 0.75 mean_abs_feat_delta= 0.305519\n"}
,{"stream_name":"stdout","time":609.324883994,"data":"BIOHUB_RETENTION_GUARD {\"blended_candidates\": 141, \"dataset\": \"44b6_0b24845f\", \"frame\": 71, \"minimum_retention\": 0.9, \"primary_candidates\": 251, \"retention\": 0.5617529880478087, \"use_primary\": true}\n"}
,{"stream_name":"stdout","time":609.505104723,"data":"EDGE_TTA_ACTIVE views= 8 mean_abs_feat_delta= 0.340176\n"}
,{"stream_name":"stdout","time":609.70797132,"data":"EDGE_TTA_ACTIVE views= 8 mean_abs_feat_delta= 0.340176\n"}
,{"stream_name":"stdout","time":610.464507105,"data":"EDGE_TTA_ACTIVE views= 8 mean_abs_feat_delta= 0.390114\n"}
,{"stream_name":"stdout","time":610.51991962,"data":"SECONDARY_EDGE_TTA_ACTIVE views= 8 weight= 0.75 mean_abs_feat_delta= 0.256523\n"}
,{"stream_name":"stdout","time":610.666855801,"data":"EDGE_TTA_ACTIVE views= 8 mean_abs_feat_delta= 0.390114\n"}
,{"stream_name":"stdout","time":610.666907351,"data":"SECONDARY_EDGE_TTA_ACTIVE views= 8 weight= 0.75 mean_abs_feat_delta= 0.256523\n"}
,{"stream_name":"stdout","time":611.458494903,"data":"SECONDARY_EDGE_TTA_ACTIVE views= 8 weight= 0.75 mean_abs_feat_delta= 0.305177\n"}
,{"stream_name":"stdout","time":611.48995354,"data":"BIOHUB_RETENTION_GUARD {\"blended_candidates\": 141, \"dataset\": \"44b6_0b24845f\", \"frame\": 72, \"minimum_retention\": 0.9, \"primary_candidates\": 240, \"retention\": 0.5875, \"use_primary\": true}\n"}
,{"stream_name":"stdout","time":611.660802063,"data":"SECONDARY_EDGE_TTA_ACTIVE views= 8 weight= 0.75 mean_abs_feat_delta= 0.305177\n"}
,{"stream_name":"stdout","time":611.660841109,"data":"BIOHUB_RETENTION_GUARD {\"blended_candidates\": 141, \"dataset\": \"44b6_0b24845f\", \"frame\": 72, \"minimum_retention\": 0.9, \"primary_candidates\": 240, \"retention\": 0.5875, \"use_primary\": true}\n"}
,{"stream_name":"stdout","time":611.73280708,"data":"EDGE_TTA_ACTIVE views= 8 mean_abs_feat_delta= 0.346094\n"}
,{"stream_name":"stdout","time":611.935455652,"data":"EDGE_TTA_ACTIVE views= 8 mean_abs_feat_delta= 0.346094\n"}
,{"stream_name":"stdout","time":612.745962424,"data":"SECONDARY_EDGE_TTA_ACTIVE views= 8 weight= 0.75 mean_abs_feat_delta= 0.265074\n"}
,{"stream_name":"stdout","time":612.771557724,"data":"EDGE_TTA_ACTIVE views= 8 mean_abs_feat_delta= 0.391195\n"}
,{"stream_name":"stdout","time":612.980678564,"data":"SECONDARY_EDGE_TTA_ACTIVE views= 8 weight= 0.75 mean_abs_feat_delta= 0.265074\n"}
,{"stream_name":"stdout","time":612.980717158,"data":"EDGE_TTA_ACTIVE views= 8 mean_abs_feat_delta= 0.391195\n"}
,{"stream_name":"stdout","time":613.763284917,"data":"SECONDARY_EDGE_TTA_ACTIVE views= 8 weight= 0.75 mean_abs_feat_delta= 0.307887\n"}
,{"stream_name":"stdout","time":613.792710889,"data":"BIOHUB_RETENTION_GUARD {\"blended_candidates\": 97, \"dataset\": \"44b6_0b24845f\", \"frame\": 73, \"minimum_retention\": 0.9, \"primary_candidates\": 230, \"retention\": 0.4217391304347826, \"use_primary\": true}\n"}
,{"stream_name":"stdout","time":613.958862254,"data":"EDGE_TTA_ACTIVE views= 8 mean_abs_feat_delta= 0.348292\n"}
,{"stream_name":"stdout","time":613.966068938,"data":"SECONDARY_EDGE_TTA_ACTIVE views= 8 weight= 0.75 mean_abs_feat_delta= 0.307887\n"}
,{"stream_name":"stdout","time":613.966103284,"data":"BIOHUB_RETENTION_GUARD {\"blended_candidates\": 97, \"dataset\": \"44b6_0b24845f\", \"frame\": 73, \"minimum_retention\": 0.9, \"primary_candidates\": 230, \"retention\": 0.4217391304347826, \"use_primary\": true}\n"}
,{"stream_name":"stdout","time":613.966114341,"data":"EDGE_TTA_ACTIVE views= 8 mean_abs_feat_delta= 0.348292\n"}
,{"stream_name":"stdout","time":614.969000505,"data":"SECONDARY_EDGE_TTA_ACTIVE views= 8 weight= 0.75 mean_abs_feat_delta= 0.26712\n"}
,{"stream_name":"stdout","time":615.084911382,"data":"EDGE_TTA_ACTIVE views= 8 mean_abs_feat_delta= 0.391649\n"}
,{"stream_name":"stdout","time":615.171655386,"data":"SECONDARY_EDGE_TTA_ACTIVE views= 8 weight= 0.75 mean_abs_feat_delta= 0.26712\n"}
,{"stream_name":"stdout","time":615.171701589,"data":"EDGE_TTA_ACTIVE views= 8 mean_abs_feat_delta= 0.391649\n"}
,{"stream_name":"stdout","time":616.073481015,"data":"SECONDARY_EDGE_TTA_ACTIVE views= 8 weight= 0.75 mean_abs_feat_delta= 0.306084\n"}
,{"stream_name":"stdout","time":616.105106898,"data":"BIOHUB_RETENTION_GUARD {\"blended_candidates\": 93, \"dataset\": \"44b6_0b24845f\", \"frame\": 74, \"minimum_retention\": 0.9, \"primary_candidates\": 221, \"retention\": 0.42081447963800905, \"use_primary\": true}\n"}
,{"stream_name":"stdout","time":616.212396211,"data":"EDGE_TTA_ACTIVE views= 8 mean_abs_feat_delta= 0.344312\n"}
,{"stream_name":"stdout","time":616.274553449,"data":"SECONDARY_EDGE_TTA_ACTIVE views= 8 weight= 0.75 mean_abs_feat_delta= 0.306084\n"}
,{"stream_name":"stdout","time":616.274601817,"data":"BIOHUB_RETENTION_GUARD {\"blended_candidates\": 93, \"dataset\": \"44b6_0b24845f\", \"frame\": 74, \"minimum_retention\": 0.9, \"primary_candidates\": 221, \"retention\": 0.42081447963800905, \"use_primary\": true}\n"}
,{"stream_name":"stdout","time":616.274609976,"data":"EDGE_TTA_ACTIVE views= 8 mean_abs_feat_delta= 0.344312\n"}
,{"stream_name":"stdout","time":617.220732149,"data":"SECONDARY_EDGE_TTA_ACTIVE views= 8 weight= 0.75 mean_abs_feat_delta= 0.263739\n"}
,{"stream_name":"stdout","time":617.387360091,"data":"EDGE_TTA_ACTIVE views= 8 mean_abs_feat_delta= 0.371291\n"}
,{"stream_name":"stdout","time":617.423381283,"data":"SECONDARY_EDGE_TTA_ACTIVE views= 8 weight= 0.75 mean_abs_feat_delta= 0.263739\n"}
,{"stream_name":"stdout","time":617.423448624,"data":"EDGE_TTA_ACTIVE views= 8 mean_abs_feat_delta= 0.371291\n"}
,{"stream_name":"stdout","time":618.379394365,"data":"SECONDARY_EDGE_TTA_ACTIVE views= 8 weight= 0.75 mean_abs_feat_delta= 0.306139\n"}
,{"stream_name":"stdout","time":618.411934506,"data":"BIOHUB_RETENTION_GUARD {\"blended_candidates\": 149, \"dataset\": \"44b6_0b24845f\", \"frame\": 75, \"minimum_retention\": 0.9, \"primary_candidates\": 301, \"retention\": 0.4950166112956811, \"use_primary\": true}\n"}
,{"stream_name":"stdout","time":618.426345791,"data":"EDGE_TTA_ACTIVE views= 8 mean_abs_feat_delta= 0.341477\n"}
,{"stream_name":"stdout","time":618.582241213,"data":"SECONDARY_EDGE_TTA_ACTIVE views= 8 weight= 0.75 mean_abs_feat_delta= 0.306139\n"}
,{"stream_name":"stdout","time":618.582287576,"data":"BIOHUB_RETENTION_GUARD {\"blended_candidates\": 149, \"dataset\": \"44b6_0b24845f\", \"frame\": 75, \"minimum_retention\": 0.9, \"primary_candidates\": 301, \"retention\": 0.4950166112956811, \"use_primary\": true}\n"}
,{"stream_name":"stdout","time":618.582319721,"data":"EDGE_TTA_ACTIVE views= 8 mean_abs_feat_delta= 0.341477\n"}
,{"stream_name":"stdout","time":619.435466834,"data":"SECONDARY_EDGE_TTA_ACTIVE views= 8 weight= 0.75 mean_abs_feat_delta= 0.262727\n"}
,{"stream_name":"stdout","time":619.638340547,"data":"SECONDARY_EDGE_TTA_ACTIVE views= 8 weight= 0.75 mean_abs_feat_delta= 0.262727\n"}
,{"stream_name":"stdout","time":619.750697722,"data":"EDGE_TTA_ACTIVE views= 8 mean_abs_feat_delta= 0.368495\n"}
,{"stream_name":"stdout","time":619.953276491,"data":"EDGE_TTA_ACTIVE views= 8 mean_abs_feat_delta= 0.368495\n"}
,{"stream_name":"stdout","time":620.674576694,"data":"EDGE_TTA_ACTIVE views= 8 mean_abs_feat_delta= 0.34091\n"}
,{"stream_name":"stdout","time":620.739781122,"data":"SECONDARY_EDGE_TTA_ACTIVE views= 8 weight= 0.75 mean_abs_feat_delta= 0.303285\n"}
,{"stream_name":"stdout","time":620.781192939,"data":"BIOHUB_RETENTION_GUARD {\"blended_candidates\": 149, \"dataset\": \"44b6_0b24845f\", \"frame\": 76, \"minimum_retention\": 0.9, \"primary_candidates\": 285, \"retention\": 0.5228070175438596, \"use_primary\": true}\n"}
,{"stream_name":"stdout","time":620.87757729,"data":"EDGE_TTA_ACTIVE views= 8 mean_abs_feat_delta= 0.34091\n"}
,{"stream_name":"stdout","time":620.877619842,"data":"SECONDARY_EDGE_TTA_ACTIVE views= 8 weight= 0.75 mean_abs_feat_delta= 0.303285\n"}
,{"stream_name":"stdout","time":620.877625693,"data":"BIOHUB_RETENTION_GUARD {\"blended_candidates\": 149, \"dataset\": \"44b6_0b24845f\", \"frame\": 76, \"minimum_retention\": 0.9, \"primary_candidates\": 285, \"retention\": 0.5228070175438596, \"use_primary\": true}\n"}
,{"stream_name":"stdout","time":621.682520775,"data":"SECONDARY_EDGE_TTA_ACTIVE views= 8 weight= 0.75 mean_abs_feat_delta= 0.256411\n"}
,{"stream_name":"stdout","time":621.885114932,"data":"SECONDARY_EDGE_TTA_ACTIVE views= 8 weight= 0.75 mean_abs_feat_delta= 0.256411\n"}
,{"stream_name":"stdout","time":622.161738106,"data":"EDGE_TTA_ACTIVE views= 8 mean_abs_feat_delta= 0.382695\n"}
,{"stream_name":"stdout","time":622.364440396,"data":"EDGE_TTA_ACTIVE views= 8 mean_abs_feat_delta= 0.382695\n"}
,{"stream_name":"stdout","time":622.90024947,"data":"EDGE_TTA_ACTIVE views= 8 mean_abs_feat_delta= 0.337156\n"}
,{"stream_name":"stdout","time":623.103100754,"data":"EDGE_TTA_ACTIVE views= 8 mean_abs_feat_delta= 0.337156\n"}
,{"stream_name":"stdout","time":623.153008329,"data":"SECONDARY_EDGE_TTA_ACTIVE views= 8 weight= 0.75 mean_abs_feat_delta= 0.300239\n"}
,{"stream_name":"stdout","time":623.18908342,"data":"BIOHUB_RETENTION_GUARD {\"blended_candidates\": 115, \"dataset\": \"44b6_0b24845f\", \"frame\": 77, \"minimum_retention\": 0.9, \"primary_candidates\": 269, \"retention\": 0.4275092936802974, \"use_primary\": true}\n"}
,{"stream_name":"stdout","time":623.355682501,"data":"SECONDARY_EDGE_TTA_ACTIVE views= 8 weight= 0.75 mean_abs_feat_delta= 0.300239\n"}
,{"stream_name":"stdout","time":623.355736368,"data":"BIOHUB_RETENTION_GUARD {\"blended_candidates\": 115, \"dataset\": \"44b6_0b24845f\", \"frame\": 77, \"minimum_retention\": 0.9, \"primary_candidates\": 269, \"retention\": 0.4275092936802974, \"use_primary\": true}\n"}
,{"stream_name":"stdout","time":623.910260654,"data":"SECONDARY_EDGE_TTA_ACTIVE views= 8 weight= 0.75 mean_abs_feat_delta= 0.260031\n"}
,{"stream_name":"stdout","time":624.11299348,"data":"SECONDARY_EDGE_TTA_ACTIVE views= 8 weight= 0.75 mean_abs_feat_delta= 0.260031\n"}
,{"stream_name":"stdout","time":624.452029812,"data":"EDGE_TTA_ACTIVE views= 8 mean_abs_feat_delta= 0.384353\n"}
,{"stream_name":"stdout","time":624.654476889,"data":"EDGE_TTA_ACTIVE views= 8 mean_abs_feat_delta= 0.384353\n"}
,{"stream_name":"stdout","time":625.16798102,"data":"EDGE_TTA_ACTIVE views= 8 mean_abs_feat_delta= 0.339841\n"}
,{"stream_name":"stdout","time":625.37052366,"data":"EDGE_TTA_ACTIVE views= 8 mean_abs_feat_delta= 0.339841\n"}
,{"stream_name":"stdout","time":625.446462523,"data":"SECONDARY_EDGE_TTA_ACTIVE views= 8 weight= 0.75 mean_abs_feat_delta= 0.305007\n"}
,{"stream_name":"stdout","time":625.477437106,"data":"BIOHUB_RETENTION_GUARD {\"blended_candidates\": 151, \"dataset\": \"44b6_0b24845f\", \"frame\": 78, \"minimum_retention\": 0.9, \"primary_candidates\": 336, \"retention\": 0.4494047619047619, \"use_primary\": true}\n"}
,{"stream_name":"stdout","time":625.6491607,"data":"SECONDARY_EDGE_TTA_ACTIVE views= 8 weight= 0.75 mean_abs_feat_delta= 0.305007\n"}
,{"stream_name":"stdout","time":625.649216399,"data":"BIOHUB_RETENTION_GUARD {\"blended_candidates\": 151, \"dataset\": \"44b6_0b24845f\", \"frame\": 78, \"minimum_retention\": 0.9, \"primary_candidates\": 336, \"retention\": 0.4494047619047619, \"use_primary\": true}\n"}
,{"stream_name":"stdout","time":626.178859708,"data":"SECONDARY_EDGE_TTA_ACTIVE views= 8 weight= 0.75 mean_abs_feat_delta= 0.262153\n"}
,{"stream_name":"stdout","time":626.3818045,"data":"SECONDARY_EDGE_TTA_ACTIVE views= 8 weight= 0.75 mean_abs_feat_delta= 0.262153\n"}
,{"stream_name":"stdout","time":626.778025613,"data":"EDGE_TTA_ACTIVE views= 8 mean_abs_feat_delta= 0.380111\n"}
,{"stream_name":"stdout","time":626.980840007,"data":"EDGE_TTA_ACTIVE views= 8 mean_abs_feat_delta= 0.380111\n"}
,{"stream_name":"stdout","time":627.409551367,"data":"EDGE_TTA_ACTIVE views= 8 mean_abs_feat_delta= 0.34054\n"}
,{"stream_name":"stdout","time":627.612458722,"data":"EDGE_TTA_ACTIVE views= 8 mean_abs_feat_delta= 0.34054\n"}
,{"stream_name":"stdout","time":627.769673327,"data":"SECONDARY_EDGE_TTA_ACTIVE views= 8 weight= 0.75 mean_abs_feat_delta= 0.309337\n"}
,{"stream_name":"stdout","time":627.801437222,"data":"BIOHUB_RETENTION_GUARD {\"blended_candidates\": 185, \"dataset\": \"44b6_0b24845f\", \"frame\": 79, \"minimum_retention\": 0.9, \"primary_candidates\": 357, \"retention\": 0.5182072829131653, \"use_primary\": true}\n"}
,{"stream_name":"stdout","time":627.971676542,"data":"SECONDARY_EDGE_TTA_ACTIVE views= 8 weight= 0.75 mean_abs_feat_delta= 0.309337\n"}
,{"stream_name":"stdout","time":627.971714615,"data":"BIOHUB_RETENTION_GUARD {\"blended_candidates\": 185, \"dataset\": \"44b6_0b24845f\", \"frame\": 79, \"minimum_retention\": 0.9, \"primary_candidates\": 357, \"retention\": 0.5182072829131653, \"use_primary\": true}\n"}
,{"stream_name":"stdout","time":628.422005131,"data":"SECONDARY_EDGE_TTA_ACTIVE views= 8 weight= 0.75 mean_abs_feat_delta= 0.258925\n"}
,{"stream_name":"stdout","time":628.624722176,"data":"SECONDARY_EDGE_TTA_ACTIVE views= 8 weight= 0.75 mean_abs_feat_delta= 0.258925\n"}
,{"stream_name":"stdout","time":629.145892999,"data":"EDGE_TTA_ACTIVE views= 8 mean_abs_feat_delta= 0.383517\n"}
,{"stream_name":"stdout","time":629.34901336,"data":"EDGE_TTA_ACTIVE views= 8 mean_abs_feat_delta= 0.383517\n"}
,{"stream_name":"stdout","time":629.615777373,"data":"EDGE_TTA_ACTIVE views= 8 mean_abs_feat_delta= 0.345761\n"}
,{"stream_name":"stdout","time":629.818502399,"data":"EDGE_TTA_ACTIVE views= 8 mean_abs_feat_delta= 0.345761\n"}
,{"stream_name":"stdout","time":630.141436786,"data":"SECONDARY_EDGE_TTA_ACTIVE views= 8 weight= 0.75 mean_abs_feat_delta= 0.309755\n"}
,{"stream_name":"stdout","time":630.173701363,"data":"BIOHUB_RETENTION_GUARD {\"blended_candidates\": 167, \"dataset\": \"44b6_0b24845f\", \"frame\": 80, \"minimum_retention\": 0.9, \"primary_candidates\": 329, \"retention\": 0.5075987841945289, \"use_primary\": true}\n"}
,{"stream_name":"stdout","time":630.343839882,"data":"SECONDARY_EDGE_TTA_ACTIVE views= 8 weight= 0.75 mean_abs_feat_delta= 0.309755\n"}
,{"stream_name":"stdout","time":630.343900748,"data":"BIOHUB_RETENTION_GUARD {\"blended_candidates\": 167, \"dataset\": \"44b6_0b24845f\", \"frame\": 80, \"minimum_retention\": 0.9, \"primary_candidates\": 329, \"retention\": 0.5075987841945289, \"use_primary\": true}\n"}
,{"stream_name":"stdout","time":630.629704697,"data":"SECONDARY_EDGE_TTA_ACTIVE views= 8 weight= 0.75 mean_abs_feat_delta= 0.260799\n"}
,{"stream_name":"stdout","time":630.832359318,"data":"SECONDARY_EDGE_TTA_ACTIVE views= 8 weight= 0.75 mean_abs_feat_delta= 0.260799\n"}
,{"stream_name":"stdout","time":631.490353901,"data":"EDGE_TTA_ACTIVE views= 8 mean_abs_feat_delta= 0.382973\n"}
,{"stream_name":"stdout","time":631.693077297,"data":"EDGE_TTA_ACTIVE views= 8 mean_abs_feat_delta= 0.382973\n"}
,{"stream_name":"stdout","time":631.855625665,"data":"EDGE_TTA_ACTIVE views= 8 mean_abs_feat_delta= 0.34535\n"}
,{"stream_name":"stdout","time":632.058352086,"data":"EDGE_TTA_ACTIVE views= 8 mean_abs_feat_delta= 0.34535\n"}
,{"stream_name":"stdout","time":632.483043809,"data":"SECONDARY_EDGE_TTA_ACTIVE views= 8 weight= 0.75 mean_abs_feat_delta= 0.314898\n"}
,{"stream_name":"stdout","time":632.51813179,"data":"BIOHUB_RETENTION_GUARD {\"blended_candidates\": 169, \"dataset\": \"44b6_0b24845f\", \"frame\": 81, \"minimum_retention\": 0.9, \"primary_candidates\": 314, \"retention\": 0.5382165605095541, \"use_primary\": true}\n"}
,{"stream_name":"stdout","time":632.685747132,"data":"SECONDARY_EDGE_TTA_ACTIVE views= 8 weight= 0.75 mean_abs_feat_delta= 0.314898\n"}
,{"stream_name":"stdout","time":632.685814692,"data":"BIOHUB_RETENTION_GUARD {\"blended_candidates\": 169, \"dataset\": \"44b6_0b24845f\", \"frame\": 81, \"minimum_retention\": 0.9, \"primary_candidates\": 314, \"retention\": 0.5382165605095541, \"use_primary\": true}\n"}
,{"stream_name":"stdout","time":632.874361227,"data":"SECONDARY_EDGE_TTA_ACTIVE views= 8 weight= 0.75 mean_abs_feat_delta= 0.261693\n"}
,{"stream_name":"stdout","time":633.076722177,"data":"SECONDARY_EDGE_TTA_ACTIVE views= 8 weight= 0.75 mean_abs_feat_delta= 0.261693\n"}
,{"stream_name":"stdout","time":633.831755839,"data":"EDGE_TTA_ACTIVE views= 8 mean_abs_feat_delta= 0.390296\n"}
,{"stream_name":"stdout","time":634.034467636,"data":"EDGE_TTA_ACTIVE views= 8 mean_abs_feat_delta= 0.390296\n"}
,{"stream_name":"stdout","time":634.097956447,"data":"EDGE_TTA_ACTIVE views= 8 mean_abs_feat_delta= 0.345018\n"}
,{"stream_name":"stdout","time":634.300697209,"data":"EDGE_TTA_ACTIVE views= 8 mean_abs_feat_delta= 0.345018\n"}
,{"stream_name":"stdout","time":634.828764718,"data":"SECONDARY_EDGE_TTA_ACTIVE views= 8 weight= 0.75 mean_abs_feat_delta= 0.317806\n"}
,{"stream_name":"stdout","time":634.858888034,"data":"BIOHUB_RETENTION_GUARD {\"blended_candidates\": 151, \"dataset\": \"44b6_0b24845f\", \"frame\": 82, \"minimum_retention\": 0.9, \"primary_candidates\": 321, \"retention\": 0.470404984423676, \"use_primary\": true}\n"}
,{"stream_name":"stdout","time":635.032473717,"data":"SECONDARY_EDGE_TTA_ACTIVE views= 8 weight= 0.75 mean_abs_feat_delta= 0.317806\n"}
,{"stream_name":"stdout","time":635.032542594,"data":"BIOHUB_RETENTION_GUARD {\"blended_candidates\": 151, \"dataset\": \"44b6_0b24845f\", \"frame\": 82, \"minimum_retention\": 0.9, \"primary_candidates\": 321, \"retention\": 0.470404984423676, \"use_primary\": true}\n"}
,{"stream_name":"stdout","time":635.112032165,"data":"SECONDARY_EDGE_TTA_ACTIVE views= 8 weight= 0.75 mean_abs_feat_delta= 0.264586\n"}
,{"stream_name":"stdout","time":635.314701909,"data":"SECONDARY_EDGE_TTA_ACTIVE views= 8 weight= 0.75 mean_abs_feat_delta= 0.264586\n"}
,{"stream_name":"stdout","time":636.206711514,"data":"EDGE_TTA_ACTIVE views= 8 mean_abs_feat_delta= 0.385221\n"}
,{"stream_name":"stdout","time":636.334044288,"data":"EDGE_TTA_ACTIVE views= 8 mean_abs_feat_delta= 0.339492\n"}
,{"stream_name":"stdout","time":636.409585603,"data":"EDGE_TTA_ACTIVE views= 8 mean_abs_feat_delta= 0.385221\n"}
,{"stream_name":"stdout","time":636.409657002,"data":"EDGE_TTA_ACTIVE views= 8 mean_abs_feat_delta= 0.339492\n"}
,{"stream_name":"stdout","time":637.206730291,"data":"SECONDARY_EDGE_TTA_ACTIVE views= 8 weight= 0.75 mean_abs_feat_delta= 0.316994\n"}
,{"stream_name":"stdout","time":637.237102446,"data":"BIOHUB_RETENTION_GUARD {\"blended_candidates\": 115, \"dataset\": \"44b6_0b24845f\", \"frame\": 83, \"minimum_retention\": 0.9, \"primary_candidates\": 308, \"retention\": 0.37337662337662336, \"use_primary\": true}\n"}
,{"stream_name":"stdout","time":637.352400914,"data":"SECONDARY_EDGE_TTA_ACTIVE views= 8 weight= 0.75 mean_abs_feat_delta= 0.262994\n"}
,{"stream_name":"stdout","time":637.409351009,"data":"SECONDARY_EDGE_TTA_ACTIVE views= 8 weight= 0.75 mean_abs_feat_delta= 0.316994\n"}
,{"stream_name":"stdout","time":637.40950127,"data":"BIOHUB_RETENTION_GUARD {\"blended_candidates\": 115, \"dataset\": \"44b6_0b24845f\", \"frame\": 83, \"minimum_retention\": 0.9, \"primary_candidates\": 308, \"retention\": 0.37337662337662336, \"use_primary\": true}\n"}
,{"stream_name":"stdout","time":637.409512754,"data":"SECONDARY_EDGE_TTA_ACTIVE views= 8 weight= 0.75 mean_abs_feat_delta= 0.262994\n"}
,{"stream_name":"stdout","time":638.546100746,"data":"EDGE_TTA_ACTIVE views= 8 mean_abs_feat_delta= 0.38394\n"}
,{"stream_name":"stdout","time":638.563494243,"data":"EDGE_TTA_ACTIVE views= 8 mean_abs_feat_delta= 0.333718\n"}
,{"stream_name":"stdout","time":638.748746661,"data":"EDGE_TTA_ACTIVE views= 8 mean_abs_feat_delta= 0.38394\n"}
,{"stream_name":"stdout","time":638.748814273,"data":"EDGE_TTA_ACTIVE views= 8 mean_abs_feat_delta= 0.333718\n"}
,{"stream_name":"stdout","time":639.547898568,"data":"SECONDARY_EDGE_TTA_ACTIVE views= 8 weight= 0.75 mean_abs_feat_delta= 0.319654\n"}
,{"stream_name":"stdout","time":639.580387659,"data":"BIOHUB_RETENTION_GUARD {\"blended_candidates\": 125, \"dataset\": \"44b6_0b24845f\", \"frame\": 84, \"minimum_retention\": 0.9, \"primary_candidates\": 302, \"retention\": 0.4139072847682119, \"use_primary\": true}\n"}
,{"stream_name":"stdout","time":639.584845142,"data":"SECONDARY_EDGE_TTA_ACTIVE views= 8 weight= 0.75 mean_abs_feat_delta= 0.257147\n"}
,{"stream_name":"stdout","time":639.750033651,"data":"SECONDARY_EDGE_TTA_ACTIVE views= 8 weight= 0.75 mean_abs_feat_delta= 0.319654\n"}
,{"stream_name":"stdout","time":639.750092353,"data":"BIOHUB_RETENTION_GUARD {\"blended_candidates\": 125, \"dataset\": \"44b6_0b24845f\", \"frame\": 84, \"minimum_retention\": 0.9, \"primary_candidates\": 302, \"retention\": 0.4139072847682119, \"use_primary\": true}\n"}
,{"stream_name":"stdout","time":639.750099648,"data":"SECONDARY_EDGE_TTA_ACTIVE views= 8 weight= 0.75 mean_abs_feat_delta= 0.257147\n"}
,{"stream_name":"stdout","time":640.809369935,"data":"EDGE_TTA_ACTIVE views= 8 mean_abs_feat_delta= 0.334199\n"}
,{"stream_name":"stdout","time":640.920083553,"data":"EDGE_TTA_ACTIVE views= 8 mean_abs_feat_delta= 0.383879\n"}
,{"stream_name":"stdout","time":641.012821878,"data":"EDGE_TTA_ACTIVE views= 8 mean_abs_feat_delta= 0.334199\n"}
,{"stream_name":"stdout","time":641.012887334,"data":"EDGE_TTA_ACTIVE views= 8 mean_abs_feat_delta= 0.383879\n"}
,{"stream_name":"stdout","time":641.832264247,"data":"SECONDARY_EDGE_TTA_ACTIVE views= 8 weight= 0.75 mean_abs_feat_delta= 0.259374\n"}
,{"stream_name":"stdout","time":641.922525942,"data":"SECONDARY_EDGE_TTA_ACTIVE views= 8 weight= 0.75 mean_abs_feat_delta= 0.3207\n"}
,{"stream_name":"stdout","time":641.953333573,"data":"BIOHUB_RETENTION_GUARD {\"blended_candidates\": 119, \"dataset\": \"44b6_0b24845f\", \"frame\": 85, \"minimum_retention\": 0.9, \"primary_candidates\": 258, \"retention\": 0.46124031007751937, \"use_primary\": true}\n"}
,{"stream_name":"stdout","time":642.034741631,"data":"SECONDARY_EDGE_TTA_ACTIVE views= 8 weight= 0.75 mean_abs_feat_delta= 0.259374\n"}
,{"stream_name":"stdout","time":642.034781938,"data":"SECONDARY_EDGE_TTA_ACTIVE views= 8 weight= 0.75 mean_abs_feat_delta= 0.3207\n"}
,{"stream_name":"stdout","time":642.034817397,"data":"BIOHUB_RETENTION_GUARD {\"blended_candidates\": 119, \"dataset\": \"44b6_0b24845f\", \"frame\": 85, \"minimum_retention\": 0.9, \"primary_candidates\": 258, \"retention\": 0.46124031007751937, \"use_primary\": true}\n"}
,{"stream_name":"stdout","time":643.068995396,"data":"EDGE_TTA_ACTIVE views= 8 mean_abs_feat_delta= 0.338008\n"}
,{"stream_name":"stdout","time":643.257708292,"data":"EDGE_TTA_ACTIVE views= 8 mean_abs_feat_delta= 0.390394\n"}
,{"stream_name":"stdout","time":643.303259619,"data":"EDGE_TTA_ACTIVE views= 8 mean_abs_feat_delta= 0.338008\n"}
,{"stream_name":"stdout","time":643.30333442,"data":"EDGE_TTA_ACTIVE views= 8 mean_abs_feat_delta= 0.390394\n"}
,{"stream_name":"stdout","time":644.095197889,"data":"SECONDARY_EDGE_TTA_ACTIVE views= 8 weight= 0.75 mean_abs_feat_delta= 0.257413\n"}
,{"stream_name":"stdout","time":644.268327674,"data":"SECONDARY_EDGE_TTA_ACTIVE views= 8 weight= 0.75 mean_abs_feat_delta= 0.324922\n"}
,{"stream_name":"stdout","time":644.298402673,"data":"SECONDARY_EDGE_TTA_ACTIVE views= 8 weight= 0.75 mean_abs_feat_delta= 0.257413\n"}
,{"stream_name":"stdout","time":644.298436452,"data":"SECONDARY_EDGE_TTA_ACTIVE views= 8 weight= 0.75 mean_abs_feat_delta= 0.324922\n"}
,{"stream_name":"stdout","time":644.302563208,"data":"BIOHUB_RETENTION_GUARD {\"blended_candidates\": 83, \"dataset\": \"44b6_0b24845f\", \"frame\": 86, \"minimum_retention\": 0.9, \"primary_candidates\": 229, \"retention\": 0.3624454148471616, \"use_primary\": true}\n"}
,{"stream_name":"stdout","time":644.505399889,"data":"BIOHUB_RETENTION_GUARD {\"blended_candidates\": 83, \"dataset\": \"44b6_0b24845f\", \"frame\": 86, \"minimum_retention\": 0.9, \"primary_candidates\": 229, \"retention\": 0.3624454148471616, \"use_primary\": true}\n"}
,{"stream_name":"stdout","time":645.363851588,"data":"EDGE_TTA_ACTIVE views= 8 mean_abs_feat_delta= 0.338144\n"}
,{"stream_name":"stdout","time":645.566473039,"data":"EDGE_TTA_ACTIVE views= 8 mean_abs_feat_delta= 0.338144\n"}
,{"stream_name":"stdout","time":645.608820023,"data":"EDGE_TTA_ACTIVE views= 8 mean_abs_feat_delta= 0.37661\n"}
,{"stream_name":"stdout","time":645.811430998,"data":"EDGE_TTA_ACTIVE views= 8 mean_abs_feat_delta= 0.37661\n"}
,{"stream_name":"stdout","time":646.387170955,"data":"SECONDARY_EDGE_TTA_ACTIVE views= 8 weight= 0.75 mean_abs_feat_delta= 0.257555\n"}
,{"stream_name":"stdout","time":646.590499214,"data":"SECONDARY_EDGE_TTA_ACTIVE views= 8 weight= 0.75 mean_abs_feat_delta= 0.257555\n"}
,{"stream_name":"stdout","time":646.620660107,"data":"SECONDARY_EDGE_TTA_ACTIVE views= 8 weight= 0.75 mean_abs_feat_delta= 0.32623\n"}
,{"stream_name":"stdout","time":646.657978413,"data":"BIOHUB_RETENTION_GUARD {\"blended_candidates\": 126, \"dataset\": \"44b6_0b24845f\", \"frame\": 87, \"minimum_retention\": 0.9, \"primary_candidates\": 270, \"retention\": 0.4666666666666667, \"use_primary\": true}\n"}
,{"stream_name":"stdout","time":646.823513614,"data":"SECONDARY_EDGE_TTA_ACTIVE views= 8 weight= 0.75 mean_abs_feat_delta= 0.32623\n"}
,{"stream_name":"stdout","time":646.823562807,"data":"BIOHUB_RETENTION_GUARD {\"blended_candidates\": 126, \"dataset\": \"44b6_0b24845f\", \"frame\": 87, \"minimum_retention\": 0.9, \"primary_candidates\": 270, \"retention\": 0.4666666666666667, \"use_primary\": true}\n"}
,{"stream_name":"stdout","time":647.628258807,"data":"EDGE_TTA_ACTIVE views= 8 mean_abs_feat_delta= 0.336404\n"}
,{"stream_name":"stdout","time":647.831042949,"data":"EDGE_TTA_ACTIVE views= 8 mean_abs_feat_delta= 0.336404\n"}
,{"stream_name":"stdout","time":647.977275526,"data":"EDGE_TTA_ACTIVE views= 8 mean_abs_feat_delta= 0.385441\n"}
,{"stream_name":"stdout","time":648.179918022,"data":"EDGE_TTA_ACTIVE views= 8 mean_abs_feat_delta= 0.385441\n"}
,{"stream_name":"stdout","time":648.658170214,"data":"SECONDARY_EDGE_TTA_ACTIVE views= 8 weight= 0.75 mean_abs_feat_delta= 0.253368\n"}
,{"stream_name":"stdout","time":648.860667629,"data":"SECONDARY_EDGE_TTA_ACTIVE views= 8 weight= 0.75 mean_abs_feat_delta= 0.253368\n"}
,{"stream_name":"stdout","time":648.991331805,"data":"SECONDARY_EDGE_TTA_ACTIVE views= 8 weight= 0.75 mean_abs_feat_delta= 0.328865\n"}
,{"stream_name":"stdout","time":649.019434963,"data":"BIOHUB_RETENTION_GUARD {\"blended_candidates\": 164, \"dataset\": \"44b6_0b24845f\", \"frame\": 88, \"minimum_retention\": 0.9, \"primary_candidates\": 288, \"retention\": 0.5694444444444444, \"use_primary\": true}\n"}
,{"stream_name":"stdout","time":649.19462284,"data":"SECONDARY_EDGE_TTA_ACTIVE views= 8 weight= 0.75 mean_abs_feat_delta= 0.328865\n"}
,{"stream_name":"stdout","time":649.194680166,"data":"BIOHUB_RETENTION_GUARD {\"blended_candidates\": 164, \"dataset\": \"44b6_0b24845f\", \"frame\": 88, \"minimum_retention\": 0.9, \"primary_candidates\": 288, \"retention\": 0.5694444444444444, \"use_primary\": true}\n"}
,{"stream_name":"stdout","time":649.878508856,"data":"EDGE_TTA_ACTIVE views= 8 mean_abs_feat_delta= 0.336923\n"}
,{"stream_name":"stdout","time":650.081623421,"data":"EDGE_TTA_ACTIVE views= 8 mean_abs_feat_delta= 0.336923\n"}
,{"stream_name":"stdout","time":650.315083493,"data":"EDGE_TTA_ACTIVE views= 8 mean_abs_feat_delta= 0.40014\n"}
,{"stream_name":"stdout","time":650.517718517,"data":"EDGE_TTA_ACTIVE views= 8 mean_abs_feat_delta= 0.40014\n"}
,{"stream_name":"stdout","time":650.908405057,"data":"SECONDARY_EDGE_TTA_ACTIVE views= 8 weight= 0.75 mean_abs_feat_delta= 0.253968\n"}
,{"stream_name":"stdout","time":651.111239098,"data":"SECONDARY_EDGE_TTA_ACTIVE views= 8 weight= 0.75 mean_abs_feat_delta= 0.253968\n"}
,{"stream_name":"stdout","time":651.327761036,"data":"SECONDARY_EDGE_TTA_ACTIVE views= 8 weight= 0.75 mean_abs_feat_delta= 0.328742\n"}
,{"stream_name":"stdout","time":651.357331251,"data":"BIOHUB_RETENTION_GUARD {\"blended_candidates\": 119, \"dataset\": \"44b6_0b24845f\", \"frame\": 89, \"minimum_retention\": 0.9, \"primary_candidates\": 267, \"retention\": 0.44569288389513106, \"use_primary\": true}\n"}
,{"stream_name":"stdout","time":651.530307299,"data":"SECONDARY_EDGE_TTA_ACTIVE views= 8 weight= 0.75 mean_abs_feat_delta= 0.328742\n"}
,{"stream_name":"stdout","time":651.530342091,"data":"BIOHUB_RETENTION_GUARD {\"blended_candidates\": 119, \"dataset\": \"44b6_0b24845f\", \"frame\": 89, \"minimum_retention\": 0.9, \"primary_candidates\": 267, \"retention\": 0.44569288389513106, \"use_primary\": true}\n"}
,{"stream_name":"stdout","time":652.15356255,"data":"EDGE_TTA_ACTIVE views= 8 mean_abs_feat_delta= 0.340204\n"}
,{"stream_name":"stdout","time":652.35652937,"data":"EDGE_TTA_ACTIVE views= 8 mean_abs_feat_delta= 0.340204\n"}
,{"stream_name":"stdout","time":652.623166218,"data":"EDGE_TTA_ACTIVE views= 8 mean_abs_feat_delta= 0.394903\n"}
,{"stream_name":"stdout","time":652.825853006,"data":"EDGE_TTA_ACTIVE views= 8 mean_abs_feat_delta= 0.394903\n"}
,{"stream_name":"stdout","time":653.185023037,"data":"SECONDARY_EDGE_TTA_ACTIVE views= 8 weight= 0.75 mean_abs_feat_delta= 0.25869\n"}
,{"stream_name":"stdout","time":653.387881265,"data":"SECONDARY_EDGE_TTA_ACTIVE views= 8 weight= 0.75 mean_abs_feat_delta= 0.25869\n"}
,{"stream_name":"stdout","time":653.637811049,"data":"SECONDARY_EDGE_TTA_ACTIVE views= 8 weight= 0.75 mean_abs_feat_delta= 0.32404\n"}
,{"stream_name":"stdout","time":653.669582812,"data":"BIOHUB_RETENTION_GUARD {\"blended_candidates\": 83, \"dataset\": \"44b6_0b24845f\", \"frame\": 90, \"minimum_retention\": 0.9, \"primary_candidates\": 210, \"retention\": 0.3952380952380952, \"use_primary\": true}\n"}
,{"stream_name":"stdout","time":653.840239171,"data":"SECONDARY_EDGE_TTA_ACTIVE views= 8 weight= 0.75 mean_abs_feat_delta= 0.32404\n"}
,{"stream_name":"stdout","time":653.840284346,"data":"BIOHUB_RETENTION_GUARD {\"blended_candidates\": 83, \"dataset\": \"44b6_0b24845f\", \"frame\": 90, \"minimum_retention\": 0.9, \"primary_candidates\": 210, \"retention\": 0.3952380952380952, \"use_primary\": true}\n"}
,{"stream_name":"stdout","time":654.435870279,"data":"EDGE_TTA_ACTIVE views= 8 mean_abs_feat_delta= 0.343273\n"}
,{"stream_name":"stdout","time":654.638319911,"data":"EDGE_TTA_ACTIVE views= 8 mean_abs_feat_delta= 0.343273\n"}
,{"stream_name":"stdout","time":654.984427007,"data":"EDGE_TTA_ACTIVE views= 8 mean_abs_feat_delta= 0.395464\n"}
,{"stream_name":"stdout","time":655.1873963,"data":"EDGE_TTA_ACTIVE views= 8 mean_abs_feat_delta= 0.395464\n"}
,{"stream_name":"stdout","time":655.469674528,"data":"SECONDARY_EDGE_TTA_ACTIVE views= 8 weight= 0.75 mean_abs_feat_delta= 0.249107\n"}
,{"stream_name":"stdout","time":655.672411387,"data":"SECONDARY_EDGE_TTA_ACTIVE views= 8 weight= 0.75 mean_abs_feat_delta= 0.249107\n"}
,{"stream_name":"stdout","time":655.99893436,"data":"SECONDARY_EDGE_TTA_ACTIVE views= 8 weight= 0.75 mean_abs_feat_delta= 0.321632\n"}
,{"stream_name":"stdout","time":656.028745923,"data":"BIOHUB_RETENTION_GUARD {\"blended_candidates\": 81, \"dataset\": \"44b6_0b24845f\", \"frame\": 91, \"minimum_retention\": 0.9, \"primary_candidates\": 206, \"retention\": 0.3932038834951456, \"use_primary\": true}\n"}
,{"stream_name":"stdout","time":656.201678259,"data":"SECONDARY_EDGE_TTA_ACTIVE views= 8 weight= 0.75 mean_abs_feat_delta= 0.321632\n"}
,{"stream_name":"stdout","time":656.201721844,"data":"BIOHUB_RETENTION_GUARD {\"blended_candidates\": 81, \"dataset\": \"44b6_0b24845f\", \"frame\": 91, \"minimum_retention\": 0.9, \"primary_candidates\": 206, \"retention\": 0.3932038834951456, \"use_primary\": true}\n"}
,{"stream_name":"stdout","time":656.730955468,"data":"EDGE_TTA_ACTIVE views= 8 mean_abs_feat_delta= 0.340039\n"}
,{"stream_name":"stdout","time":656.933475324,"data":"EDGE_TTA_ACTIVE views= 8 mean_abs_feat_delta= 0.340039\n"}
,{"stream_name":"stdout","time":657.308191699,"data":"EDGE_TTA_ACTIVE views= 8 mean_abs_feat_delta= 0.401657\n"}
,{"stream_name":"stdout","time":657.510969944,"data":"EDGE_TTA_ACTIVE views= 8 mean_abs_feat_delta= 0.401657\n"}
,{"stream_name":"stdout","time":657.762033153,"data":"SECONDARY_EDGE_TTA_ACTIVE views= 8 weight= 0.75 mean_abs_feat_delta= 0.250998\n"}
,{"stream_name":"stdout","time":657.964977373,"data":"SECONDARY_EDGE_TTA_ACTIVE views= 8 weight= 0.75 mean_abs_feat_delta= 0.250998\n"}
,{"stream_name":"stdout","time":658.321905254,"data":"SECONDARY_EDGE_TTA_ACTIVE views= 8 weight= 0.75 mean_abs_feat_delta= 0.328035\n"}
,{"stream_name":"stdout","time":658.355603334,"data":"BIOHUB_RETENTION_GUARD {\"blended_candidates\": 85, \"dataset\": \"44b6_0b24845f\", \"frame\": 92, \"minimum_retention\": 0.9, \"primary_candidates\": 226, \"retention\": 0.37610619469026546, \"use_primary\": true}\n"}
,{"stream_name":"stdout","time":658.524570563,"data":"SECONDARY_EDGE_TTA_ACTIVE views= 8 weight= 0.75 mean_abs_feat_delta= 0.328035\n"}
,{"stream_name":"stdout","time":658.524633999,"data":"BIOHUB_RETENTION_GUARD {\"blended_candidates\": 85, \"dataset\": \"44b6_0b24845f\", \"frame\": 92, \"minimum_retention\": 0.9, \"primary_candidates\": 226, \"retention\": 0.37610619469026546, \"use_primary\": true}\n"}
,{"stream_name":"stdout","time":659.040661264,"data":"EDGE_TTA_ACTIVE views= 8 mean_abs_feat_delta= 0.338922\n"}
,{"stream_name":"stdout","time":659.243370297,"data":"EDGE_TTA_ACTIVE views= 8 mean_abs_feat_delta= 0.338922\n"}
,{"stream_name":"stdout","time":659.68479265,"data":"EDGE_TTA_ACTIVE views= 8 mean_abs_feat_delta= 0.403263\n"}
,{"stream_name":"stdout","time":659.887870659,"data":"EDGE_TTA_ACTIVE views= 8 mean_abs_feat_delta= 0.403263\n"}
,{"stream_name":"stdout","time":660.075468515,"data":"SECONDARY_EDGE_TTA_ACTIVE views= 8 weight= 0.75 mean_abs_feat_delta= 0.249091\n"}
,{"stream_name":"stdout","time":660.278099418,"data":"SECONDARY_EDGE_TTA_ACTIVE views= 8 weight= 0.75 mean_abs_feat_delta= 0.249091\n"}
,{"stream_name":"stdout","time":660.702951226,"data":"SECONDARY_EDGE_TTA_ACTIVE views= 8 weight= 0.75 mean_abs_feat_delta= 0.323842\n"}
,{"stream_name":"stdout","time":660.734007248,"data":"BIOHUB_RETENTION_GUARD {\"blended_candidates\": 56, \"dataset\": \"44b6_0b24845f\", \"frame\": 93, \"minimum_retention\": 0.9, \"primary_candidates\": 192, \"retention\": 0.2916666666666667, \"use_primary\": true}\n"}
,{"stream_name":"stdout","time":660.905547167,"data":"SECONDARY_EDGE_TTA_ACTIVE views= 8 weight= 0.75 mean_abs_feat_delta= 0.323842\n"}
,{"stream_name":"stdout","time":660.905586747,"data":"BIOHUB_RETENTION_GUARD {\"blended_candidates\": 56, \"dataset\": \"44b6_0b24845f\", \"frame\": 93, \"minimum_retention\": 0.9, \"primary_candidates\": 192, \"retention\": 0.2916666666666667, \"use_primary\": true}\n"}
,{"stream_name":"stdout","time":661.319935393,"data":"EDGE_TTA_ACTIVE views= 8 mean_abs_feat_delta= 0.342488\n"}
,{"stream_name":"stdout","time":661.522985125,"data":"EDGE_TTA_ACTIVE views= 8 mean_abs_feat_delta= 0.342488\n"}
,{"stream_name":"stdout","time":662.048279334,"data":"EDGE_TTA_ACTIVE views= 8 mean_abs_feat_delta= 0.393166\n"}
,{"stream_name":"stdout","time":662.251283439,"data":"EDGE_TTA_ACTIVE views= 8 mean_abs_feat_delta= 0.393166\n"}
,{"stream_name":"stdout","time":662.35450017,"data":"SECONDARY_EDGE_TTA_ACTIVE views= 8 weight= 0.75 mean_abs_feat_delta= 0.25058\n"}
,{"stream_name":"stdout","time":662.556683403,"data":"SECONDARY_EDGE_TTA_ACTIVE views= 8 weight= 0.75 mean_abs_feat_delta= 0.25058\n"}
,{"stream_name":"stdout","time":663.061112064,"data":"SECONDARY_EDGE_TTA_ACTIVE views= 8 weight= 0.75 mean_abs_feat_delta= 0.323674\n"}
,{"stream_name":"stdout","time":663.091257292,"data":"BIOHUB_RETENTION_GUARD {\"blended_candidates\": 77, \"dataset\": \"44b6_0b24845f\", \"frame\": 94, \"minimum_retention\": 0.9, \"primary_candidates\": 231, \"retention\": 0.3333333333333333, \"use_primary\": true}\n"}
,{"stream_name":"stdout","time":663.263326945,"data":"SECONDARY_EDGE_TTA_ACTIVE views= 8 weight= 0.75 mean_abs_feat_delta= 0.323674\n"}
,{"stream_name":"stdout","time":663.263362688,"data":"BIOHUB_RETENTION_GUARD {\"blended_candidates\": 77, \"dataset\": \"44b6_0b24845f\", \"frame\": 94, \"minimum_retention\": 0.9, \"primary_candidates\": 231, \"retention\": 0.3333333333333333, \"use_primary\": true}\n"}
,{"stream_name":"stdout","time":663.580347683,"data":"EDGE_TTA_ACTIVE views= 8 mean_abs_feat_delta= 0.341683\n"}
,{"stream_name":"stdout","time":663.783080472,"data":"EDGE_TTA_ACTIVE views= 8 mean_abs_feat_delta= 0.341683\n"}
,{"stream_name":"stdout","time":664.396854267,"data":"EDGE_TTA_ACTIVE views= 8 mean_abs_feat_delta= 0.399205\n"}
,{"stream_name":"stdout","time":664.599726909,"data":"EDGE_TTA_ACTIVE views= 8 mean_abs_feat_delta= 0.399205\n"}
,{"stream_name":"stdout","time":664.616366038,"data":"SECONDARY_EDGE_TTA_ACTIVE views= 8 weight= 0.75 mean_abs_feat_delta= 0.25428\n"}
,{"stream_name":"stdout","time":664.818952999,"data":"SECONDARY_EDGE_TTA_ACTIVE views= 8 weight= 0.75 mean_abs_feat_delta= 0.25428\n"}
,{"stream_name":"stdout","time":665.411674114,"data":"SECONDARY_EDGE_TTA_ACTIVE views= 8 weight= 0.75 mean_abs_feat_delta= 0.327019\n"}
,{"stream_name":"stdout","time":665.442751166,"data":"BIOHUB_RETENTION_GUARD {\"blended_candidates\": 70, \"dataset\": \"44b6_0b24845f\", \"frame\": 95, \"minimum_retention\": 0.9, \"primary_candidates\": 228, \"retention\": 0.30701754385964913, \"use_primary\": true}\n"}
,{"stream_name":"stdout","time":665.614969452,"data":"SECONDARY_EDGE_TTA_ACTIVE views= 8 weight= 0.75 mean_abs_feat_delta= 0.327019\n"}
,{"stream_name":"stdout","time":665.615016888,"data":"BIOHUB_RETENTION_GUARD {\"blended_candidates\": 70, \"dataset\": \"44b6_0b24845f\", \"frame\": 95, \"minimum_retention\": 0.9, \"primary_candidates\": 228, \"retention\": 0.30701754385964913, \"use_primary\": true}\n"}
,{"stream_name":"stdout","time":666.741658797,"data":"EDGE_TTA_ACTIVE views= 8 mean_abs_feat_delta= 0.401824\n"}
,{"stream_name":"stdout","time":666.948277687,"data":"EDGE_TTA_ACTIVE views= 8 mean_abs_feat_delta= 0.401824\n"}
,{"stream_name":"stdout","time":667.75832144,"data":"SECONDARY_EDGE_TTA_ACTIVE views= 8 weight= 0.75 mean_abs_feat_delta= 0.329644\n"}
,{"stream_name":"stdout","time":667.811894271,"data":"BIOHUB_RETENTION_GUARD {\"blended_candidates\": 49, \"dataset\": \"44b6_0b24845f\", \"frame\": 96, \"minimum_retention\": 0.9, \"primary_candidates\": 229, \"retention\": 0.21397379912663755, \"use_primary\": true}\n"}
,{"stream_name":"stdout","time":667.960934356,"data":"SECONDARY_EDGE_TTA_ACTIVE views= 8 weight= 0.75 mean_abs_feat_delta= 0.329644\n"}
,{"stream_name":"stdout","time":667.960974628,"data":"BIOHUB_RETENTION_GUARD {\"blended_candidates\": 49, \"dataset\": \"44b6_0b24845f\", \"frame\": 96, \"minimum_retention\": 0.9, \"primary_candidates\": 229, \"retention\": 0.21397379912663755, \"use_primary\": true}\n"}
,{"stream_name":"stdout","time":669.280774383,"data":"EDGE_TTA_ACTIVE views= 8 mean_abs_feat_delta= 0.385932\n"}
,{"stream_name":"stdout","time":669.484584534,"data":"EDGE_TTA_ACTIVE views= 8 mean_abs_feat_delta= 0.385932\n"}
,{"stream_name":"stdout","time":670.292541767,"data":"SECONDARY_EDGE_TTA_ACTIVE views= 8 weight= 0.75 mean_abs_feat_delta= 0.331564\n"}
,{"stream_name":"stdout","time":670.346783631,"data":"BIOHUB_RETENTION_GUARD {\"blended_candidates\": 80, \"dataset\": \"44b6_0b24845f\", \"frame\": 97, \"minimum_retention\": 0.9, \"primary_candidates\": 276, \"retention\": 0.2898550724637681, \"use_primary\": true}\n"}
,{"stream_name":"stdout","time":670.495466103,"data":"SECONDARY_EDGE_TTA_ACTIVE views= 8 weight= 0.75 mean_abs_feat_delta= 0.331564\n"}
,{"stream_name":"stdout","time":670.49550905,"data":"BIOHUB_RETENTION_GUARD {\"blended_candidates\": 80, \"dataset\": \"44b6_0b24845f\", \"frame\": 97, \"minimum_retention\": 0.9, \"primary_candidates\": 276, \"retention\": 0.2898550724637681, \"use_primary\": true}\n"}
,{"stream_name":"stdout","time":671.853939625,"data":"EDGE_TTA_ACTIVE views= 8 mean_abs_feat_delta= 0.389874\n"}
,{"stream_name":"stdout","time":672.057368074,"data":"EDGE_TTA_ACTIVE views= 8 mean_abs_feat_delta= 0.389874\n"}
,{"stream_name":"stdout","time":672.870503339,"data":"SECONDARY_EDGE_TTA_ACTIVE views= 8 weight= 0.75 mean_abs_feat_delta= 0.336267\n"}
,{"stream_name":"stdout","time":672.936793068,"data":"BIOHUB_RETENTION_GUARD {\"blended_candidates\": 88, \"dataset\": \"44b6_0b24845f\", \"frame\": 98, \"minimum_retention\": 0.9, \"primary_candidates\": 250, \"retention\": 0.352, \"use_primary\": true}\n"}
,{"stream_name":"stdout","time":673.072896487,"data":"SECONDARY_EDGE_TTA_ACTIVE views= 8 weight= 0.75 mean_abs_feat_delta= 0.336267\n"}
,{"stream_name":"stdout","time":673.072946455,"data":"BIOHUB_RETENTION_GUARD {\"blended_candidates\": 88, \"dataset\": \"44b6_0b24845f\", \"frame\": 98, \"minimum_retention\": 0.9, \"primary_candidates\": 250, \"retention\": 0.352, \"use_primary\": true}\n"}
,{"stream_name":"stdout","time":674.42558244,"data":"EDGE_TTA_ACTIVE views= 8 mean_abs_feat_delta= 0.399851\n"}
,{"stream_name":"stdout","time":674.660686445,"data":"EDGE_TTA_ACTIVE views= 8 mean_abs_feat_delta= 0.399851\n"}
,{"stream_name":"stdout","time":675.438974253,"data":"SECONDARY_EDGE_TTA_ACTIVE views= 8 weight= 0.75 mean_abs_feat_delta= 0.33146\n"}
,{"stream_name":"stdout","time":675.479432115,"data":"BIOHUB_RETENTION_GUARD {\"blended_candidates\": 58, \"dataset\": \"44b6_0b24845f\", \"frame\": 99, \"minimum_retention\": 0.9, \"primary_candidates\": 201, \"retention\": 0.2885572139303483, \"use_primary\": true}\n"}
,{"stream_name":"stdout","time":675.64254278,"data":"SECONDARY_EDGE_TTA_ACTIVE views= 8 weight= 0.75 mean_abs_feat_delta= 0.33146\n"}
,{"stream_name":"stdout","time":675.64258138,"data":"BIOHUB_RETENTION_GUARD {\"blended_candidates\": 58, \"dataset\": \"44b6_0b24845f\", \"frame\": 99, \"minimum_retention\": 0.9, \"primary_candidates\": 201, \"retention\": 0.2885572139303483, \"use_primary\": true}\n"}
,{"stream_name":"stdout","time":697.805024265,"data":"EDGE_TTA_ACTIVE views= 8 mean_abs_feat_delta= 0.336227\n"}
,{"stream_name":"stdout","time":697.973522475,"data":"EDGE_TTA_ACTIVE views= 8 mean_abs_feat_delta= 0.353265\n"}
,{"stream_name":"stdout","time":698.007830856,"data":"EDGE_TTA_ACTIVE views= 8 mean_abs_feat_delta= 0.336227\n"}
,{"stream_name":"stdout","time":698.007873413,"data":"EDGE_TTA_ACTIVE views= 8 mean_abs_feat_delta= 0.353265\n"}
,{"stream_name":"stdout","time":698.78508554,"data":"SECONDARY_EDGE_TTA_ACTIVE views= 8 weight= 0.75 mean_abs_feat_delta= 0.228017\n"}
,{"stream_name":"stdout","time":698.957736859,"data":"SECONDARY_EDGE_TTA_ACTIVE views= 8 weight= 0.75 mean_abs_feat_delta= 0.229197\n"}
,{"stream_name":"stdout","time":698.988425155,"data":"SECONDARY_EDGE_TTA_ACTIVE views= 8 weight= 0.75 mean_abs_feat_delta= 0.228017\n"}
,{"stream_name":"stdout","time":698.988475599,"data":"SECONDARY_EDGE_TTA_ACTIVE views= 8 weight= 0.75 mean_abs_feat_delta= 0.229197\n"}
,{"stream_name":"stdout","time":700.162079226,"data":"EDGE_TTA_ACTIVE views= 8 mean_abs_feat_delta= 0.356556\n"}
,{"stream_name":"stdout","time":700.364700997,"data":"EDGE_TTA_ACTIVE views= 8 mean_abs_feat_delta= 0.356556\n"}
,{"stream_name":"stdout","time":700.441625886,"data":"EDGE_TTA_ACTIVE views= 8 mean_abs_feat_delta= 0.336449\n"}
,{"stream_name":"stdout","time":700.643832148,"data":"EDGE_TTA_ACTIVE views= 8 mean_abs_feat_delta= 0.336449\n"}
,{"stream_name":"stdout","time":701.156735408,"data":"SECONDARY_EDGE_TTA_ACTIVE views= 8 weight= 0.75 mean_abs_feat_delta= 0.228531\n"}
,{"stream_name":"stdout","time":701.360168548,"data":"SECONDARY_EDGE_TTA_ACTIVE views= 8 weight= 0.75 mean_abs_feat_delta= 0.228531\n"}
,{"stream_name":"stdout","time":701.418453717,"data":"SECONDARY_EDGE_TTA_ACTIVE views= 8 weight= 0.75 mean_abs_feat_delta= 0.229538\n"}
,{"stream_name":"stdout","time":701.621246745,"data":"SECONDARY_EDGE_TTA_ACTIVE views= 8 weight= 0.75 mean_abs_feat_delta= 0.229538\n"}
,{"stream_name":"stdout","time":702.376382278,"data":"EDGE_TTA_ACTIVE views= 8 mean_abs_feat_delta= 0.359353\n"}
,{"stream_name":"stdout","time":702.579122554,"data":"EDGE_TTA_ACTIVE views= 8 mean_abs_feat_delta= 0.359353\n"}
,{"stream_name":"stdout","time":703.052419613,"data":"EDGE_TTA_ACTIVE views= 8 mean_abs_feat_delta= 0.334867\n"}
,{"stream_name":"stdout","time":703.255263998,"data":"EDGE_TTA_ACTIVE views= 8 mean_abs_feat_delta= 0.334867\n"}
,{"stream_name":"stdout","time":703.370527813,"data":"SECONDARY_EDGE_TTA_ACTIVE views= 8 weight= 0.75 mean_abs_feat_delta= 0.232233\n"}
,{"stream_name":"stdout","time":703.572813063,"data":"SECONDARY_EDGE_TTA_ACTIVE views= 8 weight= 0.75 mean_abs_feat_delta= 0.232233\n"}
,{"stream_name":"stdout","time":704.044034712,"data":"SECONDARY_EDGE_TTA_ACTIVE views= 8 weight= 0.75 mean_abs_feat_delta= 0.229701\n"}
,{"stream_name":"stdout","time":704.247034924,"data":"SECONDARY_EDGE_TTA_ACTIVE views= 8 weight= 0.75 mean_abs_feat_delta= 0.229701\n"}
,{"stream_name":"stdout","time":704.506507787,"data":"EDGE_TTA_ACTIVE views= 8 mean_abs_feat_delta= 0.361838\n"}
,{"stream_name":"stdout","time":704.747236842,"data":"EDGE_TTA_ACTIVE views= 8 mean_abs_feat_delta= 0.361838\n"}
,{"stream_name":"stdout","time":705.501238397,"data":"SECONDARY_EDGE_TTA_ACTIVE views= 8 weight= 0.75 mean_abs_feat_delta= 0.231136\n"}
,{"stream_name":"stdout","time":705.586930662,"data":"EDGE_TTA_ACTIVE views= 8 mean_abs_feat_delta= 0.332302\n"}
,{"stream_name":"stdout","time":705.704997711,"data":"SECONDARY_EDGE_TTA_ACTIVE views= 8 weight= 0.75 mean_abs_feat_delta= 0.231136\n"}
,{"stream_name":"stdout","time":705.705083357,"data":"EDGE_TTA_ACTIVE views= 8 mean_abs_feat_delta= 0.332302\n"}
,{"stream_name":"stdout","time":706.58134819,"data":"SECONDARY_EDGE_TTA_ACTIVE views= 8 weight= 0.75 mean_abs_feat_delta= 0.231014\n"}
,{"stream_name":"stdout","time":706.663996667,"data":"EDGE_TTA_ACTIVE views= 8 mean_abs_feat_delta= 0.349332\n"}
,{"stream_name":"stdout","time":706.785130348,"data":"SECONDARY_EDGE_TTA_ACTIVE views= 8 weight= 0.75 mean_abs_feat_delta= 0.231014\n"}
,{"stream_name":"stdout","time":706.785173655,"data":"EDGE_TTA_ACTIVE views= 8 mean_abs_feat_delta= 0.349332\n"}
,{"stream_name":"stdout","time":707.666851596,"data":"SECONDARY_EDGE_TTA_ACTIVE views= 8 weight= 0.75 mean_abs_feat_delta= 0.237962\n"}
,{"stream_name":"stdout","time":707.870166411,"data":"SECONDARY_EDGE_TTA_ACTIVE views= 8 weight= 0.75 mean_abs_feat_delta= 0.237962\n"}
,{"stream_name":"stdout","time":708.192128598,"data":"EDGE_TTA_ACTIVE views= 8 mean_abs_feat_delta= 0.335289\n"}
,{"stream_name":"stdout","time":708.39479887,"data":"EDGE_TTA_ACTIVE views= 8 mean_abs_feat_delta= 0.335289\n"}
,{"stream_name":"stdout","time":708.844785424,"data":"EDGE_TTA_ACTIVE views= 8 mean_abs_feat_delta= 0.36765\n"}
,{"stream_name":"stdout","time":709.046828529,"data":"EDGE_TTA_ACTIVE views= 8 mean_abs_feat_delta= 0.36765\n"}
,{"stream_name":"stdout","time":709.197779329,"data":"SECONDARY_EDGE_TTA_ACTIVE views= 8 weight= 0.75 mean_abs_feat_delta= 0.228785\n"}
,{"stream_name":"stdout","time":709.400711265,"data":"SECONDARY_EDGE_TTA_ACTIVE views= 8 weight= 0.75 mean_abs_feat_delta= 0.228785\n"}
,{"stream_name":"stdout","time":709.853910961,"data":"SECONDARY_EDGE_TTA_ACTIVE views= 8 weight= 0.75 mean_abs_feat_delta= 0.23324\n"}
,{"stream_name":"stdout","time":710.056807705,"data":"SECONDARY_EDGE_TTA_ACTIVE views= 8 weight= 0.75 mean_abs_feat_delta= 0.23324\n"}
,{"stream_name":"stdout","time":710.772100283,"data":"EDGE_TTA_ACTIVE views= 8 mean_abs_feat_delta= 0.333404\n"}
,{"stream_name":"stdout","time":710.974766262,"data":"EDGE_TTA_ACTIVE views= 8 mean_abs_feat_delta= 0.333404\n"}
,{"stream_name":"stdout","time":711.053729815,"data":"EDGE_TTA_ACTIVE views= 8 mean_abs_feat_delta= 0.37095\n"}
,{"stream_name":"stdout","time":711.256501107,"data":"EDGE_TTA_ACTIVE views= 8 mean_abs_feat_delta= 0.37095\n"}
,{"stream_name":"stdout","time":711.786056431,"data":"SECONDARY_EDGE_TTA_ACTIVE views= 8 weight= 0.75 mean_abs_feat_delta= 0.226638\n"}
,{"stream_name":"stdout","time":711.98906324,"data":"SECONDARY_EDGE_TTA_ACTIVE views= 8 weight= 0.75 mean_abs_feat_delta= 0.226638\n"}
,{"stream_name":"stdout","time":712.068157295,"data":"SECONDARY_EDGE_TTA_ACTIVE views= 8 weight= 0.75 mean_abs_feat_delta= 0.233703\n"}
,{"stream_name":"stdout","time":712.271355231,"data":"SECONDARY_EDGE_TTA_ACTIVE views= 8 weight= 0.75 mean_abs_feat_delta= 0.233703\n"}
,{"stream_name":"stdout","time":713.259980873,"data":"EDGE_TTA_ACTIVE views= 8 mean_abs_feat_delta= 0.362298\n"}
,{"stream_name":"stdout","time":713.398849962,"data":"EDGE_TTA_ACTIVE views= 8 mean_abs_feat_delta= 0.332888\n"}
,{"stream_name":"stdout","time":713.462635847,"data":"EDGE_TTA_ACTIVE views= 8 mean_abs_feat_delta= 0.362298\n"}
,{"stream_name":"stdout","time":713.462675096,"data":"EDGE_TTA_ACTIVE views= 8 mean_abs_feat_delta= 0.332888\n"}
,{"stream_name":"stdout","time":714.279142417,"data":"SECONDARY_EDGE_TTA_ACTIVE views= 8 weight= 0.75 mean_abs_feat_delta= 0.23047\n"}
,{"stream_name":"stdout","time":714.41784428,"data":"SECONDARY_EDGE_TTA_ACTIVE views= 8 weight= 0.75 mean_abs_feat_delta= 0.230415\n"}
,{"stream_name":"stdout","time":714.481929113,"data":"SECONDARY_EDGE_TTA_ACTIVE views= 8 weight= 0.75 mean_abs_feat_delta= 0.23047\n"}
,{"stream_name":"stdout","time":714.481963542,"data":"SECONDARY_EDGE_TTA_ACTIVE views= 8 weight= 0.75 mean_abs_feat_delta= 0.230415\n"}
,{"stream_name":"stdout","time":715.476144895,"data":"EDGE_TTA_ACTIVE views= 8 mean_abs_feat_delta= 0.357762\n"}
,{"stream_name":"stdout","time":715.678779878,"data":"EDGE_TTA_ACTIVE views= 8 mean_abs_feat_delta= 0.357762\n"}
,{"stream_name":"stdout","time":716.018357186,"data":"EDGE_TTA_ACTIVE views= 8 mean_abs_feat_delta= 0.332287\n"}
,{"stream_name":"stdout","time":716.22114682,"data":"EDGE_TTA_ACTIVE views= 8 mean_abs_feat_delta= 0.332287\n"}
,{"stream_name":"stdout","time":716.50218814,"data":"SECONDARY_EDGE_TTA_ACTIVE views= 8 weight= 0.75 mean_abs_feat_delta= 0.222866\n"}
,{"stream_name":"stdout","time":716.704924587,"data":"SECONDARY_EDGE_TTA_ACTIVE views= 8 weight= 0.75 mean_abs_feat_delta= 0.222866\n"}
,{"stream_name":"stdout","time":717.049717855,"data":"SECONDARY_EDGE_TTA_ACTIVE views= 8 weight= 0.75 mean_abs_feat_delta= 0.225989\n"}
,{"stream_name":"stdout","time":717.252067708,"data":"SECONDARY_EDGE_TTA_ACTIVE views= 8 weight= 0.75 mean_abs_feat_delta= 0.225989\n"}
,{"stream_name":"stdout","time":717.729903776,"data":"EDGE_TTA_ACTIVE views= 8 mean_abs_feat_delta= 0.360193\n"}
,{"stream_name":"stdout","time":717.932602617,"data":"EDGE_TTA_ACTIVE views= 8 mean_abs_feat_delta= 0.360193\n"}
,{"stream_name":"stdout","time":718.629767645,"data":"EDGE_TTA_ACTIVE views= 8 mean_abs_feat_delta= 0.335308\n"}
,{"stream_name":"stdout","time":718.756590776,"data":"SECONDARY_EDGE_TTA_ACTIVE views= 8 weight= 0.75 mean_abs_feat_delta= 0.223297\n"}
,{"stream_name":"stdout","time":718.832959275,"data":"EDGE_TTA_ACTIVE views= 8 mean_abs_feat_delta= 0.335308\n"}
,{"stream_name":"stdout","time":718.833018305,"data":"SECONDARY_EDGE_TTA_ACTIVE views= 8 weight= 0.75 mean_abs_feat_delta= 0.223297\n"}
,{"stream_name":"stdout","time":719.66424183,"data":"SECONDARY_EDGE_TTA_ACTIVE views= 8 weight= 0.75 mean_abs_feat_delta= 0.226394\n"}
,{"stream_name":"stdout","time":719.86732563,"data":"SECONDARY_EDGE_TTA_ACTIVE views= 8 weight= 0.75 mean_abs_feat_delta= 0.226394\n"}
,{"stream_name":"stdout","time":720.073637246,"data":"EDGE_TTA_ACTIVE views= 8 mean_abs_feat_delta= 0.35856\n"}
,{"stream_name":"stdout","time":720.276214668,"data":"EDGE_TTA_ACTIVE views= 8 mean_abs_feat_delta= 0.35856\n"}
,{"stream_name":"stdout","time":721.125371881,"data":"SECONDARY_EDGE_TTA_ACTIVE views= 8 weight= 0.75 mean_abs_feat_delta= 0.226482\n"}
,{"stream_name":"stdout","time":721.295159559,"data":"EDGE_TTA_ACTIVE views= 8 mean_abs_feat_delta= 0.33832\n"}
,{"stream_name":"stdout","time":721.327535077,"data":"SECONDARY_EDGE_TTA_ACTIVE views= 8 weight= 0.75 mean_abs_feat_delta= 0.226482\n"}
,{"stream_name":"stdout","time":721.327584461,"data":"EDGE_TTA_ACTIVE views= 8 mean_abs_feat_delta= 0.33832\n"}
,{"stream_name":"stdout","time":722.352170197,"data":"SECONDARY_EDGE_TTA_ACTIVE views= 8 weight= 0.75 mean_abs_feat_delta= 0.228233\n"}
,{"stream_name":"stdout","time":722.403754687,"data":"EDGE_TTA_ACTIVE views= 8 mean_abs_feat_delta= 0.365065\n"}
,{"stream_name":"stdout","time":722.555380593,"data":"SECONDARY_EDGE_TTA_ACTIVE views= 8 weight= 0.75 mean_abs_feat_delta= 0.228233\n"}
,{"stream_name":"stdout","time":722.555417904,"data":"EDGE_TTA_ACTIVE views= 8 mean_abs_feat_delta= 0.365065\n"}
,{"stream_name":"stdout","time":723.44599526,"data":"SECONDARY_EDGE_TTA_ACTIVE views= 8 weight= 0.75 mean_abs_feat_delta= 0.229453\n"}
,{"stream_name":"stdout","time":723.648311378,"data":"SECONDARY_EDGE_TTA_ACTIVE views= 8 weight= 0.75 mean_abs_feat_delta= 0.229453\n"}
,{"stream_name":"stdout","time":723.952589132,"data":"EDGE_TTA_ACTIVE views= 8 mean_abs_feat_delta= 0.333525\n"}
,{"stream_name":"stdout","time":724.15557345,"data":"EDGE_TTA_ACTIVE views= 8 mean_abs_feat_delta= 0.333525\n"}
,{"stream_name":"stdout","time":724.640872336,"data":"EDGE_TTA_ACTIVE views= 8 mean_abs_feat_delta= 0.353373\n"}
,{"stream_name":"stdout","time":724.843805327,"data":"EDGE_TTA_ACTIVE views= 8 mean_abs_feat_delta= 0.353373\n"}
,{"stream_name":"stdout","time":724.997775463,"data":"SECONDARY_EDGE_TTA_ACTIVE views= 8 weight= 0.75 mean_abs_feat_delta= 0.224536\n"}
,{"stream_name":"stdout","time":725.2007511,"data":"SECONDARY_EDGE_TTA_ACTIVE views= 8 weight= 0.75 mean_abs_feat_delta= 0.224536\n"}
,{"stream_name":"stdout","time":725.688867256,"data":"SECONDARY_EDGE_TTA_ACTIVE views= 8 weight= 0.75 mean_abs_feat_delta= 0.233899\n"}
,{"stream_name":"stdout","time":725.891721355,"data":"SECONDARY_EDGE_TTA_ACTIVE views= 8 weight= 0.75 mean_abs_feat_delta= 0.233899\n"}
,{"stream_name":"stdout","time":726.612756397,"data":"EDGE_TTA_ACTIVE views= 8 mean_abs_feat_delta= 0.32859\n"}
,{"stream_name":"stdout","time":726.815719636,"data":"EDGE_TTA_ACTIVE views= 8 mean_abs_feat_delta= 0.32859\n"}
,{"stream_name":"stdout","time":726.905057764,"data":"EDGE_TTA_ACTIVE views= 8 mean_abs_feat_delta= 0.366767\n"}
,{"stream_name":"stdout","time":727.107794815,"data":"EDGE_TTA_ACTIVE views= 8 mean_abs_feat_delta= 0.366767\n"}
,{"stream_name":"stdout","time":727.663804399,"data":"SECONDARY_EDGE_TTA_ACTIVE views= 8 weight= 0.75 mean_abs_feat_delta= 0.225446\n"}
,{"stream_name":"stdout","time":727.866720421,"data":"SECONDARY_EDGE_TTA_ACTIVE views= 8 weight= 0.75 mean_abs_feat_delta= 0.225446\n"}
,{"stream_name":"stdout","time":727.956035387,"data":"SECONDARY_EDGE_TTA_ACTIVE views= 8 weight= 0.75 mean_abs_feat_delta= 0.228562\n"}
,{"stream_name":"stdout","time":728.158368077,"data":"SECONDARY_EDGE_TTA_ACTIVE views= 8 weight= 0.75 mean_abs_feat_delta= 0.228562\n"}
,{"stream_name":"stdout","time":729.231818433,"data":"EDGE_TTA_ACTIVE views= 8 mean_abs_feat_delta= 0.360859\n"}
,{"stream_name":"stdout","time":729.271777532,"data":"EDGE_TTA_ACTIVE views= 8 mean_abs_feat_delta= 0.32899\n"}
,{"stream_name":"stdout","time":729.435040328,"data":"EDGE_TTA_ACTIVE views= 8 mean_abs_feat_delta= 0.360859\n"}
,{"stream_name":"stdout","time":729.435091511,"data":"EDGE_TTA_ACTIVE views= 8 mean_abs_feat_delta= 0.32899\n"}
,{"stream_name":"stdout","time":730.285042068,"data":"SECONDARY_EDGE_TTA_ACTIVE views= 8 weight= 0.75 mean_abs_feat_delta= 0.229373\n"}
,{"stream_name":"stdout","time":730.32436562,"data":"SECONDARY_EDGE_TTA_ACTIVE views= 8 weight= 0.75 mean_abs_feat_delta= 0.224393\n"}
,{"stream_name":"stdout","time":730.487765722,"data":"SECONDARY_EDGE_TTA_ACTIVE views= 8 weight= 0.75 mean_abs_feat_delta= 0.229373\n"}
,{"stream_name":"stdout","time":730.487831333,"data":"SECONDARY_EDGE_TTA_ACTIVE views= 8 weight= 0.75 mean_abs_feat_delta= 0.224393\n"}
,{"stream_name":"stdout","time":731.542461505,"data":"EDGE_TTA_ACTIVE views= 8 mean_abs_feat_delta= 0.358711\n"}
,{"stream_name":"stdout","time":731.744956645,"data":"EDGE_TTA_ACTIVE views= 8 mean_abs_feat_delta= 0.358711\n"}
,{"stream_name":"stdout","time":731.963021228,"data":"EDGE_TTA_ACTIVE views= 8 mean_abs_feat_delta= 0.331655\n"}
,{"stream_name":"stdout","time":732.166123678,"data":"EDGE_TTA_ACTIVE views= 8 mean_abs_feat_delta= 0.331655\n"}
,{"stream_name":"stdout","time":732.593757263,"data":"SECONDARY_EDGE_TTA_ACTIVE views= 8 weight= 0.75 mean_abs_feat_delta= 0.228983\n"}
,{"stream_name":"stdout","time":732.796868156,"data":"SECONDARY_EDGE_TTA_ACTIVE views= 8 weight= 0.75 mean_abs_feat_delta= 0.228983\n"}
,{"stream_name":"stdout","time":733.017264548,"data":"SECONDARY_EDGE_TTA_ACTIVE views= 8 weight= 0.75 mean_abs_feat_delta= 0.221606\n"}
,{"stream_name":"stdout","time":733.22002855,"data":"SECONDARY_EDGE_TTA_ACTIVE views= 8 weight= 0.75 mean_abs_feat_delta= 0.221606\n"}
,{"stream_name":"stdout","time":733.92841837,"data":"EDGE_TTA_ACTIVE views= 8 mean_abs_feat_delta= 0.357908\n"}
,{"stream_name":"stdout","time":734.13141901,"data":"EDGE_TTA_ACTIVE views= 8 mean_abs_feat_delta= 0.357908\n"}
,{"stream_name":"stdout","time":734.633631717,"data":"EDGE_TTA_ACTIVE views= 8 mean_abs_feat_delta= 0.332781\n"}
,{"stream_name":"stdout","time":734.871743703,"data":"EDGE_TTA_ACTIVE views= 8 mean_abs_feat_delta= 0.332781\n"}
,{"stream_name":"stdout","time":734.979095565,"data":"SECONDARY_EDGE_TTA_ACTIVE views= 8 weight= 0.75 mean_abs_feat_delta= 0.22723\n"}
,{"stream_name":"stdout","time":735.181819393,"data":"SECONDARY_EDGE_TTA_ACTIVE views= 8 weight= 0.75 mean_abs_feat_delta= 0.22723\n"}
,{"stream_name":"stdout","time":735.673770458,"data":"SECONDARY_EDGE_TTA_ACTIVE views= 8 weight= 0.75 mean_abs_feat_delta= 0.220927\n"}
,{"stream_name":"stdout","time":735.876578517,"data":"SECONDARY_EDGE_TTA_ACTIVE views= 8 weight= 0.75 mean_abs_feat_delta= 0.220927\n"}
,{"stream_name":"stdout","time":736.261576883,"data":"EDGE_TTA_ACTIVE views= 8 mean_abs_feat_delta= 0.36076\n"}
,{"stream_name":"stdout","time":736.464018877,"data":"EDGE_TTA_ACTIVE views= 8 mean_abs_feat_delta= 0.36076\n"}
,{"stream_name":"stdout","time":737.282578837,"data":"EDGE_TTA_ACTIVE views= 8 mean_abs_feat_delta= 0.331497\n"}
,{"stream_name":"stdout","time":737.30815937,"data":"SECONDARY_EDGE_TTA_ACTIVE views= 8 weight= 0.75 mean_abs_feat_delta= 0.227184\n"}
,{"stream_name":"stdout","time":737.484397559,"data":"EDGE_TTA_ACTIVE views= 8 mean_abs_feat_delta= 0.331497\n"}
,{"stream_name":"stdout","time":737.48443629,"data":"SECONDARY_EDGE_TTA_ACTIVE views= 8 weight= 0.75 mean_abs_feat_delta= 0.227184\n"}
,{"stream_name":"stdout","time":738.322018997,"data":"SECONDARY_EDGE_TTA_ACTIVE views= 8 weight= 0.75 mean_abs_feat_delta= 0.220799\n"}
,{"stream_name":"stdout","time":738.524890173,"data":"SECONDARY_EDGE_TTA_ACTIVE views= 8 weight= 0.75 mean_abs_feat_delta= 0.220799\n"}
,{"stream_name":"stdout","time":738.649799534,"data":"EDGE_TTA_ACTIVE views= 8 mean_abs_feat_delta= 0.363026\n"}
,{"stream_name":"stdout","time":738.85264607,"data":"EDGE_TTA_ACTIVE views= 8 mean_abs_feat_delta= 0.363026\n"}
,{"stream_name":"stdout","time":739.684703862,"data":"SECONDARY_EDGE_TTA_ACTIVE views= 8 weight= 0.75 mean_abs_feat_delta= 0.228674\n"}
,{"stream_name":"stdout","time":739.887100037,"data":"SECONDARY_EDGE_TTA_ACTIVE views= 8 weight= 0.75 mean_abs_feat_delta= 0.228674\n"}
,{"stream_name":"stdout","time":739.938709666,"data":"EDGE_TTA_ACTIVE views= 8 mean_abs_feat_delta= 0.331409\n"}
,{"stream_name":"stdout","time":740.141427635,"data":"EDGE_TTA_ACTIVE views= 8 mean_abs_feat_delta= 0.331409\n"}
,{"stream_name":"stdout","time":740.929772729,"data":"EDGE_TTA_ACTIVE views= 8 mean_abs_feat_delta= 0.36528\n"}
,{"stream_name":"stdout","time":740.972033595,"data":"SECONDARY_EDGE_TTA_ACTIVE views= 8 weight= 0.75 mean_abs_feat_delta= 0.220784\n"}
,{"stream_name":"stdout","time":741.136414185,"data":"EDGE_TTA_ACTIVE views= 8 mean_abs_feat_delta= 0.36528\n"}
,{"stream_name":"stdout","time":741.136485504,"data":"SECONDARY_EDGE_TTA_ACTIVE views= 8 weight= 0.75 mean_abs_feat_delta= 0.220784\n"}
,{"stream_name":"stdout","time":741.964418897,"data":"SECONDARY_EDGE_TTA_ACTIVE views= 8 weight= 0.75 mean_abs_feat_delta= 0.22969\n"}
,{"stream_name":"stdout","time":742.166656296,"data":"SECONDARY_EDGE_TTA_ACTIVE views= 8 weight= 0.75 mean_abs_feat_delta= 0.22969\n"}
,{"stream_name":"stdout","time":742.611144347,"data":"EDGE_TTA_ACTIVE views= 8 mean_abs_feat_delta= 0.33126\n"}
,{"stream_name":"stdout","time":742.813663977,"data":"EDGE_TTA_ACTIVE views= 8 mean_abs_feat_delta= 0.33126\n"}
,{"stream_name":"stdout","time":743.207384939,"data":"EDGE_TTA_ACTIVE views= 8 mean_abs_feat_delta= 0.365255\n"}
,{"stream_name":"stdout","time":743.41058946,"data":"EDGE_TTA_ACTIVE views= 8 mean_abs_feat_delta= 0.365255\n"}
,{"stream_name":"stdout","time":743.63822924,"data":"SECONDARY_EDGE_TTA_ACTIVE views= 8 weight= 0.75 mean_abs_feat_delta= 0.220701\n"}
,{"stream_name":"stdout","time":743.841477933,"data":"SECONDARY_EDGE_TTA_ACTIVE views= 8 weight= 0.75 mean_abs_feat_delta= 0.220701\n"}
,{"stream_name":"stdout","time":744.235858867,"data":"SECONDARY_EDGE_TTA_ACTIVE views= 8 weight= 0.75 mean_abs_feat_delta= 0.227887\n"}
,{"stream_name":"stdout","time":744.43821594,"data":"SECONDARY_EDGE_TTA_ACTIVE views= 8 weight= 0.75 mean_abs_feat_delta= 0.227887\n"}
,{"stream_name":"stdout","time":745.2434731,"data":"EDGE_TTA_ACTIVE views= 8 mean_abs_feat_delta= 0.332038\n"}
,{"stream_name":"stdout","time":745.445992872,"data":"EDGE_TTA_ACTIVE views= 8 mean_abs_feat_delta= 0.332038\n"}
,{"stream_name":"stdout","time":745.489749674,"data":"EDGE_TTA_ACTIVE views= 8 mean_abs_feat_delta= 0.364292\n"}
,{"stream_name":"stdout","time":745.692513744,"data":"EDGE_TTA_ACTIVE views= 8 mean_abs_feat_delta= 0.364292\n"}
,{"stream_name":"stdout","time":746.263843469,"data":"SECONDARY_EDGE_TTA_ACTIVE views= 8 weight= 0.75 mean_abs_feat_delta= 0.223255\n"}
,{"stream_name":"stdout","time":746.46644588,"data":"SECONDARY_EDGE_TTA_ACTIVE views= 8 weight= 0.75 mean_abs_feat_delta= 0.223255\n"}
,{"stream_name":"stdout","time":746.515968067,"data":"SECONDARY_EDGE_TTA_ACTIVE views= 8 weight= 0.75 mean_abs_feat_delta= 0.229597\n"}
,{"stream_name":"stdout","time":746.718200258,"data":"SECONDARY_EDGE_TTA_ACTIVE views= 8 weight= 0.75 mean_abs_feat_delta= 0.229597\n"}
,{"stream_name":"stdout","time":747.752401698,"data":"EDGE_TTA_ACTIVE views= 8 mean_abs_feat_delta= 0.369457\n"}
,{"stream_name":"stdout","time":747.876418188,"data":"EDGE_TTA_ACTIVE views= 8 mean_abs_feat_delta= 0.32495\n"}
,{"stream_name":"stdout","time":747.955232353,"data":"EDGE_TTA_ACTIVE views= 8 mean_abs_feat_delta= 0.369457\n"}
,{"stream_name":"stdout","time":747.955281209,"data":"EDGE_TTA_ACTIVE views= 8 mean_abs_feat_delta= 0.32495\n"}
,{"stream_name":"stdout","time":748.770740784,"data":"SECONDARY_EDGE_TTA_ACTIVE views= 8 weight= 0.75 mean_abs_feat_delta= 0.229355\n"}
,{"stream_name":"stdout","time":748.888365994,"data":"SECONDARY_EDGE_TTA_ACTIVE views= 8 weight= 0.75 mean_abs_feat_delta= 0.223885\n"}
,{"stream_name":"stdout","time":748.973117302,"data":"SECONDARY_EDGE_TTA_ACTIVE views= 8 weight= 0.75 mean_abs_feat_delta= 0.229355\n"}
,{"stream_name":"stdout","time":748.973165444,"data":"SECONDARY_EDGE_TTA_ACTIVE views= 8 weight= 0.75 mean_abs_feat_delta= 0.223885\n"}
,{"stream_name":"stdout","time":750.001856653,"data":"EDGE_TTA_ACTIVE views= 8 mean_abs_feat_delta= 0.366989\n"}
,{"stream_name":"stdout","time":750.204543922,"data":"EDGE_TTA_ACTIVE views= 8 mean_abs_feat_delta= 0.366989\n"}
,{"stream_name":"stdout","time":750.453604731,"data":"EDGE_TTA_ACTIVE views= 8 mean_abs_feat_delta= 0.331313\n"}
,{"stream_name":"stdout","time":750.656413318,"data":"EDGE_TTA_ACTIVE views= 8 mean_abs_feat_delta= 0.331313\n"}
,{"stream_name":"stdout","time":751.017908348,"data":"SECONDARY_EDGE_TTA_ACTIVE views= 8 weight= 0.75 mean_abs_feat_delta= 0.228164\n"}
,{"stream_name":"stdout","time":751.219946678,"data":"SECONDARY_EDGE_TTA_ACTIVE views= 8 weight= 0.75 mean_abs_feat_delta= 0.228164\n"}
,{"stream_name":"stdout","time":751.463733633,"data":"SECONDARY_EDGE_TTA_ACTIVE views= 8 weight= 0.75 mean_abs_feat_delta= 0.227705\n"}
,{"stream_name":"stdout","time":751.666146949,"data":"SECONDARY_EDGE_TTA_ACTIVE views= 8 weight= 0.75 mean_abs_feat_delta= 0.227705\n"}
,{"stream_name":"stdout","time":752.331247563,"data":"EDGE_TTA_ACTIVE views= 8 mean_abs_feat_delta= 0.364738\n"}
,{"stream_name":"stdout","time":752.533591335,"data":"EDGE_TTA_ACTIVE views= 8 mean_abs_feat_delta= 0.364738\n"}
,{"stream_name":"stdout","time":753.090020885,"data":"EDGE_TTA_ACTIVE views= 8 mean_abs_feat_delta= 0.331903\n"}
,{"stream_name":"stdout","time":753.292919769,"data":"EDGE_TTA_ACTIVE views= 8 mean_abs_feat_delta= 0.331903\n"}
,{"stream_name":"stdout","time":753.346348137,"data":"SECONDARY_EDGE_TTA_ACTIVE views= 8 weight= 0.75 mean_abs_feat_delta= 0.230204\n"}
,{"stream_name":"stdout","time":753.548791424,"data":"SECONDARY_EDGE_TTA_ACTIVE views= 8 weight= 0.75 mean_abs_feat_delta= 0.230204\n"}
,{"stream_name":"stdout","time":754.09481299,"data":"SECONDARY_EDGE_TTA_ACTIVE views= 8 weight= 0.75 mean_abs_feat_delta= 0.228343\n"}
,{"stream_name":"stdout","time":754.29743562,"data":"SECONDARY_EDGE_TTA_ACTIVE views= 8 weight= 0.75 mean_abs_feat_delta= 0.228343\n"}
,{"stream_name":"stdout","time":754.637766828,"data":"EDGE_TTA_ACTIVE views= 8 mean_abs_feat_delta= 0.368159\n"}
,{"stream_name":"stdout","time":754.840577782,"data":"EDGE_TTA_ACTIVE views= 8 mean_abs_feat_delta= 0.368159\n"}
,{"stream_name":"stdout","time":755.646574302,"data":"EDGE_TTA_ACTIVE views= 8 mean_abs_feat_delta= 0.329514\n"}
,{"stream_name":"stdout","time":755.651119757,"data":"SECONDARY_EDGE_TTA_ACTIVE views= 8 weight= 0.75 mean_abs_feat_delta= 0.229792\n"}
,{"stream_name":"stdout","time":755.849152717,"data":"EDGE_TTA_ACTIVE views= 8 mean_abs_feat_delta= 0.329514\n"}
,{"stream_name":"stdout","time":755.849216815,"data":"SECONDARY_EDGE_TTA_ACTIVE views= 8 weight= 0.75 mean_abs_feat_delta= 0.229792\n"}
,{"stream_name":"stdout","time":756.650689427,"data":"SECONDARY_EDGE_TTA_ACTIVE views= 8 weight= 0.75 mean_abs_feat_delta= 0.228404\n"}
,{"stream_name":"stdout","time":756.85372558,"data":"SECONDARY_EDGE_TTA_ACTIVE views= 8 weight= 0.75 mean_abs_feat_delta= 0.228404\n"}
,{"stream_name":"stdout","time":756.913277719,"data":"EDGE_TTA_ACTIVE views= 8 mean_abs_feat_delta= 0.370711\n"}
,{"stream_name":"stdout","time":757.115959022,"data":"EDGE_TTA_ACTIVE views= 8 mean_abs_feat_delta= 0.370711\n"}
,{"stream_name":"stdout","time":757.925128893,"data":"SECONDARY_EDGE_TTA_ACTIVE views= 8 weight= 0.75 mean_abs_feat_delta= 0.231598\n"}
,{"stream_name":"stdout","time":758.128019807,"data":"SECONDARY_EDGE_TTA_ACTIVE views= 8 weight= 0.75 mean_abs_feat_delta= 0.231598\n"}
,{"stream_name":"stdout","time":758.243329041,"data":"EDGE_TTA_ACTIVE views= 8 mean_abs_feat_delta= 0.331459\n"}
,{"stream_name":"stdout","time":758.446463416,"data":"EDGE_TTA_ACTIVE views= 8 mean_abs_feat_delta= 0.331459\n"}
,{"stream_name":"stdout","time":759.161455167,"data":"EDGE_TTA_ACTIVE views= 8 mean_abs_feat_delta= 0.360618\n"}
,{"stream_name":"stdout","time":759.242412633,"data":"SECONDARY_EDGE_TTA_ACTIVE views= 8 weight= 0.75 mean_abs_feat_delta= 0.230069\n"}
,{"stream_name":"stdout","time":759.364001225,"data":"EDGE_TTA_ACTIVE views= 8 mean_abs_feat_delta= 0.360618\n"}
,{"stream_name":"stdout","time":759.364094888,"data":"SECONDARY_EDGE_TTA_ACTIVE views= 8 weight= 0.75 mean_abs_feat_delta= 0.230069\n"}
,{"stream_name":"stdout","time":760.168159965,"data":"SECONDARY_EDGE_TTA_ACTIVE views= 8 weight= 0.75 mean_abs_feat_delta= 0.237748\n"}
,{"stream_name":"stdout","time":760.370735548,"data":"SECONDARY_EDGE_TTA_ACTIVE views= 8 weight= 0.75 mean_abs_feat_delta= 0.237748\n"}
,{"stream_name":"stdout","time":760.809599029,"data":"EDGE_TTA_ACTIVE views= 8 mean_abs_feat_delta= 0.329663\n"}
,{"stream_name":"stdout","time":761.012513244,"data":"EDGE_TTA_ACTIVE views= 8 mean_abs_feat_delta= 0.329663\n"}
,{"stream_name":"stdout","time":761.381639802,"data":"EDGE_TTA_ACTIVE views= 8 mean_abs_feat_delta= 0.372812\n"}
,{"stream_name":"stdout","time":761.584798694,"data":"EDGE_TTA_ACTIVE views= 8 mean_abs_feat_delta= 0.372812\n"}
,{"stream_name":"stdout","time":761.805768011,"data":"SECONDARY_EDGE_TTA_ACTIVE views= 8 weight= 0.75 mean_abs_feat_delta= 0.22821\n"}
,{"stream_name":"stdout","time":762.008553452,"data":"SECONDARY_EDGE_TTA_ACTIVE views= 8 weight= 0.75 mean_abs_feat_delta= 0.22821\n"}
,{"stream_name":"stdout","time":762.390777568,"data":"SECONDARY_EDGE_TTA_ACTIVE views= 8 weight= 0.75 mean_abs_feat_delta= 0.229174\n"}
,{"stream_name":"stdout","time":762.593123388,"data":"SECONDARY_EDGE_TTA_ACTIVE views= 8 weight= 0.75 mean_abs_feat_delta= 0.229174\n"}
,{"stream_name":"stdout","time":763.417340707,"data":"EDGE_TTA_ACTIVE views= 8 mean_abs_feat_delta= 0.32516\n"}
,{"stream_name":"stdout","time":763.620046303,"data":"EDGE_TTA_ACTIVE views= 8 mean_abs_feat_delta= 0.32516\n"}
,{"stream_name":"stdout","time":763.656286818,"data":"EDGE_TTA_ACTIVE views= 8 mean_abs_feat_delta= 0.374406\n"}
,{"stream_name":"stdout","time":763.859747588,"data":"EDGE_TTA_ACTIVE views= 8 mean_abs_feat_delta= 0.374406\n"}
,{"stream_name":"stdout","time":764.411982392,"data":"SECONDARY_EDGE_TTA_ACTIVE views= 8 weight= 0.75 mean_abs_feat_delta= 0.221896\n"}
,{"stream_name":"stdout","time":764.614601937,"data":"SECONDARY_EDGE_TTA_ACTIVE views= 8 weight= 0.75 mean_abs_feat_delta= 0.221896\n"}
,{"stream_name":"stdout","time":764.661868111,"data":"SECONDARY_EDGE_TTA_ACTIVE views= 8 weight= 0.75 mean_abs_feat_delta= 0.23239\n"}
,{"stream_name":"stdout","time":764.864587387,"data":"SECONDARY_EDGE_TTA_ACTIVE views= 8 weight= 0.75 mean_abs_feat_delta= 0.23239\n"}
,{"stream_name":"stdout","time":765.971260414,"data":"EDGE_TTA_ACTIVE views= 8 mean_abs_feat_delta= 0.3777\n"}
,{"stream_name":"stdout","time":766.030211221,"data":"EDGE_TTA_ACTIVE views= 8 mean_abs_feat_delta= 0.331685\n"}
,{"stream_name":"stdout","time":766.21254561,"data":"EDGE_TTA_ACTIVE views= 8 mean_abs_feat_delta= 0.3777\n"}
,{"stream_name":"stdout","time":766.212585065,"data":"EDGE_TTA_ACTIVE views= 8 mean_abs_feat_delta= 0.331685\n"}
,{"stream_name":"stdout","time":766.979259396,"data":"SECONDARY_EDGE_TTA_ACTIVE views= 8 weight= 0.75 mean_abs_feat_delta= 0.233543\n"}
,{"stream_name":"stdout","time":767.025575893,"data":"SECONDARY_EDGE_TTA_ACTIVE views= 8 weight= 0.75 mean_abs_feat_delta= 0.228914\n"}
,{"stream_name":"stdout","time":767.182688773,"data":"SECONDARY_EDGE_TTA_ACTIVE views= 8 weight= 0.75 mean_abs_feat_delta= 0.233543\n"}
,{"stream_name":"stdout","time":767.182768513,"data":"SECONDARY_EDGE_TTA_ACTIVE views= 8 weight= 0.75 mean_abs_feat_delta= 0.228914\n"}
,{"stream_name":"stdout","time":768.256720876,"data":"EDGE_TTA_ACTIVE views= 8 mean_abs_feat_delta= 0.376339\n"}
,{"stream_name":"stdout","time":768.459262945,"data":"EDGE_TTA_ACTIVE views= 8 mean_abs_feat_delta= 0.376339\n"}
,{"stream_name":"stdout","time":768.699471401,"data":"EDGE_TTA_ACTIVE views= 8 mean_abs_feat_delta= 0.324314\n"}
,{"stream_name":"stdout","time":768.90212453,"data":"EDGE_TTA_ACTIVE views= 8 mean_abs_feat_delta= 0.324314\n"}
,{"stream_name":"stdout","time":769.260349379,"data":"SECONDARY_EDGE_TTA_ACTIVE views= 8 weight= 0.75 mean_abs_feat_delta= 0.230711\n"}
,{"stream_name":"stdout","time":769.463075082,"data":"SECONDARY_EDGE_TTA_ACTIVE views= 8 weight= 0.75 mean_abs_feat_delta= 0.230711\n"}
,{"stream_name":"stdout","time":769.693758106,"data":"SECONDARY_EDGE_TTA_ACTIVE views= 8 weight= 0.75 mean_abs_feat_delta= 0.227032\n"}
,{"stream_name":"stdout","time":769.896639201,"data":"SECONDARY_EDGE_TTA_ACTIVE views= 8 weight= 0.75 mean_abs_feat_delta= 0.227032\n"}
,{"stream_name":"stdout","time":770.524382892,"data":"EDGE_TTA_ACTIVE views= 8 mean_abs_feat_delta= 0.369146\n"}
,{"stream_name":"stdout","time":770.727173571,"data":"EDGE_TTA_ACTIVE views= 8 mean_abs_feat_delta= 0.369146\n"}
,{"stream_name":"stdout","time":771.326359891,"data":"EDGE_TTA_ACTIVE views= 8 mean_abs_feat_delta= 0.331339\n"}
,{"stream_name":"stdout","time":771.529556802,"data":"EDGE_TTA_ACTIVE views= 8 mean_abs_feat_delta= 0.331339\n"}
,{"stream_name":"stdout","time":771.529594117,"data":"SECONDARY_EDGE_TTA_ACTIVE views= 8 weight= 0.75 mean_abs_feat_delta= 0.230076\n"}
,{"stream_name":"stdout","time":771.731865397,"data":"SECONDARY_EDGE_TTA_ACTIVE views= 8 weight= 0.75 mean_abs_feat_delta= 0.230076\n"}
,{"stream_name":"stdout","time":772.30756008,"data":"SECONDARY_EDGE_TTA_ACTIVE views= 8 weight= 0.75 mean_abs_feat_delta= 0.231263\n"}
,{"stream_name":"stdout","time":772.510652234,"data":"SECONDARY_EDGE_TTA_ACTIVE views= 8 weight= 0.75 mean_abs_feat_delta= 0.231263\n"}
,{"stream_name":"stdout","time":772.757018486,"data":"EDGE_TTA_ACTIVE views= 8 mean_abs_feat_delta= 0.367025\n"}
,{"stream_name":"stdout","time":772.960387303,"data":"EDGE_TTA_ACTIVE views= 8 mean_abs_feat_delta= 0.367025\n"}
,{"stream_name":"stdout","time":773.763523302,"data":"SECONDARY_EDGE_TTA_ACTIVE views= 8 weight= 0.75 mean_abs_feat_delta= 0.23\n"}
,{"stream_name":"stdout","time":773.922406329,"data":"EDGE_TTA_ACTIVE views= 8 mean_abs_feat_delta= 0.333171\n"}
,{"stream_name":"stdout","time":773.96616765,"data":"SECONDARY_EDGE_TTA_ACTIVE views= 8 weight= 0.75 mean_abs_feat_delta= 0.23\n"}
,{"stream_name":"stdout","time":773.966217003,"data":"EDGE_TTA_ACTIVE views= 8 mean_abs_feat_delta= 0.333171\n"}
,{"stream_name":"stdout","time":774.918813121,"data":"SECONDARY_EDGE_TTA_ACTIVE views= 8 weight= 0.75 mean_abs_feat_delta= 0.229933\n"}
,{"stream_name":"stdout","time":774.991875402,"data":"EDGE_TTA_ACTIVE views= 8 mean_abs_feat_delta= 0.371094\n"}
,{"stream_name":"stdout","time":775.121777556,"data":"SECONDARY_EDGE_TTA_ACTIVE views= 8 weight= 0.75 mean_abs_feat_delta= 0.229933\n"}
,{"stream_name":"stdout","time":775.121838622,"data":"EDGE_TTA_ACTIVE views= 8 mean_abs_feat_delta= 0.371094\n"}
,{"stream_name":"stdout","time":775.999688526,"data":"SECONDARY_EDGE_TTA_ACTIVE views= 8 weight= 0.75 mean_abs_feat_delta= 0.231427\n"}
,{"stream_name":"stdout","time":776.202786262,"data":"SECONDARY_EDGE_TTA_ACTIVE views= 8 weight= 0.75 mean_abs_feat_delta= 0.231427\n"}
,{"stream_name":"stdout","time":776.482755508,"data":"EDGE_TTA_ACTIVE views= 8 mean_abs_feat_delta= 0.328017\n"}
,{"stream_name":"stdout","time":776.6855596,"data":"EDGE_TTA_ACTIVE views= 8 mean_abs_feat_delta= 0.328017\n"}
,{"stream_name":"stdout","time":777.298788036,"data":"EDGE_TTA_ACTIVE views= 8 mean_abs_feat_delta= 0.375255\n"}
,{"stream_name":"stdout","time":777.470128901,"data":"SECONDARY_EDGE_TTA_ACTIVE views= 8 weight= 0.75 mean_abs_feat_delta= 0.23052\n"}
,{"stream_name":"stdout","time":777.501580584,"data":"EDGE_TTA_ACTIVE views= 8 mean_abs_feat_delta= 0.375255\n"}
,{"stream_name":"stdout","time":777.501632352,"data":"SECONDARY_EDGE_TTA_ACTIVE views= 8 weight= 0.75 mean_abs_feat_delta= 0.23052\n"}
,{"stream_name":"stdout","time":778.303827588,"data":"SECONDARY_EDGE_TTA_ACTIVE views= 8 weight= 0.75 mean_abs_feat_delta= 0.229981\n"}
,{"stream_name":"stdout","time":778.506752675,"data":"SECONDARY_EDGE_TTA_ACTIVE views= 8 weight= 0.75 mean_abs_feat_delta= 0.229981\n"}
,{"stream_name":"stdout","time":779.057675346,"data":"EDGE_TTA_ACTIVE views= 8 mean_abs_feat_delta= 0.330226\n"}
,{"stream_name":"stdout","time":779.260386001,"data":"EDGE_TTA_ACTIVE views= 8 mean_abs_feat_delta= 0.330226\n"}
,{"stream_name":"stdout","time":779.561615699,"data":"EDGE_TTA_ACTIVE views= 8 mean_abs_feat_delta= 0.373994\n"}
,{"stream_name":"stdout","time":779.764430219,"data":"EDGE_TTA_ACTIVE views= 8 mean_abs_feat_delta= 0.373994\n"}
,{"stream_name":"stdout","time":780.045805904,"data":"SECONDARY_EDGE_TTA_ACTIVE views= 8 weight= 0.75 mean_abs_feat_delta= 0.233626\n"}
,{"stream_name":"stdout","time":780.248586908,"data":"SECONDARY_EDGE_TTA_ACTIVE views= 8 weight= 0.75 mean_abs_feat_delta= 0.233626\n"}
,{"stream_name":"stdout","time":780.571524308,"data":"SECONDARY_EDGE_TTA_ACTIVE views= 8 weight= 0.75 mean_abs_feat_delta= 0.229437\n"}
,{"stream_name":"stdout","time":780.774229621,"data":"SECONDARY_EDGE_TTA_ACTIVE views= 8 weight= 0.75 mean_abs_feat_delta= 0.229437\n"}
,{"stream_name":"stdout","time":781.601610924,"data":"EDGE_TTA_ACTIVE views= 8 mean_abs_feat_delta= 0.329202\n"}
,{"stream_name":"stdout","time":781.769457723,"data":"EDGE_TTA_ACTIVE views= 8 mean_abs_feat_delta= 0.366011\n"}
,{"stream_name":"stdout","time":781.804396217,"data":"EDGE_TTA_ACTIVE views= 8 mean_abs_feat_delta= 0.329202\n"}
,{"stream_name":"stdout","time":781.80447666,"data":"EDGE_TTA_ACTIVE views= 8 mean_abs_feat_delta= 0.366011\n"}
,{"stream_name":"stdout","time":782.59658562,"data":"SECONDARY_EDGE_TTA_ACTIVE views= 8 weight= 0.75 mean_abs_feat_delta= 0.227328\n"}
,{"stream_name":"stdout","time":782.775207388,"data":"SECONDARY_EDGE_TTA_ACTIVE views= 8 weight= 0.75 mean_abs_feat_delta= 0.229485\n"}
,{"stream_name":"stdout","time":782.799768734,"data":"SECONDARY_EDGE_TTA_ACTIVE views= 8 weight= 0.75 mean_abs_feat_delta= 0.227328\n"}
,{"stream_name":"stdout","time":782.79985722,"data":"SECONDARY_EDGE_TTA_ACTIVE views= 8 weight= 0.75 mean_abs_feat_delta= 0.229485\n"}
,{"stream_name":"stdout","time":784.067174258,"data":"EDGE_TTA_ACTIVE views= 8 mean_abs_feat_delta= 0.364698\n"}
,{"stream_name":"stdout","time":784.20817161,"data":"EDGE_TTA_ACTIVE views= 8 mean_abs_feat_delta= 0.331318\n"}
,{"stream_name":"stdout","time":784.270385398,"data":"EDGE_TTA_ACTIVE views= 8 mean_abs_feat_delta= 0.364698\n"}
,{"stream_name":"stdout","time":784.270491202,"data":"EDGE_TTA_ACTIVE views= 8 mean_abs_feat_delta= 0.331318\n"}
,{"stream_name":"stdout","time":785.076402454,"data":"SECONDARY_EDGE_TTA_ACTIVE views= 8 weight= 0.75 mean_abs_feat_delta= 0.234306\n"}
,{"stream_name":"stdout","time":785.203781204,"data":"SECONDARY_EDGE_TTA_ACTIVE views= 8 weight= 0.75 mean_abs_feat_delta= 0.228289\n"}
,{"stream_name":"stdout","time":785.278570596,"data":"SECONDARY_EDGE_TTA_ACTIVE views= 8 weight= 0.75 mean_abs_feat_delta= 0.234306\n"}
,{"stream_name":"stdout","time":785.278634269,"data":"SECONDARY_EDGE_TTA_ACTIVE views= 8 weight= 0.75 mean_abs_feat_delta= 0.228289\n"}
,{"stream_name":"stdout","time":786.298092432,"data":"EDGE_TTA_ACTIVE views= 8 mean_abs_feat_delta= 0.366732\n"}
,{"stream_name":"stdout","time":786.50061725,"data":"EDGE_TTA_ACTIVE views= 8 mean_abs_feat_delta= 0.366732\n"}
,{"stream_name":"stdout","time":786.775696008,"data":"EDGE_TTA_ACTIVE views= 8 mean_abs_feat_delta= 0.334653\n"}
,{"stream_name":"stdout","time":786.978323126,"data":"EDGE_TTA_ACTIVE views= 8 mean_abs_feat_delta= 0.334653\n"}
,{"stream_name":"stdout","time":787.306744677,"data":"SECONDARY_EDGE_TTA_ACTIVE views= 8 weight= 0.75 mean_abs_feat_delta= 0.235733\n"}
,{"stream_name":"stdout","time":787.510005636,"data":"SECONDARY_EDGE_TTA_ACTIVE views= 8 weight= 0.75 mean_abs_feat_delta= 0.235733\n"}
,{"stream_name":"stdout","time":787.773438361,"data":"SECONDARY_EDGE_TTA_ACTIVE views= 8 weight= 0.75 mean_abs_feat_delta= 0.234618\n"}
,{"stream_name":"stdout","time":787.975989929,"data":"SECONDARY_EDGE_TTA_ACTIVE views= 8 weight= 0.75 mean_abs_feat_delta= 0.234618\n"}
,{"stream_name":"stdout","time":788.585678463,"data":"EDGE_TTA_ACTIVE views= 8 mean_abs_feat_delta= 0.370041\n"}
,{"stream_name":"stdout","time":788.788581754,"data":"EDGE_TTA_ACTIVE views= 8 mean_abs_feat_delta= 0.370041\n"}
,{"stream_name":"stdout","time":789.422956022,"data":"EDGE_TTA_ACTIVE views= 8 mean_abs_feat_delta= 0.330458\n"}
,{"stream_name":"stdout","time":789.597885029,"data":"SECONDARY_EDGE_TTA_ACTIVE views= 8 weight= 0.75 mean_abs_feat_delta= 0.231775\n"}
,{"stream_name":"stdout","time":789.625932554,"data":"EDGE_TTA_ACTIVE views= 8 mean_abs_feat_delta= 0.330458\n"}
,{"stream_name":"stdout","time":789.626002269,"data":"SECONDARY_EDGE_TTA_ACTIVE views= 8 weight= 0.75 mean_abs_feat_delta= 0.231775\n"}
,{"stream_name":"stdout","time":790.421469158,"data":"SECONDARY_EDGE_TTA_ACTIVE views= 8 weight= 0.75 mean_abs_feat_delta= 0.22889\n"}
,{"stream_name":"stdout","time":790.624479641,"data":"SECONDARY_EDGE_TTA_ACTIVE views= 8 weight= 0.75 mean_abs_feat_delta= 0.22889\n"}
,{"stream_name":"stdout","time":790.880880668,"data":"EDGE_TTA_ACTIVE views= 8 mean_abs_feat_delta= 0.367914\n"}
,{"stream_name":"stdout","time":791.083959446,"data":"EDGE_TTA_ACTIVE views= 8 mean_abs_feat_delta= 0.367914\n"}
,{"stream_name":"stdout","time":791.894392999,"data":"SECONDARY_EDGE_TTA_ACTIVE views= 8 weight= 0.75 mean_abs_feat_delta= 0.227854\n"}
,{"stream_name":"stdout","time":792.039871437,"data":"EDGE_TTA_ACTIVE views= 8 mean_abs_feat_delta= 0.332999\n"}
,{"stream_name":"stdout","time":792.096614148,"data":"SECONDARY_EDGE_TTA_ACTIVE views= 8 weight= 0.75 mean_abs_feat_delta= 0.227854\n"}
,{"stream_name":"stdout","time":792.096648294,"data":"EDGE_TTA_ACTIVE views= 8 mean_abs_feat_delta= 0.332999\n"}
,{"stream_name":"stdout","time":793.043199364,"data":"SECONDARY_EDGE_TTA_ACTIVE views= 8 weight= 0.75 mean_abs_feat_delta= 0.230568\n"}
,{"stream_name":"stdout","time":793.154798906,"data":"EDGE_TTA_ACTIVE views= 8 mean_abs_feat_delta= 0.352519\n"}
,{"stream_name":"stdout","time":793.246226729,"data":"SECONDARY_EDGE_TTA_ACTIVE views= 8 weight= 0.75 mean_abs_feat_delta= 0.230568\n"}
,{"stream_name":"stdout","time":793.246313166,"data":"EDGE_TTA_ACTIVE views= 8 mean_abs_feat_delta= 0.352519\n"}
,{"stream_name":"stdout","time":794.16807864,"data":"SECONDARY_EDGE_TTA_ACTIVE views= 8 weight= 0.75 mean_abs_feat_delta= 0.232249\n"}
,{"stream_name":"stdout","time":794.370662091,"data":"SECONDARY_EDGE_TTA_ACTIVE views= 8 weight= 0.75 mean_abs_feat_delta= 0.232249\n"}
,{"stream_name":"stdout","time":794.629401137,"data":"EDGE_TTA_ACTIVE views= 8 mean_abs_feat_delta= 0.334113\n"}
,{"stream_name":"stdout","time":794.83189399,"data":"EDGE_TTA_ACTIVE views= 8 mean_abs_feat_delta= 0.334113\n"}
,{"stream_name":"stdout","time":795.433155775,"data":"EDGE_TTA_ACTIVE views= 8 mean_abs_feat_delta= 0.36891\n"}
,{"stream_name":"stdout","time":795.637012349,"data":"SECONDARY_EDGE_TTA_ACTIVE views= 8 weight= 0.75 mean_abs_feat_delta= 0.229718\n"}
,{"stream_name":"stdout","time":795.637057925,"data":"EDGE_TTA_ACTIVE views= 8 mean_abs_feat_delta= 0.36891\n"}
,{"stream_name":"stdout","time":795.838475561,"data":"SECONDARY_EDGE_TTA_ACTIVE views= 8 weight= 0.75 mean_abs_feat_delta= 0.229718\n"}
,{"stream_name":"stdout","time":796.448345999,"data":"SECONDARY_EDGE_TTA_ACTIVE views= 8 weight= 0.75 mean_abs_feat_delta= 0.226463\n"}
,{"stream_name":"stdout","time":796.683251686,"data":"SECONDARY_EDGE_TTA_ACTIVE views= 8 weight= 0.75 mean_abs_feat_delta= 0.226463\n"}
,{"stream_name":"stdout","time":797.285187646,"data":"EDGE_TTA_ACTIVE views= 8 mean_abs_feat_delta= 0.325634\n"}
,{"stream_name":"stdout","time":797.488000016,"data":"EDGE_TTA_ACTIVE views= 8 mean_abs_feat_delta= 0.325634\n"}
,{"stream_name":"stdout","time":797.775549399,"data":"EDGE_TTA_ACTIVE views= 8 mean_abs_feat_delta= 0.372785\n"}
,{"stream_name":"stdout","time":797.977756638,"data":"EDGE_TTA_ACTIVE views= 8 mean_abs_feat_delta= 0.372785\n"}
,{"stream_name":"stdout","time":798.296570745,"data":"SECONDARY_EDGE_TTA_ACTIVE views= 8 weight= 0.75 mean_abs_feat_delta= 0.227067\n"}
,{"stream_name":"stdout","time":798.499542115,"data":"SECONDARY_EDGE_TTA_ACTIVE views= 8 weight= 0.75 mean_abs_feat_delta= 0.227067\n"}
,{"stream_name":"stdout","time":798.790686965,"data":"SECONDARY_EDGE_TTA_ACTIVE views= 8 weight= 0.75 mean_abs_feat_delta= 0.232529\n"}
,{"stream_name":"stdout","time":798.993063913,"data":"SECONDARY_EDGE_TTA_ACTIVE views= 8 weight= 0.75 mean_abs_feat_delta= 0.232529\n"}
,{"stream_name":"stdout","time":799.96855632,"data":"EDGE_TTA_ACTIVE views= 8 mean_abs_feat_delta= 0.326542\n"}
,{"stream_name":"stdout","time":800.103614114,"data":"EDGE_TTA_ACTIVE views= 8 mean_abs_feat_delta= 0.372432\n"}
,{"stream_name":"stdout","time":800.171329474,"data":"EDGE_TTA_ACTIVE views= 8 mean_abs_feat_delta= 0.326542\n"}
,{"stream_name":"stdout","time":800.171393539,"data":"EDGE_TTA_ACTIVE views= 8 mean_abs_feat_delta= 0.372432\n"}
,{"stream_name":"stdout","time":800.975574094,"data":"SECONDARY_EDGE_TTA_ACTIVE views= 8 weight= 0.75 mean_abs_feat_delta= 0.232848\n"}
,{"stream_name":"stdout","time":801.123048725,"data":"SECONDARY_EDGE_TTA_ACTIVE views= 8 weight= 0.75 mean_abs_feat_delta= 0.234792\n"}
,{"stream_name":"stdout","time":801.179740269,"data":"SECONDARY_EDGE_TTA_ACTIVE views= 8 weight= 0.75 mean_abs_feat_delta= 0.232848\n"}
,{"stream_name":"stdout","time":801.179820506,"data":"SECONDARY_EDGE_TTA_ACTIVE views= 8 weight= 0.75 mean_abs_feat_delta= 0.234792\n"}
,{"stream_name":"stdout","time":802.497889544,"data":"EDGE_TTA_ACTIVE views= 8 mean_abs_feat_delta= 0.371331\n"}
,{"stream_name":"stdout","time":802.700382609,"data":"EDGE_TTA_ACTIVE views= 8 mean_abs_feat_delta= 0.371331\n"}
,{"stream_name":"stdout","time":802.713276612,"data":"EDGE_TTA_ACTIVE views= 8 mean_abs_feat_delta= 0.330817\n"}
,{"stream_name":"stdout","time":802.91569455,"data":"EDGE_TTA_ACTIVE views= 8 mean_abs_feat_delta= 0.330817\n"}
,{"stream_name":"stdout","time":803.522181685,"data":"SECONDARY_EDGE_TTA_ACTIVE views= 8 weight= 0.75 mean_abs_feat_delta= 0.233309\n"}
,{"stream_name":"stdout","time":803.724503472,"data":"SECONDARY_EDGE_TTA_ACTIVE views= 8 weight= 0.75 mean_abs_feat_delta= 0.233309\n"}
,{"stream_name":"stdout","time":803.724918017,"data":"SECONDARY_EDGE_TTA_ACTIVE views= 8 weight= 0.75 mean_abs_feat_delta= 0.237853\n"}
,{"stream_name":"stdout","time":803.927756535,"data":"SECONDARY_EDGE_TTA_ACTIVE views= 8 weight= 0.75 mean_abs_feat_delta= 0.237853\n"}
,{"stream_name":"stdout","time":804.848878604,"data":"EDGE_TTA_ACTIVE views= 8 mean_abs_feat_delta= 0.369641\n"}
,{"stream_name":"stdout","time":805.051984625,"data":"EDGE_TTA_ACTIVE views= 8 mean_abs_feat_delta= 0.369641\n"}
,{"stream_name":"stdout","time":805.358196673,"data":"EDGE_TTA_ACTIVE views= 8 mean_abs_feat_delta= 0.333516\n"}
,{"stream_name":"stdout","time":805.561117797,"data":"EDGE_TTA_ACTIVE views= 8 mean_abs_feat_delta= 0.333516\n"}
,{"stream_name":"stdout","time":805.874913323,"data":"SECONDARY_EDGE_TTA_ACTIVE views= 8 weight= 0.75 mean_abs_feat_delta= 0.231091\n"}
,{"stream_name":"stdout","time":806.077572807,"data":"SECONDARY_EDGE_TTA_ACTIVE views= 8 weight= 0.75 mean_abs_feat_delta= 0.231091\n"}
,{"stream_name":"stdout","time":806.373973179,"data":"SECONDARY_EDGE_TTA_ACTIVE views= 8 weight= 0.75 mean_abs_feat_delta= 0.239154\n"}
,{"stream_name":"stdout","time":806.576624254,"data":"SECONDARY_EDGE_TTA_ACTIVE views= 8 weight= 0.75 mean_abs_feat_delta= 0.239154\n"}
,{"stream_name":"stdout","time":807.171474095,"data":"EDGE_TTA_ACTIVE views= 8 mean_abs_feat_delta= 0.371647\n"}
,{"stream_name":"stdout","time":807.374193527,"data":"EDGE_TTA_ACTIVE views= 8 mean_abs_feat_delta= 0.371647\n"}
,{"stream_name":"stdout","time":807.951415105,"data":"EDGE_TTA_ACTIVE views= 8 mean_abs_feat_delta= 0.338251\n"}
,{"stream_name":"stdout","time":808.154220227,"data":"EDGE_TTA_ACTIVE views= 8 mean_abs_feat_delta= 0.338251\n"}
,{"stream_name":"stdout","time":808.194887702,"data":"SECONDARY_EDGE_TTA_ACTIVE views= 8 weight= 0.75 mean_abs_feat_delta= 0.231415\n"}
,{"stream_name":"stdout","time":808.397229723,"data":"SECONDARY_EDGE_TTA_ACTIVE views= 8 weight= 0.75 mean_abs_feat_delta= 0.231415\n"}
,{"stream_name":"stdout","time":808.965590214,"data":"SECONDARY_EDGE_TTA_ACTIVE views= 8 weight= 0.75 mean_abs_feat_delta= 0.237397\n"}
,{"stream_name":"stdout","time":809.168405001,"data":"SECONDARY_EDGE_TTA_ACTIVE views= 8 weight= 0.75 mean_abs_feat_delta= 0.237397\n"}
,{"stream_name":"stdout","time":809.502520444,"data":"EDGE_TTA_ACTIVE views= 8 mean_abs_feat_delta= 0.368025\n"}
,{"stream_name":"stdout","time":809.704806352,"data":"EDGE_TTA_ACTIVE views= 8 mean_abs_feat_delta= 0.368025\n"}
,{"stream_name":"stdout","time":810.530411663,"data":"SECONDARY_EDGE_TTA_ACTIVE views= 8 weight= 0.75 mean_abs_feat_delta= 0.232042\n"}
,{"stream_name":"stdout","time":810.55739268,"data":"EDGE_TTA_ACTIVE views= 8 mean_abs_feat_delta= 0.33547\n"}
,{"stream_name":"stdout","time":810.733011962,"data":"SECONDARY_EDGE_TTA_ACTIVE views= 8 weight= 0.75 mean_abs_feat_delta= 0.232042\n"}
,{"stream_name":"stdout","time":810.733074962,"data":"EDGE_TTA_ACTIVE views= 8 mean_abs_feat_delta= 0.33547\n"}
,{"stream_name":"stdout","time":811.574421132,"data":"SECONDARY_EDGE_TTA_ACTIVE views= 8 weight= 0.75 mean_abs_feat_delta= 0.234414\n"}
,{"stream_name":"stdout","time":811.777344893,"data":"SECONDARY_EDGE_TTA_ACTIVE views= 8 weight= 0.75 mean_abs_feat_delta= 0.234414\n"}
,{"stream_name":"stdout","time":811.817079933,"data":"EDGE_TTA_ACTIVE views= 8 mean_abs_feat_delta= 0.362922\n"}
,{"stream_name":"stdout","time":812.019337819,"data":"EDGE_TTA_ACTIVE views= 8 mean_abs_feat_delta= 0.362922\n"}
,{"stream_name":"stdout","time":812.846099843,"data":"SECONDARY_EDGE_TTA_ACTIVE views= 8 weight= 0.75 mean_abs_feat_delta= 0.232766\n"}
,{"stream_name":"stdout","time":813.048526116,"data":"SECONDARY_EDGE_TTA_ACTIVE views= 8 weight= 0.75 mean_abs_feat_delta= 0.232766\n"}
,{"stream_name":"stdout","time":813.20161086,"data":"EDGE_TTA_ACTIVE views= 8 mean_abs_feat_delta= 0.33764\n"}
,{"stream_name":"stdout","time":813.404438601,"data":"EDGE_TTA_ACTIVE views= 8 mean_abs_feat_delta= 0.33764\n"}
,{"stream_name":"stdout","time":814.13174172,"data":"EDGE_TTA_ACTIVE views= 8 mean_abs_feat_delta= 0.352705\n"}
,{"stream_name":"stdout","time":814.216397765,"data":"SECONDARY_EDGE_TTA_ACTIVE views= 8 weight= 0.75 mean_abs_feat_delta= 0.240575\n"}
,{"stream_name":"stdout","time":814.334406436,"data":"EDGE_TTA_ACTIVE views= 8 mean_abs_feat_delta= 0.352705\n"}
,{"stream_name":"stdout","time":814.334463738,"data":"SECONDARY_EDGE_TTA_ACTIVE views= 8 weight= 0.75 mean_abs_feat_delta= 0.240575\n"}
,{"stream_name":"stdout","time":815.163470945,"data":"SECONDARY_EDGE_TTA_ACTIVE views= 8 weight= 0.75 mean_abs_feat_delta= 0.235979\n"}
,{"stream_name":"stdout","time":815.365944618,"data":"SECONDARY_EDGE_TTA_ACTIVE views= 8 weight= 0.75 mean_abs_feat_delta= 0.235979\n"}
,{"stream_name":"stdout","time":815.829547027,"data":"EDGE_TTA_ACTIVE views= 8 mean_abs_feat_delta= 0.33672\n"}
,{"stream_name":"stdout","time":816.032549727,"data":"EDGE_TTA_ACTIVE views= 8 mean_abs_feat_delta= 0.33672\n"}
,{"stream_name":"stdout","time":816.43702939,"data":"EDGE_TTA_ACTIVE views= 8 mean_abs_feat_delta= 0.336896\n"}
,{"stream_name":"stdout","time":816.639922923,"data":"EDGE_TTA_ACTIVE views= 8 mean_abs_feat_delta= 0.336896\n"}
,{"stream_name":"stdout","time":816.848677384,"data":"SECONDARY_EDGE_TTA_ACTIVE views= 8 weight= 0.75 mean_abs_feat_delta= 0.243445\n"}
,{"stream_name":"stdout","time":817.051201282,"data":"SECONDARY_EDGE_TTA_ACTIVE views= 8 weight= 0.75 mean_abs_feat_delta= 0.243445\n"}
,{"stream_name":"stdout","time":817.467327938,"data":"SECONDARY_EDGE_TTA_ACTIVE views= 8 weight= 0.75 mean_abs_feat_delta= 0.241376\n"}
,{"stream_name":"stdout","time":817.669673076,"data":"SECONDARY_EDGE_TTA_ACTIVE views= 8 weight= 0.75 mean_abs_feat_delta= 0.241376\n"}
,{"stream_name":"stdout","time":818.482723598,"data":"EDGE_TTA_ACTIVE views= 8 mean_abs_feat_delta= 0.334338\n"}
,{"stream_name":"stdout","time":818.686090362,"data":"EDGE_TTA_ACTIVE views= 8 mean_abs_feat_delta= 0.334338\n"}
,{"stream_name":"stdout","time":818.718971758,"data":"EDGE_TTA_ACTIVE views= 8 mean_abs_feat_delta= 0.34476\n"}
,{"stream_name":"stdout","time":818.921916312,"data":"EDGE_TTA_ACTIVE views= 8 mean_abs_feat_delta= 0.34476\n"}
,{"stream_name":"stdout","time":819.49995091,"data":"SECONDARY_EDGE_TTA_ACTIVE views= 8 weight= 0.75 mean_abs_feat_delta= 0.242483\n"}
,{"stream_name":"stdout","time":819.70285979,"data":"SECONDARY_EDGE_TTA_ACTIVE views= 8 weight= 0.75 mean_abs_feat_delta= 0.242483\n"}
,{"stream_name":"stdout","time":819.750505552,"data":"SECONDARY_EDGE_TTA_ACTIVE views= 8 weight= 0.75 mean_abs_feat_delta= 0.233304\n"}
,{"stream_name":"stdout","time":819.952633007,"data":"SECONDARY_EDGE_TTA_ACTIVE views= 8 weight= 0.75 mean_abs_feat_delta= 0.233304\n"}
,{"stream_name":"stdout","time":821.05918874,"data":"EDGE_TTA_ACTIVE views= 8 mean_abs_feat_delta= 0.351291\n"}
,{"stream_name":"stdout","time":821.118653516,"data":"EDGE_TTA_ACTIVE views= 8 mean_abs_feat_delta= 0.334525\n"}
,{"stream_name":"stdout","time":821.262066649,"data":"EDGE_TTA_ACTIVE views= 8 mean_abs_feat_delta= 0.351291\n"}
,{"stream_name":"stdout","time":821.262164856,"data":"EDGE_TTA_ACTIVE views= 8 mean_abs_feat_delta= 0.334525\n"}
,{"stream_name":"stdout","time":822.088378573,"data":"SECONDARY_EDGE_TTA_ACTIVE views= 8 weight= 0.75 mean_abs_feat_delta= 0.237349\n"}
,{"stream_name":"stdout","time":822.133981073,"data":"SECONDARY_EDGE_TTA_ACTIVE views= 8 weight= 0.75 mean_abs_feat_delta= 0.240926\n"}
,{"stream_name":"stdout","time":822.291278479,"data":"SECONDARY_EDGE_TTA_ACTIVE views= 8 weight= 0.75 mean_abs_feat_delta= 0.237349\n"}
,{"stream_name":"stdout","time":822.291349156,"data":"SECONDARY_EDGE_TTA_ACTIVE views= 8 weight= 0.75 mean_abs_feat_delta= 0.240926\n"}
,{"stream_name":"stdout","time":823.398829621,"data":"EDGE_TTA_ACTIVE views= 8 mean_abs_feat_delta= 0.350787\n"}
,{"stream_name":"stdout","time":823.601464974,"data":"EDGE_TTA_ACTIVE views= 8 mean_abs_feat_delta= 0.350787\n"}
,{"stream_name":"stdout","time":823.773125607,"data":"EDGE_TTA_ACTIVE views= 8 mean_abs_feat_delta= 0.333381\n"}
,{"stream_name":"stdout","time":823.975721261,"data":"EDGE_TTA_ACTIVE views= 8 mean_abs_feat_delta= 0.333381\n"}
,{"stream_name":"stdout","time":824.42685692,"data":"SECONDARY_EDGE_TTA_ACTIVE views= 8 weight= 0.75 mean_abs_feat_delta= 0.237192\n"}
,{"stream_name":"stdout","time":824.629744143,"data":"SECONDARY_EDGE_TTA_ACTIVE views= 8 weight= 0.75 mean_abs_feat_delta= 0.237192\n"}
,{"stream_name":"stdout","time":824.789047128,"data":"SECONDARY_EDGE_TTA_ACTIVE views= 8 weight= 0.75 mean_abs_feat_delta= 0.239347\n"}
,{"stream_name":"stdout","time":824.992264107,"data":"SECONDARY_EDGE_TTA_ACTIVE views= 8 weight= 0.75 mean_abs_feat_delta= 0.239347\n"}
,{"stream_name":"stdout","time":825.775001445,"data":"EDGE_TTA_ACTIVE views= 8 mean_abs_feat_delta= 0.352459\n"}
,{"stream_name":"stdout","time":825.977711139,"data":"EDGE_TTA_ACTIVE views= 8 mean_abs_feat_delta= 0.352459\n"}
,{"stream_name":"stdout","time":826.433902638,"data":"EDGE_TTA_ACTIVE views= 8 mean_abs_feat_delta= 0.333347\n"}
,{"stream_name":"stdout","time":826.636544525,"data":"EDGE_TTA_ACTIVE views= 8 mean_abs_feat_delta= 0.333347\n"}
,{"stream_name":"stdout","time":826.802375513,"data":"SECONDARY_EDGE_TTA_ACTIVE views= 8 weight= 0.75 mean_abs_feat_delta= 0.23579\n"}
,{"stream_name":"stdout","time":827.046487813,"data":"SECONDARY_EDGE_TTA_ACTIVE views= 8 weight= 0.75 mean_abs_feat_delta= 0.23579\n"}
,{"stream_name":"stdout","time":827.448427578,"data":"SECONDARY_EDGE_TTA_ACTIVE views= 8 weight= 0.75 mean_abs_feat_delta= 0.242044\n"}
,{"stream_name":"stdout","time":827.651196244,"data":"SECONDARY_EDGE_TTA_ACTIVE views= 8 weight= 0.75 mean_abs_feat_delta= 0.242044\n"}
,{"stream_name":"stdout","time":828.120103289,"data":"EDGE_TTA_ACTIVE views= 8 mean_abs_feat_delta= 0.343926\n"}
,{"stream_name":"stdout","time":828.322662249,"data":"EDGE_TTA_ACTIVE views= 8 mean_abs_feat_delta= 0.343926\n"}
,{"stream_name":"stdout","time":829.051728797,"data":"EDGE_TTA_ACTIVE views= 8 mean_abs_feat_delta= 0.328851\n"}
,{"stream_name":"stdout","time":829.148215848,"data":"SECONDARY_EDGE_TTA_ACTIVE views= 8 weight= 0.75 mean_abs_feat_delta= 0.245733\n"}
,{"stream_name":"stdout","time":829.254181435,"data":"EDGE_TTA_ACTIVE views= 8 mean_abs_feat_delta= 0.328851\n"}
,{"stream_name":"stdout","time":829.25421111,"data":"SECONDARY_EDGE_TTA_ACTIVE views= 8 weight= 0.75 mean_abs_feat_delta= 0.245733\n"}
,{"stream_name":"stdout","time":830.06709262,"data":"SECONDARY_EDGE_TTA_ACTIVE views= 8 weight= 0.75 mean_abs_feat_delta= 0.234375\n"}
,{"stream_name":"stdout","time":830.27018397,"data":"SECONDARY_EDGE_TTA_ACTIVE views= 8 weight= 0.75 mean_abs_feat_delta= 0.234375\n"}
,{"stream_name":"stdout","time":830.417281503,"data":"EDGE_TTA_ACTIVE views= 8 mean_abs_feat_delta= 0.361961\n"}
,{"stream_name":"stdout","time":830.620142805,"data":"EDGE_TTA_ACTIVE views= 8 mean_abs_feat_delta= 0.361961\n"}
,{"stream_name":"stdout","time":831.444905996,"data":"SECONDARY_EDGE_TTA_ACTIVE views= 8 weight= 0.75 mean_abs_feat_delta= 0.237609\n"}
,{"stream_name":"stdout","time":831.647525881,"data":"SECONDARY_EDGE_TTA_ACTIVE views= 8 weight= 0.75 mean_abs_feat_delta= 0.237609\n"}
,{"stream_name":"stdout","time":831.786235516,"data":"EDGE_TTA_ACTIVE views= 8 mean_abs_feat_delta= 0.330146\n"}
,{"stream_name":"stdout","time":831.98896462,"data":"EDGE_TTA_ACTIVE views= 8 mean_abs_feat_delta= 0.330146\n"}
,{"stream_name":"stdout","time":832.771468857,"data":"EDGE_TTA_ACTIVE views= 8 mean_abs_feat_delta= 0.359198\n"}
,{"stream_name":"stdout","time":832.798940881,"data":"SECONDARY_EDGE_TTA_ACTIVE views= 8 weight= 0.75 mean_abs_feat_delta= 0.237823\n"}
,{"stream_name":"stdout","time":832.973624245,"data":"EDGE_TTA_ACTIVE views= 8 mean_abs_feat_delta= 0.359198\n"}
,{"stream_name":"stdout","time":832.973685901,"data":"SECONDARY_EDGE_TTA_ACTIVE views= 8 weight= 0.75 mean_abs_feat_delta= 0.237823\n"}
,{"stream_name":"stdout","time":833.798717134,"data":"SECONDARY_EDGE_TTA_ACTIVE views= 8 weight= 0.75 mean_abs_feat_delta= 0.24975\n"}
,{"stream_name":"stdout","time":834.001442534,"data":"SECONDARY_EDGE_TTA_ACTIVE views= 8 weight= 0.75 mean_abs_feat_delta= 0.24975\n"}
,{"stream_name":"stdout","time":834.393534223,"data":"EDGE_TTA_ACTIVE views= 8 mean_abs_feat_delta= 0.332437\n"}
,{"stream_name":"stdout","time":834.596329387,"data":"EDGE_TTA_ACTIVE views= 8 mean_abs_feat_delta= 0.332437\n"}
,{"stream_name":"stdout","time":835.119433416,"data":"EDGE_TTA_ACTIVE views= 8 mean_abs_feat_delta= 0.364122\n"}
,{"stream_name":"stdout","time":835.322120578,"data":"EDGE_TTA_ACTIVE views= 8 mean_abs_feat_delta= 0.364122\n"}
,{"stream_name":"stdout","time":835.402355555,"data":"SECONDARY_EDGE_TTA_ACTIVE views= 8 weight= 0.75 mean_abs_feat_delta= 0.245629\n"}
,{"stream_name":"stdout","time":835.605002492,"data":"SECONDARY_EDGE_TTA_ACTIVE views= 8 weight= 0.75 mean_abs_feat_delta= 0.245629\n"}
,{"stream_name":"stdout","time":836.147852379,"data":"SECONDARY_EDGE_TTA_ACTIVE views= 8 weight= 0.75 mean_abs_feat_delta= 0.23735\n"}
,{"stream_name":"stdout","time":836.350547285,"data":"SECONDARY_EDGE_TTA_ACTIVE views= 8 weight= 0.75 mean_abs_feat_delta= 0.23735\n"}
,{"stream_name":"stdout","time":836.973608393,"data":"EDGE_TTA_ACTIVE views= 8 mean_abs_feat_delta= 0.333403\n"}
,{"stream_name":"stdout","time":837.176406023,"data":"EDGE_TTA_ACTIVE views= 8 mean_abs_feat_delta= 0.333403\n"}
,{"stream_name":"stdout","time":837.506341492,"data":"EDGE_TTA_ACTIVE views= 8 mean_abs_feat_delta= 0.357428\n"}
,{"stream_name":"stdout","time":837.709204021,"data":"EDGE_TTA_ACTIVE views= 8 mean_abs_feat_delta= 0.357428\n"}
,{"stream_name":"stdout","time":837.983336499,"data":"SECONDARY_EDGE_TTA_ACTIVE views= 8 weight= 0.75 mean_abs_feat_delta= 0.250556\n"}
,{"stream_name":"stdout","time":838.185818272,"data":"SECONDARY_EDGE_TTA_ACTIVE views= 8 weight= 0.75 mean_abs_feat_delta= 0.250556\n"}
,{"stream_name":"stdout","time":838.532245852,"data":"SECONDARY_EDGE_TTA_ACTIVE views= 8 weight= 0.75 mean_abs_feat_delta= 0.239857\n"}
,{"stream_name":"stdout","time":838.734986718,"data":"SECONDARY_EDGE_TTA_ACTIVE views= 8 weight= 0.75 mean_abs_feat_delta= 0.239857\n"}
,{"stream_name":"stdout","time":839.570090351,"data":"EDGE_TTA_ACTIVE views= 8 mean_abs_feat_delta= 0.334041\n"}
,{"stream_name":"stdout","time":839.77237944,"data":"EDGE_TTA_ACTIVE views= 8 mean_abs_feat_delta= 0.334041\n"}
,{"stream_name":"stdout","time":839.843888818,"data":"EDGE_TTA_ACTIVE views= 8 mean_abs_feat_delta= 0.343652\n"}
,{"stream_name":"stdout","time":840.046328678,"data":"EDGE_TTA_ACTIVE views= 8 mean_abs_feat_delta= 0.343652\n"}
,{"stream_name":"stdout","time":840.577739847,"data":"SECONDARY_EDGE_TTA_ACTIVE views= 8 weight= 0.75 mean_abs_feat_delta= 0.247411\n"}
,{"stream_name":"stdout","time":840.780223581,"data":"SECONDARY_EDGE_TTA_ACTIVE views= 8 weight= 0.75 mean_abs_feat_delta= 0.247411\n"}
,{"stream_name":"stdout","time":840.867552827,"data":"SECONDARY_EDGE_TTA_ACTIVE views= 8 weight= 0.75 mean_abs_feat_delta= 0.246472\n"}
,{"stream_name":"stdout","time":841.069591351,"data":"SECONDARY_EDGE_TTA_ACTIVE views= 8 weight= 0.75 mean_abs_feat_delta= 0.246472\n"}
,{"stream_name":"stdout","time":842.193154856,"data":"EDGE_TTA_ACTIVE views= 8 mean_abs_feat_delta= 0.334594\n"}
,{"stream_name":"stdout","time":842.19324726,"data":"EDGE_TTA_ACTIVE views= 8 mean_abs_feat_delta= 0.355033\n"}
,{"stream_name":"stdout","time":842.395470134,"data":"EDGE_TTA_ACTIVE views= 8 mean_abs_feat_delta= 0.334594\n"}
,{"stream_name":"stdout","time":842.395525133,"data":"EDGE_TTA_ACTIVE views= 8 mean_abs_feat_delta= 0.355033\n"}
,{"stream_name":"stdout","time":843.205019711,"data":"SECONDARY_EDGE_TTA_ACTIVE views= 8 weight= 0.75 mean_abs_feat_delta= 0.23999\n"}
,{"stream_name":"stdout","time":843.21765911,"data":"SECONDARY_EDGE_TTA_ACTIVE views= 8 weight= 0.75 mean_abs_feat_delta= 0.23837\n"}
,{"stream_name":"stdout","time":843.407565248,"data":"SECONDARY_EDGE_TTA_ACTIVE views= 8 weight= 0.75 mean_abs_feat_delta= 0.23999\n"}
,{"stream_name":"stdout","time":843.407599827,"data":"SECONDARY_EDGE_TTA_ACTIVE views= 8 weight= 0.75 mean_abs_feat_delta= 0.23837\n"}
,{"stream_name":"stdout","time":844.525167982,"data":"EDGE_TTA_ACTIVE views= 8 mean_abs_feat_delta= 0.351347\n"}
,{"stream_name":"stdout","time":844.727931055,"data":"EDGE_TTA_ACTIVE views= 8 mean_abs_feat_delta= 0.351347\n"}
,{"stream_name":"stdout","time":844.820746194,"data":"EDGE_TTA_ACTIVE views= 8 mean_abs_feat_delta= 0.341383\n"}
,{"stream_name":"stdout","time":845.023581125,"data":"EDGE_TTA_ACTIVE views= 8 mean_abs_feat_delta= 0.341383\n"}
,{"stream_name":"stdout","time":845.550067268,"data":"SECONDARY_EDGE_TTA_ACTIVE views= 8 weight= 0.75 mean_abs_feat_delta= 0.23794\n"}
,{"stream_name":"stdout","time":845.752232624,"data":"SECONDARY_EDGE_TTA_ACTIVE views= 8 weight= 0.75 mean_abs_feat_delta= 0.23794\n"}
,{"stream_name":"stdout","time":845.829872421,"data":"SECONDARY_EDGE_TTA_ACTIVE views= 8 weight= 0.75 mean_abs_feat_delta= 0.238628\n"}
,{"stream_name":"stdout","time":846.0326439,"data":"SECONDARY_EDGE_TTA_ACTIVE views= 8 weight= 0.75 mean_abs_feat_delta= 0.238628\n"}
,{"stream_name":"stdout","time":846.876320791,"data":"EDGE_TTA_ACTIVE views= 8 mean_abs_feat_delta= 0.353252\n"}
,{"stream_name":"stdout","time":847.079625807,"data":"EDGE_TTA_ACTIVE views= 8 mean_abs_feat_delta= 0.353252\n"}
,{"stream_name":"stdout","time":847.418838645,"data":"EDGE_TTA_ACTIVE views= 8 mean_abs_feat_delta= 0.342063\n"}
,{"stream_name":"stdout","time":847.621713903,"data":"EDGE_TTA_ACTIVE views= 8 mean_abs_feat_delta= 0.342063\n"}
,{"stream_name":"stdout","time":847.900836025,"data":"SECONDARY_EDGE_TTA_ACTIVE views= 8 weight= 0.75 mean_abs_feat_delta= 0.237401\n"}
,{"stream_name":"stdout","time":848.103695602,"data":"SECONDARY_EDGE_TTA_ACTIVE views= 8 weight= 0.75 mean_abs_feat_delta= 0.237401\n"}
,{"stream_name":"stdout","time":848.427619268,"data":"SECONDARY_EDGE_TTA_ACTIVE views= 8 weight= 0.75 mean_abs_feat_delta= 0.240102\n"}
,{"stream_name":"stdout","time":848.630601013,"data":"SECONDARY_EDGE_TTA_ACTIVE views= 8 weight= 0.75 mean_abs_feat_delta= 0.240102\n"}
,{"stream_name":"stdout","time":849.232129802,"data":"EDGE_TTA_ACTIVE views= 8 mean_abs_feat_delta= 0.33905\n"}
,{"stream_name":"stdout","time":849.43470876,"data":"EDGE_TTA_ACTIVE views= 8 mean_abs_feat_delta= 0.33905\n"}
,{"stream_name":"stdout","time":850.028659408,"data":"EDGE_TTA_ACTIVE views= 8 mean_abs_feat_delta= 0.340994\n"}
,{"stream_name":"stdout","time":850.23163928,"data":"EDGE_TTA_ACTIVE views= 8 mean_abs_feat_delta= 0.340994\n"}
,{"stream_name":"stdout","time":850.258454908,"data":"SECONDARY_EDGE_TTA_ACTIVE views= 8 weight= 0.75 mean_abs_feat_delta= 0.245673\n"}
,{"stream_name":"stdout","time":850.460584613,"data":"SECONDARY_EDGE_TTA_ACTIVE views= 8 weight= 0.75 mean_abs_feat_delta= 0.245673\n"}
,{"stream_name":"stdout","time":851.0345182,"data":"SECONDARY_EDGE_TTA_ACTIVE views= 8 weight= 0.75 mean_abs_feat_delta= 0.238697\n"}
,{"stream_name":"stdout","time":851.237332827,"data":"SECONDARY_EDGE_TTA_ACTIVE views= 8 weight= 0.75 mean_abs_feat_delta= 0.238697\n"}
,{"stream_name":"stdout","time":851.591858276,"data":"EDGE_TTA_ACTIVE views= 8 mean_abs_feat_delta= 0.354422\n"}
,{"stream_name":"stdout","time":851.794582896,"data":"EDGE_TTA_ACTIVE views= 8 mean_abs_feat_delta= 0.354422\n"}
,{"stream_name":"stdout","time":852.607521018,"data":"EDGE_TTA_ACTIVE views= 8 mean_abs_feat_delta= 0.349258\n"}
,{"stream_name":"stdout","time":852.612726612,"data":"SECONDARY_EDGE_TTA_ACTIVE views= 8 weight= 0.75 mean_abs_feat_delta= 0.235875\n"}
,{"stream_name":"stdout","time":852.811051473,"data":"EDGE_TTA_ACTIVE views= 8 mean_abs_feat_delta= 0.349258\n"}
,{"stream_name":"stdout","time":852.811112459,"data":"SECONDARY_EDGE_TTA_ACTIVE views= 8 weight= 0.75 mean_abs_feat_delta= 0.235875\n"}
,{"stream_name":"stdout","time":853.61687399,"data":"SECONDARY_EDGE_TTA_ACTIVE views= 8 weight= 0.75 mean_abs_feat_delta= 0.23773\n"}
,{"stream_name":"stdout","time":853.819722384,"data":"SECONDARY_EDGE_TTA_ACTIVE views= 8 weight= 0.75 mean_abs_feat_delta= 0.23773\n"}
,{"stream_name":"stdout","time":854.005940683,"data":"EDGE_TTA_ACTIVE views= 8 mean_abs_feat_delta= 0.359708\n"}
,{"stream_name":"stdout","time":854.208647388,"data":"EDGE_TTA_ACTIVE views= 8 mean_abs_feat_delta= 0.359708\n"}
,{"stream_name":"stdout","time":855.026844671,"data":"SECONDARY_EDGE_TTA_ACTIVE views= 8 weight= 0.75 mean_abs_feat_delta= 0.241531\n"}
,{"stream_name":"stdout","time":855.186613501,"data":"EDGE_TTA_ACTIVE views= 8 mean_abs_feat_delta= 0.350251\n"}
,{"stream_name":"stdout","time":855.229720621,"data":"SECONDARY_EDGE_TTA_ACTIVE views= 8 weight= 0.75 mean_abs_feat_delta= 0.241531\n"}
,{"stream_name":"stdout","time":855.229761943,"data":"EDGE_TTA_ACTIVE views= 8 mean_abs_feat_delta= 0.350251\n"}
,{"stream_name":"stdout","time":856.197512173,"data":"SECONDARY_EDGE_TTA_ACTIVE views= 8 weight= 0.75 mean_abs_feat_delta= 0.24202\n"}
,{"stream_name":"stdout","time":856.341557852,"data":"EDGE_TTA_ACTIVE views= 8 mean_abs_feat_delta= 0.359515\n"}
,{"stream_name":"stdout","time":856.400080608,"data":"SECONDARY_EDGE_TTA_ACTIVE views= 8 weight= 0.75 mean_abs_feat_delta= 0.24202\n"}
,{"stream_name":"stdout","time":856.400119708,"data":"EDGE_TTA_ACTIVE views= 8 mean_abs_feat_delta= 0.359515\n"}
,{"stream_name":"stdout","time":857.361621228,"data":"SECONDARY_EDGE_TTA_ACTIVE views= 8 weight= 0.75 mean_abs_feat_delta= 0.238654\n"}
,{"stream_name":"stdout","time":857.593456888,"data":"SECONDARY_EDGE_TTA_ACTIVE views= 8 weight= 0.75 mean_abs_feat_delta= 0.238654\n"}
,{"stream_name":"stdout","time":857.821767905,"data":"EDGE_TTA_ACTIVE views= 8 mean_abs_feat_delta= 0.347378\n"}
,{"stream_name":"stdout","time":858.024766854,"data":"EDGE_TTA_ACTIVE views= 8 mean_abs_feat_delta= 0.347378\n"}
,{"stream_name":"stdout","time":858.669318861,"data":"EDGE_TTA_ACTIVE views= 8 mean_abs_feat_delta= 0.356987\n"}
,{"stream_name":"stdout","time":858.829461909,"data":"SECONDARY_EDGE_TTA_ACTIVE views= 8 weight= 0.75 mean_abs_feat_delta= 0.244002\n"}
,{"stream_name":"stdout","time":858.872218405,"data":"EDGE_TTA_ACTIVE views= 8 mean_abs_feat_delta= 0.356987\n"}
,{"stream_name":"stdout","time":858.87228829,"data":"SECONDARY_EDGE_TTA_ACTIVE views= 8 weight= 0.75 mean_abs_feat_delta= 0.244002\n"}
,{"stream_name":"stdout","time":859.689431197,"data":"SECONDARY_EDGE_TTA_ACTIVE views= 8 weight= 0.75 mean_abs_feat_delta= 0.235897\n"}
,{"stream_name":"stdout","time":859.891798038,"data":"SECONDARY_EDGE_TTA_ACTIVE views= 8 weight= 0.75 mean_abs_feat_delta= 0.235897\n"}
,{"stream_name":"stdout","time":860.421592313,"data":"EDGE_TTA_ACTIVE views= 8 mean_abs_feat_delta= 0.347056\n"}
,{"stream_name":"stdout","time":860.624153205,"data":"EDGE_TTA_ACTIVE views= 8 mean_abs_feat_delta= 0.347056\n"}
,{"stream_name":"stdout","time":860.988241525,"data":"EDGE_TTA_ACTIVE views= 8 mean_abs_feat_delta= 0.358806\n"}
,{"stream_name":"stdout","time":861.190621703,"data":"EDGE_TTA_ACTIVE views= 8 mean_abs_feat_delta= 0.358806\n"}
,{"stream_name":"stdout","time":861.430471902,"data":"SECONDARY_EDGE_TTA_ACTIVE views= 8 weight= 0.75 mean_abs_feat_delta= 0.243466\n"}
,{"stream_name":"stdout","time":861.632805041,"data":"SECONDARY_EDGE_TTA_ACTIVE views= 8 weight= 0.75 mean_abs_feat_delta= 0.243466\n"}
,{"stream_name":"stdout","time":862.007180122,"data":"SECONDARY_EDGE_TTA_ACTIVE views= 8 weight= 0.75 mean_abs_feat_delta= 0.232787\n"}
,{"stream_name":"stdout","time":862.209126962,"data":"SECONDARY_EDGE_TTA_ACTIVE views= 8 weight= 0.75 mean_abs_feat_delta= 0.232787\n"}
,{"stream_name":"stdout","time":862.933457895,"data":"EDGE_TTA_ACTIVE views= 8 mean_abs_feat_delta= 0.346893\n"}
,{"stream_name":"stdout","time":863.135580205,"data":"EDGE_TTA_ACTIVE views= 8 mean_abs_feat_delta= 0.346893\n"}
,{"stream_name":"stdout","time":863.271123153,"data":"EDGE_TTA_ACTIVE views= 8 mean_abs_feat_delta= 0.360605\n"}
,{"stream_name":"stdout","time":863.473244173,"data":"EDGE_TTA_ACTIVE views= 8 mean_abs_feat_delta= 0.360605\n"}
,{"stream_name":"stdout","time":863.938454576,"data":"SECONDARY_EDGE_TTA_ACTIVE views= 8 weight= 0.75 mean_abs_feat_delta= 0.244332\n"}
,{"stream_name":"stdout","time":864.140903028,"data":"SECONDARY_EDGE_TTA_ACTIVE views= 8 weight= 0.75 mean_abs_feat_delta= 0.244332\n"}
,{"stream_name":"stdout","time":864.292184459,"data":"SECONDARY_EDGE_TTA_ACTIVE views= 8 weight= 0.75 mean_abs_feat_delta= 0.235419\n"}
,{"stream_name":"stdout","time":864.494038858,"data":"SECONDARY_EDGE_TTA_ACTIVE views= 8 weight= 0.75 mean_abs_feat_delta= 0.235419\n"}
,{"stream_name":"stdout","time":865.48647082,"data":"EDGE_TTA_ACTIVE views= 8 mean_abs_feat_delta= 0.350486\n"}
,{"stream_name":"stdout","time":865.56454138,"data":"EDGE_TTA_ACTIVE views= 8 mean_abs_feat_delta= 0.35888\n"}
,{"stream_name":"stdout","time":865.688993103,"data":"EDGE_TTA_ACTIVE views= 8 mean_abs_feat_delta= 0.350486\n"}
,{"stream_name":"stdout","time":865.689014854,"data":"EDGE_TTA_ACTIVE views= 8 mean_abs_feat_delta= 0.35888\n"}
,{"stream_name":"stdout","time":866.490586073,"data":"SECONDARY_EDGE_TTA_ACTIVE views= 8 weight= 0.75 mean_abs_feat_delta= 0.250322\n"}
,{"stream_name":"stdout","time":866.588142476,"data":"SECONDARY_EDGE_TTA_ACTIVE views= 8 weight= 0.75 mean_abs_feat_delta= 0.232021\n"}
,{"stream_name":"stdout","time":866.692998522,"data":"SECONDARY_EDGE_TTA_ACTIVE views= 8 weight= 0.75 mean_abs_feat_delta= 0.250322\n"}
,{"stream_name":"stdout","time":866.693024277,"data":"SECONDARY_EDGE_TTA_ACTIVE views= 8 weight= 0.75 mean_abs_feat_delta= 0.232021\n"}
,{"stream_name":"stdout","time":867.885880738,"data":"EDGE_TTA_ACTIVE views= 8 mean_abs_feat_delta= 0.364525\n"}
,{"stream_name":"stdout","time":868.042028214,"data":"EDGE_TTA_ACTIVE views= 8 mean_abs_feat_delta= 0.338761\n"}
,{"stream_name":"stdout","time":868.088182838,"data":"EDGE_TTA_ACTIVE views= 8 mean_abs_feat_delta= 0.364525\n"}
,{"stream_name":"stdout","time":868.088210918,"data":"EDGE_TTA_ACTIVE views= 8 mean_abs_feat_delta= 0.338761\n"}
,{"stream_name":"stdout","time":868.903985718,"data":"SECONDARY_EDGE_TTA_ACTIVE views= 8 weight= 0.75 mean_abs_feat_delta= 0.235438\n"}
,{"stream_name":"stdout","time":869.050406722,"data":"SECONDARY_EDGE_TTA_ACTIVE views= 8 weight= 0.75 mean_abs_feat_delta= 0.239771\n"}
,{"stream_name":"stdout","time":869.105973685,"data":"SECONDARY_EDGE_TTA_ACTIVE views= 8 weight= 0.75 mean_abs_feat_delta= 0.235438\n"}
,{"stream_name":"stdout","time":869.106021583,"data":"SECONDARY_EDGE_TTA_ACTIVE views= 8 weight= 0.75 mean_abs_feat_delta= 0.239771\n"}
,{"stream_name":"stdout","time":870.162111008,"data":"EDGE_TTA_ACTIVE views= 8 mean_abs_feat_delta= 0.367055\n"}
,{"stream_name":"stdout","time":870.364509048,"data":"EDGE_TTA_ACTIVE views= 8 mean_abs_feat_delta= 0.367055\n"}
,{"stream_name":"stdout","time":870.607866112,"data":"EDGE_TTA_ACTIVE views= 8 mean_abs_feat_delta= 0.341688\n"}
,{"stream_name":"stdout","time":870.810285826,"data":"EDGE_TTA_ACTIVE views= 8 mean_abs_feat_delta= 0.341688\n"}
,{"stream_name":"stdout","time":871.183260633,"data":"SECONDARY_EDGE_TTA_ACTIVE views= 8 weight= 0.75 mean_abs_feat_delta= 0.238512\n"}
,{"stream_name":"stdout","time":871.38505038,"data":"SECONDARY_EDGE_TTA_ACTIVE views= 8 weight= 0.75 mean_abs_feat_delta= 0.238512\n"}
,{"stream_name":"stdout","time":871.614388117,"data":"SECONDARY_EDGE_TTA_ACTIVE views= 8 weight= 0.75 mean_abs_feat_delta= 0.245536\n"}
,{"stream_name":"stdout","time":871.816440687,"data":"SECONDARY_EDGE_TTA_ACTIVE views= 8 weight= 0.75 mean_abs_feat_delta= 0.245536\n"}
,{"stream_name":"stdout","time":872.443075542,"data":"EDGE_TTA_ACTIVE views= 8 mean_abs_feat_delta= 0.351417\n"}
,{"stream_name":"stdout","time":872.645226258,"data":"EDGE_TTA_ACTIVE views= 8 mean_abs_feat_delta= 0.351417\n"}
,{"stream_name":"stdout","time":873.163831131,"data":"EDGE_TTA_ACTIVE views= 8 mean_abs_feat_delta= 0.34422\n"}
,{"stream_name":"stdout","time":873.366011894,"data":"EDGE_TTA_ACTIVE views= 8 mean_abs_feat_delta= 0.34422\n"}
,{"stream_name":"stdout","time":873.465109594,"data":"SECONDARY_EDGE_TTA_ACTIVE views= 8 weight= 0.75 mean_abs_feat_delta= 0.246384\n"}
,{"stream_name":"stdout","time":873.66718476,"data":"SECONDARY_EDGE_TTA_ACTIVE views= 8 weight= 0.75 mean_abs_feat_delta= 0.246384\n"}
,{"stream_name":"stdout","time":874.168889177,"data":"SECONDARY_EDGE_TTA_ACTIVE views= 8 weight= 0.75 mean_abs_feat_delta= 0.244617\n"}
,{"stream_name":"stdout","time":874.371366519,"data":"SECONDARY_EDGE_TTA_ACTIVE views= 8 weight= 0.75 mean_abs_feat_delta= 0.244617\n"}
,{"stream_name":"stdout","time":874.747375669,"data":"EDGE_TTA_ACTIVE views= 8 mean_abs_feat_delta= 0.363487\n"}
,{"stream_name":"stdout","time":874.948835058,"data":"EDGE_TTA_ACTIVE views= 8 mean_abs_feat_delta= 0.363487\n"}
,{"stream_name":"stdout","time":875.712610021,"data":"EDGE_TTA_ACTIVE views= 8 mean_abs_feat_delta= 0.341185\n"}
,{"stream_name":"stdout","time":875.765333279,"data":"SECONDARY_EDGE_TTA_ACTIVE views= 8 weight= 0.75 mean_abs_feat_delta= 0.234938\n"}
,{"stream_name":"stdout","time":875.915030225,"data":"EDGE_TTA_ACTIVE views= 8 mean_abs_feat_delta= 0.341185\n"}
,{"stream_name":"stdout","time":875.915052695,"data":"SECONDARY_EDGE_TTA_ACTIVE views= 8 weight= 0.75 mean_abs_feat_delta= 0.234938\n"}
,{"stream_name":"stdout","time":876.721785455,"data":"SECONDARY_EDGE_TTA_ACTIVE views= 8 weight= 0.75 mean_abs_feat_delta= 0.245991\n"}
,{"stream_name":"stdout","time":876.924116974,"data":"SECONDARY_EDGE_TTA_ACTIVE views= 8 weight= 0.75 mean_abs_feat_delta= 0.245991\n"}
,{"stream_name":"stdout","time":877.077950057,"data":"EDGE_TTA_ACTIVE views= 8 mean_abs_feat_delta= 0.361591\n"}
,{"stream_name":"stdout","time":877.280535664,"data":"EDGE_TTA_ACTIVE views= 8 mean_abs_feat_delta= 0.361591\n"}
,{"stream_name":"stdout","time":878.097180618,"data":"SECONDARY_EDGE_TTA_ACTIVE views= 8 weight= 0.75 mean_abs_feat_delta= 0.237752\n"}
,{"stream_name":"stdout","time":878.244190953,"data":"EDGE_TTA_ACTIVE views= 8 mean_abs_feat_delta= 0.339136\n"}
,{"stream_name":"stdout","time":878.299495951,"data":"SECONDARY_EDGE_TTA_ACTIVE views= 8 weight= 0.75 mean_abs_feat_delta= 0.237752\n"}
,{"stream_name":"stdout","time":878.299548602,"data":"EDGE_TTA_ACTIVE views= 8 mean_abs_feat_delta= 0.339136\n"}
,{"stream_name":"stdout","time":879.254010018,"data":"SECONDARY_EDGE_TTA_ACTIVE views= 8 weight= 0.75 mean_abs_feat_delta= 0.247398\n"}
,{"stream_name":"stdout","time":879.385507373,"data":"EDGE_TTA_ACTIVE views= 8 mean_abs_feat_delta= 0.35878\n"}
,{"stream_name":"stdout","time":879.456440882,"data":"SECONDARY_EDGE_TTA_ACTIVE views= 8 weight= 0.75 mean_abs_feat_delta= 0.247398\n"}
,{"stream_name":"stdout","time":879.456462658,"data":"EDGE_TTA_ACTIVE views= 8 mean_abs_feat_delta= 0.35878\n"}
,{"stream_name":"stdout","time":880.408666903,"data":"SECONDARY_EDGE_TTA_ACTIVE views= 8 weight= 0.75 mean_abs_feat_delta= 0.23573\n"}
,{"stream_name":"stdout","time":880.611174215,"data":"SECONDARY_EDGE_TTA_ACTIVE views= 8 weight= 0.75 mean_abs_feat_delta= 0.23573\n"}
,{"stream_name":"stdout","time":880.76348778,"data":"EDGE_TTA_ACTIVE views= 8 mean_abs_feat_delta= 0.336056\n"}
,{"stream_name":"stdout","time":880.965682759,"data":"EDGE_TTA_ACTIVE views= 8 mean_abs_feat_delta= 0.336056\n"}
,{"stream_name":"stdout","time":881.71262251,"data":"EDGE_TTA_ACTIVE views= 8 mean_abs_feat_delta= 0.361252\n"}
,{"stream_name":"stdout","time":881.768866491,"data":"SECONDARY_EDGE_TTA_ACTIVE views= 8 weight= 0.75 mean_abs_feat_delta= 0.24611\n"}
,{"stream_name":"stdout","time":881.914999372,"data":"EDGE_TTA_ACTIVE views= 8 mean_abs_feat_delta= 0.361252\n"}
,{"stream_name":"stdout","time":881.915039741,"data":"SECONDARY_EDGE_TTA_ACTIVE views= 8 weight= 0.75 mean_abs_feat_delta= 0.24611\n"}
,{"stream_name":"stdout","time":882.736589316,"data":"SECONDARY_EDGE_TTA_ACTIVE views= 8 weight= 0.75 mean_abs_feat_delta= 0.235636\n"}
,{"stream_name":"stdout","time":882.939102308,"data":"SECONDARY_EDGE_TTA_ACTIVE views= 8 weight= 0.75 mean_abs_feat_delta= 0.235636\n"}
,{"stream_name":"stdout","time":883.225212904,"data":"EDGE_TTA_ACTIVE views= 8 mean_abs_feat_delta= 0.336426\n"}
,{"stream_name":"stdout","time":883.427223973,"data":"EDGE_TTA_ACTIVE views= 8 mean_abs_feat_delta= 0.336426\n"}
,{"stream_name":"stdout","time":884.0581065,"data":"EDGE_TTA_ACTIVE views= 8 mean_abs_feat_delta= 0.357825\n"}
,{"stream_name":"stdout","time":884.234628153,"data":"SECONDARY_EDGE_TTA_ACTIVE views= 8 weight= 0.75 mean_abs_feat_delta= 0.251308\n"}
,{"stream_name":"stdout","time":884.261574374,"data":"EDGE_TTA_ACTIVE views= 8 mean_abs_feat_delta= 0.357825\n"}
,{"stream_name":"stdout","time":884.261741694,"data":"SECONDARY_EDGE_TTA_ACTIVE views= 8 weight= 0.75 mean_abs_feat_delta= 0.251308\n"}
,{"stream_name":"stdout","time":885.078525107,"data":"SECONDARY_EDGE_TTA_ACTIVE views= 8 weight= 0.75 mean_abs_feat_delta= 0.23299\n"}
,{"stream_name":"stdout","time":885.281489407,"data":"SECONDARY_EDGE_TTA_ACTIVE views= 8 weight= 0.75 mean_abs_feat_delta= 0.23299\n"}
,{"stream_name":"stdout","time":885.824857648,"data":"EDGE_TTA_ACTIVE views= 8 mean_abs_feat_delta= 0.336276\n"}
,{"stream_name":"stdout","time":886.027674243,"data":"EDGE_TTA_ACTIVE views= 8 mean_abs_feat_delta= 0.336276\n"}
,{"stream_name":"stdout","time":886.451926359,"data":"EDGE_TTA_ACTIVE views= 8 mean_abs_feat_delta= 0.356818\n"}
,{"stream_name":"stdout","time":886.654251517,"data":"EDGE_TTA_ACTIVE views= 8 mean_abs_feat_delta= 0.356818\n"}
,{"stream_name":"stdout","time":886.835480034,"data":"SECONDARY_EDGE_TTA_ACTIVE views= 8 weight= 0.75 mean_abs_feat_delta= 0.247578\n"}
,{"stream_name":"stdout","time":887.038870155,"data":"SECONDARY_EDGE_TTA_ACTIVE views= 8 weight= 0.75 mean_abs_feat_delta= 0.247578\n"}
,{"stream_name":"stdout","time":887.47952901,"data":"SECONDARY_EDGE_TTA_ACTIVE views= 8 weight= 0.75 mean_abs_feat_delta= 0.232458\n"}
,{"stream_name":"stdout","time":887.72623554,"data":"SECONDARY_EDGE_TTA_ACTIVE views= 8 weight= 0.75 mean_abs_feat_delta= 0.232458\n"}
,{"stream_name":"stdout","time":888.424328922,"data":"EDGE_TTA_ACTIVE views= 8 mean_abs_feat_delta= 0.341791\n"}
,{"stream_name":"stdout","time":888.626961023,"data":"EDGE_TTA_ACTIVE views= 8 mean_abs_feat_delta= 0.341791\n"}
,{"stream_name":"stdout","time":888.797834548,"data":"EDGE_TTA_ACTIVE views= 8 mean_abs_feat_delta= 0.358323\n"}
,{"stream_name":"stdout","time":889.000432734,"data":"EDGE_TTA_ACTIVE views= 8 mean_abs_feat_delta= 0.358323\n"}
,{"stream_name":"stdout","time":889.436609979,"data":"SECONDARY_EDGE_TTA_ACTIVE views= 8 weight= 0.75 mean_abs_feat_delta= 0.251252\n"}
,{"stream_name":"stdout","time":889.639062989,"data":"SECONDARY_EDGE_TTA_ACTIVE views= 8 weight= 0.75 mean_abs_feat_delta= 0.251252\n"}
,{"stream_name":"stdout","time":889.822006305,"data":"SECONDARY_EDGE_TTA_ACTIVE views= 8 weight= 0.75 mean_abs_feat_delta= 0.232166\n"}
,{"stream_name":"stdout","time":890.024842968,"data":"SECONDARY_EDGE_TTA_ACTIVE views= 8 weight= 0.75 mean_abs_feat_delta= 0.232166\n"}
,{"stream_name":"stdout","time":890.965251698,"data":"EDGE_TTA_ACTIVE views= 8 mean_abs_feat_delta= 0.343844\n"}
,{"stream_name":"stdout","time":891.104907856,"data":"EDGE_TTA_ACTIVE views= 8 mean_abs_feat_delta= 0.352135\n"}
,{"stream_name":"stdout","time":891.169167006,"data":"EDGE_TTA_ACTIVE views= 8 mean_abs_feat_delta= 0.343844\n"}
,{"stream_name":"stdout","time":891.169197343,"data":"EDGE_TTA_ACTIVE views= 8 mean_abs_feat_delta= 0.352135\n"}
,{"stream_name":"stdout","time":891.97722085,"data":"SECONDARY_EDGE_TTA_ACTIVE views= 8 weight= 0.75 mean_abs_feat_delta= 0.253581\n"}
,{"stream_name":"stdout","time":892.132921278,"data":"SECONDARY_EDGE_TTA_ACTIVE views= 8 weight= 0.75 mean_abs_feat_delta= 0.232609\n"}
,{"stream_name":"stdout","time":892.179944581,"data":"SECONDARY_EDGE_TTA_ACTIVE views= 8 weight= 0.75 mean_abs_feat_delta= 0.253581\n"}
,{"stream_name":"stdout","time":892.179985732,"data":"SECONDARY_EDGE_TTA_ACTIVE views= 8 weight= 0.75 mean_abs_feat_delta= 0.232609\n"}
,{"stream_name":"stdout","time":893.411987257,"data":"EDGE_TTA_ACTIVE views= 8 mean_abs_feat_delta= 0.351911\n"}
,{"stream_name":"stdout","time":893.446194965,"data":"EDGE_TTA_ACTIVE views= 8 mean_abs_feat_delta= 0.338597\n"}
,{"stream_name":"stdout","time":893.61465793,"data":"EDGE_TTA_ACTIVE views= 8 mean_abs_feat_delta= 0.351911\n"}
,{"stream_name":"stdout","time":893.614691655,"data":"EDGE_TTA_ACTIVE views= 8 mean_abs_feat_delta= 0.338597\n"}
,{"stream_name":"stdout","time":894.439341782,"data":"SECONDARY_EDGE_TTA_ACTIVE views= 8 weight= 0.75 mean_abs_feat_delta= 0.232939\n"}
,{"stream_name":"stdout","time":894.456866933,"data":"SECONDARY_EDGE_TTA_ACTIVE views= 8 weight= 0.75 mean_abs_feat_delta= 0.249457\n"}
,{"stream_name":"stdout","time":894.641892787,"data":"SECONDARY_EDGE_TTA_ACTIVE views= 8 weight= 0.75 mean_abs_feat_delta= 0.232939\n"}
,{"stream_name":"stdout","time":894.641928047,"data":"SECONDARY_EDGE_TTA_ACTIVE views= 8 weight= 0.75 mean_abs_feat_delta= 0.249457\n"}
,{"stream_name":"stdout","time":895.762278837,"data":"EDGE_TTA_ACTIVE views= 8 mean_abs_feat_delta= 0.356519\n"}
,{"stream_name":"stdout","time":895.916384245,"data":"EDGE_TTA_ACTIVE views= 8 mean_abs_feat_delta= 0.334467\n"}
,{"stream_name":"stdout","time":895.965507478,"data":"EDGE_TTA_ACTIVE views= 8 mean_abs_feat_delta= 0.356519\n"}
,{"stream_name":"stdout","time":895.965561998,"data":"EDGE_TTA_ACTIVE views= 8 mean_abs_feat_delta= 0.334467\n"}
,{"stream_name":"stdout","time":896.787643293,"data":"SECONDARY_EDGE_TTA_ACTIVE views= 8 weight= 0.75 mean_abs_feat_delta= 0.231872\n"}
,{"stream_name":"stdout","time":896.93056582,"data":"SECONDARY_EDGE_TTA_ACTIVE views= 8 weight= 0.75 mean_abs_feat_delta= 0.249429\n"}
,{"stream_name":"stdout","time":896.990205948,"data":"SECONDARY_EDGE_TTA_ACTIVE views= 8 weight= 0.75 mean_abs_feat_delta= 0.231872\n"}
,{"stream_name":"stdout","time":896.99032799,"data":"SECONDARY_EDGE_TTA_ACTIVE views= 8 weight= 0.75 mean_abs_feat_delta= 0.249429\n"}
,{"stream_name":"stdout","time":898.14442777,"data":"EDGE_TTA_ACTIVE views= 8 mean_abs_feat_delta= 0.353385\n"}
,{"stream_name":"stdout","time":898.347012821,"data":"EDGE_TTA_ACTIVE views= 8 mean_abs_feat_delta= 0.353385\n"}
,{"stream_name":"stdout","time":898.403926439,"data":"EDGE_TTA_ACTIVE views= 8 mean_abs_feat_delta= 0.334048\n"}
,{"stream_name":"stdout","time":898.606981218,"data":"EDGE_TTA_ACTIVE views= 8 mean_abs_feat_delta= 0.334048\n"}
,{"stream_name":"stdout","time":899.175434041,"data":"SECONDARY_EDGE_TTA_ACTIVE views= 8 weight= 0.75 mean_abs_feat_delta= 0.232685\n"}
,{"stream_name":"stdout","time":899.377851923,"data":"SECONDARY_EDGE_TTA_ACTIVE views= 8 weight= 0.75 mean_abs_feat_delta= 0.232685\n"}
,{"stream_name":"stdout","time":899.415284886,"data":"SECONDARY_EDGE_TTA_ACTIVE views= 8 weight= 0.75 mean_abs_feat_delta= 0.246018\n"}
,{"stream_name":"stdout","time":899.618045636,"data":"SECONDARY_EDGE_TTA_ACTIVE views= 8 weight= 0.75 mean_abs_feat_delta= 0.246018\n"}
,{"stream_name":"stdout","time":900.473242759,"data":"EDGE_TTA_ACTIVE views= 8 mean_abs_feat_delta= 0.351229\n"}
,{"stream_name":"stdout","time":900.675747008,"data":"EDGE_TTA_ACTIVE views= 8 mean_abs_feat_delta= 0.351229\n"}
,{"stream_name":"stdout","time":900.905143836,"data":"EDGE_TTA_ACTIVE views= 8 mean_abs_feat_delta= 0.334845\n"}
,{"stream_name":"stdout","time":901.108650306,"data":"EDGE_TTA_ACTIVE views= 8 mean_abs_feat_delta= 0.334845\n"}
,{"stream_name":"stdout","time":901.501573619,"data":"SECONDARY_EDGE_TTA_ACTIVE views= 8 weight= 0.75 mean_abs_feat_delta= 0.233018\n"}
,{"stream_name":"stdout","time":901.704420662,"data":"SECONDARY_EDGE_TTA_ACTIVE views= 8 weight= 0.75 mean_abs_feat_delta= 0.233018\n"}
,{"stream_name":"stdout","time":901.919051859,"data":"SECONDARY_EDGE_TTA_ACTIVE views= 8 weight= 0.75 mean_abs_feat_delta= 0.244333\n"}
,{"stream_name":"stdout","time":902.121789976,"data":"SECONDARY_EDGE_TTA_ACTIVE views= 8 weight= 0.75 mean_abs_feat_delta= 0.244333\n"}
,{"stream_name":"stdout","time":902.821318741,"data":"EDGE_TTA_ACTIVE views= 8 mean_abs_feat_delta= 0.350705\n"}
,{"stream_name":"stdout","time":903.023662334,"data":"EDGE_TTA_ACTIVE views= 8 mean_abs_feat_delta= 0.350705\n"}
,{"stream_name":"stdout","time":903.381390048,"data":"EDGE_TTA_ACTIVE views= 8 mean_abs_feat_delta= 0.334767\n"}
,{"stream_name":"stdout","time":903.583944021,"data":"EDGE_TTA_ACTIVE views= 8 mean_abs_feat_delta= 0.334767\n"}
,{"stream_name":"stdout","time":903.847240549,"data":"SECONDARY_EDGE_TTA_ACTIVE views= 8 weight= 0.75 mean_abs_feat_delta= 0.234885\n"}
,{"stream_name":"stdout","time":904.04972714,"data":"SECONDARY_EDGE_TTA_ACTIVE views= 8 weight= 0.75 mean_abs_feat_delta= 0.234885\n"}
,{"stream_name":"stdout","time":904.393671955,"data":"SECONDARY_EDGE_TTA_ACTIVE views= 8 weight= 0.75 mean_abs_feat_delta= 0.248241\n"}
,{"stream_name":"stdout","time":904.596462028,"data":"SECONDARY_EDGE_TTA_ACTIVE views= 8 weight= 0.75 mean_abs_feat_delta= 0.248241\n"}
,{"stream_name":"stdout","time":905.227183427,"data":"EDGE_TTA_ACTIVE views= 8 mean_abs_feat_delta= 0.353278\n"}
,{"stream_name":"stdout","time":905.429919401,"data":"EDGE_TTA_ACTIVE views= 8 mean_abs_feat_delta= 0.353278\n"}
,{"stream_name":"stdout","time":905.813059512,"data":"EDGE_TTA_ACTIVE views= 8 mean_abs_feat_delta= 0.330452\n"}
,{"stream_name":"stdout","time":906.01573058,"data":"EDGE_TTA_ACTIVE views= 8 mean_abs_feat_delta= 0.330452\n"}
,{"stream_name":"stdout","time":906.257058564,"data":"SECONDARY_EDGE_TTA_ACTIVE views= 8 weight= 0.75 mean_abs_feat_delta= 0.232744\n"}
,{"stream_name":"stdout","time":906.460088946,"data":"SECONDARY_EDGE_TTA_ACTIVE views= 8 weight= 0.75 mean_abs_feat_delta= 0.232744\n"}
,{"stream_name":"stdout","time":906.827862357,"data":"SECONDARY_EDGE_TTA_ACTIVE views= 8 weight= 0.75 mean_abs_feat_delta= 0.239474\n"}
,{"stream_name":"stdout","time":907.030565167,"data":"SECONDARY_EDGE_TTA_ACTIVE views= 8 weight= 0.75 mean_abs_feat_delta= 0.239474\n"}
,{"stream_name":"stdout","time":907.555812695,"data":"EDGE_TTA_ACTIVE views= 8 mean_abs_feat_delta= 0.358064\n"}
,{"stream_name":"stdout","time":907.758580284,"data":"EDGE_TTA_ACTIVE views= 8 mean_abs_feat_delta= 0.358064\n"}
,{"stream_name":"stdout","time":908.323196922,"data":"EDGE_TTA_ACTIVE views= 8 mean_abs_feat_delta= 0.33197\n"}
,{"stream_name":"stdout","time":908.52577652,"data":"EDGE_TTA_ACTIVE views= 8 mean_abs_feat_delta= 0.33197\n"}
,{"stream_name":"stdout","time":908.583667338,"data":"SECONDARY_EDGE_TTA_ACTIVE views= 8 weight= 0.75 mean_abs_feat_delta= 0.229484\n"}
,{"stream_name":"stdout","time":908.786329452,"data":"SECONDARY_EDGE_TTA_ACTIVE views= 8 weight= 0.75 mean_abs_feat_delta= 0.229484\n"}
,{"stream_name":"stdout","time":909.336887281,"data":"SECONDARY_EDGE_TTA_ACTIVE views= 8 weight= 0.75 mean_abs_feat_delta= 0.247447\n"}
,{"stream_name":"stdout","time":909.540086369,"data":"SECONDARY_EDGE_TTA_ACTIVE views= 8 weight= 0.75 mean_abs_feat_delta= 0.247447\n"}
,{"stream_name":"stdout","time":909.873469775,"data":"EDGE_TTA_ACTIVE views= 8 mean_abs_feat_delta= 0.35946\n"}
,{"stream_name":"stdout","time":910.076345282,"data":"EDGE_TTA_ACTIVE views= 8 mean_abs_feat_delta= 0.35946\n"}
,{"stream_name":"stdout","time":910.744952565,"data":"EDGE_TTA_ACTIVE views= 8 mean_abs_feat_delta= 0.33369\n"}
,{"stream_name":"stdout","time":910.89950071,"data":"SECONDARY_EDGE_TTA_ACTIVE views= 8 weight= 0.75 mean_abs_feat_delta= 0.231302\n"}
,{"stream_name":"stdout","time":910.947866598,"data":"EDGE_TTA_ACTIVE views= 8 mean_abs_feat_delta= 0.33369\n"}
,{"stream_name":"stdout","time":910.947926013,"data":"SECONDARY_EDGE_TTA_ACTIVE views= 8 weight= 0.75 mean_abs_feat_delta= 0.231302\n"}
,{"stream_name":"stdout","time":911.752199412,"data":"SECONDARY_EDGE_TTA_ACTIVE views= 8 weight= 0.75 mean_abs_feat_delta= 0.242876\n"}
,{"stream_name":"stdout","time":911.954902401,"data":"SECONDARY_EDGE_TTA_ACTIVE views= 8 weight= 0.75 mean_abs_feat_delta= 0.242876\n"}
,{"stream_name":"stdout","time":912.211048787,"data":"EDGE_TTA_ACTIVE views= 8 mean_abs_feat_delta= 0.357537\n"}
,{"stream_name":"stdout","time":912.410716979,"data":"EDGE_TTA_ACTIVE views= 8 mean_abs_feat_delta= 0.357537\n"}
,{"stream_name":"stdout","time":913.169181796,"data":"EDGE_TTA_ACTIVE views= 8 mean_abs_feat_delta= 0.335249\n"}
,{"stream_name":"stdout","time":913.231555546,"data":"SECONDARY_EDGE_TTA_ACTIVE views= 8 weight= 0.75 mean_abs_feat_delta= 0.233885\n"}
,{"stream_name":"stdout","time":913.372274855,"data":"EDGE_TTA_ACTIVE views= 8 mean_abs_feat_delta= 0.335249\n"}
,{"stream_name":"stdout","time":913.372331301,"data":"SECONDARY_EDGE_TTA_ACTIVE views= 8 weight= 0.75 mean_abs_feat_delta= 0.233885\n"}
,{"stream_name":"stdout","time":914.179929539,"data":"SECONDARY_EDGE_TTA_ACTIVE views= 8 weight= 0.75 mean_abs_feat_delta= 0.249719\n"}
,{"stream_name":"stdout","time":914.382731561,"data":"SECONDARY_EDGE_TTA_ACTIVE views= 8 weight= 0.75 mean_abs_feat_delta= 0.249719\n"}
,{"stream_name":"stdout","time":914.566038905,"data":"EDGE_TTA_ACTIVE views= 8 mean_abs_feat_delta= 0.357561\n"}
,{"stream_name":"stdout","time":914.768786592,"data":"EDGE_TTA_ACTIVE views= 8 mean_abs_feat_delta= 0.357561\n"}
,{"stream_name":"stdout","time":915.58920994,"data":"SECONDARY_EDGE_TTA_ACTIVE views= 8 weight= 0.75 mean_abs_feat_delta= 0.235923\n"}
,{"stream_name":"stdout","time":915.616228676,"data":"EDGE_TTA_ACTIVE views= 8 mean_abs_feat_delta= 0.33665\n"}
,{"stream_name":"stdout","time":915.792748168,"data":"SECONDARY_EDGE_TTA_ACTIVE views= 8 weight= 0.75 mean_abs_feat_delta= 0.235923\n"}
,{"stream_name":"stdout","time":915.792822269,"data":"EDGE_TTA_ACTIVE views= 8 mean_abs_feat_delta= 0.33665\n"}
,{"stream_name":"stdout","time":916.627878058,"data":"SECONDARY_EDGE_TTA_ACTIVE views= 8 weight= 0.75 mean_abs_feat_delta= 0.250474\n"}
,{"stream_name":"stdout","time":916.830689799,"data":"SECONDARY_EDGE_TTA_ACTIVE views= 8 weight= 0.75 mean_abs_feat_delta= 0.250474\n"}
,{"stream_name":"stdout","time":916.953973215,"data":"EDGE_TTA_ACTIVE views= 8 mean_abs_feat_delta= 0.356691\n"}
,{"stream_name":"stdout","time":917.156672159,"data":"EDGE_TTA_ACTIVE views= 8 mean_abs_feat_delta= 0.356691\n"}
,{"stream_name":"stdout","time":917.97665056,"data":"SECONDARY_EDGE_TTA_ACTIVE views= 8 weight= 0.75 mean_abs_feat_delta= 0.236514\n"}
,{"stream_name":"stdout","time":918.053213118,"data":"EDGE_TTA_ACTIVE views= 8 mean_abs_feat_delta= 0.338336\n"}
,{"stream_name":"stdout","time":918.243596217,"data":"SECONDARY_EDGE_TTA_ACTIVE views= 8 weight= 0.75 mean_abs_feat_delta= 0.236514\n"}
,{"stream_name":"stdout","time":918.243666312,"data":"EDGE_TTA_ACTIVE views= 8 mean_abs_feat_delta= 0.338336\n"}
,{"stream_name":"stdout","time":919.063004303,"data":"SECONDARY_EDGE_TTA_ACTIVE views= 8 weight= 0.75 mean_abs_feat_delta= 0.243806\n"}
,{"stream_name":"stdout","time":919.218149384,"data":"EDGE_TTA_ACTIVE views= 8 mean_abs_feat_delta= 0.360713\n"}
,{"stream_name":"stdout","time":919.265838558,"data":"SECONDARY_EDGE_TTA_ACTIVE views= 8 weight= 0.75 mean_abs_feat_delta= 0.243806\n"}
,{"stream_name":"stdout","time":919.265903489,"data":"EDGE_TTA_ACTIVE views= 8 mean_abs_feat_delta= 0.360713\n"}
,{"stream_name":"stdout","time":920.240971108,"data":"SECONDARY_EDGE_TTA_ACTIVE views= 8 weight= 0.75 mean_abs_feat_delta= 0.236886\n"}
,{"stream_name":"stdout","time":920.443574573,"data":"SECONDARY_EDGE_TTA_ACTIVE views= 8 weight= 0.75 mean_abs_feat_delta= 0.236886\n"}
,{"stream_name":"stdout","time":920.508957231,"data":"EDGE_TTA_ACTIVE views= 8 mean_abs_feat_delta= 0.337788\n"}
,{"stream_name":"stdout","time":920.711327267,"data":"EDGE_TTA_ACTIVE views= 8 mean_abs_feat_delta= 0.337788\n"}
,{"stream_name":"stdout","time":921.509538632,"data":"EDGE_TTA_ACTIVE views= 8 mean_abs_feat_delta= 0.361191\n"}
,{"stream_name":"stdout","time":921.518795535,"data":"SECONDARY_EDGE_TTA_ACTIVE views= 8 weight= 0.75 mean_abs_feat_delta= 0.245508\n"}
,{"stream_name":"stdout","time":921.713268393,"data":"EDGE_TTA_ACTIVE views= 8 mean_abs_feat_delta= 0.361191\n"}
,{"stream_name":"stdout","time":921.713324322,"data":"SECONDARY_EDGE_TTA_ACTIVE views= 8 weight= 0.75 mean_abs_feat_delta= 0.245508\n"}
,{"stream_name":"stdout","time":922.529225603,"data":"SECONDARY_EDGE_TTA_ACTIVE views= 8 weight= 0.75 mean_abs_feat_delta= 0.236659\n"}
,{"stream_name":"stdout","time":922.732072398,"data":"SECONDARY_EDGE_TTA_ACTIVE views= 8 weight= 0.75 mean_abs_feat_delta= 0.236659\n"}
,{"stream_name":"stdout","time":922.960248194,"data":"EDGE_TTA_ACTIVE views= 8 mean_abs_feat_delta= 0.325091\n"}
,{"stream_name":"stdout","time":923.162916959,"data":"EDGE_TTA_ACTIVE views= 8 mean_abs_feat_delta= 0.325091\n"}
,{"stream_name":"stdout","time":923.784581718,"data":"EDGE_TTA_ACTIVE views= 8 mean_abs_feat_delta= 0.363957\n"}
,{"stream_name":"stdout","time":923.968725124,"data":"SECONDARY_EDGE_TTA_ACTIVE views= 8 weight= 0.75 mean_abs_feat_delta= 0.241957\n"}
,{"stream_name":"stdout","time":923.987630878,"data":"EDGE_TTA_ACTIVE views= 8 mean_abs_feat_delta= 0.363957\n"}
,{"stream_name":"stdout","time":923.987675566,"data":"SECONDARY_EDGE_TTA_ACTIVE views= 8 weight= 0.75 mean_abs_feat_delta= 0.241957\n"}
,{"stream_name":"stdout","time":924.803531783,"data":"SECONDARY_EDGE_TTA_ACTIVE views= 8 weight= 0.75 mean_abs_feat_delta= 0.238038\n"}
,{"stream_name":"stdout","time":925.006547072,"data":"SECONDARY_EDGE_TTA_ACTIVE views= 8 weight= 0.75 mean_abs_feat_delta= 0.238038\n"}
,{"stream_name":"stdout","time":925.510709268,"data":"EDGE_TTA_ACTIVE views= 8 mean_abs_feat_delta= 0.32712\n"}
,{"stream_name":"stdout","time":925.713318228,"data":"EDGE_TTA_ACTIVE views= 8 mean_abs_feat_delta= 0.32712\n"}
,{"stream_name":"stdout","time":926.513602499,"data":"SECONDARY_EDGE_TTA_ACTIVE views= 8 weight= 0.75 mean_abs_feat_delta= 0.252361\n"}
,{"stream_name":"stdout","time":926.716481953,"data":"SECONDARY_EDGE_TTA_ACTIVE views= 8 weight= 0.75 mean_abs_feat_delta= 0.252361\n"}
,{"stream_name":"stdout","time":928.267752777,"data":"EDGE_TTA_ACTIVE views= 8 mean_abs_feat_delta= 0.323213\n"}
,{"stream_name":"stdout","time":928.470272729,"data":"EDGE_TTA_ACTIVE views= 8 mean_abs_feat_delta= 0.323213\n"}
,{"stream_name":"stdout","time":929.271420371,"data":"SECONDARY_EDGE_TTA_ACTIVE views= 8 weight= 0.75 mean_abs_feat_delta= 0.245152\n"}
,{"stream_name":"stdout","time":929.474377008,"data":"SECONDARY_EDGE_TTA_ACTIVE views= 8 weight= 0.75 mean_abs_feat_delta= 0.245152\n"}
,{"stream_name":"stdout","time":930.168358831,"data":"Saved 2 predictions to /kaggle/working/tracking_repo/predictions/unknown/unet_transformer_gpu0/split_0\n"}
,{"stream_name":"stdout","time":930.371139264,"data":"Saved 2 predictions to /kaggle/working/tracking_repo/predictions/unknown/unet_transformer_gpu0/split_0\n"}
,{"stream_name":"stdout","time":930.695116606,"data":"EDGE_TTA_ACTIVE views= 8 mean_abs_feat_delta= 0.321976\n"}
,{"stream_name":"stdout","time":930.897973118,"data":"EDGE_TTA_ACTIVE views= 8 mean_abs_feat_delta= 0.321976\n"}
,{"stream_name":"stdout","time":931.693325014,"data":"SECONDARY_EDGE_TTA_ACTIVE views= 8 weight= 0.75 mean_abs_feat_delta= 0.249767\n"}
,{"stream_name":"stdout","time":931.895699249,"data":"SECONDARY_EDGE_TTA_ACTIVE views= 8 weight= 0.75 mean_abs_feat_delta= 0.249767\n"}
,{"stream_name":"stdout","time":933.104217213,"data":"EDGE_TTA_ACTIVE views= 8 mean_abs_feat_delta= 0.323768\n"}
,{"stream_name":"stdout","time":933.306363333,"data":"EDGE_TTA_ACTIVE views= 8 mean_abs_feat_delta= 0.323768\n"}
,{"stream_name":"stdout","time":934.104361041,"data":"SECONDARY_EDGE_TTA_ACTIVE views= 8 weight= 0.75 mean_abs_feat_delta= 0.251085\n"}
,{"stream_name":"stdout","time":934.306447117,"data":"SECONDARY_EDGE_TTA_ACTIVE views= 8 weight= 0.75 mean_abs_feat_delta= 0.251085\n"}
,{"stream_name":"stdout","time":935.553876478,"data":"EDGE_TTA_ACTIVE views= 8 mean_abs_feat_delta= 0.324555\n"}
,{"stream_name":"stdout","time":935.756664204,"data":"EDGE_TTA_ACTIVE views= 8 mean_abs_feat_delta= 0.324555\n"}
,{"stream_name":"stdout","time":936.553694673,"data":"SECONDARY_EDGE_TTA_ACTIVE views= 8 weight= 0.75 mean_abs_feat_delta= 0.240115\n"}
,{"stream_name":"stdout","time":936.75620843,"data":"SECONDARY_EDGE_TTA_ACTIVE views= 8 weight= 0.75 mean_abs_feat_delta= 0.240115\n"}
,{"stream_name":"stdout","time":938.084676849,"data":"EDGE_TTA_ACTIVE views= 8 mean_abs_feat_delta= 0.322809\n"}
,{"stream_name":"stdout","time":938.287698113,"data":"EDGE_TTA_ACTIVE views= 8 mean_abs_feat_delta= 0.322809\n"}
,{"stream_name":"stdout","time":939.082505969,"data":"SECONDARY_EDGE_TTA_ACTIVE views= 8 weight= 0.75 mean_abs_feat_delta= 0.247767\n"}
,{"stream_name":"stdout","time":939.285261813,"data":"SECONDARY_EDGE_TTA_ACTIVE views= 8 weight= 0.75 mean_abs_feat_delta= 0.247767\n"}
,{"stream_name":"stdout","time":940.619926421,"data":"EDGE_TTA_ACTIVE views= 8 mean_abs_feat_delta= 0.322603\n"}
,{"stream_name":"stdout","time":940.822496006,"data":"EDGE_TTA_ACTIVE views= 8 mean_abs_feat_delta= 0.322603\n"}
,{"stream_name":"stdout","time":941.617047287,"data":"SECONDARY_EDGE_TTA_ACTIVE views= 8 weight= 0.75 mean_abs_feat_delta= 0.251849\n"}
,{"stream_name":"stdout","time":941.820170638,"data":"SECONDARY_EDGE_TTA_ACTIVE views= 8 weight= 0.75 mean_abs_feat_delta= 0.251849\n"}
,{"stream_name":"stdout","time":943.170240099,"data":"EDGE_TTA_ACTIVE views= 8 mean_abs_feat_delta= 0.324787\n"}
,{"stream_name":"stdout","time":943.372760947,"data":"EDGE_TTA_ACTIVE views= 8 mean_abs_feat_delta= 0.324787\n"}
,{"stream_name":"stdout","time":944.167898062,"data":"SECONDARY_EDGE_TTA_ACTIVE views= 8 weight= 0.75 mean_abs_feat_delta= 0.251337\n"}
,{"stream_name":"stdout","time":944.370869785,"data":"SECONDARY_EDGE_TTA_ACTIVE views= 8 weight= 0.75 mean_abs_feat_delta= 0.251337\n"}
,{"stream_name":"stdout","time":945.733831287,"data":"EDGE_TTA_ACTIVE views= 8 mean_abs_feat_delta= 0.328006\n"}
,{"stream_name":"stdout","time":945.93624406,"data":"EDGE_TTA_ACTIVE views= 8 mean_abs_feat_delta= 0.328006\n"}
,{"stream_name":"stdout","time":946.735574164,"data":"SECONDARY_EDGE_TTA_ACTIVE views= 8 weight= 0.75 mean_abs_feat_delta= 0.245223\n"}
,{"stream_name":"stdout","time":946.938641475,"data":"SECONDARY_EDGE_TTA_ACTIVE views= 8 weight= 0.75 mean_abs_feat_delta= 0.245223\n"}
,{"stream_name":"stdout","time":948.233417781,"data":"EDGE_TTA_ACTIVE views= 8 mean_abs_feat_delta= 0.327848\n"}
,{"stream_name":"stdout","time":948.475220302,"data":"EDGE_TTA_ACTIVE views= 8 mean_abs_feat_delta= 0.327848\n"}
,{"stream_name":"stdout","time":949.241081284,"data":"SECONDARY_EDGE_TTA_ACTIVE views= 8 weight= 0.75 mean_abs_feat_delta= 0.244281\n"}
,{"stream_name":"stdout","time":949.443248686,"data":"SECONDARY_EDGE_TTA_ACTIVE views= 8 weight= 0.75 mean_abs_feat_delta= 0.244281\n"}
,{"stream_name":"stdout","time":950.737987211,"data":"EDGE_TTA_ACTIVE views= 8 mean_abs_feat_delta= 0.327032\n"}
,{"stream_name":"stdout","time":950.940320066,"data":"EDGE_TTA_ACTIVE views= 8 mean_abs_feat_delta= 0.327032\n"}
,{"stream_name":"stdout","time":951.739494838,"data":"SECONDARY_EDGE_TTA_ACTIVE views= 8 weight= 0.75 mean_abs_feat_delta= 0.248899\n"}
,{"stream_name":"stdout","time":951.941800002,"data":"SECONDARY_EDGE_TTA_ACTIVE views= 8 weight= 0.75 mean_abs_feat_delta= 0.248899\n"}
,{"stream_name":"stdout","time":1046.370972973,"data":"Saved 2 predictions to /kaggle/working/tracking_repo/predictions/unknown/unet_transformer_gpu1/split_0\n"}
,{"stream_name":"stdout","time":1046.615812498,"data":"Saved 2 predictions to /kaggle/working/tracking_repo/predictions/unknown/unet_transformer_gpu1/split_0\n"}
,{"stream_name":"stdout","time":1049.738269434,"data":"Merged 4 prediction graphs into /kaggle/working/tracking_repo/predictions/unknown/unet_transformer/split_0\n"}
,{"stream_name":"stdout","time":1049.738340136,"data":"Prediction completed in 10.24 minutes\n"}
,{"stream_name":"stdout","time":1050.425026696,"data":"Trying DeepCenter add-only gate checkpoint: /kaggle/input/datasets/pilkwang/biohub-deepcenter-unet3d-center-prior-v1/weights/full_frame_center/best.pt\n"}
,{"stream_name":"stdout","time":1050.831082049,"data":"Loaded DeepCenter add-only gate checkpoint: /kaggle/input/datasets/pilkwang/biohub-deepcenter-unet3d-center-prior-v1/weights/full_frame_center/best.pt\n"}
,{"stream_name":"stdout","time":1050.831147834,"data":"DeepCenter checkpoint epoch: 2 best_score: -0.04500306242456039\n"}
,{"stream_name":"stdout","time":1050.83115717,"data":"DivNet mitosis checkpoint not found. Operating in geometric baseline mode.\n"}
,{"stream_name":"stdout","time":1050.831164065,"data":"Found 4 prediction graphs\n"}
,{"stream_name":"stdout","time":1050.831196962,"data":"Executing parallel post-processing across 4 datasets (ThreadPoolExecutor max_workers=4)...\n"}
,{"stream_name":"stdout","time":1051.737479426,"data":"  [6bba_05b6850b] Density Group: LOW -\u003e tight=7.25um, relaxed=11.0um, bonus=3.0\n"}
,{"stream_name":"stdout","time":1052.478604425,"data":"  [44b6_0b24845f] Density Group: MIDDLE -\u003e tight=6.5um, relaxed=9.0um, bonus=6.0\n"}
,{"stream_name":"stdout","time":1052.691713379,"data":"  [44b6_0113de3b] Density Group: MIDDLE -\u003e tight=6.5um, relaxed=9.0um, bonus=6.0\n"}
,{"stream_name":"stdout","time":1053.820801853,"data":"  [6bba_05db0fb1] Density Group: HIGH -\u003e tight=5.5um, relaxed=10.0um, bonus=1.0\n"}
,{"stream_name":"stdout","time":1063.840145962,"data":"  [6bba_05b6850b] after edge-filter+motion-relink: 6311 nodes, 6053 edges\n"}
,{"stream_name":"stdout","time":1069.07437436,"data":"DEEPCENTER_TTA_ACTIVE views= 8 mean_abs_logit_delta= 0.139295\n"}
,{"stream_name":"stdout","time":1074.259374116,"data":"  [6bba_05b6850b] after gap-closing (single-frame + gap2): 6343 nodes, 6110 edges\n"}
,{"stream_name":"stdout","time":1117.673963292,"data":"  [6bba_05b6850b] after safe-division repair: 6343 nodes, 6118 edges (geometric_candidates=20, deepcenter_rejected=12, post_veto_candidates=8, added=8, cap_skipped=0, mutual_nn_rejected=5, divergence_rejected=82)\n"}
,{"stream_name":"stdout","time":1117.674008165,"data":"  [6bba_05b6850b] after division-geometry-filter+prune-isolated: 6343 nodes, 6118 edges\n"}
,{"stream_name":"stdout","time":1117.674016315,"data":"  [6bba_05b6850b] after short-track filtering: 6313 nodes, 6096 edges (components_removed=8)\n"}
,{"stream_name":"stdout","time":1120.609492398,"data":"  [6bba_05b6850b] after kinematic-filter (low): 6096 edges (severed=0)\n"}
,{"stream_name":"stdout","time":1120.609569656,"data":"  [6bba_05b6850b] FINAL: 6313 nodes, 6096 edges\n"}
,{"stream_name":"stdout","time":1120.60963726,"data":"  [6bba_05b6850b] post-process done: 6313 nodes, 6096 edges, 8 divisions\n"}
,{"stream_name":"stdout","time":1355.522778713,"data":"  [44b6_0b24845f] after edge-filter+motion-relink: 21405 nodes, 19351 edges\n"}
,{"stream_name":"stdout","time":1403.534548225,"data":"  [44b6_0b24845f] after gap-closing (single-frame + gap2): 21773 nodes, 20016 edges\n"}
,{"stream_name":"stdout","time":1435.84015834,"data":"  [44b6_0113de3b] after edge-filter+motion-relink: 25863 nodes, 25057 edges\n"}
,{"stream_name":"stdout","time":1444.960593717,"data":"  [44b6_0113de3b] after gap-closing (single-frame + gap2): 25926 nodes, 25172 edges\n"}
,{"stream_name":"stdout","time":1480.728692568,"data":"  [44b6_0b24845f] after safe-division repair: 21773 nodes, 20029 edges (geometric_candidates=230, deepcenter_rejected=217, post_veto_candidates=13, added=13, cap_skipped=0, mutual_nn_rejected=63, divergence_rejected=946)\n"}
,{"stream_name":"stdout","time":1480.72874112,"data":"  [44b6_0b24845f] after division-geometry-filter+prune-isolated: 21761 nodes, 20029 edges\n"}
,{"stream_name":"stdout","time":1481.174684285,"data":"  [44b6_0b24845f] after short-track filtering: 21168 nodes, 19587 edges (components_removed=151)\n"}
,{"stream_name":"stdout","time":1487.189556471,"data":"  [44b6_0b24845f] after kinematic-filter (middle): 19587 edges (severed=0)\n"}
,{"stream_name":"stdout","time":1487.189618397,"data":"  [44b6_0b24845f] FINAL: 21168 nodes, 19587 edges\n"}
,{"stream_name":"stdout","time":1487.189626423,"data":"  [44b6_0b24845f] post-process done: 21168 nodes, 19587 edges, 13 divisions\n"}
,{"stream_name":"stdout","time":1498.261827217,"data":"  [44b6_0113de3b] after safe-division repair: 25926 nodes, 25213 edges (geometric_candidates=162, deepcenter_rejected=117, post_veto_candidates=45, added=41, cap_skipped=0, mutual_nn_rejected=58, divergence_rejected=454)\n"}
,{"stream_name":"stdout","time":1498.261912683,"data":"  [44b6_0113de3b] after division-geometry-filter+prune-isolated: 25924 nodes, 25213 edges\n"}
,{"stream_name":"stdout","time":1498.261921627,"data":"  [44b6_0113de3b] after short-track filtering: 25888 nodes, 25186 edges (components_removed=9)\n"}
,{"stream_name":"stdout","time":1506.602349231,"data":"  [44b6_0113de3b] after kinematic-filter (middle): 25186 edges (severed=0)\n"}
,{"stream_name":"stdout","time":1508.474683014,"data":"  [44b6_0113de3b] 050b Shielded Mitosis added 6 high-confidence division edges.\n"}
,{"stream_name":"stdout","time":1508.474727829,"data":"  [44b6_0113de3b] FINAL: 25888 nodes, 25192 edges\n"}
,{"stream_name":"stdout","time":1508.474736871,"data":"  [44b6_0113de3b] post-process done: 25888 nodes, 25192 edges, 47 divisions\n"}
,{"stream_name":"stdout","time":1647.032492695,"data":"  [6bba_05db0fb1] after edge-filter+motion-relink: 70419 nodes, 67806 edges\n"}
,{"stream_name":"stdout","time":1657.358321809,"data":"  [6bba_05db0fb1] after gap-closing (single-frame + gap2): 70822 nodes, 68557 edges\n"}
,{"stream_name":"stdout","time":1684.756234388,"data":"  [6bba_05db0fb1] after safe-division repair: 70822 nodes, 68573 edges (geometric_candidates=279, deepcenter_rejected=262, post_veto_candidates=17, added=16, cap_skipped=0, mutual_nn_rejected=243, divergence_rejected=2482)\n"}
,{"stream_name":"stdout","time":1684.75628085,"data":"  [6bba_05db0fb1] after division-geometry-filter+prune-isolated: 70815 nodes, 68573 edges\n"}
,{"stream_name":"stdout","time":1685.468572015,"data":"  [6bba_05db0fb1] after short-track filtering: 70650 nodes, 68452 edges (components_removed=44)\n"}
,{"stream_name":"stdout","time":1701.68834536,"data":"  [6bba_05db0fb1] after kinematic-filter (high): 68452 edges (severed=0)\n"}
,{"stream_name":"stdout","time":1706.262318883,"data":"  [6bba_05db0fb1] 050b Shielded Mitosis added 15 high-confidence division edges.\n"}
,{"stream_name":"stdout","time":1706.262381727,"data":"  [6bba_05db0fb1] FINAL: 70650 nodes, 68467 edges\n"}
,{"stream_name":"stdout","time":1706.262391453,"data":"  [6bba_05db0fb1] post-process done: 70650 nodes, 68467 edges, 31 divisions\n"}
,{"stream_name":"stdout","time":1707.465839501,"data":"Executing strict multi-point submission validation...\n"}
,{"stream_name":"stdout","time":1707.523400289,"data":"[PASS] 100% strict submission validation checks passed successfully!\n"}
,{"stream_name":"stdout","time":1707.523441857,"data":"Wrote /kaggle/working/submission.csv with 243,361 rows\n"}
,{"stream_name":"stdout","time":1707.52344686,"data":"Node rows: 124,019 | edge rows: 119,342\n"}
,{"stream_name":"stdout","time":1707.523450845,"data":"Wrote /kaggle/working/run_stats.csv\n"}
,{"stream_name":"stdout","time":1708.542381863,"data":"{\n"}
,{"stream_name":"stdout","time":1708.542430245,"data":"  \"configuration\": {\n"}
,{"stream_name":"stdout","time":1708.542439706,"data":"    \"bidirectional_primary_weight\": 0.3,\n"}
,{"stream_name":"stdout","time":1708.54244782,"data":"    \"deepcenter_gap_confirm_min_span_um\": 8.5,\n"}
,{"stream_name":"stdout","time":1708.542453889,"data":"    \"deepcenter_gap_threshold\": 0.25,\n"}
,{"stream_name":"stdout","time":1708.542459943,"data":"    \"detector_threshold\": 0.96875,\n"}
,{"stream_name":"stdout","time":1708.542465235,"data":"    \"edge_candidate_threshold\": 0.48,\n"}
,{"stream_name":"stdout","time":1708.54247121,"data":"    \"fallback_scope\": \"individual_frame\",\n"}
,{"stream_name":"stdout","time":1708.542477837,"data":"    \"gap_close_um\": 5.8,\n"}
,{"stream_name":"stdout","time":1708.542483083,"data":"    \"ilp_appearance_weight\": 0.0,\n"}
,{"stream_name":"stdout","time":1708.542488195,"data":"    \"ilp_disappearance_weight\": 1.5,\n"}
,{"stream_name":"stdout","time":1708.542511018,"data":"    \"minimum_candidate_retention\": 0.9,\n"}
,{"stream_name":"stdout","time":1708.542515245,"data":"    \"secondary_detection_weight\": 0.475,\n"}
,{"stream_name":"stdout","time":1708.542519157,"data":"    \"secondary_edge_weight\": 0.15,\n"}
,{"stream_name":"stdout","time":1708.542524946,"data":"    \"secondary_link_mode\": \"low_margin_consensus\",\n"}
,{"stream_name":"stdout","time":1708.542533341,"data":"    \"secondary_low_margin_max\": 0.35\n"}
,{"stream_name":"stdout","time":1708.54253639,"data":"  },\n"}
,{"stream_name":"stdout","time":1708.542538912,"data":"  \"diagnostics\": {\n"}
,{"stream_name":"stdout","time":1708.542541596,"data":"    \"by_movie\": {\n"}
,{"stream_name":"stdout","time":1708.542559372,"data":"      \"44b6_0113de3b\": {\n"}
,{"stream_name":"stdout","time":1708.542564153,"data":"        \"fallback_frames\": 0,\n"}
,{"stream_name":"stdout","time":1708.54256891,"data":"        \"frames\": 100,\n"}
,{"stream_name":"stdout","time":1708.542573432,"data":"        \"median_retention\": 1.0105263157894737,\n"}
,{"stream_name":"stdout","time":1708.542578291,"data":"        \"minimum_retention\": 0.9896551724137931\n"}
,{"stream_name":"stdout","time":1708.5425829,"data":"      },\n"}
,{"stream_name":"stdout","time":1708.54258713,"data":"      \"44b6_0b24845f\": {\n"}
,{"stream_name":"stdout","time":1708.542591869,"data":"        \"fallback_frames\": 93,\n"}
,{"stream_name":"stdout","time":1708.542595849,"data":"        \"frames\": 100,\n"}
,{"stream_name":"stdout","time":1708.54259961,"data":"        \"median_retention\": 0.7697758838383838,\n"}
,{"stream_name":"stdout","time":1708.542604121,"data":"        \"minimum_retention\": 0.21397379912663755\n"}
,{"stream_name":"stdout","time":1708.542608064,"data":"      },\n"}
,{"stream_name":"stdout","time":1708.542611928,"data":"      \"6bba_05b6850b\": {\n"}
,{"stream_name":"stdout","time":1708.542615745,"data":"        \"fallback_frames\": 0,\n"}
,{"stream_name":"stdout","time":1708.542619516,"data":"        \"frames\": 100,\n"}
,{"stream_name":"stdout","time":1708.542623231,"data":"        \"median_retention\": 1.0130769230769232,\n"}
,{"stream_name":"stdout","time":1708.542627093,"data":"        \"minimum_retention\": 0.9012345679012346\n"}
,{"stream_name":"stdout","time":1708.542630991,"data":"      },\n"}
,{"stream_name":"stdout","time":1708.54263452,"data":"      \"6bba_05db0fb1\": {\n"}
,{"stream_name":"stdout","time":1708.542638283,"data":"        \"fallback_frames\": 0,\n"}
,{"stream_name":"stdout","time":1708.54264203,"data":"        \"frames\": 100,\n"}
,{"stream_name":"stdout","time":1708.542645951,"data":"        \"median_retention\": 1.0097059298321136,\n"}
,{"stream_name":"stdout","time":1708.542650577,"data":"        \"minimum_retention\": 0.9745508982035929\n"}
,{"stream_name":"stdout","time":1708.54265552,"data":"      }\n"}
,{"stream_name":"stdout","time":1708.542659773,"data":"    },\n"}
,{"stream_name":"stdout","time":1708.54266418,"data":"    \"fallback_frames\": 93,\n"}
,{"stream_name":"stdout","time":1708.542668851,"data":"    \"rows\": 400\n"}
,{"stream_name":"stdout","time":1708.542672829,"data":"  },\n"}
,{"stream_name":"stdout","time":1708.542676798,"data":"  \"experiment\": \"harmonic_bidirectional_association_v1\",\n"}
,{"stream_name":"stdout","time":1708.54268185,"data":"  \"hardware\": {\n"}
,{"stream_name":"stdout","time":1708.542686167,"data":"    \"visible_gpu_count\": 2\n"}
,{"stream_name":"stdout","time":1708.542689872,"data":"  },\n"}
,{"stream_name":"stdout","time":1708.542693413,"data":"  \"leaderboard_feedback_used_for_configuration\": true,\n"}
,{"stream_name":"stdout","time":1708.54270247,"data":"  \"method_attribution\": \"fixed-90 dual-seed baseline with harmonic mutual-support association fusion (rule from public CC0 notebook yusuketogashi/no-hack-biohub-cell-another-approch-3rd v18)\",\n"}
,{"stream_name":"stdout","time":1708.542707369,"data":"  \"metric_hack_used\": false,\n"}
,{"stream_name":"stdout","time":1708.542711311,"data":"  \"organizer_labels_used_for_configuration\": false,\n"}
,{"stream_name":"stdout","time":1708.542715304,"data":"  \"parent_experiment\": \"paired_bidirectional_primary_weight020_vs_forward_v1\",\n"}
,{"stream_name":"stdout","time":1708.542737863,"data":"  \"public_output_used\": false,\n"}
,{"stream_name":"stdout","time":1708.542742753,"data":"  \"quality_promotion\": {\n"}
,{"stream_name":"stdout","time":1708.542747393,"data":"    \"execute_push_submit\": \"FORBIDDEN_UNTIL_REQUIRED_CONDITION\",\n"}
,{"stream_name":"stdout","time":1708.542754706,"data":"    \"required_condition\": \"promote=true\",\n"}
,{"stream_name":"stdout","time":1708.542760238,"data":"    \"required_receipt\": \"bidirectional_blend_union13_receipt.json\",\n"}
,{"stream_name":"stdout","time":1708.542765378,"data":"    \"status\": \"candidate_unverified\",\n"}
,{"stream_name":"stdout","time":1708.542770324,"data":"    \"validated_receipt_sha256\": null\n"}
,{"stream_name":"stdout","time":1708.542774604,"data":"  },\n"}
,{"stream_name":"stdout","time":1708.542778764,"data":"  \"source_kernel\": \"raykkretzschmar/biohub-bidirectional-primary-union13-diagnostic-v1\",\n"}
,{"stream_name":"stdout","time":1708.542783221,"data":"  \"source_notebook_sha256\": \"3e65ca691941949196bf417030ea84fccafe16baaec174b2a63540451bb937e8\",\n"}
,{"stream_name":"stdout","time":1708.542787314,"data":"  \"status\": \"clean_graph_audit_pass_candidate_unverified_quality\",\n"}
,{"stream_name":"stdout","time":1708.542791571,"data":"  \"submission\": {\n"}
,{"stream_name":"stdout","time":1708.542795958,"data":"    \"datasets\": [\n"}
,{"stream_name":"stdout","time":1708.542800105,"data":"      \"44b6_0113de3b\",\n"}
,{"stream_name":"stdout","time":1708.542804338,"data":"      \"44b6_0b24845f\",\n"}
,{"stream_name":"stdout","time":1708.542808201,"data":"      \"6bba_05b6850b\",\n"}
,{"stream_name":"stdout","time":1708.542812187,"data":"      \"6bba_05db0fb1\"\n"}
,{"stream_name":"stdout","time":1708.542816233,"data":"    ],\n"}
,{"stream_name":"stdout","time":1708.542820803,"data":"    \"rows\": 243361,\n"}
,{"stream_name":"stdout","time":1708.542825501,"data":"    \"sha256\": \"b5aa0349e3ec8d9e730c56996fc893bc9f0981ae6fee4d1b1d87008567e0b5bd\"\n"}
,{"stream_name":"stdout","time":1708.542830586,"data":"  },\n"}
,{"stream_name":"stdout","time":1708.542834584,"data":"  \"topology\": {\n"}
,{"stream_name":"stdout","time":1708.542839494,"data":"    \"44b6_0113de3b\": {\n"}
,{"stream_name":"stdout","time":1708.542844336,"data":"      \"division_parents\": 47,\n"}
,{"stream_name":"stdout","time":1708.54284937,"data":"      \"edges\": 25192,\n"}
,{"stream_name":"stdout","time":1708.542853389,"data":"      \"max_indegree\": 1,\n"}
,{"stream_name":"stdout","time":1708.542857353,"data":"      \"max_outdegree\": 2,\n"}
,{"stream_name":"stdout","time":1708.542863445,"data":"      \"nodes\": 25888\n"}
,{"stream_name":"stdout","time":1708.542867555,"data":"    },\n"}
,{"stream_name":"stdout","time":1708.542871325,"data":"    \"44b6_0b24845f\": {\n"}
,{"stream_name":"stdout","time":1708.542875183,"data":"      \"division_parents\": 13,\n"}
,{"stream_name":"stdout","time":1708.542879224,"data":"      \"edges\": 19587,\n"}
,{"stream_name":"stdout","time":1708.542888087,"data":"      \"max_indegree\": 1,\n"}
,{"stream_name":"stdout","time":1708.542892123,"data":"      \"max_outdegree\": 2,\n"}
,{"stream_name":"stdout","time":1708.542896778,"data":"      \"nodes\": 21168\n"}
,{"stream_name":"stdout","time":1708.542901821,"data":"    },\n"}
,{"stream_name":"stdout","time":1708.542906624,"data":"    \"6bba_05b6850b\": {\n"}
,{"stream_name":"stdout","time":1708.54291132,"data":"      \"division_parents\": 8,\n"}
,{"stream_name":"stdout","time":1708.542915554,"data":"      \"edges\": 6096,\n"}
,{"stream_name":"stdout","time":1708.542919078,"data":"      \"max_indegree\": 1,\n"}
,{"stream_name":"stdout","time":1708.542923123,"data":"      \"max_outdegree\": 2,\n"}
,{"stream_name":"stdout","time":1708.542927153,"data":"      \"nodes\": 6313\n"}
,{"stream_name":"stdout","time":1708.542931653,"data":"    },\n"}
,{"stream_name":"stdout","time":1708.542935696,"data":"    \"6bba_05db0fb1\": {\n"}
,{"stream_name":"stdout","time":1708.542940169,"data":"      \"division_parents\": 31,\n"}
,{"stream_name":"stdout","time":1708.542943916,"data":"      \"edges\": 68467,\n"}
,{"stream_name":"stdout","time":1708.542947538,"data":"      \"max_indegree\": 1,\n"}
,{"stream_name":"stdout","time":1708.542951055,"data":"      \"max_outdegree\": 2,\n"}
,{"stream_name":"stdout","time":1708.542955202,"data":"      \"nodes\": 70650\n"}
,{"stream_name":"stdout","time":1708.542959555,"data":"    }\n"}
,{"stream_name":"stdout","time":1708.542963762,"data":"  }\n"}
,{"stream_name":"stdout","time":1708.5429679,"data":"}\n"}
,{"stream_name":"stdout","time":1709.146221197,"data":"Total submission rows: 243,361\n"}
,{"stream_name":"stderr","time":1715.238529158,"data":"/usr/local/lib/python3.12/dist-packages/mistune.py:435: SyntaxWarning: invalid escape sequence '\\|'\n"}
,{"stream_name":"stderr","time":1715.238578636,"data":"  cells[i][c] = re.sub('\\\\\\\\\\|', '|', cell)\n"}
,{"stream_name":"stderr","time":1715.413051126,"data":"/usr/local/lib/python3.12/dist-packages/nbconvert/filters/filter_links.py:36: SyntaxWarning: invalid escape sequence '\\_'\n"}
,{"stream_name":"stderr","time":1715.413088068,"data":"  text = re.sub(r'_', '\\_', text) # Escape underscores in display text\n"}
,{"stream_name":"stderr","time":1716.22508922,"data":"[NbConvertApp] Converting notebook __notebook__.ipynb to notebook\n"}
,{"stream_name":"stderr","time":1716.728968937,"data":"[NbConvertApp] Writing 512040 bytes to __notebook__.ipynb\n"}
,{"stream_name":"stderr","time":1719.730277118,"data":"[NbConvertApp] Converting notebook __notebook__.ipynb to html\n"}
,{"stream_name":"stderr","time":1721.495366338,"data":"[NbConvertApp] Support files will be in __results___files/\n"}
,{"stream_name":"stderr","time":1721.495459257,"data":"[NbConvertApp] Making directory __results___files\n"}
,{"stream_name":"stderr","time":1721.495673423,"data":"[NbConvertApp] Writing 1261899 bytes to __results__.html\n"}
]